"signature"	"BetweennessCentrality"	"gene"	"rank_by_BC"	"PPI_cat"
"HiG_0"	287	"Gata2"	221	"HiG"
"HiG_0"	44038	"App"	1	"HiG"
"HiG_0"	1129	"Csf1r"	79	"HiG"
"HiG_0"	292	"Gadd45a"	219	"HiG"
"HiG_0"	1910	"Daxx"	56	"HiG"
"HiG_0"	3160	"Bcl2"	33	"HiG"
"HiG_0"	3	"Ncf4"	348	"HiG"
"HiG_0"	0	"Atrnl1"	464	"HiG"
"HiG_0"	46	"Map3k8"	285	"HiG"
"HiG_0"	221	"Flt1"	237.5	"HiG"
"HiG_0"	4861	"Itgb2"	19	"HiG"
"HiG_0"	623	"Cd27"	141.5	"HiG"
"HiG_0"	413	"Pnkp"	197	"HiG"
"HiG_0"	1450	"Dab2"	63	"HiG"
"HiG_0"	2701	"Il6st"	40	"HiG"
"HiG_0"	29	"Id2"	298	"HiG"
"HiG_0"	28	"Hivep3"	299	"HiG"
"HiG_0"	323	"Plxnb2"	214	"HiG"
"HiG_0"	189	"Gfi1"	246	"HiG"
"HiG_0"	4132	"Slc29a1"	25	"HiG"
"HiG_0"	0	"Dctd"	464	"HiG"
"HiG_0"	916	"Lzts2"	107	"HiG"
"HiG_0"	0	"Agtrap"	464	"HiG"
"HiG_0"	0	"Dctpp1"	464	"HiG"
"HiG_0"	0	"Acy1"	464	"HiG"
"HiG_0"	242	"Srpk2"	232.5	"HiG"
"HiG_0"	0	"Mad1l1"	464	"HiG"
"HiG_0"	1348	"Satb1"	71	"HiG"
"HiG_0"	3638	"Actn1"	30	"HiG"
"HiG_0"	9	"Dach1"	326.5	"HiG"
"HiG_0"	39	"Sat1"	290.5	"HiG"
"HiG_0"	0	"Cbx2"	464	"HiG"
"HiG_0"	8	"Nme4"	329.5	"HiG"
"HiG_0"	3156	"Isg15"	34	"HiG"
"HiG_0"	76	"Hook1"	273	"HiG"
"HiG_0"	114	"Dusp6"	262	"HiG"
"HiG_0"	542	"Fth1"	173	"HiG"
"HiG_0"	782	"Nrip1"	117.5	"HiG"
"HiG_0"	718	"Vasp"	127	"HiG"
"HiG_0"	1040	"Bnip3"	94	"HiG"
"HiG_0"	46	"Sirpa"	285	"HiG"
"HiG_0"	1	"Plac8"	358	"HiG"
"HiG_0"	0	"Eif1ad"	464	"HiG"
"HiG_0"	5	"Eps8"	335.5	"HiG"
"HiG_0"	295	"Trip6"	218	"HiG"
"HiG_0"	1071	"Gemin6"	90	"HiG"
"HiG_0"	246	"Ncf1"	230.5	"HiG"
"HiG_0"	10018	"Pml"	8	"HiG"
"HiG_0"	18539	"Jun"	3	"HiG"
"HiG_0"	0	"Raph1"	464	"HiG"
"HiG_0"	0	"Btg2"	464	"HiG"
"HiG_0"	235	"Atad3a"	234	"HiG"
"HiG_0"	439	"Cdk6"	192	"HiG"
"HiG_0"	1096	"Dstn"	83	"HiG"
"HiG_0"	2184	"Lyar"	48	"HiG"
"HiG_0"	1245	"S100a9"	72	"HiG"
"HiG_0"	297	"Bag2"	217	"HiG"
"HiG_0"	34	"Bzw2"	294	"HiG"
"HiG_0"	7	"Ak1"	332	"HiG"
"HiG_0"	222	"Plod2"	236	"HiG"
"HiG_0"	856	"Stom"	112	"HiG"
"HiG_0"	22	"Afap1l1"	304	"HiG"
"HiG_0"	9	"Osgep"	326.5	"HiG"
"HiG_0"	2533	"Mov10"	42	"HiG"
"HiG_0"	73	"Anxa1"	274.5	"HiG"
"HiG_0"	11828	"Nolc1"	6	"HiG"
"HiG_0"	9456	"Fbl"	9	"HiG"
"HiG_0"	0	"Ddt"	464	"HiG"
"HiG_0"	1966	"S100a8"	55	"HiG"
"HiG_0"	5704	"Prmt1"	17	"HiG"
"HiG_0"	0	"Psph"	464	"HiG"
"HiG_0"	782	"Pa2g4"	117.5	"HiG"
"HiG_0"	7764	"Lgals3bp"	10	"HiG"
"HiG_0"	0	"Als2cl"	464	"HiG"
"HiG_0"	2005	"Tnf"	53	"HiG"
"HiG_0"	7268	"Ddx21"	11	"HiG"
"HiG_0"	18864	"Myc"	2	"HiG"
"HiG_0"	0	"Msh6"	464	"HiG"
"HiG_0"	1128	"Mybbp1a"	80	"HiG"
"HiG_0"	85	"Fabp5"	272	"HiG"
"HiG_0"	332	"Med21"	212	"HiG"
"HiG_0"	420	"Bcl3"	195	"HiG"
"HiG_0"	1437	"Mapk3"	64	"HiG"
"HiG_0"	4981	"Cebpa"	18	"HiG"
"HiG_0"	3404	"Fyn"	32	"HiG"
"HiG_0"	732	"Lck"	125	"HiG"
"HiG_0"	3545	"Tnfrsf1b"	31	"HiG"
"HiG_0"	3756	"Smad3"	28	"HiG"
"HiG_0"	903	"Myb"	109	"HiG"
"HiG_0"	530	"Exosc2"	176.5	"HiG"
"HiG_0"	301	"Dnmt3b"	216	"HiG"
"HiG_0"	0	"Cxcr2"	464	"HiG"
"HiG_0"	2332	"Hsph1"	46	"HiG"
"HiG_0"	0	"Fchsd2"	464	"HiG"
"HiG_0"	4	"Ncs1"	340.5	"HiG"
"HiG_0"	604	"Slc12a2"	146	"HiG"
"HiG_0"	0	"Arhgef18"	464	"HiG"
"HiG_0"	10053	"Itgam"	7	"HiG"
"HiG_0"	0	"Cd84"	464	"HiG"
"HiG_0"	708	"Il1r1"	129	"HiG"
"HiG_0"	4202	"Lrpap1"	22	"HiG"
"HiG_0"	43	"Atf5"	287	"HiG"
"HiG_0"	357	"Gca"	208	"HiG"
"HiG_0"	3921	"Gja1"	27	"HiG"
"HiG_0"	2717	"Cd74"	39	"HiG"
"HiG_0"	13	"S100a6"	317	"HiG"
"HiG_0"	62	"Hipk1"	278	"HiG"
"HiG_0"	0	"Hmga2"	464	"HiG"
"HiG_0"	0	"Dtx3l"	464	"HiG"
"HiG_0"	2749	"Ppia"	38	"HiG"
"HiG_0"	775	"Nfix"	119	"HiG"
"HiG_0"	548	"Gatad2b"	164	"HiG"
"HiG_0"	1373	"Kat2a"	68.5	"HiG"
"HiG_0"	0	"Ikzf2"	464	"HiG"
"HiG_0"	282	"Srpk1"	222	"HiG"
"HiG_0"	165	"Pdk1"	252	"HiG"
"HiG_0"	204	"Arfgef2"	242	"HiG"
"HiG_0"	6	"Anxa6"	333.5	"HiG"
"HiG_0"	3020	"Casp6"	35	"HiG"
"HiG_0"	0	"Cpne3"	464	"HiG"
"HiG_0"	1167	"Cd48"	77	"HiG"
"HiG_0"	141	"F10"	254	"HiG"
"HiG_0"	1202	"Lpl"	75	"HiG"
"HiG_0"	1751	"Dkc1"	59	"HiG"
"HiG_0"	1186	"Pmaip1"	76	"HiG"
"HiG_0"	648	"Lamc1"	138	"HiG"
"HiG_0"	418	"Sh2d3c"	196	"HiG"
"HiG_0"	991	"Mpp1"	101	"HiG"
"HiG_0"	175	"Anxa3"	250	"HiG"
"HiG_0"	0	"Mllt3"	464	"HiG"
"HiG_0"	539	"Hip1"	174	"HiG"
"HiG_0"	504	"Rras2"	180	"HiG"
"HiG_0"	378	"S100a4"	204	"HiG"
"HiG_0"	704	"Pno1"	130	"HiG"
"HiG_0"	11	"Csf2rb"	323	"HiG"
"HiG_0"	660	"Cd28"	135.5	"HiG"
"HiG_0"	446	"Capn2"	190	"HiG"
"HiG_0"	0	"F2r"	464	"HiG"
"HiG_0"	548	"Agps"	164	"HiG"
"HiG_0"	4189	"C3"	23.5	"HiG"
"HiG_0"	0	"Erg"	464	"HiG"
"HiG_0"	0	"Nefh"	464	"HiG"
"HiG_0"	0	"Spint1"	464	"HiG"
"HiG_0"	5	"Mef2c"	335.5	"HiG"
"HiG_0"	0	"Cacna1a"	464	"HiG"
"HiG_0"	1422	"Ctsb"	65.5	"HiG"
"HiG_0"	0	"Itgb3"	464	"HiG"
"HiG_0"	269	"Gar1"	227	"HiG"
"HiG_0"	4443	"Elane"	20	"HiG"
"HiG_0"	0	"Fbxl5"	464	"HiG"
"HiG_0"	2944	"Cxcr4"	36	"HiG"
"HiG_0"	1119	"Pdgfrb"	81	"HiG"
"HiG_0"	1806	"Ccl3"	58	"HiG"
"HiG_0"	497	"Kit"	181	"HiG"
"HiG_0"	1422	"Socs1"	65.5	"HiG"
"HiG_0"	1074	"Nrp1"	88	"HiG"
"HiG_0"	0	"Abcd2"	464	"HiG"
"HiG_0"	13133	"Apex1"	4	"HiG"
"HiG_0"	424	"Tjp1"	194	"HiG"
"HiG_0"	274	"Cyba"	226	"HiG"
"HiG_0"	683	"F13a1"	133	"HiG"
"HiG_0"	1391	"Pou2f2"	67	"HiG"
"HiG_0"	521	"Alcam"	179	"HiG"
"HiG_0"	1206	"Ssbp1"	74	"HiG"
"HiG_0"	4	"Ssbp2"	340.5	"HiG"
"HiG_0"	360	"Ssbp3"	207	"HiG"
"HiG_0"	181	"Rcc1"	248	"HiG"
"HiG_0"	2123	"Igfbp7"	50	"HiG"
"HiG_0"	91	"Meis1"	270.5	"HiG"
"HiG_0"	0	"Cyp11a1"	464	"HiG"
"HiG_0"	0	"Arhgef3"	464	"HiG"
"HiG_0"	573	"Ctss"	150	"HiG"
"HiG_0"	0	"Clybl"	464	"HiG"
"HiG_0"	728	"Tlr2"	126	"HiG"
"HiG_0"	655	"Lcn2"	137	"HiG"
"HiG_0"	1069	"Pbx1"	91.5	"HiG"
"HiG_0"	12	"Evl"	320	"HiG"
"HiG_0"	669	"Noc2l"	134	"HiG"
"HiG_0"	0	"Cfp"	464	"HiG"
"HiG_0"	140	"Cebpe"	255	"HiG"
"HiG_0"	0	"Il21r"	464	"HiG"
"HiG_0"	0	"Cd34"	464	"HiG"
"HiG_0"	766	"Pag1"	120	"HiG"
"HiG_0"	0	"Nlgn2"	464	"HiG"
"HiG_0"	548	"Rassf5"	164	"HiG"
"HiG_0"	638	"Glb1"	139	"HiG"
"HiG_0"	866	"Helz2"	110	"HiG"
"HiG_0"	370	"Cd33"	205.5	"HiG"
"HiG_0"	0	"Ppp2r3a"	464	"HiG"
"HiG_0"	759	"Irf9"	121	"HiG"
"HiG_0"	21	"Stk26"	305.5	"HiG"
"HiG_0"	95	"Cd244"	267.5	"HiG"
"HiG_0"	906	"Plaur"	108	"HiG"
"HiG_0"	1605	"Ctsd"	60	"HiG"
"HiG_0"	0	"Il1r2"	464	"HiG"
"HiG_0"	0	"Rab33b"	464	"HiG"
"HiG_0"	58	"Pik3cb"	280.5	"HiG"
"HiG_0"	741	"Cd14"	124	"HiG"
"HiG_0"	0	"Klf2"	464	"HiG"
"HiG_0"	42	"Il12a"	288	"HiG"
"HiG_0"	383	"Mxi1"	202.5	"HiG"
"HiG_0"	0	"Tfpi"	464	"HiG"
"HiG_0"	793	"Tap1"	116	"HiG"
"HiG_0"	21	"Aldoc"	305.5	"HiG"
"HiG_0"	0	"Tpd52"	464	"HiG"
"HiG_0"	397	"Sell"	200	"HiG"
"HiG_0"	370	"Bcl11a"	205.5	"HiG"
"HiG_0"	485	"Bace1"	183	"HiG"
"HiG_0"	153	"Acta2"	253	"HiG"
"HiG_0"	0	"Slc6a9"	464	"HiG"
"HiG_0"	2365	"Prtn3"	45	"HiG"
"HiG_0"	242	"Cebpd"	232.5	"HiG"
"HiG_0"	2490	"Ctsg"	43	"HiG"
"HiG_0"	0	"Glrx"	464	"HiG"
"HiG_0"	0	"Gstm1"	464	"HiG"
"HiG_0"	7079	"Rhoj"	12	"HiG"
"HiG_0"	12243	"Lgals3"	5	"HiG"
"HiG_0"	17	"Cdkn3"	311.5	"HiG"
"HiG_0"	0	"Trem1"	464	"HiG"
"HiG_0"	919	"Cd93"	104	"HiG"
"HiG_0"	1094	"Tyrobp"	84.5	"HiG"
"HiG_0"	757	"Irf8"	122	"HiG"
"HiG_0"	623	"Hmox1"	141.5	"HiG"
"HiG_0"	190	"Dlk1"	244.5	"HiG"
"HiG_0"	11	"Jdp2"	323	"HiG"
"HiG_0"	226	"Spp1"	235	"HiG"
"HiG_0"	0	"Herc6"	464	"HiG"
"HiG_0"	476	"Ighm"	185.5	"HiG"
"HiG_0"	3	"Agl"	348	"HiG"
"HiG_0"	0	"Ctr9"	464	"HiG"
"HiG_0"	183	"Irf7"	247	"HiG"
"HiG_0"	548	"Dkkl1"	164	"HiG"
"HiG_0"	548	"Acadm"	164	"HiG"
"HiG_0"	749	"F7"	123	"HiG"
"HiG_0"	1558	"Pygl"	61	"HiG"
"HiG_0"	0	"Suclg2"	464	"HiG"
"HiG_0"	2038	"Ckap4"	52	"HiG"
"HiG_0"	1984	"Sun2"	54	"HiG"
"HiG_0"	64	"Noc3l"	276.5	"HiG"
"HiG_0"	0	"Gpt2"	464	"HiG"
"HiG_0"	23	"Nudcd1"	303	"HiG"
"HiG_0"	613	"Nop58"	143	"HiG"
"HiG_0"	98	"Padi4"	266	"HiG"
"HiG_0"	0	"Rnf144a"	464	"HiG"
"HiG_0"	3671	"Socs3"	29	"HiG"
"HiG_0"	1038	"Kbtbd7"	95	"HiG"
"HiG_0"	0	"Rassf4"	464	"HiG"
"HiG_0"	553	"Farsb"	153	"HiG"
"HiG_0"	280	"Gas7"	223	"HiG"
"HiG_0"	530	"Tsc22d1"	176.5	"HiG"
"HiG_0"	4	"Hoxa5"	340.5	"HiG"
"HiG_0"	5788	"Egln3"	16	"HiG"
"HiG_0"	25	"Wdr12"	301	"HiG"
"HiG_0"	1	"Sirt3"	358	"HiG"
"HiG_0"	429	"Parp14"	193	"HiG"
"HiG_0"	8	"Anxa4"	329.5	"HiG"
"HiG_0"	214	"Cnn3"	241	"HiG"
"HiG_0"	949	"Tcf4"	103	"HiG"
"HiG_0"	0	"Cenpv"	464	"HiG"
"HiG_0"	1073	"Nt5dc2"	89	"HiG"
"HiG_0"	12	"Mfge8"	320	"HiG"
"HiG_0"	10	"Adgrg1"	325	"HiG"
"HiG_0"	0	"Fry"	464	"HiG"
"HiG_0"	6170	"Nop56"	15	"HiG"
"HiG_0"	0	"Adgra3"	464	"HiG"
"HiG_0"	548	"Ptk7"	164	"HiG"
"HiG_0"	345	"Sox4"	209	"HiG"
"HiG_0"	2392	"Mycn"	44	"HiG"
"HiG_0"	0	"Abtb1"	464	"HiG"
"HiG_0"	698	"Impdh2"	132	"HiG"
"HiG_0"	495	"Bst2"	182	"HiG"
"HiG_0"	0	"Hmgn3"	464	"HiG"
"HiG_0"	3943	"Cad"	26	"HiG"
"HiG_0"	216	"Nop2"	239	"HiG"
"HiG_0"	464	"Hp"	188	"HiG"
"HiG_0"	472	"Ifih1"	187	"HiG"
"HiG_0"	4	"Sh3bp5"	340.5	"HiG"
"HiG_0"	0	"Iqsec1"	464	"HiG"
"HiG_0"	0	"Dhx58"	464	"HiG"
"HiG_0"	998	"Oas3"	98.5	"HiG"
"HiG_0"	4	"Alas1"	340.5	"HiG"
"HiG_0"	0	"Tcf19"	464	"HiG"
"HiG_0"	402	"Psap"	199	"HiG"
"HiG_0"	125	"Col4a2"	256	"HiG"
"HiG_0"	168	"Odc1"	251	"HiG"
"HiG_0"	582	"Ak4"	147	"HiG"
"HiG_0"	0	"Osm"	464	"HiG"
"HiG_0"	0	"Chdh"	464	"HiG"
"HiG_0"	568	"Npm3"	151	"HiG"
"HiG_0"	2800	"Ptges3"	37	"HiG"
"HiG_0"	0	"Prmt3"	464	"HiG"
"HiG_0"	268	"Tcf7l2"	228	"HiG"
"HiG_0"	1079	"Mpo"	87	"HiG"
"HiG_0"	289	"Cnp"	220	"HiG"
"HiG_0"	0	"Ift80"	464	"HiG"
"HiG_0"	93	"Tbc1d4"	269	"HiG"
"HiG_0"	0	"Bahcc1"	464	"HiG"
"HiG_0"	0	"Desi1"	464	"HiG"
"HiG_0"	605	"Creb3l2"	145	"HiG"
"HiG_0"	0	"Arsb"	464	"HiG"
"HiG_0"	0	"Cpox"	464	"HiG"
"HiG_0"	0	"Dmkn"	464	"HiG"
"HiG_0"	1085	"Cpd"	86	"HiG"
"HiG_0"	111	"Cnn2"	263.5	"HiG"
"HiG_0"	0	"Nop14"	464	"HiG"
"HiG_0"	1141	"Gart"	78	"HiG"
"HiG_0"	0	"Rcl1"	464	"HiG"
"HiG_0"	526	"Cluh"	178	"HiG"
"HiG_0"	0	"Rgcc"	464	"HiG"
"HiG_0"	0	"Tnip3"	464	"HiG"
"HiG_0"	0	"Tob1"	464	"HiG"
"HiG_0"	0	"Klhdc4"	464	"HiG"
"HiG_0"	441	"Srm"	191	"HiG"
"HiG_0"	0	"Lgalsl"	464	"HiG"
"HiG_0"	19	"Palm"	308	"HiG"
"HiG_0"	996	"Ccpg1"	100	"HiG"
"HiG_0"	0	"Armcx2"	464	"HiG"
"HiG_0"	177	"Socs2"	249	"HiG"
"HiG_0"	0	"Rab7b"	464	"HiG"
"HiG_0"	2258	"Adpgk"	47	"HiG"
"HiG_0"	551	"Pdia5"	155	"HiG"
"HiG_0"	0	"Ppic"	464	"HiG"
"HiG_0"	954	"Sort1"	102	"HiG"
"HiG_0"	39	"Egfl7"	290.5	"HiG"
"HiG_0"	3	"Dok3"	348	"HiG"
"HiG_0"	2059	"Cybb"	51	"HiG"
"HiG_0"	0	"Kank2"	464	"HiG"
"HiG_0"	190	"Lsp1"	244.5	"HiG"
"HiG_0"	482	"Rab3d"	184	"HiG"
"HiG_0"	4189	"Prdx5"	23.5	"HiG"
"HiG_0"	318	"Marcksl1"	215	"HiG"
"HiG_0"	0	"Cystm1"	464	"HiG"
"HiG_0"	1030	"Thy1"	97	"HiG"
"HiG_0"	49	"Rangrf"	283	"HiG"
"HiG_0"	221	"Thumpd1"	237.5	"HiG"
"HiG_0"	0	"Poc1a"	464	"HiG"
"HiG_0"	0	"Timm9"	464	"HiG"
"HiG_0"	0	"Nudt5"	464	"HiG"
"HiG_0"	700	"Golim4"	131	"HiG"
"HiG_0"	111	"Tnfaip2"	263.5	"HiG"
"HiG_0"	0	"Zc3h7b"	464	"HiG"
"HiG_0"	1035	"Nt5e"	96	"HiG"
"HiG_0"	117	"Pus7"	259.5	"HiG"
"HiG_0"	0	"Unc13d"	464	"HiG"
"HiG_0"	0	"Procr"	464	"HiG"
"HiG_0"	548	"Gbe1"	164	"HiG"
"HiG_0"	998	"Stat2"	98.5	"HiG"
"HiG_0"	1094	"Acsl1"	84.5	"HiG"
"HiG_0"	551	"Ppat"	155	"HiG"
"HiG_0"	0	"Tmem176a"	464	"HiG"
"HiG_0"	275	"Msrb1"	225	"HiG"
"HiG_0"	0	"Acox3"	464	"HiG"
"HiG_0"	0	"Msi2"	464	"HiG"
"HiG_0"	550	"Cdk18"	157	"HiG"
"HiG_0"	0	"Antxr2"	464	"HiG"
"HiG_0"	34	"Xpc"	294	"HiG"
"HiG_0"	17	"Bcat1"	311.5	"HiG"
"HiG_0"	8	"Cd320"	329.5	"HiG"
"HiG_0"	0	"Gda"	464	"HiG"
"HiG_0"	0	"Otulin"	464	"HiG"
"HiG_0"	2	"Slc7a11"	354	"HiG"
"HiG_0"	0	"Abhd5"	464	"HiG"
"HiG_0"	0	"Fkbp11"	464	"HiG"
"HiG_0"	325	"Dhrs7"	213	"HiG"
"HiG_0"	0	"B3gnt5"	464	"HiG"
"HiG_0"	548	"Agpat2"	164	"HiG"
"HiG_0"	0	"Epb41l4b"	464	"HiG"
"HiG_0"	0	"Abcc5"	464	"HiG"
"HiG_0"	8	"Ffar2"	329.5	"HiG"
"HiG_0"	0	"Hoxa7"	464	"HiG"
"HiG_0"	0	"Lbp"	464	"HiG"
"HiG_0"	630	"Mtap"	140	"HiG"
"HiG_0"	0	"Cldn15"	464	"HiG"
"HiG_0"	0	"Mdfic"	464	"HiG"
"HiG_0"	17	"Mtus1"	311.5	"HiG"
"HiG_0"	0	"G0s2"	464	"HiG"
"HiG_0"	0	"Gmfg"	464	"HiG"
"HiG_0"	0	"Tfec"	464	"HiG"
"HiG_0"	278	"Ctsc"	224	"HiG"
"HiG_0"	1356	"Mgst1"	70	"HiG"
"HiG_0"	0	"Ptgs1"	464	"HiG"
"HiG_0"	0	"Rassf3"	464	"HiG"
"HiG_0"	715	"Igfbp4"	128	"HiG"
"HiG_0"	0	"Lztfl1"	464	"HiG"
"HiG_0"	0	"Ncoa7"	464	"HiG"
"HiG_0"	124	"Papss2"	257	"HiG"
"HiG_0"	117	"Tbc1d2"	259.5	"HiG"
"HiG_0"	39	"Parp9"	290.5	"HiG"
"HiG_0"	73	"Parp12"	274.5	"HiG"
"HiG_0"	13	"Myo1f"	317	"HiG"
"HiG_0"	0	"Dgat2"	464	"HiG"
"HiG_0"	803	"Fam136a"	115	"HiG"
"HiG_0"	39	"Pde4b"	290.5	"HiG"
"HiG_0"	918	"Spint2"	105	"HiG"
"HiG_0"	25	"Pcsk9"	301	"HiG"
"HiG_0"	0	"Aqp9"	464	"HiG"
"HiG_0"	0	"Entpd5"	464	"HiG"
"HiG_0"	0	"Cd69"	464	"HiG"
"HiG_0"	548	"Slc29a2"	164	"HiG"
"HiG_0"	0	"Hdhd2"	464	"HiG"
"HiG_0"	46	"Ptger3"	285	"HiG"
"HiG_0"	2673	"Ccl4"	41	"HiG"
"HiG_0"	58	"Snap47"	280.5	"HiG"
"HiG_0"	0	"Nabp1"	464	"HiG"
"HiG_0"	0	"Tbc1d16"	464	"HiG"
"HiG_0"	0	"Ypel3"	464	"HiG"
"HiG_0"	0	"Pcmtd2"	464	"HiG"
"HiG_0"	32	"Pim2"	297	"HiG"
"HiG_0"	0	"Pik3ip1"	464	"HiG"
"HiG_0"	3	"Azin2"	348	"HiG"
"HiG_0"	0	"Dusp2"	464	"HiG"
"HiG_0"	64	"Hlx"	276.5	"HiG"
"HiG_0"	0	"Tox"	464	"HiG"
"HiG_0"	1373	"Usp18"	68.5	"HiG"
"HiG_0"	0	"Rbm47"	464	"HiG"
"HiG_0"	0	"Ociad2"	464	"HiG"
"HiG_0"	17	"Neil3"	311.5	"HiG"
"HiG_0"	0	"Fam216a"	464	"HiG"
"HiG_0"	34	"Tmed3"	294	"HiG"
"HiG_0"	0	"Rbms3"	464	"HiG"
"HiG_0"	333	"Slc39a10"	211	"HiG"
"HiG_0"	201	"Lrp12"	243	"HiG"
"HiG_0"	821	"Rnf149"	114	"HiG"
"HiG_0"	536	"Tspan3"	175	"HiG"
"HiG_0"	60	"Mgll"	279	"HiG"
"HiG_0"	0	"Ndst1"	464	"HiG"
"HiG_0"	1821	"Clec12a"	57	"HiG"
"HiG_0"	1237	"Hsd11b1"	73	"HiG"
"HiG_0"	95	"Clec10a"	267.5	"HiG"
"HiG_0"	0	"Mcoln2"	464	"HiG"
"HiG_0"	406	"Myadm"	198	"HiG"
"HiG_0"	0	"Nrgn"	464	"HiG"
"HiG_0"	0	"P2ry14"	464	"HiG"
"HiG_0"	476	"Prr11"	185.5	"HiG"
"HiG_0"	0	"Scin"	464	"HiG"
"HiG_0"	6185	"Ccr1"	14	"HiG"
"HiG_0"	0	"Gmpr"	464	"HiG"
"HiG_0"	544	"Rsad2"	172	"HiG"
"HiG_0"	0	"Rsad1"	464	"HiG"
"HiG_0"	0	"St3gal5"	464	"HiG"
"HiG_0"	18	"Slc30a4"	309	"HiG"
"HiG_0"	0	"Fam43a"	464	"HiG"
"HiG_0"	0	"Gcnt1"	464	"HiG"
"HiG_0"	6458	"Sorl1"	13	"HiG"
"HiG_0"	0	"Hvcn1"	464	"HiG"
"HiG_0"	0	"Nceh1"	464	"HiG"
"HiG_0"	4290	"Thbs1"	21	"HiG"
"HiG_0"	0	"Rmi2"	464	"HiG"
"HiG_0"	2	"Clec5a"	354	"HiG"
"HiG_0"	660	"Slc16a1"	135.5	"HiG"
"HiG_0"	1473	"Mex3a"	62	"HiG"
"HiG_0"	0	"Adam8"	464	"HiG"
"HiG_0"	551	"Sh3pxd2b"	155	"HiG"
"HiG_0"	548	"Plpp6"	164	"HiG"
"HiG_0"	0	"Paqr7"	464	"HiG"
"HiG_0"	0	"Mpeg1"	464	"HiG"
"HiG_0"	0	"Epsti1"	464	"HiG"
"HiG_0"	0	"Mboat2"	464	"HiG"
"HiG_0"	0	"Slc19a1"	464	"HiG"
"HiG_0"	3	"Tmem216"	348	"HiG"
"HiG_0"	12	"Arx"	320	"HiG"
"HiG_0"	3	"Mboat1"	348	"HiG"
"HiG_0"	20	"Neu1"	307	"HiG"
"HiG_0"	0	"Dnajc6"	464	"HiG"
"HiG_0"	91	"Hpse"	270.5	"HiG"
"HiG_0"	340	"Tbc1d8"	210	"HiG"
"HiG_0"	11	"Ptgr1"	323	"HiG"
"HiG_0"	0	"Muc13"	464	"HiG"
"HiG_0"	4	"Osbpl5"	340.5	"HiG"
"HiG_0"	0	"Sgms2"	464	"HiG"
"HiG_0"	0	"Pnpla7"	464	"HiG"
"HiG_0"	0	"Ndrg2"	464	"HiG"
"HiG_0"	0	"Cd300lb"	464	"HiG"
"HiG_0"	0	"Angptl2"	464	"HiG"
"HiG_0"	917	"Lipg"	106	"HiG"
"HiG_0"	574	"Mgst2"	149	"HiG"
"HiG_0"	0	"Tspan2"	464	"HiG"
"HiG_0"	2171	"Vldlr"	49	"HiG"
"HiG_0"	0	"B4galnt4"	464	"HiG"
"HiG_0"	0	"Spata13"	464	"HiG"
"HiG_0"	458	"Tmx4"	189	"HiG"
"HiG_0"	577	"Clec4e"	148	"HiG"
"HiG_0"	0	"Gatm"	464	"HiG"
"HiG_0"	4	"Rnmt"	340.5	"HiG"
"HiG_0"	215	"Gpr141"	240	"HiG"
"HiG_0"	1069	"Igsf6"	91.5	"HiG"
"HiG_0"	0	"Isg20"	464	"HiG"
"HiG_0"	2	"Vangl2"	354	"HiG"
"HiG_0"	545	"B4galt6"	171	"HiG"
"HiG_0"	0	"Tmem108"	464	"HiG"
"HiG_0"	609	"Fgd4"	144	"HiG"
"HiG_0"	2	"Tor3a"	354	"HiG"
"HiG_0"	1	"Gimap1"	358	"HiG"
"HiG_0"	0	"Ddhd1"	464	"HiG"
"HiG_0"	0	"Perp"	464	"HiG"
"HiG_0"	0	"Phtf2"	464	"HiG"
"HiG_0"	0	"Tgif2"	464	"HiG"
"HiG_0"	25	"Ptprcap"	301	"HiG"
"HiG_0"	0	"Lrrc25"	464	"HiG"
"HiG_0"	0	"Grina"	464	"HiG"
"HiG_0"	0	"Olfml2b"	464	"HiG"
"HiG_0"	0	"Kdm7a"	464	"HiG"
"HiG_0"	0	"Slc23a2"	464	"HiG"
"HiG_0"	6	"Wdr36"	333.5	"HiG"
"HiG_0"	548	"Lipa"	164	"HiG"
"HiG_0"	548	"Plin2"	164	"HiG"
"HiG_0"	3	"Scarf1"	348	"HiG"
"HiG_0"	0	"Ccdc125"	464	"HiG"
"HiG_0"	0	"Slc7a8"	464	"HiG"
"HiG_0"	387	"Nkg7"	201	"HiG"
"HiG_0"	0	"Gjb3"	464	"HiG"
"HiG_0"	1099	"Ms4a3"	82	"HiG"
"HiG_0"	832	"Trib3"	113	"HiG"
"HiG_0"	0	"Dram1"	464	"HiG"
"HiG_0"	0	"Syce2"	464	"HiG"
"HiG_0"	0	"Man1c1"	464	"HiG"
"HiG_0"	0	"Rtp4"	464	"HiG"
"HiG_0"	0	"Slpi"	464	"HiG"
"HiG_0"	0	"Aoah"	464	"HiG"
"HiG_0"	0	"Msra"	464	"HiG"
"HiG_0"	0	"Bri3"	464	"HiG"
"HiG_0"	0	"Plpp5"	464	"HiG"
"HiG_0"	14	"Clec4d"	315	"HiG"
"HiG_0"	120	"Pde2a"	258	"HiG"
"HiG_0"	0	"Cpa3"	464	"HiG"
"HiG_0"	383	"Ccr2"	202.5	"HiG"
"HiG_0"	567	"Smo"	152	"HiG"
"HiG_0"	0	"Sp140"	464	"HiG"
"HiG_0"	2	"Lst1"	354	"HiG"
"HiG_0"	13	"Rasgrp2"	317	"HiG"
"HiG_0"	1041	"Rab38"	93	"HiG"
"HiG_0"	0	"Hdc"	464	"HiG"
"HiG_0"	0	"Tbc1d20"	464	"HiG"
"HiG_0"	0	"Tmem154"	464	"HiG"
"HiG_0"	0	"Slc28a2"	464	"HiG"
"HiG_0"	0	"Mmp19"	464	"HiG"
"HiG_0"	0	"Rnase4"	464	"HiG"
"HiG_0"	0	"Kbtbd11"	464	"HiG"
"HiG_0"	0	"Slc24a3"	464	"HiG"
"HiG_0"	0	"Plppr3"	464	"HiG"
"HiG_0"	0	"Megf9"	464	"HiG"
"HiG_0"	33	"Mmp8"	296	"HiG"
"HiG_0"	0	"Tfr2"	464	"HiG"
"HiG_0"	0	"Samd9l"	464	"HiG"
"HiG_0"	0	"Pld4"	464	"HiG"
"HiG_0"	0	"Rasa4"	464	"HiG"
"HiG_0"	0	"Slc22a3"	464	"HiG"
"HiG_0"	265	"Tcn2"	229	"HiG"
"HiG_0"	0	"Gpr171"	464	"HiG"
"HiG_0"	50	"Mrc1"	282	"HiG"
"HiG_0"	548	"Tmem176b"	164	"HiG"
"HiG_0"	108	"Spns2"	265	"HiG"
"HiG_0"	4	"Sh2d5"	340.5	"HiG"
"HiG_0"	0	"Cmpk2"	464	"HiG"
"HiG_0"	15	"Gpr65"	314	"HiG"
"HiG_0"	0	"Adgrl4"	464	"HiG"
"HiG_0"	246	"Adgre1"	230.5	"HiG"
"HiG_0"	0	"Prss57"	464	"HiG"
"HiG_0"	0	"Vsir"	464	"HiG"
"HiG_0"	0	"Smpdl3a"	464	"HiG"
"HiG_0"	0	"Tmem40"	464	"HiG"
"HiG_0"	0	"Tmem64"	464	"HiG"
"HiG_0"	863	"Zfp36l1"	111	"HiG"
"HiG_0"	115	"Zmpste24"	261	"HiG"
"HiG_0"	0	"Tspan13"	464	"HiG"
"HiG_0"	0	"Ydjc"	464	"HiG"
"HiG_0"	0	"Zdhhc8"	464	"HiG"
"HiG_0"	0	"Hacd4"	464	"HiG"
"HiG_1"	128	"Gata2"	277	"HiG"
"HiG_1"	5102	"App"	16	"HiG"
"HiG_1"	554	"Csf1r"	191	"HiG"
"HiG_1"	553	"Gadd45a"	192	"HiG"
"HiG_1"	10831	"Daxx"	5	"HiG"
"HiG_1"	1411	"Bcl2"	81	"HiG"
"HiG_1"	0	"Atrnl1"	504	"HiG"
"HiG_1"	131	"Epb41l1"	276	"HiG"
"HiG_1"	754	"Map3k8"	131.5	"HiG"
"HiG_1"	4335	"Flt1"	21	"HiG"
"HiG_1"	391	"Selp"	217.5	"HiG"
"HiG_1"	750	"Cd27"	133	"HiG"
"HiG_1"	1118	"Dab2"	104	"HiG"
"HiG_1"	3594	"Il6st"	37	"HiG"
"HiG_1"	21	"Dusp10"	331	"HiG"
"HiG_1"	150	"Id2"	272.5	"HiG"
"HiG_1"	0	"Cdkn1c"	504	"HiG"
"HiG_1"	388	"Ralgds"	219	"HiG"
"HiG_1"	0	"Hivep3"	504	"HiG"
"HiG_1"	7229	"Itsn1"	10	"HiG"
"HiG_1"	116	"Plxnb2"	281	"HiG"
"HiG_1"	226	"Rara"	255	"HiG"
"HiG_1"	257	"Gfi1"	243.5	"HiG"
"HiG_1"	1795	"Slc29a1"	66	"HiG"
"HiG_1"	0	"Dctd"	504	"HiG"
"HiG_1"	36	"Lzts2"	320	"HiG"
"HiG_1"	0	"Dctpp1"	504	"HiG"
"HiG_1"	0	"Acy1"	504	"HiG"
"HiG_1"	320	"Srpk2"	225	"HiG"
"HiG_1"	585	"Mad1l1"	166	"HiG"
"HiG_1"	2206	"Krt18"	59	"HiG"
"HiG_1"	1240	"Satb1"	89	"HiG"
"HiG_1"	608	"Gem"	149.5	"HiG"
"HiG_1"	2762	"Actn1"	49	"HiG"
"HiG_1"	0	"Dach1"	504	"HiG"
"HiG_1"	999	"Aqp1"	112	"HiG"
"HiG_1"	0	"Cbx2"	504	"HiG"
"HiG_1"	778	"Ifit2"	130	"HiG"
"HiG_1"	127	"Nme4"	278.5	"HiG"
"HiG_1"	4164	"Isg15"	23	"HiG"
"HiG_1"	0	"Hook1"	504	"HiG"
"HiG_1"	302	"Dusp6"	227	"HiG"
"HiG_1"	391	"Arhgap29"	217.5	"HiG"
"HiG_1"	1959	"Fth1"	62	"HiG"
"HiG_1"	0	"Nrip1"	504	"HiG"
"HiG_1"	4074	"Epb41l3"	24	"HiG"
"HiG_1"	1180	"Vasp"	96	"HiG"
"HiG_1"	230	"Bnip3"	254	"HiG"
"HiG_1"	257	"Sirpa"	243.5	"HiG"
"HiG_1"	4	"Plac8"	371	"HiG"
"HiG_1"	0	"Eif1ad"	504	"HiG"
"HiG_1"	604	"Eps8"	154.5	"HiG"
"HiG_1"	906	"Trip6"	117	"HiG"
"HiG_1"	0	"Gemin6"	504	"HiG"
"HiG_1"	611	"Ncf1"	148	"HiG"
"HiG_1"	17390	"Pml"	2	"HiG"
"HiG_1"	7071	"Jun"	11	"HiG"
"HiG_1"	105	"Raph1"	285	"HiG"
"HiG_1"	583	"Btg2"	181	"HiG"
"HiG_1"	249	"Atad3a"	246.5	"HiG"
"HiG_1"	3323	"Cdk6"	43	"HiG"
"HiG_1"	2023	"Lyar"	61	"HiG"
"HiG_1"	3935	"Bag2"	30	"HiG"
"HiG_1"	183	"Bzw2"	265	"HiG"
"HiG_1"	0	"Ak1"	504	"HiG"
"HiG_1"	0	"Plod2"	504	"HiG"
"HiG_1"	459	"Fscn1"	208	"HiG"
"HiG_1"	1064	"Stom"	109	"HiG"
"HiG_1"	512	"Myh10"	199	"HiG"
"HiG_1"	1	"Afap1l1"	389.5	"HiG"
"HiG_1"	29	"Osgep"	324.5	"HiG"
"HiG_1"	3386	"Mov10"	42	"HiG"
"HiG_1"	2977	"Anxa1"	46	"HiG"
"HiG_1"	3904	"Nolc1"	31	"HiG"
"HiG_1"	5524	"Fbl"	14	"HiG"
"HiG_1"	0	"Ddt"	504	"HiG"
"HiG_1"	3706	"Prmt1"	32	"HiG"
"HiG_1"	0	"Psph"	504	"HiG"
"HiG_1"	1217	"Pa2g4"	91	"HiG"
"HiG_1"	3548	"Lgals3bp"	38	"HiG"
"HiG_1"	0	"Als2cl"	504	"HiG"
"HiG_1"	4421	"Tnf"	19	"HiG"
"HiG_1"	4856	"Ddx21"	18	"HiG"
"HiG_1"	76316	"Myc"	1	"HiG"
"HiG_1"	3	"Msh6"	376	"HiG"
"HiG_1"	173	"Mybbp1a"	267	"HiG"
"HiG_1"	1065	"Fabp5"	108	"HiG"
"HiG_1"	1221	"Med21"	90	"HiG"
"HiG_1"	521	"Bcl3"	197	"HiG"
"HiG_1"	1629	"Ccnd1"	73	"HiG"
"HiG_1"	338	"Mapk3"	222	"HiG"
"HiG_1"	3017	"Cebpa"	45	"HiG"
"HiG_1"	14	"Fyn"	338.5	"HiG"
"HiG_1"	3985	"Lck"	28	"HiG"
"HiG_1"	63	"Cd82"	303	"HiG"
"HiG_1"	479	"Arhgef5"	204	"HiG"
"HiG_1"	262	"Tnfrsf1b"	242	"HiG"
"HiG_1"	3684	"Smad3"	33	"HiG"
"HiG_1"	1874	"Myb"	63	"HiG"
"HiG_1"	584	"Exosc2"	173	"HiG"
"HiG_1"	792	"Dnmt3b"	128	"HiG"
"HiG_1"	0	"Cxcr2"	504	"HiG"
"HiG_1"	7529	"Hsph1"	9	"HiG"
"HiG_1"	2488	"Ccl5"	56	"HiG"
"HiG_1"	64	"Fchsd2"	302	"HiG"
"HiG_1"	6952	"Ahnak"	12	"HiG"
"HiG_1"	0	"Ncs1"	504	"HiG"
"HiG_1"	42	"Slc12a2"	316	"HiG"
"HiG_1"	900	"Il6"	118	"HiG"
"HiG_1"	4	"Arhgef18"	371	"HiG"
"HiG_1"	3247	"Itgam"	44	"HiG"
"HiG_1"	13	"Cd84"	341	"HiG"
"HiG_1"	608	"Il1r1"	149.5	"HiG"
"HiG_1"	6	"Lrpap1"	361.5	"HiG"
"HiG_1"	0	"Atf5"	504	"HiG"
"HiG_1"	206	"Col4a1"	259	"HiG"
"HiG_1"	3635	"Gja1"	36	"HiG"
"HiG_1"	3638	"Cxcl10"	35	"HiG"
"HiG_1"	8548	"Cd74"	8	"HiG"
"HiG_1"	873	"S100a6"	122	"HiG"
"HiG_1"	447	"Hipk1"	210	"HiG"
"HiG_1"	1527	"Hmga2"	77	"HiG"
"HiG_1"	273	"Dtx3l"	241	"HiG"
"HiG_1"	9275	"Ppia"	7	"HiG"
"HiG_1"	177	"Nfix"	266	"HiG"
"HiG_1"	127	"Gatad2b"	278.5	"HiG"
"HiG_1"	926	"Kat2a"	114	"HiG"
"HiG_1"	0	"Ikzf2"	504	"HiG"
"HiG_1"	655	"Srpk1"	141	"HiG"
"HiG_1"	285	"Rrad"	235	"HiG"
"HiG_1"	170	"Pdk1"	270	"HiG"
"HiG_1"	4	"Anxa6"	371	"HiG"
"HiG_1"	3650	"Casp6"	34	"HiG"
"HiG_1"	0	"Cpne3"	504	"HiG"
"HiG_1"	3962	"Cd48"	29	"HiG"
"HiG_1"	1194	"Lpl"	93	"HiG"
"HiG_1"	0	"Gbp2"	504	"HiG"
"HiG_1"	4054	"Dkc1"	25	"HiG"
"HiG_1"	895	"Pmaip1"	119	"HiG"
"HiG_1"	44	"Rgs1"	312.5	"HiG"
"HiG_1"	23	"Lamc1"	329.5	"HiG"
"HiG_1"	3	"Sh2d3c"	376	"HiG"
"HiG_1"	2	"Mpp1"	381.5	"HiG"
"HiG_1"	0	"Anxa3"	504	"HiG"
"HiG_1"	579	"Mllt3"	187	"HiG"
"HiG_1"	123	"Hip1"	280	"HiG"
"HiG_1"	80	"Rras2"	296	"HiG"
"HiG_1"	236	"S100a4"	252	"HiG"
"HiG_1"	545	"Pno1"	195	"HiG"
"HiG_1"	7	"Serpinb9"	355	"HiG"
"HiG_1"	1246	"Csf2rb"	88	"HiG"
"HiG_1"	871	"Cd28"	123	"HiG"
"HiG_1"	0	"Capn2"	504	"HiG"
"HiG_1"	253	"F2r"	245	"HiG"
"HiG_1"	584	"Agps"	173	"HiG"
"HiG_1"	27	"Erg"	327.5	"HiG"
"HiG_1"	0	"Nefh"	504	"HiG"
"HiG_1"	11	"Spint1"	346.5	"HiG"
"HiG_1"	413	"Mef2c"	214	"HiG"
"HiG_1"	0	"Cacna1a"	504	"HiG"
"HiG_1"	702	"Ctsb"	138	"HiG"
"HiG_1"	8	"Ehd3"	351.5	"HiG"
"HiG_1"	4019	"Itgb3"	27	"HiG"
"HiG_1"	477	"Gar1"	205	"HiG"
"HiG_1"	2566	"Elane"	54	"HiG"
"HiG_1"	1082	"Axl"	107	"HiG"
"HiG_1"	583	"Fbxl5"	181	"HiG"
"HiG_1"	2494	"Cxcr4"	55	"HiG"
"HiG_1"	0	"Plxna1"	504	"HiG"
"HiG_1"	68	"Pdgfrb"	301	"HiG"
"HiG_1"	43	"Tnfrsf8"	314	"HiG"
"HiG_1"	603	"Lat"	156	"HiG"
"HiG_1"	785	"Ccl3"	129	"HiG"
"HiG_1"	649	"Kit"	143	"HiG"
"HiG_1"	587	"Flt3"	164.5	"HiG"
"HiG_1"	1727	"Socs1"	69	"HiG"
"HiG_1"	2757	"Nrp1"	50	"HiG"
"HiG_1"	2933	"Epha2"	47	"HiG"
"HiG_1"	0	"Abcd2"	504	"HiG"
"HiG_1"	10303	"Apex1"	6	"HiG"
"HiG_1"	4047	"Tjp1"	26	"HiG"
"HiG_1"	1264	"Pou2f2"	87	"HiG"
"HiG_1"	1	"Alcam"	389.5	"HiG"
"HiG_1"	398	"Gata3"	216	"HiG"
"HiG_1"	335	"Ssbp1"	224	"HiG"
"HiG_1"	0	"Ssbp2"	504	"HiG"
"HiG_1"	0	"Ssbp3"	504	"HiG"
"HiG_1"	27	"Rcc1"	327.5	"HiG"
"HiG_1"	0	"Bex1"	504	"HiG"
"HiG_1"	3430	"Igfbp7"	40	"HiG"
"HiG_1"	562	"Meis1"	190	"HiG"
"HiG_1"	0	"Cyp11a1"	504	"HiG"
"HiG_1"	0	"Casp12"	504	"HiG"
"HiG_1"	294	"Ctss"	230.5	"HiG"
"HiG_1"	0	"Ptgs2"	504	"HiG"
"HiG_1"	0	"Clybl"	504	"HiG"
"HiG_1"	311	"Pbx1"	226	"HiG"
"HiG_1"	0	"Evl"	504	"HiG"
"HiG_1"	686	"Noc2l"	139	"HiG"
"HiG_1"	4271	"Tnfaip3"	22	"HiG"
"HiG_1"	0	"Cfp"	504	"HiG"
"HiG_1"	621	"Marcks"	145.5	"HiG"
"HiG_1"	662	"Podxl"	140	"HiG"
"HiG_1"	217	"Mpl"	257	"HiG"
"HiG_1"	1291	"Mecom"	86	"HiG"
"HiG_1"	85	"Il21r"	293	"HiG"
"HiG_1"	0	"Enc1"	504	"HiG"
"HiG_1"	0	"Cd34"	504	"HiG"
"HiG_1"	402	"Rab27b"	215	"HiG"
"HiG_1"	1215	"Fcer1g"	92	"HiG"
"HiG_1"	602	"Pag1"	157.5	"HiG"
"HiG_1"	0	"Nlgn2"	504	"HiG"
"HiG_1"	0	"Rassf5"	504	"HiG"
"HiG_1"	584	"Glb1"	173	"HiG"
"HiG_1"	45	"Helz2"	310.5	"HiG"
"HiG_1"	2	"Cd33"	381.5	"HiG"
"HiG_1"	0	"Ppp2r3a"	504	"HiG"
"HiG_1"	5187	"Prnp"	15	"HiG"
"HiG_1"	171	"Irf9"	268.5	"HiG"
"HiG_1"	188	"Stk26"	263	"HiG"
"HiG_1"	584	"Furin"	173	"HiG"
"HiG_1"	203	"Cd244"	260.5	"HiG"
"HiG_1"	2275	"Plaur"	58	"HiG"
"HiG_1"	42	"Il1r2"	316	"HiG"
"HiG_1"	292	"Rab33b"	232.5	"HiG"
"HiG_1"	0	"Klf2"	504	"HiG"
"HiG_1"	292	"Il12a"	232.5	"HiG"
"HiG_1"	0	"Mxi1"	504	"HiG"
"HiG_1"	0	"Tfpi"	504	"HiG"
"HiG_1"	602	"Tap1"	157.5	"HiG"
"HiG_1"	0	"Aldoc"	504	"HiG"
"HiG_1"	0	"Tpd52"	504	"HiG"
"HiG_1"	1193	"Sell"	94	"HiG"
"HiG_1"	94	"Bcl11a"	291	"HiG"
"HiG_1"	31	"Bace1"	323	"HiG"
"HiG_1"	336	"Gzmb"	223	"HiG"
"HiG_1"	0	"Slc6a9"	504	"HiG"
"HiG_1"	916	"Prtn3"	116	"HiG"
"HiG_1"	12	"Cebpd"	343.5	"HiG"
"HiG_1"	2715	"Ctsg"	51	"HiG"
"HiG_1"	0	"Glrx"	504	"HiG"
"HiG_1"	0	"Gstm1"	504	"HiG"
"HiG_1"	4973	"Rhoj"	17	"HiG"
"HiG_1"	110	"Ltb"	283	"HiG"
"HiG_1"	0	"Pard6g"	504	"HiG"
"HiG_1"	0	"Cdkn3"	504	"HiG"
"HiG_1"	19	"Cd93"	332	"HiG"
"HiG_1"	1336	"Tyrobp"	84	"HiG"
"HiG_1"	723	"Irf8"	137	"HiG"
"HiG_1"	3415	"Mx1"	41	"HiG"
"HiG_1"	231	"Hmox1"	253	"HiG"
"HiG_1"	1087	"Dlk1"	106	"HiG"
"HiG_1"	593	"Jdp2"	162	"HiG"
"HiG_1"	1124	"Spp1"	103	"HiG"
"HiG_1"	0	"Herc6"	504	"HiG"
"HiG_1"	550	"Ighm"	193	"HiG"
"HiG_1"	0	"Agl"	504	"HiG"
"HiG_1"	385	"Ctr9"	220	"HiG"
"HiG_1"	171	"Irf7"	268.5	"HiG"
"HiG_1"	584	"Dkkl1"	173	"HiG"
"HiG_1"	794	"Acadm"	127	"HiG"
"HiG_1"	883	"Pygl"	120	"HiG"
"HiG_1"	876	"Uchl1"	121	"HiG"
"HiG_1"	0	"Suclg2"	504	"HiG"
"HiG_1"	11305	"Ckap4"	4	"HiG"
"HiG_1"	584	"Sun2"	173	"HiG"
"HiG_1"	0	"Noc3l"	504	"HiG"
"HiG_1"	0	"Gpt2"	504	"HiG"
"HiG_1"	6	"Nudcd1"	361.5	"HiG"
"HiG_1"	462	"Nop58"	207	"HiG"
"HiG_1"	0	"Padi4"	504	"HiG"
"HiG_1"	487	"Spsb1"	202	"HiG"
"HiG_1"	0	"Rnf144a"	504	"HiG"
"HiG_1"	4361	"Socs3"	20	"HiG"
"HiG_1"	0	"Kbtbd7"	504	"HiG"
"HiG_1"	0	"Rassf4"	504	"HiG"
"HiG_1"	1092	"Farsb"	105	"HiG"
"HiG_1"	249	"Tsc22d1"	246.5	"HiG"
"HiG_1"	6	"Hoxa5"	361.5	"HiG"
"HiG_1"	1302	"Egln3"	85	"HiG"
"HiG_1"	150	"Wdr12"	272.5	"HiG"
"HiG_1"	2	"Sirt3"	381.5	"HiG"
"HiG_1"	938	"Parp14"	113	"HiG"
"HiG_1"	0	"Rbp1"	504	"HiG"
"HiG_1"	728	"Ifit3"	135	"HiG"
"HiG_1"	83	"Anxa4"	294	"HiG"
"HiG_1"	508	"Cnn3"	200	"HiG"
"HiG_1"	1864	"Tcf4"	64	"HiG"
"HiG_1"	0	"Cenpv"	504	"HiG"
"HiG_1"	82	"Nt5dc2"	295	"HiG"
"HiG_1"	754	"Mfge8"	131.5	"HiG"
"HiG_1"	1	"Adgrg1"	389.5	"HiG"
"HiG_1"	0	"Fry"	504	"HiG"
"HiG_1"	11917	"Nop56"	3	"HiG"
"HiG_1"	0	"Adgra3"	504	"HiG"
"HiG_1"	584	"Ptk7"	173	"HiG"
"HiG_1"	0	"Sox4"	504	"HiG"
"HiG_1"	2432	"Mycn"	57	"HiG"
"HiG_1"	0	"Abtb1"	504	"HiG"
"HiG_1"	584	"Impdh2"	173	"HiG"
"HiG_1"	0	"Bst2"	504	"HiG"
"HiG_1"	0	"Hmgn3"	504	"HiG"
"HiG_1"	2155	"Cad"	60	"HiG"
"HiG_1"	6	"Nop2"	361.5	"HiG"
"HiG_1"	213	"Hp"	258	"HiG"
"HiG_1"	361	"Ifih1"	221	"HiG"
"HiG_1"	727	"Olfm1"	136	"HiG"
"HiG_1"	12	"Sh3bp5"	343.5	"HiG"
"HiG_1"	111	"Plxdc2"	282	"HiG"
"HiG_1"	58	"Iqsec1"	305	"HiG"
"HiG_1"	16	"Dhx58"	335.5	"HiG"
"HiG_1"	6	"Oas3"	361.5	"HiG"
"HiG_1"	0	"Tcf19"	504	"HiG"
"HiG_1"	866	"Col4a2"	124	"HiG"
"HiG_1"	547	"Odc1"	194	"HiG"
"HiG_1"	598	"Ak4"	161	"HiG"
"HiG_1"	0	"Osm"	504	"HiG"
"HiG_1"	6	"Npm3"	361.5	"HiG"
"HiG_1"	2577	"Ptges3"	53	"HiG"
"HiG_1"	0	"Prmt3"	504	"HiG"
"HiG_1"	574	"Tcf7l2"	188	"HiG"
"HiG_1"	1763	"Mpo"	67	"HiG"
"HiG_1"	3462	"Cnp"	39	"HiG"
"HiG_1"	0	"Ift80"	504	"HiG"
"HiG_1"	45	"Tbc1d4"	310.5	"HiG"
"HiG_1"	0	"Bahcc1"	504	"HiG"
"HiG_1"	0	"Desi1"	504	"HiG"
"HiG_1"	604	"Creb3l2"	154.5	"HiG"
"HiG_1"	0	"Arsb"	504	"HiG"
"HiG_1"	0	"Cpox"	504	"HiG"
"HiG_1"	0	"Dmkn"	504	"HiG"
"HiG_1"	464	"Cpd"	206	"HiG"
"HiG_1"	5	"Cnn2"	367	"HiG"
"HiG_1"	0	"Nop14"	504	"HiG"
"HiG_1"	803	"Gart"	126	"HiG"
"HiG_1"	0	"Rcl1"	504	"HiG"
"HiG_1"	140	"Cluh"	274	"HiG"
"HiG_1"	0	"Rgcc"	504	"HiG"
"HiG_1"	427	"Tnip3"	211	"HiG"
"HiG_1"	7	"C1rl"	355	"HiG"
"HiG_1"	0	"Tob1"	504	"HiG"
"HiG_1"	0	"Klhdc4"	504	"HiG"
"HiG_1"	284	"Srm"	236	"HiG"
"HiG_1"	0	"Lgalsl"	504	"HiG"
"HiG_1"	1	"Palm"	389.5	"HiG"
"HiG_1"	1146	"Ccpg1"	101	"HiG"
"HiG_1"	0	"Armcx2"	504	"HiG"
"HiG_1"	202	"Ube2l6"	262	"HiG"
"HiG_1"	0	"Mmaa"	504	"HiG"
"HiG_1"	0	"Rgs7bp"	504	"HiG"
"HiG_1"	0	"Specc1"	504	"HiG"
"HiG_1"	97	"Cd52"	289	"HiG"
"HiG_1"	279	"Socs2"	238.5	"HiG"
"HiG_1"	2611	"Adpgk"	52	"HiG"
"HiG_1"	591	"Pdia5"	163	"HiG"
"HiG_1"	5	"Ppic"	367	"HiG"
"HiG_1"	917	"Arl4c"	115	"HiG"
"HiG_1"	7	"Sort1"	355	"HiG"
"HiG_1"	1473	"Egfl7"	80	"HiG"
"HiG_1"	219	"Cybb"	256	"HiG"
"HiG_1"	158	"Dpp4"	271	"HiG"
"HiG_1"	1522	"Tnfsf10"	78	"HiG"
"HiG_1"	1	"Kank2"	389.5	"HiG"
"HiG_1"	601	"Lsp1"	159	"HiG"
"HiG_1"	513	"Marcksl1"	198	"HiG"
"HiG_1"	0	"Cystm1"	504	"HiG"
"HiG_1"	1185	"Thy1"	95	"HiG"
"HiG_1"	0	"Rangrf"	504	"HiG"
"HiG_1"	13	"Cd55"	341	"HiG"
"HiG_1"	11	"Thumpd1"	346.5	"HiG"
"HiG_1"	0	"Poc1a"	504	"HiG"
"HiG_1"	0	"Timm9"	504	"HiG"
"HiG_1"	0	"Nudt5"	504	"HiG"
"HiG_1"	1750	"Golim4"	68	"HiG"
"HiG_1"	0	"Tnfaip2"	504	"HiG"
"HiG_1"	6	"Zc3h7b"	361.5	"HiG"
"HiG_1"	3	"Pus7"	376	"HiG"
"HiG_1"	35	"Unc13d"	321	"HiG"
"HiG_1"	32	"Procr"	322	"HiG"
"HiG_1"	584	"Gbe1"	173	"HiG"
"HiG_1"	1718	"Stat2"	70	"HiG"
"HiG_1"	98	"Nkx2-3"	287.5	"HiG"
"HiG_1"	0	"Acsl1"	504	"HiG"
"HiG_1"	580	"Ppat"	185.5	"HiG"
"HiG_1"	247	"Tmem176a"	248.5	"HiG"
"HiG_1"	1695	"Slc15a3"	71	"HiG"
"HiG_1"	0	"Acox3"	504	"HiG"
"HiG_1"	5814	"Cd274"	13	"HiG"
"HiG_1"	0	"Msi2"	504	"HiG"
"HiG_1"	75	"Cdk18"	297	"HiG"
"HiG_1"	0	"Clnk"	504	"HiG"
"HiG_1"	0	"Antxr2"	504	"HiG"
"HiG_1"	2836	"Tgm2"	48	"HiG"
"HiG_1"	0	"Xpc"	504	"HiG"
"HiG_1"	0	"Bcat1"	504	"HiG"
"HiG_1"	1498	"Havcr2"	79	"HiG"
"HiG_1"	0	"Cd320"	504	"HiG"
"HiG_1"	451	"C3ar1"	209	"HiG"
"HiG_1"	0	"Otulin"	504	"HiG"
"HiG_1"	50	"Slc7a11"	307	"HiG"
"HiG_1"	0	"Fkbp11"	504	"HiG"
"HiG_1"	17	"Dhrs7"	333.5	"HiG"
"HiG_1"	2	"B3gnt5"	381.5	"HiG"
"HiG_1"	0	"Agpat2"	504	"HiG"
"HiG_1"	0	"Epb41l4b"	504	"HiG"
"HiG_1"	96	"Ffar2"	290	"HiG"
"HiG_1"	7	"Hoxa7"	355	"HiG"
"HiG_1"	0	"Lbp"	504	"HiG"
"HiG_1"	607	"Mtap"	151	"HiG"
"HiG_1"	0	"Mdfic"	504	"HiG"
"HiG_1"	6	"Gmfg"	361.5	"HiG"
"HiG_1"	0	"Tfec"	504	"HiG"
"HiG_1"	185	"Tbxa2r"	264	"HiG"
"HiG_1"	1833	"Itga2b"	65	"HiG"
"HiG_1"	621	"Ctsc"	145.5	"HiG"
"HiG_1"	418	"Mgst1"	212	"HiG"
"HiG_1"	9	"Ptgs1"	350	"HiG"
"HiG_1"	583	"Rassf3"	181	"HiG"
"HiG_1"	1000	"Igfbp4"	111	"HiG"
"HiG_1"	0	"Lztfl1"	504	"HiG"
"HiG_1"	0	"Ncoa7"	504	"HiG"
"HiG_1"	572	"Parp9"	189	"HiG"
"HiG_1"	3	"Parp12"	376	"HiG"
"HiG_1"	7	"Myo1f"	355	"HiG"
"HiG_1"	288	"Lgmn"	234	"HiG"
"HiG_1"	532	"Fam136a"	196	"HiG"
"HiG_1"	8	"Lax1"	351.5	"HiG"
"HiG_1"	506	"Pde4b"	201	"HiG"
"HiG_1"	1571	"Spint2"	75	"HiG"
"HiG_1"	13	"Pcsk9"	341	"HiG"
"HiG_1"	0	"Aqp9"	504	"HiG"
"HiG_1"	1	"Entpd5"	389.5	"HiG"
"HiG_1"	301	"Cd69"	228	"HiG"
"HiG_1"	52	"Emp1"	306	"HiG"
"HiG_1"	651	"Slc29a2"	142	"HiG"
"HiG_1"	0	"Hdhd2"	504	"HiG"
"HiG_1"	1	"Ptger3"	389.5	"HiG"
"HiG_1"	1397	"Ccl4"	82	"HiG"
"HiG_1"	1176	"Gimap5"	97	"HiG"
"HiG_1"	203	"Snap47"	260.5	"HiG"
"HiG_1"	0	"Tbc1d16"	504	"HiG"
"HiG_1"	0	"Ypel3"	504	"HiG"
"HiG_1"	0	"Pcmtd2"	504	"HiG"
"HiG_1"	0	"Pim2"	504	"HiG"
"HiG_1"	0	"Pik3ip1"	504	"HiG"
"HiG_1"	0	"Azin2"	504	"HiG"
"HiG_1"	0	"Dusp2"	504	"HiG"
"HiG_1"	0	"Tox"	504	"HiG"
"HiG_1"	1126	"Usp18"	102	"HiG"
"HiG_1"	2	"Ociad2"	381.5	"HiG"
"HiG_1"	4	"Neil3"	371	"HiG"
"HiG_1"	0	"Fam216a"	504	"HiG"
"HiG_1"	0	"Tmed3"	504	"HiG"
"HiG_1"	0	"Rbms3"	504	"HiG"
"HiG_1"	1161	"Slc39a10"	100	"HiG"
"HiG_1"	587	"Lrp12"	164.5	"HiG"
"HiG_1"	1576	"Rnf149"	74	"HiG"
"HiG_1"	584	"Tspan3"	173	"HiG"
"HiG_1"	3	"Ndst1"	376	"HiG"
"HiG_1"	279	"Clec12a"	238.5	"HiG"
"HiG_1"	0	"Clec10a"	504	"HiG"
"HiG_1"	0	"Mcoln2"	504	"HiG"
"HiG_1"	133	"Myadm"	275	"HiG"
"HiG_1"	0	"Nrgn"	504	"HiG"
"HiG_1"	0	"Stk17b"	504	"HiG"
"HiG_1"	0	"P2ry14"	504	"HiG"
"HiG_1"	1173	"Prr11"	98	"HiG"
"HiG_1"	48	"Scin"	308.5	"HiG"
"HiG_1"	0	"Gmpr"	504	"HiG"
"HiG_1"	245	"Rsad2"	251	"HiG"
"HiG_1"	1570	"Ptprg"	76	"HiG"
"HiG_1"	0	"Rsad1"	504	"HiG"
"HiG_1"	0	"St3gal5"	504	"HiG"
"HiG_1"	60	"Slc30a4"	304	"HiG"
"HiG_1"	28	"Fam43a"	326	"HiG"
"HiG_1"	0	"Gcnt1"	504	"HiG"
"HiG_1"	582	"Sorl1"	183.5	"HiG"
"HiG_1"	16	"Cd96"	335.5	"HiG"
"HiG_1"	0	"Hvcn1"	504	"HiG"
"HiG_1"	0	"Nceh1"	504	"HiG"
"HiG_1"	0	"Rmi2"	504	"HiG"
"HiG_1"	247	"Clec5a"	248.5	"HiG"
"HiG_1"	1354	"Slc16a1"	83	"HiG"
"HiG_1"	44	"Mex3a"	312.5	"HiG"
"HiG_1"	0	"Hebp1"	504	"HiG"
"HiG_1"	580	"Sh3pxd2b"	185.5	"HiG"
"HiG_1"	0	"Bex4"	504	"HiG"
"HiG_1"	0	"Plpp6"	504	"HiG"
"HiG_1"	0	"Paqr7"	504	"HiG"
"HiG_1"	0	"Epsti1"	504	"HiG"
"HiG_1"	0	"Mboat2"	504	"HiG"
"HiG_1"	42	"Slc19a1"	316	"HiG"
"HiG_1"	0	"Slc35f2"	504	"HiG"
"HiG_1"	4	"Tmem216"	371	"HiG"
"HiG_1"	0	"Frmd4b"	504	"HiG"
"HiG_1"	48	"Arx"	308.5	"HiG"
"HiG_1"	0	"Mboat1"	504	"HiG"
"HiG_1"	0	"Phlda2"	504	"HiG"
"HiG_1"	0	"Dnajc6"	504	"HiG"
"HiG_1"	279	"Hpse"	238.5	"HiG"
"HiG_1"	11	"Tbc1d8"	346.5	"HiG"
"HiG_1"	0	"Ptgr1"	504	"HiG"
"HiG_1"	0	"Muc13"	504	"HiG"
"HiG_1"	0	"Osbpl5"	504	"HiG"
"HiG_1"	0	"Pnpla7"	504	"HiG"
"HiG_1"	0	"Ndrg2"	504	"HiG"
"HiG_1"	0	"Cd300lb"	504	"HiG"
"HiG_1"	0	"Ggt5"	504	"HiG"
"HiG_1"	0	"Angptl2"	504	"HiG"
"HiG_1"	0	"Oas2"	504	"HiG"
"HiG_1"	629	"Ifi44"	144	"HiG"
"HiG_1"	0	"Fads3"	504	"HiG"
"HiG_1"	0	"Il17re"	504	"HiG"
"HiG_1"	279	"Mgst2"	238.5	"HiG"
"HiG_1"	0	"Tspan2"	504	"HiG"
"HiG_1"	296	"Vldlr"	229	"HiG"
"HiG_1"	0	"B4galnt4"	504	"HiG"
"HiG_1"	0	"Snn"	504	"HiG"
"HiG_1"	1	"Spata13"	389.5	"HiG"
"HiG_1"	1	"Tmx4"	389.5	"HiG"
"HiG_1"	415	"Clec4e"	213	"HiG"
"HiG_1"	0	"Gatm"	504	"HiG"
"HiG_1"	0	"Stxbp6"	504	"HiG"
"HiG_1"	0	"Rnmt"	504	"HiG"
"HiG_1"	484	"Isg20"	203	"HiG"
"HiG_1"	23	"Sulf2"	329.5	"HiG"
"HiG_1"	107	"Vangl2"	284	"HiG"
"HiG_1"	582	"B4galt6"	183.5	"HiG"
"HiG_1"	0	"Tmem108"	504	"HiG"
"HiG_1"	599	"Timp3"	160	"HiG"
"HiG_1"	584	"Fgd4"	173	"HiG"
"HiG_1"	0	"Tor3a"	504	"HiG"
"HiG_1"	0	"Gimap1"	504	"HiG"
"HiG_1"	0	"Ddhd1"	504	"HiG"
"HiG_1"	0	"Perp"	504	"HiG"
"HiG_1"	0	"Phtf2"	504	"HiG"
"HiG_1"	0	"Tgif2"	504	"HiG"
"HiG_1"	14	"Ptprcap"	338.5	"HiG"
"HiG_1"	0	"Lrrc25"	504	"HiG"
"HiG_1"	1166	"Tgfbr3"	99	"HiG"
"HiG_1"	0	"Kdm7a"	504	"HiG"
"HiG_1"	40	"Rasgef1b"	318	"HiG"
"HiG_1"	842	"Wdr36"	125	"HiG"
"HiG_1"	584	"Lipa"	173	"HiG"
"HiG_1"	0	"Plin2"	504	"HiG"
"HiG_1"	70	"Scarf1"	300	"HiG"
"HiG_1"	29	"Cldn11"	324.5	"HiG"
"HiG_1"	246	"Tie1"	250	"HiG"
"HiG_1"	0	"Ccdc125"	504	"HiG"
"HiG_1"	0	"Slc7a8"	504	"HiG"
"HiG_1"	0	"Gimap6"	504	"HiG"
"HiG_1"	1641	"Pdcd1lg2"	72	"HiG"
"HiG_1"	615	"Nkg7"	147	"HiG"
"HiG_1"	0	"Gjb3"	504	"HiG"
"HiG_1"	741	"Ms4a3"	134	"HiG"
"HiG_1"	72	"Trib3"	298	"HiG"
"HiG_1"	0	"Pglyrp2"	504	"HiG"
"HiG_1"	17	"Slc14a1"	333.5	"HiG"
"HiG_1"	11	"Slc18a2"	346.5	"HiG"
"HiG_1"	0	"Dram1"	504	"HiG"
"HiG_1"	0	"Syce2"	504	"HiG"
"HiG_1"	0	"Man1c1"	504	"HiG"
"HiG_1"	0	"Rtp4"	504	"HiG"
"HiG_1"	92	"Slpi"	292	"HiG"
"HiG_1"	0	"Msra"	504	"HiG"
"HiG_1"	0	"Bri3"	504	"HiG"
"HiG_1"	0	"Plpp5"	504	"HiG"
"HiG_1"	0	"Tmem71"	504	"HiG"
"HiG_1"	606	"Clec4d"	152	"HiG"
"HiG_1"	1036	"Zfp36"	110	"HiG"
"HiG_1"	71	"Ccr2"	299	"HiG"
"HiG_1"	15	"Smo"	337	"HiG"
"HiG_1"	0	"Sp140"	504	"HiG"
"HiG_1"	0	"Myct1"	504	"HiG"
"HiG_1"	294	"Ccl24"	230.5	"HiG"
"HiG_1"	0	"Lst1"	504	"HiG"
"HiG_1"	0	"Rasgrp2"	504	"HiG"
"HiG_1"	605	"Rab38"	153	"HiG"
"HiG_1"	0	"Ctxn1"	504	"HiG"
"HiG_1"	0	"Tmem154"	504	"HiG"
"HiG_1"	0	"Slc28a2"	504	"HiG"
"HiG_1"	0	"Rnase4"	504	"HiG"
"HiG_1"	1	"Kbtbd11"	389.5	"HiG"
"HiG_1"	0	"Slc24a3"	504	"HiG"
"HiG_1"	0	"Plxnc1"	504	"HiG"
"HiG_1"	0	"Plppr3"	504	"HiG"
"HiG_1"	0	"Tfr2"	504	"HiG"
"HiG_1"	0	"Samd9l"	504	"HiG"
"HiG_1"	0	"Rasa4"	504	"HiG"
"HiG_1"	98	"Slc22a3"	287.5	"HiG"
"HiG_1"	0	"Gpr171"	504	"HiG"
"HiG_1"	101	"Mrc1"	286	"HiG"
"HiG_1"	0	"Tmem176b"	504	"HiG"
"HiG_1"	5	"Spns2"	367	"HiG"
"HiG_1"	2	"Sh2d5"	381.5	"HiG"
"HiG_1"	0	"Cmpk2"	504	"HiG"
"HiG_1"	39	"Gpr65"	319	"HiG"
"HiG_1"	0	"Adgrl4"	504	"HiG"
"HiG_1"	0	"Prss57"	504	"HiG"
"HiG_1"	584	"Vsir"	173	"HiG"
"HiG_1"	0	"Smpdl3a"	504	"HiG"
"HiG_1"	0	"Tmem40"	504	"HiG"
"HiG_1"	0	"Tmem64"	504	"HiG"
"HiG_1"	0	"Zfp36l1"	504	"HiG"
"HiG_1"	10	"Zmpste24"	349	"HiG"
"HiG_1"	0	"Tspan13"	504	"HiG"
"HiG_1"	0	"Tusc1"	504	"HiG"
"HiG_1"	0	"Ydjc"	504	"HiG"
"HiG_1"	0	"Zdhhc8"	504	"HiG"
"HiG_1"	0	"Zcchc18"	504	"HiG"
"HiG_1"	0	"Hacd4"	504	"HiG"
"HiG_1"	0	"Thsd1"	504	"HiG"
"HiG_1"	0	"Tmem215"	504	"HiG"
"HiG_10"	65	"Gata2"	174	"HiG"
"HiG_10"	21627	"App"	2	"HiG"
"HiG_10"	0	"Egr1"	343.5	"HiG"
"HiG_10"	3910	"Fgfr1"	9	"HiG"
"HiG_10"	1204	"Daxx"	45	"HiG"
"HiG_10"	671	"Gnaz"	79	"HiG"
"HiG_10"	521	"P4ha2"	92	"HiG"
"HiG_10"	1959	"Bcl2"	18	"HiG"
"HiG_10"	70	"Ncf4"	172	"HiG"
"HiG_10"	24	"Gata1"	201.5	"HiG"
"HiG_10"	8	"Id2"	226	"HiG"
"HiG_10"	54	"Nedd9"	180	"HiG"
"HiG_10"	45	"Rara"	188	"HiG"
"HiG_10"	41	"Gfi1"	192.5	"HiG"
"HiG_10"	1176	"Slc29a1"	47	"HiG"
"HiG_10"	0	"Dctd"	343.5	"HiG"
"HiG_10"	50	"Lzts2"	184	"HiG"
"HiG_10"	0	"Dctpp1"	343.5	"HiG"
"HiG_10"	0	"Acy1"	343.5	"HiG"
"HiG_10"	2	"Mad1l1"	248	"HiG"
"HiG_10"	1	"Satb1"	253	"HiG"
"HiG_10"	585	"Gem"	89	"HiG"
"HiG_10"	0	"Sat1"	343.5	"HiG"
"HiG_10"	10	"Nme4"	219	"HiG"
"HiG_10"	0	"Sdsl"	343.5	"HiG"
"HiG_10"	53	"Dusp6"	181	"HiG"
"HiG_10"	13	"Fth1"	215	"HiG"
"HiG_10"	654	"Nrip1"	81	"HiG"
"HiG_10"	724	"Vasp"	71	"HiG"
"HiG_10"	408	"Bnip3"	104	"HiG"
"HiG_10"	52	"Sirpa"	182	"HiG"
"HiG_10"	0	"Eif1ad"	343.5	"HiG"
"HiG_10"	0	"Gemin6"	343.5	"HiG"
"HiG_10"	85	"Fgf2"	167	"HiG"
"HiG_10"	2688	"Pml"	15	"HiG"
"HiG_10"	1203	"Jun"	46	"HiG"
"HiG_10"	0	"Raph1"	343.5	"HiG"
"HiG_10"	991	"Atad3a"	58	"HiG"
"HiG_10"	680	"Cdk6"	78	"HiG"
"HiG_10"	1120	"Lyar"	52	"HiG"
"HiG_10"	0	"Ltf"	343.5	"HiG"
"HiG_10"	4622	"S100a9"	6	"HiG"
"HiG_10"	1561	"Bag2"	29	"HiG"
"HiG_10"	408	"Bzw2"	104	"HiG"
"HiG_10"	779	"Plod2"	67	"HiG"
"HiG_10"	22	"Bcar3"	203.5	"HiG"
"HiG_10"	0	"Osgep"	343.5	"HiG"
"HiG_10"	1296	"Anxa1"	39	"HiG"
"HiG_10"	1757	"Nolc1"	21	"HiG"
"HiG_10"	709	"Fbl"	74	"HiG"
"HiG_10"	0	"Ddt"	343.5	"HiG"
"HiG_10"	57	"S100a8"	177.5	"HiG"
"HiG_10"	1447	"Prmt1"	33	"HiG"
"HiG_10"	0	"Psph"	343.5	"HiG"
"HiG_10"	378	"Pa2g4"	126	"HiG"
"HiG_10"	799	"Lgals3bp"	64	"HiG"
"HiG_10"	1657	"Tnf"	24	"HiG"
"HiG_10"	1835	"Ddx21"	20	"HiG"
"HiG_10"	36730	"Myc"	1	"HiG"
"HiG_10"	1407	"Mybbp1a"	34	"HiG"
"HiG_10"	0	"Fabp5"	343.5	"HiG"
"HiG_10"	591	"Med21"	88	"HiG"
"HiG_10"	396	"Mapk3"	112.5	"HiG"
"HiG_10"	1276	"Fyn"	40.5	"HiG"
"HiG_10"	0	"Cd82"	343.5	"HiG"
"HiG_10"	1227	"Tnfrsf1b"	42	"HiG"
"HiG_10"	2847	"Prkcb"	13	"HiG"
"HiG_10"	511	"Myb"	95.5	"HiG"
"HiG_10"	1	"Exosc2"	253	"HiG"
"HiG_10"	511	"Hsph1"	95.5	"HiG"
"HiG_10"	0	"Rnf128"	343.5	"HiG"
"HiG_10"	786	"Gnai1"	65	"HiG"
"HiG_10"	1688	"Ahnak"	22	"HiG"
"HiG_10"	8	"Il6"	226	"HiG"
"HiG_10"	659	"Cstb"	80	"HiG"
"HiG_10"	0	"Ackr1"	343.5	"HiG"
"HiG_10"	27	"Cd84"	199	"HiG"
"HiG_10"	0	"Lrpap1"	343.5	"HiG"
"HiG_10"	0	"Emp2"	343.5	"HiG"
"HiG_10"	288	"S100a6"	140	"HiG"
"HiG_10"	6	"Ets1"	235.5	"HiG"
"HiG_10"	0	"Hmga2"	343.5	"HiG"
"HiG_10"	2971	"Ppia"	12	"HiG"
"HiG_10"	0	"Nfix"	343.5	"HiG"
"HiG_10"	11	"Lif"	218	"HiG"
"HiG_10"	1651	"Kat2a"	25	"HiG"
"HiG_10"	0	"Mxd1"	343.5	"HiG"
"HiG_10"	0	"Ikzf2"	343.5	"HiG"
"HiG_10"	0	"Hes1"	343.5	"HiG"
"HiG_10"	617	"Srpk1"	85	"HiG"
"HiG_10"	717	"Anxa6"	73	"HiG"
"HiG_10"	167	"Ccl7"	154.5	"HiG"
"HiG_10"	229	"Cd48"	148	"HiG"
"HiG_10"	55	"Fez1"	179	"HiG"
"HiG_10"	1452	"Dkc1"	32	"HiG"
"HiG_10"	424	"Prg2"	98.5	"HiG"
"HiG_10"	88	"Rgs1"	166	"HiG"
"HiG_10"	123	"Lamc1"	161	"HiG"
"HiG_10"	173	"Sh2d3c"	153	"HiG"
"HiG_10"	100	"Gpr183"	164	"HiG"
"HiG_10"	126	"Mllt3"	160	"HiG"
"HiG_10"	17	"S100a4"	208	"HiG"
"HiG_10"	390	"Pno1"	119	"HiG"
"HiG_10"	1061	"Csf2rb"	55	"HiG"
"HiG_10"	0	"Capn2"	343.5	"HiG"
"HiG_10"	145	"Pdgfa"	158	"HiG"
"HiG_10"	239	"F2r"	146	"HiG"
"HiG_10"	15	"Erg"	211	"HiG"
"HiG_10"	5	"Spint1"	239.5	"HiG"
"HiG_10"	47	"Csf1"	185.5	"HiG"
"HiG_10"	9	"Ctsb"	221.5	"HiG"
"HiG_10"	1522	"Itgb3"	30	"HiG"
"HiG_10"	408	"Gar1"	104	"HiG"
"HiG_10"	398	"Tnfrsf8"	110	"HiG"
"HiG_10"	0	"Lat"	343.5	"HiG"
"HiG_10"	267	"Ccl3"	143	"HiG"
"HiG_10"	782	"Kit"	66	"HiG"
"HiG_10"	1331	"Socs1"	37	"HiG"
"HiG_10"	3167	"Nrp1"	10	"HiG"
"HiG_10"	1572	"Apex1"	28	"HiG"
"HiG_10"	0	"Tjp1"	343.5	"HiG"
"HiG_10"	0	"Serpine1"	343.5	"HiG"
"HiG_10"	1225	"Cyba"	43	"HiG"
"HiG_10"	457	"Ssbp1"	97	"HiG"
"HiG_10"	593	"Ssbp2"	87	"HiG"
"HiG_10"	292	"Ssbp3"	139	"HiG"
"HiG_10"	14	"Rcc1"	213	"HiG"
"HiG_10"	44	"Meis1"	189.5	"HiG"
"HiG_10"	0	"Cyp11a1"	343.5	"HiG"
"HiG_10"	284	"Lcn2"	141	"HiG"
"HiG_10"	748	"Pbx1"	70	"HiG"
"HiG_10"	0	"Tnfrsf9"	343.5	"HiG"
"HiG_10"	0	"Noc2l"	343.5	"HiG"
"HiG_10"	1094	"Slc6a4"	53	"HiG"
"HiG_10"	519	"Tnfaip3"	93	"HiG"
"HiG_10"	0	"Cfp"	343.5	"HiG"
"HiG_10"	0	"Avil"	343.5	"HiG"
"HiG_10"	2973	"Podxl"	11	"HiG"
"HiG_10"	602	"Skap1"	86	"HiG"
"HiG_10"	0	"Cd34"	343.5	"HiG"
"HiG_10"	516	"Rab27b"	94	"HiG"
"HiG_10"	1574	"Fcer1g"	27	"HiG"
"HiG_10"	398	"Ms4a2"	110	"HiG"
"HiG_10"	0	"Nlgn2"	343.5	"HiG"
"HiG_10"	0	"Rassf5"	343.5	"HiG"
"HiG_10"	51	"Itga9"	183	"HiG"
"HiG_10"	7	"Glb1"	230.5	"HiG"
"HiG_10"	8	"Adora2b"	226	"HiG"
"HiG_10"	707	"Cd33"	75	"HiG"
"HiG_10"	14023	"Prnp"	3	"HiG"
"HiG_10"	423	"Furin"	100.5	"HiG"
"HiG_10"	119	"Cd244"	162	"HiG"
"HiG_10"	400	"Plaur"	107.5	"HiG"
"HiG_10"	6010	"Ctsd"	4	"HiG"
"HiG_10"	27	"Rab33b"	199	"HiG"
"HiG_10"	2421	"Ccl2"	17	"HiG"
"HiG_10"	0	"Klf2"	343.5	"HiG"
"HiG_10"	0	"Aldoc"	343.5	"HiG"
"HiG_10"	133	"Itgb7"	159	"HiG"
"HiG_10"	7	"Il1rl1"	230.5	"HiG"
"HiG_10"	1304	"Gzmb"	38	"HiG"
"HiG_10"	0	"Slc6a9"	343.5	"HiG"
"HiG_10"	1276	"Tph1"	40.5	"HiG"
"HiG_10"	1603	"Ctsg"	26	"HiG"
"HiG_10"	0	"Gstm1"	343.5	"HiG"
"HiG_10"	2707	"Lgals3"	14	"HiG"
"HiG_10"	1	"Cdkn3"	253	"HiG"
"HiG_10"	2506	"Col18a1"	16	"HiG"
"HiG_10"	1085	"Cd93"	54	"HiG"
"HiG_10"	377	"Tyrobp"	127	"HiG"
"HiG_10"	0	"Hmox1"	343.5	"HiG"
"HiG_10"	376	"Jdp2"	128.5	"HiG"
"HiG_10"	0	"Ctr9"	343.5	"HiG"
"HiG_10"	0	"Acadm"	343.5	"HiG"
"HiG_10"	0	"Pygl"	343.5	"HiG"
"HiG_10"	0	"Suclg2"	343.5	"HiG"
"HiG_10"	622	"Noc3l"	84	"HiG"
"HiG_10"	73	"Nudcd1"	171	"HiG"
"HiG_10"	1388	"Nop58"	35	"HiG"
"HiG_10"	0	"Tecpr1"	343.5	"HiG"
"HiG_10"	44	"Farsb"	189.5	"HiG"
"HiG_10"	7	"Gas7"	230.5	"HiG"
"HiG_10"	0	"Tsc22d1"	343.5	"HiG"
"HiG_10"	0	"Rap1gap2"	343.5	"HiG"
"HiG_10"	0	"Cobl"	343.5	"HiG"
"HiG_10"	404	"Egln3"	106	"HiG"
"HiG_10"	19	"Wdr12"	205.5	"HiG"
"HiG_10"	6	"Sirt3"	235.5	"HiG"
"HiG_10"	19	"Anxa4"	205.5	"HiG"
"HiG_10"	1158	"Tcf4"	50	"HiG"
"HiG_10"	0	"Cenpv"	343.5	"HiG"
"HiG_10"	0	"Nt5dc2"	343.5	"HiG"
"HiG_10"	224	"Mfge8"	149	"HiG"
"HiG_10"	64	"Adgrg1"	175	"HiG"
"HiG_10"	0	"Fry"	343.5	"HiG"
"HiG_10"	5567	"Nop56"	5	"HiG"
"HiG_10"	247	"Camp"	144	"HiG"
"HiG_10"	0	"Adgra3"	343.5	"HiG"
"HiG_10"	4377	"Itm2b"	7	"HiG"
"HiG_10"	74	"Mycn"	170	"HiG"
"HiG_10"	891	"Tubb2a"	60	"HiG"
"HiG_10"	4221	"Impdh2"	8	"HiG"
"HiG_10"	0	"Bst2"	343.5	"HiG"
"HiG_10"	2	"Hmgn3"	248	"HiG"
"HiG_10"	1223	"Cad"	44	"HiG"
"HiG_10"	321	"Nop2"	136	"HiG"
"HiG_10"	0	"Sh3bp5"	343.5	"HiG"
"HiG_10"	0	"Plxdc2"	343.5	"HiG"
"HiG_10"	0	"Acsbg1"	343.5	"HiG"
"HiG_10"	0	"Tcf19"	343.5	"HiG"
"HiG_10"	39	"Ppbp"	195	"HiG"
"HiG_10"	92	"Kcne3"	165	"HiG"
"HiG_10"	0	"Odc1"	343.5	"HiG"
"HiG_10"	5	"Pld3"	239.5	"HiG"
"HiG_10"	396	"Ak4"	112.5	"HiG"
"HiG_10"	9	"Osm"	221.5	"HiG"
"HiG_10"	347	"Npm3"	133	"HiG"
"HiG_10"	1664	"Ptges3"	23	"HiG"
"HiG_10"	305	"Prmt3"	138	"HiG"
"HiG_10"	376	"Cnp"	128.5	"HiG"
"HiG_10"	0	"Desi1"	343.5	"HiG"
"HiG_10"	863	"Creb3l2"	61	"HiG"
"HiG_10"	1	"Cpox"	253	"HiG"
"HiG_10"	0	"Cpd"	343.5	"HiG"
"HiG_10"	0	"Abcg1"	343.5	"HiG"
"HiG_10"	0	"Cnn2"	343.5	"HiG"
"HiG_10"	0	"Nop14"	343.5	"HiG"
"HiG_10"	9	"Gart"	221.5	"HiG"
"HiG_10"	0	"Rcl1"	343.5	"HiG"
"HiG_10"	0	"Cluh"	343.5	"HiG"
"HiG_10"	4	"Fcer1a"	242.5	"HiG"
"HiG_10"	390	"Atp8a2"	119	"HiG"
"HiG_10"	0	"Klhdc4"	343.5	"HiG"
"HiG_10"	361	"Srm"	131	"HiG"
"HiG_10"	0	"Lgalsl"	343.5	"HiG"
"HiG_10"	12	"Ccpg1"	217	"HiG"
"HiG_10"	0	"Armcx2"	343.5	"HiG"
"HiG_10"	0	"Specc1"	343.5	"HiG"
"HiG_10"	6	"Lama5"	235.5	"HiG"
"HiG_10"	37	"Socs2"	196	"HiG"
"HiG_10"	0	"Adpgk"	343.5	"HiG"
"HiG_10"	1859	"Arl4c"	19	"HiG"
"HiG_10"	34	"Trib2"	197	"HiG"
"HiG_10"	6	"Dok3"	235.5	"HiG"
"HiG_10"	537	"Cybb"	91	"HiG"
"HiG_10"	2	"Rab3d"	248	"HiG"
"HiG_10"	1167	"Rangrf"	49	"HiG"
"HiG_10"	581	"Cd55"	90	"HiG"
"HiG_10"	0	"Thumpd1"	343.5	"HiG"
"HiG_10"	0	"Timm9"	343.5	"HiG"
"HiG_10"	0	"Nudt5"	343.5	"HiG"
"HiG_10"	0	"Golim4"	343.5	"HiG"
"HiG_10"	0	"Zc3h7b"	343.5	"HiG"
"HiG_10"	0	"Pus7"	343.5	"HiG"
"HiG_10"	66	"Unc13d"	173	"HiG"
"HiG_10"	330	"Ahnak2"	134	"HiG"
"HiG_10"	0	"Parvb"	343.5	"HiG"
"HiG_10"	0	"Ppat"	343.5	"HiG"
"HiG_10"	0	"Dgki"	343.5	"HiG"
"HiG_10"	0	"Jazf1"	343.5	"HiG"
"HiG_10"	327	"Cd274"	135	"HiG"
"HiG_10"	0	"Msi2"	343.5	"HiG"
"HiG_10"	826	"Cdk18"	62	"HiG"
"HiG_10"	8	"Clnk"	226	"HiG"
"HiG_10"	0	"Antxr2"	343.5	"HiG"
"HiG_10"	311	"Vwf"	137	"HiG"
"HiG_10"	8	"Havcr2"	226	"HiG"
"HiG_10"	0	"Cd320"	343.5	"HiG"
"HiG_10"	390	"C3ar1"	119	"HiG"
"HiG_10"	0	"Gda"	343.5	"HiG"
"HiG_10"	0	"Tnfsf12"	343.5	"HiG"
"HiG_10"	0	"Otulin"	343.5	"HiG"
"HiG_10"	41	"Creb3l1"	192.5	"HiG"
"HiG_10"	0	"Calca"	343.5	"HiG"
"HiG_10"	7	"Abhd5"	230.5	"HiG"
"HiG_10"	57	"Cma1"	177.5	"HiG"
"HiG_10"	15	"Maob"	211	"HiG"
"HiG_10"	390	"Agpat2"	119	"HiG"
"HiG_10"	960	"Ddc"	59	"HiG"
"HiG_10"	0	"Mtap"	343.5	"HiG"
"HiG_10"	0	"Mdfic"	343.5	"HiG"
"HiG_10"	0	"G0s2"	343.5	"HiG"
"HiG_10"	78	"Gmfg"	168	"HiG"
"HiG_10"	1026	"Itga2b"	57	"HiG"
"HiG_10"	109	"Adgre5"	163	"HiG"
"HiG_10"	47	"Ctsc"	185.5	"HiG"
"HiG_10"	0	"Ptgs1"	343.5	"HiG"
"HiG_10"	0	"Rassf3"	343.5	"HiG"
"HiG_10"	385	"Gna14"	124	"HiG"
"HiG_10"	241	"Igfbp4"	145	"HiG"
"HiG_10"	383	"Gns"	125	"HiG"
"HiG_10"	0	"Papss2"	343.5	"HiG"
"HiG_10"	0	"Myo1f"	343.5	"HiG"
"HiG_10"	4	"Fam136a"	242.5	"HiG"
"HiG_10"	718	"Spint2"	72	"HiG"
"HiG_10"	0	"Pcsk9"	343.5	"HiG"
"HiG_10"	390	"Aqp9"	119	"HiG"
"HiG_10"	422	"Capg"	102	"HiG"
"HiG_10"	0	"Entpd5"	343.5	"HiG"
"HiG_10"	15	"Cd69"	211	"HiG"
"HiG_10"	0	"Gpx3"	343.5	"HiG"
"HiG_10"	0	"Hdhd2"	343.5	"HiG"
"HiG_10"	4	"Ptger3"	242.5	"HiG"
"HiG_10"	1506	"Ccl4"	31	"HiG"
"HiG_10"	0	"Snap47"	343.5	"HiG"
"HiG_10"	0	"Nabp1"	343.5	"HiG"
"HiG_10"	0	"Bfsp2"	343.5	"HiG"
"HiG_10"	0	"Pcmtd2"	343.5	"HiG"
"HiG_10"	149	"Pim2"	156	"HiG"
"HiG_10"	0	"Rprm"	343.5	"HiG"
"HiG_10"	0	"Inpp4b"	343.5	"HiG"
"HiG_10"	13	"Neil3"	215	"HiG"
"HiG_10"	0	"Fam216a"	343.5	"HiG"
"HiG_10"	394	"Tmed3"	114	"HiG"
"HiG_10"	389	"Oaf"	123	"HiG"
"HiG_10"	0	"Rbms3"	343.5	"HiG"
"HiG_10"	1353	"Slc39a10"	36	"HiG"
"HiG_10"	0	"Lrp12"	343.5	"HiG"
"HiG_10"	27	"Rnf149"	199	"HiG"
"HiG_10"	198	"Tspan3"	152	"HiG"
"HiG_10"	0	"Ndst1"	343.5	"HiG"
"HiG_10"	0	"Hsd11b1"	343.5	"HiG"
"HiG_10"	0	"Sema4c"	343.5	"HiG"
"HiG_10"	390	"Far2"	119	"HiG"
"HiG_10"	423	"Clec10a"	100.5	"HiG"
"HiG_10"	682	"Myadm"	77	"HiG"
"HiG_10"	0	"Kdelr3"	343.5	"HiG"
"HiG_10"	0	"Stk17b"	343.5	"HiG"
"HiG_10"	0	"P2ry14"	343.5	"HiG"
"HiG_10"	0	"Prr11"	343.5	"HiG"
"HiG_10"	392	"Scin"	115	"HiG"
"HiG_10"	1044	"Ccr1"	56	"HiG"
"HiG_10"	0	"Gmpr"	343.5	"HiG"
"HiG_10"	46	"Ptprg"	187	"HiG"
"HiG_10"	0	"Rsad1"	343.5	"HiG"
"HiG_10"	0	"Gpr137b"	343.5	"HiG"
"HiG_10"	16	"Hs6st2"	209	"HiG"
"HiG_10"	0	"Gcnt1"	343.5	"HiG"
"HiG_10"	3	"Nceh1"	245	"HiG"
"HiG_10"	0	"Rmi2"	343.5	"HiG"
"HiG_10"	1169	"Slc16a1"	48	"HiG"
"HiG_10"	0	"Adam8"	343.5	"HiG"
"HiG_10"	400	"Sh3pxd2b"	107.5	"HiG"
"HiG_10"	0	"Bex4"	343.5	"HiG"
"HiG_10"	0	"Paqr7"	343.5	"HiG"
"HiG_10"	0	"Slc6a8"	343.5	"HiG"
"HiG_10"	398	"Slc19a1"	110	"HiG"
"HiG_10"	2	"Tmem216"	248	"HiG"
"HiG_10"	0	"Stk10"	343.5	"HiG"
"HiG_10"	0	"Mboat1"	343.5	"HiG"
"HiG_10"	147	"Neu1"	157	"HiG"
"HiG_10"	0	"Ptgr1"	343.5	"HiG"
"HiG_10"	0	"Muc13"	343.5	"HiG"
"HiG_10"	764	"Osbpl5"	69	"HiG"
"HiG_10"	0	"Sgms2"	343.5	"HiG"
"HiG_10"	1	"Frmpd1"	253	"HiG"
"HiG_10"	278	"Tpsab1"	142	"HiG"
"HiG_10"	0	"P2rx1"	343.5	"HiG"
"HiG_10"	0	"Nrip3"	343.5	"HiG"
"HiG_10"	0	"Spata13"	343.5	"HiG"
"HiG_10"	0	"Rbpms2"	343.5	"HiG"
"HiG_10"	686	"Tpsb2"	76	"HiG"
"HiG_10"	360	"Hgfac"	132	"HiG"
"HiG_10"	18	"Rnmt"	207	"HiG"
"HiG_10"	0	"Gpr141"	343.5	"HiG"
"HiG_10"	390	"P2ry1"	119	"HiG"
"HiG_10"	0	"Gimap1"	343.5	"HiG"
"HiG_10"	40	"Syngr1"	194	"HiG"
"HiG_10"	0	"Rasgrp4"	343.5	"HiG"
"HiG_10"	0	"Phtf2"	343.5	"HiG"
"HiG_10"	203	"Espn"	151	"HiG"
"HiG_10"	4	"Ptprcap"	242.5	"HiG"
"HiG_10"	167	"Anpep"	154.5	"HiG"
"HiG_10"	237	"Cadm3"	147	"HiG"
"HiG_10"	22	"Cd300lf"	203.5	"HiG"
"HiG_10"	0	"Grina"	343.5	"HiG"
"HiG_10"	424	"Slc30a2"	98.5	"HiG"
"HiG_10"	0	"Tmtc2"	343.5	"HiG"
"HiG_10"	0	"Slc23a2"	343.5	"HiG"
"HiG_10"	0	"Oit3"	343.5	"HiG"
"HiG_10"	2	"Wdr36"	248	"HiG"
"HiG_10"	77	"Plin2"	169	"HiG"
"HiG_10"	9	"Slc7a8"	221.5	"HiG"
"HiG_10"	42	"Pdcd1lg2"	191	"HiG"
"HiG_10"	650	"Nkg7"	82	"HiG"
"HiG_10"	0	"Slc41a3"	343.5	"HiG"
"HiG_10"	0	"Slc14a1"	343.5	"HiG"
"HiG_10"	62	"Slc18a2"	176	"HiG"
"HiG_10"	0	"Syce2"	343.5	"HiG"
"HiG_10"	223	"Slpi"	150	"HiG"
"HiG_10"	0	"Bri3"	343.5	"HiG"
"HiG_10"	0	"Plpp5"	343.5	"HiG"
"HiG_10"	0	"Sapcd1"	343.5	"HiG"
"HiG_10"	0	"Cpa3"	343.5	"HiG"
"HiG_10"	627	"Ccr2"	83	"HiG"
"HiG_10"	0	"Smo"	343.5	"HiG"
"HiG_10"	0	"Padi2"	343.5	"HiG"
"HiG_10"	1132	"Rab38"	51	"HiG"
"HiG_10"	0	"Hdc"	343.5	"HiG"
"HiG_10"	0	"Unc5b"	343.5	"HiG"
"HiG_10"	0	"Gpr34"	343.5	"HiG"
"HiG_10"	0	"Tmem154"	343.5	"HiG"
"HiG_10"	0	"Tgfa"	343.5	"HiG"
"HiG_10"	778	"Slc24a3"	68	"HiG"
"HiG_10"	24	"Mmp8"	201.5	"HiG"
"HiG_10"	0	"Gcsam"	343.5	"HiG"
"HiG_10"	0	"Sgsm2"	343.5	"HiG"
"HiG_10"	0	"Slc45a3"	343.5	"HiG"
"HiG_10"	0	"Slc22a3"	343.5	"HiG"
"HiG_10"	365	"Tcn2"	130	"HiG"
"HiG_10"	0	"Gpr171"	343.5	"HiG"
"HiG_10"	0	"F2rl2"	343.5	"HiG"
"HiG_10"	6	"Slco2b1"	235.5	"HiG"
"HiG_10"	0	"Spns2"	343.5	"HiG"
"HiG_10"	0	"Grm6"	343.5	"HiG"
"HiG_10"	0	"Sytl3"	343.5	"HiG"
"HiG_10"	13	"Vegfc"	215	"HiG"
"HiG_10"	0	"Gpr174"	343.5	"HiG"
"HiG_10"	0	"Tpsg1"	343.5	"HiG"
"HiG_10"	0	"Tmem40"	343.5	"HiG"
"HiG_10"	0	"Tmem64"	343.5	"HiG"
"HiG_10"	6	"Zfp36l1"	235.5	"HiG"
"HiG_10"	800	"Zmpste24"	63	"HiG"
"HiG_10"	0	"Ppp1r3g"	343.5	"HiG"
"HiG_10"	0	"Tspan13"	343.5	"HiG"
"HiG_10"	0	"Tusc1"	343.5	"HiG"
"HiG_10"	0	"Ydjc"	343.5	"HiG"
"HiG_10"	0	"Zdhhc8"	343.5	"HiG"
"HiG_10"	0	"Hacd4"	343.5	"HiG"
"HiG_10"	0	"Tpbgl"	343.5	"HiG"
"HiG_10"	0	"Samd14"	343.5	"HiG"
"HiG_11"	0	"Gata2"	307	"HiG"
"HiG_11"	49	"Capn3"	165.5	"HiG"
"HiG_11"	336	"Egr1"	123	"HiG"
"HiG_11"	922	"Daxx"	49	"HiG"
"HiG_11"	1377	"Gnaz"	31	"HiG"
"HiG_11"	16	"Il1a"	187	"HiG"
"HiG_11"	1092	"Bcl2"	40	"HiG"
"HiG_11"	1901	"Snca"	21	"HiG"
"HiG_11"	779	"Flt1"	56	"HiG"
"HiG_11"	959	"Selp"	45	"HiG"
"HiG_11"	362	"Itgb2"	95	"HiG"
"HiG_11"	126	"Gata1"	153	"HiG"
"HiG_11"	647	"Il6st"	71	"HiG"
"HiG_11"	0	"Id2"	307	"HiG"
"HiG_11"	0	"Hivep3"	307	"HiG"
"HiG_11"	1332	"Itsn1"	34	"HiG"
"HiG_11"	9	"Gadd45g"	194	"HiG"
"HiG_11"	231	"Dctd"	141	"HiG"
"HiG_11"	13	"Lzts2"	191	"HiG"
"HiG_11"	0	"Dctpp1"	307	"HiG"
"HiG_11"	587	"Mad1l1"	75	"HiG"
"HiG_11"	310	"Stx11"	128	"HiG"
"HiG_11"	6512	"Actn1"	3	"HiG"
"HiG_11"	0	"Phlda1"	307	"HiG"
"HiG_11"	0	"Sat1"	307	"HiG"
"HiG_11"	445	"Isg15"	87	"HiG"
"HiG_11"	344	"Dusp6"	120.5	"HiG"
"HiG_11"	0	"Fth1"	307	"HiG"
"HiG_11"	907	"Nrip1"	50	"HiG"
"HiG_11"	109	"Clec1b"	157	"HiG"
"HiG_11"	267	"Vasp"	138	"HiG"
"HiG_11"	0	"Plac8"	307	"HiG"
"HiG_11"	0	"Eif1ad"	307	"HiG"
"HiG_11"	1322	"Trip6"	35	"HiG"
"HiG_11"	0	"Gemin6"	307	"HiG"
"HiG_11"	2822	"Pml"	15	"HiG"
"HiG_11"	1235	"Jun"	37	"HiG"
"HiG_11"	59	"Raph1"	163	"HiG"
"HiG_11"	3	"Btg2"	209	"HiG"
"HiG_11"	0	"Atad3a"	307	"HiG"
"HiG_11"	871	"Cdk6"	51	"HiG"
"HiG_11"	0	"Dstn"	307	"HiG"
"HiG_11"	838	"Lyar"	53	"HiG"
"HiG_11"	0	"Ltf"	307	"HiG"
"HiG_11"	2936	"S100a9"	13	"HiG"
"HiG_11"	2	"Bag2"	215.5	"HiG"
"HiG_11"	84	"Bzw2"	159	"HiG"
"HiG_11"	0	"Ak1"	307	"HiG"
"HiG_11"	2	"Plod2"	215.5	"HiG"
"HiG_11"	992	"Stom"	44	"HiG"
"HiG_11"	1349	"Mov10"	33	"HiG"
"HiG_11"	2268	"Anxa1"	18	"HiG"
"HiG_11"	349	"Nolc1"	114	"HiG"
"HiG_11"	3652	"Fbl"	10	"HiG"
"HiG_11"	0	"Ddt"	307	"HiG"
"HiG_11"	687	"S100a8"	63	"HiG"
"HiG_11"	710	"Prmt1"	60	"HiG"
"HiG_11"	0	"Psph"	307	"HiG"
"HiG_11"	364	"Pa2g4"	93	"HiG"
"HiG_11"	608	"Lgals3bp"	74	"HiG"
"HiG_11"	0	"Als2cl"	307	"HiG"
"HiG_11"	4986	"Ddx21"	6	"HiG"
"HiG_11"	33066	"Myc"	1	"HiG"
"HiG_11"	690	"Mybbp1a"	62	"HiG"
"HiG_11"	258	"Fabp5"	139	"HiG"
"HiG_11"	2812	"Src"	16	"HiG"
"HiG_11"	1133	"Med21"	39	"HiG"
"HiG_11"	3	"Ccnd1"	209	"HiG"
"HiG_11"	4799	"Fyn"	8	"HiG"
"HiG_11"	0	"Ppp1r3d"	307	"HiG"
"HiG_11"	1875	"Smad3"	23	"HiG"
"HiG_11"	351	"Exosc2"	107	"HiG"
"HiG_11"	213	"Dnmt3b"	143	"HiG"
"HiG_11"	344	"Cxcr2"	120.5	"HiG"
"HiG_11"	2086	"Hsph1"	20	"HiG"
"HiG_11"	0	"Rnf128"	307	"HiG"
"HiG_11"	348	"Pparg"	115	"HiG"
"HiG_11"	682	"Slc12a2"	65	"HiG"
"HiG_11"	361	"Cd84"	97	"HiG"
"HiG_11"	0	"Cd226"	307	"HiG"
"HiG_11"	294	"Lrpap1"	132.5	"HiG"
"HiG_11"	666	"Hipk1"	67	"HiG"
"HiG_11"	4900	"Ppia"	7	"HiG"
"HiG_11"	7	"Adcy5"	197	"HiG"
"HiG_11"	1031	"Kat2a"	42	"HiG"
"HiG_11"	0	"Mxd1"	307	"HiG"
"HiG_11"	0	"Ikzf2"	307	"HiG"
"HiG_11"	0	"Hes1"	307	"HiG"
"HiG_11"	1725	"Srpk1"	26	"HiG"
"HiG_11"	356	"Aldh2"	98.5	"HiG"
"HiG_11"	5	"Casp6"	203	"HiG"
"HiG_11"	0	"Lpl"	307	"HiG"
"HiG_11"	1895	"Dkc1"	22	"HiG"
"HiG_11"	680	"Prg2"	66	"HiG"
"HiG_11"	2	"Rgs1"	215.5	"HiG"
"HiG_11"	0	"Mpp1"	307	"HiG"
"HiG_11"	0	"Anxa3"	307	"HiG"
"HiG_11"	0	"Mllt3"	307	"HiG"
"HiG_11"	346	"Pno1"	117	"HiG"
"HiG_11"	323	"Csf2rb"	126	"HiG"
"HiG_11"	957	"Cd28"	46	"HiG"
"HiG_11"	1	"Capn2"	221	"HiG"
"HiG_11"	83	"F2r"	160	"HiG"
"HiG_11"	0	"Csrp3"	307	"HiG"
"HiG_11"	293	"Mef2c"	134	"HiG"
"HiG_11"	450	"Gp1ba"	84.5	"HiG"
"HiG_11"	1	"Ehd3"	221	"HiG"
"HiG_11"	8543	"Itgb3"	2	"HiG"
"HiG_11"	848	"Gar1"	52	"HiG"
"HiG_11"	351	"Cdc42ep2"	107	"HiG"
"HiG_11"	0	"Cd38"	307	"HiG"
"HiG_11"	0	"Trpc6"	307	"HiG"
"HiG_11"	34	"Lat"	172	"HiG"
"HiG_11"	175	"Ccl3"	149	"HiG"
"HiG_11"	0	"Kcnf1"	307	"HiG"
"HiG_11"	2854	"Apex1"	14	"HiG"
"HiG_11"	211	"Cyba"	144	"HiG"
"HiG_11"	316	"F13a1"	127	"HiG"
"HiG_11"	1398	"Ssbp1"	29	"HiG"
"HiG_11"	4	"Ssbp2"	205.5	"HiG"
"HiG_11"	1	"Ssbp3"	221	"HiG"
"HiG_11"	0	"Rcc1"	307	"HiG"
"HiG_11"	36	"Meis1"	171	"HiG"
"HiG_11"	0	"Cyp11a1"	307	"HiG"
"HiG_11"	179	"Casp12"	148	"HiG"
"HiG_11"	0	"Ptgs2"	307	"HiG"
"HiG_11"	325	"C5ar1"	125	"HiG"
"HiG_11"	49	"Lcn2"	165.5	"HiG"
"HiG_11"	450	"Tgfb1i1"	84.5	"HiG"
"HiG_11"	562	"Pbx1"	77	"HiG"
"HiG_11"	133	"Gp1bb"	152	"HiG"
"HiG_11"	199	"Noc2l"	145.5	"HiG"
"HiG_11"	3151	"Slc6a4"	11	"HiG"
"HiG_11"	0	"Podxl"	307	"HiG"
"HiG_11"	25	"Mpl"	177	"HiG"
"HiG_11"	26	"Il21r"	176	"HiG"
"HiG_11"	0	"Cd34"	307	"HiG"
"HiG_11"	298	"Rab27b"	131	"HiG"
"HiG_11"	627	"Fcer1g"	73	"HiG"
"HiG_11"	0	"Rassf5"	307	"HiG"
"HiG_11"	351	"Glb1"	107	"HiG"
"HiG_11"	0	"Adora2b"	307	"HiG"
"HiG_11"	6	"Alox12"	200	"HiG"
"HiG_11"	303	"Furin"	130	"HiG"
"HiG_11"	576	"Cd244"	76	"HiG"
"HiG_11"	118	"Ctsd"	154	"HiG"
"HiG_11"	90	"Rab33b"	158	"HiG"
"HiG_11"	518	"Pik3cb"	80	"HiG"
"HiG_11"	777	"Il12a"	57	"HiG"
"HiG_11"	20	"Tfpi"	181.5	"HiG"
"HiG_11"	351	"Tap1"	107	"HiG"
"HiG_11"	5	"Fhl1"	203	"HiG"
"HiG_11"	354	"Aldoc"	100	"HiG"
"HiG_11"	1390	"Sell"	30	"HiG"
"HiG_11"	14	"Il1rl1"	189.5	"HiG"
"HiG_11"	471	"Gzmb"	83	"HiG"
"HiG_11"	347	"Spta1"	116	"HiG"
"HiG_11"	0	"Slc6a9"	307	"HiG"
"HiG_11"	0	"Tph1"	307	"HiG"
"HiG_11"	1559	"Gp6"	27	"HiG"
"HiG_11"	1209	"Rhoj"	38	"HiG"
"HiG_11"	2564	"Lgals3"	17	"HiG"
"HiG_11"	78	"Col18a1"	161	"HiG"
"HiG_11"	39	"Cd93"	169	"HiG"
"HiG_11"	0	"Ltbp1"	307	"HiG"
"HiG_11"	631	"Tyrobp"	72	"HiG"
"HiG_11"	785	"Il1b"	55	"HiG"
"HiG_11"	0	"Spry1"	307	"HiG"
"HiG_11"	0	"Ctr9"	307	"HiG"
"HiG_11"	0	"Acadm"	307	"HiG"
"HiG_11"	0	"Pygl"	307	"HiG"
"HiG_11"	1049	"Suclg2"	41	"HiG"
"HiG_11"	0	"Noc3l"	307	"HiG"
"HiG_11"	304	"Nudcd1"	129	"HiG"
"HiG_11"	659	"Nop58"	69	"HiG"
"HiG_11"	294	"Myl9"	132.5	"HiG"
"HiG_11"	924	"Socs3"	48	"HiG"
"HiG_11"	0	"Gpc4"	307	"HiG"
"HiG_11"	46	"Farsb"	167	"HiG"
"HiG_11"	3	"Tsc22d1"	209	"HiG"
"HiG_11"	0	"Rap1gap2"	307	"HiG"
"HiG_11"	0	"Bhlhe41"	307	"HiG"
"HiG_11"	23	"Wdr12"	179	"HiG"
"HiG_11"	0	"Sirt3"	307	"HiG"
"HiG_11"	2213	"Tcf4"	19	"HiG"
"HiG_11"	0	"Syne1"	307	"HiG"
"HiG_11"	351	"Mfge8"	107	"HiG"
"HiG_11"	20	"Adgrg1"	181.5	"HiG"
"HiG_11"	2995	"Nop56"	12	"HiG"
"HiG_11"	0	"Camp"	307	"HiG"
"HiG_11"	0	"Adgra3"	307	"HiG"
"HiG_11"	1518	"Mycn"	28	"HiG"
"HiG_11"	0	"Abtb1"	307	"HiG"
"HiG_11"	340	"Tubb2a"	122	"HiG"
"HiG_11"	1021	"Impdh2"	43	"HiG"
"HiG_11"	0	"Bst2"	307	"HiG"
"HiG_11"	2	"Hmgn3"	215.5	"HiG"
"HiG_11"	1855	"Cad"	24	"HiG"
"HiG_11"	943	"Nop2"	47	"HiG"
"HiG_11"	0	"Plxdc2"	307	"HiG"
"HiG_11"	0	"Tcf19"	307	"HiG"
"HiG_11"	507	"Ppbp"	81	"HiG"
"HiG_11"	0	"Odc1"	307	"HiG"
"HiG_11"	56	"Osm"	164	"HiG"
"HiG_11"	278	"Npm3"	137	"HiG"
"HiG_11"	797	"Ptges3"	54	"HiG"
"HiG_11"	2	"Prmt3"	215.5	"HiG"
"HiG_11"	0	"Cnp"	307	"HiG"
"HiG_11"	0	"Plxnb3"	307	"HiG"
"HiG_11"	0	"Desi1"	307	"HiG"
"HiG_11"	0	"Gpnmb"	307	"HiG"
"HiG_11"	0	"Cpox"	307	"HiG"
"HiG_11"	23	"Cpd"	179	"HiG"
"HiG_11"	0	"Cnn2"	307	"HiG"
"HiG_11"	0	"Nop14"	307	"HiG"
"HiG_11"	437	"Gart"	88	"HiG"
"HiG_11"	0	"Rcl1"	307	"HiG"
"HiG_11"	0	"Cluh"	307	"HiG"
"HiG_11"	0	"Tnip3"	307	"HiG"
"HiG_11"	0	"Atoh8"	307	"HiG"
"HiG_11"	0	"Tob1"	307	"HiG"
"HiG_11"	0	"Klhdc4"	307	"HiG"
"HiG_11"	8	"Srm"	195	"HiG"
"HiG_11"	0	"Ephx2"	307	"HiG"
"HiG_11"	0	"Arpp21"	307	"HiG"
"HiG_11"	0	"Lgalsl"	307	"HiG"
"HiG_11"	0	"Ccpg1"	307	"HiG"
"HiG_11"	0	"Armcx2"	307	"HiG"
"HiG_11"	0	"Ube2l6"	307	"HiG"
"HiG_11"	17	"Specc1"	185	"HiG"
"HiG_11"	144	"Col1a2"	151	"HiG"
"HiG_11"	28	"Cd52"	174.5	"HiG"
"HiG_11"	219	"Socs2"	142	"HiG"
"HiG_11"	0	"Ppic"	307	"HiG"
"HiG_11"	351	"Sort1"	107	"HiG"
"HiG_11"	110	"Adcy6"	156	"HiG"
"HiG_11"	18	"Cybb"	183.5	"HiG"
"HiG_11"	557	"Prdx5"	78	"HiG"
"HiG_11"	362	"Rangrf"	95	"HiG"
"HiG_11"	0	"Cd55"	307	"HiG"
"HiG_11"	285	"Thumpd1"	135	"HiG"
"HiG_11"	0	"Poc1a"	307	"HiG"
"HiG_11"	3	"Cda"	209	"HiG"
"HiG_11"	0	"Timm9"	307	"HiG"
"HiG_11"	0	"Nudt5"	307	"HiG"
"HiG_11"	14	"Golim4"	189.5	"HiG"
"HiG_11"	0	"Tnfaip2"	307	"HiG"
"HiG_11"	0	"Zc3h7b"	307	"HiG"
"HiG_11"	0	"Nt5e"	307	"HiG"
"HiG_11"	0	"Pus7"	307	"HiG"
"HiG_11"	385	"Unc13d"	91	"HiG"
"HiG_11"	446	"Parvb"	86	"HiG"
"HiG_11"	0	"Plek2"	307	"HiG"
"HiG_11"	351	"Ppat"	107	"HiG"
"HiG_11"	0	"Msi2"	307	"HiG"
"HiG_11"	0	"Pde3a"	307	"HiG"
"HiG_11"	6197	"Vwf"	4	"HiG"
"HiG_11"	28	"Havcr2"	174.5	"HiG"
"HiG_11"	6	"C3ar1"	200	"HiG"
"HiG_11"	0	"Gda"	307	"HiG"
"HiG_11"	0	"Otulin"	307	"HiG"
"HiG_11"	2	"Creb3l1"	215.5	"HiG"
"HiG_11"	700	"Abhd5"	61	"HiG"
"HiG_11"	195	"Cma1"	147	"HiG"
"HiG_11"	16	"Abcc5"	187	"HiG"
"HiG_11"	0	"Ffar2"	307	"HiG"
"HiG_11"	0	"Mtap"	307	"HiG"
"HiG_11"	23	"Gmfg"	179	"HiG"
"HiG_11"	0	"Tbxa2r"	307	"HiG"
"HiG_11"	5419	"Itga2b"	5	"HiG"
"HiG_11"	345	"Adgre5"	118.5	"HiG"
"HiG_11"	362	"Serpinb10"	95	"HiG"
"HiG_11"	0	"Ptgs1"	307	"HiG"
"HiG_11"	10	"Sptb"	193	"HiG"
"HiG_11"	61	"Pls1"	162	"HiG"
"HiG_11"	356	"Serpine2"	98.5	"HiG"
"HiG_11"	199	"Hs3st1"	145.5	"HiG"
"HiG_11"	44	"Fam136a"	168	"HiG"
"HiG_11"	345	"Spint2"	118.5	"HiG"
"HiG_11"	0	"Aqp9"	307	"HiG"
"HiG_11"	0	"Cd69"	307	"HiG"
"HiG_11"	6	"Gp9"	200	"HiG"
"HiG_11"	0	"Hdhd2"	307	"HiG"
"HiG_11"	496	"Ptger3"	82	"HiG"
"HiG_11"	351	"Snap47"	107	"HiG"
"HiG_11"	0	"Pcmtd2"	307	"HiG"
"HiG_11"	0	"Pim2"	307	"HiG"
"HiG_11"	0	"Inpp4b"	307	"HiG"
"HiG_11"	0	"Neil3"	307	"HiG"
"HiG_11"	0	"Gsap"	307	"HiG"
"HiG_11"	0	"Fam216a"	307	"HiG"
"HiG_11"	351	"Tmed3"	107	"HiG"
"HiG_11"	0	"Rbms3"	307	"HiG"
"HiG_11"	1769	"Slc39a10"	25	"HiG"
"HiG_11"	0	"Lrp12"	307	"HiG"
"HiG_11"	1297	"Rnf149"	36	"HiG"
"HiG_11"	0	"Ndst1"	307	"HiG"
"HiG_11"	0	"Nrgn"	307	"HiG"
"HiG_11"	0	"P2ry14"	307	"HiG"
"HiG_11"	351	"Scin"	107	"HiG"
"HiG_11"	0	"Gmpr"	307	"HiG"
"HiG_11"	2	"Rsad2"	215.5	"HiG"
"HiG_11"	0	"Rsad1"	307	"HiG"
"HiG_11"	0	"St3gal5"	307	"HiG"
"HiG_11"	0	"Fam43a"	307	"HiG"
"HiG_11"	0	"Gcnt1"	307	"HiG"
"HiG_11"	386	"Cd96"	90	"HiG"
"HiG_11"	4362	"Thbs1"	9	"HiG"
"HiG_11"	0	"Rmi2"	307	"HiG"
"HiG_11"	655	"Slc16a1"	70	"HiG"
"HiG_11"	0	"Sh3pxd2b"	307	"HiG"
"HiG_11"	0	"Bex4"	307	"HiG"
"HiG_11"	0	"Paqr7"	307	"HiG"
"HiG_11"	0	"Reep2"	307	"HiG"
"HiG_11"	0	"Stk10"	307	"HiG"
"HiG_11"	0	"Frmd4b"	307	"HiG"
"HiG_11"	250	"Hpse"	140	"HiG"
"HiG_11"	0	"Tbc1d8"	307	"HiG"
"HiG_11"	0	"Ptgr1"	307	"HiG"
"HiG_11"	0	"Pnpla8"	307	"HiG"
"HiG_11"	0	"Muc13"	307	"HiG"
"HiG_11"	0	"Plpp3"	307	"HiG"
"HiG_11"	0	"P2rx1"	307	"HiG"
"HiG_11"	351	"Kcnj5"	107	"HiG"
"HiG_11"	0	"Serpinb2"	307	"HiG"
"HiG_11"	113	"Vldlr"	155	"HiG"
"HiG_11"	0	"Rbpms2"	307	"HiG"
"HiG_11"	32	"Rnmt"	173	"HiG"
"HiG_11"	0	"Esam"	307	"HiG"
"HiG_11"	664	"Isg20"	68	"HiG"
"HiG_11"	0	"Timp3"	307	"HiG"
"HiG_11"	717	"P2ry1"	59	"HiG"
"HiG_11"	335	"Gimap1"	124	"HiG"
"HiG_11"	0	"Mylk3"	307	"HiG"
"HiG_11"	0	"Syngr1"	307	"HiG"
"HiG_11"	18	"Mmrn1"	183.5	"HiG"
"HiG_11"	0	"Phtf2"	307	"HiG"
"HiG_11"	0	"Nlrp6"	307	"HiG"
"HiG_11"	16	"Ptprcap"	187	"HiG"
"HiG_11"	351	"Gp5"	107	"HiG"
"HiG_11"	0	"Plxna4"	307	"HiG"
"HiG_11"	7	"Rasgef1b"	197	"HiG"
"HiG_11"	0	"Pcyt1b"	307	"HiG"
"HiG_11"	417	"Wdr36"	89	"HiG"
"HiG_11"	351	"Plin2"	107	"HiG"
"HiG_11"	3	"Scarf1"	209	"HiG"
"HiG_11"	0	"Tie1"	307	"HiG"
"HiG_11"	1372	"Nkg7"	32	"HiG"
"HiG_11"	0	"Slc41a3"	307	"HiG"
"HiG_11"	683	"Slc14a1"	64	"HiG"
"HiG_11"	370	"Slc18a2"	92	"HiG"
"HiG_11"	0	"Syce2"	307	"HiG"
"HiG_11"	38	"Slpi"	170	"HiG"
"HiG_11"	0	"Plpp5"	307	"HiG"
"HiG_11"	5	"Clec4d"	203	"HiG"
"HiG_11"	0	"Parm1"	307	"HiG"
"HiG_11"	0	"Sapcd1"	307	"HiG"
"HiG_11"	0	"Cpa3"	307	"HiG"
"HiG_11"	0	"Cdc42ep5"	307	"HiG"
"HiG_11"	0	"Padi2"	307	"HiG"
"HiG_11"	0	"Myct1"	307	"HiG"
"HiG_11"	2	"Rasgrp2"	215.5	"HiG"
"HiG_11"	553	"Rab38"	79	"HiG"
"HiG_11"	0	"Hdc"	307	"HiG"
"HiG_11"	0	"Slc24a3"	307	"HiG"
"HiG_11"	7	"Robo3"	197	"HiG"
"HiG_11"	0	"Syt13"	307	"HiG"
"HiG_11"	0	"Plxnc1"	307	"HiG"
"HiG_11"	0	"St3gal6"	307	"HiG"
"HiG_11"	284	"Mmp8"	136	"HiG"
"HiG_11"	11	"Mmp12"	192	"HiG"
"HiG_11"	0	"Gcsam"	307	"HiG"
"HiG_11"	0	"Muc6"	307	"HiG"
"HiG_11"	755	"F2rl2"	58	"HiG"
"HiG_11"	0	"Tesc"	307	"HiG"
"HiG_11"	0	"Tmem176b"	307	"HiG"
"HiG_11"	0	"Slc35d3"	307	"HiG"
"HiG_11"	0	"Spns2"	307	"HiG"
"HiG_11"	0	"Tspan9"	307	"HiG"
"HiG_11"	152	"Treml1"	150	"HiG"
"HiG_11"	0	"Ly6g6f"	307	"HiG"
"HiG_11"	0	"Tmem163"	307	"HiG"
"HiG_11"	0	"Tmem40"	307	"HiG"
"HiG_11"	0	"Tmem64"	307	"HiG"
"HiG_11"	0	"Zfp36l1"	307	"HiG"
"HiG_11"	4	"Zmpste24"	205.5	"HiG"
"HiG_11"	0	"Tspan13"	307	"HiG"
"HiG_11"	0	"Ttll11"	307	"HiG"
"HiG_11"	0	"Ydjc"	307	"HiG"
"HiG_11"	0	"Hacd4"	307	"HiG"
"HiG_11"	0	"Samd14"	307	"HiG"
"HiG_13"	2	"Gata2"	385	"HiG"
"HiG_13"	539	"Gadd45a"	201	"HiG"
"HiG_13"	6679	"Daxx"	12	"HiG"
"HiG_13"	5	"Id3"	369	"HiG"
"HiG_13"	1050	"Bcl2"	106	"HiG"
"HiG_13"	459	"Map3k8"	212	"HiG"
"HiG_13"	1041	"Flt1"	107	"HiG"
"HiG_13"	0	"Pax5"	501	"HiG"
"HiG_13"	1061	"Itgb2"	103	"HiG"
"HiG_13"	764	"Cd27"	138	"HiG"
"HiG_13"	240	"Ephb2"	240	"HiG"
"HiG_13"	8416	"Cdh1"	7	"HiG"
"HiG_13"	0	"Pnkp"	501	"HiG"
"HiG_13"	167	"Dmd"	264	"HiG"
"HiG_13"	1625	"Dab2"	65	"HiG"
"HiG_13"	185	"Il6st"	254	"HiG"
"HiG_13"	14	"Dusp10"	349.5	"HiG"
"HiG_13"	119	"Id2"	280	"HiG"
"HiG_13"	185	"Ralgds"	254	"HiG"
"HiG_13"	0	"Hivep3"	501	"HiG"
"HiG_13"	885	"Itsn1"	122	"HiG"
"HiG_13"	35	"Btg1"	322	"HiG"
"HiG_13"	1198	"Plxnb2"	92	"HiG"
"HiG_13"	0	"Gadd45g"	501	"HiG"
"HiG_13"	1396	"Pacsin1"	75	"HiG"
"HiG_13"	1082	"Rara"	100	"HiG"
"HiG_13"	260	"Arnt2"	234	"HiG"
"HiG_13"	542	"Ctnnd2"	200	"HiG"
"HiG_13"	769	"Slc29a1"	137	"HiG"
"HiG_13"	0	"Dctd"	501	"HiG"
"HiG_13"	64	"Lzts2"	300.5	"HiG"
"HiG_13"	0	"Dctpp1"	501	"HiG"
"HiG_13"	0	"Acy1"	501	"HiG"
"HiG_13"	1342	"Srpk2"	82	"HiG"
"HiG_13"	251	"Mad1l1"	236	"HiG"
"HiG_13"	0	"Bend5"	501	"HiG"
"HiG_13"	3778	"Satb1"	26	"HiG"
"HiG_13"	1038	"Gem"	108	"HiG"
"HiG_13"	8074	"Actn1"	9	"HiG"
"HiG_13"	1252	"Aqp1"	89	"HiG"
"HiG_13"	0	"Cbx2"	501	"HiG"
"HiG_13"	962	"Ifit2"	115	"HiG"
"HiG_13"	691	"Nme4"	153	"HiG"
"HiG_13"	4015	"Isg15"	24	"HiG"
"HiG_13"	310	"Hook1"	228	"HiG"
"HiG_13"	173	"Dusp6"	260.5	"HiG"
"HiG_13"	0	"Hid1"	501	"HiG"
"HiG_13"	610	"Fth1"	166	"HiG"
"HiG_13"	616	"Nrip1"	164	"HiG"
"HiG_13"	956	"Epb41l3"	116	"HiG"
"HiG_13"	719	"Bnip3"	147	"HiG"
"HiG_13"	483	"Sirpa"	209	"HiG"
"HiG_13"	0	"Plac8"	501	"HiG"
"HiG_13"	0	"Eif1ad"	501	"HiG"
"HiG_13"	401	"Eps8"	219	"HiG"
"HiG_13"	5865	"Trip6"	14	"HiG"
"HiG_13"	916	"Gemin6"	118	"HiG"
"HiG_13"	20	"Ncf1"	338	"HiG"
"HiG_13"	9600	"Pml"	5	"HiG"
"HiG_13"	20	"Raph1"	338	"HiG"
"HiG_13"	4	"Btg2"	373.5	"HiG"
"HiG_13"	0	"Atad3a"	501	"HiG"
"HiG_13"	5868	"Cdk6"	13	"HiG"
"HiG_13"	1568	"Cd40"	69	"HiG"
"HiG_13"	1844	"Lyar"	59	"HiG"
"HiG_13"	4462	"Bag2"	19	"HiG"
"HiG_13"	429	"Bzw2"	215	"HiG"
"HiG_13"	569	"Plod2"	185.5	"HiG"
"HiG_13"	584	"Fscn1"	173	"HiG"
"HiG_13"	162	"Afap1l1"	267	"HiG"
"HiG_13"	0	"Osgep"	501	"HiG"
"HiG_13"	4436	"Mov10"	20	"HiG"
"HiG_13"	1823	"Nolc1"	60	"HiG"
"HiG_13"	4000	"Fbl"	25	"HiG"
"HiG_13"	0	"Ddt"	501	"HiG"
"HiG_13"	3121	"Prmt1"	34	"HiG"
"HiG_13"	0	"Cmya5"	501	"HiG"
"HiG_13"	0	"Psph"	501	"HiG"
"HiG_13"	1055	"Pa2g4"	104.5	"HiG"
"HiG_13"	5247	"Lgals3bp"	17	"HiG"
"HiG_13"	0	"Als2cl"	501	"HiG"
"HiG_13"	3530	"Tnf"	30	"HiG"
"HiG_13"	8623	"Ddx21"	6	"HiG"
"HiG_13"	70237	"Myc"	1	"HiG"
"HiG_13"	536	"Msh6"	202	"HiG"
"HiG_13"	1955	"Mybbp1a"	54	"HiG"
"HiG_13"	214	"Fabp5"	247.5	"HiG"
"HiG_13"	854	"Med21"	125	"HiG"
"HiG_13"	495	"Bcl3"	207	"HiG"
"HiG_13"	2745	"Ccnd1"	39	"HiG"
"HiG_13"	738	"Mapk3"	144	"HiG"
"HiG_13"	3356	"Cebpa"	32	"HiG"
"HiG_13"	13155	"Fyn"	2	"HiG"
"HiG_13"	8096	"Lck"	8	"HiG"
"HiG_13"	0	"Cd82"	501	"HiG"
"HiG_13"	0	"Lad1"	501	"HiG"
"HiG_13"	248	"Hdac9"	237	"HiG"
"HiG_13"	1337	"Tnfrsf1b"	84	"HiG"
"HiG_13"	3664	"Smad3"	27	"HiG"
"HiG_13"	7989	"Prkcb"	10	"HiG"
"HiG_13"	3	"Myb"	379	"HiG"
"HiG_13"	551	"Exosc2"	198.5	"HiG"
"HiG_13"	821	"Dnmt3b"	129	"HiG"
"HiG_13"	2101	"Lrp1"	49	"HiG"
"HiG_13"	1464	"Cd247"	72	"HiG"
"HiG_13"	1915	"Hsph1"	55	"HiG"
"HiG_13"	569	"Fchsd2"	185.5	"HiG"
"HiG_13"	1087	"Ahnak"	99	"HiG"
"HiG_13"	0	"Ncs1"	501	"HiG"
"HiG_13"	124	"Atp1b1"	279	"HiG"
"HiG_13"	559	"Slc12a2"	196	"HiG"
"HiG_13"	0	"Arhgef18"	501	"HiG"
"HiG_13"	0	"Dntt"	501	"HiG"
"HiG_13"	101	"Itgam"	286	"HiG"
"HiG_13"	334	"Ciita"	226	"HiG"
"HiG_13"	596	"Il1r1"	170.5	"HiG"
"HiG_13"	1393	"Lrpap1"	76	"HiG"
"HiG_13"	234	"Atf5"	242	"HiG"
"HiG_13"	0	"Gca"	501	"HiG"
"HiG_13"	675	"Cxcl10"	157	"HiG"
"HiG_13"	6733	"Cd74"	11	"HiG"
"HiG_13"	40	"S100a6"	318.5	"HiG"
"HiG_13"	855	"Ets1"	124	"HiG"
"HiG_13"	551	"Hipk1"	198.5	"HiG"
"HiG_13"	2433	"Hmga2"	41	"HiG"
"HiG_13"	817	"Dtx3l"	132	"HiG"
"HiG_13"	4330	"Ppia"	23	"HiG"
"HiG_13"	72	"Nfix"	296	"HiG"
"HiG_13"	865	"Gatad2b"	123	"HiG"
"HiG_13"	1230	"Bcl6"	90	"HiG"
"HiG_13"	2236	"Kat2a"	45	"HiG"
"HiG_13"	12	"Ikzf2"	356	"HiG"
"HiG_13"	1847	"Srpk1"	58	"HiG"
"HiG_13"	579	"Rrad"	175	"HiG"
"HiG_13"	1421	"Gria2"	73	"HiG"
"HiG_13"	1299	"Pdk1"	87	"HiG"
"HiG_13"	6	"Aldh2"	367	"HiG"
"HiG_13"	10	"Anxa6"	360	"HiG"
"HiG_13"	2040	"Casp6"	50	"HiG"
"HiG_13"	0	"Cpne3"	501	"HiG"
"HiG_13"	1018	"Cd48"	110	"HiG"
"HiG_13"	138	"Nsg2"	274	"HiG"
"HiG_13"	2	"Gbp2"	385	"HiG"
"HiG_13"	2958	"Dkc1"	37	"HiG"
"HiG_13"	800	"Pmaip1"	134	"HiG"
"HiG_13"	0	"Rgs1"	501	"HiG"
"HiG_13"	575	"Lamc1"	176	"HiG"
"HiG_13"	45	"Sh2d3c"	311.5	"HiG"
"HiG_13"	4	"Mpp1"	373.5	"HiG"
"HiG_13"	292	"Gpr183"	229	"HiG"
"HiG_13"	42	"Mllt3"	316	"HiG"
"HiG_13"	29	"Hip1"	324.5	"HiG"
"HiG_13"	75	"Rras2"	295	"HiG"
"HiG_13"	422	"S100a4"	218	"HiG"
"HiG_13"	0	"Pno1"	501	"HiG"
"HiG_13"	677	"Serpinb9"	155	"HiG"
"HiG_13"	3	"Gfra1"	379	"HiG"
"HiG_13"	799	"Cd28"	135	"HiG"
"HiG_13"	1132	"Capn2"	96	"HiG"
"HiG_13"	596	"Fgr"	170.5	"HiG"
"HiG_13"	242	"Pdgfa"	239	"HiG"
"HiG_13"	37	"F2r"	321	"HiG"
"HiG_13"	0	"Agps"	501	"HiG"
"HiG_13"	66	"Erg"	297.5	"HiG"
"HiG_13"	7	"Nefh"	365	"HiG"
"HiG_13"	291	"Mef2c"	230	"HiG"
"HiG_13"	15	"Cacna1a"	347.5	"HiG"
"HiG_13"	1368	"Ctsb"	78	"HiG"
"HiG_13"	78	"Ehd3"	294	"HiG"
"HiG_13"	176	"Itgb3"	258.5	"HiG"
"HiG_13"	739	"Gar1"	143	"HiG"
"HiG_13"	1577	"Cxcr4"	67	"HiG"
"HiG_13"	0	"Plxna1"	501	"HiG"
"HiG_13"	2536	"Il7r"	40	"HiG"
"HiG_13"	1992	"Pdgfrb"	52	"HiG"
"HiG_13"	1289	"Lat"	88	"HiG"
"HiG_13"	573	"Ccl3"	177	"HiG"
"HiG_13"	639	"Kit"	160	"HiG"
"HiG_13"	206	"Flt3"	249	"HiG"
"HiG_13"	1971	"Socs1"	53	"HiG"
"HiG_13"	1907	"Epha2"	56	"HiG"
"HiG_13"	11395	"Apex1"	4	"HiG"
"HiG_13"	2223	"Cyba"	47	"HiG"
"HiG_13"	570	"Pou2f2"	179	"HiG"
"HiG_13"	173	"Alcam"	260.5	"HiG"
"HiG_13"	0	"Gata3"	501	"HiG"
"HiG_13"	5836	"Ssbp1"	15	"HiG"
"HiG_13"	838	"Ssbp2"	127	"HiG"
"HiG_13"	505	"Ssbp3"	205	"HiG"
"HiG_13"	1055	"Rcc1"	104.5	"HiG"
"HiG_13"	0	"Evpl"	501	"HiG"
"HiG_13"	999	"Meis1"	111	"HiG"
"HiG_13"	0	"Arhgef3"	501	"HiG"
"HiG_13"	185	"Ctss"	254	"HiG"
"HiG_13"	0	"Clybl"	501	"HiG"
"HiG_13"	770	"Pbx1"	136	"HiG"
"HiG_13"	14	"Efna5"	349.5	"HiG"
"HiG_13"	0	"Evl"	501	"HiG"
"HiG_13"	477	"Noc2l"	211	"HiG"
"HiG_13"	756	"Tnfaip3"	141	"HiG"
"HiG_13"	108	"Cfp"	285	"HiG"
"HiG_13"	4341	"Marcks"	21	"HiG"
"HiG_13"	2014	"Igf2r"	51	"HiG"
"HiG_13"	0	"Chga"	501	"HiG"
"HiG_13"	510	"Il21r"	204	"HiG"
"HiG_13"	565	"Enc1"	195	"HiG"
"HiG_13"	0	"Cd34"	501	"HiG"
"HiG_13"	2272	"Fcer1g"	44	"HiG"
"HiG_13"	18	"Pag1"	342	"HiG"
"HiG_13"	0	"Nlgn2"	501	"HiG"
"HiG_13"	20	"Rassf5"	338	"HiG"
"HiG_13"	1703	"Glb1"	63	"HiG"
"HiG_13"	244	"Helz2"	238	"HiG"
"HiG_13"	44	"Cd33"	313	"HiG"
"HiG_13"	0	"Ppp2r3a"	501	"HiG"
"HiG_13"	1633	"Prnp"	64	"HiG"
"HiG_13"	1392	"Irf9"	77	"HiG"
"HiG_13"	569	"Stk26"	185.5	"HiG"
"HiG_13"	818	"Furin"	131	"HiG"
"HiG_13"	0	"Cd244"	501	"HiG"
"HiG_13"	1208	"Ctsd"	91	"HiG"
"HiG_13"	5	"Il1r2"	369	"HiG"
"HiG_13"	115	"Rab33b"	281	"HiG"
"HiG_13"	0	"Klf2"	501	"HiG"
"HiG_13"	178	"Il12a"	257	"HiG"
"HiG_13"	568	"Mxi1"	192	"HiG"
"HiG_13"	1401	"Tfpi"	74	"HiG"
"HiG_13"	972	"Grap"	113	"HiG"
"HiG_13"	57	"Tap1"	306.5	"HiG"
"HiG_13"	254	"Cd7"	235	"HiG"
"HiG_13"	0	"Esm1"	501	"HiG"
"HiG_13"	24	"Aldoc"	331	"HiG"
"HiG_13"	0	"Tpd52"	501	"HiG"
"HiG_13"	1573	"Sell"	68	"HiG"
"HiG_13"	110	"Bcl11a"	283	"HiG"
"HiG_13"	569	"Itgb7"	185.5	"HiG"
"HiG_13"	754	"Gzmb"	142	"HiG"
"HiG_13"	0	"Sdc3"	501	"HiG"
"HiG_13"	1125	"Prtn3"	97	"HiG"
"HiG_13"	215	"Cebpd"	245.5	"HiG"
"HiG_13"	1310	"Ctsg"	86	"HiG"
"HiG_13"	0	"Glrx"	501	"HiG"
"HiG_13"	0	"N4bp3"	501	"HiG"
"HiG_13"	0	"Gstm1"	501	"HiG"
"HiG_13"	5801	"Lgals3"	16	"HiG"
"HiG_13"	0	"Ltb"	501	"HiG"
"HiG_13"	0	"Pard6g"	501	"HiG"
"HiG_13"	8	"Cdkn3"	362	"HiG"
"HiG_13"	3639	"Gzma"	29	"HiG"
"HiG_13"	100	"Cd93"	287	"HiG"
"HiG_13"	5112	"Tyrobp"	18	"HiG"
"HiG_13"	3490	"Irf8"	31	"HiG"
"HiG_13"	2231	"Mx1"	46	"HiG"
"HiG_13"	425	"Hmox1"	216.5	"HiG"
"HiG_13"	153	"Dlk1"	269.5	"HiG"
"HiG_13"	264	"Jdp2"	232.5	"HiG"
"HiG_13"	569	"Bach2"	185.5	"HiG"
"HiG_13"	0	"Herc6"	501	"HiG"
"HiG_13"	1101	"Ighm"	98	"HiG"
"HiG_13"	1746	"Ctr9"	62	"HiG"
"HiG_13"	1873	"Irf7"	57	"HiG"
"HiG_13"	0	"Dkkl1"	501	"HiG"
"HiG_13"	24	"Acadm"	331	"HiG"
"HiG_13"	82	"Uchl1"	293	"HiG"
"HiG_13"	0	"Suclg2"	501	"HiG"
"HiG_13"	4338	"Ckap4"	22	"HiG"
"HiG_13"	20	"Sun2"	338	"HiG"
"HiG_13"	0	"Noc3l"	501	"HiG"
"HiG_13"	40	"Nudcd1"	318.5	"HiG"
"HiG_13"	566	"Nop58"	194	"HiG"
"HiG_13"	0	"Rnf122"	501	"HiG"
"HiG_13"	432	"Spsb1"	214	"HiG"
"HiG_13"	0	"Rnf144a"	501	"HiG"
"HiG_13"	1363	"Socs3"	79	"HiG"
"HiG_13"	0	"Rassf4"	501	"HiG"
"HiG_13"	49	"Farsb"	310	"HiG"
"HiG_13"	26	"Tsc22d1"	328	"HiG"
"HiG_13"	19	"Hoxa5"	341	"HiG"
"HiG_13"	1070	"Egln3"	101	"HiG"
"HiG_13"	708	"Wdr12"	151	"HiG"
"HiG_13"	98	"Sirt3"	288.5	"HiG"
"HiG_13"	2904	"Parp14"	38	"HiG"
"HiG_13"	358	"Ifit3"	225	"HiG"
"HiG_13"	606	"Anxa4"	167	"HiG"
"HiG_13"	569	"Cnn3"	185.5	"HiG"
"HiG_13"	3659	"Tcf4"	28	"HiG"
"HiG_13"	0	"Cenpv"	501	"HiG"
"HiG_13"	16	"Nt5dc2"	345	"HiG"
"HiG_13"	0	"Mfge8"	501	"HiG"
"HiG_13"	632	"Adgrg1"	162	"HiG"
"HiG_13"	0	"Fry"	501	"HiG"
"HiG_13"	11554	"Nop56"	3	"HiG"
"HiG_13"	0	"Adgra3"	501	"HiG"
"HiG_13"	650	"Ptk7"	159	"HiG"
"HiG_13"	151	"Sox4"	271	"HiG"
"HiG_13"	969	"Mycn"	114	"HiG"
"HiG_13"	0	"Abtb1"	501	"HiG"
"HiG_13"	200	"Tubb2a"	251	"HiG"
"HiG_13"	0	"Faah"	501	"HiG"
"HiG_13"	2292	"Impdh2"	43	"HiG"
"HiG_13"	0	"Bst2"	501	"HiG"
"HiG_13"	0	"Hmgn3"	501	"HiG"
"HiG_13"	3176	"Cad"	33	"HiG"
"HiG_13"	21	"Camk1d"	334.5	"HiG"
"HiG_13"	1355	"Nop2"	81	"HiG"
"HiG_13"	363	"Ifih1"	223	"HiG"
"HiG_13"	977	"Olfm1"	112	"HiG"
"HiG_13"	153	"Sh3bp5"	269.5	"HiG"
"HiG_13"	0	"Iqsec1"	501	"HiG"
"HiG_13"	1	"Dhx58"	390	"HiG"
"HiG_13"	109	"Oas3"	284	"HiG"
"HiG_13"	0	"Tcf19"	501	"HiG"
"HiG_13"	1027	"Psap"	109	"HiG"
"HiG_13"	0	"Gpcpd1"	501	"HiG"
"HiG_13"	13	"Odc1"	352	"HiG"
"HiG_13"	0	"Ak4"	501	"HiG"
"HiG_13"	487	"Npm3"	208	"HiG"
"HiG_13"	54	"Eomes"	308	"HiG"
"HiG_13"	3006	"Ptges3"	36	"HiG"
"HiG_13"	385	"Prmt3"	221	"HiG"
"HiG_13"	215	"Tcf7l2"	245.5	"HiG"
"HiG_13"	895	"Cnp"	120	"HiG"
"HiG_13"	0	"Ift80"	501	"HiG"
"HiG_13"	0	"Tbc1d4"	501	"HiG"
"HiG_13"	0	"Bahcc1"	501	"HiG"
"HiG_13"	0	"Desi1"	501	"HiG"
"HiG_13"	0	"Arsb"	501	"HiG"
"HiG_13"	0	"Cpox"	501	"HiG"
"HiG_13"	0	"Ap1s2"	501	"HiG"
"HiG_13"	66	"Cpd"	297.5	"HiG"
"HiG_13"	0	"Cnn2"	501	"HiG"
"HiG_13"	0	"Nop14"	501	"HiG"
"HiG_13"	232	"Gart"	243	"HiG"
"HiG_13"	0	"Rcl1"	501	"HiG"
"HiG_13"	604	"Cluh"	168	"HiG"
"HiG_13"	264	"Tnip3"	232.5	"HiG"
"HiG_13"	0	"Tob1"	501	"HiG"
"HiG_13"	0	"Klhdc4"	501	"HiG"
"HiG_13"	569	"Ptpn5"	185.5	"HiG"
"HiG_13"	1191	"Srm"	93	"HiG"
"HiG_13"	0	"Arpp21"	501	"HiG"
"HiG_13"	0	"Rem2"	501	"HiG"
"HiG_13"	0	"Palm"	501	"HiG"
"HiG_13"	0	"Ccpg1"	501	"HiG"
"HiG_13"	0	"Armcx2"	501	"HiG"
"HiG_13"	479	"Ube2l6"	210	"HiG"
"HiG_13"	0	"Mmaa"	501	"HiG"
"HiG_13"	1339	"Cd52"	83	"HiG"
"HiG_13"	162	"Socs2"	267	"HiG"
"HiG_13"	1315	"Adpgk"	85	"HiG"
"HiG_13"	39	"Pdia5"	320	"HiG"
"HiG_13"	238	"Ppic"	241	"HiG"
"HiG_13"	170	"Pmepa1"	263	"HiG"
"HiG_13"	1534	"Arl4c"	71	"HiG"
"HiG_13"	757	"Sort1"	140	"HiG"
"HiG_13"	1063	"Egfl7"	102	"HiG"
"HiG_13"	1544	"Cybb"	70	"HiG"
"HiG_13"	162	"Dpp4"	267	"HiG"
"HiG_13"	0	"Ppp1r16b"	501	"HiG"
"HiG_13"	172	"Tnfsf10"	262	"HiG"
"HiG_13"	567	"Kank2"	193	"HiG"
"HiG_13"	131	"Lsp1"	276	"HiG"
"HiG_13"	15	"Marcksl1"	347.5	"HiG"
"HiG_13"	88	"Thy1"	290	"HiG"
"HiG_13"	24	"Rangrf"	331	"HiG"
"HiG_13"	85	"Thumpd1"	292	"HiG"
"HiG_13"	0	"Poc1a"	501	"HiG"
"HiG_13"	0	"Timm9"	501	"HiG"
"HiG_13"	0	"Nudt5"	501	"HiG"
"HiG_13"	7	"Golim4"	365	"HiG"
"HiG_13"	0	"Tnfaip2"	501	"HiG"
"HiG_13"	12	"Zc3h7b"	356	"HiG"
"HiG_13"	25	"Pus7"	329	"HiG"
"HiG_13"	128	"Unc13d"	277	"HiG"
"HiG_13"	0	"Gbe1"	501	"HiG"
"HiG_13"	1357	"Stat2"	80	"HiG"
"HiG_13"	98	"Nkx2-3"	288.5	"HiG"
"HiG_13"	0	"Acsl1"	501	"HiG"
"HiG_13"	581	"Ppat"	174	"HiG"
"HiG_13"	0	"Tmem176a"	501	"HiG"
"HiG_13"	0	"Slc31a2"	501	"HiG"
"HiG_13"	43	"Slc15a3"	314.5	"HiG"
"HiG_13"	0	"Acox3"	501	"HiG"
"HiG_13"	0	"Msi2"	501	"HiG"
"HiG_13"	43	"Clnk"	314.5	"HiG"
"HiG_13"	0	"Antxr2"	501	"HiG"
"HiG_13"	0	"Xpc"	501	"HiG"
"HiG_13"	807	"Havcr2"	133	"HiG"
"HiG_13"	16	"Cd320"	345	"HiG"
"HiG_13"	0	"Lox"	501	"HiG"
"HiG_13"	61	"Otulin"	304	"HiG"
"HiG_13"	57	"Slamf7"	306.5	"HiG"
"HiG_13"	0	"B3galnt1"	501	"HiG"
"HiG_13"	1134	"Dse"	95	"HiG"
"HiG_13"	195	"Dhrs7"	252	"HiG"
"HiG_13"	0	"B3gnt5"	501	"HiG"
"HiG_13"	0	"Cox6a2"	501	"HiG"
"HiG_13"	0	"Ly6d"	501	"HiG"
"HiG_13"	4	"Agpat2"	373.5	"HiG"
"HiG_13"	569	"Epb41l4b"	185.5	"HiG"
"HiG_13"	0	"Abcc5"	501	"HiG"
"HiG_13"	943	"Cd83"	117	"HiG"
"HiG_13"	709	"Ffar2"	150	"HiG"
"HiG_13"	125	"Hoxa7"	278	"HiG"
"HiG_13"	734	"Mtap"	145	"HiG"
"HiG_13"	3	"Ppp3cc"	379	"HiG"
"HiG_13"	676	"Sdc4"	156	"HiG"
"HiG_13"	0	"Mdfic"	501	"HiG"
"HiG_13"	136	"Gmfg"	275	"HiG"
"HiG_13"	1	"Tbxa2r"	390	"HiG"
"HiG_13"	52	"Ctsh"	309	"HiG"
"HiG_13"	214	"Ctsc"	247.5	"HiG"
"HiG_13"	557	"Rassf3"	197	"HiG"
"HiG_13"	820	"Igfbp4"	130	"HiG"
"HiG_13"	0	"Lca5l"	501	"HiG"
"HiG_13"	0	"Lztfl1"	501	"HiG"
"HiG_13"	0	"Ncoa7"	501	"HiG"
"HiG_13"	64	"Parp9"	300.5	"HiG"
"HiG_13"	64	"Parp12"	300.5	"HiG"
"HiG_13"	0	"Myo1f"	501	"HiG"
"HiG_13"	7	"Hs3st1"	365	"HiG"
"HiG_13"	0	"Lgmn"	501	"HiG"
"HiG_13"	0	"Fam136a"	501	"HiG"
"HiG_13"	16	"Lax1"	345	"HiG"
"HiG_13"	593	"Pde4b"	172	"HiG"
"HiG_13"	637	"Spint2"	161	"HiG"
"HiG_13"	360	"Pcsk9"	224	"HiG"
"HiG_13"	0	"Aqp9"	501	"HiG"
"HiG_13"	0	"Entpd5"	501	"HiG"
"HiG_13"	900	"Cd69"	119	"HiG"
"HiG_13"	204	"Emp1"	250	"HiG"
"HiG_13"	20	"Hdhd2"	338	"HiG"
"HiG_13"	4	"Ptger3"	373.5	"HiG"
"HiG_13"	60	"Ccl4"	305	"HiG"
"HiG_13"	525	"Snap47"	203	"HiG"
"HiG_13"	176	"Msrb3"	258.5	"HiG"
"HiG_13"	0	"Nabp1"	501	"HiG"
"HiG_13"	425	"Tbc1d16"	216.5	"HiG"
"HiG_13"	569	"Ypel3"	185.5	"HiG"
"HiG_13"	0	"Bfsp2"	501	"HiG"
"HiG_13"	0	"Pcmtd2"	501	"HiG"
"HiG_13"	4	"Pim2"	373.5	"HiG"
"HiG_13"	0	"Pik3ip1"	501	"HiG"
"HiG_13"	0	"Azin2"	501	"HiG"
"HiG_13"	0	"Paqr5"	501	"HiG"
"HiG_13"	29	"Dusp2"	324.5	"HiG"
"HiG_13"	3	"Hlx"	379	"HiG"
"HiG_13"	0	"Tox"	501	"HiG"
"HiG_13"	718	"Usp18"	148	"HiG"
"HiG_13"	0	"Tmtc1"	501	"HiG"
"HiG_13"	0	"Mn1"	501	"HiG"
"HiG_13"	0	"Ociad2"	501	"HiG"
"HiG_13"	0	"Neil3"	501	"HiG"
"HiG_13"	0	"Fam216a"	501	"HiG"
"HiG_13"	11	"Tmed3"	359	"HiG"
"HiG_13"	22	"Oaf"	333	"HiG"
"HiG_13"	0	"Myl10"	501	"HiG"
"HiG_13"	0	"Rbms3"	501	"HiG"
"HiG_13"	3074	"Slc39a10"	35	"HiG"
"HiG_13"	0	"Lrp12"	501	"HiG"
"HiG_13"	2304	"Rnf149"	42	"HiG"
"HiG_13"	12	"Tspan3"	356	"HiG"
"HiG_13"	12	"Mgll"	356	"HiG"
"HiG_13"	843	"Serpinc1"	126	"HiG"
"HiG_13"	1	"Ndst1"	390	"HiG"
"HiG_13"	0	"Rdh12"	501	"HiG"
"HiG_13"	62	"Clec12a"	303	"HiG"
"HiG_13"	572	"Clec10a"	178	"HiG"
"HiG_13"	569	"Mcoln2"	185.5	"HiG"
"HiG_13"	393	"Myadm"	220	"HiG"
"HiG_13"	0	"Nrgn"	501	"HiG"
"HiG_13"	163	"Stk17b"	265	"HiG"
"HiG_13"	0	"P2ry14"	501	"HiG"
"HiG_13"	447	"Prr11"	213	"HiG"
"HiG_13"	13	"Scin"	352	"HiG"
"HiG_13"	0	"Gmpr"	501	"HiG"
"HiG_13"	730	"Rsad2"	146	"HiG"
"HiG_13"	600	"P2ry12"	169	"HiG"
"HiG_13"	0	"St8sia1"	501	"HiG"
"HiG_13"	569	"St3gal5"	185.5	"HiG"
"HiG_13"	0	"Gpr137b"	501	"HiG"
"HiG_13"	680	"Jchain"	154	"HiG"
"HiG_13"	0	"Slc30a4"	501	"HiG"
"HiG_13"	2	"Fam43a"	385	"HiG"
"HiG_13"	0	"Gcnt1"	501	"HiG"
"HiG_13"	41	"Pltp"	317	"HiG"
"HiG_13"	21	"Sorl1"	334.5	"HiG"
"HiG_13"	763	"Cd96"	139	"HiG"
"HiG_13"	0	"Hvcn1"	501	"HiG"
"HiG_13"	0	"Rmi2"	501	"HiG"
"HiG_13"	888	"Slc16a1"	121	"HiG"
"HiG_13"	716	"Mex3a"	149	"HiG"
"HiG_13"	0	"Plpp6"	501	"HiG"
"HiG_13"	0	"Mpeg1"	501	"HiG"
"HiG_13"	0	"Epsti1"	501	"HiG"
"HiG_13"	0	"Mboat2"	501	"HiG"
"HiG_13"	0	"Slc19a1"	501	"HiG"
"HiG_13"	0	"Stk10"	501	"HiG"
"HiG_13"	0	"Frmd4b"	501	"HiG"
"HiG_13"	0	"Hpse"	501	"HiG"
"HiG_13"	0	"Ptgr1"	501	"HiG"
"HiG_13"	0	"Muc13"	501	"HiG"
"HiG_13"	0	"Osbpl5"	501	"HiG"
"HiG_13"	0	"Ccr7"	501	"HiG"
"HiG_13"	265	"Tcf7"	231	"HiG"
"HiG_13"	0	"Plpp1"	501	"HiG"
"HiG_13"	0	"Angptl2"	501	"HiG"
"HiG_13"	0	"Lipg"	501	"HiG"
"HiG_13"	30	"Ifi44"	323	"HiG"
"HiG_13"	0	"Fads3"	501	"HiG"
"HiG_13"	0	"Il17re"	501	"HiG"
"HiG_13"	614	"Mgst2"	165	"HiG"
"HiG_13"	87	"Tspan2"	291	"HiG"
"HiG_13"	17	"Vldlr"	343	"HiG"
"HiG_13"	0	"Snn"	501	"HiG"
"HiG_13"	0	"Gatm"	501	"HiG"
"HiG_13"	0	"Chit1"	501	"HiG"
"HiG_13"	0	"St6gal1"	501	"HiG"
"HiG_13"	217	"Trib1"	244	"HiG"
"HiG_13"	12	"Rnmt"	356	"HiG"
"HiG_13"	3	"Isg20"	379	"HiG"
"HiG_13"	28	"Vangl2"	326	"HiG"
"HiG_13"	0	"Tmem108"	501	"HiG"
"HiG_13"	1154	"Fgd4"	94	"HiG"
"HiG_13"	0	"Tor3a"	501	"HiG"
"HiG_13"	0	"Gimap1"	501	"HiG"
"HiG_13"	0	"Phtf2"	501	"HiG"
"HiG_13"	13	"Tgif2"	352	"HiG"
"HiG_13"	325	"Ptprcap"	227	"HiG"
"HiG_13"	0	"Jakmip1"	501	"HiG"
"HiG_13"	0	"Plekhm3"	501	"HiG"
"HiG_13"	0	"Kdm7a"	501	"HiG"
"HiG_13"	0	"Rasgef1b"	501	"HiG"
"HiG_13"	64	"Rgl1"	300.5	"HiG"
"HiG_13"	1611	"Wdr36"	66	"HiG"
"HiG_13"	569	"Lipa"	185.5	"HiG"
"HiG_13"	0	"Cldn11"	501	"HiG"
"HiG_13"	0	"Tspyl4"	501	"HiG"
"HiG_13"	0	"Ccdc125"	501	"HiG"
"HiG_13"	0	"Gimap6"	501	"HiG"
"HiG_13"	0	"Pdzd4"	501	"HiG"
"HiG_13"	0	"Cdh17"	501	"HiG"
"HiG_13"	179	"Pdcd1lg2"	256	"HiG"
"HiG_13"	150	"Nkg7"	272.5	"HiG"
"HiG_13"	0	"Gjb3"	501	"HiG"
"HiG_13"	620	"Ms4a3"	163	"HiG"
"HiG_13"	2	"Slc14a1"	385	"HiG"
"HiG_13"	0	"Syce2"	501	"HiG"
"HiG_13"	0	"Man1c1"	501	"HiG"
"HiG_13"	0	"Rtp4"	501	"HiG"
"HiG_13"	5	"Slpi"	369	"HiG"
"HiG_13"	0	"Msra"	501	"HiG"
"HiG_13"	0	"Wnt9a"	501	"HiG"
"HiG_13"	2	"Bri3"	385	"HiG"
"HiG_13"	0	"Plpp5"	501	"HiG"
"HiG_13"	8	"Clec4d"	362	"HiG"
"HiG_13"	0	"Sapcd1"	501	"HiG"
"HiG_13"	0	"Ntng1"	501	"HiG"
"HiG_13"	0	"Enam"	501	"HiG"
"HiG_13"	0	"Il4i1"	501	"HiG"
"HiG_13"	822	"Zfp36"	128	"HiG"
"HiG_13"	0	"Ccr9"	501	"HiG"
"HiG_13"	370	"Smo"	222	"HiG"
"HiG_13"	0	"Sp140"	501	"HiG"
"HiG_13"	0	"Padi2"	501	"HiG"
"HiG_13"	0	"Lynx1"	501	"HiG"
"HiG_13"	694	"Ccl24"	152	"HiG"
"HiG_13"	2	"Rasgrp2"	385	"HiG"
"HiG_13"	671	"Rab38"	158	"HiG"
"HiG_13"	0	"Ctxn1"	501	"HiG"
"HiG_13"	45	"Klrd1"	311.5	"HiG"
"HiG_13"	2187	"Ly86"	48	"HiG"
"HiG_13"	0	"Tmem154"	501	"HiG"
"HiG_13"	0	"Rnase4"	501	"HiG"
"HiG_13"	0	"Kbtbd11"	501	"HiG"
"HiG_13"	0	"Ppm1l"	501	"HiG"
"HiG_13"	0	"Kmo"	501	"HiG"
"HiG_13"	0	"Plxnc1"	501	"HiG"
"HiG_13"	0	"Plppr3"	501	"HiG"
"HiG_13"	0	"St3gal6"	501	"HiG"
"HiG_13"	0	"Mctp2"	501	"HiG"
"HiG_13"	0	"Tshz3"	501	"HiG"
"HiG_13"	0	"Samd9l"	501	"HiG"
"HiG_13"	4	"Pld4"	373.5	"HiG"
"HiG_13"	0	"Gcsam"	501	"HiG"
"HiG_13"	8	"Tmem151b"	362	"HiG"
"HiG_13"	0	"Rasa4"	501	"HiG"
"HiG_13"	0	"Slc22a3"	501	"HiG"
"HiG_13"	0	"Gpr171"	501	"HiG"
"HiG_13"	150	"Mrc1"	272.5	"HiG"
"HiG_13"	498	"Tmem176b"	206	"HiG"
"HiG_13"	0	"Slc35d3"	501	"HiG"
"HiG_13"	0	"Slc37a2"	501	"HiG"
"HiG_13"	0	"Spns2"	501	"HiG"
"HiG_13"	27	"Tspan9"	327	"HiG"
"HiG_13"	113	"Sh2d5"	282	"HiG"
"HiG_13"	0	"Cmpk2"	501	"HiG"
"HiG_13"	1809	"Gpr65"	61	"HiG"
"HiG_13"	0	"Adgrl4"	501	"HiG"
"HiG_13"	0	"Prss57"	501	"HiG"
"HiG_13"	0	"Tmem64"	501	"HiG"
"HiG_13"	0	"Zfp36l1"	501	"HiG"
"HiG_13"	2	"Zmpste24"	385	"HiG"
"HiG_13"	0	"Tspan13"	501	"HiG"
"HiG_13"	0	"Zdhhc14"	501	"HiG"
"HiG_13"	0	"Ydjc"	501	"HiG"
"HiG_13"	0	"Zdhhc8"	501	"HiG"
"HiG_13"	0	"Zcchc18"	501	"HiG"
"HiG_13"	0	"Klhl30"	501	"HiG"
"HiG_13"	0	"Thsd1"	501	"HiG"
"HiG_2"	20030	"App"	2	"HiG"
"HiG_2"	889	"Csf1r"	104	"HiG"
"HiG_2"	560	"Gadd45a"	150	"HiG"
"HiG_2"	2106	"Daxx"	48	"HiG"
"HiG_2"	1638	"Bcl2"	54	"HiG"
"HiG_2"	91	"Ncf4"	260	"HiG"
"HiG_2"	0	"Atrnl1"	492	"HiG"
"HiG_2"	55	"Map3k8"	290.5	"HiG"
"HiG_2"	948	"Fos"	99	"HiG"
"HiG_2"	178	"Flt1"	239.5	"HiG"
"HiG_2"	3858	"Itgb2"	24	"HiG"
"HiG_2"	2192	"Cdh1"	46	"HiG"
"HiG_2"	0	"Pnkp"	492	"HiG"
"HiG_2"	202	"Bmx"	230	"HiG"
"HiG_2"	2478	"Dab2"	41	"HiG"
"HiG_2"	1554	"Il6st"	55	"HiG"
"HiG_2"	0	"Id2"	492	"HiG"
"HiG_2"	20	"Ralgds"	333.5	"HiG"
"HiG_2"	0	"Hivep3"	492	"HiG"
"HiG_2"	1287	"Btg1"	72	"HiG"
"HiG_2"	429	"Nedd9"	187	"HiG"
"HiG_2"	0	"Plcb2"	492	"HiG"
"HiG_2"	467	"Plxnb2"	178.5	"HiG"
"HiG_2"	0	"Gadd45g"	492	"HiG"
"HiG_2"	4217	"Rara"	17	"HiG"
"HiG_2"	410	"Gfi1"	191	"HiG"
"HiG_2"	721	"Slc29a1"	121	"HiG"
"HiG_2"	1	"Agtrap"	398.5	"HiG"
"HiG_2"	0	"Dctpp1"	492	"HiG"
"HiG_2"	0	"Acy1"	492	"HiG"
"HiG_2"	30	"Srpk2"	320	"HiG"
"HiG_2"	0	"Mad1l1"	492	"HiG"
"HiG_2"	551	"Stx11"	158	"HiG"
"HiG_2"	1048	"Actn1"	90	"HiG"
"HiG_2"	166	"Sat1"	241.5	"HiG"
"HiG_2"	203	"Isg15"	228.5	"HiG"
"HiG_2"	11	"Cd177"	350	"HiG"
"HiG_2"	272	"Fth1"	218	"HiG"
"HiG_2"	787	"Nrip1"	116	"HiG"
"HiG_2"	724	"Vasp"	120	"HiG"
"HiG_2"	644	"Bnip3"	132	"HiG"
"HiG_2"	135	"Sirpa"	248	"HiG"
"HiG_2"	0	"Plac8"	492	"HiG"
"HiG_2"	6	"Eif1ad"	366	"HiG"
"HiG_2"	1523	"Eps8"	60	"HiG"
"HiG_2"	1424	"Trip6"	62	"HiG"
"HiG_2"	612	"Gemin6"	139	"HiG"
"HiG_2"	1342	"Ncf1"	68	"HiG"
"HiG_2"	14680	"Pml"	3	"HiG"
"HiG_2"	9984	"Jun"	6	"HiG"
"HiG_2"	0	"Raph1"	492	"HiG"
"HiG_2"	0	"Btg2"	492	"HiG"
"HiG_2"	6	"Slc27a4"	366	"HiG"
"HiG_2"	584	"Atad3a"	145	"HiG"
"HiG_2"	906	"Cdk6"	103	"HiG"
"HiG_2"	2741	"Dstn"	37	"HiG"
"HiG_2"	0	"Lyar"	492	"HiG"
"HiG_2"	652	"Ltf"	131	"HiG"
"HiG_2"	4199	"S100a9"	18	"HiG"
"HiG_2"	754	"Bzw2"	119	"HiG"
"HiG_2"	6	"Stom"	366	"HiG"
"HiG_2"	1383	"Bcar3"	66	"HiG"
"HiG_2"	39	"Afap1l1"	310.5	"HiG"
"HiG_2"	28	"Snrk"	323	"HiG"
"HiG_2"	0	"Osgep"	492	"HiG"
"HiG_2"	2698	"Anxa1"	38	"HiG"
"HiG_2"	6583	"Nolc1"	7	"HiG"
"HiG_2"	3445	"Fbl"	27	"HiG"
"HiG_2"	0	"Ddt"	492	"HiG"
"HiG_2"	813	"S100a8"	112.5	"HiG"
"HiG_2"	2554	"Prmt1"	40	"HiG"
"HiG_2"	0	"Psph"	492	"HiG"
"HiG_2"	1059	"Pa2g4"	89	"HiG"
"HiG_2"	3253	"Lgals3bp"	30	"HiG"
"HiG_2"	1419	"Tnf"	64	"HiG"
"HiG_2"	4785	"Ddx21"	13	"HiG"
"HiG_2"	59502	"Myc"	1	"HiG"
"HiG_2"	1546	"Mybbp1a"	57	"HiG"
"HiG_2"	154	"Fabp5"	245.5	"HiG"
"HiG_2"	658	"Med21"	128	"HiG"
"HiG_2"	336	"Bcl3"	202	"HiG"
"HiG_2"	27	"Mapk3"	324.5	"HiG"
"HiG_2"	3920	"Cebpa"	22	"HiG"
"HiG_2"	5167	"Fyn"	11	"HiG"
"HiG_2"	1	"Cd82"	398.5	"HiG"
"HiG_2"	0	"Ppp1r3d"	492	"HiG"
"HiG_2"	1515	"Tnfrsf1b"	61	"HiG"
"HiG_2"	386	"Exosc2"	195	"HiG"
"HiG_2"	482	"Cxcr2"	174	"HiG"
"HiG_2"	10560	"Lrp1"	5	"HiG"
"HiG_2"	4290	"Hsph1"	16	"HiG"
"HiG_2"	1242	"Atf3"	78	"HiG"
"HiG_2"	302	"Pparg"	210.5	"HiG"
"HiG_2"	0	"Scel"	492	"HiG"
"HiG_2"	3061	"Ahnak"	34	"HiG"
"HiG_2"	0	"Aatk"	492	"HiG"
"HiG_2"	797	"Hck"	115	"HiG"
"HiG_2"	332	"Cstb"	203	"HiG"
"HiG_2"	4165	"Itgam"	19	"HiG"
"HiG_2"	290	"L1cam"	214	"HiG"
"HiG_2"	243	"Cd84"	222	"HiG"
"HiG_2"	1128	"Il1r1"	85	"HiG"
"HiG_2"	2919	"Lrpap1"	35	"HiG"
"HiG_2"	0	"Atf5"	492	"HiG"
"HiG_2"	3497	"Cd74"	26	"HiG"
"HiG_2"	215	"Numb"	225	"HiG"
"HiG_2"	2	"E2f2"	392	"HiG"
"HiG_2"	0	"S100a6"	492	"HiG"
"HiG_2"	827	"Hipk1"	110	"HiG"
"HiG_2"	79	"Dtx3l"	269.5	"HiG"
"HiG_2"	2661	"Ppia"	39	"HiG"
"HiG_2"	0	"Nfix"	492	"HiG"
"HiG_2"	916	"Bcl6"	101	"HiG"
"HiG_2"	1168	"Kat2a"	82	"HiG"
"HiG_2"	321	"Mxd1"	205	"HiG"
"HiG_2"	2310	"Srpk1"	44	"HiG"
"HiG_2"	302	"Pdk1"	210.5	"HiG"
"HiG_2"	0	"Aldh2"	492	"HiG"
"HiG_2"	113	"Anxa6"	253	"HiG"
"HiG_2"	2029	"Casp6"	49	"HiG"
"HiG_2"	348	"Cpne3"	201	"HiG"
"HiG_2"	523	"Cd48"	168	"HiG"
"HiG_2"	363	"F10"	200	"HiG"
"HiG_2"	1113	"Lpl"	86	"HiG"
"HiG_2"	0	"Gbp2"	492	"HiG"
"HiG_2"	4439	"Dkc1"	15	"HiG"
"HiG_2"	1201	"Pmaip1"	81	"HiG"
"HiG_2"	499	"Prg2"	172	"HiG"
"HiG_2"	979	"Lamc1"	97	"HiG"
"HiG_2"	0	"Sh2d3c"	492	"HiG"
"HiG_2"	211	"Mpp1"	227	"HiG"
"HiG_2"	20	"Anxa3"	333.5	"HiG"
"HiG_2"	106	"Gpr183"	255.5	"HiG"
"HiG_2"	31	"Hip1"	318.5	"HiG"
"HiG_2"	813	"S100a4"	112.5	"HiG"
"HiG_2"	425	"Pno1"	188	"HiG"
"HiG_2"	7	"Csf2rb"	359.5	"HiG"
"HiG_2"	57	"Cd28"	287.5	"HiG"
"HiG_2"	464	"Capn2"	181	"HiG"
"HiG_2"	3096	"Fgr"	32	"HiG"
"HiG_2"	765	"Agps"	117	"HiG"
"HiG_2"	2121	"C3"	47	"HiG"
"HiG_2"	557	"Spint1"	151	"HiG"
"HiG_2"	53	"Csf1"	292.5	"HiG"
"HiG_2"	46	"Mef2c"	302	"HiG"
"HiG_2"	983	"Ctsb"	95.5	"HiG"
"HiG_2"	4032	"Ccr5"	20	"HiG"
"HiG_2"	526	"Itgb3"	167	"HiG"
"HiG_2"	1543	"Gar1"	58	"HiG"
"HiG_2"	196	"Adrb2"	233	"HiG"
"HiG_2"	3334	"Elane"	29	"HiG"
"HiG_2"	0	"Axl"	492	"HiG"
"HiG_2"	0	"Fbxl5"	492	"HiG"
"HiG_2"	5124	"Cxcr4"	12	"HiG"
"HiG_2"	663	"Plxna1"	127	"HiG"
"HiG_2"	80	"Col5a1"	267.5	"HiG"
"HiG_2"	0	"Cdc42ep2"	492	"HiG"
"HiG_2"	120	"Cd38"	250	"HiG"
"HiG_2"	2208	"Ccl3"	45	"HiG"
"HiG_2"	1696	"Socs1"	53	"HiG"
"HiG_2"	1246	"Nrp1"	75.5	"HiG"
"HiG_2"	82	"Maf"	264	"HiG"
"HiG_2"	51	"Klf4"	297	"HiG"
"HiG_2"	0	"Abcd2"	492	"HiG"
"HiG_2"	5989	"Apex1"	10	"HiG"
"HiG_2"	2900	"Cyba"	36	"HiG"
"HiG_2"	15	"F13a1"	342	"HiG"
"HiG_2"	574	"Pou2f2"	148	"HiG"
"HiG_2"	0	"Alcam"	492	"HiG"
"HiG_2"	2397	"Ssbp1"	42	"HiG"
"HiG_2"	402	"Ssbp2"	192	"HiG"
"HiG_2"	118	"Rcc1"	251	"HiG"
"HiG_2"	11	"Arhgef3"	350	"HiG"
"HiG_2"	3077	"Ctss"	33	"HiG"
"HiG_2"	1421	"C5ar1"	63	"HiG"
"HiG_2"	0	"Clybl"	492	"HiG"
"HiG_2"	680	"Tlr2"	123	"HiG"
"HiG_2"	185	"Lcn2"	237	"HiG"
"HiG_2"	100	"Pbx1"	258	"HiG"
"HiG_2"	0	"Evl"	492	"HiG"
"HiG_2"	495	"Noc2l"	173	"HiG"
"HiG_2"	108	"Slc6a4"	254	"HiG"
"HiG_2"	821	"Tnfaip3"	111	"HiG"
"HiG_2"	29	"Cfp"	321.5	"HiG"
"HiG_2"	48	"Marcks"	300.5	"HiG"
"HiG_2"	266	"Cebpe"	220	"HiG"
"HiG_2"	551	"Il13ra1"	158	"HiG"
"HiG_2"	0	"Cd34"	492	"HiG"
"HiG_2"	835	"Fcer1g"	108	"HiG"
"HiG_2"	189	"Pag1"	235	"HiG"
"HiG_2"	550	"Rassf5"	162	"HiG"
"HiG_2"	62	"Glb1"	283	"HiG"
"HiG_2"	90	"Helz2"	261	"HiG"
"HiG_2"	0	"Adora2b"	492	"HiG"
"HiG_2"	25	"Cd33"	327	"HiG"
"HiG_2"	983	"Prnp"	95.5	"HiG"
"HiG_2"	217	"Irf9"	224	"HiG"
"HiG_2"	25	"Mapk13"	327	"HiG"
"HiG_2"	667	"Itga1"	126	"HiG"
"HiG_2"	478	"Cttnbp2nl"	176	"HiG"
"HiG_2"	1399	"Stk26"	65	"HiG"
"HiG_2"	417	"Furin"	190	"HiG"
"HiG_2"	300	"Cd244"	212	"HiG"
"HiG_2"	1139	"Plaur"	84	"HiG"
"HiG_2"	576	"Ctsd"	147	"HiG"
"HiG_2"	67	"Il1r2"	279.5	"HiG"
"HiG_2"	24	"Rab33b"	329.5	"HiG"
"HiG_2"	424	"Pik3cb"	189	"HiG"
"HiG_2"	41	"Cd14"	308.5	"HiG"
"HiG_2"	0	"Klf2"	492	"HiG"
"HiG_2"	5	"Mxi1"	372.5	"HiG"
"HiG_2"	77	"Tfpi"	272	"HiG"
"HiG_2"	805	"Tap1"	114	"HiG"
"HiG_2"	3	"Aldoc"	384	"HiG"
"HiG_2"	16	"Tpd52"	340	"HiG"
"HiG_2"	1082	"Sell"	87	"HiG"
"HiG_2"	0	"Acta2"	492	"HiG"
"HiG_2"	0	"Itgb7"	492	"HiG"
"HiG_2"	35	"Gzmb"	313	"HiG"
"HiG_2"	374	"Prtn3"	197	"HiG"
"HiG_2"	42	"Cebpd"	307	"HiG"
"HiG_2"	832	"Ctsg"	109	"HiG"
"HiG_2"	0	"Glrx"	492	"HiG"
"HiG_2"	6	"Upp1"	366	"HiG"
"HiG_2"	0	"Gstm1"	492	"HiG"
"HiG_2"	6111	"Lgals3"	9	"HiG"
"HiG_2"	44	"Cdkn3"	305	"HiG"
"HiG_2"	0	"Trem1"	492	"HiG"
"HiG_2"	474	"Cd93"	177	"HiG"
"HiG_2"	4530	"Tyrobp"	14	"HiG"
"HiG_2"	278	"Il1b"	217	"HiG"
"HiG_2"	997	"Irf8"	94	"HiG"
"HiG_2"	56	"Hmox1"	289	"HiG"
"HiG_2"	8	"Dlk1"	357	"HiG"
"HiG_2"	0	"Jdp2"	492	"HiG"
"HiG_2"	15	"Spp1"	342	"HiG"
"HiG_2"	700	"Ighm"	122	"HiG"
"HiG_2"	1246	"Ctr9"	75.5	"HiG"
"HiG_2"	591	"Irf7"	142	"HiG"
"HiG_2"	552	"Acadm"	154	"HiG"
"HiG_2"	57	"F7"	287.5	"HiG"
"HiG_2"	281	"Pygl"	216	"HiG"
"HiG_2"	41	"Suclg2"	308.5	"HiG"
"HiG_2"	3402	"Ckap4"	28	"HiG"
"HiG_2"	1548	"Sun2"	56	"HiG"
"HiG_2"	0	"Noc3l"	492	"HiG"
"HiG_2"	372	"Nudcd1"	198	"HiG"
"HiG_2"	2014	"Nop58"	50	"HiG"
"HiG_2"	0	"Padi4"	492	"HiG"
"HiG_2"	3958	"Socs3"	21	"HiG"
"HiG_2"	6	"Kbtbd7"	366	"HiG"
"HiG_2"	1	"Rassf4"	398.5	"HiG"
"HiG_2"	0	"Tecpr1"	492	"HiG"
"HiG_2"	80	"Farsb"	267.5	"HiG"
"HiG_2"	0	"Gas7"	492	"HiG"
"HiG_2"	0	"Hopx"	492	"HiG"
"HiG_2"	467	"Mafb"	178.5	"HiG"
"HiG_2"	1008	"Egln3"	92	"HiG"
"HiG_2"	45	"Wdr12"	303	"HiG"
"HiG_2"	20	"Sirt3"	333.5	"HiG"
"HiG_2"	24	"Parp14"	329.5	"HiG"
"HiG_2"	516	"Anxa4"	169	"HiG"
"HiG_2"	75	"Cnn3"	273.5	"HiG"
"HiG_2"	1794	"Tcf4"	51	"HiG"
"HiG_2"	0	"Cenpv"	492	"HiG"
"HiG_2"	450	"Nt5dc2"	184	"HiG"
"HiG_2"	1	"Mfge8"	398.5	"HiG"
"HiG_2"	0	"Fry"	492	"HiG"
"HiG_2"	10624	"Nop56"	4	"HiG"
"HiG_2"	27	"Camp"	324.5	"HiG"
"HiG_2"	114	"Nrp2"	252	"HiG"
"HiG_2"	0	"Asprv1"	492	"HiG"
"HiG_2"	0	"Abtb1"	492	"HiG"
"HiG_2"	1027	"Tubb2a"	91	"HiG"
"HiG_2"	3230	"Impdh2"	31	"HiG"
"HiG_2"	577	"Bst2"	146	"HiG"
"HiG_2"	9	"Hmgn3"	355	"HiG"
"HiG_2"	6219	"Cad"	8	"HiG"
"HiG_2"	81	"Camk1d"	266	"HiG"
"HiG_2"	380	"Nop2"	196	"HiG"
"HiG_2"	52	"Hp"	294.5	"HiG"
"HiG_2"	52	"Msr1"	294.5	"HiG"
"HiG_2"	0	"Olfm1"	492	"HiG"
"HiG_2"	36	"Sh3bp5"	312	"HiG"
"HiG_2"	0	"Iqsec1"	492	"HiG"
"HiG_2"	0	"Dhx58"	492	"HiG"
"HiG_2"	0	"Alas1"	492	"HiG"
"HiG_2"	0	"Tcf19"	492	"HiG"
"HiG_2"	159	"Psap"	243	"HiG"
"HiG_2"	166	"Fam20c"	241.5	"HiG"
"HiG_2"	565	"Ppbp"	149	"HiG"
"HiG_2"	0	"Gpcpd1"	492	"HiG"
"HiG_2"	462	"Odc1"	182	"HiG"
"HiG_2"	611	"Pld3"	140	"HiG"
"HiG_2"	105	"Ak4"	257	"HiG"
"HiG_2"	9	"Osm"	355	"HiG"
"HiG_2"	317	"Npm3"	206	"HiG"
"HiG_2"	1002	"Ptges3"	93	"HiG"
"HiG_2"	0	"Prmt3"	492	"HiG"
"HiG_2"	0	"Tcf7l2"	492	"HiG"
"HiG_2"	33	"Ampd3"	315.5	"HiG"
"HiG_2"	675	"Mpo"	124	"HiG"
"HiG_2"	863	"Cnp"	105	"HiG"
"HiG_2"	0	"Ift80"	492	"HiG"
"HiG_2"	0	"Gpnmb"	492	"HiG"
"HiG_2"	0	"Cpox"	492	"HiG"
"HiG_2"	0	"Dmkn"	492	"HiG"
"HiG_2"	393	"Ap1s2"	193	"HiG"
"HiG_2"	0	"Cpd"	492	"HiG"
"HiG_2"	2	"Abcg1"	392	"HiG"
"HiG_2"	0	"Cnn2"	492	"HiG"
"HiG_2"	2	"Nop14"	392	"HiG"
"HiG_2"	654	"Gart"	129.5	"HiG"
"HiG_2"	2	"Rcl1"	392	"HiG"
"HiG_2"	254	"Cluh"	221	"HiG"
"HiG_2"	0	"Rgcc"	492	"HiG"
"HiG_2"	638	"Clec7a"	134	"HiG"
"HiG_2"	314	"Tnip3"	207	"HiG"
"HiG_2"	3	"C1rl"	384	"HiG"
"HiG_2"	4	"Tob1"	377.5	"HiG"
"HiG_2"	0	"Klhdc4"	492	"HiG"
"HiG_2"	73	"Srm"	276	"HiG"
"HiG_2"	6	"Il1rn"	366	"HiG"
"HiG_2"	0	"Ccpg1"	492	"HiG"
"HiG_2"	0	"Specc1"	492	"HiG"
"HiG_2"	617	"Cd52"	136.5	"HiG"
"HiG_2"	502	"Socs2"	171	"HiG"
"HiG_2"	39	"Ptafr"	310.5	"HiG"
"HiG_2"	0	"Rab7b"	492	"HiG"
"HiG_2"	480	"Adpgk"	175	"HiG"
"HiG_2"	0	"Peli2"	492	"HiG"
"HiG_2"	0	"Ppic"	492	"HiG"
"HiG_2"	1245	"Arl4c"	77	"HiG"
"HiG_2"	1160	"Sort1"	83	"HiG"
"HiG_2"	0	"Dok3"	492	"HiG"
"HiG_2"	82	"Cybb"	264	"HiG"
"HiG_2"	213	"Lsp1"	226	"HiG"
"HiG_2"	0	"Rab3d"	492	"HiG"
"HiG_2"	1216	"Prdx5"	79	"HiG"
"HiG_2"	11	"Marcksl1"	350	"HiG"
"HiG_2"	617	"Kynu"	136.5	"HiG"
"HiG_2"	1720	"Thy1"	52	"HiG"
"HiG_2"	0	"Shtn1"	492	"HiG"
"HiG_2"	0	"Rangrf"	492	"HiG"
"HiG_2"	4	"Thumpd1"	377.5	"HiG"
"HiG_2"	31	"Poc1a"	318.5	"HiG"
"HiG_2"	0	"Timm9"	492	"HiG"
"HiG_2"	75	"Nudt5"	273.5	"HiG"
"HiG_2"	1212	"Golim4"	80	"HiG"
"HiG_2"	2	"Tnfaip2"	392	"HiG"
"HiG_2"	53	"Unc13d"	292.5	"HiG"
"HiG_2"	9	"Gbe1"	355	"HiG"
"HiG_2"	190	"Stat2"	234	"HiG"
"HiG_2"	510	"Acsl1"	170	"HiG"
"HiG_2"	531	"Ppat"	165	"HiG"
"HiG_2"	0	"Tmem176a"	492	"HiG"
"HiG_2"	0	"Msrb1"	492	"HiG"
"HiG_2"	0	"Slc31a2"	492	"HiG"
"HiG_2"	613	"Slc15a3"	138	"HiG"
"HiG_2"	0	"Acox3"	492	"HiG"
"HiG_2"	0	"Crat"	492	"HiG"
"HiG_2"	2	"Cdk18"	392	"HiG"
"HiG_2"	0	"Aldh3b1"	492	"HiG"
"HiG_2"	0	"Antxr2"	492	"HiG"
"HiG_2"	551	"Xpc"	158	"HiG"
"HiG_2"	0	"Gpsm3"	492	"HiG"
"HiG_2"	543	"C3ar1"	163	"HiG"
"HiG_2"	0	"Gda"	492	"HiG"
"HiG_2"	72	"Cd300ld"	277.5	"HiG"
"HiG_2"	0	"Lox"	492	"HiG"
"HiG_2"	13	"Otulin"	345	"HiG"
"HiG_2"	6	"Slc7a11"	366	"HiG"
"HiG_2"	0	"Steap4"	492	"HiG"
"HiG_2"	106	"Abhd5"	255.5	"HiG"
"HiG_2"	0	"Mak"	492	"HiG"
"HiG_2"	7	"Dse"	359.5	"HiG"
"HiG_2"	0	"Dusp22"	492	"HiG"
"HiG_2"	365	"Dgat1"	199	"HiG"
"HiG_2"	74	"Dhrs7"	275	"HiG"
"HiG_2"	203	"Abcc5"	228.5	"HiG"
"HiG_2"	4	"Bst1"	377.5	"HiG"
"HiG_2"	3	"Ffar2"	384	"HiG"
"HiG_2"	34	"Hoxa7"	314	"HiG"
"HiG_2"	44	"Lbp"	305	"HiG"
"HiG_2"	588	"Mtap"	143	"HiG"
"HiG_2"	201	"Sdc4"	231	"HiG"
"HiG_2"	0	"Cldn15"	492	"HiG"
"HiG_2"	0	"Mdfic"	492	"HiG"
"HiG_2"	3	"Mtus1"	384	"HiG"
"HiG_2"	0	"G0s2"	492	"HiG"
"HiG_2"	4	"Gmfg"	377.5	"HiG"
"HiG_2"	6	"Tfec"	366	"HiG"
"HiG_2"	78	"Ctsh"	271	"HiG"
"HiG_2"	79	"Ctsc"	269.5	"HiG"
"HiG_2"	15	"Mgst1"	342	"HiG"
"HiG_2"	0	"Serpinb10"	492	"HiG"
"HiG_2"	0	"Ptgs1"	492	"HiG"
"HiG_2"	0	"Rassf3"	492	"HiG"
"HiG_2"	436	"Igfbp4"	185	"HiG"
"HiG_2"	910	"Gns"	102	"HiG"
"HiG_2"	0	"Papss2"	492	"HiG"
"HiG_2"	0	"Tbc1d2"	492	"HiG"
"HiG_2"	530	"Parp9"	166	"HiG"
"HiG_2"	44	"Parp12"	305	"HiG"
"HiG_2"	0	"Myo1f"	492	"HiG"
"HiG_2"	12	"Lgmn"	347	"HiG"
"HiG_2"	0	"Dgat2"	492	"HiG"
"HiG_2"	0	"Fam136a"	492	"HiG"
"HiG_2"	61	"Pde4b"	284.5	"HiG"
"HiG_2"	1067	"Spint2"	88	"HiG"
"HiG_2"	551	"Aqp9"	158	"HiG"
"HiG_2"	82	"Capg"	264	"HiG"
"HiG_2"	551	"Entpd3"	158	"HiG"
"HiG_2"	0	"Entpd5"	492	"HiG"
"HiG_2"	48	"Cd69"	300.5	"HiG"
"HiG_2"	4	"Emp1"	377.5	"HiG"
"HiG_2"	51	"Gpx3"	297	"HiG"
"HiG_2"	0	"Hdhd2"	492	"HiG"
"HiG_2"	123	"Ptger3"	249	"HiG"
"HiG_2"	466	"Ccl4"	180	"HiG"
"HiG_2"	14	"Nabp1"	344	"HiG"
"HiG_2"	0	"Ypel3"	492	"HiG"
"HiG_2"	0	"Pcmtd2"	492	"HiG"
"HiG_2"	25	"Cd302"	327	"HiG"
"HiG_2"	72	"Cd300lg"	277.5	"HiG"
"HiG_2"	3	"Hlx"	384	"HiG"
"HiG_2"	0	"Tox"	492	"HiG"
"HiG_2"	0	"Rbm47"	492	"HiG"
"HiG_2"	0	"Cib2"	492	"HiG"
"HiG_2"	156	"Neil3"	244	"HiG"
"HiG_2"	0	"Gsap"	492	"HiG"
"HiG_2"	0	"Fam216a"	492	"HiG"
"HiG_2"	294	"Tmed3"	213	"HiG"
"HiG_2"	0	"Rbms3"	492	"HiG"
"HiG_2"	2338	"Slc39a10"	43	"HiG"
"HiG_2"	17	"Lrp12"	339	"HiG"
"HiG_2"	919	"Rnf149"	100	"HiG"
"HiG_2"	188	"Tspan3"	236	"HiG"
"HiG_2"	0	"Mgll"	492	"HiG"
"HiG_2"	96	"Ndst1"	259	"HiG"
"HiG_2"	0	"Rdh12"	492	"HiG"
"HiG_2"	12	"Clec12a"	347	"HiG"
"HiG_2"	0	"Rogdi"	492	"HiG"
"HiG_2"	84	"Hsd11b1"	262	"HiG"
"HiG_2"	151	"Nrg1"	247	"HiG"
"HiG_2"	10	"Mcoln2"	352.5	"HiG"
"HiG_2"	630	"Myadm"	135	"HiG"
"HiG_2"	857	"Timp2"	107	"HiG"
"HiG_2"	2	"Stk17b"	392	"HiG"
"HiG_2"	0	"P2ry14"	492	"HiG"
"HiG_2"	0	"Prr11"	492	"HiG"
"HiG_2"	3904	"Ccr1"	23	"HiG"
"HiG_2"	763	"Fcgrt"	118	"HiG"
"HiG_2"	551	"P2ry12"	158	"HiG"
"HiG_2"	12	"Arg2"	347	"HiG"
"HiG_2"	0	"Gpr137b"	492	"HiG"
"HiG_2"	22	"Slc30a4"	331	"HiG"
"HiG_2"	2	"Fam43a"	392	"HiG"
"HiG_2"	51	"Gcnt1"	297	"HiG"
"HiG_2"	1271	"Naaa"	73	"HiG"
"HiG_2"	32	"Dpep2"	317	"HiG"
"HiG_2"	973	"Sorl1"	98	"HiG"
"HiG_2"	0	"Hvcn1"	492	"HiG"
"HiG_2"	0	"Nceh1"	492	"HiG"
"HiG_2"	7	"Pla2g7"	359.5	"HiG"
"HiG_2"	431	"Pyhin1"	186	"HiG"
"HiG_2"	1353	"Thbs1"	67	"HiG"
"HiG_2"	0	"Rmi2"	492	"HiG"
"HiG_2"	3	"Clec5a"	384	"HiG"
"HiG_2"	389	"Slc16a1"	194	"HiG"
"HiG_2"	0	"Adam8"	492	"HiG"
"HiG_2"	222	"Hebp1"	223	"HiG"
"HiG_2"	674	"Sh3pxd2b"	125	"HiG"
"HiG_2"	0	"Paqr7"	492	"HiG"
"HiG_2"	0	"Mpeg1"	492	"HiG"
"HiG_2"	0	"Epsti1"	492	"HiG"
"HiG_2"	267	"Plekhg1"	219	"HiG"
"HiG_2"	0	"Stk10"	492	"HiG"
"HiG_2"	0	"Mboat1"	492	"HiG"
"HiG_2"	285	"Neu1"	215	"HiG"
"HiG_2"	20	"Tbc1d9"	333.5	"HiG"
"HiG_2"	6	"Hpse"	366	"HiG"
"HiG_2"	10	"Tbc1d8"	352.5	"HiG"
"HiG_2"	0	"Ptgr1"	492	"HiG"
"HiG_2"	0	"Sgms2"	492	"HiG"
"HiG_2"	0	"Pnpla7"	492	"HiG"
"HiG_2"	29	"Cd300lb"	321.5	"HiG"
"HiG_2"	0	"Flrt3"	492	"HiG"
"HiG_2"	586	"Fpr2"	144	"HiG"
"HiG_2"	862	"Lipg"	106	"HiG"
"HiG_2"	199	"Plbd1"	232	"HiG"
"HiG_2"	19	"Pknox2"	336.5	"HiG"
"HiG_2"	1526	"Mgst2"	59	"HiG"
"HiG_2"	0	"B4galnt4"	492	"HiG"
"HiG_2"	0	"Spata13"	492	"HiG"
"HiG_2"	1266	"Tmx4"	74	"HiG"
"HiG_2"	324	"Clec4e"	204	"HiG"
"HiG_2"	0	"Gatm"	492	"HiG"
"HiG_2"	0	"Rnmt"	492	"HiG"
"HiG_2"	0	"Gpr141"	492	"HiG"
"HiG_2"	461	"Igsf6"	183	"HiG"
"HiG_2"	0	"B4galt6"	492	"HiG"
"HiG_2"	0	"Tmem108"	492	"HiG"
"HiG_2"	0	"Lrg1"	492	"HiG"
"HiG_2"	1324	"Fgd4"	70	"HiG"
"HiG_2"	0	"P2ry1"	492	"HiG"
"HiG_2"	18	"Tor3a"	338	"HiG"
"HiG_2"	0	"Rasgrp4"	492	"HiG"
"HiG_2"	0	"Prom1"	492	"HiG"
"HiG_2"	0	"Ddhd1"	492	"HiG"
"HiG_2"	0	"Phtf2"	492	"HiG"
"HiG_2"	0	"Kcnk13"	492	"HiG"
"HiG_2"	0	"Pfkfb4"	492	"HiG"
"HiG_2"	154	"Cd300lf"	245.5	"HiG"
"HiG_2"	310	"Lrrc25"	208	"HiG"
"HiG_2"	0	"Grina"	492	"HiG"
"HiG_2"	0	"Plekhm3"	492	"HiG"
"HiG_2"	0	"Olfml2b"	492	"HiG"
"HiG_2"	0	"Kdm7a"	492	"HiG"
"HiG_2"	0	"Slc23a2"	492	"HiG"
"HiG_2"	5	"Trem2"	372.5	"HiG"
"HiG_2"	19	"Wdr36"	336.5	"HiG"
"HiG_2"	553	"Lipa"	153	"HiG"
"HiG_2"	180	"Plin2"	238	"HiG"
"HiG_2"	1311	"Tmem106a"	71	"HiG"
"HiG_2"	551	"Tmem86a"	158	"HiG"
"HiG_2"	0	"Ccdc125"	492	"HiG"
"HiG_2"	3	"Slc7a8"	384	"HiG"
"HiG_2"	67	"Ms4a3"	279.5	"HiG"
"HiG_2"	0	"Mcemp1"	492	"HiG"
"HiG_2"	0	"Dram1"	492	"HiG"
"HiG_2"	0	"Syce2"	492	"HiG"
"HiG_2"	0	"Man1c1"	492	"HiG"
"HiG_2"	0	"Pi16"	492	"HiG"
"HiG_2"	61	"Slpi"	284.5	"HiG"
"HiG_2"	0	"Aoah"	492	"HiG"
"HiG_2"	0	"Msra"	492	"HiG"
"HiG_2"	0	"Bri3"	492	"HiG"
"HiG_2"	0	"Plpp5"	492	"HiG"
"HiG_2"	0	"Tmem71"	492	"HiG"
"HiG_2"	178	"Clec4d"	239.5	"HiG"
"HiG_2"	60	"Pde2a"	286	"HiG"
"HiG_2"	0	"Cpa3"	492	"HiG"
"HiG_2"	4	"Arhgap24"	377.5	"HiG"
"HiG_2"	33	"Zfp36"	315.5	"HiG"
"HiG_2"	639	"Ccr2"	133	"HiG"
"HiG_2"	0	"Sp140"	492	"HiG"
"HiG_2"	5	"Ccl24"	372.5	"HiG"
"HiG_2"	3637	"Vcan"	25	"HiG"
"HiG_2"	49	"Lst1"	299	"HiG"
"HiG_2"	66	"Rasgrp2"	281	"HiG"
"HiG_2"	1326	"Ly86"	69	"HiG"
"HiG_2"	0	"Tmem154"	492	"HiG"
"HiG_2"	0	"Slc28a2"	492	"HiG"
"HiG_2"	0	"Mmp19"	492	"HiG"
"HiG_2"	55	"Rnase4"	290.5	"HiG"
"HiG_2"	0	"Kmo"	492	"HiG"
"HiG_2"	0	"Plxnc1"	492	"HiG"
"HiG_2"	0	"Plppr3"	492	"HiG"
"HiG_2"	0	"Megf9"	492	"HiG"
"HiG_2"	654	"Mmp8"	129.5	"HiG"
"HiG_2"	0	"Mmp12"	492	"HiG"
"HiG_2"	307	"Rhov"	209	"HiG"
"HiG_2"	0	"Pld4"	492	"HiG"
"HiG_2"	0	"Rasa4"	492	"HiG"
"HiG_2"	535	"Tgfbi"	164	"HiG"
"HiG_2"	0	"Tcn2"	492	"HiG"
"HiG_2"	0	"Gpr171"	492	"HiG"
"HiG_2"	5	"Mrc1"	372.5	"HiG"
"HiG_2"	0	"F2rl2"	492	"HiG"
"HiG_2"	592	"Tmem176b"	141	"HiG"
"HiG_2"	554	"Tifab"	152	"HiG"
"HiG_2"	0	"Slc37a2"	492	"HiG"
"HiG_2"	64	"Gpr65"	282	"HiG"
"HiG_2"	0	"Adgre1"	492	"HiG"
"HiG_2"	0	"Hcar2"	492	"HiG"
"HiG_2"	7	"Vsir"	359.5	"HiG"
"HiG_2"	0	"Smpdl3a"	492	"HiG"
"HiG_2"	0	"Tmem40"	492	"HiG"
"HiG_2"	2	"Zfp36l1"	392	"HiG"
"HiG_2"	0	"Ydjc"	492	"HiG"
"HiG_2"	0	"Hacd4"	492	"HiG"
"HiG_2"	0	"P2ry13"	492	"HiG"
"HiG_3"	28630	"App"	2	"HiG"
"HiG_3"	410	"Gadd45a"	108.5	"HiG"
"HiG_3"	786	"Daxx"	70	"HiG"
"HiG_3"	447	"Ncf4"	99	"HiG"
"HiG_3"	0	"Atrnl1"	355.5	"HiG"
"HiG_3"	26	"Map3k8"	211	"HiG"
"HiG_3"	1216	"Fos"	47	"HiG"
"HiG_3"	682	"Flt1"	75	"HiG"
"HiG_3"	1987	"Itgb2"	27	"HiG"
"HiG_3"	0	"Dmc1"	355.5	"HiG"
"HiG_3"	429	"Pnkp"	103	"HiG"
"HiG_3"	0	"Id2"	355.5	"HiG"
"HiG_3"	126	"Nedd9"	168.5	"HiG"
"HiG_3"	0	"Plcb2"	355.5	"HiG"
"HiG_3"	169	"Gfi1"	161	"HiG"
"HiG_3"	330	"Slc29a1"	140	"HiG"
"HiG_3"	6	"Agtrap"	242.5	"HiG"
"HiG_3"	0	"Dctpp1"	355.5	"HiG"
"HiG_3"	0	"Acy1"	355.5	"HiG"
"HiG_3"	1293	"Srpk2"	44	"HiG"
"HiG_3"	5	"Mad1l1"	247	"HiG"
"HiG_3"	156	"Satb1"	164	"HiG"
"HiG_3"	406	"Stx11"	117.5	"HiG"
"HiG_3"	5983	"Actn1"	7	"HiG"
"HiG_3"	0	"Dach1"	355.5	"HiG"
"HiG_3"	0	"Phlda1"	355.5	"HiG"
"HiG_3"	0	"Sat1"	355.5	"HiG"
"HiG_3"	0	"Hook1"	355.5	"HiG"
"HiG_3"	390	"Dusp6"	128	"HiG"
"HiG_3"	276	"Cd177"	144	"HiG"
"HiG_3"	502	"Bnip3"	94	"HiG"
"HiG_3"	2	"Sirpa"	260	"HiG"
"HiG_3"	0	"Plac8"	355.5	"HiG"
"HiG_3"	0	"Eif1ad"	355.5	"HiG"
"HiG_3"	86	"Eps8"	173	"HiG"
"HiG_3"	1470	"Trip6"	36	"HiG"
"HiG_3"	638	"Gemin6"	80	"HiG"
"HiG_3"	1167	"Ncf1"	51	"HiG"
"HiG_3"	2903	"Pml"	17	"HiG"
"HiG_3"	4447	"Jun"	9	"HiG"
"HiG_3"	0	"Raph1"	355.5	"HiG"
"HiG_3"	6	"Btg2"	242.5	"HiG"
"HiG_3"	0	"Slc27a4"	355.5	"HiG"
"HiG_3"	904	"Cdk6"	62	"HiG"
"HiG_3"	1366	"Dstn"	40	"HiG"
"HiG_3"	9	"Lyar"	232.5	"HiG"
"HiG_3"	825	"Ltf"	64	"HiG"
"HiG_3"	5055	"S100a9"	8	"HiG"
"HiG_3"	12	"Bzw2"	226.5	"HiG"
"HiG_3"	662	"Stom"	78	"HiG"
"HiG_3"	8	"Snrk"	236.5	"HiG"
"HiG_3"	0	"Osgep"	355.5	"HiG"
"HiG_3"	671	"Anxa1"	76	"HiG"
"HiG_3"	7643	"Nolc1"	4	"HiG"
"HiG_3"	4342	"Fbl"	10	"HiG"
"HiG_3"	406	"Ddt"	117.5	"HiG"
"HiG_3"	177	"S100a8"	156	"HiG"
"HiG_3"	1429	"Prmt1"	39	"HiG"
"HiG_3"	0	"Psph"	355.5	"HiG"
"HiG_3"	1434	"Pa2g4"	38	"HiG"
"HiG_3"	3293	"Lgals3bp"	14	"HiG"
"HiG_3"	1334	"Tnf"	42	"HiG"
"HiG_3"	2815	"Ddx21"	18	"HiG"
"HiG_3"	32424	"Myc"	1	"HiG"
"HiG_3"	1289	"Msh6"	45	"HiG"
"HiG_3"	21	"Fabp5"	217	"HiG"
"HiG_3"	575	"Med21"	88	"HiG"
"HiG_3"	574	"Mapk3"	89	"HiG"
"HiG_3"	3946	"Cebpa"	11	"HiG"
"HiG_3"	1	"Cd82"	266.5	"HiG"
"HiG_3"	0	"Ppp1r3d"	355.5	"HiG"
"HiG_3"	3168	"Tnfrsf1b"	16	"HiG"
"HiG_3"	1483	"Prkcb"	35	"HiG"
"HiG_3"	71	"Myb"	179	"HiG"
"HiG_3"	405	"Exosc2"	125	"HiG"
"HiG_3"	5	"Cxcr2"	247	"HiG"
"HiG_3"	7230	"Lrp1"	5	"HiG"
"HiG_3"	0	"Scnn1a"	355.5	"HiG"
"HiG_3"	938	"Hsph1"	59	"HiG"
"HiG_3"	0	"Pparg"	355.5	"HiG"
"HiG_3"	38	"Klf5"	200.5	"HiG"
"HiG_3"	0	"Aatk"	355.5	"HiG"
"HiG_3"	46	"Hck"	191.5	"HiG"
"HiG_3"	442	"Arhgef18"	100	"HiG"
"HiG_3"	2671	"Itgam"	19	"HiG"
"HiG_3"	8	"Cd84"	236.5	"HiG"
"HiG_3"	1696	"Lrpap1"	29	"HiG"
"HiG_3"	406	"Gca"	117.5	"HiG"
"HiG_3"	600	"Numb"	83	"HiG"
"HiG_3"	2	"E2f2"	260	"HiG"
"HiG_3"	12	"S100a6"	226.5	"HiG"
"HiG_3"	454	"Ets1"	97	"HiG"
"HiG_3"	0	"Ncam1"	355.5	"HiG"
"HiG_3"	28	"Hipk1"	209.5	"HiG"
"HiG_3"	2202	"Ppia"	23	"HiG"
"HiG_3"	4	"Mxd1"	251.5	"HiG"
"HiG_3"	733	"Srpk1"	73	"HiG"
"HiG_3"	436	"Pdk1"	102	"HiG"
"HiG_3"	4	"Arfgef2"	251.5	"HiG"
"HiG_3"	0	"Aldh2"	355.5	"HiG"
"HiG_3"	46	"Cpne3"	191.5	"HiG"
"HiG_3"	40	"F10"	199	"HiG"
"HiG_3"	1564	"Dkc1"	32	"HiG"
"HiG_3"	1053	"Pmaip1"	53	"HiG"
"HiG_3"	45	"Sh2d3c"	195	"HiG"
"HiG_3"	261	"Mpp1"	149	"HiG"
"HiG_3"	13	"Anxa3"	224.5	"HiG"
"HiG_3"	811	"Pno1"	65.5	"HiG"
"HiG_3"	1633	"Csf2rb"	30	"HiG"
"HiG_3"	8	"Cd28"	236.5	"HiG"
"HiG_3"	50	"Fgr"	187	"HiG"
"HiG_3"	412	"Agps"	107	"HiG"
"HiG_3"	1454	"C3"	37	"HiG"
"HiG_3"	0	"Erg"	355.5	"HiG"
"HiG_3"	377	"Mef2c"	133	"HiG"
"HiG_3"	851	"Ctsb"	63	"HiG"
"HiG_3"	506	"Itgb3"	93	"HiG"
"HiG_3"	82	"Gar1"	175.5	"HiG"
"HiG_3"	615	"Elane"	82	"HiG"
"HiG_3"	0	"Fbxl5"	355.5	"HiG"
"HiG_3"	2251	"Cxcr4"	22	"HiG"
"HiG_3"	0	"Cd38"	355.5	"HiG"
"HiG_3"	2186	"Ccl3"	24	"HiG"
"HiG_3"	28	"Kit"	209.5	"HiG"
"HiG_3"	337	"Nrp1"	137	"HiG"
"HiG_3"	0	"Abcd2"	355.5	"HiG"
"HiG_3"	3782	"Apex1"	12	"HiG"
"HiG_3"	389	"Cyba"	129.5	"HiG"
"HiG_3"	389	"F13a1"	129.5	"HiG"
"HiG_3"	36	"Alcam"	202.5	"HiG"
"HiG_3"	1353	"Ssbp1"	41	"HiG"
"HiG_3"	6	"Ssbp2"	242.5	"HiG"
"HiG_3"	0	"Rcc1"	355.5	"HiG"
"HiG_3"	0	"Cyp11a1"	355.5	"HiG"
"HiG_3"	0	"Arhgef3"	355.5	"HiG"
"HiG_3"	387	"C5ar1"	131	"HiG"
"HiG_3"	82	"Lcn2"	175.5	"HiG"
"HiG_3"	811	"Pbx1"	65.5	"HiG"
"HiG_3"	45	"Evl"	195	"HiG"
"HiG_3"	142	"Noc2l"	165	"HiG"
"HiG_3"	4	"Cfp"	251.5	"HiG"
"HiG_3"	241	"Cebpe"	151	"HiG"
"HiG_3"	379	"Fcer1g"	132	"HiG"
"HiG_3"	268	"Pag1"	146	"HiG"
"HiG_3"	406	"Rassf5"	117.5	"HiG"
"HiG_3"	0	"Gpc1"	355.5	"HiG"
"HiG_3"	24	"Glb1"	214	"HiG"
"HiG_3"	36	"Cd33"	202.5	"HiG"
"HiG_3"	2	"Mapk13"	260	"HiG"
"HiG_3"	5	"Stk26"	247	"HiG"
"HiG_3"	790	"Furin"	69	"HiG"
"HiG_3"	557	"Plaur"	91	"HiG"
"HiG_3"	3659	"Ctsd"	13	"HiG"
"HiG_3"	138	"Il1r2"	167	"HiG"
"HiG_3"	22	"Rab33b"	216	"HiG"
"HiG_3"	56	"Pik3cb"	185	"HiG"
"HiG_3"	587	"Cd14"	86	"HiG"
"HiG_3"	0	"Klf2"	355.5	"HiG"
"HiG_3"	7	"Il12a"	239.5	"HiG"
"HiG_3"	405	"Mxi1"	125	"HiG"
"HiG_3"	536	"Sell"	92	"HiG"
"HiG_3"	0	"Bcl11a"	355.5	"HiG"
"HiG_3"	402	"Bace1"	127	"HiG"
"HiG_3"	930	"Afap1"	61	"HiG"
"HiG_3"	0	"Ccno"	355.5	"HiG"
"HiG_3"	472	"Acta2"	96	"HiG"
"HiG_3"	1024	"Prtn3"	55	"HiG"
"HiG_3"	62	"Cebpd"	180.5	"HiG"
"HiG_3"	1213	"Ctsg"	48	"HiG"
"HiG_3"	0	"Glrx"	355.5	"HiG"
"HiG_3"	0	"Gstm1"	355.5	"HiG"
"HiG_3"	3221	"Rhoj"	15	"HiG"
"HiG_3"	2068	"Lgals3"	26	"HiG"
"HiG_3"	0	"Ltb"	355.5	"HiG"
"HiG_3"	10	"Cdkn3"	229	"HiG"
"HiG_3"	406	"Trem1"	117.5	"HiG"
"HiG_3"	59	"Cd93"	183	"HiG"
"HiG_3"	1587	"Tyrobp"	31	"HiG"
"HiG_3"	116	"Hmox1"	171	"HiG"
"HiG_3"	14	"Jdp2"	222.5	"HiG"
"HiG_3"	83	"Spp1"	174	"HiG"
"HiG_3"	0	"Ighm"	355.5	"HiG"
"HiG_3"	0	"Agl"	355.5	"HiG"
"HiG_3"	1	"F7"	266.5	"HiG"
"HiG_3"	932	"Pygl"	60	"HiG"
"HiG_3"	1147	"Suclg2"	52	"HiG"
"HiG_3"	2353	"Ckap4"	21	"HiG"
"HiG_3"	1549	"Sun2"	33	"HiG"
"HiG_3"	0	"Nudcd1"	355.5	"HiG"
"HiG_3"	24	"Nop58"	214	"HiG"
"HiG_3"	0	"Padi4"	355.5	"HiG"
"HiG_3"	25	"Rnf144a"	212	"HiG"
"HiG_3"	79	"Lrrk2"	177	"HiG"
"HiG_3"	315	"Kbtbd7"	141	"HiG"
"HiG_3"	0	"Rassf4"	355.5	"HiG"
"HiG_3"	409	"Farsb"	110.5	"HiG"
"HiG_3"	1	"Gas7"	266.5	"HiG"
"HiG_3"	0	"Rap1gap2"	355.5	"HiG"
"HiG_3"	0	"Ankrd22"	355.5	"HiG"
"HiG_3"	439	"Egln3"	101	"HiG"
"HiG_3"	3	"Wdr12"	254.5	"HiG"
"HiG_3"	0	"Fbxo27"	355.5	"HiG"
"HiG_3"	174	"Nt5dc2"	158	"HiG"
"HiG_3"	46	"Syne1"	191.5	"HiG"
"HiG_3"	8303	"Nop56"	3	"HiG"
"HiG_3"	139	"Camp"	166	"HiG"
"HiG_3"	6247	"Itm2b"	6	"HiG"
"HiG_3"	0	"Nrp2"	355.5	"HiG"
"HiG_3"	0	"Asprv1"	355.5	"HiG"
"HiG_3"	0	"Abtb1"	355.5	"HiG"
"HiG_3"	498	"Impdh2"	95	"HiG"
"HiG_3"	770	"Bst2"	71	"HiG"
"HiG_3"	2600	"Cad"	20	"HiG"
"HiG_3"	335	"Hp"	138	"HiG"
"HiG_3"	0	"Sh3bp5"	355.5	"HiG"
"HiG_3"	0	"Iqsec1"	355.5	"HiG"
"HiG_3"	0	"Alas1"	355.5	"HiG"
"HiG_3"	0	"Tcf19"	355.5	"HiG"
"HiG_3"	261	"Fam20c"	149	"HiG"
"HiG_3"	350	"Ppbp"	136	"HiG"
"HiG_3"	0	"Odc1"	355.5	"HiG"
"HiG_3"	200	"Ak4"	155	"HiG"
"HiG_3"	0	"Chdh"	355.5	"HiG"
"HiG_3"	158	"Npm3"	163	"HiG"
"HiG_3"	1261	"Ptges3"	46	"HiG"
"HiG_3"	2	"Prmt3"	260	"HiG"
"HiG_3"	1208	"Mpo"	49	"HiG"
"HiG_3"	0	"Ift80"	355.5	"HiG"
"HiG_3"	0	"Desi1"	355.5	"HiG"
"HiG_3"	0	"Gpnmb"	355.5	"HiG"
"HiG_3"	0	"Arsb"	355.5	"HiG"
"HiG_3"	0	"Dmkn"	355.5	"HiG"
"HiG_3"	44	"Cpd"	197.5	"HiG"
"HiG_3"	0	"Cnn2"	355.5	"HiG"
"HiG_3"	176	"Gart"	157	"HiG"
"HiG_3"	0	"Rcl1"	355.5	"HiG"
"HiG_3"	0	"Rgcc"	355.5	"HiG"
"HiG_3"	0	"C1rl"	355.5	"HiG"
"HiG_3"	0	"Tob1"	355.5	"HiG"
"HiG_3"	0	"Klhdc4"	355.5	"HiG"
"HiG_3"	2	"Srm"	260	"HiG"
"HiG_3"	0	"Il1rn"	355.5	"HiG"
"HiG_3"	59	"Palm"	183	"HiG"
"HiG_3"	810	"Ccpg1"	67	"HiG"
"HiG_3"	0	"Lin28a"	355.5	"HiG"
"HiG_3"	15	"Mgam"	220.5	"HiG"
"HiG_3"	173	"Cd52"	159	"HiG"
"HiG_3"	0	"Socs2"	355.5	"HiG"
"HiG_3"	0	"Ptafr"	355.5	"HiG"
"HiG_3"	0	"Rab7b"	355.5	"HiG"
"HiG_3"	3	"Adpgk"	254.5	"HiG"
"HiG_3"	0	"Peli2"	355.5	"HiG"
"HiG_3"	10	"Ppic"	229	"HiG"
"HiG_3"	589	"Sort1"	85	"HiG"
"HiG_3"	627	"Dok3"	81	"HiG"
"HiG_3"	957	"Cybb"	58	"HiG"
"HiG_3"	9	"Lsp1"	232.5	"HiG"
"HiG_3"	665	"Rab3d"	77	"HiG"
"HiG_3"	1192	"Prdx5"	50	"HiG"
"HiG_3"	46	"Marcksl1"	191.5	"HiG"
"HiG_3"	0	"Cystm1"	355.5	"HiG"
"HiG_3"	730	"Thy1"	74	"HiG"
"HiG_3"	0	"Shtn1"	355.5	"HiG"
"HiG_3"	6	"Cd55"	242.5	"HiG"
"HiG_3"	0	"Poc1a"	355.5	"HiG"
"HiG_3"	0	"Timm9"	355.5	"HiG"
"HiG_3"	0	"Nudt5"	355.5	"HiG"
"HiG_3"	406	"Golim4"	117.5	"HiG"
"HiG_3"	1	"Tnfaip2"	266.5	"HiG"
"HiG_3"	0	"Nt5e"	355.5	"HiG"
"HiG_3"	0	"Unc13d"	355.5	"HiG"
"HiG_3"	62	"Gbe1"	180.5	"HiG"
"HiG_3"	659	"Acsl1"	79	"HiG"
"HiG_3"	424	"Ppat"	106	"HiG"
"HiG_3"	0	"Msrb1"	355.5	"HiG"
"HiG_3"	0	"Slc31a2"	355.5	"HiG"
"HiG_3"	0	"Acox3"	355.5	"HiG"
"HiG_3"	0	"Crat"	355.5	"HiG"
"HiG_3"	409	"Cdk18"	110.5	"HiG"
"HiG_3"	406	"Aldh3b1"	117.5	"HiG"
"HiG_3"	0	"Antxr2"	355.5	"HiG"
"HiG_3"	406	"Xpc"	117.5	"HiG"
"HiG_3"	0	"Gpsm3"	355.5	"HiG"
"HiG_3"	160	"Gda"	162	"HiG"
"HiG_3"	170	"Abhd5"	160	"HiG"
"HiG_3"	0	"Dgat1"	355.5	"HiG"
"HiG_3"	0	"Dhrs7"	355.5	"HiG"
"HiG_3"	281	"Agpat2"	143	"HiG"
"HiG_3"	45	"Abcc5"	195	"HiG"
"HiG_3"	406	"Bst1"	117.5	"HiG"
"HiG_3"	287	"Ffar2"	142	"HiG"
"HiG_3"	38	"Lbp"	200.5	"HiG"
"HiG_3"	0	"Cldn15"	355.5	"HiG"
"HiG_3"	0	"Mtus1"	355.5	"HiG"
"HiG_3"	0	"G0s2"	355.5	"HiG"
"HiG_3"	31	"Gmfg"	206	"HiG"
"HiG_3"	48	"Tfec"	188.5	"HiG"
"HiG_3"	2	"Adgre5"	260	"HiG"
"HiG_3"	30	"Ctsc"	207.5	"HiG"
"HiG_3"	376	"Mgst1"	134	"HiG"
"HiG_3"	0	"Ptgs1"	355.5	"HiG"
"HiG_3"	0	"Rassf3"	355.5	"HiG"
"HiG_3"	9	"Igfbp4"	232.5	"HiG"
"HiG_3"	0	"Gns"	355.5	"HiG"
"HiG_3"	0	"Papss2"	355.5	"HiG"
"HiG_3"	14	"Tbc1d2"	222.5	"HiG"
"HiG_3"	30	"Myo1f"	207.5	"HiG"
"HiG_3"	405	"Dgat2"	125	"HiG"
"HiG_3"	406	"Fam136a"	117.5	"HiG"
"HiG_3"	126	"Spint2"	168.5	"HiG"
"HiG_3"	0	"Entpd5"	355.5	"HiG"
"HiG_3"	5	"Cd69"	247	"HiG"
"HiG_3"	0	"Fah"	355.5	"HiG"
"HiG_3"	206	"Gpx3"	154	"HiG"
"HiG_3"	0	"Hdhd2"	355.5	"HiG"
"HiG_3"	0	"Ypel3"	355.5	"HiG"
"HiG_3"	0	"Pcmtd2"	355.5	"HiG"
"HiG_3"	93	"Hlx"	172	"HiG"
"HiG_3"	0	"Cib2"	355.5	"HiG"
"HiG_3"	0	"Neil3"	355.5	"HiG"
"HiG_3"	0	"Fam216a"	355.5	"HiG"
"HiG_3"	0	"Tmed3"	355.5	"HiG"
"HiG_3"	756	"Slc39a10"	72	"HiG"
"HiG_3"	2	"Mgll"	260	"HiG"
"HiG_3"	44	"Ndst1"	197.5	"HiG"
"HiG_3"	0	"Rdh12"	355.5	"HiG"
"HiG_3"	351	"Clec12a"	135	"HiG"
"HiG_3"	0	"Rogdi"	355.5	"HiG"
"HiG_3"	1324	"Hsd11b1"	43	"HiG"
"HiG_3"	0	"Far2"	355.5	"HiG"
"HiG_3"	54	"Timp2"	186	"HiG"
"HiG_3"	0	"Prr11"	355.5	"HiG"
"HiG_3"	2169	"Ccr1"	25	"HiG"
"HiG_3"	1507	"Sorl1"	34	"HiG"
"HiG_3"	0	"Hvcn1"	355.5	"HiG"
"HiG_3"	2	"Nceh1"	260	"HiG"
"HiG_3"	1906	"Thbs1"	28	"HiG"
"HiG_3"	0	"Tcp11l2"	355.5	"HiG"
"HiG_3"	0	"Rmi2"	355.5	"HiG"
"HiG_3"	17	"Clec5a"	218.5	"HiG"
"HiG_3"	991	"Slc16a1"	56	"HiG"
"HiG_3"	406	"Plpp6"	117.5	"HiG"
"HiG_3"	0	"Paqr7"	355.5	"HiG"
"HiG_3"	0	"Mpeg1"	355.5	"HiG"
"HiG_3"	0	"Plekhg1"	355.5	"HiG"
"HiG_3"	24	"Tmem216"	214	"HiG"
"HiG_3"	2	"Stk10"	260	"HiG"
"HiG_3"	0	"Mboat1"	355.5	"HiG"
"HiG_3"	261	"Neu1"	149	"HiG"
"HiG_3"	7	"Hpse"	239.5	"HiG"
"HiG_3"	219	"Tbc1d8"	153	"HiG"
"HiG_3"	0	"Ptgr1"	355.5	"HiG"
"HiG_3"	0	"Pnpla8"	355.5	"HiG"
"HiG_3"	0	"Muc13"	355.5	"HiG"
"HiG_3"	0	"Sgms2"	355.5	"HiG"
"HiG_3"	0	"Pnpla7"	355.5	"HiG"
"HiG_3"	986	"Rhou"	57	"HiG"
"HiG_3"	0	"Ndrg2"	355.5	"HiG"
"HiG_3"	32	"Map3k9"	205	"HiG"
"HiG_3"	273	"Cd300lb"	145	"HiG"
"HiG_3"	0	"P2rx1"	355.5	"HiG"
"HiG_3"	0	"C5ar2"	355.5	"HiG"
"HiG_3"	809	"Lipg"	68	"HiG"
"HiG_3"	0	"Pknox2"	355.5	"HiG"
"HiG_3"	598	"Mgst2"	84	"HiG"
"HiG_3"	35	"Tspan2"	204	"HiG"
"HiG_3"	0	"Tmc7"	355.5	"HiG"
"HiG_3"	0	"Spata13"	355.5	"HiG"
"HiG_3"	448	"Tmx4"	98	"HiG"
"HiG_3"	426	"Clec4e"	104	"HiG"
"HiG_3"	0	"Gatm"	355.5	"HiG"
"HiG_3"	0	"Chit1"	355.5	"HiG"
"HiG_3"	0	"Rnmt"	355.5	"HiG"
"HiG_3"	8	"Gpr141"	236.5	"HiG"
"HiG_3"	76	"Igsf6"	178	"HiG"
"HiG_3"	0	"Fmo5"	355.5	"HiG"
"HiG_3"	0	"B4galt6"	355.5	"HiG"
"HiG_3"	0	"Lrg1"	355.5	"HiG"
"HiG_3"	425	"Fgd4"	105	"HiG"
"HiG_3"	0	"Syngr1"	355.5	"HiG"
"HiG_3"	0	"Rasgrp4"	355.5	"HiG"
"HiG_3"	0	"Prom1"	355.5	"HiG"
"HiG_3"	0	"Ddhd1"	355.5	"HiG"
"HiG_3"	0	"Pfkfb4"	355.5	"HiG"
"HiG_3"	9	"Ptprcap"	232.5	"HiG"
"HiG_3"	17	"Cd300lf"	218.5	"HiG"
"HiG_3"	0	"Grina"	355.5	"HiG"
"HiG_3"	0	"Olfml2b"	355.5	"HiG"
"HiG_3"	0	"Kdm7a"	355.5	"HiG"
"HiG_3"	13	"Wdr36"	224.5	"HiG"
"HiG_3"	0	"Lipa"	355.5	"HiG"
"HiG_3"	568	"Plin2"	90	"HiG"
"HiG_3"	406	"Tmem86a"	117.5	"HiG"
"HiG_3"	0	"Scarf1"	355.5	"HiG"
"HiG_3"	4	"Slc39a2"	251.5	"HiG"
"HiG_3"	0	"Ccdc125"	355.5	"HiG"
"HiG_3"	0	"Slc7a8"	355.5	"HiG"
"HiG_3"	582	"Nkg7"	87	"HiG"
"HiG_3"	0	"Gjb3"	355.5	"HiG"
"HiG_3"	1039	"Ms4a3"	54	"HiG"
"HiG_3"	0	"Mcemp1"	355.5	"HiG"
"HiG_3"	0	"Dram1"	355.5	"HiG"
"HiG_3"	0	"Syce2"	355.5	"HiG"
"HiG_3"	0	"Man1c1"	355.5	"HiG"
"HiG_3"	0	"Pi16"	355.5	"HiG"
"HiG_3"	59	"Slpi"	183	"HiG"
"HiG_3"	48	"Aoah"	188.5	"HiG"
"HiG_3"	0	"Msra"	355.5	"HiG"
"HiG_3"	0	"Bri3"	355.5	"HiG"
"HiG_3"	0	"Plpp5"	355.5	"HiG"
"HiG_3"	5	"Pde2a"	247	"HiG"
"HiG_3"	0	"Slc40a1"	355.5	"HiG"
"HiG_3"	0	"Sp140"	355.5	"HiG"
"HiG_3"	0	"Slc6a13"	355.5	"HiG"
"HiG_3"	220	"Olr1"	152	"HiG"
"HiG_3"	333	"Lst1"	139	"HiG"
"HiG_3"	122	"Rasgrp2"	170	"HiG"
"HiG_3"	0	"Hdc"	355.5	"HiG"
"HiG_3"	0	"Tbc1d20"	355.5	"HiG"
"HiG_3"	0	"Tmem154"	355.5	"HiG"
"HiG_3"	10	"Slc28a2"	229	"HiG"
"HiG_3"	0	"Mmp19"	355.5	"HiG"
"HiG_3"	0	"Plxnc1"	355.5	"HiG"
"HiG_3"	0	"Plppr3"	355.5	"HiG"
"HiG_3"	0	"Megf9"	355.5	"HiG"
"HiG_3"	0	"Wipi1"	355.5	"HiG"
"HiG_3"	0	"Sgsm2"	355.5	"HiG"
"HiG_3"	0	"Tcn2"	355.5	"HiG"
"HiG_3"	0	"Ppp1r42"	355.5	"HiG"
"HiG_3"	0	"Pglyrp1"	355.5	"HiG"
"HiG_3"	410	"Slc6a12"	108.5	"HiG"
"HiG_3"	0	"Sh2d5"	355.5	"HiG"
"HiG_3"	0	"Cmpk2"	355.5	"HiG"
"HiG_3"	0	"Gpr65"	355.5	"HiG"
"HiG_3"	15	"Prss57"	220.5	"HiG"
"HiG_3"	264	"Vsir"	147	"HiG"
"HiG_3"	0	"Smpdl3a"	355.5	"HiG"
"HiG_3"	0	"Mogat2"	355.5	"HiG"
"HiG_3"	0	"Tmem40"	355.5	"HiG"
"HiG_3"	0	"Zmpste24"	355.5	"HiG"
"HiG_3"	0	"Tusc1"	355.5	"HiG"
"HiG_3"	0	"Hacd4"	355.5	"HiG"
"HiG_5"	28052	"App"	1	"HiG"
"HiG_5"	857	"Csf1r"	67	"HiG"
"HiG_5"	1170	"Daxx"	47	"HiG"
"HiG_5"	1076	"Bcl2"	53	"HiG"
"HiG_5"	33	"Ncf4"	229	"HiG"
"HiG_5"	0	"Atrnl1"	394	"HiG"
"HiG_5"	4	"Map3k8"	291	"HiG"
"HiG_5"	2689	"Fos"	22	"HiG"
"HiG_5"	4477	"Itgb2"	9	"HiG"
"HiG_5"	8781	"Cdh1"	5	"HiG"
"HiG_5"	2293	"Dab2"	27	"HiG"
"HiG_5"	203	"Il6st"	177	"HiG"
"HiG_5"	0	"Id2"	394	"HiG"
"HiG_5"	9	"Cadm1"	270.5	"HiG"
"HiG_5"	1532	"Ralgds"	35	"HiG"
"HiG_5"	0	"Hivep3"	394	"HiG"
"HiG_5"	447	"Btg1"	124	"HiG"
"HiG_5"	169	"Plxnb2"	184	"HiG"
"HiG_5"	0	"Gadd45g"	394	"HiG"
"HiG_5"	6	"Rara"	283	"HiG"
"HiG_5"	11	"Slc29a1"	264.5	"HiG"
"HiG_5"	0	"Dctpp1"	394	"HiG"
"HiG_5"	509	"Srpk2"	103	"HiG"
"HiG_5"	0	"Mad1l1"	394	"HiG"
"HiG_5"	17	"Actn1"	250	"HiG"
"HiG_5"	808	"Sat1"	70	"HiG"
"HiG_5"	724	"Isg15"	78	"HiG"
"HiG_5"	1039	"Fth1"	57	"HiG"
"HiG_5"	505	"Nrip1"	104	"HiG"
"HiG_5"	599	"Bnip3"	95	"HiG"
"HiG_5"	149	"Sirpa"	192	"HiG"
"HiG_5"	0	"Eif1ad"	394	"HiG"
"HiG_5"	348	"Eps8"	141	"HiG"
"HiG_5"	67	"Ncf1"	218	"HiG"
"HiG_5"	8802	"Jun"	4	"HiG"
"HiG_5"	0	"Raph1"	394	"HiG"
"HiG_5"	1	"Btg2"	313	"HiG"
"HiG_5"	147	"Cdk6"	193.5	"HiG"
"HiG_5"	3	"Lyar"	297	"HiG"
"HiG_5"	468	"Fabp4"	113.5	"HiG"
"HiG_5"	1580	"Sgk1"	33	"HiG"
"HiG_5"	264	"S100a9"	162	"HiG"
"HiG_5"	102	"Bzw2"	203	"HiG"
"HiG_5"	570	"Stom"	96	"HiG"
"HiG_5"	344	"Bcar3"	142.5	"HiG"
"HiG_5"	0	"Osgep"	394	"HiG"
"HiG_5"	1963	"Anxa1"	30	"HiG"
"HiG_5"	4084	"Nolc1"	11	"HiG"
"HiG_5"	3645	"Fbl"	14	"HiG"
"HiG_5"	0	"Ddt"	394	"HiG"
"HiG_5"	330	"S100a8"	149	"HiG"
"HiG_5"	478	"Pa2g4"	111.5	"HiG"
"HiG_5"	750	"Lgals3bp"	76	"HiG"
"HiG_5"	2022	"Tnf"	29	"HiG"
"HiG_5"	1773	"Ddx21"	32	"HiG"
"HiG_5"	7034	"Myc"	6	"HiG"
"HiG_5"	486	"Fabp5"	108	"HiG"
"HiG_5"	1372	"Bcl3"	39	"HiG"
"HiG_5"	1053	"Ccnd1"	55	"HiG"
"HiG_5"	460	"Mapk3"	116	"HiG"
"HiG_5"	3	"Cebpa"	297	"HiG"
"HiG_5"	11628	"Fyn"	3	"HiG"
"HiG_5"	18	"Cd82"	247	"HiG"
"HiG_5"	2750	"Tnfrsf1b"	20	"HiG"
"HiG_5"	13	"Kdr"	259	"HiG"
"HiG_5"	12719	"Lrp1"	2	"HiG"
"HiG_5"	266	"Hsph1"	161	"HiG"
"HiG_5"	1388	"Atf3"	38	"HiG"
"HiG_5"	0	"Rnf128"	394	"HiG"
"HiG_5"	3816	"Pparg"	13	"HiG"
"HiG_5"	229	"Scel"	174	"HiG"
"HiG_5"	4	"Fchsd2"	291	"HiG"
"HiG_5"	1	"Ahnak"	313	"HiG"
"HiG_5"	9	"Hck"	270.5	"HiG"
"HiG_5"	482	"Egr2"	110	"HiG"
"HiG_5"	491	"Igf1"	106	"HiG"
"HiG_5"	609	"Cstb"	93	"HiG"
"HiG_5"	59	"Itgam"	220	"HiG"
"HiG_5"	0	"L1cam"	394	"HiG"
"HiG_5"	54	"Ciita"	222	"HiG"
"HiG_5"	468	"Cd84"	113.5	"HiG"
"HiG_5"	236	"Il1r1"	172	"HiG"
"HiG_5"	5841	"Lrpap1"	7	"HiG"
"HiG_5"	1087	"Rxra"	51	"HiG"
"HiG_5"	3	"Atf5"	297	"HiG"
"HiG_5"	2902	"Cd74"	19	"HiG"
"HiG_5"	1	"S100a6"	313	"HiG"
"HiG_5"	100	"Fblim1"	204.5	"HiG"
"HiG_5"	637	"Dtx3l"	87	"HiG"
"HiG_5"	4845	"Ppia"	8	"HiG"
"HiG_5"	693	"Bcl6"	81	"HiG"
"HiG_5"	155	"Srpk1"	187	"HiG"
"HiG_5"	540	"Pdk1"	100	"HiG"
"HiG_5"	447	"Aldh2"	124	"HiG"
"HiG_5"	628	"Anxa6"	88	"HiG"
"HiG_5"	260	"Casp6"	165	"HiG"
"HiG_5"	1286	"Cd48"	43	"HiG"
"HiG_5"	153	"F10"	188.5	"HiG"
"HiG_5"	903	"Lpl"	63	"HiG"
"HiG_5"	0	"Gbp2"	394	"HiG"
"HiG_5"	0	"Ms4a7"	394	"HiG"
"HiG_5"	0	"Rgs1"	394	"HiG"
"HiG_5"	758	"Lamc1"	75	"HiG"
"HiG_5"	0	"Sh2d3c"	394	"HiG"
"HiG_5"	51	"Mpp1"	224	"HiG"
"HiG_5"	6	"Pdpn"	283	"HiG"
"HiG_5"	8	"Anxa3"	275	"HiG"
"HiG_5"	729	"Gpr183"	77	"HiG"
"HiG_5"	414	"Ctsk"	133	"HiG"
"HiG_5"	0	"Hip1"	394	"HiG"
"HiG_5"	254	"Rras2"	168	"HiG"
"HiG_5"	70	"S100a4"	217	"HiG"
"HiG_5"	302	"Pno1"	152	"HiG"
"HiG_5"	300	"Csf2rb"	155	"HiG"
"HiG_5"	1	"Cd28"	313	"HiG"
"HiG_5"	0	"Capn2"	394	"HiG"
"HiG_5"	85	"Fgr"	208	"HiG"
"HiG_5"	150	"Pdgfa"	190.5	"HiG"
"HiG_5"	357	"C3"	139	"HiG"
"HiG_5"	433	"Spint1"	130	"HiG"
"HiG_5"	139	"Csf1"	195	"HiG"
"HiG_5"	159	"Mef2c"	185	"HiG"
"HiG_5"	3626	"Ctsb"	15	"HiG"
"HiG_5"	301	"Ccr5"	153.5	"HiG"
"HiG_5"	2	"Itgb3"	305	"HiG"
"HiG_5"	0	"Gar1"	394	"HiG"
"HiG_5"	0	"Npy"	394	"HiG"
"HiG_5"	15	"Axl"	253.5	"HiG"
"HiG_5"	0	"Fbxl5"	394	"HiG"
"HiG_5"	1489	"Cxcr4"	37	"HiG"
"HiG_5"	30	"Plxna1"	231	"HiG"
"HiG_5"	1560	"Il7r"	34	"HiG"
"HiG_5"	0	"Cdc42ep2"	394	"HiG"
"HiG_5"	466	"Ccl3"	115	"HiG"
"HiG_5"	79	"Kit"	210.5	"HiG"
"HiG_5"	2505	"Socs1"	24	"HiG"
"HiG_5"	1812	"Nrp1"	31	"HiG"
"HiG_5"	0	"Maf"	394	"HiG"
"HiG_5"	0	"Klf4"	394	"HiG"
"HiG_5"	0	"Abcd2"	394	"HiG"
"HiG_5"	2279	"Apex1"	28	"HiG"
"HiG_5"	888	"Cyba"	65	"HiG"
"HiG_5"	289	"F13a1"	157.5	"HiG"
"HiG_5"	15	"Pou2f2"	253.5	"HiG"
"HiG_5"	488	"Alcam"	107	"HiG"
"HiG_5"	768	"Ctss"	74	"HiG"
"HiG_5"	1030	"C5ar1"	58	"HiG"
"HiG_5"	0	"Clybl"	394	"HiG"
"HiG_5"	626	"Tlr2"	89	"HiG"
"HiG_5"	150	"Lcn2"	190.5	"HiG"
"HiG_5"	79	"Evl"	210.5	"HiG"
"HiG_5"	8	"Noc2l"	275	"HiG"
"HiG_5"	443	"Slc6a4"	129	"HiG"
"HiG_5"	344	"Tnfaip3"	142.5	"HiG"
"HiG_5"	4	"Cfp"	291	"HiG"
"HiG_5"	8	"Marcks"	275	"HiG"
"HiG_5"	2530	"Igf2r"	23	"HiG"
"HiG_5"	450	"Il13ra1"	118	"HiG"
"HiG_5"	1078	"Fcer1g"	52	"HiG"
"HiG_5"	342	"Pag1"	144	"HiG"
"HiG_5"	792	"Rassf5"	72	"HiG"
"HiG_5"	0	"Glb1"	394	"HiG"
"HiG_5"	29	"Mmp14"	233	"HiG"
"HiG_5"	0	"Adora2b"	394	"HiG"
"HiG_5"	199	"Cd33"	179	"HiG"
"HiG_5"	4205	"Prnp"	10	"HiG"
"HiG_5"	233	"Irf9"	173	"HiG"
"HiG_5"	0	"Cttnbp2nl"	394	"HiG"
"HiG_5"	1245	"Furin"	44	"HiG"
"HiG_5"	610	"Cd244"	92	"HiG"
"HiG_5"	2746	"Plaur"	21	"HiG"
"HiG_5"	3230	"Ctsd"	16	"HiG"
"HiG_5"	531	"Il1r2"	101	"HiG"
"HiG_5"	719	"Ccl2"	80	"HiG"
"HiG_5"	1219	"Cd14"	45	"HiG"
"HiG_5"	0	"Klf2"	394	"HiG"
"HiG_5"	153	"Tap1"	188.5	"HiG"
"HiG_5"	0	"Aldoc"	394	"HiG"
"HiG_5"	0	"Tpd52"	394	"HiG"
"HiG_5"	543	"Sell"	99	"HiG"
"HiG_5"	0	"Acta2"	394	"HiG"
"HiG_5"	2	"Sdc3"	305	"HiG"
"HiG_5"	10	"Cebpd"	268	"HiG"
"HiG_5"	0	"Glrx"	394	"HiG"
"HiG_5"	4	"Upp1"	291	"HiG"
"HiG_5"	0	"Gstm1"	394	"HiG"
"HiG_5"	3888	"Lgals3"	12	"HiG"
"HiG_5"	687	"Cd93"	82	"HiG"
"HiG_5"	1072	"Tyrobp"	54	"HiG"
"HiG_5"	255	"Il1b"	167	"HiG"
"HiG_5"	133	"Irf8"	197	"HiG"
"HiG_5"	127	"Hmox1"	198	"HiG"
"HiG_5"	836	"Spp1"	68	"HiG"
"HiG_5"	273	"Ighm"	160	"HiG"
"HiG_5"	0	"Agl"	394	"HiG"
"HiG_5"	620	"Acadm"	91	"HiG"
"HiG_5"	673	"F7"	84	"HiG"
"HiG_5"	403	"Pygl"	135	"HiG"
"HiG_5"	1183	"Ckap4"	46	"HiG"
"HiG_5"	451	"Sun2"	117	"HiG"
"HiG_5"	18	"Nudcd1"	247	"HiG"
"HiG_5"	521	"Socs3"	102	"HiG"
"HiG_5"	0	"Rassf4"	394	"HiG"
"HiG_5"	0	"Tecpr1"	394	"HiG"
"HiG_5"	0	"Farsb"	394	"HiG"
"HiG_5"	22	"Gas7"	240	"HiG"
"HiG_5"	0	"Bhlhe41"	394	"HiG"
"HiG_5"	341	"Mafb"	145	"HiG"
"HiG_5"	34	"Parp14"	228	"HiG"
"HiG_5"	107	"Anxa4"	202	"HiG"
"HiG_5"	3134	"Tcf4"	17	"HiG"
"HiG_5"	0	"Nt5dc2"	394	"HiG"
"HiG_5"	11	"Mfge8"	264.5	"HiG"
"HiG_5"	2323	"Nop56"	26	"HiG"
"HiG_5"	126	"Nrp2"	199	"HiG"
"HiG_5"	0	"Abtb1"	394	"HiG"
"HiG_5"	74	"Tubb2a"	215	"HiG"
"HiG_5"	974	"Impdh2"	60	"HiG"
"HiG_5"	449	"Bst2"	119.5	"HiG"
"HiG_5"	1	"Hmgn3"	313	"HiG"
"HiG_5"	6	"Camk1d"	283	"HiG"
"HiG_5"	237	"Hp"	171	"HiG"
"HiG_5"	7	"Ifih1"	279	"HiG"
"HiG_5"	248	"Msr1"	169.5	"HiG"
"HiG_5"	0	"Olfm1"	394	"HiG"
"HiG_5"	0	"Sh3bp5"	394	"HiG"
"HiG_5"	349	"Gdf15"	140	"HiG"
"HiG_5"	0	"Iqsec1"	394	"HiG"
"HiG_5"	0	"Alas1"	394	"HiG"
"HiG_5"	1151	"Psap"	48	"HiG"
"HiG_5"	952	"Fam20c"	61	"HiG"
"HiG_5"	18	"Ptpro"	247	"HiG"
"HiG_5"	5	"Ppbp"	287	"HiG"
"HiG_5"	0	"Gpcpd1"	394	"HiG"
"HiG_5"	447	"Odc1"	124	"HiG"
"HiG_5"	1102	"Pld3"	50	"HiG"
"HiG_5"	14	"Ak4"	256	"HiG"
"HiG_5"	22	"Npm3"	240	"HiG"
"HiG_5"	282	"Ptges3"	159	"HiG"
"HiG_5"	23	"Mertk"	238	"HiG"
"HiG_5"	0	"Prmt3"	394	"HiG"
"HiG_5"	444	"Tcf7l2"	128	"HiG"
"HiG_5"	0	"Ampd3"	394	"HiG"
"HiG_5"	0	"Cnp"	394	"HiG"
"HiG_5"	1135	"Tbc1d4"	49	"HiG"
"HiG_5"	22	"Gpnmb"	240	"HiG"
"HiG_5"	0	"Adamtsl5"	394	"HiG"
"HiG_5"	0	"Dmkn"	394	"HiG"
"HiG_5"	0	"Cxcl16"	394	"HiG"
"HiG_5"	0	"Ap1s2"	394	"HiG"
"HiG_5"	5	"Cpd"	287	"HiG"
"HiG_5"	77	"Abcg1"	213.5	"HiG"
"HiG_5"	100	"Gart"	204.5	"HiG"
"HiG_5"	0	"Rcl1"	394	"HiG"
"HiG_5"	0	"Cluh"	394	"HiG"
"HiG_5"	1491	"Clec7a"	36	"HiG"
"HiG_5"	0	"Tnip3"	394	"HiG"
"HiG_5"	0	"Tob1"	394	"HiG"
"HiG_5"	0	"Klhdc4"	394	"HiG"
"HiG_5"	0	"Srm"	394	"HiG"
"HiG_5"	185	"Il1rn"	181	"HiG"
"HiG_5"	0	"Ccpg1"	394	"HiG"
"HiG_5"	77	"Cd52"	213.5	"HiG"
"HiG_5"	623	"Socs2"	90	"HiG"
"HiG_5"	25	"Ptafr"	236.5	"HiG"
"HiG_5"	0	"Rab7b"	394	"HiG"
"HiG_5"	1048	"Arl4c"	56	"HiG"
"HiG_5"	215	"Sort1"	175	"HiG"
"HiG_5"	0	"Dok3"	394	"HiG"
"HiG_5"	60	"Cybb"	219	"HiG"
"HiG_5"	449	"Plk2"	119.5	"HiG"
"HiG_5"	0	"Lsp1"	394	"HiG"
"HiG_5"	501	"Kynu"	105	"HiG"
"HiG_5"	30	"Shtn1"	231	"HiG"
"HiG_5"	14	"Tnfaip2"	256	"HiG"
"HiG_5"	27	"Unc13d"	234.5	"HiG"
"HiG_5"	263	"Ahnak2"	163.5	"HiG"
"HiG_5"	5	"Procr"	287	"HiG"
"HiG_5"	0	"Parvb"	394	"HiG"
"HiG_5"	1006	"Stat2"	59	"HiG"
"HiG_5"	21	"Acsl1"	243	"HiG"
"HiG_5"	0	"Msrb1"	394	"HiG"
"HiG_5"	0	"Slc31a2"	394	"HiG"
"HiG_5"	0	"Slc15a3"	394	"HiG"
"HiG_5"	0	"Acox3"	394	"HiG"
"HiG_5"	36	"Cd274"	227	"HiG"
"HiG_5"	2	"Cdk18"	305	"HiG"
"HiG_5"	0	"Aldh3b1"	394	"HiG"
"HiG_5"	0	"Antxr2"	394	"HiG"
"HiG_5"	795	"Vwf"	71	"HiG"
"HiG_5"	202	"Tgm2"	178	"HiG"
"HiG_5"	11	"Havcr2"	264.5	"HiG"
"HiG_5"	263	"C3ar1"	163.5	"HiG"
"HiG_5"	7	"Gda"	279	"HiG"
"HiG_5"	447	"Cd300ld"	124	"HiG"
"HiG_5"	0	"Tnfsf12"	394	"HiG"
"HiG_5"	0	"Otulin"	394	"HiG"
"HiG_5"	0	"Slc7a11"	394	"HiG"
"HiG_5"	19	"Abhd5"	245	"HiG"
"HiG_5"	0	"Slamf7"	394	"HiG"
"HiG_5"	892	"Dse"	64	"HiG"
"HiG_5"	0	"Dusp22"	394	"HiG"
"HiG_5"	0	"Atp6v0d2"	394	"HiG"
"HiG_5"	3	"Abcc5"	297	"HiG"
"HiG_5"	0	"Bst1"	394	"HiG"
"HiG_5"	11	"Ffar2"	264.5	"HiG"
"HiG_5"	447	"Mtap"	124	"HiG"
"HiG_5"	210	"Sdc4"	176	"HiG"
"HiG_5"	0	"Mdfic"	394	"HiG"
"HiG_5"	320	"Gmfg"	151	"HiG"
"HiG_5"	123	"Tfec"	201	"HiG"
"HiG_5"	0	"Ctsh"	394	"HiG"
"HiG_5"	30	"Ctsc"	231	"HiG"
"HiG_5"	326	"Mgst1"	150	"HiG"
"HiG_5"	0	"Mcoln3"	394	"HiG"
"HiG_5"	12	"Rassf3"	261	"HiG"
"HiG_5"	868	"Gns"	66	"HiG"
"HiG_5"	0	"Papss2"	394	"HiG"
"HiG_5"	80	"Tbc1d2"	209	"HiG"
"HiG_5"	297	"Parp9"	156	"HiG"
"HiG_5"	71	"Parp12"	216	"HiG"
"HiG_5"	1295	"Myof"	42	"HiG"
"HiG_5"	48	"Myo1f"	225	"HiG"
"HiG_5"	0	"Lgmn"	394	"HiG"
"HiG_5"	559	"Pde4b"	98	"HiG"
"HiG_5"	13	"Capg"	259	"HiG"
"HiG_5"	0	"Entpd3"	394	"HiG"
"HiG_5"	478	"Emp1"	111.5	"HiG"
"HiG_5"	2	"Gpx3"	305	"HiG"
"HiG_5"	0	"Hdhd2"	394	"HiG"
"HiG_5"	78	"Pmp22"	212	"HiG"
"HiG_5"	3	"Ptger3"	297	"HiG"
"HiG_5"	11	"Ccl4"	264.5	"HiG"
"HiG_5"	2	"Snap47"	305	"HiG"
"HiG_5"	0	"Nabp1"	394	"HiG"
"HiG_5"	0	"Tbc1d16"	394	"HiG"
"HiG_5"	0	"Ypel3"	394	"HiG"
"HiG_5"	0	"Pcmtd2"	394	"HiG"
"HiG_5"	332	"Cd302"	148	"HiG"
"HiG_5"	0	"Pid1"	394	"HiG"
"HiG_5"	7	"Cd300lg"	279	"HiG"
"HiG_5"	334	"Hlx"	147	"HiG"
"HiG_5"	0	"Tox"	394	"HiG"
"HiG_5"	0	"Rbm47"	394	"HiG"
"HiG_5"	0	"Gsap"	394	"HiG"
"HiG_5"	0	"Slc39a10"	394	"HiG"
"HiG_5"	426	"Lrp12"	132	"HiG"
"HiG_5"	1302	"Rnf149"	41	"HiG"
"HiG_5"	6	"Tspan3"	283	"HiG"
"HiG_5"	0	"Mgll"	394	"HiG"
"HiG_5"	0	"Ndst1"	394	"HiG"
"HiG_5"	186	"Clec12a"	180	"HiG"
"HiG_5"	0	"Nrg1"	394	"HiG"
"HiG_5"	25	"Clec10a"	236.5	"HiG"
"HiG_5"	447	"Mcoln2"	124	"HiG"
"HiG_5"	157	"Myadm"	186	"HiG"
"HiG_5"	833	"Timp2"	69	"HiG"
"HiG_5"	0	"P2ry14"	394	"HiG"
"HiG_5"	2912	"Ccr1"	18	"HiG"
"HiG_5"	340	"Fcgrt"	146	"HiG"
"HiG_5"	0	"Arg2"	394	"HiG"
"HiG_5"	0	"Pkdcc"	394	"HiG"
"HiG_5"	53	"Fstl1"	223	"HiG"
"HiG_5"	56	"Gpr137b"	221	"HiG"
"HiG_5"	677	"Slc30a4"	83	"HiG"
"HiG_5"	0	"Gcnt1"	394	"HiG"
"HiG_5"	653	"Naaa"	86	"HiG"
"HiG_5"	0	"Dpep2"	394	"HiG"
"HiG_5"	0	"Sorl1"	394	"HiG"
"HiG_5"	0	"Hvcn1"	394	"HiG"
"HiG_5"	99	"Nceh1"	206.5	"HiG"
"HiG_5"	8	"Pla2g7"	275	"HiG"
"HiG_5"	2	"Pyhin1"	305	"HiG"
"HiG_5"	3	"Clec5a"	297	"HiG"
"HiG_5"	0	"Adam8"	394	"HiG"
"HiG_5"	124	"Hebp1"	200	"HiG"
"HiG_5"	483	"Sh3pxd2b"	109	"HiG"
"HiG_5"	0	"Mpeg1"	394	"HiG"
"HiG_5"	0	"Epsti1"	394	"HiG"
"HiG_5"	9	"Plekhg1"	270.5	"HiG"
"HiG_5"	429	"Slc6a8"	131	"HiG"
"HiG_5"	0	"Frmd4b"	394	"HiG"
"HiG_5"	0	"Mboat1"	394	"HiG"
"HiG_5"	21	"Neu1"	243	"HiG"
"HiG_5"	0	"Tbc1d9"	394	"HiG"
"HiG_5"	0	"Hpse"	394	"HiG"
"HiG_5"	170	"Tbc1d8"	183	"HiG"
"HiG_5"	0	"Ptgr1"	394	"HiG"
"HiG_5"	0	"Sgms2"	394	"HiG"
"HiG_5"	0	"Pnpla7"	394	"HiG"
"HiG_5"	0	"Cd300lb"	394	"HiG"
"HiG_5"	0	"Flrt3"	394	"HiG"
"HiG_5"	138	"Fpr2"	196	"HiG"
"HiG_5"	0	"Angptl2"	394	"HiG"
"HiG_5"	11	"Plbd1"	264.5	"HiG"
"HiG_5"	605	"Clec4e"	94	"HiG"
"HiG_5"	0	"St6gal1"	394	"HiG"
"HiG_5"	0	"Gpr141"	394	"HiG"
"HiG_5"	561	"Igsf6"	97	"HiG"
"HiG_5"	14	"Sulf2"	256	"HiG"
"HiG_5"	0	"B4galt6"	394	"HiG"
"HiG_5"	0	"Lrg1"	394	"HiG"
"HiG_5"	4	"P2ry1"	291	"HiG"
"HiG_5"	0	"Tor3a"	394	"HiG"
"HiG_5"	382	"Syngr1"	137	"HiG"
"HiG_5"	6	"Rasgrp4"	283	"HiG"
"HiG_5"	0	"Ddhd1"	394	"HiG"
"HiG_5"	0	"Pfkfb4"	394	"HiG"
"HiG_5"	8	"Anpep"	275	"HiG"
"HiG_5"	361	"Itgax"	138	"HiG"
"HiG_5"	777	"Cd300lf"	73	"HiG"
"HiG_5"	0	"Lrrc25"	394	"HiG"
"HiG_5"	0	"Grina"	394	"HiG"
"HiG_5"	0	"Plekhm3"	394	"HiG"
"HiG_5"	0	"Kdm7a"	394	"HiG"
"HiG_5"	0	"Rasgef1b"	394	"HiG"
"HiG_5"	17	"Rgl1"	250	"HiG"
"HiG_5"	0	"Slc23a2"	394	"HiG"
"HiG_5"	301	"Trem2"	153.5	"HiG"
"HiG_5"	447	"Lipa"	124	"HiG"
"HiG_5"	665	"Plin2"	85	"HiG"
"HiG_5"	916	"Tmem106a"	62	"HiG"
"HiG_5"	2	"Tmem86a"	305	"HiG"
"HiG_5"	2	"Slc39a2"	305	"HiG"
"HiG_5"	0	"Slc7a8"	394	"HiG"
"HiG_5"	99	"Pdcd1lg2"	206.5	"HiG"
"HiG_5"	0	"Mcemp1"	394	"HiG"
"HiG_5"	0	"Pde6h"	394	"HiG"
"HiG_5"	0	"Dram1"	394	"HiG"
"HiG_5"	0	"Man1c1"	394	"HiG"
"HiG_5"	1	"Slpi"	313	"HiG"
"HiG_5"	2	"Aoah"	305	"HiG"
"HiG_5"	0	"Bri3"	394	"HiG"
"HiG_5"	147	"Clec4d"	193.5	"HiG"
"HiG_5"	723	"Arhgap24"	79	"HiG"
"HiG_5"	27	"Zfp36"	234.5	"HiG"
"HiG_5"	407	"Ccr2"	134	"HiG"
"HiG_5"	13	"Ccl24"	259	"HiG"
"HiG_5"	1355	"Vcan"	40	"HiG"
"HiG_5"	17	"Lst1"	250	"HiG"
"HiG_5"	2389	"Ly86"	25	"HiG"
"HiG_5"	9	"Tbc1d20"	270.5	"HiG"
"HiG_5"	0	"Tmem154"	394	"HiG"
"HiG_5"	1	"Slc28a2"	313	"HiG"
"HiG_5"	3	"Mmp19"	297	"HiG"
"HiG_5"	0	"Rnase4"	394	"HiG"
"HiG_5"	0	"Kmo"	394	"HiG"
"HiG_5"	0	"Plxnc1"	394	"HiG"
"HiG_5"	248	"Mmp8"	169.5	"HiG"
"HiG_5"	289	"Mmp12"	157.5	"HiG"
"HiG_5"	0	"Tppp3"	394	"HiG"
"HiG_5"	389	"Rhov"	136	"HiG"
"HiG_5"	0	"Pld4"	394	"HiG"
"HiG_5"	0	"Rasa4"	394	"HiG"
"HiG_5"	180	"Tgfbi"	182	"HiG"
"HiG_5"	0	"Tcn2"	394	"HiG"
"HiG_5"	0	"Gpr171"	394	"HiG"
"HiG_5"	0	"Scimp"	394	"HiG"
"HiG_5"	21	"Mrc1"	243	"HiG"
"HiG_5"	44	"Tmem176b"	226	"HiG"
"HiG_5"	0	"Tifab"	394	"HiG"
"HiG_5"	0	"Slc37a2"	394	"HiG"
"HiG_5"	256	"Gpr65"	166	"HiG"
"HiG_5"	0	"Adgre1"	394	"HiG"
"HiG_5"	0	"Hcar2"	394	"HiG"
"HiG_5"	16	"Vsir"	252	"HiG"
"HiG_5"	0	"Smpdl3a"	394	"HiG"
"HiG_5"	0	"Zfp36l1"	394	"HiG"
"HiG_5"	0	"Tusc1"	394	"HiG"
"HiG_5"	0	"Hacd4"	394	"HiG"
"HiG_5"	0	"P2ry13"	394	"HiG"
"HiG_7"	9874	"App"	1	"HiG"
"HiG_7"	798	"Gadd45a"	46	"HiG"
"HiG_7"	181	"Ncf4"	124	"HiG"
"HiG_7"	0	"Atrnl1"	266	"HiG"
"HiG_7"	29	"Map3k8"	158	"HiG"
"HiG_7"	1834	"Fos"	16	"HiG"
"HiG_7"	2085	"Itgb2"	12	"HiG"
"HiG_7"	0	"Pnkp"	266	"HiG"
"HiG_7"	0	"Id2"	266	"HiG"
"HiG_7"	40	"Bmpr1a"	150	"HiG"
"HiG_7"	304	"Nedd9"	96.5	"HiG"
"HiG_7"	0	"Plcb2"	266	"HiG"
"HiG_7"	1	"Gadd45g"	189	"HiG"
"HiG_7"	1765	"Rara"	17	"HiG"
"HiG_7"	655	"Gfi1"	57	"HiG"
"HiG_7"	0	"Agtrap"	266	"HiG"
"HiG_7"	294	"Srpk2"	101	"HiG"
"HiG_7"	89	"Satb1"	138	"HiG"
"HiG_7"	0	"Stx11"	266	"HiG"
"HiG_7"	1076	"Actn1"	34	"HiG"
"HiG_7"	0	"Dach1"	266	"HiG"
"HiG_7"	0	"Phlda1"	266	"HiG"
"HiG_7"	487	"Sat1"	66	"HiG"
"HiG_7"	1262	"Cd177"	25.5	"HiG"
"HiG_7"	751	"Fth1"	52	"HiG"
"HiG_7"	114	"Sirpa"	132	"HiG"
"HiG_7"	0	"Plac8"	266	"HiG"
"HiG_7"	1541	"Ncf1"	21	"HiG"
"HiG_7"	3552	"Pml"	6	"HiG"
"HiG_7"	6404	"Jun"	2	"HiG"
"HiG_7"	231	"Btg2"	116	"HiG"
"HiG_7"	0	"Slc27a4"	266	"HiG"
"HiG_7"	452	"Dstn"	71	"HiG"
"HiG_7"	570	"Ltf"	62	"HiG"
"HiG_7"	45	"Sgk1"	149	"HiG"
"HiG_7"	2054	"S100a9"	13	"HiG"
"HiG_7"	21	"Stom"	163	"HiG"
"HiG_7"	346	"Anxa1"	87	"HiG"
"HiG_7"	136	"S100a8"	128	"HiG"
"HiG_7"	303	"Mapk3"	98	"HiG"
"HiG_7"	0	"Cd82"	266	"HiG"
"HiG_7"	0	"Ppp1r3d"	266	"HiG"
"HiG_7"	745	"Tnfrsf1b"	53	"HiG"
"HiG_7"	857	"Prkcb"	44	"HiG"
"HiG_7"	320	"Cxcr2"	92	"HiG"
"HiG_7"	36	"Gabbr1"	152.5	"HiG"
"HiG_7"	4	"Pparg"	183	"HiG"
"HiG_7"	0	"Aatk"	266	"HiG"
"HiG_7"	2	"Hck"	186	"HiG"
"HiG_7"	4	"Arhgef18"	183	"HiG"
"HiG_7"	2830	"Itgam"	8	"HiG"
"HiG_7"	10	"Cd84"	174.5	"HiG"
"HiG_7"	0	"Cldn1"	266	"HiG"
"HiG_7"	478	"Gca"	67	"HiG"
"HiG_7"	1147	"Numb"	31	"HiG"
"HiG_7"	187	"S100a6"	122	"HiG"
"HiG_7"	1012	"Ets1"	36	"HiG"
"HiG_7"	1	"Hipk1"	189	"HiG"
"HiG_7"	1088	"Bcl6"	32	"HiG"
"HiG_7"	260	"Mxd1"	113	"HiG"
"HiG_7"	28	"Arfgef2"	159.5	"HiG"
"HiG_7"	293	"Aldh2"	105	"HiG"
"HiG_7"	0	"Col9a2"	266	"HiG"
"HiG_7"	238	"Cpne3"	115	"HiG"
"HiG_7"	6	"F10"	179	"HiG"
"HiG_7"	464	"Sh2d3c"	69	"HiG"
"HiG_7"	28	"Mpp1"	159.5	"HiG"
"HiG_7"	441	"Anxa3"	73	"HiG"
"HiG_7"	0	"Tinagl1"	266	"HiG"
"HiG_7"	476	"Csf2rb"	68	"HiG"
"HiG_7"	380	"Cd28"	77	"HiG"
"HiG_7"	1856	"Fgr"	15	"HiG"
"HiG_7"	1196	"C3"	28	"HiG"
"HiG_7"	117	"Erg"	129	"HiG"
"HiG_7"	605	"Itgb3"	59	"HiG"
"HiG_7"	0	"Fbxl5"	266	"HiG"
"HiG_7"	739	"Cxcr4"	54	"HiG"
"HiG_7"	16	"Cd38"	169	"HiG"
"HiG_7"	1452	"Ccl3"	22	"HiG"
"HiG_7"	1	"Kit"	189	"HiG"
"HiG_7"	904	"Nrp1"	39	"HiG"
"HiG_7"	0	"Abcd2"	266	"HiG"
"HiG_7"	0	"Per2"	266	"HiG"
"HiG_7"	0	"Cyba"	266	"HiG"
"HiG_7"	6	"Alcam"	179	"HiG"
"HiG_7"	0	"Cyp11a1"	266	"HiG"
"HiG_7"	0	"Arhgef3"	266	"HiG"
"HiG_7"	604	"C5ar1"	60	"HiG"
"HiG_7"	160	"Lcn2"	125	"HiG"
"HiG_7"	293	"Pbx1"	105	"HiG"
"HiG_7"	881	"Slc6a4"	43	"HiG"
"HiG_7"	0	"Cfp"	266	"HiG"
"HiG_7"	314	"Cebpe"	93	"HiG"
"HiG_7"	1737	"Fcer1g"	18	"HiG"
"HiG_7"	776	"Pag1"	48	"HiG"
"HiG_7"	1325	"Rassf5"	24	"HiG"
"HiG_7"	606	"Cd33"	58	"HiG"
"HiG_7"	0	"Mapk13"	266	"HiG"
"HiG_7"	333	"Stk26"	91	"HiG"
"HiG_7"	349	"Plaur"	84	"HiG"
"HiG_7"	4983	"Ctsd"	4	"HiG"
"HiG_7"	6	"Il1r2"	179	"HiG"
"HiG_7"	374	"Pik3cb"	79	"HiG"
"HiG_7"	2100	"Cd14"	11	"HiG"
"HiG_7"	34	"Klf2"	154.5	"HiG"
"HiG_7"	76	"Mxi1"	140	"HiG"
"HiG_7"	0	"Tpd52"	266	"HiG"
"HiG_7"	344	"Sell"	88	"HiG"
"HiG_7"	0	"Ccno"	266	"HiG"
"HiG_7"	14	"Hcst"	171.5	"HiG"
"HiG_7"	1448	"Prtn3"	23	"HiG"
"HiG_7"	0	"Cebpd"	266	"HiG"
"HiG_7"	0	"Glrx"	266	"HiG"
"HiG_7"	0	"N4bp3"	266	"HiG"
"HiG_7"	0	"Upp1"	266	"HiG"
"HiG_7"	93	"Gstm1"	137	"HiG"
"HiG_7"	1630	"Lgals3"	20	"HiG"
"HiG_7"	0	"Ltb"	266	"HiG"
"HiG_7"	367	"Cdkn3"	80	"HiG"
"HiG_7"	890	"Trem1"	41	"HiG"
"HiG_7"	309	"Cd93"	95	"HiG"
"HiG_7"	4697	"Tyrobp"	5	"HiG"
"HiG_7"	101	"Hmox1"	136	"HiG"
"HiG_7"	0	"Jdp2"	266	"HiG"
"HiG_7"	3046	"Map1lc3a"	7	"HiG"
"HiG_7"	313	"Agl"	94	"HiG"
"HiG_7"	282	"F7"	112	"HiG"
"HiG_7"	140	"Pygl"	127	"HiG"
"HiG_7"	899	"Ckap4"	40	"HiG"
"HiG_7"	998	"Sun2"	37	"HiG"
"HiG_7"	404	"Padi4"	75	"HiG"
"HiG_7"	0	"Rnf144a"	266	"HiG"
"HiG_7"	1262	"Lrrk2"	25.5	"HiG"
"HiG_7"	379	"Kbtbd7"	78	"HiG"
"HiG_7"	0	"Tecpr1"	266	"HiG"
"HiG_7"	9	"Gas7"	176.5	"HiG"
"HiG_7"	0	"Rap1gap2"	266	"HiG"
"HiG_7"	0	"Hopx"	266	"HiG"
"HiG_7"	54	"Ankrd22"	146	"HiG"
"HiG_7"	572	"Anxa4"	61	"HiG"
"HiG_7"	297	"Syne1"	99	"HiG"
"HiG_7"	417	"Camp"	74	"HiG"
"HiG_7"	0	"Asprv1"	266	"HiG"
"HiG_7"	0	"Abtb1"	266	"HiG"
"HiG_7"	759	"Hp"	51	"HiG"
"HiG_7"	27	"Sh3bp5"	161	"HiG"
"HiG_7"	788	"Iqsec1"	47	"HiG"
"HiG_7"	0	"Alas1"	266	"HiG"
"HiG_7"	1873	"Psap"	14	"HiG"
"HiG_7"	14	"Ppbp"	171.5	"HiG"
"HiG_7"	0	"Gpcpd1"	266	"HiG"
"HiG_7"	0	"Chdh"	266	"HiG"
"HiG_7"	1232	"Tcf7l2"	27	"HiG"
"HiG_7"	0	"Ampd3"	266	"HiG"
"HiG_7"	0	"Desi1"	266	"HiG"
"HiG_7"	0	"Gpnmb"	266	"HiG"
"HiG_7"	63	"Cpd"	142	"HiG"
"HiG_7"	0	"Cnn2"	266	"HiG"
"HiG_7"	55	"C1rl"	143.5	"HiG"
"HiG_7"	19	"Tob1"	165	"HiG"
"HiG_7"	0	"Klhdc4"	266	"HiG"
"HiG_7"	0	"Il1rn"	266	"HiG"
"HiG_7"	882	"Ccpg1"	42	"HiG"
"HiG_7"	0	"Lin28a"	266	"HiG"
"HiG_7"	0	"Mgam"	266	"HiG"
"HiG_7"	774	"Cd52"	49	"HiG"
"HiG_7"	54	"Ptafr"	146	"HiG"
"HiG_7"	0	"Adpgk"	266	"HiG"
"HiG_7"	0	"Peli2"	266	"HiG"
"HiG_7"	690	"Sort1"	55	"HiG"
"HiG_7"	293	"Dok3"	105	"HiG"
"HiG_7"	1635	"Cybb"	19	"HiG"
"HiG_7"	19	"Lsp1"	165	"HiG"
"HiG_7"	1152	"Rab3d"	30	"HiG"
"HiG_7"	18	"Prdx5"	167	"HiG"
"HiG_7"	13	"Marcksl1"	173	"HiG"
"HiG_7"	0	"Cystm1"	266	"HiG"
"HiG_7"	88	"Shtn1"	139	"HiG"
"HiG_7"	74	"Cd55"	141	"HiG"
"HiG_7"	0	"Golim4"	266	"HiG"
"HiG_7"	30	"Tnfaip2"	157	"HiG"
"HiG_7"	114	"Nt5e"	132	"HiG"
"HiG_7"	34	"Gbe1"	154.5	"HiG"
"HiG_7"	108	"Acsl1"	135	"HiG"
"HiG_7"	0	"Msrb1"	266	"HiG"
"HiG_7"	0	"Slc31a2"	266	"HiG"
"HiG_7"	0	"Acox3"	266	"HiG"
"HiG_7"	0	"Crat"	266	"HiG"
"HiG_7"	362	"Cdk18"	81.5	"HiG"
"HiG_7"	0	"Crispld2"	266	"HiG"
"HiG_7"	0	"Aldh3b1"	266	"HiG"
"HiG_7"	0	"Antxr2"	266	"HiG"
"HiG_7"	0	"Kcnn3"	266	"HiG"
"HiG_7"	0	"Gpsm3"	266	"HiG"
"HiG_7"	185	"Gda"	123	"HiG"
"HiG_7"	381	"Slc7a11"	76	"HiG"
"HiG_7"	0	"Lyve1"	266	"HiG"
"HiG_7"	240	"Abhd5"	114	"HiG"
"HiG_7"	224	"Mak"	118.5	"HiG"
"HiG_7"	115	"Dgat1"	130	"HiG"
"HiG_7"	340	"Dhrs7"	89	"HiG"
"HiG_7"	296	"Agpat2"	100	"HiG"
"HiG_7"	293	"Abcc5"	105	"HiG"
"HiG_7"	1	"Bst1"	189	"HiG"
"HiG_7"	293	"Ffar2"	105	"HiG"
"HiG_7"	337	"Lbp"	90	"HiG"
"HiG_7"	0	"Cldn15"	266	"HiG"
"HiG_7"	0	"Mtus1"	266	"HiG"
"HiG_7"	0	"G0s2"	266	"HiG"
"HiG_7"	0	"Gmfg"	266	"HiG"
"HiG_7"	224	"Adgre5"	118.5	"HiG"
"HiG_7"	293	"Ctsh"	105	"HiG"
"HiG_7"	5	"Mgst1"	181	"HiG"
"HiG_7"	0	"Ifnlr1"	266	"HiG"
"HiG_7"	0	"Serpinb10"	266	"HiG"
"HiG_7"	0	"Ptgs1"	266	"HiG"
"HiG_7"	0	"Rassf3"	266	"HiG"
"HiG_7"	31	"Gns"	156	"HiG"
"HiG_7"	0	"Lztfl1"	266	"HiG"
"HiG_7"	15	"Tbc1d2"	170	"HiG"
"HiG_7"	450	"Myo1f"	72	"HiG"
"HiG_7"	210	"Dgat2"	120	"HiG"
"HiG_7"	36	"Spint2"	152.5	"HiG"
"HiG_7"	109	"Capg"	134	"HiG"
"HiG_7"	19	"Entpd5"	165	"HiG"
"HiG_7"	0	"Fah"	266	"HiG"
"HiG_7"	455	"Gpx3"	70	"HiG"
"HiG_7"	0	"Nabp1"	266	"HiG"
"HiG_7"	4	"Ypel3"	183	"HiG"
"HiG_7"	0	"Pcmtd2"	266	"HiG"
"HiG_7"	362	"Fam167a"	81.5	"HiG"
"HiG_7"	304	"Hlx"	96.5	"HiG"
"HiG_7"	0	"Tmcc1"	266	"HiG"
"HiG_7"	0	"Cib2"	266	"HiG"
"HiG_7"	0	"Neil3"	266	"HiG"
"HiG_7"	0	"Gsap"	266	"HiG"
"HiG_7"	0	"Tmed3"	266	"HiG"
"HiG_7"	197	"Lrp12"	121	"HiG"
"HiG_7"	0	"Mgll"	266	"HiG"
"HiG_7"	0	"Ndst1"	266	"HiG"
"HiG_7"	0	"Rdh12"	266	"HiG"
"HiG_7"	9	"Clec12a"	176.5	"HiG"
"HiG_7"	0	"Rogdi"	266	"HiG"
"HiG_7"	283	"Hsd11b1"	111	"HiG"
"HiG_7"	347	"Myadm"	86	"HiG"
"HiG_7"	565	"Timp2"	63	"HiG"
"HiG_7"	10	"Stk17b"	174.5	"HiG"
"HiG_7"	5580	"Ccr1"	3	"HiG"
"HiG_7"	348	"Arg2"	85	"HiG"
"HiG_7"	0	"St3gal5"	266	"HiG"
"HiG_7"	0	"Sorl1"	266	"HiG"
"HiG_7"	0	"Hvcn1"	266	"HiG"
"HiG_7"	153	"Nceh1"	126	"HiG"
"HiG_7"	2227	"Thbs1"	9	"HiG"
"HiG_7"	0	"Tcp11l2"	266	"HiG"
"HiG_7"	227	"Clec5a"	117	"HiG"
"HiG_7"	0	"Adam8"	266	"HiG"
"HiG_7"	292	"Plpp6"	109.5	"HiG"
"HiG_7"	0	"Paqr7"	266	"HiG"
"HiG_7"	0	"Mpeg1"	266	"HiG"
"HiG_7"	292	"Plekhg1"	109.5	"HiG"
"HiG_7"	17	"Tmem216"	168	"HiG"
"HiG_7"	0	"Stk10"	266	"HiG"
"HiG_7"	0	"Neu1"	266	"HiG"
"HiG_7"	0	"Hpse"	266	"HiG"
"HiG_7"	511	"Tbc1d8"	65	"HiG"
"HiG_7"	0	"Ptgr1"	266	"HiG"
"HiG_7"	0	"Pnpla8"	266	"HiG"
"HiG_7"	0	"Sgms2"	266	"HiG"
"HiG_7"	0	"Pnpla7"	266	"HiG"
"HiG_7"	2189	"Rhou"	10	"HiG"
"HiG_7"	0	"Ndrg2"	266	"HiG"
"HiG_7"	0	"Map3k9"	266	"HiG"
"HiG_7"	0	"Cd300lb"	266	"HiG"
"HiG_7"	55	"C5ar2"	143.5	"HiG"
"HiG_7"	771	"Fpr2"	50	"HiG"
"HiG_7"	687	"Lipg"	56	"HiG"
"HiG_7"	52	"Plbd1"	148	"HiG"
"HiG_7"	0	"Pknox2"	266	"HiG"
"HiG_7"	1077	"Mgst2"	33	"HiG"
"HiG_7"	0	"Spata13"	266	"HiG"
"HiG_7"	1031	"Tmx4"	35	"HiG"
"HiG_7"	838	"Clec4e"	45	"HiG"
"HiG_7"	0	"Gpr141"	266	"HiG"
"HiG_7"	534	"Igsf6"	64	"HiG"
"HiG_7"	0	"Fmo5"	266	"HiG"
"HiG_7"	0	"Lrg1"	266	"HiG"
"HiG_7"	954	"Fgd4"	38	"HiG"
"HiG_7"	1	"Syngr1"	189	"HiG"
"HiG_7"	0	"Rasgrp4"	266	"HiG"
"HiG_7"	0	"Prom1"	266	"HiG"
"HiG_7"	0	"Ddhd1"	266	"HiG"
"HiG_7"	0	"Pfkfb4"	266	"HiG"
"HiG_7"	358	"Cd300lf"	83	"HiG"
"HiG_7"	0	"Grina"	266	"HiG"
"HiG_7"	0	"Tmcc3"	266	"HiG"
"HiG_7"	0	"Olfml2b"	266	"HiG"
"HiG_7"	0	"Kdm7a"	266	"HiG"
"HiG_7"	22	"Plin2"	162	"HiG"
"HiG_7"	293	"Tmem86a"	105	"HiG"
"HiG_7"	0	"Slc39a2"	266	"HiG"
"HiG_7"	3	"Ccdc125"	185	"HiG"
"HiG_7"	1179	"Ms4a3"	29	"HiG"
"HiG_7"	0	"Mcemp1"	266	"HiG"
"HiG_7"	0	"Dram1"	266	"HiG"
"HiG_7"	0	"Man1c1"	266	"HiG"
"HiG_7"	0	"Pi16"	266	"HiG"
"HiG_7"	0	"Slpi"	266	"HiG"
"HiG_7"	0	"Aoah"	266	"HiG"
"HiG_7"	0	"Msra"	266	"HiG"
"HiG_7"	0	"Bri3"	266	"HiG"
"HiG_7"	0	"Tmem71"	266	"HiG"
"HiG_7"	0	"Pde2a"	266	"HiG"
"HiG_7"	0	"Slc40a1"	266	"HiG"
"HiG_7"	0	"Sp140"	266	"HiG"
"HiG_7"	0	"Lst1"	266	"HiG"
"HiG_7"	0	"Rasgrp2"	266	"HiG"
"HiG_7"	0	"Tbc1d20"	266	"HiG"
"HiG_7"	0	"Tmem154"	266	"HiG"
"HiG_7"	0	"Slc28a2"	266	"HiG"
"HiG_7"	0	"Rnase4"	266	"HiG"
"HiG_7"	0	"Plxnc1"	266	"HiG"
"HiG_7"	0	"Megf9"	266	"HiG"
"HiG_7"	37	"Mmp8"	151	"HiG"
"HiG_7"	0	"Wipi1"	266	"HiG"
"HiG_7"	0	"Tcn2"	266	"HiG"
"HiG_7"	0	"Ppp1r42"	266	"HiG"
"HiG_7"	0	"Penk"	266	"HiG"
"HiG_7"	0	"F2rl2"	266	"HiG"
"HiG_7"	54	"Pglyrp1"	146	"HiG"
"HiG_7"	0	"Cmpk2"	266	"HiG"
"HiG_7"	0	"Hcar2"	266	"HiG"
"HiG_7"	114	"Vsir"	132	"HiG"
"HiG_7"	0	"Smpdl3a"	266	"HiG"
"HiG_7"	0	"Trpm2"	266	"HiG"
"HiG_7"	0	"Mogat2"	266	"HiG"
"HiG_7"	0	"Tmem40"	266	"HiG"
"HiG_7"	0	"Zmpste24"	266	"HiG"
"HiG_7"	0	"Tusc1"	266	"HiG"
"HiG_7"	0	"Hacd4"	266	"HiG"
"HiG_8"	4	"Gata2"	334.5	"HiG"
"HiG_8"	24652	"App"	2	"HiG"
"HiG_8"	1345	"Csf1r"	70	"HiG"
"HiG_8"	537	"Gadd45a"	150.5	"HiG"
"HiG_8"	268	"Daxx"	206	"HiG"
"HiG_8"	2277	"Bcl2"	47	"HiG"
"HiG_8"	891	"Ncf4"	104	"HiG"
"HiG_8"	0	"Atrnl1"	460	"HiG"
"HiG_8"	46	"Map3k8"	275.5	"HiG"
"HiG_8"	2153	"Fos"	50	"HiG"
"HiG_8"	171	"Flt1"	221	"HiG"
"HiG_8"	5573	"Itgb2"	17	"HiG"
"HiG_8"	0	"Pnkp"	460	"HiG"
"HiG_8"	2878	"Dab2"	38	"HiG"
"HiG_8"	452	"Id2"	173	"HiG"
"HiG_8"	627	"Nedd9"	136	"HiG"
"HiG_8"	0	"Plcb2"	460	"HiG"
"HiG_8"	416	"Gfi1"	182.5	"HiG"
"HiG_8"	0	"Dio2"	460	"HiG"
"HiG_8"	1772	"Slc29a1"	59	"HiG"
"HiG_8"	0	"Dctd"	460	"HiG"
"HiG_8"	114	"Lzts2"	235	"HiG"
"HiG_8"	96	"Agtrap"	246	"HiG"
"HiG_8"	0	"Dctpp1"	460	"HiG"
"HiG_8"	0	"Acy1"	460	"HiG"
"HiG_8"	274	"Srpk2"	201	"HiG"
"HiG_8"	364	"Mad1l1"	190.5	"HiG"
"HiG_8"	7	"Satb1"	324.5	"HiG"
"HiG_8"	211	"Actn1"	216	"HiG"
"HiG_8"	736	"Dach1"	119.5	"HiG"
"HiG_8"	0	"Sat1"	460	"HiG"
"HiG_8"	436	"Nme4"	178	"HiG"
"HiG_8"	1502	"Isg15"	64	"HiG"
"HiG_8"	273	"Hook1"	202.5	"HiG"
"HiG_8"	19	"Dusp6"	302	"HiG"
"HiG_8"	454	"Cd177"	172	"HiG"
"HiG_8"	662	"Fth1"	128	"HiG"
"HiG_8"	1053	"Bnip3"	90.5	"HiG"
"HiG_8"	29	"Sirpa"	288	"HiG"
"HiG_8"	0	"Plac8"	460	"HiG"
"HiG_8"	0	"Eif1ad"	460	"HiG"
"HiG_8"	139	"Eps8"	229	"HiG"
"HiG_8"	263	"Trip6"	207	"HiG"
"HiG_8"	416	"Gemin6"	182.5	"HiG"
"HiG_8"	5190	"Ncf1"	19	"HiG"
"HiG_8"	4985	"Pml"	21	"HiG"
"HiG_8"	10751	"Jun"	4	"HiG"
"HiG_8"	0	"Raph1"	460	"HiG"
"HiG_8"	46	"Btg2"	275.5	"HiG"
"HiG_8"	0	"Slc27a4"	460	"HiG"
"HiG_8"	366	"Atad3a"	189	"HiG"
"HiG_8"	1257	"Cdk6"	74	"HiG"
"HiG_8"	74	"Dstn"	257	"HiG"
"HiG_8"	1001	"Lyar"	97	"HiG"
"HiG_8"	311	"Sgk1"	196	"HiG"
"HiG_8"	8713	"S100a9"	8	"HiG"
"HiG_8"	1914	"Bag2"	54	"HiG"
"HiG_8"	105	"Bzw2"	242	"HiG"
"HiG_8"	0	"Plod2"	460	"HiG"
"HiG_8"	771	"Stom"	113	"HiG"
"HiG_8"	82	"Snrk"	254	"HiG"
"HiG_8"	0	"Osgep"	460	"HiG"
"HiG_8"	2871	"Mov10"	39	"HiG"
"HiG_8"	172	"Anxa1"	220	"HiG"
"HiG_8"	9169	"Nolc1"	7	"HiG"
"HiG_8"	9406	"Fbl"	6	"HiG"
"HiG_8"	0	"Ddt"	460	"HiG"
"HiG_8"	658	"S100a8"	130	"HiG"
"HiG_8"	4181	"Prmt1"	23	"HiG"
"HiG_8"	0	"Psph"	460	"HiG"
"HiG_8"	2073	"Pa2g4"	51	"HiG"
"HiG_8"	3611	"Lgals3bp"	26	"HiG"
"HiG_8"	1890	"Tnf"	57	"HiG"
"HiG_8"	9933	"Ddx21"	5	"HiG"
"HiG_8"	41001	"Myc"	1	"HiG"
"HiG_8"	0	"Msh6"	460	"HiG"
"HiG_8"	2522	"Mybbp1a"	42	"HiG"
"HiG_8"	206	"Fabp5"	217	"HiG"
"HiG_8"	609	"Med21"	137.5	"HiG"
"HiG_8"	3656	"Mapk3"	25	"HiG"
"HiG_8"	3091	"Cebpa"	34	"HiG"
"HiG_8"	2414	"Lck"	44	"HiG"
"HiG_8"	70	"Cd82"	259.5	"HiG"
"HiG_8"	678	"Ppp1r3d"	124.5	"HiG"
"HiG_8"	1427	"Tnfrsf1b"	68	"HiG"
"HiG_8"	1583	"Smad3"	62	"HiG"
"HiG_8"	6990	"Prkcb"	12	"HiG"
"HiG_8"	897	"Myb"	103	"HiG"
"HiG_8"	533	"Exosc2"	157.5	"HiG"
"HiG_8"	55	"Cxcr2"	268.5	"HiG"
"HiG_8"	5373	"Lrp1"	18	"HiG"
"HiG_8"	24	"Scnn1a"	295.5	"HiG"
"HiG_8"	3434	"Hsph1"	28	"HiG"
"HiG_8"	1062	"Pparg"	89	"HiG"
"HiG_8"	0	"Fchsd2"	460	"HiG"
"HiG_8"	1235	"Slc12a2"	77	"HiG"
"HiG_8"	61	"Aatk"	265	"HiG"
"HiG_8"	540	"Arhgef18"	149	"HiG"
"HiG_8"	0	"Cstb"	460	"HiG"
"HiG_8"	5597	"Itgam"	16	"HiG"
"HiG_8"	1	"Cd84"	356.5	"HiG"
"HiG_8"	551	"Il1r1"	147	"HiG"
"HiG_8"	866	"Lrpap1"	105	"HiG"
"HiG_8"	0	"Atf5"	460	"HiG"
"HiG_8"	50	"Gca"	272.5	"HiG"
"HiG_8"	7014	"Gja1"	11	"HiG"
"HiG_8"	2	"Numb"	347.5	"HiG"
"HiG_8"	107	"S100a6"	239.5	"HiG"
"HiG_8"	2963	"Ets1"	35	"HiG"
"HiG_8"	269	"Ncam1"	205	"HiG"
"HiG_8"	35	"Hipk1"	286	"HiG"
"HiG_8"	0	"Dtx3l"	460	"HiG"
"HiG_8"	804	"Ppia"	109	"HiG"
"HiG_8"	441	"Nfix"	177	"HiG"
"HiG_8"	0	"Gatad2b"	460	"HiG"
"HiG_8"	2594	"Kat2a"	40	"HiG"
"HiG_8"	113	"Mxd1"	236.5	"HiG"
"HiG_8"	3241	"Srpk1"	30	"HiG"
"HiG_8"	586	"Pdk1"	141	"HiG"
"HiG_8"	3	"Arfgef2"	340	"HiG"
"HiG_8"	531	"Aldh2"	163	"HiG"
"HiG_8"	2	"Anxa6"	347.5	"HiG"
"HiG_8"	432	"Casp6"	179	"HiG"
"HiG_8"	0	"Cpne3"	460	"HiG"
"HiG_8"	1446	"Cd48"	67	"HiG"
"HiG_8"	42	"F10"	279	"HiG"
"HiG_8"	1854	"Lpl"	58	"HiG"
"HiG_8"	6303	"Dkc1"	13	"HiG"
"HiG_8"	500	"Pmaip1"	168	"HiG"
"HiG_8"	920	"Lamc1"	102	"HiG"
"HiG_8"	355	"Sh2d3c"	192	"HiG"
"HiG_8"	152	"Mpp1"	225	"HiG"
"HiG_8"	89	"Anxa3"	250.5	"HiG"
"HiG_8"	0	"Tinagl1"	460	"HiG"
"HiG_8"	1301	"S100a4"	71	"HiG"
"HiG_8"	525	"Pno1"	165	"HiG"
"HiG_8"	1202	"Csf2rb"	79	"HiG"
"HiG_8"	164	"Cd28"	222	"HiG"
"HiG_8"	678	"Agps"	124.5	"HiG"
"HiG_8"	5187	"C3"	20	"HiG"
"HiG_8"	0	"Erg"	460	"HiG"
"HiG_8"	572	"Spint1"	144	"HiG"
"HiG_8"	0	"Mef2c"	460	"HiG"
"HiG_8"	0	"Cacna1a"	460	"HiG"
"HiG_8"	38	"Itgb3"	283.5	"HiG"
"HiG_8"	661	"Gar1"	129	"HiG"
"HiG_8"	2382	"Elane"	45	"HiG"
"HiG_8"	2	"Fbxl5"	347.5	"HiG"
"HiG_8"	2493	"Cxcr4"	43	"HiG"
"HiG_8"	1147	"Ccl3"	85	"HiG"
"HiG_8"	109	"Kit"	238	"HiG"
"HiG_8"	257	"Socs1"	208	"HiG"
"HiG_8"	2896	"Nrp1"	37	"HiG"
"HiG_8"	0	"Abcd2"	460	"HiG"
"HiG_8"	7840	"Apex1"	9	"HiG"
"HiG_8"	2573	"Cyba"	41	"HiG"
"HiG_8"	216	"F13a1"	213.5	"HiG"
"HiG_8"	529	"Alcam"	164	"HiG"
"HiG_8"	1901	"Ssbp1"	56	"HiG"
"HiG_8"	190	"Ssbp2"	218	"HiG"
"HiG_8"	0	"Ssbp3"	460	"HiG"
"HiG_8"	285	"Rcc1"	200	"HiG"
"HiG_8"	656	"Igfbp7"	132	"HiG"
"HiG_8"	0	"Cyp11a1"	460	"HiG"
"HiG_8"	6	"Arhgef3"	327.5	"HiG"
"HiG_8"	0	"Clybl"	460	"HiG"
"HiG_8"	1167	"Tlr2"	82	"HiG"
"HiG_8"	99	"Lcn2"	245	"HiG"
"HiG_8"	218	"Pbx1"	212	"HiG"
"HiG_8"	0	"Evl"	460	"HiG"
"HiG_8"	1084	"Noc2l"	87	"HiG"
"HiG_8"	37	"Cfp"	285	"HiG"
"HiG_8"	21	"Cebpe"	299	"HiG"
"HiG_8"	0	"Il21r"	460	"HiG"
"HiG_8"	0	"Cd34"	460	"HiG"
"HiG_8"	1560	"Pag1"	63	"HiG"
"HiG_8"	0	"Nlgn2"	460	"HiG"
"HiG_8"	134	"Rassf5"	231.5	"HiG"
"HiG_8"	451	"Glb1"	174.5	"HiG"
"HiG_8"	21	"Helz2"	299	"HiG"
"HiG_8"	473	"Cd33"	170	"HiG"
"HiG_8"	1	"Ppp2r3a"	356.5	"HiG"
"HiG_8"	1370	"Irf9"	69	"HiG"
"HiG_8"	6	"Mapk13"	327.5	"HiG"
"HiG_8"	120	"Stk26"	234	"HiG"
"HiG_8"	653	"Plaur"	133	"HiG"
"HiG_8"	1740	"Ctsd"	60	"HiG"
"HiG_8"	42	"Il1r2"	279	"HiG"
"HiG_8"	19	"Rab33b"	302	"HiG"
"HiG_8"	30	"Pik3cb"	287	"HiG"
"HiG_8"	27	"Cd14"	291	"HiG"
"HiG_8"	0	"Klf2"	460	"HiG"
"HiG_8"	27	"Il12a"	291	"HiG"
"HiG_8"	548	"Mxi1"	148	"HiG"
"HiG_8"	15	"Tfpi"	308.5	"HiG"
"HiG_8"	862	"Tap1"	106	"HiG"
"HiG_8"	5	"Aldoc"	331	"HiG"
"HiG_8"	70	"Tpd52"	259.5	"HiG"
"HiG_8"	1472	"Sell"	65	"HiG"
"HiG_8"	39	"Bcl11a"	282	"HiG"
"HiG_8"	3	"Bace1"	340	"HiG"
"HiG_8"	1274	"Afap1"	73	"HiG"
"HiG_8"	13	"Ccno"	312	"HiG"
"HiG_8"	0	"Acta2"	460	"HiG"
"HiG_8"	1023	"Prtn3"	95	"HiG"
"HiG_8"	537	"Cebpd"	150.5	"HiG"
"HiG_8"	1030	"Ctsg"	94	"HiG"
"HiG_8"	8	"Glrx"	320	"HiG"
"HiG_8"	272	"Gstm1"	204	"HiG"
"HiG_8"	951	"Rhoj"	100.5	"HiG"
"HiG_8"	5638	"Lgals3"	15	"HiG"
"HiG_8"	17	"Cdkn3"	305	"HiG"
"HiG_8"	0	"Trem1"	460	"HiG"
"HiG_8"	134	"Cd93"	231.5	"HiG"
"HiG_8"	3216	"Tyrobp"	31	"HiG"
"HiG_8"	163	"Hmox1"	223	"HiG"
"HiG_8"	770	"Dlk1"	114	"HiG"
"HiG_8"	5	"Jdp2"	331	"HiG"
"HiG_8"	51	"Spp1"	271	"HiG"
"HiG_8"	0	"Herc6"	460	"HiG"
"HiG_8"	423	"Ighm"	181	"HiG"
"HiG_8"	0	"Ctr9"	460	"HiG"
"HiG_8"	535	"Acadm"	152	"HiG"
"HiG_8"	1021	"F7"	96	"HiG"
"HiG_8"	755	"Pygl"	117	"HiG"
"HiG_8"	1148	"Suclg2"	84	"HiG"
"HiG_8"	1468	"Ckap4"	66	"HiG"
"HiG_8"	1918	"Sun2"	53	"HiG"
"HiG_8"	89	"Noc3l"	250.5	"HiG"
"HiG_8"	0	"Gpt2"	460	"HiG"
"HiG_8"	0	"Nudcd1"	460	"HiG"
"HiG_8"	3163	"Nop58"	33	"HiG"
"HiG_8"	0	"Padi4"	460	"HiG"
"HiG_8"	0	"Rnf144a"	460	"HiG"
"HiG_8"	2195	"Socs3"	49	"HiG"
"HiG_8"	4	"Kbtbd7"	334.5	"HiG"
"HiG_8"	1	"Rassf4"	356.5	"HiG"
"HiG_8"	380	"Farsb"	186	"HiG"
"HiG_8"	8	"Gas7"	320	"HiG"
"HiG_8"	0	"Hoxa5"	460	"HiG"
"HiG_8"	0	"Hopx"	460	"HiG"
"HiG_8"	1088	"Egln3"	86	"HiG"
"HiG_8"	55	"Wdr12"	268.5	"HiG"
"HiG_8"	82	"Sirt3"	254	"HiG"
"HiG_8"	762	"Parp14"	115	"HiG"
"HiG_8"	0	"Fbxo27"	460	"HiG"
"HiG_8"	607	"Cnn3"	139	"HiG"
"HiG_8"	3250	"Tcf4"	29	"HiG"
"HiG_8"	6	"Cenpv"	327.5	"HiG"
"HiG_8"	364	"Nt5dc2"	190.5	"HiG"
"HiG_8"	1282	"Syne1"	72	"HiG"
"HiG_8"	0	"Adgrg1"	460	"HiG"
"HiG_8"	0	"Fry"	460	"HiG"
"HiG_8"	15232	"Nop56"	3	"HiG"
"HiG_8"	0	"Adgra3"	460	"HiG"
"HiG_8"	1217	"Ptk7"	78	"HiG"
"HiG_8"	6053	"Itm2b"	14	"HiG"
"HiG_8"	323	"Nrp2"	194.5	"HiG"
"HiG_8"	42	"Sox4"	279	"HiG"
"HiG_8"	0	"Abtb1"	460	"HiG"
"HiG_8"	1961	"Impdh2"	52	"HiG"
"HiG_8"	38	"Bst2"	283.5	"HiG"
"HiG_8"	1	"Hmgn3"	356.5	"HiG"
"HiG_8"	1161	"Cad"	83	"HiG"
"HiG_8"	1078	"Nop2"	88	"HiG"
"HiG_8"	811	"Hp"	108	"HiG"
"HiG_8"	22	"Ifih1"	297	"HiG"
"HiG_8"	4	"Sh3bp5"	334.5	"HiG"
"HiG_8"	8	"Iqsec1"	320	"HiG"
"HiG_8"	451	"Dhx58"	174.5	"HiG"
"HiG_8"	0	"Alas1"	460	"HiG"
"HiG_8"	0	"Tcf19"	460	"HiG"
"HiG_8"	379	"Psap"	187	"HiG"
"HiG_8"	745	"Fam20c"	118	"HiG"
"HiG_8"	5	"Col4a2"	331	"HiG"
"HiG_8"	0	"Gpcpd1"	460	"HiG"
"HiG_8"	10	"Odc1"	313	"HiG"
"HiG_8"	0	"Ak4"	460	"HiG"
"HiG_8"	0	"Chdh"	460	"HiG"
"HiG_8"	304	"Npm3"	197	"HiG"
"HiG_8"	4437	"Ptges3"	22	"HiG"
"HiG_8"	40	"Prmt3"	281	"HiG"
"HiG_8"	503	"Mpo"	166	"HiG"
"HiG_8"	560	"Cnp"	145	"HiG"
"HiG_8"	0	"Ift80"	460	"HiG"
"HiG_8"	0	"Bahcc1"	460	"HiG"
"HiG_8"	0	"Desi1"	460	"HiG"
"HiG_8"	533	"Creb3l2"	157.5	"HiG"
"HiG_8"	1	"Arsb"	356.5	"HiG"
"HiG_8"	0	"Cpox"	460	"HiG"
"HiG_8"	0	"Dmkn"	460	"HiG"
"HiG_8"	18	"Cpd"	304	"HiG"
"HiG_8"	216	"Cnn2"	213.5	"HiG"
"HiG_8"	273	"Nop14"	202.5	"HiG"
"HiG_8"	1250	"Gart"	75	"HiG"
"HiG_8"	0	"Rcl1"	460	"HiG"
"HiG_8"	722	"Cluh"	122	"HiG"
"HiG_8"	0	"Rgcc"	460	"HiG"
"HiG_8"	0	"C1rl"	460	"HiG"
"HiG_8"	0	"Tob1"	460	"HiG"
"HiG_8"	0	"Klhdc4"	460	"HiG"
"HiG_8"	186	"Srm"	219	"HiG"
"HiG_8"	16	"Lgalsl"	306.5	"HiG"
"HiG_8"	102	"Palm"	244	"HiG"
"HiG_8"	0	"Armcx2"	460	"HiG"
"HiG_8"	0	"Mgam"	460	"HiG"
"HiG_8"	82	"Cd52"	254	"HiG"
"HiG_8"	91	"Socs2"	249	"HiG"
"HiG_8"	0	"Ptafr"	460	"HiG"
"HiG_8"	0	"Rab7b"	460	"HiG"
"HiG_8"	0	"Adpgk"	460	"HiG"
"HiG_8"	591	"Pdia5"	140	"HiG"
"HiG_8"	2	"Peli2"	347.5	"HiG"
"HiG_8"	15	"Ppic"	308.5	"HiG"
"HiG_8"	556	"Sort1"	146	"HiG"
"HiG_8"	95	"Egfl7"	247	"HiG"
"HiG_8"	287	"Dok3"	199	"HiG"
"HiG_8"	1912	"Cybb"	55	"HiG"
"HiG_8"	56	"Lsp1"	266.5	"HiG"
"HiG_8"	671	"Rab3d"	126	"HiG"
"HiG_8"	3860	"Prdx5"	24	"HiG"
"HiG_8"	0	"Marcksl1"	460	"HiG"
"HiG_8"	0	"Cystm1"	460	"HiG"
"HiG_8"	1244	"Thy1"	76	"HiG"
"HiG_8"	0	"Shtn1"	460	"HiG"
"HiG_8"	27	"Rangrf"	291	"HiG"
"HiG_8"	8	"Cd55"	320	"HiG"
"HiG_8"	147	"Thumpd1"	227	"HiG"
"HiG_8"	0	"Poc1a"	460	"HiG"
"HiG_8"	19	"Timm9"	302	"HiG"
"HiG_8"	0	"Nudt5"	460	"HiG"
"HiG_8"	63	"Golim4"	262	"HiG"
"HiG_8"	1	"Tnfaip2"	356.5	"HiG"
"HiG_8"	0	"Zc3h7b"	460	"HiG"
"HiG_8"	0	"Nt5e"	460	"HiG"
"HiG_8"	49	"Pus7"	274	"HiG"
"HiG_8"	0	"Unc13d"	460	"HiG"
"HiG_8"	0	"Procr"	460	"HiG"
"HiG_8"	50	"Gbe1"	272.5	"HiG"
"HiG_8"	214	"Stat2"	215	"HiG"
"HiG_8"	0	"Acsl1"	460	"HiG"
"HiG_8"	533	"Ppat"	157.5	"HiG"
"HiG_8"	0	"Tmem176a"	460	"HiG"
"HiG_8"	0	"Msrb1"	460	"HiG"
"HiG_8"	0	"Slc31a2"	460	"HiG"
"HiG_8"	0	"Acox3"	460	"HiG"
"HiG_8"	8	"Crat"	320	"HiG"
"HiG_8"	0	"Msi2"	460	"HiG"
"HiG_8"	533	"Cdk18"	157.5	"HiG"
"HiG_8"	0	"Aldh3b1"	460	"HiG"
"HiG_8"	0	"Antxr2"	460	"HiG"
"HiG_8"	3	"Xpc"	340	"HiG"
"HiG_8"	300	"Bcat1"	198	"HiG"
"HiG_8"	138	"Cd320"	230	"HiG"
"HiG_8"	0	"Gda"	460	"HiG"
"HiG_8"	0	"Otulin"	460	"HiG"
"HiG_8"	657	"Slc7a11"	131	"HiG"
"HiG_8"	62	"Abhd5"	263.5	"HiG"
"HiG_8"	0	"Fkbp11"	460	"HiG"
"HiG_8"	0	"Dgat1"	460	"HiG"
"HiG_8"	107	"Dhrs7"	239.5	"HiG"
"HiG_8"	0	"B3gnt5"	460	"HiG"
"HiG_8"	224	"Agpat2"	211	"HiG"
"HiG_8"	0	"Abcc5"	460	"HiG"
"HiG_8"	1053	"Ffar2"	90.5	"HiG"
"HiG_8"	84	"Hoxa7"	252	"HiG"
"HiG_8"	0	"Lbp"	460	"HiG"
"HiG_8"	686	"Mtap"	123	"HiG"
"HiG_8"	0	"Cldn15"	460	"HiG"
"HiG_8"	0	"Mdfic"	460	"HiG"
"HiG_8"	0	"Mtus1"	460	"HiG"
"HiG_8"	0	"G0s2"	460	"HiG"
"HiG_8"	0	"Tfec"	460	"HiG"
"HiG_8"	609	"Adgre5"	137.5	"HiG"
"HiG_8"	790	"Ctsc"	111	"HiG"
"HiG_8"	72	"Mgst1"	258	"HiG"
"HiG_8"	0	"Ptgs1"	460	"HiG"
"HiG_8"	398	"Rassf3"	185	"HiG"
"HiG_8"	323	"Igfbp4"	194.5	"HiG"
"HiG_8"	2	"Lztfl1"	347.5	"HiG"
"HiG_8"	0	"Ncoa7"	460	"HiG"
"HiG_8"	0	"Papss2"	460	"HiG"
"HiG_8"	14	"Tbc1d2"	310.5	"HiG"
"HiG_8"	0	"Parp9"	460	"HiG"
"HiG_8"	783	"Parp12"	112	"HiG"
"HiG_8"	0	"Myo1f"	460	"HiG"
"HiG_8"	534	"Dgat2"	153	"HiG"
"HiG_8"	645	"Fam136a"	135	"HiG"
"HiG_8"	430	"Spint2"	180	"HiG"
"HiG_8"	24	"Pcsk9"	295.5	"HiG"
"HiG_8"	0	"Entpd5"	460	"HiG"
"HiG_8"	26	"Cd69"	293.5	"HiG"
"HiG_8"	502	"Fah"	167	"HiG"
"HiG_8"	734	"Gpx3"	121	"HiG"
"HiG_8"	0	"Hdhd2"	460	"HiG"
"HiG_8"	814	"Ptger3"	107	"HiG"
"HiG_8"	2899	"Ccl4"	36	"HiG"
"HiG_8"	9	"Snap47"	315	"HiG"
"HiG_8"	0	"Nabp1"	460	"HiG"
"HiG_8"	0	"Ypel3"	460	"HiG"
"HiG_8"	0	"Pcmtd2"	460	"HiG"
"HiG_8"	26	"Pim2"	293.5	"HiG"
"HiG_8"	0	"Pik3ip1"	460	"HiG"
"HiG_8"	0	"Dusp2"	460	"HiG"
"HiG_8"	407	"Hlx"	184	"HiG"
"HiG_8"	0	"Rbm47"	460	"HiG"
"HiG_8"	3	"Neil3"	340	"HiG"
"HiG_8"	0	"Fam216a"	460	"HiG"
"HiG_8"	0	"Tmed3"	460	"HiG"
"HiG_8"	0	"Rbms3"	460	"HiG"
"HiG_8"	334	"Slc39a10"	193	"HiG"
"HiG_8"	736	"Lrp12"	119.5	"HiG"
"HiG_8"	1036	"Rnf149"	92	"HiG"
"HiG_8"	650	"Tspan3"	134	"HiG"
"HiG_8"	56	"Mgll"	266.5	"HiG"
"HiG_8"	0	"Ndst1"	460	"HiG"
"HiG_8"	0	"Rdh12"	460	"HiG"
"HiG_8"	794	"Clec12a"	110	"HiG"
"HiG_8"	0	"Rogdi"	460	"HiG"
"HiG_8"	1168	"Hsd11b1"	81	"HiG"
"HiG_8"	0	"Nrg1"	460	"HiG"
"HiG_8"	0	"Far2"	460	"HiG"
"HiG_8"	0	"Myadm"	460	"HiG"
"HiG_8"	979	"Prr11"	99	"HiG"
"HiG_8"	0	"Scin"	460	"HiG"
"HiG_8"	7424	"Ccr1"	10	"HiG"
"HiG_8"	0	"Gmpr"	460	"HiG"
"HiG_8"	9	"Rsad2"	315	"HiG"
"HiG_8"	1	"Fam43a"	356.5	"HiG"
"HiG_8"	761	"Naaa"	116	"HiG"
"HiG_8"	3199	"Sorl1"	32	"HiG"
"HiG_8"	0	"Hvcn1"	460	"HiG"
"HiG_8"	0	"Nceh1"	460	"HiG"
"HiG_8"	2331	"Thbs1"	46	"HiG"
"HiG_8"	0	"Rmi2"	460	"HiG"
"HiG_8"	64	"Clec5a"	261	"HiG"
"HiG_8"	998	"Slc16a1"	98	"HiG"
"HiG_8"	459	"Sh3pxd2b"	171	"HiG"
"HiG_8"	533	"Plpp6"	157.5	"HiG"
"HiG_8"	0	"Paqr7"	460	"HiG"
"HiG_8"	0	"Mpeg1"	460	"HiG"
"HiG_8"	0	"Epsti1"	460	"HiG"
"HiG_8"	0	"Mboat2"	460	"HiG"
"HiG_8"	8	"Slc19a1"	320	"HiG"
"HiG_8"	3	"Tmem216"	340	"HiG"
"HiG_8"	0	"Stk10"	460	"HiG"
"HiG_8"	0	"Mboat1"	460	"HiG"
"HiG_8"	0	"Neu1"	460	"HiG"
"HiG_8"	0	"Dnajc6"	460	"HiG"
"HiG_8"	7	"Hpse"	324.5	"HiG"
"HiG_8"	244	"Tbc1d8"	209	"HiG"
"HiG_8"	0	"Ptgr1"	460	"HiG"
"HiG_8"	0	"Muc13"	460	"HiG"
"HiG_8"	0	"Osbpl5"	460	"HiG"
"HiG_8"	0	"Sgms2"	460	"HiG"
"HiG_8"	0	"Pnpla7"	460	"HiG"
"HiG_8"	3582	"Rhou"	27	"HiG"
"HiG_8"	0	"Ndrg2"	460	"HiG"
"HiG_8"	0	"Cd300lb"	460	"HiG"
"HiG_8"	1653	"Lipg"	61	"HiG"
"HiG_8"	2	"Pknox2"	347.5	"HiG"
"HiG_8"	573	"Mgst2"	143	"HiG"
"HiG_8"	92	"Tspan2"	248	"HiG"
"HiG_8"	149	"Vldlr"	226	"HiG"
"HiG_8"	0	"B4galnt4"	460	"HiG"
"HiG_8"	0	"Spata13"	460	"HiG"
"HiG_8"	580	"Tmx4"	142	"HiG"
"HiG_8"	2271	"Clec4e"	48	"HiG"
"HiG_8"	0	"Gatm"	460	"HiG"
"HiG_8"	1	"Rnmt"	356.5	"HiG"
"HiG_8"	0	"Gpr141"	460	"HiG"
"HiG_8"	532	"Igsf6"	162	"HiG"
"HiG_8"	0	"Isg20"	460	"HiG"
"HiG_8"	2	"Fmo5"	347.5	"HiG"
"HiG_8"	81	"B4galt6"	256	"HiG"
"HiG_8"	0	"Tmem108"	460	"HiG"
"HiG_8"	0	"Lrg1"	460	"HiG"
"HiG_8"	2	"Fgd4"	347.5	"HiG"
"HiG_8"	62	"Tor3a"	263.5	"HiG"
"HiG_8"	4	"Syngr1"	334.5	"HiG"
"HiG_8"	0	"Prom1"	460	"HiG"
"HiG_8"	0	"Ddhd1"	460	"HiG"
"HiG_8"	0	"Phtf2"	460	"HiG"
"HiG_8"	0	"Tgif2"	460	"HiG"
"HiG_8"	0	"Pfkfb4"	460	"HiG"
"HiG_8"	0	"Ptprcap"	460	"HiG"
"HiG_8"	142	"Cd300lf"	228	"HiG"
"HiG_8"	6	"Lrrc25"	327.5	"HiG"
"HiG_8"	0	"Grina"	460	"HiG"
"HiG_8"	0	"Olfml2b"	460	"HiG"
"HiG_8"	0	"Kdm7a"	460	"HiG"
"HiG_8"	0	"Slc23a2"	460	"HiG"
"HiG_8"	951	"Wdr36"	100.5	"HiG"
"HiG_8"	533	"Lipa"	157.5	"HiG"
"HiG_8"	106	"Plin2"	241	"HiG"
"HiG_8"	533	"Tmem86a"	157.5	"HiG"
"HiG_8"	0	"Scarf1"	460	"HiG"
"HiG_8"	0	"Ccdc125"	460	"HiG"
"HiG_8"	0	"Slc7a8"	460	"HiG"
"HiG_8"	443	"Nkg7"	176	"HiG"
"HiG_8"	0	"Gjb3"	460	"HiG"
"HiG_8"	235	"Ms4a3"	210	"HiG"
"HiG_8"	21	"Trib3"	299	"HiG"
"HiG_8"	0	"Mcemp1"	460	"HiG"
"HiG_8"	0	"Dram1"	460	"HiG"
"HiG_8"	0	"Syce2"	460	"HiG"
"HiG_8"	0	"Man1c1"	460	"HiG"
"HiG_8"	0	"Pi16"	460	"HiG"
"HiG_8"	8	"Slpi"	320	"HiG"
"HiG_8"	0	"Aoah"	460	"HiG"
"HiG_8"	0	"Msra"	460	"HiG"
"HiG_8"	0	"Bri3"	460	"HiG"
"HiG_8"	0	"Plpp5"	460	"HiG"
"HiG_8"	113	"Clec4d"	236.5	"HiG"
"HiG_8"	488	"Pde2a"	169	"HiG"
"HiG_8"	122	"Ccr2"	233	"HiG"
"HiG_8"	1032	"Smo"	93	"HiG"
"HiG_8"	0	"Slc40a1"	460	"HiG"
"HiG_8"	0	"Sp140"	460	"HiG"
"HiG_8"	0	"Slc6a13"	460	"HiG"
"HiG_8"	45	"Olr1"	277	"HiG"
"HiG_8"	0	"Lst1"	460	"HiG"
"HiG_8"	3	"Rasgrp2"	340	"HiG"
"HiG_8"	669	"Rab38"	127	"HiG"
"HiG_8"	0	"Hdc"	460	"HiG"
"HiG_8"	0	"Tbc1d20"	460	"HiG"
"HiG_8"	0	"Tmem154"	460	"HiG"
"HiG_8"	0	"Slc28a2"	460	"HiG"
"HiG_8"	1	"Mmp19"	356.5	"HiG"
"HiG_8"	0	"Rnase4"	460	"HiG"
"HiG_8"	0	"Slc24a3"	460	"HiG"
"HiG_8"	0	"Plxnc1"	460	"HiG"
"HiG_8"	0	"Plppr3"	460	"HiG"
"HiG_8"	0	"Megf9"	460	"HiG"
"HiG_8"	157	"Mmp8"	224	"HiG"
"HiG_8"	1	"Wipi1"	356.5	"HiG"
"HiG_8"	0	"Samd9l"	460	"HiG"
"HiG_8"	0	"Pld4"	460	"HiG"
"HiG_8"	16	"Tcn2"	306.5	"HiG"
"HiG_8"	9	"Pglyrp1"	315	"HiG"
"HiG_8"	533	"Tmem176b"	157.5	"HiG"
"HiG_8"	0	"Tifab"	460	"HiG"
"HiG_8"	0	"Spns2"	460	"HiG"
"HiG_8"	370	"Sh2d5"	188	"HiG"
"HiG_8"	0	"Cmpk2"	460	"HiG"
"HiG_8"	54	"Gpr65"	270	"HiG"
"HiG_8"	14	"Adgre1"	310.5	"HiG"
"HiG_8"	103	"Prss57"	243	"HiG"
"HiG_8"	1196	"Vsir"	80	"HiG"
"HiG_8"	0	"Smpdl3a"	460	"HiG"
"HiG_8"	3	"Mogat2"	340	"HiG"
"HiG_8"	0	"Tmem40"	460	"HiG"
"HiG_8"	0	"Tmem64"	460	"HiG"
"HiG_8"	28	"Zmpste24"	289	"HiG"
"HiG_8"	0	"Tusc1"	460	"HiG"
"HiG_8"	0	"Ydjc"	460	"HiG"
"HiG_8"	0	"Zdhhc8"	460	"HiG"
"HiG_8"	0	"Hacd4"	460	"HiG"
"HiG_9"	257	"Gata2"	164.5	"HiG"
"HiG_9"	0	"Gadd45a"	363	"HiG"
"HiG_9"	16	"Egr1"	243	"HiG"
"HiG_9"	7014	"Fgfr1"	4	"HiG"
"HiG_9"	1114	"Daxx"	52	"HiG"
"HiG_9"	474	"Gnaz"	116	"HiG"
"HiG_9"	1417	"Bcl2"	40	"HiG"
"HiG_9"	1722	"Itgb2"	30	"HiG"
"HiG_9"	6036	"Cdh1"	5	"HiG"
"HiG_9"	64	"Gata1"	210.5	"HiG"
"HiG_9"	0	"Dusp10"	363	"HiG"
"HiG_9"	0	"Id2"	363	"HiG"
"HiG_9"	296	"Bmpr1a"	159	"HiG"
"HiG_9"	2156	"Traf1"	25	"HiG"
"HiG_9"	326	"Btg1"	154	"HiG"
"HiG_9"	614	"Nedd9"	105	"HiG"
"HiG_9"	38	"Plcb2"	227.5	"HiG"
"HiG_9"	1656	"Rara"	32	"HiG"
"HiG_9"	166	"Arnt2"	180	"HiG"
"HiG_9"	496	"Slc29a1"	114	"HiG"
"HiG_9"	0	"Dctpp1"	363	"HiG"
"HiG_9"	0	"Acy1"	363	"HiG"
"HiG_9"	26	"Mad1l1"	235	"HiG"
"HiG_9"	20	"Satb1"	239	"HiG"
"HiG_9"	9	"Stx11"	257	"HiG"
"HiG_9"	1016	"Gem"	61	"HiG"
"HiG_9"	76	"Sat1"	206.5	"HiG"
"HiG_9"	449	"Dusp6"	123	"HiG"
"HiG_9"	10	"Fth1"	254	"HiG"
"HiG_9"	6	"Nrip1"	264	"HiG"
"HiG_9"	467	"Vasp"	118	"HiG"
"HiG_9"	422	"Bnip3"	128	"HiG"
"HiG_9"	0	"Sirpa"	363	"HiG"
"HiG_9"	324	"Eya2"	155	"HiG"
"HiG_9"	165	"Plac8"	181	"HiG"
"HiG_9"	0	"Eif1ad"	363	"HiG"
"HiG_9"	1740	"Cdkn2b"	29	"HiG"
"HiG_9"	899	"Ncf1"	73	"HiG"
"HiG_9"	48	"Btg2"	221.5	"HiG"
"HiG_9"	0	"Slc27a4"	363	"HiG"
"HiG_9"	3231	"Cdk6"	13	"HiG"
"HiG_9"	0	"Lyar"	363	"HiG"
"HiG_9"	762	"Ltf"	89	"HiG"
"HiG_9"	3050	"S100a9"	15	"HiG"
"HiG_9"	953	"Bcar3"	66	"HiG"
"HiG_9"	1369	"Anxa1"	43	"HiG"
"HiG_9"	1039	"Nolc1"	59	"HiG"
"HiG_9"	1229	"Fbl"	48	"HiG"
"HiG_9"	136	"S100a8"	188	"HiG"
"HiG_9"	678	"Prmt1"	101	"HiG"
"HiG_9"	500	"Pa2g4"	113	"HiG"
"HiG_9"	986	"Lgals3bp"	63	"HiG"
"HiG_9"	1436	"Itk"	38	"HiG"
"HiG_9"	349	"Tnf"	150	"HiG"
"HiG_9"	1181	"Ddx21"	51	"HiG"
"HiG_9"	28752	"Myc"	1	"HiG"
"HiG_9"	0	"Fabp5"	363	"HiG"
"HiG_9"	116	"Mapk3"	190	"HiG"
"HiG_9"	2932	"Cebpa"	16	"HiG"
"HiG_9"	7230	"Fyn"	3	"HiG"
"HiG_9"	0	"Cd82"	363	"HiG"
"HiG_9"	765	"Tnfrsf1b"	88	"HiG"
"HiG_9"	1682	"Prkcb"	31	"HiG"
"HiG_9"	43	"Myb"	225	"HiG"
"HiG_9"	4	"Exosc2"	266.5	"HiG"
"HiG_9"	738	"Cxcr2"	92	"HiG"
"HiG_9"	903	"Hsph1"	72	"HiG"
"HiG_9"	815	"Gabbr1"	81.5	"HiG"
"HiG_9"	10	"Rnf128"	254	"HiG"
"HiG_9"	920	"Ahnak"	70	"HiG"
"HiG_9"	78	"Atp1b1"	204	"HiG"
"HiG_9"	398	"Klf5"	143	"HiG"
"HiG_9"	0	"Aatk"	363	"HiG"
"HiG_9"	1318	"Il6"	44	"HiG"
"HiG_9"	18	"Arhgef18"	240.5	"HiG"
"HiG_9"	0	"Cstb"	363	"HiG"
"HiG_9"	839	"Itgam"	79	"HiG"
"HiG_9"	888	"L1cam"	74	"HiG"
"HiG_9"	794	"Cd84"	85	"HiG"
"HiG_9"	527	"Lrpap1"	110	"HiG"
"HiG_9"	2596	"Rxra"	19	"HiG"
"HiG_9"	76	"Numb"	206.5	"HiG"
"HiG_9"	3	"E2f2"	271	"HiG"
"HiG_9"	60	"S100a6"	214	"HiG"
"HiG_9"	537	"Ets1"	109	"HiG"
"HiG_9"	4280	"Ppia"	8	"HiG"
"HiG_9"	394	"Amigo2"	144	"HiG"
"HiG_9"	579	"Lif"	108	"HiG"
"HiG_9"	523	"Mxd1"	111	"HiG"
"HiG_9"	0	"Ikzf2"	363	"HiG"
"HiG_9"	1645	"Srpk1"	33	"HiG"
"HiG_9"	0	"Aldh2"	363	"HiG"
"HiG_9"	92	"Anxa6"	197	"HiG"
"HiG_9"	13	"Cpne3"	249.5	"HiG"
"HiG_9"	1474	"Cd48"	34	"HiG"
"HiG_9"	0	"F10"	363	"HiG"
"HiG_9"	414	"Fez1"	130	"HiG"
"HiG_9"	1013	"Dkc1"	62	"HiG"
"HiG_9"	10	"Pmaip1"	254	"HiG"
"HiG_9"	3575	"Prg2"	9	"HiG"
"HiG_9"	327	"Rgs1"	153	"HiG"
"HiG_9"	1095	"Lamc1"	56	"HiG"
"HiG_9"	34	"Sh2d3c"	230.5	"HiG"
"HiG_9"	114	"Anxa3"	191	"HiG"
"HiG_9"	73	"Gpr183"	208	"HiG"
"HiG_9"	294	"Tinagl1"	160	"HiG"
"HiG_9"	0	"Hip1"	363	"HiG"
"HiG_9"	0	"S100a4"	363	"HiG"
"HiG_9"	1017	"Pno1"	60	"HiG"
"HiG_9"	2102	"Csf2rb"	26	"HiG"
"HiG_9"	38	"Capn2"	227.5	"HiG"
"HiG_9"	314	"F2r"	157	"HiG"
"HiG_9"	2789	"Hgf"	18	"HiG"
"HiG_9"	40	"Erg"	226	"HiG"
"HiG_9"	406	"Csrp3"	135.5	"HiG"
"HiG_9"	162	"Csf1"	182	"HiG"
"HiG_9"	1424	"Ctsb"	39	"HiG"
"HiG_9"	815	"Itgb3"	81.5	"HiG"
"HiG_9"	7	"Gar1"	262	"HiG"
"HiG_9"	689	"Il7r"	98	"HiG"
"HiG_9"	78	"Lat"	204	"HiG"
"HiG_9"	1298	"Ccl3"	46	"HiG"
"HiG_9"	358	"Kit"	149	"HiG"
"HiG_9"	2365	"Socs1"	22	"HiG"
"HiG_9"	930	"Nrp1"	67	"HiG"
"HiG_9"	3104	"Apex1"	14	"HiG"
"HiG_9"	471	"Tjp1"	117	"HiG"
"HiG_9"	198	"Cyba"	172.5	"HiG"
"HiG_9"	15	"Alcam"	245.5	"HiG"
"HiG_9"	344	"Ssbp2"	151	"HiG"
"HiG_9"	23	"Ssbp3"	236	"HiG"
"HiG_9"	1079	"Rcc1"	58	"HiG"
"HiG_9"	676	"Igfbp7"	102	"HiG"
"HiG_9"	0	"Cyp11a1"	363	"HiG"
"HiG_9"	14	"Arhgef3"	247.5	"HiG"
"HiG_9"	234	"C5ar1"	167	"HiG"
"HiG_9"	1102	"Tlr2"	54	"HiG"
"HiG_9"	193	"Lcn2"	174.5	"HiG"
"HiG_9"	913	"Noc2l"	71	"HiG"
"HiG_9"	1310	"Slc6a4"	45	"HiG"
"HiG_9"	742	"Tnfaip3"	91	"HiG"
"HiG_9"	50	"Cfp"	220	"HiG"
"HiG_9"	0	"Avil"	363	"HiG"
"HiG_9"	0	"Podxl"	363	"HiG"
"HiG_9"	682	"Skap1"	100	"HiG"
"HiG_9"	460	"Cebpe"	121	"HiG"
"HiG_9"	2287	"Rab27b"	24	"HiG"
"HiG_9"	2333	"Fcer1g"	23	"HiG"
"HiG_9"	227	"Ms4a2"	168	"HiG"
"HiG_9"	4399	"Pag1"	7	"HiG"
"HiG_9"	0	"Nlgn2"	363	"HiG"
"HiG_9"	181	"Dusp1"	177	"HiG"
"HiG_9"	193	"Rassf5"	174.5	"HiG"
"HiG_9"	64	"Glb1"	210.5	"HiG"
"HiG_9"	182	"Adora2b"	176	"HiG"
"HiG_9"	88	"Cd33"	200.5	"HiG"
"HiG_9"	0	"Stk26"	363	"HiG"
"HiG_9"	868	"Furin"	76	"HiG"
"HiG_9"	406	"Il4"	135.5	"HiG"
"HiG_9"	1446	"Cd244"	37	"HiG"
"HiG_9"	713	"Plaur"	96	"HiG"
"HiG_9"	979	"Ctsd"	65	"HiG"
"HiG_9"	427	"Rab33b"	127	"HiG"
"HiG_9"	36	"Mxi1"	229	"HiG"
"HiG_9"	45	"Aldoc"	223	"HiG"
"HiG_9"	0	"Tpd52"	363	"HiG"
"HiG_9"	377	"Sell"	147	"HiG"
"HiG_9"	505	"Acta2"	112	"HiG"
"HiG_9"	733	"Itgb7"	93	"HiG"
"HiG_9"	109	"Il1rl1"	193	"HiG"
"HiG_9"	634	"Gzmb"	104	"HiG"
"HiG_9"	8	"Hcst"	259.5	"HiG"
"HiG_9"	0	"Slc6a9"	363	"HiG"
"HiG_9"	0	"Cebpd"	363	"HiG"
"HiG_9"	0	"Tph1"	363	"HiG"
"HiG_9"	2506	"Ctsg"	20	"HiG"
"HiG_9"	0	"Glrx"	363	"HiG"
"HiG_9"	0	"Upp1"	363	"HiG"
"HiG_9"	0	"Gstm1"	363	"HiG"
"HiG_9"	695	"Rhoj"	97	"HiG"
"HiG_9"	3430	"Lgals3"	11	"HiG"
"HiG_9"	284	"Cdkn3"	161	"HiG"
"HiG_9"	89	"Col18a1"	199	"HiG"
"HiG_9"	157	"Cd93"	183	"HiG"
"HiG_9"	1375	"Tyrobp"	42	"HiG"
"HiG_9"	1	"Hmox1"	278	"HiG"
"HiG_9"	819	"Map1lc3a"	80	"HiG"
"HiG_9"	21	"Spp1"	238	"HiG"
"HiG_9"	0	"Pygl"	363	"HiG"
"HiG_9"	2438	"Ckap4"	21	"HiG"
"HiG_9"	401	"Sun2"	141	"HiG"
"HiG_9"	402	"Nudcd1"	140	"HiG"
"HiG_9"	854	"Nop58"	77	"HiG"
"HiG_9"	0	"Padi4"	363	"HiG"
"HiG_9"	1217	"Socs3"	49	"HiG"
"HiG_9"	0	"Asb2"	363	"HiG"
"HiG_9"	48	"Gpc4"	221.5	"HiG"
"HiG_9"	3	"Tecpr1"	271	"HiG"
"HiG_9"	34	"Farsb"	230.5	"HiG"
"HiG_9"	16	"Gas7"	243	"HiG"
"HiG_9"	0	"Tsc22d1"	363	"HiG"
"HiG_9"	0	"Rap1gap2"	363	"HiG"
"HiG_9"	0	"Cobl"	363	"HiG"
"HiG_9"	11	"Egln3"	252	"HiG"
"HiG_9"	0	"Cenpv"	363	"HiG"
"HiG_9"	0	"Nt5dc2"	363	"HiG"
"HiG_9"	105	"Syne1"	195	"HiG"
"HiG_9"	0	"Mfge8"	363	"HiG"
"HiG_9"	216	"Adgrg1"	170	"HiG"
"HiG_9"	4445	"Nop56"	6	"HiG"
"HiG_9"	924	"Camp"	68.5	"HiG"
"HiG_9"	3502	"Itm2b"	10	"HiG"
"HiG_9"	463	"Mycn"	119.5	"HiG"
"HiG_9"	0	"Abtb1"	363	"HiG"
"HiG_9"	774	"Tubb2a"	86	"HiG"
"HiG_9"	0	"Faah"	363	"HiG"
"HiG_9"	1099	"Impdh2"	55	"HiG"
"HiG_9"	0	"Bst2"	363	"HiG"
"HiG_9"	406	"Hmgn3"	135.5	"HiG"
"HiG_9"	3327	"Cad"	12	"HiG"
"HiG_9"	15	"Nop2"	245.5	"HiG"
"HiG_9"	0	"Plxdc2"	363	"HiG"
"HiG_9"	118	"Iqsec1"	189	"HiG"
"HiG_9"	0	"Acsbg1"	363	"HiG"
"HiG_9"	0	"Tcf19"	363	"HiG"
"HiG_9"	343	"Ppbp"	152	"HiG"
"HiG_9"	0	"Kcne3"	363	"HiG"
"HiG_9"	0	"Odc1"	363	"HiG"
"HiG_9"	881	"Pld3"	75	"HiG"
"HiG_9"	453	"Osm"	122	"HiG"
"HiG_9"	0	"Npm3"	363	"HiG"
"HiG_9"	748	"Ptges3"	90	"HiG"
"HiG_9"	0	"Prmt3"	363	"HiG"
"HiG_9"	7	"Cnp"	262	"HiG"
"HiG_9"	318	"Creb3l2"	156	"HiG"
"HiG_9"	0	"Cnn2"	363	"HiG"
"HiG_9"	80	"Gart"	202	"HiG"
"HiG_9"	0	"Rcl1"	363	"HiG"
"HiG_9"	0	"Cluh"	363	"HiG"
"HiG_9"	297	"Fcer1a"	158	"HiG"
"HiG_9"	0	"Klhdc4"	363	"HiG"
"HiG_9"	14	"Srm"	247.5	"HiG"
"HiG_9"	102	"Palm"	196	"HiG"
"HiG_9"	250	"Ccpg1"	166	"HiG"
"HiG_9"	31	"Specc1"	234	"HiG"
"HiG_9"	18	"Cd52"	240.5	"HiG"
"HiG_9"	1450	"Lama5"	36	"HiG"
"HiG_9"	0	"Socs2"	363	"HiG"
"HiG_9"	0	"Ptafr"	363	"HiG"
"HiG_9"	719	"Arl4c"	95	"HiG"
"HiG_9"	2	"Dok3"	275	"HiG"
"HiG_9"	602	"Rab3d"	107	"HiG"
"HiG_9"	32	"Prdx5"	233	"HiG"
"HiG_9"	0	"Cystm1"	363	"HiG"
"HiG_9"	1083	"Thy1"	57	"HiG"
"HiG_9"	1104	"Cd55"	53	"HiG"
"HiG_9"	0	"Thumpd1"	363	"HiG"
"HiG_9"	0	"Golim4"	363	"HiG"
"HiG_9"	0	"Zc3h7b"	363	"HiG"
"HiG_9"	363	"Nt5e"	148	"HiG"
"HiG_9"	0	"Unc13d"	363	"HiG"
"HiG_9"	0	"Parvb"	363	"HiG"
"HiG_9"	407	"Dnase2b"	131	"HiG"
"HiG_9"	0	"Slc31a2"	363	"HiG"
"HiG_9"	0	"Hao1"	363	"HiG"
"HiG_9"	0	"Jazf1"	363	"HiG"
"HiG_9"	924	"Cd274"	68.5	"HiG"
"HiG_9"	0	"Msi2"	363	"HiG"
"HiG_9"	143	"Cdk18"	186	"HiG"
"HiG_9"	0	"Antxr2"	363	"HiG"
"HiG_9"	0	"Xpc"	363	"HiG"
"HiG_9"	489	"Havcr2"	115	"HiG"
"HiG_9"	0	"Gpsm3"	363	"HiG"
"HiG_9"	1828	"C3ar1"	27	"HiG"
"HiG_9"	111	"Gda"	192	"HiG"
"HiG_9"	0	"Tnfsf12"	363	"HiG"
"HiG_9"	62	"Slc7a11"	213	"HiG"
"HiG_9"	416	"Creb3l1"	129	"HiG"
"HiG_9"	406	"Abhd5"	135.5	"HiG"
"HiG_9"	0	"Maob"	363	"HiG"
"HiG_9"	0	"Agpat2"	363	"HiG"
"HiG_9"	406	"Mtap"	135.5	"HiG"
"HiG_9"	0	"Mdfic"	363	"HiG"
"HiG_9"	0	"G0s2"	363	"HiG"
"HiG_9"	266	"Gmfg"	163	"HiG"
"HiG_9"	441	"Itga2b"	124	"HiG"
"HiG_9"	1384	"Adgre5"	41	"HiG"
"HiG_9"	3	"Ctsc"	271	"HiG"
"HiG_9"	0	"Rassf3"	363	"HiG"
"HiG_9"	667	"Igfbp4"	103	"HiG"
"HiG_9"	399	"Gns"	142	"HiG"
"HiG_9"	0	"Lztfl1"	363	"HiG"
"HiG_9"	0	"Papss2"	363	"HiG"
"HiG_9"	0	"Myo1f"	363	"HiG"
"HiG_9"	4	"Fam136a"	266.5	"HiG"
"HiG_9"	12	"Spint2"	251	"HiG"
"HiG_9"	406	"Aqp9"	135.5	"HiG"
"HiG_9"	980	"Capg"	64	"HiG"
"HiG_9"	2	"Entpd5"	275	"HiG"
"HiG_9"	44	"Cd69"	224	"HiG"
"HiG_9"	381	"Ptger3"	146	"HiG"
"HiG_9"	729	"Ccl4"	94	"HiG"
"HiG_9"	0	"Nabp1"	363	"HiG"
"HiG_9"	0	"Ypel3"	363	"HiG"
"HiG_9"	0	"Bfsp2"	363	"HiG"
"HiG_9"	0	"Pcmtd2"	363	"HiG"
"HiG_9"	55	"Pim2"	216	"HiG"
"HiG_9"	0	"Inpp4b"	363	"HiG"
"HiG_9"	147	"Neil3"	185	"HiG"
"HiG_9"	0	"Fam216a"	363	"HiG"
"HiG_9"	16	"Tmed3"	243	"HiG"
"HiG_9"	0	"Oaf"	363	"HiG"
"HiG_9"	0	"Rbms3"	363	"HiG"
"HiG_9"	198	"Slc39a10"	172.5	"HiG"
"HiG_9"	0	"Lrp12"	363	"HiG"
"HiG_9"	847	"Rnf149"	78	"HiG"
"HiG_9"	0	"Mgll"	363	"HiG"
"HiG_9"	0	"Ndst1"	363	"HiG"
"HiG_9"	434	"Hal"	126	"HiG"
"HiG_9"	603	"Hsd11b1"	106	"HiG"
"HiG_9"	0	"Sema4c"	363	"HiG"
"HiG_9"	199	"Far2"	171	"HiG"
"HiG_9"	1472	"Myadm"	35	"HiG"
"HiG_9"	2876	"Timp2"	17	"HiG"
"HiG_9"	178	"Stk17b"	178	"HiG"
"HiG_9"	0	"P2ry14"	363	"HiG"
"HiG_9"	406	"Scin"	135.5	"HiG"
"HiG_9"	8249	"Ccr1"	2	"HiG"
"HiG_9"	0	"Alox15"	363	"HiG"
"HiG_9"	88	"Ptprg"	200.5	"HiG"
"HiG_9"	0	"Gpr137b"	363	"HiG"
"HiG_9"	0	"Epx"	363	"HiG"
"HiG_9"	152	"Hs6st2"	184	"HiG"
"HiG_9"	0	"Gcnt1"	363	"HiG"
"HiG_9"	1279	"Sorl1"	47	"HiG"
"HiG_9"	0	"Hvcn1"	363	"HiG"
"HiG_9"	2	"Nceh1"	275	"HiG"
"HiG_9"	0	"Tcp11l2"	363	"HiG"
"HiG_9"	0	"Rmi2"	363	"HiG"
"HiG_9"	8	"Adam8"	259.5	"HiG"
"HiG_9"	387	"Sh3pxd2b"	145	"HiG"
"HiG_9"	0	"Bex4"	363	"HiG"
"HiG_9"	0	"Paqr7"	363	"HiG"
"HiG_9"	9	"Stk10"	257	"HiG"
"HiG_9"	0	"Frmd4b"	363	"HiG"
"HiG_9"	0	"Mboat1"	363	"HiG"
"HiG_9"	1	"Neu1"	278	"HiG"
"HiG_9"	0	"Tbc1d8"	363	"HiG"
"HiG_9"	33	"Ptgr1"	232	"HiG"
"HiG_9"	9	"Osbpl5"	257	"HiG"
"HiG_9"	0	"Pnpla7"	363	"HiG"
"HiG_9"	0	"Cd300lb"	363	"HiG"
"HiG_9"	0	"P2rx1"	363	"HiG"
"HiG_9"	71	"C5ar2"	209	"HiG"
"HiG_9"	0	"Muc20"	363	"HiG"
"HiG_9"	0	"Flrt3"	363	"HiG"
"HiG_9"	3	"Lipg"	271	"HiG"
"HiG_9"	0	"Nrip3"	363	"HiG"
"HiG_9"	0	"Serpinb2"	363	"HiG"
"HiG_9"	0	"B4galnt4"	363	"HiG"
"HiG_9"	0	"Spata13"	363	"HiG"
"HiG_9"	221	"Rbpms2"	169	"HiG"
"HiG_9"	0	"Tmx4"	363	"HiG"
"HiG_9"	463	"Clec4e"	119.5	"HiG"
"HiG_9"	90	"Tpsb2"	198	"HiG"
"HiG_9"	688	"Hgfac"	99	"HiG"
"HiG_9"	3	"Rnmt"	271	"HiG"
"HiG_9"	22	"Igsf6"	237	"HiG"
"HiG_9"	1813	"P2ry1"	28	"HiG"
"HiG_9"	766	"Tor3a"	87	"HiG"
"HiG_9"	0	"Gimap1"	363	"HiG"
"HiG_9"	0	"Rasgrp4"	363	"HiG"
"HiG_9"	0	"Perp"	363	"HiG"
"HiG_9"	78	"Ptprcap"	204	"HiG"
"HiG_9"	257	"Anpep"	164.5	"HiG"
"HiG_9"	0	"Rnase12"	363	"HiG"
"HiG_9"	0	"Cd300lf"	363	"HiG"
"HiG_9"	0	"Grina"	363	"HiG"
"HiG_9"	0	"Tmtc2"	363	"HiG"
"HiG_9"	0	"Kdm7a"	363	"HiG"
"HiG_9"	0	"Slc23a2"	363	"HiG"
"HiG_9"	0	"Wdr36"	363	"HiG"
"HiG_9"	406	"Lipa"	135.5	"HiG"
"HiG_9"	0	"Plin2"	363	"HiG"
"HiG_9"	4	"Slc7a8"	266.5	"HiG"
"HiG_9"	0	"Pdzd4"	363	"HiG"
"HiG_9"	0	"Cdh17"	363	"HiG"
"HiG_9"	810	"Pdcd1lg2"	84	"HiG"
"HiG_9"	439	"Nkg7"	125	"HiG"
"HiG_9"	269	"Ms4a3"	162	"HiG"
"HiG_9"	0	"Slc41a3"	363	"HiG"
"HiG_9"	1	"Slc18a2"	278	"HiG"
"HiG_9"	0	"Syce2"	363	"HiG"
"HiG_9"	0	"Man1c1"	363	"HiG"
"HiG_9"	0	"Pi16"	363	"HiG"
"HiG_9"	63	"Slpi"	212	"HiG"
"HiG_9"	7	"Slc41a2"	262	"HiG"
"HiG_9"	0	"Msra"	363	"HiG"
"HiG_9"	0	"Bri3"	363	"HiG"
"HiG_9"	0	"Plpp5"	363	"HiG"
"HiG_9"	0	"Tmem71"	363	"HiG"
"HiG_9"	0	"Clec4d"	363	"HiG"
"HiG_9"	0	"Il13"	363	"HiG"
"HiG_9"	54	"Cpa3"	218	"HiG"
"HiG_9"	811	"Npr2"	83	"HiG"
"HiG_9"	106	"Zfp36"	194	"HiG"
"HiG_9"	54	"Ccr2"	218	"HiG"
"HiG_9"	0	"Padi2"	363	"HiG"
"HiG_9"	0	"Lst1"	363	"HiG"
"HiG_9"	0	"Rasgrp2"	363	"HiG"
"HiG_9"	1213	"Rab38"	50	"HiG"
"HiG_9"	0	"Hdc"	363	"HiG"
"HiG_9"	0	"Acod1"	363	"HiG"
"HiG_9"	0	"Gpr34"	363	"HiG"
"HiG_9"	0	"Tmem154"	363	"HiG"
"HiG_9"	0	"Rnase4"	363	"HiG"
"HiG_9"	170	"Tgfa"	179	"HiG"
"HiG_9"	0	"Slc24a3"	363	"HiG"
"HiG_9"	54	"Mmp8"	218	"HiG"
"HiG_9"	4	"Wipi1"	266.5	"HiG"
"HiG_9"	0	"Samd9l"	363	"HiG"
"HiG_9"	0	"Rasa4"	363	"HiG"
"HiG_9"	0	"Sgsm2"	363	"HiG"
"HiG_9"	0	"Slc22a3"	363	"HiG"
"HiG_9"	0	"Tcn2"	363	"HiG"
"HiG_9"	0	"Gpr171"	363	"HiG"
"HiG_9"	56	"F2rl2"	215	"HiG"
"HiG_9"	0	"Pglyrp1"	363	"HiG"
"HiG_9"	0	"Grm6"	363	"HiG"
"HiG_9"	0	"Sytl3"	363	"HiG"
"HiG_9"	137	"Vegfc"	187	"HiG"
"HiG_9"	13	"Adgre1"	249.5	"HiG"
"HiG_9"	0	"Gpr68"	363	"HiG"
"HiG_9"	0	"Crisp1"	363	"HiG"
"HiG_9"	0	"Gpr174"	363	"HiG"
"HiG_9"	0	"Vsir"	363	"HiG"
"HiG_9"	0	"Smpdl3a"	363	"HiG"
"HiG_9"	0	"Tpsg1"	363	"HiG"
"HiG_9"	0	"Trpm2"	363	"HiG"
"HiG_9"	0	"Tmem40"	363	"HiG"
"HiG_9"	0	"Tmem64"	363	"HiG"
"HiG_9"	0	"Zfp36l1"	363	"HiG"
"HiG_9"	0	"Tspan13"	363	"HiG"
"HiG_9"	0	"Ydjc"	363	"HiG"
"HiG_9"	0	"Sucnr1"	363	"HiG"
"HiG_9"	0	"Hacd4"	363	"HiG"
"HiG_12"	2057	"App"	1	"HiG"
"HiG_12"	136	"Il6st"	35	"HiG"
"HiG_12"	0	"Id2"	101.5	"HiG"
"HiG_12"	1506	"Traf1"	2	"HiG"
"HiG_12"	0	"Btg1"	101.5	"HiG"
"HiG_12"	229	"Satb1"	25	"HiG"
"HiG_12"	392	"Actn1"	14	"HiG"
"HiG_12"	243	"Isg15"	24	"HiG"
"HiG_12"	113	"Fth1"	42	"HiG"
"HiG_12"	113	"Nrip1"	42	"HiG"
"HiG_12"	332	"Sirpa"	16	"HiG"
"HiG_12"	144	"Ncf1"	31	"HiG"
"HiG_12"	53	"Cdk6"	53	"HiG"
"HiG_12"	560	"Cd40"	8	"HiG"
"HiG_12"	274	"Fscn1"	21	"HiG"
"HiG_12"	0	"Ddt"	101.5	"HiG"
"HiG_12"	69	"Sh3bp4"	49.5	"HiG"
"HiG_12"	0	"Fabp5"	101.5	"HiG"
"HiG_12"	62	"Ccnd1"	51	"HiG"
"HiG_12"	1271	"Fyn"	3	"HiG"
"HiG_12"	0	"Lad1"	101.5	"HiG"
"HiG_12"	579	"Tnfrsf1b"	7	"HiG"
"HiG_12"	0	"Ramp3"	101.5	"HiG"
"HiG_12"	774	"Ccl5"	6	"HiG"
"HiG_12"	4	"Fchsd2"	68.5	"HiG"
"HiG_12"	405	"Ahnak"	13	"HiG"
"HiG_12"	6	"Cd200"	66.5	"HiG"
"HiG_12"	4	"Ciita"	68.5	"HiG"
"HiG_12"	213	"Cd74"	26	"HiG"
"HiG_12"	14	"S100a6"	61	"HiG"
"HiG_12"	0	"Dtx3l"	101.5	"HiG"
"HiG_12"	293	"Ppia"	18	"HiG"
"HiG_12"	0	"Mxd1"	101.5	"HiG"
"HiG_12"	362	"Anxa6"	15	"HiG"
"HiG_12"	253	"Cd48"	23	"HiG"
"HiG_12"	84	"Gbp2"	47	"HiG"
"HiG_12"	113	"Pmaip1"	42	"HiG"
"HiG_12"	23	"Rgs1"	59	"HiG"
"HiG_12"	48	"Anxa3"	54	"HiG"
"HiG_12"	12	"Gpr183"	62.5	"HiG"
"HiG_12"	154	"Rras2"	30	"HiG"
"HiG_12"	21	"S100a4"	60	"HiG"
"HiG_12"	169	"Serpinb9"	29	"HiG"
"HiG_12"	841	"Csf2rb"	5	"HiG"
"HiG_12"	290	"Axl"	19	"HiG"
"HiG_12"	306	"Flt3"	17	"HiG"
"HiG_12"	142	"Cyba"	32	"HiG"
"HiG_12"	0	"Spib"	101.5	"HiG"
"HiG_12"	0	"Tnfrsf11a"	101.5	"HiG"
"HiG_12"	179	"Ctss"	28	"HiG"
"HiG_12"	60	"Tnfrsf9"	52	"HiG"
"HiG_12"	0	"Tnfrsf4"	101.5	"HiG"
"HiG_12"	139	"Tnfaip3"	33	"HiG"
"HiG_12"	0	"Ccl22"	101.5	"HiG"
"HiG_12"	0	"Marcks"	101.5	"HiG"
"HiG_12"	42	"Dusp1"	57	"HiG"
"HiG_12"	0	"Helz2"	101.5	"HiG"
"HiG_12"	954	"Prnp"	4	"HiG"
"HiG_12"	0	"Cttnbp2nl"	101.5	"HiG"
"HiG_12"	0	"Nr4a3"	101.5	"HiG"
"HiG_12"	0	"Ccl17"	101.5	"HiG"
"HiG_12"	549	"Lgals3"	9	"HiG"
"HiG_12"	406	"Tyrobp"	12	"HiG"
"HiG_12"	278	"Irf8"	20	"HiG"
"HiG_12"	0	"Acadm"	101.5	"HiG"
"HiG_12"	0	"Anxa4"	101.5	"HiG"
"HiG_12"	0	"Cnn3"	101.5	"HiG"
"HiG_12"	47	"Tcf4"	55	"HiG"
"HiG_12"	113	"Mfge8"	42	"HiG"
"HiG_12"	0	"Nrp2"	101.5	"HiG"
"HiG_12"	446	"Tubb2a"	11	"HiG"
"HiG_12"	0	"Hmgn3"	101.5	"HiG"
"HiG_12"	0	"Sh3bp5"	101.5	"HiG"
"HiG_12"	0	"Tbc1d4"	101.5	"HiG"
"HiG_12"	0	"Gpnmb"	101.5	"HiG"
"HiG_12"	0	"Cxcl16"	101.5	"HiG"
"HiG_12"	113	"Cnn2"	42	"HiG"
"HiG_12"	0	"Rcl1"	101.5	"HiG"
"HiG_12"	0	"Tnip3"	101.5	"HiG"
"HiG_12"	0	"Htr7"	101.5	"HiG"
"HiG_12"	0	"Cacnb3"	101.5	"HiG"
"HiG_12"	12	"Cd52"	62.5	"HiG"
"HiG_12"	0	"Socs2"	101.5	"HiG"
"HiG_12"	512	"Arl4c"	10	"HiG"
"HiG_12"	138	"Cybb"	34	"HiG"
"HiG_12"	116	"Dpp4"	38	"HiG"
"HiG_12"	0	"Plk2"	101.5	"HiG"
"HiG_12"	9	"Lsp1"	65	"HiG"
"HiG_12"	0	"Marcksl1"	101.5	"HiG"
"HiG_12"	0	"Tnfaip2"	101.5	"HiG"
"HiG_12"	0	"Tmem176a"	101.5	"HiG"
"HiG_12"	271	"Cd274"	22	"HiG"
"HiG_12"	191	"Il2ra"	27	"HiG"
"HiG_12"	45	"Slamf7"	56	"HiG"
"HiG_12"	0	"B3gnt5"	101.5	"HiG"
"HiG_12"	103	"Cd83"	46	"HiG"
"HiG_12"	0	"Mdfic"	101.5	"HiG"
"HiG_12"	6	"Ctsh"	66.5	"HiG"
"HiG_12"	0	"Rassf3"	101.5	"HiG"
"HiG_12"	0	"Ncoa7"	101.5	"HiG"
"HiG_12"	0	"Lgmn"	101.5	"HiG"
"HiG_12"	0	"Pde4b"	101.5	"HiG"
"HiG_12"	0	"Spint2"	101.5	"HiG"
"HiG_12"	0	"Nabp1"	101.5	"HiG"
"HiG_12"	0	"Ndrg4"	101.5	"HiG"
"HiG_12"	0	"Rogdi"	101.5	"HiG"
"HiG_12"	0	"Nrg1"	101.5	"HiG"
"HiG_12"	0	"Myadm"	101.5	"HiG"
"HiG_12"	0	"Gpr137b"	101.5	"HiG"
"HiG_12"	0	"Slc30a4"	101.5	"HiG"
"HiG_12"	0	"Hvcn1"	101.5	"HiG"
"HiG_12"	0	"Mreg"	101.5	"HiG"
"HiG_12"	0	"Adam8"	101.5	"HiG"
"HiG_12"	113	"Tbc1d8"	42	"HiG"
"HiG_12"	69	"Ccr7"	49.5	"HiG"
"HiG_12"	0	"Pxdc1"	101.5	"HiG"
"HiG_12"	0	"Flrt3"	101.5	"HiG"
"HiG_12"	0	"Snn"	101.5	"HiG"
"HiG_12"	0	"Stxbp6"	101.5	"HiG"
"HiG_12"	0	"Esam"	101.5	"HiG"
"HiG_12"	0	"Sema6d"	101.5	"HiG"
"HiG_12"	0	"Ddhd1"	101.5	"HiG"
"HiG_12"	0	"Tmcc3"	101.5	"HiG"
"HiG_12"	78	"Pdcd1lg2"	48	"HiG"
"HiG_12"	0	"Il4i1"	101.5	"HiG"
"HiG_12"	121	"Zfp36"	37	"HiG"
"HiG_12"	131	"Ly86"	36	"HiG"
"HiG_12"	0	"Plxnc1"	101.5	"HiG"
"HiG_12"	0	"Pla1a"	101.5	"HiG"
"HiG_12"	0	"Rasa4"	101.5	"HiG"
"HiG_12"	113	"Tmem176b"	42	"HiG"
"HiG_12"	27	"Gpr65"	58	"HiG"
"HiG_12"	10	"Zfp36l1"	64	"HiG"
"HiG_6"	1227	"Gata2"	57.5	"HiG"
"HiG_6"	0	"Gadd45a"	401.5	"HiG"
"HiG_6"	17	"Egr1"	265.5	"HiG"
"HiG_6"	4130	"Daxx"	17	"HiG"
"HiG_6"	2651	"Bcl2"	26	"HiG"
"HiG_6"	1932	"Itgb2"	42	"HiG"
"HiG_6"	3036	"Cdh1"	23	"HiG"
"HiG_6"	248	"Gata1"	181	"HiG"
"HiG_6"	324	"Id2"	164	"HiG"
"HiG_6"	439	"Bmpr1a"	152	"HiG"
"HiG_6"	0	"Plcb2"	401.5	"HiG"
"HiG_6"	869	"Rara"	90	"HiG"
"HiG_6"	108	"Gfi1"	209	"HiG"
"HiG_6"	1055	"Slc29a1"	68	"HiG"
"HiG_6"	0	"Dctd"	401.5	"HiG"
"HiG_6"	899	"Lzts2"	84	"HiG"
"HiG_6"	0	"Agtrap"	401.5	"HiG"
"HiG_6"	0	"Dctpp1"	401.5	"HiG"
"HiG_6"	0	"Acy1"	401.5	"HiG"
"HiG_6"	308	"Srpk2"	167	"HiG"
"HiG_6"	44	"Mad1l1"	235	"HiG"
"HiG_6"	450	"Satb1"	149	"HiG"
"HiG_6"	409	"Gem"	155	"HiG"
"HiG_6"	0	"Dach1"	401.5	"HiG"
"HiG_6"	0	"Sat1"	401.5	"HiG"
"HiG_6"	0	"Cbx2"	401.5	"HiG"
"HiG_6"	562	"Nme4"	111	"HiG"
"HiG_6"	0	"Hook1"	401.5	"HiG"
"HiG_6"	0	"Sdsl"	401.5	"HiG"
"HiG_6"	78	"Dusp6"	217	"HiG"
"HiG_6"	1188	"Fth1"	60	"HiG"
"HiG_6"	304	"Nrip1"	168	"HiG"
"HiG_6"	496	"Vasp"	123	"HiG"
"HiG_6"	0	"Bnip3"	401.5	"HiG"
"HiG_6"	0	"Sirpa"	401.5	"HiG"
"HiG_6"	0	"Plac8"	401.5	"HiG"
"HiG_6"	0	"Eif1ad"	401.5	"HiG"
"HiG_6"	544	"Trip6"	116	"HiG"
"HiG_6"	547	"Gemin6"	115	"HiG"
"HiG_6"	10	"Ncf1"	272.5	"HiG"
"HiG_6"	5444	"Pml"	9	"HiG"
"HiG_6"	0	"Raph1"	401.5	"HiG"
"HiG_6"	460	"Btg2"	140.5	"HiG"
"HiG_6"	817	"Atad3a"	93	"HiG"
"HiG_6"	963	"Cdk6"	78	"HiG"
"HiG_6"	311	"Dstn"	166	"HiG"
"HiG_6"	472	"Lyar"	125.5	"HiG"
"HiG_6"	2506	"S100a9"	27	"HiG"
"HiG_6"	0	"Bag2"	401.5	"HiG"
"HiG_6"	463	"Bzw2"	133	"HiG"
"HiG_6"	46	"Plod2"	232.5	"HiG"
"HiG_6"	460	"Stom"	140.5	"HiG"
"HiG_6"	153	"Afap1l1"	197	"HiG"
"HiG_6"	0	"Osgep"	401.5	"HiG"
"HiG_6"	935	"Anxa1"	81	"HiG"
"HiG_6"	224	"Nolc1"	186.5	"HiG"
"HiG_6"	5137	"Fbl"	10	"HiG"
"HiG_6"	0	"Ddt"	401.5	"HiG"
"HiG_6"	933	"S100a8"	82	"HiG"
"HiG_6"	2327	"Prmt1"	35	"HiG"
"HiG_6"	0	"Psph"	401.5	"HiG"
"HiG_6"	1169	"Pa2g4"	61.5	"HiG"
"HiG_6"	4360	"Lgals3bp"	14	"HiG"
"HiG_6"	3330	"Ddx21"	21	"HiG"
"HiG_6"	42853	"Myc"	1	"HiG"
"HiG_6"	890	"Msh6"	86	"HiG"
"HiG_6"	4079	"Mybbp1a"	18	"HiG"
"HiG_6"	0	"Fabp5"	401.5	"HiG"
"HiG_6"	19	"Med21"	263	"HiG"
"HiG_6"	539	"Mapk3"	117	"HiG"
"HiG_6"	7433	"Cebpa"	4	"HiG"
"HiG_6"	15152	"Fyn"	2	"HiG"
"HiG_6"	0	"Cd82"	401.5	"HiG"
"HiG_6"	269	"Tnfrsf1b"	175.5	"HiG"
"HiG_6"	466	"Prkcb"	131	"HiG"
"HiG_6"	1277	"Myb"	51	"HiG"
"HiG_6"	460	"Exosc2"	140.5	"HiG"
"HiG_6"	146	"Dnmt3b"	199	"HiG"
"HiG_6"	147	"Cxcr2"	198	"HiG"
"HiG_6"	2432	"Hsph1"	29	"HiG"
"HiG_6"	6	"Gabbr1"	286	"HiG"
"HiG_6"	0	"Rnf128"	401.5	"HiG"
"HiG_6"	5	"Ncs1"	291	"HiG"
"HiG_6"	23	"Atp1b1"	259	"HiG"
"HiG_6"	70	"Klf5"	220.5	"HiG"
"HiG_6"	520	"Il6"	120	"HiG"
"HiG_6"	26	"Arhgef18"	255	"HiG"
"HiG_6"	28	"Cstb"	254	"HiG"
"HiG_6"	883	"Itgam"	88	"HiG"
"HiG_6"	1015	"Cd84"	72	"HiG"
"HiG_6"	364	"Lrpap1"	158	"HiG"
"HiG_6"	7	"Atf5"	281.5	"HiG"
"HiG_6"	0	"Gca"	401.5	"HiG"
"HiG_6"	5910	"Gja1"	7	"HiG"
"HiG_6"	70	"Numb"	220.5	"HiG"
"HiG_6"	0	"E2f2"	401.5	"HiG"
"HiG_6"	0	"S100a6"	401.5	"HiG"
"HiG_6"	1463	"Ets1"	49	"HiG"
"HiG_6"	36	"Hipk1"	244	"HiG"
"HiG_6"	3736	"Ppia"	20	"HiG"
"HiG_6"	980	"Nfix"	75.5	"HiG"
"HiG_6"	130	"Lif"	201	"HiG"
"HiG_6"	433	"Gatad2b"	153	"HiG"
"HiG_6"	2764	"Kat2a"	25	"HiG"
"HiG_6"	0	"Klf1"	401.5	"HiG"
"HiG_6"	240	"Mxd1"	184	"HiG"
"HiG_6"	0	"Ikzf2"	401.5	"HiG"
"HiG_6"	986	"Srpk1"	74	"HiG"
"HiG_6"	449	"Pdk1"	150	"HiG"
"HiG_6"	79	"Anxa6"	215.5	"HiG"
"HiG_6"	2490	"Cd48"	28	"HiG"
"HiG_6"	2420	"Dkc1"	30	"HiG"
"HiG_6"	467	"Pmaip1"	129.5	"HiG"
"HiG_6"	4364	"Prg2"	13	"HiG"
"HiG_6"	249	"Rgs1"	180	"HiG"
"HiG_6"	460	"Lamc1"	140.5	"HiG"
"HiG_6"	22	"Sh2d3c"	261	"HiG"
"HiG_6"	10	"Anxa3"	272.5	"HiG"
"HiG_6"	0	"Tinagl1"	401.5	"HiG"
"HiG_6"	10	"Mllt3"	272.5	"HiG"
"HiG_6"	0	"Hip1"	401.5	"HiG"
"HiG_6"	925	"Pno1"	83	"HiG"
"HiG_6"	678	"Ephb6"	102	"HiG"
"HiG_6"	4240	"Csf2rb"	15	"HiG"
"HiG_6"	331	"F2r"	163	"HiG"
"HiG_6"	0	"Agps"	401.5	"HiG"
"HiG_6"	2175	"Hgf"	38	"HiG"
"HiG_6"	41	"Erg"	240	"HiG"
"HiG_6"	460	"Csrp3"	140.5	"HiG"
"HiG_6"	0	"Nefh"	401.5	"HiG"
"HiG_6"	1	"Csf1"	304	"HiG"
"HiG_6"	1	"Cacna1a"	304	"HiG"
"HiG_6"	1561	"Itgb3"	45	"HiG"
"HiG_6"	273	"Gar1"	174	"HiG"
"HiG_6"	1027	"Elane"	71	"HiG"
"HiG_6"	2168	"Cxcr4"	39	"HiG"
"HiG_6"	1043	"Lat"	69	"HiG"
"HiG_6"	3223	"Ccl3"	22	"HiG"
"HiG_6"	1263	"Socs1"	52	"HiG"
"HiG_6"	537	"Nrp1"	118	"HiG"
"HiG_6"	6503	"Apex1"	6	"HiG"
"HiG_6"	812	"Tjp1"	94	"HiG"
"HiG_6"	334	"Cyba"	162	"HiG"
"HiG_6"	2370	"Ssbp1"	32	"HiG"
"HiG_6"	232	"Ssbp2"	185	"HiG"
"HiG_6"	0	"Ssbp3"	401.5	"HiG"
"HiG_6"	117	"Rcc1"	206	"HiG"
"HiG_6"	1341	"Igfbp7"	50	"HiG"
"HiG_6"	0	"Meis1"	401.5	"HiG"
"HiG_6"	0	"Cyp11a1"	401.5	"HiG"
"HiG_6"	0	"Clybl"	401.5	"HiG"
"HiG_6"	725	"Noc2l"	99	"HiG"
"HiG_6"	0	"Podxl"	401.5	"HiG"
"HiG_6"	1	"Cebpe"	304	"HiG"
"HiG_6"	2	"Cd34"	298.5	"HiG"
"HiG_6"	0	"Rab27b"	401.5	"HiG"
"HiG_6"	2266	"Fcer1g"	37	"HiG"
"HiG_6"	203	"Ms4a2"	192	"HiG"
"HiG_6"	8	"Nlgn2"	278	"HiG"
"HiG_6"	1144	"Rassf5"	65	"HiG"
"HiG_6"	32	"Glb1"	247	"HiG"
"HiG_6"	0	"Helz2"	401.5	"HiG"
"HiG_6"	281	"Adora2b"	173	"HiG"
"HiG_6"	126	"Cd33"	203	"HiG"
"HiG_6"	242	"Irf9"	182.5	"HiG"
"HiG_6"	0	"Stk26"	401.5	"HiG"
"HiG_6"	667	"Furin"	103	"HiG"
"HiG_6"	3	"Il4"	296	"HiG"
"HiG_6"	2384	"Cd244"	31	"HiG"
"HiG_6"	976	"Plaur"	77	"HiG"
"HiG_6"	781	"Ctsd"	97	"HiG"
"HiG_6"	52	"Rab33b"	228	"HiG"
"HiG_6"	303	"Pik3cb"	169	"HiG"
"HiG_6"	7	"Klf2"	281.5	"HiG"
"HiG_6"	0	"Mxi1"	401.5	"HiG"
"HiG_6"	6	"Tfpi"	286	"HiG"
"HiG_6"	638	"Tap1"	104	"HiG"
"HiG_6"	0	"Aldoc"	401.5	"HiG"
"HiG_6"	0	"Tpd52"	401.5	"HiG"
"HiG_6"	395	"Sell"	156	"HiG"
"HiG_6"	29	"Bace1"	252	"HiG"
"HiG_6"	2027	"Acta2"	41	"HiG"
"HiG_6"	121	"Itgb7"	204	"HiG"
"HiG_6"	0	"Il1rl1"	401.5	"HiG"
"HiG_6"	1683	"Gzmb"	44	"HiG"
"HiG_6"	1	"Slc6a9"	304	"HiG"
"HiG_6"	888	"Prtn3"	87	"HiG"
"HiG_6"	472	"Cebpd"	125.5	"HiG"
"HiG_6"	803	"Ctsg"	96	"HiG"
"HiG_6"	0	"Glrx"	401.5	"HiG"
"HiG_6"	219	"Gstm1"	189	"HiG"
"HiG_6"	2970	"Rhoj"	24	"HiG"
"HiG_6"	4135	"Lgals3"	16	"HiG"
"HiG_6"	102	"Cdkn3"	210	"HiG"
"HiG_6"	37	"Cd93"	242	"HiG"
"HiG_6"	1145	"Tyrobp"	64	"HiG"
"HiG_6"	0	"Hmox1"	401.5	"HiG"
"HiG_6"	0	"Jdp2"	401.5	"HiG"
"HiG_6"	250	"Spp1"	179	"HiG"
"HiG_6"	1	"Agl"	304	"HiG"
"HiG_6"	0	"Ctr9"	401.5	"HiG"
"HiG_6"	461	"Dkkl1"	135.5	"HiG"
"HiG_6"	13	"Acadm"	269.5	"HiG"
"HiG_6"	214	"Pygl"	190	"HiG"
"HiG_6"	202	"Suclg2"	193	"HiG"
"HiG_6"	4689	"Ckap4"	12	"HiG"
"HiG_6"	460	"Sun2"	140.5	"HiG"
"HiG_6"	2328	"Noc3l"	34	"HiG"
"HiG_6"	0	"Gpt2"	401.5	"HiG"
"HiG_6"	258	"Nudcd1"	177	"HiG"
"HiG_6"	1253	"Nop58"	53	"HiG"
"HiG_6"	0	"Padi4"	401.5	"HiG"
"HiG_6"	1521	"Socs3"	47	"HiG"
"HiG_6"	0	"Rassf4"	401.5	"HiG"
"HiG_6"	5	"Tecpr1"	291	"HiG"
"HiG_6"	467	"Farsb"	129.5	"HiG"
"HiG_6"	0	"Gas7"	401.5	"HiG"
"HiG_6"	9	"Tsc22d1"	275.5	"HiG"
"HiG_6"	1542	"Egln3"	46	"HiG"
"HiG_6"	18	"Wdr12"	264	"HiG"
"HiG_6"	53	"Sirt3"	227	"HiG"
"HiG_6"	0	"Fbxo27"	401.5	"HiG"
"HiG_6"	253	"Cnn3"	178	"HiG"
"HiG_6"	4917	"Tcf4"	11	"HiG"
"HiG_6"	0	"Cenpv"	401.5	"HiG"
"HiG_6"	5	"Nt5dc2"	291	"HiG"
"HiG_6"	1169	"Syne1"	61.5	"HiG"
"HiG_6"	0	"Mfge8"	401.5	"HiG"
"HiG_6"	549	"Adgrg1"	113	"HiG"
"HiG_6"	0	"Fry"	401.5	"HiG"
"HiG_6"	11990	"Nop56"	3	"HiG"
"HiG_6"	0	"Adgra3"	401.5	"HiG"
"HiG_6"	46	"Sox4"	232.5	"HiG"
"HiG_6"	1246	"Mycn"	54	"HiG"
"HiG_6"	0	"Abtb1"	401.5	"HiG"
"HiG_6"	3980	"Impdh2"	19	"HiG"
"HiG_6"	17	"Bst2"	265.5	"HiG"
"HiG_6"	23	"Hmgn3"	259	"HiG"
"HiG_6"	6603	"Cad"	5	"HiG"
"HiG_6"	1238	"Nop2"	55	"HiG"
"HiG_6"	0	"Plxdc2"	401.5	"HiG"
"HiG_6"	222	"Iqsec1"	188	"HiG"
"HiG_6"	0	"Alas1"	401.5	"HiG"
"HiG_6"	0	"Tcf19"	401.5	"HiG"
"HiG_6"	0	"Ppbp"	401.5	"HiG"
"HiG_6"	299	"Kcne3"	170	"HiG"
"HiG_6"	14	"Odc1"	268	"HiG"
"HiG_6"	1227	"Pld3"	57.5	"HiG"
"HiG_6"	454	"Ak4"	147	"HiG"
"HiG_6"	30	"Osm"	249	"HiG"
"HiG_6"	336	"Npm3"	161	"HiG"
"HiG_6"	2344	"Ptges3"	33	"HiG"
"HiG_6"	54	"Prmt3"	226	"HiG"
"HiG_6"	377	"Mpo"	157	"HiG"
"HiG_6"	455	"Cnp"	146	"HiG"
"HiG_6"	0	"Ift80"	401.5	"HiG"
"HiG_6"	1	"Tbc1d4"	304	"HiG"
"HiG_6"	0	"Bahcc1"	401.5	"HiG"
"HiG_6"	0	"Desi1"	401.5	"HiG"
"HiG_6"	464	"Creb3l2"	132	"HiG"
"HiG_6"	597	"Arsb"	108	"HiG"
"HiG_6"	0	"Cpox"	401.5	"HiG"
"HiG_6"	0	"Dmkn"	401.5	"HiG"
"HiG_6"	44	"Cpd"	235	"HiG"
"HiG_6"	0	"Cnn2"	401.5	"HiG"
"HiG_6"	48	"Nop14"	231	"HiG"
"HiG_6"	551	"Gart"	112	"HiG"
"HiG_6"	0	"Rcl1"	401.5	"HiG"
"HiG_6"	936	"Cluh"	80	"HiG"
"HiG_6"	0	"Rgcc"	401.5	"HiG"
"HiG_6"	1088	"Fcer1a"	67	"HiG"
"HiG_6"	0	"Tob1"	401.5	"HiG"
"HiG_6"	0	"Klhdc4"	401.5	"HiG"
"HiG_6"	8	"Srm"	278	"HiG"
"HiG_6"	3	"Palm"	296	"HiG"
"HiG_6"	461	"Ccpg1"	135.5	"HiG"
"HiG_6"	0	"Armcx2"	401.5	"HiG"
"HiG_6"	0	"Specc1"	401.5	"HiG"
"HiG_6"	351	"Cd52"	160	"HiG"
"HiG_6"	1213	"Lama5"	59	"HiG"
"HiG_6"	77	"Socs2"	218	"HiG"
"HiG_6"	112	"Adpgk"	207	"HiG"
"HiG_6"	354	"Pdia5"	159	"HiG"
"HiG_6"	0	"Ppic"	401.5	"HiG"
"HiG_6"	61	"Sort1"	223	"HiG"
"HiG_6"	469	"Egfl7"	127	"HiG"
"HiG_6"	1	"Dok3"	304	"HiG"
"HiG_6"	84	"Dpp4"	214	"HiG"
"HiG_6"	0	"Rab3d"	401.5	"HiG"
"HiG_6"	712	"Prdx5"	100	"HiG"
"HiG_6"	37	"Marcksl1"	242	"HiG"
"HiG_6"	0	"Cystm1"	401.5	"HiG"
"HiG_6"	704	"Thy1"	101	"HiG"
"HiG_6"	314	"Rangrf"	165	"HiG"
"HiG_6"	242	"Cd55"	182.5	"HiG"
"HiG_6"	30	"Thumpd1"	249	"HiG"
"HiG_6"	0	"Poc1a"	401.5	"HiG"
"HiG_6"	7	"Timm9"	281.5	"HiG"
"HiG_6"	43	"Nudt5"	238	"HiG"
"HiG_6"	0	"Golim4"	401.5	"HiG"
"HiG_6"	0	"Zc3h7b"	401.5	"HiG"
"HiG_6"	636	"Nt5e"	105	"HiG"
"HiG_6"	37	"Pus7"	242	"HiG"
"HiG_6"	0	"Unc13d"	401.5	"HiG"
"HiG_6"	0	"Parvb"	401.5	"HiG"
"HiG_6"	110	"Acsl1"	208	"HiG"
"HiG_6"	285	"Ppat"	172	"HiG"
"HiG_6"	0	"Msrb1"	401.5	"HiG"
"HiG_6"	836	"Cd274"	91	"HiG"
"HiG_6"	9	"Msi2"	275.5	"HiG"
"HiG_6"	453	"Cdk18"	148	"HiG"
"HiG_6"	0	"Antxr2"	401.5	"HiG"
"HiG_6"	480	"Xpc"	124	"HiG"
"HiG_6"	1102	"Havcr2"	66	"HiG"
"HiG_6"	1499	"Tubb3"	48	"HiG"
"HiG_6"	574	"Cd320"	109	"HiG"
"HiG_6"	0	"Gpsm3"	401.5	"HiG"
"HiG_6"	154	"C3ar1"	196	"HiG"
"HiG_6"	0	"Gda"	401.5	"HiG"
"HiG_6"	24	"Otulin"	256.5	"HiG"
"HiG_6"	0	"Slc7a11"	401.5	"HiG"
"HiG_6"	459	"Abhd5"	145	"HiG"
"HiG_6"	0	"Fkbp11"	401.5	"HiG"
"HiG_6"	512	"Dhrs7"	121.5	"HiG"
"HiG_6"	460	"Agpat2"	140.5	"HiG"
"HiG_6"	50	"Ffar2"	229.5	"HiG"
"HiG_6"	871	"Mtap"	89	"HiG"
"HiG_6"	0	"Gmfg"	401.5	"HiG"
"HiG_6"	896	"Itga2b"	85	"HiG"
"HiG_6"	24	"Adgre5"	256.5	"HiG"
"HiG_6"	946	"Ctsh"	79	"HiG"
"HiG_6"	13	"Ctsc"	269.5	"HiG"
"HiG_6"	5	"Mgst1"	291	"HiG"
"HiG_6"	5	"Ptgs1"	291	"HiG"
"HiG_6"	0	"Rassf3"	401.5	"HiG"
"HiG_6"	1164	"Igfbp4"	63	"HiG"
"HiG_6"	0	"Lztfl1"	401.5	"HiG"
"HiG_6"	0	"Ncoa7"	401.5	"HiG"
"HiG_6"	0	"Papss2"	401.5	"HiG"
"HiG_6"	29	"Serpine2"	252	"HiG"
"HiG_6"	462	"Tbc1d2"	134	"HiG"
"HiG_6"	79	"Myo1f"	215.5	"HiG"
"HiG_6"	0	"Fam136a"	401.5	"HiG"
"HiG_6"	206	"Spint2"	191	"HiG"
"HiG_6"	44	"Pcsk9"	235	"HiG"
"HiG_6"	0	"Aqp9"	401.5	"HiG"
"HiG_6"	0	"Entpd5"	401.5	"HiG"
"HiG_6"	763	"Cd69"	98	"HiG"
"HiG_6"	8	"Gpx3"	278	"HiG"
"HiG_6"	0	"Hdhd2"	401.5	"HiG"
"HiG_6"	1228	"Ptger3"	56	"HiG"
"HiG_6"	98	"Ccl4"	211	"HiG"
"HiG_6"	0	"Nabp1"	401.5	"HiG"
"HiG_6"	0	"Pcmtd2"	401.5	"HiG"
"HiG_6"	0	"Pim2"	401.5	"HiG"
"HiG_6"	0	"Inpp4b"	401.5	"HiG"
"HiG_6"	43	"Neil3"	238	"HiG"
"HiG_6"	0	"Fam216a"	401.5	"HiG"
"HiG_6"	804	"Tmed3"	95	"HiG"
"HiG_6"	0	"Oaf"	401.5	"HiG"
"HiG_6"	0	"Rbms3"	401.5	"HiG"
"HiG_6"	987	"Slc39a10"	73	"HiG"
"HiG_6"	0	"Lrp12"	401.5	"HiG"
"HiG_6"	2287	"Rnf149"	36	"HiG"
"HiG_6"	1042	"Tspan3"	70	"HiG"
"HiG_6"	95	"Mgll"	212	"HiG"
"HiG_6"	0	"Ndst1"	401.5	"HiG"
"HiG_6"	0	"Clec12a"	401.5	"HiG"
"HiG_6"	10	"Hsd11b1"	272.5	"HiG"
"HiG_6"	6	"Far2"	286	"HiG"
"HiG_6"	0	"Myadm"	401.5	"HiG"
"HiG_6"	71	"Stk17b"	219	"HiG"
"HiG_6"	0	"P2ry14"	401.5	"HiG"
"HiG_6"	567	"Prr11"	110	"HiG"
"HiG_6"	460	"Scin"	140.5	"HiG"
"HiG_6"	5748	"Ccr1"	8	"HiG"
"HiG_6"	0	"Gmpr"	401.5	"HiG"
"HiG_6"	0	"Epx"	401.5	"HiG"
"HiG_6"	0	"Emid1"	401.5	"HiG"
"HiG_6"	0	"Gcnt1"	401.5	"HiG"
"HiG_6"	137	"Sorl1"	200	"HiG"
"HiG_6"	0	"Hvcn1"	401.5	"HiG"
"HiG_6"	0	"Nceh1"	401.5	"HiG"
"HiG_6"	0	"Rmi2"	401.5	"HiG"
"HiG_6"	821	"Slc16a1"	92	"HiG"
"HiG_6"	980	"Mex3a"	75.5	"HiG"
"HiG_6"	50	"Adam8"	229.5	"HiG"
"HiG_6"	1752	"Sh3pxd2b"	43	"HiG"
"HiG_6"	0	"Bex4"	401.5	"HiG"
"HiG_6"	0	"Paqr7"	401.5	"HiG"
"HiG_6"	90	"Slc19a1"	213	"HiG"
"HiG_6"	0	"Tmem216"	401.5	"HiG"
"HiG_6"	548	"Stk10"	114	"HiG"
"HiG_6"	0	"Mboat1"	401.5	"HiG"
"HiG_6"	21	"Neu1"	262	"HiG"
"HiG_6"	0	"Dnajc6"	401.5	"HiG"
"HiG_6"	0	"Tbc1d8"	401.5	"HiG"
"HiG_6"	0	"Ptgr1"	401.5	"HiG"
"HiG_6"	0	"Muc13"	401.5	"HiG"
"HiG_6"	35	"Osbpl5"	245	"HiG"
"HiG_6"	0	"Sgms2"	401.5	"HiG"
"HiG_6"	0	"Pnpla7"	401.5	"HiG"
"HiG_6"	0	"Ndrg2"	401.5	"HiG"
"HiG_6"	0	"Cd300lb"	401.5	"HiG"
"HiG_6"	0	"P2rx1"	401.5	"HiG"
"HiG_6"	57	"Lipg"	224	"HiG"
"HiG_6"	468	"Prg3"	128	"HiG"
"HiG_6"	0	"Serpinb2"	401.5	"HiG"
"HiG_6"	0	"B4galnt4"	401.5	"HiG"
"HiG_6"	4	"Spata13"	294	"HiG"
"HiG_6"	0	"Rbpms2"	401.5	"HiG"
"HiG_6"	440	"Tmx4"	151	"HiG"
"HiG_6"	2089	"Clec4e"	40	"HiG"
"HiG_6"	0	"Gatm"	401.5	"HiG"
"HiG_6"	613	"Trib1"	107	"HiG"
"HiG_6"	0	"Rnmt"	401.5	"HiG"
"HiG_6"	0	"Gpr141"	401.5	"HiG"
"HiG_6"	33	"Igsf6"	246	"HiG"
"HiG_6"	6	"Isg20"	286	"HiG"
"HiG_6"	224	"Fgd4"	186.5	"HiG"
"HiG_6"	170	"P2ry1"	195	"HiG"
"HiG_6"	269	"Tor3a"	175.5	"HiG"
"HiG_6"	0	"Gimap1"	401.5	"HiG"
"HiG_6"	0	"Perp"	401.5	"HiG"
"HiG_6"	0	"Phtf2"	401.5	"HiG"
"HiG_6"	16	"Ptprcap"	267	"HiG"
"HiG_6"	0	"Rnase12"	401.5	"HiG"
"HiG_6"	0	"Grina"	401.5	"HiG"
"HiG_6"	175	"Slc30a2"	194	"HiG"
"HiG_6"	0	"Tmtc2"	401.5	"HiG"
"HiG_6"	0	"Kdm7a"	401.5	"HiG"
"HiG_6"	0	"Slc23a2"	401.5	"HiG"
"HiG_6"	426	"Wdr36"	154	"HiG"
"HiG_6"	0	"Lipa"	401.5	"HiG"
"HiG_6"	0	"Plin2"	401.5	"HiG"
"HiG_6"	1	"Ccdc125"	304	"HiG"
"HiG_6"	23	"Slc7a8"	259	"HiG"
"HiG_6"	295	"Pdcd1lg2"	171	"HiG"
"HiG_6"	522	"Nkg7"	119	"HiG"
"HiG_6"	2	"Ms4a3"	298.5	"HiG"
"HiG_6"	43	"Trib3"	238	"HiG"
"HiG_6"	68	"Slc41a3"	222	"HiG"
"HiG_6"	56	"Slc18a2"	225	"HiG"
"HiG_6"	0	"Dram1"	401.5	"HiG"
"HiG_6"	0	"Syce2"	401.5	"HiG"
"HiG_6"	0	"Man1c1"	401.5	"HiG"
"HiG_6"	0	"Slpi"	401.5	"HiG"
"HiG_6"	0	"Msra"	401.5	"HiG"
"HiG_6"	0	"Bri3"	401.5	"HiG"
"HiG_6"	0	"Plpp5"	401.5	"HiG"
"HiG_6"	0	"Tmem71"	401.5	"HiG"
"HiG_6"	0	"Sapcd1"	401.5	"HiG"
"HiG_6"	0	"Cpa3"	401.5	"HiG"
"HiG_6"	29	"Ccr2"	252	"HiG"
"HiG_6"	627	"Smo"	106	"HiG"
"HiG_6"	0	"Padi2"	401.5	"HiG"
"HiG_6"	118	"Olr1"	205	"HiG"
"HiG_6"	3	"Lst1"	296	"HiG"
"HiG_6"	0	"Rasgrp2"	401.5	"HiG"
"HiG_6"	512	"Rab38"	121.5	"HiG"
"HiG_6"	0	"Hdc"	401.5	"HiG"
"HiG_6"	6	"Gpr34"	286	"HiG"
"HiG_6"	0	"Mmp19"	401.5	"HiG"
"HiG_6"	0	"Rnase4"	401.5	"HiG"
"HiG_6"	7	"Slc24a3"	281.5	"HiG"
"HiG_6"	0	"Megf9"	401.5	"HiG"
"HiG_6"	1	"Mmp8"	304	"HiG"
"HiG_6"	0	"Wipi1"	401.5	"HiG"
"HiG_6"	0	"Tfr2"	401.5	"HiG"
"HiG_6"	0	"Samd9l"	401.5	"HiG"
"HiG_6"	0	"Pld4"	401.5	"HiG"
"HiG_6"	0	"Sgsm2"	401.5	"HiG"
"HiG_6"	0	"Slc45a3"	401.5	"HiG"
"HiG_6"	0	"Slc22a3"	401.5	"HiG"
"HiG_6"	0	"Tcn2"	401.5	"HiG"
"HiG_6"	0	"F2rl2"	401.5	"HiG"
"HiG_6"	0	"Tmem176b"	401.5	"HiG"
"HiG_6"	0	"Slco2b1"	401.5	"HiG"
"HiG_6"	0	"Spns2"	401.5	"HiG"
"HiG_6"	30	"Sh2d5"	249	"HiG"
"HiG_6"	0	"Cmpk2"	401.5	"HiG"
"HiG_6"	0	"Adgre1"	401.5	"HiG"
"HiG_6"	128	"Prss57"	202	"HiG"
"HiG_6"	0	"Vsir"	401.5	"HiG"
"HiG_6"	0	"Smpdl3a"	401.5	"HiG"
"HiG_6"	0	"Trpm2"	401.5	"HiG"
"HiG_6"	0	"Tmem40"	401.5	"HiG"
"HiG_6"	0	"Tmem64"	401.5	"HiG"
"HiG_6"	0	"Zmpste24"	401.5	"HiG"
"HiG_6"	0	"Tspan13"	401.5	"HiG"
"HiG_6"	0	"Ydjc"	401.5	"HiG"
"HiG_6"	0	"Zdhhc8"	401.5	"HiG"
"HiG_6"	0	"Hacd4"	401.5	"HiG"
"HiG_6"	0	"Samd14"	401.5	"HiG"
"HiG_4"	128	"Gata2"	190	"HiG"
"HiG_4"	5	"Gadd45a"	252.5	"HiG"
"HiG_4"	137	"Egr1"	185	"HiG"
"HiG_4"	524	"Daxx"	103	"HiG"
"HiG_4"	5441	"Bcl2"	10	"HiG"
"HiG_4"	11149	"Snca"	3	"HiG"
"HiG_4"	564	"Itgb2"	100	"HiG"
"HiG_4"	0	"Ank1"	374.5	"HiG"
"HiG_4"	360	"Gata1"	155.5	"HiG"
"HiG_4"	14	"Gadd45g"	231.5	"HiG"
"HiG_4"	1314	"Slc29a1"	51	"HiG"
"HiG_4"	0	"Dctd"	374.5	"HiG"
"HiG_4"	496	"Lzts2"	108	"HiG"
"HiG_4"	0	"Dctpp1"	374.5	"HiG"
"HiG_4"	0	"Acy1"	374.5	"HiG"
"HiG_4"	895	"Srpk2"	65	"HiG"
"HiG_4"	433	"Mad1l1"	134.5	"HiG"
"HiG_4"	865	"Stx11"	70	"HiG"
"HiG_4"	215	"Dach1"	174	"HiG"
"HiG_4"	0	"Phlda1"	374.5	"HiG"
"HiG_4"	0	"Sat1"	374.5	"HiG"
"HiG_4"	747	"Aqp1"	82.5	"HiG"
"HiG_4"	360	"Nme4"	155.5	"HiG"
"HiG_4"	1673	"Isg15"	38	"HiG"
"HiG_4"	0	"Hook1"	374.5	"HiG"
"HiG_4"	0	"Sdsl"	374.5	"HiG"
"HiG_4"	10	"Dusp6"	240.5	"HiG"
"HiG_4"	0	"Fth1"	374.5	"HiG"
"HiG_4"	25	"Nrip1"	216	"HiG"
"HiG_4"	1418	"Vasp"	45	"HiG"
"HiG_4"	913	"Bnip3"	64	"HiG"
"HiG_4"	0	"Plac8"	374.5	"HiG"
"HiG_4"	30	"Eif1ad"	210	"HiG"
"HiG_4"	0	"Eps8"	374.5	"HiG"
"HiG_4"	1484	"Trip6"	43	"HiG"
"HiG_4"	3	"Gemin6"	258.5	"HiG"
"HiG_4"	2085	"Pml"	33	"HiG"
"HiG_4"	2467	"Jun"	29	"HiG"
"HiG_4"	0	"Raph1"	374.5	"HiG"
"HiG_4"	0	"Btg2"	374.5	"HiG"
"HiG_4"	875	"Atad3a"	68	"HiG"
"HiG_4"	1327	"Cdk6"	48	"HiG"
"HiG_4"	9	"Dstn"	243.5	"HiG"
"HiG_4"	453	"Lyar"	115	"HiG"
"HiG_4"	1183	"S100a9"	55	"HiG"
"HiG_4"	2716	"Bag2"	26	"HiG"
"HiG_4"	424	"Bzw2"	145	"HiG"
"HiG_4"	0	"Ak1"	374.5	"HiG"
"HiG_4"	133	"Plod2"	187	"HiG"
"HiG_4"	304	"Stom"	163	"HiG"
"HiG_4"	6	"Myh10"	250.5	"HiG"
"HiG_4"	0	"Osgep"	374.5	"HiG"
"HiG_4"	3287	"Mov10"	23	"HiG"
"HiG_4"	439	"Nolc1"	123.5	"HiG"
"HiG_4"	8684	"Fbl"	4	"HiG"
"HiG_4"	0	"Ddt"	374.5	"HiG"
"HiG_4"	9	"S100a8"	243.5	"HiG"
"HiG_4"	4230	"Prmt1"	17	"HiG"
"HiG_4"	0	"Psph"	374.5	"HiG"
"HiG_4"	892	"Pa2g4"	66	"HiG"
"HiG_4"	1829	"Lgals3bp"	35	"HiG"
"HiG_4"	4876	"Ddx21"	12	"HiG"
"HiG_4"	37970	"Myc"	1	"HiG"
"HiG_4"	30	"Msh6"	210	"HiG"
"HiG_4"	0	"Mybbp1a"	374.5	"HiG"
"HiG_4"	0	"Fabp5"	374.5	"HiG"
"HiG_4"	502	"Med21"	107	"HiG"
"HiG_4"	440	"Mapk3"	121.5	"HiG"
"HiG_4"	14067	"Fyn"	2	"HiG"
"HiG_4"	482	"Smad3"	110	"HiG"
"HiG_4"	822	"Prkcb"	76	"HiG"
"HiG_4"	863	"Myb"	73	"HiG"
"HiG_4"	433	"Exosc2"	134.5	"HiG"
"HiG_4"	375	"Dnmt3b"	153	"HiG"
"HiG_4"	1	"Cxcr2"	269.5	"HiG"
"HiG_4"	1959	"Hsph1"	34	"HiG"
"HiG_4"	0	"Rnf128"	374.5	"HiG"
"HiG_4"	0	"Fchsd2"	374.5	"HiG"
"HiG_4"	0	"Ncs1"	374.5	"HiG"
"HiG_4"	0	"Slc12a2"	374.5	"HiG"
"HiG_4"	127	"Il6"	191.5	"HiG"
"HiG_4"	0	"Arhgef18"	374.5	"HiG"
"HiG_4"	0	"Ackr1"	374.5	"HiG"
"HiG_4"	15	"Cd84"	229	"HiG"
"HiG_4"	514	"Lrpap1"	105	"HiG"
"HiG_4"	33	"Gca"	208	"HiG"
"HiG_4"	430	"Gja1"	142.5	"HiG"
"HiG_4"	7	"E2f2"	248	"HiG"
"HiG_4"	15	"Hipk1"	229	"HiG"
"HiG_4"	406	"Hmga2"	147.5	"HiG"
"HiG_4"	11	"Dtx3l"	237.5	"HiG"
"HiG_4"	7721	"Ppia"	5	"HiG"
"HiG_4"	653	"Nfix"	93	"HiG"
"HiG_4"	867	"Gatad2b"	69	"HiG"
"HiG_4"	3707	"Kat2a"	21	"HiG"
"HiG_4"	1150	"Klf1"	56	"HiG"
"HiG_4"	0	"Ikzf2"	374.5	"HiG"
"HiG_4"	0	"Hes1"	374.5	"HiG"
"HiG_4"	1531	"Srpk1"	41	"HiG"
"HiG_4"	619	"Pdk1"	98	"HiG"
"HiG_4"	200	"Arfgef2"	176	"HiG"
"HiG_4"	0	"Aldh2"	374.5	"HiG"
"HiG_4"	0	"Anxa6"	374.5	"HiG"
"HiG_4"	801	"Casp6"	77	"HiG"
"HiG_4"	666	"Cpne3"	91	"HiG"
"HiG_4"	1037	"Cd48"	58	"HiG"
"HiG_4"	3374	"Dkc1"	22	"HiG"
"HiG_4"	1335	"Pmaip1"	47	"HiG"
"HiG_4"	12	"Rgs1"	235	"HiG"
"HiG_4"	474	"Lamc1"	112	"HiG"
"HiG_4"	633	"Mpp1"	95	"HiG"
"HiG_4"	16	"Mllt3"	226	"HiG"
"HiG_4"	735	"Pno1"	86	"HiG"
"HiG_4"	167	"Serpinb9"	180	"HiG"
"HiG_4"	2115	"Csf2rb"	32	"HiG"
"HiG_4"	0	"Capn2"	374.5	"HiG"
"HiG_4"	891	"F2r"	67	"HiG"
"HiG_4"	0	"Agps"	374.5	"HiG"
"HiG_4"	0	"Erg"	374.5	"HiG"
"HiG_4"	434	"Csrp3"	127	"HiG"
"HiG_4"	0	"Nefh"	374.5	"HiG"
"HiG_4"	360	"Spint1"	155.5	"HiG"
"HiG_4"	431	"Mef2c"	141	"HiG"
"HiG_4"	433	"Cacna1a"	134.5	"HiG"
"HiG_4"	0	"Ehd3"	374.5	"HiG"
"HiG_4"	7254	"Itgb3"	6	"HiG"
"HiG_4"	458	"Gar1"	114	"HiG"
"HiG_4"	2	"Fbxl5"	264	"HiG"
"HiG_4"	0	"Plxna1"	374.5	"HiG"
"HiG_4"	4154	"Col5a1"	18	"HiG"
"HiG_4"	469	"Lat"	113	"HiG"
"HiG_4"	1036	"Kit"	59.5	"HiG"
"HiG_4"	3114	"Socs1"	24	"HiG"
"HiG_4"	6263	"Apex1"	8	"HiG"
"HiG_4"	21	"Tjp1"	221	"HiG"
"HiG_4"	0	"Pou2f2"	374.5	"HiG"
"HiG_4"	2394	"Ssbp1"	30	"HiG"
"HiG_4"	438	"Ssbp2"	125	"HiG"
"HiG_4"	76	"Ssbp3"	199	"HiG"
"HiG_4"	34	"Rcc1"	207	"HiG"
"HiG_4"	0	"Bex1"	374.5	"HiG"
"HiG_4"	770	"Meis1"	81	"HiG"
"HiG_4"	0	"Cyp11a1"	374.5	"HiG"
"HiG_4"	127	"Casp12"	191.5	"HiG"
"HiG_4"	0	"Clybl"	374.5	"HiG"
"HiG_4"	1405	"Pbx1"	46	"HiG"
"HiG_4"	258	"Tnfrsf9"	171	"HiG"
"HiG_4"	275	"Gp1bb"	165	"HiG"
"HiG_4"	264	"Noc2l"	169	"HiG"
"HiG_4"	650	"Slc6a4"	94	"HiG"
"HiG_4"	673	"Tnfaip3"	89.5	"HiG"
"HiG_4"	308	"Add2"	162	"HiG"
"HiG_4"	0	"Podxl"	374.5	"HiG"
"HiG_4"	56	"Mpl"	201	"HiG"
"HiG_4"	0	"Enc1"	374.5	"HiG"
"HiG_4"	0	"Cd34"	374.5	"HiG"
"HiG_4"	57	"Rab27b"	200	"HiG"
"HiG_4"	169	"Ms4a2"	179	"HiG"
"HiG_4"	0	"Pag1"	374.5	"HiG"
"HiG_4"	0	"Nlgn2"	374.5	"HiG"
"HiG_4"	0	"Rassf5"	374.5	"HiG"
"HiG_4"	0	"Glb1"	374.5	"HiG"
"HiG_4"	493	"Mmp14"	109	"HiG"
"HiG_4"	12	"Helz2"	235	"HiG"
"HiG_4"	2529	"Prnp"	27	"HiG"
"HiG_4"	441	"Irf9"	120	"HiG"
"HiG_4"	1020	"Stk26"	61	"HiG"
"HiG_4"	532	"Furin"	102	"HiG"
"HiG_4"	30	"Ctsd"	210	"HiG"
"HiG_4"	12	"Rab33b"	235	"HiG"
"HiG_4"	205	"Pik3cb"	175	"HiG"
"HiG_4"	747	"Il12a"	82.5	"HiG"
"HiG_4"	0	"Mxi1"	374.5	"HiG"
"HiG_4"	0	"Tfpi"	374.5	"HiG"
"HiG_4"	8	"Tap1"	245.5	"HiG"
"HiG_4"	110	"Aldoc"	195	"HiG"
"HiG_4"	0	"Bcl11a"	374.5	"HiG"
"HiG_4"	28	"Il1rl1"	213	"HiG"
"HiG_4"	1715	"Gzmb"	36	"HiG"
"HiG_4"	2502	"Spta1"	28	"HiG"
"HiG_4"	0	"Slc6a9"	374.5	"HiG"
"HiG_4"	0	"Tph1"	374.5	"HiG"
"HiG_4"	0	"Glrx"	374.5	"HiG"
"HiG_4"	4918	"Rhoj"	11	"HiG"
"HiG_4"	0	"Cdkn3"	374.5	"HiG"
"HiG_4"	0	"Col18a1"	374.5	"HiG"
"HiG_4"	2	"Cd93"	264	"HiG"
"HiG_4"	0	"Ltbp1"	374.5	"HiG"
"HiG_4"	1695	"Il1b"	37	"HiG"
"HiG_4"	446	"Hmox1"	118	"HiG"
"HiG_4"	481	"Dlk1"	111	"HiG"
"HiG_4"	0	"Herc6"	374.5	"HiG"
"HiG_4"	28	"Agl"	213	"HiG"
"HiG_4"	430	"Ctr9"	142.5	"HiG"
"HiG_4"	0	"Acadm"	374.5	"HiG"
"HiG_4"	773	"Suclg2"	80	"HiG"
"HiG_4"	380	"Sun2"	152	"HiG"
"HiG_4"	0	"Noc3l"	374.5	"HiG"
"HiG_4"	0	"Gpt2"	374.5	"HiG"
"HiG_4"	0	"Nudcd1"	374.5	"HiG"
"HiG_4"	1135	"Nop58"	57	"HiG"
"HiG_4"	54	"Rnf144a"	202	"HiG"
"HiG_4"	1514	"Socs3"	42	"HiG"
"HiG_4"	433	"Farsb"	134.5	"HiG"
"HiG_4"	0	"Tsc22d1"	374.5	"HiG"
"HiG_4"	1322	"Egln3"	49	"HiG"
"HiG_4"	4	"Wdr12"	255	"HiG"
"HiG_4"	222	"Sirt3"	172	"HiG"
"HiG_4"	23	"Parp14"	218	"HiG"
"HiG_4"	0	"Cnn3"	374.5	"HiG"
"HiG_4"	5446	"Tcf4"	9	"HiG"
"HiG_4"	953	"Cenpv"	62	"HiG"
"HiG_4"	27	"Nt5dc2"	215	"HiG"
"HiG_4"	0	"Syne1"	374.5	"HiG"
"HiG_4"	0	"Mfge8"	374.5	"HiG"
"HiG_4"	35	"Adgrg1"	206	"HiG"
"HiG_4"	0	"Fry"	374.5	"HiG"
"HiG_4"	7045	"Nop56"	7	"HiG"
"HiG_4"	0	"Adgra3"	374.5	"HiG"
"HiG_4"	632	"Sox4"	96	"HiG"
"HiG_4"	3960	"Mycn"	20	"HiG"
"HiG_4"	0	"Abtb1"	374.5	"HiG"
"HiG_4"	689	"Tubb2a"	87.5	"HiG"
"HiG_4"	1191	"Impdh2"	54	"HiG"
"HiG_4"	0	"Bst2"	374.5	"HiG"
"HiG_4"	0	"Hmgn3"	374.5	"HiG"
"HiG_4"	2159	"Cad"	31	"HiG"
"HiG_4"	2	"Camk1d"	264	"HiG"
"HiG_4"	319	"Nop2"	161	"HiG"
"HiG_4"	19	"Ifih1"	222	"HiG"
"HiG_4"	24	"Olfm1"	217	"HiG"
"HiG_4"	0	"Plxdc2"	374.5	"HiG"
"HiG_4"	0	"Dhx58"	374.5	"HiG"
"HiG_4"	0	"Tcf19"	374.5	"HiG"
"HiG_4"	0	"Kel"	374.5	"HiG"
"HiG_4"	348	"Ppbp"	159	"HiG"
"HiG_4"	740	"Kcne3"	84	"HiG"
"HiG_4"	17	"Odc1"	224	"HiG"
"HiG_4"	864	"Ak4"	71.5	"HiG"
"HiG_4"	16	"Osm"	226	"HiG"
"HiG_4"	281	"Npm3"	164	"HiG"
"HiG_4"	2826	"Ptges3"	25	"HiG"
"HiG_4"	2	"Prmt3"	264	"HiG"
"HiG_4"	0	"Ampd3"	374.5	"HiG"
"HiG_4"	624	"Cnp"	97	"HiG"
"HiG_4"	0	"Ift80"	374.5	"HiG"
"HiG_4"	433	"Tbc1d4"	134.5	"HiG"
"HiG_4"	0	"Bahcc1"	374.5	"HiG"
"HiG_4"	0	"Desi1"	374.5	"HiG"
"HiG_4"	0	"Cpox"	374.5	"HiG"
"HiG_4"	0	"Cpd"	374.5	"HiG"
"HiG_4"	0	"Abcg1"	374.5	"HiG"
"HiG_4"	137	"Cnn2"	185	"HiG"
"HiG_4"	0	"Nop14"	374.5	"HiG"
"HiG_4"	1036	"Gart"	59.5	"HiG"
"HiG_4"	0	"Rcl1"	374.5	"HiG"
"HiG_4"	4	"Cluh"	255	"HiG"
"HiG_4"	0	"Rgcc"	374.5	"HiG"
"HiG_4"	270	"Tnip3"	167	"HiG"
"HiG_4"	53	"Fcer1a"	203	"HiG"
"HiG_4"	0	"Tob1"	374.5	"HiG"
"HiG_4"	0	"Klhdc4"	374.5	"HiG"
"HiG_4"	10	"Srm"	240.5	"HiG"
"HiG_4"	0	"Lgalsl"	374.5	"HiG"
"HiG_4"	3	"Palm"	258.5	"HiG"
"HiG_4"	864	"Ccpg1"	71.5	"HiG"
"HiG_4"	0	"Armcx2"	374.5	"HiG"
"HiG_4"	537	"Ube2l6"	101	"HiG"
"HiG_4"	0	"Specc1"	374.5	"HiG"
"HiG_4"	689	"Col1a2"	87.5	"HiG"
"HiG_4"	14	"Socs2"	231.5	"HiG"
"HiG_4"	4	"Adpgk"	255	"HiG"
"HiG_4"	132	"Ppic"	188	"HiG"
"HiG_4"	119	"Sort1"	193	"HiG"
"HiG_4"	0	"Adcy6"	374.5	"HiG"
"HiG_4"	150	"Egfl7"	182	"HiG"
"HiG_4"	788	"Dpp4"	78	"HiG"
"HiG_4"	1	"Plk2"	269.5	"HiG"
"HiG_4"	399	"Marcksl1"	150	"HiG"
"HiG_4"	0	"Ermap"	374.5	"HiG"
"HiG_4"	433	"Rangrf"	134.5	"HiG"
"HiG_4"	4337	"Cd55"	14	"HiG"
"HiG_4"	22	"Thumpd1"	219.5	"HiG"
"HiG_4"	0	"Poc1a"	374.5	"HiG"
"HiG_4"	10	"Cda"	240.5	"HiG"
"HiG_4"	0	"Timm9"	374.5	"HiG"
"HiG_4"	8	"Nudt5"	245.5	"HiG"
"HiG_4"	0	"Golim4"	374.5	"HiG"
"HiG_4"	0	"Tnfaip2"	374.5	"HiG"
"HiG_4"	0	"Zc3h7b"	374.5	"HiG"
"HiG_4"	452	"Nt5e"	116	"HiG"
"HiG_4"	108	"Pus7"	197	"HiG"
"HiG_4"	39	"Unc13d"	205	"HiG"
"HiG_4"	0	"Parvb"	374.5	"HiG"
"HiG_4"	0	"Plek2"	374.5	"HiG"
"HiG_4"	330	"Stat2"	160	"HiG"
"HiG_4"	2	"Acsl1"	264	"HiG"
"HiG_4"	406	"Ppat"	147.5	"HiG"
"HiG_4"	0	"Tmem176a"	374.5	"HiG"
"HiG_4"	0	"Fgf3"	374.5	"HiG"
"HiG_4"	0	"Msi2"	374.5	"HiG"
"HiG_4"	0	"Antxr2"	374.5	"HiG"
"HiG_4"	673	"Vwf"	89.5	"HiG"
"HiG_4"	0	"Xpc"	374.5	"HiG"
"HiG_4"	434	"Havcr2"	127	"HiG"
"HiG_4"	1594	"Tubb3"	39	"HiG"
"HiG_4"	162	"Cd320"	181	"HiG"
"HiG_4"	11	"C3ar1"	237.5	"HiG"
"HiG_4"	0	"Gda"	374.5	"HiG"
"HiG_4"	112	"Sox6"	194	"HiG"
"HiG_4"	10	"Otulin"	240.5	"HiG"
"HiG_4"	0	"Abhd5"	374.5	"HiG"
"HiG_4"	0	"Esrp2"	374.5	"HiG"
"HiG_4"	0	"Agpat2"	374.5	"HiG"
"HiG_4"	433	"Abcc5"	134.5	"HiG"
"HiG_4"	13	"Ffar2"	233	"HiG"
"HiG_4"	434	"Mtap"	127	"HiG"
"HiG_4"	22	"Gmfg"	219.5	"HiG"
"HiG_4"	4252	"Itga2b"	16	"HiG"
"HiG_4"	1319	"Adgre5"	50	"HiG"
"HiG_4"	81	"Ctsc"	198	"HiG"
"HiG_4"	142	"Ptgs1"	183	"HiG"
"HiG_4"	852	"Sptb"	75	"HiG"
"HiG_4"	0	"Rassf3"	374.5	"HiG"
"HiG_4"	109	"Gna14"	196	"HiG"
"HiG_4"	273	"Igfbp4"	166	"HiG"
"HiG_4"	28	"Pls1"	213	"HiG"
"HiG_4"	0	"Ncoa7"	374.5	"HiG"
"HiG_4"	0	"Papss2"	374.5	"HiG"
"HiG_4"	265	"Serpine2"	168	"HiG"
"HiG_4"	400	"Parp9"	149	"HiG"
"HiG_4"	0	"Fam136a"	374.5	"HiG"
"HiG_4"	1438	"Spint2"	44	"HiG"
"HiG_4"	2	"Pcsk9"	264	"HiG"
"HiG_4"	3	"Aqp9"	258.5	"HiG"
"HiG_4"	0	"Entpd5"	374.5	"HiG"
"HiG_4"	929	"Cd69"	63	"HiG"
"HiG_4"	355	"Gp9"	158	"HiG"
"HiG_4"	0	"Gpx3"	374.5	"HiG"
"HiG_4"	3	"Gypa"	258.5	"HiG"
"HiG_4"	433	"Slc29a2"	134.5	"HiG"
"HiG_4"	0	"Hdhd2"	374.5	"HiG"
"HiG_4"	18	"Ptger3"	223	"HiG"
"HiG_4"	0	"Snap47"	374.5	"HiG"
"HiG_4"	451	"Ypel3"	117	"HiG"
"HiG_4"	0	"Pcmtd2"	374.5	"HiG"
"HiG_4"	16	"Pim2"	226	"HiG"
"HiG_4"	0	"Dusp2"	374.5	"HiG"
"HiG_4"	0	"Inpp4b"	374.5	"HiG"
"HiG_4"	0	"Ociad2"	374.5	"HiG"
"HiG_4"	0	"Neil3"	374.5	"HiG"
"HiG_4"	0	"Fam216a"	374.5	"HiG"
"HiG_4"	1290	"Tmed3"	53	"HiG"
"HiG_4"	0	"Rbms3"	374.5	"HiG"
"HiG_4"	3976	"Slc39a10"	19	"HiG"
"HiG_4"	184	"Lrp12"	177.5	"HiG"
"HiG_4"	4286	"Rnf149"	15	"HiG"
"HiG_4"	516	"Tspan3"	104	"HiG"
"HiG_4"	0	"Ndst1"	374.5	"HiG"
"HiG_4"	0	"Atp1b2"	374.5	"HiG"
"HiG_4"	0	"Nrgn"	374.5	"HiG"
"HiG_4"	184	"Stk17b"	177.5	"HiG"
"HiG_4"	0	"P2ry14"	374.5	"HiG"
"HiG_4"	0	"Prr11"	374.5	"HiG"
"HiG_4"	587	"Scin"	99	"HiG"
"HiG_4"	0	"Gmpr"	374.5	"HiG"
"HiG_4"	130	"Rsad2"	189	"HiG"
"HiG_4"	0	"Rsad1"	374.5	"HiG"
"HiG_4"	0	"St3gal5"	374.5	"HiG"
"HiG_4"	0	"Gcnt1"	374.5	"HiG"
"HiG_4"	433	"Nceh1"	134.5	"HiG"
"HiG_4"	4469	"Thbs1"	13	"HiG"
"HiG_4"	0	"Tcp11l2"	374.5	"HiG"
"HiG_4"	0	"Rmi2"	374.5	"HiG"
"HiG_4"	360	"Slc16a1"	155.5	"HiG"
"HiG_4"	0	"Hebp1"	374.5	"HiG"
"HiG_4"	860	"Sh3pxd2b"	74	"HiG"
"HiG_4"	0	"Bex4"	374.5	"HiG"
"HiG_4"	0	"Plpp6"	374.5	"HiG"
"HiG_4"	0	"Paqr7"	374.5	"HiG"
"HiG_4"	0	"Epsti1"	374.5	"HiG"
"HiG_4"	0	"Mboat2"	374.5	"HiG"
"HiG_4"	784	"Slc19a1"	79	"HiG"
"HiG_4"	433	"Tmem216"	134.5	"HiG"
"HiG_4"	0	"Stk10"	374.5	"HiG"
"HiG_4"	0	"Arx"	374.5	"HiG"
"HiG_4"	0	"Mboat1"	374.5	"HiG"
"HiG_4"	0	"Phlda2"	374.5	"HiG"
"HiG_4"	0	"Dnajc6"	374.5	"HiG"
"HiG_4"	0	"Ptgr1"	374.5	"HiG"
"HiG_4"	0	"Pnpla8"	374.5	"HiG"
"HiG_4"	0	"Muc13"	374.5	"HiG"
"HiG_4"	0	"Slc38a5"	374.5	"HiG"
"HiG_4"	0	"Ndrg2"	374.5	"HiG"
"HiG_4"	0	"P2rx1"	374.5	"HiG"
"HiG_4"	0	"Nrip3"	374.5	"HiG"
"HiG_4"	1	"Serpinb2"	269.5	"HiG"
"HiG_4"	661	"Vldlr"	92	"HiG"
"HiG_4"	429	"Spata13"	144	"HiG"
"HiG_4"	1	"Rbpms2"	269.5	"HiG"
"HiG_4"	0	"Tmx4"	374.5	"HiG"
"HiG_4"	0	"Gatm"	374.5	"HiG"
"HiG_4"	0	"Stxbp6"	374.5	"HiG"
"HiG_4"	0	"Rnmt"	374.5	"HiG"
"HiG_4"	5	"Isg20"	252.5	"HiG"
"HiG_4"	1533	"Timp3"	40	"HiG"
"HiG_4"	6	"Fgd4"	250.5	"HiG"
"HiG_4"	7	"P2ry1"	248	"HiG"
"HiG_4"	0	"Tor3a"	374.5	"HiG"
"HiG_4"	7	"Gimap1"	248	"HiG"
"HiG_4"	0	"Mylk3"	374.5	"HiG"
"HiG_4"	0	"Syngr1"	374.5	"HiG"
"HiG_4"	0	"Ddhd1"	374.5	"HiG"
"HiG_4"	0	"Perp"	374.5	"HiG"
"HiG_4"	0	"Phtf2"	374.5	"HiG"
"HiG_4"	0	"Tgif2"	374.5	"HiG"
"HiG_4"	0	"Nlrp6"	374.5	"HiG"
"HiG_4"	0	"Ptprcap"	374.5	"HiG"
"HiG_4"	0	"Gp5"	374.5	"HiG"
"HiG_4"	0	"Tgfbr3"	374.5	"HiG"
"HiG_4"	0	"Kdm7a"	374.5	"HiG"
"HiG_4"	15	"Rasgef1b"	229	"HiG"
"HiG_4"	0	"Pcyt1b"	374.5	"HiG"
"HiG_4"	1302	"Wdr36"	52	"HiG"
"HiG_4"	0	"Lipa"	374.5	"HiG"
"HiG_4"	433	"Plin2"	134.5	"HiG"
"HiG_4"	0	"Ccdc125"	374.5	"HiG"
"HiG_4"	0	"Slc7a8"	374.5	"HiG"
"HiG_4"	738	"Nkg7"	85	"HiG"
"HiG_4"	433	"Ms4a3"	134.5	"HiG"
"HiG_4"	221	"Tspo2"	173	"HiG"
"HiG_4"	2	"Slc41a3"	264	"HiG"
"HiG_4"	395	"Slc14a1"	151	"HiG"
"HiG_4"	442	"Slc18a2"	119	"HiG"
"HiG_4"	40	"Rhag"	204	"HiG"
"HiG_4"	0	"Syce2"	374.5	"HiG"
"HiG_4"	0	"Bri3"	374.5	"HiG"
"HiG_4"	0	"Plpp5"	374.5	"HiG"
"HiG_4"	263	"Clec4d"	170	"HiG"
"HiG_4"	0	"Parm1"	374.5	"HiG"
"HiG_4"	0	"Sapcd1"	374.5	"HiG"
"HiG_4"	0	"Paqr9"	374.5	"HiG"
"HiG_4"	0	"Cpa3"	374.5	"HiG"
"HiG_4"	440	"Smo"	121.5	"HiG"
"HiG_4"	0	"Padi2"	374.5	"HiG"
"HiG_4"	0	"Slc6a13"	374.5	"HiG"
"HiG_4"	0	"Myct1"	374.5	"HiG"
"HiG_4"	439	"Rab38"	123.5	"HiG"
"HiG_4"	0	"Hdc"	374.5	"HiG"
"HiG_4"	0	"Slc24a3"	374.5	"HiG"
"HiG_4"	0	"Plxnc1"	374.5	"HiG"
"HiG_4"	0	"St3gal6"	374.5	"HiG"
"HiG_4"	0	"Megf9"	374.5	"HiG"
"HiG_4"	0	"Tfr2"	374.5	"HiG"
"HiG_4"	0	"Sgsm2"	374.5	"HiG"
"HiG_4"	0	"Slc45a3"	374.5	"HiG"
"HiG_4"	0	"Slc22a3"	374.5	"HiG"
"HiG_4"	413	"F2rl2"	146	"HiG"
"HiG_4"	0	"Tmem176b"	374.5	"HiG"
"HiG_4"	0	"Slc35d3"	374.5	"HiG"
"HiG_4"	0	"Spns2"	374.5	"HiG"
"HiG_4"	0	"Sh2d5"	374.5	"HiG"
"HiG_4"	0	"Tnfsf4"	374.5	"HiG"
"HiG_4"	0	"Cmpk2"	374.5	"HiG"
"HiG_4"	137	"Treml1"	185	"HiG"
"HiG_4"	0	"Gpr174"	374.5	"HiG"
"HiG_4"	0	"Smpdl3a"	374.5	"HiG"
"HiG_4"	0	"Tmem40"	374.5	"HiG"
"HiG_4"	0	"Tmem64"	374.5	"HiG"
"HiG_4"	0	"Zfp36l1"	374.5	"HiG"
"HiG_4"	507	"Zmpste24"	106	"HiG"
"HiG_4"	0	"Tspan13"	374.5	"HiG"
"HiG_4"	0	"Tusc1"	374.5	"HiG"
"HiG_4"	0	"Ydjc"	374.5	"HiG"
"HiG_4"	0	"Zdhhc8"	374.5	"HiG"
"HiG_4"	0	"Hacd4"	374.5	"HiG"
"HiG_4"	0	"Samd14"	374.5	"HiG"
"CTS_12"	0	"Traf1"	23	"CTS"
"CTS_12"	0	"Fscn1"	23	"CTS"
"CTS_12"	0	"Sh3bp4"	23	"CTS"
"CTS_12"	5	"Mapk3"	3	"CTS"
"CTS_12"	0	"Ramp3"	23	"CTS"
"CTS_12"	10	"Ccl5"	1	"CTS"
"CTS_12"	0	"Cpne3"	23	"CTS"
"CTS_12"	1	"Gbp2"	4.5	"CTS"
"CTS_12"	0	"Serpinb9"	23	"CTS"
"CTS_12"	1	"Axl"	4.5	"CTS"
"CTS_12"	0	"Tnfrsf9"	23	"CTS"
"CTS_12"	0	"Ccl22"	23	"CTS"
"CTS_12"	8	"Dusp1"	2	"CTS"
"CTS_12"	0	"Gpc1"	23	"CTS"
"CTS_12"	0	"Nr4a3"	23	"CTS"
"CTS_12"	0	"Ltb"	23	"CTS"
"CTS_12"	0	"Abtb2"	23	"CTS"
"CTS_12"	0	"Itm2b"	23	"CTS"
"CTS_12"	0	"Nrp2"	23	"CTS"
"CTS_12"	0	"Cacnb3"	23	"CTS"
"CTS_12"	0	"Plk2"	23	"CTS"
"CTS_12"	0	"Kynu"	23	"CTS"
"CTS_12"	0	"Aldh1a2"	23	"CTS"
"CTS_12"	0	"Antxr2"	23	"CTS"
"CTS_12"	0	"Shroom3"	23	"CTS"
"CTS_12"	0	"Ndrg4"	23	"CTS"
"CTS_12"	0	"Cib2"	23	"CTS"
"CTS_12"	0	"Rragd"	23	"CTS"
"CTS_12"	0	"Rogdi"	23	"CTS"
"CTS_12"	0	"Nrg1"	23	"CTS"
"CTS_12"	0	"Mreg"	23	"CTS"
"CTS_12"	0	"Ccr7"	23	"CTS"
"CTS_12"	0	"Gbp5"	23	"CTS"
"CTS_12"	0	"Pxdc1"	23	"CTS"
"CTS_12"	0	"Flrt3"	23	"CTS"
"CTS_12"	0	"Tmcc3"	23	"CTS"
"CTS_12"	0	"Il4i1"	23	"CTS"
"CTS_12"	0	"Olr1"	23	"CTS"
"CTS_12"	0	"Mmp25"	23	"CTS"
"CTS_12"	0	"Tmem150c"	23	"CTS"
"CTS_4"	76	"Slc4a1"	3	"CTS"
"CTS_4"	89	"Ank1"	2	"CTS"
"CTS_4"	0	"Sox30"	32.5	"CTS"
"CTS_4"	0	"Aqp1"	32.5	"CTS"
"CTS_4"	0	"Pak6"	32.5	"CTS"
"CTS_4"	50	"Prkg1"	4	"CTS"
"CTS_4"	0	"Ackr1"	32.5	"CTS"
"CTS_4"	0	"Klf1"	32.5	"CTS"
"CTS_4"	0	"Coro2b"	32.5	"CTS"
"CTS_4"	18	"Alas2"	6	"CTS"
"CTS_4"	1	"Col5a1"	9	"CTS"
"CTS_4"	0	"Serpine1"	32.5	"CTS"
"CTS_4"	0	"Add2"	32.5	"CTS"
"CTS_4"	0	"Fcer1g"	32.5	"CTS"
"CTS_4"	0	"Bank1"	32.5	"CTS"
"CTS_4"	117	"Spta1"	1	"CTS"
"CTS_4"	0	"Slc6a5"	32.5	"CTS"
"CTS_4"	0	"Btn1a1"	32.5	"CTS"
"CTS_4"	0	"Abi3bp"	32.5	"CTS"
"CTS_4"	0	"Kel"	32.5	"CTS"
"CTS_4"	0	"Ddah1"	32.5	"CTS"
"CTS_4"	0	"Trim10"	32.5	"CTS"
"CTS_4"	0	"Col1a2"	32.5	"CTS"
"CTS_4"	0	"Ermap"	32.5	"CTS"
"CTS_4"	0	"Ephx1"	32.5	"CTS"
"CTS_4"	0	"Fgf3"	32.5	"CTS"
"CTS_4"	0	"Tubb3"	32.5	"CTS"
"CTS_4"	0	"Esrp2"	32.5	"CTS"
"CTS_4"	18	"Sptb"	6	"CTS"
"CTS_4"	0	"Gypa"	32.5	"CTS"
"CTS_4"	18	"Dapk2"	6	"CTS"
"CTS_4"	0	"Popdc2"	32.5	"CTS"
"CTS_4"	0	"Tm4sf20"	32.5	"CTS"
"CTS_4"	0	"Atp1b2"	32.5	"CTS"
"CTS_4"	0	"Slc25a21"	32.5	"CTS"
"CTS_4"	0	"Samd11"	32.5	"CTS"
"CTS_4"	0	"Ptpdc1"	32.5	"CTS"
"CTS_4"	0	"Phlda2"	32.5	"CTS"
"CTS_4"	0	"Reps2"	32.5	"CTS"
"CTS_4"	0	"Spire2"	32.5	"CTS"
"CTS_4"	0	"Slc38a5"	32.5	"CTS"
"CTS_4"	0	"Icam4"	32.5	"CTS"
"CTS_4"	0	"Ccdc171"	32.5	"CTS"
"CTS_4"	0	"Tgfbr3"	32.5	"CTS"
"CTS_4"	0	"Slc24a1"	32.5	"CTS"
"CTS_4"	0	"Pcyt1b"	32.5	"CTS"
"CTS_4"	0	"Tspo2"	32.5	"CTS"
"CTS_4"	17	"Rhag"	8	"CTS"
"CTS_4"	0	"Rhd"	32.5	"CTS"
"CTS_4"	0	"Paqr9"	32.5	"CTS"
"CTS_4"	0	"Adgrg2"	32.5	"CTS"
"CTS_4"	0	"Rln1"	32.5	"CTS"
"CTS_4"	0	"Tspan8"	32.5	"CTS"
"CTS_4"	0	"Tnfsf4"	32.5	"CTS"
"CTS_4"	0	"Mageb16"	32.5	"CTS"
