"signature"	"gene"	"PageRank"	"EigenCentrality"	"PPI_cat"	"strength"	"normalized.strength"	"annd"	"rank_by_PR"	"rank_by_strength"	"rank_by_normalized.strength"	"rank_by_ANND"	"p.PageRank"	"rank_by_p.PR"	"p.annd"	"rank_by_p.ANND"
"CTS_12"	"Abtb2"	0.00628930817610063	3.96658500282822e-17	"CTS"	0	0	NA	31	31	31	NA	NA	NA	NA	NA
"CTS_12"	"Aldh1a2"	0.00628930817610063	3.96658500282822e-17	"CTS"	0	0	NA	31	31	31	NA	NA	NA	NA	NA
"CTS_12"	"Antxr2"	0.00628930817610063	3.96658500282822e-17	"CTS"	0	0	NA	31	31	31	NA	NA	NA	NA	NA
"CTS_12"	"Axl"	0.0611932687404386	5.94987750424233e-17	"CTS"	0.00631409336357363	0.000161899829835221	1	3	8	8	16.5	NA	NA	NA	NA
"CTS_12"	"Cacnb3"	0.0419287211740042	1.38830475098988e-16	"CTS"	0.0053175597896574	0.000136347686914292	1	11.5	10.5	10.5	16.5	NA	NA	NA	NA
"CTS_12"	"Ccl22"	0.0308937788794127	0.065010140068572	"CTS"	0.00698225590544268	0.000179032202703658	3.49656233416992	17	7	7	2	NA	NA	NA	NA
"CTS_12"	"Ccl5"	0.0567471976187489	0.232143313705018	"CTS"	0.0141236875471631	0.000362145834542644	2.37066136228272	5	3	3	4	NA	NA	NA	NA
"CTS_12"	"Ccr7"	0.0457976468507864	0.0886646957610834	"CTS"	0.010720904559606	0.000274894988707847	2.97661633635126	6	4	4	3	NA	NA	NA	NA
"CTS_12"	"Cib2"	0.0256830886099825	4.95823125353528e-17	"CTS"	0.00235424087442549	6.03651506262947e-05	2	18	17	17	8	NA	NA	NA	NA
"CTS_12"	"Cpne3"	0.00628930817610063	3.96658500282822e-17	"CTS"	0	0	NA	31	31	31	NA	NA	NA	NA	NA
"CTS_12"	"Dusp1"	0.0655193176610399	1	"CTS"	0.0199279032177263	0.000510971877377597	2.32203753877063	1	1	1	5	NA	NA	NA	NA
"CTS_12"	"Flrt3"	0.00628930817610063	3.96658500282822e-17	"CTS"	0	0	NA	31	31	31	NA	NA	NA	NA	NA
"CTS_12"	"Fscn1"	0.0419287211740042	7.93317000565644e-17	"CTS"	0.00446183910793454	0.000114406130972681	1	11.5	12.5	12.5	16.5	NA	NA	NA	NA
"CTS_12"	"Gbp2"	0.0611932687404386	1.18997550084847e-16	"CTS"	0.005855317057582	0.000150136334809795	1	4	9	9	16.5	NA	NA	NA	NA
"CTS_12"	"Gbp5"	0.0197504126793923	2.97493875212116e-17	"CTS"	0.00151533458104281	3.88547328472515e-05	2	20	19	19	8	NA	NA	NA	NA
"CTS_12"	"Gpc1"	0.0419287211740042	2.47911562676764e-18	"CTS"	0.000452542166351575	1.1603645291066e-05	1	11.5	20.5	20.5	16.5	NA	NA	NA	NA
"CTS_12"	"Il4i1"	0.00628930817610063	3.96658500282822e-17	"CTS"	0	0	NA	31	31	31	NA	NA	NA	NA	NA
"CTS_12"	"Itm2b"	0.0419287211740042	5.94987750424233e-17	"CTS"	0.0053175597896574	0.000136347686914292	1	11.5	10.5	10.5	16.5	NA	NA	NA	NA
"CTS_12"	"Kynu"	0.0419287211740042	7.93317000565644e-17	"CTS"	0.00446183910793454	0.000114406130972681	1	11.5	12.5	12.5	16.5	NA	NA	NA	NA
"CTS_12"	"Ltb"	0.0210016439187976	0.0400813372353903	"CTS"	0.00418335921540453	0.000107265620907809	3.52892673658097	19	15	15	1	NA	NA	NA	NA
"CTS_12"	"Mapk3"	0.0624451935503825	0.982702279345503	"CTS"	0.018384059672462	0.000471386145447743	1.90943660230947	2	2	2	11	NA	NA	NA	NA
"CTS_12"	"Mmp25"	0.00628930817610063	3.96658500282822e-17	"CTS"	0	0	NA	31	31	31	NA	NA	NA	NA	NA
"CTS_12"	"Mreg"	0.00628930817610063	3.96658500282822e-17	"CTS"	0	0	NA	31	31	31	NA	NA	NA	NA	NA
"CTS_12"	"Ndrg4"	0.00628930817610063	3.96658500282822e-17	"CTS"	0	0	NA	31	31	31	NA	NA	NA	NA	NA
"CTS_12"	"Nr4a3"	0.00628930817610063	3.96658500282822e-17	"CTS"	0	0	NA	31	31	31	NA	NA	NA	NA	NA
"CTS_12"	"Nrg1"	0.0419287211740042	7.43734688030291e-18	"CTS"	0.000452542166351575	1.1603645291066e-05	1	11.5	20.5	20.5	16.5	NA	NA	NA	NA
"CTS_12"	"Nrp2"	0.00628930817610063	3.96658500282822e-17	"CTS"	0	0	NA	31	31	31	NA	NA	NA	NA	NA
"CTS_12"	"Olr1"	0.00628930817610063	3.96658500282822e-17	"CTS"	0	0	NA	31	31	31	NA	NA	NA	NA	NA
"CTS_12"	"Plk2"	0.0110962697388614	0.095262880360707	"CTS"	0.00166492290728366	4.26903309559912e-05	2	21	18	18	8	NA	NA	NA	NA
"CTS_12"	"Pxdc1"	0.00628930817610063	3.96658500282822e-17	"CTS"	0	0	NA	31	31	31	NA	NA	NA	NA	NA
"CTS_12"	"Ramp3"	0.0389098061715915	1.38830475098988e-16	"CTS"	0.00395985248914813	0.000101534679208926	2	16	16	16	8	NA	NA	NA	NA
"CTS_12"	"Rogdi"	0.00628930817610063	3.96658500282822e-17	"CTS"	0	0	NA	31	31	31	NA	NA	NA	NA	NA
"CTS_12"	"Rragd"	0.00628930817610063	3.96658500282822e-17	"CTS"	0	0	NA	31	31	31	NA	NA	NA	NA	NA
"CTS_12"	"Serpinb9"	0.0448424821021817	1.18997550084847e-16	"CTS"	0.00433998247653919	0.000111281601962543	2	7	14	14	8	NA	NA	NA	NA
"CTS_12"	"Sh3bp4"	0.00628930817610063	3.96658500282822e-17	"CTS"	0	0	NA	31	31	31	NA	NA	NA	NA	NA
"CTS_12"	"Shroom3"	0.00628930817610063	3.96658500282822e-17	"CTS"	0	0	NA	31	31	31	NA	NA	NA	NA	NA
"CTS_12"	"Tmcc3"	0.00628930817610063	3.96658500282822e-17	"CTS"	0	0	NA	31	31	31	NA	NA	NA	NA	NA
"CTS_12"	"Tmem150c"	0.00628930817610063	3.96658500282822e-17	"CTS"	0	0	NA	31	31	31	NA	NA	NA	NA	NA
"CTS_12"	"Tnfrsf9"	0.0419287211740042	2.77660950197975e-16	"CTS"	0.00850164343748301	0.000217990857371359	1	11.5	5.5	5.5	16.5	NA	NA	NA	NA
"CTS_12"	"Traf1"	0.0419287211740042	1.98329250141411e-16	"CTS"	0.00850164343748301	0.000217990857371359	1	11.5	5.5	5.5	16.5	NA	NA	NA	NA
"CTS_4"	"Abi3bp"	0.00480769230769231	0	"CTS"	0	0	NA	41.5	41.5	41.5	NA	NA	NA	NA	NA
"CTS_4"	"Ackr1"	0.00480769230769231	0	"CTS"	0	0	NA	41.5	41.5	41.5	NA	NA	NA	NA	NA
"CTS_4"	"Add2"	0.0150524809366217	0.194902719409459	"CTS"	0.00545464562343395	0.000101011955989518	8	20	12	12	2	NA	NA	NA	NA
"CTS_4"	"Adgrg2"	0.00480769230769231	0	"CTS"	0	0	NA	41.5	41.5	41.5	NA	NA	NA	NA	NA
"CTS_4"	"Alas2"	0.038304827045718	0.10797077096369	"CTS"	0.0133691943564706	0.000247577673267973	4.89864060649311	8	6	6	12	NA	NA	NA	NA
"CTS_4"	"Ank1"	0.0722885972936811	0.711258276850741	"CTS"	0.0317677376956337	0.000588291438808032	7.3137710607595	3	2	2	5	NA	NA	NA	NA
"CTS_4"	"Aqp1"	0.012738231024923	0.0258795903830183	"CTS"	0.0027166696484114	5.03086971928037e-05	6.65466385328935	23	20	20	8	NA	NA	NA	NA
"CTS_4"	"Atp1b2"	0.00480769230769231	0	"CTS"	0	0	NA	41.5	41.5	41.5	NA	NA	NA	NA	NA
"CTS_4"	"Bank1"	0.00868383485907954	0.0509302721217985	"CTS"	0.00200399809933896	3.71110759136845e-05	5	25	23	23	10.5	NA	NA	NA	NA
"CTS_4"	"Btn1a1"	0.00480769230769231	0	"CTS"	0	0	NA	41.5	41.5	41.5	NA	NA	NA	NA	NA
"CTS_4"	"Ccdc171"	0.00480769230769231	0	"CTS"	0	0	NA	41.5	41.5	41.5	NA	NA	NA	NA	NA
"CTS_4"	"Col1a2"	0.0300915275092323	0	"CTS"	0.00538864667979339	9.97897533295072e-05	2	13	13	13	21.5	NA	NA	NA	NA
"CTS_4"	"Col5a1"	0.0467775467775468	0	"CTS"	0.00847409103896158	0.000156927611832622	1	6	9	9	25	NA	NA	NA	NA
"CTS_4"	"Coro2b"	0.028566593974167	0.0183732974767654	"CTS"	0.00709535814350543	0.000131395521176027	4	14	10	10	16.5	NA	NA	NA	NA
"CTS_4"	"Dapk2"	0.0231790754913796	0.00345737225666273	"CTS"	0.0033573606309634	6.21733450178408e-05	2.7879899201115	16	18	18	18	NA	NA	NA	NA
"CTS_4"	"Ddah1"	0.00480769230769231	0	"CTS"	0	0	NA	41.5	41.5	41.5	NA	NA	NA	NA	NA
"CTS_4"	"Ephx1"	0.00480769230769231	0	"CTS"	0	0	NA	41.5	41.5	41.5	NA	NA	NA	NA	NA
"CTS_4"	"Ermap"	0.00480769230769231	0	"CTS"	0	0	NA	41.5	41.5	41.5	NA	NA	NA	NA	NA
"CTS_4"	"Esrp2"	0.00480769230769231	0	"CTS"	0	0	NA	41.5	41.5	41.5	NA	NA	NA	NA	NA
"CTS_4"	"Fcer1g"	0.032051282051282	0	"CTS"	0.00502302153143677	9.3018917248829e-05	1	10.5	14.5	14.5	25	NA	NA	NA	NA
"CTS_4"	"Fgf3"	0.00480769230769231	0	"CTS"	0	0	NA	41.5	41.5	41.5	NA	NA	NA	NA	NA
"CTS_4"	"Gypa"	0.0247430187556113	0.0973907755050267	"CTS"	0.00881469480911135	0.000163235089057618	7.20567015938989	15	8	8	6	NA	NA	NA	NA
"CTS_4"	"Icam4"	0.0119335239278502	0.0246818437652123	"CTS"	0.00247672646188122	4.58653048496522e-05	4.43121812103881	24	21	21	13	NA	NA	NA	NA
"CTS_4"	"Kel"	0.00781914582307612	0.0209734326403111	"CTS"	0.00139140230447113	2.57667093420579e-05	9	26	24	24	1	NA	NA	NA	NA
"CTS_4"	"Klf1"	0.0161361146547918	0.189712385269249	"CTS"	0.00585135611741728	0.000108358446618839	7.58466410945125	19	11	11	3	NA	NA	NA	NA
"CTS_4"	"Mageb16"	0.00480769230769231	0	"CTS"	0	0	NA	41.5	41.5	41.5	NA	NA	NA	NA	NA
"CTS_4"	"Pak6"	0.0169923992807671	0.000440860866624313	"CTS"	0.00210776393790543	3.90326655167673e-05	2.06944465963673	18	22	22	20	NA	NA	NA	NA
"CTS_4"	"Paqr9"	0.00480769230769231	0	"CTS"	0	0	NA	41.5	41.5	41.5	NA	NA	NA	NA	NA
"CTS_4"	"Pcyt1b"	0.00480769230769231	0	"CTS"	0	0	NA	41.5	41.5	41.5	NA	NA	NA	NA	NA
"CTS_4"	"Phlda2"	0.00480769230769231	0	"CTS"	0	0	NA	41.5	41.5	41.5	NA	NA	NA	NA	NA
"CTS_4"	"Popdc2"	0.00480769230769231	0	"CTS"	0	0	NA	41.5	41.5	41.5	NA	NA	NA	NA	NA
"CTS_4"	"Prkg1"	0.0409091965678656	0.0724705282356421	"CTS"	0.0103845537274311	0.000192306550507984	2.41060960519305	7	7	7	19	NA	NA	NA	NA
"CTS_4"	"Ptpdc1"	0.00480769230769231	0	"CTS"	0	0	NA	41.5	41.5	41.5	NA	NA	NA	NA	NA
"CTS_4"	"Reps2"	0.00481892861223903	0.000165778367374742	"CTS"	5.83737005576304e-06	1.08099445477093e-07	5	27	27	27	10.5	NA	NA	NA	NA
"CTS_4"	"Rhag"	0.0473482182315005	0.4731907500476	"CTS"	0.0197864673845177	0.000366416062676254	5.68732211466286	5	5	5	9	NA	NA	NA	NA
"CTS_4"	"Rhd"	0.0134642067332007	0.013713029904259	"CTS"	0.00355447826200276	6.58236715185696e-05	4	22	17	17	16.5	NA	NA	NA	NA
"CTS_4"	"Rln1"	0.032051282051282	0	"CTS"	0.00137119900431338	2.53925741539516e-05	1	10.5	25.5	25.5	25	NA	NA	NA	NA
"CTS_4"	"Samd11"	0.00480769230769231	0	"CTS"	0	0	NA	41.5	41.5	41.5	NA	NA	NA	NA	NA
"CTS_4"	"Serpine1"	0.0192847718670671	0	"CTS"	0.00308544435916819	5.71378585031147e-05	2	17	19	19	21.5	NA	NA	NA	NA
"CTS_4"	"Slc24a1"	0.00480769230769231	0	"CTS"	0	0	NA	41.5	41.5	41.5	NA	NA	NA	NA	NA
"CTS_4"	"Slc25a21"	0.00480769230769231	0	"CTS"	0	0	NA	41.5	41.5	41.5	NA	NA	NA	NA	NA
"CTS_4"	"Slc38a5"	0.00480769230769231	0	"CTS"	0	0	NA	41.5	41.5	41.5	NA	NA	NA	NA	NA
"CTS_4"	"Slc4a1"	0.0751726312305547	0.421857174192738	"CTS"	0.0295226428115455	0.000546715607621212	4.07811905571206	2	3	3	15	NA	NA	NA	NA
"CTS_4"	"Slc6a5"	0.00480769230769231	0	"CTS"	0	0	NA	41.5	41.5	41.5	NA	NA	NA	NA	NA
"CTS_4"	"Sox30"	0.00480769230769231	0	"CTS"	0	0	NA	41.5	41.5	41.5	NA	NA	NA	NA	NA
"CTS_4"	"Spire2"	0.00480769230769231	0	"CTS"	0	0	NA	41.5	41.5	41.5	NA	NA	NA	NA	NA
"CTS_4"	"Spta1"	0.112762863573833	1	"CTS"	0.0510327016177486	0.000945050029958307	4.33073268996829	1	1	1	14	NA	NA	NA	NA
"CTS_4"	"Sptb"	0.0564764268424451	0.794802591110632	"CTS"	0.0249390474693382	0.000461834212395152	7.41941488252222	4	4	4	4	NA	NA	NA	NA
"CTS_4"	"Tgfbr3"	0.00480769230769231	0	"CTS"	0	0	NA	41.5	41.5	41.5	NA	NA	NA	NA	NA
"CTS_4"	"Tm4sf20"	0.00480769230769231	0	"CTS"	0	0	NA	41.5	41.5	41.5	NA	NA	NA	NA	NA
"CTS_4"	"Tnfsf4"	0.00480769230769231	0	"CTS"	0	0	NA	41.5	41.5	41.5	NA	NA	NA	NA	NA
"CTS_4"	"Trim10"	0.0136353261663354	0.118629854162964	"CTS"	0.00451232068745845	8.35614942121935e-05	6.99687040580192	21	16	16	7	NA	NA	NA	NA
"CTS_4"	"Tspan8"	0.00480769230769231	0	"CTS"	0	0	NA	41.5	41.5	41.5	NA	NA	NA	NA	NA
"CTS_4"	"Tspo2"	0.032051282051282	0	"CTS"	0.00502302153143677	9.3018917248829e-05	1	10.5	14.5	14.5	25	NA	NA	NA	NA
"CTS_4"	"Tubb3"	0.032051282051282	2.82859337001416e-18	"CTS"	0.00137119900431338	2.53925741539516e-05	1	10.5	25.5	25.5	25	NA	NA	NA	NA
"HiG_0"	"Abcc5"	0.000450606066906749	0.000395177722900227	"HiG"	0.00232044232540633	4.09249087373251e-06	26.3715217750433	479	483	483	326	NA	NA	NA	NA
"HiG_0"	"Abcd2"	0.00051839565101794	0.000100506385496461	"HiG"	0.00181903386261272	3.20817259720056e-06	7	455	501	501	527.5	NA	NA	NA	NA
"HiG_0"	"Abhd5"	0.00122819171162347	2.77416484462285e-05	"HiG"	0.00464571702041792	8.19350444518152e-06	5.7471901148402	274	432	432	538	NA	NA	NA	NA
"HiG_0"	"Abtb1"	0.000425952655714328	0.00581209018897466	"HiG"	0.00273927413643193	4.83117131645844e-06	60	490	467	467	36.5	NA	NA	NA	NA
"HiG_0"	"Acadm"	0.000958107811755459	0.00359735744812444	"HiG"	0.00597575318195586	1.05392472344901e-05	33.8956852809399	340	397	397	198	NA	NA	NA	NA
"HiG_0"	"Acox3"	0.00042038671239349	3.61887994666562e-05	"HiG"	0.00109325517857636	1.92813964475549e-06	10	495	521	521	506	NA	NA	NA	NA
"HiG_0"	"Acsl1"	0.00110065240187866	0.00295618110316729	"HiG"	0.00980307866298523	1.72893803579986e-05	32.1959216159102	304	327	327	229	NA	NA	NA	NA
"HiG_0"	"Acta2"	0.00204549387711851	0.0110508254608568	"HiG"	0.0286388263018423	5.05093938304097e-05	20.3909594424175	152	152	152	411	NA	NA	NA	NA
"HiG_0"	"Actn1"	0.00429287363775521	0.0343765378632755	"HiG"	0.0705863834315325	0.000124490976069722	43.0715965251225	44	44	44	89	NA	NA	NA	NA
"HiG_0"	"Acy1"	0.000324058336213199	0.0013805690327023	"HiG"	0.000938274276965646	1.6548047212798e-06	131	536	528	528	4	NA	NA	NA	NA
"HiG_0"	"Adam8"	0.000574274471649366	0.00870650320397026	"HiG"	0.00544510580115385	9.60336120132955e-06	48.8314555672586	443	407	407	62	NA	NA	NA	NA
"HiG_0"	"Adgra3"	0.000285231210611701	1.23476165968769e-05	"HiG"	0.000241634842064977	4.26163742619007e-07	20	546	546	546	422.5	NA	NA	NA	NA
"HiG_0"	"Adgre1"	0.00124816463884795	0.000913553648626482	"HiG"	0.0149684789225891	2.63994337259068e-05	24.5559909122222	270	267	267	349	NA	NA	NA	NA
"HiG_0"	"Adgrg1"	0.00079817791854387	0.000374060157802474	"HiG"	0.00804614977738312	1.41907403481184e-05	20.5826109789003	372	359	359	408	NA	NA	NA	NA
"HiG_0"	"Adgrl4"	0.000686426912987368	0.000257538400798761	"HiG"	0.00550898119147081	9.71601621070689e-06	6.13965198504062	403	404	404	533	NA	NA	NA	NA
"HiG_0"	"Adpgk"	0.00180464464093006	0.0075161374311325	"HiG"	0.0148210045333873	2.61393378013885e-05	19.6834855418538	177	271	271	428	NA	NA	NA	NA
"HiG_0"	"Afap1l1"	0.000760618201916057	0.000381193002356749	"HiG"	0.00671650209806517	1.1845682712637e-05	21.2745399389491	384	386	386	400	NA	NA	NA	NA
"HiG_0"	"Agl"	0.00107483674539128	0.00564110105705712	"HiG"	0.0109807315328757	1.9366369546518e-05	24.0165103561087	310	315	315	361	NA	NA	NA	NA
"HiG_0"	"Agpat2"	0.000882875332934148	0.000165050385675077	"HiG"	0.0044826135006757	7.90584391653562e-06	18.0786810220667	350	434	434	447	NA	NA	NA	NA
"HiG_0"	"Agps"	0.00108371637400985	0.00600459653607027	"HiG"	0.00678386496190493	1.19644884689681e-05	14.6372125008623	309	385	385	481	NA	NA	NA	NA
"HiG_0"	"Agtrap"	0.000421898173406514	0.000196040063023502	"HiG"	0.00201693336431017	3.55720170072341e-06	15.7172852110794	492	493	493	466	NA	NA	NA	NA
"HiG_0"	"Ak1"	0.000844524828722468	0.00239817037858308	"HiG"	0.00741006309306164	1.3068894344024e-05	32.4429650569566	359	374	374	222	NA	NA	NA	NA
"HiG_0"	"Ak4"	0.0016101204283752	0.00399090171602072	"HiG"	0.0157747366798319	2.78214050790687e-05	22.2243315469951	199	259	259	391	NA	NA	NA	NA
"HiG_0"	"Alas1"	0.000770329505049452	0.00216577014819534	"HiG"	0.00809802810503556	1.42822365168176e-05	20.2935720910659	380	356	356	413	NA	NA	NA	NA
"HiG_0"	"Alcam"	0.00137553320113075	0.00522263547349848	"HiG"	0.0179318366135225	3.16258141331967e-05	31.1160847672873	247	237	237	251	NA	NA	NA	NA
"HiG_0"	"Aldoc"	0.000967994162821676	0.00355489554526975	"HiG"	0.0100678287092411	1.77563116565099e-05	20.0176658280202	335	326	326	421	NA	NA	NA	NA
"HiG_0"	"Als2cl"	0.000271394970147764	8.64564188975494e-18	"HiG"	0	0	NA	559.5	559.5	559.5	NA	NA	NA	NA	NA
"HiG_0"	"Angptl2"	0.000489821697073135	0.000962412463302455	"HiG"	0.00344658539262553	6.07863384942774e-06	18.0539362510838	469	457	457	448	NA	NA	NA	NA
"HiG_0"	"Antxr2"	0.000343808005861114	6.48643043553667e-05	"HiG"	0.00120869290165533	2.13173351261963e-06	20.0482989549907	529	518	518	420	NA	NA	NA	NA
"HiG_0"	"Anxa1"	0.00215004502058419	0.0140155979921747	"HiG"	0.0310889873941412	5.48306655981327e-05	30.8728047513071	144	143	143	253	NA	NA	NA	NA
"HiG_0"	"Anxa3"	0.00122328673306863	0.00111065898846672	"HiG"	0.0147296962796009	2.59783003167564e-05	15.5909891642364	276	274	274	469	NA	NA	NA	NA
"HiG_0"	"Anxa4"	0.00126114369129852	0.00183787343676958	"HiG"	0.015439947223928	2.72309474848817e-05	16.2064103198171	269	260	260	464	NA	NA	NA	NA
"HiG_0"	"Anxa6"	0.00109472120679308	0.00127508059240951	"HiG"	0.0112139043418193	1.97776090684644e-05	20.9558819970645	305	309	309	404	NA	NA	NA	NA
"HiG_0"	"Aoah"	0.000708418439962324	0.000661259067214295	"HiG"	0.00845904564107449	1.49189517479268e-05	37.7739586608868	396	351	351	136	NA	NA	NA	NA
"HiG_0"	"Apex1"	0.00993423349401465	0.230583277678656	"HiG"	0.149657394643875	0.000263946022299602	26.6803031593015	5	8	8	322	NA	NA	NA	NA
"HiG_0"	"App"	0.0214068070228602	0.159903981618884	"HiG"	0.324184327736497	0.000571753664438266	22.2311025897371	1	1	1	390	NA	NA	NA	NA
"HiG_0"	"Aqp9"	0.000622203279746588	0.000859358946397723	"HiG"	0.00595831428167498	1.05084907966049e-05	22.5115397728287	424	399	399	384	NA	NA	NA	NA
"HiG_0"	"Arfgef2"	0.00101548501282774	0.0176198845106131	"HiG"	0.0104152878215348	1.83691143236946e-05	16.697187660897	326	323	323	460	NA	NA	NA	NA
"HiG_0"	"Arhgef18"	0.000790960457329574	0.000699933231138096	"HiG"	0.00584409391141718	1.030704393548e-05	11.9106915218837	374	400	400	498	NA	NA	NA	NA
"HiG_0"	"Arhgef3"	0.000621020879857706	0.00148076980005406	"HiG"	0.00381086340045349	6.72109947169927e-06	19.4618717387977	425	450	450	434	NA	NA	NA	NA
"HiG_0"	"Armcx2"	0.000446266965874208	0.00693377046192068	"HiG"	0.00373598359185335	6.58903631720167e-06	44.901639247594	481	451	451	82	NA	NA	NA	NA
"HiG_0"	"Arsb"	0.000654978067059236	0.00159001304653904	"HiG"	0.00647681457264196	1.14229533909029e-05	33.8437227683458	415	389	389	199	NA	NA	NA	NA
"HiG_0"	"Arx"	0.000806453167388814	0.00106211125105291	"HiG"	0.00893128657159929	1.57518281686055e-05	24.4111155442703	369	340	340	355	NA	NA	NA	NA
"HiG_0"	"Atad3a"	0.00201421057826006	0.0196780118937768	"HiG"	0.0307520457467729	5.42364122518041e-05	41.833781689234	154	144	144	97	NA	NA	NA	NA
"HiG_0"	"Atf5"	0.00118180453913789	0.00356295866015497	"HiG"	0.0150322611737452	2.65119244686864e-05	18.0807603867083	285	264	264	446	NA	NA	NA	NA
"HiG_0"	"Atrnl1"	0.00035189843121193	0.000295284521479088	"HiG"	0.00128884318379822	2.27309203491749e-06	50.3719564085985	524	516	516	52	NA	NA	NA	NA
"HiG_0"	"Azin2"	0.00074494446183558	0.000845705684898378	"HiG"	0.00483131516301507	8.52083803000894e-06	7.43249739513619	386	430	430	523	NA	NA	NA	NA
"HiG_0"	"B3gnt5"	0.000770096453195608	6.48826352997586e-06	"HiG"	0.00248644539118378	4.38526524018304e-06	3.57660531801552	381	476	476	547	NA	NA	NA	NA
"HiG_0"	"B4galnt4"	0.000271394970147764	8.64564188975494e-18	"HiG"	0	0	NA	559.5	559.5	559.5	NA	NA	NA	NA	NA
"HiG_0"	"B4galt6"	0.00106607147151731	3.1350354747335e-05	"HiG"	0.00409343782333746	7.21946706055989e-06	6.21058926306102	313	439	439	532	NA	NA	NA	NA
"HiG_0"	"Bace1"	0.00178351430915406	0.0240466637478286	"HiG"	0.0252131066015369	4.44675601438041e-05	84.4588992633825	180	172	172	14	NA	NA	NA	NA
"HiG_0"	"Bag2"	0.00323626648958761	0.066288489129302	"HiG"	0.0562186946507344	9.91511369501489e-05	40.5366612026666	73	70	70	109	NA	NA	NA	NA
"HiG_0"	"Bahcc1"	0.000392083313289964	0.00283100545805581	"HiG"	0.00212706337653434	3.7514345265156e-06	69.7577905018981	507	489	489	25	NA	NA	NA	NA
"HiG_0"	"Bcat1"	0.000964761513273815	0.00301252103490402	"HiG"	0.0111529934211714	1.9670182400655e-05	20.4075655373177	337	310	310	410	NA	NA	NA	NA
"HiG_0"	"Bcl11a"	0.00104405667278948	0.00574635149487888	"HiG"	0.0118463361764371	2.08930091295188e-05	50.6805519881722	320	301	301	51	NA	NA	NA	NA
"HiG_0"	"Bcl2"	0.00427612088827317	0.0238880374674199	"HiG"	0.0656312542749628	0.000115751771208047	34.1367162785368	46	53	53	192	NA	NA	NA	NA
"HiG_0"	"Bcl3"	0.00232665127978516	0.0192067839665275	"HiG"	0.0376169226592455	6.63437789404682e-05	45.308897066554	128	115	115	77	NA	NA	NA	NA
"HiG_0"	"Bnip3"	0.00186280895496427	0.0318993722377487	"HiG"	0.0264498018916684	4.66486805849531e-05	24.9607943031287	171	167	167	345	NA	NA	NA	NA
"HiG_0"	"Bri3"	0.000543397852069962	0.000337542479793205	"HiG"	0.00387590468144758	6.8358107256571e-06	12.9732731786218	449	448	448	492	NA	NA	NA	NA
"HiG_0"	"Bst2"	0.00157463286996341	0.00589869817188091	"HiG"	0.0251757753014112	4.4401720108309e-05	24.6235823199868	207	173	173	347	NA	NA	NA	NA
"HiG_0"	"Btg2"	0.000582790592456225	0.0109362924294601	"HiG"	0.0052883565668353	9.32690752528272e-06	31.4140666302071	440	414	414	246	NA	NA	NA	NA
"HiG_0"	"Bzw2"	0.000968746186420486	0.0135639087370826	"HiG"	0.0110300141577966	1.94532877562551e-05	30.8711843893667	334	313	313	254	NA	NA	NA	NA
"HiG_0"	"C3"	0.00593139742885062	0.0101033483205599	"HiG"	0.100819533238829	0.000177812227934442	28.0921058858357	24	25	25	299	NA	NA	NA	NA
"HiG_0"	"Cacna1a"	0.000401600051967924	0.00024537976226233	"HiG"	0.00164626383092505	2.90346354660503e-06	17.1242967162967	502	508	508	457	NA	NA	NA	NA
"HiG_0"	"Cad"	0.00519347906407358	0.115371687915607	"HiG"	0.0908274704191416	0.000160189542185435	35.8844083312351	31	31	31	166	NA	NA	NA	NA
"HiG_0"	"Capn2"	0.00220126862217759	0.0120290903315058	"HiG"	0.032778405851672	5.78102395973052e-05	25.8250244064524	139	134	134	335	NA	NA	NA	NA
"HiG_0"	"Casp6"	0.00312588444888085	0.0196137568017021	"HiG"	0.0477050172861208	8.41358329561213e-05	36.4789262338803	80	90	90	159	NA	NA	NA	NA
"HiG_0"	"Cbx2"	0.000613860336593297	0.00764234740488435	"HiG"	0.00623684723028106	1.09997305648696e-05	61.4855008884722	428	393	393	33	NA	NA	NA	NA
"HiG_0"	"Ccdc125"	0.000481875185390899	5.20918803685134e-05	"HiG"	0.00172100833263761	3.03528806461659e-06	12	472	505	505	496	NA	NA	NA	NA
"HiG_0"	"Ccl3"	0.0024576328142423	0.00337490103074361	"HiG"	0.0311615378458947	5.49586205394968e-05	30.7242097329123	119	142	142	256	NA	NA	NA	NA
"HiG_0"	"Ccl4"	0.00248868344247245	0.0109104102514942	"HiG"	0.0390093962543173	6.87996406601716e-05	40.3040037629407	115	108	108	111	NA	NA	NA	NA
"HiG_0"	"Ccpg1"	0.00206945208606453	0.000748193907855967	"HiG"	0.0153534946485466	2.70784738069605e-05	4.10728863873671	150	262	262	545	NA	NA	NA	NA
"HiG_0"	"Ccr1"	0.00738357489522511	0.00821990832821632	"HiG"	0.114179625933281	0.000201375001645999	22.52515406996	10	17	17	382	NA	NA	NA	NA
"HiG_0"	"Ccr2"	0.0015606831950045	0.00165844420484018	"HiG"	0.021720780571773	3.8308254976672e-05	23.2528114989026	212	202	202	374	NA	NA	NA	NA
"HiG_0"	"Cd14"	0.00309918055278176	0.00483241742935059	"HiG"	0.0525966486691878	9.2763048799273e-05	28.1414866546472	81	77	77	297	NA	NA	NA	NA
"HiG_0"	"Cd244"	0.00135038614451815	0.00192145789677602	"HiG"	0.0194582018030753	3.43178162311734e-05	39.0360356843572	251	219	219	121	NA	NA	NA	NA
"HiG_0"	"Cd27"	0.00205260754586075	0.0026829312807624	"HiG"	0.0288707838760497	5.09184900812164e-05	23.1545062753899	151	151	151	375	NA	NA	NA	NA
"HiG_0"	"Cd28"	0.00308700500695317	0.00482867399143586	"HiG"	0.0512720498138331	9.0426895615226e-05	29.6283649342206	84	79	79	267	NA	NA	NA	NA
"HiG_0"	"Cd300lb"	0.000675437416342008	0.00454734012049742	"HiG"	0.00770402536988461	1.35873463313662e-05	78.443236691078	408	370	370	16	NA	NA	NA	NA
"HiG_0"	"Cd320"	0.000902992171349249	0.000151185312354374	"HiG"	0.00678840519937352	1.19724959424577e-05	4.67767779182264	345	384	384	543	NA	NA	NA	NA
"HiG_0"	"Cd33"	0.00266025619089135	0.00346019567556119	"HiG"	0.0435603121154128	7.6825947293497e-05	32.7050204024409	102	100	100	214	NA	NA	NA	NA
"HiG_0"	"Cd34"	0.000328045364837945	0.000268154973384779	"HiG"	0.000990896948804571	1.74761366632199e-06	20.0598413284708	533	526	526	419	NA	NA	NA	NA
"HiG_0"	"Cd48"	0.00481059950692874	0.00501997328279667	"HiG"	0.0799841451652879	0.000141065511755358	24.3698475134047	35	37	37	356	NA	NA	NA	NA
"HiG_0"	"Cd69"	0.000957178409623092	0.00104736261709971	"HiG"	0.0109286554281231	1.92745245645911e-05	22.8464187078736	341	316	316	378	NA	NA	NA	NA
"HiG_0"	"Cd74"	0.0060388815635493	0.0108219555046227	"HiG"	0.0993528671723816	0.000175225515295206	29.5604786126185	22	26	26	268	NA	NA	NA	NA
"HiG_0"	"Cd84"	0.00116695274099101	0.00157467372015358	"HiG"	0.0162937081375747	2.87366986553346e-05	30.0876018292702	289	254	254	262	NA	NA	NA	NA
"HiG_0"	"Cd93"	0.00315748903826654	0.00426035116396354	"HiG"	0.0499451574868026	8.80866975075883e-05	29.4839701059166	79	84	84	269	NA	NA	NA	NA
"HiG_0"	"Cdk18"	0.0012982922583729	0.00328941010247303	"HiG"	0.0090232520117602	1.59140247120991e-05	34.6573339709743	262	339	339	185	NA	NA	NA	NA
"HiG_0"	"Cdk6"	0.0014708347610975	0.0309361913075764	"HiG"	0.0202802256018349	3.57675936540298e-05	63.9329926074443	225	210	210	29	NA	NA	NA	NA
"HiG_0"	"Cdkn3"	0.001051543175045	0.00293762972354542	"HiG"	0.0122111833978039	2.15364786557387e-05	18.2370764348464	317	297	297	445	NA	NA	NA	NA
"HiG_0"	"Cebpa"	0.00669012856218501	0.044368761194131	"HiG"	0.106301655480123	0.00018748087386265	26.3647990599048	16	22	22	327	NA	NA	NA	NA
"HiG_0"	"Cebpd"	0.00148278533533211	0.0101345103105618	"HiG"	0.0221378459812546	3.90438200727594e-05	39.967442607765	222	196	196	113	NA	NA	NA	NA
"HiG_0"	"Cebpe"	0.00168018070356377	0.00633175529912079	"HiG"	0.0252147305684886	4.44704242830487e-05	37.6412726829393	192	171	171	137	NA	NA	NA	NA
"HiG_0"	"Cenpv"	0.00151837007066185	0.068029358524554	"HiG"	0.0262386432796622	4.62762668071644e-05	56.7560316180444	217	168	168	44	NA	NA	NA	NA
"HiG_0"	"Cfp"	0.00159277988305345	0.00255879955154272	"HiG"	0.0266646870314244	4.70276667220888e-05	37.4101424013304	205	165	165	139	NA	NA	NA	NA
"HiG_0"	"Chdh"	0.000303965917335787	4.29201910813384e-06	"HiG"	0.000321980693582614	5.67867184449055e-07	5	542	542	542	540	NA	NA	NA	NA
"HiG_0"	"Ckap4"	0.00295974885903684	0.0231311554102468	"HiG"	0.034984792472232	6.17015740251006e-05	36.347454543699	91	124	124	160	NA	NA	NA	NA
"HiG_0"	"Cldn15"	0.00043576475306878	2.70911808414997e-08	"HiG"	0.000242291078842018	4.273211267055e-07	3	487	545	545	549	NA	NA	NA	NA
"HiG_0"	"Clec10a"	0.0014585338597167	0.00121072419137	"HiG"	0.0168207156753485	2.96661652122549e-05	15.8158251617556	230	246	246	465	NA	NA	NA	NA
"HiG_0"	"Clec12a"	0.00194099148039204	0.0118927281734892	"HiG"	0.0250553514988359	4.4189332449446e-05	49.0319795629949	157	175	175	59	NA	NA	NA	NA
"HiG_0"	"Clec4d"	0.00166358285774947	0.01458070193891	"HiG"	0.022066484617815	3.89179622889154e-05	30.2822058010153	194	199	199	258	NA	NA	NA	NA
"HiG_0"	"Clec4e"	0.00190611780204763	0.0136804463973854	"HiG"	0.0242483669350924	4.27660792506039e-05	30.9581210933078	160	181	181	252	NA	NA	NA	NA
"HiG_0"	"Clec5a"	0.000997368943444939	0.00161132938072786	"HiG"	0.012435371559683	2.19318722392997e-05	25.1584119989873	332	294	294	340	NA	NA	NA	NA
"HiG_0"	"Cluh"	0.00190744387347166	0.0403558779493428	"HiG"	0.0278680323810241	4.91499689259684e-05	17.236111023398	159	157	157	455	NA	NA	NA	NA
"HiG_0"	"Clybl"	0.000271394970147764	8.64564188975494e-18	"HiG"	0	0	NA	559.5	559.5	559.5	NA	NA	NA	NA	NA
"HiG_0"	"Cmpk2"	0.000638406335543697	0.00211336797549954	"HiG"	0.00793405934301072	1.39930499876732e-05	25.5925969176585	419	363	363	338	NA	NA	NA	NA
"HiG_0"	"Cnn2"	0.00134849797745969	0.00717344546334078	"HiG"	0.0167472143154141	2.95365331841519e-05	21.4021024447426	252	247	247	397	NA	NA	NA	NA
"HiG_0"	"Cnn3"	0.00144145871316776	0.0062971871316663	"HiG"	0.0190891791970609	3.36669827108658e-05	28.7914879294637	234	223	223	281	NA	NA	NA	NA
"HiG_0"	"Cnp"	0.00105493443095745	0.00952702865146118	"HiG"	0.0113979716295708	2.0102242732929e-05	41.0311519838658	316	304	304	102	NA	NA	NA	NA
"HiG_0"	"Col4a2"	0.00214481640321799	0.00499070332123574	"HiG"	0.0329021962183305	5.80285647589603e-05	34.4568668116284	145	133	133	190	NA	NA	NA	NA
"HiG_0"	"Cpa3"	0.000388211029837024	0.000345759748438433	"HiG"	0.0016244564300787	2.86500252218466e-06	32	509	509	509	232	NA	NA	NA	NA
"HiG_0"	"Cpd"	0.00156247972995868	0.0040274433045341	"HiG"	0.0171075227878094	3.01719978620976e-05	29.3314654273263	211	244	244	272	NA	NA	NA	NA
"HiG_0"	"Cpne3"	0.000713556784425341	0.00546708522360634	"HiG"	0.00699629008339363	1.23391359495478e-05	45.1958177896542	393	382	382	78	NA	NA	NA	NA
"HiG_0"	"Cpox"	0.000492090827063295	0.00416231182807423	"HiG"	0.00434040124436835	7.65502864967964e-06	43.733860696753	468	436	436	85	NA	NA	NA	NA
"HiG_0"	"Creb3l2"	0.00121310218006575	9.02352123831071e-05	"HiG"	0.00513133958017822	9.04998162288928e-06	6.98260296156989	279	417	417	530	NA	NA	NA	NA
"HiG_0"	"Csf1r"	0.00320894810075714	0.0118649385850896	"HiG"	0.0558912145533614	9.85735706408491e-05	40.7665486824223	75	71	71	104	NA	NA	NA	NA
"HiG_0"	"Csf2rb"	0.00209344473702098	0.0042576867362776	"HiG"	0.0337987870815507	5.96098537593487e-05	35.8543289679473	147	131	131	168	NA	NA	NA	NA
"HiG_0"	"Ctr9"	0.000909405986931356	0.0150744789109064	"HiG"	0.0113879627878813	2.00845904548171e-05	40.6643084005841	344	305	305	108	NA	NA	NA	NA
"HiG_0"	"Ctsb"	0.00366030419362204	0.0196908978640857	"HiG"	0.0575196225014251	0.000101445542330556	36.939692407623	63	67	67	149	NA	NA	NA	NA
"HiG_0"	"Ctsc"	0.00224827654763516	0.00265029325700529	"HiG"	0.0369431599279988	6.51554848818322e-05	36.5913450803464	136	117	117	157	NA	NA	NA	NA
"HiG_0"	"Ctsd"	0.00304482191629636	0.049774703816915	"HiG"	0.0470457485315043	8.2973101466498e-05	46.1965261973272	87	93	93	71	NA	NA	NA	NA
"HiG_0"	"Ctsg"	0.00440618767968444	0.0106451692718224	"HiG"	0.074917861692286	0.000132130267534896	31.2951682419865	41	41	41	247	NA	NA	NA	NA
"HiG_0"	"Ctss"	0.00289010622656337	0.00528501656139434	"HiG"	0.0481637458722988	8.49448780816557e-05	32.2196015827822	93	89	89	227	NA	NA	NA	NA
"HiG_0"	"Cxcr2"	0.000886600952046444	0.000868618697743984	"HiG"	0.010552696413845	1.86114575200088e-05	34.622281736098	349	320	320	188	NA	NA	NA	NA
"HiG_0"	"Cxcr4"	0.00435501175488533	0.00423438491399168	"HiG"	0.0592487852232768	0.000104495212033998	23.4894901550456	43	65	65	371	NA	NA	NA	NA
"HiG_0"	"Cyba"	0.00265370220602678	0.00582927714207591	"HiG"	0.0469591035301118	8.28202884128957e-05	27.0339172132334	103	94	94	319	NA	NA	NA	NA
"HiG_0"	"Cybb"	0.00418941516200948	0.00725124948052302	"HiG"	0.0762531875463497	0.000134485339587918	28.2948909187009	48	40	40	293	NA	NA	NA	NA
"HiG_0"	"Cyp11a1"	0.000309221792342596	7.30448035276359e-05	"HiG"	0.000624687144903465	1.10174099630241e-06	26.7150076291672	541	538	538	321	NA	NA	NA	NA
"HiG_0"	"Cystm1"	0.000539726681391687	0.000370177936010857	"HiG"	0.00360557128413463	6.35903224715102e-06	10.1565472133081	451	454	454	502	NA	NA	NA	NA
"HiG_0"	"Dab2"	0.00412042078177021	0.0167301463916947	"HiG"	0.0660567700413293	0.000116502239931798	36.2426129016271	49	52	52	162	NA	NA	NA	NA
"HiG_0"	"Dach1"	0.00134664065880662	0.0180262780438947	"HiG"	0.0196156275304072	3.45954630165912e-05	52.2929216696596	253	218	218	48	NA	NA	NA	NA
"HiG_0"	"Daxx"	0.00361540008502567	0.0444252380022414	"HiG"	0.055076310235807	9.71363496222345e-05	45.0673183104589	64	75	75	80	NA	NA	NA	NA
"HiG_0"	"Dctd"	0.000436517371655032	0.00360673463617009	"HiG"	0.00339739391364122	5.99187639090162e-06	37	486	459	459	147.5	NA	NA	NA	NA
"HiG_0"	"Dctpp1"	0.000704294169875991	0.0135680747341642	"HiG"	0.00779324706429529	1.37447038170993e-05	88.096085608104	398	368	368	13	NA	NA	NA	NA
"HiG_0"	"Ddhd1"	0.000303955484814968	0.000202377927817927	"HiG"	0.000550993980900664	9.71770689419161e-07	37	543	539	539	147.5	NA	NA	NA	NA
"HiG_0"	"Ddt"	0.000289709871206966	3.2480905382767e-05	"HiG"	0.000252093688976071	4.44609680733811e-07	18	545	543	543	451	NA	NA	NA	NA
"HiG_0"	"Ddx21"	0.00846689205097643	0.450084590243016	"HiG"	0.169181046337683	0.000298379270436831	35.460821768479	7	6	6	174	NA	NA	NA	NA
"HiG_0"	"Desi1"	0.000344367649667801	0.00107834977038039	"HiG"	0.00116746892020817	2.05902807796855e-06	50	528	519	519	56	NA	NA	NA	NA
"HiG_0"	"Dgat2"	0.000582118437200134	2.18227020400106e-05	"HiG"	0.00357706548581129	6.30875747056664e-06	7	441	455	455	527.5	NA	NA	NA	NA
"HiG_0"	"Dhrs7"	0.00137147023054432	0.00068637765745564	"HiG"	0.015878618505762	2.80046181759471e-05	18.4590359754485	248	257	257	442	NA	NA	NA	NA
"HiG_0"	"Dhx58"	0.000727428635225529	0.00199199044798346	"HiG"	0.00785379082328512	1.38514829334835e-05	28.7869597163026	391	366	366	282	NA	NA	NA	NA
"HiG_0"	"Dkc1"	0.00623699802445647	0.445203617793944	"HiG"	0.131775785770353	0.000232408793245772	35.5351672420689	21	11	11	173	NA	NA	NA	NA
"HiG_0"	"Dkkl1"	0.000787479714135772	0.000365526333904886	"HiG"	0.00394366819314706	6.95532309197013e-06	23.5520033912131	375	447	447	370	NA	NA	NA	NA
"HiG_0"	"Dlk1"	0.00185197338745755	0.00071028505393593	"HiG"	0.0199958672643447	3.52660798312958e-05	14.9417708568843	173	213	213	478	NA	NA	NA	NA
"HiG_0"	"Dmkn"	0.000498227433624657	0.00594640825462379	"HiG"	0.00404134945336904	7.12760044685897e-06	131	465	443	443	4	NA	NA	NA	NA
"HiG_0"	"Dnajc6"	0.000666108570615604	0.00106259621406038	"HiG"	0.00492952020800796	8.69403916756253e-06	15.0837842290275	411	427	427	473	NA	NA	NA	NA
"HiG_0"	"Dnmt3b"	0.00185674807496524	0.0239119356780437	"HiG"	0.0247465634939741	4.36447327936051e-05	42.4944902232697	172	178	178	92	NA	NA	NA	NA
"HiG_0"	"Dok3"	0.00100104063827477	0.000839948045134055	"HiG"	0.00930486672944764	1.64106996992022e-05	26.7979482306829	330	335	335	320	NA	NA	NA	NA
"HiG_0"	"Dram1"	0.000498382105974225	0.00595046298701145	"HiG"	0.00404410516569432	7.13246060969017e-06	131	464	442	442	4	NA	NA	NA	NA
"HiG_0"	"Dstn"	0.00188382404786679	0.0156707222226836	"HiG"	0.0250614640573952	4.42001129760056e-05	39.1026186454814	164	174	174	118	NA	NA	NA	NA
"HiG_0"	"Dtx3l"	0.00105864049871108	0.0027202412747952	"HiG"	0.0134876772744288	2.37877906074583e-05	19.5620432137659	315	288	288	430	NA	NA	NA	NA
"HiG_0"	"Dusp2"	0.000654958783928091	0.000954733553026695	"HiG"	0.00605497119543022	1.06789615439686e-05	23.3665149192635	416	396	396	372	NA	NA	NA	NA
"HiG_0"	"Dusp6"	0.00155709419340204	0.00716563764619333	"HiG"	0.0199024074080547	3.51012476332535e-05	34.4628699894434	213	214	214	189	NA	NA	NA	NA
"HiG_0"	"Egfl7"	0.00113942417741439	0.00128275687968423	"HiG"	0.0136889697116327	2.414280372422e-05	19.5257279694609	296	285	285	432	NA	NA	NA	NA
"HiG_0"	"Egln3"	0.00564548477172221	0.039916021752061	"HiG"	0.0812036890765432	0.000143216382851046	19.6674083881753	27	36	36	429	NA	NA	NA	NA
"HiG_0"	"Eif1ad"	0.000513548196625211	0.000735206617396358	"HiG"	0.00320159658621343	5.64655482577324e-06	19.9460935707142	456	461	461	425	NA	NA	NA	NA
"HiG_0"	"Elane"	0.00662373794069654	0.0188493039025178	"HiG"	0.115171794059052	0.000203124857247005	28.4268304871274	17	16	16	291	NA	NA	NA	NA
"HiG_0"	"Entpd5"	0.000571513352173744	0.000256959384862534	"HiG"	0.00413892584456383	7.29969284755525e-06	8.30065430496679	446	438	438	513	NA	NA	NA	NA
"HiG_0"	"Epb41l4b"	0.000528799970388749	0.00472740916877525	"HiG"	0.00530561100751549	9.35733863759346e-06	24.5086853077452	453	412	412	350	NA	NA	NA	NA
"HiG_0"	"Eps8"	0.00172243822841499	0.00245524639572071	"HiG"	0.0235250911969336	4.14904606647859e-05	33.440745704065	185	184	184	206	NA	NA	NA	NA
"HiG_0"	"Epsti1"	0.000342650029321685	0.00693725481183914	"HiG"	0.00167503722601403	2.95421027515701e-06	49	530	507	507	60	NA	NA	NA	NA
"HiG_0"	"Erg"	0.00121117788784916	0.0220596936038396	"HiG"	0.0172744017853954	3.04663170818261e-05	54.5086866663525	281	243	243	46	NA	NA	NA	NA
"HiG_0"	"Evl"	0.000833896658349985	0.00430722478492207	"HiG"	0.00827000006101146	1.45855380264752e-05	62.0109357517089	361	353	353	32	NA	NA	NA	NA
"HiG_0"	"Exosc2"	0.00146931698491519	0.0873034991950756	"HiG"	0.0232708544688119	4.1042071373566e-05	40.7059495150496	226	185	185	106	NA	NA	NA	NA
"HiG_0"	"F10"	0.00263254290801907	0.00959077267397223	"HiG"	0.0439755149134783	7.7558227360632e-05	36.7736030157686	106	98	98	152	NA	NA	NA	NA
"HiG_0"	"F13a1"	0.00144974927958443	0.00306759649969501	"HiG"	0.01880319596874	3.31626031194709e-05	41.694676846389	233	231	231	98	NA	NA	NA	NA
"HiG_0"	"F2r"	0.000807570781453998	0.000881540089637441	"HiG"	0.00949235672971689	1.67413698936806e-05	27.8212237005152	367	333	333	304	NA	NA	NA	NA
"HiG_0"	"F7"	0.00285947116315898	0.0101014033463643	"HiG"	0.0482075869455422	8.50221991984871e-05	35.047919353559	94	88	88	180	NA	NA	NA	NA
"HiG_0"	"Fabp5"	0.00089074427877254	0.0102499901324232	"HiG"	0.0097991983207858	1.72825367209626e-05	30.5988958005959	348	328	328	257	NA	NA	NA	NA
"HiG_0"	"Fam136a"	0.00139104784712134	0.00144864768146467	"HiG"	0.0116885445741308	2.06147170619591e-05	14.8318114008534	242	302	302	479	NA	NA	NA	NA
"HiG_0"	"Fam216a"	0.000618481656443355	0.000194166487414926	"HiG"	0.00385623481272275	6.80111959915829e-06	10	426	449	449	506	NA	NA	NA	NA
"HiG_0"	"Fam43a"	0.000837589700950991	0.000828731320363969	"HiG"	0.00916521133152246	1.61643938827557e-05	26.352095501785	360	336	336	328	NA	NA	NA	NA
"HiG_0"	"Farsb"	0.00160646652760569	0.0437514318613494	"HiG"	0.0231029441681399	4.07459332771427e-05	31.8721338200688	200	189	189	235	NA	NA	NA	NA
"HiG_0"	"Fbl"	0.0104542971373963	1	"HiG"	0.233834957031509	0.000412407331625236	34.0523922368831	4	3	3	193	NA	NA	NA	NA
"HiG_0"	"Fbxl5"	0.000711880870323499	0.000675280093308045	"HiG"	0.00547420383275308	9.65468048104599e-06	14.3628654906969	394	405	405	485	NA	NA	NA	NA
"HiG_0"	"Fchsd2"	0.000735516428329972	0.000958161282047608	"HiG"	0.00771007870880859	1.35980224141245e-05	38.9785698753662	388	369	369	122	NA	NA	NA	NA
"HiG_0"	"Ffar2"	0.000768232993920882	0.00108896827533553	"HiG"	0.00745425742050589	1.31468384841374e-05	19.3450448159259	382	373	373	438	NA	NA	NA	NA
"HiG_0"	"Fgd4"	0.00156626843452453	0.0008234401687526	"HiG"	0.0142316471809173	2.50999068446513e-05	23.7121373076667	208	278	278	369	NA	NA	NA	NA
"HiG_0"	"Fkbp11"	0.000276929930259842	1.16649134914709e-06	"HiG"	7.58717898973133e-05	1.33812680594909e-07	20	549	549	549	422.5	NA	NA	NA	NA
"HiG_0"	"Flt1"	0.00299309017431588	0.0155849497693482	"HiG"	0.0505173786017996	8.90959058232798e-05	32.8806724998438	89	82	82	212	NA	NA	NA	NA
"HiG_0"	"Fry"	0.000319807987070913	2.00042226117589e-07	"HiG"	0.000240922074695978	4.24906657312131e-07	7	538	547	547	527.5	NA	NA	NA	NA
"HiG_0"	"Fth1"	0.00207725302224441	0.00208322775544434	"HiG"	0.0241251376185037	4.25487435952447e-05	15.0581525797965	149	182	182	474	NA	NA	NA	NA
"HiG_0"	"Fyn"	0.00738876324757785	0.039181850846857	"HiG"	0.118170774304947	0.000208414064029889	33.2670051478922	9	14	14	209	NA	NA	NA	NA
"HiG_0"	"G0s2"	0.000350302540344384	3.66356314426679e-06	"HiG"	0.000754090410128393	1.32996544996189e-06	7.314079324446	525	534	534	524	NA	NA	NA	NA
"HiG_0"	"Gadd45a"	0.00129197288674595	0.0109955568148788	"HiG"	0.0175734530635189	3.0993744380104e-05	31.4627712828768	263	241	241	243	NA	NA	NA	NA
"HiG_0"	"Gar1"	0.00472192852020939	0.351610947317887	"HiG"	0.101213494071413	0.00017850704421766	32.5924813725987	36	24	24	217	NA	NA	NA	NA
"HiG_0"	"Gart"	0.00264842530977978	0.0320513374349551	"HiG"	0.0385668652462171	6.80191626917408e-05	39.6649458966205	104	113	113	114	NA	NA	NA	NA
"HiG_0"	"Gas7"	0.000967389680240043	0.00224627978855949	"HiG"	0.00795903885756116	1.40371055688909e-05	19.2064433445357	336	361	361	439	NA	NA	NA	NA
"HiG_0"	"Gata2"	0.00170098003975248	0.0164240269602265	"HiG"	0.0276157921275725	4.87051007540961e-05	42.7894811128538	189	161	161	91	NA	NA	NA	NA
"HiG_0"	"Gatad2b"	0.00108945404487952	0.00879492508948253	"HiG"	0.010896158192225	1.92172102155645e-05	46.9144172803376	307	317	317	68	NA	NA	NA	NA
"HiG_0"	"Gatm"	0.000271394970147764	8.64564188975494e-18	"HiG"	0	0	NA	559.5	559.5	559.5	NA	NA	NA	NA	NA
"HiG_0"	"Gbe1"	0.00114054809239443	0.00117575337866307	"HiG"	0.00977948545050009	1.72477697539684e-05	24.0997213957709	295	329	329	359	NA	NA	NA	NA
"HiG_0"	"Gca"	0.000732934553401724	0.00026876861278146	"HiG"	0.00372459253356009	6.56894626730175e-06	16.4922864537476	390	452	452	463	NA	NA	NA	NA
"HiG_0"	"Gcnt1"	0.000419681182145392	1.61833908432346e-05	"HiG"	0.00149583691891576	2.63816035082144e-06	6	496	512	512	536	NA	NA	NA	NA
"HiG_0"	"Gda"	0.00050403758899579	0.000426981064307976	"HiG"	0.00344372574715882	6.07359038299616e-06	13.1403343222013	461	458	458	491	NA	NA	NA	NA
"HiG_0"	"Gemin6"	0.00152453678084468	0.0443098233732759	"HiG"	0.0193008250657705	3.40402558479197e-05	25.1550816928313	216	220	220	341	NA	NA	NA	NA
"HiG_0"	"Gfi1"	0.00178948592112977	0.0106574226620897	"HiG"	0.028507679362583	5.0278094113903e-05	39.0498332323745	179	153	153	120	NA	NA	NA	NA
"HiG_0"	"Gimap1"	0.000574792946733489	3.09073817937002e-05	"HiG"	0.0036607045142595	6.45626898458466e-06	10.0993016636819	442	453	453	504	NA	NA	NA	NA
"HiG_0"	"Gja1"	0.00584722002607673	0.0135170797385259	"HiG"	0.0778899946227737	0.000137372124555156	22.9448763987958	25	39	39	377	NA	NA	NA	NA
"HiG_0"	"Gjb3"	0.00052894719823516	0.000543746089555286	"HiG"	0.00406592336944666	7.17094068685479e-06	36.0582938269763	452	441	441	164	NA	NA	NA	NA
"HiG_0"	"Glb1"	0.00138884557227393	0.00134368401838775	"HiG"	0.010433783213081	1.84017340618712e-05	15.1458272510515	243	321	321	472	NA	NA	NA	NA
"HiG_0"	"Glrx"	0.000462875214149413	0.000234566383699792	"HiG"	0.00222990461263979	3.93281236797142e-06	6	476	485	485	536	NA	NA	NA	NA
"HiG_0"	"Gmfg"	0.00122429127664157	0.00132783435317154	"HiG"	0.0184515627436582	3.25424387013372e-05	32.7013811867952	275	233	233	215	NA	NA	NA	NA
"HiG_0"	"Gmpr"	0.000371343228582177	0.00342638683998702	"HiG"	0.00196862773996347	3.47200659605551e-06	24.6643680796464	519	497	497	346	NA	NA	NA	NA
"HiG_0"	"Golim4"	0.00102551165601592	0.000261268258502844	"HiG"	0.00498480449637081	8.79154232164164e-06	16.6512802772514	322	423	423	462	NA	NA	NA	NA
"HiG_0"	"Gpr141"	0.000914831135107625	0.00127972473842212	"HiG"	0.0096607060320052	1.70382822433954e-05	21.4308584883781	343	330	330	396	NA	NA	NA	NA
"HiG_0"	"Gpr171"	0.000283624280325683	2.71987734142007e-05	"HiG"	0.000213870826557742	3.77197224969563e-07	76	548	548	548	18	NA	NA	NA	NA
"HiG_0"	"Gpr65"	0.00135384509419511	0.00129896191507111	"HiG"	0.0200166623555773	3.53027554772087e-05	34.631821774357	250	212	212	187	NA	NA	NA	NA
"HiG_0"	"Gpt2"	0.000510025072802731	0.00135232660600071	"HiG"	0.00246388555667064	4.34547717225862e-06	50.120918931581	458	477	477	54	NA	NA	NA	NA
"HiG_0"	"Grina"	0.000327130239116272	7.43523368150226e-05	"HiG"	0.000747607457931315	1.31853167183653e-06	26	535	535	535	333	NA	NA	NA	NA
"HiG_0"	"Gstm1"	0.00112979902714753	0.000137307391184611	"HiG"	0.00951978521982533	1.67897446557766e-05	7.83796822909278	301	332	332	518	NA	NA	NA	NA
"HiG_0"	"Hacd4"	0.000376262841368744	0.000202126009704932	"HiG"	0.0020297727553853	3.57984612942733e-06	57	516	492	492	43	NA	NA	NA	NA
"HiG_0"	"Hdc"	0.000271394970147764	8.64564188975494e-18	"HiG"	0	0	NA	559.5	559.5	559.5	NA	NA	NA	NA	NA
"HiG_0"	"Hdhd2"	0.000371207756739671	1.99462694467332e-05	"HiG"	0.0010330481127001	1.82195434338642e-06	7	520	524	524	527.5	NA	NA	NA	NA
"HiG_0"	"Helz2"	0.00182590049536404	0.00873926066265321	"HiG"	0.0294544310257493	5.19478501335966e-05	25.2297626879138	175	149	149	339	NA	NA	NA	NA
"HiG_0"	"Herc6"	0.00064966494630397	0.00157544144140709	"HiG"	0.00793579097588319	1.39961040139033e-05	20.9779635252177	417	362	362	403	NA	NA	NA	NA
"HiG_0"	"Hip1"	0.000846236296782796	0.000818222186658429	"HiG"	0.00759214405489548	1.33900247881754e-05	16.8694493848429	357	372	372	458	NA	NA	NA	NA
"HiG_0"	"Hipk1"	0.00141315062676566	0.00817482484102559	"HiG"	0.0190828024706744	3.36557362798491e-05	24.4958084141901	238	224	224	351	NA	NA	NA	NA
"HiG_0"	"Hivep3"	0.00099966711652819	0.00596153585918345	"HiG"	0.0142286604138552	2.50946391778752e-05	37.2368841579368	331	279	279	142	NA	NA	NA	NA
"HiG_0"	"Hlx"	0.00254282176572929	0.00442553109101204	"HiG"	0.0387055660040552	6.82637848396036e-05	26.5950614190563	111	111	111	323	NA	NA	NA	NA
"HiG_0"	"Hmga2"	0.00208795834131877	0.0630622239425011	"HiG"	0.0336099819907725	5.92768641812567e-05	48.139320601453	148	132	132	64	NA	NA	NA	NA
"HiG_0"	"Hmgn3"	0.000683230154060271	0.00712852160316845	"HiG"	0.00716786561134969	1.2641738291622e-05	59.8793638166043	404	379	379	38	NA	NA	NA	NA
"HiG_0"	"Hmox1"	0.00154649027084805	0.00161008131466942	"HiG"	0.0197055618447516	3.47540773276042e-05	28.3473064522064	214	216	216	292	NA	NA	NA	NA
"HiG_0"	"Hook1"	0.000663972775662994	0.00393549647666433	"HiG"	0.00577273987015009	1.01811990655204e-05	58.3693646732601	412	402	402	40	NA	NA	NA	NA
"HiG_0"	"Hoxa5"	0.00145215618283854	0.00200100666306068	"HiG"	0.0187039011840016	3.29874800423308e-05	18.0044429318399	231	232	232	450	NA	NA	NA	NA
"HiG_0"	"Hoxa7"	0.00127437704357508	0.00197660857322841	"HiG"	0.0166943831726584	2.94433565655352e-05	26.2984907435357	267	248	248	330	NA	NA	NA	NA
"HiG_0"	"Hp"	0.00247201354410069	0.0093211540097598	"HiG"	0.0402149727603443	7.09258778842051e-05	37.9384968519505	117	105	105	134	NA	NA	NA	NA
"HiG_0"	"Hpse"	0.00139649662736355	0.0212385794337949	"HiG"	0.0206563126987296	3.64308865938794e-05	25.8229551985613	241	205	205	336	NA	NA	NA	NA
"HiG_0"	"Hsd11b1"	0.00179888081925638	0.00174399084012007	"HiG"	0.0206339339061817	3.63914178239537e-05	6.94475690020529	178	206	206	531	NA	NA	NA	NA
"HiG_0"	"Hsph1"	0.00396186508100158	0.0713896070629273	"HiG"	0.0660968791637361	0.000116572979124755	38.9068443070419	54	51	51	123	NA	NA	NA	NA
"HiG_0"	"Hvcn1"	0.000417918497302602	0.000285609462375729	"HiG"	0.00229625796860716	4.04983768713784e-06	40	498	484	484	112	NA	NA	NA	NA
"HiG_0"	"Id2"	0.000820346069960547	0.00343000486967203	"HiG"	0.00961234596584647	1.69529911214223e-05	34.6321867759987	363	331	331	186	NA	NA	NA	NA
"HiG_0"	"Ifih1"	0.00133705772641719	0.00532474846185886	"HiG"	0.018806981839307	3.31692801398713e-05	20.0624303224978	256	230	230	418	NA	NA	NA	NA
"HiG_0"	"Ift80"	0.000392879633639651	0.00456839023050714	"HiG"	0.00215311063604885	3.79737325581807e-06	60	505	487	487	36.5	NA	NA	NA	NA
"HiG_0"	"Igfbp4"	0.00225468474575651	0.00420895665453543	"HiG"	0.0324449307495552	5.72221000873989e-05	28.5700218096231	135	136	136	288	NA	NA	NA	NA
"HiG_0"	"Igfbp7"	0.00396770419914563	0.0145321510044062	"HiG"	0.06743760358162	0.000118937572454356	35.0832804992938	53	48	48	179	NA	NA	NA	NA
"HiG_0"	"Ighm"	0.00151153001705433	0.0019554656588798	"HiG"	0.0203725398117383	3.59304053117078e-05	28.0257563707448	220	208	208	301	NA	NA	NA	NA
"HiG_0"	"Igsf6"	0.00278608545512286	0.00952366257879394	"HiG"	0.046601275584996	8.21891985626032e-05	38.4608486654487	97	97	97	128	NA	NA	NA	NA
"HiG_0"	"Ikzf2"	0.000391421653810372	0.00701835399641879	"HiG"	0.00236465328114951	4.17046434065169e-06	128.301598810522	508	481	481	7	NA	NA	NA	NA
"HiG_0"	"Il12a"	0.0015656452847984	0.00293571709133728	"HiG"	0.0228281455050652	4.02612795503796e-05	27.4410050724354	209	191	191	309	NA	NA	NA	NA
"HiG_0"	"Il1r1"	0.00247902169625036	0.00555334352751798	"HiG"	0.0367993975652596	6.49019357411985e-05	35.685715226425	116	118	118	172	NA	NA	NA	NA
"HiG_0"	"Il1r2"	0.00104959032833285	0.00146413149163807	"HiG"	0.0135688663800943	2.39309812700075e-05	31.4627063346074	318	287	287	244	NA	NA	NA	NA
"HiG_0"	"Il21r"	0.000424069985014319	0.00012477530968149	"HiG"	0.00255435905552297	4.50504242596643e-06	26.3150058214012	491	472	472	329	NA	NA	NA	NA
"HiG_0"	"Il6st"	0.0032324792967169	0.00497192967617541	"HiG"	0.0543728504325931	9.58956797752964e-05	37.2020131545107	74	76	76	143	NA	NA	NA	NA
"HiG_0"	"Impdh2"	0.00230795510004938	0.0508144028014693	"HiG"	0.034743197408877	6.12754804389364e-05	37.1704848018565	129	127	127	145	NA	NA	NA	NA
"HiG_0"	"Iqsec1"	0.000785419002707893	0.00918717282798563	"HiG"	0.00791466024171604	1.39588364051429e-05	66.4883937385864	376	364	364	28	NA	NA	NA	NA
"HiG_0"	"Irf7"	0.00351646128550378	0.0211167406259712	"HiG"	0.0639671726271693	0.000112816882940334	26.1299849845273	65	56	56	332	NA	NA	NA	NA
"HiG_0"	"Irf8"	0.0038599543206274	0.0186891420255653	"HiG"	0.0663670204052896	0.000117049418704215	40.370656630673	56	50	50	110	NA	NA	NA	NA
"HiG_0"	"Irf9"	0.00371633641717249	0.0264910297626177	"HiG"	0.0710875806383971	0.000125374921760841	28.044450339479	61	43	43	300	NA	NA	NA	NA
"HiG_0"	"Isg15"	0.00639001186206637	0.0495320219321325	"HiG"	0.123999556183257	0.000218694102615974	19.447007931177	19	13	13	436	NA	NA	NA	NA
"HiG_0"	"Isg20"	0.00151314365431397	0.00575848010375743	"HiG"	0.0267357195130872	4.71529444675259e-05	22.5193190718477	219	164	164	383	NA	NA	NA	NA
"HiG_0"	"Itgam"	0.00729932566381552	0.0198236660231591	"HiG"	0.126574895396486	0.00022323614708375	31.644526798273	12	12	12	239	NA	NA	NA	NA
"HiG_0"	"Itgb2"	0.00598480850003056	0.0103904604351929	"HiG"	0.107297424327717	0.000189237079943063	29.9249227006509	23	21	21	264	NA	NA	NA	NA
"HiG_0"	"Itgb3"	0.00160122225056733	0.00409031309594894	"HiG"	0.0230204716021795	4.06004790161895e-05	37.552117125046	204	190	190	138	NA	NA	NA	NA
"HiG_0"	"Jdp2"	0.00105969351891181	0.00758546020123725	"HiG"	0.0137451101049312	2.42418167635471e-05	44.8595571363143	314	284	284	83	NA	NA	NA	NA
"HiG_0"	"Jun"	0.011310092898322	0.23078672062623	"HiG"	0.199427374183824	0.000351723763992636	35.1644102717875	3	5	5	176	NA	NA	NA	NA
"HiG_0"	"Kank2"	0.000679002190591521	0.00153946819946905	"HiG"	0.00533670795144193	9.41218333587642e-06	20.0775246312594	406	411	411	417	NA	NA	NA	NA
"HiG_0"	"Kat2a"	0.00308844161307947	0.0774048909537372	"HiG"	0.0471971472362608	8.32401185824705e-05	62.2225527000579	83	92	92	31	NA	NA	NA	NA
"HiG_0"	"Kbtbd11"	0.000445180680648297	0.000123800520401412	"HiG"	0.00245822460254115	4.33549312617487e-06	29.1115682749728	483	478	478	276	NA	NA	NA	NA
"HiG_0"	"Kbtbd7"	0.00138386686250223	0.00171578679022242	"HiG"	0.0130857622737902	2.30789458091538e-05	14.4681567071648	246	290	290	484	NA	NA	NA	NA
"HiG_0"	"Kdm7a"	0.0003469596377675	0.000906984250753152	"HiG"	0.00136698274903736	2.41090431928988e-06	32.2096449617145	526	513	513	228	NA	NA	NA	NA
"HiG_0"	"Kit"	0.00298944826642797	0.00728470867259785	"HiG"	0.0474623385343007	8.37078281028231e-05	35.7735239385679	90	91	91	171	NA	NA	NA	NA
"HiG_0"	"Klf2"	0.000625320992505253	0.0119773654816623	"HiG"	0.00692144137875862	1.22071276521316e-05	98.7310381177951	422	383	383	9	NA	NA	NA	NA
"HiG_0"	"Klhdc4"	0.000676214926191916	0.00918273065388147	"HiG"	0.00836006199812594	1.47443774217389e-05	14.300106064805	407	352	352	486	NA	NA	NA	NA
"HiG_0"	"Lamc1"	0.0022810623839889	0.00623765693041137	"HiG"	0.0312323233847304	5.50834627596656e-05	31.4784714969761	132	141	141	242	NA	NA	NA	NA
"HiG_0"	"Lbp"	0.000627606445239811	0.000648009267381595	"HiG"	0.00597194039612585	1.053252274449e-05	35.1258853511915	420	398	398	177	NA	NA	NA	NA
"HiG_0"	"Lck"	0.00401781323488446	0.0138206583623974	"HiG"	0.0597252887732074	0.000105335606301953	28.8070618896429	52	64	64	280	NA	NA	NA	NA
"HiG_0"	"Lcn2"	0.00218010847795571	0.00335862025534625	"HiG"	0.0345050216479211	6.08554173684675e-05	27.0628674942482	141	129	129	317	NA	NA	NA	NA
"HiG_0"	"Lgals3"	0.00735132788724221	0.0380200612937146	"HiG"	0.113633648917458	0.000200412079219503	28.5632644862268	11	18	18	289	NA	NA	NA	NA
"HiG_0"	"Lgals3bp"	0.00521856846662328	0.0414223103181705	"HiG"	0.0943712763704494	0.00016643964086499	28.1911031469277	28	27	27	294	NA	NA	NA	NA
"HiG_0"	"Lgalsl"	0.000496425812434362	0.000893218151047971	"HiG"	0.0039778252196039	7.01556476120617e-06	41.8583283089971	466	446	446	95	NA	NA	NA	NA
"HiG_0"	"Lipa"	0.000801352460615193	0.000136570693155168	"HiG"	0.00286540997247752	5.05363310842596e-06	14.5169381198995	370	465	465	482	NA	NA	NA	NA
"HiG_0"	"Lipg"	0.00187465712688288	0.000662998571288609	"HiG"	0.018343981754649	3.23527015073174e-05	18.0075160528205	167	234	234	449	NA	NA	NA	NA
"HiG_0"	"Lpl"	0.00169770855226326	0.00285162824242946	"HiG"	0.0164881041307415	2.90795487314666e-05	22.8025527021466	190	251	251	379	NA	NA	NA	NA
"HiG_0"	"Lrp12"	0.00135831037711109	0.00163342719102551	"HiG"	0.0148719908853827	2.62292608207807e-05	24.2093454960271	249	269	269	358	NA	NA	NA	NA
"HiG_0"	"Lrpap1"	0.00331696482057041	0.0346648210979336	"HiG"	0.0556344141016756	9.8120659791315e-05	21.6093656476321	70	73	73	395	NA	NA	NA	NA
"HiG_0"	"Lrrc25"	0.000548298559625618	0.00105091849399452	"HiG"	0.00496468324081842	8.75605509844519e-06	33.3009618614141	448	424	424	208	NA	NA	NA	NA
"HiG_0"	"Lsp1"	0.00123125574114783	0.00151220104672297	"HiG"	0.0177476418600169	3.13009556614054e-05	33.9795434723855	272	240	240	196	NA	NA	NA	NA
"HiG_0"	"Lst1"	0.00157485125357344	0.00195171875028447	"HiG"	0.0249156690789859	4.39429789752838e-05	32.0566727996897	206	177	177	231	NA	NA	NA	NA
"HiG_0"	"Lyar"	0.00502505915359968	0.378908781874105	"HiG"	0.106175636336521	0.000187258617877462	36.1342780820074	34	23	23	163	NA	NA	NA	NA
"HiG_0"	"Lztfl1"	0.000375333120448783	0.0035508739381765	"HiG"	0.00179207635465898	3.16062849146204e-06	57.1251627845195	517	503	503	42	NA	NA	NA	NA
"HiG_0"	"Lzts2"	0.00187195700987114	0.00653038098080718	"HiG"	0.0201729299644792	3.55783597257128e-05	33.6157990060601	169	211	211	203	NA	NA	NA	NA
"HiG_0"	"Mad1l1"	0.00080665873261405	0.00630322621854415	"HiG"	0.00788423655609363	1.39051791112762e-05	31.1432838437063	368	365	365	250	NA	NA	NA	NA
"HiG_0"	"Man1c1"	0.000271394970147764	8.64564188975494e-18	"HiG"	0	0	NA	559.5	559.5	559.5	NA	NA	NA	NA	NA
"HiG_0"	"Map3k8"	0.0018764797056567	0.0156882245026569	"HiG"	0.0297569038521499	5.24813119085536e-05	31.6202468466944	166	147	147	240	NA	NA	NA	NA
"HiG_0"	"Mapk3"	0.00334882663352605	0.0205565719148396	"HiG"	0.0500478286605519	8.82677754154354e-05	36.8084338194897	69	83	83	151	NA	NA	NA	NA
"HiG_0"	"Marcksl1"	0.00115888704701493	0.0190340197552903	"HiG"	0.0147177015253962	2.5957145547436e-05	37.9661560139613	291	275	275	133	NA	NA	NA	NA
"HiG_0"	"Mboat1"	0.000596586421625616	0.000228225612826518	"HiG"	0.00401331456132728	7.07815619281706e-06	14.5000919743933	435	444	444	483	NA	NA	NA	NA
"HiG_0"	"Mboat2"	0.000271394970147764	8.64564188975494e-18	"HiG"	0	0	NA	559.5	559.5	559.5	NA	NA	NA	NA	NA
"HiG_0"	"Mcoln2"	0.00027398508039596	3.56092267880657e-08	"HiG"	1.48117663831714e-05	2.6123044767498e-08	5	550	550	550	540	NA	NA	NA	NA
"HiG_0"	"Mdfic"	0.000380087544487023	0.00150451424316577	"HiG"	0.00186364061492523	3.28684411803391e-06	46.1167937349802	513	500	500	73	NA	NA	NA	NA
"HiG_0"	"Med21"	0.00138526148928864	0.00325192591627832	"HiG"	0.0150095851238812	2.64719314354166e-05	30.2271578572793	245	266	266	259	NA	NA	NA	NA
"HiG_0"	"Mef2c"	0.00120075644200652	0.00947040383964416	"HiG"	0.01647145381411	2.90501830936684e-05	37.2457970453067	282	252	252	141	NA	NA	NA	NA
"HiG_0"	"Megf9"	0.000383593183394357	3.30213087966967e-05	"HiG"	0.00150877881289198	2.66098556065605e-06	14	511	511	511	489	NA	NA	NA	NA
"HiG_0"	"Meis1"	0.00169418306254402	0.00286923700776742	"HiG"	0.0231995454892924	4.09163059775879e-05	21.8754592135669	191	187	187	394	NA	NA	NA	NA
"HiG_0"	"Mex3a"	0.00302667025087273	0.0108081647934271	"HiG"	0.0345086172544981	6.08617588262752e-05	21.9561692014315	88	128	128	393	NA	NA	NA	NA
"HiG_0"	"Mfge8"	0.000860562867025057	0.0011114340173779	"HiG"	0.00868605210104194	1.53193158748535e-05	33.8308362829102	355	345	345	200	NA	NA	NA	NA
"HiG_0"	"Mgll"	0.00104862049491046	8.53228027961508e-05	"HiG"	0.00813132735779736	1.43409653576673e-05	8.1520392103022	319	355	355	514	NA	NA	NA	NA
"HiG_0"	"Mgst1"	0.00221254408418991	0.000862103537133842	"HiG"	0.0224802717996218	3.96477456783453e-05	7.65774936281332	138	194	194	521	NA	NA	NA	NA
"HiG_0"	"Mgst2"	0.00173404589495127	0.00209832180314045	"HiG"	0.0152550586476584	2.69048653397855e-05	15.5087222946085	184	263	263	470	NA	NA	NA	NA
"HiG_0"	"Mllt3"	0.000509207363676913	0.00243899637417359	"HiG"	0.0040898794717092	7.21319130812911e-06	46.2240895797738	459	440	440	70	NA	NA	NA	NA
"HiG_0"	"Mmp19"	0.000671152142687354	0.000828720296570355	"HiG"	0.00734122344358855	1.2947484027493e-05	40.6722420875183	409	375	375	107	NA	NA	NA	NA
"HiG_0"	"Mmp8"	0.00122108057817555	0.00118401083896584	"HiG"	0.0157862390168256	2.78416913876994e-05	17.4181400841748	277	258	258	454	NA	NA	NA	NA
"HiG_0"	"Mov10"	0.0051177413520075	0.100379558878573	"HiG"	0.0695956816716725	0.00012274370665198	24.2468053862731	33	46	46	357	NA	NA	NA	NA
"HiG_0"	"Mpeg1"	0.000271394970147764	8.64564188975494e-18	"HiG"	0	0	NA	559.5	559.5	559.5	NA	NA	NA	NA	NA
"HiG_0"	"Mpo"	0.00240114705563673	0.00900812671441699	"HiG"	0.0386767938184335	6.82130402441508e-05	34.763887179251	122	112	112	184	NA	NA	NA	NA
"HiG_0"	"Mpp1"	0.00203836885965012	0.0166798141683304	"HiG"	0.0319938430009248	5.64265308658287e-05	34.2040588339389	153	140	140	191	NA	NA	NA	NA
"HiG_0"	"Mrc1"	0.00138538070975166	0.00132214621108682	"HiG"	0.018279128535066	3.22383219313334e-05	25.0781732986217	244	235	235	342	NA	NA	NA	NA
"HiG_0"	"Ms4a3"	0.00170780071413048	0.00212995933044005	"HiG"	0.0214697104219254	3.78654504795862e-05	23.3555140946461	188	203	203	373	NA	NA	NA	NA
"HiG_0"	"Msh6"	0.00102377874322688	0.0120320328454865	"HiG"	0.0115338847592589	2.0341948429028e-05	31.2633155341963	324	303	303	248	NA	NA	NA	NA
"HiG_0"	"Msi2"	0.000540096229264988	0.00378911002119761	"HiG"	0.00509003934995623	8.97714171068118e-06	40.764575667373	450	420	420	105	NA	NA	NA	NA
"HiG_0"	"Msra"	0.00029284165811034	0.000184804456363713	"HiG"	0.000372989110615494	6.57829119251312e-07	22.2830984316838	544	541	541	387	NA	NA	NA	NA
"HiG_0"	"Msrb1"	0.000708563826457349	0.00735745914741603	"HiG"	0.00764474613810731	1.3482797421706e-05	75.0468424904384	395	371	371	19	NA	NA	NA	NA
"HiG_0"	"Mtap"	0.00147264519322752	0.0131933399025808	"HiG"	0.0153580956190375	2.70865883933642e-05	33.8111030290007	224	261	261	201	NA	NA	NA	NA
"HiG_0"	"Mtus1"	0.00061155970452652	0.00534513250473605	"HiG"	0.00492454308137944	8.68526116645404e-06	19.1361913125969	430	429	429	440	NA	NA	NA	NA
"HiG_0"	"Muc13"	0.000450424463463867	0.000205673134724738	"HiG"	0.00255728902895885	4.51020992761703e-06	38	480	471	471	132	NA	NA	NA	NA
"HiG_0"	"Mxi1"	0.00113375628011091	0.0100454142041172	"HiG"	0.0127553868700409	2.2496273139402e-05	51.4706087373056	297	293	293	49	NA	NA	NA	NA
"HiG_0"	"Myadm"	0.00123047055810762	0.0037549722136507	"HiG"	0.0137605530568042	2.42690530102366e-05	27.6519177309923	273	283	283	305	NA	NA	NA	NA
"HiG_0"	"Myb"	0.00271193825583032	0.0302446197763305	"HiG"	0.0403429037397731	7.11515057138856e-05	46.2930414491019	100	104	104	69	NA	NA	NA	NA
"HiG_0"	"Mybbp1a"	0.00428631123829069	0.279418575548199	"HiG"	0.0872203781967206	0.000153827827507444	39.4335605890771	45	34	34	115	NA	NA	NA	NA
"HiG_0"	"Myc"	0.0155125485507999	0.346382141273886	"HiG"	0.26750671998085	0.000471793156932716	27.2141999289017	2	2	2	313	NA	NA	NA	NA
"HiG_0"	"Mycn"	0.00444031356749056	0.097236457265519	"HiG"	0.0700009768943409	0.000123458513041166	32.4725598900579	39	45	45	221	NA	NA	NA	NA
"HiG_0"	"Myo1f"	0.00197615012193159	0.00257758830973503	"HiG"	0.0327543348902492	5.77677864025559e-05	32.5841319935477	156	135	135	218	NA	NA	NA	NA
"HiG_0"	"Nabp1"	0.000431532756182448	0.000268315019623012	"HiG"	0.00242795631350219	4.2821099003566e-06	21.3784933785718	488	479	479	398	NA	NA	NA	NA
"HiG_0"	"Nceh1"	0.000489262724516299	1.30920936973888e-05	"HiG"	0.00190162946330315	3.35384385062283e-06	5	470	498	498	540	NA	NA	NA	NA
"HiG_0"	"Ncf1"	0.0024074169876724	0.00478802273540399	"HiG"	0.0406638700845224	7.17175839233199e-05	26.1852016657306	121	103	103	331	NA	NA	NA	NA
"HiG_0"	"Ncf4"	0.00183296370774721	0.00276062596458269	"HiG"	0.0294276461057051	5.19006104157057e-05	29.8953027519342	174	150	150	265	NA	NA	NA	NA
"HiG_0"	"Ncoa7"	0.000330435289241825	0.000461868197659577	"HiG"	0.000979346002108622	1.72724162629387e-06	29	532	527	527	278	NA	NA	NA	NA
"HiG_0"	"Ncs1"	0.000736432161391437	4.47863024944807e-05	"HiG"	0.00543882966280051	9.59229217425135e-06	8.11266871610058	387	408	408	515	NA	NA	NA	NA
"HiG_0"	"Ndrg2"	0.000627510451280372	0.00244627202023803	"HiG"	0.00578536252912923	1.02034612506688e-05	38.6533723029371	421	401	401	126	NA	NA	NA	NA
"HiG_0"	"Ndst1"	0.00040113812017052	6.67956336113371e-05	"HiG"	0.00198950039151777	3.5088190326592e-06	19.0056390968278	503	495	495	441	NA	NA	NA	NA
"HiG_0"	"Nefh"	0.00077492551818407	0.009900146219768	"HiG"	0.00914470301974368	1.6128224020712e-05	89.0025827306863	378	337	337	11	NA	NA	NA	NA
"HiG_0"	"Neil3"	0.000821766404350884	0.00254746316725153	"HiG"	0.00856884297725219	1.51125978434783e-05	27.3511436418393	362	349	349	310	NA	NA	NA	NA
"HiG_0"	"Neu1"	0.00108406969825118	0.0102981015537329	"HiG"	0.0104039420348127	1.83491041178354e-05	45.0883762989229	308	324	324	79	NA	NA	NA	NA
"HiG_0"	"Nfix"	0.00233044135995824	0.0156250677085939	"HiG"	0.0322078905818222	5.68040398268469e-05	30.1729384286376	127	137	137	261	NA	NA	NA	NA
"HiG_0"	"Nkg7"	0.00187407001094986	0.000923101294691743	"HiG"	0.0237643960144552	4.19125150166759e-05	20.4224528427534	168	183	183	409	NA	NA	NA	NA
"HiG_0"	"Nlgn2"	0.000465110977016379	2.98272513772309e-05	"HiG"	0.00133054403052983	2.34663850181627e-06	7.50185573301026	475	514	514	522	NA	NA	NA	NA
"HiG_0"	"Nme4"	0.00128665968143931	0.0118008771778183	"HiG"	0.0164448248439398	2.90032184196469e-05	30.1806172843679	265	253	253	260	NA	NA	NA	NA
"HiG_0"	"Noc2l"	0.00385946872271388	0.267039552177114	"HiG"	0.0781537801532357	0.000137837354767611	45.6737147881464	57	38	38	75	NA	NA	NA	NA
"HiG_0"	"Noc3l"	0.00318491924883097	0.228362305782395	"HiG"	0.0672144463575705	0.000118543997103299	38.6065044901591	78	49	49	127	NA	NA	NA	NA
"HiG_0"	"Nolc1"	0.00629225178889669	0.594274828693057	"HiG"	0.133549116204141	0.000235536360148397	43.0267823419451	20	10	10	90	NA	NA	NA	NA
"HiG_0"	"Nop14"	0.00151338239861544	0.101090455897992	"HiG"	0.0275723535965572	4.86284895882844e-05	46.1688397964518	218	162	162	72	NA	NA	NA	NA
"HiG_0"	"Nop2"	0.00513181120912454	0.424191900153382	"HiG"	0.110376650356836	0.000194667813680487	36.288420280106	32	20	20	161	NA	NA	NA	NA
"HiG_0"	"Nop56"	0.00899664311279923	0.935418215028838	"HiG"	0.204988449733615	0.00036153165737851	35.0957750958561	6	4	4	178	NA	NA	NA	NA
"HiG_0"	"Nop58"	0.0068058003350788	0.82123691387108	"HiG"	0.154143548858624	0.000271858110861772	36.5216528885731	13	7	7	158	NA	NA	NA	NA
"HiG_0"	"Npm3"	0.00264117869560389	0.113402118626549	"HiG"	0.0513284571757786	9.05263794987277e-05	28.4532319041716	105	78	78	290	NA	NA	NA	NA
"HiG_0"	"Nrgn"	0.000570063682181334	0.0048519012869884	"HiG"	0.00502584429126297	8.86392291228037e-06	88.9256753960137	447	421	421	12	NA	NA	NA	NA
"HiG_0"	"Nrip1"	0.00247065806304829	0.04365311617657	"HiG"	0.0388627025796214	6.85409216571805e-05	43.5841614063925	118	109	109	86	NA	NA	NA	NA
"HiG_0"	"Nrp1"	0.00423024260938053	0.00744023372295167	"HiG"	0.0619091081457394	0.000109187139586842	27.4533842401063	47	58	58	308	NA	NA	NA	NA
"HiG_0"	"Nt5dc2"	0.00200053804747475	0.0284659765879684	"HiG"	0.0302023204536045	5.32668791068863e-05	32.5566918857862	155	145	145	220	NA	NA	NA	NA
"HiG_0"	"Nt5e"	0.00180690854345748	0.00512874899278824	"HiG"	0.0221351774171002	3.90391136104059e-05	31.7911902607783	176	197	197	238	NA	NA	NA	NA
"HiG_0"	"Nudcd1"	0.0011582306675067	0.0138186931710667	"HiG"	0.0145779152893529	2.5710608975931e-05	28.6937385893158	292	277	277	284	NA	NA	NA	NA
"HiG_0"	"Nudt5"	0.000703629670578621	0.00169266037204662	"HiG"	0.00722841163235567	1.27485213974527e-05	11.1187175443482	399	378	378	500	NA	NA	NA	NA
"HiG_0"	"Oas3"	0.00308897195239623	0.0264669735728649	"HiG"	0.0556048183305168	9.80684626640508e-05	22.2591522935087	82	74	74	388	NA	NA	NA	NA
"HiG_0"	"Ociad2"	0.000481538659922309	0.00253879356643317	"HiG"	0.00325219844536011	5.7357997272665e-06	70.3678344067471	473	460	460	24	NA	NA	NA	NA
"HiG_0"	"Odc1"	0.00148450655925399	0.0389353478744611	"HiG"	0.0192525723444283	3.39551540466108e-05	31.8375172690441	221	222	222	236	NA	NA	NA	NA
"HiG_0"	"Olfml2b"	0.000403173526468475	0.00033329915093964	"HiG"	0.00250194972948748	4.4126097521825e-06	35.3775544471021	501	475	475	175	NA	NA	NA	NA
"HiG_0"	"Osbpl5"	0.000816666682511892	0.00290622151677369	"HiG"	0.00805351222261501	1.42037252603439e-05	27.9445686700202	364	358	358	302	NA	NA	NA	NA
"HiG_0"	"Osgep"	0.000589382736517561	0.00115578533905628	"HiG"	0.00500232307651121	8.82243928837956e-06	7.77422596345314	437	422	422	519	NA	NA	NA	NA
"HiG_0"	"Osm"	0.00114431326356085	0.00408947944145192	"HiG"	0.0160016626340861	2.82216272206103e-05	42.4354073208205	294	255	255	93	NA	NA	NA	NA
"HiG_0"	"Otulin"	0.000586128042768283	0.000954704994209927	"HiG"	0.00492711770115636	8.68980194207472e-06	29.1641322393793	438	428	428	275	NA	NA	NA	NA
"HiG_0"	"P2ry14"	0.000271394970147764	8.64564188975494e-18	"HiG"	0	0	NA	559.5	559.5	559.5	NA	NA	NA	NA	NA
"HiG_0"	"Pa2g4"	0.00234410074654289	0.103967147493358	"HiG"	0.0384970004351224	6.78959443300218e-05	37.1808800856932	125	114	114	144	NA	NA	NA	NA
"HiG_0"	"Padi4"	0.000778098447143362	0.00587508217591588	"HiG"	0.0086641152558333	1.52806265534979e-05	41.3556297172439	377	348	348	99	NA	NA	NA	NA
"HiG_0"	"Pag1"	0.00214461465686241	0.00167082957166819	"HiG"	0.0249881457060097	4.40708037143028e-05	27.0765900391102	146	176	176	316	NA	NA	NA	NA
"HiG_0"	"Palm"	0.000873228018834463	0.000517184066986783	"HiG"	0.00784640948381193	1.3838464698081e-05	25.625248484863	352	367	367	337	NA	NA	NA	NA
"HiG_0"	"Papss2"	0.00095973818312819	0.015039113208649	"HiG"	0.0120247015931865	2.12075865841032e-05	72.1028929475549	339	300	300	23	NA	NA	NA	NA
"HiG_0"	"Paqr7"	0.000271394970147764	8.64564188975494e-18	"HiG"	0	0	NA	559.5	559.5	559.5	NA	NA	NA	NA	NA
"HiG_0"	"Parp12"	0.00229016273169184	0.0123644890361601	"HiG"	0.0388306219140697	6.84843420001229e-05	23.8936710251948	131	110	110	364	NA	NA	NA	NA
"HiG_0"	"Parp14"	0.00160157590589506	0.00267561893468845	"HiG"	0.0219424037700168	3.86991248148445e-05	14.8215659569462	203	200	200	480	NA	NA	NA	NA
"HiG_0"	"Parp9"	0.0014670537795744	0.00314821723847947	"HiG"	0.0209419920164549	3.69347301877512e-05	16.8196557724979	227	204	204	459	NA	NA	NA	NA
"HiG_0"	"Pbx1"	0.00262028505275949	0.00425421137853804	"HiG"	0.0356956141466059	6.29552277717917e-05	20.3798996451699	107	121	121	412	NA	NA	NA	NA
"HiG_0"	"Pcmtd2"	0.000327296970384938	0.00246267372349594	"HiG"	0.00115965023652317	2.04523851238655e-06	103	534	520	520	8	NA	NA	NA	NA
"HiG_0"	"Pcsk9"	0.00121978918774182	0.00195806647684837	"HiG"	0.0175025124348429	3.08686286328799e-05	24.0995561505396	278	242	242	360	NA	NA	NA	NA
"HiG_0"	"Pde2a"	0.00126592375328808	0.00307155495768901	"HiG"	0.0122225089317007	2.15564531423293e-05	17.6672929591756	268	295	295	452	NA	NA	NA	NA
"HiG_0"	"Pde4b"	0.00102505976727468	0.00578579933723819	"HiG"	0.0104337135414039	1.84016111841338e-05	19.4830260105559	323	322	322	433	NA	NA	NA	NA
"HiG_0"	"Pdgfrb"	0.00410347055963016	0.0126767337735174	"HiG"	0.0641886997934318	0.000113207583409933	39.3688854816269	51	55	55	117	NA	NA	NA	NA
"HiG_0"	"Pdia5"	0.00106957437826321	0.000554439077302486	"HiG"	0.00805820053712698	1.42119938926402e-05	9.5616686319556	312	357	357	509	NA	NA	NA	NA
"HiG_0"	"Pdk1"	0.00188728486830857	0.00617328981625999	"HiG"	0.0232562452672652	4.10163055860056e-05	19.9271818210014	163	186	186	426	NA	NA	NA	NA
"HiG_0"	"Perp"	0.000271394970147764	8.64564188975494e-18	"HiG"	0	0	NA	559.5	559.5	559.5	NA	NA	NA	NA	NA
"HiG_0"	"Phtf2"	0.000431205781836944	9.96636351647317e-05	"HiG"	0.00255786341618476	4.51122295623414e-06	34	489	470	470	195	NA	NA	NA	NA
"HiG_0"	"Pik3cb"	0.00160592610654069	0.00501533356940161	"HiG"	0.0221040721507134	3.89842542340624e-05	31.8970037703622	201	198	198	233	NA	NA	NA	NA
"HiG_0"	"Pik3ip1"	0.000271394970147764	8.64564188975494e-18	"HiG"	0	0	NA	559.5	559.5	559.5	NA	NA	NA	NA	NA
"HiG_0"	"Pim2"	0.00111812232220666	0.00182186978438065	"HiG"	0.014737580407085	2.59922053035008e-05	28.0970839571384	303	273	273	298	NA	NA	NA	NA
"HiG_0"	"Plac8"	0.00064883540293025	0.000428941984508176	"HiG"	0.00703596332626765	1.24091063955338e-05	31.8304144660088	418	381	381	237	NA	NA	NA	NA
"HiG_0"	"Plaur"	0.00256943202110867	0.00405740790371416	"HiG"	0.0349489817029001	6.16384157017639e-05	32.4019346580016	109	125	125	223	NA	NA	NA	NA
"HiG_0"	"Pld4"	0.000367067798047336	0.000111033529335631	"HiG"	0.00122599197304015	2.16224333869515e-06	24.4491269794823	522	517	517	352	NA	NA	NA	NA
"HiG_0"	"Plin2"	0.00131335370385218	2.34029266512304e-05	"HiG"	0.00510860533197261	9.00988594704164e-06	4.4447892796625	259	418	418	544	NA	NA	NA	NA
"HiG_0"	"Plod2"	0.00161177626084674	0.0146461163877655	"HiG"	0.0231267186543793	4.07878635879706e-05	29.0127722443368	198	188	188	277	NA	NA	NA	NA
"HiG_0"	"Plpp5"	0.00058426156727263	6.47111349574291e-06	"HiG"	0.0019722390637625	3.47837577383157e-06	3	439	496	496	549	NA	NA	NA	NA
"HiG_0"	"Plpp6"	0.000682138919102048	1.21512644354633e-05	"HiG"	0.000854687193341641	1.50738482070836e-06	7.68327711685586	405	531	531	520	NA	NA	NA	NA
"HiG_0"	"Plppr3"	0.000372458344060178	7.10032604074873e-06	"HiG"	0.000914507696944975	1.61288835440031e-06	10	518	530	530	506	NA	NA	NA	NA
"HiG_0"	"Plxnb2"	0.00142766556651047	0.00214782248173859	"HiG"	0.0170754639368915	3.01154566788209e-05	28.5754883123045	236	245	245	287	NA	NA	NA	NA
"HiG_0"	"Pmaip1"	0.00226659747866092	0.0140022269782987	"HiG"	0.0265186080053613	4.67700317554872e-05	37.2994773741031	133	166	166	140	NA	NA	NA	NA
"HiG_0"	"Pml"	0.00807688221508039	0.107017271203926	"HiG"	0.136427600546083	0.000240613052109494	34.8711532261887	8	9	9	183	NA	NA	NA	NA
"HiG_0"	"Pnkp"	0.00100156915878015	0.0193908515070702	"HiG"	0.0111510005435774	1.9666667625357e-05	60.8027010817242	329	311	311	34	NA	NA	NA	NA
"HiG_0"	"Pno1"	0.00253780972930197	0.201820933181755	"HiG"	0.0510792032534103	9.00867782247095e-05	37.0605276980469	112	80	80	146	NA	NA	NA	NA
"HiG_0"	"Pnpla7"	0.000494982719655691	0.000130411573918743	"HiG"	0.00282640796564721	4.98484650025964e-06	12	467	466	466	497	NA	NA	NA	NA
"HiG_0"	"Poc1a"	0.00047041064047703	0.00124569104655679	"HiG"	0.00261353670429694	4.60941217689055e-06	8.53428584262242	474	469	469	512	NA	NA	NA	NA
"HiG_0"	"Pou2f2"	0.00281725105767509	0.0144341771063311	"HiG"	0.0390527998657458	6.88761902394105e-05	29.3837129703153	96	107	107	270	NA	NA	NA	NA
"HiG_0"	"Ppat"	0.00177262912023652	0.0162711422242734	"HiG"	0.0244987398288494	4.32076540191348e-05	23.8256682338611	181	179	179	367	NA	NA	NA	NA
"HiG_0"	"Ppia"	0.00411416009976858	0.076371357916197	"HiG"	0.0648598235066369	0.000114391223115762	35.8999526065574	50	54	54	165	NA	NA	NA	NA
"HiG_0"	"Ppic"	0.0005993224630422	0.003015150378323	"HiG"	0.00610218862768748	1.07622374386023e-05	26.4833262666691	433	395	395	325	NA	NA	NA	NA
"HiG_0"	"Ppp2r3a"	0.00041489563041286	9.78016835900951e-05	"HiG"	0.00177271622426092	3.12648364067182e-06	17.1243344751592	499	504	504	456	NA	NA	NA	NA
"HiG_0"	"Prdx5"	0.00320738001871125	0.0267461087182736	"HiG"	0.0419285839350206	7.39481198148512e-05	28.170771215061	76	101	101	296	NA	NA	NA	NA
"HiG_0"	"Prmt1"	0.00645950159150991	0.289438294544831	"HiG"	0.116319310162477	0.000205148695171917	31.887357048404	18	15	15	234	NA	NA	NA	NA
"HiG_0"	"Prmt3"	0.00130483440939253	0.0457596770166206	"HiG"	0.0202888261930986	3.57827622453238e-05	38.4569431323245	261	209	209	129	NA	NA	NA	NA
"HiG_0"	"Procr"	0.000608492132541652	0.00133849696255795	"HiG"	0.00544997470264773	9.61194832918471e-06	32.0941145287825	431	406	406	230	NA	NA	NA	NA
"HiG_0"	"Prr11"	0.00193797987638057	0.0841753913579314	"HiG"	0.0344972186787418	6.08416555180632e-05	47.1133892642407	158	130	130	67	NA	NA	NA	NA
"HiG_0"	"Prss57"	0.00145895916414373	0.00453877727251655	"HiG"	0.0222791583222178	3.9293048187333e-05	32.5763090585338	229	195	195	219	NA	NA	NA	NA
"HiG_0"	"Prtn3"	0.00331090146343163	0.0100247392830433	"HiG"	0.0492594986895165	8.68774227328333e-05	31.2257645725558	71	86	86	249	NA	NA	NA	NA
"HiG_0"	"Psap"	0.00238575994604364	0.0178806748330394	"HiG"	0.0348626011325083	6.14860690167694e-05	38.7579588814073	124	126	126	125	NA	NA	NA	NA
"HiG_0"	"Psph"	0.00032147203823525	0.00282551623206292	"HiG"	0.00106089591340507	1.87106863034404e-06	46	537	522	522	74	NA	NA	NA	NA
"HiG_0"	"Ptger3"	0.00131057498701122	0.000548454215852766	"HiG"	0.0145912845803786	2.57341879724491e-05	11.8946553598236	260	276	276	499	NA	NA	NA	NA
"HiG_0"	"Ptges3"	0.00437848538495503	0.0512522416588563	"HiG"	0.0617348345911988	0.000108879778820456	27.6156366342436	42	60	60	306	NA	NA	NA	NA
"HiG_0"	"Ptgr1"	0.000663405921736282	0.00122557177767914	"HiG"	0.00631787471705859	1.11426361852885e-05	19.4525890819825	413	390	390	435	NA	NA	NA	NA
"HiG_0"	"Ptgs1"	0.000594016564297239	0.000695651274502548	"HiG"	0.00625252429479761	1.10273797086378e-05	36.7139687245091	436	392	392	154	NA	NA	NA	NA
"HiG_0"	"Ptk7"	0.00116033631401679	0.000843765739110098	"HiG"	0.0089247566330205	1.5740311522082e-05	29.3436309440693	290	342	342	271	NA	NA	NA	NA
"HiG_0"	"Ptprcap"	0.00118998665890147	0.000516112409298628	"HiG"	0.0138888523937467	2.44953305004351e-05	23.821313315236	284	281	281	368	NA	NA	NA	NA
"HiG_0"	"Pus7"	0.00229386318724955	0.111947794194778	"HiG"	0.0439402749161301	7.74960756898238e-05	26.5063119282606	130	99	99	324	NA	NA	NA	NA
"HiG_0"	"Pygl"	0.00217938328801811	0.012637611217122	"HiG"	0.0296326343081263	5.22621416369071e-05	24.431918285858	142	148	148	353	NA	NA	NA	NA
"HiG_0"	"Rab33b"	0.000733321373001626	0.00113355013816904	"HiG"	0.0054349992369013	9.58553657301817e-06	22.4660627924876	389	409	409	385	NA	NA	NA	NA
"HiG_0"	"Rab38"	0.00145950289603664	0.00547194550405545	"HiG"	0.0137831792007761	2.43089580260601e-05	48.8209487352581	228	282	282	63	NA	NA	NA	NA
"HiG_0"	"Rab3d"	0.00121296761359137	0.00353072309774229	"HiG"	0.0109936362912577	1.93891292614774e-05	40.9174684583303	280	314	314	103	NA	NA	NA	NA
"HiG_0"	"Rab7b"	0.000413900084807986	0.00373576858070835	"HiG"	0.00253893538167674	4.47784017932405e-06	131	500	474	474	4	NA	NA	NA	NA
"HiG_0"	"Rangrf"	0.00145113016899793	0.0728644672522108	"HiG"	0.0242509062053353	4.27705576813674e-05	21.3372913573099	232	180	180	399	NA	NA	NA	NA
"HiG_0"	"Raph1"	0.000667581294398891	0.00797749648912041	"HiG"	0.00657039327094187	1.15879951868463e-05	45.5085396969406	410	388	388	76	NA	NA	NA	NA
"HiG_0"	"Rasa4"	0.000370101261257735	7.99495399760957e-06	"HiG"	0.00105515164627352	1.86093764774872e-06	15	521	523	523	476.5	NA	NA	NA	NA
"HiG_0"	"Rasgrp2"	0.000969050875548561	0.0033279903762378	"HiG"	0.0122159856863031	2.15449483003582e-05	50.1641782958404	333	296	296	53	NA	NA	NA	NA
"HiG_0"	"Rassf3"	0.000460932579037891	0.00116652396231707	"HiG"	0.00237286003597456	4.18493833505214e-06	43.5756144974987	477	480	480	87	NA	NA	NA	NA
"HiG_0"	"Rassf4"	0.000378064134522292	4.47453263737924e-06	"HiG"	0.00077745443792758	1.37117184819679e-06	8.56316488889289	514	533	533	511	NA	NA	NA	NA
"HiG_0"	"Rassf5"	0.000880661552055575	0.000485723385158846	"HiG"	0.00575842209510881	1.01559472576875e-05	23.9715312086273	351	403	403	363	NA	NA	NA	NA
"HiG_0"	"Rbm47"	0.000503154242540637	0.00164819632762096	"HiG"	0.00288353787825993	5.08560472356249e-06	32.3504556632726	463	463	463	225	NA	NA	NA	NA
"HiG_0"	"Rbms3"	0.000617355178381238	0.00702957074715028	"HiG"	0.00467030245765656	8.23686500468529e-06	60.4915569954573	427	431	431	35	NA	NA	NA	NA
"HiG_0"	"Rcc1"	0.00163997417441823	0.0396887774372789	"HiG"	0.0255305942261373	4.50275030443339e-05	47.4796015602786	197	170	170	66	NA	NA	NA	NA
"HiG_0"	"Rcl1"	0.0012854272796815	0.09021160178721	"HiG"	0.0226711004352158	3.99843041185464e-05	62.907911370653	266	192	192	30	NA	NA	NA	NA
"HiG_0"	"Rgcc"	0.000333581253580711	0.00015524365493411	"HiG"	0.000995701713223823	1.75608767764343e-06	39.1014702232122	531	525	525	119	NA	NA	NA	NA
"HiG_0"	"Rhoj"	0.00669858272918276	0.00874034775337221	"HiG"	0.0813311820011001	0.000143441238097178	15.0503857329297	15	35	35	475	NA	NA	NA	NA
"HiG_0"	"Rmi2"	0.000284388042747032	9.91619015927006e-05	"HiG"	0.000242883774775262	4.28366445811749e-07	67	547	544	544	27	NA	NA	NA	NA
"HiG_0"	"Rnase4"	0.000392115772848107	0.00256446420243402	"HiG"	0.0020554233586627	3.62508528864673e-06	97.9133024382874	506	491	491	10	NA	NA	NA	NA
"HiG_0"	"Rnf144a"	0.00043704485236668	0.00035135025316852	"HiG"	0.00214428053123439	3.78179987872026e-06	25.8785964165858	485	488	488	334	NA	NA	NA	NA
"HiG_0"	"Rnf149"	0.00325164127928316	0.00468924996197551	"HiG"	0.0360569487856074	6.35925022673852e-05	18.245024761331	72	120	120	444	NA	NA	NA	NA
"HiG_0"	"Rnmt"	0.00134381947204444	0.0295580717420637	"HiG"	0.0198568656825983	3.50209271298029e-05	74.6161585992464	254	215	215	20	NA	NA	NA	NA
"HiG_0"	"Rras2"	0.00156406240796318	0.00952222386140333	"HiG"	0.0178214957988908	3.14312095218532e-05	41.1422309621607	210	238	238	101	NA	NA	NA	NA
"HiG_0"	"Rsad1"	0.000352334697952445	3.42599436480276e-05	"HiG"	0.000932924658419494	1.64536976793562e-06	8	523	529	529	516.5	NA	NA	NA	NA
"HiG_0"	"Rsad2"	0.00291975564719488	0.00799663108510253	"HiG"	0.0509018400196438	8.97739682886134e-05	15.6024447068842	92	81	81	468	NA	NA	NA	NA
"HiG_0"	"Rtp4"	0.000271394970147764	8.64564188975494e-18	"HiG"	0	0	NA	559.5	559.5	559.5	NA	NA	NA	NA	NA
"HiG_0"	"S100a4"	0.00284044465228433	0.0140981390822474	"HiG"	0.046766807179398	8.2481141409873e-05	34.9126102002376	95	96	96	182	NA	NA	NA	NA
"HiG_0"	"S100a6"	0.00113269310830301	0.00731344464812526	"HiG"	0.015994127696984	2.82083380899189e-05	29.977114065395	299	256	256	263	NA	NA	NA	NA
"HiG_0"	"S100a8"	0.00337527317325537	0.0196925116269255	"HiG"	0.0557099313206525	9.82538471263712e-05	39.407728708188	67	72	72	116	NA	NA	NA	NA
"HiG_0"	"S100a9"	0.00392954125421122	0.0163267025004178	"HiG"	0.062829220818142	0.00011080991325951	22.0502059385308	55	57	57	392	NA	NA	NA	NA
"HiG_0"	"Samd9l"	0.000346679636043752	0.00486814691678695	"HiG"	0.00152735202219748	2.69374254355816e-06	146	527	510	510	1	NA	NA	NA	NA
"HiG_0"	"Sat1"	0.00117817285380852	0.006281935434155	"HiG"	0.0148480366292589	2.6187013455483e-05	49.2266475699879	287	270	270	58	NA	NA	NA	NA
"HiG_0"	"Satb1"	0.00306262485570615	0.0283674553027494	"HiG"	0.0485155647105129	8.55653698598111e-05	33.9363041572639	86	87	87	197	NA	NA	NA	NA
"HiG_0"	"Scarf1"	0.00086621389932074	0.000849670442357187	"HiG"	0.010174530979666	1.79444990823033e-05	22.6641362047372	354	325	325	380	NA	NA	NA	NA
"HiG_0"	"Scin"	0.00081068256012718	0.0022103567254625	"HiG"	0.00867865979407576	1.53062782964299e-05	20.8857473996804	366	346	346	406	NA	NA	NA	NA
"HiG_0"	"Sell"	0.00189231067614256	0.0023350312204843	"HiG"	0.0276334457263131	4.87362358488768e-05	29.2832581720227	162	160	160	273	NA	NA	NA	NA
"HiG_0"	"Sgms2"	0.000271394970147764	8.64564188975494e-18	"HiG"	0	0	NA	559.5	559.5	559.5	NA	NA	NA	NA	NA
"HiG_0"	"Sh2d3c"	0.00222091124745949	0.0140010279392156	"HiG"	0.0320254839392771	5.64823349899067e-05	23.9780826593338	137	139	139	362	NA	NA	NA	NA
"HiG_0"	"Sh2d5"	0.000845647728347284	0.00022325627753613	"HiG"	0.00420581743796564	7.41766743909285e-06	22.5772057554824	358	437	437	381	NA	NA	NA	NA
"HiG_0"	"Sh3bp5"	0.000762132576143312	0.00644956227829757	"HiG"	0.00798129909256603	1.40763652426209e-05	59.2679418649233	383	360	360	39	NA	NA	NA	NA
"HiG_0"	"Sh3pxd2b"	0.00141261295696644	0.00247268373911981	"HiG"	0.0150101972920659	2.64730110971179e-05	34.0381516447814	239	265	265	194	NA	NA	NA	NA
"HiG_0"	"Sirpa"	0.00102177983953973	0.00160788262124501	"HiG"	0.0128876658999276	2.27295694884085e-05	30.7898918374993	325	292	292	255	NA	NA	NA	NA
"HiG_0"	"Sirt3"	0.000688889023258053	0.000339882495289363	"HiG"	0.00515292746415621	9.088055492339e-06	10.2139203146053	402	416	416	501	NA	NA	NA	NA
"HiG_0"	"Slc12a2"	0.00187003076480004	0.0060063809561503	"HiG"	0.0256483149161491	4.5235123308905e-05	35.8734410722692	170	169	169	167	NA	NA	NA	NA
"HiG_0"	"Slc16a1"	0.00167431399878383	0.0140527400532254	"HiG"	0.0192837843437672	3.40102016644924e-05	52.8790596486738	193	221	221	47	NA	NA	NA	NA
"HiG_0"	"Slc19a1"	0.000963949189713231	0.000647081984574056	"HiG"	0.00867477458464554	1.52994260752126e-05	28.6386202330749	338	347	347	285	NA	NA	NA	NA
"HiG_0"	"Slc22a3"	0.000598100070585945	0.000425486995817996	"HiG"	0.00495554158466537	8.73993224808707e-06	16.6811976224444	434	425	425	461	NA	NA	NA	NA
"HiG_0"	"Slc23a2"	0.000380894153863866	9.93366364709065e-07	"HiG"	0.000654069454427956	1.15356164802109e-06	4	512	536	536	546	NA	NA	NA	NA
"HiG_0"	"Slc24a3"	0.00044616778277503	0.000231303322406321	"HiG"	0.00211547819664419	3.73100211048357e-06	8	482	490	490	516.5	NA	NA	NA	NA
"HiG_0"	"Slc28a2"	0.00074916982969017	0.00184357271161729	"HiG"	0.00527295532800472	9.29974484656918e-06	9.96603494513847	385	415	415	508	NA	NA	NA	NA
"HiG_0"	"Slc29a1"	0.00272427767836612	0.0118824030032965	"HiG"	0.028028830411407	4.94335633358148e-05	27.3403711387879	99	156	156	311	NA	NA	NA	NA
"HiG_0"	"Slc29a2"	0.00116943697055212	0.000356574614060369	"HiG"	0.00626608242156801	1.10512917487972e-05	4.82042863985226	288	391	391	542	NA	NA	NA	NA
"HiG_0"	"Slc30a4"	0.00113080979376412	0.000903361005738243	"HiG"	0.011133068260302	1.96350410234603e-05	12.8316557376987	300	312	312	494	NA	NA	NA	NA
"HiG_0"	"Slc39a10"	0.00129066247278347	0.0223815939640909	"HiG"	0.0177719693087601	3.13438612147445e-05	58.2551689439429	264	239	239	41	NA	NA	NA	NA
"HiG_0"	"Slc6a9"	0.00041921568724991	0.000651595737768974	"HiG"	0.00190039033607956	3.35165844105742e-06	20.7107224496319	497	499	499	407	NA	NA	NA	NA
"HiG_0"	"Slc7a11"	0.000846406601767072	0.000788116947573068	"HiG"	0.00816698125785604	1.44038470156191e-05	19.5544708183707	356	354	354	431	NA	NA	NA	NA
"HiG_0"	"Slc7a8"	0.000509134205611466	0.000149615931069873	"HiG"	0.0023237142357522	4.09826143871639e-06	7.15425295717434	460	482	482	525	NA	NA	NA	NA
"HiG_0"	"Slpi"	0.00172204634175962	0.00501369268740899	"HiG"	0.0284695818351527	5.02109027075003e-05	27.3022316282183	186	154	154	312	NA	NA	NA	NA
"HiG_0"	"Smad3"	0.00457384637088907	0.0429109919938392	"HiG"	0.0720343121996335	0.000127044642327396	44.645219218638	37	42	42	84	NA	NA	NA	NA
"HiG_0"	"Smo"	0.00165752193975891	0.00237848088834992	"HiG"	0.0189460137145393	3.34144862690287e-05	20.1160715616842	195	229	229	415	NA	NA	NA	NA
"HiG_0"	"Smpdl3a"	0.000271394970147764	8.64564188975494e-18	"HiG"	0	0	NA	559.5	559.5	559.5	NA	NA	NA	NA	NA
"HiG_0"	"Snap47"	0.00104187067998418	0.00154150324928191	"HiG"	0.0112476553545017	1.98371346640242e-05	20.2130239759287	321	308	308	414	NA	NA	NA	NA
"HiG_0"	"Socs1"	0.00379577794778292	0.011624285446598	"HiG"	0.06158988981958	0.00010862414430261	33.1704726497907	59	62	62	210	NA	NA	NA	NA
"HiG_0"	"Socs2"	0.00143547392725933	0.00209156294986676	"HiG"	0.0190768989536068	3.3645324433169e-05	32.2856826386199	235	225	225	226	NA	NA	NA	NA
"HiG_0"	"Socs3"	0.00572444021977697	0.00900186559477413	"HiG"	0.0923857014445905	0.000162937745052188	27.2120849813535	26	30	30	314	NA	NA	NA	NA
"HiG_0"	"Sorl1"	0.0034284217847663	0.0466219396282288	"HiG"	0.0562826974993879	9.92640167537705e-05	73.9438482455781	66	69	69	21	NA	NA	NA	NA
"HiG_0"	"Sort1"	0.00239907988032396	0.013295972506471	"HiG"	0.0355212806997061	6.2647761375143e-05	27.0394390337907	123	122	122	318	NA	NA	NA	NA
"HiG_0"	"Sox4"	0.00132462430374251	0.013711583302022	"HiG"	0.0181411476654117	3.19949694275339e-05	50.0863179885151	258	236	236	55	NA	NA	NA	NA
"HiG_0"	"Sp140"	0.000487438519626169	0.00250709310115175	"HiG"	0.00442846482759122	7.81034361127199e-06	43.5493119821656	471	435	435	88	NA	NA	NA	NA
"HiG_0"	"Spata13"	0.00042186464337789	3.11291853528882e-05	"HiG"	0.00168647497274764	2.97438266798526e-06	14.1038583427675	493	506	506	487	NA	NA	NA	NA
"HiG_0"	"Spint1"	0.000872404489884458	0.00252851029561216	"HiG"	0.011375359024402	2.00623615950653e-05	36.7662713300715	353	306	306	153	NA	NA	NA	NA
"HiG_0"	"Spint2"	0.00216940461477166	0.00522949094094345	"HiG"	0.0273064798399997	4.81595764373892e-05	24.5731719773644	143	163	163	348	NA	NA	NA	NA
"HiG_0"	"Spns2"	0.000722695489661839	0.00578344555956985	"HiG"	0.0072747233178418	1.28301998551002e-05	79.5917167533032	392	377	377	15	NA	NA	NA	NA
"HiG_0"	"Spp1"	0.00153964875803212	0.00134152845831108	"HiG"	0.01904246016936	3.35845858366138e-05	23.0420751211901	215	227	227	376	NA	NA	NA	NA
"HiG_0"	"Srm"	0.00175270662806956	0.0138268305591047	"HiG"	0.0205361399554096	3.62189417202992e-05	19.3894992906277	182	207	207	437	NA	NA	NA	NA
"HiG_0"	"Srpk1"	0.0027321121253503	0.131807055828081	"HiG"	0.0494942712488868	8.72914836841036e-05	42.2360926912144	98	85	85	94	NA	NA	NA	NA
"HiG_0"	"Srpk2"	0.00268800293831423	0.113346798038764	"HiG"	0.0469066974145355	8.27278614012973e-05	41.8499416704913	101	95	95	96	NA	NA	NA	NA
"HiG_0"	"Ssbp1"	0.00370971081868283	0.0601844412147098	"HiG"	0.0589265434371002	0.000103926884368783	36.6258647447408	62	66	66	156	NA	NA	NA	NA
"HiG_0"	"Ssbp2"	0.00114456456938653	0.00265530407583137	"HiG"	0.0120411651281993	2.12366228010569e-05	21.1039361193618	293	299	299	402	NA	NA	NA	NA
"HiG_0"	"Ssbp3"	0.00119024282027382	0.00589767993872118	"HiG"	0.0135899687827182	2.39681989113195e-05	37.7741469123818	283	286	286	135	NA	NA	NA	NA
"HiG_0"	"St3gal5"	0.000421337607779382	1.6385521273744e-05	"HiG"	0.00132523858128221	2.33728144846951e-06	6	494	515	515	534	NA	NA	NA	NA
"HiG_0"	"Stat2"	0.00441533023827127	0.0371813061380153	"HiG"	0.0890612638687989	0.000157074539451144	28.7043727145846	40	33	33	283	NA	NA	NA	NA
"HiG_0"	"Stk26"	0.00123587226432223	0.00511346055876631	"HiG"	0.0165463867854808	2.91823400096663e-05	28.8321476094182	271	250	250	279	NA	NA	NA	NA
"HiG_0"	"Stom"	0.00171837630517889	0.000747983525294241	"HiG"	0.0165628353853332	2.92113498859493e-05	19.9760540203582	187	249	249	424	NA	NA	NA	NA
"HiG_0"	"Suclg2"	0.000901297723189832	0.0124646168681472	"HiG"	0.0107537098229386	1.89659785237013e-05	56.4434354044778	346	318	318	45	NA	NA	NA	NA
"HiG_0"	"Sun2"	0.00258041143674571	0.00501432233757219	"HiG"	0.0277264793674106	4.89003163446395e-05	21.2208682358283	108	159	159	401	NA	NA	NA	NA
"HiG_0"	"Syce2"	0.000271394970147764	8.64564188975494e-18	"HiG"	0	0	NA	559.5	559.5	559.5	NA	NA	NA	NA	NA
"HiG_0"	"Tap1"	0.00243646700817724	0.00959983663589998	"HiG"	0.0410171087065733	7.23405797294062e-05	27.5153980901593	120	102	102	307	NA	NA	NA	NA
"HiG_0"	"Tbc1d16"	0.000611993612660595	0.000891716060744472	"HiG"	0.00399547668285709	7.04669608969504e-06	20.0876102532924	429	445	445	416	NA	NA	NA	NA
"HiG_0"	"Tbc1d2"	0.00132874001751925	0.00140075312744367	"HiG"	0.0113562811925833	2.00287146253674e-05	10.1339229230626	257	307	307	503	NA	NA	NA	NA
"HiG_0"	"Tbc1d20"	0.000521296415694793	0.00101206266993845	"HiG"	0.00286742047731247	5.0571789723324e-06	36.6823125643799	454	464	464	155	NA	NA	NA	NA
"HiG_0"	"Tbc1d4"	0.00112041826442185	0.0032862990620426	"HiG"	0.0089115100957853	1.5716949022549e-05	24.999387476383	302	343	343	343	NA	NA	NA	NA
"HiG_0"	"Tbc1d8"	0.00140579147310921	0.00100922043679939	"HiG"	0.0140410861985126	2.47638204559305e-05	24.4219326419658	240	280	280	354	NA	NA	NA	NA
"HiG_0"	"Tcf19"	0.000440923839446408	0.000405478678358501	"HiG"	0.00219048008891846	3.86328058010311e-06	17.501041127762	484	486	486	453	NA	NA	NA	NA
"HiG_0"	"Tcf4"	0.00225815226220021	0.0275485522879249	"HiG"	0.0353592274703272	6.23619532104535e-05	38.3772019816908	134	123	123	130	NA	NA	NA	NA
"HiG_0"	"Tcf7l2"	0.00249193482497186	0.029780119292598	"HiG"	0.0399531952551157	7.04641891624615e-05	33.3874507681469	114	106	106	207	NA	NA	NA	NA
"HiG_0"	"Tcn2"	0.000703041152732597	0.00431574594681162	"HiG"	0.00529356719026168	9.33609733732218e-06	73.8693102893578	400	413	413	22	NA	NA	NA	NA
"HiG_0"	"Tfec"	0.00141825321144824	0.00187156341496881	"HiG"	0.0226329030139508	3.99169365325411e-05	35.811545575783	237	193	193	170	NA	NA	NA	NA
"HiG_0"	"Tfpi"	0.00134077707272157	0.00836778513138073	"HiG"	0.0196683087847035	3.46883752816641e-05	48.8517796034679	255	217	217	61	NA	NA	NA	NA
"HiG_0"	"Tfr2"	0.000377046375173148	0.000166161211969168	"HiG"	0.0020059868763236	3.53789572543846e-06	48	515	494	494	65	NA	NA	NA	NA
"HiG_0"	"Tgif2"	0.000707521633556021	0.00146090737694436	"HiG"	0.00733443807161506	1.29355168811553e-05	29.2562824705941	397	376	376	274	NA	NA	NA	NA
"HiG_0"	"Thbs1"	0.00673100413326652	0.0202542143727833	"HiG"	0.113002996036774	0.00019929981664334	29.6720696148115	14	19	19	266	NA	NA	NA	NA
"HiG_0"	"Thumpd1"	0.00164173695666183	0.0682693956241483	"HiG"	0.0300958095223821	5.30790291400036e-05	32.742875668606	196	146	146	213	NA	NA	NA	NA
"HiG_0"	"Thy1"	0.00379787241364831	0.0124347678972655	"HiG"	0.0616620612800167	0.000108751430828954	33.7151750584933	58	61	61	202	NA	NA	NA	NA
"HiG_0"	"Timm9"	0.000512357405562165	0.00138648445750805	"HiG"	0.00349897078337869	6.17102430930986e-06	24.9788221630424	457	456	456	344	NA	NA	NA	NA
"HiG_0"	"Tjp1"	0.00233846991582121	0.0176425760462242	"HiG"	0.0321012262344236	5.66159192846978e-05	44.9422990571194	126	138	138	81	NA	NA	NA	NA
"HiG_0"	"Tlr2"	0.00337508508954049	0.00487719754857816	"HiG"	0.0574721244782807	0.000101361771566633	32.3686767285023	68	68	68	224	NA	NA	NA	NA
"HiG_0"	"Tmed3"	0.00147306649373573	0.00518627486311314	"HiG"	0.0121336940587484	2.13998131547591e-05	14.0780288404049	223	298	298	488	NA	NA	NA	NA
"HiG_0"	"Tmem108"	0.000793322204117057	0.00113052124353498	"HiG"	0.008511726458519	1.50118632425379e-05	15	373	350	350	476.5	NA	NA	NA	NA
"HiG_0"	"Tmem154"	0.000399808302067601	6.78861118583044e-07	"HiG"	0.000540199754153375	9.52733252475087e-07	3	504	540	540	549	NA	NA	NA	NA
"HiG_0"	"Tmem176a"	0.000503729444225965	8.9239879385899e-06	"HiG"	0.00254774656621518	4.49338018732836e-06	6	462	473	473	536	NA	NA	NA	NA
"HiG_0"	"Tmem176b"	0.00113349799435603	0.00038065690323213	"HiG"	0.0105653101599683	1.86337039858348e-05	18.3763546674614	298	319	319	443	NA	NA	NA	NA
"HiG_0"	"Tmem216"	0.000898084879869061	0.00110303128126339	"HiG"	0.00716275976243537	1.26327332670818e-05	19.7674555064502	347	380	380	427	NA	NA	NA	NA
"HiG_0"	"Tmem40"	0.000315753092571409	6.10396696502106e-05	"HiG"	0.00080700487984006	1.42328902970028e-06	51	539	532	532	50	NA	NA	NA	NA
"HiG_0"	"Tmem64"	0.000271394970147764	8.64564188975494e-18	"HiG"	0	0	NA	559.5	559.5	559.5	NA	NA	NA	NA	NA
"HiG_0"	"Tmx4"	0.0017412289397783	0.000536799216253097	"HiG"	0.0189603779630004	3.34398200405651e-05	8.96570641673084	183	228	228	510	NA	NA	NA	NA
"HiG_0"	"Tnf"	0.00377989019500919	0.0161753132081867	"HiG"	0.0607702385130344	0.000107178551169373	33.5602974412401	60	63	63	204	NA	NA	NA	NA
"HiG_0"	"Tnfaip2"	0.0009309905130929	0.00684570076611788	"HiG"	0.0132905177333522	2.34400665491221e-05	36.9081489952632	342	289	289	150	NA	NA	NA	NA
"HiG_0"	"Tnfrsf1b"	0.0051970622972758	0.0396425931955286	"HiG"	0.0927864224544059	0.000163644484046571	33.4549116062915	30	29	29	205	NA	NA	NA	NA
"HiG_0"	"Tnip3"	0.000572990153375034	0.00119144138824798	"HiG"	0.00494466314857744	8.72074629378738e-06	31.4322696670122	445	426	426	245	NA	NA	NA	NA
"HiG_0"	"Tob1"	0.00079839463364364	0.00929947380935845	"HiG"	0.00872248647735719	1.53835740341397e-05	77.2071332575539	371	344	344	17	NA	NA	NA	NA
"HiG_0"	"Tor3a"	0.000659894213356036	0.000358806621336888	"HiG"	0.00542026512050309	9.55955047707776e-06	15.6457695780058	414	410	410	467	NA	NA	NA	NA
"HiG_0"	"Tox"	0.000271394970147764	8.64564188975494e-18	"HiG"	0	0	NA	559.5	559.5	559.5	NA	NA	NA	NA	NA
"HiG_0"	"Tpd52"	0.000624055364624114	0.000728177524396495	"HiG"	0.00510557452769846	9.0045406132248e-06	13.9540857868785	423	419	419	490	NA	NA	NA	NA
"HiG_0"	"Trem1"	0.000698877165193144	0.00039401424113594	"HiG"	0.00616174177749117	1.0867269448838e-05	28.1734581897065	401	394	394	295	NA	NA	NA	NA
"HiG_0"	"Trib3"	0.00250574832914848	0.030793330809112	"HiG"	0.0371376758653872	6.54985464998011e-05	31.5793373313298	113	116	116	241	NA	NA	NA	NA
"HiG_0"	"Trip6"	0.00255469268342239	0.00875020993951019	"HiG"	0.036299661964837	6.40205678392188e-05	32.9013079351878	110	119	119	211	NA	NA	NA	NA
"HiG_0"	"Tsc22d1"	0.00100271901992918	0.0054133323215128	"HiG"	0.00892603179300592	1.57425604814919e-05	41.1481241020256	328	341	341	100	NA	NA	NA	NA
"HiG_0"	"Tspan13"	0.000450648340100374	0.00469912331955039	"HiG"	0.00319365886861399	5.63255532383419e-06	131	478	462	462	4	NA	NA	NA	NA
"HiG_0"	"Tspan2"	0.000314098766440898	3.80981851457562e-05	"HiG"	0.000632556176746742	1.1156193593417e-06	12.8984241937236	540	537	537	493	NA	NA	NA	NA
"HiG_0"	"Tspan3"	0.00189738911573169	0.00114771562216422	"HiG"	0.0190589606772899	3.36136872615341e-05	15.4331042180284	161	226	226	471	NA	NA	NA	NA
"HiG_0"	"Tyrobp"	0.00520859896695152	0.00641460470913604	"HiG"	0.0895396201554384	0.000157918201332343	27.170643431806	29	32	32	315	NA	NA	NA	NA
"HiG_0"	"Unc13d"	0.00107358841832709	0.00178351891195021	"HiG"	0.0147439434022992	2.60034275172825e-05	38.3185024654035	311	272	272	131	NA	NA	NA	NA
"HiG_0"	"Usp18"	0.00447829491795171	0.0312066002834365	"HiG"	0.0928184553006251	0.000163700979366182	27.9369354331577	38	28	28	303	NA	NA	NA	NA
"HiG_0"	"Vangl2"	0.00118047520998507	0.0019854212986692	"HiG"	0.0129061807952965	2.27622236248616e-05	20.9320072908345	286	291	291	405	NA	NA	NA	NA
"HiG_0"	"Vasp"	0.00219268337095466	0.00581316221520667	"HiG"	0.0282001059190785	4.97356365415846e-05	23.8787099752448	140	155	155	365	NA	NA	NA	NA
"HiG_0"	"Vldlr"	0.00188133815484616	0.00603907282739819	"HiG"	0.0277921102335335	4.90160674312759e-05	22.2515442208896	165	158	158	389	NA	NA	NA	NA
"HiG_0"	"Vsir"	0.00160168763363702	0.00221052559458851	"HiG"	0.0218467772252314	3.85304712967043e-05	34.9161309577931	202	201	201	181	NA	NA	NA	NA
"HiG_0"	"Wdr12"	0.00307604042253182	0.179323829624808	"HiG"	0.0618896174654894	0.000109152764489399	28.6264260697265	85	59	59	286	NA	NA	NA	NA
"HiG_0"	"Wdr36"	0.00319775175299027	0.302805420746579	"HiG"	0.0674432188349909	0.000118947475899455	35.8186868108619	77	47	47	169	NA	NA	NA	NA
"HiG_0"	"Xpc"	0.00109000988547297	0.0443355706053477	"HiG"	0.0148870138512601	2.62557563514287e-05	32.6258893017692	306	268	268	216	NA	NA	NA	NA
"HiG_0"	"Ydjc"	0.000384488660747041	0.00167123581169463	"HiG"	0.00180935344179106	3.19109954460504e-06	50	510	502	502	57	NA	NA	NA	NA
"HiG_0"	"Ypel3"	0.000606993425949834	0.00109550738693714	"HiG"	0.00266552598900669	4.70110403704884e-06	12.4479919060157	432	468	468	495	NA	NA	NA	NA
"HiG_0"	"Zc3h7b"	0.000773323521652774	0.0181298667609357	"HiG"	0.00904897929594113	1.59593991110073e-05	67.6942470147235	379	338	338	26	NA	NA	NA	NA
"HiG_0"	"Zdhhc8"	0.000574092437782401	0.000452031124648348	"HiG"	0.00450454991044902	7.94453246992772e-06	38.9065655633211	444	433	433	124	NA	NA	NA	NA
"HiG_0"	"Zfp36l1"	0.000815580018542029	0.00271896791305927	"HiG"	0.00661267773013987	1.16625709526276e-05	23.8507615054398	365	387	387	366	NA	NA	NA	NA
"HiG_0"	"Zmpste24"	0.00101283814356652	0.00230892592294532	"HiG"	0.00931476274971871	1.64281529977402e-05	22.3484355195403	327	334	334	386	NA	NA	NA	NA
"HiG_1"	"Abcd2"	0.000334511792096083	0.000250801322453654	"HiG"	0.000953840009546026	1.55856210710135e-06	8	551	558	558	568	NA	NA	NA	NA
"HiG_1"	"Abtb1"	0.000310856989933943	0.00163150352204471	"HiG"	0.00115518906070572	1.88756382468254e-06	59	561	549	549	42.5	NA	NA	NA	NA
"HiG_1"	"Acadm"	0.00143823965939308	0.00635402410067646	"HiG"	0.0176437739405261	2.88296959812518e-05	31.6645892686273	227	275	275	295	NA	NA	NA	NA
"HiG_1"	"Acox3"	0.000387179378451124	9.3187781706432e-05	"HiG"	0.00191899646673564	3.13561514172489e-06	10	522	529	529	561	NA	NA	NA	NA
"HiG_1"	"Acsl1"	0.00112748213769833	0.0311776878470769	"HiG"	0.0156409629107902	2.55571289391997e-05	56.7628424345158	291	300	300	49	NA	NA	NA	NA
"HiG_1"	"Actn1"	0.0032574400588586	0.0601445542573871	"HiG"	0.0593778650480203	9.70226553072227e-05	45.9184867865013	76	91	91	107	NA	NA	NA	NA
"HiG_1"	"Acy1"	0.000306737268142825	0.000401776102130518	"HiG"	0.000986560209411663	1.61202648596677e-06	146	563	557	557	4.5	NA	NA	NA	NA
"HiG_1"	"Adgra3"	0.000299367632852427	2.58242104774498e-05	"HiG"	0.000856488120374452	1.39949039276871e-06	20	568	565	565	492	NA	NA	NA	NA
"HiG_1"	"Adgrg1"	0.000615445821930042	0.000774927391972909	"HiG"	0.00773343018099706	1.26363238251586e-05	20.1661953290627	440	417	417	490	NA	NA	NA	NA
"HiG_1"	"Adgrl4"	0.000286210594737018	1.38287077489688e-05	"HiG"	0.000325767198570494	5.32299344069435e-07	11	575	579	579	553.5	NA	NA	NA	NA
"HiG_1"	"Adpgk"	0.00162748563024213	0.00686745679064302	"HiG"	0.0190651447110311	3.1152197240247e-05	20.8637734715688	202	260	260	483	NA	NA	NA	NA
"HiG_1"	"Afap1l1"	0.000774341418310551	0.00135837250240329	"HiG"	0.00990713868139468	1.61881351003181e-05	29.7952553554526	391	379	379	324	NA	NA	NA	NA
"HiG_1"	"Agl"	0.00076127175278088	0.00403927299171616	"HiG"	0.00896018138518201	1.46408192568334e-05	29.9927042797587	403	397	397	321	NA	NA	NA	NA
"HiG_1"	"Agpat2"	0.000420991930813253	0.000503868537989085	"HiG"	0.00300115182696523	4.90384285451835e-06	14.0143579779789	513	497	497	541	NA	NA	NA	NA
"HiG_1"	"Agps"	0.000949358137533229	0.0344047452194254	"HiG"	0.00958584427365759	1.56631442380026e-05	64.1892940391302	343	383	383	29	NA	NA	NA	NA
"HiG_1"	"Ahnak"	0.00297620157126922	0.180291009001315	"HiG"	0.0588966790447972	9.62364036679693e-05	67.9770146308595	88	94	94	22	NA	NA	NA	NA
"HiG_1"	"Ak1"	0.00073384171263721	0.00228420485717954	"HiG"	0.00872123370566464	1.42503818720011e-05	35.4353220323799	412	404	404	219	NA	NA	NA	NA
"HiG_1"	"Ak4"	0.00106206766949946	0.00096539302013181	"HiG"	0.00977167065148268	1.59667821102658e-05	22.4629189941206	309	380	380	469	NA	NA	NA	NA
"HiG_1"	"Alcam"	0.000581628932841414	0.000422387446741811	"HiG"	0.00569056515306374	9.29830907363356e-06	18.3794624198267	451	448	448	503	NA	NA	NA	NA
"HiG_1"	"Aldoc"	0.000747026361070152	0.00441803351992289	"HiG"	0.00936498594906387	1.53022646226534e-05	28.2824830269633	407	388	388	363	NA	NA	NA	NA
"HiG_1"	"Als2cl"	0.000254215744429556	1.32198910048123e-17	"HiG"	0	0	NA	600	600	600	NA	NA	NA	NA	NA
"HiG_1"	"Angptl2"	0.000471440360633757	0.000253535765991016	"HiG"	0.00430214486926496	7.02964847919112e-06	30.013367618249	487	468	468	320	NA	NA	NA	NA
"HiG_1"	"Antxr2"	0.00029995944221628	3.0440859842268e-05	"HiG"	0.000877098373746235	1.43316727736313e-06	20.2120712767383	567	563	563	489	NA	NA	NA	NA
"HiG_1"	"Anxa1"	0.00192329709516245	0.0624969138127346	"HiG"	0.0320725843084468	5.24061835105341e-05	56.8485295599008	157	168	168	48	NA	NA	NA	NA
"HiG_1"	"Anxa3"	0.000743372293830994	0.0046991483759406	"HiG"	0.0102337503125573	1.67218142362048e-05	23.5702526347975	409	369	369	452	NA	NA	NA	NA
"HiG_1"	"Anxa4"	0.00096229144244662	0.00523380080631042	"HiG"	0.0150559180592358	2.46011732994049e-05	28.221515193939	339	308	308	367	NA	NA	NA	NA
"HiG_1"	"Anxa6"	0.00114737808918806	0.00428441746913149	"HiG"	0.0165336126806263	2.70157069944874e-05	33.7768437153165	284	283	283	249	NA	NA	NA	NA
"HiG_1"	"Apex1"	0.00661958028937588	0.184798740634536	"HiG"	0.114754480914866	0.000187507321756317	31.9869593609901	10	27	27	290	NA	NA	NA	NA
"HiG_1"	"App"	0.00962991808557973	0.0532874042233971	"HiG"	0.153754486384168	0.000251232820889163	22.9756976895706	3	12	12	463	NA	NA	NA	NA
"HiG_1"	"Aqp1"	0.00167512096899725	0.00207518810842381	"HiG"	0.0208874990579156	3.41299004214307e-05	22.4296541198714	192	241	241	470	NA	NA	NA	NA
"HiG_1"	"Aqp9"	0.000377698173377361	5.16880990455748e-05	"HiG"	0.00171835478634184	2.8077692587285e-06	10.7594123599737	529	533	533	558	NA	NA	NA	NA
"HiG_1"	"Arhgap29"	0.00119393917101356	0.00423989553949373	"HiG"	0.0162465406137668	2.6546634989815e-05	24.1741181919587	274	287	287	438	NA	NA	NA	NA
"HiG_1"	"Arhgef18"	0.000775507195939908	0.000404612144318936	"HiG"	0.00768387480478172	1.25553509882054e-05	12.9684727396028	390	420	420	546	NA	NA	NA	NA
"HiG_1"	"Arhgef5"	0.000829783906252548	0.00288425903403793	"HiG"	0.0103204399068478	1.68634639000781e-05	42.1422140409337	374	367	367	135	NA	NA	NA	NA
"HiG_1"	"Arl4c"	0.00147312266279218	0.00534751119484038	"HiG"	0.0196612979500503	3.21263038399514e-05	26.4983731788796	222	257	257	404	NA	NA	NA	NA
"HiG_1"	"Armcx2"	0.000385064745490971	0.0145694276819663	"HiG"	0.00379517178451531	6.20126108580933e-06	50.5499260340924	524	483	483	73	NA	NA	NA	NA
"HiG_1"	"Arsb"	0.000431116441190137	0.00253645321908805	"HiG"	0.00232389617826416	3.79721597755582e-06	38.5452792177249	507	518	518	175	NA	NA	NA	NA
"HiG_1"	"Arx"	0.00102723178081126	0.00369790324398542	"HiG"	0.0158510767036657	2.59004521301727e-05	23.7016663420129	321	295	295	449	NA	NA	NA	NA
"HiG_1"	"Atad3a"	0.0018306319116633	0.0602815843145253	"HiG"	0.0352940492316664	5.76700150844223e-05	58.2486943522611	170	151	151	45	NA	NA	NA	NA
"HiG_1"	"Atf5"	0.000787498468668747	0.00559936656874144	"HiG"	0.0123975774973095	2.02574795707672e-05	27.6231970334619	385	336	336	379	NA	NA	NA	NA
"HiG_1"	"Atrnl1"	0.000340486781259657	2.74031487416837e-05	"HiG"	0.00118061671859384	1.92911228528405e-06	12.299651845973	550	548	548	547	NA	NA	NA	NA
"HiG_1"	"Axl"	0.0029719383606531	0.0246032536217058	"HiG"	0.0576611696101589	9.42175974022205e-05	42.2471374244017	90	97	97	134	NA	NA	NA	NA
"HiG_1"	"Azin2"	0.000413558451325319	0.000735980620876573	"HiG"	0.00248726059990622	4.06415130703631e-06	8.82112513552214	514	514	514	566	NA	NA	NA	NA
"HiG_1"	"B3gnt5"	0.000643635707310814	4.84814107706665e-07	"HiG"	0.0008981045353433	1.46749107082239e-06	3.41870706815122	433	562	562	585	NA	NA	NA	NA
"HiG_1"	"B4galnt4"	0.000254215744429556	1.32198910048123e-17	"HiG"	0	0	NA	600	600	600	NA	NA	NA	NA	NA
"HiG_1"	"B4galt6"	0.000684423391716452	2.98975849049425e-05	"HiG"	0.00166810499643554	2.72566175888161e-06	8.94404859809738	422	534	534	565	NA	NA	NA	NA
"HiG_1"	"Bace1"	0.00166654633535567	0.0111584606941423	"HiG"	0.0257731977556413	4.21130682281721e-05	119.016396676051	194	206	206	7	NA	NA	NA	NA
"HiG_1"	"Bag2"	0.00394475460442441	0.18093651076135	"HiG"	0.0887729509869728	0.000145053841481982	54.1707234349328	56	50	50	59	NA	NA	NA	NA
"HiG_1"	"Bahcc1"	0.000322218581789117	0.0132047182962208	"HiG"	0.00177583659589074	2.9016937841352e-06	152.303199917622	554	532	532	2	NA	NA	NA	NA
"HiG_1"	"Bcat1"	0.00098804826581937	0.0276796675891327	"HiG"	0.0161453063562095	2.63812195362901e-05	56.6093694497626	333	289	289	50	NA	NA	NA	NA
"HiG_1"	"Bcl11a"	0.00121466314267366	0.0077535734296862	"HiG"	0.0206375183643203	3.37214352358174e-05	36.9924121300006	269	245	245	198	NA	NA	NA	NA
"HiG_1"	"Bcl2"	0.0044399510894228	0.0856522616380452	"HiG"	0.0927201427514584	0.000151503501227873	39.7894308926683	44	49	49	162	NA	NA	NA	NA
"HiG_1"	"Bcl3"	0.00197799671818205	0.0532808309400312	"HiG"	0.0393610723231746	6.43154776522461e-05	51.8860545508194	148	135	135	62	NA	NA	NA	NA
"HiG_1"	"Bex1"	0.000383374421183004	0.000588082462209864	"HiG"	0.00219739941946185	3.59052192722525e-06	10.4317274660555	525	523	523	559	NA	NA	NA	NA
"HiG_1"	"Bex4"	0.000254215744429556	1.32198910048123e-17	"HiG"	0	0	NA	600	600	600	NA	NA	NA	NA	NA
"HiG_1"	"Bnip3"	0.00101453495186972	0.0218951152631804	"HiG"	0.0155441865911667	2.53989976979848e-05	25.9862986402588	326	304	304	412	NA	NA	NA	NA
"HiG_1"	"Bri3"	0.00048143448182091	0.000127767292458622	"HiG"	0.00371522787627556	6.07063378476399e-06	11.8473781888451	483	486	486	550	NA	NA	NA	NA
"HiG_1"	"Bst2"	0.00111047116549105	0.0185615861049147	"HiG"	0.02625280462198	4.28967395783987e-05	33.5152558283573	293	200	200	257	NA	NA	NA	NA
"HiG_1"	"Btg2"	0.000891646990031891	0.0278013334423702	"HiG"	0.0110318826420566	1.80259520295042e-05	33.8090424656764	357	357	357	247	NA	NA	NA	NA
"HiG_1"	"Bzw2"	0.000992973897668454	0.00981722442261702	"HiG"	0.0121045150306796	1.97786193311757e-05	34.253542444772	332	343	343	238	NA	NA	NA	NA
"HiG_1"	"C1rl"	0.00142187058452381	0.00329868298861323	"HiG"	0.0243837032268921	3.9842652331523e-05	40.6710762706392	231	218	218	150	NA	NA	NA	NA
"HiG_1"	"C3ar1"	0.00155154189251661	0.00348714480608509	"HiG"	0.0239421847005483	3.91212168309612e-05	25.2120012541	211	222	222	420	NA	NA	NA	NA
"HiG_1"	"Cacna1a"	0.000494628221220646	0.00100738505430993	"HiG"	0.004413723763454	7.21196693374837e-06	18.6260904641704	479	465	465	501	NA	NA	NA	NA
"HiG_1"	"Cad"	0.00478440164081187	0.146816921431172	"HiG"	0.10348744255955	0.000169097128365278	41.806638517719	34	37	37	141	NA	NA	NA	NA
"HiG_1"	"Capn2"	0.000884235488253064	0.0111471365871665	"HiG"	0.0127710480489626	2.08677255702003e-05	34.8402869016151	359	331	331	230	NA	NA	NA	NA
"HiG_1"	"Casp12"	0.000542328163037045	0.0149680909725511	"HiG"	0.00663070040013614	1.08344777780002e-05	75.3973954845694	467	432	432	13	NA	NA	NA	NA
"HiG_1"	"Casp6"	0.00323107392307786	0.0501968765773285	"HiG"	0.0655655759602575	0.000107133294052708	37.3650767089863	77	80	80	192	NA	NA	NA	NA
"HiG_1"	"Cbx2"	0.000569466957137536	0.0220145371909377	"HiG"	0.00742116093305568	1.21260799559733e-05	65.408276522147	458	423	423	26	NA	NA	NA	NA
"HiG_1"	"Ccdc125"	0.000428820881887628	7.83218777106559e-05	"HiG"	0.0022280793612328	3.64065255103399e-06	16.9476065902233	509	520	520	515	NA	NA	NA	NA
"HiG_1"	"Ccl24"	0.00167585328422194	0.00537415158681966	"HiG"	0.0310727302837566	5.07724351041774e-05	32.2302640320482	191	175	175	282	NA	NA	NA	NA
"HiG_1"	"Ccl3"	0.00264673609326063	0.0082947236045791	"HiG"	0.0402415909913017	6.57542336459179e-05	21.244789732892	106	132	132	479	NA	NA	NA	NA
"HiG_1"	"Ccl4"	0.00197205720918398	0.00970953317874834	"HiG"	0.0377621074884144	6.1702790013749e-05	39.8063335237252	149	144	144	161	NA	NA	NA	NA
"HiG_1"	"Ccl5"	0.00531760083587859	0.0280086274273593	"HiG"	0.111799508048191	0.000182678934719266	29.2765080137303	25	29	29	337	NA	NA	NA	NA
"HiG_1"	"Ccnd1"	0.00280544489015387	0.0366556107612639	"HiG"	0.0551267041452415	9.00763139628129e-05	27.768192810617	101	99	99	375	NA	NA	NA	NA
"HiG_1"	"Ccpg1"	0.00129389052450851	0.00152671496569043	"HiG"	0.00963381899712424	1.57415343090265e-05	15.3931793264127	248	382	382	529	NA	NA	NA	NA
"HiG_1"	"Ccr2"	0.00104260412460304	0.00597632738280996	"HiG"	0.017434630399529	2.8487958169165e-05	38.9513154183931	314	277	277	174	NA	NA	NA	NA
"HiG_1"	"Cd244"	0.00128734731248732	0.0013883627263035	"HiG"	0.020237038328876	3.30670560929346e-05	36.3747003960974	249	250	250	207	NA	NA	NA	NA
"HiG_1"	"Cd27"	0.00224123711836849	0.00488838793574212	"HiG"	0.0392682749084649	6.41638478896485e-05	27.3604346085881	131	136	136	385	NA	NA	NA	NA
"HiG_1"	"Cd274"	0.00434853083437892	0.0442657855996042	"HiG"	0.0881713455984165	0.000144070826141203	25.5761121355951	46	52	52	417	NA	NA	NA	NA
"HiG_1"	"Cd28"	0.00284654464801079	0.0044238129045427	"HiG"	0.0533602447846599	8.71899424585945e-05	27.5111472207909	100	101	101	381	NA	NA	NA	NA
"HiG_1"	"Cd300lb"	0.000440087790080246	0.000461419669784154	"HiG"	0.00378143662417146	6.17881801335205e-06	64.159339472805	503	484	484	30	NA	NA	NA	NA
"HiG_1"	"Cd320"	0.000501512699923977	2.26708788884311e-05	"HiG"	0.00287873570963968	4.70381651901909e-06	6.49134069374034	475	503	503	578	NA	NA	NA	NA
"HiG_1"	"Cd33"	0.000922498828053535	0.000912700972964993	"HiG"	0.0125160047372556	2.04509881327706e-05	32.2205473357979	350	332	332	283	NA	NA	NA	NA
"HiG_1"	"Cd34"	0.000369441026983555	0.00133392702660488	"HiG"	0.00244513334624361	3.99531592523466e-06	20.8472631064253	535	515	515	484	NA	NA	NA	NA
"HiG_1"	"Cd48"	0.00553736853344761	0.00882613629598004	"HiG"	0.107473262950655	0.000175609906782116	27.9708805452331	19	33	33	371	NA	NA	NA	NA
"HiG_1"	"Cd52"	0.00181320095500067	0.00203944411350397	"HiG"	0.0300800458537154	4.91504017217571e-05	28.0710539703218	176	181	181	369	NA	NA	NA	NA
"HiG_1"	"Cd55"	0.00106569735675861	0.0103031613889427	"HiG"	0.0156279809031676	2.55359165084438e-05	36.5231823074224	306	301	301	203	NA	NA	NA	NA
"HiG_1"	"Cd69"	0.00145763555971451	0.00275542303343288	"HiG"	0.0239774999619933	3.9178921506525e-05	29.8805170745341	223	221	221	323	NA	NA	NA	NA
"HiG_1"	"Cd74"	0.00642521925540259	0.0187804413081152	"HiG"	0.120958042675068	0.000197643860580176	28.4646946752439	12	21	21	354	NA	NA	NA	NA
"HiG_1"	"Cd82"	0.000773206728284026	0.00264399131851215	"HiG"	0.0101104385999787	1.65203245097691e-05	22.6607253932059	394	376	376	466	NA	NA	NA	NA
"HiG_1"	"Cd84"	0.00125228665539554	0.00114634587413545	"HiG"	0.0196960362874332	3.21830658291393e-05	30.2371657268792	262	256	256	317	NA	NA	NA	NA
"HiG_1"	"Cd93"	0.00143741349569856	0.00194323872968658	"HiG"	0.0247790370288872	4.04886225962209e-05	36.7319413613997	229	213	213	200	NA	NA	NA	NA
"HiG_1"	"Cd96"	0.00125659566742227	0.00112066941547226	"HiG"	0.0199405673366893	3.25826263671393e-05	25.1932151158785	259	252	252	421	NA	NA	NA	NA
"HiG_1"	"Cdk18"	0.000950147011905135	0.0044921153600669	"HiG"	0.009313755011985	1.5218553941152e-05	28.8629664222112	342	390	390	346	NA	NA	NA	NA
"HiG_1"	"Cdk6"	0.00295831421919034	0.082798499293719	"HiG"	0.059081395335234	9.6538227671951e-05	43.6084055888784	93	92	92	125	NA	NA	NA	NA
"HiG_1"	"Cdkn1c"	0.00102375047752587	0.00944531800918566	"HiG"	0.0168942896159084	2.76050483920073e-05	33.5127921098492	323	280	280	258	NA	NA	NA	NA
"HiG_1"	"Cdkn3"	0.000570201732719497	0.00339872523973222	"HiG"	0.00610690746380916	9.97860696700842e-06	17.6768315927413	457	440	440	509	NA	NA	NA	NA
"HiG_1"	"Cebpa"	0.00623655601953561	0.118493467883998	"HiG"	0.120491918330343	0.000196882219494024	28.445181217912	13	22	22	356	NA	NA	NA	NA
"HiG_1"	"Cebpd"	0.00101850676616346	0.0142556742192467	"HiG"	0.0162394685246132	2.65350792885836e-05	43.0906708074055	325	288	288	128	NA	NA	NA	NA
"HiG_1"	"Cenpv"	0.00110993842221613	0.0729658283753367	"HiG"	0.0207156215956686	3.38490548948833e-05	74.2402405928202	294	243	243	15	NA	NA	NA	NA
"HiG_1"	"Cfp"	0.000764597808900692	0.000641918998044833	"HiG"	0.0101214764335081	1.65383601854707e-05	29.1763476759734	399	375	375	340	NA	NA	NA	NA
"HiG_1"	"Ckap4"	0.00429547272101545	0.100300126883526	"HiG"	0.0773103522446394	0.000126324104974901	37.982590502741	48	62	62	184	NA	NA	NA	NA
"HiG_1"	"Cldn11"	0.000760115730747705	0.0013004364371671	"HiG"	0.00826001377664578	1.34967545370029e-05	19.8739276877222	404	410	410	494	NA	NA	NA	NA
"HiG_1"	"Clec10a"	0.000893445150932557	0.000669574209468736	"HiG"	0.0118054244216216	1.92899091856562e-05	20.9290528575786	355	345	345	482	NA	NA	NA	NA
"HiG_1"	"Clec12a"	0.00140165311333043	0.0016644551125536	"HiG"	0.0217989800740413	3.56192484869956e-05	32.5471196624578	235	235	235	275	NA	NA	NA	NA
"HiG_1"	"Clec4d"	0.00195920517501309	0.0099247095244812	"HiG"	0.0340599274593035	5.5653476240692e-05	24.8900490324552	151	157	157	426	NA	NA	NA	NA
"HiG_1"	"Clec4e"	0.00260210139255303	0.0160177254862671	"HiG"	0.0460608212133412	7.52627797603615e-05	26.6870537625426	109	119	119	400	NA	NA	NA	NA
"HiG_1"	"Clec5a"	0.00153336760947647	0.00400118078286097	"HiG"	0.02687061466485	4.39062331124999e-05	32.3323878815457	213	197	197	281	NA	NA	NA	NA
"HiG_1"	"Clnk"	0.000826030776613156	0.00315697779944607	"HiG"	0.0115513176939977	1.88747021143754e-05	56.3296093192184	375	347	347	51	NA	NA	NA	NA
"HiG_1"	"Cluh"	0.00144510162689728	0.0398862800229459	"HiG"	0.0295999195014454	4.83658815383095e-05	23.1609533924848	225	182	182	460	NA	NA	NA	NA
"HiG_1"	"Clybl"	0.00033214446256349	2.80857230217671e-05	"HiG"	0.00131195646365122	2.1437197118484e-06	20	552	544	544	492	NA	NA	NA	NA
"HiG_1"	"Cmpk2"	0.00097270619781147	0.0191759727978536	"HiG"	0.0247649815443237	4.0465656118176e-05	28.9821421920033	337	214	214	344	NA	NA	NA	NA
"HiG_1"	"Cnn2"	0.000787255175779397	0.00277603574446789	"HiG"	0.00866467199623023	1.4157960778154e-05	20.2484450823618	386	405	405	487	NA	NA	NA	NA
"HiG_1"	"Cnn3"	0.00104630782778715	0.00556263626886105	"HiG"	0.0130199099827046	2.12743627168376e-05	23.7664264645371	311	329	329	448	NA	NA	NA	NA
"HiG_1"	"Cnp"	0.00260107001397105	0.0864238270846681	"HiG"	0.0488430570187966	7.98089166973801e-05	57.4070607537576	110	110	110	46	NA	NA	NA	NA
"HiG_1"	"Col4a1"	0.0017539224342993	0.00516445952413381	"HiG"	0.0311886858718825	5.09619050194158e-05	29.6433527751868	183	174	174	328	NA	NA	NA	NA
"HiG_1"	"Col4a2"	0.00190652620083906	0.00436423833850262	"HiG"	0.0305362004588035	4.98957523836659e-05	33.5983819526051	161	180	180	255	NA	NA	NA	NA
"HiG_1"	"Cpd"	0.00191746356536137	0.00605981119341061	"HiG"	0.0308403899124152	5.03927939745347e-05	37.3301347863913	158	176	176	193	NA	NA	NA	NA
"HiG_1"	"Cpne3"	0.000776828539699658	0.0200369423191057	"HiG"	0.0105886186445311	1.73016644518483e-05	51.17971478865	389	363	363	67	NA	NA	NA	NA
"HiG_1"	"Cpox"	0.000495574668453654	0.00500432286919378	"HiG"	0.0057230982027957	9.35146765162695e-06	40.7147026918763	478	447	447	149	NA	NA	NA	NA
"HiG_1"	"Creb3l2"	0.0011349238191299	0.000792712073975266	"HiG"	0.00808617051559607	1.32126969209086e-05	16.3875043196719	287	413	413	519	NA	NA	NA	NA
"HiG_1"	"Csf1r"	0.00260744188808705	0.00798988267087558	"HiG"	0.0495961874975851	8.10395220548775e-05	39.5102021528787	108	107	107	163	NA	NA	NA	NA
"HiG_1"	"Csf2rb"	0.00360863464717684	0.0063749205427063	"HiG"	0.0688668519398019	0.000112527535849349	32.5982748094071	64	75	75	273	NA	NA	NA	NA
"HiG_1"	"Ctr9"	0.00110304660578193	0.0521357474424041	"HiG"	0.017742503161265	2.89910182373612e-05	61.1539267955936	298	273	273	36	NA	NA	NA	NA
"HiG_1"	"Ctsb"	0.00182121341057541	0.0239371454844651	"HiG"	0.0305864198059307	4.99778101404097e-05	41.953819822073	173	178	178	139	NA	NA	NA	NA
"HiG_1"	"Ctsc"	0.00157480634504335	0.00193270230078467	"HiG"	0.0261155260374085	4.26724281657001e-05	35.0326153499495	208	203	203	227	NA	NA	NA	NA
"HiG_1"	"Ctsg"	0.00413137157156842	0.00724490756278495	"HiG"	0.0772913295280408	0.000126293022104642	25.0888544100067	52	63	63	422	NA	NA	NA	NA
"HiG_1"	"Ctss"	0.00222582957557767	0.0135660023027754	"HiG"	0.0428465349297447	7.0010677989779e-05	35.1839209470905	134	124	124	226	NA	NA	NA	NA
"HiG_1"	"Ctxn1"	0.000254215744429556	1.32198910048123e-17	"HiG"	0	0	NA	600	600	600	NA	NA	NA	NA	NA
"HiG_1"	"Cxcl10"	0.00522325436424824	0.0627330818442368	"HiG"	0.132289117406669	0.000216158688572989	30.7987678208329	28	17	17	311	NA	NA	NA	NA
"HiG_1"	"Cxcr2"	0.000887019928565365	0.000863915667881229	"HiG"	0.0115486268254469	1.8870305270338e-05	33.4735695912664	358	348	348	260	NA	NA	NA	NA
"HiG_1"	"Cxcr4"	0.00336696120452086	0.0160647573592832	"HiG"	0.0590679519383378	9.65162613371533e-05	33.9960727012922	74	93	93	243	NA	NA	NA	NA
"HiG_1"	"Cybb"	0.00199075109370311	0.00698613262569745	"HiG"	0.0364386098412079	5.95402121588364e-05	29.767930807656	146	146	146	325	NA	NA	NA	NA
"HiG_1"	"Cyp11a1"	0.000501037076914302	0.00128566867135763	"HiG"	0.00531322966410429	8.68174781716387e-06	45.3346032491163	476	451	451	111	NA	NA	NA	NA
"HiG_1"	"Cystm1"	0.000318514680910812	0.000392962418793886	"HiG"	0.0010578276732011	1.72847659019787e-06	11.2459341725667	555	555	555	551	NA	NA	NA	NA
"HiG_1"	"Dab2"	0.00319999494335066	0.0176375299099524	"HiG"	0.0620254751947483	0.000101348815677693	38.0342375955818	81	84	84	183	NA	NA	NA	NA
"HiG_1"	"Dach1"	0.000891683917550908	0.0213357349433984	"HiG"	0.014532610890261	2.37460962259167e-05	64.7427269010138	356	315	315	28	NA	NA	NA	NA
"HiG_1"	"Daxx"	0.00763592755149579	0.527957937077488	"HiG"	0.18579990755698	0.000303594620191144	50.8817510595904	7	6	6	69	NA	NA	NA	NA
"HiG_1"	"Dctd"	0.000370537656125388	0.00332135030386318	"HiG"	0.0029600744150544	4.83672290041568e-06	44	534	499	499	122	NA	NA	NA	NA
"HiG_1"	"Dctpp1"	0.000557702414711578	0.0268190868564881	"HiG"	0.00685612663713512	1.12028213025084e-05	105.82070407458	462	429	429	8	NA	NA	NA	NA
"HiG_1"	"Ddhd1"	0.000281974119760503	7.55700535136289e-05	"HiG"	0.000472960311281148	7.72810966145666e-07	37	578	576	576	197	NA	NA	NA	NA
"HiG_1"	"Ddt"	0.000355916755541956	0.000696951866257751	"HiG"	0.0020691189328148	3.38091328891306e-06	20	545	526	526	492	NA	NA	NA	NA
"HiG_1"	"Ddx21"	0.00695215677325595	0.490516824836542	"HiG"	0.171628191705968	0.000280438221741777	40.4784132328407	9	8	8	152	NA	NA	NA	NA
"HiG_1"	"Desi1"	0.000283155881712161	0.000841218917856742	"HiG"	0.000628540733831408	1.02702734286178e-06	47	576	572	572	94.5	NA	NA	NA	NA
"HiG_1"	"Dhrs7"	0.00107462059839122	0.00214714293239369	"HiG"	0.0137152556594044	2.24105484630791e-05	19.3657040061316	305	320	320	496	NA	NA	NA	NA
"HiG_1"	"Dhx58"	0.000947213319093127	0.027500272581136	"HiG"	0.0188292988350194	3.07668281617964e-05	48.1698268537356	344	262	262	86	NA	NA	NA	NA
"HiG_1"	"Dkc1"	0.00607858746507193	0.540446698635376	"HiG"	0.156562324071488	0.000255820790966484	42.0546121986726	14	10	10	137	NA	NA	NA	NA
"HiG_1"	"Dkkl1"	0.000999657105155912	0.00010875015022393	"HiG"	0.00596926320058124	9.75369804016543e-06	9.6340758199342	330	443	443	563	NA	NA	NA	NA
"HiG_1"	"Dlk1"	0.00195886490965883	0.000857570154745575	"HiG"	0.0257311766189502	4.20444062401148e-05	15.7652410396194	152	207	207	525	NA	NA	NA	NA
"HiG_1"	"Dmkn"	0.000313544790718967	0.00045385189301465	"HiG"	0.00111443218309923	1.82096761944319e-06	146	558	551	551	4.5	NA	NA	NA	NA
"HiG_1"	"Dnajc6"	0.000762041944506318	0.00670291725482815	"HiG"	0.0108424340651973	1.77163955313682e-05	23.226703958065	401	358	358	456	NA	NA	NA	NA
"HiG_1"	"Dnmt3b"	0.0018291509932248	0.0516907015116413	"HiG"	0.0346340659697191	5.65916110616326e-05	48.6581593151378	171	154	154	83	NA	NA	NA	NA
"HiG_1"	"Dpp4"	0.00161208856907339	0.0161844202593153	"HiG"	0.0262471350688031	4.28874756026194e-05	34.6403253187323	204	201	201	234	NA	NA	NA	NA
"HiG_1"	"Dram1"	0.000287306213798895	0.000253133550988805	"HiG"	0.000621568798513325	1.01563529168844e-06	146	574	573	573	4.5	NA	NA	NA	NA
"HiG_1"	"Dtx3l"	0.00296097912157634	0.0405291212598214	"HiG"	0.0834811733657102	0.000136407146022402	15.6653063767357	91	57	57	526	NA	NA	NA	NA
"HiG_1"	"Dusp10"	0.000664134614613265	0.000316145688682994	"HiG"	0.00513897836525358	8.39702347263657e-06	12.2184106187654	427	453	453	548	NA	NA	NA	NA
"HiG_1"	"Dusp2"	0.000499205598644036	0.000606840331599057	"HiG"	0.00412776407906525	6.74471254749224e-06	23.6167564519	477	474	474	451	NA	NA	NA	NA
"HiG_1"	"Dusp6"	0.00117871567830834	0.0162326325887352	"HiG"	0.0165522544867605	2.70461674620269e-05	41.7069289976924	278	282	282	142	NA	NA	NA	NA
"HiG_1"	"Egfl7"	0.00193906837652924	0.00302788558261755	"HiG"	0.0305538701972992	4.99246245053909e-05	25.4751329068616	154	179	179	418	NA	NA	NA	NA
"HiG_1"	"Egln3"	0.00245294685974522	0.0209068734644734	"HiG"	0.0355252972132443	5.80478712634711e-05	24.4997640042387	116	150	150	435	NA	NA	NA	NA
"HiG_1"	"Ehd3"	0.000574680258458444	0.00195850513542689	"HiG"	0.00631513108304529	1.03188416389629e-05	22.3028595156918	454	435	435	472	NA	NA	NA	NA
"HiG_1"	"Eif1ad"	0.0004661848357537	0.00442628210267572	"HiG"	0.00372873531254134	6.09270475905448e-06	42.7981383984763	493	485	485	130	NA	NA	NA	NA
"HiG_1"	"Elane"	0.00489416237099454	0.0139913337590183	"HiG"	0.0940452975854283	0.000153668786904295	24.6263957368354	33	47	47	432	NA	NA	NA	NA
"HiG_1"	"Emp1"	0.00110832758259488	0.000508365770295171	"HiG"	0.012366313005181	2.02063937993154e-05	10.7998885096604	295	338	338	556	NA	NA	NA	NA
"HiG_1"	"Enc1"	0.000490304611140582	0.00017459879470705	"HiG"	0.00284822476778925	4.65396203887132e-06	14.1692623142037	481	506	506	538	NA	NA	NA	NA
"HiG_1"	"Entpd5"	0.000515466569197092	0.00044469620121748	"HiG"	0.00313367436835999	5.12038295483658e-06	6.46223679565917	474	494	494	579	NA	NA	NA	NA
"HiG_1"	"Epb41l1"	0.00127877735415894	0.00351511041804376	"HiG"	0.0160031065875021	2.61488669730427e-05	32.179650494777	256	291	291	286	NA	NA	NA	NA
"HiG_1"	"Epb41l3"	0.00294828867142336	0.0784570379434145	"HiG"	0.0526004717841163	8.59484833073795e-05	45.8402853075708	94	103	103	109	NA	NA	NA	NA
"HiG_1"	"Epb41l4b"	0.000480178026923143	0.00201085710383423	"HiG"	0.00435023811702469	7.1082322173606e-06	35.7075664936159	484	466	466	215	NA	NA	NA	NA
"HiG_1"	"Epha2"	0.00475919405607843	0.0283101139038821	"HiG"	0.0725756115313952	0.000118587600541495	31.4450234208033	35	67	67	301	NA	NA	NA	NA
"HiG_1"	"Eps8"	0.00235839827375109	0.00576109602476429	"HiG"	0.0405325727176003	6.6229693983007e-05	33.6643734376859	125	131	131	253	NA	NA	NA	NA
"HiG_1"	"Epsti1"	0.000359072191096379	0.0114165564812014	"HiG"	0.00304540657070654	4.97615452729827e-06	46	539	496	496	106	NA	NA	NA	NA
"HiG_1"	"Erg"	0.00122692835574734	0.0300325482584945	"HiG"	0.0218811397290426	3.57534962892853e-05	48.0217017423209	267	234	234	87	NA	NA	NA	NA
"HiG_1"	"Evl"	0.00101028816275539	0.00246210860515572	"HiG"	0.0123942437627956	2.02520322921497e-05	33.2851290556662	329	337	337	262	NA	NA	NA	NA
"HiG_1"	"Exosc2"	0.00110314349596427	0.0474500562615408	"HiG"	0.0160087548501581	2.6158096160389e-05	31.0684294102445	297	290	290	308	NA	NA	NA	NA
"HiG_1"	"F2r"	0.00108254505926595	0.000784947741978248	"HiG"	0.0155511351882975	2.54103516148651e-05	23.8173831054889	303	303	303	446	NA	NA	NA	NA
"HiG_1"	"Fabp5"	0.00165613991989255	0.0308140203901982	"HiG"	0.0249163095013969	4.07129240218903e-05	37.7754735381518	195	211	211	185	NA	NA	NA	NA
"HiG_1"	"Fads3"	0.000277590496319324	7.38453189129318e-05	"HiG"	0.00042388024067497	6.92614772344723e-07	32	581	578	578	289	NA	NA	NA	NA
"HiG_1"	"Fam136a"	0.000763316842987462	0.00813809542296996	"HiG"	0.00963778365286271	1.57480125046776e-05	29.903742612541	400	381	381	322	NA	NA	NA	NA
"HiG_1"	"Fam216a"	0.000385494274280135	2.22256151253119e-05	"HiG"	0.00191871740399561	3.13515915685557e-06	15	523	530	530	534.5	NA	NA	NA	NA
"HiG_1"	"Fam43a"	0.000743551352470955	0.000781934576539504	"HiG"	0.00904429567243742	1.47782609026755e-05	19.8671316315882	408	395	395	495	NA	NA	NA	NA
"HiG_1"	"Farsb"	0.00199078123358252	0.0560437719163931	"HiG"	0.0349702170930844	5.71408776030792e-05	35.0025450312129	145	153	153	228	NA	NA	NA	NA
"HiG_1"	"Fbl"	0.00984883913498695	0.964673439653995	"HiG"	0.261309862732998	0.000426976899890519	38.5177777444099	2	2	2	176	NA	NA	NA	NA
"HiG_1"	"Fbxl5"	0.000644281683430298	0.00144404160445712	"HiG"	0.00409850992188596	6.69691163706856e-06	15.1630542633407	432	476	476	532	NA	NA	NA	NA
"HiG_1"	"Fcer1g"	0.00381012495927167	0.00542968739697082	"HiG"	0.0694071386176763	0.000113410357218425	28.2696165565001	57	72	72	365	NA	NA	NA	NA
"HiG_1"	"Fchsd2"	0.00108448162529023	0.00222487891578115	"HiG"	0.0156780489646363	2.56177270663992e-05	33.6368031874316	302	297	297	254	NA	NA	NA	NA
"HiG_1"	"Ffar2"	0.00128508915940404	0.00125656964882982	"HiG"	0.0187234240639959	3.0593830169928e-05	20.2130540689306	253	264	264	488	NA	NA	NA	NA
"HiG_1"	"Fgd4"	0.0012844567031659	0.00162409802720557	"HiG"	0.0156425884918421	2.55597851173891e-05	31.0812286418884	254	299	299	307	NA	NA	NA	NA
"HiG_1"	"Fkbp11"	0.000301606114099295	1.73590650096235e-05	"HiG"	0.000729534992794163	1.19205064182053e-06	21	566	569	569	481	NA	NA	NA	NA
"HiG_1"	"Flt1"	0.00463501506478476	0.0219556199549521	"HiG"	0.0949848456756619	0.000155203996202062	35.2713914136696	39	45	45	224	NA	NA	NA	NA
"HiG_1"	"Flt3"	0.00233067153726819	0.0119481619727538	"HiG"	0.0451294776537158	7.37409765583591e-05	34.0883745913216	127	120	120	241	NA	NA	NA	NA
"HiG_1"	"Frmd4b"	0.000254215744429556	1.32198910048123e-17	"HiG"	0	0	NA	600	600	600	NA	NA	NA	NA	NA
"HiG_1"	"Fry"	0.000280072835600116	1.31307139149563e-06	"HiG"	0.000216738930187975	3.54148578738522e-07	9	580	581	581	564	NA	NA	NA	NA
"HiG_1"	"Fscn1"	0.00165077823298025	0.0760655824221333	"HiG"	0.0290239391697063	4.74247372054024e-05	49.2787071861118	196	186	186	80	NA	NA	NA	NA
"HiG_1"	"Fth1"	0.00187025221442506	0.0581718639227762	"HiG"	0.0314834271247961	5.14435083738499e-05	41.3443485325744	166	173	173	145	NA	NA	NA	NA
"HiG_1"	"Furin"	0.00138228945194487	0.00290062200005025	"HiG"	0.017569406024362	2.87081797783693e-05	30.7512865032047	239	276	276	312	NA	NA	NA	NA
"HiG_1"	"Fyn"	0.00342170652656082	0.0233808713462228	"HiG"	0.0610358330539502	9.97317533561277e-05	33.0210367124542	68	87	87	266	NA	NA	NA	NA
"HiG_1"	"Gadd45a"	0.000982585170007547	0.0229493924733813	"HiG"	0.012260530777616	2.00335470222484e-05	51.6236807977671	335	340	340	64	NA	NA	NA	NA
"HiG_1"	"Gar1"	0.00430758977070586	0.372323063298372	"HiG"	0.110201947871414	0.000180068542273552	38.2423541313663	47	31	31	181	NA	NA	NA	NA
"HiG_1"	"Gart"	0.00182577382877764	0.0484035913894938	"HiG"	0.0336764223111946	5.50268338418213e-05	47.1207860912681	172	160	160	92	NA	NA	NA	NA
"HiG_1"	"Gata2"	0.00137537081735307	0.0215400840794124	"HiG"	0.0262108021309701	4.28281080571407e-05	44.2409557117155	240	202	202	121	NA	NA	NA	NA
"HiG_1"	"Gata3"	0.00206179367206249	0.0626914070363981	"HiG"	0.0414000477501863	6.76471368467097e-05	54.9873969945989	143	128	128	56	NA	NA	NA	NA
"HiG_1"	"Gatad2b"	0.00121236666829681	0.019751827288221	"HiG"	0.0204775339244564	3.34600227523797e-05	33.5742789305613	271	247	247	256	NA	NA	NA	NA
"HiG_1"	"Gatm"	0.000254215744429556	1.32198910048123e-17	"HiG"	0	0	NA	600	600	600	NA	NA	NA	NA	NA
"HiG_1"	"Gbe1"	0.000768981042784978	0.000734356130475584	"HiG"	0.00434516454143028	7.09994206116058e-06	33.459810755893	396	467	467	261	NA	NA	NA	NA
"HiG_1"	"Gbp2"	0.000542411785244869	0.000552023192499429	"HiG"	0.00467971852939193	7.64659890423518e-06	17.3264656664256	466	457	457	512	NA	NA	NA	NA
"HiG_1"	"Gcnt1"	0.000346778993367292	3.4534480149988e-06	"HiG"	0.000615333071789501	1.00544619573448e-06	7	547	574	574	573	NA	NA	NA	NA
"HiG_1"	"Gem"	0.00178553343106551	0.00482312723815677	"HiG"	0.0248814715540808	4.06559992713739e-05	22.0913742307675	179	212	212	473	NA	NA	NA	NA
"HiG_1"	"Gemin6"	0.000740763594216145	0.0337613275795164	"HiG"	0.0120934426298171	1.97605271729037e-05	34.6721572821199	410	344	344	233	NA	NA	NA	NA
"HiG_1"	"Gfi1"	0.00164100254131725	0.0119554841582845	"HiG"	0.0308123580279855	5.03469902418063e-05	40.4487480716828	200	177	177	153	NA	NA	NA	NA
"HiG_1"	"Ggt5"	0.000254215744429556	1.32198910048123e-17	"HiG"	0	0	NA	600	600	600	NA	NA	NA	NA	NA
"HiG_1"	"Gimap1"	0.000518027183685802	6.89950435906727e-05	"HiG"	0.0038526129982148	6.29511927812875e-06	10.7710754684168	472	479	479	557	NA	NA	NA	NA
"HiG_1"	"Gimap5"	0.00243746564407796	0.00549005166722243	"HiG"	0.0426268556519325	6.96517249214583e-05	33.1164616708178	118	125	125	264	NA	NA	NA	NA
"HiG_1"	"Gimap6"	0.000704028794219928	0.00081001079917205	"HiG"	0.0095007695224427	1.55241332066057e-05	42.5859806988657	419	386	386	131	NA	NA	NA	NA
"HiG_1"	"Gja1"	0.00466355993311128	0.0447135508952493	"HiG"	0.0714357897159009	0.000116725146594609	31.2806894912873	38	68	68	303	NA	NA	NA	NA
"HiG_1"	"Gjb3"	0.000467260706597283	0.000831996452261663	"HiG"	0.00384982336979863	6.29056106176247e-06	28.6781585834102	491	480	480	349	NA	NA	NA	NA
"HiG_1"	"Glb1"	0.000787724663148943	0.000127188013848186	"HiG"	0.00121431129947687	1.98416878999489e-06	22.8351345092587	384	547	547	464	NA	NA	NA	NA
"HiG_1"	"Glrx"	0.000390331470942646	6.1015272576672e-05	"HiG"	0.00161323110449024	2.63599853674876e-06	6.81562063638338	519	536	536	575	NA	NA	NA	NA
"HiG_1"	"Gmfg"	0.00124687251759927	0.00274756881746304	"HiG"	0.0207777526524308	3.39505762294622e-05	35.3935752280505	263	242	242	220	NA	NA	NA	NA
"HiG_1"	"Gmpr"	0.000357243021315079	0.00189962626742182	"HiG"	0.00204129733559173	3.33545316273159e-06	22.6525874345428	543	527	527	467	NA	NA	NA	NA
"HiG_1"	"Golim4"	0.00120718018928767	0.000906485293613862	"HiG"	0.0085900348930456	1.40360047271987e-05	31.5424824405679	272	408	408	300	NA	NA	NA	NA
"HiG_1"	"Gpr171"	0.00046431167709219	0.00114610579972548	"HiG"	0.00453953013658514	7.41753290291689e-06	61.9570173528231	494	461	461	33	NA	NA	NA	NA
"HiG_1"	"Gpr65"	0.00109267817771127	0.000890095804775512	"HiG"	0.0174346264984749	2.84879517948937e-05	28.4747003367611	299	278	278	353	NA	NA	NA	NA
"HiG_1"	"Gpt2"	0.00043923871386809	0.000796076783934667	"HiG"	0.00283626582919725	4.63442128953799e-06	49.7584675722412	505	507	507	77	NA	NA	NA	NA
"HiG_1"	"Gstm1"	0.000608605428603497	3.40605602878617e-05	"HiG"	0.0038329874473865	6.26305138461846e-06	7.67201767423166	445	481	481	569	NA	NA	NA	NA
"HiG_1"	"Gzmb"	0.00164655606816092	0.00508352090803035	"HiG"	0.0277586291473556	4.53572371688817e-05	28.4611539689464	198	190	190	355	NA	NA	NA	NA
"HiG_1"	"Hacd4"	0.000296305609664851	0.000133797236007705	"HiG"	0.000932192077894255	1.52318966976186e-06	61	570	559	559	38	NA	NA	NA	NA
"HiG_1"	"Havcr2"	0.00228618811085778	0.0124107859762411	"HiG"	0.0380455786507095	6.21659781874338e-05	37.7197131035179	128	141	141	187	NA	NA	NA	NA
"HiG_1"	"Hdhd2"	0.00045726472771887	0.000870966930816071	"HiG"	0.00330738904209098	5.40423046093297e-06	39.9760531513695	497	491	491	158	NA	NA	NA	NA
"HiG_1"	"Hebp1"	0.000388679855454016	0.000788997462958287	"HiG"	0.00258835939668067	4.22934541941286e-06	18.901012370061	521	512	512	499	NA	NA	NA	NA
"HiG_1"	"Helz2"	0.00144543838498183	0.0479631521978025	"HiG"	0.0352629959376831	5.76192744079789e-05	41.2005446806181	224	152	152	146	NA	NA	NA	NA
"HiG_1"	"Herc6"	0.00130973148497526	0.0244055198772998	"HiG"	0.0360879301689982	5.89672061584938e-05	27.3557710542831	245	147	147	386	NA	NA	NA	NA
"HiG_1"	"Hip1"	0.00127179428094318	0.00444417198452432	"HiG"	0.0221742016116677	3.62323555746205e-05	23.3219756212844	257	233	233	454	NA	NA	NA	NA
"HiG_1"	"Hipk1"	0.00150840074472862	0.0239964836110765	"HiG"	0.0262769927408601	4.29362626484641e-05	32.6974713820362	216	199	199	270	NA	NA	NA	NA
"HiG_1"	"Hivep3"	0.000670444524902511	0.00420783874971843	"HiG"	0.00955648095494209	1.56151649590557e-05	32.6815344337236	425	384	384	272	NA	NA	NA	NA
"HiG_1"	"Hmga2"	0.00247669488668258	0.022795223640516	"HiG"	0.038175751561161	6.23786790215049e-05	26.3289039593838	113	140	140	405	NA	NA	NA	NA
"HiG_1"	"Hmgn3"	0.000540044279780504	0.00184844646916023	"HiG"	0.00442525982722179	7.23081671114672e-06	46.9102313213904	468	464	464	97	NA	NA	NA	NA
"HiG_1"	"Hmox1"	0.000957276911124155	0.00138183063019147	"HiG"	0.0105955268535344	1.73129523750561e-05	27.0513715404278	341	362	362	394	NA	NA	NA	NA
"HiG_1"	"Hook1"	0.000566427197782832	0.00485321221938283	"HiG"	0.00495249017508088	8.0923042076485e-06	43.9614645883919	460	455	455	123	NA	NA	NA	NA
"HiG_1"	"Hoxa5"	0.00147461862714179	0.00508301804876863	"HiG"	0.0254440786331544	4.15752918842393e-05	24.6569588834322	221	209	209	431	NA	NA	NA	NA
"HiG_1"	"Hoxa7"	0.00119198155352983	0.00252027190925875	"HiG"	0.0184088068258112	3.00797497153778e-05	23.0991446696588	276	266	266	462	NA	NA	NA	NA
"HiG_1"	"Hp"	0.00241406574202303	0.005076148848337	"HiG"	0.0432342684465899	7.06442294878921e-05	28.1544233496319	119	123	123	368	NA	NA	NA	NA
"HiG_1"	"Hpse"	0.000855635119494535	0.00826239872489368	"HiG"	0.0105406865716491	1.72233440713221e-05	24.0270533407977	369	364	364	443	NA	NA	NA	NA
"HiG_1"	"Hsph1"	0.00413712263556918	0.212735112880022	"HiG"	0.0862091184525633	0.000140864572634907	61.4155648620093	51	55	55	35	NA	NA	NA	NA
"HiG_1"	"Hvcn1"	0.000302199932430684	0.00029549668506574	"HiG"	0.000864723998506989	1.41294770997874e-06	46	565	564	564	104.5	NA	NA	NA	NA
"HiG_1"	"Id2"	0.00191288666941904	0.0191250528939675	"HiG"	0.0387966322161273	6.33931898956329e-05	32.4023690171142	159	139	139	278	NA	NA	NA	NA
"HiG_1"	"Ifi44"	0.0035072627114699	0.0582601185257889	"HiG"	0.101356839165605	0.000165615750270597	27.2990812980585	66	39	39	391	NA	NA	NA	NA
"HiG_1"	"Ifih1"	0.00208925264840486	0.0348574338663489	"HiG"	0.0531182738599722	8.67945651306736e-05	25.0825662358495	141	102	102	423	NA	NA	NA	NA
"HiG_1"	"Ifit2"	0.0039539854701829	0.0874904319319816	"HiG"	0.119906252690108	0.000195925249493641	26.0002737396789	55	23	23	411	NA	NA	NA	NA
"HiG_1"	"Ifit3"	0.00423212685852925	0.0840556027205942	"HiG"	0.130035960311062	0.0002124770593318	25.0673543494963	49	19	19	424	NA	NA	NA	NA
"HiG_1"	"Ift80"	0.000306181767872853	0.00149683767578574	"HiG"	0.00105983866130598	1.73176251847382e-06	59	564	554	554	42.5	NA	NA	NA	NA
"HiG_1"	"Igfbp4"	0.00199046899092525	0.00558062829522166	"HiG"	0.0336380212956403	5.49640870843795e-05	26.8001875385655	147	161	161	398	NA	NA	NA	NA
"HiG_1"	"Igfbp7"	0.00379676854737537	0.0128933953492105	"HiG"	0.0762254451553334	0.000124551380972767	33.9594359465029	58	64	64	245	NA	NA	NA	NA
"HiG_1"	"Ighm"	0.00138398844368965	0.00349081369645182	"HiG"	0.0215604773476092	3.52295381496883e-05	36.2668485822889	238	237	237	211	NA	NA	NA	NA
"HiG_1"	"Ikzf2"	0.00051593383092455	0.0135310164593217	"HiG"	0.00497766626709755	8.1334416129045e-06	69.7378527261081	473	454	454	20	NA	NA	NA	NA
"HiG_1"	"Il12a"	0.00177082809237413	0.00848210140024629	"HiG"	0.0341394570898108	5.57834266173379e-05	31.5973120654462	181	156	156	298	NA	NA	NA	NA
"HiG_1"	"Il17re"	0.000254215744429556	1.32198910048123e-17	"HiG"	0	0	NA	600	600	600	NA	NA	NA	NA	NA
"HiG_1"	"Il1r1"	0.00168352554480134	0.00394520675743991	"HiG"	0.0271446384161947	4.43539843401874e-05	38.433943708025	189	192	192	178	NA	NA	NA	NA
"HiG_1"	"Il1r2"	0.00131030477022789	0.00157734367525703	"HiG"	0.0209919049437078	3.43004982740323e-05	29.581599012935	244	239	239	329	NA	NA	NA	NA
"HiG_1"	"Il21r"	0.00128163274827405	0.00173017745731698	"HiG"	0.020214376925121	3.30300276554265e-05	32.6849336225036	255	251	251	271	NA	NA	NA	NA
"HiG_1"	"Il6"	0.00222796291509889	0.00448220749124157	"HiG"	0.0402067567556487	6.56973149602103e-05	28.0067992652394	133	133	133	370	NA	NA	NA	NA
"HiG_1"	"Il6st"	0.00351565448558262	0.00598870646973084	"HiG"	0.0690070988509991	0.000112756697468953	36.863071274583	65	74	74	199	NA	NA	NA	NA
"HiG_1"	"Impdh2"	0.00141945397840569	0.0282179649045949	"HiG"	0.0221892207581642	3.6256896663667e-05	35.7045117674121	232	232	232	216	NA	NA	NA	NA
"HiG_1"	"Iqsec1"	0.00114556856116334	0.0140063135716673	"HiG"	0.0145245279426452	2.37328887951719e-05	38.4728443522655	286	316	316	177	NA	NA	NA	NA
"HiG_1"	"Irf7"	0.00419412460364453	0.101134983076355	"HiG"	0.1118086940112	0.000182693944462745	35.349580217904	50	28	28	222	NA	NA	NA	NA
"HiG_1"	"Irf8"	0.00341694704075382	0.0135312556948687	"HiG"	0.06573743054869	0.000107414102203742	36.237776599907	69	78	78	212	NA	NA	NA	NA
"HiG_1"	"Irf9"	0.00475069587713624	0.196545763057442	"HiG"	0.145597459691723	0.000237904345901508	34.9752455887741	36	14	14	229	NA	NA	NA	NA
"HiG_1"	"Isg15"	0.00703864220739085	0.197782097436765	"HiG"	0.204837761264584	0.000334702224288535	26.7462873947937	8	5	5	399	NA	NA	NA	NA
"HiG_1"	"Isg20"	0.00246252095261548	0.0487197995478521	"HiG"	0.0701258366280534	0.000114584700372636	28.2565589329885	115	70	70	366	NA	NA	NA	NA
"HiG_1"	"Itga2b"	0.00376386714818863	0.00624914842871216	"HiG"	0.0683873335409272	0.000111744009053803	29.5617060661042	59	76	76	330	NA	NA	NA	NA
"HiG_1"	"Itgam"	0.00375857422960342	0.00630258788551624	"HiG"	0.0660922395705538	0.000107993855507441	29.2295876855168	60	77	77	339	NA	NA	NA	NA
"HiG_1"	"Itgb3"	0.0053062199218601	0.014717360735763	"HiG"	0.103667136223578	0.000169390745463362	25.860821507349	26	36	36	416	NA	NA	NA	NA
"HiG_1"	"Itsn1"	0.00516045808424707	0.029477978757422	"HiG"	0.0977581909944621	0.000159735606200102	31.6449360478333	30	43	43	297	NA	NA	NA	NA
"HiG_1"	"Jdp2"	0.00104170316612254	0.00986883927283114	"HiG"	0.014902974157179	2.43512649627107e-05	69.2638900747906	315	313	313	21	NA	NA	NA	NA
"HiG_1"	"Jun"	0.00859055518980431	0.157719418915652	"HiG"	0.176244193492364	0.000287980708320856	32.1146022783286	5	7	7	287	NA	NA	NA	NA
"HiG_1"	"Kank2"	0.000710117107741861	0.00581972233361124	"HiG"	0.00861259186568365	1.40728625256269e-05	30.8812828072965	415	406	406	309	NA	NA	NA	NA
"HiG_1"	"Kat2a"	0.00239556343971741	0.168247662238061	"HiG"	0.0480559785130527	7.85228407076024e-05	74.5685662991705	122	114	114	14	NA	NA	NA	NA
"HiG_1"	"Kbtbd11"	0.000538816319112064	0.000215353647586603	"HiG"	0.00327364183378225	5.34908796369648e-06	28.9948042717059	469	492	492	343	NA	NA	NA	NA
"HiG_1"	"Kbtbd7"	0.000701725089539662	0.000837895488738787	"HiG"	0.00627980372708338	1.02611172011166e-05	15.3809540974623	420	437	437	531	NA	NA	NA	NA
"HiG_1"	"Kdm7a"	0.000315408682322109	0.0013541105188769	"HiG"	0.0013947437261844	2.27899301664117e-06	44.4915820739745	557	541	541	117	NA	NA	NA	NA
"HiG_1"	"Kit"	0.00288266991837055	0.0122819806615353	"HiG"	0.0547231588696083	8.94169262575298e-05	37.4432798327353	98	100	100	190	NA	NA	NA	NA
"HiG_1"	"Klf2"	0.000633064745741688	0.0287364264980976	"HiG"	0.00927338161444272	1.51525843373247e-05	81.3732495704916	436	392	392	11	NA	NA	NA	NA
"HiG_1"	"Klhdc4"	0.000580809515000696	0.00808579901929138	"HiG"	0.00761968672943798	1.24504685121536e-05	23.6982442350811	453	422	422	450	NA	NA	NA	NA
"HiG_1"	"Krt18"	0.00238315926145281	0.0618859625938645	"HiG"	0.0440374882591064	7.19566801619386e-05	39.0948147141364	123	121	121	170	NA	NA	NA	NA
"HiG_1"	"Lamc1"	0.00196826103318631	0.00480503301555074	"HiG"	0.0329415124091984	5.38260006686249e-05	32.06059101073	150	163	163	288	NA	NA	NA	NA
"HiG_1"	"Lat"	0.00163961145397438	0.00280111051781929	"HiG"	0.0234629038172486	3.83380781327591e-05	40.6560345981384	201	226	226	151	NA	NA	NA	NA
"HiG_1"	"Lax1"	0.000642322762907878	0.000827279824251013	"HiG"	0.00787787938874544	1.28723519423945e-05	34.0643169108272	434	415	415	242	NA	NA	NA	NA
"HiG_1"	"Lbp"	0.000371661695494761	0.000490023822047	"HiG"	0.00234215043868222	3.82704320046114e-06	40.3799871285577	532	517	517	154	NA	NA	NA	NA
"HiG_1"	"Lck"	0.00653808360660569	0.0613788127734213	"HiG"	0.129418315904934	0.000211467836445971	31.8305347074394	11	20	20	292	NA	NA	NA	NA
"HiG_1"	"Lgals3bp"	0.00540327098645462	0.104958433380595	"HiG"	0.133672336406532	0.000218418850337471	33.7736855890917	23	16	16	250	NA	NA	NA	NA
"HiG_1"	"Lgalsl"	0.000463265488711968	0.000331761070593917	"HiG"	0.00289345785216096	4.72787230745255e-06	10	495	502	502	561	NA	NA	NA	NA
"HiG_1"	"Lgmn"	0.000937368912772289	0.00194863710824366	"HiG"	0.0112723057481586	1.84188002420893e-05	29.6629461940248	346	352	352	327	NA	NA	NA	NA
"HiG_1"	"Lipa"	0.000877717736275064	1.62566245597857e-05	"HiG"	0.000767234218422597	1.25365068369705e-06	7.20811175967576	362	567	567	571	NA	NA	NA	NA
"HiG_1"	"Lpl"	0.00103260757714694	0.00112367329692961	"HiG"	0.0113356234099879	1.85222604738364e-05	24.7871959442379	318	351	351	428	NA	NA	NA	NA
"HiG_1"	"Lrp12"	0.00121296554712024	0.0019256289098283	"HiG"	0.0138463214515964	2.26247082542425e-05	39.059956953863	270	318	318	171	NA	NA	NA	NA
"HiG_1"	"Lrpap1"	0.00110694118395171	0.00687935154673171	"HiG"	0.0157908060926197	2.58019707395746e-05	24.8428397223899	296	296	296	427	NA	NA	NA	NA
"HiG_1"	"Lrrc25"	0.000392188353095333	0.000534180943732203	"HiG"	0.00281018281483472	4.59180198502405e-06	34.2442224932265	518	508	508	239	NA	NA	NA	NA
"HiG_1"	"Lsp1"	0.00128681182047158	0.00120708663738828	"HiG"	0.0189853321533233	3.10217845642537e-05	30.2499871284921	250	261	261	316	NA	NA	NA	NA
"HiG_1"	"Lst1"	0.000792548104962116	0.00107296662454241	"HiG"	0.0114559862342287	1.87189317552757e-05	36.348524555055	383	349	349	208	NA	NA	NA	NA
"HiG_1"	"Ltb"	0.00152131814173561	0.00454156760804907	"HiG"	0.0290585091540448	4.74812241079163e-05	39.879998115131	214	185	185	159	NA	NA	NA	NA
"HiG_1"	"Lyar"	0.00452585926833889	0.390444991902743	"HiG"	0.115608497576076	0.000188902773817118	43.6007541231901	41	26	26	126	NA	NA	NA	NA
"HiG_1"	"Lztfl1"	0.000292564361947482	0.000920089451152814	"HiG"	0.000760821307427351	1.24317207095972e-06	53.1302404498972	573	568	568	61	NA	NA	NA	NA
"HiG_1"	"Lzts2"	0.00114808484113971	0.00393656966220498	"HiG"	0.0151845806050163	2.48114062173469e-05	36.0116663705301	283	306	306	213	NA	NA	NA	NA
"HiG_1"	"Mad1l1"	0.00135222261255391	0.0150028000928234	"HiG"	0.0159086980811769	2.59946047078055e-05	23.2823542267296	241	293	293	455	NA	NA	NA	NA
"HiG_1"	"Man1c1"	0.000254215744429556	1.32198910048123e-17	"HiG"	0	0	NA	600	600	600	NA	NA	NA	NA	NA
"HiG_1"	"Map3k8"	0.00318079331798941	0.0859496625260076	"HiG"	0.0699434606538019	0.000114286700414709	40.8967851719594	83	71	71	147	NA	NA	NA	NA
"HiG_1"	"Mapk3"	0.00202930257685939	0.0162845776530832	"HiG"	0.0323051517344206	5.27861956444781e-05	33.7331308197206	144	167	167	252	NA	NA	NA	NA
"HiG_1"	"Marcks"	0.00337218743094698	0.0543114654587909	"HiG"	0.05783664560962	9.4504322891536e-05	31.176006940172	73	96	96	305	NA	NA	NA	NA
"HiG_1"	"Marcksl1"	0.000862490366898675	0.00642047692381227	"HiG"	0.00928390848029891	1.51697850985276e-05	26.5764893775817	368	391	391	402	NA	NA	NA	NA
"HiG_1"	"Mboat1"	0.000427498236454808	0.000458409962566509	"HiG"	0.0020714473617815	3.38471791140768e-06	16.9782942233965	510	525	525	514	NA	NA	NA	NA
"HiG_1"	"Mboat2"	0.000254215744429556	1.32198910048123e-17	"HiG"	0	0	NA	600	600	600	NA	NA	NA	NA	NA
"HiG_1"	"Mcoln2"	0.000268137229065627	8.07395191179948e-07	"HiG"	0.000116543875259762	1.90431168725101e-07	6	584	583	583	580.5	NA	NA	NA	NA
"HiG_1"	"Mdfic"	0.00029377286735632	0.00149093986152465	"HiG"	0.000717553451856256	1.17247296054944e-06	34.7558287430983	572	570	570	232	NA	NA	NA	NA
"HiG_1"	"Mecom"	0.00277013950912454	0.0757876675994721	"HiG"	0.056003917794212	9.15096695983856e-05	41.6053975100475	103	98	98	143	NA	NA	NA	NA
"HiG_1"	"Med21"	0.0014406348701934	0.0260292660320573	"HiG"	0.0244549518151867	3.99590715934423e-05	42.1192130573008	226	217	217	136	NA	NA	NA	NA
"HiG_1"	"Mef2c"	0.00103613082585889	0.0179032754156482	"HiG"	0.0149225328393397	2.43832235936924e-05	47.4822234717765	316	312	312	91	NA	NA	NA	NA
"HiG_1"	"Meis1"	0.00176533889367966	0.00513708930325574	"HiG"	0.0314837869953578	5.14440963976435e-05	25.9179348325487	182	172	172	414	NA	NA	NA	NA
"HiG_1"	"Mex3a"	0.00151640038461875	0.0142293980823287	"HiG"	0.0233900144764063	3.82189779026247e-05	34.7600103274386	215	227	227	231	NA	NA	NA	NA
"HiG_1"	"Mfge8"	0.00114692129878213	0.0460065384559075	"HiG"	0.018555551640784	3.03195288248104e-05	71.6057589327798	285	265	265	18	NA	NA	NA	NA
"HiG_1"	"Mgst1"	0.00117746357883259	0.000781873419673892	"HiG"	0.0101333517042058	1.65577642225585e-05	7.62997013323104	279	374	374	570	NA	NA	NA	NA
"HiG_1"	"Mgst2"	0.00105093331926685	0.00194308060792842	"HiG"	0.0112321541659699	1.83531930816502e-05	27.8950503342653	310	354	354	372	NA	NA	NA	NA
"HiG_1"	"Mllt3"	0.000996062774565363	0.022013597038009	"HiG"	0.0133782273185578	2.1859848559735e-05	51.4634056812259	331	325	325	66	NA	NA	NA	NA
"HiG_1"	"Mmaa"	0.000254215744429556	1.32198910048123e-17	"HiG"	0	0	NA	600	600	600	NA	NA	NA	NA	NA
"HiG_1"	"Mov10"	0.00568575991524814	0.175121577923267	"HiG"	0.104963978692403	0.000171509769105234	29.0795985326253	18	34	34	341	NA	NA	NA	NA
"HiG_1"	"Mpl"	0.00130077658387374	0.00664960010431976	"HiG"	0.0214250536493856	3.50082575970354e-05	40.1459390090086	246	238	238	157	NA	NA	NA	NA
"HiG_1"	"Mpo"	0.0018823487878727	0.0313277631412114	"HiG"	0.0342849861776855	5.60212192445842e-05	39.3062550029965	164	155	155	165	NA	NA	NA	NA
"HiG_1"	"Mpp1"	0.000802084358234003	0.00706725084831865	"HiG"	0.0111885330123147	1.82819166867887e-05	33.8101441621318	379	355	355	246	NA	NA	NA	NA
"HiG_1"	"Mrc1"	0.00124494317312235	0.000679923412382687	"HiG"	0.0190855902647168	3.11856050077072e-05	17.7732930179308	264	259	259	507	NA	NA	NA	NA
"HiG_1"	"Ms4a3"	0.00169653511553858	0.00216204889490365	"HiG"	0.0270633998866303	4.42212416448207e-05	21.4534976290051	187	194	194	477	NA	NA	NA	NA
"HiG_1"	"Msh6"	0.00113256748071731	0.0346949039710205	"HiG"	0.0181945681795736	2.97296865679306e-05	49.9182475697102	288	267	267	76	NA	NA	NA	NA
"HiG_1"	"Msi2"	0.000597064438672234	0.00398640232593589	"HiG"	0.00723318953606807	1.1818937150438e-05	42.543379752808	447	425	425	132	NA	NA	NA	NA
"HiG_1"	"Msra"	0.000281113534673612	0.000358994826024693	"HiG"	0.000576674392141223	9.4227841853141e-07	22.064495272045	579	575	575	474	NA	NA	NA	NA
"HiG_1"	"Mtap"	0.00122651436699563	0.0080239863156487	"HiG"	0.0151750867914904	2.47958934501477e-05	39.1019523893311	268	307	307	169	NA	NA	NA	NA
"HiG_1"	"Muc13"	0.000466642434819594	0.00025215958544633	"HiG"	0.00338684477835587	5.53406009535272e-06	50	492	488	488	75	NA	NA	NA	NA
"HiG_1"	"Mx1"	0.00366735296553252	0.108181213671868	"HiG"	0.102774601434543	0.000167932355285202	27.4720144679981	63	38	38	383	NA	NA	NA	NA
"HiG_1"	"Mxi1"	0.000648771568091192	0.00782678638434901	"HiG"	0.00549075716309175	8.97182542988847e-06	49.2589750745567	431	449	449	81	NA	NA	NA	NA
"HiG_1"	"Myadm"	0.000910600056418039	0.00444279003872992	"HiG"	0.0101424429603785	1.65726192163047e-05	27.3232271384532	352	373	373	390	NA	NA	NA	NA
"HiG_1"	"Myb"	0.00258116669513235	0.0805762238621454	"HiG"	0.0464547876672703	7.59065157961934e-05	43.8431409978086	111	116	116	124	NA	NA	NA	NA
"HiG_1"	"Mybbp1a"	0.00398330867716419	0.349919031108865	"HiG"	0.0994858540070487	0.000162558584978838	53.356225806619	54	41	41	60	NA	NA	NA	NA
"HiG_1"	"Myc"	0.026356029483006	1	"HiG"	0.589921647326906	0.000963924260338082	27.3320818246467	1	1	1	389	NA	NA	NA	NA
"HiG_1"	"Mycn"	0.00473712772250521	0.0960156586875515	"HiG"	0.0874074254500507	0.000142822590604658	24.7278845891839	37	53	53	429	NA	NA	NA	NA
"HiG_1"	"Myct1"	0.000254215744429556	1.32198910048123e-17	"HiG"	0	0	NA	600	600	600	NA	NA	NA	NA	NA
"HiG_1"	"Myh10"	0.0022297104340822	0.0264364463238446	"HiG"	0.0434042065272502	7.09219060902781e-05	38.0650946415682	132	122	122	182	NA	NA	NA	NA
"HiG_1"	"Myo1f"	0.00141630258637377	0.0046235847593195	"HiG"	0.0246432754992084	4.02667900313862e-05	35.2015855773301	233	215	215	225	NA	NA	NA	NA
"HiG_1"	"Nceh1"	0.000380811545464927	1.29388366190429e-05	"HiG"	0.00110892283195102	1.81196541168468e-06	6	527	552	552	580.5	NA	NA	NA	NA
"HiG_1"	"Ncf1"	0.00177987362299034	0.00634577440785251	"HiG"	0.031563745531697	5.15747476008121e-05	38.4052883047615	180	170	170	179	NA	NA	NA	NA
"HiG_1"	"Ncoa7"	0.000459528560730353	0.00186934796010187	"HiG"	0.00427994058355291	6.99336696658973e-06	29	496	469	469	342	NA	NA	NA	NA
"HiG_1"	"Ncs1"	0.00047584684394755	5.25671752929208e-05	"HiG"	0.00335413660545146	5.48061536838475e-06	14.1278493950008	485	490	490	539	NA	NA	NA	NA
"HiG_1"	"Ndrg2"	0.000405644389273383	0.00201350010857707	"HiG"	0.00311153028712493	5.08419981556362e-06	46.3001066612634	517	495	495	100	NA	NA	NA	NA
"HiG_1"	"Ndst1"	0.000601558419094378	0.000443942828169924	"HiG"	0.00413072298862601	6.74954736703597e-06	18.559587318297	446	473	473	502	NA	NA	NA	NA
"HiG_1"	"Nefh"	0.000546113144944034	0.0038378336994167	"HiG"	0.0061493566907058	1.00479684488657e-05	94.7909781295757	465	439	439	9	NA	NA	NA	NA
"HiG_1"	"Neil3"	0.00102429873967531	0.00880998724430665	"HiG"	0.0155425964928265	2.53963994980825e-05	36.4849829195057	322	305	305	205	NA	NA	NA	NA
"HiG_1"	"Nfix"	0.0013452865739931	0.0121597171680529	"HiG"	0.0230628690769058	3.76844265962513e-05	45.1452361600956	242	229	229	112	NA	NA	NA	NA
"HiG_1"	"Nkg7"	0.00236489612649312	0.00283561376693659	"HiG"	0.0410932499640497	6.71458332745911e-05	28.824500702864	124	129	129	348	NA	NA	NA	NA
"HiG_1"	"Nkx2-3"	0.00155471487191342	0.00579517355989821	"HiG"	0.0270932102349283	4.42699513642619e-05	25.930338334013	210	193	193	413	NA	NA	NA	NA
"HiG_1"	"Nlgn2"	0.000439817687857726	1.02202883433425e-05	"HiG"	0.00145549209159975	2.37825505163357e-06	6.75353023887231	504	539	539	576	NA	NA	NA	NA
"HiG_1"	"Nme4"	0.00106296472109209	0.00513669774197492	"HiG"	0.0139272868469167	2.27570046518247e-05	29.4670183069865	307	317	317	334	NA	NA	NA	NA
"HiG_1"	"Noc2l"	0.00399142359920033	0.290281234107067	"HiG"	0.0938340115709853	0.000153323548318603	46.8440760198821	53	48	48	98	NA	NA	NA	NA
"HiG_1"	"Noc3l"	0.00285323257933419	0.253337728391225	"HiG"	0.0708924934423288	0.000115837407585505	48.365326451151	99	69	69	84	NA	NA	NA	NA
"HiG_1"	"Nolc1"	0.00599884455437845	0.592650759435439	"HiG"	0.151429153770141	0.000247433257794347	45.3574614935798	17	13	13	110	NA	NA	NA	NA
"HiG_1"	"Nop14"	0.00150143701670753	0.122604462367719	"HiG"	0.0323557330156032	5.28688447967372e-05	51.1597891924412	218	166	166	68	NA	NA	NA	NA
"HiG_1"	"Nop2"	0.00456869096778417	0.419435100028448	"HiG"	0.115827506307591	0.000189260631221553	44.4309293020872	40	25	25	119	NA	NA	NA	NA
"HiG_1"	"Nop56"	0.00837479168987578	0.918797172812697	"HiG"	0.224100895742701	0.0003661779342201	45.1013210579203	6	3	3	113	NA	NA	NA	NA
"HiG_1"	"Nop58"	0.00600107445189698	0.757222658412024	"HiG"	0.159815470003415	0.000261136388894469	44.7516943294217	16	9	9	115	NA	NA	NA	NA
"HiG_1"	"Npm3"	0.00168325456155037	0.0971263119201654	"HiG"	0.0378071873465388	6.17764499126451e-05	36.2706450356355	190	143	143	210	NA	NA	NA	NA
"HiG_1"	"Nrgn"	0.000450630699547986	0.000329091642933427	"HiG"	0.00414825534892527	6.77819501458378e-06	29.242005010674	500	471	471	338	NA	NA	NA	NA
"HiG_1"	"Nrip1"	0.00139218083019335	0.053053018586193	"HiG"	0.0263057483936557	4.29832490092414e-05	50.4681613821617	237	198	198	74	NA	NA	NA	NA
"HiG_1"	"Nrp1"	0.00444547958851342	0.00887705302134955	"HiG"	0.081221800846922	0.000132715360860984	26.8125665700991	43	60	60	397	NA	NA	NA	NA
"HiG_1"	"Nt5dc2"	0.00131366671992636	0.0152252921327061	"HiG"	0.0209646844939976	3.42560204150287e-05	30.0435536082028	243	240	240	319	NA	NA	NA	NA
"HiG_1"	"Nudcd1"	0.00123937218739497	0.0394154701818916	"HiG"	0.0238450616362381	3.89625190134609e-05	37.5394679297786	266	223	223	189	NA	NA	NA	NA
"HiG_1"	"Nudt5"	0.000660786616019179	0.00104888425533159	"HiG"	0.00721154921240806	1.17835771444576e-05	16.5395718344351	429	426	426	517	NA	NA	NA	NA
"HiG_1"	"Oas2"	0.00214834193378379	0.0421076467524923	"HiG"	0.0616138707589341	0.000100676259410023	30.0800444619576	136	86	86	318	NA	NA	NA	NA
"HiG_1"	"Oas3"	0.00309080863718434	0.0913868965863834	"HiG"	0.0886977983282895	0.000144931043020081	28.8540677345644	85	51	51	347	NA	NA	NA	NA
"HiG_1"	"Ociad2"	0.000571881910766233	0.00865720454886027	"HiG"	0.00453342636062152	7.40755941278027e-06	60.168127233841	456	462	462	40	NA	NA	NA	NA
"HiG_1"	"Odc1"	0.00128663809221848	0.0525720985808207	"HiG"	0.0202731970415503	3.31261389567815e-05	47.9361927049193	252	249	249	90	NA	NA	NA	NA
"HiG_1"	"Olfm1"	0.00124172515579282	0.00537267644646355	"HiG"	0.0180095027155901	2.9427292018938e-05	32.3685563082124	265	270	270	280	NA	NA	NA	NA
"HiG_1"	"Osbpl5"	0.000429656451243013	0.0013424762810311	"HiG"	0.00338263625187159	5.52718341809084e-06	60.3000469239826	508	489	489	39	NA	NA	NA	NA
"HiG_1"	"Osgep"	0.000738213184449711	0.000686843246239924	"HiG"	0.00814942088574138	1.33160471989238e-05	18.1969416123663	411	412	412	504	NA	NA	NA	NA
"HiG_1"	"Osm"	0.000758160392035287	0.00151807064196123	"HiG"	0.0111818291543481	1.82709626705034e-05	33.0979450536085	405	356	356	265	NA	NA	NA	NA
"HiG_1"	"Otulin"	0.000591196289017899	0.00113491461471926	"HiG"	0.00628462526870914	1.02689955371064e-05	35.3678617880558	448	436	436	221	NA	NA	NA	NA
"HiG_1"	"P2ry14"	0.000254215744429556	1.32198910048123e-17	"HiG"	0	0	NA	600	600	600	NA	NA	NA	NA	NA
"HiG_1"	"Pa2g4"	0.00240253530968233	0.133169218868409	"HiG"	0.0476828474842073	7.79131494839988e-05	46.0502164483138	121	115	115	103	NA	NA	NA	NA
"HiG_1"	"Padi4"	0.000381205706311167	0.0091376555949376	"HiG"	0.00299681299718703	4.89675326337751e-06	57.1044992415419	526	498	498	47	NA	NA	NA	NA
"HiG_1"	"Pag1"	0.00158080417226385	0.00311346695556632	"HiG"	0.0206848811939737	3.37988254803492e-05	26.5826255945063	206	244	244	401	NA	NA	NA	NA
"HiG_1"	"Palm"	0.000879821849909917	0.00239433563437908	"HiG"	0.0122014979345166	1.99370881282951e-05	33.8090072774265	360	341	341	248	NA	NA	NA	NA
"HiG_1"	"Paqr7"	0.000254215744429556	1.32198910048123e-17	"HiG"	0	0	NA	600	600	600	NA	NA	NA	NA	NA
"HiG_1"	"Pard6g"	0.000662467593798743	0.000621011851713463	"HiG"	0.00648315382662671	1.05933886055992e-05	50.6084918937598	428	433	433	72	NA	NA	NA	NA
"HiG_1"	"Parp12"	0.00264917484786388	0.0582536375772665	"HiG"	0.0740048554357536	0.00012092296639829	28.4954776129416	105	66	66	352	NA	NA	NA	NA
"HiG_1"	"Parp14"	0.00190154749559804	0.0311700535313486	"HiG"	0.0463733980709337	7.57735262596956e-05	21.0781988090678	162	117	117	480	NA	NA	NA	NA
"HiG_1"	"Parp9"	0.00305840908212509	0.047318898977041	"HiG"	0.0871038907135454	0.000142326618812983	14.0855622482367	86	54	54	540	NA	NA	NA	NA
"HiG_1"	"Pbx1"	0.00233168311339157	0.00506368386422839	"HiG"	0.0407870265944599	6.66454682916012e-05	16.0060579567948	126	130	130	523	NA	NA	NA	NA
"HiG_1"	"Pcmtd2"	0.000377000329713668	0.00129632489621564	"HiG"	0.0023592585743449	3.8549976704982e-06	65.1835828960112	530	516	516	27	NA	NA	NA	NA
"HiG_1"	"Pcsk9"	0.000800949190578378	0.00130096151778135	"HiG"	0.0107438816724796	1.75553622099341e-05	26.3062769060353	381	360	360	406	NA	NA	NA	NA
"HiG_1"	"Pdcd1lg2"	0.00257498701957881	0.00603642115806734	"HiG"	0.0492668458357111	8.05013820844953e-05	34.3564039295869	112	108	108	237	NA	NA	NA	NA
"HiG_1"	"Pde4b"	0.00150146744777079	0.0198139920358429	"HiG"	0.024601394999719	4.01983578426781e-05	23.8813200837439	217	216	216	445	NA	NA	NA	NA
"HiG_1"	"Pdgfrb"	0.00294569804569348	0.00936180762710968	"HiG"	0.0524523825832836	8.57065074890255e-05	32.5136771095078	95	104	104	276	NA	NA	NA	NA
"HiG_1"	"Pdia5"	0.0010290684424562	0.000234801672301956	"HiG"	0.00806908213530923	1.31847747308974e-05	8.10978574050762	320	414	414	567	NA	NA	NA	NA
"HiG_1"	"Pdk1"	0.001431863798203	0.0019668327524092	"HiG"	0.0180407588686121	2.94783641643988e-05	20.3591683332693	230	269	269	486	NA	NA	NA	NA
"HiG_1"	"Perp"	0.000254215744429556	1.32198910048123e-17	"HiG"	0	0	NA	600	600	600	NA	NA	NA	NA	NA
"HiG_1"	"Pglyrp2"	0.000254215744429556	1.32198910048123e-17	"HiG"	0	0	NA	600	600	600	NA	NA	NA	NA	NA
"HiG_1"	"Phlda2"	0.000494032955614058	0.000156783925790676	"HiG"	0.00379772238486342	6.20542873343696e-06	21.5702325944088	480	482	482	476	NA	NA	NA	NA
"HiG_1"	"Phtf2"	0.000269612247564192	3.90145930032619e-05	"HiG"	0.000317772982095583	5.19236898848992e-07	36	583	580	580	214	NA	NA	NA	NA
"HiG_1"	"Pik3ip1"	0.000271427455126674	1.75711651252117e-06	"HiG"	0.000202734083976344	3.31264843098601e-07	7	582	582	582	573	NA	NA	NA	NA
"HiG_1"	"Pim2"	0.000871833106548241	0.00336896277956904	"HiG"	0.0130684891968638	2.13537405177513e-05	39.2607351163878	365	328	328	166	NA	NA	NA	NA
"HiG_1"	"Plac8"	0.000843167221890598	0.00082555574976219	"HiG"	0.0130834193704905	2.13781362262916e-05	35.6628816184028	373	327	327	217	NA	NA	NA	NA
"HiG_1"	"Plaur"	0.00156225882556208	0.0167762231837805	"HiG"	0.0136411459081027	2.2289454098207e-05	41.9172798464664	209	322	322	140	NA	NA	NA	NA
"HiG_1"	"Plin2"	0.000378113265324641	0.000639591487845413	"HiG"	0.00213868314666015	3.49458030500025e-06	33.4841514801427	528	524	524	259	NA	NA	NA	NA
"HiG_1"	"Plod2"	0.00113175258983008	0.0250562009398786	"HiG"	0.0179078553797306	2.92612016008671e-05	44.4866536305852	290	271	271	118	NA	NA	NA	NA
"HiG_1"	"Plpp5"	0.000422467555202177	4.61475449560012e-05	"HiG"	0.00145582584188322	2.37880039523401e-06	4	512	538	538	583.5	NA	NA	NA	NA
"HiG_1"	"Plpp6"	0.000442713563878882	3.713689731082e-05	"HiG"	0.00286280347862866	4.67778346181154e-06	11.157742584414	501	505	505	552	NA	NA	NA	NA
"HiG_1"	"Plppr3"	0.000367091996392475	4.91519189624447e-05	"HiG"	0.00153743482110299	2.51214840049509e-06	15	537	537	537	534.5	NA	NA	NA	NA
"HiG_1"	"Plxdc2"	0.000771111302954561	0.000373580903971449	"HiG"	0.0101503660418479	1.6585565427856e-05	24.274614372831	395	372	372	437	NA	NA	NA	NA
"HiG_1"	"Plxna1"	0.000525270691597644	0.00104492999249396	"HiG"	0.00521113586751447	8.51492788809554e-06	40.8411209069014	470	452	452	148	NA	NA	NA	NA
"HiG_1"	"Plxnb2"	0.00164941011526953	0.00292290293276124	"HiG"	0.0221932505322567	3.62634812618573e-05	23.8107990654515	197	231	231	447	NA	NA	NA	NA
"HiG_1"	"Plxnc1"	0.000254215744429556	1.32198910048123e-17	"HiG"	0	0	NA	600	600	600	NA	NA	NA	NA	NA
"HiG_1"	"Pmaip1"	0.00240633300710585	0.0440738906647286	"HiG"	0.0416135568350166	6.79960079003539e-05	36.6014777371999	120	127	127	202	NA	NA	NA	NA
"HiG_1"	"Pml"	0.00914988761534861	0.556704894508773	"HiG"	0.221818075035256	0.000362447835024928	39.1599144887352	4	4	4	168	NA	NA	NA	NA
"HiG_1"	"Pno1"	0.00212268639223374	0.225708573308234	"HiG"	0.051099959027623	8.34966650778154e-05	55.6091688113528	139	106	106	53	NA	NA	NA	NA
"HiG_1"	"Pnpla7"	0.000371436161381791	5.08367691051291e-06	"HiG"	0.000830290830821146	1.35668436408684e-06	10	533	566	566	561	NA	NA	NA	NA
"HiG_1"	"Poc1a"	0.000425587233178939	0.00106100605339771	"HiG"	0.00292580372974829	4.78072504860832e-06	12	511	501	501	549	NA	NA	NA	NA
"HiG_1"	"Podxl"	0.00106246456963223	0.00113406474640005	"HiG"	0.0106374152640123	1.73813974902162e-05	36.3174171622496	308	361	361	209	NA	NA	NA	NA
"HiG_1"	"Pou2f2"	0.00226839630064174	0.0224675192553726	"HiG"	0.0371122930492148	6.06410017144033e-05	27.4418401786953	129	145	145	384	NA	NA	NA	NA
"HiG_1"	"Ppat"	0.00125483405349184	0.0134178123487441	"HiG"	0.018769673053447	3.06694004141291e-05	26.5248476672762	261	263	263	403	NA	NA	NA	NA
"HiG_1"	"Ppia"	0.00553007984913528	0.18175224090346	"HiG"	0.118245365851057	0.00019321138210957	39.4001321141881	20	24	24	164	NA	NA	NA	NA
"HiG_1"	"Ppic"	0.000610333544867345	0.00818664306887833	"HiG"	0.00816788735858331	1.33462211741557e-05	29.4694495406736	443	411	411	333	NA	NA	NA	NA
"HiG_1"	"Ppp2r3a"	0.000468733378348371	4.60894873534651e-05	"HiG"	0.00186596939090108	3.04896959297562e-06	6.68465611251752	490	531	531	577	NA	NA	NA	NA
"HiG_1"	"Prmt1"	0.00601991369313179	0.33322150443178	"HiG"	0.130241769621887	0.00021281334905537	37.0012404475608	15	18	18	196	NA	NA	NA	NA
"HiG_1"	"Prmt3"	0.000801035379839444	0.0313626556256611	"HiG"	0.0135330458525507	2.21128200205077e-05	45.9035482176831	380	323	323	108	NA	NA	NA	NA
"HiG_1"	"Prnp"	0.00537828381067861	0.0453267701698906	"HiG"	0.0826244722862572	0.000135007307657283	27.0349307747775	24	58	58	395	NA	NA	NA	NA
"HiG_1"	"Procr"	0.00101394486210084	0.00594487992662424	"HiG"	0.0150162610576895	2.45363742772705e-05	31.6458442367911	327	310	310	296	NA	NA	NA	NA
"HiG_1"	"Prr11"	0.00171595372114516	0.0850352604344519	"HiG"	0.0359794550386697	5.87899592135126e-05	43.2278639471928	185	149	149	127	NA	NA	NA	NA
"HiG_1"	"Prss57"	0.0011267566771373	0.00117542356974691	"HiG"	0.0177011416465783	2.89234340630364e-05	27.7971198640573	292	274	274	373	NA	NA	NA	NA
"HiG_1"	"Prtn3"	0.00290139699243128	0.00510986353695699	"HiG"	0.0485518779571328	7.93331339168836e-05	23.1612633775993	97	112	112	458	NA	NA	NA	NA
"HiG_1"	"Psph"	0.000309961218837553	0.00361343024392858	"HiG"	0.00141889648754303	2.3184583129788e-06	48	562	540	540	88	NA	NA	NA	NA
"HiG_1"	"Ptger3"	0.000635503231909359	0.000715795806970914	"HiG"	0.00581382791422473	9.4997188140927e-06	13.4186897828458	435	444	444	543	NA	NA	NA	NA
"HiG_1"	"Ptges3"	0.00370579318075003	0.057150030652117	"HiG"	0.065663160620662	0.000107292746112193	29.3576668483684	62	79	79	335	NA	NA	NA	NA
"HiG_1"	"Ptgr1"	0.000311022383459409	0.000591237708704002	"HiG"	0.00113813797602918	1.85970257521107e-06	24.1577174180861	560	550	550	439	NA	NA	NA	NA
"HiG_1"	"Ptgs1"	0.000689366179972364	0.0012886219143748	"HiG"	0.00939195428088233	1.53463305243175e-05	27.7673492254723	421	387	387	376	NA	NA	NA	NA
"HiG_1"	"Ptgs2"	0.000413359004891096	0.00313252682255445	"HiG"	0.0031642031249328	5.17026654400784e-06	50.8597024362116	515	493	493	70	NA	NA	NA	NA
"HiG_1"	"Ptk7"	0.0012976050309606	0.00418319224864786	"HiG"	0.0150229623623296	2.45473241214536e-05	29.4924320578299	247	309	309	332	NA	NA	NA	NA
"HiG_1"	"Ptprcap"	0.000898636506347913	0.0016535087739911	"HiG"	0.0122969559954796	2.00930653520908e-05	37.6107430750092	353	339	339	188	NA	NA	NA	NA
"HiG_1"	"Ptprg"	0.00193360481384037	0.00752045824682893	"HiG"	0.0331462602101949	5.41605558990112e-05	26.2336339766622	156	162	162	407	NA	NA	NA	NA
"HiG_1"	"Pus7"	0.00186365190597649	0.105001800225585	"HiG"	0.041902173643664	6.8467603992915e-05	29.3333965264881	167	126	126	336	NA	NA	NA	NA
"HiG_1"	"Pygl"	0.00120414624177171	0.0209372270850312	"HiG"	0.0163878931866282	2.67776032461246e-05	46.6540328355857	273	285	285	99	NA	NA	NA	NA
"HiG_1"	"Rab27b"	0.00157657862965297	0.0010511567549137	"HiG"	0.0202828261482159	3.31418727912025e-05	23.4233538999041	207	248	248	453	NA	NA	NA	NA
"HiG_1"	"Rab33b"	0.00174348701569798	0.00303810979911564	"HiG"	0.0236512547661255	3.86458411211202e-05	24.0448148370391	184	225	225	441	NA	NA	NA	NA
"HiG_1"	"Rab38"	0.00188172115538583	0.00151567760540447	"HiG"	0.0233771467752481	3.81979522471374e-05	24.0411919566258	165	228	228	442	NA	NA	NA	NA
"HiG_1"	"Ralgds"	0.00159734723295972	0.014625848688875	"HiG"	0.026093112064648	4.26358040272026e-05	31.9664433521618	205	204	204	291	NA	NA	NA	NA
"HiG_1"	"Rangrf"	0.000911108045827257	0.0467398629368638	"HiG"	0.0164620825151267	2.6898827639096e-05	24.6587920380728	351	284	284	430	NA	NA	NA	NA
"HiG_1"	"Raph1"	0.000768345445957693	0.00549532899643831	"HiG"	0.00950610611507968	1.55328531292152e-05	31.8304150532516	397	385	385	293	NA	NA	NA	NA
"HiG_1"	"Rara"	0.00188411049713727	0.0604110932328222	"HiG"	0.037821692334687	6.18001508736715e-05	44.7556967732137	163	142	142	114	NA	NA	NA	NA
"HiG_1"	"Rasa4"	0.000299280838343852	8.01417248572303e-06	"HiG"	0.000645669847814107	1.05501609119952e-06	16	569	571	571	524	NA	NA	NA	NA
"HiG_1"	"Rasgef1b"	0.00104267301566295	0.00156385997135239	"HiG"	0.0156572031750086	2.55836653186415e-05	28.6475564911495	313	298	298	350	NA	NA	NA	NA
"HiG_1"	"Rasgrp2"	0.000850496532071641	0.00434594074221474	"HiG"	0.0130174204514081	2.1270294855242e-05	51.4915456912408	371	330	330	65	NA	NA	NA	NA
"HiG_1"	"Rassf3"	0.000581124443291986	0.0117054575775251	"HiG"	0.00410210074896319	6.70277900157384e-06	49.4133231109655	452	475	475	78	NA	NA	NA	NA
"HiG_1"	"Rassf4"	0.000367470973515374	5.73845260718896e-05	"HiG"	0.00100682665777059	1.64514159766436e-06	5.65961146270593	536	556	556	582	NA	NA	NA	NA
"HiG_1"	"Rassf5"	0.000672145534942372	0.00052548095644698	"HiG"	0.00573911445484169	9.37763799810733e-06	26.0668847845383	424	446	446	409	NA	NA	NA	NA
"HiG_1"	"Rbms3"	0.000471319790761937	0.00665692053618146	"HiG"	0.00461185870299439	7.53571683495816e-06	61.1098832319754	488	458	458	37	NA	NA	NA	NA
"HiG_1"	"Rbp1"	0.000628295109903648	0.00175354505949151	"HiG"	0.00665583419923944	1.08755460771886e-05	18.8410968992775	437	431	431	500	NA	NA	NA	NA
"HiG_1"	"Rcc1"	0.00164270521469486	0.0781087653285347	"HiG"	0.0318585761643977	5.20564970006499e-05	63.020481963385	199	169	169	32	NA	NA	NA	NA
"HiG_1"	"Rcl1"	0.00107829286913547	0.102582692776695	"HiG"	0.0215848973009526	3.52694400342363e-05	72.6033058986204	304	236	236	17	NA	NA	NA	NA
"HiG_1"	"Rgcc"	0.000358334679285808	0.000773477536402312	"HiG"	0.00221836931424232	3.62478646118026e-06	61.4688873290013	541	522	522	34	NA	NA	NA	NA
"HiG_1"	"Rgs1"	0.000664966168009101	0.000459806909728534	"HiG"	0.0070707437539074	1.15535028658618e-05	28.6133258386874	426	427	427	351	NA	NA	NA	NA
"HiG_1"	"Rgs7bp"	0.000254215744429556	1.32198910048123e-17	"HiG"	0	0	NA	600	600	600	NA	NA	NA	NA	NA
"HiG_1"	"Rhoj"	0.0051037275237222	0.00974191302643164	"HiG"	0.0691659929823004	0.000113016328402452	15.6286498828518	32	73	73	528	NA	NA	NA	NA
"HiG_1"	"Rmi2"	0.000352117368218962	0.00201518263001707	"HiG"	0.00222527690360405	3.63607337190205e-06	66	546	521	521	25	NA	NA	NA	NA
"HiG_1"	"Rnase4"	0.000313317839253613	0.00155030045252998	"HiG"	0.00126064550825461	2.05987828146179e-06	58.5468630701152	559	546	546	44	NA	NA	NA	NA
"HiG_1"	"Rnf144a"	0.000674791843558074	0.00362138427014273	"HiG"	0.00779984622477724	1.27448467725118e-05	35.5427552225239	423	416	416	218	NA	NA	NA	NA
"HiG_1"	"Rnf149"	0.00295895231678792	0.00801365991607666	"HiG"	0.039162393665291	6.3990839322371e-05	17.4016549680231	92	137	137	511	NA	NA	NA	NA
"HiG_1"	"Rnmt"	0.000784350601565697	0.049959706704704	"HiG"	0.0125126501924775	2.04455068504534e-05	91.6856628576359	388	333	333	10	NA	NA	NA	NA
"HiG_1"	"Rrad"	0.00184808224725722	0.00591104497998203	"HiG"	0.0283197565991771	4.62741120901586e-05	28.3842472216154	169	187	187	359	NA	NA	NA	NA
"HiG_1"	"Rras2"	0.00154844177910193	0.010289885744122	"HiG"	0.022679281883221	3.70576501359821e-05	31.2315338584645	212	230	230	304	NA	NA	NA	NA
"HiG_1"	"Rsad1"	0.000356186973179301	8.14358163725458e-06	"HiG"	0.00110376179895119	1.80353235122744e-06	7	544	553	553	573	NA	NA	NA	NA
"HiG_1"	"Rsad2"	0.00320142939954965	0.0572953144156188	"HiG"	0.0948685721182557	0.000155014006729176	23.8932059070191	80	46	46	444	NA	NA	NA	NA
"HiG_1"	"Rtp4"	0.000357268634882272	0.00280906722396094	"HiG"	0.00339761638387772	5.55166075797013e-06	27	542	487	487	396	NA	NA	NA	NA
"HiG_1"	"S100a4"	0.00244232866612085	0.031310377353293	"HiG"	0.0483964204979836	7.90791184607576e-05	37.4289358235076	117	113	113	191	NA	NA	NA	NA
"HiG_1"	"S100a6"	0.00143759842709881	0.0347386135910405	"HiG"	0.0240599870664952	3.93137043570183e-05	44.7332890930824	228	220	220	116	NA	NA	NA	NA
"HiG_1"	"Samd9l"	0.000408220654601585	0.0309931652004582	"HiG"	0.00405536538953361	6.62641403518564e-06	156	516	477	477	1	NA	NA	NA	NA
"HiG_1"	"Satb1"	0.00299148613477983	0.0414026373136157	"HiG"	0.0604407169683889	9.87593414516158e-05	28.9459046614757	87	90	90	345	NA	NA	NA	NA
"HiG_1"	"Scarf1"	0.0011815114211906	0.00083437112691306	"HiG"	0.0180732196187053	2.95314046057277e-05	24.3056338840478	277	268	268	436	NA	NA	NA	NA
"HiG_1"	"Scin"	0.000868267828605283	0.00210105337756089	"HiG"	0.0101886588720333	1.66481354118191e-05	15.6651439789908	366	370	370	527	NA	NA	NA	NA
"HiG_1"	"Sell"	0.00338161706618232	0.00462111296862214	"HiG"	0.0619909805026751	0.000101292451801757	29.5508794110087	71	85	85	331	NA	NA	NA	NA
"HiG_1"	"Selp"	0.00170311241613277	0.00210298613909168	"HiG"	0.0278742360972587	4.55461374138214e-05	26.0096705519666	186	189	189	410	NA	NA	NA	NA
"HiG_1"	"Serpinb9"	0.000879303850089784	0.00185318829430142	"HiG"	0.0117671184748472	1.92273177693582e-05	25.2347240119817	361	346	346	419	NA	NA	NA	NA
"HiG_1"	"Sh2d3c"	0.00126802581072882	0.00953640117001089	"HiG"	0.0199377358807235	3.25779998051038e-05	27.4897271206235	258	253	253	382	NA	NA	NA	NA
"HiG_1"	"Sh2d5"	0.0005744748043284	0.000833365147449812	"HiG"	0.00469605709185904	7.67329590173045e-06	27.0794564977054	455	456	456	393	NA	NA	NA	NA
"HiG_1"	"Sh3bp5"	0.000938518629914262	0.00677760020291164	"HiG"	0.0136660768399384	2.23301909149321e-05	44.3000286287734	345	321	321	120	NA	NA	NA	NA
"HiG_1"	"Sh3pxd2b"	0.00140720570510978	0.00379984006015565	"HiG"	0.0204874997836187	3.34763068359783e-05	32.4283248097908	234	246	246	277	NA	NA	NA	NA
"HiG_1"	"Sirpa"	0.000766909138093883	0.00255732896545994	"HiG"	0.010105251614226	1.65118490428529e-05	27.564494833589	398	377	377	380	NA	NA	NA	NA
"HiG_1"	"Sirt3"	0.00076168789337477	0.004126680365178	"HiG"	0.0093453114528009	1.52701167529427e-05	15.1474261983202	402	389	389	533	NA	NA	NA	NA
"HiG_1"	"Slc12a2"	0.001031938175655	0.00226101419931824	"HiG"	0.0124072872693435	2.02733452113456e-05	28.4418335094456	319	335	335	357	NA	NA	NA	NA
"HiG_1"	"Slc14a1"	0.000803814440472559	0.00356896511047913	"HiG"	0.00880452755513012	1.43864829332192e-05	33.7496665683721	378	402	402	251	NA	NA	NA	NA
"HiG_1"	"Slc15a3"	0.00193912474145248	0.028987247131705	"HiG"	0.0338076733302479	5.52412962912547e-05	38.9513549245612	153	158	158	173	NA	NA	NA	NA
"HiG_1"	"Slc16a1"	0.00182012479562917	0.0588670107816007	"HiG"	0.0270585917665622	4.42133852394807e-05	66.5760693837761	174	195	195	23	NA	NA	NA	NA
"HiG_1"	"Slc18a2"	0.000935824708145742	0.000825962232375045	"HiG"	0.00911420268805273	1.48924880523737e-05	14.1947521279516	348	393	393	537	NA	NA	NA	NA
"HiG_1"	"Slc19a1"	0.00108950509902718	0.00260608931650817	"HiG"	0.0124981566437945	2.04218245813635e-05	30.4694364674451	301	334	334	314	NA	NA	NA	NA
"HiG_1"	"Slc22a3"	0.000773628950870818	0.000697848550550651	"HiG"	0.0087733958873546	1.43356141950239e-05	14.3794199001768	393	403	403	536	NA	NA	NA	NA
"HiG_1"	"Slc24a3"	0.00034532015978933	3.93768472908638e-05	"HiG"	0.000927612721545842	1.51570706134942e-06	11	548	560	560	553.5	NA	NA	NA	NA
"HiG_1"	"Slc28a2"	0.00034276306398135	0.000889734468762295	"HiG"	0.00136217522245655	2.22577650728195e-06	16.0288777690767	549	542	542	522	NA	NA	NA	NA
"HiG_1"	"Slc29a1"	0.0022595932258052	0.00555441473729774	"HiG"	0.0195558393242783	3.19539858239841e-05	23.1785555961814	130	258	258	457	NA	NA	NA	NA
"HiG_1"	"Slc29a2"	0.00117035060206198	0.00414766084316178	"HiG"	0.00860764972639563	1.40647871346334e-05	10.8710662439277	280	407	407	555	NA	NA	NA	NA
"HiG_1"	"Slc30a4"	0.000784969188584616	0.00085925577987323	"HiG"	0.00892340655051417	1.45807296577029e-05	20.5883203708927	387	399	399	485	NA	NA	NA	NA
"HiG_1"	"Slc35f2"	0.000440179739297521	0.00167508334700427	"HiG"	0.00295151582332907	4.82273827341351e-06	30.6859863099714	502	500	500	313	NA	NA	NA	NA
"HiG_1"	"Slc39a10"	0.00166883498631879	0.0472683661412519	"HiG"	0.0274035533359139	4.47770479344999e-05	49.3295825738955	193	191	191	79	NA	NA	NA	NA
"HiG_1"	"Slc6a9"	0.00045234985910274	0.00168843865521123	"HiG"	0.00251054443141154	4.1021967833522e-06	18.9397772398266	499	513	513	498	NA	NA	NA	NA
"HiG_1"	"Slc7a11"	0.00115147789897681	0.00277028037164623	"HiG"	0.0172712549648214	2.82210048444795e-05	24.5856030608869	282	279	279	434	NA	NA	NA	NA
"HiG_1"	"Slc7a8"	0.000438089323568985	6.51633625499855e-05	"HiG"	0.00275567718458999	4.50274049769606e-06	18.192555156589	506	509	509	505	NA	NA	NA	NA
"HiG_1"	"Slpi"	0.00148882084909272	0.00364618791270428	"HiG"	0.0258656907098002	4.22642005062094e-05	27.6937879313059	219	205	205	378	NA	NA	NA	NA
"HiG_1"	"Smad3"	0.00519236001440547	0.0519992946083931	"HiG"	0.098473391911542	0.000160904235149578	37.1941651520595	29	42	42	195	NA	NA	NA	NA
"HiG_1"	"Smo"	0.00104481470978302	0.0036483884397054	"HiG"	0.0156078052063028	2.55029496835014e-05	30.3451036759095	312	302	302	315	NA	NA	NA	NA
"HiG_1"	"Smpdl3a"	0.000254215744429556	1.32198910048123e-17	"HiG"	0	0	NA	600	600	600	NA	NA	NA	NA	NA
"HiG_1"	"Snap47"	0.00139699893767722	0.00336462881832341	"HiG"	0.0199370378695571	3.25768592639823e-05	32.5834038717357	236	254	254	274	NA	NA	NA	NA
"HiG_1"	"Snn"	0.000254215744429556	1.32198910048123e-17	"HiG"	0	0	NA	600	600	600	NA	NA	NA	NA	NA
"HiG_1"	"Socs1"	0.00449463611985993	0.0543188433856369	"HiG"	0.0952800378379657	0.000155686336336545	33.2209370120636	42	44	44	263	NA	NA	NA	NA
"HiG_1"	"Socs2"	0.00190907557806531	0.0034173348089128	"HiG"	0.0325611822262722	5.32045461213598e-05	27.225385562271	160	165	165	392	NA	NA	NA	NA
"HiG_1"	"Socs3"	0.00548458070774432	0.0178241328076941	"HiG"	0.104339552392591	0.000170489464693776	32.2071050906547	21	35	35	284	NA	NA	NA	NA
"HiG_1"	"Sorl1"	0.00161487428413622	0.00272981351348372	"HiG"	0.0249720700177949	4.08040359767891e-05	40.3189620997453	203	210	210	155	NA	NA	NA	NA
"HiG_1"	"Sort1"	0.00103474414317045	0.00451651906236147	"HiG"	0.0132302116974833	2.16179929697439e-05	26.0790864105333	317	326	326	408	NA	NA	NA	NA
"HiG_1"	"Sox4"	0.00096371799368222	0.0330054579924141	"HiG"	0.0159986427540548	2.61415731275406e-05	59.1927182363613	338	292	292	41	NA	NA	NA	NA
"HiG_1"	"Sp140"	0.000470175578294836	0.0140347382487451	"HiG"	0.00645994205758418	1.05554608784055e-05	49.0360759631486	489	434	434	82	NA	NA	NA	NA
"HiG_1"	"Spata13"	0.000551089440130074	0.000220747120216479	"HiG"	0.00460062421360033	7.51735982614432e-06	19.0194551762842	463	459	459	497	NA	NA	NA	NA
"HiG_1"	"Specc1"	0.000561782443335539	0.0123172240057494	"HiG"	0.00604212400154189	9.87275163650635e-06	51.8799961867454	461	441	441	63	NA	NA	NA	NA
"HiG_1"	"Spint1"	0.000981033394860711	0.00152149735411493	"HiG"	0.0135138348324662	2.2081429464814e-05	27.7164553626279	336	324	324	377	NA	NA	NA	NA
"HiG_1"	"Spint2"	0.00213487516532252	0.00674901243037834	"HiG"	0.0327522328412487	5.35167203288378e-05	27.7873586609735	138	164	164	374	NA	NA	NA	NA
"HiG_1"	"Spns2"	0.000584249311148871	0.00103117897190191	"HiG"	0.0058056036690115	9.48628050492075e-06	54.4138207018113	450	445	445	57	NA	NA	NA	NA
"HiG_1"	"Spp1"	0.00180345000653625	0.00383514215917087	"HiG"	0.0270495552657931	4.41986197153482e-05	24.6047849297806	178	196	196	433	NA	NA	NA	NA
"HiG_1"	"Spsb1"	0.00169251521165693	0.0094275129835878	"HiG"	0.0295920242364816	4.83529807785647e-05	28.3800414353663	188	183	183	360	NA	NA	NA	NA
"HiG_1"	"Srm"	0.00185059796284956	0.034807261177963	"HiG"	0.0281220093481768	4.59509956669556e-05	37.76691262085	168	188	188	186	NA	NA	NA	NA
"HiG_1"	"Srpk1"	0.00279814625193796	0.169904354618804	"HiG"	0.0627001799859166	0.000102451274486792	42.5184553196073	102	83	83	133	NA	NA	NA	NA
"HiG_1"	"Srpk2"	0.00214458129561398	0.0730265519513568	"HiG"	0.0397654315349629	6.49761953185668e-05	39.8379869211187	137	134	134	160	NA	NA	NA	NA
"HiG_1"	"Ssbp1"	0.00261067785928875	0.0356884529501282	"HiG"	0.0490581407464585	8.01603606968275e-05	36.4456821817476	107	109	109	206	NA	NA	NA	NA
"HiG_1"	"Ssbp2"	0.000708643117530905	0.00845174341197728	"HiG"	0.00910713557074462	1.48809404750729e-05	27.3525105608693	417	394	394	387	NA	NA	NA	NA
"HiG_1"	"Ssbp3"	0.000864128618127809	0.00223549969919471	"HiG"	0.0113973123032429	1.86230593190244e-05	28.3127105864796	367	350	350	361	NA	NA	NA	NA
"HiG_1"	"St3gal5"	0.000282698733386532	5.02116340723948e-08	"HiG"	5.16561731176076e-05	8.44055116300778e-08	4	577	584	584	583.5	NA	NA	NA	NA
"HiG_1"	"Stat2"	0.00524530293309321	0.233909518643755	"HiG"	0.156097377296708	0.000255061074014228	34.3776822392566	27	11	11	236	NA	NA	NA	NA
"HiG_1"	"Stk17b"	0.000586109399083213	0.00293399200799629	"HiG"	0.00672242014055997	1.09843466349019e-05	54.3801480602374	449	430	430	58	NA	NA	NA	NA
"HiG_1"	"Stk26"	0.00119236049041658	0.0116478960242019	"HiG"	0.0199228603955333	3.25536934567538e-05	34.5041409162318	275	255	255	235	NA	NA	NA	NA
"HiG_1"	"Stom"	0.00180972345497255	0.00230995230095238	"HiG"	0.0238399347783606	3.89541417947069e-05	24.1406836676162	177	224	224	440	NA	NA	NA	NA
"HiG_1"	"Stxbp6"	0.000256981957948767	1.07374615516869e-05	"HiG"	4.96276903975503e-05	8.10909973816182e-08	64	585	585	585	31	NA	NA	NA	NA
"HiG_1"	"Suclg2"	0.00070831306189053	0.0289142946963544	"HiG"	0.0088613915136707	1.44793978981547e-05	76.7780456884328	418	400	400	12	NA	NA	NA	NA
"HiG_1"	"Sulf2"	0.000820904985550469	0.00323959076152445	"HiG"	0.0101543197680486	1.65920257647853e-05	22.0314916207136	376	371	371	475	NA	NA	NA	NA
"HiG_1"	"Sun2"	0.000896600887053235	0.000801146166265086	"HiG"	0.00539815151288801	8.82050900798695e-06	21.4441642319635	354	450	450	478	NA	NA	NA	NA
"HiG_1"	"Syce2"	0.000254215744429556	1.32198910048123e-17	"HiG"	0	0	NA	600	600	600	NA	NA	NA	NA	NA
"HiG_1"	"Tap1"	0.00321665614725163	0.0630173160741213	"HiG"	0.0825335491871974	0.000134858740501957	32.875986957157	78	59	59	268	NA	NA	NA	NA
"HiG_1"	"Tbc1d16"	0.000483204513989181	0.000532751107138641	"HiG"	0.00262594024267947	4.29075203052201e-06	15.3861534714572	482	511	511	530	NA	NA	NA	NA
"HiG_1"	"Tbc1d4"	0.000847519164914653	0.00471752155574849	"HiG"	0.00602293160930043	9.84139151846476e-06	38.3162365900571	372	442	442	180	NA	NA	NA	NA
"HiG_1"	"Tbc1d8"	0.000626149556016502	0.000117920342073337	"HiG"	0.00413704722252392	6.75988108255542e-06	16.2567670909168	438	472	472	520	NA	NA	NA	NA
"HiG_1"	"Tbxa2r"	0.000755746466085542	0.000785328759511101	"HiG"	0.0077237259545426	1.26204672459846e-05	17.094833633889	406	418	418	513	NA	NA	NA	NA
"HiG_1"	"Tcf19"	0.000390263387277116	0.000817025266579204	"HiG"	0.00269372676388716	4.40151432007706e-06	69.8958558390772	520	510	510	19	NA	NA	NA	NA
"HiG_1"	"Tcf4"	0.0037465887904163	0.0586699004357713	"HiG"	0.0760621484042027	0.000124284556216017	28.2720769703826	61	65	65	364	NA	NA	NA	NA
"HiG_1"	"Tcf7l2"	0.00311591867987313	0.0589824216398368	"HiG"	0.0645479309174578	0.000105470475355323	31.5528904104855	84	82	82	299	NA	NA	NA	NA
"HiG_1"	"Tfec"	0.00101032412004917	0.00198512253509063	"HiG"	0.0163549354036016	2.67237506594797e-05	32.7019793313796	328	286	286	269	NA	NA	NA	NA
"HiG_1"	"Tfpi"	0.000986479807809007	0.0217303356333666	"HiG"	0.0138438956186273	2.26207444748813e-05	66.4943623566643	334	319	319	24	NA	NA	NA	NA
"HiG_1"	"Tfr2"	0.000295647882980037	0.000126318893404275	"HiG"	0.000927307905432512	1.51520899580476e-06	55	571	561	561	55	NA	NA	NA	NA
"HiG_1"	"Tgfbr3"	0.00102247197179393	0.00077109174460684	"HiG"	0.00853991324837626	1.39541066149939e-05	40.2867895879249	324	409	409	156	NA	NA	NA	NA
"HiG_1"	"Tgif2"	0.000455932739675277	0.00134992485628966	"HiG"	0.00443334994112197	7.24403585150648e-06	32.4020417130277	498	463	463	279	NA	NA	NA	NA
"HiG_1"	"Tgm2"	0.00246810520996291	0.0399431836700074	"HiG"	0.046255410486638	7.55807360892777e-05	47.0532216110676	114	118	118	93	NA	NA	NA	NA
"HiG_1"	"Thsd1"	0.000327308923856197	0.000450123115993544	"HiG"	0.00131721362828747	2.15230985014292e-06	46	553	543	543	104.5	NA	NA	NA	NA
"HiG_1"	"Thumpd1"	0.00125618499365703	0.0637095865082891	"HiG"	0.0256681107649844	4.19413574591248e-05	36.6320723464723	260	208	208	201	NA	NA	NA	NA
"HiG_1"	"Thy1"	0.00320251295123299	0.0319279999706609	"HiG"	0.0608500846477906	9.94282428885468e-05	42.0509013645378	79	89	89	138	NA	NA	NA	NA
"HiG_1"	"Tie1"	0.00148396582792267	0.00327217016641805	"HiG"	0.0242004924556792	3.95432883262732e-05	29.7316619825357	220	219	219	326	NA	NA	NA	NA
"HiG_1"	"Timm9"	0.000472198788636131	0.00158055357140845	"HiG"	0.00424448191348377	6.93542796320877e-06	25.0275068217079	486	470	470	425	NA	NA	NA	NA
"HiG_1"	"Timp3"	0.00181778251890446	0.0176332567130971	"HiG"	0.0293748664460927	4.79981477877332e-05	38.9542993292853	175	184	184	172	NA	NA	NA	NA
"HiG_1"	"Tjp1"	0.00337322764271615	0.0322480615438573	"HiG"	0.0517688805050279	8.45896740278234e-05	30.846859792675	72	105	105	310	NA	NA	NA	NA
"HiG_1"	"Tmed3"	0.000616960651887388	0.00244070575807728	"HiG"	0.00401844456284474	6.56608588700121e-06	17.7497790790604	439	478	478	508	NA	NA	NA	NA
"HiG_1"	"Tmem108"	0.000719498024896476	0.00153775628092931	"HiG"	0.00895563626288079	1.46333925864065e-05	13	414	398	398	545	NA	NA	NA	NA
"HiG_1"	"Tmem154"	0.000709921764296062	5.82244301015474e-08	"HiG"	0.000468639541650895	7.65750885050483e-07	3	416	577	577	586	NA	NA	NA	NA
"HiG_1"	"Tmem176a"	0.000731704453048055	0.00133086286678283	"HiG"	0.00899461069027508	1.46970762912991e-05	17.6667076401713	413	396	396	510	NA	NA	NA	NA
"HiG_1"	"Tmem176b"	0.000795712381192201	0.000306392249790766	"HiG"	0.0100038522466884	1.63461638017784e-05	22.3555600640542	382	378	378	471	NA	NA	NA	NA
"HiG_1"	"Tmem215"	0.000254215744429556	1.32198910048123e-17	"HiG"	0	0	NA	600	600	600	NA	NA	NA	NA	NA
"HiG_1"	"Tmem216"	0.000877097220616482	0.000676544438348865	"HiG"	0.00701366809541584	1.14602419859736e-05	16.5235527218846	363	428	428	518	NA	NA	NA	NA
"HiG_1"	"Tmem40"	0.000254215744429556	1.32198910048123e-17	"HiG"	0	0	NA	600	600	600	NA	NA	NA	NA	NA
"HiG_1"	"Tmem64"	0.000254215744429556	1.32198910048123e-17	"HiG"	0	0	NA	600	600	600	NA	NA	NA	NA	NA
"HiG_1"	"Tmem71"	0.000254215744429556	1.32198910048123e-17	"HiG"	0	0	NA	600	600	600	NA	NA	NA	NA	NA
"HiG_1"	"Tmx4"	0.000524057093556651	0.000379732069753034	"HiG"	0.00287798124898903	4.70258374017815e-06	13.747581635698	471	504	504	542	NA	NA	NA	NA
"HiG_1"	"Tnf"	0.00545430275936954	0.0307604123161055	"HiG"	0.110014220202374	0.000179761797716298	31.1492023984115	22	32	32	306	NA	NA	NA	NA
"HiG_1"	"Tnfaip2"	0.000927532572841491	0.0089550866883545	"HiG"	0.0168358815106543	2.75096103115267e-05	46.0805186541795	349	281	281	102	NA	NA	NA	NA
"HiG_1"	"Tnfaip3"	0.00512801078346396	0.0513643371737692	"HiG"	0.110426840131927	0.000180436013287462	34.1643944080243	31	30	30	240	NA	NA	NA	NA
"HiG_1"	"Tnfrsf1b"	0.0029749115551017	0.031564869035034	"HiG"	0.0610095151667671	9.96887502724953e-05	35.2918857832084	89	88	88	223	NA	NA	NA	NA
"HiG_1"	"Tnfrsf8"	0.000935962656209551	0.00435759235446888	"HiG"	0.0147371128171108	2.40802497011614e-05	31.3297195790853	347	314	314	302	NA	NA	NA	NA
"HiG_1"	"Tnfsf10"	0.00318215345573563	0.0421447648173246	"HiG"	0.0799298044515642	0.000130604255639811	31.7157030272622	82	61	61	294	NA	NA	NA	NA
"HiG_1"	"Tnip3"	0.000958163738361366	0.0210495683766081	"HiG"	0.017808508336263	2.90988698304952e-05	36.4933112962806	340	272	272	204	NA	NA	NA	NA
"HiG_1"	"Tob1"	0.000567382924985102	0.00778020123339813	"HiG"	0.00618173088817118	1.0100867464332e-05	73.1626811928148	459	438	438	16	NA	NA	NA	NA
"HiG_1"	"Tor3a"	0.000549393527478532	0.00215066058673352	"HiG"	0.00728788617013281	1.19083107355111e-05	16.8424998693434	464	424	424	516	NA	NA	NA	NA
"HiG_1"	"Tox"	0.000254215744429556	1.32198910048123e-17	"HiG"	0	0	NA	600	600	600	NA	NA	NA	NA	NA
"HiG_1"	"Tpd52"	0.000773849256549493	0.00121745270103379	"HiG"	0.0104850762712129	1.71324775673414e-05	22.8103494421431	392	366	366	465	NA	NA	NA	NA
"HiG_1"	"Trib3"	0.00209124016970991	0.0479293186748049	"HiG"	0.0389663858671616	6.36705651424209e-05	42.974268745784	140	138	138	129	NA	NA	NA	NA
"HiG_1"	"Trip6"	0.00291236713233468	0.0149402325148569	"HiG"	0.0486229221356445	7.94492191758897e-05	32.9302710577565	96	111	111	267	NA	NA	NA	NA
"HiG_1"	"Tsc22d1"	0.000855495919396671	0.0162975973695205	"HiG"	0.010300217998796	1.68304215666601e-05	23.1159490434028	370	368	368	461	NA	NA	NA	NA
"HiG_1"	"Tspan13"	0.00025523565974743	7.80208897128965e-06	"HiG"	1.9158009868052e-05	3.13039376928954e-08	146	586	586	586	4.5	NA	NA	NA	NA
"HiG_1"	"Tspan2"	0.000366665713968519	8.68632382405698e-06	"HiG"	0.00128359797678027	2.09738231500045e-06	13.2782285750245	538	545	545	544	NA	NA	NA	NA
"HiG_1"	"Tspan3"	0.00128672568397589	0.000505974815118909	"HiG"	0.0121497546611029	1.98525402959197e-05	16.1536525004136	251	342	342	521	NA	NA	NA	NA
"HiG_1"	"Tusc1"	0.000317820181959721	0.00412284944491554	"HiG"	0.00161893165251733	2.64531315770805e-06	48	556	535	535	89	NA	NA	NA	NA
"HiG_1"	"Tyrobp"	0.00333493578390206	0.00501631667623254	"HiG"	0.0582743400978508	9.52195099638086e-05	28.4109850303354	75	95	95	358	NA	NA	NA	NA
"HiG_1"	"Ube2l6"	0.00348288743814273	0.0756030512276649	"HiG"	0.101209259528322	0.000165374607072421	28.309499048315	67	40	40	362	NA	NA	NA	NA
"HiG_1"	"Uchl1"	0.00208460809585094	0.0326256541676277	"HiG"	0.0360530413085793	5.89101982166329e-05	50.8267716879559	142	148	148	71	NA	NA	NA	NA
"HiG_1"	"Unc13d"	0.000805859374558189	0.00154807644870808	"HiG"	0.0112617755215691	1.8401593989492e-05	39.2372535225367	377	353	353	167	NA	NA	NA	NA
"HiG_1"	"Usp18"	0.00442274344487653	0.164759894142859	"HiG"	0.140371909571315	0.000229365865312607	33.9781096961262	45	15	15	244	NA	NA	NA	NA
"HiG_1"	"Vangl2"	0.00116660406839723	0.00250049843474353	"HiG"	0.0149999089808818	2.45096551975193e-05	22.5030747534449	281	311	311	468	NA	NA	NA	NA
"HiG_1"	"Vasp"	0.00221503296584661	0.00703550962632396	"HiG"	0.0315180117938124	5.15000192709353e-05	25.8647894434314	135	171	171	415	NA	NA	NA	NA
"HiG_1"	"Vldlr"	0.00113227570620327	0.00174513430775127	"HiG"	0.0159008433716153	2.59817702150577e-05	37.2465162793395	289	294	294	194	NA	NA	NA	NA
"HiG_1"	"Vsir"	0.00109211545988917	0.000869941368111745	"HiG"	0.010523940817217	1.71959817274788e-05	27.3332306130438	300	365	365	388	NA	NA	NA	NA
"HiG_1"	"Wdr12"	0.00272913025783526	0.162079094905501	"HiG"	0.0649663367139116	0.000106154144957372	32.1810030695802	104	81	81	285	NA	NA	NA	NA
"HiG_1"	"Wdr36"	0.00338453886262741	0.362025884925082	"HiG"	0.0845078904391171	0.000138084788299211	46.9688289287397	70	56	56	96	NA	NA	NA	NA
"HiG_1"	"Xpc"	0.000656562513381082	0.0297179579496603	"HiG"	0.00885527290835893	1.44694001770571e-05	46.172973271443	430	401	401	101	NA	NA	NA	NA
"HiG_1"	"Ydjc"	0.000358686366791994	0.00303670514874768	"HiG"	0.00226896095904078	3.70745254745226e-06	47	540	519	519	94.5	NA	NA	NA	NA
"HiG_1"	"Ypel3"	0.000612830165796704	0.00511933347444425	"HiG"	0.00771299500556	1.26029330156209e-05	55.9881539179116	442	419	419	52	NA	NA	NA	NA
"HiG_1"	"Zc3h7b"	0.00060910689558177	0.0082921950495441	"HiG"	0.00762160512748569	1.24536031494864e-05	55.0187301117762	444	421	421	54	NA	NA	NA	NA
"HiG_1"	"Zcchc18"	0.000254215744429556	1.32198910048123e-17	"HiG"	0	0	NA	600	600	600	NA	NA	NA	NA	NA
"HiG_1"	"Zdhhc8"	0.000375895392230835	0.000379324387605981	"HiG"	0.00203816830576286	3.33034036889356e-06	48.3289206879758	531	528	528	85	NA	NA	NA	NA
"HiG_1"	"Zfp36"	0.00193762881324279	0.0115799868874654	"HiG"	0.0337731696459463	5.51849177221345e-05	41.3456691062562	155	159	159	144	NA	NA	NA	NA
"HiG_1"	"Zfp36l1"	0.000612883279243608	0.00436087025912557	"HiG"	0.00458728192661495	7.49555870361919e-06	18.1551158886347	441	460	460	506	NA	NA	NA	NA
"HiG_1"	"Zmpste24"	0.000872981040638413	0.0039127168579143	"HiG"	0.0107751102999373	1.76063893789825e-05	23.1611986548013	364	359	359	459	NA	NA	NA	NA
"HiG_10"	"Abcg1"	0.000377026517533366	1.73707550464229e-17	"HiG"	0	0	NA	412	412	412	NA	NA	NA	NA	NA
"HiG_10"	"Abhd5"	0.00112063305893954	0.000273281389105551	"HiG"	0.00290097402786238	6.74645122758693e-06	17.8201240213217	275	303	303	256	NA	NA	NA	NA
"HiG_10"	"Acadm"	0.00100289448631223	0.00647807423838344	"HiG"	0.00445089302477906	1.03509140111141e-05	26.6857070171834	297	269	269	144	NA	NA	NA	NA
"HiG_10"	"Ackr1"	0.0025599395561192	0.00693371294753724	"HiG"	0.0175954009386669	4.09195370666672e-05	24.4809545844465	115	90	90	170	NA	NA	NA	NA
"HiG_10"	"Acsbg1"	0.000600801972772713	0.0014904333504402	"HiG"	0.00139544366848844	3.24521783369405e-06	36.7881544041739	357	344	344	77	NA	NA	NA	NA
"HiG_10"	"Acy1"	0.000611464621123577	0.00424748186821645	"HiG"	0.00162039771830357	3.76836678675249e-06	104	354	340	340	3.5	NA	NA	NA	NA
"HiG_10"	"Adam8"	0.00074005649512366	0.000544298432363249	"HiG"	0.00169466894500059	3.94109056976882e-06	10.8350203430419	337	338	338	347	NA	NA	NA	NA
"HiG_10"	"Adgra3"	0.000377026517533366	1.73707550464229e-17	"HiG"	0	0	NA	412	412	412	NA	NA	NA	NA	NA
"HiG_10"	"Adgre5"	0.00215391815929195	0.00158903211492389	"HiG"	0.00837806561116645	1.94838735143406e-05	13.4329913545069	145	185	185	319	NA	NA	NA	NA
"HiG_10"	"Adgrg1"	0.00146275739437725	0.00016481283305727	"HiG"	0.00541714150487903	1.25980034997187e-05	9.15125498871626	231	249	249	361	NA	NA	NA	NA
"HiG_10"	"Adora2b"	0.00101002747758398	0.00133727177280336	"HiG"	0.00266055227750923	6.18733087792844e-06	11.2993754787398	294	309	309	341	NA	NA	NA	NA
"HiG_10"	"Adpgk"	0.000948226288367219	0.000335073784551174	"HiG"	0.00186782939920376	4.34378930047386e-06	6.6711123175615	306	334	334	375	NA	NA	NA	NA
"HiG_10"	"Agpat2"	0.00143340536874643	3.66079297807731e-05	"HiG"	0.00169543796057925	3.94287897809128e-06	3.10866725305291	238	337	337	388	NA	NA	NA	NA
"HiG_10"	"Ahnak"	0.00381144071550582	0.105291446568539	"HiG"	0.0224047110981897	5.21039792981157e-05	39.9477109706351	64	67	67	58	NA	NA	NA	NA
"HiG_10"	"Ahnak2"	0.00268510371605063	0.0476135007725998	"HiG"	0.0145068486667024	3.37368573644242e-05	29.2344884164006	109	105	105	127	NA	NA	NA	NA
"HiG_10"	"Ak4"	0.00168875249302423	0.00430692847780403	"HiG"	0.00526799333915834	1.22511473003682e-05	20.2746185634927	202	252	252	220	NA	NA	NA	NA
"HiG_10"	"Aldoc"	0.000769618802590953	0.00363279424075877	"HiG"	0.00267483557411301	6.22054784677444e-06	20.3825924840328	334	308	308	219	NA	NA	NA	NA
"HiG_10"	"Anpep"	0.00208592596316414	0.0653162208341118	"HiG"	0.0122778040900325	2.85530327675173e-05	47.7195420681577	155	130	130	33	NA	NA	NA	NA
"HiG_10"	"Antxr2"	0.000535858215755945	4.44387363957034e-05	"HiG"	0.000858103624291728	1.99558982393425e-06	20.5174357080057	371	369	369	218	NA	NA	NA	NA
"HiG_10"	"Anxa1"	0.00386674284713915	0.0652682368477426	"HiG"	0.0209817312676997	4.87947238783713e-05	29.4940621361971	62	75	75	123	NA	NA	NA	NA
"HiG_10"	"Anxa4"	0.0021236109232878	0.00240272129588176	"HiG"	0.00835565680547754	1.94317600127385e-05	11.8281045444036	149	187	187	335	NA	NA	NA	NA
"HiG_10"	"Anxa6"	0.00196543893625107	0.00490608641026922	"HiG"	0.00751926483540003	1.7486662407907e-05	25.5221541754445	163	202	202	157	NA	NA	NA	NA
"HiG_10"	"Apex1"	0.00791790952960476	0.175121765697888	"HiG"	0.0506316119454346	0.000117747934756825	28.2793135857383	17	20	20	135	NA	NA	NA	NA
"HiG_10"	"App"	0.0240119182210262	0.163935660806218	"HiG"	0.141071474160134	0.000328073195721242	18.5793723495925	2	2	2	242	NA	NA	NA	NA
"HiG_10"	"Aqp9"	0.00109627819777602	0.00305110160461621	"HiG"	0.00229843931075517	5.34520769943063e-06	18.6868249062364	279	322	322	241	NA	NA	NA	NA
"HiG_10"	"Arl4c"	0.0033372628377127	0.00524904220974603	"HiG"	0.0123370156767157	2.86907341318969e-05	15.8621956847324	81	128	128	283	NA	NA	NA	NA
"HiG_10"	"Armcx2"	0.000651063313722796	0.0130779324691561	"HiG"	0.00257236778964913	5.98225067360262e-06	22.0428959417423	348	314	314	200	NA	NA	NA	NA
"HiG_10"	"Atad3a"	0.00311113288485885	0.0862896503781618	"HiG"	0.0197143112901128	4.58472355584019e-05	44.9312037198919	87	78	78	40	NA	NA	NA	NA
"HiG_10"	"Atp8a2"	0.00135196673001665	0.000522145166225365	"HiG"	0.00254089260186661	5.9090525624805e-06	17.4220632213697	248	316	316	261	NA	NA	NA	NA
"HiG_10"	"Avil"	0.000667921396635196	0.00022198081438343	"HiG"	0.00163535751826277	3.80315701921575e-06	9.67885377469281	344	339	339	360	NA	NA	NA	NA
"HiG_10"	"Bag2"	0.00438809416033399	0.113231417768966	"HiG"	0.0290864327333009	6.76428668216299e-05	36.7651280383225	50	50	50	78	NA	NA	NA	NA
"HiG_10"	"Bcar3"	0.00220841321366523	0.0111161515744702	"HiG"	0.0118411358416236	2.75375252130782e-05	16.8740050970694	141	134	134	268	NA	NA	NA	NA
"HiG_10"	"Bcl2"	0.00630439523516738	0.0707714552481277	"HiG"	0.0404932190172399	9.41702767842788e-05	26.2365133180572	27	30	30	151	NA	NA	NA	NA
"HiG_10"	"Bex4"	0.000377026517533366	1.73707550464229e-17	"HiG"	0	0	NA	412	412	412	NA	NA	NA	NA	NA
"HiG_10"	"Bfsp2"	0.000490376014367917	0.000434268247830506	"HiG"	0.000619805471772012	1.4414080738884e-06	11	379	382	382	344.5	NA	NA	NA	NA
"HiG_10"	"Bnip3"	0.00251772355924248	0.0141061598382326	"HiG"	0.0142845570816923	3.32199001899821e-05	22.5945260767631	119	109	109	192	NA	NA	NA	NA
"HiG_10"	"Bri3"	0.00040645028950761	4.05555780506876e-06	"HiG"	0.000118694279487513	2.76033208110495e-07	8	389	389	389	371.5	NA	NA	NA	NA
"HiG_10"	"Bst2"	0.000392291125177543	8.50281156886657e-05	"HiG"	9.68234662565865e-05	2.25170851759504e-07	14	391	391	391	315	NA	NA	NA	NA
"HiG_10"	"Bzw2"	0.0020608956477529	0.00453005371927551	"HiG"	0.0072911596759996	1.69561852930223e-05	11.7201164857677	156	207	207	337	NA	NA	NA	NA
"HiG_10"	"C3ar1"	0.00194286546449859	0.000661072660346062	"HiG"	0.00712377744566548	1.65669242922453e-05	19.9857354702159	166	210	210	225	NA	NA	NA	NA
"HiG_10"	"Cad"	0.00612778752394868	0.113909129580995	"HiG"	0.037506455173485	8.72243143569419e-05	30.2393869088528	29	32	32	119	NA	NA	NA	NA
"HiG_10"	"Cadm3"	0.00155932766897042	0.00392823334375048	"HiG"	0.00688967283079341	1.60224949553335e-05	20.5584322022446	217	215	215	217	NA	NA	NA	NA
"HiG_10"	"Calca"	0.000377026517533366	1.73707550464229e-17	"HiG"	0	0	NA	412	412	412	NA	NA	NA	NA	NA
"HiG_10"	"Camp"	0.00276383783959719	0.018282751090877	"HiG"	0.0186320041544132	4.33302422195656e-05	13.6940402139922	101	85	85	317	NA	NA	NA	NA
"HiG_10"	"Capg"	0.00248539794666227	0.00978713272602478	"HiG"	0.0118026562670298	2.74480378303018e-05	20.961901923324	124	135	135	211	NA	NA	NA	NA
"HiG_10"	"Capn2"	0.00120858624282454	0.0165128190834912	"HiG"	0.0052540960511695	1.22188280259756e-05	29.5063309325231	267	253	253	122	NA	NA	NA	NA
"HiG_10"	"Ccl2"	0.00927633821193402	0.032901140474946	"HiG"	0.0646907716523554	0.000150443655005478	15.8539694786068	8	11	11	284	NA	NA	NA	NA
"HiG_10"	"Ccl3"	0.00375524731717797	0.00429915104877004	"HiG"	0.0192653499603511	4.4803139442677e-05	22.6789572976462	67	81	81	190	NA	NA	NA	NA
"HiG_10"	"Ccl4"	0.00289420046717058	0.00458852237614093	"HiG"	0.0138941142471809	3.2311893598095e-05	16.481569287584	93	114	114	272	NA	NA	NA	NA
"HiG_10"	"Ccl7"	0.00355011875050583	0.00501333579796444	"HiG"	0.0231773788533043	5.39008810541961e-05	15.1727269689548	74	64	64	299	NA	NA	NA	NA
"HiG_10"	"Ccpg1"	0.00251423935431133	0.000282513399029027	"HiG"	0.0055996054345082	1.30223382197865e-05	3.19769643742484	120	243	243	387	NA	NA	NA	NA
"HiG_10"	"Ccr1"	0.00609736019984541	0.00836357585030289	"HiG"	0.0313250887681352	7.2849043646826e-05	14.0474683709892	30	44	44	314	NA	NA	NA	NA
"HiG_10"	"Ccr2"	0.00480920270800567	0.0152374355170362	"HiG"	0.0336250356830438	7.81977574024275e-05	27.2539611322566	44	40	40	141	NA	NA	NA	NA
"HiG_10"	"Cd244"	0.00185517024236296	0.00314017022564937	"HiG"	0.00861086230349995	2.00252611709301e-05	15.812099131872	180	177	177	285	NA	NA	NA	NA
"HiG_10"	"Cd274"	0.00371447392408325	0.0190872484877388	"HiG"	0.0220559346334621	5.12928712406095e-05	19.8191593956007	68	71	71	226	NA	NA	NA	NA
"HiG_10"	"Cd300lf"	0.00251127719391952	0.00303877882358094	"HiG"	0.0130612433711843	3.03749845841495e-05	22.3983807323593	121	121	121	194	NA	NA	NA	NA
"HiG_10"	"Cd320"	0.00109768373384334	0.000255348170183533	"HiG"	0.00328659360254062	7.64324093614097e-06	8.42599729287731	278	296	296	369	NA	NA	NA	NA
"HiG_10"	"Cd33"	0.00410223270739061	0.00647273700433085	"HiG"	0.0222081331938853	5.16468213811285e-05	17.0066832226154	56	70	70	267	NA	NA	NA	NA
"HiG_10"	"Cd34"	0.000453896024900385	0.000720086395327631	"HiG"	0.000577992799560881	1.34416930130438e-06	15	385	383	383	303	NA	NA	NA	NA
"HiG_10"	"Cd48"	0.00384823376136377	0.00193698084508345	"HiG"	0.0206802947475014	4.80937087151194e-05	14.9027588275352	63	77	77	305	NA	NA	NA	NA
"HiG_10"	"Cd55"	0.00223553804985875	0.0218018720321683	"HiG"	0.00778902683619843	1.81140158981359e-05	27.2607875921327	139	197	197	140	NA	NA	NA	NA
"HiG_10"	"Cd69"	0.00169711427782158	0.000469329127869188	"HiG"	0.00706634815514934	1.64333678026729e-05	16.7793242506967	201	212	212	270	NA	NA	NA	NA
"HiG_10"	"Cd82"	0.000630474540933651	0.000691579390892055	"HiG"	0.00148837910358759	3.46134675252927e-06	12.9703529393582	351	343	343	325	NA	NA	NA	NA
"HiG_10"	"Cd84"	0.00188094926307147	0.00069778305756658	"HiG"	0.00854686895817861	1.98764394376247e-05	14.6207875069907	174	179	179	309	NA	NA	NA	NA
"HiG_10"	"Cd93"	0.00271564937479585	0.000886649652136135	"HiG"	0.0132745096016933	3.08709525620774e-05	16.8575775455732	107	120	120	269	NA	NA	NA	NA
"HiG_10"	"Cdk18"	0.00202402969304385	0.0118040595300605	"HiG"	0.00993181350221081	2.30972407028158e-05	32.7456216226506	159	162	162	106	NA	NA	NA	NA
"HiG_10"	"Cdk6"	0.00218381189250197	0.0893013052367857	"HiG"	0.0141198551573167	3.2836872458876e-05	43.0392143160595	142	112	112	44	NA	NA	NA	NA
"HiG_10"	"Cdkn3"	0.00125936744403041	0.00703841225268229	"HiG"	0.00587920908334448	1.36725792635918e-05	15.4116629461548	261	236	236	293	NA	NA	NA	NA
"HiG_10"	"Cenpv"	0.00142652570785872	0.059548512658854	"HiG"	0.00872843116531468	2.02986771286388e-05	57.7756412344094	241	175	175	18	NA	NA	NA	NA
"HiG_10"	"Cfp"	0.000850496563194649	0.000542061078789744	"HiG"	0.00333561350850338	7.75724071744972e-06	15.4442812113999	319	293	293	292	NA	NA	NA	NA
"HiG_10"	"Clec10a"	0.00184817077428777	0.000332139430029191	"HiG"	0.00642914235609416	1.49514938513818e-05	12.0211128239035	182	226	226	333	NA	NA	NA	NA
"HiG_10"	"Clnk"	0.00154842858603763	0.00211807846859707	"HiG"	0.00711781198920961	1.65530511376968e-05	16.2010289854582	221	211	211	278	NA	NA	NA	NA
"HiG_10"	"Cluh"	0.00151102245172429	0.0253098646288516	"HiG"	0.00878780586579519	2.04367578274307e-05	21.4226112435113	224	174	174	205	NA	NA	NA	NA
"HiG_10"	"Cma1"	0.0025198467499554	0.0034717357935845	"HiG"	0.0159889298906891	3.71835578853234e-05	14.9372879556297	118	98	98	304	NA	NA	NA	NA
"HiG_10"	"Cnn2"	0.000778206546546104	0.00198839864726714	"HiG"	0.00244101241149534	5.67677304998916e-06	24.413419867964	332	318	318	171	NA	NA	NA	NA
"HiG_10"	"Cnp"	0.00211710129280289	0.0425692855939211	"HiG"	0.0112192566500283	2.60912945349494e-05	40.4830072949003	151	141	141	53	NA	NA	NA	NA
"HiG_10"	"Cobl"	0.000377026517533366	1.73707550464229e-17	"HiG"	0	0	NA	412	412	412	NA	NA	NA	NA	NA
"HiG_10"	"Col18a1"	0.00359766097773089	0.0320552208684952	"HiG"	0.0187704990202192	4.36523233028353e-05	49.7060806274719	71	84	84	31	NA	NA	NA	NA
"HiG_10"	"Cpa3"	0.000913289826650448	0.000873244870392923	"HiG"	0.00402363860158685	9.3572990734578e-06	10	310	277	277	354	NA	NA	NA	NA
"HiG_10"	"Cpd"	0.00123350241054635	0.00443197407577112	"HiG"	0.00549010438233261	1.27676846100758e-05	27.7147323303949	264	248	248	136	NA	NA	NA	NA
"HiG_10"	"Cpox"	0.00166590967653747	0.0174623337391163	"HiG"	0.00968268477463466	2.25178715689178e-05	20.9181260895984	207	166	166	212	NA	NA	NA	NA
"HiG_10"	"Creb3l1"	0.00242778668737008	0.00227742971612003	"HiG"	0.0100633361414375	2.34031073056685e-05	9.09853894449477	129	159	159	362	NA	NA	NA	NA
"HiG_10"	"Creb3l2"	0.00331180051462713	0.00206353017185971	"HiG"	0.0139632627328579	3.24727040299021e-05	8.79236710164217	82	113	113	365	NA	NA	NA	NA
"HiG_10"	"Csf1"	0.00144412011189812	0.0066316876901145	"HiG"	0.00721776506363778	1.67855001479948e-05	26.0857936222167	237	208	208	152	NA	NA	NA	NA
"HiG_10"	"Csf2rb"	0.00450203018070601	0.00641290545081409	"HiG"	0.0269756005204059	6.27339546986184e-05	21.8132836684984	48	53	53	203	NA	NA	NA	NA
"HiG_10"	"Cstb"	0.0025036300751665	0.0570339344893407	"HiG"	0.0151409487241847	3.52115086608946e-05	40.0573755057251	122	102	102	55	NA	NA	NA	NA
"HiG_10"	"Ctr9"	0.00105055349020275	0.0572086395708394	"HiG"	0.00551495761362791	1.28254828223905e-05	75.3632577254818	288	245	245	9	NA	NA	NA	NA
"HiG_10"	"Ctsb"	0.00253432844262067	0.0152967181086694	"HiG"	0.0132909335310054	3.09091477465241e-05	20.1575635317379	117	119	119	222	NA	NA	NA	NA
"HiG_10"	"Ctsc"	0.00253835276594234	0.00362084318587733	"HiG"	0.0142272769585285	3.30866906012292e-05	16.3678497256361	116	111	111	276	NA	NA	NA	NA
"HiG_10"	"Ctsd"	0.00703942705943481	0.120419539872343	"HiG"	0.0452637681164791	0.000105264577015068	38.8548641571941	23	23	23	62	NA	NA	NA	NA
"HiG_10"	"Ctsg"	0.00543053042984724	0.0151033417765373	"HiG"	0.033598112798559	7.81351460431605e-05	19.0902445473105	34	41	41	237	NA	NA	NA	NA
"HiG_10"	"Cyba"	0.00356749021338836	0.0364853402967245	"HiG"	0.0216546598332094	5.03596740307196e-05	22.8097204223673	72	73	73	187	NA	NA	NA	NA
"HiG_10"	"Cybb"	0.00345808583026059	0.00692739940048367	"HiG"	0.0207410061275428	4.82348979710297e-05	16.4386494827486	77	76	76	273	NA	NA	NA	NA
"HiG_10"	"Cyp11a1"	0.000470098867203905	0.000200606762758342	"HiG"	0.000659776129962651	1.5343630929364e-06	7	383	381	381	374	NA	NA	NA	NA
"HiG_10"	"Daxx"	0.00910201509501941	0.29397791862446	"HiG"	0.0725308739697181	0.000168676451092368	34.4901087428571	10	8	8	94	NA	NA	NA	NA
"HiG_10"	"Dctd"	0.000488722640019722	0.00146492874641331	"HiG"	0.000804306341682261	1.87047986437735e-06	38	381	372	372	69	NA	NA	NA	NA
"HiG_10"	"Dctpp1"	0.00101435098058317	0.0287308191224471	"HiG"	0.00494873939776624	1.1508696273875e-05	77.1762043680425	292	258	258	8	NA	NA	NA	NA
"HiG_10"	"Ddc"	0.00282032474679521	0.00177488120854386	"HiG"	0.0100091749813914	2.32771511195149e-05	4.44407682690487	96	160	160	384	NA	NA	NA	NA
"HiG_10"	"Ddt"	0.000377026517533366	1.73707550464229e-17	"HiG"	0	0	NA	412	412	412	NA	NA	NA	NA	NA
"HiG_10"	"Ddx21"	0.0107713456869561	0.492295692231673	"HiG"	0.0887167571690649	0.000206318039928058	31.5184032710806	6	5	5	112	NA	NA	NA	NA
"HiG_10"	"Desi1"	0.000377026517533366	1.73707550464229e-17	"HiG"	0	0	NA	412	412	412	NA	NA	NA	NA	NA
"HiG_10"	"Dgki"	0.000633545532265818	0.000163034408600399	"HiG"	0.000961745792995418	2.23661812324516e-06	18.9128700182142	350	366	366	239	NA	NA	NA	NA
"HiG_10"	"Dkc1"	0.00760816191280995	0.426010351501248	"HiG"	0.0616740736906213	0.000143428078350282	35.6061113752508	20	14	14	85	NA	NA	NA	NA
"HiG_10"	"Dok3"	0.00130170540027095	0.000327613576134716	"HiG"	0.00379846018019125	8.83362832602616e-06	12.2513187633844	253	282	282	329	NA	NA	NA	NA
"HiG_10"	"Dusp6"	0.00180202446525684	0.0111282225272768	"HiG"	0.00970507890747875	2.2569950947625e-05	25.832408719366	189	165	165	154	NA	NA	NA	NA
"HiG_10"	"Egln3"	0.00351009024356376	0.0171704658593783	"HiG"	0.0177220486372382	4.12140665982284e-05	13.3278701444186	75	89	89	321	NA	NA	NA	NA
"HiG_10"	"Egr1"	0.00171717900307661	0.0384016368496995	"HiG"	0.0105179079345186	2.44602510105084e-05	45.1499999636829	197	152	152	38	NA	NA	NA	NA
"HiG_10"	"Eif1ad"	0.000377026517533366	1.73707550464229e-17	"HiG"	0	0	NA	412	412	412	NA	NA	NA	NA	NA
"HiG_10"	"Emp2"	0.000377026517533366	1.73707550464229e-17	"HiG"	0	0	NA	412	412	412	NA	NA	NA	NA	NA
"HiG_10"	"Entpd5"	0.000377026517533366	1.73707550464229e-17	"HiG"	0	0	NA	412	412	412	NA	NA	NA	NA	NA
"HiG_10"	"Erg"	0.00142572712629313	0.0192623649740705	"HiG"	0.0075560555263451	1.75722221542909e-05	41.8905049416939	242	201	201	51	NA	NA	NA	NA
"HiG_10"	"Espn"	0.00136190700927719	0.00331809797510638	"HiG"	0.00590488948024741	1.37323011168545e-05	18.4709853157656	247	235	235	246	NA	NA	NA	NA
"HiG_10"	"Ets1"	0.00226925930868591	0.0420610331881343	"HiG"	0.0147677987580998	3.43437180420926e-05	30.9679080968503	137	104	104	116	NA	NA	NA	NA
"HiG_10"	"Exosc2"	0.00165874369573527	0.0726879084787993	"HiG"	0.0112183975846675	2.6089296708529e-05	30.5529425426065	208	142	142	118	NA	NA	NA	NA
"HiG_10"	"F2r"	0.00232175869047605	0.00212760416308727	"HiG"	0.0115514137278292	2.68637528554167e-05	17.0972953663492	133	138	138	264	NA	NA	NA	NA
"HiG_10"	"F2rl2"	0.000944689743420079	0.000743555432277348	"HiG"	0.00289138405470233	6.72414896442403e-06	26.6661437711527	307	304	304	145	NA	NA	NA	NA
"HiG_10"	"Fabp5"	0.00127659401309029	0.0351655034797851	"HiG"	0.00688572748278267	1.60133197274016e-05	47.5076715694514	257	216	216	37	NA	NA	NA	NA
"HiG_10"	"Fam136a"	0.000999552677869772	0.0030430465180421	"HiG"	0.00310693608614626	7.22543275847968e-06	11.2031892391506	298	302	302	342	NA	NA	NA	NA
"HiG_10"	"Fam216a"	0.00105454099991476	0.000238195673144103	"HiG"	0.00256590881519611	5.96722980278165e-06	10	287	315	315	354	NA	NA	NA	NA
"HiG_10"	"Far2"	0.00212001001706076	1.11434572721935e-07	"HiG"	0.00112609194714925	2.61881848174243e-06	1.15961675063156	150	356	356	392	NA	NA	NA	NA
"HiG_10"	"Farsb"	0.00191390236041463	0.0389095300776326	"HiG"	0.0115917861639164	2.69576422416661e-05	34.6744829963955	170	137	137	92	NA	NA	NA	NA
"HiG_10"	"Fbl"	0.0127231584865878	0.801520977026818	"HiG"	0.111873979050865	0.000260172044304338	34.1170772489236	3	3	3	99	NA	NA	NA	NA
"HiG_10"	"Fcer1a"	0.00171295401071466	0.00169899636221971	"HiG"	0.00843510794252452	1.96165300988942e-05	15.4035564551534	199	184	184	294	NA	NA	NA	NA
"HiG_10"	"Fcer1g"	0.00408068749895762	0.00977607177158541	"HiG"	0.0222508379480871	5.17461347629933e-05	15.7912270565746	57	68	68	287	NA	NA	NA	NA
"HiG_10"	"Fez1"	0.00146579950130157	0.00481299289239522	"HiG"	0.00780257872847719	1.81455319266911e-05	12.9961430619223	229	196	196	324	NA	NA	NA	NA
"HiG_10"	"Fgf2"	0.00379026313398428	0.0152963656805945	"HiG"	0.0243926263102227	5.67270379307504e-05	40.0229274250786	65	60	60	56	NA	NA	NA	NA
"HiG_10"	"Fgfr1"	0.0120992420669611	0.0401574853964019	"HiG"	0.0742270202950544	0.000172620977430359	19.1999178752316	4	6	6	236	NA	NA	NA	NA
"HiG_10"	"Frmpd1"	0.00119049357463467	0.00440983564145722	"HiG"	0.00516732276115643	1.2017029677108e-05	13.409379316669	268	255	255	320	NA	NA	NA	NA
"HiG_10"	"Fry"	0.000570666642268646	3.16917679127339e-05	"HiG"	0.000960503979406757	2.23373018466688e-06	9	362	367	367	363	NA	NA	NA	NA
"HiG_10"	"Fth1"	0.00146833783458947	0.0128945446630061	"HiG"	0.00625135613802145	1.45380375302824e-05	19.3977395618375	228	231	231	233	NA	NA	NA	NA
"HiG_10"	"Furin"	0.00296606216998248	0.00602570159215172	"HiG"	0.0130365609699462	3.03175836510377e-05	17.6429987042751	91	122	122	257	NA	NA	NA	NA
"HiG_10"	"Fyn"	0.00870871441750234	0.0366265080891409	"HiG"	0.0512561565300946	0.000119200364023476	19.7343469563311	12	19	19	228	NA	NA	NA	NA
"HiG_10"	"G0s2"	0.000517998626949645	1.69636647754073e-05	"HiG"	0.000347717490237299	8.08645326133254e-07	5	376	385	385	382	NA	NA	NA	NA
"HiG_10"	"Gar1"	0.00617495200863435	0.33634273670104	"HiG"	0.0521742968920635	0.00012133557416759	33.4188125871325	28	18	18	103	NA	NA	NA	NA
"HiG_10"	"Gart"	0.00280434386953855	0.0324814801194473	"HiG"	0.0158512421911897	3.68633539329993e-05	33.8784381096052	100	99	99	100	NA	NA	NA	NA
"HiG_10"	"Gas7"	0.00152386851188695	0.00649486924591028	"HiG"	0.00682658833785099	1.58757868322116e-05	22.0497870412398	222	218	218	199	NA	NA	NA	NA
"HiG_10"	"Gata1"	0.00257782754446781	0.0550702250202438	"HiG"	0.0164550794078386	3.82676265298572e-05	30.7375226207076	113	93	93	117	NA	NA	NA	NA
"HiG_10"	"Gata2"	0.00284707474564016	0.019428228717923	"HiG"	0.017992022967493	4.18419138778906e-05	15.792260290408	95	87	87	286	NA	NA	NA	NA
"HiG_10"	"Gcnt1"	0.000703174431192889	0.00130766242885642	"HiG"	0.00229235559330791	5.33105951932072e-06	22	340	323	323	202	NA	NA	NA	NA
"HiG_10"	"Gcsam"	0.000377026517533366	1.73707550464229e-17	"HiG"	0	0	NA	412	412	412	NA	NA	NA	NA	NA
"HiG_10"	"Gda"	0.000759562460497266	0.00135854690571337	"HiG"	0.00210506873248815	4.89550868020499e-06	18.7099700072589	335	329	329	240	NA	NA	NA	NA
"HiG_10"	"Gem"	0.00270786764823674	0.002025789794223	"HiG"	0.0108472075893938	2.52260641613809e-05	11.8274066162422	108	144	144	336	NA	NA	NA	NA
"HiG_10"	"Gemin6"	0.000794303402565096	0.0269965424988021	"HiG"	0.003933239475917	9.14706854864419e-06	28.8995754172656	327	279	279	131	NA	NA	NA	NA
"HiG_10"	"Gfi1"	0.00167850872620828	0.0058802318894428	"HiG"	0.00864415897158979	2.0102695282767e-05	25.0924215560629	205	176	176	164	NA	NA	NA	NA
"HiG_10"	"Gimap1"	0.000404807520666528	3.58573585179692e-06	"HiG"	0.000110646173186943	2.57316681830101e-07	6.44817300029765	390	390	390	377	NA	NA	NA	NA
"HiG_10"	"Glb1"	0.00116412002469212	0.00199480903410415	"HiG"	0.00412172198481627	9.585399964689e-06	18.4358491586026	271	275	275	248	NA	NA	NA	NA
"HiG_10"	"Gmfg"	0.00186734062348625	0.00112266856279431	"HiG"	0.00951664409936331	2.21317304636356e-05	23.5851506647782	178	168	168	179	NA	NA	NA	NA
"HiG_10"	"Gmpr"	0.000888298748446807	0.0151263722130552	"HiG"	0.00410049530371745	9.53603559004057e-06	24.1613502406083	315	276	276	176	NA	NA	NA	NA
"HiG_10"	"Gna14"	0.0013987409532696	0.000637374306873085	"HiG"	0.00568773509515218	1.32272909189585e-05	17.8434168888771	245	239	239	255	NA	NA	NA	NA
"HiG_10"	"Gnai1"	0.00306444337940391	0.00557082443599791	"HiG"	0.0160701110518744	3.73723512834287e-05	20.8056088798741	88	96	96	214	NA	NA	NA	NA
"HiG_10"	"Gnaz"	0.00272617225970767	0.0116168188548181	"HiG"	0.0137142253611197	3.18935473514412e-05	38.4468992573411	104	117	117	64	NA	NA	NA	NA
"HiG_10"	"Gns"	0.00134802572819237	0.00151573357249124	"HiG"	0.00335392991705572	7.79983701640865e-06	15.160425810746	249	292	292	300	NA	NA	NA	NA
"HiG_10"	"Golim4"	0.000936544766994701	0.000198103158455358	"HiG"	0.00244849003495917	5.69416287199806e-06	8.42513533208391	308	317	317	370	NA	NA	NA	NA
"HiG_10"	"Gpr137b"	0.00097209982890625	0.000381723595272132	"HiG"	0.00160156274153673	3.7245645152017e-06	15.7609402279853	301	342	342	288	NA	NA	NA	NA
"HiG_10"	"Gpr141"	0.000782383336403071	0.00162619671371226	"HiG"	0.00219283197648083	5.09960924762984e-06	12.4015001897959	331	328	328	328	NA	NA	NA	NA
"HiG_10"	"Gpr171"	0.000377026517533366	1.73707550464229e-17	"HiG"	0	0	NA	412	412	412	NA	NA	NA	NA	NA
"HiG_10"	"Gpr174"	0.000377026517533366	1.73707550464229e-17	"HiG"	0	0	NA	412	412	412	NA	NA	NA	NA	NA
"HiG_10"	"Gpr183"	0.00148863542067928	0.000608462668543731	"HiG"	0.00562744427034354	1.30870796984734e-05	18.5280174048679	226	242	242	245	NA	NA	NA	NA
"HiG_10"	"Gpr34"	0.000445897709210449	3.14030592240484e-06	"HiG"	0.00029708880480065	6.90904197210814e-07	11	386	386	386	344.5	NA	NA	NA	NA
"HiG_10"	"Gpx3"	0.000793616440285084	0.000435172442758347	"HiG"	0.00180499650885276	4.19766629965759e-06	11.0121274151062	328	335	335	343	NA	NA	NA	NA
"HiG_10"	"Grina"	0.000377026517533366	1.73707550464229e-17	"HiG"	0	0	NA	412	412	412	NA	NA	NA	NA	NA
"HiG_10"	"Grm6"	0.000377026517533366	1.73707550464229e-17	"HiG"	0	0	NA	412	412	412	NA	NA	NA	NA	NA
"HiG_10"	"Gstm1"	0.000602066749107153	0.00018189475409831	"HiG"	0.00136016532505339	3.16317517454277e-06	38	356	348	348	69	NA	NA	NA	NA
"HiG_10"	"Gzmb"	0.0046406570672024	0.0173113252834259	"HiG"	0.0297731513550121	6.92398868721211e-05	26.7402433011929	47	47	47	143	NA	NA	NA	NA
"HiG_10"	"Hacd4"	0.000377026517533366	1.73707550464229e-17	"HiG"	0	0	NA	412	412	412	NA	NA	NA	NA	NA
"HiG_10"	"Havcr2"	0.0018100744107959	0.00673818695996941	"HiG"	0.00908852330455434	2.11361007082659e-05	25.0508489764836	187	171	171	165	NA	NA	NA	NA
"HiG_10"	"Hdc"	0.00106016453262826	8.0945825749218e-05	"HiG"	0.00285225724127844	6.63315637506614e-06	5	285	305	305	382	NA	NA	NA	NA
"HiG_10"	"Hdhd2"	0.000622743536948711	0.00274752017772479	"HiG"	0.00160514888293064	3.73290437890846e-06	36	352	341	341	82	NA	NA	NA	NA
"HiG_10"	"Hes1"	0.00107267346011585	0.0169892345651672	"HiG"	0.0042199804395804	9.81390799902419e-06	38.9891774924348	284	274	274	60	NA	NA	NA	NA
"HiG_10"	"Hgfac"	0.00206012344563483	0.0027334721231159	"HiG"	0.00895838068207809	2.08334434466932e-05	16.0348068482054	157	173	173	279	NA	NA	NA	NA
"HiG_10"	"Hmga2"	0.00196852168345461	0.0315088303685923	"HiG"	0.0101841188613383	2.36839973519496e-05	25.1692745912808	162	157	157	163	NA	NA	NA	NA
"HiG_10"	"Hmgn3"	0.00112482472863057	0.00288284794626381	"HiG"	0.00330055449485295	7.67570812756499e-06	22.7505858067664	274	294	294	189	NA	NA	NA	NA
"HiG_10"	"Hmox1"	0.00101695157389395	0.000954744157816184	"HiG"	0.00375001153011401	8.72095704677677e-06	15.6018439938139	291	283	283	290	NA	NA	NA	NA
"HiG_10"	"Hs6st2"	0.00111742491602169	0.000428909294077521	"HiG"	0.00351472618188675	8.17378181834129e-06	16.3815094658299	277	288	288	275	NA	NA	NA	NA
"HiG_10"	"Hsd11b1"	0.00189140428833959	1.68619449852312e-09	"HiG"	0.00094634880963292	2.20081118519284e-06	2	173	368	368	390.5	NA	NA	NA	NA
"HiG_10"	"Hsph1"	0.00532517021796621	0.210163745743462	"HiG"	0.0351997058767401	8.1859781108698e-05	52.433406499767	36	37	37	27	NA	NA	NA	NA
"HiG_10"	"Id2"	0.00141868823026414	0.00494451302592886	"HiG"	0.0062732828783804	1.45890299497219e-05	16.2472227769996	244	229	229	277	NA	NA	NA	NA
"HiG_10"	"Igfbp4"	0.0027467516304698	0.0159098756910255	"HiG"	0.0160460187351926	3.73163226399828e-05	22.7593129941934	103	97	97	188	NA	NA	NA	NA
"HiG_10"	"Ikzf2"	0.000790740169446395	0.0500594602857911	"HiG"	0.00354349909708788	8.24069557462297e-06	104.962796031068	329	287	287	1	NA	NA	NA	NA
"HiG_10"	"Il1rl1"	0.0011310910556284	0.00401490904781272	"HiG"	0.00471346161152064	1.09615386314433e-05	42.2284349079955	273	264	264	47	NA	NA	NA	NA
"HiG_10"	"Il6"	0.0018097697849708	0.00159851992312351	"HiG"	0.00833472319444253	1.9383077196378e-05	15.194090542514	188	188	188	298	NA	NA	NA	NA
"HiG_10"	"Impdh2"	0.00523101372661223	0.127026147415422	"HiG"	0.0328843418835419	7.64752136826557e-05	33.7671849587785	39	42	42	101	NA	NA	NA	NA
"HiG_10"	"Inpp4b"	0.00109465136178549	0.00026118614029431	"HiG"	0.003437608952195	7.9944394237093e-06	4	280	290	290	385	NA	NA	NA	NA
"HiG_10"	"Itga2b"	0.00492801524947049	0.00688415735172411	"HiG"	0.0253277073522228	5.89016450051693e-05	22.8462393672974	43	56	56	185	NA	NA	NA	NA
"HiG_10"	"Itga9"	0.00137200087969461	0.000857162097710881	"HiG"	0.00576411092919325	1.34049091376587e-05	14.7417067962885	246	238	238	307	NA	NA	NA	NA
"HiG_10"	"Itgb3"	0.00664109389799639	0.0107580423267752	"HiG"	0.0374395891707785	8.70688120250663e-05	19.5321043950463	25	33	33	231	NA	NA	NA	NA
"HiG_10"	"Itgb7"	0.00194223809536334	0.00126853891788488	"HiG"	0.00845818181736226	1.96701902729355e-05	17.6230437720081	167	183	183	258	NA	NA	NA	NA
"HiG_10"	"Itm2b"	0.00789491866681635	0.06499035054418	"HiG"	0.0451198482641694	0.000104929879684115	28.404186846311	18	24	24	134	NA	NA	NA	NA
"HiG_10"	"Jazf1"	0.000489485618542358	0.00730558835761753	"HiG"	0.00107250313580578	2.49419333908322e-06	32	380	360	360	110	NA	NA	NA	NA
"HiG_10"	"Jdp2"	0.00125408615827685	0.0113900247553356	"HiG"	0.00520680855849728	1.21088571127844e-05	57.3920568494577	263	254	254	19	NA	NA	NA	NA
"HiG_10"	"Jun"	0.00729402029731869	0.101791302594125	"HiG"	0.0499808144994228	0.000116234452324239	22.4218881868223	22	22	22	193	NA	NA	NA	NA
"HiG_10"	"Kat2a"	0.00515830171548615	0.303207096106742	"HiG"	0.0372916017075725	8.67246551338894e-05	60.522333011673	42	34	34	15	NA	NA	NA	NA
"HiG_10"	"Kcne3"	0.00187907456611689	0.00362075720298353	"HiG"	0.00825757959409896	1.92036734746487e-05	21.064646795589	176	189	189	210	NA	NA	NA	NA
"HiG_10"	"Kdelr3"	0.000377026517533366	1.73707550464229e-17	"HiG"	0	0	NA	412	412	412	NA	NA	NA	NA	NA
"HiG_10"	"Kit"	0.00421033863584875	0.00889942424899434	"HiG"	0.0243606279259899	5.66526230836974e-05	26.3587260125237	55	61	61	149	NA	NA	NA	NA
"HiG_10"	"Klf2"	0.000681781457447454	0.0137352713857174	"HiG"	0.00192542524466087	4.47773312711831e-06	58.8357562526432	343	332	332	16	NA	NA	NA	NA
"HiG_10"	"Klhdc4"	0.000470995614631021	0.000889172472889308	"HiG"	0.000466422162305212	1.08470270303538e-06	10.8686836759863	382	384	384	346	NA	NA	NA	NA
"HiG_10"	"Lama5"	0.00171812865880095	0.00184424786895175	"HiG"	0.00720041917700908	1.67451608767653e-05	24.0486180353885	196	209	209	177	NA	NA	NA	NA
"HiG_10"	"Lamc1"	0.00221226148219009	0.00447035791502616	"HiG"	0.00990717218557952	2.30399353153012e-05	24.4000235209543	140	163	163	172	NA	NA	NA	NA
"HiG_10"	"Lat"	0.00142899538067889	0.00134340231600551	"HiG"	0.00680251608267386	1.58198048434276e-05	24.6274272629039	240	219	219	168	NA	NA	NA	NA
"HiG_10"	"Lcn2"	0.00281569334984584	0.0198556136853939	"HiG"	0.0191002354351357	4.44191521747342e-05	13.3139427810458	98	82	82	322	NA	NA	NA	NA
"HiG_10"	"Lgals3"	0.00685432065938421	0.0358718318001323	"HiG"	0.0359184772321818	8.35313424004228e-05	17.1771401994608	24	35	35	262	NA	NA	NA	NA
"HiG_10"	"Lgals3bp"	0.00301817386673645	0.0549218874123104	"HiG"	0.0162726453899703	3.7843361372024e-05	44.9591359474209	90	94	94	39	NA	NA	NA	NA
"HiG_10"	"Lgalsl"	0.000690418090562414	0.000629196538562871	"HiG"	0.00172098832031167	4.00229841932946e-06	23.5352928605392	342	336	336	180	NA	NA	NA	NA
"HiG_10"	"Lif"	0.0016238792157079	0.00219232674781826	"HiG"	0.00773284729895615	1.79833658115259e-05	15.2772753739386	211	199	199	296	NA	NA	NA	NA
"HiG_10"	"Lrp12"	0.000717703917022128	0.00464767908751847	"HiG"	0.00227908382243233	5.30019493588913e-06	35.3574519552124	338	325	325	87	NA	NA	NA	NA
"HiG_10"	"Lrpap1"	0.000963187088223782	0.00753763821473389	"HiG"	0.00383219305137791	8.91207686366957e-06	25.2447301746155	304	281	281	161	NA	NA	NA	NA
"HiG_10"	"Ltf"	0.00241078539875844	0.0521061044710437	"HiG"	0.0167611210634465	3.89793513103408e-05	27.5570320571892	130	92	92	139	NA	NA	NA	NA
"HiG_10"	"Lyar"	0.0053459208065574	0.319089335907613	"HiG"	0.0425654597422809	9.89894412611183e-05	37.912876408877	35	27	27	71	NA	NA	NA	NA
"HiG_10"	"Lzts2"	0.0017054488829036	0.0042840247940051	"HiG"	0.00797653366509278	1.85500782909135e-05	24.7330628893243	200	194	194	166	NA	NA	NA	NA
"HiG_10"	"Mad1l1"	0.00145106377169808	0.00485027199360958	"HiG"	0.00582157121463568	1.35385377084551e-05	15.1394315584208	235	237	237	301	NA	NA	NA	NA
"HiG_10"	"Maob"	0.00146563224858116	0.00131807003243709	"HiG"	0.0050603253122056	1.17681984004781e-05	9.91765300282904	230	257	257	357	NA	NA	NA	NA
"HiG_10"	"Mapk3"	0.00430105432665323	0.0496557031876036	"HiG"	0.0262051536482059	6.09422177865254e-05	28.7016959943344	52	54	54	133	NA	NA	NA	NA
"HiG_10"	"Mboat1"	0.000377026517533366	1.73707550464229e-17	"HiG"	0	0	NA	412	412	412	NA	NA	NA	NA	NA
"HiG_10"	"Mdfic"	0.00057572464538929	0.000622296387684718	"HiG"	0.00066246948737075	1.5406267148157e-06	10.547983238366	361	380	380	349	NA	NA	NA	NA
"HiG_10"	"Med21"	0.00182329585493203	0.0239365853401956	"HiG"	0.00734118346369656	1.70725196830153e-05	29.2700587356258	185	205	205	126	NA	NA	NA	NA
"HiG_10"	"Meis1"	0.00272176187061715	0.0149369890536679	"HiG"	0.016949074859738	3.94164531621813e-05	12.6616361191577	106	91	91	327	NA	NA	NA	NA
"HiG_10"	"Mfge8"	0.00112000237844185	0.0298662442307301	"HiG"	0.00486648675093975	1.13174110486971e-05	56.1025740312457	276	261	261	20	NA	NA	NA	NA
"HiG_10"	"Mllt3"	0.00183147193503679	0.0434590273984139	"HiG"	0.0103464272811413	2.40614587933518e-05	42.6323164892441	183	155	155	46	NA	NA	NA	NA
"HiG_10"	"Mmp8"	0.00210984254461903	0.0159530183642672	"HiG"	0.01436621024936	3.34097912775813e-05	12.8605071934938	152	108	108	326	NA	NA	NA	NA
"HiG_10"	"Ms4a2"	0.00191599403097104	0.00835857194468997	"HiG"	0.0106048710548326	2.46624908251921e-05	39.9841905192354	169	148	148	57	NA	NA	NA	NA
"HiG_10"	"Msi2"	0.00105962420286584	0.00341577571144417	"HiG"	0.00329498775710069	7.66276222581555e-06	24.3598155041951	286	295	295	174	NA	NA	NA	NA
"HiG_10"	"Mtap"	0.00098561230934531	0.00492414713998947	"HiG"	0.00390081288200542	9.07165786512888e-06	31.5039342329998	300	280	280	113	NA	NA	NA	NA
"HiG_10"	"Muc13"	0.000377026517533366	1.73707550464229e-17	"HiG"	0	0	NA	412	412	412	NA	NA	NA	NA	NA
"HiG_10"	"Mxd1"	0.00149688599074993	0.0393304213450875	"HiG"	0.00792955046535823	1.84408150357168e-05	39.4056979205275	225	195	195	59	NA	NA	NA	NA
"HiG_10"	"Myadm"	0.00288419329605666	0.0313233760432416	"HiG"	0.0147954849525053	3.440810454071e-05	23.1711038794629	94	103	103	183	NA	NA	NA	NA
"HiG_10"	"Myb"	0.00355971660579352	0.077915830229732	"HiG"	0.0227511147336838	5.29095691481019e-05	29.4082238203335	73	66	66	125	NA	NA	NA	NA
"HiG_10"	"Mybbp1a"	0.00530982089738639	0.326494561547493	"HiG"	0.0407754628376904	9.48266577620706e-05	55.1609087915483	37	29	29	23	NA	NA	NA	NA
"HiG_10"	"Myc"	0.0387498226274138	1	"HiG"	0.288686788213875	0.000671364623753197	20.651070080799	1	1	1	216	NA	NA	NA	NA
"HiG_10"	"Mycn"	0.00602907958153153	0.182314181112231	"HiG"	0.0424824245826241	9.87963362386607e-05	28.9222738080216	31	28	28	130	NA	NA	NA	NA
"HiG_10"	"Myo1f"	0.00173013414519092	0.00213928406519313	"HiG"	0.00852887208095593	1.98345862347812e-05	18.4396859415592	194	181	181	247	NA	NA	NA	NA
"HiG_10"	"Nabp1"	0.000569246033581587	0.000228423075716666	"HiG"	0.00127255582340187	2.95943214744621e-06	13.8407481375335	363	350	350	316	NA	NA	NA	NA
"HiG_10"	"Nceh1"	0.00131245247640024	4.08833868607858e-05	"HiG"	0.00260579023537864	6.05997729157823e-06	5.13315836056567	252	311	311	380	NA	NA	NA	NA
"HiG_10"	"Ncf4"	0.00258310432358824	0.00419631474234188	"HiG"	0.0143899032494097	3.3464891277697e-05	18.2999999759214	112	107	107	249	NA	NA	NA	NA
"HiG_10"	"Ndst1"	0.000508233627919731	0.000193133505805388	"HiG"	0.000712975938058542	1.65808357688033e-06	14.7100457588631	377	377	377	308	NA	NA	NA	NA
"HiG_10"	"Nedd9"	0.00245775043911395	0.00392006240713937	"HiG"	0.011887157916433	2.76445532940303e-05	22.2767023830229	127	132	132	196	NA	NA	NA	NA
"HiG_10"	"Neil3"	0.00122998743920173	0.00604346262179129	"HiG"	0.0056290332467301	1.30907749923956e-05	20.8252986077622	265	240	240	213	NA	NA	NA	NA
"HiG_10"	"Neu1"	0.00118990749185825	0.0302966295409939	"HiG"	0.00473505954652258	1.10117663872618e-05	51.3388239368386	269	263	263	29	NA	NA	NA	NA
"HiG_10"	"Nfix"	0.00146043671505118	0.0134664004962271	"HiG"	0.0080606695554595	1.87457431522314e-05	16.6469073323468	232	191	191	271	NA	NA	NA	NA
"HiG_10"	"Nkg7"	0.00318790557586976	0.000746819572619375	"HiG"	0.0151622763904484	3.52611078847637e-05	14.5562626240261	86	101	101	310	NA	NA	NA	NA
"HiG_10"	"Nlgn2"	0.000565026173900617	0.000293781441854002	"HiG"	0.00106271676211004	2.47143433048846e-06	16	365	361	361	281	NA	NA	NA	NA
"HiG_10"	"Nme4"	0.00186671445901447	0.0133678489479918	"HiG"	0.00999443249917928	2.32428662771611e-05	26.9465232746957	179	161	161	142	NA	NA	NA	NA
"HiG_10"	"Noc2l"	0.00371185921334271	0.210268887640782	"HiG"	0.0291836655940911	6.78689897537003e-05	43.1276897584579	69	49	49	43	NA	NA	NA	NA
"HiG_10"	"Noc3l"	0.00245781504741817	0.162607448634197	"HiG"	0.0182253757993698	4.23845948822554e-05	63.7649905734849	126	86	86	13	NA	NA	NA	NA
"HiG_10"	"Nolc1"	0.00807619294414332	0.554871954737285	"HiG"	0.0686119492496824	0.00015956267267368	37.7729594608678	16	10	10	72	NA	NA	NA	NA
"HiG_10"	"Nop14"	0.00195192969061546	0.101002481981859	"HiG"	0.0144383744442261	3.35776149865724e-05	35.027958454052	165	106	106	89	NA	NA	NA	NA
"HiG_10"	"Nop2"	0.00530219744891402	0.315774751425216	"HiG"	0.0443381235317225	0.000103111915190052	34.4731687891407	38	25	25	95	NA	NA	NA	NA
"HiG_10"	"Nop56"	0.0116359375155753	0.820522532127898	"HiG"	0.103353092616671	0.000240356029341095	36.8624615376644	5	4	4	76	NA	NA	NA	NA
"HiG_10"	"Nop58"	0.00828022875711931	0.619999692147325	"HiG"	0.0717806161814085	0.000166931665538159	36.6090314340015	15	9	9	79	NA	NA	NA	NA
"HiG_10"	"Npm3"	0.00281965718702781	0.13090076168856	"HiG"	0.0222293168326417	5.16960856573063e-05	36.8993984433618	97	69	69	75	NA	NA	NA	NA
"HiG_10"	"Nrip1"	0.00479816013505992	0.117626402989161	"HiG"	0.0348316068524022	8.10037368660515e-05	34.1999328241906	45	38	38	97	NA	NA	NA	NA
"HiG_10"	"Nrip3"	0.000878779395190296	9.26230307260885e-06	"HiG"	0.00110940789095828	2.58001835106576e-06	3	317	357	357	389	NA	NA	NA	NA
"HiG_10"	"Nrp1"	0.00650174929429119	0.0154570677332574	"HiG"	0.0379147465027078	8.81738290760647e-05	24.3654162972744	26	31	31	173	NA	NA	NA	NA
"HiG_10"	"Nt5dc2"	0.00132942705186871	0.0168412300222071	"HiG"	0.00662112406322044	1.5397962937722e-05	23.3020363768347	250	223	223	182	NA	NA	NA	NA
"HiG_10"	"Nudcd1"	0.00191126979661796	0.0453790942378679	"HiG"	0.0106470685068724	2.47606244345871e-05	33.3545911933415	171	147	147	104	NA	NA	NA	NA
"HiG_10"	"Nudt5"	0.000583562084369345	0.00125215972666937	"HiG"	0.00124927429382439	2.90528905540555e-06	24.231759373301	360	351	351	175	NA	NA	NA	NA
"HiG_10"	"Oaf"	0.00103124703121705	4.71098722981769e-05	"HiG"	0.00108686673360162	2.52759705488748e-06	6.64300327005918	290	359	359	376	NA	NA	NA	NA
"HiG_10"	"Odc1"	0.00128854480544442	0.0384474837739367	"HiG"	0.00701842018751611	1.63219074128282e-05	40.2570619445795	256	213	213	54	NA	NA	NA	NA
"HiG_10"	"Oit3"	0.000839655570446609	5.9614831336545e-06	"HiG"	0.000714884969760839	1.66252318549032e-06	5.69583296414012	320	376	376	379	NA	NA	NA	NA
"HiG_10"	"Osbpl5"	0.00126244530235689	0.0051271572891627	"HiG"	0.00460151374833109	1.07011947635607e-05	53.3830239414759	260	265	265	25	NA	NA	NA	NA
"HiG_10"	"Osgep"	0.000535815347532242	0.000256232640629919	"HiG"	0.000962623137024001	2.23865845819535e-06	18.1717980417003	372	365	365	251	NA	NA	NA	NA
"HiG_10"	"Osm"	0.00145305573348646	0.00379127505189586	"HiG"	0.00701226863526928	1.63076014773704e-05	26.0803866982165	233	214	214	153	NA	NA	NA	NA
"HiG_10"	"Otulin"	0.000907612189712341	0.00212860141964712	"HiG"	0.00327392975127124	7.61379011923543e-06	17.1143904368233	313	297	297	263	NA	NA	NA	NA
"HiG_10"	"P2rx1"	0.000377026517533366	1.73707550464229e-17	"HiG"	0	0	NA	412	412	412	NA	NA	NA	NA	NA
"HiG_10"	"P2ry1"	0.00202913797910966	0.000109660055641375	"HiG"	0.00437665025067313	1.01782563969143e-05	3.85130655153271	158	270	270	386	NA	NA	NA	NA
"HiG_10"	"P2ry14"	0.000377026517533366	1.73707550464229e-17	"HiG"	0	0	NA	412	412	412	NA	NA	NA	NA	NA
"HiG_10"	"P4ha2"	0.00160325023385677	0.00244692598452483	"HiG"	0.00683063353490673	1.58851942672249e-05	10.154467754899	214	217	217	352	NA	NA	NA	NA
"HiG_10"	"Pa2g4"	0.00377395770435285	0.124333758305499	"HiG"	0.0254411261752587	5.91654097099039e-05	31.5692903974997	66	55	55	111	NA	NA	NA	NA
"HiG_10"	"Padi2"	0.000468662367635474	0.00806175773536801	"HiG"	0.000729884274118217	1.69740528864702e-06	85.5585956347731	384	375	375	6	NA	NA	NA	NA
"HiG_10"	"Papss2"	0.000925741535260191	0.0123988498467372	"HiG"	0.00359912226549552	8.37005178022214e-06	47.5510397552242	309	286	286	35	NA	NA	NA	NA
"HiG_10"	"Paqr7"	0.000377026517533366	1.73707550464229e-17	"HiG"	0	0	NA	412	412	412	NA	NA	NA	NA	NA
"HiG_10"	"Parvb"	0.000377026517533366	1.73707550464229e-17	"HiG"	0	0	NA	412	412	412	NA	NA	NA	NA	NA
"HiG_10"	"Pbx1"	0.00348486330217576	0.0190157078079179	"HiG"	0.0209981287292005	4.88328575097686e-05	9.99829633443793	76	74	74	356	NA	NA	NA	NA
"HiG_10"	"Pcmtd2"	0.000710793950345679	0.00379317087163165	"HiG"	0.00222851490834666	5.1825928101085e-06	40.6730658755715	339	327	327	52	NA	NA	NA	NA
"HiG_10"	"Pcsk9"	0.000596187452531128	7.86486334712249e-05	"HiG"	0.00103383643932854	2.40427078913614e-06	17.0299098856449	358	362	362	265	NA	NA	NA	NA
"HiG_10"	"Pdcd1lg2"	0.00217550547683447	0.00313523804290147	"HiG"	0.011755284914436	2.73378718940373e-05	24.7159545497701	143	136	136	167	NA	NA	NA	NA
"HiG_10"	"Pdgfa"	0.00324834173640065	0.00506510320620629	"HiG"	0.0189284292336989	4.40196028690671e-05	21.4325109419378	85	83	83	204	NA	NA	NA	NA
"HiG_10"	"Phtf2"	0.000377026517533366	1.73707550464229e-17	"HiG"	0	0	NA	412	412	412	NA	NA	NA	NA	NA
"HiG_10"	"Pim2"	0.00168644306210987	0.00295289821680797	"HiG"	0.00836638259438176	1.94567037078645e-05	19.4350211731926	203	186	186	232	NA	NA	NA	NA
"HiG_10"	"Plaur"	0.00215146658376744	0.0239000496001844	"HiG"	0.00942048836014149	2.19081124654453e-05	38.869747952471	146	169	169	61	NA	NA	NA	NA
"HiG_10"	"Pld3"	0.00228354787942363	0.0318470153069528	"HiG"	0.0111921002717683	2.6028140166903e-05	31.4158396388191	136	143	143	114	NA	NA	NA	NA
"HiG_10"	"Plin2"	0.00096660980557619	0.00146801498909888	"HiG"	0.00225148331096934	5.23600769992869e-06	15.5181432419622	302	326	326	291	NA	NA	NA	NA
"HiG_10"	"Plod2"	0.00231249081074707	0.0438193766713067	"HiG"	0.0107481755389857	2.49957570674085e-05	35.4113644711162	135	146	146	86	NA	NA	NA	NA
"HiG_10"	"Plpp5"	0.000377026517533366	1.73707550464229e-17	"HiG"	0	0	NA	412	412	412	NA	NA	NA	NA	NA
"HiG_10"	"Plxdc2"	0.000555665905859742	0.000411333216230705	"HiG"	0.000685352567288824	1.59384317974145e-06	8	366	379	379	371.5	NA	NA	NA	NA
"HiG_10"	"Pml"	0.0091928027885435	0.311652438564982	"HiG"	0.0742143359334549	0.000172591478915011	34.9205015589895	9	7	7	91	NA	NA	NA	NA
"HiG_10"	"Pno1"	0.00343182426538562	0.236871502368943	"HiG"	0.025096689222565	5.83643935408488e-05	49.1130464990434	78	58	58	32	NA	NA	NA	NA
"HiG_10"	"Podxl"	0.00258552233324727	0.00987625413767032	"HiG"	0.0127683825259588	2.96939128510669e-05	29.5138858882476	111	127	127	121	NA	NA	NA	NA
"HiG_10"	"Ppat"	0.00132852902700849	0.0112308014174299	"HiG"	0.00607792623060752	1.41347121642035e-05	25.4107629032946	251	233	233	160	NA	NA	NA	NA
"HiG_10"	"Ppbp"	0.00155848166017699	0.00159170505010905	"HiG"	0.00735196408603327	1.70975908977518e-05	20.033352850218	218	204	204	223	NA	NA	NA	NA
"HiG_10"	"Ppia"	0.00788649898852511	0.172056744321364	"HiG"	0.0522208321391664	0.00012144379567248	36.5716236067057	19	17	17	80	NA	NA	NA	NA
"HiG_10"	"Ppp1r3g"	0.000377026517533366	1.73707550464229e-17	"HiG"	0	0	NA	412	412	412	NA	NA	NA	NA	NA
"HiG_10"	"Prg2"	0.00245754989519961	0.00346299095913927	"HiG"	0.00923852122805881	2.14849330885089e-05	17.5641368176146	128	170	170	259	NA	NA	NA	NA
"HiG_10"	"Prkcb"	0.00518707274414863	0.0356760845149861	"HiG"	0.0309890773846447	7.2067621824755e-05	24.6217882307518	41	45	45	169	NA	NA	NA	NA
"HiG_10"	"Prmt1"	0.00892911793558297	0.310436931259588	"HiG"	0.0642951131956721	0.000149523519059703	29.0951065670575	11	12	12	128	NA	NA	NA	NA
"HiG_10"	"Prmt3"	0.00172487396581011	0.0304796349517238	"HiG"	0.00953662164515495	2.21781898724534e-05	26.5752306653243	195	167	167	148	NA	NA	NA	NA
"HiG_10"	"Prnp"	0.0104100054116921	0.107050597257447	"HiG"	0.0578029446554814	0.000134425452687166	35.8954702021418	7	15	15	84	NA	NA	NA	NA
"HiG_10"	"Prr11"	0.00126560277096589	0.0372386504315059	"HiG"	0.00674140346726557	1.5677682482013e-05	34.1506510284631	259	220	220	98	NA	NA	NA	NA
"HiG_10"	"Psph"	0.000664849290019651	0.0121027897663063	"HiG"	0.0024382354016097	5.67031488746443e-06	42	345	319	319	49.5	NA	NA	NA	NA
"HiG_10"	"Ptger3"	0.00143003922370836	0.00609695930489815	"HiG"	0.00664184646031811	1.54461545588793e-05	11.4726266293887	239	222	222	340	NA	NA	NA	NA
"HiG_10"	"Ptges3"	0.00520482825411903	0.0513752019953847	"HiG"	0.0317314606524916	7.37940945406781e-05	22.8101758238342	40	43	43	186	NA	NA	NA	NA
"HiG_10"	"Ptgr1"	0.000593544928843092	0.00144248163116962	"HiG"	0.00138220333212457	3.21442635377806e-06	20	359	346	346	224	NA	NA	NA	NA
"HiG_10"	"Ptgs1"	0.000422017072285159	2.99442556870544e-05	"HiG"	0.000272035923946265	6.32641683595966e-07	15	387	387	387	302	NA	NA	NA	NA
"HiG_10"	"Ptprcap"	0.0014518642936027	0.000365902716458033	"HiG"	0.00613300951059933	1.42628128153473e-05	13.0264547009585	234	232	232	323	NA	NA	NA	NA
"HiG_10"	"Ptprg"	0.00167503853460278	0.00556747669732426	"HiG"	0.00825456412681676	1.9196660760039e-05	21.0958155409912	206	190	190	209	NA	NA	NA	NA
"HiG_10"	"Pus7"	0.00159065969391693	0.0427963860027004	"HiG"	0.0103082989406935	2.39727882341709e-05	26.6247541714955	215	156	156	147	NA	NA	NA	NA
"HiG_10"	"Pygl"	0.00116735503525541	0.0174213233686249	"HiG"	0.00550100364638828	1.27930317357867e-05	32.6382466247392	270	246	246	107	NA	NA	NA	NA
"HiG_10"	"Rab27b"	0.00248957234335101	0.00436334608042314	"HiG"	0.0105203485052734	2.44659267564497e-05	15.6348232452209	123	149	149	289	NA	NA	NA	NA
"HiG_10"	"Rab33b"	0.0015889141212364	0.000856139696790016	"HiG"	0.00562806776374486	1.30885296831276e-05	15.2337026904081	216	241	241	297	NA	NA	NA	NA
"HiG_10"	"Rab38"	0.00326783846132233	0.00580572117223073	"HiG"	0.0105196706088161	2.44643502530606e-05	25.4792636979766	84	150	150	158	NA	NA	NA	NA
"HiG_10"	"Rab3d"	0.00147507744431296	0.00213733956506524	"HiG"	0.00535646501092886	1.24568953742532e-05	19.7713216295072	227	250	250	227	NA	NA	NA	NA
"HiG_10"	"Rangrf"	0.00193559560968298	0.0375355913553626	"HiG"	0.0063120491949874	1.46791841743893e-05	17.9670323868432	168	228	228	253	NA	NA	NA	NA
"HiG_10"	"Rap1gap2"	0.000377026517533366	1.73707550464229e-17	"HiG"	0	0	NA	412	412	412	NA	NA	NA	NA	NA
"HiG_10"	"Raph1"	0.00125907185459781	0.0103399921872283	"HiG"	0.00632289279339652	1.47044018451082e-05	30.0745796893501	262	227	227	120	NA	NA	NA	NA
"HiG_10"	"Rara"	0.00261054266896706	0.0320125995501479	"HiG"	0.0179060224025657	4.16419125641062e-05	19.6330802638543	110	88	88	229	NA	NA	NA	NA
"HiG_10"	"Rasgrp4"	0.000911330905913008	0.000129254942950217	"HiG"	0.00196132226449081	4.56121456858328e-06	8.77026130662701	311	331	331	366	NA	NA	NA	NA
"HiG_10"	"Rassf3"	0.000654000662905019	0.00695866341356208	"HiG"	0.00209858808086888	4.88043739736949e-06	79.9475857035128	347	330	330	7	NA	NA	NA	NA
"HiG_10"	"Rassf5"	0.000607976747629934	4.59663088885798e-05	"HiG"	0.00100559729819879	2.33859836790416e-06	10.7883978363317	355	363	363	348	NA	NA	NA	NA
"HiG_10"	"Rbms3"	0.000527746579156945	0.00989613164390457	"HiG"	0.00121669834530448	2.82953103559181e-06	75.1046608478215	374	353	353	10	NA	NA	NA	NA
"HiG_10"	"Rbpms2"	0.00065707925794707	0.0102072468741415	"HiG"	0.00139493369336735	3.24403184504036e-06	54.679514573954	346	345	345	24	NA	NA	NA	NA
"HiG_10"	"Rcc1"	0.0020867849246035	0.0627592034111389	"HiG"	0.0118618463721534	2.75856892375661e-05	44.5678293795398	154	133	133	41	NA	NA	NA	NA
"HiG_10"	"Rcl1"	0.00151666580718994	0.109360116687619	"HiG"	0.0105191900280161	2.44632326232934e-05	58.5025462035798	223	151	151	17	NA	NA	NA	NA
"HiG_10"	"Rgs1"	0.00144819176866987	0.000639545789834353	"HiG"	0.00459356413091543	1.06827072811987e-05	11.4982840982207	236	266	266	339	NA	NA	NA	NA
"HiG_10"	"Rmi2"	0.000377026517533366	1.73707550464229e-17	"HiG"	0	0	NA	412	412	412	NA	NA	NA	NA	NA
"HiG_10"	"Rnf128"	0.000620266058922415	0.00111805626257753	"HiG"	0.00133071596643512	3.09468829403516e-06	16.4241624678435	353	349	349	274	NA	NA	NA	NA
"HiG_10"	"Rnf149"	0.00275632703762165	0.00715267174173112	"HiG"	0.0128620955356055	2.99118500828036e-05	28.7083964894197	102	125	125	132	NA	NA	NA	NA
"HiG_10"	"Rnmt"	0.00182876155263563	0.0616828245916194	"HiG"	0.011276233826689	2.62237995969512e-05	55.2845187485866	184	140	140	22	NA	NA	NA	NA
"HiG_10"	"Rprm"	0.00108023307108577	0.000487670920486881	"HiG"	0.00436961238143978	1.01618892591623e-05	15.8651211952994	282	271	271	282	NA	NA	NA	NA
"HiG_10"	"Rsad1"	0.000568125817251273	4.82973740606329e-05	"HiG"	0.000701325102538689	1.63098861055509e-06	5	364	378	378	382	NA	NA	NA	NA
"HiG_10"	"S100a4"	0.0027222648196711	0.0172821376597799	"HiG"	0.0161393003699251	3.75332566742444e-05	20.720252959887	105	95	95	215	NA	NA	NA	NA
"HiG_10"	"S100a6"	0.00226598764283748	0.0475442969435358	"HiG"	0.0137586017029192	3.19967481463236e-05	38.3242769192743	138	116	116	65	NA	NA	NA	NA
"HiG_10"	"S100a8"	0.00581305760024455	0.111068362012935	"HiG"	0.0439141288618569	0.000102125881074086	22.290148324756	32	26	26	195	NA	NA	NA	NA
"HiG_10"	"S100a9"	0.00854882425405394	0.178194515245226	"HiG"	0.0624911077309189	0.000145328157513765	25.2278081241356	13	13	13	162	NA	NA	NA	NA
"HiG_10"	"Samd14"	0.000377026517533366	1.73707550464229e-17	"HiG"	0	0	NA	412	412	412	NA	NA	NA	NA	NA
"HiG_10"	"Sapcd1"	0.0005552844324519	0.00112512986966156	"HiG"	0.000824308306340837	1.91699606125776e-06	22.6003592829084	367	370	370	191	NA	NA	NA	NA
"HiG_10"	"Sat1"	0.00098904219839842	0.00303959914445218	"HiG"	0.0033973030457545	7.90070475756861e-06	38.5026423134625	299	291	291	63	NA	NA	NA	NA
"HiG_10"	"Satb1"	0.00197917996866829	0.0546251944040208	"HiG"	0.0129729125335258	3.01695640314554e-05	35.3069395075519	161	123	123	88	NA	NA	NA	NA
"HiG_10"	"Scin"	0.00209541835853421	0.00475178936184436	"HiG"	0.00853195736008744	1.98417613025289e-05	10.4416630350245	153	180	180	350	NA	NA	NA	NA
"HiG_10"	"Sdsl"	0.000377026517533366	1.73707550464229e-17	"HiG"	0	0	NA	412	412	412	NA	NA	NA	NA	NA
"HiG_10"	"Sema4c"	0.000909564108970882	0.00382788054500164	"HiG"	0.00373545780340618	8.68711117071205e-06	51.6108731625042	312	284	284	28	NA	NA	NA	NA
"HiG_10"	"Serpine1"	0.00107927502953491	0.00361352112551307	"HiG"	0.004881133446149	1.13514731305791e-05	25.7754380921262	283	260	260	155	NA	NA	NA	NA
"HiG_10"	"Sgms2"	0.000377026517533366	1.73707550464229e-17	"HiG"	0	0	NA	412	412	412	NA	NA	NA	NA	NA
"HiG_10"	"Sgsm2"	0.000520878017216414	0.00316837026373373	"HiG"	0.00110807235599938	2.57691245581251e-06	13.4538774020127	375	358	358	318	NA	NA	NA	NA
"HiG_10"	"Sh2d3c"	0.00236071769831972	0.00444351460104989	"HiG"	0.0115253750758732	2.68031978508679e-05	16.0114326680006	131	139	139	280	NA	NA	NA	NA
"HiG_10"	"Sh3bp5"	0.000818105097001875	0.00234119214582216	"HiG"	0.00261712782368455	6.08634377601058e-06	44.0722644663776	323	310	310	42	NA	NA	NA	NA
"HiG_10"	"Sh3pxd2b"	0.00182140354752973	0.00455529788813319	"HiG"	0.00773921253601535	1.79981686884078e-05	29.4514116764918	186	198	198	124	NA	NA	NA	NA
"HiG_10"	"Sirpa"	0.00171525729261669	0.00103778600423271	"HiG"	0.00846092327110669	1.96765657467598e-05	14.3743837123056	198	182	182	312	NA	NA	NA	NA
"HiG_10"	"Sirt3"	0.00155788172912073	0.0032904664237316	"HiG"	0.00669230837280445	1.55635078437313e-05	8.76969322099913	219	221	221	367	NA	NA	NA	NA
"HiG_10"	"Skap1"	0.00247428814461825	0.00887429718161432	"HiG"	0.0129266518449031	3.00619810346583e-05	37.735291681025	125	124	124	73	NA	NA	NA	NA
"HiG_10"	"Slc14a1"	0.000804826159091785	0.00416134852400906	"HiG"	0.00228816384048397	5.32131125693946e-06	33.7012206147338	325	324	324	102	NA	NA	NA	NA
"HiG_10"	"Slc16a1"	0.00257025744590686	0.0669909937213207	"HiG"	0.0142472242854446	3.3133079733592e-05	50.9554307727243	114	110	110	30	NA	NA	NA	NA
"HiG_10"	"Slc18a2"	0.00165365654413307	0.00044847623261547	"HiG"	0.00599521407779598	1.39423583204558e-05	8.88929054462755	209	234	234	364	NA	NA	NA	NA
"HiG_10"	"Slc19a1"	0.00161163824415	0.000544557605423418	"HiG"	0.00397379058480354	9.2413734530315e-06	8.59055695285715	213	278	278	368	NA	NA	NA	NA
"HiG_10"	"Slc22a3"	0.000377026517533366	1.73707550464229e-17	"HiG"	0	0	NA	412	412	412	NA	NA	NA	NA	NA
"HiG_10"	"Slc23a2"	0.000953123901664575	4.69246992955208e-07	"HiG"	0.000801659333815183	1.86432403212833e-06	2	305	373	373	390.5	NA	NA	NA	NA
"HiG_10"	"Slc24a3"	0.000880565442969455	3.87642787427811e-05	"HiG"	0.000994414967328439	2.31259294727544e-06	6.0962367652248	316	364	364	378	NA	NA	NA	NA
"HiG_10"	"Slc29a1"	0.00195416466201087	0.00297583567162248	"HiG"	0.00626749044384959	1.45755591717432e-05	20.1937510211626	164	230	230	221	NA	NA	NA	NA
"HiG_10"	"Slc30a2"	0.00233438543299479	0.00213690065607036	"HiG"	0.00800429216447971	1.86146329406505e-05	9.77326279064033	132	193	193	359	NA	NA	NA	NA
"HiG_10"	"Slc39a10"	0.00302120229107483	0.05620777571326	"HiG"	0.0135595667805068	3.15338762337367e-05	36.2234811795444	89	118	118	81	NA	NA	NA	NA
"HiG_10"	"Slc41a3"	0.00100936310639959	0.00577881290803281	"HiG"	0.00435156106543176	1.01199094544925e-05	47.5376204599047	295	272	272	36	NA	NA	NA	NA
"HiG_10"	"Slc45a3"	0.000694387833373915	0.00575446995386307	"HiG"	0.00240717712912726	5.59808634680757e-06	37.368724218222	341	320	320	74	NA	NA	NA	NA
"HiG_10"	"Slc6a4"	0.00406786493359786	0.0172890190266747	"HiG"	0.0195454613284523	4.54545612289588e-05	17.0285217887818	58	80	80	266	NA	NA	NA	NA
"HiG_10"	"Slc6a8"	0.00096455469299654	0.00112982216146179	"HiG"	0.00315340438612062	7.33349857237354e-06	21.3722373353503	303	301	301	206	NA	NA	NA	NA
"HiG_10"	"Slc6a9"	0.000899867021382678	0.00291575931963277	"HiG"	0.00231134092274172	5.37521144823655e-06	12.092943726331	314	321	321	331	NA	NA	NA	NA
"HiG_10"	"Slc7a8"	0.00115057728834063	0.00024909169665675	"HiG"	0.00345956425848517	8.04549827554691e-06	12.2167092152856	272	289	289	330	NA	NA	NA	NA
"HiG_10"	"Slco2b1"	0.00109175725007046	0.00502344424079277	"HiG"	0.00451742281361549	1.05056344502686e-05	47.6200382696508	281	268	268	34	NA	NA	NA	NA
"HiG_10"	"Slpi"	0.00215927874073208	0.00315044611406228	"HiG"	0.0123096961413962	2.86272003288283e-05	14.1600944697448	144	129	129	313	NA	NA	NA	NA
"HiG_10"	"Smo"	0.00121405267107254	0.00845440861278512	"HiG"	0.00534042503543566	1.24195931056643e-05	17.8931046316495	266	251	251	254	NA	NA	NA	NA
"HiG_10"	"Snap47"	0.000636252512158757	0.000156745735205377	"HiG"	0.00136996419211497	3.18596323747668e-06	12.0319943611547	349	347	347	332	NA	NA	NA	NA
"HiG_10"	"Socs1"	0.00551052047648895	0.0223922162654969	"HiG"	0.0344428018154911	8.00995391057933e-05	23.1011011957029	33	39	39	184	NA	NA	NA	NA
"HiG_10"	"Socs2"	0.00187990042871383	0.00254428668145148	"HiG"	0.00982206092425568	2.28420021494318e-05	22.0296638934886	175	164	164	201	NA	NA	NA	NA
"HiG_10"	"Spata13"	0.000378975288215389	7.09554346000274e-07	"HiG"	9.74164741871861e-06	2.265499399702e-08	10	392	392	392	354	NA	NA	NA	NA
"HiG_10"	"Specc1"	0.000533182274923893	0.00690680572387107	"HiG"	0.00122893312188453	2.85798400438262e-06	42.681062479272	373	352	352	45	NA	NA	NA	NA
"HiG_10"	"Spint1"	0.00142449751029679	0.0020671485170683	"HiG"	0.00555057255687759	1.29083082718083e-05	22.125605108665	243	244	244	197	NA	NA	NA	NA
"HiG_10"	"Spint2"	0.00178328644089179	0.00706941782150964	"HiG"	0.00802428539331592	1.86611288216649e-05	32.2935523121132	191	192	192	108	NA	NA	NA	NA
"HiG_10"	"Spns2"	0.000547322931053473	0.0030853812480641	"HiG"	0.00117706087738028	2.73735087762856e-06	104	368	354	354	3.5	NA	NA	NA	NA
"HiG_10"	"Srm"	0.00231751436488401	0.0389053027295965	"HiG"	0.0127692795744126	2.96959990102619e-05	31.2270560790327	134	126	126	115	NA	NA	NA	NA
"HiG_10"	"Srpk1"	0.00339059997024478	0.123596979230367	"HiG"	0.0231673810359681	5.38776303162048e-05	34.3040099858845	80	65	65	96	NA	NA	NA	NA
"HiG_10"	"Ssbp1"	0.00437173710557244	0.0953086568922231	"HiG"	0.0280465200730136	6.52244652860781e-05	35.9511775417133	51	51	51	83	NA	NA	NA	NA
"HiG_10"	"Ssbp2"	0.00330637156293394	0.0083120743642119	"HiG"	0.019631975996709	4.56557581318813e-05	10.4068665143182	83	79	79	351	NA	NA	NA	NA
"HiG_10"	"Ssbp3"	0.00388495234357461	0.0104016410087309	"HiG"	0.0241123337699107	5.60751948137457e-05	14.3944399535542	61	62	62	311	NA	NA	NA	NA
"HiG_10"	"Stk10"	0.00104334819736879	0.00840788200710892	"HiG"	0.00454675732844393	1.05738542521952e-05	35.0087329454281	289	267	267	90	NA	NA	NA	NA
"HiG_10"	"Stk17b"	0.000834168548032149	0.00681926790834032	"HiG"	0.00318470701119901	7.40629537488143e-06	19.3577637372871	322	300	300	234	NA	NA	NA	NA
"HiG_10"	"Suclg2"	0.00129387587355182	0.0420588101275944	"HiG"	0.00658668538760667	1.53178729944341e-05	55.5582853348988	255	224	224	21	NA	NA	NA	NA
"HiG_10"	"Syce2"	0.000377026517533366	1.73707550464229e-17	"HiG"	0	0	NA	412	412	412	NA	NA	NA	NA	NA
"HiG_10"	"Syngr1"	0.00127085008624498	0.00318324924927268	"HiG"	0.00512643578274175	1.19219436807948e-05	19.6265370289425	258	256	256	230	NA	NA	NA	NA
"HiG_10"	"Sytl3"	0.000540302949043462	5.66325459520039e-05	"HiG"	0.00081172692253205	1.8877370291443e-06	12	369	371	371	334	NA	NA	NA	NA
"HiG_10"	"Tcf19"	0.000839286524905135	0.00837509333868869	"HiG"	0.00319506534875195	7.43038453198129e-06	104	321	299	299	3.5	NA	NA	NA	NA
"HiG_10"	"Tcf4"	0.00440762382242483	0.133984824212751	"HiG"	0.0296439870502319	6.89395047679811e-05	42.1075118643741	49	48	48	48	NA	NA	NA	NA
"HiG_10"	"Tcn2"	0.00101410044554587	0.00526573325609797	"HiG"	0.00322823377856546	7.50752041526852e-06	66.9254288224543	293	298	298	12	NA	NA	NA	NA
"HiG_10"	"Tecpr1"	0.0007579313048816	0.00397853206599825	"HiG"	0.00270565735529476	6.29222640766223e-06	22.0713777052788	336	307	307	198	NA	NA	NA	NA
"HiG_10"	"Tgfa"	0.000785188002895214	0.0059760596193703	"HiG"	0.00278464769196147	6.47592486502667e-06	18.5528036651944	330	306	306	243	NA	NA	NA	NA
"HiG_10"	"Thumpd1"	0.00162825586636233	0.0619438146489661	"HiG"	0.0105025728839008	2.44245881020949e-05	38.1497269056732	210	153	153	66	NA	NA	NA	NA
"HiG_10"	"Timm9"	0.000813295087043217	0.00114755435414548	"HiG"	0.00259328282002611	6.03089027913048e-06	11.606724021875	324	312	312	338	NA	NA	NA	NA
"HiG_10"	"Tjp1"	0.00199041038941818	0.012146524978129	"HiG"	0.0104150745074299	2.42211035056509e-05	34.6449565891149	160	154	154	93	NA	NA	NA	NA
"HiG_10"	"Tmed3"	0.00177921115811763	0.00410183327661007	"HiG"	0.00430325223392567	1.00075633347109e-05	7.98306995506654	192	273	273	373	NA	NA	NA	NA
"HiG_10"	"Tmem154"	0.000377026517533366	1.73707550464229e-17	"HiG"	0	0	NA	412	412	412	NA	NA	NA	NA	NA
"HiG_10"	"Tmem216"	0.00154850821586871	0.00412499252819879	"HiG"	0.00494429216030863	1.14983538611829e-05	32.1070278523226	220	259	259	109	NA	NA	NA	NA
"HiG_10"	"Tmem40"	0.000507786290647058	0.000105690065328017	"HiG"	0.000790324947931708	1.83796499519002e-06	38	378	374	374	69	NA	NA	NA	NA
"HiG_10"	"Tmem64"	0.000377026517533366	1.73707550464229e-17	"HiG"	0	0	NA	412	412	412	NA	NA	NA	NA	NA
"HiG_10"	"Tmtc2"	0.000377026517533366	1.73707550464229e-17	"HiG"	0	0	NA	412	412	412	NA	NA	NA	NA	NA
"HiG_10"	"Tnf"	0.00853078180097068	0.0279283043563521	"HiG"	0.057764289285143	0.000134335556477077	29.0130660044294	14	16	16	129	NA	NA	NA	NA
"HiG_10"	"Tnfaip3"	0.00393610668190611	0.0165611502267714	"HiG"	0.0246238481475144	5.72647631337545e-05	23.9486295676074	59	59	59	178	NA	NA	NA	NA
"HiG_10"	"Tnfrsf1b"	0.00733926710573643	0.0331203269817575	"HiG"	0.0499904644306501	0.000116256894024768	26.2590733287917	21	21	21	150	NA	NA	NA	NA
"HiG_10"	"Tnfrsf8"	0.00168345902164269	0.00519288020437278	"HiG"	0.0073347780369949	1.70576233418486e-05	18.1776751303177	204	206	206	250	NA	NA	NA	NA
"HiG_10"	"Tnfrsf9"	0.00129466506270061	0.00375445162740291	"HiG"	0.0054925611896681	1.27733981155072e-05	18.5470786807666	254	247	247	244	NA	NA	NA	NA
"HiG_10"	"Tnfsf12"	0.00100372923901901	0.00653997168410371	"HiG"	0.00475025887584989	1.10471136647672e-05	61.6471014358576	296	262	262	14	NA	NA	NA	NA
"HiG_10"	"Tpbgl"	0.000377026517533366	1.73707550464229e-17	"HiG"	0	0	NA	412	412	412	NA	NA	NA	NA	NA
"HiG_10"	"Tph1"	0.00173983358581282	0.0334148796489493	"HiG"	0.00761150472667603	1.77011737829675e-05	53.2045706377689	193	200	200	26	NA	NA	NA	NA
"HiG_10"	"Tpsab1"	0.00370386035016747	0.0124973362212854	"HiG"	0.0232319742411117	5.40278470723528e-05	25.4397034974811	70	63	63	159	NA	NA	NA	NA
"HiG_10"	"Tpsb2"	0.00475674160190748	0.0142288854510978	"HiG"	0.0306503162072137	7.12798051330551e-05	21.2008874331583	46	46	46	207	NA	NA	NA	NA
"HiG_10"	"Tpsg1"	0.00185308037758305	0.00654423523909198	"HiG"	0.0108037906241764	2.51250944748288e-05	27.635135545882	181	145	145	137	NA	NA	NA	NA
"HiG_10"	"Trib2"	0.00178351141059676	0.00751019819255851	"HiG"	0.00901383415891673	2.09624050207366e-05	19.3124414844989	190	172	172	235	NA	NA	NA	NA
"HiG_10"	"Tsc22d1"	0.000771850849862678	0.00457574178357891	"HiG"	0.0019241735577396	4.4748222273014e-06	15.3342163608376	333	333	333	295	NA	NA	NA	NA
"HiG_10"	"Tspan13"	0.000540298003172091	0.00295810563311605	"HiG"	0.00112850572812802	2.62443192587913e-06	104	370	355	355	3.5	NA	NA	NA	NA
"HiG_10"	"Tspan3"	0.00186797424666566	0.0027761292804573	"HiG"	0.00735873703856252	1.71133419501454e-05	26.6539938424586	177	203	203	146	NA	NA	NA	NA
"HiG_10"	"Tubb2a"	0.0042985126958025	0.0261951937291027	"HiG"	0.0270438768811428	6.28927369328902e-05	33.1880557062921	53	52	52	105	NA	NA	NA	NA
"HiG_10"	"Tusc1"	0.000407727008262794	0.00129093880171836	"HiG"	0.00026007331767624	6.04821669014511e-07	42	388	388	388	49.5	NA	NA	NA	NA
"HiG_10"	"Tyrobp"	0.00389421854948585	0.0101719523251745	"HiG"	0.0219435949587327	5.10316161830994e-05	18.1285035594844	60	72	72	252	NA	NA	NA	NA
"HiG_10"	"Unc13d"	0.00191047797010356	0.00542938453410351	"HiG"	0.0100768056060115	2.34344316418872e-05	19.0164766466329	172	158	158	238	NA	NA	NA	NA
"HiG_10"	"Unc5b"	0.000851779296323809	0.000876044415251711	"HiG"	0.00257257998407153	5.98274414900355e-06	27.5905897325474	318	313	313	138	NA	NA	NA	NA
"HiG_10"	"Vasp"	0.00280564264971967	0.0157706185229378	"HiG"	0.0158249003162966	3.68020937588294e-05	23.3244692937861	99	100	100	181	NA	NA	NA	NA
"HiG_10"	"Vegfc"	0.00213660175334503	0.00249143443234016	"HiG"	0.0119623076670094	2.78193201558357e-05	17.501914347327	147	131	131	260	NA	NA	NA	NA
"HiG_10"	"Vwf"	0.00295142382363281	0.00209025975529066	"HiG"	0.0138828664065863	3.22857358292704e-05	14.8257164539787	92	115	115	306	NA	NA	NA	NA
"HiG_10"	"Wdr12"	0.00342125715277325	0.121341081617077	"HiG"	0.0253012606878125	5.88401411344476e-05	25.7129958877731	79	57	57	156	NA	NA	NA	NA
"HiG_10"	"Wdr36"	0.00425319191813803	0.304065996247381	"HiG"	0.0352974917125854	8.20871900292683e-05	38.1136849425201	54	36	36	67	NA	NA	NA	NA
"HiG_10"	"Ydjc"	0.000377026517533366	1.73707550464229e-17	"HiG"	0	0	NA	412	412	412	NA	NA	NA	NA	NA
"HiG_10"	"Zc3h7b"	0.000803185372449168	0.0307110515475389	"HiG"	0.00370257003398943	8.61062798602193e-06	72.3119531461773	326	285	285	11	NA	NA	NA	NA
"HiG_10"	"Zdhhc8"	0.000377026517533366	1.73707550464229e-17	"HiG"	0	0	NA	412	412	412	NA	NA	NA	NA	NA
"HiG_10"	"Zfp36l1"	0.00162330682112388	0.0183337709013692	"HiG"	0.00860456208087336	2.00106094904032e-05	21.1169161906859	212	178	178	208	NA	NA	NA	NA
"HiG_10"	"Zmpste24"	0.00212935421627735	0.00256116387066728	"HiG"	0.0065700283100279	1.5279135604716e-05	9.85101730331635	148	225	225	358	NA	NA	NA	NA
"HiG_11"	"Abcc5"	0.000838471195372835	0.000279757621992908	"HiG"	0.00239928984796426	6.1520252511904e-06	29.8677978999324	291	297	297	95	NA	NA	NA	NA
"HiG_11"	"Abhd5"	0.00080266449082522	0.000262224404364866	"HiG"	0.00226008711057088	5.79509515530994e-06	27.532166396375	295	303	303	106	NA	NA	NA	NA
"HiG_11"	"Abtb1"	0.000541258533495345	0.0022688122469894	"HiG"	0.00139849327252906	3.58588018597195e-06	41	337	323	323	35.5	NA	NA	NA	NA
"HiG_11"	"Acadm"	0.000704669272492019	0.00110250825455477	"HiG"	0.00229182958849557	5.87648612434762e-06	18.7127008857441	311	301	301	190	NA	NA	NA	NA
"HiG_11"	"Actn1"	0.00558482951811004	0.0609153558811032	"HiG"	0.044698766806754	0.00011461222258142	36.4298271152805	38	44	44	59	NA	NA	NA	NA
"HiG_11"	"Adcy5"	0.00143495946061768	4.8826176713459e-05	"HiG"	0.00642552201537013	1.6475697475308e-05	8.1680633967592	208	220	220	325	NA	NA	NA	NA
"HiG_11"	"Adcy6"	0.00199826093524988	0.000508395109622429	"HiG"	0.0102292480624941	2.62288411858823e-05	17.127743188107	156	166	166	212	NA	NA	NA	NA
"HiG_11"	"Adgra3"	0.000418176749374572	0	"HiG"	0	0	NA	372.5	372.5	372.5	NA	NA	NA	NA	NA
"HiG_11"	"Adgre5"	0.0013507013765271	0.000131126223884931	"HiG"	0.0043576399445356	1.11734357552195e-05	14.9179941647472	218	256	256	253	NA	NA	NA	NA
"HiG_11"	"Adgrg1"	0.00130644928904874	2.8659588068723e-05	"HiG"	0.00516154963049867	1.32347426423043e-05	10.5798247063709	222	242	242	304	NA	NA	NA	NA
"HiG_11"	"Adora2b"	0.00110306560887545	0.00103414813486629	"HiG"	0.00442885015105302	1.13560260283411e-05	12.4232788224733	255	254	254	288	NA	NA	NA	NA
"HiG_11"	"Ak1"	0.000721884686540655	0.00034608777764748	"HiG"	0.0018061789382208	4.63122804672001e-06	10.2764607390779	307	310	310	309	NA	NA	NA	NA
"HiG_11"	"Aldh2"	0.00195416905938044	0.00387822979832835	"HiG"	0.0108695477197884	2.78706351789447e-05	16.3305229426685	164	163	163	226	NA	NA	NA	NA
"HiG_11"	"Aldoc"	0.00198947180553206	0.0019788176774816	"HiG"	0.00953673597160022	2.44531691579493e-05	17.3794603562894	159	175	175	207	NA	NA	NA	NA
"HiG_11"	"Alox12"	0.00116715170769935	0.00405556167063362	"HiG"	0.00527127723360284	1.35160954707765e-05	23.2147310674608	243	241	241	140	NA	NA	NA	NA
"HiG_11"	"Als2cl"	0.000418176749374572	0	"HiG"	0	0	NA	372.5	372.5	372.5	NA	NA	NA	NA	NA
"HiG_11"	"Anxa1"	0.00275885386280086	0.0337569319798801	"HiG"	0.0189453143844347	4.85777291908582e-05	37.9516375991603	99	104	104	48	NA	NA	NA	NA
"HiG_11"	"Anxa3"	0.000924322658948357	0.000518007911187778	"HiG"	0.00409362064954805	1.04964632039694e-05	15.5787056604406	280	259	259	237	NA	NA	NA	NA
"HiG_11"	"Apex1"	0.0110372271664502	0.208975628444823	"HiG"	0.106597128424861	0.000273325970320156	21.8461690980298	9	13	13	155	NA	NA	NA	NA
"HiG_11"	"Aqp9"	0.000821819323385411	0.000465582937252204	"HiG"	0.00303884602256094	7.79191287836137e-06	18.1761433030192	294	283	283	193	NA	NA	NA	NA
"HiG_11"	"Armcx2"	0.00057957546070986	0.00622952278518174	"HiG"	0.00232167612349325	5.95301570126474e-06	21.3292249292252	331	300	300	161	NA	NA	NA	NA
"HiG_11"	"Arpp21"	0.000418176749374572	0	"HiG"	0	0	NA	372.5	372.5	372.5	NA	NA	NA	NA	NA
"HiG_11"	"Atad3a"	0.0029551242387593	0.0584920703658269	"HiG"	0.0242696184028526	6.22297907765452e-05	44.8331703806703	92	79	79	28	NA	NA	NA	NA
"HiG_11"	"Atoh8"	0.000418176749374572	0	"HiG"	0	0	NA	372.5	372.5	372.5	NA	NA	NA	NA	NA
"HiG_11"	"Bag2"	0.00428128190307571	0.141678298619288	"HiG"	0.0424146897660704	0.000108755614784796	49.2056440622886	59	48	48	23	NA	NA	NA	NA
"HiG_11"	"Bcl2"	0.00507179214057602	0.0444151844489489	"HiG"	0.0414063174832539	0.000106170044828856	27.1683302433338	44	49	49	107	NA	NA	NA	NA
"HiG_11"	"Bex4"	0.000418176749374572	0	"HiG"	0	0	NA	372.5	372.5	372.5	NA	NA	NA	NA	NA
"HiG_11"	"Bhlhe41"	0.000418176749374572	0	"HiG"	0	0	NA	372.5	372.5	372.5	NA	NA	NA	NA	NA
"HiG_11"	"Bst2"	0.000724112324608102	0.000120095225733336	"HiG"	0.0018987224318214	4.86851905595231e-06	15.8335170423137	306	307	307	233	NA	NA	NA	NA
"HiG_11"	"Btg2"	0.0015323915442258	0.0488300419413794	"HiG"	0.01333123875811	3.41826634823334e-05	35.4916914491943	193	141	141	62	NA	NA	NA	NA
"HiG_11"	"Bzw2"	0.00184738633320275	0.00912493501972553	"HiG"	0.011780868691546	3.02073556193487e-05	17.0566915091699	168	152	152	215	NA	NA	NA	NA
"HiG_11"	"C3ar1"	0.00170948924516902	0.000159017323795566	"HiG"	0.00786255590578604	2.01603997584257e-05	18.9463198816718	182	196	196	185	NA	NA	NA	NA
"HiG_11"	"C5ar1"	0.00265225260577788	0.0012138697998474	"HiG"	0.0131530135771525	3.37256758388526e-05	14.4144354387972	104	143	143	258	NA	NA	NA	NA
"HiG_11"	"Cad"	0.0077298225391048	0.169581576308993	"HiG"	0.0736952336163091	0.000188962137477716	36.5123749806887	26	26	26	56	NA	NA	NA	NA
"HiG_11"	"Camp"	0.00217882866412029	0.00240364402840077	"HiG"	0.015859119009053	4.06644077155204e-05	14.8698188893963	140	119	119	254	NA	NA	NA	NA
"HiG_11"	"Capn2"	0.00137594099977804	0.00387530119346715	"HiG"	0.00650748207710764	1.66858514797632e-05	15.1033784000967	216	217	217	245	NA	NA	NA	NA
"HiG_11"	"Capn3"	0.00140763952614626	0.0001028892710387	"HiG"	0.00549285105832014	1.40842334828721e-05	5.56471593016406	211	236	236	341	NA	NA	NA	NA
"HiG_11"	"Casp12"	0.000937053196349542	0.0099663517475736	"HiG"	0.00338081154038687	8.66874753945351e-06	49.9685916771476	277	273	273	22	NA	NA	NA	NA
"HiG_11"	"Casp6"	0.00149664904629332	0.0056895661066445	"HiG"	0.00811030671591139	2.07956582459266e-05	23.1734601191101	197	193	193	141	NA	NA	NA	NA
"HiG_11"	"Ccl3"	0.00241208281505277	0.00227470426390945	"HiG"	0.0126994311754496	3.25626440396144e-05	13.3903586214198	122	145	145	275	NA	NA	NA	NA
"HiG_11"	"Ccnd1"	0.00249424470507734	0.017556893541492	"HiG"	0.0205275791281558	5.26348182773225e-05	16.6854637971979	117	95	95	221	NA	NA	NA	NA
"HiG_11"	"Ccpg1"	0.00109289923032123	0.000173981489866219	"HiG"	0.00322739623254252	8.27537495523723e-06	3	258	280	280	347	NA	NA	NA	NA
"HiG_11"	"Cd226"	0.000939075753608374	0.000528978947587032	"HiG"	0.00405866106336747	1.04068232394038e-05	28.3968819085498	276	260	260	101	NA	NA	NA	NA
"HiG_11"	"Cd244"	0.00254265163601694	0.00100266869722089	"HiG"	0.0130766041809125	3.35297543100321e-05	23.3413635404389	112	144	144	138	NA	NA	NA	NA
"HiG_11"	"Cd28"	0.00362287671391835	0.00139260178646659	"HiG"	0.022181713827375	5.68761893009616e-05	25.1944381272457	76	89	89	123	NA	NA	NA	NA
"HiG_11"	"Cd34"	0.00074471163298731	3.52643035786374e-06	"HiG"	0.00196145753239883	5.02937828820212e-06	15	302	306	306	249.5	NA	NA	NA	NA
"HiG_11"	"Cd38"	0.000420854328665289	1.05761772081822e-07	"HiG"	1.08342691515959e-05	2.77801773117843e-08	10	352	352	352	313	NA	NA	NA	NA
"HiG_11"	"Cd52"	0.00247320955321832	9.03727470717976e-05	"HiG"	0.0120412567408196	3.08750172841527e-05	13.318416750436	119	149	149	276	NA	NA	NA	NA
"HiG_11"	"Cd55"	0.000902390388766029	0.00155813423407838	"HiG"	0.00342983254767412	8.79444242993364e-06	31.4763291779612	283	270	270	82	NA	NA	NA	NA
"HiG_11"	"Cd69"	0.00168324229206398	8.31325983502516e-05	"HiG"	0.00918320004345066	2.35466667780786e-05	15.1304015815229	187	181	181	244	NA	NA	NA	NA
"HiG_11"	"Cd84"	0.00255426539150837	0.00033910891469521	"HiG"	0.0109665087877844	2.81192533020112e-05	12.3835886090472	110	161	161	290	NA	NA	NA	NA
"HiG_11"	"Cd93"	0.00235151743151496	0.000535340610960214	"HiG"	0.0125226218476163	3.21092867887598e-05	16.3595189882647	127	146	146	225	NA	NA	NA	NA
"HiG_11"	"Cd96"	0.0021028638087266	0.000132883288722007	"HiG"	0.00888317420073177	2.27773697454661e-05	16.9411348998853	147	187	187	217	NA	NA	NA	NA
"HiG_11"	"Cda"	0.00139653155287048	0.000121130186769581	"HiG"	0.00599430416578202	1.53700106814924e-05	6.29811399993863	213	228	228	338	NA	NA	NA	NA
"HiG_11"	"Cdc42ep2"	0.00141398190636711	0.00110030038910518	"HiG"	0.00394715030291693	1.01208982126075e-05	24.4654647349819	209	263	263	129	NA	NA	NA	NA
"HiG_11"	"Cdc42ep5"	0.00083665078156982	1.1739327072757e-05	"HiG"	0.00137432485189553	3.5239098766552e-06	2	292	324	324	350	NA	NA	NA	NA
"HiG_11"	"Cdk6"	0.00383483059624341	0.0669520721606882	"HiG"	0.0344752481842563	8.83980722673239e-05	36.4759112104543	68	61	61	57	NA	NA	NA	NA
"HiG_11"	"Clec1b"	0.00199503370991963	0.00100103771676225	"HiG"	0.0142736181900628	3.65990210001609e-05	19.1270920606984	158	132	132	183	NA	NA	NA	NA
"HiG_11"	"Clec4d"	0.00183043263621289	0.0047492339332324	"HiG"	0.0112475437059415	2.88398556562604e-05	12.8685544257987	171	157	157	284	NA	NA	NA	NA
"HiG_11"	"Cluh"	0.00178071797323832	0.0345212565987264	"HiG"	0.0168337564140933	4.31634779848545e-05	17.7041483983946	175	115	115	199	NA	NA	NA	NA
"HiG_11"	"Cma1"	0.00249453438999932	0.00154811594965294	"HiG"	0.0152900254594368	3.92051934857355e-05	21.6236154743071	116	124	124	157	NA	NA	NA	NA
"HiG_11"	"Cnn2"	0.00116104384941058	0.00422397336796082	"HiG"	0.00639486659529049	1.63970938340782e-05	26.1353394212796	245	221	221	115	NA	NA	NA	NA
"HiG_11"	"Cnp"	0.00111774036591034	0.00680501550903401	"HiG"	0.00504631792673091	1.29392767352075e-05	36.9361487019795	250	244	244	54	NA	NA	NA	NA
"HiG_11"	"Col18a1"	0.00257249353926417	0.00577360604765324	"HiG"	0.0169042809300597	4.33443100770761e-05	21.2173988774026	109	114	114	163	NA	NA	NA	NA
"HiG_11"	"Col1a2"	0.00220146561823605	0.0133558050888205	"HiG"	0.0156299579424184	4.00768152369702e-05	23.5719271301146	136	122	122	135	NA	NA	NA	NA
"HiG_11"	"Cpa3"	0.000418176749374572	0	"HiG"	0	0	NA	372.5	372.5	372.5	NA	NA	NA	NA	NA
"HiG_11"	"Cpd"	0.00128927536953626	0.00394464744229371	"HiG"	0.00699859131218081	1.79451059286687e-05	22.7415167936035	225	206	206	145	NA	NA	NA	NA
"HiG_11"	"Cpox"	0.00126011357590208	0.00564835773480139	"HiG"	0.00889220347911952	2.28005217413321e-05	23.0991139302361	231	186	186	142	NA	NA	NA	NA
"HiG_11"	"Creb3l1"	0.0010233746179346	0.000150503839082004	"HiG"	0.00166990241165853	4.28180105553468e-06	5.77307393094926	270	314	314	340	NA	NA	NA	NA
"HiG_11"	"Csf2rb"	0.00391889414156204	0.00130555005353709	"HiG"	0.023856440560772	6.1170360412236e-05	20.0457159918663	66	81	81	171	NA	NA	NA	NA
"HiG_11"	"Csrp3"	0.001379727562723	0.000768341630051802	"HiG"	0.00674135474107633	1.72855249771188e-05	9.9344262617753	215	213	213	316	NA	NA	NA	NA
"HiG_11"	"Ctr9"	0.00181639061608365	0.0798155823212496	"HiG"	0.0172693703769202	4.42804368638978e-05	66.1832797896229	173	112	112	8	NA	NA	NA	NA
"HiG_11"	"Ctsd"	0.00343209524266514	0.0420872117084096	"HiG"	0.0267144476811863	6.84985837979137e-05	32.1724047051149	79	71	71	73	NA	NA	NA	NA
"HiG_11"	"Cxcr2"	0.00199740431721167	0.000587045659569392	"HiG"	0.0100878193711013	2.58662035156445e-05	13.1226948433207	157	169	169	278	NA	NA	NA	NA
"HiG_11"	"Cyba"	0.00214961034836082	0.0130224558059206	"HiG"	0.0131890197692508	3.38179994083354e-05	25.8206230625246	143	142	142	118	NA	NA	NA	NA
"HiG_11"	"Cybb"	0.00187258761586963	0.000481241036608578	"HiG"	0.0101593891358123	2.60497157328521e-05	13.6070570954617	167	168	168	270	NA	NA	NA	NA
"HiG_11"	"Cyp11a1"	0.000749138922263941	0.000613079572372944	"HiG"	0.00341119972743386	8.74666596777914e-06	18.8252863325009	299	271	271	187	NA	NA	NA	NA
"HiG_11"	"Daxx"	0.00813516799536077	0.146872119159763	"HiG"	0.0852670876170201	0.000218633557992359	35.1953692691372	23	20	20	66	NA	NA	NA	NA
"HiG_11"	"Dctd"	0.00106416216071254	0.00372415971635681	"HiG"	0.00481653232838432	1.23500828932931e-05	17.5015076589398	263	248	248	203	NA	NA	NA	NA
"HiG_11"	"Dctpp1"	0.00112669504326126	0.0327252509003922	"HiG"	0.00857561022484547	2.19887441662704e-05	68.0053697215939	247	189	189	6	NA	NA	NA	NA
"HiG_11"	"Ddt"	0.000418176749374572	0	"HiG"	0	0	NA	372.5	372.5	372.5	NA	NA	NA	NA	NA
"HiG_11"	"Ddx21"	0.0137640724631011	0.495447971032778	"HiG"	0.169514968612203	0.000434653765672314	30.2037640611328	5	4	4	92	NA	NA	NA	NA
"HiG_11"	"Desi1"	0.000623316936746667	0.000294202923133341	"HiG"	0.00127424259501538	3.26728870516765e-06	32	324	327	327	76	NA	NA	NA	NA
"HiG_11"	"Dkc1"	0.0117887142795861	0.547036834906559	"HiG"	0.155298190004909	0.000398200487192073	32.8253132067271	7	5	5	70	NA	NA	NA	NA
"HiG_11"	"Dnmt3b"	0.00309008826958092	0.0507924006531361	"HiG"	0.0282621112157574	7.24669518352753e-05	40.5952208217084	88	68	68	41	NA	NA	NA	NA
"HiG_11"	"Dstn"	0.00157616596077008	0.0190676937678133	"HiG"	0.00958618161305483	2.45799528539867e-05	48.3406141720776	191	172	172	24	NA	NA	NA	NA
"HiG_11"	"Dusp6"	0.00129935203656297	0.0148715762790429	"HiG"	0.00606086589477563	1.5540681781476e-05	36.6182831872605	223	225	225	55	NA	NA	NA	NA
"HiG_11"	"Egr1"	0.00280415122770478	0.0400437228447136	"HiG"	0.0244392426983658	6.26647248676047e-05	38.3802000428198	98	78	78	46	NA	NA	NA	NA
"HiG_11"	"Ehd3"	0.00109532739026798	0.0025127812996419	"HiG"	0.0063242817908365	1.6216107155991e-05	7.69780099051892	257	222	222	327	NA	NA	NA	NA
"HiG_11"	"Eif1ad"	0.000822209089943149	0.000225469918454959	"HiG"	0.00236967007008464	6.07607710278114e-06	14.9962247835839	293	298	298	252	NA	NA	NA	NA
"HiG_11"	"Ephx2"	0.000482755350495076	0.000663599049365588	"HiG"	0.000682009653160293	1.74874270041101e-06	15	346	345	345	249.5	NA	NA	NA	NA
"HiG_11"	"Esam"	0.000696287248727857	4.62169783183288e-06	"HiG"	0.00149276322538026	3.82759801379553e-06	11.6084945879046	312	318	318	297	NA	NA	NA	NA
"HiG_11"	"Exosc2"	0.00316626974880406	0.110294786653322	"HiG"	0.0327398196422161	8.39482554928617e-05	31.2623872973541	85	62	62	84	NA	NA	NA	NA
"HiG_11"	"F13a1"	0.00245215527817797	0.00229863884303792	"HiG"	0.0176626429481666	4.5288828072222e-05	23.4182391772861	120	111	111	137	NA	NA	NA	NA
"HiG_11"	"F2r"	0.00210669874140295	0.000123611773452337	"HiG"	0.00946245398542774	2.42627025267378e-05	11.6375359618871	146	177	177	296	NA	NA	NA	NA
"HiG_11"	"F2rl2"	0.00159814985750296	0.000608840631867141	"HiG"	0.00696071850202442	1.7847996159037e-05	20.7331301146868	190	208	208	167	NA	NA	NA	NA
"HiG_11"	"Fabp5"	0.00138706262450976	0.0230063474894634	"HiG"	0.00902835753998476	2.31496347179096e-05	45.3312732191211	214	184	184	26	NA	NA	NA	NA
"HiG_11"	"Fam136a"	0.00147307315840014	0.000484151893183973	"HiG"	0.00669678682678931	1.71712482738187e-05	17.0771442044403	200	215	215	213	NA	NA	NA	NA
"HiG_11"	"Fam216a"	0.000982570160535548	2.39425836927894e-05	"HiG"	0.00318135680344738	8.15732513704457e-06	7	273	281	281	333	NA	NA	NA	NA
"HiG_11"	"Fam43a"	0.000507896393875581	4.212745452301e-05	"HiG"	0.000691932774287208	1.77418660073643e-06	22.5427485003966	342	344	344	150	NA	NA	NA	NA
"HiG_11"	"Farsb"	0.00290237716584059	0.072540048386549	"HiG"	0.0283931534347148	7.28029575249099e-05	29.8281287481013	94	67	67	98	NA	NA	NA	NA
"HiG_11"	"Fbl"	0.0194399228586735	1	"HiG"	0.266087384583474	0.000682275345085832	29.8375970135507	2	2	2	97	NA	NA	NA	NA
"HiG_11"	"Fcer1g"	0.00379189370804057	0.00198480557085891	"HiG"	0.0230898853672198	5.92048342749226e-05	17.4312295499249	70	86	86	205	NA	NA	NA	NA
"HiG_11"	"Ffar2"	0.00100270070623027	1.67139871823533e-05	"HiG"	0.00330506155379432	8.47451680460083e-06	13.5581260515705	271	275	275	272	NA	NA	NA	NA
"HiG_11"	"Fhl1"	0.00288389433686011	0.00999704155124025	"HiG"	0.0215071975454353	5.51466603729111e-05	27.8109453661299	96	91	91	105	NA	NA	NA	NA
"HiG_11"	"Flt1"	0.00475726439371746	0.00895844827574196	"HiG"	0.0323256556611826	8.28862965671348e-05	22.5584882700368	49	64	64	149	NA	NA	NA	NA
"HiG_11"	"Frmd4b"	0.000418176749374572	0	"HiG"	0	0	NA	372.5	372.5	372.5	NA	NA	NA	NA	NA
"HiG_11"	"Fth1"	0.00145150796001254	0.0207505643493983	"HiG"	0.00976655557337614	2.5042450188144e-05	40.8390955230193	204	171	171	37	NA	NA	NA	NA
"HiG_11"	"Furin"	0.00252126195282416	0.00175477003036854	"HiG"	0.0149570326267233	3.8351365709547e-05	19.8522052021177	113	125	125	174	NA	NA	NA	NA
"HiG_11"	"Fyn"	0.0101816613945807	0.0410101598186548	"HiG"	0.0781455099580051	0.000200373102456423	19.420092837608	12	23	23	179	NA	NA	NA	NA
"HiG_11"	"Gadd45g"	0.00124385875278511	0.000436457437183129	"HiG"	0.00644156958987677	1.65168451022481e-05	15.8477083798168	234	218	218	232	NA	NA	NA	NA
"HiG_11"	"Gar1"	0.00939259958331185	0.407889679285811	"HiG"	0.122410548534808	0.000313873201371303	29.9554241629163	16	8	8	94	NA	NA	NA	NA
"HiG_11"	"Gart"	0.00306335580610851	0.0390437226163749	"HiG"	0.024696991430836	6.33256190534257e-05	29.5652114562032	89	77	77	100	NA	NA	NA	NA
"HiG_11"	"Gata1"	0.00269275088385728	0.0150131579176751	"HiG"	0.0199043685745653	5.10368424988855e-05	21.2717470213528	102	98	98	162	NA	NA	NA	NA
"HiG_11"	"Gata2"	0.00218937187993138	0.0116546284953356	"HiG"	0.0159087008565632	4.07915406578543e-05	21.9513348592156	139	118	118	154	NA	NA	NA	NA
"HiG_11"	"Gcnt1"	0.000418176749374572	0	"HiG"	0	0	NA	372.5	372.5	372.5	NA	NA	NA	NA	NA
"HiG_11"	"Gcsam"	0.000418176749374572	0	"HiG"	0	0	NA	372.5	372.5	372.5	NA	NA	NA	NA	NA
"HiG_11"	"Gda"	0.00055832650760084	0.000378857435908018	"HiG"	0.00130569713713818	3.34794137727738e-06	9.72647245983116	335	326	326	318	NA	NA	NA	NA
"HiG_11"	"Gemin6"	0.00169383570803306	0.0426952933664047	"HiG"	0.0147450617960968	3.78078507592227e-05	25.7664883324199	184	127	127	120	NA	NA	NA	NA
"HiG_11"	"Gimap1"	0.00116477757919533	5.008957580733e-05	"HiG"	0.00302579394898109	7.75844602302843e-06	5.47705726176856	244	284	284	342	NA	NA	NA	NA
"HiG_11"	"Glb1"	0.00152734628173098	0.000213312788599801	"HiG"	0.00358056662395585	9.18094006142527e-06	17.4396422534468	194	269	269	204	NA	NA	NA	NA
"HiG_11"	"Gmfg"	0.00169728226652058	6.38079941057162e-05	"HiG"	0.00834858829908762	2.14066366643272e-05	16.6636658158058	183	192	192	222	NA	NA	NA	NA
"HiG_11"	"Gmpr"	0.000619994109406473	0.00541426227379547	"HiG"	0.00242831884694879	6.22645858191997e-06	21.52541214993	325	295	295	158	NA	NA	NA	NA
"HiG_11"	"Gnaz"	0.00332695097103042	0.00108194330857368	"HiG"	0.0191870702476906	4.91976160197196e-05	10.0496735571053	81	103	103	312	NA	NA	NA	NA
"HiG_11"	"Golim4"	0.00112016990480652	0.000276588326876792	"HiG"	0.00501132362412153	1.28495477541578e-05	8.86998317929476	249	246	246	321	NA	NA	NA	NA
"HiG_11"	"Gp1ba"	0.00714226358537222	0.00330247299155396	"HiG"	0.0606758105074291	0.0001555790013011	19.2047698194252	29	33	33	180	NA	NA	NA	NA
"HiG_11"	"Gp1bb"	0.00427420581373606	0.00126678620097973	"HiG"	0.0356469422202699	9.140241594941e-05	17.4127610001638	60	56	56	206	NA	NA	NA	NA
"HiG_11"	"Gp5"	0.00219409680550916	0.000464374902519987	"HiG"	0.0137099325751495	3.51536732696141e-05	19.1572878310381	137	136	136	182	NA	NA	NA	NA
"HiG_11"	"Gp6"	0.00439199652201575	0.00911451959959023	"HiG"	0.0345855187656321	8.86808173477745e-05	24.3812671915652	56	60	60	130	NA	NA	NA	NA
"HiG_11"	"Gp9"	0.00381719405893403	0.000863415906607458	"HiG"	0.031710235992712	8.13082974172104e-05	15.2476907256072	69	65	65	242	NA	NA	NA	NA
"HiG_11"	"Gpc4"	0.000892635697011795	0.00137320415135046	"HiG"	0.00390067793799517	1.00017383025517e-05	31.868172949367	286	264	264	80	NA	NA	NA	NA
"HiG_11"	"Gpnmb"	0.00103757056479429	8.10372654576e-05	"HiG"	0.0044123365821257	1.13136835439121e-05	18.3628255826003	268	255	255	192	NA	NA	NA	NA
"HiG_11"	"Gsap"	0.000418176749374572	0	"HiG"	0	0	NA	372.5	372.5	372.5	NA	NA	NA	NA	NA
"HiG_11"	"Gzmb"	0.00265808032241453	0.00175507428837353	"HiG"	0.0183632060406731	4.70851436940336e-05	22.852370265104	103	106	106	144	NA	NA	NA	NA
"HiG_11"	"Hacd4"	0.000418176749374572	0	"HiG"	0	0	NA	372.5	372.5	372.5	NA	NA	NA	NA	NA
"HiG_11"	"Havcr2"	0.00174084003377513	0.00206133848676787	"HiG"	0.0092300525691168	2.36668014592739e-05	11.7647183341608	177	180	180	295	NA	NA	NA	NA
"HiG_11"	"Hdc"	0.000418176749374572	0	"HiG"	0	0	NA	372.5	372.5	372.5	NA	NA	NA	NA	NA
"HiG_11"	"Hdhd2"	0.000418176749374572	0	"HiG"	0	0	NA	372.5	372.5	372.5	NA	NA	NA	NA	NA
"HiG_11"	"Hes1"	0.000902244038510723	0.0164787898165866	"HiG"	0.00420306876871111	1.07770994069516e-05	67.8961217923155	284	258	258	7	NA	NA	NA	NA
"HiG_11"	"Hipk1"	0.00273776307302434	0.0110354528697034	"HiG"	0.0166001265670415	4.25644270949783e-05	23.6449028309298	100	117	117	133	NA	NA	NA	NA
"HiG_11"	"Hivep3"	0.000705478664484557	0.00110371762149803	"HiG"	0.00274972426855232	7.05057504757005e-06	30.2246347947639	310	287	287	91	NA	NA	NA	NA
"HiG_11"	"Hmgn3"	0.00136312646894044	0.00473106343046304	"HiG"	0.00754218107386295	1.93389258304178e-05	9.72840107258875	217	200	200	317	NA	NA	NA	NA
"HiG_11"	"Hpse"	0.00178388247695621	0.0188489918335779	"HiG"	0.0154657227243727	3.96556992932633e-05	17.0770896825015	174	123	123	214	NA	NA	NA	NA
"HiG_11"	"Hs3st1"	0.00122791443368275	3.75193814780797e-05	"HiG"	0.00390055118364448	1.00014132913961e-05	8.75958181173523	237	265	265	322	NA	NA	NA	NA
"HiG_11"	"Hsph1"	0.00664706816918106	0.176679908269268	"HiG"	0.0674049848764693	0.00017283329455505	46.603576887127	33	29	29	25	NA	NA	NA	NA
"HiG_11"	"Id2"	0.000741166678304033	0.00190911101342231	"HiG"	0.00276429620189781	7.08793897922516e-06	22.9258105803361	303	286	286	143	NA	NA	NA	NA
"HiG_11"	"Ikzf2"	0.000654018220224021	0.012531447130443	"HiG"	0.00283520757796295	7.26976302041783e-06	73.5663137026736	320	285	285	3	NA	NA	NA	NA
"HiG_11"	"Il12a"	0.00311821865749024	0.00256441340393955	"HiG"	0.0197119613829804	5.05434907255909e-05	12.9110191809111	87	100	100	282	NA	NA	NA	NA
"HiG_11"	"Il1a"	0.00198534665987541	0.000404114724523052	"HiG"	0.00798093330400488	2.04639315487305e-05	12.89157736548	160	194	194	283	NA	NA	NA	NA
"HiG_11"	"Il1b"	0.00497334671817013	0.00514666210547414	"HiG"	0.0278835465119193	7.14962731074854e-05	15.9248007705674	46	69	69	229	NA	NA	NA	NA
"HiG_11"	"Il1rl1"	0.00139891746852714	9.69024762261826e-06	"HiG"	0.00399119330028451	1.02338289750885e-05	8.3791034252642	212	261	261	324	NA	NA	NA	NA
"HiG_11"	"Il21r"	0.00196719330251795	0.00022828592147116	"HiG"	0.0116994757933917	2.99986558804916e-05	14.1229067829647	161	153	153	262	NA	NA	NA	NA
"HiG_11"	"Il6st"	0.00445723868239864	0.00072892388113067	"HiG"	0.0262776242638367	6.73785237534275e-05	19.0397014623979	55	73	73	184	NA	NA	NA	NA
"HiG_11"	"Impdh2"	0.00506353133199135	0.125335095755733	"HiG"	0.0454542311142628	0.000116549310549392	41.1895952431005	45	42	42	34	NA	NA	NA	NA
"HiG_11"	"Inpp4b"	0.000442534918114929	6.33997717824266e-06	"HiG"	0.000138156786062603	3.54248169391291e-07	4	349	350	350	345	NA	NA	NA	NA
"HiG_11"	"Isg15"	0.00316882264612064	0.0142711654218364	"HiG"	0.0198846425718783	5.09862630048162e-05	18.7769207300651	84	99	99	188	NA	NA	NA	NA
"HiG_11"	"Isg20"	0.00196079568605287	0.00107647239322959	"HiG"	0.00910387216870902	2.33432619710488e-05	32.4505726899769	163	182	182	71	NA	NA	NA	NA
"HiG_11"	"Itga2b"	0.012195209120048	0.0133931425036196	"HiG"	0.118584638632987	0.000304063175982017	26.012061958613	6	9	9	117	NA	NA	NA	NA
"HiG_11"	"Itgb2"	0.00389862222857431	0.00123294092116511	"HiG"	0.0232908667728496	5.97201712124349e-05	15.2882073776016	67	84	84	241	NA	NA	NA	NA
"HiG_11"	"Itgb3"	0.0159776014320146	0.0158045121848096	"HiG"	0.150845751583122	0.000386783978418263	19.5886911654746	3	6	6	177	NA	NA	NA	NA
"HiG_11"	"Itsn1"	0.00465766015576625	0.00945864278461626	"HiG"	0.0325702576974292	8.35134812754595e-05	21.0131400691096	52	63	63	165	NA	NA	NA	NA
"HiG_11"	"Jun"	0.00769504154676847	0.0544187562631616	"HiG"	0.0641974243747647	0.000164608780448115	22.5885238456229	27	30	30	148	NA	NA	NA	NA
"HiG_11"	"Kat2a"	0.00531688792769829	0.226306381272388	"HiG"	0.0561026887682562	0.000143853048123734	60.8945247902029	39	36	36	10	NA	NA	NA	NA
"HiG_11"	"Kcnf1"	0.00107242946468057	1.01880640308519e-05	"HiG"	0.00179440173267892	4.6010300837921e-06	2	260	312	312	350	NA	NA	NA	NA
"HiG_11"	"Kcnj5"	0.00163800439123056	0.000731357045518473	"HiG"	0.00381863486638475	9.79137145226858e-06	3.65046699217703	189	266	266	346	NA	NA	NA	NA
"HiG_11"	"Klhdc4"	0.000642624708436516	0.0016192097283411	"HiG"	0.00205746383219194	5.27554828767164e-06	14.6790784596763	321	304	304	255	NA	NA	NA	NA
"HiG_11"	"Lat"	0.00215452660855812	0.000729107257173846	"HiG"	0.0119561997232737	3.06569223673684e-05	19.9009762781901	141	150	150	172	NA	NA	NA	NA
"HiG_11"	"Lcn2"	0.00291698196601531	0.00264007142148689	"HiG"	0.0204813791600973	5.25163568207624e-05	12.6409203222141	93	96	96	286	NA	NA	NA	NA
"HiG_11"	"Lgals3"	0.00834479659324946	0.0135352188022473	"HiG"	0.0522070961427807	0.000133864349084053	15.7898732823933	21	38	38	234	NA	NA	NA	NA
"HiG_11"	"Lgals3bp"	0.00431563500999758	0.00491920772215136	"HiG"	0.0263308174740471	6.75149166001209e-05	25.1298057202444	57	72	72	124	NA	NA	NA	NA
"HiG_11"	"Lgalsl"	0.00076618628929115	0.000174859837103554	"HiG"	0.00236679358009131	6.06870148741361e-06	10.0755540751819	297	299	299	311	NA	NA	NA	NA
"HiG_11"	"Lpl"	0.0011712022166637	0.000410122401710339	"HiG"	0.00594423082631654	1.52416175033757e-05	16.204541279296	242	230	230	227	NA	NA	NA	NA
"HiG_11"	"Lrp12"	0.000908689759902752	0.000482093472255199	"HiG"	0.00330221294063548	8.4672126682961e-06	10.3254234755837	282	276	276	308	NA	NA	NA	NA
"HiG_11"	"Lrpap1"	0.00297828485074216	0.0170706895676352	"HiG"	0.0200620054858991	5.14410397074337e-05	15.472530161095	91	97	97	239	NA	NA	NA	NA
"HiG_11"	"Ltbp1"	0.000986051877228156	0.000273368973131088	"HiG"	0.00446109443134823	1.14387036701237e-05	24.169687230174	272	253	253	131	NA	NA	NA	NA
"HiG_11"	"Ltf"	0.00212941023261647	0.00815273569431279	"HiG"	0.01579845128077	4.05088494378719e-05	17.219182555385	144	120	120	210	NA	NA	NA	NA
"HiG_11"	"Ly6g6f"	0.000560418127033686	2.27095800381944e-05	"HiG"	0.000845232364371819	2.16726247274825e-06	23.5944089853557	334	338	338	134	NA	NA	NA	NA
"HiG_11"	"Lyar"	0.00739751703471284	0.361405037292481	"HiG"	0.0918480299087238	0.000235507768996728	36.3505513439532	28	17	17	60	NA	NA	NA	NA
"HiG_11"	"Lzts2"	0.00152479037105489	0.000679421359342917	"HiG"	0.00644121992047867	1.65159485140479e-05	16.7293969191628	195	219	219	220	NA	NA	NA	NA
"HiG_11"	"Mad1l1"	0.0024989791944771	0.00929979162214599	"HiG"	0.0143870855313517	3.68899629009019e-05	19.6011334070181	115	131	131	176	NA	NA	NA	NA
"HiG_11"	"Med21"	0.00312267973803146	0.0298208287834532	"HiG"	0.0237562261450141	6.0913400371831e-05	39.5015716620152	86	82	82	43	NA	NA	NA	NA
"HiG_11"	"Mef2c"	0.00250573029242245	0.0246252648909578	"HiG"	0.0193516707902682	4.96196686929953e-05	31.1807267605368	114	102	102	86	NA	NA	NA	NA
"HiG_11"	"Meis1"	0.0039482743527391	0.0128368903725252	"HiG"	0.0370036026028086	9.48810323148937e-05	15.850450954679	65	53	53	231	NA	NA	NA	NA
"HiG_11"	"Mfge8"	0.00110677129366242	0.0144316654831055	"HiG"	0.00477619361692956	1.22466502998194e-05	57.4008353450404	254	249	249	15	NA	NA	NA	NA
"HiG_11"	"Mllt3"	0.000579337769193721	0.00187895997625917	"HiG"	0.00173710004575688	4.45410268142789e-06	24.7818609253292	332	313	313	127	NA	NA	NA	NA
"HiG_11"	"Mmp12"	0.00146865118160083	0.000223857294381157	"HiG"	0.00708363493556599	1.81631665014513e-05	13.7258416636656	202	204	204	267	NA	NA	NA	NA
"HiG_11"	"Mmp8"	0.00221186492264505	0.00152197195959574	"HiG"	0.0136415685718182	3.49783809533801e-05	12.4323839170639	134	137	137	287	NA	NA	NA	NA
"HiG_11"	"Mmrn1"	0.00215244482570125	0.00158709734687669	"HiG"	0.0138377669584426	3.54814537395964e-05	17.2655129190929	142	135	135	209	NA	NA	NA	NA
"HiG_11"	"Mov10"	0.00470073732241522	0.0297407782367047	"HiG"	0.0248191143373091	6.36387547110491e-05	21.8190637208932	50	76	76	156	NA	NA	NA	NA
"HiG_11"	"Mpl"	0.00233804417360608	0.00107080752152425	"HiG"	0.0138871878968744	3.56081740945497e-05	23.5596125510182	128	133	133	136	NA	NA	NA	NA
"HiG_11"	"Mpp1"	0.00132749165730302	0.00164006293939389	"HiG"	0.00670274715685013	1.71865311714106e-05	22.6544983513555	220	214	214	147	NA	NA	NA	NA
"HiG_11"	"Msi2"	0.00106799777916972	0.00376973502584388	"HiG"	0.00470598689380979	1.20666330610507e-05	43.3284957564866	262	250	250	31	NA	NA	NA	NA
"HiG_11"	"Mtap"	0.00141195503229138	0.00634079894758369	"HiG"	0.00951624873723652	2.4400637787786e-05	22.720665846235	210	176	176	146	NA	NA	NA	NA
"HiG_11"	"Muc13"	0.000423166451641304	4.38531326322863e-07	"HiG"	2.65975356336584e-05	6.81988093170729e-08	28	351	351	351	104	NA	NA	NA	NA
"HiG_11"	"Muc6"	0.000418176749374572	0	"HiG"	0	0	NA	372.5	372.5	372.5	NA	NA	NA	NA	NA
"HiG_11"	"Mxd1"	0.00143767749449433	0.0215552537305804	"HiG"	0.0106702850218843	2.73597051843187e-05	31.4263660448972	207	164	164	83	NA	NA	NA	NA
"HiG_11"	"Mybbp1a"	0.00708861718450937	0.326973775769397	"HiG"	0.0832152147482811	0.000213372345508413	42.8099469294398	31	22	22	32	NA	NA	NA	NA
"HiG_11"	"Myc"	0.0466620610581868	0.950373637487797	"HiG"	0.507980954735166	0.00130251526855171	19.866251491578	1	1	1	173	NA	NA	NA	NA
"HiG_11"	"Mycn"	0.00993612075549501	0.224982315042442	"HiG"	0.101977768599926	0.000261481457948528	24.7626487767202	14	15	15	128	NA	NA	NA	NA
"HiG_11"	"Myct1"	0.000418176749374572	0	"HiG"	0	0	NA	372.5	372.5	372.5	NA	NA	NA	NA	NA
"HiG_11"	"Myl9"	0.00240109485586383	0.0216992645598541	"HiG"	0.0177147176930666	4.54223530591452e-05	37.1035442776917	124	110	110	52	NA	NA	NA	NA
"HiG_11"	"Mylk3"	0.000669481454999512	0.000291627997771292	"HiG"	0.00198256146422767	5.0834909339171e-06	20.7001748258761	315	305	305	168	NA	NA	NA	NA
"HiG_11"	"Ndst1"	0.000791729297980684	1.22957293847474e-05	"HiG"	0.00166575240522442	4.27116001339596e-06	7.49063427584321	296	315	315	329	NA	NA	NA	NA
"HiG_11"	"Neil3"	0.00120956394296201	0.00509103517437466	"HiG"	0.00790672694983387	2.02736588457279e-05	25.3026184106168	239	195	195	122	NA	NA	NA	NA
"HiG_11"	"Nkg7"	0.00406811958056747	3.84537614564943e-05	"HiG"	0.017237837848858	4.41995842278411e-05	7.55567590948067	64	113	113	328	NA	NA	NA	NA
"HiG_11"	"Nlrp6"	0.000418176749374572	0	"HiG"	0	0	NA	372.5	372.5	372.5	NA	NA	NA	NA	NA
"HiG_11"	"Noc2l"	0.00573793732434134	0.285452856161853	"HiG"	0.0707329725630412	0.00018136659631549	38.5945061041167	35	27	27	45	NA	NA	NA	NA
"HiG_11"	"Noc3l"	0.00477143872673509	0.253486054635645	"HiG"	0.061846839058867	0.00015858163861248	40.8042672022838	48	31	31	38	NA	NA	NA	NA
"HiG_11"	"Nolc1"	0.00892590668873033	0.52933451176422	"HiG"	0.117708037417542	0.000301815480557799	35.076505240582	18	10	10	67	NA	NA	NA	NA
"HiG_11"	"Nop14"	0.00374567796675702	0.188292987585187	"HiG"	0.045667166396236	0.000117095298451887	40.6771647696622	72	41	41	40	NA	NA	NA	NA
"HiG_11"	"Nop2"	0.00856570951374905	0.427978201212144	"HiG"	0.110918957787296	0.00028440758406999	34.2886589504869	20	12	12	68	NA	NA	NA	NA
"HiG_11"	"Nop56"	0.0150857473285564	0.90684083096448	"HiG"	0.208933164447137	0.000535726062684966	35.3255203220003	4	3	3	64	NA	NA	NA	NA
"HiG_11"	"Nop58"	0.0107309172971674	0.73461653332394	"HiG"	0.148966597707798	0.000381965635148199	35.5829085150848	11	7	7	61	NA	NA	NA	NA
"HiG_11"	"Npm3"	0.0036993919935764	0.144432887584602	"HiG"	0.0452013215500698	0.000115900824487359	37.2454089644302	74	43	43	51	NA	NA	NA	NA
"HiG_11"	"Nrgn"	0.00124314037160069	0.00129757666097129	"HiG"	0.0075495770351965	1.93578898338372e-05	21.482342352714	235	199	199	159	NA	NA	NA	NA
"HiG_11"	"Nrip1"	0.00410656834795894	0.0580824783986331	"HiG"	0.0355950361427513	9.12693234429521e-05	31.1144556551367	63	57	57	87	NA	NA	NA	NA
"HiG_11"	"Nt5e"	0.00127951179121915	0.0297150271070497	"HiG"	0.00933188236723063	2.39279035057196e-05	57.9418256128179	227	179	179	14	NA	NA	NA	NA
"HiG_11"	"Nudcd1"	0.00144738130046579	0.033729600367908	"HiG"	0.00995681333335274	2.55302905983403e-05	45.2536409219654	206	170	170	27	NA	NA	NA	NA
"HiG_11"	"Nudt5"	0.00121449051015038	0.000733051314476674	"HiG"	0.00707022158699079	1.81287732999764e-05	5	238	205	205	343.5	NA	NA	NA	NA
"HiG_11"	"Odc1"	0.00146912388383185	0.0397634592482685	"HiG"	0.0121549377625366	3.11665070834271e-05	43.6623131104465	201	148	148	30	NA	NA	NA	NA
"HiG_11"	"Osm"	0.00171007306798458	0.000624441293076177	"HiG"	0.00954702438017087	2.44795496927458e-05	20.3116485695457	181	174	174	170	NA	NA	NA	NA
"HiG_11"	"Otulin"	0.00111675593566354	0.0011152254291636	"HiG"	0.0045493013243393	1.16648751906136e-05	6.86800195642144	251	251	251	335	NA	NA	NA	NA
"HiG_11"	"P2rx1"	0.000418176749374572	0	"HiG"	0	0	NA	372.5	372.5	372.5	NA	NA	NA	NA	NA
"HiG_11"	"P2ry1"	0.00242190856253399	6.59364595639306e-05	"HiG"	0.0106003132410227	2.71802903615966e-05	7.2650715275578	121	165	165	331	NA	NA	NA	NA
"HiG_11"	"P2ry14"	0.000418176749374572	0	"HiG"	0	0	NA	372.5	372.5	372.5	NA	NA	NA	NA	NA
"HiG_11"	"Pa2g4"	0.00333921770625979	0.11008254504822	"HiG"	0.0311653488905194	7.99111510013317e-05	39.4124150577003	80	66	66	44	NA	NA	NA	NA
"HiG_11"	"Padi2"	0.000510406178946629	0.0087150729439135	"HiG"	0.0011812290233303	3.0287923675136e-06	108	341	329	329	1	NA	NA	NA	NA
"HiG_11"	"Paqr7"	0.000418176749374572	0	"HiG"	0	0	NA	372.5	372.5	372.5	NA	NA	NA	NA	NA
"HiG_11"	"Parm1"	0.000550857189927876	5.2075434469446e-06	"HiG"	0.000920255002086154	2.35962821047732e-06	15	336	337	337	249.5	NA	NA	NA	NA
"HiG_11"	"Parvb"	0.00167209490617293	0.001452980240378	"HiG"	0.00769394894819894	1.97280742261511e-05	13.5874224643888	188	197	197	271	NA	NA	NA	NA
"HiG_11"	"Pbx1"	0.00414749980556698	0.0138424316751436	"HiG"	0.0379654703063074	9.73473597597625e-05	14.1657975714752	61	51	51	260	NA	NA	NA	NA
"HiG_11"	"Pcmtd2"	0.000585112744753095	0.000674259916325609	"HiG"	0.00158899412449043	4.07434390894982e-06	63.7777612544517	330	316	316	9	NA	NA	NA	NA
"HiG_11"	"Pcyt1b"	0.000418176749374572	0	"HiG"	0	0	NA	372.5	372.5	372.5	NA	NA	NA	NA	NA
"HiG_11"	"Pde3a"	0.00171097098065732	2.22978505598383e-08	"HiG"	0.000822871814686521	2.10992772996544e-06	2	180	339	339	350	NA	NA	NA	NA
"HiG_11"	"Phlda1"	0.000418176749374572	0	"HiG"	0	0	NA	372.5	372.5	372.5	NA	NA	NA	NA	NA
"HiG_11"	"Phtf2"	0.000418176749374572	0	"HiG"	0	0	NA	372.5	372.5	372.5	NA	NA	NA	NA	NA
"HiG_11"	"Pik3cb"	0.00348693261845178	0.00324978380973923	"HiG"	0.022537386881822	5.77881714918512e-05	19.4754112242067	78	88	88	178	NA	NA	NA	NA
"HiG_11"	"Pim2"	0.000681747604674142	0.00016107446395337	"HiG"	0.00188015648957341	4.82091407582926e-06	11	313	308	308	302	NA	NA	NA	NA
"HiG_11"	"Plac8"	0.00044349541301503	2.73430216993706e-07	"HiG"	0.000152086303792112	3.89964881518235e-07	15	348	349	349	249.5	NA	NA	NA	NA
"HiG_11"	"Plek2"	0.00133596532477884	0.0586216042659095	"HiG"	0.0101638052384641	2.60610390729849e-05	88.9371925493948	219	167	167	2	NA	NA	NA	NA
"HiG_11"	"Plin2"	0.00233318485502102	2.50142939053233e-07	"HiG"	0.00126866855125619	3.25299628527229e-06	1.09684786827865	129	328	328	353	NA	NA	NA	NA
"HiG_11"	"Plod2"	0.00209732634695643	0.0328695362409601	"HiG"	0.0182386483050993	4.67657648848699e-05	31.9144634988494	149	107	107	79	NA	NA	NA	NA
"HiG_11"	"Plpp3"	0.000720650139935309	0.000245236510571004	"HiG"	0.00226783639867299	5.81496512480253e-06	26.7902954621734	308	302	302	109	NA	NA	NA	NA
"HiG_11"	"Plpp5"	0.000418176749374572	0	"HiG"	0	0	NA	372.5	372.5	372.5	NA	NA	NA	NA	NA
"HiG_11"	"Pls1"	0.00169258349238683	0.000976902730436692	"HiG"	0.00870579587540978	2.23225535266917e-05	21.3433827678795	185	188	188	160	NA	NA	NA	NA
"HiG_11"	"Plxdc2"	0.000738600283612298	0.000374135993487909	"HiG"	0.00248264488427341	6.36575611352157e-06	12.9572958949111	304	293	293	281	NA	NA	NA	NA
"HiG_11"	"Plxna4"	0.000634874597134744	5.69741057588146e-05	"HiG"	0.00147178390899198	3.77380489485123e-06	14	322	320	320	263.5	NA	NA	NA	NA
"HiG_11"	"Plxnb3"	0.000440514533857093	4.28677048754016e-05	"HiG"	0.000185408299166118	4.75405895297738e-07	57	350	348	348	16	NA	NA	NA	NA
"HiG_11"	"Plxnc1"	0.000418176749374572	0	"HiG"	0	0	NA	372.5	372.5	372.5	NA	NA	NA	NA	NA
"HiG_11"	"Pml"	0.00823780134090782	0.147774920867862	"HiG"	0.0845736482891466	0.000216855508433709	37.7293693710265	22	21	21	49	NA	NA	NA	NA
"HiG_11"	"Pno1"	0.00373306547068693	0.213085090785021	"HiG"	0.0465760096522041	0.000119425665774882	41.2403577826283	73	40	40	33	NA	NA	NA	NA
"HiG_11"	"Pnpla8"	0.00044822752615881	0.000221168540744676	"HiG"	0.000299513102596876	7.67982314350964e-07	15	347	347	347	247	NA	NA	NA	NA
"HiG_11"	"Poc1a"	0.000631713126585307	0.00222422561000878	"HiG"	0.00259765407081847	6.66065146363711e-06	12	323	291	291	293	NA	NA	NA	NA
"HiG_11"	"Podxl"	0.000934379414449194	0.000172502359132371	"HiG"	0.00327737838761262	8.40353432721185e-06	24.9835876633307	278	279	279	125	NA	NA	NA	NA
"HiG_11"	"Pparg"	0.00259378564126432	0.0127109044520003	"HiG"	0.019502505548638	5.00064244836871e-05	22.3857297263193	108	101	101	151	NA	NA	NA	NA
"HiG_11"	"Ppat"	0.00272146178574962	0.0133554589041625	"HiG"	0.0205385590347539	5.26629718839843e-05	13.7208566910086	101	94	94	268	NA	NA	NA	NA
"HiG_11"	"Ppbp"	0.00318321691744855	0.00140528854128187	"HiG"	0.0231650758834348	5.93976304703457e-05	20.9324569527451	82	85	85	166	NA	NA	NA	NA
"HiG_11"	"Ppia"	0.0093492793284018	0.140423183324231	"HiG"	0.0853623333726344	0.00021887777787855	29.8454533753854	17	19	19	96	NA	NA	NA	NA
"HiG_11"	"Ppic"	0.00110931038288353	0.0128454894255715	"HiG"	0.00768292921568857	1.96998185017656e-05	26.7449488968309	253	198	198	110	NA	NA	NA	NA
"HiG_11"	"Ppp1r3d"	0.000746954766450423	0.000582043948802758	"HiG"	0.00270503060936108	6.93597592143867e-06	32.0699062092211	301	289	289	74	NA	NA	NA	NA
"HiG_11"	"Prdx5"	0.00237217031425143	0.00995889365666356	"HiG"	0.0118590282715081	3.04077647987387e-05	18.1262423959099	126	151	151	194	NA	NA	NA	NA
"HiG_11"	"Prg2"	0.00283082810006089	0.00175048032751059	"HiG"	0.0167730065244682	4.3007709037098e-05	17.8326433333427	97	116	116	198	NA	NA	NA	NA
"HiG_11"	"Prmt1"	0.0101642156472182	0.258164602769639	"HiG"	0.111068242742896	0.000284790366007425	26.2222631579052	13	11	11	114	NA	NA	NA	NA
"HiG_11"	"Prmt3"	0.00262399776380887	0.0743976557037436	"HiG"	0.0272793784401065	6.99471242054013e-05	30.8835482621117	105	70	70	89	NA	NA	NA	NA
"HiG_11"	"Psph"	0.000610689218782325	0.00496015446421928	"HiG"	0.00247489039001756	6.34587279491681e-06	40	326	294	294	42	NA	NA	NA	NA
"HiG_11"	"Ptger3"	0.00259677047425826	0.00194124546469246	"HiG"	0.0157547191079559	4.03967156614254e-05	10.9367789031493	107	121	121	303	NA	NA	NA	NA
"HiG_11"	"Ptges3"	0.00524860846389977	0.0524025527936509	"HiG"	0.0446041212734268	0.000114369541726735	18.8893380639116	43	45	45	186	NA	NA	NA	NA
"HiG_11"	"Ptgr1"	0.000667037615436496	0.000124057054504316	"HiG"	0.00147806576321592	3.78991221337414e-06	9.2866074555761	316	319	319	319	NA	NA	NA	NA
"HiG_11"	"Ptgs1"	0.000900483841948703	0.000219790238725082	"HiG"	0.0036085566058492	9.25270924576718e-06	15.1436960332642	285	268	268	243	NA	NA	NA	NA
"HiG_11"	"Ptgs2"	0.000911727010831795	0.00436753618079185	"HiG"	0.00339218904782158	8.69792063543994e-06	37.3360970576065	281	272	272	50	NA	NA	NA	NA
"HiG_11"	"Ptprcap"	0.00144760288494941	8.47412683539485e-05	"HiG"	0.0054897575155867	1.40763013220172e-05	9.10511731740397	205	237	237	320	NA	NA	NA	NA
"HiG_11"	"Pus7"	0.00300820263995438	0.0953946431311318	"HiG"	0.0353816754708378	9.07222447970201e-05	24.1222980760996	90	58	58	132	NA	NA	NA	NA
"HiG_11"	"Pygl"	0.00105753028811836	0.00473916733802223	"HiG"	0.00560989727032985	1.43843519752047e-05	23.261735543023	266	233	233	139	NA	NA	NA	NA
"HiG_11"	"Rab27b"	0.00194375728434658	0.00010068204326692	"HiG"	0.00910187328532391	2.33381366290357e-05	16.884933530014	165	183	183	218	NA	NA	NA	NA
"HiG_11"	"Rab33b"	0.00228362827117849	0.000363677589701154	"HiG"	0.011179688356978	2.8665867581995e-05	10.5226999455755	131	159	159	305	NA	NA	NA	NA
"HiG_11"	"Rab38"	0.00289809176376427	0.000969429202346699	"HiG"	0.0138854993737199	3.56038445479998e-05	14.3942191262642	95	134	134	259	NA	NA	NA	NA
"HiG_11"	"Rangrf"	0.00239772680115276	0.0543209451499262	"HiG"	0.0185022782385109	4.74417390731049e-05	17.9597117683336	125	105	105	197	NA	NA	NA	NA
"HiG_11"	"Rap1gap2"	0.000418176749374572	0	"HiG"	0	0	NA	372.5	372.5	372.5	NA	NA	NA	NA	NA
"HiG_11"	"Raph1"	0.00184570020142165	0.00962879094267021	"HiG"	0.0134452368892596	3.44749663827169e-05	31.0083056650398	169	139	139	88	NA	NA	NA	NA
"HiG_11"	"Rasgef1b"	0.00102887039296104	6.6433101514321e-05	"HiG"	0.00434447809857707	1.11396874322489e-05	15.5261427698854	269	257	257	238	NA	NA	NA	NA
"HiG_11"	"Rasgrp2"	0.00112603078088522	0.000262798362759746	"HiG"	0.00542122495707785	1.39005768130201e-05	19.2042847178332	248	239	239	181	NA	NA	NA	NA
"HiG_11"	"Rassf5"	0.00124518054424794	0.000160597689099675	"HiG"	0.00502312960475447	1.28798194993704e-05	16.0766287280682	232	245	245	228	NA	NA	NA	NA
"HiG_11"	"Rbms3"	0.00128526800153713	0.0322868335162366	"HiG"	0.00956536470904795	2.4526576177046e-05	60.6810927197438	226	173	173	12	NA	NA	NA	NA
"HiG_11"	"Rbpms2"	0.000656539388584192	0.00740571912654569	"HiG"	0.00183117982136615	4.69533287529781e-06	60.3667966755383	318	309	309	13	NA	NA	NA	NA
"HiG_11"	"Rcc1"	0.00210209795862453	0.0662754934999055	"HiG"	0.0180008719833574	4.61560820086088e-05	54.5896076808242	148	108	108	17	NA	NA	NA	NA
"HiG_11"	"Rcl1"	0.00202547455723467	0.117106450602761	"HiG"	0.0227040054547241	5.82153986018567e-05	51.4862654537402	154	87	87	20	NA	NA	NA	NA
"HiG_11"	"Reep2"	0.000419362267207672	1.02706860400501e-07	"HiG"	6.68576543930447e-06	1.71429883059089e-08	7	353	353	353	333	NA	NA	NA	NA
"HiG_11"	"Rgs1"	0.00124453790074844	4.76490864224605e-05	"HiG"	0.00529203949247321	1.35693320319826e-05	10.5160125357172	233	240	240	306	NA	NA	NA	NA
"HiG_11"	"Rhoj"	0.00461663782669643	0.00212381501435529	"HiG"	0.0209175828853671	5.36348279111977e-05	11.2461509133147	53	93	93	300	NA	NA	NA	NA
"HiG_11"	"Rmi2"	0.000418176749374572	0	"HiG"	0	0	NA	372.5	372.5	372.5	NA	NA	NA	NA	NA
"HiG_11"	"Rnf128"	0.000526155143080072	0.000359410733866455	"HiG"	0.000804994229560849	2.06408776810474e-06	10.0860541100576	340	340	340	310	NA	NA	NA	NA
"HiG_11"	"Rnf149"	0.00431480043177988	0.00498644382207913	"HiG"	0.024909734106226	6.38711130928873e-05	13.6236269965837	58	74	74	269	NA	NA	NA	NA
"HiG_11"	"Rnmt"	0.00248331996657276	0.0664582313372165	"HiG"	0.0235206893569616	6.03094598896452e-05	51.7213258809374	118	83	83	19	NA	NA	NA	NA
"HiG_11"	"Robo3"	0.000876843093507542	0.000154578081470964	"HiG"	0.00328761081265826	8.42977131450836e-06	26.7999689853021	288	277	277	108	NA	NA	NA	NA
"HiG_11"	"Rsad1"	0.000494651266575048	2.02669608365406e-06	"HiG"	0.000562182538219486	1.44149368774227e-06	7	343	346	346	333	NA	NA	NA	NA
"HiG_11"	"Rsad2"	0.00149508409184532	0.000232339322681591	"HiG"	0.00598072078110302	1.53351814900077e-05	12.7148493537883	199	229	229	285	NA	NA	NA	NA
"HiG_11"	"S100a8"	0.00623100577982766	0.0272023703046168	"HiG"	0.0543975811336284	0.000139480977265714	22.1313490181158	34	37	37	152	NA	NA	NA	NA
"HiG_11"	"S100a9"	0.00869672733847925	0.046078690598595	"HiG"	0.0739038250917247	0.000189496987414679	18.7217287567827	19	25	25	189	NA	NA	NA	NA
"HiG_11"	"Samd14"	0.000418176749374572	0	"HiG"	0	0	NA	372.5	372.5	372.5	NA	NA	NA	NA	NA
"HiG_11"	"Sapcd1"	0.000570382629898297	0.000840619641374176	"HiG"	0.001422110752691	3.64643782741281e-06	13.515025306833	333	322	322	273	NA	NA	NA	NA
"HiG_11"	"Sat1"	0.000967743391115401	0.000264176470354719	"HiG"	0.00381224602358227	9.77498980405711e-06	10.4205254009754	275	267	267	307	NA	NA	NA	NA
"HiG_11"	"Scarf1"	0.00115868604612482	0.0001855370140785	"HiG"	0.00499350855560249	1.28038680912884e-05	14.1269690018241	246	247	247	261	NA	NA	NA	NA
"HiG_11"	"Scin"	0.00149562204988158	0.0059111630186663	"HiG"	0.00721054965632134	1.84885888623624e-05	18.0503532258309	198	203	203	195	NA	NA	NA	NA
"HiG_11"	"Sell"	0.00411910255660683	0.000231586833995314	"HiG"	0.0210315294645822	5.3926998627134e-05	13.8459988341293	62	92	92	265	NA	NA	NA	NA
"HiG_11"	"Selp"	0.005296024198047	0.000862370392758787	"HiG"	0.0368544716874247	9.44986453523711e-05	16.4104374591265	40	54	54	224	NA	NA	NA	NA
"HiG_11"	"Serpinb10"	0.00108605642966635	0.00239758962031926	"HiG"	0.0033332355458746	8.54675780993488e-06	12.3836027658405	259	274	274	289	NA	NA	NA	NA
"HiG_11"	"Serpinb2"	0.000733591488394402	1.6053695482111e-06	"HiG"	0.00117852454414199	3.02185780549229e-06	5	305	330	330	343.5	NA	NA	NA	NA
"HiG_11"	"Serpine2"	0.00218940115238213	7.58652806577402e-05	"HiG"	0.00684395024592778	1.75485903741738e-05	7.45560078094522	138	212	212	330	NA	NA	NA	NA
"HiG_11"	"Sh3pxd2b"	0.00111534363816376	0.00141423425643724	"HiG"	0.00591775974033469	1.51737429239351e-05	29.6693027178095	252	231	231	99	NA	NA	NA	NA
"HiG_11"	"Sirt3"	0.00105898025684086	0.000191642984093642	"HiG"	0.00395650142935681	1.01448754598893e-05	9.98389787798449	264	262	262	314	NA	NA	NA	NA
"HiG_11"	"Slc12a2"	0.00255227859151324	0.00175886412097142	"HiG"	0.0149498568061297	3.83329661695633e-05	28.2333358766459	111	126	126	102	NA	NA	NA	NA
"HiG_11"	"Slc14a1"	0.00184057300023198	0.00300916598689549	"HiG"	0.00838099972681843	2.1489742889278e-05	26.3522639416232	170	191	191	113	NA	NA	NA	NA
"HiG_11"	"Slc16a1"	0.00199892960628046	0.0504082480448098	"HiG"	0.0135586876099428	3.476586566652e-05	60.8688691286093	155	138	138	11	NA	NA	NA	NA
"HiG_11"	"Slc18a2"	0.00207602972799551	3.89341038497061e-05	"HiG"	0.00654344004251122	1.67780513910544e-05	8.08262513903663	151	216	216	326	NA	NA	NA	NA
"HiG_11"	"Slc24a3"	0.000418176749374572	0	"HiG"	0	0	NA	372.5	372.5	372.5	NA	NA	NA	NA	NA
"HiG_11"	"Slc35d3"	0.000418176749374572	0	"HiG"	0	0	NA	372.5	372.5	372.5	NA	NA	NA	NA	NA
"HiG_11"	"Slc39a10"	0.00375809814731953	0.0586664854067047	"HiG"	0.0238658241757819	6.11944209635434e-05	36.4648899369618	71	80	80	58	NA	NA	NA	NA
"HiG_11"	"Slc41a3"	0.000485409460027047	0.000630884637389013	"HiG"	0.00073822534943749	1.89288551137818e-06	14	344	343	343	263.5	NA	NA	NA	NA
"HiG_11"	"Slc6a4"	0.0052840591977263	0.0211453439126947	"HiG"	0.0428368253883773	0.000109838013816352	26.5150159520054	41	47	47	112	NA	NA	NA	NA
"HiG_11"	"Slc6a9"	0.00104598770942379	0.00441709037582798	"HiG"	0.00552115717898511	1.4156813279449e-05	14.4362673647187	267	235	235	257	NA	NA	NA	NA
"HiG_11"	"Slpi"	0.00118748510615243	0.00318612970194649	"HiG"	0.00685133607420987	1.75675283954099e-05	13.1998861681161	241	211	211	277	NA	NA	NA	NA
"HiG_11"	"Smad3"	0.0070068970196498	0.0350958376777902	"HiG"	0.0581816409849326	0.000149183694833161	26.7249499066667	32	35	35	111	NA	NA	NA	NA
"HiG_11"	"Snap47"	0.00191221616818562	3.4905051025046e-06	"HiG"	0.00103456717067988	2.65273633507661e-06	6.52479797717189	166	334	334	337	NA	NA	NA	NA
"HiG_11"	"Snca"	0.00794995756393385	0.0550819069956331	"HiG"	0.0610773001073911	0.000156608461813823	21.1819756480164	25	32	32	164	NA	NA	NA	NA
"HiG_11"	"Socs2"	0.00205665490814477	0.00147989836289996	"HiG"	0.0115089026256541	2.95100067324465e-05	26.0645753057499	152	154	154	116	NA	NA	NA	NA
"HiG_11"	"Socs3"	0.00558488899811218	0.00258630296402515	"HiG"	0.0375840108077209	9.63692584813358e-05	18.5509434806804	37	52	52	191	NA	NA	NA	NA
"HiG_11"	"Sort1"	0.00181666840318942	0.00703306278270146	"HiG"	0.00890637140606323	2.28368497591365e-05	12.3663350208805	172	185	185	291	NA	NA	NA	NA
"HiG_11"	"Specc1"	0.0014613663159974	0.0104988518018729	"HiG"	0.00687111459285834	1.76182425457906e-05	30.5657014142596	203	210	210	90	NA	NA	NA	NA
"HiG_11"	"Spint2"	0.00221966012323275	0.00297479145434513	"HiG"	0.0113869008321446	2.91971816208835e-05	12.3627351796009	133	156	156	292	NA	NA	NA	NA
"HiG_11"	"Spns2"	0.000530139547504768	0.000167540640267578	"HiG"	0.000993219387531854	2.5467163782868e-06	17	339	335	335	216	NA	NA	NA	NA
"HiG_11"	"Spry1"	0.000865141979275066	0.000208608565202645	"HiG"	0.00258291378174642	6.62285585063184e-06	6.84339596686087	289	292	292	336	NA	NA	NA	NA
"HiG_11"	"Spta1"	0.00261746395254858	0.00160417670686984	"HiG"	0.0145827254632815	3.7391603752004e-05	15.0531145334271	106	128	128	246	NA	NA	NA	NA
"HiG_11"	"Sptb"	0.00204241617986888	0.000661164494196325	"HiG"	0.0112095855349382	2.8742527012662e-05	9.96826472596033	153	158	158	315	NA	NA	NA	NA
"HiG_11"	"Src"	0.00975700103572199	0.0297823200131326	"HiG"	0.0688373828276134	0.000176506109814393	20.5157995383746	15	28	28	169	NA	NA	NA	NA
"HiG_11"	"Srm"	0.00230639180570514	0.0342558759255289	"HiG"	0.0177957191611197	4.56300491310761e-05	32.4342246796086	130	109	109	72	NA	NA	NA	NA
"HiG_11"	"Srpk1"	0.0070981165302622	0.25084393422893	"HiG"	0.0772368291393979	0.000198043151639482	35.3337814338777	30	24	24	63	NA	NA	NA	NA
"HiG_11"	"Ssbp1"	0.00466158766738257	0.106689855700033	"HiG"	0.0397725065736902	0.000101980786086385	40.7116198619825	51	50	50	39	NA	NA	NA	NA
"HiG_11"	"Ssbp2"	0.00130801365698159	0.00263809128999262	"HiG"	0.00687348841727981	1.76243292750764e-05	13.393679127495	221	209	209	274	NA	NA	NA	NA
"HiG_11"	"Ssbp3"	0.00126349376391168	0.00143669255771762	"HiG"	0.00616218902091754	1.58004846690193e-05	8.7155224731616	230	223	223	323	NA	NA	NA	NA
"HiG_11"	"St3gal5"	0.00098046686476036	2.56811933132354e-06	"HiG"	0.00155079992180186	3.97641005590219e-06	2	274	317	317	350	NA	NA	NA	NA
"HiG_11"	"St3gal6"	0.000418176749374572	0	"HiG"	0	0	NA	372.5	372.5	372.5	NA	NA	NA	NA	NA
"HiG_11"	"Stk10"	0.00127786232388837	0.00168332475490252	"HiG"	0.00543488678718441	1.39356071466267e-05	15.7589720162726	228	238	238	235	NA	NA	NA	NA
"HiG_11"	"Stom"	0.00208806590527732	0.000958858605785719	"HiG"	0.01112691476941	2.85305506907948e-05	13.0754951702635	150	160	160	279	NA	NA	NA	NA
"HiG_11"	"Stx11"	0.00150517584113931	0.00197742470999222	"HiG"	0.00726546645567745	1.86294011684037e-05	17.5288375146677	196	202	202	202	NA	NA	NA	NA
"HiG_11"	"Suclg2"	0.00240722546028854	0.0465309692120907	"HiG"	0.0134361669187676	3.44517100481221e-05	54.2375299891016	123	140	140	18	NA	NA	NA	NA
"HiG_11"	"Syce2"	0.000418176749374572	0	"HiG"	0	0	NA	372.5	372.5	372.5	NA	NA	NA	NA	NA
"HiG_11"	"Syne1"	0.0012327088107987	0.00927139134372437	"HiG"	0.0061187440255375	1.5689087244968e-05	33.1199394185744	236	224	224	69	NA	NA	NA	NA
"HiG_11"	"Syngr1"	0.000756464038564479	7.99122900217814e-05	"HiG"	0.00104457105559217	2.6783873220312e-06	11.4392456559087	298	333	333	299	NA	NA	NA	NA
"HiG_11"	"Syt13"	0.000418176749374572	0	"HiG"	0	0	NA	372.5	372.5	372.5	NA	NA	NA	NA	NA
"HiG_11"	"Tap1"	0.00176194419428834	0.00125743794665527	"HiG"	0.00605994042551808	1.55383087833797e-05	17.1588582927894	176	226	226	211	NA	NA	NA	NA
"HiG_11"	"Tbc1d8"	0.000842339808959347	0.00011958588113788	"HiG"	0.00241952130665764	6.20390078630164e-06	11.5793552087733	290	296	296	298	NA	NA	NA	NA
"HiG_11"	"Tbxa2r"	0.000590489462067941	0.00219628636494359	"HiG"	0.00131365760263609	3.36835282727203e-06	15.5963772946062	329	325	325	236	NA	NA	NA	NA
"HiG_11"	"Tcf19"	0.000418176749374572	0	"HiG"	0	0	NA	372.5	372.5	372.5	NA	NA	NA	NA	NA
"HiG_11"	"Tcf4"	0.00526505893536284	0.0840938932701322	"HiG"	0.0471697066261986	0.000120947965708202	37.9935402210114	42	39	39	47	NA	NA	NA	NA
"HiG_11"	"Tesc"	0.00220931449355971	2.22505048932943e-09	"HiG"	0.00114580070651487	2.93795052952531e-06	2	135	331	331	350	NA	NA	NA	NA
"HiG_11"	"Tfpi"	0.00129392809138146	0.013664226065277	"HiG"	0.00738872747186364	1.89454550560606e-05	44.4487414931036	224	201	201	29	NA	NA	NA	NA
"HiG_11"	"Tgfb1i1"	0.00561813902129899	0.0100047518279886	"HiG"	0.0442615499277076	0.000113491153660789	21.9936294975228	36	46	46	153	NA	NA	NA	NA
"HiG_11"	"Thbs1"	0.0113395260140275	0.0113069879543378	"HiG"	0.0921956628234422	0.000236399135444724	17.5904976166688	8	16	16	200	NA	NA	NA	NA
"HiG_11"	"Thumpd1"	0.0031792711838214	0.0913709679810963	"HiG"	0.0357330788619449	9.16232791331919e-05	30.085603009217	83	55	55	93	NA	NA	NA	NA
"HiG_11"	"Tie1"	0.00105815901153099	0.000733454184473447	"HiG"	0.00511606908271989	1.31181258531279e-05	28.0015432733163	265	243	243	103	NA	NA	NA	NA
"HiG_11"	"Timm9"	0.000715018141051242	0.0010203375948619	"HiG"	0.0027098038552283	6.94821501340589e-06	19.8048098084004	309	288	288	175	NA	NA	NA	NA
"HiG_11"	"Timp3"	0.00169179041007533	0.0162660589911388	"HiG"	0.0114982030306744	2.94825718735241e-05	50.057644572152	186	155	155	21	NA	NA	NA	NA
"HiG_11"	"Tmed3"	0.00172117407560038	0.00694397616555388	"HiG"	0.00699794989999758	1.79434612820451e-05	15.4479783663021	179	207	207	240	NA	NA	NA	NA
"HiG_11"	"Tmem163"	0.000669921368533395	2.82154219512452e-07	"HiG"	0.000933498942025073	2.39358703083352e-06	6	314	336	336	339	NA	NA	NA	NA
"HiG_11"	"Tmem176b"	0.000608160542913202	2.92389866748186e-05	"HiG"	0.00143585234836145	3.68167268810628e-06	15.8925499882553	327	321	321	230	NA	NA	NA	NA
"HiG_11"	"Tmem40"	0.000418176749374572	0	"HiG"	0	0	NA	372.5	372.5	372.5	NA	NA	NA	NA	NA
"HiG_11"	"Tmem64"	0.000418176749374572	0	"HiG"	0	0	NA	372.5	372.5	372.5	NA	NA	NA	NA	NA
"HiG_11"	"Tnfaip2"	0.000662428880717701	0.000246500159424119	"HiG"	0.00179991610728551	4.61516950586029e-06	31.2040115958957	317	311	311	85	NA	NA	NA	NA
"HiG_11"	"Tnip3"	0.000930930425526815	0.00102581819946364	"HiG"	0.00307931475790159	7.89567886641435e-06	11.9331102190288	279	282	282	294	NA	NA	NA	NA
"HiG_11"	"Tob1"	0.000747612122815182	0.00143288740666686	"HiG"	0.00327902086118539	8.40774579791127e-06	31.9655367893048	300	278	278	78	NA	NA	NA	NA
"HiG_11"	"Tph1"	0.000483732283455628	0.00335438824287768	"HiG"	0.000739658217609159	1.89655953233118e-06	71.3492848768441	345	342	342	4	NA	NA	NA	NA
"HiG_11"	"Treml1"	0.00212871799237531	0.000373964001787943	"HiG"	0.0144799737550617	3.71281378334916e-05	16.8172954561608	145	129	129	219	NA	NA	NA	NA
"HiG_11"	"Trip6"	0.00460835596110757	0.0217286350725785	"HiG"	0.0347485260944211	8.909878485749e-05	31.8159219626597	54	59	59	81	NA	NA	NA	NA
"HiG_11"	"Trpc6"	0.00107059072481484	0.00160956299466586	"HiG"	0.00602070787941446	1.54377125113191e-05	25.8140476037959	261	227	227	119	NA	NA	NA	NA
"HiG_11"	"Tsc22d1"	0.00109809871635065	0.0108547050149316	"HiG"	0.0055925591418979	1.43398952356357e-05	13.7939918590605	256	234	234	266	NA	NA	NA	NA
"HiG_11"	"Tspan13"	0.000418176749374572	0	"HiG"	0	0	NA	372.5	372.5	372.5	NA	NA	NA	NA	NA
"HiG_11"	"Tspan9"	0.000654850597880013	0.00436269696500632	"HiG"	0.00268916141639321	6.89528568305951e-06	41	319	290	290	35.5	NA	NA	NA	NA
"HiG_11"	"Ttll11"	0.000597138739183458	0.000256659317737834	"HiG"	0.00111163489331106	2.85034588028478e-06	32	328	332	332	76	NA	NA	NA	NA
"HiG_11"	"Tubb2a"	0.00157444899098471	0.00377913912826243	"HiG"	0.00840654680878865	2.15552482276632e-05	36.957783251815	192	190	190	53	NA	NA	NA	NA
"HiG_11"	"Tyrobp"	0.00358565154953585	0.00263628788880977	"HiG"	0.0217798050936335	5.58456540862397e-05	17.9863360854093	77	90	90	196	NA	NA	NA	NA
"HiG_11"	"Ube2l6"	0.0012770597610081	0.000461164216623865	"HiG"	0.00446641850402433	1.14523551385239e-05	11.0340303171604	229	252	252	301	NA	NA	NA	NA
"HiG_11"	"Unc13d"	0.0019616990937895	0.000996753007910361	"HiG"	0.0122160380001266	3.13231743592989e-05	25.6347449457422	162	147	147	121	NA	NA	NA	NA
"HiG_11"	"Vasp"	0.00362423010086805	0.00724638023812779	"HiG"	0.0249039479554184	6.3856276808765e-05	17.3485259451583	75	75	75	208	NA	NA	NA	NA
"HiG_11"	"Vldlr"	0.00224309235153762	0.00148113129490971	"HiG"	0.0143990335418642	3.69205988252927e-05	16.5676441288643	132	130	130	223	NA	NA	NA	NA
"HiG_11"	"Vwf"	0.0109722691926714	0.00321928040555838	"HiG"	0.0895740071259122	0.000229676941348493	14.5491782094868	10	18	18	256	NA	NA	NA	NA
"HiG_11"	"Wdr12"	0.00490839657701981	0.1603725385917	"HiG"	0.0598767937460793	0.000153530240374562	24.9690706156412	47	34	34	126	NA	NA	NA	NA
"HiG_11"	"Wdr36"	0.00809553280828681	0.453468114522465	"HiG"	0.102816204329478	0.000263631293152508	35.2452487099337	24	14	14	65	NA	NA	NA	NA
"HiG_11"	"Ydjc"	0.000540205482221216	0.000175008175480607	"HiG"	0.000757989993091419	1.94356408484979e-06	32	338	341	341	76	NA	NA	NA	NA
"HiG_11"	"Zc3h7b"	0.00120625377204006	0.0377423761227799	"HiG"	0.00933532332602006	2.39367264769745e-05	70.1713756249601	240	178	178	5	NA	NA	NA	NA
"HiG_11"	"Zfp36l1"	0.000885300846472707	0.0122976717336914	"HiG"	0.00582883345238219	1.494572680098e-05	17.5774750350467	287	232	232	201	NA	NA	NA	NA
"HiG_11"	"Zmpste24"	0.00173173020106931	0.00232314964942233	"HiG"	0.0109166806766028	2.79914889143662e-05	12.9660182085531	178	162	162	280	NA	NA	NA	NA
"HiG_12"	"Acadm"	0.00125628140704213	0	"HiG"	0	0	NA	125.5	125.5	125.5	NA	NA	NA	NA	NA
"HiG_12"	"Actn1"	0.011345750737193	0.0317276969634231	"HiG"	0.0060848996274091	4.6097724450069e-05	10.2371087286649	25	30	30	61	NA	NA	NA	NA
"HiG_12"	"Adam8"	0.00264956962179712	0.00625745151770966	"HiG"	0.000875379212297345	6.63166069922231e-06	7.98290688083968	101	96	96	82	NA	NA	NA	NA
"HiG_12"	"Ahnak"	0.0105787222269872	0.00928713886941844	"HiG"	0.00452094437964866	3.4249578633702e-05	7.74840636227748	30	42	42	86	NA	NA	NA	NA
"HiG_12"	"Anxa3"	0.00466329875279496	0.00129823339532929	"HiG"	0.00129236021057595	9.79060765587839e-06	6.61757362725211	78	83	83	93	NA	NA	NA	NA
"HiG_12"	"Anxa4"	0.00286919437458505	0.00153757296834536	"HiG"	0.000673737237823888	5.1040699835143e-06	6.97116843892419	97	101	101	90	NA	NA	NA	NA
"HiG_12"	"Anxa6"	0.00883649346899866	0.0257375223473163	"HiG"	0.0037934238498533	2.87380594685856e-05	11.6839727396565	43	51	51	51	NA	NA	NA	NA
"HiG_12"	"App"	0.0442616900690713	0.273769127071196	"HiG"	0.0224545573320504	0.000170110282818563	7.07716090065879	1	3	3	88	NA	NA	NA	NA
"HiG_12"	"Arl4c"	0.00847981475617567	0.0265434624823055	"HiG"	0.00349468154726918	2.64748602065847e-05	12.6737465813497	46	53	53	43	NA	NA	NA	NA
"HiG_12"	"Axl"	0.0152475631215078	0.0532189258509447	"HiG"	0.00887046791506742	6.72005145080865e-05	9.93961581991516	16	16	16	67	NA	NA	NA	NA
"HiG_12"	"B3gnt5"	0.00125628140704213	0	"HiG"	0	0	NA	125.5	125.5	125.5	NA	NA	NA	NA	NA
"HiG_12"	"Btg1"	0.0022315683199348	0.000315117947537375	"HiG"	0.000368940397759197	2.79500301332725e-06	4	111	113	113	104.5	NA	NA	NA	NA
"HiG_12"	"Cacnb3"	0.00200420419363806	0.00936746481915255	"HiG"	0.000524990320553997	3.97719939813634e-06	26	115	106	106	9	NA	NA	NA	NA
"HiG_12"	"Ccl17"	0.00356349569716608	0.033080468577782	"HiG"	0.00190874246582543	1.44601701956472e-05	14.7888687218923	88	75	75	30	NA	NA	NA	NA
"HiG_12"	"Ccl22"	0.00853897708085832	0.0808162269375022	"HiG"	0.00592729038291044	4.49037150220488e-05	11.1362143688532	44	33	33	53	NA	NA	NA	NA
"HiG_12"	"Ccl5"	0.032024067018766	0.317277729308377	"HiG"	0.0230917914940274	0.000174937814348692	10.1932976470535	2	2	2	63	NA	NA	NA	NA
"HiG_12"	"Ccnd1"	0.00756472997363203	0.0234877981942787	"HiG"	0.00417920954454571	3.16606783677705e-05	9.85761165250748	53	45	45	69	NA	NA	NA	NA
"HiG_12"	"Ccr7"	0.0114099846107597	0.136654955450834	"HiG"	0.00833377419789986	6.31346530143929e-05	16.043599052662	24	18	18	23	NA	NA	NA	NA
"HiG_12"	"Cd200"	0.00505946938387064	0.00289648886434247	"HiG"	0.00174896455296404	1.32497314618488e-05	5.53241337917192	73	77	77	99	NA	NA	NA	NA
"HiG_12"	"Cd274"	0.0116698950157517	0.0612712630066188	"HiG"	0.0058351082552635	4.4205365570178e-05	10.9074880250451	22	35	35	54	NA	NA	NA	NA
"HiG_12"	"Cd40"	0.0191383681863068	0.815326268078988	"HiG"	0.015102851028473	0.000114415538094493	12.366272466581	7	5	5	45	NA	NA	NA	NA
"HiG_12"	"Cd48"	0.0163186082123087	0.235913037453189	"HiG"	0.0120706242803721	9.14441233361519e-05	14.3696287656852	14	10	10	32	NA	NA	NA	NA
"HiG_12"	"Cd52"	0.00973989781167539	0.118212202007482	"HiG"	0.00704199066507573	5.33484141293616e-05	17.9147159352426	39	25	25	17	NA	NA	NA	NA
"HiG_12"	"Cd74"	0.0204653589588054	0.234618350968762	"HiG"	0.0147789914143899	0.000111962056169621	13.0640063794319	6	6	6	40	NA	NA	NA	NA
"HiG_12"	"Cd83"	0.0104034278460017	0.0429530383292424	"HiG"	0.00606687358679153	4.59611635362994e-05	9.12013468974276	32	32	32	73	NA	NA	NA	NA
"HiG_12"	"Cdk6"	0.00735865361563285	0.0146813076654078	"HiG"	0.00398947768944844	3.02233158291548e-05	4.87392409788861	55	49	49	101	NA	NA	NA	NA
"HiG_12"	"Ciita"	0.00405302584214328	0.0266077041775923	"HiG"	0.00229859819340043	1.7413622677276e-05	14.0234181730761	82	67	67	35	NA	NA	NA	NA
"HiG_12"	"Cnn2"	0.00980408078584827	0.00889262899783498	"HiG"	0.00536356180024041	4.06330439412152e-05	3.32055806054392	37	37	37	109	NA	NA	NA	NA
"HiG_12"	"Cnn3"	0.00773160280138682	0.00753094299085302	"HiG"	0.00415111717153946	3.14478573601474e-05	3.68591647178539	51	47	47	107	NA	NA	NA	NA
"HiG_12"	"Csf2rb"	0.0187072916595994	0.205297511646131	"HiG"	0.0130315395776032	9.8723784678812e-05	16.6518998027793	8	7	7	22	NA	NA	NA	NA
"HiG_12"	"Ctsh"	0.00588480710496766	0.0747854759647763	"HiG"	0.00388089297114142	2.94007043268289e-05	21.827084474184	63	50	50	11	NA	NA	NA	NA
"HiG_12"	"Ctss"	0.0154116841097622	0.113482125251537	"HiG"	0.0107845771996208	8.17013424213699e-05	10.3859569671245	15	14	14	60	NA	NA	NA	NA
"HiG_12"	"Cttnbp2nl"	0.00229217127924052	0.00449219705090195	"HiG"	0.000636166935093385	4.81944647798019e-06	10	109	103	103	65	NA	NA	NA	NA
"HiG_12"	"Cxcl16"	0.00244076022855479	0.026682709568141	"HiG"	0.000968012716294605	7.33342966889852e-06	26.3609869750223	106	94	94	8	NA	NA	NA	NA
"HiG_12"	"Cyba"	0.016354541769832	0.132653617253388	"HiG"	0.0119917083754937	9.08462755719216e-05	10.5337643383864	13	11	11	58	NA	NA	NA	NA
"HiG_12"	"Cybb"	0.0112379745342942	0.101174380357058	"HiG"	0.0079339353000263	6.01055704547447e-05	12.3108270954131	26	19	19	46	NA	NA	NA	NA
"HiG_12"	"Ddhd1"	0.00125628140704213	0	"HiG"	0	0	NA	125.5	125.5	125.5	NA	NA	NA	NA	NA
"HiG_12"	"Ddt"	0.00569918783753328	2.17129740391905e-05	"HiG"	0.00142811203039621	1.08190305333046e-05	3	66	82	82	111	NA	NA	NA	NA
"HiG_12"	"Dpp4"	0.011501449417987	0.1002294676982	"HiG"	0.00770941485862465	5.84046580198837e-05	11.898653453582	23	21	21	48	NA	NA	NA	NA
"HiG_12"	"Dtx3l"	0.00344175633162727	0.00651964797000983	"HiG"	0.00107301266706917	8.12888384143313e-06	10	89	93	93	65	NA	NA	NA	NA
"HiG_12"	"Dusp1"	0.00614669748130412	0.0392493379296117	"HiG"	0.00310785898778396	2.35443862710906e-05	11.7589436782495	60	57	57	50	NA	NA	NA	NA
"HiG_12"	"Esam"	0.00125628140704213	0	"HiG"	0	0	NA	125.5	125.5	125.5	NA	NA	NA	NA	NA
"HiG_12"	"Fabp5"	0.00211980020002813	0.0026893597824109	"HiG"	0.000482796948083495	3.65755263699617e-06	11.4737580130507	112	109	109	52	NA	NA	NA	NA
"HiG_12"	"Fchsd2"	0.00470489224208524	0.0201882278492576	"HiG"	0.00234662969303798	1.77774976745301e-05	8.56701830572533	77	66	66	78	NA	NA	NA	NA
"HiG_12"	"Flrt3"	0.00184772790306669	0.00850109737747894	"HiG"	0.000352998648376228	2.67423218466839e-06	30	117	115	115	3.5	NA	NA	NA	NA
"HiG_12"	"Flt3"	0.0119342831122365	0.0329674195309061	"HiG"	0.00591468167552526	4.4808194511555e-05	9.92833604078012	21	34	34	68	NA	NA	NA	NA
"HiG_12"	"Fscn1"	0.00762459532962877	0.0428343835997252	"HiG"	0.00401049371358059	3.03825281331863e-05	14.9030225988543	52	48	48	29	NA	NA	NA	NA
"HiG_12"	"Fth1"	0.00501059341792005	0.00094493845269353	"HiG"	0.00112422481836235	8.51685468456324e-06	3.27851283767835	74	90	90	110	NA	NA	NA	NA
"HiG_12"	"Fyn"	0.0268638130561778	0.202839857723813	"HiG"	0.0160280656885083	0.000121424740064457	10.4905276256038	4	4	4	59	NA	NA	NA	NA
"HiG_12"	"Gbp2"	0.00527902426701373	0.0128428834975306	"HiG"	0.00228681977628525	1.73243922445852e-05	8.92762290545214	69	68	68	74	NA	NA	NA	NA
"HiG_12"	"Gpnmb"	0.00328220519470256	0.020423914693131	"HiG"	0.00152322542225284	1.15395865322185e-05	18	93	79	79	16	NA	NA	NA	NA
"HiG_12"	"Gpr137b"	0.00279411558159252	0.0221039065344719	"HiG"	0.000917840225095385	6.9533350386014e-06	30	99	95	95	3.5	NA	NA	NA	NA
"HiG_12"	"Gpr183"	0.00515078893720238	0.0240949222564007	"HiG"	0.00272132693923737	2.06161131760407e-05	12.7721045745458	71	62	62	42	NA	NA	NA	NA
"HiG_12"	"Gpr65"	0.00754517709749354	0.0489077776333991	"HiG"	0.00464089870542631	3.51583235259569e-05	14.1060735141148	54	40	40	33	NA	NA	NA	NA
"HiG_12"	"Helz2"	0.00259989153979221	0.000221071779499778	"HiG"	0.00051944043053199	3.9351547767575e-06	8	103	107	107	81	NA	NA	NA	NA
"HiG_12"	"Hmgn3"	0.00260653603246498	0.0194077505442425	"HiG"	0.00080588533526154	6.10519193379954e-06	30	102	97	97	3.5	NA	NA	NA	NA
"HiG_12"	"Htr7"	0.00300886718519037	0.0118056035709263	"HiG"	0.0011651014945911	8.826526474175e-06	7.75534089368964	94	89	89	85	NA	NA	NA	NA
"HiG_12"	"Hvcn1"	0.00125628140704213	0	"HiG"	0	0	NA	125.5	125.5	125.5	NA	NA	NA	NA	NA
"HiG_12"	"Id2"	0.00918851284436692	0.0101887819409711	"HiG"	0.00567362330466468	4.29819947323082e-05	4.66177601854363	41	36	36	102	NA	NA	NA	NA
"HiG_12"	"Il2ra"	0.00801369904751256	0.0919710943221255	"HiG"	0.00509342905754889	3.85865837693098e-05	17.6176729351567	50	38	38	20	NA	NA	NA	NA
"HiG_12"	"Il4i1"	0.00125628140704213	0	"HiG"	0	0	NA	125.5	125.5	125.5	NA	NA	NA	NA	NA
"HiG_12"	"Il6st"	0.0101299372262254	0.0924644400438979	"HiG"	0.00663516415013738	5.02663950767983e-05	13.6566046151901	34	28	28	36	NA	NA	NA	NA
"HiG_12"	"Irf8"	0.0178690747025163	0.167779441697442	"HiG"	0.0123297539881465	9.3407227182928e-05	11.7830822953219	10	9	9	49	NA	NA	NA	NA
"HiG_12"	"Isg15"	0.0103346751455075	0.0048381583674037	"HiG"	0.00339608252402624	2.57278979092897e-05	4.97152363364589	33	54	54	100	NA	NA	NA	NA
"HiG_12"	"Lad1"	0.00251613646940547	0.0181084014169487	"HiG"	0.000751931302583518	5.69644926199635e-06	30	104	98	98	3.5	NA	NA	NA	NA
"HiG_12"	"Lgals3"	0.0128874723203291	0.042479746062284	"HiG"	0.00717307507420246	5.43414778348671e-05	9.617809543345	19	24	24	72	NA	NA	NA	NA
"HiG_12"	"Lgmn"	0.00204751789469499	0.00374269750170501	"HiG"	0.000402182987250008	3.04684081250006e-06	15.4687765205052	114	112	112	26	NA	NA	NA	NA
"HiG_12"	"Lsp1"	0.00644337703916177	0.133060645282721	"HiG"	0.00444390793660372	3.36659692166949e-05	19.9158360775336	58	43	43	13	NA	NA	NA	NA
"HiG_12"	"Ly86"	0.00986330856762484	0.0751189441481697	"HiG"	0.00606901285017942	4.59773700771168e-05	14.7819801352379	36	31	31	31	NA	NA	NA	NA
"HiG_12"	"Marcks"	0.00579066040032106	0.0107996100882544	"HiG"	0.00276957297930929	2.09816134796158e-05	7.97578463130047	65	61	61	83	NA	NA	NA	NA
"HiG_12"	"Marcksl1"	0.00229639790518179	0.00101535455992064	"HiG"	0.000525417102725836	3.98043259640785e-06	6	108	105	105	96	NA	NA	NA	NA
"HiG_12"	"Mdfic"	0.00125628140704213	0	"HiG"	0	0	NA	125.5	125.5	125.5	NA	NA	NA	NA	NA
"HiG_12"	"Mfge8"	0.00370590540108716	0.000457717675797948	"HiG"	0.0001391811629027	1.05440274926288e-06	5.87109650031533	85	116	116	97	NA	NA	NA	NA
"HiG_12"	"Mreg"	0.00125628140704213	0	"HiG"	0	0	NA	125.5	125.5	125.5	NA	NA	NA	NA	NA
"HiG_12"	"Mxd1"	0.00292243476943855	0.00189858594336184	"HiG"	0.000482993748836917	3.65904355179482e-06	6.48915153972372	95	108	108	94	NA	NA	NA	NA
"HiG_12"	"Myadm"	0.00477864223757178	0.0114959823212021	"HiG"	0.00240650110736474	1.82310689951874e-05	13.5628267055013	76	64	64	37	NA	NA	NA	NA
"HiG_12"	"Nabp1"	0.00125628140704213	0	"HiG"	0	0	NA	125.5	125.5	125.5	NA	NA	NA	NA	NA
"HiG_12"	"Ncf1"	0.0165414014428574	0.138716244348565	"HiG"	0.0118176626853529	8.95277476163096e-05	10.6389772984265	12	12	12	56	NA	NA	NA	NA
"HiG_12"	"Ncoa7"	0.00125628140704213	0	"HiG"	0	0	NA	125.5	125.5	125.5	NA	NA	NA	NA	NA
"HiG_12"	"Ndrg4"	0.00367404861384517	0.0072126158412831	"HiG"	0.00118706227636841	8.99289603309401e-06	10	86	88	88	65	NA	NA	NA	NA
"HiG_12"	"Nr4a3"	0.00385344287095359	0.00131385055325807	"HiG"	0.00127809289622109	9.68252194106886e-06	7	84	86	86	89	NA	NA	NA	NA
"HiG_12"	"Nrg1"	0.00367029600315882	0.0173389269805645	"HiG"	0.00128956922663768	9.76946383816422e-06	18.3412652989856	87	84	84	15	NA	NA	NA	NA
"HiG_12"	"Nrip1"	0.00710210810943379	0.00970955777407908	"HiG"	0.00228365250548847	1.73003977688521e-05	8.36731758701602	57	69	69	79	NA	NA	NA	NA
"HiG_12"	"Nrp2"	0.00270140661960209	2.57091575290996e-06	"HiG"	6.38517322887932e-05	4.8372524461207e-07	2	100	117	117	113	NA	NA	NA	NA
"HiG_12"	"Pdcd1lg2"	0.00817247841076429	0.0939910839295195	"HiG"	0.00502759700783112	3.80878561199328e-05	14.0807711617785	49	39	39	34	NA	NA	NA	NA
"HiG_12"	"Pde4b"	0.00722161058272362	0.0330565674589836	"HiG"	0.00369662172629358	2.80047100476786e-05	6.67448211385844	56	52	52	91	NA	NA	NA	NA
"HiG_12"	"Pla1a"	0.00242485094477691	0.0167963180091718	"HiG"	0.000697448493019527	5.28370070469339e-06	30	107	100	100	3.5	NA	NA	NA	NA
"HiG_12"	"Plk2"	0.00522604716045799	0.00472141828233451	"HiG"	0.00193558028240696	1.46634869879315e-05	8.09089649647469	70	74	74	80	NA	NA	NA	NA
"HiG_12"	"Plxnc1"	0.00837520938023822	0	"HiG"	0.000474800818686834	3.59697589914268e-06	1	48	110.5	110.5	116.5	NA	NA	NA	NA
"HiG_12"	"Pmaip1"	0.0107711214960911	0.000172838129737779	"HiG"	0.00294289631473341	2.22946690510107e-05	1.96857399036817	29	58	58	115	NA	NA	NA	NA
"HiG_12"	"Ppia"	0.0131431905034962	0.0802731357463276	"HiG"	0.00686083909853027	5.19760537767445e-05	15.5033513380466	18	26	26	25	NA	NA	NA	NA
"HiG_12"	"Prnp"	0.0223761359492118	0.0690719664538493	"HiG"	0.00933819715198709	7.0743917818084e-05	10.6376376890563	5	15	15	57	NA	NA	NA	NA
"HiG_12"	"Pxdc1"	0.00125628140704213	0	"HiG"	0	0	NA	125.5	125.5	125.5	NA	NA	NA	NA	NA
"HiG_12"	"Ramp3"	0.00450254463622445	0.0148706221902457	"HiG"	0.00226347339650981	1.71475257311349e-05	9.74060425670263	80	70	70	71	NA	NA	NA	NA
"HiG_12"	"Rasa4"	0.00125628140704213	0	"HiG"	0	0	NA	125.5	125.5	125.5	NA	NA	NA	NA	NA
"HiG_12"	"Rassf3"	0.00250237051567791	0.0179105378503904	"HiG"	0.000743715237238469	5.63420634271568e-06	30	105	99	99	3.5	NA	NA	NA	NA
"HiG_12"	"Rcl1"	0.003433155059484	0.00168921139010164	"HiG"	0.00109185771090542	8.27164932504108e-06	4	90	92	92	104.5	NA	NA	NA	NA
"HiG_12"	"Rgs1"	0.00427645295549808	0.0313304384975058	"HiG"	0.0018387449815566	1.39298862239136e-05	21.6854150177885	81	76	76	12	NA	NA	NA	NA
"HiG_12"	"Rogdi"	0.00594705944678141	0.0230709546208625	"HiG"	0.00293690224197772	2.22492594089221e-05	6.62871542828352	61	59	59	92	NA	NA	NA	NA
"HiG_12"	"Rras2"	0.00584465605521866	0.000663074469380116	"HiG"	0.00156774515528134	1.18768572369798e-05	3.52731585951928	64	78	78	108	NA	NA	NA	NA
"HiG_12"	"S100a4"	0.00619499788161174	0.0195124134947209	"HiG"	0.00290101733525681	2.19774040549759e-05	10.8753960680788	59	60	60	55	NA	NA	NA	NA
"HiG_12"	"S100a6"	0.00453774126498024	0.00515555802804521	"HiG"	0.00194307901591838	1.47202955751392e-05	8.75222619962353	79	73	73	76	NA	NA	NA	NA
"HiG_12"	"Satb1"	0.010112894103129	0.0116860050606461	"HiG"	0.00423017034138048	3.20467450104582e-05	5.69793578018108	35	44	44	98	NA	NA	NA	NA
"HiG_12"	"Sema6d"	0.00837520938024461	0	"HiG"	0.000474800818686834	3.59697589914268e-06	1	47	110.5	110.5	116.5	NA	NA	NA	NA
"HiG_12"	"Serpinb9"	0.00975915178266168	0.0175873529146333	"HiG"	0.00416067526323847	3.1520267145746e-05	4.06118522639332	38	46	46	103	NA	NA	NA	NA
"HiG_12"	"Sh3bp4"	0.00556575211575666	0.0271893277484852	"HiG"	0.00269773616671751	2.04373952024054e-05	15.1104651821104	67	63	63	28	NA	NA	NA	NA
"HiG_12"	"Sh3bp5"	0.00340296410152803	0.0280395042583874	"HiG"	0.00144127773369599	1.09187707098181e-05	27.0331095794676	91	81	81	7	NA	NA	NA	NA
"HiG_12"	"Sirpa"	0.00921339244914727	0.0138757236073589	"HiG"	0.00337317695626587	2.5554370880802e-05	6.25997202552957	40	55	55	95	NA	NA	NA	NA
"HiG_12"	"Slamf7"	0.0104925932870587	0.146494427186928	"HiG"	0.00720136994880274	5.45558329454753e-05	17.0860782383483	31	23	23	21	NA	NA	NA	NA
"HiG_12"	"Slc30a4"	0.00125628140704213	0	"HiG"	0	0	NA	125.5	125.5	125.5	NA	NA	NA	NA	NA
"HiG_12"	"Snn"	0.00125628140704213	0	"HiG"	0	0	NA	125.5	125.5	125.5	NA	NA	NA	NA	NA
"HiG_12"	"Socs2"	0.00224248852144201	0.00735365515562885	"HiG"	0.000637409090771789	4.82885674827113e-06	19.2476307927508	110	102	102	14	NA	NA	NA	NA
"HiG_12"	"Spib"	0.00280823132885187	0.0248592045292412	"HiG"	0.00127940983310181	9.6924987356198e-06	22.1312254582324	98	85	85	10	NA	NA	NA	NA
"HiG_12"	"Spint2"	0.00330796566255801	0.0243434492176183	"HiG"	0.00145700525342694	1.10379185865677e-05	17.6316543679976	92	80	80	19	NA	NA	NA	NA
"HiG_12"	"Stxbp6"	0.00125628140704213	0	"HiG"	0	0	NA	125.5	125.5	125.5	NA	NA	NA	NA	NA
"HiG_12"	"Tbc1d4"	0.00193487121742117	0.00565840381890521	"HiG"	0.000367149443087635	2.78143517490633e-06	2	116	114	114	113	NA	NA	NA	NA
"HiG_12"	"Tbc1d8"	0.00512455896343041	0.175199792377461	"HiG"	0.00235673613073143	1.78540615964502e-05	8.59791474119625	72	65	65	77	NA	NA	NA	NA
"HiG_12"	"Tcf4"	0.0108313172058634	0.0129941583575017	"HiG"	0.00672238622842481	5.09271683971576e-05	3.96945534961589	28	27	27	106	NA	NA	NA	NA
"HiG_12"	"Tmcc3"	0.00125628140704213	0	"HiG"	0	0	NA	125.5	125.5	125.5	NA	NA	NA	NA	NA
"HiG_12"	"Tmem176a"	0.00396240213312678	0.0012774720066485	"HiG"	0.00112209422788535	8.50071384761629e-06	2	83	91	91	113	NA	NA	NA	NA
"HiG_12"	"Tmem176b"	0.00589558975513718	0.0129420950958986	"HiG"	0.00207791769778594	1.57418007408026e-05	8.81984724689704	62	72	72	75	NA	NA	NA	NA
"HiG_12"	"Tnfaip2"	0.00208545398427116	0.0137450574090107	"HiG"	0.000630338458572527	4.77529135282217e-06	17.7734230583889	113	104	104	18	NA	NA	NA	NA
"HiG_12"	"Tnfaip3"	0.0123148562763352	0.25630389692719	"HiG"	0.00781357971178209	5.91937856953189e-05	9.84314643889242	20	20	20	70	NA	NA	NA	NA
"HiG_12"	"Tnfrsf11a"	0.0110434831535977	0.51305328732678	"HiG"	0.00851146971183261	6.4480831150247e-05	12.628827756762	27	17	17	44	NA	NA	NA	NA
"HiG_12"	"Tnfrsf1b"	0.0177845598361692	0.322469188332277	"HiG"	0.0129558501150906	9.81503796597776e-05	15.7437691321243	11	8	8	24	NA	NA	NA	NA
"HiG_12"	"Tnfrsf4"	0.00488775887179643	0.117173254324776	"HiG"	0.00312949936826916	2.37083285474936e-05	15.2992159603896	75	56	56	27	NA	NA	NA	NA
"HiG_12"	"Tnfrsf9"	0.00898375680653361	0.370340424620703	"HiG"	0.00653186270561727	4.94838083758884e-05	10.2139132770679	42	29	29	62	NA	NA	NA	NA
"HiG_12"	"Tnip3"	0.00291402059896254	0.0278991303113826	"HiG"	0.00123742241525628	9.37441223679002e-06	12	96	87	87	47	NA	NA	NA	NA
"HiG_12"	"Traf1"	0.0304152847966492	1	"HiG"	0.023131818895415	0.000175241052237993	13.2402174245621	3	1	1	39	NA	NA	NA	NA
"HiG_12"	"Tubb2a"	0.0137758478115458	0.136656433905854	"HiG"	0.00758459446207419	5.74590489551075e-05	7.9183033012532	17	22	22	84	NA	NA	NA	NA
"HiG_12"	"Tyrobp"	0.0178952321883493	0.15242539573407	"HiG"	0.0114366107237145	8.66409903311705e-05	12.8564416916215	9	13	13	41	NA	NA	NA	NA
"HiG_12"	"Zfp36"	0.0085308441934187	0.0597174422095949	"HiG"	0.00457430785442778	3.46538473820286e-05	13.5218980517827	45	41	41	38	NA	NA	NA	NA
"HiG_12"	"Zfp36l1"	0.00545679375341247	0.0111803555865201	"HiG"	0.00221326925035479	1.67671912905666e-05	7.26630082776808	68	71	71	87	NA	NA	NA	NA
"HiG_13"	"Abcc5"	0.000358159172301338	4.23985200406691e-05	"HiG"	0.00107100805457159	1.75863391555268e-06	18.1203061785142	533	537	537	469	NA	NA	NA	NA
"HiG_13"	"Abtb1"	0.000276915095775862	0.000637359221137811	"HiG"	0.000306064122119023	5.02568345023026e-07	60	567	562	562	23.5	NA	NA	NA	NA
"HiG_13"	"Acadm"	0.00107394717181528	0.002793617510417	"HiG"	0.0111696870666358	1.83410296660686e-05	20.802426345348	315	317	317	445	NA	NA	NA	NA
"HiG_13"	"Acox3"	0.000452231162110706	6.83022583968527e-06	"HiG"	0.00110243276167438	1.81023441982657e-06	5.54500960287689	502	535	535	561	NA	NA	NA	NA
"HiG_13"	"Acsl1"	0.000755466547151875	0.0221370611264952	"HiG"	0.00845980124557171	1.38912992538123e-05	64.4167402921453	405	364	364	15	NA	NA	NA	NA
"HiG_13"	"Actn1"	0.00391893416255873	0.0757822200321976	"HiG"	0.0593108456703834	9.73905511828955e-05	47.0249347682403	53	61	61	63	NA	NA	NA	NA
"HiG_13"	"Acy1"	0.000259268861810832	1.7363381268357e-17	"HiG"	0	0	NA	592	592	592	NA	NA	NA	NA	NA
"HiG_13"	"Adgra3"	0.000369495296612035	7.24754489873414e-05	"HiG"	0.00171414454079512	2.81468725910529e-06	17	529	521	521	484	NA	NA	NA	NA
"HiG_13"	"Adgrg1"	0.0010839000176709	0.000348683717237581	"HiG"	0.0100343046196685	1.64766906726905e-05	21.0579182171398	312	335	335	437	NA	NA	NA	NA
"HiG_13"	"Adgrl4"	0.00043769971725497	0.00013964972357422	"HiG"	0.00198208976811007	3.25466300182277e-06	7	510	513	513	552.5	NA	NA	NA	NA
"HiG_13"	"Adpgk"	0.00164077657094069	0.00843851288535215	"HiG"	0.0151278733253021	2.48405144914649e-05	20.1897708001876	204	269	269	450	NA	NA	NA	NA
"HiG_13"	"Afap1l1"	0.00119516249225801	0.00182715675838028	"HiG"	0.0145286986624114	2.38566480499366e-05	23.2430973634204	293	273	273	399	NA	NA	NA	NA
"HiG_13"	"Agpat2"	0.000781068627565436	0.00240912169043148	"HiG"	0.00798899060492571	1.31182111739338e-05	16.6087518386301	393	370	370	489	NA	NA	NA	NA
"HiG_13"	"Agps"	0.00072733281136718	0.0237682191328669	"HiG"	0.00717090591652562	1.17748865624394e-05	52.9434206982244	414	384	384	42	NA	NA	NA	NA
"HiG_13"	"Ahnak"	0.00196020287292411	0.0283530636808382	"HiG"	0.0251741566415407	4.13368746166514e-05	38.3171630079839	153	168	168	139	NA	NA	NA	NA
"HiG_13"	"Ak4"	0.000955805369315576	0.00401037677450069	"HiG"	0.00981686966188925	1.61196546172237e-05	17.8887551065544	342	342	342	471	NA	NA	NA	NA
"HiG_13"	"Alcam"	0.00100589558161159	0.00192400342053371	"HiG"	0.0105260598605451	1.7284170542767e-05	26.6925859940322	329	327	327	331	NA	NA	NA	NA
"HiG_13"	"Aldh2"	0.000882039546946845	0.00389037470730095	"HiG"	0.00930339091297194	1.52765039621871e-05	14.1226581025604	361	350	350	510	NA	NA	NA	NA
"HiG_13"	"Aldoc"	0.000776872069285204	0.00139110647413246	"HiG"	0.00640688824329872	1.05203419430192e-05	25.0198776796231	398	396	396	372	NA	NA	NA	NA
"HiG_13"	"Als2cl"	0.000259268861810832	1.7363381268357e-17	"HiG"	0	0	NA	592	592	592	NA	NA	NA	NA	NA
"HiG_13"	"Angptl2"	0.000518055896019483	0.000380880024423029	"HiG"	0.00399931507077526	6.56701982064903e-06	37.6274662066524	471	444	444	149	NA	NA	NA	NA
"HiG_13"	"Antxr2"	0.000290481215281145	2.20375701864923e-05	"HiG"	0.000431427889874629	7.0842018041811e-07	26	558	556	556	350	NA	NA	NA	NA
"HiG_13"	"Anxa4"	0.00131410565781361	0.00298991117804251	"HiG"	0.0128475851406246	2.10961989172817e-05	29.3613800544885	263	293	293	275	NA	NA	NA	NA
"HiG_13"	"Anxa6"	0.000987712568315179	0.00183503547297922	"HiG"	0.00982569430875143	1.613414500616e-05	30.9618577333111	333	341	341	242	NA	NA	NA	NA
"HiG_13"	"Ap1s2"	0.000532597564008097	0.00739869479864011	"HiG"	0.00438540874402109	7.20099957967338e-06	21.7257531965771	464	435	435	424	NA	NA	NA	NA
"HiG_13"	"Apex1"	0.00874947870114822	0.224277322497707	"HiG"	0.128991619091275	0.000211808898343638	25.1891037904908	6	9	9	368	NA	NA	NA	NA
"HiG_13"	"Aqp1"	0.00198855632577459	0.00319466672049431	"HiG"	0.0183809585413456	3.0182197933244e-05	21.512127088869	151	230	230	428	NA	NA	NA	NA
"HiG_13"	"Aqp9"	0.000478988950556101	7.08750117600553e-05	"HiG"	0.00238935730266157	3.92341100601243e-06	10	493	498	498	542	NA	NA	NA	NA
"HiG_13"	"Arhgef18"	0.000576428828145924	0.00029428332902063	"HiG"	0.00365447371440601	6.0007778561675e-06	16.1477133778596	448	455	455	491	NA	NA	NA	NA
"HiG_13"	"Arhgef3"	0.000531317760983478	0.00255333869404612	"HiG"	0.00343624411675522	5.64243697332549e-06	36.2991276758971	465	469	469	164	NA	NA	NA	NA
"HiG_13"	"Arl4c"	0.0024199369362243	0.00394073997000208	"HiG"	0.0222550102500916	3.65435307883277e-05	18.4127672376781	115	196	196	467	NA	NA	NA	NA
"HiG_13"	"Armcx2"	0.000356248978374671	0.00576879554449093	"HiG"	0.00219134046155622	3.5982601995997e-06	36.6885890561888	534	504	504	158	NA	NA	NA	NA
"HiG_13"	"Arnt2"	0.00187117514843177	0.00269051367242685	"HiG"	0.021945837451543	3.6035857884307e-05	21.0709827763406	166	197	197	436	NA	NA	NA	NA
"HiG_13"	"Arpp21"	0.000623873509757512	5.72853769573923e-05	"HiG"	0.00417497761778225	6.85546406860796e-06	15.0554245868487	438	441	441	501	NA	NA	NA	NA
"HiG_13"	"Arsb"	0.000401072380048744	0.00611075847067224	"HiG"	0.00221450200243168	3.63629228642313e-06	62.11261346198	519	503	503	18	NA	NA	NA	NA
"HiG_13"	"Atad3a"	0.00171099677817185	0.0647853655321198	"HiG"	0.0262460556444572	4.30969715015718e-05	53.4819238371736	188	160	160	40	NA	NA	NA	NA
"HiG_13"	"Atf5"	0.000707681729132724	0.00124216849179189	"HiG"	0.00546726837104189	8.9774521691985e-06	13.188356727064	418	413	413	522	NA	NA	NA	NA
"HiG_13"	"Atp1b1"	0.00171931927479001	0.00269905413332987	"HiG"	0.0193174227950256	3.17199060673656e-05	15.7194068121621	185	221	221	496	NA	NA	NA	NA
"HiG_13"	"Azin2"	0.00038171242929679	0.00085641096139979	"HiG"	0.00180764817796258	2.96822360913396e-06	10.6569219456731	526	518	518	538	NA	NA	NA	NA
"HiG_13"	"B3galnt1"	0.000259268861810832	1.7363381268357e-17	"HiG"	0	0	NA	592	592	592	NA	NA	NA	NA	NA
"HiG_13"	"B3gnt5"	0.000465284721092689	1.23249660678157e-05	"HiG"	0.00126228858563328	2.0727234575259e-06	5	499	528	528	562	NA	NA	NA	NA
"HiG_13"	"Bach2"	0.000865642355285363	0.000195209709930713	"HiG"	0.00375890558082625	6.17225875340928e-06	14.6832777832185	370	449	449	505	NA	NA	NA	NA
"HiG_13"	"Bag2"	0.00340060306423699	0.158386016290961	"HiG"	0.0601649900882606	9.87930871728418e-05	56.5254079263858	71	60	60	32	NA	NA	NA	NA
"HiG_13"	"Bahcc1"	0.000573573790867842	0.0241825967762927	"HiG"	0.00546813469007136	8.97887469634049e-06	80.8005524680267	450	412	412	6	NA	NA	NA	NA
"HiG_13"	"Bcl11a"	0.00108234861075794	0.00353483167856149	"HiG"	0.0130998902170539	2.15104929672478e-05	31.9620409396629	313	292	292	218	NA	NA	NA	NA
"HiG_13"	"Bcl2"	0.00378731076177999	0.0360273649012419	"HiG"	0.0567421151008629	9.31726027928784e-05	32.361305898847	60	65	65	212	NA	NA	NA	NA
"HiG_13"	"Bcl3"	0.00226190867293838	0.0378454836077614	"HiG"	0.0342827302990935	5.62934816077069e-05	39.2556604190816	129	121	121	126	NA	NA	NA	NA
"HiG_13"	"Bcl6"	0.00360290317584437	0.00934423796963749	"HiG"	0.0486720472853213	7.99212599102156e-05	23.0231401522698	65	77	77	401	NA	NA	NA	NA
"HiG_13"	"Bend5"	0.000259268861810832	1.7363381268357e-17	"HiG"	0	0	NA	592	592	592	NA	NA	NA	NA	NA
"HiG_13"	"Bfsp2"	0.000277039181968648	1.65627172738209e-05	"HiG"	0.000145621607532439	2.39115940118947e-07	10	566	569	569	542	NA	NA	NA	NA
"HiG_13"	"Bnip3"	0.00155365668211601	0.00706657419786378	"HiG"	0.014905697177021	2.44756932299195e-05	17.119059786285	219	271	271	481	NA	NA	NA	NA
"HiG_13"	"Bri3"	0.000575627893698821	0.000182438215578167	"HiG"	0.00401603323971409	6.59447165798702e-06	24.4747550648122	449	443	443	383	NA	NA	NA	NA
"HiG_13"	"Bst2"	0.00084577561373977	0.00280728568425753	"HiG"	0.0118154934363	1.94014670546799e-05	31.1664175962373	376	308	308	237	NA	NA	NA	NA
"HiG_13"	"Btg1"	0.00109071172013336	0.0458662664899214	"HiG"	0.0161667147141227	2.65463295798402e-05	38.0873893477214	309	257	257	141	NA	NA	NA	NA
"HiG_13"	"Btg2"	0.00102477642916971	0.0277171644032552	"HiG"	0.0125283623736606	2.057202360207e-05	32.661470914047	323	296	296	208	NA	NA	NA	NA
"HiG_13"	"Bzw2"	0.00124577575829086	0.0142187643116212	"HiG"	0.0139190912936683	2.28556507285195e-05	33.8429437149977	283	282	282	194	NA	NA	NA	NA
"HiG_13"	"Cacna1a"	0.000899204407651934	0.00167189695385677	"HiG"	0.00903450200103654	1.48349786552324e-05	25.2425235016164	353	355	355	366	NA	NA	NA	NA
"HiG_13"	"Cad"	0.0049228000442247	0.181580734010683	"HiG"	0.0848752231514754	0.000139368182514738	43.8383114516968	29	28	28	93	NA	NA	NA	NA
"HiG_13"	"Camk1d"	0.00105182256244853	0.0030076788116092	"HiG"	0.0122120556721008	2.0052636571594e-05	26.1891460704785	320	303	303	344	NA	NA	NA	NA
"HiG_13"	"Capn2"	0.00108982385196239	0.0213350774598288	"HiG"	0.0125241742964917	2.05651466280652e-05	38.9235463179053	310	297	297	133	NA	NA	NA	NA
"HiG_13"	"Casp6"	0.00317387127549285	0.0116145183123109	"HiG"	0.0426744463424188	7.00729824998666e-05	21.248187419548	82	99	99	435	NA	NA	NA	NA
"HiG_13"	"Cbx2"	0.00058967828728188	0.0122693921011454	"HiG"	0.00589992966800155	9.68789764860681e-06	54.674138185386	446	402	402	35	NA	NA	NA	NA
"HiG_13"	"Ccdc125"	0.000282520741500201	8.33253634337061e-06	"HiG"	0.00024815827936028	4.07484859376486e-07	20	563	566	566	451	NA	NA	NA	NA
"HiG_13"	"Ccl24"	0.00154931321694904	0.00156003460515556	"HiG"	0.018863170346206	3.09740071366273e-05	25.4183763295947	220	229	229	363	NA	NA	NA	NA
"HiG_13"	"Ccl3"	0.00143470842306326	0.0251974137701305	"HiG"	0.0162187371107616	2.66317522344197e-05	39.1885085875081	247	256	256	127	NA	NA	NA	NA
"HiG_13"	"Ccl4"	0.00141748192381039	0.00220842285577068	"HiG"	0.0192331889753447	3.158159109252e-05	29.9521262143589	248	222	222	265	NA	NA	NA	NA
"HiG_13"	"Ccnd1"	0.0049780413922371	0.0966903108987183	"HiG"	0.0906997860459267	0.000148932325198566	25.9713991335443	27	25	25	352	NA	NA	NA	NA
"HiG_13"	"Ccpg1"	0.000517927613397839	0.000462472697538245	"HiG"	0.00258733126589357	4.24849140540815e-06	17.1416662053787	473	489	489	480	NA	NA	NA	NA
"HiG_13"	"Ccr7"	0.00135279486221316	0.00286337373790012	"HiG"	0.0180197842788063	2.95891367468083e-05	33.0436598205354	257	238	238	203	NA	NA	NA	NA
"HiG_13"	"Ccr9"	0.000593423884769891	0.000185138549475492	"HiG"	0.00408186221460406	6.70256521281455e-06	13.6201742047016	445	442	442	518	NA	NA	NA	NA
"HiG_13"	"Cd244"	0.000969041707294292	0.00203783829986592	"HiG"	0.0117645503640195	1.93178166896872e-05	46.2284861854822	339	310	310	70	NA	NA	NA	NA
"HiG_13"	"Cd247"	0.00393732854632123	0.0244547154279453	"HiG"	0.0630642150563825	0.000103553719304405	50.2446164624815	51	53	53	53	NA	NA	NA	NA
"HiG_13"	"Cd27"	0.00292342392172893	0.00757281340067738	"HiG"	0.0451537083155348	7.4144020222553e-05	34.1917588342023	90	90	90	190	NA	NA	NA	NA
"HiG_13"	"Cd28"	0.00278517403744284	0.00431581075536963	"HiG"	0.0420983128881893	6.9126950555319e-05	31.9217501482002	95	101	101	220	NA	NA	NA	NA
"HiG_13"	"Cd320"	0.000672405555094907	0.00026531741862979	"HiG"	0.00611930253754822	1.00481158252023e-05	19.3523313124994	424	399	399	458	NA	NA	NA	NA
"HiG_13"	"Cd33"	0.00165721925982187	0.00199348043012541	"HiG"	0.0236677283604455	3.88632649596806e-05	37.5465565786928	199	186	186	151	NA	NA	NA	NA
"HiG_13"	"Cd34"	0.000540444841586106	0.000433004004889399	"HiG"	0.00462789497664677	7.59917073341013e-06	26.124966859785	461	431	431	346	NA	NA	NA	NA
"HiG_13"	"Cd40"	0.00393878576160144	0.028086750627281	"HiG"	0.0622309961140645	0.000102185543701255	28.6796094507883	50	55	55	291	NA	NA	NA	NA
"HiG_13"	"Cd48"	0.00332836189215251	0.00558590253798639	"HiG"	0.0503133682457587	8.26163682196366e-05	32.0567113575748	75	73	73	215	NA	NA	NA	NA
"HiG_13"	"Cd52"	0.00275868125788901	0.0033571331809392	"HiG"	0.0402769584664883	6.61362207988313e-05	29.573048472969	96	105	105	272	NA	NA	NA	NA
"HiG_13"	"Cd69"	0.0017996393149049	0.00381953962434404	"HiG"	0.0224549388704238	3.68718208052936e-05	39.1871193972128	175	193	193	128	NA	NA	NA	NA
"HiG_13"	"Cd7"	0.00188448348567727	0.00210191540005038	"HiG"	0.0265737185263097	4.36350057903279e-05	30.1807209519081	165	159	159	257	NA	NA	NA	NA
"HiG_13"	"Cd74"	0.00603120879950839	0.0180786810730513	"HiG"	0.0957251196184077	0.000157184104463724	28.9955280097199	16	21	21	286	NA	NA	NA	NA
"HiG_13"	"Cd82"	0.000747517792211981	0.0010620113800191	"HiG"	0.00735088885663983	1.20704250519537e-05	27.5481410471599	408	379	379	312	NA	NA	NA	NA
"HiG_13"	"Cd83"	0.00269189777860325	0.00278349950492745	"HiG"	0.0374781288204882	6.15404414129527e-05	24.3438525814923	98	112	112	385	NA	NA	NA	NA
"HiG_13"	"Cd93"	0.00114421302424185	0.00232485995204789	"HiG"	0.0151455267598794	2.48695020687674e-05	39.0102799917192	299	268	268	132	NA	NA	NA	NA
"HiG_13"	"Cd96"	0.00207878465954994	0.00172302933224083	"HiG"	0.0287610933602939	4.72267542861968e-05	20.8454170534477	145	147	147	442	NA	NA	NA	NA
"HiG_13"	"Cdh1"	0.00728473832810775	0.0434829264238213	"HiG"	0.0982889469661762	0.000161394001586496	25.8598991001534	8	20	20	354	NA	NA	NA	NA
"HiG_13"	"Cdh17"	0.000370511412766225	3.55212309502674e-05	"HiG"	0.00127950866960893	2.10099945748593e-06	9	528	526	526	545.5	NA	NA	NA	NA
"HiG_13"	"Cdk6"	0.00511383013175068	0.125629836713881	"HiG"	0.0941819292000665	0.00015465013004937	34.1064834208813	24	24	24	192	NA	NA	NA	NA
"HiG_13"	"Cdkn3"	0.00112961069337351	0.0104377736768208	"HiG"	0.0139939684209141	2.29786016763778e-05	21.9740235490806	302	280	280	414	NA	NA	NA	NA
"HiG_13"	"Cebpa"	0.00707909568037419	0.147806824068695	"HiG"	0.11039585874636	0.000181273988089261	26.876108959287	9	15	15	328	NA	NA	NA	NA
"HiG_13"	"Cebpd"	0.00136564420137263	0.0212710932177681	"HiG"	0.0189806847157169	3.11669699765466e-05	39.8397441821427	255	226	226	122	NA	NA	NA	NA
"HiG_13"	"Cenpv"	0.00168271576889793	0.0970703729376389	"HiG"	0.0284763352230594	4.67591711380286e-05	53.5561331536637	195	149	149	39	NA	NA	NA	NA
"HiG_13"	"Cfp"	0.00115982949491512	0.000656842843840495	"HiG"	0.0138349148776095	2.27174300124951e-05	26.5952291089572	297	283	283	335	NA	NA	NA	NA
"HiG_13"	"Chga"	0.000449034742929253	0.000121943950803482	"HiG"	0.00200683107903798	3.29528912814119e-06	10	503	508	508	542	NA	NA	NA	NA
"HiG_13"	"Chit1"	0.000259268861810832	1.7363381268357e-17	"HiG"	0	0	NA	592	592	592	NA	NA	NA	NA	NA
"HiG_13"	"Ciita"	0.00126584517290895	0.0266762110463259	"HiG"	0.0188924031874636	3.10220085180026e-05	46.02212190304	280	228	228	72	NA	NA	NA	NA
"HiG_13"	"Ckap4"	0.00307681816644347	0.0918076109231818	"HiG"	0.0429068316175034	7.04545675164259e-05	39.8618266591038	85	97	97	121	NA	NA	NA	NA
"HiG_13"	"Cldn11"	0.000560926716973448	0.00068496932411633	"HiG"	0.00366043596749038	6.01056809111721e-06	8.88938616043903	455	454	454	547	NA	NA	NA	NA
"HiG_13"	"Clec10a"	0.00147427395453587	0.00228429860793795	"HiG"	0.0154903373093303	2.54356934471762e-05	26.1648280717966	240	264	264	345	NA	NA	NA	NA
"HiG_13"	"Clec12a"	0.00117505227023922	0.000338819010510076	"HiG"	0.011523397952191	1.89218357178833e-05	9.8706348861692	295	313	313	544	NA	NA	NA	NA
"HiG_13"	"Clec4d"	0.00152849544857231	0.0257234228934036	"HiG"	0.0218932265869919	3.59494689441575e-05	24.182619465222	226	198	198	386	NA	NA	NA	NA
"HiG_13"	"Clnk"	0.0013237089152999	0.00424618972677756	"HiG"	0.0175865973978123	2.88778282394291e-05	46.4994227088635	261	245	245	68	NA	NA	NA	NA
"HiG_13"	"Cluh"	0.00151388774200252	0.0369359312283284	"HiG"	0.0230662002169617	3.78755340179996e-05	19.6004228395913	231	190	190	456	NA	NA	NA	NA
"HiG_13"	"Clybl"	0.000284219564586147	1.58357977979368e-05	"HiG"	0.00034666575445247	5.6923769204018e-07	21	562	560	560	439.5	NA	NA	NA	NA
"HiG_13"	"Cmpk2"	0.000978561549275045	0.00461152947736367	"HiG"	0.0181214641104606	2.97560987035478e-05	26.6418484051009	338	235	235	333	NA	NA	NA	NA
"HiG_13"	"Cmya5"	0.000510699950260321	0.000131877109613665	"HiG"	0.00356015721083288	5.84590675013609e-06	18.7928448833181	479	464	464	463	NA	NA	NA	NA
"HiG_13"	"Cnn2"	0.000743118854913101	0.00317848586902936	"HiG"	0.00674502927881288	1.1075581738609e-05	22.8305843260316	410	390	390	403	NA	NA	NA	NA
"HiG_13"	"Cnn3"	0.00122012997045547	0.0252112625220049	"HiG"	0.0139394134124902	2.28890203817574e-05	55.7323216116985	286	281	281	34	NA	NA	NA	NA
"HiG_13"	"Cnp"	0.00224581075853599	0.0544717933509735	"HiG"	0.0326666516661043	5.36398221118297e-05	48.6407136343455	131	130	130	57	NA	NA	NA	NA
"HiG_13"	"Cox6a2"	0.000259268861810832	1.7363381268357e-17	"HiG"	0	0	NA	592	592	592	NA	NA	NA	NA	NA
"HiG_13"	"Cpd"	0.00120549748850667	0.00375651237727797	"HiG"	0.0135159815767798	2.21937300111327e-05	30.2773095075726	290	286	286	254	NA	NA	NA	NA
"HiG_13"	"Cpne3"	0.000640468160392587	0.00734882624721304	"HiG"	0.00608171107197649	9.98638928074957e-06	38.5420612271323	431	400	400	136	NA	NA	NA	NA
"HiG_13"	"Cpox"	0.000448164776741379	0.00265924956703624	"HiG"	0.00330107114424962	5.4204780693754e-06	21.777327581254	504	470	470	421	NA	NA	NA	NA
"HiG_13"	"Ctnnd2"	0.00111724511787802	0.00234024555572078	"HiG"	0.0113429618828962	1.86255531738853e-05	46.084130378754	303	314	314	71	NA	NA	NA	NA
"HiG_13"	"Ctr9"	0.00144089397506012	0.0731441582792894	"HiG"	0.0216952754235865	3.56244259829007e-05	57.4881402885244	245	201	201	30	NA	NA	NA	NA
"HiG_13"	"Ctsb"	0.00348773575157679	0.0224819033518216	"HiG"	0.0496835927090574	8.15822540378611e-05	30.3670847195033	68	74	74	252	NA	NA	NA	NA
"HiG_13"	"Ctsc"	0.0016032981484217	0.00195931250578578	"HiG"	0.0195449988226422	3.20935941258493e-05	25.5679379723203	208	218	218	360	NA	NA	NA	NA
"HiG_13"	"Ctsd"	0.00253558357792275	0.0402640709438549	"HiG"	0.033903435904714	5.56706665102037e-05	32.8593661669424	108	123	123	206	NA	NA	NA	NA
"HiG_13"	"Ctsg"	0.00303025650258035	0.00349200123627591	"HiG"	0.039883027175807	6.54893713888457e-05	21.5372807485815	87	106	106	427	NA	NA	NA	NA
"HiG_13"	"Ctsh"	0.00119355869117688	0.00246062753654151	"HiG"	0.0156151885907851	2.56407037615518e-05	31.4778763534213	294	263	263	232	NA	NA	NA	NA
"HiG_13"	"Ctss"	0.00287896481797799	0.0140929909414429	"HiG"	0.0442559064057035	7.26697970537003e-05	28.6199452115172	92	91	91	292	NA	NA	NA	NA
"HiG_13"	"Ctxn1"	0.000259268861810832	1.7363381268357e-17	"HiG"	0	0	NA	592	592	592	NA	NA	NA	NA	NA
"HiG_13"	"Cxcl10"	0.00364204402717816	0.0140071068475457	"HiG"	0.0688509722340378	0.00011305578363553	26.5586203244187	64	47	47	337	NA	NA	NA	NA
"HiG_13"	"Cxcr4"	0.00342630058951328	0.00619216272657481	"HiG"	0.0409257378902217	6.72015400496251e-05	22.0302286150843	70	104	104	411	NA	NA	NA	NA
"HiG_13"	"Cyba"	0.00189948168379468	0.0316850829423778	"HiG"	0.0277913886416151	4.56344641077423e-05	42.1653229464589	162	151	151	107	NA	NA	NA	NA
"HiG_13"	"Cybb"	0.00235326897323093	0.00646251199318895	"HiG"	0.0349190878159609	5.73384036386879e-05	25.5801384892962	121	119	119	358	NA	NA	NA	NA
"HiG_13"	"Dab2"	0.00337651348757859	0.0213609210529461	"HiG"	0.0519826810148898	8.53574400901311e-05	36.7368620101658	72	72	72	157	NA	NA	NA	NA
"HiG_13"	"Daxx"	0.00603298730388001	0.141952284817796	"HiG"	0.112597468905986	0.000184889111504082	43.3208983315113	15	14	14	96	NA	NA	NA	NA
"HiG_13"	"Dctd"	0.000406892876497538	0.00504850829892449	"HiG"	0.00299437935285873	4.91687906873355e-06	41	518	481	481	113	NA	NA	NA	NA
"HiG_13"	"Dctpp1"	0.000660433084640662	0.0392496108598631	"HiG"	0.00781696044942956	1.28357314440551e-05	94.6436169806144	427	375	375	4	NA	NA	NA	NA
"HiG_13"	"Ddt"	0.000264998318243785	3.04087302431153e-05	"HiG"	8.63355443579351e-05	1.41766082689549e-07	22	571	571	571	412	NA	NA	NA	NA
"HiG_13"	"Ddx21"	0.00829062342923374	0.469278817258504	"HiG"	0.161834854337724	0.000265738677073438	36.184774414467	7	4	4	165	NA	NA	NA	NA
"HiG_13"	"Desi1"	0.000349457268294207	0.000892172266660178	"HiG"	0.00125786734630106	2.06546362282605e-06	45	536	529	529	79.5	NA	NA	NA	NA
"HiG_13"	"Dhrs7"	0.00109186017361971	0.00284705992722722	"HiG"	0.0117207329994844	1.92458669942273e-05	25.5683126735985	308	312	312	359	NA	NA	NA	NA
"HiG_13"	"Dhx58"	0.000796507129826723	0.0111430404914349	"HiG"	0.0110700147899696	1.81773641871421e-05	27.5554559071316	389	318	318	311	NA	NA	NA	NA
"HiG_13"	"Dkc1"	0.00583708496393258	0.463300748242684	"HiG"	0.120107903343516	0.000197221516163409	39.5354252669442	17	12	12	124	NA	NA	NA	NA
"HiG_13"	"Dkkl1"	0.000681887789432861	0.000399651890119354	"HiG"	0.00359896263466794	5.90962665791123e-06	21.8542270883846	422	460	460	416	NA	NA	NA	NA
"HiG_13"	"Dlk1"	0.0015829110198952	0.000747174879935588	"HiG"	0.0165159529027312	2.71197913016933e-05	16.462604576406	211	252	252	490	NA	NA	NA	NA
"HiG_13"	"Dmd"	0.00182867649972415	0.00652775071641477	"HiG"	0.0223728096865223	3.67369617184274e-05	28.1243185887219	172	194	194	300	NA	NA	NA	NA
"HiG_13"	"Dnmt3b"	0.0020023353489304	0.0491606709699014	"HiG"	0.0306067747706177	5.02574298368106e-05	47.2340710230869	150	136	136	61	NA	NA	NA	NA
"HiG_13"	"Dntt"	0.000349680746704488	0.00380125124151071	"HiG"	0.00162885813496769	2.67464389978273e-06	50.2904780301761	535	523	523	52	NA	NA	NA	NA
"HiG_13"	"Dpp4"	0.00173266313179876	0.0360534705770918	"HiG"	0.0245248762523863	4.0270732762539e-05	24.4157440524781	182	178	178	384	NA	NA	NA	NA
"HiG_13"	"Dse"	0.000829853389539494	1.87107743297318e-05	"HiG"	0.00318487650184366	5.2296822690372e-06	7.75028160573276	379	476	476	551	NA	NA	NA	NA
"HiG_13"	"Dtx3l"	0.00260225539672768	0.00854807431014797	"HiG"	0.049539599365147	8.13458117654303e-05	15.9773176177685	104	75	75	495	NA	NA	NA	NA
"HiG_13"	"Dusp10"	0.000866506790319112	0.000501814812466623	"HiG"	0.00786840722455588	1.29202089073167e-05	11.0918129080271	369	374	374	535	NA	NA	NA	NA
"HiG_13"	"Dusp2"	0.000982102557336455	0.00189742170607244	"HiG"	0.0108318957589082	1.77863641361383e-05	26.55133590271	335	320	320	338	NA	NA	NA	NA
"HiG_13"	"Dusp6"	0.00151959667236059	0.00948959356051032	"HiG"	0.020164276422398	3.31104703159244e-05	40.1265318271538	230	213	213	116	NA	NA	NA	NA
"HiG_13"	"Efna5"	0.00102527455237971	0.00186381716894564	"HiG"	0.0113406307703216	1.86217254028269e-05	44.3318207462509	322	315	315	86	NA	NA	NA	NA
"HiG_13"	"Egfl7"	0.00208274536859364	0.00190509645917673	"HiG"	0.0256235474992961	4.20747906392383e-05	19.8219086608717	144	163	163	455	NA	NA	NA	NA
"HiG_13"	"Egln3"	0.0025087312912479	0.0157535452439729	"HiG"	0.0327285963597031	5.37415375364583e-05	18.5154107536803	109	129	129	466	NA	NA	NA	NA
"HiG_13"	"Ehd3"	0.000918774641584695	0.00445516135113532	"HiG"	0.0106298231132388	1.74545535521163e-05	20.4750903264345	348	325	325	448	NA	NA	NA	NA
"HiG_13"	"Eif1ad"	0.000499452233405554	0.00109864931428022	"HiG"	0.00276467752629492	4.53970037158444e-06	28.8642252215895	486	486	486	289	NA	NA	NA	NA
"HiG_13"	"Emp1"	0.000776679805499282	0.000368849677368388	"HiG"	0.00441026337971652	7.24181178935389e-06	11.345278672672	399	434	434	532	NA	NA	NA	NA
"HiG_13"	"Enam"	0.000392781436374724	0.000561622078085222	"HiG"	0.00212913220295103	3.4961119917094e-06	21.5689788110903	523	505	505	425	NA	NA	NA	NA
"HiG_13"	"Enc1"	0.000875384406483765	0.000108500815564971	"HiG"	0.00239915479224578	3.939498837842e-06	6.7242295433238	365	497	497	555	NA	NA	NA	NA
"HiG_13"	"Entpd5"	0.000518022786821457	0.000656651925823962	"HiG"	0.0027756953413869	4.55779202198177e-06	6.32630095988377	472	485	485	556	NA	NA	NA	NA
"HiG_13"	"Eomes"	0.00123313134228538	0.00158113076219661	"HiG"	0.0160108476294683	2.62903901961712e-05	35.3943672775106	284	259	259	176	NA	NA	NA	NA
"HiG_13"	"Epb41l3"	0.00259929977590338	0.0276513298654236	"HiG"	0.0330042496636672	5.41941702194864e-05	29.0521978011049	105	128	128	284	NA	NA	NA	NA
"HiG_13"	"Epb41l4b"	0.00132239514652291	0.00654429632028325	"HiG"	0.0118870163260758	1.95189102234413e-05	29.8304312754917	262	307	307	266	NA	NA	NA	NA
"HiG_13"	"Epha2"	0.00469867260920901	0.0139286932009687	"HiG"	0.0578794755858193	9.50401897960908e-05	26.7291114518226	32	63	63	329	NA	NA	NA	NA
"HiG_13"	"Ephb2"	0.00264364620334797	0.00378071257839154	"HiG"	0.0365801717497981	6.00659634643647e-05	30.815678438085	101	118	118	246	NA	NA	NA	NA
"HiG_13"	"Eps8"	0.00266180904256087	0.00479885719849518	"HiG"	0.0369368608176369	6.06516597990754e-05	31.2801335281256	100	116	116	234	NA	NA	NA	NA
"HiG_13"	"Epsti1"	0.00040707616815149	0.00964947256264704	"HiG"	0.00300513033156139	4.93453256414022e-06	54.2485372653502	517	480	480	36	NA	NA	NA	NA
"HiG_13"	"Erg"	0.00170122760674385	0.0640883106310822	"HiG"	0.0280406141294986	4.60437013620667e-05	40.3912423843577	190	150	150	115	NA	NA	NA	NA
"HiG_13"	"Esm1"	0.000639069352702849	0.00882365001392724	"HiG"	0.00629320013150802	1.03336619564992e-05	33.0066329530636	432	398	398	204	NA	NA	NA	NA
"HiG_13"	"Ets1"	0.00298199761503566	0.0299920615538513	"HiG"	0.0475144624924047	7.80204638627335e-05	37.702957221655	88	79	79	147	NA	NA	NA	NA
"HiG_13"	"Evl"	0.000657528421327501	0.00344660779246833	"HiG"	0.00638925914560571	1.04913943277598e-05	50.8242270815975	428	397	397	50	NA	NA	NA	NA
"HiG_13"	"Evpl"	0.000634113245834558	0.00076900833616352	"HiG"	0.00500846471630228	8.22407999392821e-06	28.850678699463	433	422	422	290	NA	NA	NA	NA
"HiG_13"	"Exosc2"	0.00158043606317515	0.0993867233009449	"HiG"	0.0249328982014436	4.09407195426003e-05	40.1037976638692	213	171	171	117	NA	NA	NA	NA
"HiG_13"	"F2r"	0.000862003136163177	0.000322382738631069	"HiG"	0.00808040456202019	1.32683161937934e-05	23.1151686803337	372	367	367	400	NA	NA	NA	NA
"HiG_13"	"Faah"	0.000259268861810832	1.7363381268357e-17	"HiG"	0	0	NA	592	592	592	NA	NA	NA	NA	NA
"HiG_13"	"Fabp5"	0.000710368351926598	0.0173813642992689	"HiG"	0.00654914061649778	1.07539254786499e-05	54.1469398596271	417	391	391	37	NA	NA	NA	NA
"HiG_13"	"Fads3"	0.000393438670885868	0.000619054055949993	"HiG"	0.00199034922104639	3.26822532191525e-06	32	522	511	511	216	NA	NA	NA	NA
"HiG_13"	"Fam136a"	0.00047309988885502	0.00402026764824861	"HiG"	0.00364204712388298	5.98037294562066e-06	51.0237445128313	494	457	457	48	NA	NA	NA	NA
"HiG_13"	"Fam216a"	0.000480893553905765	5.72201243387689e-06	"HiG"	0.00203194420755383	3.33652579237083e-06	13	492	506	506	524.5	NA	NA	NA	NA
"HiG_13"	"Fam43a"	0.000845854878879387	0.00112142400156226	"HiG"	0.00938384433765792	1.54086113918849e-05	19.9230922701981	375	348	348	452	NA	NA	NA	NA
"HiG_13"	"Farsb"	0.00184440740244883	0.0816167525225184	"HiG"	0.0289348356516597	4.75120454050241e-05	43.068483541019	171	144	144	97	NA	NA	NA	NA
"HiG_13"	"Fbl"	0.00961005163714705	0.829633187057904	"HiG"	0.204081808687726	0.000335109702278696	35.2443881157183	3	2	2	179	NA	NA	NA	NA
"HiG_13"	"Fcer1g"	0.00380985838688042	0.00676100903792842	"HiG"	0.0533489393527637	8.76008856367221e-05	29.1057458520025	58	71	71	283	NA	NA	NA	NA
"HiG_13"	"Fchsd2"	0.00106585698962245	0.0011678422955421	"HiG"	0.00766567293143245	1.25873118742733e-05	27.1058630615498	317	377	377	323	NA	NA	NA	NA
"HiG_13"	"Ffar2"	0.00131096699542341	0.00108760478216008	"HiG"	0.0143186085984318	2.35116725754217e-05	27.7827464352711	264	276	276	307	NA	NA	NA	NA
"HiG_13"	"Fgd4"	0.00150743233422541	0.0036429909287095	"HiG"	0.0151263445120129	2.48380041248159e-05	32.2830362302161	233	270	270	213	NA	NA	NA	NA
"HiG_13"	"Fgr"	0.00346550841467323	0.0144382113634085	"HiG"	0.0552618756854965	9.07419961995016e-05	38.1228529627783	69	67	67	140	NA	NA	NA	NA
"HiG_13"	"Flt1"	0.00392494894372092	0.0134150844614878	"HiG"	0.0619570035189731	0.000101735637962189	34.5237359575655	52	56	56	187	NA	NA	NA	NA
"HiG_13"	"Flt3"	0.00191099695551425	0.00744273503286852	"HiG"	0.02743426665772	4.50480569092283e-05	35.2493425840502	159	153	153	178	NA	NA	NA	NA
"HiG_13"	"Frmd4b"	0.000371708533924069	0.000720603924461428	"HiG"	0.0017848074525575	2.93071831290229e-06	72	527	519	519	8	NA	NA	NA	NA
"HiG_13"	"Fry"	0.000293353302778187	0.000165222667293477	"HiG"	0.000633551090816858	1.0403137780244e-06	46	555	551	551	74	NA	NA	NA	NA
"HiG_13"	"Fscn1"	0.00155441069379046	0.0276401910719687	"HiG"	0.0166318403599679	2.73100826928866e-05	37.8790271789594	218	251	251	144	NA	NA	NA	NA
"HiG_13"	"Fth1"	0.00152736418470912	0.0416956336399629	"HiG"	0.021056006684732	3.45747236202496e-05	44.74952217708	227	204	204	83	NA	NA	NA	NA
"HiG_13"	"Furin"	0.00157930277453018	0.00826578790015603	"HiG"	0.0204720406123195	3.36158302336938e-05	35.6987973280438	214	209	209	173	NA	NA	NA	NA
"HiG_13"	"Fyn"	0.00939403723789733	0.0577903319964761	"HiG"	0.14546124406312	0.000238852617509229	31.1625109801915	4	6	6	238	NA	NA	NA	NA
"HiG_13"	"Gadd45a"	0.00108401090259696	0.0209016854636561	"HiG"	0.0124953952174793	2.05178903406886e-05	35.1052995061509	311	298	298	183	NA	NA	NA	NA
"HiG_13"	"Gadd45g"	0.000778344230695586	0.0021660452668697	"HiG"	0.00847264515530973	1.39123894175858e-05	24.9939022511533	397	363	363	375	NA	NA	NA	NA
"HiG_13"	"Gar1"	0.0048942753914245	0.361975881141368	"HiG"	0.100346845945527	0.000164773146051768	37.2536505596872	30	18	18	154	NA	NA	NA	NA
"HiG_13"	"Gart"	0.0017747449643453	0.0437986976428365	"HiG"	0.0247901128269955	4.07062607996643e-05	39.1325369159359	179	173	173	129	NA	NA	NA	NA
"HiG_13"	"Gata2"	0.00116149792277639	0.0154823558099708	"HiG"	0.0164066996384122	2.69403934949298e-05	39.1191944338804	296	254	254	130	NA	NA	NA	NA
"HiG_13"	"Gata3"	0.00110845329149224	0.0243197856827204	"HiG"	0.0153140681360488	2.51462530969602e-05	48.2574139352014	304	265	265	58	NA	NA	NA	NA
"HiG_13"	"Gatad2b"	0.00137781299759592	0.0369223632523378	"HiG"	0.0169267547481914	2.77943427720712e-05	46.7906716876058	254	250	250	66	NA	NA	NA	NA
"HiG_13"	"Gatm"	0.000259268861810832	1.7363381268357e-17	"HiG"	0	0	NA	592	592	592	NA	NA	NA	NA	NA
"HiG_13"	"Gbe1"	0.00052937996234502	0.0023766833923544	"HiG"	0.00365366514022987	5.99945014816071e-06	38.4889473676077	468	456	456	137	NA	NA	NA	NA
"HiG_13"	"Gbp2"	0.000641815920527646	0.000506663654757608	"HiG"	0.0052627065430512	8.64155425788374e-06	14.7417762855573	430	416	416	504	NA	NA	NA	NA
"HiG_13"	"Gca"	0.000427141427518638	5.39799149780087e-05	"HiG"	0.00125133440507981	2.0547362973396e-06	6.13471094707922	512	530	530	557	NA	NA	NA	NA
"HiG_13"	"Gcnt1"	0.000390570024594758	0.000333871410754616	"HiG"	0.00200265427191196	3.28843065995396e-06	37.3872892414322	524	509	509	152	NA	NA	NA	NA
"HiG_13"	"Gcsam"	0.000259268861810832	1.7363381268357e-17	"HiG"	0	0	NA	592	592	592	NA	NA	NA	NA	NA
"HiG_13"	"Gem"	0.00211877999685675	0.00361627925207459	"HiG"	0.0192209784576003	3.15615409812813e-05	19.1172655614208	141	223	223	462	NA	NA	NA	NA
"HiG_13"	"Gemin6"	0.00128710857104877	0.023709472670618	"HiG"	0.0127399781042597	2.09195042762886e-05	21.8855985506037	273	294	294	415	NA	NA	NA	NA
"HiG_13"	"Gfra1"	0.000508736203028428	0.00142104711396181	"HiG"	0.00433809480244222	7.12330837839445e-06	30.4606845901468	482	438	438	251	NA	NA	NA	NA
"HiG_13"	"Gimap1"	0.000440012689990705	3.40162963432285e-05	"HiG"	0.00197788686333321	3.2477616803501e-06	8.70477421094744	506	514	514	548	NA	NA	NA	NA
"HiG_13"	"Gimap6"	0.000440908584044105	0.000358522356460295	"HiG"	0.00290868819180314	4.77617108670467e-06	33.0827947014041	505	483	483	202	NA	NA	NA	NA
"HiG_13"	"Gjb3"	0.000324316950527333	4.12849445297337e-05	"HiG"	0.000903779943741967	1.48403931648927e-06	21	546	543	543	439.5	NA	NA	NA	NA
"HiG_13"	"Glb1"	0.00130141197836426	0.00105157581563575	"HiG"	0.00677784646064489	1.11294687366911e-05	30.234167595681	268	389	389	255	NA	NA	NA	NA
"HiG_13"	"Glrx"	0.000565797884420125	9.97641269577913e-05	"HiG"	0.00286032748000805	4.69676105091633e-06	4.9504688752486	454	484	484	563	NA	NA	NA	NA
"HiG_13"	"Gmfg"	0.00130967208475902	0.00383333534038601	"HiG"	0.0159558582152768	2.62000955915874e-05	33.642011039091	265	261	261	197	NA	NA	NA	NA
"HiG_13"	"Gmpr"	0.000486467898460082	0.0104300313314382	"HiG"	0.0045988510250422	7.55147951566864e-06	23.5731687616377	490	432	432	393	NA	NA	NA	NA
"HiG_13"	"Golim4"	0.000844345046032128	0.000634513803817518	"HiG"	0.00687764629381078	1.1293343667998e-05	23.7884394954441	377	388	388	389	NA	NA	NA	NA
"HiG_13"	"Gpcpd1"	0.0017284590787314	8.78547594679401e-19	"HiG"	0.000381823764039961	6.26968413858721e-07	1	183	558.5	558.5	572.5	NA	NA	NA	NA
"HiG_13"	"Gpr137b"	0.000287121938693967	2.67436158321533e-06	"HiG"	0.000225464637852854	3.70221080218151e-07	4	560	567	567	565	NA	NA	NA	NA
"HiG_13"	"Gpr171"	0.000510406353265107	0.000527282923007305	"HiG"	0.00434874385718783	7.14079451098166e-06	40.5587521709603	480	437	437	114	NA	NA	NA	NA
"HiG_13"	"Gpr183"	0.00124646034946063	0.00182469455779817	"HiG"	0.0141021046149103	2.31561652133174e-05	21.5660155530282	282	278	278	426	NA	NA	NA	NA
"HiG_13"	"Gpr65"	0.00173743045713102	0.00132928852466623	"HiG"	0.0194620645271959	3.19574130167421e-05	29.1168765629516	180	219	219	282	NA	NA	NA	NA
"HiG_13"	"Grap"	0.00169877230417819	0.00330080576095702	"HiG"	0.0193856239041106	3.18318947522341e-05	43.6042296522486	192	220	220	94	NA	NA	NA	NA
"HiG_13"	"Gria2"	0.0019438935106166	0.00469696424873968	"HiG"	0.021209752691642	3.48271801176388e-05	20.8285859341062	156	203	203	443	NA	NA	NA	NA
"HiG_13"	"Gstm1"	0.00056709580443706	2.82653125079057e-06	"HiG"	0.00183391091695963	3.01134797530317e-06	6	452	517	517	558	NA	NA	NA	NA
"HiG_13"	"Gzma"	0.0032613752043764	0.0254009576596349	"HiG"	0.0483974543475806	7.94703683868318e-05	38.8403699800702	79	78	78	134	NA	NA	NA	NA
"HiG_13"	"Gzmb"	0.00170081851087082	0.00369765397395293	"HiG"	0.0210491708280636	3.45634988966561e-05	23.3738958645208	191	205	205	397	NA	NA	NA	NA
"HiG_13"	"Havcr2"	0.00217769075093112	0.00715025186183998	"HiG"	0.0315100209413593	5.1740592678751e-05	34.2951877407377	138	133	133	188	NA	NA	NA	NA
"HiG_13"	"Hdac9"	0.00165024031560206	0.0151651167355038	"HiG"	0.024629731842331	4.04429094291149e-05	29.2161507834163	203	177	177	280	NA	NA	NA	NA
"HiG_13"	"Hdhd2"	0.000668761651635188	0.000235679590483113	"HiG"	0.00319017245236841	5.23837841111398e-06	21.3915985619354	426	475	475	430	NA	NA	NA	NA
"HiG_13"	"Helz2"	0.00145743742047249	0.0172897558923504	"HiG"	0.02494430147493	4.09594441296059e-05	31.2162163262982	243	170	170	235	NA	NA	NA	NA
"HiG_13"	"Herc6"	0.00128330326516556	0.00569225955090006	"HiG"	0.0253744372845057	4.16657426674971e-05	26.6318444163804	275	166	166	334	NA	NA	NA	NA
"HiG_13"	"Hid1"	0.000335705252874626	6.12463014720091e-05	"HiG"	0.00106770577355099	1.75321145082265e-06	45	540	538	538	79.5	NA	NA	NA	NA
"HiG_13"	"Hip1"	0.000914513902363191	0.000803742389986646	"HiG"	0.00991743881020946	1.62847927918054e-05	26.7120705731426	349	338	338	330	NA	NA	NA	NA
"HiG_13"	"Hipk1"	0.0017892171956096	0.0121450226299912	"HiG"	0.0236181957342268	3.87819305980735e-05	29.3342587968257	178	188	188	278	NA	NA	NA	NA
"HiG_13"	"Hivep3"	0.000779342853115836	0.00536295253129099	"HiG"	0.00989058954463654	1.62407053278104e-05	30.7674723100131	396	339	339	247	NA	NA	NA	NA
"HiG_13"	"Hlx"	0.00228081439761409	0.00487187237607044	"HiG"	0.0330640835823059	5.42924196753791e-05	28.4939962566845	128	127	127	296	NA	NA	NA	NA
"HiG_13"	"Hmga2"	0.00333549374501311	0.0334975313736118	"HiG"	0.0420584765641989	6.90615378722479e-05	27.1257434088817	74	102	102	322	NA	NA	NA	NA
"HiG_13"	"Hmgn3"	0.000322314922576655	0.00102646409356167	"HiG"	0.0010893840942201	1.78880803648621e-06	25.8785166005911	548	536	536	353	NA	NA	NA	NA
"HiG_13"	"Hmox1"	0.000805598614451582	0.000771442975116383	"HiG"	0.00707274848853029	1.16137085197542e-05	21.8198808681414	385	386	386	419	NA	NA	NA	NA
"HiG_13"	"Hook1"	0.000672235635033845	0.00874451502207426	"HiG"	0.00593088177939078	9.7387221336466e-06	21.7843893996161	425	401	401	420	NA	NA	NA	NA
"HiG_13"	"Hoxa5"	0.00130495809285783	0.00201172157114402	"HiG"	0.0169936268641859	2.79041492022758e-05	27.7643023501327	266	247	247	308	NA	NA	NA	NA
"HiG_13"	"Hoxa7"	0.00181860803381049	0.00672493587130739	"HiG"	0.0269006375722834	4.41718186737001e-05	32.9289856957444	174	158	158	205	NA	NA	NA	NA
"HiG_13"	"Hpse"	0.000547085707871687	0.00734823292423631	"HiG"	0.00464655105218418	7.62980468338947e-06	19.8406674272786	460	429	429	454	NA	NA	NA	NA
"HiG_13"	"Hs3st1"	0.00063350529099936	0.000149244165342024	"HiG"	0.00345211682094972	5.66850052701104e-06	6.80420715620084	434	468	468	554	NA	NA	NA	NA
"HiG_13"	"Hsph1"	0.00387710967089161	0.236099513272048	"HiG"	0.0672383876268368	0.000110407861456218	65.5096226001855	55	48	48	13	NA	NA	NA	NA
"HiG_13"	"Hvcn1"	0.000529575565779097	1.53883395945748e-06	"HiG"	0.00200085055931705	3.28546889871437e-06	4	467	510	510	565	NA	NA	NA	NA
"HiG_13"	"Id2"	0.00100567154423264	0.00970737599042604	"HiG"	0.0131183657846911	2.15408305167342e-05	39.3652918499151	330	291	291	125	NA	NA	NA	NA
"HiG_13"	"Id3"	0.00130050879108653	0.0161421988805324	"HiG"	0.0179801512719296	2.95240579177826e-05	30.5444149376251	269	240	240	249	NA	NA	NA	NA
"HiG_13"	"Ifi44"	0.00262145821411968	0.0109536773300232	"HiG"	0.0552223667691786	9.06771211316561e-05	22.9120429873144	102	68	68	402	NA	NA	NA	NA
"HiG_13"	"Ifih1"	0.00165440931416944	0.00690612436600953	"HiG"	0.0298697841843312	4.90472646704946e-05	20.2423990781714	202	141	141	449	NA	NA	NA	NA
"HiG_13"	"Ifit2"	0.00378917598371264	0.0262610560964785	"HiG"	0.0844809704849967	0.000138720805394083	23.8212197034686	59	30	30	388	NA	NA	NA	NA
"HiG_13"	"Ifit3"	0.00368414555465722	0.0176581787531526	"HiG"	0.0828186659483454	0.000135991241294492	22.4617674329013	62	31	31	408	NA	NA	NA	NA
"HiG_13"	"Ift80"	0.000325349165706398	0.00238673538540252	"HiG"	0.00114612615027293	1.88198054232008e-06	60	545	532	532	22	NA	NA	NA	NA
"HiG_13"	"Igf2r"	0.00261429284418622	0.00655832514627162	"HiG"	0.0287612946063001	4.7227084739409e-05	21.8530568505226	103	146	146	417	NA	NA	NA	NA
"HiG_13"	"Igfbp4"	0.0024414277106525	0.00762711321739119	"HiG"	0.0338625331769836	5.56035027536677e-05	29.3535917010073	114	124	124	277	NA	NA	NA	NA
"HiG_13"	"Ighm"	0.00146972368519645	0.00261783447134655	"HiG"	0.0161006550953551	2.64378572994336e-05	14.0083281020153	241	258	258	511	NA	NA	NA	NA
"HiG_13"	"Ikzf2"	0.000631423448812	0.0108423745444169	"HiG"	0.00559789265538327	9.19194196286251e-06	56.4915559401341	435	410	410	33	NA	NA	NA	NA
"HiG_13"	"Il12a"	0.00185835348164587	0.00351996663632515	"HiG"	0.0274541353361179	4.50806819969096e-05	27.8039129629633	169	152	152	306	NA	NA	NA	NA
"HiG_13"	"Il17re"	0.000259268861810832	1.7363381268357e-17	"HiG"	0	0	NA	592	592	592	NA	NA	NA	NA	NA
"HiG_13"	"Il1r1"	0.00190704034848119	0.00455362210842433	"HiG"	0.0252081216912116	4.13926464551915e-05	38.0006774971197	161	167	167	142	NA	NA	NA	NA
"HiG_13"	"Il1r2"	0.000852632367274111	0.000768363780679815	"HiG"	0.009525457085089	1.56411446388982e-05	27.8706924017904	374	347	347	305	NA	NA	NA	NA
"HiG_13"	"Il21r"	0.00113448505655108	0.0011557851873407	"HiG"	0.0137351395909393	2.25535953874208e-05	29.40368098154	301	284	284	274	NA	NA	NA	NA
"HiG_13"	"Il4i1"	0.000329648307917075	1.91982475874538e-05	"HiG"	0.000780129562798659	1.28100092413573e-06	12	543	544	544	528	NA	NA	NA	NA
"HiG_13"	"Il6st"	0.00230447680851228	0.0037830438741642	"HiG"	0.0346506144069509	5.68975606025466e-05	37.6992456716246	123	120	120	148	NA	NA	NA	NA
"HiG_13"	"Il7r"	0.00443961568547827	0.0178647375039212	"HiG"	0.0698355262613575	0.000114672456915201	33.1988204335672	37	46	46	201	NA	NA	NA	NA
"HiG_13"	"Impdh2"	0.00248932354009739	0.128396251201647	"HiG"	0.0394136727317563	6.47186744363814e-05	57.6570194929119	110	108	108	29	NA	NA	NA	NA
"HiG_13"	"Iqsec1"	0.000566742526897156	0.00349761336918609	"HiG"	0.00394123846164667	6.47165593045429e-06	31.879266468263	453	446	446	222	NA	NA	NA	NA
"HiG_13"	"Irf7"	0.00388275175075626	0.041910977049588	"HiG"	0.074975474891506	0.000123112438245494	33.7497993168244	54	38	38	195	NA	NA	NA	NA
"HiG_13"	"Irf8"	0.00459563432652673	0.0255468615662377	"HiG"	0.0709610046418069	0.000116520533073575	29.8086041399427	34	43	43	267	NA	NA	NA	NA
"HiG_13"	"Irf9"	0.0043378529204335	0.0396878521705072	"HiG"	0.0956477615211125	0.00015705707967342	30.0333322151617	40	22	22	261	NA	NA	NA	NA
"HiG_13"	"Isg15"	0.00615526076440421	0.0671340640506409	"HiG"	0.134812469621816	0.000221366945191816	24.0164451725357	13	7	7	387	NA	NA	NA	NA
"HiG_13"	"Isg20"	0.00215984496080651	0.0116778769490024	"HiG"	0.0466788712896014	7.66483929221698e-05	27.0323635080236	139	82	82	325	NA	NA	NA	NA
"HiG_13"	"Itgam"	0.00246425069188075	0.00527101084727497	"HiG"	0.0339679975139309	5.57766790048127e-05	24.9390836043965	113	122	122	376	NA	NA	NA	NA
"HiG_13"	"Itgb2"	0.00397054338980234	0.00789012686817228	"HiG"	0.0578928903237411	9.50622172803631e-05	28.121882407797	49	62	62	301	NA	NA	NA	NA
"HiG_13"	"Itgb3"	0.00254241908517496	0.0048236540376583	"HiG"	0.0369406700977631	6.06579147746521e-05	29.3557246160106	107	115	115	276	NA	NA	NA	NA
"HiG_13"	"Itgb7"	0.00130004066571454	0.00265038133769303	"HiG"	0.0122488905558782	2.01131207814091e-05	31.9139900149566	270	301	301	221	NA	NA	NA	NA
"HiG_13"	"Itsn1"	0.00274004755908003	0.00617791301228077	"HiG"	0.0325333244312986	5.34208939758598e-05	25.0866294615518	97	131	131	371	NA	NA	NA	NA
"HiG_13"	"Jakmip1"	0.000296592540118042	0.00190396673204765	"HiG"	0.000759484741565872	1.24710138188156e-06	46	553	546	546	74	NA	NA	NA	NA
"HiG_13"	"Jchain"	0.001348885544908	8.28305645166375e-05	"HiG"	0.00848695427732918	1.39358855128558e-05	5.88945643695582	258	362	362	559	NA	NA	NA	NA
"HiG_13"	"Jdp2"	0.000937415693455162	0.0149191227087493	"HiG"	0.00898521236448348	1.47540432914343e-05	46.5591727739484	344	356	356	67	NA	NA	NA	NA
"HiG_13"	"Kank2"	0.000908546873227102	0.0131024704758806	"HiG"	0.00812372803892609	1.33394549079246e-05	44.7598227241301	350	366	366	82	NA	NA	NA	NA
"HiG_13"	"Kat2a"	0.00310032528164468	0.183033891791474	"HiG"	0.0488133962408649	8.01533600014201e-05	63.8565250593851	84	76	76	16	NA	NA	NA	NA
"HiG_13"	"Kbtbd11"	0.000780878099014221	3.38101896787925e-05	"HiG"	0.0019831847368137	3.25646097998966e-06	11.7480474212429	394	512	512	529	NA	NA	NA	NA
"HiG_13"	"Kdm7a"	0.0004638646018645	0.00403352549401842	"HiG"	0.003617802425393	5.94056227486535e-06	37.8774703217611	500	458	458	145	NA	NA	NA	NA
"HiG_13"	"Kit"	0.00297524853408846	0.00775993244328765	"HiG"	0.0434607138045761	7.13640620764797e-05	37.5862323987623	89	95	95	150	NA	NA	NA	NA
"HiG_13"	"Klf2"	0.000531232233623782	0.00140954285347701	"HiG"	0.00482808267924947	7.92788617282343e-06	38.8344958493984	466	426	426	135	NA	NA	NA	NA
"HiG_13"	"Klhdc4"	0.000489818780340908	0.00287878580048671	"HiG"	0.00374735253890106	6.15328824121684e-06	25.4062607072157	488	451	451	364	NA	NA	NA	NA
"HiG_13"	"Klhl30"	0.000259268861810832	1.7363381268357e-17	"HiG"	0	0	NA	592	592	592	NA	NA	NA	NA	NA
"HiG_13"	"Klrd1"	0.00109861482295106	0.000760255399721375	"HiG"	0.0126583320252937	2.07854384651785e-05	21.4177063805366	307	295	295	429	NA	NA	NA	NA
"HiG_13"	"Kmo"	0.000259268861810832	1.7363381268357e-17	"HiG"	0	0	NA	592	592	592	NA	NA	NA	NA	NA
"HiG_13"	"Lad1"	0.00027782395102894	0.00011891594717419	"HiG"	0.000294533600969568	4.83634812757911e-07	72	565	563	563	9	NA	NA	NA	NA
"HiG_13"	"Lamc1"	0.00186163986829787	0.00550134655445457	"HiG"	0.0218723928242601	3.59152591531365e-05	29.5854738986562	168	199	199	271	NA	NA	NA	NA
"HiG_13"	"Lat"	0.00228606191482584	0.00491974415384626	"HiG"	0.0269982163520214	4.43320465550434e-05	53.4109196946991	127	157	157	41	NA	NA	NA	NA
"HiG_13"	"Lax1"	0.000884206989912858	0.00231373357948673	"HiG"	0.011210003944668	1.84072314362364e-05	48.077536693655	360	316	316	59	NA	NA	NA	NA
"HiG_13"	"Lca5l"	0.000536637120364808	2.5448364090793e-05	"HiG"	0.00234687080287525	3.8536466385472e-06	9	463	499	499	545.5	NA	NA	NA	NA
"HiG_13"	"Lck"	0.00977306510648724	0.0415423667852003	"HiG"	0.156550540205197	0.000257061642373066	27.4664705871844	2	5	5	314	NA	NA	NA	NA
"HiG_13"	"Lgals3"	0.00519429717596709	0.028809173252675	"HiG"	0.0757164453465013	0.000124329138500002	29.7954459324198	23	36	36	269	NA	NA	NA	NA
"HiG_13"	"Lgals3bp"	0.00530306591844259	0.031397615475096	"HiG"	0.0956059931069253	0.000156988494428449	29.246528278523	21	23	23	279	NA	NA	NA	NA
"HiG_13"	"Lgmn"	0.00077047208016152	0.00219035444351412	"HiG"	0.00806308812108877	1.32398819722311e-05	28.0075868829245	403	368	368	303	NA	NA	NA	NA
"HiG_13"	"Lipa"	0.000878202801487708	0.000348081884508014	"HiG"	0.00441152809979476	7.24388850541012e-06	22.5743987393508	363	433	433	406	NA	NA	NA	NA
"HiG_13"	"Lipg"	0.000557465642880601	4.4194076141356e-05	"HiG"	0.00294275856470377	4.83211586979272e-06	10.6148527122428	458	482	482	539	NA	NA	NA	NA
"HiG_13"	"Lox"	0.000578499122795706	0.0114032747252773	"HiG"	0.00493743718842504	8.10745022729891e-06	44.2841252159651	447	423	423	88	NA	NA	NA	NA
"HiG_13"	"Lrp1"	0.00359897670605055	0.0080180497892324	"HiG"	0.0460936859679064	7.5687497484247e-05	24.633479701446	66	85	85	381	NA	NA	NA	NA
"HiG_13"	"Lrp12"	0.000677978336718509	0.000354030489030997	"HiG"	0.00545010358692317	8.94926697360127e-06	20.8219283214905	423	415	415	444	NA	NA	NA	NA
"HiG_13"	"Lrpap1"	0.00267392297130315	0.025984671953136	"HiG"	0.0373398992092831	6.13134633978376e-05	27.1271852671423	99	113	113	321	NA	NA	NA	NA
"HiG_13"	"Lsp1"	0.00123057467799283	0.00158270937427094	"HiG"	0.0152528249166473	2.50456895183043e-05	35.8270113431835	285	267	267	170	NA	NA	NA	NA
"HiG_13"	"Ltb"	0.00101419697601271	0.00137034888821868	"HiG"	0.01317252424238	2.16297606607225e-05	30.9098976437745	327	288	288	243	NA	NA	NA	NA
"HiG_13"	"Ly6d"	0.000980514930685027	5.9530543164171e-08	"HiG"	0.00264578394758872	4.34447282034273e-06	3	337	487	487	568	NA	NA	NA	NA
"HiG_13"	"Ly86"	0.00313603808333321	0.00613062926400069	"HiG"	0.0430813452214161	7.07411251583187e-05	25.0049774519254	83	96	96	373	NA	NA	NA	NA
"HiG_13"	"Lyar"	0.00464751929501005	0.357348516813107	"HiG"	0.0903755186302803	0.000148399866387981	42.7726910208857	33	26	26	98	NA	NA	NA	NA
"HiG_13"	"Lynx1"	0.000466959390125316	0.000354294199815615	"HiG"	0.00328530997120699	5.39459765387027e-06	27	497	473	473	326	NA	NA	NA	NA
"HiG_13"	"Lztfl1"	0.000407575297627627	0.00535663726374939	"HiG"	0.00257229271542148	4.22379756226845e-06	60	516	491	491	23.5	NA	NA	NA	NA
"HiG_13"	"Lzts2"	0.00152165513144543	0.00167076349171627	"HiG"	0.0164367591295549	2.6989752265279e-05	17.6389036403089	228	253	253	474	NA	NA	NA	NA
"HiG_13"	"Mad1l1"	0.000888873612525918	0.00774081341330799	"HiG"	0.00924526858165537	1.5181064994508e-05	27.4253863362138	359	352	352	316	NA	NA	NA	NA
"HiG_13"	"Man1c1"	0.000259268861810832	1.7363381268357e-17	"HiG"	0	0	NA	592	592	592	NA	NA	NA	NA	NA
"HiG_13"	"Map3k8"	0.00255404481269733	0.0592700239709618	"HiG"	0.042890983566257	7.04285444437717e-05	41.0694018649625	106	98	98	112	NA	NA	NA	NA
"HiG_13"	"Mapk3"	0.00319867982359062	0.0148199275930166	"HiG"	0.0459178524541656	7.5398772502735e-05	30.1395392967899	81	86	86	258	NA	NA	NA	NA
"HiG_13"	"Marcks"	0.0045786597404361	0.046293693679826	"HiG"	0.0603268689653313	9.90588981368329e-05	26.4163357672383	35	59	59	343	NA	NA	NA	NA
"HiG_13"	"Marcksl1"	0.000874712843124391	0.019430063923483	"HiG"	0.00968588191337193	1.59045680022528e-05	43.9251485265151	366	345	345	91	NA	NA	NA	NA
"HiG_13"	"Mboat2"	0.000259268861810832	1.7363381268357e-17	"HiG"	0	0	NA	592	592	592	NA	NA	NA	NA	NA
"HiG_13"	"Mcoln2"	0.00150075900718252	2.42325423415013e-06	"HiG"	0.00467951455473288	7.68393194537419e-06	1.66652447931006	235	427	427	571	NA	NA	NA	NA
"HiG_13"	"Mctp2"	0.000389087216718579	0.0155109962762147	"HiG"	0.00261075221173501	4.28694944455667e-06	108.237777580026	525	488	488	3	NA	NA	NA	NA
"HiG_13"	"Mdfic"	0.000306948233438694	0.00118217179070637	"HiG"	0.000920297709210077	1.5111620840888e-06	51.8870504484101	550	542	542	45	NA	NA	NA	NA
"HiG_13"	"Med21"	0.00179422928670296	0.0337999161627049	"HiG"	0.0237599217352486	3.9014649811574e-05	39.0160371307055	176	185	185	131	NA	NA	NA	NA
"HiG_13"	"Mef2c"	0.00171207004944795	0.0123178491795067	"HiG"	0.023808306058479	3.90940986181921e-05	31.6217265536254	187	184	184	227	NA	NA	NA	NA
"HiG_13"	"Meis1"	0.00173396405104652	0.0050529994433367	"HiG"	0.0238927613901475	3.92327773237233e-05	27.4605245165534	181	182	182	315	NA	NA	NA	NA
"HiG_13"	"Mex3a"	0.0019565165122484	0.0082939289899282	"HiG"	0.0235241933782867	3.86275753338042e-05	17.5961962620674	155	189	189	476	NA	NA	NA	NA
"HiG_13"	"Mfge8"	0.000470629427925602	0.0117679640494517	"HiG"	0.00345324003584182	5.67034488643977e-06	81.2707681388013	496	467	467	5	NA	NA	NA	NA
"HiG_13"	"Mgll"	0.000800990337665942	0.000140625761797456	"HiG"	0.00519097500669892	8.52376848390628e-06	13.2011721952682	388	418	418	521	NA	NA	NA	NA
"HiG_13"	"Mgst2"	0.00128965045367021	0.000165992730159988	"HiG"	0.00653074231250849	1.07237147988645e-05	8.61337769770947	271	392	392	549	NA	NA	NA	NA
"HiG_13"	"Mllt3"	0.000952918797128058	0.0161312722773685	"HiG"	0.012140220734731	1.99346810094105e-05	34.5658957645201	343	304	304	186	NA	NA	NA	NA
"HiG_13"	"Mmaa"	0.000259268861810832	1.7363381268357e-17	"HiG"	0	0	NA	592	592	592	NA	NA	NA	NA	NA
"HiG_13"	"Mn1"	0.000310565625936636	2.82748409507047e-05	"HiG"	0.000778039539789747	1.27756903085344e-06	17	549	545	545	484	NA	NA	NA	NA
"HiG_13"	"Mov10"	0.00451564162393937	0.0763883955329085	"HiG"	0.0535331159807376	8.79033103131981e-05	25.5346109441595	36	70	70	361	NA	NA	NA	NA
"HiG_13"	"Mpeg1"	0.000259268861810832	1.7363381268357e-17	"HiG"	0	0	NA	592	592	592	NA	NA	NA	NA	NA
"HiG_13"	"Mpp1"	0.000996115567829209	0.00475814705862423	"HiG"	0.0104467034138276	1.71538643905216e-05	28.2931623143027	331	329	329	299	NA	NA	NA	NA
"HiG_13"	"Mrc1"	0.00102057560550528	0.000606687413302226	"HiG"	0.0107116938086722	1.75889881915799e-05	25.5220845103417	324	323	323	362	NA	NA	NA	NA
"HiG_13"	"Ms4a3"	0.00126710358058907	0.000461839212473007	"HiG"	0.0108093449832887	1.77493349479289e-05	16.1093128721372	278	321	321	494	NA	NA	NA	NA
"HiG_13"	"Msh6"	0.0018944831054918	0.0874975938395322	"HiG"	0.0287713780229366	4.72436420737875e-05	58.7070717368057	163	145	145	26	NA	NA	NA	NA
"HiG_13"	"Msi2"	0.000517817517363209	0.00308306331688268	"HiG"	0.00437658933362135	7.18651778919763e-06	36.5717674897176	474	436	436	160	NA	NA	NA	NA
"HiG_13"	"Msra"	0.000291468466436733	0.000638727497165942	"HiG"	0.000591129599628467	9.70656157025398e-07	34.1634289450068	557	552	552	191	NA	NA	NA	NA
"HiG_13"	"Msrb3"	0.000933645512795928	0.00251046408754193	"HiG"	0.00772449326042969	1.26838969793591e-05	21.7322057003807	347	376	376	423	NA	NA	NA	NA
"HiG_13"	"Mtap"	0.00110774523469434	0.00740002634224992	"HiG"	0.0101941133852786	1.67391024388812e-05	26.0251855378001	305	332	332	349	NA	NA	NA	NA
"HiG_13"	"Muc13"	0.000259268861810832	1.7363381268357e-17	"HiG"	0	0	NA	592	592	592	NA	NA	NA	NA	NA
"HiG_13"	"Mx1"	0.00364451347326909	0.0258329807627456	"HiG"	0.0735633109679707	0.000120793614068917	25.2290779598177	63	39	39	367	NA	NA	NA	NA
"HiG_13"	"Mxi1"	0.000790752684811942	0.0243944884631134	"HiG"	0.00641983071388848	1.05415939472717e-05	61.2026423644352	390	395	395	21	NA	NA	NA	NA
"HiG_13"	"Myadm"	0.00149736137454792	0.0124835122074537	"HiG"	0.0191081748922349	3.13763134519457e-05	30.8485476529894	237	224	224	245	NA	NA	NA	NA
"HiG_13"	"Myb"	0.00156150106081001	0.0456315178940778	"HiG"	0.0246615665418799	4.04951831557962e-05	52.8238506015079	217	175	175	43	NA	NA	NA	NA
"HiG_13"	"Mybbp1a"	0.00429251438939594	0.399706388993901	"HiG"	0.0860034810916673	0.00014122082281062	56.5967754704081	41	27	27	31	NA	NA	NA	NA
"HiG_13"	"Myc"	0.0286952672090428	1	"HiG"	0.514357984040407	0.000844594390870948	24.8088054026908	1	1	1	379	NA	NA	NA	NA
"HiG_13"	"Mycn"	0.00408536541653715	0.202794767864369	"HiG"	0.0720726441455797	0.000118345885296518	35.8002339032905	45	40	40	171	NA	NA	NA	NA
"HiG_13"	"Myl10"	0.000259268861810832	1.7363381268357e-17	"HiG"	0	0	NA	592	592	592	NA	NA	NA	NA	NA
"HiG_13"	"Myo1f"	0.000891934015419889	0.00164700385133794	"HiG"	0.0102777626893402	1.68764576179643e-05	42.3470979376419	357	331	331	105	NA	NA	NA	NA
"HiG_13"	"N4bp3"	0.000259268861810832	1.7363381268357e-17	"HiG"	0	0	NA	592	592	592	NA	NA	NA	NA	NA
"HiG_13"	"Nabp1"	0.000629158302949064	0.000724058594054365	"HiG"	0.00648858513530281	1.06544911909734e-05	35.6920585668293	436	393	393	174	NA	NA	NA	NA
"HiG_13"	"Ncf1"	0.0012887002995431	0.00530975930685535	"HiG"	0.0163821072695395	2.69000119368464e-05	28.9218314410581	272	255	255	288	NA	NA	NA	NA
"HiG_13"	"Ncoa7"	0.000259593527182676	2.63819476942925e-06	"HiG"	5.57288603954274e-06	9.1508801962935e-09	27	573	573	573	327	NA	NA	NA	NA
"HiG_13"	"Ncs1"	0.000482074888621486	4.23582425280067e-05	"HiG"	0.00234526089363911	3.85100310942383e-06	10.8698032961642	491	500	500	537	NA	NA	NA	NA
"HiG_13"	"Ndst1"	0.000596006276850376	0.000369224811666693	"HiG"	0.00486162581059392	7.98296520622975e-06	22.4750578874342	444	425	425	407	NA	NA	NA	NA
"HiG_13"	"Nefh"	0.000572854446921159	0.00139462027707851	"HiG"	0.00490379226276006	8.05220404394098e-06	26.4882172085826	451	424	424	340	NA	NA	NA	NA
"HiG_13"	"Neil3"	0.000770811037005139	0.00615599953174624	"HiG"	0.00877658122851471	1.44114634294166e-05	31.5606989404814	402	359	359	229	NA	NA	NA	NA
"HiG_13"	"Nfix"	0.00190847229960398	0.00940880430548154	"HiG"	0.0244133925978584	4.00876725744801e-05	19.3243296476144	160	179	179	459	NA	NA	NA	NA
"HiG_13"	"Nkg7"	0.00186473985000058	0.00230989049926315	"HiG"	0.0248080256923714	4.073567437171e-05	25.6434744270802	167	172	172	356	NA	NA	NA	NA
"HiG_13"	"Nkx2-3"	0.00178975305847712	0.00453526060197513	"HiG"	0.0247069013546498	4.05696245560751e-05	27.1567581594228	177	174	174	319	NA	NA	NA	NA
"HiG_13"	"Nlgn2"	0.000427944939065628	3.29407631314071e-05	"HiG"	0.0016994429433137	2.7905467049486e-06	14.1921791726789	511	522	522	508	NA	NA	NA	NA
"HiG_13"	"Nme4"	0.00209397329653143	0.0199595193310232	"HiG"	0.0303767043881265	4.98796459575148e-05	27.5463927997464	143	138	138	313	NA	NA	NA	NA
"HiG_13"	"Noc2l"	0.00415587810074836	0.290600229811469	"HiG"	0.0785419429809119	0.000128968707686226	45.1277301030986	44	35	35	77	NA	NA	NA	NA
"HiG_13"	"Noc3l"	0.00221612237682861	0.190098792501725	"HiG"	0.0436469777449047	7.16699141952458e-05	46.844156596722	133	93	93	65	NA	NA	NA	NA
"HiG_13"	"Nolc1"	0.00605343659092271	0.528777566174578	"HiG"	0.121778941365278	0.000199965420961047	42.7627893031158	14	11	11	99	NA	NA	NA	NA
"HiG_13"	"Nop14"	0.00182433248531887	0.152928057674763	"HiG"	0.0337214559960666	5.53718489262177e-05	51.8222462462942	173	125	125	46	NA	NA	NA	NA
"HiG_13"	"Nop2"	0.00557698362243972	0.449213754366269	"HiG"	0.113769006408049	0.000186812818404021	42.7366052732402	18	13	13	100	NA	NA	NA	NA
"HiG_13"	"Nop56"	0.00903615127132405	0.883610366789035	"HiG"	0.193881482887953	0.000318360398830793	44.594589943033	5	3	3	84	NA	NA	NA	NA
"HiG_13"	"Nop58"	0.00616073323481437	0.662133971285137	"HiG"	0.130241240625882	0.000213860822045784	43.9038505584378	12	8	8	92	NA	NA	NA	NA
"HiG_13"	"Npm3"	0.00248208900832049	0.172629986358775	"HiG"	0.0468898514103466	7.69948299020469e-05	44.1709609666182	111	80	80	89	NA	NA	NA	NA
"HiG_13"	"Nrgn"	0.000453584549708394	0.00242689942751424	"HiG"	0.00322809700223998	5.30065189201968e-06	40	501	474	474	119.5	NA	NA	NA	NA
"HiG_13"	"Nrip1"	0.00228955422833834	0.022588605742253	"HiG"	0.0368235778332749	6.04656450464285e-05	29.9911935000798	126	117	117	263	NA	NA	NA	NA
"HiG_13"	"Nsg2"	0.0011031549189554	0.000206620306747337	"HiG"	0.00975798921002094	1.60229707882117e-05	13.9155792220819	306	344	344	515	NA	NA	NA	NA
"HiG_13"	"Nt5dc2"	0.00157313689789755	0.0313732897784938	"HiG"	0.0243157001782029	3.99272580922872e-05	34.2099702887378	216	180	180	189	NA	NA	NA	NA
"HiG_13"	"Ntng1"	0.000504158382176787	0.00019194572294734	"HiG"	0.00329168239637293	5.40506140619529e-06	12.9362252245026	485	472	472	526	NA	NA	NA	NA
"HiG_13"	"Nudcd1"	0.00139802372811283	0.0429832672395765	"HiG"	0.0200105794370965	3.28580943137874e-05	37.9202634723629	250	216	216	143	NA	NA	NA	NA
"HiG_13"	"Nudt5"	0.000868304360731385	0.00193149334239247	"HiG"	0.00954859826233621	1.56791432879084e-05	16.1360539319584	368	346	346	492	NA	NA	NA	NA
"HiG_13"	"Oaf"	0.00080608739681106	0.000204733791781471	"HiG"	0.00568985333761415	9.34294472514639e-06	17.3462289078812	384	408	408	478	NA	NA	NA	NA
"HiG_13"	"Oas3"	0.00221265753954777	0.0213316700949027	"HiG"	0.0442511460322215	7.26619803484753e-05	26.0810235005285	134	92	92	347	NA	NA	NA	NA
"HiG_13"	"Ociad2"	0.000518638538993573	0.00676505955655673	"HiG"	0.00227785635363992	3.74032241976999e-06	50.8881204418432	470	502	502	49	NA	NA	NA	NA
"HiG_13"	"Odc1"	0.00125015829156269	0.0573554959402174	"HiG"	0.0177583769241495	2.91598964271749e-05	49.2014209161568	281	242	242	55	NA	NA	NA	NA
"HiG_13"	"Olfm1"	0.0022972178147485	0.00141716351005576	"HiG"	0.0223136943495206	3.66398921995412e-05	11.0948561537454	124	195	195	534	NA	NA	NA	NA
"HiG_13"	"Osbpl5"	0.000510881586940267	0.00171214649947897	"HiG"	0.0037037683170542	6.08172137447323e-06	21.3550336542227	478	453	453	432	NA	NA	NA	NA
"HiG_13"	"Osgep"	0.000516791689671362	0.00073119494099614	"HiG"	0.00356152663597127	5.84815539568353e-06	20.5368176366791	475	463	463	447	NA	NA	NA	NA
"HiG_13"	"Otulin"	0.000825121984112395	0.00112500298266948	"HiG"	0.00872417490976941	1.43254103608693e-05	31.9585095452495	380	360	360	219	NA	NA	NA	NA
"HiG_13"	"P2ry12"	0.0010734766063092	0.00127748321067016	"HiG"	0.00738612696203217	1.21282872939773e-05	18.7242672086484	316	378	378	464	NA	NA	NA	NA
"HiG_13"	"P2ry14"	0.000259268861810832	1.7363381268357e-17	"HiG"	0	0	NA	592	592	592	NA	NA	NA	NA	NA
"HiG_13"	"Pa2g4"	0.00240158850429454	0.113205039556064	"HiG"	0.0396081403999958	6.50379973727353e-05	44.0214707419909	117	107	107	90	NA	NA	NA	NA
"HiG_13"	"Pacsin1"	0.00221672718288963	0.0350268133843981	"HiG"	0.0299387533637147	4.91605145545398e-05	42.6440912095231	132	140	140	102	NA	NA	NA	NA
"HiG_13"	"Padi2"	0.000293550483522359	0.0067124974307101	"HiG"	0.000722932326200036	1.18708099540236e-06	149	554	549	549	1.5	NA	NA	NA	NA
"HiG_13"	"Pag1"	0.00165668660802882	0.00440259891219731	"HiG"	0.020019509067207	3.28727570890099e-05	31.6566023160558	200	214	214	226	NA	NA	NA	NA
"HiG_13"	"Palm"	0.000821356983789368	0.00185019364566001	"HiG"	0.00791310734604807	1.29936081215896e-05	21.0069167816585	381	371	371	438	NA	NA	NA	NA
"HiG_13"	"Paqr5"	0.000259268861810832	1.7363381268357e-17	"HiG"	0	0	NA	592	592	592	NA	NA	NA	NA	NA
"HiG_13"	"Pard6g"	0.000276728602875335	3.27239058943538e-05	"HiG"	0.000253027820640357	4.15480822069552e-07	58	568	565	565	28	NA	NA	NA	NA
"HiG_13"	"Parp12"	0.00218718165128004	0.00996982308988566	"HiG"	0.0436122715056658	7.16129252966597e-05	23.5523671941311	136	94	94	394	NA	NA	NA	NA
"HiG_13"	"Parp14"	0.00229603477756648	0.00737510713168049	"HiG"	0.0385682211888611	6.33304124611841e-05	22.7435025531731	125	110	110	405	NA	NA	NA	NA
"HiG_13"	"Parp9"	0.00238418882249525	0.0079904928510298	"HiG"	0.0458823851344839	7.5340533882568e-05	14.5694747881736	119	88	88	506	NA	NA	NA	NA
"HiG_13"	"Pax5"	0.000773209153702928	0.00340157603128811	"HiG"	0.00919982966446574	1.51064526510111e-05	31.8032401376981	401	353	353	223	NA	NA	NA	NA
"HiG_13"	"Pbx1"	0.00225670010935905	0.00391392063275143	"HiG"	0.0290940696315139	4.77735133522395e-05	20.9017934361802	130	142	142	441	NA	NA	NA	NA
"HiG_13"	"Pcmtd2"	0.00029679683912289	8.48814398292381e-05	"HiG"	0.000497169072013308	8.16369576376532e-07	42	552	554	554	109	NA	NA	NA	NA
"HiG_13"	"Pcsk9"	0.00128335824620306	0.00134502457635126	"HiG"	0.0169596985233194	2.78484376409185e-05	30.1312935674594	274	248	248	259	NA	NA	NA	NA
"HiG_13"	"Pdcd1lg2"	0.00203267549081903	0.00282996507179103	"HiG"	0.0307146767433397	5.04346087739568e-05	33.5094834157221	148	134	134	199	NA	NA	NA	NA
"HiG_13"	"Pde4b"	0.000987535121477515	0.0114838896007721	"HiG"	0.0106941202508125	1.75601317747332e-05	23.6668925793553	334	324	324	390	NA	NA	NA	NA
"HiG_13"	"Pdgfa"	0.00167835253487627	0.00309524769893257	"HiG"	0.0238941209327533	3.92350097417953e-05	40.0304085948127	197	181	181	118	NA	NA	NA	NA
"HiG_13"	"Pdgfrb"	0.00495356708424774	0.0140859716876496	"HiG"	0.0720031133643398	0.000118231713241937	36.3162548734323	28	41	41	163	NA	NA	NA	NA
"HiG_13"	"Pdia5"	0.00104041846427675	0.000456690567822657	"HiG"	0.00733484824759564	1.20440857924395e-05	5.58708815870337	321	380	380	560	NA	NA	NA	NA
"HiG_13"	"Pdk1"	0.00210832348547149	0.00837462269789077	"HiG"	0.0271476031946792	4.45773451472564e-05	20.6971450574368	142	156	156	446	NA	NA	NA	NA
"HiG_13"	"Pdzd4"	0.000439904863026062	0.000445209854262361	"HiG"	0.00250861903623543	4.11924308084635e-06	15.4336598340194	507	494	494	498	NA	NA	NA	NA
"HiG_13"	"Phtf2"	0.000269048135949731	7.90110077377127e-06	"HiG"	0.000137422787161954	2.25653180889909e-07	36	570	570	570	168	NA	NA	NA	NA
"HiG_13"	"Pik3ip1"	0.000259268861810832	1.7363381268357e-17	"HiG"	0	0	NA	592	592	592	NA	NA	NA	NA	NA
"HiG_13"	"Pim2"	0.000870630984684738	0.00172779343546734	"HiG"	0.0103953235156488	1.70694967416237e-05	34.5659901484536	367	330	330	185	NA	NA	NA	NA
"HiG_13"	"Plac8"	0.000895441399126926	0.00138285683875136	"HiG"	0.0108989398498245	1.78964529553768e-05	36.1151872717295	356	319	319	166	NA	NA	NA	NA
"HiG_13"	"Pld4"	0.000558424804251287	0.000255549322347234	"HiG"	0.00394746702586709	6.48188345790984e-06	21.3379753436503	457	445	445	433	NA	NA	NA	NA
"HiG_13"	"Plekhm3"	0.000492038216987539	0.000627298109270833	"HiG"	0.00311440692273963	5.1139686744493e-06	23.6361307766661	487	478	478	391	NA	NA	NA	NA
"HiG_13"	"Plod2"	0.000810194604945285	0.0122495258885667	"HiG"	0.00564337410792891	9.26662415095058e-06	45.7949742400464	382	409	409	76	NA	NA	NA	NA
"HiG_13"	"Plpp1"	0.000259268861810832	1.7363381268357e-17	"HiG"	0	0	NA	592	592	592	NA	NA	NA	NA	NA
"HiG_13"	"Plpp5"	0.000259268861810832	1.7363381268357e-17	"HiG"	0	0	NA	592	592	592	NA	NA	NA	NA	NA
"HiG_13"	"Plpp6"	0.000284587442268103	1.0896448679783e-06	"HiG"	0.000254101767622352	4.17244281810102e-07	7	561	564	564	552.5	NA	NA	NA	NA
"HiG_13"	"Plppr3"	0.000326527413488244	2.31461870832212e-05	"HiG"	0.000748868870400767	1.22966973793229e-06	14	544	548	548	512	NA	NA	NA	NA
"HiG_13"	"Pltp"	0.000862752096001454	0.000777542738667597	"HiG"	0.0088105996575376	1.4467322918781e-05	29.4531957790731	371	358	358	273	NA	NA	NA	NA
"HiG_13"	"Plxna1"	0.000603913918130733	0.00132967038238008	"HiG"	0.00514151710616612	8.4425568245749e-06	47.3594224445604	442	419	419	60	NA	NA	NA	NA
"HiG_13"	"Plxnb2"	0.00217927559645164	0.0074187982123309	"HiG"	0.0254781354523537	4.18360188051785e-05	27.5614232311573	137	164	164	310	NA	NA	NA	NA
"HiG_13"	"Plxnc1"	0.000259268861810832	1.7363381268357e-17	"HiG"	0	0	NA	592	592	592	NA	NA	NA	NA	NA
"HiG_13"	"Pmaip1"	0.00239300867595088	0.0379334345966805	"HiG"	0.0306506302548113	5.0329442126127e-05	37.8143205015965	118	135	135	146	NA	NA	NA	NA
"HiG_13"	"Pmepa1"	0.000982048484969411	0.000243343466748435	"HiG"	0.00731309641667818	1.20083685002926e-05	15.2565666324669	336	382	382	500	NA	NA	NA	NA
"HiG_13"	"Pml"	0.00681252250529911	0.150141037933035	"HiG"	0.127995146960688	0.000210172655107862	35.4144279437304	10	10	10	175	NA	NA	NA	NA
"HiG_13"	"Pnkp"	0.000471888486006947	0.00318565519832355	"HiG"	0.00229108045808833	3.76203687699233e-06	16.8531494290629	495	501	501	486	NA	NA	NA	NA
"HiG_13"	"Pno1"	0.00200517190212227	0.198314310170745	"HiG"	0.0388486498092821	6.37908863863417e-05	54.0831351100938	149	109	109	38	NA	NA	NA	NA
"HiG_13"	"Poc1a"	0.000400895309175325	0.00190579762238871	"HiG"	0.00249827462564522	4.10225718496752e-06	29.7992445408401	520	496	496	268	NA	NA	NA	NA
"HiG_13"	"Pou2f2"	0.00126812018805142	0.00995918906082672	"HiG"	0.0120257539796992	1.97467224625602e-05	28.5605594486879	277	306	306	293	NA	NA	NA	NA
"HiG_13"	"Ppat"	0.00167310279064123	0.019117336715786	"HiG"	0.0226342096025334	3.71661898235359e-05	23.2607348212184	198	192	192	398	NA	NA	NA	NA
"HiG_13"	"Ppia"	0.00507393264905298	0.129878946972097	"HiG"	0.0790132860754286	0.000129742670074595	35.7059864636349	25	34	34	172	NA	NA	NA	NA
"HiG_13"	"Ppic"	0.000745269287935041	0.0149544283182894	"HiG"	0.00936046224595312	1.53702171526324e-05	28.432044975349	409	349	349	297	NA	NA	NA	NA
"HiG_13"	"Ppm1l"	0.000279890566886007	4.28087323430879e-05	"HiG"	0.000328789638334566	5.39884463603557e-07	59.1938231229647	564	561	561	25	NA	NA	NA	NA
"HiG_13"	"Ppp1r16b"	0.000335536144213629	0.000952537728703574	"HiG"	0.00126700107622422	2.08046153731399e-06	40	541	527	527	119.5	NA	NA	NA	NA
"HiG_13"	"Ppp2r3a"	0.000559301249662119	0.000488446454522045	"HiG"	0.00370431943882224	6.08262633632552e-06	17.1797399813644	456	452	452	479	NA	NA	NA	NA
"HiG_13"	"Ppp3cc"	0.000621449153768954	0.00130576972496972	"HiG"	0.00501750696432496	8.2389276918308e-06	30.3176166528013	439	420	420	253	NA	NA	NA	NA
"HiG_13"	"Prkcb"	0.00531568252094467	0.0809689887136703	"HiG"	0.0750614021281624	0.000123253533872188	30.1998967947852	20	37	37	256	NA	NA	NA	NA
"HiG_13"	"Prmt1"	0.00625698766246562	0.269993814675489	"HiG"	0.108222818391115	0.000177705777325311	32.6930353616927	11	16	16	207	NA	NA	NA	NA
"HiG_13"	"Prmt3"	0.00168107082730956	0.0697078342367839	"HiG"	0.0260801671805674	4.2824576651178e-05	36.7507569272979	196	161	161	156	NA	NA	NA	NA
"HiG_13"	"Prnp"	0.00329576835152684	0.0183874771496361	"HiG"	0.0371128709490892	6.094067479325e-05	19.5250110643299	76	114	114	457	NA	NA	NA	NA
"HiG_13"	"Prr11"	0.00196000989302618	0.128553881386973	"HiG"	0.0334493406978165	5.49250257763818e-05	51.1832055351317	154	126	126	47	NA	NA	NA	NA
"HiG_13"	"Prss57"	0.000597447660569997	0.000653759051326861	"HiG"	0.00501735876135519	8.23868433720063e-06	18.7120361074232	443	421	421	465	NA	NA	NA	NA
"HiG_13"	"Prtn3"	0.0024697051189299	0.00278677966952591	"HiG"	0.0285007752320927	4.67993025157516e-05	22.7739339216589	112	148	148	404	NA	NA	NA	NA
"HiG_13"	"Psap"	0.00220187036601361	0.0209576802800837	"HiG"	0.0257802653411905	4.23321269970288e-05	28.3651263595342	135	162	162	298	NA	NA	NA	NA
"HiG_13"	"Psph"	0.000344455146131657	0.00434554842206614	"HiG"	0.00173342194731809	2.84634145700835e-06	46	537	520	520	74	NA	NA	NA	NA
"HiG_13"	"Ptger3"	0.000788087647147807	0.000577546889817469	"HiG"	0.00722429599590783	1.18625550014907e-05	10.3812698329222	392	383	383	540	NA	NA	NA	NA
"HiG_13"	"Ptges3"	0.00382495477313774	0.0509847395490413	"HiG"	0.0558070957662791	9.16372672681102e-05	25.5867536416986	56	66	66	357	NA	NA	NA	NA
"HiG_13"	"Ptgr1"	0.00050599068912647	0.000762429493189876	"HiG"	0.00318041491607111	5.2223561840248e-06	16.8178597374356	483	477	477	487	NA	NA	NA	NA
"HiG_13"	"Ptk7"	0.00153888027349758	0.00332879609691668	"HiG"	0.0145640454314084	2.39146887215244e-05	21.8342642107532	224	272	272	418	NA	NA	NA	NA
"HiG_13"	"Ptpn5"	0.00107651488070737	0.00219977516935865	"HiG"	0.0122146041886187	2.00568213277811e-05	42.7179805798882	314	302	302	101	NA	NA	NA	NA
"HiG_13"	"Ptprcap"	0.00154588799220478	0.00192777034223246	"HiG"	0.0203740865160588	3.3454986069062e-05	30.0372847211165	221	211	211	260	NA	NA	NA	NA
"HiG_13"	"Pus7"	0.00206121329391007	0.102624029699474	"HiG"	0.0381763981751647	6.26870249181687e-05	28.4959127715186	146	111	111	295	NA	NA	NA	NA
"HiG_13"	"Rab33b"	0.00154496320154473	0.000348992204376739	"HiG"	0.013135843759764	2.15695299831921e-05	14.5618382456063	222	289	289	507	NA	NA	NA	NA
"HiG_13"	"Rab38"	0.00168393506380552	0.00030328472007645	"HiG"	0.0131231441608866	2.1548676783065e-05	13.9385219669155	194	290	290	514	NA	NA	NA	NA
"HiG_13"	"Ralgds"	0.00192180937833246	0.00410771547666545	"HiG"	0.0217263293997269	3.56754177335417e-05	26.6718076900461	157	200	200	332	NA	NA	NA	NA
"HiG_13"	"Rangrf"	0.00120087579848378	0.0594091082855583	"HiG"	0.0174585273360676	2.86675325715396e-05	21.9969379753072	292	246	246	413	NA	NA	NA	NA
"HiG_13"	"Raph1"	0.000880528399630347	0.0108439580383768	"HiG"	0.00998931810605208	1.64028211922037e-05	42.0904361299482	362	336	336	108	NA	NA	NA	NA
"HiG_13"	"Rara"	0.00280174313359802	0.0329882064575375	"HiG"	0.0467177973848925	7.6712310976835e-05	34.7397884753867	93	81	81	184	NA	NA	NA	NA
"HiG_13"	"Rasa4"	0.00039802255683065	0.00100633355201858	"HiG"	0.00201614123466125	3.31057674000205e-06	31.2021659057987	521	507	507	236	NA	NA	NA	NA
"HiG_13"	"Rasgef1b"	0.0005187186843471	0.000375683681308453	"HiG"	0.00388298638948869	6.37600392362675e-06	31.7672100210098	469	448	448	224	NA	NA	NA	NA
"HiG_13"	"Rasgrp2"	0.000803419024036069	0.000799252988274119	"HiG"	0.0079051924603289	1.29806115933151e-05	27.3007363104828	387	372	372	318	NA	NA	NA	NA
"HiG_13"	"Rassf3"	0.000747950765876134	0.000621447703403985	"HiG"	0.00149678195136925	2.45777003508909e-06	13.3388764436183	406	524	524	520	NA	NA	NA	NA
"HiG_13"	"Rassf4"	0.000734151355191878	7.46247845926271e-06	"HiG"	0.00136949450957176	2.24875945742489e-06	3.75909073928322	412	525	525	567	NA	NA	NA	NA
"HiG_13"	"Rassf5"	0.000957959618218412	0.000483821536771272	"HiG"	0.007118193105783	1.16883302229606e-05	21.743764934205	341	385	385	422	NA	NA	NA	NA
"HiG_13"	"Rbms3"	0.000323558922157907	0.00362521064896867	"HiG"	0.00124048070976886	2.0369141375515e-06	66.7999186606505	547	531	531	12	NA	NA	NA	NA
"HiG_13"	"Rcc1"	0.001543258999184	0.0788767962436049	"HiG"	0.0228444200389415	3.7511362953927e-05	62.0949454479586	223	191	191	19	NA	NA	NA	NA
"HiG_13"	"Rcl1"	0.00121293332857421	0.107220202746535	"HiG"	0.0200134207050765	3.28627597784507e-05	62.3103376644428	289	215	215	17	NA	NA	NA	NA
"HiG_13"	"Rdh12"	0.000259268861810832	1.7363381268357e-17	"HiG"	0	0	NA	592	592	592	NA	NA	NA	NA	NA
"HiG_13"	"Rem2"	0.00105771757970753	0.000874921566821851	"HiG"	0.00891245499305374	1.46345730592015e-05	19.1915145279346	319	357	357	461	NA	NA	NA	NA
"HiG_13"	"Rgl1"	0.0012660253312748	0.00227097715085141	"HiG"	0.0124015229591872	2.03637487014569e-05	24.5185047823494	279	299	299	382	NA	NA	NA	NA
"HiG_13"	"Rgs1"	0.000606519522699224	0.000158282005692267	"HiG"	0.00464125669513465	7.62111115785656e-06	17.8171391662042	440	430	430	472	NA	NA	NA	NA
"HiG_13"	"Rmi2"	0.000365309830398155	0.00266999675259452	"HiG"	0.00194549339235469	3.19457043079588e-06	62	531	516	516	20	NA	NA	NA	NA
"HiG_13"	"Rnase4"	0.000330897508838672	0.000708573250913462	"HiG"	0.00099901239714944	1.64041444523718e-06	45	542	539	539	79.5	NA	NA	NA	NA
"HiG_13"	"Rnf122"	0.000336141477361168	5.28769880716885e-05	"HiG"	0.000945210408635238	1.55206963651106e-06	13.5400693733447	539	541	541	519	NA	NA	NA	NA
"HiG_13"	"Rnf144a"	0.00064230740231681	0.00298924153888728	"HiG"	0.00587618667225078	9.6489107918732e-06	24.8627816366101	429	404	404	378	NA	NA	NA	NA
"HiG_13"	"Rnf149"	0.00382232628251123	0.00784139058195455	"HiG"	0.0415658649261041	6.82526517670019e-05	17.0631776910087	57	103	103	482	NA	NA	NA	NA
"HiG_13"	"Rnmt"	0.00121499593997419	0.0797365268108355	"HiG"	0.0183359545647637	3.01082997779371e-05	73.5224575752291	287	231	231	7	NA	NA	NA	NA
"HiG_13"	"Rrad"	0.00149752449461998	0.00201018947256127	"HiG"	0.0142566482769396	2.34099314892276e-05	15.264265689428	236	277	277	499	NA	NA	NA	NA
"HiG_13"	"Rras2"	0.0012764828386196	0.00659842100607131	"HiG"	0.0137037342224321	2.25020266378195e-05	31.0132183754385	276	285	285	241	NA	NA	NA	NA
"HiG_13"	"Rsad2"	0.00327426110872272	0.0137389515513249	"HiG"	0.0703836120642108	0.000115572433602973	22.2372439102186	78	44	44	410	NA	NA	NA	NA
"HiG_13"	"Rtp4"	0.000366663775682374	0.000611712710135222	"HiG"	0.00255027196149046	4.1876386888185e-06	26	530	492	492	351	NA	NA	NA	NA
"HiG_13"	"S100a4"	0.00191493360868634	0.00780912325281353	"HiG"	0.0271850907511836	4.46389010692669e-05	36.0418047469863	158	154	154	167	NA	NA	NA	NA
"HiG_13"	"S100a6"	0.00114018170716312	0.00912654128199713	"HiG"	0.0144627597671542	2.37483740018953e-05	27.3164120459371	300	275	275	317	NA	NA	NA	NA
"HiG_13"	"Samd9l"	0.000291565416954555	0.00632381236941706	"HiG"	0.000681071156282231	1.11834344217115e-06	149	556	550	550	1.5	NA	NA	NA	NA
"HiG_13"	"Sapcd1"	0.000514663643182711	0.00336764445509604	"HiG"	0.00423451047422306	6.953219169496e-06	46.8910922790971	477	440	440	64	NA	NA	NA	NA
"HiG_13"	"Satb1"	0.00348826922623535	0.0262320325182232	"HiG"	0.0543884147206151	8.93077417415683e-05	31.0268252558322	67	69	69	240	NA	NA	NA	NA
"HiG_13"	"Scin"	0.000725933941961709	0.00174902144689142	"HiG"	0.00425714738382605	6.99038979281782e-06	15.4567606324756	415	439	439	497	NA	NA	NA	NA
"HiG_13"	"Sdc3"	0.000407885515881418	0.000970127618396398	"HiG"	0.0024996739029319	4.10455484882085e-06	58.3844227327089	515	495	495	27	NA	NA	NA	NA
"HiG_13"	"Sdc4"	0.00150275473992219	0.0319017791570044	"HiG"	0.0189360993300766	3.10937591626874e-05	44.5913155389425	234	227	227	85	NA	NA	NA	NA
"HiG_13"	"Sell"	0.00306458278634946	0.00624765154228156	"HiG"	0.0423533453542583	6.95457230775999e-05	29.0398227088783	86	100	100	285	NA	NA	NA	NA
"HiG_13"	"Serpinb9"	0.0016021296506322	0.00232850027713211	"HiG"	0.0176936880761717	2.9053675001924e-05	17.674228984176	209	244	244	473	NA	NA	NA	NA
"HiG_13"	"Serpinc1"	0.00134860318066847	0.00740268050708578	"HiG"	0.0140251989261138	2.30298832941113e-05	26.4767338959634	259	279	279	341	NA	NA	NA	NA
"HiG_13"	"Sh2d3c"	0.00152888215039803	0.00682048189231515	"HiG"	0.0198171493199506	3.25404750738105e-05	26.5618479494949	225	217	217	336	NA	NA	NA	NA
"HiG_13"	"Sh2d5"	0.000935576829940885	0.00127335523168288	"HiG"	0.00988680498490882	1.62344909440211e-05	27.1415278686712	346	340	340	320	NA	NA	NA	NA
"HiG_13"	"Sh3bp5"	0.00134107385087266	0.00459457653699982	"HiG"	0.0159996054821798	2.62719301842033e-05	37.2655007679686	260	260	260	153	NA	NA	NA	NA
"HiG_13"	"Sirpa"	0.00140495577960772	0.00617391264881571	"HiG"	0.0189922926955418	3.11860306987549e-05	41.1537845165554	249	225	225	111	NA	NA	NA	NA
"HiG_13"	"Sirt3"	0.00138427061625545	0.00273800248093569	"HiG"	0.0152714913400458	2.50763404598453e-05	11.2261815513829	253	266	266	533	NA	NA	NA	NA
"HiG_13"	"Slamf7"	0.0021547140785437	0.00397808249488019	"HiG"	0.0321278010478031	5.27550099307111e-05	35.1192118531219	140	132	132	182	NA	NA	NA	NA
"HiG_13"	"Slc12a2"	0.0014371146372105	0.00445798069837544	"HiG"	0.0180307327673415	2.9607114560495e-05	43.4120827951245	246	237	237	95	NA	NA	NA	NA
"HiG_13"	"Slc14a1"	0.000741586560896087	0.00115486518581285	"HiG"	0.00582008833405933	9.55679529402189e-06	27.9968391876233	411	406	406	304	NA	NA	NA	NA
"HiG_13"	"Slc15a3"	0.00171617124026657	0.0250352190512029	"HiG"	0.0250759069696147	4.11755451060997e-05	28.5083192450512	186	169	169	294	NA	NA	NA	NA
"HiG_13"	"Slc16a1"	0.0015201537743694	0.0657454245080887	"HiG"	0.0208480575723646	3.42332636656234e-05	64.9844896151192	229	206	206	14	NA	NA	NA	NA
"HiG_13"	"Slc19a1"	0.000537830919832271	0.00101303633389349	"HiG"	0.00356389899596235	5.8520508964899e-06	28.9842076496025	462	462	462	287	NA	NA	NA	NA
"HiG_13"	"Slc22a3"	0.000489609204939178	0.000189848707282352	"HiG"	0.00301665890889232	4.95346290458509e-06	19.2683647895919	489	479	479	460	NA	NA	NA	NA
"HiG_13"	"Slc29a1"	0.00130390838436567	0.00758805155817258	"HiG"	0.0123117380211684	2.02163185897674e-05	33.3771772295981	267	300	300	200	NA	NA	NA	NA
"HiG_13"	"Slc30a4"	0.000774538880369967	0.00067049078805038	"HiG"	0.00644497104591255	1.05828752806446e-05	16.7071798475996	400	394	394	488	NA	NA	NA	NA
"HiG_13"	"Slc31a2"	0.000276621224473324	1.28508643029954e-05	"HiG"	0.0001958560208166	3.21602661439409e-07	11	569	568	568	536	NA	NA	NA	NA
"HiG_13"	"Slc35d3"	0.00172845907873008	8.16903327657754e-19	"HiG"	0.000381823764039961	6.26968413858721e-07	1	184	558.5	558.5	572.5	NA	NA	NA	NA
"HiG_13"	"Slc37a2"	0.000890153873067422	0.00177370571323669	"HiG"	0.00916358304438214	1.50469343914321e-05	25.1371615041257	358	354	354	369	NA	NA	NA	NA
"HiG_13"	"Slc39a10"	0.00184995247526253	0.0683831026235603	"HiG"	0.0246366365749156	4.04542472494508e-05	50.7329765411449	170	176	176	51	NA	NA	NA	NA
"HiG_13"	"Slpi"	0.00100620520704462	0.00465925255817521	"HiG"	0.0120409018931304	1.97715958836295e-05	23.6235545307349	328	305	305	392	NA	NA	NA	NA
"HiG_13"	"Smad3"	0.00521759442160263	0.0325146190916012	"HiG"	0.0814955668066334	0.000133818664707116	30.003701426548	22	32	32	262	NA	NA	NA	NA
"HiG_13"	"Smo"	0.00158242732886128	0.00652532599689782	"HiG"	0.0204612308763811	3.35980802567834e-05	27.0945520865893	212	210	210	324	NA	NA	NA	NA
"HiG_13"	"Snap47"	0.0013853065611658	0.00168060426044944	"HiG"	0.0144872078638381	2.37885186598327e-05	25.2812289926957	251	274	274	365	NA	NA	NA	NA
"HiG_13"	"Snn"	0.000259268861810832	1.7363381268357e-17	"HiG"	0	0	NA	592	592	592	NA	NA	NA	NA	NA
"HiG_13"	"Socs1"	0.0044038647436827	0.025995870764328	"HiG"	0.0718301642709002	0.000117947724582759	35.1920913577795	38	42	42	180	NA	NA	NA	NA
"HiG_13"	"Socs2"	0.00148782981334984	0.00182210076827841	"HiG"	0.0181135089694196	2.97430360745807e-05	36.6861227591287	239	236	236	159	NA	NA	NA	NA
"HiG_13"	"Socs3"	0.00405394281281951	0.00901681080827127	"HiG"	0.0604102724690229	9.91958497028291e-05	31.1276689530084	47	58	58	239	NA	NA	NA	NA
"HiG_13"	"Sorl1"	0.00106136339951342	0.000778382878109426	"HiG"	0.010464939355415	1.71838084653776e-05	18.2845237999684	318	328	328	468	NA	NA	NA	NA
"HiG_13"	"Sort1"	0.00196047578454246	0.0126859015081775	"HiG"	0.0271617827680891	4.46006285190297e-05	21.3708428073301	152	155	155	431	NA	NA	NA	NA
"HiG_13"	"Sox4"	0.00149635817698665	0.0218103357501659	"HiG"	0.0207642753735579	3.4095690268568e-05	33.6496641813351	238	207	207	196	NA	NA	NA	NA
"HiG_13"	"Sp140"	0.000515010517751963	0.0037013174913771	"HiG"	0.0054505948703291	8.95007367870132e-06	46.3065685810617	476	414	414	69	NA	NA	NA	NA
"HiG_13"	"Spint2"	0.0015844452067354	0.00522694078054604	"HiG"	0.0182240225644864	2.99245033899613e-05	17.5300063545251	210	233	233	477	NA	NA	NA	NA
"HiG_13"	"Spns2"	0.000438786322634545	0.000640972969823312	"HiG"	0.00252882106597883	4.1524155434792e-06	32.2510043616211	508	493	493	214	NA	NA	NA	NA
"HiG_13"	"Spsb1"	0.00144817557996344	0.00464525829268617	"HiG"	0.0169467170154025	2.78271215359647e-05	25.645489300766	244	249	249	355	NA	NA	NA	NA
"HiG_13"	"Srm"	0.00205642402047704	0.0502074094799403	"HiG"	0.0254225794551252	4.17447938507804e-05	42.4102662405818	147	165	165	104	NA	NA	NA	NA
"HiG_13"	"Srpk1"	0.00322686177975477	0.190804820071115	"HiG"	0.057063503325191	9.37003338673088e-05	44.3030106087352	80	64	64	87	NA	NA	NA	NA
"HiG_13"	"Srpk2"	0.0027856484742096	0.129351259580644	"HiG"	0.0464456962572815	7.62655110957004e-05	31.497525348232	94	83	83	231	NA	NA	NA	NA
"HiG_13"	"Ssbp1"	0.00398360212402097	0.132255693808595	"HiG"	0.0637722535335872	0.00010471634406172	41.6786416129355	48	51	51	110	NA	NA	NA	NA
"HiG_13"	"Ssbp2"	0.00157907874930324	0.00447608053646666	"HiG"	0.0181551741225741	2.98114517612055e-05	11.6086384863203	215	234	234	531	NA	NA	NA	NA
"HiG_13"	"Ssbp3"	0.00165630778307683	0.00453972008134417	"HiG"	0.0205458038987789	3.37369522147436e-05	14.1280451055856	201	208	208	509	NA	NA	NA	NA
"HiG_13"	"St3gal5"	0.000967457431085797	2.7079546567338e-06	"HiG"	0.000755939927931355	1.24128066983802e-06	2.46750111760656	340	547	547	569	NA	NA	NA	NA
"HiG_13"	"St3gal6"	0.000259268861810832	1.7363381268357e-17	"HiG"	0	0	NA	592	592	592	NA	NA	NA	NA	NA
"HiG_13"	"St6gal1"	0.000259268861810832	1.7363381268357e-17	"HiG"	0	0	NA	592	592	592	NA	NA	NA	NA	NA
"HiG_13"	"St8sia1"	0.000779911895195718	1.20338455085503e-08	"HiG"	0.000478604255660684	7.85885477275343e-07	2	395	555	555	570	NA	NA	NA	NA
"HiG_13"	"Stat2"	0.00476854212099546	0.0654619013869489	"HiG"	0.105294343124129	0.000172897115146352	32.3866808041297	31	17	17	211	NA	NA	NA	NA
"HiG_13"	"Stk10"	0.000690291392432612	0.00408964921516312	"HiG"	0.00731918959079348	1.20183737123046e-05	52.5315423403952	421	381	381	44	NA	NA	NA	NA
"HiG_13"	"Stk17b"	0.00136095932201021	0.0105678080961353	"HiG"	0.0179985492042941	2.95542679873466e-05	39.6253187288457	256	239	239	123	NA	NA	NA	NA
"HiG_13"	"Stk26"	0.00138493652023777	0.0103267020331875	"HiG"	0.017719907550994	2.90967283267554e-05	34.0185816721701	252	243	243	193	NA	NA	NA	NA
"HiG_13"	"Suclg2"	0.0011595100230809	0.0542387566539356	"HiG"	0.0156387322327171	2.56793632721134e-05	69.0241638325444	298	262	262	10	NA	NA	NA	NA
"HiG_13"	"Sun2"	0.00121350299258152	0.00144698256464881	"HiG"	0.00977159793409508	1.60453168047538e-05	14.9292074812023	288	343	343	502	NA	NA	NA	NA
"HiG_13"	"Syce2"	0.000259268861810832	1.7363381268357e-17	"HiG"	0	0	NA	592	592	592	NA	NA	NA	NA	NA
"HiG_13"	"Tap1"	0.00237105403452812	0.013943630284419	"HiG"	0.0454067607573046	7.45595414734066e-05	30.5099379397017	120	89	89	250	NA	NA	NA	NA
"HiG_13"	"Tbc1d16"	0.000713421393357193	0.00119198662545946	"HiG"	0.00466683856652471	7.6631175148189e-06	21.3130747698374	416	428	428	434	NA	NA	NA	NA
"HiG_13"	"Tbc1d4"	0.000504671915876559	0.00410983774977979	"HiG"	0.00258460835705098	4.24402029072411e-06	38.3561699258087	484	490	490	138	NA	NA	NA	NA
"HiG_13"	"Tbxa2r"	0.000701674374284972	0.0022880754809162	"HiG"	0.00375065141566855	6.15870511604031e-06	7.99529606212654	419	450	450	550	NA	NA	NA	NA
"HiG_13"	"Tcf19"	0.000341007504888302	0.000340153409992932	"HiG"	0.00111122857338635	1.82467746040452e-06	13.1303982857828	538	534	534	523	NA	NA	NA	NA
"HiG_13"	"Tcf4"	0.00428573215400797	0.105028522320477	"HiG"	0.0638131675683565	0.000104783526384822	35.3379821884688	42	50	50	177	NA	NA	NA	NA
"HiG_13"	"Tcf7"	0.0009023236823717	0.00257884708111849	"HiG"	0.010170821629933	1.67008565351937e-05	50.152002334008	351	333	333	54	NA	NA	NA	NA
"HiG_13"	"Tcf7l2"	0.00188928784562432	0.0224238251499834	"HiG"	0.0289821147711756	4.75896794272178e-05	33.527136604134	164	143	143	198	NA	NA	NA	NA
"HiG_13"	"Tfpi"	0.00160781068494843	0.0276935068174336	"HiG"	0.0183316259375696	3.01011920157136e-05	42.2404435675344	207	232	232	106	NA	NA	NA	NA
"HiG_13"	"Tgif2"	0.000902174016702173	0.00201692110686193	"HiG"	0.0107405421339108	1.76363581837616e-05	31.5677563546734	352	322	322	228	NA	NA	NA	NA
"HiG_13"	"Thsd1"	0.000259268861810832	1.7363381268357e-17	"HiG"	0	0	NA	592	592	592	NA	NA	NA	NA	NA
"HiG_13"	"Thumpd1"	0.00170839585872593	0.0840577258052185	"HiG"	0.0300438536416737	4.93330930076744e-05	36.5601461622134	189	139	139	161	NA	NA	NA	NA
"HiG_13"	"Thy1"	0.00169414366119309	0.013268471644427	"HiG"	0.0236653341491488	3.88593335782411e-05	35.8274012737422	193	187	187	169	NA	NA	NA	NA
"HiG_13"	"Timm9"	0.000729680961001461	0.00186009688506649	"HiG"	0.00706724225469157	1.16046670848794e-05	16.1289176012223	413	387	387	493	NA	NA	NA	NA
"HiG_13"	"Tmed3"	0.000556355177218703	0.00361085676512067	"HiG"	0.00329971630540698	5.41825337505251e-06	31.9672968444946	459	471	471	217	NA	NA	NA	NA
"HiG_13"	"Tmem108"	0.000361315260308623	0.000105278846807281	"HiG"	0.00113849375997921	1.86944788173926e-06	13	532	533	533	524.5	NA	NA	NA	NA
"HiG_13"	"Tmem151b"	0.000760126006712352	0.000159741150263145	"HiG"	0.00589189235069883	9.67470008324931e-06	13.6844464163874	404	403	403	517	NA	NA	NA	NA
"HiG_13"	"Tmem154"	0.000423941464132535	3.14531802577663e-06	"HiG"	0.000973187797220801	1.59800951924598e-06	4	513	540	540	565	NA	NA	NA	NA
"HiG_13"	"Tmem176a"	0.000747541648903315	5.79071865940628e-05	"HiG"	0.0038906187932512	6.38853660632381e-06	12.0867025844853	407	447	447	527	NA	NA	NA	NA
"HiG_13"	"Tmem176b"	0.00093582238140983	0.000135750979865254	"HiG"	0.00552655464148515	9.07480236697069e-06	14.9275114682843	345	411	411	503	NA	NA	NA	NA
"HiG_13"	"Tmem64"	0.000259268861810832	1.7363381268357e-17	"HiG"	0	0	NA	592	592	592	NA	NA	NA	NA	NA
"HiG_13"	"Tmtc1"	0.000259268861810832	1.7363381268357e-17	"HiG"	0	0	NA	592	592	592	NA	NA	NA	NA	NA
"HiG_13"	"Tnf"	0.00535365920907144	0.0193096913758566	"HiG"	0.0847492286462821	0.000139161294985685	29.7832341407174	19	29	29	270	NA	NA	NA	NA
"HiG_13"	"Tnfaip2"	0.000438645406494212	0.00101373453853026	"HiG"	0.00349927224084619	5.7459314299609e-06	30.6134816434998	509	466	466	248	NA	NA	NA	NA
"HiG_13"	"Tnfaip3"	0.00290054792522708	0.0207075928014803	"HiG"	0.0459054840604564	7.53784631534588e-05	30.884145433142	91	87	87	244	NA	NA	NA	NA
"HiG_13"	"Tnfrsf1b"	0.00374209485576002	0.0334261241341478	"HiG"	0.0618157380137806	0.000101503674899475	36.4249117773346	61	57	57	162	NA	NA	NA	NA
"HiG_13"	"Tnfsf10"	0.0024175423279702	0.0094610955511902	"HiG"	0.0461355728968242	7.57562773346867e-05	29.9603339202563	116	84	84	264	NA	NA	NA	NA
"HiG_13"	"Tnip3"	0.000993203857160837	0.00313569135874909	"HiG"	0.0117550095653263	1.93021503535736e-05	26.0257795727168	332	311	311	348	NA	NA	NA	NA
"HiG_13"	"Tob1"	0.000895938257626685	0.0159042242681474	"HiG"	0.0106130202780215	1.74269626896905e-05	49.1825087454784	354	326	326	56	NA	NA	NA	NA
"HiG_13"	"Tor3a"	0.000465589373478838	0.000602021371358014	"HiG"	0.0036145223316581	5.93517624245993e-06	13.974790689597	498	459	459	513	NA	NA	NA	NA
"HiG_13"	"Tox"	0.000287844103068303	1.17576911307245e-05	"HiG"	0.000383632675837807	6.29938712377351e-07	17	559	557	557	484	NA	NA	NA	NA
"HiG_13"	"Tpd52"	0.00078979051000476	0.00223418606697034	"HiG"	0.00799214855558621	1.31233966429987e-05	29.1441216381185	391	369	369	281	NA	NA	NA	NA
"HiG_13"	"Trib1"	0.0014614978475259	0.00929972209467408	"HiG"	0.0201904230784785	3.31534040697512e-05	31.3948406412668	242	212	212	233	NA	NA	NA	NA
"HiG_13"	"Trip6"	0.00499627769133429	0.0303770846989816	"HiG"	0.0659853328051007	0.000108350300172579	32.5237588512007	26	49	49	209	NA	NA	NA	NA
"HiG_13"	"Tsc22d1"	0.000895620998505487	0.00296312708756703	"HiG"	0.00924578310237452	1.51819098561158e-05	11.6577949107445	355	351	351	530	NA	NA	NA	NA
"HiG_13"	"Tshz3"	0.000508779186846387	0.00355207042932074	"HiG"	0.00358765865184904	5.89106510976853e-06	35.1424776606948	481	461	461	181	NA	NA	NA	NA
"HiG_13"	"Tspan13"	0.000259268861810832	1.7363381268357e-17	"HiG"	0	0	NA	592	592	592	NA	NA	NA	NA	NA
"HiG_13"	"Tspan2"	0.000877689674694448	0.000545992547424094	"HiG"	0.00585981670222582	9.62203070973041e-06	13.6910548293138	364	405	405	516	NA	NA	NA	NA
"HiG_13"	"Tspan3"	0.00101817118455238	0.000537552792513048	"HiG"	0.00841401187926183	1.38161114602001e-05	17.9428478312165	325	365	365	470	NA	NA	NA	NA
"HiG_13"	"Tspan9"	0.00062641196366718	0.0025858752605572	"HiG"	0.00356008080595792	5.8457812905713e-06	23.443778124583	437	465	465	395	NA	NA	NA	NA
"HiG_13"	"Tspyl4"	0.000410724031766334	6.47769899446956e-05	"HiG"	0.00196094487728965	3.21994232724081e-06	17.6078971053021	514	515	515	475	NA	NA	NA	NA
"HiG_13"	"Tubb2a"	0.00161896945104627	0.00582705700611336	"HiG"	0.0213350497850257	3.50329224713065e-05	28.0909618702367	206	202	202	302	NA	NA	NA	NA
"HiG_13"	"Tyrobp"	0.00437172682379317	0.00713618953863391	"HiG"	0.0628034842544549	0.000103125589908793	27.695460300808	39	54	54	309	NA	NA	NA	NA
"HiG_13"	"Ube2l6"	0.00336448822375848	0.0167860415844635	"HiG"	0.0698974780110129	0.00011477418392613	26.5381899117451	73	45	45	339	NA	NA	NA	NA
"HiG_13"	"Uchl1"	0.00150751763508951	0.0131418963724234	"HiG"	0.0177941498299415	2.92186368307742e-05	32.3905952953786	232	241	241	210	NA	NA	NA	NA
"HiG_13"	"Unc13d"	0.00163542644661233	0.0054628182698116	"HiG"	0.0238343113375581	3.91368002258754e-05	36.8455057372531	205	183	183	155	NA	NA	NA	NA
"HiG_13"	"Usp18"	0.00422826949540374	0.0440603507976626	"HiG"	0.0994545093332325	0.000163307897098904	31.5479509321919	43	19	19	230	NA	NA	NA	NA
"HiG_13"	"Vangl2"	0.0012026981034802	0.00228288119675748	"HiG"	0.0132139164661269	2.16977281874005e-05	24.9271523213538	291	287	287	377	NA	NA	NA	NA
"HiG_13"	"Vldlr"	0.000852745939240108	0.00108230261886359	"HiG"	0.00857106645890264	1.40740007535347e-05	23.4088488281984	373	361	361	396	NA	NA	NA	NA
"HiG_13"	"Wdr12"	0.00328908141624205	0.180815776001009	"HiG"	0.0637057671743368	0.000104607171058024	31.7573859950822	77	52	52	225	NA	NA	NA	NA
"HiG_13"	"Wdr36"	0.00405577914866241	0.385484569442746	"HiG"	0.0809334406815939	0.00013289563330311	47.0504140812566	46	33	33	62	NA	NA	NA	NA
"HiG_13"	"Wnt9a"	0.00060576032801232	0.00169365024406827	"HiG"	0.00570715055682554	9.37134738394999e-06	25.1187821531792	441	407	407	370	NA	NA	NA	NA
"HiG_13"	"Xpc"	0.000805078416630694	0.0285600123095144	"HiG"	0.00993646194909903	1.6316029473069e-05	42.443864553341	386	337	337	103	NA	NA	NA	NA
"HiG_13"	"Ydjc"	0.000301645446804592	0.00041920259334186	"HiG"	0.000591030760935202	9.70493860320529e-07	45	551	553	553	79.5	NA	NA	NA	NA
"HiG_13"	"Ypel3"	0.000837972591782528	0.0042111693001305	"HiG"	0.00523690141727168	8.59918130914889e-06	24.7878883533713	378	417	417	380	NA	NA	NA	NA
"HiG_13"	"Zc3h7b"	0.000806386074596261	0.0390844542813373	"HiG"	0.0100490820048868	1.6500955673049e-05	67.8884436168048	383	334	334	11	NA	NA	NA	NA
"HiG_13"	"Zcchc18"	0.000259268861810832	1.7363381268357e-17	"HiG"	0	0	NA	592	592	592	NA	NA	NA	NA	NA
"HiG_13"	"Zdhhc14"	0.000260832807218626	1.45677105302711e-06	"HiG"	2.00083708708039e-05	3.28544677681509e-08	25	572	572	572	374	NA	NA	NA	NA
"HiG_13"	"Zdhhc8"	0.000259268861810832	1.7363381268357e-17	"HiG"	0	0	NA	592	592	592	NA	NA	NA	NA	NA
"HiG_13"	"Zfp36"	0.00234747184410582	0.00623405579715328	"HiG"	0.0305371489027116	5.01431016464887e-05	22.3779346710829	122	137	137	409	NA	NA	NA	NA
"HiG_13"	"Zfp36l1"	0.000701439712907898	0.0133522693161883	"HiG"	0.00789435288714609	1.29628126225716e-05	26.4241644678773	420	373	373	342	NA	NA	NA	NA
"HiG_13"	"Zmpste24"	0.00101796504854096	0.00377935666486152	"HiG"	0.0117792523328886	1.93419578536759e-05	19.8645923270075	326	309	309	453	NA	NA	NA	NA
"HiG_2"	"Aatk"	0.000730853400084078	0.00577595049878738	"HiG"	0.0151829483847491	2.60875401799813e-05	22.0306677139127	412	380	380	443	NA	NA	NA	NA
"HiG_2"	"Abcc5"	0.000961036280230108	0.000147017665613396	"HiG"	0.0115284018276945	1.98082505630489e-05	7.24195757358136	342	421	421	548	NA	NA	NA	NA
"HiG_2"	"Abcd2"	0.000424408302488552	0.000907021210054342	"HiG"	0.00399961728981995	6.87219465604803e-06	10	502	506	506	532	NA	NA	NA	NA
"HiG_2"	"Abcg1"	0.000642818192662424	0.000455640678286925	"HiG"	0.00685091285875864	1.17713279360114e-05	13.4628386325506	433	470	470	510	NA	NA	NA	NA
"HiG_2"	"Abhd5"	0.000956094112046855	0.000277464471631327	"HiG"	0.0149004337544366	2.56021198529838e-05	17.8067255127934	344	385	385	479	NA	NA	NA	NA
"HiG_2"	"Abtb1"	0.000335961610569016	0.00240256291654846	"HiG"	0.00225378059179813	3.87247524363939e-06	53	536	528	528	56.5	NA	NA	NA	NA
"HiG_2"	"Acadm"	0.00118179675859472	0.0100444796040541	"HiG"	0.0217511062206345	3.73730347433583e-05	30.5495461020137	298	324	324	337	NA	NA	NA	NA
"HiG_2"	"Acox3"	0.000298188399769146	3.10616071463622e-05	"HiG"	0.000630756393449691	1.08377387190669e-06	8	545	549	549	544.5	NA	NA	NA	NA
"HiG_2"	"Acsl1"	0.00110901009898391	0.0244183614010652	"HiG"	0.0236030156199996	4.05550096563566e-05	44.6040785646787	316	312	312	105	NA	NA	NA	NA
"HiG_2"	"Acta2"	0.00104781314174895	0.0219026164894445	"HiG"	0.023303298306044	4.00400314536838e-05	27.2203891780054	328	315	315	389	NA	NA	NA	NA
"HiG_2"	"Actn1"	0.00315629231059608	0.0325351205600218	"HiG"	0.08976824001108	0.000154240962218351	41.6149166149287	69	76	76	143	NA	NA	NA	NA
"HiG_2"	"Acy1"	0.000272218739443093	5.12530205937009e-05	"HiG"	9.54196051001223e-05	1.63951211512238e-07	151	553	553	553	4	NA	NA	NA	NA
"HiG_2"	"Adam8"	0.00062592583326274	0.00528384946973856	"HiG"	0.0111562391873562	1.91687958545639e-05	29.7373449197625	441	424	424	354	NA	NA	NA	NA
"HiG_2"	"Adgre1"	0.000635587172822522	0.000243156582790699	"HiG"	0.0122629220109304	2.10703127335573e-05	23.7615801809583	435	413	413	425	NA	NA	NA	NA
"HiG_2"	"Adora2b"	0.000550123023732273	0.000921113367687543	"HiG"	0.0087668976105749	1.50633979563143e-05	25.5450458515173	460	448	448	402	NA	NA	NA	NA
"HiG_2"	"Adpgk"	0.00123009850584601	0.006982093329601	"HiG"	0.0211120543238856	3.62750074293566e-05	20.524949548021	289	330	330	456	NA	NA	NA	NA
"HiG_2"	"Adrb2"	0.00244621552821849	0.0138567419991433	"HiG"	0.0649924233919274	0.000111670830570322	31.348857451336	107	112	112	323	NA	NA	NA	NA
"HiG_2"	"Afap1l1"	0.00115460294291551	0.00192062760561335	"HiG"	0.0224133205515576	3.85108600542227e-05	24.7719432008896	303	321	321	413	NA	NA	NA	NA
"HiG_2"	"Agps"	0.00161876706227962	0.0462555858239388	"HiG"	0.0354250478906943	6.08677798809181e-05	40.4424102511804	205	243	243	165	NA	NA	NA	NA
"HiG_2"	"Agtrap"	0.000550424511673197	0.00078526959154267	"HiG"	0.00750737486925891	1.28992695348091e-05	16.4807822094164	459	461	461	488	NA	NA	NA	NA
"HiG_2"	"Ahnak"	0.00233001880643342	0.110895206789652	"HiG"	0.063752116519783	0.000109539719106156	60.4790674555555	114	123	123	40	NA	NA	NA	NA
"HiG_2"	"Ak4"	0.00107042244980232	0.00483792181308509	"HiG"	0.0210152714975885	3.61087139133823e-05	30.3335381102745	323	331	331	343	NA	NA	NA	NA
"HiG_2"	"Alas1"	0.000606662351991564	0.00267344023254534	"HiG"	0.010458324687779	1.79696300477302e-05	18.4177785971112	446	431	431	474	NA	NA	NA	NA
"HiG_2"	"Alcam"	0.000538309477560461	0.00138464686720363	"HiG"	0.00717021617471536	1.23199590630848e-05	44.965357127631	466	467	467	102	NA	NA	NA	NA
"HiG_2"	"Aldh2"	0.000814425488585042	0.0118701922878521	"HiG"	0.0168153972839745	2.88924351958325e-05	64.1076288050349	380	356	356	35	NA	NA	NA	NA
"HiG_2"	"Aldh3b1"	0.000469409777822563	0.00246587215535732	"HiG"	0.00624342756076789	1.0727538764206e-05	10.0187879164793	486	479	479	530	NA	NA	NA	NA
"HiG_2"	"Aldoc"	0.000515720528575807	0.000359518512220191	"HiG"	0.00460797103307087	7.91747600183998e-06	14.2397626905419	473	494	494	504	NA	NA	NA	NA
"HiG_2"	"Ampd3"	0.000786496306665069	0.00391004988214571	"HiG"	0.015963980117905	2.74295191029295e-05	40.5597230715238	393	369	369	161	NA	NA	NA	NA
"HiG_2"	"Antxr2"	0.000320127116590297	8.56977060197574e-05	"HiG"	0.00149778573964092	2.57351501656516e-06	26	539	536	536	397	NA	NA	NA	NA
"HiG_2"	"Anxa1"	0.00304960220968429	0.0965986332996388	"HiG"	0.0916489164166837	0.00015747236497712	41.2130851256482	74	71	71	152	NA	NA	NA	NA
"HiG_2"	"Anxa3"	0.000838201577174766	0.00128092220067611	"HiG"	0.0160399178749931	2.75599963487855e-05	15.0309670633904	373	367	367	497	NA	NA	NA	NA
"HiG_2"	"Anxa4"	0.0019752486421253	0.00431402935731171	"HiG"	0.044501072915537	7.64623245971426e-05	18.4854789056745	160	192	192	473	NA	NA	NA	NA
"HiG_2"	"Anxa6"	0.00107721569565461	0.00296100431884908	"HiG"	0.0198013016148179	3.40228550082782e-05	31.8172589539219	322	339	339	312	NA	NA	NA	NA
"HiG_2"	"Aoah"	0.000401543954853512	0.000364628493459384	"HiG"	0.00446659655970448	7.6745645355747e-06	48.9557175794085	513	499	499	75	NA	NA	NA	NA
"HiG_2"	"Ap1s2"	0.000789417860753739	0.00916686628259244	"HiG"	0.0116882288889521	2.00828675067905e-05	19.0811601862619	391	418	418	463	NA	NA	NA	NA
"HiG_2"	"Apex1"	0.00720992909645382	0.217434430219904	"HiG"	0.206449540022848	0.000354724295571904	27.44327331766	11	16	16	387	NA	NA	NA	NA
"HiG_2"	"App"	0.0154765495217666	0.109558740428309	"HiG"	0.397175686248744	0.000682432450599216	25.1187341407162	2	3	3	409	NA	NA	NA	NA
"HiG_2"	"Aqp9"	0.000774326134706337	0.000962639496798253	"HiG"	0.00955154399826304	1.64115876258815e-05	23.8056752836408	399	441	441	424	NA	NA	NA	NA
"HiG_2"	"Arg2"	0.000659876882407735	0.00167582560082393	"HiG"	0.0110260464681917	1.89450970243843e-05	9.96864693902642	430	425	425	535	NA	NA	NA	NA
"HiG_2"	"Arhgap24"	0.00162193461381543	0.0321956192018293	"HiG"	0.0442123330530631	7.59662079949538e-05	37.3159016660398	203	194	194	222	NA	NA	NA	NA
"HiG_2"	"Arhgef3"	0.000763404065880622	0.00318435806753446	"HiG"	0.0103290014956231	1.77474252502114e-05	22.6686636417063	401	433	433	439	NA	NA	NA	NA
"HiG_2"	"Arl4c"	0.00187415667011991	0.00615618870415811	"HiG"	0.0348989453444773	5.99638236159404e-05	14.5768739813426	168	249	249	501	NA	NA	NA	NA
"HiG_2"	"Asprv1"	0.000536536854793216	0.000577843660127489	"HiG"	0.00691410527643315	1.18799059732528e-05	22.2667291860015	467	469	469	441	NA	NA	NA	NA
"HiG_2"	"Atad3a"	0.00199010758102116	0.0674593440855109	"HiG"	0.0589249129889898	0.0001012455549639	46.6682732546839	156	133	133	86	NA	NA	NA	NA
"HiG_2"	"Atf3"	0.00292134409831777	0.120014634346404	"HiG"	0.0979302693187938	0.000168265067558065	69.6752702883951	80	67	67	26	NA	NA	NA	NA
"HiG_2"	"Atf5"	0.000562569214559447	0.00519634148907555	"HiG"	0.00975451653061403	1.67603376814674e-05	33.4830748824496	456	439	439	284	NA	NA	NA	NA
"HiG_2"	"Atrnl1"	0.000543606552528519	0.00632625682231255	"HiG"	0.00933403269663915	1.60378568670776e-05	55.808545790042	463	443	443	52	NA	NA	NA	NA
"HiG_2"	"Axl"	0.00148023613889112	0.00466718100930515	"HiG"	0.03838449142627	6.59527344093986e-05	36.6340519621452	231	219	219	238	NA	NA	NA	NA
"HiG_2"	"B4galnt4"	0.000269058295965343	3.77709511099034e-18	"HiG"	0	0	NA	568.5	568.5	568.5	NA	NA	NA	NA	NA
"HiG_2"	"B4galt6"	0.000451128758963679	7.89727747677925e-05	"HiG"	0.00407137871028327	6.99549606577881e-06	8.10133318212326	493	504	504	543	NA	NA	NA	NA
"HiG_2"	"Bcar3"	0.0019725391280581	0.00821140246989638	"HiG"	0.0464096032212247	7.97415862907641e-05	23.4776659033511	161	184	184	430	NA	NA	NA	NA
"HiG_2"	"Bcl2"	0.003576426779166	0.0600919107480993	"HiG"	0.105493259193546	0.000181259895521556	38.8747404999489	56	59	59	194	NA	NA	NA	NA
"HiG_2"	"Bcl3"	0.00169454254856558	0.0195780583840869	"HiG"	0.0477817328528536	8.20991973416728e-05	48.69127281403	189	178	178	77	NA	NA	NA	NA
"HiG_2"	"Bcl6"	0.00302174706063413	0.0458421091667955	"HiG"	0.0858415944328961	0.000147494148510131	38.1670789581174	76	83	83	208	NA	NA	NA	NA
"HiG_2"	"Bmx"	0.0012969720907543	0.00484476815966976	"HiG"	0.0289643628254726	4.976694643552e-05	46.2953541181092	277	287	287	90	NA	NA	NA	NA
"HiG_2"	"Bnip3"	0.00164538309565673	0.0137590549954427	"HiG"	0.0381895629013326	6.56178056723928e-05	30.9379415897654	198	224	224	331	NA	NA	NA	NA
"HiG_2"	"Bri3"	0.000449873610990716	0.000146081087911637	"HiG"	0.00456411431833258	7.84212082187729e-06	31.5450229223124	494	497	497	322	NA	NA	NA	NA
"HiG_2"	"Bst1"	0.000703219203538984	6.67410257703847e-05	"HiG"	0.0104718813873376	1.79929233459408e-05	7.49033474002056	420	430	430	547	NA	NA	NA	NA
"HiG_2"	"Bst2"	0.00124466666028696	0.00182953035709917	"HiG"	0.0254733757962819	4.37686869351922e-05	23.4195205901639	286	302	302	432	NA	NA	NA	NA
"HiG_2"	"Btg1"	0.00158217301984046	0.0425402484598628	"HiG"	0.0368411177932747	6.33008896791662e-05	36.2775294528087	212	233	233	242	NA	NA	NA	NA
"HiG_2"	"Btg2"	0.00072901568913752	0.00366069144383467	"HiG"	0.0124904633111068	2.14612771668502e-05	19.0520706852054	413	409	409	465	NA	NA	NA	NA
"HiG_2"	"Bzw2"	0.00151323625688655	0.0141578927053603	"HiG"	0.03570444256061	6.13478394512199e-05	30.0358774459195	225	242	242	350	NA	NA	NA	NA
"HiG_2"	"C1rl"	0.00157503675026777	0.00421490855084696	"HiG"	0.0422664651233383	7.26227923081413e-05	41.6502365465269	214	198	198	142	NA	NA	NA	NA
"HiG_2"	"C3"	0.00493377541916213	0.00818383470562275	"HiG"	0.14575765241696	0.000250442701747354	32.4848568840055	33	40	40	299	NA	NA	NA	NA
"HiG_2"	"C3ar1"	0.0032896083351632	0.00587037533640021	"HiG"	0.0957535606121697	0.000164525018233968	34.9325745189878	63	69	69	265	NA	NA	NA	NA
"HiG_2"	"C5ar1"	0.00322438599643576	0.00710881715201117	"HiG"	0.0879140594630582	0.000151055084988073	37.2585588789318	67	79	79	224	NA	NA	NA	NA
"HiG_2"	"Cad"	0.00458503727657568	0.1761874731599	"HiG"	0.149321886456071	0.000256566815216617	45.016405811696	39	37	37	99	NA	NA	NA	NA
"HiG_2"	"Camk1d"	0.00110524168264271	0.00359564338905022	"HiG"	0.0239677923997194	4.11817738826794e-05	32.3106848698858	317	309	309	301	NA	NA	NA	NA
"HiG_2"	"Camp"	0.00175419795392765	0.00432090564587573	"HiG"	0.0478018284958777	8.21337259379342e-05	30.381798324708	183	177	177	341	NA	NA	NA	NA
"HiG_2"	"Capg"	0.00145718536665113	0.0146115711203315	"HiG"	0.0414358163923372	7.11955608115759e-05	50.8176894857503	235	203	203	63	NA	NA	NA	NA
"HiG_2"	"Capn2"	0.00186344792262214	0.0348649475165826	"HiG"	0.0503308660878617	8.64791513537142e-05	32.8164896190276	169	163	163	294	NA	NA	NA	NA
"HiG_2"	"Casp6"	0.00262359563017428	0.0312139224714392	"HiG"	0.0687491573339854	0.000118125699886573	46.6164809608617	97	106	106	88	NA	NA	NA	NA
"HiG_2"	"Ccdc125"	0.000432056841691679	4.43283857961507e-05	"HiG"	0.00284242447531858	4.88389085106286e-06	8.33091939019914	500	523	523	542	NA	NA	NA	NA
"HiG_2"	"Ccl24"	0.000871650838195022	0.000961696301087608	"HiG"	0.0191784592113386	3.29526790572828e-05	38.4467611239316	366	344	344	201	NA	NA	NA	NA
"HiG_2"	"Ccl3"	0.00204140140537981	0.0223636366102718	"HiG"	0.0561210952177903	9.64279986559971e-05	46.690108867692	149	144	144	85	NA	NA	NA	NA
"HiG_2"	"Ccl4"	0.00173784212203623	0.00478622465891223	"HiG"	0.0492914262216603	8.46931722021654e-05	39.1030930659536	184	170	170	187	NA	NA	NA	NA
"HiG_2"	"Ccpg1"	0.000741315796343566	0.000483434882154608	"HiG"	0.00918688934243524	1.57850332344248e-05	12.0375439592422	408	444	444	522	NA	NA	NA	NA
"HiG_2"	"Ccr1"	0.0068446037270495	0.0106749163382647	"HiG"	0.178532557792836	0.00030675697215264	26.6067037421596	13	21	21	394	NA	NA	NA	NA
"HiG_2"	"Ccr2"	0.00181798334978017	0.0042546368769181	"HiG"	0.0509163494649839	8.7485136537773e-05	39.9463822010229	172	160	160	172	NA	NA	NA	NA
"HiG_2"	"Ccr5"	0.00444462370931118	0.00685567133592857	"HiG"	0.135332515474807	0.000232530095317538	35.3757366861577	43	44	44	256	NA	NA	NA	NA
"HiG_2"	"Cd14"	0.00198294914846462	0.00317912286636939	"HiG"	0.0563652778053449	9.6847556366572e-05	31.322072195185	158	143	143	324	NA	NA	NA	NA
"HiG_2"	"Cd177"	0.00128742673339813	0.00385058841881611	"HiG"	0.0310049299722396	5.32730755536762e-05	32.8907809559533	280	273	273	292	NA	NA	NA	NA
"HiG_2"	"Cd244"	0.00134336757401424	0.00147821024869293	"HiG"	0.0298832706377679	5.13458258380891e-05	13.778420833148	262	279	279	509	NA	NA	NA	NA
"HiG_2"	"Cd28"	0.00164162965354052	0.00326730657887771	"HiG"	0.0452618857873458	7.77695632084979e-05	40.7298307037167	199	188	188	157	NA	NA	NA	NA
"HiG_2"	"Cd300lb"	0.000707698623269312	0.00220631046433629	"HiG"	0.0123775202642119	2.12672169488177e-05	61.3442233697212	418	411	411	38	NA	NA	NA	NA
"HiG_2"	"Cd300ld"	0.000836717192161756	0.000588275640656222	"HiG"	0.0163675796654135	2.81229891158308e-05	41.59901266681	375	359	359	144	NA	NA	NA	NA
"HiG_2"	"Cd300lf"	0.00214696318771101	0.00364451010087556	"HiG"	0.0586271525016444	0.000100733939006262	37.3216095213496	133	134	134	221	NA	NA	NA	NA
"HiG_2"	"Cd300lg"	0.000929574750480718	0.000371955086877061	"HiG"	0.0198278734293322	3.40685110469625e-05	24.9478019955524	355	338	338	411	NA	NA	NA	NA
"HiG_2"	"Cd302"	0.00147225227586461	0.00122239007654266	"HiG"	0.0349566532356149	6.00629780680668e-05	33.452537429373	232	248	248	286	NA	NA	NA	NA
"HiG_2"	"Cd33"	0.00191562594514538	0.00450237567056609	"HiG"	0.0544262103025885	9.35158252621795e-05	43.9975015750585	166	151	151	110	NA	NA	NA	NA
"HiG_2"	"Cd34"	0.000369656682390637	3.88443058774464e-05	"HiG"	0.00297396004570848	5.10989698575341e-06	26	524	522	522	398	NA	NA	NA	NA
"HiG_2"	"Cd38"	0.000944025489183572	0.000797261598030855	"HiG"	0.0191887005449695	3.29702758504631e-05	35.0966043792405	348	343	343	263	NA	NA	NA	NA
"HiG_2"	"Cd48"	0.00374619457749438	0.00606225813607247	"HiG"	0.111273651033809	0.000191191840264277	37.3236822622211	52	57	57	220	NA	NA	NA	NA
"HiG_2"	"Cd52"	0.00207738458796939	0.00224089683697133	"HiG"	0.0527262616134782	9.05949512259076e-05	40.9150692543106	144	157	157	156	NA	NA	NA	NA
"HiG_2"	"Cd69"	0.00181717858342002	0.00271738874040041	"HiG"	0.0494189382046548	8.49122649564516e-05	31.9632736671315	173	169	169	307	NA	NA	NA	NA
"HiG_2"	"Cd74"	0.0061045555964309	0.0128988787159785	"HiG"	0.17476558312918	0.000300284507094811	34.5646693373435	19	25	25	269	NA	NA	NA	NA
"HiG_2"	"Cd82"	0.000746661097485406	0.000971291395831093	"HiG"	0.013182360646653	2.26501042038712e-05	31.9344209710655	405	394	394	308	NA	NA	NA	NA
"HiG_2"	"Cd84"	0.00226596354840532	0.00368574794156115	"HiG"	0.0641123131610589	0.000110158613678795	37.8779048706964	122	118	118	212	NA	NA	NA	NA
"HiG_2"	"Cd93"	0.00236043762701511	0.00385537351544921	"HiG"	0.0673928131895721	0.000115795211665931	38.3479367174996	111	108	108	203	NA	NA	NA	NA
"HiG_2"	"Cdc42ep2"	0.000572081014252123	0.000309169276683381	"HiG"	0.00722210974063143	1.24091232656897e-05	17.6213970745031	453	466	466	482	NA	NA	NA	NA
"HiG_2"	"Cdh1"	0.00586072621721227	0.0651884384997257	"HiG"	0.164958937723163	0.000283434600898905	27.6938230731252	22	31	31	383	NA	NA	NA	NA
"HiG_2"	"Cdk18"	0.000787057837195045	0.00313859544001483	"HiG"	0.0143435417237741	2.46452606937699e-05	32.1152648868784	392	388	388	306	NA	NA	NA	NA
"HiG_2"	"Cdk6"	0.00235746387309104	0.084093545677464	"HiG"	0.0656617106789785	0.000112820808726767	46.2351717403084	112	111	111	91	NA	NA	NA	NA
"HiG_2"	"Cdkn3"	0.00130525567875817	0.0123531985151826	"HiG"	0.0335068507431656	5.75719084934117e-05	20.6885981828636	276	260	260	455	NA	NA	NA	NA
"HiG_2"	"Cebpa"	0.00799712089944099	0.180589415456193	"HiG"	0.255179989997858	0.000438453591061612	27.3017272681177	7	10	10	388	NA	NA	NA	NA
"HiG_2"	"Cebpd"	0.00156714371279823	0.0249542686946631	"HiG"	0.0451724024019213	7.761581168715e-05	39.3641824702656	216	189	189	183	NA	NA	NA	NA
"HiG_2"	"Cebpe"	0.00132291390106911	0.025701256855223	"HiG"	0.0365612738114568	6.28200580952865e-05	43.7986390287872	269	235	235	116	NA	NA	NA	NA
"HiG_2"	"Cenpv"	0.0014492235558219	0.100800909644379	"HiG"	0.0475469873484503	8.16958545506019e-05	60.6232006634337	240	179	179	39	NA	NA	NA	NA
"HiG_2"	"Cfp"	0.00111382551962895	0.0016157939463323	"HiG"	0.0284176394132739	4.88275591293366e-05	46.1212421757133	313	290	290	93	NA	NA	NA	NA
"HiG_2"	"Cib2"	0.000364001889579048	0.00115872397270248	"HiG"	0.00309176021402562	5.3123027732399e-06	20.2414024072435	527	521	521	457	NA	NA	NA	NA
"HiG_2"	"Ckap4"	0.00314941089327182	0.0716849036429624	"HiG"	0.0847791221222936	0.000145668594711845	36.1840635856028	70	87	87	244	NA	NA	NA	NA
"HiG_2"	"Cldn15"	0.000269058295965343	3.77709511099034e-18	"HiG"	0	0	NA	568.5	568.5	568.5	NA	NA	NA	NA	NA
"HiG_2"	"Clec12a"	0.00128028897711229	0.00304687649776822	"HiG"	0.0324359444051729	5.57318632391287e-05	39.9850136879171	281	263	263	170	NA	NA	NA	NA
"HiG_2"	"Clec4d"	0.00214019845053047	0.0172146717864409	"HiG"	0.0599453871691495	0.00010299894702603	28.0299559582435	135	128	128	375	NA	NA	NA	NA
"HiG_2"	"Clec4e"	0.00213855791514068	0.0131395753789513	"HiG"	0.057540795960962	9.88673470119622e-05	37.2160252230151	137	138	138	226	NA	NA	NA	NA
"HiG_2"	"Clec5a"	0.000885270024191476	0.000758521712431762	"HiG"	0.0197376929578499	3.39135617832473e-05	32.8158165108887	363	340	340	295	NA	NA	NA	NA
"HiG_2"	"Clec7a"	0.00292522498041992	0.00744505278895719	"HiG"	0.0864366681032913	0.000148516611861325	41.6699684575726	79	81	81	140	NA	NA	NA	NA
"HiG_2"	"Cluh"	0.00179871472903827	0.0370462252157623	"HiG"	0.0484751905607088	8.3290705430771e-05	18.9502965599747	177	174	174	467	NA	NA	NA	NA
"HiG_2"	"Clybl"	0.000269058295965343	3.77709511099034e-18	"HiG"	0	0	NA	568.5	568.5	568.5	NA	NA	NA	NA	NA
"HiG_2"	"Cnn2"	0.000684620092677855	0.00376479961590172	"HiG"	0.0116443370025698	2.00074518944499e-05	28.1725951275127	424	419	419	373	NA	NA	NA	NA
"HiG_2"	"Cnn3"	0.00153759727688015	0.0400844718569948	"HiG"	0.0393088753418744	6.75410229241829e-05	51.6371260348583	220	213	213	60	NA	NA	NA	NA
"HiG_2"	"Cnp"	0.00202920253358459	0.0432459079659717	"HiG"	0.0486955528933628	8.36693348683209e-05	34.0769147890344	151	172	172	276	NA	NA	NA	NA
"HiG_2"	"Col5a1"	0.00236383694402573	0.00830572630392382	"HiG"	0.0639697104108227	0.000109913591771173	30.8969787405048	110	120	120	332	NA	NA	NA	NA
"HiG_2"	"Cpa3"	0.000301808408238747	0.00036451548577413	"HiG"	0.00103717838483701	1.78209344473714e-06	27	542	542	542	391	NA	NA	NA	NA
"HiG_2"	"Cpd"	0.000952211392437301	0.00277995195012485	"HiG"	0.021225549051293	3.64700155520499e-05	30.0690564574879	346	329	329	348	NA	NA	NA	NA
"HiG_2"	"Cpne3"	0.00121917446000478	0.031008342998391	"HiG"	0.0300023307026997	5.15503963963912e-05	36.1721305845218	292	277	277	246	NA	NA	NA	NA
"HiG_2"	"Cpox"	0.000832774855351962	0.00982302325308348	"HiG"	0.0202608928926663	3.48125307434129e-05	19.6943876457609	377	335	335	461	NA	NA	NA	NA
"HiG_2"	"Crat"	0.000343934984720053	0.00151134627462581	"HiG"	0.00250614684523961	4.30609423580688e-06	43.9453906821229	533	527	527	113	NA	NA	NA	NA
"HiG_2"	"Csf1"	0.00145380448854078	0.0125590521459642	"HiG"	0.0421316554466747	7.23911605612967e-05	45.9300263005607	237	200	200	95	NA	NA	NA	NA
"HiG_2"	"Csf1r"	0.00325440976394245	0.0169902475528301	"HiG"	0.0992555749076077	0.000170542224927161	39.3692705698739	66	64	64	182	NA	NA	NA	NA
"HiG_2"	"Csf2rb"	0.00233027338662499	0.00450975257014134	"HiG"	0.0689914254926003	0.000118541968200344	42.0502479514811	113	105	105	137	NA	NA	NA	NA
"HiG_2"	"Cstb"	0.00177291694832309	0.0259541160395081	"HiG"	0.0497127690438329	8.54171289412936e-05	41.537737709557	181	167	167	147	NA	NA	NA	NA
"HiG_2"	"Ctr9"	0.0015783139001102	0.1048172587782	"HiG"	0.0451092267773793	7.75072625040882e-05	69.7847731161729	213	191	191	25	NA	NA	NA	NA
"HiG_2"	"Ctsb"	0.00407832445515632	0.033708685734859	"HiG"	0.120321271270912	0.000206737579503286	35.3230232075496	47	51	51	257	NA	NA	NA	NA
"HiG_2"	"Ctsc"	0.0015830590106423	0.00269583351321051	"HiG"	0.0443094131710474	7.61330123213873e-05	42.4393411136744	211	193	193	130	NA	NA	NA	NA
"HiG_2"	"Ctsd"	0.00270424101088016	0.043711279763346	"HiG"	0.0770658775681566	0.000132415597196145	43.8046459400495	92	94	94	115	NA	NA	NA	NA
"HiG_2"	"Ctsg"	0.00311378958848584	0.00765929852505208	"HiG"	0.0913908194074951	0.000157028899325593	33.3524401316172	71	72	72	288	NA	NA	NA	NA
"HiG_2"	"Ctsh"	0.00151262488519377	0.00350118098354962	"HiG"	0.0418271697225935	7.18679892140781e-05	43.8852921385778	226	201	201	114	NA	NA	NA	NA
"HiG_2"	"Ctss"	0.00504768920140803	0.0128582154254132	"HiG"	0.152226797886004	0.000261558071969078	30.0839885169765	32	35	35	346	NA	NA	NA	NA
"HiG_2"	"Cttnbp2nl"	0.000940981575901189	0.00606494893177548	"HiG"	0.0184023999524085	3.16192439044819e-05	20.9051924452082	353	346	346	452	NA	NA	NA	NA
"HiG_2"	"Cxcr2"	0.00212518997033176	0.00430853521266515	"HiG"	0.0574268938754355	9.86716389612294e-05	35.1688641870848	138	139	139	262	NA	NA	NA	NA
"HiG_2"	"Cxcr4"	0.00599632492475053	0.00981365455013288	"HiG"	0.168700229897539	0.00028986293796828	27.8524536816849	20	29	29	380	NA	NA	NA	NA
"HiG_2"	"Cyba"	0.00294525814506603	0.033273185576999	"HiG"	0.0907225663133597	0.000155880698132921	34.6675875594283	77	73	73	267	NA	NA	NA	NA
"HiG_2"	"Cybb"	0.00180678834175721	0.00464607668066688	"HiG"	0.0506083827700073	8.69559841409061e-05	35.1912163074484	175	162	162	260	NA	NA	NA	NA
"HiG_2"	"Dab2"	0.00446886837233953	0.0313393182903025	"HiG"	0.130417830196062	0.000224085618893576	42.0923875077855	42	46	46	135	NA	NA	NA	NA
"HiG_2"	"Daxx"	0.00584393225607952	0.342793480765441	"HiG"	0.208634272324845	0.000358478131142346	47.6643039311522	23	14	14	82	NA	NA	NA	NA
"HiG_2"	"Dctpp1"	0.000590849187280344	0.0298757212652268	"HiG"	0.011556608167757	1.98567150648746e-05	106.292234939092	449	420	420	10	NA	NA	NA	NA
"HiG_2"	"Ddhd1"	0.000367644715721191	0.000805820184427377	"HiG"	0.00325360689351881	5.59038985140689e-06	37	525	517	517	230	NA	NA	NA	NA
"HiG_2"	"Ddt"	0.000425414707367455	0.000953603804718048	"HiG"	0.00457657180468462	7.86352543760244e-06	16	501	495	495	489	NA	NA	NA	NA
"HiG_2"	"Ddx21"	0.00761864947471392	0.46729993624632	"HiG"	0.291557199803727	0.000500957387978912	34.0863847281709	9	7	7	275	NA	NA	NA	NA
"HiG_2"	"Dgat1"	0.00105768325842247	0.00064983532337012	"HiG"	0.0230905591791033	3.96745003077377e-05	30.8537872178335	326	316	316	333	NA	NA	NA	NA
"HiG_2"	"Dgat2"	0.000432134393478701	3.03466186446418e-05	"HiG"	0.00382387043681648	6.57022411824137e-06	9	499	508	508	539	NA	NA	NA	NA
"HiG_2"	"Dhrs7"	0.00143613623769088	0.00299956949330085	"HiG"	0.0351622624174068	6.04162584491525e-05	18.7743785415907	243	246	246	469	NA	NA	NA	NA
"HiG_2"	"Dhx58"	0.000452555124847742	0.00734337535582326	"HiG"	0.00632448503357123	1.08668127724592e-05	105.424270827998	492	476	476	11	NA	NA	NA	NA
"HiG_2"	"Dkc1"	0.00664121596627397	0.522436272138679	"HiG"	0.270219850815191	0.000464295276314761	35.8685982448509	15	8	8	250	NA	NA	NA	NA
"HiG_2"	"Dlk1"	0.000878108466839636	0.000290982926483771	"HiG"	0.0129872901081673	2.23149314573321e-05	13.8374906161819	364	399	399	508	NA	NA	NA	NA
"HiG_2"	"Dmkn"	0.000410576345839628	0.00229500308284281	"HiG"	0.00427269037671779	7.34139239985875e-06	151	508	503	503	4	NA	NA	NA	NA
"HiG_2"	"Dok3"	0.000912331097479277	0.00130627096406906	"HiG"	0.0160963580745347	2.76569726366575e-05	32.782788367513	359	366	366	296	NA	NA	NA	NA
"HiG_2"	"Dpep2"	0.000732785853653378	0.00603827084812739	"HiG"	0.0128226189427551	2.20319913105758e-05	49.0197690523971	410	402	402	74	NA	NA	NA	NA
"HiG_2"	"Dram1"	0.000299161732692292	0.000488188468918878	"HiG"	0.000908878157405571	1.56164631856627e-06	151	544	544	544	4	NA	NA	NA	NA
"HiG_2"	"Dse"	0.000842246498138871	0.00391582188610912	"HiG"	0.0125266754200026	2.15234972852279e-05	16.7234431106846	372	408	408	487	NA	NA	NA	NA
"HiG_2"	"Dstn"	0.00165920554482343	0.0520977616004034	"HiG"	0.0400805572054724	6.88669367791622e-05	55.9179069782767	195	208	208	51	NA	NA	NA	NA
"HiG_2"	"Dtx3l"	0.00217575058761027	0.00455986158118339	"HiG"	0.0612859389968503	0.000105302300681873	12.2570270643666	129	125	125	517	NA	NA	NA	NA
"HiG_2"	"Dusp22"	0.000464072075370619	0.0212937227789721	"HiG"	0.00772069927652639	1.32658063170556e-05	110.418342172445	488	458	458	9	NA	NA	NA	NA
"HiG_2"	"E2f2"	0.00108650973754521	0.0187795001261004	"HiG"	0.0284544959750973	4.88908865551501e-05	35.6070592069278	321	289	289	254	NA	NA	NA	NA
"HiG_2"	"Egln3"	0.00432026490708982	0.0505170802857502	"HiG"	0.121192930634598	0.000208235276004464	19.0784225952687	45	50	50	464	NA	NA	NA	NA
"HiG_2"	"Eif1ad"	0.000580620528805804	0.000243199492864809	"HiG"	0.00632379191054079	1.08656218394172e-05	12.0890093015953	452	477	477	519	NA	NA	NA	NA
"HiG_2"	"Elane"	0.00457542626852596	0.0154955126487541	"HiG"	0.135623085674532	0.000233029356829093	28.0897075508976	40	43	43	374	NA	NA	NA	NA
"HiG_2"	"Emp1"	0.00076243117856498	0.000914897121327525	"HiG"	0.0143216544671842	2.46076537236843e-05	20.0542787686042	402	389	389	459	NA	NA	NA	NA
"HiG_2"	"Entpd3"	0.000915990246052582	3.89118945855719e-05	"HiG"	0.00771062763690105	1.32485010943317e-05	10.1249040828898	358	459	459	529	NA	NA	NA	NA
"HiG_2"	"Entpd5"	0.000612673025191882	1.53424396771364e-05	"HiG"	0.00369666012245265	6.35164969493582e-06	2.99860880790851	444	512	512	553	NA	NA	NA	NA
"HiG_2"	"Eps8"	0.0032828079002836	0.00772698255810655	"HiG"	0.0847821847639095	0.000145673856982662	29.5915744489726	64	86	86	357	NA	NA	NA	NA
"HiG_2"	"Epsti1"	0.000394936880244978	0.00258715164146684	"HiG"	0.00394683232114532	6.78149883358303e-06	29.1598631957778	516	507	507	361	NA	NA	NA	NA
"HiG_2"	"Evl"	0.000797370116156417	0.00299452313897958	"HiG"	0.0158672250467865	2.72632732762655e-05	56.7153485882188	387	371	371	45	NA	NA	NA	NA
"HiG_2"	"Exosc2"	0.0016658546604658	0.113481830224985	"HiG"	0.0550832521115704	9.46447630782997e-05	35.3115953995108	193	148	148	258	NA	NA	NA	NA
"HiG_2"	"F10"	0.00199633080488369	0.00471355881229939	"HiG"	0.0529854376950875	9.10402709537587e-05	32.8259648448574	154	155	155	293	NA	NA	NA	NA
"HiG_2"	"F13a1"	0.00115352982660235	0.00327586175815575	"HiG"	0.0259073492128893	4.4514345726614e-05	40.6911942732575	304	299	299	158	NA	NA	NA	NA
"HiG_2"	"F2rl2"	0.000507631130926103	0.000994324958083395	"HiG"	0.00734193155062495	1.2615002664304e-05	56.6571516626716	477	463	463	46	NA	NA	NA	NA
"HiG_2"	"F7"	0.00178834088317594	0.00565198919792143	"HiG"	0.0485013203608509	8.33356019945892e-05	37.1316150148869	179	173	173	228	NA	NA	NA	NA
"HiG_2"	"Fabp5"	0.000722533526259163	0.00836245167170476	"HiG"	0.00986099596701499	1.69432920395447e-05	34.4223898925929	414	437	437	271	NA	NA	NA	NA
"HiG_2"	"Fam136a"	0.000807108007561834	0.00625857001668854	"HiG"	0.0148949335825452	2.55926693858165e-05	30.3580293572697	384	386	386	342	NA	NA	NA	NA
"HiG_2"	"Fam20c"	0.00137535505679564	0.00287578268138055	"HiG"	0.0271759675060917	4.66941022441439e-05	23.9120386502808	255	295	295	422	NA	NA	NA	NA
"HiG_2"	"Fam216a"	0.000269058295965343	3.77709511099034e-18	"HiG"	0	0	NA	568.5	568.5	568.5	NA	NA	NA	NA	NA
"HiG_2"	"Fam43a"	0.000791309301243602	0.00138755239708656	"HiG"	0.0150985675860879	2.59425559898417e-05	25.3772346874741	389	381	381	404	NA	NA	NA	NA
"HiG_2"	"Farsb"	0.00159932847180951	0.0796388336811506	"HiG"	0.0484713552219861	8.32841155016943e-05	42.7629188582853	208	175	175	125	NA	NA	NA	NA
"HiG_2"	"Fbl"	0.00925436880449224	0.850553017222367	"HiG"	0.386598330408308	0.000664258299670633	34.7557711792655	4	4	4	266	NA	NA	NA	NA
"HiG_2"	"Fbxl5"	0.000297625996257471	0.000163218740291386	"HiG"	0.000782591595340642	1.34465909852344e-06	10	546	546	546	532	NA	NA	NA	NA
"HiG_2"	"Fcer1g"	0.00533499154156715	0.00987118130020492	"HiG"	0.157590810270472	0.000270774588093594	31.6081929072412	28	34	34	320	NA	NA	NA	NA
"HiG_2"	"Fcgrt"	0.00188590303118638	0.00263590021554077	"HiG"	0.0490897684899125	8.43466812541452e-05	39.4990948260228	167	171	171	180	NA	NA	NA	NA
"HiG_2"	"Ffar2"	0.000954409787378179	0.000551778619350225	"HiG"	0.0153904703622822	2.64441071516876e-05	29.6873391857233	345	377	377	355	NA	NA	NA	NA
"HiG_2"	"Fgd4"	0.0019295717556089	0.00147159258146294	"HiG"	0.0343612021838159	5.90398662952164e-05	25.2045815331571	163	256	256	407	NA	NA	NA	NA
"HiG_2"	"Fgr"	0.00401256758148319	0.0194513668365348	"HiG"	0.119896094532961	0.000206007035280002	40.3234148849513	48	52	52	166	NA	NA	NA	NA
"HiG_2"	"Flrt3"	0.000321303850218152	0.000689006921678753	"HiG"	0.00159484396179161	2.74028172129142e-06	124.743966838251	538	533	533	8	NA	NA	NA	NA
"HiG_2"	"Flt1"	0.00256336384316484	0.0128611945036794	"HiG"	0.0736856361276154	0.000126607622212398	38.2612058772129	101	99	99	204	NA	NA	NA	NA
"HiG_2"	"Fos"	0.00733117361502404	0.356289962350561	"HiG"	0.259463430691468	0.000445813454796337	80.5996319988105	10	9	9	18	NA	NA	NA	NA
"HiG_2"	"Fpr2"	0.00214772217620736	0.0056178959144755	"HiG"	0.0557185227482397	9.57362933818552e-05	29.5754060529828	132	146	146	358	NA	NA	NA	NA
"HiG_2"	"Fry"	0.000269058295965343	3.77709511099034e-18	"HiG"	0	0	NA	568.5	568.5	568.5	NA	NA	NA	NA	NA
"HiG_2"	"Fth1"	0.00201896999369746	0.0111219486106169	"HiG"	0.0464655718371243	7.98377522974644e-05	21.7026024883911	153	183	183	444	NA	NA	NA	NA
"HiG_2"	"Furin"	0.00168123485464465	0.00589610119435878	"HiG"	0.0383631975368603	6.59161469705503e-05	28.2938031289153	190	221	221	372	NA	NA	NA	NA
"HiG_2"	"Fyn"	0.00765708923998222	0.0602293964736472	"HiG"	0.225043029364595	0.000386671871760473	31.7736278064045	8	12	12	314	NA	NA	NA	NA
"HiG_2"	"G0s2"	0.000362532149843807	7.60107396580043e-06	"HiG"	0.00144599695975226	2.48453085868086e-06	9.64899977744999	529	537	537	537	NA	NA	NA	NA
"HiG_2"	"Gadd45a"	0.001305570829593	0.0312851423241877	"HiG"	0.0262689932775817	4.51357272810681e-05	53.0315700652928	275	298	298	55	NA	NA	NA	NA
"HiG_2"	"Gadd45g"	0.000748973795273137	0.00303517302834739	"HiG"	0.0138865694997382	2.38600850510966e-05	36.4401363068768	404	392	392	241	NA	NA	NA	NA
"HiG_2"	"Gar1"	0.00456450795354143	0.36832943431771	"HiG"	0.182888617441988	0.000314241610725066	34.1393355282756	41	20	20	274	NA	NA	NA	NA
"HiG_2"	"Gart"	0.0020495162793952	0.0466825915325141	"HiG"	0.0577321509321975	9.91961356223325e-05	37.4964172851598	148	137	137	217	NA	NA	NA	NA
"HiG_2"	"Gas7"	0.000533885690528579	0.00171167439217843	"HiG"	0.00764166561104412	1.31300096409693e-05	34.2642485643145	469	460	460	273	NA	NA	NA	NA
"HiG_2"	"Gatm"	0.000269058295965343	3.77709511099034e-18	"HiG"	0	0	NA	568.5	568.5	568.5	NA	NA	NA	NA	NA
"HiG_2"	"Gbe1"	0.000811042546979248	0.00280072407928965	"HiG"	0.0127338465297152	2.18794613912633e-05	28.0049948644349	382	404	404	376	NA	NA	NA	NA
"HiG_2"	"Gbp2"	0.000401326668596901	0.00029550983207168	"HiG"	0.00355038039314917	6.10030995386455e-06	22.8271519775652	514	514	514	438	NA	NA	NA	NA
"HiG_2"	"Gcnt1"	0.000631810173670363	0.00040898279313185	"HiG"	0.00847177122073498	1.45563079394072e-05	21.0208033843906	438	452	452	451	NA	NA	NA	NA
"HiG_2"	"Gda"	0.000513539538204327	0.00077588690514477	"HiG"	0.00632194274419356	1.08624445776522e-05	12.6175395303962	474	478	478	514	NA	NA	NA	NA
"HiG_2"	"Gemin6"	0.00149074697445496	0.0430202015269342	"HiG"	0.0382775222494015	6.57689385728549e-05	24.5859474838511	230	222	222	416	NA	NA	NA	NA
"HiG_2"	"Gfi1"	0.0013791298438781	0.0211398643196142	"HiG"	0.0367406214709297	6.31282155857899e-05	42.1094570916993	253	234	234	133	NA	NA	NA	NA
"HiG_2"	"Glb1"	0.00104237238798184	0.0066792475516671	"HiG"	0.0228862419925503	3.93234398497428e-05	23.9421770233908	330	319	319	421	NA	NA	NA	NA
"HiG_2"	"Glrx"	0.000404299109002615	0.000109703128212774	"HiG"	0.00309707596246818	5.32143636162917e-06	15.3787225091807	510	520	520	492	NA	NA	NA	NA
"HiG_2"	"Gmfg"	0.00140799932514212	0.00428686666124053	"HiG"	0.0383792933613461	6.59438030263679e-05	41.8979008548481	248	220	220	138	NA	NA	NA	NA
"HiG_2"	"Gns"	0.00140841540601075	0.00670350427833788	"HiG"	0.0267633159500071	4.59850789519022e-05	28.7800003917418	247	297	297	368	NA	NA	NA	NA
"HiG_2"	"Golim4"	0.00162435048346421	0.000705647200089108	"HiG"	0.0292788205954056	5.03072518821402e-05	14.0647876518172	202	284	284	507	NA	NA	NA	NA
"HiG_2"	"Gpcpd1"	0.000269058295965343	3.77709511099034e-18	"HiG"	0	0	NA	568.5	568.5	568.5	NA	NA	NA	NA	NA
"HiG_2"	"Gpnmb"	0.000504085722123846	0.000564352205329185	"HiG"	0.00811250891691162	1.39390187575801e-05	66.7133154206818	479	455	455	33	NA	NA	NA	NA
"HiG_2"	"Gpr137b"	0.000449416245661098	5.01526240423857e-05	"HiG"	0.00374649036032689	6.43726866035548e-06	11.8604409609812	495	510	510	525	NA	NA	NA	NA
"HiG_2"	"Gpr141"	0.000489166373568496	0.00212973016849867	"HiG"	0.00702889192803365	1.2077133896965e-05	25.766637092395	482	468	468	400	NA	NA	NA	NA
"HiG_2"	"Gpr171"	0.000299778271397679	1.00778687251278e-05	"HiG"	0.0009173013089112	1.57611908747629e-06	17	543	543	543	484.5	NA	NA	NA	NA
"HiG_2"	"Gpr183"	0.00146400210252474	0.00201214757614811	"HiG"	0.0384793599615266	6.61157387655095e-05	33.5748077497137	234	217	217	282	NA	NA	NA	NA
"HiG_2"	"Gpr65"	0.002101385401463	0.00378439888643966	"HiG"	0.0572333850556011	9.83391495800706e-05	38.8559417405888	140	140	140	195	NA	NA	NA	NA
"HiG_2"	"Gpsm3"	0.000350022035691394	6.44084811277486e-05	"HiG"	0.00150515439995524	2.58617594494027e-06	8	531	535	535	544.5	NA	NA	NA	NA
"HiG_2"	"Gpx3"	0.00108921068192541	0.000410240506288296	"HiG"	0.0140257987701878	2.40993106016972e-05	18.2077552802286	319	390	390	476	NA	NA	NA	NA
"HiG_2"	"Grina"	0.000269058295965343	3.77709511099034e-18	"HiG"	0	0	NA	568.5	568.5	568.5	NA	NA	NA	NA	NA
"HiG_2"	"Gsap"	0.000388776290235	0.00194147083120983	"HiG"	0.00361450657700781	6.21049240035706e-06	151	517	513	513	4	NA	NA	NA	NA
"HiG_2"	"Gstm1"	0.000828534062281936	0.000302825024679235	"HiG"	0.0105240240269624	1.80825155102447e-05	19.4141023588726	378	429	429	462	NA	NA	NA	NA
"HiG_2"	"Gzmb"	0.001992760915439	0.014728511277136	"HiG"	0.0518446314844155	8.90801228254562e-05	42.6829140585485	155	158	158	127	NA	NA	NA	NA
"HiG_2"	"Hacd4"	0.000287502659917174	3.92856003221548e-05	"HiG"	0.000621221695555607	1.06739122947699e-06	69	550	550	550	29	NA	NA	NA	NA
"HiG_2"	"Hcar2"	0.00054593272273899	0.000304896406363555	"HiG"	0.00850974319519488	1.46215518817781e-05	33.1926123125376	462	451	451	290	NA	NA	NA	NA
"HiG_2"	"Hck"	0.00464330478475564	0.0195373153855895	"HiG"	0.143831754432988	0.000247133598682111	39.1358861411461	36	41	41	184	NA	NA	NA	NA
"HiG_2"	"Hdhd2"	0.000478393621665247	0.00040592228741381	"HiG"	0.00463557538309174	7.96490615651502e-06	27.6929218014798	483	492	492	384	NA	NA	NA	NA
"HiG_2"	"Hebp1"	0.000564166861656147	0.00185617219292012	"HiG"	0.00834105914345144	1.43317167413255e-05	33.874886102584	455	453	453	279	NA	NA	NA	NA
"HiG_2"	"Helz2"	0.00111612065513744	0.0112857640182846	"HiG"	0.0274066024064269	4.70903821416269e-05	30.8253098202091	312	292	292	334	NA	NA	NA	NA
"HiG_2"	"Hip1"	0.000686138796007455	0.0011120122295698	"HiG"	0.0122888566138886	2.11148739070252e-05	20.8530500935492	422	412	412	454	NA	NA	NA	NA
"HiG_2"	"Hipk1"	0.00171595311661836	0.0233338756873508	"HiG"	0.0417881975983538	7.18010268012952e-05	21.5763701974192	186	202	202	445	NA	NA	NA	NA
"HiG_2"	"Hivep3"	0.00058608639093194	0.00379521277829487	"HiG"	0.0101415315971383	1.74253120225745e-05	39.1317242646758	451	435	435	185	NA	NA	NA	NA
"HiG_2"	"Hlx"	0.00152399454095192	0.00318365224121389	"HiG"	0.0373369768424748	6.41528811726371e-05	23.3008121513143	222	231	231	434	NA	NA	NA	NA
"HiG_2"	"Hmgn3"	0.000743429345781461	0.00985287437518465	"HiG"	0.0157626018409971	2.70835083178644e-05	49.276712227324	406	372	372	71	NA	NA	NA	NA
"HiG_2"	"Hmox1"	0.00143677850427519	0.00211982047918375	"HiG"	0.0351712883290283	6.04317668883647e-05	31.1991003413559	242	245	245	328	NA	NA	NA	NA
"HiG_2"	"Hopx"	0.000424101104392739	0.000557250671379417	"HiG"	0.00457477946053726	7.86044580848327e-06	14.96803855476	503	496	496	498	NA	NA	NA	NA
"HiG_2"	"Hoxa7"	0.00123666186290978	0.00618881302935374	"HiG"	0.0309273126156072	5.31397123979505e-05	36.779093647684	287	274	274	234	NA	NA	NA	NA
"HiG_2"	"Hp"	0.00176578915461585	0.00510590481264201	"HiG"	0.0466219035472283	8.01063634832102e-05	44.3163838169926	182	182	182	106	NA	NA	NA	NA
"HiG_2"	"Hpse"	0.000780010367168994	0.0075479417480512	"HiG"	0.0162000884480639	2.78352035190101e-05	18.7469573172704	396	364	364	470	NA	NA	NA	NA
"HiG_2"	"Hsd11b1"	0.000956642861524106	0.000719797134410086	"HiG"	0.0182609468918668	3.13761974087058e-05	7.67271338547567	343	348	348	546	NA	NA	NA	NA
"HiG_2"	"Hsph1"	0.00399745381758828	0.192869837736158	"HiG"	0.130101766642048	0.00022354255436778	52.728239888528	49	47	47	58	NA	NA	NA	NA
"HiG_2"	"Hvcn1"	0.000269058295965343	3.77709511099034e-18	"HiG"	0	0	NA	568.5	568.5	568.5	NA	NA	NA	NA	NA
"HiG_2"	"Id2"	0.000982303101927694	0.0120060815632073	"HiG"	0.0256797822996467	4.41233372846164e-05	23.3985592242081	338	300	300	433	NA	NA	NA	NA
"HiG_2"	"Ift80"	0.00041923209997062	0.00539288695451696	"HiG"	0.00505892431292194	8.69230981601708e-06	53	505	488	488	56.5	NA	NA	NA	NA
"HiG_2"	"Igfbp4"	0.00221319112111554	0.0110414209838833	"HiG"	0.0638520364133359	0.000109711402772055	31.7708650324495	127	122	122	315	NA	NA	NA	NA
"HiG_2"	"Ighm"	0.00135822041653825	0.00354822727616605	"HiG"	0.0308558105856881	5.30168566764401e-05	30.8045825460383	257	275	275	335	NA	NA	NA	NA
"HiG_2"	"Igsf6"	0.00226177825013038	0.00481776833153695	"HiG"	0.0645705374262634	0.000110945940594954	41.3873320078933	124	114	114	148	NA	NA	NA	NA
"HiG_2"	"Il13ra1"	0.00121104366184142	0.0010904758127693	"HiG"	0.0243586733484993	4.18533906331604e-05	38.2474570178957	294	306	306	205	NA	NA	NA	NA
"HiG_2"	"Il1b"	0.00268600365002255	0.00837669199401444	"HiG"	0.07524124719279	0.000129280493458402	36.4755025109742	93	96	96	240	NA	NA	NA	NA
"HiG_2"	"Il1r1"	0.00240894872935216	0.00483107131812068	"HiG"	0.0609647344859622	0.000104750402896842	31.8601625650758	108	126	126	311	NA	NA	NA	NA
"HiG_2"	"Il1r2"	0.00133574010620936	0.00141420321161181	"HiG"	0.0337363996881852	5.79663224882907e-05	35.839395630486	266	259	259	251	NA	NA	NA	NA
"HiG_2"	"Il1rn"	0.000942586939015089	0.000661071434026786	"HiG"	0.0200038096994343	3.43708070437016e-05	24.6656537456176	351	336	336	415	NA	NA	NA	NA
"HiG_2"	"Il6st"	0.00304101936621878	0.0057800534875695	"HiG"	0.0887488283230634	0.000152489395744095	41.3599589992332	75	77	77	151	NA	NA	NA	NA
"HiG_2"	"Impdh2"	0.0027691466153836	0.121149570424444	"HiG"	0.0829105307111757	0.000142457956548412	45.3038571663143	87	90	90	97	NA	NA	NA	NA
"HiG_2"	"Iqsec1"	0.000774966037053104	0.0129076916150632	"HiG"	0.0137366949846604	2.36025687021657e-05	47.7779074799723	398	393	393	81	NA	NA	NA	NA
"HiG_2"	"Irf7"	0.0019390040384094	0.0149997290511402	"HiG"	0.0498927871807245	8.57264384548531e-05	29.2771848939354	162	165	165	359	NA	NA	NA	NA
"HiG_2"	"Irf8"	0.00391764176261666	0.0289096615578892	"HiG"	0.115538457615895	0.000198519686625249	36.6968916747205	50	54	54	237	NA	NA	NA	NA
"HiG_2"	"Irf9"	0.0023128839841543	0.0170015905751015	"HiG"	0.0703371708615727	0.00012085424546662	31.659823072797	117	103	103	317	NA	NA	NA	NA
"HiG_2"	"Isg15"	0.00229424692567825	0.0254587187848835	"HiG"	0.0643368595963042	0.000110544432296055	26.6694297927189	119	117	117	393	NA	NA	NA	NA
"HiG_2"	"Itga1"	0.00178872196306431	0.00750544355852271	"HiG"	0.0496490999183556	8.53077318184804e-05	38.7626140221436	178	168	168	197	NA	NA	NA	NA
"HiG_2"	"Itgam"	0.00582862156978352	0.018675954716235	"HiG"	0.175834933320398	0.000302121878557385	38.820309865821	24	22	22	196	NA	NA	NA	NA
"HiG_2"	"Itgb2"	0.00688063363523098	0.0174502056622364	"HiG"	0.206624075671452	0.000355024185002494	34.3500027220837	12	15	15	272	NA	NA	NA	NA
"HiG_2"	"Itgb3"	0.00307117628547699	0.00941030499584515	"HiG"	0.0854332620718153	0.000146792546515147	37.7442401963734	73	84	84	213	NA	NA	NA	NA
"HiG_2"	"Itgb7"	0.000919384031761351	0.00305632622121094	"HiG"	0.021505997184311	3.69518851964106e-05	36.9042286095883	357	325	325	232	NA	NA	NA	NA
"HiG_2"	"Jdp2"	0.00138943974595908	0.0534739024602051	"HiG"	0.0408457999705245	7.01817868909355e-05	67.9944556955718	251	206	206	31	NA	NA	NA	NA
"HiG_2"	"Jun"	0.0119777078987439	0.397449798329612	"HiG"	0.409104589759383	0.00070292884838382	37.6665767132008	3	2	2	215	NA	NA	NA	NA
"HiG_2"	"Kat2a"	0.00276550247841212	0.222067571098734	"HiG"	0.0902045361171071	0.000154990611885064	70.3249237487045	88	74	74	21	NA	NA	NA	NA
"HiG_2"	"Kbtbd7"	0.00081089257760786	0.00490050607718651	"HiG"	0.0162942785560702	2.79970421925605e-05	20.232572182259	383	361	361	458	NA	NA	NA	NA
"HiG_2"	"Kcnk13"	0.000269058295965343	3.77709511099034e-18	"HiG"	0	0	NA	568.5	568.5	568.5	NA	NA	NA	NA	NA
"HiG_2"	"Kdm7a"	0.000399546345948418	0.00170606266394375	"HiG"	0.00446842682976586	7.6777093294946e-06	38.2112719267414	515	498	498	207	NA	NA	NA	NA
"HiG_2"	"Klf2"	0.000531054205687331	0.00639867697217692	"HiG"	0.00824232174853364	1.41620648600234e-05	51.377958061535	471	454	454	61	NA	NA	NA	NA
"HiG_2"	"Klf4"	0.00177886638296683	0.0286520174410852	"HiG"	0.0509764981773957	8.75884848408861e-05	48.0005915614352	180	159	159	80	NA	NA	NA	NA
"HiG_2"	"Klhdc4"	0.000743055227710352	0.00691485343547939	"HiG"	0.0160392935532183	2.75589236309593e-05	14.0836285435221	407	368	368	506	NA	NA	NA	NA
"HiG_2"	"Kmo"	0.000387164697859544	2.87713641337752e-05	"HiG"	0.00218077071768047	3.7470287245369e-06	10	518	531	531	532	NA	NA	NA	NA
"HiG_2"	"Kynu"	0.00146930064117621	0.00269101195035101	"HiG"	0.0230603641970318	3.96226188952436e-05	22.9314866051127	233	317	317	436	NA	NA	NA	NA
"HiG_2"	"L1cam"	0.00140457979598661	0.00429782898934575	"HiG"	0.0346576561406631	5.95492373550913e-05	38.9379787878915	249	252	252	192	NA	NA	NA	NA
"HiG_2"	"Lamc1"	0.0022503709885132	0.0116703716138827	"HiG"	0.0561005228651817	9.63926509711025e-05	48.4978000298591	125	145	145	79	NA	NA	NA	NA
"HiG_2"	"Lbp"	0.000981344747925919	0.000781351189778288	"HiG"	0.0204385883010549	3.51178493145273e-05	33.5676687397905	340	334	334	283	NA	NA	NA	NA
"HiG_2"	"Lcn2"	0.00160810702102173	0.0043947255120097	"HiG"	0.0408700602391725	7.02234712013272e-05	30.4948597714106	207	205	205	340	NA	NA	NA	NA
"HiG_2"	"Lgals3"	0.00623270789426809	0.0640136514780315	"HiG"	0.175689715904531	0.000301872364097132	29.1186872025274	16	23	23	362	NA	NA	NA	NA
"HiG_2"	"Lgals3bp"	0.00265735650917851	0.0321153272452983	"HiG"	0.0745427705443651	0.000128080361760077	29.0039761818267	95	98	98	364	NA	NA	NA	NA
"HiG_2"	"Lgmn"	0.000780529291056757	0.00295470644503108	"HiG"	0.0174159483688816	2.99243099121676e-05	46.1923987214859	395	355	355	92	NA	NA	NA	NA
"HiG_2"	"Lipa"	0.000923649316048714	0.001048722586026	"HiG"	0.00991339064484116	1.70333172591773e-05	30.3208686260487	356	436	436	345	NA	NA	NA	NA
"HiG_2"	"Lipg"	0.0017335605994987	0.00161872218252781	"HiG"	0.0345518107419502	5.93673724088492e-05	22.1406407372498	185	254	254	442	NA	NA	NA	NA
"HiG_2"	"Lox"	0.000846527843335484	0.0293770150581867	"HiG"	0.0194812561222008	3.34729486635752e-05	56.2306537351245	371	342	342	49	NA	NA	NA	NA
"HiG_2"	"Lpl"	0.00134164711624119	0.00348789612043823	"HiG"	0.0250571903437478	4.30535916559241e-05	44.9933714890633	263	304	304	101	NA	NA	NA	NA
"HiG_2"	"Lrg1"	0.000414048596915638	0.000232856541800639	"HiG"	0.00444927391255451	7.64480053703525e-06	70	507	500	500	23	NA	NA	NA	NA
"HiG_2"	"Lrp1"	0.00589656698096777	0.0230453852696217	"HiG"	0.169556095744433	0.000291333497842669	44.6886712115734	21	28	28	103	NA	NA	NA	NA
"HiG_2"	"Lrp12"	0.00103024490210927	0.0127007797066128	"HiG"	0.0238597534269924	4.09961399089217e-05	38.691291711039	332	310	310	198	NA	NA	NA	NA
"HiG_2"	"Lrpap1"	0.0030925481447162	0.00994385963623434	"HiG"	0.0882143210765289	0.00015157099841328	33.4523654119522	72	78	78	287	NA	NA	NA	NA
"HiG_2"	"Lrrc25"	0.0010273250597486	0.0024461513896442	"HiG"	0.0196563091782452	3.3773727110387e-05	23.4299367077565	333	341	341	431	NA	NA	NA	NA
"HiG_2"	"Lsp1"	0.00133649766557513	0.00288869536547855	"HiG"	0.0348034186495461	5.9799688401282e-05	37.0678235700821	265	250	250	229	NA	NA	NA	NA
"HiG_2"	"Lst1"	0.00192738103627375	0.00269172975632977	"HiG"	0.0550366586413494	9.45647055693289e-05	42.9817230345034	164	149	149	123	NA	NA	NA	NA
"HiG_2"	"Ltf"	0.0016519297559107	0.00995069590979498	"HiG"	0.0397771994704344	6.83457035574475e-05	27.7360954614081	196	211	211	382	NA	NA	NA	NA
"HiG_2"	"Ly86"	0.00330551325816928	0.0098845541553508	"HiG"	0.0960061859155448	0.000164959082329115	43.9931826982102	62	68	68	111	NA	NA	NA	NA
"HiG_2"	"Lyar"	0.00367592003345572	0.328670498586749	"HiG"	0.145998440616094	0.00025085642717542	41.3706623348272	54	39	39	150	NA	NA	NA	NA
"HiG_2"	"Mad1l1"	0.00104405366287967	0.0132261219637971	"HiG"	0.0222204085436626	3.81793961231316e-05	25.483562909986	329	322	322	403	NA	NA	NA	NA
"HiG_2"	"Maf"	0.0014378702647393	0.0481606544953685	"HiG"	0.0428209889335075	7.35755823599786e-05	50.1724524888856	241	196	196	66	NA	NA	NA	NA
"HiG_2"	"Mafb"	0.00217375208982021	0.0873126727110645	"HiG"	0.0719406824683964	0.000123609420048791	33.7585695766403	130	101	101	281	NA	NA	NA	NA
"HiG_2"	"Mak"	0.000776203710077825	0.00548184182511385	"HiG"	0.0154803944612655	2.65986159128273e-05	99.324655020454	397	374	374	13	NA	NA	NA	NA
"HiG_2"	"Man1c1"	0.000269058295965343	3.77709511099034e-18	"HiG"	0	0	NA	568.5	568.5	568.5	NA	NA	NA	NA	NA
"HiG_2"	"Map3k8"	0.00114561894755747	0.00487774602620999	"HiG"	0.0256135374030265	4.40095144381899e-05	31.5554646581852	308	301	301	321	NA	NA	NA	NA
"HiG_2"	"Mapk13"	0.00119718640676859	0.0197462162776193	"HiG"	0.0319647515849506	5.49222535823893e-05	56.3737839346032	295	266	266	47	NA	NA	NA	NA
"HiG_2"	"Mapk3"	0.00232438312848581	0.0418556774561316	"HiG"	0.0640313768799175	0.000110019547903638	40.6816381280009	116	119	119	159	NA	NA	NA	NA
"HiG_2"	"Marcks"	0.00248099030457867	0.0345352098008901	"HiG"	0.0691394092190018	0.000118796235771481	28.5352057286172	105	104	104	370	NA	NA	NA	NA
"HiG_2"	"Marcksl1"	0.00132140203439887	0.0430418198229222	"HiG"	0.0339971695461778	5.84143806635357e-05	46.7861294959836	271	258	258	84	NA	NA	NA	NA
"HiG_2"	"Mboat1"	0.000407233885875239	0.00018174992321421	"HiG"	0.00401161449083978	6.89280840350478e-06	19	509	505	505	466	NA	NA	NA	NA
"HiG_2"	"Mcemp1"	0.000269058295965343	3.77709511099034e-18	"HiG"	0	0	NA	568.5	568.5	568.5	NA	NA	NA	NA	NA
"HiG_2"	"Mcoln2"	0.000605311334149572	7.36097392683849e-05	"HiG"	0.00643929301627292	1.1064077347548e-05	6	447	475	475	550	NA	NA	NA	NA
"HiG_2"	"Mdfic"	0.000380276458296925	0.0101938387651743	"HiG"	0.00462773004732882	7.95142619815949e-06	55	520	493	493	53	NA	NA	NA	NA
"HiG_2"	"Med21"	0.0012567587270366	0.0395418824874735	"HiG"	0.0312155076664254	5.36348928976381e-05	60.4423715408313	284	271	271	41	NA	NA	NA	NA
"HiG_2"	"Mef2c"	0.00159723041808708	0.0398031034296836	"HiG"	0.0454718322518472	7.81302959653732e-05	39.4207420662494	209	187	187	181	NA	NA	NA	NA
"HiG_2"	"Megf9"	0.000269058295965343	3.77709511099034e-18	"HiG"	0	0	NA	568.5	568.5	568.5	NA	NA	NA	NA	NA
"HiG_2"	"Mfge8"	0.000835982755181389	0.0127310922032575	"HiG"	0.0177194984581359	3.04458736394088e-05	49.594518436932	376	352	352	69	NA	NA	NA	NA
"HiG_2"	"Mgll"	0.000599490469519018	0.000312051512025706	"HiG"	0.00873156806551544	1.50026942706451e-05	29.9975127235898	448	449	449	351	NA	NA	NA	NA
"HiG_2"	"Mgst1"	0.0011503482788024	0.000568274642551967	"HiG"	0.0162466090922216	2.7915135897288e-05	8.99237707030338	306	363	363	540	NA	NA	NA	NA
"HiG_2"	"Mgst2"	0.00159384376307198	0.00784542923957654	"HiG"	0.0241593972269509	4.15109917988848e-05	33.8238583507064	210	308	308	280	NA	NA	NA	NA
"HiG_2"	"Mmp12"	0.000688411228329664	0.0023847777215198	"HiG"	0.0130910613915092	2.24932326314592e-05	57.7224160998096	421	396	396	42	NA	NA	NA	NA
"HiG_2"	"Mmp19"	0.000612568837561702	0.000596569110865244	"HiG"	0.0108076548032027	1.85698536137503e-05	32.569580871064	445	427	427	297	NA	NA	NA	NA
"HiG_2"	"Mmp8"	0.00164928815610663	0.00264021702166385	"HiG"	0.0409777891334155	7.04085723941847e-05	25.2936045305126	197	204	204	405	NA	NA	NA	NA
"HiG_2"	"Mpeg1"	0.000269058295965343	3.77709511099034e-18	"HiG"	0	0	NA	568.5	568.5	568.5	NA	NA	NA	NA	NA
"HiG_2"	"Mpo"	0.0020741658634515	0.0471362123044787	"HiG"	0.0597218592959471	0.000102614878515373	46.1094624018861	145	131	131	94	NA	NA	NA	NA
"HiG_2"	"Mpp1"	0.00105039395531739	0.0116063797219968	"HiG"	0.0246424608042924	4.23409979455196e-05	50.5598686652491	327	305	305	65	NA	NA	NA	NA
"HiG_2"	"Mrc1"	0.00145112391813169	0.00261599041675019	"HiG"	0.0384598515246522	6.60822191145227e-05	38.2133198981585	239	218	218	206	NA	NA	NA	NA
"HiG_2"	"Ms4a3"	0.00130652776399366	0.00236804294505252	"HiG"	0.032783062065509	5.63282853359262e-05	23.8457057218119	274	262	262	423	NA	NA	NA	NA
"HiG_2"	"Msr1"	0.00170373009446532	0.00366186451890961	"HiG"	0.0464059659181828	7.97353366291801e-05	41.3709752923666	188	185	185	149	NA	NA	NA	NA
"HiG_2"	"Msra"	0.000375378010819339	0.000645562375890859	"HiG"	0.00221586143339467	3.80732205050631e-06	24.0743908095999	523	529	529	418	NA	NA	NA	NA
"HiG_2"	"Msrb1"	0.000504519946459878	0.00244244661462874	"HiG"	0.00730821225675148	1.255706573325e-05	72.2280327461912	478	465	465	20	NA	NA	NA	NA
"HiG_2"	"Mtap"	0.00126277678530056	0.00872825016304237	"HiG"	0.0199542774930828	3.4285700159936e-05	28.56544621428	282	337	337	369	NA	NA	NA	NA
"HiG_2"	"Mtus1"	0.00081208539907132	0.0160089275723226	"HiG"	0.0150155544828604	2.57999217918563e-05	14.100321207855	381	383	383	505	NA	NA	NA	NA
"HiG_2"	"Mxd1"	0.00122575493599247	0.0415875238799115	"HiG"	0.0310670103841647	5.3379742928118e-05	49.0327531194374	290	272	272	73	NA	NA	NA	NA
"HiG_2"	"Mxi1"	0.000793838548888719	0.01097737661352	"HiG"	0.0152281792596533	2.61652564598854e-05	44.0749215104364	388	379	379	109	NA	NA	NA	NA
"HiG_2"	"Myadm"	0.00138409227475937	0.0157209887997081	"HiG"	0.0320324601565054	5.50385913342018e-05	27.7510980369593	252	265	265	381	NA	NA	NA	NA
"HiG_2"	"Mybbp1a"	0.00464015505098388	0.381971200055276	"HiG"	0.174933732202518	0.000300573423028381	50.9217395969865	37	24	24	62	NA	NA	NA	NA
"HiG_2"	"Myc"	0.026593959277991	1	"HiG"	0.948833570548147	0.00163029823118238	25.0327025735031	1	1	1	410	NA	NA	NA	NA
"HiG_2"	"Myo1f"	0.00142932850764309	0.00228099450318307	"HiG"	0.0379775776428127	6.52535698330116e-05	42.083184627558	244	226	226	136	NA	NA	NA	NA
"HiG_2"	"Naaa"	0.00217347117113552	0.0142987693088363	"HiG"	0.052900595833446	9.08944945591856e-05	24.7353220166124	131	156	156	414	NA	NA	NA	NA
"HiG_2"	"Nabp1"	0.000670379255486685	0.00130234534541515	"HiG"	0.0127206767369306	2.1856832881324e-05	28.9773197620535	428	406	406	366	NA	NA	NA	NA
"HiG_2"	"Nceh1"	0.000519272238405409	0.000117784077906128	"HiG"	0.00513039454303926	8.81511089869289e-06	9.98695641789887	472	486	486	534	NA	NA	NA	NA
"HiG_2"	"Ncf1"	0.00282834682909493	0.0184822751070892	"HiG"	0.0854175588795883	0.000146765565085203	30.327644247561	85	85	85	344	NA	NA	NA	NA
"HiG_2"	"Ncf4"	0.00204019256411648	0.00599726275578149	"HiG"	0.0595922428887415	0.000102392169911927	34.4500957609736	150	132	132	270	NA	NA	NA	NA
"HiG_2"	"Ndst1"	0.0010885852392858	0.00167161357881104	"HiG"	0.0236315446507212	4.06040286094865e-05	17.4264352079357	320	311	311	483	NA	NA	NA	NA
"HiG_2"	"Nedd9"	0.0024775422309809	0.0157774899686858	"HiG"	0.0660895600995587	0.000113555945188245	37.7232362836108	106	109	109	214	NA	NA	NA	NA
"HiG_2"	"Neil3"	0.00131579864194113	0.00970724288002155	"HiG"	0.0343877265723797	5.90854408460133e-05	29.656448995875	272	255	255	356	NA	NA	NA	NA
"HiG_2"	"Neu1"	0.00102420003850747	0.022007069544101	"HiG"	0.0229295182069229	3.93977976063967e-05	41.061006817956	334	318	318	153	NA	NA	NA	NA
"HiG_2"	"Nfix"	0.00114829497721193	0.0180383068812661	"HiG"	0.0294976702360856	5.06832821925869e-05	31.8630969694638	307	282	282	310	NA	NA	NA	NA
"HiG_2"	"Noc2l"	0.00335718038947645	0.266552844417831	"HiG"	0.126811408998911	0.000217889018898473	46.360221815541	60	48	48	89	NA	NA	NA	NA
"HiG_2"	"Noc3l"	0.0025748649346371	0.258298862327563	"HiG"	0.10210651788709	0.000175440752383316	50.685139724798	99	62	62	64	NA	NA	NA	NA
"HiG_2"	"Nolc1"	0.00521333159513937	0.466417598993821	"HiG"	0.202426771261422	0.00034781232175502	43.3304041622897	29	18	18	121	NA	NA	NA	NA
"HiG_2"	"Nop14"	0.00260186041910922	0.24381312350467	"HiG"	0.0991784111419672	0.000170409641137401	49.3575122714628	98	65	65	70	NA	NA	NA	NA
"HiG_2"	"Nop2"	0.00513858077416415	0.42858144686399	"HiG"	0.205631986443619	0.000353319564336115	38.6083416644626	30	17	17	199	NA	NA	NA	NA
"HiG_2"	"Nop56"	0.00814947648128839	0.810882922687337	"HiG"	0.341488930002988	0.000586750738836749	40.6105506450069	6	5	5	160	NA	NA	NA	NA
"HiG_2"	"Nop58"	0.00617362210689981	0.663274550229741	"HiG"	0.252847658972467	0.000434446149437228	40.1593860796934	18	11	11	168	NA	NA	NA	NA
"HiG_2"	"Npm3"	0.00202075713038877	0.139996719427963	"HiG"	0.074864318049084	0.000128632848881588	41.0488368688174	152	97	97	154	NA	NA	NA	NA
"HiG_2"	"Nrg1"	0.000872221822084318	0.00240690561767957	"HiG"	0.016281143489805	2.79744733501804e-05	49.232299764555	365	362	362	72	NA	NA	NA	NA
"HiG_2"	"Nrip1"	0.00213998416735491	0.0707804438011621	"HiG"	0.0644538032012062	0.000110745366325097	36.8068249396326	136	115	115	233	NA	NA	NA	NA
"HiG_2"	"Nrp1"	0.00433774040900771	0.0101906888534367	"HiG"	0.124822838506817	0.000214472231111369	27.878651479085	44	49	49	378	NA	NA	NA	NA
"HiG_2"	"Nrp2"	0.00113002660977547	0.00168526219729703	"HiG"	0.0254411185596103	4.37132621299146e-05	26.0494616246042	310	303	303	396	NA	NA	NA	NA
"HiG_2"	"Nt5dc2"	0.00111110028832924	0.0206976372328871	"HiG"	0.0276935402931054	4.75834025654732e-05	31.3088368325888	315	291	291	325	NA	NA	NA	NA
"HiG_2"	"Nudcd1"	0.00128929334297585	0.0371249075702132	"HiG"	0.029963877975061	5.14843264176305e-05	39.7187033236732	279	278	278	177	NA	NA	NA	NA
"HiG_2"	"Nudt5"	0.00093119766972126	0.00352878532172545	"HiG"	0.0214800866728146	3.69073654172073e-05	24.8543297960117	354	326	326	412	NA	NA	NA	NA
"HiG_2"	"Numb"	0.00206782549338719	0.0248809965702225	"HiG"	0.0570080115934114	9.7951909954315e-05	69.3795848134848	147	142	142	28	NA	NA	NA	NA
"HiG_2"	"Odc1"	0.00139822487486537	0.050652822231218	"HiG"	0.0352005045787185	6.04819666301005e-05	35.5812750222958	250	244	244	255	NA	NA	NA	NA
"HiG_2"	"Olfm1"	0.000542126683152337	0.000711475502406543	"HiG"	0.00671772792967907	1.15424878516822e-05	36.1831813377139	464	473	473	245	NA	NA	NA	NA
"HiG_2"	"Olfml2b"	0.000464268480469021	0.00068714291916541	"HiG"	0.00652797325619129	1.12164488937995e-05	39.123347785043	487	474	474	186	NA	NA	NA	NA
"HiG_2"	"Osgep"	0.000364998131459742	0.000979726528135381	"HiG"	0.00261973646353104	4.50126540125608e-06	8.98192461950235	526	526	526	541	NA	NA	NA	NA
"HiG_2"	"Osm"	0.0011292127199015	0.00271136333818829	"HiG"	0.0285836011640139	4.91127167766563e-05	39.0413555962004	311	288	288	189	NA	NA	NA	NA
"HiG_2"	"Otulin"	0.000681838547449919	0.00179386248301691	"HiG"	0.013075199399204	2.24659783491477e-05	31.6934380366607	425	397	397	316	NA	NA	NA	NA
"HiG_2"	"P2ry1"	0.000942836268770323	0.000537329724303739	"HiG"	0.017719997112976	3.04467304346667e-05	21.3447085052082	350	351	351	448	NA	NA	NA	NA
"HiG_2"	"P2ry12"	0.00118583453029325	0.00214546226766063	"HiG"	0.0206493457683184	3.54799755469388e-05	24.0542683795966	297	333	333	419	NA	NA	NA	NA
"HiG_2"	"P2ry13"	0.000269058295965343	3.77709511099034e-18	"HiG"	0	0	NA	568.5	568.5	568.5	NA	NA	NA	NA	NA
"HiG_2"	"P2ry14"	0.000269058295965343	3.77709511099034e-18	"HiG"	0	0	NA	568.5	568.5	568.5	NA	NA	NA	NA	NA
"HiG_2"	"Pa2g4"	0.00283567161877558	0.118554579334431	"HiG"	0.0872188322340418	0.000149860536484608	36.2227341722698	83	80	80	243	NA	NA	NA	NA
"HiG_2"	"Padi4"	0.000686006419929146	0.0186665664133265	"HiG"	0.0131108912042494	2.25273044746553e-05	55.9301071375261	423	395	395	50	NA	NA	NA	NA
"HiG_2"	"Pag1"	0.00151874367266363	0.00460496621361154	"HiG"	0.037485063476719	6.44073255613728e-05	42.3401973830803	223	230	230	131	NA	NA	NA	NA
"HiG_2"	"Papss2"	0.000460064813840194	0.017697083355294	"HiG"	0.00678126677582683	1.16516611268502e-05	100.128977992586	490	471	471	12	NA	NA	NA	NA
"HiG_2"	"Paqr7"	0.000269058295965343	3.77709511099034e-18	"HiG"	0	0	NA	568.5	568.5	568.5	NA	NA	NA	NA	NA
"HiG_2"	"Parp12"	0.00145319266950665	0.00934956046229454	"HiG"	0.0370605594575319	6.36779372122541e-05	23.5898806700563	238	232	232	427	NA	NA	NA	NA
"HiG_2"	"Parp14"	0.00106492786250616	0.00193918809010854	"HiG"	0.0235555878106806	4.04735185750525e-05	12.079681612986	324	313	313	520	NA	NA	NA	NA
"HiG_2"	"Parp9"	0.0023013311371098	0.00737840760639123	"HiG"	0.0659895347803212	0.000113384080378559	12.5484182473241	118	110	110	515	NA	NA	NA	NA
"HiG_2"	"Pbx1"	0.000981770597832637	0.00253619556222243	"HiG"	0.0179249751866479	3.07989264375394e-05	15.6528245788861	339	349	349	490	NA	NA	NA	NA
"HiG_2"	"Pcmtd2"	0.000288952916665642	0.000767549446745515	"HiG"	0.000671677641173999	1.1540852941134e-06	82.2994406176602	549	548	548	17	NA	NA	NA	NA
"HiG_2"	"Pde2a"	0.00089726458477911	0.000438550114058313	"HiG"	0.0120094546934025	2.06348018786985e-05	14.3876475645703	361	415	415	502	NA	NA	NA	NA
"HiG_2"	"Pde4b"	0.00123321887621359	0.00173816424005686	"HiG"	0.0207543667654871	3.56604239956823e-05	12.0710746506062	288	332	332	521	NA	NA	NA	NA
"HiG_2"	"Pdk1"	0.00209083410906567	0.00973768711674805	"HiG"	0.0497453473311132	8.54731053799196e-05	17.7668818468677	142	166	166	480	NA	NA	NA	NA
"HiG_2"	"Peli2"	0.000336596599452794	0.000966533425176032	"HiG"	0.00220670162932822	3.79158355554677e-06	28.980786503313	535	530	530	365	NA	NA	NA	NA
"HiG_2"	"Pfkfb4"	0.000276191160789061	2.58976891924009e-05	"HiG"	0.000168844943581249	2.90111586909363e-07	12	552	552	552	524	NA	NA	NA	NA
"HiG_2"	"Phtf2"	0.000422595109236272	0.00024450610055419	"HiG"	0.00508187657521264	8.73174669280522e-06	45	504	487	487	100	NA	NA	NA	NA
"HiG_2"	"Pi16"	0.000509772468493236	1.37000454271032e-06	"HiG"	0.00188056779563885	3.23121614370937e-06	3	476	532	532	552	NA	NA	NA	NA
"HiG_2"	"Pik3cb"	0.00151329887962434	0.0076666543904781	"HiG"	0.0382460888066376	6.57149292210267e-05	42.3032539596632	224	223	223	132	NA	NA	NA	NA
"HiG_2"	"Pknox2"	0.000900995858738552	0.0025146453475332	"HiG"	0.0150165181864634	2.58015776399714e-05	12.1019422955004	360	382	382	518	NA	NA	NA	NA
"HiG_2"	"Pla2g7"	0.000668791010494932	0.00228668848506267	"HiG"	0.0139682230550118	2.4000383256034e-05	48.841417040299	429	391	391	76	NA	NA	NA	NA
"HiG_2"	"Plac8"	0.000619908113332243	0.00105861007377879	"HiG"	0.0122594872352485	2.10644110571281e-05	45.4922342135264	442	414	414	96	NA	NA	NA	NA
"HiG_2"	"Plaur"	0.0026373739924209	0.0160034182659616	"HiG"	0.0729435057007877	0.000125332484021972	41.5829963143308	96	100	100	145	NA	NA	NA	NA
"HiG_2"	"Plbd1"	0.00101595616725907	0.0013668874884372	"HiG"	0.0233994445677499	4.02052312160652e-05	42.7064916397029	335	314	314	126	NA	NA	NA	NA
"HiG_2"	"Plcb2"	0.000469727423499673	0.00226962375728447	"HiG"	0.00676233168148604	1.16191266004915e-05	38.8843975667954	485	472	472	193	NA	NA	NA	NA
"HiG_2"	"Pld3"	0.00166234647950065	0.0136443892101011	"HiG"	0.0312239064960505	5.36493238763754e-05	31.6328246107146	194	270	270	318	NA	NA	NA	NA
"HiG_2"	"Pld4"	0.000339692643639552	0.000104412290279597	"HiG"	0.00156085551314432	2.68188232499024e-06	18	534	534	534	477	NA	NA	NA	NA
"HiG_2"	"Plekhg1"	0.000984142449115235	0.000174423433795004	"HiG"	0.0125269091347406	2.15238988569426e-05	14.9329907516926	337	407	407	499	NA	NA	NA	NA
"HiG_2"	"Plekhm3"	0.000269058295965343	3.77709511099034e-18	"HiG"	0	0	NA	568.5	568.5	568.5	NA	NA	NA	NA	NA
"HiG_2"	"Plin2"	0.000974187187230073	0.000960765906684097	"HiG"	0.0154929388752663	2.66201698887737e-05	15.3347315989374	341	373	373	493	NA	NA	NA	NA
"HiG_2"	"Plpp5"	0.000269058295965343	3.77709511099034e-18	"HiG"	0	0	NA	568.5	568.5	568.5	NA	NA	NA	NA	NA
"HiG_2"	"Plppr3"	0.000269058295965343	3.77709511099034e-18	"HiG"	0	0	NA	568.5	568.5	568.5	NA	NA	NA	NA	NA
"HiG_2"	"Plxna1"	0.0016201349353356	0.00305100983958454	"HiG"	0.0400658685985688	6.88416986229704e-05	35.8329153193126	204	209	209	252	NA	NA	NA	NA
"HiG_2"	"Plxnb2"	0.00154982440413313	0.00503411381768809	"HiG"	0.0357316135132149	6.13945249367953e-05	27.4506344619624	219	241	241	386	NA	NA	NA	NA
"HiG_2"	"Plxnc1"	0.000269058295965343	3.77709511099034e-18	"HiG"	0	0	NA	568.5	568.5	568.5	NA	NA	NA	NA	NA
"HiG_2"	"Pmaip1"	0.00256660248132421	0.0425003859943838	"HiG"	0.0638560605083867	0.000109718317024719	31.2355391872298	100	121	121	327	NA	NA	NA	NA
"HiG_2"	"Pml"	0.00898834231983707	0.449298452742143	"HiG"	0.317900222531382	0.000546220313627804	44.6302018113681	5	6	6	104	NA	NA	NA	NA
"HiG_2"	"Pnkp"	0.000492237297555971	0.00238201647403644	"HiG"	0.00526436474304492	9.04530024578165e-06	41.5700670928948	481	484	484	146	NA	NA	NA	NA
"HiG_2"	"Pno1"	0.00212182198549435	0.2023424078345	"HiG"	0.0796214915385058	0.000136806686492278	46.6480783875323	139	91	91	87	NA	NA	NA	NA
"HiG_2"	"Pnpla7"	0.000439043676232449	0.00020572480062114	"HiG"	0.00377852757763313	6.49231542548648e-06	15.1968590357585	497	509	509	495	NA	NA	NA	NA
"HiG_2"	"Poc1a"	0.000786054773245206	0.00512136918388191	"HiG"	0.0153968125563109	2.64550043922869e-05	27.5000240586691	394	376	376	385	NA	NA	NA	NA
"HiG_2"	"Pou2f2"	0.00163952566286044	0.0263133581788645	"HiG"	0.0379502343253287	6.52065881878499e-05	36.9913719525176	201	227	227	231	NA	NA	NA	NA
"HiG_2"	"Pparg"	0.00249714826091303	0.0368685256751639	"HiG"	0.071005493523029	0.000122002566190771	39.7948721963802	104	102	102	176	NA	NA	NA	NA
"HiG_2"	"Ppat"	0.00180634259109869	0.0235114675939018	"HiG"	0.0501392912755874	8.61499850096003e-05	23.9533399480364	176	164	164	420	NA	NA	NA	NA
"HiG_2"	"Ppbp"	0.00181351105914472	0.0106967700198229	"HiG"	0.0471994906591223	8.10987812012411e-05	37.2826392894087	174	180	180	223	NA	NA	NA	NA
"HiG_2"	"Ppia"	0.004621533048333	0.128743445287831	"HiG"	0.143584819098628	0.000246709311166027	33.4738758724826	38	42	42	285	NA	NA	NA	NA
"HiG_2"	"Ppic"	0.000750391671972929	0.01216880855777	"HiG"	0.0178815795805573	3.07243635404765e-05	29.8652032174541	403	350	350	353	NA	NA	NA	NA
"HiG_2"	"Ppp1r3d"	0.00034536917011201	0.000441372627809354	"HiG"	0.00262965088729703	4.51830049363751e-06	57.2651047450313	532	525	525	43	NA	NA	NA	NA
"HiG_2"	"Prdx5"	0.00155659968661488	0.00855225632793637	"HiG"	0.0268727876545867	4.61731746642383e-05	25.637308743492	218	296	296	401	NA	NA	NA	NA
"HiG_2"	"Prg2"	0.00170913371797386	0.00227168247779339	"HiG"	0.0386157461094977	6.63500792259411e-05	23.5169738737764	187	215	215	429	NA	NA	NA	NA
"HiG_2"	"Prmt1"	0.00621687321392308	0.317865080588411	"HiG"	0.216732549100151	0.000372392696048369	32.3576940256602	17	13	13	300	NA	NA	NA	NA
"HiG_2"	"Prmt3"	0.00149937660135244	0.0817765124401352	"HiG"	0.0470940404135911	8.09175952123559e-05	42.9283278290202	227	181	181	124	NA	NA	NA	NA
"HiG_2"	"Prnp"	0.00325926926020712	0.0266630572605008	"HiG"	0.0778997609053228	0.000133848386435263	29.8816102508495	65	92	92	352	NA	NA	NA	NA
"HiG_2"	"Prom1"	0.000269058295965343	3.77709511099034e-18	"HiG"	0	0	NA	568.5	568.5	568.5	NA	NA	NA	NA	NA
"HiG_2"	"Prr11"	0.00164152133775536	0.140739267180752	"HiG"	0.0609514458595927	0.000104727570205486	49.6253308389776	200	127	127	68	NA	NA	NA	NA
"HiG_2"	"Prtn3"	0.00214493282632494	0.0047094203387094	"HiG"	0.0584114999361301	0.000100363401952114	33.0643319874981	134	136	136	291	NA	NA	NA	NA
"HiG_2"	"Psap"	0.00232552090803133	0.0296604276505924	"HiG"	0.0598534060568486	0.000102840903877747	39.9140381280136	115	129	129	174	NA	NA	NA	NA
"HiG_2"	"Psph"	0.000402559068944912	0.00853286007170279	"HiG"	0.00547541426451428	9.40792828954344e-06	41	512	483	483	155	NA	NA	NA	NA
"HiG_2"	"Ptafr"	0.00153538605714354	0.00853852212804029	"HiG"	0.0399802742739507	6.86946293366851e-05	41.6832639355134	221	210	210	139	NA	NA	NA	NA
"HiG_2"	"Ptger3"	0.00117039325779439	0.00343571007367416	"HiG"	0.0272151239966319	4.67613814375119e-05	15.1722068298475	301	294	294	496	NA	NA	NA	NA
"HiG_2"	"Ptges3"	0.00287260959047319	0.0558220025948387	"HiG"	0.0838539081353086	0.000144078879957575	22.3505345292045	81	89	89	440	NA	NA	NA	NA
"HiG_2"	"Ptgr1"	0.000403890203819861	0.000364684869183463	"HiG"	0.00319669983849996	5.49261140635731e-06	17.9972292101457	511	519	519	478	NA	NA	NA	NA
"HiG_2"	"Ptgs1"	0.000618381850885841	0.00105828743647665	"HiG"	0.01116069979646	1.91764601313746e-05	39.5183745169462	443	423	423	179	NA	NA	NA	NA
"HiG_2"	"Pygl"	0.00126088690727545	0.0235528069640312	"HiG"	0.0296535898697774	5.09511853432601e-05	36.7090305303321	283	280	280	236	NA	NA	NA	NA
"HiG_2"	"Pyhin1"	0.00121373363832823	0.0104086465673502	"HiG"	0.0296322374421307	5.09144973232487e-05	31.6095425115579	293	281	281	319	NA	NA	NA	NA
"HiG_2"	"Rab33b"	0.00131395357422322	0.00162949802814614	"HiG"	0.0242881386335884	4.17321969649285e-05	15.4269896016509	273	307	307	491	NA	NA	NA	NA
"HiG_2"	"Rab3d"	0.000990625042717795	0.00128604327432734	"HiG"	0.016757983709387	2.87937864422457e-05	21.2886790924952	336	357	357	450	NA	NA	NA	NA
"HiG_2"	"Rab7b"	0.000304836529678532	0.000580216846850156	"HiG"	0.00108021072236442	1.85603216901103e-06	151	541	541	541	4	NA	NA	NA	NA
"HiG_2"	"Ralgds"	0.00106478724271367	0.00427540943727644	"HiG"	0.0214654400006441	3.68821993138214e-05	30.6589075155995	325	327	327	336	NA	NA	NA	NA
"HiG_2"	"Rangrf"	0.00111153838407133	0.0468788884098197	"HiG"	0.0313368205777396	5.3843334326013e-05	20.8562558676715	314	268	268	453	NA	NA	NA	NA
"HiG_2"	"Raph1"	0.000716115064111014	0.0106043142903543	"HiG"	0.0152867371956226	2.62658714701419e-05	48.5583007518376	415	378	378	78	NA	NA	NA	NA
"HiG_2"	"Rara"	0.0034926608707346	0.110975725039963	"HiG"	0.111571251054564	0.000191703180506123	43.7378148400165	58	56	56	117	NA	NA	NA	NA
"HiG_2"	"Rasa4"	0.000334784715757757	9.9346112395532e-06	"HiG"	0.00137698264653393	2.36594956449128e-06	17	537	540	540	484.5	NA	NA	NA	NA
"HiG_2"	"Rasgrp2"	0.000850731628463128	0.00595045280025192	"HiG"	0.0189645810399827	3.25851907903482e-05	49.6819733949373	370	345	345	67	NA	NA	NA	NA
"HiG_2"	"Rasgrp4"	0.000461939621906027	0.000614286056341008	"HiG"	0.00600247575659242	1.0313532227822e-05	36.1313463620914	489	481	481	247	NA	NA	NA	NA
"HiG_2"	"Rassf3"	0.000510002628177722	0.00314086704764576	"HiG"	0.00374026978281898	6.42658038285047e-06	40.0103206367964	475	511	511	169	NA	NA	NA	NA
"HiG_2"	"Rassf4"	0.000715113749933818	2.29149956729792e-05	"HiG"	0.00429194293726859	7.37447240080514e-06	6.188520033884	416	502	502	549	NA	NA	NA	NA
"HiG_2"	"Rassf5"	0.000856102179736965	0.000328200303334711	"HiG"	0.00731423060170933	1.25674065321466e-05	23.0411539828894	367	464	464	435	NA	NA	NA	NA
"HiG_2"	"Rbm47"	0.000473809089461398	6.18678067101568e-05	"HiG"	0.00484337412636616	8.32194867073223e-06	9.91742697996316	484	491	491	536	NA	NA	NA	NA
"HiG_2"	"Rbms3"	0.00043947114300766	0.0167100691220666	"HiG"	0.00602040787197813	1.03443434226428e-05	89.7948654772418	496	480	480	15	NA	NA	NA	NA
"HiG_2"	"Rcc1"	0.00132372800988364	0.0685442429126955	"HiG"	0.0381777941241048	6.55975844056783e-05	61.4342073737331	267	225	225	37	NA	NA	NA	NA
"HiG_2"	"Rcl1"	0.00115165722425495	0.0948495690318862	"HiG"	0.0359894289366831	6.18375067640603e-05	52.5970481367918	305	240	240	59	NA	NA	NA	NA
"HiG_2"	"Rdh12"	0.000277109081345739	1.29296789521172e-05	"HiG"	0.00024705203819703	4.24488038139227e-07	70	551	551	551	23	NA	NA	NA	NA
"HiG_2"	"Rgcc"	0.000363360504012656	0.00020704399207552	"HiG"	0.00279457654140107	4.8016779061874e-06	31	528	524	524	330	NA	NA	NA	NA
"HiG_2"	"Rhov"	0.00168022738173591	0.00601566309552903	"HiG"	0.0360453659261383	6.19336184297908e-05	18.5411687322674	191	238	238	472	NA	NA	NA	NA
"HiG_2"	"Rmi2"	0.000385355121621451	0.00386535157724287	"HiG"	0.00436578042654429	7.50134093907954e-06	73	519	501	501	19	NA	NA	NA	NA
"HiG_2"	"Rnase4"	0.000538757281074893	0.00226222956542355	"HiG"	0.00784562975932325	1.34804635039918e-05	87.7648814817444	465	456	456	16	NA	NA	NA	NA
"HiG_2"	"Rnf149"	0.00283009859978595	0.00438199068750269	"HiG"	0.0598325108155265	0.000102805001401248	18.6548033637909	84	130	130	471	NA	NA	NA	NA
"HiG_2"	"Rnmt"	0.00113540922533045	0.064968274311868	"HiG"	0.0291755402950054	5.01297943213151e-05	69.4528405406204	309	285	285	27	NA	NA	NA	NA
"HiG_2"	"Rogdi"	0.000657014764845831	0.00122885805083089	"HiG"	0.0105844496837472	1.81863396627958e-05	18.3481546664973	431	428	428	475	NA	NA	NA	NA
"HiG_2"	"S100a4"	0.00276240903037484	0.0301934192865394	"HiG"	0.0861036256556448	0.000147944373978771	40.5053462157501	89	82	82	164	NA	NA	NA	NA
"HiG_2"	"S100a6"	0.00119451108082356	0.0398962221605777	"HiG"	0.031312285868681	5.3801178468524e-05	53.0320824600538	296	269	269	54	NA	NA	NA	NA
"HiG_2"	"S100a8"	0.00293582764341062	0.0473708753541066	"HiG"	0.0899670313111415	0.000154582528026016	38.3949160356572	78	75	75	202	NA	NA	NA	NA
"HiG_2"	"S100a9"	0.00481530769494781	0.0727388614048322	"HiG"	0.151064332337887	0.000259560708484342	32.1910433730841	34	36	36	303	NA	NA	NA	NA
"HiG_2"	"Sat1"	0.00161318187453308	0.00491015052294358	"HiG"	0.0386343450120597	6.63820361031954e-05	37.9191240187398	206	214	214	211	NA	NA	NA	NA
"HiG_2"	"Scel"	0.000559380934460394	0.00284474549953133	"HiG"	0.00913028955017052	1.56877827322517e-05	96.6176475184687	458	445	445	14	NA	NA	NA	NA
"HiG_2"	"Sdc4"	0.00135277130593532	0.0155066567171154	"HiG"	0.0345868219934539	5.94275291983743e-05	39.7999704913484	258	253	253	175	NA	NA	NA	NA
"HiG_2"	"Sell"	0.00256311072842724	0.00266414228447703	"HiG"	0.0644066052591229	0.000110664270204678	35.0599287205683	102	116	116	264	NA	NA	NA	NA
"HiG_2"	"Serpinb10"	0.00035750900586813	0.00407725020952979	"HiG"	0.00348916047045213	5.99512108325108e-06	36	530	515	515	249	NA	NA	NA	NA
"HiG_2"	"Sgms2"	0.000269058295965343	3.77709511099034e-18	"HiG"	0	0	NA	568.5	568.5	568.5	NA	NA	NA	NA	NA
"HiG_2"	"Sh2d3c"	0.000672920106380311	0.00294705520599941	"HiG"	0.0127291014807609	2.18713083861871e-05	31.0789554343141	427	405	405	329	NA	NA	NA	NA
"HiG_2"	"Sh3bp5"	0.000945479226761168	0.00853728495976947	"HiG"	0.0214378111774316	3.68347271089891e-05	67.7570356802746	347	328	328	32	NA	NA	NA	NA
"HiG_2"	"Sh3pxd2b"	0.001843046221444	0.00467764382285271	"HiG"	0.0451706311542424	7.76127683062585e-05	39.9172118792118	171	190	190	173	NA	NA	NA	NA
"HiG_2"	"Shtn1"	0.000626293777297668	0.0112622194495254	"HiG"	0.0124564847837035	2.14028948173599e-05	28.3859885352854	440	410	410	371	NA	NA	NA	NA
"HiG_2"	"Sirpa"	0.00142184219373787	0.00217816588168789	"HiG"	0.0350553977536209	6.0232642188352e-05	32.5225136170205	245	247	247	298	NA	NA	NA	NA
"HiG_2"	"Sirt3"	0.00117770898062424	0.00306012702435257	"HiG"	0.0227380716224671	3.9068851584995e-05	11.8143507006903	299	320	320	527	NA	NA	NA	NA
"HiG_2"	"Slc15a3"	0.00209615562557641	0.0224034579176407	"HiG"	0.057047170351794	9.80191930443196e-05	37.4684784262164	141	141	141	218	NA	NA	NA	NA
"HiG_2"	"Slc16a1"	0.00124560003215408	0.0459690630962692	"HiG"	0.0313727690556277	5.39051014701506e-05	56.3272065337826	285	267	267	48	NA	NA	NA	NA
"HiG_2"	"Slc23a2"	0.000269058295965343	3.77709511099034e-18	"HiG"	0	0	NA	568.5	568.5	568.5	NA	NA	NA	NA	NA
"HiG_2"	"Slc27a4"	0.000731318861705991	0.00580402459721168	"HiG"	0.0130537828323835	2.24291801243702e-05	34.0251880109661	411	398	398	277	NA	NA	NA	NA
"HiG_2"	"Slc28a2"	0.000437100605380924	0.00146613459906354	"HiG"	0.00515556132936431	8.85835279959503e-06	11.8203916260514	498	485	485	526	NA	NA	NA	NA
"HiG_2"	"Slc29a1"	0.00141638257731453	0.0089178695810896	"HiG"	0.0328810155781736	5.64965903405045e-05	30.0692627901013	246	261	261	347	NA	NA	NA	NA
"HiG_2"	"Slc30a4"	0.000790668493655905	0.00142044731114728	"HiG"	0.0149189220898297	2.56338867522847e-05	12.6674146487528	390	384	384	513	NA	NA	NA	NA
"HiG_2"	"Slc31a2"	0.000295788578924327	4.92363345069173e-05	"HiG"	0.000729898190403283	1.2541206020675e-06	12	548	547	547	523	NA	NA	NA	NA
"HiG_2"	"Slc37a2"	0.000559889774453347	0.00261236789709148	"HiG"	0.00907812771816354	1.55981575913463e-05	37.5103086994224	457	446	446	216	NA	NA	NA	NA
"HiG_2"	"Slc39a10"	0.00191594053559043	0.0617317173584199	"HiG"	0.0541475078462426	9.30369550622724e-05	43.2788759479559	165	152	152	122	NA	NA	NA	NA
"HiG_2"	"Slc6a4"	0.00149636514369197	0.00537453563330368	"HiG"	0.0343155369832598	5.89614037513055e-05	32.1191115881967	228	257	257	305	NA	NA	NA	NA
"HiG_2"	"Slc7a11"	0.000714843067175767	0.000857413445308166	"HiG"	0.0128492559643641	2.20777593889418e-05	19.7577009083256	417	401	401	460	NA	NA	NA	NA
"HiG_2"	"Slc7a8"	0.000800920268082402	0.000342257098645346	"HiG"	0.0128168780263395	2.20221271930232e-05	17.6960139304714	385	403	403	481	NA	NA	NA	NA
"HiG_2"	"Slpi"	0.00116023852766919	0.003531232478314	"HiG"	0.0302533276645413	5.1981662653851e-05	36.0945262418982	302	276	276	248	NA	NA	NA	NA
"HiG_2"	"Smpdl3a"	0.000269058295965343	3.77709511099034e-18	"HiG"	0	0	NA	568.5	568.5	568.5	NA	NA	NA	NA	NA
"HiG_2"	"Snrk"	0.000855723071030147	0.00187813503451856	"HiG"	0.0144669452558994	2.48572942541227e-05	29.2234782924225	368	387	387	360	NA	NA	NA	NA
"HiG_2"	"Socs1"	0.00381984537915506	0.02198908852752	"HiG"	0.119270759860541	0.000204932577079968	35.7929620754793	51	53	53	253	NA	NA	NA	NA
"HiG_2"	"Socs2"	0.00157058134753547	0.00432609476423453	"HiG"	0.0405005344691507	6.95885471978535e-05	36.5791394270613	215	207	207	239	NA	NA	NA	NA
"HiG_2"	"Socs3"	0.00567212897177542	0.0177223188891195	"HiG"	0.172243943272025	0.000295951792563616	33.9105907962504	27	27	27	278	NA	NA	NA	NA
"HiG_2"	"Sorl1"	0.00209042065229354	0.0124551471579059	"HiG"	0.0545661671578003	9.37563009584198e-05	68.1413367461491	143	150	150	30	NA	NA	NA	NA
"HiG_2"	"Sort1"	0.002383959783221	0.00930510165641853	"HiG"	0.064768949582129	0.000111286854952112	26.0618578933122	109	113	113	395	NA	NA	NA	NA
"HiG_2"	"Sp140"	0.000416577492206779	0.0027450619386133	"HiG"	0.00489440794320246	8.40963564124133e-06	37.2536231033829	506	490	490	225	NA	NA	NA	NA
"HiG_2"	"Spata13"	0.000456300827300808	3.15401843202776e-05	"HiG"	0.00342680177167774	5.8879755527109e-06	11.0252229670089	491	516	516	528	NA	NA	NA	NA
"HiG_2"	"Specc1"	0.000567153427290062	0.019055505082749	"HiG"	0.00942597997571509	1.6195841882672e-05	64.4441601707913	454	442	442	34	NA	NA	NA	NA
"HiG_2"	"Spint1"	0.00185342877267272	0.00472933764431887	"HiG"	0.0463098929309089	7.95702627678848e-05	39.0002270910566	170	186	186	190	NA	NA	NA	NA
"HiG_2"	"Spint2"	0.00226504188706534	0.00826399452494863	"HiG"	0.0624840321206667	0.000107360879932417	25.1358886888203	123	124	124	408	NA	NA	NA	NA
"HiG_2"	"Spp1"	0.000943224446470957	0.0012775674847967	"HiG"	0.0175533181139163	3.01603404019181e-05	25.2561344608662	349	354	354	406	NA	NA	NA	NA
"HiG_2"	"Srm"	0.00149120729938121	0.0421982919258455	"HiG"	0.0365414457005342	6.27859891761757e-05	43.3798310635411	229	236	236	120	NA	NA	NA	NA
"HiG_2"	"Srpk1"	0.00472870502930815	0.238348048261532	"HiG"	0.158555302499793	0.000272431791236757	39.960719903756	35	33	33	171	NA	NA	NA	NA
"HiG_2"	"Srpk2"	0.00287213586115999	0.155777392048324	"HiG"	0.102983605651916	0.00017694777603422	34.6189583113406	82	60	60	268	NA	NA	NA	NA
"HiG_2"	"Ssbp1"	0.0037383976564242	0.128952202620707	"HiG"	0.113392292455963	0.00019483211762193	40.5060384868082	53	55	55	163	NA	NA	NA	NA
"HiG_2"	"Ssbp2"	0.00134741837246793	0.014029291996182	"HiG"	0.0321464825172142	5.52345060433234e-05	23.5372274771162	259	264	264	428	NA	NA	NA	NA
"HiG_2"	"Stat2"	0.00267691033115317	0.0230012880349673	"HiG"	0.0839034053228479	0.00014416392667156	30.0659112235486	94	88	88	349	NA	NA	NA	NA
"HiG_2"	"Steap4"	0.000269058295965343	3.77709511099034e-18	"HiG"	0	0	NA	568.5	568.5	568.5	NA	NA	NA	NA	NA
"HiG_2"	"Stk10"	0.000635133645509993	0.00153753496114041	"HiG"	0.00970132899985786	1.66689501715771e-05	31.8164331697089	436	440	440	313	NA	NA	NA	NA
"HiG_2"	"Stk17b"	0.000825223601557165	0.00561077216768404	"HiG"	0.0154471303266284	2.65414610423169e-05	31.8635406441176	379	375	375	309	NA	NA	NA	NA
"HiG_2"	"Stk26"	0.00206811514293187	0.0159065722162857	"HiG"	0.0508278733409032	8.73331157060193e-05	21.3862988635808	146	161	161	446	NA	NA	NA	NA
"HiG_2"	"Stom"	0.000852857394420604	0.00225627163741444	"HiG"	0.0163095611073349	2.80233008717094e-05	39.6956589920801	369	360	360	178	NA	NA	NA	NA
"HiG_2"	"Stx11"	0.00109534734899865	0.00318621209309506	"HiG"	0.0158686526390298	2.72657261838999e-05	42.6104471409985	318	370	370	128	NA	NA	NA	NA
"HiG_2"	"Suclg2"	0.00155969801294432	0.055893146333559	"HiG"	0.0385260906401472	6.61960320277443e-05	56.7926137109023	217	216	216	44	NA	NA	NA	NA
"HiG_2"	"Sun2"	0.00224714374726533	0.0100211445948821	"HiG"	0.0425657508934232	7.31370290265003e-05	23.7467609657382	126	197	197	426	NA	NA	NA	NA
"HiG_2"	"Syce2"	0.000269058295965343	3.77709511099034e-18	"HiG"	0	0	NA	568.5	568.5	568.5	NA	NA	NA	NA	NA
"HiG_2"	"Tap1"	0.002182801765566	0.00924102668911637	"HiG"	0.0538667887664595	9.25546198736417e-05	26.8749212854759	128	154	154	392	NA	NA	NA	NA
"HiG_2"	"Tbc1d2"	0.000651337231594512	0.000338488282660961	"HiG"	0.00775881176971149	1.33312917005352e-05	12.3424993102828	432	457	457	516	NA	NA	NA	NA
"HiG_2"	"Tbc1d8"	0.0008001193247323	0.000273452778999526	"HiG"	0.0119916382486068	2.06041894305959e-05	12.9366090575695	386	416	416	512	NA	NA	NA	NA
"HiG_2"	"Tbc1d9"	0.00103566676645019	0.000191351096019356	"HiG"	0.0166861959826172	2.86704398326756e-05	9.52249828420902	331	358	358	538	NA	NA	NA	NA
"HiG_2"	"Tcf19"	0.000316629088479474	0.000771457178573276	"HiG"	0.00143624977568958	2.46778311974155e-06	151	540	538	538	4	NA	NA	NA	NA
"HiG_2"	"Tcf4"	0.00331114722376715	0.100412983628734	"HiG"	0.102515244209693	0.000176143031288132	38.5140993287512	61	61	61	200	NA	NA	NA	NA
"HiG_2"	"Tcf7l2"	0.00167380434424711	0.0404848322570916	"HiG"	0.0484030010386475	8.31666684512844e-05	47.4592229161538	192	176	176	83	NA	NA	NA	NA
"HiG_2"	"Tcn2"	0.0003766653157105	0.00174506674074469	"HiG"	0.00324885396697343	5.58222331095091e-06	151	522	518	518	4	NA	NA	NA	NA
"HiG_2"	"Tecpr1"	0.000535514555735537	0.00354567530491321	"HiG"	0.00869517321421396	1.49401601618797e-05	14.8612396180603	468	450	450	500	NA	NA	NA	NA
"HiG_2"	"Tfec"	0.00134731110013214	0.00166980520575825	"HiG"	0.0360811013723702	6.1995019540155e-05	41.6616500264774	260	237	237	141	NA	NA	NA	NA
"HiG_2"	"Tfpi"	0.00145412454799085	0.0220200023546435	"HiG"	0.0396617206203918	6.81472862893331e-05	44.150607537258	236	212	212	108	NA	NA	NA	NA
"HiG_2"	"Tgfbi"	0.0019848745748628	0.00845077295225763	"HiG"	0.0585895663925545	0.000100669358062808	42.101063856182	157	135	135	134	NA	NA	NA	NA
"HiG_2"	"Thbs1"	0.00578658075682252	0.0149027259522187	"HiG"	0.174329675678442	0.000299535525220691	31.2558019258958	25	26	26	326	NA	NA	NA	NA
"HiG_2"	"Thumpd1"	0.00132372252205385	0.0722859391031436	"HiG"	0.0422460114144721	7.25876484784744e-05	38.0599260539116	268	199	199	210	NA	NA	NA	NA
"HiG_2"	"Thy1"	0.00321350289473473	0.0317150694917936	"HiG"	0.0921481807860356	0.000158330207536144	40.5323057712702	68	70	70	162	NA	NA	NA	NA
"HiG_2"	"Tifab"	0.00129144661273803	0.0174186507048282	"HiG"	0.0273559706136291	4.70033859340705e-05	21.3361309056465	278	293	293	449	NA	NA	NA	NA
"HiG_2"	"Timm9"	0.00059080163264722	0.00125023808444592	"HiG"	0.00877235638132528	1.50727772875005e-05	14.3522203306176	450	447	447	503	NA	NA	NA	NA
"HiG_2"	"Timp2"	0.00253665370772137	0.0471296897096188	"HiG"	0.0759678190500619	0.000130528898711447	37.1969690476397	103	95	95	227	NA	NA	NA	NA
"HiG_2"	"Tlr2"	0.00353233128824947	0.00830812795231771	"HiG"	0.105888320432428	0.00018193869490108	35.1750112629956	57	58	58	261	NA	NA	NA	NA
"HiG_2"	"Tmed3"	0.000533811309918468	0.0101253067520596	"HiG"	0.00748773424801474	1.28655227629119e-05	22.8782686210466	470	462	462	437	NA	NA	NA	NA
"HiG_2"	"Tmem106a"	0.00228022492353585	0.00172314670858225	"HiG"	0.0431503869853793	7.41415583941225e-05	16.78522840151	120	195	195	486	NA	NA	NA	NA
"HiG_2"	"Tmem108"	0.000630063255329123	0.00126824039781123	"HiG"	0.00983083677319046	1.6891472118884e-05	13	439	438	438	511	NA	NA	NA	NA
"HiG_2"	"Tmem154"	0.000378270572372656	7.09027504478612e-06	"HiG"	0.00137901071635692	2.36943422054453e-06	4	521	539	539	551	NA	NA	NA	NA
"HiG_2"	"Tmem176a"	0.000496959265371874	4.38407316748011e-05	"HiG"	0.00504858061188195	8.67453713381779e-06	15.2973879438772	480	489	489	494	NA	NA	NA	NA
"HiG_2"	"Tmem176b"	0.00122531500230911	0.000505588390647746	"HiG"	0.0218352834330767	3.75176691289978e-05	21.3664060227597	291	323	323	447	NA	NA	NA	NA
"HiG_2"	"Tmem40"	0.000296159442795716	4.3524837788395e-05	"HiG"	0.000831644770735579	1.42894290504395e-06	70	547	545	545	23	NA	NA	NA	NA
"HiG_2"	"Tmem71"	0.000269058295965343	3.77709511099034e-18	"HiG"	0	0	NA	568.5	568.5	568.5	NA	NA	NA	NA	NA
"HiG_2"	"Tmem86a"	0.000836911058063011	0.000148592945787764	"HiG"	0.00555757798561111	9.54910306806033e-06	32.2011252393843	374	482	482	302	NA	NA	NA	NA
"HiG_2"	"Tmx4"	0.00137746460850829	0.00213266799633653	"HiG"	0.0294404129875546	5.05849020404718e-05	30.5052184999136	254	283	283	338	NA	NA	NA	NA
"HiG_2"	"Tnf"	0.00509682662537305	0.021005368916531	"HiG"	0.161689895699095	0.000277817690204631	36.7126862248218	31	32	32	235	NA	NA	NA	NA
"HiG_2"	"Tnfaip2"	0.000634753866705387	0.00217024854199033	"HiG"	0.0103336050350266	1.77553351117296e-05	25.8020437005355	437	432	432	399	NA	NA	NA	NA
"HiG_2"	"Tnfaip3"	0.0027706070680209	0.0103441672295566	"HiG"	0.0778168214734315	0.000133705878820329	33.2359463463508	86	93	93	289	NA	NA	NA	NA
"HiG_2"	"Tnfrsf1b"	0.00409178315732949	0.0281209524604115	"HiG"	0.133799000554147	0.000229895189955579	43.5373041399783	46	45	45	119	NA	NA	NA	NA
"HiG_2"	"Tnip3"	0.000638079096414348	0.00531073446395843	"HiG"	0.0129043130415267	2.21723591778809e-05	27.867568577964	434	400	400	379	NA	NA	NA	NA
"HiG_2"	"Tob1"	0.00117728990252844	0.0314058636566641	"HiG"	0.0291632220304669	5.0108628918328e-05	61.8993010300456	300	286	286	36	NA	NA	NA	NA
"HiG_2"	"Tor3a"	0.000707473656673794	0.000205943001979529	"HiG"	0.0111862955732403	1.92204391292789e-05	18.8755762529615	419	422	422	468	NA	NA	NA	NA
"HiG_2"	"Tox"	0.000269058295965343	3.77709511099034e-18	"HiG"	0	0	NA	568.5	568.5	568.5	NA	NA	NA	NA	NA
"HiG_2"	"Tpd52"	0.000895614000596762	0.0031814199824263	"HiG"	0.0184018796817007	3.16183499685579e-05	32.1565795321917	362	347	347	304	NA	NA	NA	NA
"HiG_2"	"Trem1"	0.000733079549576218	0.00137620309389617	"HiG"	0.0117995787640362	2.02741903162133e-05	39.0451050229045	409	417	417	188	NA	NA	NA	NA
"HiG_2"	"Trem2"	0.00198293763873072	0.00364124800654534	"HiG"	0.0539162089058347	9.26395342024652e-05	40.3176937202162	159	153	153	167	NA	NA	NA	NA
"HiG_2"	"Trip6"	0.00339000701650333	0.0492542557113871	"HiG"	0.0991499235521659	0.000170360693388601	38.9630911195904	59	66	66	191	NA	NA	NA	NA
"HiG_2"	"Tspan3"	0.000941172085791506	0.000890131954220834	"HiG"	0.0175846512689423	3.02141774380452e-05	24.1934121396588	352	353	353	417	NA	NA	NA	NA
"HiG_2"	"Tubb2a"	0.00227055824550939	0.0105630685565148	"HiG"	0.055326817574373	9.5063260437067e-05	35.1926074210136	121	147	147	259	NA	NA	NA	NA
"HiG_2"	"Tyrobp"	0.00677978549879619	0.0112755400478833	"HiG"	0.190617515913232	0.000327521505005553	27.1952213507222	14	19	19	390	NA	NA	NA	NA
"HiG_2"	"Unc13d"	0.00136233891131567	0.00483997606808651	"HiG"	0.0374926949880259	6.44204381237559e-05	45.1400998560659	256	229	229	98	NA	NA	NA	NA
"HiG_2"	"Upp1"	0.000676522540280321	0.0012483949323553	"HiG"	0.0108915004587692	1.87139183140364e-05	28.9478078568825	426	426	426	367	NA	NA	NA	NA
"HiG_2"	"Vasp"	0.00272825987202343	0.0151116471203288	"HiG"	0.0687224776153842	0.000118079858445677	38.0618829330164	91	107	107	209	NA	NA	NA	NA
"HiG_2"	"Vcan"	0.00573761769417014	0.00791160271674909	"HiG"	0.168196104427653	0.00028899674300284	27.9550135956946	26	30	30	377	NA	NA	NA	NA
"HiG_2"	"Vsir"	0.00134623286364414	0.00140761445355668	"HiG"	0.0360138910334227	6.18795378581146e-05	37.394556777878	261	239	239	219	NA	NA	NA	NA
"HiG_2"	"Wdr12"	0.00274857366631396	0.156518108253391	"HiG"	0.101214082130923	0.00017390735761327	30.4974365115798	90	63	63	339	NA	NA	NA	NA
"HiG_2"	"Wdr36"	0.0036680146565618	0.386239855295751	"HiG"	0.147598406547314	0.000253605509531467	42.4987740894904	55	38	38	129	NA	NA	NA	NA
"HiG_2"	"Xpc"	0.00132185130458437	0.0954291970502498	"HiG"	0.0378696113388972	6.50680607197547e-05	43.7092846981292	270	228	228	118	NA	NA	NA	NA
"HiG_2"	"Ydjc"	0.000269058295965343	3.77709511099034e-18	"HiG"	0	0	NA	568.5	568.5	568.5	NA	NA	NA	NA	NA
"HiG_2"	"Ypel3"	0.000547131994245745	0.00678453066984479	"HiG"	0.010192475121544	1.75128438514501e-05	43.9754367462491	461	434	434	112	NA	NA	NA	NA
"HiG_2"	"Zfp36"	0.00134108159786409	0.0175805741412299	"HiG"	0.0347873033566665	5.97719988946161e-05	44.2486841076315	264	251	251	107	NA	NA	NA	NA
"HiG_2"	"Zfp36l1"	0.000764622312467049	0.00977055951949115	"HiG"	0.0161437990696382	2.77384863739488e-05	29.0554080978654	400	365	365	363	NA	NA	NA	NA
"HiG_3"	"Aatk"	0.000756134241585905	0.00322376354610011	"HiG"	0.00555742992462676	1.26018819152534e-05	17.4978942590482	334	322	322	307	NA	NA	NA	NA
"HiG_3"	"Abcc5"	0.00108092132108544	0.000719188466783758	"HiG"	0.00811105373306265	1.83924120931126e-05	19.3617918533367	282	281	281	285	NA	NA	NA	NA
"HiG_3"	"Abcd2"	0.000535960903344535	0.000639361150876477	"HiG"	0.00176914791180575	4.01167326940079e-06	10	375	381	381	367.5	NA	NA	NA	NA
"HiG_3"	"Abhd5"	0.00152607082579794	0.000581070582324338	"HiG"	0.0124308128164286	2.81877841642372e-05	9.2280165056251	210	242	242	372	NA	NA	NA	NA
"HiG_3"	"Abtb1"	0.000408809545915401	0.00154106697882659	"HiG"	0.000770751509328407	1.74773584881725e-06	47	402	397	397	44.5	NA	NA	NA	NA
"HiG_3"	"Acox3"	0.000361620057860782	3.18446434286234e-17	"HiG"	0	0	NA	426.5	426.5	426.5	NA	NA	NA	NA	NA
"HiG_3"	"Acsl1"	0.00294677011531943	0.0217633374183237	"HiG"	0.0292525565709288	6.63323278252353e-05	20.3654305035512	95	126	126	265	NA	NA	NA	NA
"HiG_3"	"Acta2"	0.00248446421280471	0.0368209645503621	"HiG"	0.0299529488298413	6.79205188885291e-05	24.9518422669816	126	123	123	211	NA	NA	NA	NA
"HiG_3"	"Actn1"	0.00579048844746659	0.131396929797313	"HiG"	0.0820521341503979	0.000186059261112013	37.6381043914176	34	37	37	87	NA	NA	NA	NA
"HiG_3"	"Acy1"	0.0005532667922247	0.00870482339424006	"HiG"	0.00311535497510508	7.06429699570313e-06	111	372	356	356	4.5	NA	NA	NA	NA
"HiG_3"	"Adgre5"	0.00135919926253128	0.00102784865839051	"HiG"	0.0121470709066248	2.75443784730721e-05	13.4458965796331	235	247	247	334	NA	NA	NA	NA
"HiG_3"	"Adpgk"	0.00102727870442271	0.00425253230877886	"HiG"	0.00634866918868527	1.43960752577897e-05	19.6050726686314	284	308	308	282	NA	NA	NA	NA
"HiG_3"	"Afap1"	0.00169734687891785	0.0382869814114337	"HiG"	0.0187689220940469	4.25599140454578e-05	37.6333446806389	186	178	178	88	NA	NA	NA	NA
"HiG_3"	"Agl"	0.00157390474137998	0.00844969930779797	"HiG"	0.0159956132162645	3.62712317829127e-05	23.2732689307299	203	206	206	230	NA	NA	NA	NA
"HiG_3"	"Agpat2"	0.00101753285211118	0.00224844480736113	"HiG"	0.00666379199185285	1.51106394373081e-05	14.0778662277112	291	304	304	326	NA	NA	NA	NA
"HiG_3"	"Agps"	0.00177574274670623	0.0475366823881993	"HiG"	0.0153166564552977	3.47316472909244e-05	35.7288077449974	180	210	210	100	NA	NA	NA	NA
"HiG_3"	"Agtrap"	0.00127205550042457	0.000516492924944986	"HiG"	0.0102907036869338	2.33349289953147e-05	12.0417096734293	248	263	263	354	NA	NA	NA	NA
"HiG_3"	"Ak4"	0.00198128618536402	0.0170596123394421	"HiG"	0.0190873733651602	4.32820257713384e-05	37.8526705546134	160	175	175	85	NA	NA	NA	NA
"HiG_3"	"Alas1"	0.000753020754419034	0.00179379568972278	"HiG"	0.00553322182813665	1.25469882724187e-05	12.7209964576543	336	323	323	346	NA	NA	NA	NA
"HiG_3"	"Alcam"	0.000829511508527372	0.00261042911816883	"HiG"	0.00705617714948508	1.60004016995127e-05	26.3170623208756	321	298	298	191	NA	NA	NA	NA
"HiG_3"	"Aldh2"	0.00125609730870908	0.020592419299387	"HiG"	0.0122564354186201	2.77923705637643e-05	42.4057087704838	251	244	244	60	NA	NA	NA	NA
"HiG_3"	"Aldh3b1"	0.00129680469742823	0.00144057777582556	"HiG"	0.00687132360704199	1.55812326690294e-05	5.28918757439244	241	302	302	396	NA	NA	NA	NA
"HiG_3"	"Ankrd22"	0.000638910742625635	0.000187949311739202	"HiG"	0.00335677504857594	7.61173480402707e-06	19.0554920440744	354	350	350	288	NA	NA	NA	NA
"HiG_3"	"Antxr2"	0.000361620057860782	3.18446434286234e-17	"HiG"	0	0	NA	426.5	426.5	426.5	NA	NA	NA	NA	NA
"HiG_3"	"Anxa1"	0.00296074017755553	0.0952840509874053	"HiG"	0.0393916349421829	8.93234352430451e-05	38.8270515863129	94	91	91	79	NA	NA	NA	NA
"HiG_3"	"Anxa3"	0.00130301186474444	0.00510755181855589	"HiG"	0.0140543402863684	3.18692523500418e-05	16.5628365451059	240	225	225	312	NA	NA	NA	NA
"HiG_3"	"Aoah"	0.00113697028523612	0.00113851884414864	"HiG"	0.0121861356581693	2.76329606761209e-05	37.3013336020352	274	245	245	89	NA	NA	NA	NA
"HiG_3"	"Apex1"	0.00967893301300192	0.262998880498743	"HiG"	0.134374087441703	0.00030470314612631	26.4901793963401	8	14	14	189	NA	NA	NA	NA
"HiG_3"	"App"	0.0304539835646357	0.367535416102595	"HiG"	0.420793623726044	0.000954180552666765	19.7651726015066	1	2	2	280	NA	NA	NA	NA
"HiG_3"	"Arfgef2"	0.00165630417957159	0.0202096018421766	"HiG"	0.0183183101102488	4.15381181638295e-05	21.2833072974658	192	183	183	255	NA	NA	NA	NA
"HiG_3"	"Arhgef18"	0.00195942925714476	0.000569068470836467	"HiG"	0.0126038201653421	2.85800910778731e-05	10.1053953781542	164	239	239	366	NA	NA	NA	NA
"HiG_3"	"Arhgef3"	0.00121669287659092	0.0026360040860586	"HiG"	0.00932375865929405	2.11423098850205e-05	16.2057537906784	259	269	269	315	NA	NA	NA	NA
"HiG_3"	"Arsb"	0.000752015424775626	0.0306261295535222	"HiG"	0.00692472298852657	1.57023197018743e-05	67.1324055557032	337	300	300	20	NA	NA	NA	NA
"HiG_3"	"Asprv1"	0.000653099184677362	0.00364317254335512	"HiG"	0.00411353450719012	9.32774264668962e-06	68.5464322451775	349	340	340	19	NA	NA	NA	NA
"HiG_3"	"Atrnl1"	0.000531757324745759	0.0110372346964885	"HiG"	0.0032886518563114	7.45726044515058e-06	34	377	353	353	113	NA	NA	NA	NA
"HiG_3"	"B4galt6"	0.000845254777290452	0.000116165486248404	"HiG"	0.00335838353911682	7.61538217486808e-06	4.94357832554483	318	349	349	399	NA	NA	NA	NA
"HiG_3"	"Bace1"	0.00384897237006593	0.102244243366347	"HiG"	0.0541887673707319	0.000122877023516399	72.8345051124926	66	70	70	13	NA	NA	NA	NA
"HiG_3"	"Bcl11a"	0.000971344369506034	0.0131789724207143	"HiG"	0.0095633455247421	2.16855907590524e-05	47.4553816737992	298	267	267	43	NA	NA	NA	NA
"HiG_3"	"Bnip3"	0.00231227178730798	0.0125054847242393	"HiG"	0.0210249682505508	4.76756649672353e-05	18.0515326822014	138	164	164	300	NA	NA	NA	NA
"HiG_3"	"Bri3"	0.000648074385868512	0.000886994497620859	"HiG"	0.00246507225073163	5.58973299485631e-06	8.90875577601569	350	371	371	375	NA	NA	NA	NA
"HiG_3"	"Bst1"	0.0011569008688374	2.61940573829839e-05	"HiG"	0.00271627092447463	6.15934449994247e-06	3.11045703238424	269	363	363	404	NA	NA	NA	NA
"HiG_3"	"Bst2"	0.00127574050619668	0.00276731913780929	"HiG"	0.00850919066344615	1.92952169239142e-05	11.368901290974	247	279	279	360	NA	NA	NA	NA
"HiG_3"	"Btg2"	0.00118457256932155	0.0353247966347925	"HiG"	0.0137919489950812	3.12742607598213e-05	26.0310346621936	260	228	228	194	NA	NA	NA	NA
"HiG_3"	"Bzw2"	0.00124659804697081	0.0155601132419622	"HiG"	0.0125067764593732	2.83600373228418e-05	33.7826717073667	252	240	240	116	NA	NA	NA	NA
"HiG_3"	"C1rl"	0.00197709595267268	0.0101727467988021	"HiG"	0.0251582712099941	5.70482340362678e-05	29.6613022566142	161	145	145	146	NA	NA	NA	NA
"HiG_3"	"C3"	0.00641291472393566	0.0112396746772061	"HiG"	0.0873542387646107	0.000198082174069412	22.9654524604436	26	30	30	237	NA	NA	NA	NA
"HiG_3"	"C5ar1"	0.00287994532421207	0.00742059776749916	"HiG"	0.0383645208442505	8.69943783316337e-05	26.8395794751986	99	93	93	185	NA	NA	NA	NA
"HiG_3"	"C5ar2"	0.00128688303833454	0.000805007540156283	"HiG"	0.013516657864037	3.06500178322835e-05	21.5871869459184	243	231	231	250	NA	NA	NA	NA
"HiG_3"	"Cad"	0.00534331237346091	0.163660381503106	"HiG"	0.0818294645926652	0.000185554341479967	34.2510751414811	38	38	38	111	NA	NA	NA	NA
"HiG_3"	"Camp"	0.00323337609328002	0.014706558312292	"HiG"	0.0458623203724217	0.000103996191320684	23.6083501797716	86	78	78	226	NA	NA	NA	NA
"HiG_3"	"Ccdc125"	0.000605624845335881	0.000194012158384095	"HiG"	0.00240209910268668	5.44693674078612e-06	7.75923204296881	361	372	372	387	NA	NA	NA	NA
"HiG_3"	"Ccl3"	0.00352078315023005	0.0209062002358708	"HiG"	0.0429246843170192	9.7334885072606e-05	35.2720291783814	74	82	82	103	NA	NA	NA	NA
"HiG_3"	"Ccno"	0.000671244036434541	0.0051652429003355	"HiG"	0.00424671480340154	9.62973878322345e-06	30.1884602769373	345	337	337	141	NA	NA	NA	NA
"HiG_3"	"Ccpg1"	0.00291853291031627	0.00139836045778025	"HiG"	0.0185769138122199	4.2124521116145e-05	5.81664389498588	98	179	179	394	NA	NA	NA	NA
"HiG_3"	"Ccr1"	0.00746189678219969	0.0127393384492065	"HiG"	0.0848855437177063	0.000192484226117248	15.7350995691232	17	35	35	317	NA	NA	NA	NA
"HiG_3"	"Cd14"	0.00465163075125068	0.012474852884341	"HiG"	0.0636194233882666	0.000144261731039153	20.5118726564598	52	54	54	262	NA	NA	NA	NA
"HiG_3"	"Cd177"	0.0031920050026136	0.0141170153761494	"HiG"	0.0447206465798874	0.000101407361859155	23.2088824519041	87	79	79	232	NA	NA	NA	NA
"HiG_3"	"Cd28"	0.00222128383072008	0.00600193300831444	"HiG"	0.0292523810363339	6.63319297876053e-05	27.1657145124095	143	127	127	181	NA	NA	NA	NA
"HiG_3"	"Cd300lb"	0.00111199949339489	0.012573690799179	"HiG"	0.0114605138528883	2.59875597571163e-05	56.5517717956831	275	252	252	28	NA	NA	NA	NA
"HiG_3"	"Cd300lf"	0.00234896009523681	0.00463233899268554	"HiG"	0.028256642629108	6.40740195671383e-05	21.879869366914	134	134	134	247	NA	NA	NA	NA
"HiG_3"	"Cd33"	0.00267276786776651	0.00609374621636458	"HiG"	0.0359469894510586	8.15124477348268e-05	29.5338104530937	107	99	99	148	NA	NA	NA	NA
"HiG_3"	"Cd38"	0.000653202083623166	1.60389068980095e-07	"HiG"	0.000805413233001858	1.82633386168222e-06	3	348	396	396	405	NA	NA	NA	NA
"HiG_3"	"Cd52"	0.00250934792969336	0.00185213934017097	"HiG"	0.0288306098990579	6.53755326509249e-05	19.8336955972587	123	129	129	279	NA	NA	NA	NA
"HiG_3"	"Cd55"	0.00167745491259867	0.0119964232161133	"HiG"	0.0182087788441552	4.12897479459302e-05	26.6940940991338	189	185	185	186	NA	NA	NA	NA
"HiG_3"	"Cd69"	0.00141773826990197	0.00113930506981421	"HiG"	0.0148474012559333	3.36675765440663e-05	19.0271658480961	224	217	217	289	NA	NA	NA	NA
"HiG_3"	"Cd82"	0.00103927753395697	0.00143252767819408	"HiG"	0.00806051896154589	1.82778207744805e-05	15.2405072244858	283	282	282	321	NA	NA	NA	NA
"HiG_3"	"Cd84"	0.00137214224162119	0.00061220750064793	"HiG"	0.014329401602612	3.24929741555827e-05	14.9159882525588	232	222	222	322	NA	NA	NA	NA
"HiG_3"	"Cd93"	0.00200082059261509	0.00392538357978435	"HiG"	0.0234955195727971	5.32778221605376e-05	23.1957284187351	156	154	154	233	NA	NA	NA	NA
"HiG_3"	"Cdk18"	0.00161822635633822	0.0108241714551039	"HiG"	0.0141552791094684	3.2098138570223e-05	31.9299334103736	196	223	223	126	NA	NA	NA	NA
"HiG_3"	"Cdk6"	0.00330026170550705	0.101642618455294	"HiG"	0.0413637182721499	9.37952795286847e-05	38.7875905525324	82	87	87	80	NA	NA	NA	NA
"HiG_3"	"Cdkn3"	0.00142765351625935	0.00511027762870686	"HiG"	0.012483830589331	2.83080058714989e-05	13.3125828445832	223	241	241	337	NA	NA	NA	NA
"HiG_3"	"Cebpa"	0.0124874710415158	0.196316698922385	"HiG"	0.184700882409118	0.00041882286260571	18.7056175022633	5	6	6	294	NA	NA	NA	NA
"HiG_3"	"Cebpd"	0.00258318165019716	0.0558871332015669	"HiG"	0.0377728046271092	8.56526182020617e-05	38.1238563092382	115	95	95	83	NA	NA	NA	NA
"HiG_3"	"Cebpe"	0.00167712130112563	0.0248649669848563	"HiG"	0.0222867094550966	5.0536756134006e-05	36.9873733358229	190	158	158	90	NA	NA	NA	NA
"HiG_3"	"Cfp"	0.0019402516591644	0.00551457735068635	"HiG"	0.0266686058159485	6.04730290611077e-05	33.7526096095263	166	137	137	117	NA	NA	NA	NA
"HiG_3"	"Chdh"	0.000443212599085877	1.78021661360615e-05	"HiG"	0.000545395451370682	1.23672437952536e-06	5	394	401	401	397.5	NA	NA	NA	NA
"HiG_3"	"Chit1"	0.00084920858581864	0.000181372387784028	"HiG"	0.00335501453552661	7.60774271094468e-06	8.40394030533223	316	351	351	379	NA	NA	NA	NA
"HiG_3"	"Cib2"	0.00059745970261193	0.00268718862982418	"HiG"	0.00347751552609153	7.88552273490144e-06	13	366	346	346	342	NA	NA	NA	NA
"HiG_3"	"Ckap4"	0.00374427850865055	0.0615882532974066	"HiG"	0.0429708084805645	9.7439475012618e-05	30.5029444001894	71	81	81	139	NA	NA	NA	NA
"HiG_3"	"Cldn15"	0.000475945561419656	5.93691211651413e-08	"HiG"	0.000208564057223745	4.72934370121871e-07	3	389	408	408	406	NA	NA	NA	NA
"HiG_3"	"Clec12a"	0.00122307920156213	0.01162676516991	"HiG"	0.0120913720844033	2.74180772888963e-05	45.403217652557	258	248	248	48	NA	NA	NA	NA
"HiG_3"	"Clec4e"	0.00280453916979042	0.0295197070170194	"HiG"	0.0311430596686453	7.06191829220982e-05	28.3189160568039	101	120	120	166	NA	NA	NA	NA
"HiG_3"	"Clec5a"	0.00173582181234775	0.00285685366597406	"HiG"	0.0184759987863884	4.18956888580235e-05	16.4832365087248	182	180	180	313	NA	NA	NA	NA
"HiG_3"	"Cmpk2"	0.000361620057860782	3.18446434286234e-17	"HiG"	0	0	NA	426.5	426.5	426.5	NA	NA	NA	NA	NA
"HiG_3"	"Cnn2"	0.000769418674225494	0.00681529784895663	"HiG"	0.00645901592284571	1.46462946096275e-05	27.3290327328746	333	306	306	177	NA	NA	NA	NA
"HiG_3"	"Cpd"	0.00141757754876513	0.00644085557959708	"HiG"	0.0153130273641283	3.47234180592478e-05	24.4529754063457	225	211	211	217	NA	NA	NA	NA
"HiG_3"	"Cpne3"	0.00136767738392363	0.0100953554345912	"HiG"	0.0137987281386413	3.12896329674406e-05	28.6620981540117	234	227	227	162	NA	NA	NA	NA
"HiG_3"	"Crat"	0.000668386785361068	0.0104092411398851	"HiG"	0.00515602523685098	1.16916672037437e-05	70.4435902543749	346	326	326	17	NA	NA	NA	NA
"HiG_3"	"Csf2rb"	0.00435282773012442	0.0187289453371153	"HiG"	0.0588257831902339	0.000133391798617311	27.8994814336024	56	59	59	172	NA	NA	NA	NA
"HiG_3"	"Ctsb"	0.00488779649290836	0.0699823382633993	"HiG"	0.0711660820271731	0.000161374335662524	33.3974338120933	45	47	47	119	NA	NA	NA	NA
"HiG_3"	"Ctsc"	0.00231519575384812	0.00531059645361149	"HiG"	0.0314814973006637	7.13866151942487e-05	27.7994104184292	137	117	117	174	NA	NA	NA	NA
"HiG_3"	"Ctsd"	0.00532110783032411	0.133133876592295	"HiG"	0.0788915273734769	0.000178892352320809	57.7624128465826	40	41	41	24	NA	NA	NA	NA
"HiG_3"	"Ctsg"	0.00531251483898407	0.029775163866766	"HiG"	0.0793350813258007	0.00017989814359592	25.9778151747753	41	40	40	196	NA	NA	NA	NA
"HiG_3"	"Cxcr2"	0.00163957130797297	0.0017765069799245	"HiG"	0.0179506055383302	4.07043209485946e-05	23.8446932248336	194	187	187	221	NA	NA	NA	NA
"HiG_3"	"Cxcr4"	0.00542886754083262	0.0152012318676875	"HiG"	0.0631546932053725	0.000143207921100618	20.007559045334	37	55	55	275	NA	NA	NA	NA
"HiG_3"	"Cyba"	0.00377518664351519	0.0112746509527674	"HiG"	0.0572469030750758	0.000129811571598811	24.2797933037837	69	61	61	218	NA	NA	NA	NA
"HiG_3"	"Cybb"	0.00408395816081103	0.0127982251328608	"HiG"	0.0605275156367981	0.000137250602351016	25.3859298162479	61	57	57	205	NA	NA	NA	NA
"HiG_3"	"Cyp11a1"	0.000689846838018711	3.70240328914121e-05	"HiG"	0.00254269770537576	5.76575443395865e-06	6	343	368	368	393	NA	NA	NA	NA
"HiG_3"	"Cystm1"	0.000412569984484	0.000370463255148448	"HiG"	0.000674083514609947	1.52853404673457e-06	10	401	399	399	367.5	NA	NA	NA	NA
"HiG_3"	"Dach1"	0.0010226583742842	0.0392004926616673	"HiG"	0.0123604290155231	2.80281837086692e-05	57.5325736412057	287	243	243	25	NA	NA	NA	NA
"HiG_3"	"Daxx"	0.00704792462626035	0.374543442961097	"HiG"	0.123997643367281	0.000281173794483631	39.5475421300871	21	16	16	72	NA	NA	NA	NA
"HiG_3"	"Dctpp1"	0.000917407536487125	0.0388739040083682	"HiG"	0.00960079546010841	2.17705112474113e-05	86.3931766906027	307	266	266	9	NA	NA	NA	NA
"HiG_3"	"Ddhd1"	0.000460046964521621	0.000732770971679231	"HiG"	0.0015634740576035	3.54529264762699e-06	28	392	384	384	171	NA	NA	NA	NA
"HiG_3"	"Ddt"	0.00135452131467814	0.00081924122971622	"HiG"	0.00506964269098946	1.14957884149421e-05	7.28025528348273	236	327	327	388	NA	NA	NA	NA
"HiG_3"	"Ddx21"	0.00943962906129937	0.503723713275208	"HiG"	0.175059567815031	0.000396960471235899	31.652453690221	9	7	7	129	NA	NA	NA	NA
"HiG_3"	"Desi1"	0.000361620057860782	3.18446434286234e-17	"HiG"	0	0	NA	426.5	426.5	426.5	NA	NA	NA	NA	NA
"HiG_3"	"Dgat1"	0.000798993716317422	0.000153854442620968	"HiG"	0.0027105645333832	6.14640483760363e-06	14.7165859730785	331	364	364	325	NA	NA	NA	NA
"HiG_3"	"Dgat2"	0.00142769518854568	7.63472100608391e-05	"HiG"	0.00580614479822152	1.3165861220457e-05	4.79168105718963	222	317	317	400	NA	NA	NA	NA
"HiG_3"	"Dhrs7"	0.00117379290789725	0.00162129589900372	"HiG"	0.0108990051745677	2.47142974479992e-05	13.7007086097667	264	257	257	332	NA	NA	NA	NA
"HiG_3"	"Dkc1"	0.00831456576032029	0.561290618138774	"HiG"	0.160496734456665	0.000363938173371123	30.7489480906439	12	9	9	138	NA	NA	NA	NA
"HiG_3"	"Dmc1"	0.000433953781137742	0.00104770629180697	"HiG"	0.00104377546044033	2.36683777877626e-06	11	396	390	390	362	NA	NA	NA	NA
"HiG_3"	"Dmkn"	0.000638800334577215	0.0125898589672886	"HiG"	0.00450576398776415	1.0217151899692e-05	111	355	332	332	4.5	NA	NA	NA	NA
"HiG_3"	"Dok3"	0.00203684559084265	0.00122405785995854	"HiG"	0.0135476639941404	3.07203265173251e-05	9.70188492973412	153	230	230	371	NA	NA	NA	NA
"HiG_3"	"Dram1"	0.000492369652447948	0.00593880262832202	"HiG"	0.00212542833741492	4.81956539096353e-06	111	383	376	376	4.5	NA	NA	NA	NA
"HiG_3"	"Dstn"	0.00228494100740389	0.0615309475069955	"HiG"	0.0284347261920564	6.44778371701959e-05	38.7212269626294	140	132	132	81	NA	NA	NA	NA
"HiG_3"	"Dusp6"	0.00150597120215021	0.0351779013087901	"HiG"	0.0161304958985809	3.65770882053988e-05	51.6366304676867	216	202	202	32	NA	NA	NA	NA
"HiG_3"	"E2f2"	0.00156524747866407	0.0171267265191422	"HiG"	0.0161236784255927	3.65616290829767e-05	21.6167845579136	204	203	203	249	NA	NA	NA	NA
"HiG_3"	"Egln3"	0.00494060019353204	0.0616487600752027	"HiG"	0.0667076251766667	0.000151264456182918	16.901395688597	44	52	52	309	NA	NA	NA	NA
"HiG_3"	"Eif1ad"	0.000381920678410819	1.15889634518284e-05	"HiG"	0.000169518349197126	3.84395349653347e-07	8.06171806216063	409	409	409	381	NA	NA	NA	NA
"HiG_3"	"Elane"	0.00664143474793556	0.0402643400210458	"HiG"	0.0988285511436543	0.000224101023001484	22.3044350361915	25	24	24	245	NA	NA	NA	NA
"HiG_3"	"Entpd5"	0.00074089336827437	0.000974542886541423	"HiG"	0.00366598744227346	8.31289669449765e-06	4.76276319197002	338	343	343	401	NA	NA	NA	NA
"HiG_3"	"Eps8"	0.00263091187146109	0.00590890999029458	"HiG"	0.0312251800985716	7.08053970489153e-05	21.3514122949532	109	119	119	253	NA	NA	NA	NA
"HiG_3"	"Erg"	0.00129134020284827	0.0252838185285073	"HiG"	0.0150445093722193	3.41145337238533e-05	37.6955852889774	242	214	214	86	NA	NA	NA	NA
"HiG_3"	"Ets1"	0.00300072056191715	0.0578009969232931	"HiG"	0.0399331279699026	9.05513105893482e-05	31.1378946900156	92	90	90	135	NA	NA	NA	NA
"HiG_3"	"Evl"	0.00151737222463016	0.0190981687173061	"HiG"	0.0174526916739601	3.9575264566803e-05	47.5164751523197	213	191	191	42	NA	NA	NA	NA
"HiG_3"	"Exosc2"	0.00221011852480005	0.125516423358434	"HiG"	0.0323248616242896	7.32990059507701e-05	33.5510684951816	144	112	112	118	NA	NA	NA	NA
"HiG_3"	"F10"	0.00198155344430072	0.00869477368306404	"HiG"	0.026075935331389	5.91291050598391e-05	26.4044608691366	158	138	138	190	NA	NA	NA	NA
"HiG_3"	"F13a1"	0.00181965406164968	0.00531286329764655	"HiG"	0.0200678499751671	4.55053287418755e-05	25.1589622088046	176	171	171	209	NA	NA	NA	NA
"HiG_3"	"F7"	0.00251912050944917	0.0176232354332033	"HiG"	0.035326891915836	8.01063308749116e-05	32.5760302563536	122	100	100	122	NA	NA	NA	NA
"HiG_3"	"Fabp5"	0.00145179885874222	0.0471363424861816	"HiG"	0.0189058793785054	4.28704747811913e-05	48.6351061080279	219	177	177	40	NA	NA	NA	NA
"HiG_3"	"Fah"	0.000855624202915769	1.35477822243197e-05	"HiG"	0.00217521993685708	4.93247151214758e-06	2	313	374	374	408	NA	NA	NA	NA
"HiG_3"	"Fam136a"	0.00124052483967805	0.00429346678152939	"HiG"	0.00704831722981626	1.59825787524178e-05	25.9799544593002	254	299	299	195	NA	NA	NA	NA
"HiG_3"	"Fam20c"	0.00252317002797493	0.0184206952646597	"HiG"	0.0280588865437081	6.36255930696328e-05	26.6474400558586	121	135	135	187	NA	NA	NA	NA
"HiG_3"	"Fam216a"	0.000361620057860782	3.18446434286234e-17	"HiG"	0	0	NA	426.5	426.5	426.5	NA	NA	NA	NA	NA
"HiG_3"	"Far2"	0.000855876239937828	0.000391363774292965	"HiG"	0.00594875153793014	1.34892325123133e-05	16.2314140627801	312	315	315	314	NA	NA	NA	NA
"HiG_3"	"Farsb"	0.00239250661896743	0.107380495846791	"HiG"	0.0346689001015167	7.86142859444823e-05	42.2692299010891	132	105	105	61	NA	NA	NA	NA
"HiG_3"	"Fbl"	0.0125759430925582	0.928718227721672	"HiG"	0.245247291175097	0.000556116306519495	29.1461482734149	4	4	4	151	NA	NA	NA	NA
"HiG_3"	"Fbxl5"	0.000665847393645125	8.05400060183781e-05	"HiG"	0.00164573743636749	3.73183092146824e-06	3.45076408117992	347	382	382	403	NA	NA	NA	NA
"HiG_3"	"Fbxo27"	0.000361620057860782	3.18446434286234e-17	"HiG"	0	0	NA	426.5	426.5	426.5	NA	NA	NA	NA	NA
"HiG_3"	"Fcer1g"	0.00534209924768776	0.0123807857835925	"HiG"	0.073052559183346	0.00016565206164024	23.0333426336329	39	44	44	236	NA	NA	NA	NA
"HiG_3"	"Ffar2"	0.00204186131767423	0.00080183699288956	"HiG"	0.0171354069959911	3.88557981768506e-05	12.6649024999858	152	195	195	349	NA	NA	NA	NA
"HiG_3"	"Fgd4"	0.00292112773896395	0.00363587430392565	"HiG"	0.0305065152751112	6.91757715988915e-05	17.0979267132635	97	122	122	308	NA	NA	NA	NA
"HiG_3"	"Fgr"	0.00317819300235151	0.0125566200362832	"HiG"	0.0422395058090241	9.57811923107122e-05	26.9292174825658	88	84	84	183	NA	NA	NA	NA
"HiG_3"	"Flt1"	0.00466171769458485	0.0468869144822726	"HiG"	0.0694070852601264	0.000157385680861965	26.2671393754623	51	49	49	192	NA	NA	NA	NA
"HiG_3"	"Fmo5"	0.000414320817363708	7.10523986175345e-05	"HiG"	0.000615849426200155	1.39648395963754e-06	10.5159834814308	400	400	400	365	NA	NA	NA	NA
"HiG_3"	"Fos"	0.00784324602711701	0.441457750469797	"HiG"	0.128864476119646	0.000292209696416431	59.9795007591009	15	15	15	23	NA	NA	NA	NA
"HiG_3"	"Furin"	0.0032351899010521	0.0287973067481815	"HiG"	0.0412334764179166	9.34999465258879e-05	28.7487722716672	85	88	88	161	NA	NA	NA	NA
"HiG_3"	"G0s2"	0.000398300530311075	4.35649066440553e-05	"HiG"	0.000452554299396631	1.02620022538919e-06	13	405	402	402	342	NA	NA	NA	NA
"HiG_3"	"Gadd45a"	0.0018147964545934	0.054156284477629	"HiG"	0.0179686424272697	4.0745220923514e-05	48.9255636126492	177	186	186	38	NA	NA	NA	NA
"HiG_3"	"Gar1"	0.00581762406084762	0.400028562186275	"HiG"	0.110787600800374	0.000251219049433955	29.7556813348255	33	20	20	144	NA	NA	NA	NA
"HiG_3"	"Gart"	0.00241188506829951	0.0542799122801258	"HiG"	0.0323054169992503	7.32549138304996e-05	35.1851984390282	129	113	113	104	NA	NA	NA	NA
"HiG_3"	"Gas7"	0.00128505699336039	0.0067016325113553	"HiG"	0.0136233800281594	3.0892018204443e-05	18.2988086895291	244	229	229	299	NA	NA	NA	NA
"HiG_3"	"Gatm"	0.000361620057860782	3.18446434286234e-17	"HiG"	0	0	NA	426.5	426.5	426.5	NA	NA	NA	NA	NA
"HiG_3"	"Gbe1"	0.0014015249920006	0.00605069353046136	"HiG"	0.0140775074737536	3.192178565477e-05	25.8206676977083	226	224	224	198	NA	NA	NA	NA
"HiG_3"	"Gca"	0.00110939711824564	0.00303302829098759	"HiG"	0.00496517562719615	1.12589016489709e-05	20.7933710328348	277	329	329	261	NA	NA	NA	NA
"HiG_3"	"Gda"	0.0010225631230359	0.00250129649393032	"HiG"	0.00775164924052901	1.75774359195669e-05	20.2942844730138	288	285	285	266	NA	NA	NA	NA
"HiG_3"	"Gemin6"	0.00154009902819282	0.03609759654388	"HiG"	0.0160667756239736	3.64325977867882e-05	18.6355042431939	207	204	204	296	NA	NA	NA	NA
"HiG_3"	"Gfi1"	0.0026119846786499	0.0238522479717658	"HiG"	0.0333290959476962	7.55761812872929e-05	26.9099152436871	112	108	108	184	NA	NA	NA	NA
"HiG_3"	"Gjb3"	0.000361620057860782	3.18446434286234e-17	"HiG"	0	0	NA	426.5	426.5	426.5	NA	NA	NA	NA	NA
"HiG_3"	"Glb1"	0.00161186444556683	0.00620286229401864	"HiG"	0.0173935259359703	3.94411018956244e-05	11.8949719433827	198	193	193	358	NA	NA	NA	NA
"HiG_3"	"Glrx"	0.000607356714448028	0.00209825376296133	"HiG"	0.00420419495851322	9.53332190139052e-06	18	360	338	338	302	NA	NA	NA	NA
"HiG_3"	"Gmfg"	0.00196757208037006	0.00837906997522171	"HiG"	0.0245737555976179	5.57228018086574e-05	30.3311374377337	162	148	148	140	NA	NA	NA	NA
"HiG_3"	"Gns"	0.000906031468911301	0.00164813377888505	"HiG"	0.00571129177787053	1.29507750065091e-05	12.6451476453034	309	320	320	350	NA	NA	NA	NA
"HiG_3"	"Golim4"	0.00117199080653254	0.000603902965407802	"HiG"	0.0061519872165921	1.39500843913653e-05	9.97083949552372	265	311	311	369	NA	NA	NA	NA
"HiG_3"	"Gpc1"	0.000717498307547789	0.00906701034366713	"HiG"	0.00519417576896725	1.17781763468645e-05	41.771105520364	341	325	325	63	NA	NA	NA	NA
"HiG_3"	"Gpnmb"	0.000498203692551493	0.000264555849717907	"HiG"	0.00228771144144885	5.18755428899967e-06	43.4563020440788	382	373	373	55	NA	NA	NA	NA
"HiG_3"	"Gpr141"	0.000994152683238882	0.00363288247810497	"HiG"	0.00930942569602942	2.11098088345338e-05	23.7804183226163	293	270	270	222	NA	NA	NA	NA
"HiG_3"	"Gpr65"	0.00114380225452598	0.00167897802078488	"HiG"	0.01209132405824	2.74179683860318e-05	27.3060367202439	272	249	249	178	NA	NA	NA	NA
"HiG_3"	"Gpsm3"	0.000361620057860782	3.18446434286234e-17	"HiG"	0	0	NA	426.5	426.5	426.5	NA	NA	NA	NA	NA
"HiG_3"	"Gpx3"	0.00188319973032996	0.000966600614277733	"HiG"	0.0149312540201091	3.38577188664606e-05	13.9899567298496	171	215	215	327	NA	NA	NA	NA
"HiG_3"	"Grina"	0.000361620057860782	3.18446434286234e-17	"HiG"	0	0	NA	426.5	426.5	426.5	NA	NA	NA	NA	NA
"HiG_3"	"Gstm1"	0.00118088379945533	0.000212405681292635	"HiG"	0.00745750933148196	1.69104519988253e-05	10.5727333655264	262	291	291	364	NA	NA	NA	NA
"HiG_3"	"Hacd4"	0.000361620057860782	3.18446434286234e-17	"HiG"	0	0	NA	426.5	426.5	426.5	NA	NA	NA	NA	NA
"HiG_3"	"Hck"	0.00351192796140737	0.0233409607679401	"HiG"	0.0496639687604892	0.000112616709207459	27.5862428155401	76	75	75	175	NA	NA	NA	NA
"HiG_3"	"Hdc"	0.000361620057860782	3.18446434286234e-17	"HiG"	0	0	NA	426.5	426.5	426.5	NA	NA	NA	NA	NA
"HiG_3"	"Hdhd2"	0.000480794272346002	2.23222540986719e-05	"HiG"	0.000985200858743927	2.23401555270732e-06	7	388	392	392	390	NA	NA	NA	NA
"HiG_3"	"Hipk1"	0.00171720841541336	0.0239631066001013	"HiG"	0.0195103346520439	4.42411216599634e-05	20.1299949631264	183	172	172	268	NA	NA	NA	NA
"HiG_3"	"Hlx"	0.00191338618076796	0.00210868444533838	"HiG"	0.020882864545897	4.73534343444377e-05	16.8660190449839	169	167	167	310	NA	NA	NA	NA
"HiG_3"	"Hmox1"	0.00163317021581387	0.00145121691620941	"HiG"	0.0148901291567576	3.37644652080671e-05	29.7771968439131	195	216	216	143	NA	NA	NA	NA
"HiG_3"	"Hook1"	0.000974791981730454	0.0206678088167394	"HiG"	0.0111759986793959	2.53424006335507e-05	41.6757523106866	297	255	255	64	NA	NA	NA	NA
"HiG_3"	"Hp"	0.00328584969963033	0.0220879574825571	"HiG"	0.0483170983221201	0.000109562581229297	32.874376821743	83	76	76	121	NA	NA	NA	NA
"HiG_3"	"Hpse"	0.00114440529303626	0.00427746378530714	"HiG"	0.0103488993453581	2.34668919395876e-05	14.7530503110031	271	262	262	324	NA	NA	NA	NA
"HiG_3"	"Hsd11b1"	0.00299806832366264	0.00319948570761656	"HiG"	0.0298118838320765	6.76006436101507e-05	6.75277490397937	93	124	124	391	NA	NA	NA	NA
"HiG_3"	"Hsph1"	0.00457650029301205	0.235752619144793	"HiG"	0.075511784521528	0.000171228536329995	49.2816405324828	53	43	43	37	NA	NA	NA	NA
"HiG_3"	"Hvcn1"	0.000361620057860782	3.18446434286234e-17	"HiG"	0	0	NA	426.5	426.5	426.5	NA	NA	NA	NA	NA
"HiG_3"	"Id2"	0.00101608528213577	0.0065946357545132	"HiG"	0.0103808397023287	2.35393190528996e-05	25.7337132781773	292	260	260	201	NA	NA	NA	NA
"HiG_3"	"Ift80"	0.000514994994897263	0.00500876488791222	"HiG"	0.00250509105072706	5.68047857307724e-06	47	378	369	369	44.5	NA	NA	NA	NA
"HiG_3"	"Igfbp4"	0.00185540221641886	0.018302973891327	"HiG"	0.0248443689034642	5.63364374228213e-05	22.7034658346733	172	146	146	241	NA	NA	NA	NA
"HiG_3"	"Ighm"	0.00109512335134547	0.00452655331309949	"HiG"	0.010883238169023	2.46785446009592e-05	38.9921167217166	279	258	258	76	NA	NA	NA	NA
"HiG_3"	"Igsf6"	0.00397190790175557	0.00993701653619805	"HiG"	0.0551913387811372	0.000125150428075141	28.0818515750972	63	67	67	169	NA	NA	NA	NA
"HiG_3"	"Il12a"	0.00134101612165314	0.00256478028528005	"HiG"	0.0152564636679972	3.45951557097442e-05	17.7647260313038	237	212	212	305	NA	NA	NA	NA
"HiG_3"	"Il1r2"	0.00203458581647724	0.00483101109890492	"HiG"	0.0236069577113345	5.35305163522323e-05	23.2495839448366	154	153	153	231	NA	NA	NA	NA
"HiG_3"	"Il1rn"	0.000825642081936967	0.000377272290522213	"HiG"	0.00578017203729562	1.31069660709651e-05	23.3892452670931	324	319	319	229	NA	NA	NA	NA
"HiG_3"	"Impdh2"	0.00351220759380532	0.166522429095453	"HiG"	0.0560894425189007	0.000127186944487303	45.8230729479119	75	64	64	47	NA	NA	NA	NA
"HiG_3"	"Iqsec1"	0.0012757915102739	0.0231701730048951	"HiG"	0.0133899688601482	3.03627411794744e-05	44.7164464406967	246	233	233	50	NA	NA	NA	NA
"HiG_3"	"Itgam"	0.00811961844604884	0.0222763267011599	"HiG"	0.121814932542805	0.000276224336831756	27.3617395051978	13	17	17	176	NA	NA	NA	NA
"HiG_3"	"Itgb2"	0.00807179991236322	0.0178132916863814	"HiG"	0.120577369113986	0.000273418070553256	25.1925343536425	14	18	18	207	NA	NA	NA	NA
"HiG_3"	"Itgb3"	0.00450197540231912	0.0295723862153494	"HiG"	0.0649684699702154	0.000147320793583255	29.0451713063417	55	53	53	153	NA	NA	NA	NA
"HiG_3"	"Itm2b"	0.00739121286561525	0.0559613215610441	"HiG"	0.0884060594877033	0.000200467255074157	28.5416873769101	18	29	29	163	NA	NA	NA	NA
"HiG_3"	"Jdp2"	0.00166255144999581	0.0360677952871691	"HiG"	0.020506519673812	4.65000446118186e-05	43.2698796070582	191	170	170	56	NA	NA	NA	NA
"HiG_3"	"Jun"	0.0150111400020483	0.609019832589173	"HiG"	0.251461655058664	0.000570207834600144	31.9371933625553	3	3	3	125	NA	NA	NA	NA
"HiG_3"	"Kbtbd7"	0.00195535864697319	0.00830675399187916	"HiG"	0.0206725926264317	4.68766272708202e-05	15.6520574104287	165	169	169	319	NA	NA	NA	NA
"HiG_3"	"Kdm7a"	0.000361620057860782	3.18446434286234e-17	"HiG"	0	0	NA	426.5	426.5	426.5	NA	NA	NA	NA	NA
"HiG_3"	"Kit"	0.00211605067706245	0.00776334916505596	"HiG"	0.0241054830301476	5.46609592520355e-05	25.2636930724179	149	150	150	206	NA	NA	NA	NA
"HiG_3"	"Klf2"	0.000819567292036158	0.0148576177423075	"HiG"	0.00724577236357121	1.64303228198894e-05	44.6507962416787	327	296	296	51	NA	NA	NA	NA
"HiG_3"	"Klf5"	0.00117557868325956	0.02661855641653	"HiG"	0.0129897213071424	2.9455150356332e-05	48.8039619205104	263	236	236	39	NA	NA	NA	NA
"HiG_3"	"Klhdc4"	0.000483754328204414	0.00224585423188919	"HiG"	0.00184794619717699	4.19035418860995e-06	12.6735042684435	387	380	380	348	NA	NA	NA	NA
"HiG_3"	"Lbp"	0.00108922591339419	0.000622173091970408	"HiG"	0.00750181724326888	1.70109234541244e-05	22.884569077944	280	289	289	239	NA	NA	NA	NA
"HiG_3"	"Lcn2"	0.00253084294906279	0.0126740842654418	"HiG"	0.0348185271757272	7.89535763621932e-05	19.4966762107541	120	104	104	284	NA	NA	NA	NA
"HiG_3"	"Lgals3"	0.00622113911322967	0.0742247046030422	"HiG"	0.0869819562501228	0.000197237996032025	23.5823831976809	27	32	32	227	NA	NA	NA	NA
"HiG_3"	"Lgals3bp"	0.0046626272107649	0.0849882228765469	"HiG"	0.067361277057848	0.00015274665999512	34.2659219982325	50	51	51	110	NA	NA	NA	NA
"HiG_3"	"Lin28a"	0.00137880115328836	0.0728472061264016	"HiG"	0.0209568917816315	4.75212965569874e-05	24.6357950135414	230	165	165	215	NA	NA	NA	NA
"HiG_3"	"Lipa"	0.00241080038572811	9.71265957639518e-19	"HiG"	0.000271080598579326	6.14695234873754e-07	1	130	405.5	405.5	409.5	NA	NA	NA	NA
"HiG_3"	"Lipg"	0.00201952872041087	0.00247737082031733	"HiG"	0.0131480246587955	2.98141148725522e-05	13.8822216005658	155	235	235	329	NA	NA	NA	NA
"HiG_3"	"Lrg1"	0.000464945515388718	0.000133928503336779	"HiG"	0.00138284310562912	3.13569865222022e-06	51	391	385	385	34	NA	NA	NA	NA
"HiG_3"	"Lrp1"	0.00892389873122886	0.111024280881051	"HiG"	0.136839729663202	0.000310294171571887	35.0535362111471	10	13	13	106	NA	NA	NA	NA
"HiG_3"	"Lrpap1"	0.0060182255547068	0.0912369823608237	"HiG"	0.0975755389539825	0.000221259725519235	25.1902270694879	30	25	25	208	NA	NA	NA	NA
"HiG_3"	"Lrrk2"	0.00546200195095873	0.0984644232592308	"HiG"	0.0780217980461552	0.000176920176975409	18.4778148918338	36	42	42	298	NA	NA	NA	NA
"HiG_3"	"Lsp1"	0.00102504252254872	0.00104387693182114	"HiG"	0.0101878774517305	2.31017629290942e-05	29.2079746515597	286	264	264	150	NA	NA	NA	NA
"HiG_3"	"Lst1"	0.00270356476561041	0.00485629258974045	"HiG"	0.0375413311385911	8.51277350081431e-05	28.5161006509301	104	96	96	164	NA	NA	NA	NA
"HiG_3"	"Ltb"	0.00094509573985568	0.00230047488622772	"HiG"	0.00888616470162159	2.01500333370104e-05	25.7052767267129	303	277	277	202	NA	NA	NA	NA
"HiG_3"	"Ltf"	0.0038144362688309	0.0656480654399679	"HiG"	0.0554705140886381	0.000125783478659043	31.5312373936981	68	66	66	131	NA	NA	NA	NA
"HiG_3"	"Lyar"	0.00468721649274365	0.356396058649691	"HiG"	0.0897644656344884	0.000203547541121289	35.742360292712	49	28	28	99	NA	NA	NA	NA
"HiG_3"	"Mad1l1"	0.00151951468316166	0.0158392325366665	"HiG"	0.0162636310682531	3.68789820141793e-05	23.6141043997433	212	201	201	225	NA	NA	NA	NA
"HiG_3"	"Man1c1"	0.000361620057860782	3.18446434286234e-17	"HiG"	0	0	NA	426.5	426.5	426.5	NA	NA	NA	NA	NA
"HiG_3"	"Map3k8"	0.00196331985497772	0.028326987825884	"HiG"	0.0243195863205972	5.5146454241717e-05	21.1504759978645	163	149	149	257	NA	NA	NA	NA
"HiG_3"	"Map3k9"	0.00160276481621959	0.00913444282074567	"HiG"	0.0178854659253433	4.05566120756084e-05	22.0098197857223	199	189	189	246	NA	NA	NA	NA
"HiG_3"	"Mapk13"	0.00139910250654534	0.0119498605747708	"HiG"	0.0157672612412694	3.5753426850951e-05	27.2009247784582	227	209	209	180	NA	NA	NA	NA
"HiG_3"	"Mapk3"	0.00394115718515488	0.0787463625359625	"HiG"	0.0545598298940419	0.000123718435133882	32.0047520009201	65	69	69	124	NA	NA	NA	NA
"HiG_3"	"Marcksl1"	0.00137454065717425	0.0132599917099889	"HiG"	0.0132673449564384	3.00846824409035e-05	24.6706409575646	231	234	234	214	NA	NA	NA	NA
"HiG_3"	"Mboat1"	0.000361620057860782	3.18446434286234e-17	"HiG"	0	0	NA	426.5	426.5	426.5	NA	NA	NA	NA	NA
"HiG_3"	"Mcemp1"	0.000361620057860782	3.18446434286234e-17	"HiG"	0	0	NA	426.5	426.5	426.5	NA	NA	NA	NA	NA
"HiG_3"	"Med21"	0.00205061288754963	0.0415464293149912	"HiG"	0.0234524749692691	5.31802153498165e-05	35.932081252762	151	155	155	97	NA	NA	NA	NA
"HiG_3"	"Mef2c"	0.0015120362970446	0.0254312735792296	"HiG"	0.0145550597345332	3.30046705998485e-05	31.6973777948673	215	218	218	128	NA	NA	NA	NA
"HiG_3"	"Megf9"	0.000361620057860782	3.18446434286234e-17	"HiG"	0	0	NA	426.5	426.5	426.5	NA	NA	NA	NA	NA
"HiG_3"	"Mgam"	0.00095047993269241	0.00100083061781897	"HiG"	0.00781784858647296	1.77275478151314e-05	11.9456017562347	300	284	284	357	NA	NA	NA	NA
"HiG_3"	"Mgll"	0.000727066967864635	0.00026512874564838	"HiG"	0.00498953337610509	1.13141346396941e-05	20.2072316155552	340	328	328	267	NA	NA	NA	NA
"HiG_3"	"Mgst1"	0.00238182395483319	0.0031449040079373	"HiG"	0.0194833570658314	4.41799479950824e-05	12.7675943835942	133	173	173	345	NA	NA	NA	NA
"HiG_3"	"Mgst2"	0.00262424442628386	0.00298030035660319	"HiG"	0.0184402027944528	4.18145188082831e-05	8.78645404164628	110	181	181	377	NA	NA	NA	NA
"HiG_3"	"Mmp19"	0.000682011408259435	0.000657376834129834	"HiG"	0.00440169174324466	9.98116041552077e-06	25.4844148298472	344	335	335	204	NA	NA	NA	NA
"HiG_3"	"Mogat2"	0.000948509734706209	2.04646672604177e-06	"HiG"	0.00263318204613827	5.97093434498474e-06	2.33391666228699	302	365	365	407	NA	NA	NA	NA
"HiG_3"	"Mpeg1"	0.000361620057860782	3.18446434286234e-17	"HiG"	0	0	NA	426.5	426.5	426.5	NA	NA	NA	NA	NA
"HiG_3"	"Mpo"	0.00411307783187959	0.0716475291451851	"HiG"	0.0622533258068139	0.000141164004097084	29.057087041108	60	56	56	152	NA	NA	NA	NA
"HiG_3"	"Mpp1"	0.00234830240209707	0.0111391585172135	"HiG"	0.0291056763677828	6.5999266140097e-05	29.8953404026194	135	128	128	142	NA	NA	NA	NA
"HiG_3"	"Ms4a3"	0.00259990507334007	0.00562308629609211	"HiG"	0.0292919731439932	6.64217078095083e-05	20.0619502174428	114	125	125	272	NA	NA	NA	NA
"HiG_3"	"Msh6"	0.00286118352798024	0.132032011193311	"HiG"	0.0350938409661284	7.95778706714929e-05	54.0864897992834	100	101	101	31	NA	NA	NA	NA
"HiG_3"	"Msra"	0.000513469731540775	0.00181622044143924	"HiG"	0.00214548552101029	4.86504653290316e-06	16.0343310401891	379	375	375	316	NA	NA	NA	NA
"HiG_3"	"Msrb1"	0.000543167794232406	0.00824611485285279	"HiG"	0.00295118852717006	6.69203747657611e-06	111	373	358	358	4.5	NA	NA	NA	NA
"HiG_3"	"Mtus1"	0.000602930510377979	0.0123552498339707	"HiG"	0.00303609998282147	6.88458045991262e-06	20.3836007752533	363	357	357	264	NA	NA	NA	NA
"HiG_3"	"Muc13"	0.000639827257855883	0.00053510502317511	"HiG"	0.0039142797273732	8.87591774914558e-06	29.6476888481572	352	341	341	147	NA	NA	NA	NA
"HiG_3"	"Mxd1"	0.00125921427439081	0.0284362532812381	"HiG"	0.0144968699715613	3.28727210239486e-05	36.0386259461701	250	219	219	94	NA	NA	NA	NA
"HiG_3"	"Mxi1"	0.00132734576958446	0.0432593974113344	"HiG"	0.011261041960952	2.55352425418414e-05	71.0499593136514	238	254	254	15	NA	NA	NA	NA
"HiG_3"	"Myb"	0.00255459733361862	0.0936574102693211	"HiG"	0.0393737935817218	8.928297864336e-05	44.2536545341834	117	92	92	52	NA	NA	NA	NA
"HiG_3"	"Myc"	0.0303494548825143	1	"HiG"	0.511917382265133	0.00116081039062388	22.3291313749704	2	1	1	244	NA	NA	NA	NA
"HiG_3"	"Myo1f"	0.00232233851763301	0.00435853060359684	"HiG"	0.0323019753977905	7.32471097455568e-05	30.9424497654267	136	114	114	136	NA	NA	NA	NA
"HiG_3"	"Ncam1"	0.0015129654933332	0.0164681548885583	"HiG"	0.0190887388221426	4.32851220456748e-05	39.7791853401248	214	174	174	69	NA	NA	NA	NA
"HiG_3"	"Nceh1"	0.00153618678763186	0.000185205451501253	"HiG"	0.00907147731574251	2.05702433463549e-05	5.32288796211902	209	274	274	395	NA	NA	NA	NA
"HiG_3"	"Ncf1"	0.00363811357431605	0.0159860163454099	"HiG"	0.0527275900341486	0.000119563696222559	24.7742009928714	72	71	71	213	NA	NA	NA	NA
"HiG_3"	"Ncf4"	0.00480812706472112	0.0112889488991362	"HiG"	0.0720239284638309	0.000163319565677621	22.5649848096752	47	46	46	243	NA	NA	NA	NA
"HiG_3"	"Ndrg2"	0.000801815816207901	0.00182151891765437	"HiG"	0.00588492229763817	1.33444950059822e-05	30.9150670061283	330	316	316	137	NA	NA	NA	NA
"HiG_3"	"Ndst1"	0.0012343549779766	0.0011270674146873	"HiG"	0.0135009257978362	3.06143442127805e-05	18.7282256487013	256	232	232	293	NA	NA	NA	NA
"HiG_3"	"Nedd9"	0.00325399306703353	0.0240998100377338	"HiG"	0.0424907974145774	9.63510145455269e-05	29.3072130481879	84	83	83	149	NA	NA	NA	NA
"HiG_3"	"Neil3"	0.000855371212220899	0.00212083427577607	"HiG"	0.00602131349169027	1.36537720900006e-05	17.7765216690623	314	313	313	304	NA	NA	NA	NA
"HiG_3"	"Neu1"	0.0015902687966589	0.0316888493207403	"HiG"	0.0174109547782231	3.9480623079871e-05	29.668006816274	201	192	192	145	NA	NA	NA	NA
"HiG_3"	"Nkg7"	0.00313063593337371	0.00138242347307518	"HiG"	0.0340655382169029	7.72461184056755e-05	13.4504991445988	91	107	107	333	NA	NA	NA	NA
"HiG_3"	"Noc2l"	0.00507802140437668	0.317583313440789	"HiG"	0.09130429124579	0.000207039209174127	39.1815253161428	43	27	27	74	NA	NA	NA	NA
"HiG_3"	"Nolc1"	0.0073894325969999	0.558957439792631	"HiG"	0.139548957662797	0.000316437545720628	40.3263946160644	19	12	12	66	NA	NA	NA	NA
"HiG_3"	"Nop56"	0.0098559281899029	0.842716976553211	"HiG"	0.196963482336474	0.000446629211647333	35.8343176105523	7	5	5	98	NA	NA	NA	NA
"HiG_3"	"Nop58"	0.00774292459813206	0.716439463499229	"HiG"	0.151743168616546	0.000344088817724593	34.7486273172141	16	10	10	107	NA	NA	NA	NA
"HiG_3"	"Npm3"	0.00241720312165592	0.14120265593096	"HiG"	0.0413692843931779	9.38079011183172e-05	38.8631382445007	128	86	86	78	NA	NA	NA	NA
"HiG_3"	"Nrp1"	0.00332245405528531	0.0107966242668443	"HiG"	0.0416890438390623	9.45329792268987e-05	20.0831132431314	81	85	85	269	NA	NA	NA	NA
"HiG_3"	"Nrp2"	0.00131817047960673	0.00226603467140986	"HiG"	0.014403618186663	3.26612657293946e-05	27.2382216437675	239	220	220	179	NA	NA	NA	NA
"HiG_3"	"Nt5dc2"	0.00248052775507755	0.0393294569683143	"HiG"	0.0329729803724574	7.47686629760939e-05	28.0342795257693	127	110	110	170	NA	NA	NA	NA
"HiG_3"	"Nt5e"	0.000922515125673107	0.00852558048241437	"HiG"	0.00688073015525259	1.56025627103233e-05	35.166552262133	306	301	301	105	NA	NA	NA	NA
"HiG_3"	"Nudcd1"	0.00102230402619631	0.0411528859677411	"HiG"	0.0119090118245381	2.70045619604038e-05	49.6998291659762	289	250	250	36	NA	NA	NA	NA
"HiG_3"	"Nudt5"	0.000948938926036841	0.00180610307834368	"HiG"	0.00881596836094913	1.99908579613359e-05	8	301	278	278	383	NA	NA	NA	NA
"HiG_3"	"Numb"	0.0027368387549819	0.0442920733338406	"HiG"	0.0349609267726129	7.92764779424329e-05	43.8774717041113	102	102	102	53	NA	NA	NA	NA
"HiG_3"	"Odc1"	0.00136901005818756	0.0542303295706833	"HiG"	0.0171231929754587	3.88281019851671e-05	36.3533150021406	233	196	196	92	NA	NA	NA	NA
"HiG_3"	"Olfml2b"	0.000489408461710428	0.000897704776995966	"HiG"	0.0020459255153693	4.63928688292357e-06	25	385	378	378	210	NA	NA	NA	NA
"HiG_3"	"Olr1"	0.00224383694575513	0.00248645581539315	"HiG"	0.0254510746421147	5.77121873970854e-05	21.3321300515137	141	144	144	254	NA	NA	NA	NA
"HiG_3"	"Osgep"	0.00053835848918132	0.00201072344765052	"HiG"	0.00277913765444911	6.30189944319526e-06	7.83050158646099	374	361	361	386	NA	NA	NA	NA
"HiG_3"	"P2rx1"	0.000361620057860782	3.18446434286234e-17	"HiG"	0	0	NA	426.5	426.5	426.5	NA	NA	NA	NA	NA
"HiG_3"	"Pa2g4"	0.00383624774191771	0.142880117120492	"HiG"	0.056800461610774	0.000128799232677492	33.2983060303052	67	62	62	120	NA	NA	NA	NA
"HiG_3"	"Padi4"	0.000612417456448534	0.0102267804519077	"HiG"	0.00436389997893506	9.89546480484141e-06	70.9216768634951	359	336	336	16	NA	NA	NA	NA
"HiG_3"	"Pag1"	0.00213866455650132	0.00273769046534297	"HiG"	0.0220732914426131	5.00528150626147e-05	19.100870606696	147	159	159	287	NA	NA	NA	NA
"HiG_3"	"Palm"	0.00174815454238904	0.00522213772607815	"HiG"	0.0189752935672289	4.30278765696801e-05	19.5996435162242	181	176	176	283	NA	NA	NA	NA
"HiG_3"	"Papss2"	0.00102003447683756	0.0465215885441491	"HiG"	0.0114064615870577	2.58649922609017e-05	83.3081307524344	290	253	253	10	NA	NA	NA	NA
"HiG_3"	"Paqr7"	0.000361620057860782	3.18446434286234e-17	"HiG"	0	0	NA	426.5	426.5	426.5	NA	NA	NA	NA	NA
"HiG_3"	"Pbx1"	0.00228664514113428	0.00191529537949049	"HiG"	0.0150569988469042	3.41428545281274e-05	8.80170997409821	139	213	213	376	NA	NA	NA	NA
"HiG_3"	"Pcmtd2"	0.00039875203290363	0.00338822220991421	"HiG"	0.000731791260170416	1.65939061263133e-06	76	404	398	398	12	NA	NA	NA	NA
"HiG_3"	"Pde2a"	0.00102583114352878	0.00131902224935466	"HiG"	0.00745169689639397	1.68972718739092e-05	12.3395984077478	285	292	292	353	NA	NA	NA	NA
"HiG_3"	"Pdk1"	0.0026659265576287	0.0221193366388747	"HiG"	0.0306740470074411	6.95556621483925e-05	28.8293152141176	108	121	121	158	NA	NA	NA	NA
"HiG_3"	"Peli2"	0.000403022063750016	0.00196516374011115	"HiG"	0.000848603524526171	1.92427103067159e-06	29	403	394	394	154.5	NA	NA	NA	NA
"HiG_3"	"Pfkfb4"	0.000397057464570383	0.000169954412017707	"HiG"	0.000412791125063703	9.36034297196605e-07	9	406	403	403	373.5	NA	NA	NA	NA
"HiG_3"	"Pglyrp1"	0.00147601807003651	0.00798535659619638	"HiG"	0.0184232725969174	4.17761283376811e-05	19.9586486726884	217	182	182	278	NA	NA	NA	NA
"HiG_3"	"Phlda1"	0.000491869099838238	0.00591606693140803	"HiG"	0.00211729149611607	4.80111450366455e-06	111	384	377	377	4.5	NA	NA	NA	NA
"HiG_3"	"Pi16"	0.000828240954994652	3.77464412970599e-06	"HiG"	0.00258849064167322	5.86959329177601e-06	4	322	366	366	402	NA	NA	NA	NA
"HiG_3"	"Pik3cb"	0.00184890972633344	0.0149791275854016	"HiG"	0.0228520858932735	5.1818788873636e-05	40.1020251443219	173	157	157	68	NA	NA	NA	NA
"HiG_3"	"Pknox2"	0.00122408339334625	0.00320837161688352	"HiG"	0.00737539395162935	1.67242493234226e-05	9.83780757412144	257	294	294	370	NA	NA	NA	NA
"HiG_3"	"Plac8"	0.000592908765741807	0.000148308055032352	"HiG"	0.00316933711193318	7.18670546923624e-06	20	367	354	354	276	NA	NA	NA	NA
"HiG_3"	"Plaur"	0.00423287402784873	0.00877714671533842	"HiG"	0.0566466530518141	0.000128450460434953	23.092566207544	57	63	63	235	NA	NA	NA	NA
"HiG_3"	"Plcb2"	0.000566708106629008	0.00255771806828358	"HiG"	0.00312329670467332	7.08230545277398e-06	18.9662423600577	370	355	355	291	NA	NA	NA	NA
"HiG_3"	"Plekhg1"	0.00111024738072689	0.000349516303914737	"HiG"	0.007528815018756	1.70721428996735e-05	13.9015573195668	276	288	288	328	NA	NA	NA	NA
"HiG_3"	"Plin2"	0.00179300637224025	0.00464376337794295	"HiG"	0.0160372166321599	3.6365570594467e-05	13.7823998324681	178	205	205	331	NA	NA	NA	NA
"HiG_3"	"Plpp5"	0.000361620057860782	3.18446434286234e-17	"HiG"	0	0	NA	426.5	426.5	426.5	NA	NA	NA	NA	NA
"HiG_3"	"Plpp6"	0.000849188804026146	3.74427658909747e-05	"HiG"	0.00131679912427949	2.98593905732312e-06	8.57451567182597	317	386	386	378	NA	NA	NA	NA
"HiG_3"	"Plppr3"	0.000361620057860782	3.18446434286234e-17	"HiG"	0	0	NA	426.5	426.5	426.5	NA	NA	NA	NA	NA
"HiG_3"	"Plxnc1"	0.000361620057860782	3.18446434286234e-17	"HiG"	0	0	NA	426.5	426.5	426.5	NA	NA	NA	NA	NA
"HiG_3"	"Pmaip1"	0.00294620666512614	0.0372201245858235	"HiG"	0.0272886597158663	6.18790469747535e-05	25.7340528569654	96	136	136	200	NA	NA	NA	NA
"HiG_3"	"Pml"	0.0099905816782979	0.449057612040324	"HiG"	0.169000962836463	0.000383222137951162	35.6798431483621	6	8	8	101	NA	NA	NA	NA
"HiG_3"	"Pnkp"	0.00142849572617443	0.00749541481159315	"HiG"	0.010746442337067	2.43683499706734e-05	28.9876517894724	221	259	259	156	NA	NA	NA	NA
"HiG_3"	"Pno1"	0.00314436147294245	0.219311890910524	"HiG"	0.0498230740946012	0.000112977492278007	39.5569564732652	89	74	74	71	NA	NA	NA	NA
"HiG_3"	"Pnpla7"	0.000601773189203925	0.000170320345428932	"HiG"	0.002583773633199	5.85889712743537e-06	12	364	367	367	355	NA	NA	NA	NA
"HiG_3"	"Pnpla8"	0.000565430383470343	0.00224882495029069	"HiG"	0.00273005525589829	6.19060148729771e-06	16.7610064142979	371	362	362	311	NA	NA	NA	NA
"HiG_3"	"Poc1a"	0.000821986163275611	0.0040996716736246	"HiG"	0.00546103681992591	1.2383303446544e-05	8.10746792159037	325	324	324	380	NA	NA	NA	NA
"HiG_3"	"Pparg"	0.00205599202839761	0.0550447820965976	"HiG"	0.0283313835352999	6.4243500080045e-05	42.540854821749	150	133	133	59	NA	NA	NA	NA
"HiG_3"	"Ppat"	0.00253858716536921	0.02694754953607	"HiG"	0.0323897111814851	7.34460571008732e-05	21.2347492581758	119	111	111	256	NA	NA	NA	NA
"HiG_3"	"Ppbp"	0.00212178349369819	0.0112878727725441	"HiG"	0.0258103040157564	5.8526766475638e-05	24.0746063022788	148	141	141	220	NA	NA	NA	NA
"HiG_3"	"Ppia"	0.00674423554171804	0.235650460816486	"HiG"	0.105922734222568	0.000240187605946865	39.6059384166419	24	23	23	70	NA	NA	NA	NA
"HiG_3"	"Ppic"	0.00123498075161097	0.0226338563969382	"HiG"	0.0158242588611462	3.58826731545264e-05	20.8202204051795	255	208	208	260	NA	NA	NA	NA
"HiG_3"	"Ppp1r3d"	0.000441595117563172	0.000639183996069638	"HiG"	0.0011101575432918	2.51736404374557e-06	18	395	388	388	302	NA	NA	NA	NA
"HiG_3"	"Ppp1r42"	0.000361620057860782	3.18446434286234e-17	"HiG"	0	0	NA	426.5	426.5	426.5	NA	NA	NA	NA	NA
"HiG_3"	"Prdx5"	0.00261005465022014	0.0157038204127413	"HiG"	0.0256673454806271	5.82025974617394e-05	18.8152105502467	113	142	142	292	NA	NA	NA	NA
"HiG_3"	"Prkcb"	0.00473526408193545	0.049877647125538	"HiG"	0.0687232440332533	0.000155835020483568	20.4897779363011	48	50	50	263	NA	NA	NA	NA
"HiG_3"	"Prmt1"	0.00865044321964412	0.36274154469095	"HiG"	0.143760589761093	0.000325987731884564	25.7404221789801	11	11	11	199	NA	NA	NA	NA
"HiG_3"	"Prmt3"	0.00218518230172084	0.1080275789773	"HiG"	0.0348614960230142	7.90510113900548e-05	39.0876177114727	146	103	103	75	NA	NA	NA	NA
"HiG_3"	"Prom1"	0.000613276332591256	0.00150659441794366	"HiG"	0.00354123836742785	8.03001897375929e-06	29	358	344	344	154.5	NA	NA	NA	NA
"HiG_3"	"Prr11"	0.00160069163589053	0.0988845408002506	"HiG"	0.0255636712979617	5.7967508612158e-05	44.8044416170243	200	143	143	49	NA	NA	NA	NA
"HiG_3"	"Prss57"	0.00191636236490373	0.0123979578619128	"HiG"	0.0260052155981358	5.89687428529157e-05	32.4826060842436	168	139	139	123	NA	NA	NA	NA
"HiG_3"	"Prtn3"	0.00422005684725226	0.0254428251379759	"HiG"	0.0585207651458158	0.000132700147722938	25.5528955065046	58	60	60	203	NA	NA	NA	NA
"HiG_3"	"Psph"	0.000510711657610223	0.00803870819407987	"HiG"	0.00291498104428621	6.60993434078506e-06	36	380	359	359	95.5	NA	NA	NA	NA
"HiG_3"	"Ptafr"	0.00154399833636848	0.00684174980444088	"HiG"	0.0182757356782881	4.14415775017871e-05	28.8262358496124	206	184	184	159	NA	NA	NA	NA
"HiG_3"	"Ptges3"	0.0039422027947954	0.0757335033571559	"HiG"	0.0465144541084548	0.000105474952626882	27.1488036779325	64	77	77	182	NA	NA	NA	NA
"HiG_3"	"Ptgr1"	0.000828131817529518	0.00159262666879499	"HiG"	0.00578612379730848	1.31204621254161e-05	13.2881059078064	323	318	318	338	NA	NA	NA	NA
"HiG_3"	"Ptgs1"	0.000732410929774539	0.00255367977010418	"HiG"	0.00636530747540017	1.44338037990934e-05	28.3265830168195	339	307	307	165	NA	NA	NA	NA
"HiG_3"	"Ptprcap"	0.00108133064768544	0.000140037562009735	"HiG"	0.00902910261508002	2.04741555897506e-05	13.1775767331698	281	276	276	339	NA	NA	NA	NA
"HiG_3"	"Pygl"	0.00269635995936086	0.0190475115087537	"HiG"	0.0313516920641513	7.10922722543113e-05	23.7415928430659	106	118	118	223	NA	NA	NA	NA
"HiG_3"	"Rab33b"	0.00193896800017205	0.0138823111014765	"HiG"	0.0217339415974899	4.92833142800225e-05	21.826062679624	167	161	161	248	NA	NA	NA	NA
"HiG_3"	"Rab3d"	0.00314399704984897	0.00707599325598579	"HiG"	0.0330895040066825	7.5032888904042e-05	19.1607062481971	90	109	109	286	NA	NA	NA	NA
"HiG_3"	"Rab7b"	0.000637094624133412	0.012512383563263	"HiG"	0.0044780364424197	1.01542776472102e-05	111	356	333	333	4.5	NA	NA	NA	NA
"HiG_3"	"Rap1gap2"	0.000361620057860782	3.18446434286234e-17	"HiG"	0	0	NA	426.5	426.5	426.5	NA	NA	NA	NA	NA
"HiG_3"	"Raph1"	0.000787251068357656	0.0139937472972619	"HiG"	0.00740402329571571	1.67891684710107e-05	40.1587664159031	332	293	293	67	NA	NA	NA	NA
"HiG_3"	"Rasgrp2"	0.00116700919168304	0.0174686697743489	"HiG"	0.0121695646542442	2.75953847035017e-05	60.2871763304501	266	246	246	22	NA	NA	NA	NA
"HiG_3"	"Rasgrp4"	0.000381663251102041	1.45951806726549e-06	"HiG"	0.000156839084111368	3.55644181658432e-07	8	410	410	410	383	NA	NA	NA	NA
"HiG_3"	"Rassf3"	0.000700849004293217	0.0106812373860457	"HiG"	0.00451863135239281	1.02463295972626e-05	80.7642930857792	342	331	331	11	NA	NA	NA	NA
"HiG_3"	"Rassf4"	0.000855010038992857	9.57096041713627e-05	"HiG"	0.00452185555476646	1.02536407137561e-05	7.21572442883776	315	330	330	389	NA	NA	NA	NA
"HiG_3"	"Rassf5"	0.00171136076977888	0.00131495578927399	"HiG"	0.0138690999300773	3.14492061906516e-05	20.0494559251691	185	226	226	273	NA	NA	NA	NA
"HiG_3"	"Rcc1"	0.00157702916466872	0.0697014605384428	"HiG"	0.0213905597471981	4.85046706285671e-05	55.4640813640738	202	162	162	30	NA	NA	NA	NA
"HiG_3"	"Rcl1"	0.00139246056442042	0.117243732445183	"HiG"	0.0219221243893651	4.97100326289458e-05	51.5114452050276	229	160	160	33	NA	NA	NA	NA
"HiG_3"	"Rdh12"	0.000802220940204987	0.00200834739348465	"HiG"	0.00610764770274596	1.38495412760679e-05	35.4687723674412	329	312	312	102	NA	NA	NA	NA
"HiG_3"	"Rgcc"	0.000361620057860782	3.18446434286234e-17	"HiG"	0	0	NA	426.5	426.5	426.5	NA	NA	NA	NA	NA
"HiG_3"	"Rhoj"	0.00696218162357157	0.0200370628850491	"HiG"	0.0839649445169875	0.000190396699585006	14.8914657521452	22	36	36	323	NA	NA	NA	NA
"HiG_3"	"Rhou"	0.00589159724516712	0.0162950381942365	"HiG"	0.0699781338780278	0.000158680575687138	13.1498283934684	32	48	48	340	NA	NA	NA	NA
"HiG_3"	"Rmi2"	0.000600128581162286	0.00619426709053869	"HiG"	0.00415029965253643	9.41111032321186e-06	57	365	339	339	26	NA	NA	NA	NA
"HiG_3"	"Rnf144a"	0.000983448922022448	0.00223288778411816	"HiG"	0.00795837124524996	1.80461932998865e-05	15.6959852152573	295	283	283	318	NA	NA	NA	NA
"HiG_3"	"Rnmt"	0.00156289582762667	0.0869217423116964	"HiG"	0.0211771678134288	4.80207886925823e-05	70.0059741882624	205	163	163	18	NA	NA	NA	NA
"HiG_3"	"Rogdi"	0.000361620057860782	3.18446434286234e-17	"HiG"	0	0	NA	426.5	426.5	426.5	NA	NA	NA	NA	NA
"HiG_3"	"S100a6"	0.00144448916534813	0.0224212106632111	"HiG"	0.0175169982960891	3.97210845716307e-05	31.5070587705289	220	190	190	132	NA	NA	NA	NA
"HiG_3"	"S100a8"	0.00452969299212973	0.0922487505809407	"HiG"	0.0726898964714653	0.000164829697214207	31.4216309918949	54	45	45	133	NA	NA	NA	NA
"HiG_3"	"S100a9"	0.0072452726115648	0.132447307812938	"HiG"	0.111287693144425	0.000252353045678969	28.2239258277062	20	19	19	167	NA	NA	NA	NA
"HiG_3"	"Sat1"	0.00126043497486219	0.0138783388046891	"HiG"	0.014395541477091	3.26429511952177e-05	47.7549100598702	249	221	221	41	NA	NA	NA	NA
"HiG_3"	"Satb1"	0.00168228784216444	0.0239730858806025	"HiG"	0.0158983082524552	3.60505856064743e-05	23.126172963945	187	207	207	234	NA	NA	NA	NA
"HiG_3"	"Scarf1"	0.000929598175765259	0.00399563174222604	"HiG"	0.0091700217461845	2.07937001047268e-05	19.7030204588757	305	272	272	281	NA	NA	NA	NA
"HiG_3"	"Scnn1a"	0.000382671309708303	6.17197336111797e-05	"HiG"	0.000275016511656593	6.2362020783808e-07	19	408	404	404	290	NA	NA	NA	NA
"HiG_3"	"Sell"	0.00348823236952105	0.00615521280304786	"HiG"	0.0406292064333016	9.2129719803405e-05	21.404006688886	77	89	89	252	NA	NA	NA	NA
"HiG_3"	"Sgms2"	0.000361620057860782	3.18446434286234e-17	"HiG"	0	0	NA	426.5	426.5	426.5	NA	NA	NA	NA	NA
"HiG_3"	"Sgsm2"	0.000472873428848551	0.00223372581088519	"HiG"	0.00190740742860006	4.3251869129253e-06	13	390	379	379	342	NA	NA	NA	NA
"HiG_3"	"Sh2d3c"	0.00269883981921079	0.0112356038772414	"HiG"	0.0321440910628782	7.28890953806763e-05	15.5542556790831	105	116	116	320	NA	NA	NA	NA
"HiG_3"	"Sh2d5"	0.000567804537066445	0.000345094443224607	"HiG"	0.00248804147474582	5.64181740305175e-06	11.9748974636731	369	370	370	356	NA	NA	NA	NA
"HiG_3"	"Sh3bp5"	0.00088142334071663	0.00846027459945767	"HiG"	0.00729658555168031	1.65455454686628e-05	40.6187161706258	311	295	295	65	NA	NA	NA	NA
"HiG_3"	"Shtn1"	0.000582307719329785	0.0106479528144286	"HiG"	0.00387927256652773	8.79653643203567e-06	20.868401793571	368	342	342	259	NA	NA	NA	NA
"HiG_3"	"Sirpa"	0.00128072250821362	0.00344191574233533	"HiG"	0.0127573080114938	2.89281360804849e-05	19.9605499719393	245	237	237	277	NA	NA	NA	NA
"HiG_3"	"Slc16a1"	0.00255269978591863	0.0722899960892819	"HiG"	0.0287070662090386	6.50953882291125e-05	56.9246054436298	118	130	130	27	NA	NA	NA	NA
"HiG_3"	"Slc27a4"	0.000961903020371925	0.00238761161233753	"HiG"	0.00763240273583454	1.73070356821645e-05	10.9565676622499	299	286	286	363	NA	NA	NA	NA
"HiG_3"	"Slc28a2"	0.000821665092783749	0.0035005975236274	"HiG"	0.00625928105277423	1.41933810720504e-05	13.787777492934	326	310	310	330	NA	NA	NA	NA
"HiG_3"	"Slc29a1"	0.00171684708343232	0.00783017852710457	"HiG"	0.0164418647355928	3.72831399900064e-05	21.457638183927	184	199	199	251	NA	NA	NA	NA
"HiG_3"	"Slc31a2"	0.000383237141229784	2.19850977644902e-05	"HiG"	0.000231246218799145	5.24367843081961e-07	9	407	407	407	373.5	NA	NA	NA	NA
"HiG_3"	"Slc39a10"	0.0026176612265217	0.0783753501809165	"HiG"	0.0379396427581686	8.6030935959566e-05	38.1405660970756	111	94	94	82	NA	NA	NA	NA
"HiG_3"	"Slc39a2"	0.00113787835114097	0.000394065902452629	"HiG"	0.00661156844940432	1.49922187061322e-05	12.5679741625931	273	305	305	352	NA	NA	NA	NA
"HiG_3"	"Slc40a1"	0.000422557587422319	0.0027678553181459	"HiG"	0.000990583202579686	2.24622041401289e-06	111	399	391	391	4.5	NA	NA	NA	NA
"HiG_3"	"Slc6a12"	0.00165060068693979	0.00119642876111697	"HiG"	0.00843136714144852	1.9118746352491e-05	11.0690551753329	193	280	280	361	NA	NA	NA	NA
"HiG_3"	"Slc6a13"	0.000624000603258228	1.43419683494766e-05	"HiG"	0.00157677121926875	3.57544494165249e-06	8	357	383	383	383	NA	NA	NA	NA
"HiG_3"	"Slc7a8"	0.000754455016723222	0.000724830502194709	"HiG"	0.00445911331005909	1.01113680500206e-05	12.6764517787075	335	334	334	347	NA	NA	NA	NA
"HiG_3"	"Slpi"	0.0025006290211679	0.0147801876392342	"HiG"	0.0361672420651106	8.20118867689582e-05	23.5036178895547	124	98	98	228	NA	NA	NA	NA
"HiG_3"	"Smpdl3a"	0.000361620057860782	3.18446434286234e-17	"HiG"	0	0	NA	426.5	426.5	426.5	NA	NA	NA	NA	NA
"HiG_3"	"Snrk"	0.00110352401361661	0.00484286080911929	"HiG"	0.00942289420193596	2.13671070338684e-05	26.5679459136909	278	268	268	188	NA	NA	NA	NA
"HiG_3"	"Socs2"	0.000977447773330996	0.00267479818988896	"HiG"	0.00915726412982119	2.07647712694358e-05	18.683095939598	296	273	273	295	NA	NA	NA	NA
"HiG_3"	"Sorl1"	0.0035233094410947	0.0671316251478782	"HiG"	0.0527236645531694	0.000119554794905146	42.6713712184976	73	72	72	58	NA	NA	NA	NA
"HiG_3"	"Sort1"	0.00341528885233766	0.0344255520772027	"HiG"	0.0501333238396097	0.000113681006439024	22.5663110958038	80	73	73	242	NA	NA	NA	NA
"HiG_3"	"Sp140"	0.000505996919666615	0.00980917245024295	"HiG"	0.00287327421933337	6.51536104157227e-06	38	381	360	360	84	NA	NA	NA	NA
"HiG_3"	"Spata13"	0.000486520154996455	3.96842529827328e-06	"HiG"	0.000949477326855819	2.15300981146444e-06	6.26370912043937	386	393	393	392	NA	NA	NA	NA
"HiG_3"	"Spint2"	0.00272902668302518	0.0213632068620753	"HiG"	0.0367909490052277	8.3426188220471e-05	27.8103181236624	103	97	97	173	NA	NA	NA	NA
"HiG_3"	"Spp1"	0.00255795299150985	0.00588090734797402	"HiG"	0.0322656802923642	7.31648079191931e-05	20.0683610400703	116	115	115	271	NA	NA	NA	NA
"HiG_3"	"Srm"	0.00184750112267758	0.0451851594359585	"HiG"	0.0237856782368506	5.3935778314854e-05	34.670468820985	174	151	151	108	NA	NA	NA	NA
"HiG_3"	"Srpk1"	0.00620533960485149	0.30460756154731	"HiG"	0.108110513113531	0.000245148555812996	33.9954657940677	28	21	21	114	NA	NA	NA	NA
"HiG_3"	"Srpk2"	0.00482051895082222	0.248453535179123	"HiG"	0.0857915539223635	0.000194538671025768	36.3529992505785	46	34	34	93	NA	NA	NA	NA
"HiG_3"	"Ssbp1"	0.00415712929499181	0.137484583071477	"HiG"	0.0559028650371907	0.000126763866297485	39.3849193406749	59	65	65	73	NA	NA	NA	NA
"HiG_3"	"Ssbp2"	0.00115634845358354	0.00797371822426923	"HiG"	0.0103493998183819	2.3468026799052e-05	22.9590837428866	270	261	261	238	NA	NA	NA	NA
"HiG_3"	"Stk10"	0.000839850527340605	0.00439135783591936	"HiG"	0.00747463125730872	1.69492772274574e-05	23.6930213450724	320	290	290	224	NA	NA	NA	NA
"HiG_3"	"Stk26"	0.00139898648837097	0.0201522518336547	"HiG"	0.016805848503817	3.81085000086553e-05	34.0070926890853	228	197	197	112	NA	NA	NA	NA
"HiG_3"	"Stom"	0.00198155302351076	0.00330568900503525	"HiG"	0.02084121555976	4.72589921990022e-05	20.9017900708693	159	168	168	258	NA	NA	NA	NA
"HiG_3"	"Stx11"	0.00099067175987124	0.00916073274722347	"HiG"	0.00629402692884257	1.42721699066725e-05	63.4662828862423	294	309	309	21	NA	NA	NA	NA
"HiG_3"	"Suclg2"	0.00219822122225394	0.0620284701549735	"HiG"	0.0247966877763667	5.62283169532125e-05	42.7751727980245	145	147	147	57	NA	NA	NA	NA
"HiG_3"	"Sun2"	0.00374976950004327	0.00867079335630619	"HiG"	0.0342917545317827	7.77590805709359e-05	12.6227214601496	70	106	106	351	NA	NA	NA	NA
"HiG_3"	"Syce2"	0.000361620057860782	3.18446434286234e-17	"HiG"	0	0	NA	426.5	426.5	426.5	NA	NA	NA	NA	NA
"HiG_3"	"Syne1"	0.00168082410103473	0.0199424723993933	"HiG"	0.0164453208987138	3.72909770945891e-05	26.1419360484985	188	198	198	193	NA	NA	NA	NA
"HiG_3"	"Syngr1"	0.000898163765540135	0.00406243352020139	"HiG"	0.00561872218387016	1.27408666300911e-05	34.2668444235177	310	321	321	109	NA	NA	NA	NA
"HiG_3"	"Tbc1d2"	0.00161702603115129	0.00113870111741068	"HiG"	0.0126996102491905	2.87973021523594e-05	7.87038587289022	197	238	238	385	NA	NA	NA	NA
"HiG_3"	"Tbc1d20"	0.000641747122943582	0.00347766007928465	"HiG"	0.00345881803512975	7.84312479621259e-06	43.5058191351715	351	347	347	54	NA	NA	NA	NA
"HiG_3"	"Tbc1d8"	0.00178873424601343	0.0023442077329635	"HiG"	0.0172397889034152	3.90924918444789e-05	18.5905337670639	179	194	194	297	NA	NA	NA	NA
"HiG_3"	"Tcf19"	0.00042981933848186	0.00309769271775537	"HiG"	0.00110862816883701	2.51389607446035e-06	111	397	389	389	4.5	NA	NA	NA	NA
"HiG_3"	"Tcn2"	0.000805518857378952	0.0101226760017554	"HiG"	0.0066914910042353	1.51734489891957e-05	72.6101233190188	328	303	303	14	NA	NA	NA	NA
"HiG_3"	"Tcp11l2"	0.000448303752253141	0.00144816261206008	"HiG"	0.00128467802480267	2.91310209705821e-06	46.6901451663056	393	387	387	46	NA	NA	NA	NA
"HiG_3"	"Tfec"	0.00184274149409322	0.00267872155867233	"HiG"	0.0236195712360493	5.35591184490914e-05	28.219346939328	175	152	152	168	NA	NA	NA	NA
"HiG_3"	"Thbs1"	0.00611009626900126	0.0369360947208292	"HiG"	0.0869915865046567	0.000197259833343893	24.7901415168687	29	31	31	212	NA	NA	NA	NA
"HiG_3"	"Thy1"	0.00401059029721352	0.0577152374309181	"HiG"	0.0545790029261266	0.000123761911397113	38.9851081697547	62	68	68	77	NA	NA	NA	NA
"HiG_3"	"Timm9"	0.00060546978568138	0.00194891812583673	"HiG"	0.00338495045551804	7.67562461568716e-06	18	362	348	348	302	NA	NA	NA	NA
"HiG_3"	"Timp2"	0.00153963390206341	0.00842882277457893	"HiG"	0.0164188688698957	3.72309951698316e-05	24.131151970952	208	200	200	219	NA	NA	NA	NA
"HiG_3"	"Tmc7"	0.000361620057860782	3.18446434286234e-17	"HiG"	0	0	NA	426.5	426.5	426.5	NA	NA	NA	NA	NA
"HiG_3"	"Tmed3"	0.00115878477997743	6.34615218177473e-05	"HiG"	0.00596950220094626	1.35362861699462e-05	5	268	314	314	397.5	NA	NA	NA	NA
"HiG_3"	"Tmem154"	0.00241080038572627	1.03470658866637e-18	"HiG"	0.000271080598579326	6.14695234873754e-07	1	131	405.5	405.5	409.5	NA	NA	NA	NA
"HiG_3"	"Tmem216"	0.00124394579590605	0.00372961988132498	"HiG"	0.0109370466927423	2.48005593939736e-05	17.5352124048374	253	256	256	306	NA	NA	NA	NA
"HiG_3"	"Tmem40"	0.000423423009316034	8.01078164881063e-05	"HiG"	0.000827131932169953	1.87558261263028e-06	51	398	395	395	35	NA	NA	NA	NA
"HiG_3"	"Tmem86a"	0.00152299303804489	0.000191812180676618	"HiG"	0.00718123698048182	1.62839840827252e-05	12.898746961773	211	297	297	344	NA	NA	NA	NA
"HiG_3"	"Tmx4"	0.00223872654099013	0.00227938475027746	"HiG"	0.0229670992730969	5.20795901884284e-05	13.3497720904723	142	156	156	335	NA	NA	NA	NA
"HiG_3"	"Tnf"	0.00563735107920697	0.0574150086426165	"HiG"	0.0866416025996695	0.00019646621904687	31.2444867371314	35	33	33	134	NA	NA	NA	NA
"HiG_3"	"Tnfaip2"	0.000935300880039223	0.0117291275962518	"HiG"	0.00923580553631491	2.09428696968592e-05	28.8026850491682	304	271	271	160	NA	NA	NA	NA
"HiG_3"	"Tnfrsf1b"	0.00689359021425694	0.0734355087879486	"HiG"	0.105933432962446	0.000240211866127996	31.7444175952873	23	22	22	127	NA	NA	NA	NA
"HiG_3"	"Tob1"	0.00091031587640925	0.0254111169316144	"HiG"	0.00906641476740749	2.05587636449149e-05	56.0890247091094	308	275	275	29	NA	NA	NA	NA
"HiG_3"	"Trem1"	0.00199502537855591	0.012662307660928	"HiG"	0.0209219964829828	4.74421688956527e-05	24.5097127401185	157	166	166	216	NA	NA	NA	NA
"HiG_3"	"Trip6"	0.00347456517812615	0.0392589662030919	"HiG"	0.0432807322040351	9.81422498957712e-05	28.8736450499697	78	80	80	157	NA	NA	NA	NA
"HiG_3"	"Tspan2"	0.0011841679557782	0.00732687982867453	"HiG"	0.0117076001244668	2.65478460872262e-05	20.0085848285374	261	251	251	274	NA	NA	NA	NA
"HiG_3"	"Tusc1"	0.000532692556968665	0.00922387245606984	"HiG"	0.00334474305015309	7.58445136089135e-06	36	376	352	352	95.5	NA	NA	NA	NA
"HiG_3"	"Tyrobp"	0.00595639957551281	0.0123213217766361	"HiG"	0.0797822069169947	0.000180912033825385	20.0789858360494	31	39	39	270	NA	NA	NA	NA
"HiG_3"	"Unc13d"	0.00145716077794847	0.00713136214199662	"HiG"	0.0178957717550001	4.05799813038551e-05	31.5538031921811	218	188	188	130	NA	NA	NA	NA
"HiG_3"	"Vsir"	0.00249523619685962	0.00300623026644883	"HiG"	0.028564083978511	6.4771165484152e-05	22.782642787622	125	131	131	240	NA	NA	NA	NA
"HiG_3"	"Wdr12"	0.00342807591726468	0.165456946742	"HiG"	0.0603100576045206	0.000136757500237008	25.91416647621	79	58	58	197	NA	NA	NA	NA
"HiG_3"	"Wdr36"	0.00512037990946131	0.439190503005875	"HiG"	0.0971790785720761	0.00022036072238566	36.7708633372553	42	26	26	91	NA	NA	NA	NA
"HiG_3"	"Wipi1"	0.00063937893412645	0.00180130562543158	"HiG"	0.00347973243278457	7.89054973420538e-06	13.3423677612101	353	345	345	336	NA	NA	NA	NA
"HiG_3"	"Xpc"	0.00190559504552053	0.0984153420738072	"HiG"	0.0259909800298289	5.89364626526733e-05	33.9227152848032	170	140	140	115	NA	NA	NA	NA
"HiG_3"	"Ypel3"	0.000839882679609621	0.0131829908559009	"HiG"	0.00758186524120128	1.7192438188665e-05	42.0281441938473	319	287	287	62	NA	NA	NA	NA
"HiG_3"	"Zmpste24"	0.00116038767376171	0.00282081712376987	"HiG"	0.00994646475722437	2.25543418531165e-05	11.6661394226818	267	265	265	359	NA	NA	NA	NA
"HiG_4"	"Abcc5"	0.00103876812994727	0.000360742007876418	"HiG"	0.00180069979147678	3.78298275520331e-06	23.5813705556338	291	373	373	188	NA	NA	NA	NA
"HiG_4"	"Abcg1"	0.00065797541166475	2.31248239841101e-06	"HiG"	0.000653975141373227	1.37389735582611e-06	3	355	421	421	431	NA	NA	NA	NA
"HiG_4"	"Abhd5"	0.000704717717139538	5.30935272413342e-05	"HiG"	0.00171489099589434	3.60271217624861e-06	5.68615129360733	348	376	376	422	NA	NA	NA	NA
"HiG_4"	"Abtb1"	0.000479566361539923	0.00280262913325328	"HiG"	0.00149232744301063	3.13514168699713e-06	53	405	385	385	27	NA	NA	NA	NA
"HiG_4"	"Acadm"	0.00131765627799303	0.00325351468195838	"HiG"	0.0084388961745287	1.77287734759006e-05	28.0268222378066	246	229	229	143	NA	NA	NA	NA
"HiG_4"	"Ackr1"	0.000560575904571588	0.000206721155402581	"HiG"	0.00157662097779922	3.31222894495634e-06	14.5491648885635	377	383	383	322	NA	NA	NA	NA
"HiG_4"	"Acsl1"	0.00106925510359857	0.010096360447499	"HiG"	0.00548681647404897	1.15269253656491e-05	43.4332473338954	285	282	282	55	NA	NA	NA	NA
"HiG_4"	"Acy1"	0.00033730604902381	3.54295106802565e-17	"HiG"	0	0	NA	458.5	458.5	458.5	NA	NA	NA	NA	NA
"HiG_4"	"Adcy6"	0.000671604089191421	0.000144777982616609	"HiG"	0.00247267070998835	5.19468636552174e-06	10.8682567344815	353	354	354	367	NA	NA	NA	NA
"HiG_4"	"Add2"	0.00149026329005195	0.00179060622908133	"HiG"	0.0103257877030269	2.169283130888e-05	32.8935287883916	224	194	194	106	NA	NA	NA	NA
"HiG_4"	"Adgra3"	0.00033730604902381	3.54295106802565e-17	"HiG"	0	0	NA	458.5	458.5	458.5	NA	NA	NA	NA	NA
"HiG_4"	"Adgre5"	0.00271602096362716	0.000869316744442861	"HiG"	0.0134671319044	2.82922939168067e-05	9.66240703594028	97	160	160	382	NA	NA	NA	NA
"HiG_4"	"Adgrg1"	0.0011018909127498	8.03562475317421e-06	"HiG"	0.00510091200268987	1.07162016863233e-05	9	274	291	291	387.5	NA	NA	NA	NA
"HiG_4"	"Adpgk"	0.00146090795852543	0.00384284087032497	"HiG"	0.00847050599089084	1.7795180653132e-05	16.9462256694342	226	226	226	287	NA	NA	NA	NA
"HiG_4"	"Agl"	0.00109634883605005	0.00192771958093571	"HiG"	0.00599242107379806	1.25891199029371e-05	24.4461353541004	277	267	267	179	NA	NA	NA	NA
"HiG_4"	"Agpat2"	0.000775827156001866	0.000298012531347065	"HiG"	0.0035485714702423	7.45498208034096e-06	9.17064788226399	336	320	320	385	NA	NA	NA	NA
"HiG_4"	"Agps"	0.000803566769111985	0.0289636249538431	"HiG"	0.00464757634371309	9.76381584813675e-06	65.3560621552424	333	301	301	12	NA	NA	NA	NA
"HiG_4"	"Ak1"	0.000741618989980968	0.000740125674533762	"HiG"	0.00315391011704758	6.62586159043608e-06	20.1312898644704	343	334	334	243	NA	NA	NA	NA
"HiG_4"	"Ak4"	0.00170289057954235	0.0017081061092709	"HiG"	0.00757795450020794	1.59200724794284e-05	12.5456496093797	190	242	242	348	NA	NA	NA	NA
"HiG_4"	"Aldh2"	0.00109968731145797	0.00268671330999644	"HiG"	0.00666972613936408	1.40120297045464e-05	25.1957216339159	276	254	254	174	NA	NA	NA	NA
"HiG_4"	"Aldoc"	0.00127764463358654	0.00327628598867496	"HiG"	0.00917142123429122	1.9267691668679e-05	31.4693572242667	250	211	211	117	NA	NA	NA	NA
"HiG_4"	"Ampd3"	0.0010570995874957	0.00130997525438799	"HiG"	0.00567830189205464	1.1929205655577e-05	14.9759430994398	287	276	276	314	NA	NA	NA	NA
"HiG_4"	"Ank1"	0.0018902663394379	0.000404093879124628	"HiG"	0.0149947756796316	3.15016295790579e-05	11.4466779644377	164	143	143	362	NA	NA	NA	NA
"HiG_4"	"Antxr2"	0.000488661083069573	5.32057922836863e-05	"HiG"	0.001212202134295	2.54664313927521e-06	18.9942641149587	401	399	399	261	NA	NA	NA	NA
"HiG_4"	"Anxa6"	0.00108056135206321	0.00155499125597416	"HiG"	0.0060105278811936	1.26271594142723e-05	35.9252520674696	281	266	266	88	NA	NA	NA	NA
"HiG_4"	"Apex1"	0.0109186075916895	0.191593614017074	"HiG"	0.0973568582921662	0.000204531214899509	22.0883400814163	8	13	13	213	NA	NA	NA	NA
"HiG_4"	"Aqp1"	0.00201828118412365	0.00185812505777501	"HiG"	0.0119441144832251	2.5092677485767e-05	12.700222433128	152	171	171	345	NA	NA	NA	NA
"HiG_4"	"Aqp9"	0.000929421670451497	0.000236338866592457	"HiG"	0.00464684525369254	9.76227994473222e-06	8.89315265017236	307	302	302	391	NA	NA	NA	NA
"HiG_4"	"Arfgef2"	0.00149669095860103	0.0152148217821761	"HiG"	0.00910788596764388	1.91342142177393e-05	16.4451459928066	222	212	212	293	NA	NA	NA	NA
"HiG_4"	"Arhgef18"	0.000937147944128187	0.000118096966833742	"HiG"	0.00182571080237023	3.83552689573578e-06	4.05013448964473	306	372	372	429	NA	NA	NA	NA
"HiG_4"	"Armcx2"	0.00043752534129158	0.00427688558737486	"HiG"	0.00140633784637049	2.95449127388759e-06	23.6776105744065	422	388	388	186	NA	NA	NA	NA
"HiG_4"	"Arx"	0.00108845985255965	0.0010330537435384	"HiG"	0.00723994973648992	1.5209978438004e-05	20.6258919676213	279	248	248	237	NA	NA	NA	NA
"HiG_4"	"Atad3a"	0.00260206004395063	0.0344934074880556	"HiG"	0.0210965545407776	4.43204927327261e-05	44.2847830610536	106	96	96	46	NA	NA	NA	NA
"HiG_4"	"Atp1b2"	0.00033730604902381	3.54295106802565e-17	"HiG"	0	0	NA	458.5	458.5	458.5	NA	NA	NA	NA	NA
"HiG_4"	"Bag2"	0.00442021993404847	0.100965770084764	"HiG"	0.0389732086136012	8.18764886840362e-05	48.5472169391172	49	48	48	37	NA	NA	NA	NA
"HiG_4"	"Bahcc1"	0.000606825582781745	0.00208832141387977	"HiG"	0.00218154157000928	4.58307052522957e-06	31.6774935391053	367	360	360	114	NA	NA	NA	NA
"HiG_4"	"Bcl11a"	0.000560108821133786	0.00018696438259201	"HiG"	0.00135167628945035	2.83965607027385e-06	10.517025964317	378	390	390	370	NA	NA	NA	NA
"HiG_4"	"Bcl2"	0.00832283995364532	0.0221918159610592	"HiG"	0.0708120082976117	0.00014876472331431	20.0084819457988	17	22	22	244	NA	NA	NA	NA
"HiG_4"	"Bex1"	0.000565667468373635	0.00048614526242003	"HiG"	0.0018714693879928	3.93165837813613e-06	7.67428272253126	375	369	369	402	NA	NA	NA	NA
"HiG_4"	"Bex4"	0.00033730604902381	3.54295106802565e-17	"HiG"	0	0	NA	458.5	458.5	458.5	NA	NA	NA	NA	NA
"HiG_4"	"Bnip3"	0.00312119777987918	0.0122755907666879	"HiG"	0.0241787850815763	5.07957669781015e-05	26.0239520524037	78	84	84	162	NA	NA	NA	NA
"HiG_4"	"Bri3"	0.000373622331031074	7.95127581190278e-07	"HiG"	0.000215822053442641	4.53407675299665e-07	7	435	436	436	408.5	NA	NA	NA	NA
"HiG_4"	"Bst2"	0.0011586198184649	0.000780225038262804	"HiG"	0.00727630803120631	1.52863614100973e-05	18.9730806580868	264	246	246	262	NA	NA	NA	NA
"HiG_4"	"Btg2"	0.00100159579013839	0.0132046802545913	"HiG"	0.00589276423765203	1.237975680179e-05	28.1747339525903	295	270	270	142	NA	NA	NA	NA
"HiG_4"	"Bzw2"	0.00156732713146479	0.00827944497115245	"HiG"	0.00990230292506273	2.0803157405594e-05	22.2620905812724	210	197	197	208	NA	NA	NA	NA
"HiG_4"	"C3ar1"	0.00137042355758958	0.000376533401891985	"HiG"	0.00786879503134417	1.65310819986222e-05	17.4216535090767	237	235	235	277	NA	NA	NA	NA
"HiG_4"	"Cacna1a"	0.00119022654507642	0.00106835959586506	"HiG"	0.00467188775252464	9.8148902363963e-06	25.5518937158522	259	300	300	168	NA	NA	NA	NA
"HiG_4"	"Cad"	0.00630039324886257	0.116998913344335	"HiG"	0.0606446372147992	0.000127404700031091	35.5303368438829	27	25	25	90	NA	NA	NA	NA
"HiG_4"	"Camk1d"	0.00108181439775664	0.000305714092766444	"HiG"	0.00577746213873747	1.21375255015493e-05	11.6652884724114	280	275	275	360	NA	NA	NA	NA
"HiG_4"	"Capn2"	0.00121813070381985	0.011621104871698	"HiG"	0.0087442041717716	1.83701768314529e-05	30.579565810488	255	218	218	125	NA	NA	NA	NA
"HiG_4"	"Casp12"	0.00103674198390957	0.00850643749525353	"HiG"	0.00707392487231269	1.48611867065393e-05	51.1541754702388	293	249	249	30	NA	NA	NA	NA
"HiG_4"	"Casp6"	0.00342474215636389	0.0159725446664136	"HiG"	0.0280462132422045	5.89206160550514e-05	25.9173952256567	68	71	71	165	NA	NA	NA	NA
"HiG_4"	"Ccdc125"	0.000367408014282824	7.29046369581825e-07	"HiG"	9.48532128744737e-05	1.99271455618642e-07	6	437	439	439	417	NA	NA	NA	NA
"HiG_4"	"Ccpg1"	0.00237578413771396	0.000109430576191581	"HiG"	0.0082308433918758	1.72916877980584e-05	2.89497320504063	118	232	232	432	NA	NA	NA	NA
"HiG_4"	"Cd320"	0.00173487675482406	0.000131753740168452	"HiG"	0.0103613949764582	2.17676365051642e-05	5.85510784737788	185	192	192	420	NA	NA	NA	NA
"HiG_4"	"Cd34"	0.000451475464980762	0.000384854290457031	"HiG"	0.00107390771156769	2.25610863774725e-06	17	416	404	404	285	NA	NA	NA	NA
"HiG_4"	"Cd48"	0.00313734972262128	0.00100877867919526	"HiG"	0.0189824443366341	3.98790847408278e-05	16.977207179998	75	107	107	286	NA	NA	NA	NA
"HiG_4"	"Cd55"	0.00263936984710049	0.0240468301073187	"HiG"	0.0164823156765215	3.46267136061375e-05	41.7865106948607	102	128	128	57	NA	NA	NA	NA
"HiG_4"	"Cd69"	0.00261120389938927	0.000426515612603567	"HiG"	0.0157774813744255	3.31459692740032e-05	10.44555518485	103	139	139	372	NA	NA	NA	NA
"HiG_4"	"Cd84"	0.00169488537960037	0.000836296411149865	"HiG"	0.0103426099187559	2.17281720982266e-05	15.6580617232437	194	193	193	304	NA	NA	NA	NA
"HiG_4"	"Cd93"	0.00224414609558103	0.000759908546900664	"HiG"	0.0164422196404769	3.45424782362961e-05	17.9620860577619	131	129	129	271	NA	NA	NA	NA
"HiG_4"	"Cda"	0.00125507403093363	0.000662882639869935	"HiG"	0.00697493120875236	1.465321682511e-05	5.67488328500283	252	251	251	423	NA	NA	NA	NA
"HiG_4"	"Cdk6"	0.00247211705527747	0.0453240529341553	"HiG"	0.0196410486825477	4.12627073162767e-05	49.6679860145374	114	105	105	34	NA	NA	NA	NA
"HiG_4"	"Cdkn3"	0.000909067865812981	0.00180764500875643	"HiG"	0.00440066198195435	9.24508819738309e-06	13.4109739532016	315	308	308	332	NA	NA	NA	NA
"HiG_4"	"Cenpv"	0.00261090442237401	0.079716888677315	"HiG"	0.0260032873896574	5.46287550202886e-05	52.7868476823678	104	76	76	28	NA	NA	NA	NA
"HiG_4"	"Clec4d"	0.00184948343849048	0.014451309240948	"HiG"	0.0144685184978144	3.0396047264316e-05	17.9884802403525	173	150	150	270	NA	NA	NA	NA
"HiG_4"	"Cluh"	0.0014965631855309	0.0344013381206431	"HiG"	0.0136512819915936	2.86791638478857e-05	21.7640266023032	223	157	157	219	NA	NA	NA	NA
"HiG_4"	"Clybl"	0.000386686400452279	3.47842694661243e-06	"HiG"	0.000297416966468164	6.24825559807068e-07	10	433	433	433	376.5	NA	NA	NA	NA
"HiG_4"	"Cmpk2"	0.000770187315340849	0.000357866584519731	"HiG"	0.00370113994720956	7.77550409077638e-06	22.5596582594943	337	316	316	204	NA	NA	NA	NA
"HiG_4"	"Cnn2"	0.00168462655578395	0.00451103036933263	"HiG"	0.0110418957379976	2.31972599537765e-05	27.5028355684431	197	186	186	151	NA	NA	NA	NA
"HiG_4"	"Cnn3"	0.00105109559771123	0.00362126977050154	"HiG"	0.00651381035699276	1.36844755399008e-05	31.4664217694483	289	259	259	118	NA	NA	NA	NA
"HiG_4"	"Cnp"	0.00288422667909284	0.0153507794990452	"HiG"	0.0224585291400015	4.71817839075662e-05	33.2858608399766	91	89	89	104	NA	NA	NA	NA
"HiG_4"	"Col18a1"	0.00132582784605792	0.0173485260086978	"HiG"	0.00960494914564891	2.01784645916994e-05	49.5499477632606	244	204	204	35	NA	NA	NA	NA
"HiG_4"	"Col1a2"	0.00377345431927861	0.00657067544808408	"HiG"	0.0319121300017974	6.70422899197423e-05	19.3231856034626	59	63	63	254	NA	NA	NA	NA
"HiG_4"	"Col5a1"	0.00606018512910419	0.00538675142445314	"HiG"	0.0508993054656245	0.000106931314003413	19.26990635741	30	32	32	256	NA	NA	NA	NA
"HiG_4"	"Cpa3"	0.00033730604902381	3.54295106802565e-17	"HiG"	0	0	NA	458.5	458.5	458.5	NA	NA	NA	NA	NA
"HiG_4"	"Cpd"	0.000822252250038283	0.00224350194415275	"HiG"	0.00389440276030323	8.18151840399839e-06	26.0090332517265	329	315	315	163	NA	NA	NA	NA
"HiG_4"	"Cpne3"	0.00232331113251167	0.0204985493912575	"HiG"	0.0184576165195088	3.87765052930858e-05	31.0158810568554	123	109	109	121	NA	NA	NA	NA
"HiG_4"	"Cpox"	0.0009030326067187	0.00310808199588266	"HiG"	0.00581948772261187	1.22258145433022e-05	28.8596978181492	316	272	272	134	NA	NA	NA	NA
"HiG_4"	"Csf2rb"	0.00426985807904426	0.00227361045744355	"HiG"	0.0324175415746351	6.81040789383091e-05	19.8377797445823	53	61	61	248	NA	NA	NA	NA
"HiG_4"	"Csrp3"	0.00143507434021055	6.75762286746299e-05	"HiG"	0.00584325518078261	1.22757461781147e-05	8.28492894927858	230	271	271	395	NA	NA	NA	NA
"HiG_4"	"Ctr9"	0.00152869462829549	0.0362192988827018	"HiG"	0.0114768555956717	2.41110411673776e-05	50.5809018167118	216	180	180	32	NA	NA	NA	NA
"HiG_4"	"Ctsc"	0.00117876589095034	0.000453546655282721	"HiG"	0.0073710986154319	1.54855012929242e-05	16.8967911304981	260	245	245	289	NA	NA	NA	NA
"HiG_4"	"Ctsd"	0.00187479578096399	0.0173762943036381	"HiG"	0.0149054114685772	3.13138896398681e-05	32.5358086509459	168	146	146	110	NA	NA	NA	NA
"HiG_4"	"Cxcr2"	0.00105195049889168	0.000122318585489507	"HiG"	0.00508118792754372	1.06747645536633e-05	11.9977250778925	288	292	292	354	NA	NA	NA	NA
"HiG_4"	"Cyp11a1"	0.00050894922836429	0.000161861585969899	"HiG"	0.00176236701881512	3.70245172019983e-06	25.2368293319941	392	375	375	172	NA	NA	NA	NA
"HiG_4"	"Dach1"	0.00199806347641952	0.0214468285777728	"HiG"	0.0158270160742532	3.32500337694395e-05	47.5835059985379	153	136	136	40	NA	NA	NA	NA
"HiG_4"	"Daxx"	0.00654926901409774	0.093146931885516	"HiG"	0.0684721398514221	0.000143849033301307	40.3304943844383	25	23	23	60	NA	NA	NA	NA
"HiG_4"	"Dctd"	0.000594270944976843	0.00165874196215188	"HiG"	0.00228932394567346	4.80950408754928e-06	22.8906057827855	370	357	357	198	NA	NA	NA	NA
"HiG_4"	"Dctpp1"	0.000918919843499395	0.0215584870660109	"HiG"	0.00637777857941076	1.33986944945604e-05	79.3061857441316	312	262	262	5	NA	NA	NA	NA
"HiG_4"	"Ddhd1"	0.000400951377312517	9.85493076195831e-05	"HiG"	0.000591487698458801	1.24262121524958e-06	36	429	427	427	87	NA	NA	NA	NA
"HiG_4"	"Ddt"	0.00045309631445942	0.000170620896668701	"HiG"	0.00103664302135468	2.1778214734342e-06	16	414	405	405	302	NA	NA	NA	NA
"HiG_4"	"Ddx21"	0.0124419523309499	0.458866028448587	"HiG"	0.146678755597846	0.000308148646213963	32.4157218580393	5	4	4	111	NA	NA	NA	NA
"HiG_4"	"Desi1"	0.000525317075562428	0.00165054842246311	"HiG"	0.00183419508080028	3.85335101008463e-06	35	388	370	370	92.5	NA	NA	NA	NA
"HiG_4"	"Dhx58"	0.00110083231475109	0.0066718683475875	"HiG"	0.00553438583628575	1.16268610006003e-05	27.355302179926	275	279	279	153	NA	NA	NA	NA
"HiG_4"	"Dkc1"	0.00963903827552271	0.452218419254144	"HiG"	0.119600898262906	0.000251262391308627	32.8604329010252	10	7	7	107	NA	NA	NA	NA
"HiG_4"	"Dlk1"	0.00192936436115105	0.000375855163501874	"HiG"	0.00974602718009199	2.0474847017e-05	10.4144730492064	162	200	200	374	NA	NA	NA	NA
"HiG_4"	"Dnajc6"	0.000561740727775159	0.00259869063075663	"HiG"	0.00235138064486679	4.939875304342e-06	31.2272587751167	376	355	355	119	NA	NA	NA	NA
"HiG_4"	"Dnmt3b"	0.00298923623219587	0.0219484498281518	"HiG"	0.0254595697489228	5.34864910691656e-05	34.0009950227711	87	78	78	97	NA	NA	NA	NA
"HiG_4"	"Dpp4"	0.00198089029182692	0.0142887227622656	"HiG"	0.0120918266919336	2.54029972519613e-05	15.6068994808095	156	170	170	305	NA	NA	NA	NA
"HiG_4"	"Dstn"	0.00120221324041004	0.00310376075412761	"HiG"	0.0054512452434565	1.14521958896145e-05	26.1970038106489	257	284	284	161	NA	NA	NA	NA
"HiG_4"	"Dtx3l"	0.00226638197137445	0.00186303693935324	"HiG"	0.0167062733941489	3.50972130129178e-05	11.8232302266222	125	124	124	358	NA	NA	NA	NA
"HiG_4"	"Dusp2"	0.000745906408309572	0.00117876669093781	"HiG"	0.00362345394274367	7.61229819904132e-06	23.2974073446482	341	318	318	192	NA	NA	NA	NA
"HiG_4"	"Dusp6"	0.00185065389855003	0.00468581363763661	"HiG"	0.013979623098086	2.93689560884159e-05	28.9908426211008	172	153	153	133	NA	NA	NA	NA
"HiG_4"	"E2f2"	0.00161015612903604	0.00662452779531438	"HiG"	0.0114196148428652	2.39907874850109e-05	28.5226169081486	207	182	182	140	NA	NA	NA	NA
"HiG_4"	"Egfl7"	0.00176663636865038	0.000835159489746911	"HiG"	0.0116135176084325	2.43981462362026e-05	15.1828562687354	181	177	177	311	NA	NA	NA	NA
"HiG_4"	"Egln3"	0.00511990609619657	0.0169975913352182	"HiG"	0.0404445592692612	8.49675614900445e-05	15.0287905352954	40	45	45	313	NA	NA	NA	NA
"HiG_4"	"Egr1"	0.00235425881884952	0.00933359274472708	"HiG"	0.0199638509025161	4.19408632405801e-05	36.6330262102998	119	104	104	82	NA	NA	NA	NA
"HiG_4"	"Ehd3"	0.000504956187089029	0.00052178267491522	"HiG"	0.00159593642399711	3.3528076134393e-06	13.037154560346	396	381	381	341	NA	NA	NA	NA
"HiG_4"	"Eif1ad"	0.0011584282228178	0.00117116168565586	"HiG"	0.00431293022734846	9.06077778854718e-06	15.9894237047112	265	310	310	303	NA	NA	NA	NA
"HiG_4"	"Enc1"	0.000493156441463542	9.72136260163215e-05	"HiG"	0.000927823760277683	1.9492095804153e-06	13.4103103516678	400	411	411	334	NA	NA	NA	NA
"HiG_4"	"Entpd5"	0.000570449479928752	0.000207095933958927	"HiG"	0.00171138839804482	3.59535377740509e-06	6.86205141669369	373	377	377	412	NA	NA	NA	NA
"HiG_4"	"Eps8"	0.00175420367579649	0.00147421229287345	"HiG"	0.012366263006221	2.59795441307163e-05	22.8486490079549	183	168	168	200	NA	NA	NA	NA
"HiG_4"	"Epsti1"	0.000394191795076247	0.00354870255987349	"HiG"	0.000788974953004197	1.657510405471e-06	47	431	419	419	41	NA	NA	NA	NA
"HiG_4"	"Erg"	0.00197938911317833	0.042443836759438	"HiG"	0.0182991123311228	3.8443513300678e-05	40.3123876666702	157	110	110	61	NA	NA	NA	NA
"HiG_4"	"Ermap"	0.000641609531363303	0.000207491115811538	"HiG"	0.00257911525237387	5.41830935372662e-06	28	360	349	349	148	NA	NA	NA	NA
"HiG_4"	"Esrp2"	0.000447414158598984	0.00113036135989553	"HiG"	0.00114214873748896	2.39947213758185e-06	27	418	401	401	155	NA	NA	NA	NA
"HiG_4"	"Exosc2"	0.00213612177684351	0.0825029629394259	"HiG"	0.0203483802044815	4.27486979085746e-05	33.5528275176324	141	100	100	101	NA	NA	NA	NA
"HiG_4"	"F2r"	0.00267924373688305	0.000329053542103958	"HiG"	0.0171036646441438	3.5932068580134e-05	11.8987152375163	100	123	123	356	NA	NA	NA	NA
"HiG_4"	"F2rl2"	0.00153785895193896	0.00113011450367933	"HiG"	0.00844847540937248	1.77488979188497e-05	19.0841333988634	212	228	228	259	NA	NA	NA	NA
"HiG_4"	"Fabp5"	0.000920528778727553	0.0246432969158257	"HiG"	0.00661426500112723	1.38955147082505e-05	70.647909783416	311	256	256	8	NA	NA	NA	NA
"HiG_4"	"Fam136a"	0.000879676451951536	7.45474597563265e-05	"HiG"	0.00304563094821553	6.39838434499062e-06	4.56932438454225	318	339	339	427	NA	NA	NA	NA
"HiG_4"	"Fam216a"	0.000650039999716535	8.72936706065614e-06	"HiG"	0.00196094294880716	4.11962804371251e-06	7	359	367	367	408.5	NA	NA	NA	NA
"HiG_4"	"Farsb"	0.00193833812866306	0.0400724482588562	"HiG"	0.0166602944743607	3.50006186436149e-05	30.556792764752	161	125	125	126	NA	NA	NA	NA
"HiG_4"	"Fbl"	0.0172078549972863	1	"HiG"	0.224292367410309	0.000471202452542665	33.5273393627548	2	2	2	102	NA	NA	NA	NA
"HiG_4"	"Fbxl5"	0.00101503482980446	0.000384221643831234	"HiG"	0.00356745835261349	7.49466040465019e-06	9.921511355674	294	319	319	379	NA	NA	NA	NA
"HiG_4"	"Fcer1a"	0.00168762203353049	0.000472339763193185	"HiG"	0.0113254136145002	2.37928857447483e-05	15.3764640282897	195	184	184	309	NA	NA	NA	NA
"HiG_4"	"Fchsd2"	0.000847044097261279	0.00109258253840104	"HiG"	0.00414550992966937	8.70905447409531e-06	28.659686996905	323	314	314	137	NA	NA	NA	NA
"HiG_4"	"Ffar2"	0.00111589530286098	3.33640713892522e-05	"HiG"	0.00481806776277594	1.01219910982688e-05	8.06615636102569	273	298	298	396	NA	NA	NA	NA
"HiG_4"	"Fgd4"	0.00175606325621712	0.00121910349974387	"HiG"	0.0110448930094825	2.32035567426103e-05	23.3918634873524	182	185	185	191	NA	NA	NA	NA
"HiG_4"	"Fgf3"	0.000989283231750292	0.0118031944754096	"HiG"	0.00724285641513919	1.52160849057546e-05	22.8546957964218	299	247	247	199	NA	NA	NA	NA
"HiG_4"	"Fry"	0.00033730604902381	3.54295106802565e-17	"HiG"	0	0	NA	458.5	458.5	458.5	NA	NA	NA	NA	NA
"HiG_4"	"Fth1"	0.001608547350306	0.0260602056812896	"HiG"	0.011754322116163	2.46939540255526e-05	53.4450906785926	209	173	173	25	NA	NA	NA	NA
"HiG_4"	"Furin"	0.00265845090926482	0.00263231720227257	"HiG"	0.0178221716131424	3.74415370024001e-05	16.2119192819685	101	114	114	299	NA	NA	NA	NA
"HiG_4"	"Fyn"	0.0124975135871739	0.0563822676474006	"HiG"	0.106149223154422	0.000223002569652147	23.6579365062212	4	9	9	187	NA	NA	NA	NA
"HiG_4"	"Gadd45a"	0.00120426486783807	0.00472252201800136	"HiG"	0.00659696257947388	1.38591650829283e-05	21.6288991790713	256	258	258	222	NA	NA	NA	NA
"HiG_4"	"Gadd45g"	0.000971424588430406	0.000143895555950158	"HiG"	0.00463195469259401	9.73099725334876e-06	7	302	303	303	408.5	NA	NA	NA	NA
"HiG_4"	"Gar1"	0.00777512993152662	0.364686082136105	"HiG"	0.0975949344315414	0.000205031374856179	33.7142857802904	21	12	12	100	NA	NA	NA	NA
"HiG_4"	"Gart"	0.00275306270491635	0.032059252827232	"HiG"	0.0217118922118575	4.56132189324738e-05	36.5550024782899	96	94	94	84	NA	NA	NA	NA
"HiG_4"	"Gata1"	0.00257209395730977	0.0147296386687537	"HiG"	0.0203617213477026	4.27767255203837e-05	26.3273303506661	108	99	99	160	NA	NA	NA	NA
"HiG_4"	"Gata2"	0.00161763238099019	0.00478722642809121	"HiG"	0.0113361708174987	2.38154849107115e-05	19.3218139758856	206	183	183	255	NA	NA	NA	NA
"HiG_4"	"Gatad2b"	0.00188898494543247	0.00304433434012209	"HiG"	0.00846129494957415	1.77758297259961e-05	13.2800224603068	165	227	227	336	NA	NA	NA	NA
"HiG_4"	"Gatm"	0.00033730604902381	3.54295106802565e-17	"HiG"	0	0	NA	458.5	458.5	458.5	NA	NA	NA	NA	NA
"HiG_4"	"Gca"	0.00115216767679697	0.000181679009852721	"HiG"	0.00422146652466926	8.86862715266651e-06	7.15039579690765	267	312	312	404	NA	NA	NA	NA
"HiG_4"	"Gcnt1"	0.000506505640835484	0.000278181541344618	"HiG"	0.00147906905592699	3.10728793261973e-06	28	395	386	386	146.5	NA	NA	NA	NA
"HiG_4"	"Gda"	0.000741586449940593	0.00108882924232715	"HiG"	0.00366586717350527	7.70140162501106e-06	10.8279063706799	344	317	317	368	NA	NA	NA	NA
"HiG_4"	"Gemin6"	0.00122181721996823	0.0301060629065444	"HiG"	0.00944835614622765	1.98494877021589e-05	26.3586320738079	254	206	206	159	NA	NA	NA	NA
"HiG_4"	"Gimap1"	0.00104384151472308	9.68573631158479e-05	"HiG"	0.00426671745967022	8.96369214216433e-06	7.01819224184509	290	311	311	405	NA	NA	NA	NA
"HiG_4"	"Gja1"	0.00439407592856479	0.0149729983202288	"HiG"	0.0312473531530108	6.56456999012833e-05	21.8697667453777	51	65	65	218	NA	NA	NA	NA
"HiG_4"	"Glb1"	0.00224870699348233	2.04815872203147e-18	"HiG"	0.000631960484333527	1.32764807633094e-06	1	127.5	423.5	423.5	437.5	NA	NA	NA	NA
"HiG_4"	"Glrx"	0.0005280557960644	6.31296193360313e-05	"HiG"	0.00126319338864245	2.65376762319842e-06	8	387	396	396	398	NA	NA	NA	NA
"HiG_4"	"Gmfg"	0.00135463513624708	6.79982811023233e-05	"HiG"	0.0075222183273329	1.58029796792708e-05	10.9018211464863	242	243	243	366	NA	NA	NA	NA
"HiG_4"	"Gmpr"	0.000569608183345873	0.0104611619093127	"HiG"	0.00308744964285522	6.48623874549416e-06	31.4944791702577	374	336	336	116	NA	NA	NA	NA
"HiG_4"	"Gna14"	0.00137111767658419	0.000302595870852752	"HiG"	0.00701273877582377	1.47326444870247e-05	8.6671314097593	236	250	250	394	NA	NA	NA	NA
"HiG_4"	"Golim4"	0.000546231963199397	0.000108928010927568	"HiG"	0.00166485271805948	3.49758974382244e-06	13.5521440326817	381	379	379	329	NA	NA	NA	NA
"HiG_4"	"Gp1bb"	0.00260900750147267	0.000378106993317006	"HiG"	0.0180085827325471	3.78331570011494e-05	14.9550654969742	105	112	112	315	NA	NA	NA	NA
"HiG_4"	"Gp5"	0.00114419371520572	0.000117374788591264	"HiG"	0.00581875098044734	1.22242667656457e-05	14.7442566362537	269	273	273	321	NA	NA	NA	NA
"HiG_4"	"Gp9"	0.0021960131273023	0.000236900229393178	"HiG"	0.013360779594696	2.80688646947394e-05	11.8799015766841	133	162	162	357	NA	NA	NA	NA
"HiG_4"	"Gpr174"	0.00033730604902381	3.54295106802565e-17	"HiG"	0	0	NA	458.5	458.5	458.5	NA	NA	NA	NA	NA
"HiG_4"	"Gpt2"	0.000587152546451363	0.00030795452589545	"HiG"	0.00206833535634984	4.34524234527278e-06	24.3501766362868	372	365	365	180	NA	NA	NA	NA
"HiG_4"	"Gpx3"	0.000631539745804211	0.000509530014324817	"HiG"	0.00216168027350331	4.54134511240192e-06	7	361	362	362	408.5	NA	NA	NA	NA
"HiG_4"	"Gypa"	0.00107532917486644	0.000702913839009497	"HiG"	0.00566310662572323	1.18972828271496e-05	7.81075233234977	282	277	277	400	NA	NA	NA	NA
"HiG_4"	"Gzmb"	0.00331717432534815	0.00579979884067849	"HiG"	0.0246318365128799	5.17475556993276e-05	23.4051831226235	70	80	80	190	NA	NA	NA	NA
"HiG_4"	"Hacd4"	0.00033730604902381	3.54295106802565e-17	"HiG"	0	0	NA	458.5	458.5	458.5	NA	NA	NA	NA	NA
"HiG_4"	"Havcr2"	0.0014178249530218	0.00443959436682349	"HiG"	0.00661344397112395	1.38937898553024e-05	17.6275034521866	232	257	257	273	NA	NA	NA	NA
"HiG_4"	"Hdc"	0.00033730604902381	3.54295106802565e-17	"HiG"	0	0	NA	458.5	458.5	458.5	NA	NA	NA	NA	NA
"HiG_4"	"Hdhd2"	0.000475841842362289	0.000239709431577346	"HiG"	0.00107937159606436	2.26758738668984e-06	45	406	403	403	45	NA	NA	NA	NA
"HiG_4"	"Hebp1"	0.000377490797945658	0.000539070965729848	"HiG"	0.000426852031990694	8.96747966367003e-07	37	434	432	432	78	NA	NA	NA	NA
"HiG_4"	"Helz2"	0.0013591684990988	0.00362591912007079	"HiG"	0.00855735839516197	1.79776436873151e-05	22.5980246928246	241	222	222	203	NA	NA	NA	NA
"HiG_4"	"Herc6"	0.000964567273087748	0.000302887580705202	"HiG"	0.00518692714458558	1.08969057659361e-05	17.2514154300657	303	290	290	280	NA	NA	NA	NA
"HiG_4"	"Hes1"	0.000608617490635847	0.021584425577831	"HiG"	0.00320690217478225	6.73718944281986e-06	126.318793401479	366	332	332	2	NA	NA	NA	NA
"HiG_4"	"Hipk1"	0.00181399943304789	0.00973391125954253	"HiG"	0.0136686656967963	2.8715684236967e-05	20.5206821789821	177	155	155	240	NA	NA	NA	NA
"HiG_4"	"Hmga2"	0.00300967362540881	0.0153179182809382	"HiG"	0.024319420999791	5.10912205877963e-05	22.2378966857404	85	82	82	210	NA	NA	NA	NA
"HiG_4"	"Hmgn3"	0.000957951456831251	0.00681255118647929	"HiG"	0.005461515620192	1.14737723113277e-05	18.3592950066004	304	283	283	267	NA	NA	NA	NA
"HiG_4"	"Hmox1"	0.0017265790679261	0.000673249921963395	"HiG"	0.00810017699379594	1.70171785583948e-05	9.70799590542077	186	233	233	381	NA	NA	NA	NA
"HiG_4"	"Hook1"	0.000973660356707158	0.00601249961837013	"HiG"	0.00665026316133606	1.39711410952438e-05	19.8468972939437	301	255	255	247	NA	NA	NA	NA
"HiG_4"	"Hsph1"	0.00520590046691937	0.159724928266335	"HiG"	0.0514991129476597	0.000108191413755588	62.7988211949189	38	31	31	14	NA	NA	NA	NA
"HiG_4"	"Ifih1"	0.00169684834366338	0.00121538119120514	"HiG"	0.00964023299317595	2.02525903217982e-05	11.0323663865559	193	201	201	364	NA	NA	NA	NA
"HiG_4"	"Ift80"	0.00046158968348796	0.00244847581574359	"HiG"	0.00130374997177759	2.73897052894451e-06	53	411	394	394	26	NA	NA	NA	NA
"HiG_4"	"Igfbp4"	0.00327026845898413	0.00501686636701099	"HiG"	0.0272296535444337	5.72051545051129e-05	21.2488768066994	71	74	74	227	NA	NA	NA	NA
"HiG_4"	"Ikzf2"	0.000920706346963598	0.0165587210446239	"HiG"	0.00527516784844448	1.10822853958918e-05	64.1447975836129	310	287	287	13	NA	NA	NA	NA
"HiG_4"	"Il12a"	0.00207417316129616	0.00234211092458839	"HiG"	0.0138633184343616	2.91246185595833e-05	16.8992302276321	149	154	154	288	NA	NA	NA	NA
"HiG_4"	"Il1b"	0.00481946628597089	0.0144895945387585	"HiG"	0.0385089900960973	8.09012396976834e-05	21.5081133279346	46	49	49	223	NA	NA	NA	NA
"HiG_4"	"Il1rl1"	0.000915378855017996	0.000421263743588582	"HiG"	0.00495883912564514	1.0417729255557e-05	19.652771564967	313	294	294	251	NA	NA	NA	NA
"HiG_4"	"Il6"	0.00199563930735886	0.000649087480715053	"HiG"	0.0139934034206545	2.93979063459129e-05	18.4308555207952	154	152	152	265	NA	NA	NA	NA
"HiG_4"	"Impdh2"	0.00356488163057852	0.0738377958443648	"HiG"	0.0327843321992963	6.88746474775132e-05	37.0200220711694	66	59	59	76	NA	NA	NA	NA
"HiG_4"	"Inpp4b"	0.000765738365223062	5.47342799219308e-05	"HiG"	0.00226313003271767	4.75447485865057e-06	6	338	358	358	418.5	NA	NA	NA	NA
"HiG_4"	"Irf9"	0.00388184134597942	0.0100077041320679	"HiG"	0.0319452938364221	6.71119618412228e-05	22.6532222878561	58	62	62	201	NA	NA	NA	NA
"HiG_4"	"Isg15"	0.00438415132845148	0.0152272907431252	"HiG"	0.0335614109014653	7.0507165759381e-05	17.2433679436582	52	56	56	281	NA	NA	NA	NA
"HiG_4"	"Isg20"	0.00138905465742523	0.000596734261185217	"HiG"	0.00899278675765006	1.8892409154727e-05	16.5967776216038	235	215	215	292	NA	NA	NA	NA
"HiG_4"	"Itga2b"	0.0102141985058803	0.0203861676017766	"HiG"	0.107208709338128	0.000225228380962454	22.9919373023544	9	8	8	196	NA	NA	NA	NA
"HiG_4"	"Itgb2"	0.00299674639363906	0.00173106481823321	"HiG"	0.0206071932267988	4.32924227453757e-05	16.2622313830169	86	98	98	296	NA	NA	NA	NA
"HiG_4"	"Itgb3"	0.0118442231735755	0.0237270404945308	"HiG"	0.12509667934615	0.000262808149886869	19.2160427601696	6	5	5	257	NA	NA	NA	NA
"HiG_4"	"Jun"	0.00881952394780188	0.0931012317344997	"HiG"	0.0802569368041871	0.00016860701009283	25.3245741743551	13	18	18	171	NA	NA	NA	NA
"HiG_4"	"Kat2a"	0.00495593878716544	0.163130980722986	"HiG"	0.0466299247082624	9.79620266980302e-05	68.2376686645747	43	37	37	11	NA	NA	NA	NA
"HiG_4"	"Kcne3"	0.00270443866859262	0.000695350158214896	"HiG"	0.0165810458872261	3.48341300151809e-05	8.68360819883426	99	127	127	393	NA	NA	NA	NA
"HiG_4"	"Kdm7a"	0.000425629787118998	0.000607371885649631	"HiG"	0.000893150863159966	1.87636735957976e-06	54.4962561212737	425	415	415	23	NA	NA	NA	NA
"HiG_4"	"Kel"	0.00033730604902381	3.54295106802565e-17	"HiG"	0	0	NA	458.5	458.5	458.5	NA	NA	NA	NA	NA
"HiG_4"	"Kit"	0.00280119131137425	0.00349150601903807	"HiG"	0.0221952437146562	4.66286632660845e-05	25.7189652599493	94	92	92	167	NA	NA	NA	NA
"HiG_4"	"Klf1"	0.00219119961178885	0.0102069716582087	"HiG"	0.0164038525633308	3.44618751330478e-05	33.2143655555954	134	130	130	105	NA	NA	NA	NA
"HiG_4"	"Klhdc4"	0.000653843683253237	0.00412292564701413	"HiG"	0.00338196473941614	7.10496793994987e-06	16.2146902787372	358	328	328	298	NA	NA	NA	NA
"HiG_4"	"Lamc1"	0.0023769307193402	0.00497774632424476	"HiG"	0.0158087939238062	3.32117519407694e-05	20.5246965807169	117	137	137	239	NA	NA	NA	NA
"HiG_4"	"Lat"	0.00167467812201319	0.00119315446279691	"HiG"	0.00857357271835967	1.80117073915119e-05	21.0155175973415	200	220	220	232	NA	NA	NA	NA
"HiG_4"	"Lgals3bp"	0.00376293481083452	0.0200480288433058	"HiG"	0.0301796273989733	6.34025785692716e-05	23.5370815097676	60	66	66	189	NA	NA	NA	NA
"HiG_4"	"Lgalsl"	0.000532671697913724	7.95645403305783e-05	"HiG"	0.0012993453567884	2.72971713611009e-06	9	386	395	395	387.5	NA	NA	NA	NA
"HiG_4"	"Lipa"	0.00033730604902381	3.54295106802565e-17	"HiG"	0	0	NA	458.5	458.5	458.5	NA	NA	NA	NA	NA
"HiG_4"	"Lrp12"	0.0021800485698195	0.00143650641230903	"HiG"	0.015490436330792	3.25429334680504e-05	10.1256894297013	135	140	140	375	NA	NA	NA	NA
"HiG_4"	"Lrpap1"	0.00324288475629801	0.0156931332759786	"HiG"	0.0291620223977649	6.12647529364809e-05	14.440895249219	73	68	68	325	NA	NA	NA	NA
"HiG_4"	"Ltbp1"	0.000541040319538245	9.89971598413789e-06	"HiG"	0.000983411795913043	2.06599116788454e-06	6.24701106126613	383	408	408	413	NA	NA	NA	NA
"HiG_4"	"Lyar"	0.0060857987634255	0.335092361483675	"HiG"	0.0739737879760257	0.000155407117596693	43.7902178579617	29	21	21	52	NA	NA	NA	NA
"HiG_4"	"Lzts2"	0.00232415262043446	0.00483132300228801	"HiG"	0.0172760744130429	3.62942739769809e-05	25.2190758151076	122	119	119	173	NA	NA	NA	NA
"HiG_4"	"Mad1l1"	0.00170167526341294	0.00624704281022428	"HiG"	0.00961993208689508	2.02099413590233e-05	23.7760325211076	191	202	202	184	NA	NA	NA	NA
"HiG_4"	"Mapk3"	0.00441015762686143	0.0190164269379347	"HiG"	0.0360225564587875	7.56776396193015e-05	24.1904592697157	50	53	53	181	NA	NA	NA	NA
"HiG_4"	"Marcksl1"	0.00136924105043475	0.0245544912337313	"HiG"	0.00974647783346428	2.04757937677821e-05	43.7140489471426	238	199	199	53	NA	NA	NA	NA
"HiG_4"	"Mboat1"	0.000840894300691834	0.000285677434175743	"HiG"	0.00286330598830926	6.01534871493543e-06	4.25679647269044	324	341	341	428	NA	NA	NA	NA
"HiG_4"	"Mboat2"	0.00033730604902381	3.54295106802565e-17	"HiG"	0	0	NA	458.5	458.5	458.5	NA	NA	NA	NA	NA
"HiG_4"	"Med21"	0.00216629017900109	0.0171810773968053	"HiG"	0.0160740795119058	3.37690746048442e-05	37.7285907595429	137	133	133	75	NA	NA	NA	NA
"HiG_4"	"Mef2c"	0.00305135522306169	0.00545159352532223	"HiG"	0.0233624088064192	4.90806907697881e-05	24.7416644973475	83	85	85	177	NA	NA	NA	NA
"HiG_4"	"Megf9"	0.000440771568145973	1.84182714112685e-05	"HiG"	0.000613637045225322	1.28915345635572e-06	10	419	425	425	376.5	NA	NA	NA	NA
"HiG_4"	"Meis1"	0.00403575993237769	0.00847449594450039	"HiG"	0.0394032546843485	8.27799468158582e-05	17.609142922751	57	47	47	274	NA	NA	NA	NA
"HiG_4"	"Mfge8"	0.000832005780246535	0.00965448437800186	"HiG"	0.00484129286645065	1.01707833328795e-05	54.5039763110064	327	297	297	22	NA	NA	NA	NA
"HiG_4"	"Mllt3"	0.00151723716624845	0.00638280111042292	"HiG"	0.00919547499295068	1.93182247751065e-05	21.1721818858771	220	210	210	229	NA	NA	NA	NA
"HiG_4"	"Mmp14"	0.0034482538822352	0.00936788353683666	"HiG"	0.0278992619159917	5.86118947814951e-05	24.4467658364889	67	73	73	178	NA	NA	NA	NA
"HiG_4"	"Mov10"	0.00582073380580315	0.0918041403713549	"HiG"	0.0482679515309262	0.000101403259518752	25.1213572026406	32	36	36	176	NA	NA	NA	NA
"HiG_4"	"Mpl"	0.0018130965279449	0.00218522880517555	"HiG"	0.0135644600632516	2.84967648387638e-05	28.674164799641	178	159	159	136	NA	NA	NA	NA
"HiG_4"	"Mpp1"	0.00214983282793787	0.0061686959399073	"HiG"	0.0133983114059329	2.81477130376741e-05	23.9323044180377	139	161	161	183	NA	NA	NA	NA
"HiG_4"	"Ms4a2"	0.00149835565704378	0.000685238470000226	"HiG"	0.00982181130774413	2.06340573692104e-05	16.1984765963612	221	198	198	300	NA	NA	NA	NA
"HiG_4"	"Ms4a3"	0.00115578140910315	0.000213989974406993	"HiG"	0.00351328255754367	7.38084570912537e-06	7.75928099755589	266	323	323	401	NA	NA	NA	NA
"HiG_4"	"Msh6"	0.00181727807236327	0.0249258353345459	"HiG"	0.0136521034252491	2.86808895488427e-05	39.8534602164106	176	156	156	64	NA	NA	NA	NA
"HiG_4"	"Msi2"	0.000848762257280566	0.00334308627968308	"HiG"	0.00458804476679386	9.63874951007113e-06	36.549808008979	322	304	304	85	NA	NA	NA	NA
"HiG_4"	"Mtap"	0.00170711253068365	0.00509850499933062	"HiG"	0.00960919372894878	2.01873817835058e-05	22.5192071519999	189	203	203	206	NA	NA	NA	NA
"HiG_4"	"Muc13"	0.000598621954467795	0.000193703553456553	"HiG"	0.00198044360797744	4.16059581507866e-06	37	368	366	366	78	NA	NA	NA	NA
"HiG_4"	"Mxi1"	0.00059581762070743	0.00876020324776888	"HiG"	0.00270727806943351	5.68755896939814e-06	76.1577254680628	369	348	348	6	NA	NA	NA	NA
"HiG_4"	"Myb"	0.00283451177906417	0.036560227913759	"HiG"	0.02266284212513	4.76110128679202e-05	43.811139521851	92	88	88	51	NA	NA	NA	NA
"HiG_4"	"Mybbp1a"	0.00305476477099735	0.128399467518685	"HiG"	0.0338177764015697	7.10457487427936e-05	37.8307114590737	82	55	55	72	NA	NA	NA	NA
"HiG_4"	"Myc"	0.0345502506877894	0.708282069091352	"HiG"	0.358388918827533	0.000752917896696497	22.2466706265196	1	1	1	209	NA	NA	NA	NA
"HiG_4"	"Mycn"	0.00869490584954171	0.0900825781255822	"HiG"	0.0760035918627248	0.000159671411476313	22.1846064736385	14	20	20	211	NA	NA	NA	NA
"HiG_4"	"Myct1"	0.00033730604902381	3.54295106802565e-17	"HiG"	0	0	NA	458.5	458.5	458.5	NA	NA	NA	NA	NA
"HiG_4"	"Myh10"	0.0024967954004316	0.0486869825282247	"HiG"	0.0223979400792132	4.70544959647335e-05	56.0533564961125	110	90	90	20	NA	NA	NA	NA
"HiG_4"	"Mylk3"	0.00074844461396472	0.000431192350186401	"HiG"	0.00352930588402058	7.4145081597071e-06	21.5011628923393	340	322	322	224	NA	NA	NA	NA
"HiG_4"	"Nceh1"	0.00207518369661078	3.89162758068979e-06	"HiG"	0.00579725589448544	1.21791090220282e-05	2.87661075744537	148	274	274	433	NA	NA	NA	NA
"HiG_4"	"Ncoa7"	0.000440683836585046	0.000528922000076059	"HiG"	0.00101278452656017	2.12769858521045e-06	23	420	407	407	195	NA	NA	NA	NA
"HiG_4"	"Ncs1"	0.000809675268074017	1.9919289454327e-05	"HiG"	0.00275584594129845	5.7895923136522e-06	8.05277384764884	331	346	346	397	NA	NA	NA	NA
"HiG_4"	"Ndrg2"	0.000484663394011134	0.000428287571127759	"HiG"	0.00112703219092575	2.36771468681881e-06	27.3792432170402	404	402	402	152	NA	NA	NA	NA
"HiG_4"	"Ndst1"	0.00033730604902381	3.54295106802565e-17	"HiG"	0	0	NA	458.5	458.5	458.5	NA	NA	NA	NA	NA
"HiG_4"	"Nefh"	0.000840235384329173	0.00147384178287884	"HiG"	0.00441410586455952	9.27333164823429e-06	33.92287860772	325	307	307	98	NA	NA	NA	NA
"HiG_4"	"Neil3"	0.00100140685050969	0.00331330880447509	"HiG"	0.00589837132401061	1.23915363949803e-05	25.8588219995402	296	269	269	166	NA	NA	NA	NA
"HiG_4"	"Nfix"	0.00308813491280363	0.00650603253398363	"HiG"	0.0202296643188355	4.24992947874695e-05	21.3192134209502	81	101	101	226	NA	NA	NA	NA
"HiG_4"	"Nkg7"	0.00323805169748697	8.88435029283788e-05	"HiG"	0.017256264790919	3.62526571237795e-05	8.9094509410341	74	120	120	390	NA	NA	NA	NA
"HiG_4"	"Nlgn2"	0.000537772609097042	6.46503408033867e-05	"HiG"	0.0014465895341005	3.03905364306827e-06	20	385	387	387	245.5	NA	NA	NA	NA
"HiG_4"	"Nlrp6"	0.00033730604902381	3.54295106802565e-17	"HiG"	0	0	NA	458.5	458.5	458.5	NA	NA	NA	NA	NA
"HiG_4"	"Nme4"	0.0022275274138332	0.0118133773691016	"HiG"	0.0172242204378507	3.61853370543082e-05	30.9479099930717	132	121	121	124	NA	NA	NA	NA
"HiG_4"	"Noc2l"	0.00552327257377209	0.286043152221891	"HiG"	0.0666792983380474	0.000140082559533713	41.299663498791	34	24	24	58	NA	NA	NA	NA
"HiG_4"	"Noc3l"	0.00246488838931456	0.102058287476908	"HiG"	0.0268587106622541	5.6425862735828e-05	48.0800847479856	115	75	75	39	NA	NA	NA	NA
"HiG_4"	"Nolc1"	0.00789976684411091	0.527447399059103	"HiG"	0.100456466763026	0.000211042997401316	39.589030864419	20	11	11	66	NA	NA	NA	NA
"HiG_4"	"Nop14"	0.00156673537443011	0.0758063557009122	"HiG"	0.0162985774479363	3.4240708924236e-05	36.9281670300425	211	131	131	80	NA	NA	NA	NA
"HiG_4"	"Nop2"	0.00817122334012486	0.449637625883199	"HiG"	0.103628501205031	0.000217706935304687	38.5755134521043	18	10	10	68	NA	NA	NA	NA
"HiG_4"	"Nop56"	0.0137093667610778	0.892406659627206	"HiG"	0.180760121332576	0.000379748154060035	37.77423275356	3	3	3	73	NA	NA	NA	NA
"HiG_4"	"Nop58"	0.00942760822241851	0.729476397919859	"HiG"	0.123760342933679	0.000260000720448904	39.7348383366925	11	6	6	65	NA	NA	NA	NA
"HiG_4"	"Npm3"	0.00309352262425507	0.126345065393972	"HiG"	0.0365875020001129	7.68645000002371e-05	45.8901310022618	80	52	52	44	NA	NA	NA	NA
"HiG_4"	"Nrgn"	0.00120185826940856	0.00156517870390182	"HiG"	0.00900980432201118	1.89281603403596e-05	20.6351550190175	258	213	213	236	NA	NA	NA	NA
"HiG_4"	"Nrip1"	0.0025701315787713	0.042775437512653	"HiG"	0.022303440957257	4.68559683975987e-05	37.7365418440137	109	91	91	74	NA	NA	NA	NA
"HiG_4"	"Nrip3"	0.00034992107889842	6.13407867929847e-05	"HiG"	0.000125086162737742	2.62786056171727e-07	49	438	437	437	36	NA	NA	NA	NA
"HiG_4"	"Nt5dc2"	0.00205205369336541	0.0247619493955352	"HiG"	0.0173925234922702	3.65389148997273e-05	30.0396986064016	150	118	118	128	NA	NA	NA	NA
"HiG_4"	"Nt5e"	0.00185383118835961	0.0122255435184829	"HiG"	0.0116946789773522	2.45686533137652e-05	38.7655100838343	171	175	175	67	NA	NA	NA	NA
"HiG_4"	"Nudcd1"	0.00132341129218229	0.0291771185578146	"HiG"	0.00944463995681765	1.98416805815497e-05	53.7691147248273	245	207	207	24	NA	NA	NA	NA
"HiG_4"	"Nudt5"	0.00131316108955555	0.000994718708029252	"HiG"	0.00872789052980955	1.83359044743898e-05	12.322030554863	249	219	219	350	NA	NA	NA	NA
"HiG_4"	"Ociad2"	0.000656098490147453	0.00252986563835524	"HiG"	0.00234858221928677	4.93399625900582e-06	28.6161686360724	356	356	356	139	NA	NA	NA	NA
"HiG_4"	"Odc1"	0.00171185717205709	0.0472404111349631	"HiG"	0.0146935637901672	3.0868831491948e-05	40.1363582605717	188	147	147	63	NA	NA	NA	NA
"HiG_4"	"Olfm1"	0.00123157880675875	0.00254432862266007	"HiG"	0.00649999040441326	1.36554420260783e-05	27.7798215344887	253	260	260	149	NA	NA	NA	NA
"HiG_4"	"Osgep"	0.000465628083546612	0.000324647772619887	"HiG"	0.00134773898464702	2.83138442152735e-06	17.1178012752992	410	391	391	284	NA	NA	NA	NA
"HiG_4"	"Osm"	0.00136174178123965	0.00058927789074632	"HiG"	0.00899495817390717	1.88969709535865e-05	15.5723452318937	240	214	214	306	NA	NA	NA	NA
"HiG_4"	"Otulin"	0.000870997205163667	0.000315103592417384	"HiG"	0.003355683624895	7.0497555144853e-06	9.92445534022488	319	330	330	378	NA	NA	NA	NA
"HiG_4"	"P2rx1"	0.00033730604902381	3.54295106802565e-17	"HiG"	0	0	NA	458.5	458.5	458.5	NA	NA	NA	NA	NA
"HiG_4"	"P2ry1"	0.00131461249519103	6.84755193268003e-05	"HiG"	0.00619253232400391	1.30095216890838e-05	7.88301409675235	248	263	263	399	NA	NA	NA	NA
"HiG_4"	"P2ry14"	0.00033730604902381	3.54295106802565e-17	"HiG"	0	0	NA	458.5	458.5	458.5	NA	NA	NA	NA	NA
"HiG_4"	"Pa2g4"	0.0031276401461692	0.102976733292214	"HiG"	0.0299311976023397	6.28806672318061e-05	36.4138016711098	77	67	67	86	NA	NA	NA	NA
"HiG_4"	"Padi2"	0.00046687910553857	0.0109780668856612	"HiG"	0.00158124493724853	3.3219431454801e-06	130	407	382	382	1	NA	NA	NA	NA
"HiG_4"	"Pag1"	0.00167674067554822	0.00214803962143869	"HiG"	0.0105028836042052	2.20648815214396e-05	21.6611492494546	199	191	191	221	NA	NA	NA	NA
"HiG_4"	"Palm"	0.000812886504786091	0.000196884839186486	"HiG"	0.00282545292492086	5.93582547252282e-06	14.8474505526439	330	343	343	318	NA	NA	NA	NA
"HiG_4"	"Papss2"	0.00059173792746658	0.0145681532830766	"HiG"	0.00284004048228026	5.96647160142912e-06	98.8865046439414	371	342	342	3	NA	NA	NA	NA
"HiG_4"	"Paqr7"	0.00033730604902381	3.54295106802565e-17	"HiG"	0	0	NA	458.5	458.5	458.5	NA	NA	NA	NA	NA
"HiG_4"	"Paqr9"	0.00033730604902381	3.54295106802565e-17	"HiG"	0	0	NA	458.5	458.5	458.5	NA	NA	NA	NA	NA
"HiG_4"	"Parm1"	0.00033730604902381	3.54295106802565e-17	"HiG"	0	0	NA	458.5	458.5	458.5	NA	NA	NA	NA	NA
"HiG_4"	"Parp14"	0.00132594148050356	0.00155837469748922	"HiG"	0.00768733549553755	1.61498644864234e-05	17.2103970669258	243	239	239	282	NA	NA	NA	NA
"HiG_4"	"Parp9"	0.00213822453937886	0.00188115089470475	"HiG"	0.0159536426229116	3.35160559304865e-05	11.2729122876484	140	134	134	363	NA	NA	NA	NA
"HiG_4"	"Parvb"	0.000655973928125764	1.01114687926515e-06	"HiG"	0.00152651057721992	3.2069549941595e-06	5	357	384	384	424	NA	NA	NA	NA
"HiG_4"	"Pbx1"	0.00526806246115025	0.00892069924111139	"HiG"	0.0488790795241717	0.000102687141857504	13.31324728248	37	35	35	335	NA	NA	NA	NA
"HiG_4"	"Pcmtd2"	0.000429413865223699	0.000542370600400651	"HiG"	0.000860506200257263	1.80778613499425e-06	69.2512396049985	423	417	417	9	NA	NA	NA	NA
"HiG_4"	"Pcsk9"	0.000925502865902445	0.000461205528319804	"HiG"	0.0054903709771316	1.15343928091e-05	14.1336645691863	308	281	281	328	NA	NA	NA	NA
"HiG_4"	"Pcyt1b"	0.00033730604902381	3.54295106802565e-17	"HiG"	0	0	NA	458.5	458.5	458.5	NA	NA	NA	NA	NA
"HiG_4"	"Pdk1"	0.00271367314713676	0.00493197494498848	"HiG"	0.0201331122869626	4.22964543843752e-05	16.0671867579692	98	102	102	301	NA	NA	NA	NA
"HiG_4"	"Perp"	0.00033730604902381	3.54295106802565e-17	"HiG"	0	0	NA	458.5	458.5	458.5	NA	NA	NA	NA	NA
"HiG_4"	"Phlda1"	0.00033730604902381	3.54295106802565e-17	"HiG"	0	0	NA	458.5	458.5	458.5	NA	NA	NA	NA	NA
"HiG_4"	"Phlda2"	0.000459285193713575	8.317219587116e-05	"HiG"	0.00103383066839147	2.17191316888965e-06	28	413	406	406	146.5	NA	NA	NA	NA
"HiG_4"	"Phtf2"	0.00033730604902381	3.54295106802565e-17	"HiG"	0	0	NA	458.5	458.5	458.5	NA	NA	NA	NA	NA
"HiG_4"	"Pik3cb"	0.00225639173963298	0.00577343143288406	"HiG"	0.0154887670054916	3.25394264821253e-05	20.5820633586029	126	141	141	238	NA	NA	NA	NA
"HiG_4"	"Pim2"	0.00168718321690397	0.000777205836253132	"HiG"	0.0109968445225546	2.31026145431819e-05	14.7506285335398	196	188	188	320	NA	NA	NA	NA
"HiG_4"	"Plac8"	0.000449654377419182	7.90775606126408e-06	"HiG"	0.000799718038034544	1.68007991183728e-06	20	417	418	418	245.5	NA	NA	NA	NA
"HiG_4"	"Plek2"	0.000781649381847886	0.0130081788454342	"HiG"	0.00415084889845598	8.72027079507558e-06	72.5612338155068	335	313	313	7	NA	NA	NA	NA
"HiG_4"	"Plin2"	0.00131595597116706	0.000682479854164383	"HiG"	0.0048559041251199	1.02014792544536e-05	28.025582396212	247	296	296	144	NA	NA	NA	NA
"HiG_4"	"Plk2"	0.00166924308584375	0.00276491004023783	"HiG"	0.0115472387392451	2.42589049143804e-05	25.4532028499071	201	178	178	170	NA	NA	NA	NA
"HiG_4"	"Plod2"	0.00152918143118376	0.0176450557737214	"HiG"	0.0114297294400791	2.40120366388217e-05	41.2885640920696	214	181	181	59	NA	NA	NA	NA
"HiG_4"	"Plpp5"	0.000486498907876564	8.25574271023285e-08	"HiG"	0.000264064826558922	5.54758038989332e-07	2	403	435	435	434.5	NA	NA	NA	NA
"HiG_4"	"Plpp6"	0.000507639073264412	1.2777068131342e-06	"HiG"	0.000609140263258434	1.27970643541688e-06	4	393	426	426	430	NA	NA	NA	NA
"HiG_4"	"Pls1"	0.00139000826578592	0.0029884756731188	"HiG"	0.00889202375328051	1.86807221707574e-05	30.3832016859053	234	216	216	127	NA	NA	NA	NA
"HiG_4"	"Plxdc2"	0.000398310158932558	0.000233933707973224	"HiG"	0.000527917160712592	1.10906966536259e-06	9	430	429	429	387.5	NA	NA	NA	NA
"HiG_4"	"Plxna1"	0.000783533715948892	0.000410431307186103	"HiG"	0.00320372785627213	6.73052070645406e-06	28.637443976329	334	333	333	138	NA	NA	NA	NA
"HiG_4"	"Plxnc1"	0.00033730604902381	3.54295106802565e-17	"HiG"	0	0	NA	458.5	458.5	458.5	NA	NA	NA	NA	NA
"HiG_4"	"Pmaip1"	0.00368299297605276	0.0167912301548962	"HiG"	0.0280270246307767	5.88803038461695e-05	26.5563925957159	62	72	72	158	NA	NA	NA	NA
"HiG_4"	"Pml"	0.00816099626315765	0.112461430600209	"HiG"	0.0847190164258463	0.000177981126945055	35.0836922501802	19	17	17	91	NA	NA	NA	NA
"HiG_4"	"Pno1"	0.0036309908198222	0.217779074133379	"HiG"	0.0414260659936804	8.70295504068915e-05	49.933964497269	64	44	44	33	NA	NA	NA	NA
"HiG_4"	"Pnpla8"	0.000513879412544695	0.00056252372644925	"HiG"	0.00140615923095082	2.95411603140929e-06	16.2259769127885	390	389	389	297	NA	NA	NA	NA
"HiG_4"	"Poc1a"	0.000421731495948352	0.00076515302877786	"HiG"	0.000946146264077224	1.98770223545635e-06	12	426	410	410	353	NA	NA	NA	NA
"HiG_4"	"Podxl"	0.000612382785787816	0.000440770956680632	"HiG"	0.00213563694721472	4.48663224204772e-06	43.9897263069061	365	363	363	49	NA	NA	NA	NA
"HiG_4"	"Pou2f2"	0.000707843668765016	0.00410823817290836	"HiG"	0.00353203042788862	7.42023199136265e-06	51.9339450986164	347	321	321	29	NA	NA	NA	NA
"HiG_4"	"Ppat"	0.00230239635781611	0.00953717827227467	"HiG"	0.0179384708304491	3.76858630891787e-05	15.1641720648043	124	113	113	312	NA	NA	NA	NA
"HiG_4"	"Ppbp"	0.0027787375682944	0.00333580686238753	"HiG"	0.0228353666409904	4.79734593298118e-05	21.0700482360025	95	87	87	231	NA	NA	NA	NA
"HiG_4"	"Ppia"	0.00852814100498067	0.128839227181511	"HiG"	0.0769997636547934	0.00016176420935881	31.5478096288738	15	19	19	115	NA	NA	NA	NA
"HiG_4"	"Ppic"	0.00144695377053092	0.0107028319463009	"HiG"	0.0117049627367828	2.4590257850384e-05	24.1432245927035	229	174	174	182	NA	NA	NA	NA
"HiG_4"	"Prkcb"	0.00326834385521356	0.0191875436519575	"HiG"	0.0242848713599995	5.10186373109233e-05	21.2366692440839	72	83	83	228	NA	NA	NA	NA
"HiG_4"	"Prmt1"	0.00883937088307326	0.267949521581594	"HiG"	0.0920271573679445	0.000193334364218371	29.9382598664393	12	15	15	129	NA	NA	NA	NA
"HiG_4"	"Prmt3"	0.00213464919729266	0.064939493306302	"HiG"	0.0212769083461749	4.469938728188e-05	40.2609032617845	142	95	95	62	NA	NA	NA	NA
"HiG_4"	"Prnp"	0.00671546607385746	0.0226565437791314	"HiG"	0.0444737831704109	9.34323175848968e-05	21.9476437183755	24	39	39	216	NA	NA	NA	NA
"HiG_4"	"Prr11"	0.00185537973135657	0.0377716363989899	"HiG"	0.0176097342984479	3.69952401227897e-05	32.5668375312101	170	116	116	109	NA	NA	NA	NA
"HiG_4"	"Psph"	0.000509692856369862	0.00554565967925709	"HiG"	0.00211144489508909	4.43580860312835e-06	44	391	364	364	47.5	NA	NA	NA	NA
"HiG_4"	"Ptger3"	0.0018866972741728	0.00228294448751892	"HiG"	0.012651294310913	2.65783493926744e-05	14.8290976034967	167	165	165	319	NA	NA	NA	NA
"HiG_4"	"Ptges3"	0.00587352865938299	0.0532787585614892	"HiG"	0.0489111463924771	0.000102754509227893	18.1813985660118	31	34	34	268	NA	NA	NA	NA
"HiG_4"	"Ptgr1"	0.00033730604902381	3.54295106802565e-17	"HiG"	0	0	NA	458.5	458.5	458.5	NA	NA	NA	NA	NA
"HiG_4"	"Ptgs1"	0.00111891880962916	0.00148143397946662	"HiG"	0.00848735827446779	1.78305846102264e-05	20.9367019432552	272	224	224	234	NA	NA	NA	NA
"HiG_4"	"Ptprcap"	0.00116142540821579	5.40085525084651e-05	"HiG"	0.00520035813394941	1.09251221301458e-05	13.1661014499965	262	289	289	338	NA	NA	NA	NA
"HiG_4"	"Pus7"	0.00313520328232332	0.112698306760549	"HiG"	0.0358229001336631	7.52581935581158e-05	28.0124600729307	76	54	54	145	NA	NA	NA	NA
"HiG_4"	"Rab27b"	0.00208443813441414	0.00103163520998165	"HiG"	0.0121593676664774	2.55448900556247e-05	20.3641934616973	147	169	169	241	NA	NA	NA	NA
"HiG_4"	"Rab33b"	0.00180769656383471	0.000777438461807906	"HiG"	0.0102344870050252	2.15010231198009e-05	16.3105859024478	179	195	195	294	NA	NA	NA	NA
"HiG_4"	"Rab38"	0.00233175305500106	0.000454147909875449	"HiG"	0.012427718500705	2.61086523124054e-05	17.4466331668161	121	167	167	276	NA	NA	NA	NA
"HiG_4"	"Rangrf"	0.00184800004675989	0.0452070895557271	"HiG"	0.0135933840895054	2.85575295998013e-05	19.4135868603826	174	158	158	253	NA	NA	NA	NA
"HiG_4"	"Raph1"	0.00127368056024293	0.00528713926187236	"HiG"	0.00793977669309676	1.66802031367579e-05	33.8264168787443	251	234	234	99	NA	NA	NA	NA
"HiG_4"	"Rasgef1b"	0.00112037318781349	0.000213067427791096	"HiG"	0.00686340614856776	1.44189204801844e-05	21.8989308746941	271	252	252	217	NA	NA	NA	NA
"HiG_4"	"Rassf3"	0.000389764406601466	0.000589122847237971	"HiG"	0.000645233391015182	1.35553233406551e-06	31	432	422	422	122.5	NA	NA	NA	NA
"HiG_4"	"Rassf5"	0.000991409556556	0.000157420431856377	"HiG"	0.00496712883996223	1.04351446217694e-05	17.2037633023594	298	293	293	283	NA	NA	NA	NA
"HiG_4"	"Rbms3"	0.000925423871200226	0.00707357622859341	"HiG"	0.00605929598873455	1.27296134217112e-05	46.1127660820393	309	265	265	43	NA	NA	NA	NA
"HiG_4"	"Rbpms2"	0.000979716435091727	0.00644675464753043	"HiG"	0.00551521188140952	1.15865795827931e-05	27.2094515691112	300	280	280	154	NA	NA	NA	NA
"HiG_4"	"Rcc1"	0.00211655680341782	0.0590597094886064	"HiG"	0.0188254682927094	3.95493031359442e-05	57.5163049751826	144	108	108	16	NA	NA	NA	NA
"HiG_4"	"Rcl1"	0.00168277975812035	0.100640733829811	"HiG"	0.017758022108498	3.73067691355e-05	57.1439935556925	198	115	115	18	NA	NA	NA	NA
"HiG_4"	"Rgcc"	0.000459546628060163	0.000110813713529478	"HiG"	0.00114262965697683	2.40048247264039e-06	43.6434305253663	412	400	400	54	NA	NA	NA	NA
"HiG_4"	"Rgs1"	0.00106878003050907	2.6932442157598e-05	"HiG"	0.00481490455603033	1.01153457059461e-05	7.59689115839066	286	299	299	403	NA	NA	NA	NA
"HiG_4"	"Rhag"	0.00172372776023751	0.0003380571605285	"HiG"	0.0133463142310614	2.80384752753392e-05	12.3550957913096	187	163	163	349	NA	NA	NA	NA
"HiG_4"	"Rhoj"	0.0085257190596845	0.00997825572840833	"HiG"	0.054922029787971	0.000115382415520948	11.5455151680481	16	30	30	361	NA	NA	NA	NA
"HiG_4"	"Rmi2"	0.00033730604902381	3.54295106802565e-17	"HiG"	0	0	NA	458.5	458.5	458.5	NA	NA	NA	NA	NA
"HiG_4"	"Rnf128"	0.000402791546299833	0.00017083433749165	"HiG"	0.000574037831101402	1.20596183004496e-06	14.866068425848	428	428	428	316	NA	NA	NA	NA
"HiG_4"	"Rnf144a"	0.000897783097067054	0.000136962869077514	"HiG"	0.00345654057998426	7.26163987391651e-06	12.6580030158598	317	324	324	346	NA	NA	NA	NA
"HiG_4"	"Rnf149"	0.0055964980280513	0.00866729521528917	"HiG"	0.0384703821529679	8.0820130573462e-05	16.7619258283897	33	50	50	290	NA	NA	NA	NA
"HiG_4"	"Rnmt"	0.00160990569035873	0.0444225294890395	"HiG"	0.0144960956198233	3.04539823945869e-05	55.196416715197	208	149	149	21	NA	NA	NA	NA
"HiG_4"	"Rsad1"	0.00050118735148794	1.05096385693788e-05	"HiG"	0.000893659558194689	1.8774360466275e-06	4.95869837284905	398	413	413	425	NA	NA	NA	NA
"HiG_4"	"Rsad2"	0.00297977047952763	0.00107101240621164	"HiG"	0.0199953059003567	4.20069451688166e-05	11.7037937486575	88	103	103	359	NA	NA	NA	NA
"HiG_4"	"S100a8"	0.00363987442883916	0.00925462812259492	"HiG"	0.0312646911668659	6.56821243001384e-05	17.3790220638392	63	64	64	278	NA	NA	NA	NA
"HiG_4"	"S100a9"	0.00518183249364745	0.0113187802362508	"HiG"	0.0423640917609497	8.90001927751045e-05	15.3873226040099	39	42	42	307	NA	NA	NA	NA
"HiG_4"	"Samd14"	0.00033730604902381	3.54295106802565e-17	"HiG"	0	0	NA	458.5	458.5	458.5	NA	NA	NA	NA	NA
"HiG_4"	"Sapcd1"	0.000426977588789332	0.00142547299387637	"HiG"	0.00090118397245455	1.8932436396104e-06	43.9158162132895	424	412	412	50	NA	NA	NA	NA
"HiG_4"	"Sat1"	0.000948735808616393	0.000572541134110126	"HiG"	0.00530747944825501	1.11501669080988e-05	13.4343270501465	305	286	286	331	NA	NA	NA	NA
"HiG_4"	"Scin"	0.00165149016742306	0.00246734241094886	"HiG"	0.00741518864710518	1.55781274098848e-05	13.00204447891	203	244	244	342	NA	NA	NA	NA
"HiG_4"	"Sdsl"	0.00033730604902381	3.54295106802565e-17	"HiG"	0	0	NA	458.5	458.5	458.5	NA	NA	NA	NA	NA
"HiG_4"	"Serpinb2"	0.000909215492689102	1.12929735099513e-05	"HiG"	0.00344003323157337	7.22696057053229e-06	5.7574731835702	314	325	325	421	NA	NA	NA	NA
"HiG_4"	"Serpinb9"	0.00114527066530787	0.000397903251257594	"HiG"	0.00596621328326556	1.25340615194655e-05	9.90046140786158	268	268	268	380	NA	NA	NA	NA
"HiG_4"	"Serpine2"	0.00151956203449721	0.000209885542291162	"HiG"	0.00766062303425397	1.60937458702814e-05	10.4696421888328	219	241	241	371	NA	NA	NA	NA
"HiG_4"	"Sgsm2"	0.00055025173849826	0.00189732559267108	"HiG"	0.00195057600026001	4.09784874004203e-06	12.1989670594939	379	368	368	351	NA	NA	NA	NA
"HiG_4"	"Sh2d5"	0.000700546482767986	0.000225287477120571	"HiG"	0.00339686115442506	7.13626292946441e-06	21.7533510425346	350	327	327	220	NA	NA	NA	NA
"HiG_4"	"Sh3pxd2b"	0.00152375538667742	0.00311661282381478	"HiG"	0.00848634136581756	1.78284482475159e-05	29.3839147755654	218	225	225	131	NA	NA	NA	NA
"HiG_4"	"Sirt3"	0.00146787474693275	0.000662128227678179	"HiG"	0.00885628179821142	1.86056340298559e-05	10.5240093574111	225	217	217	369	NA	NA	NA	NA
"HiG_4"	"Slc12a2"	0.00145154706991786	0.00105073510254252	"HiG"	0.00826936637888931	1.73726184430448e-05	22.929857891997	228	231	231	197	NA	NA	NA	NA
"HiG_4"	"Slc14a1"	0.00116608439654365	0.0034418154124657	"HiG"	0.00555909719652455	1.16787756229507e-05	19.7012604568145	261	278	278	250	NA	NA	NA	NA
"HiG_4"	"Slc16a1"	0.00209105970101763	0.0311505959013027	"HiG"	0.0149346860139383	3.13753907855847e-05	56.6182611683883	146	144	144	19	NA	NA	NA	NA
"HiG_4"	"Slc18a2"	0.00238440518502084	0.000319738017531127	"HiG"	0.0129095413002761	2.71208850846136e-05	6.19268967445543	116	164	164	414	NA	NA	NA	NA
"HiG_4"	"Slc19a1"	0.00161877366504115	0.000820974639851336	"HiG"	0.00766632405962993	1.61057228143486e-05	17.3120771463954	205	240	240	279	NA	NA	NA	NA
"HiG_4"	"Slc22a3"	0.000545580411270075	0.000593801716982287	"HiG"	0.00182982773103999	3.8441759055462e-06	19.7855589033653	382	371	371	249	NA	NA	NA	NA
"HiG_4"	"Slc24a3"	0.000466725408286506	1.2154342681477e-05	"HiG"	0.00052453798627717	1.10197055940582e-06	7	408	430	430	408.5	NA	NA	NA	NA
"HiG_4"	"Slc29a1"	0.00248639508045704	0.00236392696697175	"HiG"	0.00856577697972106	1.799532978933e-05	18.8465085479935	112	221	221	263	NA	NA	NA	NA
"HiG_4"	"Slc29a2"	0.00109044755328193	3.18951842699895e-05	"HiG"	0.00164053775299063	3.44650788443409e-06	6.03422584669858	278	380	380	416	NA	NA	NA	NA
"HiG_4"	"Slc35d3"	0.00082698265750539	0.00172388951458716	"HiG"	0.00457363617657894	9.6084793625608e-06	21	328	305	305	233	NA	NA	NA	NA
"HiG_4"	"Slc38a5"	0.000743930038843317	0.000301414916229057	"HiG"	0.00308169485558141	6.47414885626346e-06	37	342	337	337	78	NA	NA	NA	NA
"HiG_4"	"Slc39a10"	0.00414300886201539	0.0432780895527477	"HiG"	0.032493557297044	6.8263775834126e-05	28.7308734656753	55	60	60	135	NA	NA	NA	NA
"HiG_4"	"Slc41a3"	0.000840011505335977	0.000896907694762244	"HiG"	0.00338128581015741	7.10354161797775e-06	9.25481120276235	326	329	329	383	NA	NA	NA	NA
"HiG_4"	"Slc45a3"	0.000466494881375201	0.00120495040138475	"HiG"	0.00122349923075458	2.57037653519869e-06	31.2206981554468	409	398	398	120	NA	NA	NA	NA
"HiG_4"	"Slc6a13"	0.00033730604902381	3.54295106802565e-17	"HiG"	0	0	NA	458.5	458.5	458.5	NA	NA	NA	NA	NA
"HiG_4"	"Slc6a4"	0.00297938884092208	0.00455937194699469	"HiG"	0.0182746678880259	3.83921594286258e-05	18.5389686486269	89	111	111	264	NA	NA	NA	NA
"HiG_4"	"Slc6a9"	0.000451493835180463	0.00095201089855947	"HiG"	0.000980293060095129	2.05943920188052e-06	18.120182263235	415	409	409	269	NA	NA	NA	NA
"HiG_4"	"Slc7a8"	0.000700797627690157	7.82076963288056e-05	"HiG"	0.00278239509286238	5.84536784214786e-06	13.251129824256	349	345	345	337	NA	NA	NA	NA
"HiG_4"	"Smad3"	0.00492587183122689	0.0100401463589918	"HiG"	0.0394897066412983	8.29615685741562e-05	21.4735137177951	45	46	46	225	NA	NA	NA	NA
"HiG_4"	"Smo"	0.00183576222616942	0.0030620820330268	"HiG"	0.00925446429008252	1.94421518699213e-05	14.8598688818662	175	208	208	317	NA	NA	NA	NA
"HiG_4"	"Smpdl3a"	0.00033730604902381	3.54295106802565e-17	"HiG"	0	0	NA	458.5	458.5	458.5	NA	NA	NA	NA	NA
"HiG_4"	"Snap47"	0.000625578621657433	0.000139921649699642	"HiG"	0.00221389820038303	4.65104663946014e-06	18.9990185302814	363	359	359	260	NA	NA	NA	NA
"HiG_4"	"Snca"	0.0112680899156482	0.0500287434660204	"HiG"	0.0949708261889528	0.000199518542413766	25.4810312054475	7	14	14	169	NA	NA	NA	NA
"HiG_4"	"Socs1"	0.00532359809810152	0.00865028077603076	"HiG"	0.0447669938606409	9.40483064299178e-05	22.1229089359184	35	38	38	212	NA	NA	NA	NA
"HiG_4"	"Socs2"	0.00153131903056017	0.00109253317312864	"HiG"	0.0107459213343053	2.25754649880363e-05	22.3644086275436	213	190	190	207	NA	NA	NA	NA
"HiG_4"	"Socs3"	0.00618873704075719	0.00448716865175757	"HiG"	0.0493506830601698	0.000103677905588592	17.7008843831012	28	33	33	272	NA	NA	NA	NA
"HiG_4"	"Sort1"	0.00212007457596408	0.005410124629556	"HiG"	0.0175968174805114	3.69681039506541e-05	13.1609245128501	143	117	117	339	NA	NA	NA	NA
"HiG_4"	"Sox4"	0.00186074686247014	0.00980797994302833	"HiG"	0.0141008314433893	2.96235954693053e-05	26.7988422978519	169	151	151	157	NA	NA	NA	NA
"HiG_4"	"Sox6"	0.00194063239167498	0.00188470888975526	"HiG"	0.0119432429505096	2.50908465346841e-05	14.4101211995234	160	172	172	326	NA	NA	NA	NA
"HiG_4"	"Spata13"	0.00112899909116171	3.33916181002367e-05	"HiG"	0.00248945260277374	5.22994244280197e-06	4.91881816651894	270	351	351	426	NA	NA	NA	NA
"HiG_4"	"Specc1"	0.000683486092726021	0.00316982735123397	"HiG"	0.00249778424267422	5.24744588797105e-06	36.5611169680164	352	350	350	83	NA	NA	NA	NA
"HiG_4"	"Spint1"	0.0013639960155319	0.000258767848013983	"HiG"	0.00785721857834121	1.65067617192042e-05	12.802085563366	239	236	236	343	NA	NA	NA	NA
"HiG_4"	"Spint2"	0.00425183907469553	0.00730319928456886	"HiG"	0.032931290128973	6.91833826238929e-05	12.784665463946	54	58	58	344	NA	NA	NA	NA
"HiG_4"	"Spns2"	0.000419521459855049	0.00010598210572527	"HiG"	0.000719671550188796	1.51191502140503e-06	25.1791912946209	427	420	420	175	NA	NA	NA	NA
"HiG_4"	"Spta1"	0.00648153479802214	0.00441598854444811	"HiG"	0.0552067704710146	0.000115980610233224	12.6116763155978	26	29	29	347	NA	NA	NA	NA
"HiG_4"	"Sptb"	0.00311625110806276	0.0011543445733264	"HiG"	0.0251080954571132	5.27480996998177e-05	13.4870407679762	79	79	79	330	NA	NA	NA	NA
"HiG_4"	"Srm"	0.00209340209550554	0.0242371660740001	"HiG"	0.0161439024208943	3.39157613884333e-05	32.6669488052168	145	132	132	108	NA	NA	NA	NA
"HiG_4"	"Srpk1"	0.00530160634459077	0.204800103211374	"HiG"	0.0583738138843981	0.000122634062782349	36.6360425611379	36	26	26	81	NA	NA	NA	NA
"HiG_4"	"Srpk2"	0.00508350870303873	0.189013348472689	"HiG"	0.0578954334534948	0.00012162906187709	31.8513640682677	41	27	27	113	NA	NA	NA	NA
"HiG_4"	"Ssbp1"	0.00502737547095608	0.0715044022000313	"HiG"	0.0436059457579699	9.16091297436343e-05	33.310250344359	42	40	40	103	NA	NA	NA	NA
"HiG_4"	"Ssbp2"	0.00199377754006964	0.00195790908657876	"HiG"	0.0109488292742339	2.30017421727603e-05	13.0661983852252	155	189	189	340	NA	NA	NA	NA
"HiG_4"	"Ssbp3"	0.00180310146330705	0.000465809027130191	"HiG"	0.0102076058665266	2.14445501397619e-05	10.4189275196798	180	196	196	373	NA	NA	NA	NA
"HiG_4"	"St3gal5"	0.00224870699348061	2.2784094366506e-18	"HiG"	0.000631960484333527	1.32764807633094e-06	1	129.5	423.5	423.5	437.5	NA	NA	NA	NA
"HiG_4"	"St3gal6"	0.000997823777334141	8.28100842963264e-08	"HiG"	0.0021708583027338	4.56062668641554e-06	2	297	361	361	434.5	NA	NA	NA	NA
"HiG_4"	"Stat2"	0.00301932967312453	0.00820726274060665	"HiG"	0.0258318641186555	5.42686220980157e-05	22.0032864287933	84	77	77	214	NA	NA	NA	NA
"HiG_4"	"Stk10"	0.000763688809025446	0.00222908558248676	"HiG"	0.00343027289408561	7.20645565984372e-06	28.5034759436967	339	326	326	141	NA	NA	NA	NA
"HiG_4"	"Stk17b"	0.00145712749774964	0.00453662972983805	"HiG"	0.00946043403389636	1.98748614157487e-05	20.7608441473931	227	205	205	235	NA	NA	NA	NA
"HiG_4"	"Stk26"	0.00215480686592209	0.00911877114974975	"HiG"	0.0157804177310763	3.31521380904964e-05	22.5216309497216	138	138	138	205	NA	NA	NA	NA
"HiG_4"	"Stom"	0.00257691872257296	0.000639750532763409	"HiG"	0.0149331976509462	3.13722639725761e-05	13.4104508629075	107	145	145	333	NA	NA	NA	NA
"HiG_4"	"Stx11"	0.00162471397128862	0.00078412017577732	"HiG"	0.0043516407658016	9.14210244916302e-06	12.0570783646598	204	309	309	352	NA	NA	NA	NA
"HiG_4"	"Stxbp6"	0.000487380714302722	3.63469258390073e-06	"HiG"	0.000472894844249531	9.93476563549434e-07	6	402	431	431	418.5	NA	NA	NA	NA
"HiG_4"	"Suclg2"	0.0019031941132557	0.0390021486655138	"HiG"	0.0145886555900062	3.06484361134585e-05	57.8333041719996	163	148	148	15	NA	NA	NA	NA
"HiG_4"	"Sun2"	0.00194563680411624	0.00180600349466292	"HiG"	0.0110264099701397	2.31647268280246e-05	23.7600746876921	159	187	187	185	NA	NA	NA	NA
"HiG_4"	"Syce2"	0.00033730604902381	3.54295106802565e-17	"HiG"	0	0	NA	458.5	458.5	458.5	NA	NA	NA	NA	NA
"HiG_4"	"Syne1"	0.000731853952545867	0.00585516588963087	"HiG"	0.00333431723818988	7.00486814745774e-06	46.4304774430824	345	331	331	42	NA	NA	NA	NA
"HiG_4"	"Syngr1"	0.000494767554892322	0.000222494859836051	"HiG"	0.00133989122052025	2.81489752210136e-06	26.8282529587812	399	392	392	156	NA	NA	NA	NA
"HiG_4"	"Tap1"	0.00142345770023969	0.00117950584821232	"HiG"	0.0092065180928328	1.93414245647748e-05	19.0960169517974	231	209	209	258	NA	NA	NA	NA
"HiG_4"	"Tbc1d4"	0.00141213500099244	0.0104429037913119	"HiG"	0.00677446662199863	1.42320727352912e-05	48.4751288127555	233	253	253	38	NA	NA	NA	NA
"HiG_4"	"Tcf19"	0.000506812168177617	2.66555480516784e-05	"HiG"	0.000893253635808012	1.87658326850423e-06	9	394	414	414	387.5	NA	NA	NA	NA
"HiG_4"	"Tcf4"	0.00493073587743998	0.0667890761087231	"HiG"	0.0434824496275191	9.13496840914266e-05	38.5359291023164	44	41	41	70	NA	NA	NA	NA
"HiG_4"	"Tcp11l2"	0.00033730604902381	3.54295106802565e-17	"HiG"	0	0	NA	458.5	458.5	458.5	NA	NA	NA	NA	NA
"HiG_4"	"Tfpi"	0.000615795157448156	0.00504861999691443	"HiG"	0.00271859314112065	5.71133012840474e-06	51.0235054054435	364	347	347	31	NA	NA	NA	NA
"HiG_4"	"Tfr2"	0.000517104513660451	7.41909720676744e-05	"HiG"	0.00168677902236855	3.54365340833728e-06	31	389	378	378	122.5	NA	NA	NA	NA
"HiG_4"	"Tgfbr3"	0.00036958612606514	2.85147996458613e-05	"HiG"	0.000279120126177726	5.86386819701105e-07	26	436	434	434	164	NA	NA	NA	NA
"HiG_4"	"Tgif2"	0.000865109485304156	0.000813407775766981	"HiG"	0.00527419161555219	1.10802344864542e-05	18.3994943459974	320	288	288	266	NA	NA	NA	NA
"HiG_4"	"Thbs1"	0.00702427684999006	0.00679105299361906	"HiG"	0.0577386209673657	0.00012129962388102	17.5271871006831	23	28	28	275	NA	NA	NA	NA
"HiG_4"	"Thumpd1"	0.00203097459150591	0.0553977900370393	"HiG"	0.0209425758997168	4.39970081926823e-05	32.0451783610154	151	97	97	112	NA	NA	NA	NA
"HiG_4"	"Timm9"	0.000659721941573475	0.00125461508053258	"HiG"	0.00294844011540213	6.19420192311372e-06	19.6241968197131	354	340	340	252	NA	NA	NA	NA
"HiG_4"	"Timp3"	0.00296831680810326	0.0204686030251935	"HiG"	0.0230725500549429	4.84717438129053e-05	37.9841629512688	90	86	86	71	NA	NA	NA	NA
"HiG_4"	"Tjp1"	0.00249337072903248	0.0148952168459258	"HiG"	0.0193703313196398	4.06939733605877e-05	34.377958435132	111	106	106	96	NA	NA	NA	NA
"HiG_4"	"Tmed3"	0.00152899805480524	0.0020938140495269	"HiG"	0.00614707550616416	1.29140241726138e-05	14.1761339800474	215	264	264	327	NA	NA	NA	NA
"HiG_4"	"Tmem176a"	0.00224870699348233	6.91528179322263e-18	"HiG"	0.00247784674849263	5.20556039599292e-06	1	127.5	352.5	352.5	437.5	NA	NA	NA	NA
"HiG_4"	"Tmem176b"	0.00224870699348061	8.09405422362772e-18	"HiG"	0.00247784674849263	5.20556039599292e-06	1	129.5	352.5	352.5	437.5	NA	NA	NA	NA
"HiG_4"	"Tmem216"	0.00152566266271512	0.000511051265246272	"HiG"	0.00537513093823705	1.12922918870526e-05	6.08954495154323	217	285	285	415	NA	NA	NA	NA
"HiG_4"	"Tmem40"	0.00033730604902381	3.54295106802565e-17	"HiG"	0	0	NA	458.5	458.5	458.5	NA	NA	NA	NA	NA
"HiG_4"	"Tmem64"	0.00033730604902381	3.54295106802565e-17	"HiG"	0	0	NA	458.5	458.5	458.5	NA	NA	NA	NA	NA
"HiG_4"	"Tmx4"	0.000547277745843232	4.35970704418131e-06	"HiG"	0.000870306770961328	1.82837556924649e-06	7	380	416	416	408.5	NA	NA	NA	NA
"HiG_4"	"Tnfaip2"	0.000683599509544594	0.00066204291911986	"HiG"	0.00308901847061427	6.48953460213081e-06	29.0245881525463	351	335	335	132	NA	NA	NA	NA
"HiG_4"	"Tnfaip3"	0.00337054470227482	0.00732182740849074	"HiG"	0.0245753143712218	5.16288117042475e-05	11.9810702193153	69	81	81	355	NA	NA	NA	NA
"HiG_4"	"Tnfrsf9"	0.00116079451225816	0.00316673505573286	"HiG"	0.00769558847958578	1.61672026882054e-05	23.245936948523	263	238	238	193	NA	NA	NA	NA
"HiG_4"	"Tnfsf4"	0.00033730604902381	3.54295106802565e-17	"HiG"	0	0	NA	458.5	458.5	458.5	NA	NA	NA	NA	NA
"HiG_4"	"Tnip3"	0.00175345462269571	0.00159176719420037	"HiG"	0.0125631510000911	2.63931743699392e-05	16.6069625695639	184	166	166	291	NA	NA	NA	NA
"HiG_4"	"Tob1"	0.000807278745633333	0.00994414949890603	"HiG"	0.004534155336125	9.52553642043068e-06	69.0819852451263	332	306	306	10	NA	NA	NA	NA
"HiG_4"	"Tor3a"	0.000503009296923925	0.000156561109594356	"HiG"	0.00131727640757206	2.76738741086566e-06	9.23514128034154	397	393	393	384	NA	NA	NA	NA
"HiG_4"	"Tph1"	0.000628110761210834	0.0117297205104484	"HiG"	0.00278605403415133	5.85305469359523e-06	86.4253759624912	362	344	344	4	NA	NA	NA	NA
"HiG_4"	"Treml1"	0.00217245708317723	0.000613821871047046	"HiG"	0.0150489766479551	3.16154971595695e-05	16.2883934141759	136	142	142	295	NA	NA	NA	NA
"HiG_4"	"Trip6"	0.00448500572089085	0.0104221829999861	"HiG"	0.0329638946322884	6.92518794795974e-05	23.0561189095055	48	57	57	194	NA	NA	NA	NA
"HiG_4"	"Tsc22d1"	0.000538900213581281	0.0070736567014871	"HiG"	0.00177398598387682	3.72686131066559e-06	21.9496562519608	384	374	374	215	NA	NA	NA	NA
"HiG_4"	"Tspan13"	0.00033730604902381	3.54295106802565e-17	"HiG"	0	0	NA	458.5	458.5	458.5	NA	NA	NA	NA	NA
"HiG_4"	"Tspan3"	0.00188775771659562	0.00050352523130736	"HiG"	0.0116597892580083	2.4495355584051e-05	11.0100482036653	166	176	176	365	NA	NA	NA	NA
"HiG_4"	"Tspo2"	0.00169824078574964	4.60572465450034e-05	"HiG"	0.00852372864337584	1.79069929482686e-05	8.86547663468012	192	223	223	392	NA	NA	NA	NA
"HiG_4"	"Tubb2a"	0.00281460127142789	0.00878865992395106	"HiG"	0.0217283162495628	4.56477232133673e-05	35.8180184231508	93	93	93	89	NA	NA	NA	NA
"HiG_4"	"Tubb3"	0.0047571973841328	0.0384527439947688	"HiG"	0.0377678578607638	7.93442392032853e-05	29.6844883958667	47	51	51	130	NA	NA	NA	NA
"HiG_4"	"Tusc1"	0.000437881325848161	0.00323549270388931	"HiG"	0.00123187590797859	2.58797459659368e-06	44	421	397	397	47.5	NA	NA	NA	NA
"HiG_4"	"Ube2l6"	0.00247821703193965	0.00373995216553295	"HiG"	0.0171961528488874	3.6126371531276e-05	15.3771405785132	113	122	122	308	NA	NA	NA	NA
"HiG_4"	"Unc13d"	0.00166573650169978	0.00108250728273753	"HiG"	0.011544513843823	2.4253180344166e-05	20.2045340102378	202	179	179	242	NA	NA	NA	NA
"HiG_4"	"Vasp"	0.00403655783596394	0.00820745063442253	"HiG"	0.0290799685613261	6.10923709271557e-05	21.1190872017305	56	69	69	230	NA	NA	NA	NA
"HiG_4"	"Vldlr"	0.00194986531169306	0.00246143942634427	"HiG"	0.0166380410718789	3.49538677980648e-05	14.4658054285512	158	126	126	323	NA	NA	NA	NA
"HiG_4"	"Vwf"	0.00375998686510638	0.00196068249759741	"HiG"	0.029042049115734	6.1012708226332e-05	15.2340033390204	61	70	70	310	NA	NA	NA	NA
"HiG_4"	"Wdr12"	0.00359864903285227	0.126444875716449	"HiG"	0.0414826975924643	8.71485243539167e-05	27.5120125453074	65	43	43	150	NA	NA	NA	NA
"HiG_4"	"Wdr36"	0.00703670675641744	0.448937791890934	"HiG"	0.0876272316443048	0.000184090822782153	38.5401879277372	22	16	16	69	NA	NA	NA	NA
"HiG_4"	"Xpc"	0.00107424461541678	0.034121623397372	"HiG"	0.00832126567729488	1.74816505825523e-05	42.7706196860415	284	230	230	56	NA	NA	NA	NA
"HiG_4"	"Ydjc"	0.000349548892452805	0.000107479897749719	"HiG"	0.000119438543610409	2.509213101059e-07	35	439	438	438	92.5	NA	NA	NA	NA
"HiG_4"	"Ypel3"	0.00107481004666074	0.0067497597533934	"HiG"	0.00638859754584795	1.3421423415647e-05	22.6049289840494	283	261	261	202	NA	NA	NA	NA
"HiG_4"	"Zc3h7b"	0.00103872058479144	0.0185633511390511	"HiG"	0.0077357051330232	1.62514813718975e-05	57.1940140254768	292	237	237	17	NA	NA	NA	NA
"HiG_4"	"Zdhhc8"	0.000726346595095632	0.000364124199233708	"HiG"	0.00307100108910936	6.45168296031379e-06	34.8798226109321	346	338	338	94	NA	NA	NA	NA
"HiG_4"	"Zfp36l1"	0.000858210841752252	0.00516606577471669	"HiG"	0.00495669660496176	1.04132281616844e-05	34.7440598686794	321	295	295	95	NA	NA	NA	NA
"HiG_4"	"Zmpste24"	0.00233720593491014	0.00297075793006202	"HiG"	0.015931831568386	3.34702343873656e-05	14.4467108641935	120	135	135	324	NA	NA	NA	NA
"HiG_5"	"Abcc5"	0.000986979345183151	5.59584972194401e-05	"HiG"	0.00726883936693694	1.54656156743339e-05	6.51066105650784	307	363	363	445	NA	NA	NA	NA
"HiG_5"	"Abcd2"	0.000331638293169746	0	"HiG"	0	0	NA	460.5	460.5	460.5	NA	NA	NA	NA	NA
"HiG_5"	"Abcg1"	0.00103419067935763	0.00230330140698895	"HiG"	0.00918399636955574	1.95404178075654e-05	18.4289226863429	301	343	343	387	NA	NA	NA	NA
"HiG_5"	"Abhd5"	0.000969344475374963	0.000116636330791091	"HiG"	0.0113757418860053	2.42037061404367e-05	23.6627819957635	313	314	314	339	NA	NA	NA	NA
"HiG_5"	"Abtb1"	0.000470614357257711	0.000466638158701768	"HiG"	0.00285159889244247	6.06723168604781e-06	23.1264903441094	423	419	419	345	NA	NA	NA	NA
"HiG_5"	"Acadm"	0.00171818510496652	0.0154837469550527	"HiG"	0.0218555079505658	4.65010807458846e-05	34.1900938911504	212	247	247	165	NA	NA	NA	NA
"HiG_5"	"Acox3"	0.000558939186511503	0.000280770577133391	"HiG"	0.00340152111821068	7.23727897491635e-06	7	396	413	413	441.5	NA	NA	NA	NA
"HiG_5"	"Acsl1"	0.00143777112052242	0.000826391583642226	"HiG"	0.0183880218933057	3.91234508368206e-05	23.017013983489	244	263	263	347	NA	NA	NA	NA
"HiG_5"	"Acta2"	0.00114473502068277	0.0205052825756524	"HiG"	0.0189392972581303	4.02963771449581e-05	36.9371954996714	279	258	258	131	NA	NA	NA	NA
"HiG_5"	"Actn1"	0.00242101965615201	0.00626911607925674	"HiG"	0.0428720548397887	9.12171379569973e-05	32.8918036776703	140	153	153	195	NA	NA	NA	NA
"HiG_5"	"Adam8"	0.000365626026808673	7.25772706152612e-05	"HiG"	0.000687219650012944	1.46216946811265e-06	25.5769311937772	449	449	449	316	NA	NA	NA	NA
"HiG_5"	"Adamtsl5"	0.000331638293169746	0	"HiG"	0	0	NA	460.5	460.5	460.5	NA	NA	NA	NA	NA
"HiG_5"	"Adgre1"	0.000652107831588662	0.000175770237728719	"HiG"	0.00847563158956706	1.80332587012065e-05	28.274831583156	379	350	350	272	NA	NA	NA	NA
"HiG_5"	"Adora2b"	0.000603533347616653	3.54790762170488e-05	"HiG"	0.00488399020549314	1.03914685223258e-05	19.1347614567657	391	391	391	382	NA	NA	NA	NA
"HiG_5"	"Agl"	0.000715426253831039	0.000118819077158561	"HiG"	0.00577331293563851	1.22836445439117e-05	12.6974045497682	365	375	375	413	NA	NA	NA	NA
"HiG_5"	"Ahnak"	0.0018329950178745	0.00562414278808228	"HiG"	0.0315639968621568	6.71574401322486e-05	43.3118087359948	198	193	193	55	NA	NA	NA	NA
"HiG_5"	"Ahnak2"	0.00160275167413044	0.00320382928936902	"HiG"	0.0277374898597539	5.90159358718168e-05	35.8936481939593	223	213	213	145	NA	NA	NA	NA
"HiG_5"	"Ak4"	0.00109429754047346	0.000893311979975162	"HiG"	0.0119888588969692	2.55082104190834e-05	31.8188782339573	287	310	310	212	NA	NA	NA	NA
"HiG_5"	"Alas1"	0.000402906676274719	4.52294160496806e-06	"HiG"	0.000959559456472448	2.041615864835e-06	11	442	445	445	425	NA	NA	NA	NA
"HiG_5"	"Alcam"	0.00139285030058584	0.00206591203121142	"HiG"	0.0179005633194299	3.80863049349573e-05	37.7950465850427	247	266	266	120	NA	NA	NA	NA
"HiG_5"	"Aldh2"	0.00134605634883369	0.0041037193789202	"HiG"	0.00873406993765853	1.8583127526933e-05	43.0327361394193	257	346	346	56	NA	NA	NA	NA
"HiG_5"	"Aldh3b1"	0.000802707972142873	7.86682814599334e-05	"HiG"	0.00359599972540179	7.65106324553571e-06	5	337	408	408	446.5	NA	NA	NA	NA
"HiG_5"	"Aldoc"	0.000405768255062645	4.67285096238429e-05	"HiG"	0.00145524602398464	3.09626813613754e-06	24.5569694206617	441	438	438	331	NA	NA	NA	NA
"HiG_5"	"Ampd3"	0.000702291396842339	0.000751338476460905	"HiG"	0.00819334499682479	1.74326489294144e-05	42.4970873196423	370	353	353	63	NA	NA	NA	NA
"HiG_5"	"Angptl2"	0.000643057742414814	0.000311055502941633	"HiG"	0.00692314268743496	1.47300908243297e-05	20.9767658091148	380	367	367	370	NA	NA	NA	NA
"HiG_5"	"Anpep"	0.00105331336230223	0.00150427004987908	"HiG"	0.0154318788861018	3.28337848640465e-05	29.6944723078708	296	283	283	247	NA	NA	NA	NA
"HiG_5"	"Antxr2"	0.000451282929097139	7.03900078169272e-05	"HiG"	0.00282029294242181	6.00062328174854e-06	29.9687459487954	431	420	420	243	NA	NA	NA	NA
"HiG_5"	"Anxa1"	0.00467591494899846	0.00699327384102262	"HiG"	0.095013160875737	0.000202155661437738	28.9962175609791	42	48	48	255	NA	NA	NA	NA
"HiG_5"	"Anxa3"	0.00131317267105936	0.000434577123364139	"HiG"	0.0216329623038634	4.60275793699222e-05	21.5735404184394	263	248	248	364	NA	NA	NA	NA
"HiG_5"	"Anxa4"	0.00248111514387776	0.0031471309643522	"HiG"	0.0437802223335931	9.31494092204109e-05	25.4050561970823	135	149	149	318	NA	NA	NA	NA
"HiG_5"	"Anxa6"	0.0021524961739957	0.00172867824488938	"HiG"	0.0328183850131359	6.98263510917784e-05	29.1665399358752	164	184	184	251	NA	NA	NA	NA
"HiG_5"	"Aoah"	0.00102917684563686	0.000781653418999044	"HiG"	0.0177535772267246	3.77735685674991e-05	52.2101992879565	302	267	267	34	NA	NA	NA	NA
"HiG_5"	"Ap1s2"	0.000665645551224399	8.29467916837118e-05	"HiG"	0.00483333860939915	1.02836991689344e-05	12.666735919957	376	394	394	414	NA	NA	NA	NA
"HiG_5"	"Apex1"	0.00556145372759934	0.0392487633345776	"HiG"	0.100208452661158	0.000213209473747145	29.2151047710509	29	42	42	250	NA	NA	NA	NA
"HiG_5"	"App"	0.0222156403249607	0.0734467516788303	"HiG"	0.388822652231169	0.000827282238789722	22.6787462371651	1	2	2	352	NA	NA	NA	NA
"HiG_5"	"Arg2"	0.000663042976231684	7.33593309645858e-05	"HiG"	0.00521245652567777	1.10903330333569e-05	7.28438027715195	378	385	385	440	NA	NA	NA	NA
"HiG_5"	"Arhgap24"	0.00291448554067677	0.00458564703112305	"HiG"	0.0502249628252352	0.000106861623032415	24.6645386467768	102	122	122	330	NA	NA	NA	NA
"HiG_5"	"Arl4c"	0.00199167199602698	0.000834865258911183	"HiG"	0.0196358759451956	4.17784594578629e-05	20.4170686863901	176	254	254	375	NA	NA	NA	NA
"HiG_5"	"Atf3"	0.00442097906985453	0.272579343860789	"HiG"	0.103917874221094	0.00022110186004488	53.4726294148957	47	40	40	31	NA	NA	NA	NA
"HiG_5"	"Atf5"	0.000920645084535246	0.0121782198249929	"HiG"	0.0117821892417334	2.5068487748369e-05	23.5621155548488	319	312	312	340	NA	NA	NA	NA
"HiG_5"	"Atp6v0d2"	0.000443688747927799	0.000357403157884832	"HiG"	0.00244083197467683	5.19325952058901e-06	28	435	426	426	275	NA	NA	NA	NA
"HiG_5"	"Atrnl1"	0.000677033838617721	0.00222144476867239	"HiG"	0.00526831268569187	1.1209175927004e-05	26.1896317000815	374	384	384	306	NA	NA	NA	NA
"HiG_5"	"Axl"	0.002227453813926	0.00247474202639852	"HiG"	0.0431190511541902	9.17426620301919e-05	35.4771204602499	157	152	152	151	NA	NA	NA	NA
"HiG_5"	"B4galt6"	0.000422048933679208	1.98612727275975e-05	"HiG"	0.0018253796080011	3.88378640000234e-06	21	438	432	432	368	NA	NA	NA	NA
"HiG_5"	"Bcar3"	0.00172752137545296	0.00281948905151554	"HiG"	0.0294125972180005	6.25799940808522e-05	36.7909893666159	209	206	206	133	NA	NA	NA	NA
"HiG_5"	"Bcl2"	0.0043249570115029	0.0274674374163584	"HiG"	0.080080169042821	0.000170383338388981	35.9722207788909	49	65	65	143	NA	NA	NA	NA
"HiG_5"	"Bcl3"	0.00376988078472245	0.0300502307354372	"HiG"	0.0810895768397863	0.000172531014552737	35.8925305828862	61	62	62	146	NA	NA	NA	NA
"HiG_5"	"Bcl6"	0.00363365291295593	0.0158981127140193	"HiG"	0.0750727329917714	0.000159729219131429	26.6550442323641	67	73	73	297	NA	NA	NA	NA
"HiG_5"	"Bhlhe41"	0.000508661082763685	0.00140308730516577	"HiG"	0.00454762054349856	9.67578839042247e-06	33.1915226839013	410	399	399	189	NA	NA	NA	NA
"HiG_5"	"Bnip3"	0.00205427157758649	0.00275311199014958	"HiG"	0.034683787115145	7.3795291734351e-05	20.9794936356681	170	178	178	369	NA	NA	NA	NA
"HiG_5"	"Bri3"	0.000560216298395886	0.000109922853082799	"HiG"	0.00539717779955644	1.14833570203329e-05	41.3352323473969	395	381	381	73	NA	NA	NA	NA
"HiG_5"	"Bst1"	0.00050760663459671	1.13395095730334e-05	"HiG"	0.00265356837959387	5.64589016934866e-06	7	411	422	422	441.5	NA	NA	NA	NA
"HiG_5"	"Bst2"	0.00156636381428187	0.000801607239355532	"HiG"	0.0200773925388308	4.27178564655974e-05	23.2830145964964	227	252	252	343	NA	NA	NA	NA
"HiG_5"	"Btg1"	0.000973368103736866	0.000993728409836681	"HiG"	0.0061739329682627	1.31360275920483e-05	16.3133964276792	311	372	372	400	NA	NA	NA	NA
"HiG_5"	"Btg2"	0.000972326490748696	0.00319220909325518	"HiG"	0.0132473311955077	2.81858110542716e-05	22.9148296111357	312	298	298	349	NA	NA	NA	NA
"HiG_5"	"Bzw2"	0.00148972329006969	0.00208716993286961	"HiG"	0.0224563526796706	4.77794737865332e-05	28.5058164933269	234	241	241	267	NA	NA	NA	NA
"HiG_5"	"C3"	0.00527200649102054	0.00528232707289007	"HiG"	0.11893566562003	0.000253054607702191	31.7284169710801	33	31	31	215	NA	NA	NA	NA
"HiG_5"	"C3ar1"	0.00359748205775045	0.00334934120433796	"HiG"	0.079700916163859	0.000169576417369913	38.6946098222161	71	68	68	103	NA	NA	NA	NA
"HiG_5"	"C5ar1"	0.0030708541114452	0.00197199753903635	"HiG"	0.0565676357933586	0.000120356671900763	38.4886987345099	90	109	109	110	NA	NA	NA	NA
"HiG_5"	"Cadm1"	0.00162636395287025	0.0020272449913929	"HiG"	0.0317907942490033	6.76399877638369e-05	42.8299309328611	221	191	191	58	NA	NA	NA	NA
"HiG_5"	"Camk1d"	0.000891158689710948	0.00123173959508796	"HiG"	0.00996472196228934	2.12015360899773e-05	47.3046152522423	321	330	330	39	NA	NA	NA	NA
"HiG_5"	"Capg"	0.00172055389792733	0.00343364543765203	"HiG"	0.033175385284379	7.05859261369767e-05	46.4674086919773	211	182	182	40	NA	NA	NA	NA
"HiG_5"	"Capn2"	0.00116557607468227	0.00212094522262656	"HiG"	0.0171813481429432	3.65560598786026e-05	33.3478408372865	276	270	270	182	NA	NA	NA	NA
"HiG_5"	"Casp6"	0.00264417118010574	0.00368252985341361	"HiG"	0.0452279333024224	9.6229645324303e-05	27.1443057785733	123	143	143	292	NA	NA	NA	NA
"HiG_5"	"Ccl2"	0.00548335306720668	0.0383803742960459	"HiG"	0.124022171675483	0.000263876961011666	32.1579415953699	31	28	28	205	NA	NA	NA	NA
"HiG_5"	"Ccl24"	0.00111380414257114	0.000676488863077295	"HiG"	0.0169097960790734	3.59782895299433e-05	31.1791419074289	285	273	273	225	NA	NA	NA	NA
"HiG_5"	"Ccl3"	0.00249023549156282	0.00204104003065596	"HiG"	0.0427359136140231	9.09274757745171e-05	34.4785310235956	133	157	157	161	NA	NA	NA	NA
"HiG_5"	"Ccl4"	0.00225728455913115	0.0161213053164785	"HiG"	0.0477578535617982	0.000101612454386805	42.6565531292925	153	133	133	60	NA	NA	NA	NA
"HiG_5"	"Ccnd1"	0.00489674294695697	0.0677746234986473	"HiG"	0.118860074245916	0.000252893774991311	26.6889491137793	38	32	32	296	NA	NA	NA	NA
"HiG_5"	"Ccpg1"	0.00105572539519281	0.000238478355478554	"HiG"	0.0122428926299003	2.60487077231922e-05	16.4139164639417	295	309	309	399	NA	NA	NA	NA
"HiG_5"	"Ccr1"	0.00836469264698441	0.00485806848481007	"HiG"	0.16844877850976	0.000358401656403745	26.7379433650075	10	12	12	295	NA	NA	NA	NA
"HiG_5"	"Ccr2"	0.00212015856883822	0.00232820419656181	"HiG"	0.0428599165733321	9.11913118581533e-05	38.8483221208981	166	155	155	102	NA	NA	NA	NA
"HiG_5"	"Ccr5"	0.0032282164404189	0.00169779228088313	"HiG"	0.0664999683493027	0.000141489294360218	31.5514016627253	82	83	83	217	NA	NA	NA	NA
"HiG_5"	"Cd14"	0.00586558511904311	0.00768257468803716	"HiG"	0.137248229199706	0.000292017508935545	33.5697865830059	25	22	22	176	NA	NA	NA	NA
"HiG_5"	"Cd244"	0.00200451685059674	0.00108204371694046	"HiG"	0.0376855366116775	8.01819927908033e-05	31.7924152353253	175	170	170	213	NA	NA	NA	NA
"HiG_5"	"Cd274"	0.00307055895276504	0.00269003613026575	"HiG"	0.0614449896190604	0.000130734020466086	26.2249043788802	91	96	96	305	NA	NA	NA	NA
"HiG_5"	"Cd28"	0.0019072890031949	0.00251914258795424	"HiG"	0.0394068761183287	8.38444172730399e-05	39.0289954465316	189	165	165	99	NA	NA	NA	NA
"HiG_5"	"Cd300lb"	0.000611495523812983	0.000108606580089227	"HiG"	0.00502363493711248	1.06885849725797e-05	21.03295462711	389	388	388	367	NA	NA	NA	NA
"HiG_5"	"Cd300ld"	0.00104822298093251	0.000250758595034074	"HiG"	0.0133962885286617	2.85027415503441e-05	37.4637650851155	298	297	297	126	NA	NA	NA	NA
"HiG_5"	"Cd300lf"	0.00337133646801117	0.00270593111776315	"HiG"	0.0700629065340042	0.000149070013902137	36.263362448825	77	78	78	139	NA	NA	NA	NA
"HiG_5"	"Cd300lg"	0.0009887694064703	0.00021581129719447	"HiG"	0.0156148974720658	3.32231861107783e-05	28.7715846335467	306	281	281	261	NA	NA	NA	NA
"HiG_5"	"Cd302"	0.00302003381752684	0.00255532782682488	"HiG"	0.0615970119500372	0.000131057472234122	31.7664198928053	97	95	95	214	NA	NA	NA	NA
"HiG_5"	"Cd33"	0.00359957430318482	0.0030435490736427	"HiG"	0.0809055222933815	0.000172139409134854	40.5446540478977	70	63	63	82	NA	NA	NA	NA
"HiG_5"	"Cd48"	0.00471308581736794	0.00293887633588126	"HiG"	0.107495116917955	0.000228713014719053	32.6155239106607	40	37	37	200	NA	NA	NA	NA
"HiG_5"	"Cd52"	0.00235022251598472	0.000869613073934046	"HiG"	0.047562635935841	0.000101197097735832	35.1899645519867	145	134	134	154	NA	NA	NA	NA
"HiG_5"	"Cd74"	0.00749108477898623	0.00814589553989909	"HiG"	0.16612041904749	0.000353447700101042	34.839163788582	11	13	13	158	NA	NA	NA	NA
"HiG_5"	"Cd82"	0.000922080232811252	0.000223983617744241	"HiG"	0.00933478075179336	1.98612356421135e-05	23.9140448807677	318	341	341	337	NA	NA	NA	NA
"HiG_5"	"Cd84"	0.00340876072169977	0.00396091973606221	"HiG"	0.0752160651986505	0.000160034181273724	39.8706942163708	74	72	72	90	NA	NA	NA	NA
"HiG_5"	"Cd93"	0.0042031547541674	0.00437019960977641	"HiG"	0.096068894927261	0.000204401904100555	32.9031811597219	55	46	46	194	NA	NA	NA	NA
"HiG_5"	"Cdc42ep2"	0.000453415708345707	6.28635692511902e-06	"HiG"	0.00141247343473163	3.00526262708857e-06	9	429	439	439	436	NA	NA	NA	NA
"HiG_5"	"Cdh1"	0.0112599512990999	0.0457154176017132	"HiG"	0.234813788786302	0.000499603805928303	26.4043438654862	5	7	7	302	NA	NA	NA	NA
"HiG_5"	"Cdk18"	0.00163422456188782	0.00367192340491575	"HiG"	0.0274827195053058	5.84738712878848e-05	30.789973708225	218	214	214	232	NA	NA	NA	NA
"HiG_5"	"Cdk6"	0.0031566734037554	0.0340543419078765	"HiG"	0.0771438879393457	0.000164135931785842	28.7043225472232	85	71	71	264	NA	NA	NA	NA
"HiG_5"	"Cebpa"	0.00245199751517361	0.0137372227096781	"HiG"	0.0435812655085086	9.27260968266141e-05	25.9242744171557	138	151	151	310	NA	NA	NA	NA
"HiG_5"	"Cebpd"	0.00136123959033205	0.0220138078971919	"HiG"	0.0260193284854907	5.53602733733844e-05	39.9275617654747	254	220	220	89	NA	NA	NA	NA
"HiG_5"	"Cfp"	0.00121684062477541	0.000362653769500519	"HiG"	0.0209980280422255	4.46766554089905e-05	41.5071777708741	275	250	250	72	NA	NA	NA	NA
"HiG_5"	"Ciita"	0.00194247101528662	0.0343189937394265	"HiG"	0.0424461304886529	9.03109159333039e-05	37.0195420268536	185	159	159	129	NA	NA	NA	NA
"HiG_5"	"Ckap4"	0.00315558481309042	0.0107492051263718	"HiG"	0.0612705803820157	0.000130362936983012	35.6030550452743	86	97	97	150	NA	NA	NA	NA
"HiG_5"	"Clec10a"	0.00225723608413615	0.00289167996323677	"HiG"	0.0473504328178144	0.000100745601740031	28.30833258983	154	136	136	270	NA	NA	NA	NA
"HiG_5"	"Clec12a"	0.00174912956659294	0.0046043843016944	"HiG"	0.0313656958721621	6.67355231322597e-05	59.1336526806705	208	195	195	27	NA	NA	NA	NA
"HiG_5"	"Clec4d"	0.00260728962329773	0.00288810203782196	"HiG"	0.0511184032961663	0.000108762560204609	29.7200460673472	126	119	119	246	NA	NA	NA	NA
"HiG_5"	"Clec4e"	0.00311143397220661	0.0043256067845112	"HiG"	0.0636260072479117	0.000135374483506195	37.5696895779199	88	90	90	125	NA	NA	NA	NA
"HiG_5"	"Clec5a"	0.00157029113177537	0.00113426720019984	"HiG"	0.030305237541661	6.44792288120448e-05	30.5774838224639	225	201	201	235	NA	NA	NA	NA
"HiG_5"	"Clec7a"	0.00477445259220825	0.00640932785885225	"HiG"	0.109132746181471	0.000232197332301001	38.6066043268381	39	36	36	106	NA	NA	NA	NA
"HiG_5"	"Cluh"	0.000764617916320514	0.000238450060497235	"HiG"	0.00554435162232362	1.17964928134545e-05	14.5793517998935	350	378	378	405	NA	NA	NA	NA
"HiG_5"	"Clybl"	0.000331638293169746	0	"HiG"	0	0	NA	460.5	460.5	460.5	NA	NA	NA	NA	NA
"HiG_5"	"Cnp"	0.00129316430943625	0.00311366676421635	"HiG"	0.0212392440305308	4.51898809160229e-05	53.2644613338202	265	249	249	32	NA	NA	NA	NA
"HiG_5"	"Cpd"	0.0014744254917584	0.00130397689222554	"HiG"	0.0250765181508771	5.33542939380364e-05	25.5026606488959	237	226	226	317	NA	NA	NA	NA
"HiG_5"	"Csf1"	0.00136359840929501	0.00306472320528568	"HiG"	0.0258712264641348	5.50451626896486e-05	42.4536308323942	253	222	222	65	NA	NA	NA	NA
"HiG_5"	"Csf1r"	0.00376322989776192	0.0337986303866122	"HiG"	0.082861723260707	0.000176301538852568	38.011347227197	62	60	60	117	NA	NA	NA	NA
"HiG_5"	"Csf2rb"	0.00319053143168728	0.0042140613234482	"HiG"	0.0694410758694195	0.000147746969934935	45.2116976592695	83	79	79	50	NA	NA	NA	NA
"HiG_5"	"Cstb"	0.00323906248531976	0.0244001737183157	"HiG"	0.0693565451595945	0.000147567117360839	34.3763368085949	80	80	80	162	NA	NA	NA	NA
"HiG_5"	"Ctsb"	0.00665118786978191	0.0100418879394282	"HiG"	0.143655221476078	0.00030564940739591	33.270890483563	19	19	19	188	NA	NA	NA	NA
"HiG_5"	"Ctsc"	0.00221036522058028	0.00147196381231797	"HiG"	0.0463664792657211	9.86520835440874e-05	38.9571406457933	158	137	137	101	NA	NA	NA	NA
"HiG_5"	"Ctsd"	0.00454046570916473	0.012325648139374	"HiG"	0.0922298538815602	0.000196233731662894	42.0747727910152	46	51	51	67	NA	NA	NA	NA
"HiG_5"	"Ctsh"	0.00156768770073399	0.00242086244868767	"HiG"	0.0307372313391403	6.53983645513623e-05	32.3334388725929	226	199	199	204	NA	NA	NA	NA
"HiG_5"	"Ctsk"	0.00251571561090907	0.0042384494273102	"HiG"	0.0496972872487999	0.00010573890904	24.8442346451119	129	125	125	326	NA	NA	NA	NA
"HiG_5"	"Ctss"	0.00496296867267524	0.00351289601840309	"HiG"	0.111814988148385	0.000237904230102946	27.9324984577431	37	34	34	277	NA	NA	NA	NA
"HiG_5"	"Cttnbp2nl"	0.000485631200537546	0.00079324998072424	"HiG"	0.00351794013765853	7.48497901629475e-06	36	417	409	409	142	NA	NA	NA	NA
"HiG_5"	"Cxcl16"	0.000474959565513005	0.000741289384108475	"HiG"	0.00262962628267949	5.59494953761593e-06	95.2589110670157	422	423	423	11	NA	NA	NA	NA
"HiG_5"	"Cxcr4"	0.00429073113431259	0.00288123245028769	"HiG"	0.0839350902871715	0.000178585298483344	31.8302670822463	52	58	58	211	NA	NA	NA	NA
"HiG_5"	"Cyba"	0.00337814777397869	0.00298968419872282	"HiG"	0.0737881584018137	0.000156996081705987	33.4563539884593	75	74	74	179	NA	NA	NA	NA
"HiG_5"	"Cybb"	0.00231040324486736	0.00208831358738704	"HiG"	0.0498455496449661	0.000106054360946736	36.4162910209967	150	124	124	138	NA	NA	NA	NA
"HiG_5"	"Dab2"	0.00570404418930676	0.0426433728650413	"HiG"	0.128800358817641	0.000274043316633279	41.6004867414978	26	26	26	68	NA	NA	NA	NA
"HiG_5"	"Daxx"	0.00417575614269359	0.0183476982384658	"HiG"	0.0843259901367003	0.000179417000290852	34.0102916793975	58	57	57	167	NA	NA	NA	NA
"HiG_5"	"Dctpp1"	0.000712304119135572	0.00275892736905345	"HiG"	0.00840189795147095	1.7876378620151e-05	85.8337228634768	366	351	351	14	NA	NA	NA	NA
"HiG_5"	"Ddhd1"	0.000331638293169746	0	"HiG"	0	0	NA	460.5	460.5	460.5	NA	NA	NA	NA	NA
"HiG_5"	"Ddt"	0.000331638293169746	0	"HiG"	0	0	NA	460.5	460.5	460.5	NA	NA	NA	NA	NA
"HiG_5"	"Ddx21"	0.00555038569511001	0.0277299974147315	"HiG"	0.120013958561174	0.000255348848002498	28.707946516982	30	30	30	263	NA	NA	NA	NA
"HiG_5"	"Dmkn"	0.000498088911982696	0.0013419432870928	"HiG"	0.00342735595419772	7.29224671105898e-06	129	415	412	412	4.5	NA	NA	NA	NA
"HiG_5"	"Dok3"	0.000839901396411071	0.00152870159542444	"HiG"	0.0112888530319817	2.4018836238259e-05	39.6017008554991	331	317	317	93	NA	NA	NA	NA
"HiG_5"	"Dpep2"	0.000540297645727892	0.0053139398684574	"HiG"	0.00479198341449053	1.0195709392533e-05	41.3091930942401	399	396	396	74	NA	NA	NA	NA
"HiG_5"	"Dram1"	0.000626073916786551	0.00130633702837151	"HiG"	0.00488211617586409	1.03874812252427e-05	89.3864714267361	386	392	392	13	NA	NA	NA	NA
"HiG_5"	"Dse"	0.00112140947222769	0.015135439677563	"HiG"	0.0136675761421671	2.90799492386534e-05	17.0752942862593	283	295	295	392	NA	NA	NA	NA
"HiG_5"	"Dtx3l"	0.0029616194235436	0.00104542070235606	"HiG"	0.0554583920421142	0.000117996578813009	11.980521666007	99	111	111	422	NA	NA	NA	NA
"HiG_5"	"Dusp22"	0.000642518674594745	0.00488032777277962	"HiG"	0.00557695398471718	1.18658595419514e-05	36.2248835069348	381	376	376	140	NA	NA	NA	NA
"HiG_5"	"Egr2"	0.00189042447140602	0.0236243410080821	"HiG"	0.0321192202748607	6.83387665422568e-05	33.3411686525071	191	189	189	183	NA	NA	NA	NA
"HiG_5"	"Eif1ad"	0.000465829433877805	5.68704558962125e-05	"HiG"	0.00145722155660053	3.10047139702239e-06	12	426	437	437	421	NA	NA	NA	NA
"HiG_5"	"Emp1"	0.00164838936554832	0.000332617172080495	"HiG"	0.0244518596851289	5.20252333726147e-05	16.8779648366586	216	234	234	394	NA	NA	NA	NA
"HiG_5"	"Entpd3"	0.000504090564652789	3.94332215744823e-05	"HiG"	0.00301531687402203	6.41556781706815e-06	15	412	417	417	404	NA	NA	NA	NA
"HiG_5"	"Eps8"	0.00268554346041794	0.00486335240213111	"HiG"	0.0516350471050991	0.000109861802351275	33.3133764350812	118	117	117	185	NA	NA	NA	NA
"HiG_5"	"Epsti1"	0.000533039249028734	0.000834529052927489	"HiG"	0.00480000387533886	1.02127742028486e-05	46.4114841542593	401	395	395	41	NA	NA	NA	NA
"HiG_5"	"Evl"	0.00145980581684912	0.00258769055313627	"HiG"	0.0247692582761467	5.27005495237165e-05	40.5912816426595	241	232	232	81	NA	NA	NA	NA
"HiG_5"	"F10"	0.0017016846583169	0.00134758671680512	"HiG"	0.0277658517732932	5.9076280368709e-05	31.3516671314781	214	212	212	222	NA	NA	NA	NA
"HiG_5"	"F13a1"	0.00156036331914142	0.0026963375385606	"HiG"	0.0279944947419371	5.95627547700789e-05	36.7543370954544	228	211	211	134	NA	NA	NA	NA
"HiG_5"	"F7"	0.00266816755625307	0.00321180570166205	"HiG"	0.0493969064897443	0.000105099801042009	32.8342259052398	120	127	127	196	NA	NA	NA	NA
"HiG_5"	"Fabp4"	0.00146933217353722	0.00248986314654876	"HiG"	0.0223062894521852	4.74601903237983e-05	22.4814542091621	239	243	243	354	NA	NA	NA	NA
"HiG_5"	"Fabp5"	0.00158093216823595	0.00358589488729612	"HiG"	0.0239600729626483	5.09788786439326e-05	29.764260744798	224	236	236	244	NA	NA	NA	NA
"HiG_5"	"Fam20c"	0.00289903296324486	0.0135421142023124	"HiG"	0.0507201221613443	0.000107915153534775	22.1782064407722	105	120	120	358	NA	NA	NA	NA
"HiG_5"	"Farsb"	0.00124232992808055	0.0107028155963011	"HiG"	0.019969846556925	4.24890352274999e-05	38.2647345465883	273	253	253	112	NA	NA	NA	NA
"HiG_5"	"Fbl"	0.0068479242947127	0.034389766109313	"HiG"	0.150073521921647	0.000319305365790738	29.1023346478957	18	15	15	252	NA	NA	NA	NA
"HiG_5"	"Fblim1"	0.00185989736442576	0.00177566988147963	"HiG"	0.034289434458017	7.29562435276958e-05	31.9482596320221	194	179	179	208	NA	NA	NA	NA
"HiG_5"	"Fbxl5"	0.000451992240968936	4.7576914992158e-06	"HiG"	0.000898103138051286	1.91085774053465e-06	9	430	446	446	436	NA	NA	NA	NA
"HiG_5"	"Fcer1g"	0.00685582105478391	0.00587946758658674	"HiG"	0.152128995042203	0.000323678712855751	28.2377096995671	17	14	14	273	NA	NA	NA	NA
"HiG_5"	"Fcgrt"	0.0023106405863739	0.00114458298644534	"HiG"	0.0453281208369245	9.64428102913288e-05	32.6755127545838	149	142	142	198	NA	NA	NA	NA
"HiG_5"	"Fchsd2"	0.0012857144897394	0.00126232062350876	"HiG"	0.0222589565472487	4.73594820154227e-05	31.0547517926821	267	244	244	230	NA	NA	NA	NA
"HiG_5"	"Ffar2"	0.00126935354358312	0.000301186729271277	"HiG"	0.0154841483232158	3.2944996432374e-05	18.9995255092665	269	282	282	384	NA	NA	NA	NA
"HiG_5"	"Fgr"	0.00361373017474795	0.0199191763444821	"HiG"	0.078978528728836	0.000168039422827311	37.6026210264591	69	69	69	123	NA	NA	NA	NA
"HiG_5"	"Flrt3"	0.000458564680202687	0.00102329456176552	"HiG"	0.00261351932149326	5.56067940743247e-06	129	427	424	424	4.5	NA	NA	NA	NA
"HiG_5"	"Fos"	0.00957910898634841	0.9555023189616	"HiG"	0.247590583555595	0.000526788475650202	66.0817798774271	7	6	6	23	NA	NA	NA	NA
"HiG_5"	"Fpr2"	0.00190249481102373	0.00123306438219867	"HiG"	0.0305921646009915	6.50897119170032e-05	30.5924220746455	190	200	200	234	NA	NA	NA	NA
"HiG_5"	"Frmd4b"	0.000409824407182292	0.000467479785290766	"HiG"	0.00191821722577196	4.08131324632333e-06	67	440	431	431	21	NA	NA	NA	NA
"HiG_5"	"Fstl1"	0.00198887431689783	0.00259552603470771	"HiG"	0.0375354460077937	7.98626510804121e-05	24.0355606555263	177	171	171	336	NA	NA	NA	NA
"HiG_5"	"Fth1"	0.00280452854172059	0.00339668266624611	"HiG"	0.0490336137408057	0.000104326837746395	23.3702989650728	111	128	128	342	NA	NA	NA	NA
"HiG_5"	"Furin"	0.00334953256349111	0.00370304912279981	"HiG"	0.0644657197119196	0.000137161105770042	28.7749955539732	78	88	88	260	NA	NA	NA	NA
"HiG_5"	"Fyn"	0.0121732741077331	0.0394983484682732	"HiG"	0.267983728948896	0.000570178146699778	30.9081568349737	4	4	4	231	NA	NA	NA	NA
"HiG_5"	"Gadd45g"	0.000983909359462096	0.0043089813726102	"HiG"	0.0153201344969258	3.2596030844523e-05	39.4905380915681	308	284	284	94	NA	NA	NA	NA
"HiG_5"	"Gar1"	0.00176655067412619	0.00683544747948834	"HiG"	0.035910431025924	7.64051723955829e-05	35.7486573223837	206	175	175	149	NA	NA	NA	NA
"HiG_5"	"Gart"	0.00148462479490012	0.0233330963449541	"HiG"	0.024675111435637	5.25002370971e-05	43.9527354647215	235	233	233	53	NA	NA	NA	NA
"HiG_5"	"Gas7"	0.00101870804300924	0.00119242051651075	"HiG"	0.0144122506490175	3.06643630830159e-05	31.064755080344	303	289	289	228	NA	NA	NA	NA
"HiG_5"	"Gbp2"	0.000517834009792124	0.000103204918303229	"HiG"	0.00375208083130294	7.98315070489988e-06	25.2090215695371	405	405	405	322	NA	NA	NA	NA
"HiG_5"	"Gcnt1"	0.00061589545770682	0.000441817847831104	"HiG"	0.00625391317585702	1.33061982465043e-05	28.6695308266408	388	370	370	265	NA	NA	NA	NA
"HiG_5"	"Gda"	0.00107632239891233	0.000583438204514995	"HiG"	0.0134556747801759	2.86290952769699e-05	10.6264667081073	288	296	296	427	NA	NA	NA	NA
"HiG_5"	"Gdf15"	0.00162654382391615	0.00644012133586984	"HiG"	0.0266548238550309	5.67123911809168e-05	19.6070657499403	220	217	217	379	NA	NA	NA	NA
"HiG_5"	"Glb1"	0.000731675376688862	0.00533996489775176	"HiG"	0.00545411014632816	1.16044896730386e-05	20.9335810298188	363	379	379	372	NA	NA	NA	NA
"HiG_5"	"Glrx"	0.000478639648349301	5.48338599347071e-05	"HiG"	0.0018208228900637	3.87409125545468e-06	7.30916653883324	420	433	433	439	NA	NA	NA	NA
"HiG_5"	"Gmfg"	0.00274808887405329	0.00120960118488592	"HiG"	0.0564705920769887	0.000120150195908487	35.7652884191154	114	110	110	148	NA	NA	NA	NA
"HiG_5"	"Gns"	0.00219216721206122	0.00212327476030597	"HiG"	0.0325784840607191	6.9315923533445e-05	24.8300259130638	160	185	185	327	NA	NA	NA	NA
"HiG_5"	"Gpcpd1"	0.000331638293169746	0	"HiG"	0	0	NA	460.5	460.5	460.5	NA	NA	NA	NA	NA
"HiG_5"	"Gpnmb"	0.000940529835544656	0.000433322755374952	"HiG"	0.0152158308058517	3.23741080975569e-05	44.9871049788939	316	286	286	51	NA	NA	NA	NA
"HiG_5"	"Gpr137b"	0.000634164156955294	0.00109762670473934	"HiG"	0.00516182739027945	1.09826114686797e-05	74.9764193725083	383	386	386	17	NA	NA	NA	NA
"HiG_5"	"Gpr141"	0.000781737403686907	0.000399908793480565	"HiG"	0.00988022162051804	2.10217481287618e-05	26.593648460406	343	332	332	298	NA	NA	NA	NA
"HiG_5"	"Gpr171"	0.000631278902580704	0.000200554276255309	"HiG"	0.00754861285750643	1.60608784202265e-05	36.4841134787397	385	358	358	137	NA	NA	NA	NA
"HiG_5"	"Gpr183"	0.00282452991545451	0.00179978538072631	"HiG"	0.0566590273000957	0.000120551121915097	31.880806276415	109	108	108	210	NA	NA	NA	NA
"HiG_5"	"Gpr65"	0.00197879756255557	0.00079907758444287	"HiG"	0.0374557737213746	7.96931355773927e-05	35.2045036017105	179	172	172	153	NA	NA	NA	NA
"HiG_5"	"Gpx3"	0.000765211930196658	7.86971330393894e-05	"HiG"	0.00694052950689867	1.47670840572312e-05	16.0328396376604	349	366	366	401	NA	NA	NA	NA
"HiG_5"	"Grina"	0.000331638293169746	0	"HiG"	0	0	NA	460.5	460.5	460.5	NA	NA	NA	NA	NA
"HiG_5"	"Gsap"	0.000466571983791684	0.00108785032836825	"HiG"	0.00277839632722947	5.91148154729675e-06	129	425	421	421	4.5	NA	NA	NA	NA
"HiG_5"	"Gstm1"	0.000672763552638668	4.58309427108125e-05	"HiG"	0.00489062166951706	1.04055780202491e-05	25.2634243967434	375	390	390	320	NA	NA	NA	NA
"HiG_5"	"Hacd4"	0.000477016187302879	0.00016470202854269	"HiG"	0.00379278088651987	8.06974656706356e-06	68	421	404	404	20	NA	NA	NA	NA
"HiG_5"	"Havcr2"	0.00178989488538526	0.00107504865201217	"HiG"	0.0312471234997168	6.64832414887591e-05	33.0812012886829	203	196	196	191	NA	NA	NA	NA
"HiG_5"	"Hcar2"	0.000741079274732977	7.14219406981431e-05	"HiG"	0.00773219146014669	1.64514711918015e-05	26.5265805142405	359	357	357	299	NA	NA	NA	NA
"HiG_5"	"Hck"	0.00348560448999764	0.00965647561128751	"HiG"	0.0783262184345268	0.0001666515285841	38.060767924411	72	70	70	115	NA	NA	NA	NA
"HiG_5"	"Hdhd2"	0.000445259010253289	0.000110388648092352	"HiG"	0.00214474957151982	4.56329696068046e-06	38	434	430	430	119	NA	NA	NA	NA
"HiG_5"	"Hebp1"	0.00105626235946602	0.00202027872312065	"HiG"	0.0157846941131891	3.35844555599767e-05	28.76805515208	294	278	278	262	NA	NA	NA	NA
"HiG_5"	"Hip1"	0.000510672286620175	9.01035527912811e-05	"HiG"	0.00346762521909129	7.37792599806657e-06	16.8392790966517	408	411	411	395	NA	NA	NA	NA
"HiG_5"	"Hivep3"	0.00075516128545505	0.0195087397630759	"HiG"	0.0103954240276559	2.21179234630977e-05	48.0964471219481	355	323	323	38	NA	NA	NA	NA
"HiG_5"	"Hlx"	0.00266757224780739	0.0049152146850963	"HiG"	0.0537479315583533	0.000114357301187986	27.3593534984594	121	115	115	288	NA	NA	NA	NA
"HiG_5"	"Hmgn3"	0.000968387171375384	0.00248187660760586	"HiG"	0.0132046001371778	2.80948939088889e-05	46.3676849642564	314	299	299	42	NA	NA	NA	NA
"HiG_5"	"Hmox1"	0.00200471390752229	0.000991456853033114	"HiG"	0.0384952351194187	8.19047555732312e-05	35.1644546122267	174	167	167	155	NA	NA	NA	NA
"HiG_5"	"Hp"	0.00192549826050373	0.00212976542031024	"HiG"	0.0357531030903403	7.60704321071069e-05	40.1393246220418	186	176	176	86	NA	NA	NA	NA
"HiG_5"	"Hpse"	0.000879987302738186	0.000716107178752415	"HiG"	0.0117550888024185	2.50108272391883e-05	27.9841379239536	325	313	313	276	NA	NA	NA	NA
"HiG_5"	"Hsph1"	0.0030361813096006	0.0381122515199646	"HiG"	0.0628793667773054	0.000133785886760224	42.6499507195613	96	91	91	61	NA	NA	NA	NA
"HiG_5"	"Hvcn1"	0.000331638293169746	0	"HiG"	0	0	NA	460.5	460.5	460.5	NA	NA	NA	NA	NA
"HiG_5"	"Id2"	0.000523764529124092	0.00160298198389678	"HiG"	0.00491926066688464	1.04665120572014e-05	24.8215977764932	403	389	389	328	NA	NA	NA	NA
"HiG_5"	"Ifih1"	0.00105737529772587	0.00207064610996012	"HiG"	0.0140021562366724	2.97918217801539e-05	28.9632025426748	292	291	291	256	NA	NA	NA	NA
"HiG_5"	"Igf1"	0.00281383479344693	0.00386352736765177	"HiG"	0.0541782029386413	0.000115272772209875	26.1351737370625	110	113	113	307	NA	NA	NA	NA
"HiG_5"	"Igf2r"	0.00498399649773739	0.00488834258182965	"HiG"	0.0934788554805301	0.000198891181873468	22.4722521852216	36	50	50	355	NA	NA	NA	NA
"HiG_5"	"Ighm"	0.00180189388837542	0.000988844262726511	"HiG"	0.0307569388206872	6.54402953631642e-05	33.9621795365302	202	197	197	169	NA	NA	NA	NA
"HiG_5"	"Igsf6"	0.00429261243712153	0.00410219550290776	"HiG"	0.099350811084482	0.000211384704435068	40.4629188208431	51	44	44	84	NA	NA	NA	NA
"HiG_5"	"Il13ra1"	0.00124734846133538	0.000504347773443512	"HiG"	0.0156357179305379	3.32674849585913e-05	38.6807077433429	272	279	279	104	NA	NA	NA	NA
"HiG_5"	"Il1b"	0.00429829661743794	0.00910456697009668	"HiG"	0.0945256723454795	0.000201118451798892	33.2931853507779	50	49	49	186	NA	NA	NA	NA
"HiG_5"	"Il1r1"	0.00276980763340787	0.00320718555921202	"HiG"	0.0583588957387886	0.000124167863274018	33.997472279135	113	101	101	168	NA	NA	NA	NA
"HiG_5"	"Il1r2"	0.00270140816712213	0.00149547851507594	"HiG"	0.0581006155831801	0.000123618331028043	30.561319375656	117	103	103	236	NA	NA	NA	NA
"HiG_5"	"Il1rn"	0.00154728813972423	0.000480134857958173	"HiG"	0.0282366087996026	6.00778910629842e-05	22.3223346987852	229	210	210	356	NA	NA	NA	NA
"HiG_5"	"Il6st"	0.00272261505602582	0.00304893140212904	"HiG"	0.0582034679033226	0.00012383716575175	43.7315012684386	116	102	102	54	NA	NA	NA	NA
"HiG_5"	"Il7r"	0.00544299670675425	0.00710187386247664	"HiG"	0.120146951891107	0.000255631812534271	33.0267305308741	32	29	29	192	NA	NA	NA	NA
"HiG_5"	"Impdh2"	0.00290267365929645	0.0439399741722818	"HiG"	0.0528541907920405	0.000112455725089448	42.6142377164872	103	116	116	62	NA	NA	NA	NA
"HiG_5"	"Iqsec1"	0.0011153040309579	0.000765676412643074	"HiG"	0.0126269519787905	2.68658552740224e-05	25.8435198506134	284	304	304	311	NA	NA	NA	NA
"HiG_5"	"Irf8"	0.00264099255252631	0.00851879977658349	"HiG"	0.0548382952059968	0.000116677223842546	32.1237287617092	124	112	112	206	NA	NA	NA	NA
"HiG_5"	"Irf9"	0.00346786219532631	0.0102938851343422	"HiG"	0.0805926101952514	0.000171473638713301	28.1822434521606	73	64	64	274	NA	NA	NA	NA
"HiG_5"	"Isg15"	0.00337187026456414	0.00954625203521223	"HiG"	0.0664780096125795	0.000141442573643786	24.859676811589	76	84	84	325	NA	NA	NA	NA
"HiG_5"	"Itgam"	0.00301317395595533	0.00250134333935677	"HiG"	0.061665640838308	0.000131203491145336	32.4305707811033	98	93	93	202	NA	NA	NA	NA
"HiG_5"	"Itgax"	0.00238560877894046	0.00134577001175612	"HiG"	0.0504766137860886	0.000107397050608699	44.7883644172696	141	121	121	52	NA	NA	NA	NA
"HiG_5"	"Itgb2"	0.0088473460362439	0.00630995316773667	"HiG"	0.200120328885675	0.000425787933799309	29.67698242813	8	8	8	248	NA	NA	NA	NA
"HiG_5"	"Itgb3"	0.00182271558645498	0.0014992862600153	"HiG"	0.0314905100701556	6.70010852556501e-05	31.92476008539	199	194	194	209	NA	NA	NA	NA
"HiG_5"	"Jun"	0.0172593232136292	1	"HiG"	0.42624202412228	0.000906897923664426	33.8955721112369	2	1	1	171	NA	NA	NA	NA
"HiG_5"	"Kdm7a"	0.000536020793951055	0.000607355768932966	"HiG"	0.00505524233351293	1.07558347521552e-05	48.3777258952727	400	387	387	37	NA	NA	NA	NA
"HiG_5"	"Kdr"	0.00388897916942189	0.00417403183891773	"HiG"	0.0797155672206619	0.000169607589831196	33.9117704229291	60	67	67	170	NA	NA	NA	NA
"HiG_5"	"Kit"	0.00218654398932242	0.00271591791513141	"HiG"	0.0404669105758181	8.60998097357832e-05	38.1468986665636	161	162	162	114	NA	NA	NA	NA
"HiG_5"	"Klf2"	0.000513947513764008	0.000600082520209765	"HiG"	0.00451059136637694	9.59700290718498e-06	46.014418617338	406	401	401	45	NA	NA	NA	NA
"HiG_5"	"Klf4"	0.00202701675938711	0.0276271009255015	"HiG"	0.0417605213733399	8.88521731347657e-05	45.5321898613852	172	161	161	47	NA	NA	NA	NA
"HiG_5"	"Klhdc4"	0.00050030369652283	8.51997490667867e-05	"HiG"	0.00339989098028779	7.233810596357e-06	12.5571829662929	413	414	414	417	NA	NA	NA	NA
"HiG_5"	"Kmo"	0.000689110833468566	4.40054805635897e-05	"HiG"	0.005283386618185	1.12412481237979e-05	9	371	383	383	436	NA	NA	NA	NA
"HiG_5"	"Kynu"	0.00211876214950646	0.00156239923742617	"HiG"	0.0266177190608274	5.66334448102711e-05	16.0045435347705	168	218	218	402	NA	NA	NA	NA
"HiG_5"	"L1cam"	0.000902047938956321	0.000879171791146069	"HiG"	0.0126483336419394	2.69113481743391e-05	38.5414434743737	320	303	303	108	NA	NA	NA	NA
"HiG_5"	"Lamc1"	0.00231756069310335	0.00429810077832365	"HiG"	0.0426759899400059	9.07999785957573e-05	45.229172449899	148	158	158	49	NA	NA	NA	NA
"HiG_5"	"Lcn2"	0.00194717600167546	0.000472582862323595	"HiG"	0.0352040347909234	7.49022016828158e-05	18.3190763444964	184	177	177	388	NA	NA	NA	NA
"HiG_5"	"Lgals3"	0.00712545484418653	0.037390954312105	"HiG"	0.1443534078756	0.000307134910373617	28.4487257768054	14	18	18	269	NA	NA	NA	NA
"HiG_5"	"Lgals3bp"	0.0025844355865813	0.0048511265542798	"HiG"	0.0463080463411103	9.85277581725751e-05	33.2790336416027	127	139	139	187	NA	NA	NA	NA
"HiG_5"	"Lgmn"	0.000784465521137814	0.000588984162712445	"HiG"	0.0108323999831022	2.30476595385154e-05	31.0640389093236	342	320	320	229	NA	NA	NA	NA
"HiG_5"	"Lipa"	0.00147769448631227	0.0016770894648911	"HiG"	0.0189839617042438	4.03914078813697e-05	30.1006441109438	236	257	257	239	NA	NA	NA	NA
"HiG_5"	"Lpl"	0.00244896448353498	0.00542581540867522	"HiG"	0.046334836826583	9.85847592054958e-05	29.9935425839846	139	138	138	242	NA	NA	NA	NA
"HiG_5"	"Lrg1"	0.000485648137290431	9.4495999839651e-05	"HiG"	0.003648777942284	7.76335732400851e-06	62	416	406	406	26	NA	NA	NA	NA
"HiG_5"	"Lrp1"	0.00874505899330217	0.0190433768487929	"HiG"	0.189831897278448	0.000403897653783931	35.9143428463696	9	10	10	144	NA	NA	NA	NA
"HiG_5"	"Lrp12"	0.00106673475911151	0.00190836873847006	"HiG"	0.0113699967747134	2.41914824993901e-05	65.190283563626	291	315	315	24	NA	NA	NA	NA
"HiG_5"	"Lrpap1"	0.00747289599706934	0.0132834539868904	"HiG"	0.173189613933217	0.000368488540283441	26.2310154760102	12	11	11	304	NA	NA	NA	NA
"HiG_5"	"Lrrc25"	0.000754887189612355	0.000439323899335819	"HiG"	0.00736989527213748	1.56806282385904e-05	19.0933545172121	356	361	361	383	NA	NA	NA	NA
"HiG_5"	"Lsp1"	0.00107284165749623	0.000293010334258201	"HiG"	0.0186929445375197	3.97722224202546e-05	38.6261462507691	289	260	260	105	NA	NA	NA	NA
"HiG_5"	"Lst1"	0.00277902712836553	0.00192058938433243	"HiG"	0.061898036950934	0.000131697950959434	40.7438468186249	112	92	92	79	NA	NA	NA	NA
"HiG_5"	"Ly86"	0.0047122992936669	0.0060201120483025	"HiG"	0.0994899199365477	0.000211680680716059	39.2191017607855	41	43	43	97	NA	NA	NA	NA
"HiG_5"	"Lyar"	0.00304888353393492	0.0134881308450796	"HiG"	0.0656903260249383	0.00013976665111689	32.0988519120775	94	86	86	207	NA	NA	NA	NA
"HiG_5"	"Mad1l1"	0.000747572252029728	0.000563310316711806	"HiG"	0.0074418739675733	1.58337743990921e-05	19.205637524171	357	359	359	381	NA	NA	NA	NA
"HiG_5"	"Maf"	0.00128800636137842	0.0398789527828648	"HiG"	0.0248296784308605	5.2829103044384e-05	33.5268401356784	266	231	231	178	NA	NA	NA	NA
"HiG_5"	"Mafb"	0.00267910500638525	0.0544983441825687	"HiG"	0.0576221071700318	0.000122600228021344	34.1673736926575	119	104	104	166	NA	NA	NA	NA
"HiG_5"	"Man1c1"	0.000331638293169746	0	"HiG"	0	0	NA	460.5	460.5	460.5	NA	NA	NA	NA	NA
"HiG_5"	"Map3k8"	0.00163353132750206	0.00310838890641137	"HiG"	0.0292879526428352	6.23147928570963e-05	28.9391112511481	219	208	208	257	NA	NA	NA	NA
"HiG_5"	"Mapk3"	0.00500225516747463	0.0404778676935271	"HiG"	0.102438793497417	0.000217954879781738	29.2451350636608	35	41	41	249	NA	NA	NA	NA
"HiG_5"	"Marcks"	0.00149560076535213	0.00122508080761193	"HiG"	0.0219458431231598	4.66932832407655e-05	23.0298748337048	233	246	246	346	NA	NA	NA	NA
"HiG_5"	"Mboat1"	0.000480427477122094	0.000290026639538611	"HiG"	0.00215509888274698	4.58531677180208e-06	9.30703388197748	418	429	429	433	NA	NA	NA	NA
"HiG_5"	"Mcemp1"	0.000331638293169746	0	"HiG"	0	0	NA	460.5	460.5	460.5	NA	NA	NA	NA	NA
"HiG_5"	"Mcoln2"	0.00150487981794849	0.000211263682226245	"HiG"	0.0107815304677695	2.29394265271693e-05	3.69079891757647	231	321	321	449	NA	NA	NA	NA
"HiG_5"	"Mcoln3"	0.00138222125377611	0.000247534008238421	"HiG"	0.00974931690395761	2.0743227455229e-05	6.65909134159682	248	334	334	444	NA	NA	NA	NA
"HiG_5"	"Mdfic"	0.000331638293169746	0	"HiG"	0	0	NA	460.5	460.5	460.5	NA	NA	NA	NA	NA
"HiG_5"	"Mef2c"	0.00265491574300118	0.0317589990677758	"HiG"	0.0568793814020211	0.000121019960429832	31.220224980359	122	106	106	224	NA	NA	NA	NA
"HiG_5"	"Mertk"	0.00237688504610319	0.00318661945065223	"HiG"	0.0500332176052538	0.000106453654479263	36.1547118049256	143	123	123	141	NA	NA	NA	NA
"HiG_5"	"Mfge8"	0.00142995021844046	0.00150080238547584	"HiG"	0.0254280478410694	5.41022294490839e-05	36.9997590615944	245	225	225	130	NA	NA	NA	NA
"HiG_5"	"Mgll"	0.000737955501127888	0.000201879079158512	"HiG"	0.00870100017711057	1.85127663342778e-05	15.6895026972422	361	347	347	403	NA	NA	NA	NA
"HiG_5"	"Mgst1"	0.00138062171996167	0.000132264824024512	"HiG"	0.0139385267174015	2.96564398242584e-05	12.3844650714013	249	293	293	419	NA	NA	NA	NA
"HiG_5"	"Mmp12"	0.00133281370396314	0.00106504143404047	"HiG"	0.022731526979296	4.83649510197787e-05	29.0128512493585	260	240	240	254	NA	NA	NA	NA
"HiG_5"	"Mmp14"	0.00215878509408069	0.00215074635337493	"HiG"	0.0421414575954011	8.96626757348959e-05	28.5915677400797	163	160	160	266	NA	NA	NA	NA
"HiG_5"	"Mmp19"	0.000983076076856653	0.000291435164153636	"HiG"	0.0146787462599251	3.12313750211172e-05	20.2352018723923	309	288	288	377	NA	NA	NA	NA
"HiG_5"	"Mmp8"	0.00197351716226627	0.00160210172182156	"HiG"	0.0380127674327853	8.08782285803942e-05	27.2534794528739	180	169	169	290	NA	NA	NA	NA
"HiG_5"	"Mpeg1"	0.000331638293169746	0	"HiG"	0	0	NA	460.5	460.5	460.5	NA	NA	NA	NA	NA
"HiG_5"	"Mpp1"	0.00134150485078507	0.0227634543780256	"HiG"	0.0248305399897393	5.28309361483814e-05	49.2394241754089	259	230	230	36	NA	NA	NA	NA
"HiG_5"	"Mrc1"	0.00224718010646197	0.00273381667648429	"HiG"	0.0481415291260619	0.0001024287853746	39.4584497132184	155	132	132	95	NA	NA	NA	NA
"HiG_5"	"Ms4a7"	0.000881940436836342	7.04147394173377e-05	"HiG"	0.00875529288062612	1.86282827247364e-05	17.0262137410444	324	345	345	393	NA	NA	NA	NA
"HiG_5"	"Msr1"	0.00272381998664579	0.00480109355918995	"HiG"	0.061628014495256	0.000131123435096289	38.0393277798157	115	94	94	116	NA	NA	NA	NA
"HiG_5"	"Msrb1"	0.000688367869073835	0.0015875754668466	"HiG"	0.00541542294345041	1.15221764754264e-05	98.497680219698	372	380	380	10	NA	NA	NA	NA
"HiG_5"	"Mtap"	0.00134312805769315	0.006396339737357	"HiG"	0.0137344091020968	2.92221470257379e-05	22.2688680972373	258	294	294	357	NA	NA	NA	NA
"HiG_5"	"Myadm"	0.00145060928297347	0.000919690545928094	"HiG"	0.0223174118785691	4.74838550607853e-05	21.5549085897526	242	242	242	365	NA	NA	NA	NA
"HiG_5"	"Myc"	0.0139551162136818	0.077562753112663	"HiG"	0.302045277374402	0.000642649526328516	22.0743213744223	3	3	3	359	NA	NA	NA	NA
"HiG_5"	"Myo1f"	0.0028709974950137	0.00233626197287847	"HiG"	0.0636561762806961	0.000135438672937651	40.0730860198098	106	89	89	87	NA	NA	NA	NA
"HiG_5"	"Myof"	0.00404081373573396	0.00715117841858905	"HiG"	0.0889134026384535	0.000189177452422241	27.5989682874997	59	56	56	282	NA	NA	NA	NA
"HiG_5"	"Naaa"	0.00247275341690078	0.00300613818953481	"HiG"	0.0440659867015682	9.3757418513975e-05	26.4548792638041	137	147	147	301	NA	NA	NA	NA
"HiG_5"	"Nabp1"	0.00051074905056913	0.000248150781382352	"HiG"	0.00454947732317201	9.67973898547237e-06	38.6041752039307	407	398	398	107	NA	NA	NA	NA
"HiG_5"	"Nceh1"	0.00110660805276131	0.0003393211080645	"HiG"	0.0128942041503175	2.74344769155692e-05	9.19607107585335	286	302	302	434	NA	NA	NA	NA
"HiG_5"	"Ncf1"	0.00211914542027194	0.00202395493905013	"HiG"	0.0437243981125941	9.3030634282115e-05	27.275815912457	167	150	150	289	NA	NA	NA	NA
"HiG_5"	"Ncf4"	0.0036260437504835	0.00343548516652755	"HiG"	0.0824461032816446	0.000175417241024776	37.1025377994116	68	61	61	127	NA	NA	NA	NA
"HiG_5"	"Ndst1"	0.000766419929166567	0.000282083104841151	"HiG"	0.0104153835992866	2.21603906367801e-05	28.9344798068865	348	322	322	258	NA	NA	NA	NA
"HiG_5"	"Neu1"	0.000789222339642088	0.000793114592992227	"HiG"	0.00619841939511018	1.31881263725748e-05	33.6173319500564	341	371	371	174	NA	NA	NA	NA
"HiG_5"	"Noc2l"	0.00289923116359848	0.014131470603756	"HiG"	0.0595875255739924	0.000126781969306367	33.3169317231703	104	100	100	184	NA	NA	NA	NA
"HiG_5"	"Nolc1"	0.0046236002564276	0.0345796372817365	"HiG"	0.104052868546835	0.000221389082014542	39.8045320236416	44	39	39	91	NA	NA	NA	NA
"HiG_5"	"Nop56"	0.00568236721483994	0.0383953962683284	"HiG"	0.131552260174219	0.000279898425902594	37.0733070478812	27	25	25	128	NA	NA	NA	NA
"HiG_5"	"Npm3"	0.0014703404664743	0.016726481374724	"HiG"	0.0272982328098613	5.80813464039602e-05	41.1377052444148	238	215	215	75	NA	NA	NA	NA
"HiG_5"	"Npy"	0.0003823241851063	0.000408635263236873	"HiG"	0.00104366444992187	2.22056265940823e-06	129	447	443	443	4.5	NA	NA	NA	NA
"HiG_5"	"Nrg1"	0.000809243688826142	0.000429742662791024	"HiG"	0.00938444219118451	1.9966898279116e-05	22.0681677636107	336	340	340	360	NA	NA	NA	NA
"HiG_5"	"Nrip1"	0.00293988394892187	0.033754562891152	"HiG"	0.06612876368218	0.000140699497196128	32.4753973027161	100	85	85	201	NA	NA	NA	NA
"HiG_5"	"Nrp1"	0.00649262344029282	0.00615790909364928	"HiG"	0.138637122317942	0.000294972600676471	25.7234710718562	20	21	21	314	NA	NA	NA	NA
"HiG_5"	"Nrp2"	0.00178226767444651	0.000580523417159943	"HiG"	0.0316620767333979	6.73661207093572e-05	22.4817772994703	204	192	192	353	NA	NA	NA	NA
"HiG_5"	"Nt5dc2"	0.000859237499683786	0.000931452968590902	"HiG"	0.0103685869984699	2.20608234009999e-05	21.4621664863483	330	324	324	366	NA	NA	NA	NA
"HiG_5"	"Nudcd1"	0.00129821939933873	0.00164703230394366	"HiG"	0.0186607510003152	3.97037255325856e-05	27.5458194324268	264	261	261	284	NA	NA	NA	NA
"HiG_5"	"Odc1"	0.00135567523790981	0.00246754872680939	"HiG"	0.0167438858049957	3.56252889467994e-05	30.3506894880564	256	274	274	238	NA	NA	NA	NA
"HiG_5"	"Olfm1"	0.000635564246199954	0.000118427910967266	"HiG"	0.00454436651179133	9.66886491870496e-06	11.2663075219992	382	400	400	424	NA	NA	NA	NA
"HiG_5"	"Osgep"	0.000448104490782497	1.93935542695466e-05	"HiG"	0.00176093460089468	3.74666936360571e-06	5	432	435	435	446.5	NA	NA	NA	NA
"HiG_5"	"Otulin"	0.000382877388694986	0.000204893292116203	"HiG"	0.00126133651209724	2.68369470658988e-06	42.9646602104381	446	442	442	57	NA	NA	NA	NA
"HiG_5"	"P2ry1"	0.00135968421559071	0.000147990821243713	"HiG"	0.0163930089472116	3.48787424408758e-05	18.9085228099064	255	276	276	385	NA	NA	NA	NA
"HiG_5"	"P2ry13"	0.000331638293169746	0	"HiG"	0	0	NA	460.5	460.5	460.5	NA	NA	NA	NA	NA
"HiG_5"	"P2ry14"	0.000331638293169746	0	"HiG"	0	0	NA	460.5	460.5	460.5	NA	NA	NA	NA	NA
"HiG_5"	"Pa2g4"	0.00223537662675435	0.0154089466507671	"HiG"	0.0394746096100166	8.39885310851417e-05	29.0874485074042	156	164	164	253	NA	NA	NA	NA
"HiG_5"	"Pag1"	0.00177575742096121	0.00162036522111088	"HiG"	0.026237598979012	5.5824678678749e-05	31.1157010250733	205	219	219	227	NA	NA	NA	NA
"HiG_5"	"Papss2"	0.000583108649529437	0.00168464076663547	"HiG"	0.00529160570567296	1.1258735543985e-05	91.0872720960664	392	382	382	12	NA	NA	NA	NA
"HiG_5"	"Parp12"	0.00181709851612067	0.00135105714515786	"HiG"	0.0325028486649284	6.91549971594221e-05	19.5429599656961	201	186	186	380	NA	NA	NA	NA
"HiG_5"	"Parp14"	0.00131762038871384	0.00015885796019748	"HiG"	0.0187049551761997	3.97977769706377e-05	12.6099759989395	261	259	259	415	NA	NA	NA	NA
"HiG_5"	"Parp9"	0.00248216477618051	0.00061469279437307	"HiG"	0.0474313090522149	0.0001009176788345	10.2477920189717	134	135	135	429	NA	NA	NA	NA
"HiG_5"	"Parvb"	0.000557808305008115	0.000125643121296908	"HiG"	0.0046231362206828	9.83646004400596e-06	21.6085607913194	397	397	397	363	NA	NA	NA	NA
"HiG_5"	"Pcmtd2"	0.000498703352848087	0.00549650087375894	"HiG"	0.0035063243600909	7.46026459593808e-06	50.6357003351054	414	410	410	35	NA	NA	NA	NA
"HiG_5"	"Pdcd1lg2"	0.00284090280885006	0.00215719676991936	"HiG"	0.0598759528077082	0.00012739564427172	38.2780404116141	108	99	99	111	NA	NA	NA	NA
"HiG_5"	"Pde4b"	0.00188257623563008	0.00137743410165154	"HiG"	0.0227499753484464	4.84042028690349e-05	13.6791999051241	192	239	239	410	NA	NA	NA	NA
"HiG_5"	"Pde6h"	0.000417758134172533	0.000694307677216026	"HiG"	0.00177327877745624	3.77293356905583e-06	129	439	434	434	4.5	NA	NA	NA	NA
"HiG_5"	"Pdgfa"	0.00181941087384413	0.00130078710851406	"HiG"	0.0301977480643653	6.42505277965219e-05	25.3860612161043	200	202	202	319	NA	NA	NA	NA
"HiG_5"	"Pdk1"	0.00217504295697085	0.000884192309096905	"HiG"	0.0248921121072871	5.29619406538023e-05	16.7929198810993	162	228	228	397	NA	NA	NA	NA
"HiG_5"	"Pdpn"	0.00071030050007894	8.77387134425159e-05	"HiG"	0.00774000665018093	1.64680992557041e-05	18.4320343383921	368	356	356	386	NA	NA	NA	NA
"HiG_5"	"Pfkfb4"	0.000331638293169746	0	"HiG"	0	0	NA	460.5	460.5	460.5	NA	NA	NA	NA	NA
"HiG_5"	"Pid1"	0.000567033267018582	0.00112623305176971	"HiG"	0.0055696497713381	1.18503186624215e-05	68.2715260479088	394	377	377	19	NA	NA	NA	NA
"HiG_5"	"Pkdcc"	0.000549135215912824	0.000191652745544831	"HiG"	0.004342311200279	9.23896000059363e-06	46.0314124205219	398	402	402	44	NA	NA	NA	NA
"HiG_5"	"Pla2g7"	0.000922717225320048	0.000850565341926469	"HiG"	0.0153040984900448	3.25619116809463e-05	52.4809713693245	317	285	285	33	NA	NA	NA	NA
"HiG_5"	"Plaur"	0.00523992379404323	0.00591637605543201	"HiG"	0.114573354281256	0.000243773094215438	35.4218467271827	34	33	33	152	NA	NA	NA	NA
"HiG_5"	"Plbd1"	0.000780453339299585	0.00044477882717111	"HiG"	0.0103194181403524	2.19562088092604e-05	38.2466326742373	346	325	325	113	NA	NA	NA	NA
"HiG_5"	"Pld3"	0.00322856056616847	0.00231326815832909	"HiG"	0.0494836343703125	0.000105284328447473	24.1357998283491	81	126	126	334	NA	NA	NA	NA
"HiG_5"	"Pld4"	0.00037863598983078	1.04505377233151e-05	"HiG"	0.000847442615100993	1.8030693938319e-06	18	448	447	447	389	NA	NA	NA	NA
"HiG_5"	"Plekhg1"	0.00101806733757643	0.000177119893900923	"HiG"	0.0123494196187923	2.62753608910474e-05	12.5676168685727	304	307	307	416	NA	NA	NA	NA
"HiG_5"	"Plekhm3"	0.000469383110016173	1.0679665879084e-05	"HiG"	0.00129245180111693	2.74989744918497e-06	8	424	441	441	438	NA	NA	NA	NA
"HiG_5"	"Plin2"	0.00146872880834997	0.000790112438673947	"HiG"	0.019602337754238	4.17071016047617e-05	20.9383306959226	240	255	255	371	NA	NA	NA	NA
"HiG_5"	"Plk2"	0.00126902554769798	0.00155003302623895	"HiG"	0.0101211155053552	2.15342883092663e-05	46.0059642285608	270	328	328	46	NA	NA	NA	NA
"HiG_5"	"Plxna1"	0.001752896234447	0.00100938879521582	"HiG"	0.0331225205652296	7.04734480111269e-05	39.7800657967772	207	183	183	92	NA	NA	NA	NA
"HiG_5"	"Plxnb2"	0.0016215908969723	0.00105607506181934	"HiG"	0.0242093627348406	5.15092824145546e-05	24.8043557816459	222	235	235	329	NA	NA	NA	NA
"HiG_5"	"Plxnc1"	0.000331638293169746	0	"HiG"	0	0	NA	460.5	460.5	460.5	NA	NA	NA	NA	NA
"HiG_5"	"Pmp22"	0.00196225472904439	0.000243626246701557	"HiG"	0.0297850160991884	6.33723746791242e-05	14.5165017247136	182	203	203	406	NA	NA	NA	NA
"HiG_5"	"Pno1"	0.00149670575946364	0.00574044864407103	"HiG"	0.025689280452749	5.46580435164873e-05	46.1374320882531	232	223	223	43	NA	NA	NA	NA
"HiG_5"	"Pnpla7"	0.000423940163705899	2.59822841637351e-05	"HiG"	0.00147002280369282	3.12770809296345e-06	16.799114568511	437	436	436	396	NA	NA	NA	NA
"HiG_5"	"Pou2f2"	0.00122555449209493	0.015062826150663	"HiG"	0.0219485168577222	4.66989720377069e-05	37.5770419318008	274	245	245	124	NA	NA	NA	NA
"HiG_5"	"Pparg"	0.00970383838516809	0.098453372335109	"HiG"	0.248129176229166	0.000527934417508863	26.2742093649772	6	5	5	303	NA	NA	NA	NA
"HiG_5"	"Ppbp"	0.00139930607502252	0.0198170193994128	"HiG"	0.0248707941355909	5.29165832672146e-05	37.762633636474	246	229	229	121	NA	NA	NA	NA
"HiG_5"	"Ppia"	0.00687417697645526	0.04229794490856	"HiG"	0.133483431057535	0.000284007300122415	30.0903055872095	16	24	24	240	NA	NA	NA	NA
"HiG_5"	"Prmt3"	0.000885195663441473	0.0132040922019685	"HiG"	0.0123721978326003	2.63238251757452e-05	41.5379039771241	323	306	306	69	NA	NA	NA	NA
"HiG_5"	"Prnp"	0.00593894566892807	0.00965484858063552	"HiG"	0.0952900032652509	0.000202744687798406	31.3279112416366	24	47	47	223	NA	NA	NA	NA
"HiG_5"	"Procr"	0.000974300881775726	0.000475619371950769	"HiG"	0.0156261849786315	3.32472020821946e-05	33.5650088320545	310	280	280	177	NA	NA	NA	NA
"HiG_5"	"Psap"	0.00372531220868014	0.00502875942695234	"HiG"	0.0731943101582702	0.00015573257480483	31.4995320887028	64	75	75	218	NA	NA	NA	NA
"HiG_5"	"Ptafr"	0.00212849819837257	0.00195819286478252	"HiG"	0.042871200820735	9.12153208951809e-05	37.7217994778716	165	154	154	122	NA	NA	NA	NA
"HiG_5"	"Ptger3"	0.000623135534190578	0.00103578079476845	"HiG"	0.00617234663190328	1.31326524083049e-05	12.4325032119474	387	373	373	418	NA	NA	NA	NA
"HiG_5"	"Ptges3"	0.0023495127523611	0.0186737069102427	"HiG"	0.0440638569165319	9.37528870564509e-05	33.8737133091099	146	148	148	172	NA	NA	NA	NA
"HiG_5"	"Ptgr1"	0.000508708875488744	0.00012707394319331	"HiG"	0.0041435040531728	8.81596607058042e-06	24.3174672304615	409	403	403	333	NA	NA	NA	NA
"HiG_5"	"Ptpro"	0.00137664419218622	0.0017798527460341	"HiG"	0.022942618950451	4.88140828733e-05	32.9917006673385	250	238	238	193	NA	NA	NA	NA
"HiG_5"	"Pygl"	0.00227772246862634	0.00267528842673142	"HiG"	0.0380608205867035	8.09804693334118e-05	30.0837444047884	151	168	168	241	NA	NA	NA	NA
"HiG_5"	"Pyhin1"	0.0010568175559786	0.00109775098780213	"HiG"	0.0166011943663399	3.53216901411487e-05	31.6711782651477	293	275	275	216	NA	NA	NA	NA
"HiG_5"	"Rab7b"	0.000395211376463963	0.000512533224417359	"HiG"	0.00130902238218769	2.78515400465466e-06	129	443	440	440	4.5	NA	NA	NA	NA
"HiG_5"	"Ralgds"	0.00370397889928999	0.00472739674015905	"HiG"	0.0712339916134926	0.000151561684284027	25.2567682403934	66	76	76	321	NA	NA	NA	NA
"HiG_5"	"Raph1"	0.000762941472718526	0.00176620422100617	"HiG"	0.00964380105835345	2.05187256560712e-05	40.7679571568307	351	336	336	78	NA	NA	NA	NA
"HiG_5"	"Rara"	0.00249501922756706	0.0310574936512688	"HiG"	0.0538651624749058	0.000114606728670012	27.3627970146826	132	114	114	287	NA	NA	NA	NA
"HiG_5"	"Rasa4"	0.000331638293169746	0	"HiG"	0	0	NA	460.5	460.5	460.5	NA	NA	NA	NA	NA
"HiG_5"	"Rasgef1b"	0.000726666878148947	0.000322530302411245	"HiG"	0.0094979505266066	2.02084053757587e-05	29.7382875492095	364	339	339	245	NA	NA	NA	NA
"HiG_5"	"Rasgrp4"	0.000889848564737657	0.000949077404794444	"HiG"	0.0131096577765374	2.78928888862497e-05	24.9205082002972	322	300	300	324	NA	NA	NA	NA
"HiG_5"	"Rassf3"	0.00100484175407996	0.00133793138263799	"HiG"	0.0113011011070453	2.40448959724367e-05	40.2932291160261	305	316	316	85	NA	NA	NA	NA
"HiG_5"	"Rassf4"	0.000580377054309527	1.07134977274356e-05	"HiG"	0.00321920089040944	6.84936359661582e-06	6.89744002503317	393	415	415	443	NA	NA	NA	NA
"HiG_5"	"Rassf5"	0.00137368823371748	0.00020959637183212	"HiG"	0.0149220872880778	3.17491218895272e-05	26.0013298925573	251	287	287	308	NA	NA	NA	NA
"HiG_5"	"Rbm47"	0.00038774232351007	2.22452674882325e-06	"HiG"	0.000827380281745903	1.76038357818277e-06	13	444	448	448	411.5	NA	NA	NA	NA
"HiG_5"	"Rcl1"	0.000836554855979351	0.0194979790081339	"HiG"	0.0129955370693674	2.76500788709945e-05	54.0537264587744	332	301	301	30	NA	NA	NA	NA
"HiG_5"	"Rgl1"	0.00204856508161932	0.00407192855820227	"HiG"	0.0374483563494511	7.96773539350024e-05	33.4402149453286	171	173	173	180	NA	NA	NA	NA
"HiG_5"	"Rgs1"	0.000632373620798366	0.000848930908343691	"HiG"	0.00705145421910643	1.50030940832052e-05	68.9148883526537	384	365	365	18	NA	NA	NA	NA
"HiG_5"	"Rhov"	0.00293013244373399	0.00238969444290853	"HiG"	0.0484155427450929	0.000103011793074666	17.245575076854	101	130	130	391	NA	NA	NA	NA
"HiG_5"	"Rnase4"	0.000687135987556095	0.00174941912440651	"HiG"	0.00781147585635827	1.6620161396507e-05	80.2214388355453	373	355	355	15	NA	NA	NA	NA
"HiG_5"	"Rnf128"	0.000778999986842177	0.000895754674933278	"HiG"	0.00904385318652936	1.92422408224029e-05	20.4618162464128	347	344	344	374	NA	NA	NA	NA
"HiG_5"	"Rnf149"	0.00286349621167292	0.00380053984066808	"HiG"	0.0449200331658943	9.5574538650839e-05	33.7232565176652	107	144	144	173	NA	NA	NA	NA
"HiG_5"	"Rras2"	0.00191058663588243	0.00205832631687001	"HiG"	0.0297701907349661	6.33408313509918e-05	23.2773203315643	188	204	204	344	NA	NA	NA	NA
"HiG_5"	"Rxra"	0.00740924606610095	0.0895504464078234	"HiG"	0.193530072138726	0.000411766110933459	34.3747274799962	13	9	9	163	NA	NA	NA	NA
"HiG_5"	"S100a4"	0.00258262001916809	0.00695377147582847	"HiG"	0.0514832285406262	0.000109538784128992	30.5407093380107	128	118	118	237	NA	NA	NA	NA
"HiG_5"	"S100a6"	0.00104999544180429	0.00465493438814156	"HiG"	0.0163915201031904	3.48755746876391e-05	35.7728750435555	297	277	277	147	NA	NA	NA	NA
"HiG_5"	"S100a8"	0.00316795628920002	0.00405107502847211	"HiG"	0.0693013859597204	0.000147449757361107	34.6656400000383	84	81	81	159	NA	NA	NA	NA
"HiG_5"	"S100a9"	0.00434302883244378	0.00540738525312515	"HiG"	0.0969819518227311	0.000206344578346236	26.7868903300854	48	45	45	294	NA	NA	NA	NA
"HiG_5"	"Sat1"	0.0017022563198344	0.0023019384280487	"HiG"	0.0250692211832042	5.33387684749027e-05	42.320197161377	213	227	227	66	NA	NA	NA	NA
"HiG_5"	"Scel"	0.000826874800592384	0.00265283977853066	"HiG"	0.0108551608483697	2.30960869114248e-05	99.4695371510319	334	319	319	9	NA	NA	NA	NA
"HiG_5"	"Scimp"	0.000331638293169746	0	"HiG"	0	0	NA	460.5	460.5	460.5	NA	NA	NA	NA	NA
"HiG_5"	"Sdc3"	0.000741554665333341	0.000754019401544381	"HiG"	0.00828444458543964	1.76264778413609e-05	32.3929938456483	358	352	352	203	NA	NA	NA	NA
"HiG_5"	"Sdc4"	0.0019883150075046	0.00169666274915376	"HiG"	0.031974869908922	6.80316381040894e-05	24.0731758458077	178	190	190	335	NA	NA	NA	NA
"HiG_5"	"Sell"	0.0030900472913855	0.00189601352478405	"HiG"	0.0667571368086279	0.000142036461294953	40.4819430923997	89	82	82	83	NA	NA	NA	NA
"HiG_5"	"Sgk1"	0.00250076656862664	0.0035606388833933	"HiG"	0.0399558698316739	8.50124890035615e-05	25.7492631911792	131	163	163	313	NA	NA	NA	NA
"HiG_5"	"Sgms2"	0.000331638293169746	0	"HiG"	0	0	NA	460.5	460.5	460.5	NA	NA	NA	NA	NA
"HiG_5"	"Sh2d3c"	0.00113791261957211	0.00104142955415738	"HiG"	0.0172713914510397	3.67476413851908e-05	27.4751873835849	281	269	269	285	NA	NA	NA	NA
"HiG_5"	"Sh3bp5"	0.00112308729881807	0.0253397373417733	"HiG"	0.0182946485980082	3.89247842510812e-05	78.3692001121762	282	264	264	16	NA	NA	NA	NA
"HiG_5"	"Sh3pxd2b"	0.00219687540025633	0.00620718108855853	"HiG"	0.0443891895086905	9.44450840610436e-05	41.5137065484144	159	146	146	71	NA	NA	NA	NA
"HiG_5"	"Shtn1"	0.00114749034928596	0.0026813992920239	"HiG"	0.0175155748843141	3.72671806049237e-05	27.8490129200866	278	268	268	278	NA	NA	NA	NA
"HiG_5"	"Sirpa"	0.00167527309228728	0.00138621595448063	"HiG"	0.0307542155564918	6.54345011840251e-05	33.4296266282465	215	198	198	181	NA	NA	NA	NA
"HiG_5"	"Slamf7"	0.00163549688211833	0.000923085353318278	"HiG"	0.0322750804278449	6.86703838890317e-05	41.5231796976475	217	188	188	70	NA	NA	NA	NA
"HiG_5"	"Slc15a3"	0.00106728571135576	0.00094476611757154	"HiG"	0.0170925496093179	3.6367126828336e-05	39.9391423607849	290	271	271	88	NA	NA	NA	NA
"HiG_5"	"Slc23a2"	0.000383942889798379	1.866202016168e-05	"HiG"	0.000983169429497079	2.09184984999379e-06	13	445	444	444	411.5	NA	NA	NA	NA
"HiG_5"	"Slc28a2"	0.000604507532692958	0.000268103461882267	"HiG"	0.00485332688976765	1.03262274250375e-05	11.5472732161431	390	393	393	423	NA	NA	NA	NA
"HiG_5"	"Slc29a1"	0.00103907577987913	0.00100628314640995	"HiG"	0.0124011878513685	2.63855060667414e-05	24.3331770056043	299	305	305	332	NA	NA	NA	NA
"HiG_5"	"Slc30a4"	0.00183943272674171	0.000412636238977169	"HiG"	0.0233345044641957	4.96478818387144e-05	12.0776858783853	196	237	237	420	NA	NA	NA	NA
"HiG_5"	"Slc31a2"	0.000664229007697366	7.29663671023564e-05	"HiG"	0.00641045373996168	1.36392632765142e-05	10	377	369	369	430	NA	NA	NA	NA
"HiG_5"	"Slc37a2"	0.000812465823628589	0.000789030243123815	"HiG"	0.00965002047694248	2.05319584615797e-05	25.0160267777622	335	335	335	323	NA	NA	NA	NA
"HiG_5"	"Slc39a10"	0.000877588739246481	0.00135453793084756	"HiG"	0.010115417468417	2.15221648264192e-05	42.6881694118056	326	329	329	59	NA	NA	NA	NA
"HiG_5"	"Slc39a2"	0.000801578314050205	5.51941712274494e-05	"HiG"	0.00735024311271808	1.56388151334427e-05	16.7782613273152	338	362	362	398	NA	NA	NA	NA
"HiG_5"	"Slc6a4"	0.0020794142592991	0.0030578998253432	"HiG"	0.0335697033307361	7.14249007036939e-05	22.7215655236431	169	181	181	351	NA	NA	NA	NA
"HiG_5"	"Slc6a8"	0.00184038215842279	0.00167036224417792	"HiG"	0.0294935299125567	6.27521913033121e-05	22.7725103357822	195	205	205	350	NA	NA	NA	NA
"HiG_5"	"Slc7a11"	0.000869490565067308	0.000127369277133294	"HiG"	0.00978683656940511	2.08230565306492e-05	17.9521502456254	328	333	333	390	NA	NA	NA	NA
"HiG_5"	"Slc7a8"	0.000702948071344513	0.000142829997049968	"HiG"	0.00724089451051409	1.54061585330087e-05	23.493334636362	369	364	364	341	NA	NA	NA	NA
"HiG_5"	"Slpi"	0.0011425543748437	0.00056501921553368	"HiG"	0.0179518679200082	3.81954636595918e-05	20.3442663269961	280	265	265	376	NA	NA	NA	NA
"HiG_5"	"Smpdl3a"	0.000437289595124315	6.075130027513e-05	"HiG"	0.00233126468859261	4.96013763530342e-06	26	436	428	428	309	NA	NA	NA	NA
"HiG_5"	"Snap47"	0.00083144798747338	0.000171981183339581	"HiG"	0.00858677928901666	1.82697431681206e-05	13.7678708493106	333	348	348	409	NA	NA	NA	NA
"HiG_5"	"Socs1"	0.00565101130801571	0.00944468802493028	"HiG"	0.125338695886122	0.00026667807635345	32.6554429718529	28	27	27	199	NA	NA	NA	NA
"HiG_5"	"Socs2"	0.00304998466714673	0.00348014200182846	"HiG"	0.0606115164405217	0.000128960673277706	30.6828419845656	93	98	98	233	NA	NA	NA	NA
"HiG_5"	"Socs3"	0.00428247773315203	0.0141280830939951	"HiG"	0.0917516897924704	0.000195216361260575	33.1082866160028	53	52	52	190	NA	NA	NA	NA
"HiG_5"	"Sorl1"	0.00236915547990305	0.0153087330529497	"HiG"	0.0483363341196208	0.0001028432640843	56.3112486794964	144	131	131	28	NA	NA	NA	NA
"HiG_5"	"Sort1"	0.00304366230786983	0.0039928310068214	"HiG"	0.0656432856986765	0.000139666565316333	26.4865220288645	95	87	87	300	NA	NA	NA	NA
"HiG_5"	"Spint1"	0.00131587488498176	0.00141957351619309	"HiG"	0.0206811881013711	4.40025278752577e-05	34.3683103715516	262	251	251	164	NA	NA	NA	NA
"HiG_5"	"Spp1"	0.00313552465777045	0.00225836693077366	"HiG"	0.0572660376877907	0.000121842633378278	20.8342447136766	87	105	105	373	NA	NA	NA	NA
"HiG_5"	"Srm"	0.00103758216214969	0.00125140811018189	"HiG"	0.0112820864495828	2.40044392544314e-05	35.0708465944513	300	318	318	156	NA	NA	NA	NA
"HiG_5"	"Srpk1"	0.00375759418588977	0.037467841911327	"HiG"	0.0800470720443084	0.000170312919243209	38.0070509310069	63	66	66	118	NA	NA	NA	NA
"HiG_5"	"Srpk2"	0.00201587728865124	0.0192098306958263	"HiG"	0.0324586878277809	6.90610379314488e-05	31.3941149921836	173	187	187	221	NA	NA	NA	NA
"HiG_5"	"St6gal1"	0.000331638293169746	0	"HiG"	0	0	NA	460.5	460.5	460.5	NA	NA	NA	NA	NA
"HiG_5"	"Stat2"	0.00466188435196147	0.0149363427049833	"HiG"	0.111192471417367	0.000236579726419929	27.4277081720227	43	35	35	286	NA	NA	NA	NA
"HiG_5"	"Stom"	0.00260901040114978	0.00233005756976119	"HiG"	0.0428280285996766	9.11234651056948e-05	23.8287229882264	125	156	156	338	NA	NA	NA	NA
"HiG_5"	"Sulf2"	0.00127541596582096	0.000993200918745834	"HiG"	0.0184706293569595	3.92992113977861e-05	25.8021476119949	268	262	262	312	NA	NA	NA	NA
"HiG_5"	"Sun2"	0.00152132435440162	0.0073208037487159	"HiG"	0.0140424370588002	2.98775256570217e-05	22.052831839019	230	290	290	362	NA	NA	NA	NA
"HiG_5"	"Syngr1"	0.000862277811207513	0.00191430201585944	"HiG"	0.00953366571286477	2.02843951337548e-05	54.9756562306225	329	337	337	29	NA	NA	NA	NA
"HiG_5"	"Tap1"	0.00227382395894172	0.00350878325845072	"HiG"	0.0445483596196933	9.4783743871688e-05	27.6324282575502	152	145	145	280	NA	NA	NA	NA
"HiG_5"	"Tbc1d16"	0.00144357894573756	0.000894980618244476	"HiG"	0.0169567595000358	3.60782117022039e-05	9.51146316572375	243	272	272	432	NA	NA	NA	NA
"HiG_5"	"Tbc1d2"	0.00191328717032414	0.00202475228580631	"HiG"	0.0255782076573728	5.44217184199421e-05	10.3208833125239	187	224	224	428	NA	NA	NA	NA
"HiG_5"	"Tbc1d20"	0.00125584557896366	0.0010804604392679	"HiG"	0.0139777033712416	2.97397944068971e-05	22.9161068034843	271	292	292	348	NA	NA	NA	NA
"HiG_5"	"Tbc1d4"	0.00238074889365192	0.0259330928185373	"HiG"	0.0289698533117209	6.16379857696189e-05	27.2448171664071	142	209	209	291	NA	NA	NA	NA
"HiG_5"	"Tbc1d8"	0.00195793412648651	0.000912163491566164	"HiG"	0.0267807322911617	5.69802814705569e-05	10.8731548421011	183	216	216	426	NA	NA	NA	NA
"HiG_5"	"Tbc1d9"	0.000761737427144859	0.000103462500727416	"HiG"	0.00665259103057989	1.41544490012338e-05	9.59076895425843	352	368	368	431	NA	NA	NA	NA
"HiG_5"	"Tcf4"	0.00420259620308072	0.0627968427943475	"HiG"	0.091585315585368	0.000194862373585889	34.8479433272479	56	53	53	157	NA	NA	NA	NA
"HiG_5"	"Tcf7l2"	0.00329823931492805	0.0442428965994656	"HiG"	0.0702394601104102	0.000149445659809383	32.7988253778672	79	77	77	197	NA	NA	NA	NA
"HiG_5"	"Tcn2"	0.000445283856049621	0.000916223089479228	"HiG"	0.00234005616429818	4.97884290276209e-06	129	433	427	427	4.5	NA	NA	NA	NA
"HiG_5"	"Tecpr1"	0.000781335168754508	0.00109782484674615	"HiG"	0.00848968221570375	1.80631536504335e-05	13.8638083294347	345	349	349	408	NA	NA	NA	NA
"HiG_5"	"Tfec"	0.00251266501587988	0.00227901721886891	"HiG"	0.0567418607691919	0.000120727363338706	40.6784773912695	130	107	107	80	NA	NA	NA	NA
"HiG_5"	"Tgfbi"	0.00231934522925402	0.0032364934691115	"HiG"	0.0487138032554966	0.000103646389905312	39.0890837208192	147	129	129	98	NA	NA	NA	NA
"HiG_5"	"Tgm2"	0.00197088340719694	0.00414284931447044	"HiG"	0.0359653557370344	7.65220334830519e-05	40.7828645299717	181	174	174	77	NA	NA	NA	NA
"HiG_5"	"Tifab"	0.000781435168765388	0.00113085127527972	"HiG"	0.0101800334821894	2.1659645706786e-05	28.7964355591362	344	327	327	259	NA	NA	NA	NA
"HiG_5"	"Timp2"	0.00422227321132168	0.00517617128455752	"HiG"	0.0898245283065125	0.000191116017673431	26.8989597210537	54	55	55	293	NA	NA	NA	NA
"HiG_5"	"Tlr2"	0.00458485205842039	0.00408594031032379	"HiG"	0.104168345420957	0.000221634777491397	36.6121982689648	45	38	38	136	NA	NA	NA	NA
"HiG_5"	"Tmem106a"	0.00305944856709254	0.00245316603501481	"HiG"	0.0454701221890368	9.67449408277379e-05	22.055296286051	92	141	141	361	NA	NA	NA	NA
"HiG_5"	"Tmem154"	0.000524425591714762	2.60507527534848e-05	"HiG"	0.00291381307885076	6.19960229542715e-06	4	402	418	418	448	NA	NA	NA	NA
"HiG_5"	"Tmem176b"	0.00116381540366967	0.000345305686117711	"HiG"	0.0190296681828764	4.04886557082477e-05	31.1240076705048	277	256	256	226	NA	NA	NA	NA
"HiG_5"	"Tmem86a"	0.000758089227559866	0.000137507882395291	"HiG"	0.00792116900128961	1.68535510665736e-05	40.9891792645706	353	354	354	76	NA	NA	NA	NA
"HiG_5"	"Tnf"	0.00631345983122931	0.0401068251337449	"HiG"	0.135396668462941	0.000288078018006258	33.5970172577528	23	23	23	175	NA	NA	NA	NA
"HiG_5"	"Tnfaip2"	0.000795848740000309	0.0142334687841261	"HiG"	0.00950043272597461	2.02136866510098e-05	36.6351547923873	340	338	338	135	NA	NA	NA	NA
"HiG_5"	"Tnfaip3"	0.00247676946810172	0.00582411771954071	"HiG"	0.045796367724508	9.74390802649106e-05	31.4671221519453	136	140	140	220	NA	NA	NA	NA
"HiG_5"	"Tnfrsf1b"	0.0064558628307958	0.0165925101730717	"HiG"	0.148395562527644	0.000315735239420518	45.3023776310757	21	17	17	48	NA	NA	NA	NA
"HiG_5"	"Tnfsf12"	0.000740091732126385	0.00185043777392208	"HiG"	0.0101938066488151	2.16889503166279e-05	66.3631704711284	360	326	326	22	NA	NA	NA	NA
"HiG_5"	"Tnip3"	0.00073464285956742	0.000694179384338205	"HiG"	0.00919649523950938	1.95670111478923e-05	25.6340220326808	362	342	342	315	NA	NA	NA	NA
"HiG_5"	"Tob1"	0.000942895061651371	0.0168885524100433	"HiG"	0.0122670323258931	2.6100068778496e-05	36.801002955831	315	308	308	132	NA	NA	NA	NA
"HiG_5"	"Tor3a"	0.000521698923157994	0.000117685053067238	"HiG"	0.00364635676759424	7.75820588849838e-06	14.3043533843492	404	407	407	407	NA	NA	NA	NA
"HiG_5"	"Tox"	0.000331638293169746	0	"HiG"	0	0	NA	460.5	460.5	460.5	NA	NA	NA	NA	NA
"HiG_5"	"Tpd52"	0.000796751270921822	0.00111190210438569	"HiG"	0.00988195602767832	2.10254383567624e-05	27.617712045224	339	331	331	281	NA	NA	NA	NA
"HiG_5"	"Tppp3"	0.000480249648301664	0.00119812117147579	"HiG"	0.00306003075569908	6.51070373552995e-06	129	419	416	416	4.5	NA	NA	NA	NA
"HiG_5"	"Trem2"	0.00371398933653923	0.0039284612205744	"HiG"	0.0836638184710834	0.00017800812440656	38.5329835593538	65	59	59	109	NA	NA	NA	NA
"HiG_5"	"Tspan3"	0.000711452657282042	0.000195435705221608	"HiG"	0.0059527100891052	1.26653406151174e-05	19.7583252811994	367	374	374	378	NA	NA	NA	NA
"HiG_5"	"Tubb2a"	0.00183897104005929	0.0186541043336233	"HiG"	0.0293713753535603	6.24922879862985e-05	39.0105304383303	197	207	207	100	NA	NA	NA	NA
"HiG_5"	"Tusc1"	0.000331638293169746	0	"HiG"	0	0	NA	460.5	460.5	460.5	NA	NA	NA	NA	NA
"HiG_5"	"Tyrobp"	0.00698431741928439	0.00533737550183368	"HiG"	0.149963043678417	0.00031907030569876	28.2949046663468	15	16	16	271	NA	NA	NA	NA
"HiG_5"	"Unc13d"	0.0018816063347898	0.00204318273909065	"HiG"	0.0393319394474527	8.36849775477717e-05	34.5534499862877	193	166	166	160	NA	NA	NA	NA
"HiG_5"	"Upp1"	0.000756413129964339	0.000475094869455173	"HiG"	0.00741330235304617	1.57729837298855e-05	27.8025606512273	354	360	360	279	NA	NA	NA	NA
"HiG_5"	"Vcan"	0.00634506162958848	0.00513410403427442	"HiG"	0.142839780883955	0.000303914427412671	28.487897913761	22	20	20	268	NA	NA	NA	NA
"HiG_5"	"Vsir"	0.0013669186074655	0.00082589445593011	"HiG"	0.0258900114943227	5.50851308389844e-05	39.3299583241415	252	221	221	96	NA	NA	NA	NA
"HiG_5"	"Vwf"	0.00419787748799524	0.0050139126347399	"HiG"	0.0910527165451906	0.000193729184138703	31.4946126586422	57	54	54	219	NA	NA	NA	NA
"HiG_5"	"Ypel3"	0.000455822032183885	0.000565571773477023	"HiG"	0.00247689240439579	5.26998383913999e-06	65.1574281733975	428	425	425	25	NA	NA	NA	NA
"HiG_5"	"Zfp36"	0.0017246388551297	0.0397884790027807	"HiG"	0.0339538016490675	7.22421311682287e-05	42.4714591832929	210	180	180	64	NA	NA	NA	NA
"HiG_5"	"Zfp36l1"	0.000874002893429768	0.000985788320002799	"HiG"	0.0118155916269749	2.51395566531381e-05	27.5505070451663	327	311	311	283	NA	NA	NA	NA
"HiG_6"	"Abhd5"	0.00140736949354599	0.000391219161038239	"HiG"	0.00955980363531066	1.93910824245652e-05	19.5632592738931	237	266	266	290	NA	NA	NA	NA
"HiG_6"	"Abtb1"	0.000418363618352234	0.00283223718081379	"HiG"	0.00140126500784479	2.84232253112534e-06	55	445	435	435	17.5	NA	NA	NA	NA
"HiG_6"	"Acadm"	0.0014908609170778	0.0047419518169199	"HiG"	0.0147541640468885	2.99273104399362e-05	20.620840169658	221	206	206	266	NA	NA	NA	NA
"HiG_6"	"Acsl1"	0.00171494010765447	0.0175944732652226	"HiG"	0.017673520517731	3.58489259994543e-05	33.1811122671572	195	184	184	105	NA	NA	NA	NA
"HiG_6"	"Acta2"	0.00268118975076209	0.0295737685225663	"HiG"	0.0278244466816873	5.64390399222866e-05	19.9568240788923	108	114	114	280	NA	NA	NA	NA
"HiG_6"	"Acy1"	0.00032017075773889	0	"HiG"	0	0	NA	479.5	479.5	479.5	NA	NA	NA	NA	NA
"HiG_6"	"Adam8"	0.00084165597143193	0.00442265544657644	"HiG"	0.00557588520017394	1.13101119678985e-05	26.2579295584072	336	343	343	167	NA	NA	NA	NA
"HiG_6"	"Adgra3"	0.00032017075773889	0	"HiG"	0	0	NA	479.5	479.5	479.5	NA	NA	NA	NA	NA
"HiG_6"	"Adgre1"	0.000861529414181815	0.000207033950970786	"HiG"	0.0060445702246039	1.22607915306367e-05	12.9219727026888	331	327	327	396	NA	NA	NA	NA
"HiG_6"	"Adgre5"	0.0014621358058425	0.00116207997838475	"HiG"	0.0124460760192034	2.52455903026439e-05	16.5144910620611	228	232	232	338	NA	NA	NA	NA
"HiG_6"	"Adgrg1"	0.00201461929202129	0.001790168826326	"HiG"	0.0203254169926508	4.12280263542613e-05	17.5768913963116	155	156	156	319	NA	NA	NA	NA
"HiG_6"	"Adora2b"	0.00171125601050605	0.00119290441311826	"HiG"	0.0171088542510003	3.4703558318459e-05	12.9740119432087	197	189	189	395	NA	NA	NA	NA
"HiG_6"	"Adpgk"	0.00143992253409634	0.00605201795831181	"HiG"	0.00921161596603344	1.86848194037189e-05	20.695401659931	232	277	277	263	NA	NA	NA	NA
"HiG_6"	"Afap1l1"	0.000883819399259692	0.000523420601315463	"HiG"	0.0049868783294247	1.01153718649588e-05	14.7340779449557	327	358	358	364	NA	NA	NA	NA
"HiG_6"	"Agl"	0.00110807395558188	0.00453357142245792	"HiG"	0.00928589277586862	1.88354823039932e-05	19.3226213598863	288	272	272	296	NA	NA	NA	NA
"HiG_6"	"Agpat2"	0.00127207613197765	0.00188017022953959	"HiG"	0.00616020528881401	1.24953454134158e-05	11.1287346947923	262	326	326	414	NA	NA	NA	NA
"HiG_6"	"Agps"	0.000735898017508889	0.0182011116638462	"HiG"	0.00638651526831023	1.295439202497e-05	45.80341879913	366	319	319	38	NA	NA	NA	NA
"HiG_6"	"Agtrap"	0.000826844950099969	0.000164901481407076	"HiG"	0.00530244455602906	1.07554656308906e-05	14.6478220600927	341	349	349	366	NA	NA	NA	NA
"HiG_6"	"Ak4"	0.00136522219175173	0.00275282742388795	"HiG"	0.0101360690790748	2.05599778480219e-05	11.4051235674485	241	260	260	411	NA	NA	NA	NA
"HiG_6"	"Alas1"	0.000555719230242129	0.00108635940611898	"HiG"	0.00293928895434068	5.96204656052877e-06	15.1957894147457	413	398	398	354	NA	NA	NA	NA
"HiG_6"	"Aldoc"	0.000819131442706246	0.00138732126388114	"HiG"	0.00599190912947924	1.2153973893467e-05	17.556083528885	345	329	329	320	NA	NA	NA	NA
"HiG_6"	"Antxr2"	0.000477424433464273	9.72533579173873e-05	"HiG"	0.00188691834374575	3.82742057554918e-06	20	428	420	420	278	NA	NA	NA	NA
"HiG_6"	"Anxa1"	0.00321269812454555	0.0653541787493567	"HiG"	0.0371948166866078	7.54458756320646e-05	37.606318288794	77	78	78	80	NA	NA	NA	NA
"HiG_6"	"Anxa3"	0.00100952904308182	0.00170313821429604	"HiG"	0.00753806839234211	1.52901995787872e-05	14.9798373942044	301	295	295	360	NA	NA	NA	NA
"HiG_6"	"Anxa6"	0.00133499711773032	0.00300652018798939	"HiG"	0.0102852022997727	2.08624793098838e-05	23.1752722723382	249	256	256	220	NA	NA	NA	NA
"HiG_6"	"Apex1"	0.0102789405700298	0.233233793504451	"HiG"	0.124683115465119	0.000252906927921134	20.6785893772597	6	11	11	264	NA	NA	NA	NA
"HiG_6"	"Aqp9"	0.000661996402531974	0.00155086463145829	"HiG"	0.00449520348061921	9.11805979841625e-06	19.6406442711245	386	372	372	286	NA	NA	NA	NA
"HiG_6"	"Arhgef18"	0.00126864993895007	0.00124128461481622	"HiG"	0.00804302475026138	1.6314451826088e-05	10.7831894796293	263	289	289	422	NA	NA	NA	NA
"HiG_6"	"Armcx2"	0.00046513599102464	0.00847130382393232	"HiG"	0.00274283496370449	5.56355976410646e-06	30.7356196025969	432	406	406	127	NA	NA	NA	NA
"HiG_6"	"Arsb"	0.00136002455430731	0.0279352637725898	"HiG"	0.0142733967044492	2.89521231327571e-05	48.1177974629719	243	212	212	34	NA	NA	NA	NA
"HiG_6"	"Atad3a"	0.00230606404307067	0.0563307250546395	"HiG"	0.0283173673814213	5.743887906982e-05	43.6428402376953	123	109	109	46	NA	NA	NA	NA
"HiG_6"	"Atf5"	0.000862190160483229	0.00192050670167105	"HiG"	0.00633730067619718	1.285456526612e-05	18.4424361760495	330	322	322	309	NA	NA	NA	NA
"HiG_6"	"Atp1b1"	0.00185046182308182	0.00647283371929013	"HiG"	0.018744068647368	3.80204232198134e-05	15.0972287973573	179	174	174	356	NA	NA	NA	NA
"HiG_6"	"B4galnt4"	0.00032017075773889	0	"HiG"	0	0	NA	479.5	479.5	479.5	NA	NA	NA	NA	NA
"HiG_6"	"Bace1"	0.00124597842386659	0.00274300090737836	"HiG"	0.0110358186574535	2.23850277027454e-05	17.0974114145703	265	248	248	326	NA	NA	NA	NA
"HiG_6"	"Bag2"	0.00199267809567493	0.0851619713240616	"HiG"	0.0264551203866976	5.36615017985753e-05	51.5685244381961	162	122	122	25	NA	NA	NA	NA
"HiG_6"	"Bahcc1"	0.000453783459362446	0.00361012273219599	"HiG"	0.00175369603911557	3.55719277711069e-06	41.2889134999447	436	426	426	53	NA	NA	NA	NA
"HiG_6"	"Bcl2"	0.0059170902153576	0.0721223989603996	"HiG"	0.0752661279188459	0.00015266963066703	25.5617269715954	28	30	30	175	NA	NA	NA	NA
"HiG_6"	"Bex4"	0.00032017075773889	0	"HiG"	0	0	NA	479.5	479.5	479.5	NA	NA	NA	NA	NA
"HiG_6"	"Bmpr1a"	0.00282179846142446	0.0055053501425104	"HiG"	0.0282658875417367	5.73344574883097e-05	16.5787702768131	98	110	110	337	NA	NA	NA	NA
"HiG_6"	"Bnip3"	0.00146361998801642	0.010286859375413	"HiG"	0.01523568586251	3.09040281186815e-05	22.9775103548424	227	203	203	224	NA	NA	NA	NA
"HiG_6"	"Bri3"	0.000854244127933636	0.000279359413196224	"HiG"	0.00597843931315385	1.21266517508192e-05	24.1257437681276	333	330	330	202	NA	NA	NA	NA
"HiG_6"	"Bst2"	0.00079903886799873	0.00130079684557258	"HiG"	0.00505196645455589	1.02473964595454e-05	14.6931054030833	350	354	354	365	NA	NA	NA	NA
"HiG_6"	"Btg2"	0.00103025562670965	0.0129369832782853	"HiG"	0.00740934623641347	1.50290998710212e-05	25.2996066293834	297	298	298	182	NA	NA	NA	NA
"HiG_6"	"Bzw2"	0.00177406333548734	0.0190869263700193	"HiG"	0.0179729557514157	3.64562996986119e-05	36.635367108788	187	180	180	84	NA	NA	NA	NA
"HiG_6"	"C3ar1"	0.0025002409829013	0.00204476952723816	"HiG"	0.0252517004586292	5.12204877456982e-05	19.8053600794568	116	131	131	283	NA	NA	NA	NA
"HiG_6"	"Cacna1a"	0.000610787651021049	0.000333612899090619	"HiG"	0.00243001433864882	4.92903516967307e-06	10.7547424353792	398	414	414	423	NA	NA	NA	NA
"HiG_6"	"Cad"	0.00606398962617283	0.162420959214716	"HiG"	0.0831498691721681	0.000168660992235635	36.0630561978771	27	25	25	86	NA	NA	NA	NA
"HiG_6"	"Cbx2"	0.00064712252233941	0.0048103152076572	"HiG"	0.00408782298417678	8.29173019102796e-06	29.8593634941688	392	378	378	140	NA	NA	NA	NA
"HiG_6"	"Ccdc125"	0.000715664340997666	4.37990426635133e-05	"HiG"	0.00275519223322802	5.58862521952946e-06	9.23169411319056	373	405	405	435	NA	NA	NA	NA
"HiG_6"	"Ccl3"	0.0056811529613994	0.00843570970163441	"HiG"	0.0620944305605096	0.000125952191806307	25.4539964528352	30	37	37	179	NA	NA	NA	NA
"HiG_6"	"Ccl4"	0.00206460334239626	0.00147543458537211	"HiG"	0.0207257171144542	4.20399941469659e-05	27.4048561491399	149	153	153	159	NA	NA	NA	NA
"HiG_6"	"Ccpg1"	0.00199275240557978	0.00186926866851363	"HiG"	0.0112609789515833	2.28417422953008e-05	6.78816348042426	161	245	245	450	NA	NA	NA	NA
"HiG_6"	"Ccr1"	0.0086770161629523	0.0106639860477183	"HiG"	0.093849671333208	0.000190364444894945	17.1824703400274	11	19	19	323	NA	NA	NA	NA
"HiG_6"	"Ccr2"	0.00118538954072776	0.000477418854861204	"HiG"	0.00954023970453181	1.93513989949935e-05	17.6961428382921	274	267	267	316	NA	NA	NA	NA
"HiG_6"	"Cd244"	0.00292050376416036	0.00636062347175543	"HiG"	0.0343187358229741	6.96120402088723e-05	33.1960829102924	90	86	86	104	NA	NA	NA	NA
"HiG_6"	"Cd274"	0.00370205095723114	0.0198939929077835	"HiG"	0.0456774303943169	9.2651988629446e-05	18.5803227528425	62	63	63	305	NA	NA	NA	NA
"HiG_6"	"Cd300lb"	0.000686811102478864	0.00185815319900633	"HiG"	0.00490007267838216	9.93929549367578e-06	50.8613298856526	378	362	362	29	NA	NA	NA	NA
"HiG_6"	"Cd320"	0.00209600808093772	0.000599091922572991	"HiG"	0.0166031969524025	3.36778842847922e-05	6.92153852484985	147	194	194	448	NA	NA	NA	NA
"HiG_6"	"Cd33"	0.0030598707554977	0.00484451061911626	"HiG"	0.0351625640075195	7.13236592444615e-05	27.676618846291	85	83	83	157	NA	NA	NA	NA
"HiG_6"	"Cd34"	0.000693959483583949	0.00129285346860259	"HiG"	0.00487760388681843	9.89371985155868e-06	20.9033109906956	375	363	363	257	NA	NA	NA	NA
"HiG_6"	"Cd48"	0.0064779244310422	0.00636514178037339	"HiG"	0.076237888974333	0.000154640748426639	18.953658839692	23	28	28	302	NA	NA	NA	NA
"HiG_6"	"Cd52"	0.00283040410098605	0.00125768419950384	"HiG"	0.0284617599416929	5.77317645876124e-05	19.2668799897608	97	108	108	297	NA	NA	NA	NA
"HiG_6"	"Cd55"	0.00204900876935457	0.0199315460669572	"HiG"	0.0195999985982214	3.97565894487249e-05	36.3979281376408	151	163	163	85	NA	NA	NA	NA
"HiG_6"	"Cd69"	0.00190423892592505	0.00140947315812225	"HiG"	0.0170227703955924	3.45289460356843e-05	16.8805879333147	171	191	191	332	NA	NA	NA	NA
"HiG_6"	"Cd82"	0.000734115864695172	0.000504346040411152	"HiG"	0.00483107435073435	9.79933945382221e-06	14.8626233108731	367	364	364	362	NA	NA	NA	NA
"HiG_6"	"Cd84"	0.00289143341089739	0.00386808352992139	"HiG"	0.0294014546272931	5.96378390005944e-05	21.2568993146296	94	103	103	247	NA	NA	NA	NA
"HiG_6"	"Cd93"	0.00132978022046893	0.000437081251009907	"HiG"	0.011764692469237	2.3863473568432e-05	17.1501426339958	251	240	240	324	NA	NA	NA	NA
"HiG_6"	"Cdh1"	0.00766913632151275	0.0768553472621834	"HiG"	0.0896442138523843	0.00018183410517725	21.2268484167867	14	21	21	249	NA	NA	NA	NA
"HiG_6"	"Cdk18"	0.00127254780517328	0.00199189090056038	"HiG"	0.00750095905831424	1.52149270959721e-05	14.1934315859302	261	297	297	374	NA	NA	NA	NA
"HiG_6"	"Cdk6"	0.0025395322642047	0.0810794959513388	"HiG"	0.0318391572602443	6.45824690877166e-05	48.0566381213346	113	94	94	35	NA	NA	NA	NA
"HiG_6"	"Cdkn3"	0.00169705923112733	0.0127942289920357	"HiG"	0.0184327065439935	3.7388857087208e-05	22.9856271847549	200	176	176	222	NA	NA	NA	NA
"HiG_6"	"Cebpa"	0.0130862990989722	0.221170566396739	"HiG"	0.181193516149098	0.000367532487117845	20.2982313612876	2	4	4	268	NA	NA	NA	NA
"HiG_6"	"Cebpd"	0.00183011330339556	0.0168457493627247	"HiG"	0.0195647294497522	3.96850495938178e-05	26.0231431793399	182	165	165	169	NA	NA	NA	NA
"HiG_6"	"Cebpe"	0.00203873286866702	0.0277562921993273	"HiG"	0.0251929140623802	5.11012455626373e-05	41.2643968614608	153	133	133	54	NA	NA	NA	NA
"HiG_6"	"Cenpv"	0.00200263698638349	0.114427956923418	"HiG"	0.0285683834255896	5.79480394028188e-05	56.3351025515765	160	107	107	15	NA	NA	NA	NA
"HiG_6"	"Ckap4"	0.00464607515571294	0.118164618447626	"HiG"	0.0526023571800383	0.000106698493265798	41.185238043652	46	48	48	55	NA	NA	NA	NA
"HiG_6"	"Clec12a"	0.000890256629863547	0.00143879663922154	"HiG"	0.00694182239124423	1.4080775641469e-05	28.4448867395762	326	309	309	152	NA	NA	NA	NA
"HiG_6"	"Clec4e"	0.00424012343892754	0.0301561392279728	"HiG"	0.0490262357118984	9.9444697184378e-05	23.8050220982207	56	58	58	210	NA	NA	NA	NA
"HiG_6"	"Cluh"	0.0019246421508988	0.0330835086195032	"HiG"	0.0195823555586432	3.97208023501891e-05	19.7673126238615	169	164	164	284	NA	NA	NA	NA
"HiG_6"	"Clybl"	0.000406706699723739	2.60937549089968e-05	"HiG"	0.000990741509086466	2.00961766548979e-06	12	449	445	445	402.5	NA	NA	NA	NA
"HiG_6"	"Cmpk2"	0.00032017075773889	0	"HiG"	0	0	NA	479.5	479.5	479.5	NA	NA	NA	NA	NA
"HiG_6"	"Cnn2"	0.000777727124304311	0.00357722057473123	"HiG"	0.00574445627973106	1.16520411353571e-05	26.2438252796081	357	339	339	168	NA	NA	NA	NA
"HiG_6"	"Cnn3"	0.00137162706136535	0.0183091788551385	"HiG"	0.0131782991733122	2.67308299661506e-05	44.1067737901493	239	222	222	44	NA	NA	NA	NA
"HiG_6"	"Cnp"	0.00221073710824432	0.0444928954410079	"HiG"	0.024739110679824	5.01807518860527e-05	42.001946944318	134	137	137	51	NA	NA	NA	NA
"HiG_6"	"Cpa3"	0.000373580850869317	0.000728498577967241	"HiG"	0.000711415600761209	1.44303367294363e-06	25	458	454	454	186	NA	NA	NA	NA
"HiG_6"	"Cpd"	0.00144146657934471	0.0033969793347303	"HiG"	0.0113945104395771	2.31125972405215e-05	21.9886294107694	231	243	243	238	NA	NA	NA	NA
"HiG_6"	"Cpox"	0.000843519949149351	0.00780723179182826	"HiG"	0.00792907950330622	1.60833255645157e-05	18.6838546579145	334	290	290	304	NA	NA	NA	NA
"HiG_6"	"Creb3l2"	0.00146739959355671	0.000304999895825098	"HiG"	0.00593192643042724	1.20323051327125e-05	10.0252045121647	226	332	332	429	NA	NA	NA	NA
"HiG_6"	"Csf1"	0.000893173911522241	0.0159609315830361	"HiG"	0.00736530851346546	1.49397738609847e-05	46.3887640811787	325	299	299	36	NA	NA	NA	NA
"HiG_6"	"Csf2rb"	0.00501696825498366	0.0089891917936597	"HiG"	0.0592562624158632	0.000120195258450027	29.0749602299331	38	40	40	144	NA	NA	NA	NA
"HiG_6"	"Csrp3"	0.0016815425604373	0.000833144059326043	"HiG"	0.0113178258501081	2.29570504058989e-05	13.9557013842618	202	244	244	376	NA	NA	NA	NA
"HiG_6"	"Cstb"	0.00130882742334199	0.0142055117241674	"HiG"	0.0127785395294096	2.59199584775043e-05	31.4291977047576	254	227	227	123	NA	NA	NA	NA
"HiG_6"	"Ctr9"	0.00175285708095758	0.103852786532842	"HiG"	0.0236699871818978	4.80121443851883e-05	69.5326109500233	190	138	138	7	NA	NA	NA	NA
"HiG_6"	"Ctsc"	0.0015551824753173	0.000845562220062416	"HiG"	0.0145236398250942	2.94597156695624e-05	20.5962469639212	215	207	207	267	NA	NA	NA	NA
"HiG_6"	"Ctsd"	0.00322343132056383	0.0142198515774487	"HiG"	0.0334204054489337	6.77898690647742e-05	19.6161604070282	76	91	91	287	NA	NA	NA	NA
"HiG_6"	"Ctsg"	0.00331052580424537	0.00334223497023071	"HiG"	0.0355291935793297	7.20673297755167e-05	16.7470055051544	71	82	82	333	NA	NA	NA	NA
"HiG_6"	"Ctsh"	0.00228182375252876	0.0022023724755423	"HiG"	0.0226943951065713	4.60332557942624e-05	19.4898877771272	126	143	143	292	NA	NA	NA	NA
"HiG_6"	"Cxcr2"	0.00194799430089694	0.000873963562267504	"HiG"	0.019330546125801	3.92100327095356e-05	21.390691843027	167	168	168	244	NA	NA	NA	NA
"HiG_6"	"Cxcr4"	0.0058931013529798	0.00803817029978447	"HiG"	0.0586157872911666	0.000118896120266058	14.8859509501927	29	42	42	361	NA	NA	NA	NA
"HiG_6"	"Cyba"	0.00200678323598628	0.0135776822279723	"HiG"	0.0202528847562784	4.10809021425525e-05	28.6273923782151	159	158	158	150	NA	NA	NA	NA
"HiG_6"	"Cyp11a1"	0.00032017075773889	0	"HiG"	0	0	NA	479.5	479.5	479.5	NA	NA	NA	NA	NA
"HiG_6"	"Cystm1"	0.000596203819230271	0.0016628988926168	"HiG"	0.00339210221934795	6.88053188508712e-06	10.9885831705072	403	391	391	417	NA	NA	NA	NA
"HiG_6"	"Dach1"	0.000806181049951938	0.0153619381162469	"HiG"	0.00720630365617023	1.46172487954771e-05	50.5432744531388	348	303	303	30	NA	NA	NA	NA
"HiG_6"	"Daxx"	0.0096137679197843	0.261261634270398	"HiG"	0.14144614846693	0.000286909023259493	37.9624641454099	8	10	10	79	NA	NA	NA	NA
"HiG_6"	"Dctd"	0.000432971382569061	0.00256127162306192	"HiG"	0.00181968284236809	3.69104024821113e-06	31	442	423	423	125.5	NA	NA	NA	NA
"HiG_6"	"Dctpp1"	0.00074156429041962	0.0270685519802143	"HiG"	0.00665382266249651	1.34965976926907e-05	79.1281917678874	362	313	313	4	NA	NA	NA	NA
"HiG_6"	"Ddt"	0.000479757769577373	0.000235897566690699	"HiG"	0.00159940096512062	3.24422102458544e-06	16	427	431	431	344.5	NA	NA	NA	NA
"HiG_6"	"Ddx21"	0.00957203645384544	0.530740904974097	"HiG"	0.160751972598938	0.000326068909936993	32.1494325087805	9	5	5	112	NA	NA	NA	NA
"HiG_6"	"Desi1"	0.00032017075773889	0	"HiG"	0	0	NA	479.5	479.5	479.5	NA	NA	NA	NA	NA
"HiG_6"	"Dhrs7"	0.00170943608077167	0.00142538174787511	"HiG"	0.0117795664899188	2.38936439957785e-05	10.4324346994493	199	239	239	425	NA	NA	NA	NA
"HiG_6"	"Dkc1"	0.0084051497168834	0.543469398815709	"HiG"	0.147222276305106	0.00029862530690691	32.4975423304733	12	8	8	108	NA	NA	NA	NA
"HiG_6"	"Dkkl1"	0.00138424244689223	0.000619111516341975	"HiG"	0.00459345309051244	9.31734906797656e-06	16.4068469412204	238	369	369	341	NA	NA	NA	NA
"HiG_6"	"Dmkn"	0.00032017075773889	0	"HiG"	0	0	NA	479.5	479.5	479.5	NA	NA	NA	NA	NA
"HiG_6"	"Dnajc6"	0.000670907562985966	0.00507014457426055	"HiG"	0.00465736232832427	9.44698241039405e-06	31.7890677234624	383	367	367	118	NA	NA	NA	NA
"HiG_6"	"Dnmt3b"	0.00209094472771308	0.034125588476585	"HiG"	0.0228606909410942	4.63705698602317e-05	35.9299254616492	148	141	141	88	NA	NA	NA	NA
"HiG_6"	"Dok3"	0.00083244850255027	0.000151180183961902	"HiG"	0.00362777406459144	7.35856808233558e-06	13.7103828470228	338	385	385	382	NA	NA	NA	NA
"HiG_6"	"Dpp4"	0.00273073695682678	0.0430952020601798	"HiG"	0.0331295749630136	6.71999492150376e-05	22.5540364790868	105	93	93	231	NA	NA	NA	NA
"HiG_6"	"Dram1"	0.00032017075773889	0	"HiG"	0	0	NA	479.5	479.5	479.5	NA	NA	NA	NA	NA
"HiG_6"	"Dstn"	0.00181253782199549	0.0360501013200058	"HiG"	0.0193778285192325	3.93059402012829e-05	42.7300931761773	185	166	166	48	NA	NA	NA	NA
"HiG_6"	"Dusp6"	0.00175033641388525	0.0251856441367547	"HiG"	0.0191420836616219	3.88277559059269e-05	33.9449844060567	191	170	170	97	NA	NA	NA	NA
"HiG_6"	"E2f2"	0.00133668488154535	0.00964033549624577	"HiG"	0.0148420181657888	3.01055135208698e-05	24.6947116333957	248	204	204	192	NA	NA	NA	NA
"HiG_6"	"Egfl7"	0.00177904489133885	0.00286407914085144	"HiG"	0.0145037729876887	2.94194178249263e-05	15.5328835226405	186	208	208	349	NA	NA	NA	NA
"HiG_6"	"Egln3"	0.00655614604318314	0.0609043229667401	"HiG"	0.0849103912267543	0.000172232030885911	16.6042703278331	22	24	24	336	NA	NA	NA	NA
"HiG_6"	"Egr1"	0.00215770830744332	0.0295213758767557	"HiG"	0.0267585076176182	5.42768917193067e-05	35.0068074345065	139	120	120	89	NA	NA	NA	NA
"HiG_6"	"Eif1ad"	0.000557792688248236	2.27528807978075e-05	"HiG"	0.00165203843943446	3.35099074935996e-06	10	412	430	430	430.5	NA	NA	NA	NA
"HiG_6"	"Elane"	0.00496128349846954	0.00873994542566593	"HiG"	0.052350107741305	0.000106186831118266	13.5513433061954	40	49	49	387	NA	NA	NA	NA
"HiG_6"	"Emid1"	0.000596484655252016	6.57780160929394e-05	"HiG"	0.00265019536268508	5.37564982289063e-06	11	402	410	410	416	NA	NA	NA	NA
"HiG_6"	"Entpd5"	0.000550831527335915	0.000226522275942027	"HiG"	0.00233707017746686	4.74050745936483e-06	7.11745379914224	415	416	416	445	NA	NA	NA	NA
"HiG_6"	"Ephb6"	0.00222535302093153	0.0202980351480732	"HiG"	0.0178868752738283	3.62816942674003e-05	23.7751254690235	132	182	182	211	NA	NA	NA	NA
"HiG_6"	"Epx"	0.000941127884382536	0.000214570742803976	"HiG"	0.00557482817915461	1.13079679090357e-05	6.38061916947336	313	344	344	451	NA	NA	NA	NA
"HiG_6"	"Erg"	0.00191265549929036	0.0669378016676947	"HiG"	0.025455789409088	5.16344612760406e-05	31.4616167287507	170	129	129	122	NA	NA	NA	NA
"HiG_6"	"Ets1"	0.00307104686429887	0.0353430331006128	"HiG"	0.0393645638892331	7.98469855765377e-05	27.7457939831055	84	74	74	156	NA	NA	NA	NA
"HiG_6"	"Exosc2"	0.00184188296269293	0.0974998817928237	"HiG"	0.0253554018865999	5.14308354697767e-05	28.7097978518017	181	130	130	149	NA	NA	NA	NA
"HiG_6"	"F2r"	0.00223735593665924	0.000579635534825893	"HiG"	0.021539761401471	4.36911995973042e-05	14.2591946247592	129	151	151	372	NA	NA	NA	NA
"HiG_6"	"F2rl2"	0.00102586163190859	0.00113351183504314	"HiG"	0.00836640173572335	1.69703889162745e-05	22.3573665992606	299	288	288	233	NA	NA	NA	NA
"HiG_6"	"Fabp5"	0.00114564345044257	0.0323944736374757	"HiG"	0.0125740835405905	2.55052404474452e-05	52.9772913544741	282	231	231	21	NA	NA	NA	NA
"HiG_6"	"Fam136a"	0.00106181163310018	0.00782004074330945	"HiG"	0.00847142122902112	1.71834102008542e-05	32.1829292364062	292	285	285	110	NA	NA	NA	NA
"HiG_6"	"Fam216a"	0.000781198083768526	1.70616643625868e-06	"HiG"	0.00275950328083477	5.59736973800156e-06	9	356	404	404	438.5	NA	NA	NA	NA
"HiG_6"	"Far2"	0.000826260558694777	0.000180453346781949	"HiG"	0.00432474790545482	8.7723081246548e-06	19.8161599026158	343	375	375	282	NA	NA	NA	NA
"HiG_6"	"Farsb"	0.00223388209689691	0.0664699819753315	"HiG"	0.0267295863673508	5.42182279256609e-05	31.6100678318468	130	121	121	119	NA	NA	NA	NA
"HiG_6"	"Fbl"	0.0127323499473987	0.977201143990579	"HiG"	0.230887177010235	0.000468330987850376	33.2301592804083	4	2	2	103	NA	NA	NA	NA
"HiG_6"	"Fbxo27"	0.00032017075773889	0	"HiG"	0	0	NA	479.5	479.5	479.5	NA	NA	NA	NA	NA
"HiG_6"	"Fcer1a"	0.00273264191481161	0.0028638966248034	"HiG"	0.0312348227418115	6.33566384215244e-05	21.8315912522535	104	96	96	242	NA	NA	NA	NA
"HiG_6"	"Fcer1g"	0.00611637184168482	0.00520662216998709	"HiG"	0.0675282669099509	0.000136974172231138	19.2078743941171	26	35	35	299	NA	NA	NA	NA
"HiG_6"	"Ffar2"	0.00130291780644765	0.000361114618807708	"HiG"	0.0112404217230225	2.28000440629259e-05	19.3669590553707	256	246	246	295	NA	NA	NA	NA
"HiG_6"	"Fgd4"	0.00186181648407603	0.00143558810582954	"HiG"	0.0134016635595984	2.71839017436073e-05	19.2176266615698	176	219	219	298	NA	NA	NA	NA
"HiG_6"	"Fkbp11"	0.00032017075773889	0	"HiG"	0	0	NA	479.5	479.5	479.5	NA	NA	NA	NA	NA
"HiG_6"	"Fry"	0.000514306049772255	2.44034083436786e-06	"HiG"	0.000923278939832441	1.87277675422402e-06	7	421	448	448	446	NA	NA	NA	NA
"HiG_6"	"Fth1"	0.002964111989888	0.0613628273667066	"HiG"	0.03320844946737	6.73599380676876e-05	38.3829590735507	89	92	92	74	NA	NA	NA	NA
"HiG_6"	"Furin"	0.00280258526094588	0.00269864820388961	"HiG"	0.0274680718573862	5.57161700961181e-05	11.178902384898	99	117	117	413	NA	NA	NA	NA
"HiG_6"	"Fyn"	0.0130143715960356	0.0750328646826344	"HiG"	0.155258822585261	0.000314926617820002	19.4124990298405	3	6	6	294	NA	NA	NA	NA
"HiG_6"	"Gabbr1"	0.00124748786661079	0.00553158756250255	"HiG"	0.0105158515013365	2.13303275889178e-05	16.9498071669728	264	253	253	331	NA	NA	NA	NA
"HiG_6"	"Gadd45a"	0.000739894371103309	0.0086524717230323	"HiG"	0.00597536358528358	1.21204129518937e-05	34.6693124270654	364	331	331	91	NA	NA	NA	NA
"HiG_6"	"Gar1"	0.00625570912974294	0.417614451220151	"HiG"	0.109999531610242	0.000223122782170877	33.2833072534016	25	16	16	102	NA	NA	NA	NA
"HiG_6"	"Gart"	0.003112888737898	0.0476264496215125	"HiG"	0.0362146666661675	7.34577417163641e-05	29.530223958597	82	80	80	141	NA	NA	NA	NA
"HiG_6"	"Gas7"	0.000774720959386776	0.00248317276657453	"HiG"	0.00519440164431744	1.05363116517595e-05	38.9839151893205	358	351	351	72	NA	NA	NA	NA
"HiG_6"	"Gata1"	0.0031902723660735	0.0367047466594338	"HiG"	0.0396218396674688	8.03688431388819e-05	26.5492211577873	78	71	71	164	NA	NA	NA	NA
"HiG_6"	"Gata2"	0.00310568882421103	0.0331065692811745	"HiG"	0.0393731902069551	7.9864483178408e-05	24.4004391364373	83	73	73	196	NA	NA	NA	NA
"HiG_6"	"Gatad2b"	0.0018642496423197	0.0381225628407432	"HiG"	0.0200315098601316	4.0631865842052e-05	38.3827286804381	175	161	161	75	NA	NA	NA	NA
"HiG_6"	"Gatm"	0.00032017075773889	0	"HiG"	0	0	NA	479.5	479.5	479.5	NA	NA	NA	NA	NA
"HiG_6"	"Gca"	0.000382135769361305	0.000416719820108915	"HiG"	0.000816295180075905	1.65577115634058e-06	26	454	449	449	170	NA	NA	NA	NA
"HiG_6"	"Gcnt1"	0.000380596357950295	0.000225718332003135	"HiG"	0.000760535010365821	1.54266736382519e-06	29	455	452	452	145	NA	NA	NA	NA
"HiG_6"	"Gda"	0.000758519116817481	0.00288768594632855	"HiG"	0.00584644082789932	1.18589063446234e-05	13.3179391172186	361	333	333	390	NA	NA	NA	NA
"HiG_6"	"Gem"	0.00221907129983664	0.00128620501235866	"HiG"	0.0133535584508531	2.708632545812e-05	11.4372294388863	133	220	220	410	NA	NA	NA	NA
"HiG_6"	"Gemin6"	0.00142766892459245	0.0442489498043897	"HiG"	0.0165840327413857	3.36390116458128e-05	25.9966967317761	235	195	195	171	NA	NA	NA	NA
"HiG_6"	"Gfi1"	0.00187821159361856	0.00287065304930754	"HiG"	0.0188346050185985	3.82040669748448e-05	19.5833619309657	173	173	173	288	NA	NA	NA	NA
"HiG_6"	"Gimap1"	0.000378748901469202	3.49682550031282e-06	"HiG"	0.00036814394066535	7.46742273154869e-07	9	456	460	460	438.5	NA	NA	NA	NA
"HiG_6"	"Gja1"	0.0070414118276163	0.0447558458413533	"HiG"	0.0727519564111482	0.000147569891300503	22.8891114203328	18	31	31	225	NA	NA	NA	NA
"HiG_6"	"Glb1"	0.001131410049698	0.002130467445641	"HiG"	0.00923460220656627	1.87314446380655e-05	15.579761400338	285	276	276	348	NA	NA	NA	NA
"HiG_6"	"Glrx"	0.000436568619080569	2.12954035022175e-05	"HiG"	0.000726231972453254	1.47308716521958e-06	6.00235796836356	441	453	453	453	NA	NA	NA	NA
"HiG_6"	"Gmfg"	0.00143975197165007	0.00225858701230149	"HiG"	0.0143207855282867	2.90482465076808e-05	30.3829307635727	233	210	210	133	NA	NA	NA	NA
"HiG_6"	"Gmpr"	0.000724185975364396	0.0189077826046766	"HiG"	0.00715686506271678	1.45169676728535e-05	25.6227687155606	369	304	304	174	NA	NA	NA	NA
"HiG_6"	"Golim4"	0.000457236025953929	0.000187785556388852	"HiG"	0.00159549919054738	3.23630667453829e-06	13.6819976231093	435	432	432	384	NA	NA	NA	NA
"HiG_6"	"Gpr141"	0.000334710903963053	1.96600750060339e-05	"HiG"	0.000174797842401061	3.5455951805489e-07	23.8289541391352	462	462	462	209	NA	NA	NA	NA
"HiG_6"	"Gpr34"	0.000739985941346705	0.00064403475157441	"HiG"	0.00505050322841243	1.02444284551976e-05	16	363	355	355	344.5	NA	NA	NA	NA
"HiG_6"	"Gpsm3"	0.000649233520809328	0.000183797625091007	"HiG"	0.00245642895587928	4.98261451496811e-06	7.27194177399576	389	413	413	443	NA	NA	NA	NA
"HiG_6"	"Gpt2"	0.000459406227064257	0.000210241848253862	"HiG"	0.00165560901102878	3.35823328809083e-06	9	434	429	429	438.5	NA	NA	NA	NA
"HiG_6"	"Gpx3"	0.00111641407071795	0.00077522566830447	"HiG"	0.00723967855978794	1.46849463687382e-05	13.1335901515402	287	301	301	392	NA	NA	NA	NA
"HiG_6"	"Grina"	0.000583896404270832	0.000837898633853696	"HiG"	0.00326616934547198	6.62508995024742e-06	21	408	394	394	255	NA	NA	NA	NA
"HiG_6"	"Gstm1"	0.000922169293175439	0.000185801746778716	"HiG"	0.00501492482308234	1.01722613044266e-05	19.6851290935188	319	357	357	285	NA	NA	NA	NA
"HiG_6"	"Gzmb"	0.00290150784523522	0.00815525043572447	"HiG"	0.0312226839272503	6.33320160796152e-05	23.2982337280816	93	97	97	217	NA	NA	NA	NA
"HiG_6"	"Hacd4"	0.00032017075773889	0	"HiG"	0	0	NA	479.5	479.5	479.5	NA	NA	NA	NA	NA
"HiG_6"	"Havcr2"	0.00363204039777016	0.0086678304863695	"HiG"	0.0408907729525085	8.29427443255751e-05	20.7011481617501	66	68	68	262	NA	NA	NA	NA
"HiG_6"	"Hdc"	0.00032017075773889	0	"HiG"	0	0	NA	479.5	479.5	479.5	NA	NA	NA	NA	NA
"HiG_6"	"Hdhd2"	0.000617228336858902	0.000494116255704037	"HiG"	0.00280903580473257	5.69784138890987e-06	10	395	402	402	430.5	NA	NA	NA	NA
"HiG_6"	"Helz2"	0.000904942888776269	0.00627214299860646	"HiG"	0.00755712074595366	1.5328845326478e-05	21.7049391365791	321	294	294	243	NA	NA	NA	NA
"HiG_6"	"Hgf"	0.00372639604491991	0.0208581020394113	"HiG"	0.0400383316275654	8.12136544169683e-05	25.5217152850118	61	70	70	176	NA	NA	NA	NA
"HiG_6"	"Hip1"	0.000689948118333723	0.000438725521457761	"HiG"	0.00430576127216822	8.73379568391119e-06	13.7700722669817	376	376	376	381	NA	NA	NA	NA
"HiG_6"	"Hipk1"	0.00231219556392575	0.027251781769886	"HiG"	0.0272431842333664	5.52600085869501e-05	22.0016087853206	121	118	118	236	NA	NA	NA	NA
"HiG_6"	"Hmgn3"	0.000926601483022012	0.00531607819149141	"HiG"	0.00636225310452406	1.29051787110021e-05	13.3069602338652	316	321	321	391	NA	NA	NA	NA
"HiG_6"	"Hmox1"	0.0011605812369041	0.000838091814572376	"HiG"	0.00905089267679775	1.83588086750461e-05	24.0483450166278	279	279	279	204	NA	NA	NA	NA
"HiG_6"	"Hook1"	0.00054062266393781	0.0049716079278255	"HiG"	0.0033712078728782	6.83814984356633e-06	22.8887576718622	418	392	392	226	NA	NA	NA	NA
"HiG_6"	"Hsd11b1"	0.0013677540833746	6.42619791069193e-05	"HiG"	0.00656776617271892	1.3322040918294e-05	6.14294101464858	240	316	316	452	NA	NA	NA	NA
"HiG_6"	"Hsph1"	0.00529914130808642	0.181295609547972	"HiG"	0.0721392971838123	0.000146327174815035	48.5400620450399	34	33	33	33	NA	NA	NA	NA
"HiG_6"	"Hvcn1"	0.000321065258040729	4.21710226638079e-06	"HiG"	1.08729276194354e-05	2.20546199177188e-08	32	464	464	464	113.5	NA	NA	NA	NA
"HiG_6"	"Id2"	0.000989572458543358	0.00723613035062891	"HiG"	0.00912797414520252	1.85151605379361e-05	20.2276937682351	307	278	278	270	NA	NA	NA	NA
"HiG_6"	"Ift80"	0.000394770578495521	0.00215172859522803	"HiG"	0.00106457962182592	2.15939071364285e-06	55	452	444	444	17.5	NA	NA	NA	NA
"HiG_6"	"Igfbp4"	0.00325758862913806	0.0123525805795943	"HiG"	0.0369747292503647	7.49994508120988e-05	21.8355775117738	74	79	79	241	NA	NA	NA	NA
"HiG_6"	"Igfbp7"	0.00434667973190062	0.00750834599485424	"HiG"	0.0512427997883073	0.000103940770361678	17.0718897928914	55	50	50	328	NA	NA	NA	NA
"HiG_6"	"Igsf6"	0.00186114076099841	0.00351714021004534	"HiG"	0.02013712552674	4.08460964031238e-05	19.5739848958004	177	159	159	289	NA	NA	NA	NA
"HiG_6"	"Ikzf2"	0.000738904959361342	0.0322592192755841	"HiG"	0.00650277789040292	1.31902188446307e-05	92.1614011858751	365	318	318	2	NA	NA	NA	NA
"HiG_6"	"Il1rl1"	0.000616440231026558	0.000118805709659333	"HiG"	0.00354424391295023	7.18913572606538e-06	15	397	386	386	359	NA	NA	NA	NA
"HiG_6"	"Il4"	0.00113228822196744	0.00173339713925569	"HiG"	0.0108584446336745	2.20252426646541e-05	15.1590153366962	284	250	250	355	NA	NA	NA	NA
"HiG_6"	"Il6"	0.00269985759629504	0.00143463127765705	"HiG"	0.0299747578736018	6.08007259099427e-05	15.4206273884831	106	100	100	350	NA	NA	NA	NA
"HiG_6"	"Impdh2"	0.00422220054318779	0.122996324390182	"HiG"	0.0574305475852069	0.000116491982931454	39.6433880997264	57	43	43	65	NA	NA	NA	NA
"HiG_6"	"Inpp4b"	0.000600056646764502	0.000108098843618011	"HiG"	0.00261542900945954	5.30512983663192e-06	7	400	411	411	447	NA	NA	NA	NA
"HiG_6"	"Iqsec1"	0.00123091144586401	0.00371995347863635	"HiG"	0.00937585544781604	1.90179623687952e-05	22.9824246242374	268	270	270	223	NA	NA	NA	NA
"HiG_6"	"Irf9"	0.00127709807311882	0.00759819724587008	"HiG"	0.0104341410183984	2.11645862442158e-05	20.6777154779842	259	254	254	265	NA	NA	NA	NA
"HiG_6"	"Isg20"	0.000832437234018118	0.000270225892408182	"HiG"	0.00546688911292131	1.10890245698201e-05	11.5289185098565	339	346	346	407	NA	NA	NA	NA
"HiG_6"	"Itga2b"	0.00458868213338259	0.00262768044122935	"HiG"	0.0494235729797322	0.000100250655131303	22.6527991204699	48	57	57	229	NA	NA	NA	NA
"HiG_6"	"Itgam"	0.00450584959339536	0.0135611433403032	"HiG"	0.0546746361403077	0.000110901898864722	22.5724287464581	49	46	46	230	NA	NA	NA	NA
"HiG_6"	"Itgb2"	0.00517890215046352	0.0103226670537958	"HiG"	0.0593868879964413	0.000120460219059719	24.3180309186623	36	39	39	197	NA	NA	NA	NA
"HiG_6"	"Itgb3"	0.00625670462157744	0.00539357829539582	"HiG"	0.0722541669573902	0.000146560176384159	17.8384441404185	24	32	32	315	NA	NA	NA	NA
"HiG_6"	"Itgb7"	0.00210256885381267	0.00287283806485763	"HiG"	0.0225110150808859	4.5661288196523e-05	25.036838824375	146	144	144	185	NA	NA	NA	NA
"HiG_6"	"Jdp2"	0.000545175409771753	0.00403865813768217	"HiG"	0.00299393632516784	6.07289315449867e-06	36.0060509663882	417	396	396	87	NA	NA	NA	NA
"HiG_6"	"Kat2a"	0.00474338512528965	0.291375123501118	"HiG"	0.06637149302318	0.000134627774894888	68.1496406731424	44	36	36	9	NA	NA	NA	NA
"HiG_6"	"Kcne3"	0.00167076470670428	0.000708595049181172	"HiG"	0.0129082549190986	2.61830728582122e-05	10.6988957431447	203	225	225	424	NA	NA	NA	NA
"HiG_6"	"Kdm7a"	0.00049554200928959	0.00421362323249889	"HiG"	0.00265681686551433	5.38908086311223e-06	45.5438053761382	426	409	409	40	NA	NA	NA	NA
"HiG_6"	"Klf1"	0.00130720868271612	0.0323940101420263	"HiG"	0.0136867267667908	2.77621232592106e-05	45.0422443031117	255	215	215	42	NA	NA	NA	NA
"HiG_6"	"Klf2"	0.000792276668693548	0.0029061229126007	"HiG"	0.00583846632442496	1.18427308811865e-05	30.2877408075418	352	335	335	134	NA	NA	NA	NA
"HiG_6"	"Klf5"	0.00193769515754025	0.0155427008317644	"HiG"	0.0218784779445162	4.43782514087549e-05	28.8138306544511	168	149	149	148	NA	NA	NA	NA
"HiG_6"	"Klhdc4"	0.000523678934886265	0.00332558678893857	"HiG"	0.00291072268277848	5.9041028048245e-06	13.0107050452816	420	400	400	394	NA	NA	NA	NA
"HiG_6"	"Lama5"	0.00314821438017376	0.0058924739231681	"HiG"	0.035667671790354	7.23482186416917e-05	23.9052187386826	81	81	81	207	NA	NA	NA	NA
"HiG_6"	"Lamc1"	0.00275754058900017	0.00594748879012703	"HiG"	0.028125039446287	5.70487615543348e-05	16.6722055971917	102	112	112	335	NA	NA	NA	NA
"HiG_6"	"Lat"	0.0025940784274656	0.00303919351007985	"HiG"	0.0252444469825922	5.12057748125603e-05	24.7925926149946	111	132	132	191	NA	NA	NA	NA
"HiG_6"	"Lgals3"	0.00715906411819551	0.0416182704661687	"HiG"	0.0859411549352324	0.00017432282948323	19.0392817057677	16	23	23	301	NA	NA	NA	NA
"HiG_6"	"Lgals3bp"	0.00476075340022483	0.0633272077210161	"HiG"	0.0586794397230656	0.000119025232703987	31.5040511104062	43	41	41	121	NA	NA	NA	NA
"HiG_6"	"Lif"	0.0021803901198082	0.00451524507265329	"HiG"	0.0232229799537991	4.7105436011763e-05	17.1404291993788	137	140	140	325	NA	NA	NA	NA
"HiG_6"	"Lipa"	0.000589305006204445	0.000682758962701053	"HiG"	0.00346191919430429	7.02214846714867e-06	24.0876191535947	405	387	387	203	NA	NA	NA	NA
"HiG_6"	"Lipg"	0.00150063357466388	0.000616865966202643	"HiG"	0.0144929460052258	2.93974564000523e-05	18.4128054334064	220	209	209	310	NA	NA	NA	NA
"HiG_6"	"Lrp12"	0.000675966729943765	0.00015591370799825	"HiG"	0.00335563329568096	6.80655840908916e-06	14.442323885758	381	393	393	368	NA	NA	NA	NA
"HiG_6"	"Lrpap1"	0.0023231782143955	0.0184416553408327	"HiG"	0.0256745496766949	5.20781940703751e-05	16.4904271548499	120	124	124	339	NA	NA	NA	NA
"HiG_6"	"Lst1"	0.00143820309863152	0.000506319862745546	"HiG"	0.0134261000973406	2.72334687572831e-05	21.95931988133	234	218	218	239	NA	NA	NA	NA
"HiG_6"	"Lyar"	0.00528892437286922	0.415869853735193	"HiG"	0.0903886403846811	0.000183344098143369	40.2361703543723	35	20	20	60	NA	NA	NA	NA
"HiG_6"	"Lztfl1"	0.00044688571736689	0.000303910736583125	"HiG"	0.00137190995962386	2.78277882276644e-06	17.0200036429107	439	436	436	329	NA	NA	NA	NA
"HiG_6"	"Lzts2"	0.00155897830812141	0.0048933231870846	"HiG"	0.0139643142572955	2.8325181049281e-05	26.5654185293054	214	213	213	163	NA	NA	NA	NA
"HiG_6"	"Mad1l1"	0.00172636543860688	0.0143777484677356	"HiG"	0.016377998141062	3.32210915640203e-05	23.8801030009007	193	198	198	208	NA	NA	NA	NA
"HiG_6"	"Man1c1"	0.00032017075773889	0	"HiG"	0	0	NA	479.5	479.5	479.5	NA	NA	NA	NA	NA
"HiG_6"	"Mapk3"	0.00318583346637254	0.012972778965257	"HiG"	0.0334522978290156	6.78545594909038e-05	23.2349985917025	80	90	90	219	NA	NA	NA	NA
"HiG_6"	"Marcksl1"	0.00115363694374198	0.0407711157220092	"HiG"	0.0120771835281419	2.44973296716874e-05	51.3128450562307	280	236	236	26	NA	NA	NA	NA
"HiG_6"	"Mboat1"	0.000460072918328541	6.84222673717666e-05	"HiG"	0.000973203646314951	1.97404390733256e-06	9.3228741318694	433	446	446	433	NA	NA	NA	NA
"HiG_6"	"Med21"	0.0013335460216619	0.0221288516255907	"HiG"	0.0127425435710509	2.58469443631864e-05	40.1314357978553	250	228	228	61	NA	NA	NA	NA
"HiG_6"	"Megf9"	0.000407821525647371	8.67200191604954e-05	"HiG"	0.000948148713802028	1.92322254320898e-06	12	448	447	447	402.5	NA	NA	NA	NA
"HiG_6"	"Meis1"	0.000959504983581428	0.0140015160345397	"HiG"	0.00952671059272552	1.93239565775365e-05	31.8759993630041	310	268	268	116	NA	NA	NA	NA
"HiG_6"	"Mex3a"	0.00383456745630824	0.0296029449255471	"HiG"	0.0403665506827776	8.18794131496504e-05	17.6339040505555	59	69	69	318	NA	NA	NA	NA
"HiG_6"	"Mfge8"	0.000683440568847603	0.0228142525071278	"HiG"	0.00529909190214092	1.07486651159045e-05	80.2492802774945	380	350	350	3	NA	NA	NA	NA
"HiG_6"	"Mgll"	0.00105726843471712	7.12400791249377e-05	"HiG"	0.00531286713775404	1.07766067702922e-05	13.6957947647916	293	348	348	383	NA	NA	NA	NA
"HiG_6"	"Mgst1"	0.00135277911606645	0.000286054193921661	"HiG"	0.00787976735574723	1.59833009244366e-05	4.7674482036145	245	291	291	460	NA	NA	NA	NA
"HiG_6"	"Mllt3"	0.00100940070203247	0.0116024413478736	"HiG"	0.00931725800515803	1.88991034587384e-05	24.1925572379741	302	271	271	200	NA	NA	NA	NA
"HiG_6"	"Mmp19"	0.000648390824056825	0.000424249049846923	"HiG"	0.00340874112205241	6.91428219483247e-06	15.263731623234	391	390	390	353	NA	NA	NA	NA
"HiG_6"	"Mmp8"	0.00105596033883263	0.00132275499757104	"HiG"	0.00753081115094873	1.52754790080096e-05	13.6768891369391	294	296	296	385	NA	NA	NA	NA
"HiG_6"	"Mpo"	0.00230747484959011	0.0246748351682583	"HiG"	0.0255536391991212	5.18329395519699e-05	31.9185104897485	122	126	126	115	NA	NA	NA	NA
"HiG_6"	"Ms4a2"	0.00146773632830528	0.0048637955115272	"HiG"	0.0160436620826604	3.25429251169582e-05	32.1672272391194	225	200	200	111	NA	NA	NA	NA
"HiG_6"	"Ms4a3"	0.00128429023761674	0.00119999491809175	"HiG"	0.0120602120598948	2.44629047868049e-05	19.4160830740985	257	237	237	293	NA	NA	NA	NA
"HiG_6"	"Msh6"	0.00235595160019902	0.100850371187126	"HiG"	0.0282384231100826	5.72787487019932e-05	58.2493034984209	119	111	111	13	NA	NA	NA	NA
"HiG_6"	"Msi2"	0.00080928631606221	0.00596496970996187	"HiG"	0.00632330363132393	1.2826173694369e-05	31.5244006973824	347	323	323	120	NA	NA	NA	NA
"HiG_6"	"Msra"	0.000538657848008585	0.00128747850010757	"HiG"	0.00261384562902591	5.30191811161442e-06	12.5824271400378	419	412	412	398	NA	NA	NA	NA
"HiG_6"	"Msrb1"	0.00041401175748297	0.000322046117365661	"HiG"	0.00112328158501453	2.27846163288952e-06	9	447	442	442	438.5	NA	NA	NA	NA
"HiG_6"	"Mtap"	0.00156869537198323	0.00648309133374815	"HiG"	0.00966497818255613	1.9604418220195e-05	21.0413679209626	211	265	265	254	NA	NA	NA	NA
"HiG_6"	"Muc13"	0.000393166979739487	0.000134979393028275	"HiG"	0.000795494432048364	1.61357896967214e-06	37	453	451	451	82	NA	NA	NA	NA
"HiG_6"	"Mxd1"	0.000990144495319351	0.0259842570301743	"HiG"	0.00898140169455222	1.82178533358057e-05	52.4046007522697	306	280	280	23	NA	NA	NA	NA
"HiG_6"	"Mxi1"	0.000787290525614671	0.0164228469350179	"HiG"	0.00575436599031623	1.16721419681871e-05	51.7581050007444	355	338	338	24	NA	NA	NA	NA
"HiG_6"	"Myadm"	0.00118978068146991	0.00747723996272596	"HiG"	0.0115839874191501	2.34969318846857e-05	25.3717758822154	273	241	241	180	NA	NA	NA	NA
"HiG_6"	"Myb"	0.0028422891616333	0.053525402833496	"HiG"	0.0347451266361102	7.04769302963696e-05	34.7026813847178	96	84	84	90	NA	NA	NA	NA
"HiG_6"	"Mybbp1a"	0.00667473714829617	0.485722469567198	"HiG"	0.110096938647635	0.000223320362368427	49.2402293107347	20	15	15	31	NA	NA	NA	NA
"HiG_6"	"Myc"	0.0322883592996916	1	"HiG"	0.47953838217755	0.000972694487175557	21.2291479803542	1	1	1	248	NA	NA	NA	NA
"HiG_6"	"Mycn"	0.00870544198178249	0.276423035521578	"HiG"	0.122894250098903	0.000249278397766538	25.5127243965208	10	12	12	177	NA	NA	NA	NA
"HiG_6"	"Myo1f"	0.00134242668841076	0.0007110615700231	"HiG"	0.0120959098032868	2.45353140026101e-05	22.0455391305848	246	235	235	235	NA	NA	NA	NA
"HiG_6"	"Nabp1"	0.00047142075046724	0.000103790316174067	"HiG"	0.0017717852080708	3.59388480338904e-06	21.8538751208991	429	425	425	240	NA	NA	NA	NA
"HiG_6"	"Nceh1"	0.00044278564360559	1.3204947245974e-05	"HiG"	0.000815167914329644	1.65348461324471e-06	5	440	450	450	457.5	NA	NA	NA	NA
"HiG_6"	"Ncf1"	0.00159992478126407	0.00588864808905607	"HiG"	0.0158868528858131	3.22248537237589e-05	19.8201799937144	206	201	201	281	NA	NA	NA	NA
"HiG_6"	"Ncoa7"	0.000351621784567942	0.000216266184298913	"HiG"	0.000431449347512233	8.75150806312846e-07	20	460	459	459	278	NA	NA	NA	NA
"HiG_6"	"Ncs1"	0.00112477578446038	3.04241201590346e-05	"HiG"	0.00584058458379474	1.18470275533362e-05	7.1756857170817	286	334	334	444	NA	NA	NA	NA
"HiG_6"	"Ndrg2"	0.0008266692544862	0.00608655952776223	"HiG"	0.00691303763591712	1.40223887138278e-05	42.2782759202634	342	310	310	50	NA	NA	NA	NA
"HiG_6"	"Ndst1"	0.000631411896064932	0.00047229092325274	"HiG"	0.00393494060275341	7.98162394067629e-06	19.4923699606117	394	380	380	291	NA	NA	NA	NA
"HiG_6"	"Nefh"	0.000671583666542663	0.0041826347345556	"HiG"	0.00442153318822954	8.96862715665221e-06	17.8439193590499	382	373	373	314	NA	NA	NA	NA
"HiG_6"	"Neil3"	0.0013136329078046	0.00705632160793897	"HiG"	0.0130963344799558	2.65645729816548e-05	24.491763407626	253	223	223	195	NA	NA	NA	NA
"HiG_6"	"Neu1"	0.0010850204725132	0.0276611831477272	"HiG"	0.00983188696513156	1.99429755885022e-05	54.9224585152118	291	263	263	19	NA	NA	NA	NA
"HiG_6"	"Nfix"	0.00274635861303077	0.0168048921883002	"HiG"	0.0285807526359648	5.79731290790361e-05	13.3240081645587	103	106	106	389	NA	NA	NA	NA
"HiG_6"	"Nkg7"	0.00269083800784886	0.000892905213564035	"HiG"	0.0250866588451648	5.08857177386711e-05	13.4198655764261	107	136	136	388	NA	NA	NA	NA
"HiG_6"	"Nlgn2"	0.000721323726190557	4.29846683863806e-05	"HiG"	0.00232257908993208	4.71111377268171e-06	10.8720231733558	370	417	417	420	NA	NA	NA	NA
"HiG_6"	"Nme4"	0.00215744236030715	0.0146535725082483	"HiG"	0.0218054988095422	4.42302207090106e-05	23.6546767755795	140	150	150	212	NA	NA	NA	NA
"HiG_6"	"Noc2l"	0.00466198607756057	0.296625655549853	"HiG"	0.075527015725501	0.000153198814859028	40.7602317312239	45	29	29	58	NA	NA	NA	NA
"HiG_6"	"Noc3l"	0.00458986530425587	0.333479005266596	"HiG"	0.0775305480431587	0.000157262774935413	45.1153349245594	47	26	26	41	NA	NA	NA	NA
"HiG_6"	"Nolc1"	0.00658063233632048	0.555774246325942	"HiG"	0.114733273313054	0.000232724692318569	39.4117527817664	21	13	13	67	NA	NA	NA	NA
"HiG_6"	"Nop14"	0.00303617450851064	0.204538996588955	"HiG"	0.0496480080112629	0.000100705898602967	40.8315802197389	86	56	56	57	NA	NA	NA	NA
"HiG_6"	"Nop2"	0.00675728980843173	0.44060381706598	"HiG"	0.114720949931039	0.000232699695600485	34.4423883920936	19	14	14	92	NA	NA	NA	NA
"HiG_6"	"Nop56"	0.0119225035939501	0.964317197775274	"HiG"	0.213228574047313	0.000432512320582786	38.2163379288026	5	3	3	77	NA	NA	NA	NA
"HiG_6"	"Nop58"	0.00803679464919887	0.762403649876122	"HiG"	0.14408794783453	0.00029226764266639	38.3616426431516	13	9	9	76	NA	NA	NA	NA
"HiG_6"	"Npm3"	0.00262731567706566	0.164998090010535	"HiG"	0.0436970786368257	8.86350479448796e-05	40.1007960397603	110	67	67	62	NA	NA	NA	NA
"HiG_6"	"Nrip1"	0.00325973998503967	0.0961658140303626	"HiG"	0.0453265104795077	9.19401835284133e-05	34.2116312133412	73	64	64	93	NA	NA	NA	NA
"HiG_6"	"Nrp1"	0.00440324920786465	0.00732709119678517	"HiG"	0.0477439509511945	9.68437138969462e-05	18.3099110428459	53	61	61	312	NA	NA	NA	NA
"HiG_6"	"Nt5dc2"	0.00182393991681073	0.0285138849385429	"HiG"	0.0222210052262305	4.50730329132464e-05	30.4083662927158	183	146	146	132	NA	NA	NA	NA
"HiG_6"	"Nt5e"	0.00186994553503387	0.0104500477099179	"HiG"	0.0165278738417675	3.35250990705223e-05	38.9598767853019	174	196	196	73	NA	NA	NA	NA
"HiG_6"	"Nudcd1"	0.00154549737884597	0.0406321007473276	"HiG"	0.0168013193188512	3.40797552106515e-05	42.5412898626086	216	193	193	49	NA	NA	NA	NA
"HiG_6"	"Nudt5"	0.00102203047844509	0.00377264797103026	"HiG"	0.00983822086119522	1.99558232478605e-05	23.9684034578793	300	262	262	205	NA	NA	NA	NA
"HiG_6"	"Numb"	0.00252461434910764	0.0188931027675885	"HiG"	0.0280977984027116	5.69935058878531e-05	33.6828679653665	114	113	113	101	NA	NA	NA	NA
"HiG_6"	"Oaf"	0.000663975387541569	7.2012297580744e-06	"HiG"	0.00134220829412212	2.72253203675887e-06	5	385	437	437	457.5	NA	NA	NA	NA
"HiG_6"	"Odc1"	0.00164673726082247	0.0654633385410391	"HiG"	0.0202739025289424	4.11235345414652e-05	42.9239324242081	205	157	157	47	NA	NA	NA	NA
"HiG_6"	"Olr1"	0.00168938525870122	0.00281346061925302	"HiG"	0.0168998951809149	3.42797062493202e-05	29.3701771189053	201	192	192	143	NA	NA	NA	NA
"HiG_6"	"Osbpl5"	0.00094962692445076	0.00274005677269266	"HiG"	0.00710452431510043	1.44107998277899e-05	10.8907597454912	312	306	306	419	NA	NA	NA	NA
"HiG_6"	"Osgep"	0.000506085819025676	0.000572551837138056	"HiG"	0.00239234700383072	4.85263083941323e-06	13.7951732653055	424	415	415	380	NA	NA	NA	NA
"HiG_6"	"Osm"	0.00166858137505263	0.00211355102580827	"HiG"	0.0170552859548728	3.45949005169835e-05	18.0078730038499	204	190	190	313	NA	NA	NA	NA
"HiG_6"	"Otulin"	0.00123295943578906	0.00357339255015127	"HiG"	0.0112116747511136	2.27417337750784e-05	20.8927943704711	267	247	247	258	NA	NA	NA	NA
"HiG_6"	"P2rx1"	0.00032017075773889	0	"HiG"	0	0	NA	479.5	479.5	479.5	NA	NA	NA	NA	NA
"HiG_6"	"P2ry1"	0.00200915100613819	0.000427665190513348	"HiG"	0.0183577645617704	3.72368449528812e-05	12.6914390543394	158	177	177	397	NA	NA	NA	NA
"HiG_6"	"P2ry14"	0.00032017075773889	0	"HiG"	0	0	NA	479.5	479.5	479.5	NA	NA	NA	NA	NA
"HiG_6"	"Pa2g4"	0.00366971956823678	0.129619439367867	"HiG"	0.0496570530475901	0.000100724245532637	34.0205313868834	63	55	55	95	NA	NA	NA	NA
"HiG_6"	"Padi2"	0.000606981125340614	0.0100836827771064	"HiG"	0.00271794431598756	5.5130716348632e-06	61.5563930156409	399	407	407	10	NA	NA	NA	NA
"HiG_6"	"Padi4"	0.000812728382209553	0.010472881799991	"HiG"	0.00490665564023957	9.95264835748391e-06	39.6592662880586	346	360	360	64	NA	NA	NA	NA
"HiG_6"	"Palm"	0.000900794989555213	0.00163484364898043	"HiG"	0.00679639713634916	1.37857954084161e-05	22.705056836549	322	311	311	228	NA	NA	NA	NA
"HiG_6"	"Papss2"	0.000792007704282568	0.0149488743082986	"HiG"	0.00654697344767255	1.3279865005421e-05	45.6183320397596	353	317	317	39	NA	NA	NA	NA
"HiG_6"	"Paqr7"	0.00032017075773889	0	"HiG"	0	0	NA	479.5	479.5	479.5	NA	NA	NA	NA	NA
"HiG_6"	"Parvb"	0.000795937710148727	2.71999720643407e-05	"HiG"	0.00376730246123506	7.64158714246463e-06	5	351	382	382	457.5	NA	NA	NA	NA
"HiG_6"	"Pcmtd2"	0.00032017075773889	0	"HiG"	0	0	NA	479.5	479.5	479.5	NA	NA	NA	NA	NA
"HiG_6"	"Pcsk9"	0.00120170400414337	0.000643518434250574	"HiG"	0.0102258033080318	2.07419945396182e-05	18.5556277293005	270	257	257	306	NA	NA	NA	NA
"HiG_6"	"Pdcd1lg2"	0.00267120635928182	0.0033046369040241	"HiG"	0.0317907348510157	6.44842491907012e-05	22.7087934414135	109	95	95	227	NA	NA	NA	NA
"HiG_6"	"Pdia5"	0.00110120628201587	0.000269669932881961	"HiG"	0.00512336926006509	1.03922297364403e-05	10.1489387070403	289	352	352	428	NA	NA	NA	NA
"HiG_6"	"Pdk1"	0.00241293323375659	0.00769580294192951	"HiG"	0.0251703956012773	5.10555691709479e-05	14.8578374222172	118	134	134	363	NA	NA	NA	NA
"HiG_6"	"Perp"	0.00032017075773889	0	"HiG"	0	0	NA	479.5	479.5	479.5	NA	NA	NA	NA	NA
"HiG_6"	"Phtf2"	0.000513629514123786	0.000157694021215129	"HiG"	0.0022638109594632	4.59190863988479e-06	32	422	418	418	113.5	NA	NA	NA	NA
"HiG_6"	"Pik3cb"	0.00199118134753636	0.0056857709125983	"HiG"	0.018145057334246	3.68053901303165e-05	21.0585762470993	163	179	179	253	NA	NA	NA	NA
"HiG_6"	"Pim2"	0.000828799861983964	0.00121046267929244	"HiG"	0.00664353112819705	1.3475722369568e-05	20.2546895207179	340	314	314	269	NA	NA	NA	NA
"HiG_6"	"Plac8"	0.000546912098049689	0.000126924336662758	"HiG"	0.00293788066095986	5.95918998166299e-06	27.578001323524	416	399	399	158	NA	NA	NA	NA
"HiG_6"	"Plaur"	0.00364910467025986	0.0194323407148733	"HiG"	0.0385470037602414	7.81886486008953e-05	25.3281379403486	65	76	76	181	NA	NA	NA	NA
"HiG_6"	"Plcb2"	0.00103880020280719	0.0113564508815942	"HiG"	0.010301871201228	2.08962904690224e-05	23.9628745136275	296	255	255	206	NA	NA	NA	NA
"HiG_6"	"Pld3"	0.00332257743272562	0.0321473446308548	"HiG"	0.0339404277522576	6.8844681039062e-05	29.9169393122446	70	88	88	139	NA	NA	NA	NA
"HiG_6"	"Pld4"	0.00059718294460717	0.000668052524055945	"HiG"	0.00341494997276903	6.92687621251325e-06	18.411918593889	401	389	389	311	NA	NA	NA	NA
"HiG_6"	"Plin2"	0.000996635002738932	0.000143663705487701	"HiG"	0.00569025947437212	1.15421084672863e-05	4.61270469403778	305	340	340	461	NA	NA	NA	NA
"HiG_6"	"Plod2"	0.0018882699757419	0.0286803936783616	"HiG"	0.0205380629433557	4.16593568830744e-05	30.6962338944826	172	154	154	128	NA	NA	NA	NA
"HiG_6"	"Plpp5"	0.00032017075773889	0	"HiG"	0	0	NA	479.5	479.5	479.5	NA	NA	NA	NA	NA
"HiG_6"	"Plxdc2"	0.000341611502258204	4.66142231034838e-05	"HiG"	0.000207278261374443	4.20442720840655e-07	9.56695028867089	461	461	461	432	NA	NA	NA	NA
"HiG_6"	"Pmaip1"	0.00200938125517044	0.0170195565673449	"HiG"	0.0171175294249762	3.47211550202357e-05	25.1899702475027	157	188	188	183	NA	NA	NA	NA
"HiG_6"	"Pml"	0.0102766885259632	0.260753482460713	"HiG"	0.150961794924845	0.000306210537372911	31.050998177215	7	7	7	124	NA	NA	NA	NA
"HiG_6"	"Pno1"	0.00322388310995132	0.213199201280924	"HiG"	0.0481744028601801	9.77168415013796e-05	39.2105494146625	75	59	59	70	NA	NA	NA	NA
"HiG_6"	"Pnpla7"	0.000504902580967282	0.000387975436858868	"HiG"	0.0018610464639672	3.77494211758052e-06	15.8817964560018	425	421	421	346	NA	NA	NA	NA
"HiG_6"	"Poc1a"	0.00050968347879721	0.00239056055575293	"HiG"	0.00295974297012162	6.00353543635217e-06	18.5344529949403	423	397	397	307	NA	NA	NA	NA
"HiG_6"	"Podxl"	0.000833215780349732	0.00135385698401425	"HiG"	0.0062893400540328	1.27572820568617e-05	30.0944550205589	337	325	325	137	NA	NA	NA	NA
"HiG_6"	"Ppat"	0.00212476316008159	0.0237825783405697	"HiG"	0.0256267839295313	5.1981306145094e-05	24.9872531478306	145	125	125	187	NA	NA	NA	NA
"HiG_6"	"Ppbp"	0.00131614605055341	0.000531287856950462	"HiG"	0.0122941463405893	2.49374165123515e-05	20.0920390640922	252	234	234	274	NA	NA	NA	NA
"HiG_6"	"Ppia"	0.00709134963159241	0.15280376952256	"HiG"	0.0941325198999313	0.000190938174239212	27.9659194506616	17	18	18	154	NA	NA	NA	NA
"HiG_6"	"Ppic"	0.000868472796402334	0.0101667766334631	"HiG"	0.00837161733766103	1.69809682305497e-05	23.6297120475912	329	287	287	213	NA	NA	NA	NA
"HiG_6"	"Prdx5"	0.00219083946537112	0.019096101013201	"HiG"	0.0192808972835778	3.9109325118819e-05	23.2761150951852	135	169	169	218	NA	NA	NA	NA
"HiG_6"	"Prg2"	0.00553652693609655	0.01010357818174	"HiG"	0.0614702011082859	0.00012468600630484	13.0552697963244	31	38	38	393	NA	NA	NA	NA
"HiG_6"	"Prg3"	0.0017723383054594	0.00120050139799654	"HiG"	0.0128833377647369	2.61325309629552e-05	10.3296300469492	188	226	226	426	NA	NA	NA	NA
"HiG_6"	"Prkcb"	0.00290166121672167	0.0342475694055274	"HiG"	0.0310430131507406	6.29675723138755e-05	23.4996613105272	92	98	98	214	NA	NA	NA	NA
"HiG_6"	"Prmt1"	0.00743371984957134	0.289101530162693	"HiG"	0.108791400088523	0.000220672211132908	29.938537433147	15	17	17	138	NA	NA	NA	NA
"HiG_6"	"Prmt3"	0.00196216122376021	0.0674273581812123	"HiG"	0.0255452374867604	5.18158975390676e-05	33.9572292956361	166	127	127	96	NA	NA	NA	NA
"HiG_6"	"Prr11"	0.00230515339313591	0.115135180721641	"HiG"	0.0340132671562789	6.89924283088822e-05	33.7163422207789	124	87	87	99	NA	NA	NA	NA
"HiG_6"	"Prss57"	0.00147009511888832	0.00116034235017281	"HiG"	0.0135807616254984	2.75471838245403e-05	16.140234627823	224	217	217	342	NA	NA	NA	NA
"HiG_6"	"Prtn3"	0.00279975261969571	0.00371824335257302	"HiG"	0.0277842648570806	5.63575352070599e-05	20.1376651706208	100	115	115	272	NA	NA	NA	NA
"HiG_6"	"Psph"	0.000424798579249544	0.00451320322729818	"HiG"	0.00180142685598893	3.65400984987612e-06	41	444	424	424	56	NA	NA	NA	NA
"HiG_6"	"Ptger3"	0.00204587281843211	0.00431390142455231	"HiG"	0.0182927826471819	3.71050357955008e-05	15.0582497098704	152	178	178	357	NA	NA	NA	NA
"HiG_6"	"Ptges3"	0.00435281487698321	0.0578416848089266	"HiG"	0.0507556168646654	0.000102952569705204	16.0825394721605	54	52	52	343	NA	NA	NA	NA
"HiG_6"	"Ptgr1"	0.000377037812354789	0.00019700312386707	"HiG"	0.000642991381081848	1.30424215229584e-06	14.1633295359641	457	455	455	375	NA	NA	NA	NA
"HiG_6"	"Ptgs1"	0.000708709531367914	0.000273334307374883	"HiG"	0.00490180586744297	9.94281109014801e-06	21.3900881291362	374	361	361	245	NA	NA	NA	NA
"HiG_6"	"Ptprcap"	0.00115111183361158	0.000277571150505291	"HiG"	0.00972193427990499	1.97199478294219e-05	20.0977693065235	281	264	264	273	NA	NA	NA	NA
"HiG_6"	"Pus7"	0.00291967264198263	0.133717557547263	"HiG"	0.045838716190257	9.29791403453488e-05	25.7947316300034	91	62	62	173	NA	NA	NA	NA
"HiG_6"	"Pygl"	0.00157382831655882	0.0183258275384675	"HiG"	0.016136362812535	3.2730959051795e-05	28.4809790223734	210	199	199	151	NA	NA	NA	NA
"HiG_6"	"Rab27b"	0.000924800409425142	0.000337184808405823	"HiG"	0.00542584781637218	1.10057765037975e-05	18.8814799652068	317	347	347	303	NA	NA	NA	NA
"HiG_6"	"Rab33b"	0.00128059081252155	0.000152580982451233	"HiG"	0.00701010834509182	1.42192867040402e-05	10.8598968710729	258	308	308	421	NA	NA	NA	NA
"HiG_6"	"Rab38"	0.00224566336524133	7.13464900998479e-05	"HiG"	0.0114253056446495	2.31750621595325e-05	9.03683195485002	128	242	242	436	NA	NA	NA	NA
"HiG_6"	"Rab3d"	0.00118462802991667	0.000849506869258551	"HiG"	0.00733376355034352	1.4875788134571e-05	15.8262629349984	275	300	300	347	NA	NA	NA	NA
"HiG_6"	"Rangrf"	0.00181578694254815	0.0580590271059718	"HiG"	0.0199482373745164	4.04629561349216e-05	20.0614988597145	184	162	162	276	NA	NA	NA	NA
"HiG_6"	"Raph1"	0.00102863626075925	0.0127301385613985	"HiG"	0.010155126111472	2.05986330861501e-05	45.9343847352307	298	259	259	37	NA	NA	NA	NA
"HiG_6"	"Rara"	0.0037404078364507	0.0620190568558244	"HiG"	0.0512191603382485	0.000103892820158719	30.5656508863043	60	51	51	130	NA	NA	NA	NA
"HiG_6"	"Rasgrp2"	0.00076014458550885	0.00317995974292547	"HiG"	0.00552331700741429	1.12034827736598e-05	30.5039096338499	360	345	345	131	NA	NA	NA	NA
"HiG_6"	"Rassf3"	0.000587739991864184	0.00310286464383338	"HiG"	0.00184746521252075	3.74739394020436e-06	26.479225922567	407	422	422	165	NA	NA	NA	NA
"HiG_6"	"Rassf4"	0.000560800586968104	1.60986449257357e-05	"HiG"	0.00120697527210767	2.44822570407235e-06	6.83821019759543	411	440	440	449	NA	NA	NA	NA
"HiG_6"	"Rassf5"	0.00151466919822198	0.000517210112701708	"HiG"	0.00841833042032311	1.70757209337183e-05	21.1169017243441	218	286	286	251	NA	NA	NA	NA
"HiG_6"	"Rbms3"	0.000406560401925881	0.00351979223696324	"HiG"	0.00133021520878708	2.69820529165737e-06	60.4389106034209	450	438	438	12	NA	NA	NA	NA
"HiG_6"	"Rbpms2"	0.000687024523830667	0.0209024925227149	"HiG"	0.0049130489418675	9.96561651494421e-06	69.3785312837879	377	359	359	8	NA	NA	NA	NA
"HiG_6"	"Rcc1"	0.00218533972846804	0.0715213208604726	"HiG"	0.0274947545217097	5.57702931474841e-05	51.1111501945119	136	116	116	27	NA	NA	NA	NA
"HiG_6"	"Rcl1"	0.00136227106968344	0.118618598100302	"HiG"	0.0201274069689667	4.0826383304192e-05	56.9449100929788	242	160	160	14	NA	NA	NA	NA
"HiG_6"	"Rgcc"	0.000470799300782022	0.000138739773989624	"HiG"	0.00174360347350468	3.53672104159163e-06	20	430	427	427	278	NA	NA	NA	NA
"HiG_6"	"Rgs1"	0.00133851335278897	0.000263347023052137	"HiG"	0.00945793140572924	1.91844450420471e-05	13.9430412704444	247	269	269	378	NA	NA	NA	NA
"HiG_6"	"Rhoj"	0.00538833691123363	0.0195799897431691	"HiG"	0.0499126271112922	0.000101242651341363	14.2054418280005	32	54	54	373	NA	NA	NA	NA
"HiG_6"	"Rmi2"	0.000567819409677726	0.00773193242762221	"HiG"	0.00403406464183247	8.1826869002687e-06	61	410	379	379	11	NA	NA	NA	NA
"HiG_6"	"Rnase12"	0.00213447171825003	0	"HiG"	0.00049773361700881	1.00960165721868e-06	1	143	457.5	457.5	463.5	NA	NA	NA	NA
"HiG_6"	"Rnase4"	0.0021344717182484	0	"HiG"	0.00049773361700881	1.00960165721868e-06	1	144	457.5	457.5	463.5	NA	NA	NA	NA
"HiG_6"	"Rnf128"	0.000788420886760783	0.000885682301836564	"HiG"	0.0058347528907066	1.1835198561271e-05	28.9950299660439	354	336	336	146	NA	NA	NA	NA
"HiG_6"	"Rnf149"	0.00392037675124275	0.0109545606419132	"HiG"	0.0377570585830304	7.6586325726228e-05	17.6739772627412	58	77	77	317	NA	NA	NA	NA
"HiG_6"	"Rnmt"	0.0011700244548756	0.0463791932755782	"HiG"	0.013589953049787	2.75658276871948e-05	52.4972617010956	278	216	216	22	NA	NA	NA	NA
"HiG_6"	"S100a6"	0.000954766895609047	0.00723639614322366	"HiG"	0.0092589429836917	1.87808174111393e-05	27.1849046817072	311	273	273	160	NA	NA	NA	NA
"HiG_6"	"S100a8"	0.00342868092207076	0.0280951302108808	"HiG"	0.0388164677383435	7.87352286781816e-05	26.6284659485602	69	75	75	162	NA	NA	NA	NA
"HiG_6"	"S100a9"	0.00509428737505521	0.058908648356749	"HiG"	0.0570430925953109	0.000115706070173044	27.8669017737095	37	45	45	155	NA	NA	NA	NA
"HiG_6"	"Samd14"	0.00032017075773889	0	"HiG"	0	0	NA	479.5	479.5	479.5	NA	NA	NA	NA	NA
"HiG_6"	"Samd9l"	0.000356700609429502	0.00553126220603567	"HiG"	0.000638272862231845	1.29467112014573e-06	139	459	456	456	1	NA	NA	NA	NA
"HiG_6"	"Sapcd1"	0.000670503523583244	0.00477185312132476	"HiG"	0.00477488647049155	9.68536809430335e-06	39.5147820132884	384	365	365	66	NA	NA	NA	NA
"HiG_6"	"Sat1"	0.000974412616758081	0.00235999535502076	"HiG"	0.00705504968867534	1.43104456159743e-05	11.0840389938636	309	307	307	415	NA	NA	NA	NA
"HiG_6"	"Satb1"	0.00172845593545886	0.0265975446824462	"HiG"	0.0185970260628066	3.7722162399202e-05	32.9970306525542	192	175	175	106	NA	NA	NA	NA
"HiG_6"	"Scin"	0.00159311545563913	0.00476936153675658	"HiG"	0.0126540081520634	2.56673593348141e-05	14.4238694056029	208	230	230	369	NA	NA	NA	NA
"HiG_6"	"Sdsl"	0.00032017075773889	0	"HiG"	0	0	NA	479.5	479.5	479.5	NA	NA	NA	NA	NA
"HiG_6"	"Sell"	0.00298674797196037	0.00273614796341451	"HiG"	0.0297784957670953	6.04026283308222e-05	20.1776227668243	87	101	101	271	NA	NA	NA	NA
"HiG_6"	"Serpinb2"	0.000732184368796187	0.000575902079603629	"HiG"	0.00502009849404388	1.01827555660119e-05	24.8716844101742	368	356	356	189	NA	NA	NA	NA
"HiG_6"	"Serpine2"	0.00119489148844504	0.00110233907328989	"HiG"	0.0101739987340303	2.06369142678099e-05	17.0758612819092	271	258	258	327	NA	NA	NA	NA
"HiG_6"	"Sgms2"	0.00032017075773889	0	"HiG"	0	0	NA	479.5	479.5	479.5	NA	NA	NA	NA	NA
"HiG_6"	"Sgsm2"	0.00044884564447049	0.00417941370116239	"HiG"	0.00226210063709897	4.58843942616424e-06	15	437	419	419	358	NA	NA	NA	NA
"HiG_6"	"Sh2d3c"	0.00171506110001334	0.00574782682970695	"HiG"	0.0165021391382277	3.34728988605025e-05	21.3688242134211	194	197	197	246	NA	NA	NA	NA
"HiG_6"	"Sh2d5"	0.000878521762035096	0.000647474659101856	"HiG"	0.0046618313267273	9.45604731587689e-06	16.9820982690083	328	366	366	330	NA	NA	NA	NA
"HiG_6"	"Sh3pxd2b"	0.0032803489754387	0.00904933644027449	"HiG"	0.0296197924844834	6.00807149786681e-05	24.1843414548026	72	102	102	201	NA	NA	NA	NA
"HiG_6"	"Sirpa"	0.000897947368264948	0.00186041812466575	"HiG"	0.00721596150362244	1.46368387497413e-05	22.3596848686033	324	302	302	232	NA	NA	NA	NA
"HiG_6"	"Sirt3"	0.00156315413864001	0.0030231301124149	"HiG"	0.0142766954090373	2.89588142171141e-05	8.80902171611394	213	211	211	441	NA	NA	NA	NA
"HiG_6"	"Slc16a1"	0.00279645077255589	0.0567566090141133	"HiG"	0.0292182902608433	5.92663088455239e-05	44.7731512502329	101	104	104	43	NA	NA	NA	NA
"HiG_6"	"Slc18a2"	0.00154294543073382	0.000626705142101913	"HiG"	0.012691975746733	2.5744372711426e-05	10.3157105112939	217	229	229	427	NA	NA	NA	NA
"HiG_6"	"Slc19a1"	0.00127273973028769	0.00187940345551727	"HiG"	0.00924550747102581	1.87535648499509e-05	20.9864369887114	260	274	274	256	NA	NA	NA	NA
"HiG_6"	"Slc22a3"	0.000470194430230004	0.000457266970591117	"HiG"	0.00174321666151555	3.53593643309442e-06	22	431	428	428	237	NA	NA	NA	NA
"HiG_6"	"Slc23a2"	0.000587949986852189	2.48573645193077e-05	"HiG"	0.00152559776050809	3.09451878399206e-06	4	406	434	434	462	NA	NA	NA	NA
"HiG_6"	"Slc24a3"	0.000854507906797888	0.000239657424548708	"HiG"	0.00455132472269978	9.23189598924904e-06	5.65721007083101	332	370	370	455	NA	NA	NA	NA
"HiG_6"	"Slc29a1"	0.00215585971242494	0.00905561249397589	"HiG"	0.0193573931855769	3.9264489220237e-05	25.4602365165383	141	167	167	178	NA	NA	NA	NA
"HiG_6"	"Slc30a2"	0.00203248552616996	0.000567943739818182	"HiG"	0.0179356063934374	3.63805403517999e-05	12.1817234285339	154	181	181	400	NA	NA	NA	NA
"HiG_6"	"Slc39a10"	0.00242698675283551	0.0761538667768386	"HiG"	0.028957490272311	5.87373027835923e-05	48.7790210019819	117	105	105	32	NA	NA	NA	NA
"HiG_6"	"Slc41a3"	0.00104743241885356	0.00449847941289295	"HiG"	0.00879307389879586	1.78358496932979e-05	14.5207606644188	295	282	282	367	NA	NA	NA	NA
"HiG_6"	"Slc45a3"	0.000766146227560298	0.0102001418786169	"HiG"	0.00669139510119778	1.35728095358981e-05	36.9885316553197	359	312	312	83	NA	NA	NA	NA
"HiG_6"	"Slc6a9"	0.000716797943300325	0.00170423646669082	"HiG"	0.00363564127155609	7.3745259057933e-06	11.7681413638136	371	384	384	405	NA	NA	NA	NA
"HiG_6"	"Slc7a11"	0.000842699939484007	0.000720884848329193	"HiG"	0.0056672969317174	1.1495531301658e-05	17.4999973233739	335	341	341	321	NA	NA	NA	NA
"HiG_6"	"Slc7a8"	0.000920475827738542	0.000103432468444978	"HiG"	0.00631306376617312	1.28054031768217e-05	12.1118200679506	320	324	324	401	NA	NA	NA	NA
"HiG_6"	"Slco2b1"	0.000648923154682649	0.000295323257939648	"HiG"	0.00420960306768569	8.53874861599532e-06	30.2160259119231	390	377	377	136	NA	NA	NA	NA
"HiG_6"	"Slpi"	0.00093413889849112	0.00342974312217856	"HiG"	0.00761171492959851	1.54395840356968e-05	15.2781670016732	315	293	293	352	NA	NA	NA	NA
"HiG_6"	"Smo"	0.00229008954406341	0.0105541931584777	"HiG"	0.0210567879937475	4.27115375126725e-05	15.3829339033037	125	152	152	351	NA	NA	NA	NA
"HiG_6"	"Smpdl3a"	0.00032017075773889	0	"HiG"	0	0	NA	479.5	479.5	479.5	NA	NA	NA	NA	NA
"HiG_6"	"Socs1"	0.0044686893988739	0.0256522863495769	"HiG"	0.0533642175527437	0.000108243848991366	28.3626987627443	50	47	47	153	NA	NA	NA	NA
"HiG_6"	"Socs2"	0.00145286708453412	0.00292173584990187	"HiG"	0.0133297435283864	2.70380193273559e-05	24.6187967015056	230	221	221	193	NA	NA	NA	NA
"HiG_6"	"Socs3"	0.00480786079185956	0.00681990737301645	"HiG"	0.0499282077232056	0.000101274255016644	20.0623322383023	42	53	53	275	NA	NA	NA	NA
"HiG_6"	"Sorl1"	0.00214991684889864	0.00234080700159699	"HiG"	0.0219534067681377	4.45302368522062e-05	14.3276839693018	142	148	148	371	NA	NA	NA	NA
"HiG_6"	"Sort1"	0.001852625794916	0.00806172973165797	"HiG"	0.018977851607063	3.8494628006213e-05	16.4605057665066	178	171	171	340	NA	NA	NA	NA
"HiG_6"	"Sox4"	0.00175624349581829	0.0281124503816208	"HiG"	0.0188855680438885	3.83074402512951e-05	34.1772680118146	189	172	172	94	NA	NA	NA	NA
"HiG_6"	"Spata13"	0.000806117484589048	0.000257947712836138	"HiG"	0.00454481653011973	9.21869478726111e-06	11.4385440345906	349	371	371	409	NA	NA	NA	NA
"HiG_6"	"Specc1"	0.00108565036349724	0.0305084704645787	"HiG"	0.0107414179960884	2.17878661178263e-05	54.2520438773516	290	252	252	20	NA	NA	NA	NA
"HiG_6"	"Spint2"	0.00150196129436869	0.000986449851690021	"HiG"	0.0109099296542818	2.21296747551356e-05	17.4290208226714	219	249	249	322	NA	NA	NA	NA
"HiG_6"	"Spns2"	0.000616938076001946	0.00074680173366377	"HiG"	0.00346066220100378	7.01959878499752e-06	20.8660920605819	396	388	388	259	NA	NA	NA	NA
"HiG_6"	"Spp1"	0.00250237378314987	0.00227976904210768	"HiG"	0.0254973663588292	5.17187958596941e-05	16.6988970156496	115	128	128	334	NA	NA	NA	NA
"HiG_6"	"Srm"	0.00171208900010571	0.0309690081130712	"HiG"	0.017732451980732	3.59684624355618e-05	33.7106540909589	196	183	183	100	NA	NA	NA	NA
"HiG_6"	"Srpk1"	0.00491441323309493	0.27558675111667	"HiG"	0.0764485453800727	0.000155068043367287	39.0601763182471	41	27	27	71	NA	NA	NA	NA
"HiG_6"	"Srpk2"	0.00201218986282329	0.0754327464352055	"HiG"	0.0263766437536826	5.35023199871858e-05	26.4336149217709	156	123	123	166	NA	NA	NA	NA
"HiG_6"	"Ssbp1"	0.00444110821080681	0.101114259521075	"HiG"	0.0574158352640586	0.000116462140495048	32.9533753693571	52	44	44	107	NA	NA	NA	NA
"HiG_6"	"Ssbp2"	0.00184961962738935	0.00667510290822419	"HiG"	0.0174095495229234	3.53134878761123e-05	13.6086004472331	180	187	187	386	NA	NA	NA	NA
"HiG_6"	"Ssbp3"	0.0011929022904893	0.00239147614426724	"HiG"	0.0107718564799281	2.18496074643572e-05	11.872715683106	272	251	251	404	NA	NA	NA	NA
"HiG_6"	"Stk10"	0.00122232811042639	0.0101857949728662	"HiG"	0.0119665412017895	2.42729030462262e-05	30.585838225051	269	238	238	129	NA	NA	NA	NA
"HiG_6"	"Stk17b"	0.00117783527457218	0.0152456752308644	"HiG"	0.012357819178561	2.50665703419088e-05	32.2440605100359	276	233	233	109	NA	NA	NA	NA
"HiG_6"	"Stk26"	0.00146066241669146	0.0118405534524694	"HiG"	0.0153306286542026	3.10966098462528e-05	26.6657292844415	229	202	202	161	NA	NA	NA	NA
"HiG_6"	"Stom"	0.00123954597018419	0.00109607036856229	"HiG"	0.00662161025740301	1.34312581286065e-05	20.8368431900613	266	315	315	260	NA	NA	NA	NA
"HiG_6"	"Suclg2"	0.0019797156250634	0.0413546523905632	"HiG"	0.0228046988000355	4.62569955375975e-05	43.6686096004878	165	142	142	45	NA	NA	NA	NA
"HiG_6"	"Sun2"	0.00156418094167045	0.00158927252927006	"HiG"	0.00924356594898308	1.87496266713653e-05	11.2581873912902	212	275	275	412	NA	NA	NA	NA
"HiG_6"	"Syce2"	0.00032017075773889	0	"HiG"	0	0	NA	479.5	479.5	479.5	NA	NA	NA	NA	NA
"HiG_6"	"Syne1"	0.00147484711723198	0.037427364301791	"HiG"	0.0130104055151232	2.6390274878546e-05	55.1051538373897	222	224	224	16	NA	NA	NA	NA
"HiG_6"	"Tap1"	0.0021659914430535	0.0108760602852132	"HiG"	0.020498755333532	4.15796254229857e-05	22.2714460941299	138	155	155	234	NA	NA	NA	NA
"HiG_6"	"Tbc1d2"	0.00135687547369302	0.0014250012785959	"HiG"	0.00889008071853149	1.80326180903276e-05	10.9688783096407	244	281	281	418	NA	NA	NA	NA
"HiG_6"	"Tbc1d4"	0.000924387654109077	0.00468322844043174	"HiG"	0.0037290617611195	7.56401979943104e-06	25.0568480655482	318	383	383	184	NA	NA	NA	NA
"HiG_6"	"Tbc1d8"	0.00117280203771557	0.00127073574547234	"HiG"	0.00870004580925069	1.7647151742902e-05	20.7815114015225	277	283	283	261	NA	NA	NA	NA
"HiG_6"	"Tcf19"	0.000551550179757994	0.000634833047756084	"HiG"	0.00278326587237953	5.64556972085097e-06	18.4778955360481	414	403	403	308	NA	NA	NA	NA
"HiG_6"	"Tcf4"	0.00534200290132531	0.156256922638331	"HiG"	0.0692016519888198	0.000140368462451967	40.6163350053995	33	34	34	59	NA	NA	NA	NA
"HiG_6"	"Tcn2"	0.000448297003616151	6.19910901199751e-06	"HiG"	0.00119403743459478	2.42198262595291e-06	5	438	441	441	457.5	NA	NA	NA	NA
"HiG_6"	"Tecpr1"	0.000686650130359025	0.000669864174693646	"HiG"	0.00464049476605984	9.41276828815383e-06	21.0814941280104	379	368	368	252	NA	NA	NA	NA
"HiG_6"	"Tfpi"	0.00142011398462456	0.0178717376781352	"HiG"	0.0137765877221466	2.79443970023257e-05	38.1570476169994	236	214	214	78	NA	NA	NA	NA
"HiG_6"	"Tfr2"	0.000326511282957252	4.57822089679553e-06	"HiG"	7.74640859018677e-05	1.57127963289792e-07	31	463	463	463	125.5	NA	NA	NA	NA
"HiG_6"	"Thumpd1"	0.00206058977785605	0.0764634483244185	"HiG"	0.0301040427268877	6.10629669916587e-05	30.2821777464018	150	99	99	135	NA	NA	NA	NA
"HiG_6"	"Thy1"	0.00366931616502521	0.0225777495518261	"HiG"	0.0394349874935998	7.99898326442186e-05	24.2744439474614	64	72	72	198	NA	NA	NA	NA
"HiG_6"	"Timm9"	0.000825947505345634	0.00149411431077307	"HiG"	0.00604398024718033	1.22595948218668e-05	11.4436122804715	344	328	328	408	NA	NA	NA	NA
"HiG_6"	"Tinagl1"	0.000591454794612445	0.000100873017937572	"HiG"	0.00318841981967243	6.46738300136396e-06	13.945863638293	404	395	395	377	NA	NA	NA	NA
"HiG_6"	"Tjp1"	0.00223334045826453	0.0262167302045801	"HiG"	0.0220534036948353	4.47330703749195e-05	39.215996956489	131	147	147	68	NA	NA	NA	NA
"HiG_6"	"Tmed3"	0.00113847557609101	0.0110226454818894	"HiG"	0.00715026384493405	1.45035777787709e-05	12.2756953966301	283	305	305	399	NA	NA	NA	NA
"HiG_6"	"Tmem176b"	0.000716415162751888	0.000216948764187744	"HiG"	0.00505865255256021	1.02609585244629e-05	29.4853132480432	372	353	353	142	NA	NA	NA	NA
"HiG_6"	"Tmem216"	0.00100569320693134	0.00180518283460702	"HiG"	0.00637694739641447	1.29349845769056e-05	9.31236810008296	304	320	320	434	NA	NA	NA	NA
"HiG_6"	"Tmem40"	0.000405523910559984	0.000100369191718525	"HiG"	0.0010860829398025	2.20300799148581e-06	40	451	443	443	63	NA	NA	NA	NA
"HiG_6"	"Tmem64"	0.00032017075773889	0	"HiG"	0	0	NA	479.5	479.5	479.5	NA	NA	NA	NA	NA
"HiG_6"	"Tmem71"	0.00032017075773889	0	"HiG"	0	0	NA	479.5	479.5	479.5	NA	NA	NA	NA	NA
"HiG_6"	"Tmtc2"	0.000416185121933322	0.00087939713416209	"HiG"	0.00132036222255374	2.67821951836459e-06	51	446	439	439	28	NA	NA	NA	NA
"HiG_6"	"Tmx4"	0.00159365034996831	0.000824039121583108	"HiG"	0.00769228471682639	1.56030115959967e-05	7.45353116366804	207	292	292	442	NA	NA	NA	NA
"HiG_6"	"Tnfrsf1b"	0.0036131721832314	0.0204716579963674	"HiG"	0.0440283744805281	8.93070476278461e-05	24.5290534831865	67	66	66	194	NA	NA	NA	NA
"HiG_6"	"Tob1"	0.000577600085562017	0.00545453324104553	"HiG"	0.00266813618787589	5.41204094903832e-06	41.3713084663931	409	408	408	52	NA	NA	NA	NA
"HiG_6"	"Tor3a"	0.0017107775849866	0.0045761174241929	"HiG"	0.0176118329333279	3.57237990534035e-05	19.1859787404038	198	185	185	300	NA	NA	NA	NA
"HiG_6"	"Tpd52"	0.000643354234671378	0.00171570141846057	"HiG"	0.00435493524539693	8.83354005151507e-06	24.8574782338401	393	374	374	190	NA	NA	NA	NA
"HiG_6"	"Trib1"	0.00198834155391041	0.0215183752119927	"HiG"	0.0233270065887656	4.731644338492e-05	37.2794264726594	164	139	139	81	NA	NA	NA	NA
"HiG_6"	"Trib3"	0.00227288619754053	0.016026110444113	"HiG"	0.0222975792412094	4.52283554588426e-05	24.2657416093175	127	145	145	199	NA	NA	NA	NA
"HiG_6"	"Trip6"	0.00318658523418306	0.0270244438593263	"HiG"	0.0336710646602479	6.82983055988801e-05	31.8037488114675	79	89	89	117	NA	NA	NA	NA
"HiG_6"	"Trpm2"	0.000431360628209886	0.00101472597704738	"HiG"	0.0015605560944117	3.16542818339087e-06	70	443	433	433	6	NA	NA	NA	NA
"HiG_6"	"Tsc22d1"	0.00100884413774899	0.00814318071912257	"HiG"	0.00576858499082557	1.17009837542101e-05	11.7613479143075	303	337	337	406	NA	NA	NA	NA
"HiG_6"	"Tspan13"	0.00032017075773889	0	"HiG"	0	0	NA	479.5	479.5	479.5	NA	NA	NA	NA	NA
"HiG_6"	"Tspan3"	0.00296933762738301	0.00221450559456548	"HiG"	0.0269697924018524	5.4705461261364e-05	14.389472142586	88	119	119	370	NA	NA	NA	NA
"HiG_6"	"Tubb3"	0.00350477218428913	0.0302691759279668	"HiG"	0.0346154749464546	7.02139451246544e-05	23.0837701873288	68	85	85	221	NA	NA	NA	NA
"HiG_6"	"Tyrobp"	0.00446567164864612	0.00476657690431655	"HiG"	0.0478795831226488	9.71188298633849e-05	21.1621795491747	51	60	60	250	NA	NA	NA	NA
"HiG_6"	"Unc13d"	0.00147244767068092	0.00219420575184716	"HiG"	0.0147717953205782	2.99630736725724e-05	24.9277077169332	223	205	205	188	NA	NA	NA	NA
"HiG_6"	"Vasp"	0.00255132784911222	0.00918195987245881	"HiG"	0.025103001120509	5.09188663702008e-05	23.4421393525967	112	135	135	215	NA	NA	NA	NA
"HiG_6"	"Vsir"	0.000978888896395016	0.000782993994672714	"HiG"	0.00863856685893104	1.75224479897181e-05	23.3909423291379	308	284	284	216	NA	NA	NA	NA
"HiG_6"	"Wdr12"	0.00287661889849051	0.134251877330845	"HiG"	0.0450814718178759	9.14431477036023e-05	25.8430502596612	95	65	65	172	NA	NA	NA	NA
"HiG_6"	"Wdr36"	0.00500263965814342	0.403806950432622	"HiG"	0.0860217756058782	0.000174486360255331	39.2121192658173	39	22	22	69	NA	NA	NA	NA
"HiG_6"	"Wipi1"	0.000659718572971287	0.000157571814212492	"HiG"	0.00290977650194932	5.90218357393371e-06	5.97870659455725	387	401	401	454	NA	NA	NA	NA
"HiG_6"	"Xpc"	0.00157486578475186	0.0592967196547324	"HiG"	0.0175709070924813	3.56407851774468e-05	28.8998152471024	209	186	186	147	NA	NA	NA	NA
"HiG_6"	"Ydjc"	0.00032017075773889	0	"HiG"	0	0	NA	479.5	479.5	479.5	NA	NA	NA	NA	NA
"HiG_6"	"Zc3h7b"	0.000900276384996307	0.0461053507218093	"HiG"	0.00995583798221308	2.0194397529844e-05	71.39415733281	323	261	261	5	NA	NA	NA	NA
"HiG_6"	"Zdhhc8"	0.000653938573137956	0.00117939653562644	"HiG"	0.00388406652586727	7.87843108695187e-06	33.929736548362	388	381	381	98	NA	NA	NA	NA
"HiG_6"	"Zmpste24"	0.000935749908640561	0.00125177289232133	"HiG"	0.00564611229801547	1.1452560442222e-05	13.8699566318103	314	342	342	379	NA	NA	NA	NA
"HiG_7"	"Aatk"	0.000773397790907629	1.20219169345061e-05	"HiG"	0.00217624049743897	6.41958848802055e-06	15.4971626339382	264	257	257	162	NA	NA	NA	NA
"HiG_7"	"Abcc5"	0.0012683515998807	3.0220235719114e-06	"HiG"	0.00124283019658594	3.66616577163995e-06	16.190803790479	221	277	277	147	NA	NA	NA	NA
"HiG_7"	"Abcd2"	0.000494315373210906	0	"HiG"	0	0	NA	319	319	319	NA	NA	NA	NA	NA
"HiG_7"	"Abhd5"	0.00189563065984982	8.90534238948108e-06	"HiG"	0.00908037642114001	2.67857711538053e-05	17.6248241839954	180	179	179	131	NA	NA	NA	NA
"HiG_7"	"Abtb1"	0.000494315373210906	0	"HiG"	0	0	NA	319	319	319	NA	NA	NA	NA	NA
"HiG_7"	"Acox3"	0.000494315373210906	0	"HiG"	0	0	NA	319	319	319	NA	NA	NA	NA	NA
"HiG_7"	"Acsl1"	0.00336589852073826	0.000315877280344943	"HiG"	0.0189934113062499	5.60277619653389e-05	11.9501065384388	92	110	110	216	NA	NA	NA	NA
"HiG_7"	"Actn1"	0.00587576324782781	0.00179291649570368	"HiG"	0.0424724989305118	0.000125287607464637	16.7489110241522	35	40	40	146	NA	NA	NA	NA
"HiG_7"	"Adam8"	0.000902619127653761	1.40561035709027e-06	"HiG"	0.00422525568519191	1.24638810772623e-05	9	252	226	226	243	NA	NA	NA	NA
"HiG_7"	"Adgre5"	0.00345416338973403	3.64780455336035e-05	"HiG"	0.0237958116291568	7.01941345992825e-05	11.6675204162842	89	86	86	222	NA	NA	NA	NA
"HiG_7"	"Adpgk"	0.00159611193685809	0.000320837057438627	"HiG"	0.00886031440607744	2.61366206668951e-05	9.25997912373442	201	181	181	241	NA	NA	NA	NA
"HiG_7"	"Agl"	0.00316521274244132	8.53999867170782e-05	"HiG"	0.0201917138726465	5.95625777954173e-05	10.0365284583006	103	105	105	235	NA	NA	NA	NA
"HiG_7"	"Agpat2"	0.00265148620140307	7.8286831770217e-06	"HiG"	0.0138872947796735	4.09654713264706e-05	8.05662066650721	132	143	143	247	NA	NA	NA	NA
"HiG_7"	"Agtrap"	0.00139460233915528	4.20220090759667e-08	"HiG"	0.00315921476847264	9.31921760611397e-06	5	212	242	242	279	NA	NA	NA	NA
"HiG_7"	"Alas1"	0.000974843632955816	3.83453768120251e-06	"HiG"	0.0037353427229888	1.10187100973121e-05	10	242	235	235	236.5	NA	NA	NA	NA
"HiG_7"	"Alcam"	0.00166984203643607	0.000820478984129307	"HiG"	0.0101381445671483	2.99060311715291e-05	18.2954893660635	199	171	171	128	NA	NA	NA	NA
"HiG_7"	"Aldh2"	0.00204628069575048	0.0185698230008475	"HiG"	0.0111627219783845	3.29283834170633e-05	41.3303858629243	172	166	166	18	NA	NA	NA	NA
"HiG_7"	"Aldh3b1"	0.000637351398568639	6.83110852154754e-05	"HiG"	0.000917976173167268	2.70789431612763e-06	4	284	282	282	284.5	NA	NA	NA	NA
"HiG_7"	"Ampd3"	0.00125388533382866	2.36977253904984e-05	"HiG"	0.00664192936010825	1.95927119767205e-05	37.1091547264906	222	201	201	23	NA	NA	NA	NA
"HiG_7"	"Ankrd22"	0.00181128347027798	0.000210375056906467	"HiG"	0.00921665583629635	2.71877753283078e-05	16.8383931962002	187	177	177	145	NA	NA	NA	NA
"HiG_7"	"Antxr2"	0.000494315373210906	0	"HiG"	0	0	NA	319	319	319	NA	NA	NA	NA	NA
"HiG_7"	"Anxa1"	0.00383855160258152	0.000347893163193777	"HiG"	0.02647268010931	7.80905017973748e-05	12.1665762620612	72	72	72	214	NA	NA	NA	NA
"HiG_7"	"Anxa3"	0.00433448470123421	2.96075917934357e-05	"HiG"	0.0321178776489525	9.47430019143141e-05	11.2227423031844	62	59	59	224	NA	NA	NA	NA
"HiG_7"	"Anxa4"	0.00375053518410184	4.46210339014707e-05	"HiG"	0.0241468194945424	7.12295560310985e-05	6.60864482186663	76	84	84	265	NA	NA	NA	NA
"HiG_7"	"Aoah"	0.00119865946014794	4.49336077961066e-05	"HiG"	0.00658193051290695	1.94157242268641e-05	21.5678930029039	227	202	202	93	NA	NA	NA	NA
"HiG_7"	"App"	0.0294516850478356	0.0254200171350401	"HiG"	0.202543117040335	0.000597472321652904	11.0441517410366	2	3	3	226	NA	NA	NA	NA
"HiG_7"	"Arfgef2"	0.00179662752564502	5.49016688706123e-06	"HiG"	0.0073653900284703	2.17268142432752e-05	9.85488591949997	188	193	193	238	NA	NA	NA	NA
"HiG_7"	"Arg2"	0.0024023134382111	1.43775091375172e-06	"HiG"	0.0122036451466627	3.59989532349934e-05	7.76135739494004	148	161	161	252	NA	NA	NA	NA
"HiG_7"	"Arhgef18"	0.00256128318576574	5.16228420227008e-07	"HiG"	0.0078896463515722	2.32732930724844e-05	7.78173227144382	137	191	191	251	NA	NA	NA	NA
"HiG_7"	"Arhgef3"	0.00223448818918012	6.44796922577178e-07	"HiG"	0.0069523356047354	2.05083646157386e-05	8.18944095191397	161	197	197	245	NA	NA	NA	NA
"HiG_7"	"Asprv1"	0.00143913638986859	0.000364547365556191	"HiG"	0.00845504735211827	2.49411426316173e-05	61.4494361057241	211	184	184	12	NA	NA	NA	NA
"HiG_7"	"Atrnl1"	0.000802222949311078	0.00453893946251777	"HiG"	0.00261486868731305	7.71347695372581e-06	12.8132174870366	260	248	248	201	NA	NA	NA	NA
"HiG_7"	"Bcl6"	0.00613964777165927	0.0348931138497251	"HiG"	0.0471610850162797	0.000139118244885781	18.8532303046297	33	36	36	122	NA	NA	NA	NA
"HiG_7"	"Bmpr1a"	0.00271305912037156	0.00078846337905954	"HiG"	0.01688746774124	4.98155390597051e-05	14.6309174003068	124	128	128	177	NA	NA	NA	NA
"HiG_7"	"Bri3"	0.000696377255147581	9.36509629548538e-08	"HiG"	0.00109290449208626	3.22390705630164e-06	24	274	280	280	68	NA	NA	NA	NA
"HiG_7"	"Bst1"	0.00111289000307916	1.97885516309098e-06	"HiG"	0.00349243494616752	1.0302167982795e-05	3.97420748488875	235	239	239	286	NA	NA	NA	NA
"HiG_7"	"Btg2"	0.00222706241695953	0.01145792673081	"HiG"	0.0135426952380163	3.9948953504473e-05	10.3349683065891	162	151	151	233	NA	NA	NA	NA
"HiG_7"	"C1rl"	0.00345896164977466	0.00089322502521811	"HiG"	0.0249840133768096	7.36991545038631e-05	22.1047143492233	87	80	80	89	NA	NA	NA	NA
"HiG_7"	"C3"	0.0084890537126471	0.000666996826064143	"HiG"	0.0686050796160619	0.000202374866124076	17.3921379533576	13	15	15	133	NA	NA	NA	NA
"HiG_7"	"C5ar1"	0.00534388950708512	0.000324380931845636	"HiG"	0.0419828111362004	0.000123843100696756	18.3789325821963	45	42	42	127	NA	NA	NA	NA
"HiG_7"	"C5ar2"	0.00174938653559586	1.09043068341886e-05	"HiG"	0.0104537798712802	3.08371087648384e-05	18.4990929900959	190	169	169	126	NA	NA	NA	NA
"HiG_7"	"Camp"	0.0057615683143895	0.000247781001939929	"HiG"	0.0508001454626908	0.000149852936468114	15.3830256115995	37	28	28	165	NA	NA	NA	NA
"HiG_7"	"Capg"	0.00287381832296878	0.0001064291692561	"HiG"	0.0235575881350452	6.94914104278621e-05	27.5341332580037	116	88	88	48	NA	NA	NA	NA
"HiG_7"	"Ccdc125"	0.00122029888838462	1.81038971791514e-05	"HiG"	0.00536443428853502	1.58242899366815e-05	7.63071078562812	225	217	217	254	NA	NA	NA	NA
"HiG_7"	"Ccl3"	0.0059194091169279	0.00024208277170938	"HiG"	0.0507795080505767	0.000149792059146244	36.2882922790805	34	29	29	25	NA	NA	NA	NA
"HiG_7"	"Ccno"	0.000879551569240141	6.66833758275498e-05	"HiG"	0.00189393194247138	5.58681988929612e-06	7.01733747122141	255	266	266	257	NA	NA	NA	NA
"HiG_7"	"Ccpg1"	0.00583495594018657	0.000221745913200959	"HiG"	0.0381511347005141	0.000112540220355499	6.85078992637384	36	46	46	264	NA	NA	NA	NA
"HiG_7"	"Ccr1"	0.0222767306668986	0.000673819435299783	"HiG"	0.182784271288552	0.000539186640969181	13.1074270173541	4	4	4	196	NA	NA	NA	NA
"HiG_7"	"Cd14"	0.0101676352992884	0.000270571926614032	"HiG"	0.0944804157356617	0.000278703291255639	20.7281457941309	12	11	11	103	NA	NA	NA	NA
"HiG_7"	"Cd177"	0.00434841354733104	0.000104834201670802	"HiG"	0.0354935544967282	0.000104700750727812	17.6671955474186	61	54	54	130	NA	NA	NA	NA
"HiG_7"	"Cd28"	0.00350729616201755	0.000748408215553917	"HiG"	0.0279179201811917	8.23537468471731e-05	21.435238397236	86	70	70	96	NA	NA	NA	NA
"HiG_7"	"Cd300lb"	0.00235740597516572	0.000452532457553106	"HiG"	0.0179153969314153	5.28477785587472e-05	33.5313069301571	151	118	118	31	NA	NA	NA	NA
"HiG_7"	"Cd300lf"	0.0057400248389706	0.000796894446109458	"HiG"	0.0492353743832387	0.000145237092575925	20.4956536828576	38	34	34	105	NA	NA	NA	NA
"HiG_7"	"Cd33"	0.00669014573810578	0.000441140889799131	"HiG"	0.0622983974157805	0.000183771083822361	25.2003322688448	26	20	20	56	NA	NA	NA	NA
"HiG_7"	"Cd38"	0.00137891841487875	0.000260754730492396	"HiG"	0.00504446233829832	1.48804198769862e-05	8.6298732122134	214	220	220	244	NA	NA	NA	NA
"HiG_7"	"Cd52"	0.00370715490848326	6.12887877598571e-05	"HiG"	0.0291529175334745	8.59968068834055e-05	25.1919604113467	79	66	66	57	NA	NA	NA	NA
"HiG_7"	"Cd55"	0.00302778251927936	6.28945216604058e-05	"HiG"	0.0205948265072211	6.07517006112716e-05	15.0385532821927	110	102	102	171	NA	NA	NA	NA
"HiG_7"	"Cd82"	0.00104602927621366	1.61971517833267e-05	"HiG"	0.00389533087995369	1.14906515632852e-05	29.3467154533562	238	234	234	38	NA	NA	NA	NA
"HiG_7"	"Cd84"	0.00314901229489516	7.17392944530157e-05	"HiG"	0.0259885923396135	7.6662514276146e-05	19.0314929605527	107	76	76	120	NA	NA	NA	NA
"HiG_7"	"Cd93"	0.00385267314698115	0.000153700919599508	"HiG"	0.0318598603946394	9.39818890697327e-05	24.1016513052457	71	61	61	67	NA	NA	NA	NA
"HiG_7"	"Cdk18"	0.00356346934064947	0.00117302090296468	"HiG"	0.0244093978921503	7.20041235756646e-05	19.137856580621	85	83	83	117	NA	NA	NA	NA
"HiG_7"	"Cdkn3"	0.0037223528125054	0.000146600195479847	"HiG"	0.016198625250817	4.77835553121445e-05	5.11040459116687	77	130	130	277	NA	NA	NA	NA
"HiG_7"	"Cebpd"	0.00215287584448415	0.0105652873250989	"HiG"	0.0161484802163859	4.76356348565956e-05	19.10522727802	167	131	131	118	NA	NA	NA	NA
"HiG_7"	"Cebpe"	0.00284677495319882	0.0416545744530584	"HiG"	0.0248303168218332	7.3245772335791e-05	22.6803992154261	119	82	82	82	NA	NA	NA	NA
"HiG_7"	"Cfp"	0.00110599889625283	1.91003487942942e-05	"HiG"	0.00570601882225515	1.68319139299562e-05	27.6149925152994	236	214	214	46	NA	NA	NA	NA
"HiG_7"	"Chdh"	0.000580519728908132	9.58968423840794e-06	"HiG"	0.000635689540929171	1.87519038622174e-06	17	287	285	285	142	NA	NA	NA	NA
"HiG_7"	"Cib2"	0.00113540631591627	0.000268485139742391	"HiG"	0.00500056561153778	1.47509310074861e-05	13.4279326163617	233	222	222	191	NA	NA	NA	NA
"HiG_7"	"Ckap4"	0.00663925135217523	0.0189558250931097	"HiG"	0.0496558003106087	0.000146477287051943	10.6355038741196	29	33	33	231	NA	NA	NA	NA
"HiG_7"	"Cldn1"	0.00111567578522122	6.69871868729272e-08	"HiG"	0.00217772058435577	6.42395452612321e-06	4.74836158073068	234	256	256	280	NA	NA	NA	NA
"HiG_7"	"Cldn15"	0.00116844325575688	3.22040500453155e-09	"HiG"	0.00199224342012739	5.87682424816338e-06	2.65795862063394	231	264	264	292	NA	NA	NA	NA
"HiG_7"	"Clec12a"	0.00138102867117125	0.000105494491785697	"HiG"	0.00633143058451265	1.86767863849931e-05	22.8767567937552	213	208	208	79	NA	NA	NA	NA
"HiG_7"	"Clec4e"	0.00535892432124286	0.000558850879999072	"HiG"	0.0380397407731421	0.000112211624699534	17.0861074444886	44	47	47	140	NA	NA	NA	NA
"HiG_7"	"Clec5a"	0.00240741626151963	1.99270239395288e-05	"HiG"	0.0137405083937788	4.05324731379907e-05	12.409656406563	147	147	147	210	NA	NA	NA	NA
"HiG_7"	"Cmpk2"	0.000494315373210906	0	"HiG"	0	0	NA	319	319	319	NA	NA	NA	NA	NA
"HiG_7"	"Cnn2"	0.00100312884950529	5.75530195171143e-06	"HiG"	0.00412829010027298	1.21778469034601e-05	14	240	230	230	183.5	NA	NA	NA	NA
"HiG_7"	"Col9a2"	0.000494315373210906	0	"HiG"	0	0	NA	319	319	319	NA	NA	NA	NA	NA
"HiG_7"	"Cpd"	0.0023407916917249	2.36252465092811e-05	"HiG"	0.0140305001603333	4.13879060776795e-05	12.6489053254679	154	142	142	207	NA	NA	NA	NA
"HiG_7"	"Cpne3"	0.00225816880332821	1.8393912031584e-05	"HiG"	0.0117617237366684	3.46953502556591e-05	13.5982907498281	158	162	162	189	NA	NA	NA	NA
"HiG_7"	"Crat"	0.000550834300625465	4.65811469771672e-05	"HiG"	0.000457280126726766	1.34890892839754e-06	81	290	289	289	5	NA	NA	NA	NA
"HiG_7"	"Crispld2"	0.000494315373210906	0	"HiG"	0	0	NA	319	319	319	NA	NA	NA	NA	NA
"HiG_7"	"Csf2rb"	0.00566748748778804	0.00042039939772786	"HiG"	0.0478123486050203	0.000141039376415989	23.5561250826706	39	35	35	69	NA	NA	NA	NA
"HiG_7"	"Ctsd"	0.00667007788316797	0.00194210100886307	"HiG"	0.0538633742681967	0.000158889009640698	39.3564701520854	28	24	24	19	NA	NA	NA	NA
"HiG_7"	"Ctsh"	0.00186385735227684	1.12326860040352e-05	"HiG"	0.00530808405409118	1.56580650563162e-05	9.37434163186496	182	218	218	240	NA	NA	NA	NA
"HiG_7"	"Cxcr2"	0.00446680592786171	0.000354462724650079	"HiG"	0.0350423348034853	0.000103369719184323	21.3393126569595	57	56	56	97	NA	NA	NA	NA
"HiG_7"	"Cxcr4"	0.00516478411769643	2.13834622703472e-05	"HiG"	0.0237448218954537	7.0043722405468e-05	9.5094568824013	50	87	87	239	NA	NA	NA	NA
"HiG_7"	"Cyba"	0.00269953237946361	6.41684665652458e-05	"HiG"	0.0227763072717868	6.71867471144152e-05	16.096886005867	128	92	92	150	NA	NA	NA	NA
"HiG_7"	"Cybb"	0.00649618664870525	0.000716320753915189	"HiG"	0.0589195867203378	0.000173804090620465	17.3174624478745	30	22	22	135	NA	NA	NA	NA
"HiG_7"	"Cyp11a1"	0.00116127687511972	2.57341159975274e-06	"HiG"	0.00211751221631937	6.24634872070611e-06	7	232	259	259	260	NA	NA	NA	NA
"HiG_7"	"Cystm1"	0.000638917566413235	1.39305822069605e-06	"HiG"	0.000749882756504947	2.21204352951312e-06	3	283	283	283	289.5	NA	NA	NA	NA
"HiG_7"	"Dach1"	0.000890578385950282	0.00593500284827247	"HiG"	0.00417144887200841	1.23051589144791e-05	30.1867216980905	254	228	228	36	NA	NA	NA	NA
"HiG_7"	"Ddhd1"	0.000494315373210906	0	"HiG"	0	0	NA	319	319	319	NA	NA	NA	NA	NA
"HiG_7"	"Desi1"	0.000494315373210906	0	"HiG"	0	0	NA	319	319	319	NA	NA	NA	NA	NA
"HiG_7"	"Dgat1"	0.00206508158317639	1.16756237494238e-06	"HiG"	0.00642952637163617	1.89661544886023e-05	12.811912623221	171	207	207	202	NA	NA	NA	NA
"HiG_7"	"Dgat2"	0.00165149401661645	1.06616438903866e-06	"HiG"	0.00399760595114836	1.17923479384908e-05	3.78210335465375	200	232	232	287	NA	NA	NA	NA
"HiG_7"	"Dhrs7"	0.00365511979918771	0.000383314042985323	"HiG"	0.0260604135552886	7.68743762692878e-05	14.4198506094319	81	75	75	178	NA	NA	NA	NA
"HiG_7"	"Dok3"	0.00217280441915101	2.87430060960877e-05	"HiG"	0.00580052400341053	1.71106902755473e-05	10.4084468560617	165	212	212	232	NA	NA	NA	NA
"HiG_7"	"Dram1"	0.000567156011690612	6.00329950008904e-05	"HiG"	0.00058933489927267	1.73845103030286e-06	81	289	286	286	5	NA	NA	NA	NA
"HiG_7"	"Dstn"	0.00254568332217449	0.022938939436529	"HiG"	0.0184758206071331	5.45009457437554e-05	21.543393525944	138	115	115	94	NA	NA	NA	NA
"HiG_7"	"Entpd5"	0.00173160923687081	0.000106037899901972	"HiG"	0.0073139797645261	2.15751615472746e-05	4.52998990965713	192	194	194	282	NA	NA	NA	NA
"HiG_7"	"Erg"	0.00272191814913768	0.0189042486477143	"HiG"	0.0206902993691284	6.10333314723552e-05	29.8085358115218	123	100	100	37	NA	NA	NA	NA
"HiG_7"	"Ets1"	0.00622039502275095	0.0490894482419144	"HiG"	0.0507651560801373	0.000149749722950257	22.1082965504065	32	30	30	88	NA	NA	NA	NA
"HiG_7"	"F10"	0.00270381440959142	0.000329545309494157	"HiG"	0.0186642635570365	5.50568246520252e-05	24.8287931359399	126	114	114	61	NA	NA	NA	NA
"HiG_7"	"F2rl2"	0.000675683234333113	1.87004254473126e-05	"HiG"	0.00191089950400065	5.63687169321727e-06	35	277	265	265	29	NA	NA	NA	NA
"HiG_7"	"F7"	0.00345708670399749	0.000706187680156165	"HiG"	0.0241406544621131	7.1211370094729e-05	25.180084203318	88	85	85	58	NA	NA	NA	NA
"HiG_7"	"Fah"	0.000494315373210906	0	"HiG"	0	0	NA	319	319	319	NA	NA	NA	NA	NA
"HiG_7"	"Fam167a"	0.0036108714302377	4.41090723458865e-06	"HiG"	0.0124266100628957	3.66566668521997e-05	3.63524248082709	83	159	159	288	NA	NA	NA	NA
"HiG_7"	"Fbxl5"	0.00171200712333613	3.28531315455813e-07	"HiG"	0.00652842376596329	1.92578872152309e-05	3	195	205	205	289.5	NA	NA	NA	NA
"HiG_7"	"Fcer1g"	0.011538874426089	0.000653733074898907	"HiG"	0.0991239533200667	0.000292401042242085	19.0760201580658	9	10	10	119	NA	NA	NA	NA
"HiG_7"	"Ffar2"	0.00275189996844979	3.31929345599117e-06	"HiG"	0.00820823453850098	2.42130812345162e-05	11.8858704748475	122	187	187	217	NA	NA	NA	NA
"HiG_7"	"Fgd4"	0.0037875222168524	6.9134895233495e-05	"HiG"	0.0168131251297398	4.95962393207664e-05	10.9005821648043	75	129	129	229	NA	NA	NA	NA
"HiG_7"	"Fgr"	0.00837910740960185	0.0140605357915922	"HiG"	0.072784381416327	0.000214703190018664	22.2562823859451	14	13	13	86	NA	NA	NA	NA
"HiG_7"	"Fmo5"	0.0013442487892778	4.23268879073382e-06	"HiG"	0.00577358239114555	1.70312164930547e-05	6.89577678876829	216	213	213	263	NA	NA	NA	NA
"HiG_7"	"Fos"	0.0257356296737977	0.996889724434625	"HiG"	0.299761753323164	0.000884252959655352	34.7767217039451	3	2	2	30	NA	NA	NA	NA
"HiG_7"	"Fpr2"	0.00479163839916588	0.000344098935129915	"HiG"	0.0348774339129446	0.000102883285878893	23.4585983057943	54	57	57	71	NA	NA	NA	NA
"HiG_7"	"Fth1"	0.00697750295787071	5.61402489415938e-05	"HiG"	0.052493128464996	0.000154846986622407	5.63284283855564	22	26	26	272	NA	NA	NA	NA
"HiG_7"	"G0s2"	0.000648109290860777	8.06548173822396e-05	"HiG"	0.00151685164464074	4.47448862725882e-06	13	282	273	273	198	NA	NA	NA	NA
"HiG_7"	"Gabbr1"	0.00295261413144598	0.000439045429732648	"HiG"	0.0187667141764149	5.53590388684805e-05	14.638570635626	112	112	112	176	NA	NA	NA	NA
"HiG_7"	"Gadd45a"	0.00320433799784867	0.00883647472683825	"HiG"	0.0133529037218344	3.93890965245852e-05	11.7733596089944	101	152	152	220	NA	NA	NA	NA
"HiG_7"	"Gadd45g"	0.00153589212112264	0.000276431764247821	"HiG"	0.00815049754266792	2.40427656125897e-05	25.6499160000189	204	188	188	54	NA	NA	NA	NA
"HiG_7"	"Gas7"	0.00128102411662143	0.000388020103657541	"HiG"	0.00561520285457752	1.65640202199927e-05	11.0214921389206	218	215	215	227	NA	NA	NA	NA
"HiG_7"	"Gbe1"	0.0017211252191072	0.000206551648681429	"HiG"	0.00989495128966466	2.91886468721671e-05	14.293074535006	193	173	173	179	NA	NA	NA	NA
"HiG_7"	"Gca"	0.00316179059981355	1.25578827518084e-05	"HiG"	0.014408640412295	4.25033640480678e-05	8.01711202275537	104	139	139	248	NA	NA	NA	NA
"HiG_7"	"Gda"	0.00200680697313148	1.14876787225434e-06	"HiG"	0.0100830604509965	2.9743541153382e-05	6.54802997221784	175	172	172	266	NA	NA	NA	NA
"HiG_7"	"Gfi1"	0.00379620138553236	0.018308170997865	"HiG"	0.0283103884980058	8.35114704955924e-05	13.8955521403245	74	68	68	186	NA	NA	NA	NA
"HiG_7"	"Glrx"	0.000922704322082703	8.88626931959733e-06	"HiG"	0.00412932381341274	1.21808962047573e-05	15	246	229	229	172	NA	NA	NA	NA
"HiG_7"	"Gmfg"	0.00210102804223307	3.99278989519814e-05	"HiG"	0.0156489262542686	4.61620243488749e-05	24.9438656160059	169	134	134	59	NA	NA	NA	NA
"HiG_7"	"Gns"	0.00192594581497639	1.2330921611086e-07	"HiG"	0.00871601701915544	2.57109646582756e-05	2.42775234226192	178	182	182	294	NA	NA	NA	NA
"HiG_7"	"Golim4"	0.000668410970255674	6.56610877459641e-07	"HiG"	0.00138449097369417	4.0840441701893e-06	13	278	275	275	198	NA	NA	NA	NA
"HiG_7"	"Gpcpd1"	0.000494315373210906	0	"HiG"	0	0	NA	319	319	319	NA	NA	NA	NA	NA
"HiG_7"	"Gpnmb"	0.00186251207505563	6.35377268450715e-05	"HiG"	0.0141174337505813	4.16443473468476e-05	37.4236252396735	183	140	140	22	NA	NA	NA	NA
"HiG_7"	"Gpr141"	0.00093623207715714	1.22311451554599e-05	"HiG"	0.0042256941195773	1.24651743940333e-05	26.0462977743358	245	225	225	52	NA	NA	NA	NA
"HiG_7"	"Gpsm3"	0.000494315373210906	0	"HiG"	0	0	NA	319	319	319	NA	NA	NA	NA	NA
"HiG_7"	"Gpx3"	0.00361192963477069	0.000398181824385481	"HiG"	0.0223514246212084	6.59334059622667e-05	12.0608894011109	82	94	94	215	NA	NA	NA	NA
"HiG_7"	"Grina"	0.000494315373210906	0	"HiG"	0	0	NA	319	319	319	NA	NA	NA	NA	NA
"HiG_7"	"Gsap"	0.000637186952381631	0.000117750324230274	"HiG"	0.00115593725531339	3.40984441095396e-06	81	285	279	279	5	NA	NA	NA	NA
"HiG_7"	"Gstm1"	0.00196880375256515	0.000442802824293487	"HiG"	0.0127316766210579	3.75565682037107e-05	21.6021894689538	176	157	157	92	NA	NA	NA	NA
"HiG_7"	"Hacd4"	0.000494315373210906	0	"HiG"	0	0	NA	319	319	319	NA	NA	NA	NA	NA
"HiG_7"	"Hcar2"	0.000907932728591143	3.69522244300579e-06	"HiG"	0.00340000764859377	1.00295210872973e-05	21.5264308246483	250	240	240	95	NA	NA	NA	NA
"HiG_7"	"Hck"	0.00720712854818921	0.00352997364506787	"HiG"	0.0639685333559672	0.000188697738513177	24.8600369592647	20	18	18	60	NA	NA	NA	NA
"HiG_7"	"Hcst"	0.00244109626539325	1.83475053311384e-05	"HiG"	0.0145260722865217	4.28497707567011e-05	12.2338384147492	145	138	138	213	NA	NA	NA	NA
"HiG_7"	"Hipk1"	0.00222321440966061	0.00050407991255049	"HiG"	0.0147997965011675	4.36572168176031e-05	12.383302618144	163	137	137	211	NA	NA	NA	NA
"HiG_7"	"Hlx"	0.00259726960631986	0.000716651762865264	"HiG"	0.013139885495094	3.87607241743186e-05	15.359327721297	133	156	156	166	NA	NA	NA	NA
"HiG_7"	"Hmox1"	0.00245110487938823	2.86160927194567e-05	"HiG"	0.0181239855174247	5.34630841221968e-05	28.2217182269378	144	116	116	41	NA	NA	NA	NA
"HiG_7"	"Hopx"	0.000668237067443895	2.97282650299148e-06	"HiG"	0.00103516452172206	3.05358265994707e-06	13	279	281	281	198	NA	NA	NA	NA
"HiG_7"	"Hp"	0.00561891441452162	0.00042706431640719	"HiG"	0.041131041427137	0.00012133050568477	20.7229255837868	41	43	43	104	NA	NA	NA	NA
"HiG_7"	"Hpse"	0.000899825164563252	4.74541597141684e-05	"HiG"	0.00351414651580848	1.03662139109395e-05	24.5890538361665	253	238	238	64	NA	NA	NA	NA
"HiG_7"	"Hsd11b1"	0.00316682745624951	6.31798523873765e-05	"HiG"	0.01867641204286	5.50926608933924e-05	5.42727379873247	102	113	113	275	NA	NA	NA	NA
"HiG_7"	"Hvcn1"	0.000494315373210906	0	"HiG"	0	0	NA	319	319	319	NA	NA	NA	NA	NA
"HiG_7"	"Id2"	0.00127655030177765	0.000364311646857195	"HiG"	0.00622977706231226	1.83769234876468e-05	15.5001815517207	219	209	209	160	NA	NA	NA	NA
"HiG_7"	"Ifnlr1"	0.000877238444809572	2.86228901358526e-06	"HiG"	0.00286581534981586	8.45373259532701e-06	6.09065238000301	256	246	246	269	NA	NA	NA	NA
"HiG_7"	"Igsf6"	0.0044365923746965	0.000100192934660894	"HiG"	0.0364669552131644	0.000107572139271871	19.2233243678935	59	53	53	116	NA	NA	NA	NA
"HiG_7"	"Il1r2"	0.00225412982350568	6.92958888270963e-05	"HiG"	0.013877868469585	4.09376651020208e-05	12.7923167264507	159	144	144	203	NA	NA	NA	NA
"HiG_7"	"Il1rn"	0.00247678909627602	1.61181810436409e-05	"HiG"	0.017758737823583	5.2385657296705e-05	21.0675919400984	140	120	120	99	NA	NA	NA	NA
"HiG_7"	"Iqsec1"	0.00333376064954165	0.000200677406466547	"HiG"	0.0152285954535808	4.49221104825391e-05	16.1189654529095	93	135	135	149	NA	NA	NA	NA
"HiG_7"	"Itgam"	0.0144633633463258	0.00244208978951809	"HiG"	0.129528620024277	0.000382090324555389	21.043499313855	5	5	5	100	NA	NA	NA	NA
"HiG_7"	"Itgb2"	0.0138983383070917	0.00147591966629947	"HiG"	0.124331633373964	0.00036675998045417	21.0280399412526	7	7	7	101	NA	NA	NA	NA
"HiG_7"	"Itgb3"	0.0052855575994939	0.000824708838760238	"HiG"	0.0374577671178657	0.000110494888253291	24.6012056681146	46	49	49	63	NA	NA	NA	NA
"HiG_7"	"Jdp2"	0.00118779641475034	0.0130543989498417	"HiG"	0.0070684678054462	2.08509374791923e-05	22.8692349219722	229	195	195	80	NA	NA	NA	NA
"HiG_7"	"Jun"	0.0329491362555222	1	"HiG"	0.365175544297751	0.00107721399497862	19.9580363418202	1	1	1	111	NA	NA	NA	NA
"HiG_7"	"Kbtbd7"	0.00250429400869948	0.0105820512391547	"HiG"	0.014052589884647	4.14530675063332e-05	13.2034461708397	139	141	141	195	NA	NA	NA	NA
"HiG_7"	"Kcnn3"	0.00184127179325178	0.00080141674336826	"HiG"	0.0116779245958651	3.44481551500446e-05	66.933541594147	186	163	163	10	NA	NA	NA	NA
"HiG_7"	"Kdm7a"	0.000753441497821496	0.000327434430748841	"HiG"	0.00234170727841477	6.90769108676922e-06	17	266	254	254	142	NA	NA	NA	NA
"HiG_7"	"Kit"	0.00300873426124037	0.000388150128742638	"HiG"	0.0202170615587563	5.96373497308444e-05	22.5639467253284	111	104	104	85	NA	NA	NA	NA
"HiG_7"	"Klf2"	0.00125075969050637	4.96940783332706e-05	"HiG"	0.00648242008546416	1.91221831429621e-05	29.1689463951768	223	206	206	39	NA	NA	NA	NA
"HiG_7"	"Klhdc4"	0.000494315373210906	0	"HiG"	0	0	NA	319	319	319	NA	NA	NA	NA	NA
"HiG_7"	"Lbp"	0.00271244892916217	1.57148261683587e-05	"HiG"	0.0193807649385887	5.71703980489342e-05	17.1912766349547	125	107	107	138	NA	NA	NA	NA
"HiG_7"	"Lcn2"	0.00441645432019945	6.77584172551378e-05	"HiG"	0.0369790061966312	0.000109082614149355	15.4606436516181	60	50	50	163	NA	NA	NA	NA
"HiG_7"	"Lgals3"	0.0076294354797218	0.0242076920606131	"HiG"	0.0578596302937659	0.000170677375497835	20.2082086051986	18	23	23	107	NA	NA	NA	NA
"HiG_7"	"Lin28a"	0.00090603406883695	6.48839607272108e-05	"HiG"	0.00209901927143515	6.19179726087064e-06	7	251	260	260	260	NA	NA	NA	NA
"HiG_7"	"Lipg"	0.00278922378841884	0.000112027230928999	"HiG"	0.0111249370997395	3.28169235980515e-05	11.6717515902714	121	168	168	221	NA	NA	NA	NA
"HiG_7"	"Lrg1"	0.000737522977411931	6.33929754339299e-06	"HiG"	0.00234771617130089	6.92541643451589e-06	48	268	253	253	13.5	NA	NA	NA	NA
"HiG_7"	"Lrp12"	0.00245694245398107	0.000789087719564923	"HiG"	0.0137307746689649	4.05037600854422e-05	27.5430231821047	143	148	148	47	NA	NA	NA	NA
"HiG_7"	"Lrrk2"	0.00670857196153139	0.00165286320299148	"HiG"	0.0521308836146006	0.000153778417742185	12.470474701256	25	27	27	208	NA	NA	NA	NA
"HiG_7"	"Lsp1"	0.00239383205330521	6.20699591395619e-05	"HiG"	0.0189021610991881	5.57585873132391e-05	27.9226083915804	150	111	111	44	NA	NA	NA	NA
"HiG_7"	"Lst1"	0.00233335727572292	4.95389923025101e-05	"HiG"	0.0174698863531432	5.15335880623693e-05	24.4782180948071	155	124	124	66	NA	NA	NA	NA
"HiG_7"	"Ltb"	0.00127317922254696	1.71721881125473e-05	"HiG"	0.00693485803616479	2.04568083662678e-05	18.943776443643	220	198	198	121	NA	NA	NA	NA
"HiG_7"	"Ltf"	0.00546300947805077	0.000537017599708566	"HiG"	0.0447601529205554	0.000132035849323172	13.2094903869485	42	37	37	194	NA	NA	NA	NA
"HiG_7"	"Lyve1"	0.000550448059450355	5.80027094844274e-06	"HiG"	0.000539145917569339	1.59040093678271e-06	36	291	288	288	26	NA	NA	NA	NA
"HiG_7"	"Lztfl1"	0.00329543582138925	0	"HiG"	0.0020961011828515	6.18318932994543e-06	1	98	261.5	261.5	296.5	NA	NA	NA	NA
"HiG_7"	"Mak"	0.00285714181462151	0.000626366804982991	"HiG"	0.0192650716520318	5.6829119917498e-05	32.4657851348874	118	108	108	33	NA	NA	NA	NA
"HiG_7"	"Man1c1"	0.000494315373210906	0	"HiG"	0	0	NA	319	319	319	NA	NA	NA	NA	NA
"HiG_7"	"Map1lc3a"	0.00693382432211762	0.00376449937770794	"HiG"	0.043461790646995	0.00012820587211503	14.7503535194057	23	38	38	175	NA	NA	NA	NA
"HiG_7"	"Map3k8"	0.00358449374787354	0.00108592401756665	"HiG"	0.0255986678544024	7.55122945557592e-05	15.3486188315932	84	77	77	167	NA	NA	NA	NA
"HiG_7"	"Map3k9"	0.00196236545015135	6.44662988411497e-05	"HiG"	0.0123178366217575	3.63358012441224e-05	16.9716277227255	177	160	160	144	NA	NA	NA	NA
"HiG_7"	"Mapk13"	0.00153838903472957	0.00761439266046424	"HiG"	0.0081335612855139	2.39928061519584e-05	26.882055751301	203	189	189	50	NA	NA	NA	NA
"HiG_7"	"Mapk3"	0.00381235315534509	0.00544412838703804	"HiG"	0.0230041460082325	6.78588377823967e-05	12.6677437349939	73	91	91	206	NA	NA	NA	NA
"HiG_7"	"Marcksl1"	0.00190217919228085	0.00012825265518779	"HiG"	0.00956603350503114	2.82183879204458e-05	12.7817328590784	179	174	174	204	NA	NA	NA	NA
"HiG_7"	"Mcemp1"	0.000494315373210906	0	"HiG"	0	0	NA	319	319	319	NA	NA	NA	NA	NA
"HiG_7"	"Megf9"	0.000494315373210906	0	"HiG"	0	0	NA	319	319	319	NA	NA	NA	NA	NA
"HiG_7"	"Mgam"	0.00121223005189696	3.82609469923109e-06	"HiG"	0.00537118340919901	1.58441988471947e-05	8.16486892594834	226	216	216	246	NA	NA	NA	NA
"HiG_7"	"Mgll"	0.000653653291673289	3.68492464000169e-06	"HiG"	0.0015088785646346	4.45096921721121e-06	36.5729508132848	281	274	274	24	NA	NA	NA	NA
"HiG_7"	"Mgst1"	0.00218312020849447	0.000554402861169482	"HiG"	0.013724671552339	4.04857567915605e-05	6.12485230231014	164	149	149	268	NA	NA	NA	NA
"HiG_7"	"Mgst2"	0.00329510555386328	0.0251448473540934	"HiG"	0.0248754514580004	7.33789128554584e-05	15.7879879450967	99	81	81	156	NA	NA	NA	NA
"HiG_7"	"Mmp8"	0.00332264383518654	2.96554870740206e-05	"HiG"	0.0289548769275836	8.54126163055564e-05	13.4478114041242	94	67	67	190	NA	NA	NA	NA
"HiG_7"	"Mogat2"	0.00147331445512874	1.39450656642984e-08	"HiG"	0.0031214367759645	9.20777810019027e-06	2.4800822797577	209	244	244	293	NA	NA	NA	NA
"HiG_7"	"Mpeg1"	0.000494315373210906	0	"HiG"	0	0	NA	319	319	319	NA	NA	NA	NA	NA
"HiG_7"	"Mpp1"	0.00323495881286595	0.0145433957196335	"HiG"	0.0261370034331634	7.71003051125764e-05	26.4175752023394	100	74	74	51	NA	NA	NA	NA
"HiG_7"	"Ms4a3"	0.00396780407455931	1.11703473379156e-05	"HiG"	0.0179172359201907	5.28532033043973e-05	7.96822464036208	68	117	117	249	NA	NA	NA	NA
"HiG_7"	"Msra"	0.00118677545312348	8.04405789401589e-06	"HiG"	0.00504129073064875	1.48710641022087e-05	7	230	221	221	260	NA	NA	NA	NA
"HiG_7"	"Msrb1"	0.00078741066924505	0.000241560052312067	"HiG"	0.00237135876854923	6.99515860928976e-06	81	261	252	252	5	NA	NA	NA	NA
"HiG_7"	"Mtus1"	0.0012449454972859	5.52904377190093e-08	"HiG"	0.00305037939580335	8.99816930915443e-06	2.98152544458774	224	245	245	291	NA	NA	NA	NA
"HiG_7"	"Mxd1"	0.00332113896297933	0.00161276404385237	"HiG"	0.023204527822161	6.8449934578646e-05	25.4615195051136	95	90	90	55	NA	NA	NA	NA
"HiG_7"	"Mxi1"	0.00170908892815191	0.000338660886717074	"HiG"	0.00887395972406892	2.61768723423862e-05	33.199670449788	196	180	180	32	NA	NA	NA	NA
"HiG_7"	"Myadm"	0.00206929658540114	0.000463579143441098	"HiG"	0.00912137170365185	2.69067011907134e-05	14.0928486878946	170	178	178	181	NA	NA	NA	NA
"HiG_7"	"Myo1f"	0.00445314670362796	0.000166554789875689	"HiG"	0.037990364491796	0.000112065971952201	31.758677428335	58	48	48	35	NA	NA	NA	NA
"HiG_7"	"N4bp3"	0.000494315373210906	0	"HiG"	0	0	NA	319	319	319	NA	NA	NA	NA	NA
"HiG_7"	"Nabp1"	0.000494315373210906	0	"HiG"	0	0	NA	319	319	319	NA	NA	NA	NA	NA
"HiG_7"	"Nceh1"	0.00246726883641511	6.71657994894994e-06	"HiG"	0.0133010591589468	3.92361627107574e-05	4.71353764158371	141	154	154	281	NA	NA	NA	NA
"HiG_7"	"Ncf1"	0.00779328697354511	8.30156441586641e-05	"HiG"	0.0685502772702476	0.000202213207286866	18.0207404374889	17	16	16	129	NA	NA	NA	NA
"HiG_7"	"Ncf4"	0.00564870774915551	0.000196612177084535	"HiG"	0.0504326784789999	0.000148768963064896	17.3618154779468	40	32	32	134	NA	NA	NA	NA
"HiG_7"	"Ndrg2"	0.000969907877649531	1.26627195253312e-05	"HiG"	0.00430142747450538	1.26885766209598e-05	35.6885767924824	243	224	224	27	NA	NA	NA	NA
"HiG_7"	"Ndst1"	0.0021550990683231	4.40510572325386e-05	"HiG"	0.0176505267843229	5.2066450691218e-05	15.1387156547371	166	122	122	169	NA	NA	NA	NA
"HiG_7"	"Nedd9"	0.00457823188239571	0.0319146422790723	"HiG"	0.0365410322940618	0.000107790655734696	28.642024461553	55	52	52	40	NA	NA	NA	NA
"HiG_7"	"Neil3"	0.00186221322171979	9.60811129616438e-05	"HiG"	0.00765079411516675	2.25687142040317e-05	5.61853598497914	184	192	192	273	NA	NA	NA	NA
"HiG_7"	"Neu1"	0.000494315373210906	0	"HiG"	0	0	NA	319	319	319	NA	NA	NA	NA	NA
"HiG_7"	"Nrp1"	0.00492888069354571	0.000465103044192064	"HiG"	0.0311425939614159	9.18660588832327e-05	15.3976500315711	53	63	63	164	NA	NA	NA	NA
"HiG_7"	"Nt5e"	0.00256420069588902	1.7209775210713e-06	"HiG"	0.0114074852405849	3.36503989397785e-05	7.74707465317539	136	164	164	253	NA	NA	NA	NA
"HiG_7"	"Numb"	0.0045085964514138	0.00812968000254108	"HiG"	0.0302997117576627	8.93796807010699e-05	42.972361916902	56	64	64	17	NA	NA	NA	NA
"HiG_7"	"Olfml2b"	0.000494315373210906	0	"HiG"	0	0	NA	319	319	319	NA	NA	NA	NA	NA
"HiG_7"	"Padi4"	0.00235260948124786	0.00101492582907839	"HiG"	0.0160003336741144	4.71986244074172e-05	21.1183114914763	152	133	133	98	NA	NA	NA	NA
"HiG_7"	"Pag1"	0.00506037752738974	0.000397957807093846	"HiG"	0.042401412682854	0.000125077913518744	28.1856315722538	52	41	41	42	NA	NA	NA	NA
"HiG_7"	"Paqr7"	0.000494315373210906	0	"HiG"	0	0	NA	319	319	319	NA	NA	NA	NA	NA
"HiG_7"	"Pbx1"	0.00184391442324294	0.000303271303604389	"HiG"	0.0049760512563367	1.46786172753295e-05	7.94593380801772	185	223	223	250	NA	NA	NA	NA
"HiG_7"	"Pcmtd2"	0.00051007602695481	0.000823502581130235	"HiG"	0.000205500533228409	6.06196263210645e-07	39	297	295	295	21	NA	NA	NA	NA
"HiG_7"	"Pde2a"	0.000710456956927392	3.01745914214308e-09	"HiG"	0.000249167582837547	7.35007618989814e-07	2	272	294	294	295	NA	NA	NA	NA
"HiG_7"	"Peli2"	0.00329543582139177	0	"HiG"	0.0020961011828515	6.18318932994543e-06	1	97	261.5	261.5	296.5	NA	NA	NA	NA
"HiG_7"	"Penk"	0.000494315373210906	0	"HiG"	0	0	NA	319	319	319	NA	NA	NA	NA	NA
"HiG_7"	"Per2"	0.00135728411889673	0.00752535524125163	"HiG"	0.00826081829788544	2.43681955689836e-05	23.478141118469	215	185	185	70	NA	NA	NA	NA
"HiG_7"	"Pfkfb4"	0.000519012591017296	4.28743506215971e-06	"HiG"	0.000121078352785837	3.57163282554091e-07	7	295	297	297	260	NA	NA	NA	NA
"HiG_7"	"Pglyrp1"	0.00365962942316089	4.82450018278762e-05	"HiG"	0.0315445729768261	9.30518376897524e-05	13.3807157364719	80	62	62	192	NA	NA	NA	NA
"HiG_7"	"Phlda1"	0.000577156181922576	6.82748251395815e-05	"HiG"	0.000670243708412311	1.97712008381213e-06	81	288	284	284	5	NA	NA	NA	NA
"HiG_7"	"Pi16"	0.00069202043757778	2.28688493476434e-08	"HiG"	0.000577891511542847	1.70469472431518e-06	4	275	287	287	284.5	NA	NA	NA	NA
"HiG_7"	"Pik3cb"	0.00387032735542197	0.000256171341824823	"HiG"	0.0255727920367405	7.54359647101488e-05	19.9847737843717	70	78	78	110	NA	NA	NA	NA
"HiG_7"	"Pknox2"	0.00119120325462385	0.010134770520745	"HiG"	0.00594178775979223	1.7527397521511e-05	14.8763233205827	228	210	210	173	NA	NA	NA	NA
"HiG_7"	"Plac8"	0.000663449323157525	2.6231873405766e-06	"HiG"	0.00121593789339653	3.58683744364759e-06	17	280	278	278	142	NA	NA	NA	NA
"HiG_7"	"Plaur"	0.00786645349168294	0.000722061249533744	"HiG"	0.072059745785206	0.000212565621785268	22.1238053922491	16	14	14	87	NA	NA	NA	NA
"HiG_7"	"Plbd1"	0.00187146157087402	7.05617441719666e-05	"HiG"	0.0131930750736062	3.8917625585859e-05	28.1208939223867	181	155	155	43	NA	NA	NA	NA
"HiG_7"	"Plcb2"	0.000730938453232886	3.66464186264926e-05	"HiG"	0.00167977521245494	4.95508912228596e-06	23	269	271	271	78	NA	NA	NA	NA
"HiG_7"	"Plekhg1"	0.00316125459971169	2.26978371856494e-07	"HiG"	0.00949598340941899	2.80117504702625e-05	5.35705314525491	105	175	175	276	NA	NA	NA	NA
"HiG_7"	"Plin2"	0.00241920806103983	5.8372257362128e-06	"HiG"	0.0113894363386775	3.35971573412316e-05	4.25654876701913	146	165	165	283	NA	NA	NA	NA
"HiG_7"	"Plpp6"	0.0017614191227319	5.78257043643357e-07	"HiG"	0.00520037252584039	1.53403319346324e-05	5.5908701682265	189	219	219	274	NA	NA	NA	NA
"HiG_7"	"Plxnc1"	0.000494315373210906	0	"HiG"	0	0	NA	319	319	319	NA	NA	NA	NA	NA
"HiG_7"	"Pml"	0.0122930882206154	0.0486593463030264	"HiG"	0.100775154733446	0.000297271842871522	15.8947364836087	8	9	9	154	NA	NA	NA	NA
"HiG_7"	"Pnkp"	0.000875259253528724	0.000148410282955427	"HiG"	0.00251260407389706	7.41181142742495e-06	43.5054365895846	257	250	250	16	NA	NA	NA	NA
"HiG_7"	"Pnpla7"	0.000529171335494289	1.34906779584008e-05	"HiG"	0.000257285652227934	7.58954726336087e-07	10	294	293	293	236.5	NA	NA	NA	NA
"HiG_7"	"Pnpla8"	0.000705230432807932	1.50177435004347e-06	"HiG"	0.00128793370378796	3.79921446545121e-06	16	273	276	276	152	NA	NA	NA	NA
"HiG_7"	"Pparg"	0.00286118028720855	0.0172157595056732	"HiG"	0.0226559748146089	6.68317841138905e-05	26.8904590774025	117	93	93	49	NA	NA	NA	NA
"HiG_7"	"Ppbp"	0.0024616543367116	0.0171335115618376	"HiG"	0.0191290954768348	5.64280102561498e-05	22.0017314299213	142	109	109	90	NA	NA	NA	NA
"HiG_7"	"Ppp1r3d"	0.000494315373210906	0	"HiG"	0	0	NA	319	319	319	NA	NA	NA	NA	NA
"HiG_7"	"Ppp1r42"	0.000494315373210906	0	"HiG"	0	0	NA	319	319	319	NA	NA	NA	NA	NA
"HiG_7"	"Prdx5"	0.00258811250536395	0.00088591814288603	"HiG"	0.0176723466990984	5.21308162215291e-05	15.7266792984247	134	121	121	157	NA	NA	NA	NA
"HiG_7"	"Prkcb"	0.00640021486352876	0.000323492842363242	"HiG"	0.053348177662124	0.000157369255640484	15.6825218773972	31	25	25	158	NA	NA	NA	NA
"HiG_7"	"Prom1"	0.000494315373210906	0	"HiG"	0	0	NA	319	319	319	NA	NA	NA	NA	NA
"HiG_7"	"Prtn3"	0.00523363932644543	0.000118349365173674	"HiG"	0.035377330331819	0.000104357906583537	20.1897660449359	48	55	55	108	NA	NA	NA	NA
"HiG_7"	"Psap"	0.00668279306441196	0.00142735033779348	"HiG"	0.0505716989060813	0.000149179052820299	12.7647886135973	27	31	31	205	NA	NA	NA	NA
"HiG_7"	"Ptafr"	0.00427282702959091	0.000229461663083268	"HiG"	0.036667689883399	0.00010816427694218	24.5813532603026	65	51	51	65	NA	NA	NA	NA
"HiG_7"	"Ptgr1"	0.00144930994110706	3.91667670128402e-05	"HiG"	0.0082190640247622	2.42450266217174e-05	11.8009014401719	210	186	186	219	NA	NA	NA	NA
"HiG_7"	"Ptgs1"	0.000494315373210906	0	"HiG"	0	0	NA	319	319	319	NA	NA	NA	NA	NA
"HiG_7"	"Pygl"	0.0033197774757104	5.64088356123424e-05	"HiG"	0.0223191315493635	6.5838146163314e-05	13.8841963719208	96	95	95	187	NA	NA	NA	NA
"HiG_7"	"Rab3d"	0.00430824997381382	2.52997980357204e-05	"HiG"	0.0204127195932518	6.02145120744889e-05	11.8298587833045	63	103	103	218	NA	NA	NA	NA
"HiG_7"	"Rap1gap2"	0.000494315373210906	0	"HiG"	0	0	NA	319	319	319	NA	NA	NA	NA	NA
"HiG_7"	"Rara"	0.00729235597992233	0.0341092815266283	"HiG"	0.0630985692494539	0.000186131472712253	23.2227096962074	19	19	19	75	NA	NA	NA	NA
"HiG_7"	"Rasgrp2"	0.000916178725832495	1.91816819736823e-05	"HiG"	0.00313901188352621	9.25962207529856e-06	12.4533792916289	249	243	243	209	NA	NA	NA	NA
"HiG_7"	"Rasgrp4"	0.000583701816164204	3.23357933417779e-08	"HiG"	0.000280736784958974	8.28132109023522e-07	7	286	292	292	260	NA	NA	NA	NA
"HiG_7"	"Rassf3"	0.000727562672810806	0.000192235189903686	"HiG"	0.00188714399934353	5.56679645824051e-06	81	270	267	267	5	NA	NA	NA	NA
"HiG_7"	"Rassf5"	0.00402989359865333	0.00019394584327032	"HiG"	0.0264589448087842	7.80499846866789e-05	20.8438662834138	67	73	73	102	NA	NA	NA	NA
"HiG_7"	"Rdh12"	0.000807335771573867	2.70968940128762e-05	"HiG"	0.00251495030315706	7.41873245769044e-06	27.7906990380629	259	249	249	45	NA	NA	NA	NA
"HiG_7"	"Rhou"	0.00802581582195132	0.00075893827002195	"HiG"	0.0398401250494611	0.000117522492771272	11.2292676502577	15	44	44	223	NA	NA	NA	NA
"HiG_7"	"Rnase4"	0.00100092113560124	0.000417528756416302	"HiG"	0.00409881711885928	1.20909059553371e-05	81	241	231	231	5	NA	NA	NA	NA
"HiG_7"	"Rnf144a"	0.00203478794087516	0.00102962866001331	"HiG"	0.0135545754193794	3.99839982872548e-05	14	173	150	150	183.5	NA	NA	NA	NA
"HiG_7"	"Rogdi"	0.000544272295034687	3.55707287784151e-07	"HiG"	0.000305057417318984	8.99874387371635e-07	16	292	291	291	152	NA	NA	NA	NA
"HiG_7"	"S100a6"	0.00234079269322218	0.0194358909964607	"HiG"	0.0179122717456922	5.2838559721806e-05	21.7950815186155	153	119	119	91	NA	NA	NA	NA
"HiG_7"	"S100a8"	0.00690240097719872	0.000261802094964805	"HiG"	0.0672134733151876	0.000198269832788164	23.2484920955562	24	17	17	74	NA	NA	NA	NA
"HiG_7"	"S100a9"	0.0113626137569495	0.000637961090400685	"HiG"	0.106938244834177	0.000315452049658339	13.9839977790608	11	8	8	185	NA	NA	NA	NA
"HiG_7"	"Sat1"	0.00306123601689555	0.000443369642232166	"HiG"	0.022294237641628	6.57647128071622e-05	23.4480900311829	109	96	96	72	NA	NA	NA	NA
"HiG_7"	"Satb1"	0.00224846630650207	0.00303719168691746	"HiG"	0.0138458192693168	4.08431246882502e-05	18.6417324501234	160	145	145	125	NA	NA	NA	NA
"HiG_7"	"Sell"	0.00338375929195695	0.000538351469883155	"HiG"	0.0206775456644652	6.09957099246762e-05	17.1524759136368	91	101	101	139	NA	NA	NA	NA
"HiG_7"	"Serpinb10"	0.000494315373210906	0	"HiG"	0	0	NA	319	319	319	NA	NA	NA	NA	NA
"HiG_7"	"Sgk1"	0.00293519525032615	0.000861482324305412	"HiG"	0.0199408753356258	5.88226411080407e-05	14.7834592766027	113	106	106	174	NA	NA	NA	NA
"HiG_7"	"Sgms2"	0.000494315373210906	0	"HiG"	0	0	NA	319	319	319	NA	NA	NA	NA	NA
"HiG_7"	"Sh2d3c"	0.00344582180234698	0.000669661658588111	"HiG"	0.0217313179342409	6.41041826968757e-05	14.1516797898997	90	99	99	180	NA	NA	NA	NA
"HiG_7"	"Sh3bp5"	0.00211576164237247	0.00625236157241878	"HiG"	0.0133151397783448	3.92776984611942e-05	17.1956763653399	168	153	153	136	NA	NA	NA	NA
"HiG_7"	"Shtn1"	0.00202599456208817	5.30835799149692e-05	"HiG"	0.00699499453942568	2.06342021811967e-05	5.09272821321646	174	196	196	278	NA	NA	NA	NA
"HiG_7"	"Sirpa"	0.00291270175913844	8.96081911570717e-05	"HiG"	0.0233509046407579	6.88817246040056e-05	18.8398406554088	115	89	89	123	NA	NA	NA	NA
"HiG_7"	"Slc27a4"	0.000494315373210906	0	"HiG"	0	0	NA	319	319	319	NA	NA	NA	NA	NA
"HiG_7"	"Slc28a2"	0.000494315373210906	0	"HiG"	0	0	NA	319	319	319	NA	NA	NA	NA	NA
"HiG_7"	"Slc31a2"	0.000494315373210906	0	"HiG"	0	0	NA	319	319	319	NA	NA	NA	NA	NA
"HiG_7"	"Slc39a2"	0.00171842589736745	1.26750403909282e-05	"HiG"	0.00933583180905447	2.75393268703672e-05	17.5875297670089	194	176	176	132	NA	NA	NA	NA
"HiG_7"	"Slc40a1"	0.000763946128095833	0.000222221305275941	"HiG"	0.00218151319218864	6.43514215984849e-06	81	265	255	255	5	NA	NA	NA	NA
"HiG_7"	"Slc6a4"	0.00524183039711549	0.000290977335327679	"HiG"	0.0272074480752678	8.02579589240939e-05	13.784209382793	47	71	71	188	NA	NA	NA	NA
"HiG_7"	"Slc7a11"	0.00284634829639627	4.24540353262645e-05	"HiG"	0.0175372353507662	5.17322576718767e-05	11.0852652901353	120	123	123	225	NA	NA	NA	NA
"HiG_7"	"Slpi"	0.00092038336004332	8.97003613734525e-06	"HiG"	0.00364864050080673	1.07629513298134e-05	10.8867832452751	247	236	236	230	NA	NA	NA	NA
"HiG_7"	"Smpdl3a"	0.000494315373210906	0	"HiG"	0	0	NA	319	319	319	NA	NA	NA	NA	NA
"HiG_7"	"Sorl1"	0.00315740734268477	0.009181251481684	"HiG"	0.0222228220762015	6.55540474224232e-05	65.307430074304	106	98	98	11	NA	NA	NA	NA
"HiG_7"	"Sort1"	0.00312439028767679	0.000343224915064283	"HiG"	0.0173881761456219	5.12925550018346e-05	22.6824563200817	108	125	125	81	NA	NA	NA	NA
"HiG_7"	"Sp140"	0.000683057420512034	0.000354944534375239	"HiG"	0.00182029682334456	5.36960714850901e-06	26	276	269	269	53	NA	NA	NA	NA
"HiG_7"	"Spata13"	0.00150769401179607	4.50862117875e-09	"HiG"	0.00360752948713362	1.0641679903049e-05	6.41298160578186	206	237	237	267	NA	NA	NA	NA
"HiG_7"	"Spint2"	0.0026774178509563	0.000139194247642678	"HiG"	0.0160847798544352	4.74477281841745e-05	12.3084149296601	130	132	132	212	NA	NA	NA	NA
"HiG_7"	"Srpk2"	0.00257482197063922	0.00771380960421807	"HiG"	0.0111578872787455	3.29141217662109e-05	23.1607059331955	135	167	167	76	NA	NA	NA	NA
"HiG_7"	"St3gal5"	0.000494315373210906	0	"HiG"	0	0	NA	319	319	319	NA	NA	NA	NA	NA
"HiG_7"	"Stk10"	0.000785561832681218	4.15179700811186e-05	"HiG"	0.00245049378049846	7.22859522270933e-06	20.3121938643398	262	251	251	106	NA	NA	NA	NA
"HiG_7"	"Stk17b"	0.00269356869316768	0.000239614579830589	"HiG"	0.0171029163661635	5.04510807261461e-05	15.6211905978468	129	127	127	159	NA	NA	NA	NA
"HiG_7"	"Stk26"	0.00408282873559908	0.000671135542797545	"HiG"	0.0292009653672472	8.61385409063338e-05	15.1129856487782	66	65	65	170	NA	NA	NA	NA
"HiG_7"	"Stom"	0.00150826091195704	1.48163856511695e-05	"HiG"	0.00657823440140468	1.94048212430817e-05	16.1633433604346	205	203	203	148	NA	NA	NA	NA
"HiG_7"	"Stx11"	0.00156392712267331	0.000206510844859234	"HiG"	0.00847070609373595	2.49873336098405e-05	31.9483458853827	202	183	183	34	NA	NA	NA	NA
"HiG_7"	"Sun2"	0.00508930573986995	0.0130847730841209	"HiG"	0.0319312528404317	9.41924862549606e-05	10.2316491946801	51	60	60	234	NA	NA	NA	NA
"HiG_7"	"Syne1"	0.00370817709118883	0.00147162498771253	"HiG"	0.0250025925650636	7.37539603689191e-05	11.0068254068342	78	79	79	228	NA	NA	NA	NA
"HiG_7"	"Syngr1"	0.00149757163395139	0.000150113811049009	"HiG"	0.00664444060729683	1.96001197855364e-05	23.2595076124813	207	200	200	73	NA	NA	NA	NA
"HiG_7"	"Tbc1d2"	0.00239655773915353	1.14783138589518e-05	"HiG"	0.00789995988964415	2.33037164886258e-05	7.52888831234377	149	190	190	255	NA	NA	NA	NA
"HiG_7"	"Tbc1d20"	0.000821275817737749	1.87902093783751e-05	"HiG"	0.0015422068795885	4.54928283064456e-06	13.2435078490795	258	272	272	193	NA	NA	NA	NA
"HiG_7"	"Tbc1d8"	0.00266703525027524	1.90093732815156e-05	"HiG"	0.0101733456761279	3.00098692511148e-05	12.915601344116	131	170	170	200	NA	NA	NA	NA
"HiG_7"	"Tcf7l2"	0.0054027051018858	0.0302552954290646	"HiG"	0.0392380229280403	0.000115746380318703	22.589577409335	43	45	45	84	NA	NA	NA	NA
"HiG_7"	"Tcn2"	0.000777143723544945	5.02113915588243e-05	"HiG"	0.00177783985289763	5.24436534778061e-06	35.5558710248807	263	270	270	28	NA	NA	NA	NA
"HiG_7"	"Tcp11l2"	0.000536229229749912	3.45441005541867e-05	"HiG"	0.000339114249093601	1.00033701797522e-06	81	293	290	290	5	NA	NA	NA	NA
"HiG_7"	"Tecpr1"	0.000515044641237526	5.71174456704095e-07	"HiG"	0.000172828800801943	5.09819471392162e-07	20	296	296	296	109	NA	NA	NA	NA
"HiG_7"	"Thbs1"	0.0114108013021268	0.00268466405816902	"HiG"	0.0931591599799701	0.000274805781651829	19.3786998070891	10	12	12	115	NA	NA	NA	NA
"HiG_7"	"Timp2"	0.00392369601519706	0.000153841959754771	"HiG"	0.0337353021217875	9.95141655509957e-05	18.6820134291428	69	58	58	124	NA	NA	NA	NA
"HiG_7"	"Tinagl1"	0.00109525395043336	9.0629985264562e-08	"HiG"	0.00201342881130147	5.93931802743798e-06	6	237	263	263	270.5	NA	NA	NA	NA
"HiG_7"	"Tmcc1"	0.000951131991293924	7.34047697577564e-05	"HiG"	0.00270912832286569	7.99152897600498e-06	39.1262594765051	244	247	247	20	NA	NA	NA	NA
"HiG_7"	"Tmcc3"	0.00101793973641114	3.72835225334356e-06	"HiG"	0.00319746473665075	9.43204937065119e-06	16	239	241	241	152	NA	NA	NA	NA
"HiG_7"	"Tmed3"	0.00228512651558697	1.22407598212093e-05	"HiG"	0.0137752896844232	4.06350728154076e-05	6	157	146	146	270.5	NA	NA	NA	NA
"HiG_7"	"Tmem154"	0.000494315373210906	0	"HiG"	0	0	NA	319	319	319	NA	NA	NA	NA	NA
"HiG_7"	"Tmem216"	0.00270062657659168	0.000460149572326248	"HiG"	0.0173363868343021	5.11397841719825e-05	15.8480652581425	127	126	126	155	NA	NA	NA	NA
"HiG_7"	"Tmem40"	0.000717508991461903	5.81762548308088e-06	"HiG"	0.00215451843547585	6.3555116090733e-06	48	271	258	258	13.5	NA	NA	NA	NA
"HiG_7"	"Tmem71"	0.000494315373210906	0	"HiG"	0	0	NA	319	319	319	NA	NA	NA	NA	NA
"HiG_7"	"Tmem86a"	0.00168230795195876	9.87520196813142e-06	"HiG"	0.00417977538965875	1.23297209134476e-05	19.8714396691775	198	227	227	112	NA	NA	NA	NA
"HiG_7"	"Tmx4"	0.0042907269115539	0.000263113396399219	"HiG"	0.0279482551756521	8.24432306066434e-05	15.1593218261252	64	69	69	168	NA	NA	NA	NA
"HiG_7"	"Tnfaip2"	0.00173535717089435	0.0229397694183255	"HiG"	0.0126004988378948	3.7169613091135e-05	23.1220419125122	191	158	158	77	NA	NA	NA	NA
"HiG_7"	"Tnfrsf1b"	0.00710677488292678	0.00167446173950052	"HiG"	0.0614268667538606	0.000181200196914043	24.7971271515795	21	21	21	62	NA	NA	NA	NA
"HiG_7"	"Tob1"	0.00231049410249427	0.0177683839866458	"HiG"	0.0151736950718197	4.47601624537455e-05	14.0116681584239	156	136	136	182	NA	NA	NA	NA
"HiG_7"	"Tpd52"	0.00129483871291636	0.000574187022721791	"HiG"	0.00591882621968333	1.74596643648476e-05	15.5001169016061	217	211	211	161	NA	NA	NA	NA
"HiG_7"	"Trem1"	0.00516988857019957	0.0132689083327011	"HiG"	0.043341511713275	0.000127851067000811	22.5912624194249	49	39	39	83	NA	NA	NA	NA
"HiG_7"	"Trpm2"	0.000494315373210906	0	"HiG"	0	0	NA	319	319	319	NA	NA	NA	NA	NA
"HiG_7"	"Tusc1"	0.000494315373210906	0	"HiG"	0	0	NA	319	319	319	NA	NA	NA	NA	NA
"HiG_7"	"Tyrobp"	0.0143948783673045	0.00114367577848109	"HiG"	0.125954857706216	0.000371548252820697	17.1913559530126	6	6	6	137	NA	NA	NA	NA
"HiG_7"	"Upp1"	0.000916246260340032	1.04882255369713e-05	"HiG"	0.00394059350361744	1.16241696271901e-05	47.3421542862198	248	233	233	15	NA	NA	NA	NA
"HiG_7"	"Vsir"	0.00293427863539917	7.59078164616637e-05	"HiG"	0.0222377719676368	6.55981473971587e-05	19.5737883215233	114	97	97	114	NA	NA	NA	NA
"HiG_7"	"Wipi1"	0.000738761830361634	7.21033415303983e-06	"HiG"	0.00186907707094653	5.51350168420806e-06	9.15294726707388	267	268	268	242	NA	NA	NA	NA
"HiG_7"	"Ypel3"	0.00169494971879449	0.000183309825462468	"HiG"	0.00684847972071972	2.02020050758694e-05	19.8372358897909	197	199	199	113	NA	NA	NA	NA
"HiG_7"	"Zmpste24"	0.00148696059772551	3.83543357983151e-06	"HiG"	0.00657141397293762	1.93847019850667e-05	7.22853958043971	208	204	204	256	NA	NA	NA	NA
"HiG_8"	"Aatk"	0.000973693738271563	0.00329377873190494	"HiG"	0.0120137825689577	2.15687299263154e-05	18.2719214961861	325	320	320	423	NA	NA	NA	NA
"HiG_8"	"Abcc5"	0.000522974558579634	0.000386904110927793	"HiG"	0.00395180059505928	7.09479460513336e-06	23.0856997665995	448	452	452	353	NA	NA	NA	NA
"HiG_8"	"Abcd2"	0.000279111581462433	4.84860999604969e-07	"HiG"	5.86796478497382e-06	1.05349457539925e-08	7	535	535	535	516	NA	NA	NA	NA
"HiG_8"	"Abhd5"	0.000958342644718606	0.000262728909034497	"HiG"	0.0102980884822161	1.84884891960791e-05	22.7084126343232	332	337	337	361	NA	NA	NA	NA
"HiG_8"	"Abtb1"	0.000452391536187549	0.0058667719636728	"HiG"	0.0038545944778006	6.92027733895978e-06	54	467	453	453	31	NA	NA	NA	NA
"HiG_8"	"Acadm"	0.00145114166849243	0.00343789690939369	"HiG"	0.0170621737255708	3.06322688071289e-05	24.4196768018265	230	264	264	331	NA	NA	NA	NA
"HiG_8"	"Acox3"	0.000325301936115762	1.48513746118317e-05	"HiG"	0.000646324527363077	1.16036719454771e-06	10	520	519	519	498	NA	NA	NA	NA
"HiG_8"	"Acsl1"	0.00124234853744361	0.0126098941490932	"HiG"	0.0152751516519366	2.74239706497963e-05	43.1000989094059	268	286	286	80	NA	NA	NA	NA
"HiG_8"	"Acta2"	0.00111702190378612	0.00828113804429675	"HiG"	0.0159442996888785	2.86253136245574e-05	32.9218369791564	300	279	279	193	NA	NA	NA	NA
"HiG_8"	"Actn1"	0.00310496261330564	0.0288220342796737	"HiG"	0.0547168278795833	9.82348794965589e-05	37.3354288876628	87	86	86	128	NA	NA	NA	NA
"HiG_8"	"Acy1"	0.000327814924078355	0.000584327047864703	"HiG"	0.000962700149006987	1.72836651527287e-06	136	517	510	510	2.5	NA	NA	NA	NA
"HiG_8"	"Adgra3"	0.000384717779869256	8.91675981428524e-06	"HiG"	0.00162146381482327	2.91106609483531e-06	13	500	500	500	480	NA	NA	NA	NA
"HiG_8"	"Adgre1"	0.000911655294630356	0.000277802303973978	"HiG"	0.0114797653885952	2.06099917209967e-05	26.273561401119	339	326	326	304	NA	NA	NA	NA
"HiG_8"	"Adgre5"	0.00197146037282588	0.000970432846954384	"HiG"	0.0272167886466378	4.88631753081469e-05	13.44254442201	158	179	179	475	NA	NA	NA	NA
"HiG_8"	"Adgrg1"	0.000686162636205522	0.000448945757114309	"HiG"	0.00711088581692531	1.27664018257187e-05	19.7047772293262	400	387	387	399	NA	NA	NA	NA
"HiG_8"	"Adpgk"	0.00086200738926789	0.00283925642092063	"HiG"	0.00749586138672527	1.34575608379269e-05	19.1938203372623	347	377	377	411	NA	NA	NA	NA
"HiG_8"	"Afap1"	0.00135866828142731	0.019000966258589	"HiG"	0.0190436587453994	3.41896925411121e-05	44.342933118502	244	245	245	68	NA	NA	NA	NA
"HiG_8"	"Agpat2"	0.000843744886358027	0.000290002236921364	"HiG"	0.00639734530582482	1.14853596154844e-05	19.8835027992462	354	401	401	396	NA	NA	NA	NA
"HiG_8"	"Agps"	0.0011404948945856	0.0123625080547932	"HiG"	0.0106490141274568	1.91185172844825e-05	29.0216961015135	292	334	334	245	NA	NA	NA	NA
"HiG_8"	"Agtrap"	0.000783834946588911	0.000238379263869867	"HiG"	0.00652565587548023	1.17157197046324e-05	12.3681630491069	367	398	398	483	NA	NA	NA	NA
"HiG_8"	"Ak4"	0.000968315588562001	0.00254093674801757	"HiG"	0.0118134056465063	2.12089867980364e-05	37.4809255819221	327	322	322	123	NA	NA	NA	NA
"HiG_8"	"Alas1"	0.000544272941678857	0.0018021745621674	"HiG"	0.00501624198151005	9.00582043359075e-06	28.0432610744889	444	425	425	265	NA	NA	NA	NA
"HiG_8"	"Alcam"	0.00103070837520108	0.00132459538562644	"HiG"	0.0120631141045453	2.16572964174961e-05	29.6783629043892	314	319	319	234	NA	NA	NA	NA
"HiG_8"	"Aldh2"	0.0017583659168874	0.0067301387908897	"HiG"	0.0260720552951051	4.68079987344796e-05	26.7711608648387	180	187	187	287	NA	NA	NA	NA
"HiG_8"	"Aldh3b1"	0.000809804915723738	0.00140848446076797	"HiG"	0.00939256876824668	1.68627805534052e-05	8.51847607997465	359	350	350	506	NA	NA	NA	NA
"HiG_8"	"Aldoc"	0.000725326088966058	0.00252276448737547	"HiG"	0.00821178118180701	1.47428746531544e-05	28.0937012128398	381	371	371	264	NA	NA	NA	NA
"HiG_8"	"Antxr2"	0.000494628838258527	0.000129037792547502	"HiG"	0.00398378405188438	7.15221553300608e-06	19.393358736372	458	449	449	405	NA	NA	NA	NA
"HiG_8"	"Anxa1"	0.0021568859642591	0.0141272440028742	"HiG"	0.0372948693718602	6.6956677507828e-05	35.5843978563648	136	134	134	147	NA	NA	NA	NA
"HiG_8"	"Anxa3"	0.00112318282032564	0.0025064559914613	"HiG"	0.0164167667374454	2.94735489002611e-05	19.5768959455354	296	270	270	402	NA	NA	NA	NA
"HiG_8"	"Anxa6"	0.000758608836614138	0.000822123437586468	"HiG"	0.00803691663326633	1.44289347096343e-05	22.3178050224117	373	373	373	372	NA	NA	NA	NA
"HiG_8"	"Aoah"	0.000686401336520131	0.00044848638584328	"HiG"	0.0086212676296022	1.54780388323199e-05	36.4210709553255	399	366	366	137	NA	NA	NA	NA
"HiG_8"	"Apex1"	0.00874116438211778	0.227717992718182	"HiG"	0.164771391306143	0.000295819373978713	26.8315538266971	8	10	10	285	NA	NA	NA	NA
"HiG_8"	"App"	0.0179048394925048	0.090811695594661	"HiG"	0.297566593886787	0.000534230868737498	22.323190652272	2	3	3	371	NA	NA	NA	NA
"HiG_8"	"Arfgef2"	0.000844143525607001	0.00231379787878428	"HiG"	0.00902207275195819	1.61976171489375e-05	20.6841791070031	353	358	358	389	NA	NA	NA	NA
"HiG_8"	"Arhgef18"	0.00119045628119179	0.000508384244099609	"HiG"	0.00938952059323027	1.68573080668407e-05	9.81371831630137	278	351	351	503	NA	NA	NA	NA
"HiG_8"	"Arhgef3"	0.000977020931801566	0.00268630457157213	"HiG"	0.00978039973745306	1.75590659559301e-05	17.9095576132067	323	345	345	427	NA	NA	NA	NA
"HiG_8"	"Armcx2"	0.000380281889908701	0.00677225393437768	"HiG"	0.0029282255547577	5.2571374412167e-06	22.5599703559818	501	475	475	365	NA	NA	NA	NA
"HiG_8"	"Arsb"	0.000987215326051594	0.00993392547345284	"HiG"	0.0139009860954181	2.49568870653826e-05	41.7853557713437	321	305	305	89	NA	NA	NA	NA
"HiG_8"	"Atad3a"	0.00246421653331533	0.0313198660150663	"HiG"	0.0433550059675093	7.78366354892447e-05	37.6156298934773	117	111	111	121	NA	NA	NA	NA
"HiG_8"	"Atf5"	0.000509781283782999	0.000666619609187141	"HiG"	0.00455564954914749	8.17890403796677e-06	16.9441689207522	454	434	434	444	NA	NA	NA	NA
"HiG_8"	"Atrnl1"	0.000426473467003082	5.08569256242421e-05	"HiG"	0.00180658691966464	3.24342355415555e-06	8.20881079447195	482	497	497	508	NA	NA	NA	NA
"HiG_8"	"B3gnt5"	0.000407048997798143	2.8193702633466e-06	"HiG"	0.00108158087190517	1.94179689749582e-06	4.72804930330427	491	507	507	531	NA	NA	NA	NA
"HiG_8"	"B4galnt4"	0.000278577398088371	6.26752764962805e-18	"HiG"	0	0	NA	547	547	547	NA	NA	NA	NA	NA
"HiG_8"	"B4galt6"	0.000652403222082743	0.000215386752655761	"HiG"	0.00444161027670359	7.97416566733141e-06	14.1756868108224	416	439	439	470	NA	NA	NA	NA
"HiG_8"	"Bace1"	0.00108641529550343	0.00341301442253532	"HiG"	0.0145329758649235	2.60915186084802e-05	40.122825281224	303	294	294	103	NA	NA	NA	NA
"HiG_8"	"Bag2"	0.00330509293957623	0.101077602829615	"HiG"	0.0647535128566741	0.000116254062579307	48.2986755231337	76	66	66	53	NA	NA	NA	NA
"HiG_8"	"Bahcc1"	0.000500800087817387	0.00852460242753351	"HiG"	0.00466736776327403	8.37947533801442e-06	67.9093520268647	457	431	431	17	NA	NA	NA	NA
"HiG_8"	"Bcat1"	0.00115856863069752	0.0136694453824811	"HiG"	0.0170128508003433	3.05437177744044e-05	40.0186513077056	288	265	265	105	NA	NA	NA	NA
"HiG_8"	"Bcl11a"	0.000879128234407784	0.00211135512957503	"HiG"	0.0101744357585044	1.82664914874406e-05	42.5834112726221	345	340	340	82	NA	NA	NA	NA
"HiG_8"	"Bcl2"	0.00471917396812536	0.0392298601815795	"HiG"	0.0859539683168677	0.000154315921574269	33.5948820730899	40	41	41	183	NA	NA	NA	NA
"HiG_8"	"Bnip3"	0.0021596184304415	0.0117107369555097	"HiG"	0.0319876637040836	5.74284806177443e-05	27.4400303120792	134	147	147	276	NA	NA	NA	NA
"HiG_8"	"Bri3"	0.000390569522303511	1.13705078045987e-05	"HiG"	0.00156101227414244	2.8025355011534e-06	10.5731079804566	498	501	501	493	NA	NA	NA	NA
"HiG_8"	"Bst2"	0.0013837782293755	0.00137446249690311	"HiG"	0.0213683052642761	3.8363205142327e-05	22.1069644610315	241	228	228	376	NA	NA	NA	NA
"HiG_8"	"Btg2"	0.00113298270561049	0.0308618129270441	"HiG"	0.0163882028639303	2.94222672601979e-05	29.856457589469	294	273	273	231	NA	NA	NA	NA
"HiG_8"	"Bzw2"	0.0011580407149263	0.0129665478230859	"HiG"	0.0171625144101872	3.08124136628136e-05	30.1219265398741	289	263	263	227	NA	NA	NA	NA
"HiG_8"	"C1rl"	0.00156157652229926	0.00206425424926036	"HiG"	0.0250577584405451	4.49869989955927e-05	34.2411088977377	207	193	193	172	NA	NA	NA	NA
"HiG_8"	"C3"	0.0058060674879332	0.00697212138670022	"HiG"	0.107006918433509	0.000192112959485654	27.9295685302129	25	27	27	267	NA	NA	NA	NA
"HiG_8"	"Cacna1a"	0.000372772379533798	0.000222024361797656	"HiG"	0.00186330176179355	3.34524553284299e-06	35.4843508463604	505	496	496	152	NA	NA	NA	NA
"HiG_8"	"Cad"	0.00501253323013373	0.118398429751491	"HiG"	0.0989254594617861	0.000177604056484356	33.767119246212	33	31	31	180	NA	NA	NA	NA
"HiG_8"	"Casp6"	0.00196168561310375	0.00350008743602523	"HiG"	0.030672673347256	5.50676361710162e-05	23.9076370222805	159	155	155	337	NA	NA	NA	NA
"HiG_8"	"Ccdc125"	0.000332244561828977	3.23704893004941e-06	"HiG"	0.000369686442546895	6.63709950712558e-07	10	515	528	528	498	NA	NA	NA	NA
"HiG_8"	"Ccl3"	0.00366645314330649	0.0097247430489206	"HiG"	0.0594058689097582	0.000106653265547142	31.9553854558706	62	79	79	205	NA	NA	NA	NA
"HiG_8"	"Ccl4"	0.00240623416580163	0.00455916532681742	"HiG"	0.0410549584685353	7.37072862989862e-05	35.5452733537146	123	116	116	148	NA	NA	NA	NA
"HiG_8"	"Ccno"	0.000725004510631282	0.0046730529311652	"HiG"	0.00734552680113077	1.31876603251899e-05	29.7934471585043	382	383	383	232	NA	NA	NA	NA
"HiG_8"	"Ccr1"	0.00844304894726546	0.00705962607540733	"HiG"	0.142812202593431	0.000256395336792515	18.2885074905703	9	15	15	422	NA	NA	NA	NA
"HiG_8"	"Ccr2"	0.00144212536576523	0.00112845765278073	"HiG"	0.0224050348982812	4.02244791710614e-05	26.8740399748378	231	215	215	283	NA	NA	NA	NA
"HiG_8"	"Cd14"	0.00210009365886229	0.00136045700297731	"HiG"	0.0348967452991476	6.26512482929041e-05	24.2963327777786	144	141	141	334	NA	NA	NA	NA
"HiG_8"	"Cd177"	0.00197500210650308	0.00690836680272723	"HiG"	0.0359260924553613	6.44992683220132e-05	27.8335109840068	155	137	137	270	NA	NA	NA	NA
"HiG_8"	"Cd28"	0.0022451166594836	0.0018460676691213	"HiG"	0.0399266840897039	7.16816590479423e-05	30.2345053618631	130	123	123	222	NA	NA	NA	NA
"HiG_8"	"Cd300lb"	0.000959700758877333	0.0018844574725283	"HiG"	0.0136966180041797	2.45899784635183e-05	43.9555049102091	330	307	307	72	NA	NA	NA	NA
"HiG_8"	"Cd300lf"	0.00255947189149369	0.00268852014021501	"HiG"	0.0430676084371861	7.73206614671205e-05	26.8235657832501	107	112	112	286	NA	NA	NA	NA
"HiG_8"	"Cd320"	0.00153178103748197	0.00024093681022814	"HiG"	0.0204205239092072	3.66616228172481e-05	10.3272624669306	213	233	233	495	NA	NA	NA	NA
"HiG_8"	"Cd33"	0.00274095537316073	0.00483910718327175	"HiG"	0.0493687014022965	8.86332161621121e-05	31.7618287714346	97	96	96	206	NA	NA	NA	NA
"HiG_8"	"Cd34"	0.00056788907588221	0.000921657130563207	"HiG"	0.00601203696853142	1.07936031751013e-05	21.5407899679502	435	405	405	383	NA	NA	NA	NA
"HiG_8"	"Cd48"	0.0045853248586936	0.00332513340586206	"HiG"	0.0802582319194069	0.000144090182979186	24.8602628562473	41	50	50	321	NA	NA	NA	NA
"HiG_8"	"Cd52"	0.00190167360728224	0.00154388230643005	"HiG"	0.0314720553793983	5.65027924226181e-05	29.2640146407125	168	152	152	237	NA	NA	NA	NA
"HiG_8"	"Cd55"	0.00121004210781476	0.0058786653369594	"HiG"	0.0155535675361547	2.79238196340299e-05	33.9381129455409	276	283	283	177	NA	NA	NA	NA
"HiG_8"	"Cd69"	0.00141155651486213	0.00161761853948897	"HiG"	0.0218556713403247	3.92381891208702e-05	22.5004065117199	236	221	221	367	NA	NA	NA	NA
"HiG_8"	"Cd82"	0.000958226165569573	0.000780268390259232	"HiG"	0.0119825888889401	2.15127269101258e-05	26.6015893416745	333	321	321	296	NA	NA	NA	NA
"HiG_8"	"Cd84"	0.00103926324799126	0.000351533028291194	"HiG"	0.0142152982033675	2.5521181693658e-05	22.9733165211324	312	298	298	357	NA	NA	NA	NA
"HiG_8"	"Cd93"	0.00161077540342916	0.00100518003045737	"HiG"	0.0238034859278869	4.27351632457575e-05	30.8156867360325	199	206	206	212	NA	NA	NA	NA
"HiG_8"	"Cdk18"	0.000958872694686186	0.00131006418521582	"HiG"	0.00561441818514894	1.00797453952405e-05	35.2168769838762	331	412	412	155	NA	NA	NA	NA
"HiG_8"	"Cdk6"	0.00179477229142264	0.0419080595402935	"HiG"	0.0297768739640217	5.34593787504877e-05	51.4225029989025	175	163	163	41	NA	NA	NA	NA
"HiG_8"	"Cdkn3"	0.001153833283654	0.00247805761252833	"HiG"	0.015000094080232	2.69301509519425e-05	16.7520139996008	290	289	289	446	NA	NA	NA	NA
"HiG_8"	"Cebpa"	0.00748090999084313	0.0956379406892191	"HiG"	0.142434317379663	0.00025571690732435	25.3464389664723	10	16	16	317	NA	NA	NA	NA
"HiG_8"	"Cebpd"	0.00168324657738355	0.0186792414644349	"HiG"	0.028895806230469	5.18775695340557e-05	36.1877714082787	188	169	169	139	NA	NA	NA	NA
"HiG_8"	"Cebpe"	0.00122245650306668	0.00512850582649281	"HiG"	0.019683819689696	3.53389940569049e-05	39.7346309443436	273	239	239	107	NA	NA	NA	NA
"HiG_8"	"Cenpv"	0.00179374829039911	0.0859040300125118	"HiG"	0.0377363373182154	6.77492590991301e-05	50.033464447934	176	132	132	44	NA	NA	NA	NA
"HiG_8"	"Cfp"	0.0015137120825827	0.00158116248595421	"HiG"	0.0271213421070608	4.86918170683318e-05	35.9523932178862	219	180	180	142	NA	NA	NA	NA
"HiG_8"	"Chdh"	0.000281116748251241	3.68080351882991e-07	"HiG"	2.75673679205025e-05	4.94925815448877e-08	5	533	534	534	529.5	NA	NA	NA	NA
"HiG_8"	"Ckap4"	0.00308820509212207	0.0475281208045992	"HiG"	0.0479637128866303	8.61107951286003e-05	33.3456298210043	88	100	100	186	NA	NA	NA	NA
"HiG_8"	"Cldn15"	0.00039993352785253	7.48630578414922e-08	"HiG"	0.000581665593574748	1.04428293280924e-06	3	494	521	521	532.5	NA	NA	NA	NA
"HiG_8"	"Clec12a"	0.00150081245672105	0.00414064202915598	"HiG"	0.0216586126196696	3.88844032669112e-05	45.1727946574137	223	225	225	63	NA	NA	NA	NA
"HiG_8"	"Clec4d"	0.00280685700991114	0.0235075293258586	"HiG"	0.0494446439860909	8.8769558323323e-05	23.0674201549315	96	95	95	354	NA	NA	NA	NA
"HiG_8"	"Clec4e"	0.00362828023905659	0.0235113093602435	"HiG"	0.059605053711993	0.000107010868423686	22.1222805912035	63	78	78	375	NA	NA	NA	NA
"HiG_8"	"Clec5a"	0.0011216345201347	0.000966381484951831	"HiG"	0.0165002127942234	2.96233622876543e-05	25.8110021292473	297	269	269	311	NA	NA	NA	NA
"HiG_8"	"Cluh"	0.00234554423877059	0.0450633133545048	"HiG"	0.0408379753729737	7.3317729574459e-05	14.9097271440922	126	118	118	464	NA	NA	NA	NA
"HiG_8"	"Clybl"	0.000278577398088371	6.26752764962805e-18	"HiG"	0	0	NA	547	547	547	NA	NA	NA	NA	NA
"HiG_8"	"Cmpk2"	0.00070036427382942	0.000468696908817563	"HiG"	0.00836936224327358	1.50257849969005e-05	24.3518624970046	392	369	369	333	NA	NA	NA	NA
"HiG_8"	"Cnn2"	0.00172004919477286	0.00869403042885717	"HiG"	0.0264611753691463	4.75065985083416e-05	16.4937987556604	185	184	184	450	NA	NA	NA	NA
"HiG_8"	"Cnn3"	0.00162415287273627	0.0131714547854579	"HiG"	0.0254631720726139	4.57148511177988e-05	23.0859635982644	198	191	191	352	NA	NA	NA	NA
"HiG_8"	"Cnp"	0.00159669300141856	0.00639024075210213	"HiG"	0.0187402140633469	3.36449085517898e-05	26.0497329979279	200	253	253	307	NA	NA	NA	NA
"HiG_8"	"Col4a2"	0.00127181152372993	0.00128811257745309	"HiG"	0.0187686215365085	3.36959094012719e-05	30.4414867418129	261	251	251	219	NA	NA	NA	NA
"HiG_8"	"Cpd"	0.0014565142861181	0.00580838399849326	"HiG"	0.0223485235383292	4.01230225104654e-05	28.9781336306321	229	216	216	246	NA	NA	NA	NA
"HiG_8"	"Cpne3"	0.000450602557911819	0.00339321459012509	"HiG"	0.00329173352156606	5.90975497588161e-06	41.4694267150132	469	464	464	92	NA	NA	NA	NA
"HiG_8"	"Cpox"	0.000861270403922906	0.00530642100364886	"HiG"	0.012862679665796	2.30927821648043e-05	25.0402037882493	348	312	312	320	NA	NA	NA	NA
"HiG_8"	"Crat"	0.000961173122894773	0.00618364059723322	"HiG"	0.0139849961510303	2.51077130180077e-05	47.2849066508964	328	300	300	56	NA	NA	NA	NA
"HiG_8"	"Creb3l2"	0.00104542520934603	2.22326148552644e-05	"HiG"	0.00413976558969159	7.4322542005235e-06	5.11865405278356	311	445	445	528	NA	NA	NA	NA
"HiG_8"	"Csf1r"	0.0030661740638781	0.00550017670256495	"HiG"	0.0568875599508312	0.000102132064543683	34.7145082315192	89	80	80	165	NA	NA	NA	NA
"HiG_8"	"Csf2rb"	0.00375513841600271	0.00417650082898092	"HiG"	0.0679194243910528	0.00012193792529812	26.5022474221499	60	62	62	299	NA	NA	NA	NA
"HiG_8"	"Cstb"	0.000976264631424581	0.00592762365798477	"HiG"	0.0143552813982721	2.57724980220326e-05	41.0533658279833	324	296	296	96	NA	NA	NA	NA
"HiG_8"	"Ctr9"	0.00102069955337108	0.0310741536424805	"HiG"	0.0154519270846858	2.7741341265145e-05	54.4618189855963	316	284	284	29	NA	NA	NA	NA
"HiG_8"	"Ctsc"	0.00246985662546543	0.00162999671150453	"HiG"	0.0408463090262942	7.33326912500793e-05	29.9533331832132	116	117	117	229	NA	NA	NA	NA
"HiG_8"	"Ctsd"	0.00311582641869597	0.0365689892447436	"HiG"	0.0564352180895275	0.000101319960663425	43.1735513915165	86	82	82	78	NA	NA	NA	NA
"HiG_8"	"Ctsg"	0.00340651828436024	0.00470862073734539	"HiG"	0.063021914134056	0.000113145267745163	28.6463227933489	72	71	71	253	NA	NA	NA	NA
"HiG_8"	"Cxcr2"	0.00105001563368347	0.000579363698719077	"HiG"	0.0141487000140946	2.54016158242273e-05	33.2064989041051	310	299	299	189	NA	NA	NA	NA
"HiG_8"	"Cxcr4"	0.00429587822726594	0.00363933455197561	"HiG"	0.0612076544503245	0.000109888069031103	22.0080894944828	48	74	74	377	NA	NA	NA	NA
"HiG_8"	"Cyba"	0.00332599397416762	0.015218359137733	"HiG"	0.0683745435013867	0.000122755015262813	24.0449909925043	74	61	61	336	NA	NA	NA	NA
"HiG_8"	"Cybb"	0.00326387997551688	0.00665677083209692	"HiG"	0.0635283622554568	0.000114054510332957	26.6321261850048	78	68	68	293	NA	NA	NA	NA
"HiG_8"	"Cyp11a1"	0.000463582966984483	0.000374781914635446	"HiG"	0.00320490366802365	5.7538665494141e-06	39.2689286834929	466	467	467	110	NA	NA	NA	NA
"HiG_8"	"Cystm1"	0.000486657131712837	0.000529602655370727	"HiG"	0.00348468782395414	6.2561720358243e-06	9.85241929320338	463	459	459	502	NA	NA	NA	NA
"HiG_8"	"Dab2"	0.00405548171535051	0.0125759958641993	"HiG"	0.0717997466152994	0.000128904392487073	42.0536688533819	53	59	59	86	NA	NA	NA	NA
"HiG_8"	"Dach1"	0.001701070808226	0.0225308203683397	"HiG"	0.0302593670471299	5.43256140882045e-05	61.9108881716148	187	159	159	20	NA	NA	NA	NA
"HiG_8"	"Daxx"	0.00389411115885513	0.0951516524924831	"HiG"	0.0805371701143348	0.000144590969684623	37.388807968662	57	49	49	125	NA	NA	NA	NA
"HiG_8"	"Dctd"	0.000438543192732273	0.00293919311750335	"HiG"	0.00371414635763749	6.66812631532763e-06	35	475	455	455	159.5	NA	NA	NA	NA
"HiG_8"	"Dctpp1"	0.000674216544119503	0.0165329092822681	"HiG"	0.00869041165148956	1.56021753168574e-05	98.376013292569	406	365	365	10	NA	NA	NA	NA
"HiG_8"	"Ddhd1"	0.000301659087655163	2.88651380632961e-05	"HiG"	0.000410411972400016	7.36825803231627e-07	35	528	525	525	159.5	NA	NA	NA	NA
"HiG_8"	"Ddt"	0.00051170497669638	0.000115658068359824	"HiG"	0.00226694010791468	4.06991042713587e-06	7.608874184759	452	488	488	513	NA	NA	NA	NA
"HiG_8"	"Ddx21"	0.00962224106459506	0.469785540519916	"HiG"	0.229931740815544	0.000412803843474945	32.0082157577045	6	5	5	204	NA	NA	NA	NA
"HiG_8"	"Desi1"	0.000377850755424784	0.000733518278970648	"HiG"	0.00164928563660862	2.961015505581e-06	44	503	498	498	69.5	NA	NA	NA	NA
"HiG_8"	"Dgat1"	0.000554555879117704	2.15046750218898e-05	"HiG"	0.00207198861961671	3.71990775514669e-06	17.5610260229459	440	490	490	433	NA	NA	NA	NA
"HiG_8"	"Dgat2"	0.00112067288184413	9.63552472269492e-06	"HiG"	0.00542350265523005	9.7369886090306e-06	5.53279673910902	299	417	417	526	NA	NA	NA	NA
"HiG_8"	"Dhrs7"	0.00147401248078708	0.000883696671536948	"HiG"	0.0196301408247144	3.52426226655554e-05	13.405130317169	225	240	240	477	NA	NA	NA	NA
"HiG_8"	"Dhx58"	0.00103198420826668	0.00646074676665884	"HiG"	0.0123044410432764	2.209055842599e-05	48.8712262124777	313	315	315	49	NA	NA	NA	NA
"HiG_8"	"Dio2"	0.000278577398088371	6.26752764962805e-18	"HiG"	0	0	NA	547	547	547	NA	NA	NA	NA	NA
"HiG_8"	"Dkc1"	0.00877369769934645	0.57819857868706	"HiG"	0.224639734936925	0.000403302935254803	33.2213344326462	7	6	6	188	NA	NA	NA	NA
"HiG_8"	"Dlk1"	0.00198261322297108	0.000390518342489665	"HiG"	0.0226229426729649	4.06156960017323e-05	12.002906109145	154	213	213	485	NA	NA	NA	NA
"HiG_8"	"Dmkn"	0.000446676157365544	0.00199491444347002	"HiG"	0.00328669439315338	5.90070806670265e-06	136	472	465	465	2.5	NA	NA	NA	NA
"HiG_8"	"Dnajc6"	0.000402818597934393	0.00174401953976123	"HiG"	0.0028159501937136	5.05556587740324e-06	32.6986197324064	492	478	478	198	NA	NA	NA	NA
"HiG_8"	"Dok3"	0.0010080496857392	0.000506741007415285	"HiG"	0.00982265276094536	1.76349241668678e-05	10.3775384247108	318	344	344	494	NA	NA	NA	NA
"HiG_8"	"Dram1"	0.000438490401562083	0.00189776986873752	"HiG"	0.00312664515888987	5.61336653301592e-06	136	476	469	469	2.5	NA	NA	NA	NA
"HiG_8"	"Dstn"	0.00173308853862242	0.0214708218232574	"HiG"	0.026616350981284	4.77851902716051e-05	45.2734258502549	184	183	183	62	NA	NA	NA	NA
"HiG_8"	"Dtx3l"	0.000950272784358957	0.00110660171949246	"HiG"	0.0116762381456197	2.09627255756189e-05	15.2801462871031	335	325	325	457	NA	NA	NA	NA
"HiG_8"	"Dusp2"	0.000782124099525257	0.00181126086085721	"HiG"	0.00955615836312048	1.71564782102702e-05	24.7368554483942	368	349	349	323	NA	NA	NA	NA
"HiG_8"	"Dusp6"	0.00125900708176077	0.0103962869690121	"HiG"	0.0191709470800651	3.44182173789319e-05	40.860880253184	266	243	243	99	NA	NA	NA	NA
"HiG_8"	"Egfl7"	0.00128195085609372	0.00104929929797845	"HiG"	0.0179129878880023	3.2159762815085e-05	20.6347310026226	257	257	257	390	NA	NA	NA	NA
"HiG_8"	"Egln3"	0.00352539544345008	0.0105227790541033	"HiG"	0.0532818370709059	9.56585943822369e-05	19.5388532815323	66	91	91	403	NA	NA	NA	NA
"HiG_8"	"Eif1ad"	0.000588083583579495	0.000669031967775875	"HiG"	0.00513475246924539	9.21858612072781e-06	19.7923708383443	433	424	424	398	NA	NA	NA	NA
"HiG_8"	"Elane"	0.00536680850961846	0.011114983649056	"HiG"	0.100064999448661	0.000179649909243556	24.6245359831225	30	30	30	326	NA	NA	NA	NA
"HiG_8"	"Entpd5"	0.0006164625074482	0.000957832870405589	"HiG"	0.00568182638365882	1.02007655002851e-05	6.83988087764877	426	409	409	518	NA	NA	NA	NA
"HiG_8"	"Eps8"	0.00205197047657577	0.0015191931942562	"HiG"	0.0312340620512447	5.60755153523245e-05	27.0318079096247	147	153	153	282	NA	NA	NA	NA
"HiG_8"	"Epsti1"	0.000296908398907965	0.00161812756824848	"HiG"	0.000515335363151349	9.25198138512296e-07	50	529	523	523	45	NA	NA	NA	NA
"HiG_8"	"Erg"	0.00105222019812849	0.0194642374523632	"HiG"	0.0169955315644	3.05126239935368e-05	39.3674664032998	309	266	266	109	NA	NA	NA	NA
"HiG_8"	"Ets1"	0.00415617419621433	0.0382734861511719	"HiG"	0.0801821967597242	0.000143953674613508	38.8174986021033	52	51	51	114	NA	NA	NA	NA
"HiG_8"	"Evl"	0.000515457680516626	0.000962940170654217	"HiG"	0.0040134189270485	7.20541997674776e-06	59.4770595419847	450	448	448	23	NA	NA	NA	NA
"HiG_8"	"Exosc2"	0.00163049537914559	0.0871426051172998	"HiG"	0.031873206079216	5.72229911655584e-05	28.1608564420938	196	149	149	261	NA	NA	NA	NA
"HiG_8"	"F10"	0.00213466786619652	0.00377565780764839	"HiG"	0.0370887459552733	6.65866175139557e-05	37.0263550351335	137	135	135	132	NA	NA	NA	NA
"HiG_8"	"F13a1"	0.00141026116797865	0.0010669174279307	"HiG"	0.0209169069450053	3.75527952334027e-05	30.214223311775	237	230	230	224	NA	NA	NA	NA
"HiG_8"	"F7"	0.00269276871819005	0.00383476760541782	"HiG"	0.0481804800033092	8.64999640992984e-05	34.4483520195111	101	99	99	169	NA	NA	NA	NA
"HiG_8"	"Fabp5"	0.00107494509480962	0.0215730758115661	"HiG"	0.0178165605440244	3.19866437056093e-05	45.8912062085802	306	259	259	61	NA	NA	NA	NA
"HiG_8"	"Fah"	0.000691200046218421	0.0012689258956139	"HiG"	0.00446652344624947	8.01889308123782e-06	14.9458878683749	396	438	438	463	NA	NA	NA	NA
"HiG_8"	"Fam136a"	0.00127703349559723	0.00199767192849406	"HiG"	0.0117840323183654	2.11562519180707e-05	19.8169079878571	259	323	323	397	NA	NA	NA	NA
"HiG_8"	"Fam20c"	0.00171056985716558	0.00203602151440224	"HiG"	0.0187947349572353	3.37427916646953e-05	30.6726444853796	186	250	250	213	NA	NA	NA	NA
"HiG_8"	"Fam216a"	0.00055083331664143	8.76334253291297e-05	"HiG"	0.00379426486896774	6.81196565344298e-06	10	442	454	454	500	NA	NA	NA	NA
"HiG_8"	"Fam43a"	0.000674423047181894	0.000182001859594634	"HiG"	0.00626301766884101	1.12441968919946e-05	19.3603757849872	404	403	403	407	NA	NA	NA	NA
"HiG_8"	"Far2"	0.000699470229531327	5.99032160915916e-05	"HiG"	0.00538673793764535	9.67098373006346e-06	17.2009116016242	394	419	419	438	NA	NA	NA	NA
"HiG_8"	"Farsb"	0.00223402786263652	0.0713430278713399	"HiG"	0.0434064726595212	7.79290352953702e-05	35.0630937460144	131	110	110	158	NA	NA	NA	NA
"HiG_8"	"Fbl"	0.0119819527503095	1	"HiG"	0.32253745140256	0.000579061851710161	32.9143307044955	3	2	2	194	NA	NA	NA	NA
"HiG_8"	"Fbxl5"	0.000654503360804873	0.000674094096985221	"HiG"	0.00565527362150797	1.01530944730843e-05	13.979568646034	413	411	411	473	NA	NA	NA	NA
"HiG_8"	"Fbxo27"	0.000278577398088371	6.26752764962805e-18	"HiG"	0	0	NA	547	547	547	NA	NA	NA	NA	NA
"HiG_8"	"Fchsd2"	0.000614103925228663	0.000326399133000027	"HiG"	0.00547577702308752	9.83083846155749e-06	29.2608883562875	427	416	416	238	NA	NA	NA	NA
"HiG_8"	"Ffar2"	0.00134218776963216	0.000202935215325237	"HiG"	0.0105165015347733	1.88806131683541e-05	14.4624791041736	248	335	335	468	NA	NA	NA	NA
"HiG_8"	"Fgd4"	0.00129834383320207	0.00122939685470587	"HiG"	0.0161470969446609	2.89894020550465e-05	27.7764945007698	255	276	276	271	NA	NA	NA	NA
"HiG_8"	"Fkbp11"	0.000336212509264637	1.50853865245029e-05	"HiG"	0.000932203461569295	1.67361483226085e-06	17	512	514	514	443	NA	NA	NA	NA
"HiG_8"	"Flt1"	0.0028786736876248	0.00948119184351381	"HiG"	0.0541201755638009	9.71636904197503e-05	33.4434384862381	94	87	87	184	NA	NA	NA	NA
"HiG_8"	"Fmo5"	0.000714721491931223	0.000140627499060344	"HiG"	0.00568043393110692	1.01982655854702e-05	7.80351864278574	386	410	410	510	NA	NA	NA	NA
"HiG_8"	"Fos"	0.00449554774762955	0.0312789750278337	"HiG"	0.0852620512928312	0.000153073700705262	56.3292178645687	43	42	42	28	NA	NA	NA	NA
"HiG_8"	"Fry"	0.000324459895286643	3.17632266489983e-08	"HiG"	0.000213752352375259	3.83756467460071e-07	5	522	530	530	529.5	NA	NA	NA	NA
"HiG_8"	"Fth1"	0.00206904775213945	0.0168280341868438	"HiG"	0.0300215243483184	5.38986074476092e-05	28.1499181812733	145	162	162	262	NA	NA	NA	NA
"HiG_8"	"G0s2"	0.000595577756377961	1.14247259377476e-05	"HiG"	0.00334130921189359	5.99875980591308e-06	7.78460120035817	430	463	463	511	NA	NA	NA	NA
"HiG_8"	"Gadd45a"	0.00133033004300751	0.00847529576292291	"HiG"	0.0138479915503708	2.48617442556029e-05	28.3674713116107	250	306	306	258	NA	NA	NA	NA
"HiG_8"	"Gar1"	0.00566597268277332	0.408710993722445	"HiG"	0.146456202732744	0.000262937527347835	32.8878059504723	26	13	13	195	NA	NA	NA	NA
"HiG_8"	"Gart"	0.00252388518205766	0.0260928447561755	"HiG"	0.040506749456059	7.27230690413985e-05	33.440705697447	111	120	120	185	NA	NA	NA	NA
"HiG_8"	"Gas7"	0.000726996486095045	0.00046243749303852	"HiG"	0.00533040146643879	9.56984105285241e-06	23.3710596946932	380	420	420	347	NA	NA	NA	NA
"HiG_8"	"Gata2"	0.00133390356936217	0.00717391832113728	"HiG"	0.021697479303088	3.89541818726893e-05	29.2012658937032	249	222	222	240	NA	NA	NA	NA
"HiG_8"	"Gatad2b"	0.000884484653313423	0.0039708374177661	"HiG"	0.0107842888754092	1.93613803867311e-05	30.3097337531624	343	332	332	220	NA	NA	NA	NA
"HiG_8"	"Gatm"	0.000278577398088371	6.26752764962805e-18	"HiG"	0	0	NA	547	547	547	NA	NA	NA	NA	NA
"HiG_8"	"Gbe1"	0.000818648139377083	0.0012895859312615	"HiG"	0.0102152847547389	1.8339829003122e-05	23.3437899102131	357	339	339	348	NA	NA	NA	NA
"HiG_8"	"Gca"	0.00077076374520314	0.00284777613809565	"HiG"	0.00736202913259758	1.32172874911985e-05	19.3314839318998	371	381	381	409	NA	NA	NA	NA
"HiG_8"	"Gda"	0.000444504496487428	0.000500065588740934	"HiG"	0.00304488534081129	5.46658050414954e-06	15.0562122624305	474	470	470	459	NA	NA	NA	NA
"HiG_8"	"Gemin6"	0.00112870384319956	0.0481206386053656	"HiG"	0.0190200516329281	3.41473099334437e-05	27.1256100318047	295	247	247	281	NA	NA	NA	NA
"HiG_8"	"Gfi1"	0.00212114493600675	0.0107791058967294	"HiG"	0.0381248560457948	6.84467792563641e-05	40.0970784662942	139	131	131	104	NA	NA	NA	NA
"HiG_8"	"Gja1"	0.0073096802794334	0.0261344835232855	"HiG"	0.118357835098691	0.000212491624952767	24.4005387000675	12	20	20	332	NA	NA	NA	NA
"HiG_8"	"Gjb3"	0.00033275379262924	0.000180271425364811	"HiG"	0.00103202401814249	1.85282588535456e-06	42	514	508	508	87.5	NA	NA	NA	NA
"HiG_8"	"Glb1"	0.000728480101012807	0.000518534433198146	"HiG"	0.00541677199111417	9.72490483144375e-06	27.7332145373375	378	418	418	272	NA	NA	NA	NA
"HiG_8"	"Glrx"	0.000743232185115005	0.000145862579972581	"HiG"	0.00549292603850009	9.86162664003607e-06	6.56670440242717	376	415	415	520	NA	NA	NA	NA
"HiG_8"	"Gmpr"	0.00030383679755798	0.00119494035330539	"HiG"	0.000625245017056099	1.12252247227307e-06	26.5301174193053	526	520	520	298	NA	NA	NA	NA
"HiG_8"	"Golim4"	0.000833521674454113	0.000279013877750101	"HiG"	0.00898704061130675	1.61347228210175e-05	17.1586724795288	356	359	359	439	NA	NA	NA	NA
"HiG_8"	"Gpcpd1"	0.000278577398088371	6.26752764962805e-18	"HiG"	0	0	NA	547	547	547	NA	NA	NA	NA	NA
"HiG_8"	"Gpr141"	0.000396917402192509	8.95155784495726e-05	"HiG"	0.00206421435991465	3.70595037686652e-06	17.9108863547579	495	491	491	426	NA	NA	NA	NA
"HiG_8"	"Gpr65"	0.00135505782945632	0.00231249190457462	"HiG"	0.0219378885141555	3.93857962552164e-05	34.6967558564685	246	219	219	166	NA	NA	NA	NA
"HiG_8"	"Gpt2"	0.000556615342221561	0.00153859664072015	"HiG"	0.00526429513243399	9.451158226991e-06	62.0609008078174	438	422	422	19	NA	NA	NA	NA
"HiG_8"	"Gpx3"	0.0011879254682099	0.000818372537214278	"HiG"	0.0128883408262254	2.31388524707818e-05	15.3276408919032	280	311	311	456	NA	NA	NA	NA
"HiG_8"	"Grina"	0.000278577398088371	6.26752764962805e-18	"HiG"	0	0	NA	547	547	547	NA	NA	NA	NA	NA
"HiG_8"	"Gstm1"	0.000985647263794953	0.000145477293818173	"HiG"	0.00914519254040922	1.6418658061776e-05	18.9003265446204	322	356	356	417	NA	NA	NA	NA
"HiG_8"	"Hacd4"	0.000278577398088371	6.26752764962805e-18	"HiG"	0	0	NA	547	547	547	NA	NA	NA	NA	NA
"HiG_8"	"Hdc"	0.000278577398088371	6.26752764962805e-18	"HiG"	0	0	NA	547	547	547	NA	NA	NA	NA	NA
"HiG_8"	"Hdhd2"	0.000709980509545889	1.40715339588314e-05	"HiG"	0.00476574373413696	8.55609287995864e-06	7	389	428	428	516	NA	NA	NA	NA
"HiG_8"	"Helz2"	0.00146445269003932	0.00333458008025421	"HiG"	0.0226025528447144	4.05790894878176e-05	22.6097427075315	228	214	214	363	NA	NA	NA	NA
"HiG_8"	"Herc6"	0.000731229848466686	0.00046757933886934	"HiG"	0.00881786275334806	1.58309923758493e-05	19.6646427737923	377	362	362	400	NA	NA	NA	NA
"HiG_8"	"Hipk1"	0.00174138274848315	0.010284357325186	"HiG"	0.028377151225537	5.0946411535973e-05	23.0227065335559	181	172	172	356	NA	NA	NA	NA
"HiG_8"	"Hlx"	0.00197241385692457	0.00245882722832409	"HiG"	0.0296902465538017	5.33038537770228e-05	26.6964921961618	156	165	165	291	NA	NA	NA	NA
"HiG_8"	"Hmgn3"	0.000754358490238298	0.00637196899850873	"HiG"	0.0101151095387855	1.81599812186455e-05	38.1887960384221	375	341	341	118	NA	NA	NA	NA
"HiG_8"	"Hmox1"	0.00116686852926647	0.000830331256415172	"HiG"	0.0164132845203088	2.94672971639297e-05	27.8757055842002	287	271	271	268	NA	NA	NA	NA
"HiG_8"	"Hook1"	0.000944810822516309	0.00366251079513568	"HiG"	0.010361481848697	1.86023013441597e-05	30.982248334406	336	336	336	210	NA	NA	NA	NA
"HiG_8"	"Hopx"	0.000368484246433455	2.72284826778989e-05	"HiG"	0.00125558903293457	2.25419934099564e-06	12.6163225815024	507	505	505	481	NA	NA	NA	NA
"HiG_8"	"Hoxa5"	0.00123195178629039	0.00134208674523068	"HiG"	0.0168482298413759	3.02481684764379e-05	18.7811816137716	271	267	267	419	NA	NA	NA	NA
"HiG_8"	"Hoxa7"	0.00158174509877979	0.00287274657371435	"HiG"	0.0239849703025879	4.30609879759209e-05	22.671500153998	203	204	204	362	NA	NA	NA	NA
"HiG_8"	"Hp"	0.0026156133655593	0.00752258451304917	"HiG"	0.0462711309063306	8.30720483058e-05	35.2141417648332	104	105	105	156	NA	NA	NA	NA
"HiG_8"	"Hpse"	0.00113458059260409	0.0164608548534959	"HiG"	0.0193919096568079	3.481491859391e-05	23.2570815094454	293	242	242	349	NA	NA	NA	NA
"HiG_8"	"Hsd11b1"	0.00184539895293316	0.000613010610585727	"HiG"	0.0197469325476365	3.54523025989883e-05	6.60271581381472	174	238	238	519	NA	NA	NA	NA
"HiG_8"	"Hsph1"	0.00401214799044187	0.101021175358523	"HiG"	0.0813058610399187	0.000145971025206317	42.1754298566714	56	47	47	84	NA	NA	NA	NA
"HiG_8"	"Hvcn1"	0.000509265070610371	0.000767610984305351	"HiG"	0.00439444560218004	7.88948941145428e-06	42	456	440	440	87.5	NA	NA	NA	NA
"HiG_8"	"Id2"	0.00212070624415583	0.0155271241771422	"HiG"	0.0403484453184224	7.24388605357673e-05	26.1192597411607	140	121	121	305	NA	NA	NA	NA
"HiG_8"	"Ifih1"	0.0011903153833742	0.0015558001427973	"HiG"	0.014869517114771	2.6695721929571e-05	15.3704803216976	279	290	290	454	NA	NA	NA	NA
"HiG_8"	"Ift80"	0.000379190293375711	0.00339600057688578	"HiG"	0.00223124490798798	4.00582568759063e-06	54	502	489	489	31	NA	NA	NA	NA
"HiG_8"	"Igfbp4"	0.00216806935780946	0.00457664184032181	"HiG"	0.0357210826746356	6.41312076743906e-05	22.8208588461706	133	138	138	360	NA	NA	NA	NA
"HiG_8"	"Igfbp7"	0.00256486768634198	0.00472952772087914	"HiG"	0.0438957657147316	7.88074788415289e-05	35.5288741707916	106	107	107	149	NA	NA	NA	NA
"HiG_8"	"Ighm"	0.00148116914427091	0.00207415299829354	"HiG"	0.0203492310998464	3.65336285455053e-05	33.3238319074712	224	234	234	187	NA	NA	NA	NA
"HiG_8"	"Igsf6"	0.00231073823653248	0.00403067567521196	"HiG"	0.0382279061767317	6.86317884681001e-05	34.1420742142708	127	130	130	175	NA	NA	NA	NA
"HiG_8"	"Il12a"	0.00108152021060138	0.00129538184792509	"HiG"	0.0153578549620838	2.75724505602941e-05	25.997367282777	304	285	285	309	NA	NA	NA	NA
"HiG_8"	"Il1r1"	0.00165198126719024	0.000822766576972298	"HiG"	0.0214511539546278	3.85119460585777e-05	29.4125011496487	192	227	227	236	NA	NA	NA	NA
"HiG_8"	"Il1r2"	0.00155333549099488	0.00183926029897774	"HiG"	0.0243249056461566	4.36712848225433e-05	28.4472508899945	210	201	201	255	NA	NA	NA	NA
"HiG_8"	"Il21r"	0.00100042932651648	0.000508532081239127	"HiG"	0.0144242535398745	2.58963259243707e-05	30.2059417229982	319	295	295	226	NA	NA	NA	NA
"HiG_8"	"Impdh2"	0.00289956053246199	0.0757402987595951	"HiG"	0.0540746084187554	9.7081882259884e-05	44.401427582281	93	88	88	67	NA	NA	NA	NA
"HiG_8"	"Iqsec1"	0.00101403901134305	0.00178676042091139	"HiG"	0.0117182011928257	2.10380631828109e-05	35.7301738523905	317	324	324	143	NA	NA	NA	NA
"HiG_8"	"Irf9"	0.00432485529352627	0.0109683265081723	"HiG"	0.0828918646433219	0.000148818428444025	24.6835789466662	46	44	44	324	NA	NA	NA	NA
"HiG_8"	"Isg15"	0.00437600063760182	0.0142200782516274	"HiG"	0.0771763660479805	0.000138557210140001	20.9915960035464	45	54	54	387	NA	NA	NA	NA
"HiG_8"	"Isg20"	0.00139960882658308	0.00114341969576569	"HiG"	0.0221809614172076	3.98221928495648e-05	19.1893065431617	239	218	218	412	NA	NA	NA	NA
"HiG_8"	"Itgam"	0.00732724660624827	0.0172214652219209	"HiG"	0.143176998178642	0.000257050266029877	30.2728188326742	11	14	14	221	NA	NA	NA	NA
"HiG_8"	"Itgb2"	0.007070079524087	0.01458065202569	"HiG"	0.140659428238746	0.000252530391811033	28.9525565141112	14	17	17	247	NA	NA	NA	NA
"HiG_8"	"Itgb3"	0.00251711983754434	0.0050323063846005	"HiG"	0.0427365314187359	7.67262682562584e-05	32.1636995889913	112	114	114	202	NA	NA	NA	NA
"HiG_8"	"Itm2b"	0.00641403924570309	0.0413869149834299	"HiG"	0.104133694113418	0.000186954567528578	26.3979248405808	18	28	28	302	NA	NA	NA	NA
"HiG_8"	"Jdp2"	0.00134654267680287	0.0149323362299275	"HiG"	0.0222462861259035	3.99394723983906e-05	53.0192123694609	247	217	217	34	NA	NA	NA	NA
"HiG_8"	"Jun"	0.00971588458422768	0.0982569557093836	"HiG"	0.190413668115386	0.000341855777585972	34.2062840437661	5	8	8	173	NA	NA	NA	NA
"HiG_8"	"Kat2a"	0.00340873887428378	0.120919956603943	"HiG"	0.0615116932292843	0.000110433919621695	60.1368789296482	71	73	73	22	NA	NA	NA	NA
"HiG_8"	"Kbtbd7"	0.000885399632399549	0.00146889578749062	"HiG"	0.00973457562443374	1.74767964532024e-05	18.4123556027454	342	346	346	421	NA	NA	NA	NA
"HiG_8"	"Kdm7a"	0.00029661549852031	0.000309497376607677	"HiG"	0.000382944488591163	6.87512546842304e-07	21	530	527	527	386	NA	NA	NA	NA
"HiG_8"	"Kit"	0.00193494928410856	0.00320244499326163	"HiG"	0.0311087805663239	5.58505934763444e-05	37.1038321351504	164	154	154	130	NA	NA	NA	NA
"HiG_8"	"Klf2"	0.000672304136190728	0.00117367051508993	"HiG"	0.00822262203525243	1.47623375857315e-05	43.9678022356571	408	370	370	71	NA	NA	NA	NA
"HiG_8"	"Klhdc4"	0.00055607083167787	0.00530313657697808	"HiG"	0.00650917890411765	1.16861380684338e-05	14.8358268405	439	399	399	465	NA	NA	NA	NA
"HiG_8"	"Lamc1"	0.00245193804161125	0.00574029496465711	"HiG"	0.0390385053644386	7.00870832395666e-05	28.6961807597	118	126	126	251	NA	NA	NA	NA
"HiG_8"	"Lbp"	0.000647700200557905	0.000326083981010895	"HiG"	0.0065516465930794	1.17623816751874e-05	19.1139724491373	418	396	396	413	NA	NA	NA	NA
"HiG_8"	"Lck"	0.00556997480117786	0.0281277028477673	"HiG"	0.0965732309036698	0.000173381024961705	29.2170001390665	27	33	33	239	NA	NA	NA	NA
"HiG_8"	"Lcn2"	0.00188879579248813	0.00475518368998945	"HiG"	0.0317894801019756	5.70726752279634e-05	24.4311962192843	169	150	150	329	NA	NA	NA	NA
"HiG_8"	"Lgals3"	0.00626664520531617	0.0226144820728822	"HiG"	0.107225988344436	0.00019250626273687	26.6268079033484	19	26	26	294	NA	NA	NA	NA
"HiG_8"	"Lgals3bp"	0.00388610409947695	0.0147817625147271	"HiG"	0.0687403386916174	0.000123411739123191	23.377804827553	58	60	60	346	NA	NA	NA	NA
"HiG_8"	"Lgalsl"	0.000778216602975432	0.000679909612828324	"HiG"	0.00892500900767342	1.60233554895394e-05	23.386060741222	369	360	360	345	NA	NA	NA	NA
"HiG_8"	"Lipa"	0.000683256889550926	1.48060545218979e-05	"HiG"	0.00152228588828679	2.73300877609837e-06	10.5787920987542	402	502	502	492	NA	NA	NA	NA
"HiG_8"	"Lipg"	0.00228550416870401	0.000601511938345099	"HiG"	0.0262339063510924	4.70985751366111e-05	18.4369382294473	129	186	186	420	NA	NA	NA	NA
"HiG_8"	"Lpl"	0.0021591356350217	0.00167109501679949	"HiG"	0.0233683203425828	4.1953896485786e-05	24.6449975548134	135	208	208	325	NA	NA	NA	NA
"HiG_8"	"Lrg1"	0.00040250418519868	0.000116363597552882	"HiG"	0.0024661090391183	4.42748480990719e-06	48	493	486	486	54.5	NA	NA	NA	NA
"HiG_8"	"Lrp1"	0.00521542503233927	0.0138468965812817	"HiG"	0.0864860438074026	0.000155271173801441	41.3185339499377	32	40	40	93	NA	NA	NA	NA
"HiG_8"	"Lrp12"	0.00126806792433607	0.00258678751962896	"HiG"	0.012818041751546	2.30126422828473e-05	42.168771011058	262	313	313	85	NA	NA	NA	NA
"HiG_8"	"Lrpap1"	0.00286336249261792	0.0124609881335572	"HiG"	0.0482915596497416	8.66993889582435e-05	19.6544090401157	95	98	98	401	NA	NA	NA	NA
"HiG_8"	"Lrrc25"	0.000789565095746494	0.00045630418046061	"HiG"	0.00852034476881247	1.52968487770421e-05	18.8236839946816	365	368	368	418	NA	NA	NA	NA
"HiG_8"	"Lsp1"	0.000939344336243098	0.00135903906894146	"HiG"	0.0130370292940166	2.3405797655326e-05	30.4766416791233	337	309	309	217	NA	NA	NA	NA
"HiG_8"	"Lst1"	0.00187452495666314	0.0024419124649008	"HiG"	0.0335522271308591	6.02373916173414e-05	29.18219526904	170	142	142	241	NA	NA	NA	NA
"HiG_8"	"Lyar"	0.00478763338165671	0.350667278187583	"HiG"	0.117897681275628	0.000211665496006513	37.2171409961334	39	22	22	129	NA	NA	NA	NA
"HiG_8"	"Lztfl1"	0.000728188249671184	0.00315951447775046	"HiG"	0.00708216400828458	1.27148366396492e-05	22.3074100332366	379	388	388	373	NA	NA	NA	NA
"HiG_8"	"Lzts2"	0.00126607454220428	0.00196697041506897	"HiG"	0.0142655588608989	2.5611416267323e-05	43.2891278961452	264	297	297	75	NA	NA	NA	NA
"HiG_8"	"Mad1l1"	0.00173978070434978	0.00752494596910121	"HiG"	0.0245764256849008	4.41228468310607e-05	17.644191487178	183	196	196	432	NA	NA	NA	NA
"HiG_8"	"Man1c1"	0.000278577398088371	6.26752764962805e-18	"HiG"	0	0	NA	547	547	547	NA	NA	NA	NA	NA
"HiG_8"	"Map3k8"	0.00158769115105454	0.0144509465840232	"HiG"	0.0264439983551937	4.74757600631844e-05	28.1177302728274	202	185	185	263	NA	NA	NA	NA
"HiG_8"	"Mapk13"	0.00165210211597173	0.0128295831638983	"HiG"	0.0281588595265757	5.05545054337085e-05	39.5640294609491	191	174	174	108	NA	NA	NA	NA
"HiG_8"	"Mapk3"	0.00521791730729363	0.0366882320443466	"HiG"	0.0954976109154264	0.000171449929830209	32.8699746315665	31	34	34	196	NA	NA	NA	NA
"HiG_8"	"Marcksl1"	0.000719618615477598	0.0097547377916741	"HiG"	0.00890093641747439	1.59801371947476e-05	38.8563942037394	384	361	361	112	NA	NA	NA	NA
"HiG_8"	"Mboat1"	0.000330291193655417	2.88511976128475e-05	"HiG"	0.00095823511005315	1.72035028734856e-06	18	516	512	512	425	NA	NA	NA	NA
"HiG_8"	"Mboat2"	0.000278577398088371	6.26752764962805e-18	"HiG"	0	0	NA	547	547	547	NA	NA	NA	NA	NA
"HiG_8"	"Mcemp1"	0.000278577398088371	6.26752764962805e-18	"HiG"	0	0	NA	547	547	547	NA	NA	NA	NA	NA
"HiG_8"	"Mdfic"	0.000338345724972579	0.000556278755470118	"HiG"	0.0011778546569427	2.11464031767091e-06	46.0044211928894	510	506	506	60	NA	NA	NA	NA
"HiG_8"	"Med21"	0.00126693512912621	0.00388464041316285	"HiG"	0.0139278758036296	2.50051630226743e-05	26.441970046536	263	303	303	301	NA	NA	NA	NA
"HiG_8"	"Mef2c"	0.00120672287322803	0.00660264339586135	"HiG"	0.0190243164457412	3.41549666889429e-05	34.1019355101877	277	246	246	176	NA	NA	NA	NA
"HiG_8"	"Megf9"	0.000607050871128818	0.000151694622819534	"HiG"	0.00531523035168453	9.54260386298839e-06	14	429	421	421	472	NA	NA	NA	NA
"HiG_8"	"Mgam"	0.000444541312171681	0.000455509505085826	"HiG"	0.0036133720856798	6.48720302635511e-06	14.6793680422671	473	457	457	466	NA	NA	NA	NA
"HiG_8"	"Mgll"	0.000873476210367099	8.35834229987941e-05	"HiG"	0.00852943914125273	1.53131761961449e-05	10.284159047651	346	367	367	496	NA	NA	NA	NA
"HiG_8"	"Mgst1"	0.00152695951536849	0.000679891361492051	"HiG"	0.0156656882164238	2.81251134944772e-05	7.36397837275611	214	281	281	514	NA	NA	NA	NA
"HiG_8"	"Mgst2"	0.00193651017294629	0.000441761222868658	"HiG"	0.0181838617549079	3.26460713732637e-05	7.75582182601263	163	255	255	512	NA	NA	NA	NA
"HiG_8"	"Mmp19"	0.000790930934203506	0.00038146226982057	"HiG"	0.00987422550558829	1.77275143726899e-05	28.4164277540347	364	342	342	256	NA	NA	NA	NA
"HiG_8"	"Mmp8"	0.00151989472015779	0.000879171268850881	"HiG"	0.0232210659120228	4.16895258743676e-05	16.533289648779	217	209	209	449	NA	NA	NA	NA
"HiG_8"	"Mogat2"	0.00102107957634936	3.28088047875135e-07	"HiG"	0.00395414679025887	7.09900680477356e-06	2.46819743727139	315	451	451	534	NA	NA	NA	NA
"HiG_8"	"Mov10"	0.00431931511220289	0.0665413944728184	"HiG"	0.0609953856786936	0.00010950697608383	27.1449607315831	47	76	76	279	NA	NA	NA	NA
"HiG_8"	"Mpeg1"	0.000278577398088371	6.26752764962805e-18	"HiG"	0	0	NA	547	547	547	NA	NA	NA	NA	NA
"HiG_8"	"Mpo"	0.002534233358404	0.0131943703961483	"HiG"	0.0452925104964684	8.13150996345932e-05	30.5621341366995	109	106	106	214	NA	NA	NA	NA
"HiG_8"	"Mpp1"	0.00157853914133126	0.022204017291471	"HiG"	0.0280514007853176	5.0361581302186e-05	34.8906783222614	205	176	176	162	NA	NA	NA	NA
"HiG_8"	"Ms4a3"	0.00164279907556093	0.00112005206434827	"HiG"	0.0255983218065363	4.59574897783416e-05	21.3901552782672	194	190	190	384	NA	NA	NA	NA
"HiG_8"	"Msh6"	0.00118175828734321	0.0259609600860857	"HiG"	0.016389157005138	2.9423980260571e-05	40.5975637570304	283	272	272	101	NA	NA	NA	NA
"HiG_8"	"Msi2"	0.000373003352803544	0.000621270306980784	"HiG"	0.00188302827525384	3.38066117639828e-06	35.1720687021014	504	493	493	157	NA	NA	NA	NA
"HiG_8"	"Msra"	0.000674233636627701	0.00232416496604576	"HiG"	0.00699759897415632	1.25630143162591e-05	20.3829531363198	405	389	389	392	NA	NA	NA	NA
"HiG_8"	"Msrb1"	0.000670361479905858	0.00297071048242511	"HiG"	0.00769562286149381	1.38161990332025e-05	43.3653167130037	409	375	375	74	NA	NA	NA	NA
"HiG_8"	"Mtap"	0.0014337630397976	0.00854268536053075	"HiG"	0.0188260283222944	3.37989736486435e-05	22.6074688763837	232	249	249	364	NA	NA	NA	NA
"HiG_8"	"Mtus1"	0.000430562120648689	0.00237300565612416	"HiG"	0.00335807331240974	6.02885693430833e-06	19.3593539928288	479	462	462	408	NA	NA	NA	NA
"HiG_8"	"Muc13"	0.000534048225135624	0.000303268749307548	"HiG"	0.00465038571821229	8.34898692677251e-06	41.2103478631129	446	432	432	94	NA	NA	NA	NA
"HiG_8"	"Mxd1"	0.00151440030542321	0.0134057746752797	"HiG"	0.0239889831802304	4.30681924241121e-05	38.3059382282828	218	203	203	117	NA	NA	NA	NA
"HiG_8"	"Mxi1"	0.00156285145338812	0.0252161216191868	"HiG"	0.0231709149161352	4.15994881797759e-05	52.8949761000906	206	210	210	35	NA	NA	NA	NA
"HiG_8"	"Myadm"	0.000881963721798688	0.00454934079173245	"HiG"	0.0106566811198025	1.91322820822307e-05	33.7253549447127	344	333	333	181	NA	NA	NA	NA
"HiG_8"	"Myb"	0.00272048500932725	0.0380127391032466	"HiG"	0.0491040957892742	8.81581612015694e-05	42.6303686767118	99	97	97	81	NA	NA	NA	NA
"HiG_8"	"Mybbp1a"	0.00542802128623277	0.340475020322551	"HiG"	0.130076835831434	0.000233531123575286	46.1266048367745	29	18	18	59	NA	NA	NA	NA
"HiG_8"	"Myc"	0.0224598777548848	0.623115028348447	"HiG"	0.482592525839046	0.000866413870447121	25.045315244956	1	1	1	319	NA	NA	NA	NA
"HiG_8"	"Myo1f"	0.00159642428292724	0.00172695866021797	"HiG"	0.0280739911812539	5.04021385659855e-05	28.3647271879616	201	175	175	259	NA	NA	NA	NA
"HiG_8"	"Naaa"	0.00202676823367099	0.0054172610574257	"HiG"	0.0269846006721592	4.84463207758693e-05	22.1271412398734	151	182	182	374	NA	NA	NA	NA
"HiG_8"	"Nabp1"	0.000435166685986838	9.38537283433582e-05	"HiG"	0.00301070081042071	5.40520791817004e-06	31.1972589013286	477	472	472	208	NA	NA	NA	NA
"HiG_8"	"Ncam1"	0.00157967806832445	0.00656477295998638	"HiG"	0.0238374625098935	4.27961624953204e-05	30.0221540599662	204	205	205	228	NA	NA	NA	NA
"HiG_8"	"Nceh1"	0.00030205883108653	4.1305377062426e-06	"HiG"	0.000303529608787658	5.44936461019135e-07	15	527	529	529	461.5	NA	NA	NA	NA
"HiG_8"	"Ncf1"	0.00457189494171251	0.0200543257280884	"HiG"	0.0936393761060095	0.000168113781159802	23.8926208891702	42	36	36	338	NA	NA	NA	NA
"HiG_8"	"Ncf4"	0.0033756408510601	0.00771332259649962	"HiG"	0.0659312605864855	0.000118368510927263	26.6224497129279	73	63	63	295	NA	NA	NA	NA
"HiG_8"	"Ncoa7"	0.000306394377083894	0.000194940085029854	"HiG"	0.000514232822194722	9.23218711301116e-07	26	525	524	524	308	NA	NA	NA	NA
"HiG_8"	"Ndrg2"	0.000640696092009158	0.0012002853328659	"HiG"	0.00674308741452488	1.2106081534156e-05	35.4176729012423	420	394	394	153	NA	NA	NA	NA
"HiG_8"	"Ndst1"	0.000559342951854068	0.000200632556896828	"HiG"	0.00493961138646138	8.86824306366496e-06	17.4458015164807	437	426	426	434	NA	NA	NA	NA
"HiG_8"	"Nedd9"	0.00290500781999928	0.00498139825100323	"HiG"	0.0475180432518356	8.53106701110154e-05	34.3969723271553	92	101	101	171	NA	NA	NA	NA
"HiG_8"	"Neil3"	0.000817394430502222	0.00190831642472182	"HiG"	0.00935409126316579	1.67937006520032e-05	22.3774103245556	358	352	352	369	NA	NA	NA	NA
"HiG_8"	"Neu1"	0.000578725732126086	0.0133582588611873	"HiG"	0.00649108906411984	1.16536607973426e-05	76.0663347847903	434	400	400	15	NA	NA	NA	NA
"HiG_8"	"Nfix"	0.00244416008902158	0.00778814324896474	"HiG"	0.038671479340073	6.94281496231112e-05	21.9210656263071	119	128	128	381	NA	NA	NA	NA
"HiG_8"	"Nkg7"	0.00199641775482499	0.00125831420114539	"HiG"	0.030607453695474	5.49505452342442e-05	19.4295120023864	153	156	156	404	NA	NA	NA	NA
"HiG_8"	"Nlgn2"	0.000546363409446394	0.00013379120239658	"HiG"	0.00453438731104158	8.14073125860248e-06	16.352957314334	443	436	436	451	NA	NA	NA	NA
"HiG_8"	"Nme4"	0.00203392296596495	0.0112565700689111	"HiG"	0.0320601452267863	5.7558609024751e-05	26.4469973022091	150	145	145	300	NA	NA	NA	NA
"HiG_8"	"Noc2l"	0.00425153917293991	0.267219008082817	"HiG"	0.101514281369788	0.000182251851651324	44.6185330898451	49	29	29	66	NA	NA	NA	NA
"HiG_8"	"Noc3l"	0.00324590013477366	0.235433693829345	"HiG"	0.0820254613197868	0.000147262946714159	40.626813577166	79	45	45	100	NA	NA	NA	NA
"HiG_8"	"Nolc1"	0.00650382839076083	0.524441511056013	"HiG"	0.162469528094671	0.000291686764981455	41.100018887613	17	11	11	95	NA	NA	NA	NA
"HiG_8"	"Nop14"	0.00311866718550896	0.207633601336605	"HiG"	0.0747252178277798	0.000134156584969084	43.2755232289053	85	56	56	76	NA	NA	NA	NA
"HiG_8"	"Nop2"	0.00669450596694948	0.471133508028433	"HiG"	0.170768025498145	0.00030658532405412	35.6850688218787	16	9	9	144	NA	NA	NA	NA
"HiG_8"	"Nop56"	0.0101818663061914	0.916045912790825	"HiG"	0.274572400358565	0.000492948654144641	37.3518137821565	4	4	4	127	NA	NA	NA	NA
"HiG_8"	"Nop58"	0.00720373842839558	0.740722755302384	"HiG"	0.192206200607085	0.000345073968773941	36.5912676479168	13	7	7	135	NA	NA	NA	NA
"HiG_8"	"Npm3"	0.0026356131595914	0.12572063538481	"HiG"	0.0633370141309718	0.00011371097689582	34.423208139518	103	69	69	170	NA	NA	NA	NA
"HiG_8"	"Nrg1"	0.000528535213275706	0.000592225794125048	"HiG"	0.00426813102903632	7.66271279898801e-06	36.8514826818736	447	444	444	134	NA	NA	NA	NA
"HiG_8"	"Nrp1"	0.00486095373359416	0.00440095952135752	"HiG"	0.0808305526673708	0.000145117688810361	23.0902589628976	37	48	48	351	NA	NA	NA	NA
"HiG_8"	"Nrp2"	0.00162781009993012	0.00109074174135094	"HiG"	0.024398921759272	4.38041683290341e-05	23.5249558399686	197	198	198	341	NA	NA	NA	NA
"HiG_8"	"Nt5dc2"	0.00206062386294256	0.0203295603161086	"HiG"	0.0351268594120791	6.30643795548996e-05	29.1810546670601	146	139	139	242	NA	NA	NA	NA
"HiG_8"	"Nt5e"	0.000891534976778892	0.0117535027430647	"HiG"	0.0112688520957443	2.0231332308338e-05	56.5468321393055	340	328	328	27	NA	NA	NA	NA
"HiG_8"	"Nudcd1"	0.000849095344403958	0.0206905398142844	"HiG"	0.0120712684951708	2.16719362570391e-05	46.2728633009482	352	317	317	58	NA	NA	NA	NA
"HiG_8"	"Nudt5"	0.000887460900076068	0.00101162101262305	"HiG"	0.0112570551599841	2.02101528904561e-05	7	341	329	329	516	NA	NA	NA	NA
"HiG_8"	"Numb"	0.00229783087537888	0.0127739821203832	"HiG"	0.0387229452911233	6.95205480989646e-05	52.6788659145661	128	127	127	38	NA	NA	NA	NA
"HiG_8"	"Odc1"	0.00123535093725002	0.044743024490888	"HiG"	0.0208192780275958	3.7377518900531e-05	39.215752762488	270	231	231	111	NA	NA	NA	NA
"HiG_8"	"Olfml2b"	0.000327095971665744	9.89324247208322e-05	"HiG"	0.000995750125508411	1.78770220019463e-06	36.5403402218289	519	509	509	136	NA	NA	NA	NA
"HiG_8"	"Olr1"	0.0015579531986646	0.00191561755815957	"HiG"	0.0242862071829031	4.36018082278331e-05	28.0146057054076	208	202	202	266	NA	NA	NA	NA
"HiG_8"	"Osbpl5"	0.000808054364316516	0.00307429829816428	"HiG"	0.00932354086245164	1.67388525358198e-05	32.2010654471215	360	353	353	200	NA	NA	NA	NA
"HiG_8"	"Osgep"	0.000493914643343168	0.000592854710526048	"HiG"	0.00344753568063595	6.18947159898734e-06	5.75310230056721	460	460	460	524	NA	NA	NA	NA
"HiG_8"	"Otulin"	0.000673291420369926	0.000675409045950337	"HiG"	0.00715163451591558	1.28395592745342e-05	26.5419663604475	407	386	386	297	NA	NA	NA	NA
"HiG_8"	"Pa2g4"	0.00342165616588769	0.102438583922994	"HiG"	0.0649204602872573	0.00011655378866653	35.5072191156138	69	65	65	150	NA	NA	NA	NA
"HiG_8"	"Padi4"	0.000491715529139001	0.00302598602314154	"HiG"	0.00428075728600134	7.68538112388033e-06	78.6959181533001	461	443	443	12	NA	NA	NA	NA
"HiG_8"	"Pag1"	0.00241310422876591	0.00242115484146742	"HiG"	0.0331755844463514	5.95611929018877e-05	23.6082082504076	122	143	143	340	NA	NA	NA	NA
"HiG_8"	"Palm"	0.00128149748073367	0.00150038463294422	"HiG"	0.0161263072930291	2.89520777253665e-05	31.0869348771176	258	277	277	209	NA	NA	NA	NA
"HiG_8"	"Papss2"	0.000483049780332298	0.00684678243711546	"HiG"	0.00406639913701851	7.30053705030252e-06	108.203588381753	464	447	447	7	NA	NA	NA	NA
"HiG_8"	"Paqr7"	0.000278577398088371	6.26752764962805e-18	"HiG"	0	0	NA	547	547	547	NA	NA	NA	NA	NA
"HiG_8"	"Parp12"	0.00249748238574987	0.00812141448977522	"HiG"	0.0403173579108203	7.23830483138605e-05	21.9463848176349	114	122	122	380	NA	NA	NA	NA
"HiG_8"	"Parp14"	0.00176700523127186	0.00116967211537754	"HiG"	0.0250653667986301	4.50006585253682e-05	13.5067987363464	179	192	192	474	NA	NA	NA	NA
"HiG_8"	"Parp9"	0.00118044101758666	0.000889430187104231	"HiG"	0.0159818867886609	2.86927949527125e-05	13.1869901920482	285	278	278	478	NA	NA	NA	NA
"HiG_8"	"Pbx1"	0.00174070413123908	0.0027316601764158	"HiG"	0.0218984297993347	3.93149547564357e-05	20.9627713204523	182	220	220	388	NA	NA	NA	NA
"HiG_8"	"Pcmtd2"	0.000295978031365279	0.000263480434560353	"HiG"	0.000401200901964939	7.20288872468471e-07	99	531	526	526	9	NA	NA	NA	NA
"HiG_8"	"Pcsk9"	0.00114156147701318	0.000804576158742568	"HiG"	0.0162823214541712	2.92321749626054e-05	23.4013526198623	291	275	275	344	NA	NA	NA	NA
"HiG_8"	"Pde2a"	0.001381666878243	0.00387492554332547	"HiG"	0.0176908986011457	3.17610387812311e-05	17.3249074652392	242	260	260	436	NA	NA	NA	NA
"HiG_8"	"Pdia5"	0.00163966138186569	0.000479046009542652	"HiG"	0.0139687323001763	2.50785140039072e-05	7.95246345181331	195	301	301	509	NA	NA	NA	NA
"HiG_8"	"Pdk1"	0.00240258417671096	0.00585174264371467	"HiG"	0.0368879389262152	6.62261022014636e-05	19.3791746739251	124	136	136	406	NA	NA	NA	NA
"HiG_8"	"Peli2"	0.000667997544845179	0.00353326671795987	"HiG"	0.00631782964498421	1.13426025942266e-05	16.7951165252012	410	402	402	445	NA	NA	NA	NA
"HiG_8"	"Pfkfb4"	0.000351303235104022	5.04516323591347e-05	"HiG"	0.000890629741076279	1.59897619582815e-06	10	509	515	515	498	NA	NA	NA	NA
"HiG_8"	"Pglyrp1"	0.00151128397686518	0.00395762314848256	"HiG"	0.0258834286913479	4.64693513309657e-05	25.3866795404509	220	189	189	316	NA	NA	NA	NA
"HiG_8"	"Phtf2"	0.000369046101218795	3.68874268037204e-05	"HiG"	0.00151646787286591	2.72256350604293e-06	38	506	503	503	120	NA	NA	NA	NA
"HiG_8"	"Pi16"	0.000566511562816202	3.40782359961229e-07	"HiG"	0.00144978431815679	2.60284437730124e-06	3	436	504	504	532.5	NA	NA	NA	NA
"HiG_8"	"Pik3cb"	0.00109697555723649	0.000771920018325129	"HiG"	0.0139515492994115	2.50476648104336e-05	24.5216859341434	301	302	302	327	NA	NA	NA	NA
"HiG_8"	"Pik3ip1"	0.000278577398088371	6.26752764962805e-18	"HiG"	0	0	NA	547	547	547	NA	NA	NA	NA	NA
"HiG_8"	"Pim2"	0.00121708763611645	0.00251006414901626	"HiG"	0.0185077052412999	3.32274779915618e-05	28.6628623204437	274	254	254	252	NA	NA	NA	NA
"HiG_8"	"Pknox2"	0.000715791950548441	0.000489666375562776	"HiG"	0.00735752698436632	1.32092046397959e-05	24.7376981636303	385	382	382	322	NA	NA	NA	NA
"HiG_8"	"Plac8"	0.000509618206205013	0.000124025942358014	"HiG"	0.00473347049754539	8.49815170115869e-06	29.153529632469	455	429	429	243	NA	NA	NA	NA
"HiG_8"	"Plaur"	0.00268654601747151	0.00509897802578783	"HiG"	0.0435528302988122	7.81917958686037e-05	28.5403282667624	102	109	109	254	NA	NA	NA	NA
"HiG_8"	"Plcb2"	0.000642544212831887	0.00758527754439437	"HiG"	0.00819808784196165	1.47182905600748e-05	27.867360380829	419	372	372	269	NA	NA	NA	NA
"HiG_8"	"Pld4"	0.000289586588080789	2.79235717464422e-06	"HiG"	0.000130012238732864	2.33415150328301e-07	12	532	532	532	487	NA	NA	NA	NA
"HiG_8"	"Plin2"	0.000803699069924152	0.00033415230640176	"HiG"	0.00765006928178826	1.3734415227627e-05	15.9552578277803	363	376	376	452	NA	NA	NA	NA
"HiG_8"	"Plod2"	0.000855524561947386	0.0103015352806814	"HiG"	0.0107939876577214	1.93787929223005e-05	43.1718013564891	349	331	331	79	NA	NA	NA	NA
"HiG_8"	"Plpp5"	0.000278577398088371	6.26752764962805e-18	"HiG"	0	0	NA	547	547	547	NA	NA	NA	NA	NA
"HiG_8"	"Plpp6"	0.000775753764150189	1.92562191914143e-05	"HiG"	0.00316049039618838	5.67412997520355e-06	9.92517004946757	370	468	468	501	NA	NA	NA	NA
"HiG_8"	"Plppr3"	0.000325113613252828	1.18033873867882e-05	"HiG"	0.00054956609158824	9.86653665328977e-07	12	521	522	522	487	NA	NA	NA	NA
"HiG_8"	"Plxnc1"	0.000278577398088371	6.26752764962805e-18	"HiG"	0	0	NA	547	547	547	NA	NA	NA	NA	NA
"HiG_8"	"Pmaip1"	0.00197153228830907	0.0178396910566171	"HiG"	0.0294974914150293	5.29577942819197e-05	34.8926349995475	157	166	166	161	NA	NA	NA	NA
"HiG_8"	"Pml"	0.00592200838869839	0.0852920647502786	"HiG"	0.10750450015264	0.000193006283936517	40.2010524637049	24	24	24	102	NA	NA	NA	NA
"HiG_8"	"Pnkp"	0.000662929057009428	0.0101611599952682	"HiG"	0.00726223875521648	1.30381306197782e-05	47.2647473761006	411	384	384	57	NA	NA	NA	NA
"HiG_8"	"Pno1"	0.00252459329119234	0.211523292953909	"HiG"	0.0620654084552828	0.00011142802236137	43.4372822136482	110	72	72	73	NA	NA	NA	NA
"HiG_8"	"Pnpla7"	0.000552528968227856	0.000132073432410584	"HiG"	0.00454283369516692	8.15589532345946e-06	12	441	435	435	487	NA	NA	NA	NA
"HiG_8"	"Poc1a"	0.000429609621118978	0.00192945432222864	"HiG"	0.0033757551785808	6.06060175687756e-06	10.8655666119664	480	461	461	491	NA	NA	NA	NA
"HiG_8"	"Pparg"	0.00316730204201089	0.0270893381484541	"HiG"	0.0605989071292396	0.000108795165402585	44.8674264232978	81	77	77	64	NA	NA	NA	NA
"HiG_8"	"Ppat"	0.00191897046271042	0.0134452809438259	"HiG"	0.0301562825019375	5.41405430914497e-05	19.0394305550738	167	160	160	414	NA	NA	NA	NA
"HiG_8"	"Ppia"	0.00494399208313066	0.0826965022199744	"HiG"	0.0934039266635658	0.000167691071209274	28.9373784323433	35	37	37	248	NA	NA	NA	NA
"HiG_8"	"Ppic"	0.000806059571050944	0.0116359837125434	"HiG"	0.0120658800207918	2.16622621558201e-05	29.1424862774976	362	318	318	244	NA	NA	NA	NA
"HiG_8"	"Ppp1r3d"	0.00068876050682563	0.00121502454127745	"HiG"	0.0043079940005995	7.73428007288959e-06	20.6217358902826	397	442	442	391	NA	NA	NA	NA
"HiG_8"	"Ppp2r3a"	0.000589617142409451	0.00014264111076907	"HiG"	0.0043874840197697	7.8769910588325e-06	14.2729836988477	432	441	441	469	NA	NA	NA	NA
"HiG_8"	"Prdx5"	0.0034290728700034	0.0228364841546766	"HiG"	0.0504739528424902	9.06175095915444e-05	26.6495236942796	68	92	92	292	NA	NA	NA	NA
"HiG_8"	"Prkcb"	0.0060744613405973	0.0614566295220012	"HiG"	0.117949640256106	0.000211758779633942	24.4471222330561	21	21	21	328	NA	NA	NA	NA
"HiG_8"	"Prmt1"	0.00691908152719163	0.288449346789715	"HiG"	0.148832834004249	0.000267204369846048	30.2113115370786	15	12	12	225	NA	NA	NA	NA
"HiG_8"	"Prmt3"	0.00177119363942984	0.0659744919990268	"HiG"	0.0350387893728411	6.29062645831976e-05	34.7317548229678	177	140	140	164	NA	NA	NA	NA
"HiG_8"	"Procr"	0.000411861554226837	0.000441673025767971	"HiG"	0.00254141496932076	4.56268396646456e-06	27.3254097950281	487	483	483	278	NA	NA	NA	NA
"HiG_8"	"Prom1"	0.00043067624592306	0.000803623969218727	"HiG"	0.00290513728854448	5.2156863349093e-06	37	478	476	476	133	NA	NA	NA	NA
"HiG_8"	"Prr11"	0.00211038018943884	0.102028913784991	"HiG"	0.0466126309975618	8.36851543941864e-05	32.1951489649338	142	104	104	201	NA	NA	NA	NA
"HiG_8"	"Prss57"	0.00150768571302393	0.00127622648674333	"HiG"	0.0244513761201887	4.38983413288845e-05	28.2717500376064	222	197	197	260	NA	NA	NA	NA
"HiG_8"	"Prtn3"	0.00295105204834772	0.00316941695875268	"HiG"	0.0472261857895502	8.47866890297131e-05	28.3988120040694	91	102	102	257	NA	NA	NA	NA
"HiG_8"	"Psap"	0.00249601906647687	0.00506421953261032	"HiG"	0.0374348994699755	6.72080780430441e-05	23.495713581557	115	133	133	342	NA	NA	NA	NA
"HiG_8"	"Psph"	0.000407931758429314	0.00631110166769798	"HiG"	0.00327350079371568	5.87702117363677e-06	41	490	466	466	97.5	NA	NA	NA	NA
"HiG_8"	"Ptafr"	0.000959748198301152	0.013058276086261	"HiG"	0.0152043096587162	2.72967857427579e-05	35.4912513623136	329	287	287	151	NA	NA	NA	NA
"HiG_8"	"Ptger3"	0.00142537347960049	0.00148297839446998	"HiG"	0.0187546986064315	3.36709131174712e-05	14.0642664126254	233	252	252	471	NA	NA	NA	NA
"HiG_8"	"Ptges3"	0.00483233201575155	0.0567176452580428	"HiG"	0.0759321194095967	0.000136323374164446	22.4574985015816	38	55	55	368	NA	NA	NA	NA
"HiG_8"	"Ptgr1"	0.000697559890126944	0.000787271892316277	"HiG"	0.00738716947457701	1.32624227550754e-05	17.8638093760675	395	380	380	428	NA	NA	NA	NA
"HiG_8"	"Ptgs1"	0.000714171449862753	0.000694245299802459	"HiG"	0.00919650122139186	1.65107741856227e-05	30.5110671043559	387	355	355	216	NA	NA	NA	NA
"HiG_8"	"Ptk7"	0.00204464396915958	0.00321339094879014	"HiG"	0.0205241647224853	3.68476924999736e-05	19.9820661381568	149	232	232	395	NA	NA	NA	NA
"HiG_8"	"Ptprcap"	0.000852669346837956	0.000547669930537394	"HiG"	0.0110375866309749	1.98161339873876e-05	33.799294080233	351	330	330	178	NA	NA	NA	NA
"HiG_8"	"Pus7"	0.00242574130693555	0.115024798418878	"HiG"	0.0564198446862431	0.000101292360298462	26.3380481656712	120	83	83	303	NA	NA	NA	NA
"HiG_8"	"Pygl"	0.0019204180594172	0.0206436581775369	"HiG"	0.0302816633087257	5.436564328317e-05	30.4464420543031	166	158	158	218	NA	NA	NA	NA
"HiG_8"	"Rab33b"	0.00137675296647144	0.000806054091234069	"HiG"	0.0180980753277141	3.24920562436518e-05	16.648257773554	243	256	256	447	NA	NA	NA	NA
"HiG_8"	"Rab38"	0.00167930882913631	0.00345556428357294	"HiG"	0.0198929784488615	3.57145034988537e-05	49.4703659567804	189	237	237	46	NA	NA	NA	NA
"HiG_8"	"Rab3d"	0.00212068057642451	0.00509076139258849	"HiG"	0.0300514628011746	5.39523569141375e-05	32.7823514907147	141	161	161	197	NA	NA	NA	NA
"HiG_8"	"Rab7b"	0.000327651339725674	0.000582385708206448	"HiG"	0.000959501721028846	1.7226242747376e-06	136	518	511	511	2.5	NA	NA	NA	NA
"HiG_8"	"Rangrf"	0.00141434677716296	0.0662765194496027	"HiG"	0.0270803834146207	4.86182826115273e-05	22.5503034945135	235	181	181	366	NA	NA	NA	NA
"HiG_8"	"Raph1"	0.000617190536600654	0.00650705612398929	"HiG"	0.00675839085173608	1.21335562867793e-05	44.7620850723137	425	392	392	65	NA	NA	NA	NA
"HiG_8"	"Rasgrp2"	0.000652708862843452	0.00205517544326887	"HiG"	0.00742453194562082	1.33295008000374e-05	52.7940121156741	414	379	379	36	NA	NA	NA	NA
"HiG_8"	"Rassf3"	0.000721370230028792	0.00162801816994639	"HiG"	0.00467450041814062	8.39228082251457e-06	52.4809177205285	383	430	430	40	NA	NA	NA	NA
"HiG_8"	"Rassf4"	0.00067458432080749	3.17890592135882e-05	"HiG"	0.00367200485171595	6.59246831546849e-06	5.65701108298985	403	456	456	525	NA	NA	NA	NA
"HiG_8"	"Rassf5"	0.00116713417413082	0.000876553160677118	"HiG"	0.0126385728321706	2.26904359643997e-05	30.8682901522241	286	314	314	211	NA	NA	NA	NA
"HiG_8"	"Rbm47"	0.000510841145068918	0.000986922353810752	"HiG"	0.00301312069990738	5.4095524235321e-06	33.1018357297433	453	471	471	190	NA	NA	NA	NA
"HiG_8"	"Rbms3"	0.000448066521587074	0.0075306416138618	"HiG"	0.00261366823095362	4.69240256903702e-06	94.5867847731579	471	480	480	11	NA	NA	NA	NA
"HiG_8"	"Rcc1"	0.00155602288880419	0.0423942145104946	"HiG"	0.0284608046612997	5.10965972375219e-05	53.3056741837066	209	171	171	33	NA	NA	NA	NA
"HiG_8"	"Rcl1"	0.00132676147027406	0.0979662665732097	"HiG"	0.0286194668015796	5.13814484768036e-05	51.0102901537071	251	170	170	43	NA	NA	NA	NA
"HiG_8"	"Rdh12"	0.000491093542041324	0.000973833913195238	"HiG"	0.00408654469451976	7.33670501709113e-06	38.8371558516358	462	446	446	113	NA	NA	NA	NA
"HiG_8"	"Rgcc"	0.000418302717853861	0.000572386439011524	"HiG"	0.00283631867313378	5.09213406307681e-06	61	485	477	477	21	NA	NA	NA	NA
"HiG_8"	"Rhoj"	0.00418853923907582	0.00813513716841815	"HiG"	0.063918048999015	0.000114754127466813	17.2756487070366	51	67	67	437	NA	NA	NA	NA
"HiG_8"	"Rhou"	0.00595962250925615	0.0110701415217831	"HiG"	0.0932630329195319	0.000167438120142786	17.6749456849078	23	38	38	431	NA	NA	NA	NA
"HiG_8"	"Rmi2"	0.000409624462452029	0.00187638504207143	"HiG"	0.00293540871995631	5.27003360853915e-06	65	489	474	474	18	NA	NA	NA	NA
"HiG_8"	"Rnase4"	0.000424604865438932	0.00129602112826119	"HiG"	0.00256844759185302	4.61121650242913e-06	77.9399163407383	483	481	481	13	NA	NA	NA	NA
"HiG_8"	"Rnf144a"	0.000593482830460196	0.00143751172721074	"HiG"	0.00551467335033584	9.90067028785609e-06	24.2945052021801	431	414	414	335	NA	NA	NA	NA
"HiG_8"	"Rnf149"	0.00353315562629369	0.00267687580215631	"HiG"	0.0502835004870437	9.02755843573495e-05	12.051271628169	65	93	93	484	NA	NA	NA	NA
"HiG_8"	"Rnmt"	0.00132353329229241	0.0373294475157392	"HiG"	0.0227414604647644	4.08284748020905e-05	57.3480299138667	252	212	212	26	NA	NA	NA	NA
"HiG_8"	"Rogdi"	0.000336727007937982	3.42942564953957e-05	"HiG"	0.000802936138716273	1.44153705335058e-06	15	511	517	517	460	NA	NA	NA	NA
"HiG_8"	"Rsad2"	0.00273019395688618	0.00160268515558472	"HiG"	0.0438282717727323	7.86863047984423e-05	13.42625198115	98	108	108	476	NA	NA	NA	NA
"HiG_8"	"S100a4"	0.00303548037185604	0.0117851428954851	"HiG"	0.0563117949410722	0.000101098375118622	37.4513579225673	90	84	84	124	NA	NA	NA	NA
"HiG_8"	"S100a6"	0.00151081635663834	0.0128710622551088	"HiG"	0.0249246353531286	4.47479988386509e-05	34.5565420426335	221	195	195	168	NA	NA	NA	NA
"HiG_8"	"S100a8"	0.00382753306725778	0.0644775988584903	"HiG"	0.0815060200390832	0.000146330377089916	37.5626245824504	59	46	46	122	NA	NA	NA	NA
"HiG_8"	"S100a9"	0.00615423750168345	0.105990836567235	"HiG"	0.129311637504057	0.000232157338427391	33.7937155432167	20	19	19	179	NA	NA	NA	NA
"HiG_8"	"Samd9l"	0.000280265969612313	0.000177772725369148	"HiG"	4.26848479447101e-05	7.66334792544166e-08	135	534	533	533	5	NA	NA	NA	NA
"HiG_8"	"Sat1"	0.000656528079505736	0.00189837486378925	"HiG"	0.00686349536781893	1.23222538021884e-05	52.5456816314152	412	391	391	39	NA	NA	NA	NA
"HiG_8"	"Satb1"	0.00139346752487738	0.00348275960921837	"HiG"	0.0189305429866707	3.3986612184328e-05	22.8396192879324	240	248	248	359	NA	NA	NA	NA
"HiG_8"	"Scarf1"	0.000652494136552604	0.000340116592155179	"HiG"	0.00716719723894059	1.28674995313117e-05	28.8070821872364	415	385	385	249	NA	NA	NA	NA
"HiG_8"	"Scin"	0.000608118852347321	0.000843895381967671	"HiG"	0.00578477153312413	1.03855862354114e-05	12.4225888077439	428	408	408	482	NA	NA	NA	NA
"HiG_8"	"Scnn1a"	0.000702263181167327	0.000650234340314204	"HiG"	0.00686684174447685	1.2328261659743e-05	20.2034944069321	390	390	390	393	NA	NA	NA	NA
"HiG_8"	"Sell"	0.00312929954852666	0.00518162981201471	"HiG"	0.0539150682876593	9.67954547354746e-05	25.3428356631874	84	89	89	318	NA	NA	NA	NA
"HiG_8"	"Sgk1"	0.00126012021908622	0.00307384192281193	"HiG"	0.014800894213467	2.65725210295638e-05	21.9707996452629	265	292	292	378	NA	NA	NA	NA
"HiG_8"	"Sgms2"	0.000278577398088371	6.26752764962805e-18	"HiG"	0	0	NA	547	547	547	NA	NA	NA	NA	NA
"HiG_8"	"Sh2d3c"	0.00254252180691483	0.0111979385153168	"HiG"	0.0427914797270769	7.68249187200662e-05	22.3431448708993	108	113	113	370	NA	NA	NA	NA
"HiG_8"	"Sh2d5"	0.000787248214735079	0.000616420583465038	"HiG"	0.00586676615474402	1.05327938146212e-05	49.0448327394873	366	406	406	47	NA	NA	NA	NA
"HiG_8"	"Sh3bp5"	0.000758078250290924	0.00242291420627286	"HiG"	0.00908456054232038	1.63098034871102e-05	48.9061171661452	374	357	357	48	NA	NA	NA	NA
"HiG_8"	"Sh3pxd2b"	0.00147156306315432	0.00227838025885799	"HiG"	0.0213442661143011	3.8320046883844e-05	22.9017910711158	226	229	229	358	NA	NA	NA	NA
"HiG_8"	"Shtn1"	0.000516302275677596	0.00756910865636696	"HiG"	0.00525369103132024	9.43212034348337e-06	21.3692358107084	449	423	423	385	NA	NA	NA	NA
"HiG_8"	"Sirpa"	0.00118404773895021	0.000952781097947307	"HiG"	0.0179065766526601	3.21482525182407e-05	27.1278715764964	282	258	258	280	NA	NA	NA	NA
"HiG_8"	"Sirt3"	0.00128891240392229	0.000540646952789171	"HiG"	0.0148411869526115	2.66448598790153e-05	11.2098205202278	256	291	291	489	NA	NA	NA	NA
"HiG_8"	"Slc12a2"	0.00201024503759643	0.00387227893380297	"HiG"	0.031996016789144	5.74434771797918e-05	32.940018821473	152	146	146	192	NA	NA	NA	NA
"HiG_8"	"Slc16a1"	0.0021277280938791	0.0281568790473547	"HiG"	0.0319847925537518	5.7423325949285e-05	52.7113875258628	138	148	148	37	NA	NA	NA	NA
"HiG_8"	"Slc19a1"	0.00127393683855351	0.00111488777525401	"HiG"	0.0156082367888658	2.80219691002976e-05	25.6607516458178	260	282	282	314	NA	NA	NA	NA
"HiG_8"	"Slc23a2"	0.000451426140405738	2.05359840328429e-05	"HiG"	0.00186422015590281	3.34689435530128e-06	9.36653005722244	468	495	495	505	NA	NA	NA	NA
"HiG_8"	"Slc24a3"	0.000419810461922419	9.04759250360491e-05	"HiG"	0.00201360572295187	3.61509106454555e-06	6.36867663009428	484	492	492	522	NA	NA	NA	NA
"HiG_8"	"Slc27a4"	0.000837228860261102	0.00974969871414705	"HiG"	0.0102889911282147	1.84721564240839e-05	41.6979392064915	355	338	338	90	NA	NA	NA	NA
"HiG_8"	"Slc28a2"	0.000396185827735603	0.00111309694240492	"HiG"	0.00232425525259217	4.17281014828038e-06	17.1114916812852	496	487	487	440	NA	NA	NA	NA
"HiG_8"	"Slc29a1"	0.00204612447688583	0.00797122151994803	"HiG"	0.0277831818369416	4.98800392045629e-05	26.7516894116429	148	177	177	289	NA	NA	NA	NA
"HiG_8"	"Slc31a2"	0.000322609252352523	6.00566270792279e-05	"HiG"	0.000767279412509599	1.37752138691131e-06	11	523	518	518	490	NA	NA	NA	NA
"HiG_8"	"Slc39a10"	0.00195193729495814	0.0283842667600688	"HiG"	0.0317851291024798	5.7064863738743e-05	43.2297735599953	160	151	151	77	NA	NA	NA	NA
"HiG_8"	"Slc40a1"	0.00063415215109043	0.00116920295710515	"HiG"	0.00491849219086708	8.83032709311863e-06	57.7967854905437	423	427	427	25	NA	NA	NA	NA
"HiG_8"	"Slc6a13"	0.000278577398088371	6.26752764962805e-18	"HiG"	0	0	NA	547	547	547	NA	NA	NA	NA	NA
"HiG_8"	"Slc7a11"	0.00165088823603579	0.00103299014320447	"HiG"	0.019051580740859	3.42039151541454e-05	18.2487338132182	193	244	244	424	NA	NA	NA	NA
"HiG_8"	"Slc7a8"	0.000427048720684348	1.82873313649882e-05	"HiG"	0.00187010627815833	3.35746189974566e-06	8.28571059284748	481	494	494	507	NA	NA	NA	NA
"HiG_8"	"Slpi"	0.00121486584037243	0.00295413754587897	"HiG"	0.0194419242931467	3.49047114778217e-05	24.4229694026483	275	241	241	330	NA	NA	NA	NA
"HiG_8"	"Smad3"	0.00491287032536829	0.0301933391749483	"HiG"	0.0847684298451246	0.000152187486256956	35.647670498648	36	43	43	145	NA	NA	NA	NA
"HiG_8"	"Smo"	0.00210203732324419	0.00426997104104056	"HiG"	0.0289121998371069	5.19070015028848e-05	15.4013918919296	143	168	168	453	NA	NA	NA	NA
"HiG_8"	"Smpdl3a"	0.000278577398088371	6.26752764962805e-18	"HiG"	0	0	NA	547	547	547	NA	NA	NA	NA	NA
"HiG_8"	"Snap47"	0.000951073273624593	0.00087021189767624	"HiG"	0.0113586803839997	2.03926039210048e-05	19.2515232831517	334	327	327	410	NA	NA	NA	NA
"HiG_8"	"Snrk"	0.0014092299195679	0.00563259818718223	"HiG"	0.0216808339834184	3.89242979953652e-05	48.4041808868114	238	223	223	51	NA	NA	NA	NA
"HiG_8"	"Socs1"	0.003160480400933	0.00714870546157813	"HiG"	0.0558019137673397	0.000100182969061651	30.2343426008139	82	85	85	223	NA	NA	NA	NA
"HiG_8"	"Socs2"	0.00146751171852578	0.000939358184574569	"HiG"	0.0203014039404231	3.64477629091976e-05	23.2343399173012	227	235	235	350	NA	NA	NA	NA
"HiG_8"	"Socs3"	0.00499051672633626	0.00550055725244179	"HiG"	0.0882605417151822	0.000158456986921333	27.4997540816714	34	39	39	275	NA	NA	NA	NA
"HiG_8"	"Sorl1"	0.0032908188000117	0.0171881614929917	"HiG"	0.0567056336948984	0.000101805446489943	70.4426457764346	77	81	81	16	NA	NA	NA	NA
"HiG_8"	"Sort1"	0.0023754916103711	0.0191201549019855	"HiG"	0.0398153250427764	7.14817325723094e-05	29.4471818834209	125	124	124	235	NA	NA	NA	NA
"HiG_8"	"Sox4"	0.00152382334016705	0.0146034166918421	"HiG"	0.0243606313918155	4.37354244018232e-05	38.0484915212158	215	200	200	119	NA	NA	NA	NA
"HiG_8"	"Sp140"	0.000494322178248791	0.00262670191837667	"HiG"	0.00460764485317021	8.27225287822299e-06	54	459	433	433	31	NA	NA	NA	NA
"HiG_8"	"Spata13"	0.00045003194872745	6.63616628859729e-06	"HiG"	0.00163290640251777	2.93160934024734e-06	5.50672996313589	470	499	499	527	NA	NA	NA	NA
"HiG_8"	"Spint1"	0.00165740066649393	0.00150893333662935	"HiG"	0.0243676096685989	4.37479527263894e-05	27.6821483397846	190	199	199	273	NA	NA	NA	NA
"HiG_8"	"Spint2"	0.00192612486290141	0.00272084597523187	"HiG"	0.0289545726596081	5.19830747928332e-05	27.4395533746376	165	167	167	277	NA	NA	NA	NA
"HiG_8"	"Spns2"	0.000635851514744497	0.00290696721387012	"HiG"	0.00675202032249627	1.21221190709089e-05	101.07091673947	421	393	393	8	NA	NA	NA	NA
"HiG_8"	"Spp1"	0.00118068431171567	0.000899544878466603	"HiG"	0.0166157419326137	2.98307754625022e-05	25.7431096435625	284	268	268	312	NA	NA	NA	NA
"HiG_8"	"Srm"	0.0019400041880446	0.0240858002335502	"HiG"	0.0323104703554551	5.80080257728099e-05	32.120198224769	162	144	144	203	NA	NA	NA	NA
"HiG_8"	"Srpk1"	0.00438290132861411	0.202478192011744	"HiG"	0.0949728750973696	0.000170507854752908	39.8937752898312	44	35	35	106	NA	NA	NA	NA
"HiG_8"	"Srpk2"	0.0024141440568488	0.0719306420618309	"HiG"	0.0467489009048779	8.39298041380214e-05	35.3232856113882	121	103	103	154	NA	NA	NA	NA
"HiG_8"	"Ssbp1"	0.00405034545466194	0.0736633049996072	"HiG"	0.0744222139791135	0.000133612592422107	33.0616783259839	54	57	57	191	NA	NA	NA	NA
"HiG_8"	"Ssbp2"	0.00152156678590367	0.00294513159951556	"HiG"	0.021510372834764	3.86182636171706e-05	23.0311150009642	216	226	226	355	NA	NA	NA	NA
"HiG_8"	"Ssbp3"	0.000807429811645878	0.00178975508645043	"HiG"	0.00958772145715884	1.72131444473229e-05	38.8096012544276	361	348	348	115	NA	NA	NA	NA
"HiG_8"	"Stat2"	0.00332150947020003	0.00892694343453618	"HiG"	0.0650830367730623	0.000116845667456126	26.0608226292344	75	64	64	306	NA	NA	NA	NA
"HiG_8"	"Stk10"	0.000650832138682603	0.00356880277781246	"HiG"	0.00746219911965484	1.33971258880697e-05	48.3044071341076	417	378	378	52	NA	NA	NA	NA
"HiG_8"	"Stk26"	0.00112072357430227	0.00313162966822096	"HiG"	0.0151005858161953	2.71105669949646e-05	20.004269547917	298	288	288	394	NA	NA	NA	NA
"HiG_8"	"Stom"	0.0018598491898976	0.00131275514947974	"HiG"	0.0250264554914099	4.49307998050446e-05	23.4705755903644	173	194	194	343	NA	NA	NA	NA
"HiG_8"	"Suclg2"	0.00155116431726887	0.0298880551008903	"HiG"	0.0234651598206907	4.21277555129097e-05	48.5428955274197	211	207	207	50	NA	NA	NA	NA
"HiG_8"	"Sun2"	0.0035206416994025	0.00434976165317972	"HiG"	0.0496242320225306	8.90919784964642e-05	16.6085413061087	67	94	94	448	NA	NA	NA	NA
"HiG_8"	"Syce2"	0.000278577398088371	6.26752764962805e-18	"HiG"	0	0	NA	547	547	547	NA	NA	NA	NA	NA
"HiG_8"	"Syne1"	0.00194087683432855	0.012788434872791	"HiG"	0.0297244382180987	5.33652391707338e-05	26.7564982998084	161	164	164	288	NA	NA	NA	NA
"HiG_8"	"Syngr1"	0.000711708094641526	0.00138193093970434	"HiG"	0.00781668446738764	1.40335448247534e-05	33.5952623940632	388	374	374	182	NA	NA	NA	NA
"HiG_8"	"Tap1"	0.00251273092579735	0.0045047282788884	"HiG"	0.0395758795789129	7.10518484361094e-05	26.8357066749736	113	125	125	284	NA	NA	NA	NA
"HiG_8"	"Tbc1d2"	0.00130125941413932	0.000730570548396316	"HiG"	0.0122683894172894	2.20258337832845e-05	6.54978792011716	254	316	316	521	NA	NA	NA	NA
"HiG_8"	"Tbc1d20"	0.000702237439219833	0.000986514462163878	"HiG"	0.00584208233179371	1.04884781540282e-05	41.4752770507908	391	407	407	91	NA	NA	NA	NA
"HiG_8"	"Tbc1d8"	0.00123149539455064	0.00130029041291784	"HiG"	0.0145642390857361	2.61476464734939e-05	25.8611259168482	272	293	293	310	NA	NA	NA	NA
"HiG_8"	"Tcf19"	0.000414033049366401	0.00118270593713148	"HiG"	0.00247386922391333	4.44141691905446e-06	108.581478307074	486	485	485	6	NA	NA	NA	NA
"HiG_8"	"Tcf4"	0.00402516374136002	0.0682247639418888	"HiG"	0.0775995443337911	0.000139316955715963	37.3664675307208	55	53	53	126	NA	NA	NA	NA
"HiG_8"	"Tcn2"	0.000630319379523889	0.000540712616697261	"HiG"	0.00604802139548184	1.08582071732169e-05	34.1802739802725	424	404	404	174	NA	NA	NA	NA
"HiG_8"	"Tfec"	0.0012359948199186	0.000916823903551691	"HiG"	0.0200693880685741	3.60312173583019e-05	30.5143296237981	269	236	236	215	NA	NA	NA	NA
"HiG_8"	"Tfpi"	0.00154724498971336	0.00948859242223023	"HiG"	0.0259522028895867	4.65928238592221e-05	51.3589155844137	212	188	188	42	NA	NA	NA	NA
"HiG_8"	"Tgif2"	0.000514652175952147	0.000314735379826749	"HiG"	0.00398263952390047	7.1501607251355e-06	31.2581555791704	451	450	450	207	NA	NA	NA	NA
"HiG_8"	"Thbs1"	0.0054635632965341	0.00611660285250385	"HiG"	0.0984400169946134	0.000176732526022645	25.7124049302798	28	32	32	313	NA	NA	NA	NA
"HiG_8"	"Thumpd1"	0.00186385922207602	0.0660151638281139	"HiG"	0.0407603538319318	7.31783731273462e-05	29.7437610543443	172	119	119	233	NA	NA	NA	NA
"HiG_8"	"Thy1"	0.00314784216726213	0.0188487209124074	"HiG"	0.0535456088993627	9.61321524225542e-05	35.6190875599317	83	90	90	146	NA	NA	NA	NA
"HiG_8"	"Tifab"	0.000937822909451139	0.00497745382911252	"HiG"	0.0139058355909814	2.49655935206129e-05	21.9527189779421	338	304	304	379	NA	NA	NA	NA
"HiG_8"	"Timm9"	0.000683373867847765	0.00151192441383186	"HiG"	0.00654273263130879	1.17463781531576e-05	17.722240076061	401	397	397	430	NA	NA	NA	NA
"HiG_8"	"Tinagl1"	0.00041039460159796	2.79411410601938e-05	"HiG"	0.00256468625083981	4.60446364603197e-06	15	488	482	482	461.5	NA	NA	NA	NA
"HiG_8"	"Tlr2"	0.00354514898286025	0.00348012812192413	"HiG"	0.0631323501989838	0.000113343537161551	26.7111405384656	64	70	70	290	NA	NA	NA	NA
"HiG_8"	"Tmed3"	0.000390421165619982	0.00398601428446044	"HiG"	0.00250260258205604	4.49300284031605e-06	34.5948857127565	499	484	484	167	NA	NA	NA	NA
"HiG_8"	"Tmem108"	0.000278577398088371	6.26752764962805e-18	"HiG"	0	0	NA	547	547	547	NA	NA	NA	NA	NA
"HiG_8"	"Tmem154"	0.000353613086861882	1.94636219243626e-08	"HiG"	0.000196680430217104	3.53106696978643e-07	2	508	531	531	535	NA	NA	NA	NA
"HiG_8"	"Tmem176a"	0.000543922619062854	5.11984591143427e-06	"HiG"	0.00280332738896353	5.03290375038335e-06	6	445	479	479	523	NA	NA	NA	NA
"HiG_8"	"Tmem176b"	0.00109437802524475	0.000273249832418044	"HiG"	0.00982763095812092	1.76438616842386e-05	17.0514295794704	302	343	343	441	NA	NA	NA	NA
"HiG_8"	"Tmem216"	0.00106466654075311	0.00137320968267911	"HiG"	0.0129000722397498	2.31599142544881e-05	17.8352656864831	307	310	310	429	NA	NA	NA	NA
"HiG_8"	"Tmem40"	0.0003210380458145	3.98692957273234e-05	"HiG"	0.000844955232084065	1.51697528201807e-06	48	524	516	516	54.5	NA	NA	NA	NA
"HiG_8"	"Tmem64"	0.000278577398088371	6.26752764962805e-18	"HiG"	0	0	NA	547	547	547	NA	NA	NA	NA	NA
"HiG_8"	"Tmem86a"	0.00105238461000212	3.51682325280713e-05	"HiG"	0.0045040542508671	8.08627334087451e-06	9.57745119931705	308	437	437	504	NA	NA	NA	NA
"HiG_8"	"Tmx4"	0.00142354173569722	0.000651602852438885	"HiG"	0.017180765188336	3.08451798713393e-05	18.9269388835849	234	262	262	416	NA	NA	NA	NA
"HiG_8"	"Tnf"	0.00341256124524948	0.0079744270848137	"HiG"	0.0612061541804482	0.000109885375548381	36.0952568302305	70	75	75	140	NA	NA	NA	NA
"HiG_8"	"Tnfaip2"	0.00076872906159521	0.00198459552643691	"HiG"	0.00931777936200514	1.67285087289141e-05	38.3076515099809	372	354	354	116	NA	NA	NA	NA
"HiG_8"	"Tnfrsf1b"	0.00373923849099143	0.0259762613103621	"HiG"	0.0729655299015104	0.000130997360684938	36.0405364221484	61	58	58	141	NA	NA	NA	NA
"HiG_8"	"Tob1"	0.000687919189238046	0.0105040119616516	"HiG"	0.00880890412940169	1.58149086703801e-05	76.4107084418261	398	363	363	14	NA	NA	NA	NA
"HiG_8"	"Tor3a"	0.000853037049272074	0.000657356255824048	"HiG"	0.00869657363824399	1.5613238129702e-05	14.5785732409779	350	364	364	467	NA	NA	NA	NA
"HiG_8"	"Tpd52"	0.00135571716411622	0.00263590151614423	"HiG"	0.0176221559500024	3.1637622890489e-05	17.4237180128459	245	261	261	435	NA	NA	NA	NA
"HiG_8"	"Trem1"	0.000997522618143716	0.000727771377275302	"HiG"	0.013610339210644	2.44350793727899e-05	28.7612734991034	320	308	308	250	NA	NA	NA	NA
"HiG_8"	"Trib3"	0.00186954763660786	0.00582129117183672	"HiG"	0.0282785748161791	5.07694341403574e-05	29.8588937254249	171	173	173	230	NA	NA	NA	NA
"HiG_8"	"Trip6"	0.00257935609898944	0.0099715388352949	"HiG"	0.0421093421527645	7.56002552114263e-05	36.3183340697197	105	115	115	138	NA	NA	NA	NA
"HiG_8"	"Tspan2"	0.00118581298183828	0.000675436367235759	"HiG"	0.0158643822063299	2.84818351998742e-05	15.3508033371161	281	280	280	455	NA	NA	NA	NA
"HiG_8"	"Tspan3"	0.0027026941254015	0.000706894131752691	"HiG"	0.0384081522315652	6.895539000281e-05	13.0042498928987	100	129	129	479	NA	NA	NA	NA
"HiG_8"	"Tusc1"	0.000396074935786971	0.00573261623470245	"HiG"	0.00297344659972984	5.33832423649881e-06	41	497	473	473	97.5	NA	NA	NA	NA
"HiG_8"	"Tyrobp"	0.00600241970006591	0.00751666294810387	"HiG"	0.108720133637488	0.000195188749798003	21.7034382719593	22	23	23	382	NA	NA	NA	NA
"HiG_8"	"Unc13d"	0.00131203636940263	0.00414624757748865	"HiG"	0.0216798380758299	3.89225100104666e-05	34.8143909245961	253	224	224	163	NA	NA	NA	NA
"HiG_8"	"Vldlr"	0.00176720642170478	0.00221041112243139	"HiG"	0.0276760453274338	4.96876935860572e-05	23.7069023740755	178	178	178	339	NA	NA	NA	NA
"HiG_8"	"Vsir"	0.00219872711515715	0.00111707872821032	"HiG"	0.0305502560748045	5.48478565077281e-05	25.6268521898228	132	157	157	315	NA	NA	NA	NA
"HiG_8"	"Wdr12"	0.0032377024449639	0.167777705056443	"HiG"	0.0781720285574234	0.000140344755040257	27.6240305823128	80	52	52	274	NA	NA	NA	NA
"HiG_8"	"Wdr36"	0.00421259376678396	0.379883177823086	"HiG"	0.107434169147622	0.00019288001642302	37.047566341284	50	25	25	131	NA	NA	NA	NA
"HiG_8"	"Wipi1"	0.000699689180539807	0.00138891714478171	"HiG"	0.00668733859734473	1.20059938911036e-05	15.2449783983566	393	395	395	458	NA	NA	NA	NA
"HiG_8"	"Xpc"	0.00125783270085671	0.0633739092140867	"HiG"	0.0228548610104248	4.10320664460051e-05	32.5976718464598	267	211	211	199	NA	NA	NA	NA
"HiG_8"	"Ydjc"	0.000336180294689004	0.000425620516036709	"HiG"	0.000956990198976868	1.7181152584863e-06	44	513	513	513	69.5	NA	NA	NA	NA
"HiG_8"	"Ypel3"	0.000634627336392903	0.00309599506940239	"HiG"	0.00556883174419824	9.99790259281551e-06	19.027291443051	422	413	413	415	NA	NA	NA	NA
"HiG_8"	"Zc3h7b"	0.00107994332148163	0.0294165770537613	"HiG"	0.0163793029502596	2.94062889591734e-05	59.0561901589372	305	274	274	24	NA	NA	NA	NA
"HiG_8"	"Zdhhc8"	0.000471129425652998	0.000430690136366756	"HiG"	0.00359968550915236	6.46263107567749e-06	42.5428176870705	465	458	458	83	NA	NA	NA	NA
"HiG_8"	"Zmpste24"	0.000969714348767961	0.00120788156307039	"HiG"	0.00968324966191223	1.73846493032535e-05	17.0392002483466	326	347	347	442	NA	NA	NA	NA
"HiG_9"	"Aatk"	0.000652239282548872	0.00100704337744566	"HiG"	0.00301349508728225	6.77189907254439e-06	11.7233663975484	356	349	349	371	NA	NA	NA	NA
"HiG_9"	"Abhd5"	0.00176955952875386	0.000231621615674656	"HiG"	0.0102651125705572	2.30676686978812e-05	13.9121382131665	201	250	250	345	NA	NA	NA	NA
"HiG_9"	"Abtb1"	0.000475599304518473	0.00132234384560371	"HiG"	0.00129787868138694	2.91658130648751e-06	32.0802658674043	392	381	381	69	NA	NA	NA	NA
"HiG_9"	"Acod1"	0.000772632835562411	7.24943960070829e-07	"HiG"	0.00172830397620317	3.88382916000713e-06	11	335	370	370	375	NA	NA	NA	NA
"HiG_9"	"Acsbg1"	0.000681264180705193	0.00195091833006283	"HiG"	0.00333530441204259	7.49506609447772e-06	18.4561606213716	349	341	341	274	NA	NA	NA	NA
"HiG_9"	"Acta2"	0.00296293176905916	0.0111320881874384	"HiG"	0.0222011001897055	4.98901127858551e-05	12.2354146109096	104	139	139	358	NA	NA	NA	NA
"HiG_9"	"Acy1"	0.000358166189113868	0	"HiG"	0	0	NA	430.5	430.5	430.5	NA	NA	NA	NA	NA
"HiG_9"	"Adam8"	0.000876023854160882	0.00506445812177368	"HiG"	0.00608125004099621	1.3665730429205e-05	27.3298395236959	318	298	298	132	NA	NA	NA	NA
"HiG_9"	"Adgre1"	0.00144213593049236	0.000258912669903034	"HiG"	0.0123066447127927	2.76553813770623e-05	14.7844974180671	252	232	232	334	NA	NA	NA	NA
"HiG_9"	"Adgre5"	0.00358994367582473	0.00153143715737814	"HiG"	0.031850832343762	7.15749041432855e-05	10.9749117117859	78	96	96	377	NA	NA	NA	NA
"HiG_9"	"Adgrg1"	0.00131847393177721	0.000234350805850709	"HiG"	0.00977171193422382	2.19589032229749e-05	14.0981538569724	260	255	255	344	NA	NA	NA	NA
"HiG_9"	"Adora2b"	0.00189043845591076	0.00108640434540635	"HiG"	0.017084312757431	3.83917140616428e-05	16.4567434807153	183	183	183	306	NA	NA	NA	NA
"HiG_9"	"Agpat2"	0.00238777459408211	0	"HiG"	0.000890839245980202	2.00188594602293e-06	1	136	393.5	393.5	411.5	NA	NA	NA	NA
"HiG_9"	"Ahnak"	0.00273833916125721	0.0176134952579283	"HiG"	0.0225385629121065	5.06484559822619e-05	24.497224416189	116	138	138	162	NA	NA	NA	NA
"HiG_9"	"Alcam"	0.00107242931179947	0.000714696894815512	"HiG"	0.0082886220576153	1.86261169834052e-05	24.2388245973578	292	269	269	170	NA	NA	NA	NA
"HiG_9"	"Aldh2"	0.000781665261243363	0.000173059911603303	"HiG"	0.00343444928057897	7.71786355186285e-06	11.7929688372635	333	340	340	369	NA	NA	NA	NA
"HiG_9"	"Aldoc"	0.0011362285614511	0.00089649635058136	"HiG"	0.00795876804196311	1.78848720044115e-05	16.4652084739015	280	277	277	305	NA	NA	NA	NA
"HiG_9"	"Alox15"	0.000493561199244239	1.28059709697868e-05	"HiG"	0.0013317552383236	2.9927084007272e-06	12.6588299185091	387	380	380	357	NA	NA	NA	NA
"HiG_9"	"Amigo2"	0.0017535078231216	0.00165212669610924	"HiG"	0.01688976627187	3.79545309480226e-05	31.1160939994597	202	184	184	79	NA	NA	NA	NA
"HiG_9"	"Anpep"	0.00165170418061444	0.0164529714724316	"HiG"	0.0146533397599812	3.29288533932161e-05	27.67069801445	216	203	203	127	NA	NA	NA	NA
"HiG_9"	"Antxr2"	0.000538960563265703	9.40047958673505e-05	"HiG"	0.00199029842098461	4.47258072131374e-06	20	374	364	364	240	NA	NA	NA	NA
"HiG_9"	"Anxa1"	0.00420076215863372	0.0103938522387851	"HiG"	0.0436658637526862	9.81255365228904e-05	22.7456217063204	62	66	66	197	NA	NA	NA	NA
"HiG_9"	"Anxa3"	0.00150596034195597	0.00101074551844666	"HiG"	0.0140969809679237	3.16786089166824e-05	16.7196587673696	240	218	218	301	NA	NA	NA	NA
"HiG_9"	"Anxa6"	0.00169151849421112	0.00260725120861739	"HiG"	0.0141942225672747	3.18971293646622e-05	29.9721010861524	211	215	215	97	NA	NA	NA	NA
"HiG_9"	"Apex1"	0.00806040583610202	0.186498330795263	"HiG"	0.0897936198042868	0.000201783415290532	20.2275763148962	12	14	14	235	NA	NA	NA	NA
"HiG_9"	"Aqp9"	0.00155479037091986	0.00176028871596114	"HiG"	0.0113902088315474	2.55959749023537e-05	24.3295443606732	229	241	241	169	NA	NA	NA	NA
"HiG_9"	"Arhgef18"	0.00110468800661228	4.63253515811851e-05	"HiG"	0.00388473543863688	8.72974255873457e-06	10.5106606308464	286	328	328	381	NA	NA	NA	NA
"HiG_9"	"Arhgef3"	0.000899752980866516	0.00135410106729304	"HiG"	0.0037662515224688	8.46348656734562e-06	18.9088612199684	311	330	330	262	NA	NA	NA	NA
"HiG_9"	"Arl4c"	0.00316235519469384	0.0017294641784624	"HiG"	0.0211951385092303	4.76295247398433e-05	16.89609411721	98	147	147	300	NA	NA	NA	NA
"HiG_9"	"Arnt2"	0.00177637259569552	0.000738650193544727	"HiG"	0.014688169346855	3.3007122127764e-05	15.4786460141318	200	202	202	328	NA	NA	NA	NA
"HiG_9"	"Asb2"	0.000987092784659854	0.000310295626117443	"HiG"	0.00802214467615591	1.80272914070919e-05	23.3176872273597	302	273	273	184	NA	NA	NA	NA
"HiG_9"	"Atp1b1"	0.00188122832420293	0.00261398138682127	"HiG"	0.0168365052360837	3.78348432271545e-05	18.1213428366406	184	187	187	280	NA	NA	NA	NA
"HiG_9"	"Avil"	0.000806389078653443	0.000332295737583832	"HiG"	0.00458339702624399	1.02997685983011e-05	14.846069277437	329	316	316	333	NA	NA	NA	NA
"HiG_9"	"B4galnt4"	0.000358166189113868	0	"HiG"	0	0	NA	430.5	430.5	430.5	NA	NA	NA	NA	NA
"HiG_9"	"Bcar3"	0.00386808058325642	0.00529986092176342	"HiG"	0.0435478523456518	9.78603423497793e-05	22.983337970383	70	67	67	190	NA	NA	NA	NA
"HiG_9"	"Bcl2"	0.00481672434150463	0.0398160420955554	"HiG"	0.0529504031097151	0.000118989669909472	26.3375507615057	42	46	46	146	NA	NA	NA	NA
"HiG_9"	"Bex4"	0.000358166189113868	0	"HiG"	0	0	NA	430.5	430.5	430.5	NA	NA	NA	NA	NA
"HiG_9"	"Bfsp2"	0.000374432241653289	1.3898803925528e-07	"HiG"	5.4650796538666e-05	1.22810778738575e-07	5	412	412	412	399.5	NA	NA	NA	NA
"HiG_9"	"Bmpr1a"	0.00261310154086536	0.00458545406052589	"HiG"	0.024831260759472	5.58005859763416e-05	18.5460473474195	121	127	127	273	NA	NA	NA	NA
"HiG_9"	"Bnip3"	0.00243783763073243	0.00994485407862293	"HiG"	0.0211691393050316	4.75710995618689e-05	20.7831240267672	131	148	148	228	NA	NA	NA	NA
"HiG_9"	"Bri3"	0.000633361301176095	0.000232024614163025	"HiG"	0.0036035355152622	8.09783261856674e-06	37	361	336	336	46	NA	NA	NA	NA
"HiG_9"	"Bst2"	0.000569629205329624	0.000721595071733043	"HiG"	0.00248314515251385	5.58010146632326e-06	15.7307033017904	367	356	356	322	NA	NA	NA	NA
"HiG_9"	"Btg1"	0.00154731818354257	0.0122722824997209	"HiG"	0.0115291008755348	2.59080918551345e-05	16.9838661002447	232	239	239	298	NA	NA	NA	NA
"HiG_9"	"Btg2"	0.00150245323428461	0.0177460784864757	"HiG"	0.0115360585082917	2.59237269849252e-05	14.2570418123806	241	238	238	339	NA	NA	NA	NA
"HiG_9"	"C3ar1"	0.00455341661896038	0.00161604752999555	"HiG"	0.0462602325597082	0.000103955578785861	21.0883824712911	50	63	63	224	NA	NA	NA	NA
"HiG_9"	"C5ar1"	0.00350122877583593	0.00129052105486354	"HiG"	0.0351352973332559	7.89557243443952e-05	16.9445952614791	84	82	82	299	NA	NA	NA	NA
"HiG_9"	"C5ar2"	0.00160019708908666	0.000431404713309839	"HiG"	0.014234758772905	3.19882219615842e-05	21.1782306084798	224	213	213	223	NA	NA	NA	NA
"HiG_9"	"Cad"	0.00613620497045036	0.148977451043674	"HiG"	0.0732190808677397	0.000164537260376943	35.3014976094165	24	24	24	52	NA	NA	NA	NA
"HiG_9"	"Camp"	0.00294400660547165	0.00322275334675074	"HiG"	0.0320259836713681	7.19685026322878e-05	19.0495779123353	105	95	95	258	NA	NA	NA	NA
"HiG_9"	"Capg"	0.00270504978139201	0.00798585331450288	"HiG"	0.0254371162556797	5.71620590015274e-05	29.5322674944918	119	124	124	105	NA	NA	NA	NA
"HiG_9"	"Capn2"	0.00163745732793424	0.0091278971748696	"HiG"	0.0126922626674861	2.85219385786206e-05	23.4655850574727	218	228	228	183	NA	NA	NA	NA
"HiG_9"	"Ccl3"	0.0045402129817602	0.0126207330695254	"HiG"	0.0478802516419916	0.000107596071105599	29.6012040698331	52	58	58	103	NA	NA	NA	NA
"HiG_9"	"Ccl4"	0.0027832382282755	0.00198863059856551	"HiG"	0.0285136145208478	6.40755382490961e-05	22.0959648634762	114	113	113	207	NA	NA	NA	NA
"HiG_9"	"Ccpg1"	0.00137779276855044	0.00068160893680316	"HiG"	0.0084916083666947	1.90822659925724e-05	16.1644867320849	256	268	268	313	NA	NA	NA	NA
"HiG_9"	"Ccr1"	0.010891851380569	0.00743604946217247	"HiG"	0.112922229236319	0.000253757818508582	16.5806532879764	5	8	8	302	NA	NA	NA	NA
"HiG_9"	"Ccr2"	0.00150123038312033	0.000710797662912082	"HiG"	0.0127155894513736	2.85743583176935e-05	19.4438646060382	242	227	227	251	NA	NA	NA	NA
"HiG_9"	"Cd244"	0.00297301551222686	0.00205941464859198	"HiG"	0.0335651357982815	7.54272714568123e-05	30.0959136053261	103	89	89	95	NA	NA	NA	NA
"HiG_9"	"Cd274"	0.00425022968947746	0.0106815186914902	"HiG"	0.0486991861876616	0.000109436373455419	22.864302292607	61	55	55	195	NA	NA	NA	NA
"HiG_9"	"Cd300lb"	0.000519275195143985	0.000232352297053357	"HiG"	0.00192560346278722	4.32719879278027e-06	53.5170543366538	377	365	365	17	NA	NA	NA	NA
"HiG_9"	"Cd300lf"	0.00162166015707132	0.000403142041328705	"HiG"	0.0143925941354041	3.23429081694475e-05	21.7887142484139	220	211	211	214	NA	NA	NA	NA
"HiG_9"	"Cd33"	0.00261082309736934	0.00135111482976345	"HiG"	0.0279920413156095	6.2903463630583e-05	28.1448073750831	123	116	116	118	NA	NA	NA	NA
"HiG_9"	"Cd48"	0.00564539149800416	0.00322030680278162	"HiG"	0.0652338578464762	0.000146592938980845	20.9438496170388	30	32	32	227	NA	NA	NA	NA
"HiG_9"	"Cd52"	0.00219748350329814	0.000936051928296971	"HiG"	0.0218319638510414	4.90605929236885e-05	22.399744546489	157	143	143	203	NA	NA	NA	NA
"HiG_9"	"Cd55"	0.00193488978101507	0.01628523740205	"HiG"	0.0187487707850903	4.21320691799783e-05	30.2304200260771	181	166	166	93	NA	NA	NA	NA
"HiG_9"	"Cd69"	0.00162808537248234	0.000575970603002177	"HiG"	0.0144693167935706	3.25153186372374e-05	22.459064036995	219	209	209	202	NA	NA	NA	NA
"HiG_9"	"Cd82"	0.000674361252154614	0.000744240024454818	"HiG"	0.00397680910985172	8.93664968506005e-06	24.9953135100663	351	324	324	159	NA	NA	NA	NA
"HiG_9"	"Cd84"	0.00350043987148704	0.00188139415744604	"HiG"	0.0378636728373043	8.50869052523692e-05	23.134100824294	85	78	78	188	NA	NA	NA	NA
"HiG_9"	"Cd93"	0.0018708383545797	0.000376590407124711	"HiG"	0.0168699332716121	3.7909962408117e-05	17.4121777095193	185	186	186	290	NA	NA	NA	NA
"HiG_9"	"Cdh1"	0.00847045235567011	0.0298676510670905	"HiG"	0.0854770729389855	0.000192083309975248	20.11304709885	9	18	18	238	NA	NA	NA	NA
"HiG_9"	"Cdh17"	0.000358166189113868	0	"HiG"	0	0	NA	430.5	430.5	430.5	NA	NA	NA	NA	NA
"HiG_9"	"Cdk18"	0.00161173718215688	0.000965741119785452	"HiG"	0.0129542761699	2.91107329660673e-05	17.5915607390579	221	224	224	287	NA	NA	NA	NA
"HiG_9"	"Cdk6"	0.00332940972198174	0.0549095484358048	"HiG"	0.0378686468679854	8.50980828494053e-05	30.4717729720029	92	77	77	88	NA	NA	NA	NA
"HiG_9"	"Cdkn2b"	0.00218558320775677	0.00991007621767268	"HiG"	0.0231049186244775	5.1921165448264e-05	18.5643331844339	158	135	135	272	NA	NA	NA	NA
"HiG_9"	"Cdkn3"	0.00227524467701809	0.0134272702624272	"HiG"	0.0245385892213118	5.51428971265434e-05	17.2046282453754	147	129	129	294	NA	NA	NA	NA
"HiG_9"	"Cebpa"	0.00832972932826894	0.10591543261422	"HiG"	0.0981816172121229	0.000220632847667692	20.3066190592201	10	13	13	232	NA	NA	NA	NA
"HiG_9"	"Cebpd"	0.00148536597791079	0.00933137023982431	"HiG"	0.0145679602018182	3.27369892175689e-05	25.382137430339	244	204	204	155	NA	NA	NA	NA
"HiG_9"	"Cebpe"	0.00172864647578694	0.00660543120657401	"HiG"	0.0174835648881488	3.92889098610085e-05	28.3457367743643	206	178	178	117	NA	NA	NA	NA
"HiG_9"	"Cenpv"	0.00173007641426996	0.0798973593444113	"HiG"	0.0216045243812265	4.85494929915203e-05	45.5027861439879	205	145	145	26	NA	NA	NA	NA
"HiG_9"	"Cfp"	0.00147777348395839	0.000531571093591982	"HiG"	0.0147293893224607	3.30997512864285e-05	33.2688996447409	246	201	201	60	NA	NA	NA	NA
"HiG_9"	"Ckap4"	0.00486768635837576	0.0229078003630224	"HiG"	0.0466661749759834	0.000104867808934794	21.4874980653518	40	61	61	217	NA	NA	NA	NA
"HiG_9"	"Clec4d"	0.00155106905770551	0.00807028529075047	"HiG"	0.0145457555229413	3.26870910627894e-05	18.1502831128747	231	206	206	279	NA	NA	NA	NA
"HiG_9"	"Clec4e"	0.00323471366564849	0.00539785923211608	"HiG"	0.0315351421434373	7.08654879627805e-05	25.5802824098307	96	98	98	152	NA	NA	NA	NA
"HiG_9"	"Cluh"	0.00129188972119525	0.0278485280479468	"HiG"	0.0124768726763273	2.80379161265783e-05	14.9103651382479	266	231	231	331	NA	NA	NA	NA
"HiG_9"	"Cnn2"	0.00119327683306266	0.00282247915349778	"HiG"	0.00888211801094234	1.99598157549266e-05	32.0890332734497	274	264	264	68	NA	NA	NA	NA
"HiG_9"	"Cnp"	0.00184920341622862	0.0326234236516214	"HiG"	0.0179438064147908	4.0323160482676e-05	44.3341431879383	187	173	173	28	NA	NA	NA	NA
"HiG_9"	"Cobl"	0.000546940457317691	5.08241890822941e-05	"HiG"	0.00186438325575747	4.18962529383701e-06	31	372	367	367	80	NA	NA	NA	NA
"HiG_9"	"Col18a1"	0.00183580368145749	0.00402899237548155	"HiG"	0.0158587940989658	3.56377395482378e-05	18.8438147246803	191	195	195	266	NA	NA	NA	NA
"HiG_9"	"Cpa3"	0.00103849129266992	0.000963987770670133	"HiG"	0.00749523977478717	1.68432354489599e-05	18.0341541868672	294	283	283	282	NA	NA	NA	NA
"HiG_9"	"Cpne3"	0.00118085667828097	0.018445705704928	"HiG"	0.0107612985775458	2.41826934326872e-05	35.2438079506161	277	247	247	53	NA	NA	NA	NA
"HiG_9"	"Creb3l1"	0.00178483569908419	0.00198360475406043	"HiG"	0.0120587302314264	2.70982701829807e-05	15.7977971730473	199	236	236	321	NA	NA	NA	NA
"HiG_9"	"Creb3l2"	0.00227988759466996	0.000873496678759267	"HiG"	0.0183519227952208	4.12402759443163e-05	13.1575085281036	146	170	170	352	NA	NA	NA	NA
"HiG_9"	"Crisp1"	0.00238777459408029	0	"HiG"	0.00221069285449537	4.96784911122554e-06	1	139	360.5	360.5	411.5	NA	NA	NA	NA
"HiG_9"	"Csf1"	0.00201685663430522	0.0106161079158929	"HiG"	0.0210710049945061	4.7350573021362e-05	35.6442106346885	172	149	149	51	NA	NA	NA	NA
"HiG_9"	"Csf2rb"	0.00570832748578547	0.0037244921144264	"HiG"	0.068408817236318	0.000153727679182737	31.6388818447475	29	30	30	73	NA	NA	NA	NA
"HiG_9"	"Csrp3"	0.00107644016353826	0.000536110737242076	"HiG"	0.00424097991151268	9.53029193598356e-06	13.7592242035858	289	322	322	347	NA	NA	NA	NA
"HiG_9"	"Cstb"	0.00107792782548583	0.0146337936740199	"HiG"	0.00924557646476256	2.07765763253091e-05	41.4279835215257	288	258	258	30	NA	NA	NA	NA
"HiG_9"	"Ctsb"	0.00461880537954043	0.0136397965293847	"HiG"	0.0492973805901314	0.000110780630539621	23.2700125947121	47	53	53	186	NA	NA	NA	NA
"HiG_9"	"Ctsc"	0.00223934565063657	0.00196686263134953	"HiG"	0.0238933699815161	5.36929662505979e-05	22.3478004045579	154	130	130	204	NA	NA	NA	NA
"HiG_9"	"Ctsd"	0.0036075865201507	0.0346240472345471	"HiG"	0.0420084592080737	9.44010319282554e-05	26.588293999595	76	69	69	144	NA	NA	NA	NA
"HiG_9"	"Ctsg"	0.00436173999056417	0.00211599576944509	"HiG"	0.0467317418797383	0.000105015150291547	18.8711142907988	56	60	60	265	NA	NA	NA	NA
"HiG_9"	"Cxcr2"	0.00368876747556952	0.000597034872847854	"HiG"	0.0338771535369497	7.61284349144938e-05	16.2466374014048	73	88	88	310	NA	NA	NA	NA
"HiG_9"	"Cyba"	0.00301385655496811	0.0134647808635219	"HiG"	0.0351132593510326	7.89062007888373e-05	22.8724822409747	102	83	83	194	NA	NA	NA	NA
"HiG_9"	"Cyp11a1"	0.000358166189113868	0	"HiG"	0	0	NA	430.5	430.5	430.5	NA	NA	NA	NA	NA
"HiG_9"	"Cystm1"	0.000588394254263032	0.00011300413403217	"HiG"	0.00275490043575895	6.19078749608752e-06	9	364	351	351	387	NA	NA	NA	NA
"HiG_9"	"Daxx"	0.0042815339223711	0.0870749379129991	"HiG"	0.0483452377966158	0.00010864098381262	30.7259075189321	60	56	56	84	NA	NA	NA	NA
"HiG_9"	"Dctpp1"	0.000828583569478099	0.0301480994415455	"HiG"	0.00673769934313246	1.51408974002977e-05	79.1208802893734	326	290	290	5	NA	NA	NA	NA
"HiG_9"	"Ddx21"	0.00867267860963549	0.417696858008943	"HiG"	0.129613068651308	0.000291265322811927	29.5390315729172	7	6	6	104	NA	NA	NA	NA
"HiG_9"	"Dkc1"	0.00758949884916909	0.470529791591434	"HiG"	0.122409867364142	0.000275078353627285	29.8308090865018	13	7	7	98	NA	NA	NA	NA
"HiG_9"	"Dnase2b"	0.00180420254454585	0.000254358238889552	"HiG"	0.0112444591269473	2.5268447476286e-05	6.35974468790061	194	245	245	396	NA	NA	NA	NA
"HiG_9"	"Dok3"	0.00146567491781367	0.000315946281865925	"HiG"	0.00655139214597731	1.4722229541522e-05	19.2599479192537	248	294	294	255	NA	NA	NA	NA
"HiG_9"	"Dusp1"	0.00174557108478714	0.0153385981143433	"HiG"	0.0132489145733719	2.97728417379145e-05	28.790511977616	203	221	221	113	NA	NA	NA	NA
"HiG_9"	"Dusp10"	0.00101051349003995	0.000497330935249932	"HiG"	0.00605568809441356	1.36082878526147e-05	15.9955546670415	299	299	299	315	NA	NA	NA	NA
"HiG_9"	"Dusp6"	0.00210952244896184	0.0157119490263047	"HiG"	0.0188891244470455	4.24474706675179e-05	29.7624498327631	164	164	164	99	NA	NA	NA	NA
"HiG_9"	"E2f2"	0.00186966912605138	0.017058325233455	"HiG"	0.0200311771054565	4.50138811358574e-05	27.7616557967958	186	153	153	126	NA	NA	NA	NA
"HiG_9"	"Egln3"	0.00276748340522836	0.0200771140512941	"HiG"	0.029163422255247	6.55357803488696e-05	15.6231913529159	115	111	111	325	NA	NA	NA	NA
"HiG_9"	"Egr1"	0.00193670146999682	0.0162459691678119	"HiG"	0.0197418989993411	4.43638179760473e-05	31.5873970158396	180	157	157	75	NA	NA	NA	NA
"HiG_9"	"Eif1ad"	0.000785131144181119	2.46274404643102e-05	"HiG"	0.00305032172728758	6.85465556693837e-06	9.52989339116129	332	347	347	383	NA	NA	NA	NA
"HiG_9"	"Entpd5"	0.00103543927498758	0.000597019197004073	"HiG"	0.00546217183664418	1.2274543453133e-05	6.66730776925965	295	309	309	395	NA	NA	NA	NA
"HiG_9"	"Epx"	0.000358166189113868	0	"HiG"	0	0	NA	430.5	430.5	430.5	NA	NA	NA	NA	NA
"HiG_9"	"Erg"	0.00169906787564601	0.0608149280835123	"HiG"	0.0203023969013676	4.5623363823298e-05	31.6394325330953	208	152	152	72	NA	NA	NA	NA
"HiG_9"	"Ets1"	0.00271323148488921	0.0280711878716832	"HiG"	0.0301567769714582	6.77680381381083e-05	30.2608823483336	117	107	107	91	NA	NA	NA	NA
"HiG_9"	"Exosc2"	0.00194868798942094	0.105479655623096	"HiG"	0.0260396839859767	5.85161437887116e-05	30.4403539980114	179	123	123	89	NA	NA	NA	NA
"HiG_9"	"Eya2"	0.00170130161566292	0.000741805947790011	"HiG"	0.0129001613378484	2.89891266019065e-05	12.9053856735428	207	226	226	354	NA	NA	NA	NA
"HiG_9"	"F10"	0.000978469109603316	0.000338202406968422	"HiG"	0.00758513208555112	1.70452406416879e-05	19.5743113558587	305	282	282	249	NA	NA	NA	NA
"HiG_9"	"F2r"	0.00204578787050125	0.000487950197425709	"HiG"	0.0164933562677273	3.70637219499489e-05	8.176911849499	168	189	189	388	NA	NA	NA	NA
"HiG_9"	"F2rl2"	0.00126680682924866	0.000327985014106696	"HiG"	0.00908309700193244	2.04114539369268e-05	22.621342382639	268	260	260	200	NA	NA	NA	NA
"HiG_9"	"Faah"	0.00070920544107098	1.94707177388526e-05	"HiG"	0.00379282135160204	8.52319404854391e-06	15	342	329	329	330	NA	NA	NA	NA
"HiG_9"	"Fabp5"	0.000892671285281523	0.0302455950148784	"HiG"	0.00801213708965794	1.80048024486695e-05	61.5092840878365	316	274	274	11	NA	NA	NA	NA
"HiG_9"	"Fam136a"	0.000733266910625309	0.00203920894760826	"HiG"	0.00395551815915377	8.88880485203095e-06	28.9916349039371	338	326	326	110	NA	NA	NA	NA
"HiG_9"	"Fam216a"	0.000445460154664483	1.52685948601095e-07	"HiG"	0.000364011215504171	8.18002731470046e-07	11	398	409	409	375	NA	NA	NA	NA
"HiG_9"	"Far2"	0.00104224713413748	1.42395318545465e-06	"HiG"	0.00160632530034937	3.60971977606601e-06	3.17823402477703	293	374	374	406	NA	NA	NA	NA
"HiG_9"	"Farsb"	0.00226875650607807	0.0766720438468786	"HiG"	0.026312092971138	5.91282988115462e-05	35.8399265600438	148	121	121	49	NA	NA	NA	NA
"HiG_9"	"Fbl"	0.0138260296101642	1	"HiG"	0.229782845983798	0.000516365946031006	28.478018325086	3	2	2	116	NA	NA	NA	NA
"HiG_9"	"Fcer1a"	0.00285169441054361	0.00119604413791627	"HiG"	0.0303466163071242	6.8194643386796e-05	21.22605412298	107	105	105	222	NA	NA	NA	NA
"HiG_9"	"Fcer1g"	0.00757734092594818	0.00504385690059176	"HiG"	0.087858155288414	0.000197434056827897	22.7920561364047	14	16	16	196	NA	NA	NA	NA
"HiG_9"	"Fez1"	0.00270875948729109	0.00218904493315207	"HiG"	0.0221415695211161	4.97563360025082e-05	11.6499400599202	118	140	140	372	NA	NA	NA	NA
"HiG_9"	"Fgfr1"	0.00930767684456478	0.0118557111521755	"HiG"	0.10371316950532	0.000233063302259147	21.4198697258668	6	10	10	219	NA	NA	NA	NA
"HiG_9"	"Flrt3"	0.000828650747137496	0.000628733415869241	"HiG"	0.0061676405946351	1.3859866504798e-05	41	325	297	297	31	NA	NA	NA	NA
"HiG_9"	"Frmd4b"	0.000499938246639601	0.000432250692957851	"HiG"	0.00168311873585696	3.78228929406058e-06	50	384	372	372	21.5	NA	NA	NA	NA
"HiG_9"	"Fth1"	0.00195627637321233	0.00757514171332639	"HiG"	0.0163326293283266	3.67025378164644e-05	21.7437463526484	177	192	192	216	NA	NA	NA	NA
"HiG_9"	"Furin"	0.00199069414799009	0.00800869724717818	"HiG"	0.0170964825409163	3.84190618896995e-05	17.2019742741516	175	182	182	295	NA	NA	NA	NA
"HiG_9"	"Fyn"	0.0139353172946032	0.0204198025478299	"HiG"	0.151742066375878	0.000340993407586242	19.3082619242664	2	4	4	254	NA	NA	NA	NA
"HiG_9"	"G0s2"	0.000484848030085892	1.65256695553497e-05	"HiG"	0.00109183065736844	2.4535520390302e-06	6	390	386	386	397	NA	NA	NA	NA
"HiG_9"	"Gabbr1"	0.00231253347284062	0.0032460503931916	"HiG"	0.0173458904442562	3.89795290882162e-05	22.9491954903324	144	179	179	191	NA	NA	NA	NA
"HiG_9"	"Gadd45a"	0.000667198208968654	0.00598784623662668	"HiG"	0.00431550461908792	9.69776318896162e-06	32.1078282818205	352	320	320	66	NA	NA	NA	NA
"HiG_9"	"Gar1"	0.00548129346550427	0.364623698641837	"HiG"	0.0897653428989499	0.000201719871683033	30.9513320362302	32	15	15	81	NA	NA	NA	NA
"HiG_9"	"Gart"	0.00216051170627879	0.0384659711671026	"HiG"	0.0237453460849958	5.33603282808893e-05	34.7792181088398	160	132	132	55	NA	NA	NA	NA
"HiG_9"	"Gas7"	0.00112984854685133	0.00242392179131724	"HiG"	0.0090142284680449	2.02566931866178e-05	28.8020046126005	282	262	262	112	NA	NA	NA	NA
"HiG_9"	"Gata1"	0.00248391967139265	0.0205724526982348	"HiG"	0.0272051121185077	6.1135083412377e-05	24.355492263586	127	119	119	166	NA	NA	NA	NA
"HiG_9"	"Gata2"	0.00261230782636077	0.00864983023453927	"HiG"	0.0286934933205852	6.4479760270978e-05	22.873473866884	122	112	112	193	NA	NA	NA	NA
"HiG_9"	"Gcnt1"	0.000395503785613095	3.7145311905258e-05	"HiG"	0.000454787390600535	1.02199413618098e-06	28	410	404	404	121.5	NA	NA	NA	NA
"HiG_9"	"Gda"	0.00118636847744358	0.000827322008246421	"HiG"	0.00772066468290213	1.73498082761846e-05	15.9746455230185	276	279	279	317	NA	NA	NA	NA
"HiG_9"	"Gem"	0.00344402801813789	0.00129029938154744	"HiG"	0.0261171060128682	5.86901258716139e-05	15.5172076694107	88	122	122	327	NA	NA	NA	NA
"HiG_9"	"Gimap1"	0.000502842145702234	1.96135310744125e-05	"HiG"	0.00114995480593775	2.5841681032309e-06	8	380	384	384	390.5	NA	NA	NA	NA
"HiG_9"	"Glb1"	0.00117053409369446	0.00150497444161329	"HiG"	0.00905490555605074	2.03481023731477e-05	23.4912328666613	278	261	261	182	NA	NA	NA	NA
"HiG_9"	"Glrx"	0.000423600176479178	5.62612162789553e-05	"HiG"	0.00066865295977442	1.50259092084139e-06	12.7223637493692	405	399	399	356	NA	NA	NA	NA
"HiG_9"	"Gmfg"	0.00247716089332275	0.00313920913119058	"HiG"	0.0270561498534748	6.08003367493816e-05	30.8601105743812	128	120	120	82	NA	NA	NA	NA
"HiG_9"	"Gnaz"	0.00224003097120529	0.00189287985177638	"HiG"	0.0189610034160558	4.26089964405749e-05	22.0011039806811	153	163	163	210	NA	NA	NA	NA
"HiG_9"	"Gns"	0.00159495892873093	0.00214387435608398	"HiG"	0.00966113247684587	2.17104100603278e-05	19.9584402678001	226	256	256	241	NA	NA	NA	NA
"HiG_9"	"Golim4"	0.000554299162871775	6.79068482392213e-05	"HiG"	0.00168791646945705	3.79307071788101e-06	17	370	371	371	297	NA	NA	NA	NA
"HiG_9"	"Gpc4"	0.00128977344829526	0.000146500181481389	"HiG"	0.00899156405999197	2.02057619325662e-05	11.751889293401	267	263	263	370	NA	NA	NA	NA
"HiG_9"	"Gpr137b"	0.000540165856076037	4.19565697057938e-06	"HiG"	0.00158374920517537	3.55898697792219e-06	12	373	376	376	364	NA	NA	NA	NA
"HiG_9"	"Gpr171"	0.000643896353048191	0.000170318919599738	"HiG"	0.00366509248571756	8.23616288925294e-06	29.1738798418425	357	334	334	108	NA	NA	NA	NA
"HiG_9"	"Gpr174"	0.000358166189113868	0	"HiG"	0	0	NA	430.5	430.5	430.5	NA	NA	NA	NA	NA
"HiG_9"	"Gpr183"	0.00151642026395803	0.00017777110343686	"HiG"	0.0122392090214028	2.75038404975345e-05	23.7445815504125	235	234	234	178	NA	NA	NA	NA
"HiG_9"	"Gpr34"	0.000634877574902415	7.57807797522072e-05	"HiG"	0.00316928395081904	7.12198640633493e-06	18.8775955688431	360	344	344	264	NA	NA	NA	NA
"HiG_9"	"Gpr68"	0.00050206875631134	3.31740062618793e-06	"HiG"	0.00125223073330714	2.81400164788122e-06	12	381	383	383	364	NA	NA	NA	NA
"HiG_9"	"Gpsm3"	0.000365572139090198	1.76481977949622e-06	"HiG"	4.86371911793246e-05	1.09297058829943e-07	8	414	414	414	390.5	NA	NA	NA	NA
"HiG_9"	"Grina"	0.000358166189113868	0	"HiG"	0	0	NA	430.5	430.5	430.5	NA	NA	NA	NA	NA
"HiG_9"	"Grm6"	0.000501033950133985	1.22075776706574e-06	"HiG"	0.000480008097878863	1.07866988287385e-06	5	383	403	403	399.5	NA	NA	NA	NA
"HiG_9"	"Gstm1"	0.000391156424934114	2.57280206289494e-05	"HiG"	0.000402387267940385	9.04241051551428e-07	38	411	405	405	42.5	NA	NA	NA	NA
"HiG_9"	"Gzmb"	0.00284627181376428	0.00457850929149972	"HiG"	0.0292067839678805	6.56332223997315e-05	19.8492795374526	108	110	110	242	NA	NA	NA	NA
"HiG_9"	"Hacd4"	0.000358166189113868	0	"HiG"	0	0	NA	430.5	430.5	430.5	NA	NA	NA	NA	NA
"HiG_9"	"Hal"	0.00151284127795443	0.000820917871938571	"HiG"	0.00996881478141997	2.24018309694831e-05	25.2239809787371	238	254	254	157	NA	NA	NA	NA
"HiG_9"	"Hao1"	0.000358166189113868	0	"HiG"	0	0	NA	430.5	430.5	430.5	NA	NA	NA	NA	NA
"HiG_9"	"Havcr2"	0.00352719358209515	0.00517754483422368	"HiG"	0.0382317452600135	8.59140342921652e-05	20.5183134602833	80	75	75	230	NA	NA	NA	NA
"HiG_9"	"Hcst"	0.00129466106254815	0.00071656346093802	"HiG"	0.008007812766037	1.79950848674989e-05	16.2312605086268	265	275	275	312	NA	NA	NA	NA
"HiG_9"	"Hdc"	0.000407993948879337	2.72660472425329e-06	"HiG"	0.000386280333268453	8.68045692738097e-07	7	408	408	408	394	NA	NA	NA	NA
"HiG_9"	"Hgf"	0.00546587061513389	0.0203402453450202	"HiG"	0.0568686608066644	0.000127794743385763	21.8362517373978	33	41	41	213	NA	NA	NA	NA
"HiG_9"	"Hgfac"	0.00332822556102205	0.0012976318309813	"HiG"	0.0346055381288049	7.77652542220334e-05	13.3427253893349	93	86	86	351	NA	NA	NA	NA
"HiG_9"	"Hip1"	0.000704856856810843	0.000253849236048031	"HiG"	0.0037653973230702	8.46156701813527e-06	17.7684343120738	343	331	331	284	NA	NA	NA	NA
"HiG_9"	"Hmgn3"	0.000775409434648406	0.00345997731505231	"HiG"	0.00263336027216557	5.91766353295635e-06	21.9483467640671	334	354	354	211	NA	NA	NA	NA
"HiG_9"	"Hmox1"	0.00136483325940918	0.00101945102140815	"HiG"	0.0112738156353402	2.53344171580679e-05	22.098405109558	257	243	243	206	NA	NA	NA	NA
"HiG_9"	"Hs6st2"	0.00100249638268387	0.00011457454564131	"HiG"	0.00598620264917161	1.34521407846553e-05	14.4097599021547	300	300	300	338	NA	NA	NA	NA
"HiG_9"	"Hsd11b1"	0.00114023395727971	2.05316758379496e-05	"HiG"	0.00306679656491853	6.89167767397422e-06	7.12135833464488	279	346	346	393	NA	NA	NA	NA
"HiG_9"	"Hsph1"	0.00483226992325772	0.181940604426496	"HiG"	0.060375573978206	0.000135675447142036	54.2267884759281	41	37	37	16	NA	NA	NA	NA
"HiG_9"	"Hvcn1"	0.000358166189113868	0	"HiG"	0	0	NA	430.5	430.5	430.5	NA	NA	NA	NA	NA
"HiG_9"	"Id2"	0.000878945278980313	0.00098318821515847	"HiG"	0.00694951180092107	1.5616880451508e-05	30.3226376888252	317	288	288	90	NA	NA	NA	NA
"HiG_9"	"Igfbp4"	0.00250038067104628	0.0122097292670909	"HiG"	0.0283428085765599	6.36917046664267e-05	27.6599035234431	126	115	115	128	NA	NA	NA	NA
"HiG_9"	"Igfbp7"	0.00416541992993546	0.00241545553572837	"HiG"	0.0476945013711109	0.000107178654766541	20.0863923815462	63	59	59	239	NA	NA	NA	NA
"HiG_9"	"Igsf6"	0.00226782298836086	0.000940910078667464	"HiG"	0.0237597236487837	5.33926374129971e-05	27.0432729773533	149	131	131	135	NA	NA	NA	NA
"HiG_9"	"Ikzf2"	0.000577053596839018	0.0170807702209974	"HiG"	0.00321856524390657	7.2327308851833e-06	88.7723753737432	366	343	343	4	NA	NA	NA	NA
"HiG_9"	"Il13"	0.00082217096093596	0.000358669156032313	"HiG"	0.00547012981443166	1.22924265492846e-05	19.8010655336432	327	308	308	245	NA	NA	NA	NA
"HiG_9"	"Il1rl1"	0.00145966866300266	0.000620074347201858	"HiG"	0.0130915350908241	2.94191799793801e-05	22.934651972325	249	223	223	192	NA	NA	NA	NA
"HiG_9"	"Il4"	0.00195055548398754	0.00102774917612952	"HiG"	0.0164549140855214	3.69773350236436e-05	15.9807894655985	178	191	191	316	NA	NA	NA	NA
"HiG_9"	"Il6"	0.00447505773678837	0.00133742433692279	"HiG"	0.050360257333001	0.000113169117602249	19.1914466511774	53	50	50	257	NA	NA	NA	NA
"HiG_9"	"Il7r"	0.00535386098399926	0.00748833694538647	"HiG"	0.0595900989910273	0.000133910334811297	23.7726703057999	36	38	38	177	NA	NA	NA	NA
"HiG_9"	"Impdh2"	0.00385875715395891	0.132096510576767	"HiG"	0.0481425149517263	0.000108185426857812	42.2154697455129	71	57	57	29	NA	NA	NA	NA
"HiG_9"	"Inpp4b"	0.000464579512133799	2.3169343648215e-05	"HiG"	0.000689855614830964	1.55023733669879e-06	4	394	398	398	404.5	NA	NA	NA	NA
"HiG_9"	"Iqsec1"	0.00240935526529011	0.0107976936715986	"HiG"	0.0209953071143161	4.71804654254293e-05	23.0529012060249	133	150	150	189	NA	NA	NA	NA
"HiG_9"	"Itga2b"	0.00459705489791039	0.00617786206519343	"HiG"	0.0549287925584424	0.000123435488895376	25.5264135318632	48	42	42	153	NA	NA	NA	NA
"HiG_9"	"Itgam"	0.00474479057701126	0.00784596487800551	"HiG"	0.054155010722889	0.000121696653309863	23.6675619907923	45	43	43	180	NA	NA	NA	NA
"HiG_9"	"Itgb2"	0.00673329285176191	0.00483960079684713	"HiG"	0.0797173253307844	0.000179140056923111	24.3783683732849	19	21	21	165	NA	NA	NA	NA
"HiG_9"	"Itgb3"	0.00668292922538937	0.00624164142337649	"HiG"	0.0797344627090521	0.00017917856788551	18.7946428729697	20	20	20	267	NA	NA	NA	NA
"HiG_9"	"Itgb7"	0.0020983003856117	0.00168026865464259	"HiG"	0.0197151850334436	4.43037865920081e-05	26.9295821532425	166	158	158	136	NA	NA	NA	NA
"HiG_9"	"Itk"	0.00665994427706882	0.00749817709098278	"HiG"	0.0768486585544133	0.000172693614729019	27.5615928129765	21	22	22	129	NA	NA	NA	NA
"HiG_9"	"Itm2b"	0.00679335994804477	0.0233949246127543	"HiG"	0.069145704871553	0.000155383606452928	16.3101369322744	18	28	28	308	NA	NA	NA	NA
"HiG_9"	"Jazf1"	0.000674678059778548	0.00614601929690095	"HiG"	0.00448616009259751	1.00812586350506e-05	18.8984658700063	350	318	318	263	NA	NA	NA	NA
"HiG_9"	"Kcne3"	0.00109056133682088	0.000413275579485212	"HiG"	0.00680394141663372	1.52897559924353e-05	21.2836360725967	287	289	289	221	NA	NA	NA	NA
"HiG_9"	"Kdm7a"	0.000457468670126088	0.000223358106249177	"HiG"	0.00127212651782697	2.85871127601566e-06	72	395	382	382	6.5	NA	NA	NA	NA
"HiG_9"	"Kit"	0.0035981020165374	0.00218077134222582	"HiG"	0.0395569396086021	8.88919991204541e-05	25.3284602418427	77	71	71	156	NA	NA	NA	NA
"HiG_9"	"Klf5"	0.00243956882692096	0.010505847755037	"HiG"	0.027296541616237	6.1340542957836e-05	26.7480129467596	130	118	118	141	NA	NA	NA	NA
"HiG_9"	"Klhdc4"	0.000440753966418733	0.00177148495744798	"HiG"	0.00111723390739503	2.51063799414614e-06	12	401	385	385	364	NA	NA	NA	NA
"HiG_9"	"L1cam"	0.00280474262638847	0.00242317802230791	"HiG"	0.0294494776247333	6.6178601403895e-05	31.7120905201728	113	108	108	71	NA	NA	NA	NA
"HiG_9"	"Lama5"	0.0031131937901292	0.0027306804552371	"HiG"	0.0323317826108623	7.26556912603646e-05	27.8166778878333	100	93	93	125	NA	NA	NA	NA
"HiG_9"	"Lamc1"	0.00351328465656239	0.00549302957675972	"HiG"	0.0328749840620519	7.38763686787684e-05	18.6331501569962	82	91	91	271	NA	NA	NA	NA
"HiG_9"	"Lat"	0.00329878368996769	0.00188369905137216	"HiG"	0.0388805827017692	8.73720959590319e-05	29.7331073628706	94	73	73	101	NA	NA	NA	NA
"HiG_9"	"Lcn2"	0.00281935333784987	0.00344479858402162	"HiG"	0.0304573986317814	6.84435924309694e-05	18.6783157451446	110	104	104	270	NA	NA	NA	NA
"HiG_9"	"Lgals3"	0.00738483691146334	0.0209549559450074	"HiG"	0.0718533668279745	0.000161468240062864	17.5678989938776	15	26	26	288	NA	NA	NA	NA
"HiG_9"	"Lgals3bp"	0.00306985136557279	0.0363776750931168	"HiG"	0.0307780732485714	6.91642095473514e-05	31.3905909392117	101	102	102	76	NA	NA	NA	NA
"HiG_9"	"Lif"	0.00345681394431643	0.00310126054156987	"HiG"	0.0381489197388335	8.57279095254685e-05	18.2950201361649	87	76	76	275	NA	NA	NA	NA
"HiG_9"	"Lipa"	0.000816830520126858	6.88075330551153e-05	"HiG"	0.000644217638236495	1.44768008592471e-06	27.1114166118456	328	400	400	134	NA	NA	NA	NA
"HiG_9"	"Lipg"	0.00112396884412429	0.000111455296350745	"HiG"	0.00746567919278386	1.67768071747952e-05	17.4258145469318	283	284	284	289	NA	NA	NA	NA
"HiG_9"	"Lrp12"	0.000557486712408375	1.78125421809177e-05	"HiG"	0.00187033651657509	4.20300340803391e-06	19.8339829890349	369	366	366	243	NA	NA	NA	NA
"HiG_9"	"Lrpap1"	0.00224837147414845	0.0115022903159674	"HiG"	0.0199690372094719	4.48742409201616e-05	16.5491473925889	151	155	155	304	NA	NA	NA	NA
"HiG_9"	"Lst1"	0.00135521322461067	0.000543673938304909	"HiG"	0.0124803330497984	2.8045692246738e-05	23.7948428793851	258	230	230	176	NA	NA	NA	NA
"HiG_9"	"Ltf"	0.00335321335698483	0.0112914040801076	"HiG"	0.0342827986481781	7.70399969621979e-05	20.5957228836732	90	87	87	229	NA	NA	NA	NA
"HiG_9"	"Lyar"	0.00398065537449182	0.302005697168675	"HiG"	0.0612396866207656	0.000137617273305091	39.4944106317357	67	36	36	36	NA	NA	NA	NA
"HiG_9"	"Lztfl1"	0.000641489603919283	0.00470356910590828	"HiG"	0.00348836011385136	7.83901149180082e-06	38.8629236841933	358	338	338	40	NA	NA	NA	NA
"HiG_9"	"Mad1l1"	0.00144323340941348	0.0062144530675828	"HiG"	0.0113218666045087	2.54423968640644e-05	20.9943584379383	251	242	242	226	NA	NA	NA	NA
"HiG_9"	"Man1c1"	0.000358166189113868	0	"HiG"	0	0	NA	430.5	430.5	430.5	NA	NA	NA	NA	NA
"HiG_9"	"Maob"	0.000703093210500169	0.000764033032843532	"HiG"	0.00372465678622774	8.37001524994997e-06	14.6463703100408	344	332	332	337	NA	NA	NA	NA
"HiG_9"	"Map1lc3a"	0.00337687885103879	0.00809595849332894	"HiG"	0.0312776906556096	7.02869452935048e-05	19.666635384879	89	100	100	247	NA	NA	NA	NA
"HiG_9"	"Mapk3"	0.0033348167066116	0.00558407368570836	"HiG"	0.0310018858549419	6.96671592245884e-05	17.2300574781883	91	101	101	293	NA	NA	NA	NA
"HiG_9"	"Mboat1"	0.000358166189113868	0	"HiG"	0	0	NA	430.5	430.5	430.5	NA	NA	NA	NA	NA
"HiG_9"	"Mdfic"	0.000358166189113868	0	"HiG"	0	0	NA	430.5	430.5	430.5	NA	NA	NA	NA	NA
"HiG_9"	"Mfge8"	0.000510902255512831	0.00103491489105336	"HiG"	0.00174642824098026	3.92455784489946e-06	32.0961385658446	379	369	369	67	NA	NA	NA	NA
"HiG_9"	"Mgll"	0.000523986490333009	4.80334466383565e-05	"HiG"	0.00178230590810618	4.00518181596894e-06	27.316659437039	376	368	368	133	NA	NA	NA	NA
"HiG_9"	"Mmp8"	0.00169599323713058	0.00273006030687793	"HiG"	0.0168885136751607	3.79517161239567e-05	16.5551169033308	210	185	185	303	NA	NA	NA	NA
"HiG_9"	"Ms4a2"	0.00183889850947616	0.0015341231495822	"HiG"	0.0190611098528037	4.28339547254016e-05	30.2341885185148	189	162	162	92	NA	NA	NA	NA
"HiG_9"	"Ms4a3"	0.00155453648224794	0.000619612269164604	"HiG"	0.0141977620958756	3.19050833615181e-05	16.3162746653116	230	214	214	307	NA	NA	NA	NA
"HiG_9"	"Msi2"	0.00112142393121325	0.00162214722254357	"HiG"	0.0076497281802368	1.71904004050265e-05	19.0370712408802	284	281	281	259	NA	NA	NA	NA
"HiG_9"	"Msra"	0.000434087349726734	0.000967071326471158	"HiG"	0.00104930667170243	2.35799252067962e-06	24.3408241470269	402	389	389	168	NA	NA	NA	NA
"HiG_9"	"Mtap"	0.00142951180589768	0.0042199956325639	"HiG"	0.00797984368458635	1.79322329990704e-05	19.3100564727417	253	276	276	253	NA	NA	NA	NA
"HiG_9"	"Muc20"	0.000581515330150913	0.000478139999613031	"HiG"	0.00273387727494388	6.14354443807613e-06	25	365	352	352	158	NA	NA	NA	NA
"HiG_9"	"Mxd1"	0.00180048880500267	0.0507961672140797	"HiG"	0.017829956923477	4.00673189291619e-05	51.4700743148179	196	175	175	19	NA	NA	NA	NA
"HiG_9"	"Mxi1"	0.0013048217788762	0.0098991580992376	"HiG"	0.00851513320639788	1.91351308008941e-05	26.0756976277021	263	265	265	148	NA	NA	NA	NA
"HiG_9"	"Myadm"	0.00388805510691825	0.00477055106586332	"HiG"	0.0395456739652357	8.88666830679453e-05	15.9129973840232	69	72	72	319	NA	NA	NA	NA
"HiG_9"	"Myb"	0.00192630893825887	0.0145343371401953	"HiG"	0.0191462982137634	4.30253892444121e-05	24.4460655458396	182	160	160	163	NA	NA	NA	NA
"HiG_9"	"Myc"	0.0311159192986917	0.821404299508917	"HiG"	0.412769884738358	0.000927572774692939	18.786112505633	1	1	1	268	NA	NA	NA	NA
"HiG_9"	"Mycn"	0.00454317911798959	0.0780686820781713	"HiG"	0.0499432137114742	0.000112231940924661	26.7351854173208	51	51	51	143	NA	NA	NA	NA
"HiG_9"	"Myo1f"	0.00159570320934335	0.000825088641789392	"HiG"	0.0150358281166277	3.37883777901746e-05	24.1232522813273	225	200	200	171	NA	NA	NA	NA
"HiG_9"	"Nabp1"	0.00062798990627864	0.000230506909313483	"HiG"	0.00349761281020019	7.8598040678656e-06	28.6603431051109	362	337	337	115	NA	NA	NA	NA
"HiG_9"	"Nceh1"	0.000951180353825086	6.08811936418633e-05	"HiG"	0.00425485379175271	9.56146919494991e-06	5.58957027815336	306	321	321	398	NA	NA	NA	NA
"HiG_9"	"Ncf1"	0.00429120485030898	0.00741685340529599	"HiG"	0.0490039856290395	0.000110121316020313	19.2062649354528	59	54	54	256	NA	NA	NA	NA
"HiG_9"	"Ndst1"	0.000549889105136031	0.000290635140554627	"HiG"	0.00230146545893616	5.17183249199137e-06	17.3047363764535	371	357	357	292	NA	NA	NA	NA
"HiG_9"	"Nedd9"	0.00437355349931374	0.00268006899222688	"HiG"	0.0506092123107059	0.00011372856699035	24.5539080755081	54	49	49	161	NA	NA	NA	NA
"HiG_9"	"Neil3"	0.00203256832351255	0.00947744139451107	"HiG"	0.0215796177970759	4.84935231394964e-05	20.2346501541955	170	146	146	234	NA	NA	NA	NA
"HiG_9"	"Neu1"	0.00120745818084728	0.0201669029318527	"HiG"	0.0102232059407936	2.29734964961654e-05	45.7430487903793	272	251	251	25	NA	NA	NA	NA
"HiG_9"	"Nkg7"	0.00286275163601421	0.000626040134338618	"HiG"	0.0283715050145258	6.37561910438783e-05	20.1929861587554	106	114	114	237	NA	NA	NA	NA
"HiG_9"	"Nlgn2"	0.000447313143319877	8.56405889991069e-05	"HiG"	0.000926665939321149	2.08239536926101e-06	19	397	392	392	260.5	NA	NA	NA	NA
"HiG_9"	"Noc2l"	0.00436959938485021	0.261447120739308	"HiG"	0.0636309581453258	0.000142990917180507	37.4679511057405	55	34	34	44	NA	NA	NA	NA
"HiG_9"	"Nolc1"	0.00716053564622491	0.50102953757987	"HiG"	0.110196194916718	0.000247631898689253	30.2188571301543	17	9	9	94	NA	NA	NA	NA
"HiG_9"	"Nop2"	0.00538431052778959	0.373579233361002	"HiG"	0.083339571392256	0.000187279935712935	34.3713323614163	35	19	19	56	NA	NA	NA	NA
"HiG_9"	"Nop56"	0.0109756752663705	0.89621505691307	"HiG"	0.183562768389216	0.000412500603121835	33.9522676942962	4	3	3	59	NA	NA	NA	NA
"HiG_9"	"Nop58"	0.00830045672369278	0.784980584273259	"HiG"	0.138795998847217	0.000311901121004981	35.0956952210292	11	5	5	54	NA	NA	NA	NA
"HiG_9"	"Npm3"	0.00225076656819546	0.117728595858229	"HiG"	0.0318142534344677	7.14927043471185e-05	39.3308684947263	150	97	97	37	NA	NA	NA	NA
"HiG_9"	"Npr2"	0.00148160494339181	0.00029577472365906	"HiG"	0.00423122061104524	9.50836092369717e-06	18.0840674116556	245	323	323	281	NA	NA	NA	NA
"HiG_9"	"Nrip1"	0.00196084717176609	0.0458321555645126	"HiG"	0.0220002835405072	4.94388394168701e-05	34.1996718523501	176	141	141	57	NA	NA	NA	NA
"HiG_9"	"Nrip3"	0.000358166189113868	0	"HiG"	0	0	NA	430.5	430.5	430.5	NA	NA	NA	NA	NA
"HiG_9"	"Nrp1"	0.00369775334892291	0.00155570847255633	"HiG"	0.0348231982411434	7.82543780699852e-05	18.153629897258	72	85	85	278	NA	NA	NA	NA
"HiG_9"	"Nt5dc2"	0.00154000736247218	0.0251854026753333	"HiG"	0.0161364074171006	3.62615897013496e-05	32.8311061540171	233	193	193	62	NA	NA	NA	NA
"HiG_9"	"Nt5e"	0.0010276814703636	0.0131426585780693	"HiG"	0.00702086998799481	1.57772359280782e-05	58.5344991233427	296	287	287	14	NA	NA	NA	NA
"HiG_9"	"Nudcd1"	0.00214022892105116	0.0335228043258728	"HiG"	0.0185165529002225	4.1610231236455e-05	30.643911302896	162	168	168	85	NA	NA	NA	NA
"HiG_9"	"Numb"	0.0022946999645597	0.00669841510543649	"HiG"	0.0234192572200227	5.26275443146578e-05	32.4912352823018	145	133	133	64	NA	NA	NA	NA
"HiG_9"	"Oaf"	0.000488959217677368	1.53363752811651e-05	"HiG"	0.00103131487387531	2.31756151432654e-06	11	388	391	391	375	NA	NA	NA	NA
"HiG_9"	"Odc1"	0.00146908705592314	0.0550681578848363	"HiG"	0.0158506366032806	3.56194080972599e-05	40.901232396466	247	196	196	32	NA	NA	NA	NA
"HiG_9"	"Osbpl5"	0.000999209239837374	1.51653372377791e-05	"HiG"	0.00508095866468754	1.14178846397473e-05	12.2264445451088	301	313	313	359	NA	NA	NA	NA
"HiG_9"	"Osm"	0.00256506480489156	0.00167295174549896	"HiG"	0.0277279704434134	6.23100459402549e-05	20.2677235929705	124	117	117	233	NA	NA	NA	NA
"HiG_9"	"P2rx1"	0.000358166189113868	0	"HiG"	0	0	NA	430.5	430.5	430.5	NA	NA	NA	NA	NA
"HiG_9"	"P2ry1"	0.00433063851971554	0.000308101412332457	"HiG"	0.0320321933208663	7.19824569008232e-05	10.5204807125064	58	94	94	380	NA	NA	NA	NA
"HiG_9"	"P2ry14"	0.000358166189113868	0	"HiG"	0	0	NA	430.5	430.5	430.5	NA	NA	NA	NA	NA
"HiG_9"	"Pa2g4"	0.00410841452375322	0.115984398738244	"HiG"	0.0506379914340719	0.00011379323917769	29.4118131444785	65	48	48	106	NA	NA	NA	NA
"HiG_9"	"Padi2"	0.000842022199418257	0.01920460559373	"HiG"	0.00485632974719438	1.0913100555493e-05	67.9452923820576	322	314	314	8	NA	NA	NA	NA
"HiG_9"	"Padi4"	0.000613142164353849	0.00821859675683752	"HiG"	0.00253103173813287	5.68771177108511e-06	53.1181283898509	363	355	355	18	NA	NA	NA	NA
"HiG_9"	"Pag1"	0.00480250372501172	0.00421854507575777	"HiG"	0.049374338145218	0.000110953568865658	34.0286977552972	43	52	52	58	NA	NA	NA	NA
"HiG_9"	"Palm"	0.00179973050074816	0.00117701063934055	"HiG"	0.0151297211677201	3.3999373410607e-05	17.391741917565	198	197	197	291	NA	NA	NA	NA
"HiG_9"	"Papss2"	0.000941054508566005	0.0277829405161214	"HiG"	0.00790960932426468	1.77744029758757e-05	66.0131141686559	309	278	278	9	NA	NA	NA	NA
"HiG_9"	"Paqr7"	0.000358166189113868	0	"HiG"	0	0	NA	430.5	430.5	430.5	NA	NA	NA	NA	NA
"HiG_9"	"Parvb"	0.000369493883952554	2.42032293987784e-07	"HiG"	5.25047913449943e-05	1.17988295157291e-07	4	413	413	413	404.5	NA	NA	NA	NA
"HiG_9"	"Pcmtd2"	0.000358166189113868	0	"HiG"	0	0	NA	430.5	430.5	430.5	NA	NA	NA	NA	NA
"HiG_9"	"Pdcd1lg2"	0.00402526406206945	0.00324233389066639	"HiG"	0.0433768966311489	9.74761722048291e-05	24.0617661429772	66	68	68	172	NA	NA	NA	NA
"HiG_9"	"Pdzd4"	0.000685278251126034	0.000475624732792856	"HiG"	0.00321894879559639	7.23359279909301e-06	13.3804634601498	348	342	342	350	NA	NA	NA	NA
"HiG_9"	"Perp"	0.000358166189113868	0	"HiG"	0	0	NA	430.5	430.5	430.5	NA	NA	NA	NA	NA
"HiG_9"	"Pglyrp1"	0.000872208006247433	0.000613107620647076	"HiG"	0.00661498503240835	1.48651349042884e-05	17.144375076354	319	292	292	296	NA	NA	NA	NA
"HiG_9"	"Pi16"	0.00238777459408211	0	"HiG"	0.00221069285449537	4.96784911122554e-06	1	136	360.5	360.5	411.5	NA	NA	NA	NA
"HiG_9"	"Pim2"	0.00160666356581379	0.00102161058181345	"HiG"	0.0145167629719852	3.26219392628881e-05	22.3330344579554	222	207	207	205	NA	NA	NA	NA
"HiG_9"	"Plac8"	0.00148948623767189	0.00141421868961691	"HiG"	0.0131601823755686	2.95734435406036e-05	26.7446313142509	243	222	222	142	NA	NA	NA	NA
"HiG_9"	"Plaur"	0.00314199876490976	0.016206309616178	"HiG"	0.0313118049237888	7.03636065703119e-05	33.1562613630407	99	99	99	61	NA	NA	NA	NA
"HiG_9"	"Plcb2"	0.000894721559021484	0.00359839294671045	"HiG"	0.00666614971129275	1.49801117107702e-05	45.1790594781639	315	291	291	27	NA	NA	NA	NA
"HiG_9"	"Pld3"	0.00224808920983939	0.0190856538752962	"HiG"	0.0187701155154538	4.21800348661883e-05	30.4835686092666	152	165	165	87	NA	NA	NA	NA
"HiG_9"	"Plin2"	0.00130924102806057	1.29268666103546e-05	"HiG"	0.00649074139051823	1.45859357090297e-05	3	262	295	295	407.5	NA	NA	NA	NA
"HiG_9"	"Plpp5"	0.000358166189113868	0	"HiG"	0	0	NA	430.5	430.5	430.5	NA	NA	NA	NA	NA
"HiG_9"	"Plxdc2"	0.000358166189113868	0	"HiG"	0	0	NA	430.5	430.5	430.5	NA	NA	NA	NA	NA
"HiG_9"	"Pmaip1"	0.0013160746684239	0.0177237168292723	"HiG"	0.0112590482201813	2.53012319554636e-05	39.0791568964912	261	244	244	38	NA	NA	NA	NA
"HiG_9"	"Pno1"	0.00351188542368865	0.235835368765038	"HiG"	0.0451784726156445	0.000101524657563246	46.325437562012	83	64	64	23	NA	NA	NA	NA
"HiG_9"	"Pnpla7"	0.000694725649978313	0.000352795696804666	"HiG"	0.00304897484305179	6.85162886079053e-06	11.3103530990251	346	348	348	373	NA	NA	NA	NA
"HiG_9"	"Podxl"	0.000790027379465184	0.000570377303145225	"HiG"	0.00456924413151003	1.0267964340472e-05	27.3643085820652	331	317	317	131	NA	NA	NA	NA
"HiG_9"	"Ppbp"	0.00210301125556235	0.000489813960110277	"HiG"	0.0203960920660616	4.58339147551946e-05	17.6699054996818	165	151	151	286	NA	NA	NA	NA
"HiG_9"	"Ppia"	0.00612251267356666	0.13106848395615	"HiG"	0.0726632940718857	0.000163288301285136	30.4914299074892	25	25	25	86	NA	NA	NA	NA
"HiG_9"	"Prdx5"	0.00157929640465128	0.00276692905363609	"HiG"	0.0103397651873166	2.32354273872283e-05	14.7392888704446	227	249	249	335	NA	NA	NA	NA
"HiG_9"	"Prg2"	0.00604099815336986	0.00413729969608031	"HiG"	0.0533244119315138	0.000119830139171941	10.5745269741255	27	45	45	378	NA	NA	NA	NA
"HiG_9"	"Prkcb"	0.00509254224600177	0.00949895258123376	"HiG"	0.0527248828049677	0.000118482882707793	21.3015956979237	38	47	47	220	NA	NA	NA	NA
"HiG_9"	"Prmt1"	0.00737490257333677	0.291931103465926	"HiG"	0.102877266611688	0.00023118486879031	27.9818726859113	16	11	11	124	NA	NA	NA	NA
"HiG_9"	"Prmt3"	0.00183730883444218	0.0709036497547232	"HiG"	0.0216372758702649	4.8623091843292e-05	35.715528538987	190	144	144	50	NA	NA	NA	NA
"HiG_9"	"Ptafr"	0.00119056384409898	0.00553569171452014	"HiG"	0.00999909441776208	2.24698750960946e-05	21.8369008312463	275	253	253	212	NA	NA	NA	NA
"HiG_9"	"Ptger3"	0.00199709803025991	0.000925745599264732	"HiG"	0.0191103300080351	4.29445618158092e-05	15.6468715906187	173	161	161	323	NA	NA	NA	NA
"HiG_9"	"Ptges3"	0.00346288834101503	0.043588774969607	"HiG"	0.040791200170056	9.16656183596764e-05	15.9270730570255	86	70	70	318	NA	NA	NA	NA
"HiG_9"	"Ptgr1"	0.000828856055385198	0.000241686891109969	"HiG"	0.00439891277952272	9.88519725735443e-06	14.1751556670816	324	319	319	342	NA	NA	NA	NA
"HiG_9"	"Ptprcap"	0.00160272933630772	0.000405543684510618	"HiG"	0.0142959052233574	3.21256297154099e-05	23.6707339606678	223	212	212	179	NA	NA	NA	NA
"HiG_9"	"Ptprg"	0.00166649842580858	0.00219146200512099	"HiG"	0.0145576159096064	3.2713743617093e-05	19.6747286652857	214	205	205	246	NA	NA	NA	NA
"HiG_9"	"Pygl"	0.000980193573159633	0.00812762218649663	"HiG"	0.00806361917497881	1.81204925280423e-05	36.6313007871799	303	272	272	47	NA	NA	NA	NA
"HiG_9"	"Rab27b"	0.00352003407978319	0.000574860506106577	"HiG"	0.0248383373904546	5.58164885178755e-05	13.6958721296814	81	126	126	348	NA	NA	NA	NA
"HiG_9"	"Rab33b"	0.00213236359355808	0.000322916808806168	"HiG"	0.0137105273064859	3.08101737224401e-05	13.9006912713398	163	220	220	346	NA	NA	NA	NA
"HiG_9"	"Rab38"	0.00239722513724585	4.87825425437012e-05	"HiG"	0.00849685663791222	1.90940598604769e-05	9.07952329130121	134	266	266	386	NA	NA	NA	NA
"HiG_9"	"Rab3d"	0.00270355588304576	0.00115391487716431	"HiG"	0.0175818729527198	3.95098268600445e-05	14.1013962855378	120	177	177	343	NA	NA	NA	NA
"HiG_9"	"Rap1gap2"	0.000358166189113868	0	"HiG"	0	0	NA	430.5	430.5	430.5	NA	NA	NA	NA	NA
"HiG_9"	"Rara"	0.00613730565510484	0.0186776549832225	"HiG"	0.0759733905163104	0.000170726720261372	17.7485854300745	23	23	23	285	NA	NA	NA	NA
"HiG_9"	"Rasa4"	0.000428826279677254	7.02961987198367e-05	"HiG"	0.000860669170485705	1.93408802356338e-06	28	404	395	395	123	NA	NA	NA	NA
"HiG_9"	"Rasgrp2"	0.000801642373284587	0.00225641665920981	"HiG"	0.00550387152209701	1.23682506114539e-05	31.1819552645269	330	307	307	78	NA	NA	NA	NA
"HiG_9"	"Rasgrp4"	0.000408908844659418	3.55290409104533e-07	"HiG"	0.00023474091618192	5.27507676813304e-07	10.523727865763	407	410	410	379	NA	NA	NA	NA
"HiG_9"	"Rassf3"	0.000528280983393871	0.00169196166253501	"HiG"	0.00225983884756655	5.07828954509337e-06	28	375	358	358	121.5	NA	NA	NA	NA
"HiG_9"	"Rassf5"	0.00180220797917622	0.000423461705576781	"HiG"	0.0114622457768344	2.57578556782796e-05	20.2112510121008	195	240	240	236	NA	NA	NA	NA
"HiG_9"	"Rbms3"	0.000429607353624842	0.00662832161784932	"HiG"	0.00108206818683336	2.43161390299632e-06	99.8454691124069	403	387	387	2	NA	NA	NA	NA
"HiG_9"	"Rbpms2"	0.000896615784128975	0.0220515091881857	"HiG"	0.00583526975849741	1.31129657494324e-05	61.0844467887054	314	303	303	12	NA	NA	NA	NA
"HiG_9"	"Rcc1"	0.00174542363103908	0.0620674940032225	"HiG"	0.0198469152183739	4.45998094794919e-05	56.310707152076	204	156	156	15	NA	NA	NA	NA
"HiG_9"	"Rcl1"	0.00122641336883579	0.102248107093112	"HiG"	0.0150831398662408	3.38946963286309e-05	64.295780248705	269	198	198	10	NA	NA	NA	NA
"HiG_9"	"Rgs1"	0.00107495935245724	0.000140449093834756	"HiG"	0.00623748366999644	1.40168172359471e-05	13.4194405066475	291	296	296	349	NA	NA	NA	NA
"HiG_9"	"Rhoj"	0.00395370327649278	0.00317040971000607	"HiG"	0.033190622421648	7.45856683632539e-05	16.041370817484	68	90	90	314	NA	NA	NA	NA
"HiG_9"	"Rmi2"	0.000457051388345054	0.00124879392791055	"HiG"	0.001371234271603	3.08142532944495e-06	46	396	378	378	24	NA	NA	NA	NA
"HiG_9"	"Rnase12"	0.00238777459408211	0	"HiG"	0.000401135327827422	9.01427702982971e-07	1	136	406.5	406.5	411.5	NA	NA	NA	NA
"HiG_9"	"Rnase4"	0.00238777459408029	0	"HiG"	0.000401135327827422	9.01427702982971e-07	1	139	406.5	406.5	411.5	NA	NA	NA	NA
"HiG_9"	"Rnf128"	0.000898910668302096	0.000995755943044575	"HiG"	0.00591808562207399	1.32990688136494e-05	25.8485000207821	313	301	301	151	NA	NA	NA	NA
"HiG_9"	"Rnf149"	0.00246787476390908	0.00467888906704271	"HiG"	0.0180527089450019	4.05678852696672e-05	19.5244312937734	129	172	172	250	NA	NA	NA	NA
"HiG_9"	"Rnmt"	0.00184082920630649	0.0722450532376756	"HiG"	0.0219795856154371	4.93923272257014e-05	51.1088249680595	188	142	142	20	NA	NA	NA	NA
"HiG_9"	"Rxra"	0.00476865054877178	0.034903619139059	"HiG"	0.0569044907777653	0.000127875260174753	24.35433050682	44	40	40	167	NA	NA	NA	NA
"HiG_9"	"S100a4"	0.00234366982435547	0.00299843625184961	"HiG"	0.0254001866837437	5.70790711994241e-05	29.0530549090992	142	125	125	109	NA	NA	NA	NA
"HiG_9"	"S100a6"	0.00167510056483903	0.0109570452402851	"HiG"	0.0150585067658498	3.38393410468535e-05	30.8569857078261	213	199	199	83	NA	NA	NA	NA
"HiG_9"	"S100a8"	0.00539512425500272	0.0205210529845344	"HiG"	0.0643536032170257	0.000144614838689945	26.8056607004363	34	33	33	139	NA	NA	NA	NA
"HiG_9"	"S100a9"	0.00862636455546366	0.0367747105634028	"HiG"	0.100156007599845	0.000225069679999652	19.8174609405996	8	12	12	244	NA	NA	NA	NA
"HiG_9"	"Samd9l"	0.000497817585773967	0.0153931879437783	"HiG"	0.00217947416523147	4.89769475332915e-06	110	386	362	362	1	NA	NA	NA	NA
"HiG_9"	"Sat1"	0.00151498898220652	0.000976881566834324	"HiG"	0.012218479549768	2.7457257415209e-05	15.6263647804966	236	235	235	324	NA	NA	NA	NA
"HiG_9"	"Satb1"	0.00165244003651058	0.0147941064998364	"HiG"	0.0171284570914146	3.84909148121677e-05	26.9022302845166	215	181	181	138	NA	NA	NA	NA
"HiG_9"	"Scin"	0.00133517457689971	0.00390603070453562	"HiG"	0.00735731207931575	1.65332855714961e-05	19.3541742235825	259	286	286	252	NA	NA	NA	NA
"HiG_9"	"Sell"	0.00281105605821641	0.00223544657933374	"HiG"	0.0292889038090907	6.58177613687431e-05	25.8641965437463	112	109	109	150	NA	NA	NA	NA
"HiG_9"	"Sema4c"	0.000859518501714874	0.000125272704007629	"HiG"	0.00554268100525209	1.24554629331508e-05	25.5168032691752	320	306	306	154	NA	NA	NA	NA
"HiG_9"	"Serpinb2"	0.00102144878007612	0.000631532261709471	"HiG"	0.00768028485728482	1.72590670950221e-05	26.066560083923	298	280	280	149	NA	NA	NA	NA
"HiG_9"	"Sgsm2"	0.000397636824299454	0.00120826950801227	"HiG"	0.000596849157910287	1.34123406271975e-06	11.9949237113461	409	402	402	367	NA	NA	NA	NA
"HiG_9"	"Sh2d3c"	0.00203067850121451	0.00327594390143931	"HiG"	0.0194805544183874	4.37765267828931e-05	18.2210810674664	171	159	159	276	NA	NA	NA	NA
"HiG_9"	"Sh3pxd2b"	0.00150658018837007	0.00159137460126203	"HiG"	0.0119748408631919	2.69097547487458e-05	31.8242938860421	239	237	237	70	NA	NA	NA	NA
"HiG_9"	"Sirpa"	0.00113303651282315	0.000808237392808914	"HiG"	0.00915821499573849	2.05802584173899e-05	24.4415743025513	281	259	259	164	NA	NA	NA	NA
"HiG_9"	"Skap1"	0.00281709722802075	0.00277889635465045	"HiG"	0.0301855224524756	6.78326347246643e-05	39.5141807608382	111	106	106	35	NA	NA	NA	NA
"HiG_9"	"Slc18a2"	0.000853946941364536	0.00020133602579896	"HiG"	0.00523277009239818	1.17590339155015e-05	16.2434799745598	321	311	311	311	NA	NA	NA	NA
"HiG_9"	"Slc22a3"	0.000468410434251468	4.83674451449846e-05	"HiG"	0.00133343109679676	2.99647437482419e-06	19	393	379	379	260.5	NA	NA	NA	NA
"HiG_9"	"Slc23a2"	0.00238777459408029	0	"HiG"	0.000890839245980202	2.00188594602293e-06	1	139	393.5	393.5	411.5	NA	NA	NA	NA
"HiG_9"	"Slc24a3"	0.000666445388077195	1.11772866891806e-05	"HiG"	0.000768705858368992	1.72742889521122e-06	4.72882718604989	353	397	397	402	NA	NA	NA	NA
"HiG_9"	"Slc27a4"	0.000942787732426881	0.00750161909611188	"HiG"	0.00588902761052133	1.32337699112839e-05	38.9891050337541	308	302	302	39	NA	NA	NA	NA
"HiG_9"	"Slc29a1"	0.00168387351385322	0.00488804760653689	"HiG"	0.0123053958751906	2.76525750004283e-05	26.3182932947074	212	233	233	147	NA	NA	NA	NA
"HiG_9"	"Slc31a2"	0.000419968342889103	5.39885170764596e-05	"HiG"	0.000631368788435986	1.41880626614828e-06	12	406	401	401	364	NA	NA	NA	NA
"HiG_9"	"Slc39a10"	0.0023607112806539	0.0619277042675076	"HiG"	0.0246085396322184	5.5300089061165e-05	40.0635983516498	141	128	128	34	NA	NA	NA	NA
"HiG_9"	"Slc41a2"	0.000771572614282006	0.00355195106652827	"HiG"	0.00531166903564716	1.19363349115667e-05	29.7605599828282	336	310	310	100	NA	NA	NA	NA
"HiG_9"	"Slc41a3"	0.000640912070892501	0.00204693424524318	"HiG"	0.00345681982870189	7.7681344465211e-06	14.8687589190634	359	339	339	332	NA	NA	NA	NA
"HiG_9"	"Slc6a4"	0.00415885938158208	0.0107482205746262	"HiG"	0.0367459815560443	8.2575239451785e-05	16.2831973157439	64	80	80	309	NA	NA	NA	NA
"HiG_9"	"Slc6a9"	0.000512945721894347	0.000512488272881504	"HiG"	0.000849586546053996	1.90918324955954e-06	9.47360301120702	378	396	396	384	NA	NA	NA	NA
"HiG_9"	"Slc7a11"	0.00180047430663798	0.000425472300723391	"HiG"	0.0129155466635046	2.9023700367426e-05	14.2326955214442	197	225	225	341	NA	NA	NA	NA
"HiG_9"	"Slc7a8"	0.000752141009360502	0.000157449568490718	"HiG"	0.00368857534387586	8.2889333570244e-06	9.59854270419152	337	333	333	382	NA	NA	NA	NA
"HiG_9"	"Slpi"	0.00223061619444184	0.00374953038204108	"HiG"	0.0232403446022726	5.2225493488253e-05	18.1879597193542	156	134	134	277	NA	NA	NA	NA
"HiG_9"	"Smpdl3a"	0.000358166189113868	0	"HiG"	0	0	NA	430.5	430.5	430.5	NA	NA	NA	NA	NA
"HiG_9"	"Socs1"	0.00616927105814464	0.00734138364677026	"HiG"	0.0714773469357862	0.000160623251541093	24.7996613236992	22	27	27	160	NA	NA	NA	NA
"HiG_9"	"Socs2"	0.00155880709973632	0.00143558942469583	"HiG"	0.014441134531536	3.24519877113169e-05	24.0253494149249	228	210	210	174	NA	NA	NA	NA
"HiG_9"	"Socs3"	0.00578128654681672	0.00432370186669008	"HiG"	0.0666825982028473	0.000149848535287297	23.2360799817498	28	31	31	187	NA	NA	NA	NA
"HiG_9"	"Sorl1"	0.00254042019822136	0.00123921310811616	"HiG"	0.018578357083849	4.17491170423572e-05	14.6598614236663	125	167	167	336	NA	NA	NA	NA
"HiG_9"	"Spata13"	0.000654467209157298	9.93593693111644e-06	"HiG"	0.00161584294705224	3.63110774618482e-06	8.03012214664204	355	373	373	389	NA	NA	NA	NA
"HiG_9"	"Specc1"	0.00122119036735548	0.00679648171859609	"HiG"	0.00935051045489939	2.10123830447177e-05	28.7583382181785	270	257	257	114	NA	NA	NA	NA
"HiG_9"	"Spint2"	0.00232871944784397	0.00141739062251787	"HiG"	0.0228827598437356	5.14219322331138e-05	11.8970743126179	143	136	136	368	NA	NA	NA	NA
"HiG_9"	"Spp1"	0.00181062680942242	0.000911273873191116	"HiG"	0.0176272639454191	3.96118290908295e-05	21.4397267607418	192	176	176	218	NA	NA	NA	NA
"HiG_9"	"Srm"	0.00214151567571989	0.0307449424877169	"HiG"	0.0199946477482454	4.49317926926862e-05	30.0819720172562	161	154	154	96	NA	NA	NA	NA
"HiG_9"	"Srpk1"	0.00472534069288403	0.19137349040986	"HiG"	0.0585420972336427	0.000131555274682343	32.2913323401493	46	39	39	65	NA	NA	NA	NA
"HiG_9"	"Ssbp2"	0.00203308377760192	0.00143296093857817	"HiG"	0.0164863903447769	3.70480681905099e-05	7.79929216660005	169	190	190	392	NA	NA	NA	NA
"HiG_9"	"Ssbp3"	0.00209745267283601	0.000932452794383344	"HiG"	0.0172746246329064	3.88193811975424e-05	9.38930699152533	167	180	180	385	NA	NA	NA	NA
"HiG_9"	"Stk10"	0.00138257581879815	0.00576092778401715	"HiG"	0.0125031707387086	2.80970128959744e-05	31.5884799136241	254	229	229	74	NA	NA	NA	NA
"HiG_9"	"Stk17b"	0.00138222746295246	0.0103836971328455	"HiG"	0.0112112955444717	2.51939225718466e-05	26.7928331724537	255	246	246	140	NA	NA	NA	NA
"HiG_9"	"Stk26"	0.00151296510554335	0.00721017593343538	"HiG"	0.0141271517557863	3.17464084399692e-05	26.3861444799876	237	217	217	145	NA	NA	NA	NA
"HiG_9"	"Stx11"	0.000732947069310132	0.000906904730397879	"HiG"	0.00362104577861871	8.13718152498586e-06	28.1334075705185	339	335	335	119	NA	NA	NA	NA
"HiG_9"	"Sucnr1"	0.000358166189113868	0	"HiG"	0	0	NA	430.5	430.5	430.5	NA	NA	NA	NA	NA
"HiG_9"	"Sun2"	0.00216134756940809	0.000949494544543517	"HiG"	0.0141918124909302	3.18917134627646e-05	12.1609329662903	159	216	216	360	NA	NA	NA	NA
"HiG_9"	"Syce2"	0.000358166189113868	0	"HiG"	0	0	NA	430.5	430.5	430.5	NA	NA	NA	NA	NA
"HiG_9"	"Syne1"	0.00119526925672351	0.018396944068027	"HiG"	0.0101249777969166	2.27527590941946e-05	40.6585547291491	273	252	252	33	NA	NA	NA	NA
"HiG_9"	"Sytl3"	0.000978931909330031	2.54722203029975e-05	"HiG"	0.00515328847582589	1.15804235411818e-05	12	304	312	312	364	NA	NA	NA	NA
"HiG_9"	"Tbc1d8"	0.000558873168270794	0.000271984678649781	"HiG"	0.00222255132900639	4.99449736855368e-06	23.6240315997379	368	359	359	181	NA	NA	NA	NA
"HiG_9"	"Tcf19"	0.000358166189113868	0	"HiG"	0	0	NA	430.5	430.5	430.5	NA	NA	NA	NA	NA
"HiG_9"	"Tcn2"	0.000358166189113868	0	"HiG"	0	0	NA	430.5	430.5	430.5	NA	NA	NA	NA	NA
"HiG_9"	"Tcp11l2"	0.000713249750524024	0.000299613239569245	"HiG"	0.00313014522619703	7.0340342161731e-06	18	341	345	345	283	NA	NA	NA	NA
"HiG_9"	"Tecpr1"	0.000913594406894098	0.00367904410544078	"HiG"	0.0073894761361831	1.66055643509733e-05	21.7820284109919	310	285	285	215	NA	NA	NA	NA
"HiG_9"	"Tgfa"	0.00110636704266457	0.00632210258272949	"HiG"	0.00580473197400156	1.30443415146102e-05	28.1280357265574	285	304	304	120	NA	NA	NA	NA
"HiG_9"	"Thumpd1"	0.00144939096833565	0.0600023735704514	"HiG"	0.0181340526377181	4.07506800847599e-05	37.1309586938796	250	171	171	45	NA	NA	NA	NA
"HiG_9"	"Thy1"	0.00321905190315747	0.0194069147371234	"HiG"	0.0328290457197522	7.37731364488814e-05	31.2393470032772	97	92	92	77	NA	NA	NA	NA
"HiG_9"	"Timp2"	0.00325422013816032	0.0378596713111379	"HiG"	0.0366449011977001	8.23480925791013e-05	28.8514416238735	95	81	81	111	NA	NA	NA	NA
"HiG_9"	"Tinagl1"	0.00129900332508751	0.000679705068870752	"HiG"	0.0106820987871126	2.40047163755339e-05	20.9960087487485	264	248	248	225	NA	NA	NA	NA
"HiG_9"	"Tjp1"	0.00240937008803515	0.0142288152129887	"HiG"	0.0226905688259731	5.09900423055575e-05	32.6116889699706	132	137	137	63	NA	NA	NA	NA
"HiG_9"	"Tlr2"	0.00532604951665191	0.00288434870909527	"HiG"	0.0623549319106841	0.000140123442495919	23.967087458529	37	35	35	175	NA	NA	NA	NA
"HiG_9"	"Tmed3"	0.00120955373596172	0.000179832823937952	"HiG"	0.00564467887742107	1.26846716346541e-05	4.46395194409179	271	305	305	403	NA	NA	NA	NA
"HiG_9"	"Tmem154"	0.000482947339613509	6.84993699629793e-08	"HiG"	0.000115779245424983	2.60178079606703e-07	3	391	411	411	407.5	NA	NA	NA	NA
"HiG_9"	"Tmem40"	0.000443010966387636	6.61677046460667e-05	"HiG"	0.00103486553755551	2.3255405338326e-06	38	399	390	390	42.5	NA	NA	NA	NA
"HiG_9"	"Tmem64"	0.000358166189113868	0	"HiG"	0	0	NA	430.5	430.5	430.5	NA	NA	NA	NA	NA
"HiG_9"	"Tmem71"	0.000358166189113868	0	"HiG"	0	0	NA	430.5	430.5	430.5	NA	NA	NA	NA	NA
"HiG_9"	"Tmtc2"	0.000486854596519181	0.000392359779828207	"HiG"	0.00152778956143851	3.43323496952474e-06	50	389	377	377	21.5	NA	NA	NA	NA
"HiG_9"	"Tmx4"	0.000685777281928601	0.000419621647882494	"HiG"	0.00285595245217127	6.41787067903656e-06	22.4767421547237	347	350	350	201	NA	NA	NA	NA
"HiG_9"	"Tnf"	0.00365699404199902	0.00337238582383646	"HiG"	0.0368114109200679	8.27222717304896e-05	24.0408836278559	74	79	79	173	NA	NA	NA	NA
"HiG_9"	"Tnfaip3"	0.00435116440456553	0.00920650846942316	"HiG"	0.0443858458559134	9.97434738335132e-05	20.312308452695	57	65	65	231	NA	NA	NA	NA
"HiG_9"	"Tnfrsf1b"	0.00457577896718914	0.0309940206629412	"HiG"	0.0534105955279729	0.00012002381017522	27.391140365837	49	44	44	130	NA	NA	NA	NA
"HiG_9"	"Tnfsf12"	0.000699599179696692	0.000414625993934056	"HiG"	0.00395665773757493	8.89136570241557e-06	29.6730784168579	345	325	325	102	NA	NA	NA	NA
"HiG_9"	"Tor3a"	0.00223437889017507	0.000455006915717712	"HiG"	0.0166634669166401	3.74459930711014e-05	12.9459734658489	155	188	188	353	NA	NA	NA	NA
"HiG_9"	"Tpd52"	0.000950929361192858	0.000929113219287536	"HiG"	0.00655147392918557	1.47224133240125e-05	29.1924179388933	307	293	293	107	NA	NA	NA	NA
"HiG_9"	"Tph1"	0.000498601694764461	0.0121191166426845	"HiG"	0.0020314225078296	4.56499439961708e-06	95.6787758568518	385	363	363	3	NA	NA	NA	NA
"HiG_9"	"Tpsb2"	0.00199074719836271	0.00049454344787276	"HiG"	0.0178877108691439	4.01971030767278e-05	12.8755687254721	174	174	174	355	NA	NA	NA	NA
"HiG_9"	"Tpsg1"	0.00153542458696373	0.000559940019400527	"HiG"	0.0138697610049729	3.11680022583662e-05	14.237455856553	234	219	219	340	NA	NA	NA	NA
"HiG_9"	"Traf1"	0.0049408012807454	0.0176242275289011	"HiG"	0.0463506765951746	0.000104158823809381	15.1983802574323	39	62	62	329	NA	NA	NA	NA
"HiG_9"	"Trpm2"	0.000442589878425506	0.000189891684225855	"HiG"	0.00108151994604147	2.43038190121678e-06	72	400	388	388	6.5	NA	NA	NA	NA
"HiG_9"	"Tsc22d1"	0.000661719504271856	0.00409071426320376	"HiG"	0.00269421108890865	6.05440694136776e-06	12.011519248512	354	353	353	361	NA	NA	NA	NA
"HiG_9"	"Tspan13"	0.000358166189113868	0	"HiG"	0	0	NA	430.5	430.5	430.5	NA	NA	NA	NA	NA
"HiG_9"	"Tubb2a"	0.00360770302362438	0.00564252202943122	"HiG"	0.0348786484715516	7.83789853293295e-05	18.6821020916695	75	84	84	269	NA	NA	NA	NA
"HiG_9"	"Tyrobp"	0.00608640035779295	0.00472649141890404	"HiG"	0.0688829069545377	0.00015479304933604	22.7166089792021	26	29	29	199	NA	NA	NA	NA
"HiG_9"	"Unc13d"	0.00180967413913468	0.00164386068567502	"HiG"	0.0185124906225208	4.16011025225187e-05	26.9041890960175	193	169	169	137	NA	NA	NA	NA
"HiG_9"	"Upp1"	0.000726736693062167	0.000924298864951767	"HiG"	0.00389864817660878	8.7610071384467e-06	15.6146399420475	340	327	327	326	NA	NA	NA	NA
"HiG_9"	"Vasp"	0.00357493712593336	0.00769041883133961	"HiG"	0.0384579424265889	8.64223425316605e-05	23.2943151123543	79	74	74	185	NA	NA	NA	NA
"HiG_9"	"Vegfc"	0.00283364198392853	0.00165754323464266	"HiG"	0.0306665537376083	6.89136039047378e-05	22.7421305047163	109	103	103	198	NA	NA	NA	NA
"HiG_9"	"Vsir"	0.00164932008603451	0.000646292893619468	"HiG"	0.0159750357055994	3.58989566417965e-05	22.0133426307387	217	194	194	209	NA	NA	NA	NA
"HiG_9"	"Wdr36"	0.0055053215002423	0.425469828602196	"HiG"	0.0866400126035947	0.000194696657536168	36.0457006595465	31	17	17	48	NA	NA	NA	NA
"HiG_9"	"Wipi1"	0.00102459655412878	1.59489269648242e-05	"HiG"	0.0047221636341927	1.06116036723431e-05	4.88402052214709	297	315	315	401	NA	NA	NA	NA
"HiG_9"	"Xpc"	0.00082969608088339	0.0400695941624126	"HiG"	0.00825120105635408	1.85420248457395e-05	38.5321437725582	323	270	270	41	NA	NA	NA	NA
"HiG_9"	"Ydjc"	0.000358166189113868	0	"HiG"	0	0	NA	430.5	430.5	430.5	NA	NA	NA	NA	NA
"HiG_9"	"Ypel3"	0.000501050220556242	0.00133910174113317	"HiG"	0.00158837281048816	3.56937710222058e-06	22.0903116791971	382	375	375	208	NA	NA	NA	NA
"HiG_9"	"Zc3h7b"	0.000899024640460091	0.0317951674706997	"HiG"	0.00811336042613797	1.82322706205348e-05	60.4626056169695	312	271	271	13	NA	NA	NA	NA
"HiG_9"	"Zfp36"	0.00169745401871844	0.00197919264502419	"HiG"	0.0144817364044911	3.25432278752608e-05	15.8886048207889	209	208	208	320	NA	NA	NA	NA
"HiG_9"	"Zfp36l1"	0.00107541739033149	0.00822917054430396	"HiG"	0.00849579160493375	1.9091666527941e-05	19.5778260318997	290	267	267	248	NA	NA	NA	NA
