"signature"	"BetweennessCentrality"	"gene"	"rank_by_BC"	"PPI_cat"
"HiG_1"	14	"CITED2"	141.5	"HiG"
"HiG_1"	2194	"CCNB1"	8	"HiG"
"HiG_1"	79	"ANXA5"	117	"HiG"
"HiG_1"	1463	"FGFR1"	19	"HiG"
"HiG_1"	160	"ID3"	99.5	"HiG"
"HiG_1"	694	"LEF1"	39	"HiG"
"HiG_1"	166	"SRSF9"	97	"HiG"
"HiG_1"	0	"ANP32A"	219.5	"HiG"
"HiG_1"	123	"MCM7"	106	"HiG"
"HiG_1"	2000	"EZH2"	11	"HiG"
"HiG_1"	14	"RAP1A"	141.5	"HiG"
"HiG_1"	0	"CITED1"	219.5	"HiG"
"HiG_1"	372	"MAGED1"	61	"HiG"
"HiG_1"	176	"NDN"	92	"HiG"
"HiG_1"	26	"ID2"	134	"HiG"
"HiG_1"	454	"SERPINH1"	58	"HiG"
"HiG_1"	79	"CADM1"	117	"HiG"
"HiG_1"	261	"KHDRBS1"	75.5	"HiG"
"HiG_1"	0	"CLNS1A"	219.5	"HiG"
"HiG_1"	1404	"NEDD4"	20	"HiG"
"HiG_1"	961	"EIF4A1"	28	"HiG"
"HiG_1"	0	"BTG1"	219.5	"HiG"
"HiG_1"	0	"PRDX4"	219.5	"HiG"
"HiG_1"	1	"MT-ND2"	163.5	"HiG"
"HiG_1"	0	"LMO4"	219.5	"HiG"
"HiG_1"	65	"CCNE1"	122	"HiG"
"HiG_1"	542	"BNIP3L"	51	"HiG"
"HiG_1"	0	"ITM2C"	219.5	"HiG"
"HiG_1"	233	"HOXA1"	87	"HiG"
"HiG_1"	0	"PLSCR1"	219.5	"HiG"
"HiG_1"	0	"DCTPP1"	219.5	"HiG"
"HiG_1"	260	"BEX3"	77.5	"HiG"
"HiG_1"	0	"PDLIM4"	219.5	"HiG"
"HiG_1"	28	"DUT"	131.5	"HiG"
"HiG_1"	0	"BEX2"	219.5	"HiG"
"HiG_1"	99	"RBMX"	110.5	"HiG"
"HiG_1"	111	"DUSP6"	108	"HiG"
"HiG_1"	667	"CALM2"	43	"HiG"
"HiG_1"	0	"GCSH"	219.5	"HiG"
"HiG_1"	335	"DDAH2"	67	"HiG"
"HiG_1"	132	"ARL6IP1"	104	"HiG"
"HiG_1"	1	"PRPS1"	163.5	"HiG"
"HiG_1"	0	"PAFAH1B3"	219.5	"HiG"
"HiG_1"	798	"EPB41L3"	35	"HiG"
"HiG_1"	261	"BNIP3"	75.5	"HiG"
"HiG_1"	0	"BCCIP"	219.5	"HiG"
"HiG_1"	6	"RTN4"	150	"HiG"
"HiG_1"	1507	"HDAC1"	18	"HiG"
"HiG_1"	7382	"HSPA5"	1	"HiG"
"HiG_1"	444	"RUVBL2"	59	"HiG"
"HiG_1"	1726	"CDC20"	14	"HiG"
"HiG_1"	0	"TCEAL9"	219.5	"HiG"
"HiG_1"	355	"PPP1CB"	63	"HiG"
"HiG_1"	76	"LYAR"	119	"HiG"
"HiG_1"	300	"FKBP4"	69	"HiG"
"HiG_1"	61	"IGF2BP1"	124	"HiG"
"HiG_1"	28	"NASP"	131.5	"HiG"
"HiG_1"	12	"FBLN1"	144	"HiG"
"HiG_1"	0	"BZW2"	219.5	"HiG"
"HiG_1"	0	"PRKRA"	219.5	"HiG"
"HiG_1"	51	"PAICS"	127	"HiG"
"HiG_1"	0	"BIRC5"	219.5	"HiG"
"HiG_1"	179	"FSCN1"	91	"HiG"
"HiG_1"	0	"ATXN10"	219.5	"HiG"
"HiG_1"	264	"DNAJA1"	74	"HiG"
"HiG_1"	406	"GNAS"	60	"HiG"
"HiG_1"	1268	"FBL"	21	"HiG"
"HiG_1"	0	"DDT"	219.5	"HiG"
"HiG_1"	85	"SFXN1"	115	"HiG"
"HiG_1"	154	"HNRNPH3"	102	"HiG"
"HiG_1"	1546	"PRMT1"	17	"HiG"
"HiG_1"	170	"EBNA1BP2"	95	"HiG"
"HiG_1"	672	"PA2G4"	42	"HiG"
"HiG_1"	96	"PDIA6"	112.5	"HiG"
"HiG_1"	24	"MEST"	136	"HiG"
"HiG_1"	5948	"NCL"	2	"HiG"
"HiG_1"	64	"HNRNPA3"	123	"HiG"
"HiG_1"	0	"FABP5"	219.5	"HiG"
"HiG_1"	831	"CBX1"	32	"HiG"
"HiG_1"	60	"CCND1"	125	"HiG"
"HiG_1"	818	"MAPK3"	33	"HiG"
"HiG_1"	96	"PTOV1"	112.5	"HiG"
"HiG_1"	3759	"HSP90AA1"	5	"HiG"
"HiG_1"	0	"TSEN34"	219.5	"HiG"
"HiG_1"	5134	"PCNA"	3	"HiG"
"HiG_1"	350	"ID1"	64	"HiG"
"HiG_1"	3	"FOXP1"	157	"HiG"
"HiG_1"	22	"RALA"	138	"HiG"
"HiG_1"	0	"PFN2"	219.5	"HiG"
"HiG_1"	18	"DBN1"	139	"HiG"
"HiG_1"	149	"JAM3"	103	"HiG"
"HiG_1"	348	"APOE"	65	"HiG"
"HiG_1"	1240	"STMN1"	23	"HiG"
"HiG_1"	737	"GJA1"	38	"HiG"
"HiG_1"	0	"SAP30"	219.5	"HiG"
"HiG_1"	577	"NCAM1"	49.5	"HiG"
"HiG_1"	36	"HMGA2"	129	"HiG"
"HiG_1"	0	"MAT2A"	219.5	"HiG"
"HiG_1"	1104	"RRM2"	26	"HiG"
"HiG_1"	28	"DEK"	131.5	"HiG"
"HiG_1"	1184	"RBBP4"	25	"HiG"
"HiG_1"	2144	"RBBP7"	9	"HiG"
"HiG_1"	0	"ADH5"	219.5	"HiG"
"HiG_1"	467	"CD81"	56	"HiG"
"HiG_1"	0	"FXYD6"	219.5	"HiG"
"HiG_1"	1	"IVNS1ABP"	163.5	"HiG"
"HiG_1"	492	"DKC1"	55	"HiG"
"HiG_1"	9	"PTN"	146	"HiG"
"HiG_1"	86	"ACIN1"	114	"HiG"
"HiG_1"	0	"SPTSSA"	219.5	"HiG"
"HiG_1"	1623	"TRIM28"	15	"HiG"
"HiG_1"	1804	"UBC"	12	"HiG"
"HiG_1"	0	"ARL3"	219.5	"HiG"
"HiG_1"	0	"GSTO1"	219.5	"HiG"
"HiG_1"	1048	"SERBP1"	27	"HiG"
"HiG_1"	754	"PPA1"	37	"HiG"
"HiG_1"	526	"SFPQ"	53	"HiG"
"HiG_1"	4702	"HSPD1"	4	"HiG"
"HiG_1"	0	"ACVR2B"	219.5	"HiG"
"HiG_1"	2353	"FN1"	7	"HiG"
"HiG_1"	0	"TEAD2"	219.5	"HiG"
"HiG_1"	841	"APEX1"	31	"HiG"
"HiG_1"	260	"SRSF11"	77.5	"HiG"
"HiG_1"	0	"BEX1"	219.5	"HiG"
"HiG_1"	457	"HOXB1"	57	"HiG"
"HiG_1"	0	"GDI2"	219.5	"HiG"
"HiG_1"	247	"HMGN1"	86	"HiG"
"HiG_1"	115	"PBX1"	107	"HiG"
"HiG_1"	99	"ARL4A"	110.5	"HiG"
"HiG_1"	800	"FST"	34	"HiG"
"HiG_1"	1245	"MARCKS"	22	"HiG"
"HiG_1"	59	"ARF4"	126	"HiG"
"HiG_1"	933	"CCT8"	29	"HiG"
"HiG_1"	0	"FBN2"	219.5	"HiG"
"HiG_1"	160	"TCF3"	99.5	"HiG"
"HiG_1"	0	"TPM4"	219.5	"HiG"
"HiG_1"	3	"CSRP2"	157	"HiG"
"HiG_1"	0	"TFPI"	219.5	"HiG"
"HiG_1"	17	"MEOX1"	140	"HiG"
"HiG_1"	3	"FHL1"	157	"HiG"
"HiG_1"	2	"ALDOC"	161	"HiG"
"HiG_1"	250	"PRDX1"	84.5	"HiG"
"HiG_1"	0	"MPZL1"	219.5	"HiG"
"HiG_1"	0	"CALD1"	219.5	"HiG"
"HiG_1"	258	"MT-ND1"	81	"HiG"
"HiG_1"	24	"SDC1"	136	"HiG"
"HiG_1"	0	"PSIP1"	219.5	"HiG"
"HiG_1"	9	"SNX6"	146	"HiG"
"HiG_1"	9	"TPM1"	146	"HiG"
"HiG_1"	0	"GNL3"	219.5	"HiG"
"HiG_1"	3	"LMNB1"	157	"HiG"
"HiG_1"	3	"GLRX"	157	"HiG"
"HiG_1"	322	"SLBP"	68	"HiG"
"HiG_1"	24	"EIF4A3"	136	"HiG"
"HiG_1"	125	"PCLAF"	105	"HiG"
"HiG_1"	1588	"PKM"	16	"HiG"
"HiG_1"	267	"ARG1"	72	"HiG"
"HiG_1"	1734	"TUBA1A"	13	"HiG"
"HiG_1"	0	"CKAP4"	219.5	"HiG"
"HiG_1"	6	"NOP10"	150	"HiG"
"HiG_1"	0	"ATXN7L3B"	219.5	"HiG"
"HiG_1"	642	"HNRNPDL"	45	"HiG"
"HiG_1"	297	"NOP58"	70	"HiG"
"HiG_1"	7	"ANP32E"	148	"HiG"
"HiG_1"	4	"HELLS"	153	"HiG"
"HiG_1"	0	"NSUN2"	219.5	"HiG"
"HiG_1"	0	"FOXC2"	219.5	"HiG"
"HiG_1"	0	"PAIP2"	219.5	"HiG"
"HiG_1"	1	"HADH"	163.5	"HiG"
"HiG_1"	2129	"YWHAE"	10	"HiG"
"HiG_1"	3	"TSC22D1"	157	"HiG"
"HiG_1"	0	"SIX1"	219.5	"HiG"
"HiG_1"	100	"MEIS2"	109	"HiG"
"HiG_1"	577	"RBP1"	49.5	"HiG"
"HiG_1"	359	"HAT1"	62	"HiG"
"HiG_1"	0	"MRTO4"	219.5	"HiG"
"HiG_1"	0	"CNN3"	219.5	"HiG"
"HiG_1"	28	"PSAT1"	131.5	"HiG"
"HiG_1"	623	"NOP56"	46	"HiG"
"HiG_1"	0	"DCAKD"	219.5	"HiG"
"HiG_1"	0	"IER2"	219.5	"HiG"
"HiG_1"	844	"PRDX6"	30	"HiG"
"HiG_1"	789	"PRDX2"	36	"HiG"
"HiG_1"	192	"HSD17B10"	90	"HiG"
"HiG_1"	6	"SOX4"	150	"HiG"
"HiG_1"	1198	"MYCN"	24	"HiG"
"HiG_1"	3147	"YWHAQ"	6	"HiG"
"HiG_1"	68	"IMPDH2"	121	"HiG"
"HiG_1"	0	"HMGN3"	219.5	"HiG"
"HiG_1"	0	"PNRC1"	219.5	"HiG"
"HiG_1"	74	"TRA2A"	120	"HiG"
"HiG_1"	0	"DBI"	219.5	"HiG"
"HiG_1"	0	"TTC3"	219.5	"HiG"
"HiG_1"	156	"CRABP1"	101	"HiG"
"HiG_1"	213	"ODC1"	89	"HiG"
"HiG_1"	528	"NPM3"	52	"HiG"
"HiG_1"	690	"TWIST1"	40	"HiG"
"HiG_1"	170	"BASP1"	95	"HiG"
"HiG_1"	0	"RRS1"	219.5	"HiG"
"HiG_1"	0	"LAPTM4B"	219.5	"HiG"
"HiG_1"	265	"SRM"	73	"HiG"
"HiG_1"	0	"LDHB"	219.5	"HiG"
"HiG_1"	0	"HMGB3"	219.5	"HiG"
"HiG_1"	170	"SLC25A5"	95	"HiG"
"HiG_1"	0	"ARMCX2"	219.5	"HiG"
"HiG_1"	0	"FZD2"	219.5	"HiG"
"HiG_1"	5	"CRABP2"	152	"HiG"
"HiG_1"	0	"RAB34"	219.5	"HiG"
"HiG_1"	0	"PLP2"	219.5	"HiG"
"HiG_1"	0	"PCBP4"	219.5	"HiG"
"HiG_1"	0	"TBCB"	219.5	"HiG"
"HiG_1"	0	"SKAP2"	219.5	"HiG"
"HiG_1"	172	"TKT"	93	"HiG"
"HiG_1"	250	"FERMT2"	84.5	"HiG"
"HiG_1"	0	"LRRC42"	219.5	"HiG"
"HiG_1"	0	"RANGRF"	219.5	"HiG"
"HiG_1"	257	"CFL2"	82.5	"HiG"
"HiG_1"	0	"RCN2"	219.5	"HiG"
"HiG_1"	504	"TUBB2B"	54	"HiG"
"HiG_1"	340	"ALDH1A2"	66	"HiG"
"HiG_1"	0	"BCAT1"	219.5	"HiG"
"HiG_1"	257	"TECR"	82.5	"HiG"
"HiG_1"	0	"PPID"	219.5	"HiG"
"HiG_1"	0	"ADK"	219.5	"HiG"
"HiG_1"	0	"MTAP"	219.5	"HiG"
"HiG_1"	259	"IGFBP4"	79.5	"HiG"
"HiG_1"	79	"SMS"	117	"HiG"
"HiG_1"	163	"UBE2R2"	98	"HiG"
"HiG_1"	225	"NMRAL1"	88	"HiG"
"HiG_1"	0	"GPX3"	219.5	"HiG"
"HiG_1"	0	"LIMD2"	219.5	"HiG"
"HiG_1"	0	"SMOC1"	219.5	"HiG"
"HiG_1"	0	"TXNDC12"	219.5	"HiG"
"HiG_1"	0	"METTL9"	219.5	"HiG"
"HiG_1"	0	"EPOP"	219.5	"HiG"
"HiG_1"	0	"TNFAIP1"	219.5	"HiG"
"HiG_1"	0	"CDCA7"	219.5	"HiG"
"HiG_1"	0	"OAF"	219.5	"HiG"
"HiG_1"	0	"EMB"	219.5	"HiG"
"HiG_1"	0	"TSPAN3"	219.5	"HiG"
"HiG_1"	601	"GPC3"	47	"HiG"
"HiG_1"	0	"MTCH1"	219.5	"HiG"
"HiG_1"	0	"PPP1R1A"	219.5	"HiG"
"HiG_1"	0	"FSTL1"	219.5	"HiG"
"HiG_1"	0	"IFT74"	219.5	"HiG"
"HiG_1"	0	"WLS"	219.5	"HiG"
"HiG_1"	0	"HMGN5"	219.5	"HiG"
"HiG_1"	0	"TIMM8B"	219.5	"HiG"
"HiG_1"	0	"RSPO3"	219.5	"HiG"
"HiG_1"	0	"BEX4"	219.5	"HiG"
"HiG_1"	0	"OAZ2"	219.5	"HiG"
"HiG_1"	0	"SLC16A3"	219.5	"HiG"
"HiG_1"	0	"PLPP3"	219.5	"HiG"
"HiG_1"	288	"RBMXL1"	71	"HiG"
"HiG_1"	0	"PRTG"	219.5	"HiG"
"HiG_1"	0	"SOX11"	219.5	"HiG"
"HiG_1"	0	"GAS1"	219.5	"HiG"
"HiG_1"	648	"HOXB2"	44	"HiG"
"HiG_1"	259	"MFAP2"	79.5	"HiG"
"HiG_1"	685	"IFITM1"	41	"HiG"
"HiG_1"	0	"TCF15"	219.5	"HiG"
"HiG_1"	0	"TSPAN6"	219.5	"HiG"
"HiG_1"	39	"SELENOH"	128	"HiG"
"HiG_1"	13	"ZCCHC3"	143	"HiG"
"HiG_1"	3	"RASL11A"	157	"HiG"
"HiG_1"	0	"PPDPF"	219.5	"HiG"
"HiG_1"	0	"PIGX"	219.5	"HiG"
"HiG_1"	0	"TGIF1"	219.5	"HiG"
"HiG_1"	0	"TCEAL8"	219.5	"HiG"
"HiG_1"	578	"PRRX2"	48	"HiG"
"HiG_1"	0	"MOGAT2"	219.5	"HiG"
"HiG_1"	0	"ZFP36L1"	219.5	"HiG"
"HiG_1"	0	"WSB1"	219.5	"HiG"
"HiG_2"	1124	"ALDOA"	46	"HiG"
"HiG_2"	0	"CITED2"	316.5	"HiG"
"HiG_2"	517	"CCNB1"	89	"HiG"
"HiG_2"	882	"EIF3E"	57	"HiG"
"HiG_2"	6159	"HNRNPA1"	7	"HiG"
"HiG_2"	67	"ID3"	174	"HiG"
"HiG_2"	367	"AFDN"	115	"HiG"
"HiG_2"	0	"ANP32A"	316.5	"HiG"
"HiG_2"	48	"MCM7"	181	"HiG"
"HiG_2"	372	"FHL2"	104.5	"HiG"
"HiG_2"	1935	"FOS"	24	"HiG"
"HiG_2"	1119	"FKBP1A"	47	"HiG"
"HiG_2"	1024	"TNNC1"	51	"HiG"
"HiG_2"	254	"MAGED1"	131.5	"HiG"
"HiG_2"	1	"DAB2"	235.5	"HiG"
"HiG_2"	272	"NDN"	130	"HiG"
"HiG_2"	15	"ID2"	206	"HiG"
"HiG_2"	285	"CDKN1C"	127	"HiG"
"HiG_2"	791	"SERPINH1"	61	"HiG"
"HiG_2"	0	"CADM1"	316.5	"HiG"
"HiG_2"	535	"KHDRBS1"	86	"HiG"
"HiG_2"	1365	"EIF4A1"	37	"HiG"
"HiG_2"	0	"BTG1"	316.5	"HiG"
"HiG_2"	0	"PRDX4"	316.5	"HiG"
"HiG_2"	0	"GADD45G"	316.5	"HiG"
"HiG_2"	0	"BOK"	316.5	"HiG"
"HiG_2"	0	"LMO4"	316.5	"HiG"
"HiG_2"	2	"CLIC1"	229	"HiG"
"HiG_2"	363	"BNIP3L"	116	"HiG"
"HiG_2"	13513	"ACTB"	2	"HiG"
"HiG_2"	0	"PTBP2"	316.5	"HiG"
"HiG_2"	738	"MYL6"	65	"HiG"
"HiG_2"	1676	"RBPMS"	26	"HiG"
"HiG_2"	3	"ITM2C"	225.5	"HiG"
"HiG_2"	2459	"HNRNPK"	21	"HiG"
"HiG_2"	0	"DCTPP1"	316.5	"HiG"
"HiG_2"	371	"BEX3"	109.5	"HiG"
"HiG_2"	116	"PDLIM7"	159	"HiG"
"HiG_2"	7321	"ACTG1"	5	"HiG"
"HiG_2"	277	"KRT18"	129	"HiG"
"HiG_2"	0	"BAMBI"	316.5	"HiG"
"HiG_2"	0	"COX17"	316.5	"HiG"
"HiG_2"	1514	"ACTN1"	31	"HiG"
"HiG_2"	0	"PHLDA1"	316.5	"HiG"
"HiG_2"	120	"DUT"	157.5	"HiG"
"HiG_2"	0	"BEX2"	316.5	"HiG"
"HiG_2"	0	"HSPB7"	316.5	"HiG"
"HiG_2"	78	"DUSP6"	168	"HiG"
"HiG_2"	633	"CALM2"	78	"HiG"
"HiG_2"	529	"CCND2"	88	"HiG"
"HiG_2"	762	"DDAH2"	62	"HiG"
"HiG_2"	42	"ARL6IP1"	184.5	"HiG"
"HiG_2"	0	"PAFAH1B3"	316.5	"HiG"
"HiG_2"	639	"VASP"	76	"HiG"
"HiG_2"	554	"BNIP3"	84	"HiG"
"HiG_2"	484	"CKB"	91	"HiG"
"HiG_2"	664	"RTN4"	72.5	"HiG"
"HiG_2"	210	"RBFOX2"	139	"HiG"
"HiG_2"	0	"PDLIM5"	316.5	"HiG"
"HiG_2"	2	"CTNNBIP1"	229	"HiG"
"HiG_2"	1114	"JUN"	48	"HiG"
"HiG_2"	1647	"HDAC1"	27	"HiG"
"HiG_2"	15608	"HSPA5"	1	"HiG"
"HiG_2"	81	"KIF5B"	167	"HiG"
"HiG_2"	0	"EIF1B"	316.5	"HiG"
"HiG_2"	48	"MORF4L2"	181	"HiG"
"HiG_2"	0	"TCEAL9"	316.5	"HiG"
"HiG_2"	1493	"DSTN"	32	"HiG"
"HiG_2"	2	"PPP1CB"	229	"HiG"
"HiG_2"	396	"LYAR"	98.5	"HiG"
"HiG_2"	458	"FKBP4"	93	"HiG"
"HiG_2"	12	"EIF3M"	210	"HiG"
"HiG_2"	48	"BRIX1"	181	"HiG"
"HiG_2"	0	"MYH7"	316.5	"HiG"
"HiG_2"	572	"CALR"	82	"HiG"
"HiG_2"	360	"NASP"	118	"HiG"
"HiG_2"	0	"FBLN1"	316.5	"HiG"
"HiG_2"	0	"BZW2"	316.5	"HiG"
"HiG_2"	162	"AK1"	146	"HiG"
"HiG_2"	216	"PAICS"	138	"HiG"
"HiG_2"	402	"FSCN1"	96	"HiG"
"HiG_2"	32	"ATP2A2"	191	"HiG"
"HiG_2"	0	"TRA2B"	316.5	"HiG"
"HiG_2"	548	"DYNLL1"	85	"HiG"
"HiG_2"	701	"DNAJB11"	67	"HiG"
"HiG_2"	1	"SSR3"	235.5	"HiG"
"HiG_2"	5976	"GAPDH"	8	"HiG"
"HiG_2"	0	"ATXN10"	316.5	"HiG"
"HiG_2"	911	"DNAJA1"	55	"HiG"
"HiG_2"	684	"GNAS"	69	"HiG"
"HiG_2"	0	"DDT"	316.5	"HiG"
"HiG_2"	2929	"DDX5"	14	"HiG"
"HiG_2"	61	"G3BP2"	176	"HiG"
"HiG_2"	12	"HNRNPH3"	210	"HiG"
"HiG_2"	1595	"PRMT1"	29	"HiG"
"HiG_2"	0	"PSPH"	316.5	"HiG"
"HiG_2"	167	"PA2G4"	145	"HiG"
"HiG_2"	330	"PDIA6"	122	"HiG"
"HiG_2"	0	"MEST"	316.5	"HiG"
"HiG_2"	2814	"NCL"	17	"HiG"
"HiG_2"	52	"HNRNPA3"	178	"HiG"
"HiG_2"	9	"FABP5"	213	"HiG"
"HiG_2"	4186	"ACTA1"	9	"HiG"
"HiG_2"	4	"CBX1"	222.5	"HiG"
"HiG_2"	115	"CCND1"	160	"HiG"
"HiG_2"	246	"GATA4"	133.5	"HiG"
"HiG_2"	373	"MAPK3"	103	"HiG"
"HiG_2"	0	"LSR"	316.5	"HiG"
"HiG_2"	0	"PKP2"	316.5	"HiG"
"HiG_2"	0	"PTOV1"	316.5	"HiG"
"HiG_2"	4	"BMP7"	222.5	"HiG"
"HiG_2"	333	"DDX39B"	121	"HiG"
"HiG_2"	185	"MAP1B"	142.5	"HiG"
"HiG_2"	41	"TGFB2"	187	"HiG"
"HiG_2"	3983	"HSP90AA1"	11	"HiG"
"HiG_2"	740	"SELENOS"	64	"HiG"
"HiG_2"	0	"TSEN34"	316.5	"HiG"
"HiG_2"	391	"ATP1A1"	100	"HiG"
"HiG_2"	160	"ID1"	147	"HiG"
"HiG_2"	0	"NEBL"	316.5	"HiG"
"HiG_2"	150	"FOXP1"	149	"HiG"
"HiG_2"	120	"SMARCD3"	157.5	"HiG"
"HiG_2"	1463	"ATP1B1"	34	"HiG"
"HiG_2"	2126	"HSPB2"	23	"HiG"
"HiG_2"	72	"ANKRD1"	169.5	"HiG"
"HiG_2"	0	"RALA"	316.5	"HiG"
"HiG_2"	0	"PFN2"	316.5	"HiG"
"HiG_2"	704	"DBN1"	66	"HiG"
"HiG_2"	21	"CST3"	199.5	"HiG"
"HiG_2"	404	"APOE"	95	"HiG"
"HiG_2"	0	"LRPAP1"	316.5	"HiG"
"HiG_2"	1196	"STMN1"	44	"HiG"
"HiG_2"	2772	"NKX2-5"	18	"HiG"
"HiG_2"	0	"CCDC141"	316.5	"HiG"
"HiG_2"	2	"ANK3"	229	"HiG"
"HiG_2"	16	"SAP30"	203.5	"HiG"
"HiG_2"	71	"MYBPC3"	171.5	"HiG"
"HiG_2"	12502	"ACTC1"	4	"HiG"
"HiG_2"	38	"GRB10"	189.5	"HiG"
"HiG_2"	227	"HMGA2"	136	"HiG"
"HiG_2"	0	"MAT2A"	316.5	"HiG"
"HiG_2"	0	"S100A10"	316.5	"HiG"
"HiG_2"	531	"RRM2"	87	"HiG"
"HiG_2"	91	"DEK"	165	"HiG"
"HiG_2"	880	"RBBP4"	58	"HiG"
"HiG_2"	4125	"HSP90B1"	10	"HiG"
"HiG_2"	1924	"RBBP7"	25	"HiG"
"HiG_2"	0	"HES1"	316.5	"HiG"
"HiG_2"	1450	"RRAD"	35	"HiG"
"HiG_2"	879	"CD81"	59	"HiG"
"HiG_2"	0	"IVNS1ABP"	316.5	"HiG"
"HiG_2"	6	"MDH1"	217.5	"HiG"
"HiG_2"	0	"TAX1BP3"	316.5	"HiG"
"HiG_2"	343	"LAPTM4A"	120	"HiG"
"HiG_2"	282	"ATP6V1F"	128	"HiG"
"HiG_2"	1218	"VIM"	42	"HiG"
"HiG_2"	41	"CRIP1"	187	"HiG"
"HiG_2"	0	"RRAS2"	316.5	"HiG"
"HiG_2"	3714	"UBC"	12	"HiG"
"HiG_2"	0	"ARL3"	316.5	"HiG"
"HiG_2"	664	"SFPQ"	72.5	"HiG"
"HiG_2"	0	"SNRPN"	316.5	"HiG"
"HiG_2"	1208	"CRYAB"	43	"HiG"
"HiG_2"	204	"DES"	140	"HiG"
"HiG_2"	135	"CSRP3"	152	"HiG"
"HiG_2"	0	"AMPH"	316.5	"HiG"
"HiG_2"	68	"MEF2C"	173	"HiG"
"HiG_2"	42	"COL2A1"	184.5	"HiG"
"HiG_2"	0	"DNAJC3"	316.5	"HiG"
"HiG_2"	1271	"JUND"	39	"HiG"
"HiG_2"	21	"ILF2"	199.5	"HiG"
"HiG_2"	25	"TOP1"	194	"HiG"
"HiG_2"	959	"ACVR2B"	54	"HiG"
"HiG_2"	3	"IGF2"	225.5	"HiG"
"HiG_2"	401	"NRP1"	97	"HiG"
"HiG_2"	0	"TEAD2"	316.5	"HiG"
"HiG_2"	12	"KRT8"	210	"HiG"
"HiG_2"	1490	"APEX1"	33	"HiG"
"HiG_2"	0	"ARID3B"	316.5	"HiG"
"HiG_2"	0	"BEX1"	316.5	"HiG"
"HiG_2"	23	"SPARC"	197	"HiG"
"HiG_2"	0	"GDI2"	316.5	"HiG"
"HiG_2"	653	"TGFB1I1"	75	"HiG"
"HiG_2"	0	"HMGN1"	316.5	"HiG"
"HiG_2"	0	"DOK4"	316.5	"HiG"
"HiG_2"	11	"MDK"	212	"HiG"
"HiG_2"	132	"MARCKS"	153	"HiG"
"HiG_2"	0	"PODXL"	316.5	"HiG"
"HiG_2"	15	"IGF2R"	206	"HiG"
"HiG_2"	0	"ARF4"	316.5	"HiG"
"HiG_2"	0	"ISL1"	316.5	"HiG"
"HiG_2"	0	"MMP14"	316.5	"HiG"
"HiG_2"	1178	"PDIA4"	45	"HiG"
"HiG_2"	0	"PEG3"	316.5	"HiG"
"HiG_2"	2139	"PRNP"	22	"HiG"
"HiG_2"	179	"CCT4"	144	"HiG"
"HiG_2"	638	"CCT8"	77	"HiG"
"HiG_2"	106	"CNN1"	162	"HiG"
"HiG_2"	8	"RAB6A"	214	"HiG"
"HiG_2"	2580	"TPM4"	20	"HiG"
"HiG_2"	0	"CSRP2"	316.5	"HiG"
"HiG_2"	371	"GATA5"	109.5	"HiG"
"HiG_2"	122	"GATA6"	156	"HiG"
"HiG_2"	0	"SH3BP1"	316.5	"HiG"
"HiG_2"	1554	"FHL1"	30	"HiG"
"HiG_2"	254	"PRDX1"	131.5	"HiG"
"HiG_2"	0	"MPZL1"	316.5	"HiG"
"HiG_2"	223	"CALD1"	137	"HiG"
"HiG_2"	0	"HOMER2"	316.5	"HiG"
"HiG_2"	6256	"ACTA2"	6	"HiG"
"HiG_2"	103	"FGF8"	163	"HiG"
"HiG_2"	5	"PSIP1"	220	"HiG"
"HiG_2"	0	"SNX6"	316.5	"HiG"
"HiG_2"	695	"TNNT2"	68	"HiG"
"HiG_2"	12996	"TPM1"	3	"HiG"
"HiG_2"	72	"COL18A1"	169.5	"HiG"
"HiG_2"	0	"EIF4A3"	316.5	"HiG"
"HiG_2"	798	"DLK1"	60	"HiG"
"HiG_2"	24	"PCLAF"	195.5	"HiG"
"HiG_2"	1012	"PKM"	52	"HiG"
"HiG_2"	110	"ENO3"	161	"HiG"
"HiG_2"	46	"ASB4"	183	"HiG"
"HiG_2"	0	"GMPS"	316.5	"HiG"
"HiG_2"	659	"GPX4"	74	"HiG"
"HiG_2"	0	"PGAM2"	316.5	"HiG"
"HiG_2"	0	"JOSD2"	316.5	"HiG"
"HiG_2"	1074	"TUBA1A"	50	"HiG"
"HiG_2"	1107	"CKAP4"	49	"HiG"
"HiG_2"	0	"MYL12B"	316.5	"HiG"
"HiG_2"	0	"ATXN7L3B"	316.5	"HiG"
"HiG_2"	0	"RPS4X"	316.5	"HiG"
"HiG_2"	7	"NOP58"	215	"HiG"
"HiG_2"	328	"MAGED2"	123.5	"HiG"
"HiG_2"	1249	"PGK1"	41	"HiG"
"HiG_2"	1250	"CSRP1"	40	"HiG"
"HiG_2"	742	"MYL9"	63	"HiG"
"HiG_2"	0	"PAIP2"	316.5	"HiG"
"HiG_2"	0	"HADH"	316.5	"HiG"
"HiG_2"	2867	"YWHAE"	15	"HiG"
"HiG_2"	371	"TSC22D1"	109.5	"HiG"
"HiG_2"	371	"CAP2"	109.5	"HiG"
"HiG_2"	0	"MEIS2"	316.5	"HiG"
"HiG_2"	0	"XBP1"	316.5	"HiG"
"HiG_2"	0	"PPP1R14C"	316.5	"HiG"
"HiG_2"	0	"CNN3"	316.5	"HiG"
"HiG_2"	185	"SSB"	142.5	"HiG"
"HiG_2"	26	"SDF2L1"	193	"HiG"
"HiG_2"	0	"HIGD1A"	316.5	"HiG"
"HiG_2"	18	"IER2"	201.5	"HiG"
"HiG_2"	1304	"PRDX6"	38	"HiG"
"HiG_2"	377	"TPI1"	101.5	"HiG"
"HiG_2"	510	"PRDX2"	90	"HiG"
"HiG_2"	49	"SOX4"	179	"HiG"
"HiG_2"	3614	"TTN"	13	"HiG"
"HiG_2"	2820	"YWHAQ"	16	"HiG"
"HiG_2"	130	"MYL3"	154	"HiG"
"HiG_2"	0	"TNNI1"	316.5	"HiG"
"HiG_2"	0	"DBI"	316.5	"HiG"
"HiG_2"	589	"CRIP2"	81	"HiG"
"HiG_2"	668	"CRELD2"	71	"HiG"
"HiG_2"	0	"CRABP1"	316.5	"HiG"
"HiG_2"	312	"NPM3"	126	"HiG"
"HiG_2"	0	"BBX"	316.5	"HiG"
"HiG_2"	6	"UBE2S"	217.5	"HiG"
"HiG_2"	0	"EFHD2"	316.5	"HiG"
"HiG_2"	140	"BASP1"	150	"HiG"
"HiG_2"	324	"CNN2"	125	"HiG"
"HiG_2"	1407	"SLC25A4"	36	"HiG"
"HiG_2"	1607	"MYL12A"	28	"HiG"
"HiG_2"	28	"LAPTM4B"	192	"HiG"
"HiG_2"	6	"PALLD"	217.5	"HiG"
"HiG_2"	1006	"MIF"	53	"HiG"
"HiG_2"	377	"SRM"	101.5	"HiG"
"HiG_2"	0	"LDHB"	316.5	"HiG"
"HiG_2"	0	"AKR1A1"	316.5	"HiG"
"HiG_2"	0	"PGM2"	316.5	"HiG"
"HiG_2"	0	"HMGB3"	316.5	"HiG"
"HiG_2"	2665	"TAGLN"	19	"HiG"
"HiG_2"	83	"SLC25A5"	166	"HiG"
"HiG_2"	0	"ARMCX2"	316.5	"HiG"
"HiG_2"	0	"PLP2"	316.5	"HiG"
"HiG_2"	0	"PPIC"	316.5	"HiG"
"HiG_2"	0	"TBCB"	316.5	"HiG"
"HiG_2"	0	"FBXL22"	316.5	"HiG"
"HiG_2"	15	"TUBB6"	206	"HiG"
"HiG_2"	126	"TKT"	155	"HiG"
"HiG_2"	0	"MARCKSL1"	316.5	"HiG"
"HiG_2"	595	"FERMT2"	79	"HiG"
"HiG_2"	372	"TPM2"	104.5	"HiG"
"HiG_2"	233	"MYL1"	135	"HiG"
"HiG_2"	139	"FAM162A"	151	"HiG"
"HiG_2"	153	"RBMS1"	148	"HiG"
"HiG_2"	0	"LRRC42"	316.5	"HiG"
"HiG_2"	0	"TMEM9"	316.5	"HiG"
"HiG_2"	396	"RDX"	98.5	"HiG"
"HiG_2"	0	"CFL2"	316.5	"HiG"
"HiG_2"	0	"RCN2"	316.5	"HiG"
"HiG_2"	0	"TMSB10"	316.5	"HiG"
"HiG_2"	362	"ETFB"	117	"HiG"
"HiG_2"	0	"TUBB2B"	316.5	"HiG"
"HiG_2"	0	"DUSP9"	316.5	"HiG"
"HiG_2"	0	"ADD3"	316.5	"HiG"
"HiG_2"	0	"KRCC1"	316.5	"HiG"
"HiG_2"	883	"MYL4"	56	"HiG"
"HiG_2"	0	"SPEG"	316.5	"HiG"
"HiG_2"	71	"BCAT1"	171.5	"HiG"
"HiG_2"	0	"TMED9"	316.5	"HiG"
"HiG_2"	369	"MPPED2"	114	"HiG"
"HiG_2"	0	"MT-ND4"	316.5	"HiG"
"HiG_2"	1	"ATP6V0B"	235.5	"HiG"
"HiG_2"	0	"NECTIN2"	316.5	"HiG"
"HiG_2"	429	"NEXN"	94	"HiG"
"HiG_2"	58	"PPID"	177	"HiG"
"HiG_2"	16	"ADK"	203.5	"HiG"
"HiG_2"	1	"TMBIM6"	235.5	"HiG"
"HiG_2"	371	"MT-CO3"	109.5	"HiG"
"HiG_2"	0	"IDH2"	316.5	"HiG"
"HiG_2"	2	"UGDH"	229	"HiG"
"HiG_2"	100	"RBM38"	164	"HiG"
"HiG_2"	6	"TIPARP"	217.5	"HiG"
"HiG_2"	0	"RSRP1"	316.5	"HiG"
"HiG_2"	0	"SMYD1"	316.5	"HiG"
"HiG_2"	0	"SMS"	316.5	"HiG"
"HiG_2"	0	"UBE2R2"	316.5	"HiG"
"HiG_2"	0	"UGP2"	316.5	"HiG"
"HiG_2"	246	"TMSB4X"	133.5	"HiG"
"HiG_2"	594	"RHOC"	80	"HiG"
"HiG_2"	4	"GPX3"	222.5	"HiG"
"HiG_2"	13	"ITM2A"	208	"HiG"
"HiG_2"	478	"PMP22"	92	"HiG"
"HiG_2"	0	"LIMD2"	316.5	"HiG"
"HiG_2"	0	"MIEN1"	316.5	"HiG"
"HiG_2"	196	"MYL7"	141	"HiG"
"HiG_2"	0	"TXNDC12"	316.5	"HiG"
"HiG_2"	0	"TNFAIP1"	316.5	"HiG"
"HiG_2"	1	"MANF"	235.5	"HiG"
"HiG_2"	371	"SELENOK"	109.5	"HiG"
"HiG_2"	0	"POPDC2"	316.5	"HiG"
"HiG_2"	0	"CFC1"	316.5	"HiG"
"HiG_2"	0	"TSPAN3"	316.5	"HiG"
"HiG_2"	1	"GPC3"	235.5	"HiG"
"HiG_2"	0	"MTCH1"	316.5	"HiG"
"HiG_2"	0	"TBX20"	316.5	"HiG"
"HiG_2"	0	"TMEM59"	316.5	"HiG"
"HiG_2"	0	"PPP1R1A"	316.5	"HiG"
"HiG_2"	371	"FSTL1"	109.5	"HiG"
"HiG_2"	0	"WLS"	316.5	"HiG"
"HiG_2"	4	"RBM24"	222.5	"HiG"
"HiG_2"	0	"ABRACL"	316.5	"HiG"
"HiG_2"	0	"HMGN5"	316.5	"HiG"
"HiG_2"	0	"TIMM8B"	316.5	"HiG"
"HiG_2"	0	"TMOD1"	316.5	"HiG"
"HiG_2"	0	"BEX4"	316.5	"HiG"
"HiG_2"	0	"OAZ2"	316.5	"HiG"
"HiG_2"	24	"PHLDA2"	195.5	"HiG"
"HiG_2"	0	"SLC16A3"	316.5	"HiG"
"HiG_2"	0	"PTGES3L"	316.5	"HiG"
"HiG_2"	0	"PRTG"	316.5	"HiG"
"HiG_2"	66	"SMTNL2"	175	"HiG"
"HiG_2"	1	"RBPMS2"	235.5	"HiG"
"HiG_2"	0	"TMEM108"	316.5	"HiG"
"HiG_2"	0	"HCFC1R1"	316.5	"HiG"
"HiG_2"	0	"MYLK3"	316.5	"HiG"
"HiG_2"	0	"SOX11"	316.5	"HiG"
"HiG_2"	18	"GPX8"	201.5	"HiG"
"HiG_2"	0	"STARD3NL"	316.5	"HiG"
"HiG_2"	0	"MMD"	316.5	"HiG"
"HiG_2"	22	"MGARP"	198	"HiG"
"HiG_2"	0	"UNC45B"	316.5	"HiG"
"HiG_2"	0	"MT-ATP6"	316.5	"HiG"
"HiG_2"	0	"SELENOW"	316.5	"HiG"
"HiG_2"	328	"HOXB2"	123.5	"HiG"
"HiG_2"	0	"TMEM88"	316.5	"HiG"
"HiG_2"	0	"BRI3"	316.5	"HiG"
"HiG_2"	1	"VCAN"	235.5	"HiG"
"HiG_2"	0	"MFAP2"	316.5	"HiG"
"HiG_2"	0	"CTXN1"	316.5	"HiG"
"HiG_2"	354	"IGFBPL1"	119	"HiG"
"HiG_2"	41	"IFITM1"	187	"HiG"
"HiG_2"	0	"UBALD2"	316.5	"HiG"
"HiG_2"	0	"TSPAN6"	316.5	"HiG"
"HiG_2"	371	"SELENOH"	109.5	"HiG"
"HiG_2"	0	"RGS5"	316.5	"HiG"
"HiG_2"	567	"WNT2"	83	"HiG"
"HiG_2"	0	"SH3BGR"	316.5	"HiG"
"HiG_2"	0	"PIGX"	316.5	"HiG"
"HiG_2"	0	"APOBEC2"	316.5	"HiG"
"HiG_2"	0	"SFRP5"	316.5	"HiG"
"HiG_2"	0	"TCEAL8"	316.5	"HiG"
"HiG_2"	0	"RCSD1"	316.5	"HiG"
"HiG_2"	38	"PRRX2"	189.5	"HiG"
"HiG_2"	674	"TSPAN7"	70	"HiG"
"HiG_2"	0	"WSB1"	316.5	"HiG"
"HiG_3"	0	"CITED2"	309	"HiG"
"HiG_3"	736	"CCND3"	58	"HiG"
"HiG_3"	12	"ANXA5"	206	"HiG"
"HiG_3"	716	"GABARAP"	60	"HiG"
"HiG_3"	0	"HAND2"	309	"HiG"
"HiG_3"	35	"ID3"	191.5	"HiG"
"HiG_3"	377	"AFDN"	102	"HiG"
"HiG_3"	372	"SRSF9"	105	"HiG"
"HiG_3"	4	"MCM7"	222.5	"HiG"
"HiG_3"	25	"RAP1A"	197	"HiG"
"HiG_3"	1097	"TNNC1"	45	"HiG"
"HiG_3"	624	"NONO"	73	"HiG"
"HiG_3"	34	"DAB2"	193	"HiG"
"HiG_3"	1765	"NDN"	28	"HiG"
"HiG_3"	89	"HTRA2"	176	"HiG"
"HiG_3"	2171	"ID2"	23	"HiG"
"HiG_3"	1031	"CDKN1C"	46	"HiG"
"HiG_3"	487	"SERPINH1"	84.5	"HiG"
"HiG_3"	368	"PEG10"	106	"HiG"
"HiG_3"	353	"ILK"	115	"HiG"
"HiG_3"	4167	"EIF4A1"	7	"HiG"
"HiG_3"	0	"PRDX4"	309	"HiG"
"HiG_3"	1	"GADD45G"	237.5	"HiG"
"HiG_3"	74	"P4HB"	180	"HiG"
"HiG_3"	187	"CLIC1"	150	"HiG"
"HiG_3"	2	"BNIP3L"	231.5	"HiG"
"HiG_3"	3645	"ACTB"	12	"HiG"
"HiG_3"	2562	"MYL6"	18	"HiG"
"HiG_3"	1376	"RBPMS"	35	"HiG"
"HiG_3"	6	"ITM2C"	215.5	"HiG"
"HiG_3"	130	"HOXB6"	164	"HiG"
"HiG_3"	0	"DCTPP1"	309	"HiG"
"HiG_3"	705	"BEX3"	62.5	"HiG"
"HiG_3"	462	"PDLIM7"	86	"HiG"
"HiG_3"	4012	"KRT18"	9	"HiG"
"HiG_3"	0	"BAMBI"	309	"HiG"
"HiG_3"	0	"COX17"	309	"HiG"
"HiG_3"	0	"BEX2"	309	"HiG"
"HiG_3"	0	"ARHGAP29"	309	"HiG"
"HiG_3"	0	"FTH1"	309	"HiG"
"HiG_3"	0	"RCN3"	309	"HiG"
"HiG_3"	2715	"PITX1"	16	"HiG"
"HiG_3"	440	"CCND2"	90	"HiG"
"HiG_3"	0	"GCSH"	309	"HiG"
"HiG_3"	1	"ARL6IP1"	237.5	"HiG"
"HiG_3"	0	"PAFAH1B3"	309	"HiG"
"HiG_3"	0	"PDLIM1"	309	"HiG"
"HiG_3"	16	"BCCIP"	202.5	"HiG"
"HiG_3"	212	"MID1IP1"	149	"HiG"
"HiG_3"	0	"PLAC8"	309	"HiG"
"HiG_3"	360	"RTN4"	108	"HiG"
"HiG_3"	544	"RBFOX2"	77	"HiG"
"HiG_3"	51	"CTNNBIP1"	188	"HiG"
"HiG_3"	21844	"HSPA5"	1	"HiG"
"HiG_3"	3	"MORF4L2"	226.5	"HiG"
"HiG_3"	0	"TCEAL9"	309	"HiG"
"HiG_3"	3	"EIF4EBP1"	226.5	"HiG"
"HiG_3"	126	"DSTN"	166	"HiG"
"HiG_3"	487	"PPP1CB"	84.5	"HiG"
"HiG_3"	381	"LYAR"	100	"HiG"
"HiG_3"	298	"FKBP4"	139	"HiG"
"HiG_3"	96	"EIF3M"	172	"HiG"
"HiG_3"	4768	"LGALS1"	6	"HiG"
"HiG_3"	363	"LRRC59"	107	"HiG"
"HiG_3"	785	"EZR"	56	"HiG"
"HiG_3"	6	"BRIX1"	215.5	"HiG"
"HiG_3"	1904	"CALR"	26	"HiG"
"HiG_3"	0	"DEGS1"	309	"HiG"
"HiG_3"	11	"FBLN1"	207	"HiG"
"HiG_3"	411	"PAICS"	94	"HiG"
"HiG_3"	185	"FSCN1"	151	"HiG"
"HiG_3"	2	"DYNLL1"	231.5	"HiG"
"HiG_3"	424	"DNAJB11"	92	"HiG"
"HiG_3"	2002	"MYH10"	25	"HiG"
"HiG_3"	318	"SSR3"	135.5	"HiG"
"HiG_3"	3785	"ANXA2"	11	"HiG"
"HiG_3"	0	"NOLC1"	309	"HiG"
"HiG_3"	1628	"DNAJA1"	33	"HiG"
"HiG_3"	336	"PGRMC1"	127.5	"HiG"
"HiG_3"	0	"PPAN"	309	"HiG"
"HiG_3"	0	"DDT"	309	"HiG"
"HiG_3"	876	"DDX5"	50	"HiG"
"HiG_3"	3	"SFXN1"	226.5	"HiG"
"HiG_3"	1353	"EBNA1BP2"	37	"HiG"
"HiG_3"	0	"PSPH"	309	"HiG"
"HiG_3"	28	"PA2G4"	194	"HiG"
"HiG_3"	2392	"PDIA6"	20	"HiG"
"HiG_3"	0	"MEST"	309	"HiG"
"HiG_3"	6003	"NCL"	4	"HiG"
"HiG_3"	705	"FABP5"	62.5	"HiG"
"HiG_3"	664	"CTNNA1"	65	"HiG"
"HiG_3"	340	"CBX1"	123	"HiG"
"HiG_3"	373	"CCND1"	103.5	"HiG"
"HiG_3"	1671	"MAPK3"	32	"HiG"
"HiG_3"	0	"LSR"	309	"HiG"
"HiG_3"	6	"PKP2"	215.5	"HiG"
"HiG_3"	0	"PTOV1"	309	"HiG"
"HiG_3"	24	"RND3"	198	"HiG"
"HiG_3"	2283	"ENO1"	21	"HiG"
"HiG_3"	155	"DDX39B"	157	"HiG"
"HiG_3"	765	"MAP1B"	57	"HiG"
"HiG_3"	290	"SELENOS"	141	"HiG"
"HiG_3"	0	"TSEN34"	309	"HiG"
"HiG_3"	798	"ID1"	53	"HiG"
"HiG_3"	233	"BMP4"	146	"HiG"
"HiG_3"	353	"FOXP1"	115	"HiG"
"HiG_3"	353	"SMARCD3"	115	"HiG"
"HiG_3"	353	"HAND1"	115	"HiG"
"HiG_3"	2269	"AHNAK"	22	"HiG"
"HiG_3"	0	"STK39"	309	"HiG"
"HiG_3"	6	"RALA"	215.5	"HiG"
"HiG_3"	346	"DBN1"	122	"HiG"
"HiG_3"	0	"CST3"	309	"HiG"
"HiG_3"	2	"JAM3"	231.5	"HiG"
"HiG_3"	913	"APOE"	49	"HiG"
"HiG_3"	26	"LRPAP1"	195.5	"HiG"
"HiG_3"	0	"HAPLN1"	309	"HiG"
"HiG_3"	1150	"STMN1"	43	"HiG"
"HiG_3"	446	"GJA1"	89	"HiG"
"HiG_3"	797	"HMGA2"	54	"HiG"
"HiG_3"	348	"MAT2A"	121	"HiG"
"HiG_3"	1161	"S100A10"	42	"HiG"
"HiG_3"	518	"ITGB1"	80.5	"HiG"
"HiG_3"	336	"RRM2"	127.5	"HiG"
"HiG_3"	336	"DEK"	127.5	"HiG"
"HiG_3"	3909	"HSP90B1"	10	"HiG"
"HiG_3"	655	"RBBP7"	66	"HiG"
"HiG_3"	0	"HES1"	309	"HiG"
"HiG_3"	522	"MSX1"	78	"HiG"
"HiG_3"	432	"CD81"	91	"HiG"
"HiG_3"	0	"PJA1"	309	"HiG"
"HiG_3"	0	"FXYD6"	309	"HiG"
"HiG_3"	60	"DKC1"	185	"HiG"
"HiG_3"	628	"MDH1"	70	"HiG"
"HiG_3"	73	"TAX1BP3"	181	"HiG"
"HiG_3"	0	"LAPTM4A"	309	"HiG"
"HiG_3"	2657	"VIM"	17	"HiG"
"HiG_3"	163	"KLF6"	155	"HiG"
"HiG_3"	324	"RER1"	134	"HiG"
"HiG_3"	4	"RRAS2"	222.5	"HiG"
"HiG_3"	35	"TPD52L1"	191.5	"HiG"
"HiG_3"	2532	"UBC"	19	"HiG"
"HiG_3"	0	"ARL3"	309	"HiG"
"HiG_3"	0	"SNRPN"	309	"HiG"
"HiG_3"	0	"ARPC5"	309	"HiG"
"HiG_3"	145	"CRYAB"	159	"HiG"
"HiG_3"	0	"DNAJC3"	309	"HiG"
"HiG_3"	382	"ILF2"	99	"HiG"
"HiG_3"	79	"TOP1"	179	"HiG"
"HiG_3"	453	"IGF2"	88	"HiG"
"HiG_3"	15	"NRP1"	204	"HiG"
"HiG_3"	1702	"FN1"	30	"HiG"
"HiG_3"	3020	"PDIA3"	15	"HiG"
"HiG_3"	1	"TEAD2"	237.5	"HiG"
"HiG_3"	3527	"KRT8"	13	"HiG"
"HiG_3"	326	"PTCH1"	133	"HiG"
"HiG_3"	940	"APEX1"	48	"HiG"
"HiG_3"	0	"ARID3B"	309	"HiG"
"HiG_3"	0	"PARD6B"	309	"HiG"
"HiG_3"	57	"SLC2A1"	186	"HiG"
"HiG_3"	0	"BEX1"	309	"HiG"
"HiG_3"	108	"HOXB1"	169	"HiG"
"HiG_3"	0	"SPARC"	309	"HiG"
"HiG_3"	143	"EFNB1"	160	"HiG"
"HiG_3"	158	"TGFB1I1"	156	"HiG"
"HiG_3"	222	"HMGN1"	147	"HiG"
"HiG_3"	0	"DOK4"	309	"HiG"
"HiG_3"	3	"MDK"	226.5	"HiG"
"HiG_3"	720	"MARCKS"	59	"HiG"
"HiG_3"	395	"PODXL"	97	"HiG"
"HiG_3"	22	"ARF4"	199	"HiG"
"HiG_3"	14	"MMP14"	205	"HiG"
"HiG_3"	625	"PDIA4"	72	"HiG"
"HiG_3"	0	"PEG3"	309	"HiG"
"HiG_3"	1793	"CCT4"	27	"HiG"
"HiG_3"	1272	"CCT8"	39	"HiG"
"HiG_3"	276	"TPM4"	142	"HiG"
"HiG_3"	0	"CSRP2"	309	"HiG"
"HiG_3"	508	"GATA6"	83	"HiG"
"HiG_3"	0	"FHL1"	309	"HiG"
"HiG_3"	221	"MPZL1"	148	"HiG"
"HiG_3"	249	"CALD1"	145	"HiG"
"HiG_3"	1	"HOMER2"	237.5	"HiG"
"HiG_3"	3379	"ACTA2"	14	"HiG"
"HiG_3"	3	"SDC1"	226.5	"HiG"
"HiG_3"	0	"SNX6"	309	"HiG"
"HiG_3"	125	"TNNT2"	167	"HiG"
"HiG_3"	6982	"TPM1"	3	"HiG"
"HiG_3"	5	"SLBP"	220.5	"HiG"
"HiG_3"	626	"MSX2"	71	"HiG"
"HiG_3"	172	"EIF4A3"	153	"HiG"
"HiG_3"	669	"DLK1"	64	"HiG"
"HiG_3"	0	"PCLAF"	309	"HiG"
"HiG_3"	1619	"PKM"	34	"HiG"
"HiG_3"	0	"ASB4"	309	"HiG"
"HiG_3"	0	"GALK1"	309	"HiG"
"HiG_3"	0	"GPX4"	309	"HiG"
"HiG_3"	5507	"TUBA1A"	5	"HiG"
"HiG_3"	1	"TAGLN2"	237.5	"HiG"
"HiG_3"	1334	"CKAP4"	38	"HiG"
"HiG_3"	268	"NHP2"	143	"HiG"
"HiG_3"	0	"MYL12B"	309	"HiG"
"HiG_3"	0	"ATXN7L3B"	309	"HiG"
"HiG_3"	634	"MAGED2"	69	"HiG"
"HiG_3"	1694	"PGK1"	31	"HiG"
"HiG_3"	604	"CSRP1"	74	"HiG"
"HiG_3"	333	"UBE2E3"	130	"HiG"
"HiG_3"	833	"MYL9"	51	"HiG"
"HiG_3"	5	"APRT"	220.5	"HiG"
"HiG_3"	0	"PAIP2"	309	"HiG"
"HiG_3"	6	"HADH"	215.5	"HiG"
"HiG_3"	4140	"YWHAE"	8	"HiG"
"HiG_3"	0	"TSC22D1"	309	"HiG"
"HiG_3"	20	"MEIS2"	200	"HiG"
"HiG_3"	0	"XBP1"	309	"HiG"
"HiG_3"	0	"RBP1"	309	"HiG"
"HiG_3"	0	"HSD11B2"	309	"HiG"
"HiG_3"	0	"LRRFIP1"	309	"HiG"
"HiG_3"	26	"MRTO4"	195.5	"HiG"
"HiG_3"	6	"CNN3"	215.5	"HiG"
"HiG_3"	550	"SSB"	76	"HiG"
"HiG_3"	353	"LUZP1"	115	"HiG"
"HiG_3"	0	"ATP2B1"	309	"HiG"
"HiG_3"	92	"SDF2L1"	175	"HiG"
"HiG_3"	1229	"PRDX6"	40	"HiG"
"HiG_3"	8	"SOX4"	209.5	"HiG"
"HiG_3"	10267	"YWHAQ"	2	"HiG"
"HiG_3"	353	"TNNI1"	115	"HiG"
"HiG_3"	0	"PRR5"	309	"HiG"
"HiG_3"	1142	"RRBP1"	44	"HiG"
"HiG_3"	379	"SURF4"	101	"HiG"
"HiG_3"	88	"CRIP2"	177.5	"HiG"
"HiG_3"	338	"CRELD2"	125	"HiG"
"HiG_3"	0	"CRABP1"	309	"HiG"
"HiG_3"	93	"ODC1"	174	"HiG"
"HiG_3"	3	"GPX1"	226.5	"HiG"
"HiG_3"	518	"REEP5"	80.5	"HiG"
"HiG_3"	0	"BBX"	309	"HiG"
"HiG_3"	0	"EFHD2"	309	"HiG"
"HiG_3"	799	"BASP1"	52	"HiG"
"HiG_3"	136	"CNN2"	161	"HiG"
"HiG_3"	95	"RSL1D1"	173	"HiG"
"HiG_3"	1017	"SLC25A4"	47	"HiG"
"HiG_3"	0	"PCGF5"	309	"HiG"
"HiG_3"	175	"MYL12A"	152	"HiG"
"HiG_3"	0	"SRM"	309	"HiG"
"HiG_3"	0	"PGM2"	309	"HiG"
"HiG_3"	0	"HMGB3"	309	"HiG"
"HiG_3"	2077	"TAGLN"	24	"HiG"
"HiG_3"	1198	"SLC25A5"	41	"HiG"
"HiG_3"	0	"CCDC80"	309	"HiG"
"HiG_3"	0	"FZD2"	309	"HiG"
"HiG_3"	0	"RAB34"	309	"HiG"
"HiG_3"	0	"PPP1R14A"	309	"HiG"
"HiG_3"	418	"LIN28A"	93	"HiG"
"HiG_3"	0	"PLP2"	309	"HiG"
"HiG_3"	0	"ECSCR"	309	"HiG"
"HiG_3"	0	"PPIC"	309	"HiG"
"HiG_3"	0	"PCBP4"	309	"HiG"
"HiG_3"	0	"TBCB"	309	"HiG"
"HiG_3"	520	"ARL4C"	79	"HiG"
"HiG_3"	103	"EGFL7"	171	"HiG"
"HiG_3"	0	"NPC2"	309	"HiG"
"HiG_3"	318	"TUBB6"	135.5	"HiG"
"HiG_3"	408	"TKT"	95	"HiG"
"HiG_3"	454	"TUBB4B"	87	"HiG"
"HiG_3"	2	"MARCKSL1"	231.5	"HiG"
"HiG_3"	127	"FERMT2"	165	"HiG"
"HiG_3"	1733	"TPM2"	29	"HiG"
"HiG_3"	353	"NENF"	115	"HiG"
"HiG_3"	134	"RBMS1"	162	"HiG"
"HiG_3"	0	"LRRC42"	309	"HiG"
"HiG_3"	0	"TMEM9"	309	"HiG"
"HiG_3"	301	"RDX"	138	"HiG"
"HiG_3"	66	"CFL2"	183	"HiG"
"HiG_3"	0	"RCN2"	309	"HiG"
"HiG_3"	0	"TLN2"	309	"HiG"
"HiG_3"	122	"TMSB10"	168	"HiG"
"HiG_3"	1	"SH3BGRL3"	237.5	"HiG"
"HiG_3"	0	"TUBB2B"	309	"HiG"
"HiG_3"	149	"DUSP9"	158	"HiG"
"HiG_3"	8	"SERP1"	209.5	"HiG"
"HiG_3"	0	"KRCC1"	309	"HiG"
"HiG_3"	357	"MYL4"	109.5	"HiG"
"HiG_3"	0	"SRI"	309	"HiG"
"HiG_3"	0	"TMED9"	309	"HiG"
"HiG_3"	8	"LMAN2"	209.5	"HiG"
"HiG_3"	0	"MT-ND4"	309	"HiG"
"HiG_3"	107	"IGFBP2"	170	"HiG"
"HiG_3"	0	"GLIPR2"	309	"HiG"
"HiG_3"	357	"NECTIN2"	109.5	"HiG"
"HiG_3"	0	"NEXN"	309	"HiG"
"HiG_3"	353	"PPID"	115	"HiG"
"HiG_3"	339	"ADK"	124	"HiG"
"HiG_3"	0	"TMBIM6"	309	"HiG"
"HiG_3"	336	"MT-CO3"	127.5	"HiG"
"HiG_3"	1364	"IDH2"	36	"HiG"
"HiG_3"	330	"MTAP"	131.5	"HiG"
"HiG_3"	253	"UGDH"	144	"HiG"
"HiG_3"	306	"MAB21L2"	137	"HiG"
"HiG_3"	72	"IGFBP4"	182	"HiG"
"HiG_3"	352	"SMS"	120	"HiG"
"HiG_3"	0	"UBE2R2"	309	"HiG"
"HiG_3"	167	"TMSB4X"	154	"HiG"
"HiG_3"	653	"RHOC"	67.5	"HiG"
"HiG_3"	292	"GPX3"	140	"HiG"
"HiG_3"	61	"ITM2A"	184	"HiG"
"HiG_3"	330	"PMP22"	131.5	"HiG"
"HiG_3"	0	"LIMD2"	309	"HiG"
"HiG_3"	19	"EVA1B"	201	"HiG"
"HiG_3"	0	"TDO2"	309	"HiG"
"HiG_3"	0	"IRAK1BP1"	309	"HiG"
"HiG_3"	0	"MYL7"	309	"HiG"
"HiG_3"	0	"TXNDC12"	309	"HiG"
"HiG_3"	0	"METTL9"	309	"HiG"
"HiG_3"	0	"TNFAIP1"	309	"HiG"
"HiG_3"	131	"MANF"	163	"HiG"
"HiG_3"	16	"SELENOK"	202.5	"HiG"
"HiG_3"	0	"POPDC2"	309	"HiG"
"HiG_3"	0	"OAF"	309	"HiG"
"HiG_3"	0	"CFC1"	309	"HiG"
"HiG_3"	0	"TSPAN3"	309	"HiG"
"HiG_3"	373	"GPC3"	103.5	"HiG"
"HiG_3"	1	"MTCH1"	237.5	"HiG"
"HiG_3"	707	"TIMP2"	61	"HiG"
"HiG_3"	0	"CARNMT1"	309	"HiG"
"HiG_3"	394	"FOXF1"	98	"HiG"
"HiG_3"	1	"FSTL1"	237.5	"HiG"
"HiG_3"	0	"ST3GAL5"	309	"HiG"
"HiG_3"	0	"WLS"	309	"HiG"
"HiG_3"	0	"ABRACL"	309	"HiG"
"HiG_3"	514	"SSR2"	82	"HiG"
"HiG_3"	0	"BEX4"	309	"HiG"
"HiG_3"	0	"OAZ2"	309	"HiG"
"HiG_3"	0	"POLG"	309	"HiG"
"HiG_3"	0	"PHLDA2"	309	"HiG"
"HiG_3"	0	"YIF1B"	309	"HiG"
"HiG_3"	0	"PRDM6"	309	"HiG"
"HiG_3"	0	"PRTG"	309	"HiG"
"HiG_3"	353	"SMTNL2"	115	"HiG"
"HiG_3"	54	"APLNR"	187	"HiG"
"HiG_3"	44	"RBPMS2"	189	"HiG"
"HiG_3"	557	"CPA2"	75	"HiG"
"HiG_3"	0	"TMEM108"	309	"HiG"
"HiG_3"	0	"SOX11"	309	"HiG"
"HiG_3"	400	"GPX8"	96	"HiG"
"HiG_3"	0	"STARD3NL"	309	"HiG"
"HiG_3"	0	"MNS1"	309	"HiG"
"HiG_3"	0	"LY6E"	309	"HiG"
"HiG_3"	0	"CMTM7"	309	"HiG"
"HiG_3"	0	"NKD1"	309	"HiG"
"HiG_3"	0	"STARD8"	309	"HiG"
"HiG_3"	8	"MT-ATP6"	209.5	"HiG"
"HiG_3"	0	"PLIN2"	309	"HiG"
"HiG_3"	88	"HOXB2"	177.5	"HiG"
"HiG_3"	0	"SDHD"	309	"HiG"
"HiG_3"	0	"TMEM88"	309	"HiG"
"HiG_3"	0	"AARD"	309	"HiG"
"HiG_3"	6	"BRI3"	215.5	"HiG"
"HiG_3"	0	"TBRG1"	309	"HiG"
"HiG_3"	0	"SMIM14"	309	"HiG"
"HiG_3"	6	"TSPAN4"	215.5	"HiG"
"HiG_3"	36	"IFITM1"	190	"HiG"
"HiG_3"	0	"TSPAN6"	309	"HiG"
"HiG_3"	0	"SELENOH"	309	"HiG"
"HiG_3"	0	"RGS5"	309	"HiG"
"HiG_3"	653	"WNT2"	67.5	"HiG"
"HiG_3"	0	"VGLL4"	309	"HiG"
"HiG_3"	0	"NUDT4"	309	"HiG"
"HiG_3"	0	"TMEM158"	309	"HiG"
"HiG_3"	0	"PCOLCE"	309	"HiG"
"HiG_3"	0	"SFRP5"	309	"HiG"
"HiG_3"	0	"TCEAL8"	309	"HiG"
"HiG_3"	796	"PRRX2"	55	"HiG"
"HiG_3"	0	"MOGAT2"	309	"HiG"
"HiG_3"	0	"WFDC2"	309	"HiG"
"HiG_4"	1256	"CCNB1"	24	"HiG"
"HiG_4"	527	"C1QBP"	45	"HiG"
"HiG_4"	4056	"HNRNPA1"	4	"HiG"
"HiG_4"	4	"ID3"	134.5	"HiG"
"HiG_4"	399	"LEF1"	58	"HiG"
"HiG_4"	15	"SRSF9"	126	"HiG"
"HiG_4"	0	"ANP32A"	205	"HiG"
"HiG_4"	20	"MCM7"	123	"HiG"
"HiG_4"	1698	"EZH2"	16	"HiG"
"HiG_4"	251	"CITED1"	83	"HiG"
"HiG_4"	0	"MAGED1"	205	"HiG"
"HiG_4"	83	"NDN"	108	"HiG"
"HiG_4"	0	"ID2"	205	"HiG"
"HiG_4"	0	"SERPINH1"	205	"HiG"
"HiG_4"	251	"CADM1"	83	"HiG"
"HiG_4"	500	"RAN"	49	"HiG"
"HiG_4"	0	"CLNS1A"	205	"HiG"
"HiG_4"	596	"EIF4A1"	42	"HiG"
"HiG_4"	296	"PRDX4"	67	"HiG"
"HiG_4"	4	"CCNE1"	134.5	"HiG"
"HiG_4"	10	"ASF1A"	128.5	"HiG"
"HiG_4"	10	"BNIP3L"	128.5	"HiG"
"HiG_4"	0	"ITM2C"	205	"HiG"
"HiG_4"	545	"HOXA1"	44	"HiG"
"HiG_4"	0	"HOXB6"	205	"HiG"
"HiG_4"	0	"DCTPP1"	205	"HiG"
"HiG_4"	501	"BEX3"	48	"HiG"
"HiG_4"	0	"BAMBI"	205	"HiG"
"HiG_4"	0	"PDLIM4"	205	"HiG"
"HiG_4"	0	"DUT"	205	"HiG"
"HiG_4"	0	"BEX2"	205	"HiG"
"HiG_4"	255	"HOXB9"	76	"HiG"
"HiG_4"	0	"CCND2"	205	"HiG"
"HiG_4"	0	"GCSH"	205	"HiG"
"HiG_4"	2	"ARL6IP1"	138.5	"HiG"
"HiG_4"	0	"PRPS1"	205	"HiG"
"HiG_4"	0	"PAFAH1B3"	205	"HiG"
"HiG_4"	251	"BCCIP"	83	"HiG"
"HiG_4"	34	"RTN4"	117	"HiG"
"HiG_4"	0	"CTNNBIP1"	205	"HiG"
"HiG_4"	5072	"HDAC1"	2	"HiG"
"HiG_4"	6899	"HSPA5"	1	"HiG"
"HiG_4"	1293	"CDC20"	23	"HiG"
"HiG_4"	0	"TCEAL9"	205	"HiG"
"HiG_4"	151	"PPP1CB"	104	"HiG"
"HiG_4"	0	"LYAR"	205	"HiG"
"HiG_4"	27	"FKBP4"	120.5	"HiG"
"HiG_4"	263	"NASP"	73	"HiG"
"HiG_4"	0	"FBLN1"	205	"HiG"
"HiG_4"	0	"BZW2"	205	"HiG"
"HiG_4"	0	"GTPBP4"	205	"HiG"
"HiG_4"	1049	"PAICS"	29	"HiG"
"HiG_4"	0	"BIRC5"	205	"HiG"
"HiG_4"	0	"FSCN1"	205	"HiG"
"HiG_4"	184	"TRA2B"	97	"HiG"
"HiG_4"	465	"DNAJA1"	53	"HiG"
"HiG_4"	1974	"FBL"	14	"HiG"
"HiG_4"	0	"DDT"	205	"HiG"
"HiG_4"	4569	"DDX5"	3	"HiG"
"HiG_4"	239	"SFXN1"	88	"HiG"
"HiG_4"	30	"EBNA1BP2"	118.5	"HiG"
"HiG_4"	1007	"PDIA6"	32	"HiG"
"HiG_4"	0	"MEST"	205	"HiG"
"HiG_4"	1999	"NCL"	13	"HiG"
"HiG_4"	133	"FABP5"	106	"HiG"
"HiG_4"	279	"CBX1"	71	"HiG"
"HiG_4"	47	"CCND1"	113	"HiG"
"HiG_4"	7	"MAPK3"	130.5	"HiG"
"HiG_4"	369	"LSR"	60	"HiG"
"HiG_4"	0	"PTOV1"	205	"HiG"
"HiG_4"	1493	"ENO1"	19	"HiG"
"HiG_4"	662	"DDX39B"	39	"HiG"
"HiG_4"	3717	"HSP90AA1"	6	"HiG"
"HiG_4"	0	"TSEN34"	205	"HiG"
"HiG_4"	1922	"PCNA"	15	"HiG"
"HiG_4"	505	"ID1"	47	"HiG"
"HiG_4"	178	"HAND1"	100	"HiG"
"HiG_4"	36	"RALA"	116	"HiG"
"HiG_4"	234	"DBN1"	90.5	"HiG"
"HiG_4"	1177	"POU5F1"	25	"HiG"
"HiG_4"	67	"STMN1"	109	"HiG"
"HiG_4"	255	"GJA1"	76	"HiG"
"HiG_4"	492	"SAP30"	50	"HiG"
"HiG_4"	397	"HMGA2"	59	"HiG"
"HiG_4"	234	"MAT2A"	90.5	"HiG"
"HiG_4"	414	"RRM2"	56	"HiG"
"HiG_4"	48	"DEK"	112	"HiG"
"HiG_4"	2811	"HSP90B1"	8	"HiG"
"HiG_4"	1116	"RBBP7"	27	"HiG"
"HiG_4"	427	"CDX2"	55	"HiG"
"HiG_4"	0	"HES1"	205	"HiG"
"HiG_4"	100	"MSX1"	107	"HiG"
"HiG_4"	0	"ADH5"	205	"HiG"
"HiG_4"	779	"ALDH2"	36	"HiG"
"HiG_4"	1046	"CD81"	30	"HiG"
"HiG_4"	0	"PJA1"	205	"HiG"
"HiG_4"	0	"IVNS1ABP"	205	"HiG"
"HiG_4"	270	"DKC1"	72	"HiG"
"HiG_4"	17	"MDH1"	125	"HiG"
"HiG_4"	0	"SPTSSA"	205	"HiG"
"HiG_4"	6	"LAPTM4A"	132.5	"HiG"
"HiG_4"	0	"ATP6V1F"	205	"HiG"
"HiG_4"	1169	"VIM"	26	"HiG"
"HiG_4"	0	"RRAS2"	205	"HiG"
"HiG_4"	1335	"TRIM28"	22	"HiG"
"HiG_4"	2208	"UBC"	10	"HiG"
"HiG_4"	0	"ARL3"	205	"HiG"
"HiG_4"	2092	"SERBP1"	11	"HiG"
"HiG_4"	797	"PPA1"	35	"HiG"
"HiG_4"	3297	"HSPD1"	7	"HiG"
"HiG_4"	697	"ILF2"	38	"HiG"
"HiG_4"	0	"TOP1"	205	"HiG"
"HiG_4"	180	"ACVR2B"	98.5	"HiG"
"HiG_4"	1472	"FN1"	20	"HiG"
"HiG_4"	43	"TEAD2"	114	"HiG"
"HiG_4"	0	"KRT8"	205	"HiG"
"HiG_4"	180	"APEX1"	98.5	"HiG"
"HiG_4"	30	"SRSF11"	118.5	"HiG"
"HiG_4"	0	"BEX1"	205	"HiG"
"HiG_4"	0	"HOXB1"	205	"HiG"
"HiG_4"	21	"HOXD9"	122	"HiG"
"HiG_4"	19	"GDI2"	124	"HiG"
"HiG_4"	365	"HMGN1"	61	"HiG"
"HiG_4"	3	"MDK"	136.5	"HiG"
"HiG_4"	212	"MARCKS"	94	"HiG"
"HiG_4"	594	"HOXC8"	43	"HiG"
"HiG_4"	0	"NR6A1"	205	"HiG"
"HiG_4"	289	"ARF4"	68	"HiG"
"HiG_4"	320	"HOXB8"	64.5	"HiG"
"HiG_4"	0	"PEG3"	205	"HiG"
"HiG_4"	1667	"CCT8"	17	"HiG"
"HiG_4"	0	"TPM4"	205	"HiG"
"HiG_4"	0	"CSRP2"	205	"HiG"
"HiG_4"	0	"FHL1"	205	"HiG"
"HiG_4"	283	"PRDX1"	70	"HiG"
"HiG_4"	0	"MPZL1"	205	"HiG"
"HiG_4"	0	"FBXO5"	205	"HiG"
"HiG_4"	64	"CALD1"	110	"HiG"
"HiG_4"	0	"MT-ND1"	205	"HiG"
"HiG_4"	0	"SDC1"	205	"HiG"
"HiG_4"	236	"PSIP1"	89	"HiG"
"HiG_4"	60	"GNL3"	111	"HiG"
"HiG_4"	157	"SLBP"	103	"HiG"
"HiG_4"	2057	"MSX2"	12	"HiG"
"HiG_4"	149	"EIF4A3"	105	"HiG"
"HiG_4"	364	"DLK1"	62	"HiG"
"HiG_4"	302	"PCLAF"	66	"HiG"
"HiG_4"	2	"ARG1"	138.5	"HiG"
"HiG_4"	251	"PPM1G"	83	"HiG"
"HiG_4"	856	"TUBA1A"	34	"HiG"
"HiG_4"	0	"CKAP4"	205	"HiG"
"HiG_4"	0	"NOP10"	205	"HiG"
"HiG_4"	0	"MYL12B"	205	"HiG"
"HiG_4"	0	"RPS4X"	205	"HiG"
"HiG_4"	341	"HNRNPDL"	63	"HiG"
"HiG_4"	1507	"NOP58"	18	"HiG"
"HiG_4"	12	"ANP32E"	127	"HiG"
"HiG_4"	0	"HELLS"	205	"HiG"
"HiG_4"	0	"NSUN2"	205	"HiG"
"HiG_4"	0	"PAIP2"	205	"HiG"
"HiG_4"	0	"HADH"	205	"HiG"
"HiG_4"	2279	"YWHAE"	9	"HiG"
"HiG_4"	0	"TSC22D1"	205	"HiG"
"HiG_4"	205	"MEIS2"	95	"HiG"
"HiG_4"	259	"RBP1"	74	"HiG"
"HiG_4"	525	"HAT1"	46	"HiG"
"HiG_4"	0	"MRTO4"	205	"HiG"
"HiG_4"	0	"CNN3"	205	"HiG"
"HiG_4"	921	"SSB"	33	"HiG"
"HiG_4"	38	"UHRF1"	115	"HiG"
"HiG_4"	1068	"NOP56"	28	"HiG"
"HiG_4"	0	"DCAKD"	205	"HiG"
"HiG_4"	0	"PTK7"	205	"HiG"
"HiG_4"	0	"IER2"	205	"HiG"
"HiG_4"	0	"PRDX6"	205	"HiG"
"HiG_4"	255	"HSD17B10"	76	"HiG"
"HiG_4"	0	"SOX4"	205	"HiG"
"HiG_4"	320	"MYCN"	64.5	"HiG"
"HiG_4"	3964	"YWHAQ"	5	"HiG"
"HiG_4"	163	"IMPDH2"	102	"HiG"
"HiG_4"	0	"HMGN3"	205	"HiG"
"HiG_4"	0	"TTC3"	205	"HiG"
"HiG_4"	0	"CRABP1"	205	"HiG"
"HiG_4"	0	"NPM3"	205	"HiG"
"HiG_4"	730	"BASP1"	37	"HiG"
"HiG_4"	407	"RRS1"	57	"HiG"
"HiG_4"	0	"LAPTM4B"	205	"HiG"
"HiG_4"	0	"SRM"	205	"HiG"
"HiG_4"	1391	"LDHB"	21	"HiG"
"HiG_4"	0	"HMGB3"	205	"HiG"
"HiG_4"	0	"LITAF"	205	"HiG"
"HiG_4"	254	"SLC25A5"	78	"HiG"
"HiG_4"	0	"RAB34"	205	"HiG"
"HiG_4"	0	"PPP1R14A"	205	"HiG"
"HiG_4"	0	"PLP2"	205	"HiG"
"HiG_4"	0	"PCBP4"	205	"HiG"
"HiG_4"	0	"TBCB"	205	"HiG"
"HiG_4"	0	"SKAP2"	205	"HiG"
"HiG_4"	0	"EEF1E1"	205	"HiG"
"HiG_4"	219	"TKT"	92	"HiG"
"HiG_4"	0	"MARCKSL1"	205	"HiG"
"HiG_4"	0	"FERMT2"	205	"HiG"
"HiG_4"	0	"FAM162A"	205	"HiG"
"HiG_4"	3	"RBMS1"	136.5	"HiG"
"HiG_4"	0	"LRRC42"	205	"HiG"
"HiG_4"	214	"MTX2"	93	"HiG"
"HiG_4"	0	"RANGRF"	205	"HiG"
"HiG_4"	0	"CFL2"	205	"HiG"
"HiG_4"	0	"RCN2"	205	"HiG"
"HiG_4"	0	"TMSB10"	205	"HiG"
"HiG_4"	287	"ALDH1A2"	69	"HiG"
"HiG_4"	0	"BCAT1"	205	"HiG"
"HiG_4"	197	"CDX1"	96	"HiG"
"HiG_4"	452	"PPID"	54	"HiG"
"HiG_4"	0	"ADK"	205	"HiG"
"HiG_4"	0	"MT-CO3"	205	"HiG"
"HiG_4"	606	"HOXA7"	41	"HiG"
"HiG_4"	0	"MTAP"	205	"HiG"
"HiG_4"	476	"UGDH"	52	"HiG"
"HiG_4"	0	"RSRP1"	205	"HiG"
"HiG_4"	490	"SMS"	51	"HiG"
"HiG_4"	7	"UBE2R2"	130.5	"HiG"
"HiG_4"	251	"NMRAL1"	83	"HiG"
"HiG_4"	617	"CDX4"	40	"HiG"
"HiG_4"	0	"GPX3"	205	"HiG"
"HiG_4"	0	"LIMD2"	205	"HiG"
"HiG_4"	0	"YPEL3"	205	"HiG"
"HiG_4"	0	"TXNDC12"	205	"HiG"
"HiG_4"	0	"EPOP"	205	"HiG"
"HiG_4"	0	"TNFAIP1"	205	"HiG"
"HiG_4"	0	"CDCA7"	205	"HiG"
"HiG_4"	0	"OAF"	205	"HiG"
"HiG_4"	0	"CFC1"	205	"HiG"
"HiG_4"	0	"EMB"	205	"HiG"
"HiG_4"	0	"TSPAN3"	205	"HiG"
"HiG_4"	0	"GPC3"	205	"HiG"
"HiG_4"	0	"MTCH1"	205	"HiG"
"HiG_4"	251	"TMEM59"	83	"HiG"
"HiG_4"	165	"FOXF1"	101	"HiG"
"HiG_4"	0	"FSTL1"	205	"HiG"
"HiG_4"	251	"NAAA"	83	"HiG"
"HiG_4"	0	"WLS"	205	"HiG"
"HiG_4"	0	"HMGN5"	205	"HiG"
"HiG_4"	0	"TIMM8B"	205	"HiG"
"HiG_4"	0	"RSPO3"	205	"HiG"
"HiG_4"	0	"BEX4"	205	"HiG"
"HiG_4"	0	"OAZ2"	205	"HiG"
"HiG_4"	0	"PHLDA2"	205	"HiG"
"HiG_4"	0	"SLC16A3"	205	"HiG"
"HiG_4"	251	"WNT5A"	83	"HiG"
"HiG_4"	251	"RBMXL1"	83	"HiG"
"HiG_4"	0	"PRTG"	205	"HiG"
"HiG_4"	0	"SMTNL2"	205	"HiG"
"HiG_4"	0	"SOX11"	205	"HiG"
"HiG_4"	0	"STARD3NL"	205	"HiG"
"HiG_4"	0	"MNS1"	205	"HiG"
"HiG_4"	0	"NKD1"	205	"HiG"
"HiG_4"	0	"SALL4"	205	"HiG"
"HiG_4"	0	"HOXB2"	205	"HiG"
"HiG_4"	6	"IFITM1"	132.5	"HiG"
"HiG_4"	0	"SELENOH"	205	"HiG"
"HiG_4"	0	"UNG"	205	"HiG"
"HiG_4"	0	"PPDPF"	205	"HiG"
"HiG_4"	0	"SP5"	205	"HiG"
"HiG_4"	0	"PIGX"	205	"HiG"
"HiG_4"	1024	"TGIF1"	31	"HiG"
"HiG_4"	0	"TCEAL8"	205	"HiG"
"HiG_4"	0	"OSR1"	205	"HiG"
"HiG_4"	27	"HOXD1"	120.5	"HiG"
"HiG_4"	0	"MOGAT2"	205	"HiG"
"HiG_5"	20	"CITED2"	140	"HiG"
"HiG_5"	840	"CCNB1"	30	"HiG"
"HiG_5"	25	"ANXA5"	137.5	"HiG"
"HiG_5"	2502	"FGFR1"	11	"HiG"
"HiG_5"	510	"ID3"	45	"HiG"
"HiG_5"	18	"LEF1"	141.5	"HiG"
"HiG_5"	18	"SRSF9"	141.5	"HiG"
"HiG_5"	0	"ANP32A"	225.5	"HiG"
"HiG_5"	116	"MCM7"	103	"HiG"
"HiG_5"	2706	"EZH2"	8	"HiG"
"HiG_5"	794	"LMO2"	33	"HiG"
"HiG_5"	0	"CITED1"	225.5	"HiG"
"HiG_5"	54	"ID2"	122	"HiG"
"HiG_5"	88	"SERPINH1"	108	"HiG"
"HiG_5"	0	"F11R"	225.5	"HiG"
"HiG_5"	127	"CADM1"	100.5	"HiG"
"HiG_5"	409	"RAN"	61	"HiG"
"HiG_5"	0	"CLNS1A"	225.5	"HiG"
"HiG_5"	629	"MAGOH"	39	"HiG"
"HiG_5"	1524	"EIF4A1"	21	"HiG"
"HiG_5"	8	"PRDX4"	150.5	"HiG"
"HiG_5"	1	"LMO4"	166	"HiG"
"HiG_5"	107	"CCNE1"	105	"HiG"
"HiG_5"	0	"BNIP3L"	225.5	"HiG"
"HiG_5"	38	"HOXA1"	132	"HiG"
"HiG_5"	305	"HOXB6"	71	"HiG"
"HiG_5"	0	"DCTPP1"	225.5	"HiG"
"HiG_5"	523	"BEX3"	43.5	"HiG"
"HiG_5"	0	"DKK1"	225.5	"HiG"
"HiG_5"	0	"PDLIM4"	225.5	"HiG"
"HiG_5"	77	"DUT"	112	"HiG"
"HiG_5"	0	"BEX2"	225.5	"HiG"
"HiG_5"	415	"HOXB9"	57	"HiG"
"HiG_5"	24	"DUSP6"	139	"HiG"
"HiG_5"	441	"STMN2"	51	"HiG"
"HiG_5"	1599	"CALM2"	19	"HiG"
"HiG_5"	51	"CCND2"	125	"HiG"
"HiG_5"	1	"ARL6IP1"	166	"HiG"
"HiG_5"	1	"PRPS1"	166	"HiG"
"HiG_5"	0	"PAFAH1B3"	225.5	"HiG"
"HiG_5"	0	"BCCIP"	225.5	"HiG"
"HiG_5"	86	"RTN4"	109	"HiG"
"HiG_5"	0	"CTNNBIP1"	225.5	"HiG"
"HiG_5"	5198	"HDAC1"	3	"HiG"
"HiG_5"	7779	"HSPA5"	1	"HiG"
"HiG_5"	856	"CDC20"	29	"HiG"
"HiG_5"	0	"TCEAL9"	225.5	"HiG"
"HiG_5"	0	"LYAR"	225.5	"HiG"
"HiG_5"	240	"FKBP4"	84	"HiG"
"HiG_5"	0	"BRIX1"	225.5	"HiG"
"HiG_5"	489	"NASP"	46	"HiG"
"HiG_5"	0	"FBLN1"	225.5	"HiG"
"HiG_5"	0	"BZW2"	225.5	"HiG"
"HiG_5"	353	"PAICS"	65.5	"HiG"
"HiG_5"	864	"FSCN1"	28	"HiG"
"HiG_5"	184	"TRA2B"	92.5	"HiG"
"HiG_5"	393	"MT-CO2"	63	"HiG"
"HiG_5"	1536	"DNAJA1"	20	"HiG"
"HiG_5"	734	"GNAS"	35	"HiG"
"HiG_5"	2571	"FBL"	10	"HiG"
"HiG_5"	0	"DDT"	225.5	"HiG"
"HiG_5"	4293	"DDX5"	6	"HiG"
"HiG_5"	266	"SFXN1"	78	"HiG"
"HiG_5"	50	"G3BP2"	126.5	"HiG"
"HiG_5"	281	"EBNA1BP2"	73	"HiG"
"HiG_5"	53	"PA2G4"	123.5	"HiG"
"HiG_5"	819	"PDIA6"	31.5	"HiG"
"HiG_5"	5569	"NCL"	2	"HiG"
"HiG_5"	76	"HNRNPA3"	113	"HiG"
"HiG_5"	70	"FABP5"	116	"HiG"
"HiG_5"	352	"CBX1"	67	"HiG"
"HiG_5"	0	"CCND1"	225.5	"HiG"
"HiG_5"	132	"MAPK3"	99	"HiG"
"HiG_5"	0	"LSR"	225.5	"HiG"
"HiG_5"	0	"PTOV1"	225.5	"HiG"
"HiG_5"	6	"CDH2"	152.5	"HiG"
"HiG_5"	4842	"HSP90AA1"	4	"HiG"
"HiG_5"	0	"TSEN34"	225.5	"HiG"
"HiG_5"	2656	"PCNA"	9	"HiG"
"HiG_5"	410	"ID1"	60	"HiG"
"HiG_5"	0	"DBN1"	225.5	"HiG"
"HiG_5"	3504	"POU5F1"	7	"HiG"
"HiG_5"	0	"STMN1"	225.5	"HiG"
"HiG_5"	1066	"GJA1"	24	"HiG"
"HiG_5"	906	"SAP30"	27	"HiG"
"HiG_5"	384	"NCAM1"	64	"HiG"
"HiG_5"	134	"HMGA2"	98	"HiG"
"HiG_5"	117	"MAT2A"	102	"HiG"
"HiG_5"	58	"RRM2"	120.5	"HiG"
"HiG_5"	71	"DEK"	115	"HiG"
"HiG_5"	427	"CDX2"	53	"HiG"
"HiG_5"	83	"MSX1"	111	"HiG"
"HiG_5"	2	"ADH5"	161.5	"HiG"
"HiG_5"	61	"ALDH2"	119	"HiG"
"HiG_5"	661	"CD81"	37	"HiG"
"HiG_5"	0	"IVNS1ABP"	225.5	"HiG"
"HiG_5"	408	"DKC1"	62	"HiG"
"HiG_5"	4	"PTN"	157.5	"HiG"
"HiG_5"	0	"B2M"	225.5	"HiG"
"HiG_5"	0	"SPTSSA"	225.5	"HiG"
"HiG_5"	0	"LAPTM4A"	225.5	"HiG"
"HiG_5"	0	"ATP6V1F"	225.5	"HiG"
"HiG_5"	0	"DDIT4"	225.5	"HiG"
"HiG_5"	1252	"TRIM28"	22	"HiG"
"HiG_5"	1995	"UBC"	14	"HiG"
"HiG_5"	0	"ARL3"	225.5	"HiG"
"HiG_5"	262	"GSTO1"	80	"HiG"
"HiG_5"	186	"SFPQ"	91	"HiG"
"HiG_5"	4412	"HSPD1"	5	"HiG"
"HiG_5"	414	"ILF2"	58	"HiG"
"HiG_5"	268	"TOP1"	76	"HiG"
"HiG_5"	58	"ACVR2B"	120.5	"HiG"
"HiG_5"	1083	"FN1"	23	"HiG"
"HiG_5"	0	"TEAD2"	225.5	"HiG"
"HiG_5"	973	"APEX1"	26	"HiG"
"HiG_5"	0	"HOXD4"	225.5	"HiG"
"HiG_5"	0	"SRSF11"	225.5	"HiG"
"HiG_5"	17	"S100A11"	143.5	"HiG"
"HiG_5"	5	"ARID3B"	154.5	"HiG"
"HiG_5"	0	"BEX1"	225.5	"HiG"
"HiG_5"	4	"HOXB1"	157.5	"HiG"
"HiG_5"	238	"DLL1"	85	"HiG"
"HiG_5"	40	"GDI2"	131	"HiG"
"HiG_5"	425	"HMGN1"	54	"HiG"
"HiG_5"	198	"MDK"	88.5	"HiG"
"HiG_5"	468	"FST"	48	"HiG"
"HiG_5"	353	"MARCKS"	65.5	"HiG"
"HiG_5"	0	"NR6A1"	225.5	"HiG"
"HiG_5"	535	"ARF4"	42	"HiG"
"HiG_5"	64	"HOXB8"	118	"HiG"
"HiG_5"	191	"TSPO"	90	"HiG"
"HiG_5"	471	"CCT4"	47	"HiG"
"HiG_5"	1811	"CCT8"	17	"HiG"
"HiG_5"	442	"TCF3"	50	"HiG"
"HiG_5"	0	"TPM4"	225.5	"HiG"
"HiG_5"	0	"CSRP2"	225.5	"HiG"
"HiG_5"	0	"SH3BP1"	225.5	"HiG"
"HiG_5"	0	"FHL1"	225.5	"HiG"
"HiG_5"	269	"PRDX1"	75	"HiG"
"HiG_5"	1	"CALD1"	166	"HiG"
"HiG_5"	10	"MT-ND1"	147.5	"HiG"
"HiG_5"	0	"SDC1"	225.5	"HiG"
"HiG_5"	0	"CYB5A"	225.5	"HiG"
"HiG_5"	73	"FGF8"	114	"HiG"
"HiG_5"	0	"PSIP1"	225.5	"HiG"
"HiG_5"	184	"SLBP"	92.5	"HiG"
"HiG_5"	819	"EIF4A3"	31.5	"HiG"
"HiG_5"	417	"PCLAF"	56	"HiG"
"HiG_5"	0	"MPHOSPH8"	225.5	"HiG"
"HiG_5"	461	"PKM"	49	"HiG"
"HiG_5"	1617	"SNAI1"	18	"HiG"
"HiG_5"	146	"ARG1"	96	"HiG"
"HiG_5"	258	"PPM1G"	82	"HiG"
"HiG_5"	1049	"TUBA1A"	25	"HiG"
"HiG_5"	589	"CKAP4"	40	"HiG"
"HiG_5"	0	"NOP10"	225.5	"HiG"
"HiG_5"	15	"NHP2"	145	"HiG"
"HiG_5"	0	"MYL12B"	225.5	"HiG"
"HiG_5"	3	"HNRNPDL"	160	"HiG"
"HiG_5"	1999	"NOP58"	13	"HiG"
"HiG_5"	0	"ANP32E"	225.5	"HiG"
"HiG_5"	210	"MAGED2"	86	"HiG"
"HiG_5"	0	"HELLS"	225.5	"HiG"
"HiG_5"	46	"NSUN2"	129	"HiG"
"HiG_5"	1	"PAIP2"	166	"HiG"
"HiG_5"	0	"HADH"	225.5	"HiG"
"HiG_5"	1949	"YWHAE"	16	"HiG"
"HiG_5"	0	"TSC22D1"	225.5	"HiG"
"HiG_5"	4	"MKRN1"	157.5	"HiG"
"HiG_5"	0	"ETV4"	225.5	"HiG"
"HiG_5"	93	"MEIS2"	106	"HiG"
"HiG_5"	47	"RBP1"	128	"HiG"
"HiG_5"	423	"HAT1"	55	"HiG"
"HiG_5"	0	"MRTO4"	225.5	"HiG"
"HiG_5"	0	"CNN3"	225.5	"HiG"
"HiG_5"	0	"UHRF1"	225.5	"HiG"
"HiG_5"	0	"PSAT1"	225.5	"HiG"
"HiG_5"	1992	"NOP56"	15	"HiG"
"HiG_5"	0	"PTK7"	225.5	"HiG"
"HiG_5"	0	"IER2"	225.5	"HiG"
"HiG_5"	8	"PRDX6"	150.5	"HiG"
"HiG_5"	411	"GRSF1"	59	"HiG"
"HiG_5"	127	"HSD17B10"	100.5	"HiG"
"HiG_5"	9	"SOX4"	149	"HiG"
"HiG_5"	262	"MYCN"	80	"HiG"
"HiG_5"	5	"IMPDH2"	154.5	"HiG"
"HiG_5"	0	"HMGN3"	225.5	"HiG"
"HiG_5"	0	"TTC3"	225.5	"HiG"
"HiG_5"	2	"CRABP1"	161.5	"HiG"
"HiG_5"	0	"UROD"	225.5	"HiG"
"HiG_5"	267	"NPM3"	77	"HiG"
"HiG_5"	0	"FRZB"	225.5	"HiG"
"HiG_5"	1	"HOXB4"	166	"HiG"
"HiG_5"	428	"BASP1"	52	"HiG"
"HiG_5"	0	"COTL1"	225.5	"HiG"
"HiG_5"	324	"RRS1"	69	"HiG"
"HiG_5"	0	"LAPTM4B"	225.5	"HiG"
"HiG_5"	53	"SRM"	123.5	"HiG"
"HiG_5"	632	"LDHB"	38	"HiG"
"HiG_5"	296	"SLC25A5"	72	"HiG"
"HiG_5"	68	"CRABP2"	117	"HiG"
"HiG_5"	0	"PLP2"	225.5	"HiG"
"HiG_5"	6	"PCBP4"	152.5	"HiG"
"HiG_5"	0	"TBCB"	225.5	"HiG"
"HiG_5"	0	"SKAP2"	225.5	"HiG"
"HiG_5"	0	"EEF1E1"	225.5	"HiG"
"HiG_5"	92	"TKT"	107	"HiG"
"HiG_5"	0	"LRRC42"	225.5	"HiG"
"HiG_5"	0	"RANGRF"	225.5	"HiG"
"HiG_5"	25	"CFL2"	137.5	"HiG"
"HiG_5"	313	"RCN2"	70	"HiG"
"HiG_5"	198	"TMSB10"	88.5	"HiG"
"HiG_5"	0	"SNRNP25"	225.5	"HiG"
"HiG_5"	327	"TUBB2B"	68	"HiG"
"HiG_5"	0	"FGF3"	225.5	"HiG"
"HiG_5"	31	"ALDH1A2"	135	"HiG"
"HiG_5"	0	"BCAT1"	225.5	"HiG"
"HiG_5"	0	"TECR"	225.5	"HiG"
"HiG_5"	0	"MT-ND4"	225.5	"HiG"
"HiG_5"	2259	"CDX1"	12	"HiG"
"HiG_5"	773	"PPID"	34	"HiG"
"HiG_5"	0	"ADK"	225.5	"HiG"
"HiG_5"	0	"TMBIM6"	225.5	"HiG"
"HiG_5"	4	"MTAP"	157.5	"HiG"
"HiG_5"	17	"FOXB1"	143.5	"HiG"
"HiG_5"	0	"MGST1"	225.5	"HiG"
"HiG_5"	0	"ALPL"	225.5	"HiG"
"HiG_5"	253	"SMS"	83	"HiG"
"HiG_5"	13	"UBE2R2"	146	"HiG"
"HiG_5"	37	"NMRAL1"	133	"HiG"
"HiG_5"	575	"CDX4"	41	"HiG"
"HiG_5"	0	"TBX6"	225.5	"HiG"
"HiG_5"	43	"TMSB4X"	130	"HiG"
"HiG_5"	0	"LIMD2"	225.5	"HiG"
"HiG_5"	0	"SMOC1"	225.5	"HiG"
"HiG_5"	262	"YPEL3"	80	"HiG"
"HiG_5"	0	"TXNDC12"	225.5	"HiG"
"HiG_5"	153	"EPOP"	95	"HiG"
"HiG_5"	0	"GREB1L"	225.5	"HiG"
"HiG_5"	0	"TNFAIP1"	225.5	"HiG"
"HiG_5"	0	"CDCA7"	225.5	"HiG"
"HiG_5"	0	"EMB"	225.5	"HiG"
"HiG_5"	115	"TSPAN3"	104	"HiG"
"HiG_5"	10	"GPC3"	147.5	"HiG"
"HiG_5"	0	"NDUFAF4"	225.5	"HiG"
"HiG_5"	523	"TMEM59"	43.5	"HiG"
"HiG_5"	140	"SMC6"	97	"HiG"
"HiG_5"	276	"LPAR1"	74	"HiG"
"HiG_5"	0	"FSTL1"	225.5	"HiG"
"HiG_5"	0	"NAAA"	225.5	"HiG"
"HiG_5"	0	"WLS"	225.5	"HiG"
"HiG_5"	84	"FABP7"	110	"HiG"
"HiG_5"	0	"HMGN5"	225.5	"HiG"
"HiG_5"	28	"TIMM8B"	136	"HiG"
"HiG_5"	0	"RSPO3"	225.5	"HiG"
"HiG_5"	0	"BEX4"	225.5	"HiG"
"HiG_5"	0	"OAZ2"	225.5	"HiG"
"HiG_5"	0	"PHLDA2"	225.5	"HiG"
"HiG_5"	50	"RBMXL1"	126.5	"HiG"
"HiG_5"	0	"PRTG"	225.5	"HiG"
"HiG_5"	206	"PCDH19"	87	"HiG"
"HiG_5"	0	"SOX11"	225.5	"HiG"
"HiG_5"	0	"NKD1"	225.5	"HiG"
"HiG_5"	0	"SALL4"	225.5	"HiG"
"HiG_5"	0	"HOXB2"	225.5	"HiG"
"HiG_5"	0	"HES7"	225.5	"HiG"
"HiG_5"	0	"MFAP2"	225.5	"HiG"
"HiG_5"	0	"LHPP"	225.5	"HiG"
"HiG_5"	0	"GFRA3"	225.5	"HiG"
"HiG_5"	719	"IFITM1"	36	"HiG"
"HiG_5"	1	"TSPAN6"	166	"HiG"
"HiG_5"	0	"SELENOH"	225.5	"HiG"
"HiG_5"	0	"DLL3"	225.5	"HiG"
"HiG_5"	0	"PPDPF"	225.5	"HiG"
"HiG_5"	0	"SP5"	225.5	"HiG"
"HiG_5"	33	"GBX2"	134	"HiG"
"HiG_5"	0	"PIGX"	225.5	"HiG"
"HiG_5"	177	"TGIF1"	94	"HiG"
"HiG_5"	0	"TCEAL8"	225.5	"HiG"
"HiG_5"	0	"MOGAT2"	225.5	"HiG"
"HiG_5"	0	"NRARP"	225.5	"HiG"
"HiG_6"	468	"CCND3"	114	"HiG"
"HiG_6"	402	"ANXA5"	142	"HiG"
"HiG_6"	0	"FDPS"	378.5	"HiG"
"HiG_6"	398	"GABARAP"	143	"HiG"
"HiG_6"	832	"GNAI2"	87	"HiG"
"HiG_6"	77	"EIF3E"	199	"HiG"
"HiG_6"	523	"ID3"	108	"HiG"
"HiG_6"	46	"LYL1"	214	"HiG"
"HiG_6"	13	"ANP32A"	250	"HiG"
"HiG_6"	551	"FLT1"	105	"HiG"
"HiG_6"	1	"RAP1A"	289.5	"HiG"
"HiG_6"	241	"RAP1B"	163	"HiG"
"HiG_6"	1579	"LMO2"	54	"HiG"
"HiG_6"	126	"CLU"	191	"HiG"
"HiG_6"	0	"FKBP1A"	378.5	"HiG"
"HiG_6"	528	"BIN1"	107	"HiG"
"HiG_6"	15	"FLI1"	246	"HiG"
"HiG_6"	20	"MAGED1"	236	"HiG"
"HiG_6"	1757	"MSN"	46	"HiG"
"HiG_6"	66	"NDN"	204	"HiG"
"HiG_6"	1195	"BCAR1"	69	"HiG"
"HiG_6"	1637	"CDKN1C"	52	"HiG"
"HiG_6"	1208	"SERPINH1"	68	"HiG"
"HiG_6"	0	"F11R"	378.5	"HiG"
"HiG_6"	1553	"ILK"	56	"HiG"
"HiG_6"	3092	"EIF4A1"	26	"HiG"
"HiG_6"	0	"PRKAB1"	378.5	"HiG"
"HiG_6"	0	"PRDX4"	378.5	"HiG"
"HiG_6"	472	"GADD45G"	113	"HiG"
"HiG_6"	1048	"P4HB"	74	"HiG"
"HiG_6"	1412	"RAB11A"	60	"HiG"
"HiG_6"	8	"ABI3"	263.5	"HiG"
"HiG_6"	0	"NPR1"	378.5	"HiG"
"HiG_6"	5	"SLC29A1"	271.5	"HiG"
"HiG_6"	450	"CLIC1"	119.5	"HiG"
"HiG_6"	0	"BNIP3L"	378.5	"HiG"
"HiG_6"	12165	"ACTB"	2	"HiG"
"HiG_6"	2177	"MYL6"	33	"HiG"
"HiG_6"	234	"RBPMS"	164	"HiG"
"HiG_6"	0	"ITM2C"	378.5	"HiG"
"HiG_6"	7812	"HNRNPK"	5	"HiG"
"HiG_6"	87	"PDLIM7"	194	"HiG"
"HiG_6"	9704	"ACTG1"	3	"HiG"
"HiG_6"	0	"BAMBI"	378.5	"HiG"
"HiG_6"	0	"CDC42EP1"	378.5	"HiG"
"HiG_6"	0	"PHLDA1"	378.5	"HiG"
"HiG_6"	998	"RABAC1"	77	"HiG"
"HiG_6"	35	"EMILIN1"	222	"HiG"
"HiG_6"	0	"BEX2"	378.5	"HiG"
"HiG_6"	20	"SAT1"	236	"HiG"
"HiG_6"	170	"JUP"	179	"HiG"
"HiG_6"	49	"DUSP6"	212	"HiG"
"HiG_6"	0	"FTH1"	378.5	"HiG"
"HiG_6"	369	"JUNB"	148	"HiG"
"HiG_6"	0	"RCN3"	378.5	"HiG"
"HiG_6"	3690	"CALM2"	18	"HiG"
"HiG_6"	516	"IPO11"	109	"HiG"
"HiG_6"	0	"GCSH"	378.5	"HiG"
"HiG_6"	0	"CLEC1B"	378.5	"HiG"
"HiG_6"	4	"DDAH2"	276.5	"HiG"
"HiG_6"	1779	"ARL6IP1"	45	"HiG"
"HiG_6"	0	"PDLIM1"	378.5	"HiG"
"HiG_6"	2009	"VASP"	36	"HiG"
"HiG_6"	0	"ARHGEF15"	378.5	"HiG"
"HiG_6"	1811	"RTN4"	44	"HiG"
"HiG_6"	62	"RALB"	206	"HiG"
"HiG_6"	0	"CTNNBIP1"	378.5	"HiG"
"HiG_6"	1998	"JUN"	37	"HiG"
"HiG_6"	0	"RAPH1"	378.5	"HiG"
"HiG_6"	3186	"HDAC1"	25	"HiG"
"HiG_6"	21810	"HSPA5"	1	"HiG"
"HiG_6"	29	"GSTK1"	226	"HiG"
"HiG_6"	586	"PON2"	100	"HiG"
"HiG_6"	0	"MORF4L2"	378.5	"HiG"
"HiG_6"	1144	"CDC20"	71	"HiG"
"HiG_6"	0	"PTP4A3"	378.5	"HiG"
"HiG_6"	0	"TCEAL9"	378.5	"HiG"
"HiG_6"	10	"EIF4EBP1"	257	"HiG"
"HiG_6"	211	"LYAR"	170.5	"HiG"
"HiG_6"	0	"ELOVL1"	378.5	"HiG"
"HiG_6"	532	"PPIB"	106	"HiG"
"HiG_6"	227	"EIF3M"	166	"HiG"
"HiG_6"	6227	"LGALS1"	9	"HiG"
"HiG_6"	897	"LRRC59"	81	"HiG"
"HiG_6"	2	"SGK1"	285.5	"HiG"
"HiG_6"	580	"CALR"	102	"HiG"
"HiG_6"	2	"DEGS1"	285.5	"HiG"
"HiG_6"	585	"RAB5C"	101	"HiG"
"HiG_6"	84	"FSCN1"	195	"HiG"
"HiG_6"	134	"DYNLL1"	188	"HiG"
"HiG_6"	1498	"DNAJB11"	57	"HiG"
"HiG_6"	0	"AFAP1L1"	378.5	"HiG"
"HiG_6"	6	"SSR3"	268	"HiG"
"HiG_6"	0	"KDELR2"	378.5	"HiG"
"HiG_6"	0	"ATXN10"	378.5	"HiG"
"HiG_6"	1	"RASGRP3"	289.5	"HiG"
"HiG_6"	4698	"ANXA2"	14	"HiG"
"HiG_6"	1700	"DNAJA1"	47	"HiG"
"HiG_6"	5	"RALGPS2"	271.5	"HiG"
"HiG_6"	0	"LXN"	378.5	"HiG"
"HiG_6"	1078	"GNAS"	72	"HiG"
"HiG_6"	147	"DDX5"	186	"HiG"
"HiG_6"	17	"SSR4"	242.5	"HiG"
"HiG_6"	490	"SFXN1"	111	"HiG"
"HiG_6"	0	"EHD4"	378.5	"HiG"
"HiG_6"	383	"EBNA1BP2"	146	"HiG"
"HiG_6"	1477	"PA2G4"	58	"HiG"
"HiG_6"	4190	"PDIA6"	16	"HiG"
"HiG_6"	162	"MEST"	180	"HiG"
"HiG_6"	3525	"NCL"	21	"HiG"
"HiG_6"	1036	"MYO1C"	75	"HiG"
"HiG_6"	132	"JAK1"	189	"HiG"
"HiG_6"	1561	"CDK1"	55	"HiG"
"HiG_6"	697	"CTNNA1"	94	"HiG"
"HiG_6"	2190	"CCND1"	32	"HiG"
"HiG_6"	1911	"MAPK3"	40	"HiG"
"HiG_6"	830	"CD151"	88	"HiG"
"HiG_6"	3	"CASP3"	281.5	"HiG"
"HiG_6"	2760	"ENO1"	27	"HiG"
"HiG_6"	566	"DDX39B"	104	"HiG"
"HiG_6"	80	"ETS2"	198	"HiG"
"HiG_6"	8678	"CDH5"	4	"HiG"
"HiG_6"	7493	"CALM1"	7	"HiG"
"HiG_6"	1900	"TGFB1"	41	"HiG"
"HiG_6"	445	"SELENOS"	129.5	"HiG"
"HiG_6"	0	"TSEN34"	378.5	"HiG"
"HiG_6"	74	"ATP1A1"	202	"HiG"
"HiG_6"	0	"RIPK3"	378.5	"HiG"
"HiG_6"	841	"ID1"	85	"HiG"
"HiG_6"	1989	"KDR"	39	"HiG"
"HiG_6"	2213	"ARPC1B"	30	"HiG"
"HiG_6"	0	"RAMP2"	378.5	"HiG"
"HiG_6"	656	"ATF3"	95	"HiG"
"HiG_6"	925	"NOTCH1"	78	"HiG"
"HiG_6"	1339	"PFN1"	62	"HiG"
"HiG_6"	21	"RALA"	234	"HiG"
"HiG_6"	82	"IGF1"	196.5	"HiG"
"HiG_6"	872	"DBN1"	83	"HiG"
"HiG_6"	394	"HOMER3"	145	"HiG"
"HiG_6"	2	"CST3"	285.5	"HiG"
"HiG_6"	337	"APOE"	151	"HiG"
"HiG_6"	0	"CREG1"	378.5	"HiG"
"HiG_6"	65	"DGKZ"	205	"HiG"
"HiG_6"	8	"HAPLN1"	263.5	"HiG"
"HiG_6"	30	"CIB1"	225	"HiG"
"HiG_6"	76	"STMN1"	200.5	"HiG"
"HiG_6"	52	"COL4A1"	210.5	"HiG"
"HiG_6"	636	"GAP43"	97	"HiG"
"HiG_6"	439	"HMGA2"	135	"HiG"
"HiG_6"	1691	"S100A10"	48	"HiG"
"HiG_6"	3595	"ITGB1"	20	"HiG"
"HiG_6"	0	"RRM2"	378.5	"HiG"
"HiG_6"	5955	"HSP90B1"	12	"HiG"
"HiG_6"	4	"HES1"	276.5	"HiG"
"HiG_6"	76	"PPP1R15A"	200.5	"HiG"
"HiG_6"	0	"PPP1R2"	378.5	"HiG"
"HiG_6"	0	"PRKAR2B"	378.5	"HiG"
"HiG_6"	7	"CRMP1"	266	"HiG"
"HiG_6"	16	"ARMCX3"	244	"HiG"
"HiG_6"	0	"ANXA6"	378.5	"HiG"
"HiG_6"	0	"CARHSP1"	378.5	"HiG"
"HiG_6"	7013	"CD81"	8	"HiG"
"HiG_6"	422	"CAPNS1"	138	"HiG"
"HiG_6"	39	"EFNA1"	218	"HiG"
"HiG_6"	293	"GNG11"	156	"HiG"
"HiG_6"	0	"IVNS1ABP"	378.5	"HiG"
"HiG_6"	427	"MRPS26"	137	"HiG"
"HiG_6"	0	"PLPP2"	378.5	"HiG"
"HiG_6"	705	"B2M"	93	"HiG"
"HiG_6"	0	"TAX1BP3"	378.5	"HiG"
"HiG_6"	0	"SPTSSA"	378.5	"HiG"
"HiG_6"	28	"ANXA3"	227	"HiG"
"HiG_6"	3447	"VIM"	23	"HiG"
"HiG_6"	0	"KLF6"	378.5	"HiG"
"HiG_6"	104	"CRIP1"	192	"HiG"
"HiG_6"	836	"MAP7D1"	86	"HiG"
"HiG_6"	0	"TRIOBP"	378.5	"HiG"
"HiG_6"	0	"PECAM1"	378.5	"HiG"
"HiG_6"	0	"RGL2"	378.5	"HiG"
"HiG_6"	3521	"UBC"	22	"HiG"
"HiG_6"	0	"ARPC5"	378.5	"HiG"
"HiG_6"	9	"CAPN2"	260	"HiG"
"HiG_6"	1292	"CD9"	66	"HiG"
"HiG_6"	10	"F2R"	257	"HiG"
"HiG_6"	0	"DNAJC3"	378.5	"HiG"
"HiG_6"	1366	"ARPC2"	61	"HiG"
"HiG_6"	0	"S100A13"	378.5	"HiG"
"HiG_6"	48	"JUND"	213	"HiG"
"HiG_6"	243	"TOP1"	161.5	"HiG"
"HiG_6"	366	"HSPG2"	149	"HiG"
"HiG_6"	152	"ENG"	183.5	"HiG"
"HiG_6"	0	"CD38"	378.5	"HiG"
"HiG_6"	243	"IGF2"	161.5	"HiG"
"HiG_6"	2030	"GNB2"	35	"HiG"
"HiG_6"	6223	"FN1"	10	"HiG"
"HiG_6"	752	"PDIA3"	91	"HiG"
"HiG_6"	0	"TEAD2"	378.5	"HiG"
"HiG_6"	321	"CYBA"	152	"HiG"
"HiG_6"	602	"S100A11"	98	"HiG"
"HiG_6"	459	"SLC2A1"	118	"HiG"
"HiG_6"	2109	"HNRNPA2B1"	34	"HiG"
"HiG_6"	0	"BEX1"	378.5	"HiG"
"HiG_6"	0	"ELK3"	378.5	"HiG"
"HiG_6"	874	"SPARC"	82	"HiG"
"HiG_6"	407	"GDI2"	141	"HiG"
"HiG_6"	0	"SH3GLB1"	378.5	"HiG"
"HiG_6"	19	"SHC1"	238.5	"HiG"
"HiG_6"	0	"ASAP1"	378.5	"HiG"
"HiG_6"	219	"ARHGDIB"	168	"HiG"
"HiG_6"	1436	"MARCKS"	59	"HiG"
"HiG_6"	4561	"YWHAH"	15	"HiG"
"HiG_6"	501	"ARF4"	110	"HiG"
"HiG_6"	313	"HMGB2"	155	"HiG"
"HiG_6"	0	"CD34"	378.5	"HiG"
"HiG_6"	160	"DUSP1"	181	"HiG"
"HiG_6"	15	"MMP14"	246	"HiG"
"HiG_6"	1671	"PDIA4"	50	"HiG"
"HiG_6"	1661	"ARL6IP5"	51	"HiG"
"HiG_6"	0	"PEG3"	378.5	"HiG"
"HiG_6"	8	"CD47"	263.5	"HiG"
"HiG_6"	4	"GAS6"	276.5	"HiG"
"HiG_6"	0	"RGS3"	378.5	"HiG"
"HiG_6"	2365	"CCT4"	28	"HiG"
"HiG_6"	3367	"CCT8"	24	"HiG"
"HiG_6"	0	"VAMP8"	378.5	"HiG"
"HiG_6"	1845	"ICAM2"	42	"HiG"
"HiG_6"	14	"TEK"	248.5	"HiG"
"HiG_6"	1308	"ACVRL1"	63	"HiG"
"HiG_6"	1687	"TPM4"	49	"HiG"
"HiG_6"	0	"CSRP2"	378.5	"HiG"
"HiG_6"	0	"KLF2"	378.5	"HiG"
"HiG_6"	819	"CLDN5"	89	"HiG"
"HiG_6"	0	"TFPI"	378.5	"HiG"
"HiG_6"	0	"NR2F6"	378.5	"HiG"
"HiG_6"	0	"GRAP"	378.5	"HiG"
"HiG_6"	0	"PRDX1"	378.5	"HiG"
"HiG_6"	447	"MPZL1"	122.5	"HiG"
"HiG_6"	183	"CALD1"	175.5	"HiG"
"HiG_6"	72	"ANXA7"	203	"HiG"
"HiG_6"	4	"CYB5A"	276.5	"HiG"
"HiG_6"	415	"SNX2"	139	"HiG"
"HiG_6"	152	"SNX6"	183.5	"HiG"
"HiG_6"	444	"CEBPD"	132	"HiG"
"HiG_6"	1223	"TPM1"	67	"HiG"
"HiG_6"	19	"LMNB1"	238.5	"HiG"
"HiG_6"	0	"GNGT2"	378.5	"HiG"
"HiG_6"	0	"N4BP3"	378.5	"HiG"
"HiG_6"	204	"UPP1"	172	"HiG"
"HiG_6"	36	"RHOJ"	220.5	"HiG"
"HiG_6"	318	"COL18A1"	153	"HiG"
"HiG_6"	211	"SLBP"	170.5	"HiG"
"HiG_6"	751	"EIF4A3"	92	"HiG"
"HiG_6"	0	"HMOX1"	378.5	"HiG"
"HiG_6"	446	"PLEKHO1"	125.5	"HiG"
"HiG_6"	145	"SNX3"	187	"HiG"
"HiG_6"	0	"PCLAF"	378.5	"HiG"
"HiG_6"	3722	"PKM"	17	"HiG"
"HiG_6"	11	"CLTA"	253.5	"HiG"
"HiG_6"	0	"GALK1"	378.5	"HiG"
"HiG_6"	5421	"TUBA1A"	13	"HiG"
"HiG_6"	3621	"TAGLN2"	19	"HiG"
"HiG_6"	2202	"CKAP4"	31	"HiG"
"HiG_6"	34	"NHP2"	223	"HiG"
"HiG_6"	789	"MAGED2"	90	"HiG"
"HiG_6"	1151	"PGK1"	70	"HiG"
"HiG_6"	97	"CSRP1"	193	"HiG"
"HiG_6"	6144	"YWHAE"	11	"HiG"
"HiG_6"	0	"CGNL1"	378.5	"HiG"
"HiG_6"	0	"MEIS2"	378.5	"HiG"
"HiG_6"	0	"SSBP4"	378.5	"HiG"
"HiG_6"	0	"XBP1"	378.5	"HiG"
"HiG_6"	0	"MRPS6"	378.5	"HiG"
"HiG_6"	0	"MRTO4"	378.5	"HiG"
"HiG_6"	3	"CNN3"	281.5	"HiG"
"HiG_6"	447	"SSB"	122.5	"HiG"
"HiG_6"	0	"LUZP1"	378.5	"HiG"
"HiG_6"	316	"ATP2B1"	154	"HiG"
"HiG_6"	6	"PRDX3"	268	"HiG"
"HiG_6"	254	"SDF2L1"	160	"HiG"
"HiG_6"	14	"ERP29"	248.5	"HiG"
"HiG_6"	0	"MFGE8"	378.5	"HiG"
"HiG_6"	1293	"ITM2B"	65	"HiG"
"HiG_6"	15	"IER2"	246	"HiG"
"HiG_6"	0	"S100A16"	378.5	"HiG"
"HiG_6"	0	"ACOT9"	378.5	"HiG"
"HiG_6"	39	"SOX4"	218	"HiG"
"HiG_6"	7797	"YWHAQ"	6	"HiG"
"HiG_6"	183	"TUBA1C"	175.5	"HiG"
"HiG_6"	443	"IMPDH2"	133.5	"HiG"
"HiG_6"	0	"BST2"	378.5	"HiG"
"HiG_6"	0	"SELENOP"	378.5	"HiG"
"HiG_6"	0	"SMTN"	378.5	"HiG"
"HiG_6"	339	"RRBP1"	150	"HiG"
"HiG_6"	0	"COLEC12"	378.5	"HiG"
"HiG_6"	41	"SH3BP5"	215.5	"HiG"
"HiG_6"	36	"SURF4"	220.5	"HiG"
"HiG_6"	0	"DBI"	378.5	"HiG"
"HiG_6"	9	"CRIP2"	260	"HiG"
"HiG_6"	445	"CMTM3"	129.5	"HiG"
"HiG_6"	0	"CRELD2"	378.5	"HiG"
"HiG_6"	463	"COL4A2"	115	"HiG"
"HiG_6"	446	"KCNE3"	125.5	"HiG"
"HiG_6"	446	"ODC1"	125.5	"HiG"
"HiG_6"	23	"GPX1"	231.5	"HiG"
"HiG_6"	1840	"REEP5"	43	"HiG"
"HiG_6"	0	"TLN1"	378.5	"HiG"
"HiG_6"	0	"DDAH1"	378.5	"HiG"
"HiG_6"	4	"COTL1"	276.5	"HiG"
"HiG_6"	601	"CNN2"	99	"HiG"
"HiG_6"	0	"LIMCH1"	378.5	"HiG"
"HiG_6"	2259	"SLC25A4"	29	"HiG"
"HiG_6"	0	"PCGF5"	378.5	"HiG"
"HiG_6"	156	"MYL12A"	182	"HiG"
"HiG_6"	1	"LAPTM4B"	289.5	"HiG"
"HiG_6"	202	"SRM"	173	"HiG"
"HiG_6"	27	"AKR1A1"	228.5	"HiG"
"HiG_6"	0	"ACOT7"	378.5	"HiG"
"HiG_6"	0	"HMGB3"	378.5	"HiG"
"HiG_6"	0	"LITAF"	378.5	"HiG"
"HiG_6"	177	"SLC25A5"	177	"HiG"
"HiG_6"	0	"ARMCX2"	378.5	"HiG"
"HiG_6"	576	"GNG2"	103	"HiG"
"HiG_6"	1035	"PLP2"	76	"HiG"
"HiG_6"	0	"ECSCR"	378.5	"HiG"
"HiG_6"	0	"MYDGF"	378.5	"HiG"
"HiG_6"	0	"PPIC"	378.5	"HiG"
"HiG_6"	3	"PCBP4"	281.5	"HiG"
"HiG_6"	224	"EGFL7"	167	"HiG"
"HiG_6"	1587	"TUBB6"	53	"HiG"
"HiG_6"	0	"CNRIP1"	378.5	"HiG"
"HiG_6"	11	"PLK2"	253.5	"HiG"
"HiG_6"	54	"TKT"	208	"HiG"
"HiG_6"	1304	"TUBB4B"	64	"HiG"
"HiG_6"	0	"FAM3C"	378.5	"HiG"
"HiG_6"	5	"MARCKSL1"	271.5	"HiG"
"HiG_6"	20	"FERMT2"	236	"HiG"
"HiG_6"	127	"TXNDC5"	190	"HiG"
"HiG_6"	0	"RBMS1"	378.5	"HiG"
"HiG_6"	1997	"RDX"	38	"HiG"
"HiG_6"	1	"GCLM"	289.5	"HiG"
"HiG_6"	0	"VAT1"	378.5	"HiG"
"HiG_6"	0	"CFL2"	378.5	"HiG"
"HiG_6"	233	"RCN2"	165	"HiG"
"HiG_6"	22	"TMSB10"	233	"HiG"
"HiG_6"	23	"SH3BGRL3"	231.5	"HiG"
"HiG_6"	0	"ORAI1"	378.5	"HiG"
"HiG_6"	217	"RSU1"	169	"HiG"
"HiG_6"	271	"MSMO1"	159	"HiG"
"HiG_6"	58	"SRI"	207	"HiG"
"HiG_6"	53	"TMED9"	209	"HiG"
"HiG_6"	0	"MT-ND4"	378.5	"HiG"
"HiG_6"	0	"GPSM3"	378.5	"HiG"
"HiG_6"	0	"ATP6V0B"	378.5	"HiG"
"HiG_6"	643	"NECTIN2"	96	"HiG"
"HiG_6"	175	"PPID"	178	"HiG"
"HiG_6"	395	"OST4"	144	"HiG"
"HiG_6"	32	"LYVE1"	224	"HiG"
"HiG_6"	0	"KLK8"	378.5	"HiG"
"HiG_6"	11	"TMBIM6"	253.5	"HiG"
"HiG_6"	438	"MT-CO3"	136	"HiG"
"HiG_6"	0	"IDH2"	378.5	"HiG"
"HiG_6"	0	"MTAP"	378.5	"HiG"
"HiG_6"	0	"PRCP"	378.5	"HiG"
"HiG_6"	0	"GMFG"	378.5	"HiG"
"HiG_6"	445	"CMAS"	129.5	"HiG"
"HiG_6"	481	"IGFBP4"	112	"HiG"
"HiG_6"	462	"NDUFA8"	116.5	"HiG"
"HiG_6"	12	"HOXB5"	251	"HiG"
"HiG_6"	1065	"TMSB4X"	73	"HiG"
"HiG_6"	0	"PPP1R18"	378.5	"HiG"
"HiG_6"	462	"RHOC"	116.5	"HiG"
"HiG_6"	8	"GPX3"	263.5	"HiG"
"HiG_6"	450	"ITM2A"	119.5	"HiG"
"HiG_6"	82	"PMP22"	196.5	"HiG"
"HiG_6"	0	"FAM171A2"	378.5	"HiG"
"HiG_6"	0	"LIMD2"	378.5	"HiG"
"HiG_6"	0	"EVA1B"	378.5	"HiG"
"HiG_6"	0	"ARMCX1"	378.5	"HiG"
"HiG_6"	0	"MYL7"	378.5	"HiG"
"HiG_6"	0	"CD302"	378.5	"HiG"
"HiG_6"	0	"TXNDC12"	378.5	"HiG"
"HiG_6"	0	"NPL"	378.5	"HiG"
"HiG_6"	0	"KLHL6"	378.5	"HiG"
"HiG_6"	9	"DUSP2"	260	"HiG"
"HiG_6"	0	"MYZAP"	378.5	"HiG"
"HiG_6"	0	"TNFAIP1"	378.5	"HiG"
"HiG_6"	0	"MANF"	378.5	"HiG"
"HiG_6"	0	"GJA4"	378.5	"HiG"
"HiG_6"	0	"SELENOK"	378.5	"HiG"
"HiG_6"	0	"PLAC1"	378.5	"HiG"
"HiG_6"	0	"PRELID1"	378.5	"HiG"
"HiG_6"	0	"OAF"	378.5	"HiG"
"HiG_6"	0	"EMB"	378.5	"HiG"
"HiG_6"	3	"LRP10"	281.5	"HiG"
"HiG_6"	0	"LRP11"	378.5	"HiG"
"HiG_6"	0	"GPM6B"	378.5	"HiG"
"HiG_6"	10	"MTCH1"	257	"HiG"
"HiG_6"	0	"MGAT2"	378.5	"HiG"
"HiG_6"	197	"TMEM59"	174	"HiG"
"HiG_6"	898	"LPAR6"	80	"HiG"
"HiG_6"	0	"FSTL1"	378.5	"HiG"
"HiG_6"	2	"ST3GAL5"	285.5	"HiG"
"HiG_6"	11	"FAM43A"	253.5	"HiG"
"HiG_6"	0	"PLVAP"	378.5	"HiG"
"HiG_6"	0	"PPP1R14B"	378.5	"HiG"
"HiG_6"	275	"SSR2"	158	"HiG"
"HiG_6"	0	"KRTCAP2"	378.5	"HiG"
"HiG_6"	0	"RSPO3"	378.5	"HiG"
"HiG_6"	0	"BEX4"	378.5	"HiG"
"HiG_6"	0	"OAZ2"	378.5	"HiG"
"HiG_6"	25	"SCARB1"	230	"HiG"
"HiG_6"	445	"POLG"	129.5	"HiG"
"HiG_6"	0	"SLC43A3"	378.5	"HiG"
"HiG_6"	0	"RASIP1"	378.5	"HiG"
"HiG_6"	446	"YIF1B"	125.5	"HiG"
"HiG_6"	0	"FAM107B"	378.5	"HiG"
"HiG_6"	0	"SMAGP"	378.5	"HiG"
"HiG_6"	17	"PTPN18"	242.5	"HiG"
"HiG_6"	6	"PTPRE"	268	"HiG"
"HiG_6"	0	"SMTNL2"	378.5	"HiG"
"HiG_6"	39	"APLNR"	218	"HiG"
"HiG_6"	0	"SNN"	378.5	"HiG"
"HiG_6"	18	"ESAM"	240.5	"HiG"
"HiG_6"	0	"GIMAP1"	378.5	"HiG"
"HiG_6"	0	"STARD3NL"	378.5	"HiG"
"HiG_6"	0	"CMTM8"	378.5	"HiG"
"HiG_6"	410	"PLXND1"	140	"HiG"
"HiG_6"	151	"SIPA1"	185	"HiG"
"HiG_6"	0	"WDR1"	378.5	"HiG"
"HiG_6"	0	"MMD"	378.5	"HiG"
"HiG_6"	0	"EXOC3L4"	378.5	"HiG"
"HiG_6"	4	"MT-ATP6"	276.5	"HiG"
"HiG_6"	443	"OIT3"	133.5	"HiG"
"HiG_6"	0	"PLIN2"	378.5	"HiG"
"HiG_6"	41	"VAMP5"	215.5	"HiG"
"HiG_6"	18	"HOXB2"	240.5	"HiG"
"HiG_6"	277	"TMEM88"	157	"HiG"
"HiG_6"	0	"AARD"	378.5	"HiG"
"HiG_6"	0	"ADGRF5"	378.5	"HiG"
"HiG_6"	0	"BRI3"	378.5	"HiG"
"HiG_6"	0	"SHISA5"	378.5	"HiG"
"HiG_6"	448	"TSPAN4"	121	"HiG"
"HiG_6"	27	"GPR182"	228.5	"HiG"
"HiG_6"	0	"HGSNAT"	378.5	"HiG"
"HiG_6"	0	"RASGRP2"	378.5	"HiG"
"HiG_6"	5	"TPST2"	271.5	"HiG"
"HiG_6"	0	"UBALD2"	378.5	"HiG"
"HiG_6"	0	"SELENOH"	378.5	"HiG"
"HiG_6"	0	"MFNG"	378.5	"HiG"
"HiG_6"	376	"LIPT2"	147	"HiG"
"HiG_6"	0	"GIMAP4"	378.5	"HiG"
"HiG_6"	0	"TSPAN18"	378.5	"HiG"
"HiG_6"	52	"SOX17"	210.5	"HiG"
"HiG_6"	0	"KLF7"	378.5	"HiG"
"HiG_6"	0	"KANK3"	378.5	"HiG"
"HiG_6"	0	"TMEM158"	378.5	"HiG"
"HiG_6"	0	"TSPAN14"	378.5	"HiG"
"HiG_6"	0	"TCEAL8"	378.5	"HiG"
"HiG_6"	0	"RCSD1"	378.5	"HiG"
"HiG_6"	0	"MOGAT2"	378.5	"HiG"
"HiG_6"	866	"ZFP36L1"	84	"HiG"
"HiG_6"	913	"ZYX"	79	"HiG"
"HiG_6"	0	"WSB1"	378.5	"HiG"
"HiG_6"	0	"NRARP"	378.5	"HiG"
"HiG_6"	0	"TM6SF1"	378.5	"HiG"
"HiG_9"	1555	"ALDOA"	23	"HiG"
"HiG_9"	9837	"APP"	2	"HiG"
"HiG_9"	15	"CITED2"	160	"HiG"
"HiG_9"	1379	"CCNB1"	27	"HiG"
"HiG_9"	180	"ID3"	112.5	"HiG"
"HiG_9"	20	"SRSF9"	157	"HiG"
"HiG_9"	0	"ANP32A"	254	"HiG"
"HiG_9"	10	"MCM7"	164.5	"HiG"
"HiG_9"	2720	"EZH2"	12	"HiG"
"HiG_9"	469	"MAGED1"	59	"HiG"
"HiG_9"	0	"DAB2"	254	"HiG"
"HiG_9"	0	"NDN"	254	"HiG"
"HiG_9"	1548	"ID2"	25	"HiG"
"HiG_9"	180	"CDKN1C"	112.5	"HiG"
"HiG_9"	1522	"SERPINH1"	26	"HiG"
"HiG_9"	213	"CADM1"	106	"HiG"
"HiG_9"	73	"KHDRBS1"	135	"HiG"
"HiG_9"	686	"CLNS1A"	46	"HiG"
"HiG_9"	665	"NEDD4"	48	"HiG"
"HiG_9"	1067	"EIF4A1"	35	"HiG"
"HiG_9"	7	"GRHPR"	169.5	"HiG"
"HiG_9"	170	"PRDX4"	117.5	"HiG"
"HiG_9"	0	"LMO4"	254	"HiG"
"HiG_9"	151	"CCNE1"	123	"HiG"
"HiG_9"	60	"CLIC1"	140	"HiG"
"HiG_9"	954	"BNIP3L"	38	"HiG"
"HiG_9"	0	"ITM2C"	254	"HiG"
"HiG_9"	189	"PLSCR1"	110	"HiG"
"HiG_9"	0	"DCTPP1"	254	"HiG"
"HiG_9"	286	"BEX3"	92	"HiG"
"HiG_9"	0	"PDLIM4"	254	"HiG"
"HiG_9"	12	"PHLDA1"	163	"HiG"
"HiG_9"	26	"DUT"	155	"HiG"
"HiG_9"	0	"BEX2"	254	"HiG"
"HiG_9"	188	"DUSP6"	111	"HiG"
"HiG_9"	0	"IMP3"	254	"HiG"
"HiG_9"	929	"CALM2"	39	"HiG"
"HiG_9"	14	"CCND2"	161.5	"HiG"
"HiG_9"	0	"GCSH"	254	"HiG"
"HiG_9"	301	"DDAH2"	81.5	"HiG"
"HiG_9"	297	"ARL6IP1"	86	"HiG"
"HiG_9"	309	"PRPS1"	76.5	"HiG"
"HiG_9"	0	"PAFAH1B3"	254	"HiG"
"HiG_9"	296	"BNIP3"	87.5	"HiG"
"HiG_9"	291	"BCCIP"	91	"HiG"
"HiG_9"	1132	"RTN4"	33	"HiG"
"HiG_9"	4	"ALX1"	175	"HiG"
"HiG_9"	6666	"HDAC1"	3	"HiG"
"HiG_9"	11896	"HSPA5"	1	"HiG"
"HiG_9"	98	"SRRM2"	130	"HiG"
"HiG_9"	172	"RUVBL2"	114	"HiG"
"HiG_9"	0	"MORF4L2"	254	"HiG"
"HiG_9"	1968	"CDC20"	17	"HiG"
"HiG_9"	0	"TCEAL9"	254	"HiG"
"HiG_9"	385	"PPP1CB"	67.5	"HiG"
"HiG_9"	748	"LYAR"	45	"HiG"
"HiG_9"	9	"FKBP4"	166.5	"HiG"
"HiG_9"	28	"EIF3M"	154	"HiG"
"HiG_9"	64	"NASP"	138	"HiG"
"HiG_9"	406	"FBLN1"	64	"HiG"
"HiG_9"	0	"BZW2"	254	"HiG"
"HiG_9"	506	"PLOD2"	57	"HiG"
"HiG_9"	0	"PRKRA"	254	"HiG"
"HiG_9"	330	"PAICS"	72	"HiG"
"HiG_9"	167	"BIRC5"	119	"HiG"
"HiG_9"	0	"FSCN1"	254	"HiG"
"HiG_9"	0	"SSR3"	254	"HiG"
"HiG_9"	0	"ATXN10"	254	"HiG"
"HiG_9"	270	"DNAJA1"	99	"HiG"
"HiG_9"	779	"GNAS"	44	"HiG"
"HiG_9"	10	"PGRMC1"	164.5	"HiG"
"HiG_9"	0	"DDT"	254	"HiG"
"HiG_9"	2385	"DDX5"	15	"HiG"
"HiG_9"	301	"SFXN1"	81.5	"HiG"
"HiG_9"	0	"HNRNPH3"	254	"HiG"
"HiG_9"	1605	"PRMT1"	22	"HiG"
"HiG_9"	273	"EBNA1BP2"	97	"HiG"
"HiG_9"	0	"PA2G4"	254	"HiG"
"HiG_9"	679	"PDIA6"	47	"HiG"
"HiG_9"	195	"MEST"	109	"HiG"
"HiG_9"	4232	"NCL"	6	"HiG"
"HiG_9"	109	"HNRNPA3"	127.5	"HiG"
"HiG_9"	263	"FABP5"	101	"HiG"
"HiG_9"	228	"CBX1"	104	"HiG"
"HiG_9"	4	"CCND1"	175	"HiG"
"HiG_9"	103	"MAPK3"	129	"HiG"
"HiG_9"	0	"LSR"	254	"HiG"
"HiG_9"	0	"PTOV1"	254	"HiG"
"HiG_9"	1792	"HSP90AA1"	18	"HiG"
"HiG_9"	1	"TSEN34"	190	"HiG"
"HiG_9"	405	"ID1"	65	"HiG"
"HiG_9"	296	"FOXP1"	87.5	"HiG"
"HiG_9"	552	"CDH11"	53	"HiG"
"HiG_9"	1	"RALA"	190	"HiG"
"HiG_9"	0	"PFN2"	254	"HiG"
"HiG_9"	502	"DBN1"	58	"HiG"
"HiG_9"	2	"CST3"	185.5	"HiG"
"HiG_9"	0	"JAM3"	254	"HiG"
"HiG_9"	3492	"APOE"	8	"HiG"
"HiG_9"	0	"HAPLN1"	254	"HiG"
"HiG_9"	160	"STMN1"	121	"HiG"
"HiG_9"	113	"GJA1"	126	"HiG"
"HiG_9"	298	"SAP30"	84.5	"HiG"
"HiG_9"	444	"HMGA2"	61	"HiG"
"HiG_9"	222	"MAT2A"	105	"HiG"
"HiG_9"	50	"S100A10"	143	"HiG"
"HiG_9"	29	"RRM2"	152.5	"HiG"
"HiG_9"	354	"RBBP4"	69	"HiG"
"HiG_9"	3449	"RBBP7"	9	"HiG"
"HiG_9"	0	"HES1"	254	"HiG"
"HiG_9"	1	"ADH5"	190	"HiG"
"HiG_9"	2477	"CD81"	14	"HiG"
"HiG_9"	170	"PJA1"	117.5	"HiG"
"HiG_9"	0	"FXYD6"	254	"HiG"
"HiG_9"	0	"IVNS1ABP"	254	"HiG"
"HiG_9"	0	"NDUFA4L2"	254	"HiG"
"HiG_9"	199	"DKC1"	108	"HiG"
"HiG_9"	0	"PTN"	254	"HiG"
"HiG_9"	309	"MDH1"	76.5	"HiG"
"HiG_9"	41	"ACIN1"	146	"HiG"
"HiG_9"	0	"TAX1BP3"	254	"HiG"
"HiG_9"	0	"SPTSSA"	254	"HiG"
"HiG_9"	0	"LAPTM4A"	254	"HiG"
"HiG_9"	0	"DDIT4"	254	"HiG"
"HiG_9"	1681	"TRIM28"	21	"HiG"
"HiG_9"	1549	"UBC"	24	"HiG"
"HiG_9"	0	"ARL3"	254	"HiG"
"HiG_9"	1108	"SERBP1"	34	"HiG"
"HiG_9"	4	"PPA1"	175	"HiG"
"HiG_9"	63	"SFPQ"	139	"HiG"
"HiG_9"	8	"SNRPN"	168	"HiG"
"HiG_9"	2315	"HSPD1"	16	"HiG"
"HiG_9"	1189	"CD63"	31	"HiG"
"HiG_9"	0	"POLR2H"	254	"HiG"
"HiG_9"	33	"TOP1"	150.5	"HiG"
"HiG_9"	0	"ACVR2B"	254	"HiG"
"HiG_9"	1017	"FN1"	36	"HiG"
"HiG_9"	16	"TEAD2"	159	"HiG"
"HiG_9"	877	"APEX1"	40	"HiG"
"HiG_9"	118	"SRSF11"	125	"HiG"
"HiG_9"	55	"RANBP1"	142	"HiG"
"HiG_9"	0	"SLC2A1"	254	"HiG"
"HiG_9"	315	"IGFBP5"	75	"HiG"
"HiG_9"	0	"SFRP1"	254	"HiG"
"HiG_9"	295	"SPARC"	89.5	"HiG"
"HiG_9"	29	"GDI2"	152.5	"HiG"
"HiG_9"	0	"EFNB1"	254	"HiG"
"HiG_9"	4	"HMGN1"	175	"HiG"
"HiG_9"	0	"MDK"	254	"HiG"
"HiG_9"	337	"FST"	71	"HiG"
"HiG_9"	1282	"MARCKS"	30	"HiG"
"HiG_9"	4	"ARF4"	175	"HiG"
"HiG_9"	0	"MMP14"	254	"HiG"
"HiG_9"	569	"PDIA4"	52	"HiG"
"HiG_9"	0	"PEG3"	254	"HiG"
"HiG_9"	5075	"CCT8"	4	"HiG"
"HiG_9"	0	"FBN2"	254	"HiG"
"HiG_9"	969	"TCF3"	37	"HiG"
"HiG_9"	508	"TPM4"	55	"HiG"
"HiG_9"	0	"CSRP2"	254	"HiG"
"HiG_9"	7	"EBF1"	169.5	"HiG"
"HiG_9"	9	"PRDX1"	166.5	"HiG"
"HiG_9"	298	"MPZL1"	84.5	"HiG"
"HiG_9"	507	"CALD1"	56	"HiG"
"HiG_9"	0	"FGF8"	254	"HiG"
"HiG_9"	6	"PSIP1"	171	"HiG"
"HiG_9"	0	"SNX6"	254	"HiG"
"HiG_9"	2612	"TPM1"	13	"HiG"
"HiG_9"	3	"GNL3"	180.5	"HiG"
"HiG_9"	82	"LMNB1"	132	"HiG"
"HiG_9"	0	"SLBP"	254	"HiG"
"HiG_9"	171	"EIF4A3"	115.5	"HiG"
"HiG_9"	92	"PCLAF"	131	"HiG"
"HiG_9"	824	"PKM"	43	"HiG"
"HiG_9"	2	"ENO3"	185.5	"HiG"
"HiG_9"	77	"SNAI1"	133.5	"HiG"
"HiG_9"	2773	"TUBA1B"	11	"HiG"
"HiG_9"	0	"GALK1"	254	"HiG"
"HiG_9"	5008	"TUBA1A"	5	"HiG"
"HiG_9"	17	"TAGLN2"	158	"HiG"
"HiG_9"	245	"CKAP4"	102	"HiG"
"HiG_9"	295	"NOP10"	89.5	"HiG"
"HiG_9"	0	"ATXN7L3B"	254	"HiG"
"HiG_9"	306	"HNRNPDL"	78	"HiG"
"HiG_9"	575	"NOP58"	50	"HiG"
"HiG_9"	109	"PFKL"	127.5	"HiG"
"HiG_9"	0	"ANP32E"	254	"HiG"
"HiG_9"	1690	"MAGED2"	20	"HiG"
"HiG_9"	4	"HELLS"	175	"HiG"
"HiG_9"	0	"NSUN2"	254	"HiG"
"HiG_9"	3404	"PGK1"	10	"HiG"
"HiG_9"	267	"FOXC2"	100	"HiG"
"HiG_9"	0	"PAIP2"	254	"HiG"
"HiG_9"	1734	"YWHAE"	19	"HiG"
"HiG_9"	1349	"SIX1"	28	"HiG"
"HiG_9"	285	"XBP1"	94	"HiG"
"HiG_9"	0	"RBP1"	254	"HiG"
"HiG_9"	509	"RPL7A"	54	"HiG"
"HiG_9"	389	"HAT1"	66	"HiG"
"HiG_9"	0	"MRTO4"	254	"HiG"
"HiG_9"	4	"CNN3"	175	"HiG"
"HiG_9"	0	"TBX1"	254	"HiG"
"HiG_9"	1168	"NOP56"	32	"HiG"
"HiG_9"	301	"DCAKD"	81.5	"HiG"
"HiG_9"	0	"HIGD1A"	254	"HiG"
"HiG_9"	0	"IER2"	254	"HiG"
"HiG_9"	140	"PRDX6"	124	"HiG"
"HiG_9"	1302	"TPI1"	29	"HiG"
"HiG_9"	436	"HSD17B10"	63	"HiG"
"HiG_9"	0	"SOX4"	254	"HiG"
"HiG_9"	866	"MYCN"	41	"HiG"
"HiG_9"	4034	"YWHAQ"	7	"HiG"
"HiG_9"	2	"IMPDH2"	185.5	"HiG"
"HiG_9"	0	"HMGN3"	254	"HiG"
"HiG_9"	0	"PNRC1"	254	"HiG"
"HiG_9"	66	"TRA2A"	136	"HiG"
"HiG_9"	3	"COLEC12"	180.5	"HiG"
"HiG_9"	0	"TTC3"	254	"HiG"
"HiG_9"	0	"CRABP1"	254	"HiG"
"HiG_9"	3	"ODC1"	180.5	"HiG"
"HiG_9"	572	"NPM3"	51	"HiG"
"HiG_9"	0	"FRZB"	254	"HiG"
"HiG_9"	77	"TWIST1"	133.5	"HiG"
"HiG_9"	40	"BASP1"	147	"HiG"
"HiG_9"	285	"CNN2"	94	"HiG"
"HiG_9"	442	"RRS1"	62	"HiG"
"HiG_9"	33	"SLC25A4"	150.5	"HiG"
"HiG_9"	0	"LAPTM4B"	254	"HiG"
"HiG_9"	157	"SRM"	122	"HiG"
"HiG_9"	0	"HMGB3"	254	"HiG"
"HiG_9"	0	"RSPO1"	254	"HiG"
"HiG_9"	171	"SLC25A5"	115.5	"HiG"
"HiG_9"	0	"ARMCX2"	254	"HiG"
"HiG_9"	0	"FZD2"	254	"HiG"
"HiG_9"	14	"MFAP4"	161.5	"HiG"
"HiG_9"	0	"RAB34"	254	"HiG"
"HiG_9"	0	"PLP2"	254	"HiG"
"HiG_9"	65	"SOCS2"	137	"HiG"
"HiG_9"	0	"PCBP4"	254	"HiG"
"HiG_9"	0	"COL26A1"	254	"HiG"
"HiG_9"	39	"TKT"	148	"HiG"
"HiG_9"	448	"TUBB4B"	60	"HiG"
"HiG_9"	0	"MARCKSL1"	254	"HiG"
"HiG_9"	203	"FERMT2"	107	"HiG"
"HiG_9"	279	"TPM2"	96	"HiG"
"HiG_9"	44	"FAM162A"	145	"HiG"
"HiG_9"	0	"RBMS1"	254	"HiG"
"HiG_9"	0	"RANGRF"	254	"HiG"
"HiG_9"	0	"CFL2"	254	"HiG"
"HiG_9"	2	"RCN2"	185.5	"HiG"
"HiG_9"	59	"TMSB10"	141	"HiG"
"HiG_9"	2	"ETFB"	185.5	"HiG"
"HiG_9"	0	"BCAT1"	254	"HiG"
"HiG_9"	0	"IGFBP2"	254	"HiG"
"HiG_9"	0	"NECTIN2"	254	"HiG"
"HiG_9"	236	"PPID"	103	"HiG"
"HiG_9"	0	"PTGIS"	254	"HiG"
"HiG_9"	342	"TMBIM6"	70	"HiG"
"HiG_9"	46	"IDH2"	144	"HiG"
"HiG_9"	0	"MTAP"	254	"HiG"
"HiG_9"	0	"CTSZ"	254	"HiG"
"HiG_9"	325	"IGFBP4"	73.5	"HiG"
"HiG_9"	325	"SMS"	73.5	"HiG"
"HiG_9"	301	"NMRAL1"	81.5	"HiG"
"HiG_9"	0	"GPX3"	254	"HiG"
"HiG_9"	0	"ITM2A"	254	"HiG"
"HiG_9"	0	"NFIL3"	254	"HiG"
"HiG_9"	0	"LIMD2"	254	"HiG"
"HiG_9"	0	"EVA1B"	254	"HiG"
"HiG_9"	0	"MYL7"	254	"HiG"
"HiG_9"	0	"TXNDC12"	254	"HiG"
"HiG_9"	0	"METTL9"	254	"HiG"
"HiG_9"	0	"EPOP"	254	"HiG"
"HiG_9"	0	"TNFAIP1"	254	"HiG"
"HiG_9"	0	"CTHRC1"	254	"HiG"
"HiG_9"	0	"RCOR2"	254	"HiG"
"HiG_9"	0	"CDCA7"	254	"HiG"
"HiG_9"	0	"EMB"	254	"HiG"
"HiG_9"	0	"TSPAN3"	254	"HiG"
"HiG_9"	164	"GPC3"	120	"HiG"
"HiG_9"	0	"MTCH1"	254	"HiG"
"HiG_9"	0	"PPP1R1A"	254	"HiG"
"HiG_9"	0	"LPAR6"	254	"HiG"
"HiG_9"	24	"LPAR1"	156	"HiG"
"HiG_9"	614	"FSTL1"	49	"HiG"
"HiG_9"	0	"WLS"	254	"HiG"
"HiG_9"	0	"TIMM8B"	254	"HiG"
"HiG_9"	3	"OAZ2"	180.5	"HiG"
"HiG_9"	0	"SLC16A3"	254	"HiG"
"HiG_9"	0	"PLPP3"	254	"HiG"
"HiG_9"	0	"RBMXL1"	254	"HiG"
"HiG_9"	0	"PRTG"	254	"HiG"
"HiG_9"	0	"CLMP"	254	"HiG"
"HiG_9"	0	"SOX11"	254	"HiG"
"HiG_9"	0	"CYP26A1"	254	"HiG"
"HiG_9"	2	"GAS1"	185.5	"HiG"
"HiG_9"	0	"IRX3"	254	"HiG"
"HiG_9"	865	"VCAN"	42	"HiG"
"HiG_9"	302	"MFAP2"	79	"HiG"
"HiG_9"	37	"IRX5"	149	"HiG"
"HiG_9"	0	"CTXN1"	254	"HiG"
"HiG_9"	385	"IFITM1"	67.5	"HiG"
"HiG_9"	0	"TCF15"	254	"HiG"
"HiG_9"	0	"TSPAN6"	254	"HiG"
"HiG_9"	0	"SELENOH"	254	"HiG"
"HiG_9"	0	"ZCCHC3"	254	"HiG"
"HiG_9"	285	"IRX1"	94	"HiG"
"HiG_9"	0	"PPDPF"	254	"HiG"
"HiG_9"	0	"PIGX"	254	"HiG"
"HiG_9"	0	"TGIF1"	254	"HiG"
"HiG_9"	0	"TCEAL8"	254	"HiG"
"HiG_9"	272	"PRRX2"	98	"HiG"
"HiG_9"	0	"TSPAN7"	254	"HiG"
"HiG_9"	0	"MOGAT2"	254	"HiG"
"HiG_9"	0	"ZFP36L1"	254	"HiG"
"HiG_9"	0	"WSB1"	254	"HiG"
"HiG_10"	8	"GATA2"	210.5	"HiG"
"HiG_10"	680	"ALDOA"	55	"HiG"
"HiG_10"	358	"CCND3"	110	"HiG"
"HiG_10"	175	"ANXA5"	139	"HiG"
"HiG_10"	714	"GABARAP"	54	"HiG"
"HiG_10"	1101	"GNAI2"	39	"HiG"
"HiG_10"	62	"EIF3E"	165	"HiG"
"HiG_10"	28	"ID3"	189	"HiG"
"HiG_10"	69	"AFDN"	161	"HiG"
"HiG_10"	0	"SRSF9"	314	"HiG"
"HiG_10"	16	"ANP32A"	197.5	"HiG"
"HiG_10"	12	"MCM7"	203	"HiG"
"HiG_10"	609	"FLT1"	60	"HiG"
"HiG_10"	97	"RAP1A"	153	"HiG"
"HiG_10"	31	"RAP1B"	188	"HiG"
"HiG_10"	871	"LMO2"	46	"HiG"
"HiG_10"	135	"FKBP1A"	145.5	"HiG"
"HiG_10"	373	"BIN1"	94.5	"HiG"
"HiG_10"	4	"FLI1"	223.5	"HiG"
"HiG_10"	49	"NONO"	173	"HiG"
"HiG_10"	13	"MAGED1"	200	"HiG"
"HiG_10"	457	"MSN"	77	"HiG"
"HiG_10"	367	"NDN"	98	"HiG"
"HiG_10"	8	"ID2"	210.5	"HiG"
"HiG_10"	23	"CDKN1C"	193	"HiG"
"HiG_10"	852	"SERPINH1"	48	"HiG"
"HiG_10"	755	"F11R"	50	"HiG"
"HiG_10"	0	"CADM1"	314	"HiG"
"HiG_10"	361	"RAN"	104.5	"HiG"
"HiG_10"	0	"CLNS1A"	314	"HiG"
"HiG_10"	1611	"EIF4A1"	23	"HiG"
"HiG_10"	96	"PRDX4"	154	"HiG"
"HiG_10"	0	"GADD45G"	314	"HiG"
"HiG_10"	5523	"RAB11A"	8	"HiG"
"HiG_10"	2	"SLC29A1"	232.5	"HiG"
"HiG_10"	906	"CLIC1"	45	"HiG"
"HiG_10"	675	"BNIP3L"	56	"HiG"
"HiG_10"	3	"MAGEH1"	227.5	"HiG"
"HiG_10"	0	"MYL6"	314	"HiG"
"HiG_10"	127	"RBPMS"	149	"HiG"
"HiG_10"	0	"ITM2C"	314	"HiG"
"HiG_10"	5903	"HNRNPK"	7	"HiG"
"HiG_10"	0	"DCTPP1"	314	"HiG"
"HiG_10"	805	"BEX3"	49	"HiG"
"HiG_10"	1819	"ACTG1"	20	"HiG"
"HiG_10"	0	"KRT18"	314	"HiG"
"HiG_10"	0	"BAMBI"	314	"HiG"
"HiG_10"	0	"PHLDA1"	314	"HiG"
"HiG_10"	1020	"EMILIN1"	40	"HiG"
"HiG_10"	0	"BEX2"	314	"HiG"
"HiG_10"	0	"SAT1"	314	"HiG"
"HiG_10"	321	"DUSP6"	118.5	"HiG"
"HiG_10"	34	"FTH1"	184.5	"HiG"
"HiG_10"	360	"JUNB"	109	"HiG"
"HiG_10"	1387	"CALM2"	32	"HiG"
"HiG_10"	868	"IPO11"	47	"HiG"
"HiG_10"	355	"CCND2"	112	"HiG"
"HiG_10"	0	"CLEC1B"	314	"HiG"
"HiG_10"	51	"DDAH2"	171	"HiG"
"HiG_10"	55	"ARL6IP1"	168	"HiG"
"HiG_10"	444	"VASP"	80	"HiG"
"HiG_10"	382	"BNIP3"	90	"HiG"
"HiG_10"	1241	"RTN4"	34	"HiG"
"HiG_10"	428	"RALB"	84	"HiG"
"HiG_10"	0	"CTNNBIP1"	314	"HiG"
"HiG_10"	1349	"JUN"	33	"HiG"
"HiG_10"	3495	"HDAC1"	12	"HiG"
"HiG_10"	14999	"HSPA5"	2	"HiG"
"HiG_10"	162	"MORF4L2"	140	"HiG"
"HiG_10"	507	"CDC20"	71	"HiG"
"HiG_10"	27	"PTP4A3"	190.5	"HiG"
"HiG_10"	0	"TCEAL9"	314	"HiG"
"HiG_10"	499	"LYAR"	72.5	"HiG"
"HiG_10"	351	"EIF3M"	113.5	"HiG"
"HiG_10"	1554	"LGALS1"	25	"HiG"
"HiG_10"	1010	"LRRC59"	41	"HiG"
"HiG_10"	453	"IGF2BP1"	79	"HiG"
"HiG_10"	485	"BRIX1"	74	"HiG"
"HiG_10"	0	"DEGS1"	314	"HiG"
"HiG_10"	0	"FBLN1"	314	"HiG"
"HiG_10"	0	"BZW2"	314	"HiG"
"HiG_10"	252	"PAICS"	132	"HiG"
"HiG_10"	11	"BIRC5"	205	"HiG"
"HiG_10"	277	"FSCN1"	128	"HiG"
"HiG_10"	4	"SSR3"	223.5	"HiG"
"HiG_10"	0	"KDELR2"	314	"HiG"
"HiG_10"	0	"ATXN10"	314	"HiG"
"HiG_10"	0	"RASGRP3"	314	"HiG"
"HiG_10"	222	"NOLC1"	135	"HiG"
"HiG_10"	1407	"DNAJA1"	30	"HiG"
"HiG_10"	552	"GNAS"	65.5	"HiG"
"HiG_10"	1861	"FBL"	19	"HiG"
"HiG_10"	7779	"DDX5"	4	"HiG"
"HiG_10"	76	"SFXN1"	157.5	"HiG"
"HiG_10"	13	"G3BP2"	200	"HiG"
"HiG_10"	0	"EHD4"	314	"HiG"
"HiG_10"	116	"EBNA1BP2"	151	"HiG"
"HiG_10"	257	"PA2G4"	130	"HiG"
"HiG_10"	1522	"PDIA6"	26	"HiG"
"HiG_10"	1	"MEST"	242	"HiG"
"HiG_10"	1696	"MYO1C"	22	"HiG"
"HiG_10"	2	"FABP5"	232.5	"HiG"
"HiG_10"	541	"CDK1"	67	"HiG"
"HiG_10"	558	"CTNNA1"	64	"HiG"
"HiG_10"	1	"CBX1"	242	"HiG"
"HiG_10"	724	"CCND1"	51	"HiG"
"HiG_10"	159	"MAPK3"	142	"HiG"
"HiG_10"	53	"LSR"	169	"HiG"
"HiG_10"	392	"ENO1"	89	"HiG"
"HiG_10"	456	"DDX39B"	78	"HiG"
"HiG_10"	6630	"CDH5"	6	"HiG"
"HiG_10"	8194	"CALM1"	3	"HiG"
"HiG_10"	64	"MAP1B"	164	"HiG"
"HiG_10"	0	"EMCN"	314	"HiG"
"HiG_10"	1521	"TGFB1"	27	"HiG"
"HiG_10"	10	"TSEN34"	206.5	"HiG"
"HiG_10"	124	"ID1"	150	"HiG"
"HiG_10"	10	"KDR"	206.5	"HiG"
"HiG_10"	371	"ARPC1B"	96	"HiG"
"HiG_10"	0	"RAMP2"	314	"HiG"
"HiG_10"	1996	"PFN1"	17	"HiG"
"HiG_10"	156	"RALA"	143	"HiG"
"HiG_10"	12	"DBN1"	203	"HiG"
"HiG_10"	0	"CST3"	314	"HiG"
"HiG_10"	1450	"APOE"	29	"HiG"
"HiG_10"	6	"CREG1"	216	"HiG"
"HiG_10"	2	"HAPLN1"	232.5	"HiG"
"HiG_10"	161	"STMN1"	141	"HiG"
"HiG_10"	302	"COL4A1"	125	"HiG"
"HiG_10"	1	"HMGA2"	242	"HiG"
"HiG_10"	0	"MAT2A"	314	"HiG"
"HiG_10"	515	"S100A10"	70	"HiG"
"HiG_10"	237	"RRM2"	133	"HiG"
"HiG_10"	8	"DEK"	210.5	"HiG"
"HiG_10"	214	"RBBP4"	137	"HiG"
"HiG_10"	1509	"HSP90B1"	28	"HiG"
"HiG_10"	2	"PPP1R15A"	232.5	"HiG"
"HiG_10"	0	"PPP1R2"	314	"HiG"
"HiG_10"	313	"CRMP1"	120	"HiG"
"HiG_10"	339	"ARMCX3"	117	"HiG"
"HiG_10"	6789	"CD81"	5	"HiG"
"HiG_10"	47	"CAPNS1"	175	"HiG"
"HiG_10"	305	"GNG11"	123.5	"HiG"
"HiG_10"	0	"IVNS1ABP"	314	"HiG"
"HiG_10"	74	"DKC1"	159	"HiG"
"HiG_10"	499	"PTN"	72.5	"HiG"
"HiG_10"	22	"MDH1"	194	"HiG"
"HiG_10"	0	"TAX1BP3"	314	"HiG"
"HiG_10"	0	"SPTSSA"	314	"HiG"
"HiG_10"	18378	"VIM"	1	"HiG"
"HiG_10"	0	"MAP7D1"	314	"HiG"
"HiG_10"	379	"PPA1"	91.5	"HiG"
"HiG_10"	71	"ARPC5"	160	"HiG"
"HiG_10"	441	"CD9"	81	"HiG"
"HiG_10"	0	"F2R"	314	"HiG"
"HiG_10"	0	"DNAJC3"	314	"HiG"
"HiG_10"	524	"ARPC2"	69	"HiG"
"HiG_10"	0	"JUND"	314	"HiG"
"HiG_10"	76	"TOP1"	157.5	"HiG"
"HiG_10"	48	"IGF2"	174	"HiG"
"HiG_10"	1914	"FN1"	18	"HiG"
"HiG_10"	648	"PDIA3"	58	"HiG"
"HiG_10"	0	"TEAD2"	314	"HiG"
"HiG_10"	2075	"APEX1"	16	"HiG"
"HiG_10"	1125	"TAL1"	38	"HiG"
"HiG_10"	8	"RANBP1"	210.5	"HiG"
"HiG_10"	65	"SLC2A1"	163	"HiG"
"HiG_10"	1604	"HNRNPA2B1"	24	"HiG"
"HiG_10"	0	"BEX1"	314	"HiG"
"HiG_10"	321	"ELK3"	118.5	"HiG"
"HiG_10"	85	"SPARC"	155.5	"HiG"
"HiG_10"	722	"GDI2"	52	"HiG"
"HiG_10"	135	"SH3GLB1"	145.5	"HiG"
"HiG_10"	33	"HMGN1"	186.5	"HiG"
"HiG_10"	0	"ASAP1"	314	"HiG"
"HiG_10"	38	"MDK"	180.5	"HiG"
"HiG_10"	85	"MARCKS"	155.5	"HiG"
"HiG_10"	423	"ARF4"	85	"HiG"
"HiG_10"	8	"HMGB2"	210.5	"HiG"
"HiG_10"	0	"CD34"	314	"HiG"
"HiG_10"	12	"MMP14"	203	"HiG"
"HiG_10"	437	"PDIA4"	82	"HiG"
"HiG_10"	0	"PEG3"	314	"HiG"
"HiG_10"	377	"CCT4"	93	"HiG"
"HiG_10"	1135	"CCT8"	36	"HiG"
"HiG_10"	0	"VAMP8"	314	"HiG"
"HiG_10"	591	"ICAM2"	62	"HiG"
"HiG_10"	2510	"TPM4"	15	"HiG"
"HiG_10"	357	"CSRP2"	111	"HiG"
"HiG_10"	0	"KLF2"	314	"HiG"
"HiG_10"	1	"CLDN5"	242	"HiG"
"HiG_10"	0	"TFPI"	314	"HiG"
"HiG_10"	1	"GRAP"	242	"HiG"
"HiG_10"	398	"PRDX1"	88	"HiG"
"HiG_10"	361	"MPZL1"	104.5	"HiG"
"HiG_10"	623	"CALD1"	59	"HiG"
"HiG_10"	370	"SNX2"	97	"HiG"
"HiG_10"	577	"TPM1"	63	"HiG"
"HiG_10"	0	"GNGT2"	314	"HiG"
"HiG_10"	469	"UPP1"	75	"HiG"
"HiG_10"	33	"RHOJ"	186.5	"HiG"
"HiG_10"	2	"SLBP"	232.5	"HiG"
"HiG_10"	140	"EIF4A3"	144	"HiG"
"HiG_10"	37	"SNX3"	182.5	"HiG"
"HiG_10"	0	"PCLAF"	314	"HiG"
"HiG_10"	1740	"PKM"	21	"HiG"
"HiG_10"	6	"GMPS"	216	"HiG"
"HiG_10"	366	"CLTA"	99	"HiG"
"HiG_10"	0	"GALK1"	314	"HiG"
"HiG_10"	3539	"TUBA1A"	11	"HiG"
"HiG_10"	68	"TAGLN2"	162	"HiG"
"HiG_10"	4	"TXNL1"	223.5	"HiG"
"HiG_10"	1	"CKAP4"	242	"HiG"
"HiG_10"	60	"NHP2"	166.5	"HiG"
"HiG_10"	2	"ANP32B"	232.5	"HiG"
"HiG_10"	301	"RPS4X"	126	"HiG"
"HiG_10"	1127	"NOP58"	37	"HiG"
"HiG_10"	0	"PFKL"	314	"HiG"
"HiG_10"	406	"MAGED2"	86	"HiG"
"HiG_10"	2687	"PGK1"	14	"HiG"
"HiG_10"	0	"FOXC2"	314	"HiG"
"HiG_10"	34	"CSRP1"	184.5	"HiG"
"HiG_10"	0	"PAIP2"	314	"HiG"
"HiG_10"	3653	"YWHAE"	10	"HiG"
"HiG_10"	0	"MEIS2"	314	"HiG"
"HiG_10"	0	"XBP1"	314	"HiG"
"HiG_10"	0	"ETV2"	314	"HiG"
"HiG_10"	361	"RBP1"	104.5	"HiG"
"HiG_10"	0	"MRTO4"	314	"HiG"
"HiG_10"	299	"CNN3"	127	"HiG"
"HiG_10"	226	"SSB"	134	"HiG"
"HiG_10"	0	"LUZP1"	314	"HiG"
"HiG_10"	349	"ATP2B1"	115	"HiG"
"HiG_10"	0	"PSAT1"	314	"HiG"
"HiG_10"	274	"NOP56"	129	"HiG"
"HiG_10"	468	"ITM2B"	76	"HiG"
"HiG_10"	0	"HIGD1A"	314	"HiG"
"HiG_10"	0	"IER2"	314	"HiG"
"HiG_10"	606	"PRDX6"	61	"HiG"
"HiG_10"	1388	"TPI1"	31	"HiG"
"HiG_10"	0	"SOX4"	314	"HiG"
"HiG_10"	5152	"YWHAQ"	9	"HiG"
"HiG_10"	0	"TUBA1C"	314	"HiG"
"HiG_10"	44	"IMPDH2"	178	"HiG"
"HiG_10"	0	"SELENOP"	314	"HiG"
"HiG_10"	0	"HMGN3"	314	"HiG"
"HiG_10"	0	"PNRC1"	314	"HiG"
"HiG_10"	0	"RRBP1"	314	"HiG"
"HiG_10"	351	"COLEC12"	113.5	"HiG"
"HiG_10"	130	"SH3BP5"	148	"HiG"
"HiG_10"	52	"SURF4"	170	"HiG"
"HiG_10"	373	"CRIP2"	94.5	"HiG"
"HiG_10"	0	"TTC3"	314	"HiG"
"HiG_10"	361	"CMTM3"	104.5	"HiG"
"HiG_10"	107	"CRELD2"	152	"HiG"
"HiG_10"	0	"CRABP1"	314	"HiG"
"HiG_10"	530	"ODC1"	68	"HiG"
"HiG_10"	0	"NPM3"	314	"HiG"
"HiG_10"	43	"TLN1"	179	"HiG"
"HiG_10"	379	"BASP1"	91.5	"HiG"
"HiG_10"	0	"COTL1"	314	"HiG"
"HiG_10"	3	"CNN2"	227.5	"HiG"
"HiG_10"	46	"RSL1D1"	176.5	"HiG"
"HiG_10"	6	"RRS1"	216	"HiG"
"HiG_10"	312	"SLC25A4"	121	"HiG"
"HiG_10"	5	"PCGF5"	219	"HiG"
"HiG_10"	0	"LAPTM4B"	314	"HiG"
"HiG_10"	46	"MIF"	176.5	"HiG"
"HiG_10"	0	"SRM"	314	"HiG"
"HiG_10"	0	"AKR1A1"	314	"HiG"
"HiG_10"	0	"HMGB3"	314	"HiG"
"HiG_10"	0	"LITAF"	314	"HiG"
"HiG_10"	552	"SLC25A5"	65.5	"HiG"
"HiG_10"	4	"ARMCX2"	223.5	"HiG"
"HiG_10"	0	"PLP2"	314	"HiG"
"HiG_10"	0	"ECSCR"	314	"HiG"
"HiG_10"	13	"PPIC"	200	"HiG"
"HiG_10"	1	"PCBP4"	242	"HiG"
"HiG_10"	60	"EGFL7"	166.5	"HiG"
"HiG_10"	404	"TUBB6"	87	"HiG"
"HiG_10"	0	"CNRIP1"	314	"HiG"
"HiG_10"	1	"PLK2"	242	"HiG"
"HiG_10"	4	"TKT"	223.5	"HiG"
"HiG_10"	1150	"TUBB4B"	35	"HiG"
"HiG_10"	0	"MARCKSL1"	314	"HiG"
"HiG_10"	0	"FERMT2"	314	"HiG"
"HiG_10"	1	"TXNDC5"	242	"HiG"
"HiG_10"	0	"FAM162A"	314	"HiG"
"HiG_10"	0	"RBMS1"	314	"HiG"
"HiG_10"	0	"VAT1"	314	"HiG"
"HiG_10"	0	"CFL2"	314	"HiG"
"HiG_10"	1004	"RCN2"	42	"HiG"
"HiG_10"	16	"TMSB10"	197.5	"HiG"
"HiG_10"	7	"SH3BGRL3"	214	"HiG"
"HiG_10"	0	"SNX5"	314	"HiG"
"HiG_10"	0	"ORAI1"	314	"HiG"
"HiG_10"	253	"TMED9"	131	"HiG"
"HiG_10"	0	"TECR"	314	"HiG"
"HiG_10"	0	"MT-ND4"	314	"HiG"
"HiG_10"	0	"IGFBP2"	314	"HiG"
"HiG_10"	0	"ATP6V0B"	314	"HiG"
"HiG_10"	8	"NECTIN2"	210.5	"HiG"
"HiG_10"	430	"PPID"	83	"HiG"
"HiG_10"	0	"OST4"	314	"HiG"
"HiG_10"	27	"TMBIM6"	190.5	"HiG"
"HiG_10"	347	"MT-CO3"	116	"HiG"
"HiG_10"	1	"IDH2"	242	"HiG"
"HiG_10"	0	"MTAP"	314	"HiG"
"HiG_10"	0	"RBM38"	314	"HiG"
"HiG_10"	0	"CMAS"	314	"HiG"
"HiG_10"	3437	"IGFBP4"	13	"HiG"
"HiG_10"	19	"SMS"	195	"HiG"
"HiG_10"	361	"NDUFA8"	104.5	"HiG"
"HiG_10"	196	"TMSB4X"	138	"HiG"
"HiG_10"	0	"PPP1R18"	314	"HiG"
"HiG_10"	667	"RHOC"	57	"HiG"
"HiG_10"	0	"GPX3"	314	"HiG"
"HiG_10"	361	"ITM2A"	104.5	"HiG"
"HiG_10"	988	"PMP22"	43	"HiG"
"HiG_10"	0	"LIMD2"	314	"HiG"
"HiG_10"	0	"EVA1B"	314	"HiG"
"HiG_10"	0	"ARMCX1"	314	"HiG"
"HiG_10"	0	"TXNDC12"	314	"HiG"
"HiG_10"	0	"KLHL6"	314	"HiG"
"HiG_10"	0	"DUSP2"	314	"HiG"
"HiG_10"	0	"MYZAP"	314	"HiG"
"HiG_10"	0	"EPOP"	314	"HiG"
"HiG_10"	0	"TNFAIP1"	314	"HiG"
"HiG_10"	38	"PHF6"	180.5	"HiG"
"HiG_10"	0	"MANF"	314	"HiG"
"HiG_10"	0	"SELENOK"	314	"HiG"
"HiG_10"	0	"CDCA7"	314	"HiG"
"HiG_10"	0	"EMB"	314	"HiG"
"HiG_10"	361	"TSPAN3"	104.5	"HiG"
"HiG_10"	1	"GPC3"	242	"HiG"
"HiG_10"	0	"MTCH1"	314	"HiG"
"HiG_10"	362	"TMEM59"	100	"HiG"
"HiG_10"	721	"LPAR6"	53	"HiG"
"HiG_10"	0	"FSTL1"	314	"HiG"
"HiG_10"	0	"FAM43A"	314	"HiG"
"HiG_10"	0	"PLVAP"	314	"HiG"
"HiG_10"	952	"SSR2"	44	"HiG"
"HiG_10"	0	"RSPO3"	314	"HiG"
"HiG_10"	0	"BEX4"	314	"HiG"
"HiG_10"	0	"OAZ2"	314	"HiG"
"HiG_10"	0	"PHLDA2"	314	"HiG"
"HiG_10"	18	"SLC16A3"	196	"HiG"
"HiG_10"	2	"RASIP1"	232.5	"HiG"
"HiG_10"	37	"YIF1B"	182.5	"HiG"
"HiG_10"	0	"SMAGP"	314	"HiG"
"HiG_10"	0	"PRTG"	314	"HiG"
"HiG_10"	219	"APLNR"	136	"HiG"
"HiG_10"	132	"ESAM"	147	"HiG"
"HiG_10"	0	"SOX11"	314	"HiG"
"HiG_10"	4	"CMTM8"	223.5	"HiG"
"HiG_10"	0	"EXOC3L4"	314	"HiG"
"HiG_10"	5	"MT-ATP6"	219	"HiG"
"HiG_10"	50	"VAMP5"	172	"HiG"
"HiG_10"	0	"HOXB2"	314	"HiG"
"HiG_10"	0	"SFT2D1"	314	"HiG"
"HiG_10"	0	"BRI3"	314	"HiG"
"HiG_10"	361	"TSPAN4"	104.5	"HiG"
"HiG_10"	0	"MFAP2"	314	"HiG"
"HiG_10"	25	"RASGRP2"	192	"HiG"
"HiG_10"	311	"IFITM1"	122	"HiG"
"HiG_10"	2	"TPST2"	232.5	"HiG"
"HiG_10"	0	"UBALD2"	314	"HiG"
"HiG_10"	0	"TSPAN6"	314	"HiG"
"HiG_10"	0	"SELENOH"	314	"HiG"
"HiG_10"	5	"VGLL4"	219	"HiG"
"HiG_10"	0	"SOX17"	314	"HiG"
"HiG_10"	0	"KLF7"	314	"HiG"
"HiG_10"	0	"TMEM158"	314	"HiG"
"HiG_10"	0	"PIGX"	314	"HiG"
"HiG_10"	0	"TCEAL8"	314	"HiG"
"HiG_10"	305	"PRRX2"	123.5	"HiG"
"HiG_10"	0	"MOGAT2"	314	"HiG"
"HiG_10"	0	"ZFP36L1"	314	"HiG"
"HiG_10"	0	"WFDC2"	314	"HiG"
"HiG_10"	0	"WSB1"	314	"HiG"
"HiG_12"	722	"CCNB1"	53	"HiG"
"HiG_12"	1344	"EIF3E"	22	"HiG"
"HiG_12"	0	"HAND2"	248.5	"HiG"
"HiG_12"	20	"ID3"	156.5	"HiG"
"HiG_12"	197	"AFDN"	113.5	"HiG"
"HiG_12"	0	"LEF1"	248.5	"HiG"
"HiG_12"	159	"SRSF9"	123.5	"HiG"
"HiG_12"	0	"ANP32A"	248.5	"HiG"
"HiG_12"	225	"MCM7"	111	"HiG"
"HiG_12"	1179	"NONO"	29	"HiG"
"HiG_12"	0	"CITED1"	248.5	"HiG"
"HiG_12"	1390	"MAGED1"	21	"HiG"
"HiG_12"	1098	"NDN"	36	"HiG"
"HiG_12"	411	"ID2"	71	"HiG"
"HiG_12"	245	"CDKN1C"	108	"HiG"
"HiG_12"	27	"SERPINH1"	151	"HiG"
"HiG_12"	0	"CLNS1A"	248.5	"HiG"
"HiG_12"	290	"PEG10"	92	"HiG"
"HiG_12"	1716	"EIF4A1"	16	"HiG"
"HiG_12"	303	"PRDX4"	86	"HiG"
"HiG_12"	0	"CCNE1"	248.5	"HiG"
"HiG_12"	0	"BNIP3L"	248.5	"HiG"
"HiG_12"	1041	"RBPMS"	39	"HiG"
"HiG_12"	290	"ITM2C"	92	"HiG"
"HiG_12"	2	"HOXB6"	184	"HiG"
"HiG_12"	0	"DCTPP1"	248.5	"HiG"
"HiG_12"	595	"BEX3"	61	"HiG"
"HiG_12"	5728	"KRT18"	3	"HiG"
"HiG_12"	0	"BAMBI"	248.5	"HiG"
"HiG_12"	0	"PDLIM4"	248.5	"HiG"
"HiG_12"	28	"DUT"	148.5	"HiG"
"HiG_12"	0	"BEX2"	248.5	"HiG"
"HiG_12"	18	"RPS26"	159.5	"HiG"
"HiG_12"	0	"IMP3"	248.5	"HiG"
"HiG_12"	0	"GINS2"	248.5	"HiG"
"HiG_12"	0	"FTH1"	248.5	"HiG"
"HiG_12"	2577	"PITX1"	9	"HiG"
"HiG_12"	1300	"CALM2"	23	"HiG"
"HiG_12"	350	"CCND2"	79	"HiG"
"HiG_12"	0	"GCSH"	248.5	"HiG"
"HiG_12"	28	"ARL6IP1"	148.5	"HiG"
"HiG_12"	0	"PAFAH1B3"	248.5	"HiG"
"HiG_12"	116	"BCCIP"	134	"HiG"
"HiG_12"	520	"RTN4"	67	"HiG"
"HiG_12"	0	"CTNNBIP1"	248.5	"HiG"
"HiG_12"	3756	"HDAC1"	6	"HiG"
"HiG_12"	13005	"HSPA5"	1	"HiG"
"HiG_12"	893	"CDC20"	44	"HiG"
"HiG_12"	0	"TCEAL9"	248.5	"HiG"
"HiG_12"	0	"LYAR"	248.5	"HiG"
"HiG_12"	396	"FKBP4"	72	"HiG"
"HiG_12"	10	"EIF3M"	168	"HiG"
"HiG_12"	1154	"LGALS1"	31	"HiG"
"HiG_12"	11	"BRIX1"	166	"HiG"
"HiG_12"	291	"NASP"	88	"HiG"
"HiG_12"	0	"FBLN1"	248.5	"HiG"
"HiG_12"	0	"BZW2"	248.5	"HiG"
"HiG_12"	952	"GTPBP4"	42	"HiG"
"HiG_12"	290	"PAICS"	92	"HiG"
"HiG_12"	273	"BIRC5"	104	"HiG"
"HiG_12"	18	"FSCN1"	159.5	"HiG"
"HiG_12"	958	"TRA2B"	41	"HiG"
"HiG_12"	881	"DNAJA1"	46	"HiG"
"HiG_12"	685	"SRSF3"	57	"HiG"
"HiG_12"	1747	"FBL"	15	"HiG"
"HiG_12"	0	"DDT"	248.5	"HiG"
"HiG_12"	4584	"DDX5"	5	"HiG"
"HiG_12"	269	"SFXN1"	105	"HiG"
"HiG_12"	880	"G3BP2"	47	"HiG"
"HiG_12"	56	"EBNA1BP2"	140	"HiG"
"HiG_12"	1137	"PA2G4"	33	"HiG"
"HiG_12"	394	"PDIA6"	73	"HiG"
"HiG_12"	168	"SRSF6"	120	"HiG"
"HiG_12"	12	"MEST"	164.5	"HiG"
"HiG_12"	2229	"NCL"	13	"HiG"
"HiG_12"	0	"FABP5"	248.5	"HiG"
"HiG_12"	9	"CBX1"	170.5	"HiG"
"HiG_12"	597	"CCND1"	60	"HiG"
"HiG_12"	695	"MAPK3"	56	"HiG"
"HiG_12"	12	"LSR"	164.5	"HiG"
"HiG_12"	0	"PTOV1"	248.5	"HiG"
"HiG_12"	453	"ENO1"	70	"HiG"
"HiG_12"	1480	"DDX39B"	18	"HiG"
"HiG_12"	3421	"HSP90AA1"	7	"HiG"
"HiG_12"	159	"TSEN34"	123.5	"HiG"
"HiG_12"	30	"ID1"	147	"HiG"
"HiG_12"	1884	"BMP4"	14	"HiG"
"HiG_12"	321	"HAND1"	85	"HiG"
"HiG_12"	25	"RALA"	153	"HiG"
"HiG_12"	13	"DBN1"	163	"HiG"
"HiG_12"	0	"LRPAP1"	248.5	"HiG"
"HiG_12"	58	"STMN1"	139	"HiG"
"HiG_12"	9	"GJA1"	170.5	"HiG"
"HiG_12"	701	"SAP30"	55	"HiG"
"HiG_12"	278	"GRB10"	102	"HiG"
"HiG_12"	172	"HMGA2"	119	"HiG"
"HiG_12"	124	"S100A10"	133	"HiG"
"HiG_12"	197	"RRM2"	113.5	"HiG"
"HiG_12"	19	"DEK"	158	"HiG"
"HiG_12"	1275	"RBBP4"	26	"HiG"
"HiG_12"	3166	"HSP90B1"	8	"HiG"
"HiG_12"	1050	"RBBP7"	37	"HiG"
"HiG_12"	174	"CDX2"	118	"HiG"
"HiG_12"	0	"HES1"	248.5	"HiG"
"HiG_12"	382	"MSX1"	74	"HiG"
"HiG_12"	15	"ADH5"	161.5	"HiG"
"HiG_12"	811	"CD81"	50	"HiG"
"HiG_12"	35	"PJA1"	145	"HiG"
"HiG_12"	27	"FXYD6"	151	"HiG"
"HiG_12"	594	"DKC1"	62	"HiG"
"HiG_12"	2	"OAT"	184	"HiG"
"HiG_12"	0	"TAX1BP3"	248.5	"HiG"
"HiG_12"	0	"SPTSSA"	248.5	"HiG"
"HiG_12"	0	"LAPTM4A"	248.5	"HiG"
"HiG_12"	2	"ATP6V1F"	184	"HiG"
"HiG_12"	5103	"VIM"	4	"HiG"
"HiG_12"	21	"RRAS2"	154.5	"HiG"
"HiG_12"	0	"TPD52L1"	248.5	"HiG"
"HiG_12"	2364	"TRIM28"	11	"HiG"
"HiG_12"	0	"ARL3"	248.5	"HiG"
"HiG_12"	284	"GSTO1"	98	"HiG"
"HiG_12"	614	"SERBP1"	59	"HiG"
"HiG_12"	875	"PPA1"	48	"HiG"
"HiG_12"	43	"SNRPN"	141	"HiG"
"HiG_12"	2456	"HSPD1"	10	"HiG"
"HiG_12"	207	"ILF2"	112	"HiG"
"HiG_12"	0	"TOP1"	248.5	"HiG"
"HiG_12"	68	"IGF2"	136.5	"HiG"
"HiG_12"	728	"NRP1"	52	"HiG"
"HiG_12"	1544	"FN1"	17	"HiG"
"HiG_12"	2	"TEAD2"	184	"HiG"
"HiG_12"	1101	"KRT8"	35	"HiG"
"HiG_12"	0	"PTCH1"	248.5	"HiG"
"HiG_12"	1047	"APEX1"	38	"HiG"
"HiG_12"	354	"RANBP1"	78	"HiG"
"HiG_12"	0	"ARID3B"	248.5	"HiG"
"HiG_12"	0	"SLC2A1"	248.5	"HiG"
"HiG_12"	0	"BEX1"	248.5	"HiG"
"HiG_12"	925	"SPARC"	43	"HiG"
"HiG_12"	181	"HOXD9"	116	"HiG"
"HiG_12"	0	"GDI2"	248.5	"HiG"
"HiG_12"	342	"HMGN1"	82	"HiG"
"HiG_12"	0	"DOK4"	248.5	"HiG"
"HiG_12"	0	"MDK"	248.5	"HiG"
"HiG_12"	374	"MARCKS"	75	"HiG"
"HiG_12"	1282	"HOXC8"	24	"HiG"
"HiG_12"	94	"ARF4"	135	"HiG"
"HiG_12"	812	"HMGB2"	49	"HiG"
"HiG_12"	287	"HOXB8"	96	"HiG"
"HiG_12"	0	"PDIA4"	248.5	"HiG"
"HiG_12"	0	"PEG3"	248.5	"HiG"
"HiG_12"	1453	"CCT4"	19	"HiG"
"HiG_12"	1229	"CCT8"	28	"HiG"
"HiG_12"	194	"TPM4"	115	"HiG"
"HiG_12"	290	"CSRP2"	92	"HiG"
"HiG_12"	165	"PRDX1"	121.5	"HiG"
"HiG_12"	0	"MPZL1"	248.5	"HiG"
"HiG_12"	152	"CALD1"	126	"HiG"
"HiG_12"	0	"MT-ND1"	248.5	"HiG"
"HiG_12"	0	"SDC1"	248.5	"HiG"
"HiG_12"	367	"PSIP1"	76	"HiG"
"HiG_12"	0	"SNX6"	248.5	"HiG"
"HiG_12"	533	"TPM1"	66	"HiG"
"HiG_12"	276	"GNL3"	103	"HiG"
"HiG_12"	0	"SLBP"	248.5	"HiG"
"HiG_12"	513	"MSX2"	68	"HiG"
"HiG_12"	283	"EIF4A3"	100	"HiG"
"HiG_12"	1271	"DLK1"	27	"HiG"
"HiG_12"	6	"PCLAF"	174	"HiG"
"HiG_12"	462	"GMPS"	69	"HiG"
"HiG_12"	2264	"TUBA1A"	12	"HiG"
"HiG_12"	2	"TAGLN2"	184	"HiG"
"HiG_12"	3	"CKAP4"	180.5	"HiG"
"HiG_12"	157	"NOP10"	125	"HiG"
"HiG_12"	0	"MYL12B"	248.5	"HiG"
"HiG_12"	561	"NOP58"	65	"HiG"
"HiG_12"	10	"HELLS"	168	"HiG"
"HiG_12"	180	"NSUN2"	117	"HiG"
"HiG_12"	10	"CSRP1"	168	"HiG"
"HiG_12"	0	"PAIP2"	248.5	"HiG"
"HiG_12"	0	"TSC22D1"	248.5	"HiG"
"HiG_12"	137	"HOXC9"	128.5	"HiG"
"HiG_12"	339	"MEIS2"	83	"HiG"
"HiG_12"	0	"WDR12"	248.5	"HiG"
"HiG_12"	246	"RBP1"	107	"HiG"
"HiG_12"	134	"HAT1"	131	"HiG"
"HiG_12"	0	"MRTO4"	248.5	"HiG"
"HiG_12"	4	"CNN3"	177.5	"HiG"
"HiG_12"	1158	"SSB"	30	"HiG"
"HiG_12"	0	"LUZP1"	248.5	"HiG"
"HiG_12"	0	"SIVA1"	248.5	"HiG"
"HiG_12"	745	"RARG"	51	"HiG"
"HiG_12"	20	"PTK7"	156.5	"HiG"
"HiG_12"	0	"IER2"	248.5	"HiG"
"HiG_12"	357	"PRDX6"	77	"HiG"
"HiG_12"	3	"SOX4"	180.5	"HiG"
"HiG_12"	1103	"MYCN"	34	"HiG"
"HiG_12"	5906	"YWHAQ"	2	"HiG"
"HiG_12"	68	"IMPDH2"	136.5	"HiG"
"HiG_12"	260	"WDR77"	106	"HiG"
"HiG_12"	0	"CHCHD4"	248.5	"HiG"
"HiG_12"	0	"CRIP2"	248.5	"HiG"
"HiG_12"	7	"CRABP1"	173	"HiG"
"HiG_12"	4	"ODC1"	177.5	"HiG"
"HiG_12"	151	"NPM3"	127	"HiG"
"HiG_12"	0	"BBX"	248.5	"HiG"
"HiG_12"	973	"TWIST1"	40	"HiG"
"HiG_12"	1440	"BASP1"	20	"HiG"
"HiG_12"	27	"CNN2"	151	"HiG"
"HiG_12"	137	"RRS1"	128.5	"HiG"
"HiG_12"	347	"SLC25A4"	81	"HiG"
"HiG_12"	290	"LAPTM4B"	92	"HiG"
"HiG_12"	293	"SRM"	87	"HiG"
"HiG_12"	0	"HMGB3"	248.5	"HiG"
"HiG_12"	887	"SLC25A5"	45	"HiG"
"HiG_12"	0	"RAB34"	248.5	"HiG"
"HiG_12"	0	"PPP1R14A"	248.5	"HiG"
"HiG_12"	0	"PLP2"	248.5	"HiG"
"HiG_12"	5	"PPIC"	175	"HiG"
"HiG_12"	0	"PCBP4"	248.5	"HiG"
"HiG_12"	0	"TBCB"	248.5	"HiG"
"HiG_12"	615	"ARL4C"	58	"HiG"
"HiG_12"	0	"TUBB6"	248.5	"HiG"
"HiG_12"	0	"EEF1E1"	248.5	"HiG"
"HiG_12"	63	"TKT"	138	"HiG"
"HiG_12"	231	"TUBB4B"	110	"HiG"
"HiG_12"	1	"MARCKSL1"	187	"HiG"
"HiG_12"	8	"FERMT2"	172	"HiG"
"HiG_12"	4	"RBMS1"	177.5	"HiG"
"HiG_12"	284	"MTX2"	98	"HiG"
"HiG_12"	0	"RANGRF"	248.5	"HiG"
"HiG_12"	0	"CFL2"	248.5	"HiG"
"HiG_12"	0	"RCN2"	248.5	"HiG"
"HiG_12"	0	"TMSB10"	248.5	"HiG"
"HiG_12"	1277	"PSME2"	25	"HiG"
"HiG_12"	136	"DUSP9"	130	"HiG"
"HiG_12"	0	"BCAT1"	248.5	"HiG"
"HiG_12"	290	"MT-ND4"	92	"HiG"
"HiG_12"	34	"IGFBP2"	146	"HiG"
"HiG_12"	42	"CDX1"	142	"HiG"
"HiG_12"	39	"NECTIN2"	143.5	"HiG"
"HiG_12"	348	"PPID"	80	"HiG"
"HiG_12"	0	"ADK"	248.5	"HiG"
"HiG_12"	39	"TMBIM6"	143.5	"HiG"
"HiG_12"	0	"MT-CO3"	248.5	"HiG"
"HiG_12"	1151	"HOXA7"	32	"HiG"
"HiG_12"	15	"MTAP"	161.5	"HiG"
"HiG_12"	0	"UGDH"	248.5	"HiG"
"HiG_12"	337	"IGFBP4"	84	"HiG"
"HiG_12"	244	"SMS"	109	"HiG"
"HiG_12"	0	"UBE2R2"	248.5	"HiG"
"HiG_12"	279	"CDX4"	101	"HiG"
"HiG_12"	0	"GPX3"	248.5	"HiG"
"HiG_12"	133	"PMP22"	132	"HiG"
"HiG_12"	0	"LIMD2"	248.5	"HiG"
"HiG_12"	0	"YPEL3"	248.5	"HiG"
"HiG_12"	0	"TXNDC12"	248.5	"HiG"
"HiG_12"	0	"TNFAIP1"	248.5	"HiG"
"HiG_12"	0	"MANF"	248.5	"HiG"
"HiG_12"	0	"SELENOK"	248.5	"HiG"
"HiG_12"	0	"CDCA7"	248.5	"HiG"
"HiG_12"	0	"PLAC1"	248.5	"HiG"
"HiG_12"	0	"OAF"	248.5	"HiG"
"HiG_12"	0	"CFC1"	248.5	"HiG"
"HiG_12"	0	"EMB"	248.5	"HiG"
"HiG_12"	0	"TSPAN3"	248.5	"HiG"
"HiG_12"	0	"GPC3"	248.5	"HiG"
"HiG_12"	0	"MTCH1"	248.5	"HiG"
"HiG_12"	0	"FOXF1"	248.5	"HiG"
"HiG_12"	0	"FSTL1"	248.5	"HiG"
"HiG_12"	0	"WLS"	248.5	"HiG"
"HiG_12"	0	"ABRACL"	248.5	"HiG"
"HiG_12"	0	"TIMM8B"	248.5	"HiG"
"HiG_12"	0	"BEX4"	248.5	"HiG"
"HiG_12"	0	"OAZ2"	248.5	"HiG"
"HiG_12"	0	"GREB1"	248.5	"HiG"
"HiG_12"	0	"PHLDA2"	248.5	"HiG"
"HiG_12"	0	"SLC16A3"	248.5	"HiG"
"HiG_12"	165	"WNT5A"	121.5	"HiG"
"HiG_12"	0	"PRTG"	248.5	"HiG"
"HiG_12"	578	"SMTNL2"	63	"HiG"
"HiG_12"	21	"RBPMS2"	154.5	"HiG"
"HiG_12"	0	"SOX11"	248.5	"HiG"
"HiG_12"	0	"STARD3NL"	248.5	"HiG"
"HiG_12"	0	"MNS1"	248.5	"HiG"
"HiG_12"	0	"CMTM7"	248.5	"HiG"
"HiG_12"	0	"NKD1"	248.5	"HiG"
"HiG_12"	0	"SALL4"	248.5	"HiG"
"HiG_12"	574	"MT-ATP6"	64	"HiG"
"HiG_12"	284	"HOXB2"	98	"HiG"
"HiG_12"	4	"TMEM88"	177.5	"HiG"
"HiG_12"	0	"MEIS3"	248.5	"HiG"
"HiG_12"	0	"BRI3"	248.5	"HiG"
"HiG_12"	0	"TSPAN4"	248.5	"HiG"
"HiG_12"	0	"IFITM1"	248.5	"HiG"
"HiG_12"	290	"TSPAN6"	92	"HiG"
"HiG_12"	0	"SELENOH"	248.5	"HiG"
"HiG_12"	0	"VGLL4"	248.5	"HiG"
"HiG_12"	0	"PPDPF"	248.5	"HiG"
"HiG_12"	0	"TMEM158"	248.5	"HiG"
"HiG_12"	0	"PIGX"	248.5	"HiG"
"HiG_12"	0	"TGIF1"	248.5	"HiG"
"HiG_12"	0	"TCEAL8"	248.5	"HiG"
"HiG_12"	0	"SLC38A4"	248.5	"HiG"
"HiG_12"	719	"PRRX2"	54	"HiG"
"HiG_12"	0	"HOXD1"	248.5	"HiG"
"HiG_12"	0	"MOGAT2"	248.5	"HiG"
"HiG_12"	0	"ZFP36L1"	248.5	"HiG"
"HiG_12"	0	"WFDC2"	248.5	"HiG"
"HiG_14"	483	"CCNB1"	66	"HiG"
"HiG_14"	0	"P4HA2"	269	"HiG"
"HiG_14"	47	"ID3"	156	"HiG"
"HiG_14"	237	"AFDN"	110.5	"HiG"
"HiG_14"	369	"LEF1"	76	"HiG"
"HiG_14"	305	"SRSF9"	94.5	"HiG"
"HiG_14"	2	"ANP32A"	198	"HiG"
"HiG_14"	63	"MCM7"	150.5	"HiG"
"HiG_14"	678	"NGFR"	51	"HiG"
"HiG_14"	313	"APBB1"	87.5	"HiG"
"HiG_14"	1052	"NONO"	36	"HiG"
"HiG_14"	281	"MAGED1"	98	"HiG"
"HiG_14"	350	"NDN"	77	"HiG"
"HiG_14"	395	"ID2"	73	"HiG"
"HiG_14"	270	"CDKN1C"	101	"HiG"
"HiG_14"	732	"SERPINH1"	46	"HiG"
"HiG_14"	0	"CADM1"	269	"HiG"
"HiG_14"	625	"PEG10"	56.5	"HiG"
"HiG_14"	4726	"EIF4A1"	4	"HiG"
"HiG_14"	9	"GADD45G"	179.5	"HiG"
"HiG_14"	26	"CCNE1"	164	"HiG"
"HiG_14"	14	"ASF1A"	170.5	"HiG"
"HiG_14"	125	"CLIC1"	131.5	"HiG"
"HiG_14"	561	"BNIP3L"	61	"HiG"
"HiG_14"	725	"RBPMS"	47	"HiG"
"HiG_14"	1644	"HNRNPK"	17	"HiG"
"HiG_14"	98	"HOXB6"	139	"HiG"
"HiG_14"	0	"DCTPP1"	269	"HiG"
"HiG_14"	625	"BEX3"	56.5	"HiG"
"HiG_14"	40	"HOXA9"	158	"HiG"
"HiG_14"	4549	"KRT18"	6	"HiG"
"HiG_14"	0	"BAMBI"	269	"HiG"
"HiG_14"	0	"COX17"	269	"HiG"
"HiG_14"	7	"PDLIM4"	182.5	"HiG"
"HiG_14"	0	"PHLDA1"	269	"HiG"
"HiG_14"	104	"DUT"	138	"HiG"
"HiG_14"	0	"BEX2"	269	"HiG"
"HiG_14"	8	"RPS26"	181	"HiG"
"HiG_14"	0	"IMP3"	269	"HiG"
"HiG_14"	38	"GINS2"	159	"HiG"
"HiG_14"	0	"FTH1"	269	"HiG"
"HiG_14"	454	"PITX1"	69	"HiG"
"HiG_14"	630	"CALM2"	55	"HiG"
"HiG_14"	152	"CCND2"	127	"HiG"
"HiG_14"	2	"ARL6IP1"	198	"HiG"
"HiG_14"	331	"BNIP3"	82	"HiG"
"HiG_14"	124	"BCCIP"	133	"HiG"
"HiG_14"	313	"RTN4"	87.5	"HiG"
"HiG_14"	0	"NUP62CL"	269	"HiG"
"HiG_14"	0	"CTNNBIP1"	269	"HiG"
"HiG_14"	7371	"HSP90AB1"	3	"HiG"
"HiG_14"	0	"RP9"	269	"HiG"
"HiG_14"	11224	"HSPA5"	2	"HiG"
"HiG_14"	520	"SRRM2"	63	"HiG"
"HiG_14"	1597	"RUVBL2"	18	"HiG"
"HiG_14"	1124	"CDC20"	30	"HiG"
"HiG_14"	0	"TCEAL9"	269	"HiG"
"HiG_14"	0	"EIF4EBP1"	269	"HiG"
"HiG_14"	287	"LYAR"	96	"HiG"
"HiG_14"	132	"FKBP4"	130	"HiG"
"HiG_14"	1873	"EIF3M"	14	"HiG"
"HiG_14"	1954	"LGALS1"	12	"HiG"
"HiG_14"	0	"DEGS1"	269	"HiG"
"HiG_14"	82	"NASP"	143	"HiG"
"HiG_14"	279	"FBLN1"	99	"HiG"
"HiG_14"	0	"BZW2"	269	"HiG"
"HiG_14"	722	"GTPBP4"	48	"HiG"
"HiG_14"	335	"PAICS"	81	"HiG"
"HiG_14"	0	"BIRC5"	269	"HiG"
"HiG_14"	0	"MTHFD2"	269	"HiG"
"HiG_14"	1167	"FSCN1"	26	"HiG"
"HiG_14"	6	"TRA2B"	184.5	"HiG"
"HiG_14"	67	"NOLC1"	147.5	"HiG"
"HiG_14"	2460	"DNAJA1"	11	"HiG"
"HiG_14"	1675	"FBL"	16	"HiG"
"HiG_14"	0	"PPAN"	269	"HiG"
"HiG_14"	0	"DDT"	269	"HiG"
"HiG_14"	1202	"DDX5"	25	"HiG"
"HiG_14"	621	"SFXN1"	58	"HiG"
"HiG_14"	286	"EBNA1BP2"	97	"HiG"
"HiG_14"	754	"PA2G4"	44	"HiG"
"HiG_14"	436	"PDIA6"	70	"HiG"
"HiG_14"	0	"MEST"	269	"HiG"
"HiG_14"	2844	"NCL"	10	"HiG"
"HiG_14"	16722	"MYC"	1	"HiG"
"HiG_14"	79	"CBX1"	144	"HiG"
"HiG_14"	313	"SMAD7"	87.5	"HiG"
"HiG_14"	191	"CCND1"	121	"HiG"
"HiG_14"	954	"MAPK3"	39	"HiG"
"HiG_14"	13	"LSR"	172.5	"HiG"
"HiG_14"	0	"PTOV1"	269	"HiG"
"HiG_14"	326	"DDX39B"	83	"HiG"
"HiG_14"	1580	"MAP1B"	19	"HiG"
"HiG_14"	533	"TGFB1"	62	"HiG"
"HiG_14"	3293	"HSP90AA1"	8	"HiG"
"HiG_14"	313	"SELENOS"	87.5	"HiG"
"HiG_14"	0	"TSEN34"	269	"HiG"
"HiG_14"	236	"ID1"	112	"HiG"
"HiG_14"	1142	"KDR"	28	"HiG"
"HiG_14"	1953	"BMP4"	13	"HiG"
"HiG_14"	14	"ARPC1B"	170.5	"HiG"
"HiG_14"	3	"RNF128"	191.5	"HiG"
"HiG_14"	3	"HAND1"	191.5	"HiG"
"HiG_14"	0	"RALA"	269	"HiG"
"HiG_14"	35	"DBN1"	160	"HiG"
"HiG_14"	5	"JAM3"	186	"HiG"
"HiG_14"	248	"APOE"	105.5	"HiG"
"HiG_14"	666	"GJA1"	53	"HiG"
"HiG_14"	0	"GRB10"	269	"HiG"
"HiG_14"	138	"HMGA2"	129	"HiG"
"HiG_14"	2	"MAT2A"	198	"HiG"
"HiG_14"	0	"S100A10"	269	"HiG"
"HiG_14"	586	"RRM2"	60	"HiG"
"HiG_14"	12	"DEK"	174	"HiG"
"HiG_14"	517	"RBBP7"	64	"HiG"
"HiG_14"	2	"CDX2"	198	"HiG"
"HiG_14"	0	"HES1"	269	"HiG"
"HiG_14"	240	"MSX1"	109	"HiG"
"HiG_14"	698	"CD81"	49	"HiG"
"HiG_14"	0	"PJA1"	269	"HiG"
"HiG_14"	0	"ISYNA1"	269	"HiG"
"HiG_14"	899	"DKC1"	42	"HiG"
"HiG_14"	0	"OAT"	269	"HiG"
"HiG_14"	0	"TAX1BP3"	269	"HiG"
"HiG_14"	1120	"LAPTM4A"	31	"HiG"
"HiG_14"	2	"ATP6V1F"	198	"HiG"
"HiG_14"	1104	"VIM"	32	"HiG"
"HiG_14"	0	"KLF6"	269	"HiG"
"HiG_14"	0	"RRAS2"	269	"HiG"
"HiG_14"	0	"TPD52L1"	269	"HiG"
"HiG_14"	125	"TRIM28"	131.5	"HiG"
"HiG_14"	3985	"UBC"	7	"HiG"
"HiG_14"	0	"ARL3"	269	"HiG"
"HiG_14"	0	"GSTO1"	269	"HiG"
"HiG_14"	999	"PPA1"	37	"HiG"
"HiG_14"	0	"SNRPN"	269	"HiG"
"HiG_14"	4705	"HSPD1"	5	"HiG"
"HiG_14"	0	"PDGFA"	269	"HiG"
"HiG_14"	18	"PGF"	167	"HiG"
"HiG_14"	0	"POLR2H"	269	"HiG"
"HiG_14"	816	"ILF2"	43	"HiG"
"HiG_14"	0	"TOP1"	269	"HiG"
"HiG_14"	27	"IGF2"	163	"HiG"
"HiG_14"	3042	"FN1"	9	"HiG"
"HiG_14"	235	"PDIA3"	113	"HiG"
"HiG_14"	313	"TEAD2"	87.5	"HiG"
"HiG_14"	0	"KRT8"	269	"HiG"
"HiG_14"	973	"APEX1"	38	"HiG"
"HiG_14"	479	"RANBP1"	67	"HiG"
"HiG_14"	0	"BEX1"	269	"HiG"
"HiG_14"	86	"SPARC"	142	"HiG"
"HiG_14"	13	"HOXD9"	172.5	"HiG"
"HiG_14"	740	"GDI2"	45	"HiG"
"HiG_14"	0	"EFNB1"	269	"HiG"
"HiG_14"	3	"SH3GLB1"	191.5	"HiG"
"HiG_14"	2	"HMGN1"	198	"HiG"
"HiG_14"	0	"DOK4"	269	"HiG"
"HiG_14"	105	"MDK"	137	"HiG"
"HiG_14"	338	"MARCKS"	80	"HiG"
"HiG_14"	0	"IGF2R"	269	"HiG"
"HiG_14"	167	"HOXC8"	122	"HiG"
"HiG_14"	24	"ARF4"	165	"HiG"
"HiG_14"	610	"HMGB2"	59	"HiG"
"HiG_14"	120	"HOXB8"	135	"HiG"
"HiG_14"	0	"ISL1"	269	"HiG"
"HiG_14"	653	"PDIA4"	54	"HiG"
"HiG_14"	0	"PEG3"	269	"HiG"
"HiG_14"	53	"HOXA10"	153	"HiG"
"HiG_14"	1069	"CCT4"	34	"HiG"
"HiG_14"	1473	"CCT8"	20	"HiG"
"HiG_14"	75	"VAMP8"	146	"HiG"
"HiG_14"	910	"TPM4"	40	"HiG"
"HiG_14"	3	"CSRP2"	191.5	"HiG"
"HiG_14"	4	"PRDX1"	188	"HiG"
"HiG_14"	0	"MPZL1"	269	"HiG"
"HiG_14"	11	"CALD1"	175.5	"HiG"
"HiG_14"	0	"MT-ND1"	269	"HiG"
"HiG_14"	344	"SDC1"	78	"HiG"
"HiG_14"	0	"COX4I2"	269	"HiG"
"HiG_14"	258	"PSIP1"	103	"HiG"
"HiG_14"	1153	"TPM1"	27	"HiG"
"HiG_14"	1087	"GNL3"	33	"HiG"
"HiG_14"	148	"LMNB1"	128	"HiG"
"HiG_14"	7	"SLBP"	182.5	"HiG"
"HiG_14"	118	"MSX2"	136	"HiG"
"HiG_14"	1856	"EIF4A3"	15	"HiG"
"HiG_14"	1270	"DLK1"	24	"HiG"
"HiG_14"	0	"PCLAF"	269	"HiG"
"HiG_14"	313	"SNAI1"	87.5	"HiG"
"HiG_14"	0	"AMOT"	269	"HiG"
"HiG_14"	0	"GALK1"	269	"HiG"
"HiG_14"	0	"PPM1G"	269	"HiG"
"HiG_14"	1280	"TUBA1A"	23	"HiG"
"HiG_14"	47	"TAGLN2"	156	"HiG"
"HiG_14"	672	"CKAP4"	52	"HiG"
"HiG_14"	0	"NOP10"	269	"HiG"
"HiG_14"	122	"NHP2"	134	"HiG"
"HiG_14"	0	"MYL12B"	269	"HiG"
"HiG_14"	52	"HELLS"	154	"HiG"
"HiG_14"	65	"NSUN2"	149	"HiG"
"HiG_14"	476	"CSRP1"	68	"HiG"
"HiG_14"	0	"PAIP2"	269	"HiG"
"HiG_14"	31	"TBX3"	161	"HiG"
"HiG_14"	0	"TSC22D1"	269	"HiG"
"HiG_14"	0	"HOXC9"	269	"HiG"
"HiG_14"	0	"ETV2"	269	"HiG"
"HiG_14"	63	"MRPL12"	150.5	"HiG"
"HiG_14"	92	"SUV39H1"	140	"HiG"
"HiG_14"	256	"HAT1"	104	"HiG"
"HiG_14"	0	"IDH3A"	269	"HiG"
"HiG_14"	246	"MRTO4"	107	"HiG"
"HiG_14"	1	"CNN3"	203.5	"HiG"
"HiG_14"	691	"SSB"	50	"HiG"
"HiG_14"	0	"LUZP1"	269	"HiG"
"HiG_14"	2	"SDF2L1"	198	"HiG"
"HiG_14"	397	"NOP56"	72	"HiG"
"HiG_14"	0	"IER2"	269	"HiG"
"HiG_14"	225	"SOX4"	116	"HiG"
"HiG_14"	1312	"MYCN"	22	"HiG"
"HiG_14"	308	"IMPDH2"	93	"HiG"
"HiG_14"	0	"CHCHD4"	269	"HiG"
"HiG_14"	0	"CRIP2"	269	"HiG"
"HiG_14"	0	"TTC3"	269	"HiG"
"HiG_14"	0	"CRABP1"	269	"HiG"
"HiG_14"	515	"ODC1"	65	"HiG"
"HiG_14"	163	"GPX1"	125	"HiG"
"HiG_14"	0	"NPM3"	269	"HiG"
"HiG_14"	0	"BBX"	269	"HiG"
"HiG_14"	1056	"TWIST1"	35	"HiG"
"HiG_14"	0	"CDV3"	269	"HiG"
"HiG_14"	165	"BASP1"	124	"HiG"
"HiG_14"	0	"CNN2"	269	"HiG"
"HiG_14"	268	"RSL1D1"	102	"HiG"
"HiG_14"	196	"RRS1"	120	"HiG"
"HiG_14"	1375	"SLC25A4"	21	"HiG"
"HiG_14"	0	"PCGF5"	269	"HiG"
"HiG_14"	4	"LAPTM4B"	188	"HiG"
"HiG_14"	10	"SRM"	177.5	"HiG"
"HiG_14"	0	"HMGB3"	269	"HiG"
"HiG_14"	1139	"SLC25A5"	29	"HiG"
"HiG_14"	0	"PGP"	269	"HiG"
"HiG_14"	0	"PPP1R14A"	269	"HiG"
"HiG_14"	0	"PLP2"	269	"HiG"
"HiG_14"	0	"PPIC"	269	"HiG"
"HiG_14"	0	"PCBP4"	269	"HiG"
"HiG_14"	0	"TBCB"	269	"HiG"
"HiG_14"	311	"TUBB6"	92	"HiG"
"HiG_14"	0	"EEF1E1"	269	"HiG"
"HiG_14"	205	"TKT"	118	"HiG"
"HiG_14"	900	"TUBB4B"	41	"HiG"
"HiG_14"	0	"MARCKSL1"	269	"HiG"
"HiG_14"	11	"FERMT2"	175.5	"HiG"
"HiG_14"	0	"FAM162A"	269	"HiG"
"HiG_14"	6	"RBMS1"	184.5	"HiG"
"HiG_14"	222	"MTX2"	117	"HiG"
"HiG_14"	2	"RANGRF"	198	"HiG"
"HiG_14"	248	"RDX"	105.5	"HiG"
"HiG_14"	0	"CFL2"	269	"HiG"
"HiG_14"	0	"RCN2"	269	"HiG"
"HiG_14"	1	"TMSB10"	203.5	"HiG"
"HiG_14"	9	"SH3BGRL3"	179.5	"HiG"
"HiG_14"	372	"PSME2"	75	"HiG"
"HiG_14"	4	"DUSP9"	188	"HiG"
"HiG_14"	0	"KRCC1"	269	"HiG"
"HiG_14"	0	"MORC4"	269	"HiG"
"HiG_14"	29	"LMAN2"	162	"HiG"
"HiG_14"	305	"MT-ND4"	94.5	"HiG"
"HiG_14"	401	"PPID"	71	"HiG"
"HiG_14"	18	"MT-CO3"	167	"HiG"
"HiG_14"	343	"HOXA7"	79	"HiG"
"HiG_14"	89	"MTAP"	141	"HiG"
"HiG_14"	0	"UGDH"	269	"HiG"
"HiG_14"	0	"RSRP1"	269	"HiG"
"HiG_14"	47	"IGFBP4"	156	"HiG"
"HiG_14"	0	"UBE2R2"	269	"HiG"
"HiG_14"	16	"CDX4"	169	"HiG"
"HiG_14"	229	"RHOC"	114	"HiG"
"HiG_14"	2	"GPX3"	198	"HiG"
"HiG_14"	159	"ITM2A"	126	"HiG"
"HiG_14"	226	"PMP22"	115	"HiG"
"HiG_14"	0	"LIMD2"	269	"HiG"
"HiG_14"	313	"EVA1B"	87.5	"HiG"
"HiG_14"	0	"YPEL3"	269	"HiG"
"HiG_14"	237	"TXNDC12"	110.5	"HiG"
"HiG_14"	0	"TNFAIP1"	269	"HiG"
"HiG_14"	0	"MANF"	269	"HiG"
"HiG_14"	0	"SELENOK"	269	"HiG"
"HiG_14"	0	"CDCA7"	269	"HiG"
"HiG_14"	0	"PLAC1"	269	"HiG"
"HiG_14"	0	"CCDC34"	269	"HiG"
"HiG_14"	0	"TSPAN3"	269	"HiG"
"HiG_14"	76	"GPC3"	145	"HiG"
"HiG_14"	0	"MTCH1"	269	"HiG"
"HiG_14"	18	"FOXF1"	167	"HiG"
"HiG_14"	10	"FSTL1"	177.5	"HiG"
"HiG_14"	0	"NUDT9"	269	"HiG"
"HiG_14"	0	"SSR2"	269	"HiG"
"HiG_14"	0	"RSPO3"	269	"HiG"
"HiG_14"	0	"BEX4"	269	"HiG"
"HiG_14"	0	"OAZ2"	269	"HiG"
"HiG_14"	0	"GREB1"	269	"HiG"
"HiG_14"	0	"PHLDA2"	269	"HiG"
"HiG_14"	0	"SLC16A3"	269	"HiG"
"HiG_14"	67	"PLPP3"	147.5	"HiG"
"HiG_14"	57	"WNT5A"	152	"HiG"
"HiG_14"	0	"SGCE"	269	"HiG"
"HiG_14"	0	"CAPN6"	269	"HiG"
"HiG_14"	0	"LPAR4"	269	"HiG"
"HiG_14"	0	"SMTNL2"	269	"HiG"
"HiG_14"	166	"RBPMS2"	123	"HiG"
"HiG_14"	0	"SOX11"	269	"HiG"
"HiG_14"	0	"STARD3NL"	269	"HiG"
"HiG_14"	0	"CMTM7"	269	"HiG"
"HiG_14"	0	"SALL4"	269	"HiG"
"HiG_14"	275	"MT-ATP6"	100	"HiG"
"HiG_14"	0	"TMEM88"	269	"HiG"
"HiG_14"	0	"BRI3"	269	"HiG"
"HiG_14"	0	"TBRG1"	269	"HiG"
"HiG_14"	313	"TSPAN4"	87.5	"HiG"
"HiG_14"	0	"TMEM119"	269	"HiG"
"HiG_14"	245	"VCAN"	108	"HiG"
"HiG_14"	380	"IFITM1"	74	"HiG"
"HiG_14"	0	"SELENOH"	269	"HiG"
"HiG_14"	0	"RGS5"	269	"HiG"
"HiG_14"	0	"VGLL4"	269	"HiG"
"HiG_14"	0	"TWIST2"	269	"HiG"
"HiG_14"	0	"NUDT4"	269	"HiG"
"HiG_14"	0	"TMEM158"	269	"HiG"
"HiG_14"	0	"PIGX"	269	"HiG"
"HiG_14"	0	"TCEAL8"	269	"HiG"
"HiG_14"	0	"SLC38A4"	269	"HiG"
"HiG_14"	203	"PRRX2"	119	"HiG"
"HiG_14"	0	"MOGAT2"	269	"HiG"
"HiG_17"	479	"FLNC"	121	"HiG"
"HiG_17"	1173	"ACTN2"	63	"HiG"
"HiG_17"	4168	"ALDOA"	20	"HiG"
"HiG_17"	0	"CITED2"	396.5	"HiG"
"HiG_17"	10	"ANXA5"	290	"HiG"
"HiG_17"	11	"FDPS"	288.5	"HiG"
"HiG_17"	1767	"GABARAP"	40	"HiG"
"HiG_17"	588	"EIF3E"	95	"HiG"
"HiG_17"	82	"ID3"	231	"HiG"
"HiG_17"	414	"AFDN"	153	"HiG"
"HiG_17"	14	"ANP32A"	283.5	"HiG"
"HiG_17"	2143	"FHL2"	33	"HiG"
"HiG_17"	1048	"FOS"	67	"HiG"
"HiG_17"	498	"FKBP1A"	114	"HiG"
"HiG_17"	47	"TCAP"	252	"HiG"
"HiG_17"	934	"TNNC1"	75	"HiG"
"HiG_17"	50	"NONO"	249	"HiG"
"HiG_17"	156	"MAGED1"	203.5	"HiG"
"HiG_17"	11	"YAF2"	288.5	"HiG"
"HiG_17"	100	"DAB2"	218	"HiG"
"HiG_17"	1248	"NDN"	58	"HiG"
"HiG_17"	483	"ID2"	120	"HiG"
"HiG_17"	0	"CDKN1C"	396.5	"HiG"
"HiG_17"	378	"SERPINH1"	156	"HiG"
"HiG_17"	0	"F11R"	396.5	"HiG"
"HiG_17"	0	"CADM1"	396.5	"HiG"
"HiG_17"	7167	"ILK"	7	"HiG"
"HiG_17"	2657	"EIF4A1"	28	"HiG"
"HiG_17"	302	"BTG1"	169	"HiG"
"HiG_17"	211	"GRHPR"	182.5	"HiG"
"HiG_17"	842	"PRDX4"	85	"HiG"
"HiG_17"	0	"GADD45G"	396.5	"HiG"
"HiG_17"	212	"P4HB"	181	"HiG"
"HiG_17"	0	"BOK"	396.5	"HiG"
"HiG_17"	6344	"HSPB1"	10	"HiG"
"HiG_17"	0	"MT-ND2"	396.5	"HiG"
"HiG_17"	181	"TNNI3"	193	"HiG"
"HiG_17"	1170	"CLIC1"	64	"HiG"
"HiG_17"	322	"BNIP3L"	165	"HiG"
"HiG_17"	0	"MAGEH1"	396.5	"HiG"
"HiG_17"	1012	"MYL6"	71	"HiG"
"HiG_17"	1197	"RBPMS"	61	"HiG"
"HiG_17"	459	"ITM2C"	128	"HiG"
"HiG_17"	1498	"HNRNPK"	48	"HiG"
"HiG_17"	415	"BEX3"	152	"HiG"
"HiG_17"	49	"PDLIM7"	250	"HiG"
"HiG_17"	876	"KRT18"	83	"HiG"
"HiG_17"	0	"BAMBI"	396.5	"HiG"
"HiG_17"	63	"KRT19"	242	"HiG"
"HiG_17"	0	"COX17"	396.5	"HiG"
"HiG_17"	1404	"ACTN1"	50	"HiG"
"HiG_17"	0	"PHLDA1"	396.5	"HiG"
"HiG_17"	0	"BEX2"	396.5	"HiG"
"HiG_17"	1007	"JUP"	72	"HiG"
"HiG_17"	19	"HSPB7"	277	"HiG"
"HiG_17"	193	"DUSP6"	189	"HiG"
"HiG_17"	95	"ARHGAP1"	222	"HiG"
"HiG_17"	325	"RTN3"	163	"HiG"
"HiG_17"	1692	"CALM2"	42	"HiG"
"HiG_17"	0	"HSBP1"	396.5	"HiG"
"HiG_17"	497	"DDAH2"	115.5	"HiG"
"HiG_17"	882	"ARL6IP1"	82	"HiG"
"HiG_17"	0	"PAFAH1B3"	396.5	"HiG"
"HiG_17"	244	"PDLIM1"	179	"HiG"
"HiG_17"	1175	"VASP"	62	"HiG"
"HiG_17"	97	"BNIP3"	220	"HiG"
"HiG_17"	13	"CKB"	285	"HiG"
"HiG_17"	0	"CDKN2D"	396.5	"HiG"
"HiG_17"	2987	"RTN4"	26	"HiG"
"HiG_17"	281	"RBFOX2"	172	"HiG"
"HiG_17"	153	"PDLIM5"	205	"HiG"
"HiG_17"	98	"PSME1"	219	"HiG"
"HiG_17"	6078	"JUN"	12	"HiG"
"HiG_17"	0	"CCK"	396.5	"HiG"
"HiG_17"	2035	"HDAC1"	36	"HiG"
"HiG_17"	16682	"HSPA5"	1	"HiG"
"HiG_17"	1112	"KIF5B"	66	"HiG"
"HiG_17"	270	"EIF1B"	174	"HiG"
"HiG_17"	64	"MORF4L2"	240.5	"HiG"
"HiG_17"	6	"TCEAL9"	301	"HiG"
"HiG_17"	0	"EIF4EBP1"	396.5	"HiG"
"HiG_17"	516	"DSTN"	113	"HiG"
"HiG_17"	194	"PPP1CB"	188	"HiG"
"HiG_17"	1323	"EIF3M"	53	"HiG"
"HiG_17"	586	"LGALS1"	96	"HiG"
"HiG_17"	447	"CYCS"	145	"HiG"
"HiG_17"	0	"RGS10"	396.5	"HiG"
"HiG_17"	12	"MYH7"	286.5	"HiG"
"HiG_17"	561	"BAG2"	100	"HiG"
"HiG_17"	0	"DEGS1"	396.5	"HiG"
"HiG_17"	209	"FBLN1"	184	"HiG"
"HiG_17"	0	"BZW2"	396.5	"HiG"
"HiG_17"	31	"AK1"	267	"HiG"
"HiG_17"	150	"ATP2A2"	206.5	"HiG"
"HiG_17"	24	"DYNLL1"	273	"HiG"
"HiG_17"	176	"MT-CO2"	195	"HiG"
"HiG_17"	46	"DNAJB11"	253	"HiG"
"HiG_17"	7	"SSR3"	297.5	"HiG"
"HiG_17"	11905	"GAPDH"	3	"HiG"
"HiG_17"	0	"ATXN10"	396.5	"HiG"
"HiG_17"	448	"ANXA2"	144	"HiG"
"HiG_17"	2459	"DNAJA1"	30	"HiG"
"HiG_17"	452	"GNAS"	132	"HiG"
"HiG_17"	2	"DDT"	312	"HiG"
"HiG_17"	543	"DDX5"	106	"HiG"
"HiG_17"	170	"G3BP2"	199	"HiG"
"HiG_17"	0	"PSPH"	396.5	"HiG"
"HiG_17"	1998	"PDIA6"	37	"HiG"
"HiG_17"	0	"MEST"	396.5	"HiG"
"HiG_17"	3359	"ACTA1"	23	"HiG"
"HiG_17"	696	"BCR"	90	"HiG"
"HiG_17"	306	"CTNNA1"	168	"HiG"
"HiG_17"	2054	"GATA4"	34	"HiG"
"HiG_17"	0	"LSR"	396.5	"HiG"
"HiG_17"	604	"PKP2"	93	"HiG"
"HiG_17"	0	"PTOV1"	396.5	"HiG"
"HiG_17"	575	"CDH2"	98	"HiG"
"HiG_17"	34	"BMP7"	262	"HiG"
"HiG_17"	6153	"ENO1"	11	"HiG"
"HiG_17"	0	"DDX39B"	396.5	"HiG"
"HiG_17"	555	"MAP1B"	101	"HiG"
"HiG_17"	44	"TGFB2"	255.5	"HiG"
"HiG_17"	449	"SELENOS"	142.5	"HiG"
"HiG_17"	0	"TSEN34"	396.5	"HiG"
"HiG_17"	2043	"ATP1A1"	35	"HiG"
"HiG_17"	550	"ID1"	104	"HiG"
"HiG_17"	495	"NEBL"	117	"HiG"
"HiG_17"	0	"RAMP1"	396.5	"HiG"
"HiG_17"	0	"SMARCD3"	396.5	"HiG"
"HiG_17"	0	"HAND1"	396.5	"HiG"
"HiG_17"	1029	"ATP1B1"	69	"HiG"
"HiG_17"	4272	"HSPB2"	17	"HiG"
"HiG_17"	2648	"PFN1"	29	"HiG"
"HiG_17"	0	"ANKRD1"	396.5	"HiG"
"HiG_17"	441	"RALA"	149	"HiG"
"HiG_17"	441	"PFN2"	149	"HiG"
"HiG_17"	41	"CST3"	257.5	"HiG"
"HiG_17"	323	"APOE"	164	"HiG"
"HiG_17"	5	"LRPAP1"	305	"HiG"
"HiG_17"	1729	"NKX2-5"	41	"HiG"
"HiG_17"	0	"CCDC141"	396.5	"HiG"
"HiG_17"	111	"ANK3"	215	"HiG"
"HiG_17"	0	"SAP30"	396.5	"HiG"
"HiG_17"	637	"MYBPC3"	92	"HiG"
"HiG_17"	9734	"ACTC1"	5	"HiG"
"HiG_17"	21	"FABP3"	275	"HiG"
"HiG_17"	333	"GRB10"	160	"HiG"
"HiG_17"	191	"HMGA2"	190	"HiG"
"HiG_17"	4775	"ITGB1"	15	"HiG"
"HiG_17"	6528	"HSP90B1"	8	"HiG"
"HiG_17"	1688	"RBBP7"	43	"HiG"
"HiG_17"	457	"RRAD"	129.5	"HiG"
"HiG_17"	451	"ANXA6"	137	"HiG"
"HiG_17"	754	"CD81"	88	"HiG"
"HiG_17"	18	"CAPNS1"	279	"HiG"
"HiG_17"	3	"ISYNA1"	309	"HiG"
"HiG_17"	84	"IVNS1ABP"	229.5	"HiG"
"HiG_17"	321	"MDH1"	166	"HiG"
"HiG_17"	0	"PRSS23"	396.5	"HiG"
"HiG_17"	0	"TAX1BP3"	396.5	"HiG"
"HiG_17"	0	"LAPTM4A"	396.5	"HiG"
"HiG_17"	0	"ANXA3"	396.5	"HiG"
"HiG_17"	21	"ATP6V1F"	275	"HiG"
"HiG_17"	1518	"VIM"	47	"HiG"
"HiG_17"	0	"KLF6"	396.5	"HiG"
"HiG_17"	156	"CRIP1"	203.5	"HiG"
"HiG_17"	131	"RRAS2"	209	"HiG"
"HiG_17"	17	"TPD52L1"	281	"HiG"
"HiG_17"	12049	"UBC"	2	"HiG"
"HiG_17"	520	"ARL3"	110	"HiG"
"HiG_17"	0	"PDCD5"	396.5	"HiG"
"HiG_17"	0	"SNRPN"	396.5	"HiG"
"HiG_17"	275	"ARPC5"	173	"HiG"
"HiG_17"	4192	"CRYAB"	19	"HiG"
"HiG_17"	1492	"CD9"	49	"HiG"
"HiG_17"	441	"DES"	149	"HiG"
"HiG_17"	169	"CSRP3"	200	"HiG"
"HiG_17"	866	"MEF2C"	84	"HiG"
"HiG_17"	4	"COL2A1"	307.5	"HiG"
"HiG_17"	96	"ARPC2"	221	"HiG"
"HiG_17"	41	"JUND"	257.5	"HiG"
"HiG_17"	1014	"RYR2"	70	"HiG"
"HiG_17"	204	"IGF2"	185	"HiG"
"HiG_17"	55	"DAG1"	246	"HiG"
"HiG_17"	1122	"PDIA3"	65	"HiG"
"HiG_17"	451	"TEAD2"	137	"HiG"
"HiG_17"	894	"KRT8"	80	"HiG"
"HiG_17"	6	"VAMP2"	301	"HiG"
"HiG_17"	0	"WBP2"	396.5	"HiG"
"HiG_17"	0	"CYBA"	396.5	"HiG"
"HiG_17"	130	"ALCAM"	210	"HiG"
"HiG_17"	32	"ARID3B"	265.5	"HiG"
"HiG_17"	48	"GRB14"	251	"HiG"
"HiG_17"	8	"SLC2A1"	295	"HiG"
"HiG_17"	0	"SSBP2"	396.5	"HiG"
"HiG_17"	493	"HNRNPA2B1"	118.5	"HiG"
"HiG_17"	0	"BEX1"	396.5	"HiG"
"HiG_17"	576	"IGFBP5"	97	"HiG"
"HiG_17"	252	"SPARC"	177	"HiG"
"HiG_17"	7	"GDI2"	297.5	"HiG"
"HiG_17"	172	"SH3GLB1"	198	"HiG"
"HiG_17"	301	"TGFB1I1"	170	"HiG"
"HiG_17"	251	"HMGN1"	178	"HiG"
"HiG_17"	0	"DOK4"	396.5	"HiG"
"HiG_17"	0	"ARL4A"	396.5	"HiG"
"HiG_17"	75	"MDK"	235	"HiG"
"HiG_17"	9	"TRIM54"	292	"HiG"
"HiG_17"	0	"PAM"	396.5	"HiG"
"HiG_17"	35	"PODXL"	261	"HiG"
"HiG_17"	51	"IGF2R"	248	"HiG"
"HiG_17"	160	"ARF4"	201	"HiG"
"HiG_17"	0	"DUSP1"	396.5	"HiG"
"HiG_17"	462	"RASSF5"	126	"HiG"
"HiG_17"	518	"FBXO32"	111.5	"HiG"
"HiG_17"	21	"MMP14"	275	"HiG"
"HiG_17"	955	"PDIA4"	74	"HiG"
"HiG_17"	36	"ARL6IP5"	260	"HiG"
"HiG_17"	0	"PEG3"	396.5	"HiG"
"HiG_17"	5487	"PRNP"	14	"HiG"
"HiG_17"	3204	"CCT4"	24	"HiG"
"HiG_17"	1613	"CCT8"	44	"HiG"
"HiG_17"	355	"CNN1"	158	"HiG"
"HiG_17"	0	"FBN2"	396.5	"HiG"
"HiG_17"	66	"STX7"	238.5	"HiG"
"HiG_17"	0	"GDE1"	396.5	"HiG"
"HiG_17"	0	"RAB6A"	396.5	"HiG"
"HiG_17"	4270	"TPM4"	18	"HiG"
"HiG_17"	6	"CSRP2"	301	"HiG"
"HiG_17"	456	"GATA5"	131	"HiG"
"HiG_17"	18	"GATA6"	279	"HiG"
"HiG_17"	497	"MYL2"	115.5	"HiG"
"HiG_17"	0	"SH3BP1"	396.5	"HiG"
"HiG_17"	898	"FHL1"	78	"HiG"
"HiG_17"	885	"PRDX1"	81	"HiG"
"HiG_17"	0	"MPZL1"	396.5	"HiG"
"HiG_17"	0	"IRX4"	396.5	"HiG"
"HiG_17"	906	"CALD1"	77	"HiG"
"HiG_17"	468	"MT-ND1"	123	"HiG"
"HiG_17"	0	"HOMER2"	396.5	"HiG"
"HiG_17"	3924	"ACTA2"	21	"HiG"
"HiG_17"	0	"COX4I2"	396.5	"HiG"
"HiG_17"	0	"FGF8"	396.5	"HiG"
"HiG_17"	113	"PSIP1"	213	"HiG"
"HiG_17"	254	"TNNT2"	176	"HiG"
"HiG_17"	11426	"TPM1"	4	"HiG"
"HiG_17"	427	"COL18A1"	151	"HiG"
"HiG_17"	173	"SNX3"	196.5	"HiG"
"HiG_17"	0	"MPHOSPH8"	396.5	"HiG"
"HiG_17"	1909	"PKM"	38	"HiG"
"HiG_17"	1780	"ENO3"	39	"HiG"
"HiG_17"	0	"ASB4"	396.5	"HiG"
"HiG_17"	0	"TIMM17A"	396.5	"HiG"
"HiG_17"	0	"GALK1"	396.5	"HiG"
"HiG_17"	1534	"GPX4"	45	"HiG"
"HiG_17"	0	"PGAM2"	396.5	"HiG"
"HiG_17"	187	"JOSD2"	191.5	"HiG"
"HiG_17"	5995	"TUBA1A"	13	"HiG"
"HiG_17"	457	"TXNL1"	129.5	"HiG"
"HiG_17"	897	"CKAP4"	79	"HiG"
"HiG_17"	464	"DCP1B"	124	"HiG"
"HiG_17"	0	"ATXN7L3B"	396.5	"HiG"
"HiG_17"	44	"PFKL"	255.5	"HiG"
"HiG_17"	518	"MAGED2"	111.5	"HiG"
"HiG_17"	962	"PGK1"	73	"HiG"
"HiG_17"	61	"CSRP1"	244	"HiG"
"HiG_17"	537	"MYL9"	108	"HiG"
"HiG_17"	173	"ASB2"	196.5	"HiG"
"HiG_17"	0	"PRKAG2"	396.5	"HiG"
"HiG_17"	6	"HADH"	301	"HiG"
"HiG_17"	289	"PFKP"	171	"HiG"
"HiG_17"	6382	"YWHAE"	9	"HiG"
"HiG_17"	0	"TSC22D1"	396.5	"HiG"
"HiG_17"	356	"CAP2"	157	"HiG"
"HiG_17"	444	"CCDC88A"	147	"HiG"
"HiG_17"	32	"ARHGAP31"	265.5	"HiG"
"HiG_17"	1327	"HDGF"	52	"HiG"
"HiG_17"	0	"MEIS2"	396.5	"HiG"
"HiG_17"	0	"XBP1"	396.5	"HiG"
"HiG_17"	0	"PPP1R14C"	396.5	"HiG"
"HiG_17"	232	"IDH3A"	180	"HiG"
"HiG_17"	115	"CNN3"	212	"HiG"
"HiG_17"	924	"SSB"	76	"HiG"
"HiG_17"	117	"PRDX3"	211	"HiG"
"HiG_17"	66	"MFGE8"	238.5	"HiG"
"HiG_17"	71	"ITM2B"	237	"HiG"
"HiG_17"	0	"HIGD1A"	396.5	"HiG"
"HiG_17"	0	"LPP"	396.5	"HiG"
"HiG_17"	0	"IER2"	396.5	"HiG"
"HiG_17"	2334	"TPI1"	31	"HiG"
"HiG_17"	2934	"PRDX2"	27	"HiG"
"HiG_17"	3810	"TTN"	22	"HiG"
"HiG_17"	7432	"YWHAQ"	6	"HiG"
"HiG_17"	84	"MYL3"	229.5	"HiG"
"HiG_17"	187	"TNNI1"	191.5	"HiG"
"HiG_17"	330	"SOD2"	162	"HiG"
"HiG_17"	0	"MRPL36"	396.5	"HiG"
"HiG_17"	4	"SURF4"	307.5	"HiG"
"HiG_17"	0	"DBI"	396.5	"HiG"
"HiG_17"	538	"CRIP2"	107	"HiG"
"HiG_17"	0	"CRABP1"	396.5	"HiG"
"HiG_17"	1247	"REEP5"	59	"HiG"
"HiG_17"	1	"NPM3"	316	"HiG"
"HiG_17"	764	"SVIL"	87	"HiG"
"HiG_17"	1265	"TLN1"	56	"HiG"
"HiG_17"	0	"DDAH1"	396.5	"HiG"
"HiG_17"	0	"EFHD2"	396.5	"HiG"
"HiG_17"	80	"CPOX"	233	"HiG"
"HiG_17"	0	"CNN2"	396.5	"HiG"
"HiG_17"	78	"FDX1"	234	"HiG"
"HiG_17"	4433	"SLC25A4"	16	"HiG"
"HiG_17"	60	"PCGF5"	245	"HiG"
"HiG_17"	1	"MYL12A"	316	"HiG"
"HiG_17"	28	"LAPTM4B"	268.5	"HiG"
"HiG_17"	470	"PALLD"	122	"HiG"
"HiG_17"	463	"MIF"	125	"HiG"
"HiG_17"	90	"LDHB"	224.5	"HiG"
"HiG_17"	0	"AKR1A1"	396.5	"HiG"
"HiG_17"	196	"PGM2"	186.5	"HiG"
"HiG_17"	657	"TAGLN"	91	"HiG"
"HiG_17"	1207	"SLC25A5"	60	"HiG"
"HiG_17"	0	"MOB1B"	396.5	"HiG"
"HiG_17"	0	"PLP2"	396.5	"HiG"
"HiG_17"	0	"PPIC"	396.5	"HiG"
"HiG_17"	0	"TBCB"	396.5	"HiG"
"HiG_17"	0	"CCDC107"	396.5	"HiG"
"HiG_17"	0	"FBXL22"	396.5	"HiG"
"HiG_17"	73	"TUBB6"	236	"HiG"
"HiG_17"	388	"MT-CO1"	154	"HiG"
"HiG_17"	159	"UQCRB"	202	"HiG"
"HiG_17"	570	"TUBB4B"	99	"HiG"
"HiG_17"	1250	"VDAC1"	57	"HiG"
"HiG_17"	0	"MARCKSL1"	396.5	"HiG"
"HiG_17"	493	"FERMT2"	118.5	"HiG"
"HiG_17"	1269	"TPM2"	55	"HiG"
"HiG_17"	532	"MYL1"	109	"HiG"
"HiG_17"	33	"NENF"	263.5	"HiG"
"HiG_17"	12	"FAM162A"	286.5	"HiG"
"HiG_17"	0	"LRRC42"	396.5	"HiG"
"HiG_17"	460	"TMEM9"	127	"HiG"
"HiG_17"	89	"CFL2"	226	"HiG"
"HiG_17"	0	"RCN2"	396.5	"HiG"
"HiG_17"	88	"TMSB10"	227	"HiG"
"HiG_17"	331	"ETFB"	161	"HiG"
"HiG_17"	180	"PSME2"	194	"HiG"
"HiG_17"	53	"RSU1"	247	"HiG"
"HiG_17"	3104	"UBB"	25	"HiG"
"HiG_17"	0	"MSMO1"	396.5	"HiG"
"HiG_17"	0	"ADD3"	396.5	"HiG"
"HiG_17"	0	"KRCC1"	396.5	"HiG"
"HiG_17"	705	"MYL4"	89	"HiG"
"HiG_17"	5	"SRI"	305	"HiG"
"HiG_17"	380	"SPEG"	155	"HiG"
"HiG_17"	451	"NID2"	137	"HiG"
"HiG_17"	14	"BCAT1"	283.5	"HiG"
"HiG_17"	110	"TMED9"	216.5	"HiG"
"HiG_17"	27	"TECR"	270	"HiG"
"HiG_17"	2	"MPPED2"	312	"HiG"
"HiG_17"	316	"MT-ND4"	167	"HiG"
"HiG_17"	0	"GLIPR2"	396.5	"HiG"
"HiG_17"	0	"ATP6V0B"	396.5	"HiG"
"HiG_17"	598	"NECTIN2"	94	"HiG"
"HiG_17"	0	"NEXN"	396.5	"HiG"
"HiG_17"	0	"PLA2G12A"	396.5	"HiG"
"HiG_17"	5	"ADK"	305	"HiG"
"HiG_17"	353	"TMBIM6"	159	"HiG"
"HiG_17"	446	"MT-CO3"	146	"HiG"
"HiG_17"	0	"DDC"	396.5	"HiG"
"HiG_17"	1320	"IDH2"	54	"HiG"
"HiG_17"	0	"UGDH"	396.5	"HiG"
"HiG_17"	0	"RBM38"	396.5	"HiG"
"HiG_17"	0	"RSRP1"	396.5	"HiG"
"HiG_17"	26	"KCNMB1"	271.5	"HiG"
"HiG_17"	551	"CMAS"	103	"HiG"
"HiG_17"	451	"SMYD1"	137	"HiG"
"HiG_17"	0	"EHBP1L1"	396.5	"HiG"
"HiG_17"	451	"SMS"	137	"HiG"
"HiG_17"	0	"UGP2"	396.5	"HiG"
"HiG_17"	777	"NDUFA8"	86	"HiG"
"HiG_17"	91	"LGMN"	223	"HiG"
"HiG_17"	133	"TMSB4X"	208	"HiG"
"HiG_17"	2151	"RHOC"	32	"HiG"
"HiG_17"	90	"GPX3"	224.5	"HiG"
"HiG_17"	0	"ITM2A"	396.5	"HiG"
"HiG_17"	0	"RGS17"	396.5	"HiG"
"HiG_17"	0	"LIMD2"	396.5	"HiG"
"HiG_17"	0	"MIEN1"	396.5	"HiG"
"HiG_17"	38	"YPEL3"	259	"HiG"
"HiG_17"	26	"MYL7"	271.5	"HiG"
"HiG_17"	81	"TXNDC12"	232	"HiG"
"HiG_17"	0	"NPL"	396.5	"HiG"
"HiG_17"	0	"MANF"	396.5	"HiG"
"HiG_17"	2	"SELENOK"	312	"HiG"
"HiG_17"	0	"RRAGD"	396.5	"HiG"
"HiG_17"	0	"POPDC2"	396.5	"HiG"
"HiG_17"	9	"CFC1"	292	"HiG"
"HiG_17"	18	"TSPAN3"	279	"HiG"
"HiG_17"	0	"HAPLN3"	396.5	"HiG"
"HiG_17"	87	"GPC3"	228	"HiG"
"HiG_17"	2	"MTCH1"	312	"HiG"
"HiG_17"	0	"TBX20"	396.5	"HiG"
"HiG_17"	449	"TMEM59"	142.5	"HiG"
"HiG_17"	0	"PPP1R1A"	396.5	"HiG"
"HiG_17"	62	"LDB3"	243	"HiG"
"HiG_17"	0	"LRRC39"	396.5	"HiG"
"HiG_17"	0	"GMPR"	396.5	"HiG"
"HiG_17"	196	"FSTL1"	186.5	"HiG"
"HiG_17"	0	"WLS"	396.5	"HiG"
"HiG_17"	150	"RBM24"	206.5	"HiG"
"HiG_17"	0	"ABRACL"	396.5	"HiG"
"HiG_17"	451	"HMGN5"	137	"HiG"
"HiG_17"	554	"MYH6"	102	"HiG"
"HiG_17"	8	"TIMM8B"	295	"HiG"
"HiG_17"	6	"TMOD1"	301	"HiG"
"HiG_17"	259	"BEX4"	175	"HiG"
"HiG_17"	0	"OAZ2"	396.5	"HiG"
"HiG_17"	0	"PHLDA2"	396.5	"HiG"
"HiG_17"	0	"SLC16A3"	396.5	"HiG"
"HiG_17"	0	"AS3MT"	396.5	"HiG"
"HiG_17"	64	"CHCHD10"	240.5	"HiG"
"HiG_17"	211	"COX8A"	182.5	"HiG"
"HiG_17"	1	"MPC2"	316	"HiG"
"HiG_17"	0	"MLLT11"	396.5	"HiG"
"HiG_17"	0	"PTGES3L"	396.5	"HiG"
"HiG_17"	0	"CPNE5"	396.5	"HiG"
"HiG_17"	0	"PRTG"	396.5	"HiG"
"HiG_17"	0	"CAPN6"	396.5	"HiG"
"HiG_17"	0	"SMTNL2"	396.5	"HiG"
"HiG_17"	451	"SMPX"	137	"HiG"
"HiG_17"	15	"RBPMS2"	282	"HiG"
"HiG_17"	0	"TMEM108"	396.5	"HiG"
"HiG_17"	0	"LRRC10"	396.5	"HiG"
"HiG_17"	0	"HCFC1R1"	396.5	"HiG"
"HiG_17"	45	"MYLK3"	254	"HiG"
"HiG_17"	1403	"GPX8"	51	"HiG"
"HiG_17"	0	"STARD3NL"	396.5	"HiG"
"HiG_17"	0	"CMTM7"	396.5	"HiG"
"HiG_17"	2	"WDR1"	312	"HiG"
"HiG_17"	0	"CASQ1"	396.5	"HiG"
"HiG_17"	451	"MMD"	137	"HiG"
"HiG_17"	110	"MGARP"	216.5	"HiG"
"HiG_17"	0	"UNC45B"	396.5	"HiG"
"HiG_17"	33	"MT-ATP6"	263.5	"HiG"
"HiG_17"	0	"SELENOW"	396.5	"HiG"
"HiG_17"	0	"SDHD"	396.5	"HiG"
"HiG_17"	547	"TBX5"	105	"HiG"
"HiG_17"	8	"TMEM88"	295	"HiG"
"HiG_17"	0	"SMIM1"	396.5	"HiG"
"HiG_17"	0	"BRI3"	396.5	"HiG"
"HiG_17"	0	"TBRG1"	396.5	"HiG"
"HiG_17"	0	"SMIM14"	396.5	"HiG"
"HiG_17"	0	"SHISA5"	396.5	"HiG"
"HiG_17"	451	"KLK1"	137	"HiG"
"HiG_17"	9	"VCAN"	292	"HiG"
"HiG_17"	0	"RASGRP2"	396.5	"HiG"
"HiG_17"	0	"IGFBPL1"	396.5	"HiG"
"HiG_17"	0	"PRELID2"	396.5	"HiG"
"HiG_17"	1529	"COX7A1"	46	"HiG"
"HiG_17"	0	"SELENOH"	396.5	"HiG"
"HiG_17"	0	"KLHDC8B"	396.5	"HiG"
"HiG_17"	0	"NPTX2"	396.5	"HiG"
"HiG_17"	112	"WNT2"	214	"HiG"
"HiG_17"	0	"TSPAN18"	396.5	"HiG"
"HiG_17"	28	"SH3BGR"	268.5	"HiG"
"HiG_17"	0	"APOBEC2"	396.5	"HiG"
"HiG_17"	0	"SFRP5"	396.5	"HiG"
"HiG_17"	0	"TCEAL8"	396.5	"HiG"
"HiG_17"	0	"RCSD1"	396.5	"HiG"
"HiG_17"	0	"PRRX2"	396.5	"HiG"
"HiG_17"	0	"TSPAN7"	396.5	"HiG"
"HiG_17"	0	"KCNG2"	396.5	"HiG"
"HiG_17"	0	"THBS4"	396.5	"HiG"
"HiG_17"	0	"ZBTB20"	396.5	"HiG"
"HiG_17"	0	"TMEM163"	396.5	"HiG"
"HiG_17"	1037	"ZYX"	68	"HiG"
"HiG_17"	0	"FITM1"	396.5	"HiG"
"HiG_18"	9785	"APP"	2	"HiG"
"HiG_18"	0	"CITED2"	342	"HiG"
"HiG_18"	0	"CCND3"	342	"HiG"
"HiG_18"	724	"ANXA5"	85	"HiG"
"HiG_18"	3841	"FLNA"	15	"HiG"
"HiG_18"	573	"FGFR1"	96	"HiG"
"HiG_18"	641	"GABARAP"	91	"HiG"
"HiG_18"	143	"GNAI2"	159	"HiG"
"HiG_18"	397	"ID3"	124	"HiG"
"HiG_18"	1084	"AFDN"	59	"HiG"
"HiG_18"	99	"SRSF9"	180	"HiG"
"HiG_18"	5	"RAP1A"	251	"HiG"
"HiG_18"	110	"RAP1B"	173	"HiG"
"HiG_18"	954	"APBB1"	67	"HiG"
"HiG_18"	288	"MAGED1"	137	"HiG"
"HiG_18"	0	"DAB2"	342	"HiG"
"HiG_18"	1872	"NDN"	32	"HiG"
"HiG_18"	47	"HTRA2"	203.5	"HiG"
"HiG_18"	791	"BCAR1"	81.5	"HiG"
"HiG_18"	792	"CDKN1C"	80	"HiG"
"HiG_18"	146	"SERPINH1"	157	"HiG"
"HiG_18"	2273	"ILK"	26	"HiG"
"HiG_18"	3546	"EIF4A1"	16	"HiG"
"HiG_18"	1239	"PRDX4"	48	"HiG"
"HiG_18"	3	"GADD45G"	253	"HiG"
"HiG_18"	0	"PACSIN2"	342	"HiG"
"HiG_18"	1651	"P4HB"	36	"HiG"
"HiG_18"	692	"CLIC1"	87	"HiG"
"HiG_18"	9103	"ACTB"	3	"HiG"
"HiG_18"	1604	"MYL6"	38	"HiG"
"HiG_18"	582	"RBPMS"	93	"HiG"
"HiG_18"	6	"ITM2C"	247.5	"HiG"
"HiG_18"	0	"HOXB6"	342	"HiG"
"HiG_18"	0	"DCTPP1"	342	"HiG"
"HiG_18"	793	"BEX3"	79	"HiG"
"HiG_18"	113	"PDLIM7"	171	"HiG"
"HiG_18"	6834	"ACTG1"	4	"HiG"
"HiG_18"	3395	"KRT18"	18	"HiG"
"HiG_18"	0	"BAMBI"	342	"HiG"
"HiG_18"	1059	"KRT19"	61	"HiG"
"HiG_18"	32	"EFEMP2"	214.5	"HiG"
"HiG_18"	0	"BEX2"	342	"HiG"
"HiG_18"	72	"RPS26"	189	"HiG"
"HiG_18"	0	"ARHGAP29"	342	"HiG"
"HiG_18"	0	"GINS2"	342	"HiG"
"HiG_18"	53	"ARHGAP1"	198.5	"HiG"
"HiG_18"	0	"FTH1"	342	"HiG"
"HiG_18"	0	"RCN3"	342	"HiG"
"HiG_18"	1890	"CALM2"	31	"HiG"
"HiG_18"	405	"CCND2"	116.5	"HiG"
"HiG_18"	47	"GCSH"	203.5	"HiG"
"HiG_18"	367	"ARL6IP1"	131	"HiG"
"HiG_18"	0	"PDLIM1"	342	"HiG"
"HiG_18"	0	"BCCIP"	342	"HiG"
"HiG_18"	0	"MID1IP1"	342	"HiG"
"HiG_18"	0	"PLAC8"	342	"HiG"
"HiG_18"	1644	"RTN4"	37	"HiG"
"HiG_18"	0	"RALB"	342	"HiG"
"HiG_18"	12	"CTNNBIP1"	233	"HiG"
"HiG_18"	23	"LUM"	221.5	"HiG"
"HiG_18"	23571	"HSPA5"	1	"HiG"
"HiG_18"	53	"MORF4L2"	198.5	"HiG"
"HiG_18"	0	"TCEAL9"	342	"HiG"
"HiG_18"	0	"EIF4EBP1"	342	"HiG"
"HiG_18"	201	"DSTN"	150.5	"HiG"
"HiG_18"	192	"PPP1CB"	154	"HiG"
"HiG_18"	624	"LYAR"	92	"HiG"
"HiG_18"	0	"ELOVL1"	342	"HiG"
"HiG_18"	1027	"LGALS1"	62	"HiG"
"HiG_18"	3253	"LRRC59"	19	"HiG"
"HiG_18"	2230	"EZR"	27	"HiG"
"HiG_18"	6072	"CALR"	6	"HiG"
"HiG_18"	0	"DEGS1"	342	"HiG"
"HiG_18"	812	"FBLN1"	76	"HiG"
"HiG_18"	44	"PLOD2"	206.5	"HiG"
"HiG_18"	6	"FSCN1"	247.5	"HiG"
"HiG_18"	74	"DYNLL1"	187	"HiG"
"HiG_18"	1317	"MT-CO2"	45	"HiG"
"HiG_18"	1835	"DNAJB11"	33	"HiG"
"HiG_18"	1	"MYH10"	260.5	"HiG"
"HiG_18"	58	"SSR3"	197	"HiG"
"HiG_18"	44	"KDELR2"	206.5	"HiG"
"HiG_18"	0	"ATXN10"	342	"HiG"
"HiG_18"	1490	"ANXA2"	43	"HiG"
"HiG_18"	1137	"NOLC1"	55	"HiG"
"HiG_18"	3477	"DNAJA1"	17	"HiG"
"HiG_18"	446	"GNAS"	109	"HiG"
"HiG_18"	503	"PGRMC1"	102	"HiG"
"HiG_18"	0	"DDT"	342	"HiG"
"HiG_18"	3072	"DDX5"	20	"HiG"
"HiG_18"	201	"SFXN1"	150.5	"HiG"
"HiG_18"	407	"EBNA1BP2"	115	"HiG"
"HiG_18"	0	"PSPH"	342	"HiG"
"HiG_18"	1312	"PDIA6"	46	"HiG"
"HiG_18"	0	"MEST"	342	"HiG"
"HiG_18"	4245	"NCL"	10	"HiG"
"HiG_18"	70	"CTNNA1"	190.5	"HiG"
"HiG_18"	52	"CBX1"	200	"HiG"
"HiG_18"	2342	"CCND1"	25	"HiG"
"HiG_18"	947	"MAPK3"	68	"HiG"
"HiG_18"	7	"CD151"	243.5	"HiG"
"HiG_18"	0	"AJUBA"	342	"HiG"
"HiG_18"	127	"LSR"	166	"HiG"
"HiG_18"	397	"PKP2"	124	"HiG"
"HiG_18"	0	"PTOV1"	342	"HiG"
"HiG_18"	90	"RND3"	184	"HiG"
"HiG_18"	1120	"ENO1"	57	"HiG"
"HiG_18"	61	"DDX39B"	194.5	"HiG"
"HiG_18"	4069	"CALM1"	11	"HiG"
"HiG_18"	543	"SELENOS"	98	"HiG"
"HiG_18"	0	"TSEN34"	342	"HiG"
"HiG_18"	28	"BMP4"	217	"HiG"
"HiG_18"	397	"FOXP1"	124	"HiG"
"HiG_18"	0	"HAND1"	342	"HiG"
"HiG_18"	218	"AHNAK"	147	"HiG"
"HiG_18"	1009	"PFN1"	63	"HiG"
"HiG_18"	581	"RALA"	94	"HiG"
"HiG_18"	0	"CSTB"	342	"HiG"
"HiG_18"	111	"CST3"	172	"HiG"
"HiG_18"	7	"JAM3"	243.5	"HiG"
"HiG_18"	434	"APOE"	110	"HiG"
"HiG_18"	0	"LRPAP1"	342	"HiG"
"HiG_18"	5	"HAPLN1"	251	"HiG"
"HiG_18"	194	"GJA1"	153	"HiG"
"HiG_18"	547	"HMGA2"	97	"HiG"
"HiG_18"	0	"MAT2A"	342	"HiG"
"HiG_18"	853	"S100A10"	71	"HiG"
"HiG_18"	3853	"ITGB1"	14	"HiG"
"HiG_18"	1160	"RRM2"	52.5	"HiG"
"HiG_18"	69	"DEK"	192	"HiG"
"HiG_18"	6325	"HSP90B1"	5	"HiG"
"HiG_18"	1160	"RBBP7"	52.5	"HiG"
"HiG_18"	1170	"MSX1"	51	"HiG"
"HiG_18"	135	"ANXA6"	162	"HiG"
"HiG_18"	0	"ARL4D"	342	"HiG"
"HiG_18"	985	"CD81"	64	"HiG"
"HiG_18"	10	"PJA1"	239	"HiG"
"HiG_18"	12	"FXYD6"	233	"HiG"
"HiG_18"	73	"OAT"	188	"HiG"
"HiG_18"	225	"RAB4A"	146	"HiG"
"HiG_18"	0	"TAX1BP3"	342	"HiG"
"HiG_18"	11	"LAPTM4A"	237	"HiG"
"HiG_18"	575	"VIM"	95	"HiG"
"HiG_18"	1	"KLF6"	260.5	"HiG"
"HiG_18"	0	"TINAGL1"	342	"HiG"
"HiG_18"	128	"RER1"	164	"HiG"
"HiG_18"	24	"RRAS2"	219.5	"HiG"
"HiG_18"	4001	"UBC"	13	"HiG"
"HiG_18"	144	"ARL3"	158	"HiG"
"HiG_18"	126	"GSTO1"	168	"HiG"
"HiG_18"	8	"SNRPN"	240.5	"HiG"
"HiG_18"	0	"ARPC5"	342	"HiG"
"HiG_18"	0	"CAPN2"	342	"HiG"
"HiG_18"	11	"CRYAB"	237	"HiG"
"HiG_18"	136	"DNAJC3"	160.5	"HiG"
"HiG_18"	489	"ARPC2"	105	"HiG"
"HiG_18"	41	"GNB4"	208.5	"HiG"
"HiG_18"	127	"ILF2"	166	"HiG"
"HiG_18"	322	"TOP1"	135	"HiG"
"HiG_18"	679	"IGF2"	88	"HiG"
"HiG_18"	1744	"NRP1"	34	"HiG"
"HiG_18"	3058	"FN1"	21	"HiG"
"HiG_18"	98	"ARF5"	181	"HiG"
"HiG_18"	2764	"PDIA3"	22	"HiG"
"HiG_18"	0	"TEAD2"	342	"HiG"
"HiG_18"	2052	"KRT8"	28	"HiG"
"HiG_18"	0	"PTCH1"	342	"HiG"
"HiG_18"	0	"CYBA"	342	"HiG"
"HiG_18"	958	"S100A11"	66	"HiG"
"HiG_18"	8	"PARD6B"	240.5	"HiG"
"HiG_18"	95	"SLC2A1"	183	"HiG"
"HiG_18"	0	"BEX1"	342	"HiG"
"HiG_18"	161	"SPARC"	156	"HiG"
"HiG_18"	202	"GDI2"	148.5	"HiG"
"HiG_18"	100	"EFNB1"	178	"HiG"
"HiG_18"	17	"TGFB1I1"	225.5	"HiG"
"HiG_18"	0	"HMGN1"	342	"HiG"
"HiG_18"	0	"DOK4"	342	"HiG"
"HiG_18"	693	"MARCKS"	86	"HiG"
"HiG_18"	426	"PODXL"	111	"HiG"
"HiG_18"	391	"HOXC8"	128	"HiG"
"HiG_18"	776	"ARF4"	83	"HiG"
"HiG_18"	87	"SDC2"	186	"HiG"
"HiG_18"	1542	"PDIA4"	40	"HiG"
"HiG_18"	0	"PEG3"	342	"HiG"
"HiG_18"	2031	"PRNP"	29	"HiG"
"HiG_18"	136	"GAS6"	160.5	"HiG"
"HiG_18"	2437	"CCT4"	24	"HiG"
"HiG_18"	1530	"CCT8"	41	"HiG"
"HiG_18"	247	"STX7"	144	"HiG"
"HiG_18"	842	"TPM4"	73	"HiG"
"HiG_18"	351	"CSRP2"	132	"HiG"
"HiG_18"	0	"TFPI"	342	"HiG"
"HiG_18"	39	"FHL1"	210.5	"HiG"
"HiG_18"	1189	"PRDX1"	50	"HiG"
"HiG_18"	11	"MPZL1"	237	"HiG"
"HiG_18"	0	"PTPRA"	342	"HiG"
"HiG_18"	1563	"CALD1"	39	"HiG"
"HiG_18"	7	"MT-ND1"	243.5	"HiG"
"HiG_18"	0	"BCAM"	342	"HiG"
"HiG_18"	4048	"ACTA2"	12	"HiG"
"HiG_18"	88	"SDC1"	185	"HiG"
"HiG_18"	17	"CYB5A"	225.5	"HiG"
"HiG_18"	448	"TNNT2"	108	"HiG"
"HiG_18"	2647	"TPM1"	23	"HiG"
"HiG_18"	22	"SLBP"	223	"HiG"
"HiG_18"	970	"MSX2"	65	"HiG"
"HiG_18"	892	"EIF4A3"	70	"HiG"
"HiG_18"	530	"DLK1"	101	"HiG"
"HiG_18"	0	"PCLAF"	342	"HiG"
"HiG_18"	1130	"PKM"	56	"HiG"
"HiG_18"	0	"GALK1"	342	"HiG"
"HiG_18"	2	"GPX4"	255.5	"HiG"
"HiG_18"	4855	"TUBA1A"	9	"HiG"
"HiG_18"	0	"TAGLN2"	342	"HiG"
"HiG_18"	1526	"CKAP4"	42	"HiG"
"HiG_18"	0	"POFUT2"	342	"HiG"
"HiG_18"	0	"SEC61A1"	342	"HiG"
"HiG_18"	115	"NHP2"	170	"HiG"
"HiG_18"	36	"P3H1"	213	"HiG"
"HiG_18"	0	"MYL12B"	342	"HiG"
"HiG_18"	0	"ATXN7L3B"	342	"HiG"
"HiG_18"	403	"FKBP10"	118	"HiG"
"HiG_18"	849	"MAGED2"	72	"HiG"
"HiG_18"	24	"HELLS"	219.5	"HiG"
"HiG_18"	0	"CSRP1"	342	"HiG"
"HiG_18"	0	"UBE2E3"	342	"HiG"
"HiG_18"	127	"MYL9"	166	"HiG"
"HiG_18"	0	"APRT"	342	"HiG"
"HiG_18"	0	"PAIP2"	342	"HiG"
"HiG_18"	6	"HADH"	247.5	"HiG"
"HiG_18"	101	"DERL2"	175.5	"HiG"
"HiG_18"	5582	"YWHAE"	7	"HiG"
"HiG_18"	0	"TSC22D1"	342	"HiG"
"HiG_18"	0	"XBP1"	342	"HiG"
"HiG_18"	0	"RBP1"	342	"HiG"
"HiG_18"	0	"HSD11B2"	342	"HiG"
"HiG_18"	0	"LRRFIP1"	342	"HiG"
"HiG_18"	23	"MRTO4"	221.5	"HiG"
"HiG_18"	130	"CNN3"	163	"HiG"
"HiG_18"	1391	"SSB"	44	"HiG"
"HiG_18"	25	"LUZP1"	218	"HiG"
"HiG_18"	399	"PRDX3"	120	"HiG"
"HiG_18"	1252	"SDF2L1"	47	"HiG"
"HiG_18"	327	"ERP29"	134	"HiG"
"HiG_18"	540	"PHGDH"	99	"HiG"
"HiG_18"	831	"ITM2B"	74	"HiG"
"HiG_18"	0	"SOX4"	342	"HiG"
"HiG_18"	5340	"YWHAQ"	8	"HiG"
"HiG_18"	0	"TNNI1"	342	"HiG"
"HiG_18"	0	"PRR5"	342	"HiG"
"HiG_18"	1153	"RCN1"	54	"HiG"
"HiG_18"	66	"RRBP1"	193	"HiG"
"HiG_18"	405	"SURF4"	116.5	"HiG"
"HiG_18"	1	"DBI"	260.5	"HiG"
"HiG_18"	0	"CRIP2"	342	"HiG"
"HiG_18"	370	"PARVA"	130	"HiG"
"HiG_18"	0	"TTC3"	342	"HiG"
"HiG_18"	0	"CRELD2"	342	"HiG"
"HiG_18"	20	"COL4A2"	224	"HiG"
"HiG_18"	458	"ODC1"	106.5	"HiG"
"HiG_18"	41	"GPX1"	208.5	"HiG"
"HiG_18"	829	"REEP5"	75	"HiG"
"HiG_18"	0	"BBX"	342	"HiG"
"HiG_18"	730	"TLN1"	84	"HiG"
"HiG_18"	421	"CDV3"	112	"HiG"
"HiG_18"	0	"EFHD2"	342	"HiG"
"HiG_18"	1986	"BASP1"	30	"HiG"
"HiG_18"	0	"CNN2"	342	"HiG"
"HiG_18"	927	"RRS1"	69	"HiG"
"HiG_18"	39	"SLC25A4"	210.5	"HiG"
"HiG_18"	0	"PCGF5"	342	"HiG"
"HiG_18"	539	"MYL12A"	100	"HiG"
"HiG_18"	0	"SRM"	342	"HiG"
"HiG_18"	0	"AKR1A1"	342	"HiG"
"HiG_18"	0	"HMGB3"	342	"HiG"
"HiG_18"	1657	"TAGLN"	35	"HiG"
"HiG_18"	0	"PDLIM2"	342	"HiG"
"HiG_18"	0	"ARMCX2"	342	"HiG"
"HiG_18"	0	"FZD2"	342	"HiG"
"HiG_18"	0	"RAB34"	342	"HiG"
"HiG_18"	0	"PPP1R14A"	342	"HiG"
"HiG_18"	662	"LIN28A"	89	"HiG"
"HiG_18"	415	"PLP2"	113	"HiG"
"HiG_18"	49	"COL1A2"	201	"HiG"
"HiG_18"	12	"ECE1"	233	"HiG"
"HiG_18"	0	"ECSCR"	342	"HiG"
"HiG_18"	0	"MYDGF"	342	"HiG"
"HiG_18"	2	"PPIC"	255.5	"HiG"
"HiG_18"	0	"PCBP4"	342	"HiG"
"HiG_18"	0	"TBCB"	342	"HiG"
"HiG_18"	166	"ARL4C"	155	"HiG"
"HiG_18"	800	"EGFL7"	77	"HiG"
"HiG_18"	12	"NPC2"	233	"HiG"
"HiG_18"	660	"TUBB6"	90	"HiG"
"HiG_18"	264	"MT-CO1"	141	"HiG"
"HiG_18"	0	"AAMDC"	342	"HiG"
"HiG_18"	1112	"TUBB4B"	58	"HiG"
"HiG_18"	12	"RBMS2"	233	"HiG"
"HiG_18"	0	"MARCKSL1"	342	"HiG"
"HiG_18"	243	"FERMT2"	145	"HiG"
"HiG_18"	395	"TPM2"	127	"HiG"
"HiG_18"	15	"TXNDC5"	229	"HiG"
"HiG_18"	411	"NENF"	114	"HiG"
"HiG_18"	263	"RBMS1"	142	"HiG"
"HiG_18"	0	"LRRC42"	342	"HiG"
"HiG_18"	791	"TMEM9"	81.5	"HiG"
"HiG_18"	45	"GNG12"	205	"HiG"
"HiG_18"	48	"CFL2"	202	"HiG"
"HiG_18"	1066	"RCN2"	60	"HiG"
"HiG_18"	0	"TLN2"	342	"HiG"
"HiG_18"	100	"TMSB10"	178	"HiG"
"HiG_18"	0	"SH3BGRL3"	342	"HiG"
"HiG_18"	96	"DUSP9"	182	"HiG"
"HiG_18"	0	"RSU1"	342	"HiG"
"HiG_18"	61	"SERP1"	194.5	"HiG"
"HiG_18"	0	"KRCC1"	342	"HiG"
"HiG_18"	1	"SRI"	260.5	"HiG"
"HiG_18"	100	"TMED9"	178	"HiG"
"HiG_18"	16	"LMAN2"	227	"HiG"
"HiG_18"	386	"MT-ND4"	129	"HiG"
"HiG_18"	0	"IGFBP2"	342	"HiG"
"HiG_18"	0	"GLIPR2"	342	"HiG"
"HiG_18"	497	"NECTIN2"	104	"HiG"
"HiG_18"	0	"NEXN"	342	"HiG"
"HiG_18"	502	"PPID"	103	"HiG"
"HiG_18"	1190	"CREB3L1"	49	"HiG"
"HiG_18"	0	"FKBP11"	342	"HiG"
"HiG_18"	0	"ADK"	342	"HiG"
"HiG_18"	1	"TMBIM6"	260.5	"HiG"
"HiG_18"	330	"MT-CO3"	133	"HiG"
"HiG_18"	5	"IDH2"	251	"HiG"
"HiG_18"	0	"MTAP"	342	"HiG"
"HiG_18"	107	"UGDH"	174	"HiG"
"HiG_18"	0	"EMC7"	342	"HiG"
"HiG_18"	283	"IGFBP4"	138	"HiG"
"HiG_18"	59	"UBE2R2"	196	"HiG"
"HiG_18"	397	"MRPS24"	124	"HiG"
"HiG_18"	0	"SNAI2"	342	"HiG"
"HiG_18"	0	"TMSB4X"	342	"HiG"
"HiG_18"	101	"RHOC"	175.5	"HiG"
"HiG_18"	7	"GPX3"	243.5	"HiG"
"HiG_18"	0	"ITM2A"	342	"HiG"
"HiG_18"	198	"PMP22"	152	"HiG"
"HiG_18"	0	"LIMD2"	342	"HiG"
"HiG_18"	458	"EVA1B"	106.5	"HiG"
"HiG_18"	0	"TDO2"	342	"HiG"
"HiG_18"	0	"IRAK1BP1"	342	"HiG"
"HiG_18"	0	"MYL7"	342	"HiG"
"HiG_18"	1	"TXNDC12"	260.5	"HiG"
"HiG_18"	0	"TNFAIP1"	342	"HiG"
"HiG_18"	276	"MANF"	139	"HiG"
"HiG_18"	15	"SELENOK"	229	"HiG"
"HiG_18"	2	"RRAGD"	255.5	"HiG"
"HiG_18"	0	"POPDC2"	342	"HiG"
"HiG_18"	294	"OAF"	136	"HiG"
"HiG_18"	0	"SLC27A3"	342	"HiG"
"HiG_18"	401	"TSPAN3"	119	"HiG"
"HiG_18"	32	"GPC3"	214.5	"HiG"
"HiG_18"	0	"P3H2"	342	"HiG"
"HiG_18"	0	"COLEC11"	342	"HiG"
"HiG_18"	37	"MTCH1"	212	"HiG"
"HiG_18"	0	"TIMP2"	342	"HiG"
"HiG_18"	0	"CARNMT1"	342	"HiG"
"HiG_18"	202	"FOXF1"	148.5	"HiG"
"HiG_18"	0	"ST3GAL5"	342	"HiG"
"HiG_18"	266	"WLS"	140	"HiG"
"HiG_18"	0	"ABRACL"	342	"HiG"
"HiG_18"	261	"SSR2"	143	"HiG"
"HiG_18"	0	"KRTCAP2"	342	"HiG"
"HiG_18"	0	"BEX4"	342	"HiG"
"HiG_18"	0	"OAZ2"	342	"HiG"
"HiG_18"	0	"POLG"	342	"HiG"
"HiG_18"	0	"PHLDA2"	342	"HiG"
"HiG_18"	0	"YIF1B"	342	"HiG"
"HiG_18"	0	"PRDM6"	342	"HiG"
"HiG_18"	0	"STEAP1"	342	"HiG"
"HiG_18"	0	"SPATS2L"	342	"HiG"
"HiG_18"	0	"PRTG"	342	"HiG"
"HiG_18"	29	"APLNR"	216	"HiG"
"HiG_18"	0	"TMEM108"	342	"HiG"
"HiG_18"	0	"STEAP2"	342	"HiG"
"HiG_18"	70	"GPX8"	190.5	"HiG"
"HiG_18"	0	"STARD3NL"	342	"HiG"
"HiG_18"	0	"CMTM8"	342	"HiG"
"HiG_18"	0	"LY6E"	342	"HiG"
"HiG_18"	397	"CMTM7"	124	"HiG"
"HiG_18"	0	"WDR1"	342	"HiG"
"HiG_18"	0	"NKD1"	342	"HiG"
"HiG_18"	0	"STARD8"	342	"HiG"
"HiG_18"	0	"MT-ATP6"	342	"HiG"
"HiG_18"	0	"PLIN2"	342	"HiG"
"HiG_18"	0	"SELENOW"	342	"HiG"
"HiG_18"	797	"HOXB2"	78	"HiG"
"HiG_18"	0	"SDHD"	342	"HiG"
"HiG_18"	0	"TMEM88"	342	"HiG"
"HiG_18"	0	"AARD"	342	"HiG"
"HiG_18"	0	"PTGES"	342	"HiG"
"HiG_18"	0	"SMIM1"	342	"HiG"
"HiG_18"	2	"BRI3"	255.5	"HiG"
"HiG_18"	0	"TBRG1"	342	"HiG"
"HiG_18"	0	"SELENOM"	342	"HiG"
"HiG_18"	0	"TSPAN4"	342	"HiG"
"HiG_18"	0	"SMOC2"	342	"HiG"
"HiG_18"	118	"VCAN"	169	"HiG"
"HiG_18"	0	"COPZ2"	342	"HiG"
"HiG_18"	0	"TSPAN6"	342	"HiG"
"HiG_18"	0	"SELENOH"	342	"HiG"
"HiG_18"	15	"ZCCHC3"	229	"HiG"
"HiG_18"	0	"NUDT4"	342	"HiG"
"HiG_18"	0	"TMEM158"	342	"HiG"
"HiG_18"	6	"PCOLCE"	247.5	"HiG"
"HiG_18"	0	"CBLN1"	342	"HiG"
"HiG_18"	0	"TCEAL8"	342	"HiG"
"HiG_18"	398	"TRABD2B"	121	"HiG"
"HiG_18"	0	"TSPAN9"	342	"HiG"
"HiG_18"	0	"MOGAT2"	342	"HiG"
"HiG_18"	0	"ZFP36L1"	342	"HiG"
"HiG_18"	0	"WFDC2"	342	"HiG"
"HiG_18"	0	"WSB1"	342	"HiG"
"HiG_19"	107	"CCND3"	237	"HiG"
"HiG_19"	395	"ANXA5"	167	"HiG"
"HiG_19"	6047	"FLNA"	6	"HiG"
"HiG_19"	1550	"FGFR1"	60	"HiG"
"HiG_19"	1252	"GABARAP"	72	"HiG"
"HiG_19"	381	"GNAI2"	170.5	"HiG"
"HiG_19"	0	"HAND2"	397.5	"HiG"
"HiG_19"	1028	"ID3"	89	"HiG"
"HiG_19"	1695	"AFDN"	49	"HiG"
"HiG_19"	592	"SRSF9"	131	"HiG"
"HiG_19"	158	"RAP1A"	214	"HiG"
"HiG_19"	189	"APBB1"	206.5	"HiG"
"HiG_19"	2598	"HRAS"	25	"HiG"
"HiG_19"	2132	"MAGED1"	38.5	"HiG"
"HiG_19"	411	"YAF2"	165	"HiG"
"HiG_19"	167	"DAB2"	210	"HiG"
"HiG_19"	1019	"NDN"	90	"HiG"
"HiG_19"	638	"HTRA2"	118.5	"HiG"
"HiG_19"	392	"MAPKAPK2"	168	"HiG"
"HiG_19"	864	"CDKN1C"	97	"HiG"
"HiG_19"	2445	"SERPINH1"	30	"HiG"
"HiG_19"	48	"CLNS1A"	256	"HiG"
"HiG_19"	444	"PEG10"	155	"HiG"
"HiG_19"	2260	"ILK"	36	"HiG"
"HiG_19"	251	"PLXNB2"	194.5	"HiG"
"HiG_19"	1	"GADD45G"	324	"HiG"
"HiG_19"	17	"PACSIN2"	284	"HiG"
"HiG_19"	659	"P4HB"	115	"HiG"
"HiG_19"	524	"MT-ND2"	140	"HiG"
"HiG_19"	472	"LMO4"	147	"HiG"
"HiG_19"	444	"TAF10"	155	"HiG"
"HiG_19"	1980	"CLIC1"	43	"HiG"
"HiG_19"	4491	"MYL6"	11	"HiG"
"HiG_19"	2735	"RBPMS"	22	"HiG"
"HiG_19"	4	"ITM2C"	311	"HiG"
"HiG_19"	278	"HOXB6"	188	"HiG"
"HiG_19"	0	"DCTPP1"	397.5	"HiG"
"HiG_19"	0	"FRMD6"	397.5	"HiG"
"HiG_19"	887	"BEX3"	94	"HiG"
"HiG_19"	166	"PDLIM7"	211	"HiG"
"HiG_19"	5797	"ACTG1"	7	"HiG"
"HiG_19"	2377	"KRT18"	32	"HiG"
"HiG_19"	0	"BAMBI"	397.5	"HiG"
"HiG_19"	4	"EFEMP2"	311	"HiG"
"HiG_19"	420	"COX17"	162	"HiG"
"HiG_19"	761	"DYNLL2"	106	"HiG"
"HiG_19"	1295	"RABAC1"	70	"HiG"
"HiG_19"	0	"BEX2"	397.5	"HiG"
"HiG_19"	1613	"RPS26"	55	"HiG"
"HiG_19"	34	"ARHGAP29"	266	"HiG"
"HiG_19"	10	"GINS2"	296.5	"HiG"
"HiG_19"	4	"ARHGAP1"	311	"HiG"
"HiG_19"	4	"FTH1"	311	"HiG"
"HiG_19"	0	"RCN3"	397.5	"HiG"
"HiG_19"	1654	"PITX1"	52	"HiG"
"HiG_19"	2729	"CALM2"	23	"HiG"
"HiG_19"	0	"HSBP1"	397.5	"HiG"
"HiG_19"	690	"CCND2"	112	"HiG"
"HiG_19"	0	"GCSH"	397.5	"HiG"
"HiG_19"	423	"ARL6IP1"	161	"HiG"
"HiG_19"	870	"PDLIM1"	95	"HiG"
"HiG_19"	0	"BCCIP"	397.5	"HiG"
"HiG_19"	2	"MID1IP1"	321.5	"HiG"
"HiG_19"	0	"PLAC8"	397.5	"HiG"
"HiG_19"	2522	"RTN4"	27.5	"HiG"
"HiG_19"	374	"RALB"	172	"HiG"
"HiG_19"	0	"CTNNBIP1"	397.5	"HiG"
"HiG_19"	214	"RP9"	198.5	"HiG"
"HiG_19"	1250	"TLE3"	73	"HiG"
"HiG_19"	88	"SAMD4B"	245	"HiG"
"HiG_19"	0	"TCEAL9"	397.5	"HiG"
"HiG_19"	149	"EIF4EBP1"	220	"HiG"
"HiG_19"	158	"DSTN"	214	"HiG"
"HiG_19"	795	"LYAR"	103	"HiG"
"HiG_19"	7444	"LGALS1"	3	"HiG"
"HiG_19"	1309	"LRRC59"	69	"HiG"
"HiG_19"	3133	"EZR"	17	"HiG"
"HiG_19"	1153	"IGF2BP1"	78	"HiG"
"HiG_19"	142	"TIMM13"	221.5	"HiG"
"HiG_19"	1201	"FBLN1"	76	"HiG"
"HiG_19"	129	"BIRC5"	227.5	"HiG"
"HiG_19"	633	"FSCN1"	120	"HiG"
"HiG_19"	2132	"DYNLL1"	38.5	"HiG"
"HiG_19"	362	"MT-CO2"	174	"HiG"
"HiG_19"	2935	"MYH10"	19	"HiG"
"HiG_19"	140	"SSR3"	223.5	"HiG"
"HiG_19"	2931	"ANXA2"	21	"HiG"
"HiG_19"	442	"GNAS"	157.5	"HiG"
"HiG_19"	758	"PGRMC1"	107	"HiG"
"HiG_19"	0	"DDT"	397.5	"HiG"
"HiG_19"	2409	"SFXN1"	31	"HiG"
"HiG_19"	414	"EBNA1BP2"	163.5	"HiG"
"HiG_19"	0	"PSPH"	397.5	"HiG"
"HiG_19"	1292	"PDIA6"	71	"HiG"
"HiG_19"	0	"MEST"	397.5	"HiG"
"HiG_19"	2522	"DSP"	27.5	"HiG"
"HiG_19"	4290	"AKT1"	12	"HiG"
"HiG_19"	2526	"CTNNA1"	26	"HiG"
"HiG_19"	1662	"SMAD7"	51	"HiG"
"HiG_19"	2328	"CCND1"	34	"HiG"
"HiG_19"	1569	"MAPK3"	59	"HiG"
"HiG_19"	12	"AJUBA"	293	"HiG"
"HiG_19"	113	"LSR"	233	"HiG"
"HiG_19"	0	"PTOV1"	397.5	"HiG"
"HiG_19"	4726	"CALM1"	10	"HiG"
"HiG_19"	522	"CENPA"	142	"HiG"
"HiG_19"	560	"SELENOS"	136	"HiG"
"HiG_19"	0	"ARID3A"	397.5	"HiG"
"HiG_19"	89	"TEAD1"	244	"HiG"
"HiG_19"	0	"TSEN34"	397.5	"HiG"
"HiG_19"	9	"POP5"	298	"HiG"
"HiG_19"	1122	"BMP4"	82	"HiG"
"HiG_19"	3201	"LRP1"	16	"HiG"
"HiG_19"	583	"FOXP1"	133	"HiG"
"HiG_19"	0	"HAND1"	397.5	"HiG"
"HiG_19"	6	"AHNAK"	304	"HiG"
"HiG_19"	95	"MAP4"	238.5	"HiG"
"HiG_19"	604	"PFN1"	125	"HiG"
"HiG_19"	936	"RALA"	92	"HiG"
"HiG_19"	23	"CSTB"	278	"HiG"
"HiG_19"	533	"CST3"	139	"HiG"
"HiG_19"	685	"APOE"	113	"HiG"
"HiG_19"	2471	"LRPAP1"	29	"HiG"
"HiG_19"	0	"HAPLN1"	397.5	"HiG"
"HiG_19"	1041	"RALBP1"	87.5	"HiG"
"HiG_19"	0	"CNPY2"	397.5	"HiG"
"HiG_19"	0	"COL4A1"	397.5	"HiG"
"HiG_19"	3041	"GNB1"	18	"HiG"
"HiG_19"	26	"CTDSP2"	274	"HiG"
"HiG_19"	2187	"HMGA2"	37	"HiG"
"HiG_19"	1393	"S100A10"	67	"HiG"
"HiG_19"	13176	"ITGB1"	2	"HiG"
"HiG_19"	158	"DEK"	214	"HiG"
"HiG_19"	1440	"RBBP7"	65	"HiG"
"HiG_19"	13	"HES1"	291	"HiG"
"HiG_19"	1103	"MSX1"	83	"HiG"
"HiG_19"	445	"ANXA6"	153	"HiG"
"HiG_19"	162	"ARL4D"	212	"HiG"
"HiG_19"	0	"CARHSP1"	397.5	"HiG"
"HiG_19"	5018	"CD81"	9	"HiG"
"HiG_19"	0	"DAP"	397.5	"HiG"
"HiG_19"	523	"PJA1"	141	"HiG"
"HiG_19"	0	"FXYD6"	397.5	"HiG"
"HiG_19"	125	"MRPS26"	229	"HiG"
"HiG_19"	1156	"RAB4A"	77	"HiG"
"HiG_19"	0	"TAX1BP3"	397.5	"HiG"
"HiG_19"	0	"SPTSSA"	397.5	"HiG"
"HiG_19"	87	"LAPTM4A"	246.5	"HiG"
"HiG_19"	55	"ATP6V1F"	254	"HiG"
"HiG_19"	6221	"VIM"	4	"HiG"
"HiG_19"	3	"KLF6"	317	"HiG"
"HiG_19"	1589	"GOLGB1"	57	"HiG"
"HiG_19"	264	"TINAGL1"	192	"HiG"
"HiG_19"	5520	"MYH9"	8	"HiG"
"HiG_19"	2	"RER1"	321.5	"HiG"
"HiG_19"	209	"RRAS2"	200	"HiG"
"HiG_19"	0	"TPD52L1"	397.5	"HiG"
"HiG_19"	0	"ARL3"	397.5	"HiG"
"HiG_19"	236	"SNRPN"	196	"HiG"
"HiG_19"	109	"ARPC5"	236	"HiG"
"HiG_19"	0	"CAPN2"	397.5	"HiG"
"HiG_19"	730	"CRYAB"	110	"HiG"
"HiG_19"	142	"PDGFA"	221.5	"HiG"
"HiG_19"	825	"DNAJC3"	100	"HiG"
"HiG_19"	1998	"ARPC2"	42	"HiG"
"HiG_19"	1075	"JUND"	85	"HiG"
"HiG_19"	1444	"AKAP12"	64	"HiG"
"HiG_19"	614	"IGF2"	124	"HiG"
"HiG_19"	3351	"NRP1"	15	"HiG"
"HiG_19"	13196	"FN1"	1	"HiG"
"HiG_19"	1228	"ARF5"	74	"HiG"
"HiG_19"	59	"DAG1"	253	"HiG"
"HiG_19"	0	"ATOX1"	397.5	"HiG"
"HiG_19"	0	"TEAD2"	397.5	"HiG"
"HiG_19"	816	"KRT8"	102	"HiG"
"HiG_19"	170	"PTCH1"	209	"HiG"
"HiG_19"	0	"CYBA"	397.5	"HiG"
"HiG_19"	475	"ARID3B"	145	"HiG"
"HiG_19"	8	"PARD6B"	299	"HiG"
"HiG_19"	11	"SLC2A1"	295	"HiG"
"HiG_19"	0	"BEX1"	397.5	"HiG"
"HiG_19"	414	"SPARC"	163.5	"HiG"
"HiG_19"	286	"EFNB1"	184.5	"HiG"
"HiG_19"	451	"SH3GLB1"	150.5	"HiG"
"HiG_19"	2013	"TGFB1I1"	41	"HiG"
"HiG_19"	112	"HMGN1"	235	"HiG"
"HiG_19"	221	"PBX1"	197	"HiG"
"HiG_19"	91	"CDC34"	243	"HiG"
"HiG_19"	385	"ASAP1"	169	"HiG"
"HiG_19"	1529	"PTPRF"	62	"HiG"
"HiG_19"	0	"DOK4"	397.5	"HiG"
"HiG_19"	0	"MDK"	397.5	"HiG"
"HiG_19"	545	"MARCKS"	138	"HiG"
"HiG_19"	2	"PODXL"	321.5	"HiG"
"HiG_19"	138	"HOXC8"	225	"HiG"
"HiG_19"	280	"TOP2A"	187	"HiG"
"HiG_19"	2646	"ARF4"	24	"HiG"
"HiG_19"	0	"PEG3"	397.5	"HiG"
"HiG_19"	2933	"PRNP"	20	"HiG"
"HiG_19"	0	"CRB2"	397.5	"HiG"
"HiG_19"	0	"GAS6"	397.5	"HiG"
"HiG_19"	398	"VAMP8"	166	"HiG"
"HiG_19"	0	"GDE1"	397.5	"HiG"
"HiG_19"	1740	"TPM4"	47	"HiG"
"HiG_19"	348	"CSRP2"	175	"HiG"
"HiG_19"	575	"GATA6"	135	"HiG"
"HiG_19"	1527	"FHL1"	63	"HiG"
"HiG_19"	597	"MPZL1"	128	"HiG"
"HiG_19"	40	"PTPRA"	264	"HiG"
"HiG_19"	1430	"CALD1"	66	"HiG"
"HiG_19"	431	"MT-ND1"	159.5	"HiG"
"HiG_19"	0	"BCAM"	397.5	"HiG"
"HiG_19"	1971	"ACTA2"	44	"HiG"
"HiG_19"	63	"SDC1"	251	"HiG"
"HiG_19"	31	"CYB5A"	269.5	"HiG"
"HiG_19"	276	"TNNT2"	189	"HiG"
"HiG_19"	6179	"TPM1"	5	"HiG"
"HiG_19"	178	"COL18A1"	208	"HiG"
"HiG_19"	214	"MSX2"	198.5	"HiG"
"HiG_19"	1325	"DLK1"	68	"HiG"
"HiG_19"	207	"MAP1LC3A"	201	"HiG"
"HiG_19"	867	"SNX3"	96	"HiG"
"HiG_19"	15	"PCLAF"	287	"HiG"
"HiG_19"	6	"TIMM17A"	304	"HiG"
"HiG_19"	587	"GPX4"	132	"HiG"
"HiG_19"	2369	"TUBA1A"	33	"HiG"
"HiG_19"	203	"TAGLN2"	204.5	"HiG"
"HiG_19"	431	"CKAP4"	159.5	"HiG"
"HiG_19"	0	"POFUT2"	397.5	"HiG"
"HiG_19"	285	"SEC61A1"	186	"HiG"
"HiG_19"	1598	"NHP2"	56	"HiG"
"HiG_19"	1916	"MYL12B"	45	"HiG"
"HiG_19"	0	"RPL22L1"	397.5	"HiG"
"HiG_19"	0	"ATXN7L3B"	397.5	"HiG"
"HiG_19"	26	"HELLS"	274	"HiG"
"HiG_19"	596	"PXMP2"	129.5	"HiG"
"HiG_19"	51	"CSRP1"	255	"HiG"
"HiG_19"	0	"UBE2E3"	397.5	"HiG"
"HiG_19"	596	"MYL9"	129.5	"HiG"
"HiG_19"	0	"APRT"	397.5	"HiG"
"HiG_19"	0	"PAIP2"	397.5	"HiG"
"HiG_19"	20	"KLHDC10"	280	"HiG"
"HiG_19"	762	"DERL2"	105	"HiG"
"HiG_19"	115	"LAMB1"	230.5	"HiG"
"HiG_19"	1547	"SPTBN1"	61	"HiG"
"HiG_19"	0	"TSC22D1"	397.5	"HiG"
"HiG_19"	0	"CGNL1"	397.5	"HiG"
"HiG_19"	25	"MEIS2"	276.5	"HiG"
"HiG_19"	0	"XBP1"	397.5	"HiG"
"HiG_19"	45	"SAP30L"	261.5	"HiG"
"HiG_19"	7	"RBP1"	300.5	"HiG"
"HiG_19"	0	"HSD11B2"	397.5	"HiG"
"HiG_19"	1006	"MRPL12"	91	"HiG"
"HiG_19"	0	"LRRFIP1"	397.5	"HiG"
"HiG_19"	15	"CNN3"	287	"HiG"
"HiG_19"	2107	"TCF4"	40	"HiG"
"HiG_19"	18	"LUZP1"	282	"HiG"
"HiG_19"	12	"SIVA1"	293	"HiG"
"HiG_19"	736	"ATP2B1"	109	"HiG"
"HiG_19"	0	"NT5DC2"	397.5	"HiG"
"HiG_19"	381	"SDF2L1"	170.5	"HiG"
"HiG_19"	45	"ERP29"	261.5	"HiG"
"HiG_19"	1125	"RYK"	81	"HiG"
"HiG_19"	0	"NRP2"	397.5	"HiG"
"HiG_19"	80	"LPP"	248	"HiG"
"HiG_19"	558	"TXN2"	137	"HiG"
"HiG_19"	47	"SOX4"	258.5	"HiG"
"HiG_19"	0	"TNNI1"	397.5	"HiG"
"HiG_19"	189	"CHCHD4"	206.5	"HiG"
"HiG_19"	0	"PRR5"	397.5	"HiG"
"HiG_19"	739	"RRBP1"	108	"HiG"
"HiG_19"	14	"SURF4"	289.5	"HiG"
"HiG_19"	0	"DBI"	397.5	"HiG"
"HiG_19"	0	"CRIP2"	397.5	"HiG"
"HiG_19"	206	"PARVA"	202	"HiG"
"HiG_19"	466	"TTC3"	149	"HiG"
"HiG_19"	0	"CRELD2"	397.5	"HiG"
"HiG_19"	15	"COL4A2"	287	"HiG"
"HiG_19"	446	"ODC1"	152	"HiG"
"HiG_19"	628	"GPX1"	122	"HiG"
"HiG_19"	3810	"REEP5"	14	"HiG"
"HiG_19"	0	"NPM3"	397.5	"HiG"
"HiG_19"	0	"BBX"	397.5	"HiG"
"HiG_19"	1663	"TLN1"	50	"HiG"
"HiG_19"	17	"CDV3"	284	"HiG"
"HiG_19"	0	"EFHD2"	397.5	"HiG"
"HiG_19"	21	"CEP164"	279	"HiG"
"HiG_19"	473	"BASP1"	146	"HiG"
"HiG_19"	638	"CNN2"	118.5	"HiG"
"HiG_19"	630	"SLC25A4"	121	"HiG"
"HiG_19"	333	"AUTS2"	178	"HiG"
"HiG_19"	0	"PCGF5"	397.5	"HiG"
"HiG_19"	830	"MYL12A"	99	"HiG"
"HiG_19"	294	"AMOTL1"	183	"HiG"
"HiG_19"	3	"SRM"	317	"HiG"
"HiG_19"	3	"AKR1A1"	317	"HiG"
"HiG_19"	0	"HMGB3"	397.5	"HiG"
"HiG_19"	2303	"TAGLN"	35	"HiG"
"HiG_19"	0	"PDLIM2"	397.5	"HiG"
"HiG_19"	0	"PGP"	397.5	"HiG"
"HiG_19"	0	"FZD2"	397.5	"HiG"
"HiG_19"	0	"RAB34"	397.5	"HiG"
"HiG_19"	0	"PPP1R14A"	397.5	"HiG"
"HiG_19"	1627	"LIN28A"	54	"HiG"
"HiG_19"	47	"GNG2"	258.5	"HiG"
"HiG_19"	444	"PLP2"	155	"HiG"
"HiG_19"	333	"COL1A2"	178	"HiG"
"HiG_19"	251	"ECE1"	194.5	"HiG"
"HiG_19"	0	"ECSCR"	397.5	"HiG"
"HiG_19"	451	"MYDGF"	150.5	"HiG"
"HiG_19"	0	"PPIC"	397.5	"HiG"
"HiG_19"	0	"PCBP4"	397.5	"HiG"
"HiG_19"	509	"TBCB"	143	"HiG"
"HiG_19"	151	"ARL4C"	218.5	"HiG"
"HiG_19"	4	"EGFL7"	311	"HiG"
"HiG_19"	140	"NPC2"	223.5	"HiG"
"HiG_19"	779	"TUBB6"	104	"HiG"
"HiG_19"	129	"MT-CO1"	227.5	"HiG"
"HiG_19"	6	"LSP1"	304	"HiG"
"HiG_19"	0	"AAMDC"	397.5	"HiG"
"HiG_19"	205	"UQCR11"	203	"HiG"
"HiG_19"	315	"RBMS2"	182	"HiG"
"HiG_19"	442	"MARCKSL1"	157.5	"HiG"
"HiG_19"	701	"FERMT2"	111	"HiG"
"HiG_19"	1747	"TPM2"	46	"HiG"
"HiG_19"	62	"TXNDC5"	252	"HiG"
"HiG_19"	479	"NENF"	144	"HiG"
"HiG_19"	1227	"RBMS1"	75	"HiG"
"HiG_19"	847	"RANGRF"	98	"HiG"
"HiG_19"	467	"TMEM9"	148	"HiG"
"HiG_19"	35	"GNG12"	265	"HiG"
"HiG_19"	87	"NUCKS1"	246.5	"HiG"
"HiG_19"	1041	"CFL2"	87.5	"HiG"
"HiG_19"	1043	"UBE2M"	86	"HiG"
"HiG_19"	644	"RCN2"	117	"HiG"
"HiG_19"	113	"MLEC"	233	"HiG"
"HiG_19"	581	"TLN2"	134	"HiG"
"HiG_19"	4	"TMSB10"	311	"HiG"
"HiG_19"	41	"UACA"	263	"HiG"
"HiG_19"	12	"SH3BGRL3"	293	"HiG"
"HiG_19"	1081	"SLIT2"	84	"HiG"
"HiG_19"	271	"DUSP9"	190	"HiG"
"HiG_19"	0	"SERP1"	397.5	"HiG"
"HiG_19"	0	"KRCC1"	397.5	"HiG"
"HiG_19"	115	"SRI"	230.5	"HiG"
"HiG_19"	0	"SPEG"	397.5	"HiG"
"HiG_19"	0	"CXXC5"	397.5	"HiG"
"HiG_19"	598	"TMED9"	127	"HiG"
"HiG_19"	322	"LMAN2"	181	"HiG"
"HiG_19"	66	"MT-ND4"	250	"HiG"
"HiG_19"	0	"IGFBP2"	397.5	"HiG"
"HiG_19"	0	"GLIPR2"	397.5	"HiG"
"HiG_19"	601	"NECTIN2"	126	"HiG"
"HiG_19"	0	"NEXN"	397.5	"HiG"
"HiG_19"	154	"OST4"	217	"HiG"
"HiG_19"	909	"CREB3L1"	93	"HiG"
"HiG_19"	0	"FNDC4"	397.5	"HiG"
"HiG_19"	0	"FKBP11"	397.5	"HiG"
"HiG_19"	93	"TMBIM6"	240.5	"HiG"
"HiG_19"	323	"MT-CO3"	180	"HiG"
"HiG_19"	0	"GLRX5"	397.5	"HiG"
"HiG_19"	0	"DPH3"	397.5	"HiG"
"HiG_19"	3943	"TIPARP"	13	"HiG"
"HiG_19"	0	"WWC2"	397.5	"HiG"
"HiG_19"	10	"EMC7"	296.5	"HiG"
"HiG_19"	155	"IGFBP4"	216	"HiG"
"HiG_19"	333	"UBE2R2"	178	"HiG"
"HiG_19"	17	"MRPS24"	284	"HiG"
"HiG_19"	0	"SNAI2"	397.5	"HiG"
"HiG_19"	0	"TMSB4X"	397.5	"HiG"
"HiG_19"	0	"PPP1R18"	397.5	"HiG"
"HiG_19"	1715	"RHOC"	48	"HiG"
"HiG_19"	113	"GPX3"	233	"HiG"
"HiG_19"	93	"PMP22"	240.5	"HiG"
"HiG_19"	0	"LIMD2"	397.5	"HiG"
"HiG_19"	647	"EVA1B"	116	"HiG"
"HiG_19"	0	"TDO2"	397.5	"HiG"
"HiG_19"	0	"IRAK1BP1"	397.5	"HiG"
"HiG_19"	0	"MYL7"	397.5	"HiG"
"HiG_19"	2	"TXNDC12"	321.5	"HiG"
"HiG_19"	0	"METTL9"	397.5	"HiG"
"HiG_19"	26	"TNFAIP1"	274	"HiG"
"HiG_19"	0	"MANF"	397.5	"HiG"
"HiG_19"	0	"SELENOK"	397.5	"HiG"
"HiG_19"	0	"RRAGD"	397.5	"HiG"
"HiG_19"	0	"POPDC2"	397.5	"HiG"
"HiG_19"	0	"MRPL34"	397.5	"HiG"
"HiG_19"	0	"PRELID1"	397.5	"HiG"
"HiG_19"	0	"OAF"	397.5	"HiG"
"HiG_19"	0	"CCDC34"	397.5	"HiG"
"HiG_19"	0	"SLC27A3"	397.5	"HiG"
"HiG_19"	92	"TSPAN3"	242	"HiG"
"HiG_19"	0	"P3H2"	397.5	"HiG"
"HiG_19"	0	"COLEC11"	397.5	"HiG"
"HiG_19"	30	"MTCH1"	271	"HiG"
"HiG_19"	0	"MGAT2"	397.5	"HiG"
"HiG_19"	0	"TBX20"	397.5	"HiG"
"HiG_19"	1580	"TIMP2"	58	"HiG"
"HiG_19"	151	"FOXF1"	218.5	"HiG"
"HiG_19"	32	"PKDCC"	267.5	"HiG"
"HiG_19"	0	"ST3GAL5"	397.5	"HiG"
"HiG_19"	1628	"MEX3A"	53	"HiG"
"HiG_19"	0	"ABRACL"	397.5	"HiG"
"HiG_19"	0	"PPP1R14B"	397.5	"HiG"
"HiG_19"	0	"REXO2"	397.5	"HiG"
"HiG_19"	137	"TIMM8B"	226	"HiG"
"HiG_19"	47	"UQCRQ"	258.5	"HiG"
"HiG_19"	1138	"KRTCAP2"	80	"HiG"
"HiG_19"	0	"BEX4"	397.5	"HiG"
"HiG_19"	7	"OAZ2"	300.5	"HiG"
"HiG_19"	3	"POLG"	317	"HiG"
"HiG_19"	0	"PHLDA2"	397.5	"HiG"
"HiG_19"	364	"MFHAS1"	173	"HiG"
"HiG_19"	32	"YIF1B"	267.5	"HiG"
"HiG_19"	0	"PRDM6"	397.5	"HiG"
"HiG_19"	6	"MPC2"	304	"HiG"
"HiG_19"	681	"YBX3"	114	"HiG"
"HiG_19"	0	"STEAP1"	397.5	"HiG"
"HiG_19"	263	"SPATS2L"	193	"HiG"
"HiG_19"	0	"PRTG"	397.5	"HiG"
"HiG_19"	0	"ZCRB1"	397.5	"HiG"
"HiG_19"	822	"APLNR"	101	"HiG"
"HiG_19"	0	"RBPMS2"	397.5	"HiG"
"HiG_19"	0	"S1PR2"	397.5	"HiG"
"HiG_19"	0	"TMEM108"	397.5	"HiG"
"HiG_19"	0	"STEAP2"	397.5	"HiG"
"HiG_19"	341	"GPX8"	176	"HiG"
"HiG_19"	0	"STARD3NL"	397.5	"HiG"
"HiG_19"	0	"CMTM8"	397.5	"HiG"
"HiG_19"	27	"LY6E"	272	"HiG"
"HiG_19"	0	"CMTM7"	397.5	"HiG"
"HiG_19"	0	"WDR1"	397.5	"HiG"
"HiG_19"	0	"NKD1"	397.5	"HiG"
"HiG_19"	0	"ADAMTS9"	397.5	"HiG"
"HiG_19"	0	"MYRF"	397.5	"HiG"
"HiG_19"	5	"STARD8"	307	"HiG"
"HiG_19"	0	"SEC14L1"	397.5	"HiG"
"HiG_19"	47	"MT-ATP6"	258.5	"HiG"
"HiG_19"	71	"FAM32A"	249	"HiG"
"HiG_19"	0	"SELENOW"	397.5	"HiG"
"HiG_19"	31	"HOXB2"	269.5	"HiG"
"HiG_19"	203	"SDHD"	204.5	"HiG"
"HiG_19"	4	"TMEM88"	311	"HiG"
"HiG_19"	0	"AARD"	397.5	"HiG"
"HiG_19"	0	"PTGES"	397.5	"HiG"
"HiG_19"	0	"SMIM1"	397.5	"HiG"
"HiG_19"	0	"BRI3"	397.5	"HiG"
"HiG_19"	0	"TBRG1"	397.5	"HiG"
"HiG_19"	0	"SELENOM"	397.5	"HiG"
"HiG_19"	0	"TSPAN4"	397.5	"HiG"
"HiG_19"	0	"SMOC2"	397.5	"HiG"
"HiG_19"	1152	"VCAN"	79	"HiG"
"HiG_19"	6	"SPSB4"	304	"HiG"
"HiG_19"	95	"IFITM1"	238.5	"HiG"
"HiG_19"	0	"COPZ2"	397.5	"HiG"
"HiG_19"	0	"SELENOH"	397.5	"HiG"
"HiG_19"	14	"ZCCHC3"	289.5	"HiG"
"HiG_19"	286	"ZFHX3"	184.5	"HiG"
"HiG_19"	3	"VGLL4"	317	"HiG"
"HiG_19"	0	"PPDPF"	397.5	"HiG"
"HiG_19"	0	"NUDT4"	397.5	"HiG"
"HiG_19"	0	"TMEM158"	397.5	"HiG"
"HiG_19"	0	"CBLN1"	397.5	"HiG"
"HiG_19"	0	"TCEAL8"	397.5	"HiG"
"HiG_19"	25	"TRABD2B"	276.5	"HiG"
"HiG_19"	0	"TSPAN9"	397.5	"HiG"
"HiG_19"	0	"MOGAT2"	397.5	"HiG"
"HiG_19"	19	"ZFP36L1"	281	"HiG"
"HiG_19"	266	"ZYX"	191	"HiG"
"HiG_19"	619	"WFDC2"	123	"HiG"
"HiG_7"	1581	"RPA2"	16	"HiG"
"HiG_7"	52	"ALDOA"	119	"HiG"
"HiG_7"	810	"CITED2"	38	"HiG"
"HiG_7"	550	"CCND3"	48.5	"HiG"
"HiG_7"	247	"CCNB1"	83	"HiG"
"HiG_7"	89	"C1QBP"	111.5	"HiG"
"HiG_7"	578	"EIF3E"	46	"HiG"
"HiG_7"	15	"SRSF9"	146	"HiG"
"HiG_7"	2010	"MCM7"	11	"HiG"
"HiG_7"	1266	"SNCA"	24	"HiG"
"HiG_7"	294	"RAP1A"	67	"HiG"
"HiG_7"	7	"RAP1B"	156.5	"HiG"
"HiG_7"	302	"LMO2"	65.5	"HiG"
"HiG_7"	275	"GATA1"	77	"HiG"
"HiG_7"	4	"HTRA2"	161.5	"HiG"
"HiG_7"	406	"RAN"	59	"HiG"
"HiG_7"	0	"NCOA4"	233.5	"HiG"
"HiG_7"	0	"TACC1"	233.5	"HiG"
"HiG_7"	0	"CLNS1A"	233.5	"HiG"
"HiG_7"	852	"EIF4A1"	35	"HiG"
"HiG_7"	1579	"MCM3"	17	"HiG"
"HiG_7"	0	"PRKAB1"	233.5	"HiG"
"HiG_7"	1	"GRHPR"	171.5	"HiG"
"HiG_7"	42	"GADD45G"	123.5	"HiG"
"HiG_7"	893	"RAB11A"	33	"HiG"
"HiG_7"	0	"CCNE1"	233.5	"HiG"
"HiG_7"	0	"SLC29A1"	233.5	"HiG"
"HiG_7"	134	"CLIC1"	106	"HiG"
"HiG_7"	0	"DCTPP1"	233.5	"HiG"
"HiG_7"	0	"COX17"	233.5	"HiG"
"HiG_7"	0	"DYNLL2"	233.5	"HiG"
"HiG_7"	0	"PHLDA1"	233.5	"HiG"
"HiG_7"	9	"DUT"	150.5	"HiG"
"HiG_7"	0	"RPIA"	233.5	"HiG"
"HiG_7"	0	"PMM1"	233.5	"HiG"
"HiG_7"	57	"RPS26"	117	"HiG"
"HiG_7"	0	"IMP3"	233.5	"HiG"
"HiG_7"	206	"FTH1"	97	"HiG"
"HiG_7"	0	"CCND2"	233.5	"HiG"
"HiG_7"	0	"GCSH"	233.5	"HiG"
"HiG_7"	42	"DDAH2"	123.5	"HiG"
"HiG_7"	286	"PRPS1"	68.5	"HiG"
"HiG_7"	722	"MCM5"	43	"HiG"
"HiG_7"	0	"BID"	233.5	"HiG"
"HiG_7"	1426	"HSP90AB1"	20	"HiG"
"HiG_7"	0	"RP9"	233.5	"HiG"
"HiG_7"	0	"EIF1B"	233.5	"HiG"
"HiG_7"	229	"RUVBL2"	91	"HiG"
"HiG_7"	21	"OLA1"	139	"HiG"
"HiG_7"	430	"CDC20"	57.5	"HiG"
"HiG_7"	0	"PTP4A3"	233.5	"HiG"
"HiG_7"	0	"EIF4EBP1"	233.5	"HiG"
"HiG_7"	24	"LYAR"	136	"HiG"
"HiG_7"	0	"FKBP4"	233.5	"HiG"
"HiG_7"	171	"EIF3M"	101	"HiG"
"HiG_7"	242	"BCAS2"	84	"HiG"
"HiG_7"	42	"LGALS1"	123.5	"HiG"
"HiG_7"	30	"CYCS"	134	"HiG"
"HiG_7"	225	"BRIX1"	92	"HiG"
"HiG_7"	0	"RGS10"	233.5	"HiG"
"HiG_7"	255	"TIMM13"	82	"HiG"
"HiG_7"	5	"RAB5C"	159.5	"HiG"
"HiG_7"	784	"GTPBP4"	40	"HiG"
"HiG_7"	311	"PAICS"	63	"HiG"
"HiG_7"	33	"BIRC5"	132	"HiG"
"HiG_7"	305	"NOLC1"	64	"HiG"
"HiG_7"	1748	"DNAJA1"	15	"HiG"
"HiG_7"	1	"PPAN"	171.5	"HiG"
"HiG_7"	150	"DDX5"	104	"HiG"
"HiG_7"	1264	"SFXN1"	25.5	"HiG"
"HiG_7"	773	"PRMT1"	41	"HiG"
"HiG_7"	2097	"EBNA1BP2"	8	"HiG"
"HiG_7"	699	"PA2G4"	45	"HiG"
"HiG_7"	19	"SRSF6"	141.5	"HiG"
"HiG_7"	2049	"NCL"	10	"HiG"
"HiG_7"	785	"DDX21"	39	"HiG"
"HiG_7"	21521	"MYC"	1	"HiG"
"HiG_7"	184	"FABP5"	100	"HiG"
"HiG_7"	1757	"ENO1"	14	"HiG"
"HiG_7"	267	"DDX39B"	80.5	"HiG"
"HiG_7"	489	"GADD45GIP1"	54	"HiG"
"HiG_7"	1436	"TGFB1"	19	"HiG"
"HiG_7"	1871	"HSP90AA1"	13	"HiG"
"HiG_7"	0	"POP5"	233.5	"HiG"
"HiG_7"	986	"ARPC1B"	30	"HiG"
"HiG_7"	0	"NIP7"	233.5	"HiG"
"HiG_7"	1326	"PFN1"	22	"HiG"
"HiG_7"	0	"EPOR"	233.5	"HiG"
"HiG_7"	1166	"APOE"	28	"HiG"
"HiG_7"	0	"CREG1"	233.5	"HiG"
"HiG_7"	2902	"RUNX1"	5	"HiG"
"HiG_7"	70	"STMN1"	115	"HiG"
"HiG_7"	41	"CDT1"	126	"HiG"
"HiG_7"	9	"MAT2A"	150.5	"HiG"
"HiG_7"	0	"S100A10"	233.5	"HiG"
"HiG_7"	975	"HSPA9"	31	"HiG"
"HiG_7"	87	"RRM2"	113	"HiG"
"HiG_7"	0	"ORC6"	233.5	"HiG"
"HiG_7"	239	"DEK"	86	"HiG"
"HiG_7"	0	"BAZ1A"	233.5	"HiG"
"HiG_7"	205	"KLF1"	98	"HiG"
"HiG_7"	0	"CITED4"	233.5	"HiG"
"HiG_7"	0	"PPP1R15A"	233.5	"HiG"
"HiG_7"	0	"PRKAR2B"	233.5	"HiG"
"HiG_7"	0	"F10"	233.5	"HiG"
"HiG_7"	0	"ISYNA1"	233.5	"HiG"
"HiG_7"	939	"DKC1"	32	"HiG"
"HiG_7"	8	"MRPS26"	153	"HiG"
"HiG_7"	0	"ASNS"	233.5	"HiG"
"HiG_7"	0	"TOM1L1"	233.5	"HiG"
"HiG_7"	158	"PSMB10"	102	"HiG"
"HiG_7"	3173	"UBC"	3	"HiG"
"HiG_7"	217	"GSTO1"	95	"HiG"
"HiG_7"	1264	"SERBP1"	25.5	"HiG"
"HiG_7"	49	"PDCD5"	120.5	"HiG"
"HiG_7"	457	"PPA1"	55	"HiG"
"HiG_7"	7	"TK1"	156.5	"HiG"
"HiG_7"	2602	"HSPD1"	6	"HiG"
"HiG_7"	7	"CD9"	156.5	"HiG"
"HiG_7"	17	"F2R"	144	"HiG"
"HiG_7"	34	"SLC3A2"	131	"HiG"
"HiG_7"	0	"TOP1"	233.5	"HiG"
"HiG_7"	40	"FN1"	127.5	"HiG"
"HiG_7"	0	"GYPC"	233.5	"HiG"
"HiG_7"	1931	"APEX1"	12	"HiG"
"HiG_7"	0	"RND2"	233.5	"HiG"
"HiG_7"	351	"TOMM20"	62	"HiG"
"HiG_7"	267	"CYBA"	80.5	"HiG"
"HiG_7"	562	"TAL1"	47	"HiG"
"HiG_7"	0	"BEX1"	233.5	"HiG"
"HiG_7"	0	"PBX1"	233.5	"HiG"
"HiG_7"	8	"CDC34"	153	"HiG"
"HiG_7"	220	"ARHGDIB"	94	"HiG"
"HiG_7"	96	"CCT4"	109	"HiG"
"HiG_7"	886	"CCT8"	34	"HiG"
"HiG_7"	8	"VAMP8"	153	"HiG"
"HiG_7"	0	"NRTN"	233.5	"HiG"
"HiG_7"	0	"SLA2"	233.5	"HiG"
"HiG_7"	92	"GNL3"	110	"HiG"
"HiG_7"	0	"SLBP"	233.5	"HiG"
"HiG_7"	430	"EIF4A3"	57.5	"HiG"
"HiG_7"	1	"SNX3"	171.5	"HiG"
"HiG_7"	2280	"PKM"	7	"HiG"
"HiG_7"	0	"GMPS"	233.5	"HiG"
"HiG_7"	524	"UBASH3B"	52	"HiG"
"HiG_7"	233	"TIMM17A"	88	"HiG"
"HiG_7"	19	"FECH"	141.5	"HiG"
"HiG_7"	239	"GALK1"	86	"HiG"
"HiG_7"	0	"GPX4"	233.5	"HiG"
"HiG_7"	117	"PFDN4"	107	"HiG"
"HiG_7"	0	"PPM1G"	233.5	"HiG"
"HiG_7"	0	"JOSD2"	233.5	"HiG"
"HiG_7"	0	"IFRD2"	233.5	"HiG"
"HiG_7"	221	"TAGLN2"	93	"HiG"
"HiG_7"	0	"NOP10"	233.5	"HiG"
"HiG_7"	519	"NHP2"	53	"HiG"
"HiG_7"	0	"SSX2IP"	233.5	"HiG"
"HiG_7"	0	"RPL22L1"	233.5	"HiG"
"HiG_7"	402	"ANP32B"	60	"HiG"
"HiG_7"	276	"NOP58"	73.5	"HiG"
"HiG_7"	80	"HELLS"	114	"HiG"
"HiG_7"	232	"NSUN2"	89	"HiG"
"HiG_7"	0	"IFRD1"	233.5	"HiG"
"HiG_7"	1	"APRT"	171.5	"HiG"
"HiG_7"	0	"HDGF"	233.5	"HiG"
"HiG_7"	69	"NFE2"	116	"HiG"
"HiG_7"	0	"WDR12"	233.5	"HiG"
"HiG_7"	0	"GFI1B"	233.5	"HiG"
"HiG_7"	1418	"RPL7A"	21	"HiG"
"HiG_7"	1074	"MRPL12"	29	"HiG"
"HiG_7"	1281	"ENDOG"	23	"HiG"
"HiG_7"	0	"HAT1"	233.5	"HiG"
"HiG_7"	7	"IDH3A"	156.5	"HiG"
"HiG_7"	0	"MRTO4"	233.5	"HiG"
"HiG_7"	435	"SSB"	56	"HiG"
"HiG_7"	0	"SIVA1"	233.5	"HiG"
"HiG_7"	0	"NT5DC2"	233.5	"HiG"
"HiG_7"	302	"PRDX3"	65.5	"HiG"
"HiG_7"	0	"PYCR2"	233.5	"HiG"
"HiG_7"	0	"ADGRG1"	233.5	"HiG"
"HiG_7"	400	"PHGDH"	61	"HiG"
"HiG_7"	0	"PSAT1"	233.5	"HiG"
"HiG_7"	2074	"NOP56"	9	"HiG"
"HiG_7"	3060	"PRDX6"	4	"HiG"
"HiG_7"	546	"TPI1"	50	"HiG"
"HiG_7"	49	"TXN2"	120.5	"HiG"
"HiG_7"	6481	"PRDX2"	2	"HiG"
"HiG_7"	0	"ECI1"	233.5	"HiG"
"HiG_7"	811	"MRPL15"	37	"HiG"
"HiG_7"	32	"TUBA1C"	133	"HiG"
"HiG_7"	20	"IMPDH2"	140	"HiG"
"HiG_7"	0	"TNNI1"	233.5	"HiG"
"HiG_7"	23	"WDR77"	137	"HiG"
"HiG_7"	40	"CHCHD4"	127.5	"HiG"
"HiG_7"	230	"SOD2"	90	"HiG"
"HiG_7"	0	"MRPL36"	233.5	"HiG"
"HiG_7"	29	"CRIP2"	135	"HiG"
"HiG_7"	1	"UROD"	171.5	"HiG"
"HiG_7"	2	"ODC1"	166	"HiG"
"HiG_7"	4	"GPX1"	161.5	"HiG"
"HiG_7"	208	"NPM3"	96	"HiG"
"HiG_7"	38	"DDAH1"	129	"HiG"
"HiG_7"	0	"CDV3"	233.5	"HiG"
"HiG_7"	278	"CRLF3"	70	"HiG"
"HiG_7"	0	"CPOX"	233.5	"HiG"
"HiG_7"	239	"RSL1D1"	86	"HiG"
"HiG_7"	2	"MPHOSPH10"	166	"HiG"
"HiG_7"	89	"RRS1"	111.5	"HiG"
"HiG_7"	0	"MAK16"	233.5	"HiG"
"HiG_7"	707	"SLC25A4"	44	"HiG"
"HiG_7"	3	"SRM"	163.5	"HiG"
"HiG_7"	0	"HMGB3"	233.5	"HiG"
"HiG_7"	0	"FERMT3"	233.5	"HiG"
"HiG_7"	1446	"SLC25A3"	18	"HiG"
"HiG_7"	1202	"SLC25A5"	27	"HiG"
"HiG_7"	0	"PGP"	233.5	"HiG"
"HiG_7"	11	"UBE2L6"	149	"HiG"
"HiG_7"	0	"OSTF1"	233.5	"HiG"
"HiG_7"	0	"PPIC"	233.5	"HiG"
"HiG_7"	274	"EGFL7"	78	"HiG"
"HiG_7"	0	"EEF1E1"	233.5	"HiG"
"HiG_7"	3	"TIMM10"	163.5	"HiG"
"HiG_7"	736	"NDUFS7"	42	"HiG"
"HiG_7"	35	"NDUFB10"	130	"HiG"
"HiG_7"	14	"UQCR11"	147	"HiG"
"HiG_7"	112	"TKT"	108	"HiG"
"HiG_7"	545	"TUBB4B"	51	"HiG"
"HiG_7"	0	"FAM162A"	233.5	"HiG"
"HiG_7"	152	"RANGRF"	103	"HiG"
"HiG_7"	200	"TMEM9"	99	"HiG"
"HiG_7"	0	"GCLM"	233.5	"HiG"
"HiG_7"	0	"VAT1"	233.5	"HiG"
"HiG_7"	2	"SHMT1"	166	"HiG"
"HiG_7"	16	"MRPL57"	145	"HiG"
"HiG_7"	0	"SH3BGRL3"	233.5	"HiG"
"HiG_7"	0	"BLVRB"	233.5	"HiG"
"HiG_7"	276	"COMTD1"	73.5	"HiG"
"HiG_7"	0	"NOL7"	233.5	"HiG"
"HiG_7"	0	"SNRNP25"	233.5	"HiG"
"HiG_7"	0	"FGF3"	233.5	"HiG"
"HiG_7"	550	"ATP6V0B"	48.5	"HiG"
"HiG_7"	18	"PPID"	143	"HiG"
"HiG_7"	0	"PRCP"	233.5	"HiG"
"HiG_7"	13	"GLRX5"	148	"HiG"
"HiG_7"	0	"RBM38"	233.5	"HiG"
"HiG_7"	0	"DPH3"	233.5	"HiG"
"HiG_7"	56	"ITGA2B"	118	"HiG"
"HiG_7"	0	"CTSZ"	233.5	"HiG"
"HiG_7"	276	"CMAS"	73.5	"HiG"
"HiG_7"	0	"SMS"	233.5	"HiG"
"HiG_7"	143	"NDUFA8"	105	"HiG"
"HiG_7"	0	"HMBS"	233.5	"HiG"
"HiG_7"	0	"MRPS24"	233.5	"HiG"
"HiG_7"	0	"NPL"	233.5	"HiG"
"HiG_7"	0	"CDCA7"	233.5	"HiG"
"HiG_7"	0	"MRPL34"	233.5	"HiG"
"HiG_7"	0	"SEC11C"	233.5	"HiG"
"HiG_7"	0	"MTFP1"	233.5	"HiG"
"HiG_7"	276	"FAM210B"	73.5	"HiG"
"HiG_7"	269	"NDUFAF4"	79	"HiG"
"HiG_7"	5	"CARNMT1"	159.5	"HiG"
"HiG_7"	0	"PPP1R14B"	233.5	"HiG"
"HiG_7"	42	"TIMM8B"	123.5	"HiG"
"HiG_7"	0	"BEX4"	233.5	"HiG"
"HiG_7"	0	"SLC16A3"	233.5	"HiG"
"HiG_7"	0	"SLC38A5"	233.5	"HiG"
"HiG_7"	286	"CHCHD10"	68.5	"HiG"
"HiG_7"	846	"COX8A"	36	"HiG"
"HiG_7"	1	"YBX3"	171.5	"HiG"
"HiG_7"	0	"PRODH"	233.5	"HiG"
"HiG_7"	0	"SLC39A8"	233.5	"HiG"
"HiG_7"	0	"SMTNL2"	233.5	"HiG"
"HiG_7"	1	"SYNGR2"	171.5	"HiG"
"HiG_7"	276	"MNS1"	73.5	"HiG"
"HiG_7"	0	"SMIM3"	233.5	"HiG"
"HiG_7"	0	"SDHD"	233.5	"HiG"
"HiG_7"	0	"NINJ1"	233.5	"HiG"
"HiG_7"	0	"AQP8"	233.5	"HiG"
"HiG_7"	0	"TMEM14C"	233.5	"HiG"
"HiG_7"	0	"SMIM1"	233.5	"HiG"
"HiG_7"	0	"SYCE2"	233.5	"HiG"
"HiG_7"	0	"TLCD1"	233.5	"HiG"
"HiG_7"	276	"TSPAN4"	73.5	"HiG"
"HiG_7"	0	"RASGRP2"	233.5	"HiG"
"HiG_7"	0	"TPST2"	233.5	"HiG"
"HiG_7"	0	"UNG"	233.5	"HiG"
"HiG_7"	0	"TSPAN33"	233.5	"HiG"
"HiG_7"	0	"FRRS1"	233.5	"HiG"
"HiG_7"	22	"TIPIN"	138	"HiG"
"HiG_7"	1	"ZFPM1"	171.5	"HiG"
"HiG_7"	0	"TSPAN32"	233.5	"HiG"
"HiG_11"	1301	"COL1A1"	42	"HiG"
"HiG_11"	19	"CCND3"	199	"HiG"
"HiG_11"	482	"CCNB1"	86	"HiG"
"HiG_11"	494	"ANXA5"	84	"HiG"
"HiG_11"	1066	"GABARAP"	47	"HiG"
"HiG_11"	7	"GNAI2"	223	"HiG"
"HiG_11"	10	"P4HA2"	211.5	"HiG"
"HiG_11"	0	"ID3"	330	"HiG"
"HiG_11"	16	"SRSF9"	204	"HiG"
"HiG_11"	2	"RAP1A"	243.5	"HiG"
"HiG_11"	7	"APBB1"	223	"HiG"
"HiG_11"	2282	"NONO"	25	"HiG"
"HiG_11"	1711	"MAGED1"	34	"HiG"
"HiG_11"	668	"NDN"	75	"HiG"
"HiG_11"	359	"ID2"	119	"HiG"
"HiG_11"	383	"CDKN1C"	106.5	"HiG"
"HiG_11"	1577	"SERPINH1"	36	"HiG"
"HiG_11"	2	"CADM1"	243.5	"HiG"
"HiG_11"	249	"CLNS1A"	133	"HiG"
"HiG_11"	377	"PEG10"	111.5	"HiG"
"HiG_11"	910	"ILK"	56	"HiG"
"HiG_11"	1228	"EIF4A1"	43	"HiG"
"HiG_11"	3	"GADD45G"	236	"HiG"
"HiG_11"	897	"P4HB"	59	"HiG"
"HiG_11"	1	"MT-ND2"	253.5	"HiG"
"HiG_11"	953	"CLIC1"	53	"HiG"
"HiG_11"	0	"BNIP3L"	330	"HiG"
"HiG_11"	1583	"MYL6"	35	"HiG"
"HiG_11"	1030	"RBPMS"	50	"HiG"
"HiG_11"	1	"ITM2C"	253.5	"HiG"
"HiG_11"	149	"HNRNPK"	148	"HiG"
"HiG_11"	7	"HOXB6"	223	"HiG"
"HiG_11"	753	"BEX3"	62.5	"HiG"
"HiG_11"	428	"PDLIM7"	93	"HiG"
"HiG_11"	25	"HOXA9"	193.5	"HiG"
"HiG_11"	7010	"ACTG1"	4	"HiG"
"HiG_11"	2190	"KRT18"	26	"HiG"
"HiG_11"	0	"BAMBI"	330	"HiG"
"HiG_11"	31	"EFEMP2"	188.5	"HiG"
"HiG_11"	0	"COX17"	330	"HiG"
"HiG_11"	8	"PDLIM4"	218.5	"HiG"
"HiG_11"	0	"PHLDA1"	330	"HiG"
"HiG_11"	0	"BEX2"	330	"HiG"
"HiG_11"	0	"PMM1"	330	"HiG"
"HiG_11"	0	"ARHGAP29"	330	"HiG"
"HiG_11"	0	"GINS2"	330	"HiG"
"HiG_11"	0	"FTH1"	330	"HiG"
"HiG_11"	72	"RTN3"	164	"HiG"
"HiG_11"	0	"RCN3"	330	"HiG"
"HiG_11"	68	"PITX1"	166	"HiG"
"HiG_11"	772	"CALM2"	61	"HiG"
"HiG_11"	0	"GCSH"	330	"HiG"
"HiG_11"	176	"ARL6IP1"	145	"HiG"
"HiG_11"	0	"GPX7"	330	"HiG"
"HiG_11"	753	"BNIP3"	62.5	"HiG"
"HiG_11"	0	"BCCIP"	330	"HiG"
"HiG_11"	0	"PLAC8"	330	"HiG"
"HiG_11"	904	"RTN4"	57	"HiG"
"HiG_11"	0	"CNTFR"	330	"HiG"
"HiG_11"	0	"NUP62CL"	330	"HiG"
"HiG_11"	448	"CTNNBIP1"	90	"HiG"
"HiG_11"	4199	"JUN"	10	"HiG"
"HiG_11"	3140	"HSP90AB1"	15	"HiG"
"HiG_11"	0	"RP9"	330	"HiG"
"HiG_11"	6293	"HDAC1"	6	"HiG"
"HiG_11"	17247	"HSPA5"	1	"HiG"
"HiG_11"	0	"MORF4L2"	330	"HiG"
"HiG_11"	0	"TCEAL9"	330	"HiG"
"HiG_11"	0	"EIF4EBP1"	330	"HiG"
"HiG_11"	681	"DSTN"	72	"HiG"
"HiG_11"	386	"PPP1CB"	103	"HiG"
"HiG_11"	65	"LYAR"	167	"HiG"
"HiG_11"	349	"FKBP4"	121	"HiG"
"HiG_11"	0	"ELOVL1"	330	"HiG"
"HiG_11"	73	"EIF3M"	163	"HiG"
"HiG_11"	3926	"LGALS1"	11	"HiG"
"HiG_11"	1814	"LRRC59"	30	"HiG"
"HiG_11"	0	"BRIX1"	330	"HiG"
"HiG_11"	1904	"CALR"	29	"HiG"
"HiG_11"	0	"DEGS1"	330	"HiG"
"HiG_11"	434	"NASP"	92	"HiG"
"HiG_11"	83	"FBLN1"	157	"HiG"
"HiG_11"	292	"PAICS"	126	"HiG"
"HiG_11"	372	"BIRC5"	117	"HiG"
"HiG_11"	33	"FSCN1"	186.5	"HiG"
"HiG_11"	752	"MT-CO2"	64.5	"HiG"
"HiG_11"	4	"SSR3"	230	"HiG"
"HiG_11"	1407	"ATXN10"	38	"HiG"
"HiG_11"	961	"ANXA2"	52	"HiG"
"HiG_11"	360	"DNAJA1"	118	"HiG"
"HiG_11"	1367	"GNAS"	40	"HiG"
"HiG_11"	937	"FBL"	55	"HiG"
"HiG_11"	556	"PGRMC1"	81	"HiG"
"HiG_11"	0	"CNIH4"	330	"HiG"
"HiG_11"	0	"DDT"	330	"HiG"
"HiG_11"	3420	"DDX5"	14	"HiG"
"HiG_11"	304	"SFXN1"	124	"HiG"
"HiG_11"	0	"HNRNPH3"	330	"HiG"
"HiG_11"	811	"EBNA1BP2"	60	"HiG"
"HiG_11"	551	"PA2G4"	82	"HiG"
"HiG_11"	3025	"PDIA6"	18	"HiG"
"HiG_11"	0	"MEST"	330	"HiG"
"HiG_11"	12072	"NCL"	3	"HiG"
"HiG_11"	700	"CTNNA1"	70	"HiG"
"HiG_11"	560	"CBX1"	80	"HiG"
"HiG_11"	8	"SMAD7"	218.5	"HiG"
"HiG_11"	107	"GATA4"	150	"HiG"
"HiG_11"	0	"MAPK3"	330	"HiG"
"HiG_11"	12	"LSR"	208.5	"HiG"
"HiG_11"	41	"PTOV1"	182	"HiG"
"HiG_11"	45	"CDH2"	179	"HiG"
"HiG_11"	1761	"ENO1"	33	"HiG"
"HiG_11"	74	"DDX39B"	162	"HiG"
"HiG_11"	1809	"CALM1"	31	"HiG"
"HiG_11"	25	"MAP1B"	193.5	"HiG"
"HiG_11"	383	"TGFB1"	106.5	"HiG"
"HiG_11"	3646	"HSP90AA1"	13	"HiG"
"HiG_11"	375	"SELENOS"	116	"HiG"
"HiG_11"	0	"TSEN34"	330	"HiG"
"HiG_11"	677	"ID1"	73	"HiG"
"HiG_11"	1133	"BMP4"	45	"HiG"
"HiG_11"	219	"ARPC1B"	138	"HiG"
"HiG_11"	0	"SMARCD3"	330	"HiG"
"HiG_11"	0	"RNF128"	330	"HiG"
"HiG_11"	2	"HAND1"	243.5	"HiG"
"HiG_11"	3	"RALA"	236	"HiG"
"HiG_11"	0	"DBN1"	330	"HiG"
"HiG_11"	0	"CSTB"	330	"HiG"
"HiG_11"	382	"CST3"	108	"HiG"
"HiG_11"	0	"JAM3"	330	"HiG"
"HiG_11"	2	"APOE"	243.5	"HiG"
"HiG_11"	24	"LRPAP1"	195	"HiG"
"HiG_11"	8	"GJA1"	218.5	"HiG"
"HiG_11"	6772	"ACTC1"	5	"HiG"
"HiG_11"	0	"GRB10"	330	"HiG"
"HiG_11"	492	"HMGA2"	85	"HiG"
"HiG_11"	70	"S100A10"	165	"HiG"
"HiG_11"	2370	"ITGB1"	23	"HiG"
"HiG_11"	476	"RRM2"	88	"HiG"
"HiG_11"	4	"ORC6"	230	"HiG"
"HiG_11"	48	"DEK"	173	"HiG"
"HiG_11"	2330	"RBBP4"	24	"HiG"
"HiG_11"	3127	"HSP90B1"	17	"HiG"
"HiG_11"	1038	"RBBP7"	48	"HiG"
"HiG_11"	15	"CDX2"	205.5	"HiG"
"HiG_11"	0	"HES1"	330	"HiG"
"HiG_11"	45	"MSX1"	179	"HiG"
"HiG_11"	1088	"CD81"	46	"HiG"
"HiG_11"	54	"PJA1"	171	"HiG"
"HiG_11"	405	"CAPNS1"	96.5	"HiG"
"HiG_11"	1	"ISYNA1"	253.5	"HiG"
"HiG_11"	2	"OAT"	243.5	"HiG"
"HiG_11"	45	"TAX1BP3"	179	"HiG"
"HiG_11"	0	"LAPTM4A"	330	"HiG"
"HiG_11"	3134	"VIM"	16	"HiG"
"HiG_11"	0	"KLF6"	330	"HiG"
"HiG_11"	0	"MAP7D1"	330	"HiG"
"HiG_11"	391	"RER1"	100	"HiG"
"HiG_11"	257	"RRAS2"	131	"HiG"
"HiG_11"	0	"TPD52L1"	330	"HiG"
"HiG_11"	5961	"UBC"	7	"HiG"
"HiG_11"	0	"ARL3"	330	"HiG"
"HiG_11"	9	"TK1"	215	"HiG"
"HiG_11"	17	"SNRPN"	202.5	"HiG"
"HiG_11"	2983	"HSPD1"	20	"HiG"
"HiG_11"	674	"ARPC5"	74	"HiG"
"HiG_11"	105	"CD63"	151	"HiG"
"HiG_11"	42	"PDGFA"	181	"HiG"
"HiG_11"	101	"PGF"	153	"HiG"
"HiG_11"	0	"DNAJC3"	330	"HiG"
"HiG_11"	335	"ARPC2"	123	"HiG"
"HiG_11"	588	"GNB4"	78	"HiG"
"HiG_11"	0	"ITGB5"	330	"HiG"
"HiG_11"	203	"ILF2"	141	"HiG"
"HiG_11"	2430	"TOP1"	22	"HiG"
"HiG_11"	1	"IGF2"	253.5	"HiG"
"HiG_11"	344	"NRP1"	122	"HiG"
"HiG_11"	579	"GNB2"	79	"HiG"
"HiG_11"	1391	"FN1"	39	"HiG"
"HiG_11"	0	"ARF5"	330	"HiG"
"HiG_11"	1803	"PDIA3"	32	"HiG"
"HiG_11"	0	"TEAD2"	330	"HiG"
"HiG_11"	2055	"KRT8"	27	"HiG"
"HiG_11"	480	"APEX1"	87	"HiG"
"HiG_11"	3	"RANBP1"	236	"HiG"
"HiG_11"	536	"SLC2A1"	83	"HiG"
"HiG_11"	0	"BEX1"	330	"HiG"
"HiG_11"	0	"SFRP1"	330	"HiG"
"HiG_11"	1323	"SPARC"	41	"HiG"
"HiG_11"	30	"SMAD6"	190	"HiG"
"HiG_11"	0	"GDI2"	330	"HiG"
"HiG_11"	271	"EFNB1"	128	"HiG"
"HiG_11"	5	"SH3GLB1"	227	"HiG"
"HiG_11"	46	"HMGN1"	176.5	"HiG"
"HiG_11"	0	"DOK4"	330	"HiG"
"HiG_11"	0	"MDK"	330	"HiG"
"HiG_11"	741	"MARCKS"	67	"HiG"
"HiG_11"	0	"IGF2R"	330	"HiG"
"HiG_11"	405	"ARF4"	96.5	"HiG"
"HiG_11"	752	"HMGB2"	64.5	"HiG"
"HiG_11"	78	"MMP14"	159	"HiG"
"HiG_11"	1036	"PDIA4"	49	"HiG"
"HiG_11"	0	"PEG3"	330	"HiG"
"HiG_11"	3	"HOXA10"	236	"HiG"
"HiG_11"	389	"CCT4"	102	"HiG"
"HiG_11"	951	"CCT8"	54	"HiG"
"HiG_11"	0	"VAMP8"	330	"HiG"
"HiG_11"	35	"TPM4"	184.5	"HiG"
"HiG_11"	4	"CSRP2"	230	"HiG"
"HiG_11"	377	"GATA5"	111.5	"HiG"
"HiG_11"	0	"GATA6"	330	"HiG"
"HiG_11"	46	"PRDX1"	176.5	"HiG"
"HiG_11"	3	"MPZL1"	236	"HiG"
"HiG_11"	126	"CALD1"	149	"HiG"
"HiG_11"	376	"MT-ND1"	115	"HiG"
"HiG_11"	4398	"ACTA2"	9	"HiG"
"HiG_11"	2	"SDC1"	243.5	"HiG"
"HiG_11"	0	"COX4I2"	330	"HiG"
"HiG_11"	377	"CYB5A"	111.5	"HiG"
"HiG_11"	225	"SNX2"	137	"HiG"
"HiG_11"	75	"SNX6"	161	"HiG"
"HiG_11"	692	"TPM1"	71	"HiG"
"HiG_11"	58	"LMNB1"	170	"HiG"
"HiG_11"	7	"SLBP"	223	"HiG"
"HiG_11"	50	"MSX2"	172	"HiG"
"HiG_11"	233	"EIF4A3"	135.5	"HiG"
"HiG_11"	394	"DLK1"	98	"HiG"
"HiG_11"	1	"MAP1LC3A"	253.5	"HiG"
"HiG_11"	35	"SNX3"	184.5	"HiG"
"HiG_11"	19	"PCLAF"	199	"HiG"
"HiG_11"	392	"PKM"	99	"HiG"
"HiG_11"	0	"ASB4"	330	"HiG"
"HiG_11"	0	"GMPS"	330	"HiG"
"HiG_11"	438	"SNAI1"	91	"HiG"
"HiG_11"	0	"CLTA"	330	"HiG"
"HiG_11"	0	"AMOT"	330	"HiG"
"HiG_11"	0	"GALK1"	330	"HiG"
"HiG_11"	5481	"TUBA1A"	8	"HiG"
"HiG_11"	1968	"CKAP4"	28	"HiG"
"HiG_11"	29	"NHP2"	191.5	"HiG"
"HiG_11"	80	"MYL12B"	158	"HiG"
"HiG_11"	390	"ANP32B"	101	"HiG"
"HiG_11"	3780	"MAGED2"	12	"HiG"
"HiG_11"	736	"PGK1"	68	"HiG"
"HiG_11"	1	"CSRP1"	253.5	"HiG"
"HiG_11"	0	"PAIP2"	330	"HiG"
"HiG_11"	2999	"YWHAE"	19	"HiG"
"HiG_11"	0	"TSC22D1"	330	"HiG"
"HiG_11"	0	"HOXC9"	330	"HiG"
"HiG_11"	0	"XBP1"	330	"HiG"
"HiG_11"	33	"SUV39H1"	186.5	"HiG"
"HiG_11"	297	"HAT1"	125	"HiG"
"HiG_11"	10	"LRRFIP1"	211.5	"HiG"
"HiG_11"	0	"CNN3"	330	"HiG"
"HiG_11"	9	"SSB"	215	"HiG"
"HiG_11"	88	"LUZP1"	156	"HiG"
"HiG_11"	18	"PRDX3"	201	"HiG"
"HiG_11"	0	"ERP29"	330	"HiG"
"HiG_11"	20	"PHGDH"	197	"HiG"
"HiG_11"	474	"TPI1"	89	"HiG"
"HiG_11"	713	"MYCN"	69	"HiG"
"HiG_11"	2675	"YWHAQ"	21	"HiG"
"HiG_11"	1223	"RRBP1"	44	"HiG"
"HiG_11"	377	"SURF4"	111.5	"HiG"
"HiG_11"	1	"CRIP2"	253.5	"HiG"
"HiG_11"	0	"TTC3"	330	"HiG"
"HiG_11"	0	"CRABP1"	330	"HiG"
"HiG_11"	664	"ODC1"	76	"HiG"
"HiG_11"	194	"REEP5"	143	"HiG"
"HiG_11"	0	"BBX"	330	"HiG"
"HiG_11"	384	"TWIST1"	104.5	"HiG"
"HiG_11"	658	"BASP1"	77	"HiG"
"HiG_11"	262	"CNN2"	130	"HiG"
"HiG_11"	0	"PHLDB2"	330	"HiG"
"HiG_11"	384	"SLC25A4"	104.5	"HiG"
"HiG_11"	0	"PCGF5"	330	"HiG"
"HiG_11"	15	"LAPTM4B"	205.5	"HiG"
"HiG_11"	1	"PALLD"	253.5	"HiG"
"HiG_11"	3	"SRM"	236	"HiG"
"HiG_11"	0	"AKR1A1"	330	"HiG"
"HiG_11"	1	"PGM2"	253.5	"HiG"
"HiG_11"	0	"HMGB3"	330	"HiG"
"HiG_11"	76	"SLC25A5"	160	"HiG"
"HiG_11"	0	"PGP"	330	"HiG"
"HiG_11"	0	"CCDC80"	330	"HiG"
"HiG_11"	0	"RAB34"	330	"HiG"
"HiG_11"	0	"PPP1R14A"	330	"HiG"
"HiG_11"	0	"PLP2"	330	"HiG"
"HiG_11"	36	"COL1A2"	183	"HiG"
"HiG_11"	19	"PPIC"	199	"HiG"
"HiG_11"	9	"PCBP4"	215	"HiG"
"HiG_11"	0	"TBCB"	330	"HiG"
"HiG_11"	17	"TUBB6"	202.5	"HiG"
"HiG_11"	7	"OXCT1"	223	"HiG"
"HiG_11"	47	"IMPDH1"	174.5	"HiG"
"HiG_11"	102	"TKT"	152	"HiG"
"HiG_11"	0	"TXNDC17"	330	"HiG"
"HiG_11"	411	"TUBB4B"	95	"HiG"
"HiG_11"	1466	"VDAC1"	37	"HiG"
"HiG_11"	2	"MARCKSL1"	243.5	"HiG"
"HiG_11"	21	"FERMT2"	196	"HiG"
"HiG_11"	181	"TPM2"	144	"HiG"
"HiG_11"	1	"NENF"	253.5	"HiG"
"HiG_11"	0	"FAM162A"	330	"HiG"
"HiG_11"	94	"RBMS1"	155	"HiG"
"HiG_11"	4	"MTX2"	230	"HiG"
"HiG_11"	0	"RDX"	330	"HiG"
"HiG_11"	0	"CFL2"	330	"HiG"
"HiG_11"	62	"RCN2"	168.5	"HiG"
"HiG_11"	237	"TMSB10"	134	"HiG"
"HiG_11"	0	"SH3BGRL3"	330	"HiG"
"HiG_11"	250	"PSME2"	132	"HiG"
"HiG_11"	0	"KRCC1"	330	"HiG"
"HiG_11"	13099	"VCAM1"	2	"HiG"
"HiG_11"	0	"MORC4"	330	"HiG"
"HiG_11"	270	"TMED9"	129	"HiG"
"HiG_11"	199	"LMAN2"	142	"HiG"
"HiG_11"	750	"MT-ND4"	66	"HiG"
"HiG_11"	0	"GLIPR2"	330	"HiG"
"HiG_11"	995	"PPID"	51	"HiG"
"HiG_11"	278	"TMBIM6"	127	"HiG"
"HiG_11"	377	"MT-CO3"	111.5	"HiG"
"HiG_11"	210	"HOXA7"	139	"HiG"
"HiG_11"	233	"IDH2"	135.5	"HiG"
"HiG_11"	8	"MTAP"	218.5	"HiG"
"HiG_11"	2	"UGDH"	243.5	"HiG"
"HiG_11"	0	"RSRP1"	330	"HiG"
"HiG_11"	159	"IGFBP4"	147	"HiG"
"HiG_11"	0	"UBE2R2"	330	"HiG"
"HiG_11"	3	"UGP2"	236	"HiG"
"HiG_11"	898	"RHOC"	58	"HiG"
"HiG_11"	6	"GPX3"	226	"HiG"
"HiG_11"	47	"ITM2A"	174.5	"HiG"
"HiG_11"	31	"PMP22"	188.5	"HiG"
"HiG_11"	0	"LIMD2"	330	"HiG"
"HiG_11"	12	"EVA1B"	208.5	"HiG"
"HiG_11"	0	"TXNDC12"	330	"HiG"
"HiG_11"	0	"METTL9"	330	"HiG"
"HiG_11"	0	"TNFAIP1"	330	"HiG"
"HiG_11"	1	"MANF"	253.5	"HiG"
"HiG_11"	0	"CTHRC1"	330	"HiG"
"HiG_11"	0	"SELENOK"	330	"HiG"
"HiG_11"	0	"PLAC1"	330	"HiG"
"HiG_11"	0	"CFC1"	330	"HiG"
"HiG_11"	0	"CCDC34"	330	"HiG"
"HiG_11"	0	"TSPAN3"	330	"HiG"
"HiG_11"	167	"GPC3"	146	"HiG"
"HiG_11"	29	"MTCH1"	191.5	"HiG"
"HiG_11"	0	"TBX20"	330	"HiG"
"HiG_11"	0	"CARNMT1"	330	"HiG"
"HiG_11"	4	"SMC6"	230	"HiG"
"HiG_11"	0	"FOXF1"	330	"HiG"
"HiG_11"	0	"FSTL1"	330	"HiG"
"HiG_11"	356	"WLS"	120	"HiG"
"HiG_11"	0	"ABRACL"	330	"HiG"
"HiG_11"	0	"HMGN5"	330	"HiG"
"HiG_11"	0	"SSR2"	330	"HiG"
"HiG_11"	0	"RSPO3"	330	"HiG"
"HiG_11"	0	"BEX4"	330	"HiG"
"HiG_11"	0	"OAZ2"	330	"HiG"
"HiG_11"	0	"POLG"	330	"HiG"
"HiG_11"	0	"PHLDA2"	330	"HiG"
"HiG_11"	0	"SLC16A3"	330	"HiG"
"HiG_11"	0	"PRDM6"	330	"HiG"
"HiG_11"	0	"PLPP3"	330	"HiG"
"HiG_11"	10	"SPATS2L"	211.5	"HiG"
"HiG_11"	0	"SGCE"	330	"HiG"
"HiG_11"	0	"CAPN6"	330	"HiG"
"HiG_11"	0	"SMTNL2"	330	"HiG"
"HiG_11"	10	"RBPMS2"	211.5	"HiG"
"HiG_11"	0	"SOX11"	330	"HiG"
"HiG_11"	377	"GPX8"	111.5	"HiG"
"HiG_11"	0	"STARD3NL"	330	"HiG"
"HiG_11"	0	"PERP"	330	"HiG"
"HiG_11"	0	"CMTM7"	330	"HiG"
"HiG_11"	0	"GAS1"	330	"HiG"
"HiG_11"	417	"MGARP"	94	"HiG"
"HiG_11"	0	"IGDCC3"	330	"HiG"
"HiG_11"	1	"SALL4"	253.5	"HiG"
"HiG_11"	0	"MT-ATP6"	330	"HiG"
"HiG_11"	0	"TMEM88"	330	"HiG"
"HiG_11"	0	"AARD"	330	"HiG"
"HiG_11"	0	"SMIM1"	330	"HiG"
"HiG_11"	0	"BRI3"	330	"HiG"
"HiG_11"	0	"TBRG1"	330	"HiG"
"HiG_11"	0	"TMEM119"	330	"HiG"
"HiG_11"	97	"VCAN"	154	"HiG"
"HiG_11"	14	"IFITM1"	207	"HiG"
"HiG_11"	0	"RGS5"	330	"HiG"
"HiG_11"	0	"RASL11A"	330	"HiG"
"HiG_11"	0	"WNT2"	330	"HiG"
"HiG_11"	0	"TWIST2"	330	"HiG"
"HiG_11"	0	"SH3BGR"	330	"HiG"
"HiG_11"	0	"NUDT4"	330	"HiG"
"HiG_11"	0	"TMEM158"	330	"HiG"
"HiG_11"	62	"PCOLCE"	168.5	"HiG"
"HiG_11"	0	"TCEAL8"	330	"HiG"
"HiG_11"	0	"SLC38A4"	330	"HiG"
"HiG_11"	205	"PRRX2"	140	"HiG"
"HiG_11"	0	"MOGAT2"	330	"HiG"
"HiG_15"	3855	"RPA2"	8	"HiG"
"HiG_15"	292	"ALDOA"	119	"HiG"
"HiG_15"	343	"CITED2"	100	"HiG"
"HiG_15"	0	"CCND3"	304.5	"HiG"
"HiG_15"	2953	"CCNB1"	16	"HiG"
"HiG_15"	1511	"GNAI2"	29	"HiG"
"HiG_15"	2568	"C1QBP"	18	"HiG"
"HiG_15"	215	"EIF3E"	127	"HiG"
"HiG_15"	332	"ID3"	110	"HiG"
"HiG_15"	0	"LYL1"	304.5	"HiG"
"HiG_15"	144	"SRSF9"	138	"HiG"
"HiG_15"	468	"ANP32A"	81	"HiG"
"HiG_15"	26	"MCM7"	193.5	"HiG"
"HiG_15"	24	"RAP1A"	196.5	"HiG"
"HiG_15"	638	"RAP1B"	64	"HiG"
"HiG_15"	684	"LMO2"	62	"HiG"
"HiG_15"	37	"CLU"	186	"HiG"
"HiG_15"	94	"FKBP1A"	155	"HiG"
"HiG_15"	343	"FLI1"	100	"HiG"
"HiG_15"	1133	"MSN"	41	"HiG"
"HiG_15"	0	"HTRA2"	304.5	"HiG"
"HiG_15"	386	"SERPINH1"	92	"HiG"
"HiG_15"	12	"F11R"	207	"HiG"
"HiG_15"	197	"RAN"	130	"HiG"
"HiG_15"	97	"TACC1"	153.5	"HiG"
"HiG_15"	54	"CLNS1A"	176	"HiG"
"HiG_15"	840	"EIF4A1"	51.5	"HiG"
"HiG_15"	4	"PRKAB1"	224.5	"HiG"
"HiG_15"	81	"GADD45G"	161	"HiG"
"HiG_15"	1261	"RAB11A"	35	"HiG"
"HiG_15"	420	"CLIC1"	85	"HiG"
"HiG_15"	8911	"ACTB"	1	"HiG"
"HiG_15"	310	"MYL6"	116	"HiG"
"HiG_15"	99	"RBPMS"	150	"HiG"
"HiG_15"	761	"HNRNPK"	55.5	"HiG"
"HiG_15"	0	"DCTPP1"	304.5	"HiG"
"HiG_15"	1879	"ACTG1"	23	"HiG"
"HiG_15"	0	"PHLDA1"	304.5	"HiG"
"HiG_15"	39	"DUT"	183	"HiG"
"HiG_15"	2	"EMILIN1"	235.5	"HiG"
"HiG_15"	64	"IMP3"	172	"HiG"
"HiG_15"	2	"FTH1"	235.5	"HiG"
"HiG_15"	1332	"CALM2"	33	"HiG"
"HiG_15"	48	"IPO11"	178.5	"HiG"
"HiG_15"	0	"GCSH"	304.5	"HiG"
"HiG_15"	153	"DDAH2"	136	"HiG"
"HiG_15"	328	"ARL6IP1"	112.5	"HiG"
"HiG_15"	3	"PRPS1"	228	"HiG"
"HiG_15"	0	"PDLIM1"	304.5	"HiG"
"HiG_15"	1352	"VASP"	32	"HiG"
"HiG_15"	99	"RTN4"	150	"HiG"
"HiG_15"	172	"RALB"	134	"HiG"
"HiG_15"	2809	"JUN"	17	"HiG"
"HiG_15"	8	"RP9"	216	"HiG"
"HiG_15"	3791	"HSPA5"	9	"HiG"
"HiG_15"	1144	"RUVBL2"	40	"HiG"
"HiG_15"	1	"OLA1"	245	"HiG"
"HiG_15"	3401	"CDC20"	11	"HiG"
"HiG_15"	34	"PTP4A3"	188	"HiG"
"HiG_15"	0	"EIF4EBP1"	304.5	"HiG"
"HiG_15"	10	"LYAR"	210.5	"HiG"
"HiG_15"	133	"EIF3M"	142	"HiG"
"HiG_15"	840	"LGALS1"	51.5	"HiG"
"HiG_15"	44	"CYCS"	181	"HiG"
"HiG_15"	232	"BRIX1"	124	"HiG"
"HiG_15"	102	"RAB5C"	147.5	"HiG"
"HiG_15"	485	"PAICS"	77	"HiG"
"HiG_15"	413	"BIRC5"	87	"HiG"
"HiG_15"	936	"AURKA"	47	"HiG"
"HiG_15"	33	"AFAP1L1"	189	"HiG"
"HiG_15"	370	"NOLC1"	94	"HiG"
"HiG_15"	1430	"DNAJA1"	31	"HiG"
"HiG_15"	4871	"FBL"	3	"HiG"
"HiG_15"	39	"PPAN"	183	"HiG"
"HiG_15"	903	"DDX5"	48	"HiG"
"HiG_15"	329	"SFXN1"	111	"HiG"
"HiG_15"	343	"EHD4"	100	"HiG"
"HiG_15"	1611	"PRMT1"	28	"HiG"
"HiG_15"	882	"EBNA1BP2"	49	"HiG"
"HiG_15"	855	"PA2G4"	50	"HiG"
"HiG_15"	525	"PDIA6"	70	"HiG"
"HiG_15"	0	"MEST"	304.5	"HiG"
"HiG_15"	4527	"NCL"	4	"HiG"
"HiG_15"	757	"DDX21"	57	"HiG"
"HiG_15"	3712	"CDK1"	10	"HiG"
"HiG_15"	514	"CCND1"	71	"HiG"
"HiG_15"	337	"CD151"	107.5	"HiG"
"HiG_15"	1866	"ENO1"	24	"HiG"
"HiG_15"	57	"DDX39B"	174	"HiG"
"HiG_15"	360	"ETS2"	96	"HiG"
"HiG_15"	416	"GADD45GIP1"	86	"HiG"
"HiG_15"	5310	"CDH5"	2	"HiG"
"HiG_15"	3371	"CALM1"	12	"HiG"
"HiG_15"	1029	"TGFB1"	43	"HiG"
"HiG_15"	4363	"HSP90AA1"	6	"HiG"
"HiG_15"	102	"DNMT3B"	147.5	"HiG"
"HiG_15"	6	"POP5"	219.5	"HiG"
"HiG_15"	3291	"KDR"	13	"HiG"
"HiG_15"	749	"ARPC1B"	58	"HiG"
"HiG_15"	0	"RAMP2"	304.5	"HiG"
"HiG_15"	2	"NIP7"	235.5	"HiG"
"HiG_15"	4371	"PFN1"	5	"HiG"
"HiG_15"	340	"IGF1"	103.5	"HiG"
"HiG_15"	157	"HOMER3"	135	"HiG"
"HiG_15"	0	"CST3"	304.5	"HiG"
"HiG_15"	1003	"APOE"	44	"HiG"
"HiG_15"	0	"CREG1"	304.5	"HiG"
"HiG_15"	2	"DGKZ"	235.5	"HiG"
"HiG_15"	0	"HAPLN1"	304.5	"HiG"
"HiG_15"	0	"CIB1"	304.5	"HiG"
"HiG_15"	226	"STMN1"	126	"HiG"
"HiG_15"	147	"HMGA2"	137	"HiG"
"HiG_15"	0	"MAT2A"	304.5	"HiG"
"HiG_15"	97	"S100A10"	153.5	"HiG"
"HiG_15"	195	"HSPA9"	131	"HiG"
"HiG_15"	45	"RRM2"	180	"HiG"
"HiG_15"	93	"DEK"	156	"HiG"
"HiG_15"	13	"BAZ1A"	205	"HiG"
"HiG_15"	0	"CITED4"	304.5	"HiG"
"HiG_15"	207	"PPP1R15A"	128	"HiG"
"HiG_15"	0	"PPP1R2"	304.5	"HiG"
"HiG_15"	0	"PRKAR2B"	304.5	"HiG"
"HiG_15"	0	"CARHSP1"	304.5	"HiG"
"HiG_15"	3006	"CD81"	15	"HiG"
"HiG_15"	505	"GNG11"	72	"HiG"
"HiG_15"	2	"ISYNA1"	235.5	"HiG"
"HiG_15"	956	"DKC1"	46	"HiG"
"HiG_15"	761	"MRPS26"	55.5	"HiG"
"HiG_15"	0	"ASNS"	304.5	"HiG"
"HiG_15"	3	"TAX1BP3"	228	"HiG"
"HiG_15"	0	"SPTSSA"	304.5	"HiG"
"HiG_15"	3	"HEXA"	228	"HiG"
"HiG_15"	1893	"VIM"	22	"HiG"
"HiG_15"	135	"PECAM1"	140.5	"HiG"
"HiG_15"	0	"PSMB10"	304.5	"HiG"
"HiG_15"	0	"RGL2"	304.5	"HiG"
"HiG_15"	3096	"UBC"	14	"HiG"
"HiG_15"	73	"GSTO1"	167.5	"HiG"
"HiG_15"	449	"TK1"	83	"HiG"
"HiG_15"	1150	"HSPD1"	39	"HiG"
"HiG_15"	21	"ARPC5"	198.5	"HiG"
"HiG_15"	577	"CD9"	66	"HiG"
"HiG_15"	0	"F2R"	304.5	"HiG"
"HiG_15"	32	"MEF2C"	190	"HiG"
"HiG_15"	1476	"PTPN6"	30	"HiG"
"HiG_15"	0	"JUND"	304.5	"HiG"
"HiG_15"	533	"TOP1"	69	"HiG"
"HiG_15"	231	"EIF5A"	125	"HiG"
"HiG_15"	262	"IGF2"	121	"HiG"
"HiG_15"	671	"GNB2"	63	"HiG"
"HiG_15"	1621	"FN1"	27	"HiG"
"HiG_15"	0	"GYPC"	304.5	"HiG"
"HiG_15"	6	"TEAD2"	219.5	"HiG"
"HiG_15"	1159	"APEX1"	38	"HiG"
"HiG_15"	38	"RND2"	185	"HiG"
"HiG_15"	19	"WBP2"	200	"HiG"
"HiG_15"	337	"CYBA"	107.5	"HiG"
"HiG_15"	53	"TAL1"	177	"HiG"
"HiG_15"	543	"SPI1"	68	"HiG"
"HiG_15"	0	"BEX1"	304.5	"HiG"
"HiG_15"	472	"SPARC"	80	"HiG"
"HiG_15"	406	"GDI2"	88	"HiG"
"HiG_15"	1	"SH3GLB1"	245	"HiG"
"HiG_15"	301	"CDC34"	118	"HiG"
"HiG_15"	27	"ARHGDIB"	191.5	"HiG"
"HiG_15"	1	"PODXL"	245	"HiG"
"HiG_15"	0	"SKAP1"	304.5	"HiG"
"HiG_15"	0	"CD34"	304.5	"HiG"
"HiG_15"	91	"ARL6IP5"	159	"HiG"
"HiG_15"	10	"CD47"	210.5	"HiG"
"HiG_15"	0	"GAS6"	304.5	"HiG"
"HiG_15"	2370	"CCT4"	19	"HiG"
"HiG_15"	1063	"CCT8"	42	"HiG"
"HiG_15"	122	"VAMP8"	144	"HiG"
"HiG_15"	801	"TPM4"	54	"HiG"
"HiG_15"	66	"CLDN5"	170	"HiG"
"HiG_15"	0	"TFPI"	304.5	"HiG"
"HiG_15"	16	"SLA2"	201.5	"HiG"
"HiG_15"	67	"GRAP"	169	"HiG"
"HiG_15"	454	"PRDX1"	82	"HiG"
"HiG_15"	404	"MPZL1"	89.5	"HiG"
"HiG_15"	1297	"CALD1"	34	"HiG"
"HiG_15"	2	"ANXA7"	235.5	"HiG"
"HiG_15"	0	"CYB5A"	304.5	"HiG"
"HiG_15"	404	"GNL3"	89.5	"HiG"
"HiG_15"	0	"GNGT2"	304.5	"HiG"
"HiG_15"	126	"RHOJ"	143	"HiG"
"HiG_15"	0	"COL18A1"	304.5	"HiG"
"HiG_15"	0	"SLBP"	304.5	"HiG"
"HiG_15"	478	"EIF4A3"	78	"HiG"
"HiG_15"	9	"SNX3"	213.5	"HiG"
"HiG_15"	1746	"UBASH3B"	26	"HiG"
"HiG_15"	0	"CLTA"	304.5	"HiG"
"HiG_15"	0	"GALK1"	304.5	"HiG"
"HiG_15"	10	"GPX4"	210.5	"HiG"
"HiG_15"	5	"PPM1G"	222.5	"HiG"
"HiG_15"	2147	"TUBA1A"	20	"HiG"
"HiG_15"	0	"IFRD2"	304.5	"HiG"
"HiG_15"	1223	"TAGLN2"	36	"HiG"
"HiG_15"	336	"NOP10"	109	"HiG"
"HiG_15"	318	"NHP2"	115	"HiG"
"HiG_15"	340	"MTDH"	103.5	"HiG"
"HiG_15"	0	"RPL22L1"	304.5	"HiG"
"HiG_15"	376	"ANP32B"	93	"HiG"
"HiG_15"	345	"NOP58"	98	"HiG"
"HiG_15"	6	"HELLS"	219.5	"HiG"
"HiG_15"	25	"NSUN2"	195	"HiG"
"HiG_15"	187	"PGK1"	132	"HiG"
"HiG_15"	2	"CSRP1"	235.5	"HiG"
"HiG_15"	0	"APRT"	304.5	"HiG"
"HiG_15"	80	"HDGF"	162.5	"HiG"
"HiG_15"	0	"SSBP4"	304.5	"HiG"
"HiG_15"	978	"FBXO6"	45	"HiG"
"HiG_15"	78	"WDR12"	165	"HiG"
"HiG_15"	0	"ETV2"	304.5	"HiG"
"HiG_15"	631	"RPL7A"	65	"HiG"
"HiG_15"	810	"MRPL12"	53	"HiG"
"HiG_15"	3	"IDH3A"	228	"HiG"
"HiG_15"	73	"MRTO4"	167.5	"HiG"
"HiG_15"	48	"CNN3"	178.5	"HiG"
"HiG_15"	486	"SSB"	76	"HiG"
"HiG_15"	0	"SIVA1"	304.5	"HiG"
"HiG_15"	116	"NT5DC2"	145.5	"HiG"
"HiG_15"	429	"PRDX3"	84	"HiG"
"HiG_15"	0	"ERP29"	304.5	"HiG"
"HiG_15"	0	"ADGRG1"	304.5	"HiG"
"HiG_15"	1	"PHGDH"	245	"HiG"
"HiG_15"	4305	"NOP56"	7	"HiG"
"HiG_15"	732	"ITM2B"	60	"HiG"
"HiG_15"	5	"IER2"	222.5	"HiG"
"HiG_15"	0	"ECI1"	304.5	"HiG"
"HiG_15"	116	"MRPL15"	145.5	"HiG"
"HiG_15"	1197	"MYCN"	37	"HiG"
"HiG_15"	235	"TUBA1C"	123	"HiG"
"HiG_15"	496	"IMPDH2"	74	"HiG"
"HiG_15"	0	"BST2"	304.5	"HiG"
"HiG_15"	327	"WDR77"	114	"HiG"
"HiG_15"	282	"CHCHD4"	120	"HiG"
"HiG_15"	36	"SOD2"	187	"HiG"
"HiG_15"	0	"MRPL36"	304.5	"HiG"
"HiG_15"	0	"CRIP2"	304.5	"HiG"
"HiG_15"	21	"ODC1"	198.5	"HiG"
"HiG_15"	689	"GPX1"	61	"HiG"
"HiG_15"	65	"NPM3"	171	"HiG"
"HiG_15"	328	"UBE2C"	112.5	"HiG"
"HiG_15"	137	"TLN1"	139	"HiG"
"HiG_15"	80	"DDAH1"	162.5	"HiG"
"HiG_15"	0	"CDV3"	304.5	"HiG"
"HiG_15"	0	"CRLF3"	304.5	"HiG"
"HiG_15"	79	"COTL1"	164	"HiG"
"HiG_15"	13	"CNN2"	205	"HiG"
"HiG_15"	0	"RSL1D1"	304.5	"HiG"
"HiG_15"	24	"RRS1"	196.5	"HiG"
"HiG_15"	63	"SLC25A4"	173	"HiG"
"HiG_15"	0	"PCGF5"	304.5	"HiG"
"HiG_15"	200	"SRM"	129	"HiG"
"HiG_15"	0	"HMGB3"	304.5	"HiG"
"HiG_15"	307	"FERMT3"	117	"HiG"
"HiG_15"	736	"SLC25A5"	59	"HiG"
"HiG_15"	0	"PGP"	304.5	"HiG"
"HiG_15"	11	"OSTF1"	208	"HiG"
"HiG_15"	0	"ECSCR"	304.5	"HiG"
"HiG_15"	0	"MYDGF"	304.5	"HiG"
"HiG_15"	0	"PPIC"	304.5	"HiG"
"HiG_15"	0	"EGFL7"	304.5	"HiG"
"HiG_15"	1836	"TUBB6"	25	"HiG"
"HiG_15"	0	"CNRIP1"	304.5	"HiG"
"HiG_15"	6	"TIMM10"	219.5	"HiG"
"HiG_15"	249	"TKT"	122	"HiG"
"HiG_15"	473	"TUBB4B"	79	"HiG"
"HiG_15"	0	"MARCKSL1"	304.5	"HiG"
"HiG_15"	26	"RBMS1"	193.5	"HiG"
"HiG_15"	1	"RANGRF"	245	"HiG"
"HiG_15"	1	"TMEM9"	245	"HiG"
"HiG_15"	0	"GCLM"	304.5	"HiG"
"HiG_15"	1	"VAT1"	245	"HiG"
"HiG_15"	493	"CFL2"	75	"HiG"
"HiG_15"	364	"UBE2M"	95	"HiG"
"HiG_15"	2	"MRPL57"	235.5	"HiG"
"HiG_15"	8	"TMSB10"	216	"HiG"
"HiG_15"	9	"SH3BGRL3"	213.5	"HiG"
"HiG_15"	15	"ETFB"	203	"HiG"
"HiG_15"	0	"SNX5"	304.5	"HiG"
"HiG_15"	0	"SNRNP25"	304.5	"HiG"
"HiG_15"	0	"GPSM3"	304.5	"HiG"
"HiG_15"	0	"ATP6V0B"	304.5	"HiG"
"HiG_15"	0	"PPID"	304.5	"HiG"
"HiG_15"	0	"RNF141"	304.5	"HiG"
"HiG_15"	16	"TMBIM6"	201.5	"HiG"
"HiG_15"	0	"ALOX5AP"	304.5	"HiG"
"HiG_15"	27	"MTAP"	191.5	"HiG"
"HiG_15"	13	"GLRX5"	205	"HiG"
"HiG_15"	98	"GMFG"	152	"HiG"
"HiG_15"	2	"RBM38"	235.5	"HiG"
"HiG_15"	0	"DPH3"	304.5	"HiG"
"HiG_15"	39	"ITGA2B"	183	"HiG"
"HiG_15"	340	"CMAS"	103.5	"HiG"
"HiG_15"	2053	"IGFBP4"	21	"HiG"
"HiG_15"	0	"SMS"	304.5	"HiG"
"HiG_15"	10	"NDUFA8"	210.5	"HiG"
"HiG_15"	0	"MRPS24"	304.5	"HiG"
"HiG_15"	401	"TMSB4X"	91	"HiG"
"HiG_15"	56	"PPP1R18"	175	"HiG"
"HiG_15"	0	"ITM2A"	304.5	"HiG"
"HiG_15"	0	"LIMD2"	304.5	"HiG"
"HiG_15"	0	"EVA1B"	304.5	"HiG"
"HiG_15"	355	"GIMAP5"	97	"HiG"
"HiG_15"	92	"TXNDC12"	157.5	"HiG"
"HiG_15"	0	"NPL"	304.5	"HiG"
"HiG_15"	0	"KLHL6"	304.5	"HiG"
"HiG_15"	1	"DUSP2"	245	"HiG"
"HiG_15"	4	"MANF"	224.5	"HiG"
"HiG_15"	0	"GJA4"	304.5	"HiG"
"HiG_15"	0	"CDCA7"	304.5	"HiG"
"HiG_15"	0	"MRPL34"	304.5	"HiG"
"HiG_15"	0	"SEC11C"	304.5	"HiG"
"HiG_15"	0	"OAF"	304.5	"HiG"
"HiG_15"	339	"TMEM59"	106	"HiG"
"HiG_15"	0	"B9D2"	304.5	"HiG"
"HiG_15"	0	"NRGN"	304.5	"HiG"
"HiG_15"	0	"PLVAP"	304.5	"HiG"
"HiG_15"	0	"PPP1R14B"	304.5	"HiG"
"HiG_15"	176	"SSR2"	133	"HiG"
"HiG_15"	0	"RSPO3"	304.5	"HiG"
"HiG_15"	0	"BEX4"	304.5	"HiG"
"HiG_15"	1	"SLC16A3"	245	"HiG"
"HiG_15"	135	"RASIP1"	140.5	"HiG"
"HiG_15"	0	"YIF1B"	304.5	"HiG"
"HiG_15"	0	"MPC2"	304.5	"HiG"
"HiG_15"	0	"SMAGP"	304.5	"HiG"
"HiG_15"	0	"YBX3"	304.5	"HiG"
"HiG_15"	88	"PTPN18"	160	"HiG"
"HiG_15"	3	"PTPN7"	228	"HiG"
"HiG_15"	92	"PTPRE"	157.5	"HiG"
"HiG_15"	0	"PRODH"	304.5	"HiG"
"HiG_15"	0	"SMTNL2"	304.5	"HiG"
"HiG_15"	99	"ESAM"	150	"HiG"
"HiG_15"	0	"SYNGR2"	304.5	"HiG"
"HiG_15"	0	"GIMAP1"	304.5	"HiG"
"HiG_15"	0	"TMEM97"	304.5	"HiG"
"HiG_15"	0	"CMTM8"	304.5	"HiG"
"HiG_15"	75	"SIPA1"	166	"HiG"
"HiG_15"	340	"CMTM7"	103.5	"HiG"
"HiG_15"	0	"SMIM3"	304.5	"HiG"
"HiG_15"	500	"VAMP5"	73	"HiG"
"HiG_15"	0	"TIE1"	304.5	"HiG"
"HiG_15"	0	"NINJ1"	304.5	"HiG"
"HiG_15"	2	"TMEM14C"	235.5	"HiG"
"HiG_15"	0	"SMIM1"	304.5	"HiG"
"HiG_15"	0	"TSPAN4"	304.5	"HiG"
"HiG_15"	0	"RASGRP2"	304.5	"HiG"
"HiG_15"	0	"TPST2"	304.5	"HiG"
"HiG_15"	0	"UBALD2"	304.5	"HiG"
"HiG_15"	0	"MFNG"	304.5	"HiG"
"HiG_15"	8	"TSPAN18"	216	"HiG"
"HiG_15"	0	"TMEM158"	304.5	"HiG"
"HiG_15"	0	"ZFPM1"	304.5	"HiG"
"HiG_15"	0	"TSPAN32"	304.5	"HiG"
"HiG_15"	549	"ZYX"	67	"HiG"
"HiG_16"	9324	"APP"	4	"HiG"
"HiG_16"	7590	"COL1A1"	7	"HiG"
"HiG_16"	81	"CCND3"	218	"HiG"
"HiG_16"	434	"ANXA5"	155	"HiG"
"HiG_16"	3334	"FLNA"	22	"HiG"
"HiG_16"	818	"GABARAP"	91	"HiG"
"HiG_16"	441	"GNAI2"	152	"HiG"
"HiG_16"	2287	"P4HA2"	38	"HiG"
"HiG_16"	0	"PRMT2"	392.5	"HiG"
"HiG_16"	6	"HAND2"	282	"HiG"
"HiG_16"	59	"ID3"	228.5	"HiG"
"HiG_16"	419	"SRSF9"	158	"HiG"
"HiG_16"	659	"FHL2"	110	"HiG"
"HiG_16"	3	"RAP1A"	290.5	"HiG"
"HiG_16"	93	"RAP1B"	213	"HiG"
"HiG_16"	456	"FKBP1A"	142.5	"HiG"
"HiG_16"	412	"APBB1"	159	"HiG"
"HiG_16"	140	"NONO"	200	"HiG"
"HiG_16"	2748	"MAGED1"	32	"HiG"
"HiG_16"	454	"YAF2"	146	"HiG"
"HiG_16"	33	"DAB2"	239.5	"HiG"
"HiG_16"	909	"NDN"	81	"HiG"
"HiG_16"	71	"HTRA2"	219.5	"HiG"
"HiG_16"	496	"ID2"	129	"HiG"
"HiG_16"	282	"CDKN1C"	176	"HiG"
"HiG_16"	425	"SERPINH1"	157	"HiG"
"HiG_16"	450	"PEG10"	150	"HiG"
"HiG_16"	2159	"ILK"	39	"HiG"
"HiG_16"	751	"EIF4A1"	98	"HiG"
"HiG_16"	749	"PRDX4"	100	"HiG"
"HiG_16"	0	"GADD45G"	392.5	"HiG"
"HiG_16"	194	"PACSIN2"	191	"HiG"
"HiG_16"	1089	"P4HB"	65	"HiG"
"HiG_16"	1	"MT-ND2"	306	"HiG"
"HiG_16"	498	"LMO4"	127	"HiG"
"HiG_16"	1729	"CLIC1"	42	"HiG"
"HiG_16"	15060	"ACTB"	3	"HiG"
"HiG_16"	1050	"MYL6"	67	"HiG"
"HiG_16"	1303	"RBPMS"	55	"HiG"
"HiG_16"	2	"ITM2C"	299	"HiG"
"HiG_16"	56	"HOXB6"	230	"HiG"
"HiG_16"	22	"FRMD6"	249.5	"HiG"
"HiG_16"	1364	"BEX3"	52	"HiG"
"HiG_16"	19	"PDLIM7"	252.5	"HiG"
"HiG_16"	326	"CREB3"	172	"HiG"
"HiG_16"	9218	"ACTG1"	5	"HiG"
"HiG_16"	2105	"KRT18"	40	"HiG"
"HiG_16"	0	"BAMBI"	392.5	"HiG"
"HiG_16"	497	"KRT19"	128	"HiG"
"HiG_16"	0	"EFEMP2"	392.5	"HiG"
"HiG_16"	0	"COX17"	392.5	"HiG"
"HiG_16"	713	"ACTN1"	103	"HiG"
"HiG_16"	750	"RABAC1"	99	"HiG"
"HiG_16"	0	"LRRN4"	392.5	"HiG"
"HiG_16"	0	"BEX2"	392.5	"HiG"
"HiG_16"	42	"AMOTL2"	238	"HiG"
"HiG_16"	8	"ARHGAP29"	274	"HiG"
"HiG_16"	0	"GINS2"	392.5	"HiG"
"HiG_16"	197	"ARHGAP1"	190	"HiG"
"HiG_16"	13	"FTH1"	260.5	"HiG"
"HiG_16"	243	"RTN3"	182	"HiG"
"HiG_16"	0	"RCN3"	392.5	"HiG"
"HiG_16"	2753	"PITX1"	31	"HiG"
"HiG_16"	2519	"CALM2"	36	"HiG"
"HiG_16"	702	"CCND2"	105	"HiG"
"HiG_16"	44	"ARL6IP1"	236.5	"HiG"
"HiG_16"	12	"PDLIM1"	264.5	"HiG"
"HiG_16"	438	"VASP"	153	"HiG"
"HiG_16"	479	"BNIP3"	131	"HiG"
"HiG_16"	0	"MID1IP1"	392.5	"HiG"
"HiG_16"	0	"PLAC8"	392.5	"HiG"
"HiG_16"	1390	"RTN4"	48	"HiG"
"HiG_16"	998	"RBFOX2"	70	"HiG"
"HiG_16"	0	"NUP62CL"	392.5	"HiG"
"HiG_16"	0	"SNX7"	392.5	"HiG"
"HiG_16"	2	"RALB"	299	"HiG"
"HiG_16"	0	"CTNNBIP1"	392.5	"HiG"
"HiG_16"	3366	"JUN"	21	"HiG"
"HiG_16"	15438	"HSPA5"	1	"HiG"
"HiG_16"	503	"MORF4L2"	125	"HiG"
"HiG_16"	0	"TCEAL9"	392.5	"HiG"
"HiG_16"	0	"EIF4EBP1"	392.5	"HiG"
"HiG_16"	560	"DSTN"	118	"HiG"
"HiG_16"	948	"PPP1CB"	76	"HiG"
"HiG_16"	7	"LYAR"	278.5	"HiG"
"HiG_16"	0	"ELOVL1"	392.5	"HiG"
"HiG_16"	918	"PPIB"	79	"HiG"
"HiG_16"	6247	"LGALS1"	10	"HiG"
"HiG_16"	0	"PHLDA3"	392.5	"HiG"
"HiG_16"	1561	"LRRC59"	45	"HiG"
"HiG_16"	4800	"EZR"	13	"HiG"
"HiG_16"	2704	"CALR"	34	"HiG"
"HiG_16"	0	"DEGS1"	392.5	"HiG"
"HiG_16"	411	"FBLN1"	160	"HiG"
"HiG_16"	94	"PLOD2"	211.5	"HiG"
"HiG_16"	102	"PAICS"	210	"HiG"
"HiG_16"	0	"BIRC5"	392.5	"HiG"
"HiG_16"	14	"FSCN1"	258	"HiG"
"HiG_16"	1027	"DYNLL1"	69	"HiG"
"HiG_16"	753	"MT-CO2"	97	"HiG"
"HiG_16"	530	"DNAJB11"	120	"HiG"
"HiG_16"	651	"MYH10"	111	"HiG"
"HiG_16"	616	"SSR3"	116	"HiG"
"HiG_16"	7	"KDELR2"	278.5	"HiG"
"HiG_16"	459	"ATXN10"	138	"HiG"
"HiG_16"	5906	"ANXA2"	11	"HiG"
"HiG_16"	4596	"DNAJA1"	14	"HiG"
"HiG_16"	1072	"GNAS"	66	"HiG"
"HiG_16"	965	"PGRMC1"	73	"HiG"
"HiG_16"	6	"CNIH4"	282	"HiG"
"HiG_16"	0	"DDT"	392.5	"HiG"
"HiG_16"	1660	"DDX5"	43	"HiG"
"HiG_16"	145	"SFXN1"	198	"HiG"
"HiG_16"	0	"PSPH"	392.5	"HiG"
"HiG_16"	1382	"PDIA6"	49	"HiG"
"HiG_16"	0	"MEST"	392.5	"HiG"
"HiG_16"	2910	"NCL"	29	"HiG"
"HiG_16"	831	"FABP5"	89.5	"HiG"
"HiG_16"	8	"CTNNA1"	274	"HiG"
"HiG_16"	171	"CBX1"	194	"HiG"
"HiG_16"	880	"MAPK3"	84	"HiG"
"HiG_16"	642	"CD151"	113	"HiG"
"HiG_16"	0	"AJUBA"	392.5	"HiG"
"HiG_16"	0	"LSR"	392.5	"HiG"
"HiG_16"	525	"PKP2"	122	"HiG"
"HiG_16"	0	"PTOV1"	392.5	"HiG"
"HiG_16"	214	"RND3"	189	"HiG"
"HiG_16"	13	"BMP2"	260.5	"HiG"
"HiG_16"	4	"DDX39B"	286	"HiG"
"HiG_16"	1294	"CALM1"	56	"HiG"
"HiG_16"	1261	"SELENOS"	58	"HiG"
"HiG_16"	912	"TEAD1"	80	"HiG"
"HiG_16"	0	"TSEN34"	392.5	"HiG"
"HiG_16"	1136	"BMP4"	63	"HiG"
"HiG_16"	0	"FEZ2"	392.5	"HiG"
"HiG_16"	0	"SMARCD3"	392.5	"HiG"
"HiG_16"	0	"HAND1"	392.5	"HiG"
"HiG_16"	0	"CDH11"	392.5	"HiG"
"HiG_16"	132	"AHNAK"	202	"HiG"
"HiG_16"	811	"PFN1"	93	"HiG"
"HiG_16"	0	"STK39"	392.5	"HiG"
"HiG_16"	509	"RALA"	124	"HiG"
"HiG_16"	226	"DBN1"	185	"HiG"
"HiG_16"	0	"CSTB"	392.5	"HiG"
"HiG_16"	0	"CST3"	392.5	"HiG"
"HiG_16"	44	"APOE"	236.5	"HiG"
"HiG_16"	23	"LRPAP1"	247.5	"HiG"
"HiG_16"	0	"HAPLN1"	392.5	"HiG"
"HiG_16"	54	"GJA1"	232	"HiG"
"HiG_16"	0	"EMP2"	392.5	"HiG"
"HiG_16"	1440	"GNB1"	46	"HiG"
"HiG_16"	1141	"ACTC1"	62	"HiG"
"HiG_16"	406	"HMGA2"	161.5	"HiG"
"HiG_16"	949	"S100A10"	75	"HiG"
"HiG_16"	5281	"ITGB1"	12	"HiG"
"HiG_16"	619	"RRM2"	115	"HiG"
"HiG_16"	369	"DEK"	165.5	"HiG"
"HiG_16"	3759	"HSP90B1"	16	"HiG"
"HiG_16"	12	"RBBP7"	264.5	"HiG"
"HiG_16"	3045	"MSX1"	26	"HiG"
"HiG_16"	278	"ANXA6"	177	"HiG"
"HiG_16"	665	"ARL4D"	109	"HiG"
"HiG_16"	831	"CD81"	89.5	"HiG"
"HiG_16"	0	"PJA1"	392.5	"HiG"
"HiG_16"	1381	"CAPNS1"	50	"HiG"
"HiG_16"	2	"FXYD6"	299	"HiG"
"HiG_16"	471	"MDH1"	134.5	"HiG"
"HiG_16"	238	"OAT"	184	"HiG"
"HiG_16"	1612	"RAB4A"	44	"HiG"
"HiG_16"	0	"PDPN"	392.5	"HiG"
"HiG_16"	0	"TAX1BP3"	392.5	"HiG"
"HiG_16"	0	"SPTSSA"	392.5	"HiG"
"HiG_16"	11	"LAPTM4A"	268.5	"HiG"
"HiG_16"	0	"ANXA3"	392.5	"HiG"
"HiG_16"	2962	"VIM"	27	"HiG"
"HiG_16"	0	"KLF6"	392.5	"HiG"
"HiG_16"	0	"MAP7D1"	392.5	"HiG"
"HiG_16"	2	"TRIOBP"	299	"HiG"
"HiG_16"	0	"TINAGL1"	392.5	"HiG"
"HiG_16"	461	"RER1"	136	"HiG"
"HiG_16"	84	"RRAS2"	217	"HiG"
"HiG_16"	453	"TPD52L1"	147	"HiG"
"HiG_16"	3414	"UBC"	19	"HiG"
"HiG_16"	0	"ARL3"	392.5	"HiG"
"HiG_16"	2	"SNRPN"	299	"HiG"
"HiG_16"	575	"ARPC5"	117	"HiG"
"HiG_16"	7	"CAPN2"	278.5	"HiG"
"HiG_16"	1121	"CRYAB"	64	"HiG"
"HiG_16"	646	"CD63"	112	"HiG"
"HiG_16"	0	"PLAGL1"	392.5	"HiG"
"HiG_16"	32	"DNAJC3"	241.5	"HiG"
"HiG_16"	861	"ARPC2"	85	"HiG"
"HiG_16"	8	"GNB4"	274	"HiG"
"HiG_16"	33	"EHD1"	239.5	"HiG"
"HiG_16"	30	"AKAP12"	243.5	"HiG"
"HiG_16"	904	"IGF2"	83	"HiG"
"HiG_16"	718	"NRP1"	102	"HiG"
"HiG_16"	1308	"FN1"	54	"HiG"
"HiG_16"	6	"ARF5"	282	"HiG"
"HiG_16"	2953	"PDIA3"	28	"HiG"
"HiG_16"	0	"TEAD2"	392.5	"HiG"
"HiG_16"	3143	"KRT8"	24	"HiG"
"HiG_16"	0	"CYBA"	392.5	"HiG"
"HiG_16"	760	"S100A11"	96	"HiG"
"HiG_16"	224	"PARD6B"	186	"HiG"
"HiG_16"	267	"SLC2A1"	179	"HiG"
"HiG_16"	0	"BEX1"	392.5	"HiG"
"HiG_16"	6977	"SPARC"	8	"HiG"
"HiG_16"	1313	"GDI2"	53	"HiG"
"HiG_16"	1049	"EFNB1"	68	"HiG"
"HiG_16"	2	"SH3GLB1"	299	"HiG"
"HiG_16"	17	"TGFB1I1"	254.5	"HiG"
"HiG_16"	11	"HMGN1"	268.5	"HiG"
"HiG_16"	0	"DOK4"	392.5	"HiG"
"HiG_16"	1211	"MARCKS"	60	"HiG"
"HiG_16"	473	"PODXL"	133	"HiG"
"HiG_16"	1395	"IGF2R"	47	"HiG"
"HiG_16"	3714	"YWHAH"	18	"HiG"
"HiG_16"	770	"ARF4"	95	"HiG"
"HiG_16"	0	"HOXB8"	392.5	"HiG"
"HiG_16"	69	"SDC2"	222	"HiG"
"HiG_16"	336	"MMP14"	169	"HiG"
"HiG_16"	3715	"PDIA4"	17	"HiG"
"HiG_16"	0	"PEG3"	392.5	"HiG"
"HiG_16"	3077	"PRNP"	25	"HiG"
"HiG_16"	338	"GAS6"	168	"HiG"
"HiG_16"	345	"CCT4"	167	"HiG"
"HiG_16"	291	"CCT8"	174	"HiG"
"HiG_16"	404	"STX7"	163	"HiG"
"HiG_16"	0	"GDE1"	392.5	"HiG"
"HiG_16"	0	"RAB6A"	392.5	"HiG"
"HiG_16"	554	"TPM4"	119	"HiG"
"HiG_16"	91	"CSRP2"	214	"HiG"
"HiG_16"	0	"GATA6"	392.5	"HiG"
"HiG_16"	782	"FHL1"	94	"HiG"
"HiG_16"	850	"PRDX1"	87	"HiG"
"HiG_16"	0	"MPZL1"	392.5	"HiG"
"HiG_16"	2424	"RHOB"	37	"HiG"
"HiG_16"	51	"PTPRA"	233.5	"HiG"
"HiG_16"	3378	"CALD1"	20	"HiG"
"HiG_16"	455	"MT-ND1"	145	"HiG"
"HiG_16"	10	"BCAM"	271	"HiG"
"HiG_16"	3310	"ACTA2"	23	"HiG"
"HiG_16"	24	"SDC1"	246	"HiG"
"HiG_16"	0	"COX4I2"	392.5	"HiG"
"HiG_16"	471	"CYB5A"	134.5	"HiG"
"HiG_16"	0	"SNX6"	392.5	"HiG"
"HiG_16"	459	"TNNT2"	138	"HiG"
"HiG_16"	2651	"TPM1"	35	"HiG"
"HiG_16"	71	"COL18A1"	219.5	"HiG"
"HiG_16"	2	"SLBP"	299	"HiG"
"HiG_16"	94	"MSX2"	211.5	"HiG"
"HiG_16"	1160	"DLK1"	61	"HiG"
"HiG_16"	526	"MAP1LC3A"	121	"HiG"
"HiG_16"	8	"SNX3"	274	"HiG"
"HiG_16"	0	"PCLAF"	392.5	"HiG"
"HiG_16"	215	"PKM"	188	"HiG"
"HiG_16"	0	"ASB4"	392.5	"HiG"
"HiG_16"	103	"GPX4"	209	"HiG"
"HiG_16"	15146	"TUBA1A"	2	"HiG"
"HiG_16"	2738	"CKAP4"	33	"HiG"
"HiG_16"	0	"POFUT2"	392.5	"HiG"
"HiG_16"	144	"MYL12B"	199	"HiG"
"HiG_16"	0	"ATXN7L3B"	392.5	"HiG"
"HiG_16"	0	"FKBP10"	392.5	"HiG"
"HiG_16"	633	"MAGED2"	114	"HiG"
"HiG_16"	110	"CSRP1"	205.5	"HiG"
"HiG_16"	0	"UBE2E3"	392.5	"HiG"
"HiG_16"	929	"MYL9"	77	"HiG"
"HiG_16"	219	"APRT"	187	"HiG"
"HiG_16"	1	"PAIP2"	306	"HiG"
"HiG_16"	32	"HADH"	241.5	"HiG"
"HiG_16"	45	"DERL2"	235	"HiG"
"HiG_16"	1378	"SPTBN1"	51	"HiG"
"HiG_16"	6885	"YWHAE"	9	"HiG"
"HiG_16"	0	"TSC22D1"	392.5	"HiG"
"HiG_16"	369	"COBLL1"	165.5	"HiG"
"HiG_16"	0	"CGNL1"	392.5	"HiG"
"HiG_16"	0	"MEIS2"	392.5	"HiG"
"HiG_16"	0	"XBP1"	392.5	"HiG"
"HiG_16"	19	"RBP1"	252.5	"HiG"
"HiG_16"	22	"LRRFIP1"	249.5	"HiG"
"HiG_16"	0	"CNN3"	392.5	"HiG"
"HiG_16"	2053	"TCF4"	41	"HiG"
"HiG_16"	989	"SSB"	71	"HiG"
"HiG_16"	0	"LUZP1"	392.5	"HiG"
"HiG_16"	3	"ATP2B1"	290.5	"HiG"
"HiG_16"	681	"SDF2L1"	107.5	"HiG"
"HiG_16"	843	"ERP29"	88	"HiG"
"HiG_16"	681	"RYK"	107.5	"HiG"
"HiG_16"	4208	"ITM2B"	15	"HiG"
"HiG_16"	104	"SOX4"	208	"HiG"
"HiG_16"	110	"P4HA1"	205.5	"HiG"
"HiG_16"	0	"P3H4"	392.5	"HiG"
"HiG_16"	8029	"YWHAQ"	6	"HiG"
"HiG_16"	712	"TUBB2A"	104	"HiG"
"HiG_16"	0	"TNNI1"	392.5	"HiG"
"HiG_16"	0	"PRR5"	392.5	"HiG"
"HiG_16"	180	"RCN1"	192	"HiG"
"HiG_16"	3	"RRBP1"	290.5	"HiG"
"HiG_16"	247	"COLEC12"	180	"HiG"
"HiG_16"	456	"SURF4"	142.5	"HiG"
"HiG_16"	242	"DBI"	183	"HiG"
"HiG_16"	0	"CRIP2"	392.5	"HiG"
"HiG_16"	483	"PARVA"	130	"HiG"
"HiG_16"	2	"TTC3"	299	"HiG"
"HiG_16"	0	"CRELD2"	392.5	"HiG"
"HiG_16"	66	"ODC1"	223	"HiG"
"HiG_16"	330	"GPX1"	171	"HiG"
"HiG_16"	920	"REEP5"	78	"HiG"
"HiG_16"	0	"BBX"	392.5	"HiG"
"HiG_16"	501	"TLN1"	126	"HiG"
"HiG_16"	456	"CDV3"	142.5	"HiG"
"HiG_16"	0	"EFHD2"	392.5	"HiG"
"HiG_16"	1286	"BASP1"	57	"HiG"
"HiG_16"	0	"CNN2"	392.5	"HiG"
"HiG_16"	436	"SLC25A4"	154	"HiG"
"HiG_16"	0	"PCGF5"	392.5	"HiG"
"HiG_16"	432	"MYL12A"	156	"HiG"
"HiG_16"	0	"PALLD"	392.5	"HiG"
"HiG_16"	15	"AMOTL1"	256.5	"HiG"
"HiG_16"	452	"SRM"	148	"HiG"
"HiG_16"	0	"PGM2"	392.5	"HiG"
"HiG_16"	0	"HMGB3"	392.5	"HiG"
"HiG_16"	955	"TAGLN"	74	"HiG"
"HiG_16"	0	"PDLIM2"	392.5	"HiG"
"HiG_16"	0	"CCDC80"	392.5	"HiG"
"HiG_16"	0	"FZD2"	392.5	"HiG"
"HiG_16"	0	"PPP1R14A"	392.5	"HiG"
"HiG_16"	331	"GNG2"	170	"HiG"
"HiG_16"	86	"PLP2"	215	"HiG"
"HiG_16"	107	"COL1A2"	207	"HiG"
"HiG_16"	451	"ECSCR"	149	"HiG"
"HiG_16"	0	"PPIC"	392.5	"HiG"
"HiG_16"	0	"PCBP4"	392.5	"HiG"
"HiG_16"	0	"TBCB"	392.5	"HiG"
"HiG_16"	321	"ARL4C"	173	"HiG"
"HiG_16"	2	"NPC2"	299	"HiG"
"HiG_16"	0	"HSPB8"	392.5	"HiG"
"HiG_16"	0	"ACKR3"	392.5	"HiG"
"HiG_16"	2865	"TUBB6"	30	"HiG"
"HiG_16"	12	"MT-CO1"	264.5	"HiG"
"HiG_16"	0	"PLK2"	392.5	"HiG"
"HiG_16"	0	"TUBB4B"	392.5	"HiG"
"HiG_16"	51	"RBMS2"	233.5	"HiG"
"HiG_16"	0	"MARCKSL1"	392.5	"HiG"
"HiG_16"	445	"FERMT2"	151	"HiG"
"HiG_16"	1213	"TPM2"	59	"HiG"
"HiG_16"	3	"TXNDC5"	290.5	"HiG"
"HiG_16"	0	"NENF"	392.5	"HiG"
"HiG_16"	85	"RBMS1"	216	"HiG"
"HiG_16"	0	"LRRC42"	392.5	"HiG"
"HiG_16"	478	"TMEM9"	132	"HiG"
"HiG_16"	246	"RDX"	181	"HiG"
"HiG_16"	0	"GCLM"	392.5	"HiG"
"HiG_16"	0	"CFL2"	392.5	"HiG"
"HiG_16"	60	"UBE2M"	227	"HiG"
"HiG_16"	852	"RCN2"	86	"HiG"
"HiG_16"	0	"TLN2"	392.5	"HiG"
"HiG_16"	11	"TMSB10"	268.5	"HiG"
"HiG_16"	0	"SH3BGRL3"	392.5	"HiG"
"HiG_16"	0	"TUBB2B"	392.5	"HiG"
"HiG_16"	8	"DUSP9"	274	"HiG"
"HiG_16"	63	"RSU1"	225	"HiG"
"HiG_16"	0	"SERP1"	392.5	"HiG"
"HiG_16"	0	"KRCC1"	392.5	"HiG"
"HiG_16"	3	"SRI"	290.5	"HiG"
"HiG_16"	0	"MORC4"	392.5	"HiG"
"HiG_16"	59	"TMED9"	228.5	"HiG"
"HiG_16"	0	"LMAN2"	392.5	"HiG"
"HiG_16"	0	"MPPED2"	392.5	"HiG"
"HiG_16"	908	"MT-ND4"	82	"HiG"
"HiG_16"	0	"IGFBP2"	392.5	"HiG"
"HiG_16"	0	"GLIPR2"	392.5	"HiG"
"HiG_16"	738	"NECTIN2"	101	"HiG"
"HiG_16"	0	"NEXN"	392.5	"HiG"
"HiG_16"	522	"CREB3L1"	123	"HiG"
"HiG_16"	1	"ADK"	306	"HiG"
"HiG_16"	4	"TMBIM6"	286	"HiG"
"HiG_16"	148	"MT-CO3"	196	"HiG"
"HiG_16"	0	"IDH2"	392.5	"HiG"
"HiG_16"	64	"MTAP"	224	"HiG"
"HiG_16"	288	"UGDH"	175	"HiG"
"HiG_16"	0	"EMC7"	392.5	"HiG"
"HiG_16"	2	"IGFBP4"	299	"HiG"
"HiG_16"	13	"ME1"	260.5	"HiG"
"HiG_16"	0	"TNFAIP8"	392.5	"HiG"
"HiG_16"	13	"UBE2R2"	260.5	"HiG"
"HiG_16"	0	"SNAI2"	392.5	"HiG"
"HiG_16"	970	"TMSB4X"	72	"HiG"
"HiG_16"	175	"RHOC"	193	"HiG"
"HiG_16"	17	"GPX3"	254.5	"HiG"
"HiG_16"	685	"PMP22"	106	"HiG"
"HiG_16"	0	"LIMD2"	392.5	"HiG"
"HiG_16"	0	"NABP1"	392.5	"HiG"
"HiG_16"	0	"IRAK1BP1"	392.5	"HiG"
"HiG_16"	458	"NRM"	140	"HiG"
"HiG_16"	11	"TXNDC12"	268.5	"HiG"
"HiG_16"	0	"TNFAIP1"	392.5	"HiG"
"HiG_16"	26	"MANF"	245	"HiG"
"HiG_16"	23	"SELENOK"	247.5	"HiG"
"HiG_16"	0	"POPDC2"	392.5	"HiG"
"HiG_16"	0	"PRELID1"	392.5	"HiG"
"HiG_16"	0	"OAF"	392.5	"HiG"
"HiG_16"	0	"TSPAN3"	392.5	"HiG"
"HiG_16"	30	"GPC3"	243.5	"HiG"
"HiG_16"	0	"MTCH1"	392.5	"HiG"
"HiG_16"	0	"MGAT2"	392.5	"HiG"
"HiG_16"	7	"TMEM59"	278.5	"HiG"
"HiG_16"	70	"TIMP2"	221	"HiG"
"HiG_16"	0	"CARNMT1"	392.5	"HiG"
"HiG_16"	4	"FOXF1"	286	"HiG"
"HiG_16"	276	"FSTL1"	178	"HiG"
"HiG_16"	0	"ST3GAL5"	392.5	"HiG"
"HiG_16"	0	"HS6ST2"	392.5	"HiG"
"HiG_16"	21	"WLS"	251	"HiG"
"HiG_16"	0	"ABRACL"	392.5	"HiG"
"HiG_16"	15	"SSR2"	256.5	"HiG"
"HiG_16"	0	"RSPO3"	392.5	"HiG"
"HiG_16"	456	"BEX4"	142.5	"HiG"
"HiG_16"	0	"OAZ2"	392.5	"HiG"
"HiG_16"	813	"COL5A2"	92	"HiG"
"HiG_16"	0	"PHLDA2"	392.5	"HiG"
"HiG_16"	0	"SLC16A3"	392.5	"HiG"
"HiG_16"	0	"YIF1B"	392.5	"HiG"
"HiG_16"	0	"PRDM6"	392.5	"HiG"
"HiG_16"	3	"PLPP3"	290.5	"HiG"
"HiG_16"	5	"WNT5A"	284	"HiG"
"HiG_16"	0	"STEAP1"	392.5	"HiG"
"HiG_16"	0	"SPATS2L"	392.5	"HiG"
"HiG_16"	0	"PRTG"	392.5	"HiG"
"HiG_16"	2	"SGCE"	299	"HiG"
"HiG_16"	0	"FLRT3"	392.5	"HiG"
"HiG_16"	0	"TMEM9B"	392.5	"HiG"
"HiG_16"	406	"RBPMS2"	161.5	"HiG"
"HiG_16"	0	"TMEM108"	392.5	"HiG"
"HiG_16"	0	"STEAP2"	392.5	"HiG"
"HiG_16"	114	"GPX8"	204	"HiG"
"HiG_16"	0	"STARD3NL"	392.5	"HiG"
"HiG_16"	0	"POSTN"	392.5	"HiG"
"HiG_16"	147	"LY6E"	197	"HiG"
"HiG_16"	0	"CMTM7"	392.5	"HiG"
"HiG_16"	123	"WDR1"	203	"HiG"
"HiG_16"	12	"GAS1"	264.5	"HiG"
"HiG_16"	0	"NKD1"	392.5	"HiG"
"HiG_16"	133	"MXRA8"	201	"HiG"
"HiG_16"	0	"STARD8"	392.5	"HiG"
"HiG_16"	372	"MT-ATP6"	164	"HiG"
"HiG_16"	0	"LIPA"	392.5	"HiG"
"HiG_16"	0	"PLIN2"	392.5	"HiG"
"HiG_16"	0	"SELENOW"	392.5	"HiG"
"HiG_16"	55	"HOXB2"	231	"HiG"
"HiG_16"	0	"SDHD"	392.5	"HiG"
"HiG_16"	0	"TMEM88"	392.5	"HiG"
"HiG_16"	0	"AARD"	392.5	"HiG"
"HiG_16"	0	"SMIM1"	392.5	"HiG"
"HiG_16"	0	"BRI3"	392.5	"HiG"
"HiG_16"	0	"TBRG1"	392.5	"HiG"
"HiG_16"	0	"SMIM14"	392.5	"HiG"
"HiG_16"	62	"TSPAN4"	226	"HiG"
"HiG_16"	0	"SMOC2"	392.5	"HiG"
"HiG_16"	0	"COPZ2"	392.5	"HiG"
"HiG_16"	0	"SELENOH"	392.5	"HiG"
"HiG_16"	0	"VNN1"	392.5	"HiG"
"HiG_16"	0	"RGS5"	392.5	"HiG"
"HiG_16"	156	"WNT2"	195	"HiG"
"HiG_16"	0	"VGLL4"	392.5	"HiG"
"HiG_16"	0	"NUDT4"	392.5	"HiG"
"HiG_16"	0	"PCOLCE"	392.5	"HiG"
"HiG_16"	0	"PRSS35"	392.5	"HiG"
"HiG_16"	0	"TCEAL8"	392.5	"HiG"
"HiG_16"	0	"SLC38A4"	392.5	"HiG"
"HiG_16"	0	"TSPAN9"	392.5	"HiG"
"HiG_16"	459	"WNT6"	138	"HiG"
"HiG_16"	0	"MOGAT2"	392.5	"HiG"
"HiG_16"	0	"ZFP36L1"	392.5	"HiG"
"HiG_16"	0	"WFDC2"	392.5	"HiG"
"HiG_13"	4	"GATA2"	209.5	"HiG"
"HiG_13"	1308	"ALDOA"	31	"HiG"
"HiG_13"	113	"CITED2"	145.5	"HiG"
"HiG_13"	15	"FDPS"	194.5	"HiG"
"HiG_13"	1009	"GNAI2"	44	"HiG"
"HiG_13"	0	"ID3"	298.5	"HiG"
"HiG_13"	313	"AFDN"	114.5	"HiG"
"HiG_13"	14	"LYL1"	196	"HiG"
"HiG_13"	386	"SRSF9"	92	"HiG"
"HiG_13"	0	"ANP32A"	298.5	"HiG"
"HiG_13"	58	"MCM7"	160	"HiG"
"HiG_13"	285	"FLT1"	117	"HiG"
"HiG_13"	98	"RAP1A"	149	"HiG"
"HiG_13"	261	"RAP1B"	122	"HiG"
"HiG_13"	849	"LMO2"	52	"HiG"
"HiG_13"	0	"BIN1"	298.5	"HiG"
"HiG_13"	3	"FLI1"	215	"HiG"
"HiG_13"	5	"MAGED1"	206	"HiG"
"HiG_13"	313	"MSN"	114.5	"HiG"
"HiG_13"	264	"ID2"	121	"HiG"
"HiG_13"	632	"CDKN1C"	62	"HiG"
"HiG_13"	562	"SERPINH1"	70	"HiG"
"HiG_13"	57	"F11R"	161	"HiG"
"HiG_13"	1	"CADM1"	227	"HiG"
"HiG_13"	15	"CLNS1A"	194.5	"HiG"
"HiG_13"	346	"PEG10"	103	"HiG"
"HiG_13"	774	"EIF4A1"	55	"HiG"
"HiG_13"	2	"GADD45G"	221.5	"HiG"
"HiG_13"	1170	"RAB11A"	38	"HiG"
"HiG_13"	1280	"CLIC1"	34	"HiG"
"HiG_13"	64	"BNIP3L"	159	"HiG"
"HiG_13"	54	"RBPMS"	163.5	"HiG"
"HiG_13"	1686	"HNRNPK"	22	"HiG"
"HiG_13"	1	"HOXB6"	227	"HiG"
"HiG_13"	0	"DCTPP1"	298.5	"HiG"
"HiG_13"	46	"HOXA9"	168.5	"HiG"
"HiG_13"	858	"KRT18"	50	"HiG"
"HiG_13"	0	"BAMBI"	298.5	"HiG"
"HiG_13"	0	"COX17"	298.5	"HiG"
"HiG_13"	0	"PLEKHF2"	298.5	"HiG"
"HiG_13"	0	"PHLDA1"	298.5	"HiG"
"HiG_13"	0	"EMILIN1"	298.5	"HiG"
"HiG_13"	0	"BEX2"	298.5	"HiG"
"HiG_13"	0	"IMP3"	298.5	"HiG"
"HiG_13"	0	"FTH1"	298.5	"HiG"
"HiG_13"	276	"JUNB"	119	"HiG"
"HiG_13"	0	"RCN3"	298.5	"HiG"
"HiG_13"	797	"CALM2"	54	"HiG"
"HiG_13"	259	"CCND2"	123	"HiG"
"HiG_13"	0	"GCSH"	298.5	"HiG"
"HiG_13"	0	"ARL6IP1"	298.5	"HiG"
"HiG_13"	160	"VASP"	138	"HiG"
"HiG_13"	251	"BNIP3"	124	"HiG"
"HiG_13"	0	"BCCIP"	298.5	"HiG"
"HiG_13"	36	"CKS2"	174	"HiG"
"HiG_13"	0	"NUP62CL"	298.5	"HiG"
"HiG_13"	153	"RALB"	139	"HiG"
"HiG_13"	2803	"JUN"	10	"HiG"
"HiG_13"	584	"HSP90AB1"	67	"HiG"
"HiG_13"	4322	"HDAC1"	6	"HiG"
"HiG_13"	12225	"HSPA5"	2	"HiG"
"HiG_13"	76	"RUVBL2"	153	"HiG"
"HiG_13"	2664	"CDC20"	12	"HiG"
"HiG_13"	0	"TCEAL9"	298.5	"HiG"
"HiG_13"	32	"EIF4EBP1"	175	"HiG"
"HiG_13"	96	"LYAR"	150	"HiG"
"HiG_13"	540	"EIF3M"	75	"HiG"
"HiG_13"	1064	"LGALS1"	41	"HiG"
"HiG_13"	48	"LRRC59"	166.5	"HiG"
"HiG_13"	0	"SGK1"	298.5	"HiG"
"HiG_13"	193	"BRIX1"	134.5	"HiG"
"HiG_13"	346	"DEGS1"	103	"HiG"
"HiG_13"	0	"BZW2"	298.5	"HiG"
"HiG_13"	1021	"GTPBP4"	43	"HiG"
"HiG_13"	919	"PAICS"	49	"HiG"
"HiG_13"	16	"FSCN1"	193	"HiG"
"HiG_13"	279	"SSR3"	118	"HiG"
"HiG_13"	0	"KDELR2"	298.5	"HiG"
"HiG_13"	0	"NOLC1"	298.5	"HiG"
"HiG_13"	830	"DNAJA1"	53	"HiG"
"HiG_13"	1649	"FBL"	25	"HiG"
"HiG_13"	3	"PPAN"	215	"HiG"
"HiG_13"	4332	"DDX5"	5	"HiG"
"HiG_13"	1659	"SFXN1"	24	"HiG"
"HiG_13"	19	"G3BP2"	190	"HiG"
"HiG_13"	106	"EBNA1BP2"	147	"HiG"
"HiG_13"	143	"PA2G4"	140	"HiG"
"HiG_13"	1600	"PDIA6"	26	"HiG"
"HiG_13"	680	"MEST"	60	"HiG"
"HiG_13"	3776	"NCL"	7	"HiG"
"HiG_13"	570	"DDX21"	69	"HiG"
"HiG_13"	20854	"MYC"	1	"HiG"
"HiG_13"	2138	"CDK1"	17	"HiG"
"HiG_13"	30	"CTNNA1"	177	"HiG"
"HiG_13"	325	"CBX1"	112	"HiG"
"HiG_13"	1831	"CCND1"	20	"HiG"
"HiG_13"	227	"MAPK3"	126.5	"HiG"
"HiG_13"	0	"LSR"	298.5	"HiG"
"HiG_13"	326	"BMP2"	111	"HiG"
"HiG_13"	944	"ENO1"	47	"HiG"
"HiG_13"	131	"DDX39B"	143	"HiG"
"HiG_13"	1492	"CALM1"	28	"HiG"
"HiG_13"	2123	"TGFB1"	18	"HiG"
"HiG_13"	2631	"HSP90AA1"	14	"HiG"
"HiG_13"	346	"SELENOS"	103	"HiG"
"HiG_13"	0	"TSEN34"	298.5	"HiG"
"HiG_13"	267	"ATP1A1"	120	"HiG"
"HiG_13"	552	"ID1"	72	"HiG"
"HiG_13"	533	"KDR"	77.5	"HiG"
"HiG_13"	1093	"ARPC1B"	40	"HiG"
"HiG_13"	0	"RAMP2"	298.5	"HiG"
"HiG_13"	0	"NIP7"	298.5	"HiG"
"HiG_13"	2934	"PFN1"	9	"HiG"
"HiG_13"	138	"DBN1"	141	"HiG"
"HiG_13"	936	"APOE"	48	"HiG"
"HiG_13"	346	"CREG1"	103	"HiG"
"HiG_13"	17	"HAPLN1"	191.5	"HiG"
"HiG_13"	534	"GJA1"	76	"HiG"
"HiG_13"	21	"NMD3"	187.5	"HiG"
"HiG_13"	419	"HMGA2"	88	"HiG"
"HiG_13"	50	"MAT2A"	165	"HiG"
"HiG_13"	29	"S100A10"	178	"HiG"
"HiG_13"	677	"RRM2"	61	"HiG"
"HiG_13"	0	"DEK"	298.5	"HiG"
"HiG_13"	3500	"HSP90B1"	8	"HiG"
"HiG_13"	5	"HES1"	206	"HiG"
"HiG_13"	1263	"MSX1"	35	"HiG"
"HiG_13"	3	"PPP1R15A"	215	"HiG"
"HiG_13"	0	"PPP1R2"	298.5	"HiG"
"HiG_13"	56	"PRKAR2B"	162	"HiG"
"HiG_13"	2560	"CD81"	15	"HiG"
"HiG_13"	436	"GNG11"	87	"HiG"
"HiG_13"	0	"ISYNA1"	298.5	"HiG"
"HiG_13"	1461	"DKC1"	29	"HiG"
"HiG_13"	71	"OAT"	154.5	"HiG"
"HiG_13"	0	"TAX1BP3"	298.5	"HiG"
"HiG_13"	54	"ATP6V1F"	163.5	"HiG"
"HiG_13"	2204	"VIM"	16	"HiG"
"HiG_13"	1	"RER1"	227	"HiG"
"HiG_13"	204	"RRAS2"	129	"HiG"
"HiG_13"	2770	"UBC"	11	"HiG"
"HiG_13"	4	"GSTO1"	209.5	"HiG"
"HiG_13"	529	"PPA1"	79	"HiG"
"HiG_13"	5615	"HSPD1"	4	"HiG"
"HiG_13"	71	"ARPC5"	154.5	"HiG"
"HiG_13"	516	"CD9"	81	"HiG"
"HiG_13"	70	"SLC3A2"	156	"HiG"
"HiG_13"	2	"MMP2"	221.5	"HiG"
"HiG_13"	0	"DNAJC3"	298.5	"HiG"
"HiG_13"	201	"ARPC2"	131	"HiG"
"HiG_13"	31	"ILF2"	176	"HiG"
"HiG_13"	66	"TOP1"	158	"HiG"
"HiG_13"	456	"ENG"	83	"HiG"
"HiG_13"	28	"IGF2"	179.5	"HiG"
"HiG_13"	6471	"FN1"	3	"HiG"
"HiG_13"	1104	"PDIA3"	39	"HiG"
"HiG_13"	3	"TEAD2"	215	"HiG"
"HiG_13"	772	"KRT8"	56	"HiG"
"HiG_13"	1189	"APEX1"	37	"HiG"
"HiG_13"	1513	"TAL1"	27	"HiG"
"HiG_13"	4	"RANBP1"	209.5	"HiG"
"HiG_13"	0	"BEX1"	298.5	"HiG"
"HiG_13"	67	"ELK3"	157	"HiG"
"HiG_13"	2644	"SPARC"	13	"HiG"
"HiG_13"	228	"GDI2"	125	"HiG"
"HiG_13"	0	"SH3GLB1"	298.5	"HiG"
"HiG_13"	10	"HMGN1"	199.5	"HiG"
"HiG_13"	0	"MDK"	298.5	"HiG"
"HiG_13"	622	"MARCKS"	64	"HiG"
"HiG_13"	446	"ARF4"	84	"HiG"
"HiG_13"	195	"HMGB2"	133	"HiG"
"HiG_13"	1296	"PDIA4"	32	"HiG"
"HiG_13"	0	"PEG3"	298.5	"HiG"
"HiG_13"	42	"HOXA10"	171	"HiG"
"HiG_13"	611	"CCT4"	65	"HiG"
"HiG_13"	1684	"CCT8"	23	"HiG"
"HiG_13"	0	"TPM4"	298.5	"HiG"
"HiG_13"	91	"CSRP2"	151	"HiG"
"HiG_13"	3	"CLDN5"	215	"HiG"
"HiG_13"	0	"GRAP"	298.5	"HiG"
"HiG_13"	346	"PRDX1"	103	"HiG"
"HiG_13"	0	"MPZL1"	298.5	"HiG"
"HiG_13"	533	"CALD1"	77.5	"HiG"
"HiG_13"	0	"SDC1"	298.5	"HiG"
"HiG_13"	202	"GNL3"	130	"HiG"
"HiG_13"	0	"GNGT2"	298.5	"HiG"
"HiG_13"	172	"UPP1"	136	"HiG"
"HiG_13"	629	"RHOJ"	63	"HiG"
"HiG_13"	24	"SLBP"	183.5	"HiG"
"HiG_13"	406	"EIF4A3"	90	"HiG"
"HiG_13"	0	"HMOX1"	298.5	"HiG"
"HiG_13"	1322	"DLK1"	30	"HiG"
"HiG_13"	28	"SNX3"	179.5	"HiG"
"HiG_13"	1	"PCLAF"	227	"HiG"
"HiG_13"	482	"GMPS"	82	"HiG"
"HiG_13"	355	"CLTA"	95	"HiG"
"HiG_13"	0	"AMOT"	298.5	"HiG"
"HiG_13"	0	"GALK1"	298.5	"HiG"
"HiG_13"	20	"PPM1G"	189	"HiG"
"HiG_13"	13	"SLC1A5"	197	"HiG"
"HiG_13"	2004	"TUBA1A"	19	"HiG"
"HiG_13"	0	"IFRD2"	298.5	"HiG"
"HiG_13"	200	"TAGLN2"	132	"HiG"
"HiG_13"	854	"CKAP4"	51	"HiG"
"HiG_13"	441	"SEC61A1"	85	"HiG"
"HiG_13"	318	"NOP10"	113	"HiG"
"HiG_13"	23	"NHP2"	185.5	"HiG"
"HiG_13"	344	"MTDH"	107	"HiG"
"HiG_13"	953	"NOP58"	46	"HiG"
"HiG_13"	341	"HELLS"	108	"HiG"
"HiG_13"	390	"NSUN2"	91	"HiG"
"HiG_13"	227	"PGK1"	126.5	"HiG"
"HiG_13"	0	"IFRD1"	298.5	"HiG"
"HiG_13"	0	"CSRP1"	298.5	"HiG"
"HiG_13"	0	"PAIP2"	298.5	"HiG"
"HiG_13"	113	"HOXC9"	145.5	"HiG"
"HiG_13"	0	"SSBP4"	298.5	"HiG"
"HiG_13"	0	"XBP1"	298.5	"HiG"
"HiG_13"	1	"WDR12"	227	"HiG"
"HiG_13"	0	"ETV2"	298.5	"HiG"
"HiG_13"	39	"MRPL12"	172	"HiG"
"HiG_13"	0	"IDH3A"	298.5	"HiG"
"HiG_13"	0	"MRTO4"	298.5	"HiG"
"HiG_13"	340	"CNN3"	109	"HiG"
"HiG_13"	606	"SSB"	66	"HiG"
"HiG_13"	0	"LUZP1"	298.5	"HiG"
"HiG_13"	412	"ATP2B1"	89	"HiG"
"HiG_13"	0	"PRDX3"	298.5	"HiG"
"HiG_13"	120	"SDF2L1"	144	"HiG"
"HiG_13"	1294	"NOP56"	33	"HiG"
"HiG_13"	5	"IER2"	206	"HiG"
"HiG_13"	1033	"TPI1"	42	"HiG"
"HiG_13"	0	"SOX4"	298.5	"HiG"
"HiG_13"	193	"TUBA1C"	134.5	"HiG"
"HiG_13"	0	"IMPDH2"	298.5	"HiG"
"HiG_13"	302	"CHCHD4"	116	"HiG"
"HiG_13"	3	"RRBP1"	215	"HiG"
"HiG_13"	355	"SURF4"	95	"HiG"
"HiG_13"	0	"CRIP2"	298.5	"HiG"
"HiG_13"	347	"CMTM3"	99	"HiG"
"HiG_13"	0	"CRELD2"	298.5	"HiG"
"HiG_13"	0	"CRABP1"	298.5	"HiG"
"HiG_13"	349	"ODC1"	98	"HiG"
"HiG_13"	0	"NPM3"	298.5	"HiG"
"HiG_13"	0	"CDV3"	298.5	"HiG"
"HiG_13"	992	"BASP1"	45	"HiG"
"HiG_13"	0	"CNN2"	298.5	"HiG"
"HiG_13"	521	"RSL1D1"	80	"HiG"
"HiG_13"	363	"RRS1"	93	"HiG"
"HiG_13"	0	"MAK16"	298.5	"HiG"
"HiG_13"	700	"SLC25A4"	57	"HiG"
"HiG_13"	0	"PCGF5"	298.5	"HiG"
"HiG_13"	0	"LAPTM4B"	298.5	"HiG"
"HiG_13"	104	"SRM"	148	"HiG"
"HiG_13"	0	"HMGB3"	298.5	"HiG"
"HiG_13"	0	"LITAF"	298.5	"HiG"
"HiG_13"	1206	"SLC25A5"	36	"HiG"
"HiG_13"	0	"PGP"	298.5	"HiG"
"HiG_13"	2	"PLP2"	221.5	"HiG"
"HiG_13"	0	"ECSCR"	298.5	"HiG"
"HiG_13"	0	"MYDGF"	298.5	"HiG"
"HiG_13"	2	"PPIC"	221.5	"HiG"
"HiG_13"	0	"PCBP4"	298.5	"HiG"
"HiG_13"	1769	"EGFL7"	21	"HiG"
"HiG_13"	0	"TUBB6"	298.5	"HiG"
"HiG_13"	0	"PLK2"	298.5	"HiG"
"HiG_13"	0	"EEF1E1"	298.5	"HiG"
"HiG_13"	9	"TIMM10"	201.5	"HiG"
"HiG_13"	543	"TKT"	74	"HiG"
"HiG_13"	544	"TUBB4B"	73	"HiG"
"HiG_13"	0	"MARCKSL1"	298.5	"HiG"
"HiG_13"	0	"FERMT2"	298.5	"HiG"
"HiG_13"	48	"TXNDC5"	166.5	"HiG"
"HiG_13"	7	"FAM162A"	203	"HiG"
"HiG_13"	0	"RBMS1"	298.5	"HiG"
"HiG_13"	10	"MTX2"	199.5	"HiG"
"HiG_13"	26	"RDX"	181	"HiG"
"HiG_13"	0	"CFL2"	298.5	"HiG"
"HiG_13"	0	"RCN2"	298.5	"HiG"
"HiG_13"	355	"TMSB10"	95	"HiG"
"HiG_13"	0	"SH3BGRL3"	298.5	"HiG"
"HiG_13"	0	"PSME2"	298.5	"HiG"
"HiG_13"	0	"SERP1"	298.5	"HiG"
"HiG_13"	12	"TMED9"	198	"HiG"
"HiG_13"	0	"LMAN2"	298.5	"HiG"
"HiG_13"	0	"MT-ND4"	298.5	"HiG"
"HiG_13"	0	"GLIPR2"	298.5	"HiG"
"HiG_13"	0	"ATP6V0B"	298.5	"HiG"
"HiG_13"	25	"NECTIN2"	182	"HiG"
"HiG_13"	46	"PPID"	168.5	"HiG"
"HiG_13"	0	"FKBP11"	298.5	"HiG"
"HiG_13"	0	"TMBIM6"	298.5	"HiG"
"HiG_13"	135	"MT-CO3"	142	"HiG"
"HiG_13"	332	"HOXA7"	110	"HiG"
"HiG_13"	4	"MTAP"	209.5	"HiG"
"HiG_13"	0	"RBM38"	298.5	"HiG"
"HiG_13"	0	"CTSH"	298.5	"HiG"
"HiG_13"	0	"RSRP1"	298.5	"HiG"
"HiG_13"	554	"IGFBP4"	71	"HiG"
"HiG_13"	17	"SWAP70"	191.5	"HiG"
"HiG_13"	220	"NDUFA8"	128	"HiG"
"HiG_13"	438	"CCNJL"	86	"HiG"
"HiG_13"	21	"TMSB4X"	187.5	"HiG"
"HiG_13"	691	"RHOC"	58	"HiG"
"HiG_13"	0	"GPX3"	298.5	"HiG"
"HiG_13"	0	"ITM2A"	298.5	"HiG"
"HiG_13"	0	"LIMD2"	298.5	"HiG"
"HiG_13"	0	"EVA1B"	298.5	"HiG"
"HiG_13"	0	"TXNDC12"	298.5	"HiG"
"HiG_13"	0	"DUSP2"	298.5	"HiG"
"HiG_13"	0	"EPOP"	298.5	"HiG"
"HiG_13"	0	"TNFAIP1"	298.5	"HiG"
"HiG_13"	0	"MANF"	298.5	"HiG"
"HiG_13"	0	"GJA4"	298.5	"HiG"
"HiG_13"	0	"SELENOK"	298.5	"HiG"
"HiG_13"	0	"CDCA7"	298.5	"HiG"
"HiG_13"	0	"PLAC1"	298.5	"HiG"
"HiG_13"	0	"MRPL34"	298.5	"HiG"
"HiG_13"	0	"TSPAN3"	298.5	"HiG"
"HiG_13"	352	"GPC3"	97	"HiG"
"HiG_13"	0	"MTCH1"	298.5	"HiG"
"HiG_13"	37	"TMEM59"	173	"HiG"
"HiG_13"	0	"CARNMT1"	298.5	"HiG"
"HiG_13"	0	"LPAR6"	298.5	"HiG"
"HiG_13"	43	"FSTL1"	170	"HiG"
"HiG_13"	0	"PLVAP"	298.5	"HiG"
"HiG_13"	2	"NUDT9"	221.5	"HiG"
"HiG_13"	582	"SSR2"	68	"HiG"
"HiG_13"	0	"RSPO3"	298.5	"HiG"
"HiG_13"	0	"BEX4"	298.5	"HiG"
"HiG_13"	0	"OAZ2"	298.5	"HiG"
"HiG_13"	346	"POLG"	103	"HiG"
"HiG_13"	0	"PHLDA2"	298.5	"HiG"
"HiG_13"	0	"SLC16A3"	298.5	"HiG"
"HiG_13"	0	"RASIP1"	298.5	"HiG"
"HiG_13"	0	"FAM107B"	298.5	"HiG"
"HiG_13"	0	"SMAGP"	298.5	"HiG"
"HiG_13"	690	"APLNR"	59	"HiG"
"HiG_13"	170	"RBPMS2"	137	"HiG"
"HiG_13"	80	"ESAM"	152	"HiG"
"HiG_13"	0	"SYNGR2"	298.5	"HiG"
"HiG_13"	0	"TMEM97"	298.5	"HiG"
"HiG_13"	0	"STARD3NL"	298.5	"HiG"
"HiG_13"	0	"CMTM8"	298.5	"HiG"
"HiG_13"	6	"CMTM7"	204	"HiG"
"HiG_13"	0	"CYP26A1"	298.5	"HiG"
"HiG_13"	0	"EXOC3L4"	298.5	"HiG"
"HiG_13"	0	"ZFP36L2"	298.5	"HiG"
"HiG_13"	24	"MT-ATP6"	183.5	"HiG"
"HiG_13"	9	"HOXB2"	201.5	"HiG"
"HiG_13"	0	"BRI3"	298.5	"HiG"
"HiG_13"	0	"TBRG1"	298.5	"HiG"
"HiG_13"	346	"TSPAN4"	103	"HiG"
"HiG_13"	0	"PIM3"	298.5	"HiG"
"HiG_13"	23	"IFITM1"	185.5	"HiG"
"HiG_13"	2	"TPST2"	221.5	"HiG"
"HiG_13"	0	"UBALD2"	298.5	"HiG"
"HiG_13"	0	"SELENOH"	298.5	"HiG"
"HiG_13"	3	"VGLL4"	215	"HiG"
"HiG_13"	0	"SOX17"	298.5	"HiG"
"HiG_13"	0	"NUDT4"	298.5	"HiG"
"HiG_13"	0	"TMEM158"	298.5	"HiG"
"HiG_13"	0	"SLC38A4"	298.5	"HiG"
"HiG_13"	0	"MOGAT2"	298.5	"HiG"
"HiG_13"	0	"WSB1"	298.5	"HiG"
"HiG_13"	0	"NRARP"	298.5	"HiG"
"HiG_13"	0	"TM6SF1"	298.5	"HiG"
"HiG_8"	0	"CITED2"	228	"HiG"
"HiG_8"	2103	"CCNB1"	18	"HiG"
"HiG_8"	16	"ID3"	133	"HiG"
"HiG_8"	237	"AFDN"	89.5	"HiG"
"HiG_8"	104	"SRSF9"	108	"HiG"
"HiG_8"	0	"ANP32A"	228	"HiG"
"HiG_8"	0	"MCM7"	228	"HiG"
"HiG_8"	4127	"EZH2"	4	"HiG"
"HiG_8"	0	"MAGED1"	228	"HiG"
"HiG_8"	856	"NDN"	38	"HiG"
"HiG_8"	801	"ID2"	41	"HiG"
"HiG_8"	1601	"CDKN1C"	22	"HiG"
"HiG_8"	276	"CADM1"	79.5	"HiG"
"HiG_8"	538	"RAN"	55.5	"HiG"
"HiG_8"	57	"KHDRBS1"	116	"HiG"
"HiG_8"	12	"CLNS1A"	139.5	"HiG"
"HiG_8"	1036	"EIF4A1"	33	"HiG"
"HiG_8"	23	"PRDX4"	130.5	"HiG"
"HiG_8"	0	"LMO4"	228	"HiG"
"HiG_8"	285	"CCNE1"	75	"HiG"
"HiG_8"	0	"ASF1A"	228	"HiG"
"HiG_8"	604	"BNIP3L"	51	"HiG"
"HiG_8"	0	"RBPMS"	228	"HiG"
"HiG_8"	0	"ITM2C"	228	"HiG"
"HiG_8"	0	"DCTPP1"	228	"HiG"
"HiG_8"	550	"BEX3"	53.5	"HiG"
"HiG_8"	931	"KRT18"	36	"HiG"
"HiG_8"	0	"BAMBI"	228	"HiG"
"HiG_8"	0	"COX17"	228	"HiG"
"HiG_8"	0	"PHLDA1"	228	"HiG"
"HiG_8"	3	"DUT"	156	"HiG"
"HiG_8"	0	"BEX2"	228	"HiG"
"HiG_8"	255	"RPS26"	86	"HiG"
"HiG_8"	0	"FTH1"	228	"HiG"
"HiG_8"	312	"CCND2"	71	"HiG"
"HiG_8"	0	"GCSH"	228	"HiG"
"HiG_8"	551	"DDAH2"	52	"HiG"
"HiG_8"	32	"ARL6IP1"	125.5	"HiG"
"HiG_8"	0	"PAFAH1B3"	228	"HiG"
"HiG_8"	619	"BNIP3"	50	"HiG"
"HiG_8"	0	"BCCIP"	228	"HiG"
"HiG_8"	138	"RTN4"	102.5	"HiG"
"HiG_8"	115	"ALX1"	104	"HiG"
"HiG_8"	0	"CTNNBIP1"	228	"HiG"
"HiG_8"	3518	"HDAC1"	7	"HiG"
"HiG_8"	5870	"HSPA5"	1	"HiG"
"HiG_8"	0	"OLA1"	228	"HiG"
"HiG_8"	946	"CDC20"	34	"HiG"
"HiG_8"	0	"TCEAL9"	228	"HiG"
"HiG_8"	1250	"PPP1CB"	28	"HiG"
"HiG_8"	5	"LYAR"	150	"HiG"
"HiG_8"	210	"FKBP4"	94	"HiG"
"HiG_8"	787	"NASP"	43	"HiG"
"HiG_8"	276	"FBLN1"	79.5	"HiG"
"HiG_8"	275	"GTPBP4"	82.5	"HiG"
"HiG_8"	159	"PAICS"	100	"HiG"
"HiG_8"	30	"BIRC5"	128	"HiG"
"HiG_8"	0	"FSCN1"	228	"HiG"
"HiG_8"	1076	"TRA2B"	30	"HiG"
"HiG_8"	14	"SSR3"	136	"HiG"
"HiG_8"	1073	"DNAJA1"	31	"HiG"
"HiG_8"	0	"DDT"	228	"HiG"
"HiG_8"	3567	"DDX5"	5	"HiG"
"HiG_8"	9	"SFXN1"	143	"HiG"
"HiG_8"	5	"HNRNPH3"	150	"HiG"
"HiG_8"	276	"EBNA1BP2"	79.5	"HiG"
"HiG_8"	178	"PA2G4"	99	"HiG"
"HiG_8"	238	"PDIA6"	88	"HiG"
"HiG_8"	0	"MEST"	228	"HiG"
"HiG_8"	5530	"NCL"	2	"HiG"
"HiG_8"	79	"HNRNPA3"	112	"HiG"
"HiG_8"	0	"FABP5"	228	"HiG"
"HiG_8"	259	"CBX1"	85	"HiG"
"HiG_8"	0	"CCND1"	228	"HiG"
"HiG_8"	488	"MAPK3"	59	"HiG"
"HiG_8"	0	"LSR"	228	"HiG"
"HiG_8"	0	"PTOV1"	228	"HiG"
"HiG_8"	406	"MAP1B"	65	"HiG"
"HiG_8"	4	"TGFB2"	153.5	"HiG"
"HiG_8"	2499	"HSP90AA1"	17	"HiG"
"HiG_8"	0	"TSEN34"	228	"HiG"
"HiG_8"	3424	"PCNA"	9	"HiG"
"HiG_8"	1253	"ID1"	27	"HiG"
"HiG_8"	0	"FOXP1"	228	"HiG"
"HiG_8"	0	"SMARCD3"	228	"HiG"
"HiG_8"	217	"RALA"	92	"HiG"
"HiG_8"	0	"PFN2"	228	"HiG"
"HiG_8"	770	"DBN1"	44	"HiG"
"HiG_8"	4	"JAM3"	153.5	"HiG"
"HiG_8"	1368	"APOE"	25	"HiG"
"HiG_8"	0	"HAPLN1"	228	"HiG"
"HiG_8"	682	"STMN1"	45	"HiG"
"HiG_8"	3402	"NKX2-5"	10	"HiG"
"HiG_8"	90	"GJA1"	110	"HiG"
"HiG_8"	23	"SAP30"	130.5	"HiG"
"HiG_8"	0	"GRB10"	228	"HiG"
"HiG_8"	463	"HMGA2"	61	"HiG"
"HiG_8"	409	"MAT2A"	64	"HiG"
"HiG_8"	15	"ORC6"	134.5	"HiG"
"HiG_8"	211	"DEK"	93	"HiG"
"HiG_8"	3160	"RBBP7"	12	"HiG"
"HiG_8"	0	"HES1"	228	"HiG"
"HiG_8"	0	"ADH5"	228	"HiG"
"HiG_8"	31	"CD81"	127	"HiG"
"HiG_8"	0	"FXYD6"	228	"HiG"
"HiG_8"	0	"IVNS1ABP"	228	"HiG"
"HiG_8"	4	"DKC1"	153.5	"HiG"
"HiG_8"	6	"PTN"	147.5	"HiG"
"HiG_8"	0	"ACIN1"	228	"HiG"
"HiG_8"	5	"TAX1BP3"	150	"HiG"
"HiG_8"	0	"SPTSSA"	228	"HiG"
"HiG_8"	0	"LAPTM4A"	228	"HiG"
"HiG_8"	1726	"VIM"	20	"HiG"
"HiG_8"	1372	"TRIM28"	24	"HiG"
"HiG_8"	2566	"UBC"	15	"HiG"
"HiG_8"	0	"ARL3"	228	"HiG"
"HiG_8"	1481	"SERBP1"	23	"HiG"
"HiG_8"	0	"SNRPN"	228	"HiG"
"HiG_8"	3521	"HSPD1"	6	"HiG"
"HiG_8"	848	"MEF2C"	39	"HiG"
"HiG_8"	45	"TOP1"	120	"HiG"
"HiG_8"	53	"ACVR2B"	118	"HiG"
"HiG_8"	444	"IGF2"	62	"HiG"
"HiG_8"	2500	"FN1"	16	"HiG"
"HiG_8"	0	"TEAD2"	228	"HiG"
"HiG_8"	1046	"KRT8"	32	"HiG"
"HiG_8"	1280	"APEX1"	26	"HiG"
"HiG_8"	7	"SRSF11"	145	"HiG"
"HiG_8"	0	"BEX1"	228	"HiG"
"HiG_8"	138	"MEIS1"	102.5	"HiG"
"HiG_8"	202	"SFRP1"	97	"HiG"
"HiG_8"	0	"GDI2"	228	"HiG"
"HiG_8"	113	"HMGN1"	105	"HiG"
"HiG_8"	324	"PBX1"	69	"HiG"
"HiG_8"	0	"MDK"	228	"HiG"
"HiG_8"	662	"MARCKS"	47	"HiG"
"HiG_8"	296	"ARF4"	73	"HiG"
"HiG_8"	673	"HMGB2"	46	"HiG"
"HiG_8"	0	"ISL1"	228	"HiG"
"HiG_8"	11	"MMP14"	141	"HiG"
"HiG_8"	237	"PDIA4"	89.5	"HiG"
"HiG_8"	0	"PEG3"	228	"HiG"
"HiG_8"	3280	"CCT8"	11	"HiG"
"HiG_8"	2	"VAMP8"	157.5	"HiG"
"HiG_8"	642	"TCF3"	48	"HiG"
"HiG_8"	362	"TPM4"	68	"HiG"
"HiG_8"	0	"CSRP2"	228	"HiG"
"HiG_8"	313	"GATA6"	70	"HiG"
"HiG_8"	0	"FHL1"	228	"HiG"
"HiG_8"	15	"PRDX1"	134.5	"HiG"
"HiG_8"	0	"MPZL1"	228	"HiG"
"HiG_8"	1	"CALD1"	161	"HiG"
"HiG_8"	0	"HOMER2"	228	"HiG"
"HiG_8"	1	"FGF8"	161	"HiG"
"HiG_8"	82	"PSIP1"	111	"HiG"
"HiG_8"	277	"SNX6"	77	"HiG"
"HiG_8"	5118	"TPM1"	3	"HiG"
"HiG_8"	32	"GNL3"	125.5	"HiG"
"HiG_8"	0	"LMNB1"	228	"HiG"
"HiG_8"	60	"SLBP"	115	"HiG"
"HiG_8"	250	"EIF4A3"	87	"HiG"
"HiG_8"	439	"PCLAF"	63	"HiG"
"HiG_8"	1650	"PKM"	21	"HiG"
"HiG_8"	1	"ENO3"	161	"HiG"
"HiG_8"	3505	"TUBA1B"	8	"HiG"
"HiG_8"	925	"ARG1"	37	"HiG"
"HiG_8"	3092	"TUBA1A"	13	"HiG"
"HiG_8"	109	"CKAP4"	107	"HiG"
"HiG_8"	0	"NOP10"	228	"HiG"
"HiG_8"	0	"ATXN7L3B"	228	"HiG"
"HiG_8"	0	"RPS4X"	228	"HiG"
"HiG_8"	110	"HNRNPDL"	106	"HiG"
"HiG_8"	538	"NOP58"	55.5	"HiG"
"HiG_8"	0	"ANP32E"	228	"HiG"
"HiG_8"	0	"HELLS"	228	"HiG"
"HiG_8"	0	"UBE2E3"	228	"HiG"
"HiG_8"	0	"PAIP2"	228	"HiG"
"HiG_8"	0	"HADH"	228	"HiG"
"HiG_8"	2739	"YWHAE"	14	"HiG"
"HiG_8"	222	"TSC22D1"	91	"HiG"
"HiG_8"	20	"MEIS2"	132	"HiG"
"HiG_8"	0	"XBP1"	228	"HiG"
"HiG_8"	0	"WDR12"	228	"HiG"
"HiG_8"	812	"RBP1"	40	"HiG"
"HiG_8"	1089	"HAT1"	29	"HiG"
"HiG_8"	0	"MRTO4"	228	"HiG"
"HiG_8"	7	"CNN3"	145	"HiG"
"HiG_8"	283	"PHGDH"	76	"HiG"
"HiG_8"	0	"PSAT1"	228	"HiG"
"HiG_8"	276	"DCAKD"	79.5	"HiG"
"HiG_8"	0	"IER2"	228	"HiG"
"HiG_8"	481	"TPI1"	60	"HiG"
"HiG_8"	34	"HSD17B10"	123.5	"HiG"
"HiG_8"	307	"SOX4"	72	"HiG"
"HiG_8"	1814	"MYCN"	19	"HiG"
"HiG_8"	0	"IMPDH2"	228	"HiG"
"HiG_8"	0	"PNRC2"	228	"HiG"
"HiG_8"	34	"TNNI1"	123.5	"HiG"
"HiG_8"	0	"TRA2A"	228	"HiG"
"HiG_8"	0	"TTC3"	228	"HiG"
"HiG_8"	0	"CRABP1"	228	"HiG"
"HiG_8"	275	"NPM3"	82.5	"HiG"
"HiG_8"	56	"BASP1"	117	"HiG"
"HiG_8"	63	"CNN2"	114	"HiG"
"HiG_8"	24	"RRS1"	129	"HiG"
"HiG_8"	10	"SLC25A4"	142	"HiG"
"HiG_8"	0	"LAPTM4B"	228	"HiG"
"HiG_8"	13	"SRM"	137.5	"HiG"
"HiG_8"	13	"LDHB"	137.5	"HiG"
"HiG_8"	1	"HMGB3"	161	"HiG"
"HiG_8"	374	"SLC25A5"	66	"HiG"
"HiG_8"	0	"FZD2"	228	"HiG"
"HiG_8"	0	"RAB34"	228	"HiG"
"HiG_8"	0	"PPP1R14A"	228	"HiG"
"HiG_8"	0	"PLP2"	228	"HiG"
"HiG_8"	1	"PCBP4"	161	"HiG"
"HiG_8"	0	"TBCB"	228	"HiG"
"HiG_8"	0	"EEF1E1"	228	"HiG"
"HiG_8"	146	"TKT"	101	"HiG"
"HiG_8"	497	"TUBB4B"	58	"HiG"
"HiG_8"	0	"MARCKSL1"	228	"HiG"
"HiG_8"	37	"FERMT2"	122	"HiG"
"HiG_8"	184	"TPM2"	98	"HiG"
"HiG_8"	0	"FAM162A"	228	"HiG"
"HiG_8"	0	"RBMS1"	228	"HiG"
"HiG_8"	12	"RANGRF"	139.5	"HiG"
"HiG_8"	41	"CFL2"	121	"HiG"
"HiG_8"	0	"RCN2"	228	"HiG"
"HiG_8"	205	"DUSP9"	96	"HiG"
"HiG_8"	272	"ALDH1A2"	84	"HiG"
"HiG_8"	0	"BCAT1"	228	"HiG"
"HiG_8"	0	"MPPED2"	228	"HiG"
"HiG_8"	0	"MT-ND4"	228	"HiG"
"HiG_8"	206	"IGFBP2"	95	"HiG"
"HiG_8"	641	"NECTIN2"	49	"HiG"
"HiG_8"	932	"PPID"	35	"HiG"
"HiG_8"	0	"ADK"	228	"HiG"
"HiG_8"	7	"MTAP"	145	"HiG"
"HiG_8"	507	"IGFBP4"	57	"HiG"
"HiG_8"	367	"SMS"	67	"HiG"
"HiG_8"	0	"UBE2R2"	228	"HiG"
"HiG_8"	0	"NMRAL1"	228	"HiG"
"HiG_8"	0	"GPX3"	228	"HiG"
"HiG_8"	0	"LIMD2"	228	"HiG"
"HiG_8"	0	"MYL7"	228	"HiG"
"HiG_8"	0	"TXNDC12"	228	"HiG"
"HiG_8"	0	"METTL9"	228	"HiG"
"HiG_8"	0	"EPOP"	228	"HiG"
"HiG_8"	0	"TNFAIP1"	228	"HiG"
"HiG_8"	0	"RCOR2"	228	"HiG"
"HiG_8"	0	"CDCA7"	228	"HiG"
"HiG_8"	0	"CFC1"	228	"HiG"
"HiG_8"	0	"EMB"	228	"HiG"
"HiG_8"	0	"TSPAN3"	228	"HiG"
"HiG_8"	48	"GPC3"	119	"HiG"
"HiG_8"	70	"MTCH1"	113	"HiG"
"HiG_8"	293	"FOXF1"	74	"HiG"
"HiG_8"	2	"FSTL1"	157.5	"HiG"
"HiG_8"	0	"IFT74"	228	"HiG"
"HiG_8"	0	"WLS"	228	"HiG"
"HiG_8"	0	"ABRACL"	228	"HiG"
"HiG_8"	0	"TIMM8B"	228	"HiG"
"HiG_8"	0	"BEX4"	228	"HiG"
"HiG_8"	0	"OAZ2"	228	"HiG"
"HiG_8"	0	"LEFTY2"	228	"HiG"
"HiG_8"	0	"PHLDA2"	228	"HiG"
"HiG_8"	0	"SLC16A3"	228	"HiG"
"HiG_8"	6	"RBMXL1"	147.5	"HiG"
"HiG_8"	0	"PRTG"	228	"HiG"
"HiG_8"	0	"APLNR"	228	"HiG"
"HiG_8"	0	"SOX11"	228	"HiG"
"HiG_8"	0	"IRX3"	228	"HiG"
"HiG_8"	0	"HOXB2"	228	"HiG"
"HiG_8"	0	"BRI3"	228	"HiG"
"HiG_8"	0	"MFAP2"	228	"HiG"
"HiG_8"	0	"CTXN1"	228	"HiG"
"HiG_8"	0	"IGFBPL1"	228	"HiG"
"HiG_8"	99	"IFITM1"	109	"HiG"
"HiG_8"	550	"TSPAN6"	53.5	"HiG"
"HiG_8"	0	"SELENOH"	228	"HiG"
"HiG_8"	0	"RGS5"	228	"HiG"
"HiG_8"	0	"RASL11A"	228	"HiG"
"HiG_8"	795	"WNT2"	42	"HiG"
"HiG_8"	0	"PPDPF"	228	"HiG"
"HiG_8"	0	"PIGX"	228	"HiG"
"HiG_8"	0	"SFRP5"	228	"HiG"
"HiG_8"	0	"TGIF1"	228	"HiG"
"HiG_8"	0	"TCEAL8"	228	"HiG"
"HiG_8"	4	"PRRX2"	153.5	"HiG"
"HiG_8"	0	"TSPAN7"	228	"HiG"
"HiG_8"	0	"MOGAT2"	228	"HiG"
"HiG_8"	0	"WSB1"	228	"HiG"
"HiGCTS_15"	17	"CDH5"	1	"HiGCTS"
"HiGCTS_15"	0	"IGF1"	17	"HiGCTS"
"HiGCTS_15"	0	"CITED4"	17	"HiGCTS"
"HiGCTS_15"	0	"GNG11"	17	"HiGCTS"
"HiGCTS_15"	6	"RND2"	3.5	"HiGCTS"
"HiGCTS_15"	0	"TAL1"	17	"HiGCTS"
"HiGCTS_15"	0	"CD34"	17	"HiGCTS"
"HiGCTS_15"	1	"CLDN5"	5	"HiGCTS"
"HiGCTS_15"	0	"GRAP"	17	"HiGCTS"
"HiGCTS_15"	0	"GNGT2"	17	"HiGCTS"
"HiGCTS_15"	0	"RHOJ"	17	"HiGCTS"
"HiGCTS_15"	0	"ADGRG1"	17	"HiGCTS"
"HiGCTS_15"	0	"VAT1"	17	"HiGCTS"
"HiGCTS_15"	0	"GPSM3"	17	"HiGCTS"
"HiGCTS_15"	0	"RNF141"	17	"HiGCTS"
"HiGCTS_15"	0	"ALOX5AP"	17	"HiGCTS"
"HiGCTS_15"	6	"GMFG"	3.5	"HiGCTS"
"HiGCTS_15"	0	"PPP1R18"	17	"HiGCTS"
"HiGCTS_15"	0	"GIMAP5"	17	"HiGCTS"
"HiGCTS_15"	0	"NPL"	17	"HiGCTS"
"HiGCTS_15"	0	"SMAGP"	17	"HiGCTS"
"HiGCTS_15"	10	"PTPN18"	2	"HiGCTS"
"HiGCTS_15"	0	"GIMAP1"	17	"HiGCTS"
"HiGCTS_15"	0	"SIPA1"	17	"HiGCTS"
"HiGCTS_15"	0	"VAMP5"	17	"HiGCTS"
"HiGCTS_15"	0	"TIE1"	17	"HiGCTS"
"HiGCTS_15"	0	"SMIM1"	17	"HiGCTS"
"HiGCTS_15"	0	"MFNG"	17	"HiGCTS"
"CTS_7"	0	"GATA2"	14.5	"CTS"
"CTS_7"	0	"TNNT1"	14.5	"CTS"
"CTS_7"	0	"PTP4A3"	14.5	"CTS"
"CTS_7"	0	"RGS10"	14.5	"CTS"
"CTS_7"	0	"CEBPB"	14.5	"CTS"
"CTS_7"	0	"CBFA2T3"	14.5	"CTS"
"CTS_7"	0	"IRAK1"	14.5	"CTS"
"CTS_7"	0	"KLF1"	14.5	"CTS"
"CTS_7"	0	"F10"	14.5	"CTS"
"CTS_7"	0	"F2R"	14.5	"CTS"
"CTS_7"	6	"SPI1"	1	"CTS"
"CTS_7"	2	"ARHGDIB"	2	"CTS"
"CTS_7"	0	"WAS"	14.5	"CTS"
"CTS_7"	0	"SAMSN1"	14.5	"CTS"
"CTS_7"	0	"ANKRD13A"	14.5	"CTS"
"CTS_7"	0	"GCHFR"	14.5	"CTS"
"CTS_7"	0	"AHI1"	14.5	"CTS"
"CTS_7"	0	"CPOX"	14.5	"CTS"
"CTS_7"	0	"BLVRB"	14.5	"CTS"
"CTS_7"	0	"GMFG"	14.5	"CTS"
"CTS_7"	0	"CHCHD10"	14.5	"CTS"
"CTS_7"	0	"PTPN7"	14.5	"CTS"
"CTS_7"	0	"TGFBR3"	14.5	"CTS"
"CTS_7"	0	"PLIN2"	14.5	"CTS"
"CTS_7"	0	"TSPAN32"	14.5	"CTS"
"CTS_7"	0	"YDJC"	14.5	"CTS"
"CTS_11"	0	"P4HA2"	27.5	"CTS"
"CTS_11"	39	"LMNA"	4	"CTS"
"CTS_11"	0	"FHL2"	27.5	"CTS"
"CTS_11"	23	"KALRN"	5	"CTS"
"CTS_11"	0	"EFEMP2"	27.5	"CTS"
"CTS_11"	0	"PMM1"	27.5	"CTS"
"CTS_11"	0	"PON2"	27.5	"CTS"
"CTS_11"	0	"BCAR3"	27.5	"CTS"
"CTS_11"	0	"EMP2"	27.5	"CTS"
"CTS_11"	0	"EFNA2"	27.5	"CTS"
"CTS_11"	40	"FGFR3"	2.5	"CTS"
"CTS_11"	0	"SFRP1"	27.5	"CTS"
"CTS_11"	22	"FBN1"	6	"CTS"
"CTS_11"	0	"IFNGR2"	27.5	"CTS"
"CTS_11"	0	"COX4I2"	27.5	"CTS"
"CTS_11"	48	"FGFR2"	1	"CTS"
"CTS_11"	0	"ASB4"	27.5	"CTS"
"CTS_11"	0	"MAGED2"	27.5	"CTS"
"CTS_11"	0	"BAIAP2L1"	27.5	"CTS"
"CTS_11"	0	"PRKCH"	27.5	"CTS"
"CTS_11"	0	"ABHD4"	27.5	"CTS"
"CTS_11"	0	"SNX24"	27.5	"CTS"
"CTS_11"	0	"LIMA1"	27.5	"CTS"
"CTS_11"	0	"MSRB2"	27.5	"CTS"
"CTS_11"	0	"MT-ND6"	27.5	"CTS"
"CTS_11"	0	"CCDC80"	27.5	"CTS"
"CTS_11"	0	"PIR"	27.5	"CTS"
"CTS_11"	0	"IKBIP"	27.5	"CTS"
"CTS_11"	0	"MGAT4B"	27.5	"CTS"
"CTS_11"	40	"VCAM1"	2.5	"CTS"
"CTS_11"	0	"DHRS7"	27.5	"CTS"
"CTS_11"	0	"MBNL3"	27.5	"CTS"
"CTS_11"	0	"FAM114A1"	27.5	"CTS"
"CTS_11"	0	"CTHRC1"	27.5	"CTS"
"CTS_11"	0	"SGPP1"	27.5	"CTS"
"CTS_11"	0	"TMOD1"	27.5	"CTS"
"CTS_11"	0	"SPATS2L"	27.5	"CTS"
"CTS_11"	0	"KCNS3"	27.5	"CTS"
"CTS_11"	0	"SGCE"	27.5	"CTS"
"CTS_11"	0	"PERP"	27.5	"CTS"
"CTS_11"	0	"MGARP"	27.5	"CTS"
"CTS_11"	0	"AARD"	27.5	"CTS"
"CTS_11"	0	"SHISA4"	27.5	"CTS"
"CTS_11"	12	"NRK"	7.5	"CTS"
"CTS_11"	0	"TWIST2"	27.5	"CTS"
"CTS_11"	12	"PCOLCE"	7.5	"CTS"
"CTS_15"	0	"SNCA"	38.5	"CTS"
"CTS_15"	3	"GATA1"	16	"CTS"
"CTS_15"	0	"ABI3"	38.5	"CTS"
"CTS_15"	0	"GEM"	38.5	"CTS"
"CTS_15"	163	"JUP"	5	"CTS"
"CTS_15"	0	"RGS10"	38.5	"CTS"
"CTS_15"	218	"CDH5"	1	"CTS"
"CTS_15"	0	"IGF1"	38.5	"CTS"
"CTS_15"	0	"EPOR"	38.5	"CTS"
"CTS_15"	0	"CITED4"	38.5	"CTS"
"CTS_15"	0	"F10"	38.5	"CTS"
"CTS_15"	0	"GNG11"	38.5	"CTS"
"CTS_15"	0	"PLPP2"	38.5	"CTS"
"CTS_15"	0	"CD38"	38.5	"CTS"
"CTS_15"	173	"RND2"	2	"CTS"
"CTS_15"	0	"TAL1"	38.5	"CTS"
"CTS_15"	0	"CAV2"	38.5	"CTS"
"CTS_15"	0	"CD34"	38.5	"CTS"
"CTS_15"	6	"RAB27B"	15	"CTS"
"CTS_15"	31	"ICAM2"	12.5	"CTS"
"CTS_15"	31	"CLDN5"	12.5	"CTS"
"CTS_15"	0	"NRTN"	38.5	"CTS"
"CTS_15"	0	"GRAP"	38.5	"CTS"
"CTS_15"	0	"CEBPD"	38.5	"CTS"
"CTS_15"	0	"GNGT2"	38.5	"CTS"
"CTS_15"	0	"N4BP3"	38.5	"CTS"
"CTS_15"	164	"RHOJ"	4	"CTS"
"CTS_15"	0	"FECH"	38.5	"CTS"
"CTS_15"	0	"NFE2"	38.5	"CTS"
"CTS_15"	0	"NES"	38.5	"CTS"
"CTS_15"	0	"ADGRG1"	38.5	"CTS"
"CTS_15"	0	"ATP13A2"	38.5	"CTS"
"CTS_15"	144	"ARAP3"	6	"CTS"
"CTS_15"	31	"VAT1"	12.5	"CTS"
"CTS_15"	0	"GPSM3"	38.5	"CTS"
"CTS_15"	0	"RNF141"	38.5	"CTS"
"CTS_15"	0	"ALOX5AP"	38.5	"CTS"
"CTS_15"	60	"GMFG"	9.5	"CTS"
"CTS_15"	0	"PPP1R18"	38.5	"CTS"
"CTS_15"	0	"CAPG"	38.5	"CTS"
"CTS_15"	0	"FAM171A2"	38.5	"CTS"
"CTS_15"	0	"GIMAP5"	38.5	"CTS"
"CTS_15"	0	"NPL"	38.5	"CTS"
"CTS_15"	87	"SCARB1"	8	"CTS"
"CTS_15"	0	"FAM107B"	38.5	"CTS"
"CTS_15"	0	"SMAGP"	38.5	"CTS"
"CTS_15"	0	"PTPN18"	38.5	"CTS"
"CTS_15"	0	"SLC16A13"	38.5	"CTS"
"CTS_15"	0	"GIMAP1"	38.5	"CTS"
"CTS_15"	31	"PLXND1"	12.5	"CTS"
"CTS_15"	0	"SIPA1"	38.5	"CTS"
"CTS_15"	0	"OIT3"	38.5	"CTS"
"CTS_15"	60	"VAMP5"	9.5	"CTS"
"CTS_15"	126	"TIE1"	7	"CTS"
"CTS_15"	172	"VAV3"	3	"CTS"
"CTS_15"	0	"ADGRF5"	38.5	"CTS"
"CTS_15"	0	"SMIM1"	38.5	"CTS"
"CTS_15"	0	"MFNG"	38.5	"CTS"
"CTS_15"	0	"ORAI3"	38.5	"CTS"
"CTS_15"	0	"TMEM163"	38.5	"CTS"
"CTS_16"	30	"COL1A1"	3	"CTS"
"CTS_16"	0	"KRT19"	23	"CTS"
"CTS_16"	0	"RADIL"	23	"CTS"
"CTS_16"	0	"NUP62CL"	23	"CTS"
"CTS_16"	0	"PON2"	23	"CTS"
"CTS_16"	0	"FLOT1"	23	"CTS"
"CTS_16"	28	"LAMA4"	4.5	"CTS"
"CTS_16"	0	"PLAGL1"	23	"CTS"
"CTS_16"	15	"CD44"	8.5	"CTS"
"CTS_16"	46	"COL3A1"	1.5	"CTS"
"CTS_16"	15	"HOXB7"	8.5	"CTS"
"CTS_16"	0	"IGF2R"	23	"CTS"
"CTS_16"	4	"SDC2"	11	"CTS"
"CTS_16"	0	"CEBPD"	23	"CTS"
"CTS_16"	0	"RRAS"	23	"CTS"
"CTS_16"	0	"FKBP10"	23	"CTS"
"CTS_16"	15	"TUBB2A"	8.5	"CTS"
"CTS_16"	0	"RGN"	23	"CTS"
"CTS_16"	0	"G0S2"	23	"CTS"
"CTS_16"	0	"MBNL3"	23	"CTS"
"CTS_16"	0	"ME1"	23	"CTS"
"CTS_16"	0	"SCPEP1"	23	"CTS"
"CTS_16"	15	"MBNL2"	8.5	"CTS"
"CTS_16"	0	"COLEC11"	23	"CTS"
"CTS_16"	0	"WNT4"	23	"CTS"
"CTS_16"	25	"COL5A2"	6	"CTS"
"CTS_16"	28	"ZEB1"	4.5	"CTS"
"CTS_16"	0	"GATM"	23	"CTS"
"CTS_16"	46	"MXRA8"	1.5	"CTS"
"CTS_16"	0	"HOXC5"	23	"CTS"
"CTS_16"	0	"TMEM45A"	23	"CTS"
"CTS_16"	0	"NRK"	23	"CTS"
"CTS_16"	0	"SULF1"	23	"CTS"
"CTS_16"	0	"RGS4"	23	"CTS"
"CTS_16.1"	474	"LMNA"	1	"CTS"
"CTS_16.1"	111	"KALRN"	8	"CTS"
"CTS_16.1"	121	"PRKCZ"	7	"CTS"
"CTS_16.1"	0	"LRP2"	48	"CTS"
"CTS_16.1"	0	"LRRN4"	48	"CTS"
"CTS_16.1"	0	"PITX1"	48	"CTS"
"CTS_16.1"	427	"EZR"	2	"CTS"
"CTS_16.1"	139	"BMP2"	6	"CTS"
"CTS_16.1"	0	"EHD2"	48	"CTS"
"CTS_16.1"	0	"TEAD1"	48	"CTS"
"CTS_16.1"	0	"RAMP1"	48	"CTS"
"CTS_16.1"	320	"RUNX1"	3	"CTS"
"CTS_16.1"	0	"EMP2"	48	"CTS"
"CTS_16.1"	0	"REM1"	48	"CTS"
"CTS_16.1"	18	"FGFR3"	21.5	"CTS"
"CTS_16.1"	0	"PDPN"	48	"CTS"
"CTS_16.1"	0	"RFLNB"	48	"CTS"
"CTS_16.1"	0	"ANXA3"	48	"CTS"
"CTS_16.1"	0	"TINAGL1"	48	"CTS"
"CTS_16.1"	32	"NDRG1"	20	"CTS"
"CTS_16.1"	0	"CDC42EP2"	48	"CTS"
"CTS_16.1"	0	"LTBR"	48	"CTS"
"CTS_16.1"	96	"STIM1"	12	"CTS"
"CTS_16.1"	171	"PARD6B"	5	"CTS"
"CTS_16.1"	0	"EDNRB"	48	"CTS"
"CTS_16.1"	232	"ITGA4"	4	"CTS"
"CTS_16.1"	110	"TGFB1I1"	9	"CTS"
"CTS_16.1"	99	"ITGA5"	11	"CTS"
"CTS_16.1"	39	"PRNP"	19	"CTS"
"CTS_16.1"	0	"CRB2"	48	"CTS"
"CTS_16.1"	0	"GAS6"	48	"CTS"
"CTS_16.1"	0	"IFNGR1"	48	"CTS"
"CTS_16.1"	0	"BCAM"	48	"CTS"
"CTS_16.1"	67	"FGFR2"	15	"CTS"
"CTS_16.1"	0	"LRRC1"	48	"CTS"
"CTS_16.1"	43	"HPCAL1"	17	"CTS"
"CTS_16.1"	0	"COBLL1"	48	"CTS"
"CTS_16.1"	0	"P3H4"	48	"CTS"
"CTS_16.1"	0	"GJB5"	48	"CTS"
"CTS_16.1"	47	"COL4A2"	16	"CTS"
"CTS_16.1"	0	"KCNAB1"	48	"CTS"
"CTS_16.1"	0	"PDLIM2"	48	"CTS"
"CTS_16.1"	0	"ECE1"	48	"CTS"
"CTS_16.1"	0	"DKK3"	48	"CTS"
"CTS_16.1"	0	"HSPB8"	48	"CTS"
"CTS_16.1"	0	"TMEM37"	48	"CTS"
"CTS_16.1"	0	"CCDC102A"	48	"CTS"
"CTS_16.1"	0	"TBX20"	48	"CTS"
"CTS_16.1"	0	"GPRC5C"	48	"CTS"
"CTS_16.1"	0	"CHST14"	48	"CTS"
"CTS_16.1"	0	"MFHAS1"	48	"CTS"
"CTS_16.1"	0	"STEAP1"	48	"CTS"
"CTS_16.1"	0	"SPATS2L"	48	"CTS"
"CTS_16.1"	0	"FLRT3"	48	"CTS"
"CTS_16.1"	41	"S1PR2"	18	"CTS"
"CTS_16.1"	0	"POSTN"	48	"CTS"
"CTS_16.1"	0	"ADAMTS9"	48	"CTS"
"CTS_16.1"	0	"CRISPLD1"	48	"CTS"
"CTS_16.1"	0	"MYRF"	48	"CTS"
"CTS_16.1"	18	"TGFBR3"	21.5	"CTS"
"CTS_16.1"	0	"STARD8"	48	"CTS"
"CTS_16.1"	0	"LIPA"	48	"CTS"
"CTS_16.1"	0	"CLDN11"	48	"CTS"
"CTS_16.1"	76	"VWC2"	14	"CTS"
"CTS_16.1"	0	"NOTUM"	48	"CTS"
"CTS_16.1"	0	"SMOC2"	48	"CTS"
"CTS_16.1"	108	"NOG"	10	"CTS"
"CTS_16.1"	0	"VNN1"	48	"CTS"
"CTS_16.1"	0	"CBLN1"	48	"CTS"
"CTS_16.1"	0	"TSPAN9"	48	"CTS"
"CTS_16.1"	77	"UNC5C"	13	"CTS"
"CTS_16.1"	0	"WNT6"	48	"CTS"
"CTS_16.1"	0	"UPK3B"	48	"CTS"
"CTS_8"	0	"CLU"	36	"CTS"
"CTS_8"	13	"DAB2"	18	"CTS"
"CTS_8"	0	"CHD3"	36	"CTS"
"CTS_8"	0	"DACH1"	36	"CTS"
"CTS_8"	0	"BATF"	36	"CTS"
"CTS_8"	212	"ALX1"	2	"CTS"
"CTS_8"	0	"CDK6"	36	"CTS"
"CTS_8"	37	"BMP7"	11	"CTS"
"CTS_8"	26	"SH3KBP1"	16	"CTS"
"CTS_8"	0	"OLFML3"	36	"CTS"
"CTS_8"	487	"EPHA2"	1	"CTS"
"CTS_8"	0	"PDCD4"	36	"CTS"
"CTS_8"	0	"ELMO1"	36	"CTS"
"CTS_8"	105	"NR2F1"	6	"CTS"
"CTS_8"	4	"ISL1"	19	"CTS"
"CTS_8"	128	"NR2F2"	4.5	"CTS"
"CTS_8"	18	"FGF10"	17	"CTS"
"CTS_8"	0	"RAB11FIP1"	36	"CTS"
"CTS_8"	76	"FGF8"	8	"CTS"
"CTS_8"	128	"FGFR2"	4.5	"CTS"
"CTS_8"	0	"SPRY1"	36	"CTS"
"CTS_8"	36	"RARB"	13.5	"CTS"
"CTS_8"	0	"TBX1"	36	"CTS"
"CTS_8"	36	"DUSP14"	13.5	"CTS"
"CTS_8"	2	"ROBO2"	20	"CTS"
"CTS_8"	53	"NPM3"	9	"CTS"
"CTS_8"	36	"PLXNA2"	13.5	"CTS"
"CTS_8"	0	"CAMK2N1"	36	"CTS"
"CTS_8"	0	"TPM2"	36	"CTS"
"CTS_8"	0	"SCARA3"	36	"CTS"
"CTS_8"	0	"MPPED2"	36	"CTS"
"CTS_8"	0	"B3GALNT1"	36	"CTS"
"CTS_8"	48	"EPHA7"	10	"CTS"
"CTS_8"	0	"P3H2"	36	"CTS"
"CTS_8"	0	"NCALD"	36	"CTS"
"CTS_8"	0	"NRG1"	36	"CTS"
"CTS_8"	100	"RHOU"	7	"CTS"
"CTS_8"	36	"FAM110B"	13.5	"CTS"
"CTS_8"	0	"PTPRE"	36	"CTS"
"CTS_8"	0	"SIX2"	36	"CTS"
"CTS_8"	0	"IRX3"	36	"CTS"
"CTS_8"	0	"STOX2"	36	"CTS"
"CTS_8"	0	"TOX3"	36	"CTS"
"CTS_8"	0	"IRX2"	36	"CTS"
"CTS_8"	130	"IRX5"	3	"CTS"
"CTS_8"	0	"IGFBPL1"	36	"CTS"
"CTS_8"	0	"IRX1"	36	"CTS"
"CTS_8"	0	"TRABD2B"	36	"CTS"
"CTS_8"	0	"OSR1"	36	"CTS"
"CTS_8"	0	"VEGFC"	36	"CTS"
"CTS_8"	0	"TSPAN7"	36	"CTS"
