"signature"	"BetweennessCentrality"	"gene"	"rank_by_BC"	"PPI_cat"
"HiG_blood"	1132	"ALDOA"	42	"HiG"
"HiG_blood"	358	"CITED2"	108	"HiG"
"HiG_blood"	517	"MCM2"	81	"HiG"
"HiG_blood"	369	"CCND3"	98	"HiG"
"HiG_blood"	0	"GADD45A"	303	"HiG"
"HiG_blood"	3954	"C1QBP"	9	"HiG"
"HiG_blood"	3003	"SNCA"	18	"HiG"
"HiG_blood"	6	"RAP1A"	210	"HiG"
"HiG_blood"	9	"RAP1B"	200.5	"HiG"
"HiG_blood"	5	"ORC2"	214	"HiG"
"HiG_blood"	317	"LMO2"	121	"HiG"
"HiG_blood"	1114	"GATA1"	43	"HiG"
"HiG_blood"	0	"PTRH2"	303	"HiG"
"HiG_blood"	379	"HTRA2"	94	"HiG"
"HiG_blood"	430	"PRKAB1"	88	"HiG"
"HiG_blood"	459	"PABPC4"	86	"HiG"
"HiG_blood"	3473	"EIF3G"	14	"HiG"
"HiG_blood"	0	"GRHPR"	303	"HiG"
"HiG_blood"	328	"GADD45G"	119	"HiG"
"HiG_blood"	497	"RAB11A"	82	"HiG"
"HiG_blood"	0	"ATF4"	303	"HiG"
"HiG_blood"	11	"CCNE1"	195	"HiG"
"HiG_blood"	401	"ASF1A"	90	"HiG"
"HiG_blood"	0	"SLC29A1"	303	"HiG"
"HiG_blood"	1625	"NME1"	28	"HiG"
"HiG_blood"	0	"DCTPP1"	303	"HiG"
"HiG_blood"	0	"LLPH"	303	"HiG"
"HiG_blood"	604	"COMT"	73	"HiG"
"HiG_blood"	9	"COX17"	200.5	"HiG"
"HiG_blood"	2	"FTSJ3"	224	"HiG"
"HiG_blood"	0	"DYNLL2"	303	"HiG"
"HiG_blood"	357	"PHLDA1"	113.5	"HiG"
"HiG_blood"	122	"DUT"	147	"HiG"
"HiG_blood"	8	"RPIA"	204	"HiG"
"HiG_blood"	0	"NME4"	303	"HiG"
"HiG_blood"	0	"PMM1"	303	"HiG"
"HiG_blood"	3	"IMP3"	220	"HiG"
"HiG_blood"	400	"NDUFA5"	91	"HiG"
"HiG_blood"	273	"FTH1"	126	"HiG"
"HiG_blood"	0	"RAB3IL1"	303	"HiG"
"HiG_blood"	11	"PRPS1"	195	"HiG"
"HiG_blood"	0	"BNIP3"	303	"HiG"
"HiG_blood"	1	"BCCIP"	229	"HiG"
"HiG_blood"	476	"MCM5"	85	"HiG"
"HiG_blood"	0	"EIF1AD"	303	"HiG"
"HiG_blood"	2165	"RACK1"	23	"HiG"
"HiG_blood"	25	"EXOSC7"	177.5	"HiG"
"HiG_blood"	359	"RP9"	102.5	"HiG"
"HiG_blood"	0	"BTG2"	303	"HiG"
"HiG_blood"	0	"EIF1B"	303	"HiG"
"HiG_blood"	6666	"RUVBL2"	5	"HiG"
"HiG_blood"	0	"OLA1"	303	"HiG"
"HiG_blood"	0	"PTP4A3"	303	"HiG"
"HiG_blood"	1	"EIF4EBP1"	229	"HiG"
"HiG_blood"	4440	"PHB2"	8	"HiG"
"HiG_blood"	1136	"EIF3D"	41	"HiG"
"HiG_blood"	594	"LYAR"	74	"HiG"
"HiG_blood"	74	"FKBP4"	157	"HiG"
"HiG_blood"	0	"EIF2B1"	303	"HiG"
"HiG_blood"	171	"BCAS2"	139.5	"HiG"
"HiG_blood"	5647	"COX4I1"	6	"HiG"
"HiG_blood"	731	"DDX3X"	59	"HiG"
"HiG_blood"	196	"CYCS"	135	"HiG"
"HiG_blood"	381	"BRIX1"	93	"HiG"
"HiG_blood"	0	"RGS10"	303	"HiG"
"HiG_blood"	355	"BAG2"	115	"HiG"
"HiG_blood"	262	"TIMM13"	128	"HiG"
"HiG_blood"	0	"MRPS34"	303	"HiG"
"HiG_blood"	920	"NASP"	50.5	"HiG"
"HiG_blood"	7	"RAB5C"	206.5	"HiG"
"HiG_blood"	5	"PAICS"	214	"HiG"
"HiG_blood"	0	"MTHFD2"	303	"HiG"
"HiG_blood"	1225	"SNRPF"	37	"HiG"
"HiG_blood"	0	"RAB5IF"	303	"HiG"
"HiG_blood"	353	"NOLC1"	116	"HiG"
"HiG_blood"	60	"RPS29"	158.5	"HiG"
"HiG_blood"	770	"PPAN"	55	"HiG"
"HiG_blood"	195	"DDX27"	136	"HiG"
"HiG_blood"	393	"SFXN1"	92	"HiG"
"HiG_blood"	1175	"EBNA1BP2"	38	"HiG"
"HiG_blood"	11	"RMDN3"	195	"HiG"
"HiG_blood"	343	"PA2G4"	118	"HiG"
"HiG_blood"	1604	"DDX21"	29	"HiG"
"HiG_blood"	16712	"MYC"	1	"HiG"
"HiG_blood"	17	"FABP5"	187	"HiG"
"HiG_blood"	366	"GADD45GIP1"	100	"HiG"
"HiG_blood"	10876	"HSP90AA1"	3	"HiG"
"HiG_blood"	4	"POLR1D"	217	"HiG"
"HiG_blood"	0	"POP5"	303	"HiG"
"HiG_blood"	0	"HIPK2"	303	"HiG"
"HiG_blood"	692	"EXOSC4"	67	"HiG"
"HiG_blood"	21	"EPOR"	181	"HiG"
"HiG_blood"	5	"CREG1"	214	"HiG"
"HiG_blood"	1740	"EEF2"	27	"HiG"
"HiG_blood"	0	"GTF3A"	303	"HiG"
"HiG_blood"	626	"E2F4"	71	"HiG"
"HiG_blood"	99	"NMD3"	151	"HiG"
"HiG_blood"	1315	"HADHB"	35	"HiG"
"HiG_blood"	23	"NFKBIB"	180	"HiG"
"HiG_blood"	0	"S100A10"	303	"HiG"
"HiG_blood"	2469	"HSPA9"	21	"HiG"
"HiG_blood"	745	"DEK"	57	"HiG"
"HiG_blood"	2	"BAZ1A"	224	"HiG"
"HiG_blood"	132	"KLF1"	146	"HiG"
"HiG_blood"	0	"CITED4"	303	"HiG"
"HiG_blood"	0	"PPP1R15A"	303	"HiG"
"HiG_blood"	301	"PRKAR2B"	124	"HiG"
"HiG_blood"	323	"ACP5"	120	"HiG"
"HiG_blood"	713	"ARPC3"	63.5	"HiG"
"HiG_blood"	20	"EMG1"	182.5	"HiG"
"HiG_blood"	0	"F10"	303	"HiG"
"HiG_blood"	1	"ISYNA1"	229	"HiG"
"HiG_blood"	1770	"DKC1"	26	"HiG"
"HiG_blood"	2726	"MDH2"	20	"HiG"
"HiG_blood"	711	"MRPS26"	65	"HiG"
"HiG_blood"	0	"JPT1"	303	"HiG"
"HiG_blood"	38	"ASNS"	169	"HiG"
"HiG_blood"	0	"TOM1L1"	303	"HiG"
"HiG_blood"	0	"CDC42EP3"	303	"HiG"
"HiG_blood"	6	"ATP6V1F"	210	"HiG"
"HiG_blood"	456	"MLLT3"	87	"HiG"
"HiG_blood"	10	"MPHOSPH6"	198	"HiG"
"HiG_blood"	310	"NDUFB9"	123	"HiG"
"HiG_blood"	359	"PSMB10"	102.5	"HiG"
"HiG_blood"	0	"MRPL20"	303	"HiG"
"HiG_blood"	358	"GSTO1"	108	"HiG"
"HiG_blood"	0	"PDCD5"	303	"HiG"
"HiG_blood"	720	"RPS21"	60	"HiG"
"HiG_blood"	525	"XRCC6"	80	"HiG"
"HiG_blood"	11610	"HSPD1"	2	"HiG"
"HiG_blood"	0	"CD9"	303	"HiG"
"HiG_blood"	1049	"ALAS2"	46	"HiG"
"HiG_blood"	0	"EHD1"	303	"HiG"
"HiG_blood"	48	"SRP19"	162.5	"HiG"
"HiG_blood"	793	"GAR1"	54	"HiG"
"HiG_blood"	3	"EIF5A"	220	"HiG"
"HiG_blood"	8	"ARF5"	204	"HiG"
"HiG_blood"	0	"GYPC"	303	"HiG"
"HiG_blood"	0	"FXN"	303	"HiG"
"HiG_blood"	1815	"CLPP"	25	"HiG"
"HiG_blood"	973	"TAL1"	48	"HiG"
"HiG_blood"	358	"SSBP3"	108	"HiG"
"HiG_blood"	0	"BEX1"	303	"HiG"
"HiG_blood"	0	"GTF2H1"	303	"HiG"
"HiG_blood"	484	"CDC34"	84	"HiG"
"HiG_blood"	1854	"CYC1"	24	"HiG"
"HiG_blood"	3671	"CCT8"	11	"HiG"
"HiG_blood"	365	"VAMP8"	101	"HiG"
"HiG_blood"	0	"PICALM"	303	"HiG"
"HiG_blood"	242	"PPIF"	132	"HiG"
"HiG_blood"	0	"CYB5A"	303	"HiG"
"HiG_blood"	1107	"GNL3"	44	"HiG"
"HiG_blood"	0	"UCP2"	303	"HiG"
"HiG_blood"	713	"SNX3"	63.5	"HiG"
"HiG_blood"	0	"GMPS"	303	"HiG"
"HiG_blood"	6	"TIMM17A"	210	"HiG"
"HiG_blood"	2	"ADSL"	224	"HiG"
"HiG_blood"	17	"ALDH9A1"	187	"HiG"
"HiG_blood"	3333	"FECH"	16	"HiG"
"HiG_blood"	0	"GALK1"	303	"HiG"
"HiG_blood"	12	"GPX4"	192	"HiG"
"HiG_blood"	0	"PFDN4"	303	"HiG"
"HiG_blood"	0	"PPM1G"	303	"HiG"
"HiG_blood"	0	"JOSD2"	303	"HiG"
"HiG_blood"	367	"SURF2"	99	"HiG"
"HiG_blood"	0	"IFRD2"	303	"HiG"
"HiG_blood"	693	"TAGLN2"	66	"HiG"
"HiG_blood"	249	"UCHL5"	131	"HiG"
"HiG_blood"	758	"TXNL1"	56	"HiG"
"HiG_blood"	567	"TXNL4A"	75	"HiG"
"HiG_blood"	0	"CPNE7"	303	"HiG"
"HiG_blood"	173	"NOP10"	137	"HiG"
"HiG_blood"	2907	"NHP2"	19	"HiG"
"HiG_blood"	214	"RPF2"	134	"HiG"
"HiG_blood"	0	"SSX2IP"	303	"HiG"
"HiG_blood"	0	"UBXN2A"	303	"HiG"
"HiG_blood"	0	"NTPCR"	303	"HiG"
"HiG_blood"	558	"ANP32B"	77	"HiG"
"HiG_blood"	897	"NOP58"	52	"HiG"
"HiG_blood"	0	"NSUN2"	303	"HiG"
"HiG_blood"	8	"APRT"	204	"HiG"
"HiG_blood"	90	"MARCHF5"	153	"HiG"
"HiG_blood"	0	"HK1"	303	"HiG"
"HiG_blood"	292	"SHMT2"	125	"HiG"
"HiG_blood"	27	"ETFA"	174.5	"HiG"
"HiG_blood"	1396	"HDGF"	33	"HiG"
"HiG_blood"	0	"NFE2"	303	"HiG"
"HiG_blood"	716	"FBXO6"	61	"HiG"
"HiG_blood"	27	"WDR12"	174.5	"HiG"
"HiG_blood"	358	"GFI1B"	108	"HiG"
"HiG_blood"	0	"MRPL51"	303	"HiG"
"HiG_blood"	5278	"MRPL12"	7	"HiG"
"HiG_blood"	252	"HAT1"	129	"HiG"
"HiG_blood"	54	"IDH3A"	161	"HiG"
"HiG_blood"	20	"MRTO4"	182.5	"HiG"
"HiG_blood"	0	"SIVA1"	303	"HiG"
"HiG_blood"	373	"PCMT1"	96.5	"HiG"
"HiG_blood"	3364	"PRDX3"	15	"HiG"
"HiG_blood"	0	"PYCR2"	303	"HiG"
"HiG_blood"	0	"KCNN4"	303	"HiG"
"HiG_blood"	6	"PHGDH"	210	"HiG"
"HiG_blood"	358	"PSAT1"	108	"HiG"
"HiG_blood"	146	"DDX18"	143.5	"HiG"
"HiG_blood"	1503	"NOP56"	30	"HiG"
"HiG_blood"	3	"HIGD1A"	220	"HiG"
"HiG_blood"	108	"TUBA4A"	149	"HiG"
"HiG_blood"	3595	"PRDX6"	13	"HiG"
"HiG_blood"	659	"TPI1"	69	"HiG"
"HiG_blood"	672	"TXN2"	68	"HiG"
"HiG_blood"	8036	"PRDX2"	4	"HiG"
"HiG_blood"	0	"ECI1"	303	"HiG"
"HiG_blood"	0	"MRPL15"	303	"HiG"
"HiG_blood"	1138	"MRPL18"	40	"HiG"
"HiG_blood"	0	"MRPL41"	303	"HiG"
"HiG_blood"	77	"TUBA1C"	155.5	"HiG"
"HiG_blood"	634	"IMPDH2"	70	"HiG"
"HiG_blood"	272	"CHCHD4"	127	"HiG"
"HiG_blood"	154	"SOD2"	142	"HiG"
"HiG_blood"	0	"MICOS10"	303	"HiG"
"HiG_blood"	0	"ACOT13"	303	"HiG"
"HiG_blood"	0	"MRPL36"	303	"HiG"
"HiG_blood"	1	"CRIP2"	229	"HiG"
"HiG_blood"	0	"NDUFA12"	303	"HiG"
"HiG_blood"	104	"RPL36AL"	150	"HiG"
"HiG_blood"	25	"UROD"	177.5	"HiG"
"HiG_blood"	11	"ODC1"	195	"HiG"
"HiG_blood"	3647	"GPX1"	12	"HiG"
"HiG_blood"	112	"REEP5"	148	"HiG"
"HiG_blood"	0	"H2AJ"	303	"HiG"
"HiG_blood"	0	"PAK1IP1"	303	"HiG"
"HiG_blood"	404	"ELL2"	89	"HiG"
"HiG_blood"	0	"DDAH1"	303	"HiG"
"HiG_blood"	358	"CDV3"	108	"HiG"
"HiG_blood"	358	"CRLF3"	108	"HiG"
"HiG_blood"	1439	"CPOX"	31	"HiG"
"HiG_blood"	0	"ABCB10"	303	"HiG"
"HiG_blood"	820	"RPL30"	53	"HiG"
"HiG_blood"	166	"MPHOSPH10"	141	"HiG"
"HiG_blood"	0	"GART"	303	"HiG"
"HiG_blood"	605	"RRS1"	72	"HiG"
"HiG_blood"	0	"RRP9"	303	"HiG"
"HiG_blood"	0	"RCL1"	303	"HiG"
"HiG_blood"	2	"MAK16"	224	"HiG"
"HiG_blood"	920	"SLC25A4"	50.5	"HiG"
"HiG_blood"	0	"TRIM10"	303	"HiG"
"HiG_blood"	19	"MRPS16"	184	"HiG"
"HiG_blood"	0	"SRM"	303	"HiG"
"HiG_blood"	0	"HMGB3"	303	"HiG"
"HiG_blood"	0	"FERMT3"	303	"HiG"
"HiG_blood"	1163	"SLC25A3"	39	"HiG"
"HiG_blood"	3686	"SLC25A5"	10	"HiG"
"HiG_blood"	0	"PGP"	303	"HiG"
"HiG_blood"	42	"AURKAIP1"	165.5	"HiG"
"HiG_blood"	0	"UBE2L6"	303	"HiG"
"HiG_blood"	58	"GFER"	160	"HiG"
"HiG_blood"	0	"OSTF1"	303	"HiG"
"HiG_blood"	0	"EGFL7"	303	"HiG"
"HiG_blood"	38	"ACAA2"	169	"HiG"
"HiG_blood"	0	"EEF1E1"	303	"HiG"
"HiG_blood"	373	"TIMM10"	96.5	"HiG"
"HiG_blood"	563	"TOMM40"	76	"HiG"
"HiG_blood"	26	"NDUFS7"	176	"HiG"
"HiG_blood"	33	"NDUFB10"	172	"HiG"
"HiG_blood"	6	"UQCR11"	210	"HiG"
"HiG_blood"	0	"TXNDC17"	303	"HiG"
"HiG_blood"	60	"MRPL42"	158.5	"HiG"
"HiG_blood"	0	"MRPS28"	303	"HiG"
"HiG_blood"	2249	"TUBB4B"	22	"HiG"
"HiG_blood"	0	"HYPK"	303	"HiG"
"HiG_blood"	1430	"VDAC1"	32	"HiG"
"HiG_blood"	4	"SAMM50"	217	"HiG"
"HiG_blood"	0	"NADK2"	303	"HiG"
"HiG_blood"	351	"RPS27L"	117	"HiG"
"HiG_blood"	548	"ZNRD2"	79	"HiG"
"HiG_blood"	1308	"MGST3"	36	"HiG"
"HiG_blood"	0	"FAM162A"	303	"HiG"
"HiG_blood"	42	"RANGRF"	165.5	"HiG"
"HiG_blood"	2	"TIMM9"	224	"HiG"
"HiG_blood"	0	"GCLM"	303	"HiG"
"HiG_blood"	7	"SHMT1"	206.5	"HiG"
"HiG_blood"	77	"MRPL30"	155.5	"HiG"
"HiG_blood"	0	"MRPL57"	303	"HiG"
"HiG_blood"	0	"SH3BGRL3"	303	"HiG"
"HiG_blood"	714	"BLVRB"	62	"HiG"
"HiG_blood"	36	"NOL7"	171	"HiG"
"HiG_blood"	9	"GPATCH4"	200.5	"HiG"
"HiG_blood"	0	"SNRNP25"	303	"HiG"
"HiG_blood"	357	"SERP1"	113.5	"HiG"
"HiG_blood"	4	"NUDT19"	217	"HiG"
"HiG_blood"	0	"FGF3"	303	"HiG"
"HiG_blood"	41	"METAP2"	167	"HiG"
"HiG_blood"	0	"GLIPR2"	303	"HiG"
"HiG_blood"	0	"ATP6V0B"	303	"HiG"
"HiG_blood"	219	"PPID"	133	"HiG"
"HiG_blood"	1	"MARCHF2"	229	"HiG"
"HiG_blood"	43	"ADK"	164	"HiG"
"HiG_blood"	3062	"GLRX5"	17	"HiG"
"HiG_blood"	0	"RBM38"	303	"HiG"
"HiG_blood"	0	"DPH3"	303	"HiG"
"HiG_blood"	18	"ITGA2B"	185	"HiG"
"HiG_blood"	0	"NOP16"	303	"HiG"
"HiG_blood"	0	"CTSZ"	303	"HiG"
"HiG_blood"	0	"CMAS"	303	"HiG"
"HiG_blood"	555	"ALAD"	78	"HiG"
"HiG_blood"	377	"NDUFA8"	95	"HiG"
"HiG_blood"	1050	"HMBS"	45	"HiG"
"HiG_blood"	0	"CIAO2A"	303	"HiG"
"HiG_blood"	145	"MRPS24"	145	"HiG"
"HiG_blood"	13	"GYPA"	191	"HiG"
"HiG_blood"	0	"RABGGTB"	303	"HiG"
"HiG_blood"	0	"INKA1"	303	"HiG"
"HiG_blood"	0	"FDX2"	303	"HiG"
"HiG_blood"	0	"MCRIP2"	303	"HiG"
"HiG_blood"	0	"CDCA7"	303	"HiG"
"HiG_blood"	38	"MRPL34"	169	"HiG"
"HiG_blood"	0	"MTFP1"	303	"HiG"
"HiG_blood"	9	"FAM210B"	200.5	"HiG"
"HiG_blood"	24	"NDUFAF4"	179	"HiG"
"HiG_blood"	0	"NFS1"	303	"HiG"
"HiG_blood"	0	"FMC1"	303	"HiG"
"HiG_blood"	48	"BOLA3"	162.5	"HiG"
"HiG_blood"	0	"CARNMT1"	303	"HiG"
"HiG_blood"	16	"MRPL35"	189	"HiG"
"HiG_blood"	0	"PPOX"	303	"HiG"
"HiG_blood"	171	"UTP4"	139.5	"HiG"
"HiG_blood"	0	"PRSS50"	303	"HiG"
"HiG_blood"	311	"UQCR10"	122	"HiG"
"HiG_blood"	15	"HEBP1"	190	"HiG"
"HiG_blood"	0	"PNPO"	303	"HiG"
"HiG_blood"	88	"REXO2"	154	"HiG"
"HiG_blood"	17	"TIMM8B"	187	"HiG"
"HiG_blood"	1337	"UQCRQ"	34	"HiG"
"HiG_blood"	358	"TMOD1"	108	"HiG"
"HiG_blood"	30	"WDR74"	173	"HiG"
"HiG_blood"	0	"BEX4"	303	"HiG"
"HiG_blood"	0	"PTDSS2"	303	"HiG"
"HiG_blood"	172	"WDR43"	138	"HiG"
"HiG_blood"	0	"ABCG2"	303	"HiG"
"HiG_blood"	0	"SLC43A3"	303	"HiG"
"HiG_blood"	0	"SLC38A5"	303	"HiG"
"HiG_blood"	975	"CHCHD10"	47	"HiG"
"HiG_blood"	0	"PRELID3B"	303	"HiG"
"HiG_blood"	146	"COX7C"	143.5	"HiG"
"HiG_blood"	959	"COX8A"	49	"HiG"
"HiG_blood"	740	"YBX3"	58	"HiG"
"HiG_blood"	0	"SLC39A8"	303	"HiG"
"HiG_blood"	11	"ZCRB1"	195	"HiG"
"HiG_blood"	0	"ICAM4"	303	"HiG"
"HiG_blood"	0	"UQCC2"	303	"HiG"
"HiG_blood"	0	"MNS1"	303	"HiG"
"HiG_blood"	0	"SMOX"	303	"HiG"
"HiG_blood"	0	"PLIN2"	303	"HiG"
"HiG_blood"	0	"SDHD"	303	"HiG"
"HiG_blood"	0	"AQP8"	303	"HiG"
"HiG_blood"	492	"TMEM14C"	83	"HiG"
"HiG_blood"	250	"SMIM1"	130	"HiG"
"HiG_blood"	0	"SYCE2"	303	"HiG"
"HiG_blood"	0	"TLCD1"	303	"HiG"
"HiG_blood"	0	"NXPE2"	303	"HiG"
"HiG_blood"	0	"TSPAN4"	303	"HiG"
"HiG_blood"	0	"MRAP"	303	"HiG"
"HiG_blood"	95	"RASGRP2"	152	"HiG"
"HiG_blood"	0	"SPEF1"	303	"HiG"
"HiG_blood"	0	"TSPAN33"	303	"HiG"
"HiG_blood"	0	"FRRS1"	303	"HiG"
"HiG_blood"	0	"NUDT4"	303	"HiG"
"HiG_blood"	0	"YRDC"	303	"HiG"
"HiG_blood"	0	"TIPIN"	303	"HiG"
"HiG_blood"	0	"SLC25A37"	303	"HiG"
"HiG_blood"	0	"ZFPM1"	303	"HiG"
"HiG_blood"	0	"TSPAN32"	303	"HiG"
"HiG_blood"	358	"UROS"	108	"HiG"
"HiG_blood"	0	"RFESD"	303	"HiG"
"HiG_blood"	0	"YDJC"	303	"HiG"
"HiG_cardiac.b"	0	"CITED2"	327.5	"HiG"
"HiG_cardiac.b"	1663	"FLNA"	31	"HiG"
"HiG_cardiac.b"	673	"GABARAP"	74	"HiG"
"HiG_cardiac.b"	370	"GNAI2"	119	"HiG"
"HiG_cardiac.b"	23	"ID3"	211.5	"HiG"
"HiG_cardiac.b"	973	"AFDN"	51.5	"HiG"
"HiG_cardiac.b"	575	"FHL2"	82	"HiG"
"HiG_cardiac.b"	1842	"FOS"	29	"HiG"
"HiG_cardiac.b"	0	"FKBP1A"	327.5	"HiG"
"HiG_cardiac.b"	1497	"TNNC1"	33	"HiG"
"HiG_cardiac.b"	36	"MAGED1"	192	"HiG"
"HiG_cardiac.b"	25	"DAB2"	207	"HiG"
"HiG_cardiac.b"	460	"NDN"	95	"HiG"
"HiG_cardiac.b"	275	"ID2"	136	"HiG"
"HiG_cardiac.b"	385	"CDKN1C"	104	"HiG"
"HiG_cardiac.b"	1361	"SERPINH1"	40	"HiG"
"HiG_cardiac.b"	0	"CADM1"	327.5	"HiG"
"HiG_cardiac.b"	2460	"NEDD4"	19	"HiG"
"HiG_cardiac.b"	24	"PRDX4"	209.5	"HiG"
"HiG_cardiac.b"	0	"GADD45G"	327.5	"HiG"
"HiG_cardiac.b"	0	"P4HB"	327.5	"HiG"
"HiG_cardiac.b"	0	"LMO4"	327.5	"HiG"
"HiG_cardiac.b"	202	"CCNE1"	148	"HiG"
"HiG_cardiac.b"	2	"CLIC1"	252.5	"HiG"
"HiG_cardiac.b"	10204	"ACTB"	2	"HiG"
"HiG_cardiac.b"	0	"PTBP2"	327.5	"HiG"
"HiG_cardiac.b"	422	"MYL6"	101	"HiG"
"HiG_cardiac.b"	888	"RBPMS"	59	"HiG"
"HiG_cardiac.b"	45	"ITM2C"	189	"HiG"
"HiG_cardiac.b"	0	"DCTPP1"	327.5	"HiG"
"HiG_cardiac.b"	729	"BEX3"	69	"HiG"
"HiG_cardiac.b"	19	"PDLIM7"	213	"HiG"
"HiG_cardiac.b"	1984	"KRT18"	26	"HiG"
"HiG_cardiac.b"	0	"BAMBI"	327.5	"HiG"
"HiG_cardiac.b"	3	"COX17"	245	"HiG"
"HiG_cardiac.b"	517	"ACTN1"	86	"HiG"
"HiG_cardiac.b"	0	"PHLDA1"	327.5	"HiG"
"HiG_cardiac.b"	857	"DUT"	61	"HiG"
"HiG_cardiac.b"	0	"BEX2"	327.5	"HiG"
"HiG_cardiac.b"	0	"RBMX"	327.5	"HiG"
"HiG_cardiac.b"	345	"DUSP6"	126	"HiG"
"HiG_cardiac.b"	1870	"CALM2"	28	"HiG"
"HiG_cardiac.b"	525	"CCND2"	85	"HiG"
"HiG_cardiac.b"	369	"DDAH2"	120	"HiG"
"HiG_cardiac.b"	36	"ARL6IP1"	192	"HiG"
"HiG_cardiac.b"	0	"PAFAH1B3"	327.5	"HiG"
"HiG_cardiac.b"	251	"GPX7"	139	"HiG"
"HiG_cardiac.b"	373	"BNIP3"	109	"HiG"
"HiG_cardiac.b"	12	"BCCIP"	223.5	"HiG"
"HiG_cardiac.b"	337	"RTN4"	128	"HiG"
"HiG_cardiac.b"	322	"RBFOX2"	129	"HiG"
"HiG_cardiac.b"	33	"RFC4"	199	"HiG"
"HiG_cardiac.b"	0	"CTNNBIP1"	327.5	"HiG"
"HiG_cardiac.b"	2111	"JUN"	24	"HiG"
"HiG_cardiac.b"	16151	"HSPA5"	1	"HiG"
"HiG_cardiac.b"	35	"KIF5B"	194	"HiG"
"HiG_cardiac.b"	0	"TCEAL9"	327.5	"HiG"
"HiG_cardiac.b"	822	"DSTN"	64	"HiG"
"HiG_cardiac.b"	973	"PPP1CB"	51.5	"HiG"
"HiG_cardiac.b"	467	"LYAR"	93	"HiG"
"HiG_cardiac.b"	18	"FKBP4"	214	"HiG"
"HiG_cardiac.b"	500	"PPIB"	90	"HiG"
"HiG_cardiac.b"	1268	"CALR"	43	"HiG"
"HiG_cardiac.b"	161	"NASP"	156	"HiG"
"HiG_cardiac.b"	3	"FBLN1"	245	"HiG"
"HiG_cardiac.b"	72	"PAICS"	176	"HiG"
"HiG_cardiac.b"	462	"IGF2BP3"	94	"HiG"
"HiG_cardiac.b"	7	"FSCN1"	233	"HiG"
"HiG_cardiac.b"	319	"ATP2A2"	131	"HiG"
"HiG_cardiac.b"	109	"DYNLL1"	167	"HiG"
"HiG_cardiac.b"	2292	"DNAJB11"	22	"HiG"
"HiG_cardiac.b"	372	"SSR3"	113.5	"HiG"
"HiG_cardiac.b"	76	"PGRMC1"	174	"HiG"
"HiG_cardiac.b"	0	"DDT"	327.5	"HiG"
"HiG_cardiac.b"	1123	"SFXN1"	46	"HiG"
"HiG_cardiac.b"	133	"G3BP2"	161	"HiG"
"HiG_cardiac.b"	0	"HNRNPH3"	327.5	"HiG"
"HiG_cardiac.b"	24	"EBNA1BP2"	209.5	"HiG"
"HiG_cardiac.b"	372	"PSPH"	113.5	"HiG"
"HiG_cardiac.b"	285	"PDIA6"	134	"HiG"
"HiG_cardiac.b"	0	"MEST"	327.5	"HiG"
"HiG_cardiac.b"	3190	"NCL"	13	"HiG"
"HiG_cardiac.b"	27	"FABP5"	202	"HiG"
"HiG_cardiac.b"	2104	"H2AX"	25	"HiG"
"HiG_cardiac.b"	384	"CTNNA1"	105.5	"HiG"
"HiG_cardiac.b"	224	"CBX1"	143	"HiG"
"HiG_cardiac.b"	175	"CCND1"	155	"HiG"
"HiG_cardiac.b"	1472	"GATA4"	34.5	"HiG"
"HiG_cardiac.b"	937	"MAPK3"	56	"HiG"
"HiG_cardiac.b"	10	"LSR"	228.5	"HiG"
"HiG_cardiac.b"	0	"PKP2"	327.5	"HiG"
"HiG_cardiac.b"	0	"PTOV1"	327.5	"HiG"
"HiG_cardiac.b"	2	"BMP7"	252.5	"HiG"
"HiG_cardiac.b"	3680	"ENO1"	10	"HiG"
"HiG_cardiac.b"	909	"MAP1B"	57	"HiG"
"HiG_cardiac.b"	675	"TGFB2"	73	"HiG"
"HiG_cardiac.b"	6300	"HSP90AA1"	6	"HiG"
"HiG_cardiac.b"	363	"SELENOS"	121	"HiG"
"HiG_cardiac.b"	0	"TSEN34"	327.5	"HiG"
"HiG_cardiac.b"	2464	"ATP1A1"	18	"HiG"
"HiG_cardiac.b"	59	"ID1"	184	"HiG"
"HiG_cardiac.b"	293	"NEBL"	133	"HiG"
"HiG_cardiac.b"	557	"SMARCD3"	84	"HiG"
"HiG_cardiac.b"	2562	"ATP1B1"	15	"HiG"
"HiG_cardiac.b"	93	"ANKRD1"	170	"HiG"
"HiG_cardiac.b"	380	"RALA"	107	"HiG"
"HiG_cardiac.b"	0	"PFN2"	327.5	"HiG"
"HiG_cardiac.b"	793	"DBN1"	66	"HiG"
"HiG_cardiac.b"	30	"CST3"	200	"HiG"
"HiG_cardiac.b"	3	"JAM3"	245	"HiG"
"HiG_cardiac.b"	78	"APOE"	172	"HiG"
"HiG_cardiac.b"	2	"LRPAP1"	252.5	"HiG"
"HiG_cardiac.b"	0	"HAPLN1"	327.5	"HiG"
"HiG_cardiac.b"	2485	"STMN1"	17	"HiG"
"HiG_cardiac.b"	1423	"NKX2-5"	38	"HiG"
"HiG_cardiac.b"	0	"CNPY2"	327.5	"HiG"
"HiG_cardiac.b"	0	"CCDC141"	327.5	"HiG"
"HiG_cardiac.b"	956	"GJA1"	53	"HiG"
"HiG_cardiac.b"	5	"SAP30"	238.5	"HiG"
"HiG_cardiac.b"	3601	"ACTC1"	11	"HiG"
"HiG_cardiac.b"	34	"GRB10"	196.5	"HiG"
"HiG_cardiac.b"	849	"HMGA2"	63	"HiG"
"HiG_cardiac.b"	5	"S100A10"	238.5	"HiG"
"HiG_cardiac.b"	851	"RRM2"	62	"HiG"
"HiG_cardiac.b"	185	"DEK"	150.5	"HiG"
"HiG_cardiac.b"	8883	"HSP90B1"	3	"HiG"
"HiG_cardiac.b"	2265	"RBBP7"	23	"HiG"
"HiG_cardiac.b"	0	"HES1"	327.5	"HiG"
"HiG_cardiac.b"	800	"RRAD"	65	"HiG"
"HiG_cardiac.b"	372	"ADH5"	113.5	"HiG"
"HiG_cardiac.b"	1700	"CD81"	30	"HiG"
"HiG_cardiac.b"	372	"CAPNS1"	113.5	"HiG"
"HiG_cardiac.b"	217	"PTN"	144	"HiG"
"HiG_cardiac.b"	13	"MDH1"	221	"HiG"
"HiG_cardiac.b"	0	"JPT1"	327.5	"HiG"
"HiG_cardiac.b"	0	"SPTSSA"	327.5	"HiG"
"HiG_cardiac.b"	187	"LAPTM4A"	149	"HiG"
"HiG_cardiac.b"	3746	"VIM"	9	"HiG"
"HiG_cardiac.b"	185	"RRAS2"	150.5	"HiG"
"HiG_cardiac.b"	34	"TPD52L1"	196.5	"HiG"
"HiG_cardiac.b"	1428	"TRIM28"	37	"HiG"
"HiG_cardiac.b"	29	"ARL3"	201	"HiG"
"HiG_cardiac.b"	0	"SNRPN"	327.5	"HiG"
"HiG_cardiac.b"	116	"HSPD1"	166	"HiG"
"HiG_cardiac.b"	2	"ARPC5"	252.5	"HiG"
"HiG_cardiac.b"	975	"CRYAB"	50	"HiG"
"HiG_cardiac.b"	948	"CSRP3"	55	"HiG"
"HiG_cardiac.b"	63	"MEF2C"	183	"HiG"
"HiG_cardiac.b"	0	"DNAJC3"	327.5	"HiG"
"HiG_cardiac.b"	350	"GAR1"	124	"HiG"
"HiG_cardiac.b"	277	"TOP1"	135	"HiG"
"HiG_cardiac.b"	10	"ACVR2B"	228.5	"HiG"
"HiG_cardiac.b"	407	"IGF2"	102	"HiG"
"HiG_cardiac.b"	1430	"NRP1"	36	"HiG"
"HiG_cardiac.b"	178	"FN1"	152.5	"HiG"
"HiG_cardiac.b"	2411	"PDIA3"	20	"HiG"
"HiG_cardiac.b"	56	"TEAD2"	185	"HiG"
"HiG_cardiac.b"	1933	"KRT8"	27	"HiG"
"HiG_cardiac.b"	507	"APEX1"	89	"HiG"
"HiG_cardiac.b"	3	"ARID3B"	245	"HiG"
"HiG_cardiac.b"	16	"SLC2A1"	216.5	"HiG"
"HiG_cardiac.b"	0	"BEX1"	327.5	"HiG"
"HiG_cardiac.b"	340	"MEIS1"	127	"HiG"
"HiG_cardiac.b"	0	"SFRP1"	327.5	"HiG"
"HiG_cardiac.b"	377	"SPARC"	108	"HiG"
"HiG_cardiac.b"	658	"TGFB1I1"	76	"HiG"
"HiG_cardiac.b"	43	"HMGN1"	190	"HiG"
"HiG_cardiac.b"	157	"PBX1"	157	"HiG"
"HiG_cardiac.b"	0	"DOK4"	327.5	"HiG"
"HiG_cardiac.b"	0	"ARL4A"	327.5	"HiG"
"HiG_cardiac.b"	25	"MDK"	207	"HiG"
"HiG_cardiac.b"	639	"MARCKS"	79	"HiG"
"HiG_cardiac.b"	0	"PODXL"	327.5	"HiG"
"HiG_cardiac.b"	571	"IGF2R"	83	"HiG"
"HiG_cardiac.b"	132	"ARF4"	162	"HiG"
"HiG_cardiac.b"	0	"ISL1"	327.5	"HiG"
"HiG_cardiac.b"	0	"MMP14"	327.5	"HiG"
"HiG_cardiac.b"	2521	"PDIA4"	16	"HiG"
"HiG_cardiac.b"	0	"PEG3"	327.5	"HiG"
"HiG_cardiac.b"	48	"CCT2"	188	"HiG"
"HiG_cardiac.b"	731	"CNN1"	68	"HiG"
"HiG_cardiac.b"	71	"VAMP8"	177	"HiG"
"HiG_cardiac.b"	11	"RAB6A"	225.5	"HiG"
"HiG_cardiac.b"	654	"TPM4"	77	"HiG"
"HiG_cardiac.b"	6	"CSRP2"	235.5	"HiG"
"HiG_cardiac.b"	10	"GATA5"	228.5	"HiG"
"HiG_cardiac.b"	608	"GATA6"	80	"HiG"
"HiG_cardiac.b"	54	"PGM1"	186	"HiG"
"HiG_cardiac.b"	384	"FHL1"	105.5	"HiG"
"HiG_cardiac.b"	0	"MPZL1"	327.5	"HiG"
"HiG_cardiac.b"	23	"CALD1"	211.5	"HiG"
"HiG_cardiac.b"	0	"HOMER2"	327.5	"HiG"
"HiG_cardiac.b"	8118	"ACTA2"	4	"HiG"
"HiG_cardiac.b"	50	"CCN1"	187	"HiG"
"HiG_cardiac.b"	230	"PSIP1"	141	"HiG"
"HiG_cardiac.b"	0	"SNX6"	327.5	"HiG"
"HiG_cardiac.b"	1176	"TNNT2"	45	"HiG"
"HiG_cardiac.b"	7605	"TPM1"	5	"HiG"
"HiG_cardiac.b"	140	"COL18A1"	159	"HiG"
"HiG_cardiac.b"	1472	"DLK1"	34.5	"HiG"
"HiG_cardiac.b"	0	"PCLAF"	327.5	"HiG"
"HiG_cardiac.b"	69	"ENO3"	178	"HiG"
"HiG_cardiac.b"	0	"ASB4"	327.5	"HiG"
"HiG_cardiac.b"	951	"MACROH2A1"	54	"HiG"
"HiG_cardiac.b"	178	"GPX4"	152.5	"HiG"
"HiG_cardiac.b"	0	"PGAM2"	327.5	"HiG"
"HiG_cardiac.b"	0	"JOSD2"	327.5	"HiG"
"HiG_cardiac.b"	2301	"TUBA1A"	21	"HiG"
"HiG_cardiac.b"	894	"CKAP4"	58	"HiG"
"HiG_cardiac.b"	68	"NHP2"	179.5	"HiG"
"HiG_cardiac.b"	0	"MYL12B"	327.5	"HiG"
"HiG_cardiac.b"	0	"ATXN7L3B"	327.5	"HiG"
"HiG_cardiac.b"	1036	"MAGED2"	49	"HiG"
"HiG_cardiac.b"	459	"CSRP1"	96	"HiG"
"HiG_cardiac.b"	36	"UBE2D1"	192	"HiG"
"HiG_cardiac.b"	77	"MYL9"	173	"HiG"
"HiG_cardiac.b"	0	"PAIP2"	327.5	"HiG"
"HiG_cardiac.b"	0	"TSC22D1"	327.5	"HiG"
"HiG_cardiac.b"	886	"CAP2"	60	"HiG"
"HiG_cardiac.b"	0	"ARHGAP31"	327.5	"HiG"
"HiG_cardiac.b"	212	"MEIS2"	145	"HiG"
"HiG_cardiac.b"	0	"XBP1"	327.5	"HiG"
"HiG_cardiac.b"	1224	"RBP1"	44	"HiG"
"HiG_cardiac.b"	0	"PPP1R14C"	327.5	"HiG"
"HiG_cardiac.b"	0	"HSD11B2"	327.5	"HiG"
"HiG_cardiac.b"	4	"CNN3"	241	"HiG"
"HiG_cardiac.b"	15	"H2AZ2"	219	"HiG"
"HiG_cardiac.b"	0	"LUZP1"	327.5	"HiG"
"HiG_cardiac.b"	1	"ATP2B1"	260.5	"HiG"
"HiG_cardiac.b"	586	"SDF2L1"	81	"HiG"
"HiG_cardiac.b"	372	"DCAKD"	113.5	"HiG"
"HiG_cardiac.b"	0	"IER2"	327.5	"HiG"
"HiG_cardiac.b"	426	"PRDX6"	100	"HiG"
"HiG_cardiac.b"	1042	"TPI1"	47.5	"HiG"
"HiG_cardiac.b"	0	"SOX4"	327.5	"HiG"
"HiG_cardiac.b"	1653	"MYCN"	32	"HiG"
"HiG_cardiac.b"	3365	"TTN"	12	"HiG"
"HiG_cardiac.b"	4396	"YWHAQ"	7	"HiG"
"HiG_cardiac.b"	130	"MYL3"	163.5	"HiG"
"HiG_cardiac.b"	0	"PNRC1"	327.5	"HiG"
"HiG_cardiac.b"	372	"TNNI1"	113.5	"HiG"
"HiG_cardiac.b"	652	"CRIP2"	78	"HiG"
"HiG_cardiac.b"	2	"TTC3"	252.5	"HiG"
"HiG_cardiac.b"	228	"CRELD2"	142	"HiG"
"HiG_cardiac.b"	0	"CRABP1"	327.5	"HiG"
"HiG_cardiac.b"	66	"UBE2C"	181.5	"HiG"
"HiG_cardiac.b"	1	"BBX"	260.5	"HiG"
"HiG_cardiac.b"	0	"EFHD2"	327.5	"HiG"
"HiG_cardiac.b"	0	"AIF1L"	327.5	"HiG"
"HiG_cardiac.b"	438	"BASP1"	97	"HiG"
"HiG_cardiac.b"	659	"CNN2"	75	"HiG"
"HiG_cardiac.b"	1393	"SLC25A4"	39	"HiG"
"HiG_cardiac.b"	371	"MYL12A"	118	"HiG"
"HiG_cardiac.b"	433	"LAPTM4B"	98	"HiG"
"HiG_cardiac.b"	2630	"MIF"	14	"HiG"
"HiG_cardiac.b"	16	"SRM"	216.5	"HiG"
"HiG_cardiac.b"	390	"LDHB"	103	"HiG"
"HiG_cardiac.b"	0	"AKR1A1"	327.5	"HiG"
"HiG_cardiac.b"	0	"HMGB3"	327.5	"HiG"
"HiG_cardiac.b"	4283	"TAGLN"	8	"HiG"
"HiG_cardiac.b"	0	"ARMCX2"	327.5	"HiG"
"HiG_cardiac.b"	206	"CRABP2"	147	"HiG"
"HiG_cardiac.b"	0	"RAB34"	327.5	"HiG"
"HiG_cardiac.b"	6	"PIMREG"	235.5	"HiG"
"HiG_cardiac.b"	26	"LIN28A"	204	"HiG"
"HiG_cardiac.b"	10	"PLP2"	228.5	"HiG"
"HiG_cardiac.b"	0	"PPIC"	327.5	"HiG"
"HiG_cardiac.b"	0	"PCBP4"	327.5	"HiG"
"HiG_cardiac.b"	3	"TBCB"	245	"HiG"
"HiG_cardiac.b"	1302	"UBQLN2"	42	"HiG"
"HiG_cardiac.b"	25	"NPC2"	207	"HiG"
"HiG_cardiac.b"	0	"FBXL22"	327.5	"HiG"
"HiG_cardiac.b"	1	"TUBB6"	260.5	"HiG"
"HiG_cardiac.b"	0	"EEF1E1"	327.5	"HiG"
"HiG_cardiac.b"	320	"MARCKSL1"	130	"HiG"
"HiG_cardiac.b"	26	"FERMT2"	204	"HiG"
"HiG_cardiac.b"	1042	"TPM2"	47.5	"HiG"
"HiG_cardiac.b"	6	"TXNDC5"	235.5	"HiG"
"HiG_cardiac.b"	482	"MYL1"	92	"HiG"
"HiG_cardiac.b"	1	"RBMS1"	260.5	"HiG"
"HiG_cardiac.b"	0	"LRRC42"	327.5	"HiG"
"HiG_cardiac.b"	0	"SPCS2"	327.5	"HiG"
"HiG_cardiac.b"	0	"TMEM9"	327.5	"HiG"
"HiG_cardiac.b"	719	"RDX"	70	"HiG"
"HiG_cardiac.b"	0	"CFL2"	327.5	"HiG"
"HiG_cardiac.b"	0	"RCN2"	327.5	"HiG"
"HiG_cardiac.b"	75	"SH3BGRL"	175	"HiG"
"HiG_cardiac.b"	0	"TMSB10"	327.5	"HiG"
"HiG_cardiac.b"	8	"PSME2"	231.5	"HiG"
"HiG_cardiac.b"	11	"TUBB2B"	225.5	"HiG"
"HiG_cardiac.b"	128	"DUSP9"	165	"HiG"
"HiG_cardiac.b"	1321	"UBB"	41	"HiG"
"HiG_cardiac.b"	0	"ADD3"	327.5	"HiG"
"HiG_cardiac.b"	0	"KRCC1"	327.5	"HiG"
"HiG_cardiac.b"	108	"MYL4"	168	"HiG"
"HiG_cardiac.b"	0	"SPEG"	327.5	"HiG"
"HiG_cardiac.b"	0	"NID2"	327.5	"HiG"
"HiG_cardiac.b"	34	"BCAT1"	196.5	"HiG"
"HiG_cardiac.b"	12	"TMED9"	223.5	"HiG"
"HiG_cardiac.b"	16	"TECR"	216.5	"HiG"
"HiG_cardiac.b"	0	"MPPED2"	327.5	"HiG"
"HiG_cardiac.b"	177	"IGFBP2"	154	"HiG"
"HiG_cardiac.b"	0	"ATP6V0B"	327.5	"HiG"
"HiG_cardiac.b"	84	"NECTIN2"	171	"HiG"
"HiG_cardiac.b"	354	"NEXN"	123	"HiG"
"HiG_cardiac.b"	266	"MACROH2A2"	138	"HiG"
"HiG_cardiac.b"	372	"ADK"	113.5	"HiG"
"HiG_cardiac.b"	0	"TMBIM6"	327.5	"HiG"
"HiG_cardiac.b"	211	"IDH2"	146	"HiG"
"HiG_cardiac.b"	0	"UGDH"	327.5	"HiG"
"HiG_cardiac.b"	347	"RBM38"	125	"HiG"
"HiG_cardiac.b"	139	"TIPARP"	160	"HiG"
"HiG_cardiac.b"	26	"IGFBP4"	204	"HiG"
"HiG_cardiac.b"	0	"SMYD1"	327.5	"HiG"
"HiG_cardiac.b"	355	"SMS"	122	"HiG"
"HiG_cardiac.b"	2	"UBE2R2"	252.5	"HiG"
"HiG_cardiac.b"	0	"UGP2"	327.5	"HiG"
"HiG_cardiac.b"	236	"TMSB4X"	140	"HiG"
"HiG_cardiac.b"	696	"RHOC"	71	"HiG"
"HiG_cardiac.b"	4	"GPX3"	241	"HiG"
"HiG_cardiac.b"	2	"ITM2A"	252.5	"HiG"
"HiG_cardiac.b"	510	"PMP22"	88	"HiG"
"HiG_cardiac.b"	0	"LIMD2"	327.5	"HiG"
"HiG_cardiac.b"	0	"MYL7"	327.5	"HiG"
"HiG_cardiac.b"	1	"TXNDC12"	260.5	"HiG"
"HiG_cardiac.b"	0	"TNFAIP1"	327.5	"HiG"
"HiG_cardiac.b"	0	"MANF"	327.5	"HiG"
"HiG_cardiac.b"	1	"SELENOK"	260.5	"HiG"
"HiG_cardiac.b"	0	"RRAGD"	327.5	"HiG"
"HiG_cardiac.b"	0	"POPDC2"	327.5	"HiG"
"HiG_cardiac.b"	13	"CFC1"	221	"HiG"
"HiG_cardiac.b"	0	"EMB"	327.5	"HiG"
"HiG_cardiac.b"	305	"TSPAN3"	132	"HiG"
"HiG_cardiac.b"	16	"GPC3"	216.5	"HiG"
"HiG_cardiac.b"	0	"MTCH1"	327.5	"HiG"
"HiG_cardiac.b"	4	"TMEM59"	241	"HiG"
"HiG_cardiac.b"	0	"PPP1R1A"	327.5	"HiG"
"HiG_cardiac.b"	0	"PRXL2A"	327.5	"HiG"
"HiG_cardiac.b"	0	"FSTL1"	327.5	"HiG"
"HiG_cardiac.b"	0	"WLS"	327.5	"HiG"
"HiG_cardiac.b"	34	"RBM24"	196.5	"HiG"
"HiG_cardiac.b"	0	"ABRACL"	327.5	"HiG"
"HiG_cardiac.b"	0	"TIMM8B"	327.5	"HiG"
"HiG_cardiac.b"	2	"BEX4"	252.5	"HiG"
"HiG_cardiac.b"	0	"OAZ2"	327.5	"HiG"
"HiG_cardiac.b"	0	"SHISA2"	327.5	"HiG"
"HiG_cardiac.b"	0	"PHLDA2"	327.5	"HiG"
"HiG_cardiac.b"	0	"SLC16A3"	327.5	"HiG"
"HiG_cardiac.b"	0	"PTGES3L"	327.5	"HiG"
"HiG_cardiac.b"	0	"PRTG"	327.5	"HiG"
"HiG_cardiac.b"	6	"ZCRB1"	235.5	"HiG"
"HiG_cardiac.b"	66	"SMTNL2"	181.5	"HiG"
"HiG_cardiac.b"	0	"APLNR"	327.5	"HiG"
"HiG_cardiac.b"	0	"OSTC"	327.5	"HiG"
"HiG_cardiac.b"	100	"RBPMS2"	169	"HiG"
"HiG_cardiac.b"	0	"ARMH4"	327.5	"HiG"
"HiG_cardiac.b"	0	"TMEM108"	327.5	"HiG"
"HiG_cardiac.b"	0	"SOX11"	327.5	"HiG"
"HiG_cardiac.b"	679	"GPX8"	72	"HiG"
"HiG_cardiac.b"	0	"STARD3NL"	327.5	"HiG"
"HiG_cardiac.b"	0	"MNS1"	327.5	"HiG"
"HiG_cardiac.b"	13	"LY6E"	221	"HiG"
"HiG_cardiac.b"	0	"CMTM7"	327.5	"HiG"
"HiG_cardiac.b"	0	"WDR1"	327.5	"HiG"
"HiG_cardiac.b"	8	"MMD"	231.5	"HiG"
"HiG_cardiac.b"	130	"MGARP"	163.5	"HiG"
"HiG_cardiac.b"	0	"UNC45B"	327.5	"HiG"
"HiG_cardiac.b"	0	"SELENOW"	327.5	"HiG"
"HiG_cardiac.b"	267	"HOXB2"	137	"HiG"
"HiG_cardiac.b"	782	"TBX5"	67	"HiG"
"HiG_cardiac.b"	0	"TMEM88"	327.5	"HiG"
"HiG_cardiac.b"	431	"VCAN"	99	"HiG"
"HiG_cardiac.b"	0	"MFAP2"	327.5	"HiG"
"HiG_cardiac.b"	0	"PIM3"	327.5	"HiG"
"HiG_cardiac.b"	0	"CTXN1"	327.5	"HiG"
"HiG_cardiac.b"	156	"IGFBPL1"	158	"HiG"
"HiG_cardiac.b"	498	"IFITM1"	91	"HiG"
"HiG_cardiac.b"	0	"TSPAN6"	327.5	"HiG"
"HiG_cardiac.b"	372	"SELENOH"	113.5	"HiG"
"HiG_cardiac.b"	2	"ZCCHC3"	252.5	"HiG"
"HiG_cardiac.b"	0	"RGS5"	327.5	"HiG"
"HiG_cardiac.b"	515	"WNT2"	87	"HiG"
"HiG_cardiac.b"	0	"SH3BGR"	327.5	"HiG"
"HiG_cardiac.b"	0	"PIGX"	327.5	"HiG"
"HiG_cardiac.b"	0	"SFRP5"	327.5	"HiG"
"HiG_cardiac.b"	0	"TCEAL8"	327.5	"HiG"
"HiG_cardiac.b"	0	"RCSD1"	327.5	"HiG"
"HiG_cardiac.b"	68	"PRRX2"	179.5	"HiG"
"HiG_cardiac.b"	0	"TSPAN7"	327.5	"HiG"
"HiG_cardiac.b"	2	"ZYX"	252.5	"HiG"
"HiG_cardiac.b"	0	"WSB1"	327.5	"HiG"
"HiG_cardiac.c"	1	"FLNC"	242	"HiG"
"HiG_cardiac.c"	1815	"ACTN2"	31	"HiG"
"HiG_cardiac.c"	2075	"ALDOA"	26	"HiG"
"HiG_cardiac.c"	0	"CITED2"	332.5	"HiG"
"HiG_cardiac.c"	3	"ANXA5"	229.5	"HiG"
"HiG_cardiac.c"	3766	"FLNA"	15	"HiG"
"HiG_cardiac.c"	2	"GABARAP"	236	"HiG"
"HiG_cardiac.c"	462	"ID3"	98	"HiG"
"HiG_cardiac.c"	104	"AFDN"	163.5	"HiG"
"HiG_cardiac.c"	0	"LEF1"	332.5	"HiG"
"HiG_cardiac.c"	1894	"FHL2"	30	"HiG"
"HiG_cardiac.c"	3968	"FOS"	14	"HiG"
"HiG_cardiac.c"	1165	"FKBP1A"	47	"HiG"
"HiG_cardiac.c"	162	"TCAP"	157	"HiG"
"HiG_cardiac.c"	1268	"TNNC1"	42	"HiG"
"HiG_cardiac.c"	466	"MAGED1"	96	"HiG"
"HiG_cardiac.c"	2	"DAB2"	236	"HiG"
"HiG_cardiac.c"	14	"NDN"	198.5	"HiG"
"HiG_cardiac.c"	310	"ID2"	143	"HiG"
"HiG_cardiac.c"	4	"CDKN1C"	226	"HiG"
"HiG_cardiac.c"	392	"SERPINH1"	132	"HiG"
"HiG_cardiac.c"	0	"F11R"	332.5	"HiG"
"HiG_cardiac.c"	0	"CADM1"	332.5	"HiG"
"HiG_cardiac.c"	1515	"NEDD4"	38	"HiG"
"HiG_cardiac.c"	18	"GRHPR"	194	"HiG"
"HiG_cardiac.c"	391	"PRDX4"	133.5	"HiG"
"HiG_cardiac.c"	0	"GADD45G"	332.5	"HiG"
"HiG_cardiac.c"	981	"P4HB"	59	"HiG"
"HiG_cardiac.c"	0	"BOK"	332.5	"HiG"
"HiG_cardiac.c"	5568	"HSPB1"	8	"HiG"
"HiG_cardiac.c"	13	"TNNI3"	200.5	"HiG"
"HiG_cardiac.c"	857	"CLIC1"	61	"HiG"
"HiG_cardiac.c"	2	"BNIP3L"	236	"HiG"
"HiG_cardiac.c"	32926	"ACTB"	1	"HiG"
"HiG_cardiac.c"	0	"PTBP2"	332.5	"HiG"
"HiG_cardiac.c"	578	"MYL6"	88	"HiG"
"HiG_cardiac.c"	1097	"RBPMS"	51	"HiG"
"HiG_cardiac.c"	3	"ITM2C"	229.5	"HiG"
"HiG_cardiac.c"	663	"BEX3"	81	"HiG"
"HiG_cardiac.c"	0	"PDLIM7"	332.5	"HiG"
"HiG_cardiac.c"	655	"KRT18"	82	"HiG"
"HiG_cardiac.c"	0	"BAMBI"	332.5	"HiG"
"HiG_cardiac.c"	407	"KRT19"	109	"HiG"
"HiG_cardiac.c"	0	"COX17"	332.5	"HiG"
"HiG_cardiac.c"	64	"ACTN1"	172	"HiG"
"HiG_cardiac.c"	0	"PHLDA1"	332.5	"HiG"
"HiG_cardiac.c"	0	"BEX2"	332.5	"HiG"
"HiG_cardiac.c"	9	"JUP"	209.5	"HiG"
"HiG_cardiac.c"	7	"HSPB7"	215.5	"HiG"
"HiG_cardiac.c"	403	"DUSP6"	121.5	"HiG"
"HiG_cardiac.c"	89	"ARHGAP1"	167	"HiG"
"HiG_cardiac.c"	119	"CALM2"	162	"HiG"
"HiG_cardiac.c"	631	"CCND2"	85	"HiG"
"HiG_cardiac.c"	805	"DDAH2"	64.5	"HiG"
"HiG_cardiac.c"	13	"ARL6IP1"	200.5	"HiG"
"HiG_cardiac.c"	0	"PAFAH1B3"	332.5	"HiG"
"HiG_cardiac.c"	10	"PDLIM1"	206.5	"HiG"
"HiG_cardiac.c"	10	"VASP"	206.5	"HiG"
"HiG_cardiac.c"	401	"BNIP3"	130	"HiG"
"HiG_cardiac.c"	63	"CKB"	173	"HiG"
"HiG_cardiac.c"	0	"CDKN2D"	332.5	"HiG"
"HiG_cardiac.c"	1170	"RTN4"	46	"HiG"
"HiG_cardiac.c"	2029	"BSG"	28	"HiG"
"HiG_cardiac.c"	58	"RBFOX2"	176.5	"HiG"
"HiG_cardiac.c"	762	"PDLIM5"	75	"HiG"
"HiG_cardiac.c"	9	"CTNNBIP1"	209.5	"HiG"
"HiG_cardiac.c"	2565	"JUN"	21	"HiG"
"HiG_cardiac.c"	21372	"HSPA5"	2	"HiG"
"HiG_cardiac.c"	804	"KIF5B"	66	"HiG"
"HiG_cardiac.c"	0	"PSMD1"	332.5	"HiG"
"HiG_cardiac.c"	0	"TCEAL9"	332.5	"HiG"
"HiG_cardiac.c"	726	"DSTN"	78	"HiG"
"HiG_cardiac.c"	0	"PPP1CB"	332.5	"HiG"
"HiG_cardiac.c"	120	"PPIB"	161	"HiG"
"HiG_cardiac.c"	0	"RGS10"	332.5	"HiG"
"HiG_cardiac.c"	20	"MYH7"	190	"HiG"
"HiG_cardiac.c"	2078	"CALR"	25	"HiG"
"HiG_cardiac.c"	403	"BAG2"	121.5	"HiG"
"HiG_cardiac.c"	387	"DEGS1"	135	"HiG"
"HiG_cardiac.c"	415	"FBLN1"	105	"HiG"
"HiG_cardiac.c"	0	"AK1"	332.5	"HiG"
"HiG_cardiac.c"	19	"IGF2BP3"	192	"HiG"
"HiG_cardiac.c"	20	"FSCN1"	190	"HiG"
"HiG_cardiac.c"	80	"ATP2A2"	168.5	"HiG"
"HiG_cardiac.c"	6	"DYNLL1"	220	"HiG"
"HiG_cardiac.c"	2228	"DNAJB11"	22	"HiG"
"HiG_cardiac.c"	406	"SSR3"	110.5	"HiG"
"HiG_cardiac.c"	4575	"GAPDH"	13	"HiG"
"HiG_cardiac.c"	1051	"ANXA2"	56	"HiG"
"HiG_cardiac.c"	2031	"GNAS"	27	"HiG"
"HiG_cardiac.c"	0	"DDT"	332.5	"HiG"
"HiG_cardiac.c"	8	"GDI1"	211.5	"HiG"
"HiG_cardiac.c"	0	"PSPH"	332.5	"HiG"
"HiG_cardiac.c"	1638	"PDIA6"	35	"HiG"
"HiG_cardiac.c"	0	"MEST"	332.5	"HiG"
"HiG_cardiac.c"	7579	"ACTA1"	6	"HiG"
"HiG_cardiac.c"	73	"CTNNA1"	171	"HiG"
"HiG_cardiac.c"	324	"GATA4"	142	"HiG"
"HiG_cardiac.c"	29	"CD151"	183.5	"HiG"
"HiG_cardiac.c"	0	"LSR"	332.5	"HiG"
"HiG_cardiac.c"	0	"PKP2"	332.5	"HiG"
"HiG_cardiac.c"	0	"PTOV1"	332.5	"HiG"
"HiG_cardiac.c"	403	"BMP7"	121.5	"HiG"
"HiG_cardiac.c"	3248	"ENO1"	17	"HiG"
"HiG_cardiac.c"	391	"MAP1B"	133.5	"HiG"
"HiG_cardiac.c"	0	"TGFB2"	332.5	"HiG"
"HiG_cardiac.c"	769	"SELENOS"	74	"HiG"
"HiG_cardiac.c"	0	"TSEN34"	332.5	"HiG"
"HiG_cardiac.c"	711	"ATP1A1"	79	"HiG"
"HiG_cardiac.c"	10	"ID1"	206.5	"HiG"
"HiG_cardiac.c"	0	"MYOCD"	332.5	"HiG"
"HiG_cardiac.c"	410	"NEBL"	106	"HiG"
"HiG_cardiac.c"	1605	"SMARCD3"	36	"HiG"
"HiG_cardiac.c"	2199	"ATP1B1"	23	"HiG"
"HiG_cardiac.c"	3155	"HSPB2"	18	"HiG"
"HiG_cardiac.c"	2139	"PFN1"	24	"HiG"
"HiG_cardiac.c"	2	"ANKRD1"	236	"HiG"
"HiG_cardiac.c"	7	"RALA"	215.5	"HiG"
"HiG_cardiac.c"	0	"PFN2"	332.5	"HiG"
"HiG_cardiac.c"	418	"CST3"	104	"HiG"
"HiG_cardiac.c"	356	"APOE"	141	"HiG"
"HiG_cardiac.c"	0	"LRPAP1"	332.5	"HiG"
"HiG_cardiac.c"	1305	"NKX2-5"	40	"HiG"
"HiG_cardiac.c"	0	"CCDC141"	332.5	"HiG"
"HiG_cardiac.c"	61	"ANK3"	175	"HiG"
"HiG_cardiac.c"	3	"SAP30"	229.5	"HiG"
"HiG_cardiac.c"	546	"MYBPC3"	89	"HiG"
"HiG_cardiac.c"	16346	"ACTC1"	3	"HiG"
"HiG_cardiac.c"	74	"GRB10"	170	"HiG"
"HiG_cardiac.c"	405	"HMGA2"	112.5	"HiG"
"HiG_cardiac.c"	0	"TAF7"	332.5	"HiG"
"HiG_cardiac.c"	0	"S100A10"	332.5	"HiG"
"HiG_cardiac.c"	1572	"ITGB1"	37	"HiG"
"HiG_cardiac.c"	4738	"HSP90B1"	10	"HiG"
"HiG_cardiac.c"	393	"RBBP7"	131	"HiG"
"HiG_cardiac.c"	0	"HES1"	332.5	"HiG"
"HiG_cardiac.c"	702	"RRAD"	80	"HiG"
"HiG_cardiac.c"	0	"ANXA6"	332.5	"HiG"
"HiG_cardiac.c"	0	"CBFB"	332.5	"HiG"
"HiG_cardiac.c"	1067	"CD81"	54	"HiG"
"HiG_cardiac.c"	823	"CAPNS1"	62	"HiG"
"HiG_cardiac.c"	0	"GNG11"	332.5	"HiG"
"HiG_cardiac.c"	404	"MDH1"	114.5	"HiG"
"HiG_cardiac.c"	0	"JPT1"	332.5	"HiG"
"HiG_cardiac.c"	0	"PRSS23"	332.5	"HiG"
"HiG_cardiac.c"	0	"SPTSSA"	332.5	"HiG"
"HiG_cardiac.c"	0	"LAPTM4A"	332.5	"HiG"
"HiG_cardiac.c"	1161	"VIM"	49	"HiG"
"HiG_cardiac.c"	0	"KLF6"	332.5	"HiG"
"HiG_cardiac.c"	379	"CRIP1"	137	"HiG"
"HiG_cardiac.c"	0	"MAP7D1"	332.5	"HiG"
"HiG_cardiac.c"	2898	"UBC"	19	"HiG"
"HiG_cardiac.c"	0	"ARL3"	332.5	"HiG"
"HiG_cardiac.c"	0	"SNRPN"	332.5	"HiG"
"HiG_cardiac.c"	1	"ARPC5"	242	"HiG"
"HiG_cardiac.c"	5218	"CRYAB"	9	"HiG"
"HiG_cardiac.c"	11	"CD63"	204	"HiG"
"HiG_cardiac.c"	1064	"DES"	55	"HiG"
"HiG_cardiac.c"	0	"CSRP3"	332.5	"HiG"
"HiG_cardiac.c"	16	"AMPH"	196.5	"HiG"
"HiG_cardiac.c"	32	"MEF2C"	182	"HiG"
"HiG_cardiac.c"	760	"COL2A1"	76	"HiG"
"HiG_cardiac.c"	0	"DNAJC3"	332.5	"HiG"
"HiG_cardiac.c"	200	"ARPC2"	154	"HiG"
"HiG_cardiac.c"	403	"JUND"	121.5	"HiG"
"HiG_cardiac.c"	0	"IGF2"	332.5	"HiG"
"HiG_cardiac.c"	406	"NRP1"	110.5	"HiG"
"HiG_cardiac.c"	1800	"PDIA3"	32.5	"HiG"
"HiG_cardiac.c"	404	"TEAD2"	114.5	"HiG"
"HiG_cardiac.c"	236	"KRT8"	153	"HiG"
"HiG_cardiac.c"	21	"VAMP2"	188	"HiG"
"HiG_cardiac.c"	0	"CYBA"	332.5	"HiG"
"HiG_cardiac.c"	0	"PTH1R"	332.5	"HiG"
"HiG_cardiac.c"	8	"S100A11"	211.5	"HiG"
"HiG_cardiac.c"	0	"ARID3B"	332.5	"HiG"
"HiG_cardiac.c"	12	"SLC2A1"	202.5	"HiG"
"HiG_cardiac.c"	0	"SSBP2"	332.5	"HiG"
"HiG_cardiac.c"	0	"BEX1"	332.5	"HiG"
"HiG_cardiac.c"	378	"IGFBP5"	138	"HiG"
"HiG_cardiac.c"	402	"MEIS1"	128.5	"HiG"
"HiG_cardiac.c"	492	"SPARC"	94	"HiG"
"HiG_cardiac.c"	0	"SH3GLB1"	332.5	"HiG"
"HiG_cardiac.c"	4	"TGFB1I1"	226	"HiG"
"HiG_cardiac.c"	0	"DOK4"	332.5	"HiG"
"HiG_cardiac.c"	96	"MDK"	166	"HiG"
"HiG_cardiac.c"	1450	"MARCKS"	39	"HiG"
"HiG_cardiac.c"	0	"PODXL"	332.5	"HiG"
"HiG_cardiac.c"	0	"IGF2R"	332.5	"HiG"
"HiG_cardiac.c"	249	"ARF4"	151	"HiG"
"HiG_cardiac.c"	0	"MMP14"	332.5	"HiG"
"HiG_cardiac.c"	910	"PDIA4"	60	"HiG"
"HiG_cardiac.c"	0	"PEG3"	332.5	"HiG"
"HiG_cardiac.c"	1130	"PRNP"	50	"HiG"
"HiG_cardiac.c"	98	"CNN1"	165	"HiG"
"HiG_cardiac.c"	0	"FBN2"	332.5	"HiG"
"HiG_cardiac.c"	0	"VAMP8"	332.5	"HiG"
"HiG_cardiac.c"	22	"RAB6A"	187	"HiG"
"HiG_cardiac.c"	434	"TPM4"	100	"HiG"
"HiG_cardiac.c"	5	"CSRP2"	223	"HiG"
"HiG_cardiac.c"	405	"GATA5"	112.5	"HiG"
"HiG_cardiac.c"	298	"GATA6"	144	"HiG"
"HiG_cardiac.c"	532	"MYL2"	90	"HiG"
"HiG_cardiac.c"	433	"PGM1"	101	"HiG"
"HiG_cardiac.c"	408	"FHL1"	108	"HiG"
"HiG_cardiac.c"	0	"MPZL1"	332.5	"HiG"
"HiG_cardiac.c"	187	"CALD1"	155	"HiG"
"HiG_cardiac.c"	0	"SEPTIN7"	332.5	"HiG"
"HiG_cardiac.c"	0	"HOMER2"	332.5	"HiG"
"HiG_cardiac.c"	4664	"ACTA2"	12	"HiG"
"HiG_cardiac.c"	20	"CCN1"	190	"HiG"
"HiG_cardiac.c"	18	"FGF8"	194	"HiG"
"HiG_cardiac.c"	58	"PSIP1"	176.5	"HiG"
"HiG_cardiac.c"	0	"SNX6"	332.5	"HiG"
"HiG_cardiac.c"	1007	"TNNT2"	57	"HiG"
"HiG_cardiac.c"	11897	"TPM1"	4	"HiG"
"HiG_cardiac.c"	0	"COL18A1"	332.5	"HiG"
"HiG_cardiac.c"	0	"PCLAF"	332.5	"HiG"
"HiG_cardiac.c"	159	"ENO3"	158	"HiG"
"HiG_cardiac.c"	0	"ASB4"	332.5	"HiG"
"HiG_cardiac.c"	1703	"MACROH2A1"	34	"HiG"
"HiG_cardiac.c"	0	"GALK1"	332.5	"HiG"
"HiG_cardiac.c"	805	"PGAM2"	64.5	"HiG"
"HiG_cardiac.c"	0	"JOSD2"	332.5	"HiG"
"HiG_cardiac.c"	3274	"TUBA1A"	16	"HiG"
"HiG_cardiac.c"	1162	"CKAP4"	48	"HiG"
"HiG_cardiac.c"	0	"MYL12B"	332.5	"HiG"
"HiG_cardiac.c"	1205	"DCP1B"	43	"HiG"
"HiG_cardiac.c"	0	"ATXN7L3B"	332.5	"HiG"
"HiG_cardiac.c"	463	"MAGED2"	97	"HiG"
"HiG_cardiac.c"	260	"CSRP1"	150	"HiG"
"HiG_cardiac.c"	636	"UBE2D1"	84	"HiG"
"HiG_cardiac.c"	1800	"MYL9"	32.5	"HiG"
"HiG_cardiac.c"	402	"ASB2"	128.5	"HiG"
"HiG_cardiac.c"	0	"TSC22D1"	332.5	"HiG"
"HiG_cardiac.c"	776	"CAP2"	72	"HiG"
"HiG_cardiac.c"	0	"CCDC88A"	332.5	"HiG"
"HiG_cardiac.c"	5	"ARHGAP31"	223	"HiG"
"HiG_cardiac.c"	0	"MEIS2"	332.5	"HiG"
"HiG_cardiac.c"	0	"XBP1"	332.5	"HiG"
"HiG_cardiac.c"	0	"PPP1R14C"	332.5	"HiG"
"HiG_cardiac.c"	0	"CNN3"	332.5	"HiG"
"HiG_cardiac.c"	0	"H2AZ2"	332.5	"HiG"
"HiG_cardiac.c"	0	"ATP2B1"	332.5	"HiG"
"HiG_cardiac.c"	583	"SDF2L1"	87	"HiG"
"HiG_cardiac.c"	358	"MFGE8"	140	"HiG"
"HiG_cardiac.c"	0	"DCAKD"	332.5	"HiG"
"HiG_cardiac.c"	152	"ITM2B"	159.5	"HiG"
"HiG_cardiac.c"	0	"HIGD1A"	332.5	"HiG"
"HiG_cardiac.c"	0	"IER2"	332.5	"HiG"
"HiG_cardiac.c"	806	"TPI1"	63	"HiG"
"HiG_cardiac.c"	152	"SOX4"	159.5	"HiG"
"HiG_cardiac.c"	6	"P4HA1"	220	"HiG"
"HiG_cardiac.c"	8024	"TTN"	5	"HiG"
"HiG_cardiac.c"	5744	"YWHAQ"	7	"HiG"
"HiG_cardiac.c"	508	"MYL3"	92	"HiG"
"HiG_cardiac.c"	0	"PNRC1"	332.5	"HiG"
"HiG_cardiac.c"	487	"TNNI1"	95	"HiG"
"HiG_cardiac.c"	0	"DBI"	332.5	"HiG"
"HiG_cardiac.c"	432	"CRIP2"	102	"HiG"
"HiG_cardiac.c"	802	"CRELD2"	67	"HiG"
"HiG_cardiac.c"	0	"CRABP1"	332.5	"HiG"
"HiG_cardiac.c"	33	"REEP5"	180	"HiG"
"HiG_cardiac.c"	18	"NPM3"	194	"HiG"
"HiG_cardiac.c"	0	"BBX"	332.5	"HiG"
"HiG_cardiac.c"	268	"TLN1"	149	"HiG"
"HiG_cardiac.c"	0	"EFHD2"	332.5	"HiG"
"HiG_cardiac.c"	0	"CPOX"	332.5	"HiG"
"HiG_cardiac.c"	23	"BASP1"	186	"HiG"
"HiG_cardiac.c"	0	"CNN2"	332.5	"HiG"
"HiG_cardiac.c"	0	"FDX1"	332.5	"HiG"
"HiG_cardiac.c"	2644	"SLC25A4"	20	"HiG"
"HiG_cardiac.c"	0	"PCGF5"	332.5	"HiG"
"HiG_cardiac.c"	637	"MYL12A"	83	"HiG"
"HiG_cardiac.c"	0	"LAPTM4B"	332.5	"HiG"
"HiG_cardiac.c"	403	"PALLD"	121.5	"HiG"
"HiG_cardiac.c"	796	"MIF"	69	"HiG"
"HiG_cardiac.c"	0	"LDHB"	332.5	"HiG"
"HiG_cardiac.c"	2	"AKR1A1"	236	"HiG"
"HiG_cardiac.c"	745	"TAGLN"	77	"HiG"
"HiG_cardiac.c"	0	"ARMCX2"	332.5	"HiG"
"HiG_cardiac.c"	0	"PLP2"	332.5	"HiG"
"HiG_cardiac.c"	29	"PPIC"	183.5	"HiG"
"HiG_cardiac.c"	0	"PCBP4"	332.5	"HiG"
"HiG_cardiac.c"	0	"TBCB"	332.5	"HiG"
"HiG_cardiac.c"	0	"CCDC107"	332.5	"HiG"
"HiG_cardiac.c"	4720	"UBQLN2"	11	"HiG"
"HiG_cardiac.c"	0	"FBXL22"	332.5	"HiG"
"HiG_cardiac.c"	16	"TUBB6"	196.5	"HiG"
"HiG_cardiac.c"	0	"CAVIN3"	332.5	"HiG"
"HiG_cardiac.c"	0	"MARCKSL1"	332.5	"HiG"
"HiG_cardiac.c"	7	"FERMT2"	215.5	"HiG"
"HiG_cardiac.c"	771	"TPM2"	73	"HiG"
"HiG_cardiac.c"	2	"TXNDC5"	236	"HiG"
"HiG_cardiac.c"	289	"MYL1"	145	"HiG"
"HiG_cardiac.c"	244	"FAM162A"	152	"HiG"
"HiG_cardiac.c"	528	"RBMS1"	91	"HiG"
"HiG_cardiac.c"	0	"LRRC42"	332.5	"HiG"
"HiG_cardiac.c"	494	"SPCS2"	93	"HiG"
"HiG_cardiac.c"	403	"TMEM9"	121.5	"HiG"
"HiG_cardiac.c"	0	"PLS3"	332.5	"HiG"
"HiG_cardiac.c"	1950	"RDX"	29	"HiG"
"HiG_cardiac.c"	0	"CFL2"	332.5	"HiG"
"HiG_cardiac.c"	0	"RCN2"	332.5	"HiG"
"HiG_cardiac.c"	0	"SH3BGRL"	332.5	"HiG"
"HiG_cardiac.c"	1185	"TMSB10"	45	"HiG"
"HiG_cardiac.c"	0	"CRACD"	332.5	"HiG"
"HiG_cardiac.c"	0	"DUSP9"	332.5	"HiG"
"HiG_cardiac.c"	1093	"UBB"	52	"HiG"
"HiG_cardiac.c"	2	"ADD3"	236	"HiG"
"HiG_cardiac.c"	0	"KRCC1"	332.5	"HiG"
"HiG_cardiac.c"	385	"MYL4"	136	"HiG"
"HiG_cardiac.c"	0	"SRI"	332.5	"HiG"
"HiG_cardiac.c"	0	"SPEG"	332.5	"HiG"
"HiG_cardiac.c"	33	"NID2"	180	"HiG"
"HiG_cardiac.c"	0	"BCAT1"	332.5	"HiG"
"HiG_cardiac.c"	0	"TMED9"	332.5	"HiG"
"HiG_cardiac.c"	62	"TECR"	174	"HiG"
"HiG_cardiac.c"	0	"MPPED2"	332.5	"HiG"
"HiG_cardiac.c"	0	"GLIPR2"	332.5	"HiG"
"HiG_cardiac.c"	0	"ATP6V0B"	332.5	"HiG"
"HiG_cardiac.c"	0	"NECTIN2"	332.5	"HiG"
"HiG_cardiac.c"	278	"NEXN"	148	"HiG"
"HiG_cardiac.c"	0	"MACROH2A2"	332.5	"HiG"
"HiG_cardiac.c"	403	"ADK"	121.5	"HiG"
"HiG_cardiac.c"	787	"TMBIM6"	70	"HiG"
"HiG_cardiac.c"	0	"DDC"	332.5	"HiG"
"HiG_cardiac.c"	2	"IDH2"	236	"HiG"
"HiG_cardiac.c"	2	"UGDH"	236	"HiG"
"HiG_cardiac.c"	33	"RBM38"	180	"HiG"
"HiG_cardiac.c"	797	"TIPARP"	68	"HiG"
"HiG_cardiac.c"	0	"CMAS"	332.5	"HiG"
"HiG_cardiac.c"	288	"IGFBP4"	146	"HiG"
"HiG_cardiac.c"	403	"SMYD1"	121.5	"HiG"
"HiG_cardiac.c"	403	"SMS"	121.5	"HiG"
"HiG_cardiac.c"	1	"UGP2"	242	"HiG"
"HiG_cardiac.c"	4	"LGMN"	226	"HiG"
"HiG_cardiac.c"	786	"TMSB4X"	71	"HiG"
"HiG_cardiac.c"	1279	"RHOC"	41	"HiG"
"HiG_cardiac.c"	6	"GPX3"	220	"HiG"
"HiG_cardiac.c"	0	"ITM2A"	332.5	"HiG"
"HiG_cardiac.c"	0	"LIMD2"	332.5	"HiG"
"HiG_cardiac.c"	80	"MYL7"	168.5	"HiG"
"HiG_cardiac.c"	0	"TXNDC12"	332.5	"HiG"
"HiG_cardiac.c"	0	"TNFAIP1"	332.5	"HiG"
"HiG_cardiac.c"	0	"MANF"	332.5	"HiG"
"HiG_cardiac.c"	0	"OCIAD2"	332.5	"HiG"
"HiG_cardiac.c"	368	"SELENOK"	139	"HiG"
"HiG_cardiac.c"	0	"COX20"	332.5	"HiG"
"HiG_cardiac.c"	0	"RRAGD"	332.5	"HiG"
"HiG_cardiac.c"	0	"POPDC2"	332.5	"HiG"
"HiG_cardiac.c"	0	"CFC1"	332.5	"HiG"
"HiG_cardiac.c"	0	"TSPAN3"	332.5	"HiG"
"HiG_cardiac.c"	0	"GPC3"	332.5	"HiG"
"HiG_cardiac.c"	0	"MTCH1"	332.5	"HiG"
"HiG_cardiac.c"	0	"TBX20"	332.5	"HiG"
"HiG_cardiac.c"	0	"TMEM59"	332.5	"HiG"
"HiG_cardiac.c"	0	"PPP1R1A"	332.5	"HiG"
"HiG_cardiac.c"	0	"CYRIA"	332.5	"HiG"
"HiG_cardiac.c"	992	"PRXL2A"	58	"HiG"
"HiG_cardiac.c"	0	"FSTL1"	332.5	"HiG"
"HiG_cardiac.c"	0	"WLS"	332.5	"HiG"
"HiG_cardiac.c"	166	"RBM24"	156	"HiG"
"HiG_cardiac.c"	0	"ABRACL"	332.5	"HiG"
"HiG_cardiac.c"	282	"MYH6"	147	"HiG"
"HiG_cardiac.c"	0	"TIMM8B"	332.5	"HiG"
"HiG_cardiac.c"	43	"TMOD1"	178	"HiG"
"HiG_cardiac.c"	0	"BEX4"	332.5	"HiG"
"HiG_cardiac.c"	0	"OAZ2"	332.5	"HiG"
"HiG_cardiac.c"	0	"POLG"	332.5	"HiG"
"HiG_cardiac.c"	26	"PHLDA2"	185	"HiG"
"HiG_cardiac.c"	7	"SLC16A3"	215.5	"HiG"
"HiG_cardiac.c"	594	"CHCHD10"	86	"HiG"
"HiG_cardiac.c"	0	"MLLT11"	332.5	"HiG"
"HiG_cardiac.c"	0	"PTGES3L"	332.5	"HiG"
"HiG_cardiac.c"	0	"PRTG"	332.5	"HiG"
"HiG_cardiac.c"	0	"CAPN6"	332.5	"HiG"
"HiG_cardiac.c"	0	"SMTNL2"	332.5	"HiG"
"HiG_cardiac.c"	403	"SMPX"	121.5	"HiG"
"HiG_cardiac.c"	423	"RBPMS2"	103	"HiG"
"HiG_cardiac.c"	0	"ARMH4"	332.5	"HiG"
"HiG_cardiac.c"	0	"TMEM108"	332.5	"HiG"
"HiG_cardiac.c"	0	"BMP5"	332.5	"HiG"
"HiG_cardiac.c"	0	"HCFC1R1"	332.5	"HiG"
"HiG_cardiac.c"	0	"MYLK3"	332.5	"HiG"
"HiG_cardiac.c"	409	"GPX8"	107	"HiG"
"HiG_cardiac.c"	0	"STARD3NL"	332.5	"HiG"
"HiG_cardiac.c"	0	"CMTM7"	332.5	"HiG"
"HiG_cardiac.c"	0	"WDR1"	332.5	"HiG"
"HiG_cardiac.c"	0	"MMD"	332.5	"HiG"
"HiG_cardiac.c"	14	"MGARP"	198.5	"HiG"
"HiG_cardiac.c"	0	"PWWP3B"	332.5	"HiG"
"HiG_cardiac.c"	0	"UNC45B"	332.5	"HiG"
"HiG_cardiac.c"	0	"SELENOW"	332.5	"HiG"
"HiG_cardiac.c"	0	"SDHD"	332.5	"HiG"
"HiG_cardiac.c"	435	"TBX5"	99	"HiG"
"HiG_cardiac.c"	0	"TMEM88"	332.5	"HiG"
"HiG_cardiac.c"	0	"TBRG1"	332.5	"HiG"
"HiG_cardiac.c"	0	"SMIM14"	332.5	"HiG"
"HiG_cardiac.c"	12	"VCAN"	202.5	"HiG"
"HiG_cardiac.c"	5	"MFAP2"	223	"HiG"
"HiG_cardiac.c"	0	"RASGRP2"	332.5	"HiG"
"HiG_cardiac.c"	104	"IGFBPL1"	163.5	"HiG"
"HiG_cardiac.c"	1088	"IFITM1"	53	"HiG"
"HiG_cardiac.c"	0	"TSPAN6"	332.5	"HiG"
"HiG_cardiac.c"	403	"SELENOH"	121.5	"HiG"
"HiG_cardiac.c"	403	"RGS5"	121.5	"HiG"
"HiG_cardiac.c"	1187	"WNT2"	44	"HiG"
"HiG_cardiac.c"	0	"TSPAN18"	332.5	"HiG"
"HiG_cardiac.c"	3	"SH3BGR"	229.5	"HiG"
"HiG_cardiac.c"	0	"PIGX"	332.5	"HiG"
"HiG_cardiac.c"	0	"APOBEC2"	332.5	"HiG"
"HiG_cardiac.c"	0	"SFRP5"	332.5	"HiG"
"HiG_cardiac.c"	0	"TCEAL8"	332.5	"HiG"
"HiG_cardiac.c"	0	"RCSD1"	332.5	"HiG"
"HiG_cardiac.c"	0	"SLC38A4"	332.5	"HiG"
"HiG_cardiac.c"	7	"PRRX2"	215.5	"HiG"
"HiG_cardiac.c"	10	"TSPAN7"	206.5	"HiG"
"HiG_cardiac.c"	0	"THBS4"	332.5	"HiG"
"HiG_cardiac.c"	0	"ZBTB20"	332.5	"HiG"
"HiG_cardiac.c"	7	"ZYX"	215.5	"HiG"
"HiG_cardiac.c"	0	"WSB1"	332.5	"HiG"
"HiG_endothelial.a"	0	"GATA2"	348	"HiG"
"HiG_endothelial.a"	1051	"ALDOA"	50	"HiG"
"HiG_endothelial.a"	0	"CITED2"	348	"HiG"
"HiG_endothelial.a"	46	"ANXA5"	195	"HiG"
"HiG_endothelial.a"	74	"FDPS"	186	"HiG"
"HiG_endothelial.a"	1109	"GNAI2"	48	"HiG"
"HiG_endothelial.a"	369	"C1QBP"	126.5	"HiG"
"HiG_endothelial.a"	14	"ID3"	220	"HiG"
"HiG_endothelial.a"	240	"AFDN"	154	"HiG"
"HiG_endothelial.a"	27	"LYL1"	210	"HiG"
"HiG_endothelial.a"	31	"SRSF9"	206.5	"HiG"
"HiG_endothelial.a"	0	"FLT1"	348	"HiG"
"HiG_endothelial.a"	2	"RAP1A"	262	"HiG"
"HiG_endothelial.a"	15	"RAP1B"	219	"HiG"
"HiG_endothelial.a"	2013	"LMO2"	23	"HiG"
"HiG_endothelial.a"	411	"FKBP1A"	112	"HiG"
"HiG_endothelial.a"	0	"BIN1"	348	"HiG"
"HiG_endothelial.a"	0	"FLI1"	348	"HiG"
"HiG_endothelial.a"	12	"MAGED1"	223	"HiG"
"HiG_endothelial.a"	642	"MSN"	84	"HiG"
"HiG_endothelial.a"	150	"NDN"	167	"HiG"
"HiG_endothelial.a"	657	"ID2"	81	"HiG"
"HiG_endothelial.a"	392	"CDKN1C"	122	"HiG"
"HiG_endothelial.a"	1129	"SERPINH1"	44	"HiG"
"HiG_endothelial.a"	254	"F11R"	149	"HiG"
"HiG_endothelial.a"	605	"PEG10"	87	"HiG"
"HiG_endothelial.a"	0	"DNMT3A"	348	"HiG"
"HiG_endothelial.a"	17	"PABPC4"	217	"HiG"
"HiG_endothelial.a"	252	"EIF3G"	150.5	"HiG"
"HiG_endothelial.a"	0	"GADD45G"	348	"HiG"
"HiG_endothelial.a"	3035	"P4HB"	15	"HiG"
"HiG_endothelial.a"	1199	"RAB11A"	39	"HiG"
"HiG_endothelial.a"	8	"ABI3"	231.5	"HiG"
"HiG_endothelial.a"	171	"LSM2"	162	"HiG"
"HiG_endothelial.a"	1285	"CLIC1"	36	"HiG"
"HiG_endothelial.a"	6475	"ACTB"	7	"HiG"
"HiG_endothelial.a"	139	"RBPMS"	170	"HiG"
"HiG_endothelial.a"	182	"ITM2C"	159.5	"HiG"
"HiG_endothelial.a"	252	"NME1"	150.5	"HiG"
"HiG_endothelial.a"	0	"HOXB6"	348	"HiG"
"HiG_endothelial.a"	0	"DCTPP1"	348	"HiG"
"HiG_endothelial.a"	0	"LLPH"	348	"HiG"
"HiG_endothelial.a"	0	"HOXA9"	348	"HiG"
"HiG_endothelial.a"	0	"BAMBI"	348	"HiG"
"HiG_endothelial.a"	757	"MDFI"	68	"HiG"
"HiG_endothelial.a"	0	"COX17"	348	"HiG"
"HiG_endothelial.a"	0	"PLEKHF2"	348	"HiG"
"HiG_endothelial.a"	1124	"ACTN1"	45	"HiG"
"HiG_endothelial.a"	52	"PHLDA1"	193	"HiG"
"HiG_endothelial.a"	7	"EMILIN1"	235.5	"HiG"
"HiG_endothelial.a"	7	"FTH1"	235.5	"HiG"
"HiG_endothelial.a"	588	"JUNB"	89	"HiG"
"HiG_endothelial.a"	262	"CALM2"	148	"HiG"
"HiG_endothelial.a"	10	"CCND2"	229	"HiG"
"HiG_endothelial.a"	0	"MAPRE2"	348	"HiG"
"HiG_endothelial.a"	0	"DDAH2"	348	"HiG"
"HiG_endothelial.a"	22	"ARL6IP1"	214	"HiG"
"HiG_endothelial.a"	295	"VASP"	145	"HiG"
"HiG_endothelial.a"	50	"BCCIP"	194	"HiG"
"HiG_endothelial.a"	0	"ARHGEF15"	348	"HiG"
"HiG_endothelial.a"	182	"RTN4"	159.5	"HiG"
"HiG_endothelial.a"	153	"RACK1"	166	"HiG"
"HiG_endothelial.a"	4	"EXOSC7"	246	"HiG"
"HiG_endothelial.a"	0	"NUP62CL"	348	"HiG"
"HiG_endothelial.a"	198	"RALB"	158	"HiG"
"HiG_endothelial.a"	0	"CTNNBIP1"	348	"HiG"
"HiG_endothelial.a"	5157	"JUN"	8	"HiG"
"HiG_endothelial.a"	0	"CCK"	348	"HiG"
"HiG_endothelial.a"	18909	"HSPA5"	2	"HiG"
"HiG_endothelial.a"	4179	"RUVBL2"	10	"HiG"
"HiG_endothelial.a"	1558	"CDC20"	28	"HiG"
"HiG_endothelial.a"	0	"TCEAL9"	348	"HiG"
"HiG_endothelial.a"	79	"EIF4EBP1"	182	"HiG"
"HiG_endothelial.a"	2597	"PHB2"	19	"HiG"
"HiG_endothelial.a"	528	"LYAR"	93	"HiG"
"HiG_endothelial.a"	288	"PPIB"	146	"HiG"
"HiG_endothelial.a"	472	"LGALS1"	102	"HiG"
"HiG_endothelial.a"	6	"LRRC59"	240	"HiG"
"HiG_endothelial.a"	0	"SGK1"	348	"HiG"
"HiG_endothelial.a"	646	"DEGS1"	82	"HiG"
"HiG_endothelial.a"	0	"MRPS34"	348	"HiG"
"HiG_endothelial.a"	570	"GTPBP4"	92	"HiG"
"HiG_endothelial.a"	20	"IGF2BP3"	215.5	"HiG"
"HiG_endothelial.a"	7	"FSCN1"	235.5	"HiG"
"HiG_endothelial.a"	466	"SNRPF"	104	"HiG"
"HiG_endothelial.a"	314	"SSR3"	140	"HiG"
"HiG_endothelial.a"	0	"KDELR2"	348	"HiG"
"HiG_endothelial.a"	778	"NOLC1"	66	"HiG"
"HiG_endothelial.a"	340	"FBL"	134	"HiG"
"HiG_endothelial.a"	85	"PPAN"	181	"HiG"
"HiG_endothelial.a"	146	"DDX27"	169	"HiG"
"HiG_endothelial.a"	77	"SFXN1"	183	"HiG"
"HiG_endothelial.a"	308	"G3BP2"	142	"HiG"
"HiG_endothelial.a"	96	"EBNA1BP2"	179	"HiG"
"HiG_endothelial.a"	1120	"PA2G4"	46	"HiG"
"HiG_endothelial.a"	6990	"PDIA6"	6	"HiG"
"HiG_endothelial.a"	800	"MEST"	62	"HiG"
"HiG_endothelial.a"	1312	"NCL"	34	"HiG"
"HiG_endothelial.a"	147	"DDX21"	168	"HiG"
"HiG_endothelial.a"	28054	"MYC"	1	"HiG"
"HiG_endothelial.a"	788	"H2AX"	64	"HiG"
"HiG_endothelial.a"	717	"CDK1"	72	"HiG"
"HiG_endothelial.a"	739	"CTNNA1"	70	"HiG"
"HiG_endothelial.a"	6	"CBX1"	240	"HiG"
"HiG_endothelial.a"	671	"CCND1"	78	"HiG"
"HiG_endothelial.a"	990	"MAPK3"	53	"HiG"
"HiG_endothelial.a"	0	"HDAC7"	348	"HiG"
"HiG_endothelial.a"	0	"LSR"	348	"HiG"
"HiG_endothelial.a"	1	"BMP2"	268.5	"HiG"
"HiG_endothelial.a"	105	"GADD45GIP1"	177	"HiG"
"HiG_endothelial.a"	708	"CALM1"	73	"HiG"
"HiG_endothelial.a"	122	"TGFB1"	175	"HiG"
"HiG_endothelial.a"	10181	"HSP90AA1"	5	"HiG"
"HiG_endothelial.a"	307	"POLR1D"	143.5	"HiG"
"HiG_endothelial.a"	0	"TSEN34"	348	"HiG"
"HiG_endothelial.a"	0	"POP5"	348	"HiG"
"HiG_endothelial.a"	88	"ATP1A1"	180	"HiG"
"HiG_endothelial.a"	0	"RIPK3"	348	"HiG"
"HiG_endothelial.a"	35	"ID1"	200.5	"HiG"
"HiG_endothelial.a"	2813	"KDR"	17	"HiG"
"HiG_endothelial.a"	1239	"ARPC1B"	37	"HiG"
"HiG_endothelial.a"	0	"RAMP2"	348	"HiG"
"HiG_endothelial.a"	923	"ATF3"	56	"HiG"
"HiG_endothelial.a"	3	"NIP7"	253.5	"HiG"
"HiG_endothelial.a"	3649	"PFN1"	11	"HiG"
"HiG_endothelial.a"	866	"DBN1"	60	"HiG"
"HiG_endothelial.a"	1	"CST3"	268.5	"HiG"
"HiG_endothelial.a"	1516	"APOE"	31	"HiG"
"HiG_endothelial.a"	400	"CREG1"	118	"HiG"
"HiG_endothelial.a"	4	"HAPLN1"	246	"HiG"
"HiG_endothelial.a"	0	"CNPY2"	348	"HiG"
"HiG_endothelial.a"	3	"COL4A1"	253.5	"HiG"
"HiG_endothelial.a"	1545	"GJA1"	29	"HiG"
"HiG_endothelial.a"	1003	"E2F4"	52	"HiG"
"HiG_endothelial.a"	572	"HMGA2"	91	"HiG"
"HiG_endothelial.a"	13	"S100A10"	221	"HiG"
"HiG_endothelial.a"	2842	"ITGB1"	16	"HiG"
"HiG_endothelial.a"	0	"RPS6KA1"	348	"HiG"
"HiG_endothelial.a"	12592	"HSP90B1"	3	"HiG"
"HiG_endothelial.a"	2	"HES1"	262	"HiG"
"HiG_endothelial.a"	337	"MSX1"	135.5	"HiG"
"HiG_endothelial.a"	36	"PPP1R15A"	199	"HiG"
"HiG_endothelial.a"	0	"PPP1R2"	348	"HiG"
"HiG_endothelial.a"	0	"PRKAR2B"	348	"HiG"
"HiG_endothelial.a"	927	"ARPC3"	54	"HiG"
"HiG_endothelial.a"	0	"EMG1"	348	"HiG"
"HiG_endothelial.a"	0	"CARHSP1"	348	"HiG"
"HiG_endothelial.a"	1	"CBFB"	268.5	"HiG"
"HiG_endothelial.a"	4517	"CD81"	9	"HiG"
"HiG_endothelial.a"	3	"CAPNS1"	253.5	"HiG"
"HiG_endothelial.a"	58	"GNG11"	190.5	"HiG"
"HiG_endothelial.a"	11	"ISYNA1"	226	"HiG"
"HiG_endothelial.a"	1347	"DKC1"	32	"HiG"
"HiG_endothelial.a"	0	"OAT"	348	"HiG"
"HiG_endothelial.a"	0	"SPTSSA"	348	"HiG"
"HiG_endothelial.a"	8	"LAPTM4A"	231.5	"HiG"
"HiG_endothelial.a"	11	"ATP6V1F"	226	"HiG"
"HiG_endothelial.a"	2003	"VIM"	25	"HiG"
"HiG_endothelial.a"	0	"MAP7D1"	348	"HiG"
"HiG_endothelial.a"	162	"PECAM1"	163	"HiG"
"HiG_endothelial.a"	2693	"PLK1"	18	"HiG"
"HiG_endothelial.a"	3071	"UBC"	13	"HiG"
"HiG_endothelial.a"	0	"GSTO1"	348	"HiG"
"HiG_endothelial.a"	1225	"HSPD1"	38	"HiG"
"HiG_endothelial.a"	76	"ARPC5"	184	"HiG"
"HiG_endothelial.a"	307	"CD9"	143.5	"HiG"
"HiG_endothelial.a"	227	"CD63"	155	"HiG"
"HiG_endothelial.a"	876	"MMP2"	59	"HiG"
"HiG_endothelial.a"	123	"DNAJC3"	174	"HiG"
"HiG_endothelial.a"	1006	"ARPC2"	51	"HiG"
"HiG_endothelial.a"	0	"GAR1"	348	"HiG"
"HiG_endothelial.a"	383	"POLR2F"	125	"HiG"
"HiG_endothelial.a"	474	"ENG"	101	"HiG"
"HiG_endothelial.a"	158	"IGF2"	164	"HiG"
"HiG_endothelial.a"	2095	"NRP1"	22	"HiG"
"HiG_endothelial.a"	575	"GNB2"	90	"HiG"
"HiG_endothelial.a"	11648	"FN1"	4	"HiG"
"HiG_endothelial.a"	3049	"PDIA3"	14	"HiG"
"HiG_endothelial.a"	400	"TEAD2"	118	"HiG"
"HiG_endothelial.a"	176	"KRT8"	161	"HiG"
"HiG_endothelial.a"	509	"APEX1"	96	"HiG"
"HiG_endothelial.a"	883	"CLPP"	57	"HiG"
"HiG_endothelial.a"	698	"TAL1"	75	"HiG"
"HiG_endothelial.a"	357	"SLC2A1"	131	"HiG"
"HiG_endothelial.a"	24	"BEX1"	212	"HiG"
"HiG_endothelial.a"	100	"ELK3"	178	"HiG"
"HiG_endothelial.a"	2262	"SPARC"	21	"HiG"
"HiG_endothelial.a"	5	"SH3GLB1"	242.5	"HiG"
"HiG_endothelial.a"	7	"SNRPA1"	235.5	"HiG"
"HiG_endothelial.a"	0	"DOK4"	348	"HiG"
"HiG_endothelial.a"	0	"MDK"	348	"HiG"
"HiG_endothelial.a"	369	"MARCKS"	126.5	"HiG"
"HiG_endothelial.a"	367	"ARF4"	130	"HiG"
"HiG_endothelial.a"	1746	"PDIA4"	27	"HiG"
"HiG_endothelial.a"	0	"PEG3"	348	"HiG"
"HiG_endothelial.a"	879	"HOXA10"	58	"HiG"
"HiG_endothelial.a"	666	"CCT2"	80	"HiG"
"HiG_endothelial.a"	154	"ICAM2"	165	"HiG"
"HiG_endothelial.a"	1326	"ACVRL1"	33	"HiG"
"HiG_endothelial.a"	71	"TPM4"	187	"HiG"
"HiG_endothelial.a"	0	"CSRP2"	348	"HiG"
"HiG_endothelial.a"	37	"CLDN5"	197.5	"HiG"
"HiG_endothelial.a"	0	"TFPI"	348	"HiG"
"HiG_endothelial.a"	0	"GRAP"	348	"HiG"
"HiG_endothelial.a"	787	"DAD1"	65	"HiG"
"HiG_endothelial.a"	65	"MPZL1"	188	"HiG"
"HiG_endothelial.a"	1063	"CALD1"	49	"HiG"
"HiG_endothelial.a"	33	"CCN1"	203.5	"HiG"
"HiG_endothelial.a"	368	"GNL3"	128.5	"HiG"
"HiG_endothelial.a"	0	"GNGT2"	348	"HiG"
"HiG_endothelial.a"	413	"UPP1"	111	"HiG"
"HiG_endothelial.a"	31	"TRAF4"	206.5	"HiG"
"HiG_endothelial.a"	330	"RHOJ"	138	"HiG"
"HiG_endothelial.a"	137	"COL18A1"	171	"HiG"
"HiG_endothelial.a"	0	"HMOX1"	348	"HiG"
"HiG_endothelial.a"	773	"DLK1"	67	"HiG"
"HiG_endothelial.a"	345	"SNX3"	133	"HiG"
"HiG_endothelial.a"	1	"PCLAF"	268.5	"HiG"
"HiG_endothelial.a"	368	"MACROH2A1"	128.5	"HiG"
"HiG_endothelial.a"	0	"AMOT"	348	"HiG"
"HiG_endothelial.a"	0	"GALK1"	348	"HiG"
"HiG_endothelial.a"	124	"PPM1G"	173	"HiG"
"HiG_endothelial.a"	30	"SLC1A5"	208	"HiG"
"HiG_endothelial.a"	0	"UMPS"	348	"HiG"
"HiG_endothelial.a"	1531	"TUBA1A"	30	"HiG"
"HiG_endothelial.a"	0	"IFRD2"	348	"HiG"
"HiG_endothelial.a"	747	"TAGLN2"	69	"HiG"
"HiG_endothelial.a"	1904	"UCHL5"	26	"HiG"
"HiG_endothelial.a"	455	"GCC2"	106	"HiG"
"HiG_endothelial.a"	0	"TXNL4A"	348	"HiG"
"HiG_endothelial.a"	926	"CKAP4"	55	"HiG"
"HiG_endothelial.a"	33	"NOP10"	203.5	"HiG"
"HiG_endothelial.a"	326	"NHP2"	139	"HiG"
"HiG_endothelial.a"	1287	"MTDH"	35	"HiG"
"HiG_endothelial.a"	58	"ANP32B"	190.5	"HiG"
"HiG_endothelial.a"	37	"HELLS"	197.5	"HiG"
"HiG_endothelial.a"	425	"NSUN2"	108.5	"HiG"
"HiG_endothelial.a"	0	"IFRD1"	348	"HiG"
"HiG_endothelial.a"	0	"CSRP1"	348	"HiG"
"HiG_endothelial.a"	703	"SHMT2"	74	"HiG"
"HiG_endothelial.a"	1	"HOXC9"	268.5	"HiG"
"HiG_endothelial.a"	0	"SSBP4"	348	"HiG"
"HiG_endothelial.a"	0	"XBP1"	348	"HiG"
"HiG_endothelial.a"	7	"WDR12"	235.5	"HiG"
"HiG_endothelial.a"	0	"ETV2"	348	"HiG"
"HiG_endothelial.a"	2550	"MRPL12"	20	"HiG"
"HiG_endothelial.a"	429	"SEPTIN9"	107	"HiG"
"HiG_endothelial.a"	41	"IDH3A"	196	"HiG"
"HiG_endothelial.a"	481	"MRTO4"	100	"HiG"
"HiG_endothelial.a"	23	"CNN3"	213	"HiG"
"HiG_endothelial.a"	0	"LUZP1"	348	"HiG"
"HiG_endothelial.a"	456	"ATP2B1"	105	"HiG"
"HiG_endothelial.a"	0	"PRDX3"	348	"HiG"
"HiG_endothelial.a"	719	"DDX18"	71	"HiG"
"HiG_endothelial.a"	3329	"NOP56"	12	"HiG"
"HiG_endothelial.a"	0	"IER2"	348	"HiG"
"HiG_endothelial.a"	397	"TPI1"	121	"HiG"
"HiG_endothelial.a"	0	"MRPL15"	348	"HiG"
"HiG_endothelial.a"	0	"MRPL17"	348	"HiG"
"HiG_endothelial.a"	2	"SOX4"	262	"HiG"
"HiG_endothelial.a"	644	"YWHAQ"	83	"HiG"
"HiG_endothelial.a"	16	"TUBA1C"	218	"HiG"
"HiG_endothelial.a"	688	"IMPDH2"	76.5	"HiG"
"HiG_endothelial.a"	0	"PNRC1"	348	"HiG"
"HiG_endothelial.a"	33	"TIAM1"	203.5	"HiG"
"HiG_endothelial.a"	797	"CHCHD4"	63	"HiG"
"HiG_endothelial.a"	403	"RRBP1"	113	"HiG"
"HiG_endothelial.a"	11	"CRIP2"	226	"HiG"
"HiG_endothelial.a"	401	"CMTM3"	114.5	"HiG"
"HiG_endothelial.a"	0	"CRABP1"	348	"HiG"
"HiG_endothelial.a"	3	"ODC1"	253.5	"HiG"
"HiG_endothelial.a"	391	"GPX1"	123	"HiG"
"HiG_endothelial.a"	3	"PAK1IP1"	253.5	"HiG"
"HiG_endothelial.a"	0	"CDV3"	348	"HiG"
"HiG_endothelial.a"	0	"CRLF3"	348	"HiG"
"HiG_endothelial.a"	33	"BASP1"	203.5	"HiG"
"HiG_endothelial.a"	0	"CNN2"	348	"HiG"
"HiG_endothelial.a"	855	"RSL1D1"	61	"HiG"
"HiG_endothelial.a"	1188	"RRS1"	40	"HiG"
"HiG_endothelial.a"	4	"RRP9"	246	"HiG"
"HiG_endothelial.a"	0	"RCL1"	348	"HiG"
"HiG_endothelial.a"	54	"MAK16"	192	"HiG"
"HiG_endothelial.a"	469	"SLC25A4"	103	"HiG"
"HiG_endothelial.a"	0	"PCGF5"	348	"HiG"
"HiG_endothelial.a"	0	"AOPEP"	348	"HiG"
"HiG_endothelial.a"	4	"LAPTM4B"	246	"HiG"
"HiG_endothelial.a"	2	"SRM"	262	"HiG"
"HiG_endothelial.a"	0	"AKR1A1"	348	"HiG"
"HiG_endothelial.a"	0	"HMGB3"	348	"HiG"
"HiG_endothelial.a"	0	"LITAF"	348	"HiG"
"HiG_endothelial.a"	1154	"SLC25A5"	42	"HiG"
"HiG_endothelial.a"	0	"PGP"	348	"HiG"
"HiG_endothelial.a"	0	"RAB34"	348	"HiG"
"HiG_endothelial.a"	0	"PIMREG"	348	"HiG"
"HiG_endothelial.a"	7	"LIN28A"	235.5	"HiG"
"HiG_endothelial.a"	0	"ECSCR"	348	"HiG"
"HiG_endothelial.a"	0	"RCBTB2"	348	"HiG"
"HiG_endothelial.a"	35	"PPIC"	200.5	"HiG"
"HiG_endothelial.a"	0	"PCBP4"	348	"HiG"
"HiG_endothelial.a"	503	"UBQLN2"	97	"HiG"
"HiG_endothelial.a"	1145	"EGFL7"	43	"HiG"
"HiG_endothelial.a"	12	"TUBB6"	223	"HiG"
"HiG_endothelial.a"	0	"PLK2"	348	"HiG"
"HiG_endothelial.a"	0	"EEF1E1"	348	"HiG"
"HiG_endothelial.a"	0	"TIMM10"	348	"HiG"
"HiG_endothelial.a"	6	"TOMM40"	240	"HiG"
"HiG_endothelial.a"	355	"IMPDH1"	132	"HiG"
"HiG_endothelial.a"	333	"TPM3"	137	"HiG"
"HiG_endothelial.a"	0	"RPS27L"	348	"HiG"
"HiG_endothelial.a"	606	"ZNRD2"	86	"HiG"
"HiG_endothelial.a"	1	"MARCKSL1"	268.5	"HiG"
"HiG_endothelial.a"	5	"FERMT2"	242.5	"HiG"
"HiG_endothelial.a"	2	"TXNDC5"	262	"HiG"
"HiG_endothelial.a"	0	"FAM162A"	348	"HiG"
"HiG_endothelial.a"	10	"RBMS1"	229	"HiG"
"HiG_endothelial.a"	688	"TMED2"	76.5	"HiG"
"HiG_endothelial.a"	10	"MTX2"	229	"HiG"
"HiG_endothelial.a"	415	"SPCS2"	110	"HiG"
"HiG_endothelial.a"	667	"RDX"	79	"HiG"
"HiG_endothelial.a"	0	"CFL2"	348	"HiG"
"HiG_endothelial.a"	337	"RCN2"	135.5	"HiG"
"HiG_endothelial.a"	75	"SHMT1"	185	"HiG"
"HiG_endothelial.a"	425	"TMSB10"	108.5	"HiG"
"HiG_endothelial.a"	3	"SH3BGRL3"	253.5	"HiG"
"HiG_endothelial.a"	0	"PSME2"	348	"HiG"
"HiG_endothelial.a"	3	"GPATCH4"	253.5	"HiG"
"HiG_endothelial.a"	595	"UBB"	88	"HiG"
"HiG_endothelial.a"	400	"SERP1"	118	"HiG"
"HiG_endothelial.a"	1110	"TMED9"	47	"HiG"
"HiG_endothelial.a"	0	"GLIPR2"	348	"HiG"
"HiG_endothelial.a"	0	"ATP6V0B"	348	"HiG"
"HiG_endothelial.a"	510	"NECTIN2"	95	"HiG"
"HiG_endothelial.a"	400	"PPID"	118	"HiG"
"HiG_endothelial.a"	0	"FKBP11"	348	"HiG"
"HiG_endothelial.a"	2	"MACROH2A2"	262	"HiG"
"HiG_endothelial.a"	0	"TMBIM6"	348	"HiG"
"HiG_endothelial.a"	514	"HOXA7"	94	"HiG"
"HiG_endothelial.a"	0	"IDH2"	348	"HiG"
"HiG_endothelial.a"	272	"MTAP"	147	"HiG"
"HiG_endothelial.a"	0	"RBM38"	348	"HiG"
"HiG_endothelial.a"	0	"DPH3"	348	"HiG"
"HiG_endothelial.a"	0	"CTSH"	348	"HiG"
"HiG_endothelial.a"	0	"NOP16"	348	"HiG"
"HiG_endothelial.a"	489	"IGFBP4"	98	"HiG"
"HiG_endothelial.a"	12	"SWAP70"	223	"HiG"
"HiG_endothelial.a"	2006	"NDUFA8"	24	"HiG"
"HiG_endothelial.a"	390	"CCNJL"	124	"HiG"
"HiG_endothelial.a"	64	"TMSB4X"	189	"HiG"
"HiG_endothelial.a"	483	"PPP1R18"	99	"HiG"
"HiG_endothelial.a"	627	"RHOC"	85	"HiG"
"HiG_endothelial.a"	0	"GPX3"	348	"HiG"
"HiG_endothelial.a"	0	"ITM2A"	348	"HiG"
"HiG_endothelial.a"	0	"LIMD2"	348	"HiG"
"HiG_endothelial.a"	3	"EVA1B"	253.5	"HiG"
"HiG_endothelial.a"	0	"ARMCX1"	348	"HiG"
"HiG_endothelial.a"	0	"TXNDC12"	348	"HiG"
"HiG_endothelial.a"	0	"INKA1"	348	"HiG"
"HiG_endothelial.a"	0	"KLHL6"	348	"HiG"
"HiG_endothelial.a"	0	"DUSP2"	348	"HiG"
"HiG_endothelial.a"	0	"MYZAP"	348	"HiG"
"HiG_endothelial.a"	0	"TNFAIP1"	348	"HiG"
"HiG_endothelial.a"	0	"MANF"	348	"HiG"
"HiG_endothelial.a"	0	"GJA4"	348	"HiG"
"HiG_endothelial.a"	0	"SELENOK"	348	"HiG"
"HiG_endothelial.a"	0	"CDCA7"	348	"HiG"
"HiG_endothelial.a"	0	"PLAC1"	348	"HiG"
"HiG_endothelial.a"	225	"MRPL34"	156	"HiG"
"HiG_endothelial.a"	0	"EMB"	348	"HiG"
"HiG_endothelial.a"	0	"TSPAN3"	348	"HiG"
"HiG_endothelial.a"	0	"GPC3"	348	"HiG"
"HiG_endothelial.a"	3	"MTCH1"	253.5	"HiG"
"HiG_endothelial.a"	131	"TMEM59"	172	"HiG"
"HiG_endothelial.a"	29	"LPAR6"	209	"HiG"
"HiG_endothelial.a"	2	"FSTL1"	262	"HiG"
"HiG_endothelial.a"	0	"PLVAP"	348	"HiG"
"HiG_endothelial.a"	0	"HDDC2"	348	"HiG"
"HiG_endothelial.a"	0	"NUDT9"	348	"HiG"
"HiG_endothelial.a"	1166	"SSR2"	41	"HiG"
"HiG_endothelial.a"	313	"WDR74"	141	"HiG"
"HiG_endothelial.a"	0	"KRTCAP2"	348	"HiG"
"HiG_endothelial.a"	0	"RSPO3"	348	"HiG"
"HiG_endothelial.a"	0	"BEX4"	348	"HiG"
"HiG_endothelial.a"	0	"OAZ2"	348	"HiG"
"HiG_endothelial.a"	0	"WDR43"	348	"HiG"
"HiG_endothelial.a"	400	"POLG"	118	"HiG"
"HiG_endothelial.a"	0	"PHLDA2"	348	"HiG"
"HiG_endothelial.a"	20	"SLC16A3"	215.5	"HiG"
"HiG_endothelial.a"	220	"RASIP1"	157	"HiG"
"HiG_endothelial.a"	0	"FAM107B"	348	"HiG"
"HiG_endothelial.a"	0	"SMAGP"	348	"HiG"
"HiG_endothelial.a"	3	"APLNR"	253.5	"HiG"
"HiG_endothelial.a"	0	"OSTC"	348	"HiG"
"HiG_endothelial.a"	0	"RBPMS2"	348	"HiG"
"HiG_endothelial.a"	4	"ESAM"	246	"HiG"
"HiG_endothelial.a"	0	"SYNGR2"	348	"HiG"
"HiG_endothelial.a"	0	"STARD3NL"	348	"HiG"
"HiG_endothelial.a"	0	"CMTM8"	348	"HiG"
"HiG_endothelial.a"	0	"CMTM7"	348	"HiG"
"HiG_endothelial.a"	0	"CYP26A1"	348	"HiG"
"HiG_endothelial.a"	0	"EXOC3L4"	348	"HiG"
"HiG_endothelial.a"	114	"VAMP5"	176	"HiG"
"HiG_endothelial.a"	0	"HOXB2"	348	"HiG"
"HiG_endothelial.a"	0	"AQP8"	348	"HiG"
"HiG_endothelial.a"	0	"TBRG1"	348	"HiG"
"HiG_endothelial.a"	246	"TSPAN4"	152	"HiG"
"HiG_endothelial.a"	0	"PIM3"	348	"HiG"
"HiG_endothelial.a"	243	"IFITM1"	153	"HiG"
"HiG_endothelial.a"	0	"TPST2"	348	"HiG"
"HiG_endothelial.a"	0	"SELENOH"	348	"HiG"
"HiG_endothelial.a"	0	"VGLL4"	348	"HiG"
"HiG_endothelial.a"	0	"TSPAN18"	348	"HiG"
"HiG_endothelial.a"	25	"SOX17"	211	"HiG"
"HiG_endothelial.a"	0	"NUDT4"	348	"HiG"
"HiG_endothelial.a"	0	"TMEM158"	348	"HiG"
"HiG_endothelial.a"	0	"PIGX"	348	"HiG"
"HiG_endothelial.a"	0	"SOX7"	348	"HiG"
"HiG_endothelial.a"	0	"TSPAN14"	348	"HiG"
"HiG_endothelial.a"	0	"SLC38A4"	348	"HiG"
"HiG_endothelial.a"	401	"SOX18"	114.5	"HiG"
"HiG_endothelial.a"	0	"MOGAT2"	348	"HiG"
"HiG_endothelial.a"	0	"ZFP36L1"	348	"HiG"
"HiG_endothelial.a"	0	"WSB1"	348	"HiG"
"HiG_endothelial.a"	0	"NRARP"	348	"HiG"
"HiG_endothelial.a"	0	"TM6SF1"	348	"HiG"
"HiG_endothelial.c"	0	"GATA2"	352	"HiG"
"HiG_endothelial.c"	371	"CCND3"	143	"HiG"
"HiG_endothelial.c"	734	"ANXA5"	81.5	"HiG"
"HiG_endothelial.c"	1226	"FLNA"	51	"HiG"
"HiG_endothelial.c"	109	"GABARAP"	169	"HiG"
"HiG_endothelial.c"	2855	"GNAI2"	22	"HiG"
"HiG_endothelial.c"	107	"ID3"	170	"HiG"
"HiG_endothelial.c"	427	"AFDN"	119	"HiG"
"HiG_endothelial.c"	0	"LYL1"	352	"HiG"
"HiG_endothelial.c"	1647	"FLT1"	38.5	"HiG"
"HiG_endothelial.c"	15	"RAP1A"	202	"HiG"
"HiG_endothelial.c"	841	"RAP1B"	72	"HiG"
"HiG_endothelial.c"	2032	"LMO2"	32	"HiG"
"HiG_endothelial.c"	1166	"CLU"	57	"HiG"
"HiG_endothelial.c"	28	"FKBP1A"	193	"HiG"
"HiG_endothelial.c"	24	"BIN1"	194.5	"HiG"
"HiG_endothelial.c"	0	"FLI1"	352	"HiG"
"HiG_endothelial.c"	515	"MAGED1"	105	"HiG"
"HiG_endothelial.c"	876	"MSN"	69	"HiG"
"HiG_endothelial.c"	66	"DAB2"	176	"HiG"
"HiG_endothelial.c"	838	"NDN"	73.5	"HiG"
"HiG_endothelial.c"	947	"CDKN1C"	65	"HiG"
"HiG_endothelial.c"	898	"SERPINH1"	68	"HiG"
"HiG_endothelial.c"	43	"F11R"	184.5	"HiG"
"HiG_endothelial.c"	0	"PRKAB1"	352	"HiG"
"HiG_endothelial.c"	74	"PRDX4"	174.5	"HiG"
"HiG_endothelial.c"	586	"GADD45G"	96	"HiG"
"HiG_endothelial.c"	672	"P4HB"	87	"HiG"
"HiG_endothelial.c"	0	"ADAM15"	352	"HiG"
"HiG_endothelial.c"	1040	"RAB11A"	62	"HiG"
"HiG_endothelial.c"	3	"ABI3"	235	"HiG"
"HiG_endothelial.c"	63	"LSM2"	178	"HiG"
"HiG_endothelial.c"	2	"SLC29A1"	243.5	"HiG"
"HiG_endothelial.c"	481	"CLIC1"	109	"HiG"
"HiG_endothelial.c"	6000	"ACTB"	8	"HiG"
"HiG_endothelial.c"	1594	"MYL6"	40	"HiG"
"HiG_endothelial.c"	9	"RBPMS"	214.5	"HiG"
"HiG_endothelial.c"	2	"ITM2C"	243.5	"HiG"
"HiG_endothelial.c"	112	"PDLIM7"	168	"HiG"
"HiG_endothelial.c"	0	"BAMBI"	352	"HiG"
"HiG_endothelial.c"	845	"MDFI"	71	"HiG"
"HiG_endothelial.c"	0	"CDC42EP1"	352	"HiG"
"HiG_endothelial.c"	4	"PHLDA1"	229.5	"HiG"
"HiG_endothelial.c"	0	"EMILIN1"	352	"HiG"
"HiG_endothelial.c"	0	"SAT1"	352	"HiG"
"HiG_endothelial.c"	424	"DUSP6"	122	"HiG"
"HiG_endothelial.c"	1	"FTH1"	253	"HiG"
"HiG_endothelial.c"	419	"JUNB"	131	"HiG"
"HiG_endothelial.c"	0	"RCN3"	352	"HiG"
"HiG_endothelial.c"	1204	"CALM2"	53	"HiG"
"HiG_endothelial.c"	704	"IPO11"	84	"HiG"
"HiG_endothelial.c"	0	"CLEC1B"	352	"HiG"
"HiG_endothelial.c"	10	"MAPRE2"	210.5	"HiG"
"HiG_endothelial.c"	415	"DDAH2"	134.5	"HiG"
"HiG_endothelial.c"	1339	"ARL6IP1"	47	"HiG"
"HiG_endothelial.c"	0	"PDLIM1"	352	"HiG"
"HiG_endothelial.c"	934	"VASP"	67	"HiG"
"HiG_endothelial.c"	0	"ARHGEF15"	352	"HiG"
"HiG_endothelial.c"	0	"MID1IP1"	352	"HiG"
"HiG_endothelial.c"	3492	"RTN4"	17	"HiG"
"HiG_endothelial.c"	343	"RALB"	145	"HiG"
"HiG_endothelial.c"	0	"CTNNBIP1"	352	"HiG"
"HiG_endothelial.c"	2002	"JUN"	33	"HiG"
"HiG_endothelial.c"	0	"RAPH1"	352	"HiG"
"HiG_endothelial.c"	22415	"HSPA5"	1	"HiG"
"HiG_endothelial.c"	2983	"AP2S1"	20	"HiG"
"HiG_endothelial.c"	734	"CDC20"	81.5	"HiG"
"HiG_endothelial.c"	0	"PTP4A3"	352	"HiG"
"HiG_endothelial.c"	0	"TCEAL9"	352	"HiG"
"HiG_endothelial.c"	0	"EIF4EBP1"	352	"HiG"
"HiG_endothelial.c"	44	"LYAR"	182.5	"HiG"
"HiG_endothelial.c"	2	"TWF2"	243.5	"HiG"
"HiG_endothelial.c"	0	"ELOVL1"	352	"HiG"
"HiG_endothelial.c"	290	"PPIB"	150	"HiG"
"HiG_endothelial.c"	3639	"LGALS1"	16	"HiG"
"HiG_endothelial.c"	435	"LRRC59"	115.5	"HiG"
"HiG_endothelial.c"	420	"SGK1"	127	"HiG"
"HiG_endothelial.c"	1310	"CALR"	49	"HiG"
"HiG_endothelial.c"	0	"DEGS1"	352	"HiG"
"HiG_endothelial.c"	634	"RAB5C"	90	"HiG"
"HiG_endothelial.c"	0	"FSCN1"	352	"HiG"
"HiG_endothelial.c"	431	"DYNLL1"	117.5	"HiG"
"HiG_endothelial.c"	686	"DNAJB11"	85	"HiG"
"HiG_endothelial.c"	35	"AFAP1L1"	187.5	"HiG"
"HiG_endothelial.c"	567	"SSR3"	98	"HiG"
"HiG_endothelial.c"	0	"KDELR2"	352	"HiG"
"HiG_endothelial.c"	34	"RASGRP3"	189.5	"HiG"
"HiG_endothelial.c"	2474	"ANXA2"	25	"HiG"
"HiG_endothelial.c"	0	"RALGPS2"	352	"HiG"
"HiG_endothelial.c"	0	"LXN"	352	"HiG"
"HiG_endothelial.c"	547	"GNAS"	100	"HiG"
"HiG_endothelial.c"	2	"PGRMC1"	243.5	"HiG"
"HiG_endothelial.c"	164	"EHD4"	159	"HiG"
"HiG_endothelial.c"	563	"EBNA1BP2"	99	"HiG"
"HiG_endothelial.c"	4447	"PDIA6"	12	"HiG"
"HiG_endothelial.c"	418	"MEST"	132.5	"HiG"
"HiG_endothelial.c"	6521	"NCL"	7	"HiG"
"HiG_endothelial.c"	0	"MYO1C"	352	"HiG"
"HiG_endothelial.c"	282	"JAK1"	151	"HiG"
"HiG_endothelial.c"	1184	"H2AX"	54	"HiG"
"HiG_endothelial.c"	263	"CDK1"	152	"HiG"
"HiG_endothelial.c"	1865	"CTNNA1"	35	"HiG"
"HiG_endothelial.c"	1213	"CCND1"	52	"HiG"
"HiG_endothelial.c"	959	"MAPK3"	64	"HiG"
"HiG_endothelial.c"	609	"CD151"	91	"HiG"
"HiG_endothelial.c"	420	"ETS2"	127	"HiG"
"HiG_endothelial.c"	234	"GADD45GIP1"	154	"HiG"
"HiG_endothelial.c"	12639	"CDH5"	3	"HiG"
"HiG_endothelial.c"	8776	"CALM1"	5	"HiG"
"HiG_endothelial.c"	0	"EMCN"	352	"HiG"
"HiG_endothelial.c"	124	"TGFB1"	165	"HiG"
"HiG_endothelial.c"	0	"POLR1D"	352	"HiG"
"HiG_endothelial.c"	0	"TSEN34"	352	"HiG"
"HiG_endothelial.c"	9	"ATP1A1"	214.5	"HiG"
"HiG_endothelial.c"	3	"RIPK3"	235	"HiG"
"HiG_endothelial.c"	470	"ID1"	110	"HiG"
"HiG_endothelial.c"	9708	"KDR"	4	"HiG"
"HiG_endothelial.c"	4405	"ARPC1B"	13	"HiG"
"HiG_endothelial.c"	0	"RAMP2"	352	"HiG"
"HiG_endothelial.c"	603	"ATF3"	93	"HiG"
"HiG_endothelial.c"	596	"NOTCH1"	94	"HiG"
"HiG_endothelial.c"	2338	"PFN1"	28	"HiG"
"HiG_endothelial.c"	390	"RALA"	140	"HiG"
"HiG_endothelial.c"	11	"IGF1"	209	"HiG"
"HiG_endothelial.c"	1506	"DBN1"	43	"HiG"
"HiG_endothelial.c"	14	"HOMER3"	206	"HiG"
"HiG_endothelial.c"	0	"CST3"	352	"HiG"
"HiG_endothelial.c"	494	"APOE"	108	"HiG"
"HiG_endothelial.c"	0	"CREG1"	352	"HiG"
"HiG_endothelial.c"	16	"DAPK3"	199.5	"HiG"
"HiG_endothelial.c"	0	"DGKZ"	352	"HiG"
"HiG_endothelial.c"	0	"HAPLN1"	352	"HiG"
"HiG_endothelial.c"	9	"COL4A1"	214.5	"HiG"
"HiG_endothelial.c"	997	"GAP43"	63	"HiG"
"HiG_endothelial.c"	19	"HMGA2"	197	"HiG"
"HiG_endothelial.c"	1127	"S100A10"	59	"HiG"
"HiG_endothelial.c"	4930	"ITGB1"	9	"HiG"
"HiG_endothelial.c"	2875	"HSP90B1"	21	"HiG"
"HiG_endothelial.c"	5	"HES1"	224	"HiG"
"HiG_endothelial.c"	1	"PPP1R15A"	253	"HiG"
"HiG_endothelial.c"	0	"PPP1R2"	352	"HiG"
"HiG_endothelial.c"	0	"PRKAR2B"	352	"HiG"
"HiG_endothelial.c"	24	"CRMP1"	194.5	"HiG"
"HiG_endothelial.c"	0	"ANXA6"	352	"HiG"
"HiG_endothelial.c"	2387	"ARPC3"	26	"HiG"
"HiG_endothelial.c"	0	"EMG1"	352	"HiG"
"HiG_endothelial.c"	0	"CARHSP1"	352	"HiG"
"HiG_endothelial.c"	0	"CBFB"	352	"HiG"
"HiG_endothelial.c"	7091	"CD81"	6	"HiG"
"HiG_endothelial.c"	328	"CAPNS1"	148	"HiG"
"HiG_endothelial.c"	0	"EFNA1"	352	"HiG"
"HiG_endothelial.c"	499	"GNG11"	107	"HiG"
"HiG_endothelial.c"	177	"MRPS26"	158	"HiG"
"HiG_endothelial.c"	0	"PLPP2"	352	"HiG"
"HiG_endothelial.c"	0	"JPT1"	352	"HiG"
"HiG_endothelial.c"	0	"B2M"	352	"HiG"
"HiG_endothelial.c"	0	"SPTSSA"	352	"HiG"
"HiG_endothelial.c"	0	"LAPTM4A"	352	"HiG"
"HiG_endothelial.c"	5	"ANXA3"	224	"HiG"
"HiG_endothelial.c"	21591	"VIM"	2	"HiG"
"HiG_endothelial.c"	74	"KLF6"	174.5	"HiG"
"HiG_endothelial.c"	0	"MAP7D1"	352	"HiG"
"HiG_endothelial.c"	0	"TRIOBP"	352	"HiG"
"HiG_endothelial.c"	258	"PECAM1"	153	"HiG"
"HiG_endothelial.c"	4165	"UBC"	15	"HiG"
"HiG_endothelial.c"	1	"ARPC5"	253	"HiG"
"HiG_endothelial.c"	5	"CAPN2"	224	"HiG"
"HiG_endothelial.c"	1162	"CD9"	58	"HiG"
"HiG_endothelial.c"	21	"CD63"	196	"HiG"
"HiG_endothelial.c"	0	"F2R"	352	"HiG"
"HiG_endothelial.c"	0	"MEF2C"	352	"HiG"
"HiG_endothelial.c"	409	"DNAJC3"	138	"HiG"
"HiG_endothelial.c"	583	"ARPC2"	97	"HiG"
"HiG_endothelial.c"	0	"S100A13"	352	"HiG"
"HiG_endothelial.c"	525	"GAR1"	103	"HiG"
"HiG_endothelial.c"	14	"JUND"	206	"HiG"
"HiG_endothelial.c"	756	"TOP1"	80	"HiG"
"HiG_endothelial.c"	590	"HSPG2"	95	"HiG"
"HiG_endothelial.c"	1180	"ENG"	55	"HiG"
"HiG_endothelial.c"	0	"CD38"	352	"HiG"
"HiG_endothelial.c"	784	"FLT4"	78	"HiG"
"HiG_endothelial.c"	16	"IGF2"	199.5	"HiG"
"HiG_endothelial.c"	3321	"NRP1"	19	"HiG"
"HiG_endothelial.c"	2362	"GNB2"	27	"HiG"
"HiG_endothelial.c"	4288	"FN1"	14	"HiG"
"HiG_endothelial.c"	813	"PDIA3"	75	"HiG"
"HiG_endothelial.c"	0	"TEAD2"	352	"HiG"
"HiG_endothelial.c"	0	"CYBA"	352	"HiG"
"HiG_endothelial.c"	671	"TAL1"	88	"HiG"
"HiG_endothelial.c"	772	"S100A11"	79	"HiG"
"HiG_endothelial.c"	9	"SLC2A1"	214.5	"HiG"
"HiG_endothelial.c"	14	"BEX1"	206	"HiG"
"HiG_endothelial.c"	0	"ELK3"	352	"HiG"
"HiG_endothelial.c"	2559	"SPARC"	24	"HiG"
"HiG_endothelial.c"	398	"SH3GLB1"	139	"HiG"
"HiG_endothelial.c"	437	"SHC1"	113	"HiG"
"HiG_endothelial.c"	56	"ARHGDIB"	180	"HiG"
"HiG_endothelial.c"	0	"MDK"	352	"HiG"
"HiG_endothelial.c"	1524	"MARCKS"	41	"HiG"
"HiG_endothelial.c"	43	"ARF4"	184.5	"HiG"
"HiG_endothelial.c"	0	"CD34"	352	"HiG"
"HiG_endothelial.c"	156	"DUSP1"	160.5	"HiG"
"HiG_endothelial.c"	329	"MMP14"	147	"HiG"
"HiG_endothelial.c"	1328	"PDIA4"	48	"HiG"
"HiG_endothelial.c"	1510	"ARL6IP5"	42	"HiG"
"HiG_endothelial.c"	0	"PEG3"	352	"HiG"
"HiG_endothelial.c"	2	"CD47"	243.5	"HiG"
"HiG_endothelial.c"	0	"GAS6"	352	"HiG"
"HiG_endothelial.c"	9	"VAMP8"	214.5	"HiG"
"HiG_endothelial.c"	1418	"ICAM2"	44	"HiG"
"HiG_endothelial.c"	0	"TEK"	352	"HiG"
"HiG_endothelial.c"	712	"ACVRL1"	83	"HiG"
"HiG_endothelial.c"	811	"TPM4"	76	"HiG"
"HiG_endothelial.c"	0	"CSRP2"	352	"HiG"
"HiG_endothelial.c"	0	"KLF2"	352	"HiG"
"HiG_endothelial.c"	116	"CLDN5"	166	"HiG"
"HiG_endothelial.c"	0	"TFPI"	352	"HiG"
"HiG_endothelial.c"	0	"NR2F6"	352	"HiG"
"HiG_endothelial.c"	0	"GRAP"	352	"HiG"
"HiG_endothelial.c"	501	"PRDX1"	106	"HiG"
"HiG_endothelial.c"	0	"MPZL1"	352	"HiG"
"HiG_endothelial.c"	179	"CALD1"	157	"HiG"
"HiG_endothelial.c"	1375	"SEPTIN7"	46	"HiG"
"HiG_endothelial.c"	154	"CCN1"	162	"HiG"
"HiG_endothelial.c"	34	"ANXA7"	189.5	"HiG"
"HiG_endothelial.c"	3	"CYB5A"	235	"HiG"
"HiG_endothelial.c"	156	"SNX6"	160.5	"HiG"
"HiG_endothelial.c"	437	"TPM1"	113	"HiG"
"HiG_endothelial.c"	0	"GNGT2"	352	"HiG"
"HiG_endothelial.c"	0	"N4BP3"	352	"HiG"
"HiG_endothelial.c"	0	"UPP1"	352	"HiG"
"HiG_endothelial.c"	4	"TRAF4"	229.5	"HiG"
"HiG_endothelial.c"	1	"RHOJ"	253	"HiG"
"HiG_endothelial.c"	1229	"COL18A1"	50	"HiG"
"HiG_endothelial.c"	0	"HMOX1"	352	"HiG"
"HiG_endothelial.c"	838	"PLEKHO1"	73.5	"HiG"
"HiG_endothelial.c"	425	"SNX3"	120.5	"HiG"
"HiG_endothelial.c"	0	"PCLAF"	352	"HiG"
"HiG_endothelial.c"	18	"MACROH2A1"	198	"HiG"
"HiG_endothelial.c"	442	"UBASH3B"	111	"HiG"
"HiG_endothelial.c"	4	"GALK1"	229.5	"HiG"
"HiG_endothelial.c"	4774	"TUBA1A"	11	"HiG"
"HiG_endothelial.c"	2652	"TAGLN2"	23	"HiG"
"HiG_endothelial.c"	341	"CKAP4"	146	"HiG"
"HiG_endothelial.c"	2	"TMOD3"	243.5	"HiG"
"HiG_endothelial.c"	1068	"NHP2"	60	"HiG"
"HiG_endothelial.c"	233	"MYL12B"	155	"HiG"
"HiG_endothelial.c"	0	"FKBP10"	352	"HiG"
"HiG_endothelial.c"	1729	"MAGED2"	37	"HiG"
"HiG_endothelial.c"	2	"CSRP1"	243.5	"HiG"
"HiG_endothelial.c"	356	"SPTBN1"	144	"HiG"
"HiG_endothelial.c"	0	"ARHGAP31"	352	"HiG"
"HiG_endothelial.c"	0	"CGNL1"	352	"HiG"
"HiG_endothelial.c"	0	"MEIS2"	352	"HiG"
"HiG_endothelial.c"	0	"XBP1"	352	"HiG"
"HiG_endothelial.c"	0	"ETV2"	352	"HiG"
"HiG_endothelial.c"	61	"SEPTIN9"	179	"HiG"
"HiG_endothelial.c"	2	"CNN3"	243.5	"HiG"
"HiG_endothelial.c"	435	"H2AZ2"	115.5	"HiG"
"HiG_endothelial.c"	129	"LUZP1"	164	"HiG"
"HiG_endothelial.c"	7	"ATP2B1"	219.5	"HiG"
"HiG_endothelial.c"	0	"MFGE8"	352	"HiG"
"HiG_endothelial.c"	3384	"ITM2B"	18	"HiG"
"HiG_endothelial.c"	5	"IER2"	224	"HiG"
"HiG_endothelial.c"	0	"S100A16"	352	"HiG"
"HiG_endothelial.c"	0	"ACOT9"	352	"HiG"
"HiG_endothelial.c"	10	"MRPL17"	210.5	"HiG"
"HiG_endothelial.c"	64	"SOX4"	177	"HiG"
"HiG_endothelial.c"	4875	"YWHAQ"	10	"HiG"
"HiG_endothelial.c"	9	"BST2"	214.5	"HiG"
"HiG_endothelial.c"	0	"SELENOP"	352	"HiG"
"HiG_endothelial.c"	0	"SMTN"	352	"HiG"
"HiG_endothelial.c"	648	"RRBP1"	89	"HiG"
"HiG_endothelial.c"	0	"COLEC12"	352	"HiG"
"HiG_endothelial.c"	3	"SH3BP5"	235	"HiG"
"HiG_endothelial.c"	0	"CRIP2"	352	"HiG"
"HiG_endothelial.c"	1	"CMTM3"	253	"HiG"
"HiG_endothelial.c"	82	"CRELD2"	173	"HiG"
"HiG_endothelial.c"	2	"COL4A2"	243.5	"HiG"
"HiG_endothelial.c"	380	"KCNE3"	142	"HiG"
"HiG_endothelial.c"	32	"GPX1"	191	"HiG"
"HiG_endothelial.c"	946	"REEP5"	66	"HiG"
"HiG_endothelial.c"	678	"TLN1"	86	"HiG"
"HiG_endothelial.c"	0	"DDAH1"	352	"HiG"
"HiG_endothelial.c"	0	"CDV3"	352	"HiG"
"HiG_endothelial.c"	115	"BASP1"	167	"HiG"
"HiG_endothelial.c"	410	"COTL1"	137	"HiG"
"HiG_endothelial.c"	308	"CNN2"	149	"HiG"
"HiG_endothelial.c"	0	"LIMCH1"	352	"HiG"
"HiG_endothelial.c"	2151	"SLC25A4"	29	"HiG"
"HiG_endothelial.c"	0	"PCGF5"	352	"HiG"
"HiG_endothelial.c"	144	"MYL12A"	163	"HiG"
"HiG_endothelial.c"	8	"LAPTM4B"	218	"HiG"
"HiG_endothelial.c"	0	"AMOTL1"	352	"HiG"
"HiG_endothelial.c"	420	"SRM"	127	"HiG"
"HiG_endothelial.c"	0	"AKR1A1"	352	"HiG"
"HiG_endothelial.c"	0	"HMGB3"	352	"HiG"
"HiG_endothelial.c"	0	"LITAF"	352	"HiG"
"HiG_endothelial.c"	1380	"SLC25A5"	45	"HiG"
"HiG_endothelial.c"	0	"ARMCX2"	352	"HiG"
"HiG_endothelial.c"	807	"RAB13"	77	"HiG"
"HiG_endothelial.c"	0	"PIMREG"	352	"HiG"
"HiG_endothelial.c"	0	"GNG2"	352	"HiG"
"HiG_endothelial.c"	0	"ECSCR"	352	"HiG"
"HiG_endothelial.c"	0	"PPIC"	352	"HiG"
"HiG_endothelial.c"	0	"PCBP4"	352	"HiG"
"HiG_endothelial.c"	3	"EGFL7"	235	"HiG"
"HiG_endothelial.c"	2039	"TUBB6"	31	"HiG"
"HiG_endothelial.c"	0	"CNRIP1"	352	"HiG"
"HiG_endothelial.c"	431	"PLK2"	117.5	"HiG"
"HiG_endothelial.c"	2100	"TPM3"	30	"HiG"
"HiG_endothelial.c"	533	"TUBB4B"	102	"HiG"
"HiG_endothelial.c"	2	"RBMS2"	243.5	"HiG"
"HiG_endothelial.c"	0	"MARCKSL1"	352	"HiG"
"HiG_endothelial.c"	15	"FERMT2"	202	"HiG"
"HiG_endothelial.c"	4	"TXNDC5"	229.5	"HiG"
"HiG_endothelial.c"	0	"RBMS1"	352	"HiG"
"HiG_endothelial.c"	1	"TMED2"	253	"HiG"
"HiG_endothelial.c"	35	"SPCS2"	187.5	"HiG"
"HiG_endothelial.c"	1864	"RDX"	36	"HiG"
"HiG_endothelial.c"	0	"GCLM"	352	"HiG"
"HiG_endothelial.c"	0	"VAT1"	352	"HiG"
"HiG_endothelial.c"	0	"CFL2"	352	"HiG"
"HiG_endothelial.c"	0	"RCN2"	352	"HiG"
"HiG_endothelial.c"	0	"TNFAIP2"	352	"HiG"
"HiG_endothelial.c"	215	"TMSB10"	156	"HiG"
"HiG_endothelial.c"	91	"SH3BGRL3"	171	"HiG"
"HiG_endothelial.c"	0	"GPATCH4"	352	"HiG"
"HiG_endothelial.c"	0	"ORAI1"	352	"HiG"
"HiG_endothelial.c"	1647	"UBB"	38.5	"HiG"
"HiG_endothelial.c"	0	"MSMO1"	352	"HiG"
"HiG_endothelial.c"	0	"KRCC1"	352	"HiG"
"HiG_endothelial.c"	0	"SRI"	352	"HiG"
"HiG_endothelial.c"	0	"TMED9"	352	"HiG"
"HiG_endothelial.c"	0	"GPSM3"	352	"HiG"
"HiG_endothelial.c"	0	"ATP6V0B"	352	"HiG"
"HiG_endothelial.c"	519	"NECTIN2"	104	"HiG"
"HiG_endothelial.c"	384	"LYVE1"	141	"HiG"
"HiG_endothelial.c"	0	"KLK8"	352	"HiG"
"HiG_endothelial.c"	423	"MACROH2A2"	123	"HiG"
"HiG_endothelial.c"	1	"TMBIM6"	253	"HiG"
"HiG_endothelial.c"	2	"IDH2"	243.5	"HiG"
"HiG_endothelial.c"	0	"PRCP"	352	"HiG"
"HiG_endothelial.c"	420	"CMAS"	127	"HiG"
"HiG_endothelial.c"	605	"IGFBP4"	92	"HiG"
"HiG_endothelial.c"	0	"NDUFA8"	352	"HiG"
"HiG_endothelial.c"	84	"TMSB4X"	172	"HiG"
"HiG_endothelial.c"	0	"PPP1R18"	352	"HiG"
"HiG_endothelial.c"	1913	"RHOC"	34	"HiG"
"HiG_endothelial.c"	0	"GPX3"	352	"HiG"
"HiG_endothelial.c"	420	"ITM2A"	127	"HiG"
"HiG_endothelial.c"	415	"PMP22"	134.5	"HiG"
"HiG_endothelial.c"	0	"FAM171A2"	352	"HiG"
"HiG_endothelial.c"	0	"LIMD2"	352	"HiG"
"HiG_endothelial.c"	0	"EVA1B"	352	"HiG"
"HiG_endothelial.c"	0	"CD302"	352	"HiG"
"HiG_endothelial.c"	0	"TXNDC12"	352	"HiG"
"HiG_endothelial.c"	0	"NPL"	352	"HiG"
"HiG_endothelial.c"	0	"INKA1"	352	"HiG"
"HiG_endothelial.c"	0	"KLHL6"	352	"HiG"
"HiG_endothelial.c"	0	"DUSP2"	352	"HiG"
"HiG_endothelial.c"	0	"MYZAP"	352	"HiG"
"HiG_endothelial.c"	0	"TNFAIP1"	352	"HiG"
"HiG_endothelial.c"	45	"MANF"	181	"HiG"
"HiG_endothelial.c"	0	"GJA4"	352	"HiG"
"HiG_endothelial.c"	0	"SELENOK"	352	"HiG"
"HiG_endothelial.c"	0	"PLAC1"	352	"HiG"
"HiG_endothelial.c"	0	"OAF"	352	"HiG"
"HiG_endothelial.c"	0	"EMB"	352	"HiG"
"HiG_endothelial.c"	15	"LRP10"	202	"HiG"
"HiG_endothelial.c"	0	"LRP11"	352	"HiG"
"HiG_endothelial.c"	0	"GPM6B"	352	"HiG"
"HiG_endothelial.c"	6	"MTCH1"	221	"HiG"
"HiG_endothelial.c"	0	"MTARC2"	352	"HiG"
"HiG_endothelial.c"	29	"TMEM59"	192	"HiG"
"HiG_endothelial.c"	868	"LPAR6"	70	"HiG"
"HiG_endothelial.c"	4	"FSTL1"	229.5	"HiG"
"HiG_endothelial.c"	0	"ST3GAL5"	352	"HiG"
"HiG_endothelial.c"	0	"FAM43A"	352	"HiG"
"HiG_endothelial.c"	0	"PLVAP"	352	"HiG"
"HiG_endothelial.c"	0	"PPP1R14B"	352	"HiG"
"HiG_endothelial.c"	41	"SSR2"	186	"HiG"
"HiG_endothelial.c"	414	"KRTCAP2"	136	"HiG"
"HiG_endothelial.c"	0	"RSPO3"	352	"HiG"
"HiG_endothelial.c"	0	"BEX4"	352	"HiG"
"HiG_endothelial.c"	0	"OAZ2"	352	"HiG"
"HiG_endothelial.c"	0	"SCARB1"	352	"HiG"
"HiG_endothelial.c"	420	"POLG"	127	"HiG"
"HiG_endothelial.c"	0	"SLC43A3"	352	"HiG"
"HiG_endothelial.c"	0	"RASIP1"	352	"HiG"
"HiG_endothelial.c"	0	"MPC2"	352	"HiG"
"HiG_endothelial.c"	0	"FAM107B"	352	"HiG"
"HiG_endothelial.c"	0	"SMAGP"	352	"HiG"
"HiG_endothelial.c"	44	"PTPN18"	182.5	"HiG"
"HiG_endothelial.c"	0	"PTPRE"	352	"HiG"
"HiG_endothelial.c"	0	"SMTNL2"	352	"HiG"
"HiG_endothelial.c"	437	"APLNR"	113	"HiG"
"HiG_endothelial.c"	2	"OSTC"	243.5	"HiG"
"HiG_endothelial.c"	0	"SNN"	352	"HiG"
"HiG_endothelial.c"	0	"RBPMS2"	352	"HiG"
"HiG_endothelial.c"	0	"ESAM"	352	"HiG"
"HiG_endothelial.c"	0	"GIMAP1"	352	"HiG"
"HiG_endothelial.c"	0	"STARD3NL"	352	"HiG"
"HiG_endothelial.c"	0	"CMTM8"	352	"HiG"
"HiG_endothelial.c"	4	"PLXND1"	229.5	"HiG"
"HiG_endothelial.c"	0	"SIPA1"	352	"HiG"
"HiG_endothelial.c"	418	"CMTM7"	132.5	"HiG"
"HiG_endothelial.c"	7	"WDR1"	219.5	"HiG"
"HiG_endothelial.c"	420	"MMD"	127	"HiG"
"HiG_endothelial.c"	0	"TLNRD1"	352	"HiG"
"HiG_endothelial.c"	0	"EXOC3L4"	352	"HiG"
"HiG_endothelial.c"	0	"RGL1"	352	"HiG"
"HiG_endothelial.c"	425	"OIT3"	120.5	"HiG"
"HiG_endothelial.c"	14	"VAMP5"	206	"HiG"
"HiG_endothelial.c"	0	"HOXB2"	352	"HiG"
"HiG_endothelial.c"	0	"TIE1"	352	"HiG"
"HiG_endothelial.c"	14	"TMEM88"	206	"HiG"
"HiG_endothelial.c"	0	"AARD"	352	"HiG"
"HiG_endothelial.c"	0	"TBRG1"	352	"HiG"
"HiG_endothelial.c"	0	"SHISA5"	352	"HiG"
"HiG_endothelial.c"	0	"TSPAN4"	352	"HiG"
"HiG_endothelial.c"	0	"CDC42EP5"	352	"HiG"
"HiG_endothelial.c"	5	"GPR182"	224	"HiG"
"HiG_endothelial.c"	0	"HGSNAT"	352	"HiG"
"HiG_endothelial.c"	0	"MFAP2"	352	"HiG"
"HiG_endothelial.c"	0	"RASGRP2"	352	"HiG"
"HiG_endothelial.c"	0	"PIM3"	352	"HiG"
"HiG_endothelial.c"	1055	"IFITM1"	61	"HiG"
"HiG_endothelial.c"	0	"TPST2"	352	"HiG"
"HiG_endothelial.c"	0	"SELENOH"	352	"HiG"
"HiG_endothelial.c"	0	"LIPT2"	352	"HiG"
"HiG_endothelial.c"	0	"GIMAP4"	352	"HiG"
"HiG_endothelial.c"	0	"TSPAN18"	352	"HiG"
"HiG_endothelial.c"	0	"SOX17"	352	"HiG"
"HiG_endothelial.c"	0	"KLF7"	352	"HiG"
"HiG_endothelial.c"	0	"KANK3"	352	"HiG"
"HiG_endothelial.c"	0	"NUDT4"	352	"HiG"
"HiG_endothelial.c"	0	"TMEM158"	352	"HiG"
"HiG_endothelial.c"	0	"TSPAN14"	352	"HiG"
"HiG_endothelial.c"	0	"TCEAL8"	352	"HiG"
"HiG_endothelial.c"	0	"RCSD1"	352	"HiG"
"HiG_endothelial.c"	0	"MOGAT2"	352	"HiG"
"HiG_endothelial.c"	1176	"ZFP36L1"	56	"HiG"
"HiG_endothelial.c"	537	"ZYX"	101	"HiG"
"HiG_endothelial.c"	0	"WSB1"	352	"HiG"
"HiG_endothelial.c"	0	"NRARP"	352	"HiG"
"HiG_endothelial.c"	0	"TM6SF1"	352	"HiG"
"HiG_endothelial.d"	8706	"RPA2"	2	"HiG"
"HiG_endothelial.d"	240	"ALDOA"	133	"HiG"
"HiG_endothelial.d"	586	"CITED2"	83	"HiG"
"HiG_endothelial.d"	117	"CCND3"	160	"HiG"
"HiG_endothelial.d"	588	"GNAI2"	81	"HiG"
"HiG_endothelial.d"	3694	"C1QBP"	9	"HiG"
"HiG_endothelial.d"	28	"LYL1"	209	"HiG"
"HiG_endothelial.d"	2741	"SNCA"	15	"HiG"
"HiG_endothelial.d"	82	"RAP1A"	180	"HiG"
"HiG_endothelial.d"	186	"RAP1B"	143	"HiG"
"HiG_endothelial.d"	814	"LMO2"	61	"HiG"
"HiG_endothelial.d"	514	"CLU"	92	"HiG"
"HiG_endothelial.d"	1	"FKBP1A"	263	"HiG"
"HiG_endothelial.d"	22	"BIN1"	216.5	"HiG"
"HiG_endothelial.d"	0	"FLI1"	329	"HiG"
"HiG_endothelial.d"	18	"MAGED1"	219.5	"HiG"
"HiG_endothelial.d"	1972	"GATA1"	26	"HiG"
"HiG_endothelial.d"	1674	"MSN"	32	"HiG"
"HiG_endothelial.d"	429	"PTRH2"	103	"HiG"
"HiG_endothelial.d"	1107	"SERPINH1"	44	"HiG"
"HiG_endothelial.d"	251	"F11R"	129	"HiG"
"HiG_endothelial.d"	0	"TACC1"	329	"HiG"
"HiG_endothelial.d"	23	"PRKAB1"	215	"HiG"
"HiG_endothelial.d"	781	"PABPC4"	66	"HiG"
"HiG_endothelial.d"	14	"GADD45G"	225	"HiG"
"HiG_endothelial.d"	1772	"RAB11A"	28	"HiG"
"HiG_endothelial.d"	117	"LSM2"	160	"HiG"
"HiG_endothelial.d"	456	"CLIC1"	98	"HiG"
"HiG_endothelial.d"	10702	"ACTB"	1	"HiG"
"HiG_endothelial.d"	117	"MYL6"	160	"HiG"
"HiG_endothelial.d"	727	"RBPMS"	70	"HiG"
"HiG_endothelial.d"	0	"DCTPP1"	329	"HiG"
"HiG_endothelial.d"	0	"LLPH"	329	"HiG"
"HiG_endothelial.d"	372	"PDLIM7"	111	"HiG"
"HiG_endothelial.d"	2	"COX17"	258	"HiG"
"HiG_endothelial.d"	98	"DYNLL2"	172	"HiG"
"HiG_endothelial.d"	0	"PHLDA1"	329	"HiG"
"HiG_endothelial.d"	65	"DUT"	186	"HiG"
"HiG_endothelial.d"	3	"EMILIN1"	253	"HiG"
"HiG_endothelial.d"	516	"RPS26"	91	"HiG"
"HiG_endothelial.d"	10	"IMP3"	234	"HiG"
"HiG_endothelial.d"	0	"NDUFA5"	329	"HiG"
"HiG_endothelial.d"	5	"FTH1"	247.5	"HiG"
"HiG_endothelial.d"	2630	"CALM2"	17	"HiG"
"HiG_endothelial.d"	60	"IPO11"	190	"HiG"
"HiG_endothelial.d"	591	"DDAH2"	80	"HiG"
"HiG_endothelial.d"	1573	"VASP"	35	"HiG"
"HiG_endothelial.d"	0	"TNNT1"	329	"HiG"
"HiG_endothelial.d"	390	"MCM5"	107.5	"HiG"
"HiG_endothelial.d"	0	"EIF1AD"	329	"HiG"
"HiG_endothelial.d"	726	"PBK"	71	"HiG"
"HiG_endothelial.d"	2448	"RACK1"	21	"HiG"
"HiG_endothelial.d"	165	"EXOSC7"	148	"HiG"
"HiG_endothelial.d"	545	"RALB"	87	"HiG"
"HiG_endothelial.d"	20	"BID"	218	"HiG"
"HiG_endothelial.d"	8600	"JUN"	3	"HiG"
"HiG_endothelial.d"	13	"RP9"	228	"HiG"
"HiG_endothelial.d"	2	"EIF1B"	258	"HiG"
"HiG_endothelial.d"	491	"AP2S1"	95	"HiG"
"HiG_endothelial.d"	155	"CDC20"	150	"HiG"
"HiG_endothelial.d"	2	"PTP4A3"	258	"HiG"
"HiG_endothelial.d"	12	"EIF4EBP1"	230	"HiG"
"HiG_endothelial.d"	2224	"PHB2"	23	"HiG"
"HiG_endothelial.d"	287	"LYAR"	124	"HiG"
"HiG_endothelial.d"	1	"TWF2"	263	"HiG"
"HiG_endothelial.d"	0	"ELOVL1"	329	"HiG"
"HiG_endothelial.d"	985	"BCAS2"	49	"HiG"
"HiG_endothelial.d"	0	"SERINC3"	329	"HiG"
"HiG_endothelial.d"	830	"LGALS1"	59.5	"HiG"
"HiG_endothelial.d"	94	"DDX3X"	176	"HiG"
"HiG_endothelial.d"	0	"RGS10"	329	"HiG"
"HiG_endothelial.d"	334	"RAB5C"	119	"HiG"
"HiG_endothelial.d"	11	"BIRC5"	232	"HiG"
"HiG_endothelial.d"	16	"FSCN1"	222	"HiG"
"HiG_endothelial.d"	912	"SNRPF"	54	"HiG"
"HiG_endothelial.d"	624	"AFAP1L1"	77	"HiG"
"HiG_endothelial.d"	1531	"NOLC1"	36	"HiG"
"HiG_endothelial.d"	0	"LXN"	329	"HiG"
"HiG_endothelial.d"	61	"RPS29"	188	"HiG"
"HiG_endothelial.d"	5	"PPAN"	247.5	"HiG"
"HiG_endothelial.d"	1181	"DDX27"	42	"HiG"
"HiG_endothelial.d"	321	"SFXN1"	121	"HiG"
"HiG_endothelial.d"	1342	"EBNA1BP2"	37	"HiG"
"HiG_endothelial.d"	1091	"PA2G4"	45	"HiG"
"HiG_endothelial.d"	611	"PDIA6"	79	"HiG"
"HiG_endothelial.d"	99	"MEST"	171	"HiG"
"HiG_endothelial.d"	4086	"NCL"	7	"HiG"
"HiG_endothelial.d"	897	"DDX21"	55	"HiG"
"HiG_endothelial.d"	102	"ARHGEF2"	169	"HiG"
"HiG_endothelial.d"	1121	"JAK1"	43	"HiG"
"HiG_endothelial.d"	844	"H2AX"	58	"HiG"
"HiG_endothelial.d"	0	"CD151"	329	"HiG"
"HiG_endothelial.d"	180	"ETS2"	145.5	"HiG"
"HiG_endothelial.d"	543	"GADD45GIP1"	88	"HiG"
"HiG_endothelial.d"	2108	"CDH5"	24	"HiG"
"HiG_endothelial.d"	2881	"CALM1"	12	"HiG"
"HiG_endothelial.d"	1611	"TGFB1"	34	"HiG"
"HiG_endothelial.d"	4810	"HSP90AA1"	4	"HiG"
"HiG_endothelial.d"	273	"POLR1D"	126	"HiG"
"HiG_endothelial.d"	153	"DNMT3B"	151	"HiG"
"HiG_endothelial.d"	0	"TSEN34"	329	"HiG"
"HiG_endothelial.d"	25	"POP5"	213.5	"HiG"
"HiG_endothelial.d"	2805	"ARPC1B"	13	"HiG"
"HiG_endothelial.d"	0	"RAMP2"	329	"HiG"
"HiG_endothelial.d"	73	"NIP7"	182	"HiG"
"HiG_endothelial.d"	2101	"PFN1"	25	"HiG"
"HiG_endothelial.d"	159	"IGF1"	149	"HiG"
"HiG_endothelial.d"	0	"HOMER3"	329	"HiG"
"HiG_endothelial.d"	3	"CST3"	253	"HiG"
"HiG_endothelial.d"	52	"EPOR"	195	"HiG"
"HiG_endothelial.d"	399	"APOE"	106	"HiG"
"HiG_endothelial.d"	0	"CREG1"	329	"HiG"
"HiG_endothelial.d"	998	"RUNX1"	48	"HiG"
"HiG_endothelial.d"	490	"DGKZ"	96	"HiG"
"HiG_endothelial.d"	0	"HAPLN1"	329	"HiG"
"HiG_endothelial.d"	384	"PRKCA"	110	"HiG"
"HiG_endothelial.d"	227	"COL4A1"	134	"HiG"
"HiG_endothelial.d"	222	"E2F4"	136	"HiG"
"HiG_endothelial.d"	662	"HADHB"	76	"HiG"
"HiG_endothelial.d"	1654	"HMGA2"	33	"HiG"
"HiG_endothelial.d"	140	"S100A10"	153	"HiG"
"HiG_endothelial.d"	3105	"HSPA9"	11	"HiG"
"HiG_endothelial.d"	390	"MAP2K3"	107.5	"HiG"
"HiG_endothelial.d"	0	"CITED4"	329	"HiG"
"HiG_endothelial.d"	31	"PRKAR2B"	208	"HiG"
"HiG_endothelial.d"	1207	"ARPC3"	40	"HiG"
"HiG_endothelial.d"	6	"EMG1"	244	"HiG"
"HiG_endothelial.d"	0	"CARHSP1"	329	"HiG"
"HiG_endothelial.d"	1765	"CD81"	29	"HiG"
"HiG_endothelial.d"	447	"CAPNS1"	100	"HiG"
"HiG_endothelial.d"	0	"F10"	329	"HiG"
"HiG_endothelial.d"	8	"GNG11"	238.5	"HiG"
"HiG_endothelial.d"	5	"ISYNA1"	247.5	"HiG"
"HiG_endothelial.d"	587	"DKC1"	82	"HiG"
"HiG_endothelial.d"	617	"MRPS26"	78	"HiG"
"HiG_endothelial.d"	0	"JPT1"	329	"HiG"
"HiG_endothelial.d"	0	"SPTSSA"	329	"HiG"
"HiG_endothelial.d"	0	"TOM1L1"	329	"HiG"
"HiG_endothelial.d"	38	"HEXA"	199	"HiG"
"HiG_endothelial.d"	1014	"VIM"	47	"HiG"
"HiG_endothelial.d"	2	"PSMB10"	258	"HiG"
"HiG_endothelial.d"	121	"RGL2"	157	"HiG"
"HiG_endothelial.d"	26	"MRPL20"	211	"HiG"
"HiG_endothelial.d"	0	"GSTO1"	329	"HiG"
"HiG_endothelial.d"	0	"PDCD5"	329	"HiG"
"HiG_endothelial.d"	249	"RPS21"	130.5	"HiG"
"HiG_endothelial.d"	10	"TK1"	234	"HiG"
"HiG_endothelial.d"	2577	"HSPD1"	19	"HiG"
"HiG_endothelial.d"	193	"ARPC5"	140	"HiG"
"HiG_endothelial.d"	34	"CAPN2"	202.5	"HiG"
"HiG_endothelial.d"	746	"CD9"	68	"HiG"
"HiG_endothelial.d"	113	"CD63"	163.5	"HiG"
"HiG_endothelial.d"	0	"F2R"	329	"HiG"
"HiG_endothelial.d"	72	"MEF2C"	184	"HiG"
"HiG_endothelial.d"	936	"PTPN6"	52	"HiG"
"HiG_endothelial.d"	127	"ARPC2"	155	"HiG"
"HiG_endothelial.d"	189	"GAR1"	141	"HiG"
"HiG_endothelial.d"	3	"POLR2F"	253	"HiG"
"HiG_endothelial.d"	0	"JUND"	329	"HiG"
"HiG_endothelial.d"	33	"EIF5A"	204.5	"HiG"
"HiG_endothelial.d"	723	"GNB2"	72	"HiG"
"HiG_endothelial.d"	4289	"FN1"	6	"HiG"
"HiG_endothelial.d"	0	"GYPC"	329	"HiG"
"HiG_endothelial.d"	22	"TEAD2"	216.5	"HiG"
"HiG_endothelial.d"	2542	"APEX1"	20	"HiG"
"HiG_endothelial.d"	325	"RND2"	120	"HiG"
"HiG_endothelial.d"	115	"CYBA"	162	"HiG"
"HiG_endothelial.d"	2338	"CLPP"	22	"HiG"
"HiG_endothelial.d"	502	"TAL1"	94	"HiG"
"HiG_endothelial.d"	2613	"SPI1"	18	"HiG"
"HiG_endothelial.d"	0	"BEX1"	329	"HiG"
"HiG_endothelial.d"	249	"SPARC"	130.5	"HiG"
"HiG_endothelial.d"	182	"SH3GLB1"	144	"HiG"
"HiG_endothelial.d"	14	"SNRPA1"	225	"HiG"
"HiG_endothelial.d"	0	"PBX1"	329	"HiG"
"HiG_endothelial.d"	119	"CDC34"	158	"HiG"
"HiG_endothelial.d"	95	"ARHGDIB"	174.5	"HiG"
"HiG_endothelial.d"	473	"ARF4"	97	"HiG"
"HiG_endothelial.d"	0	"CD34"	329	"HiG"
"HiG_endothelial.d"	1	"RAB27B"	263	"HiG"
"HiG_endothelial.d"	0	"ARL6IP5"	329	"HiG"
"HiG_endothelial.d"	536	"VAMP8"	89	"HiG"
"HiG_endothelial.d"	582	"TPM4"	84	"HiG"
"HiG_endothelial.d"	0	"TFPI"	329	"HiG"
"HiG_endothelial.d"	34	"SLA2"	202.5	"HiG"
"HiG_endothelial.d"	26	"GRAP"	211	"HiG"
"HiG_endothelial.d"	61	"PPIF"	188	"HiG"
"HiG_endothelial.d"	59	"ANXA7"	191	"HiG"
"HiG_endothelial.d"	0	"CYB5A"	329	"HiG"
"HiG_endothelial.d"	785	"GNL3"	65	"HiG"
"HiG_endothelial.d"	0	"GNGT2"	329	"HiG"
"HiG_endothelial.d"	346	"RHOJ"	117	"HiG"
"HiG_endothelial.d"	283	"COL18A1"	125	"HiG"
"HiG_endothelial.d"	54	"MAPKAPK3"	194	"HiG"
"HiG_endothelial.d"	567	"SNX3"	85	"HiG"
"HiG_endothelial.d"	0	"FAAP24"	329	"HiG"
"HiG_endothelial.d"	1896	"RPLP0"	27	"HiG"
"HiG_endothelial.d"	95	"MACROH2A1"	174.5	"HiG"
"HiG_endothelial.d"	2	"UBASH3B"	258	"HiG"
"HiG_endothelial.d"	92	"ADSL"	177	"HiG"
"HiG_endothelial.d"	5	"GALK1"	247.5	"HiG"
"HiG_endothelial.d"	88	"GPX4"	178	"HiG"
"HiG_endothelial.d"	712	"PPM1G"	74	"HiG"
"HiG_endothelial.d"	800	"UMPS"	64	"HiG"
"HiG_endothelial.d"	0	"IFRD2"	329	"HiG"
"HiG_endothelial.d"	3220	"TAGLN2"	10	"HiG"
"HiG_endothelial.d"	6	"UCHL5"	244	"HiG"
"HiG_endothelial.d"	14	"TXNL4A"	225	"HiG"
"HiG_endothelial.d"	44	"NOP10"	197.5	"HiG"
"HiG_endothelial.d"	211	"NHP2"	138	"HiG"
"HiG_endothelial.d"	0	"RPL22L1"	329	"HiG"
"HiG_endothelial.d"	36	"ANP32B"	200.5	"HiG"
"HiG_endothelial.d"	830	"NOP58"	59.5	"HiG"
"HiG_endothelial.d"	100	"AK2"	170	"HiG"
"HiG_endothelial.d"	113	"HELLS"	163.5	"HiG"
"HiG_endothelial.d"	546	"NSUN2"	86	"HiG"
"HiG_endothelial.d"	438	"LAPTM5"	102	"HiG"
"HiG_endothelial.d"	0	"CSRP1"	329	"HiG"
"HiG_endothelial.d"	188	"APRT"	142	"HiG"
"HiG_endothelial.d"	804	"HDGF"	62	"HiG"
"HiG_endothelial.d"	366	"NFE2"	113	"HiG"
"HiG_endothelial.d"	0	"SSBP4"	329	"HiG"
"HiG_endothelial.d"	1724	"FBXO6"	31	"HiG"
"HiG_endothelial.d"	26	"WDR12"	211	"HiG"
"HiG_endothelial.d"	0	"GFI1B"	329	"HiG"
"HiG_endothelial.d"	0	"ETV2"	329	"HiG"
"HiG_endothelial.d"	3901	"RPL7A"	8	"HiG"
"HiG_endothelial.d"	2666	"MRPL12"	16	"HiG"
"HiG_endothelial.d"	36	"SEPTIN9"	200.5	"HiG"
"HiG_endothelial.d"	55	"IDH3A"	193	"HiG"
"HiG_endothelial.d"	355	"MRTO4"	116	"HiG"
"HiG_endothelial.d"	138	"CNN3"	154	"HiG"
"HiG_endothelial.d"	178	"SAMSN1"	147	"HiG"
"HiG_endothelial.d"	10	"PRDX3"	234	"HiG"
"HiG_endothelial.d"	32	"ADGRG1"	206.5	"HiG"
"HiG_endothelial.d"	112	"PHGDH"	165	"HiG"
"HiG_endothelial.d"	4560	"NOP56"	5	"HiG"
"HiG_endothelial.d"	968	"ITM2B"	50	"HiG"
"HiG_endothelial.d"	0	"IER2"	329	"HiG"
"HiG_endothelial.d"	0	"ECI1"	329	"HiG"
"HiG_endothelial.d"	269	"MRPL17"	127	"HiG"
"HiG_endothelial.d"	801	"MRPL18"	63	"HiG"
"HiG_endothelial.d"	226	"TUBA1C"	135	"HiG"
"HiG_endothelial.d"	388	"IMPDH2"	109	"HiG"
"HiG_endothelial.d"	0	"BST2"	329	"HiG"
"HiG_endothelial.d"	12	"CHCHD4"	230	"HiG"
"HiG_endothelial.d"	105	"SOD2"	167.5	"HiG"
"HiG_endothelial.d"	0	"MICOS10"	329	"HiG"
"HiG_endothelial.d"	0	"MRPL36"	329	"HiG"
"HiG_endothelial.d"	46	"ATP13A2"	196	"HiG"
"HiG_endothelial.d"	33	"CRIP2"	204.5	"HiG"
"HiG_endothelial.d"	25	"NDUFA12"	213.5	"HiG"
"HiG_endothelial.d"	1744	"GPX1"	30	"HiG"
"HiG_endothelial.d"	77	"TLN1"	181	"HiG"
"HiG_endothelial.d"	0	"H2AJ"	329	"HiG"
"HiG_endothelial.d"	105	"DDAH1"	167.5	"HiG"
"HiG_endothelial.d"	0	"CDV3"	329	"HiG"
"HiG_endothelial.d"	0	"DTD2"	329	"HiG"
"HiG_endothelial.d"	0	"CRLF3"	329	"HiG"
"HiG_endothelial.d"	61	"COTL1"	188	"HiG"
"HiG_endothelial.d"	122	"CNN2"	156	"HiG"
"HiG_endothelial.d"	180	"RSL1D1"	145.5	"HiG"
"HiG_endothelial.d"	960	"RPL30"	51	"HiG"
"HiG_endothelial.d"	1229	"RRS1"	38	"HiG"
"HiG_endothelial.d"	110	"RRP9"	166	"HiG"
"HiG_endothelial.d"	0	"RCL1"	329	"HiG"
"HiG_endothelial.d"	0	"MAK16"	329	"HiG"
"HiG_endothelial.d"	315	"SLC25A4"	122	"HiG"
"HiG_endothelial.d"	0	"PCGF5"	329	"HiG"
"HiG_endothelial.d"	0	"SRM"	329	"HiG"
"HiG_endothelial.d"	452	"FERMT3"	99	"HiG"
"HiG_endothelial.d"	864	"SLC25A5"	57	"HiG"
"HiG_endothelial.d"	0	"PGP"	329	"HiG"
"HiG_endothelial.d"	0	"GFER"	329	"HiG"
"HiG_endothelial.d"	6	"OSTF1"	244	"HiG"
"HiG_endothelial.d"	12	"PPIC"	230	"HiG"
"HiG_endothelial.d"	0	"PCBP4"	329	"HiG"
"HiG_endothelial.d"	0	"EGFL7"	329	"HiG"
"HiG_endothelial.d"	8	"SKAP2"	238.5	"HiG"
"HiG_endothelial.d"	1037	"TUBB6"	46	"HiG"
"HiG_endothelial.d"	0	"CNRIP1"	329	"HiG"
"HiG_endothelial.d"	7	"TIMM10"	241.5	"HiG"
"HiG_endothelial.d"	720	"TOMM40"	73	"HiG"
"HiG_endothelial.d"	729	"MRPL42"	69	"HiG"
"HiG_endothelial.d"	2753	"TPM3"	14	"HiG"
"HiG_endothelial.d"	758	"TUBB4B"	67	"HiG"
"HiG_endothelial.d"	17	"RPS27L"	221	"HiG"
"HiG_endothelial.d"	9	"ZNRD2"	236	"HiG"
"HiG_endothelial.d"	0	"MARCKSL1"	329	"HiG"
"HiG_endothelial.d"	0	"SEPHS2"	329	"HiG"
"HiG_endothelial.d"	508	"RBMS1"	93	"HiG"
"HiG_endothelial.d"	0	"RANGRF"	329	"HiG"
"HiG_endothelial.d"	418	"TMEM9"	105	"HiG"
"HiG_endothelial.d"	0	"GCLM"	329	"HiG"
"HiG_endothelial.d"	0	"VAT1"	329	"HiG"
"HiG_endothelial.d"	663	"CFL2"	75	"HiG"
"HiG_endothelial.d"	0	"SHMT1"	329	"HiG"
"HiG_endothelial.d"	0	"MRPL57"	329	"HiG"
"HiG_endothelial.d"	0	"SH3BGRL3"	329	"HiG"
"HiG_endothelial.d"	0	"SNX5"	329	"HiG"
"HiG_endothelial.d"	7	"COMTD1"	241.5	"HiG"
"HiG_endothelial.d"	363	"GPATCH4"	115	"HiG"
"HiG_endothelial.d"	0	"SNRNP25"	329	"HiG"
"HiG_endothelial.d"	1190	"RPL13A"	41	"HiG"
"HiG_endothelial.d"	44	"GPSM3"	197.5	"HiG"
"HiG_endothelial.d"	1210	"ATP6V0B"	39	"HiG"
"HiG_endothelial.d"	530	"PPID"	90	"HiG"
"HiG_endothelial.d"	366	"MARCHF2"	113	"HiG"
"HiG_endothelial.d"	0	"RNF141"	329	"HiG"
"HiG_endothelial.d"	0	"TMBIM6"	329	"HiG"
"HiG_endothelial.d"	0	"ALOX5AP"	329	"HiG"
"HiG_endothelial.d"	243	"MTAP"	132	"HiG"
"HiG_endothelial.d"	366	"PRCP"	113	"HiG"
"HiG_endothelial.d"	0	"GLRX5"	329	"HiG"
"HiG_endothelial.d"	0	"RBM38"	329	"HiG"
"HiG_endothelial.d"	0	"DPH3"	329	"HiG"
"HiG_endothelial.d"	3	"ITGA2B"	253	"HiG"
"HiG_endothelial.d"	0	"NOP16"	329	"HiG"
"HiG_endothelial.d"	336	"CMAS"	118	"HiG"
"HiG_endothelial.d"	257	"IGFBP4"	128	"HiG"
"HiG_endothelial.d"	444	"NDUFA8"	101	"HiG"
"HiG_endothelial.d"	0	"FRAT2"	329	"HiG"
"HiG_endothelial.d"	0	"HMBS"	329	"HiG"
"HiG_endothelial.d"	8	"CIAO2A"	238.5	"HiG"
"HiG_endothelial.d"	427	"MRPS24"	104	"HiG"
"HiG_endothelial.d"	72	"TMSB4X"	184	"HiG"
"HiG_endothelial.d"	151	"PPP1R18"	152	"HiG"
"HiG_endothelial.d"	0	"ITM2A"	329	"HiG"
"HiG_endothelial.d"	0	"LIMD2"	329	"HiG"
"HiG_endothelial.d"	0	"EVA1B"	329	"HiG"
"HiG_endothelial.d"	0	"NPL"	329	"HiG"
"HiG_endothelial.d"	0	"INKA1"	329	"HiG"
"HiG_endothelial.d"	0	"DUSP2"	329	"HiG"
"HiG_endothelial.d"	0	"MCRIP2"	329	"HiG"
"HiG_endothelial.d"	0	"CDCA7"	329	"HiG"
"HiG_endothelial.d"	0	"MRPL34"	329	"HiG"
"HiG_endothelial.d"	0	"SEC11C"	329	"HiG"
"HiG_endothelial.d"	0	"OAF"	329	"HiG"
"HiG_endothelial.d"	913	"FAM210B"	53	"HiG"
"HiG_endothelial.d"	14	"FMC1"	225	"HiG"
"HiG_endothelial.d"	0	"MRPL35"	329	"HiG"
"HiG_endothelial.d"	215	"NRGN"	137	"HiG"
"HiG_endothelial.d"	0	"PLVAP"	329	"HiG"
"HiG_endothelial.d"	0	"ABRACL"	329	"HiG"
"HiG_endothelial.d"	0	"PNPO"	329	"HiG"
"HiG_endothelial.d"	0	"PPP1R14B"	329	"HiG"
"HiG_endothelial.d"	96	"WDR74"	173	"HiG"
"HiG_endothelial.d"	0	"BEX4"	329	"HiG"
"HiG_endothelial.d"	293	"SCARB1"	123	"HiG"
"HiG_endothelial.d"	0	"WDR43"	329	"HiG"
"HiG_endothelial.d"	0	"INPP5B"	329	"HiG"
"HiG_endothelial.d"	4	"RASIP1"	250	"HiG"
"HiG_endothelial.d"	0	"FAM111A"	329	"HiG"
"HiG_endothelial.d"	3	"MPC2"	253	"HiG"
"HiG_endothelial.d"	0	"FAM107B"	329	"HiG"
"HiG_endothelial.d"	0	"SMAGP"	329	"HiG"
"HiG_endothelial.d"	0	"PTPN18"	329	"HiG"
"HiG_endothelial.d"	1	"PTPN7"	263	"HiG"
"HiG_endothelial.d"	0	"PRODH"	329	"HiG"
"HiG_endothelial.d"	0	"PRTG"	329	"HiG"
"HiG_endothelial.d"	0	"SMTNL2"	329	"HiG"
"HiG_endothelial.d"	0	"TMEM9B"	329	"HiG"
"HiG_endothelial.d"	72	"RBPMS2"	184	"HiG"
"HiG_endothelial.d"	18	"ESAM"	219.5	"HiG"
"HiG_endothelial.d"	0	"SYNGR2"	329	"HiG"
"HiG_endothelial.d"	0	"GIMAP1"	329	"HiG"
"HiG_endothelial.d"	0	"CMTM8"	329	"HiG"
"HiG_endothelial.d"	56	"SIPA1"	192	"HiG"
"HiG_endothelial.d"	0	"CMTM7"	329	"HiG"
"HiG_endothelial.d"	14	"WDR1"	225	"HiG"
"HiG_endothelial.d"	0	"SMIM3"	329	"HiG"
"HiG_endothelial.d"	83	"SMIM26"	179	"HiG"
"HiG_endothelial.d"	0	"CYREN"	329	"HiG"
"HiG_endothelial.d"	204	"VAMP5"	139	"HiG"
"HiG_endothelial.d"	0	"SDHD"	329	"HiG"
"HiG_endothelial.d"	0	"NINJ1"	329	"HiG"
"HiG_endothelial.d"	1	"TMEM14C"	263	"HiG"
"HiG_endothelial.d"	0	"SMIM1"	329	"HiG"
"HiG_endothelial.d"	0	"TLCD1"	329	"HiG"
"HiG_endothelial.d"	8	"TSPAN4"	238.5	"HiG"
"HiG_endothelial.d"	0	"CDC42EP5"	329	"HiG"
"HiG_endothelial.d"	0	"RASGRP2"	329	"HiG"
"HiG_endothelial.d"	0	"TPST2"	329	"HiG"
"HiG_endothelial.d"	0	"MFNG"	329	"HiG"
"HiG_endothelial.d"	0	"NUDT4"	329	"HiG"
"HiG_endothelial.d"	0	"YRDC"	329	"HiG"
"HiG_endothelial.d"	0	"TIPIN"	329	"HiG"
"HiG_endothelial.d"	0	"TMEM158"	329	"HiG"
"HiG_endothelial.d"	32	"ZFPM1"	206.5	"HiG"
"HiG_endothelial.d"	0	"TSPAN32"	329	"HiG"
"HiG_endothelial.d"	871	"ZYX"	56	"HiG"
"HiG_endothelial.d"	0	"TSPAN12"	329	"HiG"
"HiG_extraembryonicMesoderm"	4982	"COL1A1"	6	"HiG"
"HiG_extraembryonicMesoderm"	33	"CCND3"	152	"HiG"
"HiG_extraembryonicMesoderm"	328	"GABARAP"	91	"HiG"
"HiG_extraembryonicMesoderm"	198	"P4HA2"	120	"HiG"
"HiG_extraembryonicMesoderm"	2088	"C1QBP"	18	"HiG"
"HiG_extraembryonicMesoderm"	0	"ID3"	269	"HiG"
"HiG_extraembryonicMesoderm"	100	"AFDN"	133	"HiG"
"HiG_extraembryonicMesoderm"	1168	"LEF1"	32	"HiG"
"HiG_extraembryonicMesoderm"	832	"NGFR"	41	"HiG"
"HiG_extraembryonicMesoderm"	0	"RAP1A"	269	"HiG"
"HiG_extraembryonicMesoderm"	325	"APBB1"	93	"HiG"
"HiG_extraembryonicMesoderm"	219	"MAGED1"	115	"HiG"
"HiG_extraembryonicMesoderm"	1892	"NDN"	21	"HiG"
"HiG_extraembryonicMesoderm"	493	"ID2"	66	"HiG"
"HiG_extraembryonicMesoderm"	1438	"CDKN1C"	26	"HiG"
"HiG_extraembryonicMesoderm"	1684	"SERPINH1"	24	"HiG"
"HiG_extraembryonicMesoderm"	1	"CADM1"	189	"HiG"
"HiG_extraembryonicMesoderm"	578	"PEG10"	61	"HiG"
"HiG_extraembryonicMesoderm"	320	"PRDX4"	96.5	"HiG"
"HiG_extraembryonicMesoderm"	0	"GADD45G"	269	"HiG"
"HiG_extraembryonicMesoderm"	3138	"P4HB"	12	"HiG"
"HiG_extraembryonicMesoderm"	0	"LSM2"	269	"HiG"
"HiG_extraembryonicMesoderm"	1188	"CLIC1"	31	"HiG"
"HiG_extraembryonicMesoderm"	3566	"ACTB"	11	"HiG"
"HiG_extraembryonicMesoderm"	803	"RBPMS"	46	"HiG"
"HiG_extraembryonicMesoderm"	1	"ITM2C"	189	"HiG"
"HiG_extraembryonicMesoderm"	295	"HOXB6"	106	"HiG"
"HiG_extraembryonicMesoderm"	0	"LLPH"	269	"HiG"
"HiG_extraembryonicMesoderm"	669	"BEX3"	52	"HiG"
"HiG_extraembryonicMesoderm"	340	"PDLIM7"	88	"HiG"
"HiG_extraembryonicMesoderm"	0	"HOXA9"	269	"HiG"
"HiG_extraembryonicMesoderm"	2181	"KRT18"	17	"HiG"
"HiG_extraembryonicMesoderm"	0	"BAMBI"	269	"HiG"
"HiG_extraembryonicMesoderm"	22	"EFEMP2"	157.5	"HiG"
"HiG_extraembryonicMesoderm"	12	"ACTN1"	165	"HiG"
"HiG_extraembryonicMesoderm"	0	"PDLIM4"	269	"HiG"
"HiG_extraembryonicMesoderm"	0	"PHLDA1"	269	"HiG"
"HiG_extraembryonicMesoderm"	0	"BEX2"	269	"HiG"
"HiG_extraembryonicMesoderm"	0	"FTH1"	269	"HiG"
"HiG_extraembryonicMesoderm"	1393	"PITX1"	27	"HiG"
"HiG_extraembryonicMesoderm"	1757	"CALM2"	22	"HiG"
"HiG_extraembryonicMesoderm"	350	"CCND2"	84.5	"HiG"
"HiG_extraembryonicMesoderm"	0	"ARL6IP1"	269	"HiG"
"HiG_extraembryonicMesoderm"	4	"BCCIP"	177.5	"HiG"
"HiG_extraembryonicMesoderm"	648	"RTN4"	56	"HiG"
"HiG_extraembryonicMesoderm"	0	"EXOSC7"	269	"HiG"
"HiG_extraembryonicMesoderm"	0	"NUP62CL"	269	"HiG"
"HiG_extraembryonicMesoderm"	3	"CTNNBIP1"	180	"HiG"
"HiG_extraembryonicMesoderm"	0	"RP9"	269	"HiG"
"HiG_extraembryonicMesoderm"	8552	"HSPA5"	3	"HiG"
"HiG_extraembryonicMesoderm"	0	"TCEAL9"	269	"HiG"
"HiG_extraembryonicMesoderm"	0	"EIF4EBP1"	269	"HiG"
"HiG_extraembryonicMesoderm"	650	"PHB2"	55	"HiG"
"HiG_extraembryonicMesoderm"	894	"LYAR"	38	"HiG"
"HiG_extraembryonicMesoderm"	265	"FKBP4"	109	"HiG"
"HiG_extraembryonicMesoderm"	240	"PPIB"	112	"HiG"
"HiG_extraembryonicMesoderm"	4726	"LGALS1"	7	"HiG"
"HiG_extraembryonicMesoderm"	0	"DEGS1"	269	"HiG"
"HiG_extraembryonicMesoderm"	0	"NASP"	269	"HiG"
"HiG_extraembryonicMesoderm"	1	"FBLN1"	189	"HiG"
"HiG_extraembryonicMesoderm"	9	"IGF2BP3"	168	"HiG"
"HiG_extraembryonicMesoderm"	393	"FSCN1"	76	"HiG"
"HiG_extraembryonicMesoderm"	389	"DYNLL1"	77	"HiG"
"HiG_extraembryonicMesoderm"	0	"SSR3"	269	"HiG"
"HiG_extraembryonicMesoderm"	5195	"ANXA2"	5	"HiG"
"HiG_extraembryonicMesoderm"	22	"NOLC1"	157.5	"HiG"
"HiG_extraembryonicMesoderm"	38	"PGRMC1"	149	"HiG"
"HiG_extraembryonicMesoderm"	0	"PPAN"	269	"HiG"
"HiG_extraembryonicMesoderm"	0	"DDT"	269	"HiG"
"HiG_extraembryonicMesoderm"	199	"SFXN1"	119	"HiG"
"HiG_extraembryonicMesoderm"	0	"HNRNPH3"	269	"HiG"
"HiG_extraembryonicMesoderm"	1750	"EBNA1BP2"	23	"HiG"
"HiG_extraembryonicMesoderm"	2286	"PA2G4"	15	"HiG"
"HiG_extraembryonicMesoderm"	819	"PDIA6"	44	"HiG"
"HiG_extraembryonicMesoderm"	0	"MEST"	269	"HiG"
"HiG_extraembryonicMesoderm"	9307	"NCL"	2	"HiG"
"HiG_extraembryonicMesoderm"	218	"DDX21"	116.5	"HiG"
"HiG_extraembryonicMesoderm"	12412	"MYC"	1	"HiG"
"HiG_extraembryonicMesoderm"	818	"CTNNA1"	45	"HiG"
"HiG_extraembryonicMesoderm"	86	"CBX1"	134	"HiG"
"HiG_extraembryonicMesoderm"	363	"SMAD7"	80	"HiG"
"HiG_extraembryonicMesoderm"	822	"CCND1"	43	"HiG"
"HiG_extraembryonicMesoderm"	904	"MAPK3"	37	"HiG"
"HiG_extraembryonicMesoderm"	2	"LSR"	183.5	"HiG"
"HiG_extraembryonicMesoderm"	0	"PTOV1"	269	"HiG"
"HiG_extraembryonicMesoderm"	471	"MAP1B"	68	"HiG"
"HiG_extraembryonicMesoderm"	2849	"HSP90AA1"	13	"HiG"
"HiG_extraembryonicMesoderm"	320	"POLR1D"	96.5	"HiG"
"HiG_extraembryonicMesoderm"	320	"SELENOS"	96.5	"HiG"
"HiG_extraembryonicMesoderm"	0	"TSEN34"	269	"HiG"
"HiG_extraembryonicMesoderm"	170	"ID1"	127	"HiG"
"HiG_extraembryonicMesoderm"	555	"BMP4"	63	"HiG"
"HiG_extraembryonicMesoderm"	338	"ARPC1B"	89	"HiG"
"HiG_extraembryonicMesoderm"	0	"RNF128"	269	"HiG"
"HiG_extraembryonicMesoderm"	0	"HAND1"	269	"HiG"
"HiG_extraembryonicMesoderm"	7	"RALA"	171.5	"HiG"
"HiG_extraembryonicMesoderm"	0	"DBN1"	269	"HiG"
"HiG_extraembryonicMesoderm"	0	"CST3"	269	"HiG"
"HiG_extraembryonicMesoderm"	0	"JAM3"	269	"HiG"
"HiG_extraembryonicMesoderm"	29	"APOE"	155	"HiG"
"HiG_extraembryonicMesoderm"	46	"CNPY2"	142	"HiG"
"HiG_extraembryonicMesoderm"	610	"GJA1"	58	"HiG"
"HiG_extraembryonicMesoderm"	306	"E2F4"	105	"HiG"
"HiG_extraembryonicMesoderm"	164	"GRB10"	128	"HiG"
"HiG_extraembryonicMesoderm"	431	"HMGA2"	71	"HiG"
"HiG_extraembryonicMesoderm"	0	"S100A10"	269	"HiG"
"HiG_extraembryonicMesoderm"	1976	"ITGB1"	20	"HiG"
"HiG_extraembryonicMesoderm"	2202	"HSP90B1"	16	"HiG"
"HiG_extraembryonicMesoderm"	350	"RBBP7"	84.5	"HiG"
"HiG_extraembryonicMesoderm"	58	"CDX2"	138	"HiG"
"HiG_extraembryonicMesoderm"	107	"HES1"	132	"HiG"
"HiG_extraembryonicMesoderm"	42	"MSX1"	145	"HiG"
"HiG_extraembryonicMesoderm"	1	"CBFB"	189	"HiG"
"HiG_extraembryonicMesoderm"	777	"CD81"	47	"HiG"
"HiG_extraembryonicMesoderm"	0	"PJA1"	269	"HiG"
"HiG_extraembryonicMesoderm"	0	"ISYNA1"	269	"HiG"
"HiG_extraembryonicMesoderm"	315	"DKC1"	102	"HiG"
"HiG_extraembryonicMesoderm"	0	"OAT"	269	"HiG"
"HiG_extraembryonicMesoderm"	0	"SPTSSA"	269	"HiG"
"HiG_extraembryonicMesoderm"	13	"LAPTM4A"	163	"HiG"
"HiG_extraembryonicMesoderm"	884	"VIM"	39	"HiG"
"HiG_extraembryonicMesoderm"	45	"KLF6"	143	"HiG"
"HiG_extraembryonicMesoderm"	6	"MAP7D1"	174.5	"HiG"
"HiG_extraembryonicMesoderm"	0	"RRAS2"	269	"HiG"
"HiG_extraembryonicMesoderm"	0	"TPD52L1"	269	"HiG"
"HiG_extraembryonicMesoderm"	416	"TRIM28"	72	"HiG"
"HiG_extraembryonicMesoderm"	6083	"UBC"	4	"HiG"
"HiG_extraembryonicMesoderm"	0	"ARL3"	269	"HiG"
"HiG_extraembryonicMesoderm"	51	"ARPC5"	140	"HiG"
"HiG_extraembryonicMesoderm"	1455	"CD63"	25	"HiG"
"HiG_extraembryonicMesoderm"	1362	"PDGFA"	28	"HiG"
"HiG_extraembryonicMesoderm"	0	"PGF"	269	"HiG"
"HiG_extraembryonicMesoderm"	0	"DNAJC3"	269	"HiG"
"HiG_extraembryonicMesoderm"	285	"ARPC2"	107	"HiG"
"HiG_extraembryonicMesoderm"	0	"ITGB5"	269	"HiG"
"HiG_extraembryonicMesoderm"	111	"GAR1"	131	"HiG"
"HiG_extraembryonicMesoderm"	0	"POLR2F"	269	"HiG"
"HiG_extraembryonicMesoderm"	221	"IGF2"	114	"HiG"
"HiG_extraembryonicMesoderm"	756	"NRP1"	48	"HiG"
"HiG_extraembryonicMesoderm"	253	"GNB2"	110	"HiG"
"HiG_extraembryonicMesoderm"	3849	"FN1"	9	"HiG"
"HiG_extraembryonicMesoderm"	1336	"PDIA3"	29	"HiG"
"HiG_extraembryonicMesoderm"	320	"TEAD2"	96.5	"HiG"
"HiG_extraembryonicMesoderm"	1295	"KRT8"	30	"HiG"
"HiG_extraembryonicMesoderm"	0	"SLC2A1"	269	"HiG"
"HiG_extraembryonicMesoderm"	0	"BEX1"	269	"HiG"
"HiG_extraembryonicMesoderm"	3658	"SPARC"	10	"HiG"
"HiG_extraembryonicMesoderm"	39	"HOXD9"	148	"HiG"
"HiG_extraembryonicMesoderm"	691	"EFNB1"	50	"HiG"
"HiG_extraembryonicMesoderm"	172	"SH3GLB1"	126	"HiG"
"HiG_extraembryonicMesoderm"	0	"DOK4"	269	"HiG"
"HiG_extraembryonicMesoderm"	14	"MDK"	162	"HiG"
"HiG_extraembryonicMesoderm"	911	"MARCKS"	35	"HiG"
"HiG_extraembryonicMesoderm"	213	"IGF2R"	118	"HiG"
"HiG_extraembryonicMesoderm"	522	"HOXC8"	65	"HiG"
"HiG_extraembryonicMesoderm"	275	"ARF4"	108	"HiG"
"HiG_extraembryonicMesoderm"	0	"HOXB8"	269	"HiG"
"HiG_extraembryonicMesoderm"	0	"ISL1"	269	"HiG"
"HiG_extraembryonicMesoderm"	355	"MMP14"	82	"HiG"
"HiG_extraembryonicMesoderm"	402	"PDIA4"	75	"HiG"
"HiG_extraembryonicMesoderm"	0	"PEG3"	269	"HiG"
"HiG_extraembryonicMesoderm"	329	"HOXA10"	90	"HiG"
"HiG_extraembryonicMesoderm"	0	"VAMP8"	269	"HiG"
"HiG_extraembryonicMesoderm"	29	"TPM4"	155	"HiG"
"HiG_extraembryonicMesoderm"	30	"CSRP2"	153	"HiG"
"HiG_extraembryonicMesoderm"	0	"MPZL1"	269	"HiG"
"HiG_extraembryonicMesoderm"	61	"CALD1"	137	"HiG"
"HiG_extraembryonicMesoderm"	2329	"ACTA2"	14	"HiG"
"HiG_extraembryonicMesoderm"	0	"CCN1"	269	"HiG"
"HiG_extraembryonicMesoderm"	0	"SDC1"	269	"HiG"
"HiG_extraembryonicMesoderm"	0	"COX4I2"	269	"HiG"
"HiG_extraembryonicMesoderm"	0	"SNX6"	269	"HiG"
"HiG_extraembryonicMesoderm"	177	"TPM1"	125	"HiG"
"HiG_extraembryonicMesoderm"	150	"GNL3"	130	"HiG"
"HiG_extraembryonicMesoderm"	157	"MSX2"	129	"HiG"
"HiG_extraembryonicMesoderm"	681	"DLK1"	51	"HiG"
"HiG_extraembryonicMesoderm"	0	"PCLAF"	269	"HiG"
"HiG_extraembryonicMesoderm"	0	"ASB4"	269	"HiG"
"HiG_extraembryonicMesoderm"	2	"MACROH2A1"	183.5	"HiG"
"HiG_extraembryonicMesoderm"	942	"SNAI1"	33	"HiG"
"HiG_extraembryonicMesoderm"	0	"AMOT"	269	"HiG"
"HiG_extraembryonicMesoderm"	0	"GALK1"	269	"HiG"
"HiG_extraembryonicMesoderm"	0	"UMPS"	269	"HiG"
"HiG_extraembryonicMesoderm"	4701	"TUBA1A"	8	"HiG"
"HiG_extraembryonicMesoderm"	313	"TXNL4A"	103	"HiG"
"HiG_extraembryonicMesoderm"	924	"CKAP4"	34	"HiG"
"HiG_extraembryonicMesoderm"	593	"NHP2"	59	"HiG"
"HiG_extraembryonicMesoderm"	0	"MYL12B"	269	"HiG"
"HiG_extraembryonicMesoderm"	0	"ANP32B"	269	"HiG"
"HiG_extraembryonicMesoderm"	2002	"MAGED2"	19	"HiG"
"HiG_extraembryonicMesoderm"	1	"CSRP1"	189	"HiG"
"HiG_extraembryonicMesoderm"	0	"UBE2D1"	269	"HiG"
"HiG_extraembryonicMesoderm"	19	"HOXC9"	160	"HiG"
"HiG_extraembryonicMesoderm"	6	"MEIS2"	174.5	"HiG"
"HiG_extraembryonicMesoderm"	0	"XBP1"	269	"HiG"
"HiG_extraembryonicMesoderm"	0	"ETV2"	269	"HiG"
"HiG_extraembryonicMesoderm"	544	"MRPL12"	64	"HiG"
"HiG_extraembryonicMesoderm"	0	"SEPTIN9"	269	"HiG"
"HiG_extraembryonicMesoderm"	245	"SUV39H1"	111	"HiG"
"HiG_extraembryonicMesoderm"	2	"CNN3"	183.5	"HiG"
"HiG_extraembryonicMesoderm"	0	"H2AZ2"	269	"HiG"
"HiG_extraembryonicMesoderm"	0	"LUZP1"	269	"HiG"
"HiG_extraembryonicMesoderm"	0	"SDF2L1"	269	"HiG"
"HiG_extraembryonicMesoderm"	319	"DDX18"	100.5	"HiG"
"HiG_extraembryonicMesoderm"	0	"DCAKD"	269	"HiG"
"HiG_extraembryonicMesoderm"	0	"PTK7"	269	"HiG"
"HiG_extraembryonicMesoderm"	0	"IER2"	269	"HiG"
"HiG_extraembryonicMesoderm"	0	"SOX4"	269	"HiG"
"HiG_extraembryonicMesoderm"	905	"MYCN"	36	"HiG"
"HiG_extraembryonicMesoderm"	638	"IMPDH2"	57	"HiG"
"HiG_extraembryonicMesoderm"	0	"CHCHD4"	269	"HiG"
"HiG_extraembryonicMesoderm"	185	"RRBP1"	123	"HiG"
"HiG_extraembryonicMesoderm"	0	"CRIP2"	269	"HiG"
"HiG_extraembryonicMesoderm"	0	"CRABP1"	269	"HiG"
"HiG_extraembryonicMesoderm"	7	"ODC1"	171.5	"HiG"
"HiG_extraembryonicMesoderm"	433	"REEP5"	70	"HiG"
"HiG_extraembryonicMesoderm"	0	"RPS6KA6"	269	"HiG"
"HiG_extraembryonicMesoderm"	1	"BBX"	189	"HiG"
"HiG_extraembryonicMesoderm"	710	"TWIST1"	49	"HiG"
"HiG_extraembryonicMesoderm"	37	"CDV3"	150	"HiG"
"HiG_extraembryonicMesoderm"	385	"BASP1"	79	"HiG"
"HiG_extraembryonicMesoderm"	388	"CNN2"	78	"HiG"
"HiG_extraembryonicMesoderm"	579	"RSL1D1"	60	"HiG"
"HiG_extraembryonicMesoderm"	576	"RRS1"	62	"HiG"
"HiG_extraembryonicMesoderm"	0	"RCL1"	269	"HiG"
"HiG_extraembryonicMesoderm"	404	"SLC25A4"	73	"HiG"
"HiG_extraembryonicMesoderm"	0	"PCGF5"	269	"HiG"
"HiG_extraembryonicMesoderm"	0	"LAPTM4B"	269	"HiG"
"HiG_extraembryonicMesoderm"	40	"SRM"	146.5	"HiG"
"HiG_extraembryonicMesoderm"	0	"LDHB"	269	"HiG"
"HiG_extraembryonicMesoderm"	0	"HMGB3"	269	"HiG"
"HiG_extraembryonicMesoderm"	0	"PGP"	269	"HiG"
"HiG_extraembryonicMesoderm"	0	"RAB34"	269	"HiG"
"HiG_extraembryonicMesoderm"	0	"PPP1R14A"	269	"HiG"
"HiG_extraembryonicMesoderm"	218	"LIN28A"	116.5	"HiG"
"HiG_extraembryonicMesoderm"	0	"PLP2"	269	"HiG"
"HiG_extraembryonicMesoderm"	0	"PPIC"	269	"HiG"
"HiG_extraembryonicMesoderm"	0	"PCBP4"	269	"HiG"
"HiG_extraembryonicMesoderm"	0	"TBCB"	269	"HiG"
"HiG_extraembryonicMesoderm"	663	"UBQLN2"	54	"HiG"
"HiG_extraembryonicMesoderm"	666	"TUBB6"	53	"HiG"
"HiG_extraembryonicMesoderm"	0	"EEF1E1"	269	"HiG"
"HiG_extraembryonicMesoderm"	327	"IMPDH1"	92	"HiG"
"HiG_extraembryonicMesoderm"	0	"TXNDC17"	269	"HiG"
"HiG_extraembryonicMesoderm"	320	"ZNRD2"	96.5	"HiG"
"HiG_extraembryonicMesoderm"	0	"MARCKSL1"	269	"HiG"
"HiG_extraembryonicMesoderm"	0	"FERMT2"	269	"HiG"
"HiG_extraembryonicMesoderm"	0	"TXNDC5"	269	"HiG"
"HiG_extraembryonicMesoderm"	12	"FAM162A"	165	"HiG"
"HiG_extraembryonicMesoderm"	48	"RBMS1"	141	"HiG"
"HiG_extraembryonicMesoderm"	0	"MTX2"	269	"HiG"
"HiG_extraembryonicMesoderm"	479	"SPCS2"	67	"HiG"
"HiG_extraembryonicMesoderm"	319	"RDX"	100.5	"HiG"
"HiG_extraembryonicMesoderm"	0	"CFL2"	269	"HiG"
"HiG_extraembryonicMesoderm"	0	"RCN2"	269	"HiG"
"HiG_extraembryonicMesoderm"	188	"TMSB10"	122	"HiG"
"HiG_extraembryonicMesoderm"	0	"SH3BGRL3"	269	"HiG"
"HiG_extraembryonicMesoderm"	19	"PSME2"	160	"HiG"
"HiG_extraembryonicMesoderm"	29	"GPATCH4"	155	"HiG"
"HiG_extraembryonicMesoderm"	307	"DUSP9"	104	"HiG"
"HiG_extraembryonicMesoderm"	52	"UBB"	139	"HiG"
"HiG_extraembryonicMesoderm"	0	"KRCC1"	269	"HiG"
"HiG_extraembryonicMesoderm"	0	"MORC4"	269	"HiG"
"HiG_extraembryonicMesoderm"	0	"BCAT1"	269	"HiG"
"HiG_extraembryonicMesoderm"	19	"NECTIN2"	160	"HiG"
"HiG_extraembryonicMesoderm"	0	"MACROH2A2"	269	"HiG"
"HiG_extraembryonicMesoderm"	191	"TMBIM6"	121	"HiG"
"HiG_extraembryonicMesoderm"	403	"HOXA7"	74	"HiG"
"HiG_extraembryonicMesoderm"	12	"IDH2"	165	"HiG"
"HiG_extraembryonicMesoderm"	43	"MTAP"	144	"HiG"
"HiG_extraembryonicMesoderm"	1	"UGDH"	189	"HiG"
"HiG_extraembryonicMesoderm"	3	"IGFBP4"	180	"HiG"
"HiG_extraembryonicMesoderm"	0	"UBE2R2"	269	"HiG"
"HiG_extraembryonicMesoderm"	230	"UGP2"	113	"HiG"
"HiG_extraembryonicMesoderm"	824	"CDX4"	42	"HiG"
"HiG_extraembryonicMesoderm"	876	"RHOC"	40	"HiG"
"HiG_extraembryonicMesoderm"	0	"GPX3"	269	"HiG"
"HiG_extraembryonicMesoderm"	183	"ITM2A"	124	"HiG"
"HiG_extraembryonicMesoderm"	459	"PMP22"	69	"HiG"
"HiG_extraembryonicMesoderm"	0	"LIMD2"	269	"HiG"
"HiG_extraembryonicMesoderm"	342	"EVA1B"	86	"HiG"
"HiG_extraembryonicMesoderm"	0	"YPEL3"	269	"HiG"
"HiG_extraembryonicMesoderm"	0	"TXNDC12"	269	"HiG"
"HiG_extraembryonicMesoderm"	0	"TNFAIP1"	269	"HiG"
"HiG_extraembryonicMesoderm"	0	"MANF"	269	"HiG"
"HiG_extraembryonicMesoderm"	0	"SELENOK"	269	"HiG"
"HiG_extraembryonicMesoderm"	0	"CDCA7"	269	"HiG"
"HiG_extraembryonicMesoderm"	0	"PLAC1"	269	"HiG"
"HiG_extraembryonicMesoderm"	0	"TSPAN3"	269	"HiG"
"HiG_extraembryonicMesoderm"	2	"GPC3"	183.5	"HiG"
"HiG_extraembryonicMesoderm"	0	"MTCH1"	269	"HiG"
"HiG_extraembryonicMesoderm"	0	"FOXF1"	269	"HiG"
"HiG_extraembryonicMesoderm"	0	"FSTL1"	269	"HiG"
"HiG_extraembryonicMesoderm"	83	"WLS"	135	"HiG"
"HiG_extraembryonicMesoderm"	0	"ABRACL"	269	"HiG"
"HiG_extraembryonicMesoderm"	0	"HDDC2"	269	"HiG"
"HiG_extraembryonicMesoderm"	0	"NUDT9"	269	"HiG"
"HiG_extraembryonicMesoderm"	0	"WDR74"	269	"HiG"
"HiG_extraembryonicMesoderm"	9	"KRTCAP2"	168	"HiG"
"HiG_extraembryonicMesoderm"	0	"RSPO3"	269	"HiG"
"HiG_extraembryonicMesoderm"	0	"BEX4"	269	"HiG"
"HiG_extraembryonicMesoderm"	0	"OAZ2"	269	"HiG"
"HiG_extraembryonicMesoderm"	0	"GREB1"	269	"HiG"
"HiG_extraembryonicMesoderm"	0	"WDR43"	269	"HiG"
"HiG_extraembryonicMesoderm"	0	"POLG"	269	"HiG"
"HiG_extraembryonicMesoderm"	34	"PHLDA2"	151	"HiG"
"HiG_extraembryonicMesoderm"	0	"PRDM6"	269	"HiG"
"HiG_extraembryonicMesoderm"	0	"PLPP3"	269	"HiG"
"HiG_extraembryonicMesoderm"	9	"WNT5A"	168	"HiG"
"HiG_extraembryonicMesoderm"	0	"PRTG"	269	"HiG"
"HiG_extraembryonicMesoderm"	0	"SGCE"	269	"HiG"
"HiG_extraembryonicMesoderm"	0	"CAPN6"	269	"HiG"
"HiG_extraembryonicMesoderm"	0	"SMTNL2"	269	"HiG"
"HiG_extraembryonicMesoderm"	80	"OSTC"	136	"HiG"
"HiG_extraembryonicMesoderm"	5	"RBPMS2"	176	"HiG"
"HiG_extraembryonicMesoderm"	0	"ARMH4"	269	"HiG"
"HiG_extraembryonicMesoderm"	0	"SOX11"	269	"HiG"
"HiG_extraembryonicMesoderm"	3	"GPX8"	180	"HiG"
"HiG_extraembryonicMesoderm"	0	"STARD3NL"	269	"HiG"
"HiG_extraembryonicMesoderm"	0	"CMTM7"	269	"HiG"
"HiG_extraembryonicMesoderm"	40	"GAS1"	146.5	"HiG"
"HiG_extraembryonicMesoderm"	0	"SALL4"	269	"HiG"
"HiG_extraembryonicMesoderm"	7	"HOXB2"	171.5	"HiG"
"HiG_extraembryonicMesoderm"	4	"TMEM88"	177.5	"HiG"
"HiG_extraembryonicMesoderm"	0	"AARD"	269	"HiG"
"HiG_extraembryonicMesoderm"	0	"BRI3"	269	"HiG"
"HiG_extraembryonicMesoderm"	0	"TBRG1"	269	"HiG"
"HiG_extraembryonicMesoderm"	0	"SELENOM"	269	"HiG"
"HiG_extraembryonicMesoderm"	320	"TSPAN4"	96.5	"HiG"
"HiG_extraembryonicMesoderm"	0	"RESF1"	269	"HiG"
"HiG_extraembryonicMesoderm"	0	"TMEM119"	269	"HiG"
"HiG_extraembryonicMesoderm"	357	"VCAN"	81	"HiG"
"HiG_extraembryonicMesoderm"	341	"IFITM1"	87	"HiG"
"HiG_extraembryonicMesoderm"	0	"SELENOH"	269	"HiG"
"HiG_extraembryonicMesoderm"	0	"RGS5"	269	"HiG"
"HiG_extraembryonicMesoderm"	0	"VGLL4"	269	"HiG"
"HiG_extraembryonicMesoderm"	0	"TWIST2"	269	"HiG"
"HiG_extraembryonicMesoderm"	0	"NUDT4"	269	"HiG"
"HiG_extraembryonicMesoderm"	0	"TMEM158"	269	"HiG"
"HiG_extraembryonicMesoderm"	0	"PIGX"	269	"HiG"
"HiG_extraembryonicMesoderm"	0	"TCEAL8"	269	"HiG"
"HiG_extraembryonicMesoderm"	0	"SLC38A4"	269	"HiG"
"HiG_extraembryonicMesoderm"	353	"PRRX2"	83	"HiG"
"HiG_extraembryonicMesoderm"	7	"HOXD1"	171.5	"HiG"
"HiG_extraembryonicMesoderm"	0	"MOGAT2"	269	"HiG"
"HiG_mesodermProgenitors"	0	"CITED2"	265	"HiG"
"HiG_mesodermProgenitors"	323	"GNAI2"	86	"HiG"
"HiG_mesodermProgenitors"	696	"C1QBP"	50	"HiG"
"HiG_mesodermProgenitors"	21	"ID3"	162.5	"HiG"
"HiG_mesodermProgenitors"	692	"LEF1"	51	"HiG"
"HiG_mesodermProgenitors"	1034	"MCM7"	32	"HiG"
"HiG_mesodermProgenitors"	0	"CITED1"	265	"HiG"
"HiG_mesodermProgenitors"	0	"CTBP2"	265	"HiG"
"HiG_mesodermProgenitors"	0	"PTRH2"	265	"HiG"
"HiG_mesodermProgenitors"	803	"ID2"	45	"HiG"
"HiG_mesodermProgenitors"	778	"SERPINH1"	48	"HiG"
"HiG_mesodermProgenitors"	564	"F11R"	60	"HiG"
"HiG_mesodermProgenitors"	54	"CADM1"	147	"HiG"
"HiG_mesodermProgenitors"	2882	"NEDD4"	13	"HiG"
"HiG_mesodermProgenitors"	16	"PRDX4"	166	"HiG"
"HiG_mesodermProgenitors"	165	"LSM2"	128	"HiG"
"HiG_mesodermProgenitors"	672	"CCNE1"	52	"HiG"
"HiG_mesodermProgenitors"	10	"ASF1A"	174	"HiG"
"HiG_mesodermProgenitors"	452	"BNIP3L"	70	"HiG"
"HiG_mesodermProgenitors"	36	"PTBP2"	152.5	"HiG"
"HiG_mesodermProgenitors"	335	"RBPMS"	83.5	"HiG"
"HiG_mesodermProgenitors"	0	"ITM2C"	265	"HiG"
"HiG_mesodermProgenitors"	3877	"HOXA1"	9	"HiG"
"HiG_mesodermProgenitors"	221	"HOXB6"	120	"HiG"
"HiG_mesodermProgenitors"	0	"DCTPP1"	265	"HiG"
"HiG_mesodermProgenitors"	0	"LLPH"	265	"HiG"
"HiG_mesodermProgenitors"	307	"BEX3"	98	"HiG"
"HiG_mesodermProgenitors"	69	"DUT"	142	"HiG"
"HiG_mesodermProgenitors"	0	"BEX2"	265	"HiG"
"HiG_mesodermProgenitors"	561	"HOXB9"	61	"HiG"
"HiG_mesodermProgenitors"	310	"GLUL"	92	"HiG"
"HiG_mesodermProgenitors"	9	"DUSP6"	176	"HiG"
"HiG_mesodermProgenitors"	1078	"RPS26"	30	"HiG"
"HiG_mesodermProgenitors"	27	"STMN2"	158.5	"HiG"
"HiG_mesodermProgenitors"	966	"CALM2"	36	"HiG"
"HiG_mesodermProgenitors"	2	"CCND2"	191.5	"HiG"
"HiG_mesodermProgenitors"	312	"ARL6IP1"	90	"HiG"
"HiG_mesodermProgenitors"	0	"PRPS1"	265	"HiG"
"HiG_mesodermProgenitors"	0	"PAFAH1B3"	265	"HiG"
"HiG_mesodermProgenitors"	174	"BNIP3"	126	"HiG"
"HiG_mesodermProgenitors"	11	"BCCIP"	171.5	"HiG"
"HiG_mesodermProgenitors"	459	"MCM5"	68	"HiG"
"HiG_mesodermProgenitors"	227	"RTN4"	118	"HiG"
"HiG_mesodermProgenitors"	1372	"RACK1"	26	"HiG"
"HiG_mesodermProgenitors"	21	"EXOSC7"	162.5	"HiG"
"HiG_mesodermProgenitors"	566	"RFC4"	59	"HiG"
"HiG_mesodermProgenitors"	0	"CTNNBIP1"	265	"HiG"
"HiG_mesodermProgenitors"	656	"EPHA5"	54	"HiG"
"HiG_mesodermProgenitors"	14832	"HSPA5"	1	"HiG"
"HiG_mesodermProgenitors"	291	"CDC20"	106	"HiG"
"HiG_mesodermProgenitors"	310	"TCEAL9"	92	"HiG"
"HiG_mesodermProgenitors"	456	"LYAR"	69	"HiG"
"HiG_mesodermProgenitors"	906	"FKBP4"	41	"HiG"
"HiG_mesodermProgenitors"	0	"PHLDA3"	265	"HiG"
"HiG_mesodermProgenitors"	76	"EZR"	140.5	"HiG"
"HiG_mesodermProgenitors"	386	"NASP"	79.5	"HiG"
"HiG_mesodermProgenitors"	0	"FBLN1"	265	"HiG"
"HiG_mesodermProgenitors"	1591	"PAICS"	22	"HiG"
"HiG_mesodermProgenitors"	235	"IGF2BP3"	116	"HiG"
"HiG_mesodermProgenitors"	443	"FSCN1"	72	"HiG"
"HiG_mesodermProgenitors"	957	"SNRPF"	38	"HiG"
"HiG_mesodermProgenitors"	31	"NOLC1"	156	"HiG"
"HiG_mesodermProgenitors"	0	"PPAN"	265	"HiG"
"HiG_mesodermProgenitors"	0	"DDT"	265	"HiG"
"HiG_mesodermProgenitors"	23	"SFXN1"	161	"HiG"
"HiG_mesodermProgenitors"	182	"G3BP2"	125	"HiG"
"HiG_mesodermProgenitors"	198	"HNRNPH3"	123	"HiG"
"HiG_mesodermProgenitors"	170	"EBNA1BP2"	127	"HiG"
"HiG_mesodermProgenitors"	2596	"PA2G4"	14	"HiG"
"HiG_mesodermProgenitors"	3196	"PDIA6"	10	"HiG"
"HiG_mesodermProgenitors"	1001	"MEST"	35	"HiG"
"HiG_mesodermProgenitors"	7810	"NCL"	3	"HiG"
"HiG_mesodermProgenitors"	320	"FABP5"	88	"HiG"
"HiG_mesodermProgenitors"	1407	"H2AX"	25	"HiG"
"HiG_mesodermProgenitors"	854	"CBX1"	42	"HiG"
"HiG_mesodermProgenitors"	233	"CCND1"	117	"HiG"
"HiG_mesodermProgenitors"	309	"MAPK3"	94	"HiG"
"HiG_mesodermProgenitors"	282	"LSR"	109	"HiG"
"HiG_mesodermProgenitors"	0	"PTOV1"	265	"HiG"
"HiG_mesodermProgenitors"	3900	"ENO1"	8	"HiG"
"HiG_mesodermProgenitors"	5639	"CALM1"	5	"HiG"
"HiG_mesodermProgenitors"	238	"MAP1B"	115	"HiG"
"HiG_mesodermProgenitors"	5128	"HSP90AA1"	6	"HiG"
"HiG_mesodermProgenitors"	290	"POLR1D"	107	"HiG"
"HiG_mesodermProgenitors"	0	"DNMT3B"	265	"HiG"
"HiG_mesodermProgenitors"	0	"TSEN34"	265	"HiG"
"HiG_mesodermProgenitors"	1806	"PCNA"	17	"HiG"
"HiG_mesodermProgenitors"	262	"ID1"	112	"HiG"
"HiG_mesodermProgenitors"	215	"RALA"	121.5	"HiG"
"HiG_mesodermProgenitors"	0	"DBN1"	265	"HiG"
"HiG_mesodermProgenitors"	0	"APOE"	265	"HiG"
"HiG_mesodermProgenitors"	335	"PAK1"	83.5	"HiG"
"HiG_mesodermProgenitors"	257	"STMN1"	113	"HiG"
"HiG_mesodermProgenitors"	0	"CNPY2"	265	"HiG"
"HiG_mesodermProgenitors"	0	"GAP43"	265	"HiG"
"HiG_mesodermProgenitors"	3154	"GJA1"	11	"HiG"
"HiG_mesodermProgenitors"	601	"SAP30"	57	"HiG"
"HiG_mesodermProgenitors"	449	"E2F4"	71	"HiG"
"HiG_mesodermProgenitors"	662	"NCAM1"	53	"HiG"
"HiG_mesodermProgenitors"	832	"HMGA2"	44	"HiG"
"HiG_mesodermProgenitors"	708	"DEK"	49	"HiG"
"HiG_mesodermProgenitors"	2042	"RBBP7"	15	"HiG"
"HiG_mesodermProgenitors"	612	"CDX2"	56	"HiG"
"HiG_mesodermProgenitors"	0	"HES1"	265	"HiG"
"HiG_mesodermProgenitors"	241	"MSX1"	114	"HiG"
"HiG_mesodermProgenitors"	0	"CRMP1"	265	"HiG"
"HiG_mesodermProgenitors"	0	"EMG1"	265	"HiG"
"HiG_mesodermProgenitors"	1446	"CD81"	23	"HiG"
"HiG_mesodermProgenitors"	1	"FXYD6"	197.5	"HiG"
"HiG_mesodermProgenitors"	1707	"DKC1"	18	"HiG"
"HiG_mesodermProgenitors"	1153	"PTN"	28	"HiG"
"HiG_mesodermProgenitors"	347	"MDH1"	82	"HiG"
"HiG_mesodermProgenitors"	7	"OAT"	177	"HiG"
"HiG_mesodermProgenitors"	321	"PMAIP1"	87	"HiG"
"HiG_mesodermProgenitors"	2	"NIPSNAP1"	191.5	"HiG"
"HiG_mesodermProgenitors"	0	"JPT1"	265	"HiG"
"HiG_mesodermProgenitors"	0	"SPTSSA"	265	"HiG"
"HiG_mesodermProgenitors"	0	"LAPTM4A"	265	"HiG"
"HiG_mesodermProgenitors"	2	"ATP6V1F"	191.5	"HiG"
"HiG_mesodermProgenitors"	0	"PLGRKT"	265	"HiG"
"HiG_mesodermProgenitors"	10	"MLLT3"	174	"HiG"
"HiG_mesodermProgenitors"	30	"PIM1"	157	"HiG"
"HiG_mesodermProgenitors"	1427	"TRIM28"	24	"HiG"
"HiG_mesodermProgenitors"	0	"ARL3"	265	"HiG"
"HiG_mesodermProgenitors"	3	"GSTO1"	184.5	"HiG"
"HiG_mesodermProgenitors"	9131	"HSPD1"	2	"HiG"
"HiG_mesodermProgenitors"	3	"PDGFA"	184.5	"HiG"
"HiG_mesodermProgenitors"	2	"NEFL"	191.5	"HiG"
"HiG_mesodermProgenitors"	86	"GAR1"	137	"HiG"
"HiG_mesodermProgenitors"	14	"POLR2F"	169	"HiG"
"HiG_mesodermProgenitors"	386	"ACVR2B"	79.5	"HiG"
"HiG_mesodermProgenitors"	42	"TEAD2"	150	"HiG"
"HiG_mesodermProgenitors"	0	"HOXC4"	265	"HiG"
"HiG_mesodermProgenitors"	36	"ARID3B"	152.5	"HiG"
"HiG_mesodermProgenitors"	18	"SLC2A1"	164	"HiG"
"HiG_mesodermProgenitors"	0	"BEX1"	265	"HiG"
"HiG_mesodermProgenitors"	17	"HOXB1"	165	"HiG"
"HiG_mesodermProgenitors"	0	"ARL4A"	265	"HiG"
"HiG_mesodermProgenitors"	319	"MDK"	89	"HiG"
"HiG_mesodermProgenitors"	1125	"FST"	29	"HiG"
"HiG_mesodermProgenitors"	1039	"MARCKS"	31	"HiG"
"HiG_mesodermProgenitors"	2004	"HOXC8"	16	"HiG"
"HiG_mesodermProgenitors"	0	"NR6A1"	265	"HiG"
"HiG_mesodermProgenitors"	393	"ARF4"	77	"HiG"
"HiG_mesodermProgenitors"	0	"HOXB8"	265	"HiG"
"HiG_mesodermProgenitors"	1682	"PDIA4"	19	"HiG"
"HiG_mesodermProgenitors"	147	"RAB6A"	132	"HiG"
"HiG_mesodermProgenitors"	13	"TPM4"	170	"HiG"
"HiG_mesodermProgenitors"	0	"CSRP2"	265	"HiG"
"HiG_mesodermProgenitors"	0	"FHL1"	265	"HiG"
"HiG_mesodermProgenitors"	0	"TPD52"	265	"HiG"
"HiG_mesodermProgenitors"	0	"MPZL1"	265	"HiG"
"HiG_mesodermProgenitors"	3	"EFNA4"	184.5	"HiG"
"HiG_mesodermProgenitors"	0	"RFC3"	265	"HiG"
"HiG_mesodermProgenitors"	546	"FGF8"	63	"HiG"
"HiG_mesodermProgenitors"	222	"PSIP1"	119	"HiG"
"HiG_mesodermProgenitors"	15	"SNX6"	167.5	"HiG"
"HiG_mesodermProgenitors"	1215	"GNL3"	27	"HiG"
"HiG_mesodermProgenitors"	560	"PCLAF"	62	"HiG"
"HiG_mesodermProgenitors"	140	"GMPS"	133	"HiG"
"HiG_mesodermProgenitors"	156	"MACROH2A1"	130	"HiG"
"HiG_mesodermProgenitors"	0	"UMPS"	265	"HiG"
"HiG_mesodermProgenitors"	2896	"TUBA1A"	12	"HiG"
"HiG_mesodermProgenitors"	0	"TXNL4A"	265	"HiG"
"HiG_mesodermProgenitors"	62	"NOP10"	145	"HiG"
"HiG_mesodermProgenitors"	197	"NHP2"	124	"HiG"
"HiG_mesodermProgenitors"	0	"MYL12B"	265	"HiG"
"HiG_mesodermProgenitors"	509	"ANP32B"	65	"HiG"
"HiG_mesodermProgenitors"	390	"HNRNPDL"	78	"HiG"
"HiG_mesodermProgenitors"	44	"UBE2D1"	149	"HiG"
"HiG_mesodermProgenitors"	0	"PAIP2"	265	"HiG"
"HiG_mesodermProgenitors"	279	"MKRN1"	110	"HiG"
"HiG_mesodermProgenitors"	0	"ETV4"	265	"HiG"
"HiG_mesodermProgenitors"	0	"WDR12"	265	"HiG"
"HiG_mesodermProgenitors"	215	"RBP1"	121.5	"HiG"
"HiG_mesodermProgenitors"	1	"CDCA7L"	197.5	"HiG"
"HiG_mesodermProgenitors"	912	"HAT1"	40	"HiG"
"HiG_mesodermProgenitors"	0	"CNN3"	265	"HiG"
"HiG_mesodermProgenitors"	27	"H2AZ2"	158.5	"HiG"
"HiG_mesodermProgenitors"	643	"RARG"	55	"HiG"
"HiG_mesodermProgenitors"	0	"MFGE8"	265	"HiG"
"HiG_mesodermProgenitors"	5	"DDX18"	180	"HiG"
"HiG_mesodermProgenitors"	1607	"NOP56"	21	"HiG"
"HiG_mesodermProgenitors"	0	"ASPSCR1"	265	"HiG"
"HiG_mesodermProgenitors"	0	"DCAKD"	265	"HiG"
"HiG_mesodermProgenitors"	6469	"SOX2"	4	"HiG"
"HiG_mesodermProgenitors"	0	"PTK7"	265	"HiG"
"HiG_mesodermProgenitors"	0	"IER2"	265	"HiG"
"HiG_mesodermProgenitors"	414	"TPI1"	74	"HiG"
"HiG_mesodermProgenitors"	394	"GRSF1"	76	"HiG"
"HiG_mesodermProgenitors"	34	"HSD17B10"	154.5	"HiG"
"HiG_mesodermProgenitors"	47	"SOX4"	148	"HiG"
"HiG_mesodermProgenitors"	520	"MYCN"	64	"HiG"
"HiG_mesodermProgenitors"	4551	"YWHAQ"	7	"HiG"
"HiG_mesodermProgenitors"	56	"IMPDH2"	146	"HiG"
"HiG_mesodermProgenitors"	0	"ARMC10"	265	"HiG"
"HiG_mesodermProgenitors"	0	"HMGN3"	265	"HiG"
"HiG_mesodermProgenitors"	0	"PNRC1"	265	"HiG"
"HiG_mesodermProgenitors"	1005	"EBP"	34	"HiG"
"HiG_mesodermProgenitors"	307	"DBI"	98	"HiG"
"HiG_mesodermProgenitors"	0	"TTC3"	265	"HiG"
"HiG_mesodermProgenitors"	0	"CRABP1"	265	"HiG"
"HiG_mesodermProgenitors"	0	"JPT2"	265	"HiG"
"HiG_mesodermProgenitors"	0	"EVX1"	265	"HiG"
"HiG_mesodermProgenitors"	0	"SEMA6A"	265	"HiG"
"HiG_mesodermProgenitors"	1	"HOXB4"	197.5	"HiG"
"HiG_mesodermProgenitors"	5	"BASP1"	180	"HiG"
"HiG_mesodermProgenitors"	150	"RSL1D1"	131	"HiG"
"HiG_mesodermProgenitors"	349	"GART"	81	"HiG"
"HiG_mesodermProgenitors"	76	"RRS1"	140.5	"HiG"
"HiG_mesodermProgenitors"	0	"RCL1"	265	"HiG"
"HiG_mesodermProgenitors"	0	"LAPTM4B"	265	"HiG"
"HiG_mesodermProgenitors"	308	"SRM"	95	"HiG"
"HiG_mesodermProgenitors"	461	"LDHB"	67	"HiG"
"HiG_mesodermProgenitors"	0	"ACOT7"	265	"HiG"
"HiG_mesodermProgenitors"	82	"CRABP2"	139	"HiG"
"HiG_mesodermProgenitors"	0	"RAB34"	265	"HiG"
"HiG_mesodermProgenitors"	1023	"PIMREG"	33	"HiG"
"HiG_mesodermProgenitors"	790	"LIN28A"	46	"HiG"
"HiG_mesodermProgenitors"	0	"PLP2"	265	"HiG"
"HiG_mesodermProgenitors"	0	"PCBP4"	265	"HiG"
"HiG_mesodermProgenitors"	0	"TBCB"	265	"HiG"
"HiG_mesodermProgenitors"	3	"UBQLN2"	184.5	"HiG"
"HiG_mesodermProgenitors"	0	"SKAP2"	265	"HiG"
"HiG_mesodermProgenitors"	64	"TUBB6"	144	"HiG"
"HiG_mesodermProgenitors"	0	"EEF1E1"	265	"HiG"
"HiG_mesodermProgenitors"	600	"ZNRD2"	58	"HiG"
"HiG_mesodermProgenitors"	15	"MARCKSL1"	167.5	"HiG"
"HiG_mesodermProgenitors"	3	"FERMT2"	184.5	"HiG"
"HiG_mesodermProgenitors"	0	"CYSTM1"	265	"HiG"
"HiG_mesodermProgenitors"	0	"TXNDC5"	265	"HiG"
"HiG_mesodermProgenitors"	0	"LRRC42"	265	"HiG"
"HiG_mesodermProgenitors"	434	"RANGRF"	73	"HiG"
"HiG_mesodermProgenitors"	294	"SPCS2"	105	"HiG"
"HiG_mesodermProgenitors"	0	"CFL2"	265	"HiG"
"HiG_mesodermProgenitors"	949	"RCN2"	39	"HiG"
"HiG_mesodermProgenitors"	0	"SH3BGRL"	265	"HiG"
"HiG_mesodermProgenitors"	300	"TMSB10"	103	"HiG"
"HiG_mesodermProgenitors"	0	"SNX5"	265	"HiG"
"HiG_mesodermProgenitors"	0	"GPATCH4"	265	"HiG"
"HiG_mesodermProgenitors"	0	"TUBB2B"	265	"HiG"
"HiG_mesodermProgenitors"	960	"EPHA1"	37	"HiG"
"HiG_mesodermProgenitors"	39	"BCAT1"	151	"HiG"
"HiG_mesodermProgenitors"	287	"TECR"	108	"HiG"
"HiG_mesodermProgenitors"	65	"IGFBP2"	143	"HiG"
"HiG_mesodermProgenitors"	160	"CDX1"	129	"HiG"
"HiG_mesodermProgenitors"	1665	"PPID"	20	"HiG"
"HiG_mesodermProgenitors"	0	"CENPW"	265	"HiG"
"HiG_mesodermProgenitors"	24	"MACROH2A2"	160	"HiG"
"HiG_mesodermProgenitors"	298	"TMBIM6"	104	"HiG"
"HiG_mesodermProgenitors"	852	"HOXA7"	43	"HiG"
"HiG_mesodermProgenitors"	3	"IDH2"	184.5	"HiG"
"HiG_mesodermProgenitors"	10	"MTAP"	174	"HiG"
"HiG_mesodermProgenitors"	0	"GCAT"	265	"HiG"
"HiG_mesodermProgenitors"	310	"FOXB1"	92	"HiG"
"HiG_mesodermProgenitors"	0	"DPH3"	265	"HiG"
"HiG_mesodermProgenitors"	34	"MGST1"	154.5	"HiG"
"HiG_mesodermProgenitors"	0	"ALPL"	265	"HiG"
"HiG_mesodermProgenitors"	0	"SMS"	265	"HiG"
"HiG_mesodermProgenitors"	0	"NMRAL1"	265	"HiG"
"HiG_mesodermProgenitors"	786	"CDX4"	47	"HiG"
"HiG_mesodermProgenitors"	11	"SPINT2"	171.5	"HiG"
"HiG_mesodermProgenitors"	0	"CCNJL"	265	"HiG"
"HiG_mesodermProgenitors"	0	"TMSB4X"	265	"HiG"
"HiG_mesodermProgenitors"	0	"LIMD2"	265	"HiG"
"HiG_mesodermProgenitors"	0	"TXNDC12"	265	"HiG"
"HiG_mesodermProgenitors"	0	"EPOP"	265	"HiG"
"HiG_mesodermProgenitors"	0	"TNFAIP1"	265	"HiG"
"HiG_mesodermProgenitors"	0	"PYCR1"	265	"HiG"
"HiG_mesodermProgenitors"	0	"RRAGD"	265	"HiG"
"HiG_mesodermProgenitors"	136	"CDCA7"	134	"HiG"
"HiG_mesodermProgenitors"	307	"EMB"	98	"HiG"
"HiG_mesodermProgenitors"	306	"TSPAN3"	101.5	"HiG"
"HiG_mesodermProgenitors"	83	"GPC3"	138	"HiG"
"HiG_mesodermProgenitors"	307	"MTCH1"	98	"HiG"
"HiG_mesodermProgenitors"	2	"TMEM59"	191.5	"HiG"
"HiG_mesodermProgenitors"	0	"FSTL1"	265	"HiG"
"HiG_mesodermProgenitors"	0	"IFT74"	265	"HiG"
"HiG_mesodermProgenitors"	0	"GJC1"	265	"HiG"
"HiG_mesodermProgenitors"	307	"WLS"	98	"HiG"
"HiG_mesodermProgenitors"	0	"HMGN5"	265	"HiG"
"HiG_mesodermProgenitors"	2	"TIMM8B"	191.5	"HiG"
"HiG_mesodermProgenitors"	0	"RSPO3"	265	"HiG"
"HiG_mesodermProgenitors"	0	"BEX4"	265	"HiG"
"HiG_mesodermProgenitors"	0	"GREB1"	265	"HiG"
"HiG_mesodermProgenitors"	0	"WDR43"	265	"HiG"
"HiG_mesodermProgenitors"	2	"COX7C"	191.5	"HiG"
"HiG_mesodermProgenitors"	6	"FGF17"	178	"HiG"
"HiG_mesodermProgenitors"	0	"PRTG"	265	"HiG"
"HiG_mesodermProgenitors"	0	"MYCL"	265	"HiG"
"HiG_mesodermProgenitors"	493	"ZCRB1"	66	"HiG"
"HiG_mesodermProgenitors"	0	"SMTNL2"	265	"HiG"
"HiG_mesodermProgenitors"	0	"RBPMS2"	265	"HiG"
"HiG_mesodermProgenitors"	0	"SOX11"	265	"HiG"
"HiG_mesodermProgenitors"	0	"STARD3NL"	265	"HiG"
"HiG_mesodermProgenitors"	0	"MNS1"	265	"HiG"
"HiG_mesodermProgenitors"	0	"CMTM7"	265	"HiG"
"HiG_mesodermProgenitors"	411	"CYP26A1"	75	"HiG"
"HiG_mesodermProgenitors"	0	"SMIM3"	265	"HiG"
"HiG_mesodermProgenitors"	0	"NKD1"	265	"HiG"
"HiG_mesodermProgenitors"	0	"IGDCC3"	265	"HiG"
"HiG_mesodermProgenitors"	0	"SALL4"	265	"HiG"
"HiG_mesodermProgenitors"	0	"HOXB2"	265	"HiG"
"HiG_mesodermProgenitors"	0	"SNX10"	265	"HiG"
"HiG_mesodermProgenitors"	0	"MEIS3"	265	"HiG"
"HiG_mesodermProgenitors"	0	"HES7"	265	"HiG"
"HiG_mesodermProgenitors"	0	"SYCE2"	265	"HiG"
"HiG_mesodermProgenitors"	0	"ACER2"	265	"HiG"
"HiG_mesodermProgenitors"	0	"MFAP2"	265	"HiG"
"HiG_mesodermProgenitors"	0	"RASGRP2"	265	"HiG"
"HiG_mesodermProgenitors"	0	"LHPP"	265	"HiG"
"HiG_mesodermProgenitors"	129	"IFITM1"	135	"HiG"
"HiG_mesodermProgenitors"	1	"TSPAN6"	197.5	"HiG"
"HiG_mesodermProgenitors"	0	"SELENOH"	265	"HiG"
"HiG_mesodermProgenitors"	330	"DLL3"	85	"HiG"
"HiG_mesodermProgenitors"	0	"HES3"	265	"HiG"
"HiG_mesodermProgenitors"	2	"UNG"	191.5	"HiG"
"HiG_mesodermProgenitors"	0	"TCEA3"	265	"HiG"
"HiG_mesodermProgenitors"	0	"SP5"	265	"HiG"
"HiG_mesodermProgenitors"	0	"PIGX"	265	"HiG"
"HiG_mesodermProgenitors"	0	"NKX1-2"	265	"HiG"
"HiG_mesodermProgenitors"	269	"TGIF1"	111	"HiG"
"HiG_mesodermProgenitors"	0	"TCEAL8"	265	"HiG"
"HiG_mesodermProgenitors"	89	"WNT3A"	136	"HiG"
"HiG_mesodermProgenitors"	0	"MOGAT2"	265	"HiG"
"HiG_mesodermProgenitors"	0	"WNT5B"	265	"HiG"
"HiG_mesodermProgenitors"	5	"ZYX"	180	"HiG"
"HiG_mesodermProgenitors"	306	"WFDC2"	101.5	"HiG"
"HiG_mesodermProgenitors"	0	"TSPAN13"	265	"HiG"
"HiG_mesodermProgenitors"	0	"FGFBP3"	265	"HiG"
"HiG_mixedMesoderm.a"	0	"CITED2"	250.5	"HiG"
"HiG_mixedMesoderm.a"	0	"P4HA2"	250.5	"HiG"
"HiG_mixedMesoderm.a"	717	"C1QBP"	49	"HiG"
"HiG_mixedMesoderm.a"	4	"ID3"	175	"HiG"
"HiG_mixedMesoderm.a"	37	"LEF1"	148	"HiG"
"HiG_mixedMesoderm.a"	180	"MCM7"	120	"HiG"
"HiG_mixedMesoderm.a"	286	"RAP1A"	99	"HiG"
"HiG_mixedMesoderm.a"	1344	"CITED1"	23	"HiG"
"HiG_mixedMesoderm.a"	40	"MAGED1"	145.5	"HiG"
"HiG_mixedMesoderm.a"	1543	"NDN"	20	"HiG"
"HiG_mixedMesoderm.a"	410	"ID2"	70	"HiG"
"HiG_mixedMesoderm.a"	8	"CDKN1C"	163	"HiG"
"HiG_mixedMesoderm.a"	496	"SERPINH1"	66	"HiG"
"HiG_mixedMesoderm.a"	10	"F11R"	162	"HiG"
"HiG_mixedMesoderm.a"	0	"CADM1"	250.5	"HiG"
"HiG_mixedMesoderm.a"	1158	"NEDD4"	30	"HiG"
"HiG_mixedMesoderm.a"	0	"PRDX4"	250.5	"HiG"
"HiG_mixedMesoderm.a"	19	"LSM2"	160	"HiG"
"HiG_mixedMesoderm.a"	24	"CCNE1"	158	"HiG"
"HiG_mixedMesoderm.a"	307	"ASF1A"	84	"HiG"
"HiG_mixedMesoderm.a"	1055	"RBPMS"	34	"HiG"
"HiG_mixedMesoderm.a"	4	"ITM2C"	175	"HiG"
"HiG_mixedMesoderm.a"	1127	"HOXA1"	31	"HiG"
"HiG_mixedMesoderm.a"	0	"HOXB6"	250.5	"HiG"
"HiG_mixedMesoderm.a"	0	"DCTPP1"	250.5	"HiG"
"HiG_mixedMesoderm.a"	0	"LLPH"	250.5	"HiG"
"HiG_mixedMesoderm.a"	577	"BEX3"	53	"HiG"
"HiG_mixedMesoderm.a"	152	"PDLIM7"	123	"HiG"
"HiG_mixedMesoderm.a"	6938	"KRT18"	2	"HiG"
"HiG_mixedMesoderm.a"	0	"BAMBI"	250.5	"HiG"
"HiG_mixedMesoderm.a"	576	"ACTN1"	54	"HiG"
"HiG_mixedMesoderm.a"	0	"PDLIM4"	250.5	"HiG"
"HiG_mixedMesoderm.a"	144	"DUT"	124	"HiG"
"HiG_mixedMesoderm.a"	0	"BEX2"	250.5	"HiG"
"HiG_mixedMesoderm.a"	864	"HOXB9"	40	"HiG"
"HiG_mixedMesoderm.a"	6	"RPS26"	168	"HiG"
"HiG_mixedMesoderm.a"	0	"CCND2"	250.5	"HiG"
"HiG_mixedMesoderm.a"	4	"ARL6IP1"	175	"HiG"
"HiG_mixedMesoderm.a"	0	"PAFAH1B3"	250.5	"HiG"
"HiG_mixedMesoderm.a"	0	"BCCIP"	250.5	"HiG"
"HiG_mixedMesoderm.a"	283	"RTN4"	100	"HiG"
"HiG_mixedMesoderm.a"	89	"EXOSC7"	130.5	"HiG"
"HiG_mixedMesoderm.a"	0	"CTNNBIP1"	250.5	"HiG"
"HiG_mixedMesoderm.a"	15245	"HSPA5"	1	"HiG"
"HiG_mixedMesoderm.a"	306	"CDC20"	85.5	"HiG"
"HiG_mixedMesoderm.a"	0	"TCEAL9"	250.5	"HiG"
"HiG_mixedMesoderm.a"	859	"PHB2"	41	"HiG"
"HiG_mixedMesoderm.a"	554	"LYAR"	57	"HiG"
"HiG_mixedMesoderm.a"	871	"FKBP4"	39	"HiG"
"HiG_mixedMesoderm.a"	631	"NASP"	51	"HiG"
"HiG_mixedMesoderm.a"	382	"FBLN1"	74	"HiG"
"HiG_mixedMesoderm.a"	837	"PAICS"	45	"HiG"
"HiG_mixedMesoderm.a"	6	"IGF2BP3"	168	"HiG"
"HiG_mixedMesoderm.a"	3	"FSCN1"	180.5	"HiG"
"HiG_mixedMesoderm.a"	0	"DYNLL1"	250.5	"HiG"
"HiG_mixedMesoderm.a"	3	"NOLC1"	180.5	"HiG"
"HiG_mixedMesoderm.a"	2	"PPAN"	185	"HiG"
"HiG_mixedMesoderm.a"	0	"DDT"	250.5	"HiG"
"HiG_mixedMesoderm.a"	297	"SFXN1"	89.5	"HiG"
"HiG_mixedMesoderm.a"	5	"G3BP2"	170.5	"HiG"
"HiG_mixedMesoderm.a"	0	"HNRNPH3"	250.5	"HiG"
"HiG_mixedMesoderm.a"	887	"EBNA1BP2"	38	"HiG"
"HiG_mixedMesoderm.a"	425	"PA2G4"	69	"HiG"
"HiG_mixedMesoderm.a"	2259	"PDIA6"	14	"HiG"
"HiG_mixedMesoderm.a"	0	"MEST"	250.5	"HiG"
"HiG_mixedMesoderm.a"	4270	"NCL"	6	"HiG"
"HiG_mixedMesoderm.a"	1024	"DDX21"	36	"HiG"
"HiG_mixedMesoderm.a"	848	"H2AX"	43	"HiG"
"HiG_mixedMesoderm.a"	692	"CBX1"	50	"HiG"
"HiG_mixedMesoderm.a"	506	"CCND1"	64	"HiG"
"HiG_mixedMesoderm.a"	330	"MAPK3"	81	"HiG"
"HiG_mixedMesoderm.a"	0	"LSR"	250.5	"HiG"
"HiG_mixedMesoderm.a"	0	"PTOV1"	250.5	"HiG"
"HiG_mixedMesoderm.a"	5975	"HSP90AA1"	3	"HiG"
"HiG_mixedMesoderm.a"	273	"POLR1D"	102.5	"HiG"
"HiG_mixedMesoderm.a"	40	"TSEN34"	145.5	"HiG"
"HiG_mixedMesoderm.a"	375	"ID1"	75	"HiG"
"HiG_mixedMesoderm.a"	5415	"BMP4"	4	"HiG"
"HiG_mixedMesoderm.a"	134	"NIP7"	125	"HiG"
"HiG_mixedMesoderm.a"	526	"HAND1"	59	"HiG"
"HiG_mixedMesoderm.a"	112	"RALA"	129	"HiG"
"HiG_mixedMesoderm.a"	0	"PFN2"	250.5	"HiG"
"HiG_mixedMesoderm.a"	437	"DBN1"	68	"HiG"
"HiG_mixedMesoderm.a"	34	"JAM3"	149.5	"HiG"
"HiG_mixedMesoderm.a"	0	"CNPY2"	250.5	"HiG"
"HiG_mixedMesoderm.a"	190	"GJA1"	119	"HiG"
"HiG_mixedMesoderm.a"	510	"SAP30"	61.5	"HiG"
"HiG_mixedMesoderm.a"	389	"E2F4"	73	"HiG"
"HiG_mixedMesoderm.a"	1232	"HMGA2"	28	"HiG"
"HiG_mixedMesoderm.a"	287	"MAT2A"	98	"HiG"
"HiG_mixedMesoderm.a"	295	"DEK"	91	"HiG"
"HiG_mixedMesoderm.a"	4762	"HSP90B1"	5	"HiG"
"HiG_mixedMesoderm.a"	600	"CDX2"	52	"HiG"
"HiG_mixedMesoderm.a"	44	"HES1"	141	"HiG"
"HiG_mixedMesoderm.a"	113	"MSX1"	128	"HiG"
"HiG_mixedMesoderm.a"	2	"ADH5"	185	"HiG"
"HiG_mixedMesoderm.a"	458	"ALDH2"	67	"HiG"
"HiG_mixedMesoderm.a"	1	"EMG1"	189.5	"HiG"
"HiG_mixedMesoderm.a"	1034	"CD81"	35	"HiG"
"HiG_mixedMesoderm.a"	1656	"DKC1"	19	"HiG"
"HiG_mixedMesoderm.a"	269	"OAT"	104	"HiG"
"HiG_mixedMesoderm.a"	0	"SPTSSA"	250.5	"HiG"
"HiG_mixedMesoderm.a"	0	"LAPTM4A"	250.5	"HiG"
"HiG_mixedMesoderm.a"	3413	"VIM"	9	"HiG"
"HiG_mixedMesoderm.a"	0	"RRAS2"	250.5	"HiG"
"HiG_mixedMesoderm.a"	856	"TRIM28"	42	"HiG"
"HiG_mixedMesoderm.a"	0	"ARL3"	250.5	"HiG"
"HiG_mixedMesoderm.a"	0	"GSTO1"	250.5	"HiG"
"HiG_mixedMesoderm.a"	2451	"HSPD1"	13	"HiG"
"HiG_mixedMesoderm.a"	323	"CD63"	82	"HiG"
"HiG_mixedMesoderm.a"	0	"SCT"	250.5	"HiG"
"HiG_mixedMesoderm.a"	0	"ITGB5"	250.5	"HiG"
"HiG_mixedMesoderm.a"	290	"GAR1"	95	"HiG"
"HiG_mixedMesoderm.a"	0	"POLR2F"	250.5	"HiG"
"HiG_mixedMesoderm.a"	527	"ACVR2B"	58	"HiG"
"HiG_mixedMesoderm.a"	2181	"NRP1"	15	"HiG"
"HiG_mixedMesoderm.a"	1468	"FN1"	21	"HiG"
"HiG_mixedMesoderm.a"	26	"TEAD2"	155.5	"HiG"
"HiG_mixedMesoderm.a"	3902	"KRT8"	8	"HiG"
"HiG_mixedMesoderm.a"	2036	"APEX1"	16	"HiG"
"HiG_mixedMesoderm.a"	167	"S100A11"	121	"HiG"
"HiG_mixedMesoderm.a"	0	"BEX1"	250.5	"HiG"
"HiG_mixedMesoderm.a"	3	"HOXB1"	180.5	"HiG"
"HiG_mixedMesoderm.a"	833	"SPARC"	46	"HiG"
"HiG_mixedMesoderm.a"	6	"HOXD9"	168	"HiG"
"HiG_mixedMesoderm.a"	157	"HMGN1"	122	"HiG"
"HiG_mixedMesoderm.a"	4	"MDK"	175	"HiG"
"HiG_mixedMesoderm.a"	65	"MARCKS"	136	"HiG"
"HiG_mixedMesoderm.a"	1812	"HOXC8"	18	"HiG"
"HiG_mixedMesoderm.a"	0	"NR6A1"	250.5	"HiG"
"HiG_mixedMesoderm.a"	520	"ARF4"	60	"HiG"
"HiG_mixedMesoderm.a"	34	"HOXB8"	149.5	"HiG"
"HiG_mixedMesoderm.a"	0	"PDIA4"	250.5	"HiG"
"HiG_mixedMesoderm.a"	0	"PEG3"	250.5	"HiG"
"HiG_mixedMesoderm.a"	0	"COL9A1"	250.5	"HiG"
"HiG_mixedMesoderm.a"	4	"TPM4"	175	"HiG"
"HiG_mixedMesoderm.a"	339	"CSRP2"	79.5	"HiG"
"HiG_mixedMesoderm.a"	1	"FHL1"	189.5	"HiG"
"HiG_mixedMesoderm.a"	0	"MPZL1"	250.5	"HiG"
"HiG_mixedMesoderm.a"	776	"CALD1"	47	"HiG"
"HiG_mixedMesoderm.a"	0	"CCN1"	250.5	"HiG"
"HiG_mixedMesoderm.a"	505	"PSIP1"	65	"HiG"
"HiG_mixedMesoderm.a"	0	"SNX6"	250.5	"HiG"
"HiG_mixedMesoderm.a"	391	"TPM1"	72	"HiG"
"HiG_mixedMesoderm.a"	84	"GNL3"	133	"HiG"
"HiG_mixedMesoderm.a"	3348	"MSX2"	10	"HiG"
"HiG_mixedMesoderm.a"	2938	"DLK1"	11	"HiG"
"HiG_mixedMesoderm.a"	33	"PCLAF"	151.5	"HiG"
"HiG_mixedMesoderm.a"	194	"MACROH2A1"	117.5	"HiG"
"HiG_mixedMesoderm.a"	209	"ARG1"	114	"HiG"
"HiG_mixedMesoderm.a"	0	"UMPS"	250.5	"HiG"
"HiG_mixedMesoderm.a"	2628	"TUBA1A"	12	"HiG"
"HiG_mixedMesoderm.a"	0	"TXNL4A"	250.5	"HiG"
"HiG_mixedMesoderm.a"	0	"CKAP4"	250.5	"HiG"
"HiG_mixedMesoderm.a"	85	"NOP10"	132	"HiG"
"HiG_mixedMesoderm.a"	507	"NHP2"	63	"HiG"
"HiG_mixedMesoderm.a"	0	"MYL12B"	250.5	"HiG"
"HiG_mixedMesoderm.a"	4	"ANP32B"	175	"HiG"
"HiG_mixedMesoderm.a"	510	"HNRNPDL"	61.5	"HiG"
"HiG_mixedMesoderm.a"	751	"NOP58"	48	"HiG"
"HiG_mixedMesoderm.a"	124	"HELLS"	127	"HiG"
"HiG_mixedMesoderm.a"	0	"NSUN2"	250.5	"HiG"
"HiG_mixedMesoderm.a"	30	"UBE2D1"	153.5	"HiG"
"HiG_mixedMesoderm.a"	0	"PAIP2"	250.5	"HiG"
"HiG_mixedMesoderm.a"	0	"MKRN1"	250.5	"HiG"
"HiG_mixedMesoderm.a"	1266	"MEIS2"	25	"HiG"
"HiG_mixedMesoderm.a"	250	"WDR12"	105	"HiG"
"HiG_mixedMesoderm.a"	305	"RBP1"	87	"HiG"
"HiG_mixedMesoderm.a"	343	"MRPL12"	78	"HiG"
"HiG_mixedMesoderm.a"	7	"SEPTIN9"	165	"HiG"
"HiG_mixedMesoderm.a"	30	"MRTO4"	153.5	"HiG"
"HiG_mixedMesoderm.a"	394	"CNN3"	71	"HiG"
"HiG_mixedMesoderm.a"	39	"H2AZ2"	147	"HiG"
"HiG_mixedMesoderm.a"	0	"LUZP1"	250.5	"HiG"
"HiG_mixedMesoderm.a"	362	"RARG"	77	"HiG"
"HiG_mixedMesoderm.a"	18	"DDX18"	161	"HiG"
"HiG_mixedMesoderm.a"	1817	"NOP56"	17	"HiG"
"HiG_mixedMesoderm.a"	0	"ASPSCR1"	250.5	"HiG"
"HiG_mixedMesoderm.a"	0	"DCAKD"	250.5	"HiG"
"HiG_mixedMesoderm.a"	58	"PTK7"	138	"HiG"
"HiG_mixedMesoderm.a"	0	"IER2"	250.5	"HiG"
"HiG_mixedMesoderm.a"	557	"GRSF1"	56	"HiG"
"HiG_mixedMesoderm.a"	233	"HSD17B10"	108.5	"HiG"
"HiG_mixedMesoderm.a"	51	"SOX4"	140	"HiG"
"HiG_mixedMesoderm.a"	1312	"MYCN"	24	"HiG"
"HiG_mixedMesoderm.a"	4045	"YWHAQ"	7	"HiG"
"HiG_mixedMesoderm.a"	233	"IMPDH2"	108.5	"HiG"
"HiG_mixedMesoderm.a"	0	"HMGN3"	250.5	"HiG"
"HiG_mixedMesoderm.a"	0	"CHCHD4"	250.5	"HiG"
"HiG_mixedMesoderm.a"	4	"TTC3"	175	"HiG"
"HiG_mixedMesoderm.a"	0	"CRABP1"	250.5	"HiG"
"HiG_mixedMesoderm.a"	0	"RPS6KA6"	250.5	"HiG"
"HiG_mixedMesoderm.a"	0	"FRZB"	250.5	"HiG"
"HiG_mixedMesoderm.a"	0	"EVX1"	250.5	"HiG"
"HiG_mixedMesoderm.a"	0	"CDV3"	250.5	"HiG"
"HiG_mixedMesoderm.a"	0	"AIF1L"	250.5	"HiG"
"HiG_mixedMesoderm.a"	1000	"BASP1"	37	"HiG"
"HiG_mixedMesoderm.a"	211	"RSL1D1"	113	"HiG"
"HiG_mixedMesoderm.a"	1105	"RRS1"	33	"HiG"
"HiG_mixedMesoderm.a"	0	"RCL1"	250.5	"HiG"
"HiG_mixedMesoderm.a"	297	"SLC25A4"	89.5	"HiG"
"HiG_mixedMesoderm.a"	1194	"LAPTM4B"	29	"HiG"
"HiG_mixedMesoderm.a"	291	"SRM"	94	"HiG"
"HiG_mixedMesoderm.a"	1461	"LDHB"	22	"HiG"
"HiG_mixedMesoderm.a"	0	"HMGB3"	250.5	"HiG"
"HiG_mixedMesoderm.a"	0	"LITAF"	250.5	"HiG"
"HiG_mixedMesoderm.a"	1	"RAB34"	189.5	"HiG"
"HiG_mixedMesoderm.a"	33	"PIMREG"	151.5	"HiG"
"HiG_mixedMesoderm.a"	0	"PPP1R14A"	250.5	"HiG"
"HiG_mixedMesoderm.a"	43	"LIN28A"	143	"HiG"
"HiG_mixedMesoderm.a"	0	"PLP2"	250.5	"HiG"
"HiG_mixedMesoderm.a"	0	"PCBP4"	250.5	"HiG"
"HiG_mixedMesoderm.a"	0	"TBCB"	250.5	"HiG"
"HiG_mixedMesoderm.a"	293	"ARL4C"	92	"HiG"
"HiG_mixedMesoderm.a"	2	"NPC2"	185	"HiG"
"HiG_mixedMesoderm.a"	0	"SKAP2"	250.5	"HiG"
"HiG_mixedMesoderm.a"	236	"TUBB6"	107	"HiG"
"HiG_mixedMesoderm.a"	0	"EEF1E1"	250.5	"HiG"
"HiG_mixedMesoderm.a"	196	"ZNRD2"	116	"HiG"
"HiG_mixedMesoderm.a"	133	"MARCKSL1"	126	"HiG"
"HiG_mixedMesoderm.a"	67	"FERMT2"	135	"HiG"
"HiG_mixedMesoderm.a"	200	"TXNDC5"	115	"HiG"
"HiG_mixedMesoderm.a"	71	"RBMS1"	134	"HiG"
"HiG_mixedMesoderm.a"	0	"LRRC42"	250.5	"HiG"
"HiG_mixedMesoderm.a"	0	"MTX2"	250.5	"HiG"
"HiG_mixedMesoderm.a"	89	"RANGRF"	130.5	"HiG"
"HiG_mixedMesoderm.a"	240	"SPCS2"	106	"HiG"
"HiG_mixedMesoderm.a"	301	"CFL2"	88	"HiG"
"HiG_mixedMesoderm.a"	0	"RCN2"	250.5	"HiG"
"HiG_mixedMesoderm.a"	0	"SH3BGRL"	250.5	"HiG"
"HiG_mixedMesoderm.a"	0	"TMSB10"	250.5	"HiG"
"HiG_mixedMesoderm.a"	1240	"PSME2"	27	"HiG"
"HiG_mixedMesoderm.a"	0	"SNX5"	250.5	"HiG"
"HiG_mixedMesoderm.a"	0	"GPATCH4"	250.5	"HiG"
"HiG_mixedMesoderm.a"	365	"ALDH1A2"	76	"HiG"
"HiG_mixedMesoderm.a"	7	"BCAT1"	165	"HiG"
"HiG_mixedMesoderm.a"	292	"CDX1"	93	"HiG"
"HiG_mixedMesoderm.a"	570	"PPID"	55	"HiG"
"HiG_mixedMesoderm.a"	5	"MACROH2A2"	170.5	"HiG"
"HiG_mixedMesoderm.a"	0	"ADK"	250.5	"HiG"
"HiG_mixedMesoderm.a"	2	"TMBIM6"	185	"HiG"
"HiG_mixedMesoderm.a"	1111	"HOXA7"	32	"HiG"
"HiG_mixedMesoderm.a"	194	"IDH2"	117.5	"HiG"
"HiG_mixedMesoderm.a"	221	"MTAP"	111	"HiG"
"HiG_mixedMesoderm.a"	0	"UGDH"	250.5	"HiG"
"HiG_mixedMesoderm.a"	0	"ALPL"	250.5	"HiG"
"HiG_mixedMesoderm.a"	289	"IGFBP4"	96.5	"HiG"
"HiG_mixedMesoderm.a"	218	"SMS"	112	"HiG"
"HiG_mixedMesoderm.a"	276	"UBE2R2"	101	"HiG"
"HiG_mixedMesoderm.a"	846	"CDX4"	44	"HiG"
"HiG_mixedMesoderm.a"	1	"CCNJL"	189.5	"HiG"
"HiG_mixedMesoderm.a"	0	"GPX3"	250.5	"HiG"
"HiG_mixedMesoderm.a"	0	"LIMD2"	250.5	"HiG"
"HiG_mixedMesoderm.a"	0	"YPEL3"	250.5	"HiG"
"HiG_mixedMesoderm.a"	0	"TXNDC12"	250.5	"HiG"
"HiG_mixedMesoderm.a"	0	"TNFAIP1"	250.5	"HiG"
"HiG_mixedMesoderm.a"	0	"CDCA7"	250.5	"HiG"
"HiG_mixedMesoderm.a"	25	"OAF"	157	"HiG"
"HiG_mixedMesoderm.a"	0	"CFC1"	250.5	"HiG"
"HiG_mixedMesoderm.a"	0	"EMB"	250.5	"HiG"
"HiG_mixedMesoderm.a"	0	"TSPAN3"	250.5	"HiG"
"HiG_mixedMesoderm.a"	7	"GPC3"	165	"HiG"
"HiG_mixedMesoderm.a"	0	"MTCH1"	250.5	"HiG"
"HiG_mixedMesoderm.a"	306	"TMEM59"	85.5	"HiG"
"HiG_mixedMesoderm.a"	0	"SMC6"	250.5	"HiG"
"HiG_mixedMesoderm.a"	1248	"FOXF1"	26	"HiG"
"HiG_mixedMesoderm.a"	0	"FSTL1"	250.5	"HiG"
"HiG_mixedMesoderm.a"	60	"NAAA"	137	"HiG"
"HiG_mixedMesoderm.a"	0	"IFT74"	250.5	"HiG"
"HiG_mixedMesoderm.a"	26	"GJC1"	155.5	"HiG"
"HiG_mixedMesoderm.a"	0	"WLS"	250.5	"HiG"
"HiG_mixedMesoderm.a"	0	"ABRACL"	250.5	"HiG"
"HiG_mixedMesoderm.a"	23	"WDR74"	159	"HiG"
"HiG_mixedMesoderm.a"	0	"KRTCAP2"	250.5	"HiG"
"HiG_mixedMesoderm.a"	0	"RSPO3"	250.5	"HiG"
"HiG_mixedMesoderm.a"	0	"BEX4"	250.5	"HiG"
"HiG_mixedMesoderm.a"	0	"OAZ2"	250.5	"HiG"
"HiG_mixedMesoderm.a"	0	"GREB1"	250.5	"HiG"
"HiG_mixedMesoderm.a"	3	"WDR43"	180.5	"HiG"
"HiG_mixedMesoderm.a"	0	"PHLDA2"	250.5	"HiG"
"HiG_mixedMesoderm.a"	311	"WNT5A"	83	"HiG"
"HiG_mixedMesoderm.a"	0	"PRTG"	250.5	"HiG"
"HiG_mixedMesoderm.a"	339	"SMTNL2"	79.5	"HiG"
"HiG_mixedMesoderm.a"	0	"OSTC"	250.5	"HiG"
"HiG_mixedMesoderm.a"	57	"RBPMS2"	139	"HiG"
"HiG_mixedMesoderm.a"	0	"SOX11"	250.5	"HiG"
"HiG_mixedMesoderm.a"	0	"STARD3NL"	250.5	"HiG"
"HiG_mixedMesoderm.a"	0	"MNS1"	250.5	"HiG"
"HiG_mixedMesoderm.a"	0	"CMTM7"	250.5	"HiG"
"HiG_mixedMesoderm.a"	0	"MMD"	250.5	"HiG"
"HiG_mixedMesoderm.a"	0	"NKD1"	250.5	"HiG"
"HiG_mixedMesoderm.a"	0	"SALL4"	250.5	"HiG"
"HiG_mixedMesoderm.a"	0	"HOXB2"	250.5	"HiG"
"HiG_mixedMesoderm.a"	0	"MEIS3"	250.5	"HiG"
"HiG_mixedMesoderm.a"	0	"RESF1"	250.5	"HiG"
"HiG_mixedMesoderm.a"	0	"MFAP2"	250.5	"HiG"
"HiG_mixedMesoderm.a"	289	"IFITM1"	96.5	"HiG"
"HiG_mixedMesoderm.a"	273	"TSPAN6"	102.5	"HiG"
"HiG_mixedMesoderm.a"	0	"SELENOH"	250.5	"HiG"
"HiG_mixedMesoderm.a"	0	"SP5"	250.5	"HiG"
"HiG_mixedMesoderm.a"	0	"PIGX"	250.5	"HiG"
"HiG_mixedMesoderm.a"	43	"TGIF1"	143	"HiG"
"HiG_mixedMesoderm.a"	0	"TCEAL8"	250.5	"HiG"
"HiG_mixedMesoderm.a"	0	"SLC38A4"	250.5	"HiG"
"HiG_mixedMesoderm.a"	43	"PRRX2"	143	"HiG"
"HiG_mixedMesoderm.a"	230	"OSR1"	110	"HiG"
"HiG_mixedMesoderm.a"	2	"HOXD1"	185	"HiG"
"HiG_mixedMesoderm.a"	0	"MOGAT2"	250.5	"HiG"
"HiG_mixedMesoderm.a"	0	"WNT5B"	250.5	"HiG"
"HiG_mixedMesoderm.b"	0	"CITED2"	278	"HiG"
"HiG_mixedMesoderm.b"	768	"FGFR1"	46	"HiG"
"HiG_mixedMesoderm.b"	402	"GABARAP"	86	"HiG"
"HiG_mixedMesoderm.b"	646	"C1QBP"	59	"HiG"
"HiG_mixedMesoderm.b"	156	"ID3"	131	"HiG"
"HiG_mixedMesoderm.b"	7	"AFDN"	186.5	"HiG"
"HiG_mixedMesoderm.b"	0	"LEF1"	278	"HiG"
"HiG_mixedMesoderm.b"	20	"SRSF9"	172	"HiG"
"HiG_mixedMesoderm.b"	527	"MCM7"	70	"HiG"
"HiG_mixedMesoderm.b"	592	"MAGED1"	63	"HiG"
"HiG_mixedMesoderm.b"	1429	"DAB2"	28	"HiG"
"HiG_mixedMesoderm.b"	717	"NDN"	50	"HiG"
"HiG_mixedMesoderm.b"	43	"ID2"	159	"HiG"
"HiG_mixedMesoderm.b"	661	"CDKN1C"	57	"HiG"
"HiG_mixedMesoderm.b"	2501	"SERPINH1"	17	"HiG"
"HiG_mixedMesoderm.b"	0	"CADM1"	278	"HiG"
"HiG_mixedMesoderm.b"	2976	"NEDD4"	10	"HiG"
"HiG_mixedMesoderm.b"	161	"PRDX4"	130	"HiG"
"HiG_mixedMesoderm.b"	215	"LSM2"	121	"HiG"
"HiG_mixedMesoderm.b"	0	"LMO4"	278	"HiG"
"HiG_mixedMesoderm.b"	73	"CCNE1"	146	"HiG"
"HiG_mixedMesoderm.b"	185	"ASF1A"	128	"HiG"
"HiG_mixedMesoderm.b"	0	"CLIC1"	278	"HiG"
"HiG_mixedMesoderm.b"	1	"PTBP2"	209	"HiG"
"HiG_mixedMesoderm.b"	180	"RBPMS"	129	"HiG"
"HiG_mixedMesoderm.b"	0	"ITM2C"	278	"HiG"
"HiG_mixedMesoderm.b"	1128	"HOXA1"	35	"HiG"
"HiG_mixedMesoderm.b"	0	"DCTPP1"	278	"HiG"
"HiG_mixedMesoderm.b"	0	"LLPH"	278	"HiG"
"HiG_mixedMesoderm.b"	539	"BEX3"	69	"HiG"
"HiG_mixedMesoderm.b"	6	"PDLIM7"	191	"HiG"
"HiG_mixedMesoderm.b"	456	"KRT18"	84	"HiG"
"HiG_mixedMesoderm.b"	0	"BAMBI"	278	"HiG"
"HiG_mixedMesoderm.b"	146	"ACTN1"	133	"HiG"
"HiG_mixedMesoderm.b"	0	"PHLDA1"	278	"HiG"
"HiG_mixedMesoderm.b"	255	"DUT"	116	"HiG"
"HiG_mixedMesoderm.b"	0	"BEX2"	278	"HiG"
"HiG_mixedMesoderm.b"	0	"NME4"	278	"HiG"
"HiG_mixedMesoderm.b"	0	"FTH1"	278	"HiG"
"HiG_mixedMesoderm.b"	2881	"CALM2"	12	"HiG"
"HiG_mixedMesoderm.b"	234	"CCND2"	119	"HiG"
"HiG_mixedMesoderm.b"	470	"DDAH2"	78	"HiG"
"HiG_mixedMesoderm.b"	7	"ARL6IP1"	186.5	"HiG"
"HiG_mixedMesoderm.b"	0	"PAFAH1B3"	278	"HiG"
"HiG_mixedMesoderm.b"	50	"BCCIP"	155	"HiG"
"HiG_mixedMesoderm.b"	391	"MCM5"	88	"HiG"
"HiG_mixedMesoderm.b"	688	"RTN4"	54	"HiG"
"HiG_mixedMesoderm.b"	345	"ALX1"	95	"HiG"
"HiG_mixedMesoderm.b"	15	"EXOSC7"	177.5	"HiG"
"HiG_mixedMesoderm.b"	6	"RFC4"	191	"HiG"
"HiG_mixedMesoderm.b"	0	"CTNNBIP1"	278	"HiG"
"HiG_mixedMesoderm.b"	2889	"JUN"	11	"HiG"
"HiG_mixedMesoderm.b"	12099	"HSPA5"	1	"HiG"
"HiG_mixedMesoderm.b"	621	"CDC20"	60	"HiG"
"HiG_mixedMesoderm.b"	84	"TCEAL9"	143.5	"HiG"
"HiG_mixedMesoderm.b"	1578	"PHB2"	24	"HiG"
"HiG_mixedMesoderm.b"	1059	"PPP1CB"	37	"HiG"
"HiG_mixedMesoderm.b"	129	"LYAR"	135	"HiG"
"HiG_mixedMesoderm.b"	913	"FKBP4"	43	"HiG"
"HiG_mixedMesoderm.b"	0	"DDX3X"	278	"HiG"
"HiG_mixedMesoderm.b"	368	"NASP"	91	"HiG"
"HiG_mixedMesoderm.b"	323	"FBLN1"	99	"HiG"
"HiG_mixedMesoderm.b"	401	"PAICS"	87	"HiG"
"HiG_mixedMesoderm.b"	4	"IGF2BP3"	197.5	"HiG"
"HiG_mixedMesoderm.b"	4	"FSCN1"	197.5	"HiG"
"HiG_mixedMesoderm.b"	323	"DYNLL1"	99	"HiG"
"HiG_mixedMesoderm.b"	740	"SNRPF"	47	"HiG"
"HiG_mixedMesoderm.b"	0	"SSR3"	278	"HiG"
"HiG_mixedMesoderm.b"	199	"NOLC1"	122	"HiG"
"HiG_mixedMesoderm.b"	42	"PGRMC1"	160	"HiG"
"HiG_mixedMesoderm.b"	1	"PPAN"	209	"HiG"
"HiG_mixedMesoderm.b"	0	"DDT"	278	"HiG"
"HiG_mixedMesoderm.b"	351	"SFXN1"	93.5	"HiG"
"HiG_mixedMesoderm.b"	148	"G3BP2"	132	"HiG"
"HiG_mixedMesoderm.b"	0	"HNRNPH3"	278	"HiG"
"HiG_mixedMesoderm.b"	524	"EBNA1BP2"	71	"HiG"
"HiG_mixedMesoderm.b"	2574	"PA2G4"	15	"HiG"
"HiG_mixedMesoderm.b"	2348	"PDIA6"	19	"HiG"
"HiG_mixedMesoderm.b"	6	"MEST"	191	"HiG"
"HiG_mixedMesoderm.b"	10858	"NCL"	3	"HiG"
"HiG_mixedMesoderm.b"	0	"FABP5"	278	"HiG"
"HiG_mixedMesoderm.b"	1031	"H2AX"	39	"HiG"
"HiG_mixedMesoderm.b"	969	"CBX1"	41	"HiG"
"HiG_mixedMesoderm.b"	46	"CCND1"	158	"HiG"
"HiG_mixedMesoderm.b"	131	"MAPK3"	134	"HiG"
"HiG_mixedMesoderm.b"	0	"CD151"	278	"HiG"
"HiG_mixedMesoderm.b"	3	"LSR"	202.5	"HiG"
"HiG_mixedMesoderm.b"	62	"PTOV1"	149.5	"HiG"
"HiG_mixedMesoderm.b"	500	"TGFB2"	74	"HiG"
"HiG_mixedMesoderm.b"	5831	"HSP90AA1"	6	"HiG"
"HiG_mixedMesoderm.b"	0	"TSEN34"	278	"HiG"
"HiG_mixedMesoderm.b"	115	"ID1"	138	"HiG"
"HiG_mixedMesoderm.b"	0	"SMARCD3"	278	"HiG"
"HiG_mixedMesoderm.b"	84	"RALA"	143.5	"HiG"
"HiG_mixedMesoderm.b"	0	"PFN2"	278	"HiG"
"HiG_mixedMesoderm.b"	466	"DBN1"	79	"HiG"
"HiG_mixedMesoderm.b"	0	"CST3"	278	"HiG"
"HiG_mixedMesoderm.b"	304	"JAM3"	108.5	"HiG"
"HiG_mixedMesoderm.b"	2587	"APOE"	14	"HiG"
"HiG_mixedMesoderm.b"	0	"HAPLN1"	278	"HiG"
"HiG_mixedMesoderm.b"	379	"STMN1"	90	"HiG"
"HiG_mixedMesoderm.b"	6181	"NKX2-5"	4	"HiG"
"HiG_mixedMesoderm.b"	0	"CNPY2"	278	"HiG"
"HiG_mixedMesoderm.b"	34	"GJA1"	163.5	"HiG"
"HiG_mixedMesoderm.b"	58	"SAP30"	151	"HiG"
"HiG_mixedMesoderm.b"	14	"E2F4"	179	"HiG"
"HiG_mixedMesoderm.b"	272	"GRB10"	112	"HiG"
"HiG_mixedMesoderm.b"	1459	"HMGA2"	27	"HiG"
"HiG_mixedMesoderm.b"	731	"RRM2"	49	"HiG"
"HiG_mixedMesoderm.b"	319	"DEK"	103.5	"HiG"
"HiG_mixedMesoderm.b"	5094	"HSP90B1"	7	"HiG"
"HiG_mixedMesoderm.b"	1633	"RBBP7"	22	"HiG"
"HiG_mixedMesoderm.b"	0	"HES1"	278	"HiG"
"HiG_mixedMesoderm.b"	0	"ADH5"	278	"HiG"
"HiG_mixedMesoderm.b"	0	"EMG1"	278	"HiG"
"HiG_mixedMesoderm.b"	0	"CARHSP1"	278	"HiG"
"HiG_mixedMesoderm.b"	0	"CBFB"	278	"HiG"
"HiG_mixedMesoderm.b"	566	"CD81"	66	"HiG"
"HiG_mixedMesoderm.b"	18	"PJA1"	173.5	"HiG"
"HiG_mixedMesoderm.b"	0	"FXYD6"	278	"HiG"
"HiG_mixedMesoderm.b"	706	"DKC1"	51	"HiG"
"HiG_mixedMesoderm.b"	0	"PTN"	278	"HiG"
"HiG_mixedMesoderm.b"	4	"ACIN1"	197.5	"HiG"
"HiG_mixedMesoderm.b"	0	"JPT1"	278	"HiG"
"HiG_mixedMesoderm.b"	0	"SPTSSA"	278	"HiG"
"HiG_mixedMesoderm.b"	99	"LAPTM4A"	141	"HiG"
"HiG_mixedMesoderm.b"	2872	"VIM"	13	"HiG"
"HiG_mixedMesoderm.b"	0	"RRAS2"	278	"HiG"
"HiG_mixedMesoderm.b"	670	"TRIM28"	56	"HiG"
"HiG_mixedMesoderm.b"	0	"ARL3"	278	"HiG"
"HiG_mixedMesoderm.b"	0	"GSTO1"	278	"HiG"
"HiG_mixedMesoderm.b"	2334	"HSPD1"	20	"HiG"
"HiG_mixedMesoderm.b"	70	"CD63"	147	"HiG"
"HiG_mixedMesoderm.b"	585	"MEF2C"	64	"HiG"
"HiG_mixedMesoderm.b"	254	"GAR1"	117	"HiG"
"HiG_mixedMesoderm.b"	0	"POLR2F"	278	"HiG"
"HiG_mixedMesoderm.b"	193	"TOP1"	125	"HiG"
"HiG_mixedMesoderm.b"	2	"ACVR2B"	205	"HiG"
"HiG_mixedMesoderm.b"	482	"IGF2"	77	"HiG"
"HiG_mixedMesoderm.b"	1521	"NRP1"	26	"HiG"
"HiG_mixedMesoderm.b"	2517	"FN1"	16	"HiG"
"HiG_mixedMesoderm.b"	885	"PDIA3"	44	"HiG"
"HiG_mixedMesoderm.b"	0	"TEAD2"	278	"HiG"
"HiG_mixedMesoderm.b"	1419	"KRT8"	29	"HiG"
"HiG_mixedMesoderm.b"	1089	"APEX1"	36	"HiG"
"HiG_mixedMesoderm.b"	0	"BEX1"	278	"HiG"
"HiG_mixedMesoderm.b"	493	"HOXB1"	75	"HiG"
"HiG_mixedMesoderm.b"	8	"MEIS1"	183.5	"HiG"
"HiG_mixedMesoderm.b"	443	"SFRP1"	85	"HiG"
"HiG_mixedMesoderm.b"	380	"SPARC"	89	"HiG"
"HiG_mixedMesoderm.b"	613	"HMGN1"	61	"HiG"
"HiG_mixedMesoderm.b"	28	"MDK"	168.5	"HiG"
"HiG_mixedMesoderm.b"	739	"FST"	48	"HiG"
"HiG_mixedMesoderm.b"	1551	"MARCKS"	25	"HiG"
"HiG_mixedMesoderm.b"	269	"ARF4"	114	"HiG"
"HiG_mixedMesoderm.b"	0	"ISL1"	278	"HiG"
"HiG_mixedMesoderm.b"	33	"MMP14"	165	"HiG"
"HiG_mixedMesoderm.b"	1286	"PDIA4"	33	"HiG"
"HiG_mixedMesoderm.b"	0	"PEG3"	278	"HiG"
"HiG_mixedMesoderm.b"	0	"VAMP8"	278	"HiG"
"HiG_mixedMesoderm.b"	1372	"TPM4"	30	"HiG"
"HiG_mixedMesoderm.b"	0	"CSRP2"	278	"HiG"
"HiG_mixedMesoderm.b"	49	"GATA6"	156	"HiG"
"HiG_mixedMesoderm.b"	0	"FHL1"	278	"HiG"
"HiG_mixedMesoderm.b"	22	"MPZL1"	170	"HiG"
"HiG_mixedMesoderm.b"	310	"FBXO5"	107	"HiG"
"HiG_mixedMesoderm.b"	38	"CALD1"	162	"HiG"
"HiG_mixedMesoderm.b"	0	"EFNA4"	278	"HiG"
"HiG_mixedMesoderm.b"	0	"CCN1"	278	"HiG"
"HiG_mixedMesoderm.b"	1012	"FGF8"	40	"HiG"
"HiG_mixedMesoderm.b"	80	"PSIP1"	145	"HiG"
"HiG_mixedMesoderm.b"	1	"SNX6"	209	"HiG"
"HiG_mixedMesoderm.b"	12040	"TPM1"	2	"HiG"
"HiG_mixedMesoderm.b"	0	"GNL3"	278	"HiG"
"HiG_mixedMesoderm.b"	3777	"COL18A1"	9	"HiG"
"HiG_mixedMesoderm.b"	195	"PCLAF"	123.5	"HiG"
"HiG_mixedMesoderm.b"	0	"ENO3"	278	"HiG"
"HiG_mixedMesoderm.b"	31	"MACROH2A1"	166.5	"HiG"
"HiG_mixedMesoderm.b"	357	"ARG1"	92	"HiG"
"HiG_mixedMesoderm.b"	0	"GALK1"	278	"HiG"
"HiG_mixedMesoderm.b"	0	"UMPS"	278	"HiG"
"HiG_mixedMesoderm.b"	3910	"TUBA1A"	8	"HiG"
"HiG_mixedMesoderm.b"	1	"TXNL4A"	209	"HiG"
"HiG_mixedMesoderm.b"	329	"CKAP4"	97	"HiG"
"HiG_mixedMesoderm.b"	28	"NOP10"	168.5	"HiG"
"HiG_mixedMesoderm.b"	302	"NHP2"	110	"HiG"
"HiG_mixedMesoderm.b"	0	"MYL12B"	278	"HiG"
"HiG_mixedMesoderm.b"	0	"ATXN7L3B"	278	"HiG"
"HiG_mixedMesoderm.b"	263	"ANP32B"	115	"HiG"
"HiG_mixedMesoderm.b"	584	"HNRNPDL"	65	"HiG"
"HiG_mixedMesoderm.b"	1043	"NOP58"	38	"HiG"
"HiG_mixedMesoderm.b"	519	"HELLS"	73	"HiG"
"HiG_mixedMesoderm.b"	31	"UBE2D1"	166.5	"HiG"
"HiG_mixedMesoderm.b"	320	"TSC22D1"	102	"HiG"
"HiG_mixedMesoderm.b"	116	"MEIS2"	137	"HiG"
"HiG_mixedMesoderm.b"	0	"XBP1"	278	"HiG"
"HiG_mixedMesoderm.b"	0	"WDR12"	278	"HiG"
"HiG_mixedMesoderm.b"	491	"RBP1"	76	"HiG"
"HiG_mixedMesoderm.b"	221	"MRPL12"	120	"HiG"
"HiG_mixedMesoderm.b"	16	"SEPTIN9"	175.5	"HiG"
"HiG_mixedMesoderm.b"	55	"CNN3"	152.5	"HiG"
"HiG_mixedMesoderm.b"	104	"H2AZ2"	140	"HiG"
"HiG_mixedMesoderm.b"	0	"LUZP1"	278	"HiG"
"HiG_mixedMesoderm.b"	0	"TBX1"	278	"HiG"
"HiG_mixedMesoderm.b"	2365	"NOP56"	18	"HiG"
"HiG_mixedMesoderm.b"	323	"DCAKD"	99	"HiG"
"HiG_mixedMesoderm.b"	0	"IER2"	278	"HiG"
"HiG_mixedMesoderm.b"	191	"PRDX6"	126	"HiG"
"HiG_mixedMesoderm.b"	704	"TPI1"	52	"HiG"
"HiG_mixedMesoderm.b"	316	"HSD17B10"	105	"HiG"
"HiG_mixedMesoderm.b"	3	"SOX4"	202.5	"HiG"
"HiG_mixedMesoderm.b"	1587	"MYCN"	23	"HiG"
"HiG_mixedMesoderm.b"	1858	"YWHAQ"	21	"HiG"
"HiG_mixedMesoderm.b"	110	"IMPDH2"	139	"HiG"
"HiG_mixedMesoderm.b"	0	"HMGN3"	278	"HiG"
"HiG_mixedMesoderm.b"	0	"PNRC1"	278	"HiG"
"HiG_mixedMesoderm.b"	0	"CHCHD4"	278	"HiG"
"HiG_mixedMesoderm.b"	0	"TTC3"	278	"HiG"
"HiG_mixedMesoderm.b"	0	"CRABP1"	278	"HiG"
"HiG_mixedMesoderm.b"	542	"ODC1"	68	"HiG"
"HiG_mixedMesoderm.b"	1298	"NPM3"	32	"HiG"
"HiG_mixedMesoderm.b"	304	"TWIST1"	108.5	"HiG"
"HiG_mixedMesoderm.b"	7	"AIF1L"	186.5	"HiG"
"HiG_mixedMesoderm.b"	1350	"BASP1"	31	"HiG"
"HiG_mixedMesoderm.b"	464	"CNN2"	80.5	"HiG"
"HiG_mixedMesoderm.b"	789	"RSL1D1"	45	"HiG"
"HiG_mixedMesoderm.b"	647	"RRS1"	58	"HiG"
"HiG_mixedMesoderm.b"	53	"RCL1"	154	"HiG"
"HiG_mixedMesoderm.b"	464	"SLC25A4"	80.5	"HiG"
"HiG_mixedMesoderm.b"	195	"LAPTM4B"	123.5	"HiG"
"HiG_mixedMesoderm.b"	236	"SRM"	118	"HiG"
"HiG_mixedMesoderm.b"	3	"LDHB"	202.5	"HiG"
"HiG_mixedMesoderm.b"	0	"HDGFL3"	278	"HiG"
"HiG_mixedMesoderm.b"	0	"HMGB3"	278	"HiG"
"HiG_mixedMesoderm.b"	18	"LITAF"	173.5	"HiG"
"HiG_mixedMesoderm.b"	0	"FZD2"	278	"HiG"
"HiG_mixedMesoderm.b"	0	"RAB34"	278	"HiG"
"HiG_mixedMesoderm.b"	34	"PIMREG"	163.5	"HiG"
"HiG_mixedMesoderm.b"	0	"PPP1R14A"	278	"HiG"
"HiG_mixedMesoderm.b"	270	"LIN28A"	113	"HiG"
"HiG_mixedMesoderm.b"	13	"RCBTB2"	180.5	"HiG"
"HiG_mixedMesoderm.b"	0	"PCBP4"	278	"HiG"
"HiG_mixedMesoderm.b"	0	"TBCB"	278	"HiG"
"HiG_mixedMesoderm.b"	10	"ARL4C"	182	"HiG"
"HiG_mixedMesoderm.b"	343	"UBQLN2"	96	"HiG"
"HiG_mixedMesoderm.b"	0	"TUBB6"	278	"HiG"
"HiG_mixedMesoderm.b"	0	"EEF1E1"	278	"HiG"
"HiG_mixedMesoderm.b"	608	"ZNRD2"	62	"HiG"
"HiG_mixedMesoderm.b"	313	"MARCKSL1"	106	"HiG"
"HiG_mixedMesoderm.b"	93	"FERMT2"	142	"HiG"
"HiG_mixedMesoderm.b"	674	"TPM2"	55	"HiG"
"HiG_mixedMesoderm.b"	0	"TXNDC5"	278	"HiG"
"HiG_mixedMesoderm.b"	4	"RBMS1"	197.5	"HiG"
"HiG_mixedMesoderm.b"	0	"LRRC42"	278	"HiG"
"HiG_mixedMesoderm.b"	0	"SPCS2"	278	"HiG"
"HiG_mixedMesoderm.b"	0	"RDX"	278	"HiG"
"HiG_mixedMesoderm.b"	62	"CFL2"	149.5	"HiG"
"HiG_mixedMesoderm.b"	0	"RCN2"	278	"HiG"
"HiG_mixedMesoderm.b"	0	"SH3BGRL"	278	"HiG"
"HiG_mixedMesoderm.b"	0	"TMSB10"	278	"HiG"
"HiG_mixedMesoderm.b"	0	"SNX5"	278	"HiG"
"HiG_mixedMesoderm.b"	0	"GPATCH4"	278	"HiG"
"HiG_mixedMesoderm.b"	1	"DUSP9"	209	"HiG"
"HiG_mixedMesoderm.b"	6008	"UBB"	5	"HiG"
"HiG_mixedMesoderm.b"	459	"ALDH1A2"	83	"HiG"
"HiG_mixedMesoderm.b"	0	"BCAT1"	278	"HiG"
"HiG_mixedMesoderm.b"	0	"TECR"	278	"HiG"
"HiG_mixedMesoderm.b"	1	"MPPED2"	209	"HiG"
"HiG_mixedMesoderm.b"	0	"IGFBP2"	278	"HiG"
"HiG_mixedMesoderm.b"	463	"NECTIN2"	82	"HiG"
"HiG_mixedMesoderm.b"	922	"PPID"	42	"HiG"
"HiG_mixedMesoderm.b"	63	"MACROH2A2"	148	"HiG"
"HiG_mixedMesoderm.b"	13	"ADK"	180.5	"HiG"
"HiG_mixedMesoderm.b"	0	"TMBIM6"	278	"HiG"
"HiG_mixedMesoderm.b"	47	"IDH2"	157	"HiG"
"HiG_mixedMesoderm.b"	0	"MTAP"	278	"HiG"
"HiG_mixedMesoderm.b"	691	"IGFBP4"	53	"HiG"
"HiG_mixedMesoderm.b"	7	"SMS"	186.5	"HiG"
"HiG_mixedMesoderm.b"	321	"UBE2R2"	101	"HiG"
"HiG_mixedMesoderm.b"	0	"NMRAL1"	278	"HiG"
"HiG_mixedMesoderm.b"	0	"RHOC"	278	"HiG"
"HiG_mixedMesoderm.b"	0	"GPX3"	278	"HiG"
"HiG_mixedMesoderm.b"	0	"LIMD2"	278	"HiG"
"HiG_mixedMesoderm.b"	0	"MYL7"	278	"HiG"
"HiG_mixedMesoderm.b"	0	"TXNDC12"	278	"HiG"
"HiG_mixedMesoderm.b"	8	"EPOP"	183.5	"HiG"
"HiG_mixedMesoderm.b"	0	"TNFAIP1"	278	"HiG"
"HiG_mixedMesoderm.b"	0	"RCOR2"	278	"HiG"
"HiG_mixedMesoderm.b"	0	"RRAGD"	278	"HiG"
"HiG_mixedMesoderm.b"	0	"CDCA7"	278	"HiG"
"HiG_mixedMesoderm.b"	0	"CFC1"	278	"HiG"
"HiG_mixedMesoderm.b"	6	"EMB"	191	"HiG"
"HiG_mixedMesoderm.b"	287	"TSPAN3"	111	"HiG"
"HiG_mixedMesoderm.b"	0	"GPC3"	278	"HiG"
"HiG_mixedMesoderm.b"	55	"MTCH1"	152.5	"HiG"
"HiG_mixedMesoderm.b"	0	"PRXL2A"	278	"HiG"
"HiG_mixedMesoderm.b"	1252	"FOXF1"	34	"HiG"
"HiG_mixedMesoderm.b"	0	"LPAR6"	278	"HiG"
"HiG_mixedMesoderm.b"	4	"FSTL1"	197.5	"HiG"
"HiG_mixedMesoderm.b"	21	"IFT74"	171	"HiG"
"HiG_mixedMesoderm.b"	0	"WLS"	278	"HiG"
"HiG_mixedMesoderm.b"	0	"ABRACL"	278	"HiG"
"HiG_mixedMesoderm.b"	0	"TIMM8B"	278	"HiG"
"HiG_mixedMesoderm.b"	0	"KRTCAP2"	278	"HiG"
"HiG_mixedMesoderm.b"	6	"BEX4"	191	"HiG"
"HiG_mixedMesoderm.b"	15	"LEFTY2"	177.5	"HiG"
"HiG_mixedMesoderm.b"	0	"WDR43"	278	"HiG"
"HiG_mixedMesoderm.b"	0	"PHLDA2"	278	"HiG"
"HiG_mixedMesoderm.b"	0	"PRTG"	278	"HiG"
"HiG_mixedMesoderm.b"	0	"APLNR"	278	"HiG"
"HiG_mixedMesoderm.b"	0	"RBPMS2"	278	"HiG"
"HiG_mixedMesoderm.b"	0	"SOX11"	278	"HiG"
"HiG_mixedMesoderm.b"	0	"STARD3NL"	278	"HiG"
"HiG_mixedMesoderm.b"	0	"LY6E"	278	"HiG"
"HiG_mixedMesoderm.b"	0	"CMTM7"	278	"HiG"
"HiG_mixedMesoderm.b"	0	"MMD"	278	"HiG"
"HiG_mixedMesoderm.b"	0	"IRX3"	278	"HiG"
"HiG_mixedMesoderm.b"	3	"HOXB2"	202.5	"HiG"
"HiG_mixedMesoderm.b"	0	"MEIS3"	278	"HiG"
"HiG_mixedMesoderm.b"	16	"RDH10"	175.5	"HiG"
"HiG_mixedMesoderm.b"	0	"RESF1"	278	"HiG"
"HiG_mixedMesoderm.b"	0	"MFAP2"	278	"HiG"
"HiG_mixedMesoderm.b"	351	"IRX5"	93.5	"HiG"
"HiG_mixedMesoderm.b"	0	"CTXN1"	278	"HiG"
"HiG_mixedMesoderm.b"	126	"IGFBPL1"	136	"HiG"
"HiG_mixedMesoderm.b"	4	"SPSB4"	197.5	"HiG"
"HiG_mixedMesoderm.b"	319	"IFITM1"	103.5	"HiG"
"HiG_mixedMesoderm.b"	41	"TSPAN6"	161	"HiG"
"HiG_mixedMesoderm.b"	0	"SELENOH"	278	"HiG"
"HiG_mixedMesoderm.b"	1	"ZCCHC3"	209	"HiG"
"HiG_mixedMesoderm.b"	0	"RGS5"	278	"HiG"
"HiG_mixedMesoderm.b"	0	"RASL11A"	278	"HiG"
"HiG_mixedMesoderm.b"	521	"WNT2"	72	"HiG"
"HiG_mixedMesoderm.b"	0	"PIGX"	278	"HiG"
"HiG_mixedMesoderm.b"	0	"SFRP5"	278	"HiG"
"HiG_mixedMesoderm.b"	0	"TGIF1"	278	"HiG"
"HiG_mixedMesoderm.b"	0	"TCEAL8"	278	"HiG"
"HiG_mixedMesoderm.b"	190	"PRRX2"	127	"HiG"
"HiG_mixedMesoderm.b"	555	"OSR1"	67	"HiG"
"HiG_mixedMesoderm.b"	5	"TSPAN7"	194	"HiG"
"HiG_mixedMesoderm.b"	0	"MOGAT2"	278	"HiG"
"HiG_mixedMesoderm.b"	0	"ZFP36L1"	278	"HiG"
"HiG_mixedMesoderm.b"	0	"WSB1"	278	"HiG"
"HiG_pharyngealMesoderm"	1236	"ALDOA"	31	"HiG"
"HiG_pharyngealMesoderm"	8445	"APP"	4	"HiG"
"HiG_pharyngealMesoderm"	0	"CITED2"	275	"HiG"
"HiG_pharyngealMesoderm"	849	"GABARAP"	45	"HiG"
"HiG_pharyngealMesoderm"	1958	"C1QBP"	18	"HiG"
"HiG_pharyngealMesoderm"	23	"ID3"	169	"HiG"
"HiG_pharyngealMesoderm"	20	"SRSF9"	172	"HiG"
"HiG_pharyngealMesoderm"	148	"MCM7"	116.5	"HiG"
"HiG_pharyngealMesoderm"	104	"RAP1A"	131	"HiG"
"HiG_pharyngealMesoderm"	3	"BIN1"	192.5	"HiG"
"HiG_pharyngealMesoderm"	889	"MAGED1"	42	"HiG"
"HiG_pharyngealMesoderm"	114	"DAB2"	128	"HiG"
"HiG_pharyngealMesoderm"	128	"NDN"	124	"HiG"
"HiG_pharyngealMesoderm"	878	"ID2"	44	"HiG"
"HiG_pharyngealMesoderm"	11	"CDKN1C"	181	"HiG"
"HiG_pharyngealMesoderm"	1448	"SERPINH1"	28	"HiG"
"HiG_pharyngealMesoderm"	61	"CADM1"	151	"HiG"
"HiG_pharyngealMesoderm"	3335	"NEDD4"	9	"HiG"
"HiG_pharyngealMesoderm"	3	"GRHPR"	192.5	"HiG"
"HiG_pharyngealMesoderm"	0	"PRDX4"	275	"HiG"
"HiG_pharyngealMesoderm"	823	"P4HB"	46	"HiG"
"HiG_pharyngealMesoderm"	108	"LSM2"	130	"HiG"
"HiG_pharyngealMesoderm"	137	"LMO4"	119	"HiG"
"HiG_pharyngealMesoderm"	74	"CCNE1"	145	"HiG"
"HiG_pharyngealMesoderm"	93	"CLIC1"	135.5	"HiG"
"HiG_pharyngealMesoderm"	47	"BNIP3L"	158	"HiG"
"HiG_pharyngealMesoderm"	5028	"ACTB"	6	"HiG"
"HiG_pharyngealMesoderm"	0	"PTBP2"	275	"HiG"
"HiG_pharyngealMesoderm"	345	"RBPMS"	78	"HiG"
"HiG_pharyngealMesoderm"	0	"ITM2C"	275	"HiG"
"HiG_pharyngealMesoderm"	0	"DCTPP1"	275	"HiG"
"HiG_pharyngealMesoderm"	0	"LLPH"	275	"HiG"
"HiG_pharyngealMesoderm"	250	"BEX3"	107	"HiG"
"HiG_pharyngealMesoderm"	0	"PDLIM7"	275	"HiG"
"HiG_pharyngealMesoderm"	148	"KRT18"	116.5	"HiG"
"HiG_pharyngealMesoderm"	54	"ACTN1"	154.5	"HiG"
"HiG_pharyngealMesoderm"	3	"PDLIM4"	192.5	"HiG"
"HiG_pharyngealMesoderm"	0	"PHLDA1"	275	"HiG"
"HiG_pharyngealMesoderm"	411	"DUT"	72	"HiG"
"HiG_pharyngealMesoderm"	0	"BEX2"	275	"HiG"
"HiG_pharyngealMesoderm"	54	"DUSP6"	154.5	"HiG"
"HiG_pharyngealMesoderm"	29	"GINS2"	165	"HiG"
"HiG_pharyngealMesoderm"	4	"CCND2"	187.5	"HiG"
"HiG_pharyngealMesoderm"	4	"DDAH2"	187.5	"HiG"
"HiG_pharyngealMesoderm"	30	"ARL6IP1"	164	"HiG"
"HiG_pharyngealMesoderm"	1	"PRPS1"	201	"HiG"
"HiG_pharyngealMesoderm"	0	"PAFAH1B3"	275	"HiG"
"HiG_pharyngealMesoderm"	249	"BNIP3"	108	"HiG"
"HiG_pharyngealMesoderm"	54	"BCCIP"	154.5	"HiG"
"HiG_pharyngealMesoderm"	707	"RTN4"	51	"HiG"
"HiG_pharyngealMesoderm"	110	"EXOSC7"	129	"HiG"
"HiG_pharyngealMesoderm"	0	"CTNNBIP1"	275	"HiG"
"HiG_pharyngealMesoderm"	3000	"JUN"	10	"HiG"
"HiG_pharyngealMesoderm"	12451	"HSPA5"	2	"HiG"
"HiG_pharyngealMesoderm"	938	"CDC20"	39	"HiG"
"HiG_pharyngealMesoderm"	0	"TCEAL9"	275	"HiG"
"HiG_pharyngealMesoderm"	929	"PHB2"	41	"HiG"
"HiG_pharyngealMesoderm"	879	"PPP1CB"	43	"HiG"
"HiG_pharyngealMesoderm"	1046	"LYAR"	34	"HiG"
"HiG_pharyngealMesoderm"	0	"FKBP4"	275	"HiG"
"HiG_pharyngealMesoderm"	326	"PPIB"	92	"HiG"
"HiG_pharyngealMesoderm"	77	"NASP"	144	"HiG"
"HiG_pharyngealMesoderm"	0	"FBLN1"	275	"HiG"
"HiG_pharyngealMesoderm"	335	"PLOD2"	79	"HiG"
"HiG_pharyngealMesoderm"	34	"PAICS"	162	"HiG"
"HiG_pharyngealMesoderm"	410	"IGF2BP3"	73.5	"HiG"
"HiG_pharyngealMesoderm"	0	"FSCN1"	275	"HiG"
"HiG_pharyngealMesoderm"	0	"SSR3"	275	"HiG"
"HiG_pharyngealMesoderm"	498	"NOLC1"	64	"HiG"
"HiG_pharyngealMesoderm"	706	"PGRMC1"	52	"HiG"
"HiG_pharyngealMesoderm"	0	"PPAN"	275	"HiG"
"HiG_pharyngealMesoderm"	0	"DDT"	275	"HiG"
"HiG_pharyngealMesoderm"	312	"SFXN1"	96	"HiG"
"HiG_pharyngealMesoderm"	33	"G3BP2"	163	"HiG"
"HiG_pharyngealMesoderm"	3	"HNRNPH3"	192.5	"HiG"
"HiG_pharyngealMesoderm"	134	"EBNA1BP2"	120	"HiG"
"HiG_pharyngealMesoderm"	255	"PA2G4"	106	"HiG"
"HiG_pharyngealMesoderm"	812	"PDIA6"	47	"HiG"
"HiG_pharyngealMesoderm"	0	"MEST"	275	"HiG"
"HiG_pharyngealMesoderm"	2044	"FUS"	16	"HiG"
"HiG_pharyngealMesoderm"	13263	"NCL"	1	"HiG"
"HiG_pharyngealMesoderm"	184	"FABP5"	111	"HiG"
"HiG_pharyngealMesoderm"	932	"H2AX"	40	"HiG"
"HiG_pharyngealMesoderm"	262	"CBX1"	105	"HiG"
"HiG_pharyngealMesoderm"	0	"CCND1"	275	"HiG"
"HiG_pharyngealMesoderm"	132	"MAPK3"	121.5	"HiG"
"HiG_pharyngealMesoderm"	329	"AJUBA"	84.5	"HiG"
"HiG_pharyngealMesoderm"	0	"PTOV1"	275	"HiG"
"HiG_pharyngealMesoderm"	7121	"HSP90AA1"	5	"HiG"
"HiG_pharyngealMesoderm"	0	"TSEN34"	275	"HiG"
"HiG_pharyngealMesoderm"	716	"ID1"	49	"HiG"
"HiG_pharyngealMesoderm"	0	"RAMP2"	275	"HiG"
"HiG_pharyngealMesoderm"	0	"FOXP1"	275	"HiG"
"HiG_pharyngealMesoderm"	331	"CDH11"	81	"HiG"
"HiG_pharyngealMesoderm"	22	"RALA"	171	"HiG"
"HiG_pharyngealMesoderm"	0	"PFN2"	275	"HiG"
"HiG_pharyngealMesoderm"	85	"DBN1"	139	"HiG"
"HiG_pharyngealMesoderm"	1	"CST3"	201	"HiG"
"HiG_pharyngealMesoderm"	0	"JAM3"	275	"HiG"
"HiG_pharyngealMesoderm"	1839	"APOE"	20	"HiG"
"HiG_pharyngealMesoderm"	0	"HAPLN1"	275	"HiG"
"HiG_pharyngealMesoderm"	91	"STMN1"	137	"HiG"
"HiG_pharyngealMesoderm"	0	"CNPY2"	275	"HiG"
"HiG_pharyngealMesoderm"	405	"GJA1"	76	"HiG"
"HiG_pharyngealMesoderm"	505	"SAP30"	63	"HiG"
"HiG_pharyngealMesoderm"	1067	"HMGA2"	33	"HiG"
"HiG_pharyngealMesoderm"	40	"MAT2A"	160	"HiG"
"HiG_pharyngealMesoderm"	100	"S100A10"	132	"HiG"
"HiG_pharyngealMesoderm"	27	"DEK"	166.5	"HiG"
"HiG_pharyngealMesoderm"	9507	"HSP90B1"	3	"HiG"
"HiG_pharyngealMesoderm"	1811	"RBBP7"	22	"HiG"
"HiG_pharyngealMesoderm"	0	"HES1"	275	"HiG"
"HiG_pharyngealMesoderm"	0	"ADH5"	275	"HiG"
"HiG_pharyngealMesoderm"	0	"EMG1"	275	"HiG"
"HiG_pharyngealMesoderm"	0	"CARHSP1"	275	"HiG"
"HiG_pharyngealMesoderm"	0	"CBFB"	275	"HiG"
"HiG_pharyngealMesoderm"	2199	"CD81"	15	"HiG"
"HiG_pharyngealMesoderm"	0	"PJA1"	275	"HiG"
"HiG_pharyngealMesoderm"	62	"FXYD6"	149	"HiG"
"HiG_pharyngealMesoderm"	0	"NDUFA4L2"	275	"HiG"
"HiG_pharyngealMesoderm"	414	"DKC1"	71	"HiG"
"HiG_pharyngealMesoderm"	0	"PTN"	275	"HiG"
"HiG_pharyngealMesoderm"	80	"MDH1"	141.5	"HiG"
"HiG_pharyngealMesoderm"	4	"ACIN1"	187.5	"HiG"
"HiG_pharyngealMesoderm"	0	"SPTSSA"	275	"HiG"
"HiG_pharyngealMesoderm"	329	"LAPTM4A"	84.5	"HiG"
"HiG_pharyngealMesoderm"	2442	"VIM"	14	"HiG"
"HiG_pharyngealMesoderm"	0	"DDIT4"	275	"HiG"
"HiG_pharyngealMesoderm"	1611	"TRIM28"	26	"HiG"
"HiG_pharyngealMesoderm"	0	"ARL3"	275	"HiG"
"HiG_pharyngealMesoderm"	0	"GSTO1"	275	"HiG"
"HiG_pharyngealMesoderm"	4326	"HSPD1"	8	"HiG"
"HiG_pharyngealMesoderm"	1013	"CD63"	37	"HiG"
"HiG_pharyngealMesoderm"	18	"GAR1"	174	"HiG"
"HiG_pharyngealMesoderm"	0	"POLR2F"	275	"HiG"
"HiG_pharyngealMesoderm"	27	"PLIN3"	166.5	"HiG"
"HiG_pharyngealMesoderm"	326	"TOP1"	92	"HiG"
"HiG_pharyngealMesoderm"	330	"ACVR2B"	82	"HiG"
"HiG_pharyngealMesoderm"	200	"IGF2"	109	"HiG"
"HiG_pharyngealMesoderm"	1847	"FN1"	19	"HiG"
"HiG_pharyngealMesoderm"	97	"PDIA3"	133	"HiG"
"HiG_pharyngealMesoderm"	0	"TEAD2"	275	"HiG"
"HiG_pharyngealMesoderm"	1989	"APEX1"	17	"HiG"
"HiG_pharyngealMesoderm"	0	"SLC2A1"	275	"HiG"
"HiG_pharyngealMesoderm"	278	"IGFBP5"	102	"HiG"
"HiG_pharyngealMesoderm"	0	"SFRP1"	275	"HiG"
"HiG_pharyngealMesoderm"	329	"SPARC"	84.5	"HiG"
"HiG_pharyngealMesoderm"	140	"EFNB1"	118	"HiG"
"HiG_pharyngealMesoderm"	0	"HMGN1"	275	"HiG"
"HiG_pharyngealMesoderm"	2	"MDK"	196.5	"HiG"
"HiG_pharyngealMesoderm"	658	"FST"	55	"HiG"
"HiG_pharyngealMesoderm"	2868	"MARCKS"	11	"HiG"
"HiG_pharyngealMesoderm"	0	"ARF4"	275	"HiG"
"HiG_pharyngealMesoderm"	410	"MMP14"	73.5	"HiG"
"HiG_pharyngealMesoderm"	1619	"PDIA4"	25	"HiG"
"HiG_pharyngealMesoderm"	0	"PEG3"	275	"HiG"
"HiG_pharyngealMesoderm"	14	"FBN2"	177.5	"HiG"
"HiG_pharyngealMesoderm"	59	"VAMP8"	152	"HiG"
"HiG_pharyngealMesoderm"	127	"TPM4"	125	"HiG"
"HiG_pharyngealMesoderm"	0	"CSRP2"	275	"HiG"
"HiG_pharyngealMesoderm"	121	"EBF1"	126	"HiG"
"HiG_pharyngealMesoderm"	0	"TFPI"	275	"HiG"
"HiG_pharyngealMesoderm"	657	"MPZL1"	56	"HiG"
"HiG_pharyngealMesoderm"	1327	"CALD1"	29	"HiG"
"HiG_pharyngealMesoderm"	0	"EFNA4"	275	"HiG"
"HiG_pharyngealMesoderm"	0	"SEPTIN6"	275	"HiG"
"HiG_pharyngealMesoderm"	443	"CCN1"	68	"HiG"
"HiG_pharyngealMesoderm"	156	"FGF8"	115	"HiG"
"HiG_pharyngealMesoderm"	0	"PSIP1"	275	"HiG"
"HiG_pharyngealMesoderm"	0	"SNX6"	275	"HiG"
"HiG_pharyngealMesoderm"	2774	"TPM1"	13	"HiG"
"HiG_pharyngealMesoderm"	0	"GNL3"	275	"HiG"
"HiG_pharyngealMesoderm"	68	"PCLAF"	147	"HiG"
"HiG_pharyngealMesoderm"	1272	"PKM"	30	"HiG"
"HiG_pharyngealMesoderm"	7	"ENO3"	183	"HiG"
"HiG_pharyngealMesoderm"	294	"MACROH2A1"	101	"HiG"
"HiG_pharyngealMesoderm"	0	"SNAI1"	275	"HiG"
"HiG_pharyngealMesoderm"	39	"ARG1"	161	"HiG"
"HiG_pharyngealMesoderm"	0	"GALK1"	275	"HiG"
"HiG_pharyngealMesoderm"	12	"UMPS"	179.5	"HiG"
"HiG_pharyngealMesoderm"	4691	"TUBA1A"	7	"HiG"
"HiG_pharyngealMesoderm"	1825	"CKAP4"	21	"HiG"
"HiG_pharyngealMesoderm"	407	"NOP10"	75	"HiG"
"HiG_pharyngealMesoderm"	425	"NHP2"	70	"HiG"
"HiG_pharyngealMesoderm"	0	"MYL12B"	275	"HiG"
"HiG_pharyngealMesoderm"	0	"ATXN7L3B"	275	"HiG"
"HiG_pharyngealMesoderm"	1230	"ANP32B"	32	"HiG"
"HiG_pharyngealMesoderm"	1472	"NOP58"	27	"HiG"
"HiG_pharyngealMesoderm"	168	"PFKL"	113	"HiG"
"HiG_pharyngealMesoderm"	131	"MAGED2"	123	"HiG"
"HiG_pharyngealMesoderm"	0	"HELLS"	275	"HiG"
"HiG_pharyngealMesoderm"	0	"NSUN2"	275	"HiG"
"HiG_pharyngealMesoderm"	132	"FOXC2"	121.5	"HiG"
"HiG_pharyngealMesoderm"	16	"UBE2D1"	175.5	"HiG"
"HiG_pharyngealMesoderm"	1789	"SIX1"	24	"HiG"
"HiG_pharyngealMesoderm"	167	"MEIS2"	114	"HiG"
"HiG_pharyngealMesoderm"	328	"XBP1"	87.5	"HiG"
"HiG_pharyngealMesoderm"	0	"WDR12"	275	"HiG"
"HiG_pharyngealMesoderm"	19	"RBP1"	173	"HiG"
"HiG_pharyngealMesoderm"	0	"HSD11B2"	275	"HiG"
"HiG_pharyngealMesoderm"	483	"HAT1"	66	"HiG"
"HiG_pharyngealMesoderm"	0	"CNN3"	275	"HiG"
"HiG_pharyngealMesoderm"	16	"H2AZ2"	175.5	"HiG"
"HiG_pharyngealMesoderm"	23	"LUZP1"	169	"HiG"
"HiG_pharyngealMesoderm"	120	"SIVA1"	127	"HiG"
"HiG_pharyngealMesoderm"	0	"TBX1"	275	"HiG"
"HiG_pharyngealMesoderm"	316	"SDF2L1"	94	"HiG"
"HiG_pharyngealMesoderm"	183	"DDX18"	112	"HiG"
"HiG_pharyngealMesoderm"	1795	"NOP56"	23	"HiG"
"HiG_pharyngealMesoderm"	0	"TSC22D3"	275	"HiG"
"HiG_pharyngealMesoderm"	329	"DCAKD"	84.5	"HiG"
"HiG_pharyngealMesoderm"	0	"HIGD1A"	275	"HiG"
"HiG_pharyngealMesoderm"	14	"IER2"	177.5	"HiG"
"HiG_pharyngealMesoderm"	546	"TPI1"	62	"HiG"
"HiG_pharyngealMesoderm"	616	"HSD17B10"	61	"HiG"
"HiG_pharyngealMesoderm"	90	"SOX4"	138	"HiG"
"HiG_pharyngealMesoderm"	1008	"MYCN"	38	"HiG"
"HiG_pharyngealMesoderm"	1043	"YWHAQ"	35	"HiG"
"HiG_pharyngealMesoderm"	479	"IMPDH2"	67	"HiG"
"HiG_pharyngealMesoderm"	0	"HMGN3"	275	"HiG"
"HiG_pharyngealMesoderm"	0	"PNRC1"	275	"HiG"
"HiG_pharyngealMesoderm"	3	"COLEC12"	192.5	"HiG"
"HiG_pharyngealMesoderm"	62	"TTC3"	149	"HiG"
"HiG_pharyngealMesoderm"	0	"CRABP1"	275	"HiG"
"HiG_pharyngealMesoderm"	0	"JPT2"	275	"HiG"
"HiG_pharyngealMesoderm"	492	"NPM3"	65	"HiG"
"HiG_pharyngealMesoderm"	0	"FRZB"	275	"HiG"
"HiG_pharyngealMesoderm"	711	"TWIST1"	50	"HiG"
"HiG_pharyngealMesoderm"	80	"BASP1"	141.5	"HiG"
"HiG_pharyngealMesoderm"	51	"CNN2"	157	"HiG"
"HiG_pharyngealMesoderm"	54	"RSL1D1"	154.5	"HiG"
"HiG_pharyngealMesoderm"	1036	"RRS1"	36	"HiG"
"HiG_pharyngealMesoderm"	0	"RCL1"	275	"HiG"
"HiG_pharyngealMesoderm"	1	"SLC25A4"	201	"HiG"
"HiG_pharyngealMesoderm"	6	"LAPTM4B"	184.5	"HiG"
"HiG_pharyngealMesoderm"	328	"SRM"	87.5	"HiG"
"HiG_pharyngealMesoderm"	93	"LDHB"	135.5	"HiG"
"HiG_pharyngealMesoderm"	0	"HMGB3"	275	"HiG"
"HiG_pharyngealMesoderm"	0	"LITAF"	275	"HiG"
"HiG_pharyngealMesoderm"	0	"RSPO1"	275	"HiG"
"HiG_pharyngealMesoderm"	0	"ARMCX2"	275	"HiG"
"HiG_pharyngealMesoderm"	0	"FZD2"	275	"HiG"
"HiG_pharyngealMesoderm"	667	"MFAP4"	53	"HiG"
"HiG_pharyngealMesoderm"	0	"RAB34"	275	"HiG"
"HiG_pharyngealMesoderm"	4	"PIMREG"	187.5	"HiG"
"HiG_pharyngealMesoderm"	619	"LIN28A"	60	"HiG"
"HiG_pharyngealMesoderm"	23	"SOCS2"	169	"HiG"
"HiG_pharyngealMesoderm"	0	"RCBTB2"	275	"HiG"
"HiG_pharyngealMesoderm"	0	"PCBP4"	275	"HiG"
"HiG_pharyngealMesoderm"	0	"TBCB"	275	"HiG"
"HiG_pharyngealMesoderm"	84	"UBQLN2"	140	"HiG"
"HiG_pharyngealMesoderm"	0	"COL26A1"	275	"HiG"
"HiG_pharyngealMesoderm"	0	"TUBB6"	275	"HiG"
"HiG_pharyngealMesoderm"	0	"MARCKSL1"	275	"HiG"
"HiG_pharyngealMesoderm"	0	"FERMT2"	275	"HiG"
"HiG_pharyngealMesoderm"	271	"TPM2"	104	"HiG"
"HiG_pharyngealMesoderm"	299	"TXNDC5"	99	"HiG"
"HiG_pharyngealMesoderm"	3	"FAM162A"	192.5	"HiG"
"HiG_pharyngealMesoderm"	6	"RBMS1"	184.5	"HiG"
"HiG_pharyngealMesoderm"	94	"SPCS2"	134	"HiG"
"HiG_pharyngealMesoderm"	0	"CFL2"	275	"HiG"
"HiG_pharyngealMesoderm"	0	"RCN2"	275	"HiG"
"HiG_pharyngealMesoderm"	0	"SH3BGRL"	275	"HiG"
"HiG_pharyngealMesoderm"	73	"TMSB10"	146	"HiG"
"HiG_pharyngealMesoderm"	0	"SNX5"	275	"HiG"
"HiG_pharyngealMesoderm"	0	"GPATCH4"	275	"HiG"
"HiG_pharyngealMesoderm"	2800	"UBB"	12	"HiG"
"HiG_pharyngealMesoderm"	0	"BCAT1"	275	"HiG"
"HiG_pharyngealMesoderm"	12	"TECR"	179.5	"HiG"
"HiG_pharyngealMesoderm"	0	"IGFBP2"	275	"HiG"
"HiG_pharyngealMesoderm"	8	"NECTIN2"	182	"HiG"
"HiG_pharyngealMesoderm"	626	"PPID"	59	"HiG"
"HiG_pharyngealMesoderm"	0	"PTGIS"	275	"HiG"
"HiG_pharyngealMesoderm"	326	"MACROH2A2"	92	"HiG"
"HiG_pharyngealMesoderm"	62	"TMBIM6"	149	"HiG"
"HiG_pharyngealMesoderm"	78	"IDH2"	143	"HiG"
"HiG_pharyngealMesoderm"	649	"MTAP"	58	"HiG"
"HiG_pharyngealMesoderm"	0	"CTSZ"	275	"HiG"
"HiG_pharyngealMesoderm"	663	"IGFBP4"	54	"HiG"
"HiG_pharyngealMesoderm"	0	"SMS"	275	"HiG"
"HiG_pharyngealMesoderm"	327	"UBE2R2"	89.5	"HiG"
"HiG_pharyngealMesoderm"	1	"NMRAL1"	201	"HiG"
"HiG_pharyngealMesoderm"	275	"TMSB4X"	103	"HiG"
"HiG_pharyngealMesoderm"	0	"GPX3"	275	"HiG"
"HiG_pharyngealMesoderm"	0	"ITM2A"	275	"HiG"
"HiG_pharyngealMesoderm"	0	"NFIL3"	275	"HiG"
"HiG_pharyngealMesoderm"	0	"LIMD2"	275	"HiG"
"HiG_pharyngealMesoderm"	0	"EVA1B"	275	"HiG"
"HiG_pharyngealMesoderm"	0	"SMOC1"	275	"HiG"
"HiG_pharyngealMesoderm"	0	"MYL7"	275	"HiG"
"HiG_pharyngealMesoderm"	0	"TXNDC12"	275	"HiG"
"HiG_pharyngealMesoderm"	0	"INKA1"	275	"HiG"
"HiG_pharyngealMesoderm"	0	"EPOP"	275	"HiG"
"HiG_pharyngealMesoderm"	0	"TNFAIP1"	275	"HiG"
"HiG_pharyngealMesoderm"	0	"CTHRC1"	275	"HiG"
"HiG_pharyngealMesoderm"	0	"RCOR2"	275	"HiG"
"HiG_pharyngealMesoderm"	0	"CDCA7"	275	"HiG"
"HiG_pharyngealMesoderm"	0	"OAF"	275	"HiG"
"HiG_pharyngealMesoderm"	1	"EMB"	201	"HiG"
"HiG_pharyngealMesoderm"	0	"TSPAN3"	275	"HiG"
"HiG_pharyngealMesoderm"	327	"GPC3"	89.5	"HiG"
"HiG_pharyngealMesoderm"	0	"MTCH1"	275	"HiG"
"HiG_pharyngealMesoderm"	0	"TMEM59"	275	"HiG"
"HiG_pharyngealMesoderm"	0	"PPP1R1A"	275	"HiG"
"HiG_pharyngealMesoderm"	0	"PRXL2A"	275	"HiG"
"HiG_pharyngealMesoderm"	0	"LPAR6"	275	"HiG"
"HiG_pharyngealMesoderm"	303	"LPAR1"	98	"HiG"
"HiG_pharyngealMesoderm"	41	"FSTL1"	159	"HiG"
"HiG_pharyngealMesoderm"	0	"IFT74"	275	"HiG"
"HiG_pharyngealMesoderm"	0	"WLS"	275	"HiG"
"HiG_pharyngealMesoderm"	0	"KRTCAP2"	275	"HiG"
"HiG_pharyngealMesoderm"	0	"OAZ2"	275	"HiG"
"HiG_pharyngealMesoderm"	0	"WDR43"	275	"HiG"
"HiG_pharyngealMesoderm"	0	"SLC16A3"	275	"HiG"
"HiG_pharyngealMesoderm"	0	"PLPP3"	275	"HiG"
"HiG_pharyngealMesoderm"	0	"PRTG"	275	"HiG"
"HiG_pharyngealMesoderm"	0	"CLMP"	275	"HiG"
"HiG_pharyngealMesoderm"	296	"OSTC"	100	"HiG"
"HiG_pharyngealMesoderm"	0	"SOX11"	275	"HiG"
"HiG_pharyngealMesoderm"	333	"GPX8"	80	"HiG"
"HiG_pharyngealMesoderm"	0	"CMTM7"	275	"HiG"
"HiG_pharyngealMesoderm"	1	"CYP26A1"	201	"HiG"
"HiG_pharyngealMesoderm"	0	"MMD"	275	"HiG"
"HiG_pharyngealMesoderm"	1	"GAS1"	201	"HiG"
"HiG_pharyngealMesoderm"	2	"IRX3"	196.5	"HiG"
"HiG_pharyngealMesoderm"	0	"NKD1"	275	"HiG"
"HiG_pharyngealMesoderm"	652	"VCAN"	57	"HiG"
"HiG_pharyngealMesoderm"	351	"MFAP2"	77	"HiG"
"HiG_pharyngealMesoderm"	304	"IRX5"	97	"HiG"
"HiG_pharyngealMesoderm"	0	"CTXN1"	275	"HiG"
"HiG_pharyngealMesoderm"	191	"IFITM1"	110	"HiG"
"HiG_pharyngealMesoderm"	0	"TCF15"	275	"HiG"
"HiG_pharyngealMesoderm"	0	"TSPAN6"	275	"HiG"
"HiG_pharyngealMesoderm"	0	"SELENOH"	275	"HiG"
"HiG_pharyngealMesoderm"	0	"ZCCHC3"	275	"HiG"
"HiG_pharyngealMesoderm"	314	"IRX1"	95	"HiG"
"HiG_pharyngealMesoderm"	427	"RASL11A"	69	"HiG"
"HiG_pharyngealMesoderm"	0	"PCOLCE"	275	"HiG"
"HiG_pharyngealMesoderm"	0	"PIGX"	275	"HiG"
"HiG_pharyngealMesoderm"	0	"TGIF1"	275	"HiG"
"HiG_pharyngealMesoderm"	0	"TCEAL8"	275	"HiG"
"HiG_pharyngealMesoderm"	744	"PRRX2"	48	"HiG"
"HiG_pharyngealMesoderm"	0	"TSPAN7"	275	"HiG"
"HiG_pharyngealMesoderm"	0	"MOGAT2"	275	"HiG"
"HiG_pharyngealMesoderm"	0	"ZFP36L1"	275	"HiG"
"HiG_presomiticMesoderm.a"	0	"CITED2"	257.5	"HiG"
"HiG_presomiticMesoderm.a"	39	"ANXA5"	162.5	"HiG"
"HiG_presomiticMesoderm.a"	3768	"FGFR1"	6	"HiG"
"HiG_presomiticMesoderm.a"	1245	"C1QBP"	24	"HiG"
"HiG_presomiticMesoderm.a"	222	"ID3"	118	"HiG"
"HiG_presomiticMesoderm.a"	226	"LEF1"	116	"HiG"
"HiG_presomiticMesoderm.a"	340	"SRSF9"	77	"HiG"
"HiG_presomiticMesoderm.a"	481	"MCM7"	61	"HiG"
"HiG_presomiticMesoderm.a"	507	"RAP1A"	59	"HiG"
"HiG_presomiticMesoderm.a"	22	"LMO2"	172	"HiG"
"HiG_presomiticMesoderm.a"	0	"CITED1"	257.5	"HiG"
"HiG_presomiticMesoderm.a"	318	"MAGED1"	83.5	"HiG"
"HiG_presomiticMesoderm.a"	0	"PTRH2"	257.5	"HiG"
"HiG_presomiticMesoderm.a"	740	"NDN"	40	"HiG"
"HiG_presomiticMesoderm.a"	1151	"SERPINH1"	28	"HiG"
"HiG_presomiticMesoderm.a"	651	"F11R"	46	"HiG"
"HiG_presomiticMesoderm.a"	396	"CADM1"	74	"HiG"
"HiG_presomiticMesoderm.a"	2802	"NEDD4"	11	"HiG"
"HiG_presomiticMesoderm.a"	105	"PRDX4"	140	"HiG"
"HiG_presomiticMesoderm.a"	1	"LSM2"	196.5	"HiG"
"HiG_presomiticMesoderm.a"	61	"LMO4"	149.5	"HiG"
"HiG_presomiticMesoderm.a"	211	"CCNE1"	119.5	"HiG"
"HiG_presomiticMesoderm.a"	1616	"ACTB"	16	"HiG"
"HiG_presomiticMesoderm.a"	10	"PTBP2"	181	"HiG"
"HiG_presomiticMesoderm.a"	309	"RBPMS"	85	"HiG"
"HiG_presomiticMesoderm.a"	47	"HOXA1"	159	"HiG"
"HiG_presomiticMesoderm.a"	1620	"HOXB6"	15	"HiG"
"HiG_presomiticMesoderm.a"	0	"DCTPP1"	257.5	"HiG"
"HiG_presomiticMesoderm.a"	0	"LLPH"	257.5	"HiG"
"HiG_presomiticMesoderm.a"	294	"BEX3"	94.5	"HiG"
"HiG_presomiticMesoderm.a"	4	"DKK1"	185.5	"HiG"
"HiG_presomiticMesoderm.a"	190	"ACTN1"	125	"HiG"
"HiG_presomiticMesoderm.a"	0	"PDLIM4"	257.5	"HiG"
"HiG_presomiticMesoderm.a"	248	"DUT"	111	"HiG"
"HiG_presomiticMesoderm.a"	0	"BEX2"	257.5	"HiG"
"HiG_presomiticMesoderm.a"	924	"HOXB9"	35	"HiG"
"HiG_presomiticMesoderm.a"	0	"GLUL"	257.5	"HiG"
"HiG_presomiticMesoderm.a"	138	"DUSP6"	134	"HiG"
"HiG_presomiticMesoderm.a"	1088	"RPS26"	29	"HiG"
"HiG_presomiticMesoderm.a"	93	"STMN2"	143	"HiG"
"HiG_presomiticMesoderm.a"	1273	"CALM2"	23	"HiG"
"HiG_presomiticMesoderm.a"	175	"CCND2"	127	"HiG"
"HiG_presomiticMesoderm.a"	3	"ARL6IP1"	188	"HiG"
"HiG_presomiticMesoderm.a"	0	"PAFAH1B3"	257.5	"HiG"
"HiG_presomiticMesoderm.a"	518	"EPB41L3"	57	"HiG"
"HiG_presomiticMesoderm.a"	0	"BCCIP"	257.5	"HiG"
"HiG_presomiticMesoderm.a"	431	"RTN4"	68	"HiG"
"HiG_presomiticMesoderm.a"	3	"EXOSC7"	188	"HiG"
"HiG_presomiticMesoderm.a"	0	"CTNNBIP1"	257.5	"HiG"
"HiG_presomiticMesoderm.a"	13909	"HSPA5"	1	"HiG"
"HiG_presomiticMesoderm.a"	724	"CDC20"	42	"HiG"
"HiG_presomiticMesoderm.a"	0	"TCEAL9"	257.5	"HiG"
"HiG_presomiticMesoderm.a"	139	"LYAR"	132.5	"HiG"
"HiG_presomiticMesoderm.a"	597	"FKBP4"	50	"HiG"
"HiG_presomiticMesoderm.a"	284	"PPIB"	101	"HiG"
"HiG_presomiticMesoderm.a"	1082	"IGF2BP1"	30	"HiG"
"HiG_presomiticMesoderm.a"	61	"NASP"	149.5	"HiG"
"HiG_presomiticMesoderm.a"	456	"FBLN1"	64	"HiG"
"HiG_presomiticMesoderm.a"	413	"PAICS"	72	"HiG"
"HiG_presomiticMesoderm.a"	465	"IGF2BP3"	63	"HiG"
"HiG_presomiticMesoderm.a"	144	"FSCN1"	131	"HiG"
"HiG_presomiticMesoderm.a"	46	"DYNLL1"	160	"HiG"
"HiG_presomiticMesoderm.a"	280	"SNRPF"	102	"HiG"
"HiG_presomiticMesoderm.a"	536	"NOLC1"	55	"HiG"
"HiG_presomiticMesoderm.a"	1020	"GNAS"	33	"HiG"
"HiG_presomiticMesoderm.a"	0	"PPAN"	257.5	"HiG"
"HiG_presomiticMesoderm.a"	0	"DDT"	257.5	"HiG"
"HiG_presomiticMesoderm.a"	0	"SFXN1"	257.5	"HiG"
"HiG_presomiticMesoderm.a"	539	"G3BP2"	54	"HiG"
"HiG_presomiticMesoderm.a"	174	"HNRNPH3"	128	"HiG"
"HiG_presomiticMesoderm.a"	451	"EBNA1BP2"	65	"HiG"
"HiG_presomiticMesoderm.a"	1396	"PA2G4"	20	"HiG"
"HiG_presomiticMesoderm.a"	2073	"PDIA6"	12	"HiG"
"HiG_presomiticMesoderm.a"	8646	"NCL"	2	"HiG"
"HiG_presomiticMesoderm.a"	294	"FABP5"	94.5	"HiG"
"HiG_presomiticMesoderm.a"	1344	"H2AX"	21	"HiG"
"HiG_presomiticMesoderm.a"	103	"CBX1"	141.5	"HiG"
"HiG_presomiticMesoderm.a"	26	"CCND1"	166	"HiG"
"HiG_presomiticMesoderm.a"	1476	"MAPK3"	18	"HiG"
"HiG_presomiticMesoderm.a"	0	"LSR"	257.5	"HiG"
"HiG_presomiticMesoderm.a"	0	"PTOV1"	257.5	"HiG"
"HiG_presomiticMesoderm.a"	6861	"HSP90AA1"	4	"HiG"
"HiG_presomiticMesoderm.a"	0	"DNMT3B"	257.5	"HiG"
"HiG_presomiticMesoderm.a"	0	"TSEN34"	257.5	"HiG"
"HiG_presomiticMesoderm.a"	436	"ID1"	66	"HiG"
"HiG_presomiticMesoderm.a"	298	"RALA"	89	"HiG"
"HiG_presomiticMesoderm.a"	158	"DBN1"	130	"HiG"
"HiG_presomiticMesoderm.a"	0	"CST3"	257.5	"HiG"
"HiG_presomiticMesoderm.a"	623	"STMN1"	47	"HiG"
"HiG_presomiticMesoderm.a"	0	"CNPY2"	257.5	"HiG"
"HiG_presomiticMesoderm.a"	3339	"GJA1"	7	"HiG"
"HiG_presomiticMesoderm.a"	729	"SAP30"	41	"HiG"
"HiG_presomiticMesoderm.a"	668	"HMGA2"	45	"HiG"
"HiG_presomiticMesoderm.a"	334	"MAT2A"	79	"HiG"
"HiG_presomiticMesoderm.a"	39	"DEK"	162.5	"HiG"
"HiG_presomiticMesoderm.a"	527	"CDX2"	56	"HiG"
"HiG_presomiticMesoderm.a"	575	"MSX1"	51	"HiG"
"HiG_presomiticMesoderm.a"	2	"ADH5"	191.5	"HiG"
"HiG_presomiticMesoderm.a"	245	"ALDH2"	113	"HiG"
"HiG_presomiticMesoderm.a"	0	"EMG1"	257.5	"HiG"
"HiG_presomiticMesoderm.a"	2041	"CD81"	13	"HiG"
"HiG_presomiticMesoderm.a"	1	"PJA1"	196.5	"HiG"
"HiG_presomiticMesoderm.a"	285	"DKC1"	100	"HiG"
"HiG_presomiticMesoderm.a"	50	"PTN"	154.5	"HiG"
"HiG_presomiticMesoderm.a"	0	"B2M"	257.5	"HiG"
"HiG_presomiticMesoderm.a"	0	"SPTSSA"	257.5	"HiG"
"HiG_presomiticMesoderm.a"	0	"LAPTM4A"	257.5	"HiG"
"HiG_presomiticMesoderm.a"	3237	"VIM"	8	"HiG"
"HiG_presomiticMesoderm.a"	0	"DDIT4"	257.5	"HiG"
"HiG_presomiticMesoderm.a"	24	"MLLT3"	170	"HiG"
"HiG_presomiticMesoderm.a"	0	"RRAS2"	257.5	"HiG"
"HiG_presomiticMesoderm.a"	1	"ARL3"	196.5	"HiG"
"HiG_presomiticMesoderm.a"	0	"GSTO1"	257.5	"HiG"
"HiG_presomiticMesoderm.a"	0	"PDCD5"	257.5	"HiG"
"HiG_presomiticMesoderm.a"	7322	"HSPD1"	3	"HiG"
"HiG_presomiticMesoderm.a"	881	"CD63"	37	"HiG"
"HiG_presomiticMesoderm.a"	21	"GAR1"	173	"HiG"
"HiG_presomiticMesoderm.a"	0	"TOP1"	257.5	"HiG"
"HiG_presomiticMesoderm.a"	297	"ACVR2B"	90	"HiG"
"HiG_presomiticMesoderm.a"	5306	"FN1"	5	"HiG"
"HiG_presomiticMesoderm.a"	120	"TEAD2"	137	"HiG"
"HiG_presomiticMesoderm.a"	1666	"APEX1"	14	"HiG"
"HiG_presomiticMesoderm.a"	60	"HOXD4"	151	"HiG"
"HiG_presomiticMesoderm.a"	16	"S100A11"	176	"HiG"
"HiG_presomiticMesoderm.a"	294	"ARID3B"	94.5	"HiG"
"HiG_presomiticMesoderm.a"	7	"BEX1"	183	"HiG"
"HiG_presomiticMesoderm.a"	49	"HOXB1"	156	"HiG"
"HiG_presomiticMesoderm.a"	0	"DLL1"	257.5	"HiG"
"HiG_presomiticMesoderm.a"	1020	"HMGN1"	33	"HiG"
"HiG_presomiticMesoderm.a"	506	"MDK"	60	"HiG"
"HiG_presomiticMesoderm.a"	294	"FST"	94.5	"HiG"
"HiG_presomiticMesoderm.a"	606	"MARCKS"	49	"HiG"
"HiG_presomiticMesoderm.a"	0	"NR6A1"	257.5	"HiG"
"HiG_presomiticMesoderm.a"	200	"ARF4"	122.5	"HiG"
"HiG_presomiticMesoderm.a"	1285	"HMGB2"	22	"HiG"
"HiG_presomiticMesoderm.a"	1020	"HOXB8"	33	"HiG"
"HiG_presomiticMesoderm.a"	426	"PDIA4"	69	"HiG"
"HiG_presomiticMesoderm.a"	318	"EPHA4"	83.5	"HiG"
"HiG_presomiticMesoderm.a"	0	"TPM4"	257.5	"HiG"
"HiG_presomiticMesoderm.a"	0	"CSRP2"	257.5	"HiG"
"HiG_presomiticMesoderm.a"	262	"MEOX1"	108	"HiG"
"HiG_presomiticMesoderm.a"	0	"FHL1"	257.5	"HiG"
"HiG_presomiticMesoderm.a"	7	"ALDOC"	183	"HiG"
"HiG_presomiticMesoderm.a"	0	"MPZL1"	257.5	"HiG"
"HiG_presomiticMesoderm.a"	58	"FBXO5"	152	"HiG"
"HiG_presomiticMesoderm.a"	253	"CALD1"	109	"HiG"
"HiG_presomiticMesoderm.a"	0	"SEPTIN6"	257.5	"HiG"
"HiG_presomiticMesoderm.a"	294	"CCN1"	94.5	"HiG"
"HiG_presomiticMesoderm.a"	52	"SDC1"	153	"HiG"
"HiG_presomiticMesoderm.a"	0	"CYB5A"	257.5	"HiG"
"HiG_presomiticMesoderm.a"	719	"FGF8"	43	"HiG"
"HiG_presomiticMesoderm.a"	0	"PSIP1"	257.5	"HiG"
"HiG_presomiticMesoderm.a"	0	"SNX6"	257.5	"HiG"
"HiG_presomiticMesoderm.a"	275	"GNL3"	105	"HiG"
"HiG_presomiticMesoderm.a"	201	"PCLAF"	121	"HiG"
"HiG_presomiticMesoderm.a"	622	"MACROH2A1"	48	"HiG"
"HiG_presomiticMesoderm.a"	323	"SNAI1"	80.5	"HiG"
"HiG_presomiticMesoderm.a"	123	"ARG1"	136	"HiG"
"HiG_presomiticMesoderm.a"	2959	"TUBA1A"	10	"HiG"
"HiG_presomiticMesoderm.a"	116	"TXNL4A"	138	"HiG"
"HiG_presomiticMesoderm.a"	515	"CKAP4"	58	"HiG"
"HiG_presomiticMesoderm.a"	323	"NOP10"	80.5	"HiG"
"HiG_presomiticMesoderm.a"	247	"NHP2"	112	"HiG"
"HiG_presomiticMesoderm.a"	232	"MYL12B"	115	"HiG"
"HiG_presomiticMesoderm.a"	0	"ANP32B"	257.5	"HiG"
"HiG_presomiticMesoderm.a"	19	"HNRNPDL"	174	"HiG"
"HiG_presomiticMesoderm.a"	871	"NOP58"	38	"HiG"
"HiG_presomiticMesoderm.a"	474	"MAGED2"	62	"HiG"
"HiG_presomiticMesoderm.a"	200	"HELLS"	122.5	"HiG"
"HiG_presomiticMesoderm.a"	0	"UBE2D1"	257.5	"HiG"
"HiG_presomiticMesoderm.a"	0	"PAIP2"	257.5	"HiG"
"HiG_presomiticMesoderm.a"	294	"TSC22D1"	94.5	"HiG"
"HiG_presomiticMesoderm.a"	1	"MKRN1"	196.5	"HiG"
"HiG_presomiticMesoderm.a"	0	"ETV4"	257.5	"HiG"
"HiG_presomiticMesoderm.a"	277	"HOXA5"	103	"HiG"
"HiG_presomiticMesoderm.a"	1172	"MEIS2"	26	"HiG"
"HiG_presomiticMesoderm.a"	2	"WDR12"	191.5	"HiG"
"HiG_presomiticMesoderm.a"	252	"RBP1"	110	"HiG"
"HiG_presomiticMesoderm.a"	0	"CNN3"	257.5	"HiG"
"HiG_presomiticMesoderm.a"	45	"H2AZ2"	161	"HiG"
"HiG_presomiticMesoderm.a"	349	"DDX18"	76	"HiG"
"HiG_presomiticMesoderm.a"	1051	"NOP56"	31	"HiG"
"HiG_presomiticMesoderm.a"	0	"DCAKD"	257.5	"HiG"
"HiG_presomiticMesoderm.a"	0	"PTK7"	257.5	"HiG"
"HiG_presomiticMesoderm.a"	0	"IER2"	257.5	"HiG"
"HiG_presomiticMesoderm.a"	1195	"GRSF1"	25	"HiG"
"HiG_presomiticMesoderm.a"	896	"HSD17B10"	36	"HiG"
"HiG_presomiticMesoderm.a"	63	"SOX4"	147	"HiG"
"HiG_presomiticMesoderm.a"	338	"MYCN"	78	"HiG"
"HiG_presomiticMesoderm.a"	3106	"YWHAQ"	9	"HiG"
"HiG_presomiticMesoderm.a"	191	"IMPDH2"	124	"HiG"
"HiG_presomiticMesoderm.a"	272	"HMGN3"	107	"HiG"
"HiG_presomiticMesoderm.a"	3	"DBI"	188	"HiG"
"HiG_presomiticMesoderm.a"	1	"TTC3"	196.5	"HiG"
"HiG_presomiticMesoderm.a"	0	"CRABP1"	257.5	"HiG"
"HiG_presomiticMesoderm.a"	0	"UROD"	257.5	"HiG"
"HiG_presomiticMesoderm.a"	0	"JPT2"	257.5	"HiG"
"HiG_presomiticMesoderm.a"	0	"FRZB"	257.5	"HiG"
"HiG_presomiticMesoderm.a"	13	"HOXB4"	178	"HiG"
"HiG_presomiticMesoderm.a"	1442	"BASP1"	19	"HiG"
"HiG_presomiticMesoderm.a"	0	"COTL1"	257.5	"HiG"
"HiG_presomiticMesoderm.a"	18	"RSL1D1"	175	"HiG"
"HiG_presomiticMesoderm.a"	401	"RRS1"	73	"HiG"
"HiG_presomiticMesoderm.a"	294	"RCL1"	94.5	"HiG"
"HiG_presomiticMesoderm.a"	62	"LAPTM4B"	148	"HiG"
"HiG_presomiticMesoderm.a"	164	"SRM"	129	"HiG"
"HiG_presomiticMesoderm.a"	305	"LDHB"	87.5	"HiG"
"HiG_presomiticMesoderm.a"	25	"LITAF"	168.5	"HiG"
"HiG_presomiticMesoderm.a"	106	"CRABP2"	139	"HiG"
"HiG_presomiticMesoderm.a"	0	"RAB34"	257.5	"HiG"
"HiG_presomiticMesoderm.a"	30	"PIMREG"	164	"HiG"
"HiG_presomiticMesoderm.a"	211	"LIN28A"	119.5	"HiG"
"HiG_presomiticMesoderm.a"	0	"GNG2"	257.5	"HiG"
"HiG_presomiticMesoderm.a"	0	"PLP2"	257.5	"HiG"
"HiG_presomiticMesoderm.a"	0	"PCBP4"	257.5	"HiG"
"HiG_presomiticMesoderm.a"	48	"TBCB"	157.5	"HiG"
"HiG_presomiticMesoderm.a"	417	"UBQLN2"	71	"HiG"
"HiG_presomiticMesoderm.a"	139	"NPC2"	132.5	"HiG"
"HiG_presomiticMesoderm.a"	0	"SKAP2"	257.5	"HiG"
"HiG_presomiticMesoderm.a"	0	"TUBB6"	257.5	"HiG"
"HiG_presomiticMesoderm.a"	0	"EEF1E1"	257.5	"HiG"
"HiG_presomiticMesoderm.a"	0	"HYPK"	257.5	"HiG"
"HiG_presomiticMesoderm.a"	0	"MARCKSL1"	257.5	"HiG"
"HiG_presomiticMesoderm.a"	48	"FERMT2"	157.5	"HiG"
"HiG_presomiticMesoderm.a"	0	"LRRC42"	257.5	"HiG"
"HiG_presomiticMesoderm.a"	291	"SPCS2"	99	"HiG"
"HiG_presomiticMesoderm.a"	2	"CFL2"	191.5	"HiG"
"HiG_presomiticMesoderm.a"	0	"RCN2"	257.5	"HiG"
"HiG_presomiticMesoderm.a"	50	"SH3BGRL"	154.5	"HiG"
"HiG_presomiticMesoderm.a"	685	"TMSB10"	44	"HiG"
"HiG_presomiticMesoderm.a"	0	"GPATCH4"	257.5	"HiG"
"HiG_presomiticMesoderm.a"	433	"TUBB2B"	67	"HiG"
"HiG_presomiticMesoderm.a"	0	"FGF3"	257.5	"HiG"
"HiG_presomiticMesoderm.a"	322	"ALDH1A2"	82	"HiG"
"HiG_presomiticMesoderm.a"	0	"BCAT1"	257.5	"HiG"
"HiG_presomiticMesoderm.a"	811	"CDX1"	39	"HiG"
"HiG_presomiticMesoderm.a"	1154	"PPID"	27	"HiG"
"HiG_presomiticMesoderm.a"	0	"CENPW"	257.5	"HiG"
"HiG_presomiticMesoderm.a"	7	"MACROH2A2"	183	"HiG"
"HiG_presomiticMesoderm.a"	0	"ADK"	257.5	"HiG"
"HiG_presomiticMesoderm.a"	23	"TMBIM6"	171	"HiG"
"HiG_presomiticMesoderm.a"	0	"IDH2"	257.5	"HiG"
"HiG_presomiticMesoderm.a"	12	"MTAP"	179	"HiG"
"HiG_presomiticMesoderm.a"	4	"UGDH"	185.5	"HiG"
"HiG_presomiticMesoderm.a"	224	"FOXB1"	117	"HiG"
"HiG_presomiticMesoderm.a"	294	"MGST1"	94.5	"HiG"
"HiG_presomiticMesoderm.a"	0	"ALPL"	257.5	"HiG"
"HiG_presomiticMesoderm.a"	565	"IGFBP4"	52	"HiG"
"HiG_presomiticMesoderm.a"	0	"SMS"	257.5	"HiG"
"HiG_presomiticMesoderm.a"	276	"UBE2R2"	104	"HiG"
"HiG_presomiticMesoderm.a"	103	"NMRAL1"	141.5	"HiG"
"HiG_presomiticMesoderm.a"	69	"HOXA2"	146	"HiG"
"HiG_presomiticMesoderm.a"	1561	"CDX4"	17	"HiG"
"HiG_presomiticMesoderm.a"	1	"TBX6"	196.5	"HiG"
"HiG_presomiticMesoderm.a"	305	"TMSB4X"	87.5	"HiG"
"HiG_presomiticMesoderm.a"	0	"GPX3"	257.5	"HiG"
"HiG_presomiticMesoderm.a"	0	"LIMD2"	257.5	"HiG"
"HiG_presomiticMesoderm.a"	0	"SMOC1"	257.5	"HiG"
"HiG_presomiticMesoderm.a"	11	"YPEL3"	180	"HiG"
"HiG_presomiticMesoderm.a"	0	"TXNDC12"	257.5	"HiG"
"HiG_presomiticMesoderm.a"	0	"INKA1"	257.5	"HiG"
"HiG_presomiticMesoderm.a"	0	"EPOP"	257.5	"HiG"
"HiG_presomiticMesoderm.a"	0	"GREB1L"	257.5	"HiG"
"HiG_presomiticMesoderm.a"	0	"TNFAIP1"	257.5	"HiG"
"HiG_presomiticMesoderm.a"	0	"CDCA7"	257.5	"HiG"
"HiG_presomiticMesoderm.a"	0	"EMB"	257.5	"HiG"
"HiG_presomiticMesoderm.a"	186	"TSPAN3"	126	"HiG"
"HiG_presomiticMesoderm.a"	88	"GPC3"	144	"HiG"
"HiG_presomiticMesoderm.a"	0	"MTCH1"	257.5	"HiG"
"HiG_presomiticMesoderm.a"	0	"TMEM59"	257.5	"HiG"
"HiG_presomiticMesoderm.a"	0	"PPP1R1A"	257.5	"HiG"
"HiG_presomiticMesoderm.a"	564	"SMC6"	53	"HiG"
"HiG_presomiticMesoderm.a"	26	"LPAR1"	166	"HiG"
"HiG_presomiticMesoderm.a"	308	"FSTL1"	86	"HiG"
"HiG_presomiticMesoderm.a"	273	"NAAA"	106	"HiG"
"HiG_presomiticMesoderm.a"	0	"IFT74"	257.5	"HiG"
"HiG_presomiticMesoderm.a"	0	"WLS"	257.5	"HiG"
"HiG_presomiticMesoderm.a"	2	"FABP7"	191.5	"HiG"
"HiG_presomiticMesoderm.a"	0	"HMGN5"	257.5	"HiG"
"HiG_presomiticMesoderm.a"	0	"TIMM8B"	257.5	"HiG"
"HiG_presomiticMesoderm.a"	0	"RSPO3"	257.5	"HiG"
"HiG_presomiticMesoderm.a"	0	"BEX4"	257.5	"HiG"
"HiG_presomiticMesoderm.a"	0	"WDR43"	257.5	"HiG"
"HiG_presomiticMesoderm.a"	0	"PHLDA2"	257.5	"HiG"
"HiG_presomiticMesoderm.a"	0	"PRTG"	257.5	"HiG"
"HiG_presomiticMesoderm.a"	0	"TNFRSF19"	257.5	"HiG"
"HiG_presomiticMesoderm.a"	0	"OSTC"	257.5	"HiG"
"HiG_presomiticMesoderm.a"	0	"RBPMS2"	257.5	"HiG"
"HiG_presomiticMesoderm.a"	236	"PCDH19"	114	"HiG"
"HiG_presomiticMesoderm.a"	0	"SOX11"	257.5	"HiG"
"HiG_presomiticMesoderm.a"	0	"STARD3NL"	257.5	"HiG"
"HiG_presomiticMesoderm.a"	0	"LY6E"	257.5	"HiG"
"HiG_presomiticMesoderm.a"	0	"CMTM7"	257.5	"HiG"
"HiG_presomiticMesoderm.a"	0	"NKD1"	257.5	"HiG"
"HiG_presomiticMesoderm.a"	0	"SALL4"	257.5	"HiG"
"HiG_presomiticMesoderm.a"	26	"HOXB2"	166	"HiG"
"HiG_presomiticMesoderm.a"	0	"HES7"	257.5	"HiG"
"HiG_presomiticMesoderm.a"	0	"SYCE2"	257.5	"HiG"
"HiG_presomiticMesoderm.a"	0	"MFAP2"	257.5	"HiG"
"HiG_presomiticMesoderm.a"	0	"LHPP"	257.5	"HiG"
"HiG_presomiticMesoderm.a"	0	"GFRA3"	257.5	"HiG"
"HiG_presomiticMesoderm.a"	424	"IFITM1"	70	"HiG"
"HiG_presomiticMesoderm.a"	14	"TSPAN6"	177	"HiG"
"HiG_presomiticMesoderm.a"	0	"SELENOH"	257.5	"HiG"
"HiG_presomiticMesoderm.a"	25	"DLL3"	168.5	"HiG"
"HiG_presomiticMesoderm.a"	82	"RASL11A"	145	"HiG"
"HiG_presomiticMesoderm.a"	0	"TCEA3"	257.5	"HiG"
"HiG_presomiticMesoderm.a"	0	"SP5"	257.5	"HiG"
"HiG_presomiticMesoderm.a"	0	"GBX2"	257.5	"HiG"
"HiG_presomiticMesoderm.a"	0	"PIGX"	257.5	"HiG"
"HiG_presomiticMesoderm.a"	134	"TGIF1"	135	"HiG"
"HiG_presomiticMesoderm.a"	0	"TCEAL8"	257.5	"HiG"
"HiG_presomiticMesoderm.a"	0	"MOGAT2"	257.5	"HiG"
"HiG_presomiticMesoderm.a"	368	"ZYX"	75	"HiG"
"HiG_presomiticMesoderm.a"	0	"NRARP"	257.5	"HiG"
"HiG_presomiticMesoderm.b"	0	"CITED2"	310	"HiG"
"HiG_presomiticMesoderm.b"	69	"GADD45A"	160.5	"HiG"
"HiG_presomiticMesoderm.b"	2497	"FGFR1"	18	"HiG"
"HiG_presomiticMesoderm.b"	0	"GNAI2"	310	"HiG"
"HiG_presomiticMesoderm.b"	1098	"C1QBP"	33	"HiG"
"HiG_presomiticMesoderm.b"	10	"ID3"	206.5	"HiG"
"HiG_presomiticMesoderm.b"	790	"LEF1"	46	"HiG"
"HiG_presomiticMesoderm.b"	44	"SRSF9"	176.5	"HiG"
"HiG_presomiticMesoderm.b"	968	"MCM7"	37	"HiG"
"HiG_presomiticMesoderm.b"	8062	"EZH2"	7	"HiG"
"HiG_presomiticMesoderm.b"	0	"RAP1A"	310	"HiG"
"HiG_presomiticMesoderm.b"	0	"CITED1"	310	"HiG"
"HiG_presomiticMesoderm.b"	199	"MAGED1"	128	"HiG"
"HiG_presomiticMesoderm.b"	0	"CTBP2"	310	"HiG"
"HiG_presomiticMesoderm.b"	0	"PTRH2"	310	"HiG"
"HiG_presomiticMesoderm.b"	29	"CENPF"	188	"HiG"
"HiG_presomiticMesoderm.b"	750	"NDN"	49	"HiG"
"HiG_presomiticMesoderm.b"	0	"ID2"	310	"HiG"
"HiG_presomiticMesoderm.b"	0	"CDKN1C"	310	"HiG"
"HiG_presomiticMesoderm.b"	374	"SERPINH1"	85	"HiG"
"HiG_presomiticMesoderm.b"	54	"F11R"	170	"HiG"
"HiG_presomiticMesoderm.b"	668	"CADM1"	57	"HiG"
"HiG_presomiticMesoderm.b"	3084	"HNRNPD"	15	"HiG"
"HiG_presomiticMesoderm.b"	880	"NEDD4"	43	"HiG"
"HiG_presomiticMesoderm.b"	0	"PRDX4"	310	"HiG"
"HiG_presomiticMesoderm.b"	1	"P4HB"	236.5	"HiG"
"HiG_presomiticMesoderm.b"	24	"LSM2"	191.5	"HiG"
"HiG_presomiticMesoderm.b"	0	"LMO4"	310	"HiG"
"HiG_presomiticMesoderm.b"	0	"CCNE1"	310	"HiG"
"HiG_presomiticMesoderm.b"	364	"TAF10"	88.5	"HiG"
"HiG_presomiticMesoderm.b"	48	"ASF1A"	174.5	"HiG"
"HiG_presomiticMesoderm.b"	312	"BNIP3L"	109	"HiG"
"HiG_presomiticMesoderm.b"	6521	"ACTB"	9	"HiG"
"HiG_presomiticMesoderm.b"	0	"PTBP2"	310	"HiG"
"HiG_presomiticMesoderm.b"	424	"RBPMS"	76	"HiG"
"HiG_presomiticMesoderm.b"	0	"ITM2C"	310	"HiG"
"HiG_presomiticMesoderm.b"	713	"HOXA1"	54	"HiG"
"HiG_presomiticMesoderm.b"	0	"DCTPP1"	310	"HiG"
"HiG_presomiticMesoderm.b"	0	"LLPH"	310	"HiG"
"HiG_presomiticMesoderm.b"	762	"BEX3"	47	"HiG"
"HiG_presomiticMesoderm.b"	0	"PDLIM7"	310	"HiG"
"HiG_presomiticMesoderm.b"	226	"KRT18"	122	"HiG"
"HiG_presomiticMesoderm.b"	732	"PPP2CA"	50.5	"HiG"
"HiG_presomiticMesoderm.b"	0	"PDLIM4"	310	"HiG"
"HiG_presomiticMesoderm.b"	0	"DUT"	310	"HiG"
"HiG_presomiticMesoderm.b"	0	"BEX2"	310	"HiG"
"HiG_presomiticMesoderm.b"	354	"RPS26"	100	"HiG"
"HiG_presomiticMesoderm.b"	51	"STMN2"	173	"HiG"
"HiG_presomiticMesoderm.b"	1574	"CALM2"	26	"HiG"
"HiG_presomiticMesoderm.b"	0	"CCND2"	310	"HiG"
"HiG_presomiticMesoderm.b"	2	"MAPRE2"	229	"HiG"
"HiG_presomiticMesoderm.b"	0	"DDAH2"	310	"HiG"
"HiG_presomiticMesoderm.b"	0	"ARL6IP1"	310	"HiG"
"HiG_presomiticMesoderm.b"	326	"PRPS1"	105	"HiG"
"HiG_presomiticMesoderm.b"	0	"PAFAH1B3"	310	"HiG"
"HiG_presomiticMesoderm.b"	43	"BNIP3"	178	"HiG"
"HiG_presomiticMesoderm.b"	32	"BCCIP"	186	"HiG"
"HiG_presomiticMesoderm.b"	1092	"MCM5"	34	"HiG"
"HiG_presomiticMesoderm.b"	761	"RTN4"	48	"HiG"
"HiG_presomiticMesoderm.b"	1916	"RACK1"	24	"HiG"
"HiG_presomiticMesoderm.b"	91	"EXOSC7"	152	"HiG"
"HiG_presomiticMesoderm.b"	0	"RFC4"	310	"HiG"
"HiG_presomiticMesoderm.b"	0	"CTNNBIP1"	310	"HiG"
"HiG_presomiticMesoderm.b"	0	"ENAH"	310	"HiG"
"HiG_presomiticMesoderm.b"	19851	"HSPA5"	1	"HiG"
"HiG_presomiticMesoderm.b"	2193	"RUVBL2"	21	"HiG"
"HiG_presomiticMesoderm.b"	551	"CDC20"	64	"HiG"
"HiG_presomiticMesoderm.b"	0	"TCEAL9"	310	"HiG"
"HiG_presomiticMesoderm.b"	2283	"PHB2"	19	"HiG"
"HiG_presomiticMesoderm.b"	941	"LYAR"	41	"HiG"
"HiG_presomiticMesoderm.b"	1091	"FKBP4"	35	"HiG"
"HiG_presomiticMesoderm.b"	224	"PPIB"	123	"HiG"
"HiG_presomiticMesoderm.b"	0	"LUC7L3"	310	"HiG"
"HiG_presomiticMesoderm.b"	92	"DDX3X"	151	"HiG"
"HiG_presomiticMesoderm.b"	416	"EZR"	78	"HiG"
"HiG_presomiticMesoderm.b"	58	"IGF2BP1"	166	"HiG"
"HiG_presomiticMesoderm.b"	48	"NASP"	174.5	"HiG"
"HiG_presomiticMesoderm.b"	375	"FBLN1"	83.5	"HiG"
"HiG_presomiticMesoderm.b"	347	"PAICS"	102	"HiG"
"HiG_presomiticMesoderm.b"	255	"IGF2BP3"	116	"HiG"
"HiG_presomiticMesoderm.b"	10	"FSCN1"	206.5	"HiG"
"HiG_presomiticMesoderm.b"	325	"DYNLL1"	106	"HiG"
"HiG_presomiticMesoderm.b"	726	"SNRPF"	53	"HiG"
"HiG_presomiticMesoderm.b"	6781	"GAPDH"	8	"HiG"
"HiG_presomiticMesoderm.b"	0	"NOLC1"	310	"HiG"
"HiG_presomiticMesoderm.b"	0	"PGRMC1"	310	"HiG"
"HiG_presomiticMesoderm.b"	13	"PPAN"	199.5	"HiG"
"HiG_presomiticMesoderm.b"	0	"DDT"	310	"HiG"
"HiG_presomiticMesoderm.b"	22	"SFXN1"	194	"HiG"
"HiG_presomiticMesoderm.b"	592	"G3BP2"	59	"HiG"
"HiG_presomiticMesoderm.b"	0	"HNRNPH3"	310	"HiG"
"HiG_presomiticMesoderm.b"	116	"EBNA1BP2"	144	"HiG"
"HiG_presomiticMesoderm.b"	2149	"PA2G4"	22	"HiG"
"HiG_presomiticMesoderm.b"	375	"PDIA6"	83.5	"HiG"
"HiG_presomiticMesoderm.b"	56	"MEST"	168	"HiG"
"HiG_presomiticMesoderm.b"	8182	"NCL"	6	"HiG"
"HiG_presomiticMesoderm.b"	0	"FABP5"	310	"HiG"
"HiG_presomiticMesoderm.b"	966	"H2AX"	38	"HiG"
"HiG_presomiticMesoderm.b"	487	"CBX1"	70	"HiG"
"HiG_presomiticMesoderm.b"	237	"CCND1"	120	"HiG"
"HiG_presomiticMesoderm.b"	364	"MAPK3"	88.5	"HiG"
"HiG_presomiticMesoderm.b"	39	"LSR"	182	"HiG"
"HiG_presomiticMesoderm.b"	358	"PTOV1"	99	"HiG"
"HiG_presomiticMesoderm.b"	555	"MAP1B"	63	"HiG"
"HiG_presomiticMesoderm.b"	11155	"HSP90AA1"	2	"HiG"
"HiG_presomiticMesoderm.b"	52	"POLR1D"	172	"HiG"
"HiG_presomiticMesoderm.b"	125	"DNMT3B"	140	"HiG"
"HiG_presomiticMesoderm.b"	0	"TSEN34"	310	"HiG"
"HiG_presomiticMesoderm.b"	5019	"PCNA"	11	"HiG"
"HiG_presomiticMesoderm.b"	877	"ID1"	44	"HiG"
"HiG_presomiticMesoderm.b"	78	"NIP7"	157	"HiG"
"HiG_presomiticMesoderm.b"	324	"RALA"	107	"HiG"
"HiG_presomiticMesoderm.b"	0	"PFN2"	310	"HiG"
"HiG_presomiticMesoderm.b"	205	"DBN1"	127	"HiG"
"HiG_presomiticMesoderm.b"	0	"CST3"	310	"HiG"
"HiG_presomiticMesoderm.b"	136	"JAM3"	137	"HiG"
"HiG_presomiticMesoderm.b"	142	"APOE"	136	"HiG"
"HiG_presomiticMesoderm.b"	124	"STMN1"	141	"HiG"
"HiG_presomiticMesoderm.b"	0	"CNPY2"	310	"HiG"
"HiG_presomiticMesoderm.b"	1420	"GJA1"	28	"HiG"
"HiG_presomiticMesoderm.b"	359	"SAP30"	95.5	"HiG"
"HiG_presomiticMesoderm.b"	33	"E2F4"	185	"HiG"
"HiG_presomiticMesoderm.b"	247	"NMD3"	118	"HiG"
"HiG_presomiticMesoderm.b"	371	"HMGA2"	86	"HiG"
"HiG_presomiticMesoderm.b"	106	"MAT2A"	146	"HiG"
"HiG_presomiticMesoderm.b"	544	"TAF7"	65.5	"HiG"
"HiG_presomiticMesoderm.b"	360	"DEK"	91.5	"HiG"
"HiG_presomiticMesoderm.b"	8720	"HSP90B1"	4	"HiG"
"HiG_presomiticMesoderm.b"	294	"CDX2"	111	"HiG"
"HiG_presomiticMesoderm.b"	0	"HES1"	310	"HiG"
"HiG_presomiticMesoderm.b"	468	"MSX1"	71.5	"HiG"
"HiG_presomiticMesoderm.b"	0	"ADH5"	310	"HiG"
"HiG_presomiticMesoderm.b"	0	"EMG1"	310	"HiG"
"HiG_presomiticMesoderm.b"	407	"CD81"	80	"HiG"
"HiG_presomiticMesoderm.b"	0	"PJA1"	310	"HiG"
"HiG_presomiticMesoderm.b"	0	"FXYD6"	310	"HiG"
"HiG_presomiticMesoderm.b"	1292	"DKC1"	29	"HiG"
"HiG_presomiticMesoderm.b"	118	"PTN"	143	"HiG"
"HiG_presomiticMesoderm.b"	1	"ACIN1"	236.5	"HiG"
"HiG_presomiticMesoderm.b"	0	"NIPSNAP1"	310	"HiG"
"HiG_presomiticMesoderm.b"	0	"JPT1"	310	"HiG"
"HiG_presomiticMesoderm.b"	0	"SPTSSA"	310	"HiG"
"HiG_presomiticMesoderm.b"	206	"LAPTM4A"	126	"HiG"
"HiG_presomiticMesoderm.b"	4	"ATP6V1F"	218.5	"HiG"
"HiG_presomiticMesoderm.b"	2704	"VIM"	16	"HiG"
"HiG_presomiticMesoderm.b"	0	"DDIT4"	310	"HiG"
"HiG_presomiticMesoderm.b"	3462	"TRIM28"	14	"HiG"
"HiG_presomiticMesoderm.b"	0	"ARL3"	310	"HiG"
"HiG_presomiticMesoderm.b"	0	"GSTO1"	310	"HiG"
"HiG_presomiticMesoderm.b"	0	"SNRPN"	310	"HiG"
"HiG_presomiticMesoderm.b"	9772	"HSPD1"	3	"HiG"
"HiG_presomiticMesoderm.b"	402	"CD63"	81	"HiG"
"HiG_presomiticMesoderm.b"	222	"PDGFA"	124	"HiG"
"HiG_presomiticMesoderm.b"	9	"GAR1"	209.5	"HiG"
"HiG_presomiticMesoderm.b"	44	"POLR2F"	176.5	"HiG"
"HiG_presomiticMesoderm.b"	962	"TOP1"	39.5	"HiG"
"HiG_presomiticMesoderm.b"	29	"ACVR2B"	188	"HiG"
"HiG_presomiticMesoderm.b"	962	"FN1"	39.5	"HiG"
"HiG_presomiticMesoderm.b"	0	"TEAD2"	310	"HiG"
"HiG_presomiticMesoderm.b"	1110	"APEX1"	31	"HiG"
"HiG_presomiticMesoderm.b"	2	"SRSF11"	229	"HiG"
"HiG_presomiticMesoderm.b"	0	"ARID3B"	310	"HiG"
"HiG_presomiticMesoderm.b"	42	"SLC2A1"	179	"HiG"
"HiG_presomiticMesoderm.b"	0	"BEX1"	310	"HiG"
"HiG_presomiticMesoderm.b"	0	"HOXB1"	310	"HiG"
"HiG_presomiticMesoderm.b"	274	"SFRP1"	114	"HiG"
"HiG_presomiticMesoderm.b"	150	"SPARC"	135	"HiG"
"HiG_presomiticMesoderm.b"	442	"HMGN1"	74	"HiG"
"HiG_presomiticMesoderm.b"	359	"ARL4A"	95.5	"HiG"
"HiG_presomiticMesoderm.b"	213	"MDK"	125	"HiG"
"HiG_presomiticMesoderm.b"	380	"FST"	82	"HiG"
"HiG_presomiticMesoderm.b"	1109	"MARCKS"	32	"HiG"
"HiG_presomiticMesoderm.b"	0	"NR6A1"	310	"HiG"
"HiG_presomiticMesoderm.b"	420	"ARF4"	77	"HiG"
"HiG_presomiticMesoderm.b"	37	"HOXB8"	183	"HiG"
"HiG_presomiticMesoderm.b"	178	"PDIA4"	129.5	"HiG"
"HiG_presomiticMesoderm.b"	0	"PEG3"	310	"HiG"
"HiG_presomiticMesoderm.b"	165	"TPM4"	131	"HiG"
"HiG_presomiticMesoderm.b"	24	"CSRP2"	191.5	"HiG"
"HiG_presomiticMesoderm.b"	75	"MEOX1"	158	"HiG"
"HiG_presomiticMesoderm.b"	11	"FHL1"	203	"HiG"
"HiG_presomiticMesoderm.b"	0	"MPZL1"	310	"HiG"
"HiG_presomiticMesoderm.b"	7	"FBXO5"	211.5	"HiG"
"HiG_presomiticMesoderm.b"	515	"CALD1"	69	"HiG"
"HiG_presomiticMesoderm.b"	35	"RFC3"	184	"HiG"
"HiG_presomiticMesoderm.b"	7	"CCN1"	211.5	"HiG"
"HiG_presomiticMesoderm.b"	338	"SDC1"	103	"HiG"
"HiG_presomiticMesoderm.b"	71	"FGF8"	159	"HiG"
"HiG_presomiticMesoderm.b"	5	"PSIP1"	216.5	"HiG"
"HiG_presomiticMesoderm.b"	363	"SNX6"	90	"HiG"
"HiG_presomiticMesoderm.b"	558	"TPM1"	62	"HiG"
"HiG_presomiticMesoderm.b"	0	"GNL3"	310	"HiG"
"HiG_presomiticMesoderm.b"	562	"PCLAF"	61	"HiG"
"HiG_presomiticMesoderm.b"	0	"ENO3"	310	"HiG"
"HiG_presomiticMesoderm.b"	360	"MACROH2A1"	91.5	"HiG"
"HiG_presomiticMesoderm.b"	350	"ARG1"	101	"HiG"
"HiG_presomiticMesoderm.b"	0	"UMPS"	310	"HiG"
"HiG_presomiticMesoderm.b"	1494	"TUBA1A"	27	"HiG"
"HiG_presomiticMesoderm.b"	60	"TXNL4A"	164.5	"HiG"
"HiG_presomiticMesoderm.b"	151	"CKAP4"	134	"HiG"
"HiG_presomiticMesoderm.b"	63	"NOP10"	162	"HiG"
"HiG_presomiticMesoderm.b"	1087	"NHP2"	36	"HiG"
"HiG_presomiticMesoderm.b"	0	"MYL12B"	310	"HiG"
"HiG_presomiticMesoderm.b"	1	"RPL22L1"	236.5	"HiG"
"HiG_presomiticMesoderm.b"	0	"ATXN7L3B"	310	"HiG"
"HiG_presomiticMesoderm.b"	69	"ANP32B"	160.5	"HiG"
"HiG_presomiticMesoderm.b"	456	"HNRNPDL"	73	"HiG"
"HiG_presomiticMesoderm.b"	3505	"NOP58"	13	"HiG"
"HiG_presomiticMesoderm.b"	544	"MAGED2"	65.5	"HiG"
"HiG_presomiticMesoderm.b"	87	"HELLS"	153	"HiG"
"HiG_presomiticMesoderm.b"	130	"NSUN2"	138	"HiG"
"HiG_presomiticMesoderm.b"	5	"UBE2D1"	216.5	"HiG"
"HiG_presomiticMesoderm.b"	0	"PAIP2"	310	"HiG"
"HiG_presomiticMesoderm.b"	1	"TSC22D1"	236.5	"HiG"
"HiG_presomiticMesoderm.b"	359	"MKRN1"	95.5	"HiG"
"HiG_presomiticMesoderm.b"	3	"MEIS2"	222.5	"HiG"
"HiG_presomiticMesoderm.b"	94	"WDR12"	149	"HiG"
"HiG_presomiticMesoderm.b"	931	"RBP1"	42	"HiG"
"HiG_presomiticMesoderm.b"	3798	"RPL7A"	12	"HiG"
"HiG_presomiticMesoderm.b"	732	"MRPL12"	50.5	"HiG"
"HiG_presomiticMesoderm.b"	639	"HAT1"	58	"HiG"
"HiG_presomiticMesoderm.b"	3	"CNN3"	222.5	"HiG"
"HiG_presomiticMesoderm.b"	3	"H2AZ2"	222.5	"HiG"
"HiG_presomiticMesoderm.b"	6	"LUZP1"	214	"HiG"
"HiG_presomiticMesoderm.b"	839	"SIVA1"	45	"HiG"
"HiG_presomiticMesoderm.b"	0	"ATP2B1"	310	"HiG"
"HiG_presomiticMesoderm.b"	4	"DDX18"	218.5	"HiG"
"HiG_presomiticMesoderm.b"	5150	"NOP56"	10	"HiG"
"HiG_presomiticMesoderm.b"	0	"DCAKD"	310	"HiG"
"HiG_presomiticMesoderm.b"	8355	"SOX2"	5	"HiG"
"HiG_presomiticMesoderm.b"	54	"PTK7"	170	"HiG"
"HiG_presomiticMesoderm.b"	3	"IER2"	222.5	"HiG"
"HiG_presomiticMesoderm.b"	706	"TPI1"	56	"HiG"
"HiG_presomiticMesoderm.b"	128	"GRSF1"	139	"HiG"
"HiG_presomiticMesoderm.b"	102	"HSD17B10"	147	"HiG"
"HiG_presomiticMesoderm.b"	0	"MRPL15"	310	"HiG"
"HiG_presomiticMesoderm.b"	54	"SOX4"	170	"HiG"
"HiG_presomiticMesoderm.b"	40	"MYCN"	180.5	"HiG"
"HiG_presomiticMesoderm.b"	1965	"YWHAQ"	23	"HiG"
"HiG_presomiticMesoderm.b"	365	"IMPDH2"	87	"HiG"
"HiG_presomiticMesoderm.b"	0	"HMGN3"	310	"HiG"
"HiG_presomiticMesoderm.b"	0	"PNRC1"	310	"HiG"
"HiG_presomiticMesoderm.b"	13	"CHCHD4"	199.5	"HiG"
"HiG_presomiticMesoderm.b"	0	"TTC3"	310	"HiG"
"HiG_presomiticMesoderm.b"	0	"CRABP1"	310	"HiG"
"HiG_presomiticMesoderm.b"	711	"ODC1"	55	"HiG"
"HiG_presomiticMesoderm.b"	0	"JPT2"	310	"HiG"
"HiG_presomiticMesoderm.b"	0	"FRZB"	310	"HiG"
"HiG_presomiticMesoderm.b"	1827	"PTGES3"	25	"HiG"
"HiG_presomiticMesoderm.b"	0	"CDV3"	310	"HiG"
"HiG_presomiticMesoderm.b"	79	"BASP1"	156	"HiG"
"HiG_presomiticMesoderm.b"	0	"COTL1"	310	"HiG"
"HiG_presomiticMesoderm.b"	14	"CNN2"	198	"HiG"
"HiG_presomiticMesoderm.b"	1208	"RSL1D1"	30	"HiG"
"HiG_presomiticMesoderm.b"	730	"RRS1"	52	"HiG"
"HiG_presomiticMesoderm.b"	1	"RCL1"	236.5	"HiG"
"HiG_presomiticMesoderm.b"	440	"SLC25A4"	75	"HiG"
"HiG_presomiticMesoderm.b"	0	"LAPTM4B"	310	"HiG"
"HiG_presomiticMesoderm.b"	2233	"MIF"	20	"HiG"
"HiG_presomiticMesoderm.b"	2	"SRM"	229	"HiG"
"HiG_presomiticMesoderm.b"	23	"LDHB"	193	"HiG"
"HiG_presomiticMesoderm.b"	0	"HDGFL3"	310	"HiG"
"HiG_presomiticMesoderm.b"	0	"HMGB3"	310	"HiG"
"HiG_presomiticMesoderm.b"	0	"ARMCX2"	310	"HiG"
"HiG_presomiticMesoderm.b"	1	"FZD2"	236.5	"HiG"
"HiG_presomiticMesoderm.b"	2	"CRABP2"	229	"HiG"
"HiG_presomiticMesoderm.b"	0	"RAB34"	310	"HiG"
"HiG_presomiticMesoderm.b"	12	"PIMREG"	201	"HiG"
"HiG_presomiticMesoderm.b"	359	"LIN28A"	95.5	"HiG"
"HiG_presomiticMesoderm.b"	20	"PLP2"	195	"HiG"
"HiG_presomiticMesoderm.b"	11	"SOCS2"	203	"HiG"
"HiG_presomiticMesoderm.b"	0	"PCBP4"	310	"HiG"
"HiG_presomiticMesoderm.b"	0	"TBCB"	310	"HiG"
"HiG_presomiticMesoderm.b"	60	"TUBB6"	164.5	"HiG"
"HiG_presomiticMesoderm.b"	0	"EEF1E1"	310	"HiG"
"HiG_presomiticMesoderm.b"	18	"MRPL42"	196	"HiG"
"HiG_presomiticMesoderm.b"	535	"ZNRD2"	67	"HiG"
"HiG_presomiticMesoderm.b"	83	"MARCKSL1"	155	"HiG"
"HiG_presomiticMesoderm.b"	11	"FERMT2"	203	"HiG"
"HiG_presomiticMesoderm.b"	0	"TXNDC5"	310	"HiG"
"HiG_presomiticMesoderm.b"	6	"FAM162A"	214	"HiG"
"HiG_presomiticMesoderm.b"	155	"RBMS1"	133	"HiG"
"HiG_presomiticMesoderm.b"	0	"LRRC42"	310	"HiG"
"HiG_presomiticMesoderm.b"	530	"RANGRF"	68	"HiG"
"HiG_presomiticMesoderm.b"	0	"SPCS2"	310	"HiG"
"HiG_presomiticMesoderm.b"	0	"TMEM9"	310	"HiG"
"HiG_presomiticMesoderm.b"	335	"PLS3"	104	"HiG"
"HiG_presomiticMesoderm.b"	40	"CFL2"	180.5	"HiG"
"HiG_presomiticMesoderm.b"	10	"UBE2M"	206.5	"HiG"
"HiG_presomiticMesoderm.b"	313	"RCN2"	108	"HiG"
"HiG_presomiticMesoderm.b"	84	"SH3BGRL"	154	"HiG"
"HiG_presomiticMesoderm.b"	2	"TMSB10"	229	"HiG"
"HiG_presomiticMesoderm.b"	3	"PSME2"	222.5	"HiG"
"HiG_presomiticMesoderm.b"	0	"SNX5"	310	"HiG"
"HiG_presomiticMesoderm.b"	0	"GPATCH4"	310	"HiG"
"HiG_presomiticMesoderm.b"	0	"SNRNP25"	310	"HiG"
"HiG_presomiticMesoderm.b"	0	"TUBB2B"	310	"HiG"
"HiG_presomiticMesoderm.b"	234	"ALDH1A2"	121	"HiG"
"HiG_presomiticMesoderm.b"	0	"BCAT1"	310	"HiG"
"HiG_presomiticMesoderm.b"	122	"TECR"	142	"HiG"
"HiG_presomiticMesoderm.b"	95	"IGFBP2"	148	"HiG"
"HiG_presomiticMesoderm.b"	2561	"CDX1"	17	"HiG"
"HiG_presomiticMesoderm.b"	309	"PPID"	110	"HiG"
"HiG_presomiticMesoderm.b"	6	"MACROH2A2"	214	"HiG"
"HiG_presomiticMesoderm.b"	1	"TMBIM6"	236.5	"HiG"
"HiG_presomiticMesoderm.b"	0	"IDH2"	310	"HiG"
"HiG_presomiticMesoderm.b"	3	"MTAP"	222.5	"HiG"
"HiG_presomiticMesoderm.b"	411	"IGFBP4"	79	"HiG"
"HiG_presomiticMesoderm.b"	0	"SMS"	310	"HiG"
"HiG_presomiticMesoderm.b"	265	"UBE2R2"	115	"HiG"
"HiG_presomiticMesoderm.b"	359	"NMRAL1"	95.5	"HiG"
"HiG_presomiticMesoderm.b"	9	"CDX4"	209.5	"HiG"
"HiG_presomiticMesoderm.b"	178	"SPINT2"	129.5	"HiG"
"HiG_presomiticMesoderm.b"	279	"TMSB4X"	113	"HiG"
"HiG_presomiticMesoderm.b"	0	"GPX3"	310	"HiG"
"HiG_presomiticMesoderm.b"	0	"LIMD2"	310	"HiG"
"HiG_presomiticMesoderm.b"	0	"YPEL3"	310	"HiG"
"HiG_presomiticMesoderm.b"	0	"TXNDC12"	310	"HiG"
"HiG_presomiticMesoderm.b"	0	"EPOP"	310	"HiG"
"HiG_presomiticMesoderm.b"	0	"TNFAIP1"	310	"HiG"
"HiG_presomiticMesoderm.b"	0	"RCOR2"	310	"HiG"
"HiG_presomiticMesoderm.b"	0	"RRAGD"	310	"HiG"
"HiG_presomiticMesoderm.b"	0	"CDCA7"	310	"HiG"
"HiG_presomiticMesoderm.b"	0	"CCDC34"	310	"HiG"
"HiG_presomiticMesoderm.b"	2	"EMB"	229	"HiG"
"HiG_presomiticMesoderm.b"	0	"TSPAN3"	310	"HiG"
"HiG_presomiticMesoderm.b"	0	"GPC3"	310	"HiG"
"HiG_presomiticMesoderm.b"	0	"NDUFAF4"	310	"HiG"
"HiG_presomiticMesoderm.b"	0	"MTCH1"	310	"HiG"
"HiG_presomiticMesoderm.b"	253	"TMEM59"	117	"HiG"
"HiG_presomiticMesoderm.b"	0	"PPP1R1A"	310	"HiG"
"HiG_presomiticMesoderm.b"	569	"SMC6"	60	"HiG"
"HiG_presomiticMesoderm.b"	0	"LPAR6"	310	"HiG"
"HiG_presomiticMesoderm.b"	10	"FSTL1"	206.5	"HiG"
"HiG_presomiticMesoderm.b"	15	"IFT74"	197	"HiG"
"HiG_presomiticMesoderm.b"	1	"GJC1"	236.5	"HiG"
"HiG_presomiticMesoderm.b"	0	"WLS"	310	"HiG"
"HiG_presomiticMesoderm.b"	57	"MEX3A"	167	"HiG"
"HiG_presomiticMesoderm.b"	0	"HMGN5"	310	"HiG"
"HiG_presomiticMesoderm.b"	238	"TIMM8B"	119	"HiG"
"HiG_presomiticMesoderm.b"	0	"WDR74"	310	"HiG"
"HiG_presomiticMesoderm.b"	111	"KRTCAP2"	145	"HiG"
"HiG_presomiticMesoderm.b"	0	"RSPO3"	310	"HiG"
"HiG_presomiticMesoderm.b"	0	"BEX4"	310	"HiG"
"HiG_presomiticMesoderm.b"	0	"OAZ2"	310	"HiG"
"HiG_presomiticMesoderm.b"	0	"WDR43"	310	"HiG"
"HiG_presomiticMesoderm.b"	0	"PHLDA2"	310	"HiG"
"HiG_presomiticMesoderm.b"	0	"PRTG"	310	"HiG"
"HiG_presomiticMesoderm.b"	0	"RBPMS2"	310	"HiG"
"HiG_presomiticMesoderm.b"	0	"SOX11"	310	"HiG"
"HiG_presomiticMesoderm.b"	0	"MNS1"	310	"HiG"
"HiG_presomiticMesoderm.b"	0	"LY6E"	310	"HiG"
"HiG_presomiticMesoderm.b"	0	"CMTM7"	310	"HiG"
"HiG_presomiticMesoderm.b"	0	"IRX3"	310	"HiG"
"HiG_presomiticMesoderm.b"	0	"NKD1"	310	"HiG"
"HiG_presomiticMesoderm.b"	0	"SALL4"	310	"HiG"
"HiG_presomiticMesoderm.b"	61	"HOXB2"	163	"HiG"
"HiG_presomiticMesoderm.b"	0	"HES7"	310	"HiG"
"HiG_presomiticMesoderm.b"	0	"SYCE2"	310	"HiG"
"HiG_presomiticMesoderm.b"	93	"MFAP2"	150	"HiG"
"HiG_presomiticMesoderm.b"	292	"IFITM1"	112	"HiG"
"HiG_presomiticMesoderm.b"	0	"TCF15"	310	"HiG"
"HiG_presomiticMesoderm.b"	2	"TSPAN6"	229	"HiG"
"HiG_presomiticMesoderm.b"	0	"SELENOH"	310	"HiG"
"HiG_presomiticMesoderm.b"	359	"DLL3"	95.5	"HiG"
"HiG_presomiticMesoderm.b"	468	"ZCCHC3"	71.5	"HiG"
"HiG_presomiticMesoderm.b"	0	"HES3"	310	"HiG"
"HiG_presomiticMesoderm.b"	29	"UNG"	188	"HiG"
"HiG_presomiticMesoderm.b"	0	"RASL11A"	310	"HiG"
"HiG_presomiticMesoderm.b"	0	"SP5"	310	"HiG"
"HiG_presomiticMesoderm.b"	0	"PIGX"	310	"HiG"
"HiG_presomiticMesoderm.b"	0	"TGIF1"	310	"HiG"
"HiG_presomiticMesoderm.b"	0	"TCEAL8"	310	"HiG"
"HiG_presomiticMesoderm.b"	159	"PRRX2"	132	"HiG"
"HiG_presomiticMesoderm.b"	25	"TMEM47"	190	"HiG"
"HiG_presomiticMesoderm.b"	0	"MOGAT2"	310	"HiG"
"HiG_presomiticMesoderm.b"	0	"ZFP36L1"	310	"HiG"
"HiG_presomiticMesoderm.b"	0	"WFDC2"	310	"HiG"
"HiG_presomiticMesoderm.b"	0	"TSPAN13"	310	"HiG"
"HiG_somiticMesoderm"	0	"CITED2"	251.5	"HiG"
"HiG_somiticMesoderm"	14	"ANXA5"	167	"HiG"
"HiG_somiticMesoderm"	3171	"FGFR1"	7	"HiG"
"HiG_somiticMesoderm"	356	"GABARAP"	79	"HiG"
"HiG_somiticMesoderm"	515	"C1QBP"	61	"HiG"
"HiG_somiticMesoderm"	467	"ID3"	65	"HiG"
"HiG_somiticMesoderm"	1073	"LEF1"	31	"HiG"
"HiG_somiticMesoderm"	19	"SRSF9"	161	"HiG"
"HiG_somiticMesoderm"	1876	"MCM7"	16	"HiG"
"HiG_somiticMesoderm"	53	"RAP1A"	144	"HiG"
"HiG_somiticMesoderm"	0	"BIN1"	251.5	"HiG"
"HiG_somiticMesoderm"	0	"CITED1"	251.5	"HiG"
"HiG_somiticMesoderm"	27	"MAGED1"	157	"HiG"
"HiG_somiticMesoderm"	389	"PTRH2"	73	"HiG"
"HiG_somiticMesoderm"	12	"NDN"	169.5	"HiG"
"HiG_somiticMesoderm"	1434	"ID2"	24	"HiG"
"HiG_somiticMesoderm"	8	"CDKN1C"	174	"HiG"
"HiG_somiticMesoderm"	213	"RTN1"	109.5	"HiG"
"HiG_somiticMesoderm"	596	"SERPINH1"	51	"HiG"
"HiG_somiticMesoderm"	299	"CADM1"	84	"HiG"
"HiG_somiticMesoderm"	3736	"NEDD4"	5	"HiG"
"HiG_somiticMesoderm"	2	"PRDX4"	188.5	"HiG"
"HiG_somiticMesoderm"	0	"LSM2"	251.5	"HiG"
"HiG_somiticMesoderm"	0	"LMO4"	251.5	"HiG"
"HiG_somiticMesoderm"	81	"CCNE1"	136	"HiG"
"HiG_somiticMesoderm"	289	"ASF1A"	88	"HiG"
"HiG_somiticMesoderm"	15	"BNIP3L"	165.5	"HiG"
"HiG_somiticMesoderm"	5435	"ACTB"	3	"HiG"
"HiG_somiticMesoderm"	1	"PTBP2"	194.5	"HiG"
"HiG_somiticMesoderm"	102	"RBPMS"	129	"HiG"
"HiG_somiticMesoderm"	0	"ITM2C"	251.5	"HiG"
"HiG_somiticMesoderm"	1395	"HOXA1"	25	"HiG"
"HiG_somiticMesoderm"	0	"DCTPP1"	251.5	"HiG"
"HiG_somiticMesoderm"	0	"LLPH"	251.5	"HiG"
"HiG_somiticMesoderm"	287	"BEX3"	91.5	"HiG"
"HiG_somiticMesoderm"	1	"PDLIM7"	194.5	"HiG"
"HiG_somiticMesoderm"	0	"PDLIM4"	251.5	"HiG"
"HiG_somiticMesoderm"	598	"DUT"	50	"HiG"
"HiG_somiticMesoderm"	0	"BEX2"	251.5	"HiG"
"HiG_somiticMesoderm"	0	"RBMX"	251.5	"HiG"
"HiG_somiticMesoderm"	7	"DUSP6"	176	"HiG"
"HiG_somiticMesoderm"	469	"RPS26"	63	"HiG"
"HiG_somiticMesoderm"	1261	"CALM2"	27	"HiG"
"HiG_somiticMesoderm"	574	"DDAH2"	53	"HiG"
"HiG_somiticMesoderm"	245	"ARL6IP1"	102	"HiG"
"HiG_somiticMesoderm"	0	"PRPS1"	251.5	"HiG"
"HiG_somiticMesoderm"	0	"PAFAH1B3"	251.5	"HiG"
"HiG_somiticMesoderm"	1528	"EPB41L3"	21.5	"HiG"
"HiG_somiticMesoderm"	3	"BCCIP"	184.5	"HiG"
"HiG_somiticMesoderm"	1705	"MCM5"	18	"HiG"
"HiG_somiticMesoderm"	421	"RTN4"	67	"HiG"
"HiG_somiticMesoderm"	0	"CTNNBIP1"	251.5	"HiG"
"HiG_somiticMesoderm"	7692	"HSPA5"	1	"HiG"
"HiG_somiticMesoderm"	1015	"CDC20"	35	"HiG"
"HiG_somiticMesoderm"	0	"TCEAL9"	251.5	"HiG"
"HiG_somiticMesoderm"	292	"PPP1CB"	87	"HiG"
"HiG_somiticMesoderm"	355	"LYAR"	80	"HiG"
"HiG_somiticMesoderm"	534	"FKBP4"	58	"HiG"
"HiG_somiticMesoderm"	1528	"PPIB"	21.5	"HiG"
"HiG_somiticMesoderm"	175	"NASP"	115	"HiG"
"HiG_somiticMesoderm"	379	"FBLN1"	75	"HiG"
"HiG_somiticMesoderm"	0	"PAICS"	251.5	"HiG"
"HiG_somiticMesoderm"	266	"IGF2BP3"	96	"HiG"
"HiG_somiticMesoderm"	64	"FSCN1"	141.5	"HiG"
"HiG_somiticMesoderm"	245	"DYNLL1"	102	"HiG"
"HiG_somiticMesoderm"	184	"RASGRP3"	114	"HiG"
"HiG_somiticMesoderm"	529	"NOLC1"	59	"HiG"
"HiG_somiticMesoderm"	11	"PGRMC1"	171	"HiG"
"HiG_somiticMesoderm"	0	"PPAN"	251.5	"HiG"
"HiG_somiticMesoderm"	0	"DDT"	251.5	"HiG"
"HiG_somiticMesoderm"	2	"SFXN1"	188.5	"HiG"
"HiG_somiticMesoderm"	208	"G3BP2"	111	"HiG"
"HiG_somiticMesoderm"	0	"HNRNPH3"	251.5	"HiG"
"HiG_somiticMesoderm"	468	"EBNA1BP2"	64	"HiG"
"HiG_somiticMesoderm"	856	"PA2G4"	38	"HiG"
"HiG_somiticMesoderm"	1655	"PDIA6"	20	"HiG"
"HiG_somiticMesoderm"	358	"MEST"	78	"HiG"
"HiG_somiticMesoderm"	1059	"FUS"	32	"HiG"
"HiG_somiticMesoderm"	6515	"NCL"	2	"HiG"
"HiG_somiticMesoderm"	6	"FABP5"	178	"HiG"
"HiG_somiticMesoderm"	1025	"H2AX"	34	"HiG"
"HiG_somiticMesoderm"	655	"CBX1"	46	"HiG"
"HiG_somiticMesoderm"	237	"CCND1"	106	"HiG"
"HiG_somiticMesoderm"	260	"MAPK3"	98	"HiG"
"HiG_somiticMesoderm"	0	"PTOV1"	251.5	"HiG"
"HiG_somiticMesoderm"	3603	"HSP90AA1"	6	"HiG"
"HiG_somiticMesoderm"	0	"TSEN34"	251.5	"HiG"
"HiG_somiticMesoderm"	239	"ID1"	105	"HiG"
"HiG_somiticMesoderm"	0	"RALA"	251.5	"HiG"
"HiG_somiticMesoderm"	27	"PFN2"	157	"HiG"
"HiG_somiticMesoderm"	542	"DBN1"	57	"HiG"
"HiG_somiticMesoderm"	331	"JAM3"	82	"HiG"
"HiG_somiticMesoderm"	124	"APOE"	124	"HiG"
"HiG_somiticMesoderm"	687	"STMN1"	43	"HiG"
"HiG_somiticMesoderm"	0	"CNPY2"	251.5	"HiG"
"HiG_somiticMesoderm"	522	"GJA1"	60	"HiG"
"HiG_somiticMesoderm"	28	"SAP30"	154	"HiG"
"HiG_somiticMesoderm"	730	"NCAM1"	42	"HiG"
"HiG_somiticMesoderm"	567	"HMGA2"	54	"HiG"
"HiG_somiticMesoderm"	0	"MAT2A"	251.5	"HiG"
"HiG_somiticMesoderm"	144	"PAX3"	117	"HiG"
"HiG_somiticMesoderm"	417	"DEK"	68	"HiG"
"HiG_somiticMesoderm"	1213	"RBBP7"	28	"HiG"
"HiG_somiticMesoderm"	0	"HES1"	251.5	"HiG"
"HiG_somiticMesoderm"	8	"ADH5"	174	"HiG"
"HiG_somiticMesoderm"	0	"EMG1"	251.5	"HiG"
"HiG_somiticMesoderm"	0	"CBFB"	251.5	"HiG"
"HiG_somiticMesoderm"	649	"CD81"	47	"HiG"
"HiG_somiticMesoderm"	0	"FXYD6"	251.5	"HiG"
"HiG_somiticMesoderm"	252	"DKC1"	100	"HiG"
"HiG_somiticMesoderm"	8	"PTN"	174	"HiG"
"HiG_somiticMesoderm"	2	"ACIN1"	188.5	"HiG"
"HiG_somiticMesoderm"	0	"SPTSSA"	251.5	"HiG"
"HiG_somiticMesoderm"	271	"LAPTM4A"	95	"HiG"
"HiG_somiticMesoderm"	685	"VIM"	44.5	"HiG"
"HiG_somiticMesoderm"	2641	"TRIM28"	11	"HiG"
"HiG_somiticMesoderm"	45	"ARL3"	148	"HiG"
"HiG_somiticMesoderm"	0	"GSTO1"	251.5	"HiG"
"HiG_somiticMesoderm"	2692	"HSPD1"	10	"HiG"
"HiG_somiticMesoderm"	3	"CAPN2"	184.5	"HiG"
"HiG_somiticMesoderm"	288	"CD63"	89	"HiG"
"HiG_somiticMesoderm"	213	"GAR1"	109.5	"HiG"
"HiG_somiticMesoderm"	0	"POLR2F"	251.5	"HiG"
"HiG_somiticMesoderm"	95	"TOP1"	132	"HiG"
"HiG_somiticMesoderm"	295	"ACVR2B"	86	"HiG"
"HiG_somiticMesoderm"	376	"PDGFRA"	76	"HiG"
"HiG_somiticMesoderm"	2491	"FN1"	13	"HiG"
"HiG_somiticMesoderm"	0	"TEAD2"	251.5	"HiG"
"HiG_somiticMesoderm"	2441	"APEX1"	14	"HiG"
"HiG_somiticMesoderm"	0	"BEX1"	251.5	"HiG"
"HiG_somiticMesoderm"	115	"HOXB1"	127	"HiG"
"HiG_somiticMesoderm"	6	"MEIS1"	178	"HiG"
"HiG_somiticMesoderm"	831	"HMGN1"	39	"HiG"
"HiG_somiticMesoderm"	1	"ARL4A"	194.5	"HiG"
"HiG_somiticMesoderm"	84	"MDK"	135	"HiG"
"HiG_somiticMesoderm"	1117	"FST"	29	"HiG"
"HiG_somiticMesoderm"	3032	"MARCKS"	8	"HiG"
"HiG_somiticMesoderm"	0	"NR6A1"	251.5	"HiG"
"HiG_somiticMesoderm"	101	"ARF4"	130	"HiG"
"HiG_somiticMesoderm"	44	"MMP14"	149	"HiG"
"HiG_somiticMesoderm"	2914	"PDIA4"	9	"HiG"
"HiG_somiticMesoderm"	0	"PEG3"	251.5	"HiG"
"HiG_somiticMesoderm"	116	"FBN2"	126	"HiG"
"HiG_somiticMesoderm"	65	"VAMP8"	140	"HiG"
"HiG_somiticMesoderm"	5	"TPM4"	180.5	"HiG"
"HiG_somiticMesoderm"	121	"CSRP2"	125	"HiG"
"HiG_somiticMesoderm"	0	"TFPI"	251.5	"HiG"
"HiG_somiticMesoderm"	130	"MEOX1"	121	"HiG"
"HiG_somiticMesoderm"	64	"FHL1"	141.5	"HiG"
"HiG_somiticMesoderm"	131	"ALDOC"	120	"HiG"
"HiG_somiticMesoderm"	19	"MPZL1"	161	"HiG"
"HiG_somiticMesoderm"	92	"FBXO5"	133	"HiG"
"HiG_somiticMesoderm"	1051	"CALD1"	33	"HiG"
"HiG_somiticMesoderm"	4	"CCN1"	182.5	"HiG"
"HiG_somiticMesoderm"	10	"SDC1"	172	"HiG"
"HiG_somiticMesoderm"	2	"PSIP1"	188.5	"HiG"
"HiG_somiticMesoderm"	0	"SNX6"	251.5	"HiG"
"HiG_somiticMesoderm"	343	"GNL3"	81	"HiG"
"HiG_somiticMesoderm"	0	"GLRX"	251.5	"HiG"
"HiG_somiticMesoderm"	28	"PCLAF"	154	"HiG"
"HiG_somiticMesoderm"	0	"ENO3"	251.5	"HiG"
"HiG_somiticMesoderm"	407	"MACROH2A1"	71	"HiG"
"HiG_somiticMesoderm"	245	"ARG1"	102	"HiG"
"HiG_somiticMesoderm"	0	"UMPS"	251.5	"HiG"
"HiG_somiticMesoderm"	939	"TUBA1A"	36	"HiG"
"HiG_somiticMesoderm"	436	"CKAP4"	66	"HiG"
"HiG_somiticMesoderm"	485	"NOP10"	62	"HiG"
"HiG_somiticMesoderm"	587	"NHP2"	52	"HiG"
"HiG_somiticMesoderm"	0	"MYL12B"	251.5	"HiG"
"HiG_somiticMesoderm"	0	"ATXN7L3B"	251.5	"HiG"
"HiG_somiticMesoderm"	136	"ANP32B"	119	"HiG"
"HiG_somiticMesoderm"	154	"HNRNPDL"	116	"HiG"
"HiG_somiticMesoderm"	1663	"NOP58"	19	"HiG"
"HiG_somiticMesoderm"	85	"MAGED2"	134	"HiG"
"HiG_somiticMesoderm"	30	"HELLS"	152	"HiG"
"HiG_somiticMesoderm"	73	"FOXC2"	137	"HiG"
"HiG_somiticMesoderm"	381	"UBE2D1"	74	"HiG"
"HiG_somiticMesoderm"	0	"PAIP2"	251.5	"HiG"
"HiG_somiticMesoderm"	16	"TSC22D1"	163.5	"HiG"
"HiG_somiticMesoderm"	13	"SIX1"	168	"HiG"
"HiG_somiticMesoderm"	549	"MEIS2"	56	"HiG"
"HiG_somiticMesoderm"	1	"WDR12"	194.5	"HiG"
"HiG_somiticMesoderm"	327	"RBP1"	83	"HiG"
"HiG_somiticMesoderm"	20	"CNN3"	159	"HiG"
"HiG_somiticMesoderm"	409	"H2AZ2"	70	"HiG"
"HiG_somiticMesoderm"	2503	"TCF4"	12	"HiG"
"HiG_somiticMesoderm"	0	"LUZP1"	251.5	"HiG"
"HiG_somiticMesoderm"	3879	"NOP56"	4	"HiG"
"HiG_somiticMesoderm"	287	"DCAKD"	91.5	"HiG"
"HiG_somiticMesoderm"	0	"IER2"	251.5	"HiG"
"HiG_somiticMesoderm"	410	"HSD17B10"	69	"HiG"
"HiG_somiticMesoderm"	632	"SOX4"	48	"HiG"
"HiG_somiticMesoderm"	1278	"MYCN"	26	"HiG"
"HiG_somiticMesoderm"	2181	"YWHAQ"	15	"HiG"
"HiG_somiticMesoderm"	19	"IMPDH2"	161	"HiG"
"HiG_somiticMesoderm"	0	"HMGN3"	251.5	"HiG"
"HiG_somiticMesoderm"	0	"PNRC1"	251.5	"HiG"
"HiG_somiticMesoderm"	0	"PNRC2"	251.5	"HiG"
"HiG_somiticMesoderm"	0	"TTC3"	251.5	"HiG"
"HiG_somiticMesoderm"	70	"CRABP1"	138	"HiG"
"HiG_somiticMesoderm"	630	"TWIST1"	49	"HiG"
"HiG_somiticMesoderm"	1861	"BASP1"	17	"HiG"
"HiG_somiticMesoderm"	244	"CNN2"	104	"HiG"
"HiG_somiticMesoderm"	15	"RSL1D1"	165.5	"HiG"
"HiG_somiticMesoderm"	262	"RRS1"	97	"HiG"
"HiG_somiticMesoderm"	104	"RCL1"	128	"HiG"
"HiG_somiticMesoderm"	126	"SLC25A4"	122	"HiG"
"HiG_somiticMesoderm"	0	"LAPTM4B"	251.5	"HiG"
"HiG_somiticMesoderm"	287	"SRM"	91.5	"HiG"
"HiG_somiticMesoderm"	28	"LDHB"	154	"HiG"
"HiG_somiticMesoderm"	0	"HDGFL3"	251.5	"HiG"
"HiG_somiticMesoderm"	0	"HMGB3"	251.5	"HiG"
"HiG_somiticMesoderm"	0	"LITAF"	251.5	"HiG"
"HiG_somiticMesoderm"	0	"ARMCX2"	251.5	"HiG"
"HiG_somiticMesoderm"	0	"FZD2"	251.5	"HiG"
"HiG_somiticMesoderm"	2	"CRABP2"	188.5	"HiG"
"HiG_somiticMesoderm"	0	"RAB34"	251.5	"HiG"
"HiG_somiticMesoderm"	224	"PIMREG"	107	"HiG"
"HiG_somiticMesoderm"	910	"LIN28A"	37	"HiG"
"HiG_somiticMesoderm"	0	"RCBTB2"	251.5	"HiG"
"HiG_somiticMesoderm"	0	"PCBP4"	251.5	"HiG"
"HiG_somiticMesoderm"	0	"TBCB"	251.5	"HiG"
"HiG_somiticMesoderm"	405	"UBQLN2"	72	"HiG"
"HiG_somiticMesoderm"	0	"SKAP2"	251.5	"HiG"
"HiG_somiticMesoderm"	5	"TUBB6"	180.5	"HiG"
"HiG_somiticMesoderm"	39	"MARCKSL1"	150	"HiG"
"HiG_somiticMesoderm"	1	"FERMT2"	194.5	"HiG"
"HiG_somiticMesoderm"	0	"TXNDC5"	251.5	"HiG"
"HiG_somiticMesoderm"	0	"RBMS1"	251.5	"HiG"
"HiG_somiticMesoderm"	0	"LRRC42"	251.5	"HiG"
"HiG_somiticMesoderm"	0	"SPCS2"	251.5	"HiG"
"HiG_somiticMesoderm"	16	"CFL2"	163.5	"HiG"
"HiG_somiticMesoderm"	27	"RCN2"	157	"HiG"
"HiG_somiticMesoderm"	0	"SH3BGRL"	251.5	"HiG"
"HiG_somiticMesoderm"	297	"TMSB10"	85	"HiG"
"HiG_somiticMesoderm"	0	"SNX5"	251.5	"HiG"
"HiG_somiticMesoderm"	195	"GPATCH4"	112	"HiG"
"HiG_somiticMesoderm"	1101	"TUBB2B"	30	"HiG"
"HiG_somiticMesoderm"	763	"ALDH1A2"	40.5	"HiG"
"HiG_somiticMesoderm"	0	"BCAT1"	251.5	"HiG"
"HiG_somiticMesoderm"	47	"TECR"	147	"HiG"
"HiG_somiticMesoderm"	763	"PPID"	40.5	"HiG"
"HiG_somiticMesoderm"	0	"PTGIS"	251.5	"HiG"
"HiG_somiticMesoderm"	139	"MACROH2A2"	118	"HiG"
"HiG_somiticMesoderm"	0	"ADK"	251.5	"HiG"
"HiG_somiticMesoderm"	0	"TMBIM6"	251.5	"HiG"
"HiG_somiticMesoderm"	51	"IDH2"	145.5	"HiG"
"HiG_somiticMesoderm"	12	"IGFBP4"	169.5	"HiG"
"HiG_somiticMesoderm"	280	"NUSAP1"	94	"HiG"
"HiG_somiticMesoderm"	0	"SMS"	251.5	"HiG"
"HiG_somiticMesoderm"	66	"UBE2R2"	139	"HiG"
"HiG_somiticMesoderm"	256	"NMRAL1"	99	"HiG"
"HiG_somiticMesoderm"	366	"HOXA2"	77	"HiG"
"HiG_somiticMesoderm"	33	"TMSB4X"	151	"HiG"
"HiG_somiticMesoderm"	0	"GPX3"	251.5	"HiG"
"HiG_somiticMesoderm"	0	"LIMD2"	251.5	"HiG"
"HiG_somiticMesoderm"	125	"EVA1B"	123	"HiG"
"HiG_somiticMesoderm"	0	"SMOC1"	251.5	"HiG"
"HiG_somiticMesoderm"	0	"TXNDC12"	251.5	"HiG"
"HiG_somiticMesoderm"	0	"EPOP"	251.5	"HiG"
"HiG_somiticMesoderm"	0	"TNFAIP1"	251.5	"HiG"
"HiG_somiticMesoderm"	0	"RRAGD"	251.5	"HiG"
"HiG_somiticMesoderm"	0	"CDCA7"	251.5	"HiG"
"HiG_somiticMesoderm"	0	"OAF"	251.5	"HiG"
"HiG_somiticMesoderm"	0	"CCDC34"	251.5	"HiG"
"HiG_somiticMesoderm"	0	"EMB"	251.5	"HiG"
"HiG_somiticMesoderm"	61	"TSPAN3"	143	"HiG"
"HiG_somiticMesoderm"	685	"GPC3"	44.5	"HiG"
"HiG_somiticMesoderm"	1505	"CER1"	23	"HiG"
"HiG_somiticMesoderm"	187	"MTCH1"	113	"HiG"
"HiG_somiticMesoderm"	1	"TMEM59"	194.5	"HiG"
"HiG_somiticMesoderm"	0	"PPP1R1A"	251.5	"HiG"
"HiG_somiticMesoderm"	0	"LPAR6"	251.5	"HiG"
"HiG_somiticMesoderm"	0	"LPAR1"	251.5	"HiG"
"HiG_somiticMesoderm"	0	"FSTL1"	251.5	"HiG"
"HiG_somiticMesoderm"	0	"IFT74"	251.5	"HiG"
"HiG_somiticMesoderm"	0	"WLS"	251.5	"HiG"
"HiG_somiticMesoderm"	0	"OAZ2"	251.5	"HiG"
"HiG_somiticMesoderm"	0	"WDR43"	251.5	"HiG"
"HiG_somiticMesoderm"	0	"PLPP3"	251.5	"HiG"
"HiG_somiticMesoderm"	0	"PRTG"	251.5	"HiG"
"HiG_somiticMesoderm"	6	"FLRT3"	178	"HiG"
"HiG_somiticMesoderm"	0	"SOX11"	251.5	"HiG"
"HiG_somiticMesoderm"	51	"GAS1"	145.5	"HiG"
"HiG_somiticMesoderm"	0	"IGDCC3"	251.5	"HiG"
"HiG_somiticMesoderm"	0	"SALL4"	251.5	"HiG"
"HiG_somiticMesoderm"	96	"HOXB2"	131	"HiG"
"HiG_somiticMesoderm"	0	"MEIS3"	251.5	"HiG"
"HiG_somiticMesoderm"	0	"RDH10"	251.5	"HiG"
"HiG_somiticMesoderm"	287	"MFAP2"	91.5	"HiG"
"HiG_somiticMesoderm"	0	"CTXN1"	251.5	"HiG"
"HiG_somiticMesoderm"	0	"SPSB4"	251.5	"HiG"
"HiG_somiticMesoderm"	560	"IFITM1"	55	"HiG"
"HiG_somiticMesoderm"	0	"STRA6"	251.5	"HiG"
"HiG_somiticMesoderm"	0	"TCF15"	251.5	"HiG"
"HiG_somiticMesoderm"	0	"TSPAN6"	251.5	"HiG"
"HiG_somiticMesoderm"	0	"SELENOH"	251.5	"HiG"
"HiG_somiticMesoderm"	0	"ZCCHC3"	251.5	"HiG"
"HiG_somiticMesoderm"	2	"RASL11A"	188.5	"HiG"
"HiG_somiticMesoderm"	0	"PIGX"	251.5	"HiG"
"HiG_somiticMesoderm"	4	"TGIF1"	182.5	"HiG"
"HiG_somiticMesoderm"	0	"TCEAL8"	251.5	"HiG"
"HiG_somiticMesoderm"	219	"PRRX2"	108	"HiG"
"HiG_somiticMesoderm"	0	"MOGAT2"	251.5	"HiG"
"HiG_somiticMesoderm"	0	"ZFP36L1"	251.5	"HiG"
"HiG_endothelial.b"	0	"GATA2"	328.5	"HiG"
"HiG_endothelial.b"	703	"ALDOA"	62	"HiG"
"HiG_endothelial.b"	370	"CCND3"	129	"HiG"
"HiG_endothelial.b"	102	"ANXA5"	179	"HiG"
"HiG_endothelial.b"	300	"GABARAP"	142	"HiG"
"HiG_endothelial.b"	1515	"GNAI2"	27	"HiG"
"HiG_endothelial.b"	175	"ID3"	162	"HiG"
"HiG_endothelial.b"	401	"AFDN"	107	"HiG"
"HiG_endothelial.b"	438	"SRSF9"	96.5	"HiG"
"HiG_endothelial.b"	1765	"FLT1"	22	"HiG"
"HiG_endothelial.b"	390	"RAP1A"	110	"HiG"
"HiG_endothelial.b"	458	"RAP1B"	88.5	"HiG"
"HiG_endothelial.b"	1414	"LMO2"	29	"HiG"
"HiG_endothelial.b"	377	"FKBP1A"	116.5	"HiG"
"HiG_endothelial.b"	139	"BIN1"	168.5	"HiG"
"HiG_endothelial.b"	368	"FLI1"	131	"HiG"
"HiG_endothelial.b"	10	"MAGED1"	233	"HiG"
"HiG_endothelial.b"	973	"MSN"	52	"HiG"
"HiG_endothelial.b"	193	"NDN"	156	"HiG"
"HiG_endothelial.b"	336	"CDKN1C"	134	"HiG"
"HiG_endothelial.b"	2197	"SERPINH1"	16	"HiG"
"HiG_endothelial.b"	432	"F11R"	99.5	"HiG"
"HiG_endothelial.b"	0	"CADM1"	328.5	"HiG"
"HiG_endothelial.b"	128	"PRDX4"	174	"HiG"
"HiG_endothelial.b"	24	"GADD45G"	217	"HiG"
"HiG_endothelial.b"	451	"P4HB"	91.5	"HiG"
"HiG_endothelial.b"	2083	"RAB11A"	17	"HiG"
"HiG_endothelial.b"	4	"LSM2"	249	"HiG"
"HiG_endothelial.b"	0	"SLC29A1"	328.5	"HiG"
"HiG_endothelial.b"	1240	"CLIC1"	36	"HiG"
"HiG_endothelial.b"	748	"BNIP3L"	60	"HiG"
"HiG_endothelial.b"	9542	"ACTB"	3	"HiG"
"HiG_endothelial.b"	39	"MAGEH1"	207	"HiG"
"HiG_endothelial.b"	371	"MYL6"	124	"HiG"
"HiG_endothelial.b"	1022	"RBPMS"	49	"HiG"
"HiG_endothelial.b"	86	"ITM2C"	183.5	"HiG"
"HiG_endothelial.b"	0	"DCTPP1"	328.5	"HiG"
"HiG_endothelial.b"	0	"LLPH"	328.5	"HiG"
"HiG_endothelial.b"	536	"BEX3"	79	"HiG"
"HiG_endothelial.b"	387	"PDLIM7"	112	"HiG"
"HiG_endothelial.b"	154	"KRT18"	166	"HiG"
"HiG_endothelial.b"	137	"ACTN1"	170.5	"HiG"
"HiG_endothelial.b"	0	"PHLDA1"	328.5	"HiG"
"HiG_endothelial.b"	156	"EMILIN1"	165	"HiG"
"HiG_endothelial.b"	0	"SAT1"	328.5	"HiG"
"HiG_endothelial.b"	0	"GLUL"	328.5	"HiG"
"HiG_endothelial.b"	86	"DUSP6"	183.5	"HiG"
"HiG_endothelial.b"	1013	"GABARAPL1"	50	"HiG"
"HiG_endothelial.b"	4	"FTH1"	249	"HiG"
"HiG_endothelial.b"	389	"JUNB"	111	"HiG"
"HiG_endothelial.b"	1350	"CALM2"	31	"HiG"
"HiG_endothelial.b"	330	"IPO11"	136	"HiG"
"HiG_endothelial.b"	60	"CCND2"	196	"HiG"
"HiG_endothelial.b"	0	"CLEC1B"	328.5	"HiG"
"HiG_endothelial.b"	36	"MAPRE2"	209	"HiG"
"HiG_endothelial.b"	137	"DDAH2"	170.5	"HiG"
"HiG_endothelial.b"	19	"ARL6IP1"	223.5	"HiG"
"HiG_endothelial.b"	1516	"VASP"	26	"HiG"
"HiG_endothelial.b"	519	"BNIP3"	81	"HiG"
"HiG_endothelial.b"	516	"BCCIP"	82	"HiG"
"HiG_endothelial.b"	1247	"RTN4"	35	"HiG"
"HiG_endothelial.b"	10	"RBFOX2"	233	"HiG"
"HiG_endothelial.b"	436	"RALB"	98	"HiG"
"HiG_endothelial.b"	0	"CTNNBIP1"	328.5	"HiG"
"HiG_endothelial.b"	6181	"JUN"	5	"HiG"
"HiG_endothelial.b"	19798	"HSPA5"	1	"HiG"
"HiG_endothelial.b"	460	"CDC20"	87	"HiG"
"HiG_endothelial.b"	11	"PTP4A3"	229	"HiG"
"HiG_endothelial.b"	0	"TCEAL9"	328.5	"HiG"
"HiG_endothelial.b"	317	"PHB2"	138	"HiG"
"HiG_endothelial.b"	667	"LYAR"	64	"HiG"
"HiG_endothelial.b"	1118	"PPIB"	43	"HiG"
"HiG_endothelial.b"	22	"DEGS1"	220.5	"HiG"
"HiG_endothelial.b"	73	"NASP"	190	"HiG"
"HiG_endothelial.b"	0	"FBLN1"	328.5	"HiG"
"HiG_endothelial.b"	120	"IGF2BP3"	176.5	"HiG"
"HiG_endothelial.b"	447	"FSCN1"	93	"HiG"
"HiG_endothelial.b"	1091	"DNAJB11"	46	"HiG"
"HiG_endothelial.b"	6	"SSR3"	242	"HiG"
"HiG_endothelial.b"	0	"KDELR2"	328.5	"HiG"
"HiG_endothelial.b"	238	"NOLC1"	149	"HiG"
"HiG_endothelial.b"	0	"LXN"	328.5	"HiG"
"HiG_endothelial.b"	46	"PGRMC1"	204	"HiG"
"HiG_endothelial.b"	6	"PPAN"	242	"HiG"
"HiG_endothelial.b"	0	"DDT"	328.5	"HiG"
"HiG_endothelial.b"	1163	"SFXN1"	39	"HiG"
"HiG_endothelial.b"	0	"G3BP2"	328.5	"HiG"
"HiG_endothelial.b"	233	"EBNA1BP2"	150	"HiG"
"HiG_endothelial.b"	42	"PA2G4"	206	"HiG"
"HiG_endothelial.b"	2764	"PDIA6"	12	"HiG"
"HiG_endothelial.b"	0	"MEST"	328.5	"HiG"
"HiG_endothelial.b"	3757	"NCL"	8	"HiG"
"HiG_endothelial.b"	2798	"DDX21"	11	"HiG"
"HiG_endothelial.b"	963	"ARHGEF2"	53	"HiG"
"HiG_endothelial.b"	1828	"MYO1C"	21	"HiG"
"HiG_endothelial.b"	168	"FABP5"	164	"HiG"
"HiG_endothelial.b"	438	"H2AX"	96.5	"HiG"
"HiG_endothelial.b"	1752	"CDK1"	23	"HiG"
"HiG_endothelial.b"	643	"CTNNA1"	71	"HiG"
"HiG_endothelial.b"	451	"CBX1"	91.5	"HiG"
"HiG_endothelial.b"	1090	"CCND1"	47	"HiG"
"HiG_endothelial.b"	1132	"MAPK3"	41	"HiG"
"HiG_endothelial.b"	10	"CD151"	233	"HiG"
"HiG_endothelial.b"	61	"LSR"	194	"HiG"
"HiG_endothelial.b"	0	"PTOV1"	328.5	"HiG"
"HiG_endothelial.b"	371	"ETS2"	124	"HiG"
"HiG_endothelial.b"	5287	"CALM1"	7	"HiG"
"HiG_endothelial.b"	1304	"MAP1B"	33	"HiG"
"HiG_endothelial.b"	0	"EMCN"	328.5	"HiG"
"HiG_endothelial.b"	1858	"TGFB1"	20	"HiG"
"HiG_endothelial.b"	22	"POLR1D"	220.5	"HiG"
"HiG_endothelial.b"	0	"TSEN34"	328.5	"HiG"
"HiG_endothelial.b"	32	"ID1"	212.5	"HiG"
"HiG_endothelial.b"	1224	"KDR"	37	"HiG"
"HiG_endothelial.b"	59	"ARPC1B"	199	"HiG"
"HiG_endothelial.b"	0	"RAMP2"	328.5	"HiG"
"HiG_endothelial.b"	2872	"PFN1"	10	"HiG"
"HiG_endothelial.b"	595	"RALA"	73	"HiG"
"HiG_endothelial.b"	764	"DBN1"	57	"HiG"
"HiG_endothelial.b"	77	"CST3"	187	"HiG"
"HiG_endothelial.b"	1388	"APOE"	30	"HiG"
"HiG_endothelial.b"	398	"CREG1"	108	"HiG"
"HiG_endothelial.b"	0	"HAPLN1"	328.5	"HiG"
"HiG_endothelial.b"	333	"STMN1"	135	"HiG"
"HiG_endothelial.b"	0	"CNPY2"	328.5	"HiG"
"HiG_endothelial.b"	224	"GJA1"	151	"HiG"
"HiG_endothelial.b"	679	"E2F4"	63	"HiG"
"HiG_endothelial.b"	1058	"HMGA2"	48	"HiG"
"HiG_endothelial.b"	31	"S100A10"	214	"HiG"
"HiG_endothelial.b"	51	"RPS6KA1"	203	"HiG"
"HiG_endothelial.b"	38	"RRM2"	208	"HiG"
"HiG_endothelial.b"	171	"DEK"	163	"HiG"
"HiG_endothelial.b"	2520	"HSP90B1"	14	"HiG"
"HiG_endothelial.b"	0	"HES1"	328.5	"HiG"
"HiG_endothelial.b"	371	"PPP1R15A"	124	"HiG"
"HiG_endothelial.b"	0	"PPP1R2"	328.5	"HiG"
"HiG_endothelial.b"	262	"CRMP1"	146	"HiG"
"HiG_endothelial.b"	1125	"ARPC3"	42	"HiG"
"HiG_endothelial.b"	74	"EMG1"	189	"HiG"
"HiG_endothelial.b"	0	"CARHSP1"	328.5	"HiG"
"HiG_endothelial.b"	0	"CBFB"	328.5	"HiG"
"HiG_endothelial.b"	3490	"CD81"	9	"HiG"
"HiG_endothelial.b"	378	"CAPNS1"	115	"HiG"
"HiG_endothelial.b"	0	"FXYD6"	328.5	"HiG"
"HiG_endothelial.b"	23	"GNG11"	218.5	"HiG"
"HiG_endothelial.b"	472	"DKC1"	85	"HiG"
"HiG_endothelial.b"	534	"PTN"	80	"HiG"
"HiG_endothelial.b"	0	"SPTSSA"	328.5	"HiG"
"HiG_endothelial.b"	0	"LAPTM4A"	328.5	"HiG"
"HiG_endothelial.b"	11646	"VIM"	2	"HiG"
"HiG_endothelial.b"	7	"KLF6"	239	"HiG"
"HiG_endothelial.b"	0	"MAP7D1"	328.5	"HiG"
"HiG_endothelial.b"	8740	"UBC"	4	"HiG"
"HiG_endothelial.b"	0	"GSTO1"	328.5	"HiG"
"HiG_endothelial.b"	320	"ARPC5"	137	"HiG"
"HiG_endothelial.b"	1274	"CD9"	34	"HiG"
"HiG_endothelial.b"	2	"CD63"	261	"HiG"
"HiG_endothelial.b"	8	"F2R"	238	"HiG"
"HiG_endothelial.b"	3	"DNAJC3"	255.5	"HiG"
"HiG_endothelial.b"	1142	"ARPC2"	40	"HiG"
"HiG_endothelial.b"	271	"GAR1"	144	"HiG"
"HiG_endothelial.b"	270	"JUND"	145	"HiG"
"HiG_endothelial.b"	19	"TOP1"	223.5	"HiG"
"HiG_endothelial.b"	9	"IGF2"	236.5	"HiG"
"HiG_endothelial.b"	1446	"NRP1"	28	"HiG"
"HiG_endothelial.b"	573	"FN1"	76	"HiG"
"HiG_endothelial.b"	2587	"PDIA3"	13	"HiG"
"HiG_endothelial.b"	0	"TEAD2"	328.5	"HiG"
"HiG_endothelial.b"	653	"APEX1"	67	"HiG"
"HiG_endothelial.b"	657	"TAL1"	65	"HiG"
"HiG_endothelial.b"	60	"SLC2A1"	196	"HiG"
"HiG_endothelial.b"	0	"BEX1"	328.5	"HiG"
"HiG_endothelial.b"	367	"ELK3"	132	"HiG"
"HiG_endothelial.b"	656	"SPARC"	66	"HiG"
"HiG_endothelial.b"	43	"SH3GLB1"	205	"HiG"
"HiG_endothelial.b"	6	"MDK"	242	"HiG"
"HiG_endothelial.b"	575	"MARCKS"	74	"HiG"
"HiG_endothelial.b"	977	"ARF4"	51	"HiG"
"HiG_endothelial.b"	1096	"MMP14"	45	"HiG"
"HiG_endothelial.b"	1983	"PDIA4"	18	"HiG"
"HiG_endothelial.b"	1	"VAMP8"	265.5	"HiG"
"HiG_endothelial.b"	92	"RAB6A"	181	"HiG"
"HiG_endothelial.b"	1589	"TPM4"	25	"HiG"
"HiG_endothelial.b"	0	"CSRP2"	328.5	"HiG"
"HiG_endothelial.b"	0	"KLF2"	328.5	"HiG"
"HiG_endothelial.b"	3	"CLDN5"	255.5	"HiG"
"HiG_endothelial.b"	0	"EBF1"	328.5	"HiG"
"HiG_endothelial.b"	0	"TFPI"	328.5	"HiG"
"HiG_endothelial.b"	0	"GRAP"	328.5	"HiG"
"HiG_endothelial.b"	10	"DUSP4"	233	"HiG"
"HiG_endothelial.b"	0	"MPZL1"	328.5	"HiG"
"HiG_endothelial.b"	2381	"CALD1"	15	"HiG"
"HiG_endothelial.b"	11	"CCN1"	229	"HiG"
"HiG_endothelial.b"	129	"PSIP1"	173	"HiG"
"HiG_endothelial.b"	189	"SNX6"	157	"HiG"
"HiG_endothelial.b"	243	"TPM1"	148	"HiG"
"HiG_endothelial.b"	34	"GNL3"	211	"HiG"
"HiG_endothelial.b"	0	"GNGT2"	328.5	"HiG"
"HiG_endothelial.b"	500	"UPP1"	84	"HiG"
"HiG_endothelial.b"	410	"TRAF4"	104	"HiG"
"HiG_endothelial.b"	647	"RHOJ"	69	"HiG"
"HiG_endothelial.b"	205	"SNX3"	153	"HiG"
"HiG_endothelial.b"	3	"PCLAF"	255.5	"HiG"
"HiG_endothelial.b"	302	"MACROH2A1"	140	"HiG"
"HiG_endothelial.b"	369	"ARG1"	130	"HiG"
"HiG_endothelial.b"	0	"GALK1"	328.5	"HiG"
"HiG_endothelial.b"	1684	"TUBA1A"	24	"HiG"
"HiG_endothelial.b"	195	"TAGLN2"	155	"HiG"
"HiG_endothelial.b"	59	"GCC2"	199	"HiG"
"HiG_endothelial.b"	53	"CKAP4"	202	"HiG"
"HiG_endothelial.b"	749	"NHP2"	59	"HiG"
"HiG_endothelial.b"	69	"MTDH"	192	"HiG"
"HiG_endothelial.b"	179	"ANP32B"	159.5	"HiG"
"HiG_endothelial.b"	29	"MAGED2"	215.5	"HiG"
"HiG_endothelial.b"	0	"FOXC2"	328.5	"HiG"
"HiG_endothelial.b"	2	"CSRP1"	261	"HiG"
"HiG_endothelial.b"	29	"UBE2D1"	215.5	"HiG"
"HiG_endothelial.b"	0	"PAIP2"	328.5	"HiG"
"HiG_endothelial.b"	419	"TSC22D1"	102	"HiG"
"HiG_endothelial.b"	0	"ARHGAP31"	328.5	"HiG"
"HiG_endothelial.b"	0	"MEIS2"	328.5	"HiG"
"HiG_endothelial.b"	0	"XBP1"	328.5	"HiG"
"HiG_endothelial.b"	20	"WDR12"	222	"HiG"
"HiG_endothelial.b"	0	"ETV2"	328.5	"HiG"
"HiG_endothelial.b"	371	"RBP1"	124	"HiG"
"HiG_endothelial.b"	4	"SEPTIN9"	249	"HiG"
"HiG_endothelial.b"	757	"CNN3"	58	"HiG"
"HiG_endothelial.b"	5	"H2AZ2"	245	"HiG"
"HiG_endothelial.b"	0	"LUZP1"	328.5	"HiG"
"HiG_endothelial.b"	360	"ATP2B1"	133	"HiG"
"HiG_endothelial.b"	182	"SDF2L1"	158	"HiG"
"HiG_endothelial.b"	18	"DDX18"	225.5	"HiG"
"HiG_endothelial.b"	1879	"NOP56"	19	"HiG"
"HiG_endothelial.b"	371	"DCAKD"	124	"HiG"
"HiG_endothelial.b"	1117	"ITM2B"	44	"HiG"
"HiG_endothelial.b"	213	"NRP2"	152	"HiG"
"HiG_endothelial.b"	0	"HIGD1A"	328.5	"HiG"
"HiG_endothelial.b"	2	"IER2"	261	"HiG"
"HiG_endothelial.b"	1336	"TPI1"	32	"HiG"
"HiG_endothelial.b"	645	"HSD17B10"	70	"HiG"
"HiG_endothelial.b"	130	"MRPL17"	172	"HiG"
"HiG_endothelial.b"	0	"SOX4"	328.5	"HiG"
"HiG_endothelial.b"	5308	"YWHAQ"	6	"HiG"
"HiG_endothelial.b"	87	"IMPDH2"	182	"HiG"
"HiG_endothelial.b"	0	"SELENOP"	328.5	"HiG"
"HiG_endothelial.b"	0	"HMGN3"	328.5	"HiG"
"HiG_endothelial.b"	0	"PNRC1"	328.5	"HiG"
"HiG_endothelial.b"	123	"RRBP1"	175	"HiG"
"HiG_endothelial.b"	407	"COLEC12"	105	"HiG"
"HiG_endothelial.b"	32	"SH3BP5"	212.5	"HiG"
"HiG_endothelial.b"	4	"CRIP2"	249	"HiG"
"HiG_endothelial.b"	18	"TTC3"	225.5	"HiG"
"HiG_endothelial.b"	371	"CMTM3"	124	"HiG"
"HiG_endothelial.b"	179	"CRELD2"	159.5	"HiG"
"HiG_endothelial.b"	0	"CRABP1"	328.5	"HiG"
"HiG_endothelial.b"	508	"BASP1"	83	"HiG"
"HiG_endothelial.b"	0	"COTL1"	328.5	"HiG"
"HiG_endothelial.b"	0	"CNN2"	328.5	"HiG"
"HiG_endothelial.b"	178	"RSL1D1"	161	"HiG"
"HiG_endothelial.b"	35	"RRS1"	210	"HiG"
"HiG_endothelial.b"	885	"SLC25A4"	55	"HiG"
"HiG_endothelial.b"	0	"LAPTM4B"	328.5	"HiG"
"HiG_endothelial.b"	458	"MIF"	88.5	"HiG"
"HiG_endothelial.b"	0	"AMOTL1"	328.5	"HiG"
"HiG_endothelial.b"	372	"SRM"	118.5	"HiG"
"HiG_endothelial.b"	287	"LDHB"	143	"HiG"
"HiG_endothelial.b"	9	"AKR1A1"	236.5	"HiG"
"HiG_endothelial.b"	75	"HMGB3"	188	"HiG"
"HiG_endothelial.b"	0	"LITAF"	328.5	"HiG"
"HiG_endothelial.b"	371	"ARMCX2"	124	"HiG"
"HiG_endothelial.b"	0	"RAB34"	328.5	"HiG"
"HiG_endothelial.b"	0	"PIMREG"	328.5	"HiG"
"HiG_endothelial.b"	4	"GNG2"	249	"HiG"
"HiG_endothelial.b"	0	"ECSCR"	328.5	"HiG"
"HiG_endothelial.b"	0	"PPIC"	328.5	"HiG"
"HiG_endothelial.b"	0	"PCBP4"	328.5	"HiG"
"HiG_endothelial.b"	0	"TBCB"	328.5	"HiG"
"HiG_endothelial.b"	432	"EGFL7"	99.5	"HiG"
"HiG_endothelial.b"	392	"TUBB6"	109	"HiG"
"HiG_endothelial.b"	0	"CNRIP1"	328.5	"HiG"
"HiG_endothelial.b"	0	"PLK2"	328.5	"HiG"
"HiG_endothelial.b"	384	"TPM3"	113	"HiG"
"HiG_endothelial.b"	377	"RBMS2"	116.5	"HiG"
"HiG_endothelial.b"	0	"MARCKSL1"	328.5	"HiG"
"HiG_endothelial.b"	0	"FERMT2"	328.5	"HiG"
"HiG_endothelial.b"	1	"TXNDC5"	265.5	"HiG"
"HiG_endothelial.b"	78	"FAM162A"	186	"HiG"
"HiG_endothelial.b"	380	"RBMS1"	114	"HiG"
"HiG_endothelial.b"	6	"TMED2"	242	"HiG"
"HiG_endothelial.b"	0	"SPCS2"	328.5	"HiG"
"HiG_endothelial.b"	428	"RDX"	101	"HiG"
"HiG_endothelial.b"	23	"CFL2"	218.5	"HiG"
"HiG_endothelial.b"	142	"RCN2"	167	"HiG"
"HiG_endothelial.b"	465	"SH3BGRL"	86	"HiG"
"HiG_endothelial.b"	443	"TMSB10"	95	"HiG"
"HiG_endothelial.b"	0	"SH3BGRL3"	328.5	"HiG"
"HiG_endothelial.b"	54	"GPATCH4"	201	"HiG"
"HiG_endothelial.b"	2	"ORAI1"	261	"HiG"
"HiG_endothelial.b"	650	"DUSP9"	68	"HiG"
"HiG_endothelial.b"	0	"BCAT1"	328.5	"HiG"
"HiG_endothelial.b"	642	"TMED9"	72	"HiG"
"HiG_endothelial.b"	110	"IGFBP2"	178	"HiG"
"HiG_endothelial.b"	0	"ATP6V0B"	328.5	"HiG"
"HiG_endothelial.b"	951	"NECTIN2"	54	"HiG"
"HiG_endothelial.b"	445	"PPID"	94	"HiG"
"HiG_endothelial.b"	0	"PTGIS"	328.5	"HiG"
"HiG_endothelial.b"	0	"KLK8"	328.5	"HiG"
"HiG_endothelial.b"	0	"FKBP11"	328.5	"HiG"
"HiG_endothelial.b"	405	"MACROH2A2"	106	"HiG"
"HiG_endothelial.b"	4	"TMBIM6"	249	"HiG"
"HiG_endothelial.b"	10	"IDH2"	233	"HiG"
"HiG_endothelial.b"	3	"MTAP"	255.5	"HiG"
"HiG_endothelial.b"	0	"CMAS"	328.5	"HiG"
"HiG_endothelial.b"	1169	"IGFBP4"	38	"HiG"
"HiG_endothelial.b"	0	"SMS"	328.5	"HiG"
"HiG_endothelial.b"	120	"TMSB4X"	176.5	"HiG"
"HiG_endothelial.b"	59	"PPP1R18"	199	"HiG"
"HiG_endothelial.b"	553	"RHOC"	78	"HiG"
"HiG_endothelial.b"	0	"GPX3"	328.5	"HiG"
"HiG_endothelial.b"	372	"ITM2A"	118.5	"HiG"
"HiG_endothelial.b"	559	"PMP22"	77	"HiG"
"HiG_endothelial.b"	0	"LIMD2"	328.5	"HiG"
"HiG_endothelial.b"	0	"EVA1B"	328.5	"HiG"
"HiG_endothelial.b"	0	"ARMCX1"	328.5	"HiG"
"HiG_endothelial.b"	0	"MYL7"	328.5	"HiG"
"HiG_endothelial.b"	0	"TXNDC12"	328.5	"HiG"
"HiG_endothelial.b"	0	"INKA1"	328.5	"HiG"
"HiG_endothelial.b"	0	"KLHL6"	328.5	"HiG"
"HiG_endothelial.b"	0	"EPOP"	328.5	"HiG"
"HiG_endothelial.b"	0	"TNFAIP1"	328.5	"HiG"
"HiG_endothelial.b"	60	"PHF6"	196	"HiG"
"HiG_endothelial.b"	301	"MANF"	141	"HiG"
"HiG_endothelial.b"	0	"SELENOK"	328.5	"HiG"
"HiG_endothelial.b"	0	"CDCA7"	328.5	"HiG"
"HiG_endothelial.b"	0	"EMB"	328.5	"HiG"
"HiG_endothelial.b"	1	"TSPAN3"	265.5	"HiG"
"HiG_endothelial.b"	0	"LRP11"	328.5	"HiG"
"HiG_endothelial.b"	139	"GPC3"	168.5	"HiG"
"HiG_endothelial.b"	3	"MTCH1"	255.5	"HiG"
"HiG_endothelial.b"	416	"TMEM59"	103	"HiG"
"HiG_endothelial.b"	0	"PPP1R1A"	328.5	"HiG"
"HiG_endothelial.b"	0	"PRXL2A"	328.5	"HiG"
"HiG_endothelial.b"	452	"LPAR6"	90	"HiG"
"HiG_endothelial.b"	0	"FSTL1"	328.5	"HiG"
"HiG_endothelial.b"	0	"FAM43A"	328.5	"HiG"
"HiG_endothelial.b"	15	"WLS"	227	"HiG"
"HiG_endothelial.b"	0	"PLVAP"	328.5	"HiG"
"HiG_endothelial.b"	794	"SSR2"	56	"HiG"
"HiG_endothelial.b"	3	"KRTCAP2"	255.5	"HiG"
"HiG_endothelial.b"	0	"RSPO3"	328.5	"HiG"
"HiG_endothelial.b"	0	"BEX4"	328.5	"HiG"
"HiG_endothelial.b"	0	"OAZ2"	328.5	"HiG"
"HiG_endothelial.b"	0	"PHLDA2"	328.5	"HiG"
"HiG_endothelial.b"	0	"SLC16A3"	328.5	"HiG"
"HiG_endothelial.b"	4	"RASIP1"	249	"HiG"
"HiG_endothelial.b"	0	"FAM107B"	328.5	"HiG"
"HiG_endothelial.b"	0	"PRTG"	328.5	"HiG"
"HiG_endothelial.b"	309	"APLNR"	139	"HiG"
"HiG_endothelial.b"	198	"OSTC"	154	"HiG"
"HiG_endothelial.b"	72	"ESAM"	191	"HiG"
"HiG_endothelial.b"	0	"SOX11"	328.5	"HiG"
"HiG_endothelial.b"	0	"STARD3NL"	328.5	"HiG"
"HiG_endothelial.b"	0	"CMTM8"	328.5	"HiG"
"HiG_endothelial.b"	738	"CMTM7"	61	"HiG"
"HiG_endothelial.b"	371	"MMD"	124	"HiG"
"HiG_endothelial.b"	0	"EXOC3L4"	328.5	"HiG"
"HiG_endothelial.b"	100	"VAMP5"	180	"HiG"
"HiG_endothelial.b"	574	"HOXB2"	75	"HiG"
"HiG_endothelial.b"	0	"MFAP2"	328.5	"HiG"
"HiG_endothelial.b"	247	"RASGRP2"	147	"HiG"
"HiG_endothelial.b"	0	"PIM3"	328.5	"HiG"
"HiG_endothelial.b"	11	"FEV"	229	"HiG"
"HiG_endothelial.b"	81	"IFITM1"	185	"HiG"
"HiG_endothelial.b"	6	"TPST2"	242	"HiG"
"HiG_endothelial.b"	0	"TSPAN6"	328.5	"HiG"
"HiG_endothelial.b"	0	"SELENOH"	328.5	"HiG"
"HiG_endothelial.b"	1	"VGLL4"	265.5	"HiG"
"HiG_endothelial.b"	64	"SOX17"	193	"HiG"
"HiG_endothelial.b"	0	"KLF7"	328.5	"HiG"
"HiG_endothelial.b"	0	"TMEM158"	328.5	"HiG"
"HiG_endothelial.b"	0	"PIGX"	328.5	"HiG"
"HiG_endothelial.b"	0	"TCEAL8"	328.5	"HiG"
"HiG_endothelial.b"	0	"RCSD1"	328.5	"HiG"
"HiG_endothelial.b"	371	"PRRX2"	124	"HiG"
"HiG_endothelial.b"	2	"TSPAN7"	261	"HiG"
"HiG_endothelial.b"	0	"MOGAT2"	328.5	"HiG"
"HiG_endothelial.b"	0	"ZFP36L1"	328.5	"HiG"
"HiG_endothelial.b"	0	"WFDC2"	328.5	"HiG"
"HiG_endothelial.b"	0	"WSB1"	328.5	"HiG"
"HiG_cardiac.a"	0	"CITED2"	315	"HiG"
"HiG_cardiac.a"	134	"CCND3"	150.5	"HiG"
"HiG_cardiac.a"	748	"GABARAP"	59	"HiG"
"HiG_cardiac.a"	857	"C1QBP"	53	"HiG"
"HiG_cardiac.a"	0	"HAND2"	315	"HiG"
"HiG_cardiac.a"	39	"ID3"	179	"HiG"
"HiG_cardiac.a"	69	"AFDN"	171	"HiG"
"HiG_cardiac.a"	136	"LEF1"	149	"HiG"
"HiG_cardiac.a"	1131	"TNNC1"	43	"HiG"
"HiG_cardiac.a"	176	"MAGED1"	138	"HiG"
"HiG_cardiac.a"	78	"DAB2"	168.5	"HiG"
"HiG_cardiac.a"	1367	"NDN"	31.5	"HiG"
"HiG_cardiac.a"	27	"ID2"	189.5	"HiG"
"HiG_cardiac.a"	288	"CDKN1C"	120	"HiG"
"HiG_cardiac.a"	583	"SERPINH1"	77	"HiG"
"HiG_cardiac.a"	362	"PEG10"	105	"HiG"
"HiG_cardiac.a"	0	"PRDX4"	315	"HiG"
"HiG_cardiac.a"	0	"GADD45G"	315	"HiG"
"HiG_cardiac.a"	455	"P4HB"	90	"HiG"
"HiG_cardiac.a"	31	"LSM2"	184.5	"HiG"
"HiG_cardiac.a"	0	"LMO4"	315	"HiG"
"HiG_cardiac.a"	7	"CCNE1"	211.5	"HiG"
"HiG_cardiac.a"	183	"ASF1A"	135	"HiG"
"HiG_cardiac.a"	34	"CLIC1"	181	"HiG"
"HiG_cardiac.a"	10451	"ACTB"	2	"HiG"
"HiG_cardiac.a"	14	"PTBP2"	195	"HiG"
"HiG_cardiac.a"	547	"MYL6"	80	"HiG"
"HiG_cardiac.a"	1492	"RBPMS"	28	"HiG"
"HiG_cardiac.a"	358	"ITM2C"	108	"HiG"
"HiG_cardiac.a"	0	"DCTPP1"	315	"HiG"
"HiG_cardiac.a"	0	"LLPH"	315	"HiG"
"HiG_cardiac.a"	712	"BEX3"	61	"HiG"
"HiG_cardiac.a"	47	"PDLIM7"	176	"HiG"
"HiG_cardiac.a"	2310	"KRT18"	20	"HiG"
"HiG_cardiac.a"	0	"BAMBI"	315	"HiG"
"HiG_cardiac.a"	0	"COX17"	315	"HiG"
"HiG_cardiac.a"	741	"ACTN1"	60	"HiG"
"HiG_cardiac.a"	0	"PHLDA1"	315	"HiG"
"HiG_cardiac.a"	249	"DUT"	125	"HiG"
"HiG_cardiac.a"	0	"BEX2"	315	"HiG"
"HiG_cardiac.a"	0	"NME4"	315	"HiG"
"HiG_cardiac.a"	0	"FTH1"	315	"HiG"
"HiG_cardiac.a"	1162	"CALM2"	40	"HiG"
"HiG_cardiac.a"	596	"CCND2"	74	"HiG"
"HiG_cardiac.a"	380	"DDAH2"	98	"HiG"
"HiG_cardiac.a"	11	"ARL6IP1"	201	"HiG"
"HiG_cardiac.a"	0	"PAFAH1B3"	315	"HiG"
"HiG_cardiac.a"	6	"BCCIP"	217	"HiG"
"HiG_cardiac.a"	0	"PLAC8"	315	"HiG"
"HiG_cardiac.a"	670	"RTN4"	65	"HiG"
"HiG_cardiac.a"	128	"RBFOX2"	154	"HiG"
"HiG_cardiac.a"	0	"CTNNBIP1"	315	"HiG"
"HiG_cardiac.a"	3730	"JUN"	14	"HiG"
"HiG_cardiac.a"	11264	"HSPA5"	1	"HiG"
"HiG_cardiac.a"	1275	"KIF5B"	36	"HiG"
"HiG_cardiac.a"	0	"TCEAL9"	315	"HiG"
"HiG_cardiac.a"	0	"EIF4EBP1"	315	"HiG"
"HiG_cardiac.a"	677	"PPP1CB"	63.5	"HiG"
"HiG_cardiac.a"	609	"LYAR"	71	"HiG"
"HiG_cardiac.a"	488	"FKBP4"	87	"HiG"
"HiG_cardiac.a"	327	"PPIB"	117	"HiG"
"HiG_cardiac.a"	1914	"EZR"	25	"HiG"
"HiG_cardiac.a"	4143	"CALR"	12	"HiG"
"HiG_cardiac.a"	8	"DEGS1"	207.5	"HiG"
"HiG_cardiac.a"	614	"NASP"	68	"HiG"
"HiG_cardiac.a"	10	"FBLN1"	203.5	"HiG"
"HiG_cardiac.a"	40	"PAICS"	178	"HiG"
"HiG_cardiac.a"	7	"BIRC5"	211.5	"HiG"
"HiG_cardiac.a"	6	"IGF2BP3"	217	"HiG"
"HiG_cardiac.a"	2	"MTHFD2"	239.5	"HiG"
"HiG_cardiac.a"	141	"FSCN1"	147	"HiG"
"HiG_cardiac.a"	0	"DYNLL1"	315	"HiG"
"HiG_cardiac.a"	1189	"DNAJB11"	38	"HiG"
"HiG_cardiac.a"	363	"SSR3"	104	"HiG"
"HiG_cardiac.a"	2305	"ANXA2"	21	"HiG"
"HiG_cardiac.a"	14	"NOLC1"	195	"HiG"
"HiG_cardiac.a"	604	"PGRMC1"	73	"HiG"
"HiG_cardiac.a"	0	"PPAN"	315	"HiG"
"HiG_cardiac.a"	0	"DDT"	315	"HiG"
"HiG_cardiac.a"	354	"SFXN1"	111	"HiG"
"HiG_cardiac.a"	12	"G3BP2"	198	"HiG"
"HiG_cardiac.a"	4	"HNRNPH3"	228	"HiG"
"HiG_cardiac.a"	1259	"EBNA1BP2"	37	"HiG"
"HiG_cardiac.a"	0	"PSPH"	315	"HiG"
"HiG_cardiac.a"	2574	"PDIA6"	18	"HiG"
"HiG_cardiac.a"	109	"MEST"	162	"HiG"
"HiG_cardiac.a"	4773	"NCL"	8	"HiG"
"HiG_cardiac.a"	29	"FABP5"	187	"HiG"
"HiG_cardiac.a"	505	"CTNNA1"	85	"HiG"
"HiG_cardiac.a"	476	"CBX1"	88	"HiG"
"HiG_cardiac.a"	253	"CCND1"	124	"HiG"
"HiG_cardiac.a"	836	"GATA4"	55	"HiG"
"HiG_cardiac.a"	1646	"MAPK3"	27	"HiG"
"HiG_cardiac.a"	289	"CD151"	119	"HiG"
"HiG_cardiac.a"	0	"LSR"	315	"HiG"
"HiG_cardiac.a"	347	"PKP2"	112	"HiG"
"HiG_cardiac.a"	0	"PTOV1"	315	"HiG"
"HiG_cardiac.a"	268	"MAP1B"	123	"HiG"
"HiG_cardiac.a"	140	"TGFB2"	148	"HiG"
"HiG_cardiac.a"	9362	"HSP90AA1"	4	"HiG"
"HiG_cardiac.a"	247	"SELENOS"	126	"HiG"
"HiG_cardiac.a"	0	"TSEN34"	315	"HiG"
"HiG_cardiac.a"	162	"ID1"	141	"HiG"
"HiG_cardiac.a"	4536	"BMP4"	9	"HiG"
"HiG_cardiac.a"	0	"NEBL"	315	"HiG"
"HiG_cardiac.a"	50	"SMARCD3"	173	"HiG"
"HiG_cardiac.a"	0	"HAND1"	315	"HiG"
"HiG_cardiac.a"	0	"STK39"	315	"HiG"
"HiG_cardiac.a"	10	"RALA"	203.5	"HiG"
"HiG_cardiac.a"	0	"PFN2"	315	"HiG"
"HiG_cardiac.a"	1289	"DBN1"	35	"HiG"
"HiG_cardiac.a"	196	"CST3"	133	"HiG"
"HiG_cardiac.a"	0	"JAM3"	315	"HiG"
"HiG_cardiac.a"	453	"APOE"	92	"HiG"
"HiG_cardiac.a"	63	"LRPAP1"	172	"HiG"
"HiG_cardiac.a"	0	"HAPLN1"	315	"HiG"
"HiG_cardiac.a"	851	"STMN1"	54	"HiG"
"HiG_cardiac.a"	3636	"NKX2-5"	16	"HiG"
"HiG_cardiac.a"	0	"CNPY2"	315	"HiG"
"HiG_cardiac.a"	365	"GJA1"	103	"HiG"
"HiG_cardiac.a"	0	"SAP30"	315	"HiG"
"HiG_cardiac.a"	677	"ACTC1"	63.5	"HiG"
"HiG_cardiac.a"	8	"GRB10"	207.5	"HiG"
"HiG_cardiac.a"	1421	"HMGA2"	30	"HiG"
"HiG_cardiac.a"	958	"S100A10"	48	"HiG"
"HiG_cardiac.a"	342	"RRM2"	113	"HiG"
"HiG_cardiac.a"	122	"DEK"	155.5	"HiG"
"HiG_cardiac.a"	9036	"HSP90B1"	5	"HiG"
"HiG_cardiac.a"	637	"RBBP7"	66	"HiG"
"HiG_cardiac.a"	0	"HES1"	315	"HiG"
"HiG_cardiac.a"	546	"MSX1"	81	"HiG"
"HiG_cardiac.a"	0	"ADH5"	315	"HiG"
"HiG_cardiac.a"	0	"CARHSP1"	315	"HiG"
"HiG_cardiac.a"	8	"CBFB"	207.5	"HiG"
"HiG_cardiac.a"	428	"CD81"	93	"HiG"
"HiG_cardiac.a"	6	"PJA1"	217	"HiG"
"HiG_cardiac.a"	0	"FXYD6"	315	"HiG"
"HiG_cardiac.a"	554	"DKC1"	79	"HiG"
"HiG_cardiac.a"	0	"SPTSSA"	315	"HiG"
"HiG_cardiac.a"	11	"LAPTM4A"	201	"HiG"
"HiG_cardiac.a"	8051	"VIM"	6	"HiG"
"HiG_cardiac.a"	0	"KLF6"	315	"HiG"
"HiG_cardiac.a"	0	"RRAS2"	315	"HiG"
"HiG_cardiac.a"	1139	"TRIM28"	42	"HiG"
"HiG_cardiac.a"	0	"ARL3"	315	"HiG"
"HiG_cardiac.a"	1	"GSTO1"	244	"HiG"
"HiG_cardiac.a"	0	"SNRPN"	315	"HiG"
"HiG_cardiac.a"	2575	"HSPD1"	17	"HiG"
"HiG_cardiac.a"	122	"ARPC5"	155.5	"HiG"
"HiG_cardiac.a"	1358	"CRYAB"	33	"HiG"
"HiG_cardiac.a"	1030	"CD63"	46	"HiG"
"HiG_cardiac.a"	27	"CSRP3"	189.5	"HiG"
"HiG_cardiac.a"	160	"MEF2C"	143	"HiG"
"HiG_cardiac.a"	0	"DNAJC3"	315	"HiG"
"HiG_cardiac.a"	245	"ARPC2"	127	"HiG"
"HiG_cardiac.a"	111	"GAR1"	160	"HiG"
"HiG_cardiac.a"	454	"ACVR2B"	91	"HiG"
"HiG_cardiac.a"	4	"IGF2"	228	"HiG"
"HiG_cardiac.a"	613	"NRP1"	69.5	"HiG"
"HiG_cardiac.a"	1166	"FN1"	39	"HiG"
"HiG_cardiac.a"	2179	"PDIA3"	22	"HiG"
"HiG_cardiac.a"	222	"TEAD2"	129	"HiG"
"HiG_cardiac.a"	4492	"KRT8"	10	"HiG"
"HiG_cardiac.a"	1337	"APEX1"	34	"HiG"
"HiG_cardiac.a"	0	"ARID3B"	315	"HiG"
"HiG_cardiac.a"	46	"SLC2A1"	177	"HiG"
"HiG_cardiac.a"	0	"BEX1"	315	"HiG"
"HiG_cardiac.a"	0	"HOXB1"	315	"HiG"
"HiG_cardiac.a"	330	"MEIS1"	115	"HiG"
"HiG_cardiac.a"	503	"SFRP1"	86	"HiG"
"HiG_cardiac.a"	1126	"SPARC"	44	"HiG"
"HiG_cardiac.a"	49	"HMGN1"	174.5	"HiG"
"HiG_cardiac.a"	0	"DOK4"	315	"HiG"
"HiG_cardiac.a"	5	"MDK"	222	"HiG"
"HiG_cardiac.a"	390	"MARCKS"	96	"HiG"
"HiG_cardiac.a"	781	"PODXL"	58	"HiG"
"HiG_cardiac.a"	176	"ARF4"	138	"HiG"
"HiG_cardiac.a"	0	"ISL1"	315	"HiG"
"HiG_cardiac.a"	0	"MMP14"	315	"HiG"
"HiG_cardiac.a"	320	"PDIA4"	118	"HiG"
"HiG_cardiac.a"	0	"PEG3"	315	"HiG"
"HiG_cardiac.a"	204	"CCT2"	132	"HiG"
"HiG_cardiac.a"	4	"RAB6A"	228	"HiG"
"HiG_cardiac.a"	805	"TPM4"	57	"HiG"
"HiG_cardiac.a"	0	"CSRP2"	315	"HiG"
"HiG_cardiac.a"	6	"GATA5"	217	"HiG"
"HiG_cardiac.a"	1012	"GATA6"	47	"HiG"
"HiG_cardiac.a"	115	"PGM1"	157.5	"HiG"
"HiG_cardiac.a"	280	"FHL1"	121	"HiG"
"HiG_cardiac.a"	0	"MPZL1"	315	"HiG"
"HiG_cardiac.a"	534	"CALD1"	82	"HiG"
"HiG_cardiac.a"	0	"HOMER2"	315	"HiG"
"HiG_cardiac.a"	10190	"ACTA2"	3	"HiG"
"HiG_cardiac.a"	109	"CCN1"	162	"HiG"
"HiG_cardiac.a"	382	"PSIP1"	97	"HiG"
"HiG_cardiac.a"	0	"SNX6"	315	"HiG"
"HiG_cardiac.a"	0	"TNNT2"	315	"HiG"
"HiG_cardiac.a"	8000	"TPM1"	7	"HiG"
"HiG_cardiac.a"	72	"GNL3"	170	"HiG"
"HiG_cardiac.a"	358	"COL18A1"	108	"HiG"
"HiG_cardiac.a"	1997	"MSX2"	23.5	"HiG"
"HiG_cardiac.a"	1997	"DLK1"	23.5	"HiG"
"HiG_cardiac.a"	7	"PCLAF"	211.5	"HiG"
"HiG_cardiac.a"	0	"ENO3"	315	"HiG"
"HiG_cardiac.a"	0	"ASB4"	315	"HiG"
"HiG_cardiac.a"	217	"MACROH2A1"	130	"HiG"
"HiG_cardiac.a"	0	"GALK1"	315	"HiG"
"HiG_cardiac.a"	33	"GPX4"	183	"HiG"
"HiG_cardiac.a"	3714	"TUBA1A"	15	"HiG"
"HiG_cardiac.a"	880	"CKAP4"	52	"HiG"
"HiG_cardiac.a"	129	"NHP2"	153	"HiG"
"HiG_cardiac.a"	0	"MYL12B"	315	"HiG"
"HiG_cardiac.a"	0	"ATXN7L3B"	315	"HiG"
"HiG_cardiac.a"	79	"ANP32B"	167	"HiG"
"HiG_cardiac.a"	636	"MAGED2"	67	"HiG"
"HiG_cardiac.a"	269	"CSRP1"	122	"HiG"
"HiG_cardiac.a"	3	"UBE2D1"	234.5	"HiG"
"HiG_cardiac.a"	5	"APRT"	222	"HiG"
"HiG_cardiac.a"	514	"TSC22D1"	84	"HiG"
"HiG_cardiac.a"	161	"MEIS2"	142	"HiG"
"HiG_cardiac.a"	0	"XBP1"	315	"HiG"
"HiG_cardiac.a"	0	"HSD11B2"	315	"HiG"
"HiG_cardiac.a"	1	"SEPTIN9"	244	"HiG"
"HiG_cardiac.a"	154	"CNN3"	145	"HiG"
"HiG_cardiac.a"	19	"H2AZ2"	192	"HiG"
"HiG_cardiac.a"	0	"LUZP1"	315	"HiG"
"HiG_cardiac.a"	0	"SIVA1"	315	"HiG"
"HiG_cardiac.a"	2	"ATP2B1"	239.5	"HiG"
"HiG_cardiac.a"	94	"SDF2L1"	165	"HiG"
"HiG_cardiac.a"	374	"DCAKD"	101	"HiG"
"HiG_cardiac.a"	0	"IER2"	315	"HiG"
"HiG_cardiac.a"	608	"PRDX6"	72	"HiG"
"HiG_cardiac.a"	0	"SOX4"	315	"HiG"
"HiG_cardiac.a"	1159	"MYCN"	41	"HiG"
"HiG_cardiac.a"	4243	"YWHAQ"	11	"HiG"
"HiG_cardiac.a"	375	"TNNI1"	99.5	"HiG"
"HiG_cardiac.a"	0	"CRIP2"	315	"HiG"
"HiG_cardiac.a"	2	"TTC3"	239.5	"HiG"
"HiG_cardiac.a"	0	"CRELD2"	315	"HiG"
"HiG_cardiac.a"	0	"CRABP1"	315	"HiG"
"HiG_cardiac.a"	0	"BBX"	315	"HiG"
"HiG_cardiac.a"	1367	"TWIST1"	31.5	"HiG"
"HiG_cardiac.a"	4	"CDV3"	228	"HiG"
"HiG_cardiac.a"	0	"EFHD2"	315	"HiG"
"HiG_cardiac.a"	176	"BASP1"	138	"HiG"
"HiG_cardiac.a"	882	"CNN2"	51	"HiG"
"HiG_cardiac.a"	391	"RSL1D1"	95	"HiG"
"HiG_cardiac.a"	588	"RRS1"	76	"HiG"
"HiG_cardiac.a"	427	"SLC25A4"	94	"HiG"
"HiG_cardiac.a"	85	"LAPTM4B"	166	"HiG"
"HiG_cardiac.a"	5	"SRM"	222	"HiG"
"HiG_cardiac.a"	78	"LDHB"	168.5	"HiG"
"HiG_cardiac.a"	0	"AKR1A1"	315	"HiG"
"HiG_cardiac.a"	0	"HDGFL3"	315	"HiG"
"HiG_cardiac.a"	0	"HMGB3"	315	"HiG"
"HiG_cardiac.a"	4116	"TAGLN"	13	"HiG"
"HiG_cardiac.a"	12	"RAB34"	198	"HiG"
"HiG_cardiac.a"	0	"PPP1R14A"	315	"HiG"
"HiG_cardiac.a"	114	"LIN28A"	159	"HiG"
"HiG_cardiac.a"	0	"PLP2"	315	"HiG"
"HiG_cardiac.a"	0	"PPIC"	315	"HiG"
"HiG_cardiac.a"	0	"PCBP4"	315	"HiG"
"HiG_cardiac.a"	0	"TBCB"	315	"HiG"
"HiG_cardiac.a"	12	"ARL4C"	198	"HiG"
"HiG_cardiac.a"	809	"UBQLN2"	56	"HiG"
"HiG_cardiac.a"	0	"NPC2"	315	"HiG"
"HiG_cardiac.a"	9	"TUBB6"	205	"HiG"
"HiG_cardiac.a"	0	"EEF1E1"	315	"HiG"
"HiG_cardiac.a"	475	"IMPDH1"	89	"HiG"
"HiG_cardiac.a"	16	"MARCKSL1"	193	"HiG"
"HiG_cardiac.a"	34	"FERMT2"	181	"HiG"
"HiG_cardiac.a"	1461	"TPM2"	29	"HiG"
"HiG_cardiac.a"	329	"TXNDC5"	116	"HiG"
"HiG_cardiac.a"	168	"RBMS1"	140	"HiG"
"HiG_cardiac.a"	0	"LRRC42"	315	"HiG"
"HiG_cardiac.a"	1	"MTX2"	244	"HiG"
"HiG_cardiac.a"	560	"SPCS2"	78	"HiG"
"HiG_cardiac.a"	31	"TMEM9"	184.5	"HiG"
"HiG_cardiac.a"	1763	"RDX"	26	"HiG"
"HiG_cardiac.a"	4	"CFL2"	228	"HiG"
"HiG_cardiac.a"	0	"RCN2"	315	"HiG"
"HiG_cardiac.a"	0	"SH3BGRL"	315	"HiG"
"HiG_cardiac.a"	0	"TLN2"	315	"HiG"
"HiG_cardiac.a"	0	"TMSB10"	315	"HiG"
"HiG_cardiac.a"	34	"TUBB2B"	181	"HiG"
"HiG_cardiac.a"	613	"DUSP9"	69.5	"HiG"
"HiG_cardiac.a"	529	"UBB"	83	"HiG"
"HiG_cardiac.a"	6	"ADD3"	217	"HiG"
"HiG_cardiac.a"	0	"KRCC1"	315	"HiG"
"HiG_cardiac.a"	158	"MYL4"	144	"HiG"
"HiG_cardiac.a"	0	"SPEG"	315	"HiG"
"HiG_cardiac.a"	0	"BCAT1"	315	"HiG"
"HiG_cardiac.a"	4	"TMED9"	228	"HiG"
"HiG_cardiac.a"	0	"TECR"	315	"HiG"
"HiG_cardiac.a"	2	"MPPED2"	239.5	"HiG"
"HiG_cardiac.a"	238	"IGFBP2"	128	"HiG"
"HiG_cardiac.a"	146	"NECTIN2"	146	"HiG"
"HiG_cardiac.a"	134	"NEXN"	150.5	"HiG"
"HiG_cardiac.a"	49	"MACROH2A2"	174.5	"HiG"
"HiG_cardiac.a"	105	"ADK"	164	"HiG"
"HiG_cardiac.a"	30	"TMBIM6"	186	"HiG"
"HiG_cardiac.a"	0	"IDH2"	315	"HiG"
"HiG_cardiac.a"	334	"MTAP"	114	"HiG"
"HiG_cardiac.a"	22	"UGDH"	191	"HiG"
"HiG_cardiac.a"	6	"RBM38"	217	"HiG"
"HiG_cardiac.a"	1041	"TIPARP"	45	"HiG"
"HiG_cardiac.a"	182	"MAB21L2"	136	"HiG"
"HiG_cardiac.a"	8	"IGFBP4"	207.5	"HiG"
"HiG_cardiac.a"	375	"SMS"	99.5	"HiG"
"HiG_cardiac.a"	0	"UBE2R2"	315	"HiG"
"HiG_cardiac.a"	694	"TMSB4X"	62	"HiG"
"HiG_cardiac.a"	915	"RHOC"	50	"HiG"
"HiG_cardiac.a"	0	"GPX3"	315	"HiG"
"HiG_cardiac.a"	6	"ITM2A"	217	"HiG"
"HiG_cardiac.a"	2359	"PMP22"	19	"HiG"
"HiG_cardiac.a"	0	"LIMD2"	315	"HiG"
"HiG_cardiac.a"	0	"MINDY3"	315	"HiG"
"HiG_cardiac.a"	0	"MYL7"	315	"HiG"
"HiG_cardiac.a"	358	"TXNDC12"	108	"HiG"
"HiG_cardiac.a"	0	"TNFAIP1"	315	"HiG"
"HiG_cardiac.a"	3	"MANF"	234.5	"HiG"
"HiG_cardiac.a"	11	"SELENOK"	201	"HiG"
"HiG_cardiac.a"	0	"CDCA7"	315	"HiG"
"HiG_cardiac.a"	0	"POPDC2"	315	"HiG"
"HiG_cardiac.a"	3	"CFC1"	234.5	"HiG"
"HiG_cardiac.a"	0	"CCDC34"	315	"HiG"
"HiG_cardiac.a"	0	"EMB"	315	"HiG"
"HiG_cardiac.a"	0	"TSPAN3"	315	"HiG"
"HiG_cardiac.a"	109	"GPC3"	162	"HiG"
"HiG_cardiac.a"	14	"MTCH1"	195	"HiG"
"HiG_cardiac.a"	0	"PRXL2A"	315	"HiG"
"HiG_cardiac.a"	368	"FOXF1"	102	"HiG"
"HiG_cardiac.a"	28	"FSTL1"	188	"HiG"
"HiG_cardiac.a"	0	"IFT74"	315	"HiG"
"HiG_cardiac.a"	0	"GJC1"	315	"HiG"
"HiG_cardiac.a"	209	"WLS"	131	"HiG"
"HiG_cardiac.a"	0	"ABRACL"	315	"HiG"
"HiG_cardiac.a"	358	"TIMM8B"	108	"HiG"
"HiG_cardiac.a"	4	"KRTCAP2"	228	"HiG"
"HiG_cardiac.a"	0	"BEX4"	315	"HiG"
"HiG_cardiac.a"	0	"OAZ2"	315	"HiG"
"HiG_cardiac.a"	0	"SHISA2"	315	"HiG"
"HiG_cardiac.a"	0	"PHLDA2"	315	"HiG"
"HiG_cardiac.a"	0	"PRDM6"	315	"HiG"
"HiG_cardiac.a"	0	"PRTG"	315	"HiG"
"HiG_cardiac.a"	115	"SMTNL2"	157.5	"HiG"
"HiG_cardiac.a"	2	"APLNR"	239.5	"HiG"
"HiG_cardiac.a"	192	"OSTC"	134	"HiG"
"HiG_cardiac.a"	0	"RBPMS2"	315	"HiG"
"HiG_cardiac.a"	133	"CPA2"	152	"HiG"
"HiG_cardiac.a"	0	"ARMH4"	315	"HiG"
"HiG_cardiac.a"	0	"TMEM108"	315	"HiG"
"HiG_cardiac.a"	0	"SOX11"	315	"HiG"
"HiG_cardiac.a"	944	"GPX8"	49	"HiG"
"HiG_cardiac.a"	4	"STARD3NL"	228	"HiG"
"HiG_cardiac.a"	0	"MNS1"	315	"HiG"
"HiG_cardiac.a"	0	"LY6E"	315	"HiG"
"HiG_cardiac.a"	0	"CMTM7"	315	"HiG"
"HiG_cardiac.a"	0	"MMD"	315	"HiG"
"HiG_cardiac.a"	0	"NKD1"	315	"HiG"
"HiG_cardiac.a"	3	"MGARP"	234.5	"HiG"
"HiG_cardiac.a"	7	"HOXB2"	211.5	"HiG"
"HiG_cardiac.a"	2	"TMEM88"	239.5	"HiG"
"HiG_cardiac.a"	0	"TBRG1"	315	"HiG"
"HiG_cardiac.a"	0	"RESF1"	315	"HiG"
"HiG_cardiac.a"	0	"MFAP2"	315	"HiG"
"HiG_cardiac.a"	0	"CTXN1"	315	"HiG"
"HiG_cardiac.a"	590	"IFITM1"	75	"HiG"
"HiG_cardiac.a"	0	"TSPAN6"	315	"HiG"
"HiG_cardiac.a"	0	"SELENOH"	315	"HiG"
"HiG_cardiac.a"	0	"ZCCHC3"	315	"HiG"
"HiG_cardiac.a"	0	"RGS5"	315	"HiG"
"HiG_cardiac.a"	4	"WNT2"	228	"HiG"
"HiG_cardiac.a"	0	"VGLL4"	315	"HiG"
"HiG_cardiac.a"	0	"PIGX"	315	"HiG"
"HiG_cardiac.a"	0	"SFRP5"	315	"HiG"
"HiG_cardiac.a"	0	"TGIF1"	315	"HiG"
"HiG_cardiac.a"	0	"TCEAL8"	315	"HiG"
"HiG_cardiac.a"	0	"SLC38A4"	315	"HiG"
"HiG_cardiac.a"	358	"PRRX2"	108	"HiG"
"HiG_cardiac.a"	0	"TSPAN7"	315	"HiG"
"HiG_cardiac.a"	0	"MOGAT2"	315	"HiG"
"HiG_cardiac.a"	0	"WFDC2"	315	"HiG"
"HiG_cardiac.a"	0	"WSB1"	315	"HiG"
"HiGCTS_endothelial.b"	0	"GATA2"	6.5	"HiGCTS"
"HiGCTS_endothelial.b"	0	"MAGEH1"	6.5	"HiGCTS"
"HiGCTS_endothelial.b"	0	"TAL1"	6.5	"HiGCTS"
"HiGCTS_endothelial.b"	0	"EBF1"	6.5	"HiGCTS"
"HiGCTS_endothelial.b"	0	"DUSP4"	6.5	"HiGCTS"
"HiGCTS_endothelial.b"	0	"GNGT2"	6.5	"HiGCTS"
"HiGCTS_endothelial.b"	0	"RHOJ"	6.5	"HiGCTS"
"HiGCTS_endothelial.b"	0	"GCC2"	6.5	"HiGCTS"
"HiGCTS_endothelial.b"	0	"ETV2"	6.5	"HiGCTS"
"HiGCTS_endothelial.b"	0	"NRP2"	6.5	"HiGCTS"
"HiGCTS_endothelial.b"	0	"FEV"	6.5	"HiGCTS"
"HiGCTS_endothelial.b"	0	"SOX17"	6.5	"HiGCTS"
"HiGCTS_cardiac.a"	0	"ANXA2"	7.5	"HiGCTS"
"HiGCTS_cardiac.a"	3	"GATA4"	1	"HiGCTS"
"HiGCTS_cardiac.a"	0	"KLF6"	7.5	"HiGCTS"
"HiGCTS_cardiac.a"	0	"MEF2C"	7.5	"HiGCTS"
"HiGCTS_cardiac.a"	0	"PODXL"	7.5	"HiGCTS"
"HiGCTS_cardiac.a"	0	"ISL1"	7.5	"HiGCTS"
"HiGCTS_cardiac.a"	0	"GATA6"	7.5	"HiGCTS"
"HiGCTS_cardiac.a"	0	"MSX2"	7.5	"HiGCTS"
"HiGCTS_cardiac.a"	0	"TWIST1"	7.5	"HiGCTS"
"HiGCTS_cardiac.a"	0	"ARL4C"	7.5	"HiGCTS"
"HiGCTS_cardiac.a"	0	"NKD1"	7.5	"HiGCTS"
"HiGCTS_cardiac.a"	0	"RGS5"	7.5	"HiGCTS"
"HiGCTS_cardiac.a"	0	"SFRP5"	7.5	"HiGCTS"
"CTS_endothelial.b"	0	"GATA2"	15.5	"CTS"
"CTS_endothelial.b"	3	"GAB1"	2.5	"CTS"
"CTS_endothelial.b"	0	"ABI3"	15.5	"CTS"
"CTS_endothelial.b"	0	"NPR1"	15.5	"CTS"
"CTS_endothelial.b"	0	"MAGEH1"	15.5	"CTS"
"CTS_endothelial.b"	0	"CD40"	15.5	"CTS"
"CTS_endothelial.b"	3	"CDH5"	2.5	"CTS"
"CTS_endothelial.b"	0	"IGF1"	15.5	"CTS"
"CTS_endothelial.b"	0	"TAL1"	15.5	"CTS"
"CTS_endothelial.b"	0	"CD34"	15.5	"CTS"
"CTS_endothelial.b"	0	"ICAM2"	15.5	"CTS"
"CTS_endothelial.b"	4	"TEK"	1	"CTS"
"CTS_endothelial.b"	0	"EBF1"	15.5	"CTS"
"CTS_endothelial.b"	0	"DUSP4"	15.5	"CTS"
"CTS_endothelial.b"	0	"GNGT2"	15.5	"CTS"
"CTS_endothelial.b"	0	"RHOJ"	15.5	"CTS"
"CTS_endothelial.b"	0	"GCC2"	15.5	"CTS"
"CTS_endothelial.b"	0	"ETV2"	15.5	"CTS"
"CTS_endothelial.b"	0	"NRP2"	15.5	"CTS"
"CTS_endothelial.b"	0	"TBC1D22B"	15.5	"CTS"
"CTS_endothelial.b"	0	"FAM89A"	15.5	"CTS"
"CTS_endothelial.b"	0	"GIMAP1"	15.5	"CTS"
"CTS_endothelial.b"	0	"SLC66A2"	15.5	"CTS"
"CTS_endothelial.b"	0	"COL13A1"	15.5	"CTS"
"CTS_endothelial.b"	0	"FEV"	15.5	"CTS"
"CTS_endothelial.b"	0	"SOX17"	15.5	"CTS"
"CTS_endothelial.b"	0	"C1QL2"	15.5	"CTS"
"CTS_cardiac.a"	0	"LRRN4"	22	"CTS"
"CTS_cardiac.a"	0	"ARHGAP29"	22	"CTS"
"CTS_cardiac.a"	0	"ANXA2"	22	"CTS"
"CTS_cardiac.a"	9	"GATA4"	3	"CTS"
"CTS_cardiac.a"	15	"RND3"	1	"CTS"
"CTS_cardiac.a"	0	"MYOCD"	22	"CTS"
"CTS_cardiac.a"	0	"KLF6"	22	"CTS"
"CTS_cardiac.a"	0	"MEF2C"	22	"CTS"
"CTS_cardiac.a"	6	"PTH1R"	4	"CTS"
"CTS_cardiac.a"	14	"PARD6B"	2	"CTS"
"CTS_cardiac.a"	0	"EEF2K"	22	"CTS"
"CTS_cardiac.a"	0	"PODXL"	22	"CTS"
"CTS_cardiac.a"	0	"ISL1"	22	"CTS"
"CTS_cardiac.a"	0	"GATA6"	22	"CTS"
"CTS_cardiac.a"	0	"MSX2"	22	"CTS"
"CTS_cardiac.a"	0	"DBT"	22	"CTS"
"CTS_cardiac.a"	0	"CGNL1"	22	"CTS"
"CTS_cardiac.a"	0	"DACT1"	22	"CTS"
"CTS_cardiac.a"	0	"TUBB2A"	22	"CTS"
"CTS_cardiac.a"	1	"DPYSL3"	6	"CTS"
"CTS_cardiac.a"	0	"FAM83D"	22	"CTS"
"CTS_cardiac.a"	0	"TWIST1"	22	"CTS"
"CTS_cardiac.a"	0	"ARL4C"	22	"CTS"
"CTS_cardiac.a"	0	"PLK2"	22	"CTS"
"CTS_cardiac.a"	0	"STBD1"	22	"CTS"
"CTS_cardiac.a"	0	"ST3GAL5"	22	"CTS"
"CTS_cardiac.a"	0	"RBM24"	22	"CTS"
"CTS_cardiac.a"	0	"PDLIM3"	22	"CTS"
"CTS_cardiac.a"	0	"SPATS2L"	22	"CTS"
"CTS_cardiac.a"	0	"NKD1"	22	"CTS"
"CTS_cardiac.a"	0	"LIPA"	22	"CTS"
"CTS_cardiac.a"	4	"TBX5"	5	"CTS"
"CTS_cardiac.a"	0	"NTNG1"	22	"CTS"
"CTS_cardiac.a"	0	"SULF1"	22	"CTS"
"CTS_cardiac.a"	0	"RGS5"	22	"CTS"
"CTS_cardiac.a"	0	"SFRP5"	22	"CTS"
"CTS_cardiac.a"	0	"TSPAN12"	22	"CTS"
