"signature"	"BetweennessCentrality"	"gene"	"rank_by_BC"	"PPI_cat"
"HiG_1"	2211021667847808	"PCNA"	63	"HiG"
"HiG_1"	3929269705194.66	"PBX1"	245	"HiG"
"HiG_1"	57942351774942.8	"MAGED1"	196	"HiG"
"HiG_1"	839728373086963	"HDAC1"	93	"HiG"
"HiG_1"	9029951373951578	"HDAC2"	23	"HiG"
"HiG_1"	35533651125481	"HES1"	206	"HiG"
"HiG_1"	1239662187906.15	"TEAD2"	261	"HiG"
"HiG_1"	429756397522573	"HSP90AB1"	126	"HiG"
"HiG_1"	388424487945.673	"ID3"	270	"HiG"
"HiG_1"	308407042541454	"CCND1"	143	"HiG"
"HiG_1"	404886881259531	"CD81"	131	"HiG"
"HiG_1"	8472529248245.6	"ARL3"	233	"HiG"
"HiG_1"	2417383849569.62	"JUND"	254	"HiG"
"HiG_1"	143913496410841	"HSPA8"	171	"HiG"
"HiG_1"	70522364987380.8	"CCNB1"	191	"HiG"
"HiG_1"	2374017482260898	"EZH2"	61	"HiG"
"HiG_1"	12423768647627218	"PRMT1"	15	"HiG"
"HiG_1"	654306568906582	"NOP56"	105	"HiG"
"HiG_1"	2485675942148234	"TCF3"	59	"HiG"
"HiG_1"	418100244837750	"RBBP7"	128	"HiG"
"HiG_1"	610.898798580207	"BTG1"	298	"HiG"
"HiG_1"	19895879940270.9	"CDX1"	217	"HiG"
"HiG_1"	0	"EBF1"	353.5	"HiG"
"HiG_1"	18256852626212.3	"HOXA1"	219	"HiG"
"HiG_1"	0	"HOXA2"	353.5	"HiG"
"HiG_1"	10091550949.7483	"HOXB1"	283	"HiG"
"HiG_1"	83099975478842.8	"ID1"	189	"HiG"
"HiG_1"	122891544043190	"ID2"	175	"HiG"
"HiG_1"	525729161979.412	"LEF1"	268	"HiG"
"HiG_1"	147337731898025	"LMO4"	169	"HiG"
"HiG_1"	3460389669590.98	"FOXP1"	248	"HiG"
"HiG_1"	450.764860003472	"MEOX1"	302	"HiG"
"HiG_1"	1264617430814.69	"MEIS2"	260	"HiG"
"HiG_1"	431.080800791232	"MEIS3"	304	"HiG"
"HiG_1"	3101215836466898	"MYCN"	52	"HiG"
"HiG_1"	3038857073077721	"KHDRBS1"	54	"HiG"
"HiG_1"	3056506508075245	"TRIM28"	53	"HiG"
"HiG_1"	239.842604373809	"PDLIM4"	313	"HiG"
"HiG_1"	6031004005947.99	"IVNS1ABP"	238	"HiG"
"HiG_1"	413285804027493	"DEK"	130	"HiG"
"HiG_1"	120624444094759	"HELLS"	177	"HiG"
"HiG_1"	564125987962847	"RBBP4"	116	"HiG"
"HiG_1"	24787328214236.5	"SALL4"	214	"HiG"
"HiG_1"	584686279717564	"RUVBL2"	113	"HiG"
"HiG_1"	373802059148191	"ASF1A"	136	"HiG"
"HiG_1"	654780930470618	"ILF2"	104	"HiG"
"HiG_1"	114464003386755	"ACIN1"	179	"HiG"
"HiG_1"	700625870731445	"DNAJA1"	102	"HiG"
"HiG_1"	112.8852805451	"KPNA2"	319	"HiG"
"HiG_1"	16929104693071334	"SFPQ"	5	"HiG"
"HiG_1"	768373980126806	"ACTG1"	100	"HiG"
"HiG_1"	165349822911756	"HMGA2"	163	"HiG"
"HiG_1"	653641852655277	"HNRNPA2B1"	106	"HiG"
"HiG_1"	17593286404399	"CDH2"	221	"HiG"
"HiG_1"	0	"CITED2"	353.5	"HiG"
"HiG_1"	1089963150312.3	"CCNE1"	262	"HiG"
"HiG_1"	2139134359196565	"HSPA5"	65	"HiG"
"HiG_1"	10951331355640714	"CBX1"	19	"HiG"
"HiG_1"	5997204344681554	"HSP90AA1"	32	"HiG"
"HiG_1"	1072376692780679	"PKM"	83	"HiG"
"HiG_1"	3239904201646932	"EEF1A1"	50	"HiG"
"HiG_1"	1297674308468.72	"ENO1"	259	"HiG"
"HiG_1"	131266306732168	"SET"	174	"HiG"
"HiG_1"	236312534826550	"CCT8"	152	"HiG"
"HiG_1"	9588840776575.03	"ANP32A"	231	"HiG"
"HiG_1"	26078564095243.4	"CNN3"	213	"HiG"
"HiG_1"	6820004316688.28	"NPM1"	235	"HiG"
"HiG_1"	4219150830382626	"NEDD4"	41	"HiG"
"HiG_1"	3315035265848.6	"PFN2"	250	"HiG"
"HiG_1"	12256409845851484	"NCL"	16	"HiG"
"HiG_1"	803359439858274	"SLC25A5"	96	"HiG"
"HiG_1"	2179619522.80317	"RCOR2"	287	"HiG"
"HiG_1"	2423819941424.95	"B2M"	253	"HiG"
"HiG_1"	569458832028017	"IGF2BP1"	114	"HiG"
"HiG_1"	14460946889079092	"YWHAE"	9	"HiG"
"HiG_1"	280014420028323	"DBN1"	147	"HiG"
"HiG_1"	923061736142906	"MAPK3"	89	"HiG"
"HiG_1"	537436518387279	"FGFR1"	118	"HiG"
"HiG_1"	2453938039017724	"APOE"	60	"HiG"
"HiG_1"	10687117235223434	"UBC"	20	"HiG"
"HiG_1"	6109581097633.25	"SIX1"	237	"HiG"
"HiG_1"	7829695405751904	"APEX1"	26	"HiG"
"HiG_1"	10676186280349	"EPOP"	229	"HiG"
"HiG_1"	299124788263149	"EIF4A1"	144	"HiG"
"HiG_1"	1311436746441426	"SRSF1"	76	"HiG"
"HiG_1"	1081175710680074	"RPL7A"	82	"HiG"
"HiG_1"	4003200028633045	"GJA1"	43	"HiG"
"HiG_1"	31658482081894.5	"ATXN10"	210	"HiG"
"HiG_1"	785006901140922	"BRD3"	99	"HiG"
"HiG_1"	5836267128422.47	"BZW2"	240	"HiG"
"HiG_1"	205631038813026	"CNN2"	156	"HiG"
"HiG_1"	1655320924638794	"HSPD1"	69	"HiG"
"HiG_1"	566142085130689	"MCM5"	115	"HiG"
"HiG_1"	165334766063055	"G3BP2"	164	"HiG"
"HiG_1"	1051509381343344	"GNL3"	84	"HiG"
"HiG_1"	5495158739175706	"GTPBP4"	35	"HiG"
"HiG_1"	100556958559.005	"PTOV1"	276	"HiG"
"HiG_1"	1491207888192049	"TUBA1A"	72	"HiG"
"HiG_1"	7879826145753.64	"CACYBP"	234	"HiG"
"HiG_1"	155664291209.84	"LITAF"	273	"HiG"
"HiG_1"	65445955552328.9	"FERMT2"	193	"HiG"
"HiG_1"	3459603525205342	"NDN"	46	"HiG"
"HiG_1"	2844217705102328	"HNRNPK"	56	"HiG"
"HiG_1"	6553822356252.51	"NCAM1"	236	"HiG"
"HiG_1"	676402781746359	"LMNB1"	103	"HiG"
"HiG_1"	0	"PRRX2"	353.5	"HiG"
"HiG_1"	23027373742182.6	"ENO3"	215	"HiG"
"HiG_1"	318022687216849	"ETFB"	142	"HiG"
"HiG_1"	186506725920.993	"BNIP3"	271	"HiG"
"HiG_1"	0	"DLL3"	353.5	"HiG"
"HiG_1"	26167890564492.3	"ACVR2B"	212	"HiG"
"HiG_1"	336966554269224	"GNAS"	140	"HiG"
"HiG_1"	334.947223434938	"IFT74"	309	"HiG"
"HiG_1"	4295696333655.6	"FST"	244	"HiG"
"HiG_1"	222269609191853	"CDC20"	154	"HiG"
"HiG_1"	1522000877669.36	"PAFAH1B3"	258	"HiG"
"HiG_1"	161320927092611	"RTN4"	166	"HiG"
"HiG_1"	624322092742944	"SAP30"	111	"HiG"
"HiG_1"	0	"BEX3"	353.5	"HiG"
"HiG_1"	0	"LDHA"	353.5	"HiG"
"HiG_1"	5008313433235892	"CALM2"	38	"HiG"
"HiG_1"	260164585921818	"FABP5"	150	"HiG"
"HiG_1"	88220527661010.6	"CALD1"	184	"HiG"
"HiG_1"	29744823817262.8	"ARG1"	211	"HiG"
"HiG_1"	1525424053731550	"TPI1"	71	"HiG"
"HiG_1"	837770792543.59	"TRAF3IP2"	263	"HiG"
"HiG_1"	2577846388.56209	"VAMP8"	286	"HiG"
"HiG_1"	1706734733496.37	"FBLN1"	257	"HiG"
"HiG_1"	121783150646351	"ALDOC"	176	"HiG"
"HiG_1"	389129849041998	"EIF3E"	134	"HiG"
"HiG_1"	171565633494537	"SDC1"	161	"HiG"
"HiG_1"	0	"GAS1"	353.5	"HiG"
"HiG_1"	157.771494083133	"FBXO5"	317	"HiG"
"HiG_1"	273434735671556	"PDLIM7"	149	"HiG"
"HiG_1"	1232229439187183	"PRDX1"	78	"HiG"
"HiG_1"	280777878763872	"PA2G4"	146	"HiG"
"HiG_1"	41823012939424	"ANXA5"	203	"HiG"
"HiG_1"	116287686286851	"EPB41L3"	178	"HiG"
"HiG_1"	38218469091.1255	"FHL1"	278	"HiG"
"HiG_1"	5342062392357.68	"CSRP2"	242	"HiG"
"HiG_1"	172997952469313	"DKC1"	159	"HiG"
"HiG_1"	63109883943414.3	"ARF4"	194	"HiG"
"HiG_1"	85705478866692.8	"EBNA1BP2"	187	"HiG"
"HiG_1"	92671175186569.6	"DCAKD"	182	"HiG"
"HiG_1"	105127524547564	"CKAP4"	181	"HiG"
"HiG_1"	3536731192605.2	"RBP1"	247	"HiG"
"HiG_1"	0	"CTSL"	353.5	"HiG"
"HiG_1"	419526452014.006	"TCF15"	269	"HiG"
"HiG_1"	33304962519588.4	"GDI2"	208	"HiG"
"HiG_1"	154384890901906	"PDIA3"	167	"HiG"
"HiG_1"	44904052118641	"HSPE1"	199	"HiG"
"HiG_1"	4516429257806762	"PDIA6"	40	"HiG"
"HiG_1"	461536052799402	"ANP32E"	122	"HiG"
"HiG_1"	0	"PNRC1"	353.5	"HiG"
"HiG_1"	1434151392024204	"HAT1"	73	"HiG"
"HiG_1"	2317816999006894	"PPP1CB"	62	"HiG"
"HiG_1"	434674528706143	"PPID"	125	"HiG"
"HiG_1"	16823789121572.5	"RAP1A"	222	"HiG"
"HiG_1"	397950160778841	"HNRNPDL"	133	"HiG"
"HiG_1"	0	"ARL6IP1"	353.5	"HiG"
"HiG_1"	72339846973130.8	"LUC7L3"	190	"HiG"
"HiG_1"	326917521517424	"TSC22D1"	141	"HiG"
"HiG_1"	829688457416144	"PRDX2"	95	"HiG"
"HiG_1"	40197435474456.1	"RCN2"	204	"HiG"
"HiG_1"	956414791742939	"BASP1"	85	"HiG"
"HiG_1"	44059759522467	"FKBP4"	200	"HiG"
"HiG_1"	829736059065699	"MAT2A"	94	"HiG"
"HiG_1"	9280775168866844	"TPM1"	22	"HiG"
"HiG_1"	0	"PEG3"	353.5	"HiG"
"HiG_1"	0	"TIMM8A1"	353.5	"HiG"
"HiG_1"	696.309031155498	"TIMM8B"	296	"HiG"
"HiG_1"	931584500663640	"DUT"	87	"HiG"
"HiG_1"	718779075310382	"OLA1"	101	"HiG"
"HiG_1"	19262197476930.4	"MDK"	218	"HiG"
"HiG_1"	7284465027935533	"MAGED2"	27	"HiG"
"HiG_1"	17804160382858.6	"CLNS1A"	220	"HiG"
"HiG_1"	17938026309.4986	"DCTPP1"	281	"HiG"
"HiG_1"	3838051616902.09	"EIF4A3"	246	"HiG"
"HiG_1"	12827460306114.2	"DDAH2"	227	"HiG"
"HiG_1"	0	"BIRC5"	353.5	"HiG"
"HiG_1"	807317469137.169	"BCAT1"	264	"HiG"
"HiG_1"	14272913645371238	"HNRNPA3"	10	"HiG"
"HiG_1"	337810510450467	"PRDX4"	139	"HiG"
"HiG_1"	3135781139524843	"HSD17B10"	51	"HiG"
"HiG_1"	796280390481277	"FBL"	97	"HiG"
"HiG_1"	5123392191833042	"PAICS"	37	"HiG"
"HiG_1"	414895581221759	"TUBA1B"	129	"HiG"
"HiG_1"	0	"PLSCR1"	353.5	"HiG"
"HiG_1"	12172684566176.3	"TRIM59"	228	"HiG"
"HiG_1"	518823635229624	"TUBB2B"	119	"HiG"
"HiG_1"	12242656777193068	"TUBB4B"	17	"HiG"
"HiG_1"	480551831093522	"SLC25A4"	121	"HiG"
"HiG_1"	0	"HOXB2"	353.5	"HiG"
"HiG_1"	425155403160697	"FSCN1"	127	"HiG"
"HiG_1"	3449123120225811	"LDHB"	47	"HiG"
"HiG_1"	87609504755210.3	"MDH1"	185	"HiG"
"HiG_1"	2993773997.84417	"FLRT3"	285	"HiG"
"HiG_1"	191853499794430	"CFL2"	158	"HiG"
"HiG_1"	8591490226797.88	"RALA"	232	"HiG"
"HiG_1"	1231463826133775	"RBMX"	79	"HiG"
"HiG_1"	532.576724491943	"RRAGD"	299	"HiG"
"HiG_1"	0	"PRDX6"	353.5	"HiG"
"HiG_1"	2489158729266354	"FN1"	58	"HiG"
"HiG_1"	650488477448204	"MCM7"	108	"HiG"
"HiG_1"	176.069117678058	"PTMA"	316	"HiG"
"HiG_1"	446.777377870862	"RBMXL1"	303	"HiG"
"HiG_1"	856068910157604	"NASP"	92	"HiG"
"HiG_1"	345905332418441	"NOP58"	138	"HiG"
"HiG_1"	42373962819809.3	"RSL1D1"	202	"HiG"
"HiG_1"	6818255411261627	"SERBP1"	28	"HiG"
"HiG_1"	439005422585127	"SFXN1"	124	"HiG"
"HiG_1"	0	"GPX3"	353.5	"HiG"
"HiG_1"	12971094008061	"HADH"	226	"HiG"
"HiG_1"	107522490814742	"GMPS"	180	"HiG"
"HiG_1"	5673588328963486	"IMPDH2"	33	"HiG"
"HiG_1"	241.681390277573	"CADM1"	312	"HiG"
"HiG_1"	0	"DBI"	353.5	"HiG"
"HiG_1"	70100955686637.9	"FAM162A"	192	"HiG"
"HiG_1"	652955835398875	"HMGB3"	107	"HiG"
"HiG_1"	169879369453182	"PTN"	162	"HiG"
"HiG_1"	502.397105514427	"ADK"	300	"HiG"
"HiG_1"	236895703239825	"RPS12"	151	"HiG"
"HiG_1"	356910511208145	"PGRMC1"	137	"HiG"
"HiG_1"	3611632582192941	"PDIA4"	45	"HiG"
"HiG_1"	207024246417398	"TBCB"	155	"HiG"
"HiG_1"	2029733965206.33	"ADH5"	255	"HiG"
"HiG_1"	0	"MMP14"	353.5	"HiG"
"HiG_1"	1411120535391710	"NMRAL1"	74	"HiG"
"HiG_1"	134544989703786	"GSTM5"	173	"HiG"
"HiG_1"	13706314653592.6	"GSTO1"	225	"HiG"
"HiG_1"	1551312428442302	"SSB"	70	"HiG"
"HiG_1"	1134531655540576	"BCCIP"	80	"HiG"
"HiG_1"	399593554539597	"EEF1E1"	132	"HiG"
"HiG_1"	60034515891.3678	"GLRX"	277	"HiG"
"HiG_1"	787.673710249502	"ALDH1A2"	294	"HiG"
"HiG_1"	149467088797575	"MTAP"	168	"HiG"
"HiG_1"	895586602582962	"NSUN2"	91	"HiG"
"HiG_1"	538888738008172	"PPA1"	117	"HiG"
"HiG_1"	2994363182429451	"MARCKS"	55	"HiG"
"HiG_1"	163101214462306	"PRKRA"	165	"HiG"
"HiG_1"	7539837096.74205	"PRPS1"	284	"HiG"
"HiG_1"	518245492166702	"PSAT1"	120	"HiG"
"HiG_1"	532421994319.488	"PTBP2"	267	"HiG"
"HiG_1"	0	"DDT"	353.5	"HiG"
"HiG_1"	34638429515870.1	"SNX6"	207	"HiG"
"HiG_1"	8948051765596969	"TPM4"	24	"HiG"
"HiG_1"	5733971972642.31	"TXNDC12"	241	"HiG"
"HiG_1"	2184252122310149	"STMN1"	64	"HiG"
"HiG_1"	16528367205685.4	"UBE2E3"	224	"HiG"
"HiG_1"	234752343954933	"UBE2R2"	153	"HiG"
"HiG_1"	14693656755077304	"YWHAQ"	7	"HiG"
"HiG_1"	3140525504991.16	"BNIP3L"	251	"HiG"
"HiG_1"	329.757459124337	"CDCA7"	310	"HiG"
"HiG_1"	0	"EMB"	353.5	"HiG"
"HiG_1"	582700048504.065	"FBN2"	266	"HiG"
"HiG_1"	363.847129461842	"FSTL1"	308	"HiG"
"HiG_1"	1366818812252195	"GABARAP"	75	"HiG"
"HiG_1"	10280696516194.2	"GINS2"	230	"HiG"
"HiG_1"	49449995684766.9	"GPC3"	198	"HiG"
"HiG_1"	588891041194.676	"HMGN3"	265	"HiG"
"HiG_1"	172833228908432	"HMGN5"	160	"HiG"
"HiG_1"	26002194199.7164	"JAM3"	280	"HiG"
"HiG_1"	627204550774982	"MRTO4"	110	"HiG"
"HiG_1"	13635776783442890	"PSIP1"	12	"HiG"
"HiG_1"	84790182272462.1	"PCBP4"	188	"HiG"
"HiG_1"	0	"NR6A1"	353.5	"HiG"
"HiG_1"	1768921120458785	"SRSF7"	68	"HiG"
"HiG_1"	5944465918608.28	"MPHOSPH8"	239	"HiG"
"HiG_1"	14541129877800140	"MCM6"	8	"HiG"
"HiG_1"	6263835450493238	"LYAR"	30	"HiG"
"HiG_1"	2003647026967654	"UHRF1"	66	"HiG"
"HiG_1"	85879946103267.7	"RBMS1"	186	"HiG"
"HiG_1"	37559451626356	"MTCH1"	205	"HiG"
"HiG_1"	0	"HAPLN1"	353.5	"HiG"
"HiG_1"	1129916192880841	"SRSF11"	81	"HiG"
"HiG_1"	952578606366148	"EIF1B"	86	"HiG"
"HiG_1"	3685355785685538	"SRSF9"	44	"HiG"
"HiG_1"	286203592377982	"ITM2C"	145	"HiG"
"HiG_1"	16808701691788.2	"MPZL1"	223	"HiG"
"HiG_1"	104468850422.411	"PCLAF"	275	"HiG"
"HiG_1"	0	"LIMD2"	353.5	"HiG"
"HiG_1"	139143283583.925	"RRM2"	274	"HiG"
"HiG_1"	219.494553333705	"SLC16A3"	315	"HiG"
"HiG_1"	3416765844882.04	"RAB34"	249	"HiG"
"HiG_1"	0	"SKAP2"	353.5	"HiG"
"HiG_1"	914504095571304	"NMD3"	90	"HiG"
"HiG_1"	375785951585151	"SSR3"	135	"HiG"
"HiG_1"	0	"MALAT1"	353.5	"HiG"
"HiG_1"	193969703688890	"PLPP3"	157	"HiG"
"HiG_1"	0	"GSTA4"	353.5	"HiG"
"HiG_1"	6664845091219722	"TKT"	29	"HiG"
"HiG_1"	0	"MOGAT2"	353.5	"HiG"
"HiG_1"	3364096717200446	"TWIST1"	49	"HiG"
"HiG_1"	33059103554152804	"RRS1"	2	"HiG"
"HiG_1"	237.546095588325	"CRABP1"	314	"HiG"
"HiG_1"	5646267655312473	"TCF4"	34	"HiG"
"HiG_1"	13569754003600148	"SUMO2"	13	"HiG"
"HiG_1"	31789512952.6955	"ARMCX2"	279	"HiG"
"HiG_1"	0	"BEX2"	353.5	"HiG"
"HiG_1"	0	"TCEAL8"	353.5	"HiG"
"HiG_1"	0	"TSPAN6"	353.5	"HiG"
"HiG_1"	11572448929389002	"SERPINH1"	18	"HiG"
"HiG_1"	0	"ARL4A"	353.5	"HiG"
"HiG_1"	0	"WLS"	353.5	"HiG"
"HiG_1"	0	"BEX1"	353.5	"HiG"
"HiG_1"	13809942503841246	"RANGRF"	11	"HiG"
"HiG_1"	406.077428651528	"ODC1"	305	"HiG"
"HiG_1"	0	"PLP2"	353.5	"HiG"
"HiG_1"	4123453821410270	"FOXC1"	42	"HiG"
"HiG_1"	172811575446.271	"RASL11A"	272	"HiG"
"HiG_1"	2704353158073645	"NOP10"	57	"HiG"
"HiG_1"	4901265998546955	"TAGLN2"	39	"HiG"
"HiG_1"	640777980341137	"CRABP2"	109	"HiG"
"HiG_1"	90340411934531.9	"DUSP6"	183	"HiG"
"HiG_1"	10272696277243510	"HNRNPH3"	21	"HiG"
"HiG_1"	8848826111914679	"TRA2A"	25	"HiG"
"HiG_1"	0	"LRRC42"	353.5	"HiG"
"HiG_1"	0	"CTXN1"	353.5	"HiG"
"HiG_1"	0	"MT-ND2"	353.5	"HiG"
"HiG_1"	40340616361693304	"NHP2"	1	"HiG"
"HiG_1"	279638961171781	"SPSB4"	148	"HiG"
"HiG_1"	304.66190560333	"GCSH"	311	"HiG"
"HiG_1"	1265378278337626	"ORC6"	77	"HiG"
"HiG_1"	17637119042256338	"WDR12"	4	"HiG"
"HiG_1"	21025167436279.5	"SLBP"	216	"HiG"
"HiG_1"	604430947948434	"FOXC2"	112	"HiG"
"HiG_1"	0	"CITED1"	353.5	"HiG"
"HiG_1"	910.887270362028	"CTNNBIP1"	292	"HiG"
"HiG_1"	6178547207601708	"MORF4L2"	31	"HiG"
"HiG_1"	0	"TCEAL9"	353.5	"HiG"
"HiG_1"	0	"RASGRP3"	353.5	"HiG"
"HiG_1"	1952464304737.6	"MEST"	256	"HiG"
"HiG_1"	51730456350347.2	"LSR"	197	"HiG"
"HiG_1"	32911710076753	"TSEN34"	209	"HiG"
"HiG_1"	0	"FXYD6"	353.5	"HiG"
"HiG_1"	501.135106792643	"TAX1BP3"	301	"HiG"
"HiG_1"	0	"SPTSSA"	353.5	"HiG"
"HiG_1"	789017353484774	"PTCH1"	98	"HiG"
"HiG_1"	17753122625066614	"HMGN1"	3	"HiG"
"HiG_1"	667.728104359837	"TFPI"	297	"HiG"
"HiG_1"	0	"PARD6G"	353.5	"HiG"
"HiG_1"	0	"ATXN7L3B"	353.5	"HiG"
"HiG_1"	1922875558025934	"PAIP2"	67	"HiG"
"HiG_1"	0	"IER2"	353.5	"HiG"
"HiG_1"	5268484332140917	"SOX4"	36	"HiG"
"HiG_1"	0	"PNRC2"	353.5	"HiG"
"HiG_1"	2555193057859.57	"TTC3"	252	"HiG"
"HiG_1"	12550587748712008	"NPM3"	14	"HiG"
"HiG_1"	42650605817629.7	"LAPTM4B"	201	"HiG"
"HiG_1"	1252.26990698889	"SRM"	288	"HiG"
"HiG_1"	0	"FZD2"	353.5	"HiG"
"HiG_1"	60232517899359.6	"SOCS2"	195	"HiG"
"HiG_1"	927156668950753	"TECR"	88	"HiG"
"HiG_1"	135.906931080932	"MT-CO3"	318	"HiG"
"HiG_1"	1005.9533954154	"RSRP1"	289	"HiG"
"HiG_1"	364.110298313148	"IGFBP4"	307	"HiG"
"HiG_1"	3404266084880220	"SMS"	48	"HiG"
"HiG_1"	0	"SMOC1"	353.5	"HiG"
"HiG_1"	395.238774113569	"METTL9"	306	"HiG"
"HiG_1"	145761760190255	"TNFAIP1"	170	"HiG"
"HiG_1"	0	"OAF"	353.5	"HiG"
"HiG_1"	731.598528241626	"TSPAN3"	295	"HiG"
"HiG_1"	0	"PPP1R1A"	353.5	"HiG"
"HiG_1"	0	"LPAR6"	353.5	"HiG"
"HiG_1"	0	"RSPO3"	353.5	"HiG"
"HiG_1"	0	"OAZ2"	353.5	"HiG"
"HiG_1"	922.45144894383	"PHLDA2"	290	"HiG"
"HiG_1"	0	"PRTG"	353.5	"HiG"
"HiG_1"	920.714273978603	"PCDH19"	291	"HiG"
"HiG_1"	0	"SOX11"	353.5	"HiG"
"HiG_1"	0	"MNS1"	353.5	"HiG"
"HiG_1"	0	"CCDC34"	353.5	"HiG"
"HiG_1"	0	"IGDCC3"	353.5	"HiG"
"HiG_1"	0	"RDH10"	353.5	"HiG"
"HiG_1"	0	"ZBTB12"	353.5	"HiG"
"HiG_1"	12799902893.8551	"MFAP2"	282	"HiG"
"HiG_1"	136894710918334	"TMEM59"	172	"HiG"
"HiG_1"	0	"STRA6"	353.5	"HiG"
"HiG_1"	842.541191495801	"SELENOH"	293	"HiG"
"HiG_1"	16294790429887192	"ZCCHC3"	6	"HiG"
"HiG_1"	0	"PPDPF"	353.5	"HiG"
"HiG_1"	0	"PIGX"	353.5	"HiG"
"HiG_1"	5213639222598.78	"TGIF1"	243	"HiG"
"HiG_1"	455884743470486	"ZFP36L1"	123	"HiG"
"HiG_1"	0	"WSB1"	353.5	"HiG"
"HiG_1"	0	"IFITM2"	353.5	"HiG"
"HiG_1"	0	"IFITM1"	353.5	"HiG"
"HiG_2"	83020322185173120	"ACTB"	90	"HiG"
"HiG_2"	14125066858839386	"MAGED1"	210	"HiG"
"HiG_2"	136662605369444784	"HDAC1"	58	"HiG"
"HiG_2"	394244529023582336	"JUN"	23	"HiG"
"HiG_2"	122755393368310464	"FOS"	66	"HiG"
"HiG_2"	54080139526964856	"AFDN"	121	"HiG"
"HiG_2"	426804497453487	"HES1"	342	"HiG"
"HiG_2"	650259868964.212	"TEAD2"	401	"HiG"
"HiG_2"	62831711326933608	"RDX"	110	"HiG"
"HiG_2"	76025302575250960	"HSP90AB1"	93	"HiG"
"HiG_2"	12872086347391450	"NRP1"	214	"HiG"
"HiG_2"	549957545881650	"ID3"	335	"HiG"
"HiG_2"	86052693881517728	"CCND1"	89	"HiG"
"HiG_2"	122791454431451	"RRAD"	362	"HiG"
"HiG_2"	48850889896711048	"CD81"	125	"HiG"
"HiG_2"	24139386723057852	"CCT4"	181	"HiG"
"HiG_2"	11262583561895388	"ARL3"	225	"HiG"
"HiG_2"	2049909651557995	"JUND"	304	"HiG"
"HiG_2"	8815371764019460	"HSPA8"	240	"HiG"
"HiG_2"	15513659306251850	"CCNB1"	205	"HiG"
"HiG_2"	142196136852687440	"EZH2"	55	"HiG"
"HiG_2"	23513435128011304	"PABPC1"	183	"HiG"
"HiG_2"	737243205241211136	"PRMT1"	13	"HiG"
"HiG_2"	57874243000003808	"DDX5"	116	"HiG"
"HiG_2"	11302302738055468	"RBBP7"	224	"HiG"
"HiG_2"	122184097342289	"BTG1"	363	"HiG"
"HiG_2"	46472847299233216	"FHL2"	133	"HiG"
"HiG_2"	37583087883600864	"GATA4"	154	"HiG"
"HiG_2"	1052.71281555507	"GATA5"	417	"HiG"
"HiG_2"	1436896744330.61	"GATA6"	397	"HiG"
"HiG_2"	11959272455174668	"ID1"	220	"HiG"
"HiG_2"	919292021167406	"ID2"	323	"HiG"
"HiG_2"	0	"ISL1"	483	"HiG"
"HiG_2"	4434876755144036	"LMO4"	275	"HiG"
"HiG_2"	20455082640938792	"FOXP1"	189	"HiG"
"HiG_2"	269045878132403	"MEF2C"	352	"HiG"
"HiG_2"	20776236668095.2	"MEIS1"	381	"HiG"
"HiG_2"	1221277861883894	"MEIS2"	318	"HiG"
"HiG_2"	27030128473372600	"KHDRBS1"	174	"HiG"
"HiG_2"	67420857815811824	"TRIM28"	107	"HiG"
"HiG_2"	3334308465654422	"SSBP2"	284	"HiG"
"HiG_2"	3163268647368985	"IVNS1ABP"	287	"HiG"
"HiG_2"	345.039697254623	"TGFB1I1"	438	"HiG"
"HiG_2"	42601132847682400	"DEK"	142	"HiG"
"HiG_2"	4178344039446849	"ARID3B"	278	"HiG"
"HiG_2"	45792054411092760	"RBBP4"	135	"HiG"
"HiG_2"	41107987795820232	"ILF2"	144	"HiG"
"HiG_2"	45136139342801896	"DNAJA1"	137	"HiG"
"HiG_2"	52364563109811736	"SFPQ"	122	"HiG"
"HiG_2"	8390880663798602	"ACTG1"	244	"HiG"
"HiG_2"	1156359144452008704	"HMGA2"	5	"HiG"
"HiG_2"	4252571549184237	"CDH2"	277	"HiG"
"HiG_2"	645.495261244417	"SFRP1"	423	"HiG"
"HiG_2"	0	"CITED2"	483	"HiG"
"HiG_2"	7554344955152045	"CCNE1"	247	"HiG"
"HiG_2"	6994765845942053	"LRRFIP1"	255	"HiG"
"HiG_2"	317752153034605440	"HSPA5"	24	"HiG"
"HiG_2"	22666246610986924	"NKX2-5"	185	"HiG"
"HiG_2"	39362578673699128	"CBX1"	148	"HiG"
"HiG_2"	7084867436234866	"ACTN1"	252	"HiG"
"HiG_2"	68244148675753952	"HSP90AA1"	105	"HiG"
"HiG_2"	54515125169287048	"PKM"	120	"HiG"
"HiG_2"	196854523907384	"ENO1"	356	"HiG"
"HiG_2"	862356467273082	"ALDOA"	325	"HiG"
"HiG_2"	111392269695227	"ASB2"	365	"HiG"
"HiG_2"	11168450338225248	"CTNNA1"	226	"HiG"
"HiG_2"	42789120374821968	"JUP"	141	"HiG"
"HiG_2"	92323459985030256	"KIF5B"	83	"HiG"
"HiG_2"	8553557361363377	"SET"	243	"HiG"
"HiG_2"	49002301710876976	"CCT8"	124	"HiG"
"HiG_2"	4429756300901.45	"ANP32A"	392	"HiG"
"HiG_2"	9269189422523986	"CCND2"	237	"HiG"
"HiG_2"	618307477180129	"PALLD"	334	"HiG"
"HiG_2"	2412802260867.06	"PCGF5"	396	"HiG"
"HiG_2"	523256695345566	"GRB10"	338	"HiG"
"HiG_2"	113462948027755616	"DDX39B"	71	"HiG"
"HiG_2"	48517783925220184	"HSP90B1"	126	"HiG"
"HiG_2"	2805212037133691	"CNN3"	292	"HiG"
"HiG_2"	6386867463801154	"NPM1"	261	"HiG"
"HiG_2"	1825438273366578	"PFN2"	307	"HiG"
"HiG_2"	115220931281165808	"NCL"	69	"HiG"
"HiG_2"	62048902962128328	"SLC25A5"	112	"HiG"
"HiG_2"	29312108476857016	"ACTC1"	169	"HiG"
"HiG_2"	110619290575424608	"YWHAE"	74	"HiG"
"HiG_2"	1758993267636990	"GAPDH"	308	"HiG"
"HiG_2"	1068790869394992	"RAB3IP"	320	"HiG"
"HiG_2"	70595388963340144	"DBN1"	101	"HiG"
"HiG_2"	165400336755774240	"MAP1B"	47	"HiG"
"HiG_2"	3809249596249073	"CCDC88A"	280	"HiG"
"HiG_2"	17724848698195.6	"ASB4"	383	"HiG"
"HiG_2"	100421143841351760	"MAPK3"	79	"HiG"
"HiG_2"	12950973823814714	"CRYAB"	213	"HiG"
"HiG_2"	44309192032263944	"HMGB2"	139	"HiG"
"HiG_2"	26373957620842972	"APOE"	175	"HiG"
"HiG_2"	185542344624297760	"UBC"	44	"HiG"
"HiG_2"	42130346946631576	"LIN28A"	143	"HiG"
"HiG_2"	109469093326377856	"APEX1"	75	"HiG"
"HiG_2"	109378485716202208	"CALR"	76	"HiG"
"HiG_2"	11711285162419424	"EIF4A1"	223	"HiG"
"HiG_2"	28124805045148240	"RPL7A"	172	"HiG"
"HiG_2"	15003170092114562	"TOP1"	206	"HiG"
"HiG_2"	209683270452128352	"GJA1"	37	"HiG"
"HiG_2"	58148025100059136	"ATP1A1"	114	"HiG"
"HiG_2"	3287741296643863	"ATXN10"	285	"HiG"
"HiG_2"	401333817713787	"BZW2"	345	"HiG"
"HiG_2"	777598371770901	"CMAS"	329	"HiG"
"HiG_2"	9845977100344886	"CNN2"	230	"HiG"
"HiG_2"	346152542309710	"COL18A1"	348	"HiG"
"HiG_2"	121382237436129984	"HSPD1"	67	"HiG"
"HiG_2"	21274009157596488	"G3BP2"	188	"HiG"
"HiG_2"	2731085571662642	"PTOV1"	294	"HiG"
"HiG_2"	397615063617830016	"TUBA1A"	22	"HiG"
"HiG_2"	141214511118880576	"KRT8"	57	"HiG"
"HiG_2"	4356239433074.87	"DYNLL1"	393	"HiG"
"HiG_2"	646434131474109	"DUSP1"	333	"HiG"
"HiG_2"	6730136482380164	"FERMT2"	257	"HiG"
"HiG_2"	922599442238590080	"NDN"	9	"HiG"
"HiG_2"	2994279936810761	"MYL9"	289	"HiG"
"HiG_2"	249893066921521280	"ACTA1"	30	"HiG"
"HiG_2"	132482221097604128	"HNRNPK"	61	"HiG"
"HiG_2"	152220251904593408	"PRNP"	52	"HiG"
"HiG_2"	38419284766796640	"P4HB"	150	"HiG"
"HiG_2"	12620851560181054	"ATP1B1"	215	"HiG"
"HiG_2"	794787555631.06	"HOMER2"	400	"HiG"
"HiG_2"	9583071112174.26	"TAF7"	389	"HiG"
"HiG_2"	0	"PRRX2"	483	"HiG"
"HiG_2"	10638612408766434	"ENO3"	227	"HiG"
"HiG_2"	9021864672469210	"ETFB"	238	"HiG"
"HiG_2"	91657393800643584	"HNRNPA1"	85	"HiG"
"HiG_2"	1240014679623.54	"BNIP3"	398	"HiG"
"HiG_2"	75341230234286976	"ANK3"	94	"HiG"
"HiG_2"	6564471299477094	"ACVR2B"	259	"HiG"
"HiG_2"	1575593530324974	"GNAS"	313	"HiG"
"HiG_2"	1358537805994147	"ANKRD1"	317	"HiG"
"HiG_2"	5541850539180600	"BMP2"	271	"HiG"
"HiG_2"	1058.78925242752	"BMP7"	416	"HiG"
"HiG_2"	2146820883493001	"ADD3"	303	"HiG"
"HiG_2"	15396207590.1556	"PAFAH1B3"	403	"HiG"
"HiG_2"	67783593842402896	"ACTA2"	106	"HiG"
"HiG_2"	27695304195490672	"PDLIM5"	173	"HiG"
"HiG_2"	6778411454035.66	"IGF2"	391	"HiG"
"HiG_2"	8840185679483069	"ATP2B1"	239	"HiG"
"HiG_2"	2683180220615646	"ATP2A2"	295	"HiG"
"HiG_2"	102977416976327	"DAB2"	366	"HiG"
"HiG_2"	72273215757378544	"RTN4"	96	"HiG"
"HiG_2"	9813958766165004	"SAP30"	231	"HiG"
"HiG_2"	1165.01822723433	"BEX3"	415	"HiG"
"HiG_2"	0	"LDHA"	483	"HiG"
"HiG_2"	59644558711885856	"CALM2"	113	"HiG"
"HiG_2"	34348311270013496	"BAG2"	157	"HiG"
"HiG_2"	6160951963761054	"MYL12B"	263	"HiG"
"HiG_2"	9588280294950688	"IGF2R"	234	"HiG"
"HiG_2"	6099599929330841	"CKB"	265	"HiG"
"HiG_2"	87690432014096.4	"CSRP1"	367	"HiG"
"HiG_2"	14930600559809658	"FABP5"	207	"HiG"
"HiG_2"	57928794268455904	"CALD1"	115	"HiG"
"HiG_2"	2205336919879222	"EFHD2"	301	"HiG"
"HiG_2"	19163565472080624	"MYL12A"	190	"HiG"
"HiG_2"	33319494252003628	"PFKL"	159	"HiG"
"HiG_2"	62663208142966896	"TPI1"	111	"HiG"
"HiG_2"	16698285100423286	"DNAJB11"	197	"HiG"
"HiG_2"	24098266843810748	"RAB6A"	182	"HiG"
"HiG_2"	1926905790620982	"SMYD1"	306	"HiG"
"HiG_2"	19259048453612.9	"VAMP8"	382	"HiG"
"HiG_2"	46239131137628.3	"FBLN1"	370	"HiG"
"HiG_2"	9609076748403520	"MYBPC3"	233	"HiG"
"HiG_2"	237738852985776	"CDKN1C"	354	"HiG"
"HiG_2"	13883300180634858	"DES"	211	"HiG"
"HiG_2"	6446951929602889	"AK1"	260	"HiG"
"HiG_2"	1936626822228757	"EIF3E"	305	"HiG"
"HiG_2"	16117423595221394	"PDLIM7"	201	"HiG"
"HiG_2"	44946531895048.7	"AMPH"	372	"HiG"
"HiG_2"	25365614631330972	"PRDX1"	178	"HiG"
"HiG_2"	41050277570985664	"PA2G4"	145	"HiG"
"HiG_2"	29911440792182632	"ISYNA1"	168	"HiG"
"HiG_2"	939.264331984145	"ATP6V0B"	418	"HiG"
"HiG_2"	7021330109974573	"FHL1"	254	"HiG"
"HiG_2"	199134819834931	"CSRP2"	355	"HiG"
"HiG_2"	25769996966511792	"DSTN"	176	"HiG"
"HiG_2"	10471601239666018	"CLIC1"	228	"HiG"
"HiG_2"	3179781621113436	"ARF4"	286	"HiG"
"HiG_2"	908074738426362	"DCAKD"	324	"HiG"
"HiG_2"	7657472115054565	"BRIX1"	245	"HiG"
"HiG_2"	47818017599355560	"CKAP4"	130	"HiG"
"HiG_2"	15520464119584438	"CAPNS1"	204	"HiG"
"HiG_2"	0	"CAPN6"	483	"HiG"
"HiG_2"	1396918582203521	"ARPC5"	315	"HiG"
"HiG_2"	960541692450136	"RBP1"	322	"HiG"
"HiG_2"	0	"CTSL"	483	"HiG"
"HiG_2"	48357980169299632	"MYL1"	127	"HiG"
"HiG_2"	29940145233977020	"TBX5"	167	"HiG"
"HiG_2"	19002144962379196	"GDI2"	191	"HiG"
"HiG_2"	821730024638742	"TRA2B"	326	"HiG"
"HiG_2"	102559199425439200	"PDIA3"	78	"HiG"
"HiG_2"	174166562652347	"HSPE1"	359	"HiG"
"HiG_2"	1085175961585911040	"PDIA6"	6	"HiG"
"HiG_2"	499056551058261	"UGP2"	339	"HiG"
"HiG_2"	82970099656061712	"RBFOX2"	91	"HiG"
"HiG_2"	16354374900927.4	"LAPTM4A"	385	"HiG"
"HiG_2"	2419585643775324	"ANP32E"	298	"HiG"
"HiG_2"	0	"PNRC1"	483	"HiG"
"HiG_2"	12539539683729318	"HAT1"	216	"HiG"
"HiG_2"	464757724924310144	"PPP1CB"	19	"HiG"
"HiG_2"	16361862270167942	"TXNL1"	199	"HiG"
"HiG_2"	223959629535317120	"PLS3"	35	"HiG"
"HiG_2"	16492307742620308	"PPID"	198	"HiG"
"HiG_2"	134.759483864208	"ARL6IP1"	440	"HiG"
"HiG_2"	402812479849860	"LUC7L3"	344	"HiG"
"HiG_2"	6145606338749045	"TSC22D1"	264	"HiG"
"HiG_2"	112136861614520736	"PRDX2"	72	"HiG"
"HiG_2"	5767140169772606	"RCN2"	270	"HiG"
"HiG_2"	37731275085393840	"BASP1"	152	"HiG"
"HiG_2"	9701845631807246	"FKBP4"	232	"HiG"
"HiG_2"	49580790941390872	"MAT2A"	123	"HiG"
"HiG_2"	90165892527239472	"HSPB2"	87	"HiG"
"HiG_2"	48307702034827648	"TPM1"	128	"HiG"
"HiG_2"	11907549151362202	"CAP2"	221	"HiG"
"HiG_2"	0	"PEG3"	483	"HiG"
"HiG_2"	21926805383507.9	"S100A10"	380	"HiG"
"HiG_2"	2101.84262793368	"TIMM8B"	405	"HiG"
"HiG_2"	34516292251679640	"DUT"	156	"HiG"
"HiG_2"	38459562565525360	"SDF2L1"	149	"HiG"
"HiG_2"	1367100998329518	"CRIP2"	316	"HiG"
"HiG_2"	177476290467229	"MDK"	357	"HiG"
"HiG_2"	310143924453813	"CENPF"	350	"HiG"
"HiG_2"	32652432849094112	"MAGED2"	163	"HiG"
"HiG_2"	11867859916859524	"CLNS1A"	222	"HiG"
"HiG_2"	0	"DCTPP1"	483	"HiG"
"HiG_2"	443083677270065	"DLK1"	341	"HiG"
"HiG_2"	2645061074659980	"EIF4A3"	296	"HiG"
"HiG_2"	3713246397616073	"DDAH2"	281	"HiG"
"HiG_2"	2196421222968885	"TMED9"	302	"HiG"
"HiG_2"	3557627536476947	"BCAT1"	282	"HiG"
"HiG_2"	3132767614136015	"SNRPN"	288	"HiG"
"HiG_2"	309725887865690880	"PHGDH"	25	"HiG"
"HiG_2"	91855085403910192	"SRSF3"	84	"HiG"
"HiG_2"	857571086212029952	"HNRNPA3"	10	"HiG"
"HiG_2"	364.085996178144	"DOK4"	436	"HiG"
"HiG_2"	300742030305977600	"PRDX4"	26	"HiG"
"HiG_2"	31830901978929860	"HSD17B10"	164	"HiG"
"HiG_2"	40913559098057288	"FBL"	146	"HiG"
"HiG_2"	73105604029883824	"PAICS"	95	"HiG"
"HiG_2"	28887462642154788	"IDH2"	170	"HiG"
"HiG_2"	31673766643845080	"TUBA1B"	165	"HiG"
"HiG_2"	6063966823597602	"TUBB2B"	266	"HiG"
"HiG_2"	1242194336022564864	"TUBB4B"	4	"HiG"
"HiG_2"	188714713798494528	"TUBB5"	43	"HiG"
"HiG_2"	32931316450386052	"SLC25A4"	161	"HiG"
"HiG_2"	378.74910924098	"HOXB2"	435	"HiG"
"HiG_2"	56471688194197656	"FSCN1"	117	"HiG"
"HiG_2"	110642312095509696	"LDHB"	73	"HiG"
"HiG_2"	46921493775815608	"MDH1"	132	"HiG"
"HiG_2"	115066475971598672	"MYL6"	70	"HiG"
"HiG_2"	696331553463320	"PGAM1"	332	"HiG"
"HiG_2"	254742491850600896	"PGK1"	29	"HiG"
"HiG_2"	247442505687702	"CCDC141"	353	"HiG"
"HiG_2"	133119246186801824	"ATP6V1F"	60	"HiG"
"HiG_2"	68569362326301088	"CFL2"	104	"HiG"
"HiG_2"	21465341550517756	"TPM2"	187	"HiG"
"HiG_2"	0	"FKBP1A"	483	"HiG"
"HiG_2"	71379597057717880	"NEXN"	98	"HiG"
"HiG_2"	528584880839746	"RALA"	337	"HiG"
"HiG_2"	38082398170535744	"FDPS"	151	"HiG"
"HiG_2"	1288.24664825612	"RRAGD"	413	"HiG"
"HiG_2"	0	"PRDX6"	483	"HiG"
"HiG_2"	426740449750308544	"FN1"	21	"HiG"
"HiG_2"	38168539832827.7	"HMGB1"	374	"HiG"
"HiG_2"	78907900690219664	"MCM7"	92	"HiG"
"HiG_2"	12580545650874.2	"PTMA"	387	"HiG"
"HiG_2"	588.671804293176	"RBMXL1"	426	"HiG"
"HiG_2"	55388425221808072	"RPS4X"	119	"HiG"
"HiG_2"	0	"SLC2A3"	483	"HiG"
"HiG_2"	13338452819760126	"NASP"	212	"HiG"
"HiG_2"	14496245447049270	"NOP58"	209	"HiG"
"HiG_2"	0	"GPX3"	483	"HiG"
"HiG_2"	1619095767324768	"HADH"	312	"HiG"
"HiG_2"	7083404899579298	"MYL4"	253	"HiG"
"HiG_2"	32819164344315760	"PIM3"	162	"HiG"
"HiG_2"	1718314217910812	"GMPS"	309	"HiG"
"HiG_2"	0	"CADM1"	483	"HiG"
"HiG_2"	2954014984365925	"CRELD2"	290	"HiG"
"HiG_2"	445.373482304741	"DBI"	431	"HiG"
"HiG_2"	18638289170370548	"EIF3M"	193	"HiG"
"HiG_2"	792953748324250	"FAM162A"	328	"HiG"
"HiG_2"	44699688897952184	"GRHPR"	138	"HiG"
"HiG_2"	1661446686354850	"HMGB3"	311	"HiG"
"HiG_2"	8641923562005042	"COX17"	242	"HiG"
"HiG_2"	142476780910031984	"MIF"	54	"HiG"
"HiG_2"	5916554716975730	"PTN"	268	"HiG"
"HiG_2"	2751410741577164	"PGAM2"	293	"HiG"
"HiG_2"	45009846681168.8	"ADK"	371	"HiG"
"HiG_2"	6914382163336594	"RANBP1"	256	"HiG"
"HiG_2"	96085800573267216	"PPIB"	82	"HiG"
"HiG_2"	1007977302335364352	"PDIA4"	7	"HiG"
"HiG_2"	3402648940617718	"TBCB"	283	"HiG"
"HiG_2"	8724830327302960	"ADH5"	241	"HiG"
"HiG_2"	474298350850760064	"TUBA1C"	18	"HiG"
"HiG_2"	1476.8502679205	"MMP14"	410	"HiG"
"HiG_2"	539342672530973184	"NMRAL1"	15	"HiG"
"HiG_2"	5156837663468437	"LRPAP1"	273	"HiG"
"HiG_2"	210080801195012448	"SSB"	36	"HiG"
"HiG_2"	15878731471252632	"CRIP1"	203	"HiG"
"HiG_2"	0	"CST3"	483	"HiG"
"HiG_2"	128665230182135408	"DNAJC3"	65	"HiG"
"HiG_2"	9572941186704838	"EEF1E1"	235	"HiG"
"HiG_2"	10359632295732816	"CPOX"	229	"HiG"
"HiG_2"	70905820603901288	"MARCKS"	100	"HiG"
"HiG_2"	15896808205904352	"PRKRA"	202	"HiG"
"HiG_2"	0	"PRPS1"	483	"HiG"
"HiG_2"	159816254216979584	"PTBP2"	50	"HiG"
"HiG_2"	0	"DDT"	483	"HiG"
"HiG_2"	6214181459722936	"SNX6"	262	"HiG"
"HiG_2"	361085902003750	"JOSD2"	346	"HiG"
"HiG_2"	2400544180966045	"IGFBP5"	299	"HiG"
"HiG_2"	12493065720904030	"SPARC"	217	"HiG"
"HiG_2"	248255621077169472	"TPM4"	32	"HiG"
"HiG_2"	204059709315509568	"TXNDC12"	38	"HiG"
"HiG_2"	0	"PPIC"	483	"HiG"
"HiG_2"	12321856896347150	"STMN1"	219	"HiG"
"HiG_2"	71203871324750832	"TLN1"	99	"HiG"
"HiG_2"	4083179792773054	"PDLIM1"	279	"HiG"
"HiG_2"	29185112672437.9	"UBE2R2"	377	"HiG"
"HiG_2"	628290584844412928	"YWHAQ"	14	"HiG"
"HiG_2"	0	"APOBEC2"	483	"HiG"
"HiG_2"	0	"BAMBI"	483	"HiG"
"HiG_2"	168622845006952	"BNIP3L"	360	"HiG"
"HiG_2"	771210012923339	"COL2A1"	331	"HiG"
"HiG_2"	417.735421970292	"CSRP3"	433	"HiG"
"HiG_2"	5841623152668574	"FSTL1"	269	"HiG"
"HiG_2"	441434226297939456	"GABARAP"	20	"HiG"
"HiG_2"	40829584895691448	"GPC3"	147	"HiG"
"HiG_2"	7115592121947466	"HMGN5"	251	"HiG"
"HiG_2"	76.70761716024	"IGFBP2"	441	"HiG"
"HiG_2"	108747527947277792	"KRT18"	77	"HiG"
"HiG_2"	25135847037332984	"MRTO4"	180	"HiG"
"HiG_2"	203.341491635425	"MSANTD3"	439	"HiG"
"HiG_2"	6019290057094624	"MYH7"	267	"HiG"
"HiG_2"	1147434813977274	"NEBL"	319	"HiG"
"HiG_2"	35322601551572.8	"PRSS23"	375	"HiG"
"HiG_2"	30662877836744644	"PSIP1"	166	"HiG"
"HiG_2"	1664484234100157	"PCBP4"	310	"HiG"
"HiG_2"	0	"RCSD1"	483	"HiG"
"HiG_2"	628.748427503765	"LGMN"	424	"HiG"
"HiG_2"	894.788802124411	"SPEG"	419	"HiG"
"HiG_2"	141686499974050400	"TMOD1"	56	"HiG"
"HiG_2"	133521814641819776	"TAGLN"	59	"HiG"
"HiG_2"	224023519080915200	"TMSB4X"	34	"HiG"
"HiG_2"	4944412182742484	"MPHOSPH8"	274	"HiG"
"HiG_2"	148900915667220736	"LYAR"	53	"HiG"
"HiG_2"	179149576490355040	"RBMS1"	46	"HiG"
"HiG_2"	35822033566232364	"TUBB6"	155	"HiG"
"HiG_2"	530306497421708928	"TTN"	16	"HiG"
"HiG_2"	465268403532.439	"RBM38"	402	"HiG"
"HiG_2"	291073691151957	"PSPH"	351	"HiG"
"HiG_2"	5370830084549895	"MTCH1"	272	"HiG"
"HiG_2"	18865203626549712	"GPX4"	192	"HiG"
"HiG_2"	0	"CMTM7"	483	"HiG"
"HiG_2"	350037139827983	"SRSF11"	347	"HiG"
"HiG_2"	3254197624950.13	"SMTNL2"	395	"HiG"
"HiG_2"	129158981184476896	"EIF1B"	64	"HiG"
"HiG_2"	512840289587198976	"SRSF9"	17	"HiG"
"HiG_2"	91626474807229360	"ITM2C"	86	"HiG"
"HiG_2"	7575646633810092	"MPZL1"	246	"HiG"
"HiG_2"	0	"PCLAF"	483	"HiG"
"HiG_2"	0	"SERP1"	483	"HiG"
"HiG_2"	34665190075226.3	"MARCKSL1"	376	"HiG"
"HiG_2"	0	"LIMD2"	483	"HiG"
"HiG_2"	175545830109541	"RRM2"	358	"HiG"
"HiG_2"	588.054229638927	"SLC16A3"	427	"HiG"
"HiG_2"	2925580108011498	"SSR3"	291	"HiG"
"HiG_2"	975714241660768	"RSU1"	321	"HiG"
"HiG_2"	97098148869615104	"MFGE8"	81	"HiG"
"HiG_2"	451223872459583	"RBM24"	340	"HiG"
"HiG_2"	0	"MALAT1"	483	"HiG"
"HiG_2"	25381545824644.4	"RTN3"	378	"HiG"
"HiG_2"	0	"GSTA4"	483	"HiG"
"HiG_2"	17902151201988780	"SLC2A1"	194	"HiG"
"HiG_2"	1321367522337584640	"TKT"	3	"HiG"
"HiG_2"	984562353537.707	"GALK1"	399	"HiG"
"HiG_2"	33394882592144264	"BBX"	158	"HiG"
"HiG_2"	646.901113589779	"CRABP1"	422	"HiG"
"HiG_2"	0	"DDC"	483	"HiG"
"HiG_2"	74021824428219.8	"ARMCX2"	369	"HiG"
"HiG_2"	0	"BEX2"	483	"HiG"
"HiG_2"	0	"SPIN2C"	483	"HiG"
"HiG_2"	0	"TCEAL8"	483	"HiG"
"HiG_2"	22034181575686.9	"TSPAN6"	379	"HiG"
"HiG_2"	64335048250660208	"TNNT2"	109	"HiG"
"HiG_2"	9359212503056856	"TNNC1"	236	"HiG"
"HiG_2"	46346650991519336	"MYL3"	134	"HiG"
"HiG_2"	70301772717604664	"SERPINH1"	102	"HiG"
"HiG_2"	17594612420956660	"CNN1"	195	"HiG"
"HiG_2"	4370135005554912	"FGF8"	276	"HiG"
"HiG_2"	459.036183671639	"WLS"	430	"HiG"
"HiG_2"	68622803910298112	"SMARCD3"	103	"HiG"
"HiG_2"	0	"CFC1"	483	"HiG"
"HiG_2"	0	"BEX1"	483	"HiG"
"HiG_2"	0	"FTL1"	483	"HiG"
"HiG_2"	0	"PHLDA1"	483	"HiG"
"HiG_2"	0	"PLP2"	483	"HiG"
"HiG_2"	17334162912698490	"GADD45G"	196	"HiG"
"HiG_2"	7216088877142180	"AKR1A1"	250	"HiG"
"HiG_2"	0	"NRADD"	483	"HiG"
"HiG_2"	0	"ABRACL"	483	"HiG"
"HiG_2"	939665612877137152	"RHOC"	8	"HiG"
"HiG_2"	0	"UBE2S"	483	"HiG"
"HiG_2"	830697744321086208	"VASP"	11	"HiG"
"HiG_2"	12486829647149400	"CRABP2"	218	"HiG"
"HiG_2"	117809293820575664	"DUSP6"	68	"HiG"
"HiG_2"	2360377365434049024	"VIM"	2	"HiG"
"HiG_2"	66219147654953120	"HIGD1A"	108	"HiG"
"HiG_2"	194314809163991680	"HNRNPH3"	42	"HiG"
"HiG_2"	71871708164561328	"TRA2A"	97	"HiG"
"HiG_2"	0	"LRRC42"	483	"HiG"
"HiG_2"	0	"CTXN1"	483	"HiG"
"HiG_2"	0	"MYL7"	483	"HiG"
"HiG_2"	229532309831889632	"WDR1"	33	"HiG"
"HiG_2"	47824513518070496	"SURF4"	129	"HiG"
"HiG_2"	0	"BRI3"	483	"HiG"
"HiG_2"	314154063093713	"SLBP"	349	"HiG"
"HiG_2"	112331113483127	"TBRG1"	364	"HiG"
"HiG_2"	47718169085369720	"MTHFD2"	131	"HiG"
"HiG_2"	0	"BOK"	483	"HiG"
"HiG_2"	161790497982706176	"RBPMS"	48	"HiG"
"HiG_2"	0	"HSPB7"	483	"HiG"
"HiG_2"	0	"CDKN2D"	483	"HiG"
"HiG_2"	4151200468663.2	"CTNNBIP1"	394	"HiG"
"HiG_2"	160737877046478880	"MORF4L2"	49	"HiG"
"HiG_2"	0	"TCEAL9"	483	"HiG"
"HiG_2"	9880418178365.05	"MEST"	388	"HiG"
"HiG_2"	131044197601920688	"LSR"	62	"HiG"
"HiG_2"	22538704550855812	"PKP2"	186	"HiG"
"HiG_2"	1228.01142532242	"TGFB2"	414	"HiG"
"HiG_2"	7069691830081.46	"SELENOS"	390	"HiG"
"HiG_2"	16261253547151054	"TSEN34"	200	"HiG"
"HiG_2"	42630528883247.2	"TAX1BP3"	373	"HiG"
"HiG_2"	45627421001740840	"KLF6"	136	"HiG"
"HiG_2"	425954274790880	"RRAS2"	343	"HiG"
"HiG_2"	97392142694849232	"TPD52L1"	80	"HiG"
"HiG_2"	202222719540276896	"HMGN1"	39	"HiG"
"HiG_2"	6602667116877804	"PODXL"	258	"HiG"
"HiG_2"	0	"SH3BP1"	483	"HiG"
"HiG_2"	489.964486744474	"TIMM17A"	429	"HiG"
"HiG_2"	0	"ATXN7L3B"	483	"HiG"
"HiG_2"	275853836620982880	"PAIP2"	27	"HiG"
"HiG_2"	1428060670404214	"XBP1"	314	"HiG"
"HiG_2"	0	"PPP1R14C"	483	"HiG"
"HiG_2"	1965.36861620627	"HSD11B2"	407	"HiG"
"HiG_2"	0	"IER2"	483	"HiG"
"HiG_2"	249184476079592736	"SOX4"	31	"HiG"
"HiG_2"	23490884614038812	"TNNI1"	184	"HiG"
"HiG_2"	130797002671071680	"NPM3"	63	"HiG"
"HiG_2"	7326199800947067	"LAPTM4B"	249	"HiG"
"HiG_2"	139531125282550	"SRM"	361	"HiG"
"HiG_2"	37703449304462248	"PGM2"	153	"HiG"
"HiG_2"	0	"FBXL22"	483	"HiG"
"HiG_2"	181432722906491712	"NENF"	45	"HiG"
"HiG_2"	2503831469087692	"TMEM9"	297	"HiG"
"HiG_2"	43130455017774240	"ZFP644"	140	"HiG"
"HiG_2"	197186627479274080	"TMSB10"	41	"HiG"
"HiG_2"	0	"SH3BGRL3"	483	"HiG"
"HiG_2"	17012289930242.2	"DUSP9"	384	"HiG"
"HiG_2"	0	"KRCC1"	483	"HiG"
"HiG_2"	777654890834203136	"TECR"	12	"HiG"
"HiG_2"	0	"MPPED2"	483	"HiG"
"HiG_2"	55531968098456848	"NECTIN2"	118	"HiG"
"HiG_2"	1563.54136231418	"PLA2G12A"	409	"HiG"
"HiG_2"	14941217712010.9	"TMBIM6"	386	"HiG"
"HiG_2"	346.786362454639	"MT-CO3"	437	"HiG"
"HiG_2"	198658129327757440	"UGDH"	40	"HiG"
"HiG_2"	6675670159776474112	"TIPARP"	1	"HiG"
"HiG_2"	2296803439143426	"RSRP1"	300	"HiG"
"HiG_2"	87403592399400720	"SMS"	88	"HiG"
"HiG_2"	2055.62994426275	"ITM2A"	406	"HiG"
"HiG_2"	0	"PMP22"	483	"HiG"
"HiG_2"	596.859408784691	"MIEN1"	425	"HiG"
"HiG_2"	774.753570133701	"METTL9"	421	"HiG"
"HiG_2"	28597472803689096	"TNFAIP1"	171	"HiG"
"HiG_2"	25695022417012384	"MANF"	177	"HiG"
"HiG_2"	0	"OCIAD2"	483	"HiG"
"HiG_2"	778.246231032152	"SELENOK"	420	"HiG"
"HiG_2"	0	"POPDC2"	483	"HiG"
"HiG_2"	0	"TSPAN3"	483	"HiG"
"HiG_2"	0	"TBX20"	483	"HiG"
"HiG_2"	433.248549433659	"PPP1R1A"	432	"HiG"
"HiG_2"	0	"OAZ2"	483	"HiG"
"HiG_2"	0	"SHISA2"	483	"HiG"
"HiG_2"	0	"PHLDA2"	483	"HiG"
"HiG_2"	1873.6253737221	"MLLT11"	408	"HiG"
"HiG_2"	0	"PTGES3L"	483	"HiG"
"HiG_2"	0	"PRTG"	483	"HiG"
"HiG_2"	33315709991714768	"ZCRB1"	160	"HiG"
"HiG_2"	0	"SMPX"	483	"HiG"
"HiG_2"	25137590788187920	"RBPMS2"	179	"HiG"
"HiG_2"	0	"TMEM108"	483	"HiG"
"HiG_2"	0	"HCFC1R1"	483	"HiG"
"HiG_2"	801536718180087	"MYLK3"	327	"HiG"
"HiG_2"	0	"SOX11"	483	"HiG"
"HiG_2"	14675537251881894	"GPX8"	208	"HiG"
"HiG_2"	0	"STARD3NL"	483	"HiG"
"HiG_2"	775512703659829	"LY6E"	330	"HiG"
"HiG_2"	524.641578791714	"MMD"	428	"HiG"
"HiG_2"	155732084544363392	"MGARP"	51	"HiG"
"HiG_2"	1460.16092499184	"UNC45B"	411	"HiG"
"HiG_2"	7535796729262686	"TMEM88"	248	"HiG"
"HiG_2"	0	"SERF1"	483	"HiG"
"HiG_2"	390.735556035886	"VCAN"	434	"HiG"
"HiG_2"	1345.90385755782	"MFAP2"	412	"HiG"
"HiG_2"	0	"SELENOW"	483	"HiG"
"HiG_2"	0	"IGFBPL1"	483	"HiG"
"HiG_2"	272491865073942336	"TMEM59"	28	"HiG"
"HiG_2"	0	"UBALD2"	483	"HiG"
"HiG_2"	543481845414131	"SELENOH"	336	"HiG"
"HiG_2"	0	"RGS5"	483	"HiG"
"HiG_2"	84578334141042.7	"WNT2"	368	"HiG"
"HiG_2"	0	"PPDPF"	483	"HiG"
"HiG_2"	0	"SH3BGR"	483	"HiG"
"HiG_2"	0	"RGS10"	483	"HiG"
"HiG_2"	0	"PIGX"	483	"HiG"
"HiG_2"	2278.78551948639	"SFRP5"	404	"HiG"
"HiG_2"	0	"WSB1"	483	"HiG"
"HiG_2"	0	"IFITM2"	483	"HiG"
"HiG_2"	0	"TSPAN7"	483	"HiG"
"HiG_2"	0	"IFITM1"	483	"HiG"
"HiG_3"	477586901890640	"ACTB"	124	"HiG"
"HiG_3"	1006530250587253	"HDAC1"	75	"HiG"
"HiG_3"	202840573218175	"AFDN"	190	"HiG"
"HiG_3"	8741363526040.16	"HES1"	308	"HiG"
"HiG_3"	5017162570047.94	"TEAD2"	319	"HiG"
"HiG_3"	37798844410183	"TEAD1"	264	"HiG"
"HiG_3"	604354856170666	"RDX"	113	"HiG"
"HiG_3"	3994790839747726	"EZR"	22	"HiG"
"HiG_3"	2646804557855720	"NRP1"	39	"HiG"
"HiG_3"	319.657540240933	"ID3"	420	"HiG"
"HiG_3"	1157115981850746	"APP"	69	"HiG"
"HiG_3"	594231564010740	"CCND1"	116	"HiG"
"HiG_3"	396717656061681	"CD81"	136	"HiG"
"HiG_3"	434223403121111	"CCT4"	130	"HiG"
"HiG_3"	2798650947698.25	"ARL3"	329	"HiG"
"HiG_3"	223047181756813	"HSPA8"	183	"HiG"
"HiG_3"	330492445329103	"CCNB1"	152	"HiG"
"HiG_3"	260562708268054	"PABPC1"	171	"HiG"
"HiG_3"	302153600077255	"NOP56"	155	"HiG"
"HiG_3"	640220275457669	"DDX5"	109	"HiG"
"HiG_3"	93394583593917.4	"RBBP7"	226	"HiG"
"HiG_3"	44102944012587.6	"CREB3L1"	258	"HiG"
"HiG_3"	0	"GATA5"	468	"HiG"
"HiG_3"	0	"GATA6"	468	"HiG"
"HiG_3"	262.956335542309	"HAND1"	423	"HiG"
"HiG_3"	0	"HOXB1"	468	"HiG"
"HiG_3"	0	"HOXB6"	468	"HiG"
"HiG_3"	92537581175564.4	"ID1"	227	"HiG"
"HiG_3"	260877125388814	"ID2"	170	"HiG"
"HiG_3"	1762254895.68817	"LEF1"	383	"HiG"
"HiG_3"	46334042608171.4	"LMO4"	257	"HiG"
"HiG_3"	135643839358326	"FOXP1"	213	"HiG"
"HiG_3"	13475856999155.7	"MEIS2"	300	"HiG"
"HiG_3"	198493779.40776	"MSX1"	385	"HiG"
"HiG_3"	5130462283416828	"MSX2"	20	"HiG"
"HiG_3"	1422558604603444	"MYCN"	60	"HiG"
"HiG_3"	207226422675432	"KHDRBS1"	187	"HiG"
"HiG_3"	3588299819397268	"TRIM28"	27	"HiG"
"HiG_3"	115834890882.261	"TGFB1I1"	366	"HiG"
"HiG_3"	372165134139417	"DEK"	139	"HiG"
"HiG_3"	22146709923030.8	"ARID3B"	281	"HiG"
"HiG_3"	221321963979125	"HELLS"	186	"HiG"
"HiG_3"	0	"PEG10"	468	"HiG"
"HiG_3"	656954732018094	"ILF2"	105	"HiG"
"HiG_3"	786129300021467	"DNAJA1"	88	"HiG"
"HiG_3"	600161117635554	"NONO"	114	"HiG"
"HiG_3"	203821066218338	"ACTG1"	189	"HiG"
"HiG_3"	738818436284039	"HMGA2"	92	"HiG"
"HiG_3"	0	"CITED2"	468	"HiG"
"HiG_3"	52348909896521	"CCNE1"	253	"HiG"
"HiG_3"	158058298380673	"LRRFIP1"	203	"HiG"
"HiG_3"	1363571232055449	"HSPA5"	64	"HiG"
"HiG_3"	745433514575989	"CBX1"	91	"HiG"
"HiG_3"	2901294475490477	"HSP90AA1"	35	"HiG"
"HiG_3"	372268489753027	"PKM"	138	"HiG"
"HiG_3"	83189007648.2054	"ENO1"	367	"HiG"
"HiG_3"	335539611838215	"CTNNA1"	151	"HiG"
"HiG_3"	51636316665846.2	"SET"	254	"HiG"
"HiG_3"	1488670422474463	"CCT8"	58	"HiG"
"HiG_3"	235418689832645	"CCND2"	178	"HiG"
"HiG_3"	20173205149680.7	"PALLD"	283	"HiG"
"HiG_3"	2149432180764.09	"PCGF5"	337	"HiG"
"HiG_3"	127.206335542309	"HAND2"	425	"HiG"
"HiG_3"	3797012249623866	"DDX39B"	24	"HiG"
"HiG_3"	7601450809641446	"HSP90B1"	10	"HiG"
"HiG_3"	264696166506353	"CNN3"	166	"HiG"
"HiG_3"	302372653622867	"NPM1"	154	"HiG"
"HiG_3"	714094678372513	"PFN1"	101	"HiG"
"HiG_3"	19025102881745.3	"PFN2"	285	"HiG"
"HiG_3"	3856298923161960	"NCL"	23	"HiG"
"HiG_3"	1297636405120053	"SLC25A5"	65	"HiG"
"HiG_3"	352321861716879	"ACTC1"	148	"HiG"
"HiG_3"	6977413342704160	"IGF2BP1"	14	"HiG"
"HiG_3"	10852920792921160	"YWHAE"	7	"HiG"
"HiG_3"	1411630560905186	"FLNA"	61	"HiG"
"HiG_3"	675739054927816	"DBN1"	103	"HiG"
"HiG_3"	1583671695809632	"MAP1B"	55	"HiG"
"HiG_3"	15701233185654.3	"ASB4"	294	"HiG"
"HiG_3"	715726270319000	"ANXA6"	100	"HiG"
"HiG_3"	54240171319.733	"PITX1"	370	"HiG"
"HiG_3"	4261329695683582	"MAPK3"	21	"HiG"
"HiG_3"	15170443448185.6	"CRYAB"	296	"HiG"
"HiG_3"	649214011173401	"FGFR1"	107	"HiG"
"HiG_3"	5006194518930.58	"SMAD7"	320	"HiG"
"HiG_3"	370479612635000	"APOE"	140	"HiG"
"HiG_3"	3405804112634276	"UBC"	28	"HiG"
"HiG_3"	994903897476906	"LIN28A"	76	"HiG"
"HiG_3"	10922850916939792	"APEX1"	6	"HiG"
"HiG_3"	1569691972696647	"CALR"	56	"HiG"
"HiG_3"	478089925557064	"EIF4A1"	123	"HiG"
"HiG_3"	1182857022848053	"TOP1"	68	"HiG"
"HiG_3"	553.246655909344	"GJC1"	414	"HiG"
"HiG_3"	232305470964350	"GJA1"	181	"HiG"
"HiG_3"	584716287574153	"AHNAK"	117	"HiG"
"HiG_3"	146945337892136	"ANXA2"	211	"HiG"
"HiG_3"	48533021733333.9	"ATXN10"	256	"HiG"
"HiG_3"	68714699846865.1	"CNN2"	241	"HiG"
"HiG_3"	1408356993073564	"COL18A1"	62	"HiG"
"HiG_3"	746440818290531	"ILK"	90	"HiG"
"HiG_3"	2758182407939026	"CALM1"	38	"HiG"
"HiG_3"	172166729333205	"CCND3"	199	"HiG"
"HiG_3"	2321345226002.71	"PTOV1"	333	"HiG"
"HiG_3"	942930868396607	"TUBA1A"	79	"HiG"
"HiG_3"	63126431449729.9	"KRT8"	246	"HiG"
"HiG_3"	28865830220.6713	"DYNLL1"	374	"HiG"
"HiG_3"	2861585989620056	"ITGB1"	36	"HiG"
"HiG_3"	86851741322716.4	"FERMT2"	230	"HiG"
"HiG_3"	235299124754194	"NDN"	179	"HiG"
"HiG_3"	16480237929834.3	"MYL9"	289	"HiG"
"HiG_3"	126109208011526	"EFNB1"	219	"HiG"
"HiG_3"	20005576838504668	"PRNP"	3	"HiG"
"HiG_3"	190473273023257	"P4HB"	192	"HiG"
"HiG_3"	85407909072195.7	"APBB1"	231	"HiG"
"HiG_3"	895853795574.621	"HOMER2"	347	"HiG"
"HiG_3"	0	"PRRX2"	468	"HiG"
"HiG_3"	79728999797695.8	"ENO3"	235	"HiG"
"HiG_3"	87556889509055.9	"GNAI2"	229	"HiG"
"HiG_3"	116361260307046	"GNAS"	221	"HiG"
"HiG_3"	5615680191722.52	"BMP4"	317	"HiG"
"HiG_3"	222659585217066	"CDC20"	185	"HiG"
"HiG_3"	2186710699393.1	"PAFAH1B3"	336	"HiG"
"HiG_3"	731898424420070	"ACTA2"	96	"HiG"
"HiG_3"	16275020136909.9	"IGF2"	291	"HiG"
"HiG_3"	1247552964538591	"ATP2B1"	66	"HiG"
"HiG_3"	5707548052188.85	"DAB2"	316	"HiG"
"HiG_3"	160141874890743	"RTN4"	202	"HiG"
"HiG_3"	905.946911974865	"BEX3"	408	"HiG"
"HiG_3"	442112062085396	"MYH10"	127	"HiG"
"HiG_3"	289410601550069	"MYL12B"	160	"HiG"
"HiG_3"	135438795150748	"IGF2R"	214	"HiG"
"HiG_3"	684949274225.331	"CSRP1"	351	"HiG"
"HiG_3"	205410343128800	"FABP5"	188	"HiG"
"HiG_3"	183959062129683	"CALD1"	196	"HiG"
"HiG_3"	172215763301838	"EFHD2"	198	"HiG"
"HiG_3"	262277559833264	"MYL12A"	169	"HiG"
"HiG_3"	1440158377522021	"DNAJB11"	59	"HiG"
"HiG_3"	66323168398082.1	"ERP29"	245	"HiG"
"HiG_3"	326.456700617311	"EIF4EBP1"	419	"HiG"
"HiG_3"	27488504801597.1	"FBLN1"	271	"HiG"
"HiG_3"	60646684409959.4	"CDKN1C"	248	"HiG"
"HiG_3"	222951903683664	"SDC1"	184	"HiG"
"HiG_3"	103135377706907	"CYB5A"	223	"HiG"
"HiG_3"	24530411592477.5	"ARHGAP1"	277	"HiG"
"HiG_3"	457190274418816	"PDLIM7"	126	"HiG"
"HiG_3"	43560667927726.8	"RPS26"	260	"HiG"
"HiG_3"	11792383957931.4	"EGFL7"	303	"HiG"
"HiG_3"	77613430760568.5	"SEC61A1"	236	"HiG"
"HiG_3"	875011263116420	"PRDX1"	86	"HiG"
"HiG_3"	776416283331498	"PA2G4"	89	"HiG"
"HiG_3"	526945420973719	"ANXA5"	119	"HiG"
"HiG_3"	473248064229.981	"APRT"	356	"HiG"
"HiG_3"	30171287107508	"GPX1"	269	"HiG"
"HiG_3"	71846598431133	"RER1"	240	"HiG"
"HiG_3"	28712102419.7854	"FHL1"	375	"HiG"
"HiG_3"	52967563255648.5	"ANP32B"	252	"HiG"
"HiG_3"	513045356450.489	"CSRP2"	355	"HiG"
"HiG_3"	369268584085848	"DSTN"	141	"HiG"
"HiG_3"	364537867901912	"DKC1"	144	"HiG"
"HiG_3"	16412534734357.6	"CLIC1"	290	"HiG"
"HiG_3"	180642778568023	"ARF4"	197	"HiG"
"HiG_3"	337200335921011	"EBNA1BP2"	150	"HiG"
"HiG_3"	270284803813668	"BRIX1"	165	"HiG"
"HiG_3"	18516305248664.9	"CGNL1"	287	"HiG"
"HiG_3"	226447638019296	"ARPC2"	182	"HiG"
"HiG_3"	6396600976600716	"CKAP4"	15	"HiG"
"HiG_3"	26327805718249.8	"ARPC5"	274	"HiG"
"HiG_3"	657509906121.102	"RBP1"	353	"HiG"
"HiG_3"	26504303587867.6	"SIVA1"	273	"HiG"
"HiG_3"	0	"CTSL"	468	"HiG"
"HiG_3"	440781364029948	"HTRA2"	128	"HiG"
"HiG_3"	149833037335716	"GDI2"	208	"HiG"
"HiG_3"	355202286555934	"TRA2B"	147	"HiG"
"HiG_3"	893712763963273	"PDIA3"	83	"HiG"
"HiG_3"	1150126987370.21	"HSPE1"	344	"HiG"
"HiG_3"	329440269425327	"PDIA6"	153	"HiG"
"HiG_3"	283185869576078	"RBFOX2"	163	"HiG"
"HiG_3"	7248237882.15585	"LAPTM4A"	380	"HiG"
"HiG_3"	262821122913296	"PRDX3"	168	"HiG"
"HiG_3"	185382563792273	"HAT1"	194	"HiG"
"HiG_3"	5737505997816031	"PPP1CB"	16	"HiG"
"HiG_3"	2970636320116552	"TXNL1"	34	"HiG"
"HiG_3"	24537811156353.3	"PPID"	276	"HiG"
"HiG_3"	59291528475898	"RAP1A"	250	"HiG"
"HiG_3"	125.860824106066	"ARL6IP1"	426	"HiG"
"HiG_3"	72009100249690.4	"TSC22D1"	239	"HiG"
"HiG_3"	635098057510247	"RCN2"	110	"HiG"
"HiG_3"	1784349092399840	"BASP1"	50	"HiG"
"HiG_3"	74137961555321.8	"FKBP4"	238	"HiG"
"HiG_3"	166912111519345	"MAT2A"	200	"HiG"
"HiG_3"	408167107064956	"TPM1"	134	"HiG"
"HiG_3"	22132372973142.4	"ARHGAP29"	282	"HiG"
"HiG_3"	1114.80333736704	"PEG3"	400	"HiG"
"HiG_3"	1423483867766.16	"S100A10"	341	"HiG"
"HiG_3"	47324248330.0784	"TIMM8B"	371	"HiG"
"HiG_3"	84697882161618.9	"DUT"	232	"HiG"
"HiG_3"	5195242908501594	"SDF2L1"	19	"HiG"
"HiG_3"	648718251198378	"CRIP2"	108	"HiG"
"HiG_3"	95412523090331.2	"MDK"	225	"HiG"
"HiG_3"	1739338817798970	"MAGED2"	51	"HiG"
"HiG_3"	0	"DEGS1"	468	"HiG"
"HiG_3"	1051263078.68949	"DCTPP1"	384	"HiG"
"HiG_3"	4474502977087.4	"DLK1"	323	"HiG"
"HiG_3"	9230278463943.56	"EIF4A3"	307	"HiG"
"HiG_3"	43645596062903.4	"TMED9"	259	"HiG"
"HiG_3"	8390159545174.23	"SNRPN"	309	"HiG"
"HiG_3"	0	"DOK4"	468	"HiG"
"HiG_3"	734466187995772	"PRDX4"	95	"HiG"
"HiG_3"	903130451503259	"PAICS"	82	"HiG"
"HiG_3"	2989979458362915	"IDH2"	32	"HiG"
"HiG_3"	0	"RCN3"	468	"HiG"
"HiG_3"	0	"STEAP1"	468	"HiG"
"HiG_3"	455.845984603227	"GLIPR2"	416	"HiG"
"HiG_3"	82931045699.5688	"PCOLCE"	368	"HiG"
"HiG_3"	67550450634098.9	"RRBP1"	244	"HiG"
"HiG_3"	875596978144528	"TUBB2B"	85	"HiG"
"HiG_3"	2974338316893122	"TUBB4B"	33	"HiG"
"HiG_3"	1960928687683383	"SLC25A4"	46	"HiG"
"HiG_3"	224.602885349492	"HOXB2"	424	"HiG"
"HiG_3"	505322041745679	"FSCN1"	122	"HiG"
"HiG_3"	1722702583097142	"LDHB"	52	"HiG"
"HiG_3"	13831890753734.3	"MDH1"	299	"HiG"
"HiG_3"	907611838747795	"MYL6"	81	"HiG"
"HiG_3"	738439327181363	"PGK1"	93	"HiG"
"HiG_3"	155181209114193	"CFL2"	205	"HiG"
"HiG_3"	146945473823719	"TPM2"	210	"HiG"
"HiG_3"	132958200339414	"NEXN"	215	"HiG"
"HiG_3"	40949248369979.3	"RALA"	262	"HiG"
"HiG_3"	0	"PRDX6"	468	"HiG"
"HiG_3"	36962098924283576	"FN1"	2	"HiG"
"HiG_3"	12506421433788	"HMGB1"	302	"HiG"
"HiG_3"	1368625208712332	"MCM7"	63	"HiG"
"HiG_3"	246588375256.058	"PTMA"	362	"HiG"
"HiG_3"	0	"SLC2A3"	468	"HiG"
"HiG_3"	948802863753368	"NASP"	78	"HiG"
"HiG_3"	433437032617767	"NOP58"	131	"HiG"
"HiG_3"	246412041483703	"RSL1D1"	175	"HiG"
"HiG_3"	1968398797070599	"LRRC59"	45	"HiG"
"HiG_3"	132869564975596	"SFXN1"	216	"HiG"
"HiG_3"	0	"GPX3"	468	"HiG"
"HiG_3"	31987139676167	"HADH"	268	"HiG"
"HiG_3"	1030.19021952766	"MYL4"	403	"HiG"
"HiG_3"	876021617752730	"GMPS"	84	"HiG"
"HiG_3"	1604561357792340	"IMPDH2"	54	"HiG"
"HiG_3"	297.574356599358	"BCAM"	421	"HiG"
"HiG_3"	177757290737.546	"CARNMT1"	364	"HiG"
"HiG_3"	60402762473858.4	"CRELD2"	249	"HiG"
"HiG_3"	0	"DBI"	468	"HiG"
"HiG_3"	256933668531157	"EIF3M"	174	"HiG"
"HiG_3"	157335802708862	"HMGB3"	204	"HiG"
"HiG_3"	17343516632444.7	"COX17"	288	"HiG"
"HiG_3"	537047747101272	"LGALS1"	118	"HiG"
"HiG_3"	6191141043141.49	"FTH1"	313	"HiG"
"HiG_3"	863.73754820262	"PPP1R14A"	410	"HiG"
"HiG_3"	283489431067.856	"ADK"	359	"HiG"
"HiG_3"	426529337854761	"RANBP1"	132	"HiG"
"HiG_3"	202713920475135	"PGRMC1"	191	"HiG"
"HiG_3"	5647534476999160	"PDIA4"	17	"HiG"
"HiG_3"	621588230887309	"TBCB"	112	"HiG"
"HiG_3"	2199164467253.64	"MMP14"	335	"HiG"
"HiG_3"	0	"SDHD"	468	"HiG"
"HiG_3"	697710151198956	"TXNDC5"	102	"HiG"
"HiG_3"	675082306731358	"LRPAP1"	104	"HiG"
"HiG_3"	848661438448130	"SSB"	87	"HiG"
"HiG_3"	724028236383245	"BCCIP"	98	"HiG"
"HiG_3"	0	"CST3"	468	"HiG"
"HiG_3"	361872063088279	"DNAJC3"	145	"HiG"
"HiG_3"	61021316789040.8	"EEF1E1"	247	"HiG"
"HiG_3"	365328747893340	"MTAP"	143	"HiG"
"HiG_3"	655781436694936	"NSUN2"	106	"HiG"
"HiG_3"	239546803357693	"PPA1"	177	"HiG"
"HiG_3"	1811823895658156	"MARCKS"	49	"HiG"
"HiG_3"	0	"DDT"	468	"HiG"
"HiG_3"	37470124521286	"SNX6"	265	"HiG"
"HiG_3"	26945904010688.4	"SPARC"	272	"HiG"
"HiG_3"	938558111770255	"TPM4"	80	"HiG"
"HiG_3"	67724756734306.5	"TXNDC12"	243	"HiG"
"HiG_3"	0	"PPIC"	468	"HiG"
"HiG_3"	148768192786434	"OAT"	209	"HiG"
"HiG_3"	1520745336612356	"STMN1"	57	"HiG"
"HiG_3"	77495636356919.1	"UBE2E3"	237	"HiG"
"HiG_3"	1217441991208974	"TLN1"	67	"HiG"
"HiG_3"	693553424195.452	"PDLIM1"	350	"HiG"
"HiG_3"	5276412684969.12	"UBE2R2"	318	"HiG"
"HiG_3"	10769790230876186	"YWHAQ"	8	"HiG"
"HiG_3"	678998639538.93	"AJUBA"	352	"HiG"
"HiG_3"	1009.14986332975	"BAMBI"	404	"HiG"
"HiG_3"	3233674712744.27	"BNIP3L"	327	"HiG"
"HiG_3"	2510620759.22735	"CDCA7"	382	"HiG"
"HiG_3"	16233448890240.6	"ECE1"	292	"HiG"
"HiG_3"	8033123826.0439	"EFEMP2"	379	"HiG"
"HiG_3"	806877930066.316	"FSTL1"	349	"HiG"
"HiG_3"	1825794265772854	"GABARAP"	48	"HiG"
"HiG_3"	2266837025372792	"GPC3"	41	"HiG"
"HiG_3"	362.323052259528	"IGFBP2"	418	"HiG"
"HiG_3"	256095898045.238	"JAM3"	360	"HiG"
"HiG_3"	403912850198324	"KRT18"	135	"HiG"
"HiG_3"	264018003410557	"LMAN2"	167	"HiG"
"HiG_3"	259580105460416	"LUZP1"	172	"HiG"
"HiG_3"	32445806995783.6	"MRTO4"	267	"HiG"
"HiG_3"	5784599671627.14	"NEBL"	315	"HiG"
"HiG_3"	725012743044082	"PSIP1"	97	"HiG"
"HiG_3"	234759600210.644	"PCBP4"	363	"HiG"
"HiG_3"	243792547867808	"NOLC1"	176	"HiG"
"HiG_3"	295738025223074	"RND3"	158	"HiG"
"HiG_3"	949.49706666464	"SPEG"	407	"HiG"
"HiG_3"	0	"STK39"	468	"HiG"
"HiG_3"	2631592325883395	"TAGLN"	40	"HiG"
"HiG_3"	367973118001944	"UACA"	142	"HiG"
"HiG_3"	385361686687941	"TMSB4X"	137	"HiG"
"HiG_3"	1077765807501256	"LYAR"	71	"HiG"
"HiG_3"	15418111131126.9	"RBMS1"	295	"HiG"
"HiG_3"	126699582336171	"TUBB6"	217	"HiG"
"HiG_3"	0	"POLG"	468	"HiG"
"HiG_3"	381677183867.043	"PSPH"	357	"HiG"
"HiG_3"	29485354033514	"MTCH1"	270	"HiG"
"HiG_3"	4772236617962.57	"GPX4"	321	"HiG"
"HiG_3"	828.592666381108	"HAPLN1"	412	"HiG"
"HiG_3"	292622419495267	"MTX2"	159	"HiG"
"HiG_3"	0	"FKBP11"	468	"HiG"
"HiG_3"	0	"CMTM7"	468	"HiG"
"HiG_3"	0	"CCDC80"	468	"HiG"
"HiG_3"	11584774173118.3	"SMTNL2"	304	"HiG"
"HiG_3"	44688731401.0376	"PRR5"	373	"HiG"
"HiG_3"	0	"SMOC2"	468	"HiG"
"HiG_3"	11229242886055438	"SRSF9"	5	"HiG"
"HiG_3"	357010707516898	"ITM2C"	146	"HiG"
"HiG_3"	24414673398887	"CDV3"	278	"HiG"
"HiG_3"	4645871288752.12	"MPZL1"	322	"HiG"
"HiG_3"	365.881789033979	"PCLAF"	417	"HiG"
"HiG_3"	22276129250.1292	"SERP1"	376	"HiG"
"HiG_3"	39366838570446.6	"MARCKSL1"	263	"HiG"
"HiG_3"	0	"LIMD2"	468	"HiG"
"HiG_3"	9781777837.87138	"RRM2"	377	"HiG"
"HiG_3"	548988264948.481	"SLC16A3"	354	"HiG"
"HiG_3"	80519441520642.5	"RAB34"	234	"HiG"
"HiG_3"	1455815783009.71	"NRM"	340	"HiG"
"HiG_3"	0	"ST3GAL5"	468	"HiG"
"HiG_3"	1009024236073942	"SSR2"	74	"HiG"
"HiG_3"	6843382657452.83	"PLIN2"	312	"HiG"
"HiG_3"	296456473237293	"SSR3"	157	"HiG"
"HiG_3"	1698929817214.83	"KRTCAP2"	338	"HiG"
"HiG_3"	716284707332333	"REEP5"	99	"HiG"
"HiG_3"	0	"MALAT1"	468	"HiG"
"HiG_3"	13210837490164.9	"SRI"	301	"HiG"
"HiG_3"	274144943848479	"SLC2A1"	164	"HiG"
"HiG_3"	5359470507454566	"TKT"	18	"HiG"
"HiG_3"	44848617631.7613	"GALK1"	372	"HiG"
"HiG_3"	0	"MOGAT2"	468	"HiG"
"HiG_3"	234331892516127	"TWIST1"	180	"HiG"
"HiG_3"	2188614351257427	"RRS1"	42	"HiG"
"HiG_3"	151311535649525	"BBX"	206	"HiG"
"HiG_3"	1518.59108068139	"CRABP1"	394	"HiG"
"HiG_3"	54981763585655.9	"ARMCX2"	251	"HiG"
"HiG_3"	9532477172172.64	"PJA1"	305	"HiG"
"HiG_3"	0	"BEX2"	468	"HiG"
"HiG_3"	0	"SPIN2C"	468	"HiG"
"HiG_3"	0	"ARXES2"	468	"HiG"
"HiG_3"	0	"ARXES1"	468	"HiG"
"HiG_3"	1352722969824.17	"TCEAL8"	343	"HiG"
"HiG_3"	0	"TSPAN6"	468	"HiG"
"HiG_3"	0	"AARD"	468	"HiG"
"HiG_3"	1272.63802648175	"CPA2"	396	"HiG"
"HiG_3"	91226407738018.1	"TNNT2"	228	"HiG"
"HiG_3"	2276526675959.26	"TNNC1"	334	"HiG"
"HiG_3"	1947064149988202	"MAB21L2"	47	"HiG"
"HiG_3"	2082334281477080	"SERPINH1"	43	"HiG"
"HiG_3"	4495619275.50108	"WLS"	381	"HiG"
"HiG_3"	75934949504.2202	"MID1IP1"	369	"HiG"
"HiG_3"	526693945161109	"SMARCD3"	120	"HiG"
"HiG_3"	0	"PITX2"	468	"HiG"
"HiG_3"	0	"CFC1"	468	"HiG"
"HiG_3"	0	"IRAK1BP1"	468	"HiG"
"HiG_3"	18658012187529.7	"PARD6B"	286	"HiG"
"HiG_3"	0	"BEX1"	468	"HiG"
"HiG_3"	830.702708812963	"FTL1"	411	"HiG"
"HiG_3"	554.536816735179	"ODC1"	413	"HiG"
"HiG_3"	0	"PLP2"	468	"HiG"
"HiG_3"	3178147015816.15	"GADD45G"	328	"HiG"
"HiG_3"	15148103738431.9	"TLN2"	297	"HiG"
"HiG_3"	22284372259724.3	"AKR1A1"	280	"HiG"
"HiG_3"	0	"NRADD"	468	"HiG"
"HiG_3"	0	"ABRACL"	468	"HiG"
"HiG_3"	68085979846751	"NOP10"	242	"HiG"
"HiG_3"	3009544800538532	"RHOC"	31	"HiG"
"HiG_3"	3041002887947302	"TAGLN2"	30	"HiG"
"HiG_3"	3315537741409710	"VIM"	29	"HiG"
"HiG_3"	160731130439368	"HNRNPH3"	201	"HiG"
"HiG_3"	3782973345836734	"SRSF6"	25	"HiG"
"HiG_3"	0	"LRRC42"	468	"HiG"
"HiG_3"	0	"MYL7"	468	"HiG"
"HiG_3"	0	"TDO2"	468	"HiG"
"HiG_3"	1071848257801796	"PPAN"	73	"HiG"
"HiG_3"	598282972654867	"NHP2"	115	"HiG"
"HiG_3"	7256868926379888	"WDR1"	11	"HiG"
"HiG_3"	24830413252143.6	"GCSH"	275	"HiG"
"HiG_3"	3339785034605.34	"ORC6"	326	"HiG"
"HiG_3"	99555380466431.8	"SURF4"	224	"HiG"
"HiG_3"	280.491606443367	"BRI3"	422	"HiG"
"HiG_3"	2376822659702.3	"SLBP"	331	"HiG"
"HiG_3"	0	"TBRG1"	468	"HiG"
"HiG_3"	7155909279206842	"RBPMS"	12	"HiG"
"HiG_3"	0	"LRRN4"	468	"HiG"
"HiG_3"	0	"PLAC8"	468	"HiG"
"HiG_3"	972.89007544504	"CTNNBIP1"	406	"HiG"
"HiG_3"	287031297728118	"MORF4L2"	161	"HiG"
"HiG_3"	0	"TCEAL9"	468	"HiG"
"HiG_3"	5838384558429.47	"MEST"	314	"HiG"
"HiG_3"	151299474958760	"LSR"	207	"HiG"
"HiG_3"	460842460189590	"PKP2"	125	"HiG"
"HiG_3"	1585.47267836263	"TGFB2"	392	"HiG"
"HiG_3"	340229199514302	"SELENOS"	149	"HiG"
"HiG_3"	137241095185.594	"TSEN34"	365	"HiG"
"HiG_3"	1038.19854988669	"FXYD6"	402	"HiG"
"HiG_3"	1230.25948327584	"TAX1BP3"	397	"HiG"
"HiG_3"	0	"SPTSSA"	468	"HiG"
"HiG_3"	960093564546666	"KLF6"	77	"HiG"
"HiG_3"	301599775897098	"RRAS2"	156	"HiG"
"HiG_3"	7898606506732.74	"TPD52L1"	310	"HiG"
"HiG_3"	1075101450474794	"PTCH1"	72	"HiG"
"HiG_3"	3653674388931191	"HMGN1"	26	"HiG"
"HiG_3"	145715137675218	"PODXL"	212	"HiG"
"HiG_3"	1200.14517362983	"TIMM17A"	398	"HiG"
"HiG_3"	0	"ATXN7L3B"	468	"HiG"
"HiG_3"	8159924036906452	"PAIP2"	9	"HiG"
"HiG_3"	9343024182563.87	"XBP1"	306	"HiG"
"HiG_3"	0	"HSD11B2"	468	"HiG"
"HiG_3"	35486083655309.2	"SOX4"	266	"HiG"
"HiG_3"	187329097855459	"TNNI1"	193	"HiG"
"HiG_3"	117999053384157	"RPS6KA6"	220	"HiG"
"HiG_3"	372881360709.802	"LAPTM4B"	358	"HiG"
"HiG_3"	9736019947.52511	"SRM"	378	"HiG"
"HiG_3"	1388792775887.74	"PGM2"	342	"HiG"
"HiG_3"	0	"FZD2"	468	"HiG"
"HiG_3"	0	"ECSCR"	468	"HiG"
"HiG_3"	1671304370628454	"ARL4C"	53	"HiG"
"HiG_3"	19274456730346.8	"NPC2"	284	"HiG"
"HiG_3"	511547256405160	"NENF"	121	"HiG"
"HiG_3"	734865317649267	"TMEM9"	94	"HiG"
"HiG_3"	436383502969760	"TMSB10"	129	"HiG"
"HiG_3"	1559.0060149825	"SH3BGRL3"	393	"HiG"
"HiG_3"	184849141086640	"DUSP9"	195	"HiG"
"HiG_3"	0	"KRCC1"	468	"HiG"
"HiG_3"	419479318464886	"TECR"	133	"HiG"
"HiG_3"	0	"MPPED2"	468	"HiG"
"HiG_3"	2839762490537433	"NECTIN2"	37	"HiG"
"HiG_3"	2616416797853.48	"TMBIM6"	330	"HiG"
"HiG_3"	0	"MT-CO3"	468	"HiG"
"HiG_3"	126267276994540	"UGDH"	218	"HiG"
"HiG_3"	112117928054301504	"TIPARP"	1	"HiG"
"HiG_3"	1144.99187804184	"RSRP1"	399	"HiG"
"HiG_3"	41987614343087.5	"IGFBP4"	261	"HiG"
"HiG_3"	623184587842403	"SMS"	111	"HiG"
"HiG_3"	1688945008493.14	"ITM2A"	339	"HiG"
"HiG_3"	937588854986.342	"PMP22"	346	"HiG"
"HiG_3"	283994083763571	"EVA1B"	162	"HiG"
"HiG_3"	4351161051854.19	"METTL9"	324	"HiG"
"HiG_3"	50084575889158.3	"TNFAIP1"	255	"HiG"
"HiG_3"	257388076510620	"MANF"	173	"HiG"
"HiG_3"	1977.41500673506	"SELENOK"	389	"HiG"
"HiG_3"	0	"POPDC2"	468	"HiG"
"HiG_3"	0	"PLAC1"	468	"HiG"
"HiG_3"	0	"PRELID1"	468	"HiG"
"HiG_3"	1005.82174984971	"OAF"	405	"HiG"
"HiG_3"	864.678436031384	"SLC27A3"	409	"HiG"
"HiG_3"	1051.61247793381	"TSPAN3"	401	"HiG"
"HiG_3"	7119757231859737	"TIMP2"	13	"HiG"
"HiG_3"	15748799857768.2	"FOXF1"	293	"HiG"
"HiG_3"	252939725950.78	"HS6ST2"	361	"HiG"
"HiG_3"	0	"OAZ2"	468	"HiG"
"HiG_3"	0	"PHLDA2"	468	"HiG"
"HiG_3"	113627889409004	"YIF1B"	222	"HiG"
"HiG_3"	1035548222454.86	"PRDM6"	345	"HiG"
"HiG_3"	0	"PRTG"	468	"HiG"
"HiG_3"	0	"SGCE"	468	"HiG"
"HiG_3"	14951052617205.9	"APLNR"	298	"HiG"
"HiG_3"	7443600163151.51	"RBPMS2"	311	"HiG"
"HiG_3"	0	"TMEM108"	468	"HiG"
"HiG_3"	0	"SOX11"	468	"HiG"
"HiG_3"	1971810892081583	"GPX8"	44	"HiG"
"HiG_3"	0	"STARD3NL"	468	"HiG"
"HiG_3"	2343109311642.51	"MNS1"	332	"HiG"
"HiG_3"	1335.80212726054	"LY6E"	395	"HiG"
"HiG_3"	0	"CCDC34"	468	"HiG"
"HiG_3"	0	"NKD1"	468	"HiG"
"HiG_3"	0	"STARD8"	468	"HiG"
"HiG_3"	481.557755114156	"TMEM88"	415	"HiG"
"HiG_3"	0	"SMIM1"	468	"HiG"
"HiG_3"	0	"SMIM14"	468	"HiG"
"HiG_3"	892010206019.538	"TSPAN4"	348	"HiG"
"HiG_3"	2254.27505545608	"MFAP2"	388	"HiG"
"HiG_3"	0	"SELENOW"	468	"HiG"
"HiG_3"	3141.25426081186	"SELENOH"	386	"HiG"
"HiG_3"	16508261809393192	"ZCCHC3"	4	"HiG"
"HiG_3"	1664.08994005157	"RGS5"	391	"HiG"
"HiG_3"	1830.18776067947	"WNT2"	390	"HiG"
"HiG_3"	23711766974374.9	"VGLL4"	279	"HiG"
"HiG_3"	0	"PPDPF"	468	"HiG"
"HiG_3"	0	"TMEM158"	468	"HiG"
"HiG_3"	0	"PIGX"	468	"HiG"
"HiG_3"	0	"SFRP5"	468	"HiG"
"HiG_3"	81465531330312.8	"TGIF1"	233	"HiG"
"HiG_3"	0	"SLC38A4"	468	"HiG"
"HiG_3"	2302.64161878739	"TSPAN9"	387	"HiG"
"HiG_3"	1146669249466875	"ZFP36L1"	70	"HiG"
"HiG_3"	0	"WSB1"	468	"HiG"
"HiG_3"	0	"IFITM2"	468	"HiG"
"HiG_3"	0	"NUDT4"	468	"HiG"
"HiG_3"	0	"IFITM1"	468	"HiG"
"HiG_3"	4319195297038.82	"WFDC2"	325	"HiG"
"HiG_4"	2943822421512248	"PCNA"	49	"HiG"
"HiG_4"	111386531216890	"MAGED1"	174	"HiG"
"HiG_4"	2163768737489520	"HDAC1"	63	"HiG"
"HiG_4"	56831262687273.6	"HES1"	188	"HiG"
"HiG_4"	927988081223.975	"TEAD2"	250	"HiG"
"HiG_4"	1698792279950632	"HSP90AB1"	73	"HiG"
"HiG_4"	3230054184182.72	"ID3"	237	"HiG"
"HiG_4"	773.649213274807	"HOXC8"	290	"HiG"
"HiG_4"	571583398799927	"CCND1"	119	"HiG"
"HiG_4"	874373307405970	"CD81"	101	"HiG"
"HiG_4"	15845553628.471	"ARL3"	273	"HiG"
"HiG_4"	70477773920762.8	"HSPA8"	182	"HiG"
"HiG_4"	2488722603383.89	"CCNB1"	241	"HiG"
"HiG_4"	4744498498491376	"EZH2"	33	"HiG"
"HiG_4"	105620621236139	"PABPC1"	176	"HiG"
"HiG_4"	3772747629575564	"PRMT1"	38	"HiG"
"HiG_4"	1846524484518022	"NOP56"	70	"HiG"
"HiG_4"	240670524487839	"TCF3"	157	"HiG"
"HiG_4"	3463433380368753	"DDX5"	43	"HiG"
"HiG_4"	227167289715128	"RBBP7"	161	"HiG"
"HiG_4"	211.623341410195	"CDX1"	306	"HiG"
"HiG_4"	113706521225.374	"CDX2"	267	"HiG"
"HiG_4"	0	"CDX4"	349	"HiG"
"HiG_4"	0	"HOXB8"	349	"HiG"
"HiG_4"	302.784872966834	"HAND1"	304	"HiG"
"HiG_4"	18341853612953.4	"HOXA1"	215	"HiG"
"HiG_4"	349713314560.843	"HOXB1"	256	"HiG"
"HiG_4"	0	"HOXB4"	349	"HiG"
"HiG_4"	0	"HOXB6"	349	"HiG"
"HiG_4"	744.006469314609	"HOXD1"	291	"HiG"
"HiG_4"	0	"HOXD9"	349	"HiG"
"HiG_4"	39868377178012.1	"ID1"	199	"HiG"
"HiG_4"	18859735427091.5	"ID2"	214	"HiG"
"HiG_4"	19911155819.6006	"LEF1"	272	"HiG"
"HiG_4"	1760435399206.49	"MEIS2"	247	"HiG"
"HiG_4"	320.340127389827	"MEIS3"	303	"HiG"
"HiG_4"	1891204134910.27	"MSX1"	246	"HiG"
"HiG_4"	139617165740462	"MSX2"	168	"HiG"
"HiG_4"	3692424161050720	"MYCN"	39	"HiG"
"HiG_4"	1760694591429489	"TRIM28"	72	"HiG"
"HiG_4"	214.001820966323	"PDLIM4"	305	"HiG"
"HiG_4"	6531367909418.61	"IVNS1ABP"	231	"HiG"
"HiG_4"	16492766024897.8	"DEK"	219	"HiG"
"HiG_4"	266032155051735	"POU5F1"	154	"HiG"
"HiG_4"	36235546489349.1	"ARID3B"	201	"HiG"
"HiG_4"	163110338819410	"HELLS"	166	"HiG"
"HiG_4"	24647819009277.7	"SALL4"	208	"HiG"
"HiG_4"	188264189248239	"RUVBL2"	164	"HiG"
"HiG_4"	486775528737465	"ASF1A"	128	"HiG"
"HiG_4"	754216129370471	"ILF2"	107	"HiG"
"HiG_4"	345693539689505	"ACIN1"	140	"HiG"
"HiG_4"	910076591057868	"DNAJA1"	98	"HiG"
"HiG_4"	2096104926196114	"SFPQ"	64	"HiG"
"HiG_4"	2870022462866334	"HMGA2"	52	"HiG"
"HiG_4"	107935812386600	"CDH2"	175	"HiG"
"HiG_4"	0	"FRZB"	349	"HiG"
"HiG_4"	0	"CITED2"	349	"HiG"
"HiG_4"	4491419987621.07	"CCNE1"	235	"HiG"
"HiG_4"	602515927957921	"HSPA5"	117	"HiG"
"HiG_4"	5422327609036236	"CBX1"	25	"HiG"
"HiG_4"	11763591923056002	"HSP90AA1"	6	"HiG"
"HiG_4"	628.17284119718	"ENO1"	294	"HiG"
"HiG_4"	19160475815607.6	"SET"	213	"HiG"
"HiG_4"	1147105692434327	"CCT8"	89	"HiG"
"HiG_4"	19465519393125	"ANP32A"	212	"HiG"
"HiG_4"	17558018575580.2	"CCND2"	216	"HiG"
"HiG_4"	10582428761400.5	"GRB10"	227	"HiG"
"HiG_4"	419179120776863	"DDX39B"	133	"HiG"
"HiG_4"	438755045244634	"HSP90B1"	131	"HiG"
"HiG_4"	3100016870.68008	"CNN3"	278	"HiG"
"HiG_4"	51136135249283.9	"NPM1"	192	"HiG"
"HiG_4"	2232989025074.31	"PFN2"	245	"HiG"
"HiG_4"	3619667983507521	"NCL"	40	"HiG"
"HiG_4"	2897029708164846	"SLC25A5"	51	"HiG"
"HiG_4"	9298181242.019	"RCOR2"	276	"HiG"
"HiG_4"	262969214767874	"IGF2BP1"	155	"HiG"
"HiG_4"	1439137829621008	"YWHAE"	83	"HiG"
"HiG_4"	1820694449075210	"DBN1"	71	"HiG"
"HiG_4"	571476466441117	"MAPK3"	120	"HiG"
"HiG_4"	15555858973075442	"UBC"	5	"HiG"
"HiG_4"	3561491384475234	"APEX1"	41	"HiG"
"HiG_4"	94952790820391.6	"EPOP"	178	"HiG"
"HiG_4"	95099003979044.5	"RFC3"	177	"HiG"
"HiG_4"	2930823751121645	"EIF4A1"	50	"HiG"
"HiG_4"	839856325707382	"RPL7A"	103	"HiG"
"HiG_4"	413683577050186	"TOP1"	135	"HiG"
"HiG_4"	2304636160488.52	"GJC1"	243	"HiG"
"HiG_4"	729377509551690	"GJA1"	109	"HiG"
"HiG_4"	87021793427951.6	"ATXN10"	179	"HiG"
"HiG_4"	23275417678168.8	"BZW2"	209	"HiG"
"HiG_4"	1621023180039910	"HSPD1"	76	"HiG"
"HiG_4"	1459049480937840	"MCM5"	82	"HiG"
"HiG_4"	301618068355710	"G3BP2"	149	"HiG"
"HiG_4"	3458396352484478	"GNL3"	44	"HiG"
"HiG_4"	348531673985740	"MCM3"	138	"HiG"
"HiG_4"	11160761589285846	"GTPBP4"	8	"HiG"
"HiG_4"	316277137879.512	"PTOV1"	259	"HiG"
"HiG_4"	1669511240158131	"TUBA1A"	75	"HiG"
"HiG_4"	423508022498143	"CACYBP"	132	"HiG"
"HiG_4"	382074822817141	"KRT8"	136	"HiG"
"HiG_4"	323.206708941679	"LITAF"	302	"HiG"
"HiG_4"	7499230889701.89	"FERMT2"	230	"HiG"
"HiG_4"	535419737168871	"NDN"	123	"HiG"
"HiG_4"	11328216668384.1	"ITGB5"	226	"HiG"
"HiG_4"	1039480467254070	"HNRNPK"	93	"HiG"
"HiG_4"	0	"PRRX2"	349	"HiG"
"HiG_4"	968.12732374262	"ALPL"	285	"HiG"
"HiG_4"	2442449770568836	"HNRNPA1"	57	"HiG"
"HiG_4"	122870351344556	"ACVR2B"	170	"HiG"
"HiG_4"	6319947569636.23	"GNAS"	233	"HiG"
"HiG_4"	1467563955805.87	"IFT74"	249	"HiG"
"HiG_4"	45775768395446.4	"BMP4"	196	"HiG"
"HiG_4"	159911458835738	"CDC20"	167	"HiG"
"HiG_4"	12326330172863.8	"RARG"	224	"HiG"
"HiG_4"	64235738927039.9	"RAN"	184	"HiG"
"HiG_4"	52303511766.2202	"PAFAH1B3"	270	"HiG"
"HiG_4"	533317787277983	"RTN4"	124	"HiG"
"HiG_4"	806168578729694	"SAP30"	104	"HiG"
"HiG_4"	685.316834831862	"BEX3"	292	"HiG"
"HiG_4"	0	"LDHA"	349	"HiG"
"HiG_4"	1388106794173747	"CALM2"	84	"HiG"
"HiG_4"	14645551303824.6	"MYL12B"	222	"HiG"
"HiG_4"	344081199666968	"FABP5"	141	"HiG"
"HiG_4"	31906088111505.5	"CALD1"	203	"HiG"
"HiG_4"	83730165210079.1	"ARG1"	180	"HiG"
"HiG_4"	341014167206.148	"HOXB9"	257	"HiG"
"HiG_4"	7671265974312.76	"FBLN1"	229	"HiG"
"HiG_4"	25018710087594	"SDC1"	205	"HiG"
"HiG_4"	5092411507224697	"C1QBP"	29	"HiG"
"HiG_4"	0	"FBXO5"	349	"HiG"
"HiG_4"	24702242464399	"MLLT3"	207	"HiG"
"HiG_4"	232296516358447	"PRDX1"	159	"HiG"
"HiG_4"	719238432996148	"PA2G4"	111	"HiG"
"HiG_4"	5598183873.97019	"FHL1"	277	"HiG"
"HiG_4"	323775308148607	"ANP32B"	145	"HiG"
"HiG_4"	891638703.889423	"CSRP2"	279	"HiG"
"HiG_4"	882018960383869	"DKC1"	99	"HiG"
"HiG_4"	54659777017471.5	"ARF4"	189	"HiG"
"HiG_4"	461351931063977	"EBNA1BP2"	129	"HiG"
"HiG_4"	12754216908643.7	"DCAKD"	223	"HiG"
"HiG_4"	207507239495091	"CKAP4"	162	"HiG"
"HiG_4"	174315634720.18	"RBP1"	263	"HiG"
"HiG_4"	0	"CTSL"	349	"HiG"
"HiG_4"	10773921782935346	"GRSF1"	10	"HiG"
"HiG_4"	61238142883195.7	"GDI2"	186	"HiG"
"HiG_4"	4054448342640778	"TRA2B"	36	"HiG"
"HiG_4"	2836143013894.78	"HSPE1"	239	"HiG"
"HiG_4"	1153615797078960	"PDIA6"	88	"HiG"
"HiG_4"	166446417001.926	"LAPTM4A"	264	"HiG"
"HiG_4"	20442937584183.6	"ANP32E"	210	"HiG"
"HiG_4"	986044440811677	"HAT1"	96	"HiG"
"HiG_4"	1954064453174937	"PPP1CB"	67	"HiG"
"HiG_4"	172816457502581	"TXNL1"	165	"HiG"
"HiG_4"	927564153135383	"PPID"	97	"HiG"
"HiG_4"	311433141689.201	"RAP1A"	260	"HiG"
"HiG_4"	1010787383494509	"HNRNPDL"	95	"HiG"
"HiG_4"	0	"ARL6IP1"	349	"HiG"
"HiG_4"	14871918204899.8	"LUC7L3"	221	"HiG"
"HiG_4"	3532772380867.19	"TSC22D1"	236	"HiG"
"HiG_4"	2263470622758012	"RCN2"	62	"HiG"
"HiG_4"	334945152066857	"BASP1"	143	"HiG"
"HiG_4"	43834603050462.8	"LMO2"	197	"HiG"
"HiG_4"	0	"IFITM3"	349	"HiG"
"HiG_4"	329846791817730	"FKBP4"	144	"HiG"
"HiG_4"	804107736389008	"MAT2A"	105	"HiG"
"HiG_4"	4070871111724894	"TPM1"	35	"HiG"
"HiG_4"	0	"PEG3"	349	"HiG"
"HiG_4"	0	"TIMM8A1"	349	"HiG"
"HiG_4"	581.706480212531	"TIMM8B"	296	"HiG"
"HiG_4"	2469304608267752	"DUT"	56	"HiG"
"HiG_4"	81283025893673.9	"MDK"	181	"HiG"
"HiG_4"	1579151773148246	"MAGED2"	79	"HiG"
"HiG_4"	613553121911301	"CLNS1A"	114	"HiG"
"HiG_4"	397182466.069323	"DCTPP1"	280	"HiG"
"HiG_4"	292721368433461	"ALDH2"	151	"HiG"
"HiG_4"	39063720572246.1	"DLK1"	200	"HiG"
"HiG_4"	41766820124511.6	"EIF4A3"	198	"HiG"
"HiG_4"	0	"BIRC5"	349	"HiG"
"HiG_4"	230035184930556	"BCAT1"	160	"HiG"
"HiG_4"	50849711464743.1	"SNRPN"	193	"HiG"
"HiG_4"	6187359004646509	"HNRNPA3"	22	"HiG"
"HiG_4"	876329843426389	"PRDX4"	100	"HiG"
"HiG_4"	1483345724076123	"HSD17B10"	80	"HiG"
"HiG_4"	2770884476109350	"FBL"	54	"HiG"
"HiG_4"	852355621114726	"PAICS"	102	"HiG"
"HiG_4"	606129179624880	"TUBA1B"	115	"HiG"
"HiG_4"	0	"PLSCR1"	349	"HiG"
"HiG_4"	2399492553323670	"TUBB4B"	58	"HiG"
"HiG_4"	4758472730250265	"TUBB5"	32	"HiG"
"HiG_4"	559782772400767	"SLC25A4"	121	"HiG"
"HiG_4"	0	"HOXB2"	349	"HiG"
"HiG_4"	297813136260815	"FSCN1"	150	"HiG"
"HiG_4"	2861904492422612	"LDHB"	53	"HiG"
"HiG_4"	2627050442427626	"MDH1"	55	"HiG"
"HiG_4"	0	"ATP6V1F"	349	"HiG"
"HiG_4"	50265362277928.9	"CFL2"	194	"HiG"
"HiG_4"	115205254133483	"RALA"	172	"HiG"
"HiG_4"	0	"PRDX6"	349	"HiG"
"HiG_4"	3012558441156878	"FN1"	47	"HiG"
"HiG_4"	368477560414.75	"HMGB1"	254	"HiG"
"HiG_4"	3957309520583082	"MCM7"	37	"HiG"
"HiG_4"	34985978809.7439	"PTMA"	271	"HiG"
"HiG_4"	0	"RBMXL1"	349	"HiG"
"HiG_4"	10849976692515462	"RPS4X"	9	"HiG"
"HiG_4"	316623621538065	"NASP"	147	"HiG"
"HiG_4"	1944910504549902	"NOP58"	68	"HiG"
"HiG_4"	16631183141057.7	"RSL1D1"	217	"HiG"
"HiG_4"	1471386034447519	"SERBP1"	81	"HiG"
"HiG_4"	1038844338979120	"SFXN1"	94	"HiG"
"HiG_4"	3206356275975592	"PPM1G"	45	"HiG"
"HiG_4"	0	"GPX3"	349	"HiG"
"HiG_4"	247127062773703	"HADH"	156	"HiG"
"HiG_4"	743605170671170	"GMPS"	108	"HiG"
"HiG_4"	5456002068124045	"IMPDH2"	24	"HiG"
"HiG_4"	0	"CADM1"	349	"HiG"
"HiG_4"	0	"CARNMT1"	349	"HiG"
"HiG_4"	113685519007659	"FAM162A"	173	"HiG"
"HiG_4"	555786707998185	"HMGB3"	122	"HiG"
"HiG_4"	351410412375632	"MAGOH"	137	"HiG"
"HiG_4"	1103486976781766	"MRPL12"	90	"HiG"
"HiG_4"	4834667345208179	"MIF"	31	"HiG"
"HiG_4"	0	"PPP1R14A"	349	"HiG"
"HiG_4"	0	"ADK"	349	"HiG"
"HiG_4"	646555929910269	"RPS12"	113	"HiG"
"HiG_4"	2034011486286966	"PDIA4"	66	"HiG"
"HiG_4"	346568881199663	"TBCB"	139	"HiG"
"HiG_4"	109041241423.638	"ADH5"	268	"HiG"
"HiG_4"	7042028288934866	"NMRAL1"	19	"HiG"
"HiG_4"	64990082943799	"GSTM5"	183	"HiG"
"HiG_4"	417535963081623	"GSTO1"	134	"HiG"
"HiG_4"	5333586064864369	"SSB"	26	"HiG"
"HiG_4"	11502190567747810	"BCCIP"	7	"HiG"
"HiG_4"	63441731768778.2	"EEF1E1"	185	"HiG"
"HiG_4"	4552117020756.81	"ALDH1A2"	234	"HiG"
"HiG_4"	11885594259964.6	"MTAP"	225	"HiG"
"HiG_4"	723313720678041	"NSUN2"	110	"HiG"
"HiG_4"	795853992377335	"PPA1"	106	"HiG"
"HiG_4"	1598563919537369	"MARCKS"	78	"HiG"
"HiG_4"	72899324587.258	"PRPS1"	269	"HiG"
"HiG_4"	60259370674488	"PSAT1"	187	"HiG"
"HiG_4"	524514513222272	"PTBP2"	125	"HiG"
"HiG_4"	0	"DDT"	349	"HiG"
"HiG_4"	9624101899570.14	"SNX6"	228	"HiG"
"HiG_4"	4238709700365520	"TPM4"	34	"HiG"
"HiG_4"	36106881129099.5	"TXNDC12"	202	"HiG"
"HiG_4"	577504689122337	"OAT"	118	"HiG"
"HiG_4"	604093877902216	"STMN1"	116	"HiG"
"HiG_4"	10159183939.7476	"UBE2R2"	275	"HiG"
"HiG_4"	44374878793386032	"YWHAQ"	1	"HiG"
"HiG_4"	0	"BAMBI"	349	"HiG"
"HiG_4"	10988525858.8386	"BNIP3L"	274	"HiG"
"HiG_4"	325.436028572155	"CDCA7"	301	"HiG"
"HiG_4"	0	"EMB"	349	"HiG"
"HiG_4"	765387361802.203	"FSTL1"	252	"HiG"
"HiG_4"	2693978115060.51	"GINS2"	240	"HiG"
"HiG_4"	234642214086240	"GPC3"	158	"HiG"
"HiG_4"	143267665957.251	"HMGN3"	265	"HiG"
"HiG_4"	130507114550555	"HMGN5"	169	"HiG"
"HiG_4"	118524120473156	"IMP3"	171	"HiG"
"HiG_4"	137007280588.098	"JAM3"	266	"HiG"
"HiG_4"	304288186719507	"KRT18"	148	"HiG"
"HiG_4"	1850704702959057	"MRTO4"	69	"HiG"
"HiG_4"	6461549422196221	"PSIP1"	20	"HiG"
"HiG_4"	1102.89656491742	"PCBP4"	283	"HiG"
"HiG_4"	2276308590279598	"NOLC1"	61	"HiG"
"HiG_4"	0	"NR6A1"	349	"HiG"
"HiG_4"	8303358162670135	"SRSF7"	18	"HiG"
"HiG_4"	24747134095842	"MPHOSPH8"	206	"HiG"
"HiG_4"	5120618411885059	"MCM6"	28	"HiG"
"HiG_4"	5004732414508512	"LYAR"	30	"HiG"
"HiG_4"	1698399501331386	"UHRF1"	74	"HiG"
"HiG_4"	341447088641873	"RBMS1"	142	"HiG"
"HiG_4"	516307528239783	"MTCH1"	126	"HiG"
"HiG_4"	676520168266074	"MTX2"	112	"HiG"
"HiG_4"	0	"CMTM7"	349	"HiG"
"HiG_4"	51193273050104.8	"SRSF11"	191	"HiG"
"HiG_4"	793492404496.801	"SMTNL2"	251	"HiG"
"HiG_4"	497609372013440	"EIF1B"	127	"HiG"
"HiG_4"	1063110650095286	"SRSF9"	91	"HiG"
"HiG_4"	3472660285258392	"ITM2C"	42	"HiG"
"HiG_4"	1498239605115.79	"MPZL1"	248	"HiG"
"HiG_4"	270564554380.367	"PCLAF"	261	"HiG"
"HiG_4"	6389031722442.48	"MARCKSL1"	232	"HiG"
"HiG_4"	0	"LIMD2"	349	"HiG"
"HiG_4"	626.539663005915	"RRM2"	295	"HiG"
"HiG_4"	0	"SLC16A3"	349	"HiG"
"HiG_4"	201148123613386	"RAB34"	163	"HiG"
"HiG_4"	0	"SKAP2"	349	"HiG"
"HiG_4"	327556660344.87	"PTK7"	258	"HiG"
"HiG_4"	0	"GSTA4"	349	"HiG"
"HiG_4"	36984505026833816	"TKT"	2	"HiG"
"HiG_4"	0	"GREB1L"	349	"HiG"
"HiG_4"	0	"MOGAT2"	349	"HiG"
"HiG_4"	6146299509603351	"RRS1"	23	"HiG"
"HiG_4"	274535466007305	"BBX"	152	"HiG"
"HiG_4"	0	"CRABP1"	349	"HiG"
"HiG_4"	9794999160157140	"SUMO2"	14	"HiG"
"HiG_4"	271486579485709	"PJA1"	153	"HiG"
"HiG_4"	0	"BEX2"	349	"HiG"
"HiG_4"	0	"SPIN2C"	349	"HiG"
"HiG_4"	0	"ARXES1"	349	"HiG"
"HiG_4"	0	"TCEAL8"	349	"HiG"
"HiG_4"	199.37774800673	"TSPAN6"	307	"HiG"
"HiG_4"	3138287616117305	"SERPINH1"	46	"HiG"
"HiG_4"	943.187416628844	"WLS"	286	"HiG"
"HiG_4"	0	"CFC1"	349	"HiG"
"HiG_4"	0	"BEX1"	349	"HiG"
"HiG_4"	1362273281829158	"RANGRF"	85	"HiG"
"HiG_4"	409.945764099479	"ODC1"	300	"HiG"
"HiG_4"	0	"PLP2"	349	"HiG"
"HiG_4"	5174956567451085	"NOP10"	27	"HiG"
"HiG_4"	0	"LEFTY2"	349	"HiG"
"HiG_4"	1022.76626162522	"HOXA7"	284	"HiG"
"HiG_4"	20805715544732476	"VIM"	4	"HiG"
"HiG_4"	2297576428537474	"NAAA"	60	"HiG"
"HiG_4"	10700300173069512	"TRA2A"	11	"HiG"
"HiG_4"	0	"LRRC42"	349	"HiG"
"HiG_4"	8850609216324734	"PPAN"	16	"HiG"
"HiG_4"	0	"SP5"	349	"HiG"
"HiG_4"	2976630611541774	"NDUFAF4"	48	"HiG"
"HiG_4"	181.118384766655	"GCSH"	309	"HiG"
"HiG_4"	20099765093630.4	"ORC6"	211	"HiG"
"HiG_4"	22917840545660664	"WDR12"	3	"HiG"
"HiG_4"	2292195397818.2	"SLBP"	244	"HiG"
"HiG_4"	3064132122258.67	"P4HA2"	238	"HiG"
"HiG_4"	0	"CITED1"	349	"HiG"
"HiG_4"	634.451459352369	"CTNNBIP1"	293	"HiG"
"HiG_4"	0	"TCEAL9"	349	"HiG"
"HiG_4"	187.994095376723	"MEST"	308	"HiG"
"HiG_4"	6234915354458487	"LSR"	21	"HiG"
"HiG_4"	51309910111867.4	"TSEN34"	190	"HiG"
"HiG_4"	0	"FXYD6"	349	"HiG"
"HiG_4"	0	"SPTSSA"	349	"HiG"
"HiG_4"	16510739489198.8	"RRAS2"	218	"HiG"
"HiG_4"	89.1736326953342	"SCT"	311	"HiG"
"HiG_4"	8342071745112481	"HMGN1"	17	"HiG"
"HiG_4"	0	"COL9A1"	349	"HiG"
"HiG_4"	1331539416106782	"PAIP2"	86	"HiG"
"HiG_4"	2072566610957384	"MKRN1"	65	"HiG"
"HiG_4"	0	"IER2"	349	"HiG"
"HiG_4"	1046199999573700	"SOX4"	92	"HiG"
"HiG_4"	1188755582556185	"TTC3"	87	"HiG"
"HiG_4"	10696349640183454	"NPM3"	12	"HiG"
"HiG_4"	0	"EVX1"	349	"HiG"
"HiG_4"	2473666398571.46	"LAPTM4B"	242	"HiG"
"HiG_4"	0	"SRM"	349	"HiG"
"HiG_4"	2379169677659174	"ARL4C"	59	"HiG"
"HiG_4"	824.183650015987	"TMSB10"	289	"HiG"
"HiG_4"	0	"SNRNP25"	349	"HiG"
"HiG_4"	83.0352220009392	"TMBIM6"	312	"HiG"
"HiG_4"	0	"MT-CO3"	349	"HiG"
"HiG_4"	10083921266604592	"UGDH"	13	"HiG"
"HiG_4"	537.490730700787	"RSRP1"	298	"HiG"
"HiG_4"	541.533900247469	"IGFBP4"	297	"HiG"
"HiG_4"	9233637197340388	"SMS"	15	"HiG"
"HiG_4"	31148519577791.2	"CCNJL"	204	"HiG"
"HiG_4"	136.604364184054	"YPEL3"	310	"HiG"
"HiG_4"	354884883046.321	"METTL9"	255	"HiG"
"HiG_4"	426456566554.72	"TNFAIP1"	253	"HiG"
"HiG_4"	2064.24382574208	"OAF"	281	"HiG"
"HiG_4"	0	"TSPAN3"	349	"HiG"
"HiG_4"	1602540466431624	"SMC6"	77	"HiG"
"HiG_4"	1206.44189069009	"FOXF1"	282	"HiG"
"HiG_4"	0	"RSPO3"	349	"HiG"
"HiG_4"	0	"OAZ2"	349	"HiG"
"HiG_4"	826.601284075866	"GREB1"	288	"HiG"
"HiG_4"	0	"PHLDA2"	349	"HiG"
"HiG_4"	15848874573840.8	"WNT5A"	220	"HiG"
"HiG_4"	0	"PRTG"	349	"HiG"
"HiG_4"	0	"SOX11"	349	"HiG"
"HiG_4"	0	"STARD3NL"	349	"HiG"
"HiG_4"	0	"MNS1"	349	"HiG"
"HiG_4"	0	"NKD1"	349	"HiG"
"HiG_4"	833.150890787035	"MFAP2"	287	"HiG"
"HiG_4"	452102663818242	"TMEM59"	130	"HiG"
"HiG_4"	46886138404601.9	"SELENOH"	195	"HiG"
"HiG_4"	321137668134398	"UNG"	146	"HiG"
"HiG_4"	0	"PPDPF"	349	"HiG"
"HiG_4"	0	"PIGX"	349	"HiG"
"HiG_4"	491.042865596374	"TGIF1"	299	"HiG"
"HiG_4"	0	"OSR1"	349	"HiG"
"HiG_4"	0	"WSB1"	349	"HiG"
"HiG_4"	207893695450.422	"WNT5B"	262	"HiG"
"HiG_4"	0	"IFITM2"	349	"HiG"
"HiG_4"	0	"IFITM1"	349	"HiG"
"HiG_5"	291468806383127	"PCNA"	47	"HiG"
"HiG_5"	259442609587271	"HDAC1"	55	"HiG"
"HiG_5"	4346301953623.23	"TEAD2"	207	"HiG"
"HiG_5"	365474536619284	"HSP90AB1"	33	"HiG"
"HiG_5"	975575996053.531	"ID3"	233	"HiG"
"HiG_5"	0	"F11R"	353.5	"HiG"
"HiG_5"	832.511387858453	"HOXC8"	292	"HiG"
"HiG_5"	151552298522854	"CCND1"	85	"HiG"
"HiG_5"	210201691619156	"CD81"	67	"HiG"
"HiG_5"	85850251085604	"CCT4"	113	"HiG"
"HiG_5"	492.281096267766	"TNFRSF19"	301	"HiG"
"HiG_5"	209941464942.816	"ARL3"	252	"HiG"
"HiG_5"	16968832552754.8	"HSPA8"	172	"HiG"
"HiG_5"	2501946140784.06	"CCNB1"	222	"HiG"
"HiG_5"	721054211304839	"EZH2"	21	"HiG"
"HiG_5"	299363825961952	"PRMT1"	44	"HiG"
"HiG_5"	19839482346093.4	"NOP56"	169	"HiG"
"HiG_5"	36516179125453.8	"TCF3"	147	"HiG"
"HiG_5"	484219744259800	"DDX5"	27	"HiG"
"HiG_5"	266.92221622882	"CDX1"	312	"HiG"
"HiG_5"	132023411746.994	"CDX2"	257	"HiG"
"HiG_5"	9817720031.95963	"CDX4"	281	"HiG"
"HiG_5"	0	"HOXB8"	353.5	"HiG"
"HiG_5"	5908760364726.03	"HOXA1"	199	"HiG"
"HiG_5"	117439500332.929	"HOXA2"	259	"HiG"
"HiG_5"	82053020982.822	"HOXA5"	264	"HiG"
"HiG_5"	488.912398251065	"HOXB1"	302	"HiG"
"HiG_5"	235.248180403264	"HOXB4"	314	"HiG"
"HiG_5"	0	"HOXB6"	353.5	"HiG"
"HiG_5"	26808130281.1967	"HOXD4"	274	"HiG"
"HiG_5"	3080861500863	"ID1"	216	"HiG"
"HiG_5"	107034142774.365	"ID2"	262	"HiG"
"HiG_5"	12725178071.0587	"LEF1"	279	"HiG"
"HiG_5"	3318753116472.82	"LMO4"	214	"HiG"
"HiG_5"	595.069905886011	"MEIS2"	296	"HiG"
"HiG_5"	10038294242.7913	"MSX1"	280	"HiG"
"HiG_5"	261088455073507	"MYCN"	53	"HiG"
"HiG_5"	110847550584.627	"LMO1"	260	"HiG"
"HiG_5"	347752360126843	"TRIM28"	36	"HiG"
"HiG_5"	254.482652529708	"PDLIM4"	313	"HiG"
"HiG_5"	102816304417410	"IVNS1ABP"	98	"HiG"
"HiG_5"	364103000466260	"DEK"	34	"HiG"
"HiG_5"	121978221877534	"POU5F1"	95	"HiG"
"HiG_5"	12490866815049.9	"ARID3B"	182	"HiG"
"HiG_5"	13525653711590.4	"HELLS"	178	"HiG"
"HiG_5"	107564948280975	"RBBP4"	96	"HiG"
"HiG_5"	7962822192351.21	"SALL4"	194	"HiG"
"HiG_5"	30071152698315.3	"ASF1A"	155	"HiG"
"HiG_5"	276058583796359	"ILF2"	52	"HiG"
"HiG_5"	31796699287911.5	"ACIN1"	153	"HiG"
"HiG_5"	136050218381123	"DNAJA1"	89	"HiG"
"HiG_5"	1657295359.7833	"KPNA2"	284	"HiG"
"HiG_5"	167886445898365	"SFPQ"	81	"HiG"
"HiG_5"	225597599779647	"NONO"	61	"HiG"
"HiG_5"	125899463294851	"HMGA2"	94	"HiG"
"HiG_5"	3093446546920.55	"CDH2"	215	"HiG"
"HiG_5"	343.075380274798	"DKK1"	308	"HiG"
"HiG_5"	0	"FRZB"	353.5	"HiG"
"HiG_5"	0	"CITED2"	353.5	"HiG"
"HiG_5"	2730442597960.09	"CCNE1"	218	"HiG"
"HiG_5"	215537802347202	"HSPA5"	66	"HiG"
"HiG_5"	53311205469779.3	"CBX1"	129	"HiG"
"HiG_5"	50861040344.027	"DNMT3B"	268	"HiG"
"HiG_5"	72218042573574.3	"HSP90AA1"	118	"HiG"
"HiG_5"	257287736454051	"PKM"	56	"HiG"
"HiG_5"	2001615985709.84	"SET"	224	"HiG"
"HiG_5"	279930782260265	"CCT8"	50	"HiG"
"HiG_5"	266600891529.247	"ANP32A"	249	"HiG"
"HiG_5"	5699913734052.71	"CCND2"	201	"HiG"
"HiG_5"	143659377438.239	"CNN3"	255	"HiG"
"HiG_5"	2561999299886.77	"NPM1"	221	"HiG"
"HiG_5"	0	"DLL1"	353.5	"HiG"
"HiG_5"	152309514462912	"NEDD4"	84	"HiG"
"HiG_5"	68160279021731.4	"PFN2"	121	"HiG"
"HiG_5"	1049863848462157	"NCL"	15	"HiG"
"HiG_5"	3030105383878172	"SLC25A5"	2	"HiG"
"HiG_5"	121936647667.364	"RCOR2"	258	"HiG"
"HiG_5"	23816192555718.6	"B2M"	161	"HiG"
"HiG_5"	1304217841517256	"YWHAE"	10	"HiG"
"HiG_5"	60891620043254.4	"DBN1"	124	"HiG"
"HiG_5"	260578772568192	"MAPK3"	54	"HiG"
"HiG_5"	88970603611210.7	"FGFR1"	108	"HiG"
"HiG_5"	5095439020414622	"UBC"	1	"HiG"
"HiG_5"	64992245536442.9	"LIN28A"	122	"HiG"
"HiG_5"	853127084227318	"APEX1"	18	"HiG"
"HiG_5"	38285953718225.4	"EPOP"	144	"HiG"
"HiG_5"	474318611557945	"EIF4A1"	28	"HiG"
"HiG_5"	54895889908075.8	"RPL7A"	128	"HiG"
"HiG_5"	93959481527481	"TOP1"	106	"HiG"
"HiG_5"	954611253256.89	"GJC1"	234	"HiG"
"HiG_5"	15766664895195.5	"GJA1"	175	"HiG"
"HiG_5"	2869836826722.24	"ATXN10"	217	"HiG"
"HiG_5"	9127208825101.36	"BZW2"	189	"HiG"
"HiG_5"	208915330509661	"HSPD1"	68	"HiG"
"HiG_5"	97732790480937	"MCM5"	103	"HiG"
"HiG_5"	137309387394322	"G3BP2"	88	"HiG"
"HiG_5"	36999751831445.8	"GNL3"	146	"HiG"
"HiG_5"	1110104895658148	"GTPBP4"	14	"HiG"
"HiG_5"	25528385997.6912	"PTOV1"	275	"HiG"
"HiG_5"	243821568210880	"TUBA1A"	59	"HiG"
"HiG_5"	7809484255679.09	"CACYBP"	195	"HiG"
"HiG_5"	31436234890.3463	"LITAF"	273	"HiG"
"HiG_5"	31603359796682.3	"FERMT2"	154	"HiG"
"HiG_5"	1647691741487.98	"NCAM1"	227	"HiG"
"HiG_5"	1477.66193354819	"ALPL"	287	"HiG"
"HiG_5"	399952870327940	"HNRNPA1"	31	"HiG"
"HiG_5"	0	"DLL3"	353.5	"HiG"
"HiG_5"	12734158570744.9	"ACVR2B"	181	"HiG"
"HiG_5"	27214505168697.5	"GNAS"	159	"HiG"
"HiG_5"	0	"SYCE2"	353.5	"HiG"
"HiG_5"	16182833904.9793	"IFT74"	277	"HiG"
"HiG_5"	886358357786.685	"FST"	235	"HiG"
"HiG_5"	38011693463286.6	"CDC20"	145	"HiG"
"HiG_5"	3804781257250.03	"RAN"	211	"HiG"
"HiG_5"	4953619498.13923	"PAFAH1B3"	283	"HiG"
"HiG_5"	20739958735302.8	"RTN4"	167	"HiG"
"HiG_5"	15101935216684.4	"SAP30"	176	"HiG"
"HiG_5"	528.668209946372	"BEX3"	298	"HiG"
"HiG_5"	0	"LDHA"	353.5	"HiG"
"HiG_5"	105737630424060	"CALM2"	97	"HiG"
"HiG_5"	10802756436441.9	"MYL12B"	186	"HiG"
"HiG_5"	29591764367419.9	"FABP5"	156	"HiG"
"HiG_5"	39536541364427.5	"CALD1"	142	"HiG"
"HiG_5"	1177179907957.93	"ARG1"	231	"HiG"
"HiG_5"	401.41294929242	"HOXB9"	306	"HiG"
"HiG_5"	77646514738.1891	"FBLN1"	265	"HiG"
"HiG_5"	335771637772.232	"GNG2"	247	"HiG"
"HiG_5"	2703756863760.3	"SDC1"	219	"HiG"
"HiG_5"	1388423733084.27	"CYB5A"	228	"HiG"
"HiG_5"	144271159166995	"C1QBP"	86	"HiG"
"HiG_5"	108662161544.817	"MLLT3"	261	"HiG"
"HiG_5"	89483516998325.9	"PRDX1"	107	"HiG"
"HiG_5"	135798216281854	"PA2G4"	90	"HiG"
"HiG_5"	75746964782421.9	"ANXA5"	115	"HiG"
"HiG_5"	274083538808.169	"FHL1"	248	"HiG"
"HiG_5"	145519860.210222	"CSRP2"	286	"HiG"
"HiG_5"	187504070691170	"DKC1"	75	"HiG"
"HiG_5"	293021417184546	"ARF4"	46	"HiG"
"HiG_5"	1214825409184668	"EBNA1BP2"	11	"HiG"
"HiG_5"	56478063037432.5	"DCAKD"	127	"HiG"
"HiG_5"	22977051126185.3	"BRIX1"	162	"HiG"
"HiG_5"	343031403563196	"CKAP4"	38	"HiG"
"HiG_5"	224155024885.875	"COTL1"	251	"HiG"
"HiG_5"	58293371326.5505	"RBP1"	267	"HiG"
"HiG_5"	0	"CTSL"	353.5	"HiG"
"HiG_5"	19154301092628.9	"GRSF1"	170	"HiG"
"HiG_5"	3722468322443.39	"TSPO"	212	"HiG"
"HiG_5"	11643325832765	"GDI2"	184	"HiG"
"HiG_5"	51158514667023.7	"TRA2B"	130	"HiG"
"HiG_5"	167667897692.839	"HSPE1"	254	"HiG"
"HiG_5"	38314865602363.6	"PDIA6"	143	"HiG"
"HiG_5"	7533489052.03745	"LAPTM4A"	282	"HiG"
"HiG_5"	407170399821.271	"ANP32E"	243	"HiG"
"HiG_5"	308106925189903	"HAT1"	43	"HiG"
"HiG_5"	494249538020282	"PPP1CB"	26	"HiG"
"HiG_5"	31981881712254.9	"PPID"	152	"HiG"
"HiG_5"	869878534314.486	"RAP1A"	236	"HiG"
"HiG_5"	247047087362664	"HNRNPDL"	58	"HiG"
"HiG_5"	0	"ARL6IP1"	353.5	"HiG"
"HiG_5"	10560128172930.4	"LUC7L3"	187	"HiG"
"HiG_5"	21085630480630.4	"TSC22D1"	166	"HiG"
"HiG_5"	101598309786521	"RCN2"	99	"HiG"
"HiG_5"	39650714292369.4	"BASP1"	141	"HiG"
"HiG_5"	34382121379482.3	"LMO2"	150	"HiG"
"HiG_5"	50628479694657.9	"FKBP4"	131	"HiG"
"HiG_5"	75939852954027.4	"GLUL"	114	"HiG"
"HiG_5"	40424964753052.1	"MAT2A"	138	"HiG"
"HiG_5"	88759108887482.4	"TPM1"	109	"HiG"
"HiG_5"	0	"PEG3"	353.5	"HiG"
"HiG_5"	5751870197998.55	"S100A10"	200	"HiG"
"HiG_5"	0	"TIMM8A1"	353.5	"HiG"
"HiG_5"	712.461971581442	"TIMM8B"	293	"HiG"
"HiG_5"	57913312534179.2	"DUT"	126	"HiG"
"HiG_5"	1809875290710.6	"MDK"	226	"HiG"
"HiG_5"	194329921020572	"MAGED2"	71	"HiG"
"HiG_5"	4054400724757.75	"CLNS1A"	208	"HiG"
"HiG_5"	360901443.69012	"DCTPP1"	285	"HiG"
"HiG_5"	205414030754962	"ALDH2"	70	"HiG"
"HiG_5"	9466171623049.26	"EIF4A3"	188	"HiG"
"HiG_5"	22856735814172.4	"EPHA4"	163	"HiG"
"HiG_5"	0	"BIRC5"	353.5	"HiG"
"HiG_5"	60382938710709.8	"LPAR1"	125	"HiG"
"HiG_5"	99291964023941	"SNAI1"	101	"HiG"
"HiG_5"	5573118407905.06	"BCAT1"	202	"HiG"
"HiG_5"	86967505280905	"HNRNPA3"	111	"HiG"
"HiG_5"	50056697076465.3	"PRDX4"	132	"HiG"
"HiG_5"	688213277015804	"HSD17B10"	23	"HiG"
"HiG_5"	71189051801605.6	"FBL"	120	"HiG"
"HiG_5"	95749915455793	"PAICS"	105	"HiG"
"HiG_5"	168754041718975	"SLC3A2"	80	"HiG"
"HiG_5"	87215135636606.2	"TUBA1B"	110	"HiG"
"HiG_5"	0	"PLSCR1"	353.5	"HiG"
"HiG_5"	22381793974410.7	"TUBB2B"	164	"HiG"
"HiG_5"	1148563121113495	"TUBB5"	13	"HiG"
"HiG_5"	0	"HOXB2"	353.5	"HiG"
"HiG_5"	282902950364339	"FSCN1"	49	"HiG"
"HiG_5"	85915587648913.5	"LDHB"	112	"HiG"
"HiG_5"	514684822673523	"PGK1"	25	"HiG"
"HiG_5"	0	"ATP6V1F"	353.5	"HiG"
"HiG_5"	20391536947713	"CFL2"	168	"HiG"
"HiG_5"	21886433097927	"RALA"	165	"HiG"
"HiG_5"	0	"PRDX6"	353.5	"HiG"
"HiG_5"	1714444892017241	"FN1"	5	"HiG"
"HiG_5"	351639223710.789	"HMGB1"	246	"HiG"
"HiG_5"	277431490342175	"MCM7"	51	"HiG"
"HiG_5"	33973916942.3063	"PTMA"	271	"HiG"
"HiG_5"	0	"RBMXL1"	353.5	"HiG"
"HiG_5"	455785362727713	"RPL10A"	29	"HiG"
"HiG_5"	182607685857550	"NASP"	76	"HiG"
"HiG_5"	345360493121245	"NOP58"	37	"HiG"
"HiG_5"	35396520341596.4	"RSL1D1"	149	"HiG"
"HiG_5"	1163369412682366	"SERBP1"	12	"HiG"
"HiG_5"	205.962713908376	"RFTN1"	317	"HiG"
"HiG_5"	41436221902244.3	"SFXN1"	137	"HiG"
"HiG_5"	40305859594405.7	"PPM1G"	139	"HiG"
"HiG_5"	6761795827564.55	"HADH"	197	"HiG"
"HiG_5"	219348863366056	"GMPS"	65	"HiG"
"HiG_5"	142903790364922	"IMPDH2"	87	"HiG"
"HiG_5"	0	"CADM1"	353.5	"HiG"
"HiG_5"	0	"CARNMT1"	353.5	"HiG"
"HiG_5"	7966530836560.15	"FAM162A"	193	"HiG"
"HiG_5"	74687987341188.8	"MAGOH"	116	"HiG"
"HiG_5"	64019147013766	"MIF"	123	"HiG"
"HiG_5"	8241202346310.51	"PTN"	192	"HiG"
"HiG_5"	498.843969585781	"ADK"	300	"HiG"
"HiG_5"	7329075074574.35	"RPS12"	196	"HiG"
"HiG_5"	14483933796903	"SNX5"	177	"HiG"
"HiG_5"	321081540533076	"PDIA4"	40	"HiG"
"HiG_5"	36442402231317.6	"TBCB"	148	"HiG"
"HiG_5"	50380498702.5946	"ADH5"	269	"HiG"
"HiG_5"	312449221710053	"NMRAL1"	42	"HiG"
"HiG_5"	187574160272351	"GSTM5"	74	"HiG"
"HiG_5"	506643899233.678	"GSTO1"	239	"HiG"
"HiG_5"	2647359450357.83	"S100A11"	220	"HiG"
"HiG_5"	127680430297598	"BCCIP"	93	"HiG"
"HiG_5"	8366361780043.81	"EEF1E1"	190	"HiG"
"HiG_5"	1271153531624.31	"ALDH1A2"	230	"HiG"
"HiG_5"	5256533188700.1	"MTAP"	204	"HiG"
"HiG_5"	376576770968198	"NSUN2"	32	"HiG"
"HiG_5"	99195801539512.8	"PPA1"	102	"HiG"
"HiG_5"	1493179989074288	"MARCKS"	7	"HiG"
"HiG_5"	440382654827.224	"PRPS1"	242	"HiG"
"HiG_5"	71649862333443.7	"PSAT1"	119	"HiG"
"HiG_5"	27113012736275.8	"PTBP2"	160	"HiG"
"HiG_5"	0	"DDT"	353.5	"HiG"
"HiG_5"	205616089460225	"SNX6"	69	"HiG"
"HiG_5"	330211165875075	"TPM4"	39	"HiG"
"HiG_5"	13366977901537.9	"TXNDC12"	180	"HiG"
"HiG_5"	647284459475394	"OAT"	24	"HiG"
"HiG_5"	96018112712073.2	"STMN1"	104	"HiG"
"HiG_5"	1077373622246.97	"UROD"	232	"HiG"
"HiG_5"	58921535014.7866	"UBE2R2"	266	"HiG"
"HiG_5"	300.160456356456	"BNIP3L"	310	"HiG"
"HiG_5"	0	"CDCA7"	353.5	"HiG"
"HiG_5"	0	"EMB"	353.5	"HiG"
"HiG_5"	503.131151877846	"FSTL1"	299	"HiG"
"HiG_5"	44032302459139.5	"GPC3"	135	"HiG"
"HiG_5"	250929658119.622	"HMGN3"	250	"HiG"
"HiG_5"	4883240505676.93	"HMGN5"	206	"HiG"
"HiG_5"	13449773693770.8	"MRTO4"	179	"HiG"
"HiG_5"	133162152335515	"PSIP1"	91	"HiG"
"HiG_5"	986.6264407841	"PCBP4"	289	"HiG"
"HiG_5"	322.668313142588	"NR6A1"	309	"HiG"
"HiG_5"	864533579770409	"SRSF7"	17	"HiG"
"HiG_5"	178367003401850	"TMSB4X"	77	"HiG"
"HiG_5"	6041175696083.33	"MPHOSPH8"	198	"HiG"
"HiG_5"	0	"GFRA3"	353.5	"HiG"
"HiG_5"	188330486673785	"LYAR"	73	"HiG"
"HiG_5"	165227358247212	"UHRF1"	82	"HiG"
"HiG_5"	296547849456361	"TUBB6"	45	"HiG"
"HiG_5"	5012088076194.39	"MTCH1"	205	"HiG"
"HiG_5"	27560778964565.3	"SRSF11"	158	"HiG"
"HiG_5"	729932296297058	"EIF1B"	20	"HiG"
"HiG_5"	72311316461748.1	"SRSF9"	117	"HiG"
"HiG_5"	17714862276256.6	"ITM2C"	171	"HiG"
"HiG_5"	4040781589573.91	"MPZL1"	209	"HiG"
"HiG_5"	5294740183567.37	"PCLAF"	203	"HiG"
"HiG_5"	0	"LIMD2"	353.5	"HiG"
"HiG_5"	488666334653.699	"RRM2"	240	"HiG"
"HiG_5"	349963804872391	"RAB34"	35	"HiG"
"HiG_5"	0	"SKAP2"	353.5	"HiG"
"HiG_5"	131830102468846	"NMD3"	92	"HiG"
"HiG_5"	209.482108797495	"MFGE8"	316	"HiG"
"HiG_5"	0	"FABP7"	353.5	"HiG"
"HiG_5"	894544184437614	"PDCD5"	16	"HiG"
"HiG_5"	31517029081.3419	"PTK7"	272	"HiG"
"HiG_5"	0	"GSTA4"	353.5	"HiG"
"HiG_5"	286136329876313	"TKT"	48	"HiG"
"HiG_5"	0	"GREB1L"	353.5	"HiG"
"HiG_5"	0	"MOGAT2"	353.5	"HiG"
"HiG_5"	793913606059830	"RRS1"	19	"HiG"
"HiG_5"	548.4946234495	"CRABP1"	297	"HiG"
"HiG_5"	1570886027792282	"SUMO2"	6	"HiG"
"HiG_5"	21256548921.0345	"FGF17"	276	"HiG"
"HiG_5"	661058840138.489	"STMN2"	238	"HiG"
"HiG_5"	3377601482453.39	"PJA1"	213	"HiG"
"HiG_5"	0	"BEX2"	353.5	"HiG"
"HiG_5"	0	"TCEAL8"	353.5	"HiG"
"HiG_5"	0	"TSPAN6"	353.5	"HiG"
"HiG_5"	425488180546535	"SERPINH1"	30	"HiG"
"HiG_5"	854021255367.963	"FGF8"	237	"HiG"
"HiG_5"	622.892501115997	"WLS"	295	"HiG"
"HiG_5"	0	"BEX1"	353.5	"HiG"
"HiG_5"	256047442546165	"RANGRF"	57	"HiG"
"HiG_5"	407.066432677422	"ODC1"	305	"HiG"
"HiG_5"	0	"PLP2"	353.5	"HiG"
"HiG_5"	14543164150.3514	"RASL11A"	278	"HiG"
"HiG_5"	154414971447934	"NOP10"	83	"HiG"
"HiG_5"	388260341249.293	"CRABP2"	244	"HiG"
"HiG_5"	222224593097774	"DUSP6"	63	"HiG"
"HiG_5"	40050597093136.5	"NAAA"	140	"HiG"
"HiG_5"	710528062172000	"TRA2A"	22	"HiG"
"HiG_5"	0	"LRRC42"	353.5	"HiG"
"HiG_5"	1434043928783405	"NHP2"	8	"HiG"
"HiG_5"	0	"SP5"	353.5	"HiG"
"HiG_5"	45122344616175.9	"NDUFAF4"	134	"HiG"
"HiG_5"	15800113235100.2	"ORC6"	174	"HiG"
"HiG_5"	1412724302932921	"WDR12"	9	"HiG"
"HiG_5"	12404652329458.7	"SLBP"	183	"HiG"
"HiG_5"	42064062674.7718	"TIPIN"	270	"HiG"
"HiG_5"	0	"CITED1"	353.5	"HiG"
"HiG_5"	0	"CTNNBIP1"	353.5	"HiG"
"HiG_5"	0	"TCEAL9"	353.5	"HiG"
"HiG_5"	0	"RASGRP3"	353.5	"HiG"
"HiG_5"	33219774512195.6	"LSR"	151	"HiG"
"HiG_5"	1353714690102.3	"TSEN34"	229	"HiG"
"HiG_5"	0	"FXYD6"	353.5	"HiG"
"HiG_5"	42053375863654.5	"EFNA3"	136	"HiG"
"HiG_5"	0	"SPTSSA"	353.5	"HiG"
"HiG_5"	100629366672.015	"DDIT4"	263	"HiG"
"HiG_5"	0	"FGF15"	353.5	"HiG"
"HiG_5"	1809808835393757	"HMGN1"	4	"HiG"
"HiG_5"	0	"SH3BP1"	353.5	"HiG"
"HiG_5"	3834482514197.29	"PAIP2"	210	"HiG"
"HiG_5"	49955849114994.2	"MKRN1"	133	"HiG"
"HiG_5"	369.572946261105	"ETV4"	307	"HiG"
"HiG_5"	0	"IER2"	353.5	"HiG"
"HiG_5"	16306616142652.3	"SOX4"	173	"HiG"
"HiG_5"	0	"PNRC2"	353.5	"HiG"
"HiG_5"	100793019883896	"TTC3"	100	"HiG"
"HiG_5"	2256345429451814	"NPM3"	3	"HiG"
"HiG_5"	0	"EVX1"	353.5	"HiG"
"HiG_5"	170928525579151	"LAPTM4B"	79	"HiG"
"HiG_5"	674.684730907005	"SRM"	294	"HiG"
"HiG_5"	175727378573486	"TMSB10"	78	"HiG"
"HiG_5"	0	"SNRNP25"	353.5	"HiG"
"HiG_5"	170236994528.877	"FGF3"	253	"HiG"
"HiG_5"	319839356713516	"TECR"	41	"HiG"
"HiG_5"	183.646956219689	"TMBIM6"	318	"HiG"
"HiG_5"	446.469296291066	"MT-CO3"	304	"HiG"
"HiG_5"	192542450362485	"UGDH"	72	"HiG"
"HiG_5"	281.743192707386	"FOXB1"	311	"HiG"
"HiG_5"	1824188578666.09	"MGST1"	225	"HiG"
"HiG_5"	224930233691169	"SMS"	62	"HiG"
"HiG_5"	1299.29735134977	"TBX6"	288	"HiG"
"HiG_5"	0	"SMOC1"	353.5	"HiG"
"HiG_5"	133547677248.435	"YPEL3"	256	"HiG"
"HiG_5"	8285661186989.58	"METTL9"	191	"HiG"
"HiG_5"	11114216260213.7	"TNFAIP1"	185	"HiG"
"HiG_5"	358872717211.659	"TSPAN3"	245	"HiG"
"HiG_5"	0	"PPP1R1A"	353.5	"HiG"
"HiG_5"	221251480654244	"SMC6"	64	"HiG"
"HiG_5"	0	"RSPO3"	353.5	"HiG"
"HiG_5"	0	"OAZ2"	353.5	"HiG"
"HiG_5"	0	"PHLDA2"	353.5	"HiG"
"HiG_5"	0	"PRTG"	353.5	"HiG"
"HiG_5"	212.774640773638	"PCDH19"	315	"HiG"
"HiG_5"	0	"SOX11"	353.5	"HiG"
"HiG_5"	0	"STARD3NL"	353.5	"HiG"
"HiG_5"	0	"MNS1"	353.5	"HiG"
"HiG_5"	475262451814.673	"LY6E"	241	"HiG"
"HiG_5"	0	"NKD1"	353.5	"HiG"
"HiG_5"	0	"HES7"	353.5	"HiG"
"HiG_5"	940.851325517126	"MFAP2"	290	"HiG"
"HiG_5"	232936401226640	"LHPP"	60	"HiG"
"HiG_5"	28526627819747.2	"TMEM59"	157	"HiG"
"HiG_5"	2091933190240.06	"SELENOH"	223	"HiG"
"HiG_5"	0	"PPDPF"	353.5	"HiG"
"HiG_5"	0	"TCEA3"	353.5	"HiG"
"HiG_5"	0	"GBX2"	353.5	"HiG"
"HiG_5"	0	"PIGX"	353.5	"HiG"
"HiG_5"	894.471185102057	"TGIF1"	291	"HiG"
"HiG_5"	0	"OSR1"	353.5	"HiG"
"HiG_5"	0	"WSB1"	353.5	"HiG"
"HiG_5"	468.076636295843	"WNT5B"	303	"HiG"
"HiG_5"	0	"IFITM2"	353.5	"HiG"
"HiG_5"	0	"IFITM1"	353.5	"HiG"
"HiG_5"	0	"NRARP"	353.5	"HiG"
"HiG_6"	8390952282010103	"ACTB"	119	"HiG"
"HiG_6"	8855353896083369	"MAGED1"	114	"HiG"
"HiG_6"	7755176128910699	"HDAC1"	123	"HiG"
"HiG_6"	10034158389969158	"JUN"	109	"HiG"
"HiG_6"	8783082355587794	"AFDN"	115	"HiG"
"HiG_6"	33466128233077.5	"HES1"	378	"HiG"
"HiG_6"	7970410352724993	"PTBP3"	122	"HiG"
"HiG_6"	771856770214880	"CD47"	273	"HiG"
"HiG_6"	307.704694272969	"TEAD2"	481	"HiG"
"HiG_6"	4028580449184328	"RDX"	165	"HiG"
"HiG_6"	5430216386406490	"NOTCH1"	148	"HiG"
"HiG_6"	861520676776454	"NRP1"	265	"HiG"
"HiG_6"	0	"NPR1"	534.5	"HiG"
"HiG_6"	263188330785331	"ID3"	312	"HiG"
"HiG_6"	2806505240297179	"MSN"	191	"HiG"
"HiG_6"	278983020610.49	"F11R"	432	"HiG"
"HiG_6"	1077.88868227977	"HHEX"	463	"HiG"
"HiG_6"	3931268674995007	"CCND1"	168	"HiG"
"HiG_6"	1451637868082.13	"CD38"	419	"HiG"
"HiG_6"	6512867660861022	"CD81"	137	"HiG"
"HiG_6"	5038419552809971	"CCT4"	153	"HiG"
"HiG_6"	182026153152.593	"ASAP1"	436	"HiG"
"HiG_6"	29951418124211400	"CD151"	56	"HiG"
"HiG_6"	137632171932566	"JUND"	335	"HiG"
"HiG_6"	128516753434376	"FLT1"	338	"HiG"
"HiG_6"	5909005595161340	"HSPA8"	142	"HiG"
"HiG_6"	15984131048939252	"CDK1"	82	"HiG"
"HiG_6"	428148073254024	"CCNB1"	292	"HiG"
"HiG_6"	933238698989525	"PABPC1"	258	"HiG"
"HiG_6"	1663943678939058	"NOP56"	228	"HiG"
"HiG_6"	6997598181099379	"DDX5"	133	"HiG"
"HiG_6"	389299424731762	"CEBPD"	296	"HiG"
"HiG_6"	2053.49280928276	"NR2F6"	447	"HiG"
"HiG_6"	11841127472133.9	"HOXB5"	399	"HiG"
"HiG_6"	690994144330528	"ID1"	278	"HiG"
"HiG_6"	151217531254298	"MEF2C"	333	"HiG"
"HiG_6"	6537745710107.75	"MEIS2"	402	"HiG"
"HiG_6"	0	"SSBP4"	534.5	"HiG"
"HiG_6"	1053545666153885	"IVNS1ABP"	254	"HiG"
"HiG_6"	3143804644885381	"DNAJA1"	184	"HiG"
"HiG_6"	4025812969546010	"NONO"	166	"HiG"
"HiG_6"	6703856956602441	"ACTG1"	136	"HiG"
"HiG_6"	5775080195483936	"HMGA2"	144	"HiG"
"HiG_6"	13707669230997478	"HNRNPA2B1"	94	"HiG"
"HiG_6"	14705668013600.3	"ETS2"	395	"HiG"
"HiG_6"	46434498264714744	"HSPA5"	30	"HiG"
"HiG_6"	22119756811811416	"PKM"	70	"HiG"
"HiG_6"	422284561638.673	"ENO1"	429	"HiG"
"HiG_6"	162815465236391	"ALDOA"	332	"HiG"
"HiG_6"	805861555196192	"SHC1"	271	"HiG"
"HiG_6"	27748762251364736	"CTNNA1"	63	"HiG"
"HiG_6"	19154741582943908	"CDH5"	76	"HiG"
"HiG_6"	34158466962202536	"JUP"	47	"HiG"
"HiG_6"	239827771208685	"SET"	317	"HiG"
"HiG_6"	3749990360733724	"CCT8"	173	"HiG"
"HiG_6"	22896190987569.5	"ANP32A"	386	"HiG"
"HiG_6"	10643834353500538	"PCGF5"	107	"HiG"
"HiG_6"	5507174128292034	"DDX39B"	147	"HiG"
"HiG_6"	28171519283450200	"HSP90B1"	62	"HiG"
"HiG_6"	0	"ANXA3"	534.5	"HiG"
"HiG_6"	2013542506322072	"ARPC1B"	213	"HiG"
"HiG_6"	3416237907649194	"CNN3"	179	"HiG"
"HiG_6"	896706907694583	"ATF3"	261	"HiG"
"HiG_6"	24326780142718820	"PFN1"	68	"HiG"
"HiG_6"	7303413078283314	"NCL"	128	"HiG"
"HiG_6"	13302244007689596	"SLC25A5"	98	"HiG"
"HiG_6"	80930943915170.1	"B2M"	358	"HiG"
"HiG_6"	2233133496865084	"HOMER3"	208	"HiG"
"HiG_6"	56715688447137808	"YWHAE"	23	"HiG"
"HiG_6"	46519989264812304	"FLNA"	29	"HiG"
"HiG_6"	1333842816028401	"CASP3"	241	"HiG"
"HiG_6"	31128473622210020	"DBN1"	52	"HiG"
"HiG_6"	2750864865943336	"MAP1B"	192	"HiG"
"HiG_6"	853698415815.587	"ARHGEF15"	422	"HiG"
"HiG_6"	430147287336947	"ANXA6"	291	"HiG"
"HiG_6"	40716320498649200	"MAPK3"	38	"HiG"
"HiG_6"	8584439704781623	"HMGB2"	117	"HiG"
"HiG_6"	3470807829619184	"APOE"	177	"HiG"
"HiG_6"	92695474994041664	"UBC"	14	"HiG"
"HiG_6"	29452802547805564	"CALR"	58	"HiG"
"HiG_6"	760286240907762	"JAK1"	274	"HiG"
"HiG_6"	1458287136922786	"EIF4A1"	234	"HiG"
"HiG_6"	47569162980109.3	"GATA2"	371	"HiG"
"HiG_6"	0	"FLI1"	534.5	"HiG"
"HiG_6"	2728932599328507	"TOP1"	193	"HiG"
"HiG_6"	3568764989144980	"ETS1"	176	"HiG"
"HiG_6"	5135684488843220	"ANXA2"	151	"HiG"
"HiG_6"	17882317012848284	"ATP1A1"	79	"HiG"
"HiG_6"	15047110539660610	"ATXN10"	86	"HiG"
"HiG_6"	1094613134463.91	"CMAS"	421	"HiG"
"HiG_6"	427378955709462	"CNN2"	293	"HiG"
"HiG_6"	2145048246558616	"COL18A1"	210	"HiG"
"HiG_6"	225183965949199	"EHD4"	318	"HiG"
"HiG_6"	813248632443266	"HSPG2"	270	"HiG"
"HiG_6"	5925163391385616	"ILK"	141	"HiG"
"HiG_6"	4677682307619770	"PLK1"	159	"HiG"
"HiG_6"	2169790599241038	"CALM1"	209	"HiG"
"HiG_6"	41918807138139504	"BCAR1"	35	"HiG"
"HiG_6"	693031151862618	"CCND3"	277	"HiG"
"HiG_6"	39690903480511240	"TUBA1A"	39	"HiG"
"HiG_6"	301145861151161	"LITAF"	305	"HiG"
"HiG_6"	1312915006571.06	"DYNLL1"	420	"HiG"
"HiG_6"	4958638856243830	"CLU"	154	"HiG"
"HiG_6"	1813017754008818	"CLTA"	221	"HiG"
"HiG_6"	49377466289893.1	"DUSP1"	370	"HiG"
"HiG_6"	4399111613161212	"ITGB1"	161	"HiG"
"HiG_6"	3838038977433012	"FERMT2"	169	"HiG"
"HiG_6"	1958568557772460	"NDN"	215	"HiG"
"HiG_6"	3317871142522901	"KDR"	180	"HiG"
"HiG_6"	52407712589166440	"HNRNPK"	27	"HiG"
"HiG_6"	7133349063157773	"P4HB"	130	"HiG"
"HiG_6"	4271040270156801	"LMNB1"	162	"HiG"
"HiG_6"	357257181946346	"ACVRL1"	299	"HiG"
"HiG_6"	239123812095264064	"GNAI2"	3	"HiG"
"HiG_6"	2234744181214568	"GNAS"	207	"HiG"
"HiG_6"	7095993024422603	"MYO1C"	131	"HiG"
"HiG_6"	2937863780029790	"ACOT7"	187	"HiG"
"HiG_6"	12216967738571006	"FBXO6"	102	"HiG"
"HiG_6"	1084127792634285	"CAMK2D"	253	"HiG"
"HiG_6"	3755779062905538	"CDC20"	172	"HiG"
"HiG_6"	0	"RAN"	534.5	"HiG"
"HiG_6"	1892766859900.52	"CYBA"	418	"HiG"
"HiG_6"	258736317105872	"MDFI"	315	"HiG"
"HiG_6"	7006470855954218	"FLT4"	132	"HiG"
"HiG_6"	129242534947.208	"IGF2"	437	"HiG"
"HiG_6"	226.428613426211	"CARHSP1"	483	"HiG"
"HiG_6"	13103776161186020	"ATP2B1"	99	"HiG"
"HiG_6"	0	"DUSP3"	534.5	"HiG"
"HiG_6"	614062841768152	"ARHGAP31"	282	"HiG"
"HiG_6"	448506947859.923	"DUSP2"	428	"HiG"
"HiG_6"	489528970350268	"CAPN2"	289	"HiG"
"HiG_6"	119276509887301952	"RTN4"	9	"HiG"
"HiG_6"	101855235304707200	"CALM2"	12	"HiG"
"HiG_6"	2907316620409848	"MYL12B"	188	"HiG"
"HiG_6"	53883907148197.5	"HEXA"	366	"HiG"
"HiG_6"	2331862386598.7	"CSRP1"	414	"HiG"
"HiG_6"	14065541957774990	"CALD1"	92	"HiG"
"HiG_6"	0	"EXOC3L4"	534.5	"HiG"
"HiG_6"	1998613097413308	"MYL12A"	214	"HiG"
"HiG_6"	1404144601290130	"PPP3CA"	238	"HiG"
"HiG_6"	113149311804241	"PRKAR2B"	342	"HiG"
"HiG_6"	28402370127726516	"SPTBN1"	60	"HiG"
"HiG_6"	868574160222968	"VAT1"	264	"HiG"
"HiG_6"	140613175993061136	"YWHAH"	8	"HiG"
"HiG_6"	4208632483073118	"DNAJB11"	163	"HiG"
"HiG_6"	113132928051183	"ERP29"	343	"HiG"
"HiG_6"	4569332712912.25	"EIF4EBP1"	408	"HiG"
"HiG_6"	2477220651638914	"RALB"	198	"HiG"
"HiG_6"	2331302689025917	"CRMP1"	203	"HiG"
"HiG_6"	97773354450322.4	"VAMP8"	348	"HiG"
"HiG_6"	66409042070991.3	"GNG2"	362	"HiG"
"HiG_6"	58840275241651.5	"CDKN1C"	364	"HiG"
"HiG_6"	1893602084183942	"EIF3E"	216	"HiG"
"HiG_6"	3187959853229772	"RND2"	182	"HiG"
"HiG_6"	1409990755621401	"CYB5A"	237	"HiG"
"HiG_6"	2299521298335703	"PDLIM7"	205	"HiG"
"HiG_6"	52872834785068.4	"EFNA1"	368	"HiG"
"HiG_6"	1782119749811815	"ANXA7"	223	"HiG"
"HiG_6"	1052255406936890	"PPP1R15A"	255	"HiG"
"HiG_6"	260735753957738	"EGFL7"	313	"HiG"
"HiG_6"	2845305400065272	"SEC61A1"	189	"HiG"
"HiG_6"	20942915171591440	"PRDX1"	73	"HiG"
"HiG_6"	3592808481488148	"PA2G4"	175	"HiG"
"HiG_6"	41037354194112.4	"PLEKHO1"	373	"HiG"
"HiG_6"	7522706178350033	"PRKAB1"	126	"HiG"
"HiG_6"	0	"KLF2"	534.5	"HiG"
"HiG_6"	4610346338035508	"ANXA5"	160	"HiG"
"HiG_6"	185166729378707	"DDAH1"	330	"HiG"
"HiG_6"	2491158441562424	"ARHGDIB"	196	"HiG"
"HiG_6"	87354002493334.8	"GPX1"	355	"HiG"
"HiG_6"	3791749360316040	"RER1"	170	"HiG"
"HiG_6"	26188038614.6978	"ATP6V0B"	440	"HiG"
"HiG_6"	4741484659052649	"BIN1"	158	"HiG"
"HiG_6"	2131814892431447	"ANP32B"	212	"HiG"
"HiG_6"	23179992155438.9	"CSRP2"	385	"HiG"
"HiG_6"	7465315853378181	"DKC1"	127	"HiG"
"HiG_6"	206619160013259	"CLIC1"	327	"HiG"
"HiG_6"	8185157312373314	"ARF4"	121	"HiG"
"HiG_6"	2785648824272.84	"COL4A1"	410	"HiG"
"HiG_6"	82802719016814.7	"COL4A2"	357	"HiG"
"HiG_6"	14441158148547538	"EBNA1BP2"	89	"HiG"
"HiG_6"	88262133824088	"CGNL1"	354	"HiG"
"HiG_6"	2424017772762072	"ARPC2"	199	"HiG"
"HiG_6"	2546954737906802	"ASNS"	195	"HiG"
"HiG_6"	15627538461570368	"CKAP4"	84	"HiG"
"HiG_6"	870475061491795	"CAPNS1"	263	"HiG"
"HiG_6"	316588438913594	"COTL1"	303	"HiG"
"HiG_6"	664664628503177	"ARPC5"	281	"HiG"
"HiG_6"	15083180458557358	"RAB11A"	85	"HiG"
"HiG_6"	0	"CTSL"	534.5	"HiG"
"HiG_6"	2483074946249626	"GDI2"	197	"HiG"
"HiG_6"	23348452629413976	"PDIA3"	69	"HiG"
"HiG_6"	290558292588884	"ARF5"	308	"HiG"
"HiG_6"	18625324333096660	"PDIA6"	77	"HiG"
"HiG_6"	20187375702718.5	"UGP2"	390	"HiG"
"HiG_6"	3041280423404908	"ITM2B"	186	"HiG"
"HiG_6"	1093869612729544	"PLK2"	251	"HiG"
"HiG_6"	9710493619335554	"PRDX3"	110	"HiG"
"HiG_6"	751025142231798	"LIMCH1"	275	"HiG"
"HiG_6"	3161306934616413	"TXNL1"	183	"HiG"
"HiG_6"	610893030242330	"RPL22L1"	283	"HiG"
"HiG_6"	219728612355574	"PPID"	320	"HiG"
"HiG_6"	1347206355540395	"RAP1A"	240	"HiG"
"HiG_6"	50141613360920.5	"ARL6IP1"	369	"HiG"
"HiG_6"	1438493748669863	"TSC22D1"	235	"HiG"
"HiG_6"	4175810948491824	"RCN2"	164	"HiG"
"HiG_6"	367465413183.528	"AMOTL1"	431	"HiG"
"HiG_6"	12477811062352300	"BASP1"	100	"HiG"
"HiG_6"	2392570310880234	"LMO2"	200	"HiG"
"HiG_6"	1071.92389067612	"IFITM3"	464	"HiG"
"HiG_6"	111233218878916	"AKAP12"	344	"HiG"
"HiG_6"	506099298280764	"JUNB"	288	"HiG"
"HiG_6"	1267.33273073406	"CNRIP1"	460	"HiG"
"HiG_6"	127836639013758	"DGKZ"	340	"HiG"
"HiG_6"	1420420597876291	"TPM1"	236	"HiG"
"HiG_6"	0	"PEG3"	534.5	"HiG"
"HiG_6"	18261171316109	"S100A10"	394	"HiG"
"HiG_6"	1292170438828643	"UBASH3B"	242	"HiG"
"HiG_6"	35568470916318152	"SDF2L1"	42	"HiG"
"HiG_6"	0	"ACOT9"	534.5	"HiG"
"HiG_6"	2480951557375.7	"CRIP2"	413	"HiG"
"HiG_6"	41931232847885792	"GNB2"	34	"HiG"
"HiG_6"	260187258092461	"FAM171A2"	314	"HiG"
"HiG_6"	878.985573546821	"SH3BP5"	465	"HiG"
"HiG_6"	56489639916677624	"MAGED2"	24	"HiG"
"HiG_6"	0	"DEGS1"	534.5	"HiG"
"HiG_6"	135468918036982	"EIF4A3"	336	"HiG"
"HiG_6"	211831578560924	"DDAH2"	323	"HiG"
"HiG_6"	64988094012210.6	"BIRC5"	363	"HiG"
"HiG_6"	349486399827486	"TMED9"	300	"HiG"
"HiG_6"	264.433864835502	"KLHL6"	482	"HiG"
"HiG_6"	1041722889874403	"GNB4"	256	"HiG"
"HiG_6"	5552239949361431	"PRDX4"	146	"HiG"
"HiG_6"	6838201393283578	"FBL"	134	"HiG"
"HiG_6"	19840652023630064	"RAB5C"	75	"HiG"
"HiG_6"	91881814080531.1	"RBMS2"	352	"HiG"
"HiG_6"	1673677623364425	"CDC42EP1"	226	"HiG"
"HiG_6"	1574702997701344	"IDH2"	231	"HiG"
"HiG_6"	566214798108660	"NEK6"	285	"HiG"
"HiG_6"	0	"RCN3"	534.5	"HiG"
"HiG_6"	1104457204042163	"SMAP2"	250	"HiG"
"HiG_6"	3142305022297442	"SNX2"	185	"HiG"
"HiG_6"	2359.42194499173	"GMFG"	443	"HiG"
"HiG_6"	6256950300629919	"SSR4"	139	"HiG"
"HiG_6"	442.577614956044	"PLVAP"	474	"HiG"
"HiG_6"	34502123076158208	"RRBP1"	45	"HiG"
"HiG_6"	42992348731123984	"TUBB4B"	32	"HiG"
"HiG_6"	30823049262074948	"SLC25A4"	54	"HiG"
"HiG_6"	0	"HOXB2"	534.5	"HiG"
"HiG_6"	5857090429496695	"FSCN1"	143	"HiG"
"HiG_6"	0	"GPM6B"	534.5	"HiG"
"HiG_6"	11134413762728844	"MYL6"	106	"HiG"
"HiG_6"	12400852526135890	"PGK1"	101	"HiG"
"HiG_6"	678543290346173	"PLXND1"	279	"HiG"
"HiG_6"	883307969629881	"CFL2"	262	"HiG"
"HiG_6"	36594124029902	"MPC2"	376	"HiG"
"HiG_6"	32762412916580132	"PPP1R18"	50	"HiG"
"HiG_6"	377845223026.378	"PTPRE"	430	"HiG"
"HiG_6"	379.498852090043	"ELK3"	477	"HiG"
"HiG_6"	0	"FKBP1A"	534.5	"HiG"
"HiG_6"	1132303148313135	"RALA"	248	"HiG"
"HiG_6"	2826576183184352	"FDPS"	190	"HiG"
"HiG_6"	36112508743461728	"FN1"	41	"HiG"
"HiG_6"	543041969402.381	"HMGB1"	427	"HiG"
"HiG_6"	38405473163843232	"MCM7"	40	"HiG"
"HiG_6"	32608663105698	"PTMA"	380	"HiG"
"HiG_6"	0	"SLC2A3"	534.5	"HiG"
"HiG_6"	50410385507236304	"LRRC59"	28	"HiG"
"HiG_6"	4760639330547820	"SFXN1"	157	"HiG"
"HiG_6"	0	"GPX3"	534.5	"HiG"
"HiG_6"	7710739221256708	"PIM3"	124	"HiG"
"HiG_6"	23691050183609.3	"ESAM"	384	"HiG"
"HiG_6"	89945128969531200	"ITGA2B"	16	"HiG"
"HiG_6"	76442190831024.7	"CREG1"	360	"HiG"
"HiG_6"	58942336709519384	"IMPDH2"	22	"HiG"
"HiG_6"	8364318057927782	"IPO11"	120	"HiG"
"HiG_6"	1171178554118552	"CRELD2"	247	"HiG"
"HiG_6"	26630739410980.6	"DBI"	383	"HiG"
"HiG_6"	3633623116384510	"EIF3M"	174	"HiG"
"HiG_6"	26055038312481048	"GABARAPL1"	65	"HiG"
"HiG_6"	32691699289789.8	"GNG11"	379	"HiG"
"HiG_6"	927795793745902	"GSTK1"	259	"HiG"
"HiG_6"	597512839514304	"HMGB3"	284	"HiG"
"HiG_6"	4802268410865364	"LGALS1"	156	"HiG"
"HiG_6"	1934524977628.59	"LIPT2"	417	"HiG"
"HiG_6"	79541131637013.2	"NDUFA8"	359	"HiG"
"HiG_6"	2278446167262304	"FTH1"	206	"HiG"
"HiG_6"	0	"PPP1R14B"	534.5	"HiG"
"HiG_6"	5893599274740.03	"PRCP"	404	"HiG"
"HiG_6"	159796003063565184	"RAP1B"	7	"HiG"
"HiG_6"	2673823292810.31	"GAP43"	411	"HiG"
"HiG_6"	1236.36080861714	"SELENOP"	462	"HiG"
"HiG_6"	34156380690577024	"PPIB"	48	"HiG"
"HiG_6"	3943492931157632	"SNX3"	167	"HiG"
"HiG_6"	207738957525253	"SNX5"	326	"HiG"
"HiG_6"	34243486850747928	"PDIA4"	46	"HiG"
"HiG_6"	25500050992570220	"TUBA1C"	66	"HiG"
"HiG_6"	45834482149321	"MMP14"	372	"HiG"
"HiG_6"	8492815851930988	"UBB"	118	"HiG"
"HiG_6"	1786015478842963	"TXNDC5"	222	"HiG"
"HiG_6"	18412160567645.8	"S100A11"	393	"HiG"
"HiG_6"	29233480881660080	"SSB"	59	"HiG"
"HiG_6"	1200358310416208	"CRIP1"	244	"HiG"
"HiG_6"	0	"CST3"	534.5	"HiG"
"HiG_6"	9008367010203392	"DNAJC3"	113	"HiG"
"HiG_6"	211533183692801	"GCLM"	324	"HiG"
"HiG_6"	67272489383095496	"MTAP"	20	"HiG"
"HiG_6"	6356563451373.71	"MYDGF"	403	"HiG"
"HiG_6"	0	"NPL"	534.5	"HiG"
"HiG_6"	543919629147700	"OSTF1"	286	"HiG"
"HiG_6"	229482267811.373	"PPP1R2"	433	"HiG"
"HiG_6"	42429587702811000	"MARCKS"	33	"HiG"
"HiG_6"	6085978596832696	"SNX6"	140	"HiG"
"HiG_6"	366583337019608	"SPARC"	297	"HiG"
"HiG_6"	74728796895602672	"TPM4"	18	"HiG"
"HiG_6"	300863575474091	"TXNDC12"	306	"HiG"
"HiG_6"	0	"PPIC"	534.5	"HiG"
"HiG_6"	35118685229311268	"STMN1"	43	"HiG"
"HiG_6"	9651053615852708	"TLN1"	111	"HiG"
"HiG_6"	27583568525798.2	"PDLIM1"	381	"HiG"
"HiG_6"	189956665808426080	"YWHAQ"	5	"HiG"
"HiG_6"	1468758336766235	"ABI3"	233	"HiG"
"HiG_6"	0	"ADGRF5"	534.5	"HiG"
"HiG_6"	93157595848332.8	"AJUBA"	350	"HiG"
"HiG_6"	1490149556778822	"ARMCX3"	232	"HiG"
"HiG_6"	356.878752158427	"BAMBI"	478	"HiG"
"HiG_6"	2112574188248.83	"BNIP3L"	415	"HiG"
"HiG_6"	0	"EMB"	534.5	"HiG"
"HiG_6"	1113424563975977	"FBN2"	249	"HiG"
"HiG_6"	253617052227752	"FKBP10"	316	"HiG"
"HiG_6"	1770.90979365062	"FSTL1"	453	"HiG"
"HiG_6"	54228339862153560	"GABARAP"	26	"HiG"
"HiG_6"	298867937709305	"GINS2"	307	"HiG"
"HiG_6"	1348540523136570	"LUZP1"	239	"HiG"
"HiG_6"	3756225009230181	"MMP2"	171	"HiG"
"HiG_6"	0	"MRPL34"	534.5	"HiG"
"HiG_6"	815536928647500	"MRPS26"	269	"HiG"
"HiG_6"	89978446842998064	"MRTO4"	15	"HiG"
"HiG_6"	515397889633428	"NOS3"	287	"HiG"
"HiG_6"	328585899167270	"PDIA5"	302	"HiG"
"HiG_6"	185.217434893782	"PCBP4"	484	"HiG"
"HiG_6"	0	"RCSD1"	534.5	"HiG"
"HiG_6"	178590910760274	"LGMN"	331	"HiG"
"HiG_6"	0	"SCARF1"	534.5	"HiG"
"HiG_6"	1270.91743466238	"SMTN"	459	"HiG"
"HiG_6"	1964.98432434407	"STAB1"	450	"HiG"
"HiG_6"	12069696400872	"TRIOBP"	397	"HiG"
"HiG_6"	2318929959226298	"ARL6IP5"	204	"HiG"
"HiG_6"	1031341336223157	"TMSB4X"	257	"HiG"
"HiG_6"	41889642857314528	"LYAR"	36	"HiG"
"HiG_6"	2016.85224621747	"TCN2"	448	"HiG"
"HiG_6"	0	"VILL"	534.5	"HiG"
"HiG_6"	1820180366593604	"RBMS1"	220	"HiG"
"HiG_6"	2645588745679767	"TUBB6"	194	"HiG"
"HiG_6"	1840741006828324	"MAP7D1"	219	"HiG"
"HiG_6"	92673428214297	"POLG"	351	"HiG"
"HiG_6"	854102952209198	"MTCH1"	266	"HiG"
"HiG_6"	3813821293161.11	"ARMCX1"	409	"HiG"
"HiG_6"	3417078066036793	"GPX4"	178	"HiG"
"HiG_6"	20397624915530.4	"HAPLN1"	387	"HiG"
"HiG_6"	80389116495724672	"ENG"	17	"HiG"
"HiG_6"	708.344894561451	"BST2"	468	"HiG"
"HiG_6"	0	"CMTM7"	534.5	"HiG"
"HiG_6"	480.882168749528	"FAM3C"	473	"HiG"
"HiG_6"	84489688196428.7	"SMTNL2"	356	"HiG"
"HiG_6"	2100494816736.81	"KLK8"	416	"HiG"
"HiG_6"	13972101153810.1	"SOX17"	396	"HiG"
"HiG_6"	0	"ORAI1"	534.5	"HiG"
"HiG_6"	267492746966001	"SRSF9"	311	"HiG"
"HiG_6"	15924410821302206	"CD9"	83	"HiG"
"HiG_6"	0	"PRKCH"	534.5	"HiG"
"HiG_6"	11332758850329712	"RABAC1"	105	"HiG"
"HiG_6"	128108662373585	"ADAM15"	339	"HiG"
"HiG_6"	31054633436582280	"ITM2C"	53	"HiG"
"HiG_6"	38770619117953.8	"MPZL1"	374	"HiG"
"HiG_6"	13502183121015002	"KCNE3"	97	"HiG"
"HiG_6"	738098324874.51	"RGL1"	424	"HiG"
"HiG_6"	1690547250705502	"PCLAF"	225	"HiG"
"HiG_6"	0	"SERP1"	534.5	"HiG"
"HiG_6"	282014356674333	"MARCKSL1"	309	"HiG"
"HiG_6"	0	"LIMD2"	534.5	"HiG"
"HiG_6"	110769687018624	"COLEC12"	345	"HiG"
"HiG_6"	57384308530364.9	"RRM2"	365	"HiG"
"HiG_6"	6826323360274942	"RIPK3"	135	"HiG"
"HiG_6"	114256146379933	"SLC16A3"	341	"HiG"
"HiG_6"	6264020261838473	"SLC29A1"	138	"HiG"
"HiG_6"	1583665041343327	"SH3GLB1"	229	"HiG"
"HiG_6"	224796931926458	"ST3GAL5"	319	"HiG"
"HiG_6"	27332061330954	"HMOX1"	382	"HiG"
"HiG_6"	2342834864064594	"SSR2"	202	"HiG"
"HiG_6"	769.640300499043	"PLIN2"	467	"HiG"
"HiG_6"	9643344971001602	"SSR3"	112	"HiG"
"HiG_6"	8597476171856788	"KRTCAP2"	116	"HiG"
"HiG_6"	19512471256673.9	"ELOVL1"	391	"HiG"
"HiG_6"	728133369692782	"SIPA1"	276	"HiG"
"HiG_6"	89519337442174.1	"RSU1"	353	"HiG"
"HiG_6"	43568777530893840	"REEP5"	31	"HiG"
"HiG_6"	200749675213865	"MFGE8"	328	"HiG"
"HiG_6"	131267600966327	"RALGPS2"	337	"HiG"
"HiG_6"	27107134152687080	"RHOJ"	64	"HiG"
"HiG_6"	11900941193549	"MRPS6"	398	"HiG"
"HiG_6"	0	"MALAT1"	534.5	"HiG"
"HiG_6"	11977505211559710	"RTN3"	103	"HiG"
"HiG_6"	0	"GSTA4"	534.5	"HiG"
"HiG_6"	1668455649184009	"SRI"	227	"HiG"
"HiG_6"	21712702904556784	"SLC2A1"	71	"HiG"
"HiG_6"	110094698137205136	"TKT"	10	"HiG"
"HiG_6"	97398825804005.5	"GALK1"	349	"HiG"
"HiG_6"	0	"MOGAT2"	534.5	"HiG"
"HiG_6"	1172011058371894	"ARMCX2"	246	"HiG"
"HiG_6"	331.684445272854	"S100A13"	479	"HiG"
"HiG_6"	0	"BEX2"	534.5	"HiG"
"HiG_6"	628350694885.509	"TCEAL8"	425	"HiG"
"HiG_6"	0	"AARD"	534.5	"HiG"
"HiG_6"	20219551858158020	"SERPINH1"	74	"HiG"
"HiG_6"	1913.07837264735	"FAM107B"	451	"HiG"
"HiG_6"	1178752682078361	"ICAM2"	245	"HiG"
"HiG_6"	1577121749668191	"SGK1"	230	"HiG"
"HiG_6"	10024512551859	"MID1IP1"	401	"HiG"
"HiG_6"	780093467026264	"CMTM3"	272	"HiG"
"HiG_6"	52967619109694	"PECAM1"	367	"HiG"
"HiG_6"	0	"BEX1"	534.5	"HiG"
"HiG_6"	1456.25080005901	"FTL1"	455	"HiG"
"HiG_6"	409.431866325796	"PHLDA1"	476	"HiG"
"HiG_6"	438.914719646733	"CLDN5"	475	"HiG"
"HiG_6"	0	"ODC1"	534.5	"HiG"
"HiG_6"	0	"PLP2"	534.5	"HiG"
"HiG_6"	673527081027639	"RGS3"	280	"HiG"
"HiG_6"	1725377136251322	"GADD45G"	224	"HiG"
"HiG_6"	407196595028063	"AKR1A1"	294	"HiG"
"HiG_6"	0	"SNN"	534.5	"HiG"
"HiG_6"	29643455377766752	"RHOC"	57	"HiG"
"HiG_6"	30364319170002100	"TAGLN2"	55	"HiG"
"HiG_6"	14251497169745364	"TSPAN14"	91	"HiG"
"HiG_6"	18071005891919908	"VASP"	78	"HiG"
"HiG_6"	33990697190.2133	"N4BP3"	439	"HiG"
"HiG_6"	1090410213749342	"DUSP6"	252	"HiG"
"HiG_6"	871082933448607232	"VIM"	1	"HiG"
"HiG_6"	1224078096567287	"RAPH1"	243	"HiG"
"HiG_6"	0	"KANK3"	534.5	"HiG"
"HiG_6"	0	"GRAP"	534.5	"HiG"
"HiG_6"	0	"IL11RA1"	534.5	"HiG"
"HiG_6"	0	"MYL7"	534.5	"HiG"
"HiG_6"	0	"RASGRP2"	534.5	"HiG"
"HiG_6"	5337970043981845	"NHP2"	150	"HiG"
"HiG_6"	14011541508600854	"WDR1"	93	"HiG"
"HiG_6"	217085044143055	"GCSH"	321	"HiG"
"HiG_6"	10457933497833766	"SURF4"	108	"HiG"
"HiG_6"	0	"BRI3"	534.5	"HiG"
"HiG_6"	0	"SLBP"	534.5	"HiG"
"HiG_6"	5682290195672026	"NUDT9"	145	"HiG"
"HiG_6"	0	"TBRG1"	534.5	"HiG"
"HiG_6"	0	"LYL1"	534.5	"HiG"
"HiG_6"	150175387463263	"CCDC85B"	334	"HiG"
"HiG_6"	108448156088724736	"RBPMS"	11	"HiG"
"HiG_6"	3209172995172864	"EMILIN1"	181	"HiG"
"HiG_6"	346714333159661	"SAT1"	301	"HiG"
"HiG_6"	0	"CLEC1B"	534.5	"HiG"
"HiG_6"	74407487191801.6	"CTNNBIP1"	361	"HiG"
"HiG_6"	14407517129538368	"PON2"	90	"HiG"
"HiG_6"	28285937800932228	"MORF4L2"	61	"HiG"
"HiG_6"	4826313439617141	"PTP4A3"	155	"HiG"
"HiG_6"	0	"TCEAL9"	534.5	"HiG"
"HiG_6"	18747056034840.5	"AFAP1L1"	392	"HiG"
"HiG_6"	20319061409931.3	"KDELR2"	388	"HiG"
"HiG_6"	0	"RASGRP3"	534.5	"HiG"
"HiG_6"	0	"LXN"	534.5	"HiG"
"HiG_6"	20234678971894.4	"MEST"	389	"HiG"
"HiG_6"	0	"EMCN"	534.5	"HiG"
"HiG_6"	95982799085506784	"TGFB1"	13	"HiG"
"HiG_6"	5403619868056.08	"SELENOS"	406	"HiG"
"HiG_6"	403941181696922	"TSEN34"	295	"HiG"
"HiG_6"	624.149496283184	"RAMP2"	471	"HiG"
"HiG_6"	1867.33175627479	"IGF1"	452	"HiG"
"HiG_6"	2142720173717810	"CIB1"	211	"HiG"
"HiG_6"	0	"PLPP2"	534.5	"HiG"
"HiG_6"	684.189333968401	"TAX1BP3"	469	"HiG"
"HiG_6"	0	"SPTSSA"	534.5	"HiG"
"HiG_6"	33380852900728560	"KLF6"	49	"HiG"
"HiG_6"	185218827922654528	"RGL2"	6	"HiG"
"HiG_6"	202060102847065568	"RRAS2"	4	"HiG"
"HiG_6"	7522.66116379934	"F2R"	441	"HiG"
"HiG_6"	1628.57861267594	"GYPC"	454	"HiG"
"HiG_6"	41208494974631456	"HMGN1"	37	"HiG"
"HiG_6"	0	"CD34"	534.5	"HiG"
"HiG_6"	201968385583.995	"GAS6"	435	"HiG"
"HiG_6"	55203571177427512	"TEK"	25	"HiG"
"HiG_6"	0	"TFPI"	534.5	"HiG"
"HiG_6"	5398877915112.35	"GNGT2"	407	"HiG"
"HiG_6"	14467078324454978	"UPP1"	88	"HiG"
"HiG_6"	0	"IFRD2"	534.5	"HiG"
"HiG_6"	903500351763651	"XBP1"	260	"HiG"
"HiG_6"	0	"ETV2"	534.5	"HiG"
"HiG_6"	0	"IER2"	534.5	"HiG"
"HiG_6"	11578852950335988	"S100A16"	104	"HiG"
"HiG_6"	5085173855155709	"SOX4"	152	"HiG"
"HiG_6"	17823898306666686	"UBE2C"	80	"HiG"
"HiG_6"	194584664603002	"LAPTM4B"	329	"HiG"
"HiG_6"	38301197979726.4	"SRM"	375	"HiG"
"HiG_6"	0	"ECSCR"	534.5	"HiG"
"HiG_6"	222130104457.818	"TNFAIP2"	434	"HiG"
"HiG_6"	364030971207941	"TMSB10"	298	"HiG"
"HiG_6"	0	"TMEM256"	534.5	"HiG"
"HiG_6"	0	"SH3BGRL3"	534.5	"HiG"
"HiG_6"	16768221347757730	"MSMO1"	81	"HiG"
"HiG_6"	1257.60368087745	"SLC31A2"	461	"HiG"
"HiG_6"	0	"KRCC1"	534.5	"HiG"
"HiG_6"	281332745970114	"APLN"	310	"HiG"
"HiG_6"	13615889028692558	"GPSM3"	95	"HiG"
"HiG_6"	35012056847584200	"NECTIN2"	44	"HiG"
"HiG_6"	13580729778440650	"OST4"	96	"HiG"
"HiG_6"	0	"LYVE1"	534.5	"HiG"
"HiG_6"	35433708100584.5	"TMBIM6"	377	"HiG"
"HiG_6"	321.751485770182	"MT-CO3"	480	"HiG"
"HiG_6"	207808467100438	"IGFBP4"	325	"HiG"
"HiG_6"	1883941043072264	"SMS"	217	"HiG"
"HiG_6"	2239.71574049693	"ITM2A"	444	"HiG"
"HiG_6"	682.411401393508	"PMP22"	470	"HiG"
"HiG_6"	808328448907.071	"EVA1B"	423	"HiG"
"HiG_6"	0	"CD302"	534.5	"HiG"
"HiG_6"	0	"CRACR2B"	534.5	"HiG"
"HiG_6"	1318.28048403738	"MYZAP"	458	"HiG"
"HiG_6"	10336399691424.1	"TNFAIP1"	400	"HiG"
"HiG_6"	105716664387938	"MANF"	347	"HiG"
"HiG_6"	0	"GJA4"	534.5	"HiG"
"HiG_6"	832.997592859171	"SELENOK"	466	"HiG"
"HiG_6"	0	"PLAC1"	534.5	"HiG"
"HiG_6"	0	"PRELID1"	534.5	"HiG"
"HiG_6"	2159.97003946756	"OAF"	445	"HiG"
"HiG_6"	67721934069147400	"LRP10"	19	"HiG"
"HiG_6"	0	"LRP11"	534.5	"HiG"
"HiG_6"	7291461142265455	"MGAT2"	129	"HiG"
"HiG_6"	0	"GMPR"	534.5	"HiG"
"HiG_6"	212777772637892	"LPAR6"	322	"HiG"
"HiG_6"	1443.34779409375	"FAM43A"	456	"HiG"
"HiG_6"	0	"RSPO3"	534.5	"HiG"
"HiG_6"	0	"OAZ2"	534.5	"HiG"
"HiG_6"	32492902371280860	"SCARB1"	51	"HiG"
"HiG_6"	592.515914509894	"SLC43A3"	472	"HiG"
"HiG_6"	21415399096997352	"RASIP1"	72	"HiG"
"HiG_6"	5419717474289562	"YIF1B"	149	"HiG"
"HiG_6"	0	"SMAGP"	534.5	"HiG"
"HiG_6"	0	"PTPN18"	534.5	"HiG"
"HiG_6"	2362109013216728	"APLNR"	201	"HiG"
"HiG_6"	51176314459.7714	"RBPMS2"	438	"HiG"
"HiG_6"	2899.05282457612	"GIMAP1"	442	"HiG"
"HiG_6"	0	"STARD3NL"	534.5	"HiG"
"HiG_6"	0	"CMTM8"	534.5	"HiG"
"HiG_6"	0	"CYP26A1"	534.5	"HiG"
"HiG_6"	2524871206414.21	"MMD"	412	"HiG"
"HiG_6"	0	"F2RL3"	534.5	"HiG"
"HiG_6"	1319.63962832388	"STARD8"	457	"HiG"
"HiG_6"	461060207868686	"OIT3"	290	"HiG"
"HiG_6"	1878164195062570	"VAMP5"	218	"HiG"
"HiG_6"	835945292868510	"TIE1"	268	"HiG"
"HiG_6"	5450526972014.65	"TMEM88"	405	"HiG"
"HiG_6"	0	"SLC50A1"	534.5	"HiG"
"HiG_6"	837013759930624	"TSPAN4"	267	"HiG"
"HiG_6"	24976721515327592	"GPR182"	67	"HiG"
"HiG_6"	0	"HGSNAT"	534.5	"HiG"
"HiG_6"	106005971807309	"MFAP2"	346	"HiG"
"HiG_6"	59558771865303720	"TMEM59"	21	"HiG"
"HiG_6"	7586490408188904	"TPST2"	125	"HiG"
"HiG_6"	311269978669238	"TSPAN8"	304	"HiG"
"HiG_6"	0	"UBALD2"	534.5	"HiG"
"HiG_6"	0	"SELENOH"	534.5	"HiG"
"HiG_6"	0	"MFNG"	534.5	"HiG"
"HiG_6"	0	"GIMAP4"	534.5	"HiG"
"HiG_6"	545031933812.568	"VGLL4"	426	"HiG"
"HiG_6"	2057.45383013139	"TSPAN18"	446	"HiG"
"HiG_6"	0	"KLF7"	534.5	"HiG"
"HiG_6"	0	"TMEM158"	534.5	"HiG"
"HiG_6"	0	"SHISA5"	534.5	"HiG"
"HiG_6"	14720027403821518	"ZFP36L1"	87	"HiG"
"HiG_6"	1991.48586288549	"WSB1"	449	"HiG"
"HiG_6"	355362960168852416	"ZYX"	2	"HiG"
"HiG_6"	0	"IFITM2"	534.5	"HiG"
"HiG_6"	0	"NUDT4"	534.5	"HiG"
"HiG_6"	0	"MXRA7"	534.5	"HiG"
"HiG_6"	0	"IFITM1"	534.5	"HiG"
"HiG_6"	0	"NRARP"	534.5	"HiG"
"HiG_6"	0	"TSPAN13"	534.5	"HiG"
"HiG_6"	0	"TM6SF1"	534.5	"HiG"
"HiG_6"	0	"THSD1"	534.5	"HiG"
"HiG_9"	388158115737761	"MAGED1"	256	"HiG"
"HiG_9"	227298229674222688	"HDAC1"	17	"HiG"
"HiG_9"	75300611120040320	"JUN"	50	"HiG"
"HiG_9"	112795803267085328	"HDAC2"	38	"HiG"
"HiG_9"	518032881664866	"HES1"	251	"HiG"
"HiG_9"	5037576474554525	"TEAD2"	172	"HiG"
"HiG_9"	35459215327514500	"HSP90AB1"	83	"HiG"
"HiG_9"	58919430795529.1	"ID3"	289	"HiG"
"HiG_9"	63192515743913360	"FUS"	54	"HiG"
"HiG_9"	744882067531891712	"APP"	4	"HiG"
"HiG_9"	128409002627474384	"CCND1"	33	"HiG"
"HiG_9"	132901169107989152	"CD81"	30	"HiG"
"HiG_9"	98340685752114768	"CCT4"	43	"HiG"
"HiG_9"	245350944867814	"ARL3"	267	"HiG"
"HiG_9"	2344528999969418	"HSPA8"	205	"HiG"
"HiG_9"	746022619577273	"CCNB1"	245	"HiG"
"HiG_9"	50825133454930176	"EZH2"	64	"HiG"
"HiG_9"	892630103173587	"PABPC1"	241	"HiG"
"HiG_9"	127509316348531552	"PRMT1"	35	"HiG"
"HiG_9"	44532539114038464	"NOP56"	71	"HiG"
"HiG_9"	4253890271677998	"TCF3"	179	"HiG"
"HiG_9"	5896082390076554	"DDX5"	167	"HiG"
"HiG_9"	3859146418664595	"RBBP7"	183	"HiG"
"HiG_9"	0	"EBF1"	407	"HiG"
"HiG_9"	2023176968720548	"ID1"	215	"HiG"
"HiG_9"	585895691214141	"ID2"	249	"HiG"
"HiG_9"	592339697854730	"LMO4"	248	"HiG"
"HiG_9"	704623087677541	"FOXP1"	246	"HiG"
"HiG_9"	95939357464084.8	"MEIS2"	279	"HiG"
"HiG_9"	36030918605558600	"MYCN"	80	"HiG"
"HiG_9"	9318280851367520	"KHDRBS1"	146	"HiG"
"HiG_9"	36192315265604424	"TRIM28"	79	"HiG"
"HiG_9"	533271247625.803	"PDLIM4"	317	"HiG"
"HiG_9"	959059486216292	"IVNS1ABP"	236	"HiG"
"HiG_9"	4682343176707506	"DEK"	176	"HiG"
"HiG_9"	14765768609295256	"HELLS"	126	"HiG"
"HiG_9"	10295710341694098	"RBBP4"	142	"HiG"
"HiG_9"	15609142044888146	"RUVBL2"	121	"HiG"
"HiG_9"	3821111421127109	"ASF1A"	185	"HiG"
"HiG_9"	36687763564389592	"ILF2"	78	"HiG"
"HiG_9"	3825844932730141	"ACIN1"	184	"HiG"
"HiG_9"	4806420177272312	"DNAJA1"	174	"HiG"
"HiG_9"	201.188204831341	"KPNA2"	368	"HiG"
"HiG_9"	16928629792030210	"SFPQ"	117	"HiG"
"HiG_9"	13511180668913222	"NONO"	130	"HiG"
"HiG_9"	25305524343350528	"HMGA2"	98	"HiG"
"HiG_9"	0	"FRZB"	407	"HiG"
"HiG_9"	153037722.631549	"SFRP1"	328	"HiG"
"HiG_9"	0	"CITED2"	407	"HiG"
"HiG_9"	210122926131948	"CCNE1"	268	"HiG"
"HiG_9"	108535484158713312	"HSPA5"	40	"HiG"
"HiG_9"	6348750816435851	"CBX1"	163	"HiG"
"HiG_9"	41081470673876352	"HSP90AA1"	74	"HiG"
"HiG_9"	7153507343204672	"PKM"	159	"HiG"
"HiG_9"	47125389202674.9	"ENO1"	293	"HiG"
"HiG_9"	28519594179822.5	"ALDOA"	299	"HiG"
"HiG_9"	5270949319838197	"SET"	171	"HiG"
"HiG_9"	17543998831937574	"CCT8"	116	"HiG"
"HiG_9"	298752821872844	"ANP32A"	260	"HiG"
"HiG_9"	882182794671529	"CCND2"	242	"HiG"
"HiG_9"	557756208003277056	"HSP90B1"	5	"HiG"
"HiG_9"	113549137419931	"CNN3"	276	"HiG"
"HiG_9"	3415616641783596	"NPM1"	189	"HiG"
"HiG_9"	435936107301650752	"NEDD4"	10	"HiG"
"HiG_9"	39201157037192.1	"PFN2"	295	"HiG"
"HiG_9"	230591680385615200	"NCL"	16	"HiG"
"HiG_9"	61045464596196984	"SLC25A5"	56	"HiG"
"HiG_9"	297865225699458	"RCOR2"	261	"HiG"
"HiG_9"	108906222398842896	"IGF2BP1"	39	"HiG"
"HiG_9"	60707354168105192	"YWHAE"	57	"HiG"
"HiG_9"	22296391041784.5	"GAPDH"	301	"HiG"
"HiG_9"	1189609162104998	"DBN1"	230	"HiG"
"HiG_9"	150994152117656032	"MAPK3"	28	"HiG"
"HiG_9"	18099936775904612	"FGFR1"	115	"HiG"
"HiG_9"	7163053668791378	"APOE"	158	"HiG"
"HiG_9"	190317828993136736	"UBC"	20	"HiG"
"HiG_9"	530546922256.189	"SIX1"	318	"HiG"
"HiG_9"	14323998507388970	"APEX1"	127	"HiG"
"HiG_9"	1016513555313436	"EPOP"	235	"HiG"
"HiG_9"	8054299068680358	"RFC3"	151	"HiG"
"HiG_9"	31055903837981508	"EIF4A1"	94	"HiG"
"HiG_9"	11451254978856244	"RPL7A"	138	"HiG"
"HiG_9"	128606412511031360	"TOP1"	32	"HiG"
"HiG_9"	1410800105273402	"GJC1"	224	"HiG"
"HiG_9"	43911484637290408	"GJA1"	73	"HiG"
"HiG_9"	111853903848399	"ATXN10"	278	"HiG"
"HiG_9"	1225255995234514	"BZW2"	229	"HiG"
"HiG_9"	515153267986972	"CNN2"	252	"HiG"
"HiG_9"	35489805345314612	"HSPD1"	82	"HiG"
"HiG_9"	9396851795447180	"MCM5"	145	"HiG"
"HiG_9"	4405920162495656	"G3BP2"	177	"HiG"
"HiG_9"	3173180972298576	"GNL3"	191	"HiG"
"HiG_9"	21371708169036724	"GTPBP4"	105	"HiG"
"HiG_9"	187957242300.967	"PTOV1"	321	"HiG"
"HiG_9"	47450113491072280	"TUBA1A"	67	"HiG"
"HiG_9"	59125962566818.1	"CACYBP"	288	"HiG"
"HiG_9"	3030805328400168	"FERMT2"	193	"HiG"
"HiG_9"	27376087944379332	"NDN"	95	"HiG"
"HiG_9"	12490425851266452	"ITGB5"	134	"HiG"
"HiG_9"	935318362192740	"EFNB1"	237	"HiG"
"HiG_9"	32247237581934556	"LMNB1"	88	"HiG"
"HiG_9"	653.813424706207	"PRRX1"	349	"HiG"
"HiG_9"	0	"PRRX2"	407	"HiG"
"HiG_9"	818085436902016	"ENO3"	244	"HiG"
"HiG_9"	58046185990902080	"ETFB"	58	"HiG"
"HiG_9"	22915520814166468	"HNRNPA1"	102	"HiG"
"HiG_9"	993793721.59913	"BNIP3"	327	"HiG"
"HiG_9"	40358107605809.1	"ACVR2B"	294	"HiG"
"HiG_9"	1585115007266500	"GNAS"	221	"HiG"
"HiG_9"	112687171458640	"IFT74"	277	"HiG"
"HiG_9"	707.191537715251	"BMP7"	346	"HiG"
"HiG_9"	132910977778161	"FST"	273	"HiG"
"HiG_9"	4840843692427562	"CDC20"	173	"HiG"
"HiG_9"	4401556759018.68	"PAFAH1B3"	311	"HiG"
"HiG_9"	24836737539021.1	"IGF2"	300	"HiG"
"HiG_9"	9606088896206098	"DAB2"	144	"HiG"
"HiG_9"	50153608190687440	"RTN4"	65	"HiG"
"HiG_9"	6773122219818990	"SAP30"	161	"HiG"
"HiG_9"	572.27567646751	"BEX3"	355	"HiG"
"HiG_9"	0	"LDHA"	407	"HiG"
"HiG_9"	540984123280003136	"CALM2"	6	"HiG"
"HiG_9"	450096269515912	"MYL12B"	253	"HiG"
"HiG_9"	2704820639167558	"FABP5"	199	"HiG"
"HiG_9"	355155238576757	"CALD1"	258	"HiG"
"HiG_9"	3439262205564390	"PFKL"	187	"HiG"
"HiG_9"	55514002665123880	"TPI1"	59	"HiG"
"HiG_9"	7033514634720.49	"EIF4EBP1"	307	"HiG"
"HiG_9"	10356170057122178	"FBLN1"	140	"HiG"
"HiG_9"	3091313595907450	"PIM1"	192	"HiG"
"HiG_9"	170565119654147	"CDKN1C"	270	"HiG"
"HiG_9"	902866965887336	"SDC1"	239	"HiG"
"HiG_9"	0	"GAS1"	407	"HiG"
"HiG_9"	0	"FBXO5"	407	"HiG"
"HiG_9"	2023968148318712	"RPS26"	214	"HiG"
"HiG_9"	6855324467746277	"PRDX1"	160	"HiG"
"HiG_9"	1868991729562704	"PA2G4"	218	"HiG"
"HiG_9"	4687397076376641	"ANP32B"	175	"HiG"
"HiG_9"	265791807754639	"CSRP2"	264	"HiG"
"HiG_9"	3003062950840260	"DKC1"	194	"HiG"
"HiG_9"	2257195018389405	"CLIC1"	208	"HiG"
"HiG_9"	898332157698156	"ARF4"	240	"HiG"
"HiG_9"	1231791496604966	"EBNA1BP2"	228	"HiG"
"HiG_9"	5328431874962439	"DCAKD"	170	"HiG"
"HiG_9"	71479945222770504	"CKAP4"	51	"HiG"
"HiG_9"	292530834329039	"RBP1"	262	"HiG"
"HiG_9"	4453984653226.32	"SIVA1"	310	"HiG"
"HiG_9"	0	"CTSL"	407	"HiG"
"HiG_9"	487.56721953929	"TCF15"	357	"HiG"
"HiG_9"	1314211893109094	"GDI2"	226	"HiG"
"HiG_9"	57231398106672.8	"HSPE1"	290	"HiG"
"HiG_9"	6487201161466502	"PDIA6"	162	"HiG"
"HiG_9"	2308560994312.84	"LAPTM4A"	313	"HiG"
"HiG_9"	22018506146159480	"ANP32E"	103	"HiG"
"HiG_9"	0	"PNRC1"	407	"HiG"
"HiG_9"	7452189840433106	"SRRM2"	154	"HiG"
"HiG_9"	44342348588891184	"HAT1"	72	"HiG"
"HiG_9"	121518698966991232	"PPP1CB"	37	"HiG"
"HiG_9"	1371664550593712	"TXNL1"	225	"HiG"
"HiG_9"	3775333324586660	"POLR2H"	186	"HiG"
"HiG_9"	8290158613433584	"PPID"	149	"HiG"
"HiG_9"	12692427645310234	"HNRNPDL"	133	"HiG"
"HiG_9"	0	"ARL6IP1"	407	"HiG"
"HiG_9"	1139567179289898	"LUC7L3"	232	"HiG"
"HiG_9"	28871760071436.8	"AUTS2"	297	"HiG"
"HiG_9"	7839312637643242	"PRDX2"	152	"HiG"
"HiG_9"	628129398093210	"RCN2"	247	"HiG"
"HiG_9"	31867417463772968	"BASP1"	90	"HiG"
"HiG_9"	2702677913112390	"FKBP4"	200	"HiG"
"HiG_9"	259203987757648	"GLUL"	265	"HiG"
"HiG_9"	21111371168591900	"MAT2A"	106	"HiG"
"HiG_9"	0	"NFIL3"	407	"HiG"
"HiG_9"	7673188687524099	"TPM1"	153	"HiG"
"HiG_9"	589.374677585839	"PEG3"	351	"HiG"
"HiG_9"	1878920374656302	"S100A10"	217	"HiG"
"HiG_9"	0	"TIMM8A1"	407	"HiG"
"HiG_9"	576.134743337486	"TIMM8B"	353	"HiG"
"HiG_9"	11700541896614236	"DUT"	137	"HiG"
"HiG_9"	17877096215701.6	"MDK"	305	"HiG"
"HiG_9"	333028925588095040	"MAGED2"	11	"HiG"
"HiG_9"	295.629665339045	"CDH11"	365	"HiG"
"HiG_9"	300930550952375	"CLNS1A"	259	"HiG"
"HiG_9"	15516361997.2922	"DCTPP1"	325	"HiG"
"HiG_9"	365184455847853	"EIF4A3"	257	"HiG"
"HiG_9"	78277320303100.3	"DDAH2"	285	"HiG"
"HiG_9"	115768520680.513	"BIRC5"	322	"HiG"
"HiG_9"	3929924429587748	"LPAR1"	182	"HiG"
"HiG_9"	31467609936351084	"SNAI1"	92	"HiG"
"HiG_9"	2424897587919180	"BCAT1"	204	"HiG"
"HiG_9"	90064287314944.4	"SNRPN"	281	"HiG"
"HiG_9"	245550241989987008	"HNRNPA3"	15	"HiG"
"HiG_9"	2160573989347758	"PRDX4"	210	"HiG"
"HiG_9"	48292625819495984	"HSD17B10"	66	"HiG"
"HiG_9"	122170043868055520	"FBL"	36	"HiG"
"HiG_9"	15537697700292166	"PAICS"	123	"HiG"
"HiG_9"	3978639977255907	"IDH2"	181	"HiG"
"HiG_9"	46125231521806920	"PLOD2"	68	"HiG"
"HiG_9"	489.673275615773	"PCOLCE"	356	"HiG"
"HiG_9"	8317249694326146	"TUBA1B"	148	"HiG"
"HiG_9"	0	"PLSCR1"	407	"HiG"
"HiG_9"	40645211748855800	"TUBB4B"	76	"HiG"
"HiG_9"	26381817424631632	"TUBB5"	97	"HiG"
"HiG_9"	51228767246455072	"SLC25A4"	62	"HiG"
"HiG_9"	13943712574141274	"FSCN1"	129	"HiG"
"HiG_9"	45912012557038952	"LDHB"	69	"HiG"
"HiG_9"	15780979742160890	"MDH1"	120	"HiG"
"HiG_9"	2635222938330946	"PGAM1"	202	"HiG"
"HiG_9"	12749437430917808	"PGK1"	132	"HiG"
"HiG_9"	247948609593338	"CFL2"	266	"HiG"
"HiG_9"	12462939233417636	"TPM2"	135	"HiG"
"HiG_9"	2687911679843110	"RALA"	201	"HiG"
"HiG_9"	128349246634000736	"RBMX"	34	"HiG"
"HiG_9"	0	"PRDX6"	407	"HiG"
"HiG_9"	52688922904470960	"FN1"	61	"HiG"
"HiG_9"	466.740223995893	"HMGB1"	359	"HiG"
"HiG_9"	38556670622848584	"MCM7"	77	"HiG"
"HiG_9"	18413258469938.6	"PTMA"	304	"HiG"
"HiG_9"	578.812760224004	"RBMXL1"	352	"HiG"
"HiG_9"	19725459357955232	"NASP"	109	"HiG"
"HiG_9"	40958445162544664	"NOP58"	75	"HiG"
"HiG_9"	1969430725269292	"RSL1D1"	216	"HiG"
"HiG_9"	1420675034953283328	"SERBP1"	1	"HiG"
"HiG_9"	5960827412508697	"SFXN1"	165	"HiG"
"HiG_9"	0	"GPX3"	407	"HiG"
"HiG_9"	2798863763671537	"HADH"	197	"HiG"
"HiG_9"	15900719781129290	"IMPDH2"	119	"HiG"
"HiG_9"	0	"CADM1"	407	"HiG"
"HiG_9"	253873239162.349	"CARNMT1"	320	"HiG"
"HiG_9"	0	"CTSZ"	407	"HiG"
"HiG_9"	0	"DBI"	407	"HiG"
"HiG_9"	20829304391810500	"EIF3M"	108	"HiG"
"HiG_9"	18359073156865728	"FAM162A"	113	"HiG"
"HiG_9"	5939086586980824	"GRHPR"	166	"HiG"
"HiG_9"	2789786007824296	"HMGB3"	198	"HiG"
"HiG_9"	3799139989704.87	"FTH1"	312	"HiG"
"HiG_9"	85461588160546.4	"PTN"	282	"HiG"
"HiG_9"	1301560527938.28	"ADK"	316	"HiG"
"HiG_9"	97240078160245136	"RANBP1"	45	"HiG"
"HiG_9"	64726437904560400	"RPS12"	53	"HiG"
"HiG_9"	393142681772174	"SNX5"	255	"HiG"
"HiG_9"	31197330013901468	"PGRMC1"	93	"HiG"
"HiG_9"	51119194066107240	"PDIA4"	63	"HiG"
"HiG_9"	2055658192144909	"TBCB"	213	"HiG"
"HiG_9"	82581547967770.2	"ADH5"	283	"HiG"
"HiG_9"	294.9482148797	"MMP14"	366	"HiG"
"HiG_9"	107456106646441888	"NMRAL1"	41	"HiG"
"HiG_9"	2328513500143992	"GSTM5"	206	"HiG"
"HiG_9"	4149603104434674	"GSTO1"	180	"HiG"
"HiG_9"	32384364836282796	"BCCIP"	87	"HiG"
"HiG_9"	0	"CST3"	407	"HiG"
"HiG_9"	5826784500130498	"EEF1E1"	168	"HiG"
"HiG_9"	24937726695699992	"MTAP"	99	"HiG"
"HiG_9"	2475242195501061	"NSUN2"	203	"HiG"
"HiG_9"	15608763088757294	"PPA1"	122	"HiG"
"HiG_9"	193215536206849888	"MARCKS"	19	"HiG"
"HiG_9"	19233712153301760	"PRKRA"	111	"HiG"
"HiG_9"	37711243459.0807	"PRPS1"	323	"HiG"
"HiG_9"	0	"DDT"	407	"HiG"
"HiG_9"	4332432309797018	"SNX6"	178	"HiG"
"HiG_9"	163196790047156	"IGFBP5"	271	"HiG"
"HiG_9"	53968274162219.2	"SPARC"	291	"HiG"
"HiG_9"	35553227643314940	"TPM4"	81	"HiG"
"HiG_9"	1466753408079217	"TXNDC12"	223	"HiG"
"HiG_9"	33792686131215076	"STMN1"	85	"HiG"
"HiG_9"	829681184532590	"UBE2E3"	243	"HiG"
"HiG_9"	78123289388370.3	"UBE2R2"	286	"HiG"
"HiG_9"	874653848582251264	"YWHAQ"	3	"HiG"
"HiG_9"	2214685326147.24	"AJUBA"	315	"HiG"
"HiG_9"	5127303802035.66	"BNIP3L"	309	"HiG"
"HiG_9"	131924698162645	"CD63"	274	"HiG"
"HiG_9"	2420696827.10083	"CDCA7"	326	"HiG"
"HiG_9"	0	"COL23A1"	407	"HiG"
"HiG_9"	0	"EMB"	407	"HiG"
"HiG_9"	20021054217965.8	"FBN2"	302	"HiG"
"HiG_9"	367.709798546495	"FSTL1"	364	"HiG"
"HiG_9"	157726466444480192	"GABARAP"	26	"HiG"
"HiG_9"	16459979759447068	"GPC3"	118	"HiG"
"HiG_9"	21518310246475532	"HMGN3"	104	"HiG"
"HiG_9"	14980370073533304	"HMGN5"	125	"HiG"
"HiG_9"	167.053339972807	"IGFBP2"	370	"HiG"
"HiG_9"	7435578348032854	"IMP3"	155	"HiG"
"HiG_9"	0	"IRX1"	407	"HiG"
"HiG_9"	2252255117292.85	"JAM3"	314	"HiG"
"HiG_9"	6332745568614218	"LUZP1"	164	"HiG"
"HiG_9"	20882387641705892	"MRTO4"	107	"HiG"
"HiG_9"	113.049833740711	"MSANTD3"	371	"HiG"
"HiG_9"	32617612255551756	"PSIP1"	86	"HiG"
"HiG_9"	1805044093266993	"PCBP4"	220	"HiG"
"HiG_9"	35447593011840488	"LIG1"	84	"HiG"
"HiG_9"	201254264575521760	"SRSF7"	18	"HiG"
"HiG_9"	1010.87913044578	"COL26A1"	335	"HiG"
"HiG_9"	11867523265845064	"TMSB4X"	136	"HiG"
"HiG_9"	0	"EBF2"	407	"HiG"
"HiG_9"	5729640661481360	"MPHOSPH8"	169	"HiG"
"HiG_9"	154109089202748544	"MCM6"	27	"HiG"
"HiG_9"	462244399336905664	"LYAR"	9	"HiG"
"HiG_9"	149949323126912064	"UHRF1"	29	"HiG"
"HiG_9"	19556768646900584	"RBMS1"	110	"HiG"
"HiG_9"	61561371204981608	"MTCH1"	55	"HiG"
"HiG_9"	9140431253892678	"GPX4"	147	"HiG"
"HiG_9"	707.072200811496	"HAPLN1"	347	"HiG"
"HiG_9"	10108042586817896	"SRSF11"	143	"HiG"
"HiG_9"	2115227998475562	"SRSF5"	212	"HiG"
"HiG_9"	98319286262076560	"EIF1B"	44	"HiG"
"HiG_9"	180075474052803552	"SRSF9"	23	"HiG"
"HiG_9"	2273772883747950	"ITM2C"	207	"HiG"
"HiG_9"	697.553614208196	"MPZL1"	348	"HiG"
"HiG_9"	375.841979429332	"PCLAF"	363	"HiG"
"HiG_9"	1498603814673316	"MARCKSL1"	222	"HiG"
"HiG_9"	0	"LIMD2"	407	"HiG"
"HiG_9"	1168341201834630	"COLEC12"	231	"HiG"
"HiG_9"	52276434192761.4	"RRM2"	292	"HiG"
"HiG_9"	393.661730336082	"SLC16A3"	362	"HiG"
"HiG_9"	7274163718115542	"RAB34"	157	"HiG"
"HiG_9"	23681575501784100	"SSR3"	100	"HiG"
"HiG_9"	909.168133689902	"KRTCAP2"	338	"HiG"
"HiG_9"	0	"CLMP"	407	"HiG"
"HiG_9"	0	"MALAT1"	407	"HiG"
"HiG_9"	574012908750264	"PLPP3"	250	"HiG"
"HiG_9"	0	"GSTA4"	407	"HiG"
"HiG_9"	2888996800914182	"SLC2A1"	196	"HiG"
"HiG_9"	131930691092537840	"TKT"	31	"HiG"
"HiG_9"	6256221194193.04	"GALK1"	308	"HiG"
"HiG_9"	0	"MOGAT2"	407	"HiG"
"HiG_9"	45093436099204944	"TWIST1"	70	"HiG"
"HiG_9"	85238985299349168	"RRS1"	48	"HiG"
"HiG_9"	732.255316475446	"CRABP1"	345	"HiG"
"HiG_9"	15811079801.8019	"ARMCX2"	324	"HiG"
"HiG_9"	7401412156227974	"PJA1"	156	"HiG"
"HiG_9"	0	"BEX2"	407	"HiG"
"HiG_9"	0	"ARXES1"	407	"HiG"
"HiG_9"	573.056255623947	"TCEAL8"	354	"HiG"
"HiG_9"	0	"TSPAN6"	407	"HiG"
"HiG_9"	18396903578844008	"SERPINH1"	112	"HiG"
"HiG_9"	65293907683432504	"FGF8"	52	"HiG"
"HiG_9"	425.219119758593	"WLS"	360	"HiG"
"HiG_9"	0	"PITX2"	407	"HiG"
"HiG_9"	32224070435626520	"RANGRF"	89	"HiG"
"HiG_9"	836.598313366125	"PHLDA1"	343	"HiG"
"HiG_9"	90956403405894.4	"ODC1"	280	"HiG"
"HiG_9"	0	"PLP2"	407	"HiG"
"HiG_9"	168406927632704448	"EFNA4"	25	"HiG"
"HiG_9"	123268062487649	"RASL11A"	275	"HiG"
"HiG_9"	10345782308569498	"NOP10"	141	"HiG"
"HiG_9"	93732254343482528	"TAGLN2"	46	"HiG"
"HiG_9"	0	"TMEM119"	407	"HiG"
"HiG_9"	3221026970655430	"DUSP6"	190	"HiG"
"HiG_9"	0	"IRX3"	407	"HiG"
"HiG_9"	11445939485665272	"HIGD1A"	139	"HiG"
"HiG_9"	171589382248948960	"HNRNPH3"	24	"HiG"
"HiG_9"	277033351673900384	"TRA2A"	13	"HiG"
"HiG_9"	15468082526735884	"MFAP4"	124	"HiG"
"HiG_9"	0	"CTXN1"	407	"HiG"
"HiG_9"	0	"MYL7"	407	"HiG"
"HiG_9"	98404953682563072	"PPAN"	42	"HiG"
"HiG_9"	502459614805630208	"NHP2"	7	"HiG"
"HiG_9"	0	"SP5"	407	"HiG"
"HiG_9"	1273468332173272	"GCSH"	227	"HiG"
"HiG_9"	303109070689184704	"WDR12"	12	"HiG"
"HiG_9"	193957812877736	"SLBP"	269	"HiG"
"HiG_9"	1017818472200913	"FOXC2"	234	"HiG"
"HiG_9"	1107354756487628	"P4HA2"	233	"HiG"
"HiG_9"	54964800496025872	"RBPMS"	60	"HiG"
"HiG_9"	8212233490247715	"CKS2"	150	"HiG"
"HiG_9"	0	"ALX1"	407	"HiG"
"HiG_9"	893.696270035807	"CTNNBIP1"	340	"HiG"
"HiG_9"	260181278986.829	"LUM"	319	"HiG"
"HiG_9"	180640312245447424	"MORF4L2"	22	"HiG"
"HiG_9"	0	"TCEAL9"	407	"HiG"
"HiG_9"	80220066047605.2	"MEST"	284	"HiG"
"HiG_9"	928800237573440	"LSR"	238	"HiG"
"HiG_9"	1246.21623305388	"SELENOS"	332	"HiG"
"HiG_9"	2115464031614845	"TSEN34"	211	"HiG"
"HiG_9"	0	"RAMP2"	407	"HiG"
"HiG_9"	1278.62952367404	"FXYD6"	331	"HiG"
"HiG_9"	0	"NDUFA4L2"	407	"HiG"
"HiG_9"	410.748184858792	"TAX1BP3"	361	"HiG"
"HiG_9"	0	"SPTSSA"	407	"HiG"
"HiG_9"	807.669143038924	"DDIT4"	344	"HiG"
"HiG_9"	80139916829686496	"TK1"	49	"HiG"
"HiG_9"	0	"PGF"	407	"HiG"
"HiG_9"	92703252218206016	"HMGN1"	47	"HiG"
"HiG_9"	19575032564830.7	"TFPI"	303	"HiG"
"HiG_9"	0	"ATXN7L3B"	407	"HiG"
"HiG_9"	267616061869676800	"PAIP2"	14	"HiG"
"HiG_9"	12345459070150.5	"XBP1"	306	"HiG"
"HiG_9"	871.862594822215	"HSD11B2"	341	"HiG"
"HiG_9"	0	"TBX1"	407	"HiG"
"HiG_9"	0	"IER2"	407	"HiG"
"HiG_9"	18300992590031500	"SOX4"	114	"HiG"
"HiG_9"	13986940946827728	"TTC3"	128	"HiG"
"HiG_9"	469054821786511360	"NPM3"	8	"HiG"
"HiG_9"	1860694205696400	"LAPTM4B"	219	"HiG"
"HiG_9"	1456.86081858026	"SRM"	329	"HiG"
"HiG_9"	13433704266503896	"PGM2"	131	"HiG"
"HiG_9"	0	"RSPO1"	407	"HiG"
"HiG_9"	0	"FZD2"	407	"HiG"
"HiG_9"	421091179751348	"SOCS2"	254	"HiG"
"HiG_9"	2959394673849134	"TMSB10"	195	"HiG"
"HiG_9"	23411098152821080	"NECTIN2"	101	"HiG"
"HiG_9"	910.51034043103	"PTGIS"	337	"HiG"
"HiG_9"	67198461743031.7	"TMBIM6"	287	"HiG"
"HiG_9"	35131484150091.4	"IGFBP4"	296	"HiG"
"HiG_9"	185306448436710144	"SMS"	21	"HiG"
"HiG_9"	951.220329543913	"ITM2A"	336	"HiG"
"HiG_9"	28560499378600.8	"EVA1B"	298	"HiG"
"HiG_9"	0	"SMOC1"	407	"HiG"
"HiG_9"	631.66295924682	"METTL9"	350	"HiG"
"HiG_9"	141169179466715	"TNFAIP1"	272	"HiG"
"HiG_9"	0	"CTHRC1"	407	"HiG"
"HiG_9"	1174.57089184825	"SELENOK"	333	"HiG"
"HiG_9"	0	"PRELID1"	407	"HiG"
"HiG_9"	0	"OAF"	407	"HiG"
"HiG_9"	275966373654937	"TSPAN3"	263	"HiG"
"HiG_9"	469.051334693906	"LRIG3"	358	"HiG"
"HiG_9"	0	"PPP1R1A"	407	"HiG"
"HiG_9"	170.05415602869	"LPAR6"	369	"HiG"
"HiG_9"	0	"OAZ2"	407	"HiG"
"HiG_9"	0	"SHISA2"	407	"HiG"
"HiG_9"	0	"FOXD1"	407	"HiG"
"HiG_9"	0	"PRTG"	407	"HiG"
"HiG_9"	0	"SOX11"	407	"HiG"
"HiG_9"	2198658504970447	"GPX8"	209	"HiG"
"HiG_9"	0	"CYP26A1"	407	"HiG"
"HiG_9"	0	"CCDC34"	407	"HiG"
"HiG_9"	0	"NKD1"	407	"HiG"
"HiG_9"	902.335852926488	"TMEM88"	339	"HiG"
"HiG_9"	1068.69518340186	"SERF1"	334	"HiG"
"HiG_9"	263.905686816521	"VCAN"	367	"HiG"
"HiG_9"	843.646302225978	"MFAP2"	342	"HiG"
"HiG_9"	0	"IRX5"	407	"HiG"
"HiG_9"	31517176737359712	"TMEM59"	91	"HiG"
"HiG_9"	1285.25307175944	"SELENOH"	330	"HiG"
"HiG_9"	982596265316965760	"ZCCHC3"	2	"HiG"
"HiG_9"	0	"VGLL4"	407	"HiG"
"HiG_9"	0	"PPDPF"	407	"HiG"
"HiG_9"	0	"PIGX"	407	"HiG"
"HiG_9"	3428465849304770	"TGIF1"	188	"HiG"
"HiG_9"	27199131959663432	"ZFP36L1"	96	"HiG"
"HiG_9"	0	"WSB1"	407	"HiG"
"HiG_9"	0	"IFITM2"	407	"HiG"
"HiG_9"	0	"TSPAN7"	407	"HiG"
"HiG_9"	0	"IFITM1"	407	"HiG"
"HiG_10"	2002900367957770496	"ACTB"	101	"HiG"
"HiG_10"	11164884201639188	"MAGED1"	351	"HiG"
"HiG_10"	11169844621390671872	"HDAC1"	25	"HiG"
"HiG_10"	4563662586191416320	"JUN"	52	"HiG"
"HiG_10"	273537811328168160	"AFDN"	221	"HiG"
"HiG_10"	31513752985196012	"HES1"	316	"HiG"
"HiG_10"	22632742644081600	"CD47"	328	"HiG"
"HiG_10"	37521642924698952	"TEAD2"	308	"HiG"
"HiG_10"	107285060637302448	"RDX"	262	"HiG"
"HiG_10"	541050454298137088	"HSP90AB1"	185	"HiG"
"HiG_10"	1113390798581828	"NRP2"	380	"HiG"
"HiG_10"	7897443394507590	"ID3"	357	"HiG"
"HiG_10"	1180736264322014208	"MSN"	125	"HiG"
"HiG_10"	605643816142.618	"F11R"	418	"HiG"
"HiG_10"	526.104835956663	"HHEX"	443	"HiG"
"HiG_10"	626183450439407616	"CCND1"	175	"HiG"
"HiG_10"	633941959550734208	"CD81"	173	"HiG"
"HiG_10"	719626127935156352	"CCT4"	161	"HiG"
"HiG_10"	874.606890967556	"ASAP1"	434	"HiG"
"HiG_10"	12761596075820658	"ARL3"	346	"HiG"
"HiG_10"	41866833083198480	"JUND"	301	"HiG"
"HiG_10"	43289617249087952	"FLT1"	300	"HiG"
"HiG_10"	142261443583651344	"HSPA8"	250	"HiG"
"HiG_10"	1407308293173715456	"CDK1"	113	"HiG"
"HiG_10"	3823299527205609984	"EZH2"	67	"HiG"
"HiG_10"	219281038063526720	"PABPC1"	234	"HiG"
"HiG_10"	466762154510263360	"NOP56"	192	"HiG"
"HiG_10"	111500880895863616	"TAL1"	261	"HiG"
"HiG_10"	654012202078269568	"DDX5"	171	"HiG"
"HiG_10"	1634553848791951872	"RBBP7"	107	"HiG"
"HiG_10"	0	"EBF1"	495	"HiG"
"HiG_10"	230587480308123808	"ID1"	231	"HiG"
"HiG_10"	124629363793733536	"ID2"	253	"HiG"
"HiG_10"	49378392834000.8	"MEIS2"	407	"HiG"
"HiG_10"	58204053234727840	"KHDRBS1"	295	"HiG"
"HiG_10"	224518940969209888	"IVNS1ABP"	233	"HiG"
"HiG_10"	24312432685911044	"DEK"	326	"HiG"
"HiG_10"	30577451653882448	"HELLS"	319	"HiG"
"HiG_10"	418891151258835776	"RBBP4"	201	"HiG"
"HiG_10"	402125114770088512	"RUVBL2"	203	"HiG"
"HiG_10"	293809934126498432	"ILF2"	218	"HiG"
"HiG_10"	162460671491323168	"DNAJA1"	245	"HiG"
"HiG_10"	13101859035260592128	"SFPQ"	21	"HiG"
"HiG_10"	5145817094699833344	"NONO"	47	"HiG"
"HiG_10"	1317643852550967808	"ACTG1"	117	"HiG"
"HiG_10"	357295362532262592	"HMGA2"	209	"HiG"
"HiG_10"	1142025552501809152	"HNRNPA2B1"	126	"HiG"
"HiG_10"	1427220586272648	"ETS2"	377	"HiG"
"HiG_10"	10513895870133520384	"HSPA5"	26	"HiG"
"HiG_10"	297570220175058240	"CBX1"	217	"HiG"
"HiG_10"	1671.83256138777	"DNMT3B"	422	"HiG"
"HiG_10"	2059563719488257536	"HSP90AA1"	100	"HiG"
"HiG_10"	2447457458040470528	"PKM"	88	"HiG"
"HiG_10"	1241.62294450917	"ENO1"	428	"HiG"
"HiG_10"	7173632618782515	"ALDOA"	360	"HiG"
"HiG_10"	2588234975397390336	"CTNNA1"	85	"HiG"
"HiG_10"	2394970426482902528	"CDH5"	90	"HiG"
"HiG_10"	21023725523754904	"SET"	329	"HiG"
"HiG_10"	682862854445979520	"CCT8"	166	"HiG"
"HiG_10"	541177573564703	"ANP32A"	389	"HiG"
"HiG_10"	29657757021680468	"CCND2"	321	"HiG"
"HiG_10"	13227595214461598	"LCP1"	345	"HiG"
"HiG_10"	19938924967471272	"PCGF5"	333	"HiG"
"HiG_10"	3901680997222622208	"DDX39B"	64	"HiG"
"HiG_10"	3082578001134917120	"HSP90B1"	77	"HiG"
"HiG_10"	41672737974522000	"ARPC1B"	302	"HiG"
"HiG_10"	34006688826106864	"CNN3"	313	"HiG"
"HiG_10"	339295630220972288	"NPM1"	213	"HiG"
"HiG_10"	419675522088947520	"ATF3"	200	"HiG"
"HiG_10"	583704364898208640	"PFN1"	177	"HiG"
"HiG_10"	3912631757150562816	"NCL"	63	"HiG"
"HiG_10"	569115228724811392	"SLC25A5"	179	"HiG"
"HiG_10"	3556934395936850	"B2M"	366	"HiG"
"HiG_10"	65646643057396768	"HOMER3"	290	"HiG"
"HiG_10"	549789784686851008	"IGF2BP1"	183	"HiG"
"HiG_10"	2426784001467117568	"YWHAE"	89	"HiG"
"HiG_10"	2495637866011607040	"DBN1"	87	"HiG"
"HiG_10"	152514624354435744	"MAP1B"	248	"HiG"
"HiG_10"	37295969620595584	"ARHGEF15"	309	"HiG"
"HiG_10"	1699602864996721664	"MAPK3"	105	"HiG"
"HiG_10"	378326549963423488	"HMGB2"	208	"HiG"
"HiG_10"	1542285005282038528	"APOE"	112	"HiG"
"HiG_10"	7518079852325711872	"UBC"	36	"HiG"
"HiG_10"	1584284508214170112	"APEX1"	111	"HiG"
"HiG_10"	23756705933193104	"EPOP"	327	"HiG"
"HiG_10"	1011934576796639232	"CALR"	133	"HiG"
"HiG_10"	678630346109642880	"EIF4A1"	167	"HiG"
"HiG_10"	1244864025980855040	"PSMD11"	121	"HiG"
"HiG_10"	485942490202062720	"RPL7A"	189	"HiG"
"HiG_10"	11408755705946176	"GATA2"	350	"HiG"
"HiG_10"	0	"FLI1"	495	"HiG"
"HiG_10"	3749602983700227584	"TOP1"	68	"HiG"
"HiG_10"	425729756752759744	"GJA1"	199	"HiG"
"HiG_10"	167876715192289824	"ANXA2"	244	"HiG"
"HiG_10"	879831544462361088	"ATXN10"	146	"HiG"
"HiG_10"	3478827074256380928	"BZW2"	73	"HiG"
"HiG_10"	79025858863392.9	"CMAS"	403	"HiG"
"HiG_10"	14093718512317534	"CNN2"	343	"HiG"
"HiG_10"	729422463410119296	"COL18A1"	158	"HiG"
"HiG_10"	13777082748121072	"EHD4"	344	"HiG"
"HiG_10"	96912073920238368	"GNB1"	269	"HiG"
"HiG_10"	2165053062335666944	"HSPD1"	96	"HiG"
"HiG_10"	4108474756638198272	"PLK1"	60	"HiG"
"HiG_10"	638875288500414464	"CALM1"	172	"HiG"
"HiG_10"	834710612295169024	"G3BP2"	150	"HiG"
"HiG_10"	478950350145594560	"GNL3"	191	"HiG"
"HiG_10"	403025907809795200	"MCM3"	202	"HiG"
"HiG_10"	14019793693951324160	"GTPBP4"	19	"HiG"
"HiG_10"	25575069023816824	"CCND3"	325	"HiG"
"HiG_10"	453652771359993088	"PTOV1"	194	"HiG"
"HiG_10"	6883733719144020992	"TUBA1A"	39	"HiG"
"HiG_10"	27515653584316588	"KRT8"	324	"HiG"
"HiG_10"	134119911692949	"LITAF"	398	"HiG"
"HiG_10"	10874569289190.1	"DYNLL1"	412	"HiG"
"HiG_10"	1288249193553248768	"CLTA"	118	"HiG"
"HiG_10"	31352826002770820	"DUSP1"	317	"HiG"
"HiG_10"	1045424876810167040	"ITGB1"	132	"HiG"
"HiG_10"	739858383388685312	"FERMT2"	156	"HiG"
"HiG_10"	1073435199842690304	"NDN"	129	"HiG"
"HiG_10"	258156979235056928	"KDR"	225	"HiG"
"HiG_10"	25824728737067200512	"HNRNPK"	11	"HiG"
"HiG_10"	271141320045907712	"P4HB"	222	"HiG"
"HiG_10"	3136484496883146240	"LMNB1"	76	"HiG"
"HiG_10"	0	"PRRX2"	495	"HiG"
"HiG_10"	782782509451453824	"HNRNPA1"	152	"HiG"
"HiG_10"	28846447127891964	"BNIP3"	322	"HiG"
"HiG_10"	159403940728204704	"GNAI2"	247	"HiG"
"HiG_10"	48328320006924872	"GNAS"	299	"HiG"
"HiG_10"	542400604180988928	"MYO1C"	184	"HiG"
"HiG_10"	18653464237738096	"CDC20"	336	"HiG"
"HiG_10"	37727337978893504	"RAN"	307	"HiG"
"HiG_10"	552.79753312798	"PAFAH1B3"	442	"HiG"
"HiG_10"	33393453481728836	"MDFI"	315	"HiG"
"HiG_10"	10407254514935776	"IGF2"	352	"HiG"
"HiG_10"	91939438753336848	"ATP2B1"	273	"HiG"
"HiG_10"	146666539027969984	"DAB2"	249	"HiG"
"HiG_10"	0	"DUSP3"	495	"HiG"
"HiG_10"	15053676254413960	"DUSP2"	340	"HiG"
"HiG_10"	930761931856474112	"RTN4"	141	"HiG"
"HiG_10"	19558255827925560	"BEX3"	334	"HiG"
"HiG_10"	0	"LDHA"	495	"HiG"
"HiG_10"	462051171764741504	"CALM2"	193	"HiG"
"HiG_10"	1747574335900176	"CSRP1"	373	"HiG"
"HiG_10"	347609021330429056	"FABP5"	210	"HiG"
"HiG_10"	15462487940528596992	"CALD1"	15	"HiG"
"HiG_10"	0	"EXOC3L4"	495	"HiG"
"HiG_10"	963551530478121216	"PFKL"	136	"HiG"
"HiG_10"	508483675660293312	"TPI1"	186	"HiG"
"HiG_10"	14200331689501170	"VAT1"	341	"HiG"
"HiG_10"	1348002044328265728	"YWHAH"	115	"HiG"
"HiG_10"	5570584046362103808	"DNAJB11"	43	"HiG"
"HiG_10"	33457546121851692	"EIF4EBP1"	314	"HiG"
"HiG_10"	4587437814357063	"RALB"	364	"HiG"
"HiG_10"	242516188580995104	"CRMP1"	229	"HiG"
"HiG_10"	12004385149176628	"VAMP8"	348	"HiG"
"HiG_10"	75688817963820528	"FBLN1"	286	"HiG"
"HiG_10"	317845444798197	"GNG2"	391	"HiG"
"HiG_10"	5353350593145005	"CDKN1C"	363	"HiG"
"HiG_10"	16733728695936722	"CYCS"	338	"HiG"
"HiG_10"	119689989090369776	"EIF3E"	255	"HiG"
"HiG_10"	1658136419551066	"FBXO5"	374	"HiG"
"HiG_10"	559088189233416256	"PDLIM7"	182	"HiG"
"HiG_10"	666938469366579712	"PPP1R15A"	169	"HiG"
"HiG_10"	1004017917183087	"EGFL7"	381	"HiG"
"HiG_10"	171354838436590528	"SEC61A1"	241	"HiG"
"HiG_10"	9185702365830288384	"PRDX1"	31	"HiG"
"HiG_10"	179363599002017248	"PA2G4"	240	"HiG"
"HiG_10"	2282903700897026	"PLEKHO1"	371	"HiG"
"HiG_10"	0	"KLF2"	495	"HiG"
"HiG_10"	563440943318177152	"ANXA5"	181	"HiG"
"HiG_10"	35694699480985880	"ARHGDIB"	311	"HiG"
"HiG_10"	392476900512987392	"RER1"	205	"HiG"
"HiG_10"	55100589569179	"ATP6V0B"	406	"HiG"
"HiG_10"	87157380665870864	"BIN1"	277	"HiG"
"HiG_10"	1716126368301613056	"ANP32B"	104	"HiG"
"HiG_10"	2186203209460788	"CSRP2"	372	"HiG"
"HiG_10"	65204830854461280	"DKC1"	291	"HiG"
"HiG_10"	50263800891052168	"CLIC1"	298	"HiG"
"HiG_10"	2656675398860689408	"ARF4"	82	"HiG"
"HiG_10"	1429045833699783	"COL4A1"	376	"HiG"
"HiG_10"	686930943018611840	"EBNA1BP2"	163	"HiG"
"HiG_10"	169989933121649472	"BRIX1"	242	"HiG"
"HiG_10"	77795587330724512	"ARPC2"	283	"HiG"
"HiG_10"	82402791166618000	"CKAP4"	282	"HiG"
"HiG_10"	101913734469801536	"CAPNS1"	265	"HiG"
"HiG_10"	3987307644238620	"COTL1"	365	"HiG"
"HiG_10"	198750148968804608	"ARPC5"	237	"HiG"
"HiG_10"	1186172330465838848	"RAB11A"	123	"HiG"
"HiG_10"	511474704004066	"RBP1"	390	"HiG"
"HiG_10"	0	"CTSL"	495	"HiG"
"HiG_10"	224603126554380800	"GDI2"	232	"HiG"
"HiG_10"	101011043669108848	"TRA2B"	266	"HiG"
"HiG_10"	2686521832511597568	"PDIA3"	81	"HiG"
"HiG_10"	261233321924991872	"PDIA6"	224	"HiG"
"HiG_10"	8374789294496034816	"ITM2B"	35	"HiG"
"HiG_10"	19671449570698.8	"LAPTM4A"	411	"HiG"
"HiG_10"	102366421715240704	"ANP32E"	264	"HiG"
"HiG_10"	7454115501948998	"PLK2"	359	"HiG"
"HiG_10"	0	"PNRC1"	495	"HiG"
"HiG_10"	89714470470932048	"TXNL1"	274	"HiG"
"HiG_10"	798539218251387008	"PPID"	151	"HiG"
"HiG_10"	14793457117820358656	"RAP1A"	16	"HiG"
"HiG_10"	101379239725386	"ARL6IP1"	401	"HiG"
"HiG_10"	665271920811912448	"TSC22D1"	170	"HiG"
"HiG_10"	72673592462205872	"RCN2"	287	"HiG"
"HiG_10"	762253976982416	"AMOTL1"	387	"HiG"
"HiG_10"	667213392816642432	"BASP1"	168	"HiG"
"HiG_10"	159904508170084768	"LMO2"	246	"HiG"
"HiG_10"	789.807424724812	"IFITM3"	435	"HiG"
"HiG_10"	237336194596486432	"JUNB"	230	"HiG"
"HiG_10"	14151008488988524	"GLUL"	342	"HiG"
"HiG_10"	692.93019257972	"CNRIP1"	438	"HiG"
"HiG_10"	244743160057758112	"MAT2A"	227	"HiG"
"HiG_10"	2335304034233976832	"TPM1"	92	"HiG"
"HiG_10"	0	"PEG3"	495	"HiG"
"HiG_10"	5632375476158125	"S100A10"	362	"HiG"
"HiG_10"	115791496770932800	"SDF2L1"	258	"HiG"
"HiG_10"	112127928639396	"CRIP2"	400	"HiG"
"HiG_10"	4750855165037914112	"GNB2"	48	"HiG"
"HiG_10"	1056673993685.04	"MDK"	416	"HiG"
"HiG_10"	1095.9855104563	"SH3BP5"	430	"HiG"
"HiG_10"	8689424335410648064	"MAGED2"	33	"HiG"
"HiG_10"	75965341493601056	"CLNS1A"	285	"HiG"
"HiG_10"	0	"DEGS1"	495	"HiG"
"HiG_10"	481.440935848999	"DCTPP1"	447	"HiG"
"HiG_10"	30465074183057056	"EIF4A3"	320	"HiG"
"HiG_10"	117551570143056000	"DDAH2"	257	"HiG"
"HiG_10"	510.879674281577	"BIRC5"	445	"HiG"
"HiG_10"	41348455971818488	"TMED9"	303	"HiG"
"HiG_10"	2729682965858276	"KLHL6"	369	"HiG"
"HiG_10"	1052204852886851584	"SRSF3"	130	"HiG"
"HiG_10"	199083775094160544	"PRDX4"	236	"HiG"
"HiG_10"	2583350576357338624	"HSD17B10"	86	"HiG"
"HiG_10"	1633911534022480640	"FBL"	108	"HiG"
"HiG_10"	83617085374315840	"PAICS"	280	"HiG"
"HiG_10"	961626968579040896	"RAB5C"	137	"HiG"
"HiG_10"	603236034432299520	"CDC42EP1"	176	"HiG"
"HiG_10"	4209265888409260544	"IDH2"	58	"HiG"
"HiG_10"	122433237590854240	"SNX2"	254	"HiG"
"HiG_10"	945561553965677568	"SLC3A2"	138	"HiG"
"HiG_10"	0	"PLVAP"	495	"HiG"
"HiG_10"	346764052322889600	"RRBP1"	211	"HiG"
"HiG_10"	10113944782455179264	"TUBB4B"	28	"HiG"
"HiG_10"	11676594035619725312	"TUBB5"	23	"HiG"
"HiG_10"	2099480475467277056	"SLC25A4"	98	"HiG"
"HiG_10"	0	"HOXB2"	495	"HiG"
"HiG_10"	83856707130444960	"FSCN1"	279	"HiG"
"HiG_10"	1323440955899102720	"MDH1"	116	"HiG"
"HiG_10"	3485328543612876800	"MYL6"	72	"HiG"
"HiG_10"	62018380729256	"PGAM1"	405	"HiG"
"HiG_10"	2277450664704805376	"PGK1"	94	"HiG"
"HiG_10"	984218244397340	"ATP6V1F"	382	"HiG"
"HiG_10"	89636676804396256	"CFL2"	275	"HiG"
"HiG_10"	765873907901170432	"PPP1R18"	155	"HiG"
"HiG_10"	2445840358224226	"ELK3"	370	"HiG"
"HiG_10"	0	"FKBP1A"	495	"HiG"
"HiG_10"	84610998638606560	"RALA"	278	"HiG"
"HiG_10"	119117149659539088	"FDPS"	256	"HiG"
"HiG_10"	0	"PRDX6"	495	"HiG"
"HiG_10"	11773073053127688192	"FN1"	22	"HiG"
"HiG_10"	139204709920972	"HMGB1"	397	"HiG"
"HiG_10"	286542170850642976	"MCM7"	219	"HiG"
"HiG_10"	35644364138331740	"PTMA"	312	"HiG"
"HiG_10"	3248375473534915072	"RPS4X"	74	"HiG"
"HiG_10"	0	"SLC2A3"	495	"HiG"
"HiG_10"	61043176043392808	"NASP"	293	"HiG"
"HiG_10"	78627156997936463872	"NOP58"	3	"HiG"
"HiG_10"	453244228095019392	"RSL1D1"	196	"HiG"
"HiG_10"	2104412887053379584	"LRRC59"	97	"HiG"
"HiG_10"	980248726145959168	"SFXN1"	135	"HiG"
"HiG_10"	0	"GPX3"	495	"HiG"
"HiG_10"	31016474322505576	"PIM3"	318	"HiG"
"HiG_10"	9267960266618701824	"ESAM"	29	"HiG"
"HiG_10"	936590502324618880	"GMPS"	139	"HiG"
"HiG_10"	558.185178626171	"CREG1"	441	"HiG"
"HiG_10"	14426579397763121152	"IMPDH2"	18	"HiG"
"HiG_10"	429090471960345216	"IPO11"	198	"HiG"
"HiG_10"	165.932318053402	"CADM1"	453	"HiG"
"HiG_10"	69787740142283408	"CARNMT1"	288	"HiG"
"HiG_10"	19154596197240804	"CRELD2"	335	"HiG"
"HiG_10"	1517.34292974593	"CRLF3"	425	"HiG"
"HiG_10"	41439361426070.8	"CTSZ"	408	"HiG"
"HiG_10"	696379834341950720	"EIF3M"	162	"HiG"
"HiG_10"	27896223469441672	"FAM162A"	323	"HiG"
"HiG_10"	397086373668087680	"GABARAPL1"	204	"HiG"
"HiG_10"	822437075588.164	"GNG11"	417	"HiG"
"HiG_10"	139909395243010992	"HMGB3"	251	"HiG"
"HiG_10"	4028374728661093888	"LGALS1"	62	"HiG"
"HiG_10"	493981356599107008	"MIF"	188	"HiG"
"HiG_10"	95412092963601808	"NDUFA8"	271	"HiG"
"HiG_10"	103117702671030560	"FTH1"	263	"HiG"
"HiG_10"	111775649126930000	"PRCP"	260	"HiG"
"HiG_10"	483477361530626048	"PTN"	190	"HiG"
"HiG_10"	3616806446074324992	"RAP1B"	70	"HiG"
"HiG_10"	1351877003667551744	"RANBP1"	114	"HiG"
"HiG_10"	918754664083067648	"RPS12"	142	"HiG"
"HiG_10"	571119152874978	"GAP43"	388	"HiG"
"HiG_10"	891.169500391531	"SELENOP"	433	"HiG"
"HiG_10"	4309581720815499776	"PPIB"	55	"HiG"
"HiG_10"	88314917067917712	"SNX3"	276	"HiG"
"HiG_10"	16440816490881318	"SNX5"	339	"HiG"
"HiG_10"	2800277634578241536	"MTDH"	79	"HiG"
"HiG_10"	13477041498221295616	"PDIA4"	20	"HiG"
"HiG_10"	58698929187689520	"TBCB"	294	"HiG"
"HiG_10"	2206765478508787968	"ADH5"	95	"HiG"
"HiG_10"	20448107785328776	"CTSH"	332	"HiG"
"HiG_10"	8923949352412554240	"TUBA1C"	32	"HiG"
"HiG_10"	8666466707768249	"MMP14"	356	"HiG"
"HiG_10"	684360380959325568	"GSTM5"	165	"HiG"
"HiG_10"	5149941449715439616	"GSTO1"	46	"HiG"
"HiG_10"	243323929843278208	"TXNDC5"	228	"HiG"
"HiG_10"	4221660440670253568	"SSB"	56	"HiG"
"HiG_10"	10431106108554401792	"BCCIP"	27	"HiG"
"HiG_10"	0	"CST3"	495	"HiG"
"HiG_10"	2282366232388760832	"DNAJC3"	93	"HiG"
"HiG_10"	868947290267527552	"MTAP"	147	"HiG"
"HiG_10"	5839920220858803200	"NSUN2"	42	"HiG"
"HiG_10"	569614716179561152	"PPA1"	178	"HiG"
"HiG_10"	91635502187590.7	"PPP1R2"	402	"HiG"
"HiG_10"	739421100171699456	"MARCKS"	157	"HiG"
"HiG_10"	66981208728823.1	"PRPS1"	404	"HiG"
"HiG_10"	4565376256915098624	"PSAT1"	51	"HiG"
"HiG_10"	429668502704928000	"RPS6KA1"	197	"HiG"
"HiG_10"	3144110878731063296	"SNX6"	75	"HiG"
"HiG_10"	21010362101676768	"SPARC"	330	"HiG"
"HiG_10"	2782408630071011328	"TPM4"	80	"HiG"
"HiG_10"	12604530673229354	"TXNDC12"	347	"HiG"
"HiG_10"	0	"PPIC"	495	"HiG"
"HiG_10"	341150406587557824	"STMN1"	212	"HiG"
"HiG_10"	719675427473494656	"UBE2E3"	160	"HiG"
"HiG_10"	568363725906571584	"TLN1"	180	"HiG"
"HiG_10"	11765074426355796	"UBE2R2"	349	"HiG"
"HiG_10"	58638073916855173120	"YWHAQ"	4	"HiG"
"HiG_10"	98680814334064720	"ABI3"	268	"HiG"
"HiG_10"	391796879877312768	"ARMCX3"	206	"HiG"
"HiG_10"	0	"BAMBI"	495	"HiG"
"HiG_10"	890784418299602432	"BNIP3L"	144	"HiG"
"HiG_10"	838908333528128	"CDCA7"	386	"HiG"
"HiG_10"	0	"EMB"	495	"HiG"
"HiG_10"	0	"FSTL1"	495	"HiG"
"HiG_10"	1183018605601880064	"GABARAP"	124	"HiG"
"HiG_10"	1774676980588054016	"GPC3"	102	"HiG"
"HiG_10"	66867904784405552	"HMGN3"	289	"HiG"
"HiG_10"	343.806161039344	"IGFBP2"	450	"HiG"
"HiG_10"	36060881827724672	"IMP3"	310	"HiG"
"HiG_10"	1585878253203214336	"KRT18"	110	"HiG"
"HiG_10"	836172294507040384	"LUZP1"	149	"HiG"
"HiG_10"	6934792622522279936	"MRTO4"	37	"HiG"
"HiG_10"	187835887549177536	"PHF6"	239	"HiG"
"HiG_10"	315701529477494	"PCBP4"	392	"HiG"
"HiG_10"	722727764232578816	"NOLC1"	159	"HiG"
"HiG_10"	634.107527442935	"RCSD1"	439	"HiG"
"HiG_10"	278957332683860960	"TMSB4X"	220	"HiG"
"HiG_10"	1.4638947107132e+19	"LYAR"	17	"HiG"
"HiG_10"	17513958506065372	"RBMS1"	337	"HiG"
"HiG_10"	6071391549654865920	"TUBB6"	40	"HiG"
"HiG_10"	684460986436235008	"MAP7D1"	164	"HiG"
"HiG_10"	5497984502280260608	"RCN1"	44	"HiG"
"HiG_10"	442.337382145233	"RBM38"	448	"HiG"
"HiG_10"	1139707342855619328	"MTCH1"	127	"HiG"
"HiG_10"	221624730900918	"ARMCX1"	395	"HiG"
"HiG_10"	0	"HAPLN1"	495	"HiG"
"HiG_10"	0	"FKBP11"	495	"HiG"
"HiG_10"	39802836869799837696	"ENG"	7	"HiG"
"HiG_10"	82446756157134448	"SRSF11"	281	"HiG"
"HiG_10"	417.981003955165	"KLK8"	449	"HiG"
"HiG_10"	1515502522197862	"SOX17"	375	"HiG"
"HiG_10"	0	"ORAI1"	495	"HiG"
"HiG_10"	3875380730048225280	"EIF1B"	65	"HiG"
"HiG_10"	933744542697711360	"SRSF9"	140	"HiG"
"HiG_10"	868264039898417920	"CD9"	148	"HiG"
"HiG_10"	2627979281659034624	"ITM2C"	83	"HiG"
"HiG_10"	10163518818271654	"MPZL1"	353	"HiG"
"HiG_10"	1156760349740980	"PCLAF"	379	"HiG"
"HiG_10"	0	"SERP1"	495	"HiG"
"HiG_10"	9037177064878618	"MARCKSL1"	355	"HiG"
"HiG_10"	0	"LIMD2"	495	"HiG"
"HiG_10"	266220997563275	"COLEC12"	394	"HiG"
"HiG_10"	40085474231222720	"RRM2"	304	"HiG"
"HiG_10"	1613890398034121984	"RIPK3"	109	"HiG"
"HiG_10"	133843861879895888	"SLC16A3"	252	"HiG"
"HiG_10"	778137239139956864	"SLC29A1"	154	"HiG"
"HiG_10"	4157098934565947904	"SH3GLB1"	59	"HiG"
"HiG_10"	501524964724796608	"SSR2"	187	"HiG"
"HiG_10"	4216084843834014208	"SSR3"	57	"HiG"
"HiG_10"	55960025908700400	"KRTCAP2"	296	"HiG"
"HiG_10"	3720530779282928640	"REEP5"	69	"HiG"
"HiG_10"	949069133556874	"MFGE8"	383	"HiG"
"HiG_10"	2923675874518706	"RALGPS2"	368	"HiG"
"HiG_10"	19676616693697609728	"RHOJ"	13	"HiG"
"HiG_10"	0	"GSTA4"	495	"HiG"
"HiG_10"	781980602311842816	"SLC2A1"	153	"HiG"
"HiG_10"	89628956221428465664	"TKT"	2	"HiG"
"HiG_10"	245743999520234816	"GALK1"	226	"HiG"
"HiG_10"	0	"MOGAT2"	495	"HiG"
"HiG_10"	48829595856590168064	"RRS1"	5	"HiG"
"HiG_10"	0	"CRABP1"	495	"HiG"
"HiG_10"	20718118913738764	"ARMCX2"	331	"HiG"
"HiG_10"	0	"BEX2"	495	"HiG"
"HiG_10"	0	"MAGEH1"	495	"HiG"
"HiG_10"	26266570434115.6	"TCEAL8"	410	"HiG"
"HiG_10"	0	"TSPAN6"	495	"HiG"
"HiG_10"	1286436868554006528	"SERPINH1"	119	"HiG"
"HiG_10"	51181940523635104	"ICAM2"	297	"HiG"
"HiG_10"	1078.22651268069	"CMTM3"	431	"HiG"
"HiG_10"	0	"BEX1"	495	"HiG"
"HiG_10"	257.277424872435	"PHLDA1"	451	"HiG"
"HiG_10"	271928199073201	"CLDN5"	393	"HiG"
"HiG_10"	0	"ODC1"	495	"HiG"
"HiG_10"	0	"PLP2"	495	"HiG"
"HiG_10"	4505280763521508352	"GADD45G"	53	"HiG"
"HiG_10"	92974915327784784	"AKR1A1"	272	"HiG"
"HiG_10"	0	"SNN"	495	"HiG"
"HiG_10"	5849946397458745344	"NOP10"	41	"HiG"
"HiG_10"	93138230766849802240	"RHOC"	1	"HiG"
"HiG_10"	29062634243239473152	"TAGLN2"	10	"HiG"
"HiG_10"	3585890028148171264	"VASP"	71	"HiG"
"HiG_10"	390372033092452864	"DUSP6"	207	"HiG"
"HiG_10"	1.8572748401017e+19	"VIM"	14	"HiG"
"HiG_10"	38819852354912616	"HIGD1A"	305	"HiG"
"HiG_10"	0	"GRAP"	495	"HiG"
"HiG_10"	11278756978523422720	"SRSF6"	24	"HiG"
"HiG_10"	0	"MYL7"	495	"HiG"
"HiG_10"	0	"RASGRP2"	495	"HiG"
"HiG_10"	4577146270536468480	"PPAN"	50	"HiG"
"HiG_10"	3861414827066299904	"NHP2"	66	"HiG"
"HiG_10"	193747224320192384	"GCSH"	238	"HiG"
"HiG_10"	992911013627636608	"SURF4"	134	"HiG"
"HiG_10"	20036814475163361280	"WDR12"	12	"HiG"
"HiG_10"	0	"BRI3"	495	"HiG"
"HiG_10"	77380413275608384	"SLBP"	284	"HiG"
"HiG_10"	1059.5599068357	"FOXC2"	432	"HiG"
"HiG_10"	3233948088243.94	"TBRG1"	415	"HiG"
"HiG_10"	113.127061423876	"LYL1"	454	"HiG"
"HiG_10"	1737026413250815488	"RBPMS"	103	"HiG"
"HiG_10"	114348357027628912	"EMILIN1"	259	"HiG"
"HiG_10"	313212438370516288	"SAT1"	215	"HiG"
"HiG_10"	0	"CLEC1B"	495	"HiG"
"HiG_10"	26486884382456.6	"CTNNBIP1"	409	"HiG"
"HiG_10"	1046042913313531264	"MORF4L2"	131	"HiG"
"HiG_10"	1279432434553464320	"PTP4A3"	120	"HiG"
"HiG_10"	0	"TCEAL9"	495	"HiG"
"HiG_10"	2613373574028494336	"AFAP1L1"	84	"HiG"
"HiG_10"	846411726865947	"KDELR2"	385	"HiG"
"HiG_10"	0	"RASGRP3"	495	"HiG"
"HiG_10"	0	"LXN"	495	"HiG"
"HiG_10"	856445152455408	"MEST"	384	"HiG"
"HiG_10"	9256142003649615872	"LSR"	30	"HiG"
"HiG_10"	0	"EMCN"	495	"HiG"
"HiG_10"	5409216818838473728	"TGFB1"	45	"HiG"
"HiG_10"	1235319272147067	"SELENOS"	378	"HiG"
"HiG_10"	268394134215209152	"TSEN34"	223	"HiG"
"HiG_10"	0	"RAMP2"	495	"HiG"
"HiG_10"	1163.59246524446	"FXYD6"	429	"HiG"
"HiG_10"	740.571930803447	"TAX1BP3"	436	"HiG"
"HiG_10"	0	"SPTSSA"	495	"HiG"
"HiG_10"	2370173745329766912	"KLF6"	91	"HiG"
"HiG_10"	4030571760384970752	"RRAS2"	61	"HiG"
"HiG_10"	0	"F2R"	495	"HiG"
"HiG_10"	47880551721396551680	"HMGN1"	6	"HiG"
"HiG_10"	0	"CD34"	495	"HiG"
"HiG_10"	0	"TFPI"	495	"HiG"
"HiG_10"	120001515359710	"GNGT2"	399	"HiG"
"HiG_10"	628329200336401408	"UPP1"	174	"HiG"
"HiG_10"	484.227026003797	"IFRD2"	446	"HiG"
"HiG_10"	7622299092702853	"PAIP2"	358	"HiG"
"HiG_10"	6815596492309.72	"XBP1"	413	"HiG"
"HiG_10"	0	"ETV2"	495	"HiG"
"HiG_10"	0	"IER2"	495	"HiG"
"HiG_10"	896754480297402112	"SOX4"	143	"HiG"
"HiG_10"	4394769778090078208	"TTC3"	54	"HiG"
"HiG_10"	35316843841881247744	"NPM3"	9	"HiG"
"HiG_10"	3782075223438.46	"LAPTM4B"	414	"HiG"
"HiG_10"	96356930608584096	"SRM"	270	"HiG"
"HiG_10"	0	"ECSCR"	495	"HiG"
"HiG_10"	100025971966009904	"TMSB10"	267	"HiG"
"HiG_10"	0	"SH3BGRL3"	495	"HiG"
"HiG_10"	2934990690476589056	"TECR"	78	"HiG"
"HiG_10"	1234269852817227520	"NECTIN2"	122	"HiG"
"HiG_10"	204832272405797504	"OST4"	235	"HiG"
"HiG_10"	1453.62800467579	"PTGIS"	426	"HiG"
"HiG_10"	2087628680738034432	"TMBIM6"	99	"HiG"
"HiG_10"	186.434916138641	"MT-CO3"	452	"HiG"
"HiG_10"	3077023779749029	"IGFBP4"	367	"HiG"
"HiG_10"	1078309601338431232	"SMS"	128	"HiG"
"HiG_10"	1549.28005089145	"ITM2A"	423	"HiG"
"HiG_10"	514.066093511497	"PMP22"	444	"HiG"
"HiG_10"	740.130054164917	"EVA1B"	437	"HiG"
"HiG_10"	0	"CD302"	495	"HiG"
"HiG_10"	623.011193735156	"MYZAP"	440	"HiG"
"HiG_10"	0	"TNFAIP1"	495	"HiG"
"HiG_10"	9226513086677842	"MANF"	354	"HiG"
"HiG_10"	0	"SELENOK"	495	"HiG"
"HiG_10"	0	"PRELID1"	495	"HiG"
"HiG_10"	0	"OAF"	495	"HiG"
"HiG_10"	0	"TSPAN3"	495	"HiG"
"HiG_10"	1665537117896522240	"SLC31A1"	106	"HiG"
"HiG_10"	0	"LRP11"	495	"HiG"
"HiG_10"	2643.77221417726	"MGAT2"	419	"HiG"
"HiG_10"	6290791269443141	"LPAR6"	361	"HiG"
"HiG_10"	168908044410777248	"FAM43A"	243	"HiG"
"HiG_10"	1932.93234295135	"RSPO3"	421	"HiG"
"HiG_10"	0	"OAZ2"	495	"HiG"
"HiG_10"	1528.12617876348	"PHLDA2"	424	"HiG"
"HiG_10"	4628118518406016000	"RASIP1"	49	"HiG"
"HiG_10"	38241327691009752	"YIF1B"	306	"HiG"
"HiG_10"	0	"SMAGP"	495	"HiG"
"HiG_10"	0	"PRTG"	495	"HiG"
"HiG_10"	317689874873945216	"APLNR"	214	"HiG"
"HiG_10"	1310.93389694753	"TRP53I11"	427	"HiG"
"HiG_10"	0	"SOX11"	495	"HiG"
"HiG_10"	0	"CMTM8"	495	"HiG"
"HiG_10"	453467479012401600	"VAMP5"	195	"HiG"
"HiG_10"	63727079447755744	"TMEM88"	292	"HiG"
"HiG_10"	887204854600252032	"TSPAN4"	145	"HiG"
"HiG_10"	2110.98580664175	"MFAP2"	420	"HiG"
"HiG_10"	6897668425350149120	"TMEM59"	38	"HiG"
"HiG_10"	8538145863285771264	"TPST2"	34	"HiG"
"HiG_10"	0	"UBALD2"	495	"HiG"
"HiG_10"	0	"SELENOH"	495	"HiG"
"HiG_10"	202722675860630	"VGLL4"	396	"HiG"
"HiG_10"	0	"TSPAN18"	495	"HiG"
"HiG_10"	0	"KLF7"	495	"HiG"
"HiG_10"	0	"TMEM158"	495	"HiG"
"HiG_10"	0	"PIGX"	495	"HiG"
"HiG_10"	0	"SOX7"	495	"HiG"
"HiG_10"	0	"GM266"	495	"HiG"
"HiG_10"	39372499451272642560	"ZFP36L1"	8	"HiG"
"HiG_10"	0	"WSB1"	495	"HiG"
"HiG_10"	0	"IFITM2"	495	"HiG"
"HiG_10"	0	"TSPAN7"	495	"HiG"
"HiG_10"	0	"IFITM1"	495	"HiG"
"HiG_10"	0	"SFT2D1"	495	"HiG"
"HiG_10"	303803923659693888	"WFDC2"	216	"HiG"
"HiG_10"	0	"TM6SF1"	495	"HiG"
"HiG_12"	2656178219992174	"PCNA"	78	"HiG"
"HiG_12"	167963262744868	"MAGED1"	198	"HiG"
"HiG_12"	31831271005684004	"HDAC1"	3	"HiG"
"HiG_12"	4961062098006.7	"AFDN"	265	"HiG"
"HiG_12"	15716148481068.3	"HES1"	253	"HiG"
"HiG_12"	32743685088133.7	"TEAD2"	239	"HiG"
"HiG_12"	8004701660202160	"HSP90AB1"	30	"HiG"
"HiG_12"	960582959825350	"NRP1"	132	"HiG"
"HiG_12"	925507666973.806	"ID3"	281	"HiG"
"HiG_12"	1260166399816796	"FUS"	122	"HiG"
"HiG_12"	38449835926314	"HOXC8"	236	"HiG"
"HiG_12"	1335251286441.46	"HOXA9"	279	"HiG"
"HiG_12"	1223032257050137	"CCND1"	124	"HiG"
"HiG_12"	804366142162428	"CD81"	138	"HiG"
"HiG_12"	4737807324551064	"CCT4"	49	"HiG"
"HiG_12"	1197879051239.3	"ARL3"	280	"HiG"
"HiG_12"	718037001026760	"HSPA8"	143	"HiG"
"HiG_12"	118111920466891	"CCNB1"	206	"HiG"
"HiG_12"	1305142876424931	"EZH2"	118	"HiG"
"HiG_12"	3374049858554676	"PRMT1"	62	"HiG"
"HiG_12"	1638362541542557	"NOP56"	103	"HiG"
"HiG_12"	2146637207810464	"TCF3"	90	"HiG"
"HiG_12"	1044468942731938	"DDX5"	129	"HiG"
"HiG_12"	5762584037432999	"RBBP7"	40	"HiG"
"HiG_12"	373.195892232414	"CDX1"	332	"HiG"
"HiG_12"	908583744305.815	"CDX2"	283	"HiG"
"HiG_12"	0	"CDX4"	379.5	"HiG"
"HiG_12"	0	"HOXB8"	379.5	"HiG"
"HiG_12"	447.547874548817	"HAND1"	327	"HiG"
"HiG_12"	36189572973.4481	"HOXA10"	298	"HiG"
"HiG_12"	0	"HOXB6"	379.5	"HiG"
"HiG_12"	385.503864117371	"HOXD1"	331	"HiG"
"HiG_12"	894.1612584563	"HOXD9"	314	"HiG"
"HiG_12"	107959353484444	"ID1"	210	"HiG"
"HiG_12"	8812620842410.79	"ID2"	261	"HiG"
"HiG_12"	227305865905.545	"LEF1"	289	"HiG"
"HiG_12"	1791262767840.96	"MEIS2"	271	"HiG"
"HiG_12"	584.954507936628	"MEIS3"	321	"HiG"
"HiG_12"	16546619718212	"MSX1"	252	"HiG"
"HiG_12"	7403512234780293	"MSX2"	32	"HiG"
"HiG_12"	5800519219140920	"MYCN"	39	"HiG"
"HiG_12"	7959316268580188	"TRIM28"	31	"HiG"
"HiG_12"	199.614572189741	"PDLIM4"	340	"HiG"
"HiG_12"	1269985418086889	"DEK"	121	"HiG"
"HiG_12"	40747916105202.8	"ARID3B"	233	"HiG"
"HiG_12"	68947965489055.5	"HELLS"	226	"HiG"
"HiG_12"	1159640054774400	"RBBP4"	126	"HiG"
"HiG_12"	7410197433286.67	"SALL4"	263	"HiG"
"HiG_12"	1360127719326916	"RUVBL2"	115	"HiG"
"HiG_12"	0	"PEG10"	379.5	"HiG"
"HiG_12"	147159085686800	"ASF1A"	201	"HiG"
"HiG_12"	2016001348188946	"ILF2"	94	"HiG"
"HiG_12"	713491162019284	"ACIN1"	145	"HiG"
"HiG_12"	1130721605913465	"DNAJA1"	127	"HiG"
"HiG_12"	296012866221195	"SFPQ"	180	"HiG"
"HiG_12"	5154592013831931	"NONO"	46	"HiG"
"HiG_12"	335663120981376	"HMGA2"	175	"HiG"
"HiG_12"	0	"CITED2"	379.5	"HiG"
"HiG_12"	24845128435392.6	"CCNE1"	245	"HiG"
"HiG_12"	1289183882018966	"HSPA5"	119	"HiG"
"HiG_12"	1878011977010351	"CBX1"	99	"HiG"
"HiG_12"	17916484742671016	"HSP90AA1"	9	"HiG"
"HiG_12"	1658547800586.22	"ENO1"	273	"HiG"
"HiG_12"	33599731530756.4	"SET"	238	"HiG"
"HiG_12"	3943429800982557	"CCT8"	55	"HiG"
"HiG_12"	1410227205408.93	"ANP32A"	277	"HiG"
"HiG_12"	2494687118725863	"CCND2"	82	"HiG"
"HiG_12"	1798.49964615891	"HAND2"	307	"HiG"
"HiG_12"	70852375467656.3	"GRB10"	225	"HiG"
"HiG_12"	1554487547962530	"DDX39B"	108	"HiG"
"HiG_12"	1335705318192617	"HSP90B1"	116	"HiG"
"HiG_12"	62585528766092.1	"CNN3"	229	"HiG"
"HiG_12"	202485991576979	"NPM1"	193	"HiG"
"HiG_12"	7055782613174409	"NCL"	34	"HiG"
"HiG_12"	2051677841252884	"SLC25A5"	92	"HiG"
"HiG_12"	3615758794240584	"DDX21"	59	"HiG"
"HiG_12"	18879135572033124	"IGF2BP1"	8	"HiG"
"HiG_12"	2163107672598253	"YWHAE"	88	"HiG"
"HiG_12"	2520349940704799	"DBN1"	81	"HiG"
"HiG_12"	86070498554468.2	"PITX1"	219	"HiG"
"HiG_12"	8592286254322388	"MAPK3"	26	"HiG"
"HiG_12"	873651704694944	"HMGB2"	134	"HiG"
"HiG_12"	4490147418897250	"LIN28A"	50	"HiG"
"HiG_12"	14999856682343184	"APEX1"	14	"HiG"
"HiG_12"	1684051558163843	"RFC3"	102	"HiG"
"HiG_12"	3017640611286406	"EIF4A1"	73	"HiG"
"HiG_12"	1628921488970980	"RPL7A"	105	"HiG"
"HiG_12"	3662996217039618	"TOP1"	58	"HiG"
"HiG_12"	284.441902693289	"GJC1"	338	"HiG"
"HiG_12"	781760524897008	"GJA1"	139	"HiG"
"HiG_12"	220304671135023	"BZW2"	191	"HiG"
"HiG_12"	11853553617213.5	"CNN2"	258	"HiG"
"HiG_12"	6087826989095277	"HDGF"	37	"HiG"
"HiG_12"	2238762169667978	"HSPD1"	85	"HiG"
"HiG_12"	445391372140224	"G3BP2"	165	"HiG"
"HiG_12"	1635094899158345	"GNL3"	104	"HiG"
"HiG_12"	528823030615742	"GTPBP4"	156	"HiG"
"HiG_12"	223866498927.763	"PTOV1"	290	"HiG"
"HiG_12"	21707326041757016	"TUBA1A"	4	"HiG"
"HiG_12"	100794665063104	"CACYBP"	212	"HiG"
"HiG_12"	65904146424640.6	"KRT8"	227	"HiG"
"HiG_12"	91720275891248.2	"FERMT2"	216	"HiG"
"HiG_12"	1523912382529179	"NDN"	111	"HiG"
"HiG_12"	248187590513163	"ITGB5"	186	"HiG"
"HiG_12"	0	"PRRX2"	379.5	"HiG"
"HiG_12"	2452839355199118	"HNRNPA1"	84	"HiG"
"HiG_12"	262418277635335	"ACVR2B"	184	"HiG"
"HiG_12"	97603295110013.4	"BMP4"	214	"HiG"
"HiG_12"	261361372816429	"CDC20"	185	"HiG"
"HiG_12"	73937007529755.2	"RARG"	224	"HiG"
"HiG_12"	3054142796945029	"RAN"	71	"HiG"
"HiG_12"	92752832688.0226	"PAFAH1B3"	295	"HiG"
"HiG_12"	901272925595.873	"IGF2"	284	"HiG"
"HiG_12"	414641959935642	"RTN4"	168	"HiG"
"HiG_12"	116598692860107	"SAP30"	208	"HiG"
"HiG_12"	447.811657657646	"BEX3"	326	"HiG"
"HiG_12"	1898856179124971	"CALM2"	97	"HiG"
"HiG_12"	132466773116232	"MYL12B"	204	"HiG"
"HiG_12"	23294120862049.5	"CSRP1"	248	"HiG"
"HiG_12"	7249847414996.72	"FABP5"	264	"HiG"
"HiG_12"	344373965127999	"CALD1"	174	"HiG"
"HiG_12"	531239390954160	"HOXB9"	155	"HiG"
"HiG_12"	10614038482745.9	"EIF4EBP1"	259	"HiG"
"HiG_12"	3074067397935.45	"FBLN1"	268	"HiG"
"HiG_12"	30084297742007.3	"CDKN1C"	242	"HiG"
"HiG_12"	191356008545620	"EIF3E"	195	"HiG"
"HiG_12"	163562522984.841	"SDC1"	292	"HiG"
"HiG_12"	14480977956692216	"C1QBP"	16	"HiG"
"HiG_12"	0	"FBXO5"	379.5	"HiG"
"HiG_12"	690578536103895	"RPS26"	147	"HiG"
"HiG_12"	2001193018252.62	"AMOT"	270	"HiG"
"HiG_12"	1244291682772571	"PRDX1"	123	"HiG"
"HiG_12"	558499432698200	"PA2G4"	152	"HiG"
"HiG_12"	26021142.57517	"FHL1"	303	"HiG"
"HiG_12"	2486439265964100	"ANP32B"	83	"HiG"
"HiG_12"	359017694577.223	"CSRP2"	287	"HiG"
"HiG_12"	111375830364006	"DKC1"	209	"HiG"
"HiG_12"	372183884839160	"CLIC1"	171	"HiG"
"HiG_12"	198514023653276	"ARF4"	194	"HiG"
"HiG_12"	821873214412412	"EBNA1BP2"	137	"HiG"
"HiG_12"	82569066911469.1	"DCAKD"	221	"HiG"
"HiG_12"	302202288229994	"BRIX1"	179	"HiG"
"HiG_12"	32384069939584452	"CKAP4"	2	"HiG"
"HiG_12"	14087848848663.4	"RBP1"	256	"HiG"
"HiG_12"	13673043011559.4	"SIVA1"	257	"HiG"
"HiG_12"	0	"CTSL"	379.5	"HiG"
"HiG_12"	134604546548152	"GDI2"	203	"HiG"
"HiG_12"	2770287365688175	"TRA2B"	75	"HiG"
"HiG_12"	1032720298266443	"PDIA3"	130	"HiG"
"HiG_12"	1579818579325.55	"HSPE1"	275	"HiG"
"HiG_12"	1858927131316320	"PDIA6"	100	"HiG"
"HiG_12"	364.947775641467	"LAPTM4A"	333	"HiG"
"HiG_12"	3022832335387882	"SRRM2"	72	"HiG"
"HiG_12"	6333757541529050	"HAT1"	36	"HiG"
"HiG_12"	27611256973641.9	"POLR2H"	243	"HiG"
"HiG_12"	3106256400362110	"PPID"	69	"HiG"
"HiG_12"	12311891911704142	"HNRNPDL"	21	"HiG"
"HiG_12"	0	"ARL6IP1"	379.5	"HiG"
"HiG_12"	76130388670554.8	"LUC7L3"	222	"HiG"
"HiG_12"	39527854901828.9	"TSC22D1"	234	"HiG"
"HiG_12"	14555676771675790	"RCN2"	15	"HiG"
"HiG_12"	9126462896618178	"BASP1"	24	"HiG"
"HiG_12"	7166633484750304	"FKBP4"	33	"HiG"
"HiG_12"	1054066648658323	"MAT2A"	128	"HiG"
"HiG_12"	307909850470493	"TPM1"	178	"HiG"
"HiG_12"	0	"PEG3"	379.5	"HiG"
"HiG_12"	1395343175517.15	"S100A10"	278	"HiG"
"HiG_12"	0	"TIMM8A1"	379.5	"HiG"
"HiG_12"	0	"TIMM8B"	379.5	"HiG"
"HiG_12"	557265673175467	"DUT"	153	"HiG"
"HiG_12"	16909351385860608	"SDF2L1"	11	"HiG"
"HiG_12"	513536813348526	"OLA1"	158	"HiG"
"HiG_12"	715.607017147822	"CRIP2"	317	"HiG"
"HiG_12"	213392626265883	"MDK"	192	"HiG"
"HiG_12"	23408652513507.8	"CLNS1A"	247	"HiG"
"HiG_12"	305148951508.444	"DCTPP1"	288	"HiG"
"HiG_12"	237766305551282	"ALDH2"	189	"HiG"
"HiG_12"	35497108605330.3	"DLK1"	237	"HiG"
"HiG_12"	145798938867996	"EIF4A3"	202	"HiG"
"HiG_12"	0	"BIRC5"	379.5	"HiG"
"HiG_12"	3201519295679904	"SNAI1"	66	"HiG"
"HiG_12"	23441668357047.4	"BCAT1"	246	"HiG"
"HiG_12"	58089449916075.3	"SNRPN"	231	"HiG"
"HiG_12"	3915271216809296	"SRSF3"	56	"HiG"
"HiG_12"	0	"DOK4"	379.5	"HiG"
"HiG_12"	328210808535230	"PRDX4"	176	"HiG"
"HiG_12"	2876827521877372	"FBL"	74	"HiG"
"HiG_12"	21220129580344772	"PAICS"	6	"HiG"
"HiG_12"	455971096819375	"TUBB4B"	164	"HiG"
"HiG_12"	3580692764642958	"TUBB5"	60	"HiG"
"HiG_12"	2027275223498852	"SLC25A4"	93	"HiG"
"HiG_12"	0	"HOXB2"	379.5	"HiG"
"HiG_12"	2721799409105723	"FSCN1"	76	"HiG"
"HiG_12"	825150656862920	"LDHB"	136	"HiG"
"HiG_12"	0	"ATP6V1F"	379.5	"HiG"
"HiG_12"	933366237382295	"CFL2"	133	"HiG"
"HiG_12"	107476758460311	"RALA"	211	"HiG"
"HiG_12"	0	"PRDX6"	379.5	"HiG"
"HiG_12"	5455206288208373	"FN1"	42	"HiG"
"HiG_12"	30573196381329.3	"HMGB1"	241	"HiG"
"HiG_12"	3064262146586950	"MCM7"	70	"HiG"
"HiG_12"	614376062920.266	"PTMA"	286	"HiG"
"HiG_12"	0	"SLC2A3"	379.5	"HiG"
"HiG_12"	693593580987675	"NASP"	146	"HiG"
"HiG_12"	4298376703488810	"NOP58"	51	"HiG"
"HiG_12"	2167444057499407	"RSL1D1"	87	"HiG"
"HiG_12"	19779060021171728	"SERBP1"	7	"HiG"
"HiG_12"	2162216356536764	"SFXN1"	89	"HiG"
"HiG_12"	347068015105847	"PPM1G"	173	"HiG"
"HiG_12"	0	"GPX3"	379.5	"HiG"
"HiG_12"	714178556941820	"GMPS"	144	"HiG"
"HiG_12"	8439430407649331	"IMPDH2"	28	"HiG"
"HiG_12"	338.149576932601	"CADM1"	335	"HiG"
"HiG_12"	509.351585295326	"CARNMT1"	324	"HiG"
"HiG_12"	100128598136616	"CHCHD4"	213	"HiG"
"HiG_12"	350257176992437	"EIF3M"	172	"HiG"
"HiG_12"	1671508335141.42	"FAM162A"	272	"HiG"
"HiG_12"	76048255000849.5	"HMGB3"	223	"HiG"
"HiG_12"	274186069022648	"COX17"	182	"HiG"
"HiG_12"	765814258352254	"LGALS1"	140	"HiG"
"HiG_12"	3773103929745145	"MRPL12"	57	"HiG"
"HiG_12"	644.335377069392	"FTH1"	320	"HiG"
"HiG_12"	0	"PPP1R14A"	379.5	"HiG"
"HiG_12"	467931941314184	"PSMB10"	163	"HiG"
"HiG_12"	333.891639784072	"ADK"	336	"HiG"
"HiG_12"	2569363692513216	"RANBP1"	79	"HiG"
"HiG_12"	1564163000712189	"RPS12"	107	"HiG"
"HiG_12"	612169530091574	"PDIA4"	151	"HiG"
"HiG_12"	129756381181266	"TBCB"	205	"HiG"
"HiG_12"	26887048601432.1	"ADH5"	244	"HiG"
"HiG_12"	150065312712290	"GSTO1"	200	"HiG"
"HiG_12"	405839483383253	"LRPAP1"	169	"HiG"
"HiG_12"	15187727213288494	"SSB"	13	"HiG"
"HiG_12"	5239073212830764	"WDR77"	44	"HiG"
"HiG_12"	5835497040118106	"BCCIP"	38	"HiG"
"HiG_12"	0	"CST3"	379.5	"HiG"
"HiG_12"	266488220352846	"EEF1E1"	183	"HiG"
"HiG_12"	386308226672875	"MTAP"	170	"HiG"
"HiG_12"	1330477238650912	"NSUN2"	117	"HiG"
"HiG_12"	4054344260946552	"PPA1"	54	"HiG"
"HiG_12"	8070248497783802	"MARCKS"	29	"HiG"
"HiG_12"	0	"PSME2"	379.5	"HiG"
"HiG_12"	0	"DDT"	379.5	"HiG"
"HiG_12"	91393341438934.4	"SNX6"	217	"HiG"
"HiG_12"	117054228312182	"SPARC"	207	"HiG"
"HiG_12"	1535214198495642	"TPM4"	110	"HiG"
"HiG_12"	1577032062072.72	"TXNDC12"	276	"HiG"
"HiG_12"	0	"PPIC"	379.5	"HiG"
"HiG_12"	288621795419058	"OAT"	181	"HiG"
"HiG_12"	3107496044551050	"STMN1"	68	"HiG"
"HiG_12"	862.598580485249	"UBE2E3"	315	"HiG"
"HiG_12"	561.689638110701	"UBE2R2"	322	"HiG"
"HiG_12"	33840076799075456	"YWHAQ"	1	"HiG"
"HiG_12"	0	"BAMBI"	379.5	"HiG"
"HiG_12"	15640992841809.4	"BNIP3L"	255	"HiG"
"HiG_12"	410.644325497077	"CDCA7"	329	"HiG"
"HiG_12"	0	"EMB"	379.5	"HiG"
"HiG_12"	74543888136.1827	"FSTL1"	296	"HiG"
"HiG_12"	363.459913062341	"GINS2"	334	"HiG"
"HiG_12"	2683880037947140	"GPC3"	77	"HiG"
"HiG_12"	0	"IGFBP2"	379.5	"HiG"
"HiG_12"	91737055595324.7	"IMP3"	215	"HiG"
"HiG_12"	1977340229.92826	"JAM3"	301	"HiG"
"HiG_12"	187970534677987	"KRT18"	197	"HiG"
"HiG_12"	552828129429681	"LUZP1"	154	"HiG"
"HiG_12"	62988647857575.7	"MMP2"	228	"HiG"
"HiG_12"	1893905023986794	"MRTO4"	98	"HiG"
"HiG_12"	190612764442145	"PSIP1"	196	"HiG"
"HiG_12"	98554764165.9917	"PCBP4"	294	"HiG"
"HiG_12"	731944897515104	"NOLC1"	142	"HiG"
"HiG_12"	16753746722485634	"LYAR"	12	"HiG"
"HiG_12"	3348352837617453	"UHRF1"	63	"HiG"
"HiG_12"	746437405370105	"RBMS1"	141	"HiG"
"HiG_12"	2065863947916600	"TUBB6"	91	"HiG"
"HiG_12"	9849667032.38446	"POLG"	299	"HiG"
"HiG_12"	15657171769073.9	"MTCH1"	254	"HiG"
"HiG_12"	1980260750510192	"MTX2"	95	"HiG"
"HiG_12"	0	"CMTM7"	379.5	"HiG"
"HiG_12"	161238558604847	"SRSF11"	199	"HiG"
"HiG_12"	19032594608450.6	"SMTNL2"	249	"HiG"
"HiG_12"	636465790254521	"SRSF9"	148	"HiG"
"HiG_12"	422623351328086	"ITM2C"	166	"HiG"
"HiG_12"	0	"CDV3"	379.5	"HiG"
"HiG_12"	485438429909725	"MPZL1"	161	"HiG"
"HiG_12"	4802523361141.29	"PCLAF"	266	"HiG"
"HiG_12"	242975187006207	"MARCKSL1"	187	"HiG"
"HiG_12"	0	"LIMD2"	379.5	"HiG"
"HiG_12"	804080402269.99	"RRM2"	285	"HiG"
"HiG_12"	0	"SLC16A3"	379.5	"HiG"
"HiG_12"	2560160264117882	"RAB34"	80	"HiG"
"HiG_12"	2776744908.53195	"PLIN2"	300	"HiG"
"HiG_12"	1604516218899.2	"PTK7"	274	"HiG"
"HiG_12"	0	"GSTA4"	379.5	"HiG"
"HiG_12"	1568915935849339	"SLC2A1"	106	"HiG"
"HiG_12"	13449860085523856	"TKT"	18	"HiG"
"HiG_12"	0	"MOGAT2"	379.5	"HiG"
"HiG_12"	3556900477211198	"TWIST1"	61	"HiG"
"HiG_12"	5615858545264045	"RRS1"	41	"HiG"
"HiG_12"	1441961908407840	"BBX"	113	"HiG"
"HiG_12"	674.421510562823	"CRABP1"	318	"HiG"
"HiG_12"	31531562787892.9	"PJA1"	240	"HiG"
"HiG_12"	0	"BEX2"	379.5	"HiG"
"HiG_12"	0	"SPIN2C"	379.5	"HiG"
"HiG_12"	0	"ARXES1"	379.5	"HiG"
"HiG_12"	0	"TCEAL8"	379.5	"HiG"
"HiG_12"	0	"TSPAN6"	379.5	"HiG"
"HiG_12"	5181735629512112	"SERPINH1"	45	"HiG"
"HiG_12"	18944285153352.9	"WLS"	250	"HiG"
"HiG_12"	0	"PITX2"	379.5	"HiG"
"HiG_12"	0	"CFC1"	379.5	"HiG"
"HiG_12"	0	"BEX1"	379.5	"HiG"
"HiG_12"	5287537189616980	"RANGRF"	43	"HiG"
"HiG_12"	433.148457508462	"ODC1"	328	"HiG"
"HiG_12"	0	"PLP2"	379.5	"HiG"
"HiG_12"	17277574784960.5	"TLN2"	251	"HiG"
"HiG_12"	0	"ABRACL"	379.5	"HiG"
"HiG_12"	487593100222206	"NOP10"	160	"HiG"
"HiG_12"	13137161815170846	"RHOC"	19	"HiG"
"HiG_12"	1497945298549460	"TAGLN2"	112	"HiG"
"HiG_12"	958.157410583516	"HOXA7"	313	"HiG"
"HiG_12"	21685642948620364	"VIM"	5	"HiG"
"HiG_12"	3327221455682116	"HNRNPH3"	64	"HiG"
"HiG_12"	10967595623758884	"SRSF6"	22	"HiG"
"HiG_12"	10050436430605002	"TRA2A"	23	"HiG"
"HiG_12"	0	"LRRC42"	379.5	"HiG"
"HiG_12"	0	"MT-ND2"	379.5	"HiG"
"HiG_12"	8595539733338654	"PPAN"	25	"HiG"
"HiG_12"	13790243110327296	"NHP2"	17	"HiG"
"HiG_12"	4762753382411624	"NDUFAF4"	48	"HiG"
"HiG_12"	518.226989397139	"GCSH"	323	"HiG"
"HiG_12"	60505978751143.6	"ORC6"	230	"HiG"
"HiG_12"	12348906497588034	"WDR12"	20	"HiG"
"HiG_12"	0	"BRI3"	379.5	"HiG"
"HiG_12"	325563212336883	"SLBP"	177	"HiG"
"HiG_12"	47820373357846.7	"P4HA2"	232	"HiG"
"HiG_12"	0	"CITED1"	379.5	"HiG"
"HiG_12"	418700432108017	"RBPMS"	167	"HiG"
"HiG_12"	0	"CTNNBIP1"	379.5	"HiG"
"HiG_12"	1813091257083585	"MORF4L2"	101	"HiG"
"HiG_12"	0	"TCEAL9"	379.5	"HiG"
"HiG_12"	259.703313525534	"MEST"	339	"HiG"
"HiG_12"	3274369713937426	"LSR"	65	"HiG"
"HiG_12"	3265.70447940253	"SELENOS"	305	"HiG"
"HiG_12"	7968061082778.76	"TSEN34"	262	"HiG"
"HiG_12"	0	"FXYD6"	379.5	"HiG"
"HiG_12"	0	"TAX1BP3"	379.5	"HiG"
"HiG_12"	0	"SPTSSA"	379.5	"HiG"
"HiG_12"	1212012383278799	"KLF6"	125	"HiG"
"HiG_12"	634426074619368	"RRAS2"	149	"HiG"
"HiG_12"	4224243136284006	"TPD52L1"	52	"HiG"
"HiG_12"	827540293956200	"PTCH1"	135	"HiG"
"HiG_12"	8470190772523973	"HMGN1"	27	"HiG"
"HiG_12"	85263501297179.3	"PODXL"	220	"HiG"
"HiG_12"	0	"COL9A1"	379.5	"HiG"
"HiG_12"	90945290624216.9	"PAIP2"	218	"HiG"
"HiG_12"	128870615048.944	"HOXC9"	293	"HiG"
"HiG_12"	238573085597206	"XBP1"	188	"HiG"
"HiG_12"	0	"IER2"	379.5	"HiG"
"HiG_12"	988944304302226	"SOX4"	131	"HiG"
"HiG_12"	3124829471204682	"RPS6KA6"	67	"HiG"
"HiG_12"	17607551546938322	"NPM3"	10	"HiG"
"HiG_12"	0	"EVX1"	379.5	"HiG"
"HiG_12"	222388046020137	"LAPTM4B"	190	"HiG"
"HiG_12"	1203.21078164349	"SRM"	311	"HiG"
"HiG_12"	5055773712447663	"ARL4C"	47	"HiG"
"HiG_12"	1084.36309593273	"TMSB10"	312	"HiG"
"HiG_12"	0	"SH3BGRL3"	379.5	"HiG"
"HiG_12"	38552062839761	"DUSP9"	235	"HiG"
"HiG_12"	0	"KRCC1"	379.5	"HiG"
"HiG_12"	1539523375639928	"NECTIN2"	109	"HiG"
"HiG_12"	244150438.208423	"TMBIM6"	302	"HiG"
"HiG_12"	0	"MT-CO3"	379.5	"HiG"
"HiG_12"	1277463609734722	"UGDH"	120	"HiG"
"HiG_12"	653.43411776808	"RSRP1"	319	"HiG"
"HiG_12"	167816610245.082	"IGFBP4"	291	"HiG"
"HiG_12"	4173177247246730	"SMS"	53	"HiG"
"HiG_12"	1372849646006796	"CCNJL"	114	"HiG"
"HiG_12"	0	"PMP22"	379.5	"HiG"
"HiG_12"	2872434209647.65	"EVA1B"	269	"HiG"
"HiG_12"	315.377420515172	"YPEL3"	337	"HiG"
"HiG_12"	3457389177731.26	"METTL9"	267	"HiG"
"HiG_12"	516593203143079	"TNFAIP1"	157	"HiG"
"HiG_12"	69865753553.6317	"MANF"	297	"HiG"
"HiG_12"	3267.63085624865	"SELENOK"	304	"HiG"
"HiG_12"	0	"PLAC1"	379.5	"HiG"
"HiG_12"	3115.2014681732	"OAF"	306	"HiG"
"HiG_12"	0	"TSPAN3"	379.5	"HiG"
"HiG_12"	0	"FOXF1"	379.5	"HiG"
"HiG_12"	0	"OAZ2"	379.5	"HiG"
"HiG_12"	1270.88216605826	"GREB1"	310	"HiG"
"HiG_12"	0	"PHLDA2"	379.5	"HiG"
"HiG_12"	510554390389853	"PRDM6"	159	"HiG"
"HiG_12"	619250579242236	"WNT5A"	150	"HiG"
"HiG_12"	0	"PRTG"	379.5	"HiG"
"HiG_12"	0	"SGCE"	379.5	"HiG"
"HiG_12"	484293517721118	"RBPMS2"	162	"HiG"
"HiG_12"	0	"SOX11"	379.5	"HiG"
"HiG_12"	6610018467382383	"GPX8"	35	"HiG"
"HiG_12"	0	"STARD3NL"	379.5	"HiG"
"HiG_12"	0	"MNS1"	379.5	"HiG"
"HiG_12"	0	"NKD1"	379.5	"HiG"
"HiG_12"	9023080246944.49	"TMEM88"	260	"HiG"
"HiG_12"	0	"SELENOM"	379.5	"HiG"
"HiG_12"	483.543180290708	"TSPAN4"	325	"HiG"
"HiG_12"	1634.4366085887	"SELENOH"	308	"HiG"
"HiG_12"	2214846768283236	"UNG"	86	"HiG"
"HiG_12"	399.164140917623	"VGLL4"	330	"HiG"
"HiG_12"	0	"PPDPF"	379.5	"HiG"
"HiG_12"	0	"TMEM158"	379.5	"HiG"
"HiG_12"	0	"PIGX"	379.5	"HiG"
"HiG_12"	1586.21802764658	"TGIF1"	309	"HiG"
"HiG_12"	0	"SLC38A4"	379.5	"HiG"
"HiG_12"	1916254278064881	"ZFP36L1"	96	"HiG"
"HiG_12"	0	"WSB1"	379.5	"HiG"
"HiG_12"	923395694459.617	"WNT5B"	282	"HiG"
"HiG_12"	0	"IFITM2"	379.5	"HiG"
"HiG_12"	0	"IFITM1"	379.5	"HiG"
"HiG_12"	820.570195778739	"WFDC2"	316	"HiG"
"HiG_14"	66599599833692.5	"MAGED1"	147	"HiG"
"HiG_14"	170376499172921	"HDAC1"	102	"HiG"
"HiG_14"	68791424761130.3	"AFDN"	146	"HiG"
"HiG_14"	1560793685718.43	"HES1"	276	"HiG"
"HiG_14"	6600035084984.05	"TEAD2"	238	"HiG"
"HiG_14"	20787086931585.4	"RDX"	196	"HiG"
"HiG_14"	211009790342039	"HSP90AB1"	86	"HiG"
"HiG_14"	0	"ID3"	399	"HiG"
"HiG_14"	524070152346.926	"HOXC8"	290	"HiG"
"HiG_14"	11767531064.2133	"HOXA9"	314	"HiG"
"HiG_14"	74994746761684.1	"CCND1"	140	"HiG"
"HiG_14"	104737815583229	"CD81"	127	"HiG"
"HiG_14"	99351294079488.9	"CCT4"	129	"HiG"
"HiG_14"	1941107975254.53	"ARL3"	271	"HiG"
"HiG_14"	188397085447498	"HSPA8"	94	"HiG"
"HiG_14"	9823648964829.44	"CCNB1"	226	"HiG"
"HiG_14"	18588030999857.7	"PABPC1"	200	"HiG"
"HiG_14"	266833756690265	"NOP56"	72	"HiG"
"HiG_14"	122353246087785	"DDX5"	115	"HiG"
"HiG_14"	54952770298120.5	"RBBP7"	160	"HiG"
"HiG_14"	489.678129322374	"CDX2"	340	"HiG"
"HiG_14"	0	"CDX4"	399	"HiG"
"HiG_14"	0	"HOXB8"	399	"HiG"
"HiG_14"	170.709784175627	"HAND1"	354	"HiG"
"HiG_14"	172.941533284016	"HOXA10"	352	"HiG"
"HiG_14"	0	"HOXB6"	399	"HiG"
"HiG_14"	0	"HOXD1"	399	"HiG"
"HiG_14"	0	"HOXD9"	399	"HiG"
"HiG_14"	27901256283662.4	"ID1"	185	"HiG"
"HiG_14"	10948610251662.2	"ID2"	218	"HiG"
"HiG_14"	0	"ISL1"	399	"HiG"
"HiG_14"	147100395254.469	"LEF1"	299	"HiG"
"HiG_14"	41133593689.7368	"MEIS2"	308	"HiG"
"HiG_14"	745063554987.554	"MSX1"	286	"HiG"
"HiG_14"	696959350530712	"MSX2"	30	"HiG"
"HiG_14"	267946524598565	"MYCN"	71	"HiG"
"HiG_14"	378697377087983	"TRIM28"	54	"HiG"
"HiG_14"	0	"PDLIM4"	399	"HiG"
"HiG_14"	28148460078377.1	"DEK"	184	"HiG"
"HiG_14"	9932108851481.23	"HELLS"	224	"HiG"
"HiG_14"	44370980754743.4	"RBBP4"	173	"HiG"
"HiG_14"	100200336699.811	"SALL4"	301	"HiG"
"HiG_14"	301658445966066	"RUVBL2"	66	"HiG"
"HiG_14"	0	"PEG10"	399	"HiG"
"HiG_14"	47084000349061	"ASF1A"	171	"HiG"
"HiG_14"	73401058523968.1	"ILF2"	142	"HiG"
"HiG_14"	209014041017780	"DNAJA1"	87	"HiG"
"HiG_14"	214177795735474	"NONO"	85	"HiG"
"HiG_14"	17831964323967.8	"ACTG1"	201	"HiG"
"HiG_14"	47528791157401.9	"HMGA2"	168	"HiG"
"HiG_14"	11139647785919.5	"CDH2"	216	"HiG"
"HiG_14"	1218.59927250403	"SFRP1"	328	"HiG"
"HiG_14"	0	"CITED2"	399	"HiG"
"HiG_14"	273686387171.133	"CCNE1"	293	"HiG"
"HiG_14"	6890382123792.65	"CCNA2"	236	"HiG"
"HiG_14"	583734851542057	"HSPA5"	37	"HiG"
"HiG_14"	95331395058415.1	"CBX1"	134	"HiG"
"HiG_14"	754060839708003	"HSP90AA1"	27	"HiG"
"HiG_14"	0	"ENO1"	399	"HiG"
"HiG_14"	62248404650.8173	"ALDOA"	304	"HiG"
"HiG_14"	3726579146311.79	"SET"	250	"HiG"
"HiG_14"	51452943214354.9	"CCT8"	165	"HiG"
"HiG_14"	1633863839698.7	"ANP32A"	275	"HiG"
"HiG_14"	26227917143439.7	"CCND2"	190	"HiG"
"HiG_14"	10913415523.8695	"PCGF5"	315	"HiG"
"HiG_14"	171.459784175627	"HAND2"	353	"HiG"
"HiG_14"	64970657999969.9	"GRB10"	149	"HiG"
"HiG_14"	70196526993992.8	"DDX39B"	145	"HiG"
"HiG_14"	47329788459250.6	"ARPC1B"	169	"HiG"
"HiG_14"	108669598338.876	"CNN3"	300	"HiG"
"HiG_14"	40590079274086.9	"NPM1"	176	"HiG"
"HiG_14"	2819640269704.02	"MYC"	259	"HiG"
"HiG_14"	148347248801826	"NCL"	108	"HiG"
"HiG_14"	126544694368735	"SLC25A5"	112	"HiG"
"HiG_14"	651163732532608	"YWHAE"	32	"HiG"
"HiG_14"	189710318407152	"DBN1"	93	"HiG"
"HiG_14"	183429429145057	"MAP1B"	96	"HiG"
"HiG_14"	1680628044341.29	"ASB4"	272	"HiG"
"HiG_14"	15135289897252.2	"PITX1"	207	"HiG"
"HiG_14"	682232109628506	"MAPK3"	31	"HiG"
"HiG_14"	2268772879335.93	"NGFR"	266	"HiG"
"HiG_14"	26631954054667	"HMGB2"	188	"HiG"
"HiG_14"	219960470270.492	"SMAD7"	294	"HiG"
"HiG_14"	256442755164288	"APOE"	78	"HiG"
"HiG_14"	1373509927552714	"UBC"	19	"HiG"
"HiG_14"	323137458283757	"LIN28A"	65	"HiG"
"HiG_14"	360361887728416	"APEX1"	58	"HiG"
"HiG_14"	46624470520679.3	"EPOP"	172	"HiG"
"HiG_14"	36784650678934	"EIF4A1"	180	"HiG"
"HiG_14"	383169544742838	"RPL7A"	53	"HiG"
"HiG_14"	614336319539907	"TOP1"	35	"HiG"
"HiG_14"	436.913723816602	"GJC1"	343	"HiG"
"HiG_14"	120261524503189	"GJA1"	119	"HiG"
"HiG_14"	149256203318579	"ATXN10"	107	"HiG"
"HiG_14"	12984081519.298	"BZW2"	313	"HiG"
"HiG_14"	202983814153.299	"CNN2"	297	"HiG"
"HiG_14"	2327102695003418	"HSPD1"	7	"HiG"
"HiG_14"	479988367223433	"G3BP2"	44	"HiG"
"HiG_14"	111207658348895	"GNL3"	124	"HiG"
"HiG_14"	1125424789367734	"GTPBP4"	21	"HiG"
"HiG_14"	604820352871.937	"PTOV1"	289	"HiG"
"HiG_14"	85883822412897.3	"TUBA1A"	135	"HiG"
"HiG_14"	6561996759462.03	"CACYBP"	239	"HiG"
"HiG_14"	20345319209184.4	"KRT8"	197	"HiG"
"HiG_14"	213249234985.542	"DYNLL1"	295	"HiG"
"HiG_14"	70808154818068.2	"ITGB1"	143	"HiG"
"HiG_14"	13872595824723.1	"FERMT2"	212	"HiG"
"HiG_14"	373778451125462	"NDN"	55	"HiG"
"HiG_14"	5070439080130.01	"ITGB5"	246	"HiG"
"HiG_14"	53609056762888.5	"KDR"	162	"HiG"
"HiG_14"	610399225041.261	"EFNB1"	288	"HiG"
"HiG_14"	1970020130449546	"HNRNPK"	8	"HiG"
"HiG_14"	549416723397637	"P4HB"	42	"HiG"
"HiG_14"	15181770235854.5	"APBB1"	206	"HiG"
"HiG_14"	368507729387849	"LMNB1"	56	"HiG"
"HiG_14"	0	"PRRX2"	399	"HiG"
"HiG_14"	3613139532.86074	"BNIP3"	320	"HiG"
"HiG_14"	5698118324337.48	"GNAS"	245	"HiG"
"HiG_14"	51599598233735.4	"COL1A1"	164	"HiG"
"HiG_14"	1165169856383.79	"IFT74"	282	"HiG"
"HiG_14"	113066651684428	"BMP4"	123	"HiG"
"HiG_14"	0	"BMP7"	399	"HiG"
"HiG_14"	19731511233582.9	"CDC20"	198	"HiG"
"HiG_14"	1643004838306.49	"IGF2"	273	"HiG"
"HiG_14"	202617522895177	"RTN4"	88	"HiG"
"HiG_14"	364.482382808844	"BEX3"	345	"HiG"
"HiG_14"	0	"LDHA"	399	"HiG"
"HiG_14"	147306628257127	"CALM2"	109	"HiG"
"HiG_14"	10559402416711	"MYL12B"	220	"HiG"
"HiG_14"	6868103161176.52	"IGF2R"	237	"HiG"
"HiG_14"	1265845255286.98	"CSRP1"	280	"HiG"
"HiG_14"	264874511202177	"CALD1"	74	"HiG"
"HiG_14"	2370173987495.93	"PRKAR2B"	265	"HiG"
"HiG_14"	1507737740900.61	"EIF4EBP1"	277	"HiG"
"HiG_14"	54526604770.5655	"VAMP8"	305	"HiG"
"HiG_14"	2616214362324.48	"FBLN1"	262	"HiG"
"HiG_14"	1639097476195.57	"CDKN1C"	274	"HiG"
"HiG_14"	3568875543315.49	"EIF3E"	251	"HiG"
"HiG_14"	54648040345209.4	"SDC1"	161	"HiG"
"HiG_14"	836145596532961	"C1QBP"	25	"HiG"
"HiG_14"	0	"GAS1"	399	"HiG"
"HiG_14"	9114508414755.24	"EFNA1"	228	"HiG"
"HiG_14"	14752045485936.2	"RPS26"	208	"HiG"
"HiG_14"	5906992148243.34	"AMOT"	243	"HiG"
"HiG_14"	51648364498305.5	"PRDX1"	163	"HiG"
"HiG_14"	6512289268192.44	"PA2G4"	240	"HiG"
"HiG_14"	7230895156307.48	"RNF128"	233	"HiG"
"HiG_14"	97580007797761.9	"ISYNA1"	132	"HiG"
"HiG_14"	47201775171474.1	"IDH3A"	170	"HiG"
"HiG_14"	3453402766864.98	"GPX1"	253	"HiG"
"HiG_14"	838459505.05104	"FHL1"	322	"HiG"
"HiG_14"	99043634432599.7	"ANP32B"	131	"HiG"
"HiG_14"	2254112292673.64	"CSRP2"	267	"HiG"
"HiG_14"	142128169857860	"DKC1"	110	"HiG"
"HiG_14"	172928950421646	"CLIC1"	100	"HiG"
"HiG_14"	9928430798671.29	"ARF4"	225	"HiG"
"HiG_14"	47606128530993.8	"EBNA1BP2"	167	"HiG"
"HiG_14"	192156950848963	"CKAP4"	91	"HiG"
"HiG_14"	0	"CAPN6"	399	"HiG"
"HiG_14"	0	"CTSL"	399	"HiG"
"HiG_14"	3224651031932.95	"GDI2"	254	"HiG"
"HiG_14"	56004490695320.9	"TRA2B"	159	"HiG"
"HiG_14"	392458053401500	"PDIA3"	50	"HiG"
"HiG_14"	8018732472446.78	"HSPE1"	230	"HiG"
"HiG_14"	65883352152734.1	"PDIA6"	148	"HiG"
"HiG_14"	8129861955.11987	"LAPTM4A"	317	"HiG"
"HiG_14"	23846743608440.9	"ANP32E"	192	"HiG"
"HiG_14"	125868453839629	"PRDX3"	113	"HiG"
"HiG_14"	199685539218409	"SRRM2"	89	"HiG"
"HiG_14"	1477008961525107	"HAT1"	18	"HiG"
"HiG_14"	16125820226628	"POLR2H"	205	"HiG"
"HiG_14"	10040557244857.3	"PPID"	222	"HiG"
"HiG_14"	564466204707268	"HNRNPDL"	41	"HiG"
"HiG_14"	0	"ARL6IP1"	399	"HiG"
"HiG_14"	19693114983873.2	"TSC22D1"	199	"HiG"
"HiG_14"	16136087905031.4	"RCN2"	204	"HiG"
"HiG_14"	330661347880051	"BASP1"	63	"HiG"
"HiG_14"	295427684382088	"FKBP4"	67	"HiG"
"HiG_14"	181087053141318	"MAT2A"	97	"HiG"
"HiG_14"	176026410247776	"TPM1"	99	"HiG"
"HiG_14"	0	"PEG3"	399	"HiG"
"HiG_14"	15396751049.8415	"SERPINE2"	311	"HiG"
"HiG_14"	2417349324.76149	"S100A10"	321	"HiG"
"HiG_14"	9419921240562.72	"DUT"	227	"HiG"
"HiG_14"	294857847029707	"SDF2L1"	68	"HiG"
"HiG_14"	1838.79652835961	"CRIP2"	325	"HiG"
"HiG_14"	1160034017469.48	"MDK"	283	"HiG"
"HiG_14"	79443173000122.5	"CLNS1A"	137	"HiG"
"HiG_14"	0	"DEGS1"	399	"HiG"
"HiG_14"	575.83711952797	"DCTPP1"	338	"HiG"
"HiG_14"	1480689249427.33	"ALDH2"	278	"HiG"
"HiG_14"	60831186266516.5	"DLK1"	154	"HiG"
"HiG_14"	3812198281400.35	"EIF4A3"	249	"HiG"
"HiG_14"	0	"BIRC5"	399	"HiG"
"HiG_14"	508316471287639	"SNAI1"	43	"HiG"
"HiG_14"	62668606476102.8	"BCAT1"	152	"HiG"
"HiG_14"	10038199859321.1	"KRT19"	223	"HiG"
"HiG_14"	2413976069908.27	"SNRPN"	264	"HiG"
"HiG_14"	81397029596895	"PHGDH"	136	"HiG"
"HiG_14"	0	"DOK4"	399	"HiG"
"HiG_14"	244144960545940	"FBL"	80	"HiG"
"HiG_14"	79101224742603.5	"PAICS"	138	"HiG"
"HiG_14"	0	"RCN3"	399	"HiG"
"HiG_14"	120136925047339	"TUBB4B"	120	"HiG"
"HiG_14"	62699468721961.4	"SLC25A4"	151	"HiG"
"HiG_14"	0	"HOXB2"	399	"HiG"
"HiG_14"	10247842276589.1	"FSCN1"	221	"HiG"
"HiG_14"	6231073456.37428	"PGAM1"	318	"HiG"
"HiG_14"	766886120661190	"PGK1"	26	"HiG"
"HiG_14"	0	"ATP6V1F"	399	"HiG"
"HiG_14"	11052604422816.3	"CFL2"	217	"HiG"
"HiG_14"	74541651521371	"RALA"	141	"HiG"
"HiG_14"	0	"PRDX6"	399	"HiG"
"HiG_14"	3661737515382710	"FN1"	2	"HiG"
"HiG_14"	182899221645.762	"HMGB1"	298	"HiG"
"HiG_14"	1074758949911364	"MCM7"	22	"HiG"
"HiG_14"	210293855854.781	"PTMA"	296	"HiG"
"HiG_14"	0	"SLC2A3"	399	"HiG"
"HiG_14"	7150451548462.99	"TBX3"	234	"HiG"
"HiG_14"	275441796359287	"NASP"	70	"HiG"
"HiG_14"	194036945045926	"NOP58"	90	"HiG"
"HiG_14"	12891078067635.5	"RSL1D1"	214	"HiG"
"HiG_14"	1686133264615158	"SERBP1"	12	"HiG"
"HiG_14"	164439438704068	"LRRC59"	103	"HiG"
"HiG_14"	160646680444571	"SFXN1"	105	"HiG"
"HiG_14"	161723663518285	"PPM1G"	104	"HiG"
"HiG_14"	0	"GPX3"	399	"HiG"
"HiG_14"	37358864797704.4	"DYNLL2"	178	"HiG"
"HiG_14"	260060743538298	"GMPS"	76	"HiG"
"HiG_14"	96116494201049.8	"IMPDH2"	133	"HiG"
"HiG_14"	224.52274137823	"CADM1"	350	"HiG"
"HiG_14"	738.000148268653	"CARNMT1"	334	"HiG"
"HiG_14"	41659483190576	"CHCHD4"	175	"HiG"
"HiG_14"	44300277635608.4	"EIF3M"	174	"HiG"
"HiG_14"	6097839990986.33	"FAM162A"	241	"HiG"
"HiG_14"	33387257435968	"GLRX5"	181	"HiG"
"HiG_14"	7448257986349.5	"HMGB3"	232	"HiG"
"HiG_14"	70238681675574.2	"COX17"	144	"HiG"
"HiG_14"	337337703742062	"LGALS1"	62	"HiG"
"HiG_14"	363689893737981	"MRPL12"	57	"HiG"
"HiG_14"	1237778289346.12	"FTH1"	281	"HiG"
"HiG_14"	0	"PPP1R14A"	399	"HiG"
"HiG_14"	292998196440979	"PSMB10"	69	"HiG"
"HiG_14"	642316595323216	"RANBP1"	33	"HiG"
"HiG_14"	176405914106150	"PPIB"	98	"HiG"
"HiG_14"	893096119019.921	"SNX5"	285	"HiG"
"HiG_14"	1563631516701478	"PDIA4"	15	"HiG"
"HiG_14"	14151610247069.5	"TBCB"	211	"HiG"
"HiG_14"	69799661329.8279	"ADH5"	303	"HiG"
"HiG_14"	726226425499.954	"MMP14"	287	"HiG"
"HiG_14"	7064853941092.46	"GSTO1"	235	"HiG"
"HiG_14"	228859218489268	"LRPAP1"	84	"HiG"
"HiG_14"	471077762281411	"SSB"	46	"HiG"
"HiG_14"	259121581382588	"BCCIP"	77	"HiG"
"HiG_14"	0	"CST3"	399	"HiG"
"HiG_14"	229181763734778	"DNAJC3"	83	"HiG"
"HiG_14"	121843374360220	"EEF1E1"	118	"HiG"
"HiG_14"	419873121983162	"MTAP"	49	"HiG"
"HiG_14"	738439398346395	"NSUN2"	28	"HiG"
"HiG_14"	385926727721510	"PPA1"	52	"HiG"
"HiG_14"	1662004694283483	"MARCKS"	13	"HiG"
"HiG_14"	0	"PSME2"	399	"HiG"
"HiG_14"	0	"DDT"	399	"HiG"
"HiG_14"	2112691363024.03	"SNX6"	268	"HiG"
"HiG_14"	17664798322834.6	"SPARC"	202	"HiG"
"HiG_14"	185458741706092	"TPM4"	95	"HiG"
"HiG_14"	113259611449490	"TXNDC12"	122	"HiG"
"HiG_14"	0	"TXNDC17"	399	"HiG"
"HiG_14"	703.032645251209	"PPIC"	336	"HiG"
"HiG_14"	3213630938155.68	"OAT"	256	"HiG"
"HiG_14"	75061213040.9606	"UBE2R2"	302	"HiG"
"HiG_14"	7620023759939660	"YWHAQ"	1	"HiG"
"HiG_14"	599.066650941412	"BAMBI"	337	"HiG"
"HiG_14"	53449946858.6182	"BNIP3L"	306	"HiG"
"HiG_14"	461.688256126836	"CDCA7"	342	"HiG"
"HiG_14"	14460707765050.7	"EFEMP2"	209	"HiG"
"HiG_14"	7945362624945.12	"FSTL1"	231	"HiG"
"HiG_14"	422.132682452247	"GINS2"	344	"HiG"
"HiG_14"	245428015791318	"GPC3"	79	"HiG"
"HiG_14"	22061464048052.9	"IMP3"	195	"HiG"
"HiG_14"	12996897061.9671	"JAM3"	312	"HiG"
"HiG_14"	58735041752000.5	"KRT18"	158	"HiG"
"HiG_14"	23652524473463.7	"LMAN2"	193	"HiG"
"HiG_14"	32126140091253.2	"LUZP1"	182	"HiG"
"HiG_14"	121899606960147	"MMP2"	117	"HiG"
"HiG_14"	1250.36273813677	"MRPL34"	327	"HiG"
"HiG_14"	581598788315632	"MRPS26"	38	"HiG"
"HiG_14"	156156817673176	"MRTO4"	106	"HiG"
"HiG_14"	64502074832726.7	"PSIP1"	150	"HiG"
"HiG_14"	1048138799166.83	"PCBP4"	284	"HiG"
"HiG_14"	28750177258724.2	"NOLC1"	183	"HiG"
"HiG_14"	1186200259120561	"LYAR"	20	"HiG"
"HiG_14"	8078912781895.41	"RBMS1"	229	"HiG"
"HiG_14"	99060458027710	"TUBB6"	130	"HiG"
"HiG_14"	25879694617229.2	"POLG"	191	"HiG"
"HiG_14"	113991747478385	"MTCH1"	121	"HiG"
"HiG_14"	124297664602077	"MTX2"	114	"HiG"
"HiG_14"	0	"CMTM7"	399	"HiG"
"HiG_14"	389887767568015	"SRSF11"	51	"HiG"
"HiG_14"	9510187899.48507	"SMTNL2"	316	"HiG"
"HiG_14"	575709895419086	"SRSF9"	39	"HiG"
"HiG_14"	10599815502815.3	"ITM2C"	219	"HiG"
"HiG_14"	0	"CDV3"	399	"HiG"
"HiG_14"	49039011933912.5	"MPZL1"	166	"HiG"
"HiG_14"	0	"PCLAF"	399	"HiG"
"HiG_14"	3216218524430.99	"RP9"	255	"HiG"
"HiG_14"	381292412513.357	"MARCKSL1"	291	"HiG"
"HiG_14"	0	"LIMD2"	399	"HiG"
"HiG_14"	2044908950817.62	"RRM2"	270	"HiG"
"HiG_14"	358.484429825604	"SLC16A3"	346	"HiG"
"HiG_14"	339737784163359	"SH3GLB1"	61	"HiG"
"HiG_14"	11643965059213.7	"RAB34"	215	"HiG"
"HiG_14"	190459470840673	"NIP7"	92	"HiG"
"HiG_14"	27362847644020.4	"SSR2"	186	"HiG"
"HiG_14"	23405920151284.4	"SSR3"	194	"HiG"
"HiG_14"	0	"KRTCAP2"	399	"HiG"
"HiG_14"	0	"MALAT1"	399	"HiG"
"HiG_14"	3847113397752.46	"PTK7"	248	"HiG"
"HiG_14"	14263513829813.5	"PLPP3"	210	"HiG"
"HiG_14"	1700062434203216	"TKT"	11	"HiG"
"HiG_14"	0	"GALK1"	399	"HiG"
"HiG_14"	0	"MOGAT2"	399	"HiG"
"HiG_14"	959647439688429	"TWIST1"	24	"HiG"
"HiG_14"	99852658735108.6	"RRS1"	128	"HiG"
"HiG_14"	140611011277840	"BBX"	111	"HiG"
"HiG_14"	0	"CRABP1"	399	"HiG"
"HiG_14"	60734439482363.4	"PJA1"	155	"HiG"
"HiG_14"	0	"BEX2"	399	"HiG"
"HiG_14"	0	"SPIN2C"	399	"HiG"
"HiG_14"	0	"TCEAL8"	399	"HiG"
"HiG_14"	1514231786088752	"SERPINH1"	17	"HiG"
"HiG_14"	1005.01891616432	"GFPT2"	330	"HiG"
"HiG_14"	122005565655682	"WLS"	116	"HiG"
"HiG_14"	0	"BEX1"	399	"HiG"
"HiG_14"	735356492796695	"RANGRF"	29	"HiG"
"HiG_14"	0	"PHLDA1"	399	"HiG"
"HiG_14"	39838021386.2927	"ODC1"	309	"HiG"
"HiG_14"	0	"PLP2"	399	"HiG"
"HiG_14"	107869998011437	"GADD45G"	126	"HiG"
"HiG_14"	52658471993.6931	"RASL11A"	307	"HiG"
"HiG_14"	40003134752055.8	"NOP10"	177	"HiG"
"HiG_14"	2716965306833814	"RHOC"	3	"HiG"
"HiG_14"	110953523444688	"TAGLN2"	125	"HiG"
"HiG_14"	0	"TMEM119"	399	"HiG"
"HiG_14"	0	"HOXA7"	399	"HiG"
"HiG_14"	1527397524527708	"VIM"	16	"HiG"
"HiG_14"	323865585390710	"HNRNPH3"	64	"HiG"
"HiG_14"	0	"PMM1"	399	"HiG"
"HiG_14"	0	"MT-ND2"	399	"HiG"
"HiG_14"	239132976564392	"PPAN"	81	"HiG"
"HiG_14"	2716684602019703	"NHP2"	4	"HiG"
"HiG_14"	4115854564982.64	"GCSH"	247	"HiG"
"HiG_14"	1738253971500242	"SUV39H1"	10	"HiG"
"HiG_14"	349.40810399334	"ORC6"	347	"HiG"
"HiG_14"	1958163209884686	"WDR12"	9	"HiG"
"HiG_14"	0	"BRI3"	399	"HiG"
"HiG_14"	353910761190.281	"SLBP"	292	"HiG"
"HiG_14"	434298818433081	"NUDT9"	47	"HiG"
"HiG_14"	4126470821.22135	"TBRG1"	319	"HiG"
"HiG_14"	602907600218142	"MTHFD2"	36	"HiG"
"HiG_14"	26574774204799.1	"P4HA2"	189	"HiG"
"HiG_14"	355292815923358	"RBPMS"	60	"HiG"
"HiG_14"	0	"NUP62CL"	399	"HiG"
"HiG_14"	954.632441750914	"CTNNBIP1"	332	"HiG"
"HiG_14"	568841668146821	"MORF4L2"	40	"HiG"
"HiG_14"	0	"TCEAL9"	399	"HiG"
"HiG_14"	175.803659215481	"MEST"	351	"HiG"
"HiG_14"	230679858207567	"LSR"	82	"HiG"
"HiG_14"	2648122770060699	"TGFB1"	6	"HiG"
"HiG_14"	2764322417801.85	"SELENOS"	260	"HiG"
"HiG_14"	5946206420657.34	"TSEN34"	242	"HiG"
"HiG_14"	466.869757227976	"TAX1BP3"	341	"HiG"
"HiG_14"	0	"SPTSSA"	399	"HiG"
"HiG_14"	419886721970894	"KLF6"	48	"HiG"
"HiG_14"	627871597610344	"RRAS2"	34	"HiG"
"HiG_14"	355507063609769	"TPD52L1"	59	"HiG"
"HiG_14"	25688716317.6766	"PDGFA"	310	"HiG"
"HiG_14"	0	"PGF"	399	"HiG"
"HiG_14"	999067763120999	"HMGN1"	23	"HiG"
"HiG_14"	0	"IFRD2"	399	"HiG"
"HiG_14"	60479775351650.4	"UBE2K"	156	"HiG"
"HiG_14"	16735396371821.6	"PAIP2"	203	"HiG"
"HiG_14"	3460049127899.54	"HOXC9"	252	"HiG"
"HiG_14"	5839013329211.75	"XBP1"	244	"HiG"
"HiG_14"	0	"ETV2"	399	"HiG"
"HiG_14"	0	"IER2"	399	"HiG"
"HiG_14"	79055035440577.5	"SOX4"	139	"HiG"
"HiG_14"	1577713590261926	"TTC3"	14	"HiG"
"HiG_14"	261597846249570	"RPS6KA6"	75	"HiG"
"HiG_14"	2713026215819596	"NPM3"	5	"HiG"
"HiG_14"	1434217749985.94	"LAPTM4B"	279	"HiG"
"HiG_14"	2811.48918653949	"SRM"	323	"HiG"
"HiG_14"	0	"PGP"	399	"HiG"
"HiG_14"	539.087858362233	"TMSB10"	339	"HiG"
"HiG_14"	0	"SH3BGRL3"	399	"HiG"
"HiG_14"	59405770411709	"DUSP9"	157	"HiG"
"HiG_14"	0	"KRCC1"	399	"HiG"
"HiG_14"	962.020967961821	"MORC4"	331	"HiG"
"HiG_14"	0	"MT-CO3"	399	"HiG"
"HiG_14"	478616637816724	"UGDH"	45	"HiG"
"HiG_14"	928.750410599336	"RSRP1"	333	"HiG"
"HiG_14"	36874953800630.4	"IGFBP4"	179	"HiG"
"HiG_14"	0	"ITM2A"	399	"HiG"
"HiG_14"	0	"PMP22"	399	"HiG"
"HiG_14"	2534326117467.67	"EVA1B"	263	"HiG"
"HiG_14"	249.689435247123	"YPEL3"	349	"HiG"
"HiG_14"	0	"METTL9"	399	"HiG"
"HiG_14"	13396414437728.1	"TNFAIP1"	213	"HiG"
"HiG_14"	266459558145313	"MANF"	73	"HiG"
"HiG_14"	1198.62948642884	"SELENOK"	329	"HiG"
"HiG_14"	0	"PLAC1"	399	"HiG"
"HiG_14"	0	"TSPAN3"	399	"HiG"
"HiG_14"	0	"FOXF1"	399	"HiG"
"HiG_14"	0	"RSPO3"	399	"HiG"
"HiG_14"	0	"OAZ2"	399	"HiG"
"HiG_14"	2157.99027626431	"GREB1"	324	"HiG"
"HiG_14"	0	"PHLDA2"	399	"HiG"
"HiG_14"	2970941691178.21	"PRDM6"	258	"HiG"
"HiG_14"	172411540012699	"WNT5A"	101	"HiG"
"HiG_14"	0	"SGCE"	399	"HiG"
"HiG_14"	0	"LPAR4"	399	"HiG"
"HiG_14"	27084096629761.6	"RBPMS2"	187	"HiG"
"HiG_14"	0	"SOX11"	399	"HiG"
"HiG_14"	61277996122521.1	"GPX8"	153	"HiG"
"HiG_14"	0	"STARD3NL"	399	"HiG"
"HiG_14"	0	"CCDC34"	399	"HiG"
"HiG_14"	2719569467344.74	"TMEM88"	261	"HiG"
"HiG_14"	0	"SELENOM"	399	"HiG"
"HiG_14"	2047773451632.48	"TSPAN4"	269	"HiG"
"HiG_14"	0	"COX4I2"	399	"HiG"
"HiG_14"	3187155641161.18	"VCAN"	257	"HiG"
"HiG_14"	1543.81012690002	"SELENOH"	326	"HiG"
"HiG_14"	0	"RGS5"	399	"HiG"
"HiG_14"	736.039274061523	"VGLL4"	335	"HiG"
"HiG_14"	324.601864537893	"TWIST2"	348	"HiG"
"HiG_14"	0	"PPDPF"	399	"HiG"
"HiG_14"	0	"TMEM158"	399	"HiG"
"HiG_14"	0	"PIGX"	399	"HiG"
"HiG_14"	0	"SLC38A4"	399	"HiG"
"HiG_14"	0	"WSB1"	399	"HiG"
"HiG_14"	0	"IFITM2"	399	"HiG"
"HiG_14"	0	"NUDT4"	399	"HiG"
"HiG_14"	0	"IFITM1"	399	"HiG"
"HiG_17"	246566113657317	"MAGED1"	279	"HiG"
"HiG_17"	4128657951513515	"HDAC1"	88	"HiG"
"HiG_17"	13663642301464620	"JUN"	27	"HiG"
"HiG_17"	4246386491338962	"FOS"	87	"HiG"
"HiG_17"	2674400104849628	"AFDN"	124	"HiG"
"HiG_17"	747947963244562	"ACTN2"	212	"HiG"
"HiG_17"	5703264232511.55	"TEAD2"	386	"HiG"
"HiG_17"	670966573105262	"TEAD1"	218	"HiG"
"HiG_17"	1863473301846100	"RDX"	147	"HiG"
"HiG_17"	2366631640872244	"NRP1"	129	"HiG"
"HiG_17"	0	"GRB14"	533	"HiG"
"HiG_17"	11111274598298.6	"ID3"	380	"HiG"
"HiG_17"	220231211680797	"DAG1"	287	"HiG"
"HiG_17"	232158773997328	"F11R"	284	"HiG"
"HiG_17"	1646928557807430	"PRKCE"	157	"HiG"
"HiG_17"	27709016962303.6	"RRAD"	355	"HiG"
"HiG_17"	2339905755164350	"CD81"	131	"HiG"
"HiG_17"	12111656240806492	"CCT4"	30	"HiG"
"HiG_17"	1089893368316210	"STX7"	187	"HiG"
"HiG_17"	17421259206354.3	"ARL3"	371	"HiG"
"HiG_17"	62915799453568.9	"JUND"	328	"HiG"
"HiG_17"	144769867080319	"HERPUD1"	306	"HiG"
"HiG_17"	3170969193187161	"HSPA8"	107	"HiG"
"HiG_17"	6785306882765374	"PRMT1"	55	"HiG"
"HiG_17"	1271986442865894	"DDX5"	174	"HiG"
"HiG_17"	802579755566362	"RBBP7"	209	"HiG"
"HiG_17"	2694899878284.9	"BTG1"	397	"HiG"
"HiG_17"	1135964586129380	"FHL2"	185	"HiG"
"HiG_17"	2897088204487768	"GATA4"	114	"HiG"
"HiG_17"	0	"GATA5"	533	"HiG"
"HiG_17"	3752369001803.89	"GATA6"	393	"HiG"
"HiG_17"	237.609396998595	"HAND1"	468	"HiG"
"HiG_17"	35456026975096.7	"ID1"	347	"HiG"
"HiG_17"	42338258904407.7	"ID2"	341	"HiG"
"HiG_17"	897320792224490	"LEF1"	199	"HiG"
"HiG_17"	386203050320004	"FOXP1"	250	"HiG"
"HiG_17"	30985554441807.5	"MEF2C"	351	"HiG"
"HiG_17"	2166366843501.22	"MEIS2"	399	"HiG"
"HiG_17"	6407574399443762	"KHDRBS1"	61	"HiG"
"HiG_17"	51451536865829.2	"SSBP2"	336	"HiG"
"HiG_17"	635.478984943296	"MYOCD"	453	"HiG"
"HiG_17"	293699683976580	"IVNS1ABP"	268	"HiG"
"HiG_17"	1797820737475.82	"TGFB1I1"	401	"HiG"
"HiG_17"	1209.96588003065	"HSBP1"	439	"HiG"
"HiG_17"	19978814209012.6	"ARID3B"	364	"HiG"
"HiG_17"	101724310197379	"DNAJA1"	319	"HiG"
"HiG_17"	1378199149646904	"P4HA1"	165	"HiG"
"HiG_17"	1460641539445249	"NONO"	161	"HiG"
"HiG_17"	9657500280960088	"HMGA2"	36	"HiG"
"HiG_17"	22979682792342932	"HNRNPA2B1"	14	"HiG"
"HiG_17"	110753600508584	"CDH2"	315	"HiG"
"HiG_17"	0	"CITED2"	533	"HiG"
"HiG_17"	9231970270864922	"HSPA5"	40	"HiG"
"HiG_17"	1383285851693288	"NKX2-5"	164	"HiG"
"HiG_17"	1187893143622048	"ACTN1"	179	"HiG"
"HiG_17"	6366390305513546	"HSP90AA1"	62	"HiG"
"HiG_17"	4520057549695425	"PKM"	82	"HiG"
"HiG_17"	6551314464594662	"EEF1A1"	58	"HiG"
"HiG_17"	4179933494147.92	"ENO1"	389	"HiG"
"HiG_17"	59983854419237.7	"ALDOA"	332	"HiG"
"HiG_17"	24700525243012.8	"ASB2"	358	"HiG"
"HiG_17"	12129407992263520	"CTNNA1"	29	"HiG"
"HiG_17"	2228907377226314	"JUP"	134	"HiG"
"HiG_17"	1704813059567510	"KIF5B"	154	"HiG"
"HiG_17"	1148053091945570	"CCT8"	183	"HiG"
"HiG_17"	1547656523764.5	"ANP32A"	406	"HiG"
"HiG_17"	364092602110229	"PALLD"	253	"HiG"
"HiG_17"	115327971889962	"PCGF5"	312	"HiG"
"HiG_17"	2375873596134037	"GRB10"	128	"HiG"
"HiG_17"	1978415845986911	"DDX39B"	144	"HiG"
"HiG_17"	5906854585863564	"HSP90B1"	67	"HiG"
"HiG_17"	0	"ANXA3"	533	"HiG"
"HiG_17"	36470810962116.6	"CNN3"	344	"HiG"
"HiG_17"	41948711532157160	"NEDD4"	5	"HiG"
"HiG_17"	1003703797448114	"PFN1"	194	"HiG"
"HiG_17"	219528546053326	"PFN2"	288	"HiG"
"HiG_17"	5786903502579799	"SLC25A5"	69	"HiG"
"HiG_17"	5706552623487988	"ACTC1"	71	"HiG"
"HiG_17"	2658878937486306	"LMO7"	125	"HiG"
"HiG_17"	29182813355370360	"YWHAE"	10	"HiG"
"HiG_17"	35673141207070.6	"SORBS2"	346	"HiG"
"HiG_17"	152692413822214	"GAPDH"	304	"HiG"
"HiG_17"	26470188481989.3	"RAB3IP"	356	"HiG"
"HiG_17"	2168413167411455	"MAP1B"	137	"HiG"
"HiG_17"	676344443772672	"CCDC88A"	217	"HiG"
"HiG_17"	424720127031.837	"ASB4"	417	"HiG"
"HiG_17"	1439679188473813	"FBXO32"	162	"HiG"
"HiG_17"	112368125204819	"ANXA6"	313	"HiG"
"HiG_17"	0	"ANKRD37"	533	"HiG"
"HiG_17"	179067028819238	"CRYAB"	296	"HiG"
"HiG_17"	16195610469068634	"HSPB1"	21	"HiG"
"HiG_17"	32668470777637.8	"LDB3"	348	"HiG"
"HiG_17"	878066729425356	"APOE"	200	"HiG"
"HiG_17"	17562095003513164	"UBC"	19	"HiG"
"HiG_17"	3884573663746233	"CALR"	92	"HiG"
"HiG_17"	497486900930014	"EIF4A1"	230	"HiG"
"HiG_17"	5413831223516410	"PSMD11"	73	"HiG"
"HiG_17"	617040120144140	"ANXA2"	222	"HiG"
"HiG_17"	2018094463599277	"ATP1A1"	143	"HiG"
"HiG_17"	247532051035706	"ATXN10"	278	"HiG"
"HiG_17"	357.982688785353	"BZW2"	465	"HiG"
"HiG_17"	3820916694563.72	"CMAS"	392	"HiG"
"HiG_17"	157873405254854	"CNN2"	303	"HiG"
"HiG_17"	488163241408413	"COL18A1"	233	"HiG"
"HiG_17"	11830619154559.1	"EHD4"	379	"HiG"
"HiG_17"	6514654966155329	"HDGF"	59	"HiG"
"HiG_17"	3563960869371830	"ILK"	100	"HiG"
"HiG_17"	31476666980989.1	"NID2"	349	"HiG"
"HiG_17"	1367734307045286	"G3BP2"	166	"HiG"
"HiG_17"	288883746585766	"BCR"	270	"HiG"
"HiG_17"	1792914160489016	"MAP1LC3A"	150	"HiG"
"HiG_17"	41907504179.1402	"CCND3"	421	"HiG"
"HiG_17"	3137909453786.66	"PTOV1"	396	"HiG"
"HiG_17"	8675997441331918	"TUBA1A"	43	"HiG"
"HiG_17"	2354149810353196	"KRT8"	130	"HiG"
"HiG_17"	53071557504.0965	"DYNLL1"	419	"HiG"
"HiG_17"	1532068097987.19	"DUSP1"	407	"HiG"
"HiG_17"	7221148330972992	"ITGB1"	53	"HiG"
"HiG_17"	1191569187925181	"FERMT2"	178	"HiG"
"HiG_17"	1252295306355588	"NDN"	175	"HiG"
"HiG_17"	56834621914166.3	"MYL9"	335	"HiG"
"HiG_17"	4421607770540902	"ACTA1"	84	"HiG"
"HiG_17"	2805403956727578	"HNRNPK"	117	"HiG"
"HiG_17"	5257081278301152	"PRNP"	74	"HiG"
"HiG_17"	5201300500350962	"P4HB"	75	"HiG"
"HiG_17"	478683525551786	"APBB1"	236	"HiG"
"HiG_17"	341400265321083	"ATP1B1"	259	"HiG"
"HiG_17"	3507661285311189	"TRIM63"	101	"HiG"
"HiG_17"	0	"HOMER2"	533	"HiG"
"HiG_17"	0	"TAF7"	533	"HiG"
"HiG_17"	0	"PRRX2"	533	"HiG"
"HiG_17"	507670611241892	"ENO3"	228	"HiG"
"HiG_17"	486747002529183	"ETFB"	234	"HiG"
"HiG_17"	3701804096684.02	"BNIP3"	394	"HiG"
"HiG_17"	843966364428712	"ANK3"	202	"HiG"
"HiG_17"	6727817950085341	"PSME1"	56	"HiG"
"HiG_17"	1360196535802497	"HIPK2"	167	"HiG"
"HiG_17"	1567077887049320	"RYR2"	158	"HiG"
"HiG_17"	489297256703613	"GNAS"	232	"HiG"
"HiG_17"	60489787267314.6	"ANKRD1"	331	"HiG"
"HiG_17"	0	"BMP5"	533	"HiG"
"HiG_17"	0	"BMP7"	533	"HiG"
"HiG_17"	7684083948712805	"ITGA6"	50	"HiG"
"HiG_17"	243645478120297	"ADD3"	281	"HiG"
"HiG_17"	1779501994779.05	"PAFAH1B3"	403	"HiG"
"HiG_17"	309.353544764389	"CYBA"	466	"HiG"
"HiG_17"	466622688547239	"ACTA2"	238	"HiG"
"HiG_17"	611976388034881	"PDLIM5"	223	"HiG"
"HiG_17"	854261948394342	"IGF2"	201	"HiG"
"HiG_17"	8494856802557644	"ATP2B1"	44	"HiG"
"HiG_17"	5512754889379669	"ATP2A2"	72	"HiG"
"HiG_17"	833689305060560	"FLNC"	205	"HiG"
"HiG_17"	578303610988437	"DAB2"	226	"HiG"
"HiG_17"	23968725694663.9	"ARHGAP31"	359	"HiG"
"HiG_17"	2858274755399336	"EPHA7"	115	"HiG"
"HiG_17"	946366445682739	"RTN4"	196	"HiG"
"HiG_17"	28703723224098.6	"SAP30"	353	"HiG"
"HiG_17"	1238.03853989999	"BEX3"	437	"HiG"
"HiG_17"	700.552067208869	"LDHA"	446	"HiG"
"HiG_17"	8888451673096156	"CALM2"	42	"HiG"
"HiG_17"	687732600071184	"BAG2"	216	"HiG"
"HiG_17"	3164824829076522	"MYL12B"	109	"HiG"
"HiG_17"	3849532930887245	"IGF2R"	93	"HiG"
"HiG_17"	6424130045484596	"CKB"	60	"HiG"
"HiG_17"	58343531811152.2	"CSRP1"	334	"HiG"
"HiG_17"	1873157201710551	"CALD1"	146	"HiG"
"HiG_17"	324047939821202	"EFHD2"	263	"HiG"
"HiG_17"	174738334036692	"MYL12A"	297	"HiG"
"HiG_17"	723766011033736	"PFKL"	214	"HiG"
"HiG_17"	726081525613943	"PFKP"	213	"HiG"
"HiG_17"	15720739011098388	"TPI1"	23	"HiG"
"HiG_17"	6879060023525838	"DNAJB11"	54	"HiG"
"HiG_17"	1481392591914.35	"EIF4EBP1"	408	"HiG"
"HiG_17"	50424315726476.9	"RAB6A"	337	"HiG"
"HiG_17"	624665800845812	"SMYD1"	221	"HiG"
"HiG_17"	64656956567079.7	"VAMP8"	326	"HiG"
"HiG_17"	80524105428879.5	"FBLN1"	321	"HiG"
"HiG_17"	144687511072442	"MYBPC3"	307	"HiG"
"HiG_17"	2239.02111018813	"CDKN1C"	427	"HiG"
"HiG_17"	268960774026416	"DES"	273	"HiG"
"HiG_17"	77661261182874.7	"AK1"	322	"HiG"
"HiG_17"	3470089667158.75	"CYCS"	395	"HiG"
"HiG_17"	407029506022310	"EIF3E"	247	"HiG"
"HiG_17"	3614154486678266	"ARHGAP1"	98	"HiG"
"HiG_17"	605046007709981	"PDLIM7"	224	"HiG"
"HiG_17"	1171886534909.25	"EGFL7"	412	"HiG"
"HiG_17"	244405214676449	"AMPH"	280	"HiG"
"HiG_17"	0	"KCNMB1"	533	"HiG"
"HiG_17"	937353403672059	"PRDX1"	197	"HiG"
"HiG_17"	1051034755514009	"ISYNA1"	191	"HiG"
"HiG_17"	9621601083117452	"ANXA5"	37	"HiG"
"HiG_17"	430199694466758	"IDH3A"	242	"HiG"
"HiG_17"	179164331056481	"DDAH1"	295	"HiG"
"HiG_17"	1072.59729390544	"ATP6V0B"	440	"HiG"
"HiG_17"	18192321226933.4	"FHL1"	368	"HiG"
"HiG_17"	2036736460883.55	"CSRP2"	400	"HiG"
"HiG_17"	160857302293753	"DSTN"	301	"HiG"
"HiG_17"	340275673648085	"CLIC1"	260	"HiG"
"HiG_17"	1342139826102442	"ARF4"	168	"HiG"
"HiG_17"	212331374425789	"CGNL1"	289	"HiG"
"HiG_17"	367636891432944	"ARPC2"	252	"HiG"
"HiG_17"	0	"AS3MT"	533	"HiG"
"HiG_17"	1886018925512655	"CKAP4"	145	"HiG"
"HiG_17"	2719808952634258	"CAPNS1"	122	"HiG"
"HiG_17"	0	"CAPN6"	533	"HiG"
"HiG_17"	6671569162245.13	"ARPC5"	384	"HiG"
"HiG_17"	17400191023724924	"RAB11A"	20	"HiG"
"HiG_17"	0	"CTSL"	533	"HiG"
"HiG_17"	259484075241967	"MYL1"	274	"HiG"
"HiG_17"	2096767454747482	"TBX5"	141	"HiG"
"HiG_17"	357963860424626	"GDI2"	254	"HiG"
"HiG_17"	1006365421775706	"TRA2B"	193	"HiG"
"HiG_17"	3575056777678808	"PDIA3"	99	"HiG"
"HiG_17"	14635954659386188	"PDIA6"	24	"HiG"
"HiG_17"	1286881491442452	"UGP2"	173	"HiG"
"HiG_17"	7843867767054417	"ITM2B"	47	"HiG"
"HiG_17"	133215102987494	"RBFOX2"	308	"HiG"
"HiG_17"	14898610405831.9	"LAPTM4A"	372	"HiG"
"HiG_17"	391192658084098	"ANP32E"	249	"HiG"
"HiG_17"	0	"PNRC1"	533	"HiG"
"HiG_17"	2288936954109086	"PRDX3"	133	"HiG"
"HiG_17"	11550270832842164	"PPP1CB"	32	"HiG"
"HiG_17"	909453869344846	"TXNL1"	198	"HiG"
"HiG_17"	22568964572301.7	"ARL6IP1"	363	"HiG"
"HiG_17"	2771599354060132	"TSC22D1"	119	"HiG"
"HiG_17"	537549559022464	"PRDX2"	227	"HiG"
"HiG_17"	1388992689690126	"RCN2"	163	"HiG"
"HiG_17"	1767736355682878	"BASP1"	151	"HiG"
"HiG_17"	0	"CASZ1"	533	"HiG"
"HiG_17"	787247823697213	"MACF1"	210	"HiG"
"HiG_17"	1099686466464391	"HSPB2"	186	"HiG"
"HiG_17"	7863431781718715	"TPM1"	46	"HiG"
"HiG_17"	23420237739228.9	"CAP2"	362	"HiG"
"HiG_17"	0	"PEG3"	533	"HiG"
"HiG_17"	3446.92561252036	"TIMM8B"	424	"HiG"
"HiG_17"	249263169678046	"CRIP2"	277	"HiG"
"HiG_17"	1340244902026.41	"MDK"	411	"HiG"
"HiG_17"	4560985238283838	"MAGED2"	80	"HiG"
"HiG_17"	0	"DEGS1"	533	"HiG"
"HiG_17"	27919947534513.4	"EIF4A3"	354	"HiG"
"HiG_17"	2197603036797261	"DDAH2"	135	"HiG"
"HiG_17"	253438521357070	"TMED9"	276	"HiG"
"HiG_17"	68765431730706.1	"BCAT1"	324	"HiG"
"HiG_17"	341868967414051	"KRT19"	258	"HiG"
"HiG_17"	172834794364183	"SNRPN"	299	"HiG"
"HiG_17"	480.084691139321	"DOK4"	459	"HiG"
"HiG_17"	600930881824712	"PRDX4"	225	"HiG"
"HiG_17"	482354548040323	"IDH2"	235	"HiG"
"HiG_17"	0	"RCN3"	533	"HiG"
"HiG_17"	435158557924454	"PLOD2"	241	"HiG"
"HiG_17"	405.528843038085	"GLIPR2"	463	"HiG"
"HiG_17"	2778991552095836	"TUBB4B"	118	"HiG"
"HiG_17"	5939856516270500	"TUBB5"	66	"HiG"
"HiG_17"	1493577425812060	"SLC25A4"	160	"HiG"
"HiG_17"	3410691977909244	"LDHB"	106	"HiG"
"HiG_17"	400836940339463	"MDH1"	248	"HiG"
"HiG_17"	354556689146740	"MYL6"	255	"HiG"
"HiG_17"	6234744127034.28	"PGAM1"	385	"HiG"
"HiG_17"	25097857277133484	"PGK1"	13	"HiG"
"HiG_17"	0	"CASQ1"	533	"HiG"
"HiG_17"	204.39114671904	"CCDC141"	470	"HiG"
"HiG_17"	473622185623660	"ATP6V1F"	237	"HiG"
"HiG_17"	254442439154410	"CFL2"	275	"HiG"
"HiG_17"	2183288510227212	"MPC2"	136	"HiG"
"HiG_17"	1071143520516683	"TPM2"	190	"HiG"
"HiG_17"	0	"FKBP1A"	533	"HiG"
"HiG_17"	174225060730183	"NEXN"	298	"HiG"
"HiG_17"	110525488328764	"RALA"	316	"HiG"
"HiG_17"	199847900205175	"FDPS"	291	"HiG"
"HiG_17"	0	"RRAGD"	533	"HiG"
"HiG_17"	9006663523601697	"RPS4X"	41	"HiG"
"HiG_17"	0	"SLC2A3"	533	"HiG"
"HiG_17"	0	"GPX3"	533	"HiG"
"HiG_17"	123365197229200	"HADH"	310	"HiG"
"HiG_17"	77132435808343.2	"MYL4"	323	"HiG"
"HiG_17"	439.583255389514	"CADM1"	461	"HiG"
"HiG_17"	0	"CCK"	533	"HiG"
"HiG_17"	1146765188568778	"CRELD2"	184	"HiG"
"HiG_17"	3925160229267.54	"CRLF3"	391	"HiG"
"HiG_17"	820.096758849833	"DBI"	443	"HiG"
"HiG_17"	237720915558968	"EIF3M"	282	"HiG"
"HiG_17"	23464883229467.2	"FAM162A"	361	"HiG"
"HiG_17"	493910001977547	"FDX1"	231	"HiG"
"HiG_17"	221.046308742893	"GNG11"	469	"HiG"
"HiG_17"	836491403448552	"GRHPR"	204	"HiG"
"HiG_17"	110784447866832	"COX17"	314	"HiG"
"HiG_17"	1726336124040532	"LGALS1"	153	"HiG"
"HiG_17"	5184692438756452	"MIF"	76	"HiG"
"HiG_17"	1801886478403618	"NDUFA8"	149	"HiG"
"HiG_17"	817218540169069	"PGAM2"	206	"HiG"
"HiG_17"	4307801696980.09	"ADK"	388	"HiG"
"HiG_17"	3019191578398232	"PPIB"	111	"HiG"
"HiG_17"	1333056649816008	"SNX3"	170	"HiG"
"HiG_17"	71475539947664664	"PDIA4"	2	"HiG"
"HiG_17"	291970165106205	"TBCB"	269	"HiG"
"HiG_17"	3736888644617088	"TUBA1C"	96	"HiG"
"HiG_17"	105646470839384	"MMP14"	318	"HiG"
"HiG_17"	34353777008720236	"UBB"	9	"HiG"
"HiG_17"	19179149757977.6	"GSTM5"	366	"HiG"
"HiG_17"	539.953446599413	"SDHD"	455	"HiG"
"HiG_17"	762496678896297	"VAMP2"	211	"HiG"
"HiG_17"	5063078195628147	"LRPAP1"	78	"HiG"
"HiG_17"	17946404140702.1	"S100A11"	369	"HiG"
"HiG_17"	7417317945589186	"SSB"	51	"HiG"
"HiG_17"	125436953484794	"ALCAM"	309	"HiG"
"HiG_17"	2140.52437890093	"CELF2"	428	"HiG"
"HiG_17"	4463616251747632	"CRIP1"	83	"HiG"
"HiG_17"	0	"CST3"	533	"HiG"
"HiG_17"	2922610650150887	"DNAJC3"	113	"HiG"
"HiG_17"	3489565166257810	"CPOX"	104	"HiG"
"HiG_17"	674.469781747927	"GLRX"	449	"HiG"
"HiG_17"	0	"NPL"	533	"HiG"
"HiG_17"	502.813288036971	"PSME2"	458	"HiG"
"HiG_17"	0	"DDT"	533	"HiG"
"HiG_17"	308124694538329	"SNX6"	266	"HiG"
"HiG_17"	520000655819.891	"JOSD2"	416	"HiG"
"HiG_17"	353555000463075	"IGFBP5"	256	"HiG"
"HiG_17"	3039340293311508	"SPARC"	110	"HiG"
"HiG_17"	3453273053048898	"TPM4"	105	"HiG"
"HiG_17"	2949812404590508	"TXNDC12"	112	"HiG"
"HiG_17"	0	"PPIC"	533	"HiG"
"HiG_17"	5997558516792001	"TLN1"	64	"HiG"
"HiG_17"	10904409706766.9	"PDLIM1"	382	"HiG"
"HiG_17"	30014265370653.1	"FABP3"	352	"HiG"
"HiG_17"	222835376308759	"UBE2R2"	286	"HiG"
"HiG_17"	49895538005945344	"YWHAQ"	4	"HiG"
"HiG_17"	0	"APOBEC2"	533	"HiG"
"HiG_17"	0	"BAMBI"	533	"HiG"
"HiG_17"	169001584580934	"BNIP3L"	300	"HiG"
"HiG_17"	0	"CACNA2D2"	533	"HiG"
"HiG_17"	64173952696327.8	"COL2A1"	327	"HiG"
"HiG_17"	1360460205674.09	"EHBP1L1"	410	"HiG"
"HiG_17"	1310482080084910	"DCP1B"	172	"HiG"
"HiG_17"	640037478643.97	"FBN2"	415	"HiG"
"HiG_17"	61574636928635.5	"CSRP3"	330	"HiG"
"HiG_17"	1783683591046.47	"FSTL1"	402	"HiG"
"HiG_17"	12255867553745406	"GABARAP"	28	"HiG"
"HiG_17"	1087997474107503	"GPC3"	188	"HiG"
"HiG_17"	0	"GSTT1"	533	"HiG"
"HiG_17"	1555095814587952	"HMGN5"	159	"HiG"
"HiG_17"	2677107303934611	"KRT18"	123	"HiG"
"HiG_17"	34699637392057044	"MYH7"	7	"HiG"
"HiG_17"	158342012441678	"NEBL"	302	"HiG"
"HiG_17"	198181749339493	"PRKAG2"	292	"HiG"
"HiG_17"	801.30855034464	"PRSS23"	444	"HiG"
"HiG_17"	648061834460528	"PSIP1"	220	"HiG"
"HiG_17"	0	"RCSD1"	533	"HiG"
"HiG_17"	723.691457009532	"LGMN"	445	"HiG"
"HiG_17"	1638595506115.22	"SPEG"	405	"HiG"
"HiG_17"	11376473760501060	"SVIL"	33	"HiG"
"HiG_17"	3168818607294942	"TMOD1"	108	"HiG"
"HiG_17"	7803703059309659	"TAGLN"	48	"HiG"
"HiG_17"	1692883381006190	"ARL6IP5"	156	"HiG"
"HiG_17"	2750464921583500	"WBP2"	120	"HiG"
"HiG_17"	1671.09631711088	"ZBTB20"	433	"HiG"
"HiG_17"	5834129962119294	"TMSB4X"	68	"HiG"
"HiG_17"	1264.82458291155	"MPHOSPH8"	436	"HiG"
"HiG_17"	183599076719558	"TUBB6"	294	"HiG"
"HiG_17"	37057459152073.9	"MAP7D1"	342	"HiG"
"HiG_17"	7786841528398776	"TTN"	49	"HiG"
"HiG_17"	837111840807157	"POLG"	203	"HiG"
"HiG_17"	0	"CPNE5"	533	"HiG"
"HiG_17"	455.274398612634	"RBM38"	460	"HiG"
"HiG_17"	1022773137074.98	"PSPH"	414	"HiG"
"HiG_17"	324538053498626	"MTCH1"	262	"HiG"
"HiG_17"	1607.32423988748	"PAM"	434	"HiG"
"HiG_17"	662352755382815	"PBXIP1"	219	"HiG"
"HiG_17"	350979921493573	"GPX4"	257	"HiG"
"HiG_17"	2729891853727808	"MTX2"	121	"HiG"
"HiG_17"	0	"CMTM7"	533	"HiG"
"HiG_17"	681.990654973886	"COX7A1"	448	"HiG"
"HiG_17"	1703307930480.29	"SMTNL2"	404	"HiG"
"HiG_17"	529.780473036252	"PPP1R3C"	456	"HiG"
"HiG_17"	1073822851323138	"EIF1B"	189	"HiG"
"HiG_17"	804436187988492	"CD9"	208	"HiG"
"HiG_17"	42143090193.4663	"PRRC1"	420	"HiG"
"HiG_17"	5955794911080838	"ITM2C"	65	"HiG"
"HiG_17"	1032079174503000	"MPZL1"	192	"HiG"
"HiG_17"	1427494312739.31	"MARCKSL1"	409	"HiG"
"HiG_17"	0	"LIMD2"	533	"HiG"
"HiG_17"	36572059769632.6	"SLC16A3"	343	"HiG"
"HiG_17"	19948176904504316	"SH3GLB1"	15	"HiG"
"HiG_17"	2165013023162788	"RASSF5"	138	"HiG"
"HiG_17"	24994776737664.9	"PLEKHA2"	357	"HiG"
"HiG_17"	23710800231355.9	"HMOX1"	360	"HiG"
"HiG_17"	0	"CCDC107"	533	"HiG"
"HiG_17"	234454132573141	"SSR3"	283	"HiG"
"HiG_17"	13544370487882.1	"RSU1"	377	"HiG"
"HiG_17"	4664627633209492	"REEP5"	79	"HiG"
"HiG_17"	1699360608123885	"MFGE8"	155	"HiG"
"HiG_17"	815733245348822	"RBM24"	207	"HiG"
"HiG_17"	0	"MALAT1"	533	"HiG"
"HiG_17"	34538082164252608	"PDCD5"	8	"HiG"
"HiG_17"	504487606424966	"RTN3"	229	"HiG"
"HiG_17"	0	"GSTA4"	533	"HiG"
"HiG_17"	222962161707489	"SRI"	285	"HiG"
"HiG_17"	5117050575567809	"SOD2"	77	"HiG"
"HiG_17"	1181914467277045	"SLC2A1"	180	"HiG"
"HiG_17"	862.72718907284	"GALK1"	442	"HiG"
"HiG_17"	0	"RGS17"	533	"HiG"
"HiG_17"	148688360545743	"BBX"	305	"HiG"
"HiG_17"	0	"CRABP1"	533	"HiG"
"HiG_17"	0	"AKR1B10"	533	"HiG"
"HiG_17"	0	"DDC"	533	"HiG"
"HiG_17"	0	"AP1S2"	533	"HiG"
"HiG_17"	935.911292763738	"ARMCX2"	441	"HiG"
"HiG_17"	0	"S100A13"	533	"HiG"
"HiG_17"	0	"BEX2"	533	"HiG"
"HiG_17"	0	"DCAF12L1"	533	"HiG"
"HiG_17"	0	"MAGEH1"	533	"HiG"
"HiG_17"	0	"LMOD1"	533	"HiG"
"HiG_17"	1146766706887.59	"TCEAL8"	413	"HiG"
"HiG_17"	14412139664627.1	"TSPAN6"	375	"HiG"
"HiG_17"	40719536634411440	"MYH6"	6	"HiG"
"HiG_17"	411862789235328	"UQCRB"	245	"HiG"
"HiG_17"	317276051655197	"MYL2"	264	"HiG"
"HiG_17"	3726010222039278	"TNNI3"	97	"HiG"
"HiG_17"	2825727841816822	"TNNT2"	116	"HiG"
"HiG_17"	202143259677583	"TNNC1"	290	"HiG"
"HiG_17"	693363686012016	"MYL3"	215	"HiG"
"HiG_17"	0	"MRPL36"	533	"HiG"
"HiG_17"	28878203697097476	"VDAC1"	11	"HiG"
"HiG_17"	8091119791918051	"SERPINH1"	45	"HiG"
"HiG_17"	6658556330207982	"LAMP1"	57	"HiG"
"HiG_17"	3498305297928032	"LPP"	103	"HiG"
"HiG_17"	382452261799108	"CNN1"	251	"HiG"
"HiG_17"	12612912654972.6	"CARD19"	378	"HiG"
"HiG_17"	0	"ARL4A"	533	"HiG"
"HiG_17"	0	"FGF8"	533	"HiG"
"HiG_17"	312166511782411	"WLS"	265	"HiG"
"HiG_17"	301544262753083	"SMARCD3"	267	"HiG"
"HiG_17"	0	"PITX2"	533	"HiG"
"HiG_17"	0	"CDO1"	533	"HiG"
"HiG_17"	0	"CFC1"	533	"HiG"
"HiG_17"	0	"BEX1"	533	"HiG"
"HiG_17"	0	"PHLDA1"	533	"HiG"
"HiG_17"	0	"PLP2"	533	"HiG"
"HiG_17"	9739415561499824	"GADD45G"	35	"HiG"
"HiG_17"	1228301326124184	"AKR1A1"	176	"HiG"
"HiG_17"	0	"ABRACL"	533	"HiG"
"HiG_17"	27235445012922044	"RHOC"	12	"HiG"
"HiG_17"	11669907089836652	"VASP"	31	"HiG"
"HiG_17"	3991984389488466	"DUSP6"	89	"HiG"
"HiG_17"	69415721525915360	"VIM"	3	"HiG"
"HiG_17"	991696733478715	"COX8A"	195	"HiG"
"HiG_17"	36265712233560.9	"HIGD1A"	345	"HiG"
"HiG_17"	18358238939041468	"RAB4A"	16	"HiG"
"HiG_17"	119450220890152	"CHCHD10"	311	"HiG"
"HiG_17"	1340530469381662	"SRSF6"	169	"HiG"
"HiG_17"	1470.60794458525	"LRRC10"	435	"HiG"
"HiG_17"	0	"LRRC42"	533	"HiG"
"HiG_17"	0	"KLHDC8B"	533	"HiG"
"HiG_17"	0	"MT-ND2"	533	"HiG"
"HiG_17"	0	"MYL7"	533	"HiG"
"HiG_17"	0	"RASGRP2"	533	"HiG"
"HiG_17"	19271767637696.5	"MYADM"	365	"HiG"
"HiG_17"	3748481815963979	"WDR1"	95	"HiG"
"HiG_17"	3950590289292130	"SURF4"	91	"HiG"
"HiG_17"	0	"BRI3"	533	"HiG"
"HiG_17"	107864659783144	"TBRG1"	317	"HiG"
"HiG_17"	86390979971373.2	"TCAP"	320	"HiG"
"HiG_17"	9467615603261502	"YAF2"	38	"HiG"
"HiG_17"	0	"BOK"	533	"HiG"
"HiG_17"	4323056366140724	"RBPMS"	86	"HiG"
"HiG_17"	574.722891525744	"HSPB7"	454	"HiG"
"HiG_17"	5749474456511819	"GPX7"	70	"HiG"
"HiG_17"	2302220654011770	"TNNT1"	132	"HiG"
"HiG_17"	447595495543177	"CDKN2D"	240	"HiG"
"HiG_17"	3961237049296563	"MORF4L2"	90	"HiG"
"HiG_17"	0	"TCEAL9"	533	"HiG"
"HiG_17"	0	"SERINC3"	533	"HiG"
"HiG_17"	1231.95261812674	"MEST"	438	"HiG"
"HiG_17"	3504575562777904	"LSR"	102	"HiG"
"HiG_17"	15805172842274252	"PKP2"	22	"HiG"
"HiG_17"	0	"TGFB2"	533	"HiG"
"HiG_17"	4139397717258.45	"SELENOS"	390	"HiG"
"HiG_17"	31072790304224	"TSEN34"	350	"HiG"
"HiG_17"	0	"RAMP1"	533	"HiG"
"HiG_17"	1149082944638224	"TAX1BP3"	182	"HiG"
"HiG_17"	14541308108425.8	"KLF6"	373	"HiG"
"HiG_17"	413433289856010	"RRAS2"	244	"HiG"
"HiG_17"	333325870440090	"TPD52L1"	261	"HiG"
"HiG_17"	61927418777839.2	"PTH1R"	329	"HiG"
"HiG_17"	18168505745856648	"HMGN1"	17	"HiG"
"HiG_17"	3795136488100800	"TRIM54"	94	"HiG"
"HiG_17"	43567076309319.3	"PODXL"	339	"HiG"
"HiG_17"	0	"GDE1"	533	"HiG"
"HiG_17"	0	"TFPI"	533	"HiG"
"HiG_17"	0	"SH3BP1"	533	"HiG"
"HiG_17"	0	"IRX4"	533	"HiG"
"HiG_17"	0	"TIMM17A"	533	"HiG"
"HiG_17"	9290014562752.16	"USP13"	383	"HiG"
"HiG_17"	0	"ATXN7L3B"	533	"HiG"
"HiG_17"	2276937502570.28	"PAIP2"	398	"HiG"
"HiG_17"	1804781240454732	"XBP1"	148	"HiG"
"HiG_17"	0	"PPP1R14C"	533	"HiG"
"HiG_17"	1222171678164814	"TSC22D3"	177	"HiG"
"HiG_17"	0	"IER2"	533	"HiG"
"HiG_17"	6058622428238815	"SOX4"	63	"HiG"
"HiG_17"	2456759085079116	"TNNI1"	126	"HiG"
"HiG_17"	1328824780923110	"CCDC136"	171	"HiG"
"HiG_17"	43177582967245	"NPM3"	340	"HiG"
"HiG_17"	66449418739254	"LAPTM4B"	325	"HiG"
"HiG_17"	462429191783620	"PGM2"	239	"HiG"
"HiG_17"	279321884381044	"MOB1B"	271	"HiG"
"HiG_17"	419.065754976672	"FBXL22"	462	"HiG"
"HiG_17"	0	"EMILIN2"	533	"HiG"
"HiG_17"	0	"UQCR11"	533	"HiG"
"HiG_17"	4362699831091634	"NENF"	85	"HiG"
"HiG_17"	2164856254331422	"TMEM9"	139	"HiG"
"HiG_17"	245.668327661377	"ZFP644"	467	"HiG"
"HiG_17"	2143443285739552	"TMSB10"	140	"HiG"
"HiG_17"	0	"SH3BGRL3"	533	"HiG"
"HiG_17"	7353154810120985	"MSMO1"	52	"HiG"
"HiG_17"	273390318858572	"ABRA"	272	"HiG"
"HiG_17"	0	"KRCC1"	533	"HiG"
"HiG_17"	10305448186627780	"TECR"	34	"HiG"
"HiG_17"	0	"MPPED2"	533	"HiG"
"HiG_17"	2075124580972028	"NECTIN2"	142	"HiG"
"HiG_17"	3167.7554651819	"PLA2G12A"	425	"HiG"
"HiG_17"	119639293.902655	"TMBIM6"	423	"HiG"
"HiG_17"	49577006151524.9	"MT-CO3"	338	"HiG"
"HiG_17"	14123336109424316	"UGDH"	26	"HiG"
"HiG_17"	0	"LBH"	533	"HiG"
"HiG_17"	0	"RSRP1"	533	"HiG"
"HiG_17"	1915.53820605272	"WWC2"	431	"HiG"
"HiG_17"	2400505917245768	"NUSAP1"	127	"HiG"
"HiG_17"	1728506745916810	"SMS"	152	"HiG"
"HiG_17"	0	"FRAT2"	533	"HiG"
"HiG_17"	2117.91632641947	"ITM2A"	430	"HiG"
"HiG_17"	0	"MIEN1"	533	"HiG"
"HiG_17"	0	"GAL"	533	"HiG"
"HiG_17"	17699089061477720	"YPEL3"	18	"HiG"
"HiG_17"	1169431231418908	"TNFAIP1"	181	"HiG"
"HiG_17"	4537397203532700	"MANF"	81	"HiG"
"HiG_17"	4757072388.80529	"SELENOK"	422	"HiG"
"HiG_17"	0	"POPDC2"	533	"HiG"
"HiG_17"	0	"TSPAN3"	533	"HiG"
"HiG_17"	9327046125487584	"SLC31A1"	39	"HiG"
"HiG_17"	0	"HAPLN3"	533	"HiG"
"HiG_17"	0	"TBX20"	533	"HiG"
"HiG_17"	659.826594430001	"PPP1R1A"	450	"HiG"
"HiG_17"	2136.33941724852	"LRRC39"	429	"HiG"
"HiG_17"	0	"GMPR"	533	"HiG"
"HiG_17"	0	"OAZ2"	533	"HiG"
"HiG_17"	2942.8323570904	"PHLDA2"	426	"HiG"
"HiG_17"	0	"PLPP1"	533	"HiG"
"HiG_17"	17449897507725.6	"MLLT11"	370	"HiG"
"HiG_17"	0	"PTGES3L"	533	"HiG"
"HiG_17"	0	"PRTG"	533	"HiG"
"HiG_17"	503.224902190068	"SLC39A8"	457	"HiG"
"HiG_17"	194068428577482	"ZCRB1"	293	"HiG"
"HiG_17"	0	"SMPX"	533	"HiG"
"HiG_17"	14245313230163.3	"TMEM9B"	376	"HiG"
"HiG_17"	18625346136084.6	"RBPMS2"	367	"HiG"
"HiG_17"	0	"TMEM108"	533	"HiG"
"HiG_17"	0	"HCFC1R1"	533	"HiG"
"HiG_17"	54964064819.5135	"MYLK3"	418	"HiG"
"HiG_17"	409323964932539	"GPX8"	246	"HiG"
"HiG_17"	0	"STARD3NL"	533	"HiG"
"HiG_17"	0	"STARD10"	533	"HiG"
"HiG_17"	363.017873380302	"MMD"	464	"HiG"
"HiG_17"	14382012736559412	"MGARP"	25	"HiG"
"HiG_17"	0	"UNC45B"	533	"HiG"
"HiG_17"	59877853268201.3	"TMEM88"	333	"HiG"
"HiG_17"	0	"SMIM1"	533	"HiG"
"HiG_17"	0	"IRX2"	533	"HiG"
"HiG_17"	0	"SMIM14"	533	"HiG"
"HiG_17"	652.962655181206	"SYNPO2L"	452	"HiG"
"HiG_17"	0	"COX4I2"	533	"HiG"
"HiG_17"	5144773887544.72	"VCAN"	387	"HiG"
"HiG_17"	689.291895290769	"MFAP2"	447	"HiG"
"HiG_17"	0	"SELENOW"	533	"HiG"
"HiG_17"	0	"IGFBPL1"	533	"HiG"
"HiG_17"	415616941247545	"TMEM59"	243	"HiG"
"HiG_17"	0	"PRELID2"	533	"HiG"
"HiG_17"	11095342729865.1	"SELENOH"	381	"HiG"
"HiG_17"	0	"NPTX2"	533	"HiG"
"HiG_17"	0	"RGS5"	533	"HiG"
"HiG_17"	14449036711486.6	"WNT2"	374	"HiG"
"HiG_17"	1700.52143035043	"TSPAN18"	432	"HiG"
"HiG_17"	0	"TCEA3"	533	"HiG"
"HiG_17"	0	"SH3BGR"	533	"HiG"
"HiG_17"	0	"RGS10"	533	"HiG"
"HiG_17"	0	"SHISA5"	533	"HiG"
"HiG_17"	0	"PIGX"	533	"HiG"
"HiG_17"	0	"SFRP5"	533	"HiG"
"HiG_17"	0	"SLC38A4"	533	"HiG"
"HiG_17"	0	"WSB1"	533	"HiG"
"HiG_17"	84703435223709472	"ZYX"	1	"HiG"
"HiG_17"	0	"TSPAN7"	533	"HiG"
"HiG_17"	655.957265095952	"THBS4"	451	"HiG"
"HiG_17"	0	"FITM1"	533	"HiG"
"HiG_17"	0	"TMEM163"	533	"HiG"
"HiG_17"	0	"KCNG2"	533	"HiG"
"HiG_18"	3732548660408488	"ACTB"	42	"HiG"
"HiG_18"	384164094156254	"MAGED1"	169	"HiG"
"HiG_18"	4507780186047510	"HDAC1"	35	"HiG"
"HiG_18"	406805525168568	"AFDN"	166	"HiG"
"HiG_18"	5925060072439.56	"HES1"	364	"HiG"
"HiG_18"	5948456696238.18	"TEAD2"	363	"HiG"
"HiG_18"	3697624152176372	"EZR"	44	"HiG"
"HiG_18"	233629227910893	"NRP1"	203	"HiG"
"HiG_18"	333.404823055673	"ID3"	453	"HiG"
"HiG_18"	6349428729771092	"APP"	24	"HiG"
"HiG_18"	4724810249519.51	"HOXC8"	365	"HiG"
"HiG_18"	1464214902297531	"CCND1"	83	"HiG"
"HiG_18"	140420354167183	"CD81"	242	"HiG"
"HiG_18"	127837446405539	"CCT4"	251	"HiG"
"HiG_18"	329198226106367	"STX7"	181	"HiG"
"HiG_18"	2558398938791.13	"ARL3"	379	"HiG"
"HiG_18"	193731120687.219	"CD151"	402	"HiG"
"HiG_18"	697861043137317	"HSPA8"	122	"HiG"
"HiG_18"	21487200002814.8	"CCNB1"	329	"HiG"
"HiG_18"	266699809159595	"PABPC1"	191	"HiG"
"HiG_18"	180085771704768	"DDX5"	228	"HiG"
"HiG_18"	445119346701855	"RBBP7"	156	"HiG"
"HiG_18"	112542650002442	"CREB3L1"	259	"HiG"
"HiG_18"	0	"GATA6"	498.5	"HiG"
"HiG_18"	0	"HAND1"	498.5	"HiG"
"HiG_18"	520.973302746245	"HOXB6"	447	"HiG"
"HiG_18"	247257855261757	"FOXP1"	195	"HiG"
"HiG_18"	17055266529401.5	"MEIS2"	339	"HiG"
"HiG_18"	3109814076651.46	"MSX1"	377	"HiG"
"HiG_18"	3562223996517824	"MSX2"	46	"HiG"
"HiG_18"	438.77710694059	"TGFB1I1"	450	"HiG"
"HiG_18"	186391801638474	"DEK"	225	"HiG"
"HiG_18"	57924437371840.7	"HELLS"	283	"HiG"
"HiG_18"	11242385194253412	"ILF2"	12	"HiG"
"HiG_18"	235810524259936	"DNAJA1"	201	"HiG"
"HiG_18"	2515449999094628	"ACTG1"	56	"HiG"
"HiG_18"	1236361905659784	"HMGA2"	91	"HiG"
"HiG_18"	0	"CITED2"	498.5	"HiG"
"HiG_18"	39529391216697.6	"CCNE1"	302	"HiG"
"HiG_18"	155382318929448	"LRRFIP1"	235	"HiG"
"HiG_18"	2545144676866294	"HSPA5"	55	"HiG"
"HiG_18"	1959669299541470	"CBX1"	68	"HiG"
"HiG_18"	2025990958185801	"HSP90AA1"	65	"HiG"
"HiG_18"	1281688654218202	"PKM"	89	"HiG"
"HiG_18"	238.732845563451	"ENO1"	458	"HiG"
"HiG_18"	107907457381001	"CTNNA1"	261	"HiG"
"HiG_18"	4192538322228.67	"SET"	367	"HiG"
"HiG_18"	1789791558642214	"CCT8"	72	"HiG"
"HiG_18"	2018213891473981	"CCND2"	66	"HiG"
"HiG_18"	21744704476056.4	"PALLD"	328	"HiG"
"HiG_18"	3325001724042.47	"PCGF5"	375	"HiG"
"HiG_18"	813154525756170	"DDX39B"	116	"HiG"
"HiG_18"	24967161109522832	"HSP90B1"	5	"HiG"
"HiG_18"	70676466043583.5	"CNN3"	277	"HiG"
"HiG_18"	3018996536023566	"PFN1"	51	"HiG"
"HiG_18"	1562845322722844	"NCL"	77	"HiG"
"HiG_18"	659670864105920	"SLC25A5"	123	"HiG"
"HiG_18"	1507434903545734	"YWHAE"	79	"HiG"
"HiG_18"	1132833135451380	"FLNA"	96	"HiG"
"HiG_18"	989610455670044	"DBN1"	103	"HiG"
"HiG_18"	13609273725046.3	"ANXA6"	345	"HiG"
"HiG_18"	671677742204.211	"PITX1"	392	"HiG"
"HiG_18"	3742090355495862	"MAPK3"	41	"HiG"
"HiG_18"	30842304436506	"CRYAB"	313	"HiG"
"HiG_18"	2273321778317082	"FGFR1"	57	"HiG"
"HiG_18"	646398063394768	"HMGB2"	125	"HiG"
"HiG_18"	24131314963252.5	"SMAD7"	324	"HiG"
"HiG_18"	951638070217584	"APOE"	105	"HiG"
"HiG_18"	30986161942551892	"UBC"	4	"HiG"
"HiG_18"	1027737091002721	"LIN28A"	101	"HiG"
"HiG_18"	3462489138822315	"CALR"	48	"HiG"
"HiG_18"	152299064265297	"EIF4A1"	236	"HiG"
"HiG_18"	418663224445136	"PSMD11"	164	"HiG"
"HiG_18"	655962482739242	"TOP1"	124	"HiG"
"HiG_18"	1830.08066337127	"GJC1"	422	"HiG"
"HiG_18"	10984482027873278	"GJA1"	14	"HiG"
"HiG_18"	826641741010627	"AHNAK"	115	"HiG"
"HiG_18"	1345009589793022	"ANXA2"	88	"HiG"
"HiG_18"	206801272795579	"ATXN10"	215	"HiG"
"HiG_18"	18362381863203.4	"CNN2"	335	"HiG"
"HiG_18"	622330470497316	"HSPD1"	129	"HiG"
"HiG_18"	1048565566759826	"ILK"	100	"HiG"
"HiG_18"	54038172901984.4	"LAMB1"	287	"HiG"
"HiG_18"	950269224938339	"CALM1"	106	"HiG"
"HiG_18"	1022795763641123	"BCAR1"	102	"HiG"
"HiG_18"	9343167400959.79	"CCND3"	354	"HiG"
"HiG_18"	3435093061486.38	"PTOV1"	374	"HiG"
"HiG_18"	293838543546684	"TUBA1A"	188	"HiG"
"HiG_18"	197143499475381	"KRT8"	221	"HiG"
"HiG_18"	1402.04084484311	"DYNLL1"	429	"HiG"
"HiG_18"	143465222568514	"GNG12"	241	"HiG"
"HiG_18"	133592113692652	"CLTA"	247	"HiG"
"HiG_18"	1549956948355318	"ITGB1"	78	"HiG"
"HiG_18"	473570619068206	"FERMT2"	151	"HiG"
"HiG_18"	2265134582245865	"NDN"	59	"HiG"
"HiG_18"	13267156173674.1	"MYL9"	347	"HiG"
"HiG_18"	110482595130868	"EFNB1"	260	"HiG"
"HiG_18"	4918501721619510	"HNRNPK"	32	"HiG"
"HiG_18"	15424938721471222	"PRNP"	10	"HiG"
"HiG_18"	1479257389026944	"P4HB"	82	"HiG"
"HiG_18"	520118291170194	"APBB1"	145	"HiG"
"HiG_18"	777520944667.587	"CNPY2"	389	"HiG"
"HiG_18"	263889158868484	"ETFB"	192	"HiG"
"HiG_18"	2270731721752239	"GNAI2"	58	"HiG"
"HiG_18"	183818504860231	"GNAS"	226	"HiG"
"HiG_18"	744117504949247	"COL1A1"	120	"HiG"
"HiG_18"	19098048498582.8	"BMP4"	334	"HiG"
"HiG_18"	209280645582072	"CDC20"	214	"HiG"
"HiG_18"	266.048491611168	"CYBA"	457	"HiG"
"HiG_18"	428911650856355	"ACTA2"	160	"HiG"
"HiG_18"	43043569458323.6	"IGF2"	296	"HiG"
"HiG_18"	35119059024649.1	"DAB2"	307	"HiG"
"HiG_18"	16941655879839.5	"CAPN2"	340	"HiG"
"HiG_18"	849314575241098	"RTN4"	114	"HiG"
"HiG_18"	922.538572802538	"BEX3"	437	"HiG"
"HiG_18"	5725507236109311	"CALM2"	25	"HiG"
"HiG_18"	591667656401543	"MYH10"	135	"HiG"
"HiG_18"	404349626656269	"MYL12B"	167	"HiG"
"HiG_18"	506555797549.262	"CSRP1"	394	"HiG"
"HiG_18"	149383042964918	"CALD1"	239	"HiG"
"HiG_18"	125864698327869	"EFHD2"	253	"HiG"
"HiG_18"	28991506727714.2	"GOLGB1"	316	"HiG"
"HiG_18"	55500844569019.4	"MYL12A"	285	"HiG"
"HiG_18"	10189296202197088	"YWHAH"	15	"HiG"
"HiG_18"	174053304212946	"DNAJB11"	230	"HiG"
"HiG_18"	521384648401073	"ERP29"	144	"HiG"
"HiG_18"	3318883830234.99	"EIF4EBP1"	376	"HiG"
"HiG_18"	20561126679197.7	"RALB"	330	"HiG"
"HiG_18"	113286308457366	"FBLN1"	258	"HiG"
"HiG_18"	433266132388.166	"GNG2"	397	"HiG"
"HiG_18"	11128803098293	"CDKN1C"	349	"HiG"
"HiG_18"	116726602856778	"EIF3E"	257	"HiG"
"HiG_18"	25308740778861.7	"SDC1"	322	"HiG"
"HiG_18"	120828840586735	"CYB5A"	255	"HiG"
"HiG_18"	274907893811423	"ARHGAP1"	190	"HiG"
"HiG_18"	177935186037477	"PDLIM7"	229	"HiG"
"HiG_18"	313117926828101	"RPS26"	185	"HiG"
"HiG_18"	24083329654077.8	"EGFL7"	325	"HiG"
"HiG_18"	126922566513446	"SEC61A1"	252	"HiG"
"HiG_18"	319432674113114	"PRDX1"	182	"HiG"
"HiG_18"	449381727433594	"PA2G4"	154	"HiG"
"HiG_18"	3560700667119370	"LRP1"	47	"HiG"
"HiG_18"	519204450681223	"DERL2"	147	"HiG"
"HiG_18"	632773211056084	"ANXA5"	126	"HiG"
"HiG_18"	2516978024034.26	"ARHGDIB"	380	"HiG"
"HiG_18"	21182902202.4737	"APRT"	412	"HiG"
"HiG_18"	40023359774086.5	"GPX1"	301	"HiG"
"HiG_18"	82094572287441.4	"COL1A2"	270	"HiG"
"HiG_18"	65114164541869.7	"RER1"	278	"HiG"
"HiG_18"	180663524077.72	"ATP6V0B"	403	"HiG"
"HiG_18"	120560439359.489	"FHL1"	406	"HiG"
"HiG_18"	251777383736928	"ANP32B"	194	"HiG"
"HiG_18"	770477537450.383	"CSRP2"	390	"HiG"
"HiG_18"	210397990870278	"DSTN"	212	"HiG"
"HiG_18"	300295912620931	"DKC1"	186	"HiG"
"HiG_18"	889402775376277	"CLIC1"	110	"HiG"
"HiG_18"	94544265003131.5	"ARF4"	268	"HiG"
"HiG_18"	159820582676288	"COL4A2"	233	"HiG"
"HiG_18"	146948585953089	"EBNA1BP2"	240	"HiG"
"HiG_18"	171127581920671	"ARPC2"	231	"HiG"
"HiG_18"	1158415239491726	"CKAP4"	95	"HiG"
"HiG_18"	231290142641249	"CAPNS1"	204	"HiG"
"HiG_18"	100385755785192	"ARPC5"	265	"HiG"
"HiG_18"	146997843831.685	"RBP1"	405	"HiG"
"HiG_18"	1141.37174812497	"SIVA1"	432	"HiG"
"HiG_18"	0	"CTSL"	498.5	"HiG"
"HiG_18"	137445162145714	"HTRA2"	244	"HiG"
"HiG_18"	222198104128680	"GDI2"	206	"HiG"
"HiG_18"	300151187465774	"TRA2B"	187	"HiG"
"HiG_18"	869898329910091	"PDIA3"	112	"HiG"
"HiG_18"	49629138196048.1	"ARF5"	289	"HiG"
"HiG_18"	1413877127056610	"PDIA6"	86	"HiG"
"HiG_18"	19770853615049.6	"UGP2"	333	"HiG"
"HiG_18"	3888732736536149	"ITM2B"	40	"HiG"
"HiG_18"	728058978201239	"RBFOX2"	121	"HiG"
"HiG_18"	159103871580.516	"LAPTM4A"	404	"HiG"
"HiG_18"	353408843921773	"PRDX3"	173	"HiG"
"HiG_18"	3098756774415920	"PPP1CB"	50	"HiG"
"HiG_18"	200647359135213	"TXNL1"	217	"HiG"
"HiG_18"	187681976583229	"PPID"	224	"HiG"
"HiG_18"	129988141989235	"RAP1A"	248	"HiG"
"HiG_18"	503024176625.068	"ARL6IP1"	395	"HiG"
"HiG_18"	6146671969012.98	"CNIH4"	362	"HiG"
"HiG_18"	343299967549322	"TSC22D1"	176	"HiG"
"HiG_18"	34441347085484.2	"PTPRA"	308	"HiG"
"HiG_18"	245301108352666	"RCN2"	196	"HiG"
"HiG_18"	762859769372868	"BASP1"	118	"HiG"
"HiG_18"	2850179299955610	"FKBP4"	53	"HiG"
"HiG_18"	206517301762447	"MAT2A"	216	"HiG"
"HiG_18"	212675691998901	"TPM1"	208	"HiG"
"HiG_18"	29136893004364.3	"ARHGAP29"	315	"HiG"
"HiG_18"	1625.5103564234	"PEG3"	426	"HiG"
"HiG_18"	81570956021860.8	"S100A10"	271	"HiG"
"HiG_18"	12742794453678468	"SDF2L1"	11	"HiG"
"HiG_18"	124750835160236	"MLEC"	254	"HiG"
"HiG_18"	210674628115248	"CRIP2"	211	"HiG"
"HiG_18"	1898424713359660	"MAGED2"	70	"HiG"
"HiG_18"	149711176494430	"CLNS1A"	238	"HiG"
"HiG_18"	0	"DEGS1"	498.5	"HiG"
"HiG_18"	0	"DCTPP1"	498.5	"HiG"
"HiG_18"	7600762583658.97	"DLK1"	358	"HiG"
"HiG_18"	42052169275462.5	"EIF4A3"	299	"HiG"
"HiG_18"	0	"COPZ2"	498.5	"HiG"
"HiG_18"	0	"CBLN1"	498.5	"HiG"
"HiG_18"	13383840238785	"BIRC5"	346	"HiG"
"HiG_18"	104497489389080	"TMED9"	263	"HiG"
"HiG_18"	258289928795845	"KRT19"	193	"HiG"
"HiG_18"	96533973256329.8	"SNRPN"	267	"HiG"
"HiG_18"	571683469442022	"PHGDH"	139	"HiG"
"HiG_18"	1161191701500954	"GNB4"	94	"HiG"
"HiG_18"	0	"DOK4"	498.5	"HiG"
"HiG_18"	565136258117603	"PRDX4"	140	"HiG"
"HiG_18"	6917099085382069	"PAICS"	22	"HiG"
"HiG_18"	285464066668015	"RBMS2"	189	"HiG"
"HiG_18"	422995247090610	"IDH2"	163	"HiG"
"HiG_18"	168117955.251351	"PDLIM2"	418	"HiG"
"HiG_18"	0	"RCN3"	498.5	"HiG"
"HiG_18"	0	"STEAP1"	498.5	"HiG"
"HiG_18"	7352294359168810	"PLOD2"	19	"HiG"
"HiG_18"	473.594855300981	"GLIPR2"	449	"HiG"
"HiG_18"	289476983859.326	"PCOLCE"	401	"HiG"
"HiG_18"	166740397213080	"RRBP1"	232	"HiG"
"HiG_18"	0	"PLSCR1"	498.5	"HiG"
"HiG_18"	1420169209526028	"TUBB4B"	85	"HiG"
"HiG_18"	1748249982961457	"SLC25A4"	73	"HiG"
"HiG_18"	0	"HOXB2"	498.5	"HiG"
"HiG_18"	375205968994158	"FSCN1"	171	"HiG"
"HiG_18"	64875663013630.4	"MDH1"	279	"HiG"
"HiG_18"	1081588104083765	"MYL6"	99	"HiG"
"HiG_18"	314041148993678	"CFL2"	183	"HiG"
"HiG_18"	41734754690907.9	"MPC2"	300	"HiG"
"HiG_18"	140383783983483	"PPP1R18"	243	"HiG"
"HiG_18"	886970998760169	"TPM2"	111	"HiG"
"HiG_18"	0	"FKBP1A"	498.5	"HiG"
"HiG_18"	151837874274886	"NEXN"	237	"HiG"
"HiG_18"	597733650466186	"RALA"	132	"HiG"
"HiG_18"	17757897354.8903	"RRAGD"	414	"HiG"
"HiG_18"	9169568184532352	"FN1"	16	"HiG"
"HiG_18"	37406197282.2232	"HMGB1"	409	"HiG"
"HiG_18"	375.44251953516	"PTMA"	452	"HiG"
"HiG_18"	0	"SLC2A3"	498.5	"HiG"
"HiG_18"	58276785411881.7	"PACSIN2"	282	"HiG"
"HiG_18"	5659341648835398	"LRRC59"	26	"HiG"
"HiG_18"	907895026483148	"SFXN1"	108	"HiG"
"HiG_18"	0	"GPX3"	498.5	"HiG"
"HiG_18"	561768752469494	"HADH"	141	"HiG"
"HiG_18"	5221726642438527	"IMPDH2"	29	"HiG"
"HiG_18"	516598105693.47	"BCAM"	393	"HiG"
"HiG_18"	14742447952483.4	"CARNMT1"	344	"HiG"
"HiG_18"	36438567207887.1	"CRELD2"	305	"HiG"
"HiG_18"	0	"DBI"	498.5	"HiG"
"HiG_18"	27541186779719.5	"EIF3M"	319	"HiG"
"HiG_18"	10170043851491	"HMGB3"	352	"HiG"
"HiG_18"	209692728173075	"COX17"	213	"HiG"
"HiG_18"	4581477275381229	"LGALS1"	34	"HiG"
"HiG_18"	11645167694157.6	"CSTB"	348	"HiG"
"HiG_18"	128833376429326	"FTH1"	249	"HiG"
"HiG_18"	19700917015.7289	"PPP1R14A"	413	"HiG"
"HiG_18"	4233685539737664	"PTN"	36	"HiG"
"HiG_18"	45475053892591.5	"RAP1B"	293	"HiG"
"HiG_18"	18272426995375.8	"ADK"	336	"HiG"
"HiG_18"	507142733545378	"PPIB"	148	"HiG"
"HiG_18"	134618492826319	"PGRMC1"	246	"HiG"
"HiG_18"	4968544810278529	"PDIA4"	31	"HiG"
"HiG_18"	45759095360463.6	"TBCB"	292	"HiG"
"HiG_18"	338420746236020	"MMP14"	178	"HiG"
"HiG_18"	529077580836006	"GSTO1"	143	"HiG"
"HiG_18"	0	"SDHD"	498.5	"HiG"
"HiG_18"	415323979801407	"TXNDC5"	165	"HiG"
"HiG_18"	429972261350397	"LRPAP1"	158	"HiG"
"HiG_18"	240766351418763	"ME1"	199	"HiG"
"HiG_18"	7109614582380.83	"S100A11"	360	"HiG"
"HiG_18"	580255239470886	"SSB"	137	"HiG"
"HiG_18"	1878506922648980	"WDR77"	71	"HiG"
"HiG_18"	951746542173.859	"AAMDC"	388	"HiG"
"HiG_18"	188327147345237	"BCCIP"	223	"HiG"
"HiG_18"	882.609824626771	"CST3"	441	"HiG"
"HiG_18"	1246162250922639	"DNAJC3"	90	"HiG"
"HiG_18"	25220317168372.6	"EEF1E1"	323	"HiG"
"HiG_18"	92134345255898.1	"MTAP"	269	"HiG"
"HiG_18"	117702579783715	"MYDGF"	256	"HiG"
"HiG_18"	48538947236727.2	"PARVA"	290	"HiG"
"HiG_18"	1502466888423863	"PPA1"	80	"HiG"
"HiG_18"	369137110754364	"MARCKS"	172	"HiG"
"HiG_18"	0	"DDT"	498.5	"HiG"
"HiG_18"	28639161324197.6	"SNX6"	317	"HiG"
"HiG_18"	212131586063331	"SPARC"	209	"HiG"
"HiG_18"	2167525845647751	"TPM4"	62	"HiG"
"HiG_18"	445846326472136	"TXNDC12"	155	"HiG"
"HiG_18"	1020.22212074711	"PPIC"	435	"HiG"
"HiG_18"	44960098679706.7	"OAT"	294	"HiG"
"HiG_18"	17595108873734.4	"UBE2E3"	337	"HiG"
"HiG_18"	1439087482896294	"TLN1"	84	"HiG"
"HiG_18"	9691613436995.79	"PDLIM1"	353	"HiG"
"HiG_18"	39386182049513.9	"UBE2R2"	303	"HiG"
"HiG_18"	23692953088594660	"YWHAQ"	6	"HiG"
"HiG_18"	42526247434763.5	"AJUBA"	298	"HiG"
"HiG_18"	992.981827882767	"BAMBI"	436	"HiG"
"HiG_18"	102636484935241	"CD63"	264	"HiG"
"HiG_18"	60406809665923.3	"ECE1"	281	"HiG"
"HiG_18"	3270899733.85417	"EFEMP2"	416	"HiG"
"HiG_18"	352747049077470	"FKBP10"	174	"HiG"
"HiG_18"	10791668890707.4	"FSTL1"	350	"HiG"
"HiG_18"	1965438844040234	"GABARAP"	67	"HiG"
"HiG_18"	850.678017891228	"GINS2"	442	"HiG"
"HiG_18"	749584812256873	"GPC3"	119	"HiG"
"HiG_18"	696.205903994077	"IGFBP2"	444	"HiG"
"HiG_18"	3906682450890.12	"JAM3"	372	"HiG"
"HiG_18"	519630856246137	"KRT18"	146	"HiG"
"HiG_18"	155800215474589	"LMAN2"	234	"HiG"
"HiG_18"	199504949991028	"LUZP1"	219	"HiG"
"HiG_18"	11158305225225894	"MMP2"	13	"HiG"
"HiG_18"	930213390764637	"MRPS26"	107	"HiG"
"HiG_18"	4041322426417.4	"MRTO4"	370	"HiG"
"HiG_18"	144.07466031895	"PCBP4"	459	"HiG"
"HiG_18"	384055780909938	"NOLC1"	170	"HiG"
"HiG_18"	234647929237131	"P3H2"	202	"HiG"
"HiG_18"	431150511815158	"RND3"	157	"HiG"
"HiG_18"	33184917894.9932	"SPEG"	410	"HiG"
"HiG_18"	5392939409143201	"TAGLN"	27	"HiG"
"HiG_18"	137174208442635	"TRIOBP"	245	"HiG"
"HiG_18"	71005332171173	"UACA"	276	"HiG"
"HiG_18"	494017194045136	"TMSB4X"	150	"HiG"
"HiG_18"	7576594101920550	"LYAR"	18	"HiG"
"HiG_18"	72839012946267.3	"RBMS1"	275	"HiG"
"HiG_18"	128103138442841	"PLIN3"	250	"HiG"
"HiG_18"	952969473685214	"TUBB6"	104	"HiG"
"HiG_18"	222624852230148	"MAP7D1"	205	"HiG"
"HiG_18"	6229177700990.6	"POLG"	361	"HiG"
"HiG_18"	7705438842369916	"RCN1"	17	"HiG"
"HiG_18"	15361997870266.7	"PSPH"	342	"HiG"
"HiG_18"	183705147870559	"MTCH1"	227	"HiG"
"HiG_18"	590018851489661	"GPX4"	136	"HiG"
"HiG_18"	1486785115242874	"HAPLN1"	81	"HiG"
"HiG_18"	591.702276259385	"SNAI2"	445	"HiG"
"HiG_18"	869243653120855	"EMC7"	113	"HiG"
"HiG_18"	0	"FKBP11"	498.5	"HiG"
"HiG_18"	0	"CMTM7"	498.5	"HiG"
"HiG_18"	31645857186181	"PRR5"	310	"HiG"
"HiG_18"	0	"SMOC2"	498.5	"HiG"
"HiG_18"	1635447865727841	"SRSF9"	75	"HiG"
"HiG_18"	632579836366907	"ITM2C"	127	"HiG"
"HiG_18"	2174006903224.01	"CDV3"	383	"HiG"
"HiG_18"	31550639836691.1	"MPZL1"	311	"HiG"
"HiG_18"	1753.54468216136	"SLC6A6"	423	"HiG"
"HiG_18"	23339617948157.5	"NECTIN3"	327	"HiG"
"HiG_18"	322693439232.827	"PCLAF"	399	"HiG"
"HiG_18"	839.791584096291	"RP9"	443	"HiG"
"HiG_18"	30912925214041.7	"REXO2"	312	"HiG"
"HiG_18"	8125544473.8541	"SERP1"	415	"HiG"
"HiG_18"	76548130443180.5	"MARCKSL1"	272	"HiG"
"HiG_18"	0	"LIMD2"	498.5	"HiG"
"HiG_18"	242426035475789	"COLEC12"	198	"HiG"
"HiG_18"	91146153554.4556	"RRM2"	407	"HiG"
"HiG_18"	547.671300290059	"SPC25"	446	"HiG"
"HiG_18"	6901984826546940	"SH3GLB1"	23	"HiG"
"HiG_18"	502833372136496	"RAB34"	149	"HiG"
"HiG_18"	7429946534786.59	"NRM"	359	"HiG"
"HiG_18"	0	"ST3GAL5"	498.5	"HiG"
"HiG_18"	27453481911599	"SSR2"	320	"HiG"
"HiG_18"	8586306340915.22	"PLIN2"	356	"HiG"
"HiG_18"	1573303462931876	"SSR3"	76	"HiG"
"HiG_18"	429255944005279	"KRTCAP2"	159	"HiG"
"HiG_18"	1641.44836506682	"ELOVL1"	425	"HiG"
"HiG_18"	1283865820124.36	"SNX7"	386	"HiG"
"HiG_18"	54742946353189.4	"RSU1"	286	"HiG"
"HiG_18"	4851259583505810	"REEP5"	33	"HiG"
"HiG_18"	199986741253453	"ARL4D"	218	"HiG"
"HiG_18"	29635286027720.5	"SDC2"	314	"HiG"
"HiG_18"	0	"MALAT1"	498.5	"HiG"
"HiG_18"	14926183844247.4	"SRI"	343	"HiG"
"HiG_18"	188753603980520	"SLC2A1"	222	"HiG"
"HiG_18"	5389674471198733	"TKT"	28	"HiG"
"HiG_18"	3709131111797628	"P3H1"	43	"HiG"
"HiG_18"	574170730.105149	"GALK1"	417	"HiG"
"HiG_18"	0	"MOGAT2"	498.5	"HiG"
"HiG_18"	313576313114406	"RRS1"	184	"HiG"
"HiG_18"	73771797176665.6	"BBX"	274	"HiG"
"HiG_18"	3668078353607819	"TCF4"	45	"HiG"
"HiG_18"	35826185300884.2	"SMARCA1"	306	"HiG"
"HiG_18"	1099311158108.67	"ARMCX2"	387	"HiG"
"HiG_18"	427971472080158	"PJA1"	162	"HiG"
"HiG_18"	0	"BEX2"	498.5	"HiG"
"HiG_18"	0	"SPIN2C"	498.5	"HiG"
"HiG_18"	0	"ARXES2"	498.5	"HiG"
"HiG_18"	0	"ARXES1"	498.5	"HiG"
"HiG_18"	346186158008.878	"TCEAL8"	398	"HiG"
"HiG_18"	0	"TSPAN6"	498.5	"HiG"
"HiG_18"	0	"AARD"	498.5	"HiG"
"HiG_18"	611128708119591	"TNNT2"	130	"HiG"
"HiG_18"	2124186461347617	"SERPINH1"	63	"HiG"
"HiG_18"	7096379339525760	"LPP"	20	"HiG"
"HiG_18"	240393288229880	"WLS"	200	"HiG"
"HiG_18"	32629443723913.3	"MID1IP1"	309	"HiG"
"HiG_18"	2420610214692.71	"S1PR2"	381	"HiG"
"HiG_18"	0	"PITX2"	498.5	"HiG"
"HiG_18"	0	"IRAK1BP1"	498.5	"HiG"
"HiG_18"	4017004591403.32	"PARD6B"	371	"HiG"
"HiG_18"	0	"BEX1"	498.5	"HiG"
"HiG_18"	1084.06001478139	"FTL1"	434	"HiG"
"HiG_18"	0	"ODC1"	498.5	"HiG"
"HiG_18"	0	"PLP2"	498.5	"HiG"
"HiG_18"	788641903880440	"GADD45G"	117	"HiG"
"HiG_18"	626763416682738	"TLN2"	128	"HiG"
"HiG_18"	24000133278913.9	"AKR1A1"	326	"HiG"
"HiG_18"	0	"ABRACL"	498.5	"HiG"
"HiG_18"	16732447228201466	"RHOC"	8	"HiG"
"HiG_18"	1713205352936318	"TAGLN2"	74	"HiG"
"HiG_18"	16794791340985714	"VIM"	7	"HiG"
"HiG_18"	3962952221391658	"RAB4A"	39	"HiG"
"HiG_18"	0	"IL11RA1"	498.5	"HiG"
"HiG_18"	0	"LRRC42"	498.5	"HiG"
"HiG_18"	0	"MT-ND2"	498.5	"HiG"
"HiG_18"	0	"MYL7"	498.5	"HiG"
"HiG_18"	0	"TDO2"	498.5	"HiG"
"HiG_18"	334717387088768	"NHP2"	180	"HiG"
"HiG_18"	1119613010763364	"WDR1"	98	"HiG"
"HiG_18"	1328912050938.13	"GCSH"	385	"HiG"
"HiG_18"	211275019849323	"MRPS24"	210	"HiG"
"HiG_18"	1585.76315563118	"ORC6"	427	"HiG"
"HiG_18"	347474014290661	"SURF4"	175	"HiG"
"HiG_18"	480.245850526196	"BRI3"	448	"HiG"
"HiG_18"	307.306051713832	"SLBP"	455	"HiG"
"HiG_18"	1263.69290236419	"TBRG1"	430	"HiG"
"HiG_18"	399545871523842	"P4HA2"	168	"HiG"
"HiG_18"	1938307834128694	"YAF2"	69	"HiG"
"HiG_18"	601425856056030	"RBPMS"	131	"HiG"
"HiG_18"	28131263255933	"GPX7"	318	"HiG"
"HiG_18"	2935903326810.65	"CKS2"	378	"HiG"
"HiG_18"	0	"PLAC8"	498.5	"HiG"
"HiG_18"	1456.44759542643	"CTNNBIP1"	428	"HiG"
"HiG_18"	469954918113128	"LUM"	152	"HiG"
"HiG_18"	1179787410874706	"MORF4L2"	93	"HiG"
"HiG_18"	0	"TCEAL9"	498.5	"HiG"
"HiG_18"	76187521379783.4	"KDELR2"	273	"HiG"
"HiG_18"	15923120674404	"MEST"	341	"HiG"
"HiG_18"	198050207442480	"LSR"	220	"HiG"
"HiG_18"	337834410000692	"PKP2"	179	"HiG"
"HiG_18"	2116271642324389	"SELENOS"	64	"HiG"
"HiG_18"	76806913166.0313	"TSEN34"	408	"HiG"
"HiG_18"	8909287284676.45	"FXYD6"	355	"HiG"
"HiG_18"	22293429456.9128	"TAX1BP3"	411	"HiG"
"HiG_18"	0	"SPTSSA"	498.5	"HiG"
"HiG_18"	243042817094559	"KLF6"	197	"HiG"
"HiG_18"	728864744194.528	"RRAS2"	391	"HiG"
"HiG_18"	8501215930579.93	"TPD52L1"	357	"HiG"
"HiG_18"	98210710520250.6	"PTCH1"	266	"HiG"
"HiG_18"	2226943877210096	"HMGN1"	61	"HiG"
"HiG_18"	43027376481192.7	"PODXL"	297	"HiG"
"HiG_18"	4482957586901.42	"GAS6"	366	"HiG"
"HiG_18"	0	"GDE1"	498.5	"HiG"
"HiG_18"	1239.808153207	"TFPI"	431	"HiG"
"HiG_18"	17376114983254.9	"POFUT2"	338	"HiG"
"HiG_18"	0	"ATXN7L3B"	498.5	"HiG"
"HiG_18"	1119853619444144	"PAIP2"	97	"HiG"
"HiG_18"	302029578814.294	"XBP1"	400	"HiG"
"HiG_18"	0	"HSD11B2"	498.5	"HiG"
"HiG_18"	428114762966260	"SOX4"	161	"HiG"
"HiG_18"	892104654211492	"P3H4"	109	"HiG"
"HiG_18"	20559659016624.7	"TNNI1"	331	"HiG"
"HiG_18"	43138017300865	"FAM83D"	295	"HiG"
"HiG_18"	534312138825148	"TTC3"	142	"HiG"
"HiG_18"	3618957473643.28	"SRM"	373	"HiG"
"HiG_18"	0	"FZD2"	498.5	"HiG"
"HiG_18"	0	"CTSO"	498.5	"HiG"
"HiG_18"	0	"ECSCR"	498.5	"HiG"
"HiG_18"	7033762418993635	"ARL4C"	21	"HiG"
"HiG_18"	575533035932172	"NPC2"	138	"HiG"
"HiG_18"	36008923955669644	"NENF"	2	"HiG"
"HiG_18"	3143120657337963	"TMEM9"	49	"HiG"
"HiG_18"	457402049822778	"TMSB10"	153	"HiG"
"HiG_18"	4046119902075.32	"SH3BGRL3"	369	"HiG"
"HiG_18"	45903990686616.4	"DUSP9"	291	"HiG"
"HiG_18"	0	"KRCC1"	498.5	"HiG"
"HiG_18"	15481121679983468	"NECTIN2"	9	"HiG"
"HiG_18"	595446587773144	"OST4"	133	"HiG"
"HiG_18"	39155434221370.6	"TMBIM6"	304	"HiG"
"HiG_18"	0	"MT-CO3"	498.5	"HiG"
"HiG_18"	340201973122043	"UGDH"	177	"HiG"
"HiG_18"	0	"DPH3"	498.5	"HiG"
"HiG_18"	107459805837445328	"TIPARP"	1	"HiG"
"HiG_18"	0	"RSRP1"	498.5	"HiG"
"HiG_18"	10417412975744.8	"IGFBP4"	351	"HiG"
"HiG_18"	1603755743902.98	"ITM2A"	384	"HiG"
"HiG_18"	4180085177291.21	"PMP22"	368	"HiG"
"HiG_18"	1404234844520208	"EVA1B"	87	"HiG"
"HiG_18"	0	"TINAGL1"	498.5	"HiG"
"HiG_18"	2352207308792.16	"TNFAIP1"	382	"HiG"
"HiG_18"	27013014477475.4	"MANF"	321	"HiG"
"HiG_18"	1706.80462430557	"SELENOK"	424	"HiG"
"HiG_18"	0	"POPDC2"	498.5	"HiG"
"HiG_18"	271.954596852585	"PRELID1"	456	"HiG"
"HiG_18"	3596.31865953258	"OAF"	419	"HiG"
"HiG_18"	909.060326987327	"SLC27A3"	438	"HiG"
"HiG_18"	221239605032835	"TSPAN3"	207	"HiG"
"HiG_18"	62781514954359.3	"COLEC11"	280	"HiG"
"HiG_18"	2406.83634387651	"MGAT2"	421	"HiG"
"HiG_18"	4069358724008786	"TIMP2"	38	"HiG"
"HiG_18"	592745522976433	"FOXF1"	134	"HiG"
"HiG_18"	394.784557367037	"LPAR6"	451	"HiG"
"HiG_18"	0	"OAZ2"	498.5	"HiG"
"HiG_18"	0	"PHLDA2"	498.5	"HiG"
"HiG_18"	20504997684544.3	"YIF1B"	332	"HiG"
"HiG_18"	53228433341066.9	"PRDM6"	288	"HiG"
"HiG_18"	1185863822843674	"SPATS2L"	92	"HiG"
"HiG_18"	0	"PRTG"	498.5	"HiG"
"HiG_18"	107794921908103	"APLNR"	262	"HiG"
"HiG_18"	0	"TMEM108"	498.5	"HiG"
"HiG_18"	0	"STEAP2"	498.5	"HiG"
"HiG_18"	4122702418127434	"GPX8"	37	"HiG"
"HiG_18"	885.432895903779	"STARD3NL"	440	"HiG"
"HiG_18"	0	"USP51"	498.5	"HiG"
"HiG_18"	0	"CMTM8"	498.5	"HiG"
"HiG_18"	448700290641.725	"LY6E"	396	"HiG"
"HiG_18"	0	"NKD1"	498.5	"HiG"
"HiG_18"	0	"STARD8"	498.5	"HiG"
"HiG_18"	0	"TMEM88"	498.5	"HiG"
"HiG_18"	0	"PTGES"	498.5	"HiG"
"HiG_18"	0	"SMIM1"	498.5	"HiG"
"HiG_18"	0	"SELENOM"	498.5	"HiG"
"HiG_18"	330.728722326293	"TSPAN4"	454	"HiG"
"HiG_18"	2230447922049822	"VCAN"	60	"HiG"
"HiG_18"	0	"SELENOW"	498.5	"HiG"
"HiG_18"	0	"SELENOH"	498.5	"HiG"
"HiG_18"	2819546432529932	"ZCCHC3"	54	"HiG"
"HiG_18"	2677.38828134991	"RGS5"	420	"HiG"
"HiG_18"	906.0802498773	"VGLL4"	439	"HiG"
"HiG_18"	0	"TMEM158"	498.5	"HiG"
"HiG_18"	57365547237932.1	"TRABD2B"	284	"HiG"
"HiG_18"	0	"TSPAN9"	498.5	"HiG"
"HiG_18"	2850219541669656	"ZFP36L1"	52	"HiG"
"HiG_18"	1116.19277124733	"WSB1"	433	"HiG"
"HiG_18"	33159688402139244	"ZYX"	3	"HiG"
"HiG_18"	0	"IFITM2"	498.5	"HiG"
"HiG_18"	0	"NUDT4"	498.5	"HiG"
"HiG_18"	0	"RASL11B"	498.5	"HiG"
"HiG_18"	4993382868161489	"WFDC2"	30	"HiG"
"HiG_19"	3920210733833.55	"MYH9"	116	"HiG"
"HiG_19"	57105222515.8548	"PBX1"	375	"HiG"
"HiG_19"	0	"HIST1H2AP"	559	"HiG"
"HiG_19"	339132321294.889	"MAGED1"	292	"HiG"
"HiG_19"	2806437000043.38	"AFDN"	141	"HiG"
"HiG_19"	240.385333070269	"HES1"	495	"HiG"
"HiG_19"	519562254463.57	"TEAD2"	274	"HiG"
"HiG_19"	775496017091.253	"TEAD1"	250	"HiG"
"HiG_19"	7454344669648.4	"EZR"	69	"HiG"
"HiG_19"	4499021025960.13	"NRP1"	100	"HiG"
"HiG_19"	604.441583087456	"NRP2"	486	"HiG"
"HiG_19"	62938559675.4141	"ID3"	368	"HiG"
"HiG_19"	1148411258405.81	"DAG1"	223	"HiG"
"HiG_19"	3536358901517.68	"HRAS"	123	"HiG"
"HiG_19"	35022921731.2911	"HOXC8"	392	"HiG"
"HiG_19"	2106737989061.34	"CCND1"	162	"HiG"
"HiG_19"	4732373413878.45	"CD81"	99	"HiG"
"HiG_19"	6280292319404.21	"STX7"	81	"HiG"
"HiG_19"	104094507703.512	"ASAP1"	354	"HiG"
"HiG_19"	105458488005.939	"ARL3"	352	"HiG"
"HiG_19"	562704041055.381	"CD151"	270	"HiG"
"HiG_19"	119930422086.222	"JUND"	342	"HiG"
"HiG_19"	27393449519817.9	"AKT1"	23	"HiG"
"HiG_19"	302234971825.119	"PABPC1"	298	"HiG"
"HiG_19"	2462564368003.62	"TCF3"	152	"HiG"
"HiG_19"	9522455237975.46	"RBBP7"	58	"HiG"
"HiG_19"	1308527968368.69	"CREB3L1"	209	"HiG"
"HiG_19"	320140885265.688	"EPAS1"	296	"HiG"
"HiG_19"	0	"GATA6"	559	"HiG"
"HiG_19"	0	"HOXB8"	559	"HiG"
"HiG_19"	377.629867916156	"HAND1"	492	"HiG"
"HiG_19"	5547773508.39946	"HOXB5"	415	"HiG"
"HiG_19"	36790680764.7802	"HOXB6"	387	"HiG"
"HiG_19"	196426132126.237	"ID2"	322	"HiG"
"HiG_19"	119767539600.579	"LMO4"	343	"HiG"
"HiG_19"	1255208974433.13	"FOXP1"	210	"HiG"
"HiG_19"	107015153026.917	"MEIS2"	351	"HiG"
"HiG_19"	7927637557.38218	"MSX1"	412	"HiG"
"HiG_19"	6922166390704.62	"MSX2"	72	"HiG"
"HiG_19"	62431067863.0778	"TGFB1I1"	370	"HiG"
"HiG_19"	0	"HSBP1"	559	"HiG"
"HiG_19"	4318185725298.31	"DEK"	106	"HiG"
"HiG_19"	90855142630.1933	"ARID3B"	357	"HiG"
"HiG_19"	11123770377.5472	"HELLS"	408	"HiG"
"HiG_19"	0	"CXXC5"	559	"HiG"
"HiG_19"	0	"PEG10"	559	"HiG"
"HiG_19"	901329454429.525	"MYBL2"	243	"HiG"
"HiG_19"	121997855558.724	"ARID3A"	341	"HiG"
"HiG_19"	258653138630.013	"ACIN1"	309	"HiG"
"HiG_19"	113309257535.959	"AMOTL2"	346	"HiG"
"HiG_19"	2079986818391.32	"ACTG1"	167	"HiG"
"HiG_19"	10936273880453.2	"HMGA2"	49	"HiG"
"HiG_19"	3150712526370.04	"RYK"	135	"HiG"
"HiG_19"	0	"CITED2"	559	"HiG"
"HiG_19"	1001163263319.65	"LRRFIP1"	235	"HiG"
"HiG_19"	3211935093877.74	"CBX1"	133	"HiG"
"HiG_19"	14358741272118.7	"CTNNA1"	36	"HiG"
"HiG_19"	12968796555.6325	"SET"	405	"HiG"
"HiG_19"	1320551031602.67	"CCND2"	208	"HiG"
"HiG_19"	985332479773.583	"PALLD"	237	"HiG"
"HiG_19"	65.8273715405849	"PCGF5"	496	"HiG"
"HiG_19"	1088.93754333601	"HAND2"	467	"HiG"
"HiG_19"	393873946882.036	"CNN3"	287	"HiG"
"HiG_19"	12111495120389.4	"NEDD4"	46	"HiG"
"HiG_19"	37281863850408.8	"PFN1"	16	"HiG"
"HiG_19"	1682761649973.44	"NCKAP1"	192	"HiG"
"HiG_19"	8124662046227.98	"NCL"	66	"HiG"
"HiG_19"	6435780263741.58	"IGF2BP1"	77	"HiG"
"HiG_19"	6834386313144.39	"FLNA"	73	"HiG"
"HiG_19"	2341520383043.26	"YBX1"	158	"HiG"
"HiG_19"	2095851561105.45	"CCDC88A"	163	"HiG"
"HiG_19"	626396112847.631	"ANXA6"	259	"HiG"
"HiG_19"	145145336734.228	"PITX1"	336	"HiG"
"HiG_19"	21626743227220.2	"MAPK3"	25	"HiG"
"HiG_19"	249488497904.129	"CRYAB"	313	"HiG"
"HiG_19"	1718188060217.27	"LAMC1"	190	"HiG"
"HiG_19"	1896363961262.64	"IGF1R"	177	"HiG"
"HiG_19"	19898109609997.5	"FGFR1"	29	"HiG"
"HiG_19"	622214058432.96	"SMAD7"	260	"HiG"
"HiG_19"	940262170964.72	"APOE"	239	"HiG"
"HiG_19"	12967836563236.3	"LIN28A"	41	"HiG"
"HiG_19"	27756064617615.3	"CALR"	21	"HiG"
"HiG_19"	1053311250164.74	"TOP1"	230	"HiG"
"HiG_19"	3900105145988.94	"TOP2A"	117	"HiG"
"HiG_19"	484294243992.303	"GJC1"	278	"HiG"
"HiG_19"	9813274634257.54	"GJA1"	56	"HiG"
"HiG_19"	7974048757785.27	"AHNAK"	67	"HiG"
"HiG_19"	4969894431060.53	"ANXA2"	96	"HiG"
"HiG_19"	7134434047613.81	"BRD3"	71	"HiG"
"HiG_19"	1888160475465.14	"CNN2"	179	"HiG"
"HiG_19"	278764197079.661	"COL18A1"	304	"HiG"
"HiG_19"	4348659806394.97	"FLNB"	105	"HiG"
"HiG_19"	1636585572817.45	"GNB1"	194	"HiG"
"HiG_19"	6558293155981.05	"HSPG2"	76	"HiG"
"HiG_19"	4741490888756.84	"ILK"	98	"HiG"
"HiG_19"	536551054040.855	"LAMB1"	271	"HiG"
"HiG_19"	9496625656837.13	"CALM1"	59	"HiG"
"HiG_19"	11994108057209	"BCAR1"	47	"HiG"
"HiG_19"	4281407664596.63	"MAP1LC3A"	107	"HiG"
"HiG_19"	407136325685.42	"CCND3"	286	"HiG"
"HiG_19"	0	"PTOV1"	559	"HiG"
"HiG_19"	1014679724346.4	"TUBA1A"	232	"HiG"
"HiG_19"	2251323066661.95	"KRT8"	161	"HiG"
"HiG_19"	0	"CDC34"	559	"HiG"
"HiG_19"	863.126324639353	"DYNLL1"	472	"HiG"
"HiG_19"	156714114758.863	"GNG12"	333	"HiG"
"HiG_19"	3527639141248.33	"CLTA"	124	"HiG"
"HiG_19"	12897555122717.2	"ITGB1"	43	"HiG"
"HiG_19"	1347055057945.35	"FERMT2"	205	"HiG"
"HiG_19"	2029381069775.01	"ITGA5"	170	"HiG"
"HiG_19"	9818823641397.5	"NDN"	55	"HiG"
"HiG_19"	2953535931209.76	"ITGB5"	138	"HiG"
"HiG_19"	784568233859.829	"MYL9"	247	"HiG"
"HiG_19"	532363840333.062	"EFNB1"	272	"HiG"
"HiG_19"	21104916193468.3	"PRNP"	26	"HiG"
"HiG_19"	2094000767042.51	"P4HB"	165	"HiG"
"HiG_19"	4087137289957.3	"APBB1"	109	"HiG"
"HiG_19"	1660.94415440242	"CNPY2"	458	"HiG"
"HiG_19"	5968090706495.42	"GNAI2"	85	"HiG"
"HiG_19"	1158320802244.88	"GNAS"	220	"HiG"
"HiG_19"	2453617846008.1	"BMP4"	154	"HiG"
"HiG_19"	0	"BMP5"	559	"HiG"
"HiG_19"	852036756656.282	"ADD1"	245	"HiG"
"HiG_19"	0	"PAFAH1B3"	559	"HiG"
"HiG_19"	329.725525424574	"CYBA"	494	"HiG"
"HiG_19"	166019834703.692	"ACTG2"	327	"HiG"
"HiG_19"	8224460789708.81	"ACTA2"	64	"HiG"
"HiG_19"	128218067632.101	"IGF2"	339	"HiG"
"HiG_19"	50203156104.8454	"CARHSP1"	378	"HiG"
"HiG_19"	2010919120384.85	"APBB2"	171	"HiG"
"HiG_19"	6355131271536.08	"ATP2B1"	80	"HiG"
"HiG_19"	5660913835544.09	"FLNC"	88	"HiG"
"HiG_19"	779613034152.046	"DAB2"	249	"HiG"
"HiG_19"	243558185488.891	"CAPN2"	314	"HiG"
"HiG_19"	1008692227979.9	"RTN4"	233	"HiG"
"HiG_19"	5410487218300.97	"MAPKAPK2"	91	"HiG"
"HiG_19"	1682.56520164598	"BEX3"	456	"HiG"
"HiG_19"	13427334102030.3	"CALM2"	38	"HiG"
"HiG_19"	8716236102934.92	"DSP"	62	"HiG"
"HiG_19"	3773334065909.59	"MYH10"	119	"HiG"
"HiG_19"	1191495172387.91	"MYL12B"	218	"HiG"
"HiG_19"	6399450503653.86	"IGF2R"	79	"HiG"
"HiG_19"	331220807135.292	"CSRP1"	294	"HiG"
"HiG_19"	2751249326546.84	"CALD1"	143	"HiG"
"HiG_19"	255226380361.824	"EFHD2"	311	"HiG"
"HiG_19"	600187187189.668	"GOLGB1"	263	"HiG"
"HiG_19"	658220628929.454	"MYL12A"	257	"HiG"
"HiG_19"	10855290556317.4	"SPTBN1"	50	"HiG"
"HiG_19"	77908179761.753	"ERP29"	361	"HiG"
"HiG_19"	11130315506.4943	"EIF4EBP1"	407	"HiG"
"HiG_19"	1929174010392.72	"ROCK2"	175	"HiG"
"HiG_19"	79538803214.0156	"RALB"	360	"HiG"
"HiG_19"	5284546195132.8	"IQGAP1"	92	"HiG"
"HiG_19"	12339517201.0187	"VAMP8"	406	"HiG"
"HiG_19"	1123213533083.34	"FBLN1"	226	"HiG"
"HiG_19"	3626385794646.04	"GNG2"	122	"HiG"
"HiG_19"	267338302378.859	"CDKN1C"	307	"HiG"
"HiG_19"	3255979884.87804	"PRMT2"	421	"HiG"
"HiG_19"	89852297537.9181	"SDC1"	358	"HiG"
"HiG_19"	466543141160.545	"CYB5A"	281	"HiG"
"HiG_19"	96877430415.574	"LSP1"	356	"HiG"
"HiG_19"	183407309720.002	"TAF10"	323	"HiG"
"HiG_19"	36264961956595.2	"ARHGAP1"	17	"HiG"
"HiG_19"	5894384125980.17	"PDLIM7"	86	"HiG"
"HiG_19"	1762332783486.03	"RPS26"	187	"HiG"
"HiG_19"	5048253068389.72	"EGFL7"	95	"HiG"
"HiG_19"	1494712282115.39	"SEC61A1"	198	"HiG"
"HiG_19"	56830033401769.6	"LRP1"	8	"HiG"
"HiG_19"	61785386793.907	"DERL2"	371	"HiG"
"HiG_19"	2453636934726.97	"ANXA5"	153	"HiG"
"HiG_19"	3285161074709.3	"APRT"	131	"HiG"
"HiG_19"	135935850545.459	"GPX1"	337	"HiG"
"HiG_19"	592185484065.897	"COL1A2"	264	"HiG"
"HiG_19"	1628000393972.32	"RER1"	195	"HiG"
"HiG_19"	0	"ATP6V0B"	559	"HiG"
"HiG_19"	4186821819.89315	"FHL1"	418	"HiG"
"HiG_19"	477586616491.655	"CSRP2"	279	"HiG"
"HiG_19"	575697897594.634	"DSTN"	268	"HiG"
"HiG_19"	714801075764.73	"CLIC1"	254	"HiG"
"HiG_19"	1246358184560.13	"ARF4"	212	"HiG"
"HiG_19"	134693537852.386	"COL4A1"	338	"HiG"
"HiG_19"	8796105348.94931	"COL4A2"	411	"HiG"
"HiG_19"	1794291663279.16	"EBNA1BP2"	183	"HiG"
"HiG_19"	57289544047.0483	"CGNL1"	374	"HiG"
"HiG_19"	2053510591664.82	"ARPC2"	169	"HiG"
"HiG_19"	1022025036604.59	"CKAP4"	231	"HiG"
"HiG_19"	1887959530094.3	"ARPC5"	180	"HiG"
"HiG_19"	1714833178.4933	"RBP1"	426	"HiG"
"HiG_19"	2392849188.33817	"SIVA1"	424	"HiG"
"HiG_19"	1012024239.7951	"TRIM71"	430	"HiG"
"HiG_19"	4896826415291.56	"HTRA2"	97	"HiG"
"HiG_19"	65086298879.8852	"KALRN"	367	"HiG"
"HiG_19"	1007558478262.29	"ITGA3"	234	"HiG"
"HiG_19"	431.050595707667	"HSPE1"	489	"HiG"
"HiG_19"	695875733157.18	"ARF5"	255	"HiG"
"HiG_19"	3631958512767.8	"PDIA6"	121	"HiG"
"HiG_19"	1221951254.53879	"LAPTM4A"	429	"HiG"
"HiG_19"	36190172690.0396	"RPL22L1"	389	"HiG"
"HiG_19"	924817433798.599	"RAP1A"	241	"HiG"
"HiG_19"	110939770762.374	"ARL6IP1"	349	"HiG"
"HiG_19"	2571955857150.47	"PTPRF"	149	"HiG"
"HiG_19"	237974030.869831	"CNIH4"	440	"HiG"
"HiG_19"	2491431303942.57	"TSC22D1"	151	"HiG"
"HiG_19"	24797184643.7625	"AUTS2"	396	"HiG"
"HiG_19"	1427138525715.23	"PTPRA"	202	"HiG"
"HiG_19"	2404090981901.22	"RCN2"	155	"HiG"
"HiG_19"	1764381722312.25	"AMOTL1"	186	"HiG"
"HiG_19"	55104501138428.1	"BASP1"	9	"HiG"
"HiG_19"	15538176594115.9	"MYCBP2"	34	"HiG"
"HiG_19"	253971653885.438	"AKAP12"	312	"HiG"
"HiG_19"	314099013196.795	"DAB2IP"	297	"HiG"
"HiG_19"	1338545253069.52	"TPM1"	206	"HiG"
"HiG_19"	3304957867722.63	"LRP2"	130	"HiG"
"HiG_19"	46125096845.489	"ARHGAP29"	381	"HiG"
"HiG_19"	0	"PEG3"	559	"HiG"
"HiG_19"	65486940690.9952	"S100A10"	366	"HiG"
"HiG_19"	792.854340879149	"KLHDC10"	475	"HiG"
"HiG_19"	0	"TIMM8A1"	559	"HiG"
"HiG_19"	992086596.323021	"TIMM8B"	431	"HiG"
"HiG_19"	211628072864.784	"TIMM13"	319	"HiG"
"HiG_19"	3872856062727.99	"SDF2L1"	118	"HiG"
"HiG_19"	115016430235.807	"MLEC"	344	"HiG"
"HiG_19"	16619414921.8168	"CRIP2"	402	"HiG"
"HiG_19"	2848693644662.95	"GNB2"	140	"HiG"
"HiG_19"	163318012910.136	"MDK"	329	"HiG"
"HiG_19"	58016360474.6544	"CENPF"	373	"HiG"
"HiG_19"	16476180498279	"MAGED2"	32	"HiG"
"HiG_19"	111041544007.014	"CLNS1A"	348	"HiG"
"HiG_19"	0	"DCTPP1"	559	"HiG"
"HiG_19"	2095137193427.4	"DLK1"	164	"HiG"
"HiG_19"	361771215095.58	"ADGRL2"	290	"HiG"
"HiG_19"	2494105939997.46	"DHCR24"	150	"HiG"
"HiG_19"	0	"COPZ2"	559	"HiG"
"HiG_19"	0	"CBLN1"	559	"HiG"
"HiG_19"	18109435759.7466	"BIRC5"	399	"HiG"
"HiG_19"	2884969390368.41	"TMED9"	139	"HiG"
"HiG_19"	822973203462.279	"KRT19"	246	"HiG"
"HiG_19"	13485863772.8421	"SNRPN"	404	"HiG"
"HiG_19"	1193.72406504524	"DOK4"	464	"HiG"
"HiG_19"	10715993532676.5	"RBMS2"	52	"HiG"
"HiG_19"	1657.48564896491	"PDLIM2"	459	"HiG"
"HiG_19"	0	"RCN3"	559	"HiG"
"HiG_19"	0	"STEAP1"	559	"HiG"
"HiG_19"	778.166409656125	"TMEM120A"	476	"HiG"
"HiG_19"	613.215233464908	"GLIPR2"	484	"HiG"
"HiG_19"	9637848058755.95	"RRBP1"	57	"HiG"
"HiG_19"	166489796782.285	"SLC25A4"	326	"HiG"
"HiG_19"	0	"HOXB2"	559	"HiG"
"HiG_19"	9187781020095.4	"FSCN1"	60	"HiG"
"HiG_19"	3467070340582.27	"MYL6"	127	"HiG"
"HiG_19"	1210940092078.32	"PLXNB2"	217	"HiG"
"HiG_19"	17292219715692.6	"ATP6V1F"	31	"HiG"
"HiG_19"	1189822161186.4	"CFL2"	219	"HiG"
"HiG_19"	110278456372.28	"MPC2"	350	"HiG"
"HiG_19"	504690576174.572	"PPP1R18"	275	"HiG"
"HiG_19"	0	"RPLP1"	559	"HiG"
"HiG_19"	2797772603499.51	"TPM2"	142	"HiG"
"HiG_19"	0	"FKBP1A"	559	"HiG"
"HiG_19"	583942294992.205	"NEXN"	266	"HiG"
"HiG_19"	2081824907528.23	"RALA"	166	"HiG"
"HiG_19"	2056.87091524913	"RRAGD"	452	"HiG"
"HiG_19"	6415421289569.91	"FN1"	78	"HiG"
"HiG_19"	0	"HMGB1"	559	"HiG"
"HiG_19"	2997.4564591637	"PTMA"	448	"HiG"
"HiG_19"	0	"SLC2A3"	559	"HiG"
"HiG_19"	71085096241.7122	"L3MBTL3"	364	"HiG"
"HiG_19"	958406206024.66	"PACSIN2"	238	"HiG"
"HiG_19"	18339069929671.6	"LRRC59"	30	"HiG"
"HiG_19"	4002482647993.82	"SFXN1"	114	"HiG"
"HiG_19"	1215911504682.84	"MAP4"	215	"HiG"
"HiG_19"	0	"GPX3"	559	"HiG"
"HiG_19"	111112246951.186	"DYNLL2"	347	"HiG"
"HiG_19"	44882195311.7501	"BCAM"	384	"HiG"
"HiG_19"	0	"CARNMT1"	559	"HiG"
"HiG_19"	362965883973.044	"CHCHD4"	289	"HiG"
"HiG_19"	208442917648.637	"CRELD2"	321	"HiG"
"HiG_19"	0	"DBI"	559	"HiG"
"HiG_19"	59202166596.9395	"FAM162A"	372	"HiG"
"HiG_19"	9898067347.55332	"GLRX5"	410	"HiG"
"HiG_19"	0	"HEBP2"	559	"HiG"
"HiG_19"	2372778934232.78	"HMGB3"	156	"HiG"
"HiG_19"	51608278862.6979	"COX17"	377	"HiG"
"HiG_19"	97357836549913.7	"LGALS1"	5	"HiG"
"HiG_19"	2271353967778.32	"MRPL12"	160	"HiG"
"HiG_19"	365815008617.59	"CSTB"	288	"HiG"
"HiG_19"	65781754626.8413	"FTH1"	365	"HiG"
"HiG_19"	0	"PPP1R14A"	559	"HiG"
"HiG_19"	0	"PPP1R14B"	559	"HiG"
"HiG_19"	1861793774416.55	"PSMB10"	181	"HiG"
"HiG_19"	446718649101.906	"RAP1B"	283	"HiG"
"HiG_19"	0	"RPL39"	559	"HiG"
"HiG_19"	45173144546.0587	"RPS12"	383	"HiG"
"HiG_19"	3933960408954.89	"SNX3"	115	"HiG"
"HiG_19"	1250394460419.74	"PGRMC1"	211	"HiG"
"HiG_19"	228084141105.072	"TBCB"	317	"HiG"
"HiG_19"	7491896817.11763	"ATOX1"	414	"HiG"
"HiG_19"	1326421589603.71	"GSTO1"	207	"HiG"
"HiG_19"	0	"SDHD"	559	"HiG"
"HiG_19"	1215775809261.07	"TXNDC5"	216	"HiG"
"HiG_19"	2736676453145.14	"LRPAP1"	144	"HiG"
"HiG_19"	75229733950.5502	"ME1"	363	"HiG"
"HiG_19"	5274908703.3175	"S100A11"	416	"HiG"
"HiG_19"	24763829.1833131	"AAMDC"	443	"HiG"
"HiG_19"	17901915801.5181	"BCCIP"	400	"HiG"
"HiG_19"	0	"CST3"	559	"HiG"
"HiG_19"	3252771251148.19	"DNAJC3"	132	"HiG"
"HiG_19"	259672480675.378	"EEF1E1"	308	"HiG"
"HiG_19"	56769277211.4002	"MYDGF"	376	"HiG"
"HiG_19"	336903166965.43	"NUCKS1"	293	"HiG"
"HiG_19"	621805372795.998	"PARVA"	261	"HiG"
"HiG_19"	0	"PPP1R2"	559	"HiG"
"HiG_19"	6122726314889.82	"MARCKS"	83	"HiG"
"HiG_19"	0	"PSME2"	559	"HiG"
"HiG_19"	0	"DDT"	559	"HiG"
"HiG_19"	322986864183.285	"SPARC"	295	"HiG"
"HiG_19"	914860510.633825	"TIMM10"	432	"HiG"
"HiG_19"	1744860237920.59	"TPM4"	189	"HiG"
"HiG_19"	166673024938.224	"TXNDC12"	325	"HiG"
"HiG_19"	0	"PPIC"	559	"HiG"
"HiG_19"	35088652584.4481	"UBE2E3"	391	"HiG"
"HiG_19"	5839006261164.39	"TLN1"	87	"HiG"
"HiG_19"	1241409841539.64	"PDLIM1"	213	"HiG"
"HiG_19"	2305401062871.92	"UBE2R2"	159	"HiG"
"HiG_19"	277195516628.103	"AJUBA"	305	"HiG"
"HiG_19"	0	"BAMBI"	559	"HiG"
"HiG_19"	163185074876.517	"CEP164"	330	"HiG"
"HiG_19"	146885397387.529	"ECE1"	335	"HiG"
"HiG_19"	297788536793.295	"EFEMP2"	300	"HiG"
"HiG_19"	514599841.549947	"EXT1"	436	"HiG"
"HiG_19"	18506436232.6812	"FSTL1"	398	"HiG"
"HiG_19"	6776695226351.88	"GABARAP"	74	"HiG"
"HiG_19"	0	"GINS2"	559	"HiG"
"HiG_19"	2000951331107.87	"GPC3"	172	"HiG"
"HiG_19"	45581541763.5221	"HMGN3"	382	"HiG"
"HiG_19"	62673604940.5521	"IGFBP2"	369	"HiG"
"HiG_19"	586660326952.036	"KRT18"	265	"HiG"
"HiG_19"	1530407416812.93	"LMAN2"	196	"HiG"
"HiG_19"	4052390910945.47	"LUZP1"	110	"HiG"
"HiG_19"	10356410573783.4	"MMP2"	53	"HiG"
"HiG_19"	886132569.204752	"MRPL34"	433	"HiG"
"HiG_19"	924166069886.857	"MRPS26"	242	"HiG"
"HiG_19"	257738636039.53	"MRTO4"	310	"HiG"
"HiG_19"	0	"PCBP4"	559	"HiG"
"HiG_19"	995466570054.682	"NOLC1"	236	"HiG"
"HiG_19"	1424048779842.24	"RALBP1"	204	"HiG"
"HiG_19"	3078.12785817207	"P3H2"	447	"HiG"
"HiG_19"	0	"SPEG"	559	"HiG"
"HiG_19"	715.691106329986	"STK39"	478	"HiG"
"HiG_19"	13360144587271.7	"TLE3"	39	"HiG"
"HiG_19"	6740035245609.55	"TAGLN"	75	"HiG"
"HiG_19"	5500378999710.36	"TRIOBP"	89	"HiG"
"HiG_19"	1786989935333.3	"UACA"	184	"HiG"
"HiG_19"	3195396879047.75	"ARL6IP5"	134	"HiG"
"HiG_19"	580169969012.308	"TMSB4X"	267	"HiG"
"HiG_19"	10169404012674.7	"TXN2"	54	"HiG"
"HiG_19"	28047911119665.6	"LYAR"	19	"HiG"
"HiG_19"	4038796694255.48	"RBMS1"	111	"HiG"
"HiG_19"	1782329222141.35	"TUBB6"	185	"HiG"
"HiG_19"	411130130983.149	"POLG"	285	"HiG"
"HiG_19"	611.711258858234	"PSPH"	485	"HiG"
"HiG_19"	729396937617.3	"MTCH1"	253	"HiG"
"HiG_19"	271793846634.601	"GPX4"	306	"HiG"
"HiG_19"	638413421686.31	"HAPLN1"	258	"HiG"
"HiG_19"	0	"SNAI2"	559	"HiG"
"HiG_19"	4407383538535.97	"EMC7"	104	"HiG"
"HiG_19"	0	"FKBP11"	559	"HiG"
"HiG_19"	0	"CMTM7"	559	"HiG"
"HiG_19"	0	"DAP"	559	"HiG"
"HiG_19"	1694198987294.16	"MFHAS1"	191	"HiG"
"HiG_19"	0	"PRR5"	559	"HiG"
"HiG_19"	0	"SMOC2"	559	"HiG"
"HiG_19"	46173760824706.6	"SRSF9"	12	"HiG"
"HiG_19"	1107504759463.68	"RABAC1"	227	"HiG"
"HiG_19"	1889664159284.62	"ITM2C"	178	"HiG"
"HiG_19"	3053787105087.74	"CDV3"	137	"HiG"
"HiG_19"	573665230737.905	"MPZL1"	269	"HiG"
"HiG_19"	228554113219.557	"NECTIN3"	316	"HiG"
"HiG_19"	125323598531.239	"PCLAF"	340	"HiG"
"HiG_19"	113562295894.907	"RP9"	345	"HiG"
"HiG_19"	759.851689146175	"REXO2"	477	"HiG"
"HiG_19"	521.54671016535	"SERP1"	487	"HiG"
"HiG_19"	936920381384.357	"MARCKSL1"	240	"HiG"
"HiG_19"	0	"LIMD2"	559	"HiG"
"HiG_19"	0	"SCD2"	559	"HiG"
"HiG_19"	1424484886429.2	"COMT"	203	"HiG"
"HiG_19"	15890881679907	"SH3GLB1"	33	"HiG"
"HiG_19"	283709264402.49	"RAB34"	302	"HiG"
"HiG_19"	0	"ST3GAL5"	559	"HiG"
"HiG_19"	4092787630.56987	"SSR2"	419	"HiG"
"HiG_19"	1150705935673.01	"SSR3"	221	"HiG"
"HiG_19"	1129134106233.06	"KRTCAP2"	224	"HiG"
"HiG_19"	346.566030849635	"ELOVL1"	493	"HiG"
"HiG_19"	783580472677.08	"RSU1"	248	"HiG"
"HiG_19"	20529310134760.5	"REEP5"	27	"HiG"
"HiG_19"	104943067686.936	"ARL4D"	353	"HiG"
"HiG_19"	147265490786.979	"PDCD5"	334	"HiG"
"HiG_19"	14823392487.8678	"SRI"	403	"HiG"
"HiG_19"	213938448242.676	"SLC2A1"	318	"HiG"
"HiG_19"	32259633538.5976	"GALK1"	394	"HiG"
"HiG_19"	0	"MOGAT2"	559	"HiG"
"HiG_19"	4473025445979.31	"BBX"	102	"HiG"
"HiG_19"	0	"CRABP1"	559	"HiG"
"HiG_19"	3367315364564.71	"TCF4"	129	"HiG"
"HiG_19"	3962392393.73457	"ARMCX2"	420	"HiG"
"HiG_19"	768429804058.678	"PJA1"	251	"HiG"
"HiG_19"	0	"BEX2"	559	"HiG"
"HiG_19"	0	"SPIN2C"	559	"HiG"
"HiG_19"	0	"ARXES2"	559	"HiG"
"HiG_19"	0	"ARXES1"	559	"HiG"
"HiG_19"	2204323528.9821	"TCEAL8"	425	"HiG"
"HiG_19"	0	"AARD"	559	"HiG"
"HiG_19"	0	"FIGNL2"	559	"HiG"
"HiG_19"	394370482.454515	"TNNT2"	438	"HiG"
"HiG_19"	0	"MRPL36"	559	"HiG"
"HiG_19"	3087896407699.08	"SERPINH1"	136	"HiG"
"HiG_19"	4112584408528	"LPP"	108	"HiG"
"HiG_19"	0	"GLTP"	559	"HiG"
"HiG_19"	27232870486.0142	"MID1IP1"	395	"HiG"
"HiG_19"	47535469353.5981	"S1PR2"	379	"HiG"
"HiG_19"	0	"PITX2"	559	"HiG"
"HiG_19"	0	"CFC1"	559	"HiG"
"HiG_19"	0	"IRAK1BP1"	559	"HiG"
"HiG_19"	161816083979.998	"PARD6B"	331	"HiG"
"HiG_19"	0	"BEX1"	559	"HiG"
"HiG_19"	620.814574997263	"FTL1"	482	"HiG"
"HiG_19"	3515509779191.96	"RANGRF"	125	"HiG"
"HiG_19"	0	"TCF7L1"	559	"HiG"
"HiG_19"	0	"ODC1"	559	"HiG"
"HiG_19"	0	"PLP2"	559	"HiG"
"HiG_19"	139466197.512435	"EVI5"	442	"HiG"
"HiG_19"	1009.20983108327	"GADD45G"	470	"HiG"
"HiG_19"	230233568670.12	"TLN2"	315	"HiG"
"HiG_19"	4187825148.23453	"AKR1A1"	417	"HiG"
"HiG_19"	1990473075979.55	"CENPA"	173	"HiG"
"HiG_19"	0	"ABRACL"	559	"HiG"
"HiG_19"	859360901.56352	"FAM32A"	435	"HiG"
"HiG_19"	620.514706334343	"PHLDA3"	483	"HiG"
"HiG_19"	59485579580746.4	"RHOC"	6	"HiG"
"HiG_19"	1148856459800.68	"TAGLN2"	222	"HiG"
"HiG_19"	52887238529084.6	"UBE2M"	10	"HiG"
"HiG_19"	0	"UBE2S"	559	"HiG"
"HiG_19"	59453939930365.3	"VASP"	7	"HiG"
"HiG_19"	27965535433727.8	"VIM"	20	"HiG"
"HiG_19"	685437216982.372	"COX8A"	256	"HiG"
"HiG_19"	6191521646106.61	"PIEZO1"	82	"HiG"
"HiG_19"	1436306168477.89	"HIGD1A"	201	"HiG"
"HiG_19"	12906877530516.8	"RAB4A"	42	"HiG"
"HiG_19"	35405415155.212	"RAB22A"	390	"HiG"
"HiG_19"	0	"ALKBH1"	559	"HiG"
"HiG_19"	0	"IL11RA1"	559	"HiG"
"HiG_19"	0	"POP5"	559	"HiG"
"HiG_19"	1328244870.88302	"PMM1"	428	"HiG"
"HiG_19"	0	"CTXN1"	559	"HiG"
"HiG_19"	691.157760059251	"MT-ND2"	479	"HiG"
"HiG_19"	0	"MYL7"	559	"HiG"
"HiG_19"	381.529683422983	"SLIT2"	491	"HiG"
"HiG_19"	0	"TDO2"	559	"HiG"
"HiG_19"	1522085197456.13	"PPAN"	197	"HiG"
"HiG_19"	7275175249755.72	"NHP2"	70	"HiG"
"HiG_19"	635.197918119136	"HLX"	481	"HiG"
"HiG_19"	676.358628511125	"SPSB4"	480	"HiG"
"HiG_19"	3497518973983.7	"WDR1"	126	"HiG"
"HiG_19"	299108316101.808	"GCSH"	299	"HiG"
"HiG_19"	421310902697.26	"MRPS24"	284	"HiG"
"HiG_19"	449382838751.727	"SURF4"	282	"HiG"
"HiG_19"	878.975096417136	"BRI3"	471	"HiG"
"HiG_19"	1305.78488807921	"TBRG1"	462	"HiG"
"HiG_19"	5214115107039.84	"YAF2"	94	"HiG"
"HiG_19"	42552287626847.1	"RBPMS"	14	"HiG"
"HiG_19"	283393942988.863	"FRMD6"	303	"HiG"
"HiG_19"	0	"LRRN4"	559	"HiG"
"HiG_19"	0	"PLAC8"	559	"HiG"
"HiG_19"	0	"CTNNBIP1"	559	"HiG"
"HiG_19"	77762948769.8878	"LUM"	362	"HiG"
"HiG_19"	10884356400.0473	"SAMD4B"	409	"HiG"
"HiG_19"	0	"TCEAL9"	559	"HiG"
"HiG_19"	1186.06644170997	"RASGRP3"	465	"HiG"
"HiG_19"	1674.27526851359	"LXN"	457	"HiG"
"HiG_19"	0	"MEST"	559	"HiG"
"HiG_19"	605905877058.273	"LSR"	262	"HiG"
"HiG_19"	286292859971.043	"PKP2"	301	"HiG"
"HiG_19"	4489833238647.77	"SELENOS"	101	"HiG"
"HiG_19"	1060.10838560814	"TSEN34"	468	"HiG"
"HiG_19"	0	"ADGRA2"	559	"HiG"
"HiG_19"	347424721055.163	"CTDSP2"	291	"HiG"
"HiG_19"	2583751704.19325	"FXYD6"	423	"HiG"
"HiG_19"	1907.27129439516	"TAX1BP3"	453	"HiG"
"HiG_19"	0	"SPTSSA"	559	"HiG"
"HiG_19"	1960590281659.82	"KLF6"	174	"HiG"
"HiG_19"	32772146257.5772	"RRAS2"	393	"HiG"
"HiG_19"	3851.5237139917	"TPD52L1"	445	"HiG"
"HiG_19"	161436849528.252	"PDGFA"	332	"HiG"
"HiG_19"	1460880929463.71	"PTCH1"	199	"HiG"
"HiG_19"	29352729577769.7	"HMGN1"	18	"HiG"
"HiG_19"	3639686575587.02	"PODXL"	120	"HiG"
"HiG_19"	0	"CRB2"	559	"HiG"
"HiG_19"	7823706695.06329	"GAS6"	413	"HiG"
"HiG_19"	0	"GDE1"	559	"HiG"
"HiG_19"	1198.4549235317	"SH3BP1"	463	"HiG"
"HiG_19"	2604438756373.06	"PLEKHG2"	148	"HiG"
"HiG_19"	373032901.318906	"TIMM17A"	439	"HiG"
"HiG_19"	5458683061717.39	"POFUT2"	90	"HiG"
"HiG_19"	0	"ATXN7L3B"	559	"HiG"
"HiG_19"	8918278081943.81	"PXMP2"	61	"HiG"
"HiG_19"	286043835852056	"UBE2H"	2	"HiG"
"HiG_19"	13208248779848.7	"PAIP2"	40	"HiG"
"HiG_19"	885996159.549943	"XBP1"	434	"HiG"
"HiG_19"	0	"SAP30L"	559	"HiG"
"HiG_19"	0	"HSD11B2"	559	"HiG"
"HiG_19"	39092664150.4625	"NT5DC2"	385	"HiG"
"HiG_19"	1127718794072.36	"SOX4"	225	"HiG"
"HiG_19"	0	"P3H4"	559	"HiG"
"HiG_19"	408211032.416603	"TNNI1"	437	"HiG"
"HiG_19"	8296364655975.41	"TTC3"	63	"HiG"
"HiG_19"	1829261677761.1	"RPS6KA6"	182	"HiG"
"HiG_19"	14369236624038.5	"NPM3"	35	"HiG"
"HiG_19"	1442104153176.59	"SRM"	200	"HiG"
"HiG_19"	0	"PGP"	559	"HiG"
"HiG_19"	2858.65854272003	"FZD2"	450	"HiG"
"HiG_19"	0	"ECSCR"	559	"HiG"
"HiG_19"	41725212655157.9	"ARL4C"	15	"HiG"
"HiG_19"	24025103641193.1	"NPC2"	24	"HiG"
"HiG_19"	1034.65999641282	"2200002D01RIK"	469	"HiG"
"HiG_19"	487.99721114516	"UQCR11"	488	"HiG"
"HiG_19"	1102085746934.87	"NENF"	228	"HiG"
"HiG_19"	12499038517923.4	"TMEM9"	45	"HiG"
"HiG_19"	881695164428.289	"ZFP644"	244	"HiG"
"HiG_19"	468774408949.447	"TMSB10"	280	"HiG"
"HiG_19"	0	"TMEM256"	559	"HiG"
"HiG_19"	2152.96990363144	"SH3BGRL3"	451	"HiG"
"HiG_19"	1759253690141.62	"DUSP9"	188	"HiG"
"HiG_19"	0	"KRCC1"	559	"HiG"
"HiG_19"	0	"SVEP1"	559	"HiG"
"HiG_19"	27502788491369.7	"NECTIN2"	22	"HiG"
"HiG_19"	2616269428568.64	"OST4"	146	"HiG"
"HiG_19"	0	"PTGIS"	559	"HiG"
"HiG_19"	0	"FNDC4"	559	"HiG"
"HiG_19"	86707112891.9948	"TMBIM6"	359	"HiG"
"HiG_19"	0	"MT-CO3"	559	"HiG"
"HiG_19"	520416634103.56	"B3GAT3"	273	"HiG"
"HiG_19"	3439892857134.21	"UGDH"	128	"HiG"
"HiG_19"	0	"DPH3"	559	"HiG"
"HiG_19"	504011307883743	"TIPARP"	1	"HiG"
"HiG_19"	0	"WWC2"	559	"HiG"
"HiG_19"	1234728208616.9	"IGFBP4"	214	"HiG"
"HiG_19"	20968502723.9085	"TNS3"	397	"HiG"
"HiG_19"	17396660928.8733	"PMP22"	401	"HiG"
"HiG_19"	6042088337604.09	"EVA1B"	84	"HiG"
"HiG_19"	164131930313.888	"TINAGL1"	328	"HiG"
"HiG_19"	1922801235708.47	"METTL9"	176	"HiG"
"HiG_19"	1077772236311.31	"TNFAIP1"	229	"HiG"
"HiG_19"	209266127804.639	"MANF"	320	"HiG"
"HiG_19"	99861208865.711	"SELENOK"	355	"HiG"
"HiG_19"	0	"POPDC2"	559	"HiG"
"HiG_19"	163320521.233323	"PRELID1"	441	"HiG"
"HiG_19"	799.40502796239	"OAF"	474	"HiG"
"HiG_19"	1576.63322923848	"SLC27A3"	460	"HiG"
"HiG_19"	38975862279.6769	"TSPAN3"	386	"HiG"
"HiG_19"	0	"COLEC11"	559	"HiG"
"HiG_19"	0	"MGAT2"	559	"HiG"
"HiG_19"	0	"TBX20"	559	"HiG"
"HiG_19"	44064932340040.8	"TIMP2"	13	"HiG"
"HiG_19"	2078863141092.54	"IGSF3"	168	"HiG"
"HiG_19"	10720792305657	"FOXF1"	51	"HiG"
"HiG_19"	1867.94134426299	"PKDCC"	455	"HiG"
"HiG_19"	1487406149.31526	"HS6ST2"	427	"HiG"
"HiG_19"	36786270696.9885	"MRPL57"	388	"HiG"
"HiG_19"	819.238421728268	"PXDN"	473	"HiG"
"HiG_19"	743792178197.302	"LYPD6"	252	"HiG"
"HiG_19"	135462465029481	"MEX3A"	4	"HiG"
"HiG_19"	1645060696139.72	"UQCRQ"	193	"HiG"
"HiG_19"	0	"OAZ2"	559	"HiG"
"HiG_19"	4016547522622.05	"TNRC6C"	113	"HiG"
"HiG_19"	0	"PHLDA2"	559	"HiG"
"HiG_19"	7761222674752.05	"ZMYND8"	68	"HiG"
"HiG_19"	2920.04085103433	"UBE2Q1"	449	"HiG"
"HiG_19"	499824180294.381	"YIF1B"	276	"HiG"
"HiG_19"	47275788496.478	"PRDM6"	380	"HiG"
"HiG_19"	51890711603797.2	"YBX3"	11	"HiG"
"HiG_19"	491595490146.074	"SPATS2L"	277	"HiG"
"HiG_19"	1324.78839115127	"PRTG"	461	"HiG"
"HiG_19"	1151.27146483821	"ZCRB1"	466	"HiG"
"HiG_19"	11203790861729	"APLNR"	48	"HiG"
"HiG_19"	5257072401858.64	"RBPMS2"	93	"HiG"
"HiG_19"	0	"TMEM108"	559	"HiG"
"HiG_19"	0	"STEAP2"	559	"HiG"
"HiG_19"	13866554015141.2	"GPX8"	37	"HiG"
"HiG_19"	0	"STARD3NL"	559	"HiG"
"HiG_19"	3451.97824931635	"CMTM8"	446	"HiG"
"HiG_19"	0	"LY6E"	559	"HiG"
"HiG_19"	0	"CCDC34"	559	"HiG"
"HiG_19"	0	"NKD1"	559	"HiG"
"HiG_19"	0	"ADAMTS9"	559	"HiG"
"HiG_19"	0	"IGDCC3"	559	"HiG"
"HiG_19"	1881.92676726074	"MYRF"	454	"HiG"
"HiG_19"	4456239651984.37	"TGFBR3"	103	"HiG"
"HiG_19"	0	"STARD8"	559	"HiG"
"HiG_19"	0	"SEC14L1"	559	"HiG"
"HiG_19"	4034628544178.47	"TMEM88"	112	"HiG"
"HiG_19"	0	"PTGES"	559	"HiG"
"HiG_19"	413.606550807931	"SMIM1"	490	"HiG"
"HiG_19"	0	"SMIM14"	559	"HiG"
"HiG_19"	5843.33575092454	"SELENOM"	444	"HiG"
"HiG_19"	3041660039.54034	"TSPAN4"	422	"HiG"
"HiG_19"	2678953006469.59	"VCAN"	145	"HiG"
"HiG_19"	0	"SELENOW"	559	"HiG"
"HiG_19"	0	"SELENOH"	559	"HiG"
"HiG_19"	20359785562265.1	"ZCCHC3"	28	"HiG"
"HiG_19"	12717567507941.5	"ZFHX3"	44	"HiG"
"HiG_19"	179649993334.346	"VGLL4"	324	"HiG"
"HiG_19"	0	"PPDPF"	559	"HiG"
"HiG_19"	0	"TMEM158"	559	"HiG"
"HiG_19"	2608784967059.26	"TRABD2B"	147	"HiG"
"HiG_19"	0	"TSPAN9"	559	"HiG"
"HiG_19"	8137164331361.92	"ZFP36L1"	65	"HiG"
"HiG_19"	212333269440176	"ZYX"	3	"HiG"
"HiG_19"	0	"IFITM2"	559	"HiG"
"HiG_19"	0	"NUDT4"	559	"HiG"
"HiG_19"	0	"MXRA7"	559	"HiG"
"HiG_19"	0	"IFITM1"	559	"HiG"
"HiG_19"	2343026418643.78	"WFDC2"	157	"HiG"
"HiG_7"	60161085711149.9	"PCNA"	32	"HiG"
"HiG_7"	577.007239199562	"PBX1"	296	"HiG"
"HiG_7"	0	"HIST1H2AP"	341.5	"HiG"
"HiG_7"	4536274764891.74	"BAZ1A"	148	"HiG"
"HiG_7"	11316681126726	"HSP90AB1"	110	"HiG"
"HiG_7"	14087436092039.8	"HRAS"	93	"HiG"
"HiG_7"	18994770572015	"SNCA"	79	"HiG"
"HiG_7"	15705008068.7088	"IFRD1"	256	"HiG"
"HiG_7"	12056344402704.5	"CCT4"	103	"HiG"
"HiG_7"	8236163294477.73	"HSPA8"	125	"HiG"
"HiG_7"	2053691224262.82	"CCNB1"	174	"HiG"
"HiG_7"	86732976304836	"EZH2"	23	"HiG"
"HiG_7"	1914337990875.05	"PABPC1"	177	"HiG"
"HiG_7"	21556588364230.1	"PRMT1"	73	"HiG"
"HiG_7"	43828091146220.1	"NOP56"	50	"HiG"
"HiG_7"	183710839976.58	"TAL1"	234	"HiG"
"HiG_7"	20333755790352.2	"DDX5"	77	"HiG"
"HiG_7"	471603607122.666	"GATA1"	219	"HiG"
"HiG_7"	0	"CITED4"	341.5	"HiG"
"HiG_7"	0	"NFE2"	341.5	"HiG"
"HiG_7"	3373071011.7563	"SSBP4"	264	"HiG"
"HiG_7"	5068676723528.6	"DEK"	142	"HiG"
"HiG_7"	4246831274304.26	"HELLS"	152	"HiG"
"HiG_7"	61286349665893.3	"RUVBL2"	30	"HiG"
"HiG_7"	1121269632260.69	"ASF1A"	199	"HiG"
"HiG_7"	20987648560599.4	"ACIN1"	75	"HiG"
"HiG_7"	8681149462090.7	"DNAJA1"	122	"HiG"
"HiG_7"	25997750969396.8	"NONO"	66	"HiG"
"HiG_7"	0	"CITED2"	341.5	"HiG"
"HiG_7"	721024894443.286	"CCNE1"	209	"HiG"
"HiG_7"	835.707597127177	"DNMT3B"	288	"HiG"
"HiG_7"	59172774074417.1	"HSP90AA1"	34	"HiG"
"HiG_7"	37673472188658.6	"HSPA9"	54	"HiG"
"HiG_7"	45187488059418	"PKM"	49	"HiG"
"HiG_7"	7545997619.05427	"ENO1"	258	"HiG"
"HiG_7"	263180081364.027	"ALDOA"	231	"HiG"
"HiG_7"	1267365138875.7	"SET"	190	"HiG"
"HiG_7"	15288025369039.2	"CCT8"	88	"HiG"
"HiG_7"	4964705688.9552	"ANP32A"	260	"HiG"
"HiG_7"	495111705289.957	"CCND2"	217	"HiG"
"HiG_7"	15662766114488.8	"DDX39B"	86	"HiG"
"HiG_7"	2673400836610.26	"ARPC1B"	164	"HiG"
"HiG_7"	45577609253353.3	"AURKA"	48	"HiG"
"HiG_7"	24897413477378.1	"NPM1"	68	"HiG"
"HiG_7"	16134772517687.8	"MYC"	85	"HiG"
"HiG_7"	405379252876.018	"GFI1B"	223	"HiG"
"HiG_7"	8725832914722.39	"PFN1"	121	"HiG"
"HiG_7"	27794244130965.6	"NCL"	64	"HiG"
"HiG_7"	11712823024670	"SLC25A5"	107	"HiG"
"HiG_7"	5074276227711.17	"DDX21"	141	"HiG"
"HiG_7"	708803378401.312	"CBFA2T3"	211	"HiG"
"HiG_7"	10004625368018.9	"RUNX1"	117	"HiG"
"HiG_7"	2585343107169.55	"IGF1R"	165	"HiG"
"HiG_7"	1246744232909.5	"APOE"	192	"HiG"
"HiG_7"	357668662284387	"UBC"	5	"HiG"
"HiG_7"	10679518710842.6	"CDC6"	114	"HiG"
"HiG_7"	62129848210846.4	"APEX1"	29	"HiG"
"HiG_7"	4343720533650.59	"EIF4A1"	150	"HiG"
"HiG_7"	21185487901204.7	"RPL7A"	74	"HiG"
"HiG_7"	14107855640318.1	"TOP1"	91	"HiG"
"HiG_7"	2330174937691.44	"BZW2"	171	"HiG"
"HiG_7"	360582914517.151	"CMAS"	226	"HiG"
"HiG_7"	37889189893756.1	"HDGF"	53	"HiG"
"HiG_7"	94189488657723	"HSPD1"	20	"HiG"
"HiG_7"	22196287319017	"MCM5"	72	"HiG"
"HiG_7"	40798466932893.1	"GNL3"	51	"HiG"
"HiG_7"	10466516544904.2	"MCM3"	116	"HiG"
"HiG_7"	10857957383255.4	"GTPBP4"	111	"HiG"
"HiG_7"	1273199035643.58	"CDT1"	189	"HiG"
"HiG_7"	26297313247.4337	"CCND3"	252	"HiG"
"HiG_7"	303097196071.581	"CACYBP"	229	"HiG"
"HiG_7"	0	"EPOR"	341.5	"HiG"
"HiG_7"	0	"CDC34"	341.5	"HiG"
"HiG_7"	775074694042.438	"CLTA"	208	"HiG"
"HiG_7"	0	"MT1"	341.5	"HiG"
"HiG_7"	161.488231012076	"NCOA4"	307	"HiG"
"HiG_7"	4658411728358.8	"ETFB"	146	"HiG"
"HiG_7"	270632417806.772	"TOMM20"	230	"HiG"
"HiG_7"	0	"SLA2"	341.5	"HiG"
"HiG_7"	0	"SYCE2"	341.5	"HiG"
"HiG_7"	125419009400420	"FBXO6"	12	"HiG"
"HiG_7"	3357053641835.65	"CDC20"	159	"HiG"
"HiG_7"	1011529452936.61	"RAN"	201	"HiG"
"HiG_7"	0	"CYBA"	341.5	"HiG"
"HiG_7"	0	"DUSP2"	341.5	"HiG"
"HiG_7"	127.015561677841	"LDHA"	308	"HiG"
"HiG_7"	13841701838746.3	"BAG2"	96	"HiG"
"HiG_7"	5928567995677.96	"FABP5"	137	"HiG"
"HiG_7"	0	"HBA-A1"	341.5	"HiG"
"HiG_7"	0	"FRRS1"	341.5	"HiG"
"HiG_7"	16601707046.414	"PRKAR2B"	254	"HiG"
"HiG_7"	474674523600.897	"TPI1"	218	"HiG"
"HiG_7"	3488515465358.47	"VAT1"	158	"HiG"
"HiG_7"	4433807049.00538	"EIF4EBP1"	261	"HiG"
"HiG_7"	3455732022.69983	"VAMP8"	263	"HiG"
"HiG_7"	8465648760602.84	"CYCS"	123	"HiG"
"HiG_7"	4298486829807.95	"EIF3E"	151	"HiG"
"HiG_7"	1432928581051.49	"RND2"	183	"HiG"
"HiG_7"	160806835230.384	"CYB5A"	239	"HiG"
"HiG_7"	17380488318846.2	"C1QBP"	82	"HiG"
"HiG_7"	6629131199.31302	"FBXO5"	259	"HiG"
"HiG_7"	10550644310692.2	"RPS26"	115	"HiG"
"HiG_7"	180782150285.793	"PPP1R15A"	235	"HiG"
"HiG_7"	64486503986.1151	"BID"	249	"HiG"
"HiG_7"	132657630590.467	"EGFL7"	243	"HiG"
"HiG_7"	1495753752246.03	"PA2G4"	182	"HiG"
"HiG_7"	0	"HMBS"	341.5	"HiG"
"HiG_7"	39912003346287.4	"PRKAB1"	52	"HiG"
"HiG_7"	2959392642613.24	"ISYNA1"	161	"HiG"
"HiG_7"	783608637092.765	"IDH3A"	207	"HiG"
"HiG_7"	518390455.664176	"DDAH1"	269	"HiG"
"HiG_7"	0	"ARHGDIB"	341.5	"HiG"
"HiG_7"	715149078047.19	"APRT"	210	"HiG"
"HiG_7"	501.552132071701	"GPX1"	298	"HiG"
"HiG_7"	378.210921488588	"ATP6V0B"	302	"HiG"
"HiG_7"	1703861261005.16	"ANP32B"	179	"HiG"
"HiG_7"	11704208510672.9	"DKC1"	108	"HiG"
"HiG_7"	4244271472495.46	"CLIC1"	153	"HiG"
"HiG_7"	13841031255557.6	"EBNA1BP2"	97	"HiG"
"HiG_7"	2551646368141.48	"BRIX1"	168	"HiG"
"HiG_7"	16447072127967.4	"ASNS"	84	"HiG"
"HiG_7"	25148446348090.6	"RAB11A"	67	"HiG"
"HiG_7"	178082477.919293	"SIVA1"	271	"HiG"
"HiG_7"	2575259554793.99	"HTRA2"	166	"HiG"
"HiG_7"	109877219738.425	"HSPE1"	245	"HiG"
"HiG_7"	10821645135504.7	"PRDX3"	113	"HiG"
"HiG_7"	12423014884699.3	"SRRM2"	101	"HiG"
"HiG_7"	10841561501821.4	"HAT1"	112	"HiG"
"HiG_7"	0	"RPL22L1"	341.5	"HiG"
"HiG_7"	63649827589278.1	"PPID"	28	"HiG"
"HiG_7"	112073528307.042	"RAP1A"	244	"HiG"
"HiG_7"	2514679251589.41	"SLC25A3"	169	"HiG"
"HiG_7"	903861060047.732	"SLC16A1"	202	"HiG"
"HiG_7"	0	"RAB27B"	341.5	"HiG"
"HiG_7"	12316494311374.7	"PRDX2"	102	"HiG"
"HiG_7"	1972675072558.29	"LMO2"	176	"HiG"
"HiG_7"	0	"IFITM3"	341.5	"HiG"
"HiG_7"	13448617393961.6	"FKBP4"	99	"HiG"
"HiG_7"	46203113624344.2	"MAT2A"	47	"HiG"
"HiG_7"	162276104633.797	"S100A10"	238	"HiG"
"HiG_7"	581.120600787453	"TOM1L1"	294	"HiG"
"HiG_7"	6753079173967.74	"UBASH3B"	131	"HiG"
"HiG_7"	579.95503471278	"TIMM8A1"	295	"HiG"
"HiG_7"	671011816875.001	"TIMM8B"	212	"HiG"
"HiG_7"	1063532474522.43	"TIMM13"	200	"HiG"
"HiG_7"	8940406362979.68	"DUT"	119	"HiG"
"HiG_7"	1204519325213.44	"OLA1"	195	"HiG"
"HiG_7"	35081969750126	"FECH"	56	"HiG"
"HiG_7"	148568685677.715	"CRIP2"	241	"HiG"
"HiG_7"	0	"F10"	341.5	"HiG"
"HiG_7"	2818033997581.09	"CLNS1A"	163	"HiG"
"HiG_7"	451964818827.144	"DCTPP1"	220	"HiG"
"HiG_7"	2560935702165.28	"EIF4A3"	167	"HiG"
"HiG_7"	868488006665.234	"EHD1"	204	"HiG"
"HiG_7"	353852961882.448	"ECI1"	227	"HiG"
"HiG_7"	3810649279310.96	"DDAH2"	155	"HiG"
"HiG_7"	1358119996138.99	"BIRC5"	186	"HiG"
"HiG_7"	6524554684630.52	"MKI67"	132	"HiG"
"HiG_7"	48303842082443.4	"PHGDH"	44	"HiG"
"HiG_7"	1288989139206.7	"PYCR2"	188	"HiG"
"HiG_7"	79839176802219.2	"FBL"	25	"HiG"
"HiG_7"	1369551272246.31	"PAICS"	185	"HiG"
"HiG_7"	56368457624126.1	"RAB5C"	37	"HiG"
"HiG_7"	35674331186610.8	"NDUFS7"	55	"HiG"
"HiG_7"	35031304349360.5	"SLC3A2"	57	"HiG"
"HiG_7"	104687295709513	"TUBB4B"	17	"HiG"
"HiG_7"	2868295697089.27	"SLC25A4"	162	"HiG"
"HiG_7"	54123104660470.2	"PGK1"	38	"HiG"
"HiG_7"	305891430101.641	"GSE1"	228	"HiG"
"HiG_7"	0	"ATP6V1F"	341.5	"HiG"
"HiG_7"	0	"RPLP1"	341.5	"HiG"
"HiG_7"	57868045536103	"NDUFB10"	35	"HiG"
"HiG_7"	0	"HBB-Y"	341.5	"HiG"
"HiG_7"	0	"PRDX6"	341.5	"HiG"
"HiG_7"	100044698038623	"FN1"	18	"HiG"
"HiG_7"	1598.9829988401	"HMGB1"	283	"HiG"
"HiG_7"	192591717301172	"MCM7"	6	"HiG"
"HiG_7"	92588267384.3217	"PTMA"	246	"HiG"
"HiG_7"	1116441098472648	"RPA2"	1	"HiG"
"HiG_7"	437040606641.522	"EIF5A"	222	"HiG"
"HiG_7"	3080404399025.24	"NASP"	160	"HiG"
"HiG_7"	17755362382889.1	"NOP58"	81	"HiG"
"HiG_7"	29783854455028	"RSL1D1"	62	"HiG"
"HiG_7"	110706471241858	"SERBP1"	14	"HiG"
"HiG_7"	6171435754427.44	"SFXN1"	135	"HiG"
"HiG_7"	12737928336515.8	"PPM1G"	100	"HiG"
"HiG_7"	1802.46110662424	"DYNLL2"	280	"HiG"
"HiG_7"	5845385468553.49	"ITGA2B"	138	"HiG"
"HiG_7"	71164159024080.4	"GMPS"	26	"HiG"
"HiG_7"	357.446986241353	"BLVRB"	304	"HiG"
"HiG_7"	20276180122.9321	"CREG1"	253	"HiG"
"HiG_7"	18991515719442.2	"IMPDH2"	80	"HiG"
"HiG_7"	28154868665.6462	"CARNMT1"	251	"HiG"
"HiG_7"	1534350918309.75	"CHCHD4"	180	"HiG"
"HiG_7"	854234362788.311	"CRLF3"	205	"HiG"
"HiG_7"	739.275038633091	"CTSZ"	290	"HiG"
"HiG_7"	2261768684828.02	"EIF3M"	173	"HiG"
"HiG_7"	540168322370.793	"FAM162A"	215	"HiG"
"HiG_7"	900.673035176746	"FERMT3"	286	"HiG"
"HiG_7"	19165797231123.4	"GLRX5"	78	"HiG"
"HiG_7"	13905042377182	"GRHPR"	95	"HiG"
"HiG_7"	2662327471.56143	"HMGB3"	265	"HiG"
"HiG_7"	574619596219.863	"COX17"	214	"HiG"
"HiG_7"	1251651052643.63	"LGALS1"	191	"HiG"
"HiG_7"	11585544746603.9	"MRPL12"	109	"HiG"
"HiG_7"	89674828997.1836	"MRPL15"	247	"HiG"
"HiG_7"	56795332907616.8	"NDUFA8"	36	"HiG"
"HiG_7"	1508644624365.98	"ENDOG"	181	"HiG"
"HiG_7"	72628922642.631	"FTH1"	248	"HiG"
"HiG_7"	0	"PPP1R14B"	341.5	"HiG"
"HiG_7"	158243835456.419	"PRCP"	240	"HiG"
"HiG_7"	173849189311.288	"PSMB10"	237	"HiG"
"HiG_7"	6116257317350.08	"RAP1B"	136	"HiG"
"HiG_7"	11956849178840.2	"RANBP1"	104	"HiG"
"HiG_7"	80955078701142.1	"RPS12"	24	"HiG"
"HiG_7"	2386400426778.57	"SNX3"	170	"HiG"
"HiG_7"	178851332773.602	"SNX5"	236	"HiG"
"HiG_7"	2128675468.54402	"SHMT1"	267	"HiG"
"HiG_7"	23660713875464	"TUBA1C"	71	"HiG"
"HiG_7"	1333485012830.61	"GSTO1"	187	"HiG"
"HiG_7"	907747724.952883	"SDHD"	268	"HiG"
"HiG_7"	184741988420761	"SSB"	8	"HiG"
"HiG_7"	47841576055251.1	"WDR77"	45	"HiG"
"HiG_7"	6453826385932.05	"EEF1E1"	133	"HiG"
"HiG_7"	11735732831427.4	"CPOX"	106	"HiG"
"HiG_7"	8741699538346.06	"GADD45GIP1"	120	"HiG"
"HiG_7"	1463.96249250496	"GCLM"	284	"HiG"
"HiG_7"	391843500372.042	"MYDGF"	224	"HiG"
"HiG_7"	0	"NPL"	341.5	"HiG"
"HiG_7"	191179785549655	"NSUN2"	7	"HiG"
"HiG_7"	0	"OSTF1"	341.5	"HiG"
"HiG_7"	64167846262552.5	"PPA1"	27	"HiG"
"HiG_7"	3654391333.53564	"PRPS1"	262	"HiG"
"HiG_7"	4376367570736.72	"PSAT1"	149	"HiG"
"HiG_7"	1245494543338.98	"RPIA"	193	"HiG"
"HiG_7"	895964573768.941	"JOSD2"	203	"HiG"
"HiG_7"	134569352226.362	"TIMM10"	242	"HiG"
"HiG_7"	0	"PPIC"	341.5	"HiG"
"HiG_7"	32674035372693.6	"STMN1"	58	"HiG"
"HiG_7"	3996712514952.69	"UROD"	154	"HiG"
"HiG_7"	32294348436252.7	"TLN1"	59	"HiG"
"HiG_7"	1232861733993.94	"ABCB10"	194	"HiG"
"HiG_7"	14103477161571.6	"BCAS2"	92	"HiG"
"HiG_7"	0	"CDCA7"	341.5	"HiG"
"HiG_7"	4673386208865.48	"IMP3"	145	"HiG"
"HiG_7"	59472389712139.6	"MCM4"	33	"HiG"
"HiG_7"	5259216135364.69	"MRPL34"	140	"HiG"
"HiG_7"	14110669755897.5	"MRPS26"	90	"HiG"
"HiG_7"	28937111450767.2	"MRTO4"	63	"HiG"
"HiG_7"	619918871179.885	"NOL7"	213	"HiG"
"HiG_7"	7297760111552.69	"PRKAG2"	127	"HiG"
"HiG_7"	114033073703574	"NOLC1"	13	"HiG"
"HiG_7"	651.170465513885	"WBP2"	293	"HiG"
"HiG_7"	60721530701157.2	"TXN2"	31	"HiG"
"HiG_7"	11742275228941.7	"LYAR"	105	"HiG"
"HiG_7"	0	"RBM38"	341.5	"HiG"
"HiG_7"	6791956911005	"GPX4"	129	"HiG"
"HiG_7"	33691769420.5902	"EMC7"	250	"HiG"
"HiG_7"	3509600422954.58	"SRSF11"	157	"HiG"
"HiG_7"	0	"SMTNL2"	341.5	"HiG"
"HiG_7"	24789859437863.3	"EIF1B"	69	"HiG"
"HiG_7"	2263774034061.53	"SRSF9"	172	"HiG"
"HiG_7"	6325089896185.92	"CD9"	134	"HiG"
"HiG_7"	45203958.5204008	"CDV3"	273	"HiG"
"HiG_7"	4857616085956.49	"RP9"	143	"HiG"
"HiG_7"	369075066477.463	"REXO2"	225	"HiG"
"HiG_7"	2487.15534703675	"SERP1"	274	"HiG"
"HiG_7"	4763310505644.25	"RRM2"	144	"HiG"
"HiG_7"	0	"SMOX"	341.5	"HiG"
"HiG_7"	423.006524213583	"SLC16A3"	300	"HiG"
"HiG_7"	200448440606.009	"SLC29A1"	233	"HiG"
"HiG_7"	14066299963189.4	"NIP7"	94	"HiG"
"HiG_7"	211.071235983669	"PLIN2"	306	"HiG"
"HiG_7"	53119908049162.8	"NMD3"	39	"HiG"
"HiG_7"	15336552014152.4	"ELOVL1"	87	"HiG"
"HiG_7"	0	"MALAT1"	341.5	"HiG"
"HiG_7"	1904420125625.5	"PDCD5"	178	"HiG"
"HiG_7"	6776834106770.45	"TACC1"	130	"HiG"
"HiG_7"	0	"GSTA4"	341.5	"HiG"
"HiG_7"	49343879387070.4	"SOD2"	43	"HiG"
"HiG_7"	86744193859860.1	"TKT"	22	"HiG"
"HiG_7"	2544203537.69634	"GALK1"	266	"HiG"
"HiG_7"	144854091901305	"RRS1"	10	"HiG"
"HiG_7"	0	"TSPAN32"	341.5	"HiG"
"HiG_7"	0	"GYPA"	341.5	"HiG"
"HiG_7"	0	"MRPL36"	341.5	"HiG"
"HiG_7"	705.378453135352	"KLF1"	292	"HiG"
"HiG_7"	0	"BEX1"	341.5	"HiG"
"HiG_7"	436.087460151833	"FTL1"	299	"HiG"
"HiG_7"	20593666339918.2	"RANGRF"	76	"HiG"
"HiG_7"	562.509593516073	"PHLDA1"	297	"HiG"
"HiG_7"	796.240793654431	"ODC1"	289	"HiG"
"HiG_7"	1129584264868.63	"GADD45G"	197	"HiG"
"HiG_7"	8437182134534.51	"NOP10"	124	"HiG"
"HiG_7"	90896746698878.9	"TAGLN2"	21	"HiG"
"HiG_7"	446905581143.959	"ADGRG1"	221	"HiG"
"HiG_7"	96782041542462.1	"COX8A"	19	"HiG"
"HiG_7"	26775002254924.2	"CHCHD10"	65	"HiG"
"HiG_7"	107409425205049	"SRSF6"	16	"HiG"
"HiG_7"	886.459745021326	"POP5"	287	"HiG"
"HiG_7"	0	"PMM1"	341.5	"HiG"
"HiG_7"	0	"RASGRP2"	341.5	"HiG"
"HiG_7"	15285708240791.2	"PPAN"	89	"HiG"
"HiG_7"	381821731923434	"NHP2"	4	"HiG"
"HiG_7"	7364386924727.57	"PFDN4"	126	"HiG"
"HiG_7"	52017788556803.4	"MAK16"	40	"HiG"
"HiG_7"	16766533416882.5	"NDUFAF4"	83	"HiG"
"HiG_7"	4643597161095.79	"GCSH"	147	"HiG"
"HiG_7"	46319000691394.9	"MRPS24"	46	"HiG"
"HiG_7"	0	"PRODH"	341.5	"HiG"
"HiG_7"	1157318399326.64	"ORC6"	196	"HiG"
"HiG_7"	554481986636743	"WDR12"	2	"HiG"
"HiG_7"	49854261723657.1	"MPHOSPH10"	42	"HiG"
"HiG_7"	506135023726.067	"SLBP"	216	"HiG"
"HiG_7"	13622388130583.1	"NUDT9"	98	"HiG"
"HiG_7"	461561884.757653	"TIPIN"	270	"HiG"
"HiG_7"	24726404621330.9	"CKS2"	70	"HiG"
"HiG_7"	1417121406835.84	"PTP4A3"	184	"HiG"
"HiG_7"	0	"SERINC3"	341.5	"HiG"
"HiG_7"	150279067961557	"TGFB1"	9	"HiG"
"HiG_7"	30092940653679.8	"TK1"	61	"HiG"
"HiG_7"	0	"F2R"	341.5	"HiG"
"HiG_7"	0	"GYPC"	341.5	"HiG"
"HiG_7"	0	"NRTN"	341.5	"HiG"
"HiG_7"	0	"SH3BP1"	341.5	"HiG"
"HiG_7"	0	"TIMM17A"	341.5	"HiG"
"HiG_7"	0	"IFRD2"	341.5	"HiG"
"HiG_7"	837043442549.125	"SSX2IP"	206	"HiG"
"HiG_7"	929.586173057099	"UBXN2A"	285	"HiG"
"HiG_7"	50573696828580.2	"NT5DC2"	41	"HiG"
"HiG_7"	420.635984613566	"TNNI1"	301	"HiG"
"HiG_7"	445627420701147	"NPM3"	3	"HiG"
"HiG_7"	2035.4219274688	"SRM"	277	"HiG"
"HiG_7"	0	"PGP"	341.5	"HiG"
"HiG_7"	30428574026268.6	"UBE2L6"	60	"HiG"
"HiG_7"	723.329672792032	"UQCR11"	291	"HiG"
"HiG_7"	2010848534989.81	"TMEM9"	175	"HiG"
"HiG_7"	0	"SH3BGRL3"	341.5	"HiG"
"HiG_7"	1122984463603.76	"COMTD1"	198	"HiG"
"HiG_7"	0	"SNRNP25"	341.5	"HiG"
"HiG_7"	237050307348.874	"FGF3"	232	"HiG"
"HiG_7"	0	"GPSM3"	341.5	"HiG"
"HiG_7"	0	"DPH3"	341.5	"HiG"
"HiG_7"	3687016999059.65	"SMS"	156	"HiG"
"HiG_7"	1826.52540766835	"SEC11C"	279	"HiG"
"HiG_7"	0	"MTFP1"	341.5	"HiG"
"HiG_7"	1605.26905575126	"FAM210B"	282	"HiG"
"HiG_7"	9776854968324.84	"MRPL57"	118	"HiG"
"HiG_7"	0	"PNPO"	341.5	"HiG"
"HiG_7"	5519813941116.56	"SCARB1"	139	"HiG"
"HiG_7"	359.955767749097	"SLC43A3"	303	"HiG"
"HiG_7"	1919.4806750399	"SLC38A5"	278	"HiG"
"HiG_7"	130013261817615	"YBX3"	11	"HiG"
"HiG_7"	0	"SLC39A8"	341.5	"HiG"
"HiG_7"	107750784806479	"ZCRB1"	15	"HiG"
"HiG_7"	0	"NRIP3"	341.5	"HiG"
"HiG_7"	1779.35919340888	"SYNGR2"	281	"HiG"
"HiG_7"	2348.68482225663	"TMEM97"	275	"HiG"
"HiG_7"	128506765.407743	"MNS1"	272	"HiG"
"HiG_7"	0	"SMIM3"	341.5	"HiG"
"HiG_7"	0	"NINJ1"	341.5	"HiG"
"HiG_7"	2332.57171191183	"TMEM14C"	276	"HiG"
"HiG_7"	0	"SMIM1"	341.5	"HiG"
"HiG_7"	0	"AQP8"	341.5	"HiG"
"HiG_7"	0	"TLCD1"	341.5	"HiG"
"HiG_7"	14217457825.5366	"TSPAN4"	257	"HiG"
"HiG_7"	16204563078.4559	"TPST2"	255	"HiG"
"HiG_7"	7133242578432.79	"UNG"	128	"HiG"
"HiG_7"	0	"TSPAN33"	341.5	"HiG"
"HiG_7"	0	"RGS10"	341.5	"HiG"
"HiG_7"	0	"TMEM158"	341.5	"HiG"
"HiG_7"	341.610260715764	"ZFPM1"	305	"HiG"
"HiG_7"	0	"IFITM2"	341.5	"HiG"
"HiG_7"	0	"YDJC"	341.5	"HiG"
"HiG_11"	1307583931219233792	"ACTB"	43	"HiG"
"HiG_11"	8675226537188395	"MAGED1"	310	"HiG"
"HiG_11"	1343768731695556352	"HDAC1"	41	"HiG"
"HiG_11"	999553353887370496	"JUN"	63	"HiG"
"HiG_11"	8542038772670602	"HES1"	312	"HiG"
"HiG_11"	42369403911791560	"TEAD2"	245	"HiG"
"HiG_11"	10468900038745950	"RDX"	302	"HiG"
"HiG_11"	365147085884856000	"HSP90AB1"	124	"HiG"
"HiG_11"	674220566337028864	"NRP1"	85	"HiG"
"HiG_11"	130928431282589	"ID3"	386	"HiG"
"HiG_11"	233767595145171680	"FUS"	153	"HiG"
"HiG_11"	469447730697163456	"HRAS"	107	"HiG"
"HiG_11"	7089949268617842	"HOXC8"	314	"HiG"
"HiG_11"	233364076639638	"HOXA9"	378	"HiG"
"HiG_11"	816580600616180736	"CD81"	73	"HiG"
"HiG_11"	170308146292956896	"CCT4"	169	"HiG"
"HiG_11"	87233652852141696	"STX7"	201	"HiG"
"HiG_11"	666254110429271	"ARL3"	366	"HiG"
"HiG_11"	2119612376371772	"CD151"	344	"HiG"
"HiG_11"	774176990623166848	"SQSTM1"	76	"HiG"
"HiG_11"	26053477972867344	"HSPA8"	263	"HiG"
"HiG_11"	38902440294676360	"CCNB1"	249	"HiG"
"HiG_11"	33096363704291140	"PABPC1"	257	"HiG"
"HiG_11"	281562507922706912	"PRMT1"	137	"HiG"
"HiG_11"	67519592257287984	"NOP56"	219	"HiG"
"HiG_11"	298411042070067328	"DDX5"	132	"HiG"
"HiG_11"	78322748987128064	"RBBP7"	212	"HiG"
"HiG_11"	800085354121299	"CDX2"	363	"HiG"
"HiG_11"	1393795679041675008	"FHL2"	35	"HiG"
"HiG_11"	118182303167576240	"GATA4"	189	"HiG"
"HiG_11"	0	"GATA5"	494	"HiG"
"HiG_11"	428.875382318097	"GATA6"	441	"HiG"
"HiG_11"	672.076864300107	"HAND1"	432	"HiG"
"HiG_11"	168.109460923334	"HOXA10"	448	"HiG"
"HiG_11"	0	"HOXB6"	494	"HiG"
"HiG_11"	0	"HOXD9"	494	"HiG"
"HiG_11"	66451773346870496	"ID1"	221	"HiG"
"HiG_11"	64895745745125968	"ID2"	223	"HiG"
"HiG_11"	487286132886700	"MEIS2"	371	"HiG"
"HiG_11"	438962478507431	"MSX1"	372	"HiG"
"HiG_11"	1212134570105970432	"MSX2"	50	"HiG"
"HiG_11"	854584323208422016	"MYCN"	69	"HiG"
"HiG_11"	26900833352708308	"KHDRBS1"	261	"HiG"
"HiG_11"	1395142342143854848	"TRIM28"	34	"HiG"
"HiG_11"	194.355741697999	"PDLIM4"	447	"HiG"
"HiG_11"	33261403899063008	"DEK"	256	"HiG"
"HiG_11"	22225072968159892	"HELLS"	270	"HiG"
"HiG_11"	361147272780748992	"RBBP4"	126	"HiG"
"HiG_11"	621290280445578	"SALL4"	368	"HiG"
"HiG_11"	464672061796276480	"RUVBL2"	108	"HiG"
"HiG_11"	0	"PEG10"	494	"HiG"
"HiG_11"	137685120950781344	"ASF1A"	180	"HiG"
"HiG_11"	1351669446741751040	"ILF2"	39	"HiG"
"HiG_11"	24866779639446224	"DNAJA1"	265	"HiG"
"HiG_11"	79258391699010288	"P4HA1"	210	"HiG"
"HiG_11"	720607101494897920	"NONO"	81	"HiG"
"HiG_11"	671637310885136000	"ACTG1"	86	"HiG"
"HiG_11"	4353395593755430400	"HMGA2"	11	"HiG"
"HiG_11"	351110160959286656	"HNRNPA2B1"	127	"HiG"
"HiG_11"	34542191571340904	"CDH2"	253	"HiG"
"HiG_11"	1237620308883484	"SFRP1"	355	"HiG"
"HiG_11"	4433912612806648	"CCNE1"	324	"HiG"
"HiG_11"	7199732212110901	"CCNA2"	313	"HiG"
"HiG_11"	84802861821423040	"LRRFIP1"	204	"HiG"
"HiG_11"	3279937464697686528	"HSPA5"	17	"HiG"
"HiG_11"	505734495065364928	"CBX1"	101	"HiG"
"HiG_11"	234300821816366080	"HSP90AA1"	152	"HiG"
"HiG_11"	497534808672408768	"PKM"	103	"HiG"
"HiG_11"	668.833027277601	"ENO1"	433	"HiG"
"HiG_11"	24358924754379.7	"ALDOA"	409	"HiG"
"HiG_11"	18169355422060380	"CTNNA1"	277	"HiG"
"HiG_11"	10196920309453176	"SET"	304	"HiG"
"HiG_11"	241738385793474272	"CCT8"	148	"HiG"
"HiG_11"	115792107439429	"ANP32A"	389	"HiG"
"HiG_11"	20518907078309440	"PALLD"	274	"HiG"
"HiG_11"	111942051148372	"PCGF5"	391	"HiG"
"HiG_11"	2211889499903375	"GRB10"	343	"HiG"
"HiG_11"	4578023695389207040	"DDX39B"	10	"HiG"
"HiG_11"	284559596529465984	"HSP90B1"	136	"HiG"
"HiG_11"	20534849225546100	"ARPC1B"	273	"HiG"
"HiG_11"	1192566237177364	"CNN3"	357	"HiG"
"HiG_11"	3964348445299182	"NPM1"	325	"HiG"
"HiG_11"	1302919147070734	"MYC"	354	"HiG"
"HiG_11"	868749924904950784	"NCL"	68	"HiG"
"HiG_11"	33029741905819812	"SLC25A5"	258	"HiG"
"HiG_11"	400540790736584128	"ACTC1"	115	"HiG"
"HiG_11"	2942130625487019008	"YWHAE"	20	"HiG"
"HiG_11"	567415915871935424	"DBN1"	94	"HiG"
"HiG_11"	4147896420710422016	"MAP1B"	12	"HiG"
"HiG_11"	2448754942043676	"ASB4"	337	"HiG"
"HiG_11"	186882417602807520	"ANXA6"	163	"HiG"
"HiG_11"	4844308864346.18	"PITX1"	418	"HiG"
"HiG_11"	377184594579159296	"MAPK3"	118	"HiG"
"HiG_11"	1350899261257209088	"FGFR1"	40	"HiG"
"HiG_11"	168176305393630496	"HMGB2"	170	"HiG"
"HiG_11"	3560315762343644	"SMAD7"	326	"HiG"
"HiG_11"	370368172930170880	"APOE"	120	"HiG"
"HiG_11"	1707262526274919168	"UBC"	28	"HiG"
"HiG_11"	540160649440134656	"APEX1"	97	"HiG"
"HiG_11"	714258931391338368	"CALR"	82	"HiG"
"HiG_11"	53072359414666720	"EIF4A1"	235	"HiG"
"HiG_11"	1061724589549387776	"RPL7A"	57	"HiG"
"HiG_11"	95737030151056048	"TOP1"	196	"HiG"
"HiG_11"	406033845192687	"GJC1"	374	"HiG"
"HiG_11"	334565503390503552	"GJA1"	130	"HiG"
"HiG_11"	0	"GJB3"	494	"HiG"
"HiG_11"	2324513069859379712	"AHNAK"	23	"HiG"
"HiG_11"	90827729424316592	"ANXA2"	198	"HiG"
"HiG_11"	119178509768318528	"ATXN10"	188	"HiG"
"HiG_11"	100440247098562352	"BRD3"	195	"HiG"
"HiG_11"	2365953834401478	"CNN2"	339	"HiG"
"HiG_11"	1014161017327328384	"HDGF"	62	"HiG"
"HiG_11"	2897128046133161472	"HSPD1"	21	"HiG"
"HiG_11"	1040356555779319680	"ILK"	60	"HiG"
"HiG_11"	80612837342662816	"CALM1"	208	"HiG"
"HiG_11"	51678592567783.2	"ARID5B"	400	"HiG"
"HiG_11"	34292341680802300	"GNL3"	254	"HiG"
"HiG_11"	264984613854849728	"MAP1LC3A"	143	"HiG"
"HiG_11"	15529833840430470	"CCND3"	287	"HiG"
"HiG_11"	59658329036649.6	"PTOV1"	399	"HiG"
"HiG_11"	211286345569720512	"TUBA1A"	157	"HiG"
"HiG_11"	12390012381533530	"KRT8"	296	"HiG"
"HiG_11"	1219236586018.54	"DYNLL1"	422	"HiG"
"HiG_11"	90272538488818144	"CLTA"	199	"HiG"
"HiG_11"	93181886963659424	"ITGB1"	197	"HiG"
"HiG_11"	58413674494005352	"FERMT2"	228	"HiG"
"HiG_11"	55660077291314736	"NDN"	234	"HiG"
"HiG_11"	8638375883295760	"ITGB5"	311	"HiG"
"HiG_11"	638721953170309	"EFNB1"	367	"HiG"
"HiG_11"	1678741839280867328	"HNRNPK"	29	"HiG"
"HiG_11"	136203299562717616	"P4HB"	181	"HiG"
"HiG_11"	258527183078260544	"APBB1"	146	"HiG"
"HiG_11"	326081996722760960	"LMNB1"	131	"HiG"
"HiG_11"	0	"PRRX2"	494	"HiG"
"HiG_11"	526751385482424	"BNIP3"	369	"HiG"
"HiG_11"	36726227151271016	"GNAI2"	251	"HiG"
"HiG_11"	447054015006495680	"GNAS"	109	"HiG"
"HiG_11"	66882517925215136	"COL1A1"	220	"HiG"
"HiG_11"	14127706504740620	"IFT74"	291	"HiG"
"HiG_11"	10238154887669310	"BMP4"	303	"HiG"
"HiG_11"	410081037735992384	"CDC20"	114	"HiG"
"HiG_11"	1102830331431553	"PAFAH1B3"	358	"HiG"
"HiG_11"	9190643310536878	"SMAD6"	309	"HiG"
"HiG_11"	179232654457051840	"ACTA2"	165	"HiG"
"HiG_11"	732150081245794	"IGF2"	364	"HiG"
"HiG_11"	67810182076066528	"ATP2B1"	218	"HiG"
"HiG_11"	2764630299680557056	"RTN4"	22	"HiG"
"HiG_11"	325.027499953595	"BEX3"	444	"HiG"
"HiG_11"	0	"LDHA"	494	"HiG"
"HiG_11"	488312429091542336	"CALM2"	104	"HiG"
"HiG_11"	154702444648674592	"MYL12B"	174	"HiG"
"HiG_11"	130865541941561648	"IGF2R"	183	"HiG"
"HiG_11"	30906916243984.5	"CSRP1"	408	"HiG"
"HiG_11"	78332880914176656	"CALD1"	211	"HiG"
"HiG_11"	5150707844775420	"EFHD2"	320	"HiG"
"HiG_11"	55912676321792272	"IMPDH1"	232	"HiG"
"HiG_11"	13760741079568424	"MYL12A"	293	"HiG"
"HiG_11"	15331606219085070	"PFKL"	288	"HiG"
"HiG_11"	575835542462509440	"TPI1"	93	"HiG"
"HiG_11"	164917409642347136	"YWHAH"	171	"HiG"
"HiG_11"	266100824670033728	"ERP29"	142	"HiG"
"HiG_11"	117404168439885	"EIF4EBP1"	388	"HiG"
"HiG_11"	111876813582886	"VAMP8"	392	"HiG"
"HiG_11"	829013996814328	"FBLN1"	362	"HiG"
"HiG_11"	0	"CNTFR"	494	"HiG"
"HiG_11"	2362730931534204	"CDKN1C"	340	"HiG"
"HiG_11"	14503603264549530	"EIF3E"	289	"HiG"
"HiG_11"	6340462804231780	"SDC1"	316	"HiG"
"HiG_11"	22664163044990272	"CYB5A"	269	"HiG"
"HiG_11"	0	"GAS1"	494	"HiG"
"HiG_11"	193620585547402	"FBXO5"	381	"HiG"
"HiG_11"	45347410518090168	"PDLIM7"	242	"HiG"
"HiG_11"	90102962152409872	"EFNA1"	200	"HiG"
"HiG_11"	84836160701843472	"RPS26"	203	"HiG"
"HiG_11"	146841266898742880	"AMOT"	176	"HiG"
"HiG_11"	208681341904642016	"PRDX1"	158	"HiG"
"HiG_11"	551457012073055168	"PA2G4"	95	"HiG"
"HiG_11"	1213785541526593	"RNF128"	356	"HiG"
"HiG_11"	24288995082838912	"ISYNA1"	267	"HiG"
"HiG_11"	73698501306896000	"ANXA5"	213	"HiG"
"HiG_11"	416142714833705216	"IDH3A"	111	"HiG"
"HiG_11"	4731790014186213	"COL1A2"	321	"HiG"
"HiG_11"	365216817506601728	"RER1"	123	"HiG"
"HiG_11"	14659708048940.4	"FHL1"	414	"HiG"
"HiG_11"	58021307755520664	"ANP32B"	229	"HiG"
"HiG_11"	46587802154966320	"BUB3"	241	"HiG"
"HiG_11"	1375574295204466	"CSRP2"	351	"HiG"
"HiG_11"	13485554267884846	"DSTN"	294	"HiG"
"HiG_11"	410159743904500032	"CLIC1"	113	"HiG"
"HiG_11"	223399165375953152	"ARF4"	154	"HiG"
"HiG_11"	24547146253740524	"EBNA1BP2"	266	"HiG"
"HiG_11"	1312240216944588	"COMMD3"	352	"HiG"
"HiG_11"	2449181495710788	"BRIX1"	336	"HiG"
"HiG_11"	274246418047679136	"ARPC2"	139	"HiG"
"HiG_11"	3602048827032981504	"CKAP4"	13	"HiG"
"HiG_11"	26731418749046132	"CAPNS1"	262	"HiG"
"HiG_11"	0	"CAPN6"	494	"HiG"
"HiG_11"	128055447950473632	"ARPC5"	185	"HiG"
"HiG_11"	0	"CTSL"	494	"HiG"
"HiG_11"	16779599286971174	"GDI2"	283	"HiG"
"HiG_11"	1363368794288439552	"PDIA3"	37	"HiG"
"HiG_11"	6107670277693608	"HSPE1"	318	"HiG"
"HiG_11"	40189362534905328	"ARF5"	248	"HiG"
"HiG_11"	643919109694189696	"PDIA6"	90	"HiG"
"HiG_11"	833013017864482	"UGP2"	361	"HiG"
"HiG_11"	205592288779505	"LAPTM4A"	380	"HiG"
"HiG_11"	0	"PNRC1"	494	"HiG"
"HiG_11"	171172394884918816	"PRDX3"	168	"HiG"
"HiG_11"	370217328105972800	"SRRM2"	121	"HiG"
"HiG_11"	121110866836880160	"HAT1"	187	"HiG"
"HiG_11"	3249566241713060352	"PPP1CB"	18	"HiG"
"HiG_11"	188243893645906880	"TXNL1"	162	"HiG"
"HiG_11"	6237293030055393	"PPID"	317	"HiG"
"HiG_11"	16803425397215508	"RAP1A"	282	"HiG"
"HiG_11"	20457762556568.4	"ARL6IP1"	410	"HiG"
"HiG_11"	2779025896049899	"CNIH4"	331	"HiG"
"HiG_11"	80175121327498144	"TSC22D1"	209	"HiG"
"HiG_11"	70116818628302872	"RCN2"	215	"HiG"
"HiG_11"	386635493326413632	"BASP1"	116	"HiG"
"HiG_11"	1375836347564573696	"FKBP4"	36	"HiG"
"HiG_11"	175154700121122656	"TPM1"	166	"HiG"
"HiG_11"	87710241507837.3	"ARHGAP29"	395	"HiG"
"HiG_11"	0	"PEG3"	494	"HiG"
"HiG_11"	42822363423674.4	"SERPINE2"	403	"HiG"
"HiG_11"	42416840423618.4	"S100A10"	404	"HiG"
"HiG_11"	19882310149899336	"DUT"	275	"HiG"
"HiG_11"	2158931443816199168	"SDF2L1"	26	"HiG"
"HiG_11"	16852956788556396	"MLEC"	281	"HiG"
"HiG_11"	0	"ACOT9"	494	"HiG"
"HiG_11"	13051419922152774	"CRIP2"	295	"HiG"
"HiG_11"	1128960312912495488	"GNB2"	53	"HiG"
"HiG_11"	64996459772477.7	"MDK"	398	"HiG"
"HiG_11"	63481154626531504	"MAGED2"	224	"HiG"
"HiG_11"	10087553601108990	"CLNS1A"	306	"HiG"
"HiG_11"	0	"DEGS1"	494	"HiG"
"HiG_11"	21098805610694028	"DLK1"	272	"HiG"
"HiG_11"	21663825654691632	"EIF4A3"	271	"HiG"
"HiG_11"	500583228068197	"EFNB3"	370	"HiG"
"HiG_11"	142777545085894	"BIRC5"	383	"HiG"
"HiG_11"	5363967712872888	"TMED9"	319	"HiG"
"HiG_11"	534898509938509760	"SNAI1"	98	"HiG"
"HiG_11"	3221215366386242	"SNRPN"	328	"HiG"
"HiG_11"	524353508959832128	"PHGDH"	100	"HiG"
"HiG_11"	215868996326716960	"HNRNPA3"	155	"HiG"
"HiG_11"	12141727234778704	"GNB4"	297	"HiG"
"HiG_11"	591.261778510588	"DOK4"	434	"HiG"
"HiG_11"	82994754658056288	"PRDX4"	207	"HiG"
"HiG_11"	287948230345620288	"FBL"	134	"HiG"
"HiG_11"	1092191351628112768	"PAICS"	55	"HiG"
"HiG_11"	240682555373668576	"IDH2"	149	"HiG"
"HiG_11"	0	"RCN3"	494	"HiG"
"HiG_11"	14372373792062072	"SNX2"	290	"HiG"
"HiG_11"	0	"GLIPR2"	494	"HiG"
"HiG_11"	114.540735100602	"PCOLCE"	450	"HiG"
"HiG_11"	479851365498602752	"RRBP1"	105	"HiG"
"HiG_11"	895730933103840256	"TUBB4B"	67	"HiG"
"HiG_11"	1174354037724937216	"TUBB5"	52	"HiG"
"HiG_11"	1080980928908228864	"SLC25A4"	56	"HiG"
"HiG_11"	748909733594558848	"FSCN1"	78	"HiG"
"HiG_11"	269755132357678080	"MYL6"	141	"HiG"
"HiG_11"	267152475886594	"PGAM1"	377	"HiG"
"HiG_11"	3457176624322974208	"PGK1"	14	"HiG"
"HiG_11"	18335104762134500	"CFL2"	276	"HiG"
"HiG_11"	646778303652424704	"TPM2"	89	"HiG"
"HiG_11"	9551544719592468	"RALA"	307	"HiG"
"HiG_11"	993107541821672576	"FN1"	64	"HiG"
"HiG_11"	2110039505065710	"HMGB1"	345	"HiG"
"HiG_11"	680688347246292992	"MCM7"	84	"HiG"
"HiG_11"	338647518421180	"PTMA"	376	"HiG"
"HiG_11"	0	"SLC2A3"	494	"HiG"
"HiG_11"	2693666776588516	"TBX3"	333	"HiG"
"HiG_11"	113314687313994672	"NASP"	192	"HiG"
"HiG_11"	110411563211214272	"LRRC59"	194	"HiG"
"HiG_11"	346379306520531840	"SFXN1"	128	"HiG"
"HiG_11"	0	"GPX3"	494	"HiG"
"HiG_11"	56161027313214536	"GMPS"	231	"HiG"
"HiG_11"	1893634398261368320	"IMPDH2"	27	"HiG"
"HiG_11"	114955204866032	"CADM1"	390	"HiG"
"HiG_11"	35303437002245.4	"CARNMT1"	406	"HiG"
"HiG_11"	67942964515267624	"EIF3M"	217	"HiG"
"HiG_11"	11318502017248228	"FAM162A"	300	"HiG"
"HiG_11"	418140099883991	"FDX1"	373	"HiG"
"HiG_11"	84495746452835712	"HMGB3"	205	"HiG"
"HiG_11"	16612631213841890	"COX17"	286	"HiG"
"HiG_11"	2305727685508926976	"LGALS1"	24	"HiG"
"HiG_11"	4459745244196415	"CSTB"	323	"HiG"
"HiG_11"	50072121320344992	"OXCT1"	237	"HiG"
"HiG_11"	223731562922125	"FTH1"	379	"HiG"
"HiG_11"	0	"PCSK1N"	494	"HiG"
"HiG_11"	0	"PPP1R14A"	494	"HiG"
"HiG_11"	2703132565967026	"RAP1B"	332	"HiG"
"HiG_11"	220.779881514283	"ADK"	446	"HiG"
"HiG_11"	33360215463316592	"RANBP1"	255	"HiG"
"HiG_11"	412633087285741568	"PPIB"	112	"HiG"
"HiG_11"	10131187892211134	"SNX3"	305	"HiG"
"HiG_11"	17490363392868340	"PGRMC1"	280	"HiG"
"HiG_11"	847577644051142144	"PDIA4"	70	"HiG"
"HiG_11"	142923328394458672	"TBCB"	178	"HiG"
"HiG_11"	2448114209164683	"MMP14"	338	"HiG"
"HiG_11"	1287709393812640000	"UBB"	46	"HiG"
"HiG_11"	506.578997321649	"SDHD"	437	"HiG"
"HiG_11"	533736539039739392	"TXNDC5"	99	"HiG"
"HiG_11"	1028012809212902656	"LRPAP1"	61	"HiG"
"HiG_11"	954830061064661760	"SSB"	66	"HiG"
"HiG_11"	163041579345344800	"BCCIP"	172	"HiG"
"HiG_11"	0	"CST3"	494	"HiG"
"HiG_11"	2193475899061918720	"DNAJC3"	25	"HiG"
"HiG_11"	59895090871907560	"MTAP"	227	"HiG"
"HiG_11"	173103918636269824	"MARCKS"	167	"HiG"
"HiG_11"	0	"PSME2"	494	"HiG"
"HiG_11"	0	"DDT"	494	"HiG"
"HiG_11"	11004530738629242	"SNX6"	301	"HiG"
"HiG_11"	32536578385253520	"SPARC"	259	"HiG"
"HiG_11"	65040830755492920	"TPM4"	222	"HiG"
"HiG_11"	11558508440657240	"TXNDC12"	298	"HiG"
"HiG_11"	0	"TXNDC17"	494	"HiG"
"HiG_11"	745.66585170509	"PPIC"	430	"HiG"
"HiG_11"	271782302230167392	"OAT"	140	"HiG"
"HiG_11"	42400640272192016	"UBE2R2"	244	"HiG"
"HiG_11"	8085165518276700160	"YWHAQ"	3	"HiG"
"HiG_11"	34184360643193.5	"BAMBI"	407	"HiG"
"HiG_11"	18010185500997446	"BNIP3L"	278	"HiG"
"HiG_11"	774847738790091136	"CD63"	75	"HiG"
"HiG_11"	133271485634441	"EFEMP2"	385	"HiG"
"HiG_11"	18814413750055.7	"FBN2"	411	"HiG"
"HiG_11"	69439635297395.9	"FSTL1"	397	"HiG"
"HiG_11"	1561014254763399424	"GABARAP"	31	"HiG"
"HiG_11"	2089162893227432	"GINS2"	346	"HiG"
"HiG_11"	263959011305008192	"GPC3"	144	"HiG"
"HiG_11"	3035218593641786	"HMGN5"	329	"HiG"
"HiG_11"	187065812605539	"JAM3"	382	"HiG"
"HiG_11"	84468532001830016	"KRT18"	206	"HiG"
"HiG_11"	40926848119007280	"LMAN2"	246	"HiG"
"HiG_11"	213048426422274880	"LUZP1"	156	"HiG"
"HiG_11"	604973047715974912	"MMP2"	91	"HiG"
"HiG_11"	585109326192429568	"MRPS26"	92	"HiG"
"HiG_11"	125505787783944672	"MRTO4"	186	"HiG"
"HiG_11"	472133240756586944	"PSIP1"	106	"HiG"
"HiG_11"	43998952831770.5	"PCBP4"	402	"HiG"
"HiG_11"	1832722361851110	"TRIOBP"	348	"HiG"
"HiG_11"	383821516006761664	"TMSB4X"	117	"HiG"
"HiG_11"	3001230361060222976	"LYAR"	19	"HiG"
"HiG_11"	546621269147714304	"UHRF1"	96	"HiG"
"HiG_11"	2911525022586058	"RBMS1"	330	"HiG"
"HiG_11"	17835984677531174	"TUBB6"	279	"HiG"
"HiG_11"	2561306924843400	"PHLDB2"	335	"HiG"
"HiG_11"	369476079982782208	"MAP7D1"	122	"HiG"
"HiG_11"	1052663120250255616	"POLG"	58	"HiG"
"HiG_11"	111543784491253360	"MTCH1"	193	"HiG"
"HiG_11"	22745855312544924	"GPX4"	268	"HiG"
"HiG_11"	960807545314355456	"MTX2"	65	"HiG"
"HiG_11"	0	"CMTM7"	494	"HiG"
"HiG_11"	0	"CCDC80"	494	"HiG"
"HiG_11"	17443726942080.3	"SMTNL2"	412	"HiG"
"HiG_11"	140817525019180496	"SRSF9"	179	"HiG"
"HiG_11"	57468238957958320	"ITM2C"	230	"HiG"
"HiG_11"	16716457654695480	"MPZL1"	285	"HiG"
"HiG_11"	1816046049992019	"PCLAF"	349	"HiG"
"HiG_11"	3672020047470.35	"RP9"	419	"HiG"
"HiG_11"	62481810025210904	"MARCKSL1"	226	"HiG"
"HiG_11"	0	"LIMD2"	494	"HiG"
"HiG_11"	0	"SCD2"	494	"HiG"
"HiG_11"	2598694888106396	"RRM2"	334	"HiG"
"HiG_11"	133637894219967424	"SLC16A3"	182	"HiG"
"HiG_11"	244275405102107104	"SH3GLB1"	147	"HiG"
"HiG_11"	11441245762186104	"RAB34"	299	"HiG"
"HiG_11"	13786718605338080	"SSR2"	292	"HiG"
"HiG_11"	481.55079310692	"PLIN2"	439	"HiG"
"HiG_11"	204079214929075840	"SSR3"	161	"HiG"
"HiG_11"	1905718963730896	"KRTCAP2"	347	"HiG"
"HiG_11"	570228773260.4	"ELOVL1"	423	"HiG"
"HiG_11"	126787063496581	"RSU1"	387	"HiG"
"HiG_11"	1276186794686019072	"REEP5"	48	"HiG"
"HiG_11"	0	"MALAT1"	494	"HiG"
"HiG_11"	185732155669159232	"PTK7"	164	"HiG"
"HiG_11"	362751424865097344	"RTN3"	125	"HiG"
"HiG_11"	25976541625974236	"PLPP3"	264	"HiG"
"HiG_11"	0	"GSTA4"	494	"HiG"
"HiG_11"	1305445337476685312	"SLC2A1"	44	"HiG"
"HiG_11"	7324555611179621376	"TKT"	5	"HiG"
"HiG_11"	497.004266289571	"GALK1"	438	"HiG"
"HiG_11"	0	"MOGAT2"	494	"HiG"
"HiG_11"	295726144432767744	"TWIST1"	133	"HiG"
"HiG_11"	235589654246947616	"BBX"	150	"HiG"
"HiG_11"	0	"CRABP1"	494	"HiG"
"HiG_11"	743486748188439680	"PJA1"	79	"HiG"
"HiG_11"	0	"BEX2"	494	"HiG"
"HiG_11"	0	"DCAF12L1"	494	"HiG"
"HiG_11"	0	"SPIN2C"	494	"HiG"
"HiG_11"	96730392576385	"TCEAL8"	393	"HiG"
"HiG_11"	0	"AARD"	494	"HiG"
"HiG_11"	6671335030369332224	"VDAC1"	7	"HiG"
"HiG_11"	205444839486989440	"SERPINH1"	160	"HiG"
"HiG_11"	537.193383624707	"CCNE2"	436	"HiG"
"HiG_11"	811081918544236160	"WLS"	74	"HiG"
"HiG_11"	287792367860526912	"SMARCD3"	135	"HiG"
"HiG_11"	0	"PITX2"	494	"HiG"
"HiG_11"	0	"CFC1"	494	"HiG"
"HiG_11"	0	"BEX1"	494	"HiG"
"HiG_11"	480.978567989296	"PHLDA1"	440	"HiG"
"HiG_11"	9234786658992526	"ODC1"	308	"HiG"
"HiG_11"	0	"PLP2"	494	"HiG"
"HiG_11"	36110132474150.9	"EVI5"	405	"HiG"
"HiG_11"	2270909175496315	"GADD45G"	341	"HiG"
"HiG_11"	2233072983988186	"AKR1A1"	342	"HiG"
"HiG_11"	0	"NRADD"	494	"HiG"
"HiG_11"	9819248359173.3	"RASL11A"	415	"HiG"
"HiG_11"	0	"ABRACL"	494	"HiG"
"HiG_11"	7081616078674991104	"RHOC"	6	"HiG"
"HiG_11"	0	"TMEM119"	494	"HiG"
"HiG_11"	156796099361064864	"VASP"	173	"HiG"
"HiG_11"	0	"PERP"	494	"HiG"
"HiG_11"	566.581238177876	"HOXA7"	435	"HiG"
"HiG_11"	12101036390055929856	"VIM"	2	"HiG"
"HiG_11"	827240093192763392	"HNRNPH3"	72	"HiG"
"HiG_11"	0	"PMM1"	494	"HiG"
"HiG_11"	0	"LRRC42"	494	"HiG"
"HiG_11"	0	"MT-ND2"	494	"HiG"
"HiG_11"	1187472760370727168	"NHP2"	51	"HiG"
"HiG_11"	85103128227754000	"GCSH"	202	"HiG"
"HiG_11"	1616658278038062080	"SUV39H1"	30	"HiG"
"HiG_11"	282.572071390137	"ORC6"	445	"HiG"
"HiG_11"	117548731340684544	"SURF4"	190	"HiG"
"HiG_11"	344.349935932469	"BRI3"	442	"HiG"
"HiG_11"	5693946295563.76	"SLBP"	417	"HiG"
"HiG_11"	838012032654556800	"NUDT9"	71	"HiG"
"HiG_11"	2405249516729.77	"TBRG1"	421	"HiG"
"HiG_11"	16732018945630584	"MTHFD2"	284	"HiG"
"HiG_11"	42698173967447088	"P4HA2"	243	"HiG"
"HiG_11"	1435152554163156480	"YAF2"	33	"HiG"
"HiG_11"	338830859533615168	"RBPMS"	129	"HiG"
"HiG_11"	9015282727246.73	"PPFIBP2"	416	"HiG"
"HiG_11"	7046425851197309	"GPX7"	315	"HiG"
"HiG_11"	0	"PLAC8"	494	"HiG"
"HiG_11"	0	"NUP62CL"	494	"HiG"
"HiG_11"	50713187512602	"CTNNBIP1"	401	"HiG"
"HiG_11"	3390965234549069312	"PON2"	15	"HiG"
"HiG_11"	145365308757990208	"MORF4L2"	177	"HiG"
"HiG_11"	0	"TCEAL9"	494	"HiG"
"HiG_11"	151.604776766637	"KDELR2"	449	"HiG"
"HiG_11"	0	"LXN"	494	"HiG"
"HiG_11"	1093298766190602	"MEST"	359	"HiG"
"HiG_11"	434821392117823936	"LSR"	110	"HiG"
"HiG_11"	1301438931124190976	"PKP2"	45	"HiG"
"HiG_11"	7947841688491413504	"TGFB1"	4	"HiG"
"HiG_11"	279816926193971680	"SELENOS"	138	"HiG"
"HiG_11"	207256953093760832	"TSEN34"	159	"HiG"
"HiG_11"	138732624580071	"TAX1BP3"	384	"HiG"
"HiG_11"	128581150288924464	"KLF6"	184	"HiG"
"HiG_11"	49396532885441896	"RRAS2"	239	"HiG"
"HiG_11"	1107067759705692160	"TPD52L1"	54	"HiG"
"HiG_11"	1315943525718466560	"TK1"	42	"HiG"
"HiG_11"	81228725940017.8	"PDGFA"	396	"HiG"
"HiG_11"	0	"PGF"	494	"HiG"
"HiG_11"	3169621828775.66	"HOXB7"	420	"HiG"
"HiG_11"	1285674589323742976	"HMGN1"	47	"HiG"
"HiG_11"	4499391596058872	"PAIP2"	322	"HiG"
"HiG_11"	92331337203527.5	"HOXC9"	394	"HiG"
"HiG_11"	29911566957961588	"XBP1"	260	"HiG"
"HiG_11"	0	"IER2"	494	"HiG"
"HiG_11"	63145473638976576	"SOX4"	225	"HiG"
"HiG_11"	979011946450751	"P3H4"	360	"HiG"
"HiG_11"	1447277198649769728	"TTC3"	32	"HiG"
"HiG_11"	48849457128108032	"RPS6KA6"	240	"HiG"
"HiG_11"	1256176939749508864	"NPM3"	49	"HiG"
"HiG_11"	40814752841259008	"LAPTM4B"	247	"HiG"
"HiG_11"	55728693140716336	"SRM"	233	"HiG"
"HiG_11"	49579333346265392	"PGM2"	238	"HiG"
"HiG_11"	0	"PGP"	494	"HiG"
"HiG_11"	668171563860768640	"NENF"	87	"HiG"
"HiG_11"	115191093682202000	"TMSB10"	191	"HiG"
"HiG_11"	0	"SH3BGRL3"	494	"HiG"
"HiG_11"	741563216018862464	"DUSP9"	80	"HiG"
"HiG_11"	0	"KRCC1"	494	"HiG"
"HiG_11"	44295928328848400384	"VCAM1"	1	"HiG"
"HiG_11"	651883685856012416	"MORC4"	88	"HiG"
"HiG_11"	71776270159768496	"TMBIM6"	214	"HiG"
"HiG_11"	0	"MT-CO3"	494	"HiG"
"HiG_11"	766172434029921024	"UGDH"	77	"HiG"
"HiG_11"	0	"RSRP1"	494	"HiG"
"HiG_11"	0	"MBNL3"	494	"HiG"
"HiG_11"	1046718931876528000	"IGFBP4"	59	"HiG"
"HiG_11"	1597.48592982047	"ITM2A"	426	"HiG"
"HiG_11"	724.734778888166	"PMP22"	431	"HiG"
"HiG_11"	68731067362281752	"EVA1B"	216	"HiG"
"HiG_11"	369460728858681	"YPEL3"	375	"HiG"
"HiG_11"	1305505133310796	"METTL9"	353	"HiG"
"HiG_11"	262745014466556960	"TNFAIP1"	145	"HiG"
"HiG_11"	234497456826851296	"MANF"	151	"HiG"
"HiG_11"	0	"CTHRC1"	494	"HiG"
"HiG_11"	1451.89436731498	"SELENOK"	428	"HiG"
"HiG_11"	0	"PLAC1"	494	"HiG"
"HiG_11"	0	"PRELID1"	494	"HiG"
"HiG_11"	0	"OAF"	494	"HiG"
"HiG_11"	147907267245139296	"TSPAN3"	175	"HiG"
"HiG_11"	0	"TBX20"	494	"HiG"
"HiG_11"	4.635277335467e+18	"TIMP2"	9	"HiG"
"HiG_11"	709326481644034688	"SMC6"	83	"HiG"
"HiG_11"	0	"FOXF1"	494	"HiG"
"HiG_11"	1597.35531362889	"RSPO3"	427	"HiG"
"HiG_11"	0	"OAZ2"	494	"HiG"
"HiG_11"	1615.79228542055	"PHLDA2"	425	"HiG"
"HiG_11"	35570606543723016	"PRDM6"	252	"HiG"
"HiG_11"	6049210663143318528	"RHOU"	8	"HiG"
"HiG_11"	52505379860913584	"WNT5A"	236	"HiG"
"HiG_11"	1362159789621400832	"SPATS2L"	38	"HiG"
"HiG_11"	0	"SGCE"	494	"HiG"
"HiG_11"	3542149034220759	"RBPMS2"	327	"HiG"
"HiG_11"	0	"SOX11"	494	"HiG"
"HiG_11"	503866583674819264	"GPX8"	102	"HiG"
"HiG_11"	806.094556381678	"STARD3NL"	429	"HiG"
"HiG_11"	0	"CCDC34"	494	"HiG"
"HiG_11"	372569790694547712	"MGARP"	119	"HiG"
"HiG_11"	0	"IGDCC3"	494	"HiG"
"HiG_11"	2743.03235124899	"TMEM88"	424	"HiG"
"HiG_11"	0	"SMIM1"	494	"HiG"
"HiG_11"	0	"SHISA4"	494	"HiG"
"HiG_11"	0	"SELENOM"	494	"HiG"
"HiG_11"	1788085665803966	"TSPAN4"	350	"HiG"
"HiG_11"	0	"COX4I2"	494	"HiG"
"HiG_11"	38618028112108872	"VCAN"	250	"HiG"
"HiG_11"	3387101987257233408	"TMEM59"	16	"HiG"
"HiG_11"	0	"SELENOH"	494	"HiG"
"HiG_11"	0	"RGS5"	494	"HiG"
"HiG_11"	671537878052375	"WNT2"	365	"HiG"
"HiG_11"	14877845942729.1	"VGLL4"	413	"HiG"
"HiG_11"	329.765766998606	"TWIST2"	443	"HiG"
"HiG_11"	0	"SH3BGR"	494	"HiG"
"HiG_11"	0	"TMEM158"	494	"HiG"
"HiG_11"	0	"NXF7"	494	"HiG"
"HiG_11"	0	"SLC38A4"	494	"HiG"
"HiG_11"	0	"WSB1"	494	"HiG"
"HiG_11"	0	"VEGFC"	494	"HiG"
"HiG_11"	0	"IFITM2"	494	"HiG"
"HiG_11"	0	"NUDT4"	494	"HiG"
"HiG_11"	0	"IFITM1"	494	"HiG"
"HiG_11"	0	"RHOX5"	494	"HiG"
"HiG_15"	103423206202227904	"PCNA"	57	"HiG"
"HiG_15"	96834390911067584	"ACTB"	59	"HiG"
"HiG_15"	0	"PBX1"	455	"HiG"
"HiG_15"	115519275674022144	"JUN"	49	"HiG"
"HiG_15"	6825953644735217	"BAZ1A"	195	"HiG"
"HiG_15"	360989526177355	"CD47"	311	"HiG"
"HiG_15"	488784222049083	"TEAD2"	302	"HiG"
"HiG_15"	27520426449476956	"HSP90AB1"	120	"HiG"
"HiG_15"	90645903639.7417	"ID3"	376	"HiG"
"HiG_15"	13656850137049194	"HRAS"	164	"HiG"
"HiG_15"	25886889191275828	"MSN"	123	"HiG"
"HiG_15"	311606716703.992	"F11R"	374	"HiG"
"HiG_15"	926.017530749195	"HHEX"	391	"HiG"
"HiG_15"	8272533404271749	"CCND1"	186	"HiG"
"HiG_15"	194164210424177024	"CD81"	30	"HiG"
"HiG_15"	71042281361696424	"CCT4"	73	"HiG"
"HiG_15"	49922067213352120	"CD151"	91	"HiG"
"HiG_15"	19496616154886.5	"JUND"	356	"HiG"
"HiG_15"	733210069793563	"FLT1"	290	"HiG"
"HiG_15"	6404425441068946	"HSPA8"	199	"HiG"
"HiG_15"	18930462821338872	"CDK1"	136	"HiG"
"HiG_15"	1065836005401384	"CCNB1"	276	"HiG"
"HiG_15"	2538934937490225	"PABPC1"	241	"HiG"
"HiG_15"	161753923264976672	"PRMT1"	36	"HiG"
"HiG_15"	9960038365416548	"NOP56"	177	"HiG"
"HiG_15"	256894861436588	"TAL1"	318	"HiG"
"HiG_15"	11542792122110798	"DDX5"	168	"HiG"
"HiG_15"	922595589088960	"GATA1"	284	"HiG"
"HiG_15"	0	"CITED4"	455	"HiG"
"HiG_15"	1650581413373424	"CEBPD"	259	"HiG"
"HiG_15"	1470534554121.42	"MEF2C"	368	"HiG"
"HiG_15"	277404236565663744	"MYCN"	20	"HiG"
"HiG_15"	694345086468.074	"SSBP4"	371	"HiG"
"HiG_15"	52676490255383296	"DEK"	87	"HiG"
"HiG_15"	374356157643318	"HELLS"	309	"HiG"
"HiG_15"	40331992714989464	"RUVBL2"	104	"HiG"
"HiG_15"	11908963987081232	"DNAJA1"	166	"HiG"
"HiG_15"	41084647900501504	"ACTG1"	102	"HiG"
"HiG_15"	17184373134074542	"HMGA2"	151	"HiG"
"HiG_15"	71910235159259.1	"ETS2"	341	"HiG"
"HiG_15"	904.441396250778	"CITED2"	394	"HiG"
"HiG_15"	152470715953932064	"HSPA5"	39	"HiG"
"HiG_15"	0	"DNMT3B"	455	"HiG"
"HiG_15"	301602727872987904	"HSP90AA1"	18	"HiG"
"HiG_15"	19837302712897176	"HSPA9"	133	"HiG"
"HiG_15"	36710478207507176	"PKM"	111	"HiG"
"HiG_15"	277.959818571886	"ENO1"	410	"HiG"
"HiG_15"	37928063584115	"ALDOA"	351	"HiG"
"HiG_15"	258921611108222016	"CDH5"	21	"HiG"
"HiG_15"	7456337013336398	"JUP"	193	"HiG"
"HiG_15"	1587056506107109	"SET"	260	"HiG"
"HiG_15"	40152452401065496	"CCT8"	105	"HiG"
"HiG_15"	203410840018452	"ANP32A"	323	"HiG"
"HiG_15"	3754861915662590	"CCND2"	220	"HiG"
"HiG_15"	1075672723907470	"PCGF5"	275	"HiG"
"HiG_15"	379680657763598272	"DDX39B"	12	"HiG"
"HiG_15"	8020451317376561	"ARPC1B"	187	"HiG"
"HiG_15"	14771083636628.1	"CNN3"	357	"HiG"
"HiG_15"	228005018569089088	"AURKA"	25	"HiG"
"HiG_15"	15696084941264298	"NPM1"	158	"HiG"
"HiG_15"	91808147307135648	"EGLN3"	61	"HiG"
"HiG_15"	289523822780.778	"GFI1B"	375	"HiG"
"HiG_15"	44053449015287816	"PFN1"	96	"HiG"
"HiG_15"	28548227881367176	"NCL"	119	"HiG"
"HiG_15"	79156866984116288	"SLC25A5"	68	"HiG"
"HiG_15"	154361328737174208	"DDX21"	38	"HiG"
"HiG_15"	1063197417408786	"B2M"	277	"HiG"
"HiG_15"	1135334932688068	"HOMER3"	272	"HiG"
"HiG_15"	18046115043256288	"CASP3"	145	"HiG"
"HiG_15"	4117706652864612	"MAPK3"	216	"HiG"
"HiG_15"	718952545029032	"CBFA2T3"	291	"HiG"
"HiG_15"	16118133895531692	"RUNX1"	155	"HiG"
"HiG_15"	4743275565296422	"APOE"	211	"HiG"
"HiG_15"	311442766608644864	"UBC"	17	"HiG"
"HiG_15"	47289679295623448	"APEX1"	93	"HiG"
"HiG_15"	23256840622413820	"CALR"	126	"HiG"
"HiG_15"	18489190985474884	"RPL4"	141	"HiG"
"HiG_15"	64218090687481544	"EIF4A1"	76	"HiG"
"HiG_15"	36231786114479256	"RPL7A"	112	"HiG"
"HiG_15"	1334859349231690	"GATA2"	267	"HiG"
"HiG_15"	72353160094.1496	"FLI1"	377	"HiG"
"HiG_15"	440773770511014208	"TOP1"	8	"HiG"
"HiG_15"	16413969569418936	"BZW2"	153	"HiG"
"HiG_15"	95681127167315.2	"CMAS"	339	"HiG"
"HiG_15"	267725592317416	"CNN2"	316	"HiG"
"HiG_15"	3614444564410412	"COL18A1"	222	"HiG"
"HiG_15"	105629988071022	"EHD4"	338	"HiG"
"HiG_15"	174764089219073280	"HDGF"	32	"HiG"
"HiG_15"	82044312597426192	"HSPD1"	65	"HiG"
"HiG_15"	21958001699786560	"MCM5"	128	"HiG"
"HiG_15"	16256371927279106	"PLK1"	154	"HiG"
"HiG_15"	41082874854513536	"CALM1"	103	"HiG"
"HiG_15"	160846580805509536	"GNL3"	37	"HiG"
"HiG_15"	53512767859678224	"MCM3"	86	"HiG"
"HiG_15"	27492483786773000	"GTPBP4"	121	"HiG"
"HiG_15"	914077527113060	"CDT1"	285	"HiG"
"HiG_15"	198567816172155	"CCND3"	327	"HiG"
"HiG_15"	42530838238638568	"TUBA1A"	99	"HiG"
"HiG_15"	953879138478506	"CACYBP"	282	"HiG"
"HiG_15"	0	"CDC34"	455	"HiG"
"HiG_15"	0	"LITAF"	455	"HiG"
"HiG_15"	10277530977542858	"SPI1"	174	"HiG"
"HiG_15"	3839060777584912	"CLU"	218	"HiG"
"HiG_15"	8459682649852423	"CLTA"	184	"HiG"
"HiG_15"	5159001092261649	"KDR"	208	"HiG"
"HiG_15"	861729273263695232	"HNRNPK"	4	"HiG"
"HiG_15"	20402970098896724	"ETFB"	131	"HiG"
"HiG_15"	503523150951088	"TOMM20"	300	"HiG"
"HiG_15"	2774563589699877	"GNAI2"	236	"HiG"
"HiG_15"	0	"SLA2"	455	"HiG"
"HiG_15"	6637782753161439	"MYO1C"	196	"HiG"
"HiG_15"	7887041119447414	"ACOT7"	189	"HiG"
"HiG_15"	81491786151717504	"FBXO6"	67	"HiG"
"HiG_15"	8600949632650901	"CDC20"	182	"HiG"
"HiG_15"	107909410616154	"RAN"	337	"HiG"
"HiG_15"	0	"CYBA"	455	"HiG"
"HiG_15"	246.331074138301	"IGF2"	412	"HiG"
"HiG_15"	0	"CARHSP1"	455	"HiG"
"HiG_15"	0	"DUSP3"	455	"HiG"
"HiG_15"	569282699100.87	"DUSP2"	372	"HiG"
"HiG_15"	1914208022107548	"RTN4"	252	"HiG"
"HiG_15"	0	"LDHA"	455	"HiG"
"HiG_15"	51559197961765744	"CALM2"	88	"HiG"
"HiG_15"	19422308695190600	"BAG2"	134	"HiG"
"HiG_15"	5475787320375812	"HEXA"	205	"HiG"
"HiG_15"	114910225677752	"CSRP1"	336	"HiG"
"HiG_15"	58180090232900632	"CALD1"	79	"HiG"
"HiG_15"	4089463852639338	"MYL12A"	217	"HiG"
"HiG_15"	661835769641734	"PRKAR2B"	294	"HiG"
"HiG_15"	10862241331831950	"VAT1"	171	"HiG"
"HiG_15"	138254936172545	"ERP29"	333	"HiG"
"HiG_15"	6967375975108.97	"EIF4EBP1"	361	"HiG"
"HiG_15"	4854819515561910	"RALB"	210	"HiG"
"HiG_15"	118051057206524	"VAMP8"	335	"HiG"
"HiG_15"	200896429848949	"CYCS"	325	"HiG"
"HiG_15"	9391811148459710	"EIF3E"	178	"HiG"
"HiG_15"	86815617849815328	"RND2"	64	"HiG"
"HiG_15"	1045894882014986	"CYB5A"	278	"HiG"
"HiG_15"	62744261057180112	"C1QBP"	78	"HiG"
"HiG_15"	8848516226344628	"PDLIM7"	180	"HiG"
"HiG_15"	3060169915625728	"ANXA7"	231	"HiG"
"HiG_15"	58029744183388048	"RPS26"	80	"HiG"
"HiG_15"	1205340388506900	"PPP1R15A"	269	"HiG"
"HiG_15"	1711483169723084	"BID"	256	"HiG"
"HiG_15"	35465915780362.8	"EGFL7"	352	"HiG"
"HiG_15"	70049966161398128	"PRDX1"	74	"HiG"
"HiG_15"	2821422712510134	"PA2G4"	235	"HiG"
"HiG_15"	0	"HMBS"	455	"HiG"
"HiG_15"	8468581008162524	"PRKAB1"	183	"HiG"
"HiG_15"	18208747088607868	"ISYNA1"	144	"HiG"
"HiG_15"	1967878595344634	"ANXA5"	251	"HiG"
"HiG_15"	5487437748338452	"IDH3A"	204	"HiG"
"HiG_15"	201300002374571	"DDAH1"	324	"HiG"
"HiG_15"	189511182676110	"ARHGDIB"	328	"HiG"
"HiG_15"	481908818957382	"APRT"	303	"HiG"
"HiG_15"	3110331849194268	"GPX1"	229	"HiG"
"HiG_15"	0	"ATP6V0B"	455	"HiG"
"HiG_15"	36832151978152072	"ANP32B"	109	"HiG"
"HiG_15"	24133659051343256	"DKC1"	125	"HiG"
"HiG_15"	4298949893745118	"CLIC1"	215	"HiG"
"HiG_15"	974429128989675	"COL4A2"	281	"HiG"
"HiG_15"	8666790453577470	"EBNA1BP2"	181	"HiG"
"HiG_15"	3408391415389217	"BRIX1"	225	"HiG"
"HiG_15"	1130227999911354	"ARPC2"	273	"HiG"
"HiG_15"	18929902560275992	"ASNS"	137	"HiG"
"HiG_15"	3334155105455178	"COTL1"	227	"HiG"
"HiG_15"	1730395211764642	"ARPC5"	255	"HiG"
"HiG_15"	56317107910790032	"RAB11A"	81	"HiG"
"HiG_15"	5999631235237.71	"SIVA1"	362	"HiG"
"HiG_15"	0	"CTSL"	455	"HiG"
"HiG_15"	7005757723894807	"HTRA2"	194	"HiG"
"HiG_15"	5870387527394406	"GDI2"	201	"HiG"
"HiG_15"	20855270509772.6	"HSPE1"	355	"HiG"
"HiG_15"	10893822103809090	"PDIA6"	170	"HiG"
"HiG_15"	93215603769666656	"ITM2B"	60	"HiG"
"HiG_15"	40647581671945.6	"ANP32E"	350	"HiG"
"HiG_15"	20145547625871724	"PRDX3"	132	"HiG"
"HiG_15"	5384233098174997	"TXNL1"	207	"HiG"
"HiG_15"	199774028687231	"RPL22L1"	326	"HiG"
"HiG_15"	18732874960558136	"PPID"	138	"HiG"
"HiG_15"	1428232471296576	"RAP1A"	264	"HiG"
"HiG_15"	55515916179450736	"SLC25A3"	82	"HiG"
"HiG_15"	762598455054040	"ARL6IP1"	289	"HiG"
"HiG_15"	0	"RAB27B"	455	"HiG"
"HiG_15"	2018442426899618	"RCN2"	250	"HiG"
"HiG_15"	22998646421532928	"LMO2"	127	"HiG"
"HiG_15"	290694506039556	"JUNB"	313	"HiG"
"HiG_15"	18399549745279336	"FKBP4"	143	"HiG"
"HiG_15"	399190758928.611	"CNRIP1"	373	"HiG"
"HiG_15"	654.410107880513	"DGKZ"	402	"HiG"
"HiG_15"	1355017934908117	"MAT2A"	266	"HiG"
"HiG_15"	1874784473314975	"LAT"	253	"HiG"
"HiG_15"	663888570905684	"S100A10"	293	"HiG"
"HiG_15"	13870238424167.5	"TOM1L1"	358	"HiG"
"HiG_15"	14008277376893486	"UBASH3B"	163	"HiG"
"HiG_15"	0	"TIMM8A1"	455	"HiG"
"HiG_15"	69516099355271.8	"TIMM8B"	342	"HiG"
"HiG_15"	3624895146328597	"DUT"	221	"HiG"
"HiG_15"	90532947280103728	"OLA1"	62	"HiG"
"HiG_15"	11876389764644.1	"CRIP2"	359	"HiG"
"HiG_15"	109390031283735888	"GNB2"	51	"HiG"
"HiG_15"	78764191811418944	"CLNS1A"	69	"HiG"
"HiG_15"	2077986095923080	"DCTPP1"	248	"HiG"
"HiG_15"	2530598290174412	"EIF4A3"	242	"HiG"
"HiG_15"	2594534729296684	"EHD1"	239	"HiG"
"HiG_15"	1499232132231032	"ECI1"	262	"HiG"
"HiG_15"	816949456300034	"DDAH2"	288	"HiG"
"HiG_15"	7677979705842181	"BIRC5"	190	"HiG"
"HiG_15"	0	"SKAP1"	455	"HiG"
"HiG_15"	4206352317658.97	"KLHL6"	364	"HiG"
"HiG_15"	43141554819340272	"PHGDH"	97	"HiG"
"HiG_15"	250571899564806368	"FBL"	22	"HiG"
"HiG_15"	107727238057607168	"PAICS"	52	"HiG"
"HiG_15"	17750286624869906	"RAB5C"	147	"HiG"
"HiG_15"	11599400305047538	"NDUFS7"	167	"HiG"
"HiG_15"	2553240198757380	"CDC42EP1"	240	"HiG"
"HiG_15"	2904566878785946	"SNX2"	233	"HiG"
"HiG_15"	1430.616460285	"GMFG"	384	"HiG"
"HiG_15"	0	"PLVAP"	455	"HiG"
"HiG_15"	107125377442055632	"TUBB4B"	54	"HiG"
"HiG_15"	15063891111898870	"SLC25A4"	159	"HiG"
"HiG_15"	0	"HOXB2"	455	"HiG"
"HiG_15"	14849928442835924	"FSCN1"	160	"HiG"
"HiG_15"	107409387463475872	"MYL6"	53	"HiG"
"HiG_15"	26037469962821828	"PGK1"	122	"HiG"
"HiG_15"	3362107639689958	"CFL2"	226	"HiG"
"HiG_15"	659091381103988	"MPC2"	295	"HiG"
"HiG_15"	3835722090815528	"PPP1R18"	219	"HiG"
"HiG_15"	917.756633374884	"RPLP1"	392	"HiG"
"HiG_15"	498011246154342	"PTPRE"	301	"HiG"
"HiG_15"	0	"FKBP1A"	455	"HiG"
"HiG_15"	0	"PRDX6"	455	"HiG"
"HiG_15"	212181250919174176	"FN1"	29	"HiG"
"HiG_15"	569.779387156576	"HMGB1"	406	"HiG"
"HiG_15"	29223212007830644	"MCM7"	117	"HiG"
"HiG_15"	710143655920353	"PTMA"	292	"HiG"
"HiG_15"	364137333395528960	"RPA2"	13	"HiG"
"HiG_15"	0	"SLC2A3"	455	"HiG"
"HiG_15"	948247969361876	"EIF5A"	283	"HiG"
"HiG_15"	11352542183206030	"NOP58"	169	"HiG"
"HiG_15"	17315375786966426	"RSL1D1"	149	"HiG"
"HiG_15"	464311822032889216	"SERBP1"	7	"HiG"
"HiG_15"	30752231394859988	"SFXN1"	116	"HiG"
"HiG_15"	37372044581778976	"PPM1G"	108	"HiG"
"HiG_15"	615831798306044	"DYNLL2"	296	"HiG"
"HiG_15"	2290463108735718	"ESAM"	244	"HiG"
"HiG_15"	54019792690067808	"ITGA2B"	85	"HiG"
"HiG_15"	488.046218148797	"CREG1"	408	"HiG"
"HiG_15"	140816899708899936	"IMPDH2"	41	"HiG"
"HiG_15"	842970817237844	"IPO11"	286	"HiG"
"HiG_15"	123.12522807043	"CARNMT1"	413	"HiG"
"HiG_15"	1093901558862454	"CHCHD4"	274	"HiG"
"HiG_15"	1562.5845399269	"CRLF3"	383	"HiG"
"HiG_15"	542.580517230111	"CTSZ"	407	"HiG"
"HiG_15"	50387170558944944	"EIF3M"	89	"HiG"
"HiG_15"	1215058199252067	"FERMT3"	268	"HiG"
"HiG_15"	42343434283180	"GLRX5"	348	"HiG"
"HiG_15"	0	"GNG11"	455	"HiG"
"HiG_15"	24380389997537.1	"HMGB3"	354	"HiG"
"HiG_15"	124040710534512432	"LGALS1"	44	"HiG"
"HiG_15"	15783104306657762	"MRPL12"	157	"HiG"
"HiG_15"	311687873633233	"MRPL15"	312	"HiG"
"HiG_15"	3248239405485884	"NDUFA8"	228	"HiG"
"HiG_15"	1706003752422764	"ENDOG"	257	"HiG"
"HiG_15"	531286810635913	"FTH1"	298	"HiG"
"HiG_15"	0	"PPP1R14B"	455	"HiG"
"HiG_15"	179357150816465	"PRCP"	330	"HiG"
"HiG_15"	16095810198107698	"PSMB10"	156	"HiG"
"HiG_15"	219036979731622976	"RAP1B"	28	"HiG"
"HiG_15"	169876624237245824	"RPS12"	33	"HiG"
"HiG_15"	12164281223660488	"SNX3"	165	"HiG"
"HiG_15"	1026212852175132	"SNX5"	279	"HiG"
"HiG_15"	228865968223344800	"MTDH"	24	"HiG"
"HiG_15"	44043910195881.5	"ATOX1"	347	"HiG"
"HiG_15"	105205748507487152	"TUBA1C"	55	"HiG"
"HiG_15"	17815899409907224	"GSTO1"	146	"HiG"
"HiG_15"	2257726298636168	"SDHD"	245	"HiG"
"HiG_15"	121397896755936624	"SSB"	47	"HiG"
"HiG_15"	63182361149505544	"WDR77"	77	"HiG"
"HiG_15"	0	"CST3"	455	"HiG"
"HiG_15"	425101863211364736	"GADD45GIP1"	9	"HiG"
"HiG_15"	45419463944098.1	"GCLM"	346	"HiG"
"HiG_15"	1417779281310877	"MTAP"	265	"HiG"
"HiG_15"	1316032789834.82	"MYDGF"	370	"HiG"
"HiG_15"	0	"NPL"	455	"HiG"
"HiG_15"	50143349043217984	"NSUN2"	90	"HiG"
"HiG_15"	52183785250242.9	"OSTF1"	344	"HiG"
"HiG_15"	696.430798777343	"PPP1R2"	401	"HiG"
"HiG_15"	47689112213075664	"MARCKS"	92	"HiG"
"HiG_15"	1352930467729.89	"NRGN"	369	"HiG"
"HiG_15"	4304475168759.33	"PRPS1"	363	"HiG"
"HiG_15"	18701651992791744	"PSAT1"	139	"HiG"
"HiG_15"	3063054832395014	"SPARC"	230	"HiG"
"HiG_15"	41857112814597.1	"TIMM10"	349	"HiG"
"HiG_15"	33374843281503008	"TPM4"	114	"HiG"
"HiG_15"	149371314564046	"TXNDC12"	331	"HiG"
"HiG_15"	0	"PPIC"	455	"HiG"
"HiG_15"	119391092226144336	"OAT"	48	"HiG"
"HiG_15"	75313369103165472	"STMN1"	72	"HiG"
"HiG_15"	223882121182084448	"TLN1"	27	"HiG"
"HiG_15"	2060400621948492	"PDLIM1"	249	"HiG"
"HiG_15"	1150482357483934336	"YWHAQ"	2	"HiG"
"HiG_15"	1168656522983337	"ABI3"	270	"HiG"
"HiG_15"	0	"BAMBI"	455	"HiG"
"HiG_15"	1550597401913999	"BCAS2"	261	"HiG"
"HiG_15"	610.828083272279	"CDCA7"	404	"HiG"
"HiG_15"	2152770300972191	"IMP3"	247	"HiG"
"HiG_15"	50924624974146.7	"LMAN2"	345	"HiG"
"HiG_15"	3626577355152.38	"MRPL34"	365	"HiG"
"HiG_15"	7578510512188423	"MRPS26"	191	"HiG"
"HiG_15"	41692511467457168	"MRTO4"	101	"HiG"
"HiG_15"	188519980127556	"NOL7"	329	"HiG"
"HiG_15"	909.754307626746	"PTGS1"	393	"HiG"
"HiG_15"	32220707496094248	"PTPN6"	115	"HiG"
"HiG_15"	55107178494717200	"NOLC1"	83	"HiG"
"HiG_15"	5060860812433618	"RALBP1"	209	"HiG"
"HiG_15"	3579129727054358	"ARL6IP5"	223	"HiG"
"HiG_15"	286230663351735	"WBP2"	314	"HiG"
"HiG_15"	42584052877824576	"TMSB4X"	98	"HiG"
"HiG_15"	100421601627913808	"MCM6"	58	"HiG"
"HiG_15"	104203398427610048	"LYAR"	56	"HiG"
"HiG_15"	120971496477550	"RBMS1"	334	"HiG"
"HiG_15"	20669951997985016	"TUBB6"	130	"HiG"
"HiG_15"	0	"RBM38"	455	"HiG"
"HiG_15"	6539439962482638	"MTCH1"	197	"HiG"
"HiG_15"	6505926057040027	"GPX4"	198	"HiG"
"HiG_15"	1017.35577519659	"HAPLN1"	390	"HiG"
"HiG_15"	0	"BST2"	455	"HiG"
"HiG_15"	0	"CMTM7"	455	"HiG"
"HiG_15"	716.173388958739	"SMTNL2"	400	"HiG"
"HiG_15"	832299053662320	"KLK8"	287	"HiG"
"HiG_15"	0	"ORAI1"	455	"HiG"
"HiG_15"	87685681649481920	"EIF1B"	63	"HiG"
"HiG_15"	14288502129906616	"SRSF9"	161	"HiG"
"HiG_15"	46987317723262264	"CD9"	94	"HiG"
"HiG_15"	122040268410158080	"RABAC1"	46	"HiG"
"HiG_15"	262288963713351	"CDV3"	317	"HiG"
"HiG_15"	5837543505391915	"MPZL1"	202	"HiG"
"HiG_15"	2792135150033.59	"INPP5B"	366	"HiG"
"HiG_15"	0	"PLEK"	455	"HiG"
"HiG_15"	18505178538263376	"RP9"	140	"HiG"
"HiG_15"	435426268668843	"MARCKSL1"	307	"HiG"
"HiG_15"	0	"LIMD2"	455	"HiG"
"HiG_15"	2687741874995130	"RRM2"	237	"HiG"
"HiG_15"	81959667210065952	"RIPK3"	66	"HiG"
"HiG_15"	602151515405718	"SLC16A3"	297	"HiG"
"HiG_15"	2230216576088500	"SLC29A1"	246	"HiG"
"HiG_15"	301210272122074816	"SH3GLB1"	19	"HiG"
"HiG_15"	348.781469069632	"SAMSN1"	409	"HiG"
"HiG_15"	149268978777711456	"NIP7"	40	"HiG"
"HiG_15"	384978555177904	"SSR2"	308	"HiG"
"HiG_15"	138086053400832768	"ATP13A2"	42	"HiG"
"HiG_15"	517146406748796	"ELOVL1"	299	"HiG"
"HiG_15"	9701806948335.9	"SIPA1"	360	"HiG"
"HiG_15"	163162470759051424	"RHOJ"	35	"HiG"
"HiG_15"	2664947601822116	"MRPS6"	238	"HiG"
"HiG_15"	0	"MALAT1"	455	"HiG"
"HiG_15"	4679101086652795	"PDCD5"	212	"HiG"
"HiG_15"	5410336567136279	"TACC1"	206	"HiG"
"HiG_15"	0	"GSTA4"	455	"HiG"
"HiG_15"	109523874899986080	"SOD2"	50	"HiG"
"HiG_15"	388084052114333952	"TKT"	11	"HiG"
"HiG_15"	7560228974584316	"GALK1"	192	"HiG"
"HiG_15"	54595062387996736	"RRS1"	84	"HiG"
"HiG_15"	0	"TSPAN32"	455	"HiG"
"HiG_15"	83877674639929.7	"PTPN7"	340	"HiG"
"HiG_15"	1350.81160290945	"MRPL36"	386	"HiG"
"HiG_15"	226301798231566720	"SERPINH1"	26	"HiG"
"HiG_15"	0	"ALOX5AP"	455	"HiG"
"HiG_15"	1161.66521035523	"FAM107B"	387	"HiG"
"HiG_15"	1458106928084203	"ICAM2"	263	"HiG"
"HiG_15"	901.03440677636	"CMTM3"	395	"HiG"
"HiG_15"	35428721071562024	"PECAM1"	113	"HiG"
"HiG_15"	0	"DEF6"	455	"HiG"
"HiG_15"	0	"BEX1"	455	"HiG"
"HiG_15"	786.315167962516	"FTL1"	398	"HiG"
"HiG_15"	133973917920895568	"RANGRF"	43	"HiG"
"HiG_15"	729.978017499335	"PHLDA1"	399	"HiG"
"HiG_15"	447166504714565	"CLDN5"	305	"HiG"
"HiG_15"	2556.91186763016	"ODC1"	380	"HiG"
"HiG_15"	7968631201549435	"GADD45G"	188	"HiG"
"HiG_15"	10625464271482738	"NOP10"	173	"HiG"
"HiG_15"	613328827510466816	"RHOC"	5	"HiG"
"HiG_15"	249025372179780576	"TAGLN2"	23	"HiG"
"HiG_15"	1670943805356114	"TSPAN14"	258	"HiG"
"HiG_15"	1500084888946825728	"UBE2M"	1	"HiG"
"HiG_15"	38533197751638848	"VASP"	107	"HiG"
"HiG_15"	0	"N4BP3"	455	"HiG"
"HiG_15"	0	"B9D2"	455	"HiG"
"HiG_15"	10202944627774430	"ADGRG1"	175	"HiG"
"HiG_15"	1091964582216742144	"VIM"	3	"HiG"
"HiG_15"	0	"GRAP"	455	"HiG"
"HiG_15"	0	"IL11RA1"	455	"HiG"
"HiG_15"	2449.74050664061	"POP5"	381	"HiG"
"HiG_15"	0	"RASGRP2"	455	"HiG"
"HiG_15"	122438101052907488	"PPAN"	45	"HiG"
"HiG_15"	363265419920339968	"NHP2"	14	"HiG"
"HiG_15"	0	"RNF141"	455	"HiG"
"HiG_15"	18457463769394756	"NDUFAF4"	142	"HiG"
"HiG_15"	4414327216936898	"GCSH"	213	"HiG"
"HiG_15"	14194891036122048	"MRPS24"	162	"HiG"
"HiG_15"	0	"PRODH"	455	"HiG"
"HiG_15"	169521216989730496	"WDR12"	34	"HiG"
"HiG_15"	68559003562865.2	"SLBP"	343	"HiG"
"HiG_15"	4375636106618316	"TIPIN"	214	"HiG"
"HiG_15"	1921248792185.13	"LYL1"	367	"HiG"
"HiG_15"	10031342991167582	"RBPMS"	176	"HiG"
"HiG_15"	3483925743499808	"EMILIN1"	224	"HiG"
"HiG_15"	40088354801095600	"PTP4A3"	106	"HiG"
"HiG_15"	0	"AFAP1L1"	455	"HiG"
"HiG_15"	0	"LXN"	455	"HiG"
"HiG_15"	225401418616808	"MEST"	320	"HiG"
"HiG_15"	336319022301299264	"TGFB1"	16	"HiG"
"HiG_15"	1026.79797294984	"TSEN34"	389	"HiG"
"HiG_15"	0	"RAMP2"	455	"HiG"
"HiG_15"	0	"IGF1"	455	"HiG"
"HiG_15"	797.612659127756	"CIB1"	397	"HiG"
"HiG_15"	627.32421273284	"TAX1BP3"	403	"HiG"
"HiG_15"	0	"SPTSSA"	455	"HiG"
"HiG_15"	214867769109238	"RGL2"	321	"HiG"
"HiG_15"	36747952991626560	"TK1"	110	"HiG"
"HiG_15"	17395553572356086	"F2R"	148	"HiG"
"HiG_15"	0	"GYPC"	455	"HiG"
"HiG_15"	10798984550515548	"PODXL"	172	"HiG"
"HiG_15"	0	"CD34"	455	"HiG"
"HiG_15"	0	"GAS6"	455	"HiG"
"HiG_15"	0	"TFPI"	455	"HiG"
"HiG_15"	866.221094545924	"GNGT2"	396	"HiG"
"HiG_15"	21625177633429872	"TIMM17A"	129	"HiG"
"HiG_15"	0	"IFRD2"	455	"HiG"
"HiG_15"	17231379268812870	"XBP1"	150	"HiG"
"HiG_15"	0	"ETV2"	455	"HiG"
"HiG_15"	77168930129029776	"NT5DC2"	71	"HiG"
"HiG_15"	0	"IER2"	455	"HiG"
"HiG_15"	343704175508048064	"NPM3"	15	"HiG"
"HiG_15"	64953618418406816	"UBE2C"	75	"HiG"
"HiG_15"	1014233398099157	"SRM"	280	"HiG"
"HiG_15"	0	"PGP"	455	"HiG"
"HiG_15"	0	"ECSCR"	455	"HiG"
"HiG_15"	41905836757426200	"TMEM9"	100	"HiG"
"HiG_15"	24167418767105420	"TMSB10"	124	"HiG"
"HiG_15"	0	"SH3BGRL3"	455	"HiG"
"HiG_15"	2481051677803768	"COMTD1"	243	"HiG"
"HiG_15"	0	"SNRNP25"	455	"HiG"
"HiG_15"	455196023288547	"FGF3"	304	"HiG"
"HiG_15"	0	"GALNT1"	455	"HiG"
"HiG_15"	271688336838725	"GPSM3"	315	"HiG"
"HiG_15"	45699875542284392	"NECTIN2"	95	"HiG"
"HiG_15"	207756698504904	"TMBIM6"	322	"HiG"
"HiG_15"	0	"DPH3"	455	"HiG"
"HiG_15"	2850144198015690	"IGFBP4"	234	"HiG"
"HiG_15"	16441571794924622	"SMS"	152	"HiG"
"HiG_15"	0	"FRAT2"	455	"HiG"
"HiG_15"	0	"ITM2A"	455	"HiG"
"HiG_15"	589.987107579804	"EVA1B"	405	"HiG"
"HiG_15"	0	"MANF"	455	"HiG"
"HiG_15"	0	"GJA4"	455	"HiG"
"HiG_15"	0	"SELENOK"	455	"HiG"
"HiG_15"	1108.1715201121	"SEC11C"	388	"HiG"
"HiG_15"	0	"OAF"	455	"HiG"
"HiG_15"	78627218563855664	"MRPL57"	70	"HiG"
"HiG_15"	26283494768467.9	"RSPO3"	353	"HiG"
"HiG_15"	191889193792753792	"SCARB1"	31	"HiG"
"HiG_15"	5971754125864191	"RASIP1"	200	"HiG"
"HiG_15"	228372009451631	"YIF1B"	319	"HiG"
"HiG_15"	0	"SMAGP"	455	"HiG"
"HiG_15"	408247840505116736	"YBX3"	10	"HiG"
"HiG_15"	441827161314215	"PTPN18"	306	"HiG"
"HiG_15"	2973222078221482	"APLNR"	232	"HiG"
"HiG_15"	2776.33869792511	"SYNGR2"	379	"HiG"
"HiG_15"	1979.60773878959	"GIMAP1"	382	"HiG"
"HiG_15"	28712152980473704	"TMEM97"	118	"HiG"
"HiG_15"	0	"CMTM8"	455	"HiG"
"HiG_15"	0	"SMIM3"	455	"HiG"
"HiG_15"	0	"F2RL3"	455	"HiG"
"HiG_15"	140907183001982	"OIT3"	332	"HiG"
"HiG_15"	19119789359192320	"VAMP5"	135	"HiG"
"HiG_15"	1730626375398779	"TIE1"	254	"HiG"
"HiG_15"	0	"NINJ1"	455	"HiG"
"HiG_15"	1158590321950035	"TMEM14C"	271	"HiG"
"HiG_15"	0	"SMIM1"	455	"HiG"
"HiG_15"	5704549103690278	"TSPAN4"	203	"HiG"
"HiG_15"	9364938292455238	"TMEM59"	179	"HiG"
"HiG_15"	8418796226753857	"TPST2"	185	"HiG"
"HiG_15"	0	"UBALD2"	455	"HiG"
"HiG_15"	2847.0598254698	"SELENOH"	378	"HiG"
"HiG_15"	0	"MFNG"	455	"HiG"
"HiG_15"	1364.84157297284	"TSPAN18"	385	"HiG"
"HiG_15"	371067224744500	"RGS10"	310	"HiG"
"HiG_15"	0	"TMEM158"	455	"HiG"
"HiG_15"	0	"ORAI3"	455	"HiG"
"HiG_15"	264.054605185511	"ZFPM1"	411	"HiG"
"HiG_15"	523625735555909824	"ZYX"	6	"HiG"
"HiG_15"	0	"IFITM2"	455	"HiG"
"HiG_15"	0	"NUDT4"	455	"HiG"
"HiG_15"	0	"GIMAP5"	455	"HiG"
"HiG_16"	42855452072269616	"ACTB"	113	"HiG"
"HiG_16"	467459851646776	"PBX1"	378	"HiG"
"HiG_16"	66098076623306344	"MAGED1"	77	"HiG"
"HiG_16"	149307976069451520	"HDAC1"	29	"HiG"
"HiG_16"	114726929243683216	"JUN"	46	"HiG"
"HiG_16"	2982632481675.13	"TEAD2"	462	"HiG"
"HiG_16"	56585140402106552	"TEAD1"	89	"HiG"
"HiG_16"	19448108336685496	"RDX"	175	"HiG"
"HiG_16"	48153746370725264	"EZR"	102	"HiG"
"HiG_16"	6256839261454006	"NRP1"	259	"HiG"
"HiG_16"	11702147664863.1	"ID3"	451	"HiG"
"HiG_16"	39627649718064480	"HRAS"	117	"HiG"
"HiG_16"	88281824973801776	"APP"	60	"HiG"
"HiG_16"	8436128598117654	"CCND1"	235	"HiG"
"HiG_16"	116471117193285856	"CD81"	44	"HiG"
"HiG_16"	30692373233497060	"CCT4"	139	"HiG"
"HiG_16"	24060792028033912	"STX7"	160	"HiG"
"HiG_16"	563253829353464	"ARL3"	372	"HiG"
"HiG_16"	260007935112060	"CD151"	395	"HiG"
"HiG_16"	7933521816123744	"HSPA8"	237	"HiG"
"HiG_16"	1571952791956319	"CCNB1"	339	"HiG"
"HiG_16"	5622464861105260	"PABPC1"	272	"HiG"
"HiG_16"	29172464210305764	"DDX5"	148	"HiG"
"HiG_16"	51916079658685408	"RBBP7"	95	"HiG"
"HiG_16"	26055517965677252	"CREB3L1"	155	"HiG"
"HiG_16"	350776003223586112	"FHL2"	15	"HiG"
"HiG_16"	0	"GATA6"	565	"HiG"
"HiG_16"	6506524498414.44	"HOXB8"	457	"HiG"
"HiG_16"	9995978357527.33	"HAND1"	452	"HiG"
"HiG_16"	0	"HOXB4"	565	"HiG"
"HiG_16"	70992753521631	"HOXB5"	428	"HiG"
"HiG_16"	6507983768043.26	"HOXB6"	456	"HiG"
"HiG_16"	3044013463479976	"ID2"	310	"HiG"
"HiG_16"	2364046170401553	"LMO4"	318	"HiG"
"HiG_16"	1290706117688226	"MEIS2"	347	"HiG"
"HiG_16"	2277046887002.56	"MSX1"	466	"HiG"
"HiG_16"	318090329728873344	"MSX2"	18	"HiG"
"HiG_16"	34309557439769140	"NFKBIA"	129	"HiG"
"HiG_16"	1935768783131.98	"TGFB1I1"	468	"HiG"
"HiG_16"	5353676402082020	"DEK"	278	"HiG"
"HiG_16"	538635435082916	"ARID3B"	374	"HiG"
"HiG_16"	0	"PEG10"	565	"HiG"
"HiG_16"	355628476099004	"AMOTL2"	389	"HiG"
"HiG_16"	25930504204158744	"DNAJA1"	156	"HiG"
"HiG_16"	6843105441790011	"P4HA1"	252	"HiG"
"HiG_16"	61903402556921688	"NONO"	80	"HiG"
"HiG_16"	29918458329719724	"ACTG1"	140	"HiG"
"HiG_16"	51722216277264416	"HMGA2"	96	"HiG"
"HiG_16"	49352483049047736	"RYK"	100	"HiG"
"HiG_16"	0	"CITED2"	565	"HiG"
"HiG_16"	677262314018058	"CCNA2"	367	"HiG"
"HiG_16"	10920786627450732	"LRRFIP1"	216	"HiG"
"HiG_16"	105243529325784240	"HSPA5"	51	"HiG"
"HiG_16"	54218071482440208	"CBX1"	91	"HiG"
"HiG_16"	53100842171058728	"ACTN1"	92	"HiG"
"HiG_16"	61404008250322544	"PKM"	82	"HiG"
"HiG_16"	1093.94239471573	"ENO1"	495	"HiG"
"HiG_16"	17419203616580488	"CTNNA1"	188	"HiG"
"HiG_16"	3676406162458220	"SET"	300	"HiG"
"HiG_16"	33677953076939436	"CCT8"	131	"HiG"
"HiG_16"	4993090323565072	"CCND2"	283	"HiG"
"HiG_16"	6708294511545538	"PALLD"	256	"HiG"
"HiG_16"	16557496540239.5	"PCGF5"	448	"HiG"
"HiG_16"	875.209595045762	"HAND2"	502	"HiG"
"HiG_16"	358496271385900	"GRB10"	387	"HiG"
"HiG_16"	115723946264831040	"DDX39B"	45	"HiG"
"HiG_16"	123654586475387504	"HSP90B1"	41	"HiG"
"HiG_16"	0	"ANXA3"	565	"HiG"
"HiG_16"	4418714910573250	"CNN3"	291	"HiG"
"HiG_16"	167979033950216608	"NEDD4"	27	"HiG"
"HiG_16"	18586900279046608	"PFN1"	181	"HiG"
"HiG_16"	34973772724189064	"NCL"	128	"HiG"
"HiG_16"	23628924013572060	"ACTC1"	162	"HiG"
"HiG_16"	414003929234233728	"YWHAE"	12	"HiG"
"HiG_16"	46644477893795488	"FLNA"	106	"HiG"
"HiG_16"	17325996716805624	"DBN1"	190	"HiG"
"HiG_16"	179199006963402	"ASB4"	403	"HiG"
"HiG_16"	5159031653987832	"ANXA6"	280	"HiG"
"HiG_16"	4104159782785566	"PITX1"	295	"HiG"
"HiG_16"	64455733429640872	"MAPK3"	79	"HiG"
"HiG_16"	1436892571568656	"CRYAB"	342	"HiG"
"HiG_16"	143714286025519296	"FGFR1"	31	"HiG"
"HiG_16"	17652944948221724	"HMGB2"	186	"HiG"
"HiG_16"	896840172589261	"SMAD7"	358	"HiG"
"HiG_16"	11878983444214408	"APOE"	209	"HiG"
"HiG_16"	262713215849816224	"UBC"	21	"HiG"
"HiG_16"	39561498011606488	"CALR"	118	"HiG"
"HiG_16"	35690408469218900	"EIF4A1"	123	"HiG"
"HiG_16"	51414210285579024	"GJA1"	98	"HiG"
"HiG_16"	35492204205315752	"AHNAK"	124	"HiG"
"HiG_16"	93294160593903360	"ANXA2"	58	"HiG"
"HiG_16"	6787862636010638	"ATXN10"	255	"HiG"
"HiG_16"	2348175593068304	"CNN2"	320	"HiG"
"HiG_16"	4915890971956597	"COL18A1"	286	"HiG"
"HiG_16"	3257780804767540	"GNB1"	305	"HiG"
"HiG_16"	83465505244133088	"HSPD1"	65	"HiG"
"HiG_16"	447094690226837056	"ILK"	9	"HiG"
"HiG_16"	6670898873726038	"LAMB1"	258	"HiG"
"HiG_16"	18522735231008.5	"NID2"	446	"HiG"
"HiG_16"	229506869471676672	"CALM1"	22	"HiG"
"HiG_16"	101183179254454160	"BCAR1"	52	"HiG"
"HiG_16"	75938414441763856	"MAP1LC3A"	70	"HiG"
"HiG_16"	5655191927502116	"CCND3"	271	"HiG"
"HiG_16"	164265777035081	"PTOV1"	404	"HiG"
"HiG_16"	98568404762288304	"TUBA1A"	53	"HiG"
"HiG_16"	4341043095550363	"KRT8"	293	"HiG"
"HiG_16"	7952597774272148	"TUBB2A"	236	"HiG"
"HiG_16"	2024.71869336118	"DYNLL1"	486	"HiG"
"HiG_16"	19355517903460916	"GNG12"	177	"HiG"
"HiG_16"	1638911460116229	"CLTA"	336	"HiG"
"HiG_16"	274011421561439008	"ITGB1"	19	"HiG"
"HiG_16"	20981514255125588	"FERMT2"	168	"HiG"
"HiG_16"	35117323794658808	"NDN"	126	"HiG"
"HiG_16"	61425493480493856	"ITGB5"	81	"HiG"
"HiG_16"	2459883160468395	"MYL9"	315	"HiG"
"HiG_16"	2150933036433012	"EFNB1"	324	"HiG"
"HiG_16"	132531531860331488	"HNRNPK"	38	"HiG"
"HiG_16"	106417259833090272	"PRNP"	50	"HiG"
"HiG_16"	31649041575376596	"P4HB"	136	"HiG"
"HiG_16"	4747638602441222	"APBB1"	287	"HiG"
"HiG_16"	198547675874269	"CNPY2"	399	"HiG"
"HiG_16"	29378559183699392	"LMNB1"	147	"HiG"
"HiG_16"	198103685613045	"BNIP3"	400	"HiG"
"HiG_16"	13643494699713322	"GNAI2"	202	"HiG"
"HiG_16"	2372577127773437	"GNAS"	317	"HiG"
"HiG_16"	23087705446713620	"COL1A1"	164	"HiG"
"HiG_16"	0	"BMP2"	565	"HiG"
"HiG_16"	4384374782819839	"BMP4"	292	"HiG"
"HiG_16"	498400540795.33	"RARG"	473	"HiG"
"HiG_16"	987.893361339993	"PAFAH1B3"	499	"HiG"
"HiG_16"	126459125126954	"CYBA"	410	"HiG"
"HiG_16"	7920099371093893	"ACTA2"	238	"HiG"
"HiG_16"	742914129571671	"IGF2"	365	"HiG"
"HiG_16"	5934259737056165	"ATP2B1"	264	"HiG"
"HiG_16"	5710303707552876	"DAB2"	269	"HiG"
"HiG_16"	555523264185215	"CAPN2"	373	"HiG"
"HiG_16"	2603892149811341312	"RTN4"	3	"HiG"
"HiG_16"	49235740580167104	"MAPKAPK2"	101	"HiG"
"HiG_16"	818.189422704469	"BEX3"	505	"HiG"
"HiG_16"	95240082934057792	"CALM2"	56	"HiG"
"HiG_16"	69264599928761816	"MYH10"	74	"HiG"
"HiG_16"	9113888841104262	"MYL12B"	226	"HiG"
"HiG_16"	11564218710654346	"IGF2R"	212	"HiG"
"HiG_16"	69783495717463.2	"CSRP1"	429	"HiG"
"HiG_16"	4990288041939839	"FABP5"	284	"HiG"
"HiG_16"	8499142534797009	"CALD1"	234	"HiG"
"HiG_16"	8815123323216539	"EFHD2"	230	"HiG"
"HiG_16"	32787762671898328	"IMPDH1"	133	"HiG"
"HiG_16"	5764506753274464	"MYL12A"	268	"HiG"
"HiG_16"	29859039050591576	"SPTBN1"	142	"HiG"
"HiG_16"	6192595747053196	"VAT1"	260	"HiG"
"HiG_16"	576500532758460288	"YWHAH"	6	"HiG"
"HiG_16"	31284440299385976	"DNAJB11"	137	"HiG"
"HiG_16"	7332827166697748	"ERP29"	243	"HiG"
"HiG_16"	5417954342382.55	"EIF4EBP1"	459	"HiG"
"HiG_16"	125380269042859	"RALB"	412	"HiG"
"HiG_16"	20792553015820664	"RAB6A"	169	"HiG"
"HiG_16"	57620554323127.4	"FEZ2"	434	"HiG"
"HiG_16"	1219912791478558	"FBLN1"	349	"HiG"
"HiG_16"	120674930431049	"GNG2"	414	"HiG"
"HiG_16"	133506479718636	"CDKN1C"	409	"HiG"
"HiG_16"	61117985908263.6	"PRMT2"	431	"HiG"
"HiG_16"	1335534701134559	"SDC1"	345	"HiG"
"HiG_16"	1211964291212709	"CYB5A"	350	"HiG"
"HiG_16"	353.377752180832	"GAS1"	517	"HiG"
"HiG_16"	7326228613036232	"ARHGAP1"	244	"HiG"
"HiG_16"	10206571024119834	"PDLIM7"	221	"HiG"
"HiG_16"	2060794264020058	"ANXA7"	327	"HiG"
"HiG_16"	7221064239260588	"RPS26"	247	"HiG"
"HiG_16"	18192745337491212	"EGFL7"	183	"HiG"
"HiG_16"	4731833236452444	"SEC61A1"	288	"HiG"
"HiG_16"	28767840299119196	"PRDX1"	150	"HiG"
"HiG_16"	373264689372364	"RNF128"	385	"HiG"
"HiG_16"	3133214870819494	"DERL2"	307	"HiG"
"HiG_16"	96204399296853584	"ANXA5"	55	"HiG"
"HiG_16"	810843273422.129	"APRT"	472	"HiG"
"HiG_16"	2577812653074934	"GPX1"	314	"HiG"
"HiG_16"	5850456854530368	"COL1A2"	266	"HiG"
"HiG_16"	5872653245114769	"RER1"	265	"HiG"
"HiG_16"	13397589059490.6	"FHL1"	450	"HiG"
"HiG_16"	1394486690898698	"CSRP2"	343	"HiG"
"HiG_16"	70899535703779952	"DSTN"	73	"HiG"
"HiG_16"	9106068381913944	"CLIC1"	227	"HiG"
"HiG_16"	2003479496029103	"ARF4"	328	"HiG"
"HiG_16"	1293736391733714	"EBNA1BP2"	346	"HiG"
"HiG_16"	22368157239213.9	"CGNL1"	441	"HiG"
"HiG_16"	74940417140116624	"ARPC2"	71	"HiG"
"HiG_16"	51702144865520528	"CKAP4"	97	"HiG"
"HiG_16"	17695274591682248	"CAPNS1"	185	"HiG"
"HiG_16"	118868794207009376	"ARPC5"	42	"HiG"
"HiG_16"	3636620253554.36	"RBP1"	460	"HiG"
"HiG_16"	873.145661439201	"CTSL"	503	"HiG"
"HiG_16"	15766828960505254	"HTRA2"	197	"HiG"
"HiG_16"	6231398702878.94	"KALRN"	458	"HiG"
"HiG_16"	4675343750543146	"GDI2"	290	"HiG"
"HiG_16"	82099082262030336	"PDIA3"	67	"HiG"
"HiG_16"	7442872433958411	"ARF5"	241	"HiG"
"HiG_16"	6829052661556167	"PDIA6"	253	"HiG"
"HiG_16"	108291919856645392	"ITM2B"	48	"HiG"
"HiG_16"	764367955382725	"RBFOX2"	364	"HiG"
"HiG_16"	1195404681445159	"LAPTM4A"	351	"HiG"
"HiG_16"	150313834034759	"PLK2"	406	"HiG"
"HiG_16"	142820352013061280	"PPP1CB"	32	"HiG"
"HiG_16"	10293572392285682	"TXNL1"	219	"HiG"
"HiG_16"	14189851413530008	"RAP1A"	200	"HiG"
"HiG_16"	516709444464434	"ARL6IP1"	375	"HiG"
"HiG_16"	34620803979347.3	"CNIH4"	436	"HiG"
"HiG_16"	2361183855019654	"TSC22D1"	319	"HiG"
"HiG_16"	1586583288516289	"PTPRA"	338	"HiG"
"HiG_16"	61189211689407544	"RCN2"	83	"HiG"
"HiG_16"	367895355942083	"AMOTL1"	386	"HiG"
"HiG_16"	29883995822748760	"BASP1"	141	"HiG"
"HiG_16"	11940019458259014	"AKAP12"	207	"HiG"
"HiG_16"	12592512988142922	"TPM1"	204	"HiG"
"HiG_16"	125797917075434	"ARHGAP29"	411	"HiG"
"HiG_16"	1567.00690608941	"PEG3"	490	"HiG"
"HiG_16"	75656246172050.9	"S100A10"	426	"HiG"
"HiG_16"	95691566345560.8	"ASPSCR1"	419	"HiG"
"HiG_16"	451919796159100864	"SDF2L1"	8	"HiG"
"HiG_16"	75952669778680.8	"MLEC"	425	"HiG"
"HiG_16"	0	"ACOT9"	565	"HiG"
"HiG_16"	27649524832378536	"CRIP2"	151	"HiG"
"HiG_16"	164290941998904000	"GNB2"	28	"HiG"
"HiG_16"	77151562067109024	"MAGED2"	69	"HiG"
"HiG_16"	989.069193249015	"CDH11"	498	"HiG"
"HiG_16"	0	"DEGS1"	565	"HiG"
"HiG_16"	60545343368411592	"DLK1"	84	"HiG"
"HiG_16"	639899652688616	"EIF4A3"	368	"HiG"
"HiG_16"	5509718467555990	"EHD1"	273	"HiG"
"HiG_16"	0	"COPZ2"	565	"HiG"
"HiG_16"	28937049153833.2	"BIRC5"	440	"HiG"
"HiG_16"	3345215942726394	"SEC23A"	303	"HiG"
"HiG_16"	925912587134430	"TMED9"	357	"HiG"
"HiG_16"	18890522243966184	"KRT19"	179	"HiG"
"HiG_16"	8521685116487245	"SNRPN"	233	"HiG"
"HiG_16"	0	"MTSS1"	565	"HiG"
"HiG_16"	4684596296219346	"GNB4"	289	"HiG"
"HiG_16"	247.224168271398	"DOK4"	519	"HiG"
"HiG_16"	1008033552685892	"PRDX4"	355	"HiG"
"HiG_16"	27113823581269472	"PAICS"	153	"HiG"
"HiG_16"	0	"MXRA8"	565	"HiG"
"HiG_16"	35413295007814328	"RBMS2"	125	"HiG"
"HiG_16"	19588620635024164	"IDH2"	174	"HiG"
"HiG_16"	7041879785231719	"PDLIM2"	249	"HiG"
"HiG_16"	0	"RCN3"	565	"HiG"
"HiG_16"	0	"STEAP1"	565	"HiG"
"HiG_16"	101912758278326	"TMEM120A"	418	"HiG"
"HiG_16"	87347820882599104	"SNX2"	61	"HiG"
"HiG_16"	20460463158856088	"SOAT1"	173	"HiG"
"HiG_16"	38146696091349576	"PLOD2"	121	"HiG"
"HiG_16"	501.077438814785	"GLIPR2"	512	"HiG"
"HiG_16"	1159037982895.51	"PCOLCE"	470	"HiG"
"HiG_16"	43121343566211408	"RRBP1"	112	"HiG"
"HiG_16"	8543606555349969	"TUBA1B"	232	"HiG"
"HiG_16"	11218994690862714	"TUBB2B"	214	"HiG"
"HiG_16"	31052904819556468	"TUBB4B"	138	"HiG"
"HiG_16"	29476443480781924	"SLC25A4"	146	"HiG"
"HiG_16"	274.853708040202	"HOXB2"	518	"HiG"
"HiG_16"	5447626687333780	"FSCN1"	275	"HiG"
"HiG_16"	1487757012316814	"MDH1"	341	"HiG"
"HiG_16"	6949747533718196	"MYL6"	251	"HiG"
"HiG_16"	3198517078546898	"PGAM1"	306	"HiG"
"HiG_16"	39781713964835968	"PGK1"	116	"HiG"
"HiG_16"	107909384055508	"FLRT3"	417	"HiG"
"HiG_16"	2718882902101713	"CFL2"	312	"HiG"
"HiG_16"	357624076497283	"MPC2"	388	"HiG"
"HiG_16"	45147297041854600	"PPP1R18"	110	"HiG"
"HiG_16"	133476332661974768	"TPM2"	36	"HiG"
"HiG_16"	0	"FKBP1A"	565	"HiG"
"HiG_16"	3798015260147992	"NEXN"	298	"HiG"
"HiG_16"	28958767578178212	"RALA"	149	"HiG"
"HiG_16"	82911087134856016	"FN1"	66	"HiG"
"HiG_16"	2889814918571.91	"HMGB1"	463	"HiG"
"HiG_16"	375.700054401028	"PTMA"	516	"HiG"
"HiG_16"	0	"SLC2A3"	565	"HiG"
"HiG_16"	7428395282455249	"PACSIN2"	242	"HiG"
"HiG_16"	90919522702098480	"LRRC59"	59	"HiG"
"HiG_16"	541647983854165632	"SFXN1"	7	"HiG"
"HiG_16"	0	"GPX3"	565	"HiG"
"HiG_16"	2710369529576410	"HADH"	313	"HiG"
"HiG_16"	1703611518327265	"BCAM"	335	"HiG"
"HiG_16"	29928095415631.4	"CARNMT1"	438	"HiG"
"HiG_16"	6950817835240824	"CRELD2"	250	"HiG"
"HiG_16"	0	"DBI"	565	"HiG"
"HiG_16"	3072247244211216	"EIF3M"	309	"HiG"
"HiG_16"	5029080696493706	"HMGB3"	282	"HiG"
"HiG_16"	59785524655122.2	"COX17"	432	"HiG"
"HiG_16"	26719911966435100	"LGALS1"	154	"HiG"
"HiG_16"	1517.02803551474	"LIPA"	491	"HiG"
"HiG_16"	301756378235458	"CSTB"	392	"HiG"
"HiG_16"	626059019432530	"FTH1"	370	"HiG"
"HiG_16"	1164.63002987243	"PPP1R14A"	494	"HiG"
"HiG_16"	0	"PPP1R14B"	565	"HiG"
"HiG_16"	11166451549788842	"RAP1B"	215	"HiG"
"HiG_16"	93988539019005.3	"ADK"	421	"HiG"
"HiG_16"	22206242593767492	"PPIB"	167	"HiG"
"HiG_16"	18893837773787536	"SNX3"	178	"HiG"
"HiG_16"	1515373408708310	"PGRMC1"	340	"HiG"
"HiG_16"	86773828341303664	"PDIA4"	63	"HiG"
"HiG_16"	18213945943926132	"TBCB"	182	"HiG"
"HiG_16"	109760165851077	"MMP14"	416	"HiG"
"HiG_16"	2702515116892.83	"UBE2E2"	465	"HiG"
"HiG_16"	0	"SDHD"	565	"HiG"
"HiG_16"	20528221984360584	"TXNDC5"	172	"HiG"
"HiG_16"	9672218515062228	"LRPAP1"	224	"HiG"
"HiG_16"	5468826626391547	"ME1"	274	"HiG"
"HiG_16"	123863825344106	"S100A11"	413	"HiG"
"HiG_16"	22359221935433680	"SSB"	166	"HiG"
"HiG_16"	1879.69772374888	"CST3"	487	"HiG"
"HiG_16"	58922910628313448	"DNAJC3"	87	"HiG"
"HiG_16"	3540978095020498	"GCLM"	301	"HiG"
"HiG_16"	6697155589715173	"MTAP"	257	"HiG"
"HiG_16"	792970108931094	"MYDGF"	362	"HiG"
"HiG_16"	143356505501883	"OSTF1"	408	"HiG"
"HiG_16"	8841042963705292	"PARVA"	229	"HiG"
"HiG_16"	7128498517308734	"MARCKS"	248	"HiG"
"HiG_16"	0	"PSME2"	565	"HiG"
"HiG_16"	0	"DDT"	565	"HiG"
"HiG_16"	46403518777794520	"SNX6"	109	"HiG"
"HiG_16"	27529136396967672	"SPARC"	152	"HiG"
"HiG_16"	20912547333870.9	"TNFAIP8"	443	"HiG"
"HiG_16"	8653666605614082	"TPM4"	231	"HiG"
"HiG_16"	29561408746171500	"TXNDC12"	145	"HiG"
"HiG_16"	1058.79918065451	"PPIC"	496	"HiG"
"HiG_16"	1061892556478386	"OAT"	354	"HiG"
"HiG_16"	17549399231533302	"STMN1"	187	"HiG"
"HiG_16"	84237734516005.5	"UBE2E3"	423	"HiG"
"HiG_16"	12355177311003540	"TLN1"	205	"HiG"
"HiG_16"	33156745566077.4	"PDLIM1"	437	"HiG"
"HiG_16"	23204326129756736	"UBE2R2"	163	"HiG"
"HiG_16"	356511763217017280	"YWHAQ"	14	"HiG"
"HiG_16"	2308397445357054	"AJUBA"	322	"HiG"
"HiG_16"	463.761656463092	"BAMBI"	513	"HiG"
"HiG_16"	827414043501432	"BNIP3L"	360	"HiG"
"HiG_16"	17361010834825136	"CD63"	189	"HiG"
"HiG_16"	18688294110246176	"COBLL1"	180	"HiG"
"HiG_16"	146904338594569	"COL5A2"	407	"HiG"
"HiG_16"	1249106116148336	"ECE1"	348	"HiG"
"HiG_16"	4082056641074716	"EFEMP2"	296	"HiG"
"HiG_16"	9386448656427388	"FKBP10"	225	"HiG"
"HiG_16"	260514987815005	"FSTL1"	394	"HiG"
"HiG_16"	136395582923297712	"GABARAP"	33	"HiG"
"HiG_16"	983.946768761171	"GINS2"	500	"HiG"
"HiG_16"	33926447399192160	"GPC3"	130	"HiG"
"HiG_16"	5672940756065773	"HSPB8"	270	"HiG"
"HiG_16"	719.268487921812	"IGFBP2"	506	"HiG"
"HiG_16"	630852524809402	"JAM3"	369	"HiG"
"HiG_16"	29739416985358604	"KRT18"	143	"HiG"
"HiG_16"	4209513115217934	"LMAN2"	294	"HiG"
"HiG_16"	34978768120871380	"LUZP1"	127	"HiG"
"HiG_16"	0	"PCBP4"	565	"HiG"
"HiG_16"	1815894462875304	"RND3"	333	"HiG"
"HiG_16"	111487709056259	"SPEG"	415	"HiG"
"HiG_16"	0	"STK39"	565	"HiG"
"HiG_16"	38957649745784512	"TAGLN"	120	"HiG"
"HiG_16"	16812508123472.7	"POSTN"	447	"HiG"
"HiG_16"	9008223956954124	"TRIOBP"	228	"HiG"
"HiG_16"	29580433988992164	"TMSB4X"	144	"HiG"
"HiG_16"	25630598489403932	"LYAR"	158	"HiG"
"HiG_16"	322076782693195264	"RBMS1"	17	"HiG"
"HiG_16"	36078212681583576	"PLIN3"	122	"HiG"
"HiG_16"	15964712757790438	"TUBB6"	196	"HiG"
"HiG_16"	2434034222858788	"MAP7D1"	316	"HiG"
"HiG_16"	1592.20782058493	"POLG"	489	"HiG"
"HiG_16"	108307031608905024	"RCN1"	47	"HiG"
"HiG_16"	74806924232.8282	"PSPH"	478	"HiG"
"HiG_16"	16854397935066104	"MTCH1"	194	"HiG"
"HiG_16"	60139088510190992	"GPX4"	85	"HiG"
"HiG_16"	81121193495.7071	"HAPLN1"	477	"HiG"
"HiG_16"	1450.96758176541	"SNAI2"	492	"HiG"
"HiG_16"	93362729002785216	"BCAP31"	57	"HiG"
"HiG_16"	67645761142385224	"EMC7"	75	"HiG"
"HiG_16"	0	"CMTM7"	565	"HiG"
"HiG_16"	0	"CCDC80"	565	"HiG"
"HiG_16"	0	"C1GALT1C1"	565	"HiG"
"HiG_16"	740758923038937	"PRR5"	366	"HiG"
"HiG_16"	0	"SMOC2"	565	"HiG"
"HiG_16"	380799716585672896	"SRSF9"	13	"HiG"
"HiG_16"	11760472042663928	"RABAC1"	210	"HiG"
"HiG_16"	7276376011748015	"ITM2C"	245	"HiG"
"HiG_16"	4976701825454121	"CDV3"	285	"HiG"
"HiG_16"	980284277355330	"MPZL1"	356	"HiG"
"HiG_16"	0	"PTTG1IP"	565	"HiG"
"HiG_16"	821311349934622	"NECTIN3"	361	"HiG"
"HiG_16"	254683884739511	"PCLAF"	396	"HiG"
"HiG_16"	62115249045.7153	"SERP1"	479	"HiG"
"HiG_16"	14293073900134072	"MARCKSL1"	199	"HiG"
"HiG_16"	0	"LIMD2"	565	"HiG"
"HiG_16"	14719773892020718	"COLEC12"	198	"HiG"
"HiG_16"	2095981257947594	"RRM2"	325	"HiG"
"HiG_16"	7533033008292607	"SLC16A3"	240	"HiG"
"HiG_16"	96452485063067440	"SH3GLB1"	54	"HiG"
"HiG_16"	3711763755988315	"RAB34"	299	"HiG"
"HiG_16"	5976380019204636	"NRM"	262	"HiG"
"HiG_16"	525.041637354718	"ST3GAL5"	511	"HiG"
"HiG_16"	1868338881193002	"SSR2"	331	"HiG"
"HiG_16"	766741711161635	"PLIN2"	363	"HiG"
"HiG_16"	9798405596884076	"SSR3"	223	"HiG"
"HiG_16"	379608656066618	"KRTCAP2"	384	"HiG"
"HiG_16"	845.157175643909	"ELOVL1"	504	"HiG"
"HiG_16"	39504450120687.7	"SNX7"	435	"HiG"
"HiG_16"	13961873578254544	"RSU1"	201	"HiG"
"HiG_16"	47320886974552336	"REEP5"	103	"HiG"
"HiG_16"	3823253785298850	"ARL4D"	297	"HiG"
"HiG_16"	16922000679072048	"SDC2"	192	"HiG"
"HiG_16"	0	"MALAT1"	565	"HiG"
"HiG_16"	6823963449073140	"RTN3"	254	"HiG"
"HiG_16"	46564401163341560	"PLPP3"	108	"HiG"
"HiG_16"	430080091345407	"SRI"	380	"HiG"
"HiG_16"	56198755393147184	"SLC2A1"	90	"HiG"
"HiG_16"	66151960761889376	"P3H1"	76	"HiG"
"HiG_16"	86671344998591.1	"GALK1"	422	"HiG"
"HiG_16"	143993795019869568	"RHOB"	30	"HiG"
"HiG_16"	0	"MOGAT2"	565	"HiG"
"HiG_16"	843119385841687	"BBX"	359	"HiG"
"HiG_16"	0	"CRABP1"	565	"HiG"
"HiG_16"	213541716568023200	"TCF4"	23	"HiG"
"HiG_16"	3215072690218.39	"ARMCX2"	461	"HiG"
"HiG_16"	1108051494416868	"PJA1"	353	"HiG"
"HiG_16"	0	"BEX2"	565	"HiG"
"HiG_16"	0	"SPIN2C"	565	"HiG"
"HiG_16"	0	"ARXES2"	565	"HiG"
"HiG_16"	0	"ARXES1"	565	"HiG"
"HiG_16"	221371379943809	"TCEAL8"	398	"HiG"
"HiG_16"	0	"TSPAN6"	565	"HiG"
"HiG_16"	0	"AARD"	565	"HiG"
"HiG_16"	16894377206745060	"TNNT2"	193	"HiG"
"HiG_16"	429834739749145408	"SERPINH1"	10	"HiG"
"HiG_16"	198138165260541248	"LAMP1"	25	"HiG"
"HiG_16"	40564203725004088	"WLS"	114	"HiG"
"HiG_16"	194079139054956	"MID1IP1"	401	"HiG"
"HiG_16"	235232859048.543	"S1PR2"	476	"HiG"
"HiG_16"	262496527000897	"SMARCD3"	393	"HiG"
"HiG_16"	0	"PITX2"	565	"HiG"
"HiG_16"	0	"IRAK1BP1"	565	"HiG"
"HiG_16"	20687717820595268	"PARD6B"	171	"HiG"
"HiG_16"	0	"BEX1"	565	"HiG"
"HiG_16"	152447806489953	"FTL1"	405	"HiG"
"HiG_16"	0	"ODC1"	565	"HiG"
"HiG_16"	66052205591927560	"IKBIP"	78	"HiG"
"HiG_16"	191909368431876416	"CREB3"	26	"HiG"
"HiG_16"	0	"PLP2"	565	"HiG"
"HiG_16"	29866346037078.8	"DKK3"	439	"HiG"
"HiG_16"	50481498936780728	"GADD45G"	99	"HiG"
"HiG_16"	468962910661333	"TLN2"	377	"HiG"
"HiG_16"	16119138307121.4	"AKR1A1"	449	"HiG"
"HiG_16"	0	"NRADD"	565	"HiG"
"HiG_16"	0	"ABRACL"	565	"HiG"
"HiG_16"	1273553407894.38	"FAM32A"	469	"HiG"
"HiG_16"	5424771411176426	"PHLDA3"	277	"HiG"
"HiG_16"	135304591184557296	"RHOC"	34	"HiG"
"HiG_16"	1205995154293596672	"UBE2M"	4	"HiG"
"HiG_16"	1169075839869932032	"VASP"	5	"HiG"
"HiG_16"	0	"PDPN"	565	"HiG"
"HiG_16"	106748555551335920	"VIM"	49	"HiG"
"HiG_16"	46622163807830472	"RAB4A"	107	"HiG"
"HiG_16"	8358739669809.52	"RAB22A"	454	"HiG"
"HiG_16"	0	"IL11RA1"	565	"HiG"
"HiG_16"	1849.51053983208	"LRRC42"	488	"HiG"
"HiG_16"	82975165163327.3	"ACKR3"	424	"HiG"
"HiG_16"	0	"MT-ND2"	565	"HiG"
"HiG_16"	5280386621160928	"MOB3A"	279	"HiG"
"HiG_16"	81555736182922768	"WDR1"	68	"HiG"
"HiG_16"	622888749453148	"GCSH"	371	"HiG"
"HiG_16"	46997397282821384	"SUV39H1"	104	"HiG"
"HiG_16"	19596124021616.4	"ORC6"	444	"HiG"
"HiG_16"	2751085809814014	"SURF4"	311	"HiG"
"HiG_16"	75598255358749.4	"BRI3"	427	"HiG"
"HiG_16"	570.102908728707	"SLBP"	509	"HiG"
"HiG_16"	912.884472151477	"TBRG1"	501	"HiG"
"HiG_16"	18091322554803484	"P4HA2"	184	"HiG"
"HiG_16"	57800567656987992	"YAF2"	88	"HiG"
"HiG_16"	73872636638930960	"RBPMS"	72	"HiG"
"HiG_16"	19440206324331312	"FRMD6"	176	"HiG"
"HiG_16"	0	"LRRN4"	565	"HiG"
"HiG_16"	7240279085688574	"GPX7"	246	"HiG"
"HiG_16"	0	"PLAC8"	565	"HiG"
"HiG_16"	0	"NUP62CL"	565	"HiG"
"HiG_16"	1341.67545677515	"CTNNBIP1"	493	"HiG"
"HiG_16"	130883342780274128	"PON2"	39	"HiG"
"HiG_16"	32364677891529268	"MORF4L2"	134	"HiG"
"HiG_16"	0	"TCEAL9"	565	"HiG"
"HiG_16"	189427204164787	"KDELR2"	402	"HiG"
"HiG_16"	1144516376374313	"MEST"	352	"HiG"
"HiG_16"	7894197895750981	"LSR"	239	"HiG"
"HiG_16"	39097739660965632	"PKP2"	119	"HiG"
"HiG_16"	10390562290348552	"SELENOS"	218	"HiG"
"HiG_16"	13166582905949384	"TSEN34"	203	"HiG"
"HiG_16"	0	"EMP2"	565	"HiG"
"HiG_16"	1719984164180868	"FXYD6"	334	"HiG"
"HiG_16"	226264426277089	"TAX1BP3"	397	"HiG"
"HiG_16"	0	"SPTSSA"	565	"HiG"
"HiG_16"	2171375938037618	"KLF6"	323	"HiG"
"HiG_16"	2081105188683800	"RRAS2"	326	"HiG"
"HiG_16"	411827230147338	"TPD52L1"	381	"HiG"
"HiG_16"	21413459330021.7	"PLAGL1"	442	"HiG"
"HiG_16"	1872051098484845	"HOXB7"	330	"HiG"
"HiG_16"	94748493118073.8	"PTH1R"	420	"HiG"
"HiG_16"	133584036307893152	"HMGN1"	35	"HiG"
"HiG_16"	59723710268531000	"PODXL"	86	"HiG"
"HiG_16"	311056781253693	"GAS6"	391	"HiG"
"HiG_16"	0	"GDE1"	565	"HiG"
"HiG_16"	0	"TIMM17A"	565	"HiG"
"HiG_16"	2711071651790.78	"POFUT2"	464	"HiG"
"HiG_16"	0	"ATXN7L3B"	565	"HiG"
"HiG_16"	350024020167572480	"PXMP2"	16	"HiG"
"HiG_16"	133196609014661168	"PAIP2"	37	"HiG"
"HiG_16"	312201773276.351	"XBP1"	475	"HiG"
"HiG_16"	360150197379.389	"SAP30L"	474	"HiG"
"HiG_16"	10637003944042098	"SOX4"	217	"HiG"
"HiG_16"	3298337588507749	"P3H4"	304	"HiG"
"HiG_16"	6015851599624295	"TNNI1"	261	"HiG"
"HiG_16"	31707816085776876	"TTC3"	135	"HiG"
"HiG_16"	46896091447683312	"RPS6KA6"	105	"HiG"
"HiG_16"	20691236110916900	"SRM"	170	"HiG"
"HiG_16"	1980352320411.79	"PGM2"	467	"HiG"
"HiG_16"	5120553543070125	"FZD2"	281	"HiG"
"HiG_16"	444.058106142549	"ECSCR"	515	"HiG"
"HiG_16"	270533203903161152	"ARL4C"	20	"HiG"
"HiG_16"	3127122806026238	"NPC2"	308	"HiG"
"HiG_16"	16503998534556512	"NENF"	195	"HiG"
"HiG_16"	52781676871875848	"TMEM9"	93	"HiG"
"HiG_16"	5970936591402839	"TMSB10"	263	"HiG"
"HiG_16"	62235455209284.2	"SH3BGRL3"	430	"HiG"
"HiG_16"	84594237002388944	"DUSP9"	64	"HiG"
"HiG_16"	0	"KRCC1"	565	"HiG"
"HiG_16"	5439833130041517	"MORC4"	276	"HiG"
"HiG_16"	0	"MPPED2"	565	"HiG"
"HiG_16"	424566694878255360	"NECTIN2"	11	"HiG"
"HiG_16"	5765235286983533	"OST4"	267	"HiG"
"HiG_16"	2396.69141383563	"PTGIS"	482	"HiG"
"HiG_16"	33355530729575844	"TMBIM6"	132	"HiG"
"HiG_16"	0	"MT-CO3"	565	"HiG"
"HiG_16"	44662956701581808	"UGDH"	111	"HiG"
"HiG_16"	3717384539397337600	"TIPARP"	1	"HiG"
"HiG_16"	0	"RSRP1"	565	"HiG"
"HiG_16"	0	"MBNL3"	565	"HiG"
"HiG_16"	57646833365651.2	"IGFBP4"	433	"HiG"
"HiG_16"	6860975120539.15	"ITM2A"	455	"HiG"
"HiG_16"	17320961673036900	"PMP22"	191	"HiG"
"HiG_16"	10266137948843914	"EVA1B"	220	"HiG"
"HiG_16"	0	"NABP1"	565	"HiG"
"HiG_16"	9188088670538.24	"TINAGL1"	453	"HiG"
"HiG_16"	126677908861494720	"TEX264"	40	"HiG"
"HiG_16"	402285467389642	"METTL9"	382	"HiG"
"HiG_16"	11411162458883048	"TNFAIP1"	213	"HiG"
"HiG_16"	3367023258335033	"MANF"	302	"HiG"
"HiG_16"	57842517508.3782	"SELENOK"	480	"HiG"
"HiG_16"	10011495602773546	"POPDC2"	222	"HiG"
"HiG_16"	0	"PLAC1"	565	"HiG"
"HiG_16"	0	"TMEM123"	565	"HiG"
"HiG_16"	0	"PRELID1"	565	"HiG"
"HiG_16"	2666.61360384592	"OAF"	481	"HiG"
"HiG_16"	11925896076292364	"TSPAN3"	208	"HiG"
"HiG_16"	354960007264722	"COLEC11"	390	"HiG"
"HiG_16"	19423253602295.1	"MGAT2"	445	"HiG"
"HiG_16"	198747388306778432	"TIMP2"	24	"HiG"
"HiG_16"	1616719461060870	"FOXF1"	337	"HiG"
"HiG_16"	52539108656465928	"HS6ST2"	94	"HiG"
"HiG_16"	2326150610643609	"LYPD6"	321	"HiG"
"HiG_16"	2289.52794423313	"RSPO3"	483	"HiG"
"HiG_16"	0	"OAZ2"	565	"HiG"
"HiG_16"	0	"PHLDA2"	565	"HiG"
"HiG_16"	1816062067480004	"YIF1B"	332	"HiG"
"HiG_16"	23852392999863300	"PRDM6"	161	"HiG"
"HiG_16"	1962692653027077	"WNT5A"	329	"HiG"
"HiG_16"	24418991141758104	"SPATS2L"	159	"HiG"
"HiG_16"	446.283322487604	"PRTG"	514	"HiG"
"HiG_16"	0	"SGCE"	565	"HiG"
"HiG_16"	11580369020559808	"TSPAN2"	211	"HiG"
"HiG_16"	12256427633363542	"TMEM9B"	206	"HiG"
"HiG_16"	22376687799944836	"RBPMS2"	165	"HiG"
"HiG_16"	0	"TMEM108"	565	"HiG"
"HiG_16"	0	"STEAP2"	565	"HiG"
"HiG_16"	0	"SOX11"	565	"HiG"
"HiG_16"	118310756093970784	"GPX8"	43	"HiG"
"HiG_16"	630.827457105227	"STARD3NL"	508	"HiG"
"HiG_16"	567.0262121724	"LY6E"	510	"HiG"
"HiG_16"	441717606241831	"MMD"	379	"HiG"
"HiG_16"	0	"NKD1"	565	"HiG"
"HiG_16"	0	"IGDCC3"	565	"HiG"
"HiG_16"	0	"STARD8"	565	"HiG"
"HiG_16"	709.679158462146	"TMEM88"	507	"HiG"
"HiG_16"	0	"VWC2"	565	"HiG"
"HiG_16"	0	"SMIM1"	565	"HiG"
"HiG_16"	0	"SHISA4"	565	"HiG"
"HiG_16"	0	"SMIM14"	565	"HiG"
"HiG_16"	0	"SELENOM"	565	"HiG"
"HiG_16"	1389515779497441	"TSPAN4"	344	"HiG"
"HiG_16"	0	"COX4I2"	565	"HiG"
"HiG_16"	0	"SELENOW"	565	"HiG"
"HiG_16"	86899413862839072	"TMEM59"	62	"HiG"
"HiG_16"	0	"SELENOH"	565	"HiG"
"HiG_16"	0	"VNN1"	565	"HiG"
"HiG_16"	2288.26959163882	"TPCN1"	484	"HiG"
"HiG_16"	2129.18951703759	"RGS5"	485	"HiG"
"HiG_16"	40182677461614712	"ZFHX3"	115	"HiG"
"HiG_16"	1055.25710169802	"WNT2"	497	"HiG"
"HiG_16"	1064987281918.24	"VGLL4"	471	"HiG"
"HiG_16"	379846871380656	"PRSS35"	383	"HiG"
"HiG_16"	0	"SLC38A4"	565	"HiG"
"HiG_16"	0	"TSPAN9"	565	"HiG"
"HiG_16"	25808461001134792	"ZFP36L1"	157	"HiG"
"HiG_16"	0	"WSB1"	565	"HiG"
"HiG_16"	0	"WNT6"	565	"HiG"
"HiG_16"	2894954090967327744	"ZYX"	2	"HiG"
"HiG_16"	0	"NUDT4"	565	"HiG"
"HiG_16"	0	"IFITM1"	565	"HiG"
"HiG_16"	478789802481737	"WFDC2"	376	"HiG"
"HiG_16"	0	"ZDHHC12"	565	"HiG"
"HiG_13"	1337646605916685	"MAGED1"	161	"HiG"
"HiG_13"	8457107242406940	"HDAC1"	43	"HiG"
"HiG_13"	8274660261095503	"JUN"	46	"HiG"
"HiG_13"	241476590770130	"BAZ1A"	263	"HiG"
"HiG_13"	588284990205219	"AFDN"	200	"HiG"
"HiG_13"	13324237538707.8	"HES1"	337	"HiG"
"HiG_13"	177174135148030	"TEAD2"	272	"HiG"
"HiG_13"	907135070164950	"RDX"	180	"HiG"
"HiG_13"	3698533024357162	"HSP90AB1"	95	"HiG"
"HiG_13"	22769924101879.8	"ID3"	322	"HiG"
"HiG_13"	1287343385132829	"MSN"	163	"HiG"
"HiG_13"	6026577346.53267	"F11R"	377	"HiG"
"HiG_13"	706.676465985808	"HHEX"	392	"HiG"
"HiG_13"	33196234902.0585	"HOXA9"	370	"HiG"
"HiG_13"	543.318153799836	"IFRD1"	400	"HiG"
"HiG_13"	2688563640254626	"CCND1"	111	"HiG"
"HiG_13"	2164197348219940	"CD81"	128	"HiG"
"HiG_13"	396403826427112	"CCT4"	226	"HiG"
"HiG_13"	956.604211945183	"ASAP1"	384	"HiG"
"HiG_13"	253891705537677	"FLT1"	258	"HiG"
"HiG_13"	541580236233839	"HSPA8"	208	"HiG"
"HiG_13"	1397290165337344	"CDK1"	158	"HiG"
"HiG_13"	57318393867564.9	"CCNB1"	305	"HiG"
"HiG_13"	2397419930182315	"PABPC1"	121	"HiG"
"HiG_13"	1559100970688515	"NOP56"	151	"HiG"
"HiG_13"	18564492371375.8	"TAL1"	327	"HiG"
"HiG_13"	3314086857077244	"DDX5"	101	"HiG"
"HiG_13"	10895991743949.6	"CDX2"	341	"HiG"
"HiG_13"	1152523023593229	"CEBPD"	167	"HiG"
"HiG_13"	22981514300369.6	"DNMT3A"	321	"HiG"
"HiG_13"	0	"EBF1"	456.5	"HiG"
"HiG_13"	268.592243253846	"HOXA10"	412	"HiG"
"HiG_13"	0	"HOXB6"	456.5	"HiG"
"HiG_13"	0	"HOXD9"	456.5	"HiG"
"HiG_13"	93515354887243.8	"ID1"	294	"HiG"
"HiG_13"	189676721356571	"ID2"	268	"HiG"
"HiG_13"	2038219297728.3	"MSX1"	355	"HiG"
"HiG_13"	490.690779809616	"SSBP4"	405	"HiG"
"HiG_13"	275709176722415	"DEK"	249	"HiG"
"HiG_13"	242132327279445	"HELLS"	261	"HiG"
"HiG_13"	5497811949558738	"RBBP4"	66	"HiG"
"HiG_13"	511434796471228	"RUVBL2"	211	"HiG"
"HiG_13"	0	"PEG10"	456.5	"HiG"
"HiG_13"	1870881679802816	"ILF2"	135	"HiG"
"HiG_13"	12616967584240874	"DNAJA1"	26	"HiG"
"HiG_13"	1676842893203285	"NONO"	141	"HiG"
"HiG_13"	2637637730836276	"HMGA2"	113	"HiG"
"HiG_13"	0	"CITED2"	456.5	"HiG"
"HiG_13"	7737856790930170	"HSPA5"	47	"HiG"
"HiG_13"	104801682949106	"CBX1"	288	"HiG"
"HiG_13"	3069588816831114	"HSP90AA1"	106	"HiG"
"HiG_13"	0	"ENO1"	456.5	"HiG"
"HiG_13"	2372206767714.97	"ALDOA"	353	"HiG"
"HiG_13"	303074727176752	"CTNNA1"	244	"HiG"
"HiG_13"	2192896998146472	"SET"	125	"HiG"
"HiG_13"	9639477134760788	"CCT8"	37	"HiG"
"HiG_13"	15651098253465	"ANP32A"	333	"HiG"
"HiG_13"	185402668064726	"CCND2"	270	"HiG"
"HiG_13"	4926318367135.96	"PCGF5"	349	"HiG"
"HiG_13"	5604199564935923	"DDX39B"	64	"HiG"
"HiG_13"	10474625335814812	"HSP90B1"	33	"HiG"
"HiG_13"	322490685575624	"ARPC1B"	239	"HiG"
"HiG_13"	6119016249575	"CNN3"	347	"HiG"
"HiG_13"	1603216639644890	"NPM1"	150	"HiG"
"HiG_13"	236013030283527	"MYC"	264	"HiG"
"HiG_13"	321460237016246	"ATF3"	240	"HiG"
"HiG_13"	5318134333142391	"PFN1"	73	"HiG"
"HiG_13"	7547409311616885	"NCL"	49	"HiG"
"HiG_13"	6778816378168794	"SLC25A5"	52	"HiG"
"HiG_13"	2179567614781555	"DDX21"	127	"HiG"
"HiG_13"	1085298425295330	"YWHAE"	170	"HiG"
"HiG_13"	628008171904311	"DBN1"	196	"HiG"
"HiG_13"	3969093694400814	"MAP1B"	90	"HiG"
"HiG_13"	245016761895.9	"PITX1"	362	"HiG"
"HiG_13"	3489666944668938	"MAPK3"	97	"HiG"
"HiG_13"	270725163002810	"HMGB2"	253	"HiG"
"HiG_13"	373561171383426	"APOE"	230	"HiG"
"HiG_13"	61875223296389496	"UBC"	3	"HiG"
"HiG_13"	6756660176868466	"APEX1"	54	"HiG"
"HiG_13"	5281406321430.67	"EPOP"	348	"HiG"
"HiG_13"	6985281575521258	"CALR"	51	"HiG"
"HiG_13"	456048263137301	"EIF4A1"	216	"HiG"
"HiG_13"	27333100657793008	"RPL7A"	13	"HiG"
"HiG_13"	150471403543491	"GATA2"	280	"HiG"
"HiG_13"	0	"FLI1"	456.5	"HiG"
"HiG_13"	1987762236812733	"TOP1"	132	"HiG"
"HiG_13"	2153239739907203	"GJA1"	129	"HiG"
"HiG_13"	4056131872467606	"ATP1A1"	87	"HiG"
"HiG_13"	965072539309368	"ATXN10"	175	"HiG"
"HiG_13"	1776849904899766	"BZW2"	137	"HiG"
"HiG_13"	86100745729421.2	"CNN2"	297	"HiG"
"HiG_13"	159895418294.489	"EHD4"	364	"HiG"
"HiG_13"	4702376736748019	"HSPD1"	76	"HiG"
"HiG_13"	2542944696626232	"PLK1"	116	"HiG"
"HiG_13"	3208597587326352	"CALM1"	102	"HiG"
"HiG_13"	305413932602929	"G3BP2"	242	"HiG"
"HiG_13"	11553420254726002	"GNL3"	30	"HiG"
"HiG_13"	956430536099960	"MCM3"	176	"HiG"
"HiG_13"	1552685080087009	"GTPBP4"	152	"HiG"
"HiG_13"	36503896501320656	"TUBA1A"	10	"HiG"
"HiG_13"	39097873001680	"CACYBP"	311	"HiG"
"HiG_13"	263358978759600	"KRT8"	255	"HiG"
"HiG_13"	21456633599.7814	"LITAF"	372	"HiG"
"HiG_13"	210617183586089	"CLTA"	267	"HiG"
"HiG_13"	7264167387938683	"ITGB1"	50	"HiG"
"HiG_13"	272958677779881	"FERMT2"	251	"HiG"
"HiG_13"	3476413591984398	"NDN"	98	"HiG"
"HiG_13"	284334306305191	"KDR"	248	"HiG"
"HiG_13"	5249772198175660	"HNRNPK"	74	"HiG"
"HiG_13"	2919913631224784	"P4HB"	109	"HiG"
"HiG_13"	18264475152950.1	"CNPY2"	328	"HiG"
"HiG_13"	3779036795725299	"LMNB1"	92	"HiG"
"HiG_13"	158535541974819	"TOMM20"	277	"HiG"
"HiG_13"	79787070019.2975	"BNIP3"	365	"HiG"
"HiG_13"	91003429139260	"ACVRL1"	295	"HiG"
"HiG_13"	7735527851974080	"GNAI2"	48	"HiG"
"HiG_13"	146373703571389	"GNAS"	282	"HiG"
"HiG_13"	64480072663.6253	"BMP2"	368	"HiG"
"HiG_13"	2665783296849988	"CDC20"	112	"HiG"
"HiG_13"	274784590575283	"RAN"	250	"HiG"
"HiG_13"	128699764762882	"MDFI"	285	"HiG"
"HiG_13"	46808899287606.5	"IGF2"	309	"HiG"
"HiG_13"	1670914256336578	"ATP2B1"	144	"HiG"
"HiG_13"	11844599975157.3	"DUSP2"	340	"HiG"
"HiG_13"	359980751815693	"RTN4"	235	"HiG"
"HiG_13"	286726266763715	"BEX3"	246	"HiG"
"HiG_13"	0	"LDHA"	456.5	"HiG"
"HiG_13"	20301145883629036	"CALM2"	17	"HiG"
"HiG_13"	9178782698.7434	"CSRP1"	375	"HiG"
"HiG_13"	6540678142032403	"CALD1"	55	"HiG"
"HiG_13"	0	"EXOC3L4"	456.5	"HiG"
"HiG_13"	176245153246179	"PFKL"	273	"HiG"
"HiG_13"	51908865425043.4	"PRKAR2B"	307	"HiG"
"HiG_13"	3366555861007842	"TPI1"	99	"HiG"
"HiG_13"	2597153999282.93	"EIF4EBP1"	352	"HiG"
"HiG_13"	325083148570611	"RALB"	238	"HiG"
"HiG_13"	97344099920769	"VAMP8"	292	"HiG"
"HiG_13"	31930678153443.7	"FBLN1"	315	"HiG"
"HiG_13"	12931972512598.1	"CDKN1C"	338	"HiG"
"HiG_13"	1459902273085.42	"CYCS"	357	"HiG"
"HiG_13"	1643630851709020	"EIF3E"	149	"HiG"
"HiG_13"	243693842685339	"SDC1"	260	"HiG"
"HiG_13"	2601174743165077	"C1QBP"	114	"HiG"
"HiG_13"	3308203610244.54	"FBXO5"	351	"HiG"
"HiG_13"	2568450053763438	"RPS26"	115	"HiG"
"HiG_13"	423259920793353	"PPP1R15A"	221	"HiG"
"HiG_13"	32945459804704.5	"AMOT"	312	"HiG"
"HiG_13"	71834304881019.4	"EGFL7"	299	"HiG"
"HiG_13"	9308643423921390	"SEC61A1"	40	"HiG"
"HiG_13"	831863550103898	"PRDX1"	186	"HiG"
"HiG_13"	156829024759887	"PA2G4"	278	"HiG"
"HiG_13"	25363184970923.9	"RNF128"	318	"HiG"
"HiG_13"	104754910626752	"ISYNA1"	289	"HiG"
"HiG_13"	152665362125046	"IDH3A"	279	"HiG"
"HiG_13"	32445503668695.5	"GPX1"	314	"HiG"
"HiG_13"	1719883945138547	"RER1"	139	"HiG"
"HiG_13"	1217.5289601114	"ATP6V0B"	381	"HiG"
"HiG_13"	975132802916390	"BIN1"	173	"HiG"
"HiG_13"	540746434178023	"ANP32B"	210	"HiG"
"HiG_13"	22265729945315.4	"CSRP2"	323	"HiG"
"HiG_13"	4342692320860599	"DKC1"	81	"HiG"
"HiG_13"	4325853883528034	"CLIC1"	82	"HiG"
"HiG_13"	598834270738881	"ARF4"	198	"HiG"
"HiG_13"	266448042748731	"EBNA1BP2"	254	"HiG"
"HiG_13"	5561295621019021	"BRIX1"	65	"HiG"
"HiG_13"	99506598516806.3	"ARPC2"	291	"HiG"
"HiG_13"	861805057306991	"CKAP4"	182	"HiG"
"HiG_13"	1984359454182857	"CAPNS1"	133	"HiG"
"HiG_13"	85841275475518.9	"ARPC5"	298	"HiG"
"HiG_13"	837700640051831	"RAB11A"	183	"HiG"
"HiG_13"	0	"CTSL"	456.5	"HiG"
"HiG_13"	424099273721325	"GDI2"	219	"HiG"
"HiG_13"	2127210049221024	"PDIA3"	130	"HiG"
"HiG_13"	6175785621.35123	"HSPE1"	376	"HiG"
"HiG_13"	4546822658866075	"PDIA6"	79	"HiG"
"HiG_13"	369295105653378	"RBFOX2"	232	"HiG"
"HiG_13"	562265218670.446	"PLK2"	360	"HiG"
"HiG_13"	401122538949704	"PRDX3"	225	"HiG"
"HiG_13"	3004706772948246	"SRRM2"	108	"HiG"
"HiG_13"	21963846968013.3	"POLR2H"	324	"HiG"
"HiG_13"	2460252283781646	"PPID"	119	"HiG"
"HiG_13"	5378091956295822	"RAP1A"	70	"HiG"
"HiG_13"	70480624233.4462	"ARL6IP1"	367	"HiG"
"HiG_13"	865989742370858	"RCN2"	181	"HiG"
"HiG_13"	1667510436331116	"BASP1"	146	"HiG"
"HiG_13"	575604110547004	"LMO2"	202	"HiG"
"HiG_13"	138246175892562	"JUNB"	284	"HiG"
"HiG_13"	1321568868955703	"FKBP4"	162	"HiG"
"HiG_13"	642673920941708	"MAT2A"	195	"HiG"
"HiG_13"	1346483032428102	"TPM1"	160	"HiG"
"HiG_13"	0	"PEG3"	456.5	"HiG"
"HiG_13"	3884658349686.95	"S100A10"	350	"HiG"
"HiG_13"	0	"TIMM8A1"	456.5	"HiG"
"HiG_13"	6496416902433380	"DUT"	56	"HiG"
"HiG_13"	178155031784206	"SDF2L1"	271	"HiG"
"HiG_13"	303707264100194	"OLA1"	243	"HiG"
"HiG_13"	17758434721545.1	"MLEC"	331	"HiG"
"HiG_13"	1026.62421131753	"CRIP2"	382	"HiG"
"HiG_13"	5450118126738302	"GNB2"	67	"HiG"
"HiG_13"	8574215282613.31	"MDK"	342	"HiG"
"HiG_13"	365686153127086	"CLNS1A"	233	"HiG"
"HiG_13"	0	"DEGS1"	456.5	"HiG"
"HiG_13"	522.949311494916	"DCTPP1"	403	"HiG"
"HiG_13"	761766223803477	"DLK1"	188	"HiG"
"HiG_13"	407191855714222	"EIF4A3"	224	"HiG"
"HiG_13"	18021422181740.6	"BIRC5"	330	"HiG"
"HiG_13"	414807280721604	"TMED9"	223	"HiG"
"HiG_13"	1189635479298990	"SRSF2"	165	"HiG"
"HiG_13"	0	"DOK4"	456.5	"HiG"
"HiG_13"	9460277149425062	"FBL"	38	"HiG"
"HiG_13"	386250729171820	"PAICS"	228	"HiG"
"HiG_13"	0	"RCN3"	456.5	"HiG"
"HiG_13"	158837143883150	"SNX2"	276	"HiG"
"HiG_13"	19317354610596.7	"GLIPR2"	325	"HiG"
"HiG_13"	1494819674265214	"SLC3A2"	154	"HiG"
"HiG_13"	0	"PLVAP"	456.5	"HiG"
"HiG_13"	5373733986811904	"RRBP1"	71	"HiG"
"HiG_13"	9888250077229330	"TUBB4B"	35	"HiG"
"HiG_13"	5611050070468402	"SLC25A4"	63	"HiG"
"HiG_13"	833344036411720	"CREB3L2"	185	"HiG"
"HiG_13"	0	"HOXB2"	456.5	"HiG"
"HiG_13"	2737218864249080	"FSCN1"	110	"HiG"
"HiG_13"	20712360857.8493	"PGAM1"	374	"HiG"
"HiG_13"	3207830274722138	"PGK1"	103	"HiG"
"HiG_13"	44001900794.1225	"ATP6V1F"	369	"HiG"
"HiG_13"	103599663975650	"CFL2"	290	"HiG"
"HiG_13"	1104685340801385	"PPP1R18"	169	"HiG"
"HiG_13"	541486139532509	"ELK3"	209	"HiG"
"HiG_13"	0	"FKBP1A"	456.5	"HiG"
"HiG_13"	284581804049369	"FDPS"	247	"HiG"
"HiG_13"	0	"PRDX6"	456.5	"HiG"
"HiG_13"	29062318519710340	"FN1"	12	"HiG"
"HiG_13"	18164719271741.9	"HMGB1"	329	"HiG"
"HiG_13"	10779882885198638	"MCM7"	31	"HiG"
"HiG_13"	39201225808092.2	"PTMA"	310	"HiG"
"HiG_13"	5339095713686461	"NOP58"	72	"HiG"
"HiG_13"	336864538848158	"RSL1D1"	236	"HiG"
"HiG_13"	13897563496585516	"LRRC59"	24	"HiG"
"HiG_13"	1669782539488129	"SFXN1"	145	"HiG"
"HiG_13"	1487995766743853	"PPM1G"	156	"HiG"
"HiG_13"	0	"GPX3"	456.5	"HiG"
"HiG_13"	536437930490.821	"DYNLL2"	361	"HiG"
"HiG_13"	489805760287928	"PIM3"	213	"HiG"
"HiG_13"	1380071166746591	"ESAM"	159	"HiG"
"HiG_13"	1410437854018212	"GMPS"	157	"HiG"
"HiG_13"	528.061328469927	"CREG1"	402	"HiG"
"HiG_13"	6371146311933718	"IMPDH2"	59	"HiG"
"HiG_13"	227.645782858443	"CADM1"	416	"HiG"
"HiG_13"	845676790663.298	"CARNMT1"	359	"HiG"
"HiG_13"	108794655558877	"CHCHD4"	287	"HiG"
"HiG_13"	0	"CCK"	456.5	"HiG"
"HiG_13"	23390117157706.4	"CRELD2"	319	"HiG"
"HiG_13"	3043553290015448	"EIF3M"	107	"HiG"
"HiG_13"	55592819006953.8	"FAM162A"	306	"HiG"
"HiG_13"	32259419955090840	"GABARAPL1"	11	"HiG"
"HiG_13"	254.414401378485	"GNG11"	413	"HiG"
"HiG_13"	320310543820399	"HMGB3"	241	"HiG"
"HiG_13"	1696589281009876	"COX17"	140	"HiG"
"HiG_13"	1790350725101244	"LGALS1"	136	"HiG"
"HiG_13"	584236087363156	"MAGOH"	201	"HiG"
"HiG_13"	6146538681728666	"MRPL12"	60	"HiG"
"HiG_13"	553701080157286	"MRPL15"	205	"HiG"
"HiG_13"	4102203700473362	"MIF"	86	"HiG"
"HiG_13"	497246885418304	"NDUFA8"	212	"HiG"
"HiG_13"	292607876378083	"CSTB"	245	"HiG"
"HiG_13"	6259560053692.62	"FTH1"	346	"HiG"
"HiG_13"	9438290444518324	"RAP1B"	39	"HiG"
"HiG_13"	8371292662683319	"RANBP1"	45	"HiG"
"HiG_13"	19548968402373524	"PPIB"	20	"HiG"
"HiG_13"	588304134647444	"SNX3"	199	"HiG"
"HiG_13"	3822083458571353	"MTDH"	91	"HiG"
"HiG_13"	8771444557002385	"PDIA4"	41	"HiG"
"HiG_13"	14294739294359	"ADH5"	335	"HiG"
"HiG_13"	18884048802420.7	"CTSH"	326	"HiG"
"HiG_13"	100528625329950000	"TUBA1C"	2	"HiG"
"HiG_13"	159128525205509	"MMP14"	275	"HiG"
"HiG_13"	60221322067556.8	"GSTO1"	304	"HiG"
"HiG_13"	1493608698281868	"TXNDC5"	155	"HiG"
"HiG_13"	2184768920674099	"SSB"	126	"HiG"
"HiG_13"	4581819848865891	"WDR77"	78	"HiG"
"HiG_13"	5646465253495671	"BCCIP"	62	"HiG"
"HiG_13"	678309068067537	"DNAJC3"	194	"HiG"
"HiG_13"	969483966977405	"EEF1E1"	174	"HiG"
"HiG_13"	4299680369579364	"MTAP"	84	"HiG"
"HiG_13"	78504788089.123	"MYDGF"	366	"HiG"
"HiG_13"	11771379023361808	"NSUN2"	28	"HiG"
"HiG_13"	3341737568303690	"PPA1"	100	"HiG"
"HiG_13"	311.138622072892	"PPP1R2"	411	"HiG"
"HiG_13"	11726552221260984	"MARCKS"	29	"HiG"
"HiG_13"	15879723751756814	"PSAT1"	23	"HiG"
"HiG_13"	0	"PSME2"	456.5	"HiG"
"HiG_13"	1226671023459182	"RPS6KA1"	164	"HiG"
"HiG_13"	0	"DDT"	456.5	"HiG"
"HiG_13"	1771737118551008	"SPARC"	138	"HiG"
"HiG_13"	141022034667731	"TIMM10"	283	"HiG"
"HiG_13"	3696843594846124	"TPM4"	96	"HiG"
"HiG_13"	1675949522264377	"TXNDC12"	143	"HiG"
"HiG_13"	0	"PPIC"	456.5	"HiG"
"HiG_13"	12643790552071.7	"OAT"	339	"HiG"
"HiG_13"	7552935389722.36	"UBE2R2"	343	"HiG"
"HiG_13"	53217039423196568	"YWHAQ"	6	"HiG"
"HiG_13"	230.103422155748	"BAMBI"	415	"HiG"
"HiG_13"	163518409688489	"BNIP3L"	274	"HiG"
"HiG_13"	49481518168755.9	"CD63"	308	"HiG"
"HiG_13"	520.045948457437	"CDCA7"	404	"HiG"
"HiG_13"	0	"EMB"	456.5	"HiG"
"HiG_13"	363.295945640681	"FSTL1"	408	"HiG"
"HiG_13"	2378563607176268	"GPC3"	122	"HiG"
"HiG_13"	147647353771790	"IMP3"	281	"HiG"
"HiG_13"	422675175288341	"KRT18"	222	"HiG"
"HiG_13"	702537014799703	"LMAN2"	192	"HiG"
"HiG_13"	423416305229903	"LUZP1"	220	"HiG"
"HiG_13"	259180613622093	"MMP2"	256	"HiG"
"HiG_13"	6601617732180.68	"MRPL34"	345	"HiG"
"HiG_13"	432979894608648	"MRPS26"	218	"HiG"
"HiG_13"	2042638860853919	"MRTO4"	131	"HiG"
"HiG_13"	221100931423566	"PLEKHF2"	266	"HiG"
"HiG_13"	14771113109476.2	"PCBP4"	334	"HiG"
"HiG_13"	55572680684879184	"NOLC1"	4	"HiG"
"HiG_13"	17030745139485208	"SRSF7"	21	"HiG"
"HiG_13"	87190943452428.1	"TMSB4X"	296	"HiG"
"HiG_13"	4393341929409136	"LYAR"	80	"HiG"
"HiG_13"	460828345375050	"RBMS1"	214	"HiG"
"HiG_13"	3123140269980878	"TUBB6"	104	"HiG"
"HiG_13"	688346937285665	"MAP7D1"	193	"HiG"
"HiG_13"	228231926056147	"POLG"	265	"HiG"
"HiG_13"	383.905200233008	"RBM38"	407	"HiG"
"HiG_13"	254696015154887	"MTCH1"	257	"HiG"
"HiG_13"	0	"ARMCX1"	456.5	"HiG"
"HiG_13"	0	"HAPLN1"	456.5	"HiG"
"HiG_13"	1505697481590223	"MTX2"	153	"HiG"
"HiG_13"	332782882923026	"EMC7"	237	"HiG"
"HiG_13"	0	"FKBP11"	456.5	"HiG"
"HiG_13"	5700483275965059	"ENG"	61	"HiG"
"HiG_13"	0	"CMTM7"	456.5	"HiG"
"HiG_13"	458835950984493	"SRSF11"	215	"HiG"
"HiG_13"	13521634691772.1	"SOX17"	336	"HiG"
"HiG_13"	1072455839051934	"SRSF9"	171	"HiG"
"HiG_13"	4321923528372310	"CD9"	83	"HiG"
"HiG_13"	1660301727250182	"SWAP70"	147	"HiG"
"HiG_13"	4699960414499474	"ITM2C"	77	"HiG"
"HiG_13"	748960734089935	"CDV3"	189	"HiG"
"HiG_13"	1136892343036406	"MPZL1"	168	"HiG"
"HiG_13"	316.703634096497	"PCLAF"	410	"HiG"
"HiG_13"	0	"SERP1"	456.5	"HiG"
"HiG_13"	1676796355080338	"MARCKSL1"	142	"HiG"
"HiG_13"	0	"LIMD2"	456.5	"HiG"
"HiG_13"	446106141323548	"RRM2"	217	"HiG"
"HiG_13"	31762325202221.5	"SLC16A3"	316	"HiG"
"HiG_13"	3725404062057208	"SH3GLB1"	94	"HiG"
"HiG_13"	1659835446447720	"NIP7"	148	"HiG"
"HiG_13"	1354.6490979784	"HMOX1"	379	"HiG"
"HiG_13"	8528311153850076	"SSR2"	42	"HiG"
"HiG_13"	2283322672783588	"NMD3"	124	"HiG"
"HiG_13"	3996164705356618	"SSR3"	89	"HiG"
"HiG_13"	3731128774210416	"ELOVL1"	93	"HiG"
"HiG_13"	188079037845289	"GCC2"	269	"HiG"
"HiG_13"	951062429791356	"SLC1A5"	177	"HiG"
"HiG_13"	6422661597306791	"RHOJ"	57	"HiG"
"HiG_13"	0	"MALAT1"	456.5	"HiG"
"HiG_13"	16071369384849382	"SLC2A1"	22	"HiG"
"HiG_13"	26769990607996464	"TKT"	14	"HiG"
"HiG_13"	67963658680610.5	"GALK1"	301	"HiG"
"HiG_13"	0	"MOGAT2"	456.5	"HiG"
"HiG_13"	2304273127232979	"TWIST1"	123	"HiG"
"HiG_13"	13471940470328464	"RRS1"	25	"HiG"
"HiG_13"	4024309477107364	"BBX"	88	"HiG"
"HiG_13"	0	"CRABP1"	456.5	"HiG"
"HiG_13"	0	"BEX2"	456.5	"HiG"
"HiG_13"	8437718687769471	"SERPINH1"	44	"HiG"
"HiG_13"	0	"FAM107B"	456.5	"HiG"
"HiG_13"	30420215624907.2	"ICAM2"	317	"HiG"
"HiG_13"	3077476060488468	"SGK1"	105	"HiG"
"HiG_13"	1265.4013618983	"CMTM3"	380	"HiG"
"HiG_13"	0	"BEX1"	456.5	"HiG"
"HiG_13"	6414612835506824	"RANGRF"	58	"HiG"
"HiG_13"	238.986123964476	"PHLDA1"	414	"HiG"
"HiG_13"	0	"CLDN5"	456.5	"HiG"
"HiG_13"	432.774040456188	"ODC1"	406	"HiG"
"HiG_13"	0	"PLP2"	456.5	"HiG"
"HiG_13"	570094217745663	"EVI5"	203	"HiG"
"HiG_13"	1184130278717078	"GADD45G"	166	"HiG"
"HiG_13"	371266484273858	"AKR1A1"	231	"HiG"
"HiG_13"	270743903221583	"NOP10"	252	"HiG"
"HiG_13"	53838053839733136	"RHOC"	5	"HiG"
"HiG_13"	19949422956746488	"TAGLN2"	18	"HiG"
"HiG_13"	588.272348722924	"TSPAN14"	397	"HiG"
"HiG_13"	5413781899349895	"VASP"	68	"HiG"
"HiG_13"	0	"HOXA7"	456.5	"HiG"
"HiG_13"	114890947745342528	"VIM"	1	"HiG"
"HiG_13"	0	"GRAP"	456.5	"HiG"
"HiG_13"	0	"MT-ND2"	456.5	"HiG"
"HiG_13"	9686393162972314	"PPAN"	36	"HiG"
"HiG_13"	41425297483055440	"NHP2"	8	"HiG"
"HiG_13"	748138061311112	"PFDN4"	190	"HiG"
"HiG_13"	2495527763433892	"MAK16"	118	"HiG"
"HiG_13"	393946913265006	"GCSH"	227	"HiG"
"HiG_13"	93617068428245.8	"ORC6"	293	"HiG"
"HiG_13"	5401193024005882	"SURF4"	69	"HiG"
"HiG_13"	24276316499273168	"WDR12"	15	"HiG"
"HiG_13"	338.518272512642	"BRI3"	409	"HiG"
"HiG_13"	23961764152368928	"MPHOSPH10"	16	"HiG"
"HiG_13"	1906334799589.75	"SLBP"	356	"HiG"
"HiG_13"	978322543955761	"NUDT9"	172	"HiG"
"HiG_13"	30155526686.8941	"TBRG1"	371	"HiG"
"HiG_13"	2431777045121278	"MTHFD2"	120	"HiG"
"HiG_13"	932.824247061375	"HBEGF"	385	"HiG"
"HiG_13"	145.369835587037	"LYL1"	417	"HiG"
"HiG_13"	11954230307460042	"RBPMS"	27	"HiG"
"HiG_13"	835197821761879	"EMILIN1"	184	"HiG"
"HiG_13"	558175790856307	"CKS2"	204	"HiG"
"HiG_13"	0	"NUP62CL"	456.5	"HiG"
"HiG_13"	21053855212.6214	"CTNNBIP1"	373	"HiG"
"HiG_13"	4191260418169981	"MORF4L2"	85	"HiG"
"HiG_13"	0	"TCEAL9"	456.5	"HiG"
"HiG_13"	64266814422115.4	"KDELR2"	302	"HiG"
"HiG_13"	62327932058166.6	"MEST"	303	"HiG"
"HiG_13"	908213489032585	"LSR"	179	"HiG"
"HiG_13"	19576054391386420	"TGFB1"	19	"HiG"
"HiG_13"	17334522412058.6	"TGFB2"	332	"HiG"
"HiG_13"	2257496725123.46	"SELENOS"	354	"HiG"
"HiG_13"	854.188501654243	"TSEN34"	387	"HiG"
"HiG_13"	0	"RAMP2"	456.5	"HiG"
"HiG_13"	795.822453239454	"TAX1BP3"	389	"HiG"
"HiG_13"	0	"SPTSSA"	456.5	"HiG"
"HiG_13"	70437879747183.9	"RRAS2"	300	"HiG"
"HiG_13"	10732716937813996	"HMGN1"	32	"HiG"
"HiG_13"	570.118337628961	"GNGT2"	398	"HiG"
"HiG_13"	614456613083105	"UPP1"	197	"HiG"
"HiG_13"	732.913338487724	"IFRD2"	391	"HiG"
"HiG_13"	901.905617914744	"PAIP2"	386	"HiG"
"HiG_13"	547.045743858015	"HOXC9"	399	"HiG"
"HiG_13"	6774571830724822	"XBP1"	53	"HiG"
"HiG_13"	0	"ETV2"	456.5	"HiG"
"HiG_13"	0	"IER2"	456.5	"HiG"
"HiG_13"	1944399899931110	"SOX4"	134	"HiG"
"HiG_13"	52952212332130544	"NPM3"	7	"HiG"
"HiG_13"	829.658490931729	"LAPTM4B"	388	"HiG"
"HiG_13"	0	"SRM"	456.5	"HiG"
"HiG_13"	0	"PGP"	456.5	"HiG"
"HiG_13"	0	"ECSCR"	456.5	"HiG"
"HiG_13"	6783402335174.82	"TMSB10"	344	"HiG"
"HiG_13"	0	"SH3BGRL3"	456.5	"HiG"
"HiG_13"	2497363513512320	"NECTIN2"	117	"HiG"
"HiG_13"	23270667563642.3	"TMBIM6"	320	"HiG"
"HiG_13"	0	"MT-CO3"	456.5	"HiG"
"HiG_13"	962.346117765747	"RSRP1"	383	"HiG"
"HiG_13"	243925867363530	"IGFBP4"	259	"HiG"
"HiG_13"	5110397584791902	"CCNJL"	75	"HiG"
"HiG_13"	1525.20220336234	"ITM2A"	378	"HiG"
"HiG_13"	721541403612815	"EVA1B"	191	"HiG"
"HiG_13"	850570134781.145	"YPEL3"	358	"HiG"
"HiG_13"	0	"TNFAIP1"	456.5	"HiG"
"HiG_13"	202529832840.433	"MANF"	363	"HiG"
"HiG_13"	0	"GJA4"	456.5	"HiG"
"HiG_13"	0	"SELENOK"	456.5	"HiG"
"HiG_13"	0	"PLAC1"	456.5	"HiG"
"HiG_13"	655.09341935395	"TSPAN3"	396	"HiG"
"HiG_13"	0	"LPAR6"	456.5	"HiG"
"HiG_13"	548650466168181	"MRPL57"	207	"HiG"
"HiG_13"	538.715736810732	"RSPO3"	401	"HiG"
"HiG_13"	0	"OAZ2"	456.5	"HiG"
"HiG_13"	0	"PHLDA2"	456.5	"HiG"
"HiG_13"	32796136130423	"RASIP1"	313	"HiG"
"HiG_13"	0	"SMAGP"	456.5	"HiG"
"HiG_13"	127322583717960	"APLNR"	286	"HiG"
"HiG_13"	815704758139677	"RBPMS2"	187	"HiG"
"HiG_13"	0	"SYNGR2"	456.5	"HiG"
"HiG_13"	241970706169426	"TMEM97"	262	"HiG"
"HiG_13"	685.660372788305	"STARD3NL"	393	"HiG"
"HiG_13"	733.920944904248	"MNS1"	390	"HiG"
"HiG_13"	0	"CMTM8"	456.5	"HiG"
"HiG_13"	0	"CYP26A1"	456.5	"HiG"
"HiG_13"	37091599098982400	"ZFP36L2"	9	"HiG"
"HiG_13"	362771774253461	"VAMP5"	234	"HiG"
"HiG_13"	373841844162165	"TSPAN4"	229	"HiG"
"HiG_13"	9919328035985940	"TMEM59"	34	"HiG"
"HiG_13"	948466713754108	"TPST2"	178	"HiG"
"HiG_13"	0	"UBALD2"	456.5	"HiG"
"HiG_13"	0	"SELENOH"	456.5	"HiG"
"HiG_13"	0	"TOR2A"	456.5	"HiG"
"HiG_13"	658.26786517188	"VGLL4"	395	"HiG"
"HiG_13"	0	"TSPAN18"	456.5	"HiG"
"HiG_13"	0	"TMEM158"	456.5	"HiG"
"HiG_13"	0	"PIGX"	456.5	"HiG"
"HiG_13"	0	"SOX7"	456.5	"HiG"
"HiG_13"	671.856049468388	"SLC38A4"	394	"HiG"
"HiG_13"	552540812946424	"ZFP36L1"	206	"HiG"
"HiG_13"	0	"WSB1"	456.5	"HiG"
"HiG_13"	0	"IFITM2"	456.5	"HiG"
"HiG_13"	0	"NUDT4"	456.5	"HiG"
"HiG_13"	0	"IFITM1"	456.5	"HiG"
"HiG_13"	0	"SFT2D1"	456.5	"HiG"
"HiG_13"	0	"NRARP"	456.5	"HiG"
"HiG_13"	0	"TM6SF1"	456.5	"HiG"
"HiG_8"	7504593260475535	"PCNA"	28	"HiG"
"HiG_8"	6808724173576.41	"PBX1"	269	"HiG"
"HiG_8"	4146754289857672	"MAGED1"	47	"HiG"
"HiG_8"	4894733360802193	"HDAC1"	40	"HiG"
"HiG_8"	8129978951859067	"JUN"	25	"HiG"
"HiG_8"	1328292011216896	"HDAC2"	96	"HiG"
"HiG_8"	45244842498647.9	"AFDN"	227	"HiG"
"HiG_8"	45974833648238	"HES1"	226	"HiG"
"HiG_8"	77123888969216.2	"TEAD2"	206	"HiG"
"HiG_8"	2232889255684649	"HSP90AB1"	71	"HiG"
"HiG_8"	7452870113657.58	"ID3"	268	"HiG"
"HiG_8"	539703409351663	"CCND1"	140	"HiG"
"HiG_8"	647258864377440	"CD81"	130	"HiG"
"HiG_8"	4497862305207739	"CCT4"	43	"HiG"
"HiG_8"	181673698535.105	"ARL3"	296	"HiG"
"HiG_8"	17906864691402.1	"JUND"	250	"HiG"
"HiG_8"	906481501426642	"HSPA8"	115	"HiG"
"HiG_8"	285360966625400	"CCNB1"	163	"HiG"
"HiG_8"	2668573363855832	"EZH2"	66	"HiG"
"HiG_8"	101213971149732	"PABPC1"	199	"HiG"
"HiG_8"	2715811049420280	"PRMT1"	65	"HiG"
"HiG_8"	997732345965982	"NOP56"	111	"HiG"
"HiG_8"	1675113368588175	"TCF3"	82	"HiG"
"HiG_8"	422756377979907	"DDX5"	152	"HiG"
"HiG_8"	371607581011913	"RBBP7"	155	"HiG"
"HiG_8"	0	"GATA6"	374	"HiG"
"HiG_8"	574814474724542	"HOXA1"	137	"HiG"
"HiG_8"	1583935625251.72	"HOXB1"	281	"HiG"
"HiG_8"	71112474608659.3	"ID1"	209	"HiG"
"HiG_8"	50577486881110.1	"ID2"	221	"HiG"
"HiG_8"	0	"ISL1"	374	"HiG"
"HiG_8"	277.660133385128	"LEF1"	334	"HiG"
"HiG_8"	30534659612791.9	"LMO4"	239	"HiG"
"HiG_8"	1048143558392242	"FOXP1"	108	"HiG"
"HiG_8"	190443845868454	"MEF2C"	178	"HiG"
"HiG_8"	4399454295439.36	"MEIS1"	273	"HiG"
"HiG_8"	9330159654606.24	"MEIS2"	264	"HiG"
"HiG_8"	585.650382427247	"MEIS3"	325	"HiG"
"HiG_8"	12564852134620102	"MYCN"	16	"HiG"
"HiG_8"	182788572463887	"KHDRBS1"	179	"HiG"
"HiG_8"	6475725643526241	"TRIM28"	31	"HiG"
"HiG_8"	258016858241283	"IVNS1ABP"	168	"HiG"
"HiG_8"	3260284727714660	"DEK"	55	"HiG"
"HiG_8"	39639473610554.8	"ARID3B"	229	"HiG"
"HiG_8"	255418672011007	"HELLS"	170	"HiG"
"HiG_8"	3108332737083780	"RBBP4"	59	"HiG"
"HiG_8"	819378862732724	"RUVBL2"	119	"HiG"
"HiG_8"	639481198269801	"ASF1A"	134	"HiG"
"HiG_8"	3470115368147011	"ILF2"	54	"HiG"
"HiG_8"	878409597160448	"ACIN1"	118	"HiG"
"HiG_8"	1386741205982510	"DNAJA1"	95	"HiG"
"HiG_8"	2254439244346461	"HMGA2"	70	"HiG"
"HiG_8"	147423733588.951	"SFRP1"	298	"HiG"
"HiG_8"	0	"CITED2"	374	"HiG"
"HiG_8"	32424808034475.7	"CCNE1"	237	"HiG"
"HiG_8"	11319546240155850	"HSPA5"	18	"HiG"
"HiG_8"	172352400071774	"NKX2-5"	184	"HiG"
"HiG_8"	1573569528931577	"CBX1"	86	"HiG"
"HiG_8"	7035373216471131	"HSP90AA1"	29	"HiG"
"HiG_8"	768056872995961	"PKM"	121	"HiG"
"HiG_8"	151108636757523	"SET"	189	"HiG"
"HiG_8"	236802231468910	"CCT8"	171	"HiG"
"HiG_8"	48143152682038.4	"ANP32A"	224	"HiG"
"HiG_8"	207207424000011	"CCND2"	177	"HiG"
"HiG_8"	12125531344090.8	"GRB10"	259	"HiG"
"HiG_8"	13117579061037	"CNN3"	257	"HiG"
"HiG_8"	1650873932266506	"NPM1"	83	"HiG"
"HiG_8"	581682917795159	"PFN2"	136	"HiG"
"HiG_8"	23348583298285540	"NCL"	5	"HiG"
"HiG_8"	326831267381418	"SLC25A5"	160	"HiG"
"HiG_8"	435.205186841856	"RCOR2"	328	"HiG"
"HiG_8"	211222665816401	"IGF2BP1"	175	"HiG"
"HiG_8"	4023374901553248	"YWHAE"	48	"HiG"
"HiG_8"	325691119226382	"DBN1"	161	"HiG"
"HiG_8"	805287005108262	"MAP1B"	120	"HiG"
"HiG_8"	669035571747289	"MAPK3"	127	"HiG"
"HiG_8"	113573999846089	"FGFR1"	197	"HiG"
"HiG_8"	181862648684129	"HMGB2"	181	"HiG"
"HiG_8"	56400972937976.5	"APOE"	217	"HiG"
"HiG_8"	16130608609673382	"UBC"	13	"HiG"
"HiG_8"	5305550393863197	"APEX1"	39	"HiG"
"HiG_8"	49616130006223.1	"EPOP"	223	"HiG"
"HiG_8"	645882697793262	"RFC3"	131	"HiG"
"HiG_8"	2716865995739841	"EIF4A1"	64	"HiG"
"HiG_8"	1097500065476368	"RPL7A"	106	"HiG"
"HiG_8"	1027524591086130	"TOP1"	109	"HiG"
"HiG_8"	2970617605.27721	"GJC1"	308	"HiG"
"HiG_8"	520959100789629	"GJA1"	141	"HiG"
"HiG_8"	14585464701790.4	"ATXN10"	255	"HiG"
"HiG_8"	517630094890381	"BRD3"	142	"HiG"
"HiG_8"	15315023759827.9	"BZW2"	253	"HiG"
"HiG_8"	6621942663687.48	"CNN2"	270	"HiG"
"HiG_8"	682119888751362	"COL18A1"	126	"HiG"
"HiG_8"	1533518400871739	"HSPD1"	88	"HiG"
"HiG_8"	1620331519726961	"MCM5"	84	"HiG"
"HiG_8"	1328261116548492	"PLK1"	97	"HiG"
"HiG_8"	2213485265310179	"GNL3"	72	"HiG"
"HiG_8"	666972331693354	"GTPBP4"	128	"HiG"
"HiG_8"	20909665860.8809	"PTOV1"	304	"HiG"
"HiG_8"	1018674293446984	"TUBA1A"	110	"HiG"
"HiG_8"	3359881202759.66	"CACYBP"	276	"HiG"
"HiG_8"	4240289573662410	"KRT8"	45	"HiG"
"HiG_8"	333399774780.761	"DYNLL1"	294	"HiG"
"HiG_8"	285337966548991	"FERMT2"	164	"HiG"
"HiG_8"	6172720740469049	"NDN"	33	"HiG"
"HiG_8"	2320700730450152	"LMNB1"	68	"HiG"
"HiG_8"	4425664613282.86	"HOMER2"	272	"HiG"
"HiG_8"	0	"PRRX2"	374	"HiG"
"HiG_8"	22697450548902	"ENO3"	246	"HiG"
"HiG_8"	3484369043706622	"HNRNPA1"	52	"HiG"
"HiG_8"	60521498522.8304	"BNIP3"	301	"HiG"
"HiG_8"	57804408313549	"ACVR2B"	216	"HiG"
"HiG_8"	36995905399484.3	"IFT74"	234	"HiG"
"HiG_8"	1393432572553223	"CDC20"	94	"HiG"
"HiG_8"	152406437463291	"RAN"	187	"HiG"
"HiG_8"	1200735632.5836	"PAFAH1B3"	310	"HiG"
"HiG_8"	3821276506952.96	"IGF2"	275	"HiG"
"HiG_8"	446237467928503	"RTN4"	147	"HiG"
"HiG_8"	430345666358630	"SAP30"	150	"HiG"
"HiG_8"	0	"BEX3"	374	"HiG"
"HiG_8"	0	"LDHA"	374	"HiG"
"HiG_8"	14776301429901.9	"MYL12B"	254	"HiG"
"HiG_8"	135812932612425	"FABP5"	194	"HiG"
"HiG_8"	175260686592976	"CALD1"	183	"HiG"
"HiG_8"	55953819009143.3	"ARG1"	218	"HiG"
"HiG_8"	135054973346473	"TPI1"	195	"HiG"
"HiG_8"	3991395602.02545	"VAMP8"	307	"HiG"
"HiG_8"	271295239.111935	"FBLN1"	311	"HiG"
"HiG_8"	7969101590638.66	"CDKN1C"	267	"HiG"
"HiG_8"	10154968706073	"SDC1"	261	"HiG"
"HiG_8"	2382475472118294	"C1QBP"	67	"HiG"
"HiG_8"	352.429928859449	"FBXO5"	333	"HiG"
"HiG_8"	47140142486444	"PDLIM7"	225	"HiG"
"HiG_8"	888840321210967	"RPS26"	116	"HiG"
"HiG_8"	106729204557661	"PRDX1"	198	"HiG"
"HiG_8"	391331126875185	"PA2G4"	154	"HiG"
"HiG_8"	45718627440.9202	"FHL1"	302	"HiG"
"HiG_8"	16764859312278.7	"ANP32B"	252	"HiG"
"HiG_8"	61945575427.9028	"CSRP2"	300	"HiG"
"HiG_8"	3477620906131144	"DKC1"	53	"HiG"
"HiG_8"	146688710270312	"CLIC1"	190	"HiG"
"HiG_8"	362263436766831	"ARF4"	157	"HiG"
"HiG_8"	427574662302303	"EBNA1BP2"	151	"HiG"
"HiG_8"	39531468952197	"DCAKD"	230	"HiG"
"HiG_8"	261816468716568	"BRIX1"	166	"HiG"
"HiG_8"	509244252077429	"CKAP4"	143	"HiG"
"HiG_8"	18780119439334	"RBP1"	247	"HiG"
"HiG_8"	0	"CTSL"	374	"HiG"
"HiG_8"	439112534455050	"GDI2"	149	"HiG"
"HiG_8"	415909229170849	"TRA2B"	153	"HiG"
"HiG_8"	9396875700201.62	"HSPE1"	263	"HiG"
"HiG_8"	80617173963902.6	"PDIA6"	205	"HiG"
"HiG_8"	1377442277.37096	"LAPTM4A"	309	"HiG"
"HiG_8"	12482686878378.1	"ANP32E"	258	"HiG"
"HiG_8"	0	"PNRC1"	374	"HiG"
"HiG_8"	3185066089393492	"PRDX3"	56	"HiG"
"HiG_8"	4572640024321138	"HAT1"	42	"HiG"
"HiG_8"	5368111737579631	"PPP1CB"	37	"HiG"
"HiG_8"	34688572980106.8	"TXNL1"	236	"HiG"
"HiG_8"	987086078067246	"PPID"	112	"HiG"
"HiG_8"	1127490310512868	"HNRNPDL"	104	"HiG"
"HiG_8"	0	"ARL6IP1"	374	"HiG"
"HiG_8"	38560368665767	"LUC7L3"	231	"HiG"
"HiG_8"	143903937020570	"TSC22D1"	192	"HiG"
"HiG_8"	1300696092724128	"PRDX2"	99	"HiG"
"HiG_8"	176333250488436	"RCN2"	182	"HiG"
"HiG_8"	644906736163711	"BASP1"	132	"HiG"
"HiG_8"	1067396098656926	"FKBP4"	107	"HiG"
"HiG_8"	881973551386222	"MAT2A"	117	"HiG"
"HiG_8"	356519970693780	"TPM1"	158	"HiG"
"HiG_8"	0	"PEG3"	374	"HiG"
"HiG_8"	0	"TIMM8A1"	374	"HiG"
"HiG_8"	686.072158360957	"TIMM8B"	323	"HiG"
"HiG_8"	159948865707997	"DUT"	186	"HiG"
"HiG_8"	8701846712550.54	"SDF2L1"	265	"HiG"
"HiG_8"	76175670863587.2	"OLA1"	207	"HiG"
"HiG_8"	17625865186132.8	"MDK"	251	"HiG"
"HiG_8"	134155556130269	"CENPF"	196	"HiG"
"HiG_8"	643406781600910	"CLNS1A"	133	"HiG"
"HiG_8"	723105228708.344	"DCTPP1"	284	"HiG"
"HiG_8"	656411551008546	"EIF4A3"	129	"HiG"
"HiG_8"	2391526804840.87	"DDAH2"	278	"HiG"
"HiG_8"	715.171062818706	"BIRC5"	322	"HiG"
"HiG_8"	50330297140972.5	"BCAT1"	222	"HiG"
"HiG_8"	99305283004709.1	"SNRPN"	201	"HiG"
"HiG_8"	29262486134526588	"PHGDH"	3	"HiG"
"HiG_8"	10948377513125152	"HNRNPA3"	19	"HiG"
"HiG_8"	471053958691527	"PRDX4"	146	"HiG"
"HiG_8"	27190173320122.9	"PYCR2"	242	"HiG"
"HiG_8"	2838578749053368	"HSD17B10"	63	"HiG"
"HiG_8"	573594492369004	"PAICS"	138	"HiG"
"HiG_8"	284057668744384	"IDH2"	165	"HiG"
"HiG_8"	1537291231000108	"TUBA1B"	87	"HiG"
"HiG_8"	1943172298917927	"TUBB4B"	77	"HiG"
"HiG_8"	2263986071615095	"TUBB5"	69	"HiG"
"HiG_8"	1957386027201237	"SLC25A4"	75	"HiG"
"HiG_8"	254.338344233392	"HOXB2"	336	"HiG"
"HiG_8"	3037358792338464	"FSCN1"	61	"HiG"
"HiG_8"	706774977228052	"LDHB"	124	"HiG"
"HiG_8"	9766304464186950	"MDH1"	20	"HiG"
"HiG_8"	94001034573017.7	"PGAM1"	202	"HiG"
"HiG_8"	0	"ATP6V1F"	374	"HiG"
"HiG_8"	66831758309716.4	"CFL2"	210	"HiG"
"HiG_8"	219196230327836	"TPM2"	173	"HiG"
"HiG_8"	170431847597509	"RALA"	185	"HiG"
"HiG_8"	3593071077640294	"RBMX"	50	"HiG"
"HiG_8"	816.413225558111	"RRAGD"	320	"HiG"
"HiG_8"	0	"PRDX6"	374	"HiG"
"HiG_8"	17443512893997874	"FN1"	8	"HiG"
"HiG_8"	30875903684.4243	"HMGB1"	303	"HiG"
"HiG_8"	5614565874442491	"MCM7"	36	"HiG"
"HiG_8"	473286688691.01	"PTMA"	291	"HiG"
"HiG_8"	512.325316783042	"RBMXL1"	327	"HiG"
"HiG_8"	9435674335049174	"RPS4X"	22	"HiG"
"HiG_8"	61869009465058.4	"NASP"	213	"HiG"
"HiG_8"	5677974935958527	"NOP58"	35	"HiG"
"HiG_8"	1201868065661240	"RSL1D1"	102	"HiG"
"HiG_8"	7817375535725262	"SERBP1"	26	"HiG"
"HiG_8"	323033675454702	"SFXN1"	162	"HiG"
"HiG_8"	0	"GPX3"	374	"HiG"
"HiG_8"	761635319441326	"HADH"	122	"HiG"
"HiG_8"	913.006868482434	"MYL4"	317	"HiG"
"HiG_8"	1996541391413642	"GMPS"	74	"HiG"
"HiG_8"	4247625569180878	"IMPDH2"	44	"HiG"
"HiG_8"	0	"CADM1"	374	"HiG"
"HiG_8"	546.848208805731	"CTSZ"	326	"HiG"
"HiG_8"	0	"DBI"	374	"HiG"
"HiG_8"	18173545297591.5	"FAM162A"	248	"HiG"
"HiG_8"	145091074266637	"HMGB3"	191	"HiG"
"HiG_8"	9404672574255.11	"COX17"	262	"HiG"
"HiG_8"	1955976386680015	"MAGOH"	76	"HiG"
"HiG_8"	7985479419062.4	"FTH1"	266	"HiG"
"HiG_8"	0	"PPP1R14A"	374	"HiG"
"HiG_8"	18089413621758.5	"PTN"	249	"HiG"
"HiG_8"	0	"ADK"	374	"HiG"
"HiG_8"	1109963366936878	"RPS12"	105	"HiG"
"HiG_8"	480446619220836	"PGRMC1"	144	"HiG"
"HiG_8"	1208457408422190	"PDIA4"	100	"HiG"
"HiG_8"	711999553838375	"TBCB"	123	"HiG"
"HiG_8"	1954000991921.59	"ADH5"	280	"HiG"
"HiG_8"	430.157641941798	"MMP14"	329	"HiG"
"HiG_8"	16988822284004990	"NMRAL1"	10	"HiG"
"HiG_8"	1153840414850343	"GSTM5"	103	"HiG"
"HiG_8"	3110200078452495	"BCCIP"	58	"HiG"
"HiG_8"	60894741740463.1	"EEF1E1"	214	"HiG"
"HiG_8"	341914006072.822	"ALDH1A2"	293	"HiG"
"HiG_8"	2865806482375220	"MTAP"	62	"HiG"
"HiG_8"	1530117365848776	"NSUN2"	89	"HiG"
"HiG_8"	551695313995552	"PPA1"	139	"HiG"
"HiG_8"	9664408031991400	"MARCKS"	21	"HiG"
"HiG_8"	4176615226211883	"PRKRA"	46	"HiG"
"HiG_8"	9983224053.2712	"PRPS1"	306	"HiG"
"HiG_8"	75358039691805	"PSAT1"	208	"HiG"
"HiG_8"	25355457870298.4	"PTBP2"	244	"HiG"
"HiG_8"	0	"DDT"	374	"HiG"
"HiG_8"	208611070300162	"SNX6"	176	"HiG"
"HiG_8"	698253800308.58	"SPARC"	286	"HiG"
"HiG_8"	475023716668202	"TPM4"	145	"HiG"
"HiG_8"	38231301549054.6	"TXNDC12"	232	"HiG"
"HiG_8"	0	"PPIC"	374	"HiG"
"HiG_8"	260080563531893	"STMN1"	167	"HiG"
"HiG_8"	6286622958217877	"UBE2E3"	32	"HiG"
"HiG_8"	11865497506160.4	"UBE2R2"	260	"HiG"
"HiG_8"	0	"BAMBI"	374	"HiG"
"HiG_8"	591781109605.249	"BNIP3L"	289	"HiG"
"HiG_8"	0	"CDCA7"	374	"HiG"
"HiG_8"	0	"EMB"	374	"HiG"
"HiG_8"	0	"FSTL1"	374	"HiG"
"HiG_8"	20661298235316452	"GABARAP"	6	"HiG"
"HiG_8"	2426406390742.58	"GINS2"	277	"HiG"
"HiG_8"	1781421514528903	"GPC3"	80	"HiG"
"HiG_8"	957723005858.943	"HMGN3"	282	"HiG"
"HiG_8"	0	"IGFBP2"	374	"HiG"
"HiG_8"	1603536961932017	"IMP3"	85	"HiG"
"HiG_8"	712767894284.817	"JAM3"	285	"HiG"
"HiG_8"	1864676914812758	"KRT18"	79	"HiG"
"HiG_8"	698990287941931	"LUZP1"	125	"HiG"
"HiG_8"	794.262562223717	"MRPL34"	321	"HiG"
"HiG_8"	1204551619966154	"MRTO4"	101	"HiG"
"HiG_8"	1311369371143149	"PSIP1"	98	"HiG"
"HiG_8"	42957774378065	"PCBP4"	228	"HiG"
"HiG_8"	13187852266944.9	"MPHOSPH8"	256	"HiG"
"HiG_8"	1455040904798633	"LYAR"	91	"HiG"
"HiG_8"	1737130768470790	"UHRF1"	81	"HiG"
"HiG_8"	54839691142693.7	"RBMS1"	219	"HiG"
"HiG_8"	27723574115160.6	"MTCH1"	241	"HiG"
"HiG_8"	3175196141108172	"GPX4"	57	"HiG"
"HiG_8"	0	"HAPLN1"	374	"HiG"
"HiG_8"	7785950519236216	"SRSF11"	27	"HiG"
"HiG_8"	3534313450634412	"EIF1B"	51	"HiG"
"HiG_8"	27520981259682088	"SRSF9"	4	"HiG"
"HiG_8"	24288630141755.8	"ITM2C"	245	"HiG"
"HiG_8"	5324747885927492	"MPZL1"	38	"HiG"
"HiG_8"	654156973257.848	"PCLAF"	288	"HiG"
"HiG_8"	36174640559044.1	"MARCKSL1"	235	"HiG"
"HiG_8"	0	"LIMD2"	374	"HiG"
"HiG_8"	100213535472380	"RRM2"	200	"HiG"
"HiG_8"	157668291430.203	"SLC16A3"	297	"HiG"
"HiG_8"	181876555481496	"RAB34"	180	"HiG"
"HiG_8"	85989196442345.3	"SSR3"	203	"HiG"
"HiG_8"	0	"GSTA4"	374	"HiG"
"HiG_8"	12125608821342054	"TKT"	17	"HiG"
"HiG_8"	85367906842931	"GALK1"	204	"HiG"
"HiG_8"	0	"MOGAT2"	374	"HiG"
"HiG_8"	3057626928986930	"TWIST1"	60	"HiG"
"HiG_8"	5952021187519095	"RRS1"	34	"HiG"
"HiG_8"	368.259689610325	"CRABP1"	332	"HiG"
"HiG_8"	79657328419.1969	"ARMCX2"	299	"HiG"
"HiG_8"	4758319851681283	"PJA1"	41	"HiG"
"HiG_8"	0	"BEX2"	374	"HiG"
"HiG_8"	0	"TCEAL8"	374	"HiG"
"HiG_8"	0	"TSPAN6"	374	"HiG"
"HiG_8"	31020376695844.1	"FGF8"	238	"HiG"
"HiG_8"	25552706992875.3	"WLS"	243	"HiG"
"HiG_8"	4145921516817.11	"SMARCD3"	274	"HiG"
"HiG_8"	0	"PITX2"	374	"HiG"
"HiG_8"	0	"CFC1"	374	"HiG"
"HiG_8"	0	"BEX1"	374	"HiG"
"HiG_8"	956927525203631	"RANGRF"	113	"HiG"
"HiG_8"	0	"PHLDA1"	374	"HiG"
"HiG_8"	425.41693779201	"ODC1"	331	"HiG"
"HiG_8"	0	"PLP2"	374	"HiG"
"HiG_8"	365977255213782	"EFNA4"	156	"HiG"
"HiG_8"	593.3307357195	"RASL11A"	324	"HiG"
"HiG_8"	0	"ABRACL"	374	"HiG"
"HiG_8"	1428138081771694	"NOP10"	92	"HiG"
"HiG_8"	16477859813400026	"RHOC"	11	"HiG"
"HiG_8"	10886866481.7314	"CRABP2"	305	"HiG"
"HiG_8"	0	"LEFTY2"	374	"HiG"
"HiG_8"	0	"IRX3"	374	"HiG"
"HiG_8"	12858128492148712	"VIM"	15	"HiG"
"HiG_8"	20293853246152484	"HNRNPH3"	7	"HiG"
"HiG_8"	14097812907193532	"TRA2A"	14	"HiG"
"HiG_8"	0	"CTXN1"	374	"HiG"
"HiG_8"	0	"MYL7"	374	"HiG"
"HiG_8"	674967889203.074	"GCSH"	287	"HiG"
"HiG_8"	151624675044143	"ORC6"	188	"HiG"
"HiG_8"	1462159961780811	"WDR12"	90	"HiG"
"HiG_8"	0	"BRI3"	374	"HiG"
"HiG_8"	602303663972356	"SLBP"	135	"HiG"
"HiG_8"	3751928841639166	"RBPMS"	49	"HiG"
"HiG_8"	0	"ALX1"	374	"HiG"
"HiG_8"	949.670481448317	"CTNNBIP1"	316	"HiG"
"HiG_8"	0	"TCEAL9"	374	"HiG"
"HiG_8"	263.973771521124	"MEST"	335	"HiG"
"HiG_8"	213619696051156	"LSR"	174	"HiG"
"HiG_8"	0	"TGFB2"	374	"HiG"
"HiG_8"	58709903548480.3	"TSEN34"	215	"HiG"
"HiG_8"	0	"FXYD6"	374	"HiG"
"HiG_8"	0	"TAX1BP3"	374	"HiG"
"HiG_8"	0	"SPTSSA"	374	"HiG"
"HiG_8"	29646152472562.5	"RRAS2"	240	"HiG"
"HiG_8"	931093723018486	"HMGN1"	114	"HiG"
"HiG_8"	0	"SH3BP1"	374	"HiG"
"HiG_8"	0	"ATXN7L3B"	374	"HiG"
"HiG_8"	16187130390028740	"PAIP2"	12	"HiG"
"HiG_8"	64594185706545.3	"XBP1"	212	"HiG"
"HiG_8"	0	"IER2"	374	"HiG"
"HiG_8"	334685878825411	"SOX4"	159	"HiG"
"HiG_8"	0	"PNRC2"	374	"HiG"
"HiG_8"	433013204684.739	"TNNI1"	292	"HiG"
"HiG_8"	6555804233002697	"TTC3"	30	"HiG"
"HiG_8"	9039580296066174	"NPM3"	23	"HiG"
"HiG_8"	1323.76751445293	"LAPTM4B"	314	"HiG"
"HiG_8"	1548.53555809817	"SRM"	313	"HiG"
"HiG_8"	0	"FZD2"	374	"HiG"
"HiG_8"	1885785238599057	"ARL4C"	78	"HiG"
"HiG_8"	440747102426524	"TMEM9"	148	"HiG"
"HiG_8"	136616290261392	"DUSP9"	193	"HiG"
"HiG_8"	0	"KRCC1"	374	"HiG"
"HiG_8"	17225628505602574	"TECR"	9	"HiG"
"HiG_8"	0	"MPPED2"	374	"HiG"
"HiG_8"	9007728124425672	"NECTIN2"	24	"HiG"
"HiG_8"	2052779505217570	"UGDH"	73	"HiG"
"HiG_8"	215914473419196160	"TIPARP"	1	"HiG"
"HiG_8"	228211461709950	"IGFBP4"	172	"HiG"
"HiG_8"	1424799236440621	"SMS"	93	"HiG"
"HiG_8"	425.908250766698	"METTL9"	330	"HiG"
"HiG_8"	2017584575350.54	"TNFAIP1"	279	"HiG"
"HiG_8"	907.633971976114	"MANF"	318	"HiG"
"HiG_8"	0	"SELENOK"	374	"HiG"
"HiG_8"	836.791542470249	"TSPAN3"	319	"HiG"
"HiG_8"	5138580659912.66	"FOXF1"	271	"HiG"
"HiG_8"	0	"LPAR6"	374	"HiG"
"HiG_8"	0	"OAZ2"	374	"HiG"
"HiG_8"	0	"SHISA2"	374	"HiG"
"HiG_8"	0	"PHLDA2"	374	"HiG"
"HiG_8"	0	"PRTG"	374	"HiG"
"HiG_8"	257906626333442	"APLNR"	169	"HiG"
"HiG_8"	0	"SOX11"	374	"HiG"
"HiG_8"	0	"STARD3NL"	374	"HiG"
"HiG_8"	791623861571.842	"LY6E"	283	"HiG"
"HiG_8"	0	"SERF1"	374	"HiG"
"HiG_8"	37284516107578.1	"MFAP2"	233	"HiG"
"HiG_8"	0	"IRX5"	374	"HiG"
"HiG_8"	0	"IGFBPL1"	374	"HiG"
"HiG_8"	66160771521482.9	"TMEM59"	211	"HiG"
"HiG_8"	1577.78198926579	"SELENOH"	312	"HiG"
"HiG_8"	45517061238642304	"ZCCHC3"	2	"HiG"
"HiG_8"	0	"RGS5"	374	"HiG"
"HiG_8"	204310035928.934	"WNT2"	295	"HiG"
"HiG_8"	514673342201.98	"VGLL4"	290	"HiG"
"HiG_8"	0	"PPDPF"	374	"HiG"
"HiG_8"	0	"PIGX"	374	"HiG"
"HiG_8"	1176.29730788874	"SFRP5"	315	"HiG"
"HiG_8"	50930839523766.6	"TGIF1"	220	"HiG"
"HiG_8"	0	"OSR1"	374	"HiG"
"HiG_8"	0	"WSB1"	374	"HiG"
"HiG_8"	0	"IFITM2"	374	"HiG"
"HiG_8"	0	"TSPAN7"	374	"HiG"
"HiG_8"	0	"IFITM1"	374	"HiG"
"HiGCTS_15"	0	"TAL1"	24.5	"HiGCTS"
"HiGCTS_15"	0	"GATA1"	24.5	"HiGCTS"
"HiGCTS_15"	0	"CITED4"	24.5	"HiGCTS"
"HiGCTS_15"	0	"CEBPD"	24.5	"HiGCTS"
"HiGCTS_15"	57.75	"CDH5"	1	"HiGCTS"
"HiGCTS_15"	46.25	"JUP"	2	"HiGCTS"
"HiGCTS_15"	5.375	"VAT1"	7	"HiGCTS"
"HiGCTS_15"	0	"RND2"	24.5	"HiGCTS"
"HiGCTS_15"	0	"RAB27B"	24.5	"HiGCTS"
"HiGCTS_15"	8.375	"GMFG"	6	"HiGCTS"
"HiGCTS_15"	0	"PPP1R18"	24.5	"HiGCTS"
"HiGCTS_15"	0	"GNG11"	24.5	"HiGCTS"
"HiGCTS_15"	0	"NPL"	24.5	"HiGCTS"
"HiGCTS_15"	0	"ABI3"	24.5	"HiGCTS"
"HiGCTS_15"	0	"ATP13A2"	24.5	"HiGCTS"
"HiGCTS_15"	0	"SIPA1"	24.5	"HiGCTS"
"HiGCTS_15"	23.6	"RHOJ"	3	"HiGCTS"
"HiGCTS_15"	0	"ALOX5AP"	24.5	"HiGCTS"
"HiGCTS_15"	0	"FAM107B"	24.5	"HiGCTS"
"HiGCTS_15"	0	"ICAM2"	24.5	"HiGCTS"
"HiGCTS_15"	0	"CLDN5"	24.5	"HiGCTS"
"HiGCTS_15"	0	"N4BP3"	24.5	"HiGCTS"
"HiGCTS_15"	0	"ADGRG1"	24.5	"HiGCTS"
"HiGCTS_15"	0	"GRAP"	24.5	"HiGCTS"
"HiGCTS_15"	0	"RNF141"	24.5	"HiGCTS"
"HiGCTS_15"	0	"IGF1"	24.5	"HiGCTS"
"HiGCTS_15"	0	"CD34"	24.5	"HiGCTS"
"HiGCTS_15"	0	"GNGT2"	24.5	"HiGCTS"
"HiGCTS_15"	0	"GPSM3"	24.5	"HiGCTS"
"HiGCTS_15"	19.2333333333333	"SCARB1"	4	"HiGCTS"
"HiGCTS_15"	0	"SMAGP"	24.5	"HiGCTS"
"HiGCTS_15"	0	"PTPN18"	24.5	"HiGCTS"
"HiGCTS_15"	0	"GIMAP1"	24.5	"HiGCTS"
"HiGCTS_15"	0	"OIT3"	24.5	"HiGCTS"
"HiGCTS_15"	12.8666666666667	"VAMP5"	5	"HiGCTS"
"HiGCTS_15"	0	"TIE1"	24.5	"HiGCTS"
"HiGCTS_15"	0	"SMIM1"	24.5	"HiGCTS"
"HiGCTS_15"	0	"MFNG"	24.5	"HiGCTS"
"HiGCTS_15"	0	"RGS10"	24.5	"HiGCTS"
"HiGCTS_15"	0	"ORAI3"	24.5	"HiGCTS"
"HiGCTS_15"	0	"GIMAP5"	24.5	"HiGCTS"
"CTS_15"	11.9166666666667	"SNCA"	7	"CTS"
"CTS_15"	0	"CD38"	35.5	"CTS"
"CTS_15"	0	"TAL1"	35.5	"CTS"
"CTS_15"	0	"GATA1"	35.5	"CTS"
"CTS_15"	0	"CITED4"	35.5	"CTS"
"CTS_15"	0	"CEBPD"	35.5	"CTS"
"CTS_15"	0	"NFE2"	35.5	"CTS"
"CTS_15"	234.2	"CDH5"	1	"CTS"
"CTS_15"	148.761904761905	"JUP"	2	"CTS"
"CTS_15"	0	"EPOR"	35.5	"CTS"
"CTS_15"	9.8	"VAT1"	9	"CTS"
"CTS_15"	0	"RND2"	35.5	"CTS"
"CTS_15"	0	"CAPG"	35.5	"CTS"
"CTS_15"	0	"RAB27B"	35.5	"CTS"
"CTS_15"	21.625	"NES"	5	"CTS"
"CTS_15"	0	"FECH"	35.5	"CTS"
"CTS_15"	0	"FAM171A2"	35.5	"CTS"
"CTS_15"	0	"F10"	35.5	"CTS"
"CTS_15"	11.3	"GMFG"	8	"CTS"
"CTS_15"	0	"PLXND1"	35.5	"CTS"
"CTS_15"	0	"PPP1R18"	35.5	"CTS"
"CTS_15"	0	"HBB-Y"	35.5	"CTS"
"CTS_15"	0	"GNG11"	35.5	"CTS"
"CTS_15"	0	"NPL"	35.5	"CTS"
"CTS_15"	0	"ABI3"	35.5	"CTS"
"CTS_15"	0	"ADGRF5"	35.5	"CTS"
"CTS_15"	0	"ARAP3"	35.5	"CTS"
"CTS_15"	0	"ATP13A2"	35.5	"CTS"
"CTS_15"	0	"SIPA1"	35.5	"CTS"
"CTS_15"	83.3428571428571	"RHOJ"	3	"CTS"
"CTS_15"	0	"ALOX5AP"	35.5	"CTS"
"CTS_15"	0	"FAM107B"	35.5	"CTS"
"CTS_15"	0	"ICAM2"	35.5	"CTS"
"CTS_15"	0	"CLDN5"	35.5	"CTS"
"CTS_15"	0	"GEM"	35.5	"CTS"
"CTS_15"	0	"N4BP3"	35.5	"CTS"
"CTS_15"	0	"ADGRG1"	35.5	"CTS"
"CTS_15"	0	"GRAP"	35.5	"CTS"
"CTS_15"	0	"CAV2"	35.5	"CTS"
"CTS_15"	0	"RNF141"	35.5	"CTS"
"CTS_15"	0	"IGF1"	35.5	"CTS"
"CTS_15"	0	"PLPP2"	35.5	"CTS"
"CTS_15"	0	"CD34"	35.5	"CTS"
"CTS_15"	0	"NRTN"	35.5	"CTS"
"CTS_15"	0	"GNGT2"	35.5	"CTS"
"CTS_15"	0	"GPSM3"	35.5	"CTS"
"CTS_15"	30.7095238095238	"SCARB1"	4	"CTS"
"CTS_15"	0	"SMAGP"	35.5	"CTS"
"CTS_15"	0	"PTPN18"	35.5	"CTS"
"CTS_15"	0	"SLC16A13"	35.5	"CTS"
"CTS_15"	0	"GIMAP1"	35.5	"CTS"
"CTS_15"	0	"OIT3"	35.5	"CTS"
"CTS_15"	19.8428571428571	"VAMP5"	6	"CTS"
"CTS_15"	0	"TIE1"	35.5	"CTS"
"CTS_15"	0	"VAV3"	35.5	"CTS"
"CTS_15"	0	"SMIM1"	35.5	"CTS"
"CTS_15"	0	"MFNG"	35.5	"CTS"
"CTS_15"	0	"RGS10"	35.5	"CTS"
"CTS_15"	0	"ORAI3"	35.5	"CTS"
"CTS_15"	0	"GIMAP5"	35.5	"CTS"
"CTS_15"	0	"TMEM163"	35.5	"CTS"
"CTS_16.1"	0	"TEAD1"	43.5	"CTS"
"CTS_16.1"	819.271886446886	"EZR"	2	"CTS"
"CTS_16.1"	0	"TGFB1I1"	43.5	"CTS"
"CTS_16.1"	932.213888888889	"LMNA"	1	"CTS"
"CTS_16.1"	0	"ANXA3"	43.5	"CTS"
"CTS_16.1"	0	"PITX1"	43.5	"CTS"
"CTS_16.1"	82.4593406593407	"RUNX1"	8	"CTS"
"CTS_16.1"	38.8800366300366	"PRKCZ"	12	"CTS"
"CTS_16.1"	0	"ITGA5"	43.5	"CTS"
"CTS_16.1"	427.715934065934	"PRNP"	4	"CTS"
"CTS_16.1"	0	"BMP2"	43.5	"CTS"
"CTS_16.1"	0	"IFNGR1"	43.5	"CTS"
"CTS_16.1"	115.536721611722	"FGFR2"	5	"CTS"
"CTS_16.1"	94.1699938949939	"FGFR3"	6	"CTS"
"CTS_16.1"	0	"LTBR"	43.5	"CTS"
"CTS_16.1"	0	"CCDC102A"	43.5	"CTS"
"CTS_16.1"	39.5373015873016	"HPCAL1"	10	"CTS"
"CTS_16.1"	0	"COL4A2"	43.5	"CTS"
"CTS_16.1"	0	"KALRN"	43.5	"CTS"
"CTS_16.1"	0	"LRP2"	43.5	"CTS"
"CTS_16.1"	0	"EHD2"	43.5	"CTS"
"CTS_16.1"	0	"CBLN1"	43.5	"CTS"
"CTS_16.1"	0	"PDLIM2"	43.5	"CTS"
"CTS_16.1"	0	"STEAP1"	43.5	"CTS"
"CTS_16.1"	0	"FLRT3"	43.5	"CTS"
"CTS_16.1"	0	"CLDN11"	43.5	"CTS"
"CTS_16.1"	0	"BCAM"	43.5	"CTS"
"CTS_16.1"	0	"LIPA"	43.5	"CTS"
"CTS_16.1"	88.1865079365079	"NDRG1"	7	"CTS"
"CTS_16.1"	0	"COBLL1"	43.5	"CTS"
"CTS_16.1"	0	"ECE1"	43.5	"CTS"
"CTS_16.1"	0	"GSTT1"	43.5	"CTS"
"CTS_16.1"	0	"HSPB8"	43.5	"CTS"
"CTS_16.1"	0	"KCNAB1"	43.5	"CTS"
"CTS_16.1"	0	"POSTN"	43.5	"CTS"
"CTS_16.1"	0	"MFHAS1"	43.5	"CTS"
"CTS_16.1"	0	"SMOC2"	43.5	"CTS"
"CTS_16.1"	546.855815018315	"STIM1"	3	"CTS"
"CTS_16.1"	39.1119047619048	"ITGA4"	11	"CTS"
"CTS_16.1"	65.0746031746032	"S1PR2"	9	"CTS"
"CTS_16.1"	0	"PARD6B"	43.5	"CTS"
"CTS_16.1"	0	"REM1"	43.5	"CTS"
"CTS_16.1"	0	"CHST14"	43.5	"CTS"
"CTS_16.1"	0	"DKK3"	43.5	"CTS"
"CTS_16.1"	0	"PDPN"	43.5	"CTS"
"CTS_16.1"	0	"LRRC1"	43.5	"CTS"
"CTS_16.1"	0	"LRRN4"	43.5	"CTS"
"CTS_16.1"	0	"RAMP1"	43.5	"CTS"
"CTS_16.1"	0	"EMP2"	43.5	"CTS"
"CTS_16.1"	0	"RFLNB"	43.5	"CTS"
"CTS_16.1"	0	"CDC42EP2"	43.5	"CTS"
"CTS_16.1"	0	"EDNRB"	43.5	"CTS"
"CTS_16.1"	0	"CRB2"	43.5	"CTS"
"CTS_16.1"	0	"GAS6"	43.5	"CTS"
"CTS_16.1"	0	"P3H4"	43.5	"CTS"
"CTS_16.1"	0	"GJB5"	43.5	"CTS"
"CTS_16.1"	0	"TMEM37"	43.5	"CTS"
"CTS_16.1"	0	"TINAGL1"	43.5	"CTS"
"CTS_16.1"	0	"TBX20"	43.5	"CTS"
"CTS_16.1"	0	"GPRC5C"	43.5	"CTS"
"CTS_16.1"	0	"SPATS2L"	43.5	"CTS"
"CTS_16.1"	0	"ADAMTS9"	43.5	"CTS"
"CTS_16.1"	0	"CRISPLD1"	43.5	"CTS"
"CTS_16.1"	0	"MYRF"	43.5	"CTS"
"CTS_16.1"	0	"TGFBR3"	43.5	"CTS"
"CTS_16.1"	0	"STARD8"	43.5	"CTS"
"CTS_16.1"	0	"VWC2"	43.5	"CTS"
"CTS_16.1"	0	"NOTUM"	43.5	"CTS"
"CTS_16.1"	0	"NOG"	43.5	"CTS"
"CTS_16.1"	0	"VNN1"	43.5	"CTS"
"CTS_16.1"	0	"TSPAN9"	43.5	"CTS"
"CTS_16.1"	0	"WNT6"	43.5	"CTS"
"CTS_16.1"	0	"UNC5C"	43.5	"CTS"
"CTS_16.1"	0	"UPK3B"	43.5	"CTS"
"CTS_13"	0	"CD38"	31.5	"CTS"
"CTS_13"	2	"TAL1"	6.5	"CTS"
"CTS_13"	86.75	"CDH5"	1	"CTS"
"CTS_13"	0	"EGLN3"	31.5	"CTS"
"CTS_13"	0	"ETS1"	31.5	"CTS"
"CTS_13"	33.0208333333333	"HSPG2"	2	"CTS"
"CTS_13"	0	"WAS"	31.5	"CTS"
"CTS_13"	11.3333333333333	"FBXO6"	4	"CTS"
"CTS_13"	0	"DUSP2"	31.5	"CTS"
"CTS_13"	0	"EXOC3L4"	31.5	"CTS"
"CTS_13"	0	"RAB3B"	31.5	"CTS"
"CTS_13"	0	"AMPD2"	31.5	"CTS"
"CTS_13"	0	"UBASH3B"	31.5	"CTS"
"CTS_13"	0	"KLHL6"	31.5	"CTS"
"CTS_13"	0	"PLVAP"	31.5	"CTS"
"CTS_13"	0	"PLXND1"	31.5	"CTS"
"CTS_13"	0	"ELK3"	31.5	"CTS"
"CTS_13"	9.5625	"NID1"	5	"CTS"
"CTS_13"	0	"ORAI1"	31.5	"CTS"
"CTS_13"	0	"ADAM15"	31.5	"CTS"
"CTS_13"	0	"KCNE3"	31.5	"CTS"
"CTS_13"	0	"RGL1"	31.5	"CTS"
"CTS_13"	0	"MAP3K11"	31.5	"CTS"
"CTS_13"	0	"RIPK3"	31.5	"CTS"
"CTS_13"	0	"GCC2"	31.5	"CTS"
"CTS_13"	0	"RHOJ"	31.5	"CTS"
"CTS_13"	0	"ICAM2"	31.5	"CTS"
"CTS_13"	11.9166666666667	"PECAM1"	3	"CTS"
"CTS_13"	0	"ADORA2A"	31.5	"CTS"
"CTS_13"	0	"N4BP3"	31.5	"CTS"
"CTS_13"	0	"GRAP"	31.5	"CTS"
"CTS_13"	0	"LYL1"	31.5	"CTS"
"CTS_13"	0	"TXNIP"	31.5	"CTS"
"CTS_13"	0	"TNNT1"	31.5	"CTS"
"CTS_13"	0	"TEK"	31.5	"CTS"
"CTS_13"	0	"GNGT2"	31.5	"CTS"
"CTS_13"	0	"UPP1"	31.5	"CTS"
"CTS_13"	0	"ETV2"	31.5	"CTS"
"CTS_13"	0	"BCL6B"	31.5	"CTS"
"CTS_13"	0	"MALL"	31.5	"CTS"
"CTS_13"	0	"MYZAP"	31.5	"CTS"
"CTS_13"	0	"RHBDF1"	31.5	"CTS"
"CTS_13"	0	"TMEM255A"	31.5	"CTS"
"CTS_13"	0	"RASIP1"	31.5	"CTS"
"CTS_13"	0	"PXDC1"	31.5	"CTS"
"CTS_13"	0	"TMEM38B"	31.5	"CTS"
"CTS_13"	0	"GIMAP1"	31.5	"CTS"
"CTS_13"	0	"OIT3"	31.5	"CTS"
"CTS_13"	0	"FMO1"	31.5	"CTS"
"CTS_13"	0	"TIE1"	31.5	"CTS"
"CTS_13"	0	"AQP8"	31.5	"CTS"
"CTS_13"	0	"TSPAN8"	31.5	"CTS"
"CTS_13"	2	"XIAP"	6.5	"CTS"
"CTS_13"	0	"ORAI3"	31.5	"CTS"
"CTS_13"	0	"THSD1"	31.5	"CTS"
"CTS_8"	0	"CHD3"	33	"CTS"
"CTS_8"	0	"DACH1"	33	"CTS"
"CTS_8"	51.6166666666667	"ISL1"	6	"CTS"
"CTS_8"	0	"BATF"	33	"CTS"
"CTS_8"	0	"TOX3"	33	"CTS"
"CTS_8"	0	"NRG1"	33	"CTS"
"CTS_8"	29.9916666666667	"SH3KBP1"	11	"CTS"
"CTS_8"	69.425	"CDK6"	5	"CTS"
"CTS_8"	0	"CLU"	33	"CTS"
"CTS_8"	0	"BMP7"	33	"CTS"
"CTS_8"	157.75	"FGFR2"	3	"CTS"
"CTS_8"	43.8805555555556	"DAB2"	8	"CTS"
"CTS_8"	29.4666666666667	"EPHA7"	12	"CTS"
"CTS_8"	799.7	"EPHA2"	1	"CTS"
"CTS_8"	0	"SPRY1"	33	"CTS"
"CTS_8"	0	"FGF10"	33	"CTS"
"CTS_8"	0	"PDCD4"	33	"CTS"
"CTS_8"	0	"ELMO1"	33	"CTS"
"CTS_8"	0	"PLXNA2"	33	"CTS"
"CTS_8"	0	"TPM2"	33	"CTS"
"CTS_8"	0	"PTPRE"	33	"CTS"
"CTS_8"	24.7458333333333	"FAM110B"	13	"CTS"
"CTS_8"	0	"IRX1"	33	"CTS"
"CTS_8"	0	"NCALD"	33	"CTS"
"CTS_8"	0	"P3H2"	33	"CTS"
"CTS_8"	88.6166666666667	"DUSP14"	4	"CTS"
"CTS_8"	0	"ROBO2"	33	"CTS"
"CTS_8"	0	"CAMK2N1"	33	"CTS"
"CTS_8"	0	"FGF8"	33	"CTS"
"CTS_8"	0	"RARB"	33	"CTS"
"CTS_8"	0	"IRX3"	33	"CTS"
"CTS_8"	0	"NR2F2"	33	"CTS"
"CTS_8"	0	"ALX1"	33	"CTS"
"CTS_8"	0	"OLFML3"	33	"CTS"
"CTS_8"	31.8083333333333	"NR2F1"	9	"CTS"
"CTS_8"	47.4666666666667	"RAB11FIP1"	7	"CTS"
"CTS_8"	0	"TBX1"	33	"CTS"
"CTS_8"	31.2777777777778	"NPM3"	10	"CTS"
"CTS_8"	0	"SCARA3"	33	"CTS"
"CTS_8"	0	"MPPED2"	33	"CTS"
"CTS_8"	0	"B3GALNT1"	33	"CTS"
"CTS_8"	675.872222222222	"RHOU"	2	"CTS"
"CTS_8"	0	"SIX2"	33	"CTS"
"CTS_8"	0	"STOX2"	33	"CTS"
"CTS_8"	0	"IRX2"	33	"CTS"
"CTS_8"	0	"IRX5"	33	"CTS"
"CTS_8"	0	"IGFBPL1"	33	"CTS"
"CTS_8"	0	"GM266"	33	"CTS"
"CTS_8"	0	"TRABD2B"	33	"CTS"
"CTS_8"	0	"OSR1"	33	"CTS"
"CTS_8"	0	"VEGFC"	33	"CTS"
"CTS_8"	0	"TSPAN7"	33	"CTS"
