"signature"	"gene"	"PageRank"	"PPI_cat"	"EigenCentrality"	"p.PageRank"	"rank_by_p.PR"	"rank_by_PR"	"annd"	"p.annd"	"strength"	"rank_by_strength"	"normalized.strength"	"rank_by_normalized.strength"	"rank_by_ANND"	"rank_by_p.ANND"
"HiG_1"	"Anp32a"	0.00192302144614923	"HiG"	0.00102358533544875	0.971	50.5	102	6	0	0.0167730507237289	91	6.25860101631674e-05	91	51	56.5
"HiG_1"	"Anp32e"	0.00126949049759689	"HiG"	5.26610584369392e-05	0.968	29.5	110	12	0	0.00319446464755362	105	1.19196442072896e-05	105	18.5	56.5
"HiG_1"	"Apex1"	0.0053247054457237	"HiG"	0.00165151879395431	0.975	85.5	60	4.65615707062992	0	0.0778202009234333	40	0.000290373884042662	40	62	56.5
"HiG_1"	"Apoe"	0.00510721830484496	"HiG"	0.00152857949301189	0.972	59	66	4.07478873422184	0	0.0482009873389207	58	0.000179854430369107	58	67	56.5
"HiG_1"	"Atp5b"	0.00556040707408644	"HiG"	0.0147821439096768	0.973	69	58	7.27550107079083	0	0.0709669165156173	42	0.000264801927297079	42	33	56.5
"HiG_1"	"Atxn10"	0.00202166327388537	"HiG"	0.0522334199663315	0.975	85.5	100	16	0	0.0287981330098656	76	0.000107455720186066	76	5.5	56.5
"HiG_1"	"Bccip"	0.00737735153079295	"HiG"	2.57567490100534e-17	0.964	1.5	36	1	0	0.0236625520211134	82.5	8.82931045563934e-05	83	105	56.5
"HiG_1"	"Bzw2"	0.00737735153079858	"HiG"	4.35065996193653e-17	0.966	11.5	29	1	0	0.0358058236703305	69.5	0.000133603819665412	69	105	56.5
"HiG_1"	"Cbx1"	0.00507784829296108	"HiG"	0.0627191399821966	0.975	85.5	67	8.38362996907701	0	0.0868646720142205	35	0.000324121910500823	35	26	56.5
"HiG_1"	"Ccnb1"	0.00737735153079295	"HiG"	2.56781867618609e-18	0.965	4	36	1	0	0.00203766513891808	109.5	7.60322813029134e-06	110	105	56.5
"HiG_1"	"Ccnd1"	0.00365406194770247	"HiG"	0.138058852763619	0.976	94.5	79	15.6912244874426	0	0.0784646604265379	39	0.000292778583681111	39	11	56.5
"HiG_1"	"Ccne1"	0.00189926153022845	"HiG"	0.000820226673501607	0.971	50.5	104	6	0	0.0146343110608469	94	5.46056382867422e-05	94	55	56.5
"HiG_1"	"Cct8"	0.00765631316869449	"HiG"	0.0498704135342857	0.977	101	25	6.63542248063924	0	0.158873522695004	19	0.000592811651847031	19	40	56.5
"HiG_1"	"Cd81"	0.0107669454773791	"HiG"	5.11366506773217e-17	0.966	11.5	16	1	0	0.0448102911316685	60	0.000167202578849509	60	105	56.5
"HiG_1"	"Crabp1"	0.0107452694443536	"HiG"	0.00311614799218577	0.967	20	17	12	0	0.18902819071711	14	0.000705329069839964	14	18.5	56.5
"HiG_1"	"Dbn1"	0.00532467369399189	"HiG"	0.0105934977206181	0.974	76.5	61	6.0775993536431	0	0.0526935840137741	55	0.000196617850797664	55	46	56.5
"HiG_1"	"Dek"	0.00572627114488237	"HiG"	5.5104725014783e-05	0.969	40.5	55	2.67084924952921	0	0.0219814291300914	84	8.20202579481022e-05	84	79	56.5
"HiG_1"	"Dkc1"	0.00541211479134349	"HiG"	0.000865738577614854	0.976	94.5	59	5.01002162331081	0	0.0329207175588206	74	0.000122838498353808	74	61	56.5
"HiG_1"	"Dnaja1"	0.00629148166309318	"HiG"	0.295962885193819	0.975	85.5	51	16	0	0.163174812970107	18	0.000608861242425771	18	5.5	56.5
"HiG_1"	"Dut"	0.00182281450268127	"HiG"	6.62217278479242e-06	0.973	69	105	6	0	0.00490670797226674	103	1.83086118368162e-05	103	51	56.5
"HiG_1"	"Ebna1bp2"	0.0045368529641251	"HiG"	0.00110898817204659	0.968	29.5	72	12	0	0.0672721668593151	45	0.000251015547982519	45	18.5	56.5
"HiG_1"	"Eif4a1"	0.00666467411249656	"HiG"	0.0231891468104819	0.976	94.5	45	5.52211843035794	0	0.0926982799482015	31	0.000345889104284334	31	60	56.5
"HiG_1"	"Eif4a3"	0.00571022136366128	"HiG"	0.00209789011149859	0.974	76.5	56	3.55384983525658	0	0.0556892529129732	54	0.000207795719824527	54	69	56.5
"HiG_1"	"Ezh2"	0.0143829483073978	"HiG"	0.0171963933032613	0.968	29.5	12	3.51351709783372	0	0.203056559458135	13	0.000757673729321401	13	70	56.5
"HiG_1"	"Fermt2"	0.0025743236019051	"HiG"	0.000345824491392216	0.976	94.5	94	2.6029068421636	0	0.0197064261441802	88	7.35314408364933e-05	88	80	56.5
"HiG_1"	"Fgfr1"	0.00737735153079858	"HiG"	7.08927636592903e-17	0.966	11.5	29	1	0	0.0619620215214539	49.5	0.000231201572841246	49	105	56.5
"HiG_1"	"Fhl1"	0.00482374806817652	"HiG"	0.000642063689047916	0.975	85.5	68	2	0	0.0409858415359724	62	0.000152932244537211	62	91.5	56.5
"HiG_1"	"Fkbp4"	0.00517183755198253	"HiG"	0.0459893448025496	0.97	46.5	64	7.92621096664454	0	0.11287005912328	29	0.000421156937027163	29	29	56.5
"HiG_1"	"Fn1"	0.00737735153079295	"HiG"	4.4768971774687e-17	0.966	11.5	36	1	0	0.0358058236703305	69.5	0.000133603819665412	70	105	56.5
"HiG_1"	"Foxp1"	0.00118792431491657	"HiG"	6.02392825060998e-05	0.968	29.5	112	16	0	0.00101523062768117	112	3.78817398388496e-06	112	5.5	56.5
"HiG_1"	"Gnl3"	0.0039814019480407	"HiG"	0.0104376839949195	0.969	40.5	76	2	0	0.0649759603250696	47	0.000242447613153245	47	91.5	56.5
"HiG_1"	"Gpc3"	0.00800867928913101	"HiG"	3.98057570744362e-17	0.966	11.5	24	2	0	0.0337945056764251	71	0.000126098901777705	71	91.5	56.5
"HiG_1"	"H1f0"	0.0012900057447847	"HiG"	9.50119316126258e-05	0.968	29.5	109	6	0	0.00304618762332017	106	1.13663717288066e-05	106	47	56.5
"HiG_1"	"H2afy"	0.00523460816020223	"HiG"	1.86328084313651e-06	0.968	29.5	63	2	0	0.0186425514604921	90	6.95617591809405e-05	90	91.5	56.5
"HiG_1"	"H3f3a"	0.00417426472132392	"HiG"	0.0015892022882586	0.97	46.5	74	6	0	0.0509515832304383	57	0.00019011784787477	57	51	56.5
"HiG_1"	"Hadh"	0.00211069719569286	"HiG"	0.000404228147314249	0.973	69	98	3	0	0.0150766549786627	93	5.62561752935177e-05	93	75.5	56.5
"HiG_1"	"Hdac1"	0.00855933503582595	"HiG"	0.0309013517409794	0.971	50.5	23	4.51102952261312	0	0.134321319082996	26	0.000501198951802225	26	63	56.5
"HiG_1"	"Hells"	0.00473935459967417	"HiG"	2.36565322607962e-05	0.967	20	70	2	0	0.0433844854695258	61	0.00016188240846838	61	91.5	56.5
"HiG_1"	"Hmgb3"	0.00737735153079858	"HiG"	2.73237552324637e-17	0.965	4	29	1	0	0.0203013034361778	86.5	7.5751132224544e-05	86	105	56.5
"HiG_1"	"Hnrnpa3"	0.00155829216580394	"HiG"	1.97199731775757e-05	0.971	50.5	107	3	0	0.00518250172341937	102	1.93376929978335e-05	102	75.5	56.5
"HiG_1"	"Hoxa1"	0.00481737811211616	"HiG"	8.87724012951861e-06	0.967	20	69	2	0	0.0400698338524321	65	0.000149514305419523	65	91.5	56.5
"HiG_1"	"Hsp90aa1"	0.0154182157946073	"HiG"	0.273652017987528	0.972	59	10	5.92535870186557	0	0.401853993260426	7	0.00149945519873293	7	57	56.5
"HiG_1"	"Hspa5"	0.0293639925480623	"HiG"	0.832729991934823	0.979	108.5	4	8.34495123586757	0	0.830170637595794	3	0.00309765163282013	3	28	56.5
"HiG_1"	"Hspa8"	0.0480070226330995	"HiG"	1	0.978	105	1	5.58678469206683	0	1.28421636916138	1	0.00479185212373649	1	58	56.5
"HiG_1"	"Hspd1"	0.00335355891283728	"HiG"	0.0279096596852936	0.975	85.5	84	7	0	0.0608068983251506	53	0.00022689141166101	53	36.5	56.5
"HiG_1"	"Id1"	0.017349959169832	"HiG"	0.253056537226344	0.978	105	9	6.25973298355505	0	0.399094396857911	8	0.00148915819723101	8	43	56.5
"HiG_1"	"Id2"	0.0012406558250538	"HiG"	9.93003549719634e-05	0.969	40.5	111	16	0	0.00167353855346702	111	6.24454684129484e-06	111	5.5	56.5
"HiG_1"	"Id3"	0.00323400520503312	"HiG"	0.0015758817079151	0.969	40.5	87	16	0	0.0265588052997796	79	9.9100019775297e-05	79	5.5	56.5
"HiG_1"	"Ifitm2"	0.00335642982587434	"HiG"	1.36489446647202e-17	0.966	11.5	83	2	0	0.0110157854552434	98	4.11036770718039e-05	98	91.5	56.5
"HiG_1"	"Igf2bp1"	0.00210198948484446	"HiG"	0.0116642158485704	0.974	76.5	99	13	0	0.0215859836247716	85	8.05447150178044e-05	85	12	56.5
"HiG_1"	"Impdh2"	0.0034339023997324	"HiG"	0.0632555374454522	0.974	76.5	82	7	0	0.0716504481207136	41	0.000267352418360872	41	36.5	56.5
"HiG_1"	"Ivns1abp"	0.00373371160439859	"HiG"	0.00194604117853288	0.969	40.5	78	16	0	0.032797213462416	75	0.000122377662173194	75	5.5	56.5
"HiG_1"	"Lmnb1"	0.00737735153079858	"HiG"	3.14505570769221e-17	0.964	1.5	29	1	0	0.0236625520211134	82.5	8.82931045563934e-05	82	105	56.5
"HiG_1"	"Mcm7"	0.00605918578277094	"HiG"	0.000300630128898761	0.967	20	53	4.24118805567717	0	0.0615080431887482	51	0.000229507623838613	51	66	56.5
"HiG_1"	"Meis2"	0.00706722744698201	"HiG"	0.00166602310621438	0.969	40.5	42	7.73839915234784	0	0.0681357319560251	44	0.000254237805806064	44	31	56.5
"HiG_1"	"Mrto4"	0.00737735153079295	"HiG"	5.0616808382491e-17	0.966	11.5	36	1	0	0.0385974364813945	66.5	0.000144020285378338	67	105	56.5
"HiG_1"	"Ncam1"	0.00737735153079295	"HiG"	7.15766196942723e-17	0.966	11.5	36	1	0	0.0619620215214539	49.5	0.000231201572841246	50	105	56.5
"HiG_1"	"Ncl"	0.0339989418147526	"HiG"	0.826227612199667	0.981	112	3	8.37341341982984	0	0.874986071910246	2	0.00326487340265017	2	27	56.5
"HiG_1"	"Ndn"	0.0066465896408151	"HiG"	0.00483635496592777	0.968	29.5	47	2.53451107000023	0	0.0801585946841743	38	0.000299099233896173	38	81	56.5
"HiG_1"	"Nedd4"	0.00419548509631877	"HiG"	0.0170559293252286	0.974	76.5	73	10.2558108795691	0	0.040910368243567	63	0.000152650627774504	63	22	56.5
"HiG_1"	"Nop56"	0.00303434889203974	"HiG"	0.000953686770336342	0.977	101	90	7	0	0.0241578805674783	81	9.01413454010385e-05	81	36.5	56.5
"HiG_1"	"Nop58"	0.00737735153079858	"HiG"	4.45261383290616e-17	0.966	11.5	29	1	0	0.0385974364813945	66.5	0.000144020285378338	66	105	56.5
"HiG_1"	"Npm1"	0.0188729919181059	"HiG"	0.48673828806883	0.98	111	7	6.50887596399198	0	0.493885507665599	5	0.00184285637188656	5	42	56.5
"HiG_1"	"Nsun2"	0.00641562459563734	"HiG"	0.0885660566704553	0.974	76.5	49	4.3098188274608	0	0.123254577758988	28	0.000459905140891747	28	64	56.5
"HiG_1"	"Pa2g4"	0.00601989249038856	"HiG"	4.5428817231902e-05	0.972	59	54	6	0	0.0336605441939434	72	0.000125599045499789	72	51	56.5
"HiG_1"	"Paics"	0.00136399617043572	"HiG"	0.0146925138175727	0.97	46.5	108	16	0	0.00810050284741989	101	3.02257568933578e-05	101	5.5	56.5
"HiG_1"	"Pbx1"	0.0087462755839588	"HiG"	0.000122145169705963	0.967	20	22	1.50085975966026	0	0.0802777067726677	37	0.000299543681987566	37	97	56.5
"HiG_1"	"Pcbp4"	0.00255795005573168	"HiG"	0.000469215628060028	0.968	29.5	95	12	0	0.0284630195519584	77	0.000106205296835666	77	18.5	56.5
"HiG_1"	"Pcna"	0.0101326690388031	"HiG"	0.0023254212339232	0.973	69	19	2.17886896482705	0	0.158842351192187	20	0.000592695340269353	20	84	56.5
"HiG_1"	"Pdia6"	0.00657113470012366	"HiG"	0.169470212861085	0.976	94.5	48	6.54053494412019	0	0.156208149716319	23	0.000582866230284771	23	41	56.5
"HiG_1"	"Pdlim4"	0.00200538606313175	"HiG"	0.000665777271120698	0.968	29.5	101	16	0	0.0112205432856422	97	4.18676988270231e-05	97	5.5	56.5
"HiG_1"	"Pfn2"	0.00332873871668015	"HiG"	0.1268438060871	0.975	85.5	85	16	0	0.0699334793993667	43	0.000260945818654353	43	5.5	56.5
"HiG_1"	"Pkm"	0.00404311094021259	"HiG"	0.0444911205132902	0.972	59	75	7	0	0.0897838368665683	32	0.0003350143166663	32	36.5	56.5
"HiG_1"	"Ppid"	0.00683166437921713	"HiG"	0.22822908647416	0.975	85.5	44	12.3550850684479	0	0.178271984666929	17	0.000665193972637796	17	14	56.5
"HiG_1"	"Ppp1cb"	0.00737735153079858	"HiG"	2.29089714005803e-18	0.965	4	29	1	0	0.00203766513891808	109.5	7.60322813029134e-06	109	105	56.5
"HiG_1"	"Prdx1"	0.00323655577740427	"HiG"	9.88390048072e-05	0.973	69	86	2.09729286600534	0	0.0188692582732956	89	7.04076801242374e-05	89	85	56.5
"HiG_1"	"Prdx2"	0.00567941619215246	"HiG"	6.73736824418808e-05	0.972	59	57	2	0	0.0402326850181219	64	0.000150121959022843	64	91.5	56.5
"HiG_1"	"Prdx4"	0.00355805443264745	"HiG"	0.0290579325977897	0.974	76.5	80	3.32142244100697	0	0.0644704517535165	48	0.000240561387139987	48	71	56.5
"HiG_1"	"Prmt1"	0.0148117968438696	"HiG"	0.0217652068754044	0.975	85.5	11	3.08109253318499	0	0.157774079493413	21	0.000588709251841094	21	73	56.5
"HiG_1"	"Prps1"	0.0026513155330445	"HiG"	0.00345028952390955	0.972	59	93	7.15223551046	0	0.0153149684873334	92	5.71454048034829e-05	92	34	56.5
"HiG_1"	"Prrx2"	0.00912222918480529	"HiG"	0.00259142462579947	0.968	29.5	20	12	0	0.157198024491463	22	0.000586559792878592	22	18.5	56.5
"HiG_1"	"Psip1"	0.00737735153079295	"HiG"	2.76458467124361e-17	0.966	11.5	36	1	0	0.0203013034361778	86.5	7.5751132224544e-05	87	105	56.5
"HiG_1"	"Ptma"	0.0103750731561171	"HiG"	0.0103828448932096	0.976	94.5	18	5.54377223635841	0	0.185226358063104	15	0.000691143127101134	15	59	56.5
"HiG_1"	"Rbbp4"	0.00889851376805456	"HiG"	0.0225602755493715	0.968	29.5	21	7.54949881758115	0	0.13596793037107	25	0.000507343023772648	25	32	56.5
"HiG_1"	"Rbbp7"	0.0131397287490387	"HiG"	0.289350604586168	0.974	76.5	14	9.30582627710951	0	0.290241273609395	10	0.00108298982690073	10	24	56.5
"HiG_1"	"Rbmx"	0.00516209705676258	"HiG"	3.82932759948977e-05	0.972	59	65	2	0	0.0367725970787876	68	0.000137211183129805	68	91.5	56.5
"HiG_1"	"Rbmxl1"	0.00664975737988795	"HiG"	0.000574135088700276	0.975	85.5	46	2.69502808231668	0	0.0512513407036249	56	0.000191236345909048	56	78	56.5
"HiG_1"	"Rcn2"	0.00394008617030296	"HiG"	0.0332035385061173	0.978	105	77	13	0	0.0614469971905884	52	0.00022927984026339	52	13	56.5
"HiG_1"	"Rrs1"	0.00250696800365699	"HiG"	0.000452733304942942	0.968	29.5	96	12	0	0.0274631877963901	78	0.000102474581329814	78	18.5	56.5
"HiG_1"	"Rtn4"	0.00289387041272251	"HiG"	0.0002224457960897	0.97	46.5	91	3	0	0.0253584033394038	80	9.46209079828498e-05	80	75.5	56.5
"HiG_1"	"Ruvbl2"	0.00158945463379982	"HiG"	5.42585539454794e-06	0.973	69	106	3	0	0.00345539194130316	104	1.28932535123252e-05	104	75.5	56.5
"HiG_1"	"Serbp1"	0.00732364331085686	"HiG"	0.19773168261369	0.979	108.5	40	7.84791291663621	0	0.154879506972787	24	0.000577908608107413	24	30	56.5
"HiG_1"	"Set"	0.0174744366728692	"HiG"	0.0336455681336848	0.972	59	8	2.3692663564925	0	0.305155511182119	9	0.00113863996709746	9	82	56.5
"HiG_1"	"Sfpq"	0.00730099806470497	"HiG"	0.244233979887392	0.979	108.5	41	9.40669484270405	0	0.184118601998684	16	0.000687009708950315	16	23	56.5
"HiG_1"	"Slc25a5"	0.00347915688121385	"HiG"	0.0152833119628318	0.979	108.5	81	8.54339288891864	0	0.0451708853489448	59	0.000168548079660242	59	25	56.5
"HiG_1"	"Tbcb"	0.00641394593648699	"HiG"	0.0156248442196155	0.976	94.5	50	3.15307591272735	0	0.0945766185997258	30	0.000352897830595992	30	72	56.5
"HiG_1"	"Tcf15"	0.00219331458780545	"HiG"	0.000804986061113238	0.968	29.5	97	16	0	0.0135666706192231	96	5.06219052956086e-05	96	5.5	56.5
"HiG_1"	"Tcf3"	0.0194414781557658	"HiG"	0.032713796704265	0.969	40.5	6	4.26429428383269	0	0.206303731047543	12	0.000769790041222176	12	65	56.5
"HiG_1"	"Timm8b"	0.00322108223571785	"HiG"	1.95507099520188e-05	0.972	59	88	6	0	0.0144861252496073	95	5.40527061552512e-05	95	51	56.5
"HiG_1"	"Tnfaip1"	0.00469279973183402	"HiG"	0.000278960960258946	0.973	69	71	4	0	0.0661390064725209	46	0.000246787337584033	46	68	56.5
"HiG_1"	"Tpm1"	0.00737735153079858	"HiG"	2.93008187598677e-18	0.966	11.5	29	1	0	0.00251476560921823	107.5	9.38345376573968e-06	107	105	56.5
"HiG_1"	"Tpm4"	0.00737735153079295	"HiG"	2.82364572904945e-18	0.966	11.5	36	1	0	0.00251476560921823	107.5	9.38345376573968e-06	108	105	56.5
"HiG_1"	"Trim28"	0.0070322900525676	"HiG"	0.0290259592925105	0.977	101	43	6.10431215932727	0	0.123256668610055	27	0.000459912942574833	27	45	56.5
"HiG_1"	"Trp53"	0.0061958646759609	"HiG"	0.0148826734534182	0.972	59	52	6.96556238236489	0	0.089734970912385	33	0.000334831981016362	33	39	56.5
"HiG_1"	"Tuba1a"	0.0122756124329309	"HiG"	0.152547368690738	0.976	94.5	15	6.19843416982828	0	0.214945466096101	11	0.000802035321254109	11	44	56.5
"HiG_1"	"Tubb2b"	0.00270989706854256	"HiG"	1.48242357031916e-05	0.972	59	92	6	0	0.0109840376975154	99	4.09852152892366e-05	99	51	56.5
"HiG_1"	"Twist1"	0.0349211094219017	"HiG"	0.00908881719990608	0.968	29.5	2	2.07694711406097	0	0.582125430635862	4	0.00217210981580545	4	86	56.5
"HiG_1"	"Ubc"	0.0143320455986702	"HiG"	0.000744091199409054	0.972	59	13	2.28913782894535	0	0.0834595161470887	36	0.00031141610502645	36	83	56.5
"HiG_1"	"Ube2r2"	0.00192212138569115	"HiG"	0.000289418106215687	0.972	59	103	2	0	0.00935548228723482	100	3.49085159971449e-05	100	91.5	56.5
"HiG_1"	"Xist"	0.00309503003667302	"HiG"	0.00103010476217647	0.969	40.5	89	6	0	0.0330262981081015	73	0.000123232455627245	73	51	56.5
"HiG_1"	"Ywhae"	0.025880536833927	"HiG"	0.297919942635671	0.977	101	5	5.98635756575536	0	0.477059108092114	6	0.00178007129885117	6	56	56.5
"HiG_1"	"Ywhaq"	0.00526540395307835	"HiG"	0.0449147559187588	0.977	101	62	12.2766608717199	0	0.0897235221831218	34	0.00033478926187732	34	15	56.5
"HiG_10"	"Actg1"	0.00692786238763174	"HiG"	0.0750852250363702	0.913	136	30	9.08756805275836	0	0.396422130948954	28	0.00112619923565044	28	70	83
"HiG_10"	"Aldoa"	0.00492742043788892	"HiG"	0.000908357002413099	0.887	20	59	3.05028706516502	0	0.294390444869376	40	0.000836336491106182	40	127	83
"HiG_10"	"Anp32a"	0.00371980070172304	"HiG"	0.0104634423776754	0.896	65.5	78	7.24434840652359	0	0.196422528360996	65	0.000558018546480104	65	85	83
"HiG_10"	"Anp32b"	0.00322677652829241	"HiG"	0.000379109595311846	0.892	52.5	92	3	0	0.118481115980496	92	0.000336594079490046	92	132	83
"HiG_10"	"Apex1"	0.00132983849481656	"HiG"	0.000183462934743819	0.904	94.5	150	4	0	0.0244012795051238	153	6.93218167759199e-05	153	114	83
"HiG_10"	"Apoe"	0.00328395870363107	"HiG"	0.0143384344631624	0.897	69.5	89	9	0	0.198928595435771	63	0.000565138055215259	63	72	83
"HiG_10"	"Arpc1b"	0.00558912593865653	"HiG"	1.48593197414948e-05	0.892	52.5	45	2.53972602471288	0	0.209922208098818	59	0.000596369909371642	59	139	83
"HiG_10"	"Arpc2"	0.00549101823465807	"HiG"	2.01708616517097e-05	0.89	34.5	47	2.62417489678054	0	0.205775304467316	61	0.000584588933145784	61	137	83
"HiG_10"	"Arpc5"	0.00471716046816266	"HiG"	3.02566623751675e-06	0.888	24	63	3	0	0.173957254264138	72	0.000494196745068573	72	132	83
"HiG_10"	"Asap1"	0.00324133938074628	"HiG"	0.00187300497599915	0.89	34.5	91	16.1773480470381	0	0.102852545834728	99	0.000292194732485023	99	42	83
"HiG_10"	"Atp5b"	0.00609606504279131	"HiG"	0.0285566334441388	0.903	88.5	37	8.34798575445941	0	0.367002984830166	36	0.00104262211599479	36	75	83
"HiG_10"	"Atp6v0b"	0.00422622196182874	"HiG"	0	0.875	4.5	71	2	0	0.0693923056364147	116	0.000197137231921633	116	149	83
"HiG_10"	"Atxn10"	0.00132859851296093	"HiG"	0.0260613059657037	0.904	94.5	151	19	0	0.0482712828216429	130	0.000137134326197849	130	33.5	83
"HiG_10"	"Basp1"	0.00103523723322786	"HiG"	0.000477144424980389	0.888	24	160	32	0	0.0124202474050472	158	3.52847937643387e-05	158	9.5	83
"HiG_10"	"Bin1"	0.0473219196556321	"HiG"	0.0380356395768155	0.891	42	1	2.25069344955554	0	1.9301035473976	3	0.00548324871419773	3	143	83
"HiG_10"	"Brix1"	0.00258392525944384	"HiG"	0.0687216220587809	0.914	142.5	110	28	0	0.14732369075526	78	0.000418533212372897	78	19	83
"HiG_10"	"Bzw2"	0.0051759834368535	"HiG"	0	0.877	13.5	51	1	0	0.0308426292884566	145.5	8.76211059331155e-05	145	162.5	83
"HiG_10"	"Cald1"	0.00286424854559886	"HiG"	0.00384873885681813	0.891	42	101	32	0	0.10018410840924	100	0.000284613944344432	100	9.5	83
"HiG_10"	"Capns1"	0.00335227651122918	"HiG"	0.00584639499240229	0.901	82	86	2.66500895903398	0	0.0412393745829087	135	0.000117157314155991	135	136	83
"HiG_10"	"Cbx1"	0.00347538867810736	"HiG"	0.0267004204903555	0.91	121.5	84	5.37790837026045	0	0.195845944418212	66	0.000556380523915374	66	97	83
"HiG_10"	"Ccnd1"	0.00309697662741753	"HiG"	0.0328368174215904	0.907	106.5	97	10.799300644041	0	0.131961352249635	86	0.000374890205254643	86	60	83
"HiG_10"	"Ccnd2"	0.00264307772716542	"HiG"	0.01067382602874	0.898	72.5	107	9	0	0.148086544962645	77	0.000420700411825696	77	72	83
"HiG_10"	"Cct4"	0.00573188482564569	"HiG"	0.0104729164992843	0.899	76.5	43	4.43827476727024	0	0.373138419831029	34	0.00106005232906542	34	105	83
"HiG_10"	"Cct8"	0.00815065147333602	"HiG"	0.0180114250831627	0.905	98	24	7.25803510022445	0	0.534589410358372	22	0.00151871991579083	22	84	83
"HiG_10"	"Cd81"	0.0120156972940533	"HiG"	0	0.875	4.5	14	1.61713301247225	0	0.327185439580498	38	0.000929504089717323	38	156	83
"HiG_10"	"Cdh5"	0.00127044287809573	"HiG"	6.89157086671847e-05	0.898	72.5	154	4	0	0.0150890844423091	157	4.28667171656507e-05	157	114	83
"HiG_10"	"Cdk1"	0.00259545622997219	"HiG"	0.00398831867049891	0.894	61.5	109	3	0	0.0976042158936929	101	0.000277284704243446	101	132	83
"HiG_10"	"Cfl2"	0.00142732094147644	"HiG"	0.00332317326605488	0.903	88.5	145	5	0	0.0438197217113103	133	0.000124487845770768	133	99.5	83
"HiG_10"	"Cnn2"	0.00227626701379365	"HiG"	0.000402453581138389	0.889	29	118	2	0	0.0656891514977079	119	0.000186616907663943	119	149	83
"HiG_10"	"Cnn3"	0.00598733361889907	"HiG"	0.00606587226176507	0.892	52.5	38	22.8638592135217	0	0.222891015366446	56	0.000633213111836495	56	28	83
"HiG_10"	"Cotl1"	0.00207265117551169	"HiG"	0.00661779149001767	0.906	102	126	5	0	0.0872629135525979	107	0.00024790600441079	107	99.5	83
"HiG_10"	"Creld2"	0.00213386850948033	"HiG"	0.145500778860035	0.908	109.5	123	10	0	0.144057686028276	79	0.000409254789853056	79	63	83
"HiG_10"	"Crip2"	0.000884129614823966	"HiG"	0.000198593056067098	0.887	20	164	32	0	0.00516945134458849	164	1.46859413198537e-05	164	9.5	83
"HiG_10"	"Csrp1"	0.00198961805387861	"HiG"	0.00223644740960081	0.892	52.5	128	32	0	0.0582155604914814	124	0.000165385115032618	124	9.5	83
"HiG_10"	"Ctnna1"	0.0051759834368535	"HiG"	0	0.876	8.5	51	1	0	0.0235832283164356	154.5	6.69978077171466e-05	154	162.5	83
"HiG_10"	"Ctsl"	0.00517598343684955	"HiG"	0	0.876	8.5	54	1	0	0.0235832283164356	154.5	6.69978077171466e-05	155	162.5	83
"HiG_10"	"Dbn1"	0.00168540964195868	"HiG"	0.00874117446231538	0.909	114.5	139	11	0	0.0710334635378079	115	0.000201799612323318	115	59	83
"HiG_10"	"Ddah2"	0.00151445123267369	"HiG"	0.00136052619591967	0.892	52.5	142	32	0	0.0354150044927476	141	0.000100610808218033	141	9.5	83
"HiG_10"	"Ddx39b"	0.00587574957174672	"HiG"	0.135451479990052	0.92	157	42	14.3366500570082	0	0.429902843132205	27	0.00122131489526195	27	47	83
"HiG_10"	"Ddx5"	0.0129278818020856	"HiG"	0.596644033046058	0.925	162	10	13.1768423920756	0	1.11121919866131	8	0.00315687272346962	8	49	83
"HiG_10"	"Dek"	0.0051759834368535	"HiG"	0	0.874	1.5	51	1	0	0.00692296032629015	161.5	1.96675009269606e-05	161	162.5	83
"HiG_10"	"Dkc1"	0.00167076993593379	"HiG"	0.0255816154579713	0.908	109.5	140	16.012224654718	0	0.075643872035743	112	0.000214897363737906	112	44	83
"HiG_10"	"Dnaja1"	0.00373789059866862	"HiG"	0.139768630832295	0.914	142.5	77	19	0	0.258882310709149	48	0.000735461109969173	48	33.5	83
"HiG_10"	"Dnajc3"	0.0031599254113718	"HiG"	0.106688886201804	0.906	102	94	4.98912151670316	0	0.168942950444928	75	0.000479951563763999	75	101	83
"HiG_10"	"Ebna1bp2"	0.00132736941206286	"HiG"	0.00415446858117397	0.889	29	152	11.3694658915801	0	0.0307273383663728	147	8.72935749044683e-05	147	54	83
"HiG_10"	"Eif3e"	0.00177226591595437	"HiG"	0.00647128713618765	0.909	114.5	135	2	0	0.0683991351090433	117	0.0001943157247416	117	149	83
"HiG_10"	"Eif3m"	0.00414843492591861	"HiG"	0.0936722983964808	0.915	147	72	7.45820071087556	0	0.242187578938791	52	0.000688032894712475	52	82	83
"HiG_10"	"Eif4a1"	0.00628537370227667	"HiG"	0.0390188470457398	0.909	114.5	36	4.57358308624855	0	0.394927779964546	29	0.00112195392035382	29	103	83
"HiG_10"	"Eif4a3"	0.00915920035887043	"HiG"	0.19952021692019	0.911	127	20	10.3632357058404	0	0.705516722831145	17	0.00200430887167939	17	61	83
"HiG_10"	"Eno1"	0.00181094252179951	"HiG"	0.00373679921220204	0.893	59.5	132	18.6299145080371	0	0.0644448600594131	120	0.000183081988805151	120	36	83
"HiG_10"	"Fabp5"	0.00157331623827973	"HiG"	0.00146903778564522	0.89	34.5	141	32	0	0.0382396016590287	136	0.000108635231985877	136	9.5	83
"HiG_10"	"Fam162a"	0.00174146791601496	"HiG"	0.000728664455743116	0.896	65.5	136	8	0	0.0508954426253471	128	0.000144589325640191	128	79	83
"HiG_10"	"Fermt2"	0.00121605379554119	"HiG"	0.0119100565511711	0.906	102	156	26.3236587750533	0	0.027342699256539	150	7.76781228878949e-05	150	25	83
"HiG_10"	"Fli1"	0.00506658339238831	"HiG"	7.95804224874642e-06	0.891	42	56	4	0	0.141564496938276	80	0.00040217186630192	80	114	83
"HiG_10"	"Fn1"	0.00517598343684955	"HiG"	0	0.877	13.5	54	1	0	0.0308426292884566	145.5	8.76211059331155e-05	146	162.5	83
"HiG_10"	"Fscn1"	0.00371913480830269	"HiG"	0.00542463384647263	0.892	52.5	79	32	0	0.141205242957102	81	0.000401151258400859	81	9.5	83
"HiG_10"	"Fth1"	0.00210229407767775	"HiG"	8.55027848779825e-05	0.888	24	125	2	0	0.0931954711280897	104	0.000264759861159346	104	149	83
"HiG_10"	"G3bp2"	0.00133929279107463	"HiG"	0.00381522351148886	0.904	94.5	149	3	0	0.035405596935461	142	0.000100584082203014	142	132	83
"HiG_10"	"Gmps"	0.00237884202612644	"HiG"	0.00219895543554354	0.906	102	114	2	0	0.0718383917737418	114	0.000204086340266312	114	149	83
"HiG_10"	"Gnai2"	0.00528412074436105	"HiG"	0.00701452058381981	0.901	82	48	3.33105467552609	0	0.263405386957419	46	0.000748310758401759	46	125	83
"HiG_10"	"Gpc3"	0.00376146461536409	"HiG"	0	0.877	13.5	76	4	0	0.0956269186231765	102	0.000271667382452206	102	114	83
"HiG_10"	"Gpi1"	0.00934922320753818	"HiG"	0.0044304255131858	0.888	24	19	2.60952571207119	0	0.676317626236885	18	0.00192135689271842	18	138	83
"HiG_10"	"H1f0"	0.00492757309249596	"HiG"	0.0404568803535747	0.903	88.5	58	17.0737531947273	0	0.224736628077524	54	0.000638456329765694	54	40	83
"HiG_10"	"H2afy"	0.00517598343684955	"HiG"	0	0.874	1.5	54	1	0	0.00692296032629015	161.5	1.96675009269606e-05	162	162.5	83
"HiG_10"	"Hdac1"	0.006717949931134	"HiG"	0.0074440083770786	0.904	94.5	32	2.33933681200566	0	0.251765939080154	50	0.000715244145114074	50	142	83
"HiG_10"	"Hhex"	0.00774555534385637	"HiG"	0	0.876	8.5	25	3.83191122978125	0	0.208031398513136	60	0.0005909982912305	60	122	83
"HiG_10"	"Hmgb1"	0.00362159624777285	"HiG"	0.128814826066411	0.915	147	81	11.7705941777752	0	0.263473575251805	45	0.000748504475147173	45	53	83
"HiG_10"	"Hmgb2"	0.0034475003452356	"HiG"	0.113862107403776	0.913	136	85	16.0339056272089	0	0.235157339126048	53	0.000668060622517181	53	43	83
"HiG_10"	"Hn1"	0.00249356096962168	"HiG"	0.00316541439695137	0.892	52.5	113	32	0	0.0823969177702334	110	0.000234082152756345	110	9.5	83
"HiG_10"	"Hnrnpa2b1"	0.0132117634962568	"HiG"	0.340422817060941	0.927	164	8	11.8637513613119	0	1.06355653914401	10	0.00302146744075002	10	52	83
"HiG_10"	"Hnrnpk"	0.0429081355407285	"HiG"	0.461840407709494	0.911	127	2	3.58590928152826	0	2.97266649194118	1	0.00844507526119653	1	123	83
"HiG_10"	"Hsp90b1"	0.0131258089239106	"HiG"	0.810653808075708	0.91	121.5	9	7.37867587095505	0	1.21890386716316	6	0.00346279507716806	6	83	83
"HiG_10"	"Hspa5"	0.0196659793685847	"HiG"	1	0.925	162	4	8.21152597164746	0	1.77394594053836	4	0.00503961914925671	4	76	83
"HiG_10"	"Hspa8"	0.0283658665543402	"HiG"	0.534537835745363	0.913	136	3	4.5333114884069	0	2.10768951396672	2	0.00598775430104183	2	104	83
"HiG_10"	"Id1"	0.00644497053700007	"HiG"	0.0343170221710759	0.907	106.5	34	5.77409230923264	0	0.33201434227168	37	0.000943222563271819	37	94	83
"HiG_10"	"Idh2"	0.00525958069615291	"HiG"	0.00705244647020748	0.903	88.5	49	15.3804547322733	0	0.250954296812805	51	0.000712938343218196	51	46	83
"HiG_10"	"Ifitm2"	0.00170168216780631	"HiG"	0	0.875	4.5	137	4	0	0.0296415849919512	149	8.42090482725885e-05	149	114	83
"HiG_10"	"Ifitm3"	0.00472359092663323	"HiG"	0	0.875	4.5	61	1.42233161675774	0	0.0807617140601282	111	0.000229436687670819	111	157	83
"HiG_10"	"Igf2bp1"	0.0046174434078742	"HiG"	0.0658729960419611	0.917	151	66	15.6705847374997	0	0.275870081953196	41	0.00078372182373067	41	45	83
"HiG_10"	"Impdh2"	0.00261994925647616	"HiG"	0.0921229061766976	0.917	151	108	10	0	0.171733508542828	73	0.000487879285633033	73	63	83
"HiG_10"	"Itm2b"	0.00212163673835094	"HiG"	2.49533956736715e-06	0.891	42	124	4	0	0.044389245432789	132	0.000126105810888605	132	114	83
"HiG_10"	"Jun"	0.00404234015879978	"HiG"	0	0.877	13.5	74	1.29716963119891	0	0.0588346490889481	123	0.000167143889457239	123	158	83
"HiG_10"	"Laptm4b"	0.00297631814462483	"HiG"	0.00405532764798555	0.891	42	98	32	0	0.105561691721702	97	0.000299891169663927	97	9.5	83
"HiG_10"	"Ldha"	0.00169555523020712	"HiG"	0.00193083649179236	0.901	82	138	8	0	0.055706647045071	125	0.000158257520014406	125	79	83
"HiG_10"	"Lgals1"	0.00590491345397087	"HiG"	0.0838365331136046	0.913	136	41	13.027024473124	0	0.384739428193515	31	0.00109300973918612	31	50	83
"HiG_10"	"Limd2"	0.00254376636011293	"HiG"	0.00325796287594854	0.891	42	111	32	0	0.0848059892084105	108	0.000240926105705712	108	9.5	83
"HiG_10"	"Lmo2"	0.0110680917542729	"HiG"	5.56574118172231e-05	0.89	34.5	15	1.73609598908194	0	0.310434455125797	39	0.000881916065698288	39	155	83
"HiG_10"	"Lrrc59"	0.00177608522751834	"HiG"	0.00421938635778929	0.903	88.5	134	9.67836819643196	0	0.0731266226356402	113	0.000207746087033069	113	66	83
"HiG_10"	"Lyar"	0.00140808291827726	"HiG"	0.0240164753507946	0.911	127	147	28	0	0.0514859178467208	127	0.000146266812064548	127	22	83
"HiG_10"	"Map1b"	0.00222014318173278	"HiG"	0.0111951453513838	0.909	114.5	120	9.61954208948847	0	0.108012908957673	96	0.000306854854993389	96	67	83
"HiG_10"	"Mapk3"	0.00364603936798297	"HiG"	0.00936472592091731	0.895	63	80	2.89738368316441	0	0.177535076866195	70	0.000504361013824418	70	135	83
"HiG_10"	"Mat2a"	0.00283948696064373	"HiG"	0.000176314652309701	0.902	85	102	3	0	0.0298587324833209	148	8.4825944554889e-05	148	128.5	83
"HiG_10"	"Mif"	0.0021445093639924	"HiG"	0.00693385688795594	0.908	109.5	122	3	0	0.084399306306961	109	0.000239770756553867	109	128.5	83
"HiG_10"	"Mrto4"	0.00117626068693887	"HiG"	0.00322258523938014	0.906	102	158	2.47598850651233	0	0.0267752858558308	151	7.60661529995194e-05	151	140	83
"HiG_10"	"Msn"	0.00461836799969881	"HiG"	0.010030056047614	0.896	65.5	65	8.14539340047522	0	0.224032185941456	55	0.000636455073697319	55	77	83
"HiG_10"	"Mtap"	0.00334690540704646	"HiG"	0.0303061621836574	0.906	102	88	4.05707355093047	0	0.127536932000053	88	0.000362320829545606	88	108	83
"HiG_10"	"Myl6"	0.00108629977946106	"HiG"	5.74850456396498e-07	0.89	34.5	159	4	0	0.0102259341092647	159	2.90509491740473e-05	159	114	83
"HiG_10"	"Ndn"	0.00450856695549313	"HiG"	0.00452195726655887	0.897	69.5	68	3.30835947932282	0	0.117045173907223	93	0.000332514698600067	93	126	83
"HiG_10"	"Ndufa8"	0.00468978196570309	"HiG"	0.000471421635167036	0.891	42	64	4.58338369847401	0	0.139780924923988	83	0.000397104900352237	83	102	83
"HiG_10"	"Nono"	0.00325046685263156	"HiG"	0.0542447679713252	0.917	151	90	18.5435771524102	0	0.196937372759002	64	0.000559481172610802	64	37	83
"HiG_10"	"Nop58"	0.0047218268456039	"HiG"	0.112772522912096	0.915	147	62	25.4486255221921	0	0.267860602146037	43	0.000760967619733059	43	26	83
"HiG_10"	"Npm1"	0.0187255195854736	"HiG"	0.531109052444643	0.925	162	5	5.33066922908034	0	1.48269736093097	5	0.00421220841173571	5	98	83
"HiG_10"	"Pa2g4"	0.00288867233961371	"HiG"	0.0687826388056503	0.92	157	100	9	0	0.200046652476601	62	0.000568314353626708	62	72	83
"HiG_10"	"Pabpc1"	0.00764943630467938	"HiG"	0.201032920000408	0.923	160	26	12.0402026898446	0	0.541693014946438	21	0.00153890061064329	21	51	83
"HiG_10"	"Paics"	0.00233613732076708	"HiG"	0.0736124282287645	0.915	147	116	19	0	0.136346441996988	84	0.000387347846582353	84	33.5	83
"HiG_10"	"Pdia3"	0.0120908199227994	"HiG"	0.535877830349992	0.912	130	13	7.12642498491493	0	1.04363361756712	11	0.00296486823172478	11	88	83
"HiG_10"	"Pdia4"	0.00953914492503077	"HiG"	0.603454456302672	0.91	121.5	18	7.17666782393776	0	0.832332898320908	14	0.00236458209750258	14	87	83
"HiG_10"	"Pdia6"	0.0100124575096475	"HiG"	0.639551203586587	0.91	121.5	16	7.19897700863797	0	0.945548177591848	13	0.0026862164136132	13	86	83
"HiG_10"	"Pea15a"	0.00205227583397449	"HiG"	0.00193802591355335	0.894	61.5	127	23.768134965575	0	0.0641800944266514	121	0.000182329813712078	121	27	83
"HiG_10"	"Pfkl"	0.00222466781185943	"HiG"	0.000551544043183698	0.888	24	119	4	0	0.12325537731804	91	0.000350157321926249	91	114	83
"HiG_10"	"Pfn1"	0.00221567060194874	"HiG"	0.0679269621893635	0.913	136	121	19	0	0.125815705758292	89	0.000357430982267876	89	33.5	83
"HiG_10"	"Pgam1"	0.007045736639738	"HiG"	0.0106462106961312	0.899	76.5	28	11.2505155564128	0	0.466355081287743	25	0.001324872390022	25	55	83
"HiG_10"	"Pgk1"	0.0123633105037963	"HiG"	0.0140319306287993	0.893	59.5	12	3.94339168405275	0	0.969478629882376	12	0.00275420065307493	12	120	83
"HiG_10"	"Pkm"	0.00458571026888791	"HiG"	0.0138030029191274	0.913	136	67	9.31256004363657	0	0.265400458080675	44	0.000753978574092828	44	68	83
"HiG_10"	"Ppid"	0.00703275048424988	"HiG"	0.157764034839095	0.91	121.5	29	20.4128097349213	0	0.433330615032151	26	0.00123105288361407	26	30	83
"HiG_10"	"Ppp1r2"	0.00265688132364187	"HiG"	0.0120709797477991	0.892	52.5	105	11.1510632009025	0	0.110537037302885	95	0.000314025674155923	95	56	83
"HiG_10"	"Prdx1"	0.0028946724996316	"HiG"	0.0643070689244147	0.922	159	99	17.272285172801	0	0.180761187217787	69	0.000513526100050532	69	39	83
"HiG_10"	"Prdx4"	0.00687997906669157	"HiG"	0.237052624438961	0.918	154	31	5.98818623784381	0	0.524942053774328	23	0.00149131265276798	23	91	83
"HiG_10"	"Psat1"	0.00141904429455206	"HiG"	0.000267012877311477	0.899	76.5	146	3	0	0.0376881942075452	137	0.000107068733544162	137	132	83
"HiG_10"	"Ptma"	0.00871044998723082	"HiG"	0.0160805742327532	0.899	76.5	21	5.88499731251316	0	0.544078314817656	20	0.00154567703073198	20	92	83
"HiG_10"	"Ran"	0.00334920973160048	"HiG"	0.00385662578326959	0.897	69.5	87	4	0	0.175456805973799	71	0.000498456835152839	71	114	83
"HiG_10"	"Ranbp1"	0.00645840973261235	"HiG"	0.00722633646991959	0.896	65.5	33	7.5681482680313	0	0.377438017039629	32	0.00107226709386258	32	81	83
"HiG_10"	"Rap1b"	0.000973258287994409	"HiG"	0.0211005582056918	0.901	82	161	10	0	0.020891280533563	156	5.93502287885313e-05	156	63	83
"HiG_10"	"Rbbp4"	0.00495644964608345	"HiG"	0.0561741728734533	0.906	102	57	9.26353370413939	0	0.261588085906604	47	0.000743147971325581	47	69	83
"HiG_10"	"Rbm38"	0.00234445972081667	"HiG"	0.0120440794401615	0.918	154	115	5.50457196605027	0	0.115229264805554	94	0.000327355865924868	94	95	83
"HiG_10"	"Rbpms"	0.00123509739284223	"HiG"	0.0174396214459939	0.91	121.5	155	28	0	0.0373866233046826	138	0.000106211998024667	138	22	83
"HiG_10"	"Rcn2"	0.00196508729163361	"HiG"	0.0114305897714679	0.913	136	130	11	0	0.0928884768571627	105	0.000263887718344212	105	58	83
"HiG_10"	"Rps4x"	0.0125936613141487	"HiG"	0.0604878100589522	0.912	130	11	5.38475299253384	0	0.809198291857405	15	0.00229885878368581	15	96	83
"HiG_10"	"Rrbp1"	0.00310804251783604	"HiG"	0.0454742962183055	0.914	142.5	96	21.3883047013573	0	0.130497455589848	87	0.000370731407925706	87	29	83
"HiG_10"	"Rrs1"	0.00118562632440975	"HiG"	0.0155587473741516	0.91	121.5	157	28	0	0.0333544526165013	143	9.4756967660515e-05	143	22	83
"HiG_10"	"Rsl1d1"	0.00398151970961262	"HiG"	0.0932664479891135	0.913	136	75	16.6222675163309	0	0.270562598455126	42	0.000768643745611152	42	41	83
"HiG_10"	"Rtn4"	0.00196642754490793	"HiG"	0.000166000470855619	0.897	69.5	129	4	0	0.0363457790777413	140	0.000103255054198129	140	114	83
"HiG_10"	"S100a10"	0.00355980514291132	"HiG"	0.018066467328747	0.909	114.5	83	2	0	0.213359038613547	58	0.000606133632424849	58	149	83
"HiG_10"	"Sept9"	0.00130332494876534	"HiG"	0.000971336583791332	0.889	29	153	32	0	0.0252842536822212	152	7.18302661426739e-05	152	9.5	83
"HiG_10"	"Set"	0.0161830566631105	"HiG"	0.071363416867169	0.904	94.5	7	3.54677928791772	0	1.09125226337577	9	0.00310014847549935	9	124	83
"HiG_10"	"Sh3glb1"	0.00272835062978247	"HiG"	0.00359822501189776	0.892	52.5	103	32	0	0.0936631395591304	103	0.000266088464656621	103	9.5	83
"HiG_10"	"Slc25a4"	0.00829426391810114	"HiG"	0.014174893542397	0.899	76.5	23	4.1034843834323	0	0.371806241470459	35	0.00105626773145017	35	106	83
"HiG_10"	"Slc25a5"	0.00406591152387994	"HiG"	0.0173107110254404	0.903	88.5	73	8.91972901584373	0	0.222780557377361	57	0.00063289931073114	57	74	83
"HiG_10"	"Snx2"	0.0055163037586562	"HiG"	0	0.877	13.5	46	2	0	0.105384119303723	98	0.000299386702567396	98	149	83
"HiG_10"	"Snx3"	0.00359075229969385	"HiG"	0	0.877	13.5	82	2	0	0.0635725024064405	122	0.000180603700018297	122	149	83
"HiG_10"	"Snx5"	0.00642089425219167	"HiG"	0	0.878	17	35	2	0	0.123628536338169	90	0.00035121743277889	90	149	83
"HiG_10"	"Sox17"	0.00319131502646366	"HiG"	0	0.876	8.5	93	2	0	0.0413507781174684	134	0.000117473801470081	134	149	83
"HiG_10"	"Ssb"	0.00964203394288567	"HiG"	0.228751910494138	0.928	165	17	13.5777853309955	0	0.715704740693919	16	0.00203325210424409	16	48	83
"HiG_10"	"Stmn1"	0.00146969003548499	"HiG"	0.00127801352790988	0.891	42	144	32	0	0.033267168958938	144	9.45090027242556e-05	144	9.5	83
"HiG_10"	"Tal1"	0.00229302252301297	"HiG"	0.000502753654306221	0.904	94.5	117	4	0	0.0668681794395083	118	0.00018996641886224	118	114	83
"HiG_10"	"Tecr"	0.000923576228679551	"HiG"	0.000111125464898046	0.891	42	162	8	0	0.0077618438478182	160	2.20506927494835e-05	160	79	83
"HiG_10"	"Tkt"	0.000901531425630404	"HiG"	0.000230671506332572	0.887	20	163	32	0	0.00600446537348353	163	1.70581402655782e-05	163	9.5	83
"HiG_10"	"Tln1"	0.00134980635903546	"HiG"	0.0089926897884647	0.901	82	148	5.80352607125482	0	0.0462642955146726	131	0.000131432657712138	131	93	83
"HiG_10"	"Tmem59"	0.00178684632085851	"HiG"	0.0018626585536432	0.892	52.5	133	32	0	0.0484856971101085	129	0.000137743457699172	129	9.5	83
"HiG_10"	"Tnfaip1"	0.00188502453344415	"HiG"	0.00204364000118408	0.892	52.5	131	32	0	0.0531967117138599	126	0.000151127021914375	126	9.5	83
"HiG_10"	"Top1"	0.00435051526362436	"HiG"	0.00824868666548533	0.899	76.5	70	18.0744353013254	0	0.18398158020704	68	0.000522674943770001	68	38	83
"HiG_10"	"Tpi1"	0.00729754769213173	"HiG"	0.00926730110452789	0.89	34.5	27	4.07993323333347	0	0.570576163135621	19	0.00162095500890801	19	107	83
"HiG_10"	"Tpm1"	0.00439459044963471	"HiG"	1.4277209029885e-05	0.889	29	69	2	0	0.135176631151119	85	0.00038402452031568	85	149	83
"HiG_10"	"Tpm4"	0.0059649193027369	"HiG"	0.000104571374281948	0.889	29	39	1.28637801225811	0	0.189423298991752	67	0.000538134372135658	67	159	83
"HiG_10"	"Trp53"	0.00484499831010141	"HiG"	0.0813405515774103	0.915	147	60	6.55457286474289	0	0.254056217959637	49	0.000721750619203514	49	89	83
"HiG_10"	"Tuba1a"	0.00847970580948316	"HiG"	0.0626286899424133	0.909	114.5	22	9.6904496286583	0	0.499693981417355	24	0.00141958517448112	24	65	83
"HiG_10"	"Tuba1c"	0.00264631151091816	"HiG"	0.0710935272258918	0.914	142.5	106	28	0	0.15240852159702	76	0.000432978754536988	76	22	83
"HiG_10"	"Tubb4b"	0.00315964652432952	"HiG"	0.0266925816457977	0.908	109.5	95	11.0603682738721	0	0.17110486020835	74	0.00048609335286463	74	57	83
"HiG_10"	"Txndc5"	0.0014900762617321	"HiG"	0.00242406473082606	0.91	121.5	143	2.40694467911015	0	0.03694346396899	139	0.000104953022639176	139	141	83
"HiG_10"	"Txnl1"	0.00249463332130902	"HiG"	0.0653267713594964	0.913	136	112	28	0	0.140045894923347	82	0.000397857656032237	82	22	83
"HiG_10"	"Vasp"	0.000794006860116654	"HiG"	3.24610174636022e-05	0.885	18	165	32	0	0.000844972395798332	165	2.40048976079072e-06	165	9.5	83
"HiG_10"	"Vat1"	0.002688268954427	"HiG"	0.00352433856158815	0.892	52.5	104	32	0	0.0917398476905021	106	0.000260624567302563	106	9.5	83
"HiG_10"	"Vim"	0.00592988760005283	"HiG"	0.091431095170245	0.912	130	40	6.36080782080733	0	0.373524188842035	33	0.00106114826375578	33	90	83
"HiG_10"	"Ywhae"	0.0171770979824855	"HiG"	0.121836640018805	0.92	157	6	3.84617734429718	0	1.1409379683577	7	0.00324130104647074	7	121	83
"HiG_10"	"Ywhaq"	0.00571809518109563	"HiG"	0.117606678907622	0.918	154	44	19.6675983331334	0	0.394457924397516	30	0.00112061910340203	30	31	83
"HiG_11"	"Acta2"	0.00490918754205707	"HiG"	2.51443271592218e-08	0.952	54	68	2	0	0.0805167055516982	72	0.000210226385252476	72	148.5	83.5
"HiG_11"	"Actg1"	0.00815274369400513	"HiG"	0.0287732149812902	0.952	54	28	4.78368028997417	0	0.289798082917688	21	0.000756652958009629	21	91	83.5
"HiG_11"	"Anp32b"	0.00323321988351453	"HiG"	0.0719046039695125	0.957	118	97	6.99682650912479	0	0.0748245019505553	81	0.000195364234857847	81	67	83.5
"HiG_11"	"Anxa2"	0.00828297973728375	"HiG"	9.42683467286495e-05	0.953	74	27	2.97383451049412	0	0.142316206379423	47	0.000371582784280478	47	127	83.5
"HiG_11"	"Apex1"	0.00201899086464065	"HiG"	0.00420894219508912	0.952	54	130	6	0	0.0434020863449834	107	0.000113321374268886	107	79	83.5
"HiG_11"	"Arhgap29"	0.00179670177863311	"HiG"	0.00056480464613455	0.96	137	139	15	0	0.0286882707776381	134	7.49041012470968e-05	134	13.5	83.5
"HiG_11"	"Arpc1b"	0.0024659312032829	"HiG"	0.00170829511698303	0.957	118	120	2.36635058723039	0	0.0386916925369636	114	0.000101022695918965	114	134	83.5
"HiG_11"	"Arpc2"	0.00493532315742397	"HiG"	0.00396381058210975	0.957	118	67	2.31258841059828	0	0.0934536350660561	62	0.000244004269101974	62	137	83.5
"HiG_11"	"Arpc5"	0.00496677096034715	"HiG"	0.000608693762865911	0.957	118	66	3	0	0.0887580800712351	66	0.000231744334389648	66	114	83.5
"HiG_11"	"Atp5b"	0.00529139157392086	"HiG"	0.0030440567639333	0.955	98	53	4.74612291189577	0	0.104927333973105	60	0.000273961707501579	60	92	83.5
"HiG_11"	"Atxn10"	0.00310814659422183	"HiG"	0.0126269675063434	0.954	88.5	99	9.2855212311136	0	0.0429679862476176	108	0.000112187953649132	108	43	83.5
"HiG_11"	"Bbx"	0.000761728516600088	"HiG"	8.58115647205681e-07	0.949	10.5	165	9	0	0.000116675548926894	165	3.04635897981446e-07	165	50.5	83.5
"HiG_11"	"Bccip"	0.00275193762238907	"HiG"	0.00213871931572732	0.953	74	109	4.38138999667978	0	0.0339524572090723	124	8.86487133396145e-05	124	94	83.5
"HiG_11"	"Brix1"	0.00137194246979196	"HiG"	0.00320596097986247	0.951	33.5	154	23	0	0.0203184768845403	144	5.30508534844395e-05	144	3	83.5
"HiG_11"	"Calr"	0.0142239225173138	"HiG"	0.933718215471182	0.968	165	7	8.49545154758634	0	0.651637717215167	4	0.0017014039613973	4	58	83.5
"HiG_11"	"Capns1"	0.0020482253709565	"HiG"	0.0231005449091396	0.959	131	129	6.26019990733333	0	0.0461313409345424	103	0.00012044736536434	103	72	83.5
"HiG_11"	"Cbx1"	0.00845742507494923	"HiG"	0.00261082087967918	0.956	107	23	3.25662623455928	0	0.208783776421871	27	0.000545127353581908	27	110	83.5
"HiG_11"	"Ccnb1"	0.0024298461345527	"HiG"	1.62805649489573e-05	0.951	33.5	122	3	0	0.0242354533335313	142	6.32779460405516e-05	142	120.5	83.5
"HiG_11"	"Ccnd3"	0.00200549553633101	"HiG"	1.21558377280587e-05	0.951	33.5	131	3	0	0.0180953326197215	147	4.72462992682024e-05	147	120.5	83.5
"HiG_11"	"Cct4"	0.00325759640264033	"HiG"	0.00205038052322792	0.953	74	96	2.35873035585591	0	0.0781578245932264	75	0.000204067427136361	75	135	83.5
"HiG_11"	"Cct8"	0.00509984434792532	"HiG"	0.00857912496261898	0.954	88.5	57	6.05707887471404	0	0.133800242454182	48	0.000349347891525279	48	76	83.5
"HiG_11"	"Cd81"	0.00734504005767084	"HiG"	0	0.948	4	29	1	0	0.0338367125982611	125	8.83465080894546e-05	125	163.5	83.5
"HiG_11"	"Cdh2"	0.00533747357409826	"HiG"	0.00101166977284058	0.951	33.5	52	3.57285867467318	0	0.0906866541824823	64	0.000236779775933374	64	105	83.5
"HiG_11"	"Cdx2"	0.00664122943483732	"HiG"	0.0115995779384724	0.953	74	36	2.00756574684482	0	0.155219380621789	40	0.000405272534260545	40	141	83.5
"HiG_11"	"Cfl2"	0.0025984684445517	"HiG"	0.00279951127312607	0.952	54	113	3.20302567353058	0	0.0766527973234876	79	0.00020013785201955	79	111	83.5
"HiG_11"	"Cnn2"	0.00503271263210516	"HiG"	0	0.947	1.5	63.5	1	0	0.0385660062054925	115.5	0.00010069453317361	116	163.5	83.5
"HiG_11"	"Cnn3"	0.00503271263210901	"HiG"	0	0.947	1.5	61.5	1	0	0.0385660062054925	115.5	0.00010069453317361	115	163.5	83.5
"HiG_11"	"Col1a1"	0.00878227946434888	"HiG"	0.000177714869868369	0.949	10.5	21	1.27436637397221	0	0.113567305309829	55	0.000296520379399031	55	159	83.5
"HiG_11"	"Col1a2"	0.00616812628244367	"HiG"	3.00433764406791e-05	0.95	19.5	42	3	0	0.0823536346048612	70	0.000215022544660212	70	120.5	83.5
"HiG_11"	"Crabp1"	0.00167200671974749	"HiG"	0.000115365192493318	0.951	33.5	143	9	0	0.0156858777777129	150	4.09552944587805e-05	150	50.5	83.5
"HiG_11"	"Cst3"	0.00188095006510792	"HiG"	1.25783468117336e-07	0.953	74	138	2	0	0.0139624311314006	153	3.64554337634482e-05	153	148.5	83.5
"HiG_11"	"Cstb"	0.00347471668156603	"HiG"	4.38854262197353e-06	0.952	54	92	2.85623192421115	0	0.0366221914047676	119	9.56192987069651e-05	119	128	83.5
"HiG_11"	"Ctnna1"	0.00459902025010381	"HiG"	1.43764255015907e-05	0.951	33.5	74	1.27931836062622	0	0.0491937426620777	101	0.000128443192329185	101	158	83.5
"HiG_11"	"Ctsl"	0.00411812301878696	"HiG"	1.24903184875548e-06	0.951	33.5	81	2	0	0.042323384885358	110	0.000110504921371692	110	148.5	83.5
"HiG_11"	"Dbn1"	0.00158279622804481	"HiG"	0.00343306784291405	0.955	98	149	13	0	0.027184313312532	139	7.09773193538694e-05	139	23.5	83.5
"HiG_11"	"Ddx39b"	0.00191891816973839	"HiG"	0.00489725186854809	0.951	33.5	137	15.3048013274996	0	0.0400857226655516	113	0.000104662461267759	113	10	83.5
"HiG_11"	"Ddx5"	0.011149085565236	"HiG"	0.267986431387633	0.964	158	17	12.5326219018871	0	0.424699082151209	12	0.00110887488812326	12	25	83.5
"HiG_11"	"Dek"	0.00254682468989011	"HiG"	8.89726367105184e-05	0.95	19.5	116	7.07399962042626	0	0.0159323116602295	149	4.15987249614348e-05	149	66	83.5
"HiG_11"	"Dnaja1"	0.00267842202871083	"HiG"	0.0452513621466456	0.962	147	111	17.6862721246978	0	0.0781357436757524	76	0.00020400977461032	76	9	83.5
"HiG_11"	"Dnajc3"	0.0015624085167402	"HiG"	0.078612087257247	0.961	141.5	150	7.47701526499505	0	0.044940132662018	105	0.000117337160997436	105	63	83.5
"HiG_11"	"Dstn"	0.00619753012709212	"HiG"	0.0104395012265104	0.954	88.5	40	4.36870953948336	0	0.21819291983225	26	0.000569694307656006	26	95	83.5
"HiG_11"	"Ebna1bp2"	0.00585468687069045	"HiG"	0.00653094396082657	0.951	33.5	48	9.54240127171016	0	0.122115257469375	50	0.000318838792348239	50	40	83.5
"HiG_11"	"Eif3m"	0.00222562428469299	"HiG"	0.0212013113510146	0.957	118	127	9	0	0.0635124995533229	93	0.000165828980556979	93	50.5	83.5
"HiG_11"	"Eif4a1"	0.00617960897164311	"HiG"	0.011431712125489	0.953	74	41	6.29034844888271	0	0.164787753299343	34	0.000430255230546586	34	71	83.5
"HiG_11"	"Eif4a3"	0.00646114296791395	"HiG"	0.0362780542387632	0.955	98	37	12.2115052276609	0	0.194402179321698	29	0.000507577491701562	29	26	83.5
"HiG_11"	"Erp29"	0.000977106692229503	"HiG"	0.0244538309226596	0.957	118	160	15	0	0.0119125491259036	155	3.11032614253359e-05	155	13.5	83.5
"HiG_11"	"Fam104a"	0.00199705039146725	"HiG"	0.00067342279077462	0.959	131	133	15	0	0.0342053407347018	123	8.9308983641519e-05	123	17	83.5
"HiG_11"	"Fam162a"	0.00365458815557327	"HiG"	0.0382615067623742	0.962	147	89	9.74155552154098	0	0.121330541349012	51	0.000316789925193242	51	39	83.5
"HiG_11"	"Fam92a"	0.00526463983497845	"HiG"	0.0459207975144541	0.957	118	54	6.19374871766418	0	0.155117944925352	41	0.000405007689100137	41	73	83.5
"HiG_11"	"Fbl"	0.00319632227562732	"HiG"	0.0015984704067532	0.953	74	98	3	0	0.0671305511176303	90	0.000175275590385458	90	120.5	83.5
"HiG_11"	"Fermt2"	0.00426223086703523	"HiG"	0.0127156257664608	0.956	107	80	11.113667818498	0	0.109765756559449	58	0.00028659466464608	58	29	83.5
"HiG_11"	"Fkbp4"	0.00363070798139992	"HiG"	0.0114082359145969	0.954	88.5	91	9.47518097479998	0	0.0682789184520095	87	0.000178273938516996	87	41	83.5
"HiG_11"	"Gabarap"	0.00369490383240914	"HiG"	0.0320339735928004	0.956	107	88	6.18815383488255	0	0.0826548148310794	69	0.00021580891600804	69	74	83.5
"HiG_11"	"Gata4"	0.00734504005767083	"HiG"	0	0.949	10.5	30	1	0	0.0723100264464493	83	0.000188799024664358	83	163.5	83.5
"HiG_11"	"Gata6"	0.0039223460333044	"HiG"	0	0.949	10.5	83	2	0	0.0366854376756571	118	9.57844325735171e-05	118	148.5	83.5
"HiG_11"	"Gja1"	0.00345993466808195	"HiG"	0.000298793655531521	0.954	88.5	93	3.76338420496697	0	0.0586609567532801	95	0.000153161766979844	95	104	83.5
"HiG_11"	"Gmps"	0.00193354801913679	"HiG"	0.00433613757389899	0.953	74	136	3	0	0.0300894670860098	129	7.85625772480673e-05	129	120.5	83.5
"HiG_11"	"Gnai2"	0.00270313534369497	"HiG"	0.000516746082162447	0.955	98	110	3.48076347516558	0	0.0415324743365245	111	0.000108439880774215	111	107	83.5
"HiG_11"	"Gnb2"	0.00248838030018321	"HiG"	0.000688687410599258	0.953	74	119	2.06661055435647	0	0.0283825546824802	136	7.41058868994261e-05	136	139	83.5
"HiG_11"	"Gpc3"	0.00302637903618448	"HiG"	0	0.948	4	103	2	0	0.0123106924847535	154	3.21428002212885e-05	154	148.5	83.5
"HiG_11"	"H2afy"	0.00127608283500946	"HiG"	7.0055757962411e-07	0.95	19.5	155	2	0	0.00383570478813616	162	1.00148950081884e-05	162	148.5	83.5
"HiG_11"	"Hdac1"	0.00974715503079206	"HiG"	0.0472411166039581	0.953	74	19	3.44932481952174	0	0.284466731015453	22	0.000742732979152617	22	109	83.5
"HiG_11"	"Hmgb1"	0.00476056809289138	"HiG"	0.105744215680096	0.96	137	69	6.18212356455144	0	0.148951264839169	43	0.000388906696708012	43	75	83.5
"HiG_11"	"Hmgb2"	0.00276081128989482	"HiG"	0.0898737802969374	0.962	147	108	9.1340046956183	0	0.0894552919774304	65	0.000233564731011568	65	46	83.5
"HiG_11"	"Hnrnpk"	0.0287478614500772	"HiG"	0.0768643364729467	0.957	118	1	4.25758635206347	0	0.80464703290681	2	0.0021009060911405	2	96	83.5
"HiG_11"	"Hoxa9"	0.00375577648579147	"HiG"	1.98667111088772e-05	0.953	74	87	2	0	0.0450354990201974	104	0.000117586159321664	104	148.5	83.5
"HiG_11"	"Hoxc9"	0.00193910644200114	"HiG"	0.00386946536934069	0.957	118	135	9	0	0.0410486937710334	112	0.000107176746138468	112	50.5	83.5
"HiG_11"	"Hprt"	0.00199965628389774	"HiG"	0.00457934521773654	0.952	54	132	3	0	0.0317771414896924	128	8.29690378320951e-05	128	120.5	83.5
"HiG_11"	"Hsp90aa1"	0.0112345965415834	"HiG"	0.16733237521455	0.965	161	16	8.94977386101592	0	0.39685808699094	15	0.00103618299475441	15	54	83.5
"HiG_11"	"Hsp90ab1"	0.00961620116438401	"HiG"	0.166613415379685	0.965	161	20	7.53761346755734	0	0.36338029442705	19	0.000948773614692038	19	62	83.5
"HiG_11"	"Hsp90b1"	0.0115534351482734	"HiG"	0.869072145011384	0.963	153.5	14	9.11377189838917	0	0.55199507428573	7	0.0014412404028348	7	47	83.5
"HiG_11"	"Hspa5"	0.0194755182269224	"HiG"	1	0.969	166	2	9.41946728311762	0	0.887501292909544	1	0.00231723575172205	1	42	83.5
"HiG_11"	"Hspa8"	0.0181588213136176	"HiG"	0.372232919046071	0.966	163	4	7.45972861807351	0	0.670984595393029	3	0.00175191800363715	3	64	83.5
"HiG_11"	"Hspd1"	0.00308417543452604	"HiG"	0.0116667457815219	0.953	74	100	17.8339979892173	0	0.0783609820526127	74	0.000204597864367135	74	8	83.5
"HiG_11"	"Id1"	0.0129635964413374	"HiG"	0.0667923107744723	0.957	118	9	6.0240226746954	0	0.381628510958702	16	0.000996419088665018	16	77	83.5
"HiG_11"	"Idh2"	0.00377692739527078	"HiG"	0.000975847038085802	0.955	98	86	4.98423367470597	0	0.0770384241035881	78	0.000201144710453233	78	90	83.5
"HiG_11"	"Ifitm2"	0.00472671880246401	"HiG"	0	0.95	19.5	71	2	0	0.0215260201135076	143	5.62037078681661e-05	143	148.5	83.5
"HiG_11"	"Ilf2"	0.00466272350082571	"HiG"	0.0559957701536979	0.963	153.5	73	11.1441508474389	0	0.164366032802335	35	0.000429154132643171	35	28	83.5
"HiG_11"	"Impdh1"	0.00162952381070276	"HiG"	0.00262691805012485	0.955	98	145	6	0	0.0282169677652221	137	7.36735450789089e-05	137	81	83.5
"HiG_11"	"Itgb1"	0.0024324110481446	"HiG"	0.0084281276782376	0.951	33.5	121	6.56949547352353	0	0.0464198722405093	102	0.000121200710810729	102	70	83.5
"HiG_11"	"Itgb5"	0.000911322170298234	"HiG"	6.97541730823049e-05	0.951	33.5	163	5	0	0.00335265632020097	163	8.75367185431064e-06	163	88	83.5
"HiG_11"	"Jun"	0.00449582083355755	"HiG"	0.000214896230071782	0.953	74	77	1.42945929403564	0	0.0573503110733373	97	0.000149739715596181	97	157	83.5
"HiG_11"	"Klf6"	0.00160786006184656	"HiG"	0.00284002539454942	0.951	33.5	148	6	0	0.0292859872345121	132	7.64647186279689e-05	132	79	83.5
"HiG_11"	"Krt18"	0.00467585698481931	"HiG"	0.00258841754945278	0.952	54	72	2	0	0.155959311477529	38	0.000407204468609736	38	148.5	83.5
"HiG_11"	"Krt8"	0.00523770416747599	"HiG"	0.00808501492548643	0.952	54	55	2.07363745602258	0	0.177084229431855	32	0.000462360912354714	32	138	83.5
"HiG_11"	"Ldha"	0.00107663287488701	"HiG"	0.0015277461077707	0.952	54	158	11	0	0.0111424967660227	156	2.90926808512341e-05	156	30.5	83.5
"HiG_11"	"Lgals1"	0.00365373553396568	"HiG"	0.000145993846603731	0.955	98	90	3.06456629548255	0	0.0699204358258821	85	0.000182559884662878	85	113	83.5
"HiG_11"	"Lmnb1"	0.00151214023471783	"HiG"	4.82546776192542e-05	0.952	54	152	2	0	0.0109911573751813	157	2.86975388385934e-05	157	148.5	83.5
"HiG_11"	"Lrpap1"	0.00114835917913736	"HiG"	0.0255419210855452	0.957	118	156	10	0	0.0198594672505494	145	5.18523949100506e-05	145	37	83.5
"HiG_11"	"Lrrc59"	0.000813718738437792	"HiG"	3.80218993975801e-05	0.948	4	164	3	0	0.00152027825556679	164	3.96939492315089e-06	164	120.5	83.5
"HiG_11"	"Lyar"	0.00306713549951002	"HiG"	0.0120137557441344	0.956	107	101	23	0	0.0761397970583472	80	0.00019879842573981	80	3	83.5
"HiG_11"	"Map1b"	0.00714123821934793	"HiG"	0.00706999843619736	0.955	98	32	5.50272354297663	0	0.155405580357833	39	0.00040575869545126	39	84	83.5
"HiG_11"	"Map1lc3a"	0.0052138420411393	"HiG"	0.00486198400027961	0.952	54	56	2.51275721260581	0	0.111431620963711	56	0.00029094418006191	56	131	83.5
"HiG_11"	"Map7d1"	0.00206261853322894	"HiG"	0.000856199387861842	0.954	88.5	128	3	0	0.0359575857838307	121	9.38840359891141e-05	121	120.5	83.5
"HiG_11"	"Mapk3"	0.0047314047644009	"HiG"	3.1211422212275e-05	0.953	74	70	2.3685110324983	0	0.0643986649085743	92	0.000168142728220821	92	133	83.5
"HiG_11"	"Msx2"	0.00105950117865566	"HiG"	0.00101418874396609	0.951	33.5	159	6	0	0.0104581876859904	158	2.73059730704711e-05	158	79	83.5
"HiG_11"	"Mtap"	0.00505024825462044	"HiG"	0.0702014942461595	0.957	118	58	4.04824701013365	0	0.109588393085409	59	0.000286131574635534	59	97	83.5
"HiG_11"	"Myl12b"	0.00305910642994679	"HiG"	4.40034286177265e-05	0.951	33.5	102	2.32824917682159	0	0.0378743025122883	117	9.88885183088467e-05	117	136	83.5
"HiG_11"	"Myl6"	0.0059038245357622	"HiG"	0.000332200872007617	0.95	19.5	47	5.83429555096781	0	0.0816329684483836	71	0.000213140909786902	71	83	83.5
"HiG_11"	"Ncl"	0.0122471806667702	"HiG"	0.14020929819373	0.962	147	11	9.17416538711203	0	0.439830047607098	8	0.0011483813253449	8	45	83.5
"HiG_11"	"Ndn"	0.00841758558203945	"HiG"	0.0101353548363647	0.952	54	24	4.43700095077076	0	0.15336149684645	42	0.000400421662784465	42	93	83.5
"HiG_11"	"Nono"	0.00452233538850375	"HiG"	0.00359518701838395	0.953	74	76	9.26499535596588	0	0.0676932745416428	89	0.000176744842145281	89	44	83.5
"HiG_11"	"Npm1"	0.0115582536328649	"HiG"	0.162615267749933	0.963	153.5	13	8.278426551441	0	0.424268827026283	13	0.00110775150659604	13	59	83.5
"HiG_11"	"Nxf7"	0.00341884811024473	"HiG"	0.000989829330309365	0.954	88.5	94	4	0	0.0682022653918459	88	0.00017807379997871	88	99.5	83.5
"HiG_11"	"P4hb"	0.00830067420414348	"HiG"	0.593477443348305	0.967	164	26	8.93228596824031	0	0.380277486585736	17	0.000992891609884427	17	55	83.5
"HiG_11"	"Pa2g4"	0.000960623738874511	"HiG"	0.000111528508265492	0.953	74	161	15	0	0.00566489682130601	161	1.47908533193368e-05	161	13.5	83.5
"HiG_11"	"Pabpc1"	0.0116627869106394	"HiG"	0.161910362405612	0.963	153.5	12	10.4105208880394	0	0.430425592200193	10	0.00112382661148875	10	35	83.5
"HiG_11"	"Paics"	0.00173840001912651	"HiG"	0.0326688822416923	0.963	153.5	140	21	0	0.0427540535542829	109	0.000111629382648258	109	6	83.5
"HiG_11"	"Palld"	0.00262862572698195	"HiG"	0.00101582866109041	0.959	131	112	15	0	0.051597252063158	100	0.000134718673794146	100	13.5	83.5
"HiG_11"	"Pcbp4"	0.00242117670257668	"HiG"	0.000209605903188141	0.951	33.5	123	9	0	0.0284995197237402	135	7.44112786520631e-05	135	50.5	83.5
"HiG_11"	"Pdia3"	0.0142547489390944	"HiG"	0.710834292369074	0.964	158	6	8.89989179291426	0	0.607301751867207	5	0.00158564426074989	5	56	83.5
"HiG_11"	"Pdia4"	0.0101915069178676	"HiG"	0.626532731331438	0.962	147	18	8.0226899569225	0	0.437253054678686	9	0.00114165288427855	9	60	83.5
"HiG_11"	"Pdia6"	0.0115125943933897	"HiG"	0.938121735886333	0.964	158	15	10.0276524516376	0	0.566083990972016	6	0.00147802608608881	6	36	83.5
"HiG_11"	"Pea15a"	0.00257181955973078	"HiG"	1.86405038259345e-06	0.953	74	115	3	0	0.0290938963602707	133	7.59631758753805e-05	133	120.5	83.5
"HiG_11"	"Peg3"	0.00173592269760831	"HiG"	0.000531853526980528	0.959	131	141	15	0	0.0270145759254685	140	7.0534140797568e-05	140	13.5	83.5
"HiG_11"	"Pgam1"	0.00378499866076433	"HiG"	0.00479866533551584	0.956	107	85	3	0	0.119657284550469	52	0.000312421108486865	52	120.5	83.5
"HiG_11"	"Pgk1"	0.0071501653205344	"HiG"	0.0195361562176611	0.956	107	31	3.51899568587218	0	0.240003939670159	23	0.000626642140130962	23	106	83.5
"HiG_11"	"Pgm2"	0.00236277062145319	"HiG"	0.000463029655697515	0.954	88.5	125	3	0	0.0547213081788303	99	0.000142875478273708	99	120.5	83.5
"HiG_11"	"Phgdh"	0.00430774926162929	"HiG"	0.0139242015221355	0.958	126	78	14.4533708827745	0	0.116119241408591	54	0.000303183397933659	54	20	83.5
"HiG_11"	"Pkm"	0.00242104510323953	"HiG"	0.0264535772735515	0.961	141.5	124	9.98491662365537	0	0.068437287000879	86	0.000178687433422661	86	38	83.5
"HiG_11"	"Ppid"	0.0059271039295427	"HiG"	0.0842130880263972	0.962	147	46	13.4346519991857	0	0.203227648435023	28	0.000530620491997449	28	22	83.5
"HiG_11"	"Ppp1cb"	0.00703319963262403	"HiG"	0.000327247338355595	0.952	54	34	2.02127120311354	0	0.0865015642492913	67	0.000225852648170473	67	140	83.5
"HiG_11"	"Prdx1"	0.000947786137336184	"HiG"	0.00100215182141038	0.95	19.5	162	23	0	0.00635135572330027	160	1.65831742122722e-05	160	3	83.5
"HiG_11"	"Prdx3"	0.0014386424330201	"HiG"	9.96742351833277e-05	0.952	54	153	4	0	0.0159510018275831	148	4.1647524354003e-05	148	99.5	83.5
"HiG_11"	"Prrx2"	0.0040985119315448	"HiG"	0.00042060376438711	0.95	19.5	82	9	0	0.0571883000273624	98	0.00014931671025421	98	50.5	83.5
"HiG_11"	"Ptma"	0.0042744110990475	"HiG"	0.00341235648831543	0.954	88.5	79	2.42185218672115	0	0.110705060600031	57	0.000289047155613657	57	132	83.5
"HiG_11"	"Ranbp1"	0.0045886870303483	"HiG"	0.00132372166506831	0.953	74	75	2.51548500623482	0	0.117687561283383	53	0.00030727822789395	53	130	83.5
"HiG_11"	"Rbbp4"	0.00601102198616802	"HiG"	0.038902466050463	0.951	33.5	45	5.29901284776508	0	0.194250126853759	30	0.000507180487868822	30	86	83.5
"HiG_11"	"Rbbp7"	0.00836978705528233	"HiG"	0.265438464355516	0.962	147	25	11.2686599708962	0	0.319907034181246	20	0.000835266407783933	20	27	83.5
"HiG_11"	"Rbpms"	0.00165149028229713	"HiG"	0.00465842079781971	0.952	54	144	23	0	0.0295237577417496	131	7.70855293518266e-05	131	3	83.5
"HiG_11"	"Rcn2"	0.00161372162870877	"HiG"	0.00356130841117346	0.956	107	146	13	0	0.0281997700254357	138	7.36286423640619e-05	138	23.5	83.5
"HiG_11"	"Rrbp1"	0.00198300277017888	"HiG"	0.0624772897340399	0.958	126	134	10.4771189494869	0	0.05989308485759	94	0.000156378811638616	94	34	83.5
"HiG_11"	"Rtn4"	0.00113009055981877	"HiG"	0.000167315028701159	0.951	33.5	157	5	0	0.00804180973914885	159	2.09968922693181e-05	159	88	83.5
"HiG_11"	"S100a10"	0.00703582039554228	"HiG"	0.000771505934369146	0.957	118	33	5.91525945155553	0	0.144124940107676	46	0.000376305326651895	46	82	83.5
"HiG_11"	"Sall4"	0.00503643979433642	"HiG"	0.0378108806477595	0.952	54	59	5.32920649676262	0	0.164836440748864	33	0.00043038235182471	33	85	83.5
"HiG_11"	"Serpinb6a"	0.00167581228268198	"HiG"	0.00437300594013912	0.952	54	142	11	0	0.0318941768517413	127	8.32746131899252e-05	127	30.5	83.5
"HiG_11"	"Sfrp1"	0.00503271263210901	"HiG"	0	0.949	10.5	61.5	1	0	0.0153999556298494	151.5	4.02087614356381e-05	151	163.5	83.5
"HiG_11"	"Slc25a4"	0.00676921268313514	"HiG"	0.0125741439370391	0.965	161	35	7.88360923982475	0	0.18106300805578	31	0.000472749368291854	31	61	83.5
"HiG_11"	"Slc25a5"	0.00638026957566951	"HiG"	0.00332439312255368	0.96	137	39	7.1739420902677	0	0.163879667007372	36	0.000427884248061024	36	65	83.5
"HiG_11"	"Slc2a1"	0.00249316816269573	"HiG"	0.0998669060098613	0.963	153.5	118	10.5276308868142	0	0.0851468026972101	68	0.000222315411742063	68	33	83.5
"HiG_11"	"Smad7"	0.00291205160238312	"HiG"	0.00269901164911602	0.951	33.5	107	3.81325625163188	0	0.0360446375660521	120	9.4111325237734e-05	120	103	83.5
"HiG_11"	"Smarcd3"	0.00383075180534409	"HiG"	0	0.949	10.5	84	2	0	0.0356245887707922	122	9.30145920908412e-05	122	148.5	83.5
"HiG_11"	"Snrpn"	0.00253032946991861	"HiG"	0.00922464721550205	0.956	107	117	23	0	0.0584632134930906	96	0.000152645466039401	96	3	83.5
"HiG_11"	"Snx2"	0.00640509327001869	"HiG"	0	0.949	10.5	38	2	0	0.0770797871728383	77	0.000201252708023076	77	148.5	83.5
"HiG_11"	"Snx3"	0.00259367356230556	"HiG"	0	0.949	10.5	114	2	0	0.0260390037122063	141	6.79869548621575e-05	141	148.5	83.5
"HiG_11"	"Snx6"	0.00609937106398673	"HiG"	0	0.949	10.5	43	2	0	0.0734406302585415	82	0.000191750992842145	82	148.5	83.5
"HiG_11"	"Ssb"	0.00872977206183531	"HiG"	0.0453517429188428	0.958	126	22	10.9161877758356	0	0.239394572107819	24	0.000625051102109187	24	32	83.5
"HiG_11"	"Sssca1"	0.00329891488753692	"HiG"	0.00137922306628201	0.959	131	95	15	0	0.0700552395577092	84	0.000182911852631095	84	13.5	83.5
"HiG_11"	"Suv39h1"	0.0029959898701537	"HiG"	0.000348832449943869	0.956	107	105	4	0	0.0650875014585188	91	0.000169941257071851	91	99.5	83.5
"HiG_11"	"Tbcb"	0.00503428524539806	"HiG"	0.0662372101721813	0.96	137	60	6.8783088086414	0	0.160022566027203	37	0.000417813488321678	37	68	83.5
"HiG_11"	"Tbrg1"	0.00228074224171725	"HiG"	0.000680453891456069	0.952	54	126	5	0	0.0327052553128791	126	8.53923115218777e-05	126	88	83.5
"HiG_11"	"Tgfb1"	0.00075849720581887	"HiG"	1.99262319084316e-08	0.951	33.5	166	3	0	5.46209453151114e-05	166	1.42613434243111e-07	166	120.5	83.5
"HiG_11"	"Top1"	0.00607876809347607	"HiG"	0.0121834005907279	0.952	54	44	13.7768892212875	0	0.133565037701611	49	0.000348733779899767	49	21	83.5
"HiG_11"	"Tpi1"	0.00503225032249432	"HiG"	0.00412202038833097	0.955	98	65	2.55718506294448	0	0.145575535254028	45	0.00038009278134211	45	129	83.5
"HiG_11"	"Tpm1"	0.0055929546092526	"HiG"	1.52128934858202e-07	0.951	33.5	49	1.12615257261822	0	0.0921404618572175	63	0.000240575618426155	63	160	83.5
"HiG_11"	"Tpm4"	0.00293910244078412	"HiG"	6.20145786241671e-06	0.954	88.5	106	3.46743380727852	0	0.0436518745064174	106	0.000113973562679941	106	108	83.5
"HiG_11"	"Tuba1a"	0.012591371787169	"HiG"	0.0788360712238897	0.96	137	10	8.72843309578838	0	0.41020395640202	14	0.00107102860679379	14	57	83.5
"HiG_11"	"Tubb4b"	0.00538861598592737	"HiG"	0.0159502592838393	0.961	141.5	51	14.7460353143657	0	0.148110907017723	44	0.000386712550960113	44	19	83.5
"HiG_11"	"Twist1"	0.0157393496045903	"HiG"	0.00358280991874365	0.95	19.5	5	1.93654310847745	0	0.22882207734023	25	0.000597446677128539	25	156	83.5
"HiG_11"	"Ubc"	0.0182330769175525	"HiG"	0.00959073052832843	0.959	131	3	3.19088525384205	0	0.42677703401075	11	0.00111430034989752	11	112	83.5
"HiG_11"	"Ube2r2"	0.00152313564015899	"HiG"	0.00028544749415663	0.952	54	151	4	0	0.0196682045639356	146	5.1353014527247e-05	146	99.5	83.5
"HiG_11"	"Ugdh"	0.0016113381531538	"HiG"	0.0122378703440152	0.952	54	147	20.7397720524004	0	0.0300288861599052	130	7.84044025062799e-05	130	7	83.5
"HiG_11"	"Vim"	0.00550987611156865	"HiG"	0.000340191913860164	0.953	74	50	3.8503732896821	0	0.1017312757762	61	0.000265616908031855	61	102	83.5
"HiG_11"	"Wnt2"	0.00503271263210516	"HiG"	0	0.949	10.5	63.5	1	0	0.0153999556298494	151.5	4.02087614356381e-05	152	163.5	83.5
"HiG_11"	"Ywhae"	0.0131132393134215	"HiG"	0.0615207779152479	0.961	141.5	8	6.68160096993843	0	0.365994865462899	18	0.000955600170921407	18	69	83.5
"HiG_11"	"Ywhaq"	0.00302501974729649	"HiG"	0.0139681648761578	0.959	131	104	14.8961314065994	0	0.0784652816510717	73	0.000204870187078516	73	18	83.5
"HiG_12"	"Anp32a"	0.00397135307504477	"HiG"	0.00671614139686336	0.969	46	84	7	0	0.0897088070531695	46	0.000303070294098546	46	20.5	58
"HiG_12"	"Apex1"	0.00305622219824626	"HiG"	0.00150290860385023	0.969	46	95	7	0	0.0361425370858615	95	0.000122103165830613	95	18	58
"HiG_12"	"Atp5b"	0.00458451156207565	"HiG"	0.00589003961227393	0.972	72.5	77	6.21132229521233	0	0.0957939254815088	44	0.000323628126626719	44	31	58
"HiG_12"	"Basp1"	0.00702740688685622	"HiG"	8.62550267917556e-17	0.963	5.5	37.5	1	0	0.0499074332158404	75.5	0.000168606193296758	75	104	58
"HiG_12"	"Bbx"	0.00461854835789613	"HiG"	0.00286376096596882	0.975	89	75	12	0	0.0703089950457466	59	0.000237530388668063	59	7	58
"HiG_12"	"Bccip"	0.00649319476383124	"HiG"	1.74239291027494e-16	0.964	22	58	2	0	0.10769353289415	39	0.000363829503020776	39	81.5	58
"HiG_12"	"Bzw2"	0.00702740688685622	"HiG"	8.56070054633812e-17	0.964	22	37.5	1	0	0.0492438812822216	77.5	0.000166364463791289	77	104	58
"HiG_12"	"Cacybp"	0.00268815329297696	"HiG"	0.000119762694600082	0.971	63.5	101	3.95687042505789	0	0.0373848176683838	91	0.000126300059690486	91	51	58
"HiG_12"	"Cbx1"	0.00697584822291327	"HiG"	0.0274275796584538	0.968	38.5	54	5.14183670020875	0	0.0657831979112401	64	0.000222240533483919	64	36	58
"HiG_12"	"Ccnd1"	0.00203794312853635	"HiG"	0.0211966822474553	0.971	63.5	110	10.6755996209757	0	0.0254553003837088	103	8.59976364314488e-05	103	10	58
"HiG_12"	"Ccnd2"	0.00278715652898602	"HiG"	0.00398985700548557	0.968	38.5	98	7	0	0.0532932961241709	73	0.000180044919338415	73	23	58
"HiG_12"	"Ccne1"	0.0018880021934045	"HiG"	0.000625970336399119	0.968	38.5	112	7	0	0.0150535807965931	108	5.0856691880382e-05	108	20.5	58
"HiG_12"	"Cct4"	0.0110295193423775	"HiG"	0.01045584365473	0.971	63.5	16	3.58809927900074	0	0.32886281922004	17	0.00111102303790554	17	56	58
"HiG_12"	"Cct8"	0.011600300497919	"HiG"	0.0242092451034764	0.97	54.5	14	3.65171258223697	0	0.359577743672972	14	0.00121478967457085	14	54	58
"HiG_12"	"Cd81"	0.0102562154564904	"HiG"	1.0379647655154e-16	0.964	22	17.5	1	0	0.060527457676321	69	0.000204484654311895	69	104	58
"HiG_12"	"Cdx2"	0.00651796183518635	"HiG"	0.000793938501238749	0.971	63.5	57	1.13875260721768	0	0.0724172446802814	57	0.000244652853649599	57	92	58
"HiG_12"	"Cnn2"	0.00702740688685085	"HiG"	5.96660949645831e-17	0.964	22	47.5	1	0	0.0361554595894871	93.5	0.000122146822937456	94	104	58
"HiG_12"	"Cnn3"	0.00702740688685622	"HiG"	6.20547044094161e-17	0.964	22	37.5	1	0	0.0361554595894871	93.5	0.000122146822937456	93	104	58
"HiG_12"	"Crabp1"	0.00350982744291607	"HiG"	0.00197298596024052	0.975	89	89	12	0	0.0484393291731837	79	0.000163646382341837	79	7	58
"HiG_12"	"Dars"	0.00702740688685622	"HiG"	1.78306261647452e-17	0.964	22	42.5	1	0	0.0111457186845448	111.5	3.76544550153541e-05	111	104	58
"HiG_12"	"Ddx39b"	0.00661589591644547	"HiG"	0.0308096208408853	0.977	103.5	56	5	0	0.205923413258577	25	0.000695687206954651	25	40	58
"HiG_12"	"Ddx5"	0.0151235032044269	"HiG"	0.5454964699743	0.98	113	5	6.66137434664449	0	0.617340419879303	3	0.00208560952661927	3	26	58
"HiG_12"	"Dek"	0.00510955819046464	"HiG"	0.000990681427831374	0.974	84	72	6.25261802888627	0	0.0508340221395306	74	0.000171736561282198	74	30	58
"HiG_12"	"Dkc1"	0.00756161900987454	"HiG"	2.15675664902822e-16	0.964	22	32	2	0	0.128566759503432	36	0.000434347160484567	36	81.5	58
"HiG_12"	"Dnaja1"	0.00578256333328138	"HiG"	0.311468450357158	0.978	108.5	65	14	0	0.201177005431644	26	0.000679652045377175	26	1	58
"HiG_12"	"Ebna1bp2"	0.00670254539764032	"HiG"	0.000899424542911167	0.973	79.5	55	3.71576806211166	0	0.0883182412930905	48	0.000298372436800981	48	53	58
"HiG_12"	"Eef1e1"	0.00702740688685085	"HiG"	1.90091981426195e-17	0.964	22	52.5	1	0	0.0111457186845448	111.5	3.76544550153541e-05	112	104	58
"HiG_12"	"Eif3e"	0.00702740688685622	"HiG"	3.03157351367463e-16	0.964	22	37.5	1	0	0.18939300589103	27.5	0.000639841236118346	27	104	58
"HiG_12"	"Eif3m"	0.00702740688685085	"HiG"	3.17450098472309e-16	0.964	22	47.5	1	0	0.18939300589103	27.5	0.000639841236118346	28	104	58
"HiG_12"	"Eif4a1"	0.00990382381996584	"HiG"	0.0437554513604691	0.973	79.5	21	4.61575900417676	0	0.289688434220641	20	0.0009786771426373	20	46	58
"HiG_12"	"Eif4a3"	0.0124524296300647	"HiG"	0.0658640874528409	0.978	108.5	10	2.64172709335691	0	0.401737397753491	9	0.00135722093835639	9	68	58
"HiG_12"	"Eno1"	0.00206096772758358	"HiG"	0.00231800852640834	0.97	54.5	109	7	0	0.0309620907833007	98	0.000104601658051692	98	20.5	58
"HiG_12"	"Fbl"	0.00621001530862646	"HiG"	9.01478233644399e-05	0.97	54.5	61	2	0	0.0673932039268267	62	0.000227679742996036	62	81.5	58
"HiG_12"	"Fermt2"	0.00231330712041889	"HiG"	9.28877704830479e-05	0.969	46	105	3	0	0.0223880972414756	105	7.56354636536337e-05	105	62.5	58
"HiG_12"	"Fkbp4"	0.00331242346292047	"HiG"	0.0201359112122912	0.975	89	91	8.66170322419883	0	0.0605806948220886	68	0.000204664509534083	68	13	58
"HiG_12"	"Fn1"	0.00702740688685085	"HiG"	9.07461669232477e-17	0.965	34	47.5	1	0	0.0492438812822216	77.5	0.000166364463791289	78	104	58
"HiG_12"	"Gmps"	0.00768524766875658	"HiG"	1.58038745520547e-16	0.963	5.5	31	2	0	0.0895534242924188	47	0.000302545352339253	47	81.5	58
"HiG_12"	"Gnl3"	0.00633954814528635	"HiG"	0.0014390920771183	0.971	63.5	60	3.62170116368418	0	0.0970823848773325	43	0.000327981029990988	43	55	58
"HiG_12"	"Gpc3"	0.00301214026652404	"HiG"	2.28813939168402e-17	0.964	22	96	2	0	0.0135945721157611	109	4.5927608499193e-05	109	81.5	58
"HiG_12"	"Gtpbp4"	0.0056263730158949	"HiG"	0.00243396245417444	0.972	72.5	67	8.40790605455514	0	0.086868098353479	50	0.00029347330524824	50	15	58
"HiG_12"	"H2afy"	0.00332334696308548	"HiG"	4.4332084225981e-05	0.973	79.5	90	2	0	0.026560231123994	101	8.97305105540338e-05	101	81.5	58
"HiG_12"	"Hand1"	0.00702740688685622	"HiG"	1.31589391301821e-16	0.964	22	42.5	1	0	0.0767783611060618	52.5	0.000259386355088046	52	104	58
"HiG_12"	"Hand2"	0.00702740688685085	"HiG"	1.23011775425049e-16	0.964	22	52.5	1	0	0.0767783611060618	52.5	0.000259386355088046	53	104	58
"HiG_12"	"Hdac1"	0.00977096006224923	"HiG"	0.0246809377702885	0.97	54.5	22	2.93724684437226	0	0.149929333928824	34	0.00050651802002981	34	66	58
"HiG_12"	"Hells"	0.0019034142224499	"HiG"	2.14478772343797e-05	0.972	72.5	111	2	0	0.00972380123886903	113	3.2850679861044e-05	113	81.5	58
"HiG_12"	"Hmgb1"	0.00297734594580092	"HiG"	0.0925861206822447	0.977	103.5	97	12.3555767434381	0	0.0686020982325279	61	0.000231763845380162	61	4	58
"HiG_12"	"Hmgb2"	0.00523029876723859	"HiG"	0.191224693938177	0.976	97	70	12.8799733541943	0	0.135411339807649	35	0.000457470742593409	35	3	58
"HiG_12"	"Hmgb3"	0.00702740688685622	"HiG"	1.03327225240256e-16	0.964	22	37.5	1	0	0.0654489627543199	65.5	0.000221111360656486	65	104	58
"HiG_12"	"Hprt"	0.00314075753531095	"HiG"	4.60060586927354e-17	0.963	5.5	93	2	0	0.0281801371065247	100	9.52031659004212e-05	100	81.5	58
"HiG_12"	"Hsp90aa1"	0.0117028046187695	"HiG"	0.363506777397317	0.978	108.5	12	6.9249047973316	0	0.415387975312466	7	0.00140333775443401	7	24	58
"HiG_12"	"Hsp90b1"	0.00918992116518163	"HiG"	0.393107868052817	0.976	97	24	6.49718433541926	0	0.371225911780159	12	0.00125414159385189	12	27	58
"HiG_12"	"Hspa5"	0.0273632067411788	"HiG"	1	0.976	97	3	6.77649403927588	0	1.14587692233354	2	0.00387120581869438	2	25	58
"HiG_12"	"Hspa8"	0.0390460883623635	"HiG"	0.918932146506728	0.976	97	1	4.62531949620665	0	1.41206856641235	1	0.00477050191355523	1	45	58
"HiG_12"	"Hspd1"	0.00375746894543568	"HiG"	0.0162394635362164	0.974	84	88	4.90484644572578	0	0.0692347444152754	60	0.00023390116356512	60	44	58
"HiG_12"	"Hspe1"	0.00210148124251528	"HiG"	0.00474072242262484	0.972	72.5	108	3.0452214705815	0	0.0256610353942764	102	8.66926871428258e-05	102	58	58
"HiG_12"	"Id1"	0.0114421746966239	"HiG"	0.18991712091572	0.977	103.5	15	5.41803226709349	0	0.353364789971528	15	0.00119379996612003	15	34	58
"HiG_12"	"Ifitm2"	0.00781386493754349	"HiG"	7.46177959523332e-17	0.963	5.5	30	2	0	0.0469328855605599	83	0.000158557045812702	83	81.5	58
"HiG_12"	"Ilf2"	0.00831228313642574	"HiG"	0.231423732790991	0.981	114	27	4.98247769280243	0	0.323262896728488	18	0.00109210438083949	18	43	58
"HiG_12"	"Imp3"	0.00444115428213156	"HiG"	0.000516853649153907	0.973	79.5	78	3.41246766340745	0	0.0625091606682557	67	0.000211179596852215	67	57	58
"HiG_12"	"Krt18"	0.0073647943264359	"HiG"	0.0177716842760239	0.969	46	33	2	0	0.369634273277452	13	0.00124876443674815	13	81.5	58
"HiG_12"	"Krt8"	0.00799725030954894	"HiG"	0.0285367215542303	0.971	63.5	28	1.35819625558119	0	0.398158015320975	10	0.00134512843013843	10	91	58
"HiG_12"	"Lef1"	0.0013044937374135	"HiG"	0.00245702848120975	0.969	46	115	3	0	0.00762630092213506	114	2.57645301423482e-05	114	65	58
"HiG_12"	"Lgals1"	0.00702740688685085	"HiG"	6.39746159343642e-17	0.963	5.5	47.5	1	0	0.037451002874398	89.5	0.000126523658359453	90	104	58
"HiG_12"	"Lrpap1"	0.00143030190951361	"HiG"	0.0072160684026985	0.972	72.5	114	5	0	0.0153925148056671	107	5.20017392083348e-05	107	40	58
"HiG_12"	"Mapk3"	0.00277633404308863	"HiG"	1.50438323411519e-05	0.968	38.5	100	2	0	0.0116532994163954	110	3.93692547851197e-05	110	81.5	58
"HiG_12"	"Mcm7"	0.00430106007758283	"HiG"	0.00130916975580596	0.974	84	80	9.44458755445624	0	0.041856966695957	87	0.000141408671270125	87	11	58
"HiG_12"	"Mrto4"	0.00702740688685085	"HiG"	5.22586651684164e-17	0.964	22	47.5	1	0	0.0317299914226652	96.5	0.000107195916968464	97	104	58
"HiG_12"	"Msx2"	0.00217654936038355	"HiG"	0.000842571705695833	0.969	46	106	7	0	0.0202624956984037	106	6.8454377359472e-05	106	20.5	58
"HiG_12"	"Mtap"	0.0102562154564904	"HiG"	1.97154122082428e-16	0.963	5.5	17.5	1	0	0.117733561398944	38	0.000397748518239674	38	104	58
"HiG_12"	"Ncl"	0.0118685491974563	"HiG"	0.369675636990693	0.982	115	11	7.21007407937176	0	0.405271073689633	8	0.00136915903273525	8	16	58
"HiG_12"	"Ndn"	0.012464221380679	"HiG"	0.00107950771139705	0.968	38.5	9	3.04127582258138	0	0.243084499172732	23	0.000821231416124094	23	59	58
"HiG_12"	"Nono"	0.00641904114595906	"HiG"	1.32823380336348e-16	0.963	5.5	59	3	0	0.0808282660431376	51	0.000273068466361951	51	62.5	58
"HiG_12"	"Nop58"	0.00702740688685622	"HiG"	5.45786356333781e-17	0.964	22	37.5	1	0	0.0317299914226652	96.5	0.000107195916968464	96	104	58
"HiG_12"	"Nsun2"	0.00581810356287	"HiG"	0.0167294811679974	0.972	72.5	64	4.18330257224335	0	0.0994035806763016	42	0.000335822907690208	42	47	58
"HiG_12"	"Paics"	0.00458538154280956	"HiG"	0.232608744602174	0.977	103.5	76	14	0	0.150241639635152	33	0.000507573106875514	33	2	58
"HiG_12"	"Pcbp4"	0.00306875061403302	"HiG"	0.00161861344911856	0.976	97	94	12	0	0.0397390307108105	88	0.000134253482131117	88	7	58
"HiG_12"	"Pdia4"	0.00783499947271257	"HiG"	0.278252312881875	0.976	97	29	5.60973185037678	0	0.272495427153875	21	0.00092059265930363	21	33	58
"HiG_12"	"Pdia6"	0.0138190327547448	"HiG"	0.471633963508127	0.975	89	7	5.17609757051199	0	0.531730879729941	5	0.00179638810719575	5	35	58
"HiG_12"	"Ppid"	0.00927058232944352	"HiG"	0.340982123611618	0.979	112	23	9.42179307725808	0	0.34021496438497	16	0.00114937487967895	16	12	58
"HiG_12"	"Prdx1"	0.00410568401727703	"HiG"	0.0078855902315453	0.971	63.5	82	2	0	0.0948447384589746	45	0.000320421413712752	45	81.5	58
"HiG_12"	"Prdx4"	0.00588079156755365	"HiG"	0.0493479008991354	0.971	63.5	63	2.55809344875791	0	0.155361782228286	32	0.000524870885906372	32	70	58
"HiG_12"	"Prrx2"	0.0100412837078882	"HiG"	0.00722052653897074	0.976	97	20	12	0	0.177273163049915	30	0.000598895821114579	30	7	58
"HiG_12"	"Psip1"	0.00702740688685085	"HiG"	1.17483715085052e-16	0.964	22	47.5	1	0	0.0654489627543199	65.5	0.000221111360656486	66	104	58
"HiG_12"	"Ptk7"	0.00702740688685085	"HiG"	8.69297215855678e-17	0.964	22	47.5	1	0	0.0499074332158404	75.5	0.000168606193296758	76	104	58
"HiG_12"	"Ranbp1"	0.00521402738600409	"HiG"	0.00492150614042619	0.973	79.5	71	2.29326375687754	0	0.102854877555059	41	0.000347482694442766	41	72	58
"HiG_12"	"Rangrf"	0.00262021143671745	"HiG"	0.000301371770188335	0.971	63.5	102	2	0	0.0363456348750413	92	0.000122789307010275	92	81.5	58
"HiG_12"	"Rbbp4"	0.00893023222534084	"HiG"	0.136685419791813	0.978	108.5	25	6.3110553217222	0	0.267363920324493	22	0.000903256487582746	22	28	58
"HiG_12"	"Rbbp7"	0.0116736102853828	"HiG"	0.373725113552338	0.978	108.5	13	8.5001686222589	0	0.384744478971537	11	0.0012998124289579	11	14	58
"HiG_12"	"Rps26"	0.00277838241950417	"HiG"	0.0038808256274963	0.975	89	99	2.00705051660551	0	0.0473383801236793	82	0.000159926959877295	82	73	58
"HiG_12"	"Rrs1"	0.00232595493804307	"HiG"	0.00102183222708596	0.975	89	104	12	0	0.0250872883056654	104	8.47543523840048e-05	104	7	58
"HiG_12"	"Rtn4"	0.00430767099293212	"HiG"	0.000135771941519821	0.97	54.5	79	4	0	0.0746503762510128	54	0.000252197217064232	54	49	58
"HiG_12"	"S100a10"	0.00702740688685622	"HiG"	5.90972823918033e-17	0.964	22	37.5	1	0	0.037451002874398	89.5	0.000126523658359453	89	104	58
"HiG_12"	"Sall4"	0.00836974667441489	"HiG"	0.0604592077750128	0.971	63.5	26	6.30253270604049	0	0.234956557076387	24	0.000793772152285093	24	29	58
"HiG_12"	"Serbp1"	0.00534503898563333	"HiG"	0.0489967616858358	0.978	108.5	68	5.12249587783738	0	0.125178473734578	37	0.000422900249103305	37	37	58
"HiG_12"	"Set"	0.0173182554409806	"HiG"	0.0444357455315203	0.968	38.5	4	2.5317398948909	0	0.452674139291301	6	0.00152930452463277	6	71	58
"HiG_12"	"Slc25a4"	0.00598466089624412	"HiG"	0.0142287318740765	0.972	72.5	62	3.0278854698076	0	0.103796421843059	40	0.000350663587307633	40	60	58
"HiG_12"	"Slc25a5"	0.00569140378635454	"HiG"	0.00232485475355601	0.97	54.5	66	4	0	0.0722485282253749	58	0.000244082865626266	58	49	58
"HiG_12"	"Srsf3"	0.00421228173076547	"HiG"	8.24264929264015e-17	0.963	5.5	81	3	0	0.04758113451495	81	0.00016074707606402	81	62.5	58
"HiG_12"	"Srsf9"	0.00399328064456678	"HiG"	7.49470023468789e-17	0.964	22	83	3	0	0.0442816548038559	86	0.000149600185148162	86	62.5	58
"HiG_12"	"Ssb"	0.010090470369818	"HiG"	3.01136218406822e-16	0.964	22	19	2	0	0.178691151912351	29	0.000603686324028213	29	81.5	58
"HiG_12"	"Tbcb"	0.00488698504507832	"HiG"	0.00246257278742768	0.969	46	74	3.78746740743589	0	0.0738556551098788	55	0.000249512348344185	55	52	58
"HiG_12"	"Top1"	0.00534471326494075	"HiG"	0.000100792214960029	0.973	79.5	69	2	0	0.0665135268380318	63	0.000224707860939296	63	81.5	58
"HiG_12"	"Tpm1"	0.00702740688685622	"HiG"	7.54078175137229e-17	0.963	5.5	37.5	1	0	0.0467478483203304	84.5	0.000157931920001116	84	104	58
"HiG_12"	"Tpm4"	0.00702740688685085	"HiG"	7.63329895523653e-17	0.964	22	47.5	1	0	0.0467478483203304	84.5	0.000157931920001116	85	104	58
"HiG_12"	"Tra2b"	0.0134850240261221	"HiG"	3.01779234617431e-16	0.963	5.5	8	1	0	0.172691055361943	31	0.000583415727574133	31	104	58
"HiG_12"	"Trim28"	0.00149716069036939	"HiG"	0.000227138734520413	0.969	46	113	4	0	0.00491531594383667	115	1.66057971075563e-05	115	49	58
"HiG_12"	"Trp53"	0.00378305546881619	"HiG"	0.00101579198634905	0.972	72.5	87	7.16328721705571	0	0.0587598270465835	70	0.000198512929211431	70	17	58
"HiG_12"	"Tuba1a"	0.0140973307546729	"HiG"	0.00605458728465666	0.967	35	6	2.62365320623459	0	0.321060140238736	19	0.00108466263594168	19	69	58
"HiG_12"	"Tubb4b"	0.00379046032450227	"HiG"	0.000747892077205628	0.969	46	86	5	0	0.0733165650543975	56	0.000247691098156748	56	40	58
"HiG_12"	"Twist1"	0.0330544103583765	"HiG"	0.0241753959842558	0.976	97	2	1.90529674405429	0	0.55420220303118	4	0.0018723047399702	4	90	58
"HiG_12"	"Ugdh"	0.00210957720071053	"HiG"	0.0379661865777102	0.97	54.5	107	5	0	0.0477792828814098	80	0.000161416496220979	80	40	58
"HiG_12"	"Vim"	0.00490799656061273	"HiG"	0.000766226734799432	0.97	54.5	73	2.76152436578276	0	0.0282281679859468	99	9.53654323849555e-05	99	67	58
"HiG_12"	"Wdr12"	0.00396434340388473	"HiG"	1.00135017698375e-16	0.964	22	85	2	0	0.0575691404852304	71	0.00019449033947713	71	81.5	58
"HiG_12"	"Wdr77"	0.00255743437006413	"HiG"	0.00633173305802093	0.975	89	103	5	0	0.0570586693751608	72	0.000192765774916084	72	40	58
"HiG_12"	"Ywhaq"	0.00314322331490694	"HiG"	0.0534283316779419	0.976	97	92	6	0	0.0872382253896848	49	0.000294723734424611	49	32	58
"HiG_13"	"Aldoa"	0.00429862723087078	"HiG"	0.000710670641597083	0.942	98.5	81	2.21765658473095	0	0.101356542226381	61	0.000303462701276589	61	139	81
"HiG_13"	"Anp32a"	0.00178802914310353	"HiG"	0.00439605680977792	0.934	19.5	129	9	0	0.0362125104019861	118	0.000108420689826306	118	76	81
"HiG_13"	"Apex1"	0.000998539146136232	"HiG"	3.57914437087847e-05	0.94	80	155	4	0	0.00311395847167143	157	9.32322895710009e-06	157	111	81
"HiG_13"	"Apoe"	0.00291790246091312	"HiG"	0.00943194090034134	0.935	34	103	9	0	0.0776955969278714	81	0.000232621547688238	81	76	81
"HiG_13"	"Arpc1b"	0.0044228502380085	"HiG"	0.000213620674105129	0.943	104	77	2.30800282485561	0	0.0918548443256823	68	0.000275014503969109	68	138	81
"HiG_13"	"Arpc2"	0.0051032754539957	"HiG"	0.00320104586333452	0.942	98.5	65	3.50926917013928	0	0.112745680742948	57	0.000337561918392061	57	118	81
"HiG_13"	"Arpc5"	0.0053431367051666	"HiG"	0.000334304561517257	0.942	98.5	54	2.44235244338783	0	0.113984706008326	55	0.000341271574875226	55	137	81
"HiG_13"	"Atp1a1"	0.00396851100518972	"HiG"	1.53526480329734e-16	0.933	8.5	88	2	0	0.0393770245966262	113	0.000117895283223432	113	142.5	81
"HiG_13"	"Atp5b"	0.00460433708121982	"HiG"	0.00204312849227297	0.941	90	74	3.69710218914697	0	0.0845447247286427	76	0.00025312791834923	76	116	81
"HiG_13"	"Basp1"	0.000983256251260736	"HiG"	0.000401365569785493	0.932	3.5	156	32	0	0.00440576304234651	154	1.31909073124147e-05	154	10	81
"HiG_13"	"Bccip"	0.00298024799474079	"HiG"	0.0286188144394828	0.95	136	101	5.1279453917134	0	0.0886152292083139	72	0.000265315057509922	72	100	81
"HiG_13"	"Bin1"	0.0500244134940286	"HiG"	0.0476830820404115	0.936	44.5	1	1.99490469849025	0	1.03189506507874	4	0.00308950618287049	4	146	81
"HiG_13"	"Brix1"	0.000821690206899713	"HiG"	0.000437498525807048	0.937	53	161	30	0	0.000714684080255566	160	2.13977269537595e-06	160	23.5	81
"HiG_13"	"Bzw2"	0.00534473543559576	"HiG"	3.13485758842261e-16	0.934	19.5	46	1	0	0.0826122140384978	77.5	0.000247341958199095	77	156.5	81
"HiG_13"	"Cald1"	0.00354455064656195	"HiG"	0.00606392903704682	0.936	44.5	92	32	0	0.0665633438790253	87	0.000199291448739597	87	10	81
"HiG_13"	"Cbx1"	0.00580342585227115	"HiG"	0.069060952130548	0.947	120.5	39	6.05298296014463	0	0.171546515598235	40	0.000513612322150404	40	97	81
"HiG_13"	"Ccnd1"	0.00454321259150091	"HiG"	0.066478862727651	0.941	90	75	9.61634311469592	0	0.0876354942049076	73	0.00026238171917637	73	70	81
"HiG_13"	"Ccnd2"	0.00272106975338064	"HiG"	0.00855465077874881	0.935	34	107	9	0	0.0704689210616569	84	0.000210984793597775	84	76	81
"HiG_13"	"Cct4"	0.00513642321815131	"HiG"	0.0343295624834992	0.939	71	63	4.24898316613672	0	0.182309453504153	37	0.000545836687138182	37	106	81
"HiG_13"	"Cct8"	0.0100237785550579	"HiG"	0.0779456326915081	0.937	53	15	9.00712987843284	0	0.348759708437825	18	0.00104419074382582	18	74	81
"HiG_13"	"Cd81"	0.00976842594836785	"HiG"	4.77598184468051e-16	0.934	19.5	17	1.22313156773953	0	0.136527921261042	47	0.000408766231320484	47	150	81
"HiG_13"	"Cdv3"	0.00119667715461767	"HiG"	0.000873200987344657	0.933	8.5	146	32	0	0.0095850688952708	144	2.8697811063685e-05	144	10	81
"HiG_13"	"Chchd4"	0.00203280608524538	"HiG"	0.0237049147671658	0.938	63	121	11.4549614152463	0	0.0232595088338247	126	6.96392480054631e-05	126	59	81
"HiG_13"	"Cnn2"	0.00336713309417683	"HiG"	0.00034512429357503	0.931	1.5	95	2	0	0.0518178745907356	101	0.000155143337098011	101	142.5	81
"HiG_13"	"Cnn3"	0.00522515912881225	"HiG"	0.00348611150810514	0.935	34	62	14.0938510177644	0	0.0897096362767024	70	0.000268591725379348	70	46	81
"HiG_13"	"Cox17"	0.000887325232525833	"HiG"	5.21949110003525e-05	0.937	53	158	2	0	0.00115248452516858	159	3.45055247056463e-06	159	142.5	81
"HiG_13"	"Creld2"	0.00472252095875388	"HiG"	0.345793917134086	0.953	147	73	11.0325896368833	0	0.231856084422492	26	0.000694179893480514	26	61	81
"HiG_13"	"Crip2"	0.00327373947609198	"HiG"	0.00546521401106512	0.936	44.5	96	32	0	0.0599912890418914	96	0.000179614637849974	96	10	81
"HiG_13"	"Csrp1"	0.00106827226175511	"HiG"	0.000589320752149886	0.931	1.5	152	32	0	0.00646893452095914	151	1.93680674280214e-05	151	10	81
"HiG_13"	"Ctnna1"	0.00534473543559576	"HiG"	4.20348353923168e-17	0.935	34	46	1	0	0.011836340609843	139.5	3.54381455384522e-05	139	156.5	81
"HiG_13"	"Ctsh"	0.0019728571491633	"HiG"	0.0522237528626584	0.947	120.5	124	12.1313962624389	0	0.0574126142953211	99	0.00017189405477641	99	55	81
"HiG_13"	"Ctsl"	0.00534473543559168	"HiG"	4.13910312824303e-17	0.934	19.5	51	1	0	0.011836340609843	139.5	3.54381455384522e-05	140	156.5	81
"HiG_13"	"Dars"	0.00534473543559576	"HiG"	7.28383714553302e-17	0.933	8.5	46	1	0	0.0205805652518188	129.5	6.16184588377809e-05	129	156.5	81
"HiG_13"	"Ddx21"	0.00190636918838105	"HiG"	0.0241886512295683	0.947	120.5	125	30	0	0.0395138336174668	112	0.00011830489107026	112	26.5	81
"HiG_13"	"Ddx39b"	0.00425744117066842	"HiG"	0.0474425251418573	0.95	136	83	19.032698989283	0	0.126454129710168	52	0.000378605178772957	52	34	81
"HiG_13"	"Ddx5"	0.0112325019827216	"HiG"	0.461855440189405	0.956	158.5	11	13.7690881354588	0	0.478199327674376	13	0.00143173451399514	13	51	81
"HiG_13"	"Dkc1"	0.00650234914393912	"HiG"	0.0813599021646677	0.951	141	34	16.4539455496256	0	0.200084621704103	33	0.0005990557536051	33	37	81
"HiG_13"	"Dlk1"	0.00123248684853979	"HiG"	0.000952369811103912	0.934	19.5	145	32	0	0.0104540997840214	142	3.12996999521598e-05	142	10	81
"HiG_13"	"Dnaja1"	0.00298880071191918	"HiG"	0.181471016138605	0.955	155.5	100	16	0	0.112873201433215	56	0.000337943716865913	56	40	81
"HiG_13"	"Dnajc3"	0.00487240799322289	"HiG"	0.15807510178353	0.946	113.5	71	4.99973348465106	0	0.199567354598975	34	0.000597507049697529	34	101	81
"HiG_13"	"Ebna1bp2"	0.00347200504126473	"HiG"	0.0190534284031545	0.937	53	94	15.01729251549	0	0.069160352352417	85	0.000207066923210829	85	43	81
"HiG_13"	"Eef1e1"	0.00534473543559168	"HiG"	7.12014294031084e-17	0.933	8.5	51	1	0	0.0205805652518188	129.5	6.16184588377809e-05	130	156.5	81
"HiG_13"	"Eif3m"	0.00358231504074572	"HiG"	0.138221679141729	0.946	113.5	91	12	0	0.128905118002746	51	0.00038594346707409	51	57	81
"HiG_13"	"Eif4a1"	0.005619238095896	"HiG"	0.0247223999194843	0.942	98.5	41	4.48969755974375	0	0.169210792034602	42	0.00050661913782815	42	105	81
"HiG_13"	"Eif4a3"	0.00553851294774342	"HiG"	0.0489737621841814	0.95	136	42	8.63621651725097	0	0.17710708762737	38	0.000530260741399311	38	80	81
"HiG_13"	"Eno1"	0.00231270478076066	"HiG"	0.00562597407862036	0.935	34	113	14.5839448042549	0	0.0493329842581384	104	0.000147703545683049	104	44	81
"HiG_13"	"Fam162a"	0.0017761202778749	"HiG"	0.0221463042557254	0.946	113.5	130	6.73640557124011	0	0.0419393205151002	109	0.000125566827889522	109	93	81
"HiG_13"	"Fermt2"	0.00128294836978832	"HiG"	0.0105376417475941	0.944	106.5	142	30	0	0.0172139661191988	133	5.15388207161639e-05	133	20.5	81
"HiG_13"	"Fli1"	0.0028618465622281	"HiG"	0.000101151988776608	0.94	80	106	3	0	0.0500842523097882	102	0.000149952851226911	102	126.5	81
"HiG_13"	"Fn1"	0.00534473543559168	"HiG"	3.06280298790335e-16	0.934	19.5	51	1	0	0.0826122140384978	77.5	0.000247341958199095	78	156.5	81
"HiG_13"	"Fscn1"	0.00153145288076373	"HiG"	0.00161333019704358	0.935	34	137	32	0	0.0177094177784981	132	5.30222089176588e-05	132	10	81
"HiG_13"	"Fth1"	0.0022309864665665	"HiG"	5.38322159480411e-05	0.938	63	115	2	0	0.0396478117026241	111	0.000118706023061749	111	142.5	81
"HiG_13"	"G3bp2"	0.00214890711951037	"HiG"	0.0196054178315319	0.94	80	118	3	0	0.0649169297583685	91	0.000194362065144816	91	126.5	81
"HiG_13"	"Gmps"	0.00351867632498414	"HiG"	0.00162884164784606	0.937	53	93	3	0	0.0428906445690258	108	0.000128415103500077	108	126.5	81
"HiG_13"	"Gnai2"	0.00562416341468778	"HiG"	0.000881963377401044	0.939	71	40	2.90209349437184	0	0.0976319715739071	63	0.000292311292137446	63	132	81
"HiG_13"	"Gnl3"	0.00376252933039816	"HiG"	0.0232404827645114	0.948	128	90	13.8481615920021	0	0.0888509285806341	71	0.000266020744253395	71	50	81
"HiG_13"	"Gpc3"	0.00495623437116917	"HiG"	2.57737070473127e-16	0.934	19.5	68	3	0	0.0683123524916312	86	0.00020452800147195	86	126.5	81
"HiG_13"	"Gpi1"	0.00784781542336123	"HiG"	0.00599332759713649	0.942	98.5	26	2.65899561262981	0	0.257180100151761	24	0.000770000299855572	24	136	81
"HiG_13"	"Gsto1"	0.00190292388197887	"HiG"	0.00243458609190937	0.935	34	126	32	0	0.026724288864333	124	8.00128409111766e-05	124	10	81
"HiG_13"	"Gtpbp4"	0.00431334775453374	"HiG"	0.0275038699074718	0.949	132.5	80	14.1760645752601	0	0.104445499129047	59	0.000312711075236666	59	45	81
"HiG_13"	"H3f3b"	0.000872077898940309	"HiG"	0.000250013396530483	0.938	63	159	4	0	0.00189338215271258	158	5.66880884045681e-06	158	111	81
"HiG_13"	"Hdac1"	0.00863300557560883	"HiG"	0.00601605419240779	0.94	80	23	1.40157186660449	0	0.116092737170666	54	0.000347583045421155	54	149	81
"HiG_13"	"Hells"	0.00534473543559576	"HiG"	1.32939497459554e-16	0.933	8.5	46	1	0	0.0378838463790717	114.5	0.0001134246897577	114	156.5	81
"HiG_13"	"Hhex"	0.00525567228589394	"HiG"	2.55478557139429e-16	0.934	19.5	59	3	0	0.0641662687566431	92	0.000192114577115698	92	122	81
"HiG_13"	"Hmgb1"	0.00293264899890016	"HiG"	0.0455985643620204	0.947	120.5	102	3.81196009609983	0	0.103119135406545	60	0.000308739926366902	60	115	81
"HiG_13"	"Hmgb2"	0.00530386876850315	"HiG"	0.178985031135718	0.953	147	57	8.69451852766943	0	0.214189750127292	30	0.00064128667702782	30	79	81
"HiG_13"	"Hnrnpk"	0.0439758793550313	"HiG"	0.320411300840807	0.947	120.5	2	4.14291329640443	0	1.33707090855019	1	0.00400320631302451	1	107	81
"HiG_13"	"Hoxa9"	0.00233844282011402	"HiG"	7.98420051288796e-17	0.933	8.5	111	3	0	0.0199102596262925	131	5.96115557673428e-05	131	126.5	81
"HiG_13"	"Hprt"	0.0013818513390926	"HiG"	0.000347798926359195	0.937	53	139	3	0	0.00915823840315432	146	2.74198754585459e-05	146	126.5	81
"HiG_13"	"Hsp90aa1"	0.00757054396372185	"HiG"	0.338184819966492	0.954	152	28	10.158394188869	0	0.320832816155023	19	0.000960577293877315	19	68	81
"HiG_13"	"Hsp90ab1"	0.00899698524689032	"HiG"	0.329985450333042	0.956	158.5	20	8.97135515148371	0	0.366295245573038	17	0.00109669235201508	17	78	81
"HiG_13"	"Hsp90b1"	0.0107547693164482	"HiG"	0.580824825365782	0.949	132.5	13	7.56779947203736	0	0.557783866173123	7	0.00167001157536863	7	90	81
"HiG_13"	"Hspa5"	0.020948377376492	"HiG"	1	0.954	152	5	7.89995704729807	0	1.05079701125241	3	0.00314609883608506	3	88	81
"HiG_13"	"Hspa8"	0.0277330974966229	"HiG"	0.841514817110828	0.953	147	3	6.39350472025935	0	1.21658207600668	2	0.00364246130540923	2	94	81
"HiG_13"	"Hspd1"	0.00732143272279191	"HiG"	0.154817175104985	0.954	152	29	18.9252174771727	0	0.254802902745618	25	0.000762882942352151	25	35	81
"HiG_13"	"Hspe1"	0.0051331141408778	"HiG"	0.0437121900116202	0.946	113.5	64	12.7088636537403	0	0.135133578569544	48	0.000404591552603424	48	53	81
"HiG_13"	"Id1"	0.0129081289663509	"HiG"	0.371275895910605	0.957	161	8	8.03610471804727	0	0.517027175908217	11	0.00154798555661143	11	86	81
"HiG_13"	"Idh3a"	0.0028767265045143	"HiG"	0.00132962557403296	0.941	90	104	6.16436191059887	0	0.0566330228706646	100	0.000169559948714565	100	96	81
"HiG_13"	"Ifitm2"	0.00309765074883807	"HiG"	1.43795598245885e-16	0.935	34	98	3	0	0.0377518796582149	116	0.000113029579815015	116	126.5	81
"HiG_13"	"Ifrd1"	0.000845876855030055	"HiG"	8.03126357381168e-06	0.94	80	160	4	0	0.00069874301375997	161	2.09204495137716e-06	161	111	81
"HiG_13"	"Ilf2"	0.00488427714192105	"HiG"	0.0997708307908479	0.954	152	70	13.5695961230598	0	0.169906210839685	41	0.000508701230058939	41	52	81
"HiG_13"	"Imp3"	0.00172621752108374	"HiG"	0.0020508451654891	0.942	98.5	131	5.83934664690185	0	0.0270522019810821	123	8.09946167098267e-05	123	98	81
"HiG_13"	"Impdh2"	0.00215508406643315	"HiG"	0.0672751472631335	0.946	113.5	117	12	0	0.0627405979326455	94	0.000187846101594747	94	57	81
"HiG_13"	"Isyna1"	0.00248158714021913	"HiG"	0.0037139069821471	0.938	63	110	32	0	0.0407673087988121	110	0.000122057810774886	110	10	81
"HiG_13"	"Jun"	0.00720864786160268	"HiG"	2.99156404125831e-16	0.936	44.5	30	1.7492011499853	0	0.0793873641172012	80	0.000237686718913776	80	148	81
"HiG_13"	"Krt18"	0.00524004774131599	"HiG"	0.00119006323672808	0.935	34	61	2	0	0.188325623333337	36	0.000563849171656697	36	142.5	81
"HiG_13"	"Krt8"	0.0053451337587347	"HiG"	0.00330754654969332	0.935	34	43	1.11558206209548	0	0.192782052772219	35	0.000577191774767124	35	151	81
"HiG_13"	"Laptm4b"	0.00165886838045067	"HiG"	0.00189502306101647	0.935	34	134	32	0	0.020801541525056	127	6.22800644462754e-05	127	10	81
"HiG_13"	"Ldha"	0.0020245699884875	"HiG"	0.0408751338769293	0.945	109	122	8	0	0.0576245799643064	98	0.000172528682527863	98	87	81
"HiG_13"	"Lgals1"	0.0043940243626787	"HiG"	0.0141984678055946	0.943	104	79	9.02107054477344	0	0.090044099607953	69	0.000269593112598662	69	73	81
"HiG_13"	"Limd2"	0.00184729769423083	"HiG"	0.00231160654721394	0.935	34	128	32	0	0.0253743506190737	125	7.59711096379453e-05	125	10	81
"HiG_13"	"Lmo2"	0.00598966451590473	"HiG"	0.00105710607985702	0.938	63	37	2.97288033282676	0	0.123773215932196	53	0.000370578490814958	53	131	81
"HiG_13"	"Lrrc59"	0.00117598232709835	"HiG"	0.000225144774706528	0.937	53	147	4	0	0.00805849638666936	150	2.41272346906268e-05	150	111	81
"HiG_13"	"Lyar"	0.00116750415578922	"HiG"	0.00800976649392812	0.94	80	148	30	0	0.0130845071745443	136	3.91751711812703e-05	136	23.5	81
"HiG_13"	"Mapk3"	0.00525203026977986	"HiG"	0.000745070234012775	0.941	90	60	2.83080859557909	0	0.0969703486314715	65	0.000290330385124166	65	134	81
"HiG_13"	"Mcm7"	0.00534473543559168	"HiG"	1.36646012872788e-16	0.933	8.5	51	1	0	0.0378838463790717	114.5	0.0001134246897577	115	156.5	81
"HiG_13"	"Mmp2"	0.00534473543559576	"HiG"	1.21415360957726e-17	0.934	19.5	46	1	0	0.00336049503270451	155.5	1.00613623733668e-05	155	156.5	81
"HiG_13"	"Mrto4"	0.00110348973083384	"HiG"	0.00620729816686836	0.939	71	150	28.0507844841705	0	0.0107315809790071	141	3.2130481973075e-05	141	29	81
"HiG_13"	"Msn"	0.00647190907613881	"HiG"	0.0824595147094386	0.939	71	35	9.15652087136879	0	0.223356000788442	28	0.000668730541282761	28	72	81
"HiG_13"	"Mtap"	0.00530765076153172	"HiG"	0.0198774940312538	0.938	63	56	2.88424401353634	0	0.071219616762276	83	0.000213232385515796	83	133	81
"HiG_13"	"Myc"	0.00427328091190376	"HiG"	0.0691146861973163	0.948	128	82	16.236447657155	0	0.0977340756737913	62	0.000292616993035303	62	38	81
"HiG_13"	"Ncl"	0.0125756731639474	"HiG"	0.485236104228174	0.955	155.5	9	10.0257351126662	0	0.541410573965616	8	0.00162098974241202	8	69	81
"HiG_13"	"Ndufa8"	0.00712689773437185	"HiG"	0.00263663659118488	0.937	53	31	4.80472892488482	0	0.159983738249076	43	0.000478993228290646	43	102	81
"HiG_13"	"Nop58"	0.00391323524808517	"HiG"	0.0667119497769658	0.951	141	89	29.8093342612512	0	0.109711185087247	58	0.000328476602057626	58	28	81
"HiG_13"	"Npm1"	0.0226762760359164	"HiG"	0.561243524414292	0.948	128	4	6.36406912224287	0	0.893555567185366	5	0.00267531606941726	5	95	81
"HiG_13"	"Nsun2"	0.00527988002839029	"HiG"	0.0485583480507137	0.948	128	58	8.44817598497069	0	0.134611865351138	49	0.000403029536979455	49	82	81
"HiG_13"	"Nudt9"	0.00132871509085728	"HiG"	0.0011651132311752	0.934	19.5	140	32	0	0.0127893700917197	137	3.82915272207176e-05	137	10	81
"HiG_13"	"Oat"	0.00114954060224407	"HiG"	0.000768990506919958	0.932	3.5	149	32	0	0.00844115741445869	149	2.52729263905949e-05	149	10	81
"HiG_13"	"Pa2g4"	0.00156570070550402	"HiG"	0.000602050520755787	0.94	80	136	11	0	0.0160383766123361	134	4.80190916537009e-05	134	63.5	81
"HiG_13"	"Pabpc1"	0.0141411973629993	"HiG"	0.470662046416468	0.956	158.5	7	11.3612423588602	0	0.578168631651538	6	0.00173104380733993	6	60	81
"HiG_13"	"Paics"	0.00201926660622283	"HiG"	0.101025169173537	0.953	147	123	16	0	0.0628366695276551	93	0.000188133741100764	93	40	81
"HiG_13"	"Pdia3"	0.0109903767840588	"HiG"	0.538900158544516	0.951	141	12	7.59648274604722	0	0.525972960756831	9	0.00157476934358333	9	89	81
"HiG_13"	"Pdia4"	0.0104895930659891	"HiG"	0.515671470612284	0.948	128	14	7.18324827087174	0	0.522304231966906	10	0.00156378512564942	10	92	81
"HiG_13"	"Pdia6"	0.00815674776708542	"HiG"	0.522681689229118	0.95	136	24	8.57123742246246	0	0.43121219221944	15	0.00129105446772287	15	81	81
"HiG_13"	"Pea15a"	0.00406642968364886	"HiG"	0.00557121243071222	0.94	80	87	25.8452902751703	0	0.0773050161525419	82	0.000231452144169287	82	31	81
"HiG_13"	"Peg3"	0.00102523317378666	"HiG"	0.000176143646647882	0.939	71	154	11	0	0.00469239381981189	153	1.404908329285e-05	153	63.5	81
"HiG_13"	"Pfn1"	0.00267586674989064	"HiG"	0.155505722631535	0.954	152	109	16	0	0.0967230422140832	66	0.000289589946748752	66	40	81
"HiG_13"	"Pgam1"	0.00269001443632761	"HiG"	0.00417406802853165	0.938	63	108	27.6397779898787	0	0.0489199804838104	105	0.000146467007436558	105	30	81
"HiG_13"	"Pgk1"	0.00653271834800522	"HiG"	0.0282696953448863	0.941	90	32	3.28609667260808	0	0.226945482011061	27	0.000679477491051082	27	120	81
"HiG_13"	"Ppid"	0.00757378608002022	"HiG"	0.222433879630446	0.948	128	27	14.0491736363276	0	0.268875022861805	23	0.000805015038508399	23	47	81
"HiG_13"	"Ppp1r2"	0.00449702563281068	"HiG"	0.0632560799436408	0.939	71	76	8.24341967155083	0	0.152919245129758	45	0.000457842051286701	45	84	81
"HiG_13"	"Prdx1"	0.001048022040549	"HiG"	0.00539347355114119	0.939	71	153	30	0	0.00881061182359295	148	2.63790773161466e-05	148	20.5	81
"HiG_13"	"Prdx3"	0.00311093204924165	"HiG"	0.000194722642840151	0.937	53	97	4	0	0.0498845563844766	103	0.00014935495923496	103	111	81
"HiG_13"	"Prkar2b"	0.00144247597319791	"HiG"	2.20505609861699e-05	0.937	53	138	3	0	0.0130862264212122	135	3.91803186263838e-05	135	126.5	81
"HiG_13"	"Ptma"	0.00891955833456581	"HiG"	0.0252063714720511	0.938	63	21	5.78181138427302	0	0.299320408584642	21	0.000896168887977969	21	99	81
"HiG_13"	"Ranbp1"	0.0090719695477053	"HiG"	0.0159275577964819	0.938	63	18	9.44697478395467	0	0.279593849392632	22	0.000837107333510876	22	71	81
"HiG_13"	"Rap1b"	0.00096234146274615	"HiG"	0.0181106457781038	0.94	80	157	14	0	0.00947936565105691	145	2.83813342846015e-05	145	49	81
"HiG_13"	"Rbm38"	0.00217363522217052	"HiG"	0.0593394608663337	0.948	128	116	14	0	0.0659902474392702	88	0.00019757559113554	88	48	81
"HiG_13"	"Rbpms"	0.00169838752194838	"HiG"	0.01963448875075	0.945	109	132	30	0	0.0320742944407241	121	9.60308216788148e-05	121	23.5	81
"HiG_13"	"Rras2"	0.00420140023948285	"HiG"	0.00751610591885423	0.936	44.5	85	32	0	0.0825037924836139	79	0.000247017342765311	79	10	81
"HiG_13"	"Rrbp1"	0.00299791312696535	"HiG"	0.0244033837596909	0.946	113.5	99	24.6362342276357	0	0.0488964806110775	106	0.00014639664853616	106	32	81
"HiG_13"	"Rrs1"	0.00168015678115465	"HiG"	0.0192352912776845	0.944	106.5	133	30	0	0.0314221777773552	122	9.40783765789077e-05	122	23.5	81
"HiG_13"	"Rsl1d1"	0.00651927441448639	"HiG"	0.0704967639482591	0.951	141	33	12.5103835754396	0	0.212904834572422	31	0.000637439624468328	31	54	81
"HiG_13"	"Ruvbl2"	0.00189682852530986	"HiG"	0.00484486654660512	0.941	90	127	4	0	0.0337409432325544	120	0.00010102078812142	120	111	81
"HiG_13"	"S100a10"	0.00498653471108288	"HiG"	0.00292267347783695	0.943	104	67	4.71251173763931	0	0.0965708097710031	67	0.000289134160991027	67	103	81
"HiG_13"	"Sdf2l1"	0.00863856070604711	"HiG"	0.482510683619646	0.953	147	22	7.33780863512102	0	0.435431257562644	14	0.00130368639988816	14	91	81
"HiG_13"	"Serpinh1"	0.00534473543559168	"HiG"	1.17969692106431e-17	0.934	19.5	51	1	0	0.00336049503270451	155.5	1.00613623733668e-05	156	156.5	81
"HiG_13"	"Set"	0.0163246866272531	"HiG"	0.0635404084994499	0.934	19.5	6	2.79099564224198	0	0.509454131372298	12	0.00152531177057574	12	135	81
"HiG_13"	"Sh3glb1"	0.00224856624479596	"HiG"	0.00319873949029126	0.935	34	114	32	0	0.0351123496615602	119	0.000105126795393893	119	10	81
"HiG_13"	"Slc25a4"	0.00907013613906763	"HiG"	0.0204747540599411	0.942	98.5	19	4.64497658129052	0	0.216561901218562	29	0.000648388925804078	29	104	81
"HiG_13"	"Slc25a5"	0.00408596534215808	"HiG"	0.00483697204389442	0.95	136	86	8.08113066044515	0	0.085282719402292	75	0.000255337483240395	75	85	81
"HiG_13"	"Sox17"	0.00616429844356164	"HiG"	2.57301776421661e-16	0.933	8.5	36	1.79121755556625	0	0.0651515494420874	90	0.000195064519287687	90	147	81
"HiG_13"	"Ssb"	0.011463773673188	"HiG"	0.248026733622285	0.952	144	10	15.108383741678	0	0.417463803995402	16	0.00124989162872875	16	42	81
"HiG_13"	"Sssca1"	0.00126807786535523	"HiG"	0.000367513557715463	0.941	90	144	11	0	0.00979040901979568	143	2.93126018556757e-05	143	63.5	81
"HiG_13"	"Swap70"	0.00287545379559456	"HiG"	0.00651858399587802	0.94	80	105	20.0896101211726	0	0.0610419034985018	95	0.000182760190115275	95	33	81
"HiG_13"	"Tal1"	0.00495201334523162	"HiG"	0.000754692982069202	0.941	90	69	4	0	0.0656604585203856	89	0.000196588199162831	89	111	81
"HiG_13"	"Timm8a1"	0.00110115704896238	"HiG"	0.000235974253388492	0.94	80	151	11	0	0.00628625641234959	152	1.88211269830826e-05	152	63.5	81
"HiG_13"	"Tkt"	0.00231617500727261	"HiG"	0.00334821036297553	0.936	44.5	112	32	0	0.0367530814441383	117	0.000110039166000414	117	10	81
"HiG_13"	"Tmem59"	0.0013104680426743	"HiG"	0.00112477227364379	0.934	19.5	141	32	0	0.0123465500962733	138	3.69657188511176e-05	138	10	81
"HiG_13"	"Tnfaip1"	0.00440120735329722	"HiG"	0.00795784368443862	0.935	34	78	32	0	0.0873527184217819	74	0.000261535085095155	74	10	81
"HiG_13"	"Top1"	0.00531667401796499	"HiG"	0.0146235628482964	0.934	19.5	55	16.8029389118934	0	0.0973028638651857	64	0.000291325939716125	64	36	81
"HiG_13"	"Tpi1"	0.00595322790553396	"HiG"	0.00629954198539192	0.941	90	38	3.45691210288703	0	0.203891656191923	32	0.000610454060454859	32	119	81
"HiG_13"	"Trp53"	0.00207962682525479	"HiG"	0.0635242270105023	0.947	120.5	119	12	0	0.0592425011016228	97	0.00017737275778929	97	57	81
"HiG_13"	"Tuba1a"	0.00797459050242016	"HiG"	0.16074324807951	0.951	141	25	8.27946251786141	0	0.310851326190526	20	0.00093069259338481	20	83	81
"HiG_13"	"Tuba1c"	0.00206759949503781	"HiG"	0.0277191018967777	0.947	120.5	120	30	0	0.0452810687946088	107	0.000135572062259308	107	26.5	81
"HiG_13"	"Tubb4b"	0.00424115955540987	"HiG"	0.0478427912032503	0.956	158.5	84	10.6968127312312	0	0.136866573346556	46	0.000409780159720228	46	66	81
"HiG_13"	"Txndc5"	0.00127302370313875	"HiG"	0.000421651954896946	0.937	53	143	2	0	0.00904376789968179	147	2.70771494002449e-05	147	142.5	81
"HiG_13"	"Ubc"	0.00988437454150648	"HiG"	0.0196479782380935	0.942	98.5	16	3.64539210297193	0	0.176376463615455	39	0.00052807324435765	39	117	81
"HiG_13"	"Vasp"	0.00165408440027746	"HiG"	0.00188444653712815	0.935	34	135	32	0	0.020685443729003	128	6.19324662545001e-05	128	10	81
"HiG_13"	"Vim"	0.00475359618858847	"HiG"	0.0188939073533111	0.945	109	72	3.24131286690113	0	0.130714721715636	50	0.000391361442262384	50	121	81
"HiG_13"	"Wdr12"	0.00504825332563234	"HiG"	0.0409795560105322	0.947	120.5	66	10.6578083748145	0	0.156802636564398	44	0.000469468971749694	44	67	81
"HiG_14"	"Anp32a"	0.00406038778076861	"HiG"	0.012011701339953	0.92	23.5	77	5.99020673907833	0	0.0878799625895087	63	0.000282572226975912	63	74	67
"HiG_14"	"Apoe"	0.00278694806634671	"HiG"	0.0148907288149263	0.918	9	102	8	0	0.0725923013341008	71	0.000233415759916723	71	54	67
"HiG_14"	"Atp5b"	0.00280307429195755	"HiG"	0.013860049618868	0.922	42	100	7.90408556883123	0	0.0724849423883124	72	0.000233070554303255	72	56	67
"HiG_14"	"Bbx"	0.00184203752731007	"HiG"	0.00240675886084382	0.928	72.5	119	12	0	0.0235843082197656	112	7.58337884879923e-05	112	29	67
"HiG_14"	"Bccip"	0.00317381669199228	"HiG"	0.0162360151360919	0.921	32	92	3.76002982880534	0	0.0460693520085487	92	0.000148132964657713	92	94	67
"HiG_14"	"Bzw2"	0.00625586487331705	"HiG"	0	0.923	52.5	38	1	0	0.0194821818091362	117.5	6.26436714120136e-05	117	128	67
"HiG_14"	"Cacybp"	0.0029073937293753	"HiG"	0.00221338070889334	0.927	70	98	3.90350548267173	0	0.04780431308799	91	0.00015371161764627	91	92	67
"HiG_14"	"Cbx1"	0.00446582365105203	"HiG"	0.049963747447281	0.925	63	67	7.72268526834737	0	0.0940426813997865	60	0.00030238804308613	60	60	67
"HiG_14"	"Ccnd1"	0.00152847127192494	"HiG"	0.0398072521861683	0.928	72.5	123	16	0	0.0297756943881664	106	9.57417825986059e-05	106	16.5	67
"HiG_14"	"Ccnd2"	0.0026372530802225	"HiG"	0.013684894331716	0.92	23.5	104	8	0	0.0667138583611479	76	0.000214514014022984	76	54	67
"HiG_14"	"Cct4"	0.00603379447619811	"HiG"	0.013347132203704	0.92	23.5	48	3.52132283107731	0	0.21032066000604	36	0.00067627221866894	36	99	67
"HiG_14"	"Cct8"	0.00882463725406199	"HiG"	0.0322765100598029	0.92	23.5	18	4.55783793820277	0	0.318827672105781	20	0.00102516936368418	20	87	67
"HiG_14"	"Cd81"	0.00913018116646052	"HiG"	0	0.922	42	17	1	0	0.084071193106568	67	0.000270325379763884	67	128	67
"HiG_14"	"Cdx2"	0.00335445054695156	"HiG"	0.00579995262189101	0.919	15.5	89	2.91365950816275	0	0.0387814089228784	98	0.000124699064060702	98	107	67
"HiG_14"	"Chchd4"	0.00424152858797183	"HiG"	0.0111471034941811	0.918	9	70	3.61671805392185	0	0.0360633065429969	100	0.000115959185025713	100	96	67
"HiG_14"	"Cnn2"	0.00625586487331227	"HiG"	0	0.921	32	43	1	0	0.00405890325089792	129.5	1.30511358549773e-05	130	128	67
"HiG_14"	"Cnn3"	0.00625586487331705	"HiG"	0	0.922	42	38	1	0	0.00405890325089792	129.5	1.30511358549773e-05	129	128	67
"HiG_14"	"Cox17"	0.00368603796100201	"HiG"	0.000457429500073276	0.917	4.5	83	2	0	0.0274844424234353	108	8.83744129370909e-05	108	116	67
"HiG_14"	"Crabp1"	0.00333629207776597	"HiG"	0.00638648480838422	0.929	76	91	12	0	0.0625824334179354	77	0.000201229689446738	77	34.5	67
"HiG_14"	"Dars"	0.00625586487331705	"HiG"	0	0.922	42	38	1	0	0.00801697922751384	125.5	2.57780682556715e-05	125	128	67
"HiG_14"	"Ddx39b"	0.00363883707353708	"HiG"	0.0981226545338939	0.941	118.5	85	25.1762991075172	0	0.115561486997441	51	0.000371580344043218	51	9	67
"HiG_14"	"Ddx5"	0.0180085223017944	"HiG"	0.83856276318421	0.952	131	8	13.683194737033	0	0.811536927158439	6	0.0026094434956863	6	23	67
"HiG_14"	"Dek"	0.00225022819311747	"HiG"	0.00349391431488736	0.929	76	113	12	0	0.0342375604953063	103	0.000110088618955969	103	34.5	67
"HiG_14"	"Dkc1"	0.00388073709600988	"HiG"	0.0451788262396291	0.926	67	80	8.89028745390664	0	0.101985377858498	58	0.000327927259995171	58	49	67
"HiG_14"	"Dnaja1"	0.00474515568494782	"HiG"	0.238083146295105	0.943	121.5	64	14.9684625911829	0	0.191356706594985	40	0.000615294876511205	40	20	67
"HiG_14"	"Dut"	0.00119162331718054	"HiG"	0.0014135189703749	0.919	15.5	129	12	0	0.00827613902219926	124	2.66113794926021e-05	124	34.5	67
"HiG_14"	"Ebna1bp2"	0.00428355609092188	"HiG"	0.0704848294772069	0.939	113	69	20.972127168262	0	0.111895674614459	55	0.000359793165962891	55	12	67
"HiG_14"	"Eef1e1"	0.00625586487331227	"HiG"	0	0.922	42	43	1	0	0.00801697922751384	125.5	2.57780682556715e-05	126	128	67
"HiG_14"	"Eif3m"	0.00509399776951219	"HiG"	0.27200345223672	0.937	99.5	59	12	0	0.209688257247914	37	0.000674238769285896	37	34.5	67
"HiG_14"	"Eif4a1"	0.0067726455291932	"HiG"	0.0537954483735491	0.932	85	32	5.51688926871264	0	0.264881003153621	26	0.000851707405638653	26	80	67
"HiG_14"	"Eif4a3"	0.0107579975400234	"HiG"	0.23687121612699	0.947	126.5	15	7.88981781468319	0	0.465260187486224	13	0.00149601346458593	13	57	67
"HiG_14"	"Fam162a"	0.00565003182713183	"HiG"	0.106130510457608	0.934	91.5	51	6.33218764656297	0	0.226203917038271	33	0.000727343784688975	33	67	67
"HiG_14"	"Fbl"	0.00197086777715615	"HiG"	0.000121609624295233	0.917	4.5	118	2	0	0.0140432716144738	119	4.51552141944494e-05	119	116	67
"HiG_14"	"Fermt2"	0.00239457048585419	"HiG"	0.00331144352670167	0.921	32	109	4.93142163931404	0	0.0525341214302058	85	0.000168920004598733	85	83	67
"HiG_14"	"Fkbp4"	0.00415856895114538	"HiG"	0.0402835303944602	0.933	88.5	74	6.0703339604453	0	0.097851881648201	59	0.000314636275396145	59	69	67
"HiG_14"	"Fn1"	0.00625586487331227	"HiG"	0	0.923	52.5	43	1	0	0.0194821818091362	117.5	6.26436714120136e-05	118	128	67
"HiG_14"	"Gnl3"	0.00416896759811089	"HiG"	0.0319175414683026	0.938	106.5	73	10.7697097582579	0	0.108119232806036	56	0.00034765026625735	56	44	67
"HiG_14"	"Gpc3"	0.00552179331490504	"HiG"	0	0.923	52.5	53	2	0	0.0496521361373353	88	0.000159653170859599	88	116	67
"HiG_14"	"Gtpbp4"	0.00877012720311536	"HiG"	0.0606616171796291	0.938	106.5	19	11.4858492807062	0	0.238437451735354	29	0.000766679909116895	29	42	67
"HiG_14"	"H3f3b"	0.00229431541770905	"HiG"	0.00580742983029597	0.926	67	111	6	0	0.0428360226467129	95	0.000137736407224157	95	71.5	67
"HiG_14"	"Hells"	0.00495849016231878	"HiG"	5.38980178316182e-05	0.923	52.5	61	2	0	0.0487557539438468	89	0.000156770913002723	89	116	67
"HiG_14"	"Hmgb1"	0.00532954958696877	"HiG"	0.156960825611811	0.932	85	57	12.8804306681012	0	0.151271108315774	45	0.000486402277542681	45	26	67
"HiG_14"	"Hmgb2"	0.00523195836574405	"HiG"	0.146244816699521	0.933	88.5	58	11.7435940843308	0	0.164081541399976	43	0.00052759338070732	43	41	67
"HiG_14"	"Hmgb3"	0.00625586487331705	"HiG"	0	0.923	52.5	38	1	0	0.00556457404265083	127.5	1.78925210374625e-05	127	128	67
"HiG_14"	"Hnrnpk"	0.0515276314767111	"HiG"	0.675014291801376	0.937	99.5	1	4.53357061775032	0	1.78346352917666	1	0.00573460941857448	1	88	67
"HiG_14"	"Hprt"	0.00311936693462696	"HiG"	0.000328393228984357	0.919	15.5	94	2	0	0.0343287090028302	102	0.00011038170097373	102	116	67
"HiG_14"	"Hsp90aa1"	0.0136047240340778	"HiG"	0.525413594892308	0.94	116.5	12	8.98104899595423	0	0.62543647730007	8	0.00201104976623817	8	48	67
"HiG_14"	"Hsp90ab1"	0.0113678498723395	"HiG"	0.3917820021839	0.937	99.5	14	7.45901046625399	0	0.526653825791011	10	0.00169342066170743	10	63	67
"HiG_14"	"Hspa5"	0.0254791110057769	"HiG"	1	0.944	124	4	8.58756910223218	0	1.23340383900347	3	0.00396592874277643	3	50	67
"HiG_14"	"Hspa8"	0.0366995124759595	"HiG"	0.895416507916483	0.937	99.5	2	5.98176598358632	0	1.57406162113687	2	0.00506129138629219	2	75	67
"HiG_14"	"Hspd1"	0.00585509784999873	"HiG"	0.160568440464622	0.947	126.5	49	25.0677826343536	0	0.19981363780646	38	0.000642487581371254	38	10	67
"HiG_14"	"Hspe1"	0.00334720303361919	"HiG"	0.0495304337558517	0.935	94.5	90	4.88496667523322	0	0.114491884004183	52	0.000368141106122774	52	85	67
"HiG_14"	"Id1"	0.008464239276744	"HiG"	0.149325636961003	0.938	106.5	24	7.74235299744233	0	0.292114759830018	23	0.000939275755080444	23	59	67
"HiG_14"	"Idh3a"	0.00117392673218381	"HiG"	0.000501949334581779	0.922	42	130	7	0	0.00835929830054575	123	2.68787726705651e-05	123	65	67
"HiG_14"	"Ifitm2"	0.00411562013857602	"HiG"	0	0.923	52.5	76	2	0	0.0344190569692326	101	0.000110672208904285	101	116	67
"HiG_14"	"Ilf2"	0.00819526391491374	"HiG"	0.285541736548739	0.951	130	27	12.7389655010463	0	0.356716967893806	17	0.00114699989676465	17	27	67
"HiG_14"	"Imp3"	0.00338124987079077	"HiG"	0.00736065312807574	0.933	88.5	88	4.89001955217339	0	0.0798399153027665	69	0.000256719984896355	69	84	67
"HiG_14"	"Impdh2"	0.00317021106519247	"HiG"	0.146083163102155	0.933	88.5	93	12	0	0.112615937894402	53	0.000362109125062387	53	34.5	67
"HiG_14"	"Krt18"	0.00612352996023969	"HiG"	0.00297324639508285	0.918	9	47	2	0	0.257987779073668	27	0.00082954269798607	27	116	67
"HiG_14"	"Krt8"	0.0062983175061966	"HiG"	0.00771892039483965	0.919	15.5	35	1.18875590095901	0	0.266367519254174	25	0.000856487200174193	25	122	67
"HiG_14"	"Ldha"	0.00151459888010652	"HiG"	0.00521607601038102	0.918	9	125	8	0	0.0233956076989678	113	7.52270344018258e-05	113	54	67
"HiG_14"	"Lef1"	0.00121032775476551	"HiG"	0.00219087760898647	0.921	32	128	4	0	0.010033730438211	122	3.22627988366914e-05	122	90.5	67
"HiG_14"	"Lgals1"	0.00569724105713769	"HiG"	0.0752383769916812	0.935	94.5	50	14.3046504043818	0	0.169898654831228	42	0.000546297925502342	42	22	67
"HiG_14"	"Lmnb1"	0.00152778090917797	"HiG"	0.000243992788442155	0.919	15.5	124	3	0	0.0100651983499862	121	3.23639818327531e-05	121	104.5	67
"HiG_14"	"Lyar"	0.00158256931677948	"HiG"	0.0264366851973454	0.931	82	121	31	0	0.0262312403287733	109	8.43448242082742e-05	109	1	67
"HiG_14"	"Maged1"	0.0011347049183094	"HiG"	1.79680315939759e-06	0.914	1	131	2	0	0.00233480761868882	132	7.50741999578399e-06	132	116	67
"HiG_14"	"Map1b"	0.00541763454401746	"HiG"	0.000531316571412034	0.916	2	56	1.35477770302212	0	0.0829724054799809	68	0.000266792300578717	68	121	67
"HiG_14"	"Mapk3"	0.00419072471462851	"HiG"	0.00217913206539739	0.917	4.5	71	3	0	0.0686315131627503	74	0.000220680106632638	74	104.5	67
"HiG_14"	"Mat2a"	0.0025547695378926	"HiG"	0.00106878486647998	0.923	52.5	108	2.30850597692951	0	0.031906769783789	104	0.000102594115060415	104	111	67
"HiG_14"	"Mcm7"	0.00542962215984621	"HiG"	0.000740409039038599	0.924	59	55	2.41830960030619	0	0.0559727220365472	81	0.000179976598188255	81	110	67
"HiG_14"	"Mrto4"	0.00153714532932431	"HiG"	0.0245725450695436	0.932	85	122	31	0	0.0243815868138239	110	7.8397385253453e-05	110	3	67
"HiG_14"	"Mtap"	0.00403104513698652	"HiG"	0.00640710022549478	0.919	15.5	78	3.18084063384628	0	0.0539313064132267	83	0.000173412560814234	83	102	67
"HiG_14"	"Myc"	0.00836083524781776	"HiG"	0.0908028806649741	0.934	91.5	25	5.8742474579019	0	0.224511524994684	35	0.00072190200962921	35	76	67
"HiG_14"	"Mycn"	0.00235020369622274	"HiG"	0.00604679756652866	0.925	63	110	6	0	0.044601616389519	93	0.000143413557522569	93	71.5	67
"HiG_14"	"Myl12b"	0.00216522306591166	"HiG"	0.00684781934160479	0.922	42	116	12	0	0.0400939117605157	97	0.000128919330419665	97	34.5	67
"HiG_14"	"Ncl"	0.0155238565671862	"HiG"	0.703080082129855	0.956	132.5	10	10.8587163116639	0	0.688300642048747	7	0.00221318534420819	7	43	67
"HiG_14"	"Ndn"	0.0114512567898203	"HiG"	0.00949455699862079	0.92	23.5	13	3.19986251330592	0	0.183852045531798	41	0.00059116413354276	41	101	67
"HiG_14"	"Ngfr"	0.00382784294814426	"HiG"	0.000515435344462747	0.919	15.5	81	5.69830161304098	0	0.0386944000964434	99	0.000124419292914609	99	78	67
"HiG_14"	"Nono"	0.00786743474853661	"HiG"	0.128337596832956	0.939	113	29	17.6307858656258	0	0.233094872899437	32	0.000749501199033561	32	14	67
"HiG_14"	"Npm1"	0.0264510103592864	"HiG"	0.868810579728523	0.941	118.5	3	6.38039211576425	0	1.13448740506983	4	0.0036478694696779	4	66	67
"HiG_14"	"Nsun2"	0.00431123874936813	"HiG"	0.0726461228585344	0.937	99.5	68	8.4948119162419	0	0.126745380208916	49	0.000407541415462752	49	51	67
"HiG_14"	"Pa2g4"	0.00301760075235862	"HiG"	0.0116054996757706	0.924	59	97	12	0	0.0679500811462694	75	0.000218489006901188	75	34.5	67
"HiG_14"	"Pabpc1"	0.0189705332780813	"HiG"	0.798332952153923	0.956	132.5	5	13.311342403929	0	0.838990535805571	5	0.00269771876464814	5	24	67
"HiG_14"	"Paics"	0.00303531877084886	"HiG"	0.141458359236279	0.937	99.5	96	16	0	0.105810389864951	57	0.000340226333970905	57	16.5	67
"HiG_14"	"Pcbp4"	0.00262314278601261	"HiG"	0.00448711716717812	0.929	76	106	12	0	0.043970152561037	94	0.000141383127205907	94	34.5	67
"HiG_14"	"Pdia3"	0.00876250410484133	"HiG"	0.218338481339957	0.935	94.5	20	8.41569049576886	0	0.330919089286315	18	0.00106404851860551	18	52	67
"HiG_14"	"Pdia4"	0.00757745560833243	"HiG"	0.228135137256526	0.938	106.5	30	7.63117304045671	0	0.323150568847559	19	0.00103906935320759	19	62	67
"HiG_14"	"Pdia6"	0.00939615879708607	"HiG"	0.271139804370586	0.939	113	16	7.68126156575832	0	0.406390992556623	15	0.00130672344873512	15	61	67
"HiG_14"	"Peg3"	0.0010363795831002	"HiG"	0.000547001612658435	0.918	9	132	12	0	0.00320268881182947	131	1.0298034764725e-05	131	40	67
"HiG_14"	"Polr2h"	0.00279701663571012	"HiG"	0.000405706457489475	0.921	32	101	4	0	0.0519540843905793	86	0.000167054933731766	86	90.5	67
"HiG_14"	"Ppid"	0.00855544685455307	"HiG"	0.361151887509966	0.948	128	21	10.6438851212271	0	0.3886976522921	16	0.00124983167939582	16	45	67
"HiG_14"	"Prdx1"	0.00306238192797805	"HiG"	0.0871662297553797	0.942	120	95	31	0	0.0864888432191198	65	0.000278099174338006	65	5	67
"HiG_14"	"Prrx2"	0.00366437410070087	"HiG"	0.00726028274274365	0.929	76	84	12	0	0.0711449529711	73	0.000228761906659486	73	34.5	67
"HiG_14"	"Psip1"	0.00625586487331227	"HiG"	0	0.923	52.5	43	1	0	0.00556457404265083	127.5	1.78925210374625e-05	128	128	67
"HiG_14"	"Ptma"	0.00854599175242923	"HiG"	0.0259319902595667	0.925	63	23	5.03186888001443	0	0.297257466007634	21	0.000955811787805898	21	81	67
"HiG_14"	"Ranbp1"	0.00835404426330495	"HiG"	0.0129860984668213	0.925	63	26	2.46341770722175	0	0.295650955163814	22	0.000950646158083003	22	108	67
"HiG_14"	"Rangrf"	0.00284349842652755	"HiG"	0.00153794046633608	0.924	59	99	3	0	0.0793205336919397	70	0.000255049947562507	70	104.5	67
"HiG_14"	"Rbbp7"	0.00558596590127516	"HiG"	0.255062210098447	0.939	113	52	12.0026934934988	0	0.22617705015806	34	0.000727257396006625	34	28	67
"HiG_14"	"Rbpms"	0.0016938034931757	"HiG"	0.0310015880916107	0.938	106.5	120	31	0	0.0307606684323015	105	9.89089017115804e-05	105	3	67
"HiG_14"	"Rnf128"	0.00226926984413176	"HiG"	0.00110721283605167	0.931	82	112	5	0	0.0277735551441328	107	8.93040358332244e-05	107	82	67
"HiG_14"	"Rps26"	0.00262715658774233	"HiG"	0.0554104355503507	0.94	116.5	105	27.9711427050326	0	0.0619063076254393	78	0.000199055651528744	78	8	67
"HiG_14"	"Rrs1"	0.00123375981777983	"HiG"	0.0121152030216318	0.927	70	127	30.9926892630887	0	0.0120252118053343	120	3.86662759013966e-05	120	6	67
"HiG_14"	"Rsl1d1"	0.00468354562756935	"HiG"	0.101726141681567	0.943	121.5	66	16.7340884501717	0	0.133235294741227	48	0.000428409307849604	48	15	67
"HiG_14"	"Rtn4"	0.00351287500766861	"HiG"	0.000689347805370967	0.92	23.5	86	6	0	0.0486282326925139	90	0.000156360876824804	90	71.5	67
"HiG_14"	"Ruvbl2"	0.00686638006769104	"HiG"	0.00523018462556767	0.922	42	31	2.43078795208708	0	0.16314429962188	44	0.000524579741549453	44	109	67
"HiG_14"	"S100a10"	0.00493038512866638	"HiG"	0.0177083469026798	0.929	76	62	4.86889326571271	0	0.137160962232783	47	0.000441032032902841	47	86	67
"HiG_14"	"Sall4"	0.0047154771155483	"HiG"	0.0169650106038911	0.922	42	65	5.56163453480799	0	0.126720348836556	50	0.000407460928734908	50	79	67
"HiG_14"	"Sdf2l1"	0.00614587592735129	"HiG"	0.123885143855812	0.938	106.5	46	7.78126483299623	0	0.238312492278431	30	0.000766278110220034	30	58	67
"HiG_14"	"Set"	0.0177520780692716	"HiG"	0.137388437597577	0.922	42	9	3.56372298877396	0	0.592547513385595	9	0.00190529747069323	9	98	67
"HiG_14"	"Slc25a4"	0.00789066811592452	"HiG"	0.0402174799997043	0.931	82	28	5.80429907971833	0	0.238026300502162	31	0.000765357879428175	31	77	67
"HiG_14"	"Slc25a5"	0.00549499687819906	"HiG"	0.0184454811900737	0.927	70	54	9.6432880416752	0	0.147022752509438	46	0.000472741969483724	46	47	67
"HiG_14"	"Smad7"	0.00136541381732831	"HiG"	0.0283455314000384	0.92	23.5	126	10	0	0.0226398645761274	114	7.27969922061974e-05	114	46	67
"HiG_14"	"Snrpn"	0.00198343395613366	"HiG"	0.0428876376984746	0.938	106.5	117	31	0	0.0425543491252454	96	0.000136830704582783	96	3	67
"HiG_14"	"Srrm2"	0.00676220565064873	"HiG"	0.233196463818539	0.949	129	33	14.8910604934216	0	0.278680440409938	24	0.00089607858652713	24	21	67
"HiG_14"	"Srsf9"	0.00095995920367766	"HiG"	4.18557331784693e-05	0.921	32	133	3	0	0.000549719260745037	133	1.7675860474117e-06	133	104.5	67
"HiG_14"	"Ssb"	0.0137489640503731	"HiG"	0.493933348466474	0.944	124	11	15.3661048738785	0	0.523605957620623	11	0.00168362044251004	11	19	67
"HiG_14"	"Sssca1"	0.00274304691640372	"HiG"	0.0100730341892122	0.922	42	103	12	0	0.0589775114961322	80	0.00018963830063065	80	34.5	67
"HiG_14"	"Suv39h1"	0.00375628533757749	"HiG"	0.0024678930003681	0.921	32	82	3.78936292477206	0	0.0546737111867041	82	0.000175799714426701	82	93	67
"HiG_14"	"Tbcb"	0.00632945903999026	"HiG"	0.0196087027848273	0.921	32	34	3.59310835902862	0	0.19330489993635	39	0.000621559163782474	39	97	67
"HiG_14"	"Tbrg1"	0.00219146059382026	"HiG"	0.000335525394264735	0.919	15.5	115	6	0	0.0236687588172891	111	7.61053338176499e-05	111	71.5	67
"HiG_14"	"Top1"	0.00260273367839885	"HiG"	0.0361458277228231	0.939	113	107	18.6519237843383	0	0.0592763047239558	79	0.000190599050559343	79	13	67
"HiG_14"	"Tpm1"	0.00625586487331705	"HiG"	0	0.923	52.5	38	1	0	0.0196413308993585	115.5	6.31554048210884e-05	115	128	67
"HiG_14"	"Tpm4"	0.00625586487331227	"HiG"	0	0.923	52.5	43	1	0	0.0196413308993585	115.5	6.31554048210884e-05	116	128	67
"HiG_14"	"Tra2b"	0.00413630899564166	"HiG"	0.0509963149834077	0.935	94.5	75	15.9873419385454	0	0.0895636999019813	62	0.000287986173318268	62	18	67
"HiG_14"	"Trim28"	0.00222165741374118	"HiG"	0.0515575607021702	0.938	106.5	114	30.6489565093386	0	0.0518045724432268	87	0.000166574187920343	87	7	67
"HiG_14"	"Trp53"	0.00479575892586866	"HiG"	0.0267008097225225	0.93	79.5	63	7.16951945606874	0	0.0850678674525282	66	0.000273530120426136	66	64	67
"HiG_14"	"Tuba1a"	0.00855384419073235	"HiG"	0.110750645366576	0.921	32	22	6.09997572629517	0	0.251587752604722	28	0.000808963834741871	28	68	67
"HiG_14"	"Tubb4b"	0.00417206402616344	"HiG"	0.0349871068627648	0.925	63	72	13.2688725265616	0	0.111961579350099	54	0.000360005078296137	54	25	67
"HiG_14"	"Twist1"	0.0184692217451115	"HiG"	0.0683493253850346	0.93	79.5	7	3.61789069171622	0	0.409719527674684	14	0.0013174261340022	14	95	67
"HiG_14"	"Ubc"	0.0186682663219741	"HiG"	0.114392791735908	0.926	67	6	4.07013011966577	0	0.518575788069559	12	0.00166744626388926	12	89	67
"HiG_14"	"Ube2r2"	0.00390962154497377	"HiG"	4.24689588848011e-05	0.917	4.5	79	2	0	0.0535356460495736	84	0.000172140340995414	84	116	67
"HiG_14"	"Ugdh"	0.00342215211504561	"HiG"	0.0671908729188952	0.944	124	87	22.347199994628	0	0.0873134033234397	64	0.000280750493001414	64	11	67
"HiG_14"	"Vim"	0.00509084564312655	"HiG"	0.0212659491972481	0.92	23.5	60	3.20692256424562	0	0.0913136753006346	61	0.000293613103860561	61	100	67
"HiG_15"	"Actb"	0.0240409364854744	"HiG"	0.839148243611744	0.964	151	3	7.8613077045188	0	0.706479834263799	4	0.0020418492319763	4	84	80
"HiG_15"	"Actg1"	0.00950141114411876	"HiG"	0.183707310452552	0.96	143	17	14.2484404956151	0	0.230736523198599	18	0.000666868564157802	18	47	80
"HiG_15"	"Aldoa"	0.00708017968247301	"HiG"	0.0218850349281078	0.95	80.5	31	11.7302499339796	0	0.126427060761303	37	0.000365396129367926	37	58	80
"HiG_15"	"Anp32a"	0.00690824121196686	"HiG"	0.0389241391697876	0.952	97.5	33	5.29591663971742	0	0.131614057301198	34	0.000380387448847393	34	106	80
"HiG_15"	"Anp32b"	0.00352823146507195	"HiG"	0.00616433158867263	0.954	111	85	3	0	0.0606534155705775	74	0.000175298888932305	74	125.5	80
"HiG_15"	"Anxa7"	0.00231794038171161	"HiG"	0.000341340396740167	0.948	57	115	3	0	0.0228942365040398	127	6.61683135954909e-05	127	125.5	80
"HiG_15"	"Apoe"	0.00154809702622785	"HiG"	0.0131343508011411	0.946	39	143	9	0	0.0219213010461666	129	6.33563614051057e-05	129	76	80
"HiG_15"	"Arpc1b"	0.00277358217390503	"HiG"	0.013929020018279	0.952	97.5	101	20.6951135727105	0	0.0416661778700587	101	0.000120422479393233	101	23	80
"HiG_15"	"Arpc5"	0.00234180466064041	"HiG"	0.0101790613743496	0.951	89.5	113	19.4359125812564	0	0.0327202090021409	111	9.45670780408697e-05	111	30	80
"HiG_15"	"Asns"	0.00498823946819163	"HiG"	0.0248107608793108	0.95	80.5	58	18.7387618096786	0	0.0898419847767758	53	0.000259658915539814	53	32	80
"HiG_15"	"Atp5b"	0.00914249725850124	"HiG"	0.0407648154619389	0.953	104.5	18	7.67867514993299	0	0.204763952592631	20	0.000591803331192574	20	85	80
"HiG_15"	"Aurka"	0.0077962577962522	"HiG"	1.56359327436969e-16	0.946	39	26	1	0	0.0449878348706977	93	0.000130022644134964	93	156	80
"HiG_15"	"Baz1a"	0.00158055210498673	"HiG"	0.000307215470745222	0.943	5	140	6	0	0.0117155357641627	144	3.38599299542273e-05	144	97.5	80
"HiG_15"	"Brix1"	0.00227636557292437	"HiG"	0.0841568492432183	0.955	118	118	33	0	0.0462991725987878	91	0.000133812637568751	91	7	80
"HiG_15"	"C1qbp"	0.00122037621698562	"HiG"	0.000972646426739231	0.949	68.5	149	3	0	0.0093935007302861	148	2.71488460412893e-05	148	125.5	80
"HiG_15"	"Car2"	0.00188386169057695	"HiG"	0.0148214755140465	0.95	80.5	129	33	0	0.0275875763290285	117	7.97328795636663e-05	117	7	80
"HiG_15"	"Ccnb1"	0.00407781239362592	"HiG"	0.00133903554714627	0.945	22	76	2	0	0.07087007983222	68	0.000204826820324335	68	137.5	80
"HiG_15"	"Ccnd1"	0.00107767925767365	"HiG"	0.0154005850835868	0.946	39	151	13	0	0.00944300138222676	147	2.72919115093259e-05	147	52.5	80
"HiG_15"	"Ccnd3"	0.00331005457431109	"HiG"	5.72509005151189e-17	0.947	51	90	2	0	0.0170314357211816	137	4.92238026623745e-05	137	137.5	80
"HiG_15"	"Cct4"	0.00723145530705241	"HiG"	0.140508698243639	0.959	139	30	13.3279502313581	0	0.199644470221901	21	0.000577007139369657	21	48	80
"HiG_15"	"Cct8"	0.00490324009585973	"HiG"	0.0680976538400893	0.957	131.5	61	9.22246298069059	0	0.125630456230048	38	0.000363093804133086	38	73	80
"HiG_15"	"Cd81"	0.00707123475570964	"HiG"	3.39913209563411e-16	0.945	22	32	1.27033916108134	0	0.0912428325410836	52	0.000263707608500242	52	152	80
"HiG_15"	"Cdc20"	0.00534188034187952	"HiG"	1.27724569301794e-17	0.946	39	47.5	1	0	0.00351780338545565	154.5	1.01670618076753e-05	154	156	80
"HiG_15"	"Cdc34"	0.00315477777049064	"HiG"	0.0195398984174871	0.951	89.5	94	15	0	0.0554378330752496	78	0.000160224951084536	78	43.5	80
"HiG_15"	"Cdk1"	0.00550507012317055	"HiG"	0.00710265432614581	0.946	39	45	1.29978338277533	0	0.101211650921846	46	0.000292519222317475	46	150	80
"HiG_15"	"Cfl2"	0.00164448555312444	"HiG"	0.0117727156173934	0.952	97.5	139	6	0	0.0240902722903341	124	6.9625064422931e-05	124	97.5	80
"HiG_15"	"Chchd4"	0.00200228372690612	"HiG"	0.122656172355341	0.956	125.5	128	13	0	0.0461084902688622	92	0.000133261532568966	92	52.5	80
"HiG_15"	"Cnn2"	0.00323744093451698	"HiG"	0.0094768731858444	0.954	111	91	2	0	0.0542882141357887	81	0.000156902352993609	81	137.5	80
"HiG_15"	"Cnn3"	0.00438567726857848	"HiG"	0.0656222335764127	0.955	118	69	7.58337358664138	0	0.0830721674504321	58	0.000240092969509919	58	86	80
"HiG_15"	"Cotl1"	0.00321664903539108	"HiG"	0.0539574250171006	0.961	146.5	92	8.18433858890544	0	0.0709282552611235	66	0.000204994957402091	66	81	80
"HiG_15"	"Creg1"	0.00082471445973717	"HiG"	0.000320810456337745	0.944	11.5	159	33	0	0.000597132380172297	159	1.7258161276656e-06	159	7	80
"HiG_15"	"Cyb5a"	0.00186178059371219	"HiG"	0.000666688674485539	0.945	22	131	5	0	0.0274826899689292	118	7.94297397945932e-05	118	107.5	80
"HiG_15"	"Cycs"	0.00806990019852994	"HiG"	0.00911917045070676	0.946	39	23	3.68787235329061	0	0.177760904809192	23	0.000513759840488994	23	120	80
"HiG_15"	"Ddx21"	0.000982080529073958	"HiG"	0.0103149618414483	0.946	39	156	33	0	0.00567481081981702	152	1.64011873405116e-05	152	7	80
"HiG_15"	"Ddx39b"	0.0028143031796296	"HiG"	0.110144796377785	0.956	125.5	99	31.4794337008204	0	0.0631126921951845	70	0.000182406624841574	70	15	80
"HiG_15"	"Ddx5"	0.00817486898016735	"HiG"	0.462704556029122	0.965	153.5	22	15.1985091363989	0	0.253549501032777	16	0.000732802026106291	16	40	80
"HiG_15"	"Dkc1"	0.00622592207258137	"HiG"	0.129255816730043	0.961	146.5	40	5.91976656599774	0	0.162395912983542	26	0.000469352349663416	26	102	80
"HiG_15"	"Dnaja1"	0.00331824886265957	"HiG"	0.140242957002551	0.952	97.5	89	13	0	0.0859911769348323	57	0.000248529413106452	57	49	80
"HiG_15"	"Dut"	0.00110069159896161	"HiG"	0.00248584779614327	0.948	57	150	15	0	0.00705274982646457	150	2.03836700186837e-05	150	43.5	80
"HiG_15"	"Ebna1bp2"	0.00450848656076244	"HiG"	0.143066681392206	0.957	131.5	67	10.9612378289505	0	0.121716901619284	39	0.000351782952656891	39	64	80
"HiG_15"	"Eci1"	0.00143897584929519	"HiG"	0.00123577750032999	0.949	68.5	144	5	0	0.0171651918584658	136	4.96103810938318e-05	136	107.5	80
"HiG_15"	"Eif3e"	0.00222500110507343	"HiG"	0.02415847634162	0.949	68.5	121	2	0	0.0429331364971059	97	0.000124084209529208	97	137.5	80
"HiG_15"	"Eif3m"	0.00473671954535585	"HiG"	0.211528269983616	0.956	125.5	63	8.75664910706903	0	0.121412923645684	40	0.000350904403600242	40	79	80
"HiG_15"	"Eif4a1"	0.0050911751044953	"HiG"	0.0357571983109158	0.946	39	55	6.57063331384442	0	0.0882202240620482	54	0.00025497174584407	54	92	80
"HiG_15"	"Eif4a3"	0.0106719120977407	"HiG"	0.23541126226091	0.954	111	13	8.72839396259525	0	0.279549858212674	14	0.000807947567088653	14	80	80
"HiG_15"	"Eif5a"	0.00291717021506698	"HiG"	0.0793647872723314	0.955	118	97	23.079777058208	0	0.0627553406443549	71	0.000181373816891199	71	20	80
"HiG_15"	"Eno1"	0.00522228853475416	"HiG"	0.0663835685085493	0.95	80.5	52	24.0631354073693	0	0.118477715816281	42	0.000342421143977691	42	19	80
"HiG_15"	"Erp29"	0.00231618464260268	"HiG"	0.082979447276485	0.956	125.5	116	11	0	0.0536086624292128	82	0.000154938330720268	82	62	80
"HiG_15"	"Etfb"	0.00910517587370874	"HiG"	0.0270634473482842	0.951	89.5	20	5.93415476730918	0	0.208326123878017	19	0.000602098623924905	19	101	80
"HiG_15"	"Fermt3"	0.00343315017428196	"HiG"	0.0288829285033347	0.954	111	86	2	0	0.0785046897965143	60	0.000226892167041949	60	137.5	80
"HiG_15"	"Fli1"	0.00236593242825966	"HiG"	0.000616839823153356	0.943	5	112	6	0	0.0235229332409045	126	6.79853561875854e-05	126	97.5	80
"HiG_15"	"Fth1"	0.00182832905334487	"HiG"	0.00125609620933309	0.948	57	132	3	0	0.0215758123061307	130	6.23578390350598e-05	130	125.5	80
"HiG_15"	"Gclm"	0.00222125519766401	"HiG"	0.000146418188739903	0.946	39	122	4	0	0.0182698101164117	134	5.28029194115944e-05	134	116	80
"HiG_15"	"Gnai2"	0.00648090029651309	"HiG"	0.00301267643891825	0.945	22	38	1.49253048229419	0	0.0708774636950981	67	0.000204848160968492	67	149	80
"HiG_15"	"Gnb2"	0.00508040045808204	"HiG"	2.73433662074409e-05	0.945	22	56	1.27430135772194	0	0.0370163940394871	104	0.000106983797801986	104	151	80
"HiG_15"	"Gng11"	0.00472478023001503	"HiG"	2.44630823449843e-06	0.945	22	64	2	0	0.0336318449918199	109	9.72018641382078e-05	109	137.5	80
"HiG_15"	"Gnl3"	0.00414123508450464	"HiG"	0.0930970484126234	0.955	118	75	19.3649714809934	0	0.0862097220675276	56	0.000249161046437941	56	31	80
"HiG_15"	"Gpi1"	0.00551328152775028	"HiG"	0.00718838975732226	0.948	57	44	4.23567336751696	0	0.09681989779831	47	0.000279826294214769	47	113	80
"HiG_15"	"H1f0"	0.00368160737504168	"HiG"	0.0848706233084816	0.952	97.5	83	20.7396666414011	0	0.0767180366363144	62	0.000221728429584724	62	22	80
"HiG_15"	"H2afx"	0.00210465623705132	"HiG"	0.0178443487008603	0.949	68.5	125	33	0	0.0332141244210296	110	9.59945792515306e-05	110	7	80
"HiG_15"	"Hdgf"	0.0045736305634207	"HiG"	0.271826451761259	0.964	151	65	19.5540064268288	0	0.131411701666205	35	0.00037980260597169	35	29	80
"HiG_15"	"Hells"	0.00534188034187952	"HiG"	5.35131069294228e-17	0.944	11.5	47.5	1	0	0.0161834490656191	139.5	4.67729741780898e-05	139	156	80
"HiG_15"	"Hexa"	0.00140665665177565	"HiG"	0.0082881152502219	0.95	80.5	145	33	0	0.0154268724374026	141	4.45863365242851e-05	141	7	80
"HiG_15"	"Hhex"	0.00660694365513444	"HiG"	2.50557026018045e-16	0.945	22	37	2	0	0.0744336422418016	65	0.000215126133646825	65	137.5	80
"HiG_15"	"Hmgb1"	0.00155995261664278	"HiG"	0.0422723903214386	0.951	89.5	141	13	0	0.0259196801984359	120	7.49123705157108e-05	120	52.5	80
"HiG_15"	"Hnrnpk"	0.0417302786863401	"HiG"	0.683294196508334	0.961	146.5	1	4.96054412225271	0	1.11333747891257	1	0.00321773837836004	1	109	80
"HiG_15"	"Hprt"	0.00452368177527247	"HiG"	0.00813052179752077	0.949	68.5	66	7.15352989599865	0	0.0770017849702569	61	0.000222548511474731	61	88	80
"HiG_15"	"Hsp90aa1"	0.00370168045369664	"HiG"	0.135931170981242	0.954	111	82	11.4665047862922	0	0.0950343554425346	48	0.000274665767174955	48	59	80
"HiG_15"	"Hspa5"	0.0161107659279282	"HiG"	0.58187146613898	0.96	143	7	7.3991315341993	0	0.484602194554642	7	0.00140058437732555	7	87	80
"HiG_15"	"Hspa8"	0.022351881723286	"HiG"	0.613082135778039	0.952	97.5	5	5.67053664650128	0	0.649096728766183	5	0.00187600210626064	5	104	80
"HiG_15"	"Hspa9"	0.00171187349135241	"HiG"	0.00550525865954588	0.948	57	137	9.45777500093705	0	0.024444071190268	123	7.06476045961503e-05	123	71	80
"HiG_15"	"Hspd1"	0.00748496984701025	"HiG"	0.133920378906897	0.959	139	28	17.5483468983552	0	0.182681879110706	22	0.000527982309568514	22	33	80
"HiG_15"	"Hspe1"	0.00523683570306452	"HiG"	0.0297076334672257	0.954	111	51	8.079956549787	0	0.116731710566275	43	0.000337374886029696	43	82	80
"HiG_15"	"Htra2"	0.00481208854968098	"HiG"	0.000550888403721113	0.945	22	62	1.5252572954809	0	0.0392198441742596	102	0.000113352150792658	102	148	80
"HiG_15"	"Idh3a"	0.00490572008152295	"HiG"	0.0026671551854981	0.945	22	60	6.56705377346225	0	0.107605975745558	45	0.000310999929900457	45	93	80
"HiG_15"	"Ifitm2"	0.00518694467271074	"HiG"	2.33454408481834e-16	0.946	39	54	2	0	0.0665763217372417	69	0.000192417114847519	69	137.5	80
"HiG_15"	"Imp3"	0.00186612061547779	"HiG"	0.00777803599365598	0.947	51	130	4.34371835103373	0	0.0254919933854162	122	7.36762814607406e-05	122	112	80
"HiG_15"	"Impdh2"	0.00422374980927544	"HiG"	0.276214737764092	0.965	153.5	70	16.5007708561727	0	0.120692997587184	41	0.000348823692448509	41	35	80
"HiG_15"	"Itga2b"	0.0397276538461289	"HiG"	0.20196187202124	0.951	89.5	2	3.57849961492182	0	0.860529051731751	2	0.00248707818419581	2	123	80
"HiG_15"	"Itm2b"	0.00216842366963607	"HiG"	0.000538974972619649	0.943	5	124	6	0	0.0205535891548595	132	5.94034368637559e-05	132	97.5	80
"HiG_15"	"Jun"	0.00606690338241945	"HiG"	2.1200675901041e-16	0.945	22	42	1.81071975940263	0	0.0613863555942318	73	0.000177417212700092	73	147	80
"HiG_15"	"Ldha"	0.00311502480022771	"HiG"	0.0316771905313986	0.951	89.5	95	33	0	0.0589615325981502	76	0.000170409053751879	76	7	80
"HiG_15"	"Lgals1"	0.0041717718641308	"HiG"	0.00525260359001494	0.948	57	73	4.42746626256769	0	0.0521666006102606	83	0.000150770521994973	83	111	80
"HiG_15"	"Lmo2"	0.0106534759747445	"HiG"	0.00985762794122748	0.942	1.5	14	2.09969685481848	0	0.13613958533574	32	0.000393467009640867	32	129	80
"HiG_15"	"Lyar"	0.00138735536600896	"HiG"	0.0334368073869215	0.95	80.5	146	33	0	0.0183953716219272	133	5.31658139362057e-05	133	7	80
"HiG_15"	"Marcksl1"	0.000992351405705473	"HiG"	0.0147457781179748	0.953	104.5	155	20	0	0.00660572514451753	151	1.90916911691258e-05	151	25	80
"HiG_15"	"Mcm7"	0.00534188034187544	"HiG"	5.34997701463871e-17	0.946	39	49.5	1	0	0.0161834490656191	139.5	4.67729741780898e-05	140	156	80
"HiG_15"	"Mef2c"	0.00534188034187544	"HiG"	1.17893064865292e-17	0.946	39	49.5	1	0	0.00351780338545565	154.5	1.01670618076753e-05	155	156	80
"HiG_15"	"Mpc2"	0.00101131075161572	"HiG"	0.000211882369273483	0.944	11.5	154	9	0	0.00557540919030331	153	1.61138993939402e-05	153	76	80
"HiG_15"	"Mrpl12"	0.00416638750555058	"HiG"	7.47474458891717e-17	0.946	39	74	2	0	0.0219334697023881	128	6.33915309317575e-05	128	137.5	80
"HiG_15"	"Mrpl15"	0.00779625779625266	"HiG"	1.49851995641351e-16	0.946	39	24	1	0	0.0431930406094618	96	0.000124835377483994	96	156	80
"HiG_15"	"Mrpl34"	0.00406299572382892	"HiG"	7.70007380870365e-17	0.946	39	77	2	0	0.0212595709070737	131	6.14438465522363e-05	131	137.5	80
"HiG_15"	"Mrto4"	0.00237380807737266	"HiG"	0.01427990927539	0.949	68.5	110	9.4598125227845	0	0.0283642416458048	115	8.19775770109965e-05	115	70	80
"HiG_15"	"Msn"	0.00838590586718996	"HiG"	0.00219959840317888	0.943	5	21	1.873140846145	0	0.131033737582833	36	0.000378710224227842	36	146	80
"HiG_15"	"Mtap"	0.00444171605018577	"HiG"	0.00733766906680674	0.949	68.5	68	6.56026596663308	0	0.0752739921920858	63	0.000217554890728572	63	94	80
"HiG_15"	"Mycn"	0.00491932865506936	"HiG"	9.76740986103468e-17	0.946	39	59	2	0	0.0279563991495161	116	8.07988414725898e-05	116	137.5	80
"HiG_15"	"Myl6"	0.00365611085104519	"HiG"	0.00112547321618413	0.942	1.5	84	6	0	0.0429194587233118	98	0.000124044678391075	98	97.5	80
"HiG_15"	"Ncl"	0.0154389472395234	"HiG"	0.829014347338766	0.966	155	9	11.123848469142	0	0.508759208442126	6	0.00147040233653794	6	60	80
"HiG_15"	"Ndufa8"	0.00689370838301765	"HiG"	0.00508321564382201	0.945	22	34	5.75660605279721	0	0.152597677305218	27	0.000441033749437047	27	103	80
"HiG_15"	"Nop56"	0.00227115234401413	"HiG"	0.0244830237601895	0.955	118	119	9	0	0.0479175148496884	87	0.000138489927311238	87	76	80
"HiG_15"	"Nop58"	0.00289219539861246	"HiG"	0.0326945924424685	0.949	68.5	98	15.91262421593	0	0.039075606133375	103	0.000112935277842124	103	37	80
"HiG_15"	"Npm1"	0.0239674737617075	"HiG"	1	0.964	151	4	6.65938040653904	0	0.782129155328904	3	0.00226048888823383	3	90	80
"HiG_15"	"Nsun2"	0.00674150463723348	"HiG"	0.125248767063967	0.949	68.5	35	10.6803304620464	0	0.135689836286024	33	0.000392167156896023	33	65	80
"HiG_15"	"Ola1"	0.00383753877892907	"HiG"	0.0922484602376159	0.953	104.5	79	10.4575660629094	0	0.0918012669755418	50	0.000265321580854167	50	66	80
"HiG_15"	"Pa2g4"	0.0026532471370918	"HiG"	0.015375940289201	0.95	80.5	105	15	0	0.0436240144608363	95	0.000126080966649816	95	43.5	80
"HiG_15"	"Pabpc1"	0.0156805132332988	"HiG"	0.744845976009171	0.968	158	8	12.817178695793	0	0.483963792015779	8	0.0013987392832826	8	57	80
"HiG_15"	"Paics"	0.00242363642111808	"HiG"	0.0903960167862228	0.953	104.5	108	13	0	0.0554270962321963	79	0.000160193919746232	79	52.5	80
"HiG_15"	"Pdia6"	0.00226536468196968	"HiG"	0.080195761864559	0.955	118	120	11	0	0.0518102694963238	85	0.000149740663284173	85	62	80
"HiG_15"	"Pdlim1"	0.00102523985739539	"HiG"	0.000265235890797052	0.946	39	153	4	0	0.00333084316678914	156	9.6267143548819e-06	156	116	80
"HiG_15"	"Pea15a"	0.00417540834363222	"HiG"	4.7411838649394e-05	0.946	39	71	2	0	0.0323530077475415	112	9.35058027385594e-05	112	137.5	80
"HiG_15"	"Pfn1"	0.00518841424654724	"HiG"	0.291650722423616	0.959	139	53	16.5310905915197	0	0.150781791642244	28	0.000435785524977582	28	34	80
"HiG_15"	"Pgk1"	0.0027654615556874	"HiG"	0.0105678584423602	0.949	68.5	102	15.7575848413994	0	0.0441323461069614	94	0.000127550133257114	94	38	80
"HiG_15"	"Phgdh"	0.0026714336340733	"HiG"	0.0245522818229104	0.95	80.5	104	24.906799428917	0	0.0464554957212683	90	0.000134264438500775	90	17	80
"HiG_15"	"Ppid"	0.00263617335580569	"HiG"	0.042912740147281	0.95	80.5	106	9.39810690534174	0	0.055317509523881	80	0.000159877195155726	80	72	80
"HiG_15"	"Ppp1r2"	0.00333896959304945	"HiG"	0.000272963305679289	0.944	11.5	88	4	0	0.0466500773028868	88	0.000134826813014124	88	116	80
"HiG_15"	"Prdx1"	0.00229939909569396	"HiG"	0.0520928169982497	0.956	125.5	117	33	0	0.042477196631687	100	0.000122766464253431	100	14	80
"HiG_15"	"Prdx3"	0.00241447183026014	"HiG"	0.00460945084010517	0.948	57	109	7	0	0.0425064858018832	99	0.000122851115034345	99	89	80
"HiG_15"	"Prkar2b"	0.0021768393505087	"HiG"	0.000141838321924525	0.945	22	123	4	0	0.017698342201151	135	5.11512780380086e-05	135	116	80
"HiG_15"	"Prmt1"	0.00979998856758884	"HiG"	0.192071205623322	0.96	143	16	10.3871695010812	0	0.271556228485415	15	0.00078484459099831	15	68	80
"HiG_15"	"Prps1"	0.00279727856856126	"HiG"	0.0219817627567856	0.957	131.5	100	5.31257238986954	0	0.0622092877715208	72	0.000179795629397459	72	105	80
"HiG_15"	"Ptma"	0.0073596266346819	"HiG"	0.0027762208405099	0.943	5	29	2.58808047066305	0	0.116284953992618	44	0.00033608368205959	44	128	80
"HiG_15"	"Ptpn6"	0.00299748213638219	"HiG"	0.0300679272025756	0.95	80.5	96	33	0	0.0559661712472959	77	0.000161751940021086	77	7	80
"HiG_15"	"Ran"	0.00639328610239752	"HiG"	0.000606689543479488	0.944	11.5	39	3.67875373467375	0	0.0919378808512832	49	0.000265716418645327	49	122	80
"HiG_15"	"Rangrf"	0.00138319751495891	"HiG"	1.58886258088285e-05	0.944	11.5	147	2	0	0.00984490028849489	146	2.84534690418928e-05	146	137.5	80
"HiG_15"	"Rap1b"	0.00176437209097823	"HiG"	0.052753675140068	0.953	104.5	135	11	0	0.0340813786462239	107	9.85010943532483e-05	107	62	80
"HiG_15"	"Rbm38"	0.00174963842745658	"HiG"	0.06823076203315	0.958	135	136	13	0	0.0344354085839337	106	9.95243022657043e-05	106	52.5	80
"HiG_15"	"Rbpms"	0.00337078023414842	"HiG"	0.1465956795217	0.957	131.5	87	33	0	0.0806501042927139	59	0.000233092786973162	59	7	80
"HiG_15"	"Rpl22l1"	0.00107205539694892	"HiG"	0.0208969339302717	0.954	111	152	20	0	0.00936128299246889	149	2.70557311921066e-05	149	25	80
"HiG_15"	"Rpl7a"	0.0131097969971721	"HiG"	0.5104341380114	0.961	146.5	11	8.76777770392652	0	0.397973666413235	10	0.00115021290870877	10	78	80
"HiG_15"	"Rplp1"	0.00181240698825023	"HiG"	0.0533851762752945	0.949	68.5	133	19.7658820594391	0	0.0339114132018719	108	9.80098647452946e-05	108	28	80
"HiG_15"	"Rrs1"	0.0016749884678475	"HiG"	0.0498469260233832	0.953	104.5	138	33	0	0.0274234533758	119	7.92585357682081e-05	119	7	80
"HiG_15"	"Rsl1d1"	0.00559285079758228	"HiG"	0.134456337036115	0.963	149	43	6.60786349703435	0	0.149227407680189	29	0.000431293085780893	29	91	80
"HiG_15"	"Ruvbl2"	0.00233785228598831	"HiG"	0.0172681877713653	0.955	118	114	6	0	0.0464975529110839	89	0.000134385991072497	89	97.5	80
"HiG_15"	"S100a10"	0.00673775256423377	"HiG"	0.00560470835296595	0.949	68.5	36	3.82128358824175	0	0.0864514722756272	55	0.00024985974646135	55	119	80
"HiG_15"	"Set"	0.0142436469460848	"HiG"	0.225233911874542	0.959	139	10	10.4524419182907	0	0.355380369569194	12	0.00102711089470865	12	67	80
"HiG_15"	"Slc25a4"	0.0104400877419877	"HiG"	0.0142859645616012	0.944	11.5	15	4.77683094530372	0	0.235570647700603	17	0.000680840022256078	17	110	80
"HiG_15"	"Slc25a5"	0.00748674403471182	"HiG"	0.0325354817897269	0.952	97.5	27	12.8515595177346	0	0.169773079771746	24	0.000490673640958805	24	56	80
"HiG_15"	"Snx3"	0.00417304586384139	"HiG"	4.39232043947181e-17	0.946	39	72	2	0	0.0131196857873825	142	3.79181670155564e-05	142	137.5	80
"HiG_15"	"Snx5"	0.00779625779625266	"HiG"	9.01743262012451e-17	0.946	39	25	1	0	0.0257852535192017	121	7.45238541017389e-05	121	156	80
"HiG_15"	"Spi1"	0.00177737524340367	"HiG"	4.16642416003716e-17	0.947	51	134	2	0	0.0116192241562721	145	3.35815727059887e-05	145	137.5	80
"HiG_15"	"Ssb"	0.0129125363208226	"HiG"	0.680303498690803	0.967	156	12	15.9920497784372	0	0.408057383012525	9	0.0011793565983021	9	36	80
"HiG_15"	"Sssca1"	0.00205364559189301	"HiG"	0.0103977484069956	0.949	68.5	127	15	0	0.0295000837890536	114	8.52603577718311e-05	114	43.5	80
"HiG_15"	"Tagln2"	0.00127754384299487	"HiG"	0.0367555054965904	0.956	125.5	148	20	0	0.0164655106645281	138	4.75881811113529e-05	138	25	80
"HiG_15"	"Timm8a1"	0.00086945537918196	"HiG"	0.000566009060909064	0.948	57	158	15	0	0.00160585869830693	158	4.64121011071366e-06	158	43.5	80
"HiG_15"	"Tkt"	0.000885149352291154	"HiG"	0.00114821774137506	0.944	11.5	157	33	0	0.00213720587754634	157	6.17689559984491e-06	157	7	80
"HiG_15"	"Tln1"	0.00276369023015608	"HiG"	0.000211084073504282	0.945	22	103	4	0	0.0360747695441246	105	0.000104262339722904	105	116	80
"HiG_15"	"Top1"	0.00315832966294741	"HiG"	0.0931483979831375	0.956	125.5	93	19.9486299696474	0	0.0749373110539965	64	0.000216581823855481	64	27	80
"HiG_15"	"Tpm4"	0.00543339520956018	"HiG"	0.138304756962441	0.956	125.5	46	9.1725171704458	0	0.137759544818893	31	0.00039814897346501	31	74	80
"HiG_15"	"Trp53"	0.00237322230982151	"HiG"	0.160539472339748	0.958	135	111	13	0	0.0603494512832252	75	0.000174420379431287	75	52.5	80
"HiG_15"	"Tuba1a"	0.00911696015989062	"HiG"	0.342565748187161	0.968	158	19	9.48673319552998	0	0.283638275109062	13	0.000819763800893243	13	69	80
"HiG_15"	"Tuba1c"	0.00155096156178537	"HiG"	0.0427709106775021	0.952	97.5	142	33	0	0.0235305598233834	125	6.8007398333478e-05	125	7	80
"HiG_15"	"Tubb4b"	0.00619597814854172	"HiG"	0.215638228643776	0.968	158	41	25.9528429304971	0	0.165372500865503	25	0.000477955204813592	25	16	80
"HiG_15"	"Ubash3b"	0.00206998333020485	"HiG"	0.010533392480779	0.951	89.5	126	15	0	0.029884927832732	113	8.63726237940232e-05	113	43.5	80
"HiG_15"	"Ubc"	0.0185522698078083	"HiG"	0.132497459023395	0.949	68.5	6	3.68360412303424	0	0.371457225998429	11	0.00107357579768332	11	121	80
"HiG_15"	"Vim"	0.00383077233745491	"HiG"	0.0299343340665864	0.951	89.5	80	24.5780621130241	0	0.0484276336357601	86	0.00013996425906289	86	18	80
"HiG_15"	"Wdr12"	0.00370995621301341	"HiG"	0.0820127550609864	0.958	135	81	15.696549027881	0	0.0917373996758546	51	0.000265136993282817	51	39	80
"HiG_15"	"Wdr77"	0.00249346929499547	"HiG"	0.0326574499230189	0.948	57	107	8	0	0.0521490652247802	84	0.000150719841690116	84	83	80
"HiG_15"	"Ybx3"	0.00504207297776428	"HiG"	0.202119902941944	0.959	139	57	21.2105980977981	0	0.138942733554539	30	0.000401568594088262	30	21	80
"HiG_15"	"Zyx"	0.00405633736553812	"HiG"	4.05230925711183e-17	0.946	39	78	2	0	0.0126655677318191	143	3.66056870861825e-05	143	137.5	80
"HiG_16"	"Acta2"	0.00524315064183848	"HiG"	3.3700104640555e-05	0.963	10.5	41	2.71325785106519	0	0.159203981337283	40	0.000360190003025527	40	130	84
"HiG_16"	"Actb"	0.0183773793607348	"HiG"	0.0521903395284971	0.97	116	3	4.64357983658546	0	0.694903580819856	4	0.00157218004710375	4	101	84
"HiG_16"	"Actg1"	0.00884087294441377	"HiG"	0.0565290752791967	0.969	109.5	19	9.62405755310338	0	0.332800745530449	16	0.000752942863191062	16	44	84
"HiG_16"	"Actn1"	0.0027660784865309	"HiG"	0.00259051540460433	0.967	92	107	11.2122044257711	0	0.0601075643361296	101	0.000135989964561379	101	32	84
"HiG_16"	"Ahnak"	0.00321533864593426	"HiG"	0.00340528440197498	0.967	92	98	14.9288057228413	0	0.0784014834114846	82	0.00017737892174544	82	16	84
"HiG_16"	"Anxa2"	0.0161572445816184	"HiG"	0.00124911307347056	0.964	25	7	3.17455072952371	0	0.480931644809099	10	0.00108808064436448	10	116	84
"HiG_16"	"Anxa6"	0.00377213506436125	"HiG"	0.000311993833088198	0.966	70.5	87	3	0	0.0302866666407158	127	6.85218702278637e-05	127	124	84
"HiG_16"	"Apbb1"	0.00127829728191638	"HiG"	0.00402553973584282	0.962	4	148	8	0	0.0174614515358342	141	3.95055464611634e-05	141	61.5	84
"HiG_16"	"Apoe"	0.00247850648038347	"HiG"	0.0154184348196905	0.968	102	116	8.46335471014034	0	0.0595589230130722	102	0.000134748694599711	102	58	84
"HiG_16"	"App"	0.00827016420849797	"HiG"	0.242289854623842	0.975	148.5	23	9.00924701295092	0	0.269859011821705	21	0.00061054075072784	21	50	84
"HiG_16"	"Arhgap29"	0.00108509725802389	"HiG"	0.000633524575463557	0.966	70.5	153	18	0	0.0112077817522819	151	2.53569722902306e-05	151	5	84
"HiG_16"	"Arpc2"	0.00479846449136186	"HiG"	4.8426370590999e-18	0.966	70.5	53	1	0	0.0246135465701018	133.5	5.56867569459316e-05	133	159.5	84
"HiG_16"	"Arpc5"	0.00479846449135819	"HiG"	3.42471254959638e-18	0.966	70.5	61	1	0	0.0246135465701018	133.5	5.56867569459316e-05	134	159.5	84
"HiG_16"	"Atp5b"	0.00517603209746177	"HiG"	0.00494995702683889	0.968	102	42	6.9765779144311	0	0.0862816398637035	75	0.000195207330008379	75	71	84
"HiG_16"	"Atxn10"	0.0025610330353853	"HiG"	0.0420500377429984	0.973	136.5	113	14.1775128005661	0	0.0773650768471973	83	0.000175034110514021	83	18	84
"HiG_16"	"Basp1"	0.00241444168870573	"HiG"	0.0164635733778675	0.971	123.5	118	2	0	0.06377002526425	97	0.000144276075258484	97	140	84
"HiG_16"	"Calr"	0.011887318340417	"HiG"	0.611186881320369	0.976	153.5	11	11.3870263497511	0	0.526851368516724	9	0.00119197142198354	9	30	84
"HiG_16"	"Capn2"	0.00176776498537484	"HiG"	0.00313748230085085	0.971	123.5	131	3.70172848574382	0	0.0355262881406005	122	8.03762175126707e-05	122	115	84
"HiG_16"	"Capns1"	0.00380954170844249	"HiG"	0.0610307081617623	0.976	153.5	86	7.73727128480103	0	0.112787823242072	59	0.000255176070683421	59	64	84
"HiG_16"	"Cbx1"	0.00301558369768346	"HiG"	0.0174142792873433	0.965	45	101	8.47802359518839	0	0.0838027003370952	77	0.000189598869540939	77	57	84
"HiG_16"	"Ccnd2"	0.0022061566384915	"HiG"	0.00660860964690034	0.964	25	122	7	0	0.052502307451817	106	0.00011878350102221	106	69	84
"HiG_16"	"Ccnd3"	0.0029908821280949	"HiG"	0.00025465947086489	0.968	102	103	2	0	0.0752228967200253	85	0.000170187549140329	85	140	84
"HiG_16"	"Cct4"	0.00472462339577389	"HiG"	0.00904544244317668	0.971	123.5	67	8.69932405864855	0	0.154693762239467	41	0.000349985887419609	41	55	84
"HiG_16"	"Cct8"	0.00337464309174227	"HiG"	0.00365852848312517	0.967	92	92	3.70515414037264	0	0.100668657152091	61	0.000227757142878033	61	114	84
"HiG_16"	"Cd81"	0.00479846449136186	"HiG"	3.7803370799712e-18	0.965	45	53	1	0	0.0277163651436622	129.5	6.27067084698239e-05	129	159.5	84
"HiG_16"	"Cfl2"	0.0022498893670356	"HiG"	0.00692957937127246	0.967	92	121	4.87804013747415	0	0.0674445331137952	93	0.000152589441433926	93	96	84
"HiG_16"	"Cnn2"	0.00210387240421477	"HiG"	0.00094813034643287	0.963	10.5	124	2	0	0.0514630014655405	108	0.000116432130012535	108	140	84
"HiG_16"	"Cnn3"	0.00466636724926968	"HiG"	0.00965502182006152	0.97	116	70	12.0677505366647	0	0.147477113078503	43	0.000333658626874441	43	26	84
"HiG_16"	"Col1a1"	0.00426406915197105	"HiG"	1.35127417120299e-16	0.967	92	78	3	0	0.0954273554409039	68	0.00021589899421019	68	124	84
"HiG_16"	"Col1a2"	0.00779837654628858	"HiG"	1.49615430040107e-16	0.967	92	26	1.12172629741512	0	0.178470156611278	34	0.000403778634867144	34	150	84
"HiG_16"	"Col5a2"	0.00492941153829494	"HiG"	8.42662015338213e-17	0.966	70.5	49	1.43270510025037	0	0.100412550491395	64	0.000227177716043879	64	146	84
"HiG_16"	"Creb3l1"	0.00479846449136186	"HiG"	1.48652733730055e-17	0.966	70.5	53	1	0	0.0447347034646601	118.5	0.000101209736345385	118	159.5	84
"HiG_16"	"Creld2"	0.00260532319437988	"HiG"	0.124712991121106	0.973	136.5	111	16.56580484698	0	0.0906279647822473	71	0.000205040644303727	71	8	84
"HiG_16"	"Cst3"	0.0014318086548067	"HiG"	0.00110856623428732	0.963	10.5	140	4.42811365059812	0	0.0134028681658088	146	3.03232311443639e-05	146	103	84
"HiG_16"	"Cstb"	0.00346096428719799	"HiG"	0.000113622969796188	0.965	45	91	5.02186020289044	0	0.0498530867996005	112	0.000112789789139368	112	88	84
"HiG_16"	"Ctnna1"	0.0042077430712012	"HiG"	4.32352061889071e-05	0.965	45	79	1.26881570207778	0	0.0621918737056511	98	0.00014070559661912	98	147	84
"HiG_16"	"Ctsl"	0.0036318914534005	"HiG"	4.17765184971965e-06	0.966	70.5	88	3	0	0.0506378239505508	111	0.000114565212557807	111	124	84
"HiG_16"	"Dbn1"	0.00177302356509464	"HiG"	0.002007873464443	0.971	123.5	130	8.1352789270488	0	0.0356891541975437	121	8.07446927546238e-05	121	60	84
"HiG_16"	"Ddx5"	0.00290045867080034	"HiG"	0.140257061503401	0.975	148.5	105	16.2434577142539	0	0.104454581558461	60	0.000236322582711451	60	10	84
"HiG_16"	"Dnaja1"	0.00233528868556365	"HiG"	0.0422620207212919	0.974	142.5	120	15	0	0.0716521437975708	88	0.000162108922618939	88	14.5	84
"HiG_16"	"Dnajb11"	0.00272939412052396	"HiG"	0.151665030865849	0.974	142.5	109	15.0549080450191	0	0.100211713161326	65	0.000226723332944175	65	13	84
"HiG_16"	"Dnajc3"	0.0033721806172134	"HiG"	0.139140600349075	0.978	160.5	93	12.6323886950164	0	0.130018334691041	53	0.000294159128260273	53	23	84
"HiG_16"	"Dstn"	0.00350308820657388	"HiG"	0.0125033245878511	0.971	123.5	90	8.85205657339755	0	0.122378129449481	56	0.00027687359603955	56	52	84
"HiG_16"	"Dynll1"	0.00417766594499055	"HiG"	0.135296897848102	0.971	123.5	80	10.9325196500768	0	0.133623722717084	51	0.000302316114744535	51	39	84
"HiG_16"	"Efhd2"	0.00167326058110276	"HiG"	9.74599187646062e-05	0.965	45	135	3	0	0.00946087953482228	157	2.14047048299147e-05	157	124	84
"HiG_16"	"Eif4a1"	0.000729323845274135	"HiG"	1.01571840398798e-06	0.963	10.5	167	4	0	0.000213958327390714	167	4.8406861400614e-07	167	110.5	84
"HiG_16"	"Erp29"	0.00116071923930028	"HiG"	0.0418147791517777	0.97	116	150	20	0	0.0219134184415591	137	4.9577869777283e-05	137	1	84
"HiG_16"	"Ezr"	0.0062538677954596	"HiG"	0.00270716384622206	0.964	25	37	3.08559999393444	0	0.184173285485649	33	0.000416681641370246	33	117	84
"HiG_16"	"Fam195b"	0.00103040673738154	"HiG"	0.00499381484199549	0.966	70.5	156	11	0	0.0135810887153923	145	3.07264450574485e-05	145	35	84
"HiG_16"	"Fermt2"	0.00639816879937748	"HiG"	0.00678714069063283	0.972	130.5	35	4.15768983408001	0	0.194479533469756	30	0.000439998944501712	30	106	84
"HiG_16"	"Fez2"	0.00142933797842231	"HiG"	0.000554313096888877	0.961	1	141	5	0	0.0205147716463607	138	4.64135105121282e-05	138	92	84
"HiG_16"	"Fhl1"	0.00435392357105613	"HiG"	0.00209479498358786	0.97	116	75	4.47181486936866	0	0.115961276968759	57	0.000262355830246062	57	102	84
"HiG_16"	"Fhl2"	0.00386557963266459	"HiG"	1.03840395457148e-07	0.964	25	85	2	0	0.066893751717607	95	0.000151343329677844	95	140	84
"HiG_16"	"Flna"	0.00800969143973263	"HiG"	0.00875028576545927	0.969	109.5	25	5.77281843521418	0	0.256227735233799	22	0.000579700758447509	22	79	84
"HiG_16"	"Fstl1"	0.00479846449135819	"HiG"	3.88641141281947e-17	0.966	70.5	61	1	0	0.0698439903679704	91.5	0.000158018077755589	92	159.5	84
"HiG_16"	"Gabarap"	0.0020304355694492	"HiG"	0.00814314051637924	0.963	10.5	127	5.4818966310069	0	0.0324975105543346	125	7.35237795346937e-05	125	83	84
"HiG_16"	"Gbas"	0.00155062749947676	"HiG"	0.000159897313780512	0.964	25	139	5.55126783330979	0	0.0169055622711114	142	3.82478784414284e-05	142	82	84
"HiG_16"	"Gclm"	0.00111788559262553	"HiG"	4.23243044089181e-05	0.964	25	151	4	0	0.00891549994934868	158	2.01708143650423e-05	158	110.5	84
"HiG_16"	"Gdi2"	0.000877263865647823	"HiG"	3.4085199542933e-05	0.965	45	162	2	0	0.0033006909694798	164	7.46762662778236e-06	164	140	84
"HiG_16"	"Gja1"	0.00129907424948335	"HiG"	5.88012143941584e-05	0.965	45	145	4	0	0.0125903248625252	149	2.84848978790163e-05	149	110.5	84
"HiG_16"	"Gnai2"	0.00737397882663291	"HiG"	0.00248785148906317	0.964	25	28	4.1711605577952	0	0.140364398964096	48	0.000317566513493429	48	105	84
"HiG_16"	"Gnb1"	0.0088395523887348	"HiG"	0.0141282163191895	0.966	70.5	20	5.71313520185006	0	0.198874630478218	29	0.000449942602891896	29	81	84
"HiG_16"	"Gng2"	0.00190863731290884	"HiG"	0.000848341481229046	0.965	45	128	5	0	0.0314676051238214	126	7.1193676750727e-05	126	92	84
"HiG_16"	"Gpc3"	0.00479846449135819	"HiG"	2.46835946416425e-18	0.965	45	61	1	0	0.0277163651436622	129.5	6.27067084698239e-05	130	159.5	84
"HiG_16"	"Hadh"	0.00128423176190915	"HiG"	0.000104558269417836	0.964	25	147	5	0	0.0110697364753878	152	2.50446526592484e-05	152	92	84
"HiG_16"	"Hand1"	0.00469985186885443	"HiG"	8.13506642995248e-07	0.964	25	69	1.2125383956409	0	0.0849485884102892	76	0.000192191376493867	76	149	84
"HiG_16"	"Hand2"	0.00517453674934813	"HiG"	2.32280883689472e-05	0.966	70.5	43	2.84213659149498	0	0.114369991524082	58	0.000258755636932313	58	129	84
"HiG_16"	"Hmgb1"	0.00174147017494969	"HiG"	0.0380100914255221	0.974	142.5	133	10.5183122684453	0	0.04926626829317	113	0.000111462145459661	113	41	84
"HiG_16"	"Hsp90b1"	0.0152846624107918	"HiG"	0.84070539466727	0.979	164	8	12.0988385961385	0	0.721221454337138	3	0.00163172274736909	3	24	84
"HiG_16"	"Hspa5"	0.0292155807073991	"HiG"	1	0.978	160.5	1	9.19036787282038	0	1.23411224493052	1	0.00279210915142651	1	49	84
"HiG_16"	"Hspa8"	0.0170181170385538	"HiG"	0.309101700427621	0.979	164	5	6.75018831442761	0	0.641575169477963	5	0.00145152753275557	5	73	84
"HiG_16"	"Htra2"	0.00354866712052901	"HiG"	0.000258498192366427	0.964	25	89	4.32502854093399	0	0.0815871773856563	79	0.000184586374175693	79	104	84
"HiG_16"	"Id3"	0.000987288916877213	"HiG"	1.72129068614626e-06	0.964	25	158	3	0	0.00714594566208144	160	1.61672978780123e-05	160	124	84
"HiG_16"	"Idh2"	0.00138464268421371	"HiG"	0.00011336857666702	0.965	45	142	4.87252210382903	0	0.0130318046467253	147	2.9483720920193e-05	147	97	84
"HiG_16"	"Igfbp2"	0.00130402133585336	"HiG"	0.000300666163197787	0.967	92	144	7	0	0.0202907112257847	139	4.59065864836758e-05	139	68	84
"HiG_16"	"Ilk"	0.00638242438921721	"HiG"	6.28048264045373e-17	0.965	45	36	1.08974863102312	0	0.100628374597765	62	0.000227666005877297	62	151	84
"HiG_16"	"Itgb1"	0.0091985096158131	"HiG"	0.0077654675617449	0.972	130.5	16	4.69008155424927	0	0.271539932622098	20	0.000614343738964022	20	100	84
"HiG_16"	"Jun"	0.00501461771825494	"HiG"	0.00103096885896353	0.968	102	47	5.10085499801166	0	0.1305529408502	52	0.000295368644457465	52	87	84
"HiG_16"	"Krt18"	0.00479846449135819	"HiG"	2.03617936207094e-16	0.966	70.5	65	1	0	0.14677761843649	44.5	0.000332076059811062	45	159.5	84
"HiG_16"	"Krt19"	0.00479846449136186	"HiG"	3.34842213244178e-17	0.966	70.5	53	1	0	0.0698439903679704	91.5	0.000158018077755589	91	159.5	84
"HiG_16"	"Krt8"	0.00479846449136185	"HiG"	1.91831606260386e-16	0.966	70.5	57	1	0	0.14677761843649	44.5	0.000332076059811062	44	159.5	84
"HiG_16"	"Lgals1"	0.00167203122472255	"HiG"	0.000175998540888293	0.965	45	136	4	0	0.0294726522601366	128	6.66802087333408e-05	128	110.5	84
"HiG_16"	"Lrpap1"	0.00090938061507307	"HiG"	0.0123523342671428	0.971	123.5	160	13	0	0.00967009428593521	156	2.18780413708941e-05	156	22	84
"HiG_16"	"Map1lc3a"	0.00481504698350183	"HiG"	0.00244753935474581	0.968	102	50	7.9618721581492	0	0.0889507127039826	73	0.000201245956343852	73	63	84
"HiG_16"	"Mapk3"	0.00433831445099283	"HiG"	0.000329670630346641	0.966	70.5	76	4.02646620804025	0	0.0900810620961626	72	0.00020380330790987	72	107	84
"HiG_16"	"Marcksl1"	0.00209413025660161	"HiG"	0.00608881154169995	0.969	109.5	125	18	0	0.0611396198904292	100	0.000138324931878799	100	5	84
"HiG_16"	"Me1"	0.00237085369276834	"HiG"	0.0156699744404327	0.971	123.5	119	2	0	0.0663698402669122	96	0.000150158009653647	96	140	84
"HiG_16"	"Mtap"	0.00547829623934389	"HiG"	0.00539852176685754	0.966	70.5	40	2.11790102695206	0	0.0462039808857148	116	0.000104533893406595	116	135	84
"HiG_16"	"Myh10"	0.00706324902151373	"HiG"	0.00397047974709314	0.97	116	30	5.76808776075682	0	0.188144685034134	32	0.000425666708222022	32	80	84
"HiG_16"	"Myl12a"	0.00124498607776835	"HiG"	0.000124700861323148	0.966	70.5	149	6	0	0.0164591268569047	143	3.72378435676576e-05	143	76	84
"HiG_16"	"Myl12b"	0.00443318413179586	"HiG"	0.00166970043285795	0.966	70.5	73	7.68952433225077	0	0.0956082509700224	67	0.000216308260113173	67	65	84
"HiG_16"	"Myl6"	0.0015912778820809	"HiG"	7.04515244463472e-05	0.964	25	137	3	0	0.0221122104754036	136	5.00276255099628e-05	136	124	84
"HiG_16"	"Myl9"	0.0032488539869065	"HiG"	0.00197571473898588	0.964	25	96	5	0	0.0731199333664123	87	0.00016542971349867	87	92	84
"HiG_16"	"Ncl"	0.00907366514914376	"HiG"	0.111691195259812	0.976	153.5	17	11.2450717073972	0	0.351070217658503	15	0.000794276510539599	15	31	84
"HiG_16"	"Ndn"	0.00968953452679307	"HiG"	0.0141601801029852	0.965	45	15	3.86614113790699	0	0.238119147694643	24	0.000538731103381546	24	113	84
"HiG_16"	"Nono"	0.00689957804594652	"HiG"	0.0134623233933809	0.973	136.5	31	9.4803903684533	0	0.218867642728524	25	0.000495175662281729	25	46	84
"HiG_16"	"Npc2"	0.000775501165048817	"HiG"	2.04768187935034e-07	0.964	25	165	3	0	0.000944445007318136	166	2.13675341022203e-06	166	124	84
"HiG_16"	"Oat"	0.000807855639863237	"HiG"	0.00156338339298467	0.964	25	163	11	0	0.00338150932506386	162	7.65047358611732e-06	162	36.5	84
"HiG_16"	"P4ha1"	0.00175779498876575	"HiG"	0.0269128803182237	0.974	142.5	132	14	0	0.0452935155835829	117	0.000102474017157427	117	19	84
"HiG_16"	"P4hb"	0.0106182607228465	"HiG"	0.311389865212546	0.974	142.5	14	8.53065948223927	0	0.393822383675426	13	0.00089100086804395	13	56	84
"HiG_16"	"Pabpc1"	0.0112510236237602	"HiG"	0.192698428995422	0.975	148.5	13	11.6635923640934	0	0.418111657188499	12	0.000945953975539589	12	29	84
"HiG_16"	"Pacsin2"	0.00100079039632868	"HiG"	0.00190120422790119	0.963	10.5	157	9	0	0.0118099646888912	150	2.67193771241882e-05	150	51	84
"HiG_16"	"Paics"	0.00108855574246824	"HiG"	0.00964745345942213	0.966	70.5	152	15	0	0.0163565468654135	144	3.70057621389445e-05	144	14.5	84
"HiG_16"	"Palld"	0.00248904752949172	"HiG"	0.00306815321531206	0.967	92	115	18	0	0.0542791755073087	105	0.000122803564496173	105	5	84
"HiG_16"	"Parva"	0.00393899035199288	"HiG"	1.6050004517004e-17	0.966	70.5	84	1.25488970616517	0	0.0354320266522614	123	8.01629562268358e-05	123	148	84
"HiG_16"	"Pdia3"	0.00900492790917314	"HiG"	0.43658360244695	0.978	160.5	18	10.0075839492215	0	0.380319133490597	14	0.00086045052825927	14	42	84
"HiG_16"	"Pdia4"	0.0138965001908642	"HiG"	0.669419950614818	0.983	167	10	10.9876620038419	0	0.602409313532287	6	0.00136291699894183	6	38	84
"HiG_16"	"Pdia6"	0.0183319675732974	"HiG"	0.862173940171922	0.977	157	4	11.007142974265	0	0.839680253524938	2	0.00189972908037316	2	34	84
"HiG_16"	"Pdlim1"	0.00301964746688495	"HiG"	0.00031279532330104	0.964	25	100	5	0	0.0767106477257753	84	0.000173553501642026	84	92	84
"HiG_16"	"Pea15a"	0.00205048239777654	"HiG"	1.90747638158092e-05	0.965	45	126	2.46459623486098	0	0.0342850385364616	124	7.75679604897321e-05	124	131	84
"HiG_16"	"Peg3"	0.000752885238272795	"HiG"	5.74266080175217e-05	0.965	45	166	18	0	0.00101594304998078	165	2.29851368773931e-06	165	5	84
"HiG_16"	"Pfn1"	0.00294271316624636	"HiG"	0.040441682648224	0.973	136.5	104	16.1020392891808	0	0.0987016570009506	66	0.000223306916291743	66	12	84
"HiG_16"	"Pgrmc1"	0.00479846449135819	"HiG"	1.55371312285913e-17	0.965	45	61	1	0	0.0447347034646601	118.5	0.000101209736345385	119	159.5	84
"HiG_16"	"Pkm"	0.00190859329899089	"HiG"	0.030822627813208	0.974	142.5	129	14	0	0.0518734953924343	107	0.00011736084930415	107	20	84
"HiG_16"	"Postn"	0.00299721288238064	"HiG"	8.69748074613687e-17	0.967	92	102	3	0	0.0613182898069867	99	0.000138729162459246	99	124	84
"HiG_16"	"Ppib"	0.00755717501843666	"HiG"	0.376361372590184	0.979	164	27	11.1476551368467	0	0.331710015902308	17	0.000750475149100244	17	33	84
"HiG_16"	"Ppp1cb"	0.00507448138157573	"HiG"	0.00177414905122228	0.969	109.5	45	2.42039207305054	0	0.142863736190466	46	0.000323221122602864	46	132	84
"HiG_16"	"Ppp1r14a"	0.00129417327511387	"HiG"	0.0041399645924178	0.962	4	146	8	0	0.0179577884791237	140	4.06284807219994e-05	140	61.5	84
"HiG_16"	"Prdx1"	0.00169946943746643	"HiG"	0.0176643121351484	0.975	148.5	134	7	0	0.0429115151201841	120	9.70848758375205e-05	120	70	84
"HiG_16"	"Prdx4"	0.00864445514565603	"HiG"	0.215726355131801	0.976	153.5	21	7.16889195131608	0	0.32183805610474	19	0.000728140398427014	19	67	84
"HiG_16"	"Prnp"	0.00815333708384956	"HiG"	0.120815901647517	0.972	130.5	24	9.19227006033026	0	0.216665628546201	26	0.000490193729742537	26	48	84
"HiG_16"	"Ptma"	0.00461197451304494	"HiG"	0.0148805696665875	0.968	102	71	6.49587812594528	0	0.137537325709538	49	0.000311170420157326	49	74	84
"HiG_16"	"Rab6a"	0.00259390570102461	"HiG"	0.00541179454094309	0.97	116	112	13.9999551703519	0	0.0462076021021771	115	0.000104542086204021	115	21	84
"HiG_16"	"Rap1b"	0.000787751712797558	"HiG"	0.00644666459081448	0.964	25	164	20	0	0.0033784336925021	163	7.64351514140746e-06	163	2	84
"HiG_16"	"Rbbp7"	0.00322257074283485	"HiG"	0.103449645564754	0.972	130.5	97	16.2206053734813	0	0.0870454885791553	74	0.000196935494522976	74	11	84
"HiG_16"	"Rcn2"	0.00134033771122802	"HiG"	0.00918629664376321	0.967	92	143	11.9028374955621	0	0.0237711419621143	135	5.37808641676794e-05	135	27	84
"HiG_16"	"Rrbp1"	0.000884533498153661	"HiG"	0.0022931742352256	0.968	102	161	9.41850272355151	0	0.00618989091048735	161	1.40042780780257e-05	161	47	84
"HiG_16"	"Rtn4"	0.00241596465186474	"HiG"	0.00132506354218783	0.963	10.5	117	5	0	0.0490397505263178	114	0.000110949661824248	114	92	84
"HiG_16"	"Ryk"	0.00479846449136185	"HiG"	2.5120832624508e-17	0.965	45	57	1	0	0.0574143734740851	103.5	0.000129896772565803	103	159.5	84
"HiG_16"	"S100a10"	0.00617879707725543	"HiG"	0.0031294655256741	0.966	70.5	38	8.80004450331703	0	0.162549571419751	38	0.000367759211356903	38	53	84
"HiG_16"	"S100a11"	0.00652055583792623	"HiG"	0.000435454624555782	0.964	25	34	5.80097499949069	0	0.188808949053493	31	0.000427169567994327	31	77	84
"HiG_16"	"Sdf2l1"	0.00456329938779587	"HiG"	0.166013589004277	0.977	157	72	11.8458748019645	0	0.176729104871989	35	0.000399839603782781	35	28	84
"HiG_16"	"Sept7"	0.00479846449135819	"HiG"	1.56050830011996e-17	0.966	70.5	65	1	0	0.0510929216387434	109.5	0.000115594845336524	110	159.5	84
"HiG_16"	"Sept9"	0.00479846449136185	"HiG"	1.20229273235063e-17	0.966	70.5	57	1	0	0.0510929216387434	109.5	0.000115594845336524	109	159.5	84
"HiG_16"	"Serpinh1"	0.00400325233786432	"HiG"	5.57185335006382e-17	0.966	70.5	83	2	0	0.0786880391280076	81	0.000178027237846171	81	140	84
"HiG_16"	"Set"	0.00842774323412177	"HiG"	0.0659647671162344	0.966	70.5	22	4.76713028069072	0	0.253032743392148	23	0.000572472270117982	23	98	84
"HiG_16"	"Slc25a4"	0.00427823076907924	"HiG"	0.00188300228159908	0.965	45	77	9.6024429172309	0	0.0710121584221179	89	0.000160660991905244	89	45	84
"HiG_16"	"Slc2a1"	0.00213329420660901	"HiG"	0.0859572164832892	0.977	157	123	11	0	0.0737035902974761	86	0.000166750204292932	86	36.5	84
"HiG_16"	"Slc9a3r1"	0.00437424799607303	"HiG"	0.000654061552447462	0.964	25	74	3	0	0.126614779728492	55	0.000286458777666271	55	124	84
"HiG_16"	"Snx3"	0.00479846449136186	"HiG"	1.36095696921565e-18	0.966	70.5	53	1	0	0.0106281907247787	153.5	2.40456803728026e-05	153	159.5	84
"HiG_16"	"Snx6"	0.00479846449135819	"HiG"	1.57851120357821e-18	0.966	70.5	61	1	0	0.0106281907247787	153.5	2.40456803728026e-05	154	159.5	84
"HiG_16"	"Sptbn1"	0.003344847760824	"HiG"	0.00141919356904644	0.969	109.5	94	5.79016011727484	0	0.0913546161982853	70	0.00020668465203232	70	78	84
"HiG_16"	"Ssb"	0.00274096079913346	"HiG"	0.00991719896587413	0.97	116	108	16.2609857513893	0	0.0825608099817682	78	0.000186789162854679	78	9	84
"HiG_16"	"Tagln"	0.00321450459350209	"HiG"	5.47371776649277e-18	0.966	70.5	99	2	0	0.0264007677900302	131	5.97302438688465e-05	131	140	84
"HiG_16"	"Tbcb"	0.00333914620761472	"HiG"	0.0108277604068662	0.973	136.5	95	6.25207830926023	0	0.100499407352459	63	0.000227374224779318	63	75	84
"HiG_16"	"Tbrg1"	0.00107029673949338	"HiG"	0.000273830922390576	0.962	4	155	5	0	0.0101343065391816	155	2.29282953375149e-05	155	92	84
"HiG_16"	"Tcf4"	0.00728672279511907	"HiG"	0.00012623356101039	0.966	70.5	29	1.95680794642172	0	0.165445841771116	37	0.000374311859210669	37	145	84
"HiG_16"	"Tln1"	0.00471400076256273	"HiG"	0.0189952343079029	0.973	136.5	68	4.69889698725381	0	0.129423445140247	54	0.000292813224299202	54	99	84
"HiG_16"	"Tmsb4x"	0.00565793863073232	"HiG"	7.2877508783186e-17	0.965	45	39	2	0	0.091597115735534	69	0.000207233293519308	69	140	84
"HiG_16"	"Tnfaip8"	0.00108481004438675	"HiG"	0.00043589273862327	0.966	70.5	154	5.45028557834303	0	0.0127886053391314	148	2.89334962423787e-05	148	84	84
"HiG_16"	"Tnnt2"	0.00265799730735328	"HiG"	1.00325557691179e-05	0.962	4	110	2.34971318301013	0	0.0702005492575468	90	0.000158824772075898	90	133	84
"HiG_16"	"Tpm1"	0.00664229200028612	"HiG"	0.000151495632675819	0.962	4	32	2.34209462912651	0	0.20991399865943	27	0.000474918549003236	27	134	84
"HiG_16"	"Tpm4"	0.00509564824463247	"HiG"	0.00104886697644514	0.963	10.5	44	5.28251885911097	0	0.159205487742523	39	0.000360193411182178	39	86	84
"HiG_16"	"Tuba1a"	0.0163239290102403	"HiG"	0.0843646475890262	0.972	130.5	6	8.27488323702216	0	0.583114547164883	7	0.00131926368136851	7	59	84
"HiG_16"	"Tubb2a"	0.00657903383908321	"HiG"	0.0183888248972711	0.968	102	33	10.925387661216	0	0.204577861744774	28	0.000462845841051525	28	40	84
"HiG_16"	"Tubb2b"	0.00155904428792335	"HiG"	0.00145540910813863	0.967	92	138	18	0	0.0257478687900393	132	5.82530968100436e-05	132	5	84
"HiG_16"	"Tubb4b"	0.00503745289743227	"HiG"	0.00725079035123601	0.966	70.5	46	9.69201238331478	0	0.13646900352149	50	0.00030875340163233	50	43	84
"HiG_16"	"Txndc5"	0.00250308470058578	"HiG"	0.0298981931637524	0.975	148.5	114	8.76109203008134	0	0.0669012585974242	94	0.000151360313568833	94	54	84
"HiG_16"	"Ubc"	0.0209643826359111	"HiG"	0.0296226648868691	0.969	109.5	2	4.00792883018037	0	0.546686316487097	8	0.00123684686988031	8	108	84
"HiG_16"	"Ube2r2"	0.00289035742456492	"HiG"	0.0196860071586074	0.968	102	106	7.25295621209346	0	0.0793135640285638	80	0.000179442452553312	80	66	84
"HiG_16"	"Ugdh"	0.00410826288471698	"HiG"	0.123730805449165	0.972	130.5	82	6.79902570549318	0	0.140371438425896	47	0.000317582439877594	47	72	84
"HiG_16"	"Vim"	0.0113596609036759	"HiG"	0.00213690357545685	0.964	25	12	3.02593200331433	0	0.322058809464708	18	0.000728639840417891	18	118	84
"HiG_16"	"Wdr1"	0.000963991610311668	"HiG"	0.00153199812958301	0.964	25	159	3	0	0.00776085469716462	159	1.75584947899652e-05	159	119	84
"HiG_16"	"Wnt5a"	0.00479846449135819	"HiG"	3.04491277834191e-17	0.966	70.5	65	1	0	0.0574143734740851	103.5	0.000129896772565803	104	159.5	84
"HiG_16"	"Ywhae"	0.0143035188989783	"HiG"	0.0660962994978875	0.975	148.5	9	5.42678519133728	0	0.462276941209166	11	0.00104587543259992	11	85	84
"HiG_16"	"Ywhah"	0.00417191837225373	"HiG"	0.0975636349222337	0.981	166	81	12.0802020750353	0	0.151693014186632	42	0.000343196864675639	42	25	84
"HiG_16"	"Ywhaq"	0.00494619164656002	"HiG"	0.0215684071689054	0.978	160.5	48	14.6004344961509	0	0.176413095386198	36	0.000399124650195018	36	17	84
"HiG_17"	"Acta1"	0.0107819220228424	"HiG"	0.0685057406236705	0.959	128	13	8.45424274142581	0	0.355313630790229	10	0.000796667333610379	10	55	96
"HiG_17"	"Acta2"	0.0147990631567007	"HiG"	1	0.955	67.5	6	5.00036257810029	0	0.700886558474997	2	0.00157149452572869	2	111	96
"HiG_17"	"Actn1"	0.00920663896870093	"HiG"	0.0246898266255454	0.955	67.5	15	6.34312256657993	0	0.228702329227688	28	0.0005127854915419	28	92	96
"HiG_17"	"Actn2"	0.00767941088881485	"HiG"	0.253367067121942	0.955	67.5	24	6.18009198325138	0	0.231960817348812	26	0.00052009151871931	26	93	96
"HiG_17"	"Ak1"	0.00218477768420338	"HiG"	0.00975589996025417	0.969	184	136	21.6334129307866	0	0.0500134902177515	112	0.000112137870443389	112	7	96
"HiG_17"	"Akr1b3"	0.000814825053047805	"HiG"	0.00174664229566848	0.964	164.5	188	31	0	0.00569933079402785	183	1.2778768596475e-05	183	3	96
"HiG_17"	"Alcam"	0.00132215987178456	"HiG"	0.00228353600022468	0.952	32.5	171	5	0	0.0206116973092573	154	4.62145679579761e-05	154	115	96
"HiG_17"	"Aldoa"	0.00593863138345243	"HiG"	0.0564425599404744	0.966	175	41	11.6355040811103	0	0.221802122079517	29	0.000497314175066181	29	29	96
"HiG_17"	"Ankrd1"	0.00143118323037776	"HiG"	0.00633848254678904	0.956	86.5	166	3	0	0.0311512401726109	140	6.98458299834325e-05	140	152	96
"HiG_17"	"Anp32a"	0.00153676662861031	"HiG"	6.0768308222976e-05	0.955	67.5	159	3	0	0.0218725432051192	152	4.90415766930924e-05	152	152	96
"HiG_17"	"Anxa2"	0.00357640354148552	"HiG"	0.0237968617684762	0.964	164.5	93	6.35145916145464	0	0.10534862580046	59	0.00023620768116695	59	91	96
"HiG_17"	"Apoe"	0.0036086412495272	"HiG"	0.000392975781811498	0.954	53	90	3.00522550811183	0	0.0794968537541582	71	0.000178244066713359	71	147	96
"HiG_17"	"Arpc2"	0.00303489343377745	"HiG"	0.0338003464358219	0.954	53	106	7.70689563234638	0	0.0569365176716105	101	0.00012766035352379	101	64	96
"HiG_17"	"Arpc5"	0.00150338845602078	"HiG"	0.00171632810828445	0.951	24	161	2	0	0.0187497895023368	158	4.203988677654e-05	158	169	96
"HiG_17"	"Atp1a1"	0.00377948559162035	"HiG"	0.00260653283780005	0.954	53	85	3.80917493293434	0	0.0601851038922959	94	0.000134944179130708	94	141	96
"HiG_17"	"Atp1b1"	0.0064406308108694	"HiG"	0.0409082912866418	0.955	67.5	33	5.32687233612249	0	0.168850558889819	38	0.000378588697062375	38	105	96
"HiG_17"	"Atp5b"	0.0101937073800802	"HiG"	0.00695649469566537	0.957	104	14	7.79948713140143	0	0.308620804765926	17	0.000691974898578309	17	61	96
"HiG_17"	"Atxn10"	0.0015434193404148	"HiG"	0.000962300553373279	0.959	128	158	13	0	0.0261428348978305	148	5.86162217440145e-05	148	26.5	96
"HiG_17"	"Cap2"	0.00168337678571031	"HiG"	5.31426685211503e-17	0.951	24	153	2	0	0.0086222157006806	175	1.93323221988354e-05	175	169	96
"HiG_17"	"Capns1"	0.00218891696518177	"HiG"	0.000844992916823393	0.959	128	135	6.79164854016299	0	0.0463960144342993	120	0.000104026938193496	120	77	96
"HiG_17"	"Car3"	0.00175845601532181	"HiG"	0.0119872958906478	0.972	188	151	31	0	0.0391148003092098	129	8.77013459847754e-05	129	6	96
"HiG_17"	"Ccdc88a"	0.0016732329735672	"HiG"	0.000511694017424993	0.958	116	154	16	0	0.0305170021918366	141	6.84237717305754e-05	141	17	96
"HiG_17"	"Cct4"	0.00327564358039557	"HiG"	0.00115691068488947	0.964	164.5	99	5.21775803896905	0	0.0624836788134114	89	0.000140097934559218	89	108	96
"HiG_17"	"Cct8"	0.0024559172896611	"HiG"	0.000528397696589895	0.963	156.5	124	6.539722074139	0	0.0502069036809674	111	0.000112571532916967	111	84	96
"HiG_17"	"Cd81"	0.0063620726218827	"HiG"	3.57321517769981e-16	0.95	11.5	34	1	0	0.0577652566457511	97	0.000129518512658635	97	186	96
"HiG_17"	"Cdh2"	0.00440306206718955	"HiG"	0.000152442711453541	0.956	86.5	64	4.42711692978514	0	0.06057756734913	91	0.000135824142038408	91	123	96
"HiG_17"	"Cfl2"	0.00636207262188269	"HiG"	2.78338192366598e-16	0.95	11.5	35.5	1	0	0.0452909368091455	123	0.00010154918567073	123	186	96
"HiG_17"	"Ckb"	0.00480263977619657	"HiG"	0.000969384153334766	0.961	142	55	8.16105605452595	0	0.118315537887689	54	0.000265281475084504	54	58	96
"HiG_17"	"Cnn2"	0.00435919790758401	"HiG"	2.7996214932275e-16	0.948	1.5	70.5	1	0	0.0468844742096474	118.5	0.000105122139483514	119	186	96
"HiG_17"	"Cnn3"	0.00435919790758734	"HiG"	2.8260214713574e-16	0.948	1.5	66.5	1	0	0.0468844742096474	118.5	0.000105122139483514	118	186	96
"HiG_17"	"Crip2"	0.00184402203771485	"HiG"	0.0254171395412218	0.961	142	149	7	0	0.0497633989597786	113	0.000111577127712508	113	72	96
"HiG_17"	"Cryab"	0.00435919790758734	"HiG"	2.06248095484206e-16	0.951	24	66.5	1	0	0.0336949899874566	137.5	7.55493049046112e-05	137	186	96
"HiG_17"	"Ctnna1"	0.00510078457034736	"HiG"	0.00148314669140503	0.957	104	52	3.71474275392628	0	0.0776654220830408	73	0.000174137717674979	73	143	96
"HiG_17"	"Ctsl"	0.00149209737507602	"HiG"	6.0310856376569e-05	0.955	67.5	162	4	0	0.0150151135542753	161	3.36661738885095e-05	161	133.5	96
"HiG_17"	"Cycs"	0.00512617176148761	"HiG"	0.012977945164202	0.966	175	51	11.0562965027747	0	0.155030328782485	44	0.000347601634041447	44	32	96
"HiG_17"	"Dag1"	0.00152724571679832	"HiG"	0.00144153841911706	0.956	86.5	160	6.70588103863889	0	0.0256319384196656	149	5.74707139454385e-05	149	80	96
"HiG_17"	"Ddah2"	0.0027898678796803	"HiG"	0.00531320778014057	0.956	86.5	113	4.20540063449525	0	0.0703204605567666	79	0.000157669194073468	79	129	96
"HiG_17"	"Ddx39b"	0.00243986040419615	"HiG"	0.000677254594374231	0.962	150	126	7.71417898055997	0	0.0548110233113263	105	0.000122894671101629	105	63	96
"HiG_17"	"Ddx5"	0.00594406688886289	"HiG"	0.00322127746331506	0.964	164.5	40	9.07493708666451	0	0.163876062935804	40	0.000367435118690145	40	46	96
"HiG_17"	"Des"	0.0020325121430726	"HiG"	0.0149614605610334	0.972	188	141	31	0	0.0488195626033982	114	0.000109460902698202	114	3	96
"HiG_17"	"Dnaja1"	0.00229953764000751	"HiG"	0.00178026640190837	0.961	142	132	13	0	0.0483645265048409	115	0.000108440642387536	115	26.5	96
"HiG_17"	"Dnajb11"	0.0033707366816919	"HiG"	0.0081646098023144	0.957	104	98	7.22316353299704	0	0.105067833306677	60	0.000235578101584477	60	68	96
"HiG_17"	"Dstn"	0.00503214431516235	"HiG"	2.252755479591e-16	0.95	11.5	53	2	0	0.0366687211084649	133	8.22168634718944e-05	133	169	96
"HiG_17"	"Dynll1"	0.00218464098929948	"HiG"	0.00245133724886529	0.959	128	137	8.95741187566407	0	0.0543471487436555	107	0.00012185459359564	107	50	96
"HiG_17"	"Eif3e"	0.00388560119826842	"HiG"	0.00370463666222678	0.965	172	83	5.95769440687582	0	0.0712509271667444	78	0.000159755442077902	78	99	96
"HiG_17"	"Eif3m"	0.00341083804370494	"HiG"	0.000596721881650753	0.964	164.5	97	2	0	0.0594762497301016	95	0.000133354820022649	95	169	96
"HiG_17"	"Eif4a1"	0.00185579911103792	"HiG"	0.00477402749507166	0.964	164.5	147	16.7172782677364	0	0.0384488515082397	131	8.62081872382055e-05	131	14	96
"HiG_17"	"Eno1"	0.00358951727454188	"HiG"	0.0336751044331253	0.97	186	92	21.4942376676289	0	0.117244014153687	55	0.000262878955501541	55	8	96
"HiG_17"	"Eno3"	0.0140603566918073	"HiG"	0.0974646946601232	0.966	175	7	7.08951537667648	0	0.564579004714647	5	0.00126587220788037	5	70	96
"HiG_17"	"Etfb"	0.00345795265587214	"HiG"	0.00254303029342032	0.956	86.5	96	10.1632106187779	0	0.100837954452325	62	0.000226094068278755	62	41	96
"HiG_17"	"Fam162a"	0.00244825995968359	"HiG"	0.00272783594530889	0.958	116	125	14	0	0.0682393827116993	81	0.000153003100250447	81	22	96
"HiG_17"	"Fbxo32"	0.0251229302855063	"HiG"	0.113161147066538	0.974	191	1	4.63006242449491	0	0.75619639769256	1	0.00169550761814475	1	121	96
"HiG_17"	"Fdx1"	0.00200844973466779	"HiG"	0.000908968440840761	0.958	116	143	9	0	0.048247584964972	116	0.000108178441625498	116	48	96
"HiG_17"	"Fermt2"	0.00436473299260921	"HiG"	0.000910546879742912	0.958	116	65	6.40951354529524	0	0.0970769591978451	64	0.000217661343492926	64	87	96
"HiG_17"	"Fhl1"	0.0028653099443312	"HiG"	0.0115825497497488	0.952	32.5	110	6.35490448309554	0	0.0474244452860241	117	0.00010633283696418	117	90	96
"HiG_17"	"Fhl2"	0.00404219070533214	"HiG"	6.18752669175533e-09	0.953	41	80	2	0	0.0139111499461794	165	3.11909191618372e-05	165	169	96
"HiG_17"	"Fos"	0.0057091091936473	"HiG"	8.77878170562374e-06	0.95	11.5	45	1.39328046630612	0	0.119966944718934	52	0.000268984180984156	52	179	96
"HiG_17"	"Fstl1"	0.00207206123584551	"HiG"	1.806265683006e-05	0.957	104	139	2	0	0.0243711451383269	151	5.46438231801052e-05	151	169	96
"HiG_17"	"Gapdh"	0.00497769175004992	"HiG"	0.0199542088447707	0.973	190	54	17.5145134056627	0	0.149173721026301	46	0.00033447022651637	46	13	96
"HiG_17"	"Gata4"	0.00636207262188269	"HiG"	5.34081543335525e-17	0.949	3.5	35.5	1	0	0.00852152912886881	176	1.91065675535175e-05	176	186	96
"HiG_17"	"Gata6"	0.00268808936219424	"HiG"	2.09706834155456e-17	0.95	11.5	120	2	0	0.00320549940598663	187	7.18721839907316e-06	187	169	96
"HiG_17"	"Gbas"	0.00274184383685488	"HiG"	0.00171284750434549	0.957	104	115	11.3684357522169	0	0.0606938875319471	90	0.0001360849496232	90	30	96
"HiG_17"	"Gdi2"	0.00280046199498405	"HiG"	7.0244296097908e-09	0.951	24	112	2	0	0.000871100471372689	191	1.95314007034235e-06	191	169	96
"HiG_17"	"Gnas"	0.00101687326338465	"HiG"	0.0110935550668061	0.951	24	179	11	0	0.0125656018126773	167	2.81739950956891e-05	167	35.5	96
"HiG_17"	"Gpc3"	0.0046670100616427	"HiG"	2.66333246778523e-16	0.95	11.5	59	2	0	0.0428679216519639	125	9.61164162600087e-05	125	169	96
"HiG_17"	"Gpi1"	0.00742543362298698	"HiG"	0.038141681194212	0.963	156.5	27	5.21981387200476	0	0.291256101941885	21	0.000653040587313644	21	107	96
"HiG_17"	"Grhpr"	0.00184919125724115	"HiG"	0.0012113032912114	0.955	67.5	148	2.42448577770381	0	0.0376327241242678	132	8.43783052113627e-05	132	158	96
"HiG_17"	"Gyg"	0.00259587147805983	"HiG"	0.0593497908324511	0.954	53	123	11	0	0.0672251442188925	83	0.000150729022912315	83	35.5	96
"HiG_17"	"Hadh"	0.00230206188663752	"HiG"	0.00441322819305996	0.96	136.5	130	7.2322194908717	0	0.0631976987973407	87	0.000141698876227221	87	67	96
"HiG_17"	"Hand1"	0.00413424978225713	"HiG"	1.64237104833781e-07	0.953	41	79	1.10739664909867	0	0.0144276434670983	163	3.23489763836285e-05	163	180	96
"HiG_17"	"Hdac1"	0.00460244718291199	"HiG"	0.000406712389295151	0.955	67.5	62	3.31323473172928	0	0.0605446646982453	92	0.000135750369278577	92	146	96
"HiG_17"	"Hdgf"	0.00534176770244035	"HiG"	0.00110027817462769	0.96	136.5	47	7.57927045912064	0	0.126294949769982	50	0.000283172533116551	50	65	96
"HiG_17"	"Hnrnpa2b1"	0.00763142450157514	"HiG"	0.00447313776174453	0.968	180.5	25	8.67230231490472	0	0.201364195645111	33	0.000451489227903836	33	52	96
"HiG_17"	"Hnrnpk"	0.0152756788750614	"HiG"	0.00584926383170452	0.962	150	4	5.07057837549999	0	0.34240886926366	12	0.000767732890725696	12	110	96
"HiG_17"	"Hsp90b1"	0.00839497718232869	"HiG"	0.022306812395388	0.965	172	19	8.57398211935701	0	0.321190056185345	15	0.000720157076648756	15	54	96
"HiG_17"	"Hspa5"	0.0129730637146995	"HiG"	0.0193901545524654	0.964	164.5	9	6.35820158527288	0	0.423606193246946	8	0.000949789670957279	8	89	96
"HiG_17"	"Hspa8"	0.00882694803493146	"HiG"	0.0135917472037388	0.961	142	18	4.20693955172018	0	0.220504198342221	31	0.000494404032157446	31	128	96
"HiG_17"	"Hspb1"	0.00435919790758401	"HiG"	2.02685023259714e-16	0.951	24	70.5	1	0	0.0336949899874566	137.5	7.55493049046112e-05	138	186	96
"HiG_17"	"Hspb2"	0.0090457508596842	"HiG"	0.188596604839395	0.959	128	16	3.94701341586335	0	0.321495333794152	14	0.000720841555592269	14	138	96
"HiG_17"	"Id1"	0.00900631781067592	"HiG"	0.00476399835398398	0.967	177.5	17	4.65598001674305	0	0.23125234623653	27	0.000518503018467557	27	120	96
"HiG_17"	"Idh2"	0.00288392761114555	"HiG"	0.00259399457846439	0.956	86.5	109	7.83777261452569	0	0.0812179537689847	70	0.000182103035356468	70	60	96
"HiG_17"	"Idh3a"	0.00603722221318645	"HiG"	0.0035459688361342	0.956	86.5	39	6.4450588782754	0	0.184455355850576	36	0.000413577031055103	36	86	96
"HiG_17"	"Igfbp5"	0.00101472268693033	"HiG"	0.000220402722104087	0.951	24	180	4	0	0.00702635377725492	178	1.57541564512442e-05	178	133.5	96
"HiG_17"	"Ilk"	0.00422212913330031	"HiG"	0.000824423102550577	0.962	150	76	2	0	0.0874652703678649	68	0.000196110471676827	68	169	96
"HiG_17"	"Itgb1"	0.00278442910375652	"HiG"	0.00082779060242518	0.951	24	114	3.92237444181022	0	0.0557812386653219	104	0.000125070041850497	104	139	96
"HiG_17"	"Ivns1abp"	0.0014852551856609	"HiG"	0.0254079148043047	0.951	24	163	11	0	0.0287793893299923	144	6.45277787667988e-05	144	35.5	96
"HiG_17"	"Jun"	0.00379093561733006	"HiG"	6.6035230909751e-05	0.95	11.5	84	2.38031253343325	0	0.0761362114063361	75	0.00017070899418461	75	159	96
"HiG_17"	"Jund"	0.00359813354374426	"HiG"	1.7304800347746e-06	0.95	11.5	91	2	0	0.0727862887585504	77	0.000163197956857736	77	169	96
"HiG_17"	"Jup"	0.00364643963366296	"HiG"	0.000493773451199558	0.956	86.5	89	4.28701025635873	0	0.0525594929176957	109	0.000117846396676448	109	126	96
"HiG_17"	"Kif5b"	0.00312863124085453	"HiG"	0.00124227348926046	0.959	128	102	16	0	0.0740881493698117	76	0.000166116926838143	76	17	96
"HiG_17"	"Klf6"	0.00110417378267677	"HiG"	7.67599285385105e-06	0.953	41	176	3	0	0.00696890256726556	179	1.56253420790708e-05	179	156	96
"HiG_17"	"Krt18"	0.00435919790758401	"HiG"	3.39628948383348e-16	0.95	11.5	72.5	1	0	0.0563400391939448	102.5	0.000126322957833957	103	186	96
"HiG_17"	"Krt19"	0.0031142530720641	"HiG"	0.000273667312853775	0.956	86.5	103	4.24977742534194	0	0.045490104273036	121	0.000101995749491112	121	127	96
"HiG_17"	"Krt8"	0.00435919790758734	"HiG"	3.34479654577076e-16	0.95	11.5	68.5	1	0	0.0563400391939448	102.5	0.000126322957833957	102	186	96
"HiG_17"	"Ldb3"	0.00168360821785971	"HiG"	0.0236490757123229	0.958	116	152	8.61060071030215	0	0.0365789571154495	134	8.2015598913564e-05	134	53	96
"HiG_17"	"Ldha"	0.00162291338061744	"HiG"	0.00443084151855102	0.967	177.5	157	18.0842583722975	0	0.0312883273147112	139	7.01532002572e-05	139	9	96
"HiG_17"	"Ldhb"	0.00199301739391638	"HiG"	0.000381644369100297	0.956	86.5	144	5	0	0.0453096751136138	122	0.000101591199806309	122	115	96
"HiG_17"	"Lgals1"	0.000893866933521597	"HiG"	0.000100253074887085	0.955	67.5	186	18	0	0.00632868855938685	182	1.41898846623024e-05	182	11	96
"HiG_17"	"Lrpap1"	0.000963463554132546	"HiG"	0.000435238234563505	0.953	41	182	9	0	0.0115688226680287	168	2.59390642780913e-05	168	48	96
"HiG_17"	"Map1b"	0.00416614864869318	"HiG"	0.00102587653391566	0.959	128	77	10.9685194482979	0	0.0877299489254253	67	0.000196703921357456	67	39	96
"HiG_17"	"Mef2c"	0.0024050809889151	"HiG"	6.452863068475e-06	0.953	41	127	4	0	0.0203218341900199	156	4.55646506502689e-05	156	133.5	96
"HiG_17"	"Mpc2"	0.00350971584481262	"HiG"	0.0180523173794179	0.959	128	95	10.1517157649764	0	0.108087873747161	57	0.00024234949270664	57	42	96
"HiG_17"	"Mybpc3"	0.00129738314799255	"HiG"	0.0206976553765672	0.956	86.5	172	10	0	0.0292859176209755	143	6.56634924237119e-05	143	43	96
"HiG_17"	"Myh6"	0.0109295801246742	"HiG"	0.26096336762774	0.964	164.5	12	6.04257223234565	0	0.422795496553912	9	0.000947971965367516	9	96	96
"HiG_17"	"Myh7"	0.000844805701165692	"HiG"	0.00465549472351043	0.953	41	187	6	0	0.00678473528145134	181	1.52124109449582e-05	181	97.5	96
"HiG_17"	"Myl1"	0.00079289623676011	"HiG"	0.00150866217385365	0.963	156.5	190	31	0	0.00492279661757433	185	1.10376605775209e-05	185	3	96
"HiG_17"	"Myl2"	0.00592861559219192	"HiG"	0.441535957508759	0.957	104	42	6.80819097701866	0	0.274943223171376	23	0.00061646462594479	23	76	96
"HiG_17"	"Myl3"	0.00474926992170188	"HiG"	0.338421816668625	0.954	53	58	5.68903494944627	0	0.216454045924551	32	0.000485322972925002	32	103	96
"HiG_17"	"Myl6"	0.000975337640966697	"HiG"	0.00348858790388575	0.965	172	181	31	0	0.0113833361974551	169	2.55231753306169e-05	169	3	96
"HiG_17"	"Myl9"	0.00137248456814444	"HiG"	3.12962838000087e-05	0.956	86.5	167	5	0	0.0112863146355774	170	2.53056381963619e-05	170	115	96
"HiG_17"	"Ndn"	0.00756247076455706	"HiG"	0.00102390072663393	0.957	104	26	4.00682482185262	0	0.100958903310139	61	0.000226365254058608	61	130	96
"HiG_17"	"Ndufa8"	0.00621227589583447	"HiG"	0.00394706895526685	0.958	116	37	8.29507542116525	0	0.191174605266487	34	0.000428642612705128	34	57	96
"HiG_17"	"Nebl"	0.00435919790758401	"HiG"	3.4290907743401e-16	0.95	11.5	72.5	1	0	0.0576787795354626	98.5	0.000129324617792517	99	186	96
"HiG_17"	"Nexn"	0.00235944999843315	"HiG"	0.0122680663752435	0.959	128	128	7	0	0.0661251064454852	84	0.000148262570505572	84	72	96
"HiG_17"	"Nid2"	0.00435919790758734	"HiG"	3.44200047104076e-16	0.95	11.5	68.5	1	0	0.0576787795354626	98.5	0.000129324617792517	98	186	96
"HiG_17"	"Nkx2-5"	0.00455615600683151	"HiG"	0.000117248360553148	0.954	53	63	2.32628130920431	0	0.0449411668166046	124	0.000100764948019293	124	160	96
"HiG_17"	"Nono"	0.00423399513458386	"HiG"	0.000713913628885221	0.958	116	75	8.15574013540823	0	0.0858149494353398	69	0.000192410200527668	69	59	96
"HiG_17"	"P4hb"	0.00539107324425653	"HiG"	0.0095585653608784	0.968	180.5	46	5.85438860905561	0	0.186108259121507	35	0.000417283092200688	35	100	96
"HiG_17"	"Palld"	0.00126487609378208	"HiG"	0.000456926483808648	0.955	67.5	174	11	0	0.0171935019801536	159	3.85504528702996e-05	159	35.5	96
"HiG_17"	"Pdia3"	0.00808661897931048	"HiG"	0.025381468327737	0.968	180.5	20	6.70481724948472	0	0.30453687478209	18	0.00068281810489258	18	81	96
"HiG_17"	"Pdia4"	0.00781394005717957	"HiG"	0.0138916908229888	0.963	156.5	23	7.0952097449503	0	0.2481988946304	25	0.000556499763745292	25	69	96
"HiG_17"	"Pdia6"	0.0151890497672486	"HiG"	0.0394746602524984	0.969	184	5	8.76134735383946	0	0.570859817340629	4	0.00127995474740051	4	51	96
"HiG_17"	"Pdlim1"	0.00134047168296199	"HiG"	0.00145728636851559	0.964	164.5	169	4	0	0.0205870062778561	155	4.61592069010228e-05	155	133.5	96
"HiG_17"	"Pdlim5"	0.0117993318718702	"HiG"	0.325990304139402	0.952	32.5	11	3.98571996283665	0	0.347184793242131	11	0.000778441240453208	11	137	96
"HiG_17"	"Peg3"	0.00164911908205344	"HiG"	0.000744278087456828	0.957	104	155	11	0	0.0280061393329807	145	6.27940343788805e-05	145	35.5	96
"HiG_17"	"Pfkl"	0.00180629429502783	"HiG"	0.00549320290071641	0.962	150	150	5	0	0.0531793521069809	108	0.000119236215486504	108	115	96
"HiG_17"	"Pfkp"	0.00204851103922996	"HiG"	9.06752334003479e-17	0.95	11.5	140	2	0	0.0148973349937872	162	3.34020963986261e-05	162	169	96
"HiG_17"	"Pfn1"	0.00377853746169666	"HiG"	0.00176077650527141	0.957	104	86	9.12887812837262	0	0.077325899535947	74	0.000173376456358626	74	44	96
"HiG_17"	"Pfn2"	0.00415895326050929	"HiG"	0.000201122673293526	0.953	41	78	1.68950131636206	0	0.0699822357321736	80	0.00015691084244882	80	177	96
"HiG_17"	"Pgam1"	0.00259785300544505	"HiG"	0.00740769103453839	0.962	150	122	4	0	0.0908693013334147	66	0.000203742828101827	66	133.5	96
"HiG_17"	"Pgam2"	0.00524054549862435	"HiG"	0.0470960038799536	0.959	128	48	7.52180662228325	0	0.155501918570547	43	0.000348659010247863	43	66	96
"HiG_17"	"Pgk1"	0.00649250358051376	"HiG"	0.03010113727249	0.962	150	32	4.92119813231187	0	0.257963352503096	24	0.0005783931670473	24	119	96
"HiG_17"	"Pgm2"	0.00313388715445979	"HiG"	0.00726957260139325	0.957	104	101	4.28956405738443	0	0.0914572306583795	65	0.000205061055287846	65	125	96
"HiG_17"	"Pkm"	0.00477387883550851	"HiG"	0.0277663667828492	0.969	184	57	10.6126788128163	0	0.166198997419598	39	0.000372643491972192	39	40	96
"HiG_17"	"Ppp1cb"	0.00367532649691442	"HiG"	0.000664979903586786	0.955	67.5	88	3	0	0.0650771180025345	86	0.000145912820633485	86	148	96
"HiG_17"	"Prdx1"	0.00298202360493511	"HiG"	0.000778956759121744	0.958	116	108	8.39617606631773	0	0.0681755219706634	82	0.000152859914732429	82	56	96
"HiG_17"	"Prdx2"	0.0036764052757799	"HiG"	0.000104538678107806	0.954	53	87	2.2470399742089	0	0.0790464107168852	72	0.000177234104746379	72	161	96
"HiG_17"	"Prdx3"	0.000930794951426342	"HiG"	0.000185820760768505	0.957	104	184	9	0	0.00986327196920199	172	2.21149595722018e-05	172	48	96
"HiG_17"	"Prdx4"	0.00464793340345831	"HiG"	0.00588845066276117	0.962	150	61	6.36356991761163	0	0.14653971579674	47	0.000328564385194485	47	88	96
"HiG_17"	"Prnp"	0.00516173409780749	"HiG"	0.00695178387552252	0.957	104	50	6.93252928591104	0	0.145650993426056	48	0.00032657173413914	48	75	96
"HiG_17"	"Psip1"	0.00164214456183959	"HiG"	8.19107092350151e-05	0.958	116	156	6	0	0.0274887771875419	146	6.16340295684795e-05	146	97.5	96
"HiG_17"	"Psme1"	0.0030142649332248	"HiG"	3.23157093752742e-06	0.951	24	107	1.40581281513076	0	0.0129551299838572	166	2.90473766454197e-05	166	178	96
"HiG_17"	"Psme2"	0.00217626164199475	"HiG"	6.73692196273676e-08	0.95	11.5	138	2	0	0.00769777221472316	177	1.72595789567784e-05	177	169	96
"HiG_17"	"Rab6a"	0.00304020398411352	"HiG"	2.97755675843327e-06	0.951	24	105	3.54002544840797	0	0.00104867847173258	190	2.35129702182192e-06	190	144	96
"HiG_17"	"Rbbp7"	0.00652832346434953	"HiG"	0.00321458003440475	0.956	86.5	31	6.66861635131054	0	0.124801770451816	51	0.000279824597425596	51	82	96
"HiG_17"	"Rbpms"	0.00101743026302666	"HiG"	0.00015187083316955	0.955	67.5	178	18	0	0.00958716932590054	173	2.14958953495528e-05	173	11	96
"HiG_17"	"Rcn2"	0.00147274618773609	"HiG"	0.000411053846693253	0.958	116	164	16	0	0.0245149067867292	150	5.49661587146394e-05	150	17	96
"HiG_17"	"Rrad"	0.00193716090235532	"HiG"	0.00210466679508153	0.956	86.5	145	3	0	0.0416641200178821	126	9.34173094571348e-05	126	152	96
"HiG_17"	"Rtn4"	0.000790016361168616	"HiG"	5.92894944628981e-06	0.955	67.5	191	5	0	0.00213814487805871	189	4.79404681179083e-06	189	115	96
"HiG_17"	"Ryr2"	0.00273465790609485	"HiG"	0.0126030764219625	0.954	53	117	3.76839725676111	0	0.0391382082507989	128	8.77538301587419e-05	128	142	96
"HiG_17"	"Sdhd"	0.00225383754752523	"HiG"	0.00055228266139883	0.956	86.5	133	5	0	0.0575100476670484	100	0.000128946295217597	100	115	96
"HiG_17"	"Slc25a4"	0.019132004949578	"HiG"	0.014760476963774	0.961	142	2	5.23076771112409	0	0.618443477665641	3	0.00138664456875704	3	106	96
"HiG_17"	"Slc25a5"	0.0070952047456167	"HiG"	0.0280738272775792	0.962	150	28	11.354719496496	0	0.221601886319177	30	0.000496865215962281	30	31	96
"HiG_17"	"Smarcd3"	0.00402743173867842	"HiG"	3.35540776581899e-17	0.949	3.5	81	2	0	0.00531602972288218	184	1.19193491544444e-05	184	169	96
"HiG_17"	"Smpx"	0.000962979321276962	"HiG"	0.00137627635333261	0.954	53	183	7	0	0.0107904317585084	171	2.4193793180512e-05	171	72	96
"HiG_17"	"Smyd1"	0.00109914583731509	"HiG"	7.59028337428423e-06	0.952	32.5	177	3	0	0.00689108839735153	180	1.54508708460797e-05	180	152	96
"HiG_17"	"Snrpn"	0.00125416054172438	"HiG"	0.000250763331072479	0.955	67.5	175	18	0	0.0158299685696382	160	3.54932030709376e-05	160	11	96
"HiG_17"	"Sri"	0.000895737080402033	"HiG"	0.000138994531674166	0.952	32.5	185	3	0	0.00407228699966667	186	9.1306883400598e-06	186	152	96
"HiG_17"	"Ssb"	0.00202580777541695	"HiG"	0.000671702128000073	0.959	128	142	16.2634155749081	0	0.0403534138161834	127	9.04785063143125e-05	127	15	96
"HiG_17"	"Stx7"	0.00132299551988804	"HiG"	4.65095731376378e-06	0.953	41	170	2	0	0.00881412911931706	174	1.97626213437602e-05	174	169	96
"HiG_17"	"Tbcb"	0.00520327184330373	"HiG"	0.00183947905216227	0.96	136.5	49	6.13301552763472	0	0.130777165062823	49	0.000293222343190186	49	95	96
"HiG_17"	"Tbrg1"	0.000801594075430238	"HiG"	6.43317567736818e-06	0.956	86.5	189	5	0	0.00231998294956355	188	5.20175549229496e-06	188	115	96
"HiG_17"	"Tbx5"	0.00271919803385843	"HiG"	0.000248175034334478	0.956	86.5	118	6.17240105371802	0	0.0293125192892795	142	6.57231374199091e-05	142	94	96
"HiG_17"	"Tecr"	0.00309162513205686	"HiG"	0.000519423101784136	0.959	128	104	3.91089059502999	0	0.0630157511791671	88	0.000141290921926384	88	140	96
"HiG_17"	"Timm8b"	0.00189160151235797	"HiG"	0.000925615723617698	0.957	104	146	11	0	0.0348296199516132	136	7.80933182771596e-05	136	35.5	96
"HiG_17"	"Tln1"	0.00592341554683842	"HiG"	0.0113503638793283	0.956	86.5	43	5.4516061276703	0	0.14928328658205	45	0.000334715889197421	45	104	96
"HiG_17"	"Tmsb4x"	0.00280161266677307	"HiG"	0.00802965772961077	0.964	164.5	111	14.45230683345	0	0.0604339153632434	93	0.000135502052383954	93	20	96
"HiG_17"	"Tnnc1"	0.00697512606163569	"HiG"	0.509996072623171	0.953	41	29	6.99890980501997	0	0.311159917611143	16	0.000697667976706599	16	74	96
"HiG_17"	"Tnni3"	0.00573617215808715	"HiG"	0.579163994869254	0.954	53	44	5.74845031333954	0	0.28000217003754	22	0.000627807556137981	22	102	96
"HiG_17"	"Tnnt2"	0.00615219734493944	"HiG"	0.674996976763705	0.954	53	38	6.73938760768935	0	0.303883541981635	19	0.00068135323314268	19	79	96
"HiG_17"	"Tpi1"	0.00803485717355387	"HiG"	0.0380812399619525	0.958	116	21	5.76817657772511	0	0.302589540779627	20	0.000678451885156113	20	101	96
"HiG_17"	"Tpm1"	0.0119865319260833	"HiG"	0.80883800952026	0.954	53	10	6.54011542128039	0	0.549027694817876	6	0.00123100380004008	6	83	96
"HiG_17"	"Tpm2"	0.0043158159788673	"HiG"	0.0186525566975123	0.955	67.5	74	5.09606242306133	0	0.119102868295221	53	0.000267046789899599	53	109	96
"HiG_17"	"Tpm4"	0.00352548115916828	"HiG"	0.0899406898537752	0.964	164.5	94	4.37113328981605	0	0.113386197866757	56	0.000254229143199006	56	124	96
"HiG_17"	"Ttn"	0.00478459791909293	"HiG"	0.0751323876594309	0.961	142	56	7.7439352495227	0	0.162985536358193	41	0.000365438422327788	41	62	96
"HiG_17"	"Tuba1a"	0.00788065096857819	"HiG"	0.00837033536813379	0.968	180.5	22	9.12187062604946	0	0.159293230086782	42	0.000357159708714757	42	45	96
"HiG_17"	"Tubb4b"	0.00271087594999667	"HiG"	0.00112968897148966	0.959	128	119	13.890941878121	0	0.05472738689321	106	0.000122707145500471	106	24	96
"HiG_17"	"Tubb6"	0.00230054202073572	"HiG"	0.0178702260000542	0.972	188	131	31	0	0.0583109258208855	96	0.000130741986145483	96	3	96
"HiG_17"	"Txnl1"	0.00223659435651058	"HiG"	0.000226868712562412	0.955	67.5	134	13.7030228473509	0	0.0195760231711462	157	4.38924286348568e-05	157	25	96
"HiG_17"	"Ubc"	0.0135209036577328	"HiG"	0.00981294174988364	0.956	86.5	8	4.55444807508533	0	0.323407680911437	13	0.00072512932939784	13	122	96
"HiG_17"	"Ugdh"	0.00232629329848508	"HiG"	0.00263762464038708	0.961	142	129	14.5653003920623	0	0.0521327583607421	110	0.00011688959273709	110	19	96
"HiG_17"	"Ugp2"	0.00146124390134726	"HiG"	0.00157876000034593	0.952	32.5	165	3	0	0.0217040683954158	153	4.86638304829952e-05	153	152	96
"HiG_17"	"Uqcrb"	0.00134832308429289	"HiG"	0.00105570022775683	0.956	86.5	168	14	0	0.0264093344743169	147	5.92137544267195e-05	147	23	96
"HiG_17"	"Vamp2"	0.00325090546656285	"HiG"	0.000194840923052496	0.953	41	100	2.51570717350986	0	0.0363999986669075	135	8.16143467867882e-05	135	157	96
"HiG_17"	"Vasp"	0.00259978764378988	"HiG"	2.09821960924569e-05	0.953	41	121	3	0	0.0385218505080197	130	8.63718621256048e-05	130	152	96
"HiG_17"	"Vdac1"	0.00273875209870119	"HiG"	0.0181428982544394	0.956	86.5	116	6.49271362000101	0	0.0658784758810579	85	0.00014770958717726	85	85	96
"HiG_17"	"Vim"	0.00395115389227676	"HiG"	0.0261377944668292	0.964	164.5	82	14.0707081082589	0	0.100701822635985	63	0.000225788839990997	63	21	96
"HiG_17"	"Wdr1"	0.00128291862634265	"HiG"	0.000123164258605171	0.954	53	173	4	0	0.0141474343386637	164	3.172070479521e-05	164	133.5	96
"HiG_17"	"Ywhae"	0.0178742393894131	"HiG"	0.00619135495997392	0.96	136.5	3	3.48093039825662	0	0.454845221915482	7	0.00101983233613337	7	145	96
"HiG_17"	"Ywhaq"	0.00664924372436948	"HiG"	0.00192772685863043	0.962	150	30	12.6600938151888	0	0.169798872450273	37	0.000380714960650837	37	28	96
"HiG_17"	"Zyx"	0.00465536035005235	"HiG"	0.0268591458930944	0.956	86.5	60	6.74836395798359	0	0.106376055451353	58	0.000238511335092719	58	78	96
"HiG_18"	"Acta2"	0.00413488082642594	"HiG"	0.000539093628498839	0.98	70	76	2.99998815854602	0	0.0621243076031477	51	0.000161361837930254	51	112	74
"HiG_18"	"Actb"	0.0239459887281798	"HiG"	0.087460794755843	0.984	122.5	3	5.34208059688176	0	0.3859894846377	4	0.00100257008996805	4	79	74
"HiG_18"	"Actg1"	0.0106639541122752	"HiG"	0.131972796119805	0.986	133.5	15	11.8873152349196	0	0.187556344215175	15	0.000487159335623832	15	22	74
"HiG_18"	"Ahnak"	0.00306433626804415	"HiG"	0.00542242020164046	0.981	84.5	94	6.29303055925029	0	0.0357124772407345	72	9.27596811447649e-05	72	66	74
"HiG_18"	"Anxa2"	0.00787935389296007	"HiG"	0.00224170756552025	0.982	97	30	3.41340961330662	0	0.0925045850812322	37	0.000240271649561642	37	103	74
"HiG_18"	"Anxa6"	0.00157437184545411	"HiG"	0.000106671282855757	0.978	35	131	3	0	0.00309645470489098	139	8.04273949322333e-06	139	108.5	74
"HiG_18"	"Apbb1"	0.00158601896164119	"HiG"	0.00165877348519864	0.978	35	130	7	0	0.0117277456216085	118	3.04616769392428e-05	118	55.5	74
"HiG_18"	"Apoe"	0.00404845564048741	"HiG"	0.0184088512249579	0.979	52.5	78	7.99216456384135	0	0.0535902680431859	57	0.000139195501410873	57	50	74
"HiG_18"	"App"	0.00966007172869612	"HiG"	0.250250843183625	0.979	52.5	19	8.55872494609407	0	0.150598869370258	18	0.000391165894468204	18	46	74
"HiG_18"	"Arhgap29"	0.00180781807373246	"HiG"	0.00463273807330066	0.978	35	123	13	0	0.0141424688307164	112	3.67336852745881e-05	112	14	74
"HiG_18"	"Arpc2"	0.00546896363139162	"HiG"	1.07511898060245e-16	0.976	13	54	1	0	0.0108491044871546	120.5	2.81794921744276e-05	120	140	74
"HiG_18"	"Arpc5"	0.00546896363138744	"HiG"	1.05624549041345e-16	0.976	13	61	1	0	0.0108491044871546	120.5	2.81794921744276e-05	121	140	74
"HiG_18"	"Atp5b"	0.00977471887388469	"HiG"	0.00552426425967044	0.979	52.5	18	3.67498690331579	0	0.115931786028599	27	0.000301121522152206	27	100	74
"HiG_18"	"Atxn10"	0.00218963837024545	"HiG"	0.047670182103128	0.983	111.5	115	17	0	0.0302907976448702	81	7.86773964801824e-05	81	9	74
"HiG_18"	"Basp1"	0.00191874891966609	"HiG"	0.0120946727895589	0.98	70	120	2	0	0.0192584365724218	102	5.00219131751217e-05	102	123.5	74
"HiG_18"	"Bccip"	0.00171500659956446	"HiG"	0.00117621528876713	0.981	84.5	125	4	0	0.0151792880399083	109	3.942672218158e-05	109	96	74
"HiG_18"	"Calr"	0.0160333928949862	"HiG"	0.589312775251034	0.986	133.5	5	9.36554451850617	0	0.328741443599678	5	0.000853873879479684	5	40	74
"HiG_18"	"Capn2"	0.000946946875941164	"HiG"	2.42828188244813e-05	0.98	70	145	4	0	0.00124290189606746	143	3.22831661316223e-06	143	96	74
"HiG_18"	"Cbx1"	0.00430433746169176	"HiG"	0.0436437422215207	0.986	133.5	73	10.8033887707628	0	0.0566019400073389	55	0.000147018025993088	55	29	74
"HiG_18"	"Ccnd1"	0.00391507797867556	"HiG"	0.0236580239463526	0.982	97	81	7.25271209570108	0	0.0381649020248848	71	9.91296156490515e-05	71	54	74
"HiG_18"	"Ccnd2"	0.00280478537395783	"HiG"	0.0068475213546961	0.979	52.5	102	8	0	0.0348885688683355	74	9.0619659398274e-05	74	48.5	74
"HiG_18"	"Ccnd3"	0.00546896363138745	"HiG"	5.73633397720235e-17	0.976	13	57.5	1	0	0.00562950266030304	134.5	1.46220848319559e-05	135	140	74
"HiG_18"	"Cct4"	0.00600272091522804	"HiG"	0.013236959644219	0.983	111.5	42	7.54573640276961	0	0.0982754320834704	33	0.000255260862554468	33	52	74
"HiG_18"	"Cct8"	0.00646923136619345	"HiG"	0.0145874374647186	0.983	111.5	37	6.91302728961361	0	0.10454215499517	30	0.000271538064922519	30	59	74
"HiG_18"	"Cd81"	0.00546896363139163	"HiG"	8.94144156964187e-17	0.976	13	50.5	1	0	0.0089276228645078	126.5	2.31886308169034e-05	126	140	74
"HiG_18"	"Cfl2"	0.00233666210113212	"HiG"	0.0108163060020453	0.983	111.5	111	5.05584040115101	0	0.0293590419419108	87	7.62572517971709e-05	87	82	74
"HiG_18"	"Cnn2"	0.00138298970916014	"HiG"	0.000366221315371426	0.98	70	136	2	0	0.0075446143041642	131	1.95964007900369e-05	131	123.5	74
"HiG_18"	"Cnn3"	0.00400543759432668	"HiG"	0.0127248134197316	0.983	111.5	79	17.6948156250179	0	0.0456532129418954	62	0.000118579773875053	62	8	74
"HiG_18"	"Col1a2"	0.00770438375650723	"HiG"	8.30705690845216e-16	0.976	13	31	1.17705353028924	0	0.0908593672597927	38	0.000235998356518942	38	132	74
"HiG_18"	"Col4a2"	0.00472833161641733	"HiG"	3.81317204906012e-16	0.977	25	70	1.39956461767938	0	0.0402612519262181	68	0.000104574680327839	68	130	74
"HiG_18"	"Creb3l1"	0.00546896363139163	"HiG"	1.96437554519123e-16	0.976	13	50.5	1	0	0.0199883390022952	99.5	5.19177636423252e-05	99	140	74
"HiG_18"	"Creld2"	0.00490205430772537	"HiG"	0.268506356198653	0.985	128	68	12.5954129223247	0	0.102062708769724	32	0.000265097944856427	32	19	74
"HiG_18"	"Cryab"	0.00284766850671216	"HiG"	0.00209827102031499	0.981	84.5	100	2	0	0.0232502679922446	95	6.03903064733625e-05	95	123.5	74
"HiG_18"	"Cst3"	0.00242154173901287	"HiG"	0.017943118114572	0.977	25	110	8.57506404925753	0	0.0235905140747401	94	6.12740625317924e-05	94	45	74
"HiG_18"	"Cstb"	0.00432521757922715	"HiG"	0.000401352191139553	0.979	52.5	72	2.51070284957228	0	0.0306078990695009	80	7.9501036544158e-05	80	115	74
"HiG_18"	"Ctnna1"	0.00546896363139163	"HiG"	1.36969550943922e-16	0.975	1.5	50.5	1	0	0.0138176624945026	113.5	3.58900324532535e-05	113	140	74
"HiG_18"	"Ctsl"	0.00546896363138745	"HiG"	1.39697342094479e-16	0.975	1.5	57.5	1	0	0.0138176624945026	113.5	3.58900324532535e-05	114	140	74
"HiG_18"	"Ddx39b"	0.00191439703209807	"HiG"	0.00319292053121532	0.982	97	121	5	0	0.0223176778894812	96	5.7967994518133e-05	96	84	74
"HiG_18"	"Ddx5"	0.0067299771411508	"HiG"	0.218885851140573	0.988	143	35	11.7334145831989	0	0.133317091718544	23	0.000346278160307906	23	23	74
"HiG_18"	"Dnaja1"	0.0040597600149704	"HiG"	0.0877424117891623	0.985	128	77	15.0239448553315	0	0.0694867307084215	45	0.000180485014827069	45	10	74
"HiG_18"	"Dnajb11"	0.00627098317697119	"HiG"	0.321595165706066	0.983	111.5	38	10.6046677497451	0	0.13447290886386	22	0.000349280282763273	22	32	74
"HiG_18"	"Dnajc3"	0.00206404897958841	"HiG"	0.0526577474112158	0.983	111.5	118	14.4477209360462	0	0.0285923600608953	88	7.42658702880398e-05	88	11	74
"HiG_18"	"Dstn"	0.0033595853532957	"HiG"	0.0195109806743915	0.983	111.5	87	6.39895815763579	0	0.0485048136577016	60	0.000125986528981043	60	63	74
"HiG_18"	"Dynll1"	0.00417252142415229	"HiG"	0.164633398544651	0.98	70	74	14.1156519318869	0	0.0621836591990304	50	0.00016151599791956	50	12	74
"HiG_18"	"Ebna1bp2"	0.0073370256576513	"HiG"	2.90787997399045e-16	0.976	13	33	2	0	0.0294087330350548	86	7.6386319571571e-05	86	123.5	74
"HiG_18"	"Efhd2"	0.00317071294357608	"HiG"	0.000332503626916124	0.978	35	91	3	0	0.00965191748326473	123	2.50699155409473e-05	123	108.5	74
"HiG_18"	"Eif4a1"	0.005638704930623	"HiG"	0.00937517903395901	0.981	84.5	46	4.20543010629429	0	0.0883720347065211	39	0.00022953775248447	39	90	74
"HiG_18"	"Eif4a3"	0.00917897661891618	"HiG"	0.0375045494005795	0.982	97	22	3.57838992174228	0	0.159156374134574	17	0.000413393179570321	17	101	74
"HiG_18"	"Eno1"	0.000965047882751675	"HiG"	0.000499314054981006	0.978	35	144	8	0	0.00254403774618178	140	6.6078902498228e-06	140	48.5	74
"HiG_18"	"Erp29"	0.00146402362459932	"HiG"	0.0612344184718664	0.98	70	135	20	0	0.0160524174577945	108	4.16945907994662e-05	108	4.5	74
"HiG_18"	"Ezr"	0.00650699971400617	"HiG"	0.00441890068164488	0.978	35	36	3.48448579093096	0	0.0631112735563071	49	0.000163925385860538	49	102	74
"HiG_18"	"Fam92a"	0.00769732280763025	"HiG"	0.0824603818902916	0.983	111.5	32	9.10407519477047	0	0.128463785471875	25	0.000333672170056819	25	41	74
"HiG_18"	"Fermt2"	0.00276641069046569	"HiG"	0.000748700282758924	0.98	70	103	4.11679042956906	0	0.0200127776160886	98	5.19812405612692e-05	98	91	74
"HiG_18"	"Fhl1"	0.00169784578213676	"HiG"	6.33553992305079e-05	0.979	52.5	127	4	0	0.00779608001629829	129	2.02495584838917e-05	129	96	74
"HiG_18"	"Flna"	0.00623940148775163	"HiG"	0.0105695691642525	0.984	122.5	39	6.96800888622846	0	0.0853208391026686	41	0.000221612569097841	41	58	74
"HiG_18"	"Gabarap"	0.00153634505278611	"HiG"	0.0388261596520111	0.98	70	132	11	0	0.0172712363638298	106	4.48603541917656e-05	106	25.5	74
"HiG_18"	"Gnai2"	0.00456489230987756	"HiG"	0.000903614421859677	0.98	70	71	2.57898492254116	0	0.0555940170813978	56	0.000144400044367267	56	114	74
"HiG_18"	"Gpc3"	0.00546896363138745	"HiG"	9.03731873667305e-17	0.976	13	57.5	1	0	0.0089276228645078	126.5	2.31886308169034e-05	127	140	74
"HiG_18"	"Hadh"	0.00210366632341993	"HiG"	0.000377350115708893	0.978	35	117	6	0	0.0179066724577702	103	4.65108375526499e-05	103	68.5	74
"HiG_18"	"Hmgb1"	0.00262029947983228	"HiG"	0.0688999551418526	0.983	111.5	107	12.6251624458149	0	0.0403427133160847	67	0.000104786268353467	67	17	74
"HiG_18"	"Hsp90b1"	0.0122921468013174	"HiG"	0.632701185557742	0.985	128	11	12.6090504329877	0	0.262165390525273	7	0.00068094906629941	7	18	74
"HiG_18"	"Hspa5"	0.0301853805084224	"HiG"	1	0.987	139.5	1	7.44248037072057	0	0.639862460278004	1	0.0016619804163065	1	53	74
"HiG_18"	"Hspa8"	0.0270003635214389	"HiG"	0.412554139264668	0.991	146	2	6.29817235534548	0	0.50769466175656	2	0.00131868743313392	2	65	74
"HiG_18"	"Htra2"	0.00392589504914742	"HiG"	0.000440413658773567	0.98	70	80	4.03205761235635	0	0.0335789996141994	78	8.72181808161024e-05	78	92	74
"HiG_18"	"Idh2"	0.00494288589652208	"HiG"	0.00129788172641753	0.979	52.5	67	5.24969582180804	0	0.0581635600388127	54	0.000151074181918994	54	80	74
"HiG_18"	"Igfbp2"	0.00250683692827988	"HiG"	0.00202255845543069	0.982	97	108	6	0	0.0255369993837306	91	6.63298685291703e-05	91	68.5	74
"HiG_18"	"Ilf2"	0.00732672715755967	"HiG"	0.0579695487883189	0.987	139.5	34	6.99975639677023	0	0.1357998557888	21	0.000352726898152727	21	57	74
"HiG_18"	"Ilk"	0.00883339438181176	"HiG"	1.00825649280814e-16	0.976	13	23	1.38473409461371	0	0.00996697759001118	122	2.58882534805485e-05	122	131	74
"HiG_18"	"Itgb1"	0.00932092907788873	"HiG"	0.0207623287777557	0.987	139.5	21	5.21240908118788	0	0.119967500636886	26	0.000311603897758145	26	81	74
"HiG_18"	"Krt18"	0.00546896363138745	"HiG"	7.97543613986079e-16	0.976	13	57.5	1	0	0.0927076826493635	35.5	0.000240799175712633	36	140	74
"HiG_18"	"Krt8"	0.00546896363139163	"HiG"	7.86820786801384e-16	0.976	13	50.5	1	0	0.0927076826493635	35.5	0.000240799175712633	35	140	74
"HiG_18"	"Lgals1"	0.00296008061527968	"HiG"	0.000887688371572922	0.981	84.5	97	4	0	0.0299794452699538	84	7.7868689012867e-05	84	96	74
"HiG_18"	"Lrpap1"	0.00112268500677386	"HiG"	0.00600241139416933	0.979	52.5	142	10	0	0.00623946258097486	132	1.62063963142204e-05	132	37.5	74
"HiG_18"	"Lrrc59"	0.00108813453124288	"HiG"	1.20004622235196e-17	0.976	13	143	2	0	0.0012084931097368	144	3.13894314217351e-06	144	123.5	74
"HiG_18"	"Lum"	0.00620959564636008	"HiG"	6.63634974249838e-16	0.976	13	40	2	0	0.0747723955266	43	0.000194214014354805	43	123.5	74
"HiG_18"	"Mapk3"	0.00531391186022903	"HiG"	0.00054197364817714	0.981	84.5	64	3.1385951211436	0	0.0587398609960549	53	0.00015257106752222	53	105	74
"HiG_18"	"Marcksl1"	0.00148508879482956	"HiG"	0.00420578371800332	0.983	111.5	134	21	0	0.0126060307897718	117	3.27429371162904e-05	117	2	74
"HiG_18"	"Mat2a"	0.000935934352730394	"HiG"	0.000562492897204093	0.979	52.5	146	2	0	0.00155249170245479	141	4.03244598040206e-06	141	123.5	74
"HiG_18"	"Mtap"	0.00507242780488455	"HiG"	0.00903082931694574	0.978	35	66	3.23987033378337	0	0.0177056739023434	104	4.59887633827101e-05	104	104	74
"HiG_18"	"Myh10"	0.00579639894688912	"HiG"	0.01147116448282	0.985	128	44	10.7611056898151	0	0.0665521436477234	48	0.000172862710773307	48	30	74
"HiG_18"	"Myl12a"	0.00182491978071344	"HiG"	0.00059378603803374	0.983	111.5	122	5	0	0.0135696086329747	115	3.52457367090253e-05	115	84	74
"HiG_18"	"Myl12b"	0.00516596746330995	"HiG"	0.00445694049491778	0.98	70	65	4.75670782559695	0	0.0494205528835034	58	0.000128365072424684	58	87	74
"HiG_18"	"Myl6"	0.00323994603865488	"HiG"	0.000462991309885878	0.979	52.5	89	3	0	0.0272320823310984	89	7.07326813794765e-05	89	108.5	74
"HiG_18"	"Myl9"	0.00126826948238115	"HiG"	0.000128561574314211	0.979	52.5	138	4	0	0.00529810811659679	136	1.37613197833683e-05	136	96	74
"HiG_18"	"Ncl"	0.0121963100894898	"HiG"	0.130388024815305	0.99	145	13	10.0545661410494	0	0.223903740270381	12	0.000581568156546444	12	35	74
"HiG_18"	"Ndn"	0.00803802929080634	"HiG"	0.00636114379586783	0.98	70	28	4.56516440528024	0	0.0808135313504325	42	0.00020990527623489	42	89	74
"HiG_18"	"Npc2"	0.00292453634040537	"HiG"	2.6820863077481e-05	0.978	35	99	3	0	0.0175182999605756	105	4.55020778196769e-05	105	108.5	74
"HiG_18"	"Oat"	0.00125368988728172	"HiG"	0.00758730023240741	0.978	35	139	10	0	0.00794797637981449	128	2.06440944930246e-05	128	37.5	74
"HiG_18"	"P4hb"	0.0122047613165528	"HiG"	0.340956220423816	0.987	139.5	12	9.7803684609697	0	0.228412563940067	11	0.000593279386857316	11	39	74
"HiG_18"	"Pabpc1"	0.0101413567062067	"HiG"	0.185443500463342	0.993	147	17	12.7072827262188	0	0.192259410970263	14	0.000499375093429255	14	16	74
"HiG_18"	"Pacsin2"	0.00305064228682604	"HiG"	0.00733058699556501	0.985	128	95	9	0	0.0421328783473952	64	0.000109436047655572	64	44	74
"HiG_18"	"Parva"	0.00549792928490364	"HiG"	5.54730381110219e-17	0.976	13	47	1.72520384874532	0	0.0052876665033733	137	1.37341987100605e-05	137	129	74
"HiG_18"	"Pdia3"	0.0130532971054849	"HiG"	0.476845087671947	0.987	139.5	10	10.7471196436492	0	0.251428338023375	8	0.000653060618242532	8	31	74
"HiG_18"	"Pdia4"	0.00814908197666621	"HiG"	0.25218742134208	0.987	139.5	26	10.0891455318968	0	0.142948145142349	20	0.000371293883486622	20	34	74
"HiG_18"	"Pdia6"	0.0193913187157905	"HiG"	0.773580993126542	0.986	133.5	4	10.8861552881917	0	0.396096615232626	3	0.0010288223772276	3	27	74
"HiG_18"	"Pdlim1"	0.00231070657954391	"HiG"	0.00037450029940188	0.98	70	112	5	0	0.0193899138829816	101	5.03634126830691e-05	101	84	74
"HiG_18"	"Pea15a"	0.00222445272528289	"HiG"	2.70051228191331e-05	0.982	97	114	2.28213876384584	0	0.0150923026272604	110	3.92007860448321e-05	110	118	74
"HiG_18"	"Peg3"	0.00170079289009102	"HiG"	0.00413062877265977	0.978	35	126	13	0	0.0126096679208503	116	3.27523842100008e-05	116	14	74
"HiG_18"	"Pfn1"	0.00373445120237297	"HiG"	0.0671865831841212	0.986	133.5	83	18.5039558956404	0	0.0606661618121624	52	0.000157574446265357	52	6	74
"HiG_18"	"Pgrmc1"	0.00546896363138745	"HiG"	1.97973402169633e-16	0.976	13	57.5	1	0	0.0199883390022952	99.5	5.19177636423252e-05	100	140	74
"HiG_18"	"Phgdh"	0.000852192549478392	"HiG"	0.000149415108256072	0.978	35	147	13	0	0.000456123026580717	147	1.18473513397589e-06	147	14	74
"HiG_18"	"Pkm"	0.00149943835132808	"HiG"	0.0194471208383973	0.983	111.5	133	12	0	0.0149520775975831	111	3.88365651885276e-05	111	20	74
"HiG_18"	"Ppid"	0.00313516202851132	"HiG"	0.0419313463085278	0.984	122.5	93	11.3423472376615	0	0.0473819769515082	61	0.000123070070003918	61	24	74
"HiG_18"	"Ppp1cb"	0.00546896363139163	"HiG"	5.59295295227812e-17	0.976	13	50.5	1	0	0.00562950266030304	134.5	1.46220848319559e-05	134	140	74
"HiG_18"	"Ppp1r14a"	0.00224063208558235	"HiG"	0.00307694140232978	0.978	35	113	7	0	0.0217543783892818	97	5.65048789331994e-05	97	55.5	74
"HiG_18"	"Prdx1"	0.00195776239555955	"HiG"	0.00575676316514154	0.981	84.5	119	6	0	0.0165715008155298	107	4.30428592611164e-05	107	68.5	74
"HiG_18"	"Prdx3"	0.0016300837530424	"HiG"	0.000238097092270265	0.979	52.5	128	6	0	0.0112985963616882	119	2.93470035368525e-05	119	71	74
"HiG_18"	"Prdx4"	0.00539196216127697	"HiG"	0.0910670708673334	0.981	84.5	63	6.58365488737059	0	0.0667740263556124	47	0.000173439029495097	47	62	74
"HiG_18"	"Prnp"	0.00818521669159483	"HiG"	0.0370780934709887	0.979	52.5	25	5.99799248430241	0	0.106566206902103	29	0.000276795342602865	29	72	74
"HiG_18"	"Ptma"	0.00386083624115838	"HiG"	0.00722147934143293	0.979	52.5	82	6.59463032481838	0	0.0489870597251673	59	0.000127239116169266	59	61	74
"HiG_18"	"Rap1b"	0.00179238886084556	"HiG"	0.092472429642657	0.98	70	124	20	0	0.0242413675348686	92	6.29645909996588e-05	92	4.5	74
"HiG_18"	"Rbbp7"	0.00607889428289939	"HiG"	0.332201540707251	0.986	133.5	41	17.955631814585	0	0.110399324065667	28	0.000286751491079654	28	7	74
"HiG_18"	"Rcn2"	0.00267760915739835	"HiG"	0.0115250558304394	0.979	52.5	106	10	0	0.0346185037707527	76	8.99181916123447e-05	76	36	74
"HiG_18"	"Rps26"	0.00284014547972024	"HiG"	0.0127791190139152	0.983	111.5	101	21	0	0.038302960531706	70	9.94882091732623e-05	70	2	74
"HiG_18"	"Rrbp1"	0.00329000459227437	"HiG"	0.0341199069914478	0.984	122.5	88	8.54530621203331	0	0.0418144816493824	65	0.000108609043245149	65	47	74
"HiG_18"	"Rtn4"	0.00337580606954992	"HiG"	0.000733458062063508	0.979	52.5	85	4	0	0.0302262953182624	82	7.85098579695128e-05	82	96	74
"HiG_18"	"S100a10"	0.00813336851074771	"HiG"	0.00776214561855088	0.981	84.5	27	5.61871921356349	0	0.096861850187786	34	0.000251589221266977	34	75	74
"HiG_18"	"S100a11"	0.00117351615436813	"HiG"	4.1713210940839e-05	0.98	70	141	6	0	0.00487797434357449	138	1.26700632300636e-05	138	68.5	74
"HiG_18"	"Sdf2l1"	0.0133579168464369	"HiG"	0.590170870024539	0.984	122.5	8	10.8694264424547	0	0.282242119195101	6	0.00073309641349377	6	28	74
"HiG_18"	"Sept7"	0.00546896363138745	"HiG"	9.63420660272156e-18	0.976	13	57.5	1	0	0.000948995701724932	145.5	2.46492390058424e-06	146	140	74
"HiG_18"	"Sept9"	0.00546896363139163	"HiG"	1.03358354033116e-17	0.976	13	50.5	1	0	0.000948995701724932	145.5	2.46492390058424e-06	145	140	74
"HiG_18"	"Serpinh1"	0.00323354350627451	"HiG"	2.35779248979838e-16	0.977	25	90	2	0	0.0241742801930254	93	6.27903381637023e-05	93	123.5	74
"HiG_18"	"Set"	0.0131546938840505	"HiG"	0.051451150197657	0.982	97	9	7.85059901377348	0	0.196582418199739	13	0.000510603683635687	13	51	74
"HiG_18"	"Slc25a4"	0.00566213448410192	"HiG"	0.00639157558758457	0.978	35	45	5.88950995154532	0	0.0691848402983212	46	0.000179700883891743	46	73	74
"HiG_18"	"Slc2a1"	0.00271189515027206	"HiG"	0.102572058222269	0.982	97	104	11	0	0.0456276458387652	63	0.000118513365814974	63	25.5	74
"HiG_18"	"Slc9a3r1"	0.00346663592484849	"HiG"	0.000508995902081391	0.978	35	84	3	0	0.0301956854685161	83	7.84303518662755e-05	83	108.5	74
"HiG_18"	"Ssb"	0.00594145834110357	"HiG"	0.0203132898569444	0.982	97	43	9.05092480238447	0	0.0856849141978233	40	0.000222558218695645	40	42	74
"HiG_18"	"Tagln"	0.00210453288096751	"HiG"	1.50717753945702e-17	0.976	13	116	2	0	0.00145303040424525	142	3.77410494609157e-06	142	123.5	74
"HiG_18"	"Tagln2"	0.00129901597085236	"HiG"	0.00302851583895339	0.981	84.5	137	21	0	0.00907739590833798	125	2.35776517099688e-05	125	2	74
"HiG_18"	"Tbcb"	0.00337073039258426	"HiG"	0.0150010219117125	0.978	35	86	5.84930497523466	0	0.0399904232567294	69	0.000103871229238258	69	74	74
"HiG_18"	"Tbrg1"	0.00160448778829032	"HiG"	0.000225061570375815	0.979	52.5	129	4	0	0.00927493723612824	124	2.40907460678656e-05	124	96	74
"HiG_18"	"Tln1"	0.00414865378985211	"HiG"	0.00512161698009615	0.982	97	75	5.53588552229685	0	0.0346195379639258	75	8.99208778283786e-05	75	76	74
"HiG_18"	"Tmsb4x"	0.00543999797787796	"HiG"	6.082976317064e-17	0.976	13	62	2	0	0.00613234149088313	133	1.59281597165796e-05	133	123.5	74
"HiG_18"	"Tnnt2"	0.00270994953269195	"HiG"	0.00030733399048071	0.98	70	105	2.99997922905765	0	0.0354168875449274	73	9.199191570111e-05	73	113	74
"HiG_18"	"Top1"	0.00798173070527235	"HiG"	3.01806866179848e-16	0.976	13	29	1	0	0.0306172261447916	79	7.95252627137445e-05	79	140	74
"HiG_18"	"Tpm1"	0.0106044172628818	"HiG"	0.0022748456412138	0.98	70	16	2.42265437714761	0	0.168945117106662	16	0.000438818485991329	16	116	74
"HiG_18"	"Tpm4"	0.00868726496159104	"HiG"	0.00773007282991189	0.981	84.5	24	6.67390825073126	0	0.13294564804967	24	0.000345313371557584	24	60	74
"HiG_18"	"Tuba1a"	0.0145959342758856	"HiG"	0.045610251851057	0.989	144	7	5.48741611347066	0	0.234373825906293	10	0.000608763184172189	10	77	74
"HiG_18"	"Tubb4b"	0.00299751328179755	"HiG"	0.00834058523426792	0.984	122.5	96	9.0257590834148	0	0.0413423611390062	66	0.000107382756205211	66	43	74
"HiG_18"	"Txndc5"	0.00243591532100257	"HiG"	0.00997502627744602	0.983	111.5	109	4.61619936030319	0	0.025573609224205	90	6.6424959023909e-05	90	88	74
"HiG_18"	"Ubc"	0.0117821310174246	"HiG"	0.0858731440783664	0.981	84.5	14	5.43174413065486	0	0.143430839824799	19	0.00037254763590857	19	78	74
"HiG_18"	"Ube2r2"	0.0031611747437896	"HiG"	0.00812420502807869	0.978	35	92	4.91045920447648	0	0.0297815037754132	85	7.73545552608134e-05	85	86	74
"HiG_18"	"Ugdh"	0.00295520014794555	"HiG"	0.0949800956829169	0.982	97	98	10.5398348584685	0	0.0337377076692073	77	8.76304095304085e-05	77	33	74
"HiG_18"	"Vim"	0.00936840290741321	"HiG"	0.00506315399550075	0.982	97	20	2.41201141585894	0	0.103602106835525	31	0.000269096381390973	31	117	74
"HiG_18"	"Wdr1"	0.00117830980107226	"HiG"	0.00969215987398891	0.979	52.5	140	3	0	0.00764827992454547	130	1.98656621416765e-05	130	108.5	74
"HiG_18"	"Ywhae"	0.0156378773942855	"HiG"	0.0508957267946644	0.982	97	6	6.39857823954785	0	0.248663438082341	9	0.000645879059954133	9	64	74
"HiG_18"	"Ywhaq"	0.00482325822763098	"HiG"	0.0144082090766771	0.983	111.5	69	11.9992279549349	0	0.0724662470612272	44	0.00018822401834085	44	21	74
"HiG_19"	"Acta2"	0.00634748373408316	"HiG"	0.0496295332782644	0.994	108.5	45	2.88471934574523	0	0.0670843725116984	37	0.000155648196082827	37	59	65.5
"HiG_19"	"Actg1"	0.007488544245186	"HiG"	0.126138841968421	0.994	108.5	30	2.9236450690679	0	0.0957707983012877	20	0.000222206028541271	20	58	65.5
"HiG_19"	"Ahnak"	0.00377549216706203	"HiG"	0.0825903942627969	0.991	23.5	99	4.61944585224425	0	0.0401510327909741	59	9.31578487029562e-05	59	14	65.5
"HiG_19"	"Akt1"	0.00552169852928665	"HiG"	0.00216602208444365	0.991	23.5	77	1.40744059950607	0	0.0351559404156218	66	8.15683072288208e-05	66	101	65.5
"HiG_19"	"Anxa2"	0.00677612404833884	"HiG"	0.0819894569416228	0.993	94.5	40	3.39342717966809	0	0.0707448925135866	34	0.000164141281934076	34	35	65.5
"HiG_19"	"Apbb1"	0.00102409807344839	"HiG"	0.00106192976855655	0.991	23.5	129	5	0	0.00211215373947526	126	4.90058872268042e-06	126	7	65.5
"HiG_19"	"Apoe"	0.00717331874871078	"HiG"	0.0744922308974563	0.991	23.5	33	4.42084838548419	0	0.0816711543683268	25	0.000189492237513519	25	16	65.5
"HiG_19"	"Arpc2"	0.00570450656017767	"HiG"	1.34008579241036e-16	0.991	23.5	57	1	0	0.0105602114513737	106.5	2.45016506992429e-05	106	117	65.5
"HiG_19"	"Arpc5"	0.00570450656017331	"HiG"	1.32261296643945e-16	0.992	68	68	1	0	0.0105602114513737	106.5	2.45016506992429e-05	107	117	65.5
"HiG_19"	"Asap1"	0.0121288764869549	"HiG"	0.542961128458472	0.994	108.5	2	2.73178132005981	0	0.140707982143398	5	0.000326468636063567	5	62	65.5
"HiG_19"	"Auts2"	0.00570450656017331	"HiG"	1.88025858533889e-16	0.992	68	68	1	0	0.013582212899536	104.5	3.15132549873224e-05	105	117	65.5
"HiG_19"	"Basp1"	0.00461917620719943	"HiG"	0.0122375804914784	0.993	94.5	87	2.73836795186507	0	0.0456008527211565	55	0.000105802442508484	55	61	65.5
"HiG_19"	"Capn2"	0.00117731022890608	"HiG"	0.000874839676582166	0.994	108.5	125	5	0	0.00263923946925594	123	6.12352545070984e-06	123	7	65.5
"HiG_19"	"Ccnd1"	0.00570450656017767	"HiG"	1.25843410982596e-15	0.991	23.5	57	1	0	0.06861125783103	35.5	0.000159190853436265	35	117	65.5
"HiG_19"	"Ccnd2"	0.00150640421768521	"HiG"	0.0174396528838837	0.991	23.5	122	3	0	0.00910061156292242	111	2.11151080346228e-05	111	49	65.5
"HiG_19"	"Cd81"	0.00570450656017767	"HiG"	1.00585605283939e-17	0.992	68	57	1	0	0.00106919833806941	128.5	2.48073860340931e-06	128	117	65.5
"HiG_19"	"Cfl2"	0.00466005381349118	"HiG"	0.0396745777615269	0.994	108.5	84	3.09521349753776	0	0.0556144763134751	47	0.000129035907919896	47	40	65.5
"HiG_19"	"Chchd4"	0.00570450656017767	"HiG"	7.24661421790248e-17	0.991	23.5	57	1	0	0.00626006231258193	118.5	1.45245065257121e-05	118	117	65.5
"HiG_19"	"Cnn2"	0.00570450656017331	"HiG"	1.0334913418128e-16	0.992	68	68	1	0	0.00855369561197368	114.5	1.98461615127e-05	115	117	65.5
"HiG_19"	"Cnn3"	0.00570450656017767	"HiG"	9.85447391399512e-17	0.992	68	57	1	0	0.00855369561197368	114.5	1.98461615127e-05	114	117	65.5
"HiG_19"	"Col1a2"	0.00585602453425092	"HiG"	3.61268193447767e-16	0.992	68	50	2	0	0.0214459670316175	87	4.97586242032889e-05	87	86	65.5
"HiG_19"	"Col4a2"	0.00832549606079475	"HiG"	4.07862596755433e-16	0.992	68	24	1	0	0.0303510976107298	73	7.04201800712989e-05	73	117	65.5
"HiG_19"	"Cox17"	0.00570450656017331	"HiG"	7.26159514341068e-17	0.992	68	68	1	0	0.00626006231258193	118.5	1.45245065257121e-05	119	117	65.5
"HiG_19"	"Creb3l1"	0.00570450656017767	"HiG"	4.14834954954261e-16	0.992	68	57	1	0	0.0279935399103595	78.5	6.49502086087228e-05	78	117	65.5
"HiG_19"	"Creld2"	0.00259305500049961	"HiG"	0.00263561932801939	0.991	23.5	112	3	0	0.0178005445054524	96	4.13005672980335e-05	96	49	65.5
"HiG_19"	"Cryab"	0.00570450656017331	"HiG"	1.24978582694148e-15	0.992	68	68	1	0	0.06861125783103	35.5	0.000159190853436265	36	117	65.5
"HiG_19"	"Cst3"	0.00221903092089787	"HiG"	0.000551877658786959	0.991	23.5	116	3	0	0.00968291418018806	110	2.24661581906915e-05	110	49	65.5
"HiG_19"	"Cstb"	0.00692238385203425	"HiG"	0.00702971679935664	0.991	23.5	36	1.97396399580777	0	0.0417899403204396	57	9.696041837689e-05	57	95	65.5
"HiG_19"	"Ctnna1"	0.00306527975004384	"HiG"	0.00567988008740391	0.995	122.5	106	2	0	0.0240190773448998	83	5.57287177375865e-05	83	86	65.5
"HiG_19"	"Dag1"	0.00107319672557903	"HiG"	0.000591652718011683	0.993	94.5	126	5	0	0.00178491356447107	127	4.14133077603496e-06	127	7	65.5
"HiG_19"	"Dek"	0.00570450656017767	"HiG"	4.91451335767243e-16	0.992	68	57	1	0	0.0320688375058386	69.5	7.44056554659829e-05	69	117	65.5
"HiG_19"	"Dsp"	0.00393854747267123	"HiG"	0.218791062648457	0.994	108.5	97	3.97102118124886	0	0.0550711344456725	48	0.000127775253934275	48	24	65.5
"HiG_19"	"Dstn"	0.00483874323752918	"HiG"	0.0418086412650304	0.994	108.5	81	3.13432017366506	0	0.0581268339392594	41	0.000134865043942597	41	39	65.5
"HiG_19"	"Dynll1"	0.00770218131379765	"HiG"	0.00436108681864441	0.992	68	28	1.51911225586855	0	0.0770337261313135	31	0.000178732543228106	31	99	65.5
"HiG_19"	"Dynll2"	0.00400397789137605	"HiG"	0.00130983999694408	0.992	68	95	2	0	0.0370445747813272	64	8.59502895158404e-05	64	86	65.5
"HiG_19"	"Ezr"	0.00832549606079783	"HiG"	7.85700546241732e-16	0.992	68	21.5	1	0	0.0556370688274234	46	0.000129088326745762	46	117	65.5
"HiG_19"	"Fam195b"	0.00104020872906088	"HiG"	0.00872439932325059	0.991	23.5	128	4	0	0.00239529070334422	125	5.55751903328126e-06	125	21.5	65.5
"HiG_19"	"Fam92a"	0.0107773327811705	"HiG"	0.49965939033901	0.994	108.5	7	3.1801750942053	0	0.147547891979371	4	0.000342338496471858	4	38	65.5
"HiG_19"	"Fermt2"	0.00824792982448882	"HiG"	0.338733222430201	0.994	108.5	26	3.83775862956203	0	0.099285324103341	19	0.000230360380750211	19	25	65.5
"HiG_19"	"Fhl1"	0.0015467499640021	"HiG"	0.00956544856006223	0.995	122.5	121	4.56619940138033	0	0.0069362545555568	117	1.6093398040735e-05	117	15	65.5
"HiG_19"	"Flna"	0.00769005684635815	"HiG"	0.127965807449729	0.994	108.5	29	3.6510937904735	0	0.0855907922407095	24	0.00019858652492044	24	30	65.5
"HiG_19"	"Gabarap"	0.00570450656017331	"HiG"	2.2875901670272e-16	0.992	68	68	1	0	0.0164883536889478	100.5	3.82560410416423e-05	101	117	65.5
"HiG_19"	"Gnai2"	0.0071306992792996	"HiG"	0.0146189737278621	0.991	23.5	34	3.76298363065311	0	0.0930696370749827	22	0.00021593883312061	22	26	65.5
"HiG_19"	"Gnas"	0.00656272504483598	"HiG"	0.00106551588405671	0.991	23.5	42	3	0	0.0500442688586938	51	0.000116111992711587	51	49	65.5
"HiG_19"	"Gnb1"	0.0095949947282757	"HiG"	0.02438383802371	0.991	23.5	16	2.771279248551	0	0.120452269930909	8	0.000279471623969627	8	60	65.5
"HiG_19"	"Gng12"	0.00465613645508754	"HiG"	0.00298349991904827	0.991	23.5	85	2.55490823093693	0	0.0449241032854204	56	0.000104232258202832	56	66	65.5
"HiG_19"	"Gng2"	0.00412222960925131	"HiG"	0.00197331028353089	0.991	23.5	93	2.31244636165473	0	0.0384695635238931	63	8.92565278976637e-05	63	73	65.5
"HiG_19"	"H2afy"	0.00570450656017331	"HiG"	4.97977641076418e-16	0.992	68	68	1	0	0.0320688375058386	69.5	7.44056554659829e-05	70	117	65.5
"HiG_19"	"Hand1"	0.00403512477930286	"HiG"	2.84343223898514e-16	0.993	94.5	94	2	0	0.0174021952158771	97	4.03763230066753e-05	97	86	65.5
"HiG_19"	"Hand2"	0.00725883756907241	"HiG"	5.35710372980714e-16	0.993	94.5	32	1.96938650056503	0	0.0337705555485499	67	7.83539571892109e-05	67	97	65.5
"HiG_19"	"Hoxb6"	0.00600140886040536	"HiG"	3.6956819054713e-16	0.991	23.5	49	2	0	0.0218395621745614	85	5.06718379920218e-05	85	86	65.5
"HiG_19"	"Hras"	0.00390444042156637	"HiG"	3.26131017904872e-16	0.993	94.5	98	3	0	0.0167837696136662	99	3.89414608205712e-05	99	49	65.5
"HiG_19"	"Hspe1"	0.00553949086279516	"HiG"	4.47424710618422e-16	0.992	68	74	2	0	0.0278954632759851	80	6.47226526124944e-05	80	86	65.5
"HiG_19"	"Htra2"	0.00483372254030253	"HiG"	0.000790275305642966	0.991	23.5	82	2.38419618829387	0	0.0611591803752445	40	0.000141900650522609	40	70	65.5
"HiG_19"	"Id3"	0.0033292521892667	"HiG"	2.63275899027964e-16	0.993	94.5	104	3	0	0.013617297761502	103	3.1594658379355e-05	103	49	65.5
"HiG_19"	"Ifitm2"	0.00570450656017331	"HiG"	1.06628103524374e-17	0.992	68	68	1	0	0.00106919833806941	128.5	2.48073860340931e-06	129	117	65.5
"HiG_19"	"Igfbp2"	0.00167189808164664	"HiG"	0.00655235375603466	0.995	122.5	118	6	0	0.00896136946806651	112	2.07920405291566e-05	112	1	65.5
"HiG_19"	"Ilk"	0.00880206493917262	"HiG"	6.60650592068909e-05	0.991	23.5	17	2.60885453307426	0	0.0785634346269932	27	0.000182281750874694	27	64	65.5
"HiG_19"	"Itgb1"	0.0100534934371767	"HiG"	0.0901828699721773	0.994	108.5	10	4.39564705921336	0	0.0938214108495339	21	0.000217683087817944	21	17	65.5
"HiG_19"	"Krt18"	0.00634860002549486	"HiG"	0.426494061954182	0.994	108.5	44	3	0	0.109383598487214	15	0.000253790251710473	15	49	65.5
"HiG_19"	"Krt8"	0.00974152332429671	"HiG"	0.480907866371595	0.995	122.5	15	2.32539222476555	0	0.164890036294961	2	0.000382575490243529	2	72	65.5
"HiG_19"	"Lamb1"	0.00239969039960945	"HiG"	0.0454866850554391	0.991	23.5	114	5	0	0.0184471928697736	93	4.28009115307971e-05	93	7	65.5
"HiG_19"	"Lgals1"	0.00464419320664766	"HiG"	0.00760707929101947	0.992	68	86	3	0	0.0471448339211159	53	0.000109384765478227	53	49	65.5
"HiG_19"	"Lrrc59"	0.00570450656017767	"HiG"	4.62728000015388e-16	0.992	68	57	1	0	0.0305907169446483	71.5	7.09761414028963e-05	71	117	65.5
"HiG_19"	"Lsp1"	0.00308893667210819	"HiG"	0.00911410568914284	0.991	23.5	105	3	0	0.019723772238099	91	4.5762812617399e-05	91	49	65.5
"HiG_19"	"Map1lc3a"	0.00570450656017767	"HiG"	2.33794691117272e-16	0.992	68	57	1	0	0.0164883536889478	100.5	3.82560410416423e-05	100	117	65.5
"HiG_19"	"Mapk3"	0.0049121600930401	"HiG"	0.00324498458039807	0.991	23.5	80	2.39661677383064	0	0.0627863501699175	39	0.000145675986473126	39	68	65.5
"HiG_19"	"Mapkapk2"	0.00524741909650552	"HiG"	0.0569934806231192	0.991	23.5	79	2.38512612593772	0	0.0393926533979006	60	9.13982677445489e-05	60	69	65.5
"HiG_19"	"Meis2"	0.00278661475932109	"HiG"	1.38753288663438e-16	0.991	23.5	110	2	0	0.00819530637352893	116	1.90146319571437e-05	116	86	65.5
"HiG_19"	"Mlec"	0.00570450656017331	"HiG"	4.65881523104201e-16	0.992	68	68	1	0	0.0305907169446483	71.5	7.09761414028963e-05	72	117	65.5
"HiG_19"	"Mpc2"	0.0043448801622079	"HiG"	3.61802695713293e-16	0.992	68	92	2	0	0.0202296954718374	90	4.69366484265369e-05	90	86	65.5
"HiG_19"	"Myh10"	0.00657075615606928	"HiG"	0.0433552079252869	0.995	122.5	41	3.68896260446707	0	0.0665242969467996	38	0.00015434871681392	38	29	65.5
"HiG_19"	"Myh9"	0.0104831988675728	"HiG"	0.23789169092622	0.997	130	8	3.53668954718299	0	0.137017581547651	6	0.000317906221688285	6	32	65.5
"HiG_19"	"Myl12a"	0.00336370076741582	"HiG"	0.0105006943032839	0.995	122.5	103	4	0	0.0298729313513345	75	6.93107455947435e-05	75	21.5	65.5
"HiG_19"	"Myl12b"	0.00829841071325479	"HiG"	0.11998260514078	0.996	128.5	25	4.75293080657466	0	0.110088067865875	12	0.000255424751428943	12	12	65.5
"HiG_19"	"Myl6"	0.00446436552160017	"HiG"	0.0568160294091551	0.996	128.5	89	3.19126738070468	0	0.0562894383047588	45	0.000130601945022642	45	37	65.5
"HiG_19"	"Myl9"	0.00106056046139117	"HiG"	0.00603589940639517	0.991	23.5	127	5	0	0.00244786799382316	124	5.67950810631824e-06	124	7	65.5
"HiG_19"	"Ndn"	0.0108134866522144	"HiG"	0.304127084155016	0.991	23.5	6	2.1156382507551	0	0.109815492055504	14	0.000254792324954766	14	76	65.5
"HiG_19"	"Npc2"	0.00394363988601557	"HiG"	0.00124998871721683	0.991	23.5	96	3	0	0.0219315518254856	84	5.08852710568111e-05	84	49	65.5
"HiG_19"	"P4hb"	0.00994898242076971	"HiG"	0.193220057988394	0.992	68	14	3.31653821629366	0	0.106170849623205	17	0.000246336078012076	17	36	65.5
"HiG_19"	"Pabpc1"	0.0100510297597243	"HiG"	0.449239986238541	0.991	23.5	11	5.07216015730841	0	0.110895588843631	11	0.000257298349985222	11	3	65.5
"HiG_19"	"Pacsin2"	0.00873192876323685	"HiG"	0.667392347636853	0.995	122.5	18	4.38088309093364	0	0.114799299213828	10	0.000266355682630692	10	18	65.5
"HiG_19"	"Parva"	0.0118898858152435	"HiG"	3.52560406157193e-05	0.991	23.5	3	2.11064397244997	0	0.108908780555018	16	0.000252688585974521	16	77	65.5
"HiG_19"	"Pbx1"	0.00832549606079783	"HiG"	4.10478470136006e-16	0.991	23.5	20	1	0	0.0300348685480903	74	6.96864699491654e-05	74	117	65.5
"HiG_19"	"Pcgf5"	0.00570450656017767	"HiG"	1.79452547878004e-16	0.992	68	57	1	0	0.013582212899536	104.5	3.15132549873224e-05	104	117	65.5
"HiG_19"	"Pdia6"	0.00605200666421196	"HiG"	0.0411559308177786	0.991	23.5	47	4.20132907931094	0	0.0574725881024261	42	0.000133347072163402	42	19	65.5
"HiG_19"	"Pdlim1"	0.00552562716929507	"HiG"	0.00242281921538683	0.991	23.5	76	4	0	0.0778953038531296	28	0.000180731563464338	28	21.5	65.5
"HiG_19"	"Pea15a"	0.00605546479213524	"HiG"	0.00106052282740588	0.991	23.5	46	2.36397732041677	0	0.0776868812570473	29	0.000180247984355098	29	71	65.5
"HiG_19"	"Pgrmc1"	0.00570450656017331	"HiG"	4.2468941479971e-16	0.992	68	68	1	0	0.0279935399103595	78.5	6.49502086087228e-05	79	117	65.5
"HiG_19"	"Ppp1r14a"	0.00131091027487948	"HiG"	0.00287032922338668	0.991	23.5	124	5	0	0.00570901841365837	120	1.32459823982793e-05	120	7	65.5
"HiG_19"	"Prnp"	0.0103211511623641	"HiG"	0.0620113759205409	0.991	23.5	9	2.97215096992309	0	0.110020481183851	13	0.000255267937781557	13	57	65.5
"HiG_19"	"Ptma"	0.00836006937868998	"HiG"	0.566674696829544	0.994	108.5	19	3	0	0.117923722886881	9	0.000273604925491602	9	41	65.5
"HiG_19"	"Ptpra"	0.00196608093195702	"HiG"	0.0156262867641795	0.992	68	117	3.74022874299306	0	0.00388614816365897	122	9.01658506649414e-06	122	27	65.5
"HiG_19"	"Ptprf"	0.00100038318996733	"HiG"	4.26328029520169e-05	0.992	68	130	2	0	0.0003365031977963	130	7.80749878877726e-07	130	86	65.5
"HiG_19"	"Rala"	0.00136903082408569	"HiG"	9.58442323534416e-05	0.991	23.5	123	3	0	0.00450153264181231	121	1.0444391280307e-05	121	49	65.5
"HiG_19"	"Ralbp1"	0.0100116891734104	"HiG"	0.00262607229810001	0.991	23.5	12	1.26904220560953	0	0.0746223679658427	32	0.000173137744700331	32	103	65.5
"HiG_19"	"Rbbp7"	0.00446425883819493	"HiG"	3.62295073465806e-16	0.992	68	90	2	0	0.0216583195972115	86	5.02513215712564e-05	86	86	65.5
"HiG_19"	"Rpl22l1"	0.00570450656017331	"HiG"	2.60494655533861e-16	0.992	68	68	1	0	0.0181060352917238	94.5	4.20093626258092e-05	95	117	65.5
"HiG_19"	"Rps26"	0.00570450656017767	"HiG"	2.61533453491777e-16	0.992	68	57	1	0	0.0181060352917238	94.5	4.20093626258092e-05	94	117	65.5
"HiG_19"	"Rrbp1"	0.00478089297426325	"HiG"	0.0255203624386813	0.991	23.5	83	3.55267299766098	0	0.0390575130159279	61	9.0620679851341e-05	61	31	65.5
"HiG_19"	"Rtn4"	0.00540297890854178	"HiG"	0.133963604155438	0.991	23.5	78	5	0	0.0543291391837724	49	0.000126053687201328	49	11	65.5
"HiG_19"	"S100a10"	0.00686862891804837	"HiG"	0.0199014597076429	0.993	94.5	37	2.19407526089213	0	0.0726530455034806	33	0.000168568551052159	33	75	65.5
"HiG_19"	"Sdf2l1"	0.00646859140775523	"HiG"	0.0182620906935965	0.991	23.5	43	1.97335937569464	0	0.0563335811743796	44	0.000130704364673734	44	96	65.5
"HiG_19"	"Serpinh1"	0.00293199908548139	"HiG"	1.49760298168139e-16	0.992	68	108	2	0	0.00890513057911232	113	2.066155586801e-05	113	86	65.5
"HiG_19"	"Set"	0.0067975478563825	"HiG"	0.236356939242197	0.994	108.5	39	1.88737664757864	0	0.0808057242770974	26	0.000187484279065191	26	98	65.5
"HiG_19"	"Slc25a4"	0.00832549606079783	"HiG"	5.42429884324264e-16	0.992	68	21.5	1	0	0.0410291015248515	58	9.51951311481473e-05	58	117	65.5
"HiG_19"	"Slc9a3r1"	0.00301405212396151	"HiG"	3.03969133835102e-16	0.992	68	107	2	0	0.0169692374839169	98	3.93717807051436e-05	98	86	65.5
"HiG_19"	"Sptbn1"	0.00552664883484144	"HiG"	0.029166475055736	0.995	122.5	75	2.58890952543352	0	0.0510649269720548	50	0.000118480108983886	50	65	65.5
"HiG_19"	"Tagln"	0.00258693764657727	"HiG"	5.33287540065148e-06	0.992	68	113	3	0	0.0186564495354326	92	4.32864258362704e-05	92	49	65.5
"HiG_19"	"Tbcb"	0.0110695250168	"HiG"	0.837787461833192	0.994	108.5	4	3.44098234393447	0	0.161592126024732	3	0.000374923726275479	3	33	65.5
"HiG_19"	"Tbrg1"	0.00358744085203266	"HiG"	0.0134556487210762	0.991	23.5	101	3.41668505710803	0	0.0253601679886455	82	5.88402969574142e-05	82	34	65.5
"HiG_19"	"Tcf4"	0.00999487784166649	"HiG"	6.45924783781306e-16	0.992	68	13	1.34997991497614	0	0.046769427707841	54	0.000108513753382462	54	102	65.5
"HiG_19"	"Timm13"	0.00832549606079667	"HiG"	1.24254006755557e-15	0.992	68	23	1	0	0.0772233730831929	30	0.000179172559357756	30	117	65.5
"HiG_19"	"Timm8a1"	0.00275343262150565	"HiG"	3.77667730449263e-16	0.992	68	111	2	0	0.0207090530761206	89	4.80488470443633e-05	89	86	65.5
"HiG_19"	"Timm8b"	0.00603459099822286	"HiG"	9.99465481758183e-16	0.992	68	48	2	0	0.0565143200070723	43	0.000131123712313393	43	86	65.5
"HiG_19"	"Tln1"	0.00684619449096294	"HiG"	0.0408837545949156	0.995	122.5	38	5.61848709542	0	0.0477512421398306	52	0.000110791745104015	52	2	65.5
"HiG_19"	"Tmsb4x"	0.0023189032992588	"HiG"	8.22999359474262e-06	0.991	23.5	115	3	0	0.0153648656602326	102	3.56493402789619e-05	102	49	65.5
"HiG_19"	"Tnnt2"	0.00164305252951314	"HiG"	0.00496256235019937	0.993	94.5	119	2.22359838676693	0	0.00996073452399919	108	2.31107529559146e-05	108	74	65.5
"HiG_19"	"Tpm1"	0.00788114832365277	"HiG"	0.102490346937871	0.994	108.5	27	2.63475100109598	0	0.0902077882910616	23	0.000209298812740282	23	63	65.5
"HiG_19"	"Tpm4"	0.0108229866053646	"HiG"	0.338266036390275	0.995	122.5	5	4.7338835323789	0	0.13577600564417	7	0.000315025535137286	7	13	65.5
"HiG_19"	"Ttc3"	0.00459296996631713	"HiG"	0.000491616154733571	0.991	23.5	88	3	0	0.0279939616960515	77	6.49511872298178e-05	77	49	65.5
"HiG_19"	"Tuba1a"	0.0154214196617598	"HiG"	1	0.994	108.5	1	3.71851954962228	0	0.214769436487039	1	0.000498304957046495	1	28	65.5
"HiG_19"	"Txn2"	0.00361850950855832	"HiG"	8.51046797707996e-06	0.992	68	100	3	0	0.0297728906844319	76	6.90786326784963e-05	76	49	65.5
"HiG_19"	"Txndc5"	0.00355502816254613	"HiG"	0.00913407256926485	0.991	23.5	102	2.40259751925398	0	0.026570979132773	81	6.16496035563178e-05	81	67	65.5
"HiG_19"	"Uaca"	0.00156884859943765	"HiG"	0.0428490832281735	0.994	108.5	120	4	0	0.0097336089515746	109	2.25837794700107e-05	109	21.5	65.5
"HiG_19"	"Ube2r2"	0.00577397149576493	"HiG"	6.87126804948917e-16	0.992	68	51	2	0	0.0386678313435065	62	8.97165460406184e-05	62	86	65.5
"HiG_19"	"Uqcrq"	0.00444314345751854	"HiG"	3.90340969722289e-16	0.992	68	91	2	0	0.0207994060530141	88	4.82584827216104e-05	88	86	65.5
"HiG_19"	"Vim"	0.00740283535474459	"HiG"	0.00383628472369249	0.991	23.5	31	1.45831023008203	0	0.104958097737381	18	0.000243522268532206	18	100	65.5
"HiG_19"	"Wdr1"	0.00710976997952089	"HiG"	5.19524668844857e-16	0.992	68	35	2	0	0.0364775492023928	65	8.46346849243453e-05	65	86	65.5
"HiG_19"	"Zyx"	0.00286186760948529	"HiG"	0.130902565559126	0.993	94.5	109	5	0	0.0323128454500206	68	7.49717991879829e-05	68	7	65.5
"HiG_2"	"Acta1"	0.00927938540401631	"HiG"	0.00509445711437436	0.844	47	20	4.88966880190755	0	0.739280603471301	24	0.00196095650788144	24	108	85.5
"HiG_2"	"Acta2"	0.0116220324998368	"HiG"	0.941276255758346	0.845	55	13	3.74303711754055	0	1.67089136614112	4	0.00443207258923373	4	123	85.5
"HiG_2"	"Actb"	0.018659809604903	"HiG"	0.0172897440812685	0.888	166.5	5	7.367599991953	0	1.44656230511992	7	0.00383703529209528	7	77	85.5
"HiG_2"	"Actg1"	0.00933122768595261	"HiG"	0.00349503221918071	0.856	112	19	13.2246817621489	0	0.757611487345568	23	0.00200957954203068	23	35	85.5
"HiG_2"	"Actn1"	0.00374450163538124	"HiG"	0.0178513760528581	0.85	88.5	91	12.0150490550146	0	0.218053036223027	78	0.000578390016506702	78	42	85.5
"HiG_2"	"Ak1"	0.00420740856949599	"HiG"	0.00027739685649062	0.846	61	82	12.8131116627574	0	0.202469479532334	81	0.000537054322366934	81	38	85.5
"HiG_2"	"Aldoa"	0.00486710137267579	"HiG"	0.000223513487937658	0.85	88.5	69	5.01291659051296	0	0.398898044941261	43	0.00105808499984419	43	102	85.5
"HiG_2"	"Ankrd1"	0.00497017892644268	"HiG"	0	0.83	8.5	59.5	1	0	0.275796679558628	66.5	0.000731556179200605	66	165	85.5
"HiG_2"	"Anp32a"	0.00242980308557231	"HiG"	0.000226940623947834	0.856	112	118	6.76149331004832	0	0.142225803339568	96	0.000377256772783999	96	83	85.5
"HiG_2"	"Apex1"	0.00132438428641199	"HiG"	9.16983731603783e-07	0.847	68.5	151	5	0	0.0212869204984734	154	5.64639801020516e-05	154	104.5	85.5
"HiG_2"	"Apoe"	0.00491944130087745	"HiG"	0.000358907235052908	0.859	123.5	67	5.48656474889389	0	0.310855613706469	59	0.000824550699486656	59	97	85.5
"HiG_2"	"Atp1a1"	0.0053429168054235	"HiG"	1.12242286662417e-05	0.846	61	47	3.72329140113466	0	0.284268720055903	65	0.000754028435161546	65	124	85.5
"HiG_2"	"Atp1b1"	0.00757280312918237	"HiG"	2.01543125633768e-05	0.848	76.5	29	3.29482391833062	0	0.464730005504026	38	0.00123270558489132	38	126	85.5
"HiG_2"	"Atxn10"	0.00124017233953264	"HiG"	0.000134035098246887	0.847	68.5	157	22	0	0.0444969346461495	141	0.000118029004366444	141	10.5	85.5
"HiG_2"	"Basp1"	0.00282462973043382	"HiG"	3.97938261612375e-06	0.84	30	109	2.07437481610403	0	0.0224974307786873	152	5.96748827020882e-05	152	145	85.5
"HiG_2"	"Brix1"	0.00143554925207079	"HiG"	8.01700370347793e-05	0.859	123.5	145	25	0	0.0570126324547267	128	0.000151227141789726	128	3.5	85.5
"HiG_2"	"Calr"	0.00876642037831298	"HiG"	0.00384348254916233	0.872	147	24	10.1093800737974	0	1.06969628694441	13	0.00283739068155017	13	51	85.5
"HiG_2"	"Cap2"	0.000998022553779421	"HiG"	9.21702765392872e-07	0.84	30	162	3	0	0.011268169682659	161	2.98890442510848e-05	161	140	85.5
"HiG_2"	"Cbx1"	0.00344029395950475	"HiG"	0.000262668967306044	0.875	153.5	93	7.62670304757667	0	0.213112363941178	80	0.000565284784989862	80	75	85.5
"HiG_2"	"Ccnb1"	0.00497017892643888	"HiG"	0	0.829	3	63.5	1	0	0.00924866627365867	163.5	2.45322712829143e-05	164	165	85.5
"HiG_2"	"Ccnd1"	0.00409680816441424	"HiG"	0.000168741535201258	0.848	76.5	86	9.31854144451655	0	0.153049658931026	92	0.000405967265069034	92	55	85.5
"HiG_2"	"Ccnd2"	0.00129541836475076	"HiG"	8.3185117385115e-05	0.846	61	153	7	0	0.0484020228684452	139	0.000128387328563515	139	81	85.5
"HiG_2"	"Cct4"	0.00238049735238537	"HiG"	0.000329664595194575	0.85	88.5	119	7.27961079646564	0	0.131712862158616	100	0.000349370987158133	100	79	85.5
"HiG_2"	"Cct8"	0.00512825148093071	"HiG"	0.000322046951626939	0.856	112	53	6.46993970641484	0	0.340170780744519	50	0.000902309763248061	50	86	85.5
"HiG_2"	"Cd81"	0.00725377464940109	"HiG"	0	0.829	3	30	1	0	0.0482931149422161	140	0.000128098448122589	140	165	85.5
"HiG_2"	"Cfl2"	0.00339798268404845	"HiG"	0.000100462895968902	0.851	96.5	94	2.92947064620953	0	0.128896003909176	101	0.000341899214613199	101	141	85.5
"HiG_2"	"Ckb"	0.00672772339991059	"HiG"	0.00191190777086723	0.874	150.5	36	14.8295305504381	0	0.448546049983095	39	0.00118977732091007	39	33	85.5
"HiG_2"	"Cnn2"	0.00230775478278795	"HiG"	2.86649069073112e-05	0.846	61	123	2	0	0.0585842664492291	127	0.000155395932226072	127	152	85.5
"HiG_2"	"Cnn3"	0.00317411861814682	"HiG"	0.000600949142921807	0.843	41	100	10.2613030951827	0	0.10117627191488	112	0.000268372074044775	112	49	85.5
"HiG_2"	"Creld2"	0.00459633140723918	"HiG"	0.00150932277264054	0.86	127	76	9.81749837529408	0	0.519860122896685	34	0.00137893931802834	34	52	85.5
"HiG_2"	"Crip2"	0.00333077642999614	"HiG"	0.0263290475091669	0.844	47	96	6	0	0.311560920956962	58	0.0008264215409999	58	90	85.5
"HiG_2"	"Cryab"	0.00234746333852207	"HiG"	9.67312776338575e-06	0.846	61	120	3	0	0.070406557279103	125	0.000186754793843775	125	135.5	85.5
"HiG_2"	"Dbn1"	0.00215616985398946	"HiG"	0.00258084367191318	0.852	102	126	7.20287016052725	0	0.1138616285744	105	0.000302020234945358	105	80	85.5
"HiG_2"	"Ddah2"	0.00319341858428373	"HiG"	6.0040384313592e-05	0.845	55	98	3.44788329202982	0	0.196280290065153	82	0.000520637374178124	82	125	85.5
"HiG_2"	"Ddx39b"	0.0041631728313061	"HiG"	0.00026203915375712	0.872	147	84	18.3979620741474	0	0.26829355601028	72	0.000711653994722229	72	14	85.5
"HiG_2"	"Ddx5"	0.00836454698026768	"HiG"	0.00138732135546809	0.888	166.5	26	13.097669707453	0	0.731287633683202	25	0.00193975499650717	25	37	85.5
"HiG_2"	"Dek"	0.00497017892644268	"HiG"	0	0.83	8.5	59.5	1	0	0.0203833707988795	155.5	5.4067296548752e-05	155	165	85.5
"HiG_2"	"Dnaja1"	0.00283423547062775	"HiG"	0.000565981629944635	0.871	144.5	108	22	0	0.187894424131936	85	0.000498393697962695	85	10.5	85.5
"HiG_2"	"Dnajb11"	0.00528556254773807	"HiG"	0.00160780133593036	0.856	112	52	7.75918606354706	0	0.584139012877688	32	0.00154944035246071	32	72	85.5
"HiG_2"	"Dnajc3"	0.00494044344333756	"HiG"	0.00122764005712568	0.868	140	66	11.1131681413872	0	0.409091399856215	42	0.00108512307654169	42	46	85.5
"HiG_2"	"Dstn"	0.00501481169487313	"HiG"	0.000976925699739439	0.859	123.5	57	7.97447055981319	0	0.275345381065313	68	0.000730359100969	68	70	85.5
"HiG_2"	"Dut"	0.00225217227391018	"HiG"	0.000150861014579914	0.847	68.5	125	16	0	0.0851618995751526	116	0.000225893632825338	116	26	85.5
"HiG_2"	"Dynll1"	0.00571901696311972	"HiG"	0.000606535674006299	0.853	105.5	45	9.33209297475709	0	0.28911172819348	64	0.000766874610592786	64	54	85.5
"HiG_2"	"Eif3e"	0.00264330115325487	"HiG"	2.79815820653326e-05	0.849	82	114	2	0	0.138513874247482	98	0.000367410807022498	98	152	85.5
"HiG_2"	"Eif3m"	0.00433387668080318	"HiG"	0.000248111657334183	0.853	105.5	80	5.8483175034523	0	0.268871139361372	70	0.000713186046051384	70	93	85.5
"HiG_2"	"Eif4a1"	0.00286537670078751	"HiG"	3.94985465265865e-05	0.864	136	107	7.58396279622863	0	0.170008358526412	88	0.000450950553120456	88	76	85.5
"HiG_2"	"Eif4a3"	0.00509551686312344	"HiG"	0.000182650722983297	0.87	142.5	54	8.99034302188856	0	0.336391050653783	51	0.000892283953988814	51	59	85.5
"HiG_2"	"Eno3"	0.0106994308136867	"HiG"	0.00134466086765418	0.851	96.5	16	4.58293456343723	0	0.997088247440066	17	0.00264479641230787	17	113	85.5
"HiG_2"	"Etfb"	0.00416242231265793	"HiG"	9.30117672734242e-06	0.848	76.5	85	5.224247644523	0	0.180715247171691	87	0.000479350788253823	87	101	85.5
"HiG_2"	"Fam162a"	0.00147608076418969	"HiG"	1.69049778808302e-05	0.845	55	144	7.92600103724345	0	0.0491466895805299	138	0.000130362571831644	138	71	85.5
"HiG_2"	"Fermt2"	0.00394624035270737	"HiG"	0.00485764806017676	0.85	88.5	87	4.32108027277054	0	0.263595227483688	73	0.00069919158483737	73	116	85.5
"HiG_2"	"Fhl1"	0.00505605354569578	"HiG"	0.0390536101292246	0.854	108	56	4.49941991709337	0	0.351702231233499	48	0.000932897165075595	48	115	85.5
"HiG_2"	"Fkbp4"	0.00233315607425769	"HiG"	9.11165590874382e-05	0.863	133.5	122	9	0	0.139281201432654	97	0.000369446157646297	97	57	85.5
"HiG_2"	"Fos"	0.00725377464939872	"HiG"	0	0.831	14.5	32	1	0	0.304284437933706	62	0.000807120525023092	62	165	85.5
"HiG_2"	"G3bp2"	0.00132313758649795	"HiG"	5.62436668843163e-05	0.847	68.5	152	3	0	0.0562692021687421	129	0.000149255178166425	129	135.5	85.5
"HiG_2"	"Gapdh"	0.00608275219565867	"HiG"	0.0028144206109511	0.891	169	41	16.2671893514054	0	0.507918605459659	35	0.00134726420546329	35	22	85.5
"HiG_2"	"Gata4"	0.00725377464940109	"HiG"	0	0.831	14.5	31	1	0	0.296419424218315	63	0.000786258419677228	63	165	85.5
"HiG_2"	"Gata6"	0.00290815002646353	"HiG"	0	0.831	14.5	105	2	0	0.103969158618301	111	0.000275780261587006	111	152	85.5
"HiG_2"	"Gdi2"	0.00173449630685383	"HiG"	8.21121433510645e-06	0.844	47	134	2	0	0.0557519787306352	132	0.000147883232707255	132	152	85.5
"HiG_2"	"Gnas"	0.00167086290674386	"HiG"	0.031881442331809	0.847	68.5	137	8	0	0.101085010552724	113	0.000268130001466112	113	67	85.5
"HiG_2"	"Gpc3"	0.00123188090730912	"HiG"	0	0.83	8.5	158	2	0	0.003809384291823	169	1.01044676175677e-05	169	152	85.5
"HiG_2"	"Gpi1"	0.006661040370407	"HiG"	0.000286987697127056	0.848	76.5	37	4.98737250032678	0	0.619177700141322	31	0.00164238116748361	31	107	85.5
"HiG_2"	"Gyg"	0.00215542622681726	"HiG"	0.0485765416400956	0.849	82	127	8	0	0.154019387617376	91	0.000408539489701262	91	67	85.5
"HiG_2"	"H2afy"	0.00497017892643888	"HiG"	0	0.83	8.5	63.5	1	0	0.0203833707988795	155.5	5.4067296548752e-05	156	165	85.5
"HiG_2"	"Hadh"	0.00185868913808249	"HiG"	7.78035773465526e-06	0.847	68.5	132	3	0	0.0762781981391592	122	0.000202329438034905	122	135.5	85.5
"HiG_2"	"Hdac1"	0.00437278283494844	"HiG"	5.29074674549878e-05	0.847	68.5	79	3.21285895915186	0	0.136684115976159	99	0.000362557336806788	99	127	85.5
"HiG_2"	"Hmgb1"	0.000842612866660038	"HiG"	2.63075985631585e-05	0.839	27	169	22	0	0.00873358925589592	165	2.31660192464083e-05	165	10.5	85.5
"HiG_2"	"Hmgb3"	0.00497017892644268	"HiG"	0	0.829	3	59.5	1	0	0.0558268653812503	130.5	0.000148081871037799	130	165	85.5
"HiG_2"	"Hnrnpa1"	0.00529191443545507	"HiG"	0.000543888413796188	0.865	137.5	51	15.7841168380546	0	0.390522088100189	46	0.00103586760769281	46	31	85.5
"HiG_2"	"Hnrnpa3"	0.00378620069793747	"HiG"	0.000321796886050507	0.875	153.5	90	15.9461153702116	0	0.275202774117512	69	0.000729980833202949	69	30	85.5
"HiG_2"	"Hnrnpk"	0.0297587272692425	"HiG"	0.00172706693967303	0.87	142.5	1	4.67473795035163	0	2.08997540618917	2	0.00554370134267686	2	111	85.5
"HiG_2"	"Hsp90aa1"	0.0089768890187771	"HiG"	0.000803476145015357	0.875	153.5	23	8.11758378959837	0	0.669403838685534	30	0.00177560699916587	30	63	85.5
"HiG_2"	"Hsp90b1"	0.0118944034731676	"HiG"	0.00467423475347683	0.863	133.5	10	9.06251109761995	0	1.45452586616238	6	0.00385815879618668	6	56	85.5
"HiG_2"	"Hspa5"	0.0211240039691746	"HiG"	0.00550055427250066	0.877	158.5	3	7.63345800731995	0	2.29058810612522	1	0.00607583052022606	1	74	85.5
"HiG_2"	"Hspa8"	0.0215709445642678	"HiG"	0.00369961578656702	0.885	163	2	6.5786115322835	0	1.6493928945518	5	0.00437504746565464	5	84	85.5
"HiG_2"	"Hspb2"	0.00712437085412994	"HiG"	0.103791156237918	0.847	68.5	33	2.12737655449694	0	0.72980350501238	26	0.00193581831568271	26	144	85.5
"HiG_2"	"Id1"	0.00778651810464506	"HiG"	0.000358518140602992	0.872	147	28	5.80393275911347	0	0.543412839942185	33	0.00144141336854691	33	94	85.5
"HiG_2"	"Idh2"	0.00288591439011569	"HiG"	6.9427131792173e-06	0.852	102	106	6.00228324225011	0	0.117067153822235	103	0.000310522954435637	103	88	85.5
"HiG_2"	"Ifitm2"	0.00642488122261025	"HiG"	0	0.829	3	39	2	0	0.0444837306503931	142	0.000117993980505021	142	152	85.5
"HiG_2"	"Ilf2"	0.00490226144078989	"HiG"	0.00104746616783087	0.888	166.5	68	11.3591496944725	0	0.378001379820853	47	0.00100265617989616	47	44	85.5
"HiG_2"	"Ivns1abp"	0.00109053232558237	"HiG"	0.0118867867671677	0.842	38	159	8	0	0.0376888834981686	146	9.99705132577416e-05	146	67	85.5
"HiG_2"	"Jun"	0.00459289166320949	"HiG"	0	0.831	14.5	77	2	0	0.189871650952308	84	0.000503638331438483	84	152	85.5
"HiG_2"	"Jund"	0.00306387046671432	"HiG"	0	0.831	14.5	102	2	0	0.114412786981397	104	0.000303482193584608	104	152	85.5
"HiG_2"	"Khdrbs1"	0.002744093321143	"HiG"	0.000673835781170335	0.867	139	111	24.5902790763	0	0.168374823299177	89	0.000446617568432831	89	7	85.5
"HiG_2"	"Kif5b"	0.000914331501576245	"HiG"	1.82425325665527e-05	0.841	34.5	164	17	0	0.0132040480071381	158	3.50240000189338e-05	158	19.5	85.5
"HiG_2"	"Krt18"	0.00420081134637632	"HiG"	1.00746036297042e-05	0.849	82	83	2	0	0.268451760002702	71	0.000712073633959421	71	152	85.5
"HiG_2"	"Krt8"	0.00508096999171412	"HiG"	4.60924606589551e-05	0.85	88.5	55	2.59958338098934	0	0.33554285726381	52	0.000890034104148037	52	143	85.5
"HiG_2"	"Ldha"	0.00188583327665548	"HiG"	2.73295325291611e-05	0.847	68.5	131	8	0	0.0936244433505362	114	0.000248340698542536	114	67	85.5
"HiG_2"	"Ldhb"	0.00128063221200908	"HiG"	6.53368289073617e-05	0.853	105.5	154	6	0	0.0419719642991123	144	0.000111331470289423	144	90	85.5
"HiG_2"	"Lrpap1"	0.00166671303300624	"HiG"	0.000404484973747964	0.86	127	138	8	0	0.125810693500512	102	0.000333715367375363	102	67	85.5
"HiG_2"	"Lyar"	0.00174575054969506	"HiG"	0.000116210677232248	0.861	130	133	25	0	0.0826428036385134	118	0.000219211680738762	118	3.5	85.5
"HiG_2"	"Map1b"	0.00484045233886417	"HiG"	0.000210749293417824	0.853	105.5	70	10.1297383131343	0	0.236249066396322	77	0.000626655348531359	77	50	85.5
"HiG_2"	"Mapk3"	0.00126372535384855	"HiG"	3.16858497026493e-05	0.843	41	156	4	0	0.0300529980564763	150	7.97161752161174e-05	150	119	85.5
"HiG_2"	"Marcksl1"	0.00159904069037354	"HiG"	0.00109582692704737	0.857	116	142	23	0	0.0778433618426442	121	0.000206481065895608	121	8	85.5
"HiG_2"	"Mat2a"	0.00192599135099819	"HiG"	4.95004369901887e-06	0.845	55	130	3	0	0.0497663638187034	137	0.000132006270076136	137	135.5	85.5
"HiG_2"	"Mef2c"	0.00479599715356216	"HiG"	3.28708336348763e-05	0.84	30	72	2	0	0.259417696734332	75	0.000688110601417326	75	152	85.5
"HiG_2"	"Myl12b"	0.00327012738121759	"HiG"	1.36268686942686e-05	0.836	24	97	4.85884496295741	0	0.0298920964091977	151	7.92893803957498e-05	151	109	85.5
"HiG_2"	"Myl3"	0.00360672623218275	"HiG"	0.391189884342879	0.845	55	92	5	0	0.480458406722479	37	0.00127442548202249	37	104.5	85.5
"HiG_2"	"Myl6"	0.00281006328718704	"HiG"	2.46333355810538e-07	0.834	20	110	2	0	0.0222021653651397	153	5.88916853186729e-05	153	152	85.5
"HiG_2"	"Myl9"	0.00339698100065991	"HiG"	1.73123629220844e-06	0.834	20	95	3	0	0.0749998136172563	123	0.000198938497658505	123	135.5	85.5
"HiG_2"	"Ncl"	0.011678875960361	"HiG"	0.00279884328241879	0.886	164	12	11.8114569002967	0	1.02324702791862	15	0.00271418309792738	15	43	85.5
"HiG_2"	"Ndn"	0.00604091297008811	"HiG"	2.83507364259657e-05	0.834	20	42	1.97410076497512	0	0.145243787493448	94	0.000385262035791638	94	159	85.5
"HiG_2"	"Nexn"	0.00194820081723697	"HiG"	0.000467572346112256	0.845	55	129	5	0	0.112724699868176	106	0.000299004508934155	106	104.5	85.5
"HiG_2"	"Nkx2-5"	0.00630700865901205	"HiG"	0.000155624976920478	0.842	38	40	4.66675285080566	0	0.343349562556006	49	0.000910741545241395	49	112	85.5
"HiG_2"	"Nop58"	0.00170158672355714	"HiG"	0.000111079516983188	0.859	123.5	135	25	0	0.0789937975488706	120	0.000209532619493025	120	3.5	85.5
"HiG_2"	"Npm1"	0.0133800564631182	"HiG"	0.00230792092665541	0.888	166.5	8	7.35845124400173	0	1.1051143946398	11	0.00293133791681644	11	78	85.5
"HiG_2"	"Pa2g4"	0.00138389365597236	"HiG"	6.39199266488253e-05	0.842	38	149	16	0	0.0360831616390496	148	9.57113040823598e-05	148	26	85.5
"HiG_2"	"Paics"	0.00163002324014795	"HiG"	0.000239673790413579	0.86	127	140	22	0	0.0795668382977091	119	0.000211052621479335	119	10.5	85.5
"HiG_2"	"Palld"	0.00273308383144508	"HiG"	0.000199014882643633	0.85	88.5	112	16	0	0.112345031596479	107	0.000297997431290395	107	26	85.5
"HiG_2"	"Pdia4"	0.0108566918278287	"HiG"	0.0039486897926355	0.869	141	15	8.99901274478	0	1.26033666841276	9	0.00334306808597548	9	58	85.5
"HiG_2"	"Pdia6"	0.0118469806882358	"HiG"	0.00450386709994627	0.863	133.5	11	8.24890135976771	0	1.43983162427786	8	0.00381918202726223	8	60	85.5
"HiG_2"	"Pdlim5"	0.0110285254784914	"HiG"	0.387364110733734	0.849	82	14	3.12115286946609	0	1.02405585950581	14	0.0027163285398032	14	128	85.5
"HiG_2"	"Peg3"	0.00139767699045145	"HiG"	6.53000574849172e-05	0.844	47	148	16	0	0.0368622533347446	147	9.77778603043623e-05	147	26	85.5
"HiG_2"	"Pfn2"	0.00264723773938608	"HiG"	0.00108677034275495	0.85	88.5	113	20.1354129333396	0	0.107211257482641	109	0.000284379993322656	109	13	85.5
"HiG_2"	"Pgam1"	0.00299017531202704	"HiG"	0.000177235572580118	0.851	96.5	103	6.9071084210942	0	0.246405630376163	76	0.000653595836541545	76	82	85.5
"HiG_2"	"Pgam2"	0.00263745252900597	"HiG"	0.000319382360547805	0.848	76.5	115	4.14403710045149	0	0.145030401397784	95	0.00038469602492781	95	117	85.5
"HiG_2"	"Pgk1"	0.00872259775425811	"HiG"	0.000478790041296745	0.851	96.5	25	5.51897324611627	0	0.833841765707325	21	0.00221178187190272	21	96	85.5
"HiG_2"	"Pgm2"	0.00107886850067505	"HiG"	1.54376166168967e-05	0.84	30	160	6	0	0.035144493840662	149	9.32214690733741e-05	149	90	85.5
"HiG_2"	"Pkm"	0.00582443174600485	"HiG"	0.000536530510868168	0.874	150.5	44	9.74525448433988	0	0.488263591627777	36	0.00129512889025936	36	53	85.5
"HiG_2"	"Ppid"	0.00468622487748229	"HiG"	0.000510010356863224	0.879	160	75	14.0071018034532	0	0.325815388794057	56	0.00086423180051474	56	34	85.5
"HiG_2"	"Ppp1cb"	0.00497017892644268	"HiG"	0	0.829	3	59.5	1	0	0.00924866627365867	163.5	2.45322712829143e-05	163	165	85.5
"HiG_2"	"Prdx1"	0.00203385193266904	"HiG"	8.50622371712425e-05	0.857	116	128	17.1586008609159	0	0.0905473101010062	115	0.000240178541381979	115	18	85.5
"HiG_2"	"Prdx2"	0.00233927383856681	"HiG"	2.70974637988651e-05	0.85	88.5	121	3	0	0.109346500547611	108	0.000290043768030797	108	130.5	85.5
"HiG_2"	"Prdx4"	0.0013710807528857	"HiG"	0.000161044187990162	0.856	112	150	8.22589202828187	0	0.0632875817898726	126	0.00016787156973441	126	61	85.5
"HiG_2"	"Prmt1"	0.0026367452015135	"HiG"	0.000156176529847718	0.871	144.5	116	11.1981390962264	0	0.155555136739233	90	0.000412613094799027	90	45	85.5
"HiG_2"	"Prnp"	0.00542330847093731	"HiG"	9.4872417770434e-05	0.847	68.5	46	5.40372892680225	0	0.326752156066568	55	0.00086671659434103	55	99	85.5
"HiG_2"	"Psip1"	0.00497017892643888	"HiG"	0	0.83	8.5	63.5	1	0	0.0558268653812503	130.5	0.000148081871037799	131	165	85.5
"HiG_2"	"Ptma"	0.00531518476703645	"HiG"	0.000575625402200444	0.858	119.5	49	6.53770835130458	0	0.396774451307795	44	0.00105245212548487	44	85	85.5
"HiG_2"	"Rab6a"	0.00389024215846386	"HiG"	0.000180890301869374	0.851	96.5	88	12.2147205475165	0	0.186411612644109	86	0.000494460510992332	86	40	85.5
"HiG_2"	"Rbbp4"	0.00388449554697363	"HiG"	0.000174029676878454	0.865	137.5	89	5.5807671220901	0	0.216471670939143	79	0.000574195413631678	79	95	85.5
"HiG_2"	"Rbbp7"	0.0066158171742436	"HiG"	0.00100554256293402	0.861	130	38	13.1125613371392	0	0.441806734154999	40	0.00117190115160477	40	36	85.5
"HiG_2"	"Rbpms"	0.000848279813344243	"HiG"	1.19383220090254e-05	0.838	25.5	168	25	0	0.00848989460403362	166	2.25196143343067e-05	166	3.5	85.5
"HiG_2"	"Rcn2"	0.000899596753020357	"HiG"	1.66501646411643e-05	0.841	34.5	165	17	0	0.0120514831176334	160	3.1966798720513e-05	160	19.5	85.5
"HiG_2"	"Rps4x"	0.00993253680418671	"HiG"	0.00217615526252386	0.877	158.5	17	8.01423966230256	0	0.860981255952327	20	0.00228376990968787	20	64	85.5
"HiG_2"	"Rrad"	0.00127698473572918	"HiG"	0.00111255063939773	0.838	25.5	155	3	0	0.0427918637611786	143	0.000113506269923551	143	130.5	85.5
"HiG_2"	"Rtn4"	0.0026036250451613	"HiG"	1.2132237077775e-06	0.833	18	117	3	0	0.052558713313035	135	0.00013941303266057	135	135.5	85.5
"HiG_2"	"S100a10"	0.00168568741627223	"HiG"	9.41386574907747e-05	0.844	47	136	16	0	0.0531418068325552	134	0.000140959699821101	134	26	85.5
"HiG_2"	"Sdf2l1"	0.00956711122670123	"HiG"	0.00358341371976407	0.858	119.5	18	7.71549734510703	0	1.18575815720488	10	0.0031452471013392	10	73	85.5
"HiG_2"	"Set"	0.0130697380578127	"HiG"	0.00211081563349957	0.861	130	9	5.89641564510215	0	0.977850123331298	19	0.00259376690538806	19	92	85.5
"HiG_2"	"Sfpq"	0.0053326489801079	"HiG"	0.000854364277754572	0.892	170	48	18.0680744172867	0	0.421548764000196	41	0.00111816648275914	41	16	85.5
"HiG_2"	"Slc25a4"	0.00702357684795838	"HiG"	9.39534826990277e-05	0.855	109	34	3.7450452068525	0	0.334396608848653	53	0.000886993657423484	53	122	85.5
"HiG_2"	"Slc25a5"	0.00477911272812762	"HiG"	0.00139304587293893	0.851	96.5	73	12.4467358270958	0	0.261985596748715	74	0.000694922007291021	74	39	85.5
"HiG_2"	"Smarcd3"	0.00474861210345583	"HiG"	0	0.831	14.5	74	2	0	0.192450265600014	83	0.000510478158090222	83	152	85.5
"HiG_2"	"Smyd1"	0.00089537490102573	"HiG"	2.37378366167169e-07	0.844	47	166	5	0	0.00551051696394757	168	1.461675587254e-05	168	104.5	85.5
"HiG_2"	"Snrpn"	0.0014162797271423	"HiG"	7.79312133417658e-05	0.858	119.5	147	25	0	0.0554205010667223	133	0.000147003981609343	133	3.5	85.5
"HiG_2"	"Snx6"	0.000855188975959728	"HiG"	6.27302135862876e-08	0.841	34.5	167	3	0	0.00686417648682646	167	1.82073646865423e-05	167	135.5	85.5
"HiG_2"	"Ssb"	0.00530536589011111	"HiG"	0.000989521169592789	0.876	156.5	50	18.128414851217	0	0.395404187551113	45	0.00104881747361038	45	15	85.5
"HiG_2"	"Tbcb"	0.00430880957890684	"HiG"	0.000687501317811262	0.857	116	81	3.97452903474602	0	0.304288513430048	61	0.000807131335358219	61	121	85.5
"HiG_2"	"Timm8b"	0.000794327556422971	"HiG"	4.88643550533138e-06	0.835	22.5	170	16	0	0.00275842059623058	170	7.31676550724293e-06	170	26	85.5
"HiG_2"	"Tmod1"	0.00228662731313225	"HiG"	4.67876189148585e-08	0.84	30	124	2	0	0.0144405397601321	157	3.83038189923929e-05	157	152	85.5
"HiG_2"	"Tnnc1"	0.0060377045271565	"HiG"	0.364852221861087	0.844	47	43	4.84785509197451	0	0.764376486267871	22	0.0020275238362543	22	110	85.5
"HiG_2"	"Tnnt2"	0.00679264563502084	"HiG"	0.806265887193809	0.845	55	35	4.52015683835714	0	1.01896630578643	16	0.00270282839731147	16	114	85.5
"HiG_2"	"Top1"	0.00164114421667287	"HiG"	0.000137656221930167	0.875	153.5	139	17.4190631630868	0	0.0840814721410701	117	0.00022302777756252	117	17	85.5
"HiG_2"	"Tpi1"	0.0078488797829678	"HiG"	0.000539499615144903	0.844	47	27	5.23679038359404	0	0.703386939124519	27	0.00186574784913666	27	100	85.5
"HiG_2"	"Tpm1"	0.0138503119946605	"HiG"	1	0.851	96.5	7	3.0044673835643	0	1.97690661543055	3	0.00524378412581047	3	129	85.5
"HiG_2"	"Tpm2"	0.00453875321188412	"HiG"	0.0319320474722598	0.848	76.5	78	5.40412524237296	0	0.31063317288452	60	0.00082396067078122	60	98	85.5
"HiG_2"	"Tpm4"	0.00317540292099503	"HiG"	0.175548414319182	0.863	133.5	99	10.9477031365744	0	0.319284582884399	57	0.000846908707916176	57	47	85.5
"HiG_2"	"Tra2b"	0.00161333783404852	"HiG"	0.000100826347512376	0.858	119.5	141	25	0	0.071702293089645	124	0.000190191758858475	124	3.5	85.5
"HiG_2"	"Ttn"	0.00497017892643888	"HiG"	0	0.83	8.5	63.5	1	0	0.275796679558628	66.5	0.000731556179200605	67	165	85.5
"HiG_2"	"Tuba1a"	0.00905637347842907	"HiG"	0.00195794081387586	0.881	161.5	22	12.1471141725564	0	0.698614373017546	28	0.00185308852259296	28	41	85.5
"HiG_2"	"Tubb2b"	0.0014223263038111	"HiG"	6.77682031653126e-05	0.844	47	146	16	0	0.0382555355896464	145	0.000101473569203306	145	26	85.5
"HiG_2"	"Tubb5"	0.00922608466085033	"HiG"	0.00144310293616537	0.876	156.5	21	15.0024488002453	0	0.677131250755842	29	0.00179610411341072	29	32	85.5
"HiG_2"	"Ubc"	0.0205847161982902	"HiG"	0.0021757042741679	0.852	102	4	2.86705964848127	0	0.989004094164621	18	0.00262335303491942	18	142	85.5
"HiG_2"	"Ube2r2"	0.000918780221889692	"HiG"	1.70704471278605e-06	0.841	34.5	163	4	0	0.00994825595030179	162	2.63879468177766e-05	162	119	85.5
"HiG_2"	"Ugdh"	0.00297628552933175	"HiG"	0.000122163454071036	0.851	96.5	104	10.8423717176105	0	0.106653839167435	110	0.000282901430152348	110	48	85.5
"HiG_2"	"Vasp"	0.00101782720424535	"HiG"	1.14801176829467e-05	0.835	22.5	161	3	0	0.0129740851089363	159	3.44140188565949e-05	159	135.5	85.5
"HiG_2"	"Vim"	0.00308858124672271	"HiG"	0.00129492833911831	0.849	82	101	8.16616800209404	0	0.152254309900118	93	0.000403857585941956	93	62	85.5
"HiG_2"	"Ywhae"	0.0160965041221255	"HiG"	0.00169686079771756	0.873	149	6	6.01016462115266	0	1.07022020843108	12	0.00283878039371638	12	87	85.5
"HiG_2"	"Ywhaq"	0.00480554440067248	"HiG"	0.000508248248118228	0.881	161.5	71	16.8708363705599	0	0.33029794246975	54	0.000876121863314986	54	21	85.5
"HiG_2"	"Zfp207"	0.001588037777717	"HiG"	2.4745094472199e-05	0.843	41	143	4	0	0.0501072937563856	136	0.000132910593518264	136	119	85.5
"HiG_3"	"Acta2"	0.00742289022010428	"HiG"	0.000182132961900358	0.913	26	33	2.21745649821527	0	0.313744615629128	36	0.000886284224941039	36	103	62.5
"HiG_3"	"Actb"	0.0189278030456796	"HiG"	0.098868618761288	0.94	100.5	4	6.32778431506934	0	0.926883779461793	8	0.00261831576119151	8	61	62.5
"HiG_3"	"Ahnak"	0.00769100789357426	"HiG"	0.00167896356332726	0.916	45	31	6.74209567996529	0	0.33078644304233	34	0.000934424980345565	34	57	62.5
"HiG_3"	"Anxa2"	0.00741687343396821	"HiG"	0.00107384481876468	0.917	51	34	3.70024840222638	0	0.326062400383793	35	0.000921080227072863	35	88	62.5
"HiG_3"	"Apoe"	0.00224342379692509	"HiG"	0.0023128361072611	0.918	59	105	8	0	0.0635086966319238	94	0.000179403097830293	94	45	62.5
"HiG_3"	"Arhgap29"	0.0016910359277755	"HiG"	0.000507943910562778	0.916	45	115	14	0	0.0307513329089215	107	8.68681720591003e-05	107	8.5	62.5
"HiG_3"	"Atp5b"	0.00974147951862366	"HiG"	0.00540378847374595	0.918	59	19	4.5113679501626	0	0.407664988183076	27	0.0011515960118166	27	79	62.5
"HiG_3"	"Basp1"	0.00277665041885985	"HiG"	0.00403382759297651	0.914	33.5	95	3	0	0.0702987779072138	86	0.00019858411838196	86	95	62.5
"HiG_3"	"Bccip"	0.00394051857659645	"HiG"	0.00417842458064336	0.922	76.5	74	4.13290340297207	0	0.145923738241653	62	0.000412213949835177	62	80	62.5
"HiG_3"	"Calr"	0.0126490208858833	"HiG"	0.445854746048268	0.945	113	13	9.94517345506767	0	0.833009258934254	10	0.00235313349981428	10	32	62.5
"HiG_3"	"Cbx1"	0.00266808867404808	"HiG"	0.0370566939562587	0.926	85.5	98	12.2070628168023	0	0.106205262869291	75	0.000300014866862403	75	14	62.5
"HiG_3"	"Ccnd1"	0.00425314860461341	"HiG"	0.0159278004355943	0.914	33.5	71	5.62991048090766	0	0.101753187668384	76	0.000287438383244021	76	67	62.5
"HiG_3"	"Ccnd2"	0.00141841188701963	"HiG"	0.000842731150785291	0.917	51	121	8	0	0.0231407477726018	112	6.53693439904004e-05	112	45	62.5
"HiG_3"	"Ccnd3"	0.00348652356169904	"HiG"	7.29072280348509e-05	0.91	17	84	2	0	0.0910905518716587	81	0.000257317943140279	81	108.5	62.5
"HiG_3"	"Cct4"	0.00687061008707214	"HiG"	0.0130871979709309	0.939	98.5	35	5.16379773977337	0	0.354327832169637	31	0.00100092607957524	31	73	62.5
"HiG_3"	"Cct8"	0.00785165361675719	"HiG"	0.0120111691186616	0.931	92.5	30	5.26409516931733	0	0.403255188026089	28	0.00113913894922624	28	72	62.5
"HiG_3"	"Cd81"	0.00919924021089735	"HiG"	0	0.902	7.5	23	1	0	0.0224139895374091	114	6.33163546254494e-05	114	119.5	62.5
"HiG_3"	"Cfl2"	0.00153083285621855	"HiG"	0.000150353075430808	0.915	40	118	2	0	0.0189730079388467	117	5.35960676238607e-05	117	108.5	62.5
"HiG_3"	"Cnn2"	0.00610928210374964	"HiG"	5.57103539510298e-06	0.911	18.5	50	2	0	0.0668714953016379	91	0.000188902529100672	91	108.5	62.5
"HiG_3"	"Cnn3"	0.00615331911284881	"HiG"	8.44160745886493e-05	0.913	26	49	1.22891499259269	0	0.0677328882804716	89	0.000191335842600202	89	114	62.5
"HiG_3"	"Creld2"	0.00493545312592905	"HiG"	0.193457021974381	0.946	116	60	11.5078541020212	0	0.334904222431421	33	0.00094605712551249	33	18	62.5
"HiG_3"	"Cryab"	0.0033650864438894	"HiG"	0.00107050638856217	0.912	21	87	2	0	0.0681026055218397	88	0.000192380241587118	88	108.5	62.5
"HiG_3"	"Ctnna1"	0.00630318310746822	"HiG"	0	0.902	7.5	43.5	1	0	0.0241617113728296	110.5	6.82534219571458e-05	110	119.5	62.5
"HiG_3"	"Ctsl"	0.0063031831074634	"HiG"	0	0.902	7.5	47.5	1	0	0.0241617113728296	110.5	6.82534219571458e-05	111	119.5	62.5
"HiG_3"	"Dbn1"	0.00221825098153565	"HiG"	0.00212933460808288	0.918	59	106	8.64956488165465	0	0.0548670225168247	98	0.000154991589030578	98	38	62.5
"HiG_3"	"Ddx39b"	0.00235730506653664	"HiG"	0.00643235181787585	0.93	91	103	5	0	0.0959385962754106	79	0.000271012983828844	79	75	62.5
"HiG_3"	"Ddx5"	0.0122872505543672	"HiG"	0.344194607182626	0.951	121.5	14	10.267927876653	0	0.846655111381164	9	0.00239168110559651	9	28	62.5
"HiG_3"	"Dkc1"	0.00217144199201684	"HiG"	0.00402681112383138	0.922	76.5	107	7	0	0.0672513533691974	90	0.000189975574489258	90	52.5	62.5
"HiG_3"	"Dnaja1"	0.00395811335342858	"HiG"	0.106780279013763	0.945	113	73	15	0	0.226617819204082	50	0.000640163331084979	50	5.5	62.5
"HiG_3"	"Dnajb11"	0.00378028313406976	"HiG"	0.151225429957594	0.939	98.5	79	10.2733712166411	0	0.24170971682919	45	0.000682795810251948	45	27	62.5
"HiG_3"	"Dnajc3"	0.00374173486589039	"HiG"	0.13722092563298	0.941	102.5	80	11.4286567479716	0	0.230256579385795	48	0.000650442314649139	48	19	62.5
"HiG_3"	"Dstn"	0.00367465762544547	"HiG"	0.00802983086139876	0.919	64	81	15.6266894863418	0	0.101240055285893	77	0.00028598885673981	77	3	62.5
"HiG_3"	"Dynll1"	0.00470192219268295	"HiG"	0.0581433200999765	0.916	45	65	7.03859185826765	0	0.153430879342306	61	0.000433420563113859	61	50	62.5
"HiG_3"	"Ebna1bp2"	0.00668352483840968	"HiG"	0	0.902	7.5	37	2	0	0.0999537313181378	78	0.000282355173215079	78	108.5	62.5
"HiG_3"	"Efhd2"	0.00181732142387703	"HiG"	4.58508960201285e-05	0.914	33.5	110	2	0	0.00762314362662342	122	2.15343040300097e-05	122	108.5	62.5
"HiG_3"	"Eif3m"	0.0038295360756622	"HiG"	0.0756610389424961	0.94	100.5	77	12	0	0.211551631064059	51	0.000597603477582086	51	15.5	62.5
"HiG_3"	"Eif4a1"	0.00476751453465366	"HiG"	0.0180421436926317	0.933	94	61	5.52288717356283	0	0.259455871789695	41	0.000732926191496315	41	69	62.5
"HiG_3"	"Eif4a3"	0.00861149277012378	"HiG"	0.0679370524417226	0.935	95	26	4.06126098990118	0	0.497403754370812	19	0.00140509535132998	19	81	62.5
"HiG_3"	"Eno1"	0.00362541607541487	"HiG"	0.0047754353425278	0.918	59	83	8	0	0.131129773312436	66	0.00037042308845321	66	45	62.5
"HiG_3"	"Ezr"	0.00440581434545478	"HiG"	0.000254118162917638	0.909	16	68	4.94491447048692	0	0.0568009829877419	97	0.000160454754202661	97	76	62.5
"HiG_3"	"Fam195b"	0.00147088582119051	"HiG"	0.00459718395753806	0.92	66.5	120	14	0	0.0331354596666975	106	9.36029934087499e-05	106	8.5	62.5
"HiG_3"	"Fermt2"	0.00661952290581544	"HiG"	0.00268371982882443	0.923	81.5	38	3.04339658672702	0	0.201515779409567	53	0.000569253614151318	53	92	62.5
"HiG_3"	"Fhl1"	0.00426841621278225	"HiG"	0.00029391078524126	0.918	59	70	2.8398263374957	0	0.11476818111372	70	0.000324203901451187	70	99	62.5
"HiG_3"	"Gabarap"	0.00177018942511497	"HiG"	0.0281150855566777	0.928	89	112	11	0	0.0638963845960635	93	0.000180498261570801	93	20.5	62.5
"HiG_3"	"Gpc3"	0.00319872032378512	"HiG"	0	0.903	13.5	89	2	0	0.00645886612616661	123	1.82453845371938e-05	123	108.5	62.5
"HiG_3"	"Hadh"	0.00327976575771119	"HiG"	0.000612889426493142	0.914	33.5	88	5	0	0.114924879856523	69	0.000324646553267015	69	74	62.5
"HiG_3"	"Hand1"	0.00630318310746822	"HiG"	0	0.902	7.5	41.5	1	0	0.11196997951018	72.5	0.000316299377147402	72	119.5	62.5
"HiG_3"	"Hand2"	0.0063031831074634	"HiG"	0	0.903	13.5	45.5	1	0	0.11196997951018	72.5	0.000316299377147402	73	119.5	62.5
"HiG_3"	"Hmgb1"	0.00164140980811365	"HiG"	0.0252985893042108	0.922	76.5	117	13.9846122856013	0	0.0529811398959651	100	0.000149664236994252	100	12	62.5
"HiG_3"	"Hsp90b1"	0.0159413173046988	"HiG"	0.725226463571467	0.942	106	9	10.5457341765438	0	1.22734147652505	5	0.00346706631786737	5	22	62.5
"HiG_3"	"Hspa5"	0.0311510836360744	"HiG"	1	0.953	123.5	1	8.81819937059782	0	2.32715725742938	1	0.00657389055771011	1	37	62.5
"HiG_3"	"Hspa8"	0.0251466152474385	"HiG"	0.477449304931988	0.946	116	2	6.39365555214885	0	1.60785127136646	2	0.00454195274397306	2	60	62.5
"HiG_3"	"Htra2"	0.00171269147219479	"HiG"	0.000559311049362584	0.913	26	114	6	0	0.0280047219452545	109	7.91093840261426e-05	109	64	62.5
"HiG_3"	"Id1"	0.00817545081164293	"HiG"	0.0775947283410801	0.942	106	29	6.15839388376811	0	0.470381257214077	21	0.00132876061359909	21	62	62.5
"HiG_3"	"Idh2"	0.00455953628095096	"HiG"	0.00103578071835406	0.92	66.5	66	5.30851596633715	0	0.178345945043362	55	0.000503802104642266	55	71	62.5
"HiG_3"	"Ifitm2"	0.00651158878771256	"HiG"	0	0.902	7.5	39	2	0	0.0159551234112425	118	4.50709700882556e-05	118	108.5	62.5
"HiG_3"	"Igfbp2"	0.00180715500496212	"HiG"	0.000193369941073887	0.917	51	111	4	0	0.022827447290781	113	6.44843143807372e-05	113	84	62.5
"HiG_3"	"Ilf2"	0.00675512026862649	"HiG"	0.0751064085889959	0.944	110	36	8.52101089653582	0	0.401225624921879	29	0.0011334057201183	29	39	62.5
"HiG_3"	"Ilk"	0.0063031831074634	"HiG"	0	0.902	7.5	45.5	1	0	0.0339164375240512	104.5	9.58091455481673e-05	105	119.5	62.5
"HiG_3"	"Itgb1"	0.00382607869102204	"HiG"	0.00858345009103526	0.917	51	78	4.8084804697777	0	0.0861559746611012	84	0.000243378459494636	84	77	62.5
"HiG_3"	"Krt18"	0.0063031831074634	"HiG"	0	0.901	1.5	47.5	1	0	0.423185690848107	24.5	0.00119543980465567	25	119.5	62.5
"HiG_3"	"Krt8"	0.00630318310746822	"HiG"	0	0.902	7.5	43.5	1	0	0.423185690848107	24.5	0.00119543980465567	24	119.5	62.5
"HiG_3"	"Lgals1"	0.00471770297497904	"HiG"	7.62700272337506e-05	0.918	59	63	4	0	0.204514181028179	52	0.000577723675220844	52	84	62.5
"HiG_3"	"Lrpap1"	0.00109040625708999	"HiG"	0.00514570279984564	0.914	33.5	123	10	0	0.0112338118364884	121	3.17339317414926e-05	121	30.5	62.5
"HiG_3"	"Lrrc59"	0.00302678427308799	"HiG"	0	0.901	1.5	90	2	0	0.0362552568629285	103	0.000102415979838781	103	108.5	62.5
"HiG_3"	"Map1b"	0.00471714918602403	"HiG"	0.00615875339889542	0.917	51	64	8.20145848916894	0	0.135235030107418	65	0.000382019859060502	65	41	62.5
"HiG_3"	"Mapk3"	0.00293565878548194	"HiG"	0.00145087341125716	0.914	33.5	92	6	0	0.0726452776256162	85	0.000205212648659933	85	64	62.5
"HiG_3"	"Marcksl1"	0.00176998963270086	"HiG"	0.00463480443104218	0.918	59	113	19	0	0.0475010507543521	101	0.000134183759193085	101	1.5	62.5
"HiG_3"	"Mat2a"	0.0023061976372198	"HiG"	0.00521406316427026	0.921	71	104	2	0	0.0668503535211665	92	0.000188842806556968	92	108.5	62.5
"HiG_3"	"Mtap"	0.00263830992242382	"HiG"	0.00609458298396899	0.913	26	99	5.88983082659286	0	0.0196083060479244	116	5.53906950506339e-05	116	66	62.5
"HiG_3"	"Myh10"	0.0104827382218902	"HiG"	0.0602429114460898	0.928	89	17	7.73537439583472	0	0.453936981785439	22	0.00128230785815096	22	47	62.5
"HiG_3"	"Myl12a"	0.00279605573628694	"HiG"	0.00560512161723863	0.922	76.5	94	7	0	0.0942777822241393	80	0.000266321418712258	80	52.5	62.5
"HiG_3"	"Myl12b"	0.0055648934224348	"HiG"	0.00323813442914159	0.918	59	56	6.88255479459144	0	0.163916259445886	60	0.000463040280920583	60	55	62.5
"HiG_3"	"Myl6"	0.00293623523869189	"HiG"	0.000220459735613632	0.915	40	91	3	0	0.0689865899480629	87	0.000194877372734641	87	95	62.5
"HiG_3"	"Myl9"	0.00289856625815218	"HiG"	0.000669748334016024	0.921	71	93	4	0	0.062914351846985	95	0.000177724157759845	95	84	62.5
"HiG_3"	"Ncl"	0.0152714471803406	"HiG"	0.37890341440901	0.953	123.5	10	11.5256968931091	0	0.989852824873952	6	0.00279619442054789	6	17	62.5
"HiG_3"	"Ndn"	0.00836873426443708	"HiG"	0.0107867890401611	0.924	84	28	3.91886740631612	0	0.229142919691528	49	0.0006472963833094	49	87	62.5
"HiG_3"	"Nono"	0.00639513948066778	"HiG"	0.00929186299645629	0.921	71	40	6.77259895948825	0	0.243362160175696	44	0.000687463729309875	44	56	62.5
"HiG_3"	"Npm1"	0.0224172720650834	"HiG"	0.362398333975543	0.946	116	3	8.19412303025866	0	1.3977000625533	3	0.00394830526144999	3	42	62.5
"HiG_3"	"P4hb"	0.00896527822887548	"HiG"	0.191949249192925	0.942	106	25	6.92919576189835	0	0.568852849057234	16	0.00160692895213908	16	54	62.5
"HiG_3"	"Pa2g4"	0.00388405357120843	"HiG"	0.00200203191980015	0.917	51	76	14	0	0.121204622754214	68	0.000342385939983655	68	8.5	62.5
"HiG_3"	"Pabpc1"	0.00767839447364097	"HiG"	0.140581817216195	0.951	121.5	32	10.472988843851	0	0.411609481925114	26	0.00116273864950597	26	24	62.5
"HiG_3"	"Paics"	0.00274924917293219	"HiG"	0.0639331314287777	0.936	96.5	96	15	0	0.13568410715063	64	0.000383288438278616	64	5.5	62.5
"HiG_3"	"Pdia3"	0.0143095400933475	"HiG"	0.515235477614157	0.944	110	11	9.72892818323196	0	0.984252109821506	7	0.00278037319158618	7	34	62.5
"HiG_3"	"Pdia4"	0.0119947365402637	"HiG"	0.464138745214081	0.944	110	15	10.5167112697155	0	0.79028204513318	13	0.00223243515574345	13	23	62.5
"HiG_3"	"Pdia6"	0.0186578481168887	"HiG"	0.769680092627795	0.945	113	5	9.77446413143105	0	1.39724959841275	4	0.00394703276387783	4	33	62.5
"HiG_3"	"Pdlim1"	0.00391789144377264	"HiG"	0.00216693643210915	0.915	40	75	6	0	0.108498575744958	74	0.000306493151821917	74	64	62.5
"HiG_3"	"Peg3"	0.00148260909096506	"HiG"	0.00036594412382404	0.916	45	119	14	0	0.0221545516025747	115	6.25834791033184e-05	115	11	62.5
"HiG_3"	"Pkm"	0.00345836000767446	"HiG"	0.022043588730093	0.942	106	86	8.2730818596499	0	0.177100890065557	56	0.000500285000185189	56	40	62.5
"HiG_3"	"Ppid"	0.00506150556638851	"HiG"	0.07740498446507	0.941	102.5	59	10.3374102388011	0	0.293904339093102	39	0.000830238246025711	39	26	62.5
"HiG_3"	"Ppp1cb"	0.00586852998665052	"HiG"	0.000811012453841425	0.913	26	53	2.47178117777546	0	0.178817098468392	54	0.000505133046520882	54	101	62.5
"HiG_3"	"Prdx4"	0.00530427525156839	"HiG"	0.156170287802122	0.947	118.5	57	10.2557835053835	0	0.343088722793172	32	0.000969177183031559	32	29	62.5
"HiG_3"	"Ptma"	0.00577936654582553	"HiG"	0.00841727843632155	0.92	66.5	54	7.29821648337513	0	0.236812852942015	46	0.000668962861418122	46	48	62.5
"HiG_3"	"Rbbp7"	0.00473019486612788	"HiG"	0.237421297631325	0.947	118.5	62	15.5704723153768	0	0.310198816580709	37	0.000876267843448331	37	4	62.5
"HiG_3"	"Rcn2"	0.00181945025531188	"HiG"	0.00268394471746605	0.913	26	109	12	0	0.0461023603171303	102	0.00013023265626308	102	15.5	62.5
"HiG_3"	"Rrbp1"	0.0024550154044951	"HiG"	0.0213460449634705	0.936	96.5	102	10	0	0.112683745010126	71	0.000318315663870411	71	30.5	62.5
"HiG_3"	"Rsl1d1"	0.00442448490737231	"HiG"	0.00546369227136723	0.921	71	67	4.5267561077093	0	0.169161421824331	58	0.000477857123797546	58	78	62.5
"HiG_3"	"Rtn4"	0.000998143425152876	"HiG"	1.80600792256369e-05	0.914	33.5	124	4	0	0.00169651512527535	124	4.79241560812246e-06	124	84	62.5
"HiG_3"	"S100a10"	0.00972594116487971	"HiG"	0.000377885949280291	0.917	51	20	2.44961700756751	0	0.448204635242865	23	0.00126611478882165	23	102	62.5
"HiG_3"	"Sdf2l1"	0.00925443985786783	"HiG"	0.34004462750937	0.949	120	22	8.92220097684896	0	0.661302475183493	14	0.00186808608808896	14	36	62.5
"HiG_3"	"Set"	0.0136348453860836	"HiG"	0.0369013223147276	0.921	71	12	3.64402618687882	0	0.567081668088313	17	0.00160192561606868	17	89	62.5
"HiG_3"	"Slc25a4"	0.00841733801603273	"HiG"	0.00696304049341626	0.923	81.5	27	6.55648819903536	0	0.354920052289831	30	0.00100259901776788	30	58	62.5
"HiG_3"	"Slc25a5"	0.00348562148050338	"HiG"	0.00288218937438881	0.922	76.5	85	7.08181724325451	0	0.124825317488597	67	0.000352613891210726	67	49	62.5
"HiG_3"	"Slc2a1"	0.00111463643870003	"HiG"	0.00576676369828117	0.915	40	122	11	0	0.0131059658487318	120	3.70225023975475e-05	120	20.5	62.5
"HiG_3"	"Slc9a3r1"	0.00184118065808398	"HiG"	3.40706400372993e-06	0.908	15	108	3	0	0.0135854758599585	119	3.83770504518601e-05	119	95	62.5
"HiG_3"	"Ssb"	0.0107778128512362	"HiG"	0.0606723059260247	0.922	76.5	16	8.03089825337919	0	0.502542375820283	18	0.00141961123113074	18	43	62.5
"HiG_3"	"Tagln2"	0.00252022665698954	"HiG"	0.00885208832988724	0.931	92.5	101	19	0	0.0907230290503178	82	0.000256279743079994	82	1.5	62.5
"HiG_3"	"Tbcb"	0.00604904848817706	"HiG"	0.0318557693654442	0.928	89	51	5.56645505122085	0	0.2533519252147	43	0.0007156834045613	43	68	62.5
"HiG_3"	"Tbrg1"	0.00259262320231778	"HiG"	0.000564835104886223	0.92	66.5	100	4	0	0.0530590861066484	99	0.00014988442403008	99	84	62.5
"HiG_3"	"Tmsb4x"	0.00630318310746822	"HiG"	0	0.902	7.5	41.5	1	0	0.0339164375240512	104.5	9.58091455481673e-05	104	119.5	62.5
"HiG_3"	"Tnnc1"	0.00269403991353043	"HiG"	1.56287320488014e-05	0.912	21	97	3	0	0.0869491748931215	83	0.000245619138116162	83	95	62.5
"HiG_3"	"Tnnt2"	0.00528665280858274	"HiG"	0.000186410423413014	0.913	26	58	3	0	0.232276862873644	47	0.000656149330151536	47	98	62.5
"HiG_3"	"Top1"	0.00919924021089735	"HiG"	0	0.902	7.5	24	1	0	0.136208988181066	63	0.00038477115305386	63	119.5	62.5
"HiG_3"	"Tpm1"	0.0102445723234682	"HiG"	0.00109452130256514	0.912	21	18	2.66686796901163	0	0.48226044791524	20	0.00136231764947808	20	100	62.5
"HiG_3"	"Tpm4"	0.00557809274730661	"HiG"	0.00631408990585842	0.915	40	55	7.00405346594593	0	0.25700149192529	42	0.000725992915043193	42	51	62.5
"HiG_3"	"Tuba1a"	0.016176850181425	"HiG"	0.0974040701518265	0.942	106	8	9.28987434798881	0	0.803633458330495	12	0.00227015101223304	12	35	62.5
"HiG_3"	"Tubb2b"	0.00164481957033955	"HiG"	0.000476457020485784	0.916	45	116	14	0	0.0288450912572566	108	8.14833086363181e-05	108	8.5	62.5
"HiG_3"	"Tubb4b"	0.00432933189053968	"HiG"	0.00937063061292678	0.927	87	69	10.4339302526592	0	0.164184021066035	59	0.000463796669678065	59	25	62.5
"HiG_3"	"Ubc"	0.0179515656438696	"HiG"	0.0167371721588266	0.914	33.5	7	3.55464498042353	0	0.629366320393558	15	0.00177787096156372	15	90	62.5
"HiG_3"	"Ube2r2"	0.00366627096508917	"HiG"	0.000184432258690066	0.911	18.5	82	3	0	0.0573267335244664	96	0.000161939925210357	96	95	62.5
"HiG_3"	"Ugdh"	0.00408154943190002	"HiG"	0.0790319776789553	0.926	85.5	72	6.47005981884314	0	0.170442883112348	57	0.000481477070938835	57	59	62.5
"HiG_3"	"Vim"	0.00969760147136586	"HiG"	0.0202372922795188	0.918	59	21	3.35882569113333	0	0.300883242489649	38	0.000849952662400138	38	91	62.5
"HiG_3"	"Ywhae"	0.0184918920694587	"HiG"	0.0589903096102005	0.923	81.5	6	5.49661070984479	0	0.829135528503486	11	0.00234219075848442	11	70	62.5
"HiG_3"	"Ywhaq"	0.00603135795931595	"HiG"	0.0177716683199274	0.923	81.5	52	13.2499397107819	0	0.272385593119434	40	0.000769450828020999	40	13	62.5
"HiG_4"	"2810474O19Rik"	0.00331286168398456	"HiG"	0.0188501025758124	0.936	31.5	85	19	0	0.0655129385012321	64	0.000238228867277208	64	3	60
"HiG_4"	"Aldh2"	0.00293039594117082	"HiG"	0.0022079039226154	0.947	116.5	91	3.83291413977662	0	0.0465310372038039	76	0.000169203771650196	76	79	60
"HiG_4"	"Anp32a"	0.00461280250246324	"HiG"	0.00258495156760599	0.94	80.5	61	6.22926883660786	0	0.0720807392269427	61	0.000262111779007064	61	59	60
"HiG_4"	"Apex1"	0.00432844804361229	"HiG"	0.00487489817862357	0.944	104	66	7.8875480850546	0	0.0731584388463881	59	0.000266030686714138	59	41	60
"HiG_4"	"Asf1a"	0.0014354558054108	"HiG"	0.00319527463878864	0.934	15	114	19	0	0.0111050764877063	112	4.03820963189322e-05	112	3	60
"HiG_4"	"Atp5b"	0.00778919283105666	"HiG"	0.0116970541249119	0.937	42.5	30	6.50386329530658	0	0.179684594317985	32	0.000653398524792673	32	56	60
"HiG_4"	"Basp1"	0.00701508242721657	"HiG"	0	0.938	56	35	1	0	0.0323114978456562	91.5	0.000117496355802386	91	115	60
"HiG_4"	"Bccip"	0.00221979180359099	"HiG"	0.0134786664972989	0.933	8.5	105	4	0	0.0432391461171706	78	0.000157233258607893	78	76	60
"HiG_4"	"Bzw2"	0.00517489399936536	"HiG"	0.0247221255876479	0.938	56	56	17.7304538708424	0	0.0924316122975349	49	0.000336114953809218	49	6	60
"HiG_4"	"C1qbp"	0.00204409495986183	"HiG"	7.22920379707377e-05	0.941	90	106	2	0	0.0182336587470699	104	6.63042136257088e-05	104	103	60
"HiG_4"	"Cacybp"	0.00635476808921861	"HiG"	0.000271658731620854	0.931	2	43	3.11083492579716	0	0.0825769544328455	55	0.000300279834301256	55	83	60
"HiG_4"	"Cbx1"	0.00860553280243449	"HiG"	0.092460169118823	0.935	23	26	6.1601383894994	0	0.226042427959298	25	0.000821972465306539	25	61	60
"HiG_4"	"Ccnb1"	0.00142906708558134	"HiG"	0.000309744324532813	0.935	23	115	2	0	0.00801225030366198	114	2.91354556496799e-05	114	103	60
"HiG_4"	"Ccnd1"	0.00168707629901358	"HiG"	0.0188984308226399	0.939	69	110	11.4923238187796	0	0.0222596031431796	100	8.09440114297442e-05	100	15	60
"HiG_4"	"Ccnd2"	0.00401665911791378	"HiG"	0.00419998857820074	0.942	96.5	72	8	0	0.0875583695232724	53	0.000318394070993718	53	37.5	60
"HiG_4"	"Ccne1"	0.00192057917656811	"HiG"	0.00139746248258888	0.941	90	107	8	0	0.0205010508307279	102	7.45492757481013e-05	102	37.5	60
"HiG_4"	"Cct8"	0.00363968090901975	"HiG"	0.00923655205808432	0.94	80.5	76	7.79918035036626	0	0.0809451155814035	56	0.000294345874841467	56	43	60
"HiG_4"	"Cd81"	0.0102382284072866	"HiG"	0	0.937	42.5	19	1	0	0.0510627446150607	74	0.00018568270769113	74	115	60
"HiG_4"	"Cdc20"	0.0060195678529694	"HiG"	0.00893650132826589	0.932	4	46	6.52883044698412	0	0.0999747584860425	45	0.000363544576312882	45	55	60
"HiG_4"	"Cdx2"	0.00886413596681031	"HiG"	0.0386214813881756	0.937	42.5	25	11.7547471849542	0	0.207747995225512	29	0.000755447255365499	29	14	60
"HiG_4"	"Cnn3"	0.00231854633223822	"HiG"	0.0105589621653246	0.934	15	101	19	0	0.0366973408336446	88	0.000133444875758708	88	3	60
"HiG_4"	"Dbn1"	0.00421384756849587	"HiG"	0.00617003891360953	0.939	69	68	7.79121839416405	0	0.0410288237067256	82	0.000149195722569911	82	44	60
"HiG_4"	"Ddx39b"	0.0030289799800402	"HiG"	0.013550352024802	0.941	90	89	4	0	0.0798991393026784	57	0.000290542324737012	57	76	60
"HiG_4"	"Ddx5"	0.0234038525231575	"HiG"	0.585952552986264	0.947	116.5	5	8.55672729862777	0	0.910548894448105	5	0.0033110868889022	5	30	60
"HiG_4"	"Dek"	0.00701508242721657	"HiG"	0	0.935	23	35	1	0	0.00723758953213556	115.5	2.63185073895839e-05	115	115	60
"HiG_4"	"Dkc1"	0.00421238316242001	"HiG"	0.0262139202509148	0.938	56	69	3.49885875070246	0	0.108696657560658	42	0.000395260572947848	42	81	60
"HiG_4"	"Dnaja1"	0.00813091564365017	"HiG"	0.25044847939642	0.946	112.5	28	14.763483833797	0	0.271619982913259	23	0.000987709028775486	23	8	60
"HiG_4"	"Dut"	0.00175480518714717	"HiG"	0.000348467339568657	0.939	69	109	9	0	0.0139104884783967	109	5.05835944668972e-05	109	25.5	60
"HiG_4"	"Ebna1bp2"	0.00263980211200073	"HiG"	0.000197125149895706	0.934	15	95	2	0	0.0200642697628286	103	7.29609809557402e-05	103	103	60
"HiG_4"	"Eif4a1"	0.00536370644049386	"HiG"	0.0451365169450896	0.939	69	53	5.27197203093648	0	0.175172714550816	33	0.000636991689275695	33	70	60
"HiG_4"	"Eif4a3"	0.0094175766729423	"HiG"	0.110571764932128	0.939	69	22	4.2738439334663	0	0.32356054539547	18	0.00117658380143807	18	73	60
"HiG_4"	"Eno1"	0.00224452213065743	"HiG"	0.00168920620877748	0.938	56	104	8	0	0.0352153675361913	89	0.000128055881949786	89	37.5	60
"HiG_4"	"Ezh2"	0.00581099594044517	"HiG"	0.014623473321418	0.941	90	48	6.12233438903076	0	0.0993757783676864	46	0.000361366466791587	46	62	60
"HiG_4"	"Fam162a"	0.00133108205906911	"HiG"	0.00460126333970227	0.936	31.5	118	8	0	0.0103607332741354	113	3.76753937241289e-05	113	37.5	60
"HiG_4"	"Fbl"	0.00314820979403049	"HiG"	0.00342337957535512	0.936	31.5	87	3	0	0.0577912239374556	72	0.000210149905227111	72	84	60
"HiG_4"	"Fbxo5"	0.00459728423245796	"HiG"	0.000949416558118318	0.932	4	62	2	0	0.0692667868945138	63	0.000251879225070959	63	103	60
"HiG_4"	"Fermt2"	0.00162297857848948	"HiG"	5.5848968394034e-06	0.935	23	112	2.24610309441947	0	0.00435891247215643	118	1.58505908078416e-05	118	96	60
"HiG_4"	"Fhl1"	0.00336930034439469	"HiG"	0.000138460901899854	0.936	31.5	84	2	0	0.0179142300488137	105	6.51426547229589e-05	105	103	60
"HiG_4"	"Fkbp4"	0.00352138073493557	"HiG"	0.00113223375553028	0.93	1	78	2.38468474636657	0	0.039227295618825	85	0.000142644711341182	85	95	60
"HiG_4"	"Fn1"	0.00136250134457786	"HiG"	0.000247198910615012	0.938	56	117	2	0	0.00651923308911864	117	2.37063021422496e-05	117	103	60
"HiG_4"	"Gnl3"	0.00259147029602133	"HiG"	0.000294790853920623	0.933	8.5	96	2.14023357704274	0	0.0280573643783996	95	0.000102026779557817	95	97	60
"HiG_4"	"Gpc3"	0.00578003946671451	"HiG"	0	0.937	42.5	50	2	0	0.027740699474577	96	0.000100875270816643	96	103	60
"HiG_4"	"Gtpbp4"	0.00590923018005775	"HiG"	0.00302879342175174	0.934	15	47	2.72927776818422	0	0.0891052783047374	52	0.000324019193835409	52	92	60
"HiG_4"	"H2afy"	0.00701508242721121	"HiG"	0	0.936	31.5	39	1	0	0.00723758953213556	115.5	2.63185073895839e-05	116	115	60
"HiG_4"	"Hadh"	0.00349541010387396	"HiG"	0.00110141407507239	0.939	69	79	2.93977348135677	0	0.0645453078928523	65	0.000234710210519463	65	89	60
"HiG_4"	"Hdac1"	0.0147482734901583	"HiG"	0.0444426349419162	0.943	100	12	5.03290406373156	0	0.295977038702592	22	0.0010762801407367	22	71	60
"HiG_4"	"Hells"	0.00551279363893642	"HiG"	0.0131343573529042	0.934	15	51	9.96732372698489	0	0.0911775111700215	51	0.000331554586072805	51	19	60
"HiG_4"	"Hmgb1"	0.00339096797850386	"HiG"	0.0724740389473897	0.941	90	82	9.85948829692989	0	0.0870867291165695	54	0.000316679014969344	54	22	60
"HiG_4"	"Hmgb3"	0.00701508242721657	"HiG"	0	0.938	56	35	1	0	0.0638274133408202	66.5	0.00023209968487571	66	115	60
"HiG_4"	"Hnrnpa1"	0.00724194751990841	"HiG"	0.113083812466035	0.938	56	32	8.26040260682408	0	0.197523383808044	31	0.000718266850211069	31	32	60
"HiG_4"	"Hnrnpdl"	0.0054843345724975	"HiG"	0.150944674811051	0.944	104	52	7.77332220584482	0	0.200545479979891	30	0.000729256290835967	30	45	60
"HiG_4"	"Hsp90aa1"	0.0135323344623553	"HiG"	0.289549194445487	0.94	80.5	14	6.91318499020729	0	0.427423793563491	12	0.00155426834023087	12	51	60
"HiG_4"	"Hsp90b1"	0.00991374906980914	"HiG"	0.484864208609874	0.946	112.5	20	6.79796298784647	0	0.417936892338088	14	0.00151977051759305	14	52	60
"HiG_4"	"Hspa5"	0.0304532975604071	"HiG"	1	0.945	108	4	7.63529275873382	0	1.26747795492842	2	0.00460901074519425	2	47	60
"HiG_4"	"Hspa8"	0.0373304859308316	"HiG"	0.773314190253497	0.953	118.5	2	5.92049577847988	0	1.40741947973335	1	0.00511788901721218	1	65	60
"HiG_4"	"Hspd1"	0.00500012310209154	"HiG"	0.0363864962882397	0.938	56	58	14.1136124427052	0	0.123595022725518	39	0.000449436446274612	39	9	60
"HiG_4"	"Hspe1"	0.00705626461720708	"HiG"	0.0336563815798855	0.946	112.5	33	6.11765614524018	0	0.150523916988576	37	0.000547359698140275	37	63	60
"HiG_4"	"Id1"	0.0128579070194125	"HiG"	0.246007805708503	0.945	108	15	6.36155434963664	0	0.447201495336365	11	0.0016261872557686	11	58	60
"HiG_4"	"Ifitm2"	0.0050269794076379	"HiG"	0	0.937	42.5	57	2	0	0.0233220451404837	99	8.48074368744863e-05	99	103	60
"HiG_4"	"Ilf2"	0.00938049118977862	"HiG"	0.165864077666608	0.943	100	23	6.55656755287024	0	0.347250446185513	17	0.00126272889522005	17	54	60
"HiG_4"	"Impdh2"	0.00408564744154576	"HiG"	0.112420586104224	0.939	69	71	10	0	0.126853013644009	38	0.000461283685978216	38	18	60
"HiG_4"	"Krt8"	0.00140125694666231	"HiG"	0.00575933482267655	0.937	42.5	116	8	0	0.0129683801010296	110	4.71577458219259e-05	110	37.5	60
"HiG_4"	"Ldha"	0.00329331993051506	"HiG"	0.0346003247765045	0.942	96.5	86	7	0	0.0916995180091665	50	0.000333452792760606	50	49.5	60
"HiG_4"	"Mapk3"	0.00227351919439632	"HiG"	0.00124756051449877	0.937	42.5	103	3	0	0.0245467334090094	98	8.92608487600342e-05	98	86.5	60
"HiG_4"	"Mat2a"	0.00232533410075272	"HiG"	0.000468663097792537	0.935	23	100	2	0	0.0178950140557005	106	6.50727783843654e-05	106	103	60
"HiG_4"	"Mcm7"	0.00340370615605023	"HiG"	0.000921732152408145	0.933	8.5	81	2	0	0.0457542745432235	77	0.000166379180157176	77	103	60
"HiG_4"	"Mrto4"	0.00701508242721121	"HiG"	0	0.94	80.5	41	1	0	0.0622049914521943	68.5	0.00022619996891707	69	115	60
"HiG_4"	"Msx2"	0.00277754453550795	"HiG"	0.00277665602207001	0.943	100	93	8	0	0.0407340926551732	83	0.000148123973291539	83	37.5	60
"HiG_4"	"Myl12b"	0.00415792296040738	"HiG"	0.00154043461847497	0.94	80.5	70	9	0	0.0614927012630336	70	0.000223609822774668	70	25.5	60
"HiG_4"	"Ncl"	0.0194289475048224	"HiG"	0.437554690355713	0.944	104	8	7.81676314770811	0	0.690037995209869	6	0.00250922907349043	6	42	60
"HiG_4"	"Ndn"	0.00622933767392225	"HiG"	0.00295542860137651	0.935	23	44	2.6093012758195	0	0.0970922085051727	47	0.000353062576382446	47	94	60
"HiG_4"	"Nop58"	0.00701508242721657	"HiG"	0	0.938	56	37	1	0	0.0622049914521943	68.5	0.00022619996891707	68	115	60
"HiG_4"	"Npm1"	0.0309951376226209	"HiG"	0.577804368272924	0.944	104	3	5.41781920852651	0	1.10175679580083	3	0.00400638834836667	3	68	60
"HiG_4"	"Nr6a1"	0.00302248122276432	"HiG"	0.0164287528780422	0.937	42.5	90	19	0	0.0570976137993103	73	0.000207627686542947	73	3	60
"HiG_4"	"Nsun2"	0.00609317659065225	"HiG"	0.0302790503071109	0.935	23	45	5.93240379573905	0	0.113582184352166	41	0.000413026124916967	41	64	60
"HiG_4"	"Paics"	0.00488399499643764	"HiG"	0.201584158952455	0.953	118.5	59	13	0	0.169955876810372	34	0.000618021370219533	34	11	60
"HiG_4"	"Pcna"	0.00519774939881423	"HiG"	7.13701529989891e-05	0.933	8.5	55	1.44738561400034	0	0.0293987370990915	93	0.000106904498542151	93	110	60
"HiG_4"	"Pdia6"	0.0109868017784806	"HiG"	0.446850719285702	0.946	112.5	18	5.36460308406089	0	0.420773321131788	13	0.00153008480411559	13	69	60
"HiG_4"	"Peg3"	0.00280851228417227	"HiG"	0.000871115207759212	0.94	80.5	92	9	0	0.0347740998507642	90	0.000126451272184597	90	25.5	60
"HiG_4"	"Pja1"	0.00237718252928929	"HiG"	0.000597882067815468	0.942	96.5	98	3	0	0.0266563545149008	97	9.6932198236003e-05	97	86.5	60
"HiG_4"	"Pou5f1"	0.0414138238522634	"HiG"	0.187595494257908	0.936	31.5	1	3.28998663722644	0	1.02015871656792	4	0.00370966806024696	4	82	60
"HiG_4"	"Ppid"	0.00828889362544897	"HiG"	0.224058741177417	0.945	108	27	10.0753076192435	0	0.301761204487075	20	0.00109731347086209	20	17	60
"HiG_4"	"Ppp1cb"	0.00528920901877881	"HiG"	0.0252048788419627	0.935	23	54	17.4913823458458	0	0.0955977845471862	48	0.000347628307444313	48	7	60
"HiG_4"	"Prdx1"	0.00265235893456568	"HiG"	0.00702891568556769	0.937	42.5	94	3	0	0.0503940253084916	75	0.000183251001121788	75	86.5	60
"HiG_4"	"Prdx4"	0.00578715435304875	"HiG"	0.090937926802831	0.937	42.5	49	6.64012912198774	0	0.15492333841904	36	0.000563357594251056	36	53	60
"HiG_4"	"Prps1"	0.00442542002792796	"HiG"	0.0196474693628165	0.939	69	63	8.70178963924879	0	0.106659385331351	43	0.000387852310295821	43	29	60
"HiG_4"	"Psip1"	0.00701508242721121	"HiG"	0	0.938	56	39	1	0	0.0638274133408202	66.5	0.00023209968487571	67	115	60
"HiG_4"	"Ptk7"	0.00701508242721121	"HiG"	0	0.938	56	39	1	0	0.0323114978456562	91.5	0.000117496355802386	92	115	60
"HiG_4"	"Ptma"	0.0121596887014672	"HiG"	0.0108956392508938	0.938	56	17	5.80795787202186	0	0.314714391507577	19	0.00114441596911846	19	66	60
"HiG_4"	"Ran"	0.00889290037401965	"HiG"	0.0186480821400514	0.941	90	24	3.94587665458399	0	0.219122990651513	27	0.000796810875096412	27	78	60
"HiG_4"	"Rangrf"	0.00236124791176508	"HiG"	0.001085322618927	0.939	69	99	4	0	0.0379455144803462	86	0.000137983689019441	86	76	60
"HiG_4"	"Rbbp7"	0.0153428043307746	"HiG"	0.2929631261406	0.946	112.5	11	8.11904402096514	0	0.452210957324849	10	0.00164440348118127	10	33	60
"HiG_4"	"Rcn2"	0.00155177429049482	"HiG"	0.00374281386520192	0.936	31.5	113	11	0	0.0160230631299706	108	5.8265684108984e-05	108	16	60
"HiG_4"	"Rps12"	0.00435066821563649	"HiG"	0.0365234641735466	0.941	90	65	7	0	0.123012454741893	40	0.000447318017243247	40	49.5	60
"HiG_4"	"Rps4x"	0.017313295778218	"HiG"	0.193579178543159	0.944	104	10	6.16330425402823	0	0.548837360476265	9	0.00199577221991369	9	60	60
"HiG_4"	"Rtn4"	0.00228971696221696	"HiG"	0.0050786435661194	0.933	8.5	102	13.0018679138697	0	0.0291061337765724	94	0.000105840486460263	94	10	60
"HiG_4"	"Sall4"	0.00800545261072753	"HiG"	0.045010577829391	0.94	80.5	29	12.289656786727	0	0.207919780767885	28	0.000756071930065036	28	12	60
"HiG_4"	"Serbp1"	0.00349310983109871	"HiG"	0.0684450465662619	0.939	69	80	12	0	0.101987147382024	44	0.000370862354116452	44	13	60
"HiG_4"	"Serpinh1"	0.00243794336496734	"HiG"	0.0115545593480636	0.934	15	97	19	0	0.040157507521993	84	0.000146027300079975	84	3	60
"HiG_4"	"Set"	0.0229754152664983	"HiG"	0.0312741999529454	0.941	90	6	2.64441807410318	0	0.576824412139237	8	0.00209754331686995	8	93	60
"HiG_4"	"Slc25a5"	0.00675318841830959	"HiG"	0.0262523625110978	0.942	96.5	42	9.88448737247827	0	0.157306770407767	35	0.000572024619664606	35	21	60
"HiG_4"	"Srsf9"	0.00485551875996149	"HiG"	0.00367064490489114	0.937	42.5	60	1.71639174244058	0	0.0588837532771601	71	0.000214122739189673	71	109	60
"HiG_4"	"Ssb"	0.0127284404650092	"HiG"	0.203238314066903	0.939	69	16	7.57641900585221	0	0.400685281855756	16	0.00145703738856639	16	48	60
"HiG_4"	"Sssca1"	0.00105668012652175	"HiG"	2.19124852171225e-06	0.934	15	119	9	0	8.74725802203236e-05	119	3.18082109892086e-07	119	25.5	60
"HiG_4"	"Tbcb"	0.00379046273206928	"HiG"	0.00297019026807369	0.939	69	74	3.78146480977204	0	0.0761895804685654	58	0.000277053019885692	58	80	60
"HiG_4"	"Timm8a1"	0.0016827119727971	"HiG"	0.000312708479352713	0.938	56	111	9	0	0.0124830284081065	111	4.53928305749329e-05	111	25.5	60
"HiG_4"	"Timm8b"	0.00190402555760818	"HiG"	0.000422481938817573	0.94	80.5	108	9	0	0.0168650816731553	107	6.13275697205648e-05	107	25.5	60
"HiG_4"	"Tnfaip1"	0.00435842137117603	"HiG"	2.40823581917495e-06	0.933	8.5	64	3	0	0.0219997704208665	101	7.99991651667875e-05	101	86.5	60
"HiG_4"	"Top1"	0.00387402394383005	"HiG"	0.00640552076233691	0.935	23	73	4.10735837234354	0	0.0416178822243198	81	0.000151337753542981	81	74	60
"HiG_4"	"Tra2b"	0.00370111055346804	"HiG"	0.000212767161289968	0.937	42.5	75	2	0	0.0377918359713272	87	0.000137424858077554	87	103	60
"HiG_4"	"Trim28"	0.00306529116618447	"HiG"	0.00668417803816982	0.932	4	88	8.07696425058101	0	0.04186464485226	80	0.000152235072190036	80	34	60
"HiG_4"	"Trp53"	0.00337321502080584	"HiG"	0.0459487877485597	0.936	31.5	83	8.33533519313241	0	0.0716152395348669	62	0.000260419052854061	62	31	60
"HiG_4"	"Tuba1a"	0.00966626186114283	"HiG"	0.0477878492271239	0.941	90	21	5.49322471755558	0	0.268603222663216	24	0.000976738991502605	24	67	60
"HiG_4"	"Tubb5"	0.0145480816302914	"HiG"	0.0930828981111339	0.946	112.5	13	7.65735995592389	0	0.410280365667273	15	0.00149192860242645	15	46	60
"HiG_4"	"Ubc"	0.01766411457972	"HiG"	0.0163326051808403	0.94	80.5	9	2.76845498181014	0	0.297290052841103	21	0.00108105473760401	21	90	60
"HiG_4"	"Ugdh"	0.00358132207911136	"HiG"	0.0170751481265498	0.937	42.5	77	2.74538110076326	0	0.042789919871095	79	0.000155599708622164	79	91	60
"HiG_4"	"Vim"	0.0042307616748928	"HiG"	0.0331362745376833	0.937	42.5	67	6.42985568271565	0	0.0722810058598179	60	0.000262840021308429	60	57	60
"HiG_4"	"Ywhae"	0.0226393187433799	"HiG"	0.152295983816615	0.94	80.5	7	4.4310455364089	0	0.617279652649801	7	0.00224465328236291	7	72	60
"HiG_4"	"Ywhaq"	0.00760674478143262	"HiG"	0.0683807058935788	0.939	69	31	9.92180842046067	0	0.221119096551204	26	0.000804069442004378	26	20	60
"HiG_5"	"Aldh2"	0.00374837825711009	"HiG"	0.000103057427200025	0.965	54.5	74	2.11899785413227	0	0.0437490512508256	68	0.00015737068795261	68	88	56
"HiG_5"	"Alpl"	0.00116712014696927	"HiG"	2.80623641385556e-05	0.963	36.5	111	9	0	0.0010445504723169	111	3.75737579970107e-06	111	26	56
"HiG_5"	"Anp32a"	0.00193145765868503	"HiG"	0.00221888751983213	0.962	27.5	102	7	0	0.0259897793516921	82	9.34884149341441e-05	82	46.5	56
"HiG_5"	"Apex1"	0.00545798829496721	"HiG"	0.0014200280529476	0.964	46	56	4.56749723914697	0	0.0663761297694724	55	0.000238763056724721	55	65	56
"HiG_5"	"Arid3b"	0.00276915575397385	"HiG"	0.0460900525604604	0.964	46	87	17	0	0.0520946902519048	65	0.000187390972129154	65	3.5	56
"HiG_5"	"Atp5b"	0.00868424111805538	"HiG"	0.00589223677347205	0.962	27.5	22	3.64219691902061	0	0.139518687002921	30	0.000501865780586047	30	72	56
"HiG_5"	"Basp1"	0.00503672618845266	"HiG"	0	0.957	5	62	3	0	0.0431747101269624	70	0.000155304712686915	70	79	56
"HiG_5"	"Bzw2"	0.00477017512196859	"HiG"	0.0639849823173169	0.963	36.5	63	15.0596264681868	0	0.082279977801311	46	0.000295971143170183	46	7	56
"HiG_5"	"Cacybp"	0.0017384670644677	"HiG"	0.000258452152282106	0.966	59.5	106	2	0	0.00851705134585114	101	3.06368753447883e-05	101	94	56
"HiG_5"	"Cbx1"	0.00532936307573198	"HiG"	0.0503881065016345	0.977	102.5	59	5.87049158947429	0	0.109374870420044	37	0.000393434785683612	37	56	56
"HiG_5"	"Ccnd1"	0.00183703275289733	"HiG"	0.0014826719192106	0.959	13	104	6.23971884832864	0	0.0123805900844051	97	4.45344967064932e-05	97	50	56
"HiG_5"	"Ccnd2"	0.00583953100699477	"HiG"	0.0126648559140768	0.963	36.5	53	7	0	0.148343170974585	28	0.000533608528685556	28	46.5	56
"HiG_5"	"Ccne1"	0.00237126603617019	"HiG"	0.0013007835887259	0.96	20.5	94	6	0	0.0208518049452268	87	7.50064926087296e-05	87	53	56
"HiG_5"	"Cct4"	0.00856687396780595	"HiG"	0.0736807020436239	0.966	59.5	23	7.37708630400344	0	0.238950324460799	20	0.000859533541225897	20	43	56
"HiG_5"	"Cct8"	0.0095112987348431	"HiG"	0.0347393342237735	0.963	36.5	20	5.15891689505563	0	0.27160285005277	18	0.000976988669254567	18	61	56
"HiG_5"	"Cd81"	0.0107155613763515	"HiG"	0	0.959	13	19	1	0	0.0587907466014245	62	0.00021147750576052	62	105	56
"HiG_5"	"Cdc20"	0.00217122109080089	"HiG"	0.0295663234145828	0.963	36.5	99	17	0	0.0334182404793279	75	0.000120209498127079	75	3.5	56
"HiG_5"	"Cdh2"	0.0073421439060204	"HiG"	0	0.959	13	31.5	1	0	0.00333893436836755	106.5	1.20105552818977e-05	106	105	56
"HiG_5"	"Cdx2"	0.00948362497810601	"HiG"	0.108240307295798	0.968	68.5	21	8.4697532777268	0	0.24122936361922	19	0.000867731523810144	19	34	56
"HiG_5"	"Cnn3"	0.00128026421173064	"HiG"	0.00494502102630724	0.962	27.5	109	17	0	0.00558926111695583	105	2.01052558163879e-05	105	3.5	56
"HiG_5"	"Dbn1"	0.00550414374514624	"HiG"	0.0196226162810474	0.969	75	55	8.17262439889702	0	0.0767967709986681	47	0.000276247377693051	47	37	56
"HiG_5"	"Ddx5"	0.0278057638118748	"HiG"	0.899607962517869	0.978	104.5	4	8.52321053993484	0	0.945380344235501	3	0.00340064872027159	3	33	56
"HiG_5"	"Dek"	0.0073421439060204	"HiG"	0	0.959	13	31.5	1	0	0.0180773444704004	90.5	6.50264189582747e-05	90	105	56
"HiG_5"	"Dkc1"	0.00237351333293889	"HiG"	5.27545101254761e-05	0.967	63.5	93	2	0	0.00809655598797286	102	2.91243021150103e-05	102	94	56
"HiG_5"	"Dnaja1"	0.00658570425921847	"HiG"	0.285093643739385	0.976	99	51	13.2380781291251	0	0.211731618350725	21	0.000761624526441456	21	8	56
"HiG_5"	"Dut"	0.00189762153254595	"HiG"	0.00033961318766844	0.968	68.5	103	9	0	0.0126412412665091	96	4.54720908867234e-05	96	26	56
"HiG_5"	"Ebna1bp2"	0.0073421439060148	"HiG"	0	0.959	13	37.5	1	0	0.00770589921862352	103.5	2.77190619374947e-05	104	105	56
"HiG_5"	"Eif4a1"	0.00659957407242761	"HiG"	0.0155477595741996	0.974	93	50	7.85258825915731	0	0.129820519978626	31	0.000466980287692901	31	40	56
"HiG_5"	"Eif4a3"	0.00714413685766162	"HiG"	0.0291448861378486	0.975	95.5	42	4.4113980868564	0	0.154190291819273	26	0.000554641337479399	26	66	56
"HiG_5"	"Ezh2"	0.00393290016464984	"HiG"	0.00239656837648213	0.962	27.5	70	5.45522485802563	0	0.0444683936960657	66	0.000159958250705272	66	59	56
"HiG_5"	"Fbl"	0.00354698245545609	"HiG"	0.012993181987926	0.963	36.5	77	3	0	0.0731868589654669	50	0.000263262082609593	50	79	56
"HiG_5"	"Fgfr1"	0.00359221122270409	"HiG"	0	0.957	5	75	2.89273223853328	0	0.0272687735767157	80	9.80891135853083e-05	80	83	56
"HiG_5"	"Fhl1"	0.00120748362332221	"HiG"	5.60859162841576e-05	0.965	54.5	110	3	0	0.0017426232807121	110	6.26842906730972e-06	110	79	56
"HiG_5"	"Fkbp4"	0.00344158898604142	"HiG"	0.0185010974786295	0.969	75	80	4.91099297592787	0	0.0391046667174068	72	0.00014066426876765	72	63	56
"HiG_5"	"Fn1"	0.00159304241818603	"HiG"	0.00104720323626775	0.962	27.5	108	2	0	0.0099783681952399	99	3.58934107742443e-05	99	94	56
"HiG_5"	"Gja1"	0.0073421439060148	"HiG"	0	0.959	13	37.5	1	0	0.00333893436836755	106.5	1.20105552818977e-05	107	105	56
"HiG_5"	"Gpc3"	0.00342386675197537	"HiG"	0	0.96	20.5	81	2	0	0.014991299819589	95	5.3925538919385e-05	95	94	56
"HiG_5"	"H2afy"	0.0073421439060148	"HiG"	0	0.959	13	37.5	1	0	0.0180773444704004	90.5	6.50264189582747e-05	91	105	56
"HiG_5"	"H3f3a"	0.00674970745152023	"HiG"	3.36973879820419e-05	0.962	27.5	48	2	0	0.0706009564058114	53	0.000253960274841048	53	94	56
"HiG_5"	"Hadh"	0.00706219865002749	"HiG"	0.000582621455088492	0.962	27.5	43	3.21464516666509	0	0.0981543791307345	41	0.000353073306225664	41	76	56
"HiG_5"	"Hdac1"	0.0109077648491004	"HiG"	0.0380336494148915	0.961	22	17	5.9938234046617	0	0.15223468808293	27	0.000547606791665215	27	54	56
"HiG_5"	"Hells"	0.00670985981474242	"HiG"	0.00405305442962395	0.962	27.5	49	2.05781098974575	0	0.0685281288711814	54	0.000246504060687703	54	89	56
"HiG_5"	"Hmgb1"	0.00460481160035265	"HiG"	0.106332765363931	0.973	89	64	7.6769868437048	0	0.123074746176536	33	0.000442714914304087	33	41	56
"HiG_5"	"Hnrnpa3"	0.0042946515592108	"HiG"	0.105080252236019	0.974	93	67	8.98271119236851	0	0.104977183663969	40	0.000377615768575429	40	30	56
"HiG_5"	"Hnrnpdl"	0.00382746968729968	"HiG"	0.159496049060654	0.977	102.5	72	10.9630848737396	0	0.108955279295665	38	0.000391925465092321	38	16	56
"HiG_5"	"Hsp90aa1"	0.0145569920971108	"HiG"	0.368700489646534	0.976	99	12	6.7708175405408	0	0.43877476666672	9	0.00157832649880115	9	48	56
"HiG_5"	"Hspa5"	0.0256963933095672	"HiG"	1	0.979	107	5	8.30438101340044	0	0.917112149744442	4	0.00329896456742605	4	36	56
"HiG_5"	"Hspa8"	0.0325177837186222	"HiG"	0.913585661664613	0.978	104.5	2	5.48612044056297	0	1.15693978929817	1	0.00416165391833873	1	58	56
"HiG_5"	"Hspd1"	0.00837432819385543	"HiG"	0.121126351232804	0.97	81	24	12.3004421851489	0	0.208603281180054	22	0.000750371515036167	22	9	56
"HiG_5"	"Hspe1"	0.00569475958991933	"HiG"	0.00775574473158778	0.971	85	54	6.34767175529178	0	0.0869371412011817	45	0.000312723529500654	45	49	56
"HiG_5"	"Id1"	0.0152390004433386	"HiG"	0.213687117071787	0.974	93	11	5.02771393712632	0	0.440309007624783	8	0.00158384535116828	8	62	56
"HiG_5"	"Id2"	0.00231690332634848	"HiG"	0.00219681152181248	0.965	54.5	96	12	0	0.0219519302344513	86	7.89637778217671e-05	86	10	56
"HiG_5"	"Id3"	0.00419884105303347	"HiG"	0.00559786827001316	0.967	63.5	68	12	0	0.0559374404699004	63	0.00020121381463993	63	12	56
"HiG_5"	"Ifitm2"	0.0078870035897231	"HiG"	0	0.959	13	28	2	0	0.0437994467818354	67	0.000157551966841135	67	94	56
"HiG_5"	"Ilf2"	0.0107565798812297	"HiG"	0.321966636604064	0.976	99	18	8.33320235732822	0	0.342989227667719	12	0.0012337742002436	12	35	56
"HiG_5"	"Impdh2"	0.00175789476666961	"HiG"	0.0298923968873725	0.968	68.5	105	8	0	0.0247931362644731	83	8.91839433973852e-05	83	38.5	56
"HiG_5"	"Ivns1abp"	0.00203125906385683	"HiG"	0.00168059234369798	0.964	46	101	12	0	0.0167935416921761	94	6.04084233531515e-05	94	12	56
"HiG_5"	"Ldha"	0.00441716222590475	"HiG"	0.0395045891118251	0.973	89	66	9	0	0.112713468088297	36	0.000405444129814017	36	26	56
"HiG_5"	"Lmo2"	0.00727268015372027	"HiG"	0.00683032758523473	0.968	68.5	41	5.96713474369394	0	0.0949248769952241	43	0.000341456392069151	43	55	56
"HiG_5"	"Magoh"	0.0031931616126377	"HiG"	0.00388127021351283	0.968	68.5	83	4.16062626708078	0	0.0432881338063325	69	0.00015571271153357	69	67	56
"HiG_5"	"Mcm7"	0.00642763374506311	"HiG"	0.000425440616371524	0.962	27.5	52	2	0	0.0639975158820159	57	0.000230206891661928	57	94	56
"HiG_5"	"Meis2"	0.00255494150966295	"HiG"	0.00262699651582777	0.964	46	92	12	0	0.0262506107915981	81	9.4426657523734e-05	81	14.5	56
"HiG_5"	"Mrto4"	0.0073421439060148	"HiG"	0	0.959	13	37.5	1	0	0.0635361712328342	59.5	0.000228547378535375	60	105	56
"HiG_5"	"Mtap"	0.0073421439060204	"HiG"	0	0.959	13	31.5	1	0	0.01680474461075	92.5	6.04487216214028e-05	92	105	56
"HiG_5"	"Myl12b"	0.00284487111218603	"HiG"	0.000743604737105721	0.97	81	86	9	0	0.0276788040924067	79	9.95640434978659e-05	79	26	56
"HiG_5"	"Ncam1"	0.0069746985941073	"HiG"	0	0.957	5	44	2.95412943111294	0	0.0637676918007944	58	0.000229380186333793	58	82	56
"HiG_5"	"Ncl"	0.0281999826299512	"HiG"	0.878330048265077	0.98	110	3	9.80877378190694	0	0.897682855443873	5	0.00322907501958228	5	19	56
"HiG_5"	"Ndufaf4"	0.00276694953166659	"HiG"	0.000304251807501103	0.963	36.5	88	4	0	0.0314818018020723	76	0.000113243891374361	76	69	56
"HiG_5"	"Nop58"	0.0073421439060204	"HiG"	0	0.959	13	31.5	1	0	0.0635361712328342	59.5	0.000228547378535375	59	105	56
"HiG_5"	"Npm1"	0.0189418153310253	"HiG"	0.735082148775448	0.979	107	9	9.21440399889747	0	0.607979382959883	7	0.00218697619769742	7	22	56
"HiG_5"	"Nr6a1"	0.00305088389690723	"HiG"	0.05387551778487	0.964	46	84	17	0	0.0608944502174756	61	0.000219044784954948	61	3.5	56
"HiG_5"	"Nsun2"	0.0039897445472289	"HiG"	0.0712763460357008	0.97	81	69	8.69844872959952	0	0.0734322111337518	49	0.000264144644366014	49	32	56
"HiG_5"	"Pa2g4"	0.00443784425732506	"HiG"	0.00142299030026555	0.97	81	65	9	0	0.052967211989191	64	0.000190529539529464	64	26	56
"HiG_5"	"Paics"	0.00379856336363752	"HiG"	0.169173931723305	0.976	99	73	12	0	0.112899175816179	35	0.000406112143223665	35	12	56
"HiG_5"	"Pcna"	0.00836978744428993	"HiG"	0.00314334914780311	0.969	75	25	3.937516131259	0	0.105380233093225	39	0.000379065586666278	39	71	56
"HiG_5"	"Pdia6"	0.00684424205949641	"HiG"	0.26126285958736	0.973	89	47	7.3918782513306	0	0.181054270596869	24	0.000651274354664996	24	42	56
"HiG_5"	"Pdlim4"	0.00265791275077737	"HiG"	0.00281308717626619	0.964	46	89	12	0	0.0281101463751773	78	0.000101115634443084	78	14.5	56
"HiG_5"	"Pkm"	0.00523320544934458	"HiG"	0.0723913605638854	0.973	89	60	7.20468430404218	0	0.144022162490704	29	0.000518065332700375	29	45	56
"HiG_5"	"Pou5f1"	0.0419357904265362	"HiG"	0.539411681041428	0.975	95.5	1	4.6102246852026	0	1.11338240118771	2	0.00400497266614284	2	64	56
"HiG_5"	"Ppid"	0.00821939797948702	"HiG"	0.29493241071557	0.979	107	26	9.55029775237599	0	0.277726979310935	16	0.000999017911190415	16	20	56
"HiG_5"	"Prdx1"	0.00204093653960211	"HiG"	0.000200810620533708	0.964	46	100	3	0	0.0105815401844246	98	3.80630941885777e-05	98	79	56
"HiG_5"	"Prdx4"	0.00359047648886674	"HiG"	0.0115702940483399	0.964	46	76	2.00061202484168	0	0.0343692439482292	74	0.000123630373914494	74	90	56
"HiG_5"	"Prps1"	0.0035414236531842	"HiG"	0.00397251801014585	0.969	75	78	6.19636991335527	0	0.0191577525237306	88	6.89127788623403e-05	88	51	56
"HiG_5"	"Ptk7"	0.0137649396188019	"HiG"	0	0.956	2.5	13	1.66364634383249	0	0.128361054905438	32	0.000461730413328914	32	98	56
"HiG_5"	"Ptma"	0.0125990417375887	"HiG"	0.016587315363758	0.965	54.5	16	5.18335196075517	0	0.311857259760061	13	0.00112178870417288	13	60	56
"HiG_5"	"Ran"	0.0053548099081211	"HiG"	0.00201103004965634	0.964	46	58	2.56035650379898	0	0.0900913519209593	44	0.000324069611226472	44	85	56
"HiG_5"	"Rangrf"	0.00227339659158395	"HiG"	7.65222059507486e-05	0.963	36.5	97	3	0	0.0231993343919731	84	8.34508431365939e-05	84	79	56
"HiG_5"	"Rcn2"	0.00389582930632581	"HiG"	0.0262632779432963	0.973	89	71	10	0	0.0731411459845919	51	0.00026309764742659	51	18	56
"HiG_5"	"Rtn4"	0.00320921610452431	"HiG"	0.0582509766349228	0.964	46	82	17	0	0.0658399462809581	56	0.000236834339140137	56	3.5	56
"HiG_5"	"Sall4"	0.00685066342801104	"HiG"	0.0548369265736667	0.962	27.5	46	10.1191623512548	0	0.160129400239402	25	0.000576005036832381	25	17	56
"HiG_5"	"Serpinh1"	0.00347143103243946	"HiG"	0.0654972005348449	0.965	54.5	79	17	0	0.0740302122622607	48	0.000266295727562089	48	3.5	56
"HiG_5"	"Set"	0.0231284693956881	"HiG"	0.0520522250360575	0.964	46	6	2.64806764562524	0	0.615487340738273	6	0.00221398324006573	6	84	56
"HiG_5"	"Sfpq"	0.0132970089951382	"HiG"	0.482628525063809	0.98	110	15	9.42065686213731	0	0.436516100455649	10	0.00157020180020017	10	21	56
"HiG_5"	"Slc25a5"	0.00263985294539471	"HiG"	0.00845614505960838	0.971	85	90	8.86715609247722	0	0.0351309975317875	73	0.00012637049471866	73	31	56
"HiG_5"	"Srsf9"	0.0073421439060148	"HiG"	0	0.956	2.5	37.5	1	0	0.00233861890030471	108.5	8.41229820253491e-06	109	105	56
"HiG_5"	"Tbcb"	0.00544587002154693	"HiG"	0.00498186025664235	0.966	59.5	57	3.49157293219962	0	0.122947031281989	34	0.000442255508208593	34	75	56
"HiG_5"	"Tcf3"	0.0199471217419405	"HiG"	0.0610136052004752	0.966	59.5	8	3.49278804064522	0	0.30618767849643	14	0.00110139452696558	14	74	56
"HiG_5"	"Timm8b"	0.00301920682014578	"HiG"	0.00081795700317657	0.97	81	85	9	0	0.0304463789930344	77	0.000109519348895807	77	26	56
"HiG_5"	"Tnfaip1"	0.00233022237992701	"HiG"	9.38487828154558e-05	0.969	75	95	4	0	0.0182029855785456	89	6.54783653904519e-05	89	69	56
"HiG_5"	"Top1"	0.0073421439060204	"HiG"	0	0.959	13	31.5	1	0	0.00770589921862352	103.5	2.77190619374947e-05	103	105	56
"HiG_5"	"Tra2b"	0.0073421439060204	"HiG"	0	0.955	1	31.5	1	0	0.00233861890030471	108.5	8.41229820253491e-06	108	105	56
"HiG_5"	"Trim28"	0.00514455446336246	"HiG"	0.0347543943775027	0.976	99	61	6.09505440409855	0	0.0976033823117478	42	0.000351091303279668	42	52	56
"HiG_5"	"Trp53"	0.00220111304833592	"HiG"	0.0500711936635929	0.971	85	98	8	0	0.0415296883720521	71	0.000149387368244792	71	38.5	56
"HiG_5"	"Tuba1a"	0.00805686417755473	"HiG"	0.0331004578406411	0.967	63.5	27	3.53862413073143	0	0.188308417106127	23	0.000677368406856573	23	73	56
"HiG_5"	"Tubb2b"	0.00172117143574518	"HiG"	0.000264359157962787	0.967	63.5	107	9	0	0.00984010049716142	100	3.53960449538181e-05	100	26	56
"HiG_5"	"Tubb5"	0.0136228436987011	"HiG"	0.109721059876792	0.969	75	14	7.26456350740409	0	0.29291669755088	15	0.00105365718543482	15	44	56
"HiG_5"	"Ubc"	0.0205191725718482	"HiG"	0.0163795297672086	0.969	75	7	2.33754670226562	0	0.276880138369962	17	0.000995971720755258	17	86	56
"HiG_5"	"Uhrf1"	0.00686879194528589	"HiG"	9.34308667542241e-05	0.965	54.5	45	2.22107778800943	0	0.0725660032782446	52	0.000261028788770664	52	87	56
"HiG_5"	"Urod"	0.0073421439060148	"HiG"	0	0.959	13	37.5	1	0	0.01680474461075	92.5	6.04487216214028e-05	93	105	56
"HiG_5"	"Ypel3"	0.00258739731947765	"HiG"	0.000255648059912647	0.968	68.5	91	4	0	0.0228195760561413	85	8.20848059573429e-05	85	69	56
"HiG_5"	"Ywhae"	0.0173766699894171	"HiG"	0.21892420074388	0.98	110	10	5.4908212897015	0	0.386582264584006	11	0.00139058368555398	11	57	56
"HiG_6"	"Abi3"	0.00236289344742635	"HiG"	0.000902017474836805	0.937	89	129	46	0	0.0416888359502224	132	9.97340572971828e-05	132	11.5	99.5
"HiG_6"	"Actb"	0.0150419704373464	"HiG"	0.0565187610857241	0.955	163	5	5.9833118205701	0	0.609366055366995	7	0.00145781352958611	7	113	99.5
"HiG_6"	"Actg1"	0.00663109813575875	"HiG"	0.0491118013327939	0.952	157	31	11.5619828732926	0	0.263877778087176	24	0.00063128655044779	24	65	99.5
"HiG_6"	"Acvrl1"	0.0119423649981966	"HiG"	0	0.928	13.5	11	1.86512960219043	0	0.1362084380334	49	0.000325857507256937	49	178	99.5
"HiG_6"	"Anp32a"	0.00103421827730598	"HiG"	0.0055523612436191	0.94	111.5	181	9	0	0.0181727935701769	162	4.34755827037724e-05	162	92.5	99.5
"HiG_6"	"Anxa2"	0.0124580555798643	"HiG"	0.00170155745834312	0.936	71.5	9	8.39927355549908	0	0.431734474420061	15	0.00103285759430637	15	97	99.5
"HiG_6"	"Anxa6"	0.000815295846183295	"HiG"	0.000189894272810318	0.943	121	188	2	0	0.00374116175600484	192	8.95014774163838e-06	192	171.5	99.5
"HiG_6"	"Anxa7"	0.00331334688855165	"HiG"	0.00010966879113282	0.936	71.5	96	3.83735346422751	0	0.0916467665495325	72	0.000219250637678307	72	141	99.5
"HiG_6"	"Apoe"	0.00215537352315246	"HiG"	0.0217092169129151	0.947	138	135	9	0	0.0710539354733062	96	0.000169985491562933	96	92.5	99.5
"HiG_6"	"Arhgdib"	0.0011757868933906	"HiG"	0.000277272297380522	0.934	41	174	46	0	0.012814784238109	173	3.06573785600694e-05	173	11.5	99.5
"HiG_6"	"Armcx3"	0.00299895364723695	"HiG"	0.000101568538827399	0.934	41	106	2	0	0.0554815701385847	114	0.000132731029039676	114	171.5	99.5
"HiG_6"	"Arpc1b"	0.00277396310723213	"HiG"	0	0.928	13.5	112	2	0	0.0464811415967847	125	0.00011119890334159	125	171.5	99.5
"HiG_6"	"Arpc2"	0.00488232631113823	"HiG"	0	0.929	24.5	48	2	0	0.0906064293709396	75	0.000216761792753444	75	171.5	99.5
"HiG_6"	"Arpc5"	0.00532229591581626	"HiG"	0	0.929	24.5	42	2	0	0.0990789575119366	66	0.000237030998832384	66	171.5	99.5
"HiG_6"	"Asap1"	0.00345186861021033	"HiG"	0.00132215082156705	0.937	89	92	37.865401252978	0	0.0718082759265596	94	0.000171790133795597	94	27	99.5
"HiG_6"	"Atf3"	0.000877840148944858	"HiG"	1.41925005347679e-06	0.936	71.5	185	4	0	0.00615722150341262	187	1.47301949842407e-05	187	136	99.5
"HiG_6"	"Atp1a1"	0.00267414075722232	"HiG"	8.51530207393377e-07	0.936	71.5	116	2.40288858236317	0	0.0397737690518687	134	9.51525575403557e-05	134	162	99.5
"HiG_6"	"Atp5b"	0.00602436003691051	"HiG"	0.0158189026069738	0.938	100.5	35	5.75971230808092	0	0.175762295417057	37	0.000420483960327887	37	115	99.5
"HiG_6"	"Atp6v0b"	0.00175002036913607	"HiG"	6.26739497487798e-10	0.937	89	146	2	0	0.0216805349632757	160	5.18673085245829e-05	160	171.5	99.5
"HiG_6"	"Atxn10"	0.0017515684684776	"HiG"	0.0328743963700455	0.949	148.5	145	15.048658156674	0	0.0567884202311214	109	0.000135857464667754	109	52	99.5
"HiG_6"	"B2m"	0.00432619511140064	"HiG"	0	0.928	13.5	60.5	1	0	0.051067788662915	121.5	0.000122171743212715	121	190.5	99.5
"HiG_6"	"Bcar1"	0.00524139195745361	"HiG"	0.00108487536592529	0.935	54.5	45	22.2633559082073	0	0.105182124591048	64	0.000251631877012078	64	35	99.5
"HiG_6"	"Bin1"	0.0583722852880636	"HiG"	0.0128222597010582	0.937	89	1	2.10299609502441	0	1.20682319670086	1	0.00288713683421258	1	164	99.5
"HiG_6"	"Cald1"	0.00073334995877573	"HiG"	4.44285477697599e-05	0.933	31.5	193	46	0	0.0020533686886889	194	4.91236528394473e-06	194	11.5	99.5
"HiG_6"	"Calm1"	0.00432619511140064	"HiG"	0	0.928	13.5	60.5	1	0	0.111074812119599	59.5	0.000265729215597126	59	190.5	99.5
"HiG_6"	"Calr"	0.0105281280916602	"HiG"	0.620284377970136	0.959	184.5	15	11.0408997299747	0	0.567637288049449	9	0.00135798394270203	9	72	99.5
"HiG_6"	"Capn2"	0.00305792470337085	"HiG"	0.00487680952463632	0.943	121	102	4.46390136082356	0	0.0870878711167271	79	0.000208344189274467	79	128	99.5
"HiG_6"	"Capns1"	0.00331754932701188	"HiG"	0.0363451795857686	0.954	160	95	6.74918709598488	0	0.105990369787023	63	0.000253565477959386	63	109	99.5
"HiG_6"	"Casp3"	0.00132569287972904	"HiG"	0.00107177705414824	0.935	54.5	166	28.6696582996783	0	0.0219141966380702	159	5.24263077465795e-05	159	31	99.5
"HiG_6"	"Ccnd1"	0.00357882074469192	"HiG"	0.0377958131606087	0.947	138	88	10.8129275719986	0	0.0940633010944116	70	0.000225031820800028	70	75	99.5
"HiG_6"	"Cct4"	0.00436308975077327	"HiG"	0.00472351692100014	0.949	148.5	54	6.05272509190955	0	0.166031506519349	41	0.000397204561051074	41	111	99.5
"HiG_6"	"Cct8"	0.00608948167308009	"HiG"	0.011522865329729	0.952	157	33	10.9654136988527	0	0.230709130031319	26	0.000551935717778276	26	74	99.5
"HiG_6"	"Cd47"	0.00432619511140064	"HiG"	0	0.928	13.5	60.5	1	0	0.0135058398823864	171.5	3.23106217281971e-05	171	190.5	99.5
"HiG_6"	"Cd81"	0.00709974341845755	"HiG"	1.71131255688676e-07	0.936	71.5	24	1.52746232256127	0	0.132477588516263	51	0.000316932029943214	51	180	99.5
"HiG_6"	"Cdh5"	0.00357282789831094	"HiG"	0.000111106537060591	0.943	121	89	4	0	0.0547761984449932	117	0.000131043536949745	117	136	99.5
"HiG_6"	"Cdk1"	0.00295147613029633	"HiG"	0.000823738934116012	0.943	121	109	3	0	0.0774197705571954	87	0.000185214762098554	87	151	99.5
"HiG_6"	"Cfl2"	0.00131008926294373	"HiG"	0.0025652014891754	0.943	121	168	4	0	0.0309531609633509	146	7.40506243142365e-05	146	136	99.5
"HiG_6"	"Clu"	0.000695740098990949	"HiG"	0.00242991019746025	0.942	116	194	11	0	0.00266468180114265	193	6.37483684483887e-06	193	73	99.5
"HiG_6"	"Cnn2"	0.00185931811050157	"HiG"	0.000104827694433149	0.933	31.5	142	3	0	0.0278323983465031	151	6.65846850394811e-05	151	151	99.5
"HiG_6"	"Cnn3"	0.00386118176837451	"HiG"	0.00223200307650532	0.936	71.5	81	23.5993271484957	0	0.0754683564496288	89	0.000180546307295763	89	34	99.5
"HiG_6"	"Col18a1"	0.00333692799495709	"HiG"	4.30005263047725e-05	0.935	54.5	93	2	0	0.0558933721079336	112	0.000133716201215152	112	171.5	99.5
"HiG_6"	"Col4a2"	0.00432619511140064	"HiG"	0	0.928	13.5	60.5	1	0	0.0549563041956223	115.5	0.000131474411951249	115	190.5	99.5
"HiG_6"	"Cotl1"	0.00319801940554166	"HiG"	0.0105046051583031	0.95	152.5	99	9.49479906951569	0	0.120118200298919	56	0.000287364115547654	56	86	99.5
"HiG_6"	"Creld2"	0.00316813445951052	"HiG"	0.145792223204411	0.957	174	100	10.4536276210169	0	0.166136789370189	40	0.000397456433899974	40	76	99.5
"HiG_6"	"Crip2"	0.00133762293873763	"HiG"	0.000362442654266703	0.934	41	163	46	0	0.0167511304122142	163	4.00744746703689e-05	163	11.5	99.5
"HiG_6"	"Csrp1"	0.00208256119814483	"HiG"	0.000754485460773977	0.936	71.5	139	46	0	0.0348703007186463	142	8.34217720541778e-05	142	11.5	99.5
"HiG_6"	"Ctnna1"	0.00358485880061188	"HiG"	4.15957073730829e-05	0.934	41	87	1.36784788481282	0	0.0443241895167549	128	0.000106038730901327	128	181	99.5
"HiG_6"	"Ctsl"	0.00257517892914727	"HiG"	1.96671543628217e-06	0.933	31.5	121	2	0	0.0280196301569741	150	6.70326080310385e-05	150	171.5	99.5
"HiG_6"	"Dbn1"	0.00159244564057606	"HiG"	0.00320869469019236	0.945	131	153	13	0	0.0436167695482358	130	0.000104346338632143	130	58.5	99.5
"HiG_6"	"Ddah2"	0.00241803224007875	"HiG"	0.00190306414034502	0.936	71.5	128	44.313785215118	0	0.0441714074278568	129	0.000105673223511619	129	25	99.5
"HiG_6"	"Ddx39b"	0.00331154833357309	"HiG"	0.0119117759393643	0.948	143	97	11.7953939847064	0	0.138898166761312	47	0.000332292264979215	47	62	99.5
"HiG_6"	"Ddx5"	0.00687540981727753	"HiG"	0.149638150781379	0.965	196	28	15.1545073369937	0	0.337621316793244	18	0.000807706499505368	18	51	99.5
"HiG_6"	"Dnaja1"	0.00300585827468584	"HiG"	0.0872305505629395	0.961	193	105	17	0	0.128097450438959	53	0.000306453230715212	53	48.5	99.5
"HiG_6"	"Dnajb11"	0.00438990249287341	"HiG"	0.321852578380624	0.96	190.5	53	11.1771945182376	0	0.244184506287417	25	0.000584173460017745	25	69	99.5
"HiG_6"	"Dnajc3"	0.00167028049304766	"HiG"	0.0889192636520525	0.956	167.5	149	11.2467887728693	0	0.0662158120539531	99	0.000158411033621897	99	67	99.5
"HiG_6"	"Dynll1"	0.000788027780713563	"HiG"	0.0150654020912075	0.945	131	191	17	0	0.00892791637483484	181	2.13586516144374e-05	181	48.5	99.5
"HiG_6"	"Ebna1bp2"	0.00160067916146582	"HiG"	0.00490984064628599	0.947	138	152	20.8796901594862	0	0.0457938937866666	126	0.000109554769824561	126	40	99.5
"HiG_6"	"Efna1"	0.00214312974883426	"HiG"	0.00078636120926522	0.938	100.5	136	46	0	0.0363435125872767	140	8.69462023619061e-05	140	11.5	99.5
"HiG_6"	"Egfl7"	0.00432619511139734	"HiG"	0	0.927	3	68.5	1	0	0.075133757817928	90.5	0.000179745832100306	91	190.5	99.5
"HiG_6"	"Eif3e"	0.00432619511140064	"HiG"	0	0.927	3	60.5	1	0	0.0575889222544427	106.5	0.000137772541278571	106	190.5	99.5
"HiG_6"	"Eif3m"	0.00432619511139734	"HiG"	0	0.928	13.5	68.5	1	0	0.0575889222544427	106.5	0.000137772541278571	107	190.5	99.5
"HiG_6"	"Eif4a1"	0.00531380008247651	"HiG"	0.00405867206907752	0.945	131	43	5.51267644508451	0	0.199137996258538	33	0.000476406689613726	33	117	99.5
"HiG_6"	"Eif4a3"	0.00601518813900804	"HiG"	0.0207747380724274	0.949	148.5	36	8.1781045658898	0	0.265871909469989	23	0.000636057199688969	23	100	99.5
"HiG_6"	"Eng"	0.00419867615133996	"HiG"	0	0.929	24.5	75	4.88128659769538	0	0.047550455580567	124	0.000113757070766907	124	126	99.5
"HiG_6"	"Eno1"	0.00358735092161746	"HiG"	0.00941526293993181	0.936	71.5	86	34.2839602910884	0	0.0844175491663214	81	0.000201955859249573	81	30	99.5
"HiG_6"	"Erp29"	0.000782832201171505	"HiG"	0.0145026822414643	0.945	131	192	17	0	0.00859444264937091	182	2.05608675822271e-05	182	48.5	99.5
"HiG_6"	"Fam171a2"	0.00313656569190035	"HiG"	0.00130918227569125	0.938	100.5	101	46	0	0.0605069044034915	103	0.000144753359816965	103	11.5	99.5
"HiG_6"	"Fermt2"	0.00398847523152569	"HiG"	0.00443108103261987	0.945	131	79	7.73959744395588	0	0.115294775748232	58	0.000275824822364192	58	103	99.5
"HiG_6"	"Fli1"	0.00360153498167436	"HiG"	5.19886159787342e-07	0.936	71.5	85	4	0	0.0573413836301976	108	0.000137180343612913	108	136	99.5
"HiG_6"	"Fscn1"	0.000672772356794005	"HiG"	1.25480358045214e-05	0.932	28	197	46	0	0.000579936665026191	197	1.38740828953634e-06	197	11.5	99.5
"HiG_6"	"Fth1"	0.00432619511139734	"HiG"	0	0.928	13.5	68.5	1	0	0.051067788662915	121.5	0.000122171743212715	122	190.5	99.5
"HiG_6"	"Gabarap"	0.00125850986043895	"HiG"	0.0404718838765545	0.957	174	172	10	0	0.0386662418616697	135	9.25029709609323e-05	135	81.5	99.5
"HiG_6"	"Gap43"	0.00432619511139734	"HiG"	0	0.928	13.5	68.5	1	0	0.111074812119599	59.5	0.000265729215597126	60	190.5	99.5
"HiG_6"	"Gclm"	0.00136343582309452	"HiG"	3.21834997147143e-05	0.94	111.5	161	5	0	0.0264352372691086	154	6.32421944237048e-05	154	119	99.5
"HiG_6"	"Gnai2"	0.00716890563622017	"HiG"	0.000721471935549622	0.943	121	23	2.89802077356523	0	0.225449244371876	28	0.000539352259262862	28	156	99.5
"HiG_6"	"Gnb2"	0.00509577400716984	"HiG"	0.000545592259515802	0.94	111.5	47	2.8737242328896	0	0.172047567987693	38	0.000411597052602136	38	157	99.5
"HiG_6"	"Gng11"	0.00432951252405081	"HiG"	6.26786511249974e-05	0.939	107.5	56	2.80381310585159	0	0.145660580534298	44	0.000348470288359564	44	158	99.5
"HiG_6"	"Gng2"	0.00423145568014972	"HiG"	5.97346368901203e-05	0.94	111.5	74	2.77291438797738	0	0.141992763766482	46	0.000339695607096847	46	159	99.5
"HiG_6"	"Gpi1"	0.00432619511140064	"HiG"	0	0.926	1	60.5	1	0	0.106830928828429	61.5	0.000255576384757006	61	190.5	99.5
"HiG_6"	"Grap"	0.00165710467969613	"HiG"	0	0.928	13.5	150	5	0	0.0135279144543388	170	3.23634317089444e-05	170	122.5	99.5
"HiG_6"	"Gyg"	0.00104423958409859	"HiG"	0.000208042162302805	0.934	41	180	46	0	0.00961515249639715	179	2.30027571684142e-05	179	11.5	99.5
"HiG_6"	"H1f0"	0.00592129180149908	"HiG"	0.00630531953010309	0.944	126	37	18.2080544556772	0	0.169230559835799	39	0.000404857798650236	39	44	99.5
"HiG_6"	"Hdac1"	0.00298799198945598	"HiG"	0.00247564470264701	0.944	126	107	1.75322884980145	0	0.0515094854055253	118	0.00012322843398451	118	179	99.5
"HiG_6"	"Hhex"	0.00263858597037959	"HiG"	9.33591693425076e-06	0.936	71.5	119	3.79201045425458	0	0.0511221444821259	120	0.000122301781057718	120	142	99.5
"HiG_6"	"Hmgb1"	0.00247079306485866	"HiG"	0.0516015930980687	0.956	167.5	125	9.48287499456575	0	0.093640567597507	71	0.000224020496644754	71	87	99.5
"HiG_6"	"Hmgb2"	0.00256026173890182	"HiG"	0.0585492615994222	0.956	167.5	122	8.81258013966163	0	0.0986024955155092	67	0.000235891137596912	67	94	99.5
"HiG_6"	"Hn1"	0.00172696017707294	"HiG"	0.000567341330992246	0.936	71.5	148	46	0	0.0262209994100118	155	6.27296636603152e-05	155	11.5	99.5
"HiG_6"	"Hnrnpa2b1"	0.00957925914732589	"HiG"	0.0813301892042471	0.959	184.5	16	11.1631241172406	0	0.460625218381137	12	0.00110197420665344	12	70	99.5
"HiG_6"	"Hnrnpk"	0.0209304862708727	"HiG"	0.0639886496177695	0.948	143	3	4.78625382448258	0	0.872769413263422	5	0.00208796510350101	5	127	99.5
"HiG_6"	"Homer3"	0.00161652035872926	"HiG"	0.00329056758868779	0.945	131	151	13	0	0.0447296929300822	127	0.000107008834760962	127	57	99.5
"HiG_6"	"Hsp90b1"	0.0136811229332608	"HiG"	0.948983440287646	0.958	179	8	11.7119923653411	0	0.815334950365322	6	0.00195056208221369	6	63	99.5
"HiG_6"	"Hspa5"	0.0209503490762618	"HiG"	1	0.964	195	2	10.2631521573248	0	1.14297784582202	2	0.00273439676033977	2	77	99.5
"HiG_6"	"Hspa8"	0.0196580840552944	"HiG"	0.403550150839603	0.966	197	4	6.97629814290151	0	0.90814270330273	3	0.00217259019928883	3	107	99.5
"HiG_6"	"Hspg2"	0.00434391429969873	"HiG"	0.000455913912989113	0.932	28	55	13.2401881789624	0	0.0767770510586941	88	0.000183677155642809	88	56	99.5
"HiG_6"	"Id1"	0.00405056751652138	"HiG"	0.030081641211058	0.96	190.5	77	6.94430155803078	0	0.152049968179278	43	0.000363755904735116	43	108	99.5
"HiG_6"	"Idh2"	0.00479153746747478	"HiG"	0.00287047446560161	0.934	41	50	13.3435551981375	0	0.129266110041872	52	0.000309249067085818	52	54	99.5
"HiG_6"	"Ifitm2"	0.0035005910922716	"HiG"	1.80775181458347e-08	0.937	89	91	3	0	0.0626006519901594	101	0.00014976232533531	101	151	99.5
"HiG_6"	"Ifitm3"	0.00483520502701014	"HiG"	1.71311480393798e-08	0.936	71.5	49	2.46417937202892	0	0.0809245998810106	85	0.000193599521246437	85	161	99.5
"HiG_6"	"Ilk"	0.00432619511139734	"HiG"	0	0.928	13.5	68.5	1	0	0.00837226461561365	183.5	2.00293411856786e-05	184	190.5	99.5
"HiG_6"	"Itgb1"	0.00688570819634514	"HiG"	0.00106367507125873	0.937	89	27	3.38438065341184	0	0.175926050925433	36	0.000420875719917304	36	144	99.5
"HiG_6"	"Itm2b"	0.000855912340376733	"HiG"	3.64449729142595e-08	0.934	41	186	4	0	0.00401973611707579	190	9.61659358152102e-06	190	136	99.5
"HiG_6"	"Jun"	0.009295101023849	"HiG"	0.000136597744448948	0.935	54.5	17	3.01430025314611	0	0.212515875352732	32	0.000508411185054384	32	148	99.5
"HiG_6"	"Jup"	0.00463394822971629	"HiG"	0.00150847062295553	0.937	89	51	37.6551385526537	0	0.0859691459656882	80	0.000205667813315043	80	28	99.5
"HiG_6"	"Kdr"	0.00147413423327208	"HiG"	4.45209109593975e-05	0.935	54.5	157	5	0	0.0248041556137468	156	5.93400852003512e-05	156	122.5	99.5
"HiG_6"	"Klf6"	0.00127567695373093	"HiG"	5.31007342469809e-05	0.942	116	169	2	0	0.0127110549596568	174	3.04092223915234e-05	174	171.5	99.5
"HiG_6"	"Laptm4b"	0.00107814459578371	"HiG"	0.000225885541626984	0.936	71.5	176	46	0	0.0104398257806679	177	2.49756597623634e-05	177	11.5	99.5
"HiG_6"	"Lgals1"	0.00415573706552096	"HiG"	0.000498074303790871	0.937	89	76	4.31505975497629	0	0.153591682174921	42	0.000367444215729475	42	130	99.5
"HiG_6"	"Limd2"	0.00276139698517755	"HiG"	0.00111174015100515	0.936	71.5	113	46	0	0.0513816573042707	119	0.000122922625129834	119	11.5	99.5
"HiG_6"	"Lmo2"	0.00837776636834414	"HiG"	5.37290886573672e-06	0.936	71.5	18	1.23221096982385	0	0.138296084007526	48	0.000330851875616092	48	182	99.5
"HiG_6"	"Lrrc59"	0.00525545280093301	"HiG"	9.84629230442007e-06	0.935	54.5	44	2.38922315402865	0	0.056728994206944	110	0.000135715297145799	110	163	99.5
"HiG_6"	"Lyar"	0.00184652416503742	"HiG"	0.00634373116029043	0.948	143	143	21	0	0.0587504518367737	105	0.000140551320183669	105	37.5	99.5
"HiG_6"	"Mapk3"	0.00574474608541395	"HiG"	0.000128533696223796	0.937	89	38	3.05702419440177	0	0.182911678560519	35	0.000437587747752438	35	147	99.5
"HiG_6"	"Marcksl1"	0.000686369590232028	"HiG"	0.000170183496248079	0.939	107.5	195	19	0	0.00178440813515286	195	4.26891898361929e-06	195	41.5	99.5
"HiG_6"	"Mrps26"	0.00125868243432433	"HiG"	0.000320898195371662	0.934	41	171	46	0	0.0148310566000859	167	3.54809966509233e-05	167	11.5	99.5
"HiG_6"	"Mrps6"	0.000923071711194163	"HiG"	0.000144274471018201	0.934	41	182	46	0	0.0066679803017907	185	1.59521059851452e-05	185	11.5	99.5
"HiG_6"	"Mrto4"	0.00213061132165286	"HiG"	0.00784855766730132	0.949	148.5	137	21	0	0.0726869247088043	92	0.00017389216437513	92	37.5	99.5
"HiG_6"	"Msn"	0.00728579510842375	"HiG"	0.0343915007640458	0.944	126	22	12.7819381424964	0	0.220947655027468	30	0.000528582906764278	30	60	99.5
"HiG_6"	"Mtap"	0.00192137757390399	"HiG"	0.0300797877110096	0.954	160	140	9.98132782295983	0	0.0367258656938593	138	8.78609227125819e-05	138	83	99.5
"HiG_6"	"Myl6"	0.00378364295850191	"HiG"	5.51951198560728e-07	0.936	71.5	82	4	0	0.0608780303651389	102	0.000145641220969232	102	136	99.5
"HiG_6"	"Ncl"	0.00681801086681719	"HiG"	0.0542887620707501	0.959	184.5	29	12.0025182212235	0	0.307046954007628	21	0.00073456209092734	21	61	99.5
"HiG_6"	"Ndn"	0.00608261094652076	"HiG"	0.00120203499061192	0.943	121	34	2.66166746069355	0	0.0968586788778811	68	0.000231719327459046	68	160	99.5
"HiG_6"	"Ndufa8"	0.00254590517761143	"HiG"	0.000194338680175527	0.939	107.5	123	5.90245577307397	0	0.0479997500206782	123	0.000114831937848513	123	114	99.5
"HiG_6"	"Notch1"	0.00432619511140064	"HiG"	0	0.927	3	60.5	1	0	0.075133757817928	90.5	0.000179745832100306	90	190.5	99.5
"HiG_6"	"P4hb"	0.00765371773439878	"HiG"	0.317475043958522	0.959	184.5	21	8.28676179589067	0	0.392850438616017	17	0.000939833585205781	17	99	99.5
"HiG_6"	"Pa2g4"	0.0028198073195147	"HiG"	0.00471999711543447	0.952	157	111	8.02432359182565	0	0.0873521439126505	78	0.000208976420843661	78	101	99.5
"HiG_6"	"Pabpc1"	0.00697759082870236	"HiG"	0.172372027110235	0.973	198	25	13.3091958356246	0	0.32028680968759	19	0.000766236386812417	19	55	99.5
"HiG_6"	"Pdia3"	0.012415179831618	"HiG"	0.540398648366116	0.958	179	10	9.25690215917598	0	0.600718398357715	8	0.00143712535492276	8	90	99.5
"HiG_6"	"Pdia4"	0.0107667710271073	"HiG"	0.587147403769923	0.959	184.5	14	10.0819566478649	0	0.554416935306488	11	0.00132635630456098	11	79	99.5
"HiG_6"	"Pdia6"	0.0146762814754711	"HiG"	0.981421466279009	0.957	174	6	11.0513704612695	0	0.895158369625439	4	0.00214152720006086	4	71	99.5
"HiG_6"	"Pdlim1"	0.00269087720622108	"HiG"	3.37218178809214e-05	0.936	71.5	114	3	0	0.0822748443760006	83	0.000196829771234451	83	151	99.5
"HiG_6"	"Pea15a"	0.003336820759052	"HiG"	0.000403882994325119	0.938	100.5	94	11.4743352927872	0	0.0909995200341453	74	0.000217702201038625	74	66	99.5
"HiG_6"	"Peg3"	0.00138690019301585	"HiG"	0.00156852704520385	0.95	152.5	160	8	0	0.0295894164164286	149	7.07880775512647e-05	149	102	99.5
"HiG_6"	"Pfn1"	0.00320765083076987	"HiG"	0.065980512705992	0.962	194	98	17.6332859870581	0	0.133147417150177	50	0.000318534490789897	50	45	99.5
"HiG_6"	"Pgk1"	0.00432619511139734	"HiG"	0	0.928	13.5	68.5	1	0	0.106830928828429	61.5	0.000255576384757006	62	190.5	99.5
"HiG_6"	"Pkm"	0.00243630155123902	"HiG"	0.0229478572209763	0.957	174	127	8.55698116917743	0	0.0891406693071469	76	0.000213255189730017	76	96	99.5
"HiG_6"	"Plekho1"	0.00132785940513775	"HiG"	0	0.928	13.5	165	5	0	0.00911003057087688	180	2.17943315092748e-05	180	122.5	99.5
"HiG_6"	"Ppib"	0.00401895269368647	"HiG"	0.256263708207773	0.959	184.5	78	11.6583618740515	0	0.216492689011246	31	0.000517925093328339	31	64	99.5
"HiG_6"	"Ppid"	0.00366519621429552	"HiG"	0.0627126842024022	0.946	135	83	24.4554453072049	0	0.123790638058824	54	0.000296149851815368	54	32	99.5
"HiG_6"	"Ppp1r2"	0.00209000276548653	"HiG"	0.0217974195448531	0.951	154.5	138	9.16711277941898	0	0.0563197244971666	111	0.000134736183007576	111	91	99.5
"HiG_6"	"Prcp"	0.0013471833240262	"HiG"	0.0197811403761631	0.956	167.5	162	10.155391148239	0	0.0318103297561025	145	7.61012673590968e-05	145	78	99.5
"HiG_6"	"Prdx1"	0.00150578629332273	"HiG"	0.00452873254552073	0.948	143	155	18.8178449451206	0	0.0412798892572029	133	9.87557159263226e-05	133	43	99.5
"HiG_6"	"Prdx3"	0.00104699903829122	"HiG"	0.000364722063704358	0.937	89	179	6	0	0.0136632832191841	169	3.26872804286702e-05	169	112	99.5
"HiG_6"	"Prdx4"	0.00219740361939643	"HiG"	0.0705675889617732	0.957	174	134	9.45146245271705	0	0.0820060273608887	84	0.000196186668327485	84	88	99.5
"HiG_6"	"Prkab1"	0.00132868146386246	"HiG"	0.000357736974487061	0.934	41	164	46	0	0.0165336464744411	164	3.95541781685194e-05	164	11.5	99.5
"HiG_6"	"Prkar2b"	0.000922296743925361	"HiG"	1.23132839668162e-05	0.939	107.5	184	5	0	0.0101140207283266	178	2.41962218381019e-05	178	122.5	99.5
"HiG_6"	"Ptma"	0.00388319113491997	"HiG"	0.0365044983553126	0.951	154.5	80	8.38776687038122	0	0.143142112554675	45	0.000342445245346114	45	98	99.5
"HiG_6"	"Rala"	0.00244169798398658	"HiG"	0	0.929	24.5	126	3	0	0.0233861692598206	158	5.59477733488532e-05	158	151	99.5
"HiG_6"	"Ralgps2"	0.00566048861978006	"HiG"	0	0.928	13.5	39	3.37466249879426	0	0.0627635746472729	100	0.000150152092457591	100	145	99.5
"HiG_6"	"Rap1b"	0.000845524258632955	"HiG"	0.0212926976515309	0.948	143	187	17	0	0.0126182774861652	175	3.0187266713314e-05	175	48.5	99.5
"HiG_6"	"Raph1"	0.000812536830599614	"HiG"	8.61026638140481e-05	0.932	28	189	46	0	0.00397943490758914	191	9.5201792047587e-06	191	11.5	99.5
"HiG_6"	"Rbpms"	0.000678157412718189	"HiG"	0.000154823221801161	0.937	89	196	21	0	0.00143384610819901	196	3.43025384736606e-06	196	37.5	99.5
"HiG_6"	"Rcn2"	0.00221347773074301	"HiG"	0.00532069022663314	0.949	148.5	132	13	0	0.0723257716485002	93	0.000173028161838517	93	58.5	99.5
"HiG_6"	"Rcsd1"	0.00304744841131526	"HiG"	5.06083927849888e-07	0.935	54.5	104	2	0	0.0304592501212628	148	7.28690194288583e-05	148	171.5	99.5
"HiG_6"	"Rgl2"	0.00092262960359123	"HiG"	0.00014404180058781	0.933	31.5	183	46	0	0.00665722689659215	186	1.59263801353879e-05	186	23.5	99.5
"HiG_6"	"Rhoj"	0.00305517394164767	"HiG"	0	0.928	13.5	103	5	0	0.0322875084032688	144	7.7242843070021e-05	144	122.5	99.5
"HiG_6"	"Rrbp1"	0.0026098481681413	"HiG"	0.0322564725621505	0.96	190.5	120	9.53359679076526	0	0.0954369711956077	69	0.000228318112908152	69	85	99.5
"HiG_6"	"Rtn4"	0.000663173599628636	"HiG"	5.41276802793871e-07	0.941	114	198	4	0	0.00026685275545347	198	6.3840372118055e-07	198	136	99.5
"HiG_6"	"S100a10"	0.0107887261622473	"HiG"	0.000749743273062086	0.936	71.5	13	3.24360877118939	0	0.400835893140171	16	0.000958937543397539	16	146	99.5
"HiG_6"	"S100a11"	0.00267924840118116	"HiG"	0.000237678051972194	0.934	41	115	5	0	0.0827774124619042	82	0.000198032087229436	82	122.5	99.5
"HiG_6"	"Sdf2l1"	0.0079815734816326	"HiG"	0.430660342652674	0.957	174	20	9.35011073925065	0	0.45533002153996	14	0.0010893062716267	14	89	99.5
"HiG_6"	"Sept7"	0.00221864149923184	"HiG"	0.00043348790549391	0.935	54.5	131	24.4360607130159	0	0.0362975579757287	141	8.68362630998293e-05	141	33	99.5
"HiG_6"	"Sept9"	0.00363867073592135	"HiG"	0.0011000391240439	0.938	100.5	84	34.4942614813479	0	0.0680285176988442	98	0.000162747649997235	98	29	99.5
"HiG_6"	"Serpinh1"	0.00432619511139734	"HiG"	0	0.928	13.5	68.5	1	0	0.0549563041956223	115.5	0.000131474411951249	116	190.5	99.5
"HiG_6"	"Set"	0.0114540811219631	"HiG"	0.181061205313176	0.959	184.5	12	7.16036387426714	0	0.459213081961441	13	0.00109859588985991	13	106	99.5
"HiG_6"	"Sh3glb1"	0.00191745058751012	"HiG"	0.000667591780177039	0.935	54.5	141	46	0	0.0308543071303052	147	7.38141318906822e-05	147	11.5	99.5
"HiG_6"	"Slc25a4"	0.00351755603177367	"HiG"	0.00159381156147287	0.938	100.5	90	4.2079166838648	0	0.0873702123581642	77	0.000209019646789866	77	131	99.5
"HiG_6"	"Slc25a5"	0.00285435369190094	"HiG"	0.00543298145023304	0.949	148.5	110	11.2308037536339	0	0.091527321837988	73	0.000218964884779876	73	68	99.5
"HiG_6"	"Slc29a1"	0.00432619511139734	"HiG"	0	0.928	13.5	68.5	1	0	0.0135058398823864	171.5	3.23106217281971e-05	172	190.5	99.5
"HiG_6"	"Slc2a1"	0.00107724298402827	"HiG"	0.0284370322945575	0.957	174	177	10	0	0.0271683218869495	152	6.49959853754772e-05	152	81.5	99.5
"HiG_6"	"Snx2"	0.00520497859892273	"HiG"	2.15430339082215e-09	0.937	89	46	2.91302107169054	0	0.0601979684780784	104	0.00014401427865569	104	155	99.5
"HiG_6"	"Snx3"	0.00104809363378142	"HiG"	2.73880301253362e-11	0.938	100.5	178	2.03911720319898	0	0.00544910867596102	188	1.30361451578015e-05	188	165	99.5
"HiG_6"	"Snx6"	0.005638968514256	"HiG"	2.32254874428839e-08	0.936	71.5	40	2	0	0.0711995650133266	95	0.00017033388759169	95	171.5	99.5
"HiG_6"	"Sox17"	0.00542522826455797	"HiG"	2.12322930860101e-05	0.936	71.5	41	3.58951853891796	0	0.115714710041799	57	0.000276829449860762	57	143	99.5
"HiG_6"	"Sri"	0.000801618844795925	"HiG"	9.1950560270313e-07	0.935	54.5	190	2	0	0.00496867636467713	189	1.18867855614285e-05	189	171.5	99.5
"HiG_6"	"Ssb"	0.00447940798258161	"HiG"	0.0185005197472474	0.956	167.5	52	17.1564138298124	0	0.183382395429281	34	0.000438713864663351	34	46	99.5
"HiG_6"	"Stmn1"	0.00123701441004392	"HiG"	0.000309494843559492	0.934	41	173	46	0	0.0143040241686292	168	3.42201535134669e-05	168	11.5	99.5
"HiG_6"	"Tagln2"	0.00141392557293725	"HiG"	0.00347726017761658	0.947	138	159	19	0	0.0364597712808602	139	8.72243332077995e-05	139	41.5	99.5
"HiG_6"	"Tkt"	0.00221000746512938	"HiG"	0.000821557317476898	0.937	89	133	46	0	0.037970182604495	137	9.08377574270215e-05	137	11.5	99.5
"HiG_6"	"Tln1"	0.00265800134911368	"HiG"	0.00329110587098222	0.942	116	118	5.6266429409448	0	0.069751624795755	97	0.000166869915779318	97	116	99.5
"HiG_6"	"Tmem59"	0.00173925907591641	"HiG"	0.00057381394098194	0.935	54.5	147	46	0	0.0265201461378274	153	6.34453256885823e-05	153	23.5	99.5
"HiG_6"	"Tmsb4x"	0.00432619511140064	"HiG"	0	0.928	13.5	60.5	1	0	0.00837226461561365	183.5	2.00293411856786e-05	183	190.5	99.5
"HiG_6"	"Tnfaip1"	0.00114992174581756	"HiG"	0.000263660102118417	0.934	41	175	46	0	0.0121856649682115	176	2.91523085363912e-05	176	11.5	99.5
"HiG_6"	"Top1"	0.00296265884121661	"HiG"	0.000221532491666871	0.934	41	108	9.597480950438	0	0.0328113758594325	143	7.84961144962499e-05	143	84	99.5
"HiG_6"	"Tpm1"	0.0012647045353519	"HiG"	0.000101105593230349	0.936	71.5	170	4	0	0.0202717996061509	161	4.849712824438e-05	161	136	99.5
"HiG_6"	"Tpm4"	0.00430854883892583	"HiG"	0.00295564495607698	0.938	100.5	73	7.3370379732148	0	0.120564655059243	55	0.000288432189136946	55	104	99.5
"HiG_6"	"Trp53"	0.00144914140956937	"HiG"	3.04076205466889e-05	0.945	131	158	4	0	0.014991141847911	166	3.58639757127057e-05	166	136	99.5
"HiG_6"	"Tuba1a"	0.00822356724688102	"HiG"	0.0263116560999202	0.96	190.5	19	10.0532398359154	0	0.311825769780908	20	0.000745994664547627	20	80	99.5
"HiG_6"	"Tuba1c"	0.00150504477306367	"HiG"	0.0045348945808331	0.947	138	156	21	0	0.0419984862101065	131	0.000100474847392599	131	37.5	99.5
"HiG_6"	"Tubb4b"	0.00247393189382137	"HiG"	0.0036431615186423	0.958	179	124	7.22917258030992	0	0.0785859413887954	86	0.000188004644470802	86	105	99.5
"HiG_6"	"Txndc5"	0.00182692187149805	"HiG"	0.0118530246869838	0.956	167.5	144	6.278954431844	0	0.0558244248183457	113	0.000133551255546282	113	110	99.5
"HiG_6"	"Ubc"	0.0065236862813848	"HiG"	0.0314141272023048	0.959	184.5	32	5.26606843725597	0	0.222335668803598	29	0.000531903513884206	29	118	99.5
"HiG_6"	"Vasp"	0.00131220374140276	"HiG"	0.00034906515172004	0.934	41	167	46	0	0.0161328580121234	165	3.85953540959891e-05	165	11.5	99.5
"HiG_6"	"Vat1"	0.0022350229795507	"HiG"	0.000834722371568441	0.938	100.5	130	46	0	0.0385786362050169	136	9.22933880502797e-05	136	11.5	99.5
"HiG_6"	"Vim"	0.00666282710918356	"HiG"	0.000242892047274951	0.935	54.5	30	2.96094405469297	0	0.228191715845932	27	0.000545913195803665	27	154	99.5
"HiG_6"	"Ywhae"	0.01440879849223	"HiG"	0.0435957632344372	0.955	163	7	4.39192447829183	0	0.566175078254055	10	0.00135448583314367	10	129	99.5
"HiG_6"	"Ywhah"	0.00267167530840895	"HiG"	0.0150604235110776	0.955	163	117	8.8001352892096	0	0.0995533630043487	65	0.000238165940201791	65	95	99.5
"HiG_6"	"Ywhaq"	0.0069322316134072	"HiG"	0.0237120454877667	0.954	160	26	14.8622340470434	0	0.294922618074454	22	0.000705556502570464	22	53	99.5
"HiG_6"	"Zyx"	0.00158053472491483	"HiG"	0.00132844397422219	0.938	100.5	154	42.9376855771608	0	0.0238772200176326	157	5.71225359273506e-05	157	26	99.5
"HiG_7"	"Aldoa"	0.0062368832118904	"HiG"	0.0329792920887329	0.97	113.5	58	9.19671258606254	0	0.0803394061245154	59	0.000271416912582822	59	33	67.5
"HiG_7"	"Anp32b"	0.00177772466828104	"HiG"	0.00515367205457234	0.971	124	121	2	0	0.0140031833042284	116	4.73080517034744e-05	116	120	67.5
"HiG_7"	"Apoe"	0.00587068499598135	"HiG"	0.00344334671344196	0.962	2	61	2.08525472417685	0	0.113850706111309	42	0.000384630763889557	42	114	67.5
"HiG_7"	"Arpc1b"	0.00638253401301853	"HiG"	0.0868001230884476	0.971	124	47	22.1703676623319	0	0.091413366020111	52	0.000308828939257132	52	9	67.5
"HiG_7"	"Asns"	0.00231940244194714	"HiG"	0.0170422231175774	0.97	113.5	109	13.8766365993397	0	0.0283358730267647	101	9.57293007660969e-05	101	22	67.5
"HiG_7"	"Atp5b"	0.0083356181487625	"HiG"	0.0342215680584293	0.97	113.5	28	7.26334664034686	0	0.11720257269292	41	0.000395954637476082	41	52	67.5
"HiG_7"	"Atp6v0b"	0.00631113916061688	"HiG"	0	0.968	85	50.5	1	0	0.00677494126556266	128.5	2.28883150863603e-05	128	129.5	67.5
"HiG_7"	"Baz1a"	0.00215855221601113	"HiG"	0.000266929971186336	0.964	17.5	110	3	0	0.0196705944810416	109	6.64547110846001e-05	109	108.5	67.5
"HiG_7"	"Blvrb"	0.00262668784320931	"HiG"	0.0370239780317109	0.973	134	107	26	0	0.0331355774279507	95	0.000111944518337671	95	4	67.5
"HiG_7"	"C1qbp"	0.00361977533414839	"HiG"	0.00439439009905392	0.962	2	86	3	0	0.0481425871000448	82	0.000162643875337989	82	106	67.5
"HiG_7"	"Cacybp"	0.0027730020435056	"HiG"	0.00349206638124077	0.964	17.5	102	2	0	0.0227960748360318	106	7.70137663379453e-05	106	120	67.5
"HiG_7"	"Car2"	0.00299572264835321	"HiG"	0.0451567152419789	0.972	130.5	98	26	0	0.0404141832898384	89	0.000136534403006211	89	4	67.5
"HiG_7"	"Ccnd2"	0.00139062517028034	"HiG"	0.00232627906694343	0.963	7.5	126	8	0	0.00943695326702635	121	3.1881598875089e-05	121	47.5	67.5
"HiG_7"	"Cct4"	0.00547886174089443	"HiG"	0.0312646275300307	0.97	113.5	63	5.43862788558325	0	0.0995086337084587	45	0.000336177816582631	45	78	67.5
"HiG_7"	"Cct8"	0.00913386786983712	"HiG"	0.0516348368719763	0.972	130.5	21	7.20524408071398	0	0.172781111542216	20	0.000583719971426406	20	53	67.5
"HiG_7"	"Cdc34"	0.00105467747681174	"HiG"	0.00098716639338785	0.965	28.5	133	19	0	0.00181901857631639	133	6.1453330280959e-06	133	13	67.5
"HiG_7"	"Chchd4"	0.00480599856962072	"HiG"	0.154058869685325	0.966	46.5	66	6.47202763238646	0	0.0735273519274002	63	0.000248403215970947	63	62	67.5
"HiG_7"	"Cox17"	0.0025480170551549	"HiG"	0.0188272965155886	0.966	46.5	108	2	0	0.0288224962070738	99	9.73732979968708e-05	99	120	67.5
"HiG_7"	"Creg1"	0.0012032796644887	"HiG"	0.0056551084857421	0.966	46.5	131	26	0	0.00506118723742419	131	1.70986055318385e-05	131	4	67.5
"HiG_7"	"Cycs"	0.00856093135726219	"HiG"	0.0177326550135526	0.965	28.5	25	5.71668615946295	0	0.16135642551085	23	0.000545123059158276	23	74	67.5
"HiG_7"	"Dars"	0.00631113916061688	"HiG"	0	0.968	85	50.5	1	0	0.00943345298069581	122.5	3.18697735834318e-05	122	129.5	67.5
"HiG_7"	"Ddx39b"	0.00191700521965354	"HiG"	0.0265054024013264	0.969	102	116	7	0	0.0217479127864842	107	7.34726783327168e-05	107	57	67.5
"HiG_7"	"Ddx5"	0.00807464601638179	"HiG"	0.450372513204524	0.97	113.5	32	8.96106680267402	0	0.169395572128372	21	0.000572282338271526	21	39	67.5
"HiG_7"	"Dkc1"	0.00918714325638341	"HiG"	0.143659273112638	0.966	46.5	20	5.02666806826093	0	0.201034363825975	15	0.000679170148060728	15	82	67.5
"HiG_7"	"Dnaja1"	0.00457115270075022	"HiG"	0.403849164255403	0.97	113.5	70	9	0	0.095246609248785	46	0.000321779085299949	46	36	67.5
"HiG_7"	"Dut"	0.0027456982602292	"HiG"	0.0164428778586697	0.966	46.5	104	19	0	0.0302987424140058	97	0.000102360616263533	97	13	67.5
"HiG_7"	"Ebna1bp2"	0.00268862432507176	"HiG"	0.0351784384814013	0.967	66	105	5.42420376255825	0	0.0335005793905123	94	0.000113177633076055	94	79	67.5
"HiG_7"	"Eef1e1"	0.00631113916061205	"HiG"	0	0.968	85	54.5	1	0	0.00943345298069581	122.5	3.18697735834318e-05	123	129.5	67.5
"HiG_7"	"Eif3e"	0.00368330865564868	"HiG"	0.0721216509389646	0.968	85	85	2	0	0.0645988835717988	69	0.000218239471526347	69	120	67.5
"HiG_7"	"Eif3m"	0.00679541954893307	"HiG"	0.263312200586078	0.967	66	44	5.73592704066921	0	0.136346154883202	36	0.000460628901632439	36	72	67.5
"HiG_7"	"Eif4a1"	0.00432052657345505	"HiG"	0.0921593710095655	0.967	66	76	7	0	0.0756175640281158	62	0.000255464743338229	62	57	67.5
"HiG_7"	"Eif4a3"	0.0143614305797015	"HiG"	0.287439967230306	0.966	46.5	10	5.72058805929525	0	0.273597930436167	10	0.000924317332554618	10	73	67.5
"HiG_7"	"Endog"	0.00385771738018749	"HiG"	0.0324657140644572	0.965	28.5	83	4.71118303072887	0	0.0719182706512053	65	0.000242967130578396	65	88	67.5
"HiG_7"	"Eno1"	0.00390176352505398	"HiG"	0.0366212918446396	0.971	124	82	15.337042954835	0	0.0608859218608436	73	0.00020569568196231	73	21	67.5
"HiG_7"	"Fam104a"	0.0018968172026707	"HiG"	0.00868421467568227	0.966	46.5	117	19	0	0.0160021126342973	112	5.40611913320855e-05	112	13	67.5
"HiG_7"	"Fam162a"	0.00677966988148912	"HiG"	0.109289254112804	0.967	66	45	8.86762820645662	0	0.132763268535347	37	0.000448524555862658	37	40	67.5
"HiG_7"	"Fkbp4"	0.00434747985026355	"HiG"	0.0361287347063866	0.965	28.5	75	3.52888457313991	0	0.0461250708652601	83	0.000155827942112365	83	102	67.5
"HiG_7"	"Fth1"	0.0014294855242404	"HiG"	0.00102313634588178	0.968	85	125	3	0	0.00731682249215174	127	2.4718994905918e-05	127	108.5	67.5
"HiG_7"	"Gata1"	0.00896942788521973	"HiG"	0.00722902946303192	0.964	17.5	23	2.00273510480774	0	0.113043170184883	43	0.000381902601975955	43	115	67.5
"HiG_7"	"Gfi1b"	0.00181800216367577	"HiG"	0.00039599858077093	0.963	7.5	119	4	0	0.0129194483509337	118	4.36467849693707e-05	118	95.5	67.5
"HiG_7"	"Gmps"	0.00150496496563415	"HiG"	0.0123036067851365	0.971	124	124	26	0	0.0110114346687103	119	3.72007927996968e-05	119	7	67.5
"HiG_7"	"Gnl3"	0.00473065744581893	"HiG"	0.0293607964552216	0.966	46.5	68	3.83726503290534	0	0.0722755633298214	64	0.000244174200438586	64	99	67.5
"HiG_7"	"Gpi1"	0.00624280879308307	"HiG"	0.0374232166820132	0.97	113.5	57	6.78749282007739	0	0.0914128578856448	53	0.000308827222586638	53	61	67.5
"HiG_7"	"Gtpbp4"	0.0060064028997449	"HiG"	0.0336102826265713	0.966	46.5	59	3.74230323281603	0	0.0940284337253373	48	0.000317663627450464	48	101	67.5
"HiG_7"	"H3f3b"	0.00358822387398534	"HiG"	0.0618119935892051	0.968	85	87	3	0	0.0621599085780994	71	0.000209999691142228	71	108.5	67.5
"HiG_7"	"Hdgf"	0.00194823278190567	"HiG"	0.0592470817634289	0.965	28.5	114	6.34688431036835	0	0.0252940888777729	102	8.5453002965449e-05	102	63	67.5
"HiG_7"	"Hells"	0.00291113743619712	"HiG"	0	0.968	85	99	2	0	0.00840760835533716	124	2.84040822815445e-05	124	120	67.5
"HiG_7"	"Hmgb1"	0.00125331180552422	"HiG"	0.0341667277713645	0.967	66	130	9	0	0.00805811985608247	125	2.72233778921705e-05	125	36	67.5
"HiG_7"	"Hprt"	0.00321623259332448	"HiG"	0.0500162824418876	0.971	124	92	26	0	0.0447633800477067	84	0.000151227635296306	84	1	67.5
"HiG_7"	"Hsp90aa1"	0.0104208015469094	"HiG"	0.361835025658021	0.966	46.5	14	5.32714601508234	0	0.197977848166437	17	0.000668844081643368	17	80	67.5
"HiG_7"	"Hsp90ab1"	0.0116392821573761	"HiG"	0.29237481622604	0.962	2	12	4.60418926930998	0	0.221579504850767	12	0.000748579408279617	12	90	67.5
"HiG_7"	"Hspa8"	0.0240844276651187	"HiG"	1	0.969	102	3	3.82139470745897	0	0.537970985490255	2	0.00181746954557519	2	100	67.5
"HiG_7"	"Hspa9"	0.00858967496984994	"HiG"	0.0767242847775689	0.972	130.5	24	10.7609829921393	0	0.148970421283472	30	0.000503278450282001	30	28	67.5
"HiG_7"	"Hspd1"	0.00698840627731935	"HiG"	0.0657373517377384	0.97	113.5	41	8.72784220997384	0	0.121853375429479	40	0.000411666808883374	40	42	67.5
"HiG_7"	"Hspe1"	0.00850082110522647	"HiG"	0.113125045406299	0.967	66	27	12.4623978733137	0	0.143428157724029	34	0.000484554586905502	34	24	67.5
"HiG_7"	"Idh3a"	0.00807996979595257	"HiG"	0.0298296813450175	0.963	7.5	31	6.87046756927199	0	0.143640682066811	33	0.000485272574550038	33	60	67.5
"HiG_7"	"Ifitm3"	0.00631113916061205	"HiG"	0	0.968	85	54.5	1	0	0.00677494126556266	128.5	2.28883150863603e-05	129	129.5	67.5
"HiG_7"	"Imp3"	0.00399188035573804	"HiG"	0.0124161579895773	0.966	46.5	81	3.24133992988109	0	0.0566466027199136	76	0.000191373657837546	76	103	67.5
"HiG_7"	"Impdh2"	0.00528709725560318	"HiG"	0.240155464557282	0.97	113.5	64	16.9572128367371	0	0.0998804570057275	44	0.000337433976370701	44	17	67.5
"HiG_7"	"Itga2b"	0.0437426588354804	"HiG"	0.263523209900985	0.968	85	1	2.51259312297064	0	0.733339330842628	1	0.0024774977393332	1	112	67.5
"HiG_7"	"Ldha"	0.00133290789370926	"HiG"	0.00851183719693263	0.969	102	129	26	0	0.00761789130955895	126	2.57361192890505e-05	126	4	67.5
"HiG_7"	"Lgals1"	0.00311221244592852	"HiG"	0.00109410393581573	0.967	66	95	2	0	0.0230553017188274	104	7.78895328338763e-05	104	120	67.5
"HiG_7"	"Lmo2"	0.00631717755022354	"HiG"	0.00320044368455768	0.964	17.5	48	5.61705823751936	0	0.0871564224348423	55	0.000294447373090684	55	75	67.5
"HiG_7"	"Mcm3"	0.00681142829772087	"HiG"	0	0.968	85	43	2	0	0.0251002406802258	103	8.47981104061681e-05	103	120	67.5
"HiG_7"	"Mcm7"	0.00921085174792391	"HiG"	0	0.968	85	18	1	0	0.0335078490355629	93	0.000113202192687713	93	129.5	67.5
"HiG_7"	"Mrpl12"	0.00559750244297714	"HiG"	0	0.968	85	62	2	0	0.0914502439445654	51	0.000308953526839748	51	120	67.5
"HiG_7"	"Mrpl15"	0.00921085174792225	"HiG"	0	0.968	85	19	1	0	0.15394761835341	26	0.000520093305248008	26	129.5	67.5
"HiG_7"	"Mrpl34"	0.00412506329094408	"HiG"	0	0.968	85	78	2	0	0.0624973744088449	70	0.00021113977840826	70	120	67.5
"HiG_7"	"Mrto4"	0.00631113916061205	"HiG"	0	0.968	85	54.5	1	0	0.0344058798808918	91.5	0.000116236080678688	92	129.5	67.5
"HiG_7"	"Mt1"	0.00631113916061205	"HiG"	0	0.968	85	54.5	1	0	0.070315019977095	66.5	0.000237550743165861	67	129.5	67.5
"HiG_7"	"Myc"	0.0079945145251676	"HiG"	0.234526930339199	0.968	85	33	4.70020322660873	0	0.159905005966557	24	0.000540219614751881	24	89	67.5
"HiG_7"	"Ncl"	0.0138349947646506	"HiG"	0.744588079387981	0.969	102	11	7.03177991465051	0	0.310583856599933	8	0.00104926978581059	8	54	67.5
"HiG_7"	"Ncoa4"	0.00356363747393732	"HiG"	0.0302663269533023	0.966	46.5	88	11	0	0.0602976759447914	74	0.000203708364678349	74	26	67.5
"HiG_7"	"Ndufa8"	0.00853418586197462	"HiG"	0.00765004836273887	0.964	17.5	26	4.56384734724021	0	0.138168826803859	35	0.000466786577040063	35	91	67.5
"HiG_7"	"Ndufaf4"	0.0018570645944557	"HiG"	0.00218513981865777	0.964	17.5	118	7	0	0.0150594690774369	114	5.08765847210707e-05	114	57	67.5
"HiG_7"	"Ndufb10"	0.0103252252447866	"HiG"	0.00975905848670837	0.965	28.5	15	5.19288552428476	0	0.191535552275836	18	0.000647079568499446	18	81	67.5
"HiG_7"	"Ndufs7"	0.00765786814024204	"HiG"	0.0110779466629454	0.964	17.5	35	5.61386044120323	0	0.145283784462524	31	0.000490823596157174	31	76	67.5
"HiG_7"	"Nop56"	0.00343085497880149	"HiG"	0.0571540921358725	0.967	66	89	10	0	0.0612700965835733	72	0.000206993569539099	72	30.5	67.5
"HiG_7"	"Nop58"	0.00631113916061688	"HiG"	0	0.968	85	50.5	1	0	0.0344058798808918	91.5	0.000116236080678688	91	129.5	67.5
"HiG_7"	"Npm1"	0.0229404292983517	"HiG"	0.800621548315023	0.97	113.5	4	4.74374736494187	0	0.514738412047936	3	0.00173898112178357	3	86	67.5
"HiG_7"	"Nsun2"	0.00722463635243163	"HiG"	0.193639171486773	0.966	46.5	39	4.7752569532352	0	0.131692681677815	38	0.000444907708370998	38	85	67.5
"HiG_7"	"Ola1"	0.0047197152537206	"HiG"	0.0846335823663507	0.969	102	69	10.982700319714	0	0.0797290755158613	60	0.000269354984850883	60	27	67.5
"HiG_7"	"Pa2g4"	0.00206729116205285	"HiG"	0.0102423246376604	0.966	46.5	112	19	0	0.0188731898749386	110	6.37607766045224e-05	110	13	67.5
"HiG_7"	"Pabpc1"	0.00997952955016958	"HiG"	0.530544952490485	0.968	85	17	8.67552757908896	0	0.199433094547611	16	0.000673760454552738	16	43	67.5
"HiG_7"	"Paics"	0.00421131932265348	"HiG"	0.363755596135699	0.97	113.5	77	9	0	0.0857906619444792	56	0.000289833317379997	56	36	67.5
"HiG_7"	"Pfn1"	0.00321266672012136	"HiG"	0.252483133421644	0.968	85	93	9	0	0.0595473866963646	75	0.000201173603703934	75	36	67.5
"HiG_7"	"Phgdh"	0.00311669391460589	"HiG"	0.0443285651246511	0.971	124	94	25.2399414951451	0	0.0420195037692735	86	0.000141957783004302	86	8	67.5
"HiG_7"	"Pkm"	0.00286646515568141	"HiG"	0.0525196633015747	0.972	130.5	100	16.6990901541283	0	0.0400546411226082	90	0.000135319733522325	90	18	67.5
"HiG_7"	"Ppid"	0.00730668484792394	"HiG"	0.478850452936393	0.967	66	38	7.84479677414616	0	0.155958723584195	25	0.000526887579676336	25	50	67.5
"HiG_7"	"Prcp"	0.00213128732957376	"HiG"	0.00226131617985937	0.97	113.5	111	3	0	0.0156287760694075	113	5.27999191534038e-05	113	108.5	67.5
"HiG_7"	"Prdx2"	0.00762650306603037	"HiG"	0.00639786927822573	0.963	7.5	36	2.50431495789097	0	0.150075697124811	29	0.000507012490286524	29	113	67.5
"HiG_7"	"Prdx3"	0.00178640500187694	"HiG"	0.00201554167022909	0.963	7.5	120	7	0	0.0138906385751301	117	4.69278330240883e-05	117	57	67.5
"HiG_7"	"Prmt1"	0.0191772764798216	"HiG"	0.220003252312735	0.967	66	5	4.13675795797053	0	0.402041275006831	5	0.00135824755069875	5	92	67.5
"HiG_7"	"Prps1"	0.00400236039075817	"HiG"	0.0392894694540359	0.968	85	80	4.85935943634157	0	0.0765087103272266	61	0.000258475372727117	61	83	67.5
"HiG_7"	"Psat1"	0.0010672135210031	"HiG"	0.00334683895662106	0.964	17.5	132	6	0	0.00269976018975994	132	9.12081145189167e-06	132	67.5	67.5
"HiG_7"	"Ptma"	0.00908244579548294	"HiG"	0.03268346541226	0.968	85	22	6.32374807964675	0	0.16630667289792	22	0.000561846867898378	22	64	67.5
"HiG_7"	"Ran"	0.00825661272905161	"HiG"	0.02966122485075	0.966	46.5	29	3.03659737510224	0	0.150844295647972	27	0.000509609106918825	27	104	67.5
"HiG_7"	"Rangrf"	0.00284225156686969	"HiG"	0.00512399943619688	0.966	46.5	101	4	0	0.0407427489198268	88	0.000137644422026442	88	95.5	67.5
"HiG_7"	"Rbm38"	0.000969580177267783	"HiG"	0.00121163543248708	0.965	28.5	134	9	0	0.000538617070473076	134	1.81965226511174e-06	134	36	67.5
"HiG_7"	"Rpl22l1"	0.00451334179345942	"HiG"	0.0710381366612963	0.964	17.5	71	8	0	0.0836849892673414	57	0.000282719558335613	57	47.5	67.5
"HiG_7"	"Rpl7a"	0.0156199926812359	"HiG"	0.398728073782554	0.969	102	8	5.78471301435527	0	0.308232222925923	9	0.00104132507745244	9	71	67.5
"HiG_7"	"Rplp1"	0.00326275831419928	"HiG"	0.09090331421996	0.97	113.5	91	8	0	0.0537691582925693	79	0.00018165256179922	79	47.5	67.5
"HiG_7"	"Rps26"	0.0183997128393168	"HiG"	0.20020472913786	0.963	7.5	6	3.03142895247577	0	0.36695642388832	6	0.00123971764827135	6	105	67.5
"HiG_7"	"Rsl1d1"	0.0101110592738654	"HiG"	0.13258646584235	0.967	66	16	6.17563297580078	0	0.219932250314706	13	0.000743014359171304	13	65	67.5
"HiG_7"	"Runx1"	0.00754498727164306	"HiG"	0.0505283170967912	0.964	17.5	37	5.79039999618142	0	0.125342855370634	39	0.000423455592468359	39	70	67.5
"HiG_7"	"Ruvbl2"	0.00380388846365047	"HiG"	0.0566138527245367	0.968	85	84	3.97384387644184	0	0.0701708177867369	68	0.000237063573603841	68	98	67.5
"HiG_7"	"S100a10"	0.00480490378756387	"HiG"	0.0111922681235328	0.966	46.5	67	9.45589060029925	0	0.0434818392747997	85	0.000146898105658107	85	32	67.5
"HiG_7"	"Sdhd"	0.00193503363533656	"HiG"	0.00261446870853772	0.963	7.5	115	6	0	0.0206711752845683	108	6.9835051637055e-05	108	67.5	67.5
"HiG_7"	"Serbp1"	0.00443262608294787	"HiG"	0.147904521051771	0.971	124	73	8.82956838913266	0	0.0876373446285742	54	0.00029607211023167	54	41	67.5
"HiG_7"	"Set"	0.0144211859405533	"HiG"	0.0581380342911579	0.97	113.5	9	4.73246045363988	0	0.260563418585767	11	0.000880281819546509	11	87	67.5
"HiG_7"	"Slc25a3"	0.00597852788762533	"HiG"	0.0215277934597965	0.964	17.5	60	5.51372574391221	0	0.0915222481132908	50	0.000309196784166523	50	77	67.5
"HiG_7"	"Slc25a4"	0.0183045258796946	"HiG"	0.118383038099905	0.966	46.5	7	4.10911483184198	0	0.35849227666856	7	0.0012111225563127	7	93	67.5
"HiG_7"	"Slc25a5"	0.011376677522469	"HiG"	0.130710712304746	0.969	102	13	16.3549567755714	0	0.20924846344906	14	0.000706920484625201	14	20	67.5
"HiG_7"	"Snca"	0.00631113916061688	"HiG"	0	0.968	85	50.5	1	0	0.070315019977095	66.5	0.000237550743165861	66	129.5	67.5
"HiG_7"	"Sod2"	0.00201970515830844	"HiG"	0.001063567931621	0.965	28.5	113	4.79949141446939	0	0.0229308913830586	105	7.74692276454682e-05	105	84	67.5
"HiG_7"	"Ssb"	0.00789898375035066	"HiG"	0.268126033329302	0.969	102	34	8.62828900418243	0	0.17469633397059	19	0.00059019031746821	19	44	67.5
"HiG_7"	"Sssca1"	0.00268286433572836	"HiG"	0.0158685839074424	0.966	46.5	106	19	0	0.029240510111381	98	9.87855071330441e-05	98	13	67.5
"HiG_7"	"Tal1"	0.00648002931115259	"HiG"	0.0116110307224849	0.965	28.5	46	4	0	0.0935395817886385	49	0.000316012100637292	49	95.5	67.5
"HiG_7"	"Timm10"	0.00173686801473983	"HiG"	0.0157385230472583	0.964	17.5	122	8	0	0.018540437491672	111	6.26366131475404e-05	111	47.5	67.5
"HiG_7"	"Timm13"	0.00722076811419398	"HiG"	0.0285026601237203	0.966	46.5	40	10.5685363015927	0	0.0942775048595482	47	0.00031850508398496	47	29	67.5
"HiG_7"	"Timm8a1"	0.00275616628907056	"HiG"	0.0067733194973121	0.966	46.5	103	7.43386624412185	0	0.0284891240591494	100	9.62470407403696e-05	100	51	67.5
"HiG_7"	"Timm8b"	0.00439796572789805	"HiG"	0.0191380001317035	0.966	46.5	74	11.4710622410502	0	0.0556027537380859	77	0.000187847141007047	77	25	67.5
"HiG_7"	"Tkt"	0.00341433277306477	"HiG"	0.0543819863827568	0.972	130.5	90	26	0	0.0486705809658868	81	0.000164427638398266	81	4	67.5
"HiG_7"	"Tom1l1"	0.00133729251442937	"HiG"	0.00357023132079834	0.966	46.5	128	19	0	0.00657874613416585	130	2.22254936965063e-05	130	13	67.5
"HiG_7"	"Top1"	0.00306631645219239	"HiG"	0.0468318890710783	0.968	85	97	5.8857532846199	0	0.0408139058315561	87	0.0001378848169985	87	69	67.5
"HiG_7"	"Tpi1"	0.00818554475522372	"HiG"	0.124357863819844	0.969	102	30	13.5284741368533	0	0.15046081609759	28	0.000508313567897265	28	23	67.5
"HiG_7"	"Trp53"	0.00444975543450898	"HiG"	0.0821692435153863	0.963	7.5	72	8.1135407144688	0	0.0827150901790322	58	0.00027944287222646	58	45	67.5
"HiG_7"	"Tubb4b"	0.00490917917629278	"HiG"	0.0341245283048849	0.972	130.5	65	16.673483540167	0	0.0550522427952396	78	0.000185987306740674	78	19	67.5
"HiG_7"	"Ubash3b"	0.00406902106773491	"HiG"	0.0285378773340166	0.967	66	79	19	0	0.0525857943979046	80	0.000177654710803732	80	13	67.5
"HiG_7"	"Ubc"	0.0323324447369712	"HiG"	0.127992217443343	0.966	46.5	2	2.65516807756516	0	0.462854295000129	4	0.001563696942568	4	111	67.5
"HiG_7"	"Wdr12"	0.00683661691600243	"HiG"	0.0851972361666123	0.966	46.5	42	6.17494597344281	0	0.144502583854597	32	0.00048818440491418	32	66	67.5
"HiG_7"	"Wdr77"	0.00160273386799711	"HiG"	0.0179208473178085	0.966	46.5	123	7	0	0.0147042108105514	115	4.96763878734846e-05	115	57	67.5
"HiG_7"	"Ybx3"	0.00136211539424579	"HiG"	0.00955821041483137	0.967	66	127	10	0	0.0102465537181591	120	3.46167355343214e-05	120	30.5	67.5
"HiG_7"	"Zfpm1"	0.00308674285859309	"HiG"	0.000972609934640986	0.965	28.5	96	4	0	0.0317313859856184	96	0.000107200628329792	96	95.5	67.5
"HiG_8"	"Anp32a"	0.00451004204495003	"HiG"	0.0130029563853292	0.944	59.5	80	4.87253780114715	0	0.094888441865592	65	0.000328333708877481	65	64	64
"HiG_8"	"Apex1"	0.00412187574513989	"HiG"	0.00333023232806704	0.943	51.5	85	4.54426177441077	0	0.0651261684901535	76	0.00022535006397977	76	67	64
"HiG_8"	"Apoe"	0.00397395733543824	"HiG"	0.0243297213096343	0.943	51.5	87	6	0	0.113485400656275	60	0.000392683047253546	60	50.5	64
"HiG_8"	"Bccip"	0.00723112153229608	"HiG"	4.10391950238126e-17	0.938	29	36	1.61822028909898	0	0.0313491808937258	100	0.000108474674372754	100	103	64
"HiG_8"	"Cacybp"	0.002047292053543	"HiG"	0.00414386305657311	0.945	65.5	111	3.53046731401412	0	0.031031713206628	101	0.000107376170265149	101	80	64
"HiG_8"	"Cbx1"	0.00653267199606815	"HiG"	0.100069330861589	0.956	110	60	6.50511400734273	0	0.192977342493565	33	0.000667741669527907	33	46	64
"HiG_8"	"Ccnb1"	0.00660283922086085	"HiG"	3.77122902123505e-18	0.936	11	54	1	0	0.00291004965319164	126.5	1.00693759626008e-05	127	116.5	64
"HiG_8"	"Ccnd1"	0.00165326637930535	"HiG"	0.0315567865753663	0.945	65.5	117	13.0450591532117	0	0.0250453512022673	108	8.66621148867381e-05	108	9	64
"HiG_8"	"Ccnd2"	0.00183371299541455	"HiG"	0.00687673006092949	0.94	34.5	114	6	0	0.0320763421922387	99	0.000110990803433352	99	50.5	64
"HiG_8"	"Ccne1"	0.00118956419334122	"HiG"	0.000407061864499359	0.943	51.5	126	5	0	0.00481151889921014	123	1.66488543225264e-05	123	61.5	64
"HiG_8"	"Cct8"	0.00394731207416625	"HiG"	0.0271389257184416	0.943	51.5	88	6.40226224846709	0	0.113723296200445	58	0.000393506215226453	58	47	64
"HiG_8"	"Cd81"	0.00963657616018034	"HiG"	8.96697221970061e-17	0.935	2.5	24	1	0	0.0718616923616156	74	0.000248656374953687	74	116.5	64
"HiG_8"	"Cdc20"	0.00242492238749356	"HiG"	0.00297027064543077	0.944	59.5	107	2	0	0.0733398379636708	73	0.000253771065618238	73	95	64
"HiG_8"	"Cnn2"	0.00660283922086085	"HiG"	5.24157216289812e-17	0.937	22	54	1	0	0.0439805113919277	91.5	0.000152181700318089	92	116.5	64
"HiG_8"	"Cnn3"	0.0066028392208659	"HiG"	5.39992903089817e-17	0.936	11	44	1	0	0.0439805113919277	91.5	0.000152181700318089	91	116.5	64
"HiG_8"	"Dars"	0.0066028392208659	"HiG"	1.47897834632711e-17	0.936	11	44	1	0	0.0108460958830642	115.5	3.75297435400146e-05	115	116.5	64
"HiG_8"	"Dbn1"	0.00298816378129828	"HiG"	0.00723782494669723	0.945	65.5	97	8.09597319664153	0	0.0547774911412792	83	0.000189541491838336	83	32	64
"HiG_8"	"Ddx5"	0.014366585638575	"HiG"	0.568047105768543	0.96	121	10	7.12860176833583	0	0.628673323960807	10	0.00217534022131767	10	43	64
"HiG_8"	"Dek"	0.0066028392208659	"HiG"	4.82892463050709e-17	0.936	11	44	1	0	0.0444287012677702	89.5	0.000153732530338305	89	116.5	64
"HiG_8"	"Dkc1"	0.005974556909426	"HiG"	3.30490136112767e-17	0.937	22	63	2	0	0.028375260688507	104	9.81842930398167e-05	104	95	64
"HiG_8"	"Dnaja1"	0.0043972497406605	"HiG"	0.274644627256879	0.96	121	83	16	0	0.162348011588765	41	0.000561757825566659	41	2	64
"HiG_8"	"Dut"	0.00132836504998507	"HiG"	0.00554513147531877	0.947	75.5	123	15	0	0.012774780917844	113	4.42033941793911e-05	113	6	64
"HiG_8"	"Ebna1bp2"	0.00215997245261249	"HiG"	2.01062774708752e-05	0.942	43	110	2	0	0.00435762629485295	125	1.50782916776919e-05	125	95	64
"HiG_8"	"Eef1e1"	0.00660283922086085	"HiG"	1.4342195526694e-17	0.936	11	54	1	0	0.0108460958830642	115.5	3.75297435400146e-05	116	116.5	64
"HiG_8"	"Eif4a1"	0.00750909244409813	"HiG"	0.0585253564312095	0.95	92	32	7.91578851176761	0	0.232891800885305	32	0.000805853982302093	32	36	64
"HiG_8"	"Eif4a3"	0.00517934425843621	"HiG"	0.0439300266540782	0.949	87	71	3.91232894192433	0	0.166471283691722	37	0.000576025203085544	37	77	64
"HiG_8"	"Eno3"	0.00393543310849066	"HiG"	0.0203219220958087	0.948	81.5	89	3.26669164572492	0	0.123698280004859	52	0.000428021730120621	52	81	64
"HiG_8"	"Ezh2"	0.0085756764571092	"HiG"	0.0213450001021456	0.941	38	28	2.7046729980849	0	0.164826986874198	38	0.000570335594720408	38	87	64
"HiG_8"	"Fam162a"	0.00249176291093445	"HiG"	0.0115725573650285	0.952	95.5	106	5.89632287455557	0	0.0523211542432174	84	0.000181042056204905	84	52	64
"HiG_8"	"Fermt2"	0.00555389204253704	"HiG"	0.00367839930759438	0.943	51.5	66	2.44024215741615	0	0.112338304424958	61	0.000388713856141722	61	88	64
"HiG_8"	"Fhl1"	0.00500010945060399	"HiG"	0.000631797548982577	0.943	51.5	74	2	0	0.094684607133621	66	0.000327628398386232	66	95	64
"HiG_8"	"Fkbp4"	0.00270846063389355	"HiG"	0.0327801055163477	0.947	75.5	103	7.31181243698402	0	0.0635164209687121	78	0.000219780003351945	78	42	64
"HiG_8"	"Foxp1"	0.00146485152790084	"HiG"	0.00138507759329322	0.942	43	119	12	0	0.0104528036138151	117	3.61688706360384e-05	117	13.5	64
"HiG_8"	"Gnl3"	0.0066028392208659	"HiG"	6.33902844561897e-17	0.935	2.5	44	1	0	0.047195432888505	87.5	0.000163305996153996	87	116.5	64
"HiG_8"	"Gpc3"	0.00441707053518559	"HiG"	3.27719752701337e-17	0.936	11	82	2	0	0.0300624815196285	102	0.000104022427403559	102	95	64
"HiG_8"	"Gtpbp4"	0.00660283922086085	"HiG"	6.06756348162308e-17	0.935	2.5	54	1	0	0.047195432888505	87.5	0.000163305996153996	88	116.5	64
"HiG_8"	"H2afy"	0.00660283922086085	"HiG"	4.94283565075773e-17	0.936	11	54	1	0	0.0444287012677702	89.5	0.000153732530338305	90	116.5	64
"HiG_8"	"H3f3a"	0.00569357359772635	"HiG"	0.00384016531148208	0.94	34.5	65	4	0	0.106348073084968	62	0.000367986412058714	62	74.5	64
"HiG_8"	"Hdac1"	0.00744017033920989	"HiG"	0.0500096814020803	0.946	70	34	5.02544268076978	0	0.152802050688799	43	0.000528726818992384	43	60	64
"HiG_8"	"Hells"	0.0066028392208659	"HiG"	6.76443517840997e-17	0.937	22	44	1	0	0.0578555242397068	79.5	0.000200192125396909	79	116.5	64
"HiG_8"	"Hmgb1"	0.00446327793673952	"HiG"	0.00726673771477153	0.94	34.5	81	2.04276387456928	0	0.0872315264872898	69	0.000301839191997543	69	89	64
"HiG_8"	"Hmgb2"	0.0053340577564185	"HiG"	0.0463296568001966	0.941	38	68	5.29373768403494	0	0.113719520112012	59	0.000393493149176513	59	55	64
"HiG_8"	"Hmgb3"	0.00660283922086589	"HiG"	1.0453223761962e-16	0.937	22	49	1	0	0.0857037277019189	70.5	0.0002965526910101	70	116.5	64
"HiG_8"	"Hnrnpa3"	0.00476544217664067	"HiG"	0.150926120010639	0.954	106	77	8.35313675001319	0	0.182195444648966	35	0.000630434064529296	35	29	64
"HiG_8"	"Hnrnpdl"	0.00346207105209731	"HiG"	0.122277668503891	0.952	95.5	93	9	0	0.12724439589269	50	0.000440292027310347	50	22.5	64
"HiG_8"	"Hsp90aa1"	0.0131724998755596	"HiG"	0.344057925131667	0.959	117.5	14	7.3355269310732	0	0.480796014818298	13	0.00166365403051314	13	41	64
"HiG_8"	"Hspa5"	0.0227610906921316	"HiG"	0.992242190446525	0.961	123	2	8.08801548883125	0	1.0403785809619	2	0.00359992588568132	2	33	64
"HiG_8"	"Hspa8"	0.0310093504595066	"HiG"	1	0.964	124	1	6.3902443263219	0	1.25605567195176	1	0.00434621339775694	1	48	64
"HiG_8"	"Hspd1"	0.00372902745105741	"HiG"	0.03161311885324	0.949	87	90	7.34176644557863	0	0.103059878170531	64	0.000356608574984537	64	40	64
"HiG_8"	"Hspe1"	0.00427284483172545	"HiG"	0.0346204050940854	0.949	87	84	8.74984189003247	0	0.116495694837655	56	0.000403099290095692	56	26	64
"HiG_8"	"Id1"	0.0190405376544611	"HiG"	0.304930445470282	0.953	100.5	6	5.02847495779974	0	0.713155253972156	6	0.00246766523865798	6	59	64
"HiG_8"	"Id2"	0.00291318533597724	"HiG"	0.00561346348959588	0.945	65.5	101	12	0	0.0423632811144936	93	0.000146585747801016	93	13.5	64
"HiG_8"	"Id3"	0.00140255278241305	"HiG"	0.00120319746641297	0.943	51.5	120	12	0	0.00908020379937812	120	3.14193903092669e-05	120	13.5	64
"HiG_8"	"Ifitm2"	0.00575487096722166	"HiG"	5.68194565725102e-17	0.936	11	64	2	0	0.0417992108419871	94	0.000144633947550129	94	95	64
"HiG_8"	"Impdh2"	0.00293219459634644	"HiG"	0.107594323874005	0.955	108	100	10	0	0.0930819873803463	67	0.000322083001316077	67	18	64
"HiG_8"	"Ivns1abp"	0.00184886185223711	"HiG"	0.00250618919781669	0.944	59.5	113	12	0	0.0189135277551897	110	6.54447327169192e-05	110	13.5	64
"HiG_8"	"Krt18"	0.00675024330239053	"HiG"	0.00599663470756417	0.942	43	39	2	0	0.362344156383372	22	0.00125378600824696	22	95	64
"HiG_8"	"Krt8"	0.0069724736380071	"HiG"	0.00978277800881501	0.942	43	38	1.19699249157274	0	0.372836439110439	19	0.00129009148481121	19	105	64
"HiG_8"	"Ldha"	0.00516869640581134	"HiG"	0.0949745905188416	0.949	87	72	11	0	0.184112174700248	34	0.000637066348443764	34	17	64
"HiG_8"	"Lmnb1"	0.00333701704801077	"HiG"	1.57942296994039e-17	0.938	29	94	2	0	0.0119684812185903	114	4.14134298221118e-05	114	95	64
"HiG_8"	"Map1b"	0.00460809340490515	"HiG"	0.00506250758694125	0.941	38	79	4.67304869654826	0	0.0711735206111158	75	0.00024627515782393	75	65	64
"HiG_8"	"Mapk3"	0.00132096865116802	"HiG"	0.00159506501044973	0.944	59.5	124	3	0	0.00999909242805681	118	3.45989357372208e-05	118	83.5	64
"HiG_8"	"Mcm7"	0.00660283922086085	"HiG"	6.84880586286171e-17	0.937	22	54	1	0	0.0578555242397068	79.5	0.000200192125396909	80	116.5	64
"HiG_8"	"Mef2c"	0.0102257340563114	"HiG"	0.0239404298227791	0.946	70	17	1.83496119329805	0	0.444379351918825	14	0.00153764481632812	14	101	64
"HiG_8"	"Meis1"	0.00302696373989677	"HiG"	3.31247477413496e-05	0.942	43	96	2	0	0.0368901868536455	95	0.000127647705375936	95	95	64
"HiG_8"	"Meis2"	0.00722635468496496	"HiG"	0.00337827080638515	0.942	43	37	4.11856411231734	0	0.117381300407153	55	0.000406163669228903	55	72	64
"HiG_8"	"Mrto4"	0.00660283922086085	"HiG"	3.35745495622339e-17	0.937	22	54	1	0	0.0283655439200079	105.5	9.81506710034876e-05	106	116.5	64
"HiG_8"	"Ncl"	0.0192479301709785	"HiG"	0.941930337479374	0.968	127	4	9.13784633780007	0	0.876757896853198	3	0.003033764348973	3	20	64
"HiG_8"	"Ndn"	0.00632155217691155	"HiG"	0.0930962788553434	0.948	81.5	62	4.58814831718856	0	0.160943552468864	42	0.000556898105428594	42	66	64
"HiG_8"	"Nkx2-5"	0.00962063686626633	"HiG"	0.0375535060741489	0.948	81.5	25	3.59515225496567	0	0.422935385833377	15	0.00146344424163798	15	79	64
"HiG_8"	"Nop58"	0.0066028392208659	"HiG"	3.21081443590652e-17	0.936	11	44	1	0	0.0283655439200079	105.5	9.81506710034876e-05	105	116.5	64
"HiG_8"	"Npm1"	0.0190497225380247	"HiG"	0.683281370250232	0.966	126	5	8.02634461534272	0	0.776203735126732	5	0.00268582607310288	5	35	64
"HiG_8"	"Ola1"	0.00295474271631149	"HiG"	0.0336593429240468	0.954	106	98	11.3392510874695	0	0.079799265936973	72	0.000276122027463574	72	16	64
"HiG_8"	"Pa2g4"	0.00192617819062482	"HiG"	0.0153544486178423	0.95	92	112	15	0	0.0353733212783656	98	0.000122399035565279	98	6	64
"HiG_8"	"Pabpc1"	0.0140534128338911	"HiG"	0.724545274033543	0.965	125	11	9.41872878700262	0	0.643583547878062	8	0.00222693269161959	8	19	64
"HiG_8"	"Paics"	0.00361125054534751	"HiG"	0.211280489558933	0.959	117.5	91	16	0	0.124892184165363	51	0.000432152886385338	51	2	64
"HiG_8"	"Pbx1"	0.00840443940989398	"HiG"	0.000530783716383942	0.942	43	29	1.71492127273937	0	0.129403506210825	49	0.000447762997269291	49	102	64
"HiG_8"	"Pcna"	0.00813881067929236	"HiG"	0.00660166222011943	0.947	75.5	30	5.87195681613807	0	0.123363111076451	53	0.000426861976043082	53	53	64
"HiG_8"	"Pdia4"	0.00745685019755404	"HiG"	0.374731427483752	0.953	100.5	33	6.76391899792192	0	0.322309275925928	26	0.00111525701012432	26	45	64
"HiG_8"	"Pdia6"	0.00952592057011408	"HiG"	0.446026289530728	0.953	100.5	26	7.0436903861543	0	0.401580962584857	16	0.00138955350375383	16	44	64
"HiG_8"	"Peg3"	0.00168729198431236	"HiG"	0.0114346442519068	0.95	92	116	15	0	0.0263429417033249	107	9.11520474163492e-05	107	6	64
"HiG_8"	"Pfn2"	0.00110093375295972	"HiG"	0.00890870616927845	0.938	29	127	16	0	0.00526611697034277	122	1.82218580288677e-05	122	2	64
"HiG_8"	"Phgdh"	0.00256452853914774	"HiG"	0.0310396720845008	0.949	87	105	12.7534213500576	0	0.0646657563784539	77	0.000223756942486	77	10	64
"HiG_8"	"Pkm"	0.00900985679885218	"HiG"	0.142949563733227	0.957	112.5	27	7.78060454326259	0	0.335265631452942	24	0.00116008869014859	24	37	64
"HiG_8"	"Ppid"	0.00743754492761707	"HiG"	0.32735472203421	0.958	114.5	35	12.1297189730438	0	0.285244657915563	28	0.000987005736732051	28	11	64
"HiG_8"	"Ppp1cb"	0.0066028392208659	"HiG"	3.54127011568353e-18	0.936	11	44	1	0	0.00291004965319164	126.5	1.00693759626008e-05	126	116.5	64
"HiG_8"	"Prdx1"	0.0015214591973461	"HiG"	0.00211693886431759	0.943	51.5	118	3	0	0.0160914363961964	111	5.56797107134822e-05	111	83.5	64
"HiG_8"	"Prdx4"	0.00411196861240319	"HiG"	0.0777659298793904	0.948	81.5	86	4.33219695344853	0	0.105911169178822	63	0.000366474633836756	63	70	64
"HiG_8"	"Psip1"	0.00660283922086084	"HiG"	1.00422657993867e-16	0.937	22	59	1	0	0.0857037277019189	70.5	0.0002965526910101	71	116.5	64
"HiG_8"	"Ptma"	0.0104353401593005	"HiG"	0.0564835903050339	0.947	75.5	16	5.2397245390942	0	0.370221674463029	20	0.00128104385627346	20	57	64
"HiG_8"	"Ran"	0.00994278785632392	"HiG"	0.0523439708019788	0.947	75.5	19	3.63035137057654	0	0.342739084445436	23	0.00118594838908455	23	78	64
"HiG_8"	"Rangrf"	0.00321312406307164	"HiG"	0.00798192836767111	0.947	75.5	95	5	0	0.0901398907192818	68	0.000311902736052878	68	61.5	64
"HiG_8"	"Rbbp7"	0.011852851738209	"HiG"	0.338062363274312	0.953	100.5	15	9.09932298910487	0	0.38291437057253	17	0.00132496321997415	17	21	64
"HiG_8"	"Rcn2"	0.00227433002791807	"HiG"	0.00552493845503582	0.945	65.5	109	9	0	0.036451923266702	96	0.000126131222376131	96	22.5	64
"HiG_8"	"Rps26"	0.010061537500731	"HiG"	0.0814589745218189	0.953	100.5	18	3.11609045309249	0	0.375848120529096	18	0.00130051252778234	18	82	64
"HiG_8"	"Rps4x"	0.00983356482842674	"HiG"	0.325367275016489	0.959	117.5	21	8.24763278004261	0	0.363082719638949	21	0.00125634159044619	21	31	64
"HiG_8"	"Rtn4"	0.00271199539959561	"HiG"	0.00812104562756792	0.944	59.5	102	4	0	0.0515650561105146	85	0.000178425799690362	85	74.5	64
"HiG_8"	"Serbp1"	0.00640551826976395	"HiG"	0.260588518651509	0.958	114.5	61	8.8959271869903	0	0.26566195861789	29	0.000919245531549794	29	25	64
"HiG_8"	"Set"	0.0162925780366618	"HiG"	0.126728123813027	0.943	51.5	8	2.93223006668895	0	0.526766454251798	12	0.00182272129498892	12	86	64
"HiG_8"	"Sfrp1"	0.00963657616018034	"HiG"	2.64109909498179e-16	0.938	29	23	1	0	0.314246816922847	27	0.00108735922810674	27	116.5	64
"HiG_8"	"Sfrp5"	0.00488766926439512	"HiG"	1.03733623345998e-16	0.938	29	76	2	0	0.149515677008342	44	0.000517355283765888	44	95	64
"HiG_8"	"Slc25a4"	0.00513318950404473	"HiG"	0.0398590363227824	0.953	100.5	73	6.19595276718909	0	0.140755939802662	46	0.000487044774403673	46	49	64
"HiG_8"	"Slc25a5"	0.00541707171038965	"HiG"	0.0289354489695412	0.954	106	67	8.60907417960268	0	0.146803643738644	45	0.000507971085600845	45	27	64
"HiG_8"	"Srsf9"	0.00660283922086085	"HiG"	7.25306271893472e-17	0.936	11	54	1	0	0.0551805780116202	81.5	0.000190936256095572	82	116.5	64
"HiG_8"	"Sssca1"	0.00135494868158642	"HiG"	0.00598133345123809	0.947	75.5	122	15	0	0.013779695716186	112	4.76806080144846e-05	112	6	64
"HiG_8"	"Tbcb"	0.00522730929071077	"HiG"	0.0856932239835076	0.953	100.5	70	4.46464377322011	0	0.174146210099292	36	0.000602582041866063	36	68	64
"HiG_8"	"Tcf3"	0.0139800638031425	"HiG"	0.078328025499425	0.946	70	12	4.3587837174019	0	0.261813908241374	30	0.000905930478343854	30	69	64
"HiG_8"	"Timm8b"	0.00175275581055925	"HiG"	0.0125088184199949	0.947	75.5	115	15	0	0.0288176061411314	103	9.9714900142323e-05	103	6	64
"HiG_8"	"Tnfaip1"	0.00228195840129615	"HiG"	0.000257210219359109	0.944	59.5	108	4	0	0.0230308934741673	109	7.96916729209939e-05	109	74.5	64
"HiG_8"	"Top1"	0.00294046953640134	"HiG"	0.0027274547554683	0.943	51.5	99	5.25655121121371	0	0.00931253833717501	119	3.22233160455883e-05	119	56	64
"HiG_8"	"Tpi1"	0.00492115417233825	"HiG"	0.0179362617628582	0.949	87	75	4.89512083969908	0	0.164197109324276	40	0.000568156087627251	40	63	64
"HiG_8"	"Tpm1"	0.0066028392208659	"HiG"	1.39458711036813e-16	0.937	22	44	1	0	0.131262822878761	47.5	0.000454196618957651	47	116.5	64
"HiG_8"	"Tpm4"	0.00660283922086085	"HiG"	1.216472459699e-16	0.936	11	54	1	0	0.131262822878761	47.5	0.000454196618957651	48	116.5	64
"HiG_8"	"Tra2b"	0.0066028392208659	"HiG"	6.66260357069754e-17	0.935	2.5	44	1	0	0.0551805780116202	81.5	0.000190936256095572	81	116.5	64
"HiG_8"	"Trim28"	0.00264900254324364	"HiG"	0.00240311703959082	0.951	94	104	5.14229058958937	0	0.0356786100581285	97	0.000123455398125012	97	58	64
"HiG_8"	"Trp53"	0.00359478471679579	"HiG"	0.0616207019754729	0.949	87	92	7.41708253425656	0	0.113924328065973	57	0.000394201827217901	57	39	64
"HiG_8"	"Tuba1a"	0.0181125903934395	"HiG"	0.70528022850555	0.96	121	7	7.55111217380875	0	0.812643005881285	4	0.00281191351516015	4	38	64
"HiG_8"	"Tuba1b"	0.0132009673009629	"HiG"	0.427482679860095	0.959	117.5	13	8.955200846689	0	0.575059866473706	11	0.00198982652759068	11	24	64
"HiG_8"	"Tubb4b"	0.00770947758453207	"HiG"	0.301976890181886	0.956	110	31	8.28851656605322	0	0.333272256259883	25	0.00115319119813108	25	30	64
"HiG_8"	"Tubb5"	0.0150761991393636	"HiG"	0.518182374689075	0.957	112.5	9	8.06544478244894	0	0.673750393956873	7	0.00233131624206531	7	34	64
"HiG_8"	"Ubc"	0.0199254768974898	"HiG"	0.256586766097216	0.956	110	3	4.20796192531199	0	0.64023967318564	9	0.00221536219095377	9	71	64
"HiG_8"	"Ube2r2"	0.00139173242334797	"HiG"	6.24517062051647e-05	0.939	32	121	3	0	0.0072921314232518	121	2.52322886617709e-05	121	85	64
"HiG_8"	"Vim"	0.00468816308108324	"HiG"	0.0942960871318851	0.953	100.5	78	8.40811555986638	0	0.120546487244803	54	0.000417115872819387	54	28	64
"HiG_8"	"Wdr12"	0.00986866139371535	"HiG"	6.29400892459859e-17	0.937	22	20	1.40582787001998	0	0.0477559603636425	86	0.000165245537590459	86	104	64
"HiG_8"	"Wnt2"	0.00528427223801214	"HiG"	8.83927516505528e-17	0.936	11	69	2	0	0.164731139914506	39	0.000570003944340851	39	95	64
"HiG_8"	"Xist"	0.00120106510048985	"HiG"	0.00017198894544973	0.94	34.5	125	4	0	0.00476299624024141	124	1.64809558485862e-05	124	74.5	64
"HiG_8"	"Ywhae"	0.0097145227684718	"HiG"	0.0895948121973772	0.945	65.5	22	5.310581933169	0	0.234438126843021	31	0.000811204591152322	31	54	64
"HiG_9"	"Adh5"	0.00147878116049189	"HiG"	3.06341735661078e-05	0.944	55.5	122	4	0	0.00837616563193066	123	2.65910020061291e-05	123	101	68
"HiG_9"	"Aldoa"	0.00443680768918819	"HiG"	0.00044243611554086	0.95	93.5	75	5	0	0.126277580173967	45	0.000400881206901482	45	89	68
"HiG_9"	"Anp32a"	0.00159846920667079	"HiG"	0.00164236153872285	0.942	42.5	117	7	0	0.0215567720490725	103	6.84341969811825e-05	103	65	68
"HiG_9"	"Anp32e"	0.00236358695268799	"HiG"	0.00344746641089508	0.939	26.5	100	11	0	0.0268279841826533	94	8.5168203754455e-05	94	27.5	68
"HiG_9"	"Apex1"	0.00196442569509711	"HiG"	0.00185884033437479	0.943	50	111	6	0	0.0265670248679731	96	8.43397614856289e-05	96	75.5	68
"HiG_9"	"Apoe"	0.00470285438677455	"HiG"	0.040257094721841	0.942	42.5	71	7	0	0.113394327361799	51	0.00035998199162476	51	65	68
"HiG_9"	"App"	0.0124575038092522	"HiG"	0.200021361994353	0.943	50	16	4.76773011368158	0	0.315147870408019	14	0.00100046942986673	14	94	68
"HiG_9"	"Atp5b"	0.0051892521636892	"HiG"	0.0100307617772074	0.953	111	65	7.68099008836302	0	0.121299292409404	47	0.000385077118760014	47	55	68
"HiG_9"	"Atxn10"	0.00116434382878964	"HiG"	0.0131864916053378	0.944	55.5	128	18	0	0.00840374368076218	122	2.6678551367499e-05	122	2.5	68
"HiG_9"	"Bccip"	0.00616712920135402	"HiG"	1.97407561841466e-18	0.935	3	51.5	1	0	0.0167694020568487	111.5	5.3236197005869e-05	112	126.5	68
"HiG_9"	"Bzw2"	0.00616712920135873	"HiG"	8.85299698504939e-19	0.935	3	42.5	1	0	0.0228812934195013	101.5	7.26390267285756e-05	101	126.5	68
"HiG_9"	"Cacybp"	0.00200162572804761	"HiG"	0.000491132346991262	0.942	42.5	110	3.43450941129574	0	0.015146216276294	114	4.80832262739494e-05	114	103	68
"HiG_9"	"Cbx1"	0.00398420953558552	"HiG"	0.0711712319389436	0.953	111	80	10.5230586024179	0	0.0936005981140503	53	0.00029714475591762	53	33	68
"HiG_9"	"Ccnb1"	0.00616712920135402	"HiG"	4.02821071938283e-19	0.937	19	51.5	1	0	0.00929467478733289	119.5	2.95069040867711e-05	120	126.5	68
"HiG_9"	"Ccnd1"	0.00233735348250253	"HiG"	0.0646310248968685	0.946	64	101	16.3924032316327	0	0.0472350619264878	79	0.000149952577544406	79	5	68
"HiG_9"	"Ccnd2"	0.00243403730282911	"HiG"	0.00368023688437347	0.945	59	96	7	0	0.0483048498960346	78	0.000153348729828681	78	65	68
"HiG_9"	"Ccne1"	0.00211852333060723	"HiG"	0.00213443677441614	0.942	42.5	106	6	0	0.0305059201785089	90	9.68441910428854e-05	90	75.5	68
"HiG_9"	"Cct8"	0.00534595364057755	"HiG"	0.0118192629607788	0.947	71.5	63	7.40165043050321	0	0.138493946574769	42	0.000439663322459585	42	58	68
"HiG_9"	"Cd81"	0.00616712920135873	"HiG"	9.63571436234401e-18	0.937	19	42.5	1	0	0.0440845645429663	81.5	0.000139950998549099	81	126.5	68
"HiG_9"	"Cnn2"	0.00616712920135402	"HiG"	1.78621257499077e-17	0.936	10.5	51.5	1	0	0.0855942460522976	57.5	0.000271727765245389	58	126.5	68
"HiG_9"	"Cnn3"	0.00616712920135873	"HiG"	3.15400376834221e-17	0.937	19	42.5	1	0	0.0855942460522976	57.5	0.000271727765245389	57	126.5	68
"HiG_9"	"Crabp1"	0.00205360814250029	"HiG"	0.0027045894682319	0.939	26.5	108	11	0	0.0210469587883403	104	6.68157421852074e-05	104	27.5	68
"HiG_9"	"Cst3"	0.00117394995072872	"HiG"	0.00291235129358193	0.94	31	127	7	0	0.00740722293937455	124	2.35149934583319e-05	124	65	68
"HiG_9"	"Dbn1"	0.00118635569187267	"HiG"	0.00153214440603069	0.941	36	126	13	0	0.00712536901068177	125	2.26202190815294e-05	125	19	68
"HiG_9"	"Ddx5"	0.0200404673154522	"HiG"	0.712915797835467	0.956	119.5	6	8.26660849801096	0	0.703568573467007	5	0.00223355102687939	5	49	68
"HiG_9"	"Dkc1"	0.0057707723404924	"HiG"	0.0020462957021873	0.947	71.5	57	4.23436897549734	0	0.0502292516443237	77	0.000159457941728012	77	97	68
"HiG_9"	"Dnaja1"	0.00490232464437747	"HiG"	0.188990316665146	0.956	119.5	67	16.1171862507532	0	0.13731306311145	44	0.000435914486068096	44	6	68
"HiG_9"	"Dut"	0.0023138752066379	"HiG"	0.00862641093559879	0.951	102.5	102	14	0	0.0397126617301467	84	0.000126071942000466	84	16	68
"HiG_9"	"Ebna1bp2"	0.00450250855574306	"HiG"	0.00406630096081134	0.945	59	74	4.32941792105036	0	0.0744858254065357	62	0.000236462937798526	62	96	68
"HiG_9"	"Eif3m"	0.00378044976000899	"HiG"	0.177726019532227	0.949	84	81	11	0	0.11414035841522	50	0.000362350344175301	50	27.5	68
"HiG_9"	"Eif4a1"	0.00634069527043607	"HiG"	0.021120449411559	0.95	93.5	38	5.64662871326945	0	0.18443505170668	34	0.000585508100656127	34	84	68
"HiG_9"	"Eif4a3"	0.00817194924525255	"HiG"	0.0934329167069881	0.955	116	28	5.68343066885724	0	0.246528123156675	27	0.000782628962402143	27	82	68
"HiG_9"	"Eno3"	0.00679706975109342	"HiG"	0.00210964033434533	0.95	93.5	33	3.35437450221343	0	0.200503061336853	30	0.00063651765503763	30	105	68
"HiG_9"	"Etfb"	0.00653790023115675	"HiG"	0.00590383808732338	0.952	107.5	36	5.69306144347765	0	0.144325495467646	41	0.000458176176087763	41	81	68
"HiG_9"	"Ezh2"	0.0130468952460305	"HiG"	0.0166119618173808	0.942	42.5	14	3.3018332047079	0	0.23085895433091	28	0.000732885569304478	28	106	68
"HiG_9"	"Fam162a"	0.00283939221812941	"HiG"	0.0205019808236667	0.951	102.5	91	8	0	0.0581677648067996	70	0.000184659570815237	70	52	68
"HiG_9"	"Fam213a"	0.00183941007737992	"HiG"	0.0106994342973835	0.94	31	114	7	0	0.0272127525757497	93	8.63896907166657e-05	93	60	68
"HiG_9"	"Fkbp4"	0.00256367484384536	"HiG"	0.0090667736524664	0.939	26.5	94	6.59977499882005	0	0.0275739780132284	92	8.7536438137233e-05	92	73	68
"HiG_9"	"Fn1"	0.00616712920135402	"HiG"	2.91333211755369e-18	0.935	3	51.5	1	0	0.0228812934195013	101.5	7.26390267285756e-05	102	126.5	68
"HiG_9"	"Foxp1"	0.00100743288940814	"HiG"	0.000365375408924767	0.936	10.5	133	16	0	0.00174284778054	133	5.53285009695238e-06	133	9.5	68
"HiG_9"	"Gnl3"	0.00371858533828408	"HiG"	0.00098154778863199	0.941	36	83	2.45864071092743	0	0.0342540786837625	87	0.000108743106932579	87	115	68
"HiG_9"	"Gpc3"	0.00616712920135402	"HiG"	5.47353385414405e-18	0.937	19	51.5	1	0	0.0440845645429663	81.5	0.000139950998549099	82	126.5	68
"HiG_9"	"Gpi1"	0.00797704904587754	"HiG"	0.00150436049732442	0.949	84	30	3.39755496679597	0	0.251546012251163	25	0.000798558769051312	25	104	68
"HiG_9"	"H1f0"	0.00522931334225632	"HiG"	0.00292583876202054	0.942	42.5	64	7	0	0.0896019583949303	55	0.000284450661571207	55	70	68
"HiG_9"	"H3f3a"	0.00184294269184305	"HiG"	0.000623930552609391	0.94	31	113	7	0	0.0191074778767456	108	6.06586599261765e-05	108	65	68
"HiG_9"	"Hdac1"	0.0122743924980022	"HiG"	0.0355948528758926	0.946	64	17	5.06760799873407	0	0.266684267129962	20	0.000846616721047498	20	88	68
"HiG_9"	"Hells"	0.00542149388338327	"HiG"	0.000323863663012385	0.936	10.5	62	2	0	0.0771079708715584	60	0.000244787209116059	60	116.5	68
"HiG_9"	"Hmgb1"	0.00111676854261525	"HiG"	0.0105646023251473	0.939	26.5	130	18	0	0.00673281511769087	126	2.13740162466377e-05	126	2.5	68
"HiG_9"	"Hmgb3"	0.00616712920135872	"HiG"	5.94513122123482e-18	0.936	10.5	47	1	0	0.0261926241047784	97.5	8.31511876342172e-05	97	126.5	68
"HiG_9"	"Hnrnpa3"	0.00677410545260761	"HiG"	0.210263978149446	0.958	128.5	34	10.2317724005567	0	0.227799609261665	29	0.000723173362735443	29	35	68
"HiG_9"	"Hnrnpdl"	0.0030224315672265	"HiG"	0.121395698344755	0.95	93.5	90	11	0	0.0866269644339038	56	0.000275006236298107	56	27.5	68
"HiG_9"	"Hsp90aa1"	0.0132538752290871	"HiG"	0.293572868465343	0.957	124	13	8.52902829771514	0	0.370835695747076	12	0.00117725617697484	12	47	68
"HiG_9"	"Hspa5"	0.026893570853841	"HiG"	1	0.958	128.5	2	9.59861928111591	0	0.938311645619532	2	0.0029787671289509	2	40	68
"HiG_9"	"Hspa8"	0.0365303557397397	"HiG"	0.7982602465624	0.958	128.5	1	6.72325521970111	0	1.09055933811284	1	0.00346209313686615	1	71	68
"HiG_9"	"Hspd1"	0.00515362977615575	"HiG"	0.00558952720403539	0.956	119.5	66	4.82736969397502	0	0.118909706817046	49	0.000377491132752526	49	92	68
"HiG_9"	"Hspe1"	0.00769814542610193	"HiG"	0.0247420801154066	0.957	124	31	7.51690316667418	0	0.189831016007732	33	0.000602638146056292	33	57	68
"HiG_9"	"Id1"	0.0072667826263724	"HiG"	0.0619470588492249	0.958	128.5	32	8.76702035664879	0	0.178323800059305	35	0.000566107301775572	35	45	68
"HiG_9"	"Id2"	0.00237156575353193	"HiG"	0.00641684902747464	0.947	71.5	99	16	0	0.0306084942019106	89	9.71698228632081e-05	89	9.5	68
"HiG_9"	"Id3"	0.00218975430159241	"HiG"	0.0056103094052004	0.946	64	105	16	0	0.0267612845751465	95	8.4956458968719e-05	95	9.5	68
"HiG_9"	"Idh2"	0.00356523114996625	"HiG"	0.00186058257371593	0.946	64	85	5.78254380008596	0	0.0458424807594798	80	0.000145531684950729	80	80	68
"HiG_9"	"Igfbp2"	0.00616712920135402	"HiG"	1.73459924691111e-18	0.937	19	51.5	1	0	0.0195240079441689	106.5	6.19809776005362e-05	107	126.5	68
"HiG_9"	"Igfbp5"	0.00616712920135873	"HiG"	2.32404895906399e-18	0.937	19	42.5	1	0	0.0195240079441689	106.5	6.19809776005362e-05	106	126.5	68
"HiG_9"	"Imp3"	0.00426016391400413	"HiG"	0.00135542986970076	0.941	36	76	2.54533088922772	0	0.0407851847524459	83	0.000129476776991892	83	113	68
"HiG_9"	"Impdh2"	0.00259549048453263	"HiG"	0.103971189237824	0.95	93.5	93	11	0	0.0667730523403182	66	0.000211977943937518	66	27.5	68
"HiG_9"	"Ivns1abp"	0.00175928047712595	"HiG"	0.00370067064438347	0.944	55.5	115	16	0	0.0176522706825113	110	5.60389545476551e-05	110	9.5	68
"HiG_9"	"Lmnb1"	0.00616712920135873	"HiG"	1.73216669270573e-18	0.936	10.5	42.5	1	0	0.0167694020568487	111.5	5.3236197005869e-05	111	126.5	68
"HiG_9"	"Mcm7"	0.0064044483149106	"HiG"	0.00213673658449359	0.936	10.5	37	2.74025471031093	0	0.093353933041755	54	0.000296361692196048	54	109	68
"HiG_9"	"Mrto4"	0.00616712920135402	"HiG"	1.14774723328364e-19	0.938	23.5	51.5	1	0	0.0036905437583647	130.5	1.17160119313165e-05	131	126.5	68
"HiG_9"	"Ncl"	0.0222017511274702	"HiG"	0.851351434651732	0.957	124	4	9.89223334773185	0	0.745216364215714	4	0.00236576623560544	4	36	68
"HiG_9"	"Ndn"	0.00377556903006161	"HiG"	0.0261650677130979	0.947	71.5	82	5.87068053351488	0	0.0528441279305984	73	0.000167759136287614	73	78	68
"HiG_9"	"Nedd4"	0.00358951556278206	"HiG"	0.0218408018194982	0.944	55.5	84	10.4750507475007	0	0.0753139267014899	61	0.000239091830798381	61	34	68
"HiG_9"	"Nop56"	0.00110029234024835	"HiG"	0.000333234171885896	0.946	64	131	7	0	0.00371381601058688	129	1.17898920971012e-05	129	65	68
"HiG_9"	"Nop58"	0.00616712920135873	"HiG"	3.15226173367985e-19	0.936	10.5	42.5	1	0	0.0036905437583647	130.5	1.17160119313165e-05	130	126.5	68
"HiG_9"	"Npm1"	0.0224463457197128	"HiG"	0.792136124492507	0.953	111	3	7.86566779135437	0	0.76267556824479	3	0.00242119228014219	3	54	68
"HiG_9"	"Nsun2"	0.00480486313600081	"HiG"	0.0301845524071597	0.943	50	69	4.89354739125923	0	0.0559351961765101	72	0.000177572051354	72	91	68
"HiG_9"	"Pa2g4"	0.00226906268467721	"HiG"	0.00834806300377368	0.952	107.5	103	14	0	0.0384312554370335	85	0.000122003985514392	85	13	68
"HiG_9"	"Pabpc1"	0.0171115996750361	"HiG"	0.472888796019028	0.959	131.5	7	8.92056347886031	0	0.57142367015712	6	0.00181404339732419	6	43	68
"HiG_9"	"Paics"	0.00240455410944648	"HiG"	0.0815348779527523	0.949	84	97	18	0	0.0519621318440603	75	0.000164959148711303	75	2.5	68
"HiG_9"	"Pcbp4"	0.00100387196216046	"HiG"	0.000188853622347596	0.936	10.5	134	11	0	0.00146964796441995	134	4.66554909339666e-06	134	27.5	68
"HiG_9"	"Pdia4"	0.00486022387140384	"HiG"	0.194576118681015	0.952	107.5	68	9.64731752737171	0	0.144818576375793	40	0.000459741512304106	40	38	68
"HiG_9"	"Pdia6"	0.00900350058408087	"HiG"	0.310728491105817	0.951	102.5	27	8.45840059513897	0	0.265507440288397	21	0.000842880762820308	21	48	68
"HiG_9"	"Pdlim4"	0.00102222328252935	"HiG"	0.000430987546961236	0.935	3	132	16	0	0.00205581895035644	132	6.52640936621091e-06	132	9.5	68
"HiG_9"	"Peg3"	0.00189111743739147	"HiG"	0.00600049867750359	0.95	93.5	112	14	0	0.0276239766423035	91	8.76951639438206e-05	91	16	68
"HiG_9"	"Pfkl"	0.00275986843102911	"HiG"	0.0143540783272148	0.951	102.5	92	5.94861575036632	0	0.0683012657830396	65	0.000216829415184253	65	77	68
"HiG_9"	"Pfn2"	0.00239849707371948	"HiG"	0.0812010727711263	0.95	93.5	98	18	0	0.0517493979896241	76	0.000164283803141664	76	2.5	68
"HiG_9"	"Pgam1"	0.00478128397062763	"HiG"	0.000121732999009991	0.948	78	70	4	0	0.169281234542685	38	0.000537400744579954	38	101	68
"HiG_9"	"Pgk1"	0.0111781509834862	"HiG"	0.000365836927347479	0.95	93.5	20	2.56326057948524	0	0.417096476586028	10	0.0013241157986858	10	112	68
"HiG_9"	"Pja1"	0.00159668412699223	"HiG"	0.000456534638048548	0.942	42.5	118	7	0	0.0139810840485349	117	4.43843938048727e-05	117	65	68
"HiG_9"	"Pkm"	0.00465823832432926	"HiG"	0.0143556889346586	0.95	93.5	72	6.65923101576819	0	0.121008182684558	48	0.000384152960903359	48	72	68
"HiG_9"	"Polr2h"	0.00159298411781249	"HiG"	6.61811570562171e-07	0.947	71.5	119	2	0	0.00444179942878253	127	1.41009505675636e-05	127	116.5	68
"HiG_9"	"Ppid"	0.00900734173498514	"HiG"	0.228556724167601	0.957	124	26	12.1211300435197	0	0.261841058734392	22	0.000831241456299656	22	21	68
"HiG_9"	"Ppp1cb"	0.00616712920135873	"HiG"	1.59611001551301e-18	0.937	19	42.5	1	0	0.00929467478733289	119.5	2.95069040867711e-05	119	126.5	68
"HiG_9"	"Prdx1"	0.00151274908000007	"HiG"	0.000740041801069574	0.943	50	121	3	0	0.0106991643023272	118	3.39656009597687e-05	118	107.5	68
"HiG_9"	"Prdx4"	0.00336233496747265	"HiG"	0.0351879877054974	0.943	50	86	4.79439590465446	0	0.0520318263992347	74	0.000165180401267412	74	93	68
"HiG_9"	"Prmt1"	0.0094292653683397	"HiG"	0.0456475195232868	0.952	107.5	23	5.66150466309001	0	0.169873703663782	37	0.000539281598932642	37	83	68
"HiG_9"	"Prps1"	0.0020776403693104	"HiG"	0.00167502668054853	0.943	50	107	7.60227002707664	0	0.0165627367900527	113	5.25801167938181e-05	113	56	68
"HiG_9"	"Prrx2"	0.00399365588927892	"HiG"	0.00735399352870556	0.942	42.5	79	11	0	0.0572283522310588	71	0.000181677308670028	71	27.5	68
"HiG_9"	"Psip1"	0.00616712920135401	"HiG"	5.34677446029816e-18	0.936	10.5	56	1	0	0.0261926241047784	97.5	8.31511876342172e-05	98	126.5	68
"HiG_9"	"Ptma"	0.0102861598061977	"HiG"	0.0127360415160569	0.95	93.5	22	4.75684360646217	0	0.307196727510381	15	0.000975227706382163	15	95	68
"HiG_9"	"Ranbp1"	0.00904857018114348	"HiG"	0.00725411646107427	0.946	64	25	2.49295958747108	0	0.257467475701233	24	0.000817357065718198	24	114	68
"HiG_9"	"Rangrf"	0.00135791427326924	"HiG"	0.000206610445789413	0.941	36	124	3	0	0.0144895796997198	115	4.59986657133961e-05	115	107.5	68
"HiG_9"	"Rbbp4"	0.00813614877283146	"HiG"	0.0818882267457418	0.949	84	29	9.64549530409009	0	0.191016073375928	32	0.000606400232939455	32	39	68
"HiG_9"	"Rbbp7"	0.0117057786073138	"HiG"	0.117346593964513	0.949	84	18	8.54665255050193	0	0.290797807942534	18	0.000923167644262013	18	46	68
"HiG_9"	"Rbmxl1"	0.00135306582919128	"HiG"	0.000813951791558145	0.947	71.5	125	7	0	0.00907130015576428	121	2.87977782722675e-05	121	65	68
"HiG_9"	"Rcn2"	0.00324161772923919	"HiG"	0.0168654720032383	0.943	50	88	11.4455331400883	0	0.0645737552712697	69	0.000204996048480221	69	22	68
"HiG_9"	"Rpl7a"	0.00568588899652624	"HiG"	0.0574107432663215	0.948	78	58	8.82179854215893	0	0.123240296238212	46	0.000391239035676864	46	44	68
"HiG_9"	"Rrs1"	0.00201767411165399	"HiG"	0.00261847208828424	0.938	23.5	109	11	0	0.0203767983192532	105	6.46882486325499e-05	105	27.5	68
"HiG_9"	"Rtn4"	0.000949199214696634	"HiG"	2.04354197916393e-05	0.945	59	135	4	0	0.000397328518140148	135	1.26136037504809e-06	135	101	68
"HiG_9"	"Ruvbl2"	0.00411922587511101	"HiG"	7.57989952288916e-05	0.947	71.5	77	2.6184807203756	0	0.0232847966852704	100	7.39199894770488e-05	100	110	68
"HiG_9"	"S100a10"	0.00159207148538458	"HiG"	0.00414300843549488	0.949	84	120	14	0	0.0190728095116572	109	6.05486016243086e-05	109	16	68
"HiG_9"	"Serbp1"	0.00656389342992113	"HiG"	0.199866790840798	0.955	116	35	9.68408644405243	0	0.17342612339814	36	0.000550559121898859	36	37	68
"HiG_9"	"Set"	0.014447001667473	"HiG"	0.0387590455301224	0.948	78	11	2.58557439687871	0	0.393103922920915	11	0.0012479489616537	11	111	68
"HiG_9"	"Sfpq"	0.00933459106442464	"HiG"	0.371819586439116	0.957	124	24	12.7494616401627	0	0.288705449965945	19	0.000916525237987127	19	20	68
"HiG_9"	"Slc25a4"	0.0110106015693297	"HiG"	0.0370117565521115	0.95	93.5	21	5.2694113638251	0	0.259524239245165	23	0.000823886473794174	23	85	68
"HiG_9"	"Slc25a5"	0.00332220074078629	"HiG"	0.00941108450081649	0.954	113.5	87	9.50135153444719	0	0.0662021367753056	67	0.000210165513572399	67	41	68
"HiG_9"	"Srrm2"	0.00309009716934127	"HiG"	0.0690392709810169	0.956	119.5	89	9.33261492005815	0	0.0817371690271354	59	0.00025948307627662	59	42	68
"HiG_9"	"Tcf15"	0.00253589083573789	"HiG"	0.00714581680325954	0.947	71.5	95	16	0	0.0340856846177918	88	0.000108208522596164	88	9.5	68
"HiG_9"	"Tcf3"	0.0169763927671632	"HiG"	0.106651727333344	0.946	64	8	5.80928023236166	0	0.30534369445394	16	0.00096934506175854	16	79	68
"HiG_9"	"Timm8a1"	0.00220103896010074	"HiG"	0.00792554130174788	0.951	102.5	104	14	0	0.036486128830909	86	0.000115828980415584	86	16	68
"HiG_9"	"Timm8b"	0.00141796030976572	"HiG"	0.00306153648255148	0.949	84	123	14	0	0.0140941306429463	116	4.47432718823692e-05	116	16	68
"HiG_9"	"Top1"	0.00400063653730178	"HiG"	0.00300016140238427	0.948	78	78	4.08275512128343	0	0.0654511568301806	68	0.000207781450254542	68	99	68
"HiG_9"	"Tpi1"	0.00560167081500131	"HiG"	0.000212611883719966	0.95	93.5	60	4.1505004706935	0	0.199664906678162	31	0.000633856846597339	31	98	68
"HiG_9"	"Tpm1"	0.00616712920135873	"HiG"	2.21931711324456e-17	0.936	10.5	42.5	1	0	0.07172084256809	63.5	0.000227685214501873	63	126.5	68
"HiG_9"	"Tpm4"	0.00616712920135402	"HiG"	1.11694297978504e-17	0.935	3	51.5	1	0	0.07172084256809	63.5	0.000227685214501873	64	126.5	68
"HiG_9"	"Trim28"	0.00166854958872708	"HiG"	0.0106790606616726	0.941	36	116	6.25777925879696	0	0.0234627028587061	99	7.44847709800195e-05	99	74	68
"HiG_9"	"Trp53"	0.00562325723025218	"HiG"	0.154031923164803	0.948	78	59	10.6904799318481	0	0.137888026673556	43	0.000437739767217639	43	32	68
"HiG_9"	"Tuba1a"	0.0141321865795838	"HiG"	0.311014153106192	0.959	131.5	12	7.90067088425675	0	0.437041084241565	9	0.00138743201346529	9	53	68
"HiG_9"	"Tuba1b"	0.011301904522832	"HiG"	0.134327380660338	0.96	133.5	19	8.2114313460238	0	0.359329100860929	13	0.00114072730432041	13	50	68
"HiG_9"	"Tubb4b"	0.00547730128403621	"HiG"	0.0674839208652273	0.96	133.5	61	7.08668363686229	0	0.166107501984817	39	0.000527325403126403	39	59	68
"HiG_9"	"Tubb5"	0.015806924619072	"HiG"	0.222302949681139	0.964	135	10	8.08579496162654	0	0.509063288912123	8	0.00161607393305436	8	51	68
"HiG_9"	"Twist1"	0.0158615506927668	"HiG"	0.0653732443675459	0.94	31	9	5.23236237872512	0	0.251441778225274	26	0.000798227867381821	26	86	68
"HiG_9"	"Ubc"	0.0216207354609618	"HiG"	0.110506845850492	0.954	113.5	5	4.90539075957849	0	0.52550500348569	7	0.00166826985233552	7	90	68
"HiG_9"	"Xist"	0.00112155917973549	"HiG"	0.000133565261836627	0.94	31	129	7	0	0.00409035152225158	128	1.29852429277828e-05	128	65	68
"HiG_9"	"Ywhae"	0.012748074556396	"HiG"	0.10939069364897	0.951	102.5	15	5.08927711514348	0	0.295497780153127	17	0.000938088190962309	17	87	68
"HiG_9"	"Ywhaq"	0.00459776143192323	"HiG"	0.0406024686395317	0.955	116	73	11.1052260002654	0	0.103094243755323	52	0.000327283313508962	52	23	68
