"signature"	"BetweennessCentrality"	"gene"	"rank_by_BC"	"PPI_cat"
"HiG_0"	1560	"CCNB1"	22	"HiG"
"HiG_0"	391	"FDPS"	70	"HiG"
"HiG_0"	489	"FTL"	60	"HiG"
"HiG_0"	309	"FGFR1"	77	"HiG"
"HiG_0"	945	"KPNA2"	33	"HiG"
"HiG_0"	397	"MAD2L2"	69	"HiG"
"HiG_0"	2414	"C1QBP"	14	"HiG"
"HiG_0"	681	"HNRNPM"	46	"HiG"
"HiG_0"	441	"XRCC5"	65	"HiG"
"HiG_0"	0	"CD2AP"	249.5	"HiG"
"HiG_0"	16	"CLU"	156.5	"HiG"
"HiG_0"	57	"CEBPZ"	135	"HiG"
"HiG_0"	627	"CENPF"	49	"HiG"
"HiG_0"	306	"BPTF"	79	"HiG"
"HiG_0"	3418	"RAN"	7	"HiG"
"HiG_0"	5940	"HNRNPD"	3	"HiG"
"HiG_0"	1332	"RAC1"	25	"HiG"
"HiG_0"	0	"HNRNPAB"	249.5	"HiG"
"HiG_0"	0	"MCM3"	249.5	"HiG"
"HiG_0"	831	"AURKB"	39	"HiG"
"HiG_0"	0	"ECT2"	249.5	"HiG"
"HiG_0"	0	"MT-ND2"	249.5	"HiG"
"HiG_0"	0	"PAWR"	249.5	"HiG"
"HiG_0"	296	"CLIC1"	82	"HiG"
"HiG_0"	3108	"ACTB"	9	"HiG"
"HiG_0"	467	"NME1"	63	"HiG"
"HiG_0"	1015	"HNRNPC"	32	"HiG"
"HiG_0"	3	"DUT"	181.5	"HiG"
"HiG_0"	0	"BEX2"	249.5	"HiG"
"HiG_0"	5	"DPPA4"	175.5	"HiG"
"HiG_0"	0	"IMP3"	249.5	"HiG"
"HiG_0"	128	"FTH1"	116	"HiG"
"HiG_0"	22	"MCM6"	151.5	"HiG"
"HiG_0"	21	"DLGAP5"	153	"HiG"
"HiG_0"	0	"CHMP2B"	249.5	"HiG"
"HiG_0"	614	"CCT3"	50.5	"HiG"
"HiG_0"	8	"CALM2"	167.5	"HiG"
"HiG_0"	42	"BUB1"	138	"HiG"
"HiG_0"	0	"CKB"	249.5	"HiG"
"HiG_0"	372	"CKS2"	73	"HiG"
"HiG_0"	0	"STRBP"	249.5	"HiG"
"HiG_0"	4397	"HSP90AB1"	5	"HiG"
"HiG_0"	864	"HDAC2"	38	"HiG"
"HiG_0"	25	"PCBP1"	149	"HiG"
"HiG_0"	0	"PSMD12"	249.5	"HiG"
"HiG_0"	158	"FDFT1"	111	"HiG"
"HiG_0"	4	"RUVBL1"	178.5	"HiG"
"HiG_0"	136	"RAI14"	115	"HiG"
"HiG_0"	2307	"CDC20"	15	"HiG"
"HiG_0"	194	"PRPF40A"	99	"HiG"
"HiG_0"	289	"LYAR"	85	"HiG"
"HiG_0"	614	"COX4I1"	50.5	"HiG"
"HiG_0"	0	"CYCS"	249.5	"HiG"
"HiG_0"	0	"TIMM13"	249.5	"HiG"
"HiG_0"	436	"CFL1"	66	"HiG"
"HiG_0"	47	"NASP"	136	"HiG"
"HiG_0"	0	"IQGAP2"	249.5	"HiG"
"HiG_0"	41	"GTPBP4"	139	"HiG"
"HiG_0"	122	"COX5A"	118	"HiG"
"HiG_0"	295	"PAICS"	84	"HiG"
"HiG_0"	191	"BIRC5"	100	"HiG"
"HiG_0"	756	"AURKA"	40	"HiG"
"HiG_0"	914	"MT-CO2"	35	"HiG"
"HiG_0"	1206	"SNRPF"	28	"HiG"
"HiG_0"	5607	"GAPDH"	4	"HiG"
"HiG_0"	0	"MSH2"	249.5	"HiG"
"HiG_0"	0	"NOLC1"	249.5	"HiG"
"HiG_0"	0	"CBR1"	249.5	"HiG"
"HiG_0"	97	"SRSF3"	125	"HiG"
"HiG_0"	297	"PGRMC1"	80	"HiG"
"HiG_0"	343	"PSMA7"	76	"HiG"
"HiG_0"	186	"G3BP2"	102	"HiG"
"HiG_0"	0	"EBNA1BP2"	249.5	"HiG"
"HiG_0"	35	"COX5B"	144	"HiG"
"HiG_0"	0	"PA2G4"	249.5	"HiG"
"HiG_0"	11	"COX6B1"	160	"HiG"
"HiG_0"	8640	"NCL"	1	"HiG"
"HiG_0"	1286	"HSPA4"	27	"HiG"
"HiG_0"	2919	"DDX21"	11	"HiG"
"HiG_0"	3	"DDX24"	181.5	"HiG"
"HiG_0"	1907	"BUB1B"	17	"HiG"
"HiG_0"	8	"BUB3"	167.5	"HiG"
"HiG_0"	1099	"ENO1"	30	"HiG"
"HiG_0"	0	"GADD45GIP1"	249.5	"HiG"
"HiG_0"	2193	"CALM1"	16	"HiG"
"HiG_0"	3921	"HSP90AA1"	6	"HiG"
"HiG_0"	1147	"TERF1"	29	"HiG"
"HiG_0"	276	"DNMT3B"	88	"HiG"
"HiG_0"	90	"PCNA"	128.5	"HiG"
"HiG_0"	6907	"PARP1"	2	"HiG"
"HiG_0"	283	"DNMT1"	86	"HiG"
"HiG_0"	0	"HSPH1"	249.5	"HiG"
"HiG_0"	256	"SOD1"	93	"HiG"
"HiG_0"	898	"PFN1"	37	"HiG"
"HiG_0"	414	"CCNA2"	68	"HiG"
"HiG_0"	390	"POU5F1"	71	"HiG"
"HiG_0"	9	"FKBP3"	164	"HiG"
"HiG_0"	0	"PAK1"	249.5	"HiG"
"HiG_0"	0	"GSPT1"	249.5	"HiG"
"HiG_0"	9	"STMN1"	164	"HiG"
"HiG_0"	102	"CKS1B"	121.5	"HiG"
"HiG_0"	560	"MCM4"	55	"HiG"
"HiG_0"	507	"PPIA"	57	"HiG"
"HiG_0"	39	"HMGA1"	140.5	"HiG"
"HiG_0"	0	"HSPA9"	249.5	"HiG"
"HiG_0"	2	"RRM2"	185	"HiG"
"HiG_0"	6	"DEK"	172	"HiG"
"HiG_0"	1335	"SNRPD1"	24	"HiG"
"HiG_0"	6	"RBPJ"	172	"HiG"
"HiG_0"	717	"GSTP1"	42	"HiG"
"HiG_0"	1096	"SMARCA5"	31	"HiG"
"HiG_0"	0	"DIAPH2"	249.5	"HiG"
"HiG_0"	0	"ENY2"	249.5	"HiG"
"HiG_0"	0	"EIF2S2"	249.5	"HiG"
"HiG_0"	270	"DKC1"	89	"HiG"
"HiG_0"	0	"MDH1"	249.5	"HiG"
"HiG_0"	234	"PMAIP1"	96	"HiG"
"HiG_0"	2	"SEPHS1"	185	"HiG"
"HiG_0"	0	"JPT1"	249.5	"HiG"
"HiG_0"	373	"PEBP1"	72	"HiG"
"HiG_0"	486	"SERBP1"	61	"HiG"
"HiG_0"	0	"FNBP1L"	249.5	"HiG"
"HiG_0"	556	"SNRPG"	56	"HiG"
"HiG_0"	0	"SNRPN"	249.5	"HiG"
"HiG_0"	3289	"HSPD1"	8	"HiG"
"HiG_0"	0	"CD9"	249.5	"HiG"
"HiG_0"	15	"SFRP2"	158	"HiG"
"HiG_0"	126	"USO1"	117	"HiG"
"HiG_0"	189	"PDIA3"	101	"HiG"
"HiG_0"	60	"RANBP1"	133.5	"HiG"
"HiG_0"	468	"SSBP1"	62	"HiG"
"HiG_0"	1835	"HNRNPA2B1"	18	"HiG"
"HiG_0"	22	"SFRP1"	151.5	"HiG"
"HiG_0"	0	"RFC1"	249.5	"HiG"
"HiG_0"	176	"TXN"	105.5	"HiG"
"HiG_0"	0	"GULP1"	249.5	"HiG"
"HiG_0"	0	"PODXL"	249.5	"HiG"
"HiG_0"	1436	"YWHAB"	23	"HiG"
"HiG_0"	2462	"TOP2A"	13	"HiG"
"HiG_0"	0	"PRIM1"	249.5	"HiG"
"HiG_0"	101	"PTPRZ1"	123.5	"HiG"
"HiG_0"	698	"CCT6A"	43	"HiG"
"HiG_0"	3	"HMMR"	181.5	"HiG"
"HiG_0"	0	"CLDN6"	249.5	"HiG"
"HiG_0"	0	"CD24"	249.5	"HiG"
"HiG_0"	33	"PTTG1"	147	"HiG"
"HiG_0"	0	"KIF20B"	249.5	"HiG"
"HiG_0"	1785	"PRDX1"	19	"HiG"
"HiG_0"	92	"DDX46"	127	"HiG"
"HiG_0"	1	"SRRM1"	189	"HiG"
"HiG_0"	0	"CYB5A"	249.5	"HiG"
"HiG_0"	5	"PSIP1"	175.5	"HiG"
"HiG_0"	75	"GNL3"	131	"HiG"
"HiG_0"	0	"JADE1"	249.5	"HiG"
"HiG_0"	689	"TUBA1B"	44	"HiG"
"HiG_0"	0	"NRDC"	249.5	"HiG"
"HiG_0"	0	"PFDN4"	249.5	"HiG"
"HiG_0"	0	"PPM1G"	249.5	"HiG"
"HiG_0"	584	"UCHL1"	52	"HiG"
"HiG_0"	0	"RRP15"	249.5	"HiG"
"HiG_0"	0	"NOP10"	249.5	"HiG"
"HiG_0"	18	"CENPU"	155	"HiG"
"HiG_0"	160	"USP44"	110	"HiG"
"HiG_0"	0	"RPF2"	249.5	"HiG"
"HiG_0"	0	"MYL12B"	249.5	"HiG"
"HiG_0"	2	"RPL22L1"	185	"HiG"
"HiG_0"	0	"EIF2AK4"	249.5	"HiG"
"HiG_0"	169	"SLIRP"	107	"HiG"
"HiG_0"	682	"PSMA4"	45	"HiG"
"HiG_0"	161	"NOP58"	109	"HiG"
"HiG_0"	0	"ANP32E"	249.5	"HiG"
"HiG_0"	0	"HELLS"	249.5	"HiG"
"HiG_0"	1	"JARID2"	189	"HiG"
"HiG_0"	207	"ASPM"	97	"HiG"
"HiG_0"	0	"ACBD6"	249.5	"HiG"
"HiG_0"	39	"EIF5B"	140.5	"HiG"
"HiG_0"	904	"SSRP1"	36	"HiG"
"HiG_0"	8	"MT-ATP8"	167.5	"HiG"
"HiG_0"	0	"MIS18BP1"	249.5	"HiG"
"HiG_0"	1	"GMNN"	189	"HiG"
"HiG_0"	344	"RPS5"	75	"HiG"
"HiG_0"	0	"CDCA7L"	249.5	"HiG"
"HiG_0"	176	"JMJD1C"	105.5	"HiG"
"HiG_0"	113	"CENPE"	119	"HiG"
"HiG_0"	143	"OAZ1"	113	"HiG"
"HiG_0"	420	"SUPT16H"	67	"HiG"
"HiG_0"	732	"SSB"	41	"HiG"
"HiG_0"	0	"MYO10"	249.5	"HiG"
"HiG_0"	0	"SLTM"	249.5	"HiG"
"HiG_0"	0	"AASS"	249.5	"HiG"
"HiG_0"	44	"MFGE8"	137	"HiG"
"HiG_0"	28	"MKI67"	148	"HiG"
"HiG_0"	2602	"NOP56"	12	"HiG"
"HiG_0"	1288	"SOX2"	26	"HiG"
"HiG_0"	168	"TPI1"	108	"HiG"
"HiG_0"	16	"TUBA1C"	156.5	"HiG"
"HiG_0"	664	"TUBB"	48	"HiG"
"HiG_0"	0	"SMC4"	249.5	"HiG"
"HiG_0"	1	"DPYSL3"	189	"HiG"
"HiG_0"	0	"ACOT13"	249.5	"HiG"
"HiG_0"	0	"COX6A1"	249.5	"HiG"
"HiG_0"	307	"DBI"	78	"HiG"
"HiG_0"	0	"CRABP1"	249.5	"HiG"
"HiG_0"	461	"UBE2C"	64	"HiG"
"HiG_0"	0	"SEMA6A"	249.5	"HiG"
"HiG_0"	0	"PAK1IP1"	249.5	"HiG"
"HiG_0"	184	"HINT1"	103	"HiG"
"HiG_0"	0	"DMKN"	249.5	"HiG"
"HiG_0"	0	"AP1S2"	249.5	"HiG"
"HiG_0"	0	"AKIRIN1"	249.5	"HiG"
"HiG_0"	0	"ARPC5L"	249.5	"HiG"
"HiG_0"	4	"RSL1D1"	178.5	"HiG"
"HiG_0"	36	"NIFK"	143	"HiG"
"HiG_0"	0	"POMP"	249.5	"HiG"
"HiG_0"	20	"NDUFB4"	154	"HiG"
"HiG_0"	0	"SCD"	249.5	"HiG"
"HiG_0"	250	"MIF"	94.5	"HiG"
"HiG_0"	13	"ACAT2"	159	"HiG"
"HiG_0"	102	"LDHB"	121.5	"HiG"
"HiG_0"	0	"HMGB3"	249.5	"HiG"
"HiG_0"	296	"SLC25A5"	82	"HiG"
"HiG_0"	183	"SYT1"	104	"HiG"
"HiG_0"	369	"LIN28A"	74	"HiG"
"HiG_0"	1763	"NDUFA4"	20	"HiG"
"HiG_0"	70	"RPL27A"	132	"HiG"
"HiG_0"	915	"RPS27A"	34	"HiG"
"HiG_0"	108	"TKT"	120	"HiG"
"HiG_0"	0	"TXNDC17"	249.5	"HiG"
"HiG_0"	38	"TPM3"	142	"HiG"
"HiG_0"	196	"TOMM7"	98	"HiG"
"HiG_0"	278	"TPX2"	87	"HiG"
"HiG_0"	8	"YY1"	167.5	"HiG"
"HiG_0"	0	"MARCKSL1"	249.5	"HiG"
"HiG_0"	568	"THY1"	53	"HiG"
"HiG_0"	0	"TXLNG"	249.5	"HiG"
"HiG_0"	5	"HMGCS1"	175.5	"HiG"
"HiG_0"	0	"FAM162A"	249.5	"HiG"
"HiG_0"	10	"VCL"	161.5	"HiG"
"HiG_0"	60	"ATP5ME"	133.5	"HiG"
"HiG_0"	260	"NUCKS1"	92	"HiG"
"HiG_0"	0	"MLEC"	249.5	"HiG"
"HiG_0"	5	"TTK"	175.5	"HiG"
"HiG_0"	0	"GPATCH4"	249.5	"HiG"
"HiG_0"	6	"ATP5MC3"	172	"HiG"
"HiG_0"	0	"CNMD"	249.5	"HiG"
"HiG_0"	3047	"L1TD1"	10	"HiG"
"HiG_0"	0	"BCAT1"	249.5	"HiG"
"HiG_0"	0	"MT-ND4"	249.5	"HiG"
"HiG_0"	0	"CENPW"	249.5	"HiG"
"HiG_0"	0	"POLR2L"	249.5	"HiG"
"HiG_0"	564	"MT-CO3"	54	"HiG"
"HiG_0"	0	"MT-CYB"	249.5	"HiG"
"HiG_0"	0	"GALNT7"	249.5	"HiG"
"HiG_0"	82	"SQLE"	130	"HiG"
"HiG_0"	0	"CTSC"	249.5	"HiG"
"HiG_0"	505	"MGST1"	58	"HiG"
"HiG_0"	0	"CMAS"	249.5	"HiG"
"HiG_0"	0	"FAM98A"	249.5	"HiG"
"HiG_0"	0	"GGCT"	249.5	"HiG"
"HiG_0"	152	"SMS"	112	"HiG"
"HiG_0"	140	"UGP2"	114	"HiG"
"HiG_0"	90	"SEM1"	128.5	"HiG"
"HiG_0"	0	"SPINT2"	249.5	"HiG"
"HiG_0"	503	"TMSB4X"	59	"HiG"
"HiG_0"	0	"GAL"	249.5	"HiG"
"HiG_0"	0	"OCIAD2"	249.5	"HiG"
"HiG_0"	24	"KNOP1"	150	"HiG"
"HiG_0"	0	"IDI1"	249.5	"HiG"
"HiG_0"	34	"NDUFB1"	145.5	"HiG"
"HiG_0"	10	"NDUFAF4"	161.5	"HiG"
"HiG_0"	3	"GPM6B"	181.5	"HiG"
"HiG_0"	0	"BOLA3"	249.5	"HiG"
"HiG_0"	0	"UBE2T"	249.5	"HiG"
"HiG_0"	34	"COX7B"	145.5	"HiG"
"HiG_0"	0	"ABRACL"	249.5	"HiG"
"HiG_0"	0	"HMGN5"	249.5	"HiG"
"HiG_0"	0	"REXO2"	249.5	"HiG"
"HiG_0"	0	"NLN"	249.5	"HiG"
"HiG_0"	264	"UQCRQ"	90	"HiG"
"HiG_0"	0	"OAZ2"	249.5	"HiG"
"HiG_0"	7	"EPCAM"	170	"HiG"
"HiG_0"	0	"WDR43"	249.5	"HiG"
"HiG_0"	101	"NDUFS5"	123.5	"HiG"
"HiG_0"	675	"COX7C"	47	"HiG"
"HiG_0"	94	"COX8A"	126	"HiG"
"HiG_0"	296	"YBX3"	82	"HiG"
"HiG_0"	0	"SPATS2L"	249.5	"HiG"
"HiG_0"	0	"PIF1"	249.5	"HiG"
"HiG_0"	0	"TRIM71"	249.5	"HiG"
"HiG_0"	250	"UQCRH"	94.5	"HiG"
"HiG_0"	1677	"YBX1"	21	"HiG"
"HiG_0"	0	"SCG3"	249.5	"HiG"
"HiG_0"	0	"COA6"	249.5	"HiG"
"HiG_0"	0	"ELOVL6"	249.5	"HiG"
"HiG_0"	0	"XRN2"	249.5	"HiG"
"HiG_0"	261	"MT-ATP6"	91	"HiG"
"HiG_0"	0	"SELENOW"	249.5	"HiG"
"HiG_0"	0	"TRMT112"	249.5	"HiG"
"HiG_0"	0	"CEBPZOS"	249.5	"HiG"
"HiG_0"	0	"TFDP2"	249.5	"HiG"
"HiG_0"	0	"VASH2"	249.5	"HiG"
"HiG_0"	1	"RARRES2"	189	"HiG"
"HiG_0"	9	"VSNL1"	164	"HiG"
"HiG_0"	0	"POU5F1B"	249.5	"HiG"
"HiG_0"	0	"ZNF770"	249.5	"HiG"
"HiG_0"	0	"SCGB3A2"	249.5	"HiG"
"HiG_0"	0	"ZFP42"	249.5	"HiG"
"HiG_1"	1048	"ACTN2"	292	"HiG"
"HiG_1"	0	"CITED2"	833	"HiG"
"HiG_1"	0	"APOB"	833	"HiG"
"HiG_1"	53909	"CTNNB1"	7	"HiG"
"HiG_1"	15	"CUX1"	472.5	"HiG"
"HiG_1"	27673	"CDC42"	20	"HiG"
"HiG_1"	15396	"COL1A1"	31	"HiG"
"HiG_1"	84103	"DCN"	3	"HiG"
"HiG_1"	410	"HBEGF"	349	"HiG"
"HiG_1"	2828	"GADD45A"	125	"HiG"
"HiG_1"	1	"EGR1"	566.5	"HiG"
"HiG_1"	10354	"CREBBP"	39	"HiG"
"HiG_1"	31	"GABARAP"	441	"HiG"
"HiG_1"	5	"PRMT2"	514	"HiG"
"HiG_1"	139	"IFT88"	392	"HiG"
"HiG_1"	17	"HAND2"	466.5	"HiG"
"HiG_1"	5767	"LMNA"	74	"HiG"
"HiG_1"	1148	"AFDN"	230	"HiG"
"HiG_1"	10718	"KMT2A"	38	"HiG"
"HiG_1"	1262	"SNCA"	215	"HiG"
"HiG_1"	989	"FLT1"	307	"HiG"
"HiG_1"	0	"DLG1"	833	"HiG"
"HiG_1"	0	"MAGI3"	833	"HiG"
"HiG_1"	6	"PRKAR1A"	507	"HiG"
"HiG_1"	0	"FER"	833	"HiG"
"HiG_1"	0	"KDM5A"	833	"HiG"
"HiG_1"	2	"TNNC1"	549.5	"HiG"
"HiG_1"	2148	"TAX1BP1"	156	"HiG"
"HiG_1"	2376	"MAGED1"	145	"HiG"
"HiG_1"	0	"STAM"	833	"HiG"
"HiG_1"	279	"DMD"	369	"HiG"
"HiG_1"	2210	"FMR1"	153	"HiG"
"HiG_1"	4	"YAF2"	522	"HiG"
"HiG_1"	66	"LRP2"	416	"HiG"
"HiG_1"	4605	"DAB2"	86	"HiG"
"HiG_1"	7133	"IL6ST"	60.5	"HiG"
"HiG_1"	30	"PKN2"	442	"HiG"
"HiG_1"	22	"DSC3"	455.5	"HiG"
"HiG_1"	1198	"ID2"	224	"HiG"
"HiG_1"	1058	"NFE2L2"	285.5	"HiG"
"HiG_1"	0	"PIAS1"	833	"HiG"
"HiG_1"	14188	"CAVIN1"	34	"HiG"
"HiG_1"	0	"CDKN1B"	833	"HiG"
"HiG_1"	6181	"BMPR2"	68	"HiG"
"HiG_1"	9	"CDKN1C"	491	"HiG"
"HiG_1"	2479	"CADM1"	139	"HiG"
"HiG_1"	0	"NCOA4"	833	"HiG"
"HiG_1"	0	"GTF2I"	833	"HiG"
"HiG_1"	5136	"CUL1"	79	"HiG"
"HiG_1"	2615	"PEG10"	132	"HiG"
"HiG_1"	479	"ILK"	343	"HiG"
"HiG_1"	1286	"COPB2"	210	"HiG"
"HiG_1"	8341	"GOLGA2"	50	"HiG"
"HiG_1"	1204	"ARHGAP5"	223	"HiG"
"HiG_1"	0	"BTG1"	833	"HiG"
"HiG_1"	0	"RNF216"	833	"HiG"
"HiG_1"	0	"FNBP1"	833	"HiG"
"HiG_1"	592	"AKAP9"	337	"HiG"
"HiG_1"	0	"ERBIN"	833	"HiG"
"HiG_1"	0	"CCNDBP1"	833	"HiG"
"HiG_1"	243	"GADD45G"	373	"HiG"
"HiG_1"	0	"GOPC"	833	"HiG"
"HiG_1"	3066	"TXNIP"	122	"HiG"
"HiG_1"	1058	"PLCB1"	285.5	"HiG"
"HiG_1"	10978	"HSPB1"	37	"HiG"
"HiG_1"	8946	"CHD3"	42	"HiG"
"HiG_1"	2595	"LMO4"	133	"HiG"
"HiG_1"	0	"ING4"	833	"HiG"
"HiG_1"	0	"ZHX1"	833	"HiG"
"HiG_1"	0	"VPS28"	833	"HiG"
"HiG_1"	2150	"CALCOCO2"	155	"HiG"
"HiG_1"	0	"BNIP3L"	833	"HiG"
"HiG_1"	0	"MAGEH1"	833	"HiG"
"HiG_1"	1064	"GYG1"	279.5	"HiG"
"HiG_1"	2016	"LDOC1"	176	"HiG"
"HiG_1"	0	"AASDHPPT"	833	"HiG"
"HiG_1"	0	"NAV2"	833	"HiG"
"HiG_1"	4	"STX8"	522	"HiG"
"HiG_1"	0	"CHIC2"	833	"HiG"
"HiG_1"	193	"BAZ2B"	386	"HiG"
"HiG_1"	0	"PDLIM7"	833	"HiG"
"HiG_1"	0	"NT5C2"	833	"HiG"
"HiG_1"	2089	"WWP1"	171	"HiG"
"HiG_1"	97	"DDIT3"	407	"HiG"
"HiG_1"	18471	"ACTG1"	29	"HiG"
"HiG_1"	1839	"LASP1"	184	"HiG"
"HiG_1"	10	"DKK1"	487	"HiG"
"HiG_1"	60939	"KRT18"	6	"HiG"
"HiG_1"	0	"BAMBI"	833	"HiG"
"HiG_1"	25587	"KRT19"	22	"HiG"
"HiG_1"	0	"EFEMP2"	833	"HiG"
"HiG_1"	19	"SPOP"	461.5	"HiG"
"HiG_1"	0	"PPFIBP2"	833	"HiG"
"HiG_1"	1066	"CLUAP1"	266.5	"HiG"
"HiG_1"	0	"ENOX2"	833	"HiG"
"HiG_1"	481	"PHLDA1"	342	"HiG"
"HiG_1"	5313	"ASH2L"	76	"HiG"
"HiG_1"	7735	"AQP1"	56	"HiG"
"HiG_1"	5002	"NINL"	82	"HiG"
"HiG_1"	1	"AFF4"	566.5	"HiG"
"HiG_1"	3426	"DDX17"	104	"HiG"
"HiG_1"	0	"MBIP"	833	"HiG"
"HiG_1"	2076	"JUP"	172	"HiG"
"HiG_1"	301	"NME4"	366	"HiG"
"HiG_1"	323	"GLUL"	361	"HiG"
"HiG_1"	2734	"HOOK1"	128	"HiG"
"HiG_1"	1062	"MARK3"	283	"HiG"
"HiG_1"	418	"AMOTL2"	348	"HiG"
"HiG_1"	1064	"FZD7"	279.5	"HiG"
"HiG_1"	8034	"GABARAPL1"	53	"HiG"
"HiG_1"	1278	"COL8A1"	211	"HiG"
"HiG_1"	0	"APPL2"	833	"HiG"
"HiG_1"	6	"SORBS2"	507	"HiG"
"HiG_1"	23	"ARHGAP29"	451	"HiG"
"HiG_1"	0	"IP6K2"	833	"HiG"
"HiG_1"	0	"TRAPPC2L"	833	"HiG"
"HiG_1"	26569	"RPS14"	21	"HiG"
"HiG_1"	0	"TANK"	833	"HiG"
"HiG_1"	1030	"DYNC1I1"	301	"HiG"
"HiG_1"	4577	"NRIP1"	87	"HiG"
"HiG_1"	3070	"STMN2"	120.5	"HiG"
"HiG_1"	1040	"IFT20"	298	"HiG"
"HiG_1"	1180	"OPTN"	227	"HiG"
"HiG_1"	0	"DYNLT3"	833	"HiG"
"HiG_1"	17	"DDAH2"	466.5	"HiG"
"HiG_1"	395	"EPB41L3"	351	"HiG"
"HiG_1"	8809	"TNNT1"	43	"HiG"
"HiG_1"	12	"CIRBP"	481.5	"HiG"
"HiG_1"	682	"RBFOX2"	333	"HiG"
"HiG_1"	387	"ERCC1"	352	"HiG"
"HiG_1"	1077	"YIPF3"	250	"HiG"
"HiG_1"	7	"LRIF1"	500.5	"HiG"
"HiG_1"	1107	"GRN"	239.5	"HiG"
"HiG_1"	2818	"S100A14"	126	"HiG"
"HiG_1"	823	"RUNX1T1"	326	"HiG"
"HiG_1"	1	"RALB"	566.5	"HiG"
"HiG_1"	48564	"JUN"	9	"HiG"
"HiG_1"	39009	"LUM"	17	"HiG"
"HiG_1"	1066	"MAP3K20"	266.5	"HiG"
"HiG_1"	2402	"KIF5B"	144	"HiG"
"HiG_1"	87	"TCEAL1"	409	"HiG"
"HiG_1"	0	"GSTK1"	833	"HiG"
"HiG_1"	0	"RIOK3"	833	"HiG"
"HiG_1"	256	"PON2"	372	"HiG"
"HiG_1"	3219	"CDK6"	109	"HiG"
"HiG_1"	1066	"TCEAL9"	266.5	"HiG"
"HiG_1"	115	"PPFIBP1"	398	"HiG"
"HiG_1"	0	"ERC1"	833	"HiG"
"HiG_1"	1520	"PPIB"	200	"HiG"
"HiG_1"	0	"SERINC3"	833	"HiG"
"HiG_1"	0	"NELFCD"	833	"HiG"
"HiG_1"	276	"AKAP13"	371	"HiG"
"HiG_1"	0	"PELO"	833	"HiG"
"HiG_1"	85222	"EZR"	2	"HiG"
"HiG_1"	0	"PKIG"	833	"HiG"
"HiG_1"	1099	"MYH7"	243	"HiG"
"HiG_1"	0	"DEGS1"	833	"HiG"
"HiG_1"	1384	"FBLN1"	205	"HiG"
"HiG_1"	0	"PLOD2"	833	"HiG"
"HiG_1"	9	"MTR"	491	"HiG"
"HiG_1"	2	"KCTD12"	549.5	"HiG"
"HiG_1"	380	"NUAK1"	354	"HiG"
"HiG_1"	8671	"MYH10"	45	"HiG"
"HiG_1"	8	"CYP1B1"	495.5	"HiG"
"HiG_1"	58	"KDELR2"	420.5	"HiG"
"HiG_1"	22337	"ANXA1"	26	"HiG"
"HiG_1"	64766	"ANXA2"	4	"HiG"
"HiG_1"	1844	"GNAS"	183	"HiG"
"HiG_1"	9527	"DDX6"	41	"HiG"
"HiG_1"	0	"CEP162"	833	"HiG"
"HiG_1"	0	"KMT5B"	833	"HiG"
"HiG_1"	0	"GSTM3"	833	"HiG"
"HiG_1"	0	"CMYA5"	833	"HiG"
"HiG_1"	10	"DHX38"	487	"HiG"
"HiG_1"	117	"FAF2"	396.5	"HiG"
"HiG_1"	3	"KPNA1"	534	"HiG"
"HiG_1"	203	"SRSF6"	384.5	"HiG"
"HiG_1"	0	"MEST"	833	"HiG"
"HiG_1"	46511	"DSP"	11	"HiG"
"HiG_1"	1713	"KMT2C"	190	"HiG"
"HiG_1"	4249	"APC"	94	"HiG"
"HiG_1"	2467	"JAK1"	140	"HiG"
"HiG_1"	1692	"ACTA1"	193	"HiG"
"HiG_1"	234	"PHF21A"	377	"HiG"
"HiG_1"	888	"PIK3R1"	318	"HiG"
"HiG_1"	7440	"GATA4"	58	"HiG"
"HiG_1"	0	"CD151"	833	"HiG"
"HiG_1"	0	"ARHGAP21"	833	"HiG"
"HiG_1"	49	"ERRFI1"	427	"HiG"
"HiG_1"	0	"KLHDC2"	833	"HiG"
"HiG_1"	1046	"LMO7"	294	"HiG"
"HiG_1"	16905	"PKP2"	30	"HiG"
"HiG_1"	862	"RND3"	323	"HiG"
"HiG_1"	658	"BMP2"	335	"HiG"
"HiG_1"	0	"GADD45B"	833	"HiG"
"HiG_1"	215	"DDX39B"	383	"HiG"
"HiG_1"	26	"ETS2"	446	"HiG"
"HiG_1"	217	"CDH3"	381	"HiG"
"HiG_1"	618	"GTF2B"	336	"HiG"
"HiG_1"	11244	"TGFB2"	36	"HiG"
"HiG_1"	18	"TERF2IP"	463.5	"HiG"
"HiG_1"	1084	"MED13L"	247	"HiG"
"HiG_1"	4	"MED31"	522	"HiG"
"HiG_1"	2	"TEAD1"	549.5	"HiG"
"HiG_1"	225	"MEF2A"	380	"HiG"
"HiG_1"	284	"SNAPIN"	367	"HiG"
"HiG_1"	3361	"STX18"	106	"HiG"
"HiG_1"	24721	"KDR"	23	"HiG"
"HiG_1"	8322	"BMP4"	51	"HiG"
"HiG_1"	4	"MYOCD"	522	"HiG"
"HiG_1"	3147	"SDCBP"	112	"HiG"
"HiG_1"	38	"ADD1"	434.5	"HiG"
"HiG_1"	0	"RAMP2"	833	"HiG"
"HiG_1"	4251	"FOXP1"	93	"HiG"
"HiG_1"	0	"FEZ2"	833	"HiG"
"HiG_1"	12	"KIF1B"	481.5	"HiG"
"HiG_1"	0	"CCNL2"	833	"HiG"
"HiG_1"	0	"EHBP1"	833	"HiG"
"HiG_1"	34	"DNAJC1"	439	"HiG"
"HiG_1"	8298	"ATF3"	52	"HiG"
"HiG_1"	3136	"GNAI1"	114	"HiG"
"HiG_1"	55	"HAND1"	422	"HiG"
"HiG_1"	848	"CDH11"	324	"HiG"
"HiG_1"	8482	"AHNAK"	46	"HiG"
"HiG_1"	1700	"HIPK2"	192	"HiG"
"HiG_1"	474	"ATP1B1"	344	"HiG"
"HiG_1"	2929	"IGF1"	123	"HiG"
"HiG_1"	429	"TCF12"	347	"HiG"
"HiG_1"	1054	"CST3"	289	"HiG"
"HiG_1"	0	"CD200"	833	"HiG"
"HiG_1"	5829	"APOE"	73	"HiG"
"HiG_1"	61846	"IQGAP1"	5	"HiG"
"HiG_1"	0	"CREG1"	833	"HiG"
"HiG_1"	22	"NIN"	455.5	"HiG"
"HiG_1"	2048	"SMARCC2"	174	"HiG"
"HiG_1"	0	"NUCB2"	833	"HiG"
"HiG_1"	0	"DICER1"	833	"HiG"
"HiG_1"	1065	"CLK1"	276	"HiG"
"HiG_1"	0	"BCAP29"	833	"HiG"
"HiG_1"	0	"DOCK1"	833	"HiG"
"HiG_1"	332	"RIMS1"	360	"HiG"
"HiG_1"	0	"RIMS2"	833	"HiG"
"HiG_1"	2428	"NKX2-5"	142	"HiG"
"HiG_1"	0	"ATF5"	833	"HiG"
"HiG_1"	0	"COL4A1"	833	"HiG"
"HiG_1"	0	"CCDC141"	833	"HiG"
"HiG_1"	4173	"ANK3"	95.5	"HiG"
"HiG_1"	3311	"GAP43"	107.5	"HiG"
"HiG_1"	0	"GCA"	833	"HiG"
"HiG_1"	0	"EMP2"	833	"HiG"
"HiG_1"	3184	"NCAM1"	110	"HiG"
"HiG_1"	2109	"ARID4B"	165	"HiG"
"HiG_1"	4874	"MYBPC3"	83	"HiG"
"HiG_1"	2055	"ADAMTS1"	173	"HiG"
"HiG_1"	14386	"DSG2"	33	"HiG"
"HiG_1"	6141	"DSC2"	70	"HiG"
"HiG_1"	1028	"ACTG2"	302	"HiG"
"HiG_1"	14099	"S100A10"	35	"HiG"
"HiG_1"	4	"DAB1"	522	"HiG"
"HiG_1"	0	"BOC"	833	"HiG"
"HiG_1"	0	"AMIGO2"	833	"HiG"
"HiG_1"	0	"TACC2"	833	"HiG"
"HiG_1"	46	"KAT6B"	429	"HiG"
"HiG_1"	279	"EDNRA"	369	"HiG"
"HiG_1"	0	"CIR1"	833	"HiG"
"HiG_1"	1053	"SND1"	290.5	"HiG"
"HiG_1"	8	"BAZ2A"	495.5	"HiG"
"HiG_1"	733	"ARID1A"	331	"HiG"
"HiG_1"	104	"SMARCE1"	402	"HiG"
"HiG_1"	17	"ARID4A"	466.5	"HiG"
"HiG_1"	14	"KLF10"	476.5	"HiG"
"HiG_1"	1897	"HES1"	181	"HiG"
"HiG_1"	0	"MDM4"	833	"HiG"
"HiG_1"	132	"MSX1"	393	"HiG"
"HiG_1"	0	"PRDM2"	833	"HiG"
"HiG_1"	8	"PPP1R15A"	495.5	"HiG"
"HiG_1"	0	"IFNAR1"	833	"HiG"
"HiG_1"	1271	"ALDH2"	213	"HiG"
"HiG_1"	28	"ARMCX3"	444	"HiG"
"HiG_1"	0	"ANXA6"	833	"HiG"
"HiG_1"	43	"ARL4D"	432	"HiG"
"HiG_1"	2187	"BMERB1"	154	"HiG"
"HiG_1"	0	"CASP6"	833	"HiG"
"HiG_1"	0	"CGA"	833	"HiG"
"HiG_1"	351	"CPE"	357	"HiG"
"HiG_1"	0	"DAP"	833	"HiG"
"HiG_1"	0	"FBXO34"	833	"HiG"
"HiG_1"	0	"FXYD6"	833	"HiG"
"HiG_1"	1717	"GNG11"	189	"HiG"
"HiG_1"	12	"HERPUD1"	481.5	"HiG"
"HiG_1"	6233	"IGFBP3"	67	"HiG"
"HiG_1"	0	"ISYNA1"	833	"HiG"
"HiG_1"	0	"KIAA0232"	833	"HiG"
"HiG_1"	98	"PTN"	406	"HiG"
"HiG_1"	0	"DLGAP4"	833	"HiG"
"HiG_1"	0	"MAP3K12"	833	"HiG"
"HiG_1"	0	"RGS2"	833	"HiG"
"HiG_1"	0	"RUFY3"	833	"HiG"
"HiG_1"	8695	"SARAF"	44	"HiG"
"HiG_1"	2248	"COPA"	150	"HiG"
"HiG_1"	1967	"LAMC1"	177	"HiG"
"HiG_1"	0	"PRSS23"	833	"HiG"
"HiG_1"	3097	"NIPBL"	118	"HiG"
"HiG_1"	0	"NBEA"	833	"HiG"
"HiG_1"	0	"PDPN"	833	"HiG"
"HiG_1"	9	"TP53BP2"	491	"HiG"
"HiG_1"	0	"CDC42EP3"	833	"HiG"
"HiG_1"	1067	"ALB"	257	"HiG"
"HiG_1"	0	"ANXA3"	833	"HiG"
"HiG_1"	42854	"VIM"	13	"HiG"
"HiG_1"	1064	"COMMD3"	279.5	"HiG"
"HiG_1"	15	"KLF6"	472.5	"HiG"
"HiG_1"	5	"GOLGB1"	514	"HiG"
"HiG_1"	0	"OLFML3"	833	"HiG"
"HiG_1"	0	"TRIOBP"	833	"HiG"
"HiG_1"	3	"ITSN2"	534	"HiG"
"HiG_1"	0	"MLLT3"	833	"HiG"
"HiG_1"	5103	"MYH9"	80	"HiG"
"HiG_1"	6458	"PLEKHA4"	65	"HiG"
"HiG_1"	2095	"SSR1"	170	"HiG"
"HiG_1"	0	"SPG7"	833	"HiG"
"HiG_1"	241	"ATN1"	374	"HiG"
"HiG_1"	1066	"SERPINB9"	266.5	"HiG"
"HiG_1"	100	"TF"	405	"HiG"
"HiG_1"	1110	"TSC1"	236	"HiG"
"HiG_1"	871	"COL14A1"	322	"HiG"
"HiG_1"	6051	"CAPN2"	72	"HiG"
"HiG_1"	1915	"CRYAB"	178.5	"HiG"
"HiG_1"	0	"CREM"	833	"HiG"
"HiG_1"	338	"MAP4K4"	359	"HiG"
"HiG_1"	4	"PLAGL1"	522	"HiG"
"HiG_1"	36	"CSRP3"	438	"HiG"
"HiG_1"	0	"KDM6A"	833	"HiG"
"HiG_1"	37	"MEF2C"	436.5	"HiG"
"HiG_1"	5272	"CTSB"	78	"HiG"
"HiG_1"	19	"STX17"	461.5	"HiG"
"HiG_1"	70	"KIFAP3"	411.5	"HiG"
"HiG_1"	6	"COL2A1"	507	"HiG"
"HiG_1"	0	"WEE1"	833	"HiG"
"HiG_1"	0	"DNAJC3"	833	"HiG"
"HiG_1"	1638	"S100A13"	196	"HiG"
"HiG_1"	0	"NPY"	833	"HiG"
"HiG_1"	7133	"AKAP12"	60.5	"HiG"
"HiG_1"	0	"PLIN3"	833	"HiG"
"HiG_1"	68	"ITGA8"	413	"HiG"
"HiG_1"	0	"RYR2"	833	"HiG"
"HiG_1"	51	"ADAM10"	426	"HiG"
"HiG_1"	3112	"PLAT"	116	"HiG"
"HiG_1"	1890	"PDGFRA"	182	"HiG"
"HiG_1"	60	"KIF3A"	418	"HiG"
"HiG_1"	39641	"COL3A1"	16	"HiG"
"HiG_1"	1740	"COL5A1"	188	"HiG"
"HiG_1"	872	"CCN2"	321	"HiG"
"HiG_1"	1269	"IGF2"	214	"HiG"
"HiG_1"	2512	"ATP2B4"	137	"HiG"
"HiG_1"	4392	"NRP1"	91	"HiG"
"HiG_1"	785	"MAF"	328	"HiG"
"HiG_1"	0	"CHMP3"	833	"HiG"
"HiG_1"	102038	"FN1"	1	"HiG"
"HiG_1"	0	"GYPC"	833	"HiG"
"HiG_1"	26	"LIFR"	446	"HiG"
"HiG_1"	46784	"KRT8"	10	"HiG"
"HiG_1"	0	"CRHBP"	833	"HiG"
"HiG_1"	6	"HOXB7"	507	"HiG"
"HiG_1"	4625	"CXCL12"	85	"HiG"
"HiG_1"	6	"VAMP2"	507	"HiG"
"HiG_1"	2240	"PDCD4"	151.5	"HiG"
"HiG_1"	1	"PPP3CA"	566.5	"HiG"
"HiG_1"	1672	"MID1"	195	"HiG"
"HiG_1"	1066	"PKIA"	266.5	"HiG"
"HiG_1"	0	"MAP3K13"	833	"HiG"
"HiG_1"	2104	"NPPB"	166	"HiG"
"HiG_1"	2	"TNFRSF11B"	549.5	"HiG"
"HiG_1"	1046	"ALCAM"	294	"HiG"
"HiG_1"	1025	"PARD6B"	303	"HiG"
"HiG_1"	0	"GATA3"	833	"HiG"
"HiG_1"	0	"HRC"	833	"HiG"
"HiG_1"	7069	"SLC2A1"	63	"HiG"
"HiG_1"	3	"SSBP2"	534	"HiG"
"HiG_1"	10	"SSBP3"	487	"HiG"
"HiG_1"	7820	"IGFBP5"	54	"HiG"
"HiG_1"	0	"LHX1"	833	"HiG"
"HiG_1"	1500	"IGFBP7"	201	"HiG"
"HiG_1"	14	"MEIS1"	476.5	"HiG"
"HiG_1"	2133	"AHCYL1"	157	"HiG"
"HiG_1"	1041	"JAG1"	297	"HiG"
"HiG_1"	3	"ARHGEF3"	534	"HiG"
"HiG_1"	43089	"SPARC"	12	"HiG"
"HiG_1"	2040	"HDLBP"	175	"HiG"
"HiG_1"	0	"ANGPT1"	833	"HiG"
"HiG_1"	0	"ANGPT2"	833	"HiG"
"HiG_1"	1066	"KRT10"	266.5	"HiG"
"HiG_1"	1046	"SH3GLB1"	294	"HiG"
"HiG_1"	0	"PPP1R12B"	833	"HiG"
"HiG_1"	1462	"ITGA6"	204	"HiG"
"HiG_1"	3573	"PBX1"	100	"HiG"
"HiG_1"	1071	"EFNA5"	252	"HiG"
"HiG_1"	2	"MYLK"	549.5	"HiG"
"HiG_1"	3	"ASAP1"	534	"HiG"
"HiG_1"	3	"CCS"	534	"HiG"
"HiG_1"	2096	"PTPRF"	169	"HiG"
"HiG_1"	1104	"DOK4"	242	"HiG"
"HiG_1"	3670	"BICD1"	99	"HiG"
"HiG_1"	1230	"NKX3-1"	217	"HiG"
"HiG_1"	1196	"MDK"	226	"HiG"
"HiG_1"	1345	"TRIM55"	208	"HiG"
"HiG_1"	279	"CLIP1"	369	"HiG"
"HiG_1"	4	"PAM"	522	"HiG"
"HiG_1"	67	"PTPRD"	414.5	"HiG"
"HiG_1"	8480	"MARCKS"	47	"HiG"
"HiG_1"	0	"MYOZ2"	833	"HiG"
"HiG_1"	22028	"PODXL"	27	"HiG"
"HiG_1"	0	"ARHGAP10"	833	"HiG"
"HiG_1"	0	"CHGA"	833	"HiG"
"HiG_1"	0	"ARL2BP"	833	"HiG"
"HiG_1"	4	"VAMP3"	522	"HiG"
"HiG_1"	107	"NR2F1"	401	"HiG"
"HiG_1"	0	"ENC1"	833	"HiG"
"HiG_1"	7	"POGZ"	500.5	"HiG"
"HiG_1"	3	"EFNB2"	534	"HiG"
"HiG_1"	0	"ISL1"	833	"HiG"
"HiG_1"	933	"SDC2"	315	"HiG"
"HiG_1"	1055	"PAPPA"	287.5	"HiG"
"HiG_1"	2	"PCNT"	549.5	"HiG"
"HiG_1"	70	"ARL6IP5"	411.5	"HiG"
"HiG_1"	12	"COL6A1"	481.5	"HiG"
"HiG_1"	1068	"MASP1"	255	"HiG"
"HiG_1"	1034	"PPP2R3A"	299.5	"HiG"
"HiG_1"	0	"CRB2"	833	"HiG"
"HiG_1"	62	"ITGA1"	417	"HiG"
"HiG_1"	15	"EIF4G2"	472.5	"HiG"
"HiG_1"	9755	"CD47"	40	"HiG"
"HiG_1"	2353	"IFI16"	146	"HiG"
"HiG_1"	0	"CTTNBP2"	833	"HiG"
"HiG_1"	1066	"CTTNBP2NL"	266.5	"HiG"
"HiG_1"	7418	"STK26"	59	"HiG"
"HiG_1"	0	"STRN3"	833	"HiG"
"HiG_1"	0	"CNN1"	833	"HiG"
"HiG_1"	3	"NTRK2"	534	"HiG"
"HiG_1"	3847	"HEY1"	98	"HiG"
"HiG_1"	0	"RNF19A"	833	"HiG"
"HiG_1"	44	"WT1"	431	"HiG"
"HiG_1"	0	"CCL2"	833	"HiG"
"HiG_1"	6582	"CSRP2"	64	"HiG"
"HiG_1"	0	"TAOK3"	833	"HiG"
"HiG_1"	0	"GATA6"	833	"HiG"
"HiG_1"	0	"ATF6"	833	"HiG"
"HiG_1"	0	"MXI1"	833	"HiG"
"HiG_1"	3	"TFPI"	534	"HiG"
"HiG_1"	5019	"NR2F2"	81	"HiG"
"HiG_1"	16	"PLN"	469.5	"HiG"
"HiG_1"	1	"GABRB2"	566.5	"HiG"
"HiG_1"	734	"FHL1"	330	"HiG"
"HiG_1"	7	"RBP4"	500.5	"HiG"
"HiG_1"	4	"FGF10"	522	"HiG"
"HiG_1"	961	"RAB11FIP1"	309	"HiG"
"HiG_1"	0	"PTPRA"	833	"HiG"
"HiG_1"	40504	"CALD1"	15	"HiG"
"HiG_1"	2451	"SEPTIN7"	141	"HiG"
"HiG_1"	0	"PLEKHA1"	833	"HiG"
"HiG_1"	0	"MPDZ"	833	"HiG"
"HiG_1"	8403	"ACTA2"	48	"HiG"
"HiG_1"	2240	"CCN1"	151.5	"HiG"
"HiG_1"	0	"SST"	833	"HiG"
"HiG_1"	1085	"SNAP29"	246	"HiG"
"HiG_1"	0	"MATN2"	833	"HiG"
"HiG_1"	2097	"TNNT2"	168	"HiG"
"HiG_1"	51677	"TPM1"	8	"HiG"
"HiG_1"	0	"MAP4K5"	833	"HiG"
"HiG_1"	18	"TRAF3IP1"	463.5	"HiG"
"HiG_1"	1	"TRAF5"	566.5	"HiG"
"HiG_1"	0	"PJA2"	833	"HiG"
"HiG_1"	41831	"LGALS3"	14	"HiG"
"HiG_1"	0	"PTPN1"	833	"HiG"
"HiG_1"	0	"ELF2"	833	"HiG"
"HiG_1"	0	"LAMA1"	833	"HiG"
"HiG_1"	1067	"NDFIP1"	257	"HiG"
"HiG_1"	1107	"DLK1"	239.5	"HiG"
"HiG_1"	0	"PLEKHO1"	833	"HiG"
"HiG_1"	0	"SNX3"	833	"HiG"
"HiG_1"	0	"FKBP7"	833	"HiG"
"HiG_1"	1080	"SPP1"	249	"HiG"
"HiG_1"	0	"FILIP1"	833	"HiG"
"HiG_1"	0	"SPRY1"	833	"HiG"
"HiG_1"	1065	"OS9"	276	"HiG"
"HiG_1"	3142	"SMC5"	113	"HiG"
"HiG_1"	2127	"ING3"	160.5	"HiG"
"HiG_1"	0	"EPC1"	833	"HiG"
"HiG_1"	5	"PAF1"	514	"HiG"
"HiG_1"	4166	"USP11"	97	"HiG"
"HiG_1"	1108	"AMOT"	238	"HiG"
"HiG_1"	0	"MPST"	833	"HiG"
"HiG_1"	493	"TP53BP1"	341	"HiG"
"HiG_1"	0	"WDR48"	833	"HiG"
"HiG_1"	33305	"TUBA1A"	19	"HiG"
"HiG_1"	0	"SLC39A7"	833	"HiG"
"HiG_1"	1066	"OSBPL9"	266.5	"HiG"
"HiG_1"	0	"TRIP12"	833	"HiG"
"HiG_1"	1	"PAIP1"	566.5	"HiG"
"HiG_1"	400	"CKAP4"	350	"HiG"
"HiG_1"	0	"ATE1"	833	"HiG"
"HiG_1"	0	"USP3"	833	"HiG"
"HiG_1"	4270	"HECTD1"	92	"HiG"
"HiG_1"	5	"SDF4"	514	"HiG"
"HiG_1"	1	"DCXR"	566.5	"HiG"
"HiG_1"	0	"USP53"	833	"HiG"
"HiG_1"	0	"MRPL40"	833	"HiG"
"HiG_1"	0	"DHX40"	833	"HiG"
"HiG_1"	40	"PRRC2B"	433	"HiG"
"HiG_1"	0	"SSX2IP"	833	"HiG"
"HiG_1"	0	"CEP85L"	833	"HiG"
"HiG_1"	0	"USP15"	833	"HiG"
"HiG_1"	0	"ATXN7L3B"	833	"HiG"
"HiG_1"	0	"MYH11"	833	"HiG"
"HiG_1"	3	"RPAP2"	534	"HiG"
"HiG_1"	0	"HNRNPH2"	833	"HiG"
"HiG_1"	1915	"MAGED2"	178.5	"HiG"
"HiG_1"	14	"FGG"	476.5	"HiG"
"HiG_1"	0	"FRMD4A"	833	"HiG"
"HiG_1"	0	"CRBN"	833	"HiG"
"HiG_1"	0	"DCAF5"	833	"HiG"
"HiG_1"	0	"DCAF6"	833	"HiG"
"HiG_1"	0	"CCDC50"	833	"HiG"
"HiG_1"	0	"CNOT4"	833	"HiG"
"HiG_1"	702	"UBE2E3"	332	"HiG"
"HiG_1"	3500	"MYL9"	101	"HiG"
"HiG_1"	0	"N4BP2"	833	"HiG"
"HiG_1"	3390	"UBE2H"	105	"HiG"
"HiG_1"	1066	"RSPRY1"	266.5	"HiG"
"HiG_1"	0	"TRIM5"	833	"HiG"
"HiG_1"	0	"EVI5"	833	"HiG"
"HiG_1"	0	"PIK3C3"	833	"HiG"
"HiG_1"	0	"PRKAG2"	833	"HiG"
"HiG_1"	0	"RABGAP1"	833	"HiG"
"HiG_1"	1045	"CAB39L"	296	"HiG"
"HiG_1"	1014	"PFKP"	306	"HiG"
"HiG_1"	1055	"TOR1AIP2"	287.5	"HiG"
"HiG_1"	1	"FIS1"	566.5	"HiG"
"HiG_1"	0	"TBX3"	833	"HiG"
"HiG_1"	0	"CAP2"	833	"HiG"
"HiG_1"	23	"CNTRL"	451	"HiG"
"HiG_1"	0	"COBLL1"	833	"HiG"
"HiG_1"	2332	"MACF1"	147	"HiG"
"HiG_1"	1274	"WWTR1"	212	"HiG"
"HiG_1"	0	"FAM13B"	833	"HiG"
"HiG_1"	0	"CPLANE1"	833	"HiG"
"HiG_1"	0	"CHD6"	833	"HiG"
"HiG_1"	38	"CGNL1"	434.5	"HiG"
"HiG_1"	0	"CFAP36"	833	"HiG"
"HiG_1"	3	"FKBP14"	534	"HiG"
"HiG_1"	355	"PBRM1"	356	"HiG"
"HiG_1"	7078	"MEIS2"	62	"HiG"
"HiG_1"	2732	"PBX3"	129	"HiG"
"HiG_1"	942	"SUPT5H"	312	"HiG"
"HiG_1"	590	"XBP1"	338	"HiG"
"HiG_1"	5	"L3MBTL3"	514	"HiG"
"HiG_1"	0	"CHURC1"	833	"HiG"
"HiG_1"	0	"DACT1"	833	"HiG"
"HiG_1"	0	"PCF11"	833	"HiG"
"HiG_1"	4508	"RBM39"	89	"HiG"
"HiG_1"	0	"SEPTIN9"	833	"HiG"
"HiG_1"	0	"ATF7IP2"	833	"HiG"
"HiG_1"	0	"NFKBIZ"	833	"HiG"
"HiG_1"	8382	"CAST"	49	"HiG"
"HiG_1"	5	"ASH1L"	514	"HiG"
"HiG_1"	831	"KMT2E"	325	"HiG"
"HiG_1"	0	"CNN3"	833	"HiG"
"HiG_1"	0	"LPIN1"	833	"HiG"
"HiG_1"	9	"KDM6B"	491	"HiG"
"HiG_1"	0	"TOX4"	833	"HiG"
"HiG_1"	1066	"GUCY1A1"	266.5	"HiG"
"HiG_1"	541	"PLCE1"	340	"HiG"
"HiG_1"	1173	"ATP2B1"	228	"HiG"
"HiG_1"	0	"REV3L"	833	"HiG"
"HiG_1"	0	"SVBP"	833	"HiG"
"HiG_1"	0	"DCTN6"	833	"HiG"
"HiG_1"	113	"PXK"	399	"HiG"
"HiG_1"	0	"CYB5R3"	833	"HiG"
"HiG_1"	2	"RBM3"	549.5	"HiG"
"HiG_1"	0	"TSC22D3"	833	"HiG"
"HiG_1"	2546	"TNRC6B"	136	"HiG"
"HiG_1"	4173	"RPL28"	95.5	"HiG"
"HiG_1"	1092	"ITM2B"	244.5	"HiG"
"HiG_1"	1213	"NRP2"	220.5	"HiG"
"HiG_1"	928	"PCDH7"	316	"HiG"
"HiG_1"	2583	"LPP"	134	"HiG"
"HiG_1"	0	"S100A16"	833	"HiG"
"HiG_1"	0	"ACADVL"	833	"HiG"
"HiG_1"	0	"MMAB"	833	"HiG"
"HiG_1"	6159	"SOX4"	69	"HiG"
"HiG_1"	0	"P4HA1"	833	"HiG"
"HiG_1"	23115	"RPL13"	25	"HiG"
"HiG_1"	0	"P3H4"	833	"HiG"
"HiG_1"	315	"MYL3"	363.5	"HiG"
"HiG_1"	2118	"MME"	163	"HiG"
"HiG_1"	0	"FAHD1"	833	"HiG"
"HiG_1"	1070	"ARRDC3"	253.5	"HiG"
"HiG_1"	0	"BST2"	833	"HiG"
"HiG_1"	0	"SELENOP"	833	"HiG"
"HiG_1"	0	"PNRC1"	833	"HiG"
"HiG_1"	0	"PHKB"	833	"HiG"
"HiG_1"	3156	"UBXN4"	111	"HiG"
"HiG_1"	1	"TNNI1"	566.5	"HiG"
"HiG_1"	0	"KCTD20"	833	"HiG"
"HiG_1"	0	"KRT7"	833	"HiG"
"HiG_1"	3	"CCDC93"	534	"HiG"
"HiG_1"	0	"EXOC1"	833	"HiG"
"HiG_1"	1618	"COLEC12"	197	"HiG"
"HiG_1"	0	"SH3BP5"	833	"HiG"
"HiG_1"	0	"AEBP1"	833	"HiG"
"HiG_1"	203	"GDF15"	384.5	"HiG"
"HiG_1"	0	"CD164"	833	"HiG"
"HiG_1"	0	"AZI2"	833	"HiG"
"HiG_1"	0	"BNC2"	833	"HiG"
"HiG_1"	2274	"CLGN"	149	"HiG"
"HiG_1"	0	"LPGAT1"	833	"HiG"
"HiG_1"	0	"CRIP2"	833	"HiG"
"HiG_1"	0	"DCTN3"	833	"HiG"
"HiG_1"	0	"ITFG1"	833	"HiG"
"HiG_1"	3480	"PARVA"	103	"HiG"
"HiG_1"	1219	"TTC3"	219	"HiG"
"HiG_1"	0	"CMTM3"	833	"HiG"
"HiG_1"	0	"COL4A5"	833	"HiG"
"HiG_1"	1615	"ROBO2"	198	"HiG"
"HiG_1"	0	"MBTPS1"	833	"HiG"
"HiG_1"	0	"HMGXB3"	833	"HiG"
"HiG_1"	0	"GPCPD1"	833	"HiG"
"HiG_1"	0	"ODC1"	833	"HiG"
"HiG_1"	1249	"PLD3"	216	"HiG"
"HiG_1"	226	"RUFY2"	378.5	"HiG"
"HiG_1"	2689	"TMEM98"	131	"HiG"
"HiG_1"	1120	"SEC31A"	234	"HiG"
"HiG_1"	0	"COMMD8"	833	"HiG"
"HiG_1"	0	"TAOK1"	833	"HiG"
"HiG_1"	1209	"FRZB"	222	"HiG"
"HiG_1"	7787	"SVIL"	55	"HiG"
"HiG_1"	0	"MERTK"	833	"HiG"
"HiG_1"	0	"REV1"	833	"HiG"
"HiG_1"	0	"PHACTR4"	833	"HiG"
"HiG_1"	21	"DECR2"	459	"HiG"
"HiG_1"	780	"TLN1"	329	"HiG"
"HiG_1"	1142	"TCF7L2"	231	"HiG"
"HiG_1"	0	"TLE4"	833	"HiG"
"HiG_1"	0	"LPIN2"	833	"HiG"
"HiG_1"	1053	"PLXNA2"	290.5	"HiG"
"HiG_1"	312	"HOXB4"	365	"HiG"
"HiG_1"	0	"RCAN1"	833	"HiG"
"HiG_1"	0	"GOLGA8A"	833	"HiG"
"HiG_1"	0	"MAP9"	833	"HiG"
"HiG_1"	0	"EAPP"	833	"HiG"
"HiG_1"	0	"CAMSAP2"	833	"HiG"
"HiG_1"	0	"ARID5B"	833	"HiG"
"HiG_1"	1070	"BASP1"	253.5	"HiG"
"HiG_1"	0	"CGGBP1"	833	"HiG"
"HiG_1"	2786	"ANO6"	127	"HiG"
"HiG_1"	48	"COL11A1"	428	"HiG"
"HiG_1"	8	"RBM5"	495.5	"HiG"
"HiG_1"	0	"HP1BP3"	833	"HiG"
"HiG_1"	0	"CHD2"	833	"HiG"
"HiG_1"	0	"LMCD1"	833	"HiG"
"HiG_1"	1016	"PHLDB2"	305	"HiG"
"HiG_1"	1225	"LIMCH1"	218	"HiG"
"HiG_1"	58	"ID4"	420.5	"HiG"
"HiG_1"	1083	"TFG"	248	"HiG"
"HiG_1"	11	"UBE2J1"	485	"HiG"
"HiG_1"	1	"XPA"	566.5	"HiG"
"HiG_1"	0	"UBE2Q2"	833	"HiG"
"HiG_1"	0	"GRIPAP1"	833	"HiG"
"HiG_1"	0	"SLC39A6"	833	"HiG"
"HiG_1"	172	"PALLD"	388	"HiG"
"HiG_1"	555	"SNCAIP"	339	"HiG"
"HiG_1"	0	"AFAP1L2"	833	"HiG"
"HiG_1"	0	"ANKMY2"	833	"HiG"
"HiG_1"	21524	"TAGLN"	28	"HiG"
"HiG_1"	0	"PDLIM2"	833	"HiG"
"HiG_1"	54	"SERPINA1"	423.5	"HiG"
"HiG_1"	1066	"LGR4"	266.5	"HiG"
"HiG_1"	0	"FBXO17"	833	"HiG"
"HiG_1"	0	"CCDC80"	833	"HiG"
"HiG_1"	29	"CNTN4"	443	"HiG"
"HiG_1"	0	"ANAPC13"	833	"HiG"
"HiG_1"	0	"FZD2"	833	"HiG"
"HiG_1"	3099	"MFAP4"	117	"HiG"
"HiG_1"	1484	"ARHGAP6"	202	"HiG"
"HiG_1"	0	"SPECC1"	833	"HiG"
"HiG_1"	2130	"FYTTD1"	158.5	"HiG"
"HiG_1"	23823	"COL1A2"	24	"HiG"
"HiG_1"	939	"ECE1"	313.5	"HiG"
"HiG_1"	881	"HOOK3"	320	"HiG"
"HiG_1"	0	"TIMP1"	833	"HiG"
"HiG_1"	0	"TCF25"	833	"HiG"
"HiG_1"	0	"NEK1"	833	"HiG"
"HiG_1"	0	"EDN1"	833	"HiG"
"HiG_1"	0	"PPIC"	833	"HiG"
"HiG_1"	23	"RERE"	451	"HiG"
"HiG_1"	3	"RTL8C"	534	"HiG"
"HiG_1"	102	"ARL4C"	404	"HiG"
"HiG_1"	955	"EGFL7"	310	"HiG"
"HiG_1"	0	"CELF2"	833	"HiG"
"HiG_1"	0	"NSMCE2"	833	"HiG"
"HiG_1"	0	"PGM3"	833	"HiG"
"HiG_1"	2	"RAB14"	549.5	"HiG"
"HiG_1"	0	"PSTPIP2"	833	"HiG"
"HiG_1"	0	"AAK1"	833	"HiG"
"HiG_1"	0	"TXNL4B"	833	"HiG"
"HiG_1"	0	"AIG1"	833	"HiG"
"HiG_1"	0	"BDH2"	833	"HiG"
"HiG_1"	5365	"PLK2"	75	"HiG"
"HiG_1"	0	"AAMDC"	833	"HiG"
"HiG_1"	0	"ALKBH7"	833	"HiG"
"HiG_1"	0	"ACTR10"	833	"HiG"
"HiG_1"	14	"WASHC3"	476.5	"HiG"
"HiG_1"	0	"USP34"	833	"HiG"
"HiG_1"	4482	"MGST3"	90	"HiG"
"HiG_1"	0	"RAB31"	833	"HiG"
"HiG_1"	0	"NDUFAF3"	833	"HiG"
"HiG_1"	902	"RBMS1"	317	"HiG"
"HiG_1"	0	"SHTN1"	833	"HiG"
"HiG_1"	103	"IFT81"	403	"HiG"
"HiG_1"	2409	"PLS3"	143	"HiG"
"HiG_1"	0	"WASF1"	833	"HiG"
"HiG_1"	0	"GNG12"	833	"HiG"
"HiG_1"	1066	"IKBIP"	266.5	"HiG"
"HiG_1"	0	"RUFY1"	833	"HiG"
"HiG_1"	0	"CFL2"	833	"HiG"
"HiG_1"	23	"GOLIM4"	451	"HiG"
"HiG_1"	0	"ZNF148"	833	"HiG"
"HiG_1"	0	"SH3BGRL"	833	"HiG"
"HiG_1"	984	"IFT22"	308	"HiG"
"HiG_1"	0	"TLN2"	833	"HiG"
"HiG_1"	0	"TMSB10"	833	"HiG"
"HiG_1"	0	"CRYZL1"	833	"HiG"
"HiG_1"	0	"DENND5B"	833	"HiG"
"HiG_1"	0	"SH3BGRL3"	833	"HiG"
"HiG_1"	0	"TIPRL"	833	"HiG"
"HiG_1"	0	"BLVRB"	833	"HiG"
"HiG_1"	52	"SERINC1"	425	"HiG"
"HiG_1"	0	"VPS41"	833	"HiG"
"HiG_1"	2130	"SPAG9"	158.5	"HiG"
"HiG_1"	0	"GOLGA7"	833	"HiG"
"HiG_1"	0	"TUBGCP2"	833	"HiG"
"HiG_1"	0	"THG1L"	833	"HiG"
"HiG_1"	34505	"SLIT2"	18	"HiG"
"HiG_1"	1	"PHF20L1"	566.5	"HiG"
"HiG_1"	0	"CCDC167"	833	"HiG"
"HiG_1"	0	"APOC3"	833	"HiG"
"HiG_1"	0	"DGKI"	833	"HiG"
"HiG_1"	0	"LONP2"	833	"HiG"
"HiG_1"	1756	"RPGRIP1L"	186	"HiG"
"HiG_1"	91	"ADD3"	408	"HiG"
"HiG_1"	0	"KRCC1"	833	"HiG"
"HiG_1"	0	"MSI2"	833	"HiG"
"HiG_1"	1	"CLTB"	566.5	"HiG"
"HiG_1"	0	"HBE1"	833	"HiG"
"HiG_1"	7	"HSDL2"	500.5	"HiG"
"HiG_1"	0	"TRIP11"	833	"HiG"
"HiG_1"	145	"SGMS1"	390	"HiG"
"HiG_1"	0	"FGD6"	833	"HiG"
"HiG_1"	22	"NID2"	455.5	"HiG"
"HiG_1"	0	"RNPC3"	833	"HiG"
"HiG_1"	0	"FAM184A"	833	"HiG"
"HiG_1"	4511	"RPL34"	88	"HiG"
"HiG_1"	0	"GLIPR2"	833	"HiG"
"HiG_1"	1064	"LSAMP"	279.5	"HiG"
"HiG_1"	17	"CHD9"	466.5	"HiG"
"HiG_1"	440	"NEXN"	346	"HiG"
"HiG_1"	3122	"FOXC1"	115	"HiG"
"HiG_1"	2581	"SOX6"	135	"HiG"
"HiG_1"	0	"PTGIS"	833	"HiG"
"HiG_1"	0	"PLAC9"	833	"HiG"
"HiG_1"	0	"PLA2G12A"	833	"HiG"
"HiG_1"	7	"CXCL14"	500.5	"HiG"
"HiG_1"	0	"CCBE1"	833	"HiG"
"HiG_1"	0	"ARFGAP3"	833	"HiG"
"HiG_1"	0	"SIPA1L2"	833	"HiG"
"HiG_1"	2	"ATP5F1E"	549.5	"HiG"
"HiG_1"	1	"ENTPD4"	566.5	"HiG"
"HiG_1"	5295	"EPHA7"	77	"HiG"
"HiG_1"	0	"CWC25"	833	"HiG"
"HiG_1"	1111	"COL6A2"	235	"HiG"
"HiG_1"	1	"IDH2"	566.5	"HiG"
"HiG_1"	1	"ALDH6A1"	566.5	"HiG"
"HiG_1"	786	"SDC4"	327	"HiG"
"HiG_1"	1065	"LBH"	276	"HiG"
"HiG_1"	0	"NME6"	833	"HiG"
"HiG_1"	0	"RCOR3"	833	"HiG"
"HiG_1"	6369	"TIPARP"	66	"HiG"
"HiG_1"	0	"XRN1"	833	"HiG"
"HiG_1"	149	"KIDINS220"	389	"HiG"
"HiG_1"	1152	"SEC62"	229	"HiG"
"HiG_1"	0	"NSG1"	833	"HiG"
"HiG_1"	0	"RSRP1"	833	"HiG"
"HiG_1"	344	"MAB21L2"	358	"HiG"
"HiG_1"	0	"SPATS2"	833	"HiG"
"HiG_1"	7498	"VIRMA"	57	"HiG"
"HiG_1"	0	"CEP89"	833	"HiG"
"HiG_1"	2	"CSPP1"	549.5	"HiG"
"HiG_1"	0	"PIBF1"	833	"HiG"
"HiG_1"	1066	"INPP5F"	266.5	"HiG"
"HiG_1"	0	"NAV1"	833	"HiG"
"HiG_1"	0	"R3HDM2"	833	"HiG"
"HiG_1"	318	"KLF3"	362	"HiG"
"HiG_1"	0	"RSPO2"	833	"HiG"
"HiG_1"	0	"FAM114A1"	833	"HiG"
"HiG_1"	0	"LZTFL1"	833	"HiG"
"HiG_1"	0	"PRPF39"	833	"HiG"
"HiG_1"	0	"SCRN1"	833	"HiG"
"HiG_1"	2127	"SLK"	160.5	"HiG"
"HiG_1"	0	"TNFAIP8"	833	"HiG"
"HiG_1"	0	"UBE2R2"	833	"HiG"
"HiG_1"	22	"USP47"	455.5	"HiG"
"HiG_1"	1213	"UFL1"	220.5	"HiG"
"HiG_1"	0	"CLCN6"	833	"HiG"
"HiG_1"	0	"SNAI2"	833	"HiG"
"HiG_1"	0	"SENP7"	833	"HiG"
"HiG_1"	0	"CEP112"	833	"HiG"
"HiG_1"	0	"ACBD5"	833	"HiG"
"HiG_1"	1706	"TLE5"	191	"HiG"
"HiG_1"	1109	"HOXB5"	237	"HiG"
"HiG_1"	3082	"RHOC"	119	"HiG"
"HiG_1"	0	"CCKBR"	833	"HiG"
"HiG_1"	0	"FAM13C"	833	"HiG"
"HiG_1"	235	"EPM2AIP1"	376	"HiG"
"HiG_1"	0	"GYPB"	833	"HiG"
"HiG_1"	0	"CAPN7"	833	"HiG"
"HiG_1"	680	"ITM2A"	334	"HiG"
"HiG_1"	1106	"LEPROTL1"	241	"HiG"
"HiG_1"	0	"PLCB4"	833	"HiG"
"HiG_1"	0	"PMP22"	833	"HiG"
"HiG_1"	0	"FAM118A"	833	"HiG"
"HiG_1"	1066	"NKAPD1"	266.5	"HiG"
"HiG_1"	0	"GPATCH11"	833	"HiG"
"HiG_1"	1076	"MSRB3"	251	"HiG"
"HiG_1"	2504	"FNDC3B"	138	"HiG"
"HiG_1"	0	"PCMTD2"	833	"HiG"
"HiG_1"	226	"PRICKLE1"	378.5	"HiG"
"HiG_1"	112	"MYL7"	400	"HiG"
"HiG_1"	59	"RHOBTB3"	419	"HiG"
"HiG_1"	0	"SYTL5"	833	"HiG"
"HiG_1"	1133	"TRIM44"	232	"HiG"
"HiG_1"	470	"ZEB2"	345	"HiG"
"HiG_1"	0	"MBNL2"	833	"HiG"
"HiG_1"	14658	"IFT57"	32	"HiG"
"HiG_1"	948	"UBE4A"	311	"HiG"
"HiG_1"	0	"TSHZ2"	833	"HiG"
"HiG_1"	26	"ARL13B"	446	"HiG"
"HiG_1"	0	"POPDC2"	833	"HiG"
"HiG_1"	0	"BORCS7"	833	"HiG"
"HiG_1"	0	"RFTN1"	833	"HiG"
"HiG_1"	7	"FNDC3A"	500.5	"HiG"
"HiG_1"	2112	"TSPAN3"	164	"HiG"
"HiG_1"	1466	"GPC3"	203	"HiG"
"HiG_1"	0	"P3H2"	833	"HiG"
"HiG_1"	2279	"CER1"	148	"HiG"
"HiG_1"	0	"NXPH2"	833	"HiG"
"HiG_1"	883	"TSPAN5"	319	"HiG"
"HiG_1"	6	"SLC7A2"	507	"HiG"
"HiG_1"	21	"PRAF2"	459	"HiG"
"HiG_1"	0	"CALB2"	833	"HiG"
"HiG_1"	0	"ZKSCAN1"	833	"HiG"
"HiG_1"	0	"HEATR6"	833	"HiG"
"HiG_1"	33	"NRG1"	440	"HiG"
"HiG_1"	2	"HSD17B11"	549.5	"HiG"
"HiG_1"	1020	"TMEM59"	304	"HiG"
"HiG_1"	0	"CLCN5"	833	"HiG"
"HiG_1"	0	"PPP1R1A"	833	"HiG"
"HiG_1"	0	"MYADM"	833	"HiG"
"HiG_1"	67	"GPRC5C"	414.5	"HiG"
"HiG_1"	0	"SPA17"	833	"HiG"
"HiG_1"	1126	"PCYOX1"	233	"HiG"
"HiG_1"	16	"LDB3"	469.5	"HiG"
"HiG_1"	0	"IGSF3"	833	"HiG"
"HiG_1"	0	"SESN3"	833	"HiG"
"HiG_1"	1773	"TMEM30A"	185	"HiG"
"HiG_1"	0	"GPC6"	833	"HiG"
"HiG_1"	0	"SPTY2D1"	833	"HiG"
"HiG_1"	0	"GINM1"	833	"HiG"
"HiG_1"	0	"CERS6"	833	"HiG"
"HiG_1"	0	"ARHGAP42"	833	"HiG"
"HiG_1"	0	"SCCPDH"	833	"HiG"
"HiG_1"	0	"GDF11"	833	"HiG"
"HiG_1"	1292	"SERPINF1"	209	"HiG"
"HiG_1"	0	"MICU1"	833	"HiG"
"HiG_1"	0	"FAM217B"	833	"HiG"
"HiG_1"	0	"FIGN"	833	"HiG"
"HiG_1"	0	"SYT10"	833	"HiG"
"HiG_1"	3	"SAMD11"	534	"HiG"
"HiG_1"	0	"IFT74"	833	"HiG"
"HiG_1"	2100	"SERPINB6"	167	"HiG"
"HiG_1"	0	"LRRC49"	833	"HiG"
"HiG_1"	0	"DIPK2A"	833	"HiG"
"HiG_1"	0	"CHST9"	833	"HiG"
"HiG_1"	0	"WLS"	833	"HiG"
"HiG_1"	2125	"PXDN"	162	"HiG"
"HiG_1"	0	"MAN1A2"	833	"HiG"
"HiG_1"	3487	"THBS1"	102	"HiG"
"HiG_1"	0	"LYRM2"	833	"HiG"
"HiG_1"	0	"SYNRG"	833	"HiG"
"HiG_1"	0	"GPATCH2"	833	"HiG"
"HiG_1"	0	"GTPBP8"	833	"HiG"
"HiG_1"	0	"ARHGAP28"	833	"HiG"
"HiG_1"	0	"LRRN3"	833	"HiG"
"HiG_1"	0	"FARP1"	833	"HiG"
"HiG_1"	1569	"MEX3A"	199	"HiG"
"HiG_1"	0	"RFK"	833	"HiG"
"HiG_1"	2	"COL4A6"	549.5	"HiG"
"HiG_1"	2	"VPS13A"	549.5	"HiG"
"HiG_1"	0	"RSPO3"	833	"HiG"
"HiG_1"	0	"LEFTY2"	833	"HiG"
"HiG_1"	0	"SDCCAG8"	833	"HiG"
"HiG_1"	0	"EPSTI1"	833	"HiG"
"HiG_1"	0	"COL5A2"	833	"HiG"
"HiG_1"	54	"SERPING1"	423.5	"HiG"
"HiG_1"	0	"LYPLAL1"	833	"HiG"
"HiG_1"	0	"MMP15"	833	"HiG"
"HiG_1"	0	"SECISBP2L"	833	"HiG"
"HiG_1"	0	"FRMD4B"	833	"HiG"
"HiG_1"	3	"SUCO"	534	"HiG"
"HiG_1"	0	"TMF1"	833	"HiG"
"HiG_1"	1066	"ZMYM4"	266.5	"HiG"
"HiG_1"	0	"FAM13A"	833	"HiG"
"HiG_1"	0	"DMAC2L"	833	"HiG"
"HiG_1"	0	"PNPLA8"	833	"HiG"
"HiG_1"	0	"TRMT13"	833	"HiG"
"HiG_1"	0	"TRPM7"	833	"HiG"
"HiG_1"	0	"TSPYL2"	833	"HiG"
"HiG_1"	0	"CCDC82"	833	"HiG"
"HiG_1"	0	"SPINK1"	833	"HiG"
"HiG_1"	0	"IAH1"	833	"HiG"
"HiG_1"	3311	"RHOU"	107.5	"HiG"
"HiG_1"	2897	"PDLIM3"	124	"HiG"
"HiG_1"	0	"SHOC2"	833	"HiG"
"HiG_1"	0	"PLPP3"	833	"HiG"
"HiG_1"	174	"ZEB1"	387	"HiG"
"HiG_1"	0	"FAM107B"	833	"HiG"
"HiG_1"	0	"ST3GAL1"	833	"HiG"
"HiG_1"	0	"PPM1K"	833	"HiG"
"HiG_1"	315	"MLLT11"	363.5	"HiG"
"HiG_1"	0	"WNT5A"	833	"HiG"
"HiG_1"	1197	"LEFTY1"	225	"HiG"
"HiG_1"	0	"DKK4"	833	"HiG"
"HiG_1"	0	"MICAL2"	833	"HiG"
"HiG_1"	0	"SPATS2L"	833	"HiG"
"HiG_1"	0	"FLRT3"	833	"HiG"
"HiG_1"	0	"VEZT"	833	"HiG"
"HiG_1"	0	"CYP20A1"	833	"HiG"
"HiG_1"	0	"INTU"	833	"HiG"
"HiG_1"	0	"TUSC3"	833	"HiG"
"HiG_1"	0	"PCMTD1"	833	"HiG"
"HiG_1"	23	"SOST"	451	"HiG"
"HiG_1"	0	"ZNF462"	833	"HiG"
"HiG_1"	0	"MGST2"	833	"HiG"
"HiG_1"	9	"TSPAN2"	491	"HiG"
"HiG_1"	0	"CLMP"	833	"HiG"
"HiG_1"	1066	"SMPX"	266.5	"HiG"
"HiG_1"	12	"LRRTM1"	481.5	"HiG"
"HiG_1"	0	"TMX4"	833	"HiG"
"HiG_1"	0	"PCDH19"	833	"HiG"
"HiG_1"	0	"PHACTR2"	833	"HiG"
"HiG_1"	5	"GXYLT1"	514	"HiG"
"HiG_1"	0	"RXYLT1"	833	"HiG"
"HiG_1"	0	"TMEM179B"	833	"HiG"
"HiG_1"	0	"ARMH4"	833	"HiG"
"HiG_1"	1375	"RAP2C"	206	"HiG"
"HiG_1"	0	"SEMA6D"	833	"HiG"
"HiG_1"	1	"TIMP3"	566.5	"HiG"
"HiG_1"	0	"FAM89A"	833	"HiG"
"HiG_1"	239	"BMP5"	375	"HiG"
"HiG_1"	0	"MYLK3"	833	"HiG"
"HiG_1"	0	"TP53I11"	833	"HiG"
"HiG_1"	0	"ART5"	833	"HiG"
"HiG_1"	12	"GPX8"	481.5	"HiG"
"HiG_1"	0	"SLITRK5"	833	"HiG"
"HiG_1"	0	"FYB2"	833	"HiG"
"HiG_1"	0	"POSTN"	833	"HiG"
"HiG_1"	1353	"PCSK1"	207	"HiG"
"HiG_1"	0	"DZIP1"	833	"HiG"
"HiG_1"	0	"LY6E"	833	"HiG"
"HiG_1"	0	"TGIF2"	833	"HiG"
"HiG_1"	0	"TM4SF1"	833	"HiG"
"HiG_1"	0	"TMEM141"	833	"HiG"
"HiG_1"	0	"CYP26A1"	833	"HiG"
"HiG_1"	0	"TULP4"	833	"HiG"
"HiG_1"	0	"TMEM263"	833	"HiG"
"HiG_1"	0	"IRX3"	833	"HiG"
"HiG_1"	0	"SCAPER"	833	"HiG"
"HiG_1"	127	"MXRA8"	394	"HiG"
"HiG_1"	0	"ADAMTS9"	833	"HiG"
"HiG_1"	0	"IGDCC3"	833	"HiG"
"HiG_1"	0	"UNC45B"	833	"HiG"
"HiG_1"	1061	"TFPI2"	284	"HiG"
"HiG_1"	0	"MYRF"	833	"HiG"
"HiG_1"	366	"FILIP1L"	355	"HiG"
"HiG_1"	0	"ALPK2"	833	"HiG"
"HiG_1"	3070	"TGFBR3"	120.5	"HiG"
"HiG_1"	0	"TUG1"	833	"HiG"
"HiG_1"	4633	"TNC"	84	"HiG"
"HiG_1"	0	"PCNX4"	833	"HiG"
"HiG_1"	1746	"LMOD1"	187	"HiG"
"HiG_1"	0	"ZC3H7A"	833	"HiG"
"HiG_1"	0	"FAM32A"	833	"HiG"
"HiG_1"	0	"SPOCK3"	833	"HiG"
"HiG_1"	37	"HPGD"	436.5	"HiG"
"HiG_1"	0	"COL13A1"	833	"HiG"
"HiG_1"	45	"INHBA"	430	"HiG"
"HiG_1"	0	"TMEM106B"	833	"HiG"
"HiG_1"	0	"SMDT1"	833	"HiG"
"HiG_1"	0	"HOXB2"	833	"HiG"
"HiG_1"	6087	"TBX5"	71	"HiG"
"HiG_1"	0	"ZNF124"	833	"HiG"
"HiG_1"	1063	"TMEM88"	282	"HiG"
"HiG_1"	0	"LEPROT"	833	"HiG"
"HiG_1"	1675	"MYOM1"	194	"HiG"
"HiG_1"	0	"YIPF4"	833	"HiG"
"HiG_1"	0	"SHISA3"	833	"HiG"
"HiG_1"	0	"GREM1"	833	"HiG"
"HiG_1"	1092	"PRRX1"	244.5	"HiG"
"HiG_1"	0	"YPEL5"	833	"HiG"
"HiG_1"	0	"ZMYM5"	833	"HiG"
"HiG_1"	0	"SPAG16"	833	"HiG"
"HiG_1"	0	"LIX1"	833	"HiG"
"HiG_1"	0	"SELENOM"	833	"HiG"
"HiG_1"	0	"NREP"	833	"HiG"
"HiG_1"	216	"HOXB3"	382	"HiG"
"HiG_1"	0	"SYNPO2L"	833	"HiG"
"HiG_1"	0	"FSIP2"	833	"HiG"
"HiG_1"	0	"FLRT2"	833	"HiG"
"HiG_1"	15	"TUT4"	472.5	"HiG"
"HiG_1"	0	"CCDC160"	833	"HiG"
"HiG_1"	0	"CLSTN2"	833	"HiG"
"HiG_1"	382	"SLC40A1"	353	"HiG"
"HiG_1"	0	"SPATA7"	833	"HiG"
"HiG_1"	0	"SMOC2"	833	"HiG"
"HiG_1"	0	"NPNT"	833	"HiG"
"HiG_1"	0	"USP27X"	833	"HiG"
"HiG_1"	1	"ZNF608"	566.5	"HiG"
"HiG_1"	0	"GABRP"	833	"HiG"
"HiG_1"	0	"UGGT2"	833	"HiG"
"HiG_1"	0	"SULF1"	833	"HiG"
"HiG_1"	0	"SEMA3A"	833	"HiG"
"HiG_1"	0	"TCEAL7"	833	"HiG"
"HiG_1"	0	"TM2D1"	833	"HiG"
"HiG_1"	0	"ZC3H6"	833	"HiG"
"HiG_1"	0	"LHFPL6"	833	"HiG"
"HiG_1"	2	"BMPER"	549.5	"HiG"
"HiG_1"	0	"SPX"	833	"HiG"
"HiG_1"	2	"RGS5"	549.5	"HiG"
"HiG_1"	0	"OGFRL1"	833	"HiG"
"HiG_1"	1900	"ZFHX3"	180	"HiG"
"HiG_1"	0	"MGP"	833	"HiG"
"HiG_1"	0	"SAMD3"	833	"HiG"
"HiG_1"	0	"PPDPF"	833	"HiG"
"HiG_1"	2723	"TBXT"	130	"HiG"
"HiG_1"	2	"TCEA3"	549.5	"HiG"
"HiG_1"	0	"VPS13C"	833	"HiG"
"HiG_1"	1034	"RGS4"	299.5	"HiG"
"HiG_1"	0	"TCEAL3"	833	"HiG"
"HiG_1"	0	"ZC2HC1A"	833	"HiG"
"HiG_1"	0	"NUDT4"	833	"HiG"
"HiG_1"	0	"ZNHIT1"	833	"HiG"
"HiG_1"	0	"YIPF5"	833	"HiG"
"HiG_1"	0	"TTC14"	833	"HiG"
"HiG_1"	0	"ZNHIT6"	833	"HiG"
"HiG_1"	0	"GOLGA8B"	833	"HiG"
"HiG_1"	0	"SLC8A1"	833	"HiG"
"HiG_1"	6	"PCOLCE"	507	"HiG"
"HiG_1"	117	"TGFBI"	396.5	"HiG"
"HiG_1"	0	"PENK"	833	"HiG"
"HiG_1"	939	"SLIT3"	313.5	"HiG"
"HiG_1"	0	"IFI27L2"	833	"HiG"
"HiG_1"	0	"PRSS35"	833	"HiG"
"HiG_1"	82	"RCSD1"	410	"HiG"
"HiG_1"	0	"TRH"	833	"HiG"
"HiG_1"	0	"SEMA3E"	833	"HiG"
"HiG_1"	120	"ZFHX4"	395	"HiG"
"HiG_1"	1067	"WNT8A"	257	"HiG"
"HiG_1"	21	"ZMIZ1"	459	"HiG"
"HiG_1"	25	"ZFP36L1"	448	"HiG"
"HiG_1"	0	"ZMYND11"	833	"HiG"
"HiG_1"	0	"WSB1"	833	"HiG"
"HiG_1"	0	"ZNF428"	833	"HiG"
"HiG_1"	0	"ZNF711"	833	"HiG"
"HiG_1"	0	"WDR73"	833	"HiG"
"HiG_1"	0	"ZNF827"	833	"HiG"
"HiG_1"	0	"ZNF503"	833	"HiG"
"HiG_1"	140	"ZNF704"	391	"HiG"
"HiG_1"	0	"ZNF791"	833	"HiG"
"HiG_1"	0	"TECRL"	833	"HiG"
"HiG_1"	0	"STC1"	833	"HiG"
"HiG_1"	0	"PIGBOS1"	833	"HiG"
"HiG_2"	7	"RBBP8"	117.5	"HiG"
"HiG_2"	2424	"C1QBP"	4	"HiG"
"HiG_2"	236	"XRCC5"	57	"HiG"
"HiG_2"	25	"ANP32A"	101.5	"HiG"
"HiG_2"	0	"CEBPZ"	173	"HiG"
"HiG_2"	23	"CENPF"	104	"HiG"
"HiG_2"	535	"RAN"	29	"HiG"
"HiG_2"	60	"NME1"	87	"HiG"
"HiG_2"	0	"DUT"	173	"HiG"
"HiG_2"	106	"EIF3K"	79	"HiG"
"HiG_2"	0	"DPPA4"	173	"HiG"
"HiG_2"	14	"DLGAP5"	111	"HiG"
"HiG_2"	988	"CCT3"	18	"HiG"
"HiG_2"	0	"CCND2"	173	"HiG"
"HiG_2"	0	"BNIP3"	173	"HiG"
"HiG_2"	0	"CKB"	173	"HiG"
"HiG_2"	271	"CKS2"	49	"HiG"
"HiG_2"	27	"SPART"	100	"HiG"
"HiG_2"	2419	"HSP90AB1"	5	"HiG"
"HiG_2"	44	"RUVBL1"	96	"HiG"
"HiG_2"	20	"EIF4EBP1"	108	"HiG"
"HiG_2"	0	"LYAR"	173	"HiG"
"HiG_2"	1348	"COX4I1"	14	"HiG"
"HiG_2"	0	"CYCS"	173	"HiG"
"HiG_2"	0	"TIMM13"	173	"HiG"
"HiG_2"	326	"CFL1"	43	"HiG"
"HiG_2"	3	"GTPBP4"	122	"HiG"
"HiG_2"	387	"COX5A"	38	"HiG"
"HiG_2"	0	"PAICS"	173	"HiG"
"HiG_2"	0	"MTHFD2"	173	"HiG"
"HiG_2"	57	"AURKA"	89	"HiG"
"HiG_2"	354	"MT-CO2"	42	"HiG"
"HiG_2"	57	"SNRPF"	89	"HiG"
"HiG_2"	216	"PFDN2"	59.5	"HiG"
"HiG_2"	0	"ATP5MG"	173	"HiG"
"HiG_2"	1590	"GAPDH"	11	"HiG"
"HiG_2"	0	"MSH2"	173	"HiG"
"HiG_2"	119	"COX6C"	77	"HiG"
"HiG_2"	325	"NOLC1"	44	"HiG"
"HiG_2"	0	"CBR1"	173	"HiG"
"HiG_2"	87	"PSMA7"	80	"HiG"
"HiG_2"	455	"RPL38"	34	"HiG"
"HiG_2"	1	"EBNA1BP2"	130.5	"HiG"
"HiG_2"	126	"COX5B"	75.5	"HiG"
"HiG_2"	57	"PA2G4"	89	"HiG"
"HiG_2"	372	"COX6B1"	40	"HiG"
"HiG_2"	2902	"NCL"	2	"HiG"
"HiG_2"	251	"HSPA4"	52.5	"HiG"
"HiG_2"	1865	"DDX21"	9	"HiG"
"HiG_2"	419	"CCND1"	36	"HiG"
"HiG_2"	786	"HNRNPU"	22	"HiG"
"HiG_2"	659	"ENO1"	26	"HiG"
"HiG_2"	0	"GADD45GIP1"	173	"HiG"
"HiG_2"	179	"CALM1"	68	"HiG"
"HiG_2"	608	"MAP1B"	28	"HiG"
"HiG_2"	1354	"HSP90AA1"	13	"HiG"
"HiG_2"	251	"PCNA"	52.5	"HiG"
"HiG_2"	2044	"PARP1"	7	"HiG"
"HiG_2"	0	"HSPH1"	173	"HiG"
"HiG_2"	152	"SOD1"	72	"HiG"
"HiG_2"	654	"POU5F1"	27	"HiG"
"HiG_2"	62	"CKS1B"	86	"HiG"
"HiG_2"	4	"GJA1"	120	"HiG"
"HiG_2"	0	"GTF3A"	173	"HiG"
"HiG_2"	0	"MCM4"	173	"HiG"
"HiG_2"	21	"HMGA1"	107	"HiG"
"HiG_2"	1006	"HSPA9"	17	"HiG"
"HiG_2"	69	"SNRPD1"	85	"HiG"
"HiG_2"	304	"SNRPE"	46	"HiG"
"HiG_2"	516	"GSTP1"	32	"HiG"
"HiG_2"	150	"FOXH1"	74	"HiG"
"HiG_2"	0	"FRA10AC1"	173	"HiG"
"HiG_2"	1	"ENY2"	130.5	"HiG"
"HiG_2"	0	"EIF2S2"	173	"HiG"
"HiG_2"	527	"DKC1"	30	"HiG"
"HiG_2"	0	"PMAIP1"	173	"HiG"
"HiG_2"	0	"JPT1"	173	"HiG"
"HiG_2"	7	"PEBP1"	117.5	"HiG"
"HiG_2"	0	"GSTO1"	173	"HiG"
"HiG_2"	2	"SERBP1"	125.5	"HiG"
"HiG_2"	665	"RPS21"	24	"HiG"
"HiG_2"	660	"SNRPG"	25	"HiG"
"HiG_2"	2434	"HSPD1"	3	"HiG"
"HiG_2"	0	"CD9"	173	"HiG"
"HiG_2"	0	"SFRP2"	173	"HiG"
"HiG_2"	253	"SLC3A2"	51	"HiG"
"HiG_2"	159	"NEFL"	69	"HiG"
"HiG_2"	273	"PDIA3"	48	"HiG"
"HiG_2"	0	"RANBP1"	173	"HiG"
"HiG_2"	74	"SSBP1"	83.5	"HiG"
"HiG_2"	0	"FST"	173	"HiG"
"HiG_2"	247	"TXN"	55	"HiG"
"HiG_2"	107	"YWHAB"	78	"HiG"
"HiG_2"	4	"CNTNAP2"	120	"HiG"
"HiG_2"	0	"PTPRZ1"	173	"HiG"
"HiG_2"	151	"CCT6A"	73	"HiG"
"HiG_2"	0	"VAMP8"	173	"HiG"
"HiG_2"	1654	"PRDX1"	10	"HiG"
"HiG_2"	357	"GNL3"	41	"HiG"
"HiG_2"	267	"TUBA1B"	50	"HiG"
"HiG_2"	2	"ALDH3A2"	125.5	"HiG"
"HiG_2"	0	"CLTA"	173	"HiG"
"HiG_2"	2	"PFDN4"	125.5	"HiG"
"HiG_2"	0	"PPM1G"	173	"HiG"
"HiG_2"	80	"RPL26"	82	"HiG"
"HiG_2"	0	"TAF1D"	173	"HiG"
"HiG_2"	49	"UCHL1"	92	"HiG"
"HiG_2"	0	"MRPS21"	173	"HiG"
"HiG_2"	11	"NOP10"	114.5	"HiG"
"HiG_2"	1	"NOC3L"	130.5	"HiG"
"HiG_2"	22	"CENPU"	106	"HiG"
"HiG_2"	2	"RPF2"	125.5	"HiG"
"HiG_2"	0	"CMSS1"	173	"HiG"
"HiG_2"	378	"SLIRP"	39	"HiG"
"HiG_2"	500	"PSMA4"	33	"HiG"
"HiG_2"	8	"ANP32B"	116	"HiG"
"HiG_2"	35	"NOP58"	97	"HiG"
"HiG_2"	47	"EIF5B"	94	"HiG"
"HiG_2"	318	"SHMT2"	45	"HiG"
"HiG_2"	74	"MT-ATP8"	83.5	"HiG"
"HiG_2"	0	"MIS18BP1"	173	"HiG"
"HiG_2"	0	"GMNN"	173	"HiG"
"HiG_2"	0	"RBP1"	173	"HiG"
"HiG_2"	1107	"RPS7"	16	"HiG"
"HiG_2"	0	"OAZ1"	173	"HiG"
"HiG_2"	0	"SUPT16H"	173	"HiG"
"HiG_2"	222	"SSB"	58	"HiG"
"HiG_2"	0	"GRPEL1"	173	"HiG"
"HiG_2"	2327	"RPS16"	6	"HiG"
"HiG_2"	3950	"RPS6"	1	"HiG"
"HiG_2"	0	"PSAT1"	173	"HiG"
"HiG_2"	732	"NOP56"	23	"HiG"
"HiG_2"	209	"RPLP2"	62	"HiG"
"HiG_2"	85	"DNAJC2"	81	"HiG"
"HiG_2"	205	"ATP5PD"	63.5	"HiG"
"HiG_2"	0	"TUBB2A"	173	"HiG"
"HiG_2"	0	"TUBA1C"	173	"HiG"
"HiG_2"	0	"ACSL4"	173	"HiG"
"HiG_2"	25	"COX6A1"	101.5	"HiG"
"HiG_2"	0	"DBI"	173	"HiG"
"HiG_2"	0	"CRABP1"	173	"HiG"
"HiG_2"	0	"NPM3"	173	"HiG"
"HiG_2"	13	"UBE2C"	112	"HiG"
"HiG_2"	0	"PAK1IP1"	173	"HiG"
"HiG_2"	17	"HINT1"	109	"HiG"
"HiG_2"	0	"DMKN"	173	"HiG"
"HiG_2"	12	"RSL1D1"	113	"HiG"
"HiG_2"	2	"PUM3"	125.5	"HiG"
"HiG_2"	282	"NIFK"	47	"HiG"
"HiG_2"	921	"RPS15"	19	"HiG"
"HiG_2"	249	"RPL19"	54	"HiG"
"HiG_2"	0	"ESF1"	173	"HiG"
"HiG_2"	1	"MAK16"	130.5	"HiG"
"HiG_2"	205	"POMP"	63.5	"HiG"
"HiG_2"	517	"COX7A2"	31	"HiG"
"HiG_2"	0	"NDUFB4"	173	"HiG"
"HiG_2"	2	"MYL12A"	125.5	"HiG"
"HiG_2"	157	"MIF"	71	"HiG"
"HiG_2"	4	"TBCA"	120	"HiG"
"HiG_2"	0	"HMGB3"	173	"HiG"
"HiG_2"	11	"SLC25A5"	114.5	"HiG"
"HiG_2"	0	"CCNB1IP1"	173	"HiG"
"HiG_2"	1493	"NDUFA4"	12	"HiG"
"HiG_2"	0	"CISD1"	173	"HiG"
"HiG_2"	0	"RPL12"	173	"HiG"
"HiG_2"	47	"RPL27"	94	"HiG"
"HiG_2"	0	"RPL36"	173	"HiG"
"HiG_2"	850	"RPS27A"	21	"HiG"
"HiG_2"	0	"UQCR11"	173	"HiG"
"HiG_2"	0	"TXNDC17"	173	"HiG"
"HiG_2"	216	"TPM3"	59.5	"HiG"
"HiG_2"	239	"TOMM7"	56	"HiG"
"HiG_2"	0	"MRPS5"	173	"HiG"
"HiG_2"	0	"TTC1"	173	"HiG"
"HiG_2"	0	"TXLNG"	173	"HiG"
"HiG_2"	861	"ATP5ME"	20	"HiG"
"HiG_2"	0	"NQO2"	173	"HiG"
"HiG_2"	23	"GPATCH4"	104	"HiG"
"HiG_2"	1149	"TUBB2B"	15	"HiG"
"HiG_2"	126	"ATP5MC3"	75.5	"HiG"
"HiG_2"	196	"L1TD1"	66	"HiG"
"HiG_2"	0	"MT-ND4"	173	"HiG"
"HiG_2"	0	"PPID"	173	"HiG"
"HiG_2"	158	"MT-CO3"	70	"HiG"
"HiG_2"	203	"MGST1"	65	"HiG"
"HiG_2"	0	"GGCT"	173	"HiG"
"HiG_2"	0	"SEM1"	173	"HiG"
"HiG_2"	0	"TMSB4X"	173	"HiG"
"HiG_2"	0	"GAL"	173	"HiG"
"HiG_2"	0	"OCIAD2"	173	"HiG"
"HiG_2"	55	"KNOP1"	91	"HiG"
"HiG_2"	0	"NDUFAF4"	173	"HiG"
"HiG_2"	0	"BOLA3"	173	"HiG"
"HiG_2"	213	"COX7B"	61	"HiG"
"HiG_2"	0	"ABRACL"	173	"HiG"
"HiG_2"	0	"HDDC2"	173	"HiG"
"HiG_2"	16	"UQCRQ"	110	"HiG"
"HiG_2"	0	"EPCAM"	173	"HiG"
"HiG_2"	0	"WDR43"	173	"HiG"
"HiG_2"	188	"NDUFS5"	67	"HiG"
"HiG_2"	47	"COX7C"	94	"HiG"
"HiG_2"	29	"COX8A"	99	"HiG"
"HiG_2"	0	"TMA7"	173	"HiG"
"HiG_2"	23	"UQCRH"	104	"HiG"
"HiG_2"	1938	"YBX1"	8	"HiG"
"HiG_2"	0	"NODAL"	173	"HiG"
"HiG_2"	0	"SCG3"	173	"HiG"
"HiG_2"	0	"COA6"	173	"HiG"
"HiG_2"	31	"MT-ATP6"	98	"HiG"
"HiG_2"	0	"TRMT112"	173	"HiG"
"HiG_2"	413	"IFITM1"	37	"HiG"
"HiG_2"	0	"TBXT"	173	"HiG"
"HiG_2"	424	"MIXL1"	35	"HiG"
"HiG_CP"	0	"CITED2"	86	"HiG"
"HiG_CP"	182	"HNRNPA1"	23	"HiG"
"HiG_CP"	5	"HAND2"	52	"HiG"
"HiG_CP"	257	"ID3"	16	"HiG"
"HiG_CP"	0	"RPS25"	86	"HiG"
"HiG_CP"	0	"DAB2"	86	"HiG"
"HiG_CP"	0	"ID2"	86	"HiG"
"HiG_CP"	42	"CADM1"	43.5	"HiG"
"HiG_CP"	0	"TXNIP"	86	"HiG"
"HiG_CP"	0	"KRT19"	86	"HiG"
"HiG_CP"	0	"DUSP6"	86	"HiG"
"HiG_CP"	59	"RPS14"	42	"HiG"
"HiG_CP"	92	"NRIP1"	35	"HiG"
"HiG_CP"	0	"EEF1B2"	86	"HiG"
"HiG_CP"	469	"RPL3"	9	"HiG"
"HiG_CP"	92	"LUC7L3"	35	"HiG"
"HiG_CP"	289	"PKP2"	14	"HiG"
"HiG_CP"	176	"ID1"	24	"HiG"
"HiG_CP"	2067	"BMP4"	1	"HiG"
"HiG_CP"	0	"FOXP1"	86	"HiG"
"HiG_CP"	4	"CDH11"	53.5	"HiG"
"HiG_CP"	605	"RPL11"	5	"HiG"
"HiG_CP"	270	"PNISR"	15	"HiG"
"HiG_CP"	0	"CREG1"	86	"HiG"
"HiG_CP"	0	"HAPLN1"	86	"HiG"
"HiG_CP"	0	"EMP2"	86	"HiG"
"HiG_CP"	0	"BOC"	86	"HiG"
"HiG_CP"	0	"TBL1X"	86	"HiG"
"HiG_CP"	0	"CPE"	86	"HiG"
"HiG_CP"	0	"FXYD6"	86	"HiG"
"HiG_CP"	92	"PTN"	35	"HiG"
"HiG_CP"	0	"RPL29"	86	"HiG"
"HiG_CP"	888	"VIM"	3	"HiG"
"HiG_CP"	131	"COL2A1"	28	"HiG"
"HiG_CP"	550	"PDGFRA"	7	"HiG"
"HiG_CP"	11	"MEIS1"	49	"HiG"
"HiG_CP"	244	"SFRP1"	17	"HiG"
"HiG_CP"	608	"NKX3-1"	4	"HiG"
"HiG_CP"	203	"MDK"	19	"HiG"
"HiG_CP"	0	"HMGB2"	86	"HiG"
"HiG_CP"	0	"ISL1"	86	"HiG"
"HiG_CP"	0	"IFI16"	86	"HiG"
"HiG_CP"	84	"NTRK2"	40	"HiG"
"HiG_CP"	10	"HEY1"	50.5	"HiG"
"HiG_CP"	0	"TFPI"	86	"HiG"
"HiG_CP"	126	"FGF10"	31	"HiG"
"HiG_CP"	299	"LAMA1"	13	"HiG"
"HiG_CP"	0	"RPLP0"	86	"HiG"
"HiG_CP"	0	"RPL26"	86	"HiG"
"HiG_CP"	88	"RPS4X"	39	"HiG"
"HiG_CP"	24	"MEIS2"	47	"HiG"
"HiG_CP"	162	"PBX3"	25	"HiG"
"HiG_CP"	1838	"RPL23"	2	"HiG"
"HiG_CP"	92	"RPS13"	35	"HiG"
"HiG_CP"	130	"RPS19"	29.5	"HiG"
"HiG_CP"	130	"RPL7A"	29.5	"HiG"
"HiG_CP"	0	"KDM6B"	86	"HiG"
"HiG_CP"	42	"RPS8"	43.5	"HiG"
"HiG_CP"	487	"RPS6"	8	"HiG"
"HiG_CP"	444	"NAP1L1"	11	"HiG"
"HiG_CP"	0	"RPL28"	86	"HiG"
"HiG_CP"	0	"HAS2"	86	"HiG"
"HiG_CP"	151	"RPL13"	27	"HiG"
"HiG_CP"	0	"SELENOP"	86	"HiG"
"HiG_CP"	0	"CCNI"	86	"HiG"
"HiG_CP"	92	"CLGN"	35	"HiG"
"HiG_CP"	0	"TTC3"	86	"HiG"
"HiG_CP"	10	"RPS18"	50.5	"HiG"
"HiG_CP"	201	"RPS15"	20	"HiG"
"HiG_CP"	191	"RPS23"	21	"HiG"
"HiG_CP"	0	"LGR4"	86	"HiG"
"HiG_CP"	0	"FZD2"	86	"HiG"
"HiG_CP"	0	"CRABP2"	86	"HiG"
"HiG_CP"	0	"ARL4C"	86	"HiG"
"HiG_CP"	0	"RPS15A"	86	"HiG"
"HiG_CP"	40	"RPL32"	45	"HiG"
"HiG_CP"	0	"RPL37"	86	"HiG"
"HiG_CP"	92	"RPL13A"	35	"HiG"
"HiG_CP"	228	"NID2"	18	"HiG"
"HiG_CP"	0	"RPL34"	86	"HiG"
"HiG_CP"	92	"FOXC1"	35	"HiG"
"HiG_CP"	0	"CCBE1"	86	"HiG"
"HiG_CP"	4	"PTPN13"	53.5	"HiG"
"HiG_CP"	0	"RHOBTB3"	86	"HiG"
"HiG_CP"	0	"TSHZ2"	86	"HiG"
"HiG_CP"	0	"CCDC34"	86	"HiG"
"HiG_CP"	0	"SLC7A2"	86	"HiG"
"HiG_CP"	447	"NRG1"	10	"HiG"
"HiG_CP"	0	"SESN3"	86	"HiG"
"HiG_CP"	0	"PRXL2A"	86	"HiG"
"HiG_CP"	0	"FIGN"	86	"HiG"
"HiG_CP"	0	"WLS"	86	"HiG"
"HiG_CP"	0	"ARHGAP28"	86	"HiG"
"HiG_CP"	0	"SERPING1"	86	"HiG"
"HiG_CP"	0	"PRTG"	86	"HiG"
"HiG_CP"	0	"LRRTM1"	86	"HiG"
"HiG_CP"	0	"FAM89A"	86	"HiG"
"HiG_CP"	0	"BMP5"	86	"HiG"
"HiG_CP"	0	"FYB2"	86	"HiG"
"HiG_CP"	0	"IRX3"	86	"HiG"
"HiG_CP"	373	"MXRA8"	12	"HiG"
"HiG_CP"	0	"ALPK2"	86	"HiG"
"HiG_CP"	0	"SPOCK3"	86	"HiG"
"HiG_CP"	154	"HOXB2"	26	"HiG"
"HiG_CP"	0	"TMEM88"	86	"HiG"
"HiG_CP"	551	"PRRX1"	6	"HiG"
"HiG_CP"	0	"LIX1"	86	"HiG"
"HiG_CP"	0	"NREP"	86	"HiG"
"HiG_CP"	72	"HOXB3"	41	"HiG"
"HiG_CP"	0	"SLC40A1"	86	"HiG"
"HiG_CP"	0	"ZNF608"	86	"HiG"
"HiG_CP"	38	"BMPER"	46	"HiG"
"HiG_CP"	0	"SPX"	86	"HiG"
"HiG_CP"	0	"RGS5"	86	"HiG"
"HiG_CP"	183	"RGS4"	22	"HiG"
"HiG_CP"	19	"PCOLCE"	48	"HiG"
"HiG_CP"	0	"WSB1"	86	"HiG"
"HiG_4"	0	"CAMLG"	66.5	"HiG"
"HiG_4"	69	"HNRNPA1"	25.5	"HiG"
"HiG_4"	35	"RPS25"	35	"HiG"
"HiG_4"	0	"KRT19"	66.5	"HiG"
"HiG_4"	0	"RBMX"	66.5	"HiG"
"HiG_4"	3	"RPS14"	44	"HiG"
"HiG_4"	0	"FTH1"	66.5	"HiG"
"HiG_4"	0	"BNIP3"	66.5	"HiG"
"HiG_4"	0	"TNNT1"	66.5	"HiG"
"HiG_4"	277	"HSP90AB1"	5	"HiG"
"HiG_4"	62	"RPL3"	27	"HiG"
"HiG_4"	319	"GAPDH"	4	"HiG"
"HiG_4"	0	"RPS29"	66.5	"HiG"
"HiG_4"	56	"RPL38"	29	"HiG"
"HiG_4"	81	"ENO1"	17	"HiG"
"HiG_4"	463	"BMP4"	2	"HiG"
"HiG_4"	0	"HAND1"	66.5	"HiG"
"HiG_4"	0	"CDH11"	66.5	"HiG"
"HiG_4"	80	"RPL11"	18	"HiG"
"HiG_4"	6	"EEF2"	41.5	"HiG"
"HiG_4"	0	"HAPLN1"	66.5	"HiG"
"HiG_4"	70	"HSP90B1"	23	"HiG"
"HiG_4"	139	"MSX1"	10.5	"HiG"
"HiG_4"	0	"RPL35A"	66.5	"HiG"
"HiG_4"	0	"RPS21"	66.5	"HiG"
"HiG_4"	0	"TOMM20"	66.5	"HiG"
"HiG_4"	0	"LHX1"	66.5	"HiG"
"HiG_4"	0	"CNTNAP2"	66.5	"HiG"
"HiG_4"	0	"FBN2"	66.5	"HiG"
"HiG_4"	0	"NTS"	66.5	"HiG"
"HiG_4"	70	"PKM"	23	"HiG"
"HiG_4"	116	"RPLP0"	15	"HiG"
"HiG_4"	0	"RPL26"	66.5	"HiG"
"HiG_4"	0	"ANP32B"	66.5	"HiG"
"HiG_4"	135	"RPS4X"	12	"HiG"
"HiG_4"	13	"PGK1"	40	"HiG"
"HiG_4"	549	"RPL23"	1	"HiG"
"HiG_4"	0	"RPS5"	66.5	"HiG"
"HiG_4"	79	"RPS7"	19	"HiG"
"HiG_4"	126	"RPS13"	13	"HiG"
"HiG_4"	251	"RPS19"	6	"HiG"
"HiG_4"	56	"RPL7A"	29	"HiG"
"HiG_4"	76	"RPS8"	20	"HiG"
"HiG_4"	201	"RPS16"	9	"HiG"
"HiG_4"	418	"RPS6"	3	"HiG"
"HiG_4"	40	"RPS20"	33	"HiG"
"HiG_4"	84	"RPLP2"	16	"HiG"
"HiG_4"	0	"NAP1L1"	66.5	"HiG"
"HiG_4"	0	"RPL28"	66.5	"HiG"
"HiG_4"	0	"HAS2"	66.5	"HiG"
"HiG_4"	0	"TPI1"	66.5	"HiG"
"HiG_4"	74	"RPL13"	21	"HiG"
"HiG_4"	0	"RRBP1"	66.5	"HiG"
"HiG_4"	0	"CCNI"	66.5	"HiG"
"HiG_4"	0	"COLEC12"	66.5	"HiG"
"HiG_4"	0	"APOC1"	66.5	"HiG"
"HiG_4"	32	"RPS27"	36	"HiG"
"HiG_4"	206	"RPS18"	8	"HiG"
"HiG_4"	0	"DNAJC15"	66.5	"HiG"
"HiG_4"	239	"RPL30"	7	"HiG"
"HiG_4"	120	"RPS15"	14	"HiG"
"HiG_4"	16	"RPL19"	38	"HiG"
"HiG_4"	37	"RPS23"	34	"HiG"
"HiG_4"	0	"LAPTM4B"	66.5	"HiG"
"HiG_4"	0	"CRABP2"	66.5	"HiG"
"HiG_4"	49	"RPL12"	32	"HiG"
"HiG_4"	4	"RPL27A"	43	"HiG"
"HiG_4"	6	"RPL37A"	41.5	"HiG"
"HiG_4"	16	"RPL27"	38	"HiG"
"HiG_4"	53	"RPS15A"	31	"HiG"
"HiG_4"	0	"RPL36"	66.5	"HiG"
"HiG_4"	16	"RPL32"	38	"HiG"
"HiG_4"	139	"RPS27A"	10.5	"HiG"
"HiG_4"	0	"RPL37"	66.5	"HiG"
"HiG_4"	70	"FERMT2"	23	"HiG"
"HiG_4"	56	"RPL13A"	29	"HiG"
"HiG_4"	0	"RPL34"	66.5	"HiG"
"HiG_4"	0	"SERPINE2"	66.5	"HiG"
"HiG_4"	69	"CER1"	25.5	"HiG"
"HiG_4"	0	"WNT5A"	66.5	"HiG"
"HiG_4"	0	"PRTG"	66.5	"HiG"
"HiG_4"	0	"APLNR"	66.5	"HiG"
"HiG_4"	0	"FAM89A"	66.5	"HiG"
"HiG_4"	0	"IRX3"	66.5	"HiG"
"HiG_4"	0	"COL13A1"	66.5	"HiG"
"HiG_4"	1	"MIXL1"	45	"HiG"
"HiG_4"	0	"ZIC3"	66.5	"HiG"
"HiG_5"	7575	"ACTN2"	2	"HiG"
"HiG_5"	0	"CITED2"	238	"HiG"
"HiG_5"	0	"GADD45A"	238	"HiG"
"HiG_5"	0	"HAND2"	238	"HiG"
"HiG_5"	4494	"TNNC1"	7	"HiG"
"HiG_5"	0	"YAF2"	238	"HiG"
"HiG_5"	281	"IL6ST"	98	"HiG"
"HiG_5"	296	"ID2"	81	"HiG"
"HiG_5"	284	"CDKN1B"	97	"HiG"
"HiG_5"	0	"ITSN1"	238	"HiG"
"HiG_5"	0	"BTG1"	238	"HiG"
"HiG_5"	0	"CCNDBP1"	238	"HiG"
"HiG_5"	0	"TXNIP"	238	"HiG"
"HiG_5"	4196	"HSPB1"	8	"HiG"
"HiG_5"	285	"ZHX1"	90.5	"HiG"
"HiG_5"	0	"TNNI3"	238	"HiG"
"HiG_5"	39	"MYL6"	126	"HiG"
"HiG_5"	12	"GYG1"	137	"HiG"
"HiG_5"	0	"CHIC2"	238	"HiG"
"HiG_5"	290	"BAZ2B"	82	"HiG"
"HiG_5"	285	"BEX3"	90.5	"HiG"
"HiG_5"	289	"PDLIM7"	83.5	"HiG"
"HiG_5"	0	"ABLIM1"	238	"HiG"
"HiG_5"	0	"BAMBI"	238	"HiG"
"HiG_5"	0	"EFEMP2"	238	"HiG"
"HiG_5"	0	"JUP"	238	"HiG"
"HiG_5"	568	"DUSP6"	59.5	"HiG"
"HiG_5"	0	"SORBS2"	238	"HiG"
"HiG_5"	0	"DYNC1I1"	238	"HiG"
"HiG_5"	0	"SEPTIN2"	238	"HiG"
"HiG_5"	207	"EPB41L3"	110	"HiG"
"HiG_5"	25	"RBFOX2"	128	"HiG"
"HiG_5"	1248	"PDLIM5"	26	"HiG"
"HiG_5"	314	"MAP3K20"	77	"HiG"
"HiG_5"	569	"TCEAL1"	57	"HiG"
"HiG_5"	0	"GSTK1"	238	"HiG"
"HiG_5"	368	"CDK6"	72	"HiG"
"HiG_5"	580	"DSTN"	56	"HiG"
"HiG_5"	52	"PPP1CB"	122	"HiG"
"HiG_5"	1100	"MYH7"	31	"HiG"
"HiG_5"	0	"BZW2"	238	"HiG"
"HiG_5"	0	"PLOD2"	238	"HiG"
"HiG_5"	0	"KCTD12"	238	"HiG"
"HiG_5"	4043	"ATP2A2"	10	"HiG"
"HiG_5"	0	"CMYA5"	238	"HiG"
"HiG_5"	1677	"ACTA1"	20	"HiG"
"HiG_5"	99	"GATA4"	114	"HiG"
"HiG_5"	16	"LMO7"	134	"HiG"
"HiG_5"	4	"PKP2"	144.5	"HiG"
"HiG_5"	868	"BMP2"	39	"HiG"
"HiG_5"	1042	"CDH2"	35	"HiG"
"HiG_5"	635	"TGFB2"	53	"HiG"
"HiG_5"	747	"MEF2A"	50	"HiG"
"HiG_5"	936	"ATP1A1"	38	"HiG"
"HiG_5"	0	"MYOCD"	238	"HiG"
"HiG_5"	822	"NEBL"	44	"HiG"
"HiG_5"	0	"ADD1"	238	"HiG"
"HiG_5"	0	"FOXP1"	238	"HiG"
"HiG_5"	358	"HIPK2"	75	"HiG"
"HiG_5"	1152	"ATP1B1"	29	"HiG"
"HiG_5"	7	"ANKRD1"	141.5	"HiG"
"HiG_5"	511	"PNISR"	65	"HiG"
"HiG_5"	0	"CREG1"	238	"HiG"
"HiG_5"	0	"HAPLN1"	238	"HiG"
"HiG_5"	4059	"NKX2-5"	9	"HiG"
"HiG_5"	23	"SH3KBP1"	130	"HiG"
"HiG_5"	0	"CCDC141"	238	"HiG"
"HiG_5"	0	"EMP2"	238	"HiG"
"HiG_5"	0	"NCAM1"	238	"HiG"
"HiG_5"	1915	"MYBPC3"	17	"HiG"
"HiG_5"	7402	"ACTC1"	3	"HiG"
"HiG_5"	298	"ADAMTS1"	80	"HiG"
"HiG_5"	0	"TRIM24"	238	"HiG"
"HiG_5"	47	"DAB1"	123	"HiG"
"HiG_5"	0	"TACC2"	238	"HiG"
"HiG_5"	1274	"EDNRA"	24	"HiG"
"HiG_5"	0	"PPP1R15A"	238	"HiG"
"HiG_5"	0	"PDK1"	238	"HiG"
"HiG_5"	0	"ARMCX3"	238	"HiG"
"HiG_5"	0	"ANXA6"	238	"HiG"
"HiG_5"	3	"CPE"	147	"HiG"
"HiG_5"	7	"MDH1"	141.5	"HiG"
"HiG_5"	0	"PRSS23"	238	"HiG"
"HiG_5"	5102	"VIM"	6	"HiG"
"HiG_5"	285	"ITSN2"	90.5	"HiG"
"HiG_5"	0	"MLLT3"	238	"HiG"
"HiG_5"	0	"ECH1"	238	"HiG"
"HiG_5"	1079	"CRYAB"	33	"HiG"
"HiG_5"	758	"SRP14"	49	"HiG"
"HiG_5"	0	"CREM"	238	"HiG"
"HiG_5"	540	"CSRP3"	63	"HiG"
"HiG_5"	0	"KDM6A"	238	"HiG"
"HiG_5"	397	"MEF2C"	69	"HiG"
"HiG_5"	285	"CTSB"	90.5	"HiG"
"HiG_5"	0	"KIFAP3"	238	"HiG"
"HiG_5"	95	"COL2A1"	115	"HiG"
"HiG_5"	22	"ETV1"	131	"HiG"
"HiG_5"	568	"RYR2"	59.5	"HiG"
"HiG_5"	1438	"PDGFRA"	21	"HiG"
"HiG_5"	248	"CCN2"	105	"HiG"
"HiG_5"	0	"ATP2B4"	238	"HiG"
"HiG_5"	0	"NRP1"	238	"HiG"
"HiG_5"	3258	"FN1"	11	"HiG"
"HiG_5"	0	"GYPC"	238	"HiG"
"HiG_5"	2	"LIFR"	148.5	"HiG"
"HiG_5"	0	"CRHBP"	238	"HiG"
"HiG_5"	0	"VAMP2"	238	"HiG"
"HiG_5"	274	"DYNLT1"	101	"HiG"
"HiG_5"	0	"PKIA"	238	"HiG"
"HiG_5"	308	"NPPA"	78	"HiG"
"HiG_5"	305	"NPPB"	79	"HiG"
"HiG_5"	177	"HRC"	112	"HiG"
"HiG_5"	0	"SSBP2"	238	"HiG"
"HiG_5"	538	"IGFBP7"	64	"HiG"
"HiG_5"	0	"MEIS1"	238	"HiG"
"HiG_5"	219	"JAG1"	108	"HiG"
"HiG_5"	0	"ANGPT1"	238	"HiG"
"HiG_5"	64	"SH3GLB1"	120.5	"HiG"
"HiG_5"	17	"PPP1R12B"	133	"HiG"
"HiG_5"	4	"PPP1R12A"	144.5	"HiG"
"HiG_5"	466	"PBX1"	67	"HiG"
"HiG_5"	228	"MYLK"	107	"HiG"
"HiG_5"	563	"DOK4"	62	"HiG"
"HiG_5"	0	"NKX3-1"	238	"HiG"
"HiG_5"	65	"MDK"	118.5	"HiG"
"HiG_5"	1180	"TRIM55"	28	"HiG"
"HiG_5"	0	"PAM"	238	"HiG"
"HiG_5"	0	"PTPRD"	238	"HiG"
"HiG_5"	250	"MYOZ2"	104	"HiG"
"HiG_5"	0	"ARL2BP"	238	"HiG"
"HiG_5"	15	"ISL1"	135	"HiG"
"HiG_5"	0	"ARL6IP5"	238	"HiG"
"HiG_5"	263	"MASP1"	103	"HiG"
"HiG_5"	0	"PPP2R3A"	238	"HiG"
"HiG_5"	0	"CRB2"	238	"HiG"
"HiG_5"	24	"CNN1"	129	"HiG"
"HiG_5"	0	"FBN2"	238	"HiG"
"HiG_5"	0	"NTRK2"	238	"HiG"
"HiG_5"	0	"RNF19A"	238	"HiG"
"HiG_5"	0	"CSRP2"	238	"HiG"
"HiG_5"	0	"GATA6"	238	"HiG"
"HiG_5"	0	"MTPN"	238	"HiG"
"HiG_5"	5342	"PLN"	5	"HiG"
"HiG_5"	568	"PRDX1"	59.5	"HiG"
"HiG_5"	1228	"FGF10"	27	"HiG"
"HiG_5"	1735	"PDHA1"	18	"HiG"
"HiG_5"	1698	"ACTA2"	19	"HiG"
"HiG_5"	0	"CCN1"	238	"HiG"
"HiG_5"	285	"MATN2"	90.5	"HiG"
"HiG_5"	1920	"TNNT2"	16	"HiG"
"HiG_5"	7380	"TPM1"	4	"HiG"
"HiG_5"	361	"LAMA1"	74	"HiG"
"HiG_5"	285	"DECR1"	90.5	"HiG"
"HiG_5"	0	"PLEKHO1"	238	"HiG"
"HiG_5"	0	"FILIP1"	238	"HiG"
"HiG_5"	840	"ENO3"	43	"HiG"
"HiG_5"	0	"AGL"	238	"HiG"
"HiG_5"	14	"QKI"	136	"HiG"
"HiG_5"	568	"MYH11"	59.5	"HiG"
"HiG_5"	337	"DCAF6"	76	"HiG"
"HiG_5"	731	"MYL9"	51	"HiG"
"HiG_5"	852	"UBE2H"	40	"HiG"
"HiG_5"	0	"PRKAG2"	238	"HiG"
"HiG_5"	36	"ASPH"	127	"HiG"
"HiG_5"	0	"PFKP"	238	"HiG"
"HiG_5"	83	"PLEKHA5"	117	"HiG"
"HiG_5"	363	"SPTBN1"	73	"HiG"
"HiG_5"	285	"TSC22D1"	90.5	"HiG"
"HiG_5"	0	"CAP2"	238	"HiG"
"HiG_5"	2	"MACF1"	148.5	"HiG"
"HiG_5"	0	"WWTR1"	238	"HiG"
"HiG_5"	0	"CGNL1"	238	"HiG"
"HiG_5"	938	"ATP5PF"	37	"HiG"
"HiG_5"	765	"MEIS2"	46	"HiG"
"HiG_5"	140	"PBX3"	113	"HiG"
"HiG_5"	763	"NES"	47	"HiG"
"HiG_5"	0	"SMARCA1"	238	"HiG"
"HiG_5"	0	"LPIN1"	238	"HiG"
"HiG_5"	0	"KDM6B"	238	"HiG"
"HiG_5"	0	"GUCY1A1"	238	"HiG"
"HiG_5"	0	"TSC22D3"	238	"HiG"
"HiG_5"	0	"HAS2"	238	"HiG"
"HiG_5"	0	"NRP2"	238	"HiG"
"HiG_5"	216	"PCDH7"	109	"HiG"
"HiG_5"	10441	"TTN"	1	"HiG"
"HiG_5"	2141	"MYL3"	13	"HiG"
"HiG_5"	0	"PNRC1"	238	"HiG"
"HiG_5"	4	"PHKB"	144.5	"HiG"
"HiG_5"	2968	"TNNI1"	12	"HiG"
"HiG_5"	0	"AEBP1"	238	"HiG"
"HiG_5"	289	"CLGN"	83.5	"HiG"
"HiG_5"	0	"LPGAT1"	238	"HiG"
"HiG_5"	0	"CRIP2"	238	"HiG"
"HiG_5"	0	"ITFG1"	238	"HiG"
"HiG_5"	392	"NPTN"	70	"HiG"
"HiG_5"	44	"SVIL"	125	"HiG"
"HiG_5"	0	"BLCAP"	238	"HiG"
"HiG_5"	9	"ID4"	138	"HiG"
"HiG_5"	1077	"SLC25A4"	34	"HiG"
"HiG_5"	0	"LAPTM4B"	238	"HiG"
"HiG_5"	760	"PALLD"	48	"HiG"
"HiG_5"	0	"ANKMY2"	238	"HiG"
"HiG_5"	2068	"TAGLN"	15	"HiG"
"HiG_5"	0	"CCDC80"	238	"HiG"
"HiG_5"	0	"PPIC"	238	"HiG"
"HiG_5"	0	"RTL8C"	238	"HiG"
"HiG_5"	456	"CELF2"	68	"HiG"
"HiG_5"	0	"AAK1"	238	"HiG"
"HiG_5"	94	"NDUFA4"	116	"HiG"
"HiG_5"	0	"MT-CO1"	238	"HiG"
"HiG_5"	0	"SUCLG1"	238	"HiG"
"HiG_5"	1101	"TPM2"	30	"HiG"
"HiG_5"	600	"MGST3"	55	"HiG"
"HiG_5"	0	"IFT81"	238	"HiG"
"HiG_5"	0	"CFL2"	238	"HiG"
"HiG_5"	64	"SH3BGRL"	120.5	"HiG"
"HiG_5"	0	"DENND5B"	238	"HiG"
"HiG_5"	0	"ETFB"	238	"HiG"
"HiG_5"	0	"SERINC1"	238	"HiG"
"HiG_5"	200	"SLIT2"	111	"HiG"
"HiG_5"	0	"ATP5MC3"	238	"HiG"
"HiG_5"	0	"DGKI"	238	"HiG"
"HiG_5"	0	"CLTB"	238	"HiG"
"HiG_5"	1308	"MYL4"	23	"HiG"
"HiG_5"	0	"FBXO9"	238	"HiG"
"HiG_5"	391	"NID2"	71	"HiG"
"HiG_5"	0	"RNPC3"	238	"HiG"
"HiG_5"	1265	"NEXN"	25	"HiG"
"HiG_5"	0	"MT-ND5"	238	"HiG"
"HiG_5"	0	"SIPA1L2"	238	"HiG"
"HiG_5"	0	"ENTPD4"	238	"HiG"
"HiG_5"	1354	"EPHA7"	22	"HiG"
"HiG_5"	0	"IDH2"	238	"HiG"
"HiG_5"	0	"LBH"	238	"HiG"
"HiG_5"	494	"TIPARP"	66	"HiG"
"HiG_5"	851	"KIDINS220"	41	"HiG"
"HiG_5"	0	"NAV1"	238	"HiG"
"HiG_5"	0	"LGMN"	238	"HiG"
"HiG_5"	0	"CLCN6"	238	"HiG"
"HiG_5"	0	"SENP7"	238	"HiG"
"HiG_5"	0	"FAM13C"	238	"HiG"
"HiG_5"	0	"PLCB4"	238	"HiG"
"HiG_5"	0	"FAM118A"	238	"HiG"
"HiG_5"	0	"MSRB3"	238	"HiG"
"HiG_5"	0	"PRICKLE1"	238	"HiG"
"HiG_5"	239	"MYL7"	106	"HiG"
"HiG_5"	0	"RHOBTB3"	238	"HiG"
"HiG_5"	0	"SYTL5"	238	"HiG"
"HiG_5"	278	"ZEB2"	99	"HiG"
"HiG_5"	0	"EMC10"	238	"HiG"
"HiG_5"	0	"TSHZ2"	238	"HiG"
"HiG_5"	0	"POPDC2"	238	"HiG"
"HiG_5"	0	"RFTN1"	238	"HiG"
"HiG_5"	0	"MLF1"	238	"HiG"
"HiG_5"	844	"TMEM87A"	42	"HiG"
"HiG_5"	0	"SC5D"	238	"HiG"
"HiG_5"	0	"CALB2"	238	"HiG"
"HiG_5"	0	"HACD1"	238	"HiG"
"HiG_5"	0	"PPP1R1A"	238	"HiG"
"HiG_5"	0	"MYADM"	238	"HiG"
"HiG_5"	0	"GPRC5C"	238	"HiG"
"HiG_5"	276	"LDB3"	100	"HiG"
"HiG_5"	0	"ARHGAP42"	238	"HiG"
"HiG_5"	285	"GDF11"	90.5	"HiG"
"HiG_5"	0	"FIGN"	238	"HiG"
"HiG_5"	0	"WLS"	238	"HiG"
"HiG_5"	0	"MAN1A2"	238	"HiG"
"HiG_5"	65	"THBS1"	118.5	"HiG"
"HiG_5"	264	"MYH6"	102	"HiG"
"HiG_5"	0	"BEX4"	238	"HiG"
"HiG_5"	0	"MMP15"	238	"HiG"
"HiG_5"	0	"FRMD4B"	238	"HiG"
"HiG_5"	0	"ZEB1"	238	"HiG"
"HiG_5"	0	"CHCHD10"	238	"HiG"
"HiG_5"	0	"PPM1K"	238	"HiG"
"HiG_5"	0	"MLLT11"	238	"HiG"
"HiG_5"	285	"WNT5A"	90.5	"HiG"
"HiG_5"	0	"MICAL2"	238	"HiG"
"HiG_5"	0	"PRTG"	238	"HiG"
"HiG_5"	0	"PIP4P2"	238	"HiG"
"HiG_5"	0	"MGST2"	238	"HiG"
"HiG_5"	0	"TSPAN2"	238	"HiG"
"HiG_5"	1091	"TRDN"	32	"HiG"
"HiG_5"	285	"SMPX"	90.5	"HiG"
"HiG_5"	0	"LRRTM1"	238	"HiG"
"HiG_5"	0	"TMX4"	238	"HiG"
"HiG_5"	0	"ARMH4"	238	"HiG"
"HiG_5"	21	"TIMP3"	132	"HiG"
"HiG_5"	4	"BMP5"	144.5	"HiG"
"HiG_5"	8	"MYLK3"	139.5	"HiG"
"HiG_5"	0	"TP53I11"	238	"HiG"
"HiG_5"	0	"FYB2"	238	"HiG"
"HiG_5"	0	"TMEM141"	238	"HiG"
"HiG_5"	0	"IRX3"	238	"HiG"
"HiG_5"	0	"ADAMTS9"	238	"HiG"
"HiG_5"	0	"UNC45B"	238	"HiG"
"HiG_5"	0	"ALPK2"	238	"HiG"
"HiG_5"	950	"TNC"	36	"HiG"
"HiG_5"	0	"LMOD1"	238	"HiG"
"HiG_5"	285	"SELENOW"	90.5	"HiG"
"HiG_5"	728	"TBX5"	52	"HiG"
"HiG_5"	8	"MYOM1"	139.5	"HiG"
"HiG_5"	0	"YPEL5"	238	"HiG"
"HiG_5"	0	"LIX1"	238	"HiG"
"HiG_5"	0	"NREP"	238	"HiG"
"HiG_5"	45	"SYNPO2L"	124	"HiG"
"HiG_5"	0	"FSIP2"	238	"HiG"
"HiG_5"	0	"CLSTN2"	238	"HiG"
"HiG_5"	0	"SLC40A1"	238	"HiG"
"HiG_5"	2136	"VCAN"	14	"HiG"
"HiG_5"	0	"ZNF608"	238	"HiG"
"HiG_5"	803	"BMPER"	45	"HiG"
"HiG_5"	0	"RGS5"	238	"HiG"
"HiG_5"	0	"TCEA3"	238	"HiG"
"HiG_5"	285	"RGS4"	90.5	"HiG"
"HiG_5"	0	"ZC2HC1A"	238	"HiG"
"HiG_5"	0	"NUDT4"	238	"HiG"
"HiG_5"	622	"SLC8A1"	54	"HiG"
"HiG_5"	0	"SLIT3"	238	"HiG"
"HiG_5"	0	"IFI27L2"	238	"HiG"
"HiG_5"	0	"RCSD1"	238	"HiG"
"HiG_5"	0	"TRH"	238	"HiG"
"HiG_5"	0	"WSB1"	238	"HiG"
"HiG_5"	0	"ZNF503"	238	"HiG"
"HiG_5"	0	"ZNF704"	238	"HiG"
"HiG_5"	0	"TECRL"	238	"HiG"
"HiG_6"	11	"COL1A1"	38	"HiG"
"HiG_6"	151	"DCN"	21	"HiG"
"HiG_6"	0	"DAB2"	68	"HiG"
"HiG_6"	0	"IL6ST"	68	"HiG"
"HiG_6"	75	"ID2"	30	"HiG"
"HiG_6"	211	"CAVIN1"	17	"HiG"
"HiG_6"	0	"CDC6"	68	"HiG"
"HiG_6"	559	"KRT18"	4	"HiG"
"HiG_6"	94	"KRT19"	24	"HiG"
"HiG_6"	1	"DUT"	42.5	"HiG"
"HiG_6"	0	"GINS2"	68	"HiG"
"HiG_6"	209	"LUM"	18	"HiG"
"HiG_6"	0	"TCEAL9"	68	"HiG"
"HiG_6"	450	"EZR"	6	"HiG"
"HiG_6"	1	"MYH10"	42.5	"HiG"
"HiG_6"	305	"ANXA1"	10	"HiG"
"HiG_6"	913	"ANXA2"	1	"HiG"
"HiG_6"	0	"MEST"	68	"HiG"
"HiG_6"	243	"DSP"	13	"HiG"
"HiG_6"	0	"PKP2"	68	"HiG"
"HiG_6"	690	"PCNA"	3	"HiG"
"HiG_6"	0	"HAND1"	68	"HiG"
"HiG_6"	0	"CST3"	68	"HiG"
"HiG_6"	19	"STMN1"	35	"HiG"
"HiG_6"	0	"CLSPN"	68	"HiG"
"HiG_6"	77	"DSC2"	27	"HiG"
"HiG_6"	56	"S100A10"	33	"HiG"
"HiG_6"	0	"RAD21"	68	"HiG"
"HiG_6"	0	"CPE"	68	"HiG"
"HiG_6"	204	"IGFBP3"	19	"HiG"
"HiG_6"	75	"PTN"	30	"HiG"
"HiG_6"	0	"SARAF"	68	"HiG"
"HiG_6"	399	"VIM"	7	"HiG"
"HiG_6"	0	"AKAP12"	68	"HiG"
"HiG_6"	0	"PLAT"	68	"HiG"
"HiG_6"	315	"COL3A1"	9	"HiG"
"HiG_6"	87	"IGF2"	26	"HiG"
"HiG_6"	778	"KRT8"	2	"HiG"
"HiG_6"	75	"IGFBP5"	30	"HiG"
"HiG_6"	217	"SPARC"	15	"HiG"
"HiG_6"	157	"MDK"	20	"HiG"
"HiG_6"	88	"MARCKS"	25	"HiG"
"HiG_6"	0	"ARHGAP10"	68	"HiG"
"HiG_6"	343	"TOP2A"	8	"HiG"
"HiG_6"	16	"HMGB2"	36	"HiG"
"HiG_6"	0	"STK26"	68	"HiG"
"HiG_6"	0	"CSRP2"	68	"HiG"
"HiG_6"	228	"CALD1"	14	"HiG"
"HiG_6"	2	"SEPTIN7"	40.5	"HiG"
"HiG_6"	75	"TNNT2"	30	"HiG"
"HiG_6"	216	"TPM1"	16	"HiG"
"HiG_6"	0	"SLBP"	68	"HiG"
"HiG_6"	297	"PCLAF"	11	"HiG"
"HiG_6"	283	"TUBA1B"	12	"HiG"
"HiG_6"	108	"USP1"	23	"HiG"
"HiG_6"	454	"TUBA1A"	5	"HiG"
"HiG_6"	2	"CENPU"	40.5	"HiG"
"HiG_6"	0	"HNRNPDL"	68	"HiG"
"HiG_6"	150	"COBLL1"	22	"HiG"
"HiG_6"	0	"DNAJC9"	68	"HiG"
"HiG_6"	0	"MEIS2"	68	"HiG"
"HiG_6"	0	"GUCY1A1"	68	"HiG"
"HiG_6"	0	"ATP2B1"	68	"HiG"
"HiG_6"	0	"PXK"	68	"HiG"
"HiG_6"	75	"MKI67"	30	"HiG"
"HiG_6"	0	"BST2"	68	"HiG"
"HiG_6"	0	"TNNI1"	68	"HiG"
"HiG_6"	0	"TUBB"	68	"HiG"
"HiG_6"	7	"SMC4"	39	"HiG"
"HiG_6"	0	"TMEM98"	68	"HiG"
"HiG_6"	0	"FRZB"	68	"HiG"
"HiG_6"	0	"SVIL"	68	"HiG"
"HiG_6"	0	"ARID5B"	68	"HiG"
"HiG_6"	0	"HP1BP3"	68	"HiG"
"HiG_6"	0	"PALLD"	68	"HiG"
"HiG_6"	53	"COL1A2"	34	"HiG"
"HiG_6"	0	"TYMS"	68	"HiG"
"HiG_6"	0	"SPDL1"	68	"HiG"
"HiG_6"	0	"SOX6"	68	"HiG"
"HiG_6"	0	"MAB21L2"	68	"HiG"
"HiG_6"	0	"MYL7"	68	"HiG"
"HiG_6"	15	"GPC3"	37	"HiG"
"HiG_6"	0	"NXPH2"	68	"HiG"
"HiG_6"	0	"SYT10"	68	"HiG"
"HiG_6"	0	"LRRN3"	68	"HiG"
"HiG_6"	0	"FRMD4B"	68	"HiG"
"HiG_6"	0	"POSTN"	68	"HiG"
"HiG_6"	0	"TMEM88"	68	"HiG"
"HiG_6"	0	"NPNT"	68	"HiG"
"HiG_6"	0	"MGP"	68	"HiG"
"HiG_6"	0	"PPDPF"	68	"HiG"
"HiG_6"	0	"PRSS35"	68	"HiG"
"HiG_7"	0	"ANXA5"	72	"HiG"
"HiG_7"	195	"C1QBP"	14.5	"HiG"
"HiG_7"	34	"RAN"	35.5	"HiG"
"HiG_7"	0	"BEX2"	72	"HiG"
"HiG_7"	0	"SAT1"	72	"HiG"
"HiG_7"	24	"DPPA4"	38	"HiG"
"HiG_7"	0	"BNIP3"	72	"HiG"
"HiG_7"	0	"CKB"	72	"HiG"
"HiG_7"	0	"CKS2"	72	"HiG"
"HiG_7"	1094	"HSP90AB1"	1	"HiG"
"HiG_7"	0	"MORF4L2"	72	"HiG"
"HiG_7"	8	"CYCS"	44.5	"HiG"
"HiG_7"	0	"PAICS"	72	"HiG"
"HiG_7"	5	"MTHFD2"	47	"HiG"
"HiG_7"	3	"SNRPF"	50.5	"HiG"
"HiG_7"	619	"GAPDH"	2	"HiG"
"HiG_7"	80	"MSH2"	26.5	"HiG"
"HiG_7"	97	"RPL38"	22	"HiG"
"HiG_7"	34	"PA2G4"	35.5	"HiG"
"HiG_7"	142	"PDIA6"	18	"HiG"
"HiG_7"	271	"NCL"	9	"HiG"
"HiG_7"	215	"HSPA4"	11	"HiG"
"HiG_7"	61	"DDX21"	30	"HiG"
"HiG_7"	518	"ENO1"	3	"HiG"
"HiG_7"	4	"CALM1"	48.5	"HiG"
"HiG_7"	419	"HSP90AA1"	6	"HiG"
"HiG_7"	469	"PFN1"	5	"HiG"
"HiG_7"	112	"GJA1"	20	"HiG"
"HiG_7"	2	"HMGA1"	52	"HiG"
"HiG_7"	93	"HSPA9"	24	"HiG"
"HiG_7"	0	"GSTP1"	72	"HiG"
"HiG_7"	80	"PMAIP1"	26.5	"HiG"
"HiG_7"	29	"PEBP1"	37	"HiG"
"HiG_7"	72	"GSTO1"	28	"HiG"
"HiG_7"	208	"SERBP1"	12.5	"HiG"
"HiG_7"	10	"RPS21"	42	"HiG"
"HiG_7"	293	"HSPD1"	8	"HiG"
"HiG_7"	3	"CD9"	50.5	"HiG"
"HiG_7"	0	"SFRP2"	72	"HiG"
"HiG_7"	83	"SLC3A2"	25	"HiG"
"HiG_7"	59	"TXN"	31	"HiG"
"HiG_7"	55	"YWHAB"	32	"HiG"
"HiG_7"	0	"CNTNAP2"	72	"HiG"
"HiG_7"	221	"PRDX1"	10	"HiG"
"HiG_7"	129	"PKM"	19	"HiG"
"HiG_7"	0	"ALDH3A2"	72	"HiG"
"HiG_7"	0	"TAF1D"	72	"HiG"
"HiG_7"	0	"UCHL1"	72	"HiG"
"HiG_7"	6	"RPF2"	46	"HiG"
"HiG_7"	0	"SLIRP"	72	"HiG"
"HiG_7"	4	"PSMA4"	48.5	"HiG"
"HiG_7"	0	"ANP32B"	72	"HiG"
"HiG_7"	195	"PGK1"	14.5	"HiG"
"HiG_7"	0	"EIF5B"	72	"HiG"
"HiG_7"	0	"SSRP1"	72	"HiG"
"HiG_7"	0	"RBP1"	72	"HiG"
"HiG_7"	64	"OAZ1"	29	"HiG"
"HiG_7"	0	"SSB"	72	"HiG"
"HiG_7"	0	"PSAT1"	72	"HiG"
"HiG_7"	474	"TPI1"	4	"HiG"
"HiG_7"	8	"ATP5PD"	44.5	"HiG"
"HiG_7"	95	"TUBB2A"	23	"HiG"
"HiG_7"	46	"TUBA1C"	33	"HiG"
"HiG_7"	0	"ACSL4"	72	"HiG"
"HiG_7"	0	"MYL12A"	72	"HiG"
"HiG_7"	0	"LDHB"	72	"HiG"
"HiG_7"	22	"TBCA"	39	"HiG"
"HiG_7"	0	"HMGB3"	72	"HiG"
"HiG_7"	21	"SLC25A5"	40.5	"HiG"
"HiG_7"	208	"RPL12"	12.5	"HiG"
"HiG_7"	151	"RPL37A"	17	"HiG"
"HiG_7"	0	"TPM3"	72	"HiG"
"HiG_7"	9	"TOMM7"	43	"HiG"
"HiG_7"	21	"RPS27L"	40.5	"HiG"
"HiG_7"	100	"FAM162A"	21	"HiG"
"HiG_7"	0	"ATP5ME"	72	"HiG"
"HiG_7"	365	"TUBB2B"	7	"HiG"
"HiG_7"	44	"METAP2"	34	"HiG"
"HiG_7"	162	"L1TD1"	16	"HiG"
"HiG_7"	0	"PPID"	72	"HiG"
"HiG_7"	0	"NUDT15"	72	"HiG"
"HiG_7"	0	"GGCT"	72	"HiG"
"HiG_7"	0	"SERPINE2"	72	"HiG"
"HiG_7"	0	"SMS"	72	"HiG"
"HiG_7"	0	"GAL"	72	"HiG"
"HiG_7"	0	"OCIAD2"	72	"HiG"
"HiG_7"	0	"EPCAM"	72	"HiG"
"HiG_7"	0	"NODAL"	72	"HiG"
"HiG_7"	0	"IFITM1"	72	"HiG"
"HiG_7"	1	"MIXL1"	53	"HiG"
"HiG_muscle"	81	"COL1A1"	40	"HiG"
"HiG_muscle"	0	"HBEGF"	90.5	"HiG"
"HiG_muscle"	0	"GADD45A"	90.5	"HiG"
"HiG_muscle"	0	"IL6ST"	90.5	"HiG"
"HiG_muscle"	14	"CAVIN1"	51.5	"HiG"
"HiG_muscle"	0	"CADM1"	90.5	"HiG"
"HiG_muscle"	86	"HSPB1"	39	"HiG"
"HiG_muscle"	2222	"ACTB"	1	"HiG"
"HiG_muscle"	217	"MYL6"	17	"HiG"
"HiG_muscle"	0	"PDLIM7"	90.5	"HiG"
"HiG_muscle"	1051	"ACTG1"	3	"HiG"
"HiG_muscle"	14	"KRT18"	51.5	"HiG"
"HiG_muscle"	252	"ACTN1"	16	"HiG"
"HiG_muscle"	134	"OPTN"	29	"HiG"
"HiG_muscle"	21	"PDLIM5"	50	"HiG"
"HiG_muscle"	158	"JUN"	25	"HiG"
"HiG_muscle"	0	"KIF5B"	90.5	"HiG"
"HiG_muscle"	55	"RAI14"	45	"HiG"
"HiG_muscle"	170	"DSTN"	24	"HiG"
"HiG_muscle"	207	"ACTR3"	20	"HiG"
"HiG_muscle"	0	"CFL1"	90.5	"HiG"
"HiG_muscle"	0	"MYH10"	90.5	"HiG"
"HiG_muscle"	66	"ANXA1"	42.5	"HiG"
"HiG_muscle"	578	"ANXA2"	6	"HiG"
"HiG_muscle"	108	"GNAS"	34	"HiG"
"HiG_muscle"	305	"ACTA1"	11	"HiG"
"HiG_muscle"	6	"CDH2"	57.5	"HiG"
"HiG_muscle"	0	"MAP1B"	90.5	"HiG"
"HiG_muscle"	7	"TGFB2"	55	"HiG"
"HiG_muscle"	49	"ATF3"	46	"HiG"
"HiG_muscle"	29	"CDH11"	48	"HiG"
"HiG_muscle"	7	"MAP4"	55	"HiG"
"HiG_muscle"	0	"ANKRD1"	90.5	"HiG"
"HiG_muscle"	10	"COL4A1"	53	"HiG"
"HiG_muscle"	155	"ACTC1"	26	"HiG"
"HiG_muscle"	0	"S100A10"	90.5	"HiG"
"HiG_muscle"	384	"ITGB1"	9	"HiG"
"HiG_muscle"	4	"PPP1R15A"	59	"HiG"
"HiG_muscle"	0	"IGFBP3"	90.5	"HiG"
"HiG_muscle"	0	"PRSS23"	90.5	"HiG"
"HiG_muscle"	0	"CDC42EP3"	90.5	"HiG"
"HiG_muscle"	0	"ANXA3"	90.5	"HiG"
"HiG_muscle"	212	"VIM"	19	"HiG"
"HiG_muscle"	94	"KLF6"	37	"HiG"
"HiG_muscle"	0	"ARPC5"	90.5	"HiG"
"HiG_muscle"	0	"CAPN2"	90.5	"HiG"
"HiG_muscle"	0	"ARPC2"	90.5	"HiG"
"HiG_muscle"	0	"AKAP12"	90.5	"HiG"
"HiG_muscle"	0	"COL3A1"	90.5	"HiG"
"HiG_muscle"	274	"CCN2"	14	"HiG"
"HiG_muscle"	290	"FN1"	13	"HiG"
"HiG_muscle"	110	"KRT8"	31.5	"HiG"
"HiG_muscle"	0	"NPPB"	90.5	"HiG"
"HiG_muscle"	63	"S100A11"	44	"HiG"
"HiG_muscle"	136	"IGFBP7"	28	"HiG"
"HiG_muscle"	191	"SPARC"	22.5	"HiG"
"HiG_muscle"	0	"EFNB2"	90.5	"HiG"
"HiG_muscle"	7	"ITGA1"	55	"HiG"
"HiG_muscle"	149	"CNN1"	27	"HiG"
"HiG_muscle"	526	"TPM4"	7	"HiG"
"HiG_muscle"	0	"CSRP2"	90.5	"HiG"
"HiG_muscle"	194	"FHL1"	21	"HiG"
"HiG_muscle"	1110	"CALD1"	2	"HiG"
"HiG_muscle"	105	"SEPTIN7"	36	"HiG"
"HiG_muscle"	304	"ACTA2"	12	"HiG"
"HiG_muscle"	77	"CCN1"	41	"HiG"
"HiG_muscle"	0	"TNNT2"	90.5	"HiG"
"HiG_muscle"	1045	"TPM1"	4	"HiG"
"HiG_muscle"	0	"FILIP1"	90.5	"HiG"
"HiG_muscle"	110	"TUBA1A"	31.5	"HiG"
"HiG_muscle"	0	"MYL12B"	90.5	"HiG"
"HiG_muscle"	0	"CCDC50"	90.5	"HiG"
"HiG_muscle"	191	"MYL9"	22.5	"HiG"
"HiG_muscle"	0	"LAMB1"	90.5	"HiG"
"HiG_muscle"	0	"CAP2"	90.5	"HiG"
"HiG_muscle"	0	"MACF1"	90.5	"HiG"
"HiG_muscle"	0	"MEIS2"	90.5	"HiG"
"HiG_muscle"	34	"NES"	47	"HiG"
"HiG_muscle"	0	"CNN3"	90.5	"HiG"
"HiG_muscle"	1	"PCDH7"	64	"HiG"
"HiG_muscle"	0	"LPP"	90.5	"HiG"
"HiG_muscle"	0	"PARVA"	90.5	"HiG"
"HiG_muscle"	1	"LIMA1"	64	"HiG"
"HiG_muscle"	266	"TLN1"	15	"HiG"
"HiG_muscle"	0	"ARID5B"	90.5	"HiG"
"HiG_muscle"	1	"SEPTIN11"	64	"HiG"
"HiG_muscle"	6	"MYL12A"	57.5	"HiG"
"HiG_muscle"	1	"PALLD"	64	"HiG"
"HiG_muscle"	0	"SBDS"	90.5	"HiG"
"HiG_muscle"	346	"TAGLN"	10	"HiG"
"HiG_muscle"	0	"EDN1"	90.5	"HiG"
"HiG_muscle"	2	"TUBB6"	60.5	"HiG"
"HiG_muscle"	0	"PLK2"	90.5	"HiG"
"HiG_muscle"	108	"CALU"	34	"HiG"
"HiG_muscle"	0	"FERMT2"	90.5	"HiG"
"HiG_muscle"	749	"TPM2"	5	"HiG"
"HiG_muscle"	66	"RAB31"	42.5	"HiG"
"HiG_muscle"	409	"VCL"	8	"HiG"
"HiG_muscle"	0	"PLS3"	90.5	"HiG"
"HiG_muscle"	2	"GNG12"	60.5	"HiG"
"HiG_muscle"	111	"TMSB10"	30	"HiG"
"HiG_muscle"	22	"NEXN"	49	"HiG"
"HiG_muscle"	213	"TMSB4X"	18	"HiG"
"HiG_muscle"	108	"RHOC"	34	"HiG"
"HiG_muscle"	0	"MSRB3"	90.5	"HiG"
"HiG_muscle"	0	"MYL7"	90.5	"HiG"
"HiG_muscle"	0	"RHOBTB3"	90.5	"HiG"
"HiG_muscle"	0	"RFTN1"	90.5	"HiG"
"HiG_muscle"	0	"GPC3"	90.5	"HiG"
"HiG_muscle"	1	"PDLIM3"	64	"HiG"
"HiG_muscle"	0	"MICAL2"	90.5	"HiG"
"HiG_muscle"	0	"FILIP1L"	90.5	"HiG"
"HiG_muscle"	90	"LMOD1"	38	"HiG"
"HiG_muscle"	0	"VMP1"	90.5	"HiG"
"HiG_9"	6693	"ACTN2"	98	"HiG"
"HiG_9"	0	"CITED2"	1138.5	"HiG"
"HiG_9"	7849	"APOB"	86	"HiG"
"HiG_9"	9235	"BARD1"	72	"HiG"
"HiG_9"	43961	"BRCA1"	18	"HiG"
"HiG_9"	104330	"CTNNB1"	4	"HiG"
"HiG_9"	1685	"CUX1"	289.5	"HiG"
"HiG_9"	33556	"CDKN1A"	23	"HiG"
"HiG_9"	16853	"COL1A1"	39	"HiG"
"HiG_9"	53340	"DCN"	14	"HiG"
"HiG_9"	1200	"HBEGF"	389	"HiG"
"HiG_9"	2915	"GADD45A"	182.5	"HiG"
"HiG_9"	564	"TOP2B"	488	"HiG"
"HiG_9"	837	"EGR1"	437.5	"HiG"
"HiG_9"	20973	"CREBBP"	29	"HiG"
"HiG_9"	12685	"FLNA"	47	"HiG"
"HiG_9"	4719	"GABARAP"	124	"HiG"
"HiG_9"	72160	"HNRNPA1"	8	"HiG"
"HiG_9"	96	"PRMT2"	659	"HiG"
"HiG_9"	648	"IFT88"	471.5	"HiG"
"HiG_9"	2	"HAND2"	898	"HiG"
"HiG_9"	27489	"LMNA"	26	"HiG"
"HiG_9"	2640	"AFDN"	204	"HiG"
"HiG_9"	490	"ATF7IP"	501	"HiG"
"HiG_9"	13420	"SNCA"	45	"HiG"
"HiG_9"	8617	"CTTN"	78	"HiG"
"HiG_9"	2121	"FLT1"	252	"HiG"
"HiG_9"	16358	"APOA1"	40	"HiG"
"HiG_9"	27	"DLG1"	758.5	"HiG"
"HiG_9"	2	"MAGI3"	898	"HiG"
"HiG_9"	863	"PRKAR1A"	433	"HiG"
"HiG_9"	68	"FER"	683	"HiG"
"HiG_9"	2668	"BRCA2"	199	"HiG"
"HiG_9"	1	"KDM5A"	917.5	"HiG"
"HiG_9"	4187	"CLU"	144	"HiG"
"HiG_9"	42	"DRAP1"	725	"HiG"
"HiG_9"	1342	"TNNC1"	342.5	"HiG"
"HiG_9"	463	"MAGED1"	508	"HiG"
"HiG_9"	3	"UPF2"	878	"HiG"
"HiG_9"	924	"STAM"	422	"HiG"
"HiG_9"	1	"DMD"	917.5	"HiG"
"HiG_9"	2780	"FMR1"	191	"HiG"
"HiG_9"	30	"MSN"	751	"HiG"
"HiG_9"	3	"POLA1"	878	"HiG"
"HiG_9"	359	"YAF2"	536	"HiG"
"HiG_9"	253	"LRP2"	572	"HiG"
"HiG_9"	10264	"DAB2"	60	"HiG"
"HiG_9"	2551	"IL6ST"	213	"HiG"
"HiG_9"	498	"PKN2"	498.5	"HiG"
"HiG_9"	604	"DSC3"	480	"HiG"
"HiG_9"	2693	"NFE2L2"	196.5	"HiG"
"HiG_9"	2178	"PIAS1"	244	"HiG"
"HiG_9"	29643	"CAVIN1"	25	"HiG"
"HiG_9"	255	"CDKN1B"	570	"HiG"
"HiG_9"	1307	"BMPR2"	374	"HiG"
"HiG_9"	608	"CDKN1C"	478	"HiG"
"HiG_9"	3795	"CADM1"	150	"HiG"
"HiG_9"	3305	"TSG101"	167	"HiG"
"HiG_9"	369	"NCOA4"	535	"HiG"
"HiG_9"	0	"BAG1"	1138.5	"HiG"
"HiG_9"	15815	"CUL1"	43	"HiG"
"HiG_9"	5948	"ILK"	104	"HiG"
"HiG_9"	942	"SNAP23"	420	"HiG"
"HiG_9"	7	"ARHGAP5"	836.5	"HiG"
"HiG_9"	66	"BTG1"	688.5	"HiG"
"HiG_9"	179	"RNF216"	599.5	"HiG"
"HiG_9"	39	"BTAF1"	734.5	"HiG"
"HiG_9"	17580	"CHD4"	37	"HiG"
"HiG_9"	4	"FNBP1"	864	"HiG"
"HiG_9"	319	"CCNT2"	553	"HiG"
"HiG_9"	62	"ERBIN"	697	"HiG"
"HiG_9"	2722	"GRHPR"	195	"HiG"
"HiG_9"	0	"CCNDBP1"	1138.5	"HiG"
"HiG_9"	1717	"GADD45G"	285	"HiG"
"HiG_9"	714	"EEA1"	461	"HiG"
"HiG_9"	633	"GOPC"	476	"HiG"
"HiG_9"	1769	"TXNIP"	279	"HiG"
"HiG_9"	35	"PLCB1"	742.5	"HiG"
"HiG_9"	10060	"CHD3"	62	"HiG"
"HiG_9"	602	"LMO4"	481	"HiG"
"HiG_9"	0	"EXOSC10"	1138.5	"HiG"
"HiG_9"	1571	"ING4"	304	"HiG"
"HiG_9"	0	"ZHX1"	1138.5	"HiG"
"HiG_9"	701	"VPS28"	464	"HiG"
"HiG_9"	0	"TNNI3"	1138.5	"HiG"
"HiG_9"	12489	"CALCOCO2"	48	"HiG"
"HiG_9"	0	"BNIP3L"	1138.5	"HiG"
"HiG_9"	0	"MAGEH1"	1138.5	"HiG"
"HiG_9"	8	"PTBP2"	828.5	"HiG"
"HiG_9"	85	"CEBPG"	667	"HiG"
"HiG_9"	1386	"RBPMS"	332	"HiG"
"HiG_9"	37	"GYG1"	737.5	"HiG"
"HiG_9"	2128	"LDOC1"	251	"HiG"
"HiG_9"	2515	"DCTN2"	215	"HiG"
"HiG_9"	0	"NAV2"	1138.5	"HiG"
"HiG_9"	2234	"STX8"	239	"HiG"
"HiG_9"	40	"PGLS"	731.5	"HiG"
"HiG_9"	0	"CHIC2"	1138.5	"HiG"
"HiG_9"	1929	"PDLIM7"	263	"HiG"
"HiG_9"	1728	"EMC2"	283	"HiG"
"HiG_9"	2286	"ABLIM1"	233	"HiG"
"HiG_9"	514	"CEP63"	495	"HiG"
"HiG_9"	5	"NT5C2"	853	"HiG"
"HiG_9"	1900	"WWP1"	267	"HiG"
"HiG_9"	5271	"DDIT3"	111	"HiG"
"HiG_9"	82	"LASP1"	669	"HiG"
"HiG_9"	380	"DKK1"	531.5	"HiG"
"HiG_9"	71702	"KRT18"	9	"HiG"
"HiG_9"	0	"BAMBI"	1138.5	"HiG"
"HiG_9"	19749	"KRT19"	34	"HiG"
"HiG_9"	846	"EFEMP2"	435	"HiG"
"HiG_9"	3604	"SPOP"	161	"HiG"
"HiG_9"	21	"CIAO1"	778.5	"HiG"
"HiG_9"	48	"PPFIBP2"	714.5	"HiG"
"HiG_9"	440	"CLUAP1"	517	"HiG"
"HiG_9"	0	"ENOX2"	1138.5	"HiG"
"HiG_9"	7	"PHLDA1"	836.5	"HiG"
"HiG_9"	2262	"ASH2L"	235	"HiG"
"HiG_9"	2	"CCDC112"	898	"HiG"
"HiG_9"	728	"AQP1"	458	"HiG"
"HiG_9"	8541	"NINL"	80	"HiG"
"HiG_9"	117	"MBIP"	641.5	"HiG"
"HiG_9"	5012	"JUP"	117	"HiG"
"HiG_9"	0	"PLAAT3"	1138.5	"HiG"
"HiG_9"	1425	"ISG15"	321	"HiG"
"HiG_9"	810	"GLUL"	442	"HiG"
"HiG_9"	2693	"HOOK1"	196.5	"HiG"
"HiG_9"	82	"MARK3"	669	"HiG"
"HiG_9"	1758	"AMOTL2"	280	"HiG"
"HiG_9"	179	"FZD7"	599.5	"HiG"
"HiG_9"	4937	"GABARAPL1"	118	"HiG"
"HiG_9"	213	"COL8A1"	586	"HiG"
"HiG_9"	1366	"APPL2"	336	"HiG"
"HiG_9"	0	"SORBS2"	1138.5	"HiG"
"HiG_9"	272	"ARHGAP29"	567	"HiG"
"HiG_9"	1	"GINS2"	917.5	"HiG"
"HiG_9"	4	"TANK"	864	"HiG"
"HiG_9"	0	"CCDC174"	1138.5	"HiG"
"HiG_9"	2891	"DYNC1I1"	186	"HiG"
"HiG_9"	50	"NRIP1"	711	"HiG"
"HiG_9"	303	"STMN2"	558.5	"HiG"
"HiG_9"	1326	"VTA1"	358	"HiG"
"HiG_9"	5679	"ACTN4"	108	"HiG"
"HiG_9"	87	"IFT20"	663	"HiG"
"HiG_9"	5246	"OPTN"	114	"HiG"
"HiG_9"	0	"DUSP12"	1138.5	"HiG"
"HiG_9"	0	"DYNLT3"	1138.5	"HiG"
"HiG_9"	7	"DDAH2"	836.5	"HiG"
"HiG_9"	432	"EPB41L3"	520	"HiG"
"HiG_9"	60	"NRBP1"	702	"HiG"
"HiG_9"	0	"BRCC3"	1138.5	"HiG"
"HiG_9"	4904	"BSG"	119	"HiG"
"HiG_9"	8944	"NFKBIA"	76	"HiG"
"HiG_9"	1327	"ERCC1"	353	"HiG"
"HiG_9"	1838	"YIPF3"	270	"HiG"
"HiG_9"	4439	"PDLIM5"	136	"HiG"
"HiG_9"	2347	"LRIF1"	225	"HiG"
"HiG_9"	3689	"GRN"	156	"HiG"
"HiG_9"	10	"S100A14"	819.5	"HiG"
"HiG_9"	2241	"SRSF1"	237	"HiG"
"HiG_9"	0	"KHDC4"	1138.5	"HiG"
"HiG_9"	0	"JAKMIP2"	1138.5	"HiG"
"HiG_9"	29	"RUNX1T1"	754	"HiG"
"HiG_9"	60	"RALB"	702	"HiG"
"HiG_9"	54717	"JUN"	13	"HiG"
"HiG_9"	4	"RP9"	864	"HiG"
"HiG_9"	36433	"LUM"	20	"HiG"
"HiG_9"	2662	"MAP3K20"	200	"HiG"
"HiG_9"	64	"TCEAL1"	693.5	"HiG"
"HiG_9"	0	"GSTK1"	1138.5	"HiG"
"HiG_9"	198	"PON2"	589	"HiG"
"HiG_9"	3338	"HLA-B"	165	"HiG"
"HiG_9"	812	"EIF3L"	439.5	"HiG"
"HiG_9"	57976	"RPL3"	12	"HiG"
"HiG_9"	9794	"CDK6"	65	"HiG"
"HiG_9"	10621	"PPP2R1A"	58	"HiG"
"HiG_9"	0	"TCEAL9"	1138.5	"HiG"
"HiG_9"	34	"PPFIBP1"	745	"HiG"
"HiG_9"	7300	"PPP1CB"	90	"HiG"
"HiG_9"	157	"ERC1"	613.5	"HiG"
"HiG_9"	1469	"KIF5C"	319	"HiG"
"HiG_9"	0	"ADI1"	1138.5	"HiG"
"HiG_9"	0	"SERINC3"	1138.5	"HiG"
"HiG_9"	3637	"LGALS1"	160	"HiG"
"HiG_9"	1	"NELFCD"	917.5	"HiG"
"HiG_9"	281	"AKAP13"	564	"HiG"
"HiG_9"	0	"PELO"	1138.5	"HiG"
"HiG_9"	0	"PKIG"	1138.5	"HiG"
"HiG_9"	66	"MYH7"	688.5	"HiG"
"HiG_9"	0	"DEGS1"	1138.5	"HiG"
"HiG_9"	160	"FBLN1"	611	"HiG"
"HiG_9"	2290	"IQGAP2"	232	"HiG"
"HiG_9"	78	"PLOD2"	673	"HiG"
"HiG_9"	0	"MTR"	1138.5	"HiG"
"HiG_9"	4171	"KCTD12"	145	"HiG"
"HiG_9"	67	"NUAK1"	686	"HiG"
"HiG_9"	8395	"CAPZA1"	82	"HiG"
"HiG_9"	166	"ATP2A2"	605.5	"HiG"
"HiG_9"	12862	"MT-CO2"	46	"HiG"
"HiG_9"	126	"CYP1B1"	631.5	"HiG"
"HiG_9"	12353	"CAPZA2"	50	"HiG"
"HiG_9"	44762	"ANXA1"	17	"HiG"
"HiG_9"	11608	"CEP135"	52	"HiG"
"HiG_9"	9741	"DDX6"	67	"HiG"
"HiG_9"	1505	"CEP162"	312	"HiG"
"HiG_9"	0	"GSTM3"	1138.5	"HiG"
"HiG_9"	3	"CLPX"	878	"HiG"
"HiG_9"	19	"AKAP8L"	785	"HiG"
"HiG_9"	162	"CMYA5"	609.5	"HiG"
"HiG_9"	0	"DHX38"	1138.5	"HiG"
"HiG_9"	4750	"FAF2"	122	"HiG"
"HiG_9"	2615	"KPNA1"	206	"HiG"
"HiG_9"	14	"OBI1"	802	"HiG"
"HiG_9"	9813	"SRSF6"	64	"HiG"
"HiG_9"	3	"MPG"	878	"HiG"
"HiG_9"	527	"MEST"	491	"HiG"
"HiG_9"	99	"GLG1"	655.5	"HiG"
"HiG_9"	1345	"BCL7A"	337.5	"HiG"
"HiG_9"	10	"NME2"	819.5	"HiG"
"HiG_9"	2386	"KMT2C"	222	"HiG"
"HiG_9"	11263	"APC"	53	"HiG"
"HiG_9"	4526	"JAK1"	130	"HiG"
"HiG_9"	19530	"ACTA1"	35	"HiG"
"HiG_9"	53	"NBN"	708	"HiG"
"HiG_9"	380	"PHF21A"	531.5	"HiG"
"HiG_9"	4698	"PIK3R1"	126	"HiG"
"HiG_9"	16055	"MDM2"	42	"HiG"
"HiG_9"	4	"CENPC"	864	"HiG"
"HiG_9"	2619	"GATA4"	205	"HiG"
"HiG_9"	117	"CD151"	641.5	"HiG"
"HiG_9"	3317	"CASP3"	166	"HiG"
"HiG_9"	86	"ARHGAP21"	665	"HiG"
"HiG_9"	0	"ERRFI1"	1138.5	"HiG"
"HiG_9"	0	"KLHDC2"	1138.5	"HiG"
"HiG_9"	5984	"LMO7"	103	"HiG"
"HiG_9"	3709	"PKP2"	155	"HiG"
"HiG_9"	988	"RND3"	415	"HiG"
"HiG_9"	9049	"BMP2"	73	"HiG"
"HiG_9"	0	"GADD45B"	1138.5	"HiG"
"HiG_9"	2680	"DDX39B"	198	"HiG"
"HiG_9"	0	"ETS2"	1138.5	"HiG"
"HiG_9"	316	"CDH3"	555	"HiG"
"HiG_9"	9012	"GTF2B"	74	"HiG"
"HiG_9"	1424	"TGFB2"	322	"HiG"
"HiG_9"	0	"ARID3A"	1138.5	"HiG"
"HiG_9"	7858	"TERF2IP"	85	"HiG"
"HiG_9"	100	"MED13L"	653.5	"HiG"
"HiG_9"	1588	"MED19"	301.5	"HiG"
"HiG_9"	79	"MED6"	672	"HiG"
"HiG_9"	1	"MED31"	917.5	"HiG"
"HiG_9"	97	"TEAD1"	657.5	"HiG"
"HiG_9"	130	"MEF2A"	628.5	"HiG"
"HiG_9"	1506	"BLOC1S2"	311	"HiG"
"HiG_9"	131	"SNAPIN"	626.5	"HiG"
"HiG_9"	486	"STX18"	503	"HiG"
"HiG_9"	17235	"KDR"	38	"HiG"
"HiG_9"	16341	"BMP4"	41	"HiG"
"HiG_9"	1181	"MYOCD"	395	"HiG"
"HiG_9"	2907	"SDCBP"	184	"HiG"
"HiG_9"	8489	"NEBL"	81	"HiG"
"HiG_9"	0	"CA2"	1138.5	"HiG"
"HiG_9"	0	"ADD1"	1138.5	"HiG"
"HiG_9"	4	"RAMP2"	864	"HiG"
"HiG_9"	3522	"FOXP1"	164	"HiG"
"HiG_9"	0	"FEZ2"	1138.5	"HiG"
"HiG_9"	2208	"KIF1B"	243	"HiG"
"HiG_9"	102	"CCNL2"	651	"HiG"
"HiG_9"	0	"EHBP1"	1138.5	"HiG"
"HiG_9"	1801	"DNAJC1"	272	"HiG"
"HiG_9"	11943	"ATF3"	51	"HiG"
"HiG_9"	2344	"OTUB1"	226.5	"HiG"
"HiG_9"	1515	"GNAI1"	309	"HiG"
"HiG_9"	0	"HAND1"	1138.5	"HiG"
"HiG_9"	3286	"CDH11"	170	"HiG"
"HiG_9"	1935	"AHNAK"	261	"HiG"
"HiG_9"	105	"HIPK2"	648.5	"HiG"
"HiG_9"	177	"UBE2B"	601	"HiG"
"HiG_9"	4063	"ANKRD1"	147	"HiG"
"HiG_9"	1304	"IGF1"	376.5	"HiG"
"HiG_9"	3833	"DBN1"	149	"HiG"
"HiG_9"	9	"CETN2"	823	"HiG"
"HiG_9"	5270	"CST3"	112	"HiG"
"HiG_9"	0	"CD200"	1138.5	"HiG"
"HiG_9"	0	"CREG1"	1138.5	"HiG"
"HiG_9"	6392	"NIN"	102	"HiG"
"HiG_9"	2171	"DICER1"	246	"HiG"
"HiG_9"	217	"CLK1"	583.5	"HiG"
"HiG_9"	22	"HAPLN1"	776	"HiG"
"HiG_9"	0	"BCAP29"	1138.5	"HiG"
"HiG_9"	49	"DOCK1"	712.5	"HiG"
"HiG_9"	388	"RIMS1"	525	"HiG"
"HiG_9"	2	"RIMS2"	898	"HiG"
"HiG_9"	7024	"NKX2-5"	93	"HiG"
"HiG_9"	1192	"RHEB"	392	"HiG"
"HiG_9"	21003	"SH3KBP1"	28	"HiG"
"HiG_9"	0	"ATF5"	1138.5	"HiG"
"HiG_9"	0	"COL4A1"	1138.5	"HiG"
"HiG_9"	802	"CCDC141"	445	"HiG"
"HiG_9"	340	"ANK3"	543	"HiG"
"HiG_9"	4258	"GAP43"	140	"HiG"
"HiG_9"	6	"GCA"	844.5	"HiG"
"HiG_9"	4211	"PEA15"	142	"HiG"
"HiG_9"	0	"EMP2"	1138.5	"HiG"
"HiG_9"	0	"KIN"	1138.5	"HiG"
"HiG_9"	1416	"S100A6"	324	"HiG"
"HiG_9"	461	"NCAM1"	509	"HiG"
"HiG_9"	5570	"MYBPC3"	109	"HiG"
"HiG_9"	117744	"ACTC1"	3	"HiG"
"HiG_9"	0	"ADAMTS1"	1138.5	"HiG"
"HiG_9"	8718	"DSC2"	77	"HiG"
"HiG_9"	1739	"TES"	281	"HiG"
"HiG_9"	7	"MAT2A"	836.5	"HiG"
"HiG_9"	331	"ACTG2"	549.5	"HiG"
"HiG_9"	0	"SAFB2"	1138.5	"HiG"
"HiG_9"	2758	"DAB1"	192	"HiG"
"HiG_9"	1477	"BOC"	318	"HiG"
"HiG_9"	0	"AMIGO2"	1138.5	"HiG"
"HiG_9"	6	"TACC2"	844.5	"HiG"
"HiG_9"	3540	"SMARCB1"	163	"HiG"
"HiG_9"	241	"CAND1"	575	"HiG"
"HiG_9"	86	"KAT6B"	665	"HiG"
"HiG_9"	1161	"EDNRA"	398	"HiG"
"HiG_9"	1619	"SND1"	299	"HiG"
"HiG_9"	0	"MNAT1"	1138.5	"HiG"
"HiG_9"	43	"BAZ2A"	721.5	"HiG"
"HiG_9"	234	"BAZ1A"	577	"HiG"
"HiG_9"	5267	"ARID1A"	113	"HiG"
"HiG_9"	4592	"SMARCE1"	128	"HiG"
"HiG_9"	651	"ARID4A"	470	"HiG"
"HiG_9"	156	"KLF10"	615	"HiG"
"HiG_9"	51	"FOXH1"	710	"HiG"
"HiG_9"	2	"HES1"	898	"HiG"
"HiG_9"	4445	"MDM4"	135	"HiG"
"HiG_9"	135	"MSX1"	624	"HiG"
"HiG_9"	0	"PRDM2"	1138.5	"HiG"
"HiG_9"	640	"PPP1R15A"	475	"HiG"
"HiG_9"	0	"IFNAR1"	1138.5	"HiG"
"HiG_9"	0	"PPP1R2"	1138.5	"HiG"
"HiG_9"	3051	"PDK1"	178	"HiG"
"HiG_9"	62	"ALDH2"	697	"HiG"
"HiG_9"	0	"ARMCX3"	1138.5	"HiG"
"HiG_9"	2	"ANXA6"	898	"HiG"
"HiG_9"	1343	"ARL4D"	341	"HiG"
"HiG_9"	49	"BMERB1"	712.5	"HiG"
"HiG_9"	8	"CASP6"	828.5	"HiG"
"HiG_9"	0	"CGA"	1138.5	"HiG"
"HiG_9"	1332	"CPE"	349	"HiG"
"HiG_9"	0	"DAP"	1138.5	"HiG"
"HiG_9"	3185	"COPS6"	175	"HiG"
"HiG_9"	335	"ENO2"	544	"HiG"
"HiG_9"	33	"FBXO34"	747.5	"HiG"
"HiG_9"	0	"FAM161A"	1138.5	"HiG"
"HiG_9"	0	"FXYD6"	1138.5	"HiG"
"HiG_9"	26	"GNG11"	760.5	"HiG"
"HiG_9"	2	"GOLM1"	898	"HiG"
"HiG_9"	758	"HERPUD1"	453	"HiG"
"HiG_9"	20051	"IGFBP3"	33	"HiG"
"HiG_9"	82	"ISYNA1"	669	"HiG"
"HiG_9"	0	"KIAA0232"	1138.5	"HiG"
"HiG_9"	64	"KIF15"	693.5	"HiG"
"HiG_9"	742	"PTN"	455	"HiG"
"HiG_9"	12	"NDUFA7"	809.5	"HiG"
"HiG_9"	5	"PAPSS1"	853	"HiG"
"HiG_9"	2	"DLGAP4"	898	"HiG"
"HiG_9"	1019	"RAB4A"	409.5	"HiG"
"HiG_9"	1120	"MAP3K12"	402	"HiG"
"HiG_9"	905	"RGS2"	426	"HiG"
"HiG_9"	72	"RUFY3"	676	"HiG"
"HiG_9"	0	"AFP"	1138.5	"HiG"
"HiG_9"	0	"NMRK2"	1138.5	"HiG"
"HiG_9"	2063	"COPA"	256	"HiG"
"HiG_9"	601	"LAMC1"	482	"HiG"
"HiG_9"	2375	"PIN4"	223	"HiG"
"HiG_9"	1314	"PRSS23"	368	"HiG"
"HiG_9"	94	"NBEA"	661.5	"HiG"
"HiG_9"	6	"SLC38A2"	844.5	"HiG"
"HiG_9"	0	"PDPN"	1138.5	"HiG"
"HiG_9"	437	"TP53BP2"	518	"HiG"
"HiG_9"	1720	"UBE2E1"	284	"HiG"
"HiG_9"	40	"CDC42EP3"	731.5	"HiG"
"HiG_9"	470	"FUNDC2"	505	"HiG"
"HiG_9"	0	"ABCD4"	1138.5	"HiG"
"HiG_9"	1331	"ALB"	350	"HiG"
"HiG_9"	2317	"ANXA3"	230	"HiG"
"HiG_9"	0	"ATP6V1F"	1138.5	"HiG"
"HiG_9"	148092	"VIM"	1	"HiG"
"HiG_9"	9970	"CDK5RAP2"	63	"HiG"
"HiG_9"	1395	"COMMD3"	329.5	"HiG"
"HiG_9"	699	"KLF6"	465	"HiG"
"HiG_9"	0	"DDIT4"	1138.5	"HiG"
"HiG_9"	0	"OLFML3"	1138.5	"HiG"
"HiG_9"	0	"TRIOBP"	1138.5	"HiG"
"HiG_9"	2843	"ITSN2"	188	"HiG"
"HiG_9"	24	"MLLT3"	769.5	"HiG"
"HiG_9"	15807	"MYH9"	44	"HiG"
"HiG_9"	10670	"ECH1"	57	"HiG"
"HiG_9"	6448	"PLEKHA4"	101	"HiG"
"HiG_9"	0	"SPG7"	1138.5	"HiG"
"HiG_9"	133	"CETN3"	625	"HiG"
"HiG_9"	2915	"ATN1"	182.5	"HiG"
"HiG_9"	1930	"SERPINB9"	262	"HiG"
"HiG_9"	20571	"TTR"	32	"HiG"
"HiG_9"	467	"TF"	507	"HiG"
"HiG_9"	4276	"TSC1"	139	"HiG"
"HiG_9"	36	"COL14A1"	740	"HiG"
"HiG_9"	17	"CAPN2"	792.5	"HiG"
"HiG_9"	5156	"CRYAB"	115	"HiG"
"HiG_9"	0	"CREM"	1138.5	"HiG"
"HiG_9"	387	"PLAGL1"	526	"HiG"
"HiG_9"	1042	"CSRP3"	408	"HiG"
"HiG_9"	11192	"NEFL"	55	"HiG"
"HiG_9"	1627	"COIL"	296	"HiG"
"HiG_9"	1113	"KDM6A"	403	"HiG"
"HiG_9"	723	"MEF2C"	459	"HiG"
"HiG_9"	5710	"CTSB"	107	"HiG"
"HiG_9"	1326	"GOSR1"	358	"HiG"
"HiG_9"	3166	"STX17"	177	"HiG"
"HiG_9"	1732	"KIFAP3"	282	"HiG"
"HiG_9"	906	"COL2A1"	425	"HiG"
"HiG_9"	25	"WEE1"	764.5	"HiG"
"HiG_9"	15	"DNAJC3"	798	"HiG"
"HiG_9"	0	"NPY"	1138.5	"HiG"
"HiG_9"	0	"TAF11"	1138.5	"HiG"
"HiG_9"	0	"PLIN3"	1138.5	"HiG"
"HiG_9"	4722	"ITGA8"	123	"HiG"
"HiG_9"	2650	"RYR2"	203	"HiG"
"HiG_9"	354	"ADAM10"	538	"HiG"
"HiG_9"	2328	"PLAT"	228	"HiG"
"HiG_9"	20574	"PDGFRA"	31	"HiG"
"HiG_9"	1270	"KIF3A"	384	"HiG"
"HiG_9"	48787	"COL3A1"	15	"HiG"
"HiG_9"	733	"COL5A1"	457	"HiG"
"HiG_9"	5320	"CCN2"	110	"HiG"
"HiG_9"	128	"APOA2"	630	"HiG"
"HiG_9"	2897	"IGF2"	185	"HiG"
"HiG_9"	0	"KCNJ3"	1138.5	"HiG"
"HiG_9"	8986	"ATP2B4"	75	"HiG"
"HiG_9"	8313	"NRP1"	83	"HiG"
"HiG_9"	125	"MAF"	633.5	"HiG"
"HiG_9"	3179	"CHMP3"	176	"HiG"
"HiG_9"	84062	"FN1"	6	"HiG"
"HiG_9"	0	"GYPC"	1138.5	"HiG"
"HiG_9"	0	"LIFR"	1138.5	"HiG"
"HiG_9"	103286	"KRT8"	5	"HiG"
"HiG_9"	0	"CRHBP"	1138.5	"HiG"
"HiG_9"	32234	"SQSTM1"	24	"HiG"
"HiG_9"	2590	"PCBP2"	207	"HiG"
"HiG_9"	567	"HOXB7"	487	"HiG"
"HiG_9"	4484	"CXCL12"	132	"HiG"
"HiG_9"	234	"VAMP2"	577	"HiG"
"HiG_9"	1	"PDCD4"	917.5	"HiG"
"HiG_9"	659	"PPP3CA"	468	"HiG"
"HiG_9"	3038	"MID1"	179	"HiG"
"HiG_9"	2654	"PKIA"	201	"HiG"
"HiG_9"	36	"MAP3K13"	740	"HiG"
"HiG_9"	3191	"NPPA"	174	"HiG"
"HiG_9"	1517	"NPPB"	308	"HiG"
"HiG_9"	3	"TNFRSF11B"	878	"HiG"
"HiG_9"	987	"ALCAM"	416	"HiG"
"HiG_9"	106	"PARD6B"	647	"HiG"
"HiG_9"	1335	"GATA3"	346.5	"HiG"
"HiG_9"	1326	"HRC"	358	"HiG"
"HiG_9"	344	"SLC2A1"	541	"HiG"
"HiG_9"	372	"SSBP2"	533	"HiG"
"HiG_9"	279	"SSBP3"	565	"HiG"
"HiG_9"	6635	"IGFBP5"	99	"HiG"
"HiG_9"	131	"LHX1"	626.5	"HiG"
"HiG_9"	20814	"IGFBP7"	30	"HiG"
"HiG_9"	329	"MEIS1"	551	"HiG"
"HiG_9"	3603	"AHCYL1"	162	"HiG"
"HiG_9"	1451	"JAG1"	320	"HiG"
"HiG_9"	2	"ARHGEF3"	898	"HiG"
"HiG_9"	518	"NMU"	494	"HiG"
"HiG_9"	644	"ANGPT1"	474	"HiG"
"HiG_9"	0	"ANGPT2"	1138.5	"HiG"
"HiG_9"	0	"KRT10"	1138.5	"HiG"
"HiG_9"	165	"RAB3B"	607	"HiG"
"HiG_9"	0	"PPP1R12B"	1138.5	"HiG"
"HiG_9"	2173	"ITGA6"	245	"HiG"
"HiG_9"	0	"EFNA5"	1138.5	"HiG"
"HiG_9"	2093	"MYLK"	254	"HiG"
"HiG_9"	0	"LAMTOR2"	1138.5	"HiG"
"HiG_9"	2752	"FGB"	193	"HiG"
"HiG_9"	2233	"ASAP1"	240	"HiG"
"HiG_9"	2528	"CCS"	214	"HiG"
"HiG_9"	7766	"FBXO22"	87	"HiG"
"HiG_9"	5711	"PTPRF"	106	"HiG"
"HiG_9"	4350	"DOK4"	137	"HiG"
"HiG_9"	68	"BICD1"	683	"HiG"
"HiG_9"	1654	"NKX3-1"	294	"HiG"
"HiG_9"	347	"MDK"	540	"HiG"
"HiG_9"	9688	"TRIM55"	69	"HiG"
"HiG_9"	3	"CLIP1"	878	"HiG"
"HiG_9"	26	"PAM"	760.5	"HiG"
"HiG_9"	1072	"PTPRD"	406	"HiG"
"HiG_9"	119	"FST"	639	"HiG"
"HiG_9"	8	"MYOZ2"	828.5	"HiG"
"HiG_9"	1326	"ARHGAP10"	358	"HiG"
"HiG_9"	17	"CHGA"	792.5	"HiG"
"HiG_9"	0	"ARL2BP"	1138.5	"HiG"
"HiG_9"	332	"VAMP3"	548	"HiG"
"HiG_9"	772	"NR2F1"	451	"HiG"
"HiG_9"	3	"ENC1"	878	"HiG"
"HiG_9"	2278	"POGZ"	234	"HiG"
"HiG_9"	0	"CHML"	1138.5	"HiG"
"HiG_9"	11	"EFNB2"	814.5	"HiG"
"HiG_9"	2397	"ISL1"	220	"HiG"
"HiG_9"	434	"SDC2"	519	"HiG"
"HiG_9"	146	"PAPPA"	619.5	"HiG"
"HiG_9"	1396	"PCNT"	328	"HiG"
"HiG_9"	3	"COL6A1"	878	"HiG"
"HiG_9"	1326	"MASP1"	358	"HiG"
"HiG_9"	3198	"PPP2R3A"	173	"HiG"
"HiG_9"	0	"CRB2"	1138.5	"HiG"
"HiG_9"	1798	"ITGA1"	273	"HiG"
"HiG_9"	7615	"CD47"	89	"HiG"
"HiG_9"	1711	"IFI16"	286	"HiG"
"HiG_9"	0	"CTTNBP2"	1138.5	"HiG"
"HiG_9"	0	"CTTNBP2NL"	1138.5	"HiG"
"HiG_9"	44	"FGFR1OP2"	719	"HiG"
"HiG_9"	1689	"STRN3"	288	"HiG"
"HiG_9"	9245	"CNN1"	71	"HiG"
"HiG_9"	0	"FBN2"	1138.5	"HiG"
"HiG_9"	2219	"NTRK2"	241	"HiG"
"HiG_9"	1483	"HEY1"	316	"HiG"
"HiG_9"	7	"RNF19A"	836.5	"HiG"
"HiG_9"	671	"WT1"	466	"HiG"
"HiG_9"	605	"CCL2"	479	"HiG"
"HiG_9"	1001	"TAOK3"	412	"HiG"
"HiG_9"	0	"GATA6"	1138.5	"HiG"
"HiG_9"	0	"MXI1"	1138.5	"HiG"
"HiG_9"	0	"NTS"	1138.5	"HiG"
"HiG_9"	1323	"TFPI"	365	"HiG"
"HiG_9"	4847	"NR2F2"	120	"HiG"
"HiG_9"	4524	"PGM1"	131	"HiG"
"HiG_9"	7261	"PLN"	91	"HiG"
"HiG_9"	2	"GABRB2"	898	"HiG"
"HiG_9"	317	"FHL1"	554	"HiG"
"HiG_9"	749	"RBP4"	454	"HiG"
"HiG_9"	1622	"FGF10"	298	"HiG"
"HiG_9"	1522	"RAB11FIP1"	307	"HiG"
"HiG_9"	0	"PTPRA"	1138.5	"HiG"
"HiG_9"	331	"SEPTIN6"	549.5	"HiG"
"HiG_9"	62	"PLEKHA1"	697	"HiG"
"HiG_9"	6	"MPDZ"	844.5	"HiG"
"HiG_9"	33797	"ACTA2"	22	"HiG"
"HiG_9"	7670	"CCN1"	88	"HiG"
"HiG_9"	1806	"SRPRA"	271	"HiG"
"HiG_9"	0	"SST"	1138.5	"HiG"
"HiG_9"	4702	"SNAP29"	125	"HiG"
"HiG_9"	9705	"MAPRE1"	68	"HiG"
"HiG_9"	97	"POLR3D"	657.5	"HiG"
"HiG_9"	0	"MATN2"	1138.5	"HiG"
"HiG_9"	5085	"TNNT2"	116	"HiG"
"HiG_9"	69898	"TPM1"	10	"HiG"
"HiG_9"	3654	"LMNB1"	158	"HiG"
"HiG_9"	805	"PABPN1"	443.5	"HiG"
"HiG_9"	0	"GLRX"	1138.5	"HiG"
"HiG_9"	0	"UPP1"	1138.5	"HiG"
"HiG_9"	1312	"MAP4K5"	369	"HiG"
"HiG_9"	660	"TRAF3IP1"	467	"HiG"
"HiG_9"	1393	"TRAF5"	331	"HiG"
"HiG_9"	2209	"PJA2"	242	"HiG"
"HiG_9"	36333	"LGALS3"	21	"HiG"
"HiG_9"	23	"ELF2"	773	"HiG"
"HiG_9"	2799	"LAMA1"	189	"HiG"
"HiG_9"	4194	"DECR1"	143	"HiG"
"HiG_9"	448	"NDFIP1"	515	"HiG"
"HiG_9"	10714	"DLK1"	56	"HiG"
"HiG_9"	122	"PLEKHO1"	636	"HiG"
"HiG_9"	5	"FKBP7"	853	"HiG"
"HiG_9"	2785	"SPP1"	190	"HiG"
"HiG_9"	0	"FILIP1"	1138.5	"HiG"
"HiG_9"	6806	"ENO3"	94	"HiG"
"HiG_9"	28	"DZIP3"	756.5	"HiG"
"HiG_9"	20	"SPRY1"	781	"HiG"
"HiG_9"	65	"OS9"	690.5	"HiG"
"HiG_9"	1342	"AGL"	342.5	"HiG"
"HiG_9"	1905	"SMC5"	266	"HiG"
"HiG_9"	48	"MUS81"	714.5	"HiG"
"HiG_9"	3	"JADE1"	878	"HiG"
"HiG_9"	413	"ING2"	521.5	"HiG"
"HiG_9"	1	"ING3"	917.5	"HiG"
"HiG_9"	22	"PAF1"	776	"HiG"
"HiG_9"	10608	"USP11"	59	"HiG"
"HiG_9"	118	"AMOT"	640	"HiG"
"HiG_9"	0	"FRG1"	1138.5	"HiG"
"HiG_9"	0	"MPST"	1138.5	"HiG"
"HiG_9"	2254	"MYO6"	236	"HiG"
"HiG_9"	4470	"TP53BP1"	133	"HiG"
"HiG_9"	229	"WDR48"	580	"HiG"
"HiG_9"	254	"USP46"	571	"HiG"
"HiG_9"	67	"SLC39A7"	686	"HiG"
"HiG_9"	1862	"TAGLN2"	268	"HiG"
"HiG_9"	0	"OSBPL9"	1138.5	"HiG"
"HiG_9"	1789	"TRIP12"	274	"HiG"
"HiG_9"	2170	"QKI"	247	"HiG"
"HiG_9"	0	"NPEPPS"	1138.5	"HiG"
"HiG_9"	71	"PAIP1"	679	"HiG"
"HiG_9"	2844	"CKAP4"	187	"HiG"
"HiG_9"	989	"ATE1"	414	"HiG"
"HiG_9"	1	"USP3"	917.5	"HiG"
"HiG_9"	800	"ERP44"	447	"HiG"
"HiG_9"	195	"USP22"	590	"HiG"
"HiG_9"	261	"SDF4"	568	"HiG"
"HiG_9"	1669	"DCXR"	292	"HiG"
"HiG_9"	2240	"UBR5"	238	"HiG"
"HiG_9"	3767	"USP33"	151	"HiG"
"HiG_9"	2361	"IPO9"	224	"HiG"
"HiG_9"	0	"USP53"	1138.5	"HiG"
"HiG_9"	0	"MRPL40"	1138.5	"HiG"
"HiG_9"	1527	"DHX40"	306	"HiG"
"HiG_9"	1295	"ABRAXAS1"	379	"HiG"
"HiG_9"	1484	"PRRC2B"	315	"HiG"
"HiG_9"	3	"ATAD1"	878	"HiG"
"HiG_9"	64	"SSX2IP"	693.5	"HiG"
"HiG_9"	14	"SHPRH"	802	"HiG"
"HiG_9"	0	"CEP85L"	1138.5	"HiG"
"HiG_9"	1942	"USP15"	260	"HiG"
"HiG_9"	29	"MYH11"	754	"HiG"
"HiG_9"	65	"RPAP2"	690.5	"HiG"
"HiG_9"	0	"NTPCR"	1138.5	"HiG"
"HiG_9"	2012	"HNRNPH2"	259	"HiG"
"HiG_9"	1308	"FGG"	372.5	"HiG"
"HiG_9"	55	"FRMD4A"	705	"HiG"
"HiG_9"	0	"IFRD1"	1138.5	"HiG"
"HiG_9"	3	"DCAF5"	878	"HiG"
"HiG_9"	19	"DCAF6"	785	"HiG"
"HiG_9"	0	"CCDC50"	1138.5	"HiG"
"HiG_9"	27	"CNOT4"	758.5	"HiG"
"HiG_9"	876	"LTN1"	430	"HiG"
"HiG_9"	1084	"UBE2E3"	405	"HiG"
"HiG_9"	6757	"MYL9"	97	"HiG"
"HiG_9"	855	"N4BP2"	434	"HiG"
"HiG_9"	9557	"UBE2H"	70	"HiG"
"HiG_9"	0	"RSPRY1"	1138.5	"HiG"
"HiG_9"	2	"TRIM5"	898	"HiG"
"HiG_9"	0	"EVI5"	1138.5	"HiG"
"HiG_9"	190	"PIK3C3"	592	"HiG"
"HiG_9"	55	"BAIAP2L1"	705	"HiG"
"HiG_9"	0	"PRKAG2"	1138.5	"HiG"
"HiG_9"	1167	"RABGAP1"	396.5	"HiG"
"HiG_9"	0	"CEP78"	1138.5	"HiG"
"HiG_9"	1275	"GPC4"	382.5	"HiG"
"HiG_9"	0	"CAB39L"	1138.5	"HiG"
"HiG_9"	1657	"STK3"	293	"HiG"
"HiG_9"	801	"PFKP"	446	"HiG"
"HiG_9"	260	"TOR1AIP2"	569	"HiG"
"HiG_9"	43	"LAMB1"	721.5	"HiG"
"HiG_9"	2	"TBX3"	898	"HiG"
"HiG_9"	125	"WNK1"	633.5	"HiG"
"HiG_9"	2344	"TSC22D1"	226.5	"HiG"
"HiG_9"	1185	"CAP2"	393	"HiG"
"HiG_9"	383	"CNTRL"	528.5	"HiG"
"HiG_9"	0	"COBLL1"	1138.5	"HiG"
"HiG_9"	1395	"SETX"	329.5	"HiG"
"HiG_9"	4648	"WWTR1"	127	"HiG"
"HiG_9"	653	"TNRC6A"	469	"HiG"
"HiG_9"	0	"FAM13B"	1138.5	"HiG"
"HiG_9"	0	"CPLANE1"	1138.5	"HiG"
"HiG_9"	0	"CHD6"	1138.5	"HiG"
"HiG_9"	0	"CGNL1"	1138.5	"HiG"
"HiG_9"	0	"CFAP36"	1138.5	"HiG"
"HiG_9"	0	"FKBP14"	1138.5	"HiG"
"HiG_9"	189	"DNAJC9"	593	"HiG"
"HiG_9"	1501	"PBRM1"	313	"HiG"
"HiG_9"	1013	"MEIS2"	411	"HiG"
"HiG_9"	146	"PBX3"	619.5	"HiG"
"HiG_9"	0	"PCBD1"	1138.5	"HiG"
"HiG_9"	130	"XBP1"	628.5	"HiG"
"HiG_9"	17	"L3MBTL3"	792.5	"HiG"
"HiG_9"	99	"LDB2"	655.5	"HiG"
"HiG_9"	0	"DACT1"	1138.5	"HiG"
"HiG_9"	1266	"MEAF6"	385	"HiG"
"HiG_9"	61	"CDK12"	699.5	"HiG"
"HiG_9"	0	"PCF11"	1138.5	"HiG"
"HiG_9"	1670	"SEPTIN9"	291	"HiG"
"HiG_9"	5	"ATF7IP2"	853	"HiG"
"HiG_9"	0	"LRRFIP2"	1138.5	"HiG"
"HiG_9"	0	"NFKBIZ"	1138.5	"HiG"
"HiG_9"	1919	"XRCC4"	265	"HiG"
"HiG_9"	110	"TBL1XR1"	644	"HiG"
"HiG_9"	0	"LPIN1"	1138.5	"HiG"
"HiG_9"	0	"KDM6B"	1138.5	"HiG"
"HiG_9"	2401	"CENPV"	219	"HiG"
"HiG_9"	19	"TOX4"	785	"HiG"
"HiG_9"	170	"PSPC1"	603	"HiG"
"HiG_9"	2	"GUCY1A1"	898	"HiG"
"HiG_9"	1329	"PLCE1"	351	"HiG"
"HiG_9"	37	"RBM33"	737.5	"HiG"
"HiG_9"	34	"FBXO21"	745	"HiG"
"HiG_9"	42	"TBC1D15"	725	"HiG"
"HiG_9"	1335	"REV3L"	346.5	"HiG"
"HiG_9"	0	"SVBP"	1138.5	"HiG"
"HiG_9"	19	"DCTN6"	785	"HiG"
"HiG_9"	95	"PXK"	660	"HiG"
"HiG_9"	4143	"CYB5R3"	146	"HiG"
"HiG_9"	1578	"TSC22D3"	303	"HiG"
"HiG_9"	6760	"TNRC6B"	96	"HiG"
"HiG_9"	0	"HAS2"	1138.5	"HiG"
"HiG_9"	708	"NRP2"	462	"HiG"
"HiG_9"	1136	"PCDH7"	401	"HiG"
"HiG_9"	23	"HIGD1A"	773	"HiG"
"HiG_9"	1404	"ANKLE2"	327	"HiG"
"HiG_9"	1770	"LPP"	278	"HiG"
"HiG_9"	285	"S100A16"	562	"HiG"
"HiG_9"	811	"PRDX2"	441	"HiG"
"HiG_9"	0	"ACADVL"	1138.5	"HiG"
"HiG_9"	1326	"MMAB"	358	"HiG"
"HiG_9"	0	"ECI1"	1138.5	"HiG"
"HiG_9"	1275	"P4HA1"	382.5	"HiG"
"HiG_9"	0	"P3H4"	1138.5	"HiG"
"HiG_9"	134426	"TTN"	2	"HiG"
"HiG_9"	0	"MYL3"	1138.5	"HiG"
"HiG_9"	42	"MME"	725	"HiG"
"HiG_9"	508	"FAHD1"	497	"HiG"
"HiG_9"	303	"ARRDC3"	558.5	"HiG"
"HiG_9"	105	"BST2"	648.5	"HiG"
"HiG_9"	0	"SELENOP"	1138.5	"HiG"
"HiG_9"	17	"PNRC1"	792.5	"HiG"
"HiG_9"	4	"BTG3"	864	"HiG"
"HiG_9"	100	"PHKB"	653.5	"HiG"
"HiG_9"	8571	"TNNI1"	79	"HiG"
"HiG_9"	124	"RIOK1"	635	"HiG"
"HiG_9"	1328	"CFAP20"	352	"HiG"
"HiG_9"	3752	"TRA2A"	154	"HiG"
"HiG_9"	0	"KCTD20"	1138.5	"HiG"
"HiG_9"	796	"RCN1"	448	"HiG"
"HiG_9"	1773	"KRT7"	277	"HiG"
"HiG_9"	1167	"CEP170"	396.5	"HiG"
"HiG_9"	55	"CCDC93"	705	"HiG"
"HiG_9"	29	"EXOC1"	754	"HiG"
"HiG_9"	1511	"COLEC12"	310	"HiG"
"HiG_9"	0	"SH3BP5"	1138.5	"HiG"
"HiG_9"	40	"DPYSL3"	731.5	"HiG"
"HiG_9"	0	"AEBP1"	1138.5	"HiG"
"HiG_9"	2435	"GDF15"	218	"HiG"
"HiG_9"	0	"AZI2"	1138.5	"HiG"
"HiG_9"	148	"CEP152"	618	"HiG"
"HiG_9"	591	"BNC2"	485	"HiG"
"HiG_9"	2162	"CLGN"	248	"HiG"
"HiG_9"	399	"HM13"	524	"HiG"
"HiG_9"	1	"LPGAT1"	917.5	"HiG"
"HiG_9"	0	"CRIP2"	1138.5	"HiG"
"HiG_9"	112	"ASRGL1"	643	"HiG"
"HiG_9"	532	"DCTN3"	490	"HiG"
"HiG_9"	2559	"ITFG1"	211	"HiG"
"HiG_9"	4	"PARVA"	864	"HiG"
"HiG_9"	371	"CMTM3"	534	"HiG"
"HiG_9"	0	"UROD"	1138.5	"HiG"
"HiG_9"	1309	"COL4A5"	370.5	"HiG"
"HiG_9"	26889	"RPS27"	27	"HiG"
"HiG_9"	2956	"GPM6A"	180	"HiG"
"HiG_9"	1205	"ROBO2"	388	"HiG"
"HiG_9"	0	"MBTPS1"	1138.5	"HiG"
"HiG_9"	0	"KATNBL1"	1138.5	"HiG"
"HiG_9"	0	"HMGXB3"	1138.5	"HiG"
"HiG_9"	32	"GPCPD1"	749	"HiG"
"HiG_9"	1304	"ODC1"	376.5	"HiG"
"HiG_9"	2157	"PLD3"	250	"HiG"
"HiG_9"	6	"RUFY2"	844.5	"HiG"
"HiG_9"	11	"TMEM98"	814.5	"HiG"
"HiG_9"	0	"COMMD8"	1138.5	"HiG"
"HiG_9"	7	"TAOK1"	836.5	"HiG"
"HiG_9"	717	"EOMES"	460	"HiG"
"HiG_9"	1284	"FRZB"	381	"HiG"
"HiG_9"	595	"SVIL"	484	"HiG"
"HiG_9"	513	"MERTK"	496	"HiG"
"HiG_9"	24	"REV1"	769.5	"HiG"
"HiG_9"	2307	"BRD3"	231	"HiG"
"HiG_9"	0	"DECR2"	1138.5	"HiG"
"HiG_9"	6763	"TCF7L2"	95	"HiG"
"HiG_9"	0	"TLE4"	1138.5	"HiG"
"HiG_9"	61864	"RPS18"	11	"HiG"
"HiG_9"	0	"LPIN2"	1138.5	"HiG"
"HiG_9"	1224	"PLXNA2"	387	"HiG"
"HiG_9"	1019	"HOXB4"	409.5	"HiG"
"HiG_9"	0	"DNAJC21"	1138.5	"HiG"
"HiG_9"	121	"CRCP"	637.5	"HiG"
"HiG_9"	917	"RCAN1"	423	"HiG"
"HiG_9"	0	"EPN2"	1138.5	"HiG"
"HiG_9"	0	"GOLGA8A"	1138.5	"HiG"
"HiG_9"	1325	"MAP9"	363.5	"HiG"
"HiG_9"	10	"EAPP"	819.5	"HiG"
"HiG_9"	0	"CDV3"	1138.5	"HiG"
"HiG_9"	4	"CAMSAP2"	864	"HiG"
"HiG_9"	231	"ARPC1A"	579	"HiG"
"HiG_9"	0	"BLCAP"	1138.5	"HiG"
"HiG_9"	0	"ANKRD10"	1138.5	"HiG"
"HiG_9"	1144	"ARID5B"	399.5	"HiG"
"HiG_9"	1	"AHI1"	917.5	"HiG"
"HiG_9"	0	"COTL1"	1138.5	"HiG"
"HiG_9"	0	"AK3"	1138.5	"HiG"
"HiG_9"	0	"CGGBP1"	1138.5	"HiG"
"HiG_9"	1326	"ANO6"	358	"HiG"
"HiG_9"	11	"COL11A1"	814.5	"HiG"
"HiG_9"	224	"RBM5"	581	"HiG"
"HiG_9"	25	"MYO1B"	764.5	"HiG"
"HiG_9"	25	"KRI1"	764.5	"HiG"
"HiG_9"	78069	"RPS15"	7	"HiG"
"HiG_9"	0	"GLYR1"	1138.5	"HiG"
"HiG_9"	80	"PUM1"	671	"HiG"
"HiG_9"	411	"RECQL"	523	"HiG"
"HiG_9"	0	"LMCD1"	1138.5	"HiG"
"HiG_9"	0	"PHLDB2"	1138.5	"HiG"
"HiG_9"	0	"LIMCH1"	1138.5	"HiG"
"HiG_9"	383	"ID4"	528.5	"HiG"
"HiG_9"	243	"TFG"	574	"HiG"
"HiG_9"	38	"CNTLN"	736	"HiG"
"HiG_9"	865	"UBE2J1"	432	"HiG"
"HiG_9"	14	"XPA"	802	"HiG"
"HiG_9"	0	"UBE2Q2"	1138.5	"HiG"
"HiG_9"	457	"GRIPAP1"	511	"HiG"
"HiG_9"	0	"SLC39A6"	1138.5	"HiG"
"HiG_9"	705	"PALLD"	463	"HiG"
"HiG_9"	309	"SNCAIP"	556	"HiG"
"HiG_9"	0	"GSPT2"	1138.5	"HiG"
"HiG_9"	556	"MIF"	489	"HiG"
"HiG_9"	0	"DNPH1"	1138.5	"HiG"
"HiG_9"	0	"AFAP1L2"	1138.5	"HiG"
"HiG_9"	19	"ANKMY2"	785	"HiG"
"HiG_9"	0	"PDLIM2"	1138.5	"HiG"
"HiG_9"	413	"LITAF"	521.5	"HiG"
"HiG_9"	162	"SERPINA1"	609.5	"HiG"
"HiG_9"	2504	"LGR4"	216	"HiG"
"HiG_9"	25	"FBXO17"	764.5	"HiG"
"HiG_9"	0	"CCDC80"	1138.5	"HiG"
"HiG_9"	275	"CNTN4"	566	"HiG"
"HiG_9"	0	"CAPRIN2"	1138.5	"HiG"
"HiG_9"	0	"ARMCX2"	1138.5	"HiG"
"HiG_9"	0	"ANAPC13"	1138.5	"HiG"
"HiG_9"	184	"FZD2"	596	"HiG"
"HiG_9"	1478	"MFAP4"	317	"HiG"
"HiG_9"	0	"DMTF1"	1138.5	"HiG"
"HiG_9"	40	"ARHGAP6"	731.5	"HiG"
"HiG_9"	4229	"SYT1"	141	"HiG"
"HiG_9"	999	"FYTTD1"	413	"HiG"
"HiG_9"	786	"ECE1"	450	"HiG"
"HiG_9"	188	"HOOK3"	594	"HiG"
"HiG_9"	910	"THOC1"	424	"HiG"
"HiG_9"	222	"NEK1"	582	"HiG"
"HiG_9"	0	"MYDGF"	1138.5	"HiG"
"HiG_9"	71	"EDN1"	679	"HiG"
"HiG_9"	1321	"PPIC"	366	"HiG"
"HiG_9"	39	"RERE"	734.5	"HiG"
"HiG_9"	43	"RTL8C"	721.5	"HiG"
"HiG_9"	293	"ARL4C"	561	"HiG"
"HiG_9"	478	"EGFL7"	504	"HiG"
"HiG_9"	0	"CELF2"	1138.5	"HiG"
"HiG_9"	207	"NSMCE2"	588	"HiG"
"HiG_9"	8	"PGM3"	828.5	"HiG"
"HiG_9"	1308	"TRAPPC1"	372.5	"HiG"
"HiG_9"	1650	"PSTPIP2"	295	"HiG"
"HiG_9"	491	"AAK1"	500	"HiG"
"HiG_9"	0	"TXNL4B"	1138.5	"HiG"
"HiG_9"	12	"AIG1"	809.5	"HiG"
"HiG_9"	0	"TUBB6"	1138.5	"HiG"
"HiG_9"	1325	"BDH2"	363.5	"HiG"
"HiG_9"	1598	"PLK2"	300	"HiG"
"HiG_9"	0	"AAMDC"	1138.5	"HiG"
"HiG_9"	0	"HPS1"	1138.5	"HiG"
"HiG_9"	0	"RPS28"	1138.5	"HiG"
"HiG_9"	0	"TRMT6"	1138.5	"HiG"
"HiG_9"	2653	"SUCLA2"	202	"HiG"
"HiG_9"	1780	"ACTR10"	275	"HiG"
"HiG_9"	3762	"WASHC3"	153	"HiG"
"HiG_9"	41	"RNASEH2B"	728	"HiG"
"HiG_9"	9	"SCP2"	823	"HiG"
"HiG_9"	0	"USP34"	1138.5	"HiG"
"HiG_9"	9779	"RAB31"	66	"HiG"
"HiG_9"	0	"NDUFAF3"	1138.5	"HiG"
"HiG_9"	805	"RBMS1"	443.5	"HiG"
"HiG_9"	487	"CHAMP1"	502	"HiG"
"HiG_9"	0	"SHTN1"	1138.5	"HiG"
"HiG_9"	0	"NAA16"	1138.5	"HiG"
"HiG_9"	41	"SPCS2"	728	"HiG"
"HiG_9"	0	"OXA1L"	1138.5	"HiG"
"HiG_9"	102	"WASF1"	651	"HiG"
"HiG_9"	30	"PPIP5K2"	751	"HiG"
"HiG_9"	456	"GNG12"	512	"HiG"
"HiG_9"	0	"NT5DC1"	1138.5	"HiG"
"HiG_9"	0	"IKBIP"	1138.5	"HiG"
"HiG_9"	215	"UTRN"	585	"HiG"
"HiG_9"	959	"RUFY1"	418	"HiG"
"HiG_9"	0	"CFL2"	1138.5	"HiG"
"HiG_9"	4	"MIER1"	864	"HiG"
"HiG_9"	443	"ZNF148"	516	"HiG"
"HiG_9"	0	"MICOS13"	1138.5	"HiG"
"HiG_9"	0	"TIMM17B"	1138.5	"HiG"
"HiG_9"	18	"IFT22"	788.5	"HiG"
"HiG_9"	0	"TLN2"	1138.5	"HiG"
"HiG_9"	0	"WDR70"	1138.5	"HiG"
"HiG_9"	0	"CRYZL1"	1138.5	"HiG"
"HiG_9"	0	"DENND5B"	1138.5	"HiG"
"HiG_9"	12	"ETFB"	809.5	"HiG"
"HiG_9"	0	"TIPRL"	1138.5	"HiG"
"HiG_9"	0	"BLVRB"	1138.5	"HiG"
"HiG_9"	0	"SERINC1"	1138.5	"HiG"
"HiG_9"	0	"VPS41"	1138.5	"HiG"
"HiG_9"	2576	"SPAG9"	208	"HiG"
"HiG_9"	1046	"GOLGA7"	407	"HiG"
"HiG_9"	0	"PCDH10"	1138.5	"HiG"
"HiG_9"	171	"TUBGCP2"	602	"HiG"
"HiG_9"	10	"THG1L"	819.5	"HiG"
"HiG_9"	42473	"SLIT2"	19	"HiG"
"HiG_9"	0	"KIAA0586"	1138.5	"HiG"
"HiG_9"	11	"SCNM1"	814.5	"HiG"
"HiG_9"	386	"TMEM230"	527	"HiG"
"HiG_9"	5	"MSMO1"	853	"HiG"
"HiG_9"	0	"CCDC167"	1138.5	"HiG"
"HiG_9"	5	"APOC3"	853	"HiG"
"HiG_9"	0	"CCDC12"	1138.5	"HiG"
"HiG_9"	7	"CLDN10"	836.5	"HiG"
"HiG_9"	0	"RMDN1"	1138.5	"HiG"
"HiG_9"	1	"DGKI"	917.5	"HiG"
"HiG_9"	1700	"LONP2"	287	"HiG"
"HiG_9"	1553	"RPGRIP1L"	305	"HiG"
"HiG_9"	0	"KRCC1"	1138.5	"HiG"
"HiG_9"	0	"CNMD"	1138.5	"HiG"
"HiG_9"	0	"MSI2"	1138.5	"HiG"
"HiG_9"	139	"CLTB"	623	"HiG"
"HiG_9"	2940	"MYL4"	181	"HiG"
"HiG_9"	0	"HBE1"	1138.5	"HiG"
"HiG_9"	126	"HSDL2"	631.5	"HiG"
"HiG_9"	1380	"SGMS1"	334	"HiG"
"HiG_9"	60	"FGD6"	702	"HiG"
"HiG_9"	1338	"NID2"	345	"HiG"
"HiG_9"	0	"RNPC3"	1138.5	"HiG"
"HiG_9"	0	"FAM184A"	1138.5	"HiG"
"HiG_9"	10161	"RPL34"	61	"HiG"
"HiG_9"	0	"GLIPR2"	1138.5	"HiG"
"HiG_9"	1333	"LSAMP"	348	"HiG"
"HiG_9"	33	"NEXN"	747.5	"HiG"
"HiG_9"	569	"FOXC1"	486	"HiG"
"HiG_9"	0	"SOX6"	1138.5	"HiG"
"HiG_9"	0	"PTGIS"	1138.5	"HiG"
"HiG_9"	0	"PLAC9"	1138.5	"HiG"
"HiG_9"	0	"PLA2G12A"	1138.5	"HiG"
"HiG_9"	0	"CXCL14"	1138.5	"HiG"
"HiG_9"	0	"CCBE1"	1138.5	"HiG"
"HiG_9"	0	"ARFGAP3"	1138.5	"HiG"
"HiG_9"	22	"SIPA1L2"	776	"HiG"
"HiG_9"	94	"ENTPD4"	661.5	"HiG"
"HiG_9"	11203	"EPHA7"	54	"HiG"
"HiG_9"	0	"CWC25"	1138.5	"HiG"
"HiG_9"	1252	"COL6A2"	386	"HiG"
"HiG_9"	77	"IDH2"	674	"HiG"
"HiG_9"	14	"ALDH6A1"	802	"HiG"
"HiG_9"	0	"MT-ND4L"	1138.5	"HiG"
"HiG_9"	0	"RGS16"	1138.5	"HiG"
"HiG_9"	333	"SDC4"	546.5	"HiG"
"HiG_9"	0	"LBH"	1138.5	"HiG"
"HiG_9"	0	"LYRM4"	1138.5	"HiG"
"HiG_9"	0	"NME6"	1138.5	"HiG"
"HiG_9"	168	"RCOR3"	604	"HiG"
"HiG_9"	6462	"TIPARP"	100	"HiG"
"HiG_9"	646	"XRN1"	473	"HiG"
"HiG_9"	1345	"KIDINS220"	337.5	"HiG"
"HiG_9"	0	"NSG1"	1138.5	"HiG"
"HiG_9"	68	"RSRP1"	683	"HiG"
"HiG_9"	2325	"MAB21L2"	229	"HiG"
"HiG_9"	0	"SPATS2"	1138.5	"HiG"
"HiG_9"	18398	"VIRMA"	36	"HiG"
"HiG_9"	46	"CEP89"	717.5	"HiG"
"HiG_9"	596	"CSPP1"	483	"HiG"
"HiG_9"	3256	"PIBF1"	171	"HiG"
"HiG_9"	1196	"INPP5F"	390	"HiG"
"HiG_9"	3947	"NAV1"	148	"HiG"
"HiG_9"	13	"R3HDM2"	806	"HiG"
"HiG_9"	3674	"KLF3"	157	"HiG"
"HiG_9"	4822	"RAB3IP"	121	"HiG"
"HiG_9"	2	"RSPO2"	898	"HiG"
"HiG_9"	0	"OARD1"	1138.5	"HiG"
"HiG_9"	2	"FAM114A1"	898	"HiG"
"HiG_9"	0	"KIF21A"	1138.5	"HiG"
"HiG_9"	0	"LZTFL1"	1138.5	"HiG"
"HiG_9"	8	"MCTS1"	828.5	"HiG"
"HiG_9"	1193	"NMT1"	391	"HiG"
"HiG_9"	0	"PRPF39"	1138.5	"HiG"
"HiG_9"	1096	"SCRN1"	404	"HiG"
"HiG_9"	0	"SWAP70"	1138.5	"HiG"
"HiG_9"	0	"TNFAIP8"	1138.5	"HiG"
"HiG_9"	2	"UBE2R2"	898	"HiG"
"HiG_9"	1300	"RPP38"	378	"HiG"
"HiG_9"	1413	"CDC42BPA"	325	"HiG"
"HiG_9"	0	"LGMN"	1138.5	"HiG"
"HiG_9"	888	"STAU2"	429	"HiG"
"HiG_9"	0	"CLCN6"	1138.5	"HiG"
"HiG_9"	1326	"NEDD1"	358	"HiG"
"HiG_9"	0	"SNAI2"	1138.5	"HiG"
"HiG_9"	0	"SENP7"	1138.5	"HiG"
"HiG_9"	0	"CEP112"	1138.5	"HiG"
"HiG_9"	0	"ACBD5"	1138.5	"HiG"
"HiG_9"	43	"TLE5"	721.5	"HiG"
"HiG_9"	5785	"HOXB5"	105	"HiG"
"HiG_9"	2091	"RHOC"	255	"HiG"
"HiG_9"	34	"CCKBR"	745	"HiG"
"HiG_9"	0	"FAM13C"	1138.5	"HiG"
"HiG_9"	4	"EPM2AIP1"	864	"HiG"
"HiG_9"	0	"GYPB"	1138.5	"HiG"
"HiG_9"	0	"CAPN7"	1138.5	"HiG"
"HiG_9"	36	"ITM2A"	740	"HiG"
"HiG_9"	893	"LEPROTL1"	427.5	"HiG"
"HiG_9"	0	"NAP1L3"	1138.5	"HiG"
"HiG_9"	0	"NAA38"	1138.5	"HiG"
"HiG_9"	0	"PLCB4"	1138.5	"HiG"
"HiG_9"	2571	"PMP22"	209	"HiG"
"HiG_9"	0	"RBM41"	1138.5	"HiG"
"HiG_9"	0	"FAM118A"	1138.5	"HiG"
"HiG_9"	1340	"NKAPD1"	344	"HiG"
"HiG_9"	0	"GPATCH11"	1138.5	"HiG"
"HiG_9"	0	"FUNDC1"	1138.5	"HiG"
"HiG_9"	24	"SCOC"	769.5	"HiG"
"HiG_9"	0	"MSRB3"	1138.5	"HiG"
"HiG_9"	25	"FNDC3B"	764.5	"HiG"
"HiG_9"	0	"PRKRIP1"	1138.5	"HiG"
"HiG_9"	5	"RNF214"	853	"HiG"
"HiG_9"	0	"PCMTD2"	1138.5	"HiG"
"HiG_9"	0	"HACD2"	1138.5	"HiG"
"HiG_9"	0	"PRICKLE1"	1138.5	"HiG"
"HiG_9"	1319	"MYL7"	367	"HiG"
"HiG_9"	71	"RHOBTB3"	679	"HiG"
"HiG_9"	0	"SYTL5"	1138.5	"HiG"
"HiG_9"	2394	"TRIM44"	221	"HiG"
"HiG_9"	5	"ARL14EP"	853	"HiG"
"HiG_9"	451	"ZEB2"	514	"HiG"
"HiG_9"	0	"PTRHD1"	1138.5	"HiG"
"HiG_9"	0	"COA3"	1138.5	"HiG"
"HiG_9"	0	"MBNL2"	1138.5	"HiG"
"HiG_9"	1377	"OTX2"	335	"HiG"
"HiG_9"	166	"MANF"	605.5	"HiG"
"HiG_9"	0	"SELENOK"	1138.5	"HiG"
"HiG_9"	1685	"UBE4A"	289.5	"HiG"
"HiG_9"	0	"TSHZ2"	1138.5	"HiG"
"HiG_9"	871	"ARL13B"	431	"HiG"
"HiG_9"	0	"FAM216A"	1138.5	"HiG"
"HiG_9"	0	"CDCA7"	1138.5	"HiG"
"HiG_9"	0	"POPDC2"	1138.5	"HiG"
"HiG_9"	358	"ERGIC2"	537	"HiG"
"HiG_9"	0	"BORCS7"	1138.5	"HiG"
"HiG_9"	53	"RFTN1"	708	"HiG"
"HiG_9"	17	"FNDC3A"	792.5	"HiG"
"HiG_9"	11	"TSPAN3"	814.5	"HiG"
"HiG_9"	0	"P3H2"	1138.5	"HiG"
"HiG_9"	4466	"CER1"	134	"HiG"
"HiG_9"	1491	"MLF1"	314	"HiG"
"HiG_9"	8	"NXPH2"	828.5	"HiG"
"HiG_9"	4308	"TSPAN5"	138	"HiG"
"HiG_9"	842	"TMEM87A"	436	"HiG"
"HiG_9"	53	"SLC7A2"	708	"HiG"
"HiG_9"	41	"SC5D"	728	"HiG"
"HiG_9"	939	"PRAF2"	421	"HiG"
"HiG_9"	812	"GPM6B"	439.5	"HiG"
"HiG_9"	30	"CALB2"	751	"HiG"
"HiG_9"	0	"HACD1"	1138.5	"HiG"
"HiG_9"	121	"HEATR6"	637.5	"HiG"
"HiG_9"	1344	"NRG1"	339.5	"HiG"
"HiG_9"	1926	"HSD17B11"	264	"HiG"
"HiG_9"	86	"TMEM59"	665	"HiG"
"HiG_9"	0	"CLCN5"	1138.5	"HiG"
"HiG_9"	0	"PPP1R1A"	1138.5	"HiG"
"HiG_9"	950	"MYADM"	419	"HiG"
"HiG_9"	521	"GPRC5C"	493	"HiG"
"HiG_9"	61	"SLC25A24"	699.5	"HiG"
"HiG_9"	0	"RBM19"	1138.5	"HiG"
"HiG_9"	4	"RBMX2"	864	"HiG"
"HiG_9"	0	"SPA17"	1138.5	"HiG"
"HiG_9"	47	"PCYOX1"	716	"HiG"
"HiG_9"	1624	"LDB3"	297	"HiG"
"HiG_9"	16	"ZC3H8"	796	"HiG"
"HiG_9"	0	"IGSF3"	1138.5	"HiG"
"HiG_9"	0	"SESN3"	1138.5	"HiG"
"HiG_9"	458	"TMEM30A"	510	"HiG"
"HiG_9"	0	"GPC6"	1138.5	"HiG"
"HiG_9"	15	"YTHDC2"	798	"HiG"
"HiG_9"	0	"SPTY2D1"	1138.5	"HiG"
"HiG_9"	11	"GINM1"	814.5	"HiG"
"HiG_9"	0	"CERS6"	1138.5	"HiG"
"HiG_9"	0	"ARHGAP42"	1138.5	"HiG"
"HiG_9"	6	"PNKD"	844.5	"HiG"
"HiG_9"	307	"SCCPDH"	557	"HiG"
"HiG_9"	498	"GDF11"	498.5	"HiG"
"HiG_9"	64	"SERPINF1"	693.5	"HiG"
"HiG_9"	2	"MICU1"	898	"HiG"
"HiG_9"	0	"FAM217B"	1138.5	"HiG"
"HiG_9"	15	"FSTL1"	798	"HiG"
"HiG_9"	0	"FIGN"	1138.5	"HiG"
"HiG_9"	0	"SYT10"	1138.5	"HiG"
"HiG_9"	1	"SAMD11"	917.5	"HiG"
"HiG_9"	3299	"ERGIC3"	168	"HiG"
"HiG_9"	46	"MINDY2"	717.5	"HiG"
"HiG_9"	333	"IFT74"	546.5	"HiG"
"HiG_9"	2563	"SERPINB6"	210	"HiG"
"HiG_9"	7	"LRRC49"	836.5	"HiG"
"HiG_9"	0	"DIPK2A"	1138.5	"HiG"
"HiG_9"	0	"CHST9"	1138.5	"HiG"
"HiG_9"	0	"RBFA"	1138.5	"HiG"
"HiG_9"	109	"WLS"	645	"HiG"
"HiG_9"	102	"PXDN"	651	"HiG"
"HiG_9"	24	"MAN1A2"	769.5	"HiG"
"HiG_9"	2159	"THBS1"	249	"HiG"
"HiG_9"	182	"CCDC18"	597	"HiG"
"HiG_9"	0	"LYRM2"	1138.5	"HiG"
"HiG_9"	180	"ADM"	598	"HiG"
"HiG_9"	3	"SYNRG"	878	"HiG"
"HiG_9"	0	"GPATCH2"	1138.5	"HiG"
"HiG_9"	0	"GTPBP8"	1138.5	"HiG"
"HiG_9"	0	"ARHGAP28"	1138.5	"HiG"
"HiG_9"	0	"LRRN3"	1138.5	"HiG"
"HiG_9"	8	"FARP1"	828.5	"HiG"
"HiG_9"	4529	"MEX3A"	129	"HiG"
"HiG_9"	0	"NAXE"	1138.5	"HiG"
"HiG_9"	44804	"MYH6"	16	"HiG"
"HiG_9"	0	"PPCS"	1138.5	"HiG"
"HiG_9"	0	"PPWD1"	1138.5	"HiG"
"HiG_9"	0	"RFK"	1138.5	"HiG"
"HiG_9"	468	"RNASEH2C"	506	"HiG"
"HiG_9"	0	"COL4A6"	1138.5	"HiG"
"HiG_9"	0	"VPS13A"	1138.5	"HiG"
"HiG_9"	0	"NAA35"	1138.5	"HiG"
"HiG_9"	1144	"KRTCAP2"	399.5	"HiG"
"HiG_9"	0	"RSPO3"	1138.5	"HiG"
"HiG_9"	1309	"NT5C"	370.5	"HiG"
"HiG_9"	2735	"LEFTY2"	194	"HiG"
"HiG_9"	4	"SDCCAG8"	864	"HiG"
"HiG_9"	0	"EPSTI1"	1138.5	"HiG"
"HiG_9"	0	"MOCS2"	1138.5	"HiG"
"HiG_9"	0	"CCDC66"	1138.5	"HiG"
"HiG_9"	381	"COL5A2"	530	"HiG"
"HiG_9"	0	"ERICH1"	1138.5	"HiG"
"HiG_9"	0	"ETAA1"	1138.5	"HiG"
"HiG_9"	2	"SERPING1"	898	"HiG"
"HiG_9"	0	"LRRCC1"	1138.5	"HiG"
"HiG_9"	0	"LYPLAL1"	1138.5	"HiG"
"HiG_9"	0	"LZIC"	1138.5	"HiG"
"HiG_9"	0	"MMP15"	1138.5	"HiG"
"HiG_9"	0	"SECISBP2L"	1138.5	"HiG"
"HiG_9"	0	"FRMD4B"	1138.5	"HiG"
"HiG_9"	0	"SUCO"	1138.5	"HiG"
"HiG_9"	9	"TTF1"	823	"HiG"
"HiG_9"	1848	"ZMYM4"	269	"HiG"
"HiG_9"	0	"FAM13A"	1138.5	"HiG"
"HiG_9"	0	"PTGR1"	1138.5	"HiG"
"HiG_9"	1	"DMAC2L"	917.5	"HiG"
"HiG_9"	0	"PNPLA8"	1138.5	"HiG"
"HiG_9"	0	"TRMT13"	1138.5	"HiG"
"HiG_9"	20	"TRPM7"	781	"HiG"
"HiG_9"	0	"SLF2"	1138.5	"HiG"
"HiG_9"	150	"TSPYL2"	616.5	"HiG"
"HiG_9"	0	"NBEAL1"	1138.5	"HiG"
"HiG_9"	0	"CCDC82"	1138.5	"HiG"
"HiG_9"	2	"SYNC"	898	"HiG"
"HiG_9"	0	"NCBP2AS2"	1138.5	"HiG"
"HiG_9"	0	"SPINK1"	1138.5	"HiG"
"HiG_9"	0	"IAH1"	1138.5	"HiG"
"HiG_9"	2556	"RHOU"	212	"HiG"
"HiG_9"	334	"PDLIM3"	545	"HiG"
"HiG_9"	0	"SHOC2"	1138.5	"HiG"
"HiG_9"	4	"ODR4"	864	"HiG"
"HiG_9"	1289	"PLPP3"	380	"HiG"
"HiG_9"	209	"ZEB1"	587	"HiG"
"HiG_9"	21	"CHCHD10"	778.5	"HiG"
"HiG_9"	0	"MPC2"	1138.5	"HiG"
"HiG_9"	0	"NDUFAF8"	1138.5	"HiG"
"HiG_9"	0	"FAM107B"	1138.5	"HiG"
"HiG_9"	6	"ST3GAL1"	844.5	"HiG"
"HiG_9"	0	"TMA7"	1138.5	"HiG"
"HiG_9"	0	"PPM1K"	1138.5	"HiG"
"HiG_9"	0	"MLLT11"	1138.5	"HiG"
"HiG_9"	837	"WNT5A"	437.5	"HiG"
"HiG_9"	1407	"LEFTY1"	326	"HiG"
"HiG_9"	6	"DKK4"	844.5	"HiG"
"HiG_9"	28	"RBMXL1"	756.5	"HiG"
"HiG_9"	0	"MICAL2"	1138.5	"HiG"
"HiG_9"	0	"PRTG"	1138.5	"HiG"
"HiG_9"	0	"SNRNP48"	1138.5	"HiG"
"HiG_9"	0	"FLRT3"	1138.5	"HiG"
"HiG_9"	0	"VEZT"	1138.5	"HiG"
"HiG_9"	0	"CYP20A1"	1138.5	"HiG"
"HiG_9"	0	"INTU"	1138.5	"HiG"
"HiG_9"	0	"TUSC3"	1138.5	"HiG"
"HiG_9"	0	"PCMTD1"	1138.5	"HiG"
"HiG_9"	0	"PIP4P2"	1138.5	"HiG"
"HiG_9"	3763	"APLNR"	152	"HiG"
"HiG_9"	2	"SOST"	898	"HiG"
"HiG_9"	0	"ZNF462"	1138.5	"HiG"
"HiG_9"	72	"TRIM71"	676	"HiG"
"HiG_9"	2	"MGST2"	898	"HiG"
"HiG_9"	67	"TSPAN2"	686	"HiG"
"HiG_9"	12424	"TRDN"	49	"HiG"
"HiG_9"	0	"CLMP"	1138.5	"HiG"
"HiG_9"	1326	"SMPX"	358	"HiG"
"HiG_9"	217	"LRRTM1"	583.5	"HiG"
"HiG_9"	3	"TMX4"	878	"HiG"
"HiG_9"	0	"PCDH19"	1138.5	"HiG"
"HiG_9"	0	"TMEM219"	1138.5	"HiG"
"HiG_9"	771	"GXYLT1"	452	"HiG"
"HiG_9"	3	"RXYLT1"	878	"HiG"
"HiG_9"	963	"TMEM179B"	417	"HiG"
"HiG_9"	0	"ARMH4"	1138.5	"HiG"
"HiG_9"	525	"RAP2C"	492	"HiG"
"HiG_9"	1	"SEMA6D"	917.5	"HiG"
"HiG_9"	1779	"TIMP3"	276	"HiG"
"HiG_9"	0	"FAM89A"	1138.5	"HiG"
"HiG_9"	0	"BMP5"	1138.5	"HiG"
"HiG_9"	14	"UFSP2"	802	"HiG"
"HiG_9"	0	"MYLK3"	1138.5	"HiG"
"HiG_9"	17	"NODAL"	792.5	"HiG"
"HiG_9"	0	"TP53I11"	1138.5	"HiG"
"HiG_9"	13	"ART5"	806	"HiG"
"HiG_9"	0	"SOX11"	1138.5	"HiG"
"HiG_9"	0	"SLITRK5"	1138.5	"HiG"
"HiG_9"	13	"STARD3NL"	806	"HiG"
"HiG_9"	0	"FYB2"	1138.5	"HiG"
"HiG_9"	0	"POSTN"	1138.5	"HiG"
"HiG_9"	3206	"PCSK1"	172	"HiG"
"HiG_9"	0	"DZIP1"	1138.5	"HiG"
"HiG_9"	0	"LY6E"	1138.5	"HiG"
"HiG_9"	0	"SERINC5"	1138.5	"HiG"
"HiG_9"	0	"TM4SF1"	1138.5	"HiG"
"HiG_9"	0	"TMEM141"	1138.5	"HiG"
"HiG_9"	5	"WDR1"	853	"HiG"
"HiG_9"	0	"CYP26A1"	1138.5	"HiG"
"HiG_9"	0	"TULP4"	1138.5	"HiG"
"HiG_9"	0	"TMEM263"	1138.5	"HiG"
"HiG_9"	0	"IRX3"	1138.5	"HiG"
"HiG_9"	0	"SCAPER"	1138.5	"HiG"
"HiG_9"	734	"MXRA8"	456	"HiG"
"HiG_9"	0	"ADAMTS9"	1138.5	"HiG"
"HiG_9"	0	"IGDCC3"	1138.5	"HiG"
"HiG_9"	0	"UNC45B"	1138.5	"HiG"
"HiG_9"	2	"TFPI2"	898	"HiG"
"HiG_9"	1306	"MYRF"	375	"HiG"
"HiG_9"	2034	"FILIP1L"	257	"HiG"
"HiG_9"	455	"ALPK2"	513	"HiG"
"HiG_9"	3642	"TGFBR3"	159	"HiG"
"HiG_9"	0	"TUG1"	1138.5	"HiG"
"HiG_9"	3290	"TNC"	169	"HiG"
"HiG_9"	3	"PCNX4"	878	"HiG"
"HiG_9"	1183	"LMOD1"	394	"HiG"
"HiG_9"	0	"SPOCK3"	1138.5	"HiG"
"HiG_9"	0	"HPGD"	1138.5	"HiG"
"HiG_9"	0	"COL13A1"	1138.5	"HiG"
"HiG_9"	787	"INHBA"	449	"HiG"
"HiG_9"	893	"TMEM106B"	427.5	"HiG"
"HiG_9"	158	"SMDT1"	612	"HiG"
"HiG_9"	164	"VMP1"	608	"HiG"
"HiG_9"	72	"HOXB2"	676	"HiG"
"HiG_9"	248	"TBX5"	573	"HiG"
"HiG_9"	0	"ZNF124"	1138.5	"HiG"
"HiG_9"	8	"TMEM88"	828.5	"HiG"
"HiG_9"	0	"LEPROT"	1138.5	"HiG"
"HiG_9"	0	"PKIB"	1138.5	"HiG"
"HiG_9"	0	"MYOM1"	1138.5	"HiG"
"HiG_9"	18	"YIPF4"	788.5	"HiG"
"HiG_9"	0	"CCDC152"	1138.5	"HiG"
"HiG_9"	0	"SHISA3"	1138.5	"HiG"
"HiG_9"	234	"GREM1"	577	"HiG"
"HiG_9"	2117	"PRRX1"	253	"HiG"
"HiG_9"	0	"YPEL5"	1138.5	"HiG"
"HiG_9"	0	"ZMYM5"	1138.5	"HiG"
"HiG_9"	0	"SPAG16"	1138.5	"HiG"
"HiG_9"	0	"LIX1"	1138.5	"HiG"
"HiG_9"	0	"PLPP5"	1138.5	"HiG"
"HiG_9"	0	"TBRG1"	1138.5	"HiG"
"HiG_9"	0	"SELENOM"	1138.5	"HiG"
"HiG_9"	35	"TTC17"	742.5	"HiG"
"HiG_9"	0	"HOXB3"	1138.5	"HiG"
"HiG_9"	0	"SYNPO2L"	1138.5	"HiG"
"HiG_9"	0	"FSIP2"	1138.5	"HiG"
"HiG_9"	0	"FLRT2"	1138.5	"HiG"
"HiG_9"	0	"SAT2"	1138.5	"HiG"
"HiG_9"	0	"CCDC160"	1138.5	"HiG"
"HiG_9"	0	"CLSTN2"	1138.5	"HiG"
"HiG_9"	0	"SLC40A1"	1138.5	"HiG"
"HiG_9"	0	"HILPDA"	1138.5	"HiG"
"HiG_9"	0	"SPATA7"	1138.5	"HiG"
"HiG_9"	0	"SMOC2"	1138.5	"HiG"
"HiG_9"	0	"NPNT"	1138.5	"HiG"
"HiG_9"	297	"USP27X"	560	"HiG"
"HiG_9"	0	"ZNF608"	1138.5	"HiG"
"HiG_9"	2	"GABRP"	898	"HiG"
"HiG_9"	0	"KLHL4"	1138.5	"HiG"
"HiG_9"	0	"SPAG7"	1138.5	"HiG"
"HiG_9"	2	"UGGT2"	898	"HiG"
"HiG_9"	1418	"ZFC3H1"	323	"HiG"
"HiG_9"	143	"SULF1"	622	"HiG"
"HiG_9"	0	"VASH2"	1138.5	"HiG"
"HiG_9"	648	"SEMA3A"	471.5	"HiG"
"HiG_9"	0	"TCEAL7"	1138.5	"HiG"
"HiG_9"	0	"TM2D1"	1138.5	"HiG"
"HiG_9"	0	"TMEM18"	1138.5	"HiG"
"HiG_9"	0	"ZC3H6"	1138.5	"HiG"
"HiG_9"	0	"LHFPL6"	1138.5	"HiG"
"HiG_9"	7249	"BMPER"	92	"HiG"
"HiG_9"	0	"LCORL"	1138.5	"HiG"
"HiG_9"	2028	"RARRES2"	258	"HiG"
"HiG_9"	327	"ZCCHC10"	552	"HiG"
"HiG_9"	341	"SPX"	542	"HiG"
"HiG_9"	1383	"RGS5"	333	"HiG"
"HiG_9"	0	"OGFRL1"	1138.5	"HiG"
"HiG_9"	0	"ATP5MGL"	1138.5	"HiG"
"HiG_9"	350	"ZFHX3"	539	"HiG"
"HiG_9"	0	"MGP"	1138.5	"HiG"
"HiG_9"	0	"SAMD3"	1138.5	"HiG"
"HiG_9"	8137	"TBXT"	84	"HiG"
"HiG_9"	0	"TCEA3"	1138.5	"HiG"
"HiG_9"	191	"VPS13C"	591	"HiG"
"HiG_9"	2461	"RGS4"	217	"HiG"
"HiG_9"	0	"TCEAL3"	1138.5	"HiG"
"HiG_9"	0	"ZC2HC1A"	1138.5	"HiG"
"HiG_9"	0	"NUDT4"	1138.5	"HiG"
"HiG_9"	1588	"XIAP"	301.5	"HiG"
"HiG_9"	12	"YIPF5"	809.5	"HiG"
"HiG_9"	157	"ZNF511"	613.5	"HiG"
"HiG_9"	0	"TTC14"	1138.5	"HiG"
"HiG_9"	0	"ZNHIT6"	1138.5	"HiG"
"HiG_9"	0	"GOLGA8B"	1138.5	"HiG"
"HiG_9"	0	"SLC8A1"	1138.5	"HiG"
"HiG_9"	145	"PCOLCE"	621	"HiG"
"HiG_9"	0	"TGFBI"	1138.5	"HiG"
"HiG_9"	0	"PENK"	1138.5	"HiG"
"HiG_9"	614	"SLIT3"	477	"HiG"
"HiG_9"	0	"IFI27L2"	1138.5	"HiG"
"HiG_9"	0	"PRSS35"	1138.5	"HiG"
"HiG_9"	0	"RCSD1"	1138.5	"HiG"
"HiG_9"	25	"ZNF518A"	764.5	"HiG"
"HiG_9"	0	"SLC25A37"	1138.5	"HiG"
"HiG_9"	2	"TRH"	898	"HiG"
"HiG_9"	0	"SEMA3E"	1138.5	"HiG"
"HiG_9"	187	"POU5F1B"	595	"HiG"
"HiG_9"	0	"ZFHX4"	1138.5	"HiG"
"HiG_9"	20	"WNT8A"	781	"HiG"
"HiG_9"	282	"ZIC3"	563	"HiG"
"HiG_9"	69	"ZMIZ1"	681	"HiG"
"HiG_9"	150	"ZMYND11"	616.5	"HiG"
"HiG_9"	0	"SCGB3A2"	1138.5	"HiG"
"HiG_9"	108	"WFDC2"	646	"HiG"
"HiG_9"	23	"ZNF428"	773	"HiG"
"HiG_9"	0	"ZNF711"	1138.5	"HiG"
"HiG_9"	0	"WDR73"	1138.5	"HiG"
"HiG_9"	0	"ZNF827"	1138.5	"HiG"
"HiG_9"	0	"SMIM7"	1138.5	"HiG"
"HiG_9"	0	"ZNF830"	1138.5	"HiG"
"HiG_9"	0	"ZNF503"	1138.5	"HiG"
"HiG_9"	1344	"ZNF704"	339.5	"HiG"
"HiG_9"	0	"ZNF791"	1138.5	"HiG"
"HiG_9"	0	"TECRL"	1138.5	"HiG"
"HiG_9"	0	"STC1"	1138.5	"HiG"
"HiG_9"	0	"PIGBOS1"	1138.5	"HiG"
"HiG_9"	0	"FGFBP3"	1138.5	"HiG"
"HiG_9"	0	"PET100"	1138.5	"HiG"
"HiG_10"	0	"ID3"	48	"HiG"
"HiG_10"	16	"ACTG1"	23	"HiG"
"HiG_10"	1	"DPPA4"	34	"HiG"
"HiG_10"	38	"RPS14"	19	"HiG"
"HiG_10"	0	"BNIP3"	48	"HiG"
"HiG_10"	288	"GAPDH"	2	"HiG"
"HiG_10"	0	"CBR1"	48	"HiG"
"HiG_10"	0	"RPL38"	48	"HiG"
"HiG_10"	76	"ENO1"	9	"HiG"
"HiG_10"	52	"ID1"	14	"HiG"
"HiG_10"	72	"RPL11"	10	"HiG"
"HiG_10"	0	"EEF2"	48	"HiG"
"HiG_10"	0	"HMGA1"	48	"HiG"
"HiG_10"	0	"PMAIP1"	48	"HiG"
"HiG_10"	4	"RPL35A"	30	"HiG"
"HiG_10"	86	"HSPD1"	8	"HiG"
"HiG_10"	0	"SFRP2"	48	"HiG"
"HiG_10"	10	"CNTNAP2"	26	"HiG"
"HiG_10"	0	"PGM1"	48	"HiG"
"HiG_10"	0	"PKM"	48	"HiG"
"HiG_10"	11	"RPLP0"	25	"HiG"
"HiG_10"	0	"RPL26"	48	"HiG"
"HiG_10"	9	"RPS4X"	27.5	"HiG"
"HiG_10"	0	"PGK1"	48	"HiG"
"HiG_10"	186	"RPL23"	5	"HiG"
"HiG_10"	0	"RPS5"	48	"HiG"
"HiG_10"	58	"RPS13"	13	"HiG"
"HiG_10"	210	"RPS19"	4	"HiG"
"HiG_10"	2	"RPL7A"	32	"HiG"
"HiG_10"	8	"RPS8"	29	"HiG"
"HiG_10"	263	"RPS16"	3	"HiG"
"HiG_10"	51	"RPS6"	15	"HiG"
"HiG_10"	1	"RPLP2"	34	"HiG"
"HiG_10"	0	"NAP1L1"	48	"HiG"
"HiG_10"	13	"RPL28"	24	"HiG"
"HiG_10"	3	"ATP5PD"	31	"HiG"
"HiG_10"	43	"RPL13"	17.5	"HiG"
"HiG_10"	43	"TUBB2A"	17.5	"HiG"
"HiG_10"	148	"RPS18"	6	"HiG"
"HiG_10"	412	"RPL30"	1	"HiG"
"HiG_10"	25	"RPL19"	20	"HiG"
"HiG_10"	0	"RPS23"	48	"HiG"
"HiG_10"	1	"RPL12"	34	"HiG"
"HiG_10"	9	"RPL27A"	27.5	"HiG"
"HiG_10"	0	"RPL37A"	48	"HiG"
"HiG_10"	21	"RPL27"	21	"HiG"
"HiG_10"	0	"RPS15A"	48	"HiG"
"HiG_10"	0	"RPL36"	48	"HiG"
"HiG_10"	18	"RPL32"	22	"HiG"
"HiG_10"	0	"RPL37"	48	"HiG"
"HiG_10"	0	"TOMM7"	48	"HiG"
"HiG_10"	0	"PCDH10"	48	"HiG"
"HiG_10"	128	"TUBB2B"	7	"HiG"
"HiG_10"	62	"RPL13A"	11	"HiG"
"HiG_10"	50	"L1TD1"	16	"HiG"
"HiG_10"	0	"CTSC"	48	"HiG"
"HiG_10"	0	"SERPINE2"	48	"HiG"
"HiG_10"	0	"GAL"	48	"HiG"
"HiG_10"	0	"EPCAM"	48	"HiG"
"HiG_10"	59	"IFITM1"	12	"HiG"
"HiG_endoderm"	0	"ID3"	27	"HiG"
"HiG_endoderm"	20	"APOA1"	11.5	"HiG"
"HiG_endoderm"	84	"PEG10"	4	"HiG"
"HiG_endoderm"	24	"KRT19"	9	"HiG"
"HiG_endoderm"	0	"PPFIBP2"	27	"HiG"
"HiG_endoderm"	0	"CKB"	27	"HiG"
"HiG_endoderm"	1	"S100A14"	14	"HiG"
"HiG_endoderm"	0	"CDH2"	27	"HiG"
"HiG_endoderm"	20	"ID1"	11.5	"HiG"
"HiG_endoderm"	0	"ANKRD1"	27	"HiG"
"HiG_endoderm"	80	"APOE"	5	"HiG"
"HiG_endoderm"	0	"TTR"	27	"HiG"
"HiG_endoderm"	0	"S100A13"	27	"HiG"
"HiG_endoderm"	34	"APOA2"	8	"HiG"
"HiG_endoderm"	138	"FN1"	1	"HiG"
"HiG_endoderm"	57	"KRT8"	6	"HiG"
"HiG_endoderm"	90	"GATA3"	2.5	"HiG"
"HiG_endoderm"	90	"IFI16"	2.5	"HiG"
"HiG_endoderm"	0	"CD24"	27	"HiG"
"HiG_endoderm"	0	"DLK1"	27	"HiG"
"HiG_endoderm"	38	"LAMB1"	7	"HiG"
"HiG_endoderm"	0	"TBX3"	27	"HiG"
"HiG_endoderm"	0	"S100A16"	27	"HiG"
"HiG_endoderm"	0	"TTC3"	27	"HiG"
"HiG_endoderm"	20	"APOC1"	11.5	"HiG"
"HiG_endoderm"	20	"TPM3"	11.5	"HiG"
"HiG_endoderm"	0	"TMSB10"	27	"HiG"
"HiG_endoderm"	0	"ADD3"	27	"HiG"
"HiG_endoderm"	0	"FGD6"	27	"HiG"
"HiG_endoderm"	0	"FAM184A"	27	"HiG"
"HiG_endoderm"	0	"SERPINE2"	27	"HiG"
"HiG_endoderm"	0	"SPINT2"	27	"HiG"
"HiG_endoderm"	0	"CCKBR"	27	"HiG"
"HiG_endoderm"	0	"RHOBTB3"	27	"HiG"
"HiG_endoderm"	0	"EPSTI1"	27	"HiG"
"HiG_endoderm"	0	"EPCAM"	27	"HiG"
"HiG_endoderm"	0	"FLRT3"	27	"HiG"
"HiG_endoderm"	0	"MGST2"	27	"HiG"
"HiG_endoderm"	0	"RGS5"	27	"HiG"
"HiG_12"	9	"APOB"	3	"HiG"
"HiG_12"	0	"LUC7L3"	14	"HiG"
"HiG_12"	0	"MYH7"	14	"HiG"
"HiG_12"	0	"PNISR"	14	"HiG"
"HiG_12"	7	"IGF1"	4.5	"HiG"
"HiG_12"	7	"ALB"	4.5	"HiG"
"HiG_12"	1	"TF"	7	"HiG"
"HiG_12"	16	"FGB"	2	"HiG"
"HiG_12"	5	"RBP4"	6	"HiG"
"HiG_12"	0	"FGG"	14	"HiG"
"HiG_12"	24	"TTN"	1	"HiG"
"HiG_12"	0	"GDF15"	14	"HiG"
"HiG_12"	0	"SERPINA1"	14	"HiG"
"HiG_12"	0	"APOC3"	14	"HiG"
"HiG_12"	0	"RSPO2"	14	"HiG"
"HiG_12"	0	"SPINK1"	14	"HiG"
"HiG_12"	0	"SOST"	14	"HiG"
"HiG_12"	0	"FYB2"	14	"HiG"
"HiG_12"	0	"GABRP"	14	"HiG"
"HiG_12"	0	"MGP"	14	"HiG"
"HiGCTS_muscle"	30	"HSPB1"	3	"HiGCTS"
"HiGCTS_muscle"	0	"PDLIM7"	13.5	"HiGCTS"
"HiGCTS_muscle"	6	"PDLIM5"	6	"HiGCTS"
"HiGCTS_muscle"	60	"ACTA1"	1	"HiGCTS"
"HiGCTS_muscle"	0	"CDH2"	13.5	"HiGCTS"
"HiGCTS_muscle"	14	"MAP4"	5	"HiGCTS"
"HiGCTS_muscle"	0	"ANKRD1"	13.5	"HiGCTS"
"HiGCTS_muscle"	18	"ACTC1"	4	"HiGCTS"
"HiGCTS_muscle"	0	"CDC42EP3"	13.5	"HiGCTS"
"HiGCTS_muscle"	0	"NPPB"	13.5	"HiGCTS"
"HiGCTS_muscle"	31	"CNN1"	2	"HiGCTS"
"HiGCTS_muscle"	0	"TNNT2"	13.5	"HiGCTS"
"HiGCTS_muscle"	0	"FILIP1"	13.5	"HiGCTS"
"HiGCTS_muscle"	3	"MYL9"	7	"HiGCTS"
"HiGCTS_muscle"	0	"CAP2"	13.5	"HiGCTS"
"HiGCTS_muscle"	0	"NES"	13.5	"HiGCTS"
"HiGCTS_muscle"	0	"NEXN"	13.5	"HiGCTS"
"HiGCTS_muscle"	0	"PDLIM3"	13.5	"HiGCTS"
"HiGCTS_muscle"	0	"LMOD1"	13.5	"HiGCTS"
"HiGCTS_endoderm"	4	"APOA1"	1.5	"HiGCTS"
"HiGCTS_endoderm"	0	"APOE"	5.5	"HiGCTS"
"HiGCTS_endoderm"	0	"TTR"	5.5	"HiGCTS"
"HiGCTS_endoderm"	2	"APOA2"	3	"HiGCTS"
"HiGCTS_endoderm"	4	"APOC1"	1.5	"HiGCTS"
"HiGCTS_endoderm"	0	"SPINT2"	5.5	"HiGCTS"
"HiGCTS_endoderm"	0	"MGST2"	5.5	"HiGCTS"
"HiGCTS_CP"	0	"TXNIP"	16.5	"HiGCTS"
"HiGCTS_CP"	13	"BMP4"	2	"HiGCTS"
"HiGCTS_CP"	0	"CREG1"	16.5	"HiGCTS"
"HiGCTS_CP"	0	"EMP2"	16.5	"HiGCTS"
"HiGCTS_CP"	1	"VIM"	5	"HiGCTS"
"HiGCTS_CP"	7	"PDGFRA"	3.5	"HiGCTS"
"HiGCTS_CP"	0	"SFRP1"	16.5	"HiGCTS"
"HiGCTS_CP"	0	"HEY1"	16.5	"HiGCTS"
"HiGCTS_CP"	0	"PBX3"	16.5	"HiGCTS"
"HiGCTS_CP"	0	"KDM6B"	16.5	"HiGCTS"
"HiGCTS_CP"	0	"CCNI"	16.5	"HiGCTS"
"HiGCTS_CP"	0	"LGR4"	16.5	"HiGCTS"
"HiGCTS_CP"	0	"ARL4C"	16.5	"HiGCTS"
"HiGCTS_CP"	0	"NID2"	16.5	"HiGCTS"
"HiGCTS_CP"	0	"CCBE1"	16.5	"HiGCTS"
"HiGCTS_CP"	0	"CCDC34"	16.5	"HiGCTS"
"HiGCTS_CP"	0	"PRXL2A"	16.5	"HiGCTS"
"HiGCTS_CP"	0	"FIGN"	16.5	"HiGCTS"
"HiGCTS_CP"	0	"ARHGAP28"	16.5	"HiGCTS"
"HiGCTS_CP"	0	"SERPING1"	16.5	"HiGCTS"
"HiGCTS_CP"	7	"HOXB2"	3.5	"HiGCTS"
"HiGCTS_CP"	0	"TMEM88"	16.5	"HiGCTS"
"HiGCTS_CP"	21	"PRRX1"	1	"HiGCTS"
"HiGCTS_CP"	0	"LIX1"	16.5	"HiGCTS"
"HiGCTS_CP"	0	"HOXB3"	16.5	"HiGCTS"
"HiGCTS_CP"	0	"RGS5"	16.5	"HiGCTS"
"HiGCTS_CP"	0	"RGS4"	16.5	"HiGCTS"
"HiGCTS_CP.1"	0	"CITED2"	14.5	"HiGCTS"
"HiGCTS_CP.1"	0	"HAND2"	14.5	"HiGCTS"
"HiGCTS_CP.1"	0	"DUSP6"	14.5	"HiGCTS"
"HiGCTS_CP.1"	1	"ID1"	1.5	"HiGCTS"
"HiGCTS_CP.1"	0	"HAPLN1"	14.5	"HiGCTS"
"HiGCTS_CP.1"	0	"MEIS1"	14.5	"HiGCTS"
"HiGCTS_CP.1"	0	"NKX3-1"	14.5	"HiGCTS"
"HiGCTS_CP.1"	0	"ISL1"	14.5	"HiGCTS"
"HiGCTS_CP.1"	0	"IFI16"	14.5	"HiGCTS"
"HiGCTS_CP.1"	0	"NTRK2"	14.5	"HiGCTS"
"HiGCTS_CP.1"	1	"FGF10"	1.5	"HiGCTS"
"HiGCTS_CP.1"	0	"LAMA1"	14.5	"HiGCTS"
"HiGCTS_CP.1"	0	"HAS2"	14.5	"HiGCTS"
"HiGCTS_CP.1"	0	"CLGN"	14.5	"HiGCTS"
"HiGCTS_CP.1"	0	"PTPN13"	14.5	"HiGCTS"
"HiGCTS_CP.1"	0	"RHOBTB3"	14.5	"HiGCTS"
"HiGCTS_CP.1"	0	"SLC7A2"	14.5	"HiGCTS"
"HiGCTS_CP.1"	0	"WLS"	14.5	"HiGCTS"
"HiGCTS_CP.1"	0	"PRTG"	14.5	"HiGCTS"
"HiGCTS_CP.1"	0	"LRRTM1"	14.5	"HiGCTS"
"HiGCTS_CP.1"	0	"FAM89A"	14.5	"HiGCTS"
"HiGCTS_CP.1"	0	"BMP5"	14.5	"HiGCTS"
"HiGCTS_CP.1"	0	"FYB2"	14.5	"HiGCTS"
"HiGCTS_CP.1"	0	"SLC40A1"	14.5	"HiGCTS"
"HiGCTS_CP.1"	0	"ZNF608"	14.5	"HiGCTS"
"HiGCTS_CP.1"	0	"BMPER"	14.5	"HiGCTS"
"CTS_muscle"	65	"ITSN1"	10	"CTS"
"CTS_muscle"	201	"HSPB1"	2	"CTS"
"CTS_muscle"	0	"GYG1"	41.5	"CTS"
"CTS_muscle"	43	"PDLIM7"	13	"CTS"
"CTS_muscle"	0	"ABLIM1"	41.5	"CTS"
"CTS_muscle"	0	"NT5C2"	41.5	"CTS"
"CTS_muscle"	0	"SORBS2"	41.5	"CTS"
"CTS_muscle"	192	"PDLIM5"	3	"CTS"
"CTS_muscle"	436	"ACTA1"	1	"CTS"
"CTS_muscle"	111	"CDH2"	6	"CTS"
"CTS_muscle"	41	"MAP4"	15	"CTS"
"CTS_muscle"	7	"ANKRD1"	20	"CTS"
"CTS_muscle"	0	"RHEB"	41.5	"CTS"
"CTS_muscle"	0	"PEA15"	41.5	"CTS"
"CTS_muscle"	89	"ACTC1"	7	"CTS"
"CTS_muscle"	0	"CDC42EP3"	41.5	"CTS"
"CTS_muscle"	9	"CRYAB"	19	"CTS"
"CTS_muscle"	26	"CSRP3"	16	"CTS"
"CTS_muscle"	0	"KIFAP3"	41.5	"CTS"
"CTS_muscle"	0	"WEE1"	41.5	"CTS"
"CTS_muscle"	0	"ATP2B4"	41.5	"CTS"
"CTS_muscle"	0	"NPPB"	41.5	"CTS"
"CTS_muscle"	0	"BEX1"	41.5	"CTS"
"CTS_muscle"	171	"MYLK"	5	"CTS"
"CTS_muscle"	49	"TRIM55"	11	"CTS"
"CTS_muscle"	0	"PAM"	41.5	"CTS"
"CTS_muscle"	13	"MYOZ2"	17	"CTS"
"CTS_muscle"	0	"MASP1"	41.5	"CTS"
"CTS_muscle"	172	"CNN1"	4	"CTS"
"CTS_muscle"	6	"PLN"	21	"CTS"
"CTS_muscle"	0	"MATN2"	41.5	"CTS"
"CTS_muscle"	0	"TNNT2"	41.5	"CTS"
"CTS_muscle"	0	"FILIP1"	41.5	"CTS"
"CTS_muscle"	43	"MYH11"	13	"CTS"
"CTS_muscle"	4	"MYL9"	22	"CTS"
"CTS_muscle"	0	"PRKAG2"	41.5	"CTS"
"CTS_muscle"	0	"CAP2"	41.5	"CTS"
"CTS_muscle"	0	"FAM13B"	41.5	"CTS"
"CTS_muscle"	1	"NES"	23.5	"CTS"
"CTS_muscle"	83	"NPTN"	8	"CTS"
"CTS_muscle"	0	"RTL8C"	41.5	"CTS"
"CTS_muscle"	0	"CFL2"	41.5	"CTS"
"CTS_muscle"	0	"SH3BGRL"	41.5	"CTS"
"CTS_muscle"	0	"DENND5B"	41.5	"CTS"
"CTS_muscle"	0	"NEXN"	41.5	"CTS"
"CTS_muscle"	0	"SIPA1L2"	41.5	"CTS"
"CTS_muscle"	1	"TIPARP"	23.5	"CTS"
"CTS_muscle"	0	"PRICKLE1"	41.5	"CTS"
"CTS_muscle"	0	"POPDC2"	41.5	"CTS"
"CTS_muscle"	0	"HACD1"	41.5	"CTS"
"CTS_muscle"	76	"PDLIM3"	9	"CTS"
"CTS_muscle"	0	"TSPAN2"	41.5	"CTS"
"CTS_muscle"	0	"UNC45B"	41.5	"CTS"
"CTS_muscle"	0	"LMOD1"	41.5	"CTS"
"CTS_muscle"	10	"MYOM1"	18	"CTS"
"CTS_muscle"	0	"SYNPO2L"	41.5	"CTS"
"CTS_muscle"	43	"SLC8A1"	13	"CTS"
"CTS_muscle"	0	"RCSD1"	41.5	"CTS"
"CTS_endoderm"	46	"APOB"	20	"CTS"
"CTS_endoderm"	12	"FTL"	24	"CTS"
"CTS_endoderm"	616	"APOA1"	1	"CTS"
"CTS_endoderm"	58	"CLU"	16	"CTS"
"CTS_endoderm"	0	"LRP2"	44.5	"CTS"
"CTS_endoderm"	0	"CDKN1C"	44.5	"CTS"
"CTS_endoderm"	116	"P4HB"	9	"CTS"
"CTS_endoderm"	0	"GLUL"	44.5	"CTS"
"CTS_endoderm"	46	"GSTK1"	20	"CTS"
"CTS_endoderm"	0	"KDELR2"	44.5	"CTS"
"CTS_endoderm"	2	"CST3"	26	"CTS"
"CTS_endoderm"	321	"APOE"	2	"CTS"
"CTS_endoderm"	43	"S100A6"	22	"CTS"
"CTS_endoderm"	1	"S100A10"	27	"CTS"
"CTS_endoderm"	124	"ALDH2"	8	"CTS"
"CTS_endoderm"	0	"GOLM1"	44.5	"CTS"
"CTS_endoderm"	52	"AFP"	18	"CTS"
"CTS_endoderm"	89	"ALB"	13	"CTS"
"CTS_endoderm"	0	"TTR"	44.5	"CTS"
"CTS_endoderm"	0	"TF"	44.5	"CTS"
"CTS_endoderm"	250	"APOA2"	3	"CTS"
"CTS_endoderm"	0	"DST"	44.5	"CTS"
"CTS_endoderm"	82	"FGB"	14.5	"CTS"
"CTS_endoderm"	46	"CLIP1"	20	"CTS"
"CTS_endoderm"	4	"RBP4"	25	"CTS"
"CTS_endoderm"	241	"LGALS3"	4	"CTS"
"CTS_endoderm"	56	"FGG"	17	"CTS"
"CTS_endoderm"	91	"ASPH"	11	"CTS"
"CTS_endoderm"	0	"XBP1"	44.5	"CTS"
"CTS_endoderm"	132	"ECI1"	7	"CTS"
"CTS_endoderm"	234	"P4HA1"	5	"CTS"
"CTS_endoderm"	0	"SELENOP"	44.5	"CTS"
"CTS_endoderm"	0	"DBI"	44.5	"CTS"
"CTS_endoderm"	106	"APOC1"	10	"CTS"
"CTS_endoderm"	0	"ODC1"	44.5	"CTS"
"CTS_endoderm"	0	"MERTK"	44.5	"CTS"
"CTS_endoderm"	0	"DECR2"	44.5	"CTS"
"CTS_endoderm"	0	"PNPT1"	44.5	"CTS"
"CTS_endoderm"	220	"SERPINA1"	6	"CTS"
"CTS_endoderm"	0	"FBXO17"	44.5	"CTS"
"CTS_endoderm"	0	"PGM3"	44.5	"CTS"
"CTS_endoderm"	0	"UACA"	44.5	"CTS"
"CTS_endoderm"	90	"ETFB"	12	"CTS"
"CTS_endoderm"	0	"MSMO1"	44.5	"CTS"
"CTS_endoderm"	0	"TRAM1"	44.5	"CTS"
"CTS_endoderm"	0	"APOC3"	44.5	"CTS"
"CTS_endoderm"	0	"TMED9"	44.5	"CTS"
"CTS_endoderm"	82	"ALDH6A1"	14.5	"CTS"
"CTS_endoderm"	0	"SPINT2"	44.5	"CTS"
"CTS_endoderm"	25	"GPC3"	23	"CTS"
"CTS_endoderm"	0	"SLC7A2"	44.5	"CTS"
"CTS_endoderm"	0	"HSD17B11"	44.5	"CTS"
"CTS_endoderm"	0	"SESN3"	44.5	"CTS"
"CTS_endoderm"	0	"SERPINF1"	44.5	"CTS"
"CTS_endoderm"	0	"CHST9"	44.5	"CTS"
"CTS_endoderm"	0	"SPINK1"	44.5	"CTS"
"CTS_endoderm"	0	"MPC2"	44.5	"CTS"
"CTS_endoderm"	0	"FAM107B"	44.5	"CTS"
"CTS_endoderm"	0	"MGST2"	44.5	"CTS"
"CTS_endoderm"	0	"TIMP3"	44.5	"CTS"
"CTS_endoderm"	0	"TMEM141"	44.5	"CTS"
"CTS_CP"	0	"TXNIP"	39.5	"CTS"
"CTS_CP"	0	"ASH2L"	39.5	"CTS"
"CTS_CP"	51	"SAT1"	5	"CTS"
"CTS_CP"	0	"SERINC3"	39.5	"CTS"
"CTS_CP"	0	"PKIG"	39.5	"CTS"
"CTS_CP"	0	"TERF2IP"	39.5	"CTS"
"CTS_CP"	114	"BMP4"	2	"CTS"
"CTS_CP"	0	"CREG1"	39.5	"CTS"
"CTS_CP"	0	"STMN1"	39.5	"CTS"
"CTS_CP"	0	"EMP2"	39.5	"CTS"
"CTS_CP"	0	"RGS2"	39.5	"CTS"
"CTS_CP"	3	"VIM"	10	"CTS"
"CTS_CP"	0	"KIFAP3"	39.5	"CTS"
"CTS_CP"	54	"PDGFRA"	4	"CTS"
"CTS_CP"	0	"SFRP1"	39.5	"CTS"
"CTS_CP"	0	"HEY1"	39.5	"CTS"
"CTS_CP"	0	"MPZL1"	39.5	"CTS"
"CTS_CP"	0	"DLK1"	39.5	"CTS"
"CTS_CP"	0	"BAIAP2L1"	39.5	"CTS"
"CTS_CP"	0	"CEP290"	39.5	"CTS"
"CTS_CP"	0	"PBX3"	39.5	"CTS"
"CTS_CP"	0	"ATF7IP2"	39.5	"CTS"
"CTS_CP"	0	"KDM6B"	39.5	"CTS"
"CTS_CP"	0	"CENPV"	39.5	"CTS"
"CTS_CP"	0	"ARRDC3"	39.5	"CTS"
"CTS_CP"	0	"CCNI"	39.5	"CTS"
"CTS_CP"	0	"CRABP1"	39.5	"CTS"
"CTS_CP"	0	"MERTK"	39.5	"CTS"
"CTS_CP"	0	"HOXB4"	39.5	"CTS"
"CTS_CP"	0	"AFAP1L2"	39.5	"CTS"
"CTS_CP"	0	"LGR4"	39.5	"CTS"
"CTS_CP"	0	"FBXO17"	39.5	"CTS"
"CTS_CP"	6	"ARL4C"	9	"CTS"
"CTS_CP"	0	"NPC2"	39.5	"CTS"
"CTS_CP"	0	"TXNL4B"	39.5	"CTS"
"CTS_CP"	1	"TYMS"	11	"CTS"
"CTS_CP"	0	"WASF1"	39.5	"CTS"
"CTS_CP"	0	"CLDN10"	39.5	"CTS"
"CTS_CP"	0	"MSI2"	39.5	"CTS"
"CTS_CP"	0	"HBE1"	39.5	"CTS"
"CTS_CP"	0	"NID2"	39.5	"CTS"
"CTS_CP"	0	"PTGIS"	39.5	"CTS"
"CTS_CP"	0	"CCBE1"	39.5	"CTS"
"CTS_CP"	0	"R3HDM2"	39.5	"CTS"
"CTS_CP"	64	"SNAI2"	3	"CTS"
"CTS_CP"	19	"HOXB5"	8	"CTS"
"CTS_CP"	0	"CCDC34"	39.5	"CTS"
"CTS_CP"	0	"NXPH2"	39.5	"CTS"
"CTS_CP"	0	"SPA17"	39.5	"CTS"
"CTS_CP"	0	"PRXL2A"	39.5	"CTS"
"CTS_CP"	0	"FIGN"	39.5	"CTS"
"CTS_CP"	0	"SYT10"	39.5	"CTS"
"CTS_CP"	0	"ARHGAP28"	39.5	"CTS"
"CTS_CP"	0	"SERPING1"	39.5	"CTS"
"CTS_CP"	0	"PLIN2"	39.5	"CTS"
"CTS_CP"	21	"HOXB2"	7	"CTS"
"CTS_CP"	0	"TMEM88"	39.5	"CTS"
"CTS_CP"	116	"PRRX1"	1	"CTS"
"CTS_CP"	0	"SPAG16"	39.5	"CTS"
"CTS_CP"	0	"LIX1"	39.5	"CTS"
"CTS_CP"	0	"TTC17"	39.5	"CTS"
"CTS_CP"	0	"HOXB3"	39.5	"CTS"
"CTS_CP"	0	"CCDC160"	39.5	"CTS"
"CTS_CP"	0	"CLSTN2"	39.5	"CTS"
"CTS_CP"	36	"RGS5"	6	"CTS"
"CTS_CP"	0	"RGS4"	39.5	"CTS"
"CTS_CP"	0	"ZNF503"	39.5	"CTS"
"CTS_CP.1"	0	"CITED2"	45	"CTS"
"CTS_CP.1"	0	"HAND2"	45	"CTS"
"CTS_CP.1"	9	"LRP2"	15	"CTS"
"CTS_CP.1"	0	"ITM2C"	45	"CTS"
"CTS_CP.1"	0	"CHIC2"	45	"CTS"
"CTS_CP.1"	59	"NINL"	9	"CTS"
"CTS_CP.1"	0	"DUSP6"	45	"CTS"
"CTS_CP.1"	0	"DYNC1I1"	45	"CTS"
"CTS_CP.1"	0	"CCND2"	45	"CTS"
"CTS_CP.1"	30	"PPFIBP1"	12.5	"CTS"
"CTS_CP.1"	0	"IGF2BP1"	45	"CTS"
"CTS_CP.1"	0	"CYP1B1"	45	"CTS"
"CTS_CP.1"	30	"ID1"	12.5	"CTS"
"CTS_CP.1"	310	"KDR"	1	"CTS"
"CTS_CP.1"	54	"CA2"	10	"CTS"
"CTS_CP.1"	0	"HAPLN1"	45	"CTS"
"CTS_CP.1"	25	"DAB1"	14	"CTS"
"CTS_CP.1"	0	"ORC6"	45	"CTS"
"CTS_CP.1"	40	"ATN1"	11	"CTS"
"CTS_CP.1"	0	"MEIS1"	45	"CTS"
"CTS_CP.1"	0	"JAG1"	45	"CTS"
"CTS_CP.1"	0	"NKX3-1"	45	"CTS"
"CTS_CP.1"	0	"ENC1"	45	"CTS"
"CTS_CP.1"	0	"ISL1"	45	"CTS"
"CTS_CP.1"	86	"IFI16"	6.5	"CTS"
"CTS_CP.1"	86	"NTRK2"	6.5	"CTS"
"CTS_CP.1"	110	"GATA6"	4	"CTS"
"CTS_CP.1"	1	"FGF10"	18.5	"CTS"
"CTS_CP.1"	1	"LAMA1"	18.5	"CTS"
"CTS_CP.1"	0	"LIN28B"	45	"CTS"
"CTS_CP.1"	0	"CPLANE1"	45	"CTS"
"CTS_CP.1"	0	"CGNL1"	45	"CTS"
"CTS_CP.1"	185	"PLCE1"	2	"CTS"
"CTS_CP.1"	0	"HAS2"	45	"CTS"
"CTS_CP.1"	2	"CLGN"	16.5	"CTS"
"CTS_CP.1"	0	"LPGAT1"	45	"CTS"
"CTS_CP.1"	0	"PSTPIP2"	45	"CTS"
"CTS_CP.1"	0	"ENTPD4"	45	"CTS"
"CTS_CP.1"	109	"TIPARP"	5	"CTS"
"CTS_CP.1"	0	"NAV1"	45	"CTS"
"CTS_CP.1"	123	"PTPN13"	3	"CTS"
"CTS_CP.1"	0	"CCKBR"	45	"CTS"
"CTS_CP.1"	0	"GYPB"	45	"CTS"
"CTS_CP.1"	0	"GPATCH11"	45	"CTS"
"CTS_CP.1"	0	"HACD2"	45	"CTS"
"CTS_CP.1"	0	"RHOBTB3"	45	"CTS"
"CTS_CP.1"	72	"ZEB2"	8	"CTS"
"CTS_CP.1"	0	"SLC7A2"	45	"CTS"
"CTS_CP.1"	0	"SC5D"	45	"CTS"
"CTS_CP.1"	0	"PPP1R1A"	45	"CTS"
"CTS_CP.1"	0	"IGSF3"	45	"CTS"
"CTS_CP.1"	0	"GPC6"	45	"CTS"
"CTS_CP.1"	0	"SAMD11"	45	"CTS"
"CTS_CP.1"	0	"CHST9"	45	"CTS"
"CTS_CP.1"	0	"WLS"	45	"CTS"
"CTS_CP.1"	0	"PRTG"	45	"CTS"
"CTS_CP.1"	2	"LRRTM1"	16.5	"CTS"
"CTS_CP.1"	0	"FAM89A"	45	"CTS"
"CTS_CP.1"	0	"BMP5"	45	"CTS"
"CTS_CP.1"	0	"TP53I11"	45	"CTS"
"CTS_CP.1"	0	"ART5"	45	"CTS"
"CTS_CP.1"	0	"FYB2"	45	"CTS"
"CTS_CP.1"	0	"PERP"	45	"CTS"
"CTS_CP.1"	0	"SLC40A1"	45	"CTS"
"CTS_CP.1"	0	"USP27X"	45	"CTS"
"CTS_CP.1"	0	"ZNF608"	45	"CTS"
"CTS_CP.1"	0	"ZC3H6"	45	"CTS"
"CTS_CP.1"	0	"BMPER"	45	"CTS"
"CTS_CP.1"	0	"SLC25A37"	45	"CTS"
"CTS_CP.1"	0	"SEMA3E"	45	"CTS"
