"signature"	"BetweennessCentrality"	"gene"	"rank_by_BC"	"PPI_cat"
"HiG_1"	384	"Mcm7"	122.5	"HiG"
"HiG_1"	0	"Hoxa1"	332.5	"HiG"
"HiG_1"	5	"Ilf2"	220	"HiG"
"HiG_1"	98	"Uhrf1"	160	"HiG"
"HiG_1"	0	"Lsr"	332.5	"HiG"
"HiG_1"	0	"Ddt"	332.5	"HiG"
"HiG_1"	0	"Eef1e1"	332.5	"HiG"
"HiG_1"	0	"Meis3"	332.5	"HiG"
"HiG_1"	414	"Prkra"	111	"HiG"
"HiG_1"	0	"Tpm4"	332.5	"HiG"
"HiG_1"	0	"Fam162a"	332.5	"HiG"
"HiG_1"	9	"Gstm5"	213.5	"HiG"
"HiG_1"	1	"Etfb"	242	"HiG"
"HiG_1"	843	"Cnn2"	70	"HiG"
"HiG_1"	0	"Crabp2"	332.5	"HiG"
"HiG_1"	0	"Pafah1b3"	332.5	"HiG"
"HiG_1"	0	"Trim28"	332.5	"HiG"
"HiG_1"	0	"Snx6"	332.5	"HiG"
"HiG_1"	43	"Adh5"	184.5	"HiG"
"HiG_1"	0	"Tbcb"	332.5	"HiG"
"HiG_1"	2148	"Cdc20"	30	"HiG"
"HiG_1"	639	"Srm"	80	"HiG"
"HiG_1"	0	"Eif1b"	332.5	"HiG"
"HiG_1"	0	"Ddah2"	332.5	"HiG"
"HiG_1"	304	"Id3"	135	"HiG"
"HiG_1"	0	"Rala"	332.5	"HiG"
"HiG_1"	17	"Phlda2"	196.5	"HiG"
"HiG_1"	0	"Igf2bp1"	332.5	"HiG"
"HiG_1"	423	"Cacybp"	104	"HiG"
"HiG_1"	1	"Hoxa2"	242	"HiG"
"HiG_1"	569	"Ppp1cb"	85	"HiG"
"HiG_1"	8498	"Hspa8"	4	"HiG"
"HiG_1"	54	"H2afy"	176	"HiG"
"HiG_1"	81	"Slc25a5"	162	"HiG"
"HiG_1"	0	"Ppdpf"	332.5	"HiG"
"HiG_1"	303	"Aldoc"	136	"HiG"
"HiG_1"	0	"Igfbp4"	332.5	"HiG"
"HiG_1"	1	"Wsb1"	242	"HiG"
"HiG_1"	1093	"Kpna2"	57	"HiG"
"HiG_1"	0	"Gabarap"	332.5	"HiG"
"HiG_1"	0	"Pdlim4"	332.5	"HiG"
"HiG_1"	1603	"Hoxb1"	42	"HiG"
"HiG_1"	0	"Tecr"	332.5	"HiG"
"HiG_1"	458	"Fbxo5"	95.5	"HiG"
"HiG_1"	21	"Hdac2"	191.5	"HiG"
"HiG_1"	414	"Traf3ip2"	111	"HiG"
"HiG_1"	200	"Asf1a"	146	"HiG"
"HiG_1"	3	"Dusp6"	228	"HiG"
"HiG_1"	417	"Arg1"	107	"HiG"
"HiG_1"	422	"Socs2"	105	"HiG"
"HiG_1"	0	"Hnrnph3"	332.5	"HiG"
"HiG_1"	0	"H2afy2"	332.5	"HiG"
"HiG_1"	16	"Ppa1"	200.5	"HiG"
"HiG_1"	16	"Csrp2"	200.5	"HiG"
"HiG_1"	0	"Bzw2"	332.5	"HiG"
"HiG_1"	3	"Sdc1"	228	"HiG"
"HiG_1"	1750	"Rrm2"	36	"HiG"
"HiG_1"	1206	"Slc9a3r1"	53	"HiG"
"HiG_1"	80	"Fam64a"	163	"HiG"
"HiG_1"	8	"Luc7l3"	215.5	"HiG"
"HiG_1"	0	"Dcakd"	332.5	"HiG"
"HiG_1"	416	"Zfp36l1"	108.5	"HiG"
"HiG_1"	0	"Dek"	332.5	"HiG"
"HiG_1"	745	"Ptch1"	73	"HiG"
"HiG_1"	0	"Sfxn1"	332.5	"HiG"
"HiG_1"	0	"Dbn1"	332.5	"HiG"
"HiG_1"	564	"Glrx"	86	"HiG"
"HiG_1"	0	"Hapln1"	332.5	"HiG"
"HiG_1"	0	"Emb"	332.5	"HiG"
"HiG_1"	413	"Arf4"	113	"HiG"
"HiG_1"	45	"Tkt"	180.5	"HiG"
"HiG_1"	0	"Bnip3l"	332.5	"HiG"
"HiG_1"	0	"Acin1"	332.5	"HiG"
"HiG_1"	443	"Laptm4b"	99	"HiG"
"HiG_1"	688	"Eif3e"	76	"HiG"
"HiG_1"	190	"Ppp1r1a"	147	"HiG"
"HiG_1"	0	"Litaf"	332.5	"HiG"
"HiG_1"	410	"Hes1"	115.5	"HiG"
"HiG_1"	342	"Ivns1abp"	131	"HiG"
"HiG_1"	2	"Pcbp4"	234.5	"HiG"
"HiG_1"	6985	"Hsp90ab1"	9	"HiG"
"HiG_1"	0	"Hn1l"	332.5	"HiG"
"HiG_1"	387	"Cdh2"	120	"HiG"
"HiG_1"	0	"Lmnb1"	332.5	"HiG"
"HiG_1"	8	"Fbn2"	215.5	"HiG"
"HiG_1"	266	"Cdx1"	140	"HiG"
"HiG_1"	846	"Psat1"	69	"HiG"
"HiG_1"	0	"Hells"	332.5	"HiG"
"HiG_1"	0	"Arl3"	332.5	"HiG"
"HiG_1"	14	"Gsto1"	206	"HiG"
"HiG_1"	610	"Maged1"	81	"HiG"
"HiG_1"	1195	"Hsd17b10"	54	"HiG"
"HiG_1"	10	"Maged2"	211.5	"HiG"
"HiG_1"	1	"Prdx4"	242	"HiG"
"HiG_1"	865	"Atp5b"	67	"HiG"
"HiG_1"	0	"Clns1a"	332.5	"HiG"
"HiG_1"	1	"Eif4a3"	242	"HiG"
"HiG_1"	424	"Cct8"	103	"HiG"
"HiG_1"	47	"Rdh10"	179	"HiG"
"HiG_1"	5794	"Hspd1"	11	"HiG"
"HiG_1"	355	"Wdr12"	128	"HiG"
"HiG_1"	12	"Itm2c"	209	"HiG"
"HiG_1"	11957	"Ncl"	1	"HiG"
"HiG_1"	26	"Mcm6"	187	"HiG"
"HiG_1"	5081	"Hspa5"	15	"HiG"
"HiG_1"	2	"Ube2e3"	234.5	"HiG"
"HiG_1"	0	"Hat1"	332.5	"HiG"
"HiG_1"	4	"Ola1"	222.5	"HiG"
"HiG_1"	0	"Nop10"	332.5	"HiG"
"HiG_1"	0	"Ccdc34"	332.5	"HiG"
"HiG_1"	740	"Meis2"	74	"HiG"
"HiG_1"	7625	"Mdk"	7	"HiG"
"HiG_1"	0	"Pdia3"	332.5	"HiG"
"HiG_1"	1877	"Pcna"	34	"HiG"
"HiG_1"	0	"Fabp5"	332.5	"HiG"
"HiG_1"	0	"Sall4"	332.5	"HiG"
"HiG_1"	1352	"Anxa5"	46	"HiG"
"HiG_1"	0	"Nmd3"	332.5	"HiG"
"HiG_1"	79	"Ppid"	164	"HiG"
"HiG_1"	66	"Gmps"	173	"HiG"
"HiG_1"	0	"Ssr3"	332.5	"HiG"
"HiG_1"	0	"Hadh"	332.5	"HiG"
"HiG_1"	5294	"Lef1"	14	"HiG"
"HiG_1"	1	"Cnn3"	242	"HiG"
"HiG_1"	0	"Ptbp2"	332.5	"HiG"
"HiG_1"	847	"Cyr61"	68	"HiG"
"HiG_1"	0	"Psip1"	332.5	"HiG"
"HiG_1"	0	"Txndc12"	332.5	"HiG"
"HiG_1"	0	"Ift74"	332.5	"HiG"
"HiG_1"	0	"Lrrc42"	332.5	"HiG"
"HiG_1"	0	"Tmem59"	332.5	"HiG"
"HiG_1"	139	"Pnrc2"	156	"HiG"
"HiG_1"	2010	"Nasp"	32	"HiG"
"HiG_1"	1	"Ebna1bp2"	242	"HiG"
"HiG_1"	509	"Sfpq"	92	"HiG"
"HiG_1"	76	"Stmn1"	166.5	"HiG"
"HiG_1"	0	"Ctnnbip1"	332.5	"HiG"
"HiG_1"	4	"Paics"	222.5	"HiG"
"HiG_1"	1	"Srsf9"	242	"HiG"
"HiG_1"	2	"Fscn1"	234.5	"HiG"
"HiG_1"	0	"Rasl11a"	332.5	"HiG"
"HiG_1"	14	"Tra2a"	206	"HiG"
"HiG_1"	414	"Ptms"	111	"HiG"
"HiG_1"	0	"Ldhb"	332.5	"HiG"
"HiG_1"	0	"Bcat1"	332.5	"HiG"
"HiG_1"	0	"Fkbp4"	332.5	"HiG"
"HiG_1"	929	"Arl6ip1"	64	"HiG"
"HiG_1"	0	"Mettl9"	332.5	"HiG"
"HiG_1"	0	"Bccip"	332.5	"HiG"
"HiG_1"	0	"Plp2"	332.5	"HiG"
"HiG_1"	0	"Hmgn5"	332.5	"HiG"
"HiG_1"	1667	"Rbbp7"	40	"HiG"
"HiG_1"	362	"Dkc1"	126	"HiG"
"HiG_1"	673	"Morf4l2"	77	"HiG"
"HiG_1"	0	"Prps1"	332.5	"HiG"
"HiG_1"	0	"Sap30"	332.5	"HiG"
"HiG_1"	75	"Slc25a4"	168	"HiG"
"HiG_1"	0	"Orc6"	332.5	"HiG"
"HiG_1"	67	"Gins2"	172	"HiG"
"HiG_1"	9	"Jam3"	213.5	"HiG"
"HiG_1"	0	"Oaf"	332.5	"HiG"
"HiG_1"	7649	"Aldh1a2"	6	"HiG"
"HiG_1"	409	"Nedd4"	117.5	"HiG"
"HiG_1"	0	"Mns1"	332.5	"HiG"
"HiG_1"	1239	"Crabp1"	50	"HiG"
"HiG_1"	2656	"Pkm"	27	"HiG"
"HiG_1"	0	"Tspan3"	332.5	"HiG"
"HiG_1"	185	"Gsta4"	148	"HiG"
"HiG_1"	0	"Igdcc3"	332.5	"HiG"
"HiG_1"	0	"Ptov1"	332.5	"HiG"
"HiG_1"	0	"Car14"	332.5	"HiG"
"HiG_1"	0	"Gcsh"	332.5	"HiG"
"HiG_1"	78	"Fbl"	165	"HiG"
"HiG_1"	0	"Rangrf"	332.5	"HiG"
"HiG_1"	0	"Ube2r2"	332.5	"HiG"
"HiG_1"	14	"Btg1"	206	"HiG"
"HiG_1"	17	"Pclaf"	196.5	"HiG"
"HiG_1"	0	"Serbp1"	332.5	"HiG"
"HiG_1"	0	"Timm8b"	332.5	"HiG"
"HiG_1"	1989	"Twist1"	33	"HiG"
"HiG_1"	348	"Prrx2"	130	"HiG"
"HiG_1"	0	"Pnrc1"	332.5	"HiG"
"HiG_1"	0	"Lpar6"	332.5	"HiG"
"HiG_1"	728	"Tubb4b"	75	"HiG"
"HiG_1"	2976	"Eef1a1"	24	"HiG"
"HiG_1"	3	"Apex1"	228	"HiG"
"HiG_1"	4	"Bex2"	222.5	"HiG"
"HiG_1"	326	"Cd81"	132.5	"HiG"
"HiG_1"	1666	"Ptma"	41	"HiG"
"HiG_1"	0	"Tsc22d1"	332.5	"HiG"
"HiG_1"	0	"Fermt2"	332.5	"HiG"
"HiG_1"	0	"Limd2"	332.5	"HiG"
"HiG_1"	44	"Ndn"	182.5	"HiG"
"HiG_1"	658	"Mycn"	78	"HiG"
"HiG_1"	12	"Zfp503"	209	"HiG"
"HiG_1"	1073	"Gnl3"	59	"HiG"
"HiG_1"	275	"Pdlim7"	138	"HiG"
"HiG_1"	0	"Tax1bp3"	332.5	"HiG"
"HiG_1"	48	"Tceal9"	178	"HiG"
"HiG_1"	0	"Adk"	332.5	"HiG"
"HiG_1"	0	"Dctpp1"	332.5	"HiG"
"HiG_1"	230	"Rbmxl1"	144	"HiG"
"HiG_1"	74	"Calm2"	169	"HiG"
"HiG_1"	596	"Gpi1"	83	"HiG"
"HiG_1"	170	"Timm8a1"	149	"HiG"
"HiG_1"	0	"Ckap4"	332.5	"HiG"
"HiG_1"	0	"Peg3"	332.5	"HiG"
"HiG_1"	920	"Meox1"	66	"HiG"
"HiG_1"	0	"Epop"	332.5	"HiG"
"HiG_1"	326	"Mapk3"	132.5	"HiG"
"HiG_1"	18	"Foxc1"	194	"HiG"
"HiG_1"	235	"Pdia6"	143	"HiG"
"HiG_1"	0	"Sptssa"	332.5	"HiG"
"HiG_1"	44	"Basp1"	182.5	"HiG"
"HiG_1"	4123	"Fn1"	16	"HiG"
"HiG_1"	0	"Fbln1"	332.5	"HiG"
"HiG_1"	29	"Foxc2"	186	"HiG"
"HiG_1"	0	"Prtg"	332.5	"HiG"
"HiG_1"	0	"Ctxn1"	332.5	"HiG"
"HiG_1"	0	"Zbtb12"	332.5	"HiG"
"HiG_1"	0	"Spsb4"	332.5	"HiG"
"HiG_1"	16	"Cd24a"	200.5	"HiG"
"HiG_1"	6	"Six1"	218	"HiG"
"HiG_1"	0	"Vamp8"	332.5	"HiG"
"HiG_1"	151	"Rbp1"	154	"HiG"
"HiG_1"	416	"Bex1"	108.5	"HiG"
"HiG_1"	12	"Ier2"	209	"HiG"
"HiG_1"	0	"H1fx"	332.5	"HiG"
"HiG_1"	599	"Hmgn1"	82	"HiG"
"HiG_1"	60	"Mtap"	175	"HiG"
"HiG_1"	545	"Slbp"	88	"HiG"
"HiG_1"	0	"Rcor2"	332.5	"HiG"
"HiG_1"	0	"Mogat2"	332.5	"HiG"
"HiG_1"	6303	"Gpc3"	10	"HiG"
"HiG_1"	0	"Wfdc21"	332.5	"HiG"
"HiG_1"	410	"Plpp3"	115.5	"HiG"
"HiG_1"	3	"Khdrbs1"	228	"HiG"
"HiG_1"	0	"Wls"	332.5	"HiG"
"HiG_1"	1	"Pfn2"	242	"HiG"
"HiG_1"	0	"Pard6g"	332.5	"HiG"
"HiG_1"	15	"Npm3"	203.5	"HiG"
"HiG_1"	476	"Srsf7"	93	"HiG"
"HiG_1"	1026	"Ywhae"	60	"HiG"
"HiG_1"	0	"Ifitm2"	332.5	"HiG"
"HiG_1"	3547	"Actg1"	20	"HiG"
"HiG_1"	809	"Prdx6"	72	"HiG"
"HiG_1"	0	"Mfap2"	332.5	"HiG"
"HiG_1"	21	"Rrs1"	191.5	"HiG"
"HiG_1"	3613	"Ccnb1"	19	"HiG"
"HiG_1"	2	"Pgrmc1"	234.5	"HiG"
"HiG_1"	0	"Akr7a5"	332.5	"HiG"
"HiG_1"	1165	"Hspe1"	56	"HiG"
"HiG_1"	8502	"Npm1"	3	"HiG"
"HiG_1"	45	"Tubb2b"	180.5	"HiG"
"HiG_1"	210	"Pdia4"	145	"HiG"
"HiG_1"	1430	"Tuba1b"	43	"HiG"
"HiG_1"	0	"Rsrp1"	332.5	"HiG"
"HiG_1"	383	"Cfl2"	124	"HiG"
"HiG_1"	0	"Sox11"	332.5	"HiG"
"HiG_1"	0	"Nmral1"	332.5	"HiG"
"HiG_1"	438	"Epb41l3"	100	"HiG"
"HiG_1"	0	"Birc5"	332.5	"HiG"
"HiG_1"	5321	"Eno1"	13	"HiG"
"HiG_1"	22	"Impdh2"	190	"HiG"
"HiG_1"	65	"Ezh2"	174	"HiG"
"HiG_1"	421	"Dut"	106	"HiG"
"HiG_1"	3931	"mt-Nd1"	17	"HiG"
"HiG_1"	0	"mt-Nd2"	332.5	"HiG"
"HiG_1"	640	"mt-Co1"	79	"HiG"
"HiG_1"	17	"mt-Co2"	196.5	"HiG"
"HiG_1"	0	"mt-Co3"	332.5	"HiG"
"HiG_1"	251	"mt-Nd4"	141	"HiG"
"HiG_1"	561	"mt-Cytb"	87	"HiG"
"HiG_1"	325	"Gpx3"	134	"HiG"
"HiG_1"	2206	"Fgfr1"	29	"HiG"
"HiG_1"	0	"Anp32a"	332.5	"HiG"
"HiG_1"	0	"Fxyd6"	332.5	"HiG"
"HiG_1"	6	"Lyar"	218	"HiG"
"HiG_1"	0	"Tspan6"	332.5	"HiG"
"HiG_1"	24	"Nnat"	189	"HiG"
"HiG_1"	19	"Tcf15"	193	"HiG"
"HiG_1"	0	"Mat2a"	332.5	"HiG"
"HiG_1"	0	"Mmp14"	332.5	"HiG"
"HiG_1"	3328	"Hnrnpa2b1"	22	"HiG"
"HiG_1"	15	"Rap1a"	203.5	"HiG"
"HiG_1"	385	"Marcks"	121	"HiG"
"HiG_1"	1397	"Rspo3"	44	"HiG"
"HiG_1"	0	"Plscr1"	332.5	"HiG"
"HiG_1"	156	"Fzd2"	151.5	"HiG"
"HiG_1"	3	"Cbx1"	228	"HiG"
"HiG_1"	1749	"Ccnd1"	37	"HiG"
"HiG_1"	5731	"Hsp90aa1"	12	"HiG"
"HiG_1"	358	"Id1"	127	"HiG"
"HiG_1"	0	"Gm1673"	332.5	"HiG"
"HiG_1"	0	"Rasgrp3"	332.5	"HiG"
"HiG_1"	0	"Jund"	332.5	"HiG"
"HiG_1"	0	"Mtch1"	332.5	"HiG"
"HiG_1"	0	"Pigx"	332.5	"HiG"
"HiG_1"	1220	"Tuba1a"	52	"HiG"
"HiG_1"	0	"Rragd"	332.5	"HiG"
"HiG_1"	0	"Zcchc3"	332.5	"HiG"
"HiG_1"	0	"Atxn7l3b"	332.5	"HiG"
"HiG_1"	10	"Hoxb2"	211.5	"HiG"
"HiG_1"	0	"Cited1"	332.5	"HiG"
"HiG_1"	951	"Ptn"	63	"HiG"
"HiG_1"	350	"Nop56"	129	"HiG"
"HiG_1"	0	"B2m"	332.5	"HiG"
"HiG_1"	925	"Mrto4"	65	"HiG"
"HiG_1"	154	"Hdac1"	153	"HiG"
"HiG_1"	1078	"Rbbp4"	58	"HiG"
"HiG_1"	0	"Selenoh"	332.5	"HiG"
"HiG_1"	0	"Cdca7"	332.5	"HiG"
"HiG_1"	0	"Ebf1"	332.5	"HiG"
"HiG_1"	0	"Rtn4"	332.5	"HiG"
"HiG_1"	0	"Set"	332.5	"HiG"
"HiG_1"	0	"Mdh1"	332.5	"HiG"
"HiG_1"	1237	"Rpl7a"	51	"HiG"
"HiG_1"	457	"Sox4"	97	"HiG"
"HiG_1"	0	"Akr1b3"	332.5	"HiG"
"HiG_1"	0	"Tcf3"	332.5	"HiG"
"HiG_1"	1834	"Ifitm1"	35	"HiG"
"HiG_1"	409	"Bnip3"	117.5	"HiG"
"HiG_1"	7272	"H3f3b"	8	"HiG"
"HiG_1"	0	"Hdgfrp3"	332.5	"HiG"
"HiG_1"	0	"Tead2"	332.5	"HiG"
"HiG_1"	0	"Trim59"	332.5	"HiG"
"HiG_1"	237	"Prmt1"	142	"HiG"
"HiG_1"	288	"Ccne1"	137	"HiG"
"HiG_1"	0	"Tnfaip1"	332.5	"HiG"
"HiG_1"	1264	"Dll3"	49	"HiG"
"HiG_1"	2	"Rab34"	234.5	"HiG"
"HiG_1"	365	"Eno3"	125	"HiG"
"HiG_1"	0	"Tsen34"	332.5	"HiG"
"HiG_1"	458	"Trp53"	95.5	"HiG"
"HiG_1"	0	"Nsun2"	332.5	"HiG"
"HiG_1"	586	"Prdx2"	84	"HiG"
"HiG_1"	3663	"H2afv"	18	"HiG"
"HiG_1"	0	"Flrt3"	332.5	"HiG"
"HiG_1"	3	"Smoc1"	228	"HiG"
"HiG_1"	0	"Tagln2"	332.5	"HiG"
"HiG_1"	0	"Mpzl1"	332.5	"HiG"
"HiG_1"	0	"Tfpi"	332.5	"HiG"
"HiG_1"	0	"Hnrnpa3"	332.5	"HiG"
"HiG_1"	403	"Sms"	119	"HiG"
"HiG_1"	526	"Nr6a1"	91	"HiG"
"HiG_1"	140	"Foxp1"	155	"HiG"
"HiG_1"	43	"Tpm1"	184.5	"HiG"
"HiG_1"	0	"Brd3"	332.5	"HiG"
"HiG_1"	425	"Rcn2"	102	"HiG"
"HiG_1"	0	"Hmgb3"	332.5	"HiG"
"HiG_1"	0	"Rbmx"	332.5	"HiG"
"HiG_1"	3	"Fstl1"	228	"HiG"
"HiG_1"	0	"Fhl1"	332.5	"HiG"
"HiG_1"	0	"Tcf4"	332.5	"HiG"
"HiG_1"	0	"Cald1"	332.5	"HiG"
"HiG_1"	0	"Sept6"	332.5	"HiG"
"HiG_1"	2859	"Hnrnpk"	26	"HiG"
"HiG_1"	0	"Mphosph8"	332.5	"HiG"
"HiG_1"	2	"Bex4"	234.5	"HiG"
"HiG_1"	158	"Rsl1d1"	150	"HiG"
"HiG_1"	426	"Srsf11"	101	"HiG"
"HiG_1"	0	"Lmo4"	332.5	"HiG"
"HiG_1"	445	"Prdx1"	98	"HiG"
"HiG_1"	1024	"Ubc"	61	"HiG"
"HiG_1"	1368	"Pa2g4"	45	"HiG"
"HiG_1"	0	"Arl4a"	332.5	"HiG"
"HiG_1"	0	"Dbi"	332.5	"HiG"
"HiG_1"	2940	"Sumo2"	25	"HiG"
"HiG_1"	0	"Pcdh19"	332.5	"HiG"
"HiG_1"	2470	"Mest"	28	"HiG"
"HiG_1"	89	"Nhp2"	161	"HiG"
"HiG_1"	268	"Srsf1"	139	"HiG"
"HiG_1"	1012	"Hnrnpdl"	62	"HiG"
"HiG_1"	822	"Ywhaq"	71	"HiG"
"HiG_1"	124	"Hmga2"	158	"HiG"
"HiG_1"	1287	"Cadm1"	48	"HiG"
"HiG_1"	49	"Hmgn3"	177	"HiG"
"HiG_1"	1743	"H3f3a"	38	"HiG"
"HiG_1"	156	"Slc16a3"	151.5	"HiG"
"HiG_1"	0	"Acvr2b"	332.5	"HiG"
"HiG_1"	538	"Mcm5"	89	"HiG"
"HiG_1"	0	"Serpinh1"	332.5	"HiG"
"HiG_1"	1668	"Eif4a1"	39	"HiG"
"HiG_1"	0	"Armcx2"	332.5	"HiG"
"HiG_1"	0	"G3bp2"	332.5	"HiG"
"HiG_1"	0	"Anp32e"	332.5	"HiG"
"HiG_1"	72	"Odc1"	170	"HiG"
"HiG_1"	0	"Tceal8"	332.5	"HiG"
"HiG_1"	76	"Dnaja1"	166.5	"HiG"
"HiG_1"	0	"Stra6"	332.5	"HiG"
"HiG_1"	25	"Ssb"	188	"HiG"
"HiG_1"	69	"Ncam1"	171	"HiG"
"HiG_1"	2123	"Tpi1"	31	"HiG"
"HiG_1"	0	"Tgif1"	332.5	"HiG"
"HiG_1"	0	"Rbms1"	332.5	"HiG"
"HiG_1"	0	"Atxn10"	332.5	"HiG"
"HiG_1"	10445	"Apoe"	2	"HiG"
"HiG_1"	17	"Pbx1"	196.5	"HiG"
"HiG_1"	0	"Oaz2"	332.5	"HiG"
"HiG_1"	1180	"Bex3"	55	"HiG"
"HiG_1"	384	"H1f0"	122.5	"HiG"
"HiG_1"	3474	"Gnas"	21	"HiG"
"HiG_1"	3098	"Nop58"	23	"HiG"
"HiG_1"	0	"Skap2"	332.5	"HiG"
"HiG_1"	0	"Fam60a"	332.5	"HiG"
"HiG_1"	6	"Ruvbl2"	218	"HiG"
"HiG_1"	7692	"Ldha"	5	"HiG"
"HiG_1"	16	"Rps12"	200.5	"HiG"
"HiG_1"	4	"Cited2"	222.5	"HiG"
"HiG_1"	134	"Gja1"	157	"HiG"
"HiG_1"	534	"Id2"	90	"HiG"
"HiG_1"	0	"Ctsl"	332.5	"HiG"
"HiG_1"	117	"Gtpbp4"	159	"HiG"
"HiG_1"	1301	"Gdi2"	47	"HiG"
"HiG_1"	0	"Gas1"	332.5	"HiG"
"HiG_1"	0	"Ttc3"	332.5	"HiG"
"HiG_1"	468	"Fst"	94	"HiG"
"HiG_1"	411	"Paip2"	114	"HiG"
"HiG_2"	559	"Klf6"	165	"HiG"
"HiG_2"	339	"Ccnd2"	206	"HiG"
"HiG_2"	0	"Tpd52l1"	462.5	"HiG"
"HiG_2"	150	"Mcm7"	234	"HiG"
"HiG_2"	631	"Rdx"	134	"HiG"
"HiG_2"	16	"Ilf2"	295.5	"HiG"
"HiG_2"	0	"Sh3bp1"	462.5	"HiG"
"HiG_2"	0	"Lsr"	462.5	"HiG"
"HiG_2"	63	"Ckb"	259	"HiG"
"HiG_2"	898	"Cnn1"	103	"HiG"
"HiG_2"	573	"Tubb6"	144.5	"HiG"
"HiG_2"	326	"Tubb5"	207	"HiG"
"HiG_2"	562	"Jup"	156.5	"HiG"
"HiG_2"	0	"Ddt"	462.5	"HiG"
"HiG_2"	0	"Eef1e1"	462.5	"HiG"
"HiG_2"	1889	"Pabpc1"	50	"HiG"
"HiG_2"	0	"Capns1"	462.5	"HiG"
"HiG_2"	0	"Rhoc"	462.5	"HiG"
"HiG_2"	560	"Mien1"	160.5	"HiG"
"HiG_2"	12	"Prkra"	300	"HiG"
"HiG_2"	2119	"Tpm4"	45	"HiG"
"HiG_2"	3291	"Calr"	31	"HiG"
"HiG_2"	0	"Mmd"	462.5	"HiG"
"HiG_2"	0	"Fam162a"	462.5	"HiG"
"HiG_2"	0	"Ssbp2"	462.5	"HiG"
"HiG_2"	1105	"Atp6v1f"	88	"HiG"
"HiG_2"	0	"Etfb"	462.5	"HiG"
"HiG_2"	752	"Cnn2"	116	"HiG"
"HiG_2"	56	"Crabp2"	260.5	"HiG"
"HiG_2"	6	"Wdr1"	318.5	"HiG"
"HiG_2"	557	"Pafah1b3"	167	"HiG"
"HiG_2"	79	"Trim28"	257	"HiG"
"HiG_2"	55	"Snx6"	262	"HiG"
"HiG_2"	0	"Mthfd2"	462.5	"HiG"
"HiG_2"	0	"Adh5"	462.5	"HiG"
"HiG_2"	93	"Tbcb"	252	"HiG"
"HiG_2"	1231	"Srm"	78	"HiG"
"HiG_2"	0	"Eif1b"	462.5	"HiG"
"HiG_2"	0	"Ddah2"	462.5	"HiG"
"HiG_2"	0	"Clic1"	462.5	"HiG"
"HiG_2"	1	"Id3"	357	"HiG"
"HiG_2"	560	"Fhl2"	160.5	"HiG"
"HiG_2"	0	"Rala"	462.5	"HiG"
"HiG_2"	0	"Bmp7"	462.5	"HiG"
"HiG_2"	86	"Dynll1"	254	"HiG"
"HiG_2"	42	"Phlda2"	270.5	"HiG"
"HiG_2"	3384	"Wnt2"	30	"HiG"
"HiG_2"	0	"Pgam1"	462.5	"HiG"
"HiG_2"	0	"Surf4"	462.5	"HiG"
"HiG_2"	544	"Ppp1cb"	174	"HiG"
"HiG_2"	3483	"Nkx2-5"	28	"HiG"
"HiG_2"	0	"Gata5"	462.5	"HiG"
"HiG_2"	7023	"Hspa8"	14	"HiG"
"HiG_2"	3	"H2afy"	340	"HiG"
"HiG_2"	5	"Slc25a5"	325	"HiG"
"HiG_2"	0	"Ppdpf"	462.5	"HiG"
"HiG_2"	0	"Wsb1"	462.5	"HiG"
"HiG_2"	726	"Tbx5"	121	"HiG"
"HiG_2"	636	"Gabarap"	132.5	"HiG"
"HiG_2"	1012	"Sparc"	97	"HiG"
"HiG_2"	53	"Sfrp5"	263.5	"HiG"
"HiG_2"	139	"Unc45b"	237	"HiG"
"HiG_2"	0	"Tecr"	462.5	"HiG"
"HiG_2"	418	"Dusp9"	196	"HiG"
"HiG_2"	0	"Abracl"	462.5	"HiG"
"HiG_2"	0	"Atp2b1"	462.5	"HiG"
"HiG_2"	38	"Dusp6"	274	"HiG"
"HiG_2"	7815	"Hsp90b1"	9	"HiG"
"HiG_2"	0	"Hnrnph3"	462.5	"HiG"
"HiG_2"	1	"H2afy2"	357	"HiG"
"HiG_2"	16	"Rab3ip"	295.5	"HiG"
"HiG_2"	2	"Csrp2"	347	"HiG"
"HiG_2"	56	"Pfkl"	260.5	"HiG"
"HiG_2"	821	"Pgam2"	111	"HiG"
"HiG_2"	0	"Bzw2"	462.5	"HiG"
"HiG_2"	10	"Laptm4a"	305.5	"HiG"
"HiG_2"	694	"Rrm2"	126	"HiG"
"HiG_2"	2218	"Ddx5"	41	"HiG"
"HiG_2"	27	"Slc9a3r1"	285.5	"HiG"
"HiG_2"	2	"Hn1"	347	"HiG"
"HiG_2"	505	"Galk1"	181	"HiG"
"HiG_2"	354	"Luc7l3"	203	"HiG"
"HiG_2"	0	"Dcakd"	462.5	"HiG"
"HiG_2"	220	"Actn1"	222.5	"HiG"
"HiG_2"	0	"Lgmn"	462.5	"HiG"
"HiG_2"	229	"Asb2"	221	"HiG"
"HiG_2"	2395	"Fos"	39	"HiG"
"HiG_2"	356	"Cap2"	202	"HiG"
"HiG_2"	592	"Dek"	140	"HiG"
"HiG_2"	159	"Gadd45g"	232	"HiG"
"HiG_2"	778	"Dbn1"	114	"HiG"
"HiG_2"	0	"Serf1"	462.5	"HiG"
"HiG_2"	0	"Gpx8"	462.5	"HiG"
"HiG_2"	20	"Arf4"	292	"HiG"
"HiG_2"	555	"Tkt"	169	"HiG"
"HiG_2"	36	"Bnip3l"	275	"HiG"
"HiG_2"	554	"Dnajc3"	171.5	"HiG"
"HiG_2"	115	"Brix1"	247	"HiG"
"HiG_2"	565	"Laptm4b"	148	"HiG"
"HiG_2"	611	"Eif3e"	137	"HiG"
"HiG_2"	1046	"Col2a1"	92	"HiG"
"HiG_2"	0	"Ppp1r1a"	462.5	"HiG"
"HiG_2"	0	"Hes1"	462.5	"HiG"
"HiG_2"	1119	"Sdf2l1"	85	"HiG"
"HiG_2"	0	"Popdc2"	462.5	"HiG"
"HiG_2"	0	"Tmbim6"	462.5	"HiG"
"HiG_2"	407	"Krt18"	198	"HiG"
"HiG_2"	0	"Ivns1abp"	462.5	"HiG"
"HiG_2"	23	"Krt8"	287.5	"HiG"
"HiG_2"	0	"Creld2"	462.5	"HiG"
"HiG_2"	0	"Pcbp4"	462.5	"HiG"
"HiG_2"	286	"Igf2r"	214	"HiG"
"HiG_2"	0	"Hcfc1r1"	462.5	"HiG"
"HiG_2"	1305	"Hsp90ab1"	75	"HiG"
"HiG_2"	304	"Dusp1"	211	"HiG"
"HiG_2"	0	"Bambi"	462.5	"HiG"
"HiG_2"	7	"Kif5b"	312.5	"HiG"
"HiG_2"	20	"Cdh2"	292	"HiG"
"HiG_2"	114	"Ppic"	248.5	"HiG"
"HiG_2"	4	"Add3"	333	"HiG"
"HiG_2"	0	"Arl3"	462.5	"HiG"
"HiG_2"	7	"P4hb"	312.5	"HiG"
"HiG_2"	563	"Maged1"	153.5	"HiG"
"HiG_2"	4798	"Fgf8"	23	"HiG"
"HiG_2"	525	"Hsd17b10"	179	"HiG"
"HiG_2"	0	"Maged2"	462.5	"HiG"
"HiG_2"	5	"Prdx4"	325	"HiG"
"HiG_2"	35	"Clns1a"	276.5	"HiG"
"HiG_2"	0	"Eif4a3"	462.5	"HiG"
"HiG_2"	0	"Podxl"	462.5	"HiG"
"HiG_2"	1172	"Cct8"	81	"HiG"
"HiG_2"	240	"Nrp1"	217.5	"HiG"
"HiG_2"	2483	"Hspd1"	38	"HiG"
"HiG_2"	2301	"Myl1"	40	"HiG"
"HiG_2"	2	"Cfc1"	347	"HiG"
"HiG_2"	0	"Igfbp5"	462.5	"HiG"
"HiG_2"	0	"Des"	462.5	"HiG"
"HiG_2"	0	"Itm2c"	462.5	"HiG"
"HiG_2"	4820	"Ncl"	22	"HiG"
"HiG_2"	0	"Bok"	462.5	"HiG"
"HiG_2"	563	"Dars"	153.5	"HiG"
"HiG_2"	142	"Atp1b1"	236	"HiG"
"HiG_2"	0	"Rgs5"	462.5	"HiG"
"HiG_2"	0	"Rsu1"	462.5	"HiG"
"HiG_2"	714	"Vim"	123	"HiG"
"HiG_2"	0	"Nebl"	462.5	"HiG"
"HiG_2"	6797	"Hspa5"	16	"HiG"
"HiG_2"	0	"Hat1"	462.5	"HiG"
"HiG_2"	0	"Eif3m"	462.5	"HiG"
"HiG_2"	489	"Meis2"	184	"HiG"
"HiG_2"	1248	"Mdk"	77	"HiG"
"HiG_2"	975	"Pdia3"	98	"HiG"
"HiG_2"	201	"Bmp2"	227	"HiG"
"HiG_2"	1079	"Cst3"	91	"HiG"
"HiG_2"	0	"Fabp5"	462.5	"HiG"
"HiG_2"	1612	"Ppid"	60	"HiG"
"HiG_2"	0	"Serp1"	462.5	"HiG"
"HiG_2"	50	"Gmps"	267.5	"HiG"
"HiG_2"	0	"Ssr3"	462.5	"HiG"
"HiG_2"	0	"Hadh"	462.5	"HiG"
"HiG_2"	1	"Pla2g12a"	357	"HiG"
"HiG_2"	0	"Cnn3"	462.5	"HiG"
"HiG_2"	0	"Ptbp2"	462.5	"HiG"
"HiG_2"	2072	"Cyr61"	46	"HiG"
"HiG_2"	34	"Tln1"	278	"HiG"
"HiG_2"	0	"Psip1"	462.5	"HiG"
"HiG_2"	0	"Txndc12"	462.5	"HiG"
"HiG_2"	0	"Lrrc42"	462.5	"HiG"
"HiG_2"	0	"Tmem59"	462.5	"HiG"
"HiG_2"	88	"Slc2a1"	253	"HiG"
"HiG_2"	0	"Akr1a1"	462.5	"HiG"
"HiG_2"	1990	"Nasp"	49	"HiG"
"HiG_2"	0	"Sfpq"	462.5	"HiG"
"HiG_2"	32	"Stmn1"	281	"HiG"
"HiG_2"	0	"Sh3bgrl3"	462.5	"HiG"
"HiG_2"	853	"Smarcd3"	108	"HiG"
"HiG_2"	0	"Ctnnbip1"	462.5	"HiG"
"HiG_2"	566	"Lrpap1"	147	"HiG"
"HiG_2"	5	"Ugdh"	325	"HiG"
"HiG_2"	8	"Paics"	308.5	"HiG"
"HiG_2"	4	"Psph"	333	"HiG"
"HiG_2"	1018	"Atp2a2"	95	"HiG"
"HiG_2"	7	"Srsf9"	312.5	"HiG"
"HiG_2"	30	"Fscn1"	283	"HiG"
"HiG_2"	0	"Tra2a"	462.5	"HiG"
"HiG_2"	0	"Ptms"	462.5	"HiG"
"HiG_2"	3	"Ldhb"	340	"HiG"
"HiG_2"	5	"Bcat1"	325	"HiG"
"HiG_2"	0	"Cmas"	462.5	"HiG"
"HiG_2"	0	"Slc2a3"	462.5	"HiG"
"HiG_2"	114	"Fkbp4"	248.5	"HiG"
"HiG_2"	7	"Vasp"	312.5	"HiG"
"HiG_2"	0	"Mfge8"	462.5	"HiG"
"HiG_2"	751	"Arl6ip1"	117	"HiG"
"HiG_2"	4	"Rab6a"	333	"HiG"
"HiG_2"	0	"Rgs10"	462.5	"HiG"
"HiG_2"	0	"Mettl9"	462.5	"HiG"
"HiG_2"	0	"Plp2"	462.5	"HiG"
"HiG_2"	560	"Itm2a"	160.5	"HiG"
"HiG_2"	0	"Hmgn5"	462.5	"HiG"
"HiG_2"	1763	"Rps4x"	54	"HiG"
"HiG_2"	946	"Rbbp7"	100	"HiG"
"HiG_2"	39	"Morf4l2"	272.5	"HiG"
"HiG_2"	1	"Prps1"	357	"HiG"
"HiG_2"	490	"Sfrp1"	183	"HiG"
"HiG_2"	0	"Rbpms"	462.5	"HiG"
"HiG_2"	706	"Sap30"	124	"HiG"
"HiG_2"	579	"Slc25a4"	143	"HiG"
"HiG_2"	0	"Mylk3"	462.5	"HiG"
"HiG_2"	0	"Rrad"	462.5	"HiG"
"HiG_2"	0	"Hsd11b2"	462.5	"HiG"
"HiG_2"	673	"Acta1"	128	"HiG"
"HiG_2"	726	"Tagln"	121	"HiG"
"HiG_2"	46	"Crabp1"	269	"HiG"
"HiG_2"	10472	"Pkm"	6	"HiG"
"HiG_2"	7	"Tspan3"	312.5	"HiG"
"HiG_2"	0	"Gsta4"	462.5	"HiG"
"HiG_2"	316	"Ppib"	208	"HiG"
"HiG_2"	0	"Cmtm7"	462.5	"HiG"
"HiG_2"	0	"Nradd"	462.5	"HiG"
"HiG_2"	1371	"Tdgf1"	70	"HiG"
"HiG_2"	0	"Ptov1"	462.5	"HiG"
"HiG_2"	554	"3632451O06Rik"	171.5	"HiG"
"HiG_2"	4	"Pkp2"	333	"HiG"
"HiG_2"	0	"S100a10"	462.5	"HiG"
"HiG_2"	1571	"Igfbpl1"	62	"HiG"
"HiG_2"	0	"Car14"	462.5	"HiG"
"HiG_2"	240	"Nexn"	217.5	"HiG"
"HiG_2"	395	"Fkbp1a"	199	"HiG"
"HiG_2"	287	"Fbl"	213	"HiG"
"HiG_2"	1	"Sh3bgr"	357	"HiG"
"HiG_2"	0	"Ube2r2"	462.5	"HiG"
"HiG_2"	0	"Btg1"	462.5	"HiG"
"HiG_2"	12	"Pclaf"	300	"HiG"
"HiG_2"	0	"Selenow"	462.5	"HiG"
"HiG_2"	564	"Timm8b"	150	"HiG"
"HiG_2"	10	"Atp1a1"	305.5	"HiG"
"HiG_2"	9	"Asb4"	307	"HiG"
"HiG_2"	560	"Prrx2"	160.5	"HiG"
"HiG_2"	0	"Pnrc1"	462.5	"HiG"
"HiG_2"	210	"Mgarp"	224	"HiG"
"HiG_2"	0	"4921524J17Rik"	462.5	"HiG"
"HiG_2"	0	"Mif"	462.5	"HiG"
"HiG_2"	39	"Gata6"	272.5	"HiG"
"HiG_2"	0	"Bag2"	462.5	"HiG"
"HiG_2"	1215	"Tubb4b"	79	"HiG"
"HiG_2"	0	"Myl12b"	462.5	"HiG"
"HiG_2"	839	"Hspb2"	109	"HiG"
"HiG_2"	174	"Apex1"	230	"HiG"
"HiG_2"	6889	"Hnrnpa1"	15	"HiG"
"HiG_2"	2	"Bex2"	347	"HiG"
"HiG_2"	1	"Rbm24"	357	"HiG"
"HiG_2"	0	"Dok4"	462.5	"HiG"
"HiG_2"	531	"Rcsd1"	178	"HiG"
"HiG_2"	421	"Cd81"	195	"HiG"
"HiG_2"	8718	"Ptma"	8	"HiG"
"HiG_2"	0	"Efhd2"	462.5	"HiG"
"HiG_2"	0	"Tsc22d1"	462.5	"HiG"
"HiG_2"	4	"Fermt2"	333	"HiG"
"HiG_2"	0	"Pim3"	462.5	"HiG"
"HiG_2"	4314	"Isl1"	26	"HiG"
"HiG_2"	0	"Ppp1r14c"	462.5	"HiG"
"HiG_2"	200	"Prss23"	228	"HiG"
"HiG_2"	0	"Limd2"	462.5	"HiG"
"HiG_2"	341	"Ndn"	205	"HiG"
"HiG_2"	0	"Tmem108"	462.5	"HiG"
"HiG_2"	0	"Nenf"	462.5	"HiG"
"HiG_2"	0	"Igfbp2"	462.5	"HiG"
"HiG_2"	1433	"Pdlim7"	67	"HiG"
"HiG_2"	429	"Grhpr"	193	"HiG"
"HiG_2"	0	"Apobec2"	462.5	"HiG"
"HiG_2"	0	"Tax1bp3"	462.5	"HiG"
"HiG_2"	470	"Tceal9"	188	"HiG"
"HiG_2"	4	"Adk"	333	"HiG"
"HiG_2"	573	"Atp6v0b"	144.5	"HiG"
"HiG_2"	2	"Dctpp1"	347	"HiG"
"HiG_2"	0	"Tiparp"	462.5	"HiG"
"HiG_2"	0	"Rbmxl1"	462.5	"HiG"
"HiG_2"	35762	"Acta2"	1	"HiG"
"HiG_2"	0	"Josd2"	462.5	"HiG"
"HiG_2"	137	"Calm2"	238	"HiG"
"HiG_2"	0	"Ccdc88a"	462.5	"HiG"
"HiG_2"	556	"Ctnna1"	168	"HiG"
"HiG_2"	172	"Gpi1"	231	"HiG"
"HiG_2"	0	"Ckap4"	462.5	"HiG"
"HiG_2"	8	"Lin28a"	308.5	"HiG"
"HiG_2"	5	"Peg3"	325	"HiG"
"HiG_2"	6	"Tuba1c"	318.5	"HiG"
"HiG_2"	739	"Mapk3"	119	"HiG"
"HiG_2"	51	"Tbx20"	265.5	"HiG"
"HiG_2"	1104	"Pdia6"	89	"HiG"
"HiG_2"	621	"Basp1"	136	"HiG"
"HiG_2"	220	"Zfp207"	222.5	"HiG"
"HiG_2"	636	"Fn1"	132.5	"HiG"
"HiG_2"	0	"Fbln1"	462.5	"HiG"
"HiG_2"	0	"Xbp1"	462.5	"HiG"
"HiG_2"	599	"Higd1a"	138	"HiG"
"HiG_2"	0	"Cpox"	462.5	"HiG"
"HiG_2"	0	"Tmem88"	462.5	"HiG"
"HiG_2"	564	"Marcksl1"	150	"HiG"
"HiG_2"	5	"Prtg"	325	"HiG"
"HiG_2"	0	"Ly6e"	462.5	"HiG"
"HiG_2"	0	"Ctxn1"	462.5	"HiG"
"HiG_2"	0	"Bri3"	462.5	"HiG"
"HiG_2"	0	"Rbpms2"	462.5	"HiG"
"HiG_2"	424	"Cd24a"	194	"HiG"
"HiG_2"	0	"Ubald2"	462.5	"HiG"
"HiG_2"	4	"Smtnl2"	333	"HiG"
"HiG_2"	0	"Shisa2"	462.5	"HiG"
"HiG_2"	0	"Spin2c"	462.5	"HiG"
"HiG_2"	0	"Vamp8"	462.5	"HiG"
"HiG_2"	0	"Rbp1"	462.5	"HiG"
"HiG_2"	644	"Bex1"	130	"HiG"
"HiG_2"	0	"Fbxl22"	462.5	"HiG"
"HiG_2"	7	"Ier2"	312.5	"HiG"
"HiG_2"	0	"H1fx"	462.5	"HiG"
"HiG_2"	53	"Hmgn1"	263.5	"HiG"
"HiG_2"	0	"Slbp"	462.5	"HiG"
"HiG_2"	1620	"Dlk1"	58	"HiG"
"HiG_2"	134	"Gpc3"	239.5	"HiG"
"HiG_2"	912	"Pdlim1"	102	"HiG"
"HiG_2"	42	"Phgdh"	270.5	"HiG"
"HiG_2"	0	"Tmem9"	462.5	"HiG"
"HiG_2"	0	"Taf7"	462.5	"HiG"
"HiG_2"	0	"Rtn3"	462.5	"HiG"
"HiG_2"	639	"Hmgb2"	131	"HiG"
"HiG_2"	11	"Mllt11"	303	"HiG"
"HiG_2"	69	"Khdrbs1"	258	"HiG"
"HiG_2"	208	"Gata4"	225	"HiG"
"HiG_2"	5	"Wls"	325	"HiG"
"HiG_2"	3	"Map1b"	340	"HiG"
"HiG_2"	1392	"Ak1"	69	"HiG"
"HiG_2"	360	"Pfn2"	201	"HiG"
"HiG_2"	80	"Npm3"	256	"HiG"
"HiG_2"	0	"Rras2"	462.5	"HiG"
"HiG_2"	2708	"Ywhae"	36	"HiG"
"HiG_2"	0	"Ifitm2"	462.5	"HiG"
"HiG_2"	5550	"Actg1"	19	"HiG"
"HiG_2"	0	"Prdx6"	462.5	"HiG"
"HiG_2"	542	"Mfap2"	176	"HiG"
"HiG_2"	3628	"Ccnb1"	27	"HiG"
"HiG_2"	560	"Smyd1"	160.5	"HiG"
"HiG_2"	1613	"Hspe1"	59	"HiG"
"HiG_2"	0	"Nectin2"	462.5	"HiG"
"HiG_2"	13783	"Npm1"	4	"HiG"
"HiG_2"	0	"Tubb2b"	462.5	"HiG"
"HiG_2"	0	"Zcrb1"	462.5	"HiG"
"HiG_2"	280	"Tspan7"	215	"HiG"
"HiG_2"	1	"Sypl"	357	"HiG"
"HiG_2"	726	"Pdia4"	121	"HiG"
"HiG_2"	1531	"Tuba1b"	65	"HiG"
"HiG_2"	0	"Arpc5"	462.5	"HiG"
"HiG_2"	0	"Rsrp1"	462.5	"HiG"
"HiG_2"	125	"Cfl2"	244	"HiG"
"HiG_2"	12	"Sox11"	300	"HiG"
"HiG_2"	6	"Nmral1"	318.5	"HiG"
"HiG_2"	564	"Ube2s"	150	"HiG"
"HiG_2"	3011	"Myl3"	35	"HiG"
"HiG_2"	6	"Dab2"	318.5	"HiG"
"HiG_2"	3054	"Eno1"	33	"HiG"
"HiG_2"	0	"Timm17a"	462.5	"HiG"
"HiG_2"	3411	"Pgk1"	29	"HiG"
"HiG_2"	762	"Ezh2"	115	"HiG"
"HiG_2"	20	"Dut"	292	"HiG"
"HiG_2"	1825	"mt-Co1"	52	"HiG"
"HiG_2"	535	"mt-Co2"	177	"HiG"
"HiG_2"	482	"mt-Atp6"	185	"HiG"
"HiG_2"	35	"mt-Co3"	276.5	"HiG"
"HiG_2"	1044	"mt-Nd4"	93	"HiG"
"HiG_2"	959	"mt-Cytb"	99	"HiG"
"HiG_2"	667	"Gpx3"	129	"HiG"
"HiG_2"	559	"Crip2"	165	"HiG"
"HiG_2"	33	"Anp32a"	279	"HiG"
"HiG_2"	7168	"Hmgb1"	13	"HiG"
"HiG_2"	0	"Speg"	462.5	"HiG"
"HiG_2"	6	"Ociad2"	318.5	"HiG"
"HiG_2"	0	"Capn6"	462.5	"HiG"
"HiG_2"	0	"Pgm2"	462.5	"HiG"
"HiG_2"	622	"Lyar"	135	"HiG"
"HiG_2"	0	"Tspan6"	462.5	"HiG"
"HiG_2"	477	"Aldoa"	187	"HiG"
"HiG_2"	6	"Nnat"	318.5	"HiG"
"HiG_2"	2021	"Myl9"	47	"HiG"
"HiG_2"	0	"Cxx1a"	462.5	"HiG"
"HiG_2"	3	"Mat2a"	340	"HiG"
"HiG_2"	0	"Mmp14"	462.5	"HiG"
"HiG_2"	4651	"Actc1"	24	"HiG"
"HiG_2"	4	"Prnp"	333	"HiG"
"HiG_2"	206	"Marcks"	226	"HiG"
"HiG_2"	23	"Grb10"	287.5	"HiG"
"HiG_2"	51	"Cbx1"	265.5	"HiG"
"HiG_2"	1642	"Ccnd1"	56.5	"HiG"
"HiG_2"	7627	"Hsp90aa1"	10	"HiG"
"HiG_2"	1345	"Ftl1"	74	"HiG"
"HiG_2"	442	"Id1"	192	"HiG"
"HiG_2"	0	"Jund"	462.5	"HiG"
"HiG_2"	0	"Mtch1"	462.5	"HiG"
"HiG_2"	0	"Bves"	462.5	"HiG"
"HiG_2"	2	"Pigx"	347	"HiG"
"HiG_2"	1255	"Tuba1a"	76	"HiG"
"HiG_2"	448	"Gpx4"	190	"HiG"
"HiG_2"	0	"Csrp1"	462.5	"HiG"
"HiG_2"	0	"Lrrfip1"	462.5	"HiG"
"HiG_2"	3	"Rragd"	340	"HiG"
"HiG_2"	152	"Snrpn"	233	"HiG"
"HiG_2"	0	"Atxn7l3b"	462.5	"HiG"
"HiG_2"	13972	"Actb"	3	"HiG"
"HiG_2"	0	"Hoxb2"	462.5	"HiG"
"HiG_2"	1357	"Ptn"	72	"HiG"
"HiG_2"	563	"Selenos"	153.5	"HiG"
"HiG_2"	0	"Ptges3l"	462.5	"HiG"
"HiG_2"	1595	"Dstn"	61	"HiG"
"HiG_2"	554	"Car4"	171.5	"HiG"
"HiG_2"	129	"Hspb7"	242	"HiG"
"HiG_2"	1155	"Mrto4"	83	"HiG"
"HiG_2"	1127	"Hdac1"	84	"HiG"
"HiG_2"	348	"Rbbp4"	204	"HiG"
"HiG_2"	4	"Selenoh"	333	"HiG"
"HiG_2"	27	"Rtn4"	285.5	"HiG"
"HiG_2"	1753	"Set"	55	"HiG"
"HiG_2"	0	"Mdh1"	462.5	"HiG"
"HiG_2"	15	"Ugp2"	297.5	"HiG"
"HiG_2"	1164	"Rpl7a"	82	"HiG"
"HiG_2"	9139	"Myl7"	7	"HiG"
"HiG_2"	22	"Sox4"	289	"HiG"
"HiG_2"	0	"Akr1b3"	462.5	"HiG"
"HiG_2"	0	"Col18a1"	462.5	"HiG"
"HiG_2"	1113	"Ifitm1"	86	"HiG"
"HiG_2"	2196	"Bnip3"	42	"HiG"
"HiG_2"	0	"1810037I17Rik"	462.5	"HiG"
"HiG_2"	5986	"H3f3b"	17	"HiG"
"HiG_2"	2551	"Myl4"	37	"HiG"
"HiG_2"	880	"Jun"	104	"HiG"
"HiG_2"	0	"Idh2"	462.5	"HiG"
"HiG_2"	0	"Msantd3"	462.5	"HiG"
"HiG_2"	131	"Tmod1"	241	"HiG"
"HiG_2"	0	"Tead2"	462.5	"HiG"
"HiG_2"	543	"Prmt1"	175	"HiG"
"HiG_2"	570	"Tpm2"	146	"HiG"
"HiG_2"	276	"Ccne1"	216	"HiG"
"HiG_2"	0	"Tnfaip1"	462.5	"HiG"
"HiG_2"	863	"Eno3"	106	"HiG"
"HiG_2"	0	"Tsen34"	462.5	"HiG"
"HiG_2"	0	"Pmp22"	462.5	"HiG"
"HiG_2"	0	"Top1"	462.5	"HiG"
"HiG_2"	919	"Vcan"	101	"HiG"
"HiG_2"	99	"Prdx2"	250	"HiG"
"HiG_2"	1017	"H2afv"	96	"HiG"
"HiG_2"	0	"Tmed9"	462.5	"HiG"
"HiG_2"	1025	"Mpped2"	94	"HiG"
"HiG_2"	0	"Mpzl1"	462.5	"HiG"
"HiG_2"	11	"H19"	303	"HiG"
"HiG_2"	5607	"Ttn"	18	"HiG"
"HiG_2"	237	"Hnrnpa3"	219.5	"HiG"
"HiG_2"	447	"Tmsb4x"	191	"HiG"
"HiG_2"	0	"Selenok"	462.5	"HiG"
"HiG_2"	0	"Sms"	462.5	"HiG"
"HiG_2"	0	"Zfp644"	462.5	"HiG"
"HiG_2"	312	"Mum1l1"	210	"HiG"
"HiG_2"	0	"Foxp1"	462.5	"HiG"
"HiG_2"	12450	"Tpm1"	5	"HiG"
"HiG_2"	741	"Tmsb10"	118	"HiG"
"HiG_2"	1642	"Pls3"	56.5	"HiG"
"HiG_2"	481	"Rcn2"	186	"HiG"
"HiG_2"	563	"Hmgb3"	153.5	"HiG"
"HiG_2"	2	"Fstl1"	347	"HiG"
"HiG_2"	143	"Fhl1"	235	"HiG"
"HiG_2"	1	"Cald1"	357	"HiG"
"HiG_2"	1559	"Ranbp1"	63	"HiG"
"HiG_2"	4649	"Hnrnpk"	25	"HiG"
"HiG_2"	0	"Mphosph8"	462.5	"HiG"
"HiG_2"	0	"Bex4"	462.5	"HiG"
"HiG_2"	0	"Fam213a"	462.5	"HiG"
"HiG_2"	126	"Palld"	243	"HiG"
"HiG_2"	0	"Tbrg1"	462.5	"HiG"
"HiG_2"	0	"Cox17"	462.5	"HiG"
"HiG_2"	18	"Srsf11"	294	"HiG"
"HiG_2"	28	"Lmo4"	284	"HiG"
"HiG_2"	29651	"Gapdh"	2	"HiG"
"HiG_2"	96	"Igf2"	251	"HiG"
"HiG_2"	864	"Prdx1"	105	"HiG"
"HiG_2"	596	"Ubc"	139	"HiG"
"HiG_2"	857	"Pa2g4"	107	"HiG"
"HiG_2"	0	"Dbi"	462.5	"HiG"
"HiG_2"	1558	"Srsf3"	64	"HiG"
"HiG_2"	186	"Mest"	229	"HiG"
"HiG_2"	1479	"Afdn"	66	"HiG"
"HiG_2"	0	"Bbx"	462.5	"HiG"
"HiG_2"	1356	"Myl12a"	73	"HiG"
"HiG_2"	587	"Tnni1"	141	"HiG"
"HiG_2"	85	"Ywhaq"	255	"HiG"
"HiG_2"	580	"Hmga2"	142	"HiG"
"HiG_2"	0	"Cadm1"	462.5	"HiG"
"HiG_2"	1179	"H3f3a"	80	"HiG"
"HiG_2"	693	"Manf"	127	"HiG"
"HiG_2"	32	"Tra2b"	281	"HiG"
"HiG_2"	118	"Slc16a3"	246	"HiG"
"HiG_2"	11	"Acvr2b"	303	"HiG"
"HiG_2"	1408	"Serpinh1"	68	"HiG"
"HiG_2"	0	"Dnajb11"	462.5	"HiG"
"HiG_2"	379	"Myh7"	200	"HiG"
"HiG_2"	1774	"Eif4a1"	53	"HiG"
"HiG_2"	124	"Mybpc3"	245	"HiG"
"HiG_2"	1	"C530008M17Rik"	357	"HiG"
"HiG_2"	0	"Armcx2"	462.5	"HiG"
"HiG_2"	0	"Sept7"	462.5	"HiG"
"HiG_2"	560	"G3bp2"	160.5	"HiG"
"HiG_2"	0	"Anp32e"	462.5	"HiG"
"HiG_2"	0	"Ccdc141"	462.5	"HiG"
"HiG_2"	3287	"Myl6"	32	"HiG"
"HiG_2"	3020	"Cdkn1c"	34	"HiG"
"HiG_2"	695	"Csrp3"	125	"HiG"
"HiG_2"	15	"Tceal8"	297.5	"HiG"
"HiG_2"	0	"Dnaja1"	462.5	"HiG"
"HiG_2"	1107	"Cenpf"	87	"HiG"
"HiG_2"	0	"Arid3b"	462.5	"HiG"
"HiG_2"	0	"Krcc1"	462.5	"HiG"
"HiG_2"	313	"Ssb"	209	"HiG"
"HiG_2"	134	"Rbfox2"	239.5	"HiG"
"HiG_2"	5157	"Tpi1"	20	"HiG"
"HiG_2"	0	"Rbms1"	462.5	"HiG"
"HiG_2"	237	"Tnnc1"	219.5	"HiG"
"HiG_2"	554	"Tgfb1i1"	171.5	"HiG"
"HiG_2"	2	"Atxn10"	347	"HiG"
"HiG_2"	1	"Phlda1"	357	"HiG"
"HiG_2"	7456	"Apoe"	11	"HiG"
"HiG_2"	289	"Ddx39b"	212	"HiG"
"HiG_2"	50	"Cct4"	267.5	"HiG"
"HiG_2"	512	"Rbm38"	180	"HiG"
"HiG_2"	1102	"Gyg"	90	"HiG"
"HiG_2"	0	"Ddc"	462.5	"HiG"
"HiG_2"	0	"Oaz2"	462.5	"HiG"
"HiG_2"	2169	"Bex3"	43	"HiG"
"HiG_2"	806	"Ank3"	113	"HiG"
"HiG_2"	502	"Meis1"	182	"HiG"
"HiG_2"	1883	"Gnas"	51	"HiG"
"HiG_2"	2013	"Nop58"	48	"HiG"
"HiG_2"	0	"Smpx"	462.5	"HiG"
"HiG_2"	4842	"Tnnt2"	21	"HiG"
"HiG_2"	0	"Tgfb2"	462.5	"HiG"
"HiG_2"	0	"Stard3nl"	462.5	"HiG"
"HiG_2"	824	"Pdlim5"	110	"HiG"
"HiG_2"	562	"Amph"	156.5	"HiG"
"HiG_2"	0	"Fdps"	462.5	"HiG"
"HiG_2"	1360	"Mef2c"	71	"HiG"
"HiG_2"	0	"Crip1"	462.5	"HiG"
"HiG_2"	559	"Fam60a"	165	"HiG"
"HiG_2"	0	"Homer2"	462.5	"HiG"
"HiG_2"	0	"Gm45716"	462.5	"HiG"
"HiG_2"	2	"Isyna1"	347	"HiG"
"HiG_2"	2156	"Ldha"	44	"HiG"
"HiG_2"	7431	"Cryab"	12	"HiG"
"HiG_2"	0	"Cdkn2d"	462.5	"HiG"
"HiG_2"	0	"Cited2"	462.5	"HiG"
"HiG_2"	809	"Gja1"	112	"HiG"
"HiG_2"	21	"Id2"	290	"HiG"
"HiG_2"	1	"Ctsl"	357	"HiG"
"HiG_2"	413	"Gdi2"	197	"HiG"
"HiG_2"	32	"Pcgf5"	281	"HiG"
"HiG_2"	452	"Ankrd1"	189	"HiG"
"HiG_2"	0	"Txnl1"	462.5	"HiG"
"HiG_2"	0	"Paip2"	462.5	"HiG"
"HiG_3"	19	"Klf6"	297.5	"HiG"
"HiG_3"	443	"Sdhd"	176.5	"HiG"
"HiG_3"	915	"Ccnd2"	104	"HiG"
"HiG_3"	0	"Tpd52l1"	465	"HiG"
"HiG_3"	369	"Plin2"	189	"HiG"
"HiG_3"	54	"Mcm7"	274	"HiG"
"HiG_3"	305	"Rdx"	206	"HiG"
"HiG_3"	1480	"Ilf2"	59	"HiG"
"HiG_3"	0	"Lsr"	465	"HiG"
"HiG_3"	574	"Tubb6"	138	"HiG"
"HiG_3"	0	"Ddt"	465	"HiG"
"HiG_3"	0	"Eef1e1"	465	"HiG"
"HiG_3"	557	"Pabpc1"	142	"HiG"
"HiG_3"	27	"Rhoc"	290.5	"HiG"
"HiG_3"	928	"Bcam"	103	"HiG"
"HiG_3"	0	"Fkbp11"	465	"HiG"
"HiG_3"	244	"Tpm4"	218	"HiG"
"HiG_3"	767	"Calr"	116	"HiG"
"HiG_3"	399	"Ppan"	185	"HiG"
"HiG_3"	1987	"Cnn2"	46	"HiG"
"HiG_3"	0	"Wdr1"	465	"HiG"
"HiG_3"	1316	"App"	70	"HiG"
"HiG_3"	0	"Pafah1b3"	465	"HiG"
"HiG_3"	0	"Trim28"	465	"HiG"
"HiG_3"	0	"Snx6"	465	"HiG"
"HiG_3"	31	"Reep5"	286	"HiG"
"HiG_3"	538	"Tbcb"	151	"HiG"
"HiG_3"	109	"Cdc20"	248	"HiG"
"HiG_3"	1455	"Srm"	60.5	"HiG"
"HiG_3"	116	"Aprt"	241	"HiG"
"HiG_3"	77	"Clic1"	262	"HiG"
"HiG_3"	0	"Id3"	465	"HiG"
"HiG_3"	537	"Rala"	154	"HiG"
"HiG_3"	9	"Dynll1"	318.5	"HiG"
"HiG_3"	125	"Phlda2"	238	"HiG"
"HiG_3"	9497	"Wnt2"	8	"HiG"
"HiG_3"	6	"Igf2bp1"	332.5	"HiG"
"HiG_3"	19	"Pea15a"	297.5	"HiG"
"HiG_3"	672	"Surf4"	128	"HiG"
"HiG_3"	516	"Ppp1cb"	160	"HiG"
"HiG_3"	199	"Gata5"	223	"HiG"
"HiG_3"	0	"Steap1"	465	"HiG"
"HiG_3"	26751	"Hspa8"	1	"HiG"
"HiG_3"	39	"Rrbp1"	282	"HiG"
"HiG_3"	12	"H2afy"	310	"HiG"
"HiG_3"	538	"Slc25a5"	151	"HiG"
"HiG_3"	0	"Ppdpf"	465	"HiG"
"HiG_3"	2	"Rnd3"	365	"HiG"
"HiG_3"	707	"Timp2"	122	"HiG"
"HiG_3"	3	"Igfbp4"	354	"HiG"
"HiG_3"	0	"Wsb1"	465	"HiG"
"HiG_3"	0	"Wfdc2"	465	"HiG"
"HiG_3"	2242	"Pfn1"	41	"HiG"
"HiG_3"	133	"Gabarap"	235	"HiG"
"HiG_3"	684	"Sparc"	127	"HiG"
"HiG_3"	176	"Sfrp5"	226	"HiG"
"HiG_3"	335	"Hoxb1"	197.5	"HiG"
"HiG_3"	2	"Tecr"	365	"HiG"
"HiG_3"	6	"Rcn3"	332.5	"HiG"
"HiG_3"	0	"Dusp9"	465	"HiG"
"HiG_3"	0	"Abracl"	465	"HiG"
"HiG_3"	2	"Atp2b1"	365	"HiG"
"HiG_3"	0	"Nudt4"	465	"HiG"
"HiG_3"	5289	"Hsp90b1"	19	"HiG"
"HiG_3"	0	"Hnrnph3"	465	"HiG"
"HiG_3"	0	"H2afy2"	465	"HiG"
"HiG_3"	265	"Ppa1"	214	"HiG"
"HiG_3"	1	"Csrp2"	378.5	"HiG"
"HiG_3"	272	"Laptm4a"	211	"HiG"
"HiG_3"	443	"Sdc1"	176.5	"HiG"
"HiG_3"	4900	"Rrm2"	21	"HiG"
"HiG_3"	3146	"Ddx5"	32	"HiG"
"HiG_3"	397	"Slc9a3r1"	186	"HiG"
"HiG_3"	530	"Galk1"	157	"HiG"
"HiG_3"	3	"Lrrc59"	354	"HiG"
"HiG_3"	0	"Zfp36l1"	465	"HiG"
"HiG_3"	3	"Npc2"	354	"HiG"
"HiG_3"	2	"Siva1"	365	"HiG"
"HiG_3"	0	"Dek"	465	"HiG"
"HiG_3"	78	"Gadd45g"	260.5	"HiG"
"HiG_3"	288	"Ptch1"	209	"HiG"
"HiG_3"	669	"Msx2"	129	"HiG"
"HiG_3"	0	"Sfxn1"	465	"HiG"
"HiG_3"	4	"Lman2"	346	"HiG"
"HiG_3"	1	"Prelid1"	378.5	"HiG"
"HiG_3"	538	"Dbn1"	151	"HiG"
"HiG_3"	9	"Pitx1"	318.5	"HiG"
"HiG_3"	0	"Hapln1"	465	"HiG"
"HiG_3"	78	"Gpx8"	260.5	"HiG"
"HiG_3"	0	"Arf4"	465	"HiG"
"HiG_3"	48	"Tkt"	277	"HiG"
"HiG_3"	27	"Bnip3l"	290.5	"HiG"
"HiG_3"	702	"Dnajc3"	123	"HiG"
"HiG_3"	47	"Brix1"	278.5	"HiG"
"HiG_3"	189	"Laptm4b"	225	"HiG"
"HiG_3"	41	"Slc38a4"	281	"HiG"
"HiG_3"	0	"Hes1"	465	"HiG"
"HiG_3"	430	"Sdf2l1"	179	"HiG"
"HiG_3"	0	"Popdc2"	465	"HiG"
"HiG_3"	0	"Tmbim6"	465	"HiG"
"HiG_3"	3707	"Krt18"	25	"HiG"
"HiG_3"	1640	"Krt8"	55	"HiG"
"HiG_3"	823	"Creld2"	112	"HiG"
"HiG_3"	0	"Pcbp4"	465	"HiG"
"HiG_3"	121	"Igf2r"	239	"HiG"
"HiG_3"	0	"Smoc2"	465	"HiG"
"HiG_3"	0	"Hn1l"	465	"HiG"
"HiG_3"	2	"Bambi"	365	"HiG"
"HiG_3"	4	"Ppic"	346	"HiG"
"HiG_3"	1	"Carnmt1"	378.5	"HiG"
"HiG_3"	0	"Sssca1"	465	"HiG"
"HiG_3"	4	"Prdx3"	346	"HiG"
"HiG_3"	13	"Hells"	307.5	"HiG"
"HiG_3"	0	"Arl3"	465	"HiG"
"HiG_3"	417	"P4hb"	181	"HiG"
"HiG_3"	0	"Maged2"	465	"HiG"
"HiG_3"	29	"Prdx4"	288.5	"HiG"
"HiG_3"	1279	"Rps26"	73	"HiG"
"HiG_3"	3290	"Atp5b"	30	"HiG"
"HiG_3"	559	"Tspan4"	141	"HiG"
"HiG_3"	162	"Eif4a3"	229	"HiG"
"HiG_3"	111	"Podxl"	246.5	"HiG"
"HiG_3"	1160	"Cct8"	80	"HiG"
"HiG_3"	2	"Nrp1"	365	"HiG"
"HiG_3"	18	"Smad7"	300.5	"HiG"
"HiG_3"	61	"Cfc1"	269	"HiG"
"HiG_3"	3	"Itm2c"	354	"HiG"
"HiG_3"	8139	"Ncl"	9	"HiG"
"HiG_3"	1	"Dars"	378.5	"HiG"
"HiG_3"	2	"Rgs5"	365	"HiG"
"HiG_3"	3592	"Vim"	28	"HiG"
"HiG_3"	0	"Nebl"	465	"HiG"
"HiG_3"	14412	"Hspa5"	4	"HiG"
"HiG_3"	858	"Ube2e3"	110	"HiG"
"HiG_3"	2	"Hat1"	365	"HiG"
"HiG_3"	0	"Mtx2"	465	"HiG"
"HiG_3"	1	"Nop10"	378.5	"HiG"
"HiG_3"	0	"Ccdc34"	465	"HiG"
"HiG_3"	1024	"Eif3m"	91	"HiG"
"HiG_3"	18	"Meis2"	300.5	"HiG"
"HiG_3"	1121	"Creb3l1"	83	"HiG"
"HiG_3"	737	"Mdk"	119	"HiG"
"HiG_3"	1784	"Pdia3"	51	"HiG"
"HiG_3"	106	"Cst3"	251	"HiG"
"HiG_3"	115	"Fabp5"	243	"HiG"
"HiG_3"	1378	"Anxa5"	66	"HiG"
"HiG_3"	79	"Ppid"	259	"HiG"
"HiG_3"	99	"Serp1"	254	"HiG"
"HiG_3"	448	"Gmps"	174	"HiG"
"HiG_3"	967	"Ssr3"	96	"HiG"
"HiG_3"	2	"Slc27a3"	365	"HiG"
"HiG_3"	0	"Hadh"	465	"HiG"
"HiG_3"	2975	"Lef1"	33	"HiG"
"HiG_3"	697	"Tdo2"	124	"HiG"
"HiG_3"	650	"Cnn3"	131	"HiG"
"HiG_3"	23	"Cyr61"	293	"HiG"
"HiG_3"	208	"Tln1"	222	"HiG"
"HiG_3"	0	"Glipr2"	465	"HiG"
"HiG_3"	0	"Psip1"	465	"HiG"
"HiG_3"	0	"Txndc12"	465	"HiG"
"HiG_3"	0	"Lrrc42"	465	"HiG"
"HiG_3"	571	"Slc2a1"	139	"HiG"
"HiG_3"	47	"Akr1a1"	278.5	"HiG"
"HiG_3"	411	"Nasp"	183	"HiG"
"HiG_3"	115	"Ebna1bp2"	243	"HiG"
"HiG_3"	3981	"Stmn1"	23	"HiG"
"HiG_3"	269	"Sh3bgrl3"	212	"HiG"
"HiG_3"	715	"Smarcd3"	121	"HiG"
"HiG_3"	3	"Ctnnbip1"	354	"HiG"
"HiG_3"	14	"Rer1"	305.5	"HiG"
"HiG_3"	6	"Lrpap1"	332.5	"HiG"
"HiG_3"	539	"Ugdh"	147.5	"HiG"
"HiG_3"	664	"Paics"	130	"HiG"
"HiG_3"	2	"Psph"	365	"HiG"
"HiG_3"	343	"Srsf9"	196	"HiG"
"HiG_3"	0	"Fscn1"	465	"HiG"
"HiG_3"	348	"Pcolce"	195	"HiG"
"HiG_3"	66	"Sec61a1"	266.5	"HiG"
"HiG_3"	0	"Ptms"	465	"HiG"
"HiG_3"	931	"Ldhb"	102	"HiG"
"HiG_3"	10	"Vgll4"	313	"HiG"
"HiG_3"	941	"Slc2a3"	100	"HiG"
"HiG_3"	320	"Fkbp4"	203	"HiG"
"HiG_3"	0	"Yif1b"	465	"HiG"
"HiG_3"	24	"Arl6ip1"	292	"HiG"
"HiG_3"	12	"Mettl9"	310	"HiG"
"HiG_3"	70	"Ilk"	264	"HiG"
"HiG_3"	117	"Bccip"	240	"HiG"
"HiG_3"	59	"Plp2"	270.5	"HiG"
"HiG_3"	1058	"Itm2a"	88	"HiG"
"HiG_3"	167	"Nono"	228	"HiG"
"HiG_3"	1166	"Rbbp7"	79	"HiG"
"HiG_3"	325	"Dkc1"	200	"HiG"
"HiG_3"	1887	"Morf4l2"	49	"HiG"
"HiG_3"	799	"Eif4ebp1"	115	"HiG"
"HiG_3"	4	"Rbpms"	346	"HiG"
"HiG_3"	898	"Slc25a4"	107	"HiG"
"HiG_3"	0	"Nkd1"	465	"HiG"
"HiG_3"	5	"Orc6"	338.5	"HiG"
"HiG_3"	0	"Hsd11b2"	465	"HiG"
"HiG_3"	153	"Jam3"	231.5	"HiG"
"HiG_3"	0	"Oaf"	465	"HiG"
"HiG_3"	3184	"Tagln"	31	"HiG"
"HiG_3"	0	"Mns1"	465	"HiG"
"HiG_3"	2588	"Anxa2"	36	"HiG"
"HiG_3"	225	"Crabp1"	220	"HiG"
"HiG_3"	11371	"Pkm"	6	"HiG"
"HiG_3"	8	"Tspan3"	324	"HiG"
"HiG_3"	0	"Fam195b"	465	"HiG"
"HiG_3"	0	"Cmtm7"	465	"HiG"
"HiG_3"	0	"Nradd"	465	"HiG"
"HiG_3"	0	"Ptov1"	465	"HiG"
"HiG_3"	0	"Ppp1r14a"	465	"HiG"
"HiG_3"	7	"3632451O06Rik"	327.5	"HiG"
"HiG_3"	94	"Pkp2"	256	"HiG"
"HiG_3"	907	"S100a10"	105	"HiG"
"HiG_3"	46	"Nexn"	280	"HiG"
"HiG_3"	1	"Gcsh"	378.5	"HiG"
"HiG_3"	538	"Ube2r2"	151	"HiG"
"HiG_3"	111	"Pclaf"	246.5	"HiG"
"HiG_3"	0	"Selenow"	465	"HiG"
"HiG_3"	18	"Timm8b"	300.5	"HiG"
"HiG_3"	9	"Tln2"	318.5	"HiG"
"HiG_3"	5212	"Twist1"	20	"HiG"
"HiG_3"	0	"Akr1b8"	465	"HiG"
"HiG_3"	0	"Asb4"	465	"HiG"
"HiG_3"	442	"Prrx2"	178	"HiG"
"HiG_3"	0	"4921524J17Rik"	465	"HiG"
"HiG_3"	448	"Gata6"	174	"HiG"
"HiG_3"	15	"Txndc5"	304	"HiG"
"HiG_3"	1281	"Tubb4b"	72	"HiG"
"HiG_3"	0	"Myl12b"	465	"HiG"
"HiG_3"	4	"Apex1"	346	"HiG"
"HiG_3"	0	"Bex2"	465	"HiG"
"HiG_3"	0	"Krtcap2"	465	"HiG"
"HiG_3"	0	"Dok4"	465	"HiG"
"HiG_3"	22	"Cd81"	294	"HiG"
"HiG_3"	1407	"Ptma"	63	"HiG"
"HiG_3"	2	"Cdv3"	365	"HiG"
"HiG_3"	633	"Stard8"	134	"HiG"
"HiG_3"	0	"Efhd2"	465	"HiG"
"HiG_3"	0	"Tsc22d1"	465	"HiG"
"HiG_3"	6	"Fermt2"	332.5	"HiG"
"HiG_3"	83	"Arhgap29"	257	"HiG"
"HiG_3"	0	"Hand2"	465	"HiG"
"HiG_3"	0	"Limd2"	465	"HiG"
"HiG_3"	407	"Ndn"	184	"HiG"
"HiG_3"	9	"Ssr2"	318.5	"HiG"
"HiG_3"	325	"Mycn"	200	"HiG"
"HiG_3"	525	"Tmem108"	159	"HiG"
"HiG_3"	0	"Nenf"	465	"HiG"
"HiG_3"	634	"Igfbp2"	133	"HiG"
"HiG_3"	468	"Hand1"	169.5	"HiG"
"HiG_3"	552	"Pdlim7"	143	"HiG"
"HiG_3"	1103	"Pitx2"	84.5	"HiG"
"HiG_3"	0	"Tax1bp3"	465	"HiG"
"HiG_3"	1702	"Tceal9"	53	"HiG"
"HiG_3"	324	"Adk"	202	"HiG"
"HiG_3"	502	"Dctpp1"	162	"HiG"
"HiG_3"	1	"Tiparp"	378.5	"HiG"
"HiG_3"	13537	"Acta2"	5	"HiG"
"HiG_3"	1	"Degs1"	378.5	"HiG"
"HiG_3"	1219	"Ctnna1"	78	"HiG"
"HiG_3"	5	"Ckap4"	338.5	"HiG"
"HiG_3"	55	"Lin28a"	272.5	"HiG"
"HiG_3"	82	"Efnb1"	258	"HiG"
"HiG_3"	9	"Peg3"	318.5	"HiG"
"HiG_3"	350	"Arxes2"	193	"HiG"
"HiG_3"	2386	"Mapk3"	39	"HiG"
"HiG_3"	0	"Pard6b"	465	"HiG"
"HiG_3"	1329	"Pdia6"	69	"HiG"
"HiG_3"	108	"Aplnr"	249.5	"HiG"
"HiG_3"	0	"Sptssa"	465	"HiG"
"HiG_3"	68	"Basp1"	265	"HiG"
"HiG_3"	0	"Eva1b"	465	"HiG"
"HiG_3"	3488	"Fn1"	29	"HiG"
"HiG_3"	6	"Fbln1"	332.5	"HiG"
"HiG_3"	0	"Xbp1"	465	"HiG"
"HiG_3"	0	"Tmem88"	465	"HiG"
"HiG_3"	5	"Marcksl1"	338.5	"HiG"
"HiG_3"	0	"Prtg"	465	"HiG"
"HiG_3"	0	"Ly6e"	465	"HiG"
"HiG_3"	538	"Ajuba"	151	"HiG"
"HiG_3"	0	"Lrrn4"	465	"HiG"
"HiG_3"	0	"Bri3"	465	"HiG"
"HiG_3"	250	"Gnai2"	216	"HiG"
"HiG_3"	1	"Rbpms2"	378.5	"HiG"
"HiG_3"	5437	"Cd24a"	17	"HiG"
"HiG_3"	414	"Msx1"	182	"HiG"
"HiG_3"	0	"Smtnl2"	465	"HiG"
"HiG_3"	0	"Spin2c"	465	"HiG"
"HiG_3"	0	"Rbp1"	465	"HiG"
"HiG_3"	548	"Bex1"	144	"HiG"
"HiG_3"	95	"Tead1"	255	"HiG"
"HiG_3"	0	"H1fx"	465	"HiG"
"HiG_3"	870	"Hmgn1"	108	"HiG"
"HiG_3"	4	"Mtap"	346	"HiG"
"HiG_3"	0	"Uaca"	465	"HiG"
"HiG_3"	1	"Arxes1"	378.5	"HiG"
"HiG_3"	153	"Slbp"	231.5	"HiG"
"HiG_3"	6377	"Dlk1"	13	"HiG"
"HiG_3"	1262	"Ezr"	75	"HiG"
"HiG_3"	0	"Mogat2"	465	"HiG"
"HiG_3"	1089	"Gpc3"	86	"HiG"
"HiG_3"	0	"Pdlim1"	465	"HiG"
"HiG_3"	7	"Efemp2"	327.5	"HiG"
"HiG_3"	0	"Tmem9"	465	"HiG"
"HiG_3"	0	"Prr5"	465	"HiG"
"HiG_3"	349	"Khdrbs1"	194	"HiG"
"HiG_3"	626	"Wls"	135	"HiG"
"HiG_3"	32	"Map1b"	285	"HiG"
"HiG_3"	160	"Pfn2"	230	"HiG"
"HiG_3"	0	"Tmem158"	465	"HiG"
"HiG_3"	0	"Rras2"	465	"HiG"
"HiG_3"	0	"St3gal5"	465	"HiG"
"HiG_3"	1992	"Ywhae"	45	"HiG"
"HiG_3"	4	"Ifitm2"	346	"HiG"
"HiG_3"	14599	"Actg1"	3	"HiG"
"HiG_3"	1398	"Prdx6"	64	"HiG"
"HiG_3"	0	"Mfap2"	465	"HiG"
"HiG_3"	0	"Rrs1"	465	"HiG"
"HiG_3"	210	"Ccnb1"	221	"HiG"
"HiG_3"	563	"Cgnl1"	140	"HiG"
"HiG_3"	2	"Pgrmc1"	365	"HiG"
"HiG_3"	65	"Polg"	268	"HiG"
"HiG_3"	267	"Bmp4"	213	"HiG"
"HiG_3"	0	"Nrm"	465	"HiG"
"HiG_3"	980	"Hspe1"	94	"HiG"
"HiG_3"	4	"Nectin2"	346	"HiG"
"HiG_3"	5823	"Npm1"	15	"HiG"
"HiG_3"	108	"Tubb2b"	249.5	"HiG"
"HiG_3"	263	"Pdia4"	215	"HiG"
"HiG_3"	540	"Mab21l2"	146	"HiG"
"HiG_3"	0	"Arpc5"	465	"HiG"
"HiG_3"	0	"Rsrp1"	465	"HiG"
"HiG_3"	467	"Cfl2"	171	"HiG"
"HiG_3"	0	"Sox11"	465	"HiG"
"HiG_3"	0	"Dab2"	465	"HiG"
"HiG_3"	7296	"Eno1"	11	"HiG"
"HiG_3"	59	"Timm17a"	270.5	"HiG"
"HiG_3"	175	"Impdh2"	227	"HiG"
"HiG_3"	3677	"Pgk1"	26	"HiG"
"HiG_3"	0	"Rps6ka6"	465	"HiG"
"HiG_3"	732	"Dut"	120	"HiG"
"HiG_3"	3924	"mt-Nd1"	24	"HiG"
"HiG_3"	906	"mt-Co1"	106	"HiG"
"HiG_3"	2411	"mt-Atp6"	38	"HiG"
"HiG_3"	130	"mt-Co3"	236	"HiG"
"HiG_3"	1253	"mt-Nd4"	76	"HiG"
"HiG_3"	289	"mt-Cytb"	208	"HiG"
"HiG_3"	355	"Gpx1"	192	"HiG"
"HiG_3"	1432	"Gpx3"	62	"HiG"
"HiG_3"	0	"Fgfr1"	465	"HiG"
"HiG_3"	115	"Oat"	243	"HiG"
"HiG_3"	952	"Crip2"	98	"HiG"
"HiG_3"	21	"Hmgb1"	295	"HiG"
"HiG_3"	0	"Fxyd6"	465	"HiG"
"HiG_3"	0	"Speg"	465	"HiG"
"HiG_3"	0	"Pgm2"	465	"HiG"
"HiG_3"	55	"Lyar"	272.5	"HiG"
"HiG_3"	8	"Tspan6"	324	"HiG"
"HiG_3"	0	"Hs6st2"	465	"HiG"
"HiG_3"	1047	"Nnat"	89	"HiG"
"HiG_3"	1270	"Myl9"	74	"HiG"
"HiG_3"	112	"Lgals1"	245	"HiG"
"HiG_3"	7	"Htra2"	327.5	"HiG"
"HiG_3"	1455	"Mat2a"	60.5	"HiG"
"HiG_3"	5	"Mmp14"	338.5	"HiG"
"HiG_3"	813	"Itgb1"	113	"HiG"
"HiG_3"	0	"Aard"	465	"HiG"
"HiG_3"	1103	"Actc1"	84.5	"HiG"
"HiG_3"	4	"Rap1a"	346	"HiG"
"HiG_3"	75	"Prnp"	263	"HiG"
"HiG_3"	0	"Prdm6"	465	"HiG"
"HiG_3"	388	"Marcks"	187	"HiG"
"HiG_3"	975	"Ahnak"	95	"HiG"
"HiG_3"	0	"Sept9"	465	"HiG"
"HiG_3"	0	"Fzd2"	465	"HiG"
"HiG_3"	546	"Cbx1"	145	"HiG"
"HiG_3"	4475	"Ccnd1"	22	"HiG"
"HiG_3"	17498	"Hsp90aa1"	2	"HiG"
"HiG_3"	1292	"Ftl1"	71	"HiG"
"HiG_3"	246	"Id1"	217	"HiG"
"HiG_3"	0	"1700027J19Rik"	465	"HiG"
"HiG_3"	503	"Mtch1"	161	"HiG"
"HiG_3"	0	"Cpa2"	465	"HiG"
"HiG_3"	0	"Pigx"	465	"HiG"
"HiG_3"	7714	"Tuba1a"	10	"HiG"
"HiG_3"	195	"Gpx4"	224	"HiG"
"HiG_3"	1156	"Csrp1"	81	"HiG"
"HiG_3"	66	"Ecscr"	266.5	"HiG"
"HiG_3"	0	"Lrrfip1"	465	"HiG"
"HiG_3"	990	"Snrpn"	93	"HiG"
"HiG_3"	0	"Zcchc3"	465	"HiG"
"HiG_3"	0	"Atxn7l3b"	465	"HiG"
"HiG_3"	1	"Ccdc80"	378.5	"HiG"
"HiG_3"	5509	"Actb"	16	"HiG"
"HiG_3"	14	"Hoxb2"	305.5	"HiG"
"HiG_3"	33	"Selenos"	284	"HiG"
"HiG_3"	486	"Dstn"	164	"HiG"
"HiG_3"	20	"Car4"	296	"HiG"
"HiG_3"	482	"Nop56"	166	"HiG"
"HiG_3"	755	"Mrto4"	118	"HiG"
"HiG_3"	0	"Ece1"	465	"HiG"
"HiG_3"	3652	"Hdac1"	27	"HiG"
"HiG_3"	938	"Myh10"	101	"HiG"
"HiG_3"	30	"Selenoh"	287	"HiG"
"HiG_3"	0	"Cdca7"	465	"HiG"
"HiG_3"	0	"Stk39"	465	"HiG"
"HiG_3"	8	"Rtn4"	324	"HiG"
"HiG_3"	468	"Set"	169.5	"HiG"
"HiG_3"	0	"Mdh1"	465	"HiG"
"HiG_3"	2898	"Myl7"	34	"HiG"
"HiG_3"	533	"Anp32b"	156	"HiG"
"HiG_3"	2107	"Sox4"	43	"HiG"
"HiG_3"	0	"Col18a1"	465	"HiG"
"HiG_3"	949	"Ifitm1"	99	"HiG"
"HiG_3"	0	"1810037I17Rik"	465	"HiG"
"HiG_3"	1540	"H3f3b"	56	"HiG"
"HiG_3"	1749	"Myl4"	52	"HiG"
"HiG_3"	1	"Gjc1"	378.5	"HiG"
"HiG_3"	1932	"Idh2"	47	"HiG"
"HiG_3"	478	"Tead2"	167	"HiG"
"HiG_3"	18	"Tomm5"	300.5	"HiG"
"HiG_3"	690	"Tpm2"	125	"HiG"
"HiG_3"	1015	"Ccne1"	92	"HiG"
"HiG_3"	0	"Tnfaip1"	465	"HiG"
"HiG_3"	0	"Fam92a"	465	"HiG"
"HiG_3"	0	"Rab34"	465	"HiG"
"HiG_3"	307	"Eno3"	205	"HiG"
"HiG_3"	0	"Tsen34"	465	"HiG"
"HiG_3"	9	"Pmp22"	318.5	"HiG"
"HiG_3"	0	"Anxa6"	465	"HiG"
"HiG_3"	0	"Top1"	465	"HiG"
"HiG_3"	0	"Nsun2"	465	"HiG"
"HiG_3"	129	"H2afv"	237	"HiG"
"HiG_3"	0	"Tmed9"	465	"HiG"
"HiG_3"	0	"Mpped2"	465	"HiG"
"HiG_3"	3	"Tagln2"	354	"HiG"
"HiG_3"	539	"Arhgap1"	147.5	"HiG"
"HiG_3"	0	"Mpzl1"	465	"HiG"
"HiG_3"	761	"H19"	117	"HiG"
"HiG_3"	1149	"Tmsb4x"	82	"HiG"
"HiG_3"	7	"Tspan9"	327.5	"HiG"
"HiG_3"	10	"Selenok"	313	"HiG"
"HiG_3"	584	"Sms"	137	"HiG"
"HiG_3"	5	"Plac8"	338.5	"HiG"
"HiG_3"	0	"Irak1bp1"	465	"HiG"
"HiG_3"	0	"Foxp1"	465	"HiG"
"HiG_3"	2460	"Tpm1"	37	"HiG"
"HiG_3"	0	"Pja1"	465	"HiG"
"HiG_3"	0	"Arpc2"	465	"HiG"
"HiG_3"	865	"Tmsb10"	109	"HiG"
"HiG_3"	9	"Rcn2"	318.5	"HiG"
"HiG_3"	1514	"Flna"	57	"HiG"
"HiG_3"	0	"Hmgb3"	465	"HiG"
"HiG_3"	2	"Fstl1"	365	"HiG"
"HiG_3"	0	"Fhl1"	465	"HiG"
"HiG_3"	0	"Plac1"	465	"HiG"
"HiG_3"	454	"Cald1"	172	"HiG"
"HiG_3"	0	"Mid1ip1"	465	"HiG"
"HiG_3"	2	"Sgce"	365	"HiG"
"HiG_3"	300	"Ranbp1"	207	"HiG"
"HiG_3"	10	"Bex4"	313	"HiG"
"HiG_3"	0	"Fam213a"	465	"HiG"
"HiG_3"	0	"Palld"	465	"HiG"
"HiG_3"	6	"Tbrg1"	332.5	"HiG"
"HiG_3"	498	"Cox17"	163	"HiG"
"HiG_3"	809	"Rsl1d1"	114	"HiG"
"HiG_3"	0	"Fam104a"	465	"HiG"
"HiG_3"	0	"Lmo4"	465	"HiG"
"HiG_3"	419	"Igf2"	180	"HiG"
"HiG_3"	365	"Prdx1"	190	"HiG"
"HiG_3"	1361	"Ubc"	67	"HiG"
"HiG_3"	314	"Pa2g4"	204	"HiG"
"HiG_3"	2	"Dbi"	365	"HiG"
"HiG_3"	3	"Erp29"	354	"HiG"
"HiG_3"	483	"Mest"	165	"HiG"
"HiG_3"	0	"Sri"	465	"HiG"
"HiG_3"	448	"Afdn"	174	"HiG"
"HiG_3"	17	"Srsf6"	303	"HiG"
"HiG_3"	1064	"Bbx"	87	"HiG"
"HiG_3"	384	"Nhp2"	188	"HiG"
"HiG_3"	0	"Smim14"	465	"HiG"
"HiG_3"	1840	"Myl12a"	50	"HiG"
"HiG_3"	526	"Tnni1"	158	"HiG"
"HiG_3"	1382	"Ywhaq"	65	"HiG"
"HiG_3"	1237	"Hmga2"	77	"HiG"
"HiG_3"	0	"Arl4c"	465	"HiG"
"HiG_3"	335	"Cyb5a"	197.5	"HiG"
"HiG_3"	2230	"Manf"	42	"HiG"
"HiG_3"	101	"Tra2b"	252	"HiG"
"HiG_3"	100	"Slc16a3"	253	"HiG"
"HiG_3"	13	"Ccnd3"	307.5	"HiG"
"HiG_3"	1643	"Serpinh1"	54	"HiG"
"HiG_3"	0	"Dnajb11"	465	"HiG"
"HiG_3"	10257	"Eif4a1"	7	"HiG"
"HiG_3"	0	"Armcx2"	465	"HiG"
"HiG_3"	0	"Atp6v0e"	465	"HiG"
"HiG_3"	839	"Nolc1"	111	"HiG"
"HiG_3"	1037	"Odc1"	90	"HiG"
"HiG_3"	5343	"Myl6"	18	"HiG"
"HiG_3"	6316	"Cdkn1c"	14	"HiG"
"HiG_3"	0	"Tceal8"	465	"HiG"
"HiG_3"	0	"Dnaja1"	465	"HiG"
"HiG_3"	0	"Arid3b"	465	"HiG"
"HiG_3"	0	"Krcc1"	465	"HiG"
"HiG_3"	646	"Ssb"	132	"HiG"
"HiG_3"	5	"Rbfox2"	338.5	"HiG"
"HiG_3"	0	"Luzp1"	465	"HiG"
"HiG_3"	0	"Tgif1"	465	"HiG"
"HiG_3"	36	"Rbms1"	283	"HiG"
"HiG_3"	535	"Tnnc1"	155	"HiG"
"HiG_3"	9	"Tgfb1i1"	318.5	"HiG"
"HiG_3"	0	"Atxn10"	465	"HiG"
"HiG_3"	619	"Hoxb6"	136	"HiG"
"HiG_3"	686	"Apoe"	126	"HiG"
"HiG_3"	961	"Ddx39b"	97	"HiG"
"HiG_3"	2060	"Cct4"	44	"HiG"
"HiG_3"	469	"Peg10"	168	"HiG"
"HiG_3"	284	"Gyg"	210	"HiG"
"HiG_3"	0	"Oaz2"	465	"HiG"
"HiG_3"	2737	"Bex3"	35	"HiG"
"HiG_3"	1332	"Foxf1"	68	"HiG"
"HiG_3"	0	"Smim1"	465	"HiG"
"HiG_3"	12	"Apbb1"	310	"HiG"
"HiG_3"	50	"Gnas"	276	"HiG"
"HiG_3"	325	"Nop58"	200	"HiG"
"HiG_3"	6600	"Tnnt2"	12	"HiG"
"HiG_3"	2285	"Tgfb2"	40	"HiG"
"HiG_3"	0	"Stard3nl"	465	"HiG"
"HiG_3"	0	"Homer2"	465	"HiG"
"HiG_3"	1510	"Cryab"	58	"HiG"
"HiG_3"	0	"Cited2"	465	"HiG"
"HiG_3"	148	"Gja1"	233	"HiG"
"HiG_3"	1906	"Id2"	48	"HiG"
"HiG_3"	0	"Ctsl"	465	"HiG"
"HiG_3"	146	"Gdi2"	234	"HiG"
"HiG_3"	0	"Pcgf5"	465	"HiG"
"HiG_3"	51	"Txnl1"	275	"HiG"
"HiG_3"	0	"Paip2"	465	"HiG"
"HiG_3"	242	"Fth1"	219	"HiG"
"HiG_3"	358	"Calm1"	191	"HiG"
"HiG_3"	0	"1810058I24Rik"	465	"HiG"
"HiG_3"	29	"Egfl7"	288.5	"HiG"
"HiG_4"	190	"Hoxb9"	151	"HiG"
"HiG_4"	3	"Ccnd2"	245.5	"HiG"
"HiG_4"	809	"Mcm7"	64.5	"HiG"
"HiG_4"	0	"Hoxa1"	338	"HiG"
"HiG_4"	0	"Ilf2"	338	"HiG"
"HiG_4"	59	"Uhrf1"	187	"HiG"
"HiG_4"	0	"Lsr"	338	"HiG"
"HiG_4"	1385	"Tubb5"	40	"HiG"
"HiG_4"	429	"Hoxc8"	100	"HiG"
"HiG_4"	0	"Ddt"	338	"HiG"
"HiG_4"	0	"Eef1e1"	338	"HiG"
"HiG_4"	324	"Pabpc1"	134	"HiG"
"HiG_4"	0	"Meis3"	338	"HiG"
"HiG_4"	84	"Tpm4"	175	"HiG"
"HiG_4"	0	"Fam162a"	338	"HiG"
"HiG_4"	0	"Gstm5"	338	"HiG"
"HiG_4"	246	"Ppan"	143	"HiG"
"HiG_4"	16	"Atp6v1f"	219.5	"HiG"
"HiG_4"	0	"Pafah1b3"	338	"HiG"
"HiG_4"	0	"Trim28"	338	"HiG"
"HiG_4"	0	"Snx6"	338	"HiG"
"HiG_4"	48	"Adh5"	192	"HiG"
"HiG_4"	0	"Tbcb"	338	"HiG"
"HiG_4"	1478	"Cdc20"	39	"HiG"
"HiG_4"	671	"Srm"	74	"HiG"
"HiG_4"	0	"Eif1b"	338	"HiG"
"HiG_4"	12	"Id3"	227.5	"HiG"
"HiG_4"	405	"Rala"	118	"HiG"
"HiG_4"	38	"Phlda2"	201.5	"HiG"
"HiG_4"	0	"Igf2bp1"	338	"HiG"
"HiG_4"	68	"Cacybp"	179	"HiG"
"HiG_4"	326	"Ppp1cb"	132.5	"HiG"
"HiG_4"	10334	"Hspa8"	3	"HiG"
"HiG_4"	313	"H2afy"	135	"HiG"
"HiG_4"	762	"Slc25a5"	69	"HiG"
"HiG_4"	0	"Ppdpf"	338	"HiG"
"HiG_4"	0	"Igfbp4"	338	"HiG"
"HiG_4"	0	"Wsb1"	338	"HiG"
"HiG_4"	8	"Pdlim4"	232	"HiG"
"HiG_4"	400	"P4ha2"	121	"HiG"
"HiG_4"	1175	"Hoxb1"	48	"HiG"
"HiG_4"	7	"Fbxo5"	237	"HiG"
"HiG_4"	0	"Asf1a"	338	"HiG"
"HiG_4"	1610	"Arg1"	36	"HiG"
"HiG_4"	1599	"Hsp90b1"	37	"HiG"
"HiG_4"	0	"H2afy2"	338	"HiG"
"HiG_4"	338	"Ppa1"	129.5	"HiG"
"HiG_4"	16	"Csrp2"	219.5	"HiG"
"HiG_4"	0	"Bzw2"	338	"HiG"
"HiG_4"	2	"Laptm4a"	249	"HiG"
"HiG_4"	15	"Sdc1"	222.5	"HiG"
"HiG_4"	21	"Smc6"	214	"HiG"
"HiG_4"	4607	"Rrm2"	13	"HiG"
"HiG_4"	9703	"Ddx5"	4	"HiG"
"HiG_4"	7	"Slc9a3r1"	237	"HiG"
"HiG_4"	0	"Fam64a"	338	"HiG"
"HiG_4"	1039	"Luc7l3"	56	"HiG"
"HiG_4"	0	"Dcakd"	338	"HiG"
"HiG_4"	0	"Dek"	338	"HiG"
"HiG_4"	1232	"Msx2"	47	"HiG"
"HiG_4"	0	"Sfxn1"	338	"HiG"
"HiG_4"	101	"Dbn1"	165	"HiG"
"HiG_4"	0	"Emb"	338	"HiG"
"HiG_4"	43	"Arf4"	197.5	"HiG"
"HiG_4"	46	"Tkt"	194.5	"HiG"
"HiG_4"	31	"Bnip3l"	206	"HiG"
"HiG_4"	0	"Acin1"	338	"HiG"
"HiG_4"	0	"Laptm4b"	338	"HiG"
"HiG_4"	0	"Litaf"	338	"HiG"
"HiG_4"	0	"Hes1"	338	"HiG"
"HiG_4"	0	"Tmbim6"	338	"HiG"
"HiG_4"	1099	"Krt18"	52.5	"HiG"
"HiG_4"	0	"Ivns1abp"	338	"HiG"
"HiG_4"	161	"Krt8"	155	"HiG"
"HiG_4"	0	"Pcbp4"	338	"HiG"
"HiG_4"	8064	"Hsp90ab1"	7	"HiG"
"HiG_4"	0	"Hn1l"	338	"HiG"
"HiG_4"	65	"Bambi"	181	"HiG"
"HiG_4"	0	"Cdh2"	338	"HiG"
"HiG_4"	12306	"Pou5f1"	1	"HiG"
"HiG_4"	0	"Cdx1"	338	"HiG"
"HiG_4"	0	"Psat1"	338	"HiG"
"HiG_4"	0	"Carnmt1"	338	"HiG"
"HiG_4"	0	"Sssca1"	338	"HiG"
"HiG_4"	112	"Hells"	162	"HiG"
"HiG_4"	416	"Arl3"	106.5	"HiG"
"HiG_4"	302	"Gsto1"	137	"HiG"
"HiG_4"	0	"Maged1"	338	"HiG"
"HiG_4"	408	"Hsd17b10"	117	"HiG"
"HiG_4"	0	"Maged2"	338	"HiG"
"HiG_4"	0	"Prdx4"	338	"HiG"
"HiG_4"	3924	"Atp5b"	19	"HiG"
"HiG_4"	7	"Clns1a"	237	"HiG"
"HiG_4"	402	"Ifitm3"	119	"HiG"
"HiG_4"	127	"Eif4a3"	159	"HiG"
"HiG_4"	1379	"Cct8"	42	"HiG"
"HiG_4"	5450	"Hspd1"	9	"HiG"
"HiG_4"	67	"Wdr12"	180	"HiG"
"HiG_4"	0	"Cfc1"	338	"HiG"
"HiG_4"	416	"Itm2c"	106.5	"HiG"
"HiG_4"	1119	"Ncl"	50	"HiG"
"HiG_4"	0	"Mcm6"	338	"HiG"
"HiG_4"	413	"Dars"	112.5	"HiG"
"HiG_4"	43	"Vim"	197.5	"HiG"
"HiG_4"	7338	"Hspa5"	8	"HiG"
"HiG_4"	98	"Frzb"	168	"HiG"
"HiG_4"	2	"Hat1"	249	"HiG"
"HiG_4"	0	"Mtx2"	338	"HiG"
"HiG_4"	0	"Nop10"	338	"HiG"
"HiG_4"	520	"Meis2"	89	"HiG"
"HiG_4"	9509	"Mdk"	5	"HiG"
"HiG_4"	603	"Pcna"	82	"HiG"
"HiG_4"	348	"Fabp5"	128	"HiG"
"HiG_4"	1270	"Sall4"	44	"HiG"
"HiG_4"	58	"Ppid"	188	"HiG"
"HiG_4"	1032	"Gmps"	57	"HiG"
"HiG_4"	0	"Hadh"	338	"HiG"
"HiG_4"	657	"Lef1"	77.5	"HiG"
"HiG_4"	9	"Cnn3"	230	"HiG"
"HiG_4"	0	"Ptbp2"	338	"HiG"
"HiG_4"	868	"Cyr61"	63	"HiG"
"HiG_4"	0	"Ndufaf4"	338	"HiG"
"HiG_4"	373	"Psip1"	123.5	"HiG"
"HiG_4"	0	"Txndc12"	338	"HiG"
"HiG_4"	0	"Ift74"	338	"HiG"
"HiG_4"	0	"Magoh"	338	"HiG"
"HiG_4"	0	"Lrrc42"	338	"HiG"
"HiG_4"	0	"Tmem59"	338	"HiG"
"HiG_4"	2396	"Nasp"	29	"HiG"
"HiG_4"	20	"Ebna1bp2"	215.5	"HiG"
"HiG_4"	0	"Alpl"	338	"HiG"
"HiG_4"	100	"Sfpq"	166.5	"HiG"
"HiG_4"	2	"Stmn1"	249	"HiG"
"HiG_4"	0	"Ctnnbip1"	338	"HiG"
"HiG_4"	0	"Ppm1g"	338	"HiG"
"HiG_4"	0	"Ugdh"	338	"HiG"
"HiG_4"	1069	"Paics"	55	"HiG"
"HiG_4"	217	"Aldh2"	145.5	"HiG"
"HiG_4"	0	"Srsf9"	338	"HiG"
"HiG_4"	7	"Fscn1"	237	"HiG"
"HiG_4"	6	"Ung"	241.5	"HiG"
"HiG_4"	8292	"Cdx2"	6	"HiG"
"HiG_4"	436	"Evx1"	96	"HiG"
"HiG_4"	1	"Tra2a"	254	"HiG"
"HiG_4"	0	"Mkrn1"	338	"HiG"
"HiG_4"	0	"Ptms"	338	"HiG"
"HiG_4"	64	"Ldhb"	182	"HiG"
"HiG_4"	0	"Bcat1"	338	"HiG"
"HiG_4"	0	"Fkbp4"	338	"HiG"
"HiG_4"	719	"Arl6ip1"	70	"HiG"
"HiG_4"	0	"Mettl9"	338	"HiG"
"HiG_4"	0	"Bccip"	338	"HiG"
"HiG_4"	0	"Plp2"	338	"HiG"
"HiG_4"	0	"Hmgn5"	338	"HiG"
"HiG_4"	1099	"Rps4x"	52.5	"HiG"
"HiG_4"	2044	"Cdx4"	33	"HiG"
"HiG_4"	1163	"Rbbp7"	49	"HiG"
"HiG_4"	370	"Dkc1"	125	"HiG"
"HiG_4"	8	"Prps1"	232	"HiG"
"HiG_4"	54	"Sap30"	190.5	"HiG"
"HiG_4"	412	"Slc25a4"	114.5	"HiG"
"HiG_4"	0	"Nkd1"	338	"HiG"
"HiG_4"	0	"Orc6"	338	"HiG"
"HiG_4"	0	"Gins2"	338	"HiG"
"HiG_4"	331	"Jam3"	131	"HiG"
"HiG_4"	0	"Oaf"	338	"HiG"
"HiG_4"	2676	"Aldh1a2"	26	"HiG"
"HiG_4"	0	"Mns1"	338	"HiG"
"HiG_4"	0	"Imp3"	338	"HiG"
"HiG_4"	0	"Crabp1"	338	"HiG"
"HiG_4"	7	"Tspan3"	237	"HiG"
"HiG_4"	7	"Gsta4"	237	"HiG"
"HiG_4"	0	"Cmtm7"	338	"HiG"
"HiG_4"	0	"Ptov1"	338	"HiG"
"HiG_4"	0	"Ppp1r14a"	338	"HiG"
"HiG_4"	0	"Car14"	338	"HiG"
"HiG_4"	0	"Gcsh"	338	"HiG"
"HiG_4"	547	"Fbl"	87	"HiG"
"HiG_4"	0	"Rangrf"	338	"HiG"
"HiG_4"	0	"Ube2r2"	338	"HiG"
"HiG_4"	23	"Pclaf"	211	"HiG"
"HiG_4"	0	"Serbp1"	338	"HiG"
"HiG_4"	5	"Timm8b"	243	"HiG"
"HiG_4"	0	"Rfc3"	338	"HiG"
"HiG_4"	0	"Prrx2"	338	"HiG"
"HiG_4"	30	"Mif"	207	"HiG"
"HiG_4"	0	"2810474O19Rik"	338	"HiG"
"HiG_4"	480	"Sct"	91	"HiG"
"HiG_4"	1084	"Tubb4b"	54	"HiG"
"HiG_4"	145	"Myl12b"	156	"HiG"
"HiG_4"	1	"Apex1"	254	"HiG"
"HiG_4"	359	"Hnrnpa1"	127	"HiG"
"HiG_4"	103	"Hoxd1"	163.5	"HiG"
"HiG_4"	418	"Bex2"	103	"HiG"
"HiG_4"	921	"Ptk7"	61	"HiG"
"HiG_4"	34	"Cd81"	204	"HiG"
"HiG_4"	2410	"Ptma"	28	"HiG"
"HiG_4"	485	"Mrpl12"	90	"HiG"
"HiG_4"	0	"Tsc22d1"	338	"HiG"
"HiG_4"	0	"Fermt2"	338	"HiG"
"HiG_4"	0	"Limd2"	338	"HiG"
"HiG_4"	144	"Ndn"	157	"HiG"
"HiG_4"	19	"Mycn"	217.5	"HiG"
"HiG_4"	416	"Zfp503"	106.5	"HiG"
"HiG_4"	0	"Snrnp25"	338	"HiG"
"HiG_4"	4087	"Hand1"	17	"HiG"
"HiG_4"	22	"Gnl3"	212.5	"HiG"
"HiG_4"	217	"Tceal9"	145.5	"HiG"
"HiG_4"	0	"Adk"	338	"HiG"
"HiG_4"	191	"Dctpp1"	150	"HiG"
"HiG_4"	0	"Hoxb4"	338	"HiG"
"HiG_4"	15	"Rbmxl1"	222.5	"HiG"
"HiG_4"	657	"Hoxa7"	77.5	"HiG"
"HiG_4"	258	"Rarg"	142	"HiG"
"HiG_4"	22	"Calm2"	212.5	"HiG"
"HiG_4"	0	"Greb1l"	338	"HiG"
"HiG_4"	14	"Timm8a1"	225	"HiG"
"HiG_4"	0	"Ckap4"	338	"HiG"
"HiG_4"	0	"Peg3"	338	"HiG"
"HiG_4"	2	"Epop"	249	"HiG"
"HiG_4"	1116	"H2afx"	51	"HiG"
"HiG_4"	0	"Col9a1"	338	"HiG"
"HiG_4"	529	"Mapk3"	88	"HiG"
"HiG_4"	78	"Hoxb8"	178	"HiG"
"HiG_4"	401	"Pdia6"	120	"HiG"
"HiG_4"	0	"Sptssa"	338	"HiG"
"HiG_4"	369	"Basp1"	126	"HiG"
"HiG_4"	0	"Zfp207"	338	"HiG"
"HiG_4"	4652	"Fn1"	12	"HiG"
"HiG_4"	412	"Fbln1"	114.5	"HiG"
"HiG_4"	0	"Osr1"	338	"HiG"
"HiG_4"	0	"Marcksl1"	338	"HiG"
"HiG_4"	0	"Prtg"	338	"HiG"
"HiG_4"	4965	"Cd24a"	10	"HiG"
"HiG_4"	0	"Ccnjl"	338	"HiG"
"HiG_4"	103	"Msx1"	163.5	"HiG"
"HiG_4"	87	"Hoxd9"	173	"HiG"
"HiG_4"	100	"Smtnl2"	166.5	"HiG"
"HiG_4"	81	"Mcm3"	176	"HiG"
"HiG_4"	0	"Spin2c"	338	"HiG"
"HiG_4"	0	"Rbp1"	338	"HiG"
"HiG_4"	1380	"Bex1"	41	"HiG"
"HiG_4"	2	"Ier2"	249	"HiG"
"HiG_4"	0	"H1fx"	338	"HiG"
"HiG_4"	1699	"Hmgn1"	35	"HiG"
"HiG_4"	0	"Mtap"	338	"HiG"
"HiG_4"	0	"Arxes1"	338	"HiG"
"HiG_4"	6	"Slbp"	241.5	"HiG"
"HiG_4"	634	"Dlk1"	80	"HiG"
"HiG_4"	0	"Rcor2"	338	"HiG"
"HiG_4"	0	"Mogat2"	338	"HiG"
"HiG_4"	424	"Gpc3"	102	"HiG"
"HiG_4"	2053	"Wnt5a"	32	"HiG"
"HiG_4"	651	"Wls"	79	"HiG"
"HiG_4"	54	"Pfn2"	190.5	"HiG"
"HiG_4"	1	"Itgb5"	254	"HiG"
"HiG_4"	0	"Npm3"	338	"HiG"
"HiG_4"	416	"Rras2"	106.5	"HiG"
"HiG_4"	8	"Srsf7"	232	"HiG"
"HiG_4"	887	"Ywhae"	62	"HiG"
"HiG_4"	13	"Ifitm2"	226	"HiG"
"HiG_4"	410	"Prdx6"	116	"HiG"
"HiG_4"	0	"Mfap2"	338	"HiG"
"HiG_4"	96	"Rrs1"	169	"HiG"
"HiG_4"	2369	"Ccnb1"	30	"HiG"
"HiG_4"	1494	"Bmp4"	38	"HiG"
"HiG_4"	949	"Hspe1"	60	"HiG"
"HiG_4"	10728	"Npm1"	2	"HiG"
"HiG_4"	12	"Pdia4"	227.5	"HiG"
"HiG_4"	3922	"Tuba1b"	20	"HiG"
"HiG_4"	0	"Rsrp1"	338	"HiG"
"HiG_4"	176	"Mllt3"	153	"HiG"
"HiG_4"	288	"Cfl2"	139	"HiG"
"HiG_4"	0	"C1qbp"	338	"HiG"
"HiG_4"	285	"Grsf1"	140	"HiG"
"HiG_4"	0	"Sox11"	338	"HiG"
"HiG_4"	0	"Nmral1"	338	"HiG"
"HiG_4"	786	"Birc5"	68	"HiG"
"HiG_4"	2034	"Eno1"	34	"HiG"
"HiG_4"	91	"Impdh2"	170.5	"HiG"
"HiG_4"	475	"Ezh2"	92	"HiG"
"HiG_4"	434	"Dut"	98	"HiG"
"HiG_4"	3827	"mt-Nd1"	21	"HiG"
"HiG_4"	45	"mt-Co1"	196	"HiG"
"HiG_4"	1359	"mt-Co2"	43	"HiG"
"HiG_4"	1233	"mt-Co3"	46	"HiG"
"HiG_4"	616	"mt-Cytb"	81	"HiG"
"HiG_4"	3	"Gpx3"	245.5	"HiG"
"HiG_4"	413	"Oat"	112.5	"HiG"
"HiG_4"	0	"Anp32a"	338	"HiG"
"HiG_4"	168	"Hmgb1"	154	"HiG"
"HiG_4"	38	"Lefty2"	201.5	"HiG"
"HiG_4"	0	"Fxyd6"	338	"HiG"
"HiG_4"	57	"Lyar"	189	"HiG"
"HiG_4"	7	"Tspan6"	237	"HiG"
"HiG_4"	0	"Nnat"	338	"HiG"
"HiG_4"	208	"Mat2a"	147	"HiG"
"HiG_4"	88	"Rap1a"	172	"HiG"
"HiG_4"	0	"Marcks"	338	"HiG"
"HiG_4"	126	"Rspo3"	160	"HiG"
"HiG_4"	0	"Grb10"	338	"HiG"
"HiG_4"	0	"Plscr1"	338	"HiG"
"HiG_4"	0	"Cbx1"	338	"HiG"
"HiG_4"	178	"Ccnd1"	152	"HiG"
"HiG_4"	4146	"Hsp90aa1"	16	"HiG"
"HiG_4"	24	"Id1"	209.5	"HiG"
"HiG_4"	0	"Mtch1"	338	"HiG"
"HiG_4"	0	"Pigx"	338	"HiG"
"HiG_4"	20	"Tuba1a"	215.5	"HiG"
"HiG_4"	39	"Snrpn"	200	"HiG"
"HiG_4"	0	"Sp5"	338	"HiG"
"HiG_4"	0	"Bmyc"	338	"HiG"
"HiG_4"	0	"Hoxb2"	338	"HiG"
"HiG_4"	699	"Cited1"	72	"HiG"
"HiG_4"	663	"Nop56"	75	"HiG"
"HiG_4"	291	"Mrto4"	138	"HiG"
"HiG_4"	3028	"Hdac1"	25	"HiG"
"HiG_4"	60	"Selenoh"	186	"HiG"
"HiG_4"	0	"Cdca7"	338	"HiG"
"HiG_4"	0	"Rtn4"	338	"HiG"
"HiG_4"	809	"Set"	64.5	"HiG"
"HiG_4"	36	"Mdh1"	203	"HiG"
"HiG_4"	574	"Rpl7a"	86	"HiG"
"HiG_4"	86	"Anp32b"	174	"HiG"
"HiG_4"	338	"Sox4"	129.5	"HiG"
"HiG_4"	11	"Akr1b3"	229	"HiG"
"HiG_4"	0	"Tcf3"	338	"HiG"
"HiG_4"	435	"Ifitm1"	97	"HiG"
"HiG_4"	91	"Ypel3"	170.5	"HiG"
"HiG_4"	4879	"H3f3b"	11	"HiG"
"HiG_4"	0	"Gjc1"	338	"HiG"
"HiG_4"	0	"Hdgfrp3"	338	"HiG"
"HiG_4"	1	"Tead2"	254	"HiG"
"HiG_4"	1	"Tomm5"	254	"HiG"
"HiG_4"	807	"Prmt1"	66	"HiG"
"HiG_4"	660	"Ccne1"	76	"HiG"
"HiG_4"	0	"Tnfaip1"	338	"HiG"
"HiG_4"	0	"Rab34"	338	"HiG"
"HiG_4"	0	"Tsen34"	338	"HiG"
"HiG_4"	3619	"Trp53"	23	"HiG"
"HiG_4"	0	"Top1"	338	"HiG"
"HiG_4"	0	"Nsun2"	338	"HiG"
"HiG_4"	47	"H2afv"	193	"HiG"
"HiG_4"	598	"Lmo2"	84	"HiG"
"HiG_4"	438	"Ran"	95	"HiG"
"HiG_4"	0	"Mpzl1"	338	"HiG"
"HiG_4"	46	"H19"	194.5	"HiG"
"HiG_4"	0	"Hnrnpa3"	338	"HiG"
"HiG_4"	427	"Sms"	101	"HiG"
"HiG_4"	416	"Nr6a1"	106.5	"HiG"
"HiG_4"	0	"Naaa"	338	"HiG"
"HiG_4"	987	"Tpm1"	59	"HiG"
"HiG_4"	0	"Pja1"	338	"HiG"
"HiG_4"	309	"Tmsb10"	136	"HiG"
"HiG_4"	26	"Rcn2"	208	"HiG"
"HiG_4"	0	"Hmgb3"	338	"HiG"
"HiG_4"	0	"Fstl1"	338	"HiG"
"HiG_4"	0	"Fhl1"	338	"HiG"
"HiG_4"	32	"Cald1"	205	"HiG"
"HiG_4"	4506	"Hnrnpk"	15	"HiG"
"HiG_4"	0	"Mphosph8"	338	"HiG"
"HiG_4"	62	"Bex4"	183.5	"HiG"
"HiG_4"	80	"Rsl1d1"	177	"HiG"
"HiG_4"	458	"Srsf11"	93	"HiG"
"HiG_4"	15	"Prdx1"	222.5	"HiG"
"HiG_4"	794	"Ubc"	67	"HiG"
"HiG_4"	118	"Pa2g4"	161	"HiG"
"HiG_4"	432	"Sumo2"	99	"HiG"
"HiG_4"	3714	"Mest"	22	"HiG"
"HiG_4"	0	"Bbx"	338	"HiG"
"HiG_4"	695	"Hnrnpdl"	73	"HiG"
"HiG_4"	137	"Ywhaq"	158	"HiG"
"HiG_4"	3595	"Hmga2"	24	"HiG"
"HiG_4"	707	"Cadm1"	71	"HiG"
"HiG_4"	61	"Hmgn3"	185	"HiG"
"HiG_4"	0	"Arl4c"	338	"HiG"
"HiG_4"	0	"Greb1"	338	"HiG"
"HiG_4"	24	"H3f3a"	209.5	"HiG"
"HiG_4"	193	"Tra2b"	149	"HiG"
"HiG_4"	416	"Slc16a3"	106.5	"HiG"
"HiG_4"	0	"Acvr2b"	338	"HiG"
"HiG_4"	260	"Mcm5"	141	"HiG"
"HiG_4"	376	"Serpinh1"	122	"HiG"
"HiG_4"	4521	"Eif4a1"	14	"HiG"
"HiG_4"	0	"Nolc1"	338	"HiG"
"HiG_4"	0	"G3bp2"	338	"HiG"
"HiG_4"	0	"Anp32e"	338	"HiG"
"HiG_4"	0	"Odc1"	338	"HiG"
"HiG_4"	0	"Tceal8"	338	"HiG"
"HiG_4"	62	"Dnaja1"	183.5	"HiG"
"HiG_4"	0	"Arid3b"	338	"HiG"
"HiG_4"	233	"Ssb"	144	"HiG"
"HiG_4"	0	"Tgif1"	338	"HiG"
"HiG_4"	0	"Rbms1"	338	"HiG"
"HiG_4"	326	"Atxn10"	132.5	"HiG"
"HiG_4"	2239	"Hoxb6"	31	"HiG"
"HiG_4"	40	"Ddx39b"	199	"HiG"
"HiG_4"	0	"Zfp428"	338	"HiG"
"HiG_4"	0	"Oaz2"	338	"HiG"
"HiG_4"	1263	"Bex3"	45	"HiG"
"HiG_4"	373	"Wnt5b"	123.5	"HiG"
"HiG_4"	593	"Foxf1"	85	"HiG"
"HiG_4"	444	"Gnas"	94	"HiG"
"HiG_4"	2611	"Nop58"	27	"HiG"
"HiG_4"	0	"Stard3nl"	338	"HiG"
"HiG_4"	0	"Skap2"	338	"HiG"
"HiG_4"	0	"Fam60a"	338	"HiG"
"HiG_4"	19	"Ruvbl2"	217.5	"HiG"
"HiG_4"	3971	"Ldha"	18	"HiG"
"HiG_4"	989	"Rps12"	58	"HiG"
"HiG_4"	0	"Cited2"	338	"HiG"
"HiG_4"	15	"Gja1"	222.5	"HiG"
"HiG_4"	602	"Id2"	83	"HiG"
"HiG_4"	415	"Ctsl"	110.5	"HiG"
"HiG_4"	196	"Gtpbp4"	148	"HiG"
"HiG_4"	0	"Gdi2"	338	"HiG"
"HiG_4"	0	"Ttc3"	338	"HiG"
"HiG_4"	4	"Txnl1"	244	"HiG"
"HiG_4"	415	"Paip2"	110.5	"HiG"
"HiG_5"	427	"Hoxb9"	106	"HiG"
"HiG_5"	682	"Ccnd2"	77	"HiG"
"HiG_5"	816	"Mcm7"	64	"HiG"
"HiG_5"	0	"Hoxa1"	347.5	"HiG"
"HiG_5"	193	"Ilf2"	155	"HiG"
"HiG_5"	0	"Sh3bp1"	347.5	"HiG"
"HiG_5"	1	"Uhrf1"	264	"HiG"
"HiG_5"	0	"Lsr"	347.5	"HiG"
"HiG_5"	384	"Tubb6"	127	"HiG"
"HiG_5"	2739	"Tubb5"	23	"HiG"
"HiG_5"	1311	"Hoxc8"	46	"HiG"
"HiG_5"	0	"Ddt"	347.5	"HiG"
"HiG_5"	253	"Eef1e1"	143	"HiG"
"HiG_5"	522	"Tpm4"	90	"HiG"
"HiG_5"	0	"Fam162a"	347.5	"HiG"
"HiG_5"	0	"Gstm5"	347.5	"HiG"
"HiG_5"	9	"Atp6v1f"	220	"HiG"
"HiG_5"	21	"Crabp2"	203.5	"HiG"
"HiG_5"	0	"Pafah1b3"	347.5	"HiG"
"HiG_5"	417	"Trim28"	115	"HiG"
"HiG_5"	0	"Snx6"	347.5	"HiG"
"HiG_5"	712	"Adh5"	76	"HiG"
"HiG_5"	6	"Tbcb"	231.5	"HiG"
"HiG_5"	1267	"Cdc20"	49	"HiG"
"HiG_5"	264	"Srm"	141	"HiG"
"HiG_5"	2	"Eif1b"	252	"HiG"
"HiG_5"	485	"Id3"	101	"HiG"
"HiG_5"	2	"Rala"	252	"HiG"
"HiG_5"	12	"Phlda2"	211.5	"HiG"
"HiG_5"	4	"Pea15a"	237.5	"HiG"
"HiG_5"	362	"Cacybp"	131	"HiG"
"HiG_5"	0	"Hoxa2"	347.5	"HiG"
"HiG_5"	99	"Dll1"	173.5	"HiG"
"HiG_5"	25	"Ppp1cb"	200	"HiG"
"HiG_5"	8271	"Hspa8"	4	"HiG"
"HiG_5"	1	"H2afy"	264	"HiG"
"HiG_5"	163	"Slc25a5"	157	"HiG"
"HiG_5"	0	"Ppdpf"	347.5	"HiG"
"HiG_5"	0	"Wsb1"	347.5	"HiG"
"HiG_5"	0	"Etv4"	347.5	"HiG"
"HiG_5"	791	"Kpna2"	68	"HiG"
"HiG_5"	0	"Pdlim4"	347.5	"HiG"
"HiG_5"	0	"Hoxb1"	347.5	"HiG"
"HiG_5"	0	"Tecr"	347.5	"HiG"
"HiG_5"	0	"Asf1a"	347.5	"HiG"
"HiG_5"	494	"Fabp7"	96.5	"HiG"
"HiG_5"	36	"Dusp6"	188	"HiG"
"HiG_5"	2724	"Arg1"	24	"HiG"
"HiG_5"	0	"H2afy2"	347.5	"HiG"
"HiG_5"	50	"Ppa1"	184	"HiG"
"HiG_5"	0	"Ddit4"	347.5	"HiG"
"HiG_5"	0	"Csrp2"	347.5	"HiG"
"HiG_5"	0	"Bzw2"	347.5	"HiG"
"HiG_5"	0	"Laptm4a"	347.5	"HiG"
"HiG_5"	418	"Sdc1"	110.5	"HiG"
"HiG_5"	34	"Smc6"	190.5	"HiG"
"HiG_5"	2549	"Rrm2"	25	"HiG"
"HiG_5"	5103	"Ddx5"	11	"HiG"
"HiG_5"	0	"Slc9a3r1"	347.5	"HiG"
"HiG_5"	0	"Fam64a"	347.5	"HiG"
"HiG_5"	0	"Luc7l3"	347.5	"HiG"
"HiG_5"	0	"Dcakd"	347.5	"HiG"
"HiG_5"	0	"Dek"	347.5	"HiG"
"HiG_5"	0	"Sfxn1"	347.5	"HiG"
"HiG_5"	0	"Dbn1"	347.5	"HiG"
"HiG_5"	0	"Emb"	347.5	"HiG"
"HiG_5"	0	"Arf4"	347.5	"HiG"
"HiG_5"	0	"Tkt"	347.5	"HiG"
"HiG_5"	30	"Bnip3l"	192.5	"HiG"
"HiG_5"	5891	"Fgf17"	9	"HiG"
"HiG_5"	0	"Acin1"	347.5	"HiG"
"HiG_5"	262	"Brix1"	142	"HiG"
"HiG_5"	418	"Laptm4b"	110.5	"HiG"
"HiG_5"	0	"Ppp1r1a"	347.5	"HiG"
"HiG_5"	0	"Litaf"	347.5	"HiG"
"HiG_5"	2	"Tmbim6"	252	"HiG"
"HiG_5"	0	"Ivns1abp"	347.5	"HiG"
"HiG_5"	0	"Pcbp4"	347.5	"HiG"
"HiG_5"	375	"Hes7"	129	"HiG"
"HiG_5"	3292	"Hsp90ab1"	19.5	"HiG"
"HiG_5"	0	"Hn1l"	347.5	"HiG"
"HiG_5"	26	"Cdh2"	199	"HiG"
"HiG_5"	0	"Gfra3"	347.5	"HiG"
"HiG_5"	16122	"Pou5f1"	2	"HiG"
"HiG_5"	2817	"Cdx1"	22	"HiG"
"HiG_5"	0	"Psat1"	347.5	"HiG"
"HiG_5"	0	"Carnmt1"	347.5	"HiG"
"HiG_5"	383	"Dkk1"	128	"HiG"
"HiG_5"	76	"Hells"	177	"HiG"
"HiG_5"	265	"Arl3"	140	"HiG"
"HiG_5"	29	"Gsto1"	195	"HiG"
"HiG_5"	1287	"Fgf8"	48	"HiG"
"HiG_5"	1	"Hsd17b10"	264	"HiG"
"HiG_5"	4	"Maged2"	237.5	"HiG"
"HiG_5"	0	"Prdx4"	347.5	"HiG"
"HiG_5"	3639	"Atp5b"	17	"HiG"
"HiG_5"	0	"Clns1a"	347.5	"HiG"
"HiG_5"	36	"Eif4a3"	188	"HiG"
"HiG_5"	1209	"Cct8"	51	"HiG"
"HiG_5"	7991	"Hspd1"	5	"HiG"
"HiG_5"	0	"Wdr12"	347.5	"HiG"
"HiG_5"	0	"Itm2c"	347.5	"HiG"
"HiG_5"	6048	"Ncl"	7	"HiG"
"HiG_5"	8	"Epha4"	223.5	"HiG"
"HiG_5"	418	"Dars"	110.5	"HiG"
"HiG_5"	4919	"Hspa5"	14	"HiG"
"HiG_5"	0	"Frzb"	347.5	"HiG"
"HiG_5"	1	"Hat1"	264	"HiG"
"HiG_5"	5	"Nop10"	233.5	"HiG"
"HiG_5"	1063	"Meis2"	54	"HiG"
"HiG_5"	10232	"Mdk"	3	"HiG"
"HiG_5"	2066	"Pcna"	32	"HiG"
"HiG_5"	207	"Stmn2"	153	"HiG"
"HiG_5"	0	"Fabp5"	347.5	"HiG"
"HiG_5"	551	"Sall4"	88	"HiG"
"HiG_5"	4	"Car3"	237.5	"HiG"
"HiG_5"	274	"Anxa5"	138	"HiG"
"HiG_5"	238	"Nmd3"	147	"HiG"
"HiG_5"	503	"Ppid"	94	"HiG"
"HiG_5"	591	"Gmps"	83	"HiG"
"HiG_5"	757	"S100a11"	72	"HiG"
"HiG_5"	1	"Hadh"	264	"HiG"
"HiG_5"	406	"Lef1"	119	"HiG"
"HiG_5"	319	"Efna3"	134	"HiG"
"HiG_5"	154	"Cnn3"	159.5	"HiG"
"HiG_5"	0	"Ptbp2"	347.5	"HiG"
"HiG_5"	418	"Cyr61"	110.5	"HiG"
"HiG_5"	0	"Ndufaf4"	347.5	"HiG"
"HiG_5"	417	"Psip1"	115	"HiG"
"HiG_5"	0	"Txndc12"	347.5	"HiG"
"HiG_5"	2	"Ift74"	252	"HiG"
"HiG_5"	0	"Magoh"	347.5	"HiG"
"HiG_5"	0	"Lrrc42"	347.5	"HiG"
"HiG_5"	0	"Tmem59"	347.5	"HiG"
"HiG_5"	0	"Pnrc2"	347.5	"HiG"
"HiG_5"	0	"Urod"	347.5	"HiG"
"HiG_5"	821	"Nasp"	63	"HiG"
"HiG_5"	0	"Ebna1bp2"	347.5	"HiG"
"HiG_5"	0	"Alpl"	347.5	"HiG"
"HiG_5"	115	"Sfpq"	168	"HiG"
"HiG_5"	1	"Stmn1"	264	"HiG"
"HiG_5"	0	"Ctnnbip1"	347.5	"HiG"
"HiG_5"	0	"Ppm1g"	347.5	"HiG"
"HiG_5"	0	"Ugdh"	347.5	"HiG"
"HiG_5"	761	"Paics"	71	"HiG"
"HiG_5"	42	"Aldh2"	186	"HiG"
"HiG_5"	59	"Srsf9"	183	"HiG"
"HiG_5"	13	"Fscn1"	209.5	"HiG"
"HiG_5"	0	"Rasl11a"	347.5	"HiG"
"HiG_5"	1459	"Cdx2"	41	"HiG"
"HiG_5"	602	"Evx1"	82	"HiG"
"HiG_5"	4	"Tra2a"	237.5	"HiG"
"HiG_5"	0	"Mkrn1"	347.5	"HiG"
"HiG_5"	0	"Ptms"	347.5	"HiG"
"HiG_5"	750	"Ldhb"	73	"HiG"
"HiG_5"	0	"Bcat1"	347.5	"HiG"
"HiG_5"	418	"Fkbp4"	110.5	"HiG"
"HiG_5"	0	"Mfge8"	347.5	"HiG"
"HiG_5"	644	"Arl6ip1"	80	"HiG"
"HiG_5"	1	"Mettl9"	264	"HiG"
"HiG_5"	30	"Lhpp"	192.5	"HiG"
"HiG_5"	0	"Bccip"	347.5	"HiG"
"HiG_5"	0	"Fgf15"	347.5	"HiG"
"HiG_5"	0	"Plp2"	347.5	"HiG"
"HiG_5"	0	"Hmgn5"	347.5	"HiG"
"HiG_5"	0	"Nono"	347.5	"HiG"
"HiG_5"	563	"Cdx4"	86	"HiG"
"HiG_5"	4	"Dkc1"	237.5	"HiG"
"HiG_5"	7	"Prps1"	228	"HiG"
"HiG_5"	7	"Sap30"	228	"HiG"
"HiG_5"	417	"Nkd1"	115	"HiG"
"HiG_5"	0	"Orc6"	347.5	"HiG"
"HiG_5"	0	"Cotl1"	347.5	"HiG"
"HiG_5"	4943	"Aldh1a2"	13	"HiG"
"HiG_5"	83	"Nedd4"	175	"HiG"
"HiG_5"	0	"Mns1"	347.5	"HiG"
"HiG_5"	303	"Crabp1"	136	"HiG"
"HiG_5"	1512	"Pkm"	39	"HiG"
"HiG_5"	528	"Tspan3"	89	"HiG"
"HiG_5"	14	"Gsta4"	208	"HiG"
"HiG_5"	0	"Ptov1"	347.5	"HiG"
"HiG_5"	1387	"H2afz"	42	"HiG"
"HiG_5"	69	"S100a10"	179	"HiG"
"HiG_5"	0	"Car14"	347.5	"HiG"
"HiG_5"	6	"Tspo"	231.5	"HiG"
"HiG_5"	0	"Lmo1"	347.5	"HiG"
"HiG_5"	588	"Fbl"	84	"HiG"
"HiG_5"	0	"Rangrf"	347.5	"HiG"
"HiG_5"	0	"Ube2r2"	347.5	"HiG"
"HiG_5"	22	"Pclaf"	202	"HiG"
"HiG_5"	219	"Hoxa5"	151	"HiG"
"HiG_5"	36	"Serbp1"	188	"HiG"
"HiG_5"	0	"Timm8b"	347.5	"HiG"
"HiG_5"	416	"Fam212a"	117	"HiG"
"HiG_5"	366	"Mif"	130	"HiG"
"HiG_5"	206	"F11r"	154	"HiG"
"HiG_5"	3	"Myl12b"	243.5	"HiG"
"HiG_5"	0	"Apex1"	347.5	"HiG"
"HiG_5"	2251	"Hnrnpa1"	30	"HiG"
"HiG_5"	3	"Bex2"	243.5	"HiG"
"HiG_5"	801	"Ptk7"	67	"HiG"
"HiG_5"	388	"Cd81"	126	"HiG"
"HiG_5"	1822	"Ptma"	35	"HiG"
"HiG_5"	0	"Tsc22d1"	347.5	"HiG"
"HiG_5"	0	"Fermt2"	347.5	"HiG"
"HiG_5"	0	"Limd2"	347.5	"HiG"
"HiG_5"	64	"Mycn"	181	"HiG"
"HiG_5"	0	"Rftn1"	347.5	"HiG"
"HiG_5"	0	"Snrnp25"	347.5	"HiG"
"HiG_5"	10	"Gnl3"	217.5	"HiG"
"HiG_5"	2	"Tceal9"	252	"HiG"
"HiG_5"	1	"Adk"	264	"HiG"
"HiG_5"	225	"Dctpp1"	150	"HiG"
"HiG_5"	2	"Hoxd4"	252	"HiG"
"HiG_5"	1	"Hoxb4"	264	"HiG"
"HiG_5"	0	"Rbmxl1"	347.5	"HiG"
"HiG_5"	815	"Rpl10a"	65	"HiG"
"HiG_5"	138	"Gbx2"	161	"HiG"
"HiG_5"	737	"Calm2"	74	"HiG"
"HiG_5"	0	"Greb1l"	347.5	"HiG"
"HiG_5"	0	"Timm8a1"	347.5	"HiG"
"HiG_5"	0	"Ckap4"	347.5	"HiG"
"HiG_5"	0	"Lin28a"	347.5	"HiG"
"HiG_5"	434	"Snai1"	105	"HiG"
"HiG_5"	0	"Peg3"	347.5	"HiG"
"HiG_5"	0	"Epop"	347.5	"HiG"
"HiG_5"	1320	"Mapk3"	45	"HiG"
"HiG_5"	17	"Dnmt3b"	206	"HiG"
"HiG_5"	108	"Hoxb8"	171	"HiG"
"HiG_5"	11	"Pdia6"	214.5	"HiG"
"HiG_5"	0	"Sptssa"	347.5	"HiG"
"HiG_5"	130	"Basp1"	163	"HiG"
"HiG_5"	405	"Zfp207"	120	"HiG"
"HiG_5"	1288	"Fn1"	47	"HiG"
"HiG_5"	0	"Fbln1"	347.5	"HiG"
"HiG_5"	0	"Osr1"	347.5	"HiG"
"HiG_5"	0	"Prtg"	347.5	"HiG"
"HiG_5"	4	"Ly6e"	237.5	"HiG"
"HiG_5"	402	"Cd24a"	122	"HiG"
"HiG_5"	1890	"Msx1"	34	"HiG"
"HiG_5"	0	"Rbp1"	347.5	"HiG"
"HiG_5"	519	"Bex1"	91	"HiG"
"HiG_5"	0	"Ier2"	347.5	"HiG"
"HiG_5"	0	"H1fx"	347.5	"HiG"
"HiG_5"	811	"Hmgn1"	66	"HiG"
"HiG_5"	99	"Mtap"	173.5	"HiG"
"HiG_5"	409	"Slbp"	118	"HiG"
"HiG_5"	0	"Rcor2"	347.5	"HiG"
"HiG_5"	0	"Mogat2"	347.5	"HiG"
"HiG_5"	486	"Gpc3"	100	"HiG"
"HiG_5"	0	"Wls"	347.5	"HiG"
"HiG_5"	0	"Pfn2"	347.5	"HiG"
"HiG_5"	0	"Npm3"	347.5	"HiG"
"HiG_5"	443	"Srsf7"	103	"HiG"
"HiG_5"	1611	"Ywhae"	38	"HiG"
"HiG_5"	0	"Ifitm2"	347.5	"HiG"
"HiG_5"	0	"Prdx6"	347.5	"HiG"
"HiG_5"	0	"Mfap2"	347.5	"HiG"
"HiG_5"	21	"Rrs1"	203.5	"HiG"
"HiG_5"	2509	"Ccnb1"	26	"HiG"
"HiG_5"	8	"Akr7a5"	223.5	"HiG"
"HiG_5"	916	"T"	57	"HiG"
"HiG_5"	825	"Hspe1"	62	"HiG"
"HiG_5"	19268	"Npm1"	1	"HiG"
"HiG_5"	2	"Tubb2b"	252	"HiG"
"HiG_5"	0	"Pdia4"	347.5	"HiG"
"HiG_5"	3292	"Tuba1b"	19.5	"HiG"
"HiG_5"	242	"Mllt3"	146	"HiG"
"HiG_5"	9	"Cfl2"	220	"HiG"
"HiG_5"	0	"C1qbp"	347.5	"HiG"
"HiG_5"	0	"Grsf1"	347.5	"HiG"
"HiG_5"	0	"Sox11"	347.5	"HiG"
"HiG_5"	0	"Nmral1"	347.5	"HiG"
"HiG_5"	826	"Birc5"	61	"HiG"
"HiG_5"	2	"Impdh2"	252	"HiG"
"HiG_5"	1243	"Pgk1"	50	"HiG"
"HiG_5"	232	"Ezh2"	148	"HiG"
"HiG_5"	211	"Dut"	152	"HiG"
"HiG_5"	3408	"mt-Nd1"	18	"HiG"
"HiG_5"	0	"mt-Co1"	347.5	"HiG"
"HiG_5"	2095	"mt-Co2"	31	"HiG"
"HiG_5"	925	"mt-Co3"	56	"HiG"
"HiG_5"	771	"mt-Nd4"	70	"HiG"
"HiG_5"	1346	"mt-Cytb"	43	"HiG"
"HiG_5"	2333	"Fgfr1"	28	"HiG"
"HiG_5"	391	"Oat"	125	"HiG"
"HiG_5"	0	"Anp32a"	347.5	"HiG"
"HiG_5"	249	"Hmgb1"	145	"HiG"
"HiG_5"	0	"Fxyd6"	347.5	"HiG"
"HiG_5"	28	"Glul"	197	"HiG"
"HiG_5"	0	"Lyar"	347.5	"HiG"
"HiG_5"	8	"Tspan6"	223.5	"HiG"
"HiG_5"	491	"Nnat"	98	"HiG"
"HiG_5"	228	"Mat2a"	149	"HiG"
"HiG_5"	0	"Rap1a"	347.5	"HiG"
"HiG_5"	10	"Marcks"	217.5	"HiG"
"HiG_5"	0	"Rspo3"	347.5	"HiG"
"HiG_5"	18	"Plscr1"	205	"HiG"
"HiG_5"	0	"Cbx1"	347.5	"HiG"
"HiG_5"	67	"Ccnd1"	180	"HiG"
"HiG_5"	2002	"Tbx6"	33	"HiG"
"HiG_5"	6042	"Hsp90aa1"	8	"HiG"
"HiG_5"	129	"Id1"	164	"HiG"
"HiG_5"	0	"Gm1673"	347.5	"HiG"
"HiG_5"	155	"Rasgrp3"	158	"HiG"
"HiG_5"	7	"Mtch1"	228	"HiG"
"HiG_5"	0	"Pigx"	347.5	"HiG"
"HiG_5"	788	"Tuba1a"	69	"HiG"
"HiG_5"	2	"Foxb1"	252	"HiG"
"HiG_5"	0	"Sp5"	347.5	"HiG"
"HiG_5"	0	"Bmyc"	347.5	"HiG"
"HiG_5"	0	"Hoxb2"	347.5	"HiG"
"HiG_5"	3	"Cited1"	243.5	"HiG"
"HiG_5"	132	"Ptn"	162	"HiG"
"HiG_5"	426	"Nop56"	107	"HiG"
"HiG_5"	311	"B2m"	135	"HiG"
"HiG_5"	1334	"Mrto4"	44	"HiG"
"HiG_5"	0	"Tcea3"	347.5	"HiG"
"HiG_5"	2436	"Hdac1"	27	"HiG"
"HiG_5"	187	"Rbbp4"	156	"HiG"
"HiG_5"	0	"Selenoh"	347.5	"HiG"
"HiG_5"	0	"Cdca7"	347.5	"HiG"
"HiG_5"	0	"Rtn4"	347.5	"HiG"
"HiG_5"	1787	"Set"	36	"HiG"
"HiG_5"	494	"Rpl7a"	96.5	"HiG"
"HiG_5"	3	"Sox4"	243.5	"HiG"
"HiG_5"	7	"Akr1b3"	228	"HiG"
"HiG_5"	3	"Nrarp"	243.5	"HiG"
"HiG_5"	16	"Tcf3"	207	"HiG"
"HiG_5"	1639	"Fgf3"	37	"HiG"
"HiG_5"	681	"Ifitm1"	78	"HiG"
"HiG_5"	7	"Ypel3"	228	"HiG"
"HiG_5"	4344	"H3f3b"	15	"HiG"
"HiG_5"	0	"Gjc1"	347.5	"HiG"
"HiG_5"	0	"Hdgfrp3"	347.5	"HiG"
"HiG_5"	11	"Lpar1"	214.5	"HiG"
"HiG_5"	0	"Tead2"	347.5	"HiG"
"HiG_5"	3	"Tomm5"	243.5	"HiG"
"HiG_5"	646	"Prmt1"	79	"HiG"
"HiG_5"	126	"Ccne1"	165	"HiG"
"HiG_5"	0	"Tnfaip1"	347.5	"HiG"
"HiG_5"	154	"Dll3"	159.5	"HiG"
"HiG_5"	0	"Rab34"	347.5	"HiG"
"HiG_5"	0	"Tsen34"	347.5	"HiG"
"HiG_5"	3106	"Trp53"	21	"HiG"
"HiG_5"	24	"Top1"	201	"HiG"
"HiG_5"	0	"Nsun2"	347.5	"HiG"
"HiG_5"	1499	"H2afv"	40	"HiG"
"HiG_5"	436	"Snx5"	104	"HiG"
"HiG_5"	0	"Smoc1"	347.5	"HiG"
"HiG_5"	11	"Lmo2"	214.5	"HiG"
"HiG_5"	0	"Tnfrsf19"	347.5	"HiG"
"HiG_5"	9	"Ran"	220	"HiG"
"HiG_5"	0	"Mpzl1"	347.5	"HiG"
"HiG_5"	75	"Hnrnpa3"	178	"HiG"
"HiG_5"	8	"Tmsb4x"	223.5	"HiG"
"HiG_5"	301	"Sms"	137	"HiG"
"HiG_5"	0	"Nr6a1"	347.5	"HiG"
"HiG_5"	2	"Naaa"	252	"HiG"
"HiG_5"	107	"Tpm1"	172	"HiG"
"HiG_5"	0	"Pja1"	347.5	"HiG"
"HiG_5"	888	"Tmsb10"	59	"HiG"
"HiG_5"	44	"Rcn2"	185	"HiG"
"HiG_5"	395	"Fstl1"	124	"HiG"
"HiG_5"	0	"Fhl1"	347.5	"HiG"
"HiG_5"	123	"Cald1"	167	"HiG"
"HiG_5"	0	"Mphosph8"	347.5	"HiG"
"HiG_5"	12	"Bex4"	211.5	"HiG"
"HiG_5"	891	"Mgst1"	58	"HiG"
"HiG_5"	250	"Rsl1d1"	144	"HiG"
"HiG_5"	78	"Srsf11"	176	"HiG"
"HiG_5"	1	"Pdcd5"	264	"HiG"
"HiG_5"	0	"Lmo4"	347.5	"HiG"
"HiG_5"	27	"Prdx1"	198	"HiG"
"HiG_5"	603	"Ubc"	81	"HiG"
"HiG_5"	124	"Pa2g4"	166	"HiG"
"HiG_5"	3774	"Sumo2"	16	"HiG"
"HiG_5"	2	"Pcdh19"	252	"HiG"
"HiG_5"	513	"Nhp2"	93	"HiG"
"HiG_5"	110	"Hnrnpdl"	169.5	"HiG"
"HiG_5"	449	"Hmga2"	102	"HiG"
"HiG_5"	577	"Cadm1"	85	"HiG"
"HiG_5"	404	"Hmgn3"	121	"HiG"
"HiG_5"	1	"Cyb5a"	264	"HiG"
"HiG_5"	1	"H3f3a"	264	"HiG"
"HiG_5"	940	"Tra2b"	55	"HiG"
"HiG_5"	34	"Gng2"	190.5	"HiG"
"HiG_5"	0	"Acvr2b"	347.5	"HiG"
"HiG_5"	61	"Mcm5"	182	"HiG"
"HiG_5"	498	"Serpinh1"	95	"HiG"
"HiG_5"	5064	"Eif4a1"	12	"HiG"
"HiG_5"	0	"G3bp2"	347.5	"HiG"
"HiG_5"	0	"Anp32e"	347.5	"HiG"
"HiG_5"	11	"Odc1"	214.5	"HiG"
"HiG_5"	1	"Tceal8"	264	"HiG"
"HiG_5"	110	"Dnaja1"	169.5	"HiG"
"HiG_5"	0	"Arid3b"	347.5	"HiG"
"HiG_5"	0	"Slc3a2"	347.5	"HiG"
"HiG_5"	269	"Ncam1"	139	"HiG"
"HiG_5"	0	"Tgif1"	347.5	"HiG"
"HiG_5"	418	"Syce2"	110.5	"HiG"
"HiG_5"	0	"Atxn10"	347.5	"HiG"
"HiG_5"	518	"Hoxb6"	92	"HiG"
"HiG_5"	355	"Cct4"	132	"HiG"
"HiG_5"	0	"Oaz2"	347.5	"HiG"
"HiG_5"	398	"Bex3"	123	"HiG"
"HiG_5"	1169	"Wnt5b"	52	"HiG"
"HiG_5"	832	"Gnas"	60	"HiG"
"HiG_5"	7214	"Nop58"	6	"HiG"
"HiG_5"	0	"Stard3nl"	347.5	"HiG"
"HiG_5"	0	"Skap2"	347.5	"HiG"
"HiG_5"	5	"Fam60a"	233.5	"HiG"
"HiG_5"	5625	"Ldha"	10	"HiG"
"HiG_5"	29	"Tipin"	195	"HiG"
"HiG_5"	13	"Rps12"	209.5	"HiG"
"HiG_5"	0	"Cited2"	347.5	"HiG"
"HiG_5"	2277	"Gja1"	29	"HiG"
"HiG_5"	487	"Id2"	99	"HiG"
"HiG_5"	336	"Ctsl"	133	"HiG"
"HiG_5"	29	"Gtpbp4"	195	"HiG"
"HiG_5"	1077	"Gdi2"	53	"HiG"
"HiG_5"	0	"Ttc3"	347.5	"HiG"
"HiG_5"	560	"Fst"	87	"HiG"
"HiG_5"	730	"Paip2"	75	"HiG"
"HiG_6"	125	"Klf6"	311	"HiG"
"HiG_6"	38	"Gmpr"	355	"HiG"
"HiG_6"	14	"Plin2"	392.5	"HiG"
"HiG_6"	217	"Mcm7"	279	"HiG"
"HiG_6"	637	"Acvrl1"	177	"HiG"
"HiG_6"	2179	"Rdx"	56	"HiG"
"HiG_6"	138	"Icam2"	307.5	"HiG"
"HiG_6"	0	"N4bp3"	555.5	"HiG"
"HiG_6"	4	"Rnd2"	434.5	"HiG"
"HiG_6"	1704	"Tubb6"	77	"HiG"
"HiG_6"	1207	"Jup"	110	"HiG"
"HiG_6"	144	"Fkbp10"	304	"HiG"
"HiG_6"	784	"Pabpc1"	143	"HiG"
"HiG_6"	11	"Capns1"	399.5	"HiG"
"HiG_6"	691	"Esam"	161.5	"HiG"
"HiG_6"	187	"Rhoc"	288.5	"HiG"
"HiG_6"	0	"Nr2f6"	555.5	"HiG"
"HiG_6"	322	"Slc9a3r2"	257	"HiG"
"HiG_6"	595	"Tgfb1"	200	"HiG"
"HiG_6"	1625	"Tpm4"	81	"HiG"
"HiG_6"	3811	"Calr"	35.5	"HiG"
"HiG_6"	0	"Mmd"	555.5	"HiG"
"HiG_6"	372	"Ralb"	249	"HiG"
"HiG_6"	1748	"Cnn2"	74	"HiG"
"HiG_6"	635	"Grap"	179	"HiG"
"HiG_6"	0	"Wdr1"	555.5	"HiG"
"HiG_6"	244	"Hmox1"	274	"HiG"
"HiG_6"	54	"Snx6"	343	"HiG"
"HiG_6"	2	"Reep5"	454.5	"HiG"
"HiG_6"	15	"Elovl1"	388	"HiG"
"HiG_6"	1532	"Cdc20"	85	"HiG"
"HiG_6"	529	"Srm"	213	"HiG"
"HiG_6"	28	"Sptbn1"	364.5	"HiG"
"HiG_6"	0	"Ddah2"	555.5	"HiG"
"HiG_6"	633	"Clic1"	181	"HiG"
"HiG_6"	0	"Id3"	555.5	"HiG"
"HiG_6"	629	"Carhsp1"	186	"HiG"
"HiG_6"	0	"Elk3"	555.5	"HiG"
"HiG_6"	987	"Rala"	127	"HiG"
"HiG_6"	165	"Dynll1"	293	"HiG"
"HiG_6"	481	"Eng"	220.5	"HiG"
"HiG_6"	1598	"Oit3"	82	"HiG"
"HiG_6"	299	"Fxyd5"	264	"HiG"
"HiG_6"	0	"Ifrd2"	555.5	"HiG"
"HiG_6"	4	"Amotl1"	434.5	"HiG"
"HiG_6"	481	"Pea15a"	220.5	"HiG"
"HiG_6"	87	"Surf4"	325	"HiG"
"HiG_6"	25	"Gata2"	369	"HiG"
"HiG_6"	150	"Plxnd1"	302	"HiG"
"HiG_6"	21797	"Hspa8"	4	"HiG"
"HiG_6"	307	"Plekho1"	263	"HiG"
"HiG_6"	627	"Rrbp1"	191	"HiG"
"HiG_6"	0	"H2afy"	555.5	"HiG"
"HiG_6"	649	"Fli1"	174	"HiG"
"HiG_6"	1047	"Slc25a5"	123	"HiG"
"HiG_6"	4044	"Cd34"	31	"HiG"
"HiG_6"	652	"Cyba"	172.5	"HiG"
"HiG_6"	0	"Igfbp4"	555.5	"HiG"
"HiG_6"	0	"Wsb1"	555.5	"HiG"
"HiG_6"	58	"Mfng"	338	"HiG"
"HiG_6"	3811	"Pfn1"	35.5	"HiG"
"HiG_6"	712	"Gabarap"	152	"HiG"
"HiG_6"	4680	"Sparc"	27	"HiG"
"HiG_6"	3	"Ywhah"	443	"HiG"
"HiG_6"	154	"Rab5c"	298	"HiG"
"HiG_6"	6230	"Ubb"	15	"HiG"
"HiG_6"	2	"Rcn3"	454.5	"HiG"
"HiG_6"	5	"Mydgf"	428	"HiG"
"HiG_6"	1	"Lrp11"	469	"HiG"
"HiG_6"	0	"Snx3"	555.5	"HiG"
"HiG_6"	1587	"Cdk1"	83	"HiG"
"HiG_6"	0	"Atp2b1"	555.5	"HiG"
"HiG_6"	0	"Dusp6"	555.5	"HiG"
"HiG_6"	0	"Nudt4"	555.5	"HiG"
"HiG_6"	9261	"Hsp90b1"	10	"HiG"
"HiG_6"	556	"H2afy2"	209	"HiG"
"HiG_6"	7	"Csrp2"	416	"HiG"
"HiG_6"	707	"Flt4"	156	"HiG"
"HiG_6"	8	"Upp1"	410.5	"HiG"
"HiG_6"	152	"Arf5"	299.5	"HiG"
"HiG_6"	28	"Tspan13"	364.5	"HiG"
"HiG_6"	1361	"Rrm2"	95	"HiG"
"HiG_6"	4020	"Ddx5"	33	"HiG"
"HiG_6"	0	"Hn1"	555.5	"HiG"
"HiG_6"	42	"Galk1"	352	"HiG"
"HiG_6"	90	"Fam64a"	322	"HiG"
"HiG_6"	0	"Mxra7"	555.5	"HiG"
"HiG_6"	19	"Lrrc59"	380	"HiG"
"HiG_6"	1	"Prkch"	469	"HiG"
"HiG_6"	1	"Zfp36l1"	469	"HiG"
"HiG_6"	543	"Lgmn"	211	"HiG"
"HiG_6"	558	"Ctla2a"	208	"HiG"
"HiG_6"	25	"Ctla2b"	369	"HiG"
"HiG_6"	1341	"Gadd45g"	97	"HiG"
"HiG_6"	0	"Sfxn1"	555.5	"HiG"
"HiG_6"	1	"Prelid1"	469	"HiG"
"HiG_6"	687	"Dbn1"	164	"HiG"
"HiG_6"	0	"Hapln1"	555.5	"HiG"
"HiG_6"	15	"Plk2"	388	"HiG"
"HiG_6"	339	"Emb"	254	"HiG"
"HiG_6"	732	"Arf4"	148	"HiG"
"HiG_6"	221	"Tkt"	278	"HiG"
"HiG_6"	47	"Clu"	348	"HiG"
"HiG_6"	471	"Bnip3l"	222	"HiG"
"HiG_6"	764	"Itm2b"	145	"HiG"
"HiG_6"	1287	"Dnajc3"	100	"HiG"
"HiG_6"	422	"Lrp10"	232	"HiG"
"HiG_6"	0	"Ripk3"	555.5	"HiG"
"HiG_6"	1	"Laptm4b"	469	"HiG"
"HiG_6"	9	"Eif3e"	405.5	"HiG"
"HiG_6"	382	"Litaf"	245	"HiG"
"HiG_6"	711	"Hes1"	153	"HiG"
"HiG_6"	514	"Sdf2l1"	215	"HiG"
"HiG_6"	0	"Arhgap31"	555.5	"HiG"
"HiG_6"	0	"Pdia5"	555.5	"HiG"
"HiG_6"	83	"Ets2"	327	"HiG"
"HiG_6"	3	"Tmbim6"	443	"HiG"
"HiG_6"	1	"Ivns1abp"	469	"HiG"
"HiG_6"	85	"Creld2"	326	"HiG"
"HiG_6"	1	"Pcbp4"	469	"HiG"
"HiG_6"	1185	"Dusp1"	113.5	"HiG"
"HiG_6"	0	"Bambi"	555.5	"HiG"
"HiG_6"	728	"Bin1"	150	"HiG"
"HiG_6"	312	"Ppic"	261	"HiG"
"HiG_6"	75	"Lmnb1"	331	"HiG"
"HiG_6"	260	"Fbn2"	268.5	"HiG"
"HiG_6"	7	"Ostf1"	416	"HiG"
"HiG_6"	60	"Hhex"	336	"HiG"
"HiG_6"	809	"Cyp26a1"	142	"HiG"
"HiG_6"	0	"Prdx3"	555.5	"HiG"
"HiG_6"	1488	"P4hb"	87	"HiG"
"HiG_6"	413	"Maged1"	236	"HiG"
"HiG_6"	1	"Hexa"	469	"HiG"
"HiG_6"	78	"Maged2"	329	"HiG"
"HiG_6"	122	"Sat1"	313	"HiG"
"HiG_6"	2	"Acot9"	454.5	"HiG"
"HiG_6"	511	"Prdx4"	216	"HiG"
"HiG_6"	4860	"Atp5b"	25	"HiG"
"HiG_6"	1	"Ifitm3"	469	"HiG"
"HiG_6"	9	"Tspan4"	405.5	"HiG"
"HiG_6"	15	"Eif4a3"	388	"HiG"
"HiG_6"	443	"Cct8"	227.5	"HiG"
"HiG_6"	2442	"Hprt"	51	"HiG"
"HiG_6"	34	"Nrp1"	358	"HiG"
"HiG_6"	892	"Sox17"	131	"HiG"
"HiG_6"	593	"Ptpn18"	201	"HiG"
"HiG_6"	3	"Itm2c"	443	"HiG"
"HiG_6"	5336	"Ncl"	21	"HiG"
"HiG_6"	1	"Dars"	469	"HiG"
"HiG_6"	4	"Rgl1"	434.5	"HiG"
"HiG_6"	0	"Mpc2"	555.5	"HiG"
"HiG_6"	440	"Atf3"	230	"HiG"
"HiG_6"	251	"Fam107b"	272	"HiG"
"HiG_6"	43	"Rsu1"	351	"HiG"
"HiG_6"	2018	"Vim"	63	"HiG"
"HiG_6"	30259	"Hspa5"	1	"HiG"
"HiG_6"	2520	"Notch1"	48	"HiG"
"HiG_6"	22	"Eif3m"	375.5	"HiG"
"HiG_6"	0	"Meis2"	555.5	"HiG"
"HiG_6"	1326	"Pdia3"	98	"HiG"
"HiG_6"	0	"Ehd4"	555.5	"HiG"
"HiG_6"	0	"Dusp2"	555.5	"HiG"
"HiG_6"	582	"Cst3"	202	"HiG"
"HiG_6"	0	"Car2"	555.5	"HiG"
"HiG_6"	4174	"Anxa5"	29	"HiG"
"HiG_6"	632	"Ppid"	182.5	"HiG"
"HiG_6"	0	"Serp1"	555.5	"HiG"
"HiG_6"	690	"Ssr3"	163	"HiG"
"HiG_6"	996	"S100a11"	126	"HiG"
"HiG_6"	0	"Npr1"	555.5	"HiG"
"HiG_6"	10	"Slc50a1"	401.5	"HiG"
"HiG_6"	73	"Efna1"	334	"HiG"
"HiG_6"	0	"Adam15"	555.5	"HiG"
"HiG_6"	2	"Gclm"	454.5	"HiG"
"HiG_6"	498	"Cnn3"	217	"HiG"
"HiG_6"	0	"Ddah1"	555.5	"HiG"
"HiG_6"	1789	"Cyr61"	73	"HiG"
"HiG_6"	3626	"Tln1"	40	"HiG"
"HiG_6"	25	"Txndc12"	369	"HiG"
"HiG_6"	628	"Tmem59"	189	"HiG"
"HiG_6"	100	"Slc2a1"	315	"HiG"
"HiG_6"	138	"Akr1a1"	307.5	"HiG"
"HiG_6"	90	"Ebna1bp2"	322	"HiG"
"HiG_6"	36	"Stmn1"	357	"HiG"
"HiG_6"	343	"Sh3bgrl3"	252.5	"HiG"
"HiG_6"	52	"Nos3"	345.5	"HiG"
"HiG_6"	0	"Ctnnbip1"	555.5	"HiG"
"HiG_6"	14	"Rer1"	392.5	"HiG"
"HiG_6"	0	"Cd38"	555.5	"HiG"
"HiG_6"	15	"Emilin1"	388	"HiG"
"HiG_6"	254	"Nudt9"	271	"HiG"
"HiG_6"	24	"Tpst2"	372	"HiG"
"HiG_6"	0	"Anxa3"	555.5	"HiG"
"HiG_6"	0	"Prkab1"	555.5	"HiG"
"HiG_6"	0	"Srsf9"	555.5	"HiG"
"HiG_6"	21	"Fscn1"	377	"HiG"
"HiG_6"	3673	"Flt1"	39	"HiG"
"HiG_6"	677	"Gng11"	166	"HiG"
"HiG_6"	2404	"Gnb2"	52	"HiG"
"HiG_6"	415	"Nt5c3"	234	"HiG"
"HiG_6"	32	"Gstk1"	361	"HiG"
"HiG_6"	280	"Sec61a1"	266	"HiG"
"HiG_6"	0	"Ptms"	555.5	"HiG"
"HiG_6"	32	"Clec1b"	361	"HiG"
"HiG_6"	0	"Gabarapl1"	555.5	"HiG"
"HiG_6"	0	"Arhgdib"	555.5	"HiG"
"HiG_6"	3	"Cmas"	443	"HiG"
"HiG_6"	0	"Vgll4"	555.5	"HiG"
"HiG_6"	3	"Slc2a3"	443	"HiG"
"HiG_6"	731	"Cd9"	149	"HiG"
"HiG_6"	426	"Vasp"	231	"HiG"
"HiG_6"	0	"Yif1b"	555.5	"HiG"
"HiG_6"	0	"Mfge8"	555.5	"HiG"
"HiG_6"	2160	"Arl6ip1"	57	"HiG"
"HiG_6"	1	"Lipt2"	469	"HiG"
"HiG_6"	6714	"Lyve1"	14	"HiG"
"HiG_6"	1392	"Plk1"	92	"HiG"
"HiG_6"	94	"Ilk"	320	"HiG"
"HiG_6"	0	"Plp2"	555.5	"HiG"
"HiG_6"	735	"Itm2a"	147	"HiG"
"HiG_6"	628	"Nono"	189	"HiG"
"HiG_6"	6	"Dkc1"	422.5	"HiG"
"HiG_6"	282	"Morf4l2"	265	"HiG"
"HiG_6"	0	"Gas6"	555.5	"HiG"
"HiG_6"	411	"Eif4ebp1"	237	"HiG"
"HiG_6"	539	"Col4a1"	212	"HiG"
"HiG_6"	157	"Col4a2"	297	"HiG"
"HiG_6"	0	"Rbpms"	555.5	"HiG"
"HiG_6"	80	"Msmo1"	328	"HiG"
"HiG_6"	405	"Slc25a4"	240	"HiG"
"HiG_6"	197	"Mmp2"	285.5	"HiG"
"HiG_6"	0	"Gins2"	555.5	"HiG"
"HiG_6"	0	"Cotl1"	555.5	"HiG"
"HiG_6"	9953	"Cdh5"	9	"HiG"
"HiG_6"	4	"Cmtm3"	434.5	"HiG"
"HiG_6"	0	"Oaf"	555.5	"HiG"
"HiG_6"	1117	"Ets1"	120	"HiG"
"HiG_6"	14252	"Anxa2"	6	"HiG"
"HiG_6"	8685	"Pkm"	11	"HiG"
"HiG_6"	578	"Gsta4"	204	"HiG"
"HiG_6"	1155	"Ppib"	117	"HiG"
"HiG_6"	27	"Cmtm7"	366	"HiG"
"HiG_6"	354	"Plvap"	250	"HiG"
"HiG_6"	446	"Hoxb5"	226	"HiG"
"HiG_6"	0	"Smap2"	555.5	"HiG"
"HiG_6"	0	"Akap12"	555.5	"HiG"
"HiG_6"	2150	"S100a10"	58	"HiG"
"HiG_6"	231	"Tie1"	276	"HiG"
"HiG_6"	628	"Gcsh"	189	"HiG"
"HiG_6"	851	"Fkbp1a"	137	"HiG"
"HiG_6"	9	"Npl"	405.5	"HiG"
"HiG_6"	375	"Fbl"	247	"HiG"
"HiG_6"	1258	"Mrps6"	104.5	"HiG"
"HiG_6"	0	"Tm6sf1"	555.5	"HiG"
"HiG_6"	0	"Fam171a2"	555.5	"HiG"
"HiG_6"	0	"Pclaf"	555.5	"HiG"
"HiG_6"	1350	"Snx2"	96	"HiG"
"HiG_6"	5	"Atp1a1"	428	"HiG"
"HiG_6"	0	"Prkar2b"	555.5	"HiG"
"HiG_6"	0	"Kank3"	555.5	"HiG"
"HiG_6"	409	"Hgsnat"	238	"HiG"
"HiG_6"	0	"Fam212a"	555.5	"HiG"
"HiG_6"	0	"4921524J17Rik"	555.5	"HiG"
"HiG_6"	3	"Rgl2"	443	"HiG"
"HiG_6"	0	"Arl6ip5"	555.5	"HiG"
"HiG_6"	1408	"Txndc5"	90	"HiG"
"HiG_6"	90	"F11r"	322	"HiG"
"HiG_6"	4452	"Cldn5"	28	"HiG"
"HiG_6"	1	"Lpar6"	469	"HiG"
"HiG_6"	560	"Tubb4b"	207	"HiG"
"HiG_6"	8	"Myl12b"	410.5	"HiG"
"HiG_6"	710	"Rpl22l1"	154	"HiG"
"HiG_6"	617	"Bex2"	193.5	"HiG"
"HiG_6"	136	"Krtcap2"	309.5	"HiG"
"HiG_6"	378	"Cmtm8"	246	"HiG"
"HiG_6"	5	"Rcsd1"	428	"HiG"
"HiG_6"	5698	"Cd81"	18	"HiG"
"HiG_6"	150	"Ubash3b"	302	"HiG"
"HiG_6"	2837	"Ptma"	44	"HiG"
"HiG_6"	0	"Scarf1"	555.5	"HiG"
"HiG_6"	2	"Stard8"	454.5	"HiG"
"HiG_6"	0	"Mrpl34"	555.5	"HiG"
"HiG_6"	0	"Tsc22d1"	555.5	"HiG"
"HiG_6"	136	"Fermt2"	309.5	"HiG"
"HiG_6"	0	"Pim3"	555.5	"HiG"
"HiG_6"	7	"Prkcdbp"	416	"HiG"
"HiG_6"	0	"Limd2"	555.5	"HiG"
"HiG_6"	2	"Ndn"	454.5	"HiG"
"HiG_6"	13	"Ssr2"	394.5	"HiG"
"HiG_6"	0	"Gpsm3"	555.5	"HiG"
"HiG_6"	33	"Lyl1"	359	"HiG"
"HiG_6"	388	"Apln"	244	"HiG"
"HiG_6"	174	"Stab1"	290	"HiG"
"HiG_6"	315	"Pdlim7"	259	"HiG"
"HiG_6"	0	"Tax1bp3"	555.5	"HiG"
"HiG_6"	15	"Tceal9"	388	"HiG"
"HiG_6"	250	"Gngt2"	273	"HiG"
"HiG_6"	0	"Atp6v0b"	555.5	"HiG"
"HiG_6"	7	"S100a13"	416	"HiG"
"HiG_6"	0	"Vat1"	555.5	"HiG"
"HiG_6"	705	"Degs1"	157	"HiG"
"HiG_6"	1084	"Calm2"	122	"HiG"
"HiG_6"	1280	"Ctnna1"	102	"HiG"
"HiG_6"	1230	"Gpi1"	108	"HiG"
"HiG_6"	0	"Nek6"	555.5	"HiG"
"HiG_6"	1	"Cnrip1"	469	"HiG"
"HiG_6"	141	"Ckap4"	305	"HiG"
"HiG_6"	0	"Peg3"	555.5	"HiG"
"HiG_6"	20	"Tuba1c"	378.5	"HiG"
"HiG_6"	276	"H2afx"	267	"HiG"
"HiG_6"	12729	"Mapk3"	7	"HiG"
"HiG_6"	0	"Bst2"	555.5	"HiG"
"HiG_6"	5029	"Pdia6"	23	"HiG"
"HiG_6"	0	"Klhl6"	555.5	"HiG"
"HiG_6"	6	"Ppp3ca"	422.5	"HiG"
"HiG_6"	332	"Aplnr"	255	"HiG"
"HiG_6"	212	"Sptssa"	280	"HiG"
"HiG_6"	0	"Exoc3l"	555.5	"HiG"
"HiG_6"	1470	"Basp1"	89	"HiG"
"HiG_6"	0	"Eva1b"	555.5	"HiG"
"HiG_6"	0	"Map7d1"	555.5	"HiG"
"HiG_6"	23	"F2rl3"	373.5	"HiG"
"HiG_6"	16155	"Fn1"	5	"HiG"
"HiG_6"	1554	"Xbp1"	84	"HiG"
"HiG_6"	0	"Tmem88"	555.5	"HiG"
"HiG_6"	0	"Marcksl1"	555.5	"HiG"
"HiG_6"	9	"Cracr2b"	405.5	"HiG"
"HiG_6"	0	"Lhfp"	555.5	"HiG"
"HiG_6"	0	"Fam43a"	555.5	"HiG"
"HiG_6"	2	"Ajuba"	454.5	"HiG"
"HiG_6"	0	"Bri3"	555.5	"HiG"
"HiG_6"	2934	"Gnai2"	43	"HiG"
"HiG_6"	0	"Rbpms2"	555.5	"HiG"
"HiG_6"	0	"Mgat2"	555.5	"HiG"
"HiG_6"	976	"Cd24a"	128	"HiG"
"HiG_6"	0	"Ubald2"	555.5	"HiG"
"HiG_6"	0	"Ssbp4"	555.5	"HiG"
"HiG_6"	929	"Smtnl2"	130	"HiG"
"HiG_6"	574	"Rhoj"	206	"HiG"
"HiG_6"	691	"Vamp8"	161.5	"HiG"
"HiG_6"	1286	"Bex1"	101	"HiG"
"HiG_6"	0	"Ppp1r2"	555.5	"HiG"
"HiG_6"	0	"Grrp1"	555.5	"HiG"
"HiG_6"	46	"Ier2"	349	"HiG"
"HiG_6"	392	"Lxn"	243	"HiG"
"HiG_6"	0	"Cdc42ep1"	555.5	"HiG"
"HiG_6"	1791	"Hmgn1"	72	"HiG"
"HiG_6"	22	"Mtap"	375.5	"HiG"
"HiG_6"	0	"Vill"	555.5	"HiG"
"HiG_6"	52	"F2r"	345.5	"HiG"
"HiG_6"	45	"Abi3"	350	"HiG"
"HiG_6"	3	"Gimap1"	443	"HiG"
"HiG_6"	603	"Gja4"	199	"HiG"
"HiG_6"	3	"Rasip1"	443	"HiG"
"HiG_6"	0	"Pon2"	555.5	"HiG"
"HiG_6"	74	"Slbp"	332.5	"HiG"
"HiG_6"	209	"Mogat2"	281.5	"HiG"
"HiG_6"	0	"Ppp1r14b"	555.5	"HiG"
"HiG_6"	443	"Pdlim1"	227.5	"HiG"
"HiG_6"	169	"Junb"	291	"HiG"
"HiG_6"	241	"Klf2"	275	"HiG"
"HiG_6"	0	"March2"	555.5	"HiG"
"HiG_6"	123	"Ndufa8"	312	"HiG"
"HiG_6"	313	"Rtn3"	260	"HiG"
"HiG_6"	74	"Hmgb2"	332.5	"HiG"
"HiG_6"	634	"Anxa7"	180	"HiG"
"HiG_6"	0	"Smagp"	555.5	"HiG"
"HiG_6"	576	"Rap1b"	205	"HiG"
"HiG_6"	0	"Marc2"	555.5	"HiG"
"HiG_6"	0	"Thsd1"	555.5	"HiG"
"HiG_6"	15	"Map1b"	388	"HiG"
"HiG_6"	16	"Capn2"	384	"HiG"
"HiG_6"	0	"Tmem158"	555.5	"HiG"
"HiG_6"	160	"Plpp2"	296	"HiG"
"HiG_6"	150	"Rras2"	302	"HiG"
"HiG_6"	0	"Mdfi"	555.5	"HiG"
"HiG_6"	41	"St3gal5"	353	"HiG"
"HiG_6"	23	"Cib1"	373.5	"HiG"
"HiG_6"	2050	"Ywhae"	62	"HiG"
"HiG_6"	0	"Ifitm2"	555.5	"HiG"
"HiG_6"	27428	"Actg1"	3	"HiG"
"HiG_6"	0	"Mfap2"	555.5	"HiG"
"HiG_6"	2763	"Ccnb1"	46	"HiG"
"HiG_6"	0	"Cgnl1"	555.5	"HiG"
"HiG_6"	454	"Polg"	225	"HiG"
"HiG_6"	5	"Sipa1"	428	"HiG"
"HiG_6"	9	"Cd302"	405.5	"HiG"
"HiG_6"	0	"Smtn"	555.5	"HiG"
"HiG_6"	0	"Nectin2"	555.5	"HiG"
"HiG_6"	4	"Prcp"	434.5	"HiG"
"HiG_6"	0	"Sypl"	555.5	"HiG"
"HiG_6"	622	"Rabac1"	192	"HiG"
"HiG_6"	99	"Pdia4"	316.5	"HiG"
"HiG_6"	0	"Arpc5"	555.5	"HiG"
"HiG_6"	0	"St5"	555.5	"HiG"
"HiG_6"	458	"Cfl2"	224	"HiG"
"HiG_6"	1014	"Birc5"	125	"HiG"
"HiG_6"	0	"Ipo11"	555.5	"HiG"
"HiG_6"	5683	"Eno1"	19	"HiG"
"HiG_6"	162	"Impdh2"	294.5	"HiG"
"HiG_6"	2116	"Pgk1"	61	"HiG"
"HiG_6"	6181	"mt-Nd1"	16	"HiG"
"HiG_6"	1262	"mt-Co1"	103	"HiG"
"HiG_6"	2541	"mt-Atp6"	47	"HiG"
"HiG_6"	938	"mt-Co3"	129	"HiG"
"HiG_6"	2517	"mt-Nd4"	49	"HiG"
"HiG_6"	407	"mt-Cytb"	239	"HiG"
"HiG_6"	1029	"Gpx1"	124	"HiG"
"HiG_6"	610	"Gpx3"	197	"HiG"
"HiG_6"	0	"Rgs3"	555.5	"HiG"
"HiG_6"	0	"Slc31a2"	555.5	"HiG"
"HiG_6"	10	"Crip2"	401.5	"HiG"
"HiG_6"	0	"Klk8"	555.5	"HiG"
"HiG_6"	0	"Anp32a"	555.5	"HiG"
"HiG_6"	199	"Hmgb1"	284	"HiG"
"HiG_6"	3574	"Arpc1b"	41	"HiG"
"HiG_6"	579	"Scarb1"	203	"HiG"
"HiG_6"	56	"Armcx3"	341	"HiG"
"HiG_6"	2	"Lyar"	454.5	"HiG"
"HiG_6"	399	"Aldoa"	242	"HiG"
"HiG_6"	1991	"Ube2c"	65	"HiG"
"HiG_6"	0	"Cxx1a"	555.5	"HiG"
"HiG_6"	0	"Snn"	555.5	"HiG"
"HiG_6"	3697	"Lgals1"	38	"HiG"
"HiG_6"	652	"Mmp14"	172.5	"HiG"
"HiG_6"	2133	"Hnrnpa2b1"	60	"HiG"
"HiG_6"	4042	"Itgb1"	32	"HiG"
"HiG_6"	2	"Aard"	454.5	"HiG"
"HiG_6"	0	"Gimap4"	555.5	"HiG"
"HiG_6"	77	"Atp5g1"	330	"HiG"
"HiG_6"	1255	"Rap1a"	106	"HiG"
"HiG_6"	0	"Slc43a3"	555.5	"HiG"
"HiG_6"	0	"Sh3bp5"	555.5	"HiG"
"HiG_6"	0	"Rbms2"	555.5	"HiG"
"HiG_6"	888	"Marcks"	133	"HiG"
"HiG_6"	0	"Rspo3"	555.5	"HiG"
"HiG_6"	0	"Myzap"	555.5	"HiG"
"HiG_6"	726	"Sept9"	151	"HiG"
"HiG_6"	2788	"Ccnd1"	45	"HiG"
"HiG_6"	6	"Tmem256"	422.5	"HiG"
"HiG_6"	0	"Mesdc1"	555.5	"HiG"
"HiG_6"	343	"Shc1"	252.5	"HiG"
"HiG_6"	2135	"Ftl1"	59	"HiG"
"HiG_6"	655	"Id1"	171	"HiG"
"HiG_6"	4	"1700027J19Rik"	434.5	"HiG"
"HiG_6"	139	"Rasgrp3"	306	"HiG"
"HiG_6"	418	"Jund"	233	"HiG"
"HiG_6"	13	"Mtch1"	394.5	"HiG"
"HiG_6"	2198	"Tuba1a"	55	"HiG"
"HiG_6"	1652	"Gpx4"	78	"HiG"
"HiG_6"	9	"Csrp1"	405.5	"HiG"
"HiG_6"	8	"Ecscr"	410.5	"HiG"
"HiG_6"	0	"Il11ra1"	555.5	"HiG"
"HiG_6"	0	"S100a16"	555.5	"HiG"
"HiG_6"	27855	"Actb"	2	"HiG"
"HiG_6"	25	"Hoxb2"	369	"HiG"
"HiG_6"	494	"Limch1"	218	"HiG"
"HiG_6"	58	"Vamp5"	338	"HiG"
"HiG_6"	1728	"Selenos"	76	"HiG"
"HiG_6"	844	"Itga2b"	139	"HiG"
"HiG_6"	320	"Nop56"	258	"HiG"
"HiG_6"	676	"B2m"	167	"HiG"
"HiG_6"	1642	"Mrto4"	80	"HiG"
"HiG_6"	685	"Hdac1"	165	"HiG"
"HiG_6"	0	"Selenoh"	555.5	"HiG"
"HiG_6"	1258	"Tnfaip2"	104.5	"HiG"
"HiG_6"	636	"Jak1"	178	"HiG"
"HiG_6"	1399	"Cd47"	91	"HiG"
"HiG_6"	704	"Tek"	158	"HiG"
"HiG_6"	3755	"Gap43"	37	"HiG"
"HiG_6"	692	"Rtn4"	160	"HiG"
"HiG_6"	187	"Set"	288.5	"HiG"
"HiG_6"	204	"Ugp2"	283	"HiG"
"HiG_6"	0	"Ptbp3"	555.5	"HiG"
"HiG_6"	778	"Myl7"	144	"HiG"
"HiG_6"	0	"Anp32b"	555.5	"HiG"
"HiG_6"	1200	"Sox4"	112	"HiG"
"HiG_6"	658	"Nrarp"	170	"HiG"
"HiG_6"	701	"Gpr182"	159	"HiG"
"HiG_6"	8494	"Igf1"	12	"HiG"
"HiG_6"	638	"Col18a1"	175.5	"HiG"
"HiG_6"	0	"Fbxo6"	555.5	"HiG"
"HiG_6"	1160	"Cd151"	116	"HiG"
"HiG_6"	811	"Ifitm1"	141	"HiG"
"HiG_6"	10680	"H3f3b"	8	"HiG"
"HiG_6"	1648	"Pecam1"	79	"HiG"
"HiG_6"	4923	"Jun"	24	"HiG"
"HiG_6"	0	"BC028528"	555.5	"HiG"
"HiG_6"	614	"Dusp3"	195	"HiG"
"HiG_6"	890	"Idh2"	132	"HiG"
"HiG_6"	629	"Tead2"	186	"HiG"
"HiG_6"	32	"Clta"	361	"HiG"
"HiG_6"	224	"Etv2"	277	"HiG"
"HiG_6"	0	"Tnfaip1"	555.5	"HiG"
"HiG_6"	1369	"Gmfg"	94	"HiG"
"HiG_6"	462	"Myo1c"	223	"HiG"
"HiG_6"	0	"Tsen34"	555.5	"HiG"
"HiG_6"	7121	"Trp53"	13	"HiG"
"HiG_6"	0	"Arhgef15"	555.5	"HiG"
"HiG_6"	6	"Pmp22"	422.5	"HiG"
"HiG_6"	17	"Anxa6"	382.5	"HiG"
"HiG_6"	0	"Top1"	555.5	"HiG"
"HiG_6"	0	"Triobp"	555.5	"HiG"
"HiG_6"	1520	"H2afv"	86	"HiG"
"HiG_6"	487	"Tmed9"	219	"HiG"
"HiG_6"	629	"Tcn2"	186	"HiG"
"HiG_6"	612	"Snx5"	196	"HiG"
"HiG_6"	0	"Homer3"	555.5	"HiG"
"HiG_6"	7	"Kdelr2"	416	"HiG"
"HiG_6"	6133	"Lmo2"	17	"HiG"
"HiG_6"	1809	"Tagln2"	70	"HiG"
"HiG_6"	1	"Tspan18"	469	"HiG"
"HiG_6"	1134	"Dgkz"	119	"HiG"
"HiG_6"	260	"Ran"	268.5	"HiG"
"HiG_6"	3	"Creg1"	443	"HiG"
"HiG_6"	0	"Mpzl1"	555.5	"HiG"
"HiG_6"	12	"Tfpi"	397	"HiG"
"HiG_6"	20	"H19"	378.5	"HiG"
"HiG_6"	0	"Shisa5"	555.5	"HiG"
"HiG_6"	3113	"Tmsb4x"	42	"HiG"
"HiG_6"	53	"Gpm6b"	344	"HiG"
"HiG_6"	669	"Selenok"	169	"HiG"
"HiG_6"	0	"Sms"	555.5	"HiG"
"HiG_6"	2	"Armcx1"	454.5	"HiG"
"HiG_6"	51	"Rasgrp2"	347	"HiG"
"HiG_6"	4102	"Kdr"	30	"HiG"
"HiG_6"	30	"Adgrf5"	363	"HiG"
"HiG_6"	4	"Tpm1"	434.5	"HiG"
"HiG_6"	1860	"Arpc2"	69	"HiG"
"HiG_6"	39	"Tmsb10"	354	"HiG"
"HiG_6"	0	"Klf7"	555.5	"HiG"
"HiG_6"	0	"Crmp1"	555.5	"HiG"
"HiG_6"	2	"Rcn2"	454.5	"HiG"
"HiG_6"	1808	"Flna"	71	"HiG"
"HiG_6"	617	"Hmgb3"	193.5	"HiG"
"HiG_6"	58	"Fstl1"	338	"HiG"
"HiG_6"	0	"Plac1"	555.5	"HiG"
"HiG_6"	25	"Cald1"	369	"HiG"
"HiG_6"	0	"Mid1ip1"	555.5	"HiG"
"HiG_6"	2	"Asns"	454.5	"HiG"
"HiG_6"	4804	"Hnrnpk"	26	"HiG"
"HiG_6"	5	"Bex4"	428	"HiG"
"HiG_6"	524	"Tbrg1"	214	"HiG"
"HiG_6"	1868	"Emcn"	68	"HiG"
"HiG_6"	672	"Msn"	168	"HiG"
"HiG_6"	168	"Orai1"	292	"HiG"
"HiG_6"	0	"Afap1l1"	555.5	"HiG"
"HiG_6"	56	"Sgk1"	341	"HiG"
"HiG_6"	2285	"Igf2"	53	"HiG"
"HiG_6"	99	"Prdx1"	316.5	"HiG"
"HiG_6"	1103	"Ubc"	121	"HiG"
"HiG_6"	402	"Pa2g4"	241	"HiG"
"HiG_6"	152	"Dbi"	299.5	"HiG"
"HiG_6"	18	"Erp29"	381	"HiG"
"HiG_6"	374	"Mest"	248	"HiG"
"HiG_6"	0	"Sri"	555.5	"HiG"
"HiG_6"	1206	"Afdn"	111	"HiG"
"HiG_6"	884	"Nhp2"	135	"HiG"
"HiG_6"	7	"Raph1"	416	"HiG"
"HiG_6"	1135	"Gnb4"	118	"HiG"
"HiG_6"	56	"Ramp2"	341	"HiG"
"HiG_6"	2	"Mrps26"	454.5	"HiG"
"HiG_6"	632	"Myl12a"	182.5	"HiG"
"HiG_6"	753	"Ywhaq"	146	"HiG"
"HiG_6"	1300	"Hmga2"	99	"HiG"
"HiG_6"	3835	"Selenop"	34	"HiG"
"HiG_6"	209	"Cyb5a"	281.5	"HiG"
"HiG_6"	5480	"Manf"	20	"HiG"
"HiG_6"	555	"Gng2"	210	"HiG"
"HiG_6"	2243	"Slc16a3"	54	"HiG"
"HiG_6"	98	"Ccnd3"	318	"HiG"
"HiG_6"	1732	"Serpinh1"	75	"HiG"
"HiG_6"	1473	"Zyx"	88	"HiG"
"HiG_6"	1185	"Dnajb11"	113.5	"HiG"
"HiG_6"	5233	"Eif4a1"	22	"HiG"
"HiG_6"	12	"Armcx2"	397	"HiG"
"HiG_6"	97	"Sept7"	319	"HiG"
"HiG_6"	0	"Fam3c"	555.5	"HiG"
"HiG_6"	37	"Ost4"	356	"HiG"
"HiG_6"	0	"Ppp1r15a"	555.5	"HiG"
"HiG_6"	885	"Odc1"	134	"HiG"
"HiG_6"	871	"Myl6"	136	"HiG"
"HiG_6"	1964	"Cdkn1c"	66	"HiG"
"HiG_6"	441	"Acot7"	229	"HiG"
"HiG_6"	1253	"Rab11a"	107	"HiG"
"HiG_6"	709	"Bcar1"	155	"HiG"
"HiG_6"	12	"Tceal8"	397	"HiG"
"HiG_6"	353	"Dnaja1"	251	"HiG"
"HiG_6"	0	"Krcc1"	555.5	"HiG"
"HiG_6"	7	"Ssb"	416	"HiG"
"HiG_6"	6	"Ralgps2"	422.5	"HiG"
"HiG_6"	0	"Luzp1"	555.5	"HiG"
"HiG_6"	17	"Rbms1"	382.5	"HiG"
"HiG_6"	837	"Hspg2"	140	"HiG"
"HiG_6"	108	"Ssr4"	314	"HiG"
"HiG_6"	0	"Slc29a1"	555.5	"HiG"
"HiG_6"	638	"Ptp4a3"	175.5	"HiG"
"HiG_6"	631	"Atxn10"	184	"HiG"
"HiG_6"	0	"Cd59a"	555.5	"HiG"
"HiG_6"	1	"Phlda1"	469	"HiG"
"HiG_6"	1215	"Apoe"	109	"HiG"
"HiG_6"	15	"Ddx39b"	388	"HiG"
"HiG_6"	414	"Cct4"	235	"HiG"
"HiG_6"	0	"Gypc"	555.5	"HiG"
"HiG_6"	192	"Asap1"	287	"HiG"
"HiG_6"	11	"Gyg"	399.5	"HiG"
"HiG_6"	0	"Kcne3"	555.5	"HiG"
"HiG_6"	197	"Tspan8"	285.5	"HiG"
"HiG_6"	4	"Oaz2"	434.5	"HiG"
"HiG_6"	258	"H1f0"	270	"HiG"
"HiG_6"	0	"Ccdc85b"	555.5	"HiG"
"HiG_6"	1915	"Gnas"	67	"HiG"
"HiG_6"	0	"Gm13889"	555.5	"HiG"
"HiG_6"	605	"Ppp1r18"	198	"HiG"
"HiG_6"	0	"Stard3nl"	555.5	"HiG"
"HiG_6"	89	"Fdps"	324	"HiG"
"HiG_6"	0	"Sh3glb1"	555.5	"HiG"
"HiG_6"	1179	"Mef2c"	115	"HiG"
"HiG_6"	0	"Camk2d"	555.5	"HiG"
"HiG_6"	0	"Crip1"	555.5	"HiG"
"HiG_6"	6	"Gm45716"	422.5	"HiG"
"HiG_6"	2	"Ptpre"	454.5	"HiG"
"HiG_6"	2497	"Casp3"	50	"HiG"
"HiG_6"	0	"Cebpd"	555.5	"HiG"
"HiG_6"	1386	"Ctsl"	93	"HiG"
"HiG_6"	308	"Exoc3l4"	262	"HiG"
"HiG_6"	328	"Gdi2"	256	"HiG"
"HiG_6"	0	"Pcgf5"	555.5	"HiG"
"HiG_6"	8	"Tspan14"	410.5	"HiG"
"HiG_6"	0	"Colec12"	555.5	"HiG"
"HiG_6"	65	"Txnl1"	335	"HiG"
"HiG_6"	162	"Fth1"	294.5	"HiG"
"HiG_6"	847	"Calm1"	138	"HiG"
"HiG_6"	2001	"Egfl7"	64	"HiG"
"HiG_9"	171	"Ccnd2"	185	"HiG"
"HiG_9"	502	"Mcm7"	116	"HiG"
"HiG_9"	191	"Ilf2"	178	"HiG"
"HiG_9"	40	"Uhrf1"	236	"HiG"
"HiG_9"	17	"Lsr"	265.5	"HiG"
"HiG_9"	1738	"Tubb5"	44	"HiG"
"HiG_9"	0	"Ddt"	400	"HiG"
"HiG_9"	0	"Eef1e1"	400	"HiG"
"HiG_9"	1317	"Pabpc1"	56	"HiG"
"HiG_9"	0	"Prkra"	400	"HiG"
"HiG_9"	629	"Tpm4"	94	"HiG"
"HiG_9"	0	"Fam162a"	400	"HiG"
"HiG_9"	8	"Gstm5"	276.5	"HiG"
"HiG_9"	794	"Ppan"	82.5	"HiG"
"HiG_9"	0	"Etfb"	400	"HiG"
"HiG_9"	1321	"Cnn2"	55	"HiG"
"HiG_9"	164	"Pgf"	186.5	"HiG"
"HiG_9"	3078	"App"	24	"HiG"
"HiG_9"	0	"Pafah1b3"	400	"HiG"
"HiG_9"	145	"Trim28"	191.5	"HiG"
"HiG_9"	1	"Snx6"	317	"HiG"
"HiG_9"	449	"Adh5"	137.5	"HiG"
"HiG_9"	0	"Tbcb"	400	"HiG"
"HiG_9"	1531	"Cdc20"	51	"HiG"
"HiG_9"	1568	"Srm"	50	"HiG"
"HiG_9"	0	"Eif1b"	400	"HiG"
"HiG_9"	0	"Ddah2"	400	"HiG"
"HiG_9"	470	"Clic1"	131	"HiG"
"HiG_9"	0	"Id3"	400	"HiG"
"HiG_9"	0	"Rala"	400	"HiG"
"HiG_9"	86	"Bmp7"	206	"HiG"
"HiG_9"	133	"Pgam1"	194	"HiG"
"HiG_9"	0	"Igf2bp1"	400	"HiG"
"HiG_9"	1043	"Cacybp"	67	"HiG"
"HiG_9"	1733	"Ppp1cb"	45	"HiG"
"HiG_9"	8475	"Hspa8"	8	"HiG"
"HiG_9"	0	"H2afy"	400	"HiG"
"HiG_9"	0	"Ctsz"	400	"HiG"
"HiG_9"	433	"Slc25a5"	141	"HiG"
"HiG_9"	0	"Ppdpf"	400	"HiG"
"HiG_9"	5	"Igfbp4"	285.5	"HiG"
"HiG_9"	0	"Wsb1"	400	"HiG"
"HiG_9"	1	"Ptgis"	317	"HiG"
"HiG_9"	393	"Kpna2"	147	"HiG"
"HiG_9"	0	"Gabarap"	400	"HiG"
"HiG_9"	605	"Sparc"	96	"HiG"
"HiG_9"	0	"Pdlim4"	400	"HiG"
"HiG_9"	0	"P4ha2"	400	"HiG"
"HiG_9"	0	"Fbxo5"	400	"HiG"
"HiG_9"	733	"Hdac2"	89	"HiG"
"HiG_9"	2	"Asf1a"	305.5	"HiG"
"HiG_9"	23	"Dusp6"	254	"HiG"
"HiG_9"	220	"Socs2"	171	"HiG"
"HiG_9"	6595	"Hsp90b1"	9	"HiG"
"HiG_9"	0	"Hnrnph3"	400	"HiG"
"HiG_9"	20	"H2afy2"	257.5	"HiG"
"HiG_9"	19	"Ppa1"	260.5	"HiG"
"HiG_9"	30	"Ddit4"	247.5	"HiG"
"HiG_9"	7	"Csrp2"	280.5	"HiG"
"HiG_9"	0	"Pfkl"	400	"HiG"
"HiG_9"	0	"Bzw2"	400	"HiG"
"HiG_9"	34	"Laptm4a"	242.5	"HiG"
"HiG_9"	104	"Sdc1"	199	"HiG"
"HiG_9"	5201	"Rrm2"	13	"HiG"
"HiG_9"	1326	"Ddx5"	54	"HiG"
"HiG_9"	0	"Slc9a3r1"	400	"HiG"
"HiG_9"	146	"Galk1"	190	"HiG"
"HiG_9"	501	"Luc7l3"	117	"HiG"
"HiG_9"	7	"Dcakd"	280.5	"HiG"
"HiG_9"	4	"Polr2h"	293	"HiG"
"HiG_9"	75	"Zfp36l1"	211	"HiG"
"HiG_9"	26	"Siva1"	250.5	"HiG"
"HiG_9"	5	"Dek"	285.5	"HiG"
"HiG_9"	0	"Sfxn1"	400	"HiG"
"HiG_9"	13	"Prelid1"	271.5	"HiG"
"HiG_9"	80	"Dbn1"	208	"HiG"
"HiG_9"	0	"Hapln1"	400	"HiG"
"HiG_9"	0	"Serf1"	400	"HiG"
"HiG_9"	0	"Emb"	400	"HiG"
"HiG_9"	26	"Gpx8"	250.5	"HiG"
"HiG_9"	0	"Arf4"	400	"HiG"
"HiG_9"	2	"Tkt"	305.5	"HiG"
"HiG_9"	17	"Bnip3l"	265.5	"HiG"
"HiG_9"	0	"Acin1"	400	"HiG"
"HiG_9"	479	"Laptm4b"	121	"HiG"
"HiG_9"	1254	"Ppp1r1a"	57	"HiG"
"HiG_9"	4	"Hes1"	293	"HiG"
"HiG_9"	0	"Tmbim6"	400	"HiG"
"HiG_9"	0	"Ivns1abp"	400	"HiG"
"HiG_9"	0	"Pcbp4"	400	"HiG"
"HiG_9"	3861	"Hsp90ab1"	17	"HiG"
"HiG_9"	0	"Pim1"	400	"HiG"
"HiG_9"	0	"Hn1l"	400	"HiG"
"HiG_9"	2	"Lmnb1"	305.5	"HiG"
"HiG_9"	65	"Fbn2"	220	"HiG"
"HiG_9"	0	"Carnmt1"	400	"HiG"
"HiG_9"	0	"Sssca1"	400	"HiG"
"HiG_9"	1887	"Cyp26a1"	41	"HiG"
"HiG_9"	379	"Hells"	150	"HiG"
"HiG_9"	0	"Arl3"	400	"HiG"
"HiG_9"	204	"Gsto1"	173.5	"HiG"
"HiG_9"	319	"Maged1"	158	"HiG"
"HiG_9"	10881	"Fgf8"	2	"HiG"
"HiG_9"	5	"Hsd17b10"	285.5	"HiG"
"HiG_9"	559	"Maged2"	104.5	"HiG"
"HiG_9"	330	"Prdx4"	156	"HiG"
"HiG_9"	1874	"Rps26"	42	"HiG"
"HiG_9"	894	"Atp5b"	77	"HiG"
"HiG_9"	44	"Clns1a"	231.5	"HiG"
"HiG_9"	145	"Tk1"	191.5	"HiG"
"HiG_9"	1245	"Eif4a3"	58	"HiG"
"HiG_9"	3119	"Cct8"	22	"HiG"
"HiG_9"	5609	"Hspd1"	10	"HiG"
"HiG_9"	19	"Wdr12"	260.5	"HiG"
"HiG_9"	0	"Igfbp5"	400	"HiG"
"HiG_9"	30	"Itm2c"	247.5	"HiG"
"HiG_9"	9629	"Ncl"	3	"HiG"
"HiG_9"	71	"Mcm6"	216	"HiG"
"HiG_9"	0	"Dars"	400	"HiG"
"HiG_9"	0	"Prrx1"	400	"HiG"
"HiG_9"	8496	"Hspa5"	7	"HiG"
"HiG_9"	617	"Frzb"	95	"HiG"
"HiG_9"	0	"Ube2e3"	400	"HiG"
"HiG_9"	5	"Hat1"	285.5	"HiG"
"HiG_9"	473	"Nop10"	128	"HiG"
"HiG_9"	2	"Ccdc34"	305.5	"HiG"
"HiG_9"	4	"Eif3m"	293	"HiG"
"HiG_9"	2	"Meis2"	305.5	"HiG"
"HiG_9"	3860	"Mdk"	18	"HiG"
"HiG_9"	42	"Cst3"	233	"HiG"
"HiG_9"	244	"Fabp5"	167.5	"HiG"
"HiG_9"	975	"Ppid"	71	"HiG"
"HiG_9"	0	"Ssr3"	400	"HiG"
"HiG_9"	5	"Hadh"	285.5	"HiG"
"HiG_9"	0	"Efna4"	400	"HiG"
"HiG_9"	87	"Cnn3"	204.5	"HiG"
"HiG_9"	388	"Cyr61"	149	"HiG"
"HiG_9"	0	"Psip1"	400	"HiG"
"HiG_9"	0	"Txndc12"	400	"HiG"
"HiG_9"	0	"Ift74"	400	"HiG"
"HiG_9"	0	"Tmem59"	400	"HiG"
"HiG_9"	0	"Slc2a1"	400	"HiG"
"HiG_9"	448	"Nasp"	139	"HiG"
"HiG_9"	378	"Ebna1bp2"	151	"HiG"
"HiG_9"	505	"Sfpq"	115	"HiG"
"HiG_9"	523	"Stmn1"	110	"HiG"
"HiG_9"	526	"Rspo1"	109	"HiG"
"HiG_9"	285	"Ctnnbip1"	160	"HiG"
"HiG_9"	72	"Paics"	215	"HiG"
"HiG_9"	251	"Srsf9"	165.5	"HiG"
"HiG_9"	0	"Fscn1"	400	"HiG"
"HiG_9"	0	"Rasl11a"	400	"HiG"
"HiG_9"	41	"Pcolce"	234.5	"HiG"
"HiG_9"	121	"Tra2a"	195	"HiG"
"HiG_9"	0	"Ptms"	400	"HiG"
"HiG_9"	0	"Ldhb"	400	"HiG"
"HiG_9"	0	"Bcat1"	400	"HiG"
"HiG_9"	2	"Vgll4"	305.5	"HiG"
"HiG_9"	0	"Fkbp4"	400	"HiG"
"HiG_9"	346	"Arl6ip1"	155	"HiG"
"HiG_9"	0	"Mettl9"	400	"HiG"
"HiG_9"	179	"Bccip"	182	"HiG"
"HiG_9"	0	"Plp2"	400	"HiG"
"HiG_9"	1	"Itm2a"	317	"HiG"
"HiG_9"	0	"Hmgn5"	400	"HiG"
"HiG_9"	58	"Nono"	225	"HiG"
"HiG_9"	2488	"Rbbp7"	36	"HiG"
"HiG_9"	59	"Dkc1"	224	"HiG"
"HiG_9"	1040	"Morf4l2"	68	"HiG"
"HiG_9"	1	"Prps1"	317	"HiG"
"HiG_9"	0	"Eif4ebp1"	400	"HiG"
"HiG_9"	7	"Sfrp1"	280.5	"HiG"
"HiG_9"	0	"Rbpms"	400	"HiG"
"HiG_9"	0	"Sap30"	400	"HiG"
"HiG_9"	477	"Slc25a4"	123	"HiG"
"HiG_9"	0	"Nkd1"	400	"HiG"
"HiG_9"	0	"Irx5"	400	"HiG"
"HiG_9"	0	"Hsd11b2"	400	"HiG"
"HiG_9"	0	"Jam3"	400	"HiG"
"HiG_9"	0	"Oaf"	400	"HiG"
"HiG_9"	0	"Clmp"	400	"HiG"
"HiG_9"	506	"Nedd4"	114	"HiG"
"HiG_9"	114	"Imp3"	197	"HiG"
"HiG_9"	449	"Crabp1"	137.5	"HiG"
"HiG_9"	2485	"Pkm"	37	"HiG"
"HiG_9"	0	"Tspan3"	400	"HiG"
"HiG_9"	8	"Gsta4"	276.5	"HiG"
"HiG_9"	0	"Ptov1"	400	"HiG"
"HiG_9"	1068	"H2afz"	66	"HiG"
"HiG_9"	47	"S100a10"	229	"HiG"
"HiG_9"	0	"Car14"	400	"HiG"
"HiG_9"	0	"Gcsh"	400	"HiG"
"HiG_9"	60	"Fbl"	223	"HiG"
"HiG_9"	0	"Rangrf"	400	"HiG"
"HiG_9"	0	"Ube2r2"	400	"HiG"
"HiG_9"	0	"Pclaf"	400	"HiG"
"HiG_9"	34	"Mfap4"	242.5	"HiG"
"HiG_9"	192	"Serbp1"	176.5	"HiG"
"HiG_9"	474	"Timm8b"	126.5	"HiG"
"HiG_9"	164	"Rfc3"	186.5	"HiG"
"HiG_9"	351	"Twist1"	153	"HiG"
"HiG_9"	15	"Prrx2"	268.5	"HiG"
"HiG_9"	0	"Pnrc1"	400	"HiG"
"HiG_9"	0	"Fam212a"	400	"HiG"
"HiG_9"	4446	"Lum"	15	"HiG"
"HiG_9"	0	"Ndufa4l2"	400	"HiG"
"HiG_9"	0	"Lpar6"	400	"HiG"
"HiG_9"	886	"Tubb4b"	78	"HiG"
"HiG_9"	0	"Myl12b"	400	"HiG"
"HiG_9"	23	"Apex1"	254	"HiG"
"HiG_9"	2400	"Hnrnpa1"	38	"HiG"
"HiG_9"	954	"Bex2"	74	"HiG"
"HiG_9"	0	"Krtcap2"	400	"HiG"
"HiG_9"	520	"Cd81"	112	"HiG"
"HiG_9"	2773	"Ptma"	30	"HiG"
"HiG_9"	4	"Fermt2"	293	"HiG"
"HiG_9"	0	"Limd2"	400	"HiG"
"HiG_9"	38	"Ndn"	239	"HiG"
"HiG_9"	0	"Mycn"	400	"HiG"
"HiG_9"	81	"Igfbp2"	207	"HiG"
"HiG_9"	476	"Gnl3"	124.5	"HiG"
"HiG_9"	0	"Grhpr"	400	"HiG"
"HiG_9"	2735	"Pitx2"	31	"HiG"
"HiG_9"	1	"Tax1bp3"	317	"HiG"
"HiG_9"	580	"Tceal9"	100	"HiG"
"HiG_9"	2	"Adk"	305.5	"HiG"
"HiG_9"	565	"Dctpp1"	101	"HiG"
"HiG_9"	89	"Rbmxl1"	203	"HiG"
"HiG_9"	39	"Calm2"	237.5	"HiG"
"HiG_9"	0	"Gpi1"	400	"HiG"
"HiG_9"	4	"Timm8a1"	293	"HiG"
"HiG_9"	0	"Ckap4"	400	"HiG"
"HiG_9"	794	"Snai1"	82.5	"HiG"
"HiG_9"	1	"Efnb1"	317	"HiG"
"HiG_9"	244	"Peg3"	167.5	"HiG"
"HiG_9"	1	"Epop"	317	"HiG"
"HiG_9"	203	"Mapk3"	175	"HiG"
"HiG_9"	261	"Col26a1"	164	"HiG"
"HiG_9"	242	"Pdia6"	169	"HiG"
"HiG_9"	18	"Sptssa"	263.5	"HiG"
"HiG_9"	222	"Basp1"	170	"HiG"
"HiG_9"	0	"Eva1b"	400	"HiG"
"HiG_9"	31	"Zfp207"	245	"HiG"
"HiG_9"	3426	"Fn1"	20	"HiG"
"HiG_9"	13	"Fbln1"	271.5	"HiG"
"HiG_9"	8	"Xbp1"	276.5	"HiG"
"HiG_9"	0	"Higd1a"	400	"HiG"
"HiG_9"	70	"Foxc2"	217	"HiG"
"HiG_9"	0	"Tmem88"	400	"HiG"
"HiG_9"	0	"Marcksl1"	400	"HiG"
"HiG_9"	0	"Prtg"	400	"HiG"
"HiG_9"	474	"Ajuba"	126.5	"HiG"
"HiG_9"	0	"Ctxn1"	400	"HiG"
"HiG_9"	36	"Cd24a"	240	"HiG"
"HiG_9"	35	"Six1"	241	"HiG"
"HiG_9"	0	"Shisa2"	400	"HiG"
"HiG_9"	0	"Rbp1"	400	"HiG"
"HiG_9"	0	"Ier2"	400	"HiG"
"HiG_9"	2	"H1fx"	305.5	"HiG"
"HiG_9"	786	"Hmgn1"	84	"HiG"
"HiG_9"	15	"Mtap"	268.5	"HiG"
"HiG_9"	0	"Arxes1"	400	"HiG"
"HiG_9"	208	"Slbp"	172	"HiG"
"HiG_9"	0	"Rcor2"	400	"HiG"
"HiG_9"	1	"Mogat2"	317	"HiG"
"HiG_9"	468	"Gpc3"	132.5	"HiG"
"HiG_9"	0	"Nfil3"	400	"HiG"
"HiG_9"	389	"Plpp3"	148	"HiG"
"HiG_9"	476	"Khdrbs1"	124.5	"HiG"
"HiG_9"	2	"Wls"	305.5	"HiG"
"HiG_9"	494	"Pfn2"	118.5	"HiG"
"HiG_9"	19	"Itgb5"	260.5	"HiG"
"HiG_9"	267	"Npm3"	163	"HiG"
"HiG_9"	97	"Cthrc1"	200	"HiG"
"HiG_9"	192	"Tmem119"	176.5	"HiG"
"HiG_9"	50	"Srsf7"	228	"HiG"
"HiG_9"	559	"Ywhae"	104.5	"HiG"
"HiG_9"	0	"Ifitm2"	400	"HiG"
"HiG_9"	251	"Prdx6"	165.5	"HiG"
"HiG_9"	468	"Mfap2"	132.5	"HiG"
"HiG_9"	30	"Rrs1"	247.5	"HiG"
"HiG_9"	2619	"Ccnb1"	34	"HiG"
"HiG_9"	0	"Pgrmc1"	400	"HiG"
"HiG_9"	2	"Akr7a5"	305.5	"HiG"
"HiG_9"	0	"Lrig3"	400	"HiG"
"HiG_9"	595	"Cdh11"	97	"HiG"
"HiG_9"	2999	"Hspe1"	25	"HiG"
"HiG_9"	0	"Nectin2"	400	"HiG"
"HiG_9"	9378	"Npm1"	4	"HiG"
"HiG_9"	669	"Cks2"	93	"HiG"
"HiG_9"	478	"Tspan7"	122	"HiG"
"HiG_9"	44	"Pdia4"	231.5	"HiG"
"HiG_9"	2	"Irx1"	305.5	"HiG"
"HiG_9"	1091	"Tuba1b"	64	"HiG"
"HiG_9"	11	"Cfl2"	274	"HiG"
"HiG_9"	46	"Sox11"	230	"HiG"
"HiG_9"	0	"Nmral1"	400	"HiG"
"HiG_9"	1603	"Birc5"	48	"HiG"
"HiG_9"	0	"Dab2"	400	"HiG"
"HiG_9"	5581	"Eno1"	11	"HiG"
"HiG_9"	183	"Impdh2"	180	"HiG"
"HiG_9"	5234	"Pgk1"	12	"HiG"
"HiG_9"	1139	"Ezh2"	60	"HiG"
"HiG_9"	428	"Dut"	143	"HiG"
"HiG_9"	87	"mt-Nd4"	204.5	"HiG"
"HiG_9"	713	"mt-Cytb"	91	"HiG"
"HiG_9"	408	"Gpx3"	144	"HiG"
"HiG_9"	395	"Fgfr1"	146	"HiG"
"HiG_9"	0	"Anp32a"	400	"HiG"
"HiG_9"	57	"Hmgb1"	226	"HiG"
"HiG_9"	0	"Fxyd6"	400	"HiG"
"HiG_9"	0	"Glul"	400	"HiG"
"HiG_9"	0	"Pgm2"	400	"HiG"
"HiG_9"	912	"Lyar"	76	"HiG"
"HiG_9"	5	"Tspan6"	285.5	"HiG"
"HiG_9"	2974	"Aldoa"	26	"HiG"
"HiG_9"	68	"Nnat"	218	"HiG"
"HiG_9"	14	"Srrm2"	270	"HiG"
"HiG_9"	41	"Tcf15"	234.5	"HiG"
"HiG_9"	588	"Mat2a"	99	"HiG"
"HiG_9"	0	"Mmp14"	400	"HiG"
"HiG_9"	73	"Marcks"	214	"HiG"
"HiG_9"	1122	"Irx3"	61	"HiG"
"HiG_9"	30	"Plscr1"	247.5	"HiG"
"HiG_9"	67	"Fzd2"	219	"HiG"
"HiG_9"	362	"Cbx1"	152	"HiG"
"HiG_9"	440	"Ccnd1"	140	"HiG"
"HiG_9"	8908	"Hsp90aa1"	6	"HiG"
"HiG_9"	564	"Id1"	102	"HiG"
"HiG_9"	0	"Gm1673"	400	"HiG"
"HiG_9"	0	"Mtch1"	400	"HiG"
"HiG_9"	0	"Pigx"	400	"HiG"
"HiG_9"	3210	"Tuba1a"	21	"HiG"
"HiG_9"	174	"Gpx4"	183	"HiG"
"HiG_9"	204	"Snrpn"	173.5	"HiG"
"HiG_9"	0	"Zcchc3"	400	"HiG"
"HiG_9"	0	"Atxn7l3b"	400	"HiG"
"HiG_9"	0	"Sp5"	400	"HiG"
"HiG_9"	0	"Bmyc"	400	"HiG"
"HiG_9"	1442	"Ptn"	52	"HiG"
"HiG_9"	764	"Selenos"	86	"HiG"
"HiG_9"	180	"Car4"	181	"HiG"
"HiG_9"	467	"Nop56"	134	"HiG"
"HiG_9"	2933	"Mrto4"	27	"HiG"
"HiG_9"	1403	"Hdac1"	53	"HiG"
"HiG_9"	877	"Rbbp4"	79	"HiG"
"HiG_9"	7	"Selenoh"	280.5	"HiG"
"HiG_9"	0	"Cdca7"	400	"HiG"
"HiG_9"	0	"Col23a1"	400	"HiG"
"HiG_9"	1	"Ebf1"	317	"HiG"
"HiG_9"	32	"Rtn4"	244	"HiG"
"HiG_9"	430	"Set"	142	"HiG"
"HiG_9"	0	"Mdh1"	400	"HiG"
"HiG_9"	3096	"Rpl7a"	23	"HiG"
"HiG_9"	149	"Myl7"	189	"HiG"
"HiG_9"	0	"Anp32b"	400	"HiG"
"HiG_9"	4	"Sox4"	293	"HiG"
"HiG_9"	4	"Foxd1"	293	"HiG"
"HiG_9"	116	"Tcf3"	196	"HiG"
"HiG_9"	272	"Ifitm1"	162	"HiG"
"HiG_9"	850	"Bnip3"	80	"HiG"
"HiG_9"	982	"Fus"	70	"HiG"
"HiG_9"	4132	"H3f3b"	16	"HiG"
"HiG_9"	0	"Gjc1"	400	"HiG"
"HiG_9"	1574	"Jun"	49	"HiG"
"HiG_9"	0	"Hdgfrp3"	400	"HiG"
"HiG_9"	548	"Idh2"	107	"HiG"
"HiG_9"	18	"Lpar1"	263.5	"HiG"
"HiG_9"	0	"Msantd3"	400	"HiG"
"HiG_9"	472	"Tead2"	129.5	"HiG"
"HiG_9"	754	"Prmt1"	87	"HiG"
"HiG_9"	12	"Tpm2"	273	"HiG"
"HiG_9"	592	"Ccne1"	98	"HiG"
"HiG_9"	0	"Tnfaip1"	400	"HiG"
"HiG_9"	0	"Rab34"	400	"HiG"
"HiG_9"	23	"Eno3"	254	"HiG"
"HiG_9"	20	"Tsen34"	257.5	"HiG"
"HiG_9"	9046	"Trp53"	5	"HiG"
"HiG_9"	0	"Top1"	400	"HiG"
"HiG_9"	320	"Vcan"	157	"HiG"
"HiG_9"	1	"Nsun2"	317	"HiG"
"HiG_9"	144	"Prdx2"	193	"HiG"
"HiG_9"	1118	"H2afv"	62	"HiG"
"HiG_9"	1094	"Snx5"	63	"HiG"
"HiG_9"	771	"Smoc1"	85	"HiG"
"HiG_9"	79	"Srsf5"	209	"HiG"
"HiG_9"	0	"Tagln2"	400	"HiG"
"HiG_9"	0	"Mpzl1"	400	"HiG"
"HiG_9"	0	"Tfpi"	400	"HiG"
"HiG_9"	407	"H19"	145	"HiG"
"HiG_9"	922	"Hnrnpa3"	75	"HiG"
"HiG_9"	16	"Tmsb4x"	267	"HiG"
"HiG_9"	494	"Selenok"	118.5	"HiG"
"HiG_9"	61	"Sms"	221.5	"HiG"
"HiG_9"	0	"Foxp1"	400	"HiG"
"HiG_9"	1728	"Tpm1"	46	"HiG"
"HiG_9"	3	"Pja1"	298.5	"HiG"
"HiG_9"	172	"Tmsb10"	184	"HiG"
"HiG_9"	3	"Rcn2"	298.5	"HiG"
"HiG_9"	0	"Hmgb3"	400	"HiG"
"HiG_9"	0	"Rbmx"	400	"HiG"
"HiG_9"	712	"Fstl1"	92	"HiG"
"HiG_9"	1208	"Cald1"	59	"HiG"
"HiG_9"	0	"Sept6"	400	"HiG"
"HiG_9"	530	"Ranbp1"	108	"HiG"
"HiG_9"	0	"Mphosph8"	400	"HiG"
"HiG_9"	0	"Fam213a"	400	"HiG"
"HiG_9"	308	"Rsl1d1"	159	"HiG"
"HiG_9"	74	"Srsf11"	213	"HiG"
"HiG_9"	93	"Lmo4"	201	"HiG"
"HiG_9"	25303	"Gapdh"	1	"HiG"
"HiG_9"	812	"Igf2"	81	"HiG"
"HiG_9"	187	"Prdx1"	179	"HiG"
"HiG_9"	2530	"Ubc"	35	"HiG"
"HiG_9"	1077	"Pa2g4"	65	"HiG"
"HiG_9"	61	"Dbi"	221.5	"HiG"
"HiG_9"	727	"Mest"	90	"HiG"
"HiG_9"	958	"Nhp2"	73	"HiG"
"HiG_9"	90	"Hnrnpdl"	202	"HiG"
"HiG_9"	480	"Ramp2"	120	"HiG"
"HiG_9"	19	"Ywhaq"	260.5	"HiG"
"HiG_9"	562	"Hmga2"	103	"HiG"
"HiG_9"	53	"Cadm1"	227	"HiG"
"HiG_9"	0	"Hmgn3"	400	"HiG"
"HiG_9"	734	"H3f3a"	88	"HiG"
"HiG_9"	105	"Plod2"	198	"HiG"
"HiG_9"	472	"Slc16a3"	129.5	"HiG"
"HiG_9"	463	"Acvr2b"	135	"HiG"
"HiG_9"	522	"Mcm5"	111	"HiG"
"HiG_9"	1997	"Serpinh1"	40	"HiG"
"HiG_9"	2878	"Eif4a1"	28	"HiG"
"HiG_9"	0	"Armcx2"	400	"HiG"
"HiG_9"	0	"G3bp2"	400	"HiG"
"HiG_9"	39	"Anp32e"	237.5	"HiG"
"HiG_9"	22	"Odc1"	256	"HiG"
"HiG_9"	153	"Cdkn1c"	188	"HiG"
"HiG_9"	550	"Alx1"	106	"HiG"
"HiG_9"	0	"Tceal8"	400	"HiG"
"HiG_9"	0	"Dnaja1"	400	"HiG"
"HiG_9"	0	"Luzp1"	400	"HiG"
"HiG_9"	2663	"Tpi1"	33	"HiG"
"HiG_9"	0	"Tgif1"	400	"HiG"
"HiG_9"	0	"Rbms1"	400	"HiG"
"HiG_9"	1	"Atxn10"	317	"HiG"
"HiG_9"	8	"Phlda1"	276.5	"HiG"
"HiG_9"	4516	"Apoe"	14	"HiG"
"HiG_9"	75	"Cct4"	211	"HiG"
"HiG_9"	0	"Ebf2"	400	"HiG"
"HiG_9"	0	"Zfp428"	400	"HiG"
"HiG_9"	0	"Oaz2"	400	"HiG"
"HiG_9"	24	"Bex3"	252	"HiG"
"HiG_9"	2	"Lig1"	305.5	"HiG"
"HiG_9"	968	"H1f0"	72	"HiG"
"HiG_9"	0	"Auts2"	400	"HiG"
"HiG_9"	2699	"Gnas"	32	"HiG"
"HiG_9"	1739	"Nop58"	43	"HiG"
"HiG_9"	0	"Fam60a"	400	"HiG"
"HiG_9"	457	"Ruvbl2"	136	"HiG"
"HiG_9"	3550	"Ldha"	19	"HiG"
"HiG_9"	275	"Rps12"	161	"HiG"
"HiG_9"	1605	"Cd63"	47	"HiG"
"HiG_9"	0	"Cited2"	400	"HiG"
"HiG_9"	1038	"Gja1"	69	"HiG"
"HiG_9"	2227	"Id2"	39	"HiG"
"HiG_9"	0	"Ctsl"	400	"HiG"
"HiG_9"	350	"Gtpbp4"	154	"HiG"
"HiG_9"	4	"Gdi2"	293	"HiG"
"HiG_9"	0	"Gas1"	400	"HiG"
"HiG_9"	0	"Tbx1"	400	"HiG"
"HiG_9"	4	"Ttc3"	293	"HiG"
"HiG_9"	2841	"Fst"	29	"HiG"
"HiG_9"	511	"Colec12"	113	"HiG"
"HiG_9"	0	"Txnl1"	400	"HiG"
"HiG_9"	0	"Paip2"	400	"HiG"
"HiG_9"	75	"Fth1"	211	"HiG"
"HiG_9"	0	"6330403K07Rik"	400	"HiG"
"HiG_9"	0	"1810058I24Rik"	400	"HiG"
"HiG_10"	6	"Klf6"	353	"HiG"
"HiG_10"	41	"Ccnd2"	287.5	"HiG"
"HiG_10"	93	"Mcm7"	261.5	"HiG"
"HiG_10"	12	"Rdx"	325	"HiG"
"HiG_10"	0	"Ilf2"	493.5	"HiG"
"HiG_10"	2874	"Icam2"	30	"HiG"
"HiG_10"	44	"Lsr"	279.5	"HiG"
"HiG_10"	747	"Tubb6"	120	"HiG"
"HiG_10"	10137	"Tubb5"	10	"HiG"
"HiG_10"	0	"Pabpc1"	493.5	"HiG"
"HiG_10"	200	"Capns1"	232	"HiG"
"HiG_10"	1266	"Esam"	73.5	"HiG"
"HiG_10"	492	"Rhoc"	184	"HiG"
"HiG_10"	1061	"Tgfb1"	87	"HiG"
"HiG_10"	214	"Fkbp11"	231	"HiG"
"HiG_10"	3016	"Tpm4"	27	"HiG"
"HiG_10"	399	"Calr"	196	"HiG"
"HiG_10"	0	"Fam162a"	493.5	"HiG"
"HiG_10"	2	"Gstm5"	384	"HiG"
"HiG_10"	22	"Ppan"	303.5	"HiG"
"HiG_10"	594	"Atp6v1f"	153	"HiG"
"HiG_10"	183	"Ralb"	236	"HiG"
"HiG_10"	714	"Cnn2"	126.5	"HiG"
"HiG_10"	1002	"Grap"	94	"HiG"
"HiG_10"	0	"Pafah1b3"	493.5	"HiG"
"HiG_10"	1	"Snx6"	402	"HiG"
"HiG_10"	495	"Adh5"	182	"HiG"
"HiG_10"	3	"Reep5"	373	"HiG"
"HiG_10"	0	"Rcn1"	493.5	"HiG"
"HiG_10"	0	"Tbcb"	493.5	"HiG"
"HiG_10"	1226	"Cdc20"	76.5	"HiG"
"HiG_10"	194	"Srm"	235	"HiG"
"HiG_10"	4	"Eif1b"	365	"HiG"
"HiG_10"	0	"Ddah2"	493.5	"HiG"
"HiG_10"	1319	"Clic1"	69	"HiG"
"HiG_10"	2	"Id3"	384	"HiG"
"HiG_10"	0	"Elk3"	493.5	"HiG"
"HiG_10"	4	"Rala"	365	"HiG"
"HiG_10"	928	"Dynll1"	101	"HiG"
"HiG_10"	690	"Eng"	134	"HiG"
"HiG_10"	0	"Ifrd2"	493.5	"HiG"
"HiG_10"	0	"Gm266"	493.5	"HiG"
"HiG_10"	0	"Phlda2"	493.5	"HiG"
"HiG_10"	1488	"Pgam1"	61	"HiG"
"HiG_10"	0	"Amotl1"	493.5	"HiG"
"HiG_10"	0	"Igf2bp1"	493.5	"HiG"
"HiG_10"	181	"Pea15a"	237	"HiG"
"HiG_10"	1036	"Surf4"	91.5	"HiG"
"HiG_10"	28	"Gata2"	296.5	"HiG"
"HiG_10"	8849	"Hspa8"	12	"HiG"
"HiG_10"	22	"Plekho1"	303.5	"HiG"
"HiG_10"	4	"Rrbp1"	365	"HiG"
"HiG_10"	0	"H2afy"	493.5	"HiG"
"HiG_10"	631	"Fli1"	145	"HiG"
"HiG_10"	0	"Ctsz"	493.5	"HiG"
"HiG_10"	593	"Slc25a5"	154	"HiG"
"HiG_10"	2603	"Cd34"	34	"HiG"
"HiG_10"	0	"Psmd11"	493.5	"HiG"
"HiG_10"	43	"Igfbp4"	282.5	"HiG"
"HiG_10"	0	"Wsb1"	493.5	"HiG"
"HiG_10"	2	"Wfdc2"	384	"HiG"
"HiG_10"	0	"Ptgis"	493.5	"HiG"
"HiG_10"	1266	"Pfn1"	73.5	"HiG"
"HiG_10"	219	"Gabarap"	230	"HiG"
"HiG_10"	4179	"Sparc"	23	"HiG"
"HiG_10"	365	"Ywhah"	201	"HiG"
"HiG_10"	3	"Rab5c"	373	"HiG"
"HiG_10"	0	"Tecr"	493.5	"HiG"
"HiG_10"	77	"Fbxo5"	266	"HiG"
"HiG_10"	1	"Lrp11"	402	"HiG"
"HiG_10"	258	"Snx3"	219	"HiG"
"HiG_10"	1825	"Cdk1"	51	"HiG"
"HiG_10"	0	"Atp2b1"	493.5	"HiG"
"HiG_10"	17	"Dusp6"	312.5	"HiG"
"HiG_10"	6104	"Hsp90b1"	16	"HiG"
"HiG_10"	35	"H2afy2"	293	"HiG"
"HiG_10"	0	"Ppa1"	493.5	"HiG"
"HiG_10"	0	"Csrp2"	493.5	"HiG"
"HiG_10"	813	"Pfkl"	110	"HiG"
"HiG_10"	410	"Upp1"	193	"HiG"
"HiG_10"	0	"Bzw2"	493.5	"HiG"
"HiG_10"	550	"Laptm4a"	174	"HiG"
"HiG_10"	2464	"Rrm2"	37	"HiG"
"HiG_10"	2885	"Ddx5"	28	"HiG"
"HiG_10"	0	"Hn1"	493.5	"HiG"
"HiG_10"	0	"Galk1"	493.5	"HiG"
"HiG_10"	443	"Fam64a"	188	"HiG"
"HiG_10"	1	"Lrrc59"	402	"HiG"
"HiG_10"	0	"Zfp36l1"	493.5	"HiG"
"HiG_10"	48	"Dek"	276	"HiG"
"HiG_10"	0	"Ctla2a"	493.5	"HiG"
"HiG_10"	565	"Gadd45g"	167.5	"HiG"
"HiG_10"	0	"Sfxn1"	493.5	"HiG"
"HiG_10"	0	"Prelid1"	493.5	"HiG"
"HiG_10"	7	"Dbn1"	348	"HiG"
"HiG_10"	0	"Hapln1"	493.5	"HiG"
"HiG_10"	0	"Plk2"	493.5	"HiG"
"HiG_10"	0	"Emb"	493.5	"HiG"
"HiG_10"	305	"Arf4"	211	"HiG"
"HiG_10"	622	"Tkt"	147	"HiG"
"HiG_10"	53	"Bnip3l"	273	"HiG"
"HiG_10"	528	"Itm2b"	177	"HiG"
"HiG_10"	4	"Dnajc3"	365	"HiG"
"HiG_10"	0	"Ripk3"	493.5	"HiG"
"HiG_10"	518	"Brix1"	178	"HiG"
"HiG_10"	0	"Mtdh"	493.5	"HiG"
"HiG_10"	4	"Laptm4b"	365	"HiG"
"HiG_10"	678	"Eif3e"	135	"HiG"
"HiG_10"	0	"Litaf"	493.5	"HiG"
"HiG_10"	0	"Hes1"	493.5	"HiG"
"HiG_10"	131	"Sdf2l1"	250	"HiG"
"HiG_10"	922	"Ets2"	103	"HiG"
"HiG_10"	0	"Tmbim6"	493.5	"HiG"
"HiG_10"	415	"Krt18"	192	"HiG"
"HiG_10"	0	"Ivns1abp"	493.5	"HiG"
"HiG_10"	873	"Krt8"	106	"HiG"
"HiG_10"	845	"Creld2"	107	"HiG"
"HiG_10"	0	"Pcbp4"	493.5	"HiG"
"HiG_10"	707	"Hsp90ab1"	128.5	"HiG"
"HiG_10"	177	"Dusp1"	238	"HiG"
"HiG_10"	0	"Bambi"	493.5	"HiG"
"HiG_10"	745	"Bin1"	122	"HiG"
"HiG_10"	39	"Ppic"	291	"HiG"
"HiG_10"	0	"Lmnb1"	493.5	"HiG"
"HiG_10"	10	"Psat1"	333	"HiG"
"HiG_10"	0	"Carnmt1"	493.5	"HiG"
"HiG_10"	9	"Hhex"	337	"HiG"
"HiG_10"	136	"Hells"	247	"HiG"
"HiG_10"	0	"Arl3"	493.5	"HiG"
"HiG_10"	87	"Gsto1"	263	"HiG"
"HiG_10"	1311	"P4hb"	70	"HiG"
"HiG_10"	6	"Maged1"	353	"HiG"
"HiG_10"	566	"Hsd17b10"	166	"HiG"
"HiG_10"	261	"Maged2"	218	"HiG"
"HiG_10"	0	"Sat1"	493.5	"HiG"
"HiG_10"	592	"Prdx4"	155	"HiG"
"HiG_10"	1216	"Atp5b"	79	"HiG"
"HiG_10"	19	"Clns1a"	306.5	"HiG"
"HiG_10"	6	"Ifitm3"	353	"HiG"
"HiG_10"	1	"Tspan4"	402	"HiG"
"HiG_10"	255	"Eif4a3"	220	"HiG"
"HiG_10"	1462	"Cct8"	62	"HiG"
"HiG_10"	248	"Sox17"	224	"HiG"
"HiG_10"	245	"Hspd1"	225	"HiG"
"HiG_10"	19	"Wdr12"	306.5	"HiG"
"HiG_10"	0	"Itm2c"	493.5	"HiG"
"HiG_10"	804	"Ncl"	112	"HiG"
"HiG_10"	0	"Dars"	493.5	"HiG"
"HiG_10"	334	"Atf3"	205	"HiG"
"HiG_10"	14906	"Vim"	5	"HiG"
"HiG_10"	17986	"Hspa5"	2	"HiG"
"HiG_10"	7	"Ube2e3"	348	"HiG"
"HiG_10"	0	"Nop10"	493.5	"HiG"
"HiG_10"	957	"Eif3m"	99	"HiG"
"HiG_10"	0	"Meis2"	493.5	"HiG"
"HiG_10"	1020	"Mdk"	93	"HiG"
"HiG_10"	2180	"Pdia3"	45	"HiG"
"HiG_10"	0	"Ehd4"	493.5	"HiG"
"HiG_10"	4	"Dusp2"	365	"HiG"
"HiG_10"	11	"Cst3"	330	"HiG"
"HiG_10"	0	"Fabp5"	493.5	"HiG"
"HiG_10"	12	"Car2"	325	"HiG"
"HiG_10"	2228	"Anxa5"	43	"HiG"
"HiG_10"	986	"Ppid"	95	"HiG"
"HiG_10"	1	"Serp1"	402	"HiG"
"HiG_10"	46	"Gmps"	277.5	"HiG"
"HiG_10"	14	"Ssr3"	319.5	"HiG"
"HiG_10"	625	"Cnn3"	146	"HiG"
"HiG_10"	564	"Cyr61"	169	"HiG"
"HiG_10"	901	"Tln1"	105	"HiG"
"HiG_10"	503	"Txndc12"	181	"HiG"
"HiG_10"	4	"Tmem59"	365	"HiG"
"HiG_10"	340	"Slc2a1"	203	"HiG"
"HiG_10"	9	"Akr1a1"	337	"HiG"
"HiG_10"	2000	"Nasp"	46	"HiG"
"HiG_10"	1399	"Tal1"	64	"HiG"
"HiG_10"	8	"Ebna1bp2"	343	"HiG"
"HiG_10"	23	"Sfpq"	301.5	"HiG"
"HiG_10"	833	"Stmn1"	109	"HiG"
"HiG_10"	142	"Sh3bgrl3"	246	"HiG"
"HiG_10"	0	"Ctnnbip1"	493.5	"HiG"
"HiG_10"	12	"Rer1"	325	"HiG"
"HiG_10"	570	"Emilin1"	160	"HiG"
"HiG_10"	324	"Paics"	209	"HiG"
"HiG_10"	2	"Tpst2"	384	"HiG"
"HiG_10"	8	"Srsf9"	343	"HiG"
"HiG_10"	374	"Fscn1"	200	"HiG"
"HiG_10"	121	"Flt1"	251.5	"HiG"
"HiG_10"	121	"Gng11"	251.5	"HiG"
"HiG_10"	707	"Gnb2"	128.5	"HiG"
"HiG_10"	2	"Sec61a1"	384	"HiG"
"HiG_10"	0	"Ptms"	493.5	"HiG"
"HiG_10"	4	"Clec1b"	365	"HiG"
"HiG_10"	5	"Gabarapl1"	358	"HiG"
"HiG_10"	1	"Arhgdib"	402	"HiG"
"HiG_10"	0	"Cmas"	493.5	"HiG"
"HiG_10"	1	"Vgll4"	402	"HiG"
"HiG_10"	0	"Slc2a3"	493.5	"HiG"
"HiG_10"	1939	"Cd9"	47	"HiG"
"HiG_10"	1164	"Vasp"	82	"HiG"
"HiG_10"	7	"Yif1b"	348	"HiG"
"HiG_10"	0	"Mfge8"	493.5	"HiG"
"HiG_10"	421	"Arl6ip1"	191	"HiG"
"HiG_10"	402	"Plk1"	195	"HiG"
"HiG_10"	1	"Bccip"	402	"HiG"
"HiG_10"	0	"Plp2"	493.5	"HiG"
"HiG_10"	568	"Itm2a"	164.5	"HiG"
"HiG_10"	0	"Nono"	493.5	"HiG"
"HiG_10"	1746	"Rps4x"	54	"HiG"
"HiG_10"	2350	"Rbbp7"	40	"HiG"
"HiG_10"	16	"Dkc1"	315.5	"HiG"
"HiG_10"	1342	"Morf4l2"	68	"HiG"
"HiG_10"	14	"Prps1"	319.5	"HiG"
"HiG_10"	117	"Eif4ebp1"	254	"HiG"
"HiG_10"	0	"Col4a1"	493.5	"HiG"
"HiG_10"	0	"Rbpms"	493.5	"HiG"
"HiG_10"	120	"Slc25a4"	253	"HiG"
"HiG_10"	0	"Cotl1"	493.5	"HiG"
"HiG_10"	10676	"Cdh5"	9	"HiG"
"HiG_10"	18	"Cmtm3"	310	"HiG"
"HiG_10"	0	"Oaf"	493.5	"HiG"
"HiG_10"	1050	"Anxa2"	88	"HiG"
"HiG_10"	641	"Imp3"	143	"HiG"
"HiG_10"	700	"Crabp1"	132	"HiG"
"HiG_10"	17790	"Pkm"	3	"HiG"
"HiG_10"	135	"Tspan3"	248	"HiG"
"HiG_10"	2	"Gsta4"	384	"HiG"
"HiG_10"	9	"Ctsh"	337	"HiG"
"HiG_10"	1629	"Ppib"	59	"HiG"
"HiG_10"	0	"Ptov1"	493.5	"HiG"
"HiG_10"	2	"Plvap"	384	"HiG"
"HiG_10"	1089	"S100a10"	86	"HiG"
"HiG_10"	9	"Car14"	337	"HiG"
"HiG_10"	1	"Gcsh"	402	"HiG"
"HiG_10"	943	"Fkbp1a"	100	"HiG"
"HiG_10"	840	"Fbl"	108	"HiG"
"HiG_10"	0	"Tm6sf1"	493.5	"HiG"
"HiG_10"	1	"Ube2r2"	402	"HiG"
"HiG_10"	0	"Pclaf"	493.5	"HiG"
"HiG_10"	647	"Snx2"	142	"HiG"
"HiG_10"	2	"Prrx2"	384	"HiG"
"HiG_10"	0	"Pnrc1"	493.5	"HiG"
"HiG_10"	0	"Fam212a"	493.5	"HiG"
"HiG_10"	152	"Mif"	241	"HiG"
"HiG_10"	50	"Txndc5"	274	"HiG"
"HiG_10"	1226	"F11r"	76.5	"HiG"
"HiG_10"	2883	"Cldn5"	29	"HiG"
"HiG_10"	2	"Lpar6"	384	"HiG"
"HiG_10"	326	"Tubb4b"	206.5	"HiG"
"HiG_10"	382	"Apex1"	198	"HiG"
"HiG_10"	5032	"Hnrnpa1"	20	"HiG"
"HiG_10"	2	"Bex2"	384	"HiG"
"HiG_10"	13	"Krtcap2"	321.5	"HiG"
"HiG_10"	596	"Cmtm8"	152	"HiG"
"HiG_10"	0	"Rcsd1"	493.5	"HiG"
"HiG_10"	10800	"Cd81"	8	"HiG"
"HiG_10"	1293	"Ptma"	71	"HiG"
"HiG_10"	0	"Tsc22d1"	493.5	"HiG"
"HiG_10"	0	"Fermt2"	493.5	"HiG"
"HiG_10"	0	"Pim3"	493.5	"HiG"
"HiG_10"	0	"Limd2"	493.5	"HiG"
"HiG_10"	444	"Ndn"	186.5	"HiG"
"HiG_10"	615	"Ssr2"	149	"HiG"
"HiG_10"	0	"Lyl1"	493.5	"HiG"
"HiG_10"	1	"Igfbp2"	402	"HiG"
"HiG_10"	7	"Gnl3"	348	"HiG"
"HiG_10"	3	"Pdlim7"	373	"HiG"
"HiG_10"	0	"Tax1bp3"	493.5	"HiG"
"HiG_10"	42	"Tceal9"	285.5	"HiG"
"HiG_10"	775	"Gngt2"	117	"HiG"
"HiG_10"	298	"Atp6v0b"	212	"HiG"
"HiG_10"	0	"Dctpp1"	493.5	"HiG"
"HiG_10"	0	"Vat1"	493.5	"HiG"
"HiG_10"	0	"Degs1"	493.5	"HiG"
"HiG_10"	638	"Calm2"	144	"HiG"
"HiG_10"	582	"Ctnna1"	158	"HiG"
"HiG_10"	41	"Gpi1"	287.5	"HiG"
"HiG_10"	0	"Cnrip1"	493.5	"HiG"
"HiG_10"	0	"Ckap4"	493.5	"HiG"
"HiG_10"	8	"Peg3"	343	"HiG"
"HiG_10"	0	"Tuba1c"	493.5	"HiG"
"HiG_10"	0	"D1Ertd622e"	493.5	"HiG"
"HiG_10"	0	"Epop"	493.5	"HiG"
"HiG_10"	470	"Mapk3"	185	"HiG"
"HiG_10"	12	"Dnmt3b"	325	"HiG"
"HiG_10"	3066	"Pdia6"	26	"HiG"
"HiG_10"	86	"Klhl6"	264	"HiG"
"HiG_10"	699	"Aplnr"	133	"HiG"
"HiG_10"	0	"Sptssa"	493.5	"HiG"
"HiG_10"	49	"Basp1"	275	"HiG"
"HiG_10"	0	"Eva1b"	493.5	"HiG"
"HiG_10"	1036	"Zfp207"	91.5	"HiG"
"HiG_10"	0	"Map7d1"	493.5	"HiG"
"HiG_10"	13995	"Fn1"	6	"HiG"
"HiG_10"	444	"Fbln1"	186.5	"HiG"
"HiG_10"	654	"Xbp1"	139	"HiG"
"HiG_10"	0	"Higd1a"	493.5	"HiG"
"HiG_10"	0	"Foxc2"	493.5	"HiG"
"HiG_10"	0	"Tmem88"	493.5	"HiG"
"HiG_10"	5	"Marcksl1"	358	"HiG"
"HiG_10"	0	"Prtg"	493.5	"HiG"
"HiG_10"	11	"Lhfp"	330	"HiG"
"HiG_10"	0	"Fam43a"	493.5	"HiG"
"HiG_10"	575	"Mageh1"	159	"HiG"
"HiG_10"	0	"Bri3"	493.5	"HiG"
"HiG_10"	1209	"Gnai2"	80	"HiG"
"HiG_10"	0	"Mgat2"	493.5	"HiG"
"HiG_10"	2659	"Cd24a"	33	"HiG"
"HiG_10"	0	"Ubald2"	493.5	"HiG"
"HiG_10"	0	"Mcm3"	493.5	"HiG"
"HiG_10"	292	"Rhoj"	213	"HiG"
"HiG_10"	29	"Vamp8"	295	"HiG"
"HiG_10"	0	"Rbp1"	493.5	"HiG"
"HiG_10"	1098	"Bex1"	85	"HiG"
"HiG_10"	569	"Crlf3"	162	"HiG"
"HiG_10"	166	"Ppp1r2"	240	"HiG"
"HiG_10"	44	"Grrp1"	279.5	"HiG"
"HiG_10"	0	"Ier2"	493.5	"HiG"
"HiG_10"	569	"Lxn"	162	"HiG"
"HiG_10"	0	"H1fx"	493.5	"HiG"
"HiG_10"	2	"Cdc42ep1"	384	"HiG"
"HiG_10"	346	"Hmgn1"	202	"HiG"
"HiG_10"	43	"Mtap"	282.5	"HiG"
"HiG_10"	1	"F2r"	402	"HiG"
"HiG_10"	326	"Abi3"	206.5	"HiG"
"HiG_10"	2600	"Rasip1"	35	"HiG"
"HiG_10"	132	"Slbp"	249	"HiG"
"HiG_10"	0	"Mogat2"	493.5	"HiG"
"HiG_10"	271	"Gpc3"	215	"HiG"
"HiG_10"	311	"Junb"	210	"HiG"
"HiG_10"	58	"Klf2"	272	"HiG"
"HiG_10"	103	"Ndufa8"	259	"HiG"
"HiG_10"	27	"Hmgb2"	298	"HiG"
"HiG_10"	0	"Smagp"	493.5	"HiG"
"HiG_10"	393	"Rap1b"	197	"HiG"
"HiG_10"	442	"Khdrbs1"	189	"HiG"
"HiG_10"	565	"Map1b"	167.5	"HiG"
"HiG_10"	0	"Tmem158"	493.5	"HiG"
"HiG_10"	0	"Npm3"	493.5	"HiG"
"HiG_10"	12	"Rras2"	325	"HiG"
"HiG_10"	1	"Mdfi"	402	"HiG"
"HiG_10"	1444	"Ywhae"	63	"HiG"
"HiG_10"	0	"Ifitm2"	493.5	"HiG"
"HiG_10"	6677	"Actg1"	15	"HiG"
"HiG_10"	43	"Prdx6"	282.5	"HiG"
"HiG_10"	0	"Mfap2"	493.5	"HiG"
"HiG_10"	5	"Rrs1"	358	"HiG"
"HiG_10"	0	"Cd302"	493.5	"HiG"
"HiG_10"	569	"Nectin2"	162	"HiG"
"HiG_10"	21633	"Npm1"	1	"HiG"
"HiG_10"	59	"Prcp"	271	"HiG"
"HiG_10"	325	"Tspan7"	208	"HiG"
"HiG_10"	0	"Sypl"	493.5	"HiG"
"HiG_10"	776	"Pdia4"	116	"HiG"
"HiG_10"	250	"Arpc5"	221.5	"HiG"
"HiG_10"	0	"Cfl2"	493.5	"HiG"
"HiG_10"	2	"Phf6"	384	"HiG"
"HiG_10"	744	"Sox11"	123.5	"HiG"
"HiG_10"	0	"Sox7"	493.5	"HiG"
"HiG_10"	506	"Birc5"	180	"HiG"
"HiG_10"	0	"Ipo11"	493.5	"HiG"
"HiG_10"	0	"Dab2"	493.5	"HiG"
"HiG_10"	2357	"Eno1"	39	"HiG"
"HiG_10"	8	"Impdh2"	343	"HiG"
"HiG_10"	7168	"Pgk1"	13	"HiG"
"HiG_10"	225	"Ezh2"	229	"HiG"
"HiG_10"	2868	"mt-Atp6"	31	"HiG"
"HiG_10"	557	"mt-Co3"	172	"HiG"
"HiG_10"	150	"mt-Nd4"	242	"HiG"
"HiG_10"	3	"mt-Cytb"	373	"HiG"
"HiG_10"	5	"Gpx3"	358	"HiG"
"HiG_10"	0	"Slc31a1"	493.5	"HiG"
"HiG_10"	1886	"Crip2"	48	"HiG"
"HiG_10"	0	"Klk8"	493.5	"HiG"
"HiG_10"	9	"Anp32a"	337	"HiG"
"HiG_10"	244	"Hmgb1"	226	"HiG"
"HiG_10"	104	"Arpc1b"	258	"HiG"
"HiG_10"	0	"Fxyd6"	493.5	"HiG"
"HiG_10"	568	"Glul"	164.5	"HiG"
"HiG_10"	591	"Armcx3"	156.5	"HiG"
"HiG_10"	227	"Lyar"	228	"HiG"
"HiG_10"	274	"Tspan6"	214	"HiG"
"HiG_10"	1385	"Aldoa"	65	"HiG"
"HiG_10"	1	"Nnat"	402	"HiG"
"HiG_10"	0	"Snn"	493.5	"HiG"
"HiG_10"	961	"Lgals1"	98	"HiG"
"HiG_10"	238	"Mat2a"	227	"HiG"
"HiG_10"	39	"Mmp14"	291	"HiG"
"HiG_10"	1645	"Hnrnpa2b1"	58	"HiG"
"HiG_10"	2358	"Itgb1"	38	"HiG"
"HiG_10"	977	"Rap1a"	96	"HiG"
"HiG_10"	591	"Sh3bp5"	156.5	"HiG"
"HiG_10"	5	"Marcks"	358	"HiG"
"HiG_10"	0	"Rspo3"	493.5	"HiG"
"HiG_10"	0	"Myzap"	493.5	"HiG"
"HiG_10"	83	"Sept9"	265	"HiG"
"HiG_10"	1	"Cbx1"	402	"HiG"
"HiG_10"	2557	"Ccnd1"	36	"HiG"
"HiG_10"	0	"Mesdc1"	493.5	"HiG"
"HiG_10"	15972	"Hsp90aa1"	4	"HiG"
"HiG_10"	649	"Id1"	141	"HiG"
"HiG_10"	0	"1700027J19Rik"	493.5	"HiG"
"HiG_10"	18	"Rasgrp3"	310	"HiG"
"HiG_10"	9	"Jund"	337	"HiG"
"HiG_10"	40	"Mtch1"	289	"HiG"
"HiG_10"	0	"Pigx"	493.5	"HiG"
"HiG_10"	1566	"Tuba1a"	60	"HiG"
"HiG_10"	0	"Csrp1"	493.5	"HiG"
"HiG_10"	1694	"Ecscr"	56	"HiG"
"HiG_10"	5830	"Actb"	18	"HiG"
"HiG_10"	0	"Hoxb2"	493.5	"HiG"
"HiG_10"	19	"Vamp5"	306.5	"HiG"
"HiG_10"	1824	"Ptn"	52	"HiG"
"HiG_10"	42	"Selenos"	285.5	"HiG"
"HiG_10"	18	"Nop56"	310	"HiG"
"HiG_10"	812	"B2m"	111	"HiG"
"HiG_10"	529	"Mrto4"	176	"HiG"
"HiG_10"	656	"Hdac1"	138	"HiG"
"HiG_10"	764	"Rbbp4"	118	"HiG"
"HiG_10"	16	"Selenoh"	315.5	"HiG"
"HiG_10"	1	"Cdca7"	402	"HiG"
"HiG_10"	2	"Cd47"	384	"HiG"
"HiG_10"	197	"Ebf1"	234	"HiG"
"HiG_10"	661	"Gap43"	137	"HiG"
"HiG_10"	514	"Rtn4"	179	"HiG"
"HiG_10"	1287	"Set"	72	"HiG"
"HiG_10"	143	"Mdh1"	244.5	"HiG"
"HiG_10"	614	"Rpl7a"	150	"HiG"
"HiG_10"	17	"Myl7"	312.5	"HiG"
"HiG_10"	0	"Anp32b"	493.5	"HiG"
"HiG_10"	266	"Sox4"	217	"HiG"
"HiG_10"	0	"Col18a1"	493.5	"HiG"
"HiG_10"	0	"Rps6ka1"	493.5	"HiG"
"HiG_10"	746	"Ifitm1"	121	"HiG"
"HiG_10"	2285	"Bnip3"	42	"HiG"
"HiG_10"	2328	"H3f3b"	41	"HiG"
"HiG_10"	3288	"Jun"	25	"HiG"
"HiG_10"	0	"BC028528"	493.5	"HiG"
"HiG_10"	0	"Dusp3"	493.5	"HiG"
"HiG_10"	1176	"Idh2"	81	"HiG"
"HiG_10"	560	"Tead2"	170.5	"HiG"
"HiG_10"	0	"Tomm5"	493.5	"HiG"
"HiG_10"	16	"Clta"	315.5	"HiG"
"HiG_10"	270	"Etv2"	216	"HiG"
"HiG_10"	0	"Tnfaip1"	493.5	"HiG"
"HiG_10"	609	"Myo1c"	151	"HiG"
"HiG_10"	0	"Tsen34"	493.5	"HiG"
"HiG_10"	13288	"Trp53"	7	"HiG"
"HiG_10"	0	"Arhgef15"	493.5	"HiG"
"HiG_10"	7	"Pmp22"	348	"HiG"
"HiG_10"	0	"Top1"	493.5	"HiG"
"HiG_10"	0	"Nsun2"	493.5	"HiG"
"HiG_10"	705	"H2afv"	131	"HiG"
"HiG_10"	15	"Tmed9"	318	"HiG"
"HiG_10"	143	"Snx5"	244.5	"HiG"
"HiG_10"	0	"Homer3"	493.5	"HiG"
"HiG_10"	376	"Kdelr2"	199	"HiG"
"HiG_10"	1711	"Lmo2"	55	"HiG"
"HiG_10"	2	"Tagln2"	384	"HiG"
"HiG_10"	26	"Tspan18"	299	"HiG"
"HiG_10"	440	"Trp53i11"	190	"HiG"
"HiG_10"	336	"Ran"	204	"HiG"
"HiG_10"	0	"Creg1"	493.5	"HiG"
"HiG_10"	0	"Mpzl1"	493.5	"HiG"
"HiG_10"	176	"Tfpi"	239	"HiG"
"HiG_10"	1043	"H19"	90	"HiG"
"HiG_10"	706	"Tmsb4x"	130	"HiG"
"HiG_10"	23	"Selenok"	301.5	"HiG"
"HiG_10"	1	"Sms"	402	"HiG"
"HiG_10"	25	"Armcx1"	300	"HiG"
"HiG_10"	148	"Rasgrp2"	243	"HiG"
"HiG_10"	1049	"Kdr"	89	"HiG"
"HiG_10"	13	"Tpm1"	321.5	"HiG"
"HiG_10"	3	"Arpc2"	373	"HiG"
"HiG_10"	11	"Tmsb10"	330	"HiG"
"HiG_10"	9	"Klf7"	337	"HiG"
"HiG_10"	0	"Nrp2"	493.5	"HiG"
"HiG_10"	0	"Crmp1"	493.5	"HiG"
"HiG_10"	0	"Rcn2"	493.5	"HiG"
"HiG_10"	1	"Hmgb3"	402	"HiG"
"HiG_10"	75	"Fstl1"	267	"HiG"
"HiG_10"	560	"Cald1"	170.5	"HiG"
"HiG_10"	494	"Ranbp1"	183	"HiG"
"HiG_10"	5922	"Hnrnpk"	17	"HiG"
"HiG_10"	39	"Bex4"	291	"HiG"
"HiG_10"	0	"Fam213a"	493.5	"HiG"
"HiG_10"	0	"Tbrg1"	493.5	"HiG"
"HiG_10"	4	"Emcn"	365	"HiG"
"HiG_10"	250	"Msn"	221.5	"HiG"
"HiG_10"	0	"Orai1"	493.5	"HiG"
"HiG_10"	1347	"Afap1l1"	67	"HiG"
"HiG_10"	1841	"Rsl1d1"	50	"HiG"
"HiG_10"	6	"Srsf11"	353	"HiG"
"HiG_10"	2737	"Igf2"	32	"HiG"
"HiG_10"	0	"Prdx1"	493.5	"HiG"
"HiG_10"	556	"Ubc"	173	"HiG"
"HiG_10"	1149	"Pa2g4"	83	"HiG"
"HiG_10"	652	"Lcp1"	140	"HiG"
"HiG_10"	1142	"Srsf3"	84	"HiG"
"HiG_10"	46	"Sft2d1"	277.5	"HiG"
"HiG_10"	1219	"Mest"	78	"HiG"
"HiG_10"	8	"Afdn"	343	"HiG"
"HiG_10"	16	"Srsf6"	315.5	"HiG"
"HiG_10"	780	"Nhp2"	115	"HiG"
"HiG_10"	2218	"Ramp2"	44	"HiG"
"HiG_10"	669	"Ywhaq"	136	"HiG"
"HiG_10"	621	"Hmga2"	148	"HiG"
"HiG_10"	0	"Cadm1"	493.5	"HiG"
"HiG_10"	2	"Hmgn3"	384	"HiG"
"HiG_10"	249	"Selenop"	223	"HiG"
"HiG_10"	757	"H3f3a"	119	"HiG"
"HiG_10"	0	"Cycs"	493.5	"HiG"
"HiG_10"	802	"Manf"	113	"HiG"
"HiG_10"	109	"Tra2b"	257	"HiG"
"HiG_10"	101	"Gng2"	260	"HiG"
"HiG_10"	406	"Slc16a3"	194	"HiG"
"HiG_10"	60	"Ccnd3"	270	"HiG"
"HiG_10"	714	"Serpinh1"	126.5	"HiG"
"HiG_10"	0	"Dnajb11"	493.5	"HiG"
"HiG_10"	6947	"Eif4a1"	14	"HiG"
"HiG_10"	30	"Armcx2"	294	"HiG"
"HiG_10"	0	"Nolc1"	493.5	"HiG"
"HiG_10"	19	"Ost4"	306.5	"HiG"
"HiG_10"	0	"G3bp2"	493.5	"HiG"
"HiG_10"	11	"Anp32e"	330	"HiG"
"HiG_10"	0	"Ppp1r15a"	493.5	"HiG"
"HiG_10"	972	"Odc1"	97	"HiG"
"HiG_10"	717	"Myl6"	125	"HiG"
"HiG_10"	43	"Cdkn1c"	282.5	"HiG"
"HiG_10"	10068	"Rab11a"	11	"HiG"
"HiG_10"	784	"Tceal8"	114	"HiG"
"HiG_10"	1	"Dnaja1"	402	"HiG"
"HiG_10"	93	"Gnb1"	261.5	"HiG"
"HiG_10"	11	"Slc3a2"	330	"HiG"
"HiG_10"	6	"Ssb"	353	"HiG"
"HiG_10"	0	"Ralgps2"	493.5	"HiG"
"HiG_10"	0	"Luzp1"	493.5	"HiG"
"HiG_10"	4523	"Tpi1"	21	"HiG"
"HiG_10"	0	"Rbms1"	493.5	"HiG"
"HiG_10"	0	"Slc29a1"	493.5	"HiG"
"HiG_10"	3	"Ptp4a3"	373	"HiG"
"HiG_10"	0	"Atxn10"	493.5	"HiG"
"HiG_10"	0	"Phlda1"	493.5	"HiG"
"HiG_10"	5534	"Apoe"	19	"HiG"
"HiG_10"	0	"Ddx39b"	493.5	"HiG"
"HiG_10"	923	"Cct4"	102	"HiG"
"HiG_10"	0	"Rbm38"	493.5	"HiG"
"HiG_10"	0	"Asap1"	493.5	"HiG"
"HiG_10"	3	"Oaz2"	373	"HiG"
"HiG_10"	1351	"Bex3"	66	"HiG"
"HiG_10"	61	"H1f0"	269	"HiG"
"HiG_10"	198	"Gnas"	233	"HiG"
"HiG_10"	4283	"Nop58"	22	"HiG"
"HiG_10"	28	"Ppp1r18"	296.5	"HiG"
"HiG_10"	0	"Fdps"	493.5	"HiG"
"HiG_10"	1	"Sh3glb1"	402	"HiG"
"HiG_10"	0	"Ruvbl2"	493.5	"HiG"
"HiG_10"	3411	"Ldha"	24	"HiG"
"HiG_10"	1806	"Rps12"	53	"HiG"
"HiG_10"	64	"Gja1"	268	"HiG"
"HiG_10"	110	"Id2"	256	"HiG"
"HiG_10"	0	"Ctsl"	493.5	"HiG"
"HiG_10"	112	"Exoc3l4"	255	"HiG"
"HiG_10"	906	"Gtpbp4"	104	"HiG"
"HiG_10"	744	"Gdi2"	123.5	"HiG"
"HiG_10"	0	"Pcgf5"	493.5	"HiG"
"HiG_10"	0	"Ttc3"	493.5	"HiG"
"HiG_10"	0	"Colec12"	493.5	"HiG"
"HiG_10"	1	"Txnl1"	402	"HiG"
"HiG_10"	542	"Paip2"	175	"HiG"
"HiG_10"	1249	"Fth1"	75	"HiG"
"HiG_10"	1864	"Calm1"	49	"HiG"
"HiG_10"	0	"1810058I24Rik"	493.5	"HiG"
"HiG_10"	1650	"Egfl7"	57	"HiG"
"HiG_12"	445	"Hoxb9"	118.5	"HiG"
"HiG_12"	344	"Klf6"	146	"HiG"
"HiG_12"	219	"Ccnd2"	166	"HiG"
"HiG_12"	0	"Tpd52l1"	380	"HiG"
"HiG_12"	0	"Plin2"	380	"HiG"
"HiG_12"	754	"Mcm7"	82	"HiG"
"HiG_12"	1207	"Ilf2"	54	"HiG"
"HiG_12"	108	"Uhrf1"	198	"HiG"
"HiG_12"	0	"Lsr"	380	"HiG"
"HiG_12"	42	"Tubb6"	225.5	"HiG"
"HiG_12"	6655	"Tubb5"	10	"HiG"
"HiG_12"	27	"Hoxc8"	238	"HiG"
"HiG_12"	327	"Hoxc9"	150	"HiG"
"HiG_12"	0	"Ddt"	380	"HiG"
"HiG_12"	0	"Eef1e1"	380	"HiG"
"HiG_12"	0	"Rhoc"	380	"HiG"
"HiG_12"	0	"Meis3"	380	"HiG"
"HiG_12"	101	"Tpm4"	199	"HiG"
"HiG_12"	0	"Fam162a"	380	"HiG"
"HiG_12"	300	"Ppan"	155	"HiG"
"HiG_12"	446	"Atp6v1f"	117	"HiG"
"HiG_12"	1450	"Cnn2"	46	"HiG"
"HiG_12"	0	"Hdgf"	380	"HiG"
"HiG_12"	2	"Pafah1b3"	298.5	"HiG"
"HiG_12"	516	"Trim28"	103	"HiG"
"HiG_12"	0	"Snx6"	380	"HiG"
"HiG_12"	200	"Adh5"	169	"HiG"
"HiG_12"	683	"Tbcb"	90	"HiG"
"HiG_12"	585	"Cdc20"	96	"HiG"
"HiG_12"	771	"Srm"	79.5	"HiG"
"HiG_12"	164	"Clic1"	180	"HiG"
"HiG_12"	0	"Id3"	380	"HiG"
"HiG_12"	0	"Rala"	380	"HiG"
"HiG_12"	218	"Wdr77"	167	"HiG"
"HiG_12"	706	"Phlda2"	86.5	"HiG"
"HiG_12"	0	"Igf2bp1"	380	"HiG"
"HiG_12"	950	"Cacybp"	68	"HiG"
"HiG_12"	12726	"Hspa8"	3	"HiG"
"HiG_12"	0	"H2afy"	380	"HiG"
"HiG_12"	2027	"Slc25a5"	36	"HiG"
"HiG_12"	0	"Ppdpf"	380	"HiG"
"HiG_12"	0	"Igfbp4"	380	"HiG"
"HiG_12"	0	"Wsb1"	380	"HiG"
"HiG_12"	93	"Wfdc2"	202.5	"HiG"
"HiG_12"	146	"Sparc"	188	"HiG"
"HiG_12"	434	"Pdlim4"	128.5	"HiG"
"HiG_12"	335	"P4ha2"	148	"HiG"
"HiG_12"	0	"Dusp9"	380	"HiG"
"HiG_12"	0	"Fbxo5"	380	"HiG"
"HiG_12"	0	"Abracl"	380	"HiG"
"HiG_12"	2	"Asf1a"	298.5	"HiG"
"HiG_12"	493	"Hsp90b1"	108	"HiG"
"HiG_12"	0	"Hnrnph3"	380	"HiG"
"HiG_12"	3	"H2afy2"	289	"HiG"
"HiG_12"	0	"Ppa1"	380	"HiG"
"HiG_12"	35	"Csrp2"	232.5	"HiG"
"HiG_12"	0	"Bzw2"	380	"HiG"
"HiG_12"	1	"Laptm4a"	306.5	"HiG"
"HiG_12"	2	"Sdc1"	298.5	"HiG"
"HiG_12"	3914	"Rrm2"	17	"HiG"
"HiG_12"	6731	"Ddx5"	9	"HiG"
"HiG_12"	43	"Slc9a3r1"	224	"HiG"
"HiG_12"	13	"Luc7l3"	258	"HiG"
"HiG_12"	0	"Dcakd"	380	"HiG"
"HiG_12"	20	"Polr2h"	247.5	"HiG"
"HiG_12"	1	"Zfp36l1"	306.5	"HiG"
"HiG_12"	3	"Siva1"	289	"HiG"
"HiG_12"	7	"Dek"	273.5	"HiG"
"HiG_12"	227	"Ptch1"	164	"HiG"
"HiG_12"	49	"Msx2"	219.5	"HiG"
"HiG_12"	1	"Sfxn1"	306.5	"HiG"
"HiG_12"	0	"Dbn1"	380	"HiG"
"HiG_12"	9	"Pitx1"	266.5	"HiG"
"HiG_12"	0	"Emb"	380	"HiG"
"HiG_12"	17	"Gpx8"	251.5	"HiG"
"HiG_12"	0	"Arf4"	380	"HiG"
"HiG_12"	4	"Tkt"	284	"HiG"
"HiG_12"	3	"Bnip3l"	289	"HiG"
"HiG_12"	35	"Acin1"	232.5	"HiG"
"HiG_12"	31	"Brix1"	236	"HiG"
"HiG_12"	40	"Laptm4b"	228	"HiG"
"HiG_12"	2311	"Eif3e"	33	"HiG"
"HiG_12"	458	"Slc38a4"	110	"HiG"
"HiG_12"	24	"Hes1"	244	"HiG"
"HiG_12"	441	"Sdf2l1"	125.5	"HiG"
"HiG_12"	20	"Tmbim6"	247.5	"HiG"
"HiG_12"	2599	"Krt18"	27	"HiG"
"HiG_12"	4708	"Krt8"	11	"HiG"
"HiG_12"	84	"Pcbp4"	208.5	"HiG"
"HiG_12"	9621	"Hsp90ab1"	4	"HiG"
"HiG_12"	2	"Bambi"	298.5	"HiG"
"HiG_12"	405	"Ppic"	136	"HiG"
"HiG_12"	0	"Cdx1"	380	"HiG"
"HiG_12"	129	"Carnmt1"	192.5	"HiG"
"HiG_12"	3	"Sssca1"	289	"HiG"
"HiG_12"	0	"Hells"	380	"HiG"
"HiG_12"	0	"Arl3"	380	"HiG"
"HiG_12"	10	"Gsto1"	263.5	"HiG"
"HiG_12"	25	"Maged1"	241	"HiG"
"HiG_12"	552	"Prdx4"	101	"HiG"
"HiG_12"	371	"Rps26"	141	"HiG"
"HiG_12"	4436	"Atp5b"	12	"HiG"
"HiG_12"	20	"Clns1a"	247.5	"HiG"
"HiG_12"	0	"Tspan4"	380	"HiG"
"HiG_12"	1573	"Eif4a3"	43	"HiG"
"HiG_12"	0	"Podxl"	380	"HiG"
"HiG_12"	1265	"Cct8"	52	"HiG"
"HiG_12"	188	"Hprt"	172	"HiG"
"HiG_12"	125	"Nrp1"	194	"HiG"
"HiG_12"	4377	"Hspd1"	13	"HiG"
"HiG_12"	13	"Wdr12"	258	"HiG"
"HiG_12"	179	"Cfc1"	176	"HiG"
"HiG_12"	0	"Itm2c"	380	"HiG"
"HiG_12"	3775	"Ncl"	18	"HiG"
"HiG_12"	0	"Dars"	380	"HiG"
"HiG_12"	2764	"Vim"	25	"HiG"
"HiG_12"	8414	"Hspa5"	7	"HiG"
"HiG_12"	0	"Ube2e3"	380	"HiG"
"HiG_12"	260	"Hat1"	160	"HiG"
"HiG_12"	85	"Mtx2"	206.5	"HiG"
"HiG_12"	426	"Ola1"	131	"HiG"
"HiG_12"	0	"Nop10"	380	"HiG"
"HiG_12"	17	"Eif3m"	251.5	"HiG"
"HiG_12"	28	"Meis2"	237	"HiG"
"HiG_12"	2395	"Mdk"	31	"HiG"
"HiG_12"	177	"Pdia3"	177	"HiG"
"HiG_12"	858	"Pcna"	73	"HiG"
"HiG_12"	87	"Cst3"	205	"HiG"
"HiG_12"	0	"Fabp5"	380	"HiG"
"HiG_12"	859	"Sall4"	72	"HiG"
"HiG_12"	595	"Ppid"	95	"HiG"
"HiG_12"	155	"Gmps"	183	"HiG"
"HiG_12"	1341	"Lef1"	48	"HiG"
"HiG_12"	296	"Cnn3"	156	"HiG"
"HiG_12"	863	"Cyr61"	71	"HiG"
"HiG_12"	0	"Ndufaf4"	380	"HiG"
"HiG_12"	20	"Psip1"	247.5	"HiG"
"HiG_12"	0	"Txndc12"	380	"HiG"
"HiG_12"	0	"Lrrc42"	380	"HiG"
"HiG_12"	96	"Slc2a1"	200.5	"HiG"
"HiG_12"	2342	"Nasp"	32	"HiG"
"HiG_12"	148	"Ebna1bp2"	187	"HiG"
"HiG_12"	0	"Sfpq"	380	"HiG"
"HiG_12"	129	"Stmn1"	192.5	"HiG"
"HiG_12"	0	"Sh3bgrl3"	380	"HiG"
"HiG_12"	443	"Ctnnbip1"	124	"HiG"
"HiG_12"	0	"Lrpap1"	380	"HiG"
"HiG_12"	447	"Ppm1g"	116	"HiG"
"HiG_12"	0	"Ugdh"	380	"HiG"
"HiG_12"	11	"Paics"	260.5	"HiG"
"HiG_12"	223	"Aldh2"	165	"HiG"
"HiG_12"	96	"Srsf9"	200.5	"HiG"
"HiG_12"	0	"Fscn1"	380	"HiG"
"HiG_12"	0	"Ung"	380	"HiG"
"HiG_12"	4111	"Cdx2"	14	"HiG"
"HiG_12"	3	"Evx1"	289	"HiG"
"HiG_12"	0	"Tra2a"	380	"HiG"
"HiG_12"	0	"Ptms"	380	"HiG"
"HiG_12"	2	"Ldhb"	298.5	"HiG"
"HiG_12"	10	"Bcat1"	263.5	"HiG"
"HiG_12"	0	"Vgll4"	380	"HiG"
"HiG_12"	2	"Slc2a3"	298.5	"HiG"
"HiG_12"	0	"Fkbp4"	380	"HiG"
"HiG_12"	326	"Arl6ip1"	151	"HiG"
"HiG_12"	0	"Mettl9"	380	"HiG"
"HiG_12"	0	"Bccip"	380	"HiG"
"HiG_12"	0	"Plp2"	380	"HiG"
"HiG_12"	58	"Nono"	217	"HiG"
"HiG_12"	280	"Cdx4"	157	"HiG"
"HiG_12"	3342	"Rbbp7"	20	"HiG"
"HiG_12"	85	"Dkc1"	206.5	"HiG"
"HiG_12"	664	"Morf4l2"	92	"HiG"
"HiG_12"	0	"Eif4ebp1"	380	"HiG"
"HiG_12"	0	"Rbpms"	380	"HiG"
"HiG_12"	0	"Sap30"	380	"HiG"
"HiG_12"	170	"Slc25a4"	178	"HiG"
"HiG_12"	0	"Nkd1"	380	"HiG"
"HiG_12"	0	"Orc6"	380	"HiG"
"HiG_12"	0	"Mmp2"	380	"HiG"
"HiG_12"	0	"Gins2"	380	"HiG"
"HiG_12"	350	"Psmb10"	145	"HiG"
"HiG_12"	6	"Jam3"	277	"HiG"
"HiG_12"	0	"Oaf"	380	"HiG"
"HiG_12"	0	"Mns1"	380	"HiG"
"HiG_12"	0	"Imp3"	380	"HiG"
"HiG_12"	25	"Crabp1"	241	"HiG"
"HiG_12"	896	"Tspan3"	70	"HiG"
"HiG_12"	48	"Gsta4"	221.5	"HiG"
"HiG_12"	0	"Cmtm7"	380	"HiG"
"HiG_12"	0	"Ptov1"	380	"HiG"
"HiG_12"	9	"Ppp1r14a"	266.5	"HiG"
"HiG_12"	1275	"H2afz"	51	"HiG"
"HiG_12"	565	"S100a10"	100	"HiG"
"HiG_12"	0	"Car14"	380	"HiG"
"HiG_12"	0	"Gcsh"	380	"HiG"
"HiG_12"	830	"Fbl"	76	"HiG"
"HiG_12"	0	"Rangrf"	380	"HiG"
"HiG_12"	47	"Ube2r2"	223	"HiG"
"HiG_12"	11	"Pclaf"	260.5	"HiG"
"HiG_12"	169	"Serbp1"	179	"HiG"
"HiG_12"	0	"Timm8b"	380	"HiG"
"HiG_12"	5	"Rfc3"	281.5	"HiG"
"HiG_12"	0	"Tln2"	380	"HiG"
"HiG_12"	1220	"Twist1"	53	"HiG"
"HiG_12"	3	"Prrx2"	289	"HiG"
"HiG_12"	0	"2810474O19Rik"	380	"HiG"
"HiG_12"	243	"Chchd4"	161	"HiG"
"HiG_12"	811	"Tubb4b"	77	"HiG"
"HiG_12"	15	"Myl12b"	254.5	"HiG"
"HiG_12"	3	"Apex1"	289	"HiG"
"HiG_12"	2068	"Hnrnpa1"	35	"HiG"
"HiG_12"	51	"Ddx21"	218	"HiG"
"HiG_12"	26	"Hoxd1"	239	"HiG"
"HiG_12"	0	"Bex2"	380	"HiG"
"HiG_12"	0	"Dok4"	380	"HiG"
"HiG_12"	0	"Ptk7"	380	"HiG"
"HiG_12"	0	"Cd81"	380	"HiG"
"HiG_12"	852	"Ptma"	74	"HiG"
"HiG_12"	1046	"Mrpl12"	60	"HiG"
"HiG_12"	0	"Cdv3"	380	"HiG"
"HiG_12"	0	"Tsc22d1"	380	"HiG"
"HiG_12"	0	"Fermt2"	380	"HiG"
"HiG_12"	2	"Hand2"	298.5	"HiG"
"HiG_12"	0	"Limd2"	380	"HiG"
"HiG_12"	332	"Ndn"	149	"HiG"
"HiG_12"	3	"Mycn"	289	"HiG"
"HiG_12"	189	"Igfbp2"	171	"HiG"
"HiG_12"	3988	"Hoxa9"	16	"HiG"
"HiG_12"	832	"Hand1"	75	"HiG"
"HiG_12"	420	"Gnl3"	132	"HiG"
"HiG_12"	278	"Pitx2"	158	"HiG"
"HiG_12"	0	"Tax1bp3"	380	"HiG"
"HiG_12"	486	"Tceal9"	109	"HiG"
"HiG_12"	0	"Adk"	380	"HiG"
"HiG_12"	506	"Dctpp1"	104	"HiG"
"HiG_12"	0	"Hoxa7"	380	"HiG"
"HiG_12"	380	"Rarg"	140	"HiG"
"HiG_12"	574	"Calm2"	97.5	"HiG"
"HiG_12"	8	"Timm8a1"	270	"HiG"
"HiG_12"	0	"Ckap4"	380	"HiG"
"HiG_12"	34	"Lin28a"	234.5	"HiG"
"HiG_12"	2121	"Snai1"	34	"HiG"
"HiG_12"	42	"Peg3"	225.5	"HiG"
"HiG_12"	5	"Col9a1"	281.5	"HiG"
"HiG_12"	1137	"Mapk3"	57	"HiG"
"HiG_12"	36	"Hoxb8"	231	"HiG"
"HiG_12"	1068	"Pdia6"	59	"HiG"
"HiG_12"	0	"Sptssa"	380	"HiG"
"HiG_12"	457	"Basp1"	111.5	"HiG"
"HiG_12"	0	"Eva1b"	380	"HiG"
"HiG_12"	2762	"Fn1"	26	"HiG"
"HiG_12"	0	"Fbln1"	380	"HiG"
"HiG_12"	534	"Xbp1"	102	"HiG"
"HiG_12"	1	"Tmem88"	306.5	"HiG"
"HiG_12"	0	"Marcksl1"	380	"HiG"
"HiG_12"	0	"Prtg"	380	"HiG"
"HiG_12"	0	"Bri3"	380	"HiG"
"HiG_12"	6	"Rbpms2"	277	"HiG"
"HiG_12"	8497	"Cd24a"	6	"HiG"
"HiG_12"	0	"Ccnjl"	380	"HiG"
"HiG_12"	616	"Msx1"	94	"HiG"
"HiG_12"	204	"Hoxd9"	168	"HiG"
"HiG_12"	396	"Smtnl2"	138	"HiG"
"HiG_12"	0	"Spin2c"	380	"HiG"
"HiG_12"	0	"Rbp1"	380	"HiG"
"HiG_12"	3202	"Bex1"	22	"HiG"
"HiG_12"	0	"Ier2"	380	"HiG"
"HiG_12"	0	"H1fx"	380	"HiG"
"HiG_12"	1140	"Hmgn1"	56	"HiG"
"HiG_12"	79	"Mtap"	211	"HiG"
"HiG_12"	0	"Arxes1"	380	"HiG"
"HiG_12"	24	"Slbp"	244	"HiG"
"HiG_12"	390	"Dlk1"	139	"HiG"
"HiG_12"	0	"Mogat2"	380	"HiG"
"HiG_12"	8	"Gpc3"	270	"HiG"
"HiG_12"	641	"Wnt5a"	93	"HiG"
"HiG_12"	437	"Hmgb2"	127	"HiG"
"HiG_12"	457	"Wls"	111.5	"HiG"
"HiG_12"	0	"Tmem158"	380	"HiG"
"HiG_12"	34	"Itgb5"	234.5	"HiG"
"HiG_12"	353	"Npm3"	144	"HiG"
"HiG_12"	444	"Rras2"	121.5	"HiG"
"HiG_12"	93	"Ywhae"	202.5	"HiG"
"HiG_12"	14	"Ifitm2"	256	"HiG"
"HiG_12"	193	"Prdx6"	170	"HiG"
"HiG_12"	3	"Rrs1"	289	"HiG"
"HiG_12"	960	"Ccnb1"	66	"HiG"
"HiG_12"	2	"Polg"	298.5	"HiG"
"HiG_12"	768	"Bmp4"	81	"HiG"
"HiG_12"	0	"Hspe1"	380	"HiG"
"HiG_12"	0	"Nectin2"	380	"HiG"
"HiG_12"	14402	"Npm1"	1	"HiG"
"HiG_12"	0	"Pdia4"	380	"HiG"
"HiG_12"	0	"Rsrp1"	380	"HiG"
"HiG_12"	40	"Cfl2"	228	"HiG"
"HiG_12"	0	"C1qbp"	380	"HiG"
"HiG_12"	0	"Sox11"	380	"HiG"
"HiG_12"	154	"Birc5"	184	"HiG"
"HiG_12"	3232	"Eno1"	21	"HiG"
"HiG_12"	235	"Impdh2"	162	"HiG"
"HiG_12"	1043	"Ezh2"	61	"HiG"
"HiG_12"	0	"Rps6ka6"	380	"HiG"
"HiG_12"	160	"Dut"	181	"HiG"
"HiG_12"	3106	"mt-Nd1"	23	"HiG"
"HiG_12"	10	"mt-Nd2"	263.5	"HiG"
"HiG_12"	0	"mt-Co1"	380	"HiG"
"HiG_12"	706	"mt-Co2"	86.5	"HiG"
"HiG_12"	1319	"mt-Atp6"	50	"HiG"
"HiG_12"	416	"mt-Co3"	133	"HiG"
"HiG_12"	981	"mt-Nd4"	64	"HiG"
"HiG_12"	6	"mt-Cytb"	277	"HiG"
"HiG_12"	40	"Gpx3"	228	"HiG"
"HiG_12"	153	"Oat"	185.5	"HiG"
"HiG_12"	570	"Crip2"	99	"HiG"
"HiG_12"	505	"Anp32a"	105.5	"HiG"
"HiG_12"	339	"Hmgb1"	147	"HiG"
"HiG_12"	0	"Fxyd6"	380	"HiG"
"HiG_12"	24	"Lyar"	244	"HiG"
"HiG_12"	0	"Tspan6"	380	"HiG"
"HiG_12"	0	"Srrm2"	380	"HiG"
"HiG_12"	7	"Lgals1"	273.5	"HiG"
"HiG_12"	120	"Mat2a"	196	"HiG"
"HiG_12"	0	"Prdm6"	380	"HiG"
"HiG_12"	118	"Marcks"	197	"HiG"
"HiG_12"	0	"Grb10"	380	"HiG"
"HiG_12"	0	"Sept9"	380	"HiG"
"HiG_12"	25	"Cbx1"	241	"HiG"
"HiG_12"	2578	"Ccnd1"	28	"HiG"
"HiG_12"	8880	"Hsp90aa1"	5	"HiG"
"HiG_12"	309	"Id1"	153	"HiG"
"HiG_12"	0	"Selenom"	380	"HiG"
"HiG_12"	444	"Mtch1"	121.5	"HiG"
"HiG_12"	0	"Pigx"	380	"HiG"
"HiG_12"	4093	"Tuba1a"	15	"HiG"
"HiG_12"	59	"Csrp1"	216	"HiG"
"HiG_12"	1889	"Snrpn"	38	"HiG"
"HiG_12"	5	"Hoxb2"	281.5	"HiG"
"HiG_12"	156	"Cited1"	182	"HiG"
"HiG_12"	6	"Selenos"	277	"HiG"
"HiG_12"	82	"Car4"	210	"HiG"
"HiG_12"	66	"Nop56"	215	"HiG"
"HiG_12"	665	"Mrto4"	91	"HiG"
"HiG_12"	1555	"Hdac1"	44	"HiG"
"HiG_12"	989	"Rbbp4"	63	"HiG"
"HiG_12"	2	"Selenoh"	298.5	"HiG"
"HiG_12"	445	"Cdca7"	118.5	"HiG"
"HiG_12"	72	"Rtn4"	213	"HiG"
"HiG_12"	927	"Set"	69	"HiG"
"HiG_12"	441	"Rpl7a"	125.5	"HiG"
"HiG_12"	411	"Anp32b"	134	"HiG"
"HiG_12"	434	"Sox4"	128.5	"HiG"
"HiG_12"	0	"Akr1b3"	380	"HiG"
"HiG_12"	67	"Tcf3"	214	"HiG"
"HiG_12"	407	"Ifitm1"	135	"HiG"
"HiG_12"	145	"Fus"	189	"HiG"
"HiG_12"	123	"Ypel3"	195	"HiG"
"HiG_12"	1618	"H3f3b"	41.5	"HiG"
"HiG_12"	0	"Gjc1"	380	"HiG"
"HiG_12"	0	"Tead2"	380	"HiG"
"HiG_12"	13	"Tomm5"	258	"HiG"
"HiG_12"	365	"Prmt1"	142	"HiG"
"HiG_12"	771	"Ccne1"	79.5	"HiG"
"HiG_12"	0	"Tnfaip1"	380	"HiG"
"HiG_12"	0	"Rab34"	380	"HiG"
"HiG_12"	0	"Tsen34"	380	"HiG"
"HiG_12"	14286	"Trp53"	2	"HiG"
"HiG_12"	186	"Pmp22"	173.5	"HiG"
"HiG_12"	454	"Top1"	113	"HiG"
"HiG_12"	0	"Nsun2"	380	"HiG"
"HiG_12"	270	"H2afv"	159	"HiG"
"HiG_12"	48	"Tagln2"	221.5	"HiG"
"HiG_12"	1981	"Ran"	37	"HiG"
"HiG_12"	0	"Mpzl1"	380	"HiG"
"HiG_12"	1518	"H19"	45	"HiG"
"HiG_12"	135	"Selenok"	190	"HiG"
"HiG_12"	8	"Sms"	270	"HiG"
"HiG_12"	751	"Amot"	83	"HiG"
"HiG_12"	574	"Tpm1"	97.5	"HiG"
"HiG_12"	0	"Pja1"	380	"HiG"
"HiG_12"	84	"Tmsb10"	208.5	"HiG"
"HiG_12"	5	"Rcn2"	281.5	"HiG"
"HiG_12"	0	"Hmgb3"	380	"HiG"
"HiG_12"	0	"Fstl1"	380	"HiG"
"HiG_12"	0	"Fhl1"	380	"HiG"
"HiG_12"	88	"Plac1"	204	"HiG"
"HiG_12"	705	"Cald1"	88	"HiG"
"HiG_12"	0	"Sgce"	380	"HiG"
"HiG_12"	1145	"Ranbp1"	55	"HiG"
"HiG_12"	444	"Bex4"	121.5	"HiG"
"HiG_12"	0	"Cox17"	380	"HiG"
"HiG_12"	233	"Rsl1d1"	163	"HiG"
"HiG_12"	130	"Srsf11"	191	"HiG"
"HiG_12"	397	"Igf2"	137	"HiG"
"HiG_12"	18	"Prdx1"	250	"HiG"
"HiG_12"	2410	"Pa2g4"	30	"HiG"
"HiG_12"	791	"Srsf3"	78	"HiG"
"HiG_12"	2512	"Mest"	29	"HiG"
"HiG_12"	448	"Afdn"	115	"HiG"
"HiG_12"	153	"Srsf6"	185.5	"HiG"
"HiG_12"	0	"Bbx"	380	"HiG"
"HiG_12"	1829	"Nhp2"	39	"HiG"
"HiG_12"	725	"Hoxa10"	84	"HiG"
"HiG_12"	15	"Hnrnpdl"	254.5	"HiG"
"HiG_12"	956	"Ywhaq"	67	"HiG"
"HiG_12"	6	"Psme2"	277	"HiG"
"HiG_12"	1002	"Hmga2"	62	"HiG"
"HiG_12"	39	"Cadm1"	230	"HiG"
"HiG_12"	0	"Arl4c"	380	"HiG"
"HiG_12"	16	"Greb1"	253	"HiG"
"HiG_12"	186	"Manf"	173.5	"HiG"
"HiG_12"	505	"Tra2b"	105.5	"HiG"
"HiG_12"	10	"Slc16a3"	263.5	"HiG"
"HiG_12"	1	"Acvr2b"	306.5	"HiG"
"HiG_12"	1320	"Serpinh1"	49	"HiG"
"HiG_12"	7374	"Eif4a1"	8	"HiG"
"HiG_12"	0	"Nolc1"	380	"HiG"
"HiG_12"	0	"G3bp2"	380	"HiG"
"HiG_12"	497	"Odc1"	107	"HiG"
"HiG_12"	1729	"Cdkn1c"	40	"HiG"
"HiG_12"	0	"Tceal8"	380	"HiG"
"HiG_12"	685	"Dnaja1"	89	"HiG"
"HiG_12"	8	"Arid3b"	270	"HiG"
"HiG_12"	1	"Krcc1"	306.5	"HiG"
"HiG_12"	724	"Ssb"	85	"HiG"
"HiG_12"	0	"Luzp1"	380	"HiG"
"HiG_12"	0	"Tgif1"	380	"HiG"
"HiG_12"	444	"Rbms1"	121.5	"HiG"
"HiG_12"	1416	"Hoxb6"	47	"HiG"
"HiG_12"	2961	"Ddx39b"	24	"HiG"
"HiG_12"	1107	"Cct4"	58	"HiG"
"HiG_12"	2	"Peg10"	298.5	"HiG"
"HiG_12"	0	"Zfp428"	380	"HiG"
"HiG_12"	0	"Oaz2"	380	"HiG"
"HiG_12"	1618	"Bex3"	41.5	"HiG"
"HiG_12"	360	"Wnt5b"	143	"HiG"
"HiG_12"	451	"Foxf1"	114	"HiG"
"HiG_12"	3432	"Nop58"	19	"HiG"
"HiG_12"	0	"Apela"	380	"HiG"
"HiG_12"	0	"Stard3nl"	380	"HiG"
"HiG_12"	0	"Fam60a"	380	"HiG"
"HiG_12"	49	"Ruvbl2"	219.5	"HiG"
"HiG_12"	0	"Rps12"	380	"HiG"
"HiG_12"	0	"Cited2"	380	"HiG"
"HiG_12"	978	"Gja1"	65	"HiG"
"HiG_12"	180	"Id2"	175	"HiG"
"HiG_12"	433	"Ctsl"	130	"HiG"
"HiG_12"	74	"Gtpbp4"	212	"HiG"
"HiG_12"	320	"Gdi2"	152	"HiG"
"HiG_12"	307	"Paip2"	154	"HiG"
"HiG_12"	8	"Fth1"	270	"HiG"
"HiG_14"	20	"Klf6"	251	"HiG"
"HiG_14"	354	"Ngfr"	158	"HiG"
"HiG_14"	162	"Ccnd2"	189	"HiG"
"HiG_14"	0	"Tpd52l1"	396.5	"HiG"
"HiG_14"	775	"Mcm7"	88	"HiG"
"HiG_14"	60	"Rdx"	224	"HiG"
"HiG_14"	105	"Ilf2"	204	"HiG"
"HiG_14"	0	"Lsr"	396.5	"HiG"
"HiG_14"	297	"Tubb6"	169	"HiG"
"HiG_14"	593	"Col1a1"	105	"HiG"
"HiG_14"	3	"Hoxc8"	289	"HiG"
"HiG_14"	0	"Hoxc9"	396.5	"HiG"
"HiG_14"	0	"Ddt"	396.5	"HiG"
"HiG_14"	0	"Eef1e1"	396.5	"HiG"
"HiG_14"	1008	"Pabpc1"	73	"HiG"
"HiG_14"	54	"Rhoc"	228	"HiG"
"HiG_14"	774	"Tgfb1"	89	"HiG"
"HiG_14"	6	"Tpm4"	272.5	"HiG"
"HiG_14"	465	"Fam162a"	130	"HiG"
"HiG_14"	0	"Ppan"	396.5	"HiG"
"HiG_14"	491	"Atp6v1f"	119.5	"HiG"
"HiG_14"	451	"Cnn2"	139	"HiG"
"HiG_14"	31	"Pgf"	240.5	"HiG"
"HiG_14"	0	"Trim28"	396.5	"HiG"
"HiG_14"	0	"Snx6"	396.5	"HiG"
"HiG_14"	0	"Mthfd2"	396.5	"HiG"
"HiG_14"	0	"Adh5"	396.5	"HiG"
"HiG_14"	0	"Tbcb"	396.5	"HiG"
"HiG_14"	287	"Cdc20"	170	"HiG"
"HiG_14"	743	"Srm"	92	"HiG"
"HiG_14"	0	"Clic1"	396.5	"HiG"
"HiG_14"	14	"Krt19"	257.5	"HiG"
"HiG_14"	0	"Id3"	396.5	"HiG"
"HiG_14"	222	"Rala"	177	"HiG"
"HiG_14"	34	"Bmp7"	237	"HiG"
"HiG_14"	596	"Dynll1"	104	"HiG"
"HiG_14"	0	"Ifrd2"	396.5	"HiG"
"HiG_14"	1812	"Phlda2"	38	"HiG"
"HiG_14"	758	"Pgam1"	90	"HiG"
"HiG_14"	634	"Cacybp"	99	"HiG"
"HiG_14"	21134	"Hspa8"	1	"HiG"
"HiG_14"	564	"H2afy"	108	"HiG"
"HiG_14"	563	"Slc25a5"	109	"HiG"
"HiG_14"	462	"Ppdpf"	135.5	"HiG"
"HiG_14"	0	"Igfbp4"	396.5	"HiG"
"HiG_14"	0	"Wsb1"	396.5	"HiG"
"HiG_14"	614	"Sparc"	102	"HiG"
"HiG_14"	83	"Tbx3"	213	"HiG"
"HiG_14"	7	"Pdlim4"	269.5	"HiG"
"HiG_14"	0	"P4ha2"	396.5	"HiG"
"HiG_14"	10	"Rcn3"	265	"HiG"
"HiG_14"	285	"Dusp9"	171	"HiG"
"HiG_14"	0	"Asf1a"	396.5	"HiG"
"HiG_14"	0	"Nudt4"	396.5	"HiG"
"HiG_14"	0	"Hnrnph3"	396.5	"HiG"
"HiG_14"	0	"H2afy2"	396.5	"HiG"
"HiG_14"	642	"Ppa1"	98	"HiG"
"HiG_14"	1	"Csrp2"	311	"HiG"
"HiG_14"	0	"Gfpt2"	396.5	"HiG"
"HiG_14"	2	"Dynll2"	298	"HiG"
"HiG_14"	0	"Bzw2"	396.5	"HiG"
"HiG_14"	0	"Laptm4a"	396.5	"HiG"
"HiG_14"	14	"Sdc1"	257.5	"HiG"
"HiG_14"	3355	"Rrm2"	24	"HiG"
"HiG_14"	3934	"Ddx5"	19	"HiG"
"HiG_14"	0	"Slc9a3r1"	396.5	"HiG"
"HiG_14"	0	"Galk1"	396.5	"HiG"
"HiG_14"	4	"Txndc17"	281	"HiG"
"HiG_14"	0	"Lrrc59"	396.5	"HiG"
"HiG_14"	3	"Polr2h"	289	"HiG"
"HiG_14"	410	"Glrx5"	146	"HiG"
"HiG_14"	0	"Dek"	396.5	"HiG"
"HiG_14"	8	"Gadd45g"	267.5	"HiG"
"HiG_14"	326	"Msx2"	162	"HiG"
"HiG_14"	0	"Sfxn1"	396.5	"HiG"
"HiG_14"	4	"Lman2"	281	"HiG"
"HiG_14"	0	"Dbn1"	396.5	"HiG"
"HiG_14"	193	"Pitx1"	183	"HiG"
"HiG_14"	27	"Gpx8"	243.5	"HiG"
"HiG_14"	467	"Arf4"	127	"HiG"
"HiG_14"	1	"Tkt"	311	"HiG"
"HiG_14"	6	"Bnip3l"	272.5	"HiG"
"HiG_14"	0	"Dnajc3"	396.5	"HiG"
"HiG_14"	0	"Laptm4b"	396.5	"HiG"
"HiG_14"	731	"Eif3e"	93	"HiG"
"HiG_14"	4023	"Myc"	18	"HiG"
"HiG_14"	0	"Slc38a4"	396.5	"HiG"
"HiG_14"	0	"Pmm1"	396.5	"HiG"
"HiG_14"	0	"Hes1"	396.5	"HiG"
"HiG_14"	72	"Sdf2l1"	214	"HiG"
"HiG_14"	1145	"Krt18"	61	"HiG"
"HiG_14"	572	"Krt8"	107	"HiG"
"HiG_14"	0	"Pcbp4"	396.5	"HiG"
"HiG_14"	370	"Igf2r"	155	"HiG"
"HiG_14"	16118	"Hsp90ab1"	2	"HiG"
"HiG_14"	25	"Bambi"	246	"HiG"
"HiG_14"	127	"Cdh2"	196	"HiG"
"HiG_14"	64	"Ppic"	220	"HiG"
"HiG_14"	0	"Lmnb1"	396.5	"HiG"
"HiG_14"	1	"Carnmt1"	311	"HiG"
"HiG_14"	0	"Sssca1"	396.5	"HiG"
"HiG_14"	1	"Prdx3"	311	"HiG"
"HiG_14"	14	"Hells"	257.5	"HiG"
"HiG_14"	55	"Arl3"	226.5	"HiG"
"HiG_14"	0	"Gsto1"	396.5	"HiG"
"HiG_14"	126	"P4hb"	197	"HiG"
"HiG_14"	1	"Maged1"	311	"HiG"
"HiG_14"	619	"Rps26"	100	"HiG"
"HiG_14"	3316	"Atp5b"	26	"HiG"
"HiG_14"	0	"Clns1a"	396.5	"HiG"
"HiG_14"	0	"Tspan4"	396.5	"HiG"
"HiG_14"	1218	"Eif4a3"	58	"HiG"
"HiG_14"	886	"Cct8"	79	"HiG"
"HiG_14"	233	"Hprt"	175	"HiG"
"HiG_14"	0	"Smad7"	396.5	"HiG"
"HiG_14"	3021	"Hspd1"	27	"HiG"
"HiG_14"	149	"Wdr12"	192	"HiG"
"HiG_14"	0	"Itm2c"	396.5	"HiG"
"HiG_14"	7054	"Ncl"	9	"HiG"
"HiG_14"	0	"Serpine2"	396.5	"HiG"
"HiG_14"	1	"Dars"	311	"HiG"
"HiG_14"	3	"Rgs5"	289	"HiG"
"HiG_14"	3903	"Vim"	21	"HiG"
"HiG_14"	8264	"Hspa5"	6	"HiG"
"HiG_14"	19	"Hat1"	252	"HiG"
"HiG_14"	142	"Mtx2"	194	"HiG"
"HiG_14"	2	"Nop10"	298	"HiG"
"HiG_14"	3	"Ccdc34"	289	"HiG"
"HiG_14"	539	"Eif3m"	113	"HiG"
"HiG_14"	33	"Meis2"	238	"HiG"
"HiG_14"	5360	"Mdk"	15	"HiG"
"HiG_14"	685	"Pdia3"	96	"HiG"
"HiG_14"	3	"Cst3"	289	"HiG"
"HiG_14"	1179	"Sall4"	60	"HiG"
"HiG_14"	250	"Ccna2"	174	"HiG"
"HiG_14"	821	"Ppid"	82	"HiG"
"HiG_14"	1980	"Gmps"	34	"HiG"
"HiG_14"	0	"Ssr3"	396.5	"HiG"
"HiG_14"	0	"Efna1"	396.5	"HiG"
"HiG_14"	2275	"Lef1"	32	"HiG"
"HiG_14"	176	"Cnn3"	185.5	"HiG"
"HiG_14"	111	"Cyr61"	202	"HiG"
"HiG_14"	27	"Psip1"	243.5	"HiG"
"HiG_14"	0	"Txndc12"	396.5	"HiG"
"HiG_14"	0	"Ift74"	396.5	"HiG"
"HiG_14"	120	"Nasp"	200	"HiG"
"HiG_14"	48	"Ebna1bp2"	232.5	"HiG"
"HiG_14"	1	"Sh3bgrl3"	311	"HiG"
"HiG_14"	0	"Ctnnbip1"	396.5	"HiG"
"HiG_14"	0	"Lrpap1"	396.5	"HiG"
"HiG_14"	334	"Ppm1g"	161	"HiG"
"HiG_14"	0	"Ugdh"	396.5	"HiG"
"HiG_14"	479	"Paics"	125	"HiG"
"HiG_14"	0	"Nudt9"	396.5	"HiG"
"HiG_14"	0	"Aldh2"	396.5	"HiG"
"HiG_14"	0	"Srsf9"	396.5	"HiG"
"HiG_14"	94	"Fscn1"	207.5	"HiG"
"HiG_14"	0	"Rasl11a"	396.5	"HiG"
"HiG_14"	150	"Cdx2"	190.5	"HiG"
"HiG_14"	0	"Ptms"	396.5	"HiG"
"HiG_14"	465	"Bcat1"	130	"HiG"
"HiG_14"	2	"Vgll4"	298	"HiG"
"HiG_14"	0	"Slc2a3"	396.5	"HiG"
"HiG_14"	0	"Fkbp4"	396.5	"HiG"
"HiG_14"	118	"Arl6ip1"	201	"HiG"
"HiG_14"	0	"Mettl9"	396.5	"HiG"
"HiG_14"	0	"Bccip"	396.5	"HiG"
"HiG_14"	0	"Plp2"	396.5	"HiG"
"HiG_14"	360	"Itm2a"	157	"HiG"
"HiG_14"	48	"Nono"	232.5	"HiG"
"HiG_14"	0	"Cdx4"	396.5	"HiG"
"HiG_14"	4283	"Rbbp7"	17	"HiG"
"HiG_14"	391	"Dkc1"	151	"HiG"
"HiG_14"	1720	"Morf4l2"	42	"HiG"
"HiG_14"	0	"Eif4ebp1"	396.5	"HiG"
"HiG_14"	97	"Sfrp1"	206	"HiG"
"HiG_14"	484	"Rbpms"	123	"HiG"
"HiG_14"	491	"Slc25a4"	119.5	"HiG"
"HiG_14"	0	"Orc6"	396.5	"HiG"
"HiG_14"	163	"Mmp2"	187.5	"HiG"
"HiG_14"	62	"Gins2"	223	"HiG"
"HiG_14"	0	"Psmb10"	396.5	"HiG"
"HiG_14"	1	"Nip7"	311	"HiG"
"HiG_14"	587	"Jam3"	106	"HiG"
"HiG_14"	1	"Rp9"	311	"HiG"
"HiG_14"	51	"Imp3"	231	"HiG"
"HiG_14"	52	"Crabp1"	230	"HiG"
"HiG_14"	0	"Tspan3"	396.5	"HiG"
"HiG_14"	895	"Ppib"	77	"HiG"
"HiG_14"	0	"Cmtm7"	396.5	"HiG"
"HiG_14"	0	"Ptov1"	396.5	"HiG"
"HiG_14"	0	"Ppp1r14a"	396.5	"HiG"
"HiG_14"	1	"3632451O06Rik"	311	"HiG"
"HiG_14"	3	"S100a10"	289	"HiG"
"HiG_14"	0	"Car14"	396.5	"HiG"
"HiG_14"	0	"Gcsh"	396.5	"HiG"
"HiG_14"	347	"Fbl"	159	"HiG"
"HiG_14"	0	"Rangrf"	396.5	"HiG"
"HiG_14"	5	"Ube2r2"	276.5	"HiG"
"HiG_14"	63	"Pclaf"	221.5	"HiG"
"HiG_14"	310	"Serbp1"	164	"HiG"
"HiG_14"	0	"Prkar2b"	396.5	"HiG"
"HiG_14"	757	"Twist1"	91	"HiG"
"HiG_14"	0	"Asb4"	396.5	"HiG"
"HiG_14"	15	"Prrx2"	255	"HiG"
"HiG_14"	2	"2810474O19Rik"	298	"HiG"
"HiG_14"	2	"Chchd4"	298	"HiG"
"HiG_14"	63	"Tubb4b"	221.5	"HiG"
"HiG_14"	406	"Myl12b"	147	"HiG"
"HiG_14"	21	"Apex1"	250	"HiG"
"HiG_14"	4	"Hoxd1"	281	"HiG"
"HiG_14"	1	"Bex2"	311	"HiG"
"HiG_14"	0	"Krtcap2"	396.5	"HiG"
"HiG_14"	0	"Dok4"	396.5	"HiG"
"HiG_14"	3	"Ptk7"	289	"HiG"
"HiG_14"	2960	"Cd81"	28	"HiG"
"HiG_14"	1226	"Ptma"	57	"HiG"
"HiG_14"	2183	"Mrpl12"	33	"HiG"
"HiG_14"	0	"Cdv3"	396.5	"HiG"
"HiG_14"	525	"Mrpl34"	114	"HiG"
"HiG_14"	0	"Tsc22d1"	396.5	"HiG"
"HiG_14"	0	"Fermt2"	396.5	"HiG"
"HiG_14"	906	"Isl1"	76	"HiG"
"HiG_14"	0	"Hand2"	396.5	"HiG"
"HiG_14"	0	"Limd2"	396.5	"HiG"
"HiG_14"	129	"Ndn"	195	"HiG"
"HiG_14"	487	"Ssr2"	121	"HiG"
"HiG_14"	800	"Mycn"	85	"HiG"
"HiG_14"	1550	"Hoxa9"	45	"HiG"
"HiG_14"	455	"Hand1"	137	"HiG"
"HiG_14"	806	"Gnl3"	83	"HiG"
"HiG_14"	0	"Tax1bp3"	396.5	"HiG"
"HiG_14"	1095	"Tceal9"	63	"HiG"
"HiG_14"	53	"Dctpp1"	229	"HiG"
"HiG_14"	464	"Degs1"	133	"HiG"
"HiG_14"	439	"Hoxa7"	143	"HiG"
"HiG_14"	941	"Calm2"	75	"HiG"
"HiG_14"	0	"Ckap4"	396.5	"HiG"
"HiG_14"	9	"Lin28a"	266	"HiG"
"HiG_14"	147	"Snai1"	193	"HiG"
"HiG_14"	0	"Efnb1"	396.5	"HiG"
"HiG_14"	1	"Peg3"	311	"HiG"
"HiG_14"	0	"Epop"	396.5	"HiG"
"HiG_14"	778	"Mapk3"	87	"HiG"
"HiG_14"	11	"Hoxb8"	263.5	"HiG"
"HiG_14"	1	"Pgp"	311	"HiG"
"HiG_14"	2523	"Pdia6"	29	"HiG"
"HiG_14"	0	"Sptssa"	396.5	"HiG"
"HiG_14"	717	"Basp1"	94	"HiG"
"HiG_14"	0	"Lpar4"	396.5	"HiG"
"HiG_14"	0	"Eva1b"	396.5	"HiG"
"HiG_14"	5867	"Fn1"	10	"HiG"
"HiG_14"	0	"Fbln1"	396.5	"HiG"
"HiG_14"	14	"Xbp1"	257.5	"HiG"
"HiG_14"	0	"Tmem88"	396.5	"HiG"
"HiG_14"	1	"Marcksl1"	311	"HiG"
"HiG_14"	0	"Bri3"	396.5	"HiG"
"HiG_14"	2	"Rbpms2"	298	"HiG"
"HiG_14"	1069	"Cd24a"	66	"HiG"
"HiG_14"	56	"Msx1"	225	"HiG"
"HiG_14"	55	"Hoxd9"	226.5	"HiG"
"HiG_14"	0	"Smtnl2"	396.5	"HiG"
"HiG_14"	0	"Spin2c"	396.5	"HiG"
"HiG_14"	0	"Vamp8"	396.5	"HiG"
"HiG_14"	711	"Bex1"	95	"HiG"
"HiG_14"	1	"Ier2"	311	"HiG"
"HiG_14"	4	"H1fx"	281	"HiG"
"HiG_14"	519	"Hmgn1"	117	"HiG"
"HiG_14"	197	"Mtap"	182	"HiG"
"HiG_14"	213	"Slbp"	179	"HiG"
"HiG_14"	254	"Dlk1"	173	"HiG"
"HiG_14"	1	"Mogat2"	311	"HiG"
"HiG_14"	341	"Gpc3"	160	"HiG"
"HiG_14"	3	"Efemp2"	289	"HiG"
"HiG_14"	186	"Phgdh"	184	"HiG"
"HiG_14"	1367	"Wnt5a"	54	"HiG"
"HiG_14"	462	"Plpp3"	135.5	"HiG"
"HiG_14"	5	"Hmgb2"	276.5	"HiG"
"HiG_14"	485	"Wls"	122	"HiG"
"HiG_14"	0	"Map1b"	396.5	"HiG"
"HiG_14"	0	"Tmem158"	396.5	"HiG"
"HiG_14"	0	"Itgb5"	396.5	"HiG"
"HiG_14"	6	"Npm3"	272.5	"HiG"
"HiG_14"	465	"Rras2"	130	"HiG"
"HiG_14"	0	"Tmem119"	396.5	"HiG"
"HiG_14"	1455	"Ywhae"	50	"HiG"
"HiG_14"	0	"Ifitm2"	396.5	"HiG"
"HiG_14"	10954	"Actg1"	4	"HiG"
"HiG_14"	25	"Prdx6"	246	"HiG"
"HiG_14"	31	"Rrs1"	240.5	"HiG"
"HiG_14"	875	"Ccnb1"	80	"HiG"
"HiG_14"	0	"Polg"	396.5	"HiG"
"HiG_14"	3348	"Bmp4"	25	"HiG"
"HiG_14"	1443	"Hspe1"	51	"HiG"
"HiG_14"	10773	"Npm1"	5	"HiG"
"HiG_14"	0	"Pdgfa"	396.5	"HiG"
"HiG_14"	231	"Pdia4"	176	"HiG"
"HiG_14"	0	"Rsrp1"	396.5	"HiG"
"HiG_14"	362	"Cfl2"	156	"HiG"
"HiG_14"	372	"C1qbp"	154	"HiG"
"HiG_14"	0	"Sox11"	396.5	"HiG"
"HiG_14"	69	"Birc5"	216.5	"HiG"
"HiG_14"	1874	"Eno1"	36	"HiG"
"HiG_14"	108	"Impdh2"	203	"HiG"
"HiG_14"	1080	"Pgk1"	65	"HiG"
"HiG_14"	0	"Rps6ka6"	396.5	"HiG"
"HiG_14"	16	"Dut"	254	"HiG"
"HiG_14"	7241	"mt-Nd1"	8	"HiG"
"HiG_14"	0	"mt-Nd2"	396.5	"HiG"
"HiG_14"	1357	"mt-Co2"	55	"HiG"
"HiG_14"	1382	"mt-Atp6"	53	"HiG"
"HiG_14"	1087	"mt-Co3"	64	"HiG"
"HiG_14"	1056	"mt-Nd4"	69	"HiG"
"HiG_14"	979	"mt-Cytb"	74	"HiG"
"HiG_14"	163	"Gpx1"	187.5	"HiG"
"HiG_14"	1396	"Gpx3"	52	"HiG"
"HiG_14"	29	"Oat"	242	"HiG"
"HiG_14"	465	"Crip2"	130	"HiG"
"HiG_14"	13	"Anp32a"	261	"HiG"
"HiG_14"	221	"Hmgb1"	178	"HiG"
"HiG_14"	0	"Arpc1b"	396.5	"HiG"
"HiG_14"	0	"Capn6"	396.5	"HiG"
"HiG_14"	0	"Morc4"	396.5	"HiG"
"HiG_14"	150	"Lyar"	190.5	"HiG"
"HiG_14"	416	"Aldoa"	145	"HiG"
"HiG_14"	35	"Srrm2"	236	"HiG"
"HiG_14"	201	"Lgals1"	180	"HiG"
"HiG_14"	0	"Mat2a"	396.5	"HiG"
"HiG_14"	93	"Mmp14"	209	"HiG"
"HiG_14"	1562	"Itgb1"	44	"HiG"
"HiG_14"	0	"Prdm6"	396.5	"HiG"
"HiG_14"	13	"Marcks"	261	"HiG"
"HiG_14"	4	"Rspo3"	281	"HiG"
"HiG_14"	300	"Grb10"	168	"HiG"
"HiG_14"	25	"Cbx1"	246	"HiG"
"HiG_14"	3930	"Ccnd1"	20	"HiG"
"HiG_14"	13241	"Hsp90aa1"	3	"HiG"
"HiG_14"	431	"Id1"	144	"HiG"
"HiG_14"	1	"Selenom"	311	"HiG"
"HiG_14"	3	"Mtch1"	289	"HiG"
"HiG_14"	0	"Pigx"	396.5	"HiG"
"HiG_14"	1738	"Tuba1a"	41	"HiG"
"HiG_14"	7	"Csrp1"	269.5	"HiG"
"HiG_14"	608	"Snrpn"	103	"HiG"
"HiG_14"	65	"Hoxb2"	219	"HiG"
"HiG_14"	0	"Nup62cl"	396.5	"HiG"
"HiG_14"	520	"Selenos"	116	"HiG"
"HiG_14"	94	"Car4"	207.5	"HiG"
"HiG_14"	37	"Nop56"	235	"HiG"
"HiG_14"	805	"Mrto4"	84	"HiG"
"HiG_14"	2508	"Hdac1"	30	"HiG"
"HiG_14"	1699	"Rbbp4"	43	"HiG"
"HiG_14"	307	"Selenoh"	166	"HiG"
"HiG_14"	24	"Cdca7"	248	"HiG"
"HiG_14"	1	"Rtn4"	311	"HiG"
"HiG_14"	2433	"Set"	31	"HiG"
"HiG_14"	551	"Rpl7a"	111	"HiG"
"HiG_14"	446	"Anp32b"	141	"HiG"
"HiG_14"	89	"Sox4"	211	"HiG"
"HiG_14"	0	"Akr1b3"	396.5	"HiG"
"HiG_14"	1036	"Ifitm1"	70	"HiG"
"HiG_14"	656	"Bnip3"	97	"HiG"
"HiG_14"	69	"Ypel3"	216.5	"HiG"
"HiG_14"	3594	"H3f3b"	22	"HiG"
"HiG_14"	0	"Gjc1"	396.5	"HiG"
"HiG_14"	122	"Tead2"	198	"HiG"
"HiG_14"	549	"Tomm5"	112	"HiG"
"HiG_14"	256	"Ccne1"	172	"HiG"
"HiG_14"	40	"Etv2"	234	"HiG"
"HiG_14"	0	"Tnfaip1"	396.5	"HiG"
"HiG_14"	0	"Fam92a"	396.5	"HiG"
"HiG_14"	0	"Rab34"	396.5	"HiG"
"HiG_14"	0	"Tsen34"	396.5	"HiG"
"HiG_14"	5486	"Trp53"	13	"HiG"
"HiG_14"	17	"Pmp22"	253	"HiG"
"HiG_14"	8	"Top1"	267.5	"HiG"
"HiG_14"	472	"Vcan"	126	"HiG"
"HiG_14"	0	"Nsun2"	396.5	"HiG"
"HiG_14"	1518	"H2afv"	46	"HiG"
"HiG_14"	0	"Cox4i2"	396.5	"HiG"
"HiG_14"	452	"Snx5"	138	"HiG"
"HiG_14"	399	"Tagln2"	149	"HiG"
"HiG_14"	0	"Mpzl1"	396.5	"HiG"
"HiG_14"	403	"H19"	148	"HiG"
"HiG_14"	66	"Selenok"	218	"HiG"
"HiG_14"	376	"Amot"	153	"HiG"
"HiG_14"	0	"Rnf128"	396.5	"HiG"
"HiG_14"	5672	"Kdr"	11	"HiG"
"HiG_14"	1206	"Tpm1"	59	"HiG"
"HiG_14"	0	"Pja1"	396.5	"HiG"
"HiG_14"	1018	"Tmsb10"	71	"HiG"
"HiG_14"	0	"Rcn2"	396.5	"HiG"
"HiG_14"	0	"Hmgb3"	396.5	"HiG"
"HiG_14"	3	"Fstl1"	289	"HiG"
"HiG_14"	0	"Fhl1"	396.5	"HiG"
"HiG_14"	1	"Plac1"	311	"HiG"
"HiG_14"	5	"Cald1"	276.5	"HiG"
"HiG_14"	103	"Sgce"	205	"HiG"
"HiG_14"	6	"Suv39h1"	272.5	"HiG"
"HiG_14"	503	"Ranbp1"	118	"HiG"
"HiG_14"	4372	"Hnrnpk"	16	"HiG"
"HiG_14"	0	"Bex4"	396.5	"HiG"
"HiG_14"	91	"Tbrg1"	210	"HiG"
"HiG_14"	0	"Cox17"	396.5	"HiG"
"HiG_14"	889	"Rsl1d1"	78	"HiG"
"HiG_14"	0	"Fam104a"	396.5	"HiG"
"HiG_14"	5	"Srsf11"	276.5	"HiG"
"HiG_14"	1123	"Igf2"	62	"HiG"
"HiG_14"	11	"Prdx1"	263.5	"HiG"
"HiG_14"	1846	"Ubc"	37	"HiG"
"HiG_14"	1064	"Pa2g4"	67	"HiG"
"HiG_14"	522	"Mest"	115	"HiG"
"HiG_14"	0	"Afdn"	396.5	"HiG"
"HiG_14"	0	"Bbx"	396.5	"HiG"
"HiG_14"	3500	"Nhp2"	23	"HiG"
"HiG_14"	303	"Hoxa10"	167	"HiG"
"HiG_14"	87	"Hnrnpdl"	212	"HiG"
"HiG_14"	562	"Ube2k"	110	"HiG"
"HiG_14"	0	"Mrps26"	396.5	"HiG"
"HiG_14"	0	"Ywhaq"	396.5	"HiG"
"HiG_14"	0	"Psme2"	396.5	"HiG"
"HiG_14"	779	"Hmga2"	86	"HiG"
"HiG_14"	0	"Cadm1"	396.5	"HiG"
"HiG_14"	0	"Greb1"	396.5	"HiG"
"HiG_14"	830	"Manf"	81	"HiG"
"HiG_14"	446	"Tra2b"	141	"HiG"
"HiG_14"	0	"Slc16a3"	396.5	"HiG"
"HiG_14"	1059	"Serpinh1"	68	"HiG"
"HiG_14"	7471	"Eif4a1"	7	"HiG"
"HiG_14"	32	"Idh3a"	239	"HiG"
"HiG_14"	13	"Nolc1"	261	"HiG"
"HiG_14"	0	"G3bp2"	396.5	"HiG"
"HiG_14"	0	"Anp32e"	396.5	"HiG"
"HiG_14"	176	"Odc1"	185.5	"HiG"
"HiG_14"	1900	"Cdkn1c"	35	"HiG"
"HiG_14"	0	"Tceal8"	396.5	"HiG"
"HiG_14"	1459	"Dnaja1"	49	"HiG"
"HiG_14"	0	"Krcc1"	396.5	"HiG"
"HiG_14"	1013	"Ssb"	72	"HiG"
"HiG_14"	0	"Luzp1"	396.5	"HiG"
"HiG_14"	465	"Rbms1"	130	"HiG"
"HiG_14"	309	"Atxn10"	165	"HiG"
"HiG_14"	2	"Phlda1"	298	"HiG"
"HiG_14"	1511	"Hoxb6"	48	"HiG"
"HiG_14"	1799	"Apoe"	39	"HiG"
"HiG_14"	0	"Ddx39b"	396.5	"HiG"
"HiG_14"	616	"Cct4"	101	"HiG"
"HiG_14"	23	"Peg10"	249	"HiG"
"HiG_14"	0	"Oaz2"	396.5	"HiG"
"HiG_14"	1742	"Bex3"	40	"HiG"
"HiG_14"	463	"Foxf1"	134	"HiG"
"HiG_14"	387	"Twist2"	152	"HiG"
"HiG_14"	0	"Apbb1"	396.5	"HiG"
"HiG_14"	1315	"Gnas"	56	"HiG"
"HiG_14"	5469	"Nop58"	14	"HiG"
"HiG_14"	0	"Apela"	396.5	"HiG"
"HiG_14"	0	"Stard3nl"	396.5	"HiG"
"HiG_14"	0	"Sh3glb1"	396.5	"HiG"
"HiG_14"	482	"Ruvbl2"	124	"HiG"
"HiG_14"	0	"Isyna1"	396.5	"HiG"
"HiG_14"	5499	"Ldha"	12	"HiG"
"HiG_14"	325	"Cited2"	163	"HiG"
"HiG_14"	446	"Gja1"	141	"HiG"
"HiG_14"	200	"Id2"	181	"HiG"
"HiG_14"	71	"Ctsl"	215	"HiG"
"HiG_14"	398	"Gtpbp4"	150	"HiG"
"HiG_14"	121	"Gdi2"	199	"HiG"
"HiG_14"	3	"Pcgf5"	289	"HiG"
"HiG_14"	0	"Gas1"	396.5	"HiG"
"HiG_14"	0	"Ttc3"	396.5	"HiG"
"HiG_14"	0	"Paip2"	396.5	"HiG"
"HiG_14"	1514	"Fth1"	47	"HiG"
"HiG_17"	0	"Klf6"	566	"HiG"
"HiG_17"	482	"Sdhd"	221	"HiG"
"HiG_17"	1	"Gmpr"	476.5	"HiG"
"HiG_17"	0	"Tpd52l1"	566	"HiG"
"HiG_17"	180	"Rdx"	276	"HiG"
"HiG_17"	0	"Sh3bp1"	566	"HiG"
"HiG_17"	22	"Lsr"	374.5	"HiG"
"HiG_17"	8	"Ckb"	408.5	"HiG"
"HiG_17"	2141	"Cnn1"	62	"HiG"
"HiG_17"	973	"Tubb6"	137	"HiG"
"HiG_17"	1404	"Tubb5"	94	"HiG"
"HiG_17"	274	"Jup"	255	"HiG"
"HiG_17"	638	"Gstt1"	189	"HiG"
"HiG_17"	0	"Ddt"	566	"HiG"
"HiG_17"	658	"Capns1"	177	"HiG"
"HiG_17"	674	"Rhoc"	174	"HiG"
"HiG_17"	0	"Mien1"	566	"HiG"
"HiG_17"	981	"Casq1"	136	"HiG"
"HiG_17"	3690	"Tpm4"	33	"HiG"
"HiG_17"	1	"As3mt"	476.5	"HiG"
"HiG_17"	707	"Calr"	170	"HiG"
"HiG_17"	3	"Mmd"	447	"HiG"
"HiG_17"	2054	"Fam162a"	64	"HiG"
"HiG_17"	0	"Ssbp2"	566	"HiG"
"HiG_17"	9	"Gstm5"	402	"HiG"
"HiG_17"	1013	"Atp6v1f"	134	"HiG"
"HiG_17"	0	"Etfb"	566	"HiG"
"HiG_17"	744	"Cnn2"	163	"HiG"
"HiG_17"	0	"Hdgf"	566	"HiG"
"HiG_17"	77	"Hspb1"	307.5	"HiG"
"HiG_17"	45	"Wdr1"	335.5	"HiG"
"HiG_17"	278	"Hmox1"	253	"HiG"
"HiG_17"	0	"Pafah1b3"	566	"HiG"
"HiG_17"	0	"Snx6"	566	"HiG"
"HiG_17"	2	"Pth1r"	459	"HiG"
"HiG_17"	638	"Reep5"	189	"HiG"
"HiG_17"	3	"Tbcb"	447	"HiG"
"HiG_17"	7	"Mob1b"	414.5	"HiG"
"HiG_17"	3217	"Sod2"	41	"HiG"
"HiG_17"	128	"Eif1b"	288	"HiG"
"HiG_17"	0	"Ddah2"	566	"HiG"
"HiG_17"	330	"Clic1"	243.5	"HiG"
"HiG_17"	50	"Krt19"	329.5	"HiG"
"HiG_17"	0	"Id3"	566	"HiG"
"HiG_17"	1099	"Tcap"	120	"HiG"
"HiG_17"	810	"Fhl2"	149	"HiG"
"HiG_17"	43	"Rala"	340.5	"HiG"
"HiG_17"	760	"Bmp7"	160	"HiG"
"HiG_17"	583	"Dynll1"	202	"HiG"
"HiG_17"	77	"P4ha1"	307.5	"HiG"
"HiG_17"	93	"Phlda2"	299	"HiG"
"HiG_17"	3033	"Wnt2"	43	"HiG"
"HiG_17"	794	"Pgam1"	154.5	"HiG"
"HiG_17"	0	"Bmp5"	566	"HiG"
"HiG_17"	638	"Trim54"	189	"HiG"
"HiG_17"	27	"Pea15a"	367	"HiG"
"HiG_17"	672	"Surf4"	175.5	"HiG"
"HiG_17"	1046	"Ppp1cb"	126	"HiG"
"HiG_17"	2557	"Nkx2-5"	50	"HiG"
"HiG_17"	5	"Gata5"	431	"HiG"
"HiG_17"	6107	"Hspa8"	21	"HiG"
"HiG_17"	1	"Plpp1"	476.5	"HiG"
"HiG_17"	702	"Slc25a5"	172	"HiG"
"HiG_17"	2471	"Psmd11"	52	"HiG"
"HiG_17"	142	"Cyba"	285.5	"HiG"
"HiG_17"	1	"Wsb1"	476.5	"HiG"
"HiG_17"	1	"Serinc3"	476.5	"HiG"
"HiG_17"	1836	"Tbx5"	73	"HiG"
"HiG_17"	3075	"Pfn1"	42	"HiG"
"HiG_17"	636	"Gabarap"	192	"HiG"
"HiG_17"	1089	"Sparc"	122	"HiG"
"HiG_17"	1	"Sfrp5"	476.5	"HiG"
"HiG_17"	10	"Unc45b"	396.5	"HiG"
"HiG_17"	0	"Tecr"	566	"HiG"
"HiG_17"	1057	"Ubb"	124.5	"HiG"
"HiG_17"	43	"Rcn3"	340.5	"HiG"
"HiG_17"	718	"Snx3"	166	"HiG"
"HiG_17"	644	"Abracl"	183.5	"HiG"
"HiG_17"	4	"Atp2b1"	439	"HiG"
"HiG_17"	31	"Dusp6"	359	"HiG"
"HiG_17"	7624	"Hsp90b1"	12	"HiG"
"HiG_17"	0	"H2afy2"	566	"HiG"
"HiG_17"	0	"Kcnmb1"	566	"HiG"
"HiG_17"	291	"Uqcr11"	250	"HiG"
"HiG_17"	3	"Rab3ip"	447	"HiG"
"HiG_17"	1671	"Csrp2"	78	"HiG"
"HiG_17"	54	"Pfkl"	325	"HiG"
"HiG_17"	176	"Pgam2"	277	"HiG"
"HiG_17"	4	"Bzw2"	439	"HiG"
"HiG_17"	630	"Laptm4a"	195	"HiG"
"HiG_17"	1029	"Ddx5"	130	"HiG"
"HiG_17"	25	"Slc9a3r1"	371	"HiG"
"HiG_17"	1	"Hn1"	476.5	"HiG"
"HiG_17"	6	"Galk1"	422	"HiG"
"HiG_17"	1199	"Vamp2"	109	"HiG"
"HiG_17"	787	"Actn1"	156	"HiG"
"HiG_17"	637	"Lgmn"	191	"HiG"
"HiG_17"	1261	"Asb2"	102	"HiG"
"HiG_17"	7237	"Fos"	14	"HiG"
"HiG_17"	7	"Ryr2"	414.5	"HiG"
"HiG_17"	66	"Cap2"	317	"HiG"
"HiG_17"	0	"Gadd45g"	566	"HiG"
"HiG_17"	5	"Uqcrb"	431	"HiG"
"HiG_17"	28	"Glrx"	364.5	"HiG"
"HiG_17"	708	"Irx4"	169	"HiG"
"HiG_17"	213	"Mrpl36"	266.5	"HiG"
"HiG_17"	5	"Thbs4"	431	"HiG"
"HiG_17"	728	"Gpx8"	164	"HiG"
"HiG_17"	1525	"Ldb3"	87	"HiG"
"HiG_17"	75	"Nid2"	309.5	"HiG"
"HiG_17"	477	"Arf4"	222	"HiG"
"HiG_17"	142	"Bnip3l"	285.5	"HiG"
"HiG_17"	47	"Itm2b"	333	"HiG"
"HiG_17"	377	"Dnajc3"	238	"HiG"
"HiG_17"	0	"Fitm1"	566	"HiG"
"HiG_17"	4	"Laptm4b"	439	"HiG"
"HiG_17"	1190	"Eif3e"	112	"HiG"
"HiG_17"	5	"Fbxo32"	431	"HiG"
"HiG_17"	0	"Slc38a4"	566	"HiG"
"HiG_17"	408	"Col2a1"	232	"HiG"
"HiG_17"	0	"Ppp1r1a"	566	"HiG"
"HiG_17"	11	"Alcam"	390.5	"HiG"
"HiG_17"	0	"Arhgap31"	566	"HiG"
"HiG_17"	52	"Popdc2"	327.5	"HiG"
"HiG_17"	657	"Tmbim6"	178	"HiG"
"HiG_17"	1032	"Krt18"	129	"HiG"
"HiG_17"	644	"Ivns1abp"	183.5	"HiG"
"HiG_17"	469	"Krt8"	224	"HiG"
"HiG_17"	4	"Creld2"	439	"HiG"
"HiG_17"	843	"Igf2r"	147	"HiG"
"HiG_17"	30	"Hcfc1r1"	362	"HiG"
"HiG_17"	0	"Cpne5"	566	"HiG"
"HiG_17"	1	"Lbh"	476.5	"HiG"
"HiG_17"	556	"Dusp1"	208	"HiG"
"HiG_17"	1	"Bambi"	476.5	"HiG"
"HiG_17"	425	"Kif5b"	229	"HiG"
"HiG_17"	1327	"Cdh2"	96	"HiG"
"HiG_17"	27	"Ppic"	367	"HiG"
"HiG_17"	0	"Prrc1"	566	"HiG"
"HiG_17"	288	"Fbn2"	252	"HiG"
"HiG_17"	35	"Prdx3"	349.5	"HiG"
"HiG_17"	2	"Add3"	459	"HiG"
"HiG_17"	0	"Arl3"	566	"HiG"
"HiG_17"	910	"P4hb"	138	"HiG"
"HiG_17"	50	"Maged1"	329.5	"HiG"
"HiG_17"	1017	"Fgf8"	132.5	"HiG"
"HiG_17"	8	"Maged2"	408.5	"HiG"
"HiG_17"	45	"Prdx4"	335.5	"HiG"
"HiG_17"	9373	"Atp5b"	9	"HiG"
"HiG_17"	276	"Eif4a3"	254	"HiG"
"HiG_17"	1	"Podxl"	476.5	"HiG"
"HiG_17"	401	"Cct8"	235	"HiG"
"HiG_17"	1458	"Hprt"	90	"HiG"
"HiG_17"	5	"Nrp1"	431	"HiG"
"HiG_17"	1577	"Myl1"	82	"HiG"
"HiG_17"	2	"Cfc1"	459	"HiG"
"HiG_17"	59	"Igfbp5"	318	"HiG"
"HiG_17"	24	"Des"	372.5	"HiG"
"HiG_17"	0	"Itm2c"	566	"HiG"
"HiG_17"	0	"Bok"	566	"HiG"
"HiG_17"	1	"Dars"	476.5	"HiG"
"HiG_17"	330	"Rassf5"	243.5	"HiG"
"HiG_17"	754	"Mpc2"	162	"HiG"
"HiG_17"	123	"Atp1b1"	291	"HiG"
"HiG_17"	20	"Rgs5"	378.5	"HiG"
"HiG_17"	0	"Rsu1"	566	"HiG"
"HiG_17"	2051	"Vim"	65	"HiG"
"HiG_17"	802	"Nebl"	151	"HiG"
"HiG_17"	6033	"Hspa5"	22	"HiG"
"HiG_17"	0	"Grb14"	566	"HiG"
"HiG_17"	0	"Mtx2"	566	"HiG"
"HiG_17"	2292	"Eif3m"	57	"HiG"
"HiG_17"	0	"Meis2"	566	"HiG"
"HiG_17"	2691	"Mdk"	47	"HiG"
"HiG_17"	1181	"Pdia3"	113	"HiG"
"HiG_17"	0	"Ehd4"	566	"HiG"
"HiG_17"	703	"Cst3"	171	"HiG"
"HiG_17"	0	"Car3"	566	"HiG"
"HiG_17"	542	"Map1lc3a"	211	"HiG"
"HiG_17"	1634	"Anxa5"	80	"HiG"
"HiG_17"	0	"Ssr3"	566	"HiG"
"HiG_17"	44	"S100a11"	338.5	"HiG"
"HiG_17"	0	"Lrrc39"	566	"HiG"
"HiG_17"	0	"Hadh"	566	"HiG"
"HiG_17"	191	"Lef1"	274	"HiG"
"HiG_17"	0	"Pla2g12a"	566	"HiG"
"HiG_17"	0	"Cnn3"	566	"HiG"
"HiG_17"	0	"Ddah1"	566	"HiG"
"HiG_17"	1145	"Cyr61"	116	"HiG"
"HiG_17"	1	"Epha7"	476.5	"HiG"
"HiG_17"	0	"Ccdc107"	566	"HiG"
"HiG_17"	799	"Tln1"	153	"HiG"
"HiG_17"	0	"Glipr2"	566	"HiG"
"HiG_17"	31	"Psip1"	359	"HiG"
"HiG_17"	2	"Txndc12"	459	"HiG"
"HiG_17"	800	"Gpx7"	152	"HiG"
"HiG_17"	0	"Lrrc42"	566	"HiG"
"HiG_17"	6	"Tmem59"	422	"HiG"
"HiG_17"	755	"Slc2a1"	161	"HiG"
"HiG_17"	70	"Akr1a1"	312	"HiG"
"HiG_17"	103	"Sh3bgrl3"	296	"HiG"
"HiG_17"	57	"Prkag2"	319	"HiG"
"HiG_17"	711	"Smarcd3"	168	"HiG"
"HiG_17"	0	"Lrpap1"	566	"HiG"
"HiG_17"	369	"Ugdh"	240	"HiG"
"HiG_17"	223	"Psph"	264	"HiG"
"HiG_17"	2485	"Atp2a2"	51	"HiG"
"HiG_17"	1038	"Anxa3"	127.5	"HiG"
"HiG_17"	0	"Gng11"	566	"HiG"
"HiG_17"	2	"Ptms"	459	"HiG"
"HiG_17"	1038	"Ldhb"	127.5	"HiG"
"HiG_17"	672	"Bcat1"	175.5	"HiG"
"HiG_17"	2	"Cmas"	459	"HiG"
"HiG_17"	470	"Slc2a3"	223	"HiG"
"HiG_17"	159	"Cd9"	281	"HiG"
"HiG_17"	495	"Vasp"	217	"HiG"
"HiG_17"	17	"Mfge8"	383	"HiG"
"HiG_17"	2238	"Arl6ip1"	60	"HiG"
"HiG_17"	44	"Mylpf"	338.5	"HiG"
"HiG_17"	1137	"Stard10"	117	"HiG"
"HiG_17"	10	"Rab6a"	396.5	"HiG"
"HiG_17"	0	"Rgs10"	566	"HiG"
"HiG_17"	1747	"Ilk"	77	"HiG"
"HiG_17"	0	"Tmem9b"	566	"HiG"
"HiG_17"	3	"Plp2"	447	"HiG"
"HiG_17"	0	"Itm2a"	566	"HiG"
"HiG_17"	39	"Hmgn5"	345.5	"HiG"
"HiG_17"	0	"Nono"	566	"HiG"
"HiG_17"	491	"Rps4x"	218	"HiG"
"HiG_17"	2800	"Rbbp7"	45	"HiG"
"HiG_17"	1194	"Morf4l2"	111	"HiG"
"HiG_17"	885	"Lamp1"	142	"HiG"
"HiG_17"	36	"Eif4ebp1"	348	"HiG"
"HiG_17"	84	"Rbpms"	302	"HiG"
"HiG_17"	9	"Msmo1"	402	"HiG"
"HiG_17"	0	"Sap30"	566	"HiG"
"HiG_17"	2418	"Slc25a4"	53	"HiG"
"HiG_17"	407	"Mylk3"	233	"HiG"
"HiG_17"	67	"Hsbp1"	315.5	"HiG"
"HiG_17"	0	"Rrad"	566	"HiG"
"HiG_17"	3777	"Acta1"	31	"HiG"
"HiG_17"	31	"Fdx1"	359	"HiG"
"HiG_17"	1814	"Tagln"	75	"HiG"
"HiG_17"	409	"Nedd4"	231	"HiG"
"HiG_17"	8917	"Anxa2"	10	"HiG"
"HiG_17"	8	"Fam46a"	408.5	"HiG"
"HiG_17"	0	"Crabp1"	566	"HiG"
"HiG_17"	7168	"Pkm"	15	"HiG"
"HiG_17"	139	"Tspan3"	287	"HiG"
"HiG_17"	2	"Gsta4"	459	"HiG"
"HiG_17"	0	"Fam195b"	566	"HiG"
"HiG_17"	890	"Ppib"	141	"HiG"
"HiG_17"	0	"Cmtm7"	566	"HiG"
"HiG_17"	696	"Tdgf1"	173	"HiG"
"HiG_17"	0	"Ptov1"	566	"HiG"
"HiG_17"	0	"3632451O06Rik"	566	"HiG"
"HiG_17"	112	"Lpp"	293	"HiG"
"HiG_17"	6	"Pkp2"	422	"HiG"
"HiG_17"	0	"Igfbpl1"	566	"HiG"
"HiG_17"	0	"Car14"	566	"HiG"
"HiG_17"	11	"Nexn"	390.5	"HiG"
"HiG_17"	2397	"Fkbp1a"	54	"HiG"
"HiG_17"	581	"Npl"	204	"HiG"
"HiG_17"	10	"Ehbp1l1"	396.5	"HiG"
"HiG_17"	0	"Sh3bgr"	566	"HiG"
"HiG_17"	631	"Ube2r2"	194	"HiG"
"HiG_17"	0	"Btg1"	566	"HiG"
"HiG_17"	0	"Selenow"	566	"HiG"
"HiG_17"	0	"Akr1b10"	566	"HiG"
"HiG_17"	552	"Timm8b"	209	"HiG"
"HiG_17"	31	"Atp1a1"	359	"HiG"
"HiG_17"	15	"Asb4"	386.5	"HiG"
"HiG_17"	54	"Prrx2"	325	"HiG"
"HiG_17"	0	"Pnrc1"	566	"HiG"
"HiG_17"	0	"Pbxip1"	566	"HiG"
"HiG_17"	290	"Mgarp"	251	"HiG"
"HiG_17"	1154	"Cox8a"	114	"HiG"
"HiG_17"	0	"4921524J17Rik"	566	"HiG"
"HiG_17"	148	"Mif"	284	"HiG"
"HiG_17"	10	"Arl6ip5"	396.5	"HiG"
"HiG_17"	105	"Gata6"	295	"HiG"
"HiG_17"	590	"F11r"	200	"HiG"
"HiG_17"	1	"Bag2"	476.5	"HiG"
"HiG_17"	773	"Tubb4b"	158	"HiG"
"HiG_17"	2	"Myl12b"	459	"HiG"
"HiG_17"	2341	"Hspb2"	56	"HiG"
"HiG_17"	2250	"Eef1a1"	59	"HiG"
"HiG_17"	258	"Bex2"	259	"HiG"
"HiG_17"	849	"Rbm24"	146	"HiG"
"HiG_17"	0	"Dok4"	566	"HiG"
"HiG_17"	620	"Rcsd1"	196	"HiG"
"HiG_17"	850	"Cd81"	145	"HiG"
"HiG_17"	0	"Efhd2"	566	"HiG"
"HiG_17"	0	"Tsc22d1"	566	"HiG"
"HiG_17"	0	"Fermt2"	566	"HiG"
"HiG_17"	3	"Prkcdbp"	447	"HiG"
"HiG_17"	898	"Ppp1r14c"	139.5	"HiG"
"HiG_17"	0	"Prss23"	566	"HiG"
"HiG_17"	0	"Limd2"	566	"HiG"
"HiG_17"	6	"Ndn"	422	"HiG"
"HiG_17"	3	"Tmem108"	447	"HiG"
"HiG_17"	0	"Nenf"	566	"HiG"
"HiG_17"	0	"Gde1"	566	"HiG"
"HiG_17"	322	"Cdo1"	246	"HiG"
"HiG_17"	646	"Hand1"	180	"HiG"
"HiG_17"	0	"Pdlim7"	566	"HiG"
"HiG_17"	2	"Grhpr"	459	"HiG"
"HiG_17"	87	"Pitx2"	301	"HiG"
"HiG_17"	643	"Apobec2"	186.5	"HiG"
"HiG_17"	0	"Tax1bp3"	566	"HiG"
"HiG_17"	34	"Tceal9"	352	"HiG"
"HiG_17"	0	"Card19"	566	"HiG"
"HiG_17"	1237	"Adk"	106	"HiG"
"HiG_17"	644	"Atp6v0b"	183.5	"HiG"
"HiG_17"	0	"S100a13"	566	"HiG"
"HiG_17"	16548	"Acta2"	3	"HiG"
"HiG_17"	0	"Josd2"	566	"HiG"
"HiG_17"	0	"Degs1"	566	"HiG"
"HiG_17"	8	"Hspb11"	408.5	"HiG"
"HiG_17"	1017	"Calm2"	132.5	"HiG"
"HiG_17"	40	"Ccdc88a"	343.5	"HiG"
"HiG_17"	26	"Ctnna1"	369.5	"HiG"
"HiG_17"	2769	"Gpi1"	46	"HiG"
"HiG_17"	212	"Ckap4"	268	"HiG"
"HiG_17"	0	"Peg3"	566	"HiG"
"HiG_17"	34	"Tuba1c"	352	"HiG"
"HiG_17"	597	"Abra"	199	"HiG"
"HiG_17"	26	"Tbx20"	369.5	"HiG"
"HiG_17"	0	"Frat2"	566	"HiG"
"HiG_17"	2033	"Pdia6"	67	"HiG"
"HiG_17"	11	"Basp1"	390.5	"HiG"
"HiG_17"	5	"Map7d1"	431	"HiG"
"HiG_17"	0	"Fbln1"	566	"HiG"
"HiG_17"	124	"Xbp1"	290	"HiG"
"HiG_17"	643	"Higd1a"	186.5	"HiG"
"HiG_17"	8	"Cpox"	408.5	"HiG"
"HiG_17"	0	"Tmem88"	566	"HiG"
"HiG_17"	82	"Marcksl1"	304	"HiG"
"HiG_17"	0	"Prtg"	566	"HiG"
"HiG_17"	0	"Wwc2"	566	"HiG"
"HiG_17"	406	"Ankrd37"	234	"HiG"
"HiG_17"	3	"Mageh1"	447	"HiG"
"HiG_17"	0	"Bri3"	566	"HiG"
"HiG_17"	0	"Rbpms2"	566	"HiG"
"HiG_17"	54	"Cd24a"	325	"HiG"
"HiG_17"	6	"Smtnl2"	422	"HiG"
"HiG_17"	1293	"Vamp8"	98	"HiG"
"HiG_17"	1129	"Bex1"	118	"HiG"
"HiG_17"	0	"Crlf3"	566	"HiG"
"HiG_17"	0	"Fbxl22"	566	"HiG"
"HiG_17"	0	"Ier2"	566	"HiG"
"HiG_17"	1198	"Tead1"	110	"HiG"
"HiG_17"	1588	"Hmgn1"	81	"HiG"
"HiG_17"	7	"Lmod1"	414.5	"HiG"
"HiG_17"	7	"Dcaf12l1"	414.5	"HiG"
"HiG_17"	2357	"Gpc3"	55	"HiG"
"HiG_17"	1946	"Flnc"	69.5	"HiG"
"HiG_17"	1441	"Pdlim1"	92	"HiG"
"HiG_17"	1217	"Ndufa8"	107	"HiG"
"HiG_17"	0	"Tmem9"	566	"HiG"
"HiG_17"	1	"Fam49a"	476.5	"HiG"
"HiG_17"	0	"Taf7"	566	"HiG"
"HiG_17"	192	"Rtn3"	273	"HiG"
"HiG_17"	34	"Rgs17"	352	"HiG"
"HiG_17"	0	"Mllt11"	566	"HiG"
"HiG_17"	380	"Khdrbs1"	237	"HiG"
"HiG_17"	0	"Plekha2"	566	"HiG"
"HiG_17"	1257	"Gata4"	103.5	"HiG"
"HiG_17"	1839	"Actn2"	72	"HiG"
"HiG_17"	20	"Wls"	378.5	"HiG"
"HiG_17"	11	"Map1b"	390.5	"HiG"
"HiG_17"	1557	"Ak1"	84	"HiG"
"HiG_17"	582	"Nusap1"	203	"HiG"
"HiG_17"	1095	"Pfn2"	121	"HiG"
"HiG_17"	0	"Npm3"	566	"HiG"
"HiG_17"	19	"Rras2"	380.5	"HiG"
"HiG_17"	52	"Fabp3"	327.5	"HiG"
"HiG_17"	1444	"Ywhae"	91	"HiG"
"HiG_17"	645	"Nptx2"	181	"HiG"
"HiG_17"	6	"Mfap2"	422	"HiG"
"HiG_17"	0	"Usp13"	566	"HiG"
"HiG_17"	272	"Cgnl1"	256	"HiG"
"HiG_17"	0	"Lrrc10"	566	"HiG"
"HiG_17"	21	"Polg"	376.5	"HiG"
"HiG_17"	503	"Smyd1"	216	"HiG"
"HiG_17"	0	"Irx2"	566	"HiG"
"HiG_17"	2	"Wbp2"	459	"HiG"
"HiG_17"	0	"Klk1"	566	"HiG"
"HiG_17"	6	"Nectin2"	422	"HiG"
"HiG_17"	22	"Zcrb1"	374.5	"HiG"
"HiG_17"	2	"Tspan7"	459	"HiG"
"HiG_17"	0	"Sypl"	566	"HiG"
"HiG_17"	525	"Pdia4"	214	"HiG"
"HiG_17"	45	"Arpc5"	335.5	"HiG"
"HiG_17"	4	"Kcng2"	439	"HiG"
"HiG_17"	0	"Rsrp1"	566	"HiG"
"HiG_17"	874	"Cfl2"	143.5	"HiG"
"HiG_17"	3719	"Myl3"	32	"HiG"
"HiG_17"	39	"Yaf2"	345.5	"HiG"
"HiG_17"	237	"Dab2"	261	"HiG"
"HiG_17"	874	"Eno1"	143.5	"HiG"
"HiG_17"	6	"Timm17a"	422	"HiG"
"HiG_17"	5372	"Pgk1"	27	"HiG"
"HiG_17"	2599	"Myh6"	49	"HiG"
"HiG_17"	10425	"mt-Nd1"	7	"HiG"
"HiG_17"	1117	"mt-Nd2"	119	"HiG"
"HiG_17"	6215	"mt-Co1"	20	"HiG"
"HiG_17"	1946	"mt-Co2"	69.5	"HiG"
"HiG_17"	1532	"mt-Atp6"	86	"HiG"
"HiG_17"	364	"mt-Co3"	241	"HiG"
"HiG_17"	3285	"mt-Nd4"	38	"HiG"
"HiG_17"	1274	"mt-Cytb"	100	"HiG"
"HiG_17"	5617	"Gpx3"	25	"HiG"
"HiG_17"	1	"Slc31a1"	476.5	"HiG"
"HiG_17"	1257	"Crip2"	103.5	"HiG"
"HiG_17"	0	"Anp32a"	566	"HiG"
"HiG_17"	72	"Gbas"	311	"HiG"
"HiG_17"	0	"Speg"	566	"HiG"
"HiG_17"	2	"Capn6"	459	"HiG"
"HiG_17"	199	"Ppp1r3c"	271	"HiG"
"HiG_17"	0	"Pgm2"	566	"HiG"
"HiG_17"	41	"Tspan6"	342	"HiG"
"HiG_17"	2046	"Aldoa"	66	"HiG"
"HiG_17"	5183	"Myl9"	28	"HiG"
"HiG_17"	1	"Cxx1a"	476.5	"HiG"
"HiG_17"	561	"Lgals1"	206.5	"HiG"
"HiG_17"	127	"Mmp14"	289	"HiG"
"HiG_17"	1516	"Hnrnpa2b1"	88	"HiG"
"HiG_17"	6975	"Itgb1"	17	"HiG"
"HiG_17"	6768	"Actc1"	18	"HiG"
"HiG_17"	1323	"Atp5g1"	97	"HiG"
"HiG_17"	587	"Prnp"	201	"HiG"
"HiG_17"	193	"Grb10"	272	"HiG"
"HiG_17"	17158	"Hsp90aa1"	2	"HiG"
"HiG_17"	644	"Id1"	183.5	"HiG"
"HiG_17"	35	"Jund"	349.5	"HiG"
"HiG_17"	0	"Mtch1"	566	"HiG"
"HiG_17"	0	"Bves"	566	"HiG"
"HiG_17"	0	"Ccdc136"	566	"HiG"
"HiG_17"	448	"Pigx"	227	"HiG"
"HiG_17"	3242	"Tuba1a"	39	"HiG"
"HiG_17"	898	"Gpx4"	139.5	"HiG"
"HiG_17"	259	"Prkce"	258	"HiG"
"HiG_17"	794	"Csrp1"	154.5	"HiG"
"HiG_17"	0	"Pam"	566	"HiG"
"HiG_17"	0	"Ramp1"	566	"HiG"
"HiG_17"	0	"Macf1"	566	"HiG"
"HiG_17"	82	"Rragd"	304	"HiG"
"HiG_17"	28	"Snrpn"	364.5	"HiG"
"HiG_17"	204	"Cox7a1"	270	"HiG"
"HiG_17"	3232	"Tnni3"	40	"HiG"
"HiG_17"	0	"Atxn7l3b"	566	"HiG"
"HiG_17"	11	"Lmo7"	390.5	"HiG"
"HiG_17"	466	"Selenos"	225	"HiG"
"HiG_17"	0	"Ptges3l"	566	"HiG"
"HiG_17"	48	"Dstn"	331.5	"HiG"
"HiG_17"	634	"Car4"	193	"HiG"
"HiG_17"	1070	"Hspb7"	123	"HiG"
"HiG_17"	0	"Tcea3"	566	"HiG"
"HiG_17"	2621	"Hdac1"	48	"HiG"
"HiG_17"	2	"Selenoh"	459	"HiG"
"HiG_17"	615	"Vdac1"	198	"HiG"
"HiG_17"	1057	"Rtn4"	124.5	"HiG"
"HiG_17"	8	"Mdh1"	408.5	"HiG"
"HiG_17"	1286	"Ugp2"	99	"HiG"
"HiG_17"	7334	"Myl7"	13	"HiG"
"HiG_17"	31	"Sox4"	359	"HiG"
"HiG_17"	2	"Akr1b3"	459	"HiG"
"HiG_17"	310	"Col18a1"	248	"HiG"
"HiG_17"	247	"Trim63"	260	"HiG"
"HiG_17"	2990	"Bnip3"	44	"HiG"
"HiG_17"	0	"Ypel3"	566	"HiG"
"HiG_17"	0	"1810037I17Rik"	566	"HiG"
"HiG_17"	1565	"Myl4"	83	"HiG"
"HiG_17"	3607	"Jun"	34	"HiG"
"HiG_17"	1268	"Idh2"	101	"HiG"
"HiG_17"	539	"Tmod1"	212.5	"HiG"
"HiG_17"	1	"Tead2"	476.5	"HiG"
"HiG_17"	2258	"Prmt1"	58	"HiG"
"HiG_17"	1506	"Tpm2"	89	"HiG"
"HiG_17"	0	"Tnfaip1"	566	"HiG"
"HiG_17"	6270	"Eno3"	19	"HiG"
"HiG_17"	2	"Tnnt1"	459	"HiG"
"HiG_17"	0	"Tsen34"	566	"HiG"
"HiG_17"	80	"Myocd"	306	"HiG"
"HiG_17"	1248	"Anxa6"	105	"HiG"
"HiG_17"	15	"Vcan"	386.5	"HiG"
"HiG_17"	2211	"Prdx2"	61	"HiG"
"HiG_17"	617	"H2afv"	197	"HiG"
"HiG_17"	163	"Cox4i2"	280	"HiG"
"HiG_17"	0	"Tmed9"	566	"HiG"
"HiG_17"	0	"Mpped2"	566	"HiG"
"HiG_17"	0	"Tspan18"	566	"HiG"
"HiG_17"	55	"Arhgap1"	323	"HiG"
"HiG_17"	2	"Mpzl1"	459	"HiG"
"HiG_17"	33	"Tfpi"	355	"HiG"
"HiG_17"	13410	"Myl2"	5	"HiG"
"HiG_17"	48	"H19"	331.5	"HiG"
"HiG_17"	14207	"Ttn"	4	"HiG"
"HiG_17"	0	"Shisa5"	566	"HiG"
"HiG_17"	838	"Itga6"	148	"HiG"
"HiG_17"	1341	"Tmsb4x"	95	"HiG"
"HiG_17"	4	"Selenok"	439	"HiG"
"HiG_17"	6	"Ap1s2"	422	"HiG"
"HiG_17"	0	"Sms"	566	"HiG"
"HiG_17"	0	"Zfp644"	566	"HiG"
"HiG_17"	0	"Dcp1b"	566	"HiG"
"HiG_17"	5	"Tsc22d3"	431	"HiG"
"HiG_17"	561	"Mum1l1"	206.5	"HiG"
"HiG_17"	724	"Foxp1"	165	"HiG"
"HiG_17"	188	"Rasgrp2"	275	"HiG"
"HiG_17"	8824	"Tpm1"	11	"HiG"
"HiG_17"	67	"Arpc2"	315.5	"HiG"
"HiG_17"	0	"Tmsb10"	566	"HiG"
"HiG_17"	4	"Rcn2"	439	"HiG"
"HiG_17"	10	"Zbtb20"	396.5	"HiG"
"HiG_17"	0	"Fstl1"	566	"HiG"
"HiG_17"	0	"Fhl1"	566	"HiG"
"HiG_17"	319	"Celf2"	247	"HiG"
"HiG_17"	8	"Cald1"	408.5	"HiG"
"HiG_17"	3428	"Hnrnpk"	36	"HiG"
"HiG_17"	0	"Mphosph8"	566	"HiG"
"HiG_17"	19	"Bex4"	380.5	"HiG"
"HiG_17"	0	"Fam213a"	566	"HiG"
"HiG_17"	33	"Palld"	355	"HiG"
"HiG_17"	16	"Tbrg1"	385	"HiG"
"HiG_17"	0	"Synpo2l"	566	"HiG"
"HiG_17"	17	"Casz1"	383	"HiG"
"HiG_17"	456	"Cox17"	226	"HiG"
"HiG_17"	0	"Fam104a"	566	"HiG"
"HiG_17"	206	"Pdcd5"	269	"HiG"
"HiG_17"	102	"Rab4a"	297	"HiG"
"HiG_17"	70646	"Gapdh"	1	"HiG"
"HiG_17"	2010	"Igf2"	68	"HiG"
"HiG_17"	412	"Prdx1"	230	"HiG"
"HiG_17"	10305	"Ubc"	8	"HiG"
"HiG_17"	1	"Arl4a"	476.5	"HiG"
"HiG_17"	27	"Dbi"	367	"HiG"
"HiG_17"	0	"Svil"	566	"HiG"
"HiG_17"	228	"Pfkp"	262	"HiG"
"HiG_17"	8	"Minos1"	408.5	"HiG"
"HiG_17"	33	"Mest"	355	"HiG"
"HiG_17"	0	"Sri"	566	"HiG"
"HiG_17"	96	"Afdn"	298	"HiG"
"HiG_17"	213	"Srsf6"	266.5	"HiG"
"HiG_17"	0	"Bbx"	566	"HiG"
"HiG_17"	9	"Smim14"	402	"HiG"
"HiG_17"	0	"Myl12a"	566	"HiG"
"HiG_17"	69	"Tnni1"	313.5	"HiG"
"HiG_17"	271	"Ywhaq"	257	"HiG"
"HiG_17"	4	"Psme2"	439	"HiG"
"HiG_17"	222	"Hmga2"	265	"HiG"
"HiG_17"	0	"Cadm1"	566	"HiG"
"HiG_17"	174	"Hipk2"	278	"HiG"
"HiG_17"	9	"Herpud1"	402	"HiG"
"HiG_17"	225	"H3f3a"	263	"HiG"
"HiG_17"	9	"Cycs"	402	"HiG"
"HiG_17"	168	"Manf"	279	"HiG"
"HiG_17"	442	"Tra2b"	228	"HiG"
"HiG_17"	649	"Plod2"	179	"HiG"
"HiG_17"	375	"Slc16a3"	239	"HiG"
"HiG_17"	40	"Ccnd3"	343.5	"HiG"
"HiG_17"	45	"Bcr"	335.5	"HiG"
"HiG_17"	1887	"Serpinh1"	71	"HiG"
"HiG_17"	563	"Zyx"	205	"HiG"
"HiG_17"	543	"Dnajb11"	210	"HiG"
"HiG_17"	359	"Myh7"	242	"HiG"
"HiG_17"	5934	"Eif4a1"	23	"HiG"
"HiG_17"	328	"Mybpc3"	245	"HiG"
"HiG_17"	0	"C530008M17Rik"	566	"HiG"
"HiG_17"	11	"Armcx2"	390.5	"HiG"
"HiG_17"	17	"Idh3a"	383	"HiG"
"HiG_17"	6	"Atp6v0e"	422	"HiG"
"HiG_17"	69	"Sept7"	313.5	"HiG"
"HiG_17"	0	"Sorbs2"	566	"HiG"
"HiG_17"	10	"Slc39a8"	396.5	"HiG"
"HiG_17"	75	"G3bp2"	309.5	"HiG"
"HiG_17"	0	"Anp32e"	566	"HiG"
"HiG_17"	0	"Ccdc141"	566	"HiG"
"HiG_17"	3529	"Myl6"	35	"HiG"
"HiG_17"	1542	"Cdkn1c"	85	"HiG"
"HiG_17"	1651	"Rab11a"	79	"HiG"
"HiG_17"	1026	"Csrp3"	131	"HiG"
"HiG_17"	293	"Tceal8"	249	"HiG"
"HiG_17"	387	"Dnaja1"	236	"HiG"
"HiG_17"	0	"Arid3b"	566	"HiG"
"HiG_17"	0	"Krcc1"	566	"HiG"
"HiG_17"	82	"Ssb"	304	"HiG"
"HiG_17"	520	"Rbfox2"	215	"HiG"
"HiG_17"	3388	"Tpi1"	37	"HiG"
"HiG_17"	769	"Tnnc1"	159	"HiG"
"HiG_17"	4	"Tgfb1i1"	439	"HiG"
"HiG_17"	2	"Atxn10"	459	"HiG"
"HiG_17"	714	"Cacna2d2"	167	"HiG"
"HiG_17"	0	"Prr13"	566	"HiG"
"HiG_17"	21	"Phlda1"	376.5	"HiG"
"HiG_17"	7053	"Apoe"	16	"HiG"
"HiG_17"	109	"Ddx39b"	294	"HiG"
"HiG_17"	2087	"Cct4"	63	"HiG"
"HiG_17"	0	"Rbm38"	566	"HiG"
"HiG_17"	56	"Psme1"	321	"HiG"
"HiG_17"	115	"Gyg"	292	"HiG"
"HiG_17"	0	"Ddc"	566	"HiG"
"HiG_17"	0	"Oaz2"	566	"HiG"
"HiG_17"	780	"Bex3"	157	"HiG"
"HiG_17"	0	"H1f0"	566	"HiG"
"HiG_17"	1209	"Ank3"	108	"HiG"
"HiG_17"	0	"Smim1"	566	"HiG"
"HiG_17"	56	"Apbb1"	321	"HiG"
"HiG_17"	4767	"Gnas"	29	"HiG"
"HiG_17"	995	"Smpx"	135	"HiG"
"HiG_17"	0	"Tmem163"	566	"HiG"
"HiG_17"	11218	"Tnnt2"	6	"HiG"
"HiG_17"	0	"Dag1"	566	"HiG"
"HiG_17"	154	"Tgfb2"	282	"HiG"
"HiG_17"	0	"Klhdc8b"	566	"HiG"
"HiG_17"	0	"Stard3nl"	566	"HiG"
"HiG_17"	1148	"Pdlim5"	115	"HiG"
"HiG_17"	808	"Amph"	150	"HiG"
"HiG_17"	0	"Fdps"	566	"HiG"
"HiG_17"	0	"Sh3glb1"	566	"HiG"
"HiG_17"	5816	"Mef2c"	24	"HiG"
"HiG_17"	1825	"Crip1"	74	"HiG"
"HiG_17"	6	"Myadm"	422	"HiG"
"HiG_17"	0	"Hapln3"	566	"HiG"
"HiG_17"	0	"Homer2"	566	"HiG"
"HiG_17"	0	"Gm45716"	566	"HiG"
"HiG_17"	0	"Isyna1"	566	"HiG"
"HiG_17"	5559	"Ldha"	26	"HiG"
"HiG_17"	1765	"Cck"	76	"HiG"
"HiG_17"	3839	"Cryab"	30	"HiG"
"HiG_17"	0	"Cdkn2d"	566	"HiG"
"HiG_17"	0	"Cited2"	566	"HiG"
"HiG_17"	56	"Stx7"	321	"HiG"
"HiG_17"	489	"Chchd10"	219	"HiG"
"HiG_17"	488	"Id2"	220	"HiG"
"HiG_17"	24	"Ctsl"	372.5	"HiG"
"HiG_17"	539	"Gdi2"	212.5	"HiG"
"HiG_17"	38	"Pcgf5"	347	"HiG"
"HiG_17"	0	"Emilin2"	566	"HiG"
"HiG_17"	29	"Gal"	363	"HiG"
"HiG_17"	0	"Prelid2"	566	"HiG"
"HiG_17"	1419	"Ankrd1"	93	"HiG"
"HiG_17"	92	"Txnl1"	300	"HiG"
"HiG_17"	0	"Paip2"	566	"HiG"
"HiG_17"	153	"Egfl7"	283	"HiG"
"HiG_18"	45	"Klf6"	302.5	"HiG"
"HiG_18"	57	"Sdhd"	290	"HiG"
"HiG_18"	452	"Ccnd2"	194	"HiG"
"HiG_18"	3	"Tpd52l1"	404.5	"HiG"
"HiG_18"	17	"Plin2"	345.5	"HiG"
"HiG_18"	1772	"Ilf2"	56	"HiG"
"HiG_18"	53	"Lsr"	294	"HiG"
"HiG_18"	354	"Tubb6"	207.5	"HiG"
"HiG_18"	4657	"Col1a1"	23	"HiG"
"HiG_18"	89	"Fkbp10"	260	"HiG"
"HiG_18"	435	"Hoxc8"	197	"HiG"
"HiG_18"	0	"Ddt"	508	"HiG"
"HiG_18"	447	"Eef1e1"	196	"HiG"
"HiG_18"	981	"Pabpc1"	103	"HiG"
"HiG_18"	1	"Capns1"	429.5	"HiG"
"HiG_18"	838	"Rhoc"	122	"HiG"
"HiG_18"	0	"Lamb1"	508	"HiG"
"HiG_18"	521	"Bcam"	183	"HiG"
"HiG_18"	42	"Fkbp11"	305.5	"HiG"
"HiG_18"	1709	"Tpm4"	57	"HiG"
"HiG_18"	5030	"Calr"	17	"HiG"
"HiG_18"	0	"Ralb"	508	"HiG"
"HiG_18"	309	"Etfb"	218	"HiG"
"HiG_18"	1629	"Cnn2"	60	"HiG"
"HiG_18"	582	"Cstb"	156.5	"HiG"
"HiG_18"	28	"Wdr1"	321.5	"HiG"
"HiG_18"	448	"Wisp1"	195	"HiG"
"HiG_18"	4957	"App"	20	"HiG"
"HiG_18"	3	"Snx6"	404.5	"HiG"
"HiG_18"	341	"Reep5"	210	"HiG"
"HiG_18"	62	"Rcn1"	285.5	"HiG"
"HiG_18"	0	"Tbcb"	508	"HiG"
"HiG_18"	1	"Elovl1"	429.5	"HiG"
"HiG_18"	1577	"Cdc20"	61	"HiG"
"HiG_18"	730	"Srm"	132	"HiG"
"HiG_18"	258	"Aprt"	222	"HiG"
"HiG_18"	136	"Clic1"	253	"HiG"
"HiG_18"	1195	"Krt19"	82	"HiG"
"HiG_18"	38	"Id3"	309	"HiG"
"HiG_18"	0	"Rala"	508	"HiG"
"HiG_18"	573	"Dynll1"	162	"HiG"
"HiG_18"	4	"Wdr77"	394.5	"HiG"
"HiG_18"	966	"Phlda2"	104.5	"HiG"
"HiG_18"	0	"Pea15a"	508	"HiG"
"HiG_18"	164	"Surf4"	245	"HiG"
"HiG_18"	355	"Ppp1cb"	206	"HiG"
"HiG_18"	22	"Steap1"	333.5	"HiG"
"HiG_18"	19908	"Hspa8"	4	"HiG"
"HiG_18"	35	"Rrbp1"	312.5	"HiG"
"HiG_18"	773	"Slc25a5"	128	"HiG"
"HiG_18"	35	"Rnd3"	312.5	"HiG"
"HiG_18"	13	"Psmd11"	354.5	"HiG"
"HiG_18"	12	"Cyba"	358	"HiG"
"HiG_18"	1	"Timp2"	429.5	"HiG"
"HiG_18"	0	"Igfbp4"	508	"HiG"
"HiG_18"	17	"Wsb1"	345.5	"HiG"
"HiG_18"	2	"Wfdc2"	413	"HiG"
"HiG_18"	1364	"Pfn1"	75	"HiG"
"HiG_18"	852	"Gabarap"	120	"HiG"
"HiG_18"	1269	"Sparc"	79	"HiG"
"HiG_18"	26	"Copz2"	325	"HiG"
"HiG_18"	94	"P4ha2"	257	"HiG"
"HiG_18"	167	"Ywhah"	244	"HiG"
"HiG_18"	17	"Rcn3"	345.5	"HiG"
"HiG_18"	0	"Dusp9"	508	"HiG"
"HiG_18"	564	"Mydgf"	174.5	"HiG"
"HiG_18"	23	"Plin3"	330.5	"HiG"
"HiG_18"	0	"Abracl"	508	"HiG"
"HiG_18"	0	"Nudt4"	508	"HiG"
"HiG_18"	2427	"Hsp90b1"	46	"HiG"
"HiG_18"	0	"H2afy2"	508	"HiG"
"HiG_18"	137	"Ppa1"	252	"HiG"
"HiG_18"	0	"Csrp2"	508	"HiG"
"HiG_18"	121	"Pofut2"	255	"HiG"
"HiG_18"	0	"Arf5"	508	"HiG"
"HiG_18"	0	"Laptm4a"	508	"HiG"
"HiG_18"	1339	"Sdc1"	77	"HiG"
"HiG_18"	1432	"Rrm2"	70.5	"HiG"
"HiG_18"	1659	"Ddx5"	58	"HiG"
"HiG_18"	884	"Slc9a3r1"	112	"HiG"
"HiG_18"	558	"Galk1"	176	"HiG"
"HiG_18"	224	"Fam64a"	231.5	"HiG"
"HiG_18"	12	"Lrrc59"	358	"HiG"
"HiG_18"	0	"Zfp36l1"	508	"HiG"
"HiG_18"	705	"Npc2"	137	"HiG"
"HiG_18"	2	"Siva1"	413	"HiG"
"HiG_18"	6	"Dek"	382.5	"HiG"
"HiG_18"	0	"Gadd45g"	508	"HiG"
"HiG_18"	50	"Ptch1"	296.5	"HiG"
"HiG_18"	171	"Msx2"	243	"HiG"
"HiG_18"	0	"Sfxn1"	508	"HiG"
"HiG_18"	16	"Lman2"	349	"HiG"
"HiG_18"	0	"Prelid1"	508	"HiG"
"HiG_18"	354	"Dbn1"	207.5	"HiG"
"HiG_18"	5	"Pitx1"	387.5	"HiG"
"HiG_18"	80	"Hapln1"	267	"HiG"
"HiG_18"	35	"Gpx8"	312.5	"HiG"
"HiG_18"	416	"Arf4"	199	"HiG"
"HiG_18"	4	"Tkt"	394.5	"HiG"
"HiG_18"	576	"Itm2b"	160	"HiG"
"HiG_18"	1023	"Dnajc3"	100	"HiG"
"HiG_18"	30	"Sdc2"	318.5	"HiG"
"HiG_18"	1561	"Eif3e"	62	"HiG"
"HiG_18"	0	"Hes1"	508	"HiG"
"HiG_18"	22	"Nectin3"	333.5	"HiG"
"HiG_18"	85	"Snai2"	263	"HiG"
"HiG_18"	1862	"Sdf2l1"	54	"HiG"
"HiG_18"	0	"Popdc2"	508	"HiG"
"HiG_18"	398	"Tmbim6"	201	"HiG"
"HiG_18"	866	"Krt18"	118	"HiG"
"HiG_18"	1363	"Krt8"	76	"HiG"
"HiG_18"	337	"Creld2"	211.5	"HiG"
"HiG_18"	45	"Pcbp4"	302.5	"HiG"
"HiG_18"	0	"C1qtnf12"	508	"HiG"
"HiG_18"	0	"Smoc2"	508	"HiG"
"HiG_18"	139	"Bambi"	250.5	"HiG"
"HiG_18"	107	"Ppic"	256	"HiG"
"HiG_18"	0	"Carnmt1"	508	"HiG"
"HiG_18"	91	"Prdx3"	258.5	"HiG"
"HiG_18"	592	"Hells"	155	"HiG"
"HiG_18"	1	"Arl3"	429.5	"HiG"
"HiG_18"	329	"Gsto1"	213	"HiG"
"HiG_18"	1530	"P4hb"	64	"HiG"
"HiG_18"	826	"Maged1"	124	"HiG"
"HiG_18"	16	"Maged2"	349	"HiG"
"HiG_18"	0	"Prdx4"	508	"HiG"
"HiG_18"	1162	"Rps26"	86	"HiG"
"HiG_18"	3037	"Atp5b"	40	"HiG"
"HiG_18"	620	"Clns1a"	150	"HiG"
"HiG_18"	2	"Tspan4"	413	"HiG"
"HiG_18"	1279	"Eif4a3"	78	"HiG"
"HiG_18"	50	"Podxl"	296.5	"HiG"
"HiG_18"	2755	"Cct8"	41	"HiG"
"HiG_18"	462	"Nrp1"	192	"HiG"
"HiG_18"	69	"Smad7"	276.5	"HiG"
"HiG_18"	1183	"Hspd1"	85	"HiG"
"HiG_18"	0	"Itm2c"	508	"HiG"
"HiG_18"	4960	"Ncl"	19	"HiG"
"HiG_18"	31	"Dars"	316.5	"HiG"
"HiG_18"	2	"Mpc2"	413	"HiG"
"HiG_18"	7	"Rgs5"	376.5	"HiG"
"HiG_18"	3	"Rsu1"	404.5	"HiG"
"HiG_18"	1520	"Vim"	65	"HiG"
"HiG_18"	21955	"Hspa5"	2	"HiG"
"HiG_18"	6	"Ube2e3"	382.5	"HiG"
"HiG_18"	245	"Eif3m"	228.5	"HiG"
"HiG_18"	1	"Meis2"	429.5	"HiG"
"HiG_18"	676	"Creb3l1"	143	"HiG"
"HiG_18"	831	"Pdia3"	123	"HiG"
"HiG_18"	0	"1700037H04Rik"	508	"HiG"
"HiG_18"	84	"Cst3"	264	"HiG"
"HiG_18"	1	"Fam83d"	429.5	"HiG"
"HiG_18"	3988	"Anxa5"	26	"HiG"
"HiG_18"	30	"Ppid"	318.5	"HiG"
"HiG_18"	565	"Serp1"	173	"HiG"
"HiG_18"	14	"Ssr3"	352	"HiG"
"HiG_18"	648	"S100a11"	145	"HiG"
"HiG_18"	0	"Slc27a3"	508	"HiG"
"HiG_18"	12	"Hadh"	358	"HiG"
"HiG_18"	0	"Snx7"	508	"HiG"
"HiG_18"	570	"Tdo2"	163.5	"HiG"
"HiG_18"	0	"Ctso"	508	"HiG"
"HiG_18"	56	"Cnn3"	292.5	"HiG"
"HiG_18"	211	"Cyr61"	235.5	"HiG"
"HiG_18"	1011	"Tln1"	101	"HiG"
"HiG_18"	0	"Glipr2"	508	"HiG"
"HiG_18"	4	"Txndc12"	394.5	"HiG"
"HiG_18"	711	"Gpx7"	135	"HiG"
"HiG_18"	2	"Lrrc42"	413	"HiG"
"HiG_18"	954	"Slc2a1"	106	"HiG"
"HiG_18"	26	"Akr1a1"	325	"HiG"
"HiG_18"	681	"Ebna1bp2"	140.5	"HiG"
"HiG_18"	925	"Sh3bgrl3"	108	"HiG"
"HiG_18"	4	"Ctnnbip1"	394.5	"HiG"
"HiG_18"	141	"Rer1"	249	"HiG"
"HiG_18"	20	"Lrpap1"	338.5	"HiG"
"HiG_18"	66	"Ugdh"	280	"HiG"
"HiG_18"	220	"Paics"	234	"HiG"
"HiG_18"	7	"Psph"	376.5	"HiG"
"HiG_18"	10	"Srsf9"	365.5	"HiG"
"HiG_18"	337	"Fscn1"	211.5	"HiG"
"HiG_18"	5350	"Col1a2"	16	"HiG"
"HiG_18"	2	"Pcolce"	413	"HiG"
"HiG_18"	712	"Sec61a1"	134	"HiG"
"HiG_18"	0	"Slc6a6"	508	"HiG"
"HiG_18"	0	"Ptms"	508	"HiG"
"HiG_18"	2	"Arhgdib"	413	"HiG"
"HiG_18"	10	"Vgll4"	365.5	"HiG"
"HiG_18"	0	"Slc2a3"	508	"HiG"
"HiG_18"	1247	"Fkbp4"	80	"HiG"
"HiG_18"	4	"Yif1b"	394.5	"HiG"
"HiG_18"	3704	"Arl6ip1"	31	"HiG"
"HiG_18"	21	"Parva"	336	"HiG"
"HiG_18"	86	"Ilk"	262	"HiG"
"HiG_18"	11	"Bccip"	362	"HiG"
"HiG_18"	0	"Plp2"	508	"HiG"
"HiG_18"	545	"Itm2a"	180	"HiG"
"HiG_18"	6465	"Rbbp7"	11	"HiG"
"HiG_18"	4	"Dkc1"	394.5	"HiG"
"HiG_18"	2300	"Morf4l2"	48	"HiG"
"HiG_18"	83	"Gas6"	265	"HiG"
"HiG_18"	790	"Eif4ebp1"	127	"HiG"
"HiG_18"	1408	"Col4a2"	73	"HiG"
"HiG_18"	12	"Rbpms"	358	"HiG"
"HiG_18"	69	"Slc25a4"	276.5	"HiG"
"HiG_18"	0	"Cbln1"	508	"HiG"
"HiG_18"	0	"Nkd1"	508	"HiG"
"HiG_18"	31	"Orc6"	316.5	"HiG"
"HiG_18"	38	"Mmp2"	309	"HiG"
"HiG_18"	0	"Gins2"	508	"HiG"
"HiG_18"	3	"Hsd11b2"	404.5	"HiG"
"HiG_18"	582	"Jam3"	156.5	"HiG"
"HiG_18"	0	"Oaf"	508	"HiG"
"HiG_18"	0	"Rexo2"	508	"HiG"
"HiG_18"	3721	"Tagln"	29	"HiG"
"HiG_18"	2026	"Anxa2"	51	"HiG"
"HiG_18"	0	"Rp9"	508	"HiG"
"HiG_18"	2677	"Pkm"	43	"HiG"
"HiG_18"	632	"Tspan3"	148	"HiG"
"HiG_18"	0	"Fam195b"	508	"HiG"
"HiG_18"	461	"Ppib"	193	"HiG"
"HiG_18"	0	"Me1"	508	"HiG"
"HiG_18"	0	"Cmtm7"	508	"HiG"
"HiG_18"	0	"Ptov1"	508	"HiG"
"HiG_18"	0	"Ppp1r14a"	508	"HiG"
"HiG_18"	0	"Arl4d"	508	"HiG"
"HiG_18"	0	"Lpp"	508	"HiG"
"HiG_18"	0	"Pkp2"	508	"HiG"
"HiG_18"	953	"S100a10"	107	"HiG"
"HiG_18"	0	"Nexn"	508	"HiG"
"HiG_18"	10	"Gcsh"	365.5	"HiG"
"HiG_18"	867	"Fkbp1a"	117	"HiG"
"HiG_18"	0	"P3h2"	508	"HiG"
"HiG_18"	0	"Fndc3c1"	508	"HiG"
"HiG_18"	597	"Ube2r2"	153	"HiG"
"HiG_18"	22	"Pclaf"	333.5	"HiG"
"HiG_18"	14	"Selenow"	352	"HiG"
"HiG_18"	88	"Tln2"	261	"HiG"
"HiG_18"	0	"Akr1b8"	508	"HiG"
"HiG_18"	3751	"Lum"	28	"HiG"
"HiG_18"	0	"4921524J17Rik"	508	"HiG"
"HiG_18"	193	"Gata6"	239	"HiG"
"HiG_18"	1	"Txndc5"	429.5	"HiG"
"HiG_18"	0	"Lpar6"	508	"HiG"
"HiG_18"	553	"Tubb4b"	177.5	"HiG"
"HiG_18"	222	"Myl12b"	233	"HiG"
"HiG_18"	56	"Bex2"	292.5	"HiG"
"HiG_18"	0	"Krtcap2"	508	"HiG"
"HiG_18"	0	"Dok4"	508	"HiG"
"HiG_18"	564	"Cmtm8"	174.5	"HiG"
"HiG_18"	911	"Cd81"	109.5	"HiG"
"HiG_18"	595	"Lrp1"	154	"HiG"
"HiG_18"	241	"Ptma"	230	"HiG"
"HiG_18"	8	"Cdv3"	373	"HiG"
"HiG_18"	1	"Stard8"	429.5	"HiG"
"HiG_18"	0	"Efhd2"	508	"HiG"
"HiG_18"	1	"Tsc22d1"	429.5	"HiG"
"HiG_18"	57	"Fermt2"	290	"HiG"
"HiG_18"	11	"Arhgap29"	362	"HiG"
"HiG_18"	20	"Golgb1"	338.5	"HiG"
"HiG_18"	0	"Limd2"	508	"HiG"
"HiG_18"	252	"Ndn"	225.5	"HiG"
"HiG_18"	255	"Ssr2"	223	"HiG"
"HiG_18"	4	"Tmem108"	394.5	"HiG"
"HiG_18"	0	"Nenf"	508	"HiG"
"HiG_18"	0	"Gde1"	508	"HiG"
"HiG_18"	499	"Gng12"	186	"HiG"
"HiG_18"	28	"Igfbp2"	321.5	"HiG"
"HiG_18"	1193	"Hand1"	83	"HiG"
"HiG_18"	57	"Pdlim7"	290	"HiG"
"HiG_18"	81	"Pitx2"	266	"HiG"
"HiG_18"	0	"Tax1bp3"	508	"HiG"
"HiG_18"	856	"Tceal9"	119	"HiG"
"HiG_18"	568	"Adk"	169.5	"HiG"
"HiG_18"	0	"Atp6v0b"	508	"HiG"
"HiG_18"	538	"Dctpp1"	182	"HiG"
"HiG_18"	1	"Tiparp"	429.5	"HiG"
"HiG_18"	12230	"Acta2"	5	"HiG"
"HiG_18"	1	"Degs1"	429.5	"HiG"
"HiG_18"	872	"Calm2"	116	"HiG"
"HiG_18"	678	"Ctnna1"	142	"HiG"
"HiG_18"	0	"Colec11"	508	"HiG"
"HiG_18"	2	"Ckap4"	413	"HiG"
"HiG_18"	0	"Lin28a"	508	"HiG"
"HiG_18"	4	"Efnb1"	394.5	"HiG"
"HiG_18"	0	"Peg3"	508	"HiG"
"HiG_18"	1	"Arxes2"	429.5	"HiG"
"HiG_18"	4776	"Mapk3"	21	"HiG"
"HiG_18"	4	"Pard6b"	394.5	"HiG"
"HiG_18"	3559	"Pdia6"	33	"HiG"
"HiG_18"	0	"Rasl11b"	508	"HiG"
"HiG_18"	690	"S1pr2"	138	"HiG"
"HiG_18"	25	"Aplnr"	327.5	"HiG"
"HiG_18"	0	"Sptssa"	508	"HiG"
"HiG_18"	800	"Basp1"	125	"HiG"
"HiG_18"	0	"Eva1b"	508	"HiG"
"HiG_18"	476	"Map7d1"	190	"HiG"
"HiG_18"	9125	"Fn1"	8	"HiG"
"HiG_18"	149	"Fbln1"	246	"HiG"
"HiG_18"	248	"Xbp1"	227	"HiG"
"HiG_18"	1	"Tmem88"	429.5	"HiG"
"HiG_18"	1	"Marcksl1"	429.5	"HiG"
"HiG_18"	0	"Sdpr"	508	"HiG"
"HiG_18"	0	"Prtg"	508	"HiG"
"HiG_18"	0	"Ly6e"	508	"HiG"
"HiG_18"	38	"Ajuba"	309	"HiG"
"HiG_18"	0	"Bri3"	508	"HiG"
"HiG_18"	966	"Gnai2"	104.5	"HiG"
"HiG_18"	6	"Mgat2"	382.5	"HiG"
"HiG_18"	78	"Cd24a"	268	"HiG"
"HiG_18"	1061	"Msx1"	98	"HiG"
"HiG_18"	0	"Spin2c"	508	"HiG"
"HiG_18"	0	"Rbp1"	508	"HiG"
"HiG_18"	613	"Bex1"	151	"HiG"
"HiG_18"	2404	"Hmgn1"	47	"HiG"
"HiG_18"	13	"Mtap"	354.5	"HiG"
"HiG_18"	0	"Uaca"	508	"HiG"
"HiG_18"	253	"Arxes1"	224	"HiG"
"HiG_18"	196	"Slbp"	238	"HiG"
"HiG_18"	23	"Dlk1"	330.5	"HiG"
"HiG_18"	3547	"Ezr"	34	"HiG"
"HiG_18"	0	"Mogat2"	508	"HiG"
"HiG_18"	580	"Gpc3"	158	"HiG"
"HiG_18"	12	"Pdlim1"	358	"HiG"
"HiG_18"	7	"Efemp2"	376.5	"HiG"
"HiG_18"	366	"Phgdh"	204	"HiG"
"HiG_18"	1	"P3h4"	429.5	"HiG"
"HiG_18"	1	"Tmem9"	429.5	"HiG"
"HiG_18"	64	"Hmgb2"	282.5	"HiG"
"HiG_18"	576	"Rap1b"	160	"HiG"
"HiG_18"	1	"Prr5"	429.5	"HiG"
"HiG_18"	570	"Wls"	163.5	"HiG"
"HiG_18"	0	"Dph3"	508	"HiG"
"HiG_18"	4	"Emc7"	394.5	"HiG"
"HiG_18"	471	"Capn2"	191	"HiG"
"HiG_18"	0	"Tmem158"	508	"HiG"
"HiG_18"	20	"Rras2"	338.5	"HiG"
"HiG_18"	0	"St3gal5"	508	"HiG"
"HiG_18"	2552	"Ywhae"	45	"HiG"
"HiG_18"	32	"Ifitm2"	315	"HiG"
"HiG_18"	24333	"Actg1"	1	"HiG"
"HiG_18"	66	"Rrs1"	280	"HiG"
"HiG_18"	6329	"Ccnb1"	12	"HiG"
"HiG_18"	1	"Pgrmc1"	429.5	"HiG"
"HiG_18"	0	"Polg"	508	"HiG"
"HiG_18"	890	"Bmp4"	111	"HiG"
"HiG_18"	0	"Nrm"	508	"HiG"
"HiG_18"	3	"Nectin2"	404.5	"HiG"
"HiG_18"	1148	"Cks2"	89	"HiG"
"HiG_18"	0	"Sypl"	508	"HiG"
"HiG_18"	71	"Pdia4"	274	"HiG"
"HiG_18"	0	"Ptpra"	508	"HiG"
"HiG_18"	0	"Arpc5"	508	"HiG"
"HiG_18"	0	"Rsrp1"	508	"HiG"
"HiG_18"	1083	"Cfl2"	95	"HiG"
"HiG_18"	0	"Hn1l"	508	"HiG"
"HiG_18"	1160	"Birc5"	87	"HiG"
"HiG_18"	0	"Yaf2"	508	"HiG"
"HiG_18"	29	"Dab2"	320	"HiG"
"HiG_18"	6186	"Eno1"	13	"HiG"
"HiG_18"	317	"Impdh2"	217	"HiG"
"HiG_18"	11084	"mt-Nd1"	6	"HiG"
"HiG_18"	0	"mt-Nd2"	508	"HiG"
"HiG_18"	3245	"mt-Co1"	38	"HiG"
"HiG_18"	882	"mt-Co2"	113	"HiG"
"HiG_18"	4417	"mt-Atp6"	24	"HiG"
"HiG_18"	876	"mt-Co3"	115	"HiG"
"HiG_18"	798	"mt-Nd4"	126	"HiG"
"HiG_18"	911	"mt-Cytb"	109.5	"HiG"
"HiG_18"	482	"Gpx1"	189	"HiG"
"HiG_18"	1242	"Gpx3"	81	"HiG"
"HiG_18"	252	"Fgfr1"	225.5	"HiG"
"HiG_18"	174	"Oat"	242	"HiG"
"HiG_18"	569	"Crip2"	166.5	"HiG"
"HiG_18"	681	"Hmgb1"	140.5	"HiG"
"HiG_18"	0	"Fxyd6"	508	"HiG"
"HiG_18"	0	"Speg"	508	"HiG"
"HiG_18"	877	"Lyar"	114	"HiG"
"HiG_18"	1	"Tspan6"	429.5	"HiG"
"HiG_18"	625	"Nnat"	149	"HiG"
"HiG_18"	3509	"Myl9"	35	"HiG"
"HiG_18"	52	"Lgals1"	295	"HiG"
"HiG_18"	148	"Htra2"	247.5	"HiG"
"HiG_18"	489	"Mat2a"	188	"HiG"
"HiG_18"	27	"Mmp14"	323	"HiG"
"HiG_18"	6615	"Itgb1"	10	"HiG"
"HiG_18"	0	"Aard"	508	"HiG"
"HiG_18"	66	"Rap1a"	280	"HiG"
"HiG_18"	20	"Prnp"	338.5	"HiG"
"HiG_18"	0	"Prdm6"	508	"HiG"
"HiG_18"	0	"Rbms2"	508	"HiG"
"HiG_18"	75	"Marcks"	269.5	"HiG"
"HiG_18"	245	"Ahnak"	228.5	"HiG"
"HiG_18"	72	"Plscr1"	271.5	"HiG"
"HiG_18"	511	"Sept9"	184.5	"HiG"
"HiG_18"	645	"Fzd2"	146	"HiG"
"HiG_18"	569	"Cbx1"	166.5	"HiG"
"HiG_18"	6145	"Ccnd1"	14	"HiG"
"HiG_18"	9877	"Hsp90aa1"	7	"HiG"
"HiG_18"	1436	"Ftl1"	69	"HiG"
"HiG_18"	19	"Selenom"	341.5	"HiG"
"HiG_18"	0	"Trabd2b"	508	"HiG"
"HiG_18"	6	"1700027J19Rik"	382.5	"HiG"
"HiG_18"	17	"Mtch1"	345.5	"HiG"
"HiG_18"	0	"Usp51"	508	"HiG"
"HiG_18"	4718	"Tuba1a"	22	"HiG"
"HiG_18"	662	"Gpx4"	144	"HiG"
"HiG_18"	22	"Csrp1"	333.5	"HiG"
"HiG_18"	0	"Ecscr"	508	"HiG"
"HiG_18"	0	"Lrrfip1"	508	"HiG"
"HiG_18"	1	"Il11ra1"	429.5	"HiG"
"HiG_18"	3	"Rragd"	404.5	"HiG"
"HiG_18"	269	"Snrpn"	220	"HiG"
"HiG_18"	0	"Zcchc3"	508	"HiG"
"HiG_18"	0	"Atxn7l3b"	508	"HiG"
"HiG_18"	21931	"Actb"	3	"HiG"
"HiG_18"	5	"Hoxb2"	387.5	"HiG"
"HiG_18"	45	"Ptn"	302.5	"HiG"
"HiG_18"	0	"Smarca1"	508	"HiG"
"HiG_18"	736	"Selenos"	131	"HiG"
"HiG_18"	6	"Dstn"	382.5	"HiG"
"HiG_18"	567	"Car4"	171.5	"HiG"
"HiG_18"	1560	"Mrto4"	63	"HiG"
"HiG_18"	568	"Ece1"	169.5	"HiG"
"HiG_18"	1814	"Hdac1"	55	"HiG"
"HiG_18"	1085	"Myh10"	94	"HiG"
"HiG_18"	125	"Selenoh"	254	"HiG"
"HiG_18"	1070	"P3h1"	97	"HiG"
"HiG_18"	683	"Rtn4"	139	"HiG"
"HiG_18"	0	"Ptges"	508	"HiG"
"HiG_18"	726	"Set"	133	"HiG"
"HiG_18"	9	"Mdh1"	369.5	"HiG"
"HiG_18"	7	"Ugp2"	376.5	"HiG"
"HiG_18"	211	"Myl7"	235.5	"HiG"
"HiG_18"	567	"Anp32b"	171.5	"HiG"
"HiG_18"	576	"Sox4"	160	"HiG"
"HiG_18"	0	"Tinagl1"	508	"HiG"
"HiG_18"	6	"Cd151"	382.5	"HiG"
"HiG_18"	3967	"H3f3b"	27	"HiG"
"HiG_18"	0	"Gjc1"	508	"HiG"
"HiG_18"	1188	"Idh2"	84	"HiG"
"HiG_18"	491	"Tead2"	187	"HiG"
"HiG_18"	0	"Tomm5"	508	"HiG"
"HiG_18"	420	"Clta"	198	"HiG"
"HiG_18"	544	"Tpm2"	181	"HiG"
"HiG_18"	390	"Ccne1"	203	"HiG"
"HiG_18"	0	"Tnfaip1"	508	"HiG"
"HiG_18"	569	"Fam92a"	166.5	"HiG"
"HiG_18"	25	"Rab34"	327.5	"HiG"
"HiG_18"	0	"Tsen34"	508	"HiG"
"HiG_18"	0	"Pmp22"	508	"HiG"
"HiG_18"	401	"Anxa6"	200	"HiG"
"HiG_18"	47	"Top1"	299.5	"HiG"
"HiG_18"	71	"Vcan"	274	"HiG"
"HiG_18"	16	"Triobp"	349	"HiG"
"HiG_18"	848	"H2afv"	121	"HiG"
"HiG_18"	358	"Tmed9"	205	"HiG"
"HiG_18"	639	"Kdelr2"	147	"HiG"
"HiG_18"	11	"Tagln2"	362	"HiG"
"HiG_18"	18	"Arhgap1"	343	"HiG"
"HiG_18"	0	"Mpzl1"	508	"HiG"
"HiG_18"	0	"Tfpi"	508	"HiG"
"HiG_18"	1	"H19"	429.5	"HiG"
"HiG_18"	75	"Mlec"	269.5	"HiG"
"HiG_18"	60	"Tmsb4x"	287	"HiG"
"HiG_18"	6	"Tspan9"	382.5	"HiG"
"HiG_18"	139	"Selenok"	250.5	"HiG"
"HiG_18"	224	"Spc25"	231.5	"HiG"
"HiG_18"	1	"Plac8"	429.5	"HiG"
"HiG_18"	0	"Irak1bp1"	508	"HiG"
"HiG_18"	8	"Foxp1"	373	"HiG"
"HiG_18"	3705	"Tpm1"	30	"HiG"
"HiG_18"	42	"Pja1"	305.5	"HiG"
"HiG_18"	2713	"Arpc2"	42	"HiG"
"HiG_18"	1146	"Tmsb10"	90	"HiG"
"HiG_18"	62	"Rcn2"	285.5	"HiG"
"HiG_18"	4022	"Flna"	25	"HiG"
"HiG_18"	148	"Hmgb3"	247.5	"HiG"
"HiG_18"	35	"Fstl1"	312.5	"HiG"
"HiG_18"	0	"Fhl1"	508	"HiG"
"HiG_18"	10	"Tcf4"	365.5	"HiG"
"HiG_18"	9	"Cald1"	369.5	"HiG"
"HiG_18"	19	"Steap2"	341.5	"HiG"
"HiG_18"	0	"Mid1ip1"	508	"HiG"
"HiG_18"	5018	"Hnrnpk"	18	"HiG"
"HiG_18"	0	"Bex4"	508	"HiG"
"HiG_18"	24	"Palld"	329	"HiG"
"HiG_18"	0	"Tbrg1"	508	"HiG"
"HiG_18"	396	"Cox17"	202	"HiG"
"HiG_18"	4	"Rab4a"	394.5	"HiG"
"HiG_18"	3314	"Igf2"	37	"HiG"
"HiG_18"	206	"Prdx1"	237	"HiG"
"HiG_18"	1042	"Ubc"	99	"HiG"
"HiG_18"	1432	"Pa2g4"	70.5	"HiG"
"HiG_18"	4	"Dbi"	394.5	"HiG"
"HiG_18"	0	"Aamdc"	508	"HiG"
"HiG_18"	0	"Cnih4"	508	"HiG"
"HiG_18"	1087	"Pdlim2"	93	"HiG"
"HiG_18"	1158	"Derl2"	88	"HiG"
"HiG_18"	0	"Erp29"	508	"HiG"
"HiG_18"	348	"Mest"	209	"HiG"
"HiG_18"	1	"Sri"	429.5	"HiG"
"HiG_18"	759	"Afdn"	129	"HiG"
"HiG_18"	0	"Bbx"	508	"HiG"
"HiG_18"	8	"Mrps24"	373	"HiG"
"HiG_18"	1404	"Nhp2"	74	"HiG"
"HiG_18"	327	"Gnb4"	214.5	"HiG"
"HiG_18"	996	"Mrps26"	102	"HiG"
"HiG_18"	1484	"Myl12a"	67	"HiG"
"HiG_18"	709	"Tnni1"	136	"HiG"
"HiG_18"	2258	"Ywhaq"	49	"HiG"
"HiG_18"	1073	"Hmga2"	96	"HiG"
"HiG_18"	0	"Arl4c"	508	"HiG"
"HiG_18"	1130	"Cyb5a"	91	"HiG"
"HiG_18"	2009	"Manf"	52	"HiG"
"HiG_18"	758	"Tra2b"	130	"HiG"
"HiG_18"	63	"Plod2"	284	"HiG"
"HiG_18"	0	"Gng2"	508	"HiG"
"HiG_18"	0	"Ccnd3"	508	"HiG"
"HiG_18"	5588	"Serpinh1"	15	"HiG"
"HiG_18"	2006	"Zyx"	53	"HiG"
"HiG_18"	72	"Dnajb11"	271.5	"HiG"
"HiG_18"	7400	"Eif4a1"	9	"HiG"
"HiG_18"	64	"Armcx2"	282.5	"HiG"
"HiG_18"	3	"Atp6v0e"	404.5	"HiG"
"HiG_18"	0	"Sept7"	508	"HiG"
"HiG_18"	58	"Nolc1"	288	"HiG"
"HiG_18"	26	"Ost4"	325	"HiG"
"HiG_18"	610	"Odc1"	152	"HiG"
"HiG_18"	3598	"Myl6"	32	"HiG"
"HiG_18"	1632	"Cdkn1c"	59	"HiG"
"HiG_18"	9	"Bcar1"	369.5	"HiG"
"HiG_18"	0	"Tceal8"	508	"HiG"
"HiG_18"	2560	"Dnaja1"	44	"HiG"
"HiG_18"	0	"Krcc1"	508	"HiG"
"HiG_18"	181	"Ssb"	241	"HiG"
"HiG_18"	546	"Rbfox2"	179	"HiG"
"HiG_18"	1	"Luzp1"	429.5	"HiG"
"HiG_18"	0	"Rbms1"	508	"HiG"
"HiG_18"	9	"Pacsin2"	369.5	"HiG"
"HiG_18"	14	"Tgfb1i1"	352	"HiG"
"HiG_18"	190	"Atxn10"	240	"HiG"
"HiG_18"	0	"Spats2l"	508	"HiG"
"HiG_18"	6	"Hoxb6"	382.5	"HiG"
"HiG_18"	2129	"Apoe"	50	"HiG"
"HiG_18"	45	"Ddx39b"	302.5	"HiG"
"HiG_18"	3226	"Cct4"	39	"HiG"
"HiG_18"	0	"Oaz2"	508	"HiG"
"HiG_18"	1504	"Bex3"	66	"HiG"
"HiG_18"	322	"Foxf1"	216	"HiG"
"HiG_18"	0	"Smim1"	508	"HiG"
"HiG_18"	91	"Apbb1"	258.5	"HiG"
"HiG_18"	1474	"Gnas"	68	"HiG"
"HiG_18"	3315	"Tnnt2"	36	"HiG"
"HiG_18"	569	"Ppp1r18"	166.5	"HiG"
"HiG_18"	0	"Stard3nl"	508	"HiG"
"HiG_18"	0	"Sh3glb1"	508	"HiG"
"HiG_18"	40	"Cryab"	307	"HiG"
"HiG_18"	511	"Cd63"	184.5	"HiG"
"HiG_18"	2	"Cited2"	413	"HiG"
"HiG_18"	1422	"Gja1"	72	"HiG"
"HiG_18"	3	"Stx7"	404.5	"HiG"
"HiG_18"	0	"Cnpy2"	508	"HiG"
"HiG_18"	71	"Ctsl"	274	"HiG"
"HiG_18"	274	"Gdi2"	219	"HiG"
"HiG_18"	553	"Pcgf5"	177.5	"HiG"
"HiG_18"	0	"Ttc3"	508	"HiG"
"HiG_18"	49	"Colec12"	298	"HiG"
"HiG_18"	67	"Txnl1"	278	"HiG"
"HiG_18"	327	"Paip2"	214.5	"HiG"
"HiG_18"	1094	"Fth1"	92	"HiG"
"HiG_18"	261	"Calm1"	221	"HiG"
"HiG_18"	0	"1810058I24Rik"	508	"HiG"
"HiG_18"	47	"Egfl7"	299.5	"HiG"
"HiG_19"	1	"Klf6"	545	"HiG"
"HiG_19"	3131	"Sdhd"	48	"HiG"
"HiG_19"	1073	"Ccnd2"	141	"HiG"
"HiG_19"	7	"Tpd52l1"	493.5	"HiG"
"HiG_19"	0	"Sh3bp1"	611.5	"HiG"
"HiG_19"	8	"Lsr"	489	"HiG"
"HiG_19"	1193	"Tubb6"	136	"HiG"
"HiG_19"	22	"Hoxc8"	447	"HiG"
"HiG_19"	0	"Ddt"	611.5	"HiG"
"HiG_19"	6	"Eef1e1"	499.5	"HiG"
"HiG_19"	35855	"Akt1"	1	"HiG"
"HiG_19"	1217	"Pabpc1"	133	"HiG"
"HiG_19"	1026	"Rhoc"	145	"HiG"
"HiG_19"	10	"Lamb1"	480.5	"HiG"
"HiG_19"	114	"Bcam"	380.5	"HiG"
"HiG_19"	46	"Fam32a"	428.5	"HiG"
"HiG_19"	400	"Fkbp11"	270.5	"HiG"
"HiG_19"	983	"Tpm4"	153	"HiG"
"HiG_19"	9495	"Calr"	9	"HiG"
"HiG_19"	65	"Fam162a"	410.5	"HiG"
"HiG_19"	238	"Ppan"	316.5	"HiG"
"HiG_19"	1488	"Atp6v1f"	112	"HiG"
"HiG_19"	2	"Ralb"	528.5	"HiG"
"HiG_19"	762	"Cnn2"	188	"HiG"
"HiG_19"	11	"Cstb"	476	"HiG"
"HiG_19"	107	"Wdr1"	385	"HiG"
"HiG_19"	172	"Wisp1"	346	"HiG"
"HiG_19"	3	"Pafah1b3"	514	"HiG"
"HiG_19"	1057	"Igf1r"	142	"HiG"
"HiG_19"	941	"Ube2m"	161	"HiG"
"HiG_19"	245	"Reep5"	311.5	"HiG"
"HiG_19"	458	"Tbcb"	260	"HiG"
"HiG_19"	19	"Elovl1"	454.5	"HiG"
"HiG_19"	0	"Tmem189"	611.5	"HiG"
"HiG_19"	551	"Srm"	246	"HiG"
"HiG_19"	759	"Sptbn1"	190	"HiG"
"HiG_19"	18	"Aprt"	457.5	"HiG"
"HiG_19"	671	"Clic1"	203.5	"HiG"
"HiG_19"	2739	"Krt19"	58	"HiG"
"HiG_19"	13	"Id3"	467.5	"HiG"
"HiG_19"	8906	"Rplp1"	11	"HiG"
"HiG_19"	675	"Carhsp1"	202	"HiG"
"HiG_19"	269	"Rala"	304	"HiG"
"HiG_19"	361	"Dynll1"	286	"HiG"
"HiG_19"	1243	"Phlda2"	129.5	"HiG"
"HiG_19"	4	"Gltp"	507	"HiG"
"HiG_19"	20	"Bmp5"	451.5	"HiG"
"HiG_19"	2303	"Amotl1"	74	"HiG"
"HiG_19"	2059	"Igf2bp1"	82	"HiG"
"HiG_19"	186	"Pea15a"	338.5	"HiG"
"HiG_19"	1887	"Surf4"	89	"HiG"
"HiG_19"	393	"Steap1"	273	"HiG"
"HiG_19"	23	"Rrbp1"	444	"HiG"
"HiG_19"	50	"H2afy"	425	"HiG"
"HiG_19"	0	"Ppdpf"	611.5	"HiG"
"HiG_19"	680	"Mapkapk2"	201	"HiG"
"HiG_19"	2653	"Myh9"	60	"HiG"
"HiG_19"	290	"Cyba"	299	"HiG"
"HiG_19"	1216	"Timp2"	134	"HiG"
"HiG_19"	22	"Igfbp4"	447	"HiG"
"HiG_19"	2	"Wfdc2"	528.5	"HiG"
"HiG_19"	153	"Mybl2"	355.5	"HiG"
"HiG_19"	25	"Ptgis"	443	"HiG"
"HiG_19"	229	"Pfn1"	324	"HiG"
"HiG_19"	59	"Gabarap"	417	"HiG"
"HiG_19"	2985	"Sparc"	52	"HiG"
"HiG_19"	718	"Copz2"	197	"HiG"
"HiG_19"	64	"Rcn3"	413	"HiG"
"HiG_19"	8	"Dusp9"	489	"HiG"
"HiG_19"	294	"Arid3a"	298	"HiG"
"HiG_19"	3	"Mydgf"	514	"HiG"
"HiG_19"	528	"Snx3"	251.5	"HiG"
"HiG_19"	0	"Hebp2"	611.5	"HiG"
"HiG_19"	46	"Abracl"	428.5	"HiG"
"HiG_19"	91	"Atp2b1"	394	"HiG"
"HiG_19"	0	"Nudt4"	611.5	"HiG"
"HiG_19"	0	"H2afy2"	611.5	"HiG"
"HiG_19"	1604	"Uqcr11"	106	"HiG"
"HiG_19"	235	"Csrp2"	319.5	"HiG"
"HiG_19"	3987	"Timm13"	35	"HiG"
"HiG_19"	2	"Pofut2"	528.5	"HiG"
"HiG_19"	1417	"Cdc34"	116	"HiG"
"HiG_19"	0	"Tns3"	611.5	"HiG"
"HiG_19"	78	"Arf5"	403	"HiG"
"HiG_19"	153	"Dynll2"	355.5	"HiG"
"HiG_19"	62	"Sap30l"	415.5	"HiG"
"HiG_19"	1442	"Rock2"	114	"HiG"
"HiG_19"	2	"Laptm4a"	528.5	"HiG"
"HiG_19"	1977	"Sdc1"	85	"HiG"
"HiG_19"	230	"Slc9a3r1"	323	"HiG"
"HiG_19"	669	"Hn1"	207	"HiG"
"HiG_19"	352	"Galk1"	288	"HiG"
"HiG_19"	19	"Fam64a"	454.5	"HiG"
"HiG_19"	0	"Mxra7"	611.5	"HiG"
"HiG_19"	0	"Sec14l1"	611.5	"HiG"
"HiG_19"	4	"Lrrc59"	507	"HiG"
"HiG_19"	330	"Glrx5"	291	"HiG"
"HiG_19"	559	"Zfp36l1"	245	"HiG"
"HiG_19"	384	"Npc2"	276	"HiG"
"HiG_19"	0	"Siva1"	611.5	"HiG"
"HiG_19"	3	"Dek"	514	"HiG"
"HiG_19"	221	"Gadd45g"	328	"HiG"
"HiG_19"	438	"Ptch1"	263	"HiG"
"HiG_19"	238	"Msx2"	316.5	"HiG"
"HiG_19"	2	"Sfxn1"	528.5	"HiG"
"HiG_19"	623	"Lman2"	225	"HiG"
"HiG_19"	90	"Prelid1"	395.5	"HiG"
"HiG_19"	576	"Pitx1"	240	"HiG"
"HiG_19"	1728	"Mrpl36"	100	"HiG"
"HiG_19"	650	"Hapln1"	215	"HiG"
"HiG_19"	474	"Gpx8"	256	"HiG"
"HiG_19"	1322	"Arf4"	121	"HiG"
"HiG_19"	139	"Mrpl57"	360	"HiG"
"HiG_19"	600	"Dnajc3"	233.5	"HiG"
"HiG_19"	338	"Acin1"	290	"HiG"
"HiG_19"	0	"Pmm1"	611.5	"HiG"
"HiG_19"	4135	"Itga5"	31	"HiG"
"HiG_19"	135	"Hes1"	363	"HiG"
"HiG_19"	182	"Nectin3"	341.5	"HiG"
"HiG_19"	166	"Snai2"	349	"HiG"
"HiG_19"	237	"Sdf2l1"	318	"HiG"
"HiG_19"	0	"Popdc2"	611.5	"HiG"
"HiG_19"	186	"Tmbim6"	338.5	"HiG"
"HiG_19"	1688	"Krt18"	102	"HiG"
"HiG_19"	624	"Krt8"	224	"HiG"
"HiG_19"	65	"Creld2"	410.5	"HiG"
"HiG_19"	0	"Pcbp4"	611.5	"HiG"
"HiG_19"	1	"C1qtnf12"	545	"HiG"
"HiG_19"	1381	"Igf2r"	117	"HiG"
"HiG_19"	65	"Smoc2"	410.5	"HiG"
"HiG_19"	188	"Ralbp1"	336.5	"HiG"
"HiG_19"	1228	"Epas1"	132	"HiG"
"HiG_19"	0	"Hn1l"	611.5	"HiG"
"HiG_19"	607	"Bambi"	230	"HiG"
"HiG_19"	3183	"Ppic"	46	"HiG"
"HiG_19"	37	"Carnmt1"	434.5	"HiG"
"HiG_19"	0	"Sssca1"	611.5	"HiG"
"HiG_19"	45	"Hells"	430	"HiG"
"HiG_19"	152	"Arl3"	357.5	"HiG"
"HiG_19"	29	"Gsto1"	440	"HiG"
"HiG_19"	3100	"P4hb"	49	"HiG"
"HiG_19"	1637	"Maged1"	104	"HiG"
"HiG_19"	0	"Scd2"	611.5	"HiG"
"HiG_19"	10	"Maged2"	480.5	"HiG"
"HiG_19"	3863	"Rps26"	37	"HiG"
"HiG_19"	14	"Clns1a"	464.5	"HiG"
"HiG_19"	6799	"Hras"	15	"HiG"
"HiG_19"	0	"Tspan4"	611.5	"HiG"
"HiG_19"	490	"Podxl"	255	"HiG"
"HiG_19"	852	"Nrp1"	176	"HiG"
"HiG_19"	164	"Smad7"	352	"HiG"
"HiG_19"	242	"Cfc1"	314	"HiG"
"HiG_19"	1	"Itm2c"	545	"HiG"
"HiG_19"	4967	"Ncl"	25	"HiG"
"HiG_19"	1636	"Lamc1"	105	"HiG"
"HiG_19"	617	"Mpc2"	227	"HiG"
"HiG_19"	571	"Rsu1"	242.5	"HiG"
"HiG_19"	3173	"Vim"	47	"HiG"
"HiG_19"	28	"Ube2e3"	441.5	"HiG"
"HiG_19"	869	"Timm10"	175	"HiG"
"HiG_19"	4	"Ccdc34"	507	"HiG"
"HiG_19"	233	"Meis2"	322	"HiG"
"HiG_19"	165	"Creb3l1"	350.5	"HiG"
"HiG_19"	2591	"Mdk"	64	"HiG"
"HiG_19"	621	"1700037H04Rik"	226	"HiG"
"HiG_19"	12	"Cst3"	471.5	"HiG"
"HiG_19"	2	"Rab22a"	528.5	"HiG"
"HiG_19"	47	"Map1lc3a"	427	"HiG"
"HiG_19"	2561	"Anxa5"	66	"HiG"
"HiG_19"	0	"Serp1"	611.5	"HiG"
"HiG_19"	2142	"Ssr3"	79	"HiG"
"HiG_19"	1301	"S100a11"	122	"HiG"
"HiG_19"	1	"Slc27a3"	545	"HiG"
"HiG_19"	670	"Tdo2"	205.5	"HiG"
"HiG_19"	1991	"Cnn3"	84	"HiG"
"HiG_19"	1854	"Cyr61"	93	"HiG"
"HiG_19"	638	"Tln1"	220.5	"HiG"
"HiG_19"	1	"Glipr2"	545	"HiG"
"HiG_19"	6	"Txndc12"	499.5	"HiG"
"HiG_19"	58	"Slc2a1"	418	"HiG"
"HiG_19"	12	"Akr1a1"	471.5	"HiG"
"HiG_19"	356	"Ebna1bp2"	287	"HiG"
"HiG_19"	54	"Sh3bgrl3"	423	"HiG"
"HiG_19"	0	"Ctnnbip1"	611.5	"HiG"
"HiG_19"	10	"Rer1"	480.5	"HiG"
"HiG_19"	1017	"Lrpap1"	147	"HiG"
"HiG_19"	462	"Ugdh"	258	"HiG"
"HiG_19"	32	"Tgfbr3"	437.5	"HiG"
"HiG_19"	6	"Psph"	499.5	"HiG"
"HiG_19"	0	"Pxmp2"	611.5	"HiG"
"HiG_19"	944	"Srsf9"	160	"HiG"
"HiG_19"	573	"Fscn1"	241	"HiG"
"HiG_19"	5296	"Col1a2"	22	"HiG"
"HiG_19"	1153	"Gnb2"	138	"HiG"
"HiG_19"	3281	"Sec61a1"	45	"HiG"
"HiG_19"	0	"Ptms"	611.5	"HiG"
"HiG_19"	1019	"Ybx3"	146	"HiG"
"HiG_19"	15	"Vgll4"	463	"HiG"
"HiG_19"	152	"Slc2a3"	357.5	"HiG"
"HiG_19"	732	"Vasp"	196	"HiG"
"HiG_19"	0	"2200002D01Rik"	611.5	"HiG"
"HiG_19"	120	"Yif1b"	372.5	"HiG"
"HiG_19"	5980	"Arl6ip1"	16	"HiG"
"HiG_19"	604	"Parva"	231.5	"HiG"
"HiG_19"	2	"Mettl9"	528.5	"HiG"
"HiG_19"	1272	"Ilk"	126	"HiG"
"HiG_19"	1243	"Bccip"	129.5	"HiG"
"HiG_19"	700	"Plp2"	198	"HiG"
"HiG_19"	1074	"Rbbp7"	140	"HiG"
"HiG_19"	0	"Gas6"	611.5	"HiG"
"HiG_19"	1	"Adgra2"	545	"HiG"
"HiG_19"	22	"Eif4ebp1"	447	"HiG"
"HiG_19"	2803	"Col4a1"	56	"HiG"
"HiG_19"	136	"Col4a2"	362	"HiG"
"HiG_19"	103	"Rbpms"	387.5	"HiG"
"HiG_19"	3714	"Slc25a4"	40	"HiG"
"HiG_19"	73	"Cbln1"	404.5	"HiG"
"HiG_19"	2	"Nkd1"	528.5	"HiG"
"HiG_19"	758	"Mmp2"	191	"HiG"
"HiG_19"	0	"Gins2"	611.5	"HiG"
"HiG_19"	363	"Hsbp1"	283	"HiG"
"HiG_19"	0	"Hsd11b2"	611.5	"HiG"
"HiG_19"	968	"Psmb10"	156	"HiG"
"HiG_19"	0	"Oaf"	611.5	"HiG"
"HiG_19"	9	"Rexo2"	485	"HiG"
"HiG_19"	2226	"Tagln"	77	"HiG"
"HiG_19"	391	"Nedd4"	274.5	"HiG"
"HiG_19"	4144	"Anxa2"	30	"HiG"
"HiG_19"	1	"Rp9"	545	"HiG"
"HiG_19"	0	"Crabp1"	611.5	"HiG"
"HiG_19"	0	"1700017B05Rik"	611.5	"HiG"
"HiG_19"	0	"Tspan3"	611.5	"HiG"
"HiG_19"	7	"Fam195b"	493.5	"HiG"
"HiG_19"	282	"Igdcc3"	301	"HiG"
"HiG_19"	891	"Me1"	171	"HiG"
"HiG_19"	42	"Cmtm7"	431	"HiG"
"HiG_19"	54	"Map4"	423	"HiG"
"HiG_19"	2239	"Amotl2"	75	"HiG"
"HiG_19"	1	"Ptov1"	545	"HiG"
"HiG_19"	2	"Hoxb5"	528.5	"HiG"
"HiG_19"	667	"Ppp1r14a"	209.5	"HiG"
"HiG_19"	504	"Akap12"	254	"HiG"
"HiG_19"	0	"Arl4d"	611.5	"HiG"
"HiG_19"	188	"Lpp"	336.5	"HiG"
"HiG_19"	0	"1700025G04Rik"	611.5	"HiG"
"HiG_19"	536	"Pkp2"	249.5	"HiG"
"HiG_19"	121	"S100a10"	371	"HiG"
"HiG_19"	11	"Nexn"	476	"HiG"
"HiG_19"	586	"Gcsh"	237	"HiG"
"HiG_19"	2355	"Fkbp1a"	73	"HiG"
"HiG_19"	0	"L3mbtl3"	611.5	"HiG"
"HiG_19"	16	"Ube2q1"	462	"HiG"
"HiG_19"	19	"P3h2"	454.5	"HiG"
"HiG_19"	1206	"Dhcr24"	135	"HiG"
"HiG_19"	0	"Rangrf"	611.5	"HiG"
"HiG_19"	0	"Fndc3c1"	611.5	"HiG"
"HiG_19"	740	"Ube2r2"	195	"HiG"
"HiG_19"	57	"Pclaf"	419	"HiG"
"HiG_19"	993	"Selenow"	151	"HiG"
"HiG_19"	1282	"Timm8b"	125	"HiG"
"HiG_19"	245	"Ptprf"	311.5	"HiG"
"HiG_19"	614	"Tln2"	228	"HiG"
"HiG_19"	0	"Akr1b8"	611.5	"HiG"
"HiG_19"	4	"Hlx"	507	"HiG"
"HiG_19"	0	"Phlda3"	611.5	"HiG"
"HiG_19"	954	"Cox8a"	159	"HiG"
"HiG_19"	930	"Lum"	164	"HiG"
"HiG_19"	0	"4921524J17Rik"	611.5	"HiG"
"HiG_19"	2	"Chchd4"	528.5	"HiG"
"HiG_19"	7	"Arl6ip5"	493.5	"HiG"
"HiG_19"	1653	"Gata6"	103	"HiG"
"HiG_19"	144	"Txndc5"	359	"HiG"
"HiG_19"	460	"Myl12b"	259	"HiG"
"HiG_19"	416	"Rpl22l1"	265	"HiG"
"HiG_19"	85	"Bex2"	397.5	"HiG"
"HiG_19"	99	"Krtcap2"	389	"HiG"
"HiG_19"	0	"Dok4"	611.5	"HiG"
"HiG_19"	646	"Cmtm8"	216	"HiG"
"HiG_19"	2945	"Cd81"	53	"HiG"
"HiG_19"	1248	"Lrp1"	128	"HiG"
"HiG_19"	37	"Mfhas1"	434.5	"HiG"
"HiG_19"	1418	"Ptma"	115	"HiG"
"HiG_19"	5787	"Mrpl12"	20	"HiG"
"HiG_19"	0	"Cdv3"	611.5	"HiG"
"HiG_19"	9	"Stard8"	485	"HiG"
"HiG_19"	933	"Mrpl34"	162	"HiG"
"HiG_19"	0	"Efhd2"	611.5	"HiG"
"HiG_19"	0	"Tsc22d1"	611.5	"HiG"
"HiG_19"	185	"Fermt2"	340	"HiG"
"HiG_19"	9	"Arhgap29"	485	"HiG"
"HiG_19"	267	"Hand2"	305	"HiG"
"HiG_19"	887	"Golgb1"	172	"HiG"
"HiG_19"	0	"Tmem120a"	611.5	"HiG"
"HiG_19"	3	"Limd2"	514	"HiG"
"HiG_19"	1838	"Ndn"	94	"HiG"
"HiG_19"	2225	"Ssr2"	78	"HiG"
"HiG_19"	0	"Svep1"	611.5	"HiG"
"HiG_19"	670	"Tmem108"	205.5	"HiG"
"HiG_19"	62	"Nenf"	415.5	"HiG"
"HiG_19"	1	"Gde1"	545	"HiG"
"HiG_19"	765	"Gng12"	186	"HiG"
"HiG_19"	39	"Igfbp2"	432.5	"HiG"
"HiG_19"	94	"Hand1"	393	"HiG"
"HiG_19"	2	"Pdlim7"	528.5	"HiG"
"HiG_19"	0	"Dap"	611.5	"HiG"
"HiG_19"	283	"Pitx2"	300	"HiG"
"HiG_19"	549	"Tax1bp3"	247	"HiG"
"HiG_19"	925	"Tceal9"	165	"HiG"
"HiG_19"	635	"Atp6v0b"	222	"HiG"
"HiG_19"	1012	"Dctpp1"	148	"HiG"
"HiG_19"	32	"Tiparp"	437.5	"HiG"
"HiG_19"	25862	"Acta2"	2	"HiG"
"HiG_19"	824	"Calm2"	180	"HiG"
"HiG_19"	5	"Igsf3"	503.5	"HiG"
"HiG_19"	0	"Ccdc88a"	611.5	"HiG"
"HiG_19"	1027	"Ctnna1"	144	"HiG"
"HiG_19"	0	"Colec11"	611.5	"HiG"
"HiG_19"	107	"Timm8a1"	385	"HiG"
"HiG_19"	169	"Ckap4"	347	"HiG"
"HiG_19"	223	"Lin28a"	327	"HiG"
"HiG_19"	413	"Efnb1"	266	"HiG"
"HiG_19"	262	"Peg3"	307	"HiG"
"HiG_19"	11	"Arxes2"	476	"HiG"
"HiG_19"	8065	"Mapk3"	12	"HiG"
"HiG_19"	931	"Flnb"	163	"HiG"
"HiG_19"	893	"Frmd6"	170	"HiG"
"HiG_19"	177	"Hoxb8"	343.5	"HiG"
"HiG_19"	114	"Tbx20"	380.5	"HiG"
"HiG_19"	0	"Pard6b"	611.5	"HiG"
"HiG_19"	2	"Pgp"	528.5	"HiG"
"HiG_19"	4001	"Pdia6"	34	"HiG"
"HiG_19"	876	"Uqcrq"	174	"HiG"
"HiG_19"	1008	"S1pr2"	149.5	"HiG"
"HiG_19"	206	"Aplnr"	331	"HiG"
"HiG_19"	848	"Sptssa"	177	"HiG"
"HiG_19"	134	"Basp1"	364	"HiG"
"HiG_19"	0	"Eva1b"	611.5	"HiG"
"HiG_19"	9	"Cxxc5"	485	"HiG"
"HiG_19"	15995	"Fn1"	4	"HiG"
"HiG_19"	119	"Fbln1"	375	"HiG"
"HiG_19"	763	"Xbp1"	187	"HiG"
"HiG_19"	13	"Higd1a"	467.5	"HiG"
"HiG_19"	1	"Tmem88"	545	"HiG"
"HiG_19"	241	"Marcksl1"	315	"HiG"
"HiG_19"	39	"Prtg"	432.5	"HiG"
"HiG_19"	0	"Wwc2"	611.5	"HiG"
"HiG_19"	528	"Ly6e"	251.5	"HiG"
"HiG_19"	372	"Ajuba"	280	"HiG"
"HiG_19"	0	"Lrrn4"	611.5	"HiG"
"HiG_19"	0	"Ctxn1"	611.5	"HiG"
"HiG_19"	0	"Bri3"	611.5	"HiG"
"HiG_19"	1793	"Gnai2"	97	"HiG"
"HiG_19"	0	"Rbpms2"	611.5	"HiG"
"HiG_19"	2	"Spsb4"	528.5	"HiG"
"HiG_19"	2	"Mgat2"	528.5	"HiG"
"HiG_19"	845	"Cd24a"	178	"HiG"
"HiG_19"	317	"Crb2"	292	"HiG"
"HiG_19"	761	"Msx1"	189	"HiG"
"HiG_19"	7	"Spin2c"	493.5	"HiG"
"HiG_19"	73	"Vamp8"	404.5	"HiG"
"HiG_19"	0	"Rbp1"	611.5	"HiG"
"HiG_19"	1256	"Bex1"	127	"HiG"
"HiG_19"	1	"Ppp1r2"	545	"HiG"
"HiG_19"	10	"Tead1"	480.5	"HiG"
"HiG_19"	0	"Lxn"	611.5	"HiG"
"HiG_19"	80	"H1fx"	401	"HiG"
"HiG_19"	4821	"Hmgn1"	26	"HiG"
"HiG_19"	11	"Lypd6"	476	"HiG"
"HiG_19"	22	"Uaca"	447	"HiG"
"HiG_19"	165	"Nucks1"	350.5	"HiG"
"HiG_19"	9	"Arxes1"	485	"HiG"
"HiG_19"	2385	"Dlk1"	71.5	"HiG"
"HiG_19"	1871	"Ezr"	92	"HiG"
"HiG_19"	659	"Mogat2"	214	"HiG"
"HiG_19"	3	"Ppp1r14b"	514	"HiG"
"HiG_19"	120	"Gpc3"	372.5	"HiG"
"HiG_19"	2600	"Flnc"	63	"HiG"
"HiG_19"	692	"Pdlim1"	199	"HiG"
"HiG_19"	1088	"Efemp2"	139	"HiG"
"HiG_19"	0	"March2"	611.5	"HiG"
"HiG_19"	119	"P3h4"	375	"HiG"
"HiG_19"	0	"Tmem9"	611.5	"HiG"
"HiG_19"	137	"Rap1b"	361	"HiG"
"HiG_19"	14	"Prr5"	464.5	"HiG"
"HiG_19"	0	"Dph3"	611.5	"HiG"
"HiG_19"	391	"Emc7"	274.5	"HiG"
"HiG_19"	54	"Capn2"	423	"HiG"
"HiG_19"	1909	"Top2a"	88	"HiG"
"HiG_19"	0	"Tmem158"	611.5	"HiG"
"HiG_19"	1834	"Itgb5"	95	"HiG"
"HiG_19"	0	"Npm3"	611.5	"HiG"
"HiG_19"	6	"Klhdc10"	499.5	"HiG"
"HiG_19"	512	"Rras2"	253	"HiG"
"HiG_19"	17	"St3gal5"	460	"HiG"
"HiG_19"	63	"Ifitm2"	414	"HiG"
"HiG_19"	12945	"Actg1"	6	"HiG"
"HiG_19"	1519	"Cgnl1"	110	"HiG"
"HiG_19"	234	"Pgrmc1"	321	"HiG"
"HiG_19"	227	"Polg"	325	"HiG"
"HiG_19"	992	"Bmp4"	152	"HiG"
"HiG_19"	0	"H2afj"	611.5	"HiG"
"HiG_19"	84	"Actg2"	399.5	"HiG"
"HiG_19"	1295	"Hspe1"	123	"HiG"
"HiG_19"	17	"Nectin2"	460	"HiG"
"HiG_19"	1601	"Zcrb1"	107.5	"HiG"
"HiG_19"	32	"Pdgfa"	437.5	"HiG"
"HiG_19"	243	"Rabac1"	313	"HiG"
"HiG_19"	668	"Ext1"	208	"HiG"
"HiG_19"	0	"Ptpra"	611.5	"HiG"
"HiG_19"	666	"Arpc5"	211	"HiG"
"HiG_19"	2734	"Cfl2"	59	"HiG"
"HiG_19"	3899	"Ube2s"	36	"HiG"
"HiG_19"	2836	"Ybx1"	54	"HiG"
"HiG_19"	2385	"Birc5"	71.5	"HiG"
"HiG_19"	744	"Yaf2"	193	"HiG"
"HiG_19"	396	"Dab2"	272	"HiG"
"HiG_19"	362	"Lrp2"	284.5	"HiG"
"HiG_19"	55	"Timm17a"	420.5	"HiG"
"HiG_19"	0	"Hist1h2ap"	611.5	"HiG"
"HiG_19"	741	"Pop5"	194	"HiG"
"HiG_19"	0	"Rps6ka6"	611.5	"HiG"
"HiG_19"	11831	"mt-Nd1"	7	"HiG"
"HiG_19"	368	"mt-Nd2"	282	"HiG"
"HiG_19"	2757	"mt-Co1"	57	"HiG"
"HiG_19"	403	"mt-Co2"	269	"HiG"
"HiG_19"	5192	"mt-Atp6"	24	"HiG"
"HiG_19"	975	"mt-Co3"	155	"HiG"
"HiG_19"	2822	"mt-Nd4"	55	"HiG"
"HiG_19"	98	"mt-Cytb"	390	"HiG"
"HiG_19"	5853	"Gpx1"	18	"HiG"
"HiG_19"	5417	"Gpx3"	21	"HiG"
"HiG_19"	346	"Fgfr1"	289	"HiG"
"HiG_19"	7	"Crip2"	493.5	"HiG"
"HiG_19"	643	"Hmgb1"	217	"HiG"
"HiG_19"	0	"Fxyd6"	611.5	"HiG"
"HiG_19"	0	"Speg"	611.5	"HiG"
"HiG_19"	371	"Lyar"	281	"HiG"
"HiG_19"	1323	"Hist1h4i"	120	"HiG"
"HiG_19"	0	"Hs6st2"	611.5	"HiG"
"HiG_19"	362	"Nnat"	284.5	"HiG"
"HiG_19"	5823	"Myl9"	19	"HiG"
"HiG_19"	2601	"Lgals1"	62	"HiG"
"HiG_19"	28	"Htra2"	441.5	"HiG"
"HiG_19"	8950	"Itgb1"	10	"HiG"
"HiG_19"	0	"Aard"	611.5	"HiG"
"HiG_19"	3	"Nt5dc2"	514	"HiG"
"HiG_19"	3096	"Atp5g1"	51	"HiG"
"HiG_19"	212	"Rap1a"	330	"HiG"
"HiG_19"	663	"Dab2ip"	212	"HiG"
"HiG_19"	2386	"Prnp"	70	"HiG"
"HiG_19"	0	"Prdm6"	611.5	"HiG"
"HiG_19"	0	"Rbms2"	611.5	"HiG"
"HiG_19"	536	"Piezo1"	249.5	"HiG"
"HiG_19"	609	"Marcks"	229	"HiG"
"HiG_19"	638	"Ahnak"	220.5	"HiG"
"HiG_19"	114	"Sept9"	380.5	"HiG"
"HiG_19"	639	"Fzd2"	218.5	"HiG"
"HiG_19"	822	"Cbx1"	181	"HiG"
"HiG_19"	13355	"Ccnd1"	5	"HiG"
"HiG_19"	667	"Tmem256"	209.5	"HiG"
"HiG_19"	3786	"Ftl1"	39	"HiG"
"HiG_19"	114	"Selenom"	380.5	"HiG"
"HiG_19"	115	"Plekhg2"	378	"HiG"
"HiG_19"	0	"Trabd2b"	611.5	"HiG"
"HiG_19"	2	"1700027J19Rik"	528.5	"HiG"
"HiG_19"	0	"Rasgrp3"	611.5	"HiG"
"HiG_19"	257	"Jund"	309	"HiG"
"HiG_19"	250	"Mtch1"	310	"HiG"
"HiG_19"	49	"B3gat3"	426	"HiG"
"HiG_19"	4798	"Tuba1a"	27	"HiG"
"HiG_19"	1872	"Gpx4"	91	"HiG"
"HiG_19"	596	"Csrp1"	235	"HiG"
"HiG_19"	72	"Ecscr"	406	"HiG"
"HiG_19"	0	"Lrrfip1"	611.5	"HiG"
"HiG_19"	5	"Il11ra1"	503.5	"HiG"
"HiG_19"	17	"Rragd"	460	"HiG"
"HiG_19"	3291	"Snrpn"	44	"HiG"
"HiG_19"	131	"Zcchc3"	365	"HiG"
"HiG_19"	0	"Atxn7l3b"	611.5	"HiG"
"HiG_19"	0	"Prmt2"	611.5	"HiG"
"HiG_19"	96	"Hoxb2"	391	"HiG"
"HiG_19"	1951	"Selenos"	87	"HiG"
"HiG_19"	159	"Dstn"	353	"HiG"
"HiG_19"	13	"Car4"	467.5	"HiG"
"HiG_19"	3807	"Mrto4"	38	"HiG"
"HiG_19"	79	"Ece1"	402	"HiG"
"HiG_19"	1886	"Myh10"	90	"HiG"
"HiG_19"	375	"Selenoh"	278	"HiG"
"HiG_19"	0	"Stk39"	611.5	"HiG"
"HiG_19"	2621	"Rtn4"	61	"HiG"
"HiG_19"	0	"Ptges"	611.5	"HiG"
"HiG_19"	787	"Set"	184	"HiG"
"HiG_19"	2138	"Myl7"	80	"HiG"
"HiG_19"	1234	"Sox4"	131	"HiG"
"HiG_19"	65	"Ube2h"	410.5	"HiG"
"HiG_19"	0	"Ctdsp2"	611.5	"HiG"
"HiG_19"	301	"Tcf3"	295	"HiG"
"HiG_19"	685	"Col18a1"	200	"HiG"
"HiG_19"	0	"Lsp1"	611.5	"HiG"
"HiG_19"	1284	"Tinagl1"	124	"HiG"
"HiG_19"	278	"Cd151"	302	"HiG"
"HiG_19"	913	"Ifitm1"	166	"HiG"
"HiG_19"	300	"Cenpx"	296	"HiG"
"HiG_19"	18	"Tnrc6c"	457.5	"HiG"
"HiG_19"	0	"1810037I17Rik"	611.5	"HiG"
"HiG_19"	16187	"H3f3b"	3	"HiG"
"HiG_19"	0	"Gjc1"	611.5	"HiG"
"HiG_19"	85	"Tead2"	397.5	"HiG"
"HiG_19"	128	"Tomm5"	367	"HiG"
"HiG_19"	377	"Clta"	277	"HiG"
"HiG_19"	539	"Tpm2"	248	"HiG"
"HiG_19"	0	"Tnfaip1"	611.5	"HiG"
"HiG_19"	13	"Fam92a"	467.5	"HiG"
"HiG_19"	32	"Rab34"	437.5	"HiG"
"HiG_19"	0	"Tsen34"	611.5	"HiG"
"HiG_19"	6	"Pmp22"	499.5	"HiG"
"HiG_19"	127	"Atox1"	368.5	"HiG"
"HiG_19"	3	"Anxa6"	514	"HiG"
"HiG_19"	0	"Zmynd8"	611.5	"HiG"
"HiG_19"	0	"Plxnb2"	611.5	"HiG"
"HiG_19"	437	"Top1"	264	"HiG"
"HiG_19"	1489	"Vcan"	111	"HiG"
"HiG_19"	11	"Triobp"	476	"HiG"
"HiG_19"	6939	"H2afv"	14	"HiG"
"HiG_19"	3099	"Txn2"	50	"HiG"
"HiG_19"	1182	"Tmed9"	137	"HiG"
"HiG_19"	1748	"Tagln2"	98	"HiG"
"HiG_19"	570	"Arhgap1"	244	"HiG"
"HiG_19"	0	"Mpzl1"	611.5	"HiG"
"HiG_19"	439	"H19"	262	"HiG"
"HiG_19"	127	"Trim71"	368.5	"HiG"
"HiG_19"	260	"Mlec"	308	"HiG"
"HiG_19"	129	"Tmsb4x"	366	"HiG"
"HiG_19"	12	"Tspan9"	471.5	"HiG"
"HiG_19"	273	"Selenok"	303	"HiG"
"HiG_19"	2	"Evi5"	528.5	"HiG"
"HiG_19"	0	"Zfp644"	611.5	"HiG"
"HiG_19"	0	"Plac8"	611.5	"HiG"
"HiG_19"	0	"Irak1bp1"	611.5	"HiG"
"HiG_19"	117	"Foxp1"	377	"HiG"
"HiG_19"	2493	"Tpm1"	67	"HiG"
"HiG_19"	189	"Pja1"	335	"HiG"
"HiG_19"	788	"Arpc2"	183	"HiG"
"HiG_19"	8	"Brd3"	489	"HiG"
"HiG_19"	896	"Tmsb10"	168	"HiG"
"HiG_19"	0	"Tcf7l1"	611.5	"HiG"
"HiG_19"	0	"Nrp2"	611.5	"HiG"
"HiG_19"	0	"Rcn2"	611.5	"HiG"
"HiG_19"	4052	"Flna"	32	"HiG"
"HiG_19"	600	"Add1"	233.5	"HiG"
"HiG_19"	0	"Hmgb3"	611.5	"HiG"
"HiG_19"	12	"Fstl1"	471.5	"HiG"
"HiG_19"	0	"Fhl1"	611.5	"HiG"
"HiG_19"	90	"Kalrn"	395.5	"HiG"
"HiG_19"	7	"Tcf4"	493.5	"HiG"
"HiG_19"	203	"Cald1"	332	"HiG"
"HiG_19"	302	"Rpl39"	293.5	"HiG"
"HiG_19"	2	"Steap2"	528.5	"HiG"
"HiG_19"	0	"Mid1ip1"	611.5	"HiG"
"HiG_19"	571	"Bex4"	242.5	"HiG"
"HiG_19"	400	"Fam213a"	270.5	"HiG"
"HiG_19"	119	"Palld"	375	"HiG"
"HiG_19"	156	"Tbrg1"	354	"HiG"
"HiG_19"	177	"Cox17"	343.5	"HiG"
"HiG_19"	1443	"Itga3"	113	"HiG"
"HiG_19"	107	"Fam104a"	385	"HiG"
"HiG_19"	2427	"Pxdn"	68	"HiG"
"HiG_19"	1802	"Pdcd5"	96	"HiG"
"HiG_19"	410	"Lmo4"	267	"HiG"
"HiG_19"	444	"Rab4a"	261	"HiG"
"HiG_19"	67	"Cep164"	408	"HiG"
"HiG_19"	3446	"Igf2"	42	"HiG"
"HiG_19"	194	"Dbi"	334	"HiG"
"HiG_19"	407	"Dsp"	268	"HiG"
"HiG_19"	1	"Aamdc"	545	"HiG"
"HiG_19"	0	"Cnih4"	611.5	"HiG"
"HiG_19"	22	"Pdlim2"	447	"HiG"
"HiG_19"	1337	"Derl2"	119	"HiG"
"HiG_19"	95	"Erp29"	392	"HiG"
"HiG_19"	103	"Mest"	387.5	"HiG"
"HiG_19"	1592	"Taf10"	109	"HiG"
"HiG_19"	592	"Sri"	236	"HiG"
"HiG_19"	1973	"Afdn"	86	"HiG"
"HiG_19"	671	"Bbx"	203.5	"HiG"
"HiG_19"	577	"Mrps24"	239	"HiG"
"HiG_19"	10131	"Nhp2"	8	"HiG"
"HiG_19"	20	"Smim14"	451.5	"HiG"
"HiG_19"	4038	"Cenpa"	33	"HiG"
"HiG_19"	473	"Mrps26"	257	"HiG"
"HiG_19"	1008	"Myl12a"	149.5	"HiG"
"HiG_19"	374	"Tnni1"	279	"HiG"
"HiG_19"	0	"Apbb2"	611.5	"HiG"
"HiG_19"	3	"Psme2"	514	"HiG"
"HiG_19"	2403	"Hmga2"	69	"HiG"
"HiG_19"	2	"Tle3"	528.5	"HiG"
"HiG_19"	0	"Hmgn3"	611.5	"HiG"
"HiG_19"	0	"Arl4c"	611.5	"HiG"
"HiG_19"	639	"Cyb5a"	218.5	"HiG"
"HiG_19"	779	"Manf"	185	"HiG"
"HiG_19"	0	"Alkbh1"	611.5	"HiG"
"HiG_19"	661	"Mycbp2"	213	"HiG"
"HiG_19"	909	"Gng2"	167	"HiG"
"HiG_19"	0	"Ccnd3"	611.5	"HiG"
"HiG_19"	7169	"Serpinh1"	13	"HiG"
"HiG_19"	0	"Adamts9"	611.5	"HiG"
"HiG_19"	175	"Zyx"	345	"HiG"
"HiG_19"	111	"Armcx2"	383	"HiG"
"HiG_19"	0	"Fndc4"	611.5	"HiG"
"HiG_19"	182	"Atp6v0e"	341.5	"HiG"
"HiG_19"	958	"Iqgap1"	157	"HiG"
"HiG_19"	1733	"Nolc1"	99	"HiG"
"HiG_19"	894	"Ost4"	169	"HiG"
"HiG_19"	235	"Odc1"	319.5	"HiG"
"HiG_19"	5283	"Myl6"	23	"HiG"
"HiG_19"	2232	"Cdkn1c"	76	"HiG"
"HiG_19"	0	"Pkdcc"	611.5	"HiG"
"HiG_19"	0	"1500009L16Rik"	611.5	"HiG"
"HiG_19"	167	"Bcar1"	348	"HiG"
"HiG_19"	0	"Tceal8"	611.5	"HiG"
"HiG_19"	957	"Cenpf"	158	"HiG"
"HiG_19"	0	"Comt"	611.5	"HiG"
"HiG_19"	3552	"Gnb1"	41	"HiG"
"HiG_19"	0	"Arid3b"	611.5	"HiG"
"HiG_19"	0	"Krcc1"	611.5	"HiG"
"HiG_19"	2	"Luzp1"	528.5	"HiG"
"HiG_19"	1	"Rbms1"	545	"HiG"
"HiG_19"	2029	"Hspg2"	83	"HiG"
"HiG_19"	296	"Pacsin2"	297	"HiG"
"HiG_19"	124	"Tgfb1i1"	370	"HiG"
"HiG_19"	3	"Spats2l"	514	"HiG"
"HiG_19"	754	"Hoxb6"	192	"HiG"
"HiG_19"	5866	"Apoe"	17	"HiG"
"HiG_19"	0	"Mex3a"	611.5	"HiG"
"HiG_19"	200	"Slit2"	333	"HiG"
"HiG_19"	813	"Asap1"	182	"HiG"
"HiG_19"	883	"Peg10"	173	"HiG"
"HiG_19"	1353	"Pbx1"	118	"HiG"
"HiG_19"	0	"Zfp428"	611.5	"HiG"
"HiG_19"	220	"Ryk"	329	"HiG"
"HiG_19"	226	"Oaz2"	326	"HiG"
"HiG_19"	4578	"Bex3"	29	"HiG"
"HiG_19"	625	"H1f0"	223	"HiG"
"HiG_19"	1601	"Foxf1"	107.5	"HiG"
"HiG_19"	0	"Smim1"	611.5	"HiG"
"HiG_19"	0	"Myrf"	611.5	"HiG"
"HiG_19"	4	"Auts2"	507	"HiG"
"HiG_19"	70	"Apbb1"	407	"HiG"
"HiG_19"	2583	"Gnas"	65	"HiG"
"HiG_19"	84	"Tnnt2"	399.5	"HiG"
"HiG_19"	0	"Ppp1r18"	611.5	"HiG"
"HiG_19"	977	"Dag1"	154	"HiG"
"HiG_19"	21	"Stard3nl"	450	"HiG"
"HiG_19"	0	"Sh3glb1"	611.5	"HiG"
"HiG_19"	839	"Adgrl2"	179	"HiG"
"HiG_19"	2	"Samd4b"	528.5	"HiG"
"HiG_19"	1712	"Cryab"	101	"HiG"
"HiG_19"	0	"Fignl2"	611.5	"HiG"
"HiG_19"	4763	"Rps12"	28	"HiG"
"HiG_19"	0	"Cited2"	611.5	"HiG"
"HiG_19"	3338	"Gja1"	43	"HiG"
"HiG_19"	19	"Stx7"	454.5	"HiG"
"HiG_19"	263	"Cnpy2"	306	"HiG"
"HiG_19"	604	"Id2"	231.5	"HiG"
"HiG_19"	0	"Zfhx3"	611.5	"HiG"
"HiG_19"	1046	"Pcgf5"	143	"HiG"
"HiG_19"	302	"Ttc3"	293.5	"HiG"
"HiG_19"	580	"Paip2"	238	"HiG"
"HiG_19"	2130	"Fth1"	81	"HiG"
"HiG_19"	6	"Calm1"	499.5	"HiG"
"HiG_19"	0	"1810058I24Rik"	611.5	"HiG"
"HiG_19"	55	"Egfl7"	420.5	"HiG"
"HiG_7"	25	"Sdhd"	236	"HiG"
"HiG_7"	198	"Ccnd2"	173	"HiG"
"HiG_7"	3	"Plin2"	278.5	"HiG"
"HiG_7"	571	"Mcm7"	99	"HiG"
"HiG_7"	0	"Sh3bp1"	353.5	"HiG"
"HiG_7"	0	"Rnd2"	353.5	"HiG"
"HiG_7"	0	"Ifrd1"	353.5	"HiG"
"HiG_7"	233	"Eef1e1"	165	"HiG"
"HiG_7"	129	"Pabpc1"	193	"HiG"
"HiG_7"	561	"Tgfb1"	102	"HiG"
"HiG_7"	19	"Prodh"	240	"HiG"
"HiG_7"	0	"Fam162a"	353.5	"HiG"
"HiG_7"	3	"Ppan"	278.5	"HiG"
"HiG_7"	2	"Atp6v1f"	284.5	"HiG"
"HiG_7"	6	"Bid"	266	"HiG"
"HiG_7"	0	"Etfb"	353.5	"HiG"
"HiG_7"	0	"Mtfp1"	353.5	"HiG"
"HiG_7"	0	"Hdgf"	353.5	"HiG"
"HiG_7"	315	"Igf1r"	145.5	"HiG"
"HiG_7"	79	"Bcas2"	209.5	"HiG"
"HiG_7"	12	"Epor"	251.5	"HiG"
"HiG_7"	1	"Elovl1"	293.5	"HiG"
"HiG_7"	1813	"Cdc20"	28	"HiG"
"HiG_7"	597	"Srm"	95	"HiG"
"HiG_7"	702	"Cdt1"	85	"HiG"
"HiG_7"	1084	"Aprt"	58	"HiG"
"HiG_7"	1227	"Sod2"	48	"HiG"
"HiG_7"	0	"Eif1b"	353.5	"HiG"
"HiG_7"	0	"Ddah2"	353.5	"HiG"
"HiG_7"	22	"Clic1"	238.5	"HiG"
"HiG_7"	991	"Rplp1"	65	"HiG"
"HiG_7"	0	"Tspan32"	353.5	"HiG"
"HiG_7"	345	"Ifrd2"	138	"HiG"
"HiG_7"	0	"Wdr77"	353.5	"HiG"
"HiG_7"	406	"Cacybp"	120	"HiG"
"HiG_7"	9	"Endog"	258	"HiG"
"HiG_7"	7366	"Hspa8"	2	"HiG"
"HiG_7"	265	"Ctsz"	158	"HiG"
"HiG_7"	1164	"Slc25a5"	52	"HiG"
"HiG_7"	215	"Cyba"	171	"HiG"
"HiG_7"	162	"Serinc3"	184	"HiG"
"HiG_7"	1357	"Pfn1"	43	"HiG"
"HiG_7"	174	"Shmt1"	180	"HiG"
"HiG_7"	11	"Pnpo"	255	"HiG"
"HiG_7"	1	"Rab5c"	293.5	"HiG"
"HiG_7"	0	"Mydgf"	353.5	"HiG"
"HiG_7"	124	"Fbxo5"	194	"HiG"
"HiG_7"	8	"Snx3"	260	"HiG"
"HiG_7"	63	"Asf1a"	214	"HiG"
"HiG_7"	1519	"Ppa1"	40	"HiG"
"HiG_7"	226	"Uqcr11"	168	"HiG"
"HiG_7"	567	"Timm13"	100	"HiG"
"HiG_7"	58	"Hba-x"	218	"HiG"
"HiG_7"	1	"Cdc34"	293.5	"HiG"
"HiG_7"	316	"Dynll2"	144	"HiG"
"HiG_7"	0	"Bzw2"	353.5	"HiG"
"HiG_7"	83	"Ubxn2a"	206	"HiG"
"HiG_7"	2337	"Rrm2"	19	"HiG"
"HiG_7"	723	"Ddx5"	82	"HiG"
"HiG_7"	0	"Hn1"	353.5	"HiG"
"HiG_7"	47	"Galk1"	222	"HiG"
"HiG_7"	117	"Glrx5"	196	"HiG"
"HiG_7"	87	"Siva1"	204	"HiG"
"HiG_7"	150	"Tmem14c"	188	"HiG"
"HiG_7"	424	"Dek"	116	"HiG"
"HiG_7"	676	"Gadd45g"	87	"HiG"
"HiG_7"	4	"Sfxn1"	274	"HiG"
"HiG_7"	906	"Mrpl36"	70	"HiG"
"HiG_7"	498	"Tkt"	110	"HiG"
"HiG_7"	719	"Mrpl57"	83	"HiG"
"HiG_7"	0	"Acin1"	353.5	"HiG"
"HiG_7"	686	"Brix1"	86	"HiG"
"HiG_7"	869	"Eif3e"	73	"HiG"
"HiG_7"	2162	"Myc"	22	"HiG"
"HiG_7"	0	"Pmm1"	353.5	"HiG"
"HiG_7"	1144	"Mcm4"	54	"HiG"
"HiG_7"	2110	"Runx1"	23	"HiG"
"HiG_7"	2235	"Hsp90ab1"	21	"HiG"
"HiG_7"	951	"Hspa9"	68	"HiG"
"HiG_7"	0	"Sec11c"	353.5	"HiG"
"HiG_7"	12	"Ppic"	251.5	"HiG"
"HiG_7"	109	"Psat1"	198.5	"HiG"
"HiG_7"	0	"Ostf1"	353.5	"HiG"
"HiG_7"	0	"Carnmt1"	353.5	"HiG"
"HiG_7"	0	"Ehd1"	353.5	"HiG"
"HiG_7"	0	"Sssca1"	353.5	"HiG"
"HiG_7"	48	"Prdx3"	221	"HiG"
"HiG_7"	403	"Hells"	122	"HiG"
"HiG_7"	0	"Gsto1"	353.5	"HiG"
"HiG_7"	1309	"Rps26"	45	"HiG"
"HiG_7"	1735	"Atp5b"	31	"HiG"
"HiG_7"	0	"Clns1a"	353.5	"HiG"
"HiG_7"	164	"Ifitm3"	183	"HiG"
"HiG_7"	2564	"Hras"	17	"HiG"
"HiG_7"	0	"Tspan4"	353.5	"HiG"
"HiG_7"	14	"Syngr2"	246	"HiG"
"HiG_7"	165	"Tk1"	182	"HiG"
"HiG_7"	555	"Eif4a3"	103	"HiG"
"HiG_7"	645	"Cct8"	90	"HiG"
"HiG_7"	289	"Hprt"	152.5	"HiG"
"HiG_7"	79	"Fam195a"	209.5	"HiG"
"HiG_7"	1654	"Hspd1"	34	"HiG"
"HiG_7"	268	"Wdr12"	156	"HiG"
"HiG_7"	1770	"Ncl"	30	"HiG"
"HiG_7"	562	"Dars"	101	"HiG"
"HiG_7"	186	"Pycr2"	177	"HiG"
"HiG_7"	2	"Hat1"	284.5	"HiG"
"HiG_7"	780	"Timm10"	75	"HiG"
"HiG_7"	27	"Ola1"	232.5	"HiG"
"HiG_7"	158	"Nop10"	187	"HiG"
"HiG_7"	5	"Eif3m"	270.5	"HiG"
"HiG_7"	0	"1700037H04Rik"	353.5	"HiG"
"HiG_7"	375	"Pcna"	132	"HiG"
"HiG_7"	0	"Dusp2"	353.5	"HiG"
"HiG_7"	1	"Fam210b"	293.5	"HiG"
"HiG_7"	1341	"Aurka"	44	"HiG"
"HiG_7"	355	"Fabp5"	136	"HiG"
"HiG_7"	516	"Car2"	107	"HiG"
"HiG_7"	0	"Sla2"	353.5	"HiG"
"HiG_7"	0	"Nmd3"	353.5	"HiG"
"HiG_7"	463	"Ppid"	113	"HiG"
"HiG_7"	0	"Serp1"	353.5	"HiG"
"HiG_7"	540	"Gmps"	106	"HiG"
"HiG_7"	80	"Gclm"	208	"HiG"
"HiG_7"	0	"Ddah1"	353.5	"HiG"
"HiG_7"	31	"Ndufaf4"	229	"HiG"
"HiG_7"	972	"Tln1"	66	"HiG"
"HiG_7"	173	"Urod"	181	"HiG"
"HiG_7"	769	"Nasp"	78	"HiG"
"HiG_7"	620	"Tal1"	92	"HiG"
"HiG_7"	502	"Ebna1bp2"	109	"HiG"
"HiG_7"	1600	"Stmn1"	35	"HiG"
"HiG_7"	762	"Sh3bgrl3"	80	"HiG"
"HiG_7"	326	"Prkag2"	142	"HiG"
"HiG_7"	390	"Ppm1g"	127	"HiG"
"HiG_7"	185	"Paics"	178	"HiG"
"HiG_7"	0	"Nudt9"	353.5	"HiG"
"HiG_7"	0	"Tpst2"	353.5	"HiG"
"HiG_7"	0	"Prkab1"	353.5	"HiG"
"HiG_7"	37	"Srsf9"	225	"HiG"
"HiG_7"	422	"Ung"	117	"HiG"
"HiG_7"	0	"Nt5c3"	353.5	"HiG"
"HiG_7"	45	"Ybx3"	223	"HiG"
"HiG_7"	26	"Arhgdib"	234.5	"HiG"
"HiG_7"	395	"Cmas"	126	"HiG"
"HiG_7"	485	"Cd9"	112	"HiG"
"HiG_7"	0	"Fkbp4"	353.5	"HiG"
"HiG_7"	376	"Mphosph10"	131	"HiG"
"HiG_7"	0	"Rgs10"	353.5	"HiG"
"HiG_7"	6	"Hbb-y"	266	"HiG"
"HiG_7"	603	"Mki67"	94	"HiG"
"HiG_7"	0	"Nrip3"	353.5	"HiG"
"HiG_7"	314	"Gata1"	147	"HiG"
"HiG_7"	333	"Slc38a5"	141	"HiG"
"HiG_7"	0	"Nono"	353.5	"HiG"
"HiG_7"	1092	"Dkc1"	57	"HiG"
"HiG_7"	387	"Prps1"	128	"HiG"
"HiG_7"	0	"F10"	353.5	"HiG"
"HiG_7"	121	"Eif4ebp1"	195	"HiG"
"HiG_7"	381	"Mak16"	129	"HiG"
"HiG_7"	135	"Slc25a4"	192	"HiG"
"HiG_7"	4	"Orc6"	274	"HiG"
"HiG_7"	0	"Mt1"	353.5	"HiG"
"HiG_7"	0	"Gse1"	353.5	"HiG"
"HiG_7"	66	"Psmb10"	213	"HiG"
"HiG_7"	1169	"Nip7"	51	"HiG"
"HiG_7"	0	"Rexo2"	353.5	"HiG"
"HiG_7"	0	"Mns1"	353.5	"HiG"
"HiG_7"	2	"Rp9"	284.5	"HiG"
"HiG_7"	1663	"Imp3"	33	"HiG"
"HiG_7"	3898	"Pkm"	11	"HiG"
"HiG_7"	0	"Gsta4"	353.5	"HiG"
"HiG_7"	0	"Ninj1"	353.5	"HiG"
"HiG_7"	2650	"H2afz"	16	"HiG"
"HiG_7"	0	"S100a10"	353.5	"HiG"
"HiG_7"	0	"Gcsh"	353.5	"HiG"
"HiG_7"	0	"Npl"	353.5	"HiG"
"HiG_7"	1216	"Fbl"	49	"HiG"
"HiG_7"	672	"Gadd45gip1"	88	"HiG"
"HiG_7"	313	"Fermt3"	148	"HiG"
"HiG_7"	0	"Rangrf"	353.5	"HiG"
"HiG_7"	0	"Serbp1"	353.5	"HiG"
"HiG_7"	399	"Smim3"	124	"HiG"
"HiG_7"	106	"Timm8b"	200	"HiG"
"HiG_7"	9	"Prkar2b"	258	"HiG"
"HiG_7"	0	"Fam212a"	353.5	"HiG"
"HiG_7"	197	"Cox8a"	174	"HiG"
"HiG_7"	32	"Chchd4"	228	"HiG"
"HiG_7"	0	"Bag2"	353.5	"HiG"
"HiG_7"	192	"Tubb4b"	175	"HiG"
"HiG_7"	109	"Apex1"	198.5	"HiG"
"HiG_7"	267	"Ddx21"	157	"HiG"
"HiG_7"	2041	"Blvrb"	26	"HiG"
"HiG_7"	1148	"Rpl22l1"	53	"HiG"
"HiG_7"	69	"Ndufb10"	212	"HiG"
"HiG_7"	0	"Ubash3b"	353.5	"HiG"
"HiG_7"	374	"Ptma"	133	"HiG"
"HiG_7"	4504	"Mrpl12"	8	"HiG"
"HiG_7"	0	"Cdv3"	353.5	"HiG"
"HiG_7"	365	"Mrpl34"	135	"HiG"
"HiG_7"	22	"Slc16a1"	238.5	"HiG"
"HiG_7"	344	"Tspan33"	139	"HiG"
"HiG_7"	0	"Gpsm3"	353.5	"HiG"
"HiG_7"	0	"Nrtn"	353.5	"HiG"
"HiG_7"	2	"Snrnp25"	284.5	"HiG"
"HiG_7"	1039	"Eif5a"	61	"HiG"
"HiG_7"	582	"Gnl3"	98	"HiG"
"HiG_7"	0	"Grhpr"	353.5	"HiG"
"HiG_7"	0	"Atp6v0b"	353.5	"HiG"
"HiG_7"	587	"Dctpp1"	97	"HiG"
"HiG_7"	0	"Vat1"	353.5	"HiG"
"HiG_7"	0	"Josd2"	353.5	"HiG"
"HiG_7"	883	"Gpi1"	72	"HiG"
"HiG_7"	0	"Timm8a1"	353.5	"HiG"
"HiG_7"	15	"Tuba1c"	244.5	"HiG"
"HiG_7"	35	"Dnmt3b"	227	"HiG"
"HiG_7"	11	"Pgp"	255	"HiG"
"HiG_7"	62	"Fn1"	215.5	"HiG"
"HiG_7"	0	"A430005L14Rik"	353.5	"HiG"
"HiG_7"	353	"Cpox"	137	"HiG"
"HiG_7"	1	"Zfpm1"	293.5	"HiG"
"HiG_7"	0	"Ssbp4"	353.5	"HiG"
"HiG_7"	2	"Smtnl2"	284.5	"HiG"
"HiG_7"	247	"Mcm3"	161	"HiG"
"HiG_7"	50	"Vamp8"	220	"HiG"
"HiG_7"	93	"Bex1"	203	"HiG"
"HiG_7"	0	"Crlf3"	353.5	"HiG"
"HiG_7"	308	"F2r"	150	"HiG"
"HiG_7"	82	"Slbp"	207	"HiG"
"HiG_7"	0	"Ppp1r14b"	353.5	"HiG"
"HiG_7"	2	"Rpia"	284.5	"HiG"
"HiG_7"	494	"Atpif1"	111	"HiG"
"HiG_7"	1781	"Klf1"	29	"HiG"
"HiG_7"	147	"Phgdh"	190	"HiG"
"HiG_7"	0	"Hbb-bh1"	353.5	"HiG"
"HiG_7"	3	"March2"	278.5	"HiG"
"HiG_7"	451	"Ndufa8"	114	"HiG"
"HiG_7"	0	"Tmem9"	353.5	"HiG"
"HiG_7"	798	"Rap1b"	74	"HiG"
"HiG_7"	379	"Dph3"	130	"HiG"
"HiG_7"	0	"Emc7"	353.5	"HiG"
"HiG_7"	0	"Tmem158"	353.5	"HiG"
"HiG_7"	0	"Npm3"	353.5	"HiG"
"HiG_7"	0	"Ydjc"	353.5	"HiG"
"HiG_7"	0	"Pfdn4"	353.5	"HiG"
"HiG_7"	772	"Gypa"	77	"HiG"
"HiG_7"	6	"Ifitm2"	266	"HiG"
"HiG_7"	2071	"Prdx6"	25	"HiG"
"HiG_7"	370	"Nol7"	134	"HiG"
"HiG_7"	13	"Rrs1"	248	"HiG"
"HiG_7"	1250	"Ccnb1"	46	"HiG"
"HiG_7"	5	"H2afj"	270.5	"HiG"
"HiG_7"	0	"Wbp2"	353.5	"HiG"
"HiG_7"	4425	"Hspe1"	10	"HiG"
"HiG_7"	4	"Abcb10"	274	"HiG"
"HiG_7"	2933	"Npm1"	12	"HiG"
"HiG_7"	343	"Cks2"	140	"HiG"
"HiG_7"	0	"Prcp"	353.5	"HiG"
"HiG_7"	1	"Zcrb1"	293.5	"HiG"
"HiG_7"	145	"Slc25a3"	191	"HiG"
"HiG_7"	26	"Hmbs"	234.5	"HiG"
"HiG_7"	211	"C1qbp"	172	"HiG"
"HiG_7"	251	"Birc5"	159	"HiG"
"HiG_7"	5230	"Eno1"	4	"HiG"
"HiG_7"	1583	"Timm17a"	36	"HiG"
"HiG_7"	275	"Impdh2"	155	"HiG"
"HiG_7"	0	"Hist1h2ap"	353.5	"HiG"
"HiG_7"	243	"Pop5"	162	"HiG"
"HiG_7"	703	"Pgk1"	84	"HiG"
"HiG_7"	400	"Ezh2"	123	"HiG"
"HiG_7"	999	"Dut"	63	"HiG"
"HiG_7"	1555	"Gpx1"	39	"HiG"
"HiG_7"	0	"Tacc1"	353.5	"HiG"
"HiG_7"	0	"Crip2"	353.5	"HiG"
"HiG_7"	2	"Anp32a"	284.5	"HiG"
"HiG_7"	219	"Hmgb1"	170	"HiG"
"HiG_7"	509	"Arpc1b"	108	"HiG"
"HiG_7"	28	"Scarb1"	230.5	"HiG"
"HiG_7"	223	"Lyar"	169	"HiG"
"HiG_7"	621	"Aldoa"	91	"HiG"
"HiG_7"	1	"Srrm2"	293.5	"HiG"
"HiG_7"	59	"Lgals1"	217	"HiG"
"HiG_7"	415	"Htra2"	118	"HiG"
"HiG_7"	86	"Mat2a"	205	"HiG"
"HiG_7"	0	"Nt5dc2"	353.5	"HiG"
"HiG_7"	312	"Atp5g1"	149	"HiG"
"HiG_7"	148	"Rap1a"	189	"HiG"
"HiG_7"	13	"Slc43a3"	248	"HiG"
"HiG_7"	590	"Hba-a2"	96	"HiG"
"HiG_7"	1680	"Hba-a1"	32	"HiG"
"HiG_7"	228	"Cdc6"	166.5	"HiG"
"HiG_7"	4938	"Hsp90aa1"	6	"HiG"
"HiG_7"	449	"Ftl1"	115	"HiG"
"HiG_7"	0	"Cited4"	353.5	"HiG"
"HiG_7"	0	"1700027J19Rik"	353.5	"HiG"
"HiG_7"	543	"Gpx4"	105	"HiG"
"HiG_7"	0	"Aqp8"	353.5	"HiG"
"HiG_7"	0	"Hbb-bt"	353.5	"HiG"
"HiG_7"	1237	"Itga2b"	47	"HiG"
"HiG_7"	1175	"Nop56"	50	"HiG"
"HiG_7"	0	"Tmem97"	353.5	"HiG"
"HiG_7"	6519	"Mrto4"	3	"HiG"
"HiG_7"	44	"Rpa2"	224	"HiG"
"HiG_7"	899	"Ube2l6"	71	"HiG"
"HiG_7"	0	"Cdca7"	353.5	"HiG"
"HiG_7"	110	"Set"	197	"HiG"
"HiG_7"	279	"Rpl7a"	154	"HiG"
"HiG_7"	3	"Anp32b"	278.5	"HiG"
"HiG_7"	613	"Ndufs7"	93	"HiG"
"HiG_7"	0	"Fbxo6"	353.5	"HiG"
"HiG_7"	235	"Fgf3"	163.5	"HiG"
"HiG_7"	0	"Ssx2ip"	353.5	"HiG"
"HiG_7"	6	"Cenpx"	266	"HiG"
"HiG_7"	4435	"H3f3b"	9	"HiG"
"HiG_7"	235	"Tomm5"	163.5	"HiG"
"HiG_7"	2323	"Prmt1"	20	"HiG"
"HiG_7"	23	"Clta"	237	"HiG"
"HiG_7"	0	"Tom1l1"	353.5	"HiG"
"HiG_7"	17	"Ccne1"	242.5	"HiG"
"HiG_7"	4597	"Trp53"	7	"HiG"
"HiG_7"	15	"Top1"	244.5	"HiG"
"HiG_7"	0	"Nsun2"	353.5	"HiG"
"HiG_7"	8984	"Prdx2"	1	"HiG"
"HiG_7"	956	"Txn2"	67	"HiG"
"HiG_7"	325	"Snx5"	143	"HiG"
"HiG_7"	552	"Smox"	104	"HiG"
"HiG_7"	777	"Lmo2"	76	"HiG"
"HiG_7"	738	"Tagln2"	81	"HiG"
"HiG_7"	289	"Ran"	152.5	"HiG"
"HiG_7"	159	"Creg1"	186	"HiG"
"HiG_7"	0	"H19"	353.5	"HiG"
"HiG_7"	17	"Sms"	242.5	"HiG"
"HiG_7"	0	"Rasgrp2"	353.5	"HiG"
"HiG_7"	1117	"Snca"	55	"HiG"
"HiG_7"	12	"Hmgb3"	251.5	"HiG"
"HiG_7"	4	"Asns"	274	"HiG"
"HiG_7"	11	"Ranbp1"	255	"HiG"
"HiG_7"	4	"Bex4"	274	"HiG"
"HiG_7"	0	"Cox17"	353.5	"HiG"
"HiG_7"	1111	"Rsl1d1"	56	"HiG"
"HiG_7"	1	"Fam104a"	293.5	"HiG"
"HiG_7"	76	"Srsf11"	211	"HiG"
"HiG_7"	62	"Pdcd5"	215.5	"HiG"
"HiG_7"	187	"Rab27b"	176	"HiG"
"HiG_7"	2911	"Ubc"	14	"HiG"
"HiG_7"	0	"Tlcd1"	353.5	"HiG"
"HiG_7"	1373	"Pa2g4"	42	"HiG"
"HiG_7"	1962	"Mrpl15"	27	"HiG"
"HiG_7"	1	"Minos1"	293.5	"HiG"
"HiG_7"	0	"Cbfa2t3"	353.5	"HiG"
"HiG_7"	18	"Srsf6"	241	"HiG"
"HiG_7"	0	"Comtd1"	353.5	"HiG"
"HiG_7"	57	"Mrps24"	219	"HiG"
"HiG_7"	2914	"Nhp2"	13	"HiG"
"HiG_7"	7	"Nfe2"	261.5	"HiG"
"HiG_7"	0	"Mrps26"	353.5	"HiG"
"HiG_7"	0	"Tnni1"	353.5	"HiG"
"HiG_7"	7	"Cyb5a"	261.5	"HiG"
"HiG_7"	248	"Cycs"	160	"HiG"
"HiG_7"	6	"Slc16a3"	266	"HiG"
"HiG_7"	1	"Ncoa4"	293.5	"HiG"
"HiG_7"	766	"Mcm5"	79	"HiG"
"HiG_7"	0	"Ccnd3"	353.5	"HiG"
"HiG_7"	1565	"Eif4a1"	37.5	"HiG"
"HiG_7"	12	"Idh3a"	251.5	"HiG"
"HiG_7"	103	"Gfi1b"	201	"HiG"
"HiG_7"	0	"Slc39a8"	353.5	"HiG"
"HiG_7"	1040	"Nolc1"	60	"HiG"
"HiG_7"	2	"Ppp1r15a"	284.5	"HiG"
"HiG_7"	1013	"Odc1"	62	"HiG"
"HiG_7"	411	"Rab11a"	119	"HiG"
"HiG_7"	36	"Dnaja1"	226	"HiG"
"HiG_7"	315	"Zfp385a"	145.5	"HiG"
"HiG_7"	9	"Slc3a2"	258	"HiG"
"HiG_7"	6	"Ssb"	266	"HiG"
"HiG_7"	1565	"Tpi1"	37.5	"HiG"
"HiG_7"	0	"Syce2"	353.5	"HiG"
"HiG_7"	942	"Slc29a1"	69	"HiG"
"HiG_7"	404	"Ptp4a3"	121	"HiG"
"HiG_7"	228	"Phlda1"	166.5	"HiG"
"HiG_7"	4961	"Apoe"	5	"HiG"
"HiG_7"	101	"Ddx39b"	202	"HiG"
"HiG_7"	0	"Baz1a"	353.5	"HiG"
"HiG_7"	2093	"Cct4"	24	"HiG"
"HiG_7"	27	"Rbm38"	232.5	"HiG"
"HiG_7"	0	"Gypc"	353.5	"HiG"
"HiG_7"	0	"Pbx1"	353.5	"HiG"
"HiG_7"	396	"Gyg"	125	"HiG"
"HiG_7"	994	"Tomm20"	64	"HiG"
"HiG_7"	0	"H1f0"	353.5	"HiG"
"HiG_7"	0	"Adgrg1"	353.5	"HiG"
"HiG_7"	0	"Smim1"	353.5	"HiG"
"HiG_7"	2378	"Nop58"	18	"HiG"
"HiG_7"	0	"1500011K16Rik"	353.5	"HiG"
"HiG_7"	6	"Frrs1"	266	"HiG"
"HiG_7"	290	"Ruvbl2"	151	"HiG"
"HiG_7"	0	"Isyna1"	353.5	"HiG"
"HiG_7"	2710	"Ldha"	15	"HiG"
"HiG_7"	179	"Tipin"	179	"HiG"
"HiG_7"	1442	"Rps12"	41	"HiG"
"HiG_7"	0	"Cited2"	353.5	"HiG"
"HiG_7"	160	"Chchd10"	185	"HiG"
"HiG_7"	656	"Gtpbp4"	89	"HiG"
"HiG_7"	13	"Eci1"	248	"HiG"
"HiG_7"	28	"Fech"	230.5	"HiG"
"HiG_7"	1078	"Fth1"	59	"HiG"
"HiG_7"	0	"1810058I24Rik"	353.5	"HiG"
"HiG_7"	0	"Egfl7"	353.5	"HiG"
"HiG_11"	71	"Klf6"	278	"HiG"
"HiG_11"	5	"Sdhd"	377	"HiG"
"HiG_11"	25	"Tpd52l1"	316.5	"HiG"
"HiG_11"	976	"Plin2"	101	"HiG"
"HiG_11"	762	"Mcm7"	122	"HiG"
"HiG_11"	334	"Rdx"	206.5	"HiG"
"HiG_11"	7	"Ilf2"	366.5	"HiG"
"HiG_11"	240	"Uhrf1"	220	"HiG"
"HiG_11"	0	"Lsr"	498.5	"HiG"
"HiG_11"	643	"Tubb6"	133	"HiG"
"HiG_11"	3079	"Col1a1"	28	"HiG"
"HiG_11"	1296	"Tubb5"	77	"HiG"
"HiG_11"	293	"Hoxc8"	212	"HiG"
"HiG_11"	8	"Hoxc9"	361.5	"HiG"
"HiG_11"	0	"Ddt"	498.5	"HiG"
"HiG_11"	66	"Pabpc1"	285	"HiG"
"HiG_11"	562	"Capns1"	167.5	"HiG"
"HiG_11"	1409	"Rhoc"	67	"HiG"
"HiG_11"	1507	"Tgfb1"	64	"HiG"
"HiG_11"	601	"Tpm4"	143	"HiG"
"HiG_11"	3576	"Calr"	24	"HiG"
"HiG_11"	87	"Efnb3"	267	"HiG"
"HiG_11"	26	"Fam162a"	315	"HiG"
"HiG_11"	563	"Cnn2"	165	"HiG"
"HiG_11"	4	"Pgf"	382	"HiG"
"HiG_11"	1	"Hdgf"	418	"HiG"
"HiG_11"	0	"Cstb"	498.5	"HiG"
"HiG_11"	0	"Pafah1b3"	498.5	"HiG"
"HiG_11"	276	"Trim28"	215	"HiG"
"HiG_11"	0	"Snx6"	498.5	"HiG"
"HiG_11"	73	"Mthfd2"	277	"HiG"
"HiG_11"	1	"Reep5"	418	"HiG"
"HiG_11"	266	"Tbcb"	216	"HiG"
"HiG_11"	1	"Elovl1"	418	"HiG"
"HiG_11"	3171	"Cdc20"	27	"HiG"
"HiG_11"	403	"Srm"	195	"HiG"
"HiG_11"	373	"Clic1"	200.5	"HiG"
"HiG_11"	0	"Id3"	498.5	"HiG"
"HiG_11"	568	"Fhl2"	155.5	"HiG"
"HiG_11"	899	"Rala"	108	"HiG"
"HiG_11"	82	"Dynll1"	270	"HiG"
"HiG_11"	1	"P4ha1"	418	"HiG"
"HiG_11"	31	"Phlda2"	308	"HiG"
"HiG_11"	4319	"Wnt2"	18	"HiG"
"HiG_11"	613	"Pgam1"	139	"HiG"
"HiG_11"	0	"Pea15a"	498.5	"HiG"
"HiG_11"	1099	"Surf4"	91	"HiG"
"HiG_11"	193	"Ppp1cb"	234.5	"HiG"
"HiG_11"	10	"Gata5"	353.5	"HiG"
"HiG_11"	5004	"Hspa8"	14	"HiG"
"HiG_11"	194	"Rrbp1"	233	"HiG"
"HiG_11"	7	"H2afy"	366.5	"HiG"
"HiG_11"	58	"Slc25a5"	288	"HiG"
"HiG_11"	0	"Serpinb6a"	498.5	"HiG"
"HiG_11"	3	"Timp2"	391	"HiG"
"HiG_11"	0	"Igfbp4"	498.5	"HiG"
"HiG_11"	0	"Wsb1"	498.5	"HiG"
"HiG_11"	1015	"Gabarap"	96	"HiG"
"HiG_11"	1387	"Sparc"	72	"HiG"
"HiG_11"	611	"Tbx3"	140	"HiG"
"HiG_11"	794	"Pdlim4"	120	"HiG"
"HiG_11"	101	"P4ha2"	262	"HiG"
"HiG_11"	5	"Ywhah"	377	"HiG"
"HiG_11"	3410	"Ubb"	25	"HiG"
"HiG_11"	573	"Rcn3"	148.5	"HiG"
"HiG_11"	584	"Dusp9"	145	"HiG"
"HiG_11"	610	"Fbxo5"	141	"HiG"
"HiG_11"	11	"Snx3"	349	"HiG"
"HiG_11"	62	"Perp"	286	"HiG"
"HiG_11"	13	"Abracl"	339.5	"HiG"
"HiG_11"	141	"Asf1a"	249	"HiG"
"HiG_11"	0	"Atp2b1"	498.5	"HiG"
"HiG_11"	0	"Nudt4"	498.5	"HiG"
"HiG_11"	2383	"Hsp90b1"	34	"HiG"
"HiG_11"	0	"Hnrnph3"	498.5	"HiG"
"HiG_11"	607	"H2afy2"	142	"HiG"
"HiG_11"	3	"Csrp2"	391	"HiG"
"HiG_11"	0	"Pfkl"	498.5	"HiG"
"HiG_11"	3	"Arf5"	391	"HiG"
"HiG_11"	10	"Laptm4a"	353.5	"HiG"
"HiG_11"	853	"Sdc1"	112	"HiG"
"HiG_11"	2	"Smc6"	403.5	"HiG"
"HiG_11"	1866	"Rrm2"	51	"HiG"
"HiG_11"	1700	"Ddx5"	55	"HiG"
"HiG_11"	0	"Slc9a3r1"	498.5	"HiG"
"HiG_11"	74	"Galk1"	276	"HiG"
"HiG_11"	0	"Txndc17"	498.5	"HiG"
"HiG_11"	234	"Lrrc59"	222	"HiG"
"HiG_11"	128	"Dek"	251	"HiG"
"HiG_11"	29	"Gadd45g"	311	"HiG"
"HiG_11"	251	"Msx2"	217.5	"HiG"
"HiG_11"	0	"Sfxn1"	498.5	"HiG"
"HiG_11"	153	"Lman2"	244	"HiG"
"HiG_11"	0	"Prelid1"	498.5	"HiG"
"HiG_11"	0	"Dbn1"	498.5	"HiG"
"HiG_11"	4	"Pitx1"	382	"HiG"
"HiG_11"	5	"Gpx8"	377	"HiG"
"HiG_11"	149	"Arf4"	246	"HiG"
"HiG_11"	10	"Tkt"	353.5	"HiG"
"HiG_11"	34	"Bnip3l"	302.5	"HiG"
"HiG_11"	0	"Dnajc3"	498.5	"HiG"
"HiG_11"	230	"Brix1"	223	"HiG"
"HiG_11"	25	"Laptm4b"	316.5	"HiG"
"HiG_11"	48	"Eif3e"	294	"HiG"
"HiG_11"	618	"Myc"	137	"HiG"
"HiG_11"	7	"Slc38a4"	366.5	"HiG"
"HiG_11"	6	"Pmm1"	372	"HiG"
"HiG_11"	18	"Hes1"	326	"HiG"
"HiG_11"	27	"Sdf2l1"	313.5	"HiG"
"HiG_11"	50	"Tmbim6"	293	"HiG"
"HiG_11"	236	"Krt18"	221	"HiG"
"HiG_11"	1190	"Krt8"	83	"HiG"
"HiG_11"	0	"Pcbp4"	498.5	"HiG"
"HiG_11"	810	"Igf2r"	119	"HiG"
"HiG_11"	6522	"Hsp90ab1"	11	"HiG"
"HiG_11"	211	"Bambi"	228	"HiG"
"HiG_11"	904	"Cdh2"	107	"HiG"
"HiG_11"	692	"Ppic"	129	"HiG"
"HiG_11"	224	"Lmnb1"	224	"HiG"
"HiG_11"	408	"Fbn2"	193	"HiG"
"HiG_11"	283	"Carnmt1"	214	"HiG"
"HiG_11"	0	"Sssca1"	498.5	"HiG"
"HiG_11"	116	"Prdx3"	254.5	"HiG"
"HiG_11"	45	"Hells"	295	"HiG"
"HiG_11"	13	"Arl3"	339.5	"HiG"
"HiG_11"	1322	"P4hb"	75	"HiG"
"HiG_11"	469	"Maged1"	186	"HiG"
"HiG_11"	1	"Scd2"	418	"HiG"
"HiG_11"	977	"Maged2"	100	"HiG"
"HiG_11"	0	"Acot9"	498.5	"HiG"
"HiG_11"	70	"Prdx4"	279.5	"HiG"
"HiG_11"	817	"Rps26"	118	"HiG"
"HiG_11"	1524	"Atp5b"	63	"HiG"
"HiG_11"	185	"Clns1a"	237	"HiG"
"HiG_11"	3784	"Hras"	22	"HiG"
"HiG_11"	14	"Tspan4"	333	"HiG"
"HiG_11"	105	"Tk1"	259.5	"HiG"
"HiG_11"	13	"Eif4a3"	339.5	"HiG"
"HiG_11"	556	"Cct8"	172	"HiG"
"HiG_11"	984	"Hprt"	99	"HiG"
"HiG_11"	57	"Nrp1"	289	"HiG"
"HiG_11"	205	"Smad7"	230	"HiG"
"HiG_11"	1623	"Hspd1"	58	"HiG"
"HiG_11"	1	"Cfc1"	418	"HiG"
"HiG_11"	2	"Itm2c"	403.5	"HiG"
"HiG_11"	9735	"Ncl"	7	"HiG"
"HiG_11"	13	"Serpine2"	339.5	"HiG"
"HiG_11"	1	"Dars"	418	"HiG"
"HiG_11"	406	"Rgs5"	194	"HiG"
"HiG_11"	1	"Rsu1"	418	"HiG"
"HiG_11"	1836	"Vim"	52	"HiG"
"HiG_11"	13716	"Hspa5"	4	"HiG"
"HiG_11"	349	"Hat1"	204	"HiG"
"HiG_11"	162	"Mtx2"	242	"HiG"
"HiG_11"	0	"Ccdc34"	498.5	"HiG"
"HiG_11"	151	"Eif3m"	245	"HiG"
"HiG_11"	622	"Meis2"	136	"HiG"
"HiG_11"	632	"Mdk"	134	"HiG"
"HiG_11"	2347	"Pdia3"	36	"HiG"
"HiG_11"	3	"Cst3"	391	"HiG"
"HiG_11"	709	"Sall4"	126	"HiG"
"HiG_11"	563	"Map1lc3a"	165	"HiG"
"HiG_11"	12390	"Anxa5"	6	"HiG"
"HiG_11"	745	"Ccna2"	123	"HiG"
"HiG_11"	334	"Ppid"	206.5	"HiG"
"HiG_11"	516	"Gmps"	177	"HiG"
"HiG_11"	0	"Ssr3"	498.5	"HiG"
"HiG_11"	56	"Efna1"	290	"HiG"
"HiG_11"	4336	"Vcam1"	17	"HiG"
"HiG_11"	0	"Cnn3"	498.5	"HiG"
"HiG_11"	1398	"Cyr61"	70	"HiG"
"HiG_11"	0	"Glipr2"	498.5	"HiG"
"HiG_11"	14	"Psip1"	333	"HiG"
"HiG_11"	0	"Txndc12"	498.5	"HiG"
"HiG_11"	0	"Ift74"	498.5	"HiG"
"HiG_11"	571	"Gpx7"	151	"HiG"
"HiG_11"	0	"Lrrc42"	498.5	"HiG"
"HiG_11"	568	"Tmem59"	155.5	"HiG"
"HiG_11"	13	"Slc2a1"	339.5	"HiG"
"HiG_11"	401	"Akr1a1"	196	"HiG"
"HiG_11"	1361	"Nasp"	73	"HiG"
"HiG_11"	1135	"Ebna1bp2"	90	"HiG"
"HiG_11"	4	"Sh3bgrl3"	382	"HiG"
"HiG_11"	2	"Smarcd3"	403.5	"HiG"
"HiG_11"	0	"Ctnnbip1"	498.5	"HiG"
"HiG_11"	14	"Rer1"	333	"HiG"
"HiG_11"	0	"Lrpap1"	498.5	"HiG"
"HiG_11"	0	"Ugdh"	498.5	"HiG"
"HiG_11"	162	"Paics"	242	"HiG"
"HiG_11"	2	"Nudt9"	403.5	"HiG"
"HiG_11"	21	"Srsf9"	320.5	"HiG"
"HiG_11"	0	"Fscn1"	498.5	"HiG"
"HiG_11"	0	"Rasl11a"	498.5	"HiG"
"HiG_11"	987	"Cdx2"	98	"HiG"
"HiG_11"	1308	"Col1a2"	76	"HiG"
"HiG_11"	957	"Gnb2"	104	"HiG"
"HiG_11"	332	"Pcolce"	208	"HiG"
"HiG_11"	0	"Ptms"	498.5	"HiG"
"HiG_11"	0	"Vgll4"	498.5	"HiG"
"HiG_11"	1	"Slc2a3"	418	"HiG"
"HiG_11"	87	"Fkbp4"	267	"HiG"
"HiG_11"	0	"Vasp"	498.5	"HiG"
"HiG_11"	481	"Arl6ip1"	181.5	"HiG"
"HiG_11"	0	"Mettl9"	498.5	"HiG"
"HiG_11"	573	"Ilk"	148.5	"HiG"
"HiG_11"	0	"Bccip"	498.5	"HiG"
"HiG_11"	0	"Plp2"	498.5	"HiG"
"HiG_11"	0	"Itm2a"	498.5	"HiG"
"HiG_11"	0	"Hmgn5"	498.5	"HiG"
"HiG_11"	41	"Nono"	298	"HiG"
"HiG_11"	2191	"Rbbp7"	40	"HiG"
"HiG_11"	142	"Morf4l2"	248	"HiG"
"HiG_11"	0	"Eif4ebp1"	498.5	"HiG"
"HiG_11"	119	"Vegfc"	253	"HiG"
"HiG_11"	51	"Sfrp1"	292	"HiG"
"HiG_11"	24	"Rbpms"	318.5	"HiG"
"HiG_11"	533	"Slc25a4"	175	"HiG"
"HiG_11"	77	"Orc6"	273	"HiG"
"HiG_11"	468	"Mmp2"	187	"HiG"
"HiG_11"	12	"Gins2"	345.5	"HiG"
"HiG_11"	576	"Jam3"	146.5	"HiG"
"HiG_11"	0	"Oaf"	498.5	"HiG"
"HiG_11"	4	"Fdx1"	382	"HiG"
"HiG_11"	1269	"Anxa2"	78	"HiG"
"HiG_11"	133	"Rp9"	250	"HiG"
"HiG_11"	52	"Crabp1"	291	"HiG"
"HiG_11"	2238	"Pkm"	38	"HiG"
"HiG_11"	471	"Tspan3"	183.5	"HiG"
"HiG_11"	21	"Gsta4"	320.5	"HiG"
"HiG_11"	29	"Ppib"	311	"HiG"
"HiG_11"	0	"Igdcc3"	498.5	"HiG"
"HiG_11"	0	"Cmtm7"	498.5	"HiG"
"HiG_11"	0	"Nradd"	498.5	"HiG"
"HiG_11"	0	"Ptov1"	498.5	"HiG"
"HiG_11"	0	"Ppp1r14a"	498.5	"HiG"
"HiG_11"	67	"3632451O06Rik"	284	"HiG"
"HiG_11"	251	"Smad6"	217.5	"HiG"
"HiG_11"	7	"Pkp2"	366.5	"HiG"
"HiG_11"	190	"S100a10"	236	"HiG"
"HiG_11"	1	"Gcsh"	418	"HiG"
"HiG_11"	929	"Fbl"	105	"HiG"
"HiG_11"	0	"Sh3bgr"	498.5	"HiG"
"HiG_11"	0	"Ube2r2"	498.5	"HiG"
"HiG_11"	1	"Pclaf"	418	"HiG"
"HiG_11"	2	"Rhou"	403.5	"HiG"
"HiG_11"	1639	"Snx2"	57	"HiG"
"HiG_11"	12	"Twist1"	345.5	"HiG"
"HiG_11"	32	"Hoxb7"	305.5	"HiG"
"HiG_11"	836	"Asb4"	115	"HiG"
"HiG_11"	18	"Prrx2"	326	"HiG"
"HiG_11"	568	"Pcsk1n"	155.5	"HiG"
"HiG_11"	0	"Pnrc1"	498.5	"HiG"
"HiG_11"	0	"Mgarp"	498.5	"HiG"
"HiG_11"	3	"2810474O19Rik"	391	"HiG"
"HiG_11"	12	"Gata6"	345.5	"HiG"
"HiG_11"	96	"Txndc5"	264	"HiG"
"HiG_11"	107	"Tubb4b"	258	"HiG"
"HiG_11"	0	"Myl12b"	498.5	"HiG"
"HiG_11"	75	"Apex1"	274.5	"HiG"
"HiG_11"	568	"Bex2"	155.5	"HiG"
"HiG_11"	0	"Krtcap2"	498.5	"HiG"
"HiG_11"	2	"Dok4"	403.5	"HiG"
"HiG_11"	555	"Ptk7"	173	"HiG"
"HiG_11"	1389	"Cd81"	71	"HiG"
"HiG_11"	561	"Ptma"	169	"HiG"
"HiG_11"	0	"Efhd2"	498.5	"HiG"
"HiG_11"	0	"Tsc22d1"	498.5	"HiG"
"HiG_11"	0	"Fermt2"	498.5	"HiG"
"HiG_11"	571	"Arhgap29"	151	"HiG"
"HiG_11"	0	"Limd2"	498.5	"HiG"
"HiG_11"	716	"Ndn"	125	"HiG"
"HiG_11"	0	"Ssr2"	498.5	"HiG"
"HiG_11"	565	"Mycn"	160	"HiG"
"HiG_11"	0	"Shisa4"	498.5	"HiG"
"HiG_11"	0	"Nenf"	498.5	"HiG"
"HiG_11"	0	"Gjb3"	498.5	"HiG"
"HiG_11"	2110	"Hoxa9"	42	"HiG"
"HiG_11"	409	"Hand1"	191.5	"HiG"
"HiG_11"	0	"Gnl3"	498.5	"HiG"
"HiG_11"	8	"Pdlim7"	361.5	"HiG"
"HiG_11"	398	"Pitx2"	197	"HiG"
"HiG_11"	3	"Tax1bp3"	391	"HiG"
"HiG_11"	693	"Tceal9"	128	"HiG"
"HiG_11"	0	"Adk"	498.5	"HiG"
"HiG_11"	22305	"Acta2"	2	"HiG"
"HiG_11"	0	"Degs1"	498.5	"HiG"
"HiG_11"	14	"Hoxa7"	333	"HiG"
"HiG_11"	560	"Hspb11"	170	"HiG"
"HiG_11"	292	"Calm2"	213	"HiG"
"HiG_11"	564	"Ctnna1"	162	"HiG"
"HiG_11"	27	"Ckap4"	313.5	"HiG"
"HiG_11"	1179	"Snai1"	85	"HiG"
"HiG_11"	6	"Efnb1"	372	"HiG"
"HiG_11"	0	"Peg3"	498.5	"HiG"
"HiG_11"	1153	"Mapk3"	87	"HiG"
"HiG_11"	6	"Tbx20"	372	"HiG"
"HiG_11"	0	"Pgp"	498.5	"HiG"
"HiG_11"	2325	"Pdia6"	37	"HiG"
"HiG_11"	922	"Basp1"	106	"HiG"
"HiG_11"	0	"Eva1b"	498.5	"HiG"
"HiG_11"	13	"Map7d1"	339.5	"HiG"
"HiG_11"	4579	"Fn1"	16	"HiG"
"HiG_11"	0	"Fbln1"	498.5	"HiG"
"HiG_11"	33	"Xbp1"	304	"HiG"
"HiG_11"	0	"Tmem88"	498.5	"HiG"
"HiG_11"	10	"Marcksl1"	353.5	"HiG"
"HiG_11"	0	"Bri3"	498.5	"HiG"
"HiG_11"	19	"Gnai2"	323	"HiG"
"HiG_11"	0	"Rbpms2"	498.5	"HiG"
"HiG_11"	12	"Cd24a"	345.5	"HiG"
"HiG_11"	706	"Msx1"	127	"HiG"
"HiG_11"	1	"Hoxd9"	418	"HiG"
"HiG_11"	566	"Smtnl2"	159	"HiG"
"HiG_11"	0	"Spin2c"	498.5	"HiG"
"HiG_11"	513	"Vamp8"	178	"HiG"
"HiG_11"	576	"Bex1"	146.5	"HiG"
"HiG_11"	0	"Ier2"	498.5	"HiG"
"HiG_11"	571	"Lxn"	151	"HiG"
"HiG_11"	2	"H1fx"	403.5	"HiG"
"HiG_11"	175	"Hmgn1"	239	"HiG"
"HiG_11"	37	"Mtap"	301	"HiG"
"HiG_11"	0	"Pon2"	498.5	"HiG"
"HiG_11"	6	"Slbp"	372	"HiG"
"HiG_11"	0	"Dcaf12l1"	498.5	"HiG"
"HiG_11"	0	"Dlk1"	498.5	"HiG"
"HiG_11"	0	"Mogat2"	498.5	"HiG"
"HiG_11"	0	"Gpc3"	498.5	"HiG"
"HiG_11"	11	"Efemp2"	349	"HiG"
"HiG_11"	31	"Phgdh"	308	"HiG"
"HiG_11"	115	"Wnt5a"	256	"HiG"
"HiG_11"	0	"P3h4"	498.5	"HiG"
"HiG_11"	567	"Plpp3"	158	"HiG"
"HiG_11"	454	"Rtn3"	188	"HiG"
"HiG_11"	202	"Hmgb2"	232	"HiG"
"HiG_11"	18	"Rap1b"	326	"HiG"
"HiG_11"	60	"Khdrbs1"	287	"HiG"
"HiG_11"	1915	"Gata4"	49	"HiG"
"HiG_11"	3	"Wls"	391	"HiG"
"HiG_11"	1257	"Map1b"	79	"HiG"
"HiG_11"	0	"Tmem158"	498.5	"HiG"
"HiG_11"	0	"Itgb5"	498.5	"HiG"
"HiG_11"	0	"Npm3"	498.5	"HiG"
"HiG_11"	16	"Rras2"	329	"HiG"
"HiG_11"	0	"Cthrc1"	498.5	"HiG"
"HiG_11"	10	"Tmem119"	353.5	"HiG"
"HiG_11"	1246	"Ywhae"	82	"HiG"
"HiG_11"	13	"Ifitm2"	339.5	"HiG"
"HiG_11"	19251	"Actg1"	3	"HiG"
"HiG_11"	1340	"Ccnb1"	74	"HiG"
"HiG_11"	5	"Pgrmc1"	377	"HiG"
"HiG_11"	0	"Polg"	498.5	"HiG"
"HiG_11"	1799	"Bmp4"	53	"HiG"
"HiG_11"	1553	"Hspe1"	61.5	"HiG"
"HiG_11"	3340	"Npm1"	26	"HiG"
"HiG_11"	625	"Pdgfa"	135	"HiG"
"HiG_11"	564	"Phldb2"	162	"HiG"
"HiG_11"	328	"Pdia4"	209.5	"HiG"
"HiG_11"	878	"Arpc5"	110	"HiG"
"HiG_11"	0	"Rsrp1"	498.5	"HiG"
"HiG_11"	42	"Cfl2"	297	"HiG"
"HiG_11"	16	"Sox11"	329	"HiG"
"HiG_11"	886	"Birc5"	109	"HiG"
"HiG_11"	3	"Yaf2"	391	"HiG"
"HiG_11"	4308	"Eno1"	19	"HiG"
"HiG_11"	1403	"Impdh2"	69	"HiG"
"HiG_11"	2381	"Pgk1"	35	"HiG"
"HiG_11"	32	"Rps6ka6"	305.5	"HiG"
"HiG_11"	217	"Dut"	226	"HiG"
"HiG_11"	8195	"mt-Nd1"	10	"HiG"
"HiG_11"	99	"mt-Nd2"	263	"HiG"
"HiG_11"	10	"mt-Co1"	353.5	"HiG"
"HiG_11"	1183	"mt-Co2"	84	"HiG"
"HiG_11"	183	"mt-Atp6"	238	"HiG"
"HiG_11"	241	"mt-Co3"	219	"HiG"
"HiG_11"	471	"mt-Nd4"	183.5	"HiG"
"HiG_11"	841	"mt-Cytb"	114	"HiG"
"HiG_11"	13	"Gpx3"	339.5	"HiG"
"HiG_11"	162	"Fgfr1"	242	"HiG"
"HiG_11"	31	"Oat"	308	"HiG"
"HiG_11"	104	"Bub3"	261	"HiG"
"HiG_11"	564	"Crip2"	162	"HiG"
"HiG_11"	0	"Anp32a"	498.5	"HiG"
"HiG_11"	2682	"Hmgb1"	31	"HiG"
"HiG_11"	3	"Arpc1b"	391	"HiG"
"HiG_11"	0	"Capn6"	498.5	"HiG"
"HiG_11"	147	"Pgm2"	247	"HiG"
"HiG_11"	0	"Morc4"	498.5	"HiG"
"HiG_11"	659	"Lyar"	131.5	"HiG"
"HiG_11"	1616	"Aldoa"	59	"HiG"
"HiG_11"	0	"Srrm2"	498.5	"HiG"
"HiG_11"	2843	"Lgals1"	30	"HiG"
"HiG_11"	2	"Mmp14"	403.5	"HiG"
"HiG_11"	5030	"Hnrnpa2b1"	13	"HiG"
"HiG_11"	1876	"Itgb1"	50	"HiG"
"HiG_11"	0	"Aard"	498.5	"HiG"
"HiG_11"	1150	"Actc1"	88	"HiG"
"HiG_11"	124	"Rap1a"	252	"HiG"
"HiG_11"	0	"Prdm6"	498.5	"HiG"
"HiG_11"	11	"Marcks"	349	"HiG"
"HiG_11"	0	"Rspo3"	498.5	"HiG"
"HiG_11"	3	"Ahnak"	391	"HiG"
"HiG_11"	559	"Grb10"	171	"HiG"
"HiG_11"	489	"Cbx1"	180	"HiG"
"HiG_11"	1922	"Hsp90aa1"	48	"HiG"
"HiG_11"	589	"Id1"	144	"HiG"
"HiG_11"	0	"Selenom"	498.5	"HiG"
"HiG_11"	110	"Mtch1"	257	"HiG"
"HiG_11"	5914	"Tuba1a"	12	"HiG"
"HiG_11"	1960	"Gpx4"	46	"HiG"
"HiG_11"	0	"Csrp1"	498.5	"HiG"
"HiG_11"	0	"Lrrfip1"	498.5	"HiG"
"HiG_11"	0	"Ppfibp2"	498.5	"HiG"
"HiG_11"	1609	"Snrpn"	60	"HiG"
"HiG_11"	0	"Ccdc80"	498.5	"HiG"
"HiG_11"	39807	"Actb"	1	"HiG"
"HiG_11"	0	"Nup62cl"	498.5	"HiG"
"HiG_11"	70	"Selenos"	279.5	"HiG"
"HiG_11"	2054	"Dstn"	44	"HiG"
"HiG_11"	212	"Car4"	227	"HiG"
"HiG_11"	972	"Nop56"	103	"HiG"
"HiG_11"	1940	"Mrto4"	47	"HiG"
"HiG_11"	3872	"Hdac1"	21	"HiG"
"HiG_11"	481	"Rbbp4"	181.5	"HiG"
"HiG_11"	7	"Selenoh"	366.5	"HiG"
"HiG_11"	521	"Vdac1"	176	"HiG"
"HiG_11"	1008	"Sqstm1"	97	"HiG"
"HiG_11"	2	"Rtn4"	403.5	"HiG"
"HiG_11"	973	"Set"	102	"HiG"
"HiG_11"	339	"Ugp2"	205	"HiG"
"HiG_11"	1247	"Rpl7a"	81	"HiG"
"HiG_11"	0	"Anp32b"	498.5	"HiG"
"HiG_11"	0	"Sox4"	498.5	"HiG"
"HiG_11"	0	"Cntfr"	498.5	"HiG"
"HiG_11"	19	"Cd151"	323	"HiG"
"HiG_11"	203	"Ifitm1"	231	"HiG"
"HiG_11"	0	"Bnip3"	498.5	"HiG"
"HiG_11"	409	"Fus"	191.5	"HiG"
"HiG_11"	8	"Ypel3"	361.5	"HiG"
"HiG_11"	0	"1810037I17Rik"	498.5	"HiG"
"HiG_11"	9149	"H3f3b"	9	"HiG"
"HiG_11"	3	"Gjc1"	391	"HiG"
"HiG_11"	12977	"Jun"	5	"HiG"
"HiG_11"	562	"Idh2"	167.5	"HiG"
"HiG_11"	38	"Tead2"	300	"HiG"
"HiG_11"	670	"Tomm5"	130	"HiG"
"HiG_11"	1096	"Prmt1"	92	"HiG"
"HiG_11"	75	"Clta"	274.5	"HiG"
"HiG_11"	832	"Tpm2"	116	"HiG"
"HiG_11"	221	"Ccne1"	225	"HiG"
"HiG_11"	0	"Tnfaip1"	498.5	"HiG"
"HiG_11"	0	"Fam92a"	498.5	"HiG"
"HiG_11"	0	"Rab34"	498.5	"HiG"
"HiG_11"	0	"Tsen34"	498.5	"HiG"
"HiG_11"	78	"Pmp22"	272	"HiG"
"HiG_11"	86	"Anxa6"	269	"HiG"
"HiG_11"	16	"Top1"	329	"HiG"
"HiG_11"	7	"Vcan"	366.5	"HiG"
"HiG_11"	0	"Triobp"	498.5	"HiG"
"HiG_11"	373	"H2afv"	200.5	"HiG"
"HiG_11"	0	"Cox4i2"	498.5	"HiG"
"HiG_11"	615	"Tmed9"	138	"HiG"
"HiG_11"	9	"Oxct1"	358	"HiG"
"HiG_11"	0	"Kdelr2"	498.5	"HiG"
"HiG_11"	0	"Mpzl1"	498.5	"HiG"
"HiG_11"	569	"H19"	153	"HiG"
"HiG_11"	193	"Hnrnpa3"	234.5	"HiG"
"HiG_11"	0	"Mlec"	498.5	"HiG"
"HiG_11"	363	"Tmsb4x"	203	"HiG"
"HiG_11"	19	"Selenok"	323	"HiG"
"HiG_11"	0	"Evi5"	498.5	"HiG"
"HiG_11"	105	"Amot"	259.5	"HiG"
"HiG_11"	0	"Plac8"	498.5	"HiG"
"HiG_11"	0	"Rnf128"	498.5	"HiG"
"HiG_11"	69	"Nxf7"	281.5	"HiG"
"HiG_11"	764	"Tpm1"	121	"HiG"
"HiG_11"	2	"Pja1"	403.5	"HiG"
"HiG_11"	372	"Arpc2"	202	"HiG"
"HiG_11"	1	"Brd3"	418	"HiG"
"HiG_11"	2626	"Tmsb10"	32	"HiG"
"HiG_11"	1	"Rcn2"	418	"HiG"
"HiG_11"	0	"Hmgb3"	498.5	"HiG"
"HiG_11"	0	"Fstl1"	498.5	"HiG"
"HiG_11"	0	"Fhl1"	498.5	"HiG"
"HiG_11"	68	"Plac1"	283	"HiG"
"HiG_11"	0	"Mbnl3"	498.5	"HiG"
"HiG_11"	328	"Cald1"	209.5	"HiG"
"HiG_11"	490	"Sgce"	179	"HiG"
"HiG_11"	2	"Suv39h1"	403.5	"HiG"
"HiG_11"	172	"Ranbp1"	240	"HiG"
"HiG_11"	1253	"Hnrnpk"	80	"HiG"
"HiG_11"	0	"Bex4"	498.5	"HiG"
"HiG_11"	69	"Palld"	281.5	"HiG"
"HiG_11"	735	"Tbrg1"	124	"HiG"
"HiG_11"	3	"Cox17"	391	"HiG"
"HiG_11"	0	"Fam104a"	498.5	"HiG"
"HiG_11"	2198	"Igf2"	39	"HiG"
"HiG_11"	44	"Prdx1"	296	"HiG"
"HiG_11"	2166	"Ubc"	41	"HiG"
"HiG_11"	441	"Pa2g4"	189	"HiG"
"HiG_11"	2	"Cnih4"	403.5	"HiG"
"HiG_11"	87	"Erp29"	267	"HiG"
"HiG_11"	866	"Mest"	111	"HiG"
"HiG_11"	1	"Bbx"	418	"HiG"
"HiG_11"	2399	"Nhp2"	33	"HiG"
"HiG_11"	81	"Hoxa10"	271	"HiG"
"HiG_11"	1144	"Gnb4"	89	"HiG"
"HiG_11"	0	"Mrps26"	498.5	"HiG"
"HiG_11"	1158	"Myl12a"	86	"HiG"
"HiG_11"	94	"Ywhaq"	265	"HiG"
"HiG_11"	0	"Psme2"	498.5	"HiG"
"HiG_11"	1729	"Hmga2"	54	"HiG"
"HiG_11"	40	"Cadm1"	299	"HiG"
"HiG_11"	563	"Cyb5a"	165	"HiG"
"HiG_11"	1484	"Manf"	65	"HiG"
"HiG_11"	8	"Impdh1"	361.5	"HiG"
"HiG_11"	379	"Slc16a3"	199	"HiG"
"HiG_11"	5	"Ccnd3"	377	"HiG"
"HiG_11"	3035	"Serpinh1"	29	"HiG"
"HiG_11"	1976	"Eif4a1"	45	"HiG"
"HiG_11"	29	"Commd3"	311	"HiG"
"HiG_11"	14	"Idh3a"	333	"HiG"
"HiG_11"	9	"Atp6v0e"	358	"HiG"
"HiG_11"	34	"Sept7"	302.5	"HiG"
"HiG_11"	1463	"Odc1"	66	"HiG"
"HiG_11"	9458	"Myl6"	8	"HiG"
"HiG_11"	4206	"Cdkn1c"	20	"HiG"
"HiG_11"	0	"Tceal8"	498.5	"HiG"
"HiG_11"	382	"Dnaja1"	198	"HiG"
"HiG_11"	0	"Krcc1"	498.5	"HiG"
"HiG_11"	0	"Ssb"	498.5	"HiG"
"HiG_11"	116	"Ccne2"	254.5	"HiG"
"HiG_11"	0	"Luzp1"	498.5	"HiG"
"HiG_11"	2057	"Tpi1"	43	"HiG"
"HiG_11"	0	"Rbms1"	498.5	"HiG"
"HiG_11"	0	"Atxn10"	498.5	"HiG"
"HiG_11"	0	"Phlda1"	498.5	"HiG"
"HiG_11"	0	"Spats2l"	498.5	"HiG"
"HiG_11"	417	"Hoxb6"	190	"HiG"
"HiG_11"	821	"Apoe"	117	"HiG"
"HiG_11"	24	"Ddx39b"	318.5	"HiG"
"HiG_11"	1043	"Cct4"	94	"HiG"
"HiG_11"	0	"Peg10"	498.5	"HiG"
"HiG_11"	0	"Oaz2"	498.5	"HiG"
"HiG_11"	4669	"Bex3"	15	"HiG"
"HiG_11"	0	"Rhox5"	498.5	"HiG"
"HiG_11"	470	"Foxf1"	185	"HiG"
"HiG_11"	0	"Smim1"	498.5	"HiG"
"HiG_11"	659	"Twist2"	131.5	"HiG"
"HiG_11"	0	"Apbb1"	498.5	"HiG"
"HiG_11"	1033	"Gnas"	95	"HiG"
"HiG_11"	0	"Stard3nl"	498.5	"HiG"
"HiG_11"	4	"Sh3glb1"	382	"HiG"
"HiG_11"	206	"Ruvbl2"	229	"HiG"
"HiG_11"	0	"Isyna1"	498.5	"HiG"
"HiG_11"	3689	"Ldha"	23	"HiG"
"HiG_11"	552	"Arid5b"	174	"HiG"
"HiG_11"	1405	"Cd63"	68	"HiG"
"HiG_11"	1553	"Gja1"	61.5	"HiG"
"HiG_11"	9	"Stx7"	358	"HiG"
"HiG_11"	314	"Id2"	211	"HiG"
"HiG_11"	850	"Ctsl"	113	"HiG"
"HiG_11"	1066	"Gdi2"	93	"HiG"
"HiG_11"	1	"Pcgf5"	418	"HiG"
"HiG_11"	6	"Gas1"	372	"HiG"
"HiG_11"	0	"Ttc3"	498.5	"HiG"
"HiG_11"	0	"Txnl1"	498.5	"HiG"
"HiG_11"	1	"Paip2"	418	"HiG"
"HiG_11"	1674	"Fth1"	56	"HiG"
"HiG_11"	0	"6330403K07Rik"	498.5	"HiG"
"HiG_11"	3	"Calm1"	391	"HiG"
"HiG_15"	1110	"Sdhd"	84	"HiG"
"HiG_15"	178	"Ccnd2"	232.5	"HiG"
"HiG_15"	268	"Mcm7"	199	"HiG"
"HiG_15"	1686	"Icam2"	54	"HiG"
"HiG_15"	0	"N4bp3"	478	"HiG"
"HiG_15"	0	"Rnd2"	478	"HiG"
"HiG_15"	1473	"Tubb6"	64	"HiG"
"HiG_15"	377	"Jup"	174	"HiG"
"HiG_15"	69	"Pabpc1"	280.5	"HiG"
"HiG_15"	739	"Esam"	121	"HiG"
"HiG_15"	1036	"Spi1"	92	"HiG"
"HiG_15"	271	"Rhoc"	198	"HiG"
"HiG_15"	0	"Def6"	478	"HiG"
"HiG_15"	370	"Slc9a3r2"	176	"HiG"
"HiG_15"	691	"Tgfb1"	123	"HiG"
"HiG_15"	1425	"Tpm4"	65	"HiG"
"HiG_15"	0	"Prodh"	478	"HiG"
"HiG_15"	1935	"Calr"	47	"HiG"
"HiG_15"	136	"Ppan"	243.5	"HiG"
"HiG_15"	31	"Ptpn6"	315	"HiG"
"HiG_15"	21	"Bid"	333.5	"HiG"
"HiG_15"	298	"Ralb"	187.5	"HiG"
"HiG_15"	53	"Etfb"	289.5	"HiG"
"HiG_15"	201	"Cnn2"	219	"HiG"
"HiG_15"	1294	"Grap"	71	"HiG"
"HiG_15"	132	"Hdgf"	246	"HiG"
"HiG_15"	235	"Ube2m"	209	"HiG"
"HiG_15"	28	"Bcas2"	317.5	"HiG"
"HiG_15"	0	"Elovl1"	478	"HiG"
"HiG_15"	2427	"Cdc20"	34	"HiG"
"HiG_15"	818	"Srm"	111	"HiG"
"HiG_15"	247	"Cdt1"	205	"HiG"
"HiG_15"	28	"Aprt"	317.5	"HiG"
"HiG_15"	1245	"Sod2"	77	"HiG"
"HiG_15"	4	"Eif1b"	382	"HiG"
"HiG_15"	0	"Ddah2"	478	"HiG"
"HiG_15"	249	"Clic1"	204	"HiG"
"HiG_15"	0	"Id3"	478	"HiG"
"HiG_15"	1077	"Rplp1"	88	"HiG"
"HiG_15"	0	"Carhsp1"	478	"HiG"
"HiG_15"	1257	"Tspan32"	74	"HiG"
"HiG_15"	0	"Oit3"	478	"HiG"
"HiG_15"	1256	"Fxyd5"	75	"HiG"
"HiG_15"	0	"Ifrd2"	478	"HiG"
"HiG_15"	0	"Wdr77"	478	"HiG"
"HiG_15"	37	"Pea15a"	309	"HiG"
"HiG_15"	766	"Cacybp"	118	"HiG"
"HiG_15"	242	"Gata2"	206	"HiG"
"HiG_15"	5	"Endog"	375	"HiG"
"HiG_15"	9251	"Hspa8"	7	"HiG"
"HiG_15"	26	"Fli1"	321.5	"HiG"
"HiG_15"	1488	"Ctsz"	63	"HiG"
"HiG_15"	578	"Slc25a5"	138	"HiG"
"HiG_15"	13443	"Cd34"	4	"HiG"
"HiG_15"	95	"Cyba"	264	"HiG"
"HiG_15"	0	"Igfbp4"	478	"HiG"
"HiG_15"	0	"Mfng"	478	"HiG"
"HiG_15"	4439	"Pfn1"	14	"HiG"
"HiG_15"	917	"Sparc"	101	"HiG"
"HiG_15"	6	"Rab5c"	367.5	"HiG"
"HiG_15"	0	"Mydgf"	478	"HiG"
"HiG_15"	1	"Snx3"	416	"HiG"
"HiG_15"	913	"Cdk1"	102	"HiG"
"HiG_15"	0	"Nudt4"	478	"HiG"
"HiG_15"	69	"Cdc34"	280.5	"HiG"
"HiG_15"	277	"Dynll2"	195.5	"HiG"
"HiG_15"	0	"Bzw2"	478	"HiG"
"HiG_15"	3187	"Rrm2"	21	"HiG"
"HiG_15"	653	"Ddx5"	130	"HiG"
"HiG_15"	0	"Hn1"	478	"HiG"
"HiG_15"	641	"Galk1"	132	"HiG"
"HiG_15"	90	"Glrx5"	269	"HiG"
"HiG_15"	13	"Siva1"	346.5	"HiG"
"HiG_15"	4	"Tmem14c"	382	"HiG"
"HiG_15"	539	"Dek"	145.5	"HiG"
"HiG_15"	3	"Ctla2a"	390	"HiG"
"HiG_15"	25	"Gadd45g"	325	"HiG"
"HiG_15"	2	"Sfxn1"	402.5	"HiG"
"HiG_15"	0	"Lman2"	478	"HiG"
"HiG_15"	1678	"Mrpl36"	56	"HiG"
"HiG_15"	0	"Hapln1"	478	"HiG"
"HiG_15"	399	"Tkt"	171	"HiG"
"HiG_15"	1147	"Mrpl57"	81	"HiG"
"HiG_15"	34	"Clu"	311	"HiG"
"HiG_15"	50	"Itm2b"	295	"HiG"
"HiG_15"	184	"Ripk3"	227	"HiG"
"HiG_15"	652	"Brix1"	131	"HiG"
"HiG_15"	0	"Mtdh"	478	"HiG"
"HiG_15"	168	"Eif3e"	237.5	"HiG"
"HiG_15"	0	"Litaf"	478	"HiG"
"HiG_15"	21	"Ets2"	333.5	"HiG"
"HiG_15"	454	"Runx1"	166.5	"HiG"
"HiG_15"	130	"Tmbim6"	247	"HiG"
"HiG_15"	16510	"Hsp90ab1"	3	"HiG"
"HiG_15"	2	"Ralbp1"	402.5	"HiG"
"HiG_15"	51	"Bambi"	294	"HiG"
"HiG_15"	1151	"Hspa9"	80	"HiG"
"HiG_15"	0	"Sec11c"	478	"HiG"
"HiG_15"	482	"Ppic"	158	"HiG"
"HiG_15"	119	"Psat1"	252	"HiG"
"HiG_15"	84	"Ostf1"	270	"HiG"
"HiG_15"	0	"Carnmt1"	478	"HiG"
"HiG_15"	2	"Ehd1"	402.5	"HiG"
"HiG_15"	3	"Sssca1"	390	"HiG"
"HiG_15"	11	"Hhex"	349.5	"HiG"
"HiG_15"	53	"Prdx3"	289.5	"HiG"
"HiG_15"	121	"Hells"	250.5	"HiG"
"HiG_15"	82	"Gsto1"	271.5	"HiG"
"HiG_15"	0	"Hexa"	478	"HiG"
"HiG_15"	2221	"Rps26"	37	"HiG"
"HiG_15"	3179	"Atp5b"	22	"HiG"
"HiG_15"	13	"Clns1a"	346.5	"HiG"
"HiG_15"	3385	"Hras"	19	"HiG"
"HiG_15"	8	"Tspan4"	362.5	"HiG"
"HiG_15"	480	"Syngr2"	159	"HiG"
"HiG_15"	316	"Tk1"	181	"HiG"
"HiG_15"	1522	"Eif4a3"	60	"HiG"
"HiG_15"	451	"Podxl"	168	"HiG"
"HiG_15"	315	"Cct8"	182	"HiG"
"HiG_15"	1007	"Hprt"	94	"HiG"
"HiG_15"	3	"Fam195a"	390	"HiG"
"HiG_15"	3410	"Hspd1"	18	"HiG"
"HiG_15"	280	"Wdr12"	193	"HiG"
"HiG_15"	3	"Ptpn18"	390	"HiG"
"HiG_15"	2115	"Ncl"	40	"HiG"
"HiG_15"	112	"Mcm6"	256.5	"HiG"
"HiG_15"	3	"Dars"	390	"HiG"
"HiG_15"	530	"Mpc2"	149	"HiG"
"HiG_15"	10	"Fam107b"	353.5	"HiG"
"HiG_15"	2404	"Vim"	35	"HiG"
"HiG_15"	6561	"Hspa5"	9	"HiG"
"HiG_15"	287	"Timm10"	189	"HiG"
"HiG_15"	11	"Ola1"	349.5	"HiG"
"HiG_15"	74	"Nop10"	275.5	"HiG"
"HiG_15"	191	"Eif3m"	224.5	"HiG"
"HiG_15"	3	"Ehd4"	390	"HiG"
"HiG_15"	827	"Pcna"	109	"HiG"
"HiG_15"	1	"Dusp2"	416	"HiG"
"HiG_15"	17	"Cst3"	339.5	"HiG"
"HiG_15"	926	"Aurka"	100	"HiG"
"HiG_15"	454	"Car2"	166.5	"HiG"
"HiG_15"	0	"Sla2"	478	"HiG"
"HiG_15"	943	"Anxa5"	98	"HiG"
"HiG_15"	138	"Ppid"	242	"HiG"
"HiG_15"	48	"Gclm"	297.5	"HiG"
"HiG_15"	256	"Cnn3"	201	"HiG"
"HiG_15"	2	"Ddah1"	402.5	"HiG"
"HiG_15"	1	"Ndufaf4"	416	"HiG"
"HiG_15"	1135	"Tln1"	82	"HiG"
"HiG_15"	68	"Txndc12"	282	"HiG"
"HiG_15"	1	"Tmem59"	416	"HiG"
"HiG_15"	380	"Tal1"	173	"HiG"
"HiG_15"	1983	"Ebna1bp2"	45	"HiG"
"HiG_15"	308	"Stmn1"	185	"HiG"
"HiG_15"	205	"Sh3bgrl3"	217	"HiG"
"HiG_15"	686	"Ppm1g"	124	"HiG"
"HiG_15"	528	"Emilin1"	150	"HiG"
"HiG_15"	223	"Paics"	214.5	"HiG"
"HiG_15"	10	"Tpst2"	353.5	"HiG"
"HiG_15"	0	"Prkab1"	478	"HiG"
"HiG_15"	0	"Srsf9"	478	"HiG"
"HiG_15"	0	"Fscn1"	478	"HiG"
"HiG_15"	298	"Flt1"	187.5	"HiG"
"HiG_15"	286	"Gng11"	190	"HiG"
"HiG_15"	72	"Gnb2"	277	"HiG"
"HiG_15"	99	"Nt5c3"	262	"HiG"
"HiG_15"	20	"Ybx3"	335.5	"HiG"
"HiG_15"	115	"Arhgdib"	254	"HiG"
"HiG_15"	2	"Cmas"	402.5	"HiG"
"HiG_15"	9	"Slc2a3"	358.5	"HiG"
"HiG_15"	784	"Cd9"	115	"HiG"
"HiG_15"	181	"Fkbp4"	230.5	"HiG"
"HiG_15"	810	"Vasp"	113	"HiG"
"HiG_15"	7	"Yif1b"	364	"HiG"
"HiG_15"	1791	"Arl6ip1"	52	"HiG"
"HiG_15"	1289	"Lat"	72	"HiG"
"HiG_15"	23	"Rgs10"	329	"HiG"
"HiG_15"	1807	"Plk1"	50	"HiG"
"HiG_15"	3277	"Gata1"	20	"HiG"
"HiG_15"	0	"Itm2a"	478	"HiG"
"HiG_15"	552	"Dkc1"	143	"HiG"
"HiG_15"	227	"Prps1"	213	"HiG"
"HiG_15"	38	"Gas6"	308	"HiG"
"HiG_15"	0	"Eif4ebp1"	478	"HiG"
"HiG_15"	0	"Col4a2"	478	"HiG"
"HiG_15"	0	"Rbpms"	478	"HiG"
"HiG_15"	10	"Slc25a4"	353.5	"HiG"
"HiG_15"	680	"Cotl1"	125	"HiG"
"HiG_15"	2835	"Cdh5"	25	"HiG"
"HiG_15"	0	"Cmtm3"	478	"HiG"
"HiG_15"	96	"Psmb10"	263	"HiG"
"HiG_15"	26	"Nip7"	321.5	"HiG"
"HiG_15"	1	"Oaf"	416	"HiG"
"HiG_15"	3	"Rp9"	390	"HiG"
"HiG_15"	539	"Imp3"	145.5	"HiG"
"HiG_15"	2736	"Pkm"	28	"HiG"
"HiG_15"	0	"Gsta4"	478	"HiG"
"HiG_15"	18698	"Rpl4"	2	"HiG"
"HiG_15"	6	"Cmtm7"	367.5	"HiG"
"HiG_15"	23	"Plvap"	329	"HiG"
"HiG_15"	0	"Ninj1"	478	"HiG"
"HiG_15"	968	"H2afz"	97	"HiG"
"HiG_15"	466	"S100a10"	162	"HiG"
"HiG_15"	314	"Tie1"	183	"HiG"
"HiG_15"	26	"Gcsh"	321.5	"HiG"
"HiG_15"	2047	"Fkbp1a"	41	"HiG"
"HiG_15"	517	"Npl"	155	"HiG"
"HiG_15"	2545	"Fbl"	31	"HiG"
"HiG_15"	178	"Mrps6"	232.5	"HiG"
"HiG_15"	55	"Gadd45gip1"	287	"HiG"
"HiG_15"	133	"Fermt3"	245	"HiG"
"HiG_15"	0	"Rangrf"	478	"HiG"
"HiG_15"	185	"Serbp1"	226	"HiG"
"HiG_15"	3	"Snx2"	390	"HiG"
"HiG_15"	0	"Smim3"	478	"HiG"
"HiG_15"	1	"Timm8b"	416	"HiG"
"HiG_15"	2	"Atp13a2"	402.5	"HiG"
"HiG_15"	0	"Prkar2b"	478	"HiG"
"HiG_15"	0	"Fam212a"	478	"HiG"
"HiG_15"	282	"Rgl2"	192	"HiG"
"HiG_15"	191	"Chchd4"	224.5	"HiG"
"HiG_15"	2	"Arl6ip5"	402.5	"HiG"
"HiG_15"	0	"Egln3"	478	"HiG"
"HiG_15"	577	"F11r"	139	"HiG"
"HiG_15"	4219	"Cldn5"	15	"HiG"
"HiG_15"	0	"Bag2"	478	"HiG"
"HiG_15"	39	"Tubb4b"	306	"HiG"
"HiG_15"	41	"Apex1"	302.5	"HiG"
"HiG_15"	594	"Ddx21"	137	"HiG"
"HiG_15"	192	"Rpl22l1"	222.5	"HiG"
"HiG_15"	1081	"Cmtm8"	87	"HiG"
"HiG_15"	9933	"Cd81"	6	"HiG"
"HiG_15"	0	"Ubash3b"	478	"HiG"
"HiG_15"	821	"Ptma"	110	"HiG"
"HiG_15"	2019	"Mrpl12"	43	"HiG"
"HiG_15"	0	"Cdv3"	478	"HiG"
"HiG_15"	112	"Mrpl34"	256.5	"HiG"
"HiG_15"	0	"Limd2"	478	"HiG"
"HiG_15"	5	"Ssr2"	375	"HiG"
"HiG_15"	4	"Ptpn7"	382	"HiG"
"HiG_15"	17	"Gpsm3"	339.5	"HiG"
"HiG_15"	42	"Mycn"	301	"HiG"
"HiG_15"	79	"Lyl1"	273.5	"HiG"
"HiG_15"	0	"Snrnp25"	478	"HiG"
"HiG_15"	216	"Eif5a"	216	"HiG"
"HiG_15"	871	"Gnl3"	105	"HiG"
"HiG_15"	39	"Pdlim7"	306	"HiG"
"HiG_15"	0	"Tax1bp3"	478	"HiG"
"HiG_15"	168	"Gngt2"	237.5	"HiG"
"HiG_15"	6	"Atp6v0b"	367.5	"HiG"
"HiG_15"	533	"Dctpp1"	147	"HiG"
"HiG_15"	1	"Vat1"	416	"HiG"
"HiG_15"	876	"Calm2"	103	"HiG"
"HiG_15"	337	"Gpi1"	177	"HiG"
"HiG_15"	0	"Cnrip1"	478	"HiG"
"HiG_15"	4	"Timm8a1"	382	"HiG"
"HiG_15"	0	"Orai3"	478	"HiG"
"HiG_15"	163	"Tuba1c"	239	"HiG"
"HiG_15"	228	"H2afx"	212	"HiG"
"HiG_15"	5449	"Mapk3"	11.5	"HiG"
"HiG_15"	173	"Dnmt3b"	235	"HiG"
"HiG_15"	0	"Bst2"	478	"HiG"
"HiG_15"	0	"Frat2"	478	"HiG"
"HiG_15"	2	"Pgp"	402.5	"HiG"
"HiG_15"	546	"Pdia6"	144	"HiG"
"HiG_15"	11	"Klhl6"	349.5	"HiG"
"HiG_15"	656	"Aplnr"	129	"HiG"
"HiG_15"	0	"Sptssa"	478	"HiG"
"HiG_15"	8	"Eva1b"	362.5	"HiG"
"HiG_15"	2	"F2rl3"	402.5	"HiG"
"HiG_15"	1261	"Fn1"	73	"HiG"
"HiG_15"	0	"A430005L14Rik"	478	"HiG"
"HiG_15"	106	"Xbp1"	259	"HiG"
"HiG_15"	5	"Marcksl1"	375	"HiG"
"HiG_15"	52	"Gimap5"	292.5	"HiG"
"HiG_15"	1343	"Gnai2"	67	"HiG"
"HiG_15"	5	"Zfpm1"	375	"HiG"
"HiG_15"	0	"Ubald2"	478	"HiG"
"HiG_15"	0	"Ssbp4"	478	"HiG"
"HiG_15"	1	"Smtnl2"	416	"HiG"
"HiG_15"	92	"Mcm3"	266	"HiG"
"HiG_15"	31	"Rhoj"	315	"HiG"
"HiG_15"	874	"Vamp8"	104	"HiG"
"HiG_15"	493	"Ptgs1"	157	"HiG"
"HiG_15"	279	"Bex1"	194	"HiG"
"HiG_15"	0	"Crlf3"	478	"HiG"
"HiG_15"	0	"Ppp1r2"	478	"HiG"
"HiG_15"	5	"Ier2"	375	"HiG"
"HiG_15"	0	"Lxn"	478	"HiG"
"HiG_15"	239	"Cdc42ep1"	208	"HiG"
"HiG_15"	74	"Mtap"	275.5	"HiG"
"HiG_15"	2	"F2r"	402.5	"HiG"
"HiG_15"	203	"Abi3"	218	"HiG"
"HiG_15"	455	"Gimap1"	165	"HiG"
"HiG_15"	0	"Gja4"	478	"HiG"
"HiG_15"	71	"Rasip1"	278	"HiG"
"HiG_15"	44	"Slbp"	299.5	"HiG"
"HiG_15"	0	"Car8"	478	"HiG"
"HiG_15"	23	"Ppp1r14b"	329	"HiG"
"HiG_15"	92	"Pdlim1"	266	"HiG"
"HiG_15"	9	"Junb"	358.5	"HiG"
"HiG_15"	1048	"Phgdh"	90	"HiG"
"HiG_15"	0	"March2"	478	"HiG"
"HiG_15"	382	"Ndufa8"	172	"HiG"
"HiG_15"	0	"Tmem9"	478	"HiG"
"HiG_15"	14	"Anxa7"	345	"HiG"
"HiG_15"	471	"Smagp"	161	"HiG"
"HiG_15"	1105	"Rap1b"	86	"HiG"
"HiG_15"	0	"Marc2"	478	"HiG"
"HiG_15"	0	"Dph3"	478	"HiG"
"HiG_15"	0	"Tmem158"	478	"HiG"
"HiG_15"	0	"Npm3"	478	"HiG"
"HiG_15"	0	"Nrgn"	478	"HiG"
"HiG_15"	0	"Cib1"	478	"HiG"
"HiG_15"	312	"Alox5ap"	184	"HiG"
"HiG_15"	9	"Ifitm2"	358.5	"HiG"
"HiG_15"	5449	"Actg1"	11.5	"HiG"
"HiG_15"	519	"Prdx6"	154	"HiG"
"HiG_15"	1	"Nol7"	416	"HiG"
"HiG_15"	10	"Rrs1"	353.5	"HiG"
"HiG_15"	1955	"Ccnb1"	46	"HiG"
"HiG_15"	57	"Sipa1"	286	"HiG"
"HiG_15"	0	"H2afj"	478	"HiG"
"HiG_15"	22	"Wbp2"	331.5	"HiG"
"HiG_15"	1363	"Hspe1"	66	"HiG"
"HiG_15"	0	"Nectin2"	478	"HiG"
"HiG_15"	5236	"Npm1"	13	"HiG"
"HiG_15"	26	"Prcp"	321.5	"HiG"
"HiG_15"	815	"Slc25a3"	112	"HiG"
"HiG_15"	0	"Sypl"	478	"HiG"
"HiG_15"	1111	"Rabac1"	83	"HiG"
"HiG_15"	199	"Hmbs"	221	"HiG"
"HiG_15"	0	"Arpc5"	478	"HiG"
"HiG_15"	865	"Cfl2"	106	"HiG"
"HiG_15"	676	"C1qbp"	126.5	"HiG"
"HiG_15"	1825	"Birc5"	48	"HiG"
"HiG_15"	0	"Ipo11"	478	"HiG"
"HiG_15"	7052	"Eno1"	8	"HiG"
"HiG_15"	123	"Timm17a"	249	"HiG"
"HiG_15"	1248	"Impdh2"	76	"HiG"
"HiG_15"	40	"Pop5"	304	"HiG"
"HiG_15"	2038	"Pgk1"	42	"HiG"
"HiG_15"	82	"Dut"	271.5	"HiG"
"HiG_15"	234	"Gpx1"	210	"HiG"
"HiG_15"	0	"Tacc1"	478	"HiG"
"HiG_15"	182	"Oat"	229	"HiG"
"HiG_15"	0	"Crip2"	478	"HiG"
"HiG_15"	0	"Klk8"	478	"HiG"
"HiG_15"	33	"Anp32a"	312.5	"HiG"
"HiG_15"	928	"Hmgb1"	99	"HiG"
"HiG_15"	1178	"Arpc1b"	78	"HiG"
"HiG_15"	192	"Scarb1"	222.5	"HiG"
"HiG_15"	126	"Lyar"	248	"HiG"
"HiG_15"	320	"Aldoa"	178	"HiG"
"HiG_15"	1682	"Ube2c"	55	"HiG"
"HiG_15"	376	"Lgals1"	175	"HiG"
"HiG_15"	92	"Htra2"	266	"HiG"
"HiG_15"	284	"Mat2a"	191	"HiG"
"HiG_15"	0	"Nt5dc2"	478	"HiG"
"HiG_15"	277	"Atp5g1"	195.5	"HiG"
"HiG_15"	254	"Rap1a"	202	"HiG"
"HiG_15"	526	"Marcks"	151	"HiG"
"HiG_15"	0	"Rspo3"	478	"HiG"
"HiG_15"	307	"Sept9"	186	"HiG"
"HiG_15"	3603	"Ccnd1"	16	"HiG"
"HiG_15"	10492	"Hsp90aa1"	5	"HiG"
"HiG_15"	670	"Ftl1"	128	"HiG"
"HiG_15"	2	"Inpp5b"	402.5	"HiG"
"HiG_15"	11	"Cited4"	349.5	"HiG"
"HiG_15"	3	"1700027J19Rik"	390	"HiG"
"HiG_15"	16	"Jund"	342	"HiG"
"HiG_15"	5	"Mtch1"	375	"HiG"
"HiG_15"	456	"Tuba1a"	163.5	"HiG"
"HiG_15"	136	"Gpx4"	243.5	"HiG"
"HiG_15"	0	"Csrp1"	478	"HiG"
"HiG_15"	200	"Ecscr"	220	"HiG"
"HiG_15"	0	"Il11ra1"	478	"HiG"
"HiG_15"	20259	"Actb"	1	"HiG"
"HiG_15"	0	"Hoxb2"	478	"HiG"
"HiG_15"	223	"Vamp5"	214.5	"HiG"
"HiG_15"	2615	"Itga2b"	30	"HiG"
"HiG_15"	91	"Skap1"	268	"HiG"
"HiG_15"	1728	"Nop56"	53	"HiG"
"HiG_15"	3	"Tmem97"	390	"HiG"
"HiG_15"	1153	"B2m"	79	"HiG"
"HiG_15"	2372	"Mrto4"	36	"HiG"
"HiG_15"	62	"Rpa2"	283	"HiG"
"HiG_15"	22	"Selenoh"	331.5	"HiG"
"HiG_15"	0	"Cdca7"	478	"HiG"
"HiG_15"	149	"Cd47"	241	"HiG"
"HiG_15"	0	"Rtn4"	478	"HiG"
"HiG_15"	1109	"Set"	85	"HiG"
"HiG_15"	1622	"Plek"	58	"HiG"
"HiG_15"	2617	"Rpl7a"	29	"HiG"
"HiG_15"	33	"Anp32b"	312.5	"HiG"
"HiG_15"	1513	"Igf1"	61	"HiG"
"HiG_15"	150	"Ndufs7"	240	"HiG"
"HiG_15"	48	"Col18a1"	297.5	"HiG"
"HiG_15"	0	"Fbxo6"	478	"HiG"
"HiG_15"	1332	"Fgf3"	69	"HiG"
"HiG_15"	241	"Cd151"	207	"HiG"
"HiG_15"	0	"Cenpx"	478	"HiG"
"HiG_15"	1629	"H3f3b"	57	"HiG"
"HiG_15"	2142	"Pecam1"	39	"HiG"
"HiG_15"	1814	"Jun"	49	"HiG"
"HiG_15"	6	"Dusp3"	367.5	"HiG"
"HiG_15"	0	"Tead2"	478	"HiG"
"HiG_15"	17	"Tomm5"	339.5	"HiG"
"HiG_15"	511	"Prmt1"	156	"HiG"
"HiG_15"	3	"Clta"	390	"HiG"
"HiG_15"	0	"Tom1l1"	478	"HiG"
"HiG_15"	0	"Etv2"	478	"HiG"
"HiG_15"	114	"Gmfg"	255	"HiG"
"HiG_15"	0	"B9d2"	478	"HiG"
"HiG_15"	53	"Myo1c"	289.5	"HiG"
"HiG_15"	0	"Tsen34"	478	"HiG"
"HiG_15"	6107	"Trp53"	10	"HiG"
"HiG_15"	4	"Atox1"	382	"HiG"
"HiG_15"	2	"Top1"	402.5	"HiG"
"HiG_15"	0	"Nsun2"	478	"HiG"
"HiG_15"	778	"H2afv"	116.5	"HiG"
"HiG_15"	477	"Snx5"	160	"HiG"
"HiG_15"	2	"Homer3"	402.5	"HiG"
"HiG_15"	556	"Lmo2"	142	"HiG"
"HiG_15"	2149	"Tagln2"	38	"HiG"
"HiG_15"	0	"Tspan18"	478	"HiG"
"HiG_15"	0	"Dgkz"	478	"HiG"
"HiG_15"	1041	"Ran"	91	"HiG"
"HiG_15"	0	"Creg1"	478	"HiG"
"HiG_15"	0	"Mpzl1"	478	"HiG"
"HiG_15"	531	"Tfpi"	148	"HiG"
"HiG_15"	1538	"H19"	59	"HiG"
"HiG_15"	1296	"Tmsb4x"	70	"HiG"
"HiG_15"	5	"Selenok"	375	"HiG"
"HiG_15"	61	"Sms"	284	"HiG"
"HiG_15"	20	"Rasgrp2"	335.5	"HiG"
"HiG_15"	2755	"Kdr"	27	"HiG"
"HiG_15"	175	"Arpc2"	234	"HiG"
"HiG_15"	9	"Tmsb10"	358.5	"HiG"
"HiG_15"	1	"Samsn1"	416	"HiG"
"HiG_15"	0	"Rcn2"	478	"HiG"
"HiG_15"	31	"Hmgb3"	315	"HiG"
"HiG_15"	523	"Cald1"	153	"HiG"
"HiG_15"	229	"Asns"	211	"HiG"
"HiG_15"	616	"Hnrnpk"	136	"HiG"
"HiG_15"	2	"Bex4"	402.5	"HiG"
"HiG_15"	1333	"Msn"	68	"HiG"
"HiG_15"	0	"Orai1"	478	"HiG"
"HiG_15"	6	"Afap1l1"	367.5	"HiG"
"HiG_15"	79	"Rsl1d1"	273.5	"HiG"
"HiG_15"	860	"Pdcd5"	107	"HiG"
"HiG_15"	563	"Igf2"	141	"HiG"
"HiG_15"	9	"Rab27b"	358.5	"HiG"
"HiG_15"	829	"Prdx1"	108	"HiG"
"HiG_15"	450	"Ubc"	169	"HiG"
"HiG_15"	3554	"Pa2g4"	17	"HiG"
"HiG_15"	567	"Mrpl15"	140	"HiG"
"HiG_15"	778	"Erp29"	116.5	"HiG"
"HiG_15"	53	"Minos1"	289.5	"HiG"
"HiG_15"	806	"Mest"	114	"HiG"
"HiG_15"	183	"Cbfa2t3"	228	"HiG"
"HiG_15"	0	"Comtd1"	478	"HiG"
"HiG_15"	0	"Fam111a"	478	"HiG"
"HiG_15"	36	"Mrps24"	310	"HiG"
"HiG_15"	1989	"Nhp2"	44	"HiG"
"HiG_15"	620	"Ramp2"	135	"HiG"
"HiG_15"	17	"Mrps26"	339.5	"HiG"
"HiG_15"	121	"Myl12a"	250.5	"HiG"
"HiG_15"	456	"Ywhaq"	163.5	"HiG"
"HiG_15"	1018	"Hmga2"	93	"HiG"
"HiG_15"	25	"Cyb5a"	325	"HiG"
"HiG_15"	971	"Cycs"	96	"HiG"
"HiG_15"	986	"Manf"	95	"HiG"
"HiG_15"	52	"Slc16a3"	292.5	"HiG"
"HiG_15"	318	"Mcm5"	179	"HiG"
"HiG_15"	111	"Ccnd3"	258	"HiG"
"HiG_15"	253	"Serpinh1"	203	"HiG"
"HiG_15"	41	"Zyx"	302.5	"HiG"
"HiG_15"	2780	"Eif4a1"	26	"HiG"
"HiG_15"	59	"Idh3a"	285	"HiG"
"HiG_15"	432	"Gfi1b"	170	"HiG"
"HiG_15"	102	"Nolc1"	260.5	"HiG"
"HiG_15"	44	"Anp32e"	299.5	"HiG"
"HiG_15"	172	"Ppp1r15a"	236	"HiG"
"HiG_15"	628	"Odc1"	134	"HiG"
"HiG_15"	676	"Myl6"	126.5	"HiG"
"HiG_15"	0	"Acot7"	478	"HiG"
"HiG_15"	1804	"Rab11a"	51	"HiG"
"HiG_15"	49	"Dnaja1"	296	"HiG"
"HiG_15"	116	"Ssb"	253	"HiG"
"HiG_15"	0	"Rbms1"	478	"HiG"
"HiG_15"	0	"Slc29a1"	478	"HiG"
"HiG_15"	39	"Ptp4a3"	306	"HiG"
"HiG_15"	0	"Galnt1"	478	"HiG"
"HiG_15"	5	"Cd59a"	375	"HiG"
"HiG_15"	18	"Phlda1"	337	"HiG"
"HiG_15"	634	"Apoe"	133	"HiG"
"HiG_15"	24	"Ddx39b"	327	"HiG"
"HiG_15"	0	"Baz1a"	478	"HiG"
"HiG_15"	2477	"Cct4"	32	"HiG"
"HiG_15"	15	"Rbm38"	343.5	"HiG"
"HiG_15"	0	"Gypc"	478	"HiG"
"HiG_15"	0	"Rnf141"	478	"HiG"
"HiG_15"	274	"Pbx1"	197	"HiG"
"HiG_15"	1	"Gyg"	416	"HiG"
"HiG_15"	2433	"Tomm20"	33	"HiG"
"HiG_15"	15	"H1f0"	343.5	"HiG"
"HiG_15"	0	"Adgrg1"	478	"HiG"
"HiG_15"	9	"Smim1"	358.5	"HiG"
"HiG_15"	1053	"Nop58"	89	"HiG"
"HiG_15"	0	"Ppp1r18"	478	"HiG"
"HiG_15"	0	"1500011K16Rik"	478	"HiG"
"HiG_15"	0	"Sh3glb1"	478	"HiG"
"HiG_15"	764	"Mef2c"	119	"HiG"
"HiG_15"	762	"Ruvbl2"	120	"HiG"
"HiG_15"	0	"Ptpre"	478	"HiG"
"HiG_15"	3036	"Casp3"	24	"HiG"
"HiG_15"	5	"Isyna1"	375	"HiG"
"HiG_15"	3151	"Ldha"	23	"HiG"
"HiG_15"	25	"Cebpd"	325	"HiG"
"HiG_15"	70	"Tipin"	279	"HiG"
"HiG_15"	317	"Rps12"	180	"HiG"
"HiG_15"	1	"Cited2"	416	"HiG"
"HiG_15"	525	"Ctsl"	152	"HiG"
"HiG_15"	266	"Gtpbp4"	200	"HiG"
"HiG_15"	27	"Gdi2"	319	"HiG"
"HiG_15"	0	"Pcgf5"	478	"HiG"
"HiG_15"	102	"Tspan14"	260.5	"HiG"
"HiG_15"	6	"Eci1"	367.5	"HiG"
"HiG_15"	1	"Txnl1"	416	"HiG"
"HiG_15"	181	"Fth1"	230.5	"HiG"
"HiG_15"	1495	"Calm1"	62	"HiG"
"HiG_15"	726	"Egfl7"	122	"HiG"
"HiG_16"	50	"Klf6"	351	"HiG"
"HiG_16"	70	"Sdhd"	334	"HiG"
"HiG_16"	897	"Ccnd2"	149	"HiG"
"HiG_16"	0	"Tpd52l1"	576	"HiG"
"HiG_16"	7	"Plin2"	431	"HiG"
"HiG_16"	1014	"Rdx"	140	"HiG"
"HiG_16"	68	"Lsr"	337	"HiG"
"HiG_16"	2311	"Tubb6"	63	"HiG"
"HiG_16"	10526	"Col1a1"	9	"HiG"
"HiG_16"	19	"Fkbp10"	392.5	"HiG"
"HiG_16"	564	"Ddt"	223	"HiG"
"HiG_16"	1607	"Pabpc1"	91	"HiG"
"HiG_16"	403	"Capns1"	248	"HiG"
"HiG_16"	1	"Bcap31"	488.5	"HiG"
"HiG_16"	20	"Rhoc"	390	"HiG"
"HiG_16"	299	"Lamb1"	270	"HiG"
"HiG_16"	94	"Bcam"	314	"HiG"
"HiG_16"	0	"Fam32a"	576	"HiG"
"HiG_16"	0	"Mob3a"	576	"HiG"
"HiG_16"	1084	"Tpm4"	134	"HiG"
"HiG_16"	12455	"Calr"	7	"HiG"
"HiG_16"	2	"Mmd"	474	"HiG"
"HiG_16"	0	"Ralb"	576	"HiG"
"HiG_16"	2110	"Cnn2"	68	"HiG"
"HiG_16"	0	"Cstb"	576	"HiG"
"HiG_16"	87	"Wdr1"	323.5	"HiG"
"HiG_16"	983	"Wisp1"	142	"HiG"
"HiG_16"	1725	"App"	88	"HiG"
"HiG_16"	0	"Pafah1b3"	576	"HiG"
"HiG_16"	921	"Ube2m"	148	"HiG"
"HiG_16"	6	"Snx6"	435.5	"HiG"
"HiG_16"	2	"Pth1r"	474	"HiG"
"HiG_16"	4	"Reep5"	451	"HiG"
"HiG_16"	39	"Rcn1"	361.5	"HiG"
"HiG_16"	34	"Tbcb"	368.5	"HiG"
"HiG_16"	12	"Elovl1"	415	"HiG"
"HiG_16"	971	"Srm"	143	"HiG"
"HiG_16"	306	"Sptbn1"	268	"HiG"
"HiG_16"	76	"Wnt6"	329	"HiG"
"HiG_16"	63	"Aprt"	343	"HiG"
"HiG_16"	815	"Clic1"	159.5	"HiG"
"HiG_16"	2297	"Krt19"	64	"HiG"
"HiG_16"	0	"Id3"	576	"HiG"
"HiG_16"	0	"Fhl2"	576	"HiG"
"HiG_16"	1399	"Rala"	105	"HiG"
"HiG_16"	1551	"Dynll1"	94	"HiG"
"HiG_16"	647	"Pttg1ip"	206	"HiG"
"HiG_16"	338	"P4ha1"	258	"HiG"
"HiG_16"	313	"Phlda2"	264	"HiG"
"HiG_16"	699	"Wnt2"	184	"HiG"
"HiG_16"	609	"Pgam1"	216	"HiG"
"HiG_16"	126	"Amotl1"	303	"HiG"
"HiG_16"	10	"Pea15a"	423.5	"HiG"
"HiG_16"	1188	"Surf4"	122	"HiG"
"HiG_16"	1024	"Ppp1cb"	138	"HiG"
"HiG_16"	24	"Steap1"	384.5	"HiG"
"HiG_16"	17051	"Hspa8"	6	"HiG"
"HiG_16"	0	"Rrbp1"	576	"HiG"
"HiG_16"	0	"Mapkapk2"	576	"HiG"
"HiG_16"	4	"Serpinb6a"	451	"HiG"
"HiG_16"	31	"Rnd3"	374.5	"HiG"
"HiG_16"	19	"Cyba"	392.5	"HiG"
"HiG_16"	35	"Timp2"	365	"HiG"
"HiG_16"	0	"Igfbp4"	576	"HiG"
"HiG_16"	0	"Wsb1"	576	"HiG"
"HiG_16"	0	"Wfdc2"	576	"HiG"
"HiG_16"	3	"Ptgis"	463	"HiG"
"HiG_16"	706	"Pfn1"	182	"HiG"
"HiG_16"	1501	"Gabarap"	100	"HiG"
"HiG_16"	7260	"Sparc"	16	"HiG"
"HiG_16"	48	"Copz2"	354	"HiG"
"HiG_16"	196	"P4ha2"	284	"HiG"
"HiG_16"	72	"Ywhah"	333	"HiG"
"HiG_16"	60	"Rcn3"	346	"HiG"
"HiG_16"	12	"Dusp9"	415	"HiG"
"HiG_16"	2	"Mydgf"	474	"HiG"
"HiG_16"	1	"Plin3"	488.5	"HiG"
"HiG_16"	207	"Snx3"	282	"HiG"
"HiG_16"	0	"Abracl"	576	"HiG"
"HiG_16"	520	"Atp2b1"	230	"HiG"
"HiG_16"	0	"Ikbip"	576	"HiG"
"HiG_16"	0	"Nudt4"	576	"HiG"
"HiG_16"	2328	"Hsp90b1"	62	"HiG"
"HiG_16"	0	"H2afy2"	576	"HiG"
"HiG_16"	1235	"Csrp2"	121	"HiG"
"HiG_16"	0	"Pofut2"	576	"HiG"
"HiG_16"	292	"Arf5"	271.5	"HiG"
"HiG_16"	0	"Sap30l"	576	"HiG"
"HiG_16"	34	"Laptm4a"	368.5	"HiG"
"HiG_16"	762	"Sdc1"	169	"HiG"
"HiG_16"	1736	"Rrm2"	85	"HiG"
"HiG_16"	3285	"Ddx5"	38	"HiG"
"HiG_16"	1000	"Slc9a3r1"	141	"HiG"
"HiG_16"	228	"Galk1"	278	"HiG"
"HiG_16"	0	"Lrrc59"	576	"HiG"
"HiG_16"	103	"Sec23a"	310	"HiG"
"HiG_16"	2405	"Nfkbia"	57	"HiG"
"HiG_16"	121	"Zfp36l1"	306	"HiG"
"HiG_16"	815	"Actn1"	159.5	"HiG"
"HiG_16"	145	"Npc2"	296	"HiG"
"HiG_16"	669	"Dek"	193	"HiG"
"HiG_16"	467	"Gadd45g"	241	"HiG"
"HiG_16"	146	"Msx2"	295	"HiG"
"HiG_16"	0	"Sfxn1"	576	"HiG"
"HiG_16"	4	"Lman2"	451	"HiG"
"HiG_16"	12	"Prelid1"	415	"HiG"
"HiG_16"	3	"Dbn1"	463	"HiG"
"HiG_16"	716	"Pitx1"	181	"HiG"
"HiG_16"	0	"Hapln1"	576	"HiG"
"HiG_16"	359	"Plk2"	254	"HiG"
"HiG_16"	948	"Gpx8"	144	"HiG"
"HiG_16"	91	"Nid2"	316	"HiG"
"HiG_16"	66	"Arf4"	339.5	"HiG"
"HiG_16"	461	"Bnip3l"	243.5	"HiG"
"HiG_16"	2558	"Itm2b"	56	"HiG"
"HiG_16"	3066	"Dnajc3"	42	"HiG"
"HiG_16"	2	"Sdc2"	474	"HiG"
"HiG_16"	378	"Slc38a4"	251	"HiG"
"HiG_16"	0	"Nectin3"	576	"HiG"
"HiG_16"	1169	"Snai2"	123.5	"HiG"
"HiG_16"	130	"Sdf2l1"	301	"HiG"
"HiG_16"	11	"Popdc2"	419.5	"HiG"
"HiG_16"	292	"Tmbim6"	271.5	"HiG"
"HiG_16"	1506	"Krt18"	99	"HiG"
"HiG_16"	2810	"Krt8"	49	"HiG"
"HiG_16"	646	"Creld2"	207.5	"HiG"
"HiG_16"	3	"Pcbp4"	463	"HiG"
"HiG_16"	0	"C1qtnf12"	576	"HiG"
"HiG_16"	1524	"Igf2r"	97	"HiG"
"HiG_16"	43	"Smoc2"	359.5	"HiG"
"HiG_16"	0	"Hn1l"	576	"HiG"
"HiG_16"	0	"Bambi"	576	"HiG"
"HiG_16"	17	"Ppic"	396	"HiG"
"HiG_16"	697	"Lmnb1"	185	"HiG"
"HiG_16"	649	"Ostf1"	202.5	"HiG"
"HiG_16"	0	"Carnmt1"	576	"HiG"
"HiG_16"	44	"Ehd1"	357.5	"HiG"
"HiG_16"	5	"Arl3"	441.5	"HiG"
"HiG_16"	376	"P4hb"	252	"HiG"
"HiG_16"	0	"Aspscr1"	576	"HiG"
"HiG_16"	2367	"Maged1"	59	"HiG"
"HiG_16"	80	"Maged2"	326	"HiG"
"HiG_16"	0	"Acot9"	576	"HiG"
"HiG_16"	763	"Prdx4"	168	"HiG"
"HiG_16"	872	"Rps26"	152	"HiG"
"HiG_16"	2767	"Atp5b"	51	"HiG"
"HiG_16"	5500	"Hras"	22	"HiG"
"HiG_16"	87	"Tspan4"	323.5	"HiG"
"HiG_16"	227	"Eif4a3"	279	"HiG"
"HiG_16"	772	"Podxl"	165	"HiG"
"HiG_16"	2857	"Cct8"	45	"HiG"
"HiG_16"	520	"Nrp1"	230	"HiG"
"HiG_16"	373	"Smad7"	253	"HiG"
"HiG_16"	4107	"Hspd1"	32	"HiG"
"HiG_16"	2	"Nabp1"	474	"HiG"
"HiG_16"	1	"Itm2c"	488.5	"HiG"
"HiG_16"	3396	"Ncl"	37	"HiG"
"HiG_16"	0	"Dars"	576	"HiG"
"HiG_16"	131	"Mpc2"	300	"HiG"
"HiG_16"	1855	"Rgs5"	75	"HiG"
"HiG_16"	90	"Rsu1"	318	"HiG"
"HiG_16"	869	"Vim"	154	"HiG"
"HiG_16"	21057	"Hspa5"	4	"HiG"
"HiG_16"	13	"Ube2e3"	410.5	"HiG"
"HiG_16"	15	"Eif3m"	403.5	"HiG"
"HiG_16"	30	"Meis2"	376.5	"HiG"
"HiG_16"	1086	"Creb3l1"	132	"HiG"
"HiG_16"	1620	"Pdia3"	90	"HiG"
"HiG_16"	0	"1700037H04Rik"	576	"HiG"
"HiG_16"	500	"Bmp2"	234	"HiG"
"HiG_16"	0	"Cst3"	576	"HiG"
"HiG_16"	2	"Rab22a"	474	"HiG"
"HiG_16"	1791	"Fabp5"	79	"HiG"
"HiG_16"	693	"Map1lc3a"	186	"HiG"
"HiG_16"	7261	"Anxa5"	15	"HiG"
"HiG_16"	337	"Ccna2"	259.5	"HiG"
"HiG_16"	604	"Serp1"	217	"HiG"
"HiG_16"	472	"Ssr3"	240	"HiG"
"HiG_16"	1	"Tspan2"	488.5	"HiG"
"HiG_16"	1241	"S100a11"	119	"HiG"
"HiG_16"	9	"Hadh"	426.5	"HiG"
"HiG_16"	2	"Snx7"	474	"HiG"
"HiG_16"	25	"Gclm"	382	"HiG"
"HiG_16"	16	"Cnn3"	399.5	"HiG"
"HiG_16"	2585	"Cyr61"	55	"HiG"
"HiG_16"	534	"Tln1"	227	"HiG"
"HiG_16"	660	"Glipr2"	195.5	"HiG"
"HiG_16"	9	"Txndc12"	426.5	"HiG"
"HiG_16"	88	"Pdpn"	321	"HiG"
"HiG_16"	88	"Gpx7"	321	"HiG"
"HiG_16"	0	"Lrrc42"	576	"HiG"
"HiG_16"	68	"Tmem59"	337	"HiG"
"HiG_16"	0	"Slc2a1"	576	"HiG"
"HiG_16"	683	"Akr1a1"	190	"HiG"
"HiG_16"	0	"Ebna1bp2"	576	"HiG"
"HiG_16"	1841	"Stmn1"	76	"HiG"
"HiG_16"	0	"Sh3bgrl3"	576	"HiG"
"HiG_16"	532	"Smarcd3"	228	"HiG"
"HiG_16"	0	"Ctnnbip1"	576	"HiG"
"HiG_16"	4	"Rer1"	451	"HiG"
"HiG_16"	0	"Mxra8"	576	"HiG"
"HiG_16"	0	"Lrpap1"	576	"HiG"
"HiG_16"	1317	"Ugdh"	110	"HiG"
"HiG_16"	1298	"Paics"	113	"HiG"
"HiG_16"	649	"Psph"	202.5	"HiG"
"HiG_16"	655	"Anxa3"	198.5	"HiG"
"HiG_16"	0	"Pxmp2"	576	"HiG"
"HiG_16"	234	"Srsf9"	276	"HiG"
"HiG_16"	224	"Fscn1"	281	"HiG"
"HiG_16"	4070	"Col1a2"	33	"HiG"
"HiG_16"	411	"Gnb2"	246	"HiG"
"HiG_16"	0	"Pcolce"	576	"HiG"
"HiG_16"	190	"Sec61a1"	287	"HiG"
"HiG_16"	0	"Ptms"	576	"HiG"
"HiG_16"	0	"Vgll4"	576	"HiG"
"HiG_16"	1085	"Slc2a3"	133	"HiG"
"HiG_16"	3	"Vasp"	463	"HiG"
"HiG_16"	0	"Yif1b"	576	"HiG"
"HiG_16"	1309	"Arl6ip1"	111	"HiG"
"HiG_16"	204	"Rab6a"	283	"HiG"
"HiG_16"	21	"Parva"	387.5	"HiG"
"HiG_16"	1132	"Dkk3"	128	"HiG"
"HiG_16"	1	"Mettl9"	488.5	"HiG"
"HiG_16"	1291	"Ilk"	114.5	"HiG"
"HiG_16"	2	"Tmem9b"	474	"HiG"
"HiG_16"	0	"Plp2"	576	"HiG"
"HiG_16"	0	"Itm2a"	576	"HiG"
"HiG_16"	14	"Nono"	407	"HiG"
"HiG_16"	1409	"Rbbp7"	104	"HiG"
"HiG_16"	796	"Morf4l2"	161	"HiG"
"HiG_16"	1072	"Lamp1"	136	"HiG"
"HiG_16"	2649	"Gas6"	53	"HiG"
"HiG_16"	568	"Eif4ebp1"	222	"HiG"
"HiG_16"	3	"Rbpms"	463	"HiG"
"HiG_16"	13	"Slc25a4"	410.5	"HiG"
"HiG_16"	5	"Nkd1"	441.5	"HiG"
"HiG_16"	0	"Orc6"	576	"HiG"
"HiG_16"	0	"Gins2"	576	"HiG"
"HiG_16"	12	"Jam3"	415	"HiG"
"HiG_16"	0	"Oaf"	576	"HiG"
"HiG_16"	3055	"Tagln"	43	"HiG"
"HiG_16"	1868	"Nedd4"	74	"HiG"
"HiG_16"	21863	"Anxa2"	3	"HiG"
"HiG_16"	1	"Crabp1"	488.5	"HiG"
"HiG_16"	11204	"Pkm"	8	"HiG"
"HiG_16"	75	"Tspan3"	330.5	"HiG"
"HiG_16"	0	"Fam195b"	576	"HiG"
"HiG_16"	350	"Ppib"	255	"HiG"
"HiG_16"	0	"Igdcc3"	576	"HiG"
"HiG_16"	768	"Me1"	167	"HiG"
"HiG_16"	0	"Cmtm7"	576	"HiG"
"HiG_16"	0	"Nradd"	576	"HiG"
"HiG_16"	664	"Amotl2"	194	"HiG"
"HiG_16"	0	"Prss35"	576	"HiG"
"HiG_16"	0	"Ptov1"	576	"HiG"
"HiG_16"	15	"Hoxb5"	403.5	"HiG"
"HiG_16"	3	"Ppp1r14a"	463	"HiG"
"HiG_16"	284	"Akap12"	273	"HiG"
"HiG_16"	0	"Arl4d"	576	"HiG"
"HiG_16"	0	"1700025G04Rik"	576	"HiG"
"HiG_16"	0	"Pkp2"	576	"HiG"
"HiG_16"	0	"S100a10"	576	"HiG"
"HiG_16"	2034	"Hspb8"	70	"HiG"
"HiG_16"	0	"Nexn"	576	"HiG"
"HiG_16"	15	"Gcsh"	403.5	"HiG"
"HiG_16"	1389	"Fkbp1a"	107	"HiG"
"HiG_16"	655	"Ube2r2"	198.5	"HiG"
"HiG_16"	0	"Pclaf"	576	"HiG"
"HiG_16"	4	"Selenow"	451	"HiG"
"HiG_16"	878	"Snx2"	151	"HiG"
"HiG_16"	793	"Tln2"	162	"HiG"
"HiG_16"	127	"Hoxb7"	302	"HiG"
"HiG_16"	0	"Akr1b8"	576	"HiG"
"HiG_16"	1	"Asb4"	488.5	"HiG"
"HiG_16"	1	"Vnn1"	488.5	"HiG"
"HiG_16"	0	"Phlda3"	576	"HiG"
"HiG_16"	0	"4921524J17Rik"	576	"HiG"
"HiG_16"	62	"Gata6"	344.5	"HiG"
"HiG_16"	1078	"Txndc5"	135	"HiG"
"HiG_16"	1	"Tpcn1"	488.5	"HiG"
"HiG_16"	165	"Tubb4b"	290	"HiG"
"HiG_16"	53	"Myl12b"	350	"HiG"
"HiG_16"	838	"Bex2"	157	"HiG"
"HiG_16"	493	"Krtcap2"	235	"HiG"
"HiG_16"	0	"Dok4"	576	"HiG"
"HiG_16"	551	"Cd81"	224.5	"HiG"
"HiG_16"	1745	"Ptma"	83.5	"HiG"
"HiG_16"	0	"Cdv3"	576	"HiG"
"HiG_16"	85	"Stard8"	325	"HiG"
"HiG_16"	0	"Efhd2"	576	"HiG"
"HiG_16"	6	"Tsc22d1"	435.5	"HiG"
"HiG_16"	642	"Fermt2"	209	"HiG"
"HiG_16"	682	"Arhgap29"	191	"HiG"
"HiG_16"	62	"Hand2"	344.5	"HiG"
"HiG_16"	0	"Tmem120a"	576	"HiG"
"HiG_16"	0	"Limd2"	576	"HiG"
"HiG_16"	601	"Ndn"	218	"HiG"
"HiG_16"	8	"Ssr2"	428.5	"HiG"
"HiG_16"	0	"Tmem108"	576	"HiG"
"HiG_16"	0	"Shisa4"	576	"HiG"
"HiG_16"	7	"Nenf"	431	"HiG"
"HiG_16"	4	"Gde1"	451	"HiG"
"HiG_16"	1375	"Gng12"	108	"HiG"
"HiG_16"	399	"Igfbp2"	250	"HiG"
"HiG_16"	1443	"Hand1"	102	"HiG"
"HiG_16"	11	"Pdlim7"	419.5	"HiG"
"HiG_16"	56	"Pitx2"	349	"HiG"
"HiG_16"	0	"Tax1bp3"	576	"HiG"
"HiG_16"	758	"Tceal9"	170	"HiG"
"HiG_16"	310	"Adk"	266	"HiG"
"HiG_16"	39	"Hoxb4"	361.5	"HiG"
"HiG_16"	0	"Tiparp"	576	"HiG"
"HiG_16"	17659	"Acta2"	5	"HiG"
"HiG_16"	0	"Vat1"	576	"HiG"
"HiG_16"	15	"Degs1"	403.5	"HiG"
"HiG_16"	625	"Hspb11"	213	"HiG"
"HiG_16"	79	"Rarg"	327	"HiG"
"HiG_16"	107	"Calm2"	308	"HiG"
"HiG_16"	1770	"Ctnna1"	80	"HiG"
"HiG_16"	0	"Colec11"	576	"HiG"
"HiG_16"	3	"Ckap4"	463	"HiG"
"HiG_16"	543	"Efnb1"	226	"HiG"
"HiG_16"	0	"Peg3"	576	"HiG"
"HiG_16"	35	"Arxes2"	365	"HiG"
"HiG_16"	2988	"Mapk3"	44	"HiG"
"HiG_16"	0	"Tmem123"	576	"HiG"
"HiG_16"	14	"Frmd6"	407	"HiG"
"HiG_16"	0	"Hoxb8"	576	"HiG"
"HiG_16"	33	"Pard6b"	372	"HiG"
"HiG_16"	2829	"Pdia6"	47	"HiG"
"HiG_16"	10	"Lipa"	423.5	"HiG"
"HiG_16"	649	"S1pr2"	202.5	"HiG"
"HiG_16"	6	"Sptssa"	435.5	"HiG"
"HiG_16"	341	"Basp1"	256	"HiG"
"HiG_16"	0	"Eva1b"	576	"HiG"
"HiG_16"	660	"Map7d1"	195.5	"HiG"
"HiG_16"	7047	"Fn1"	18	"HiG"
"HiG_16"	11	"Fbln1"	419.5	"HiG"
"HiG_16"	1549	"Xbp1"	95	"HiG"
"HiG_16"	27	"Tmem88"	380	"HiG"
"HiG_16"	0	"Marcksl1"	576	"HiG"
"HiG_16"	336	"Sdpr"	261	"HiG"
"HiG_16"	1	"Prtg"	488.5	"HiG"
"HiG_16"	3	"Lhfp"	463	"HiG"
"HiG_16"	462	"Ly6e"	242	"HiG"
"HiG_16"	17	"Ajuba"	396	"HiG"
"HiG_16"	0	"Lrrn4"	576	"HiG"
"HiG_16"	0	"Bri3"	576	"HiG"
"HiG_16"	626	"Gnai2"	212	"HiG"
"HiG_16"	34	"Rbpms2"	368.5	"HiG"
"HiG_16"	0	"Mgat2"	576	"HiG"
"HiG_16"	823	"Cd24a"	158	"HiG"
"HiG_16"	5494	"Msx1"	23	"HiG"
"HiG_16"	3	"C1galt1c1"	463	"HiG"
"HiG_16"	0	"Spin2c"	576	"HiG"
"HiG_16"	0	"Rbp1"	576	"HiG"
"HiG_16"	718	"Bex1"	180	"HiG"
"HiG_16"	1526	"Tubb2a"	96	"HiG"
"HiG_16"	66	"Tead1"	339.5	"HiG"
"HiG_16"	274	"Hmgn1"	275	"HiG"
"HiG_16"	0	"Mtap"	576	"HiG"
"HiG_16"	515	"Lypd6"	232	"HiG"
"HiG_16"	3	"Arxes1"	463	"HiG"
"HiG_16"	0	"Pon2"	576	"HiG"
"HiG_16"	4	"Slbp"	451	"HiG"
"HiG_16"	2630	"Dlk1"	54	"HiG"
"HiG_16"	6288	"Ezr"	20	"HiG"
"HiG_16"	0	"Mogat2"	576	"HiG"
"HiG_16"	5	"Ppp1r14b"	441.5	"HiG"
"HiG_16"	1238	"Gpc3"	120	"HiG"
"HiG_16"	16	"Pdlim1"	399.5	"HiG"
"HiG_16"	0	"Efemp2"	576	"HiG"
"HiG_16"	491	"Wnt5a"	236	"HiG"
"HiG_16"	0	"P3h4"	576	"HiG"
"HiG_16"	308	"Tmem9"	267	"HiG"
"HiG_16"	10	"Plpp3"	423.5	"HiG"
"HiG_16"	734	"Rtn3"	175	"HiG"
"HiG_16"	115	"Hmgb2"	307	"HiG"
"HiG_16"	4	"Anxa7"	451	"HiG"
"HiG_16"	64	"Rap1b"	342	"HiG"
"HiG_16"	2	"Prr5"	474	"HiG"
"HiG_16"	1169	"Rhob"	123.5	"HiG"
"HiG_16"	1	"Wls"	488.5	"HiG"
"HiG_16"	585	"Emc7"	219	"HiG"
"HiG_16"	2	"Capn2"	474	"HiG"
"HiG_16"	0	"Ackr3"	576	"HiG"
"HiG_16"	860	"Itgb5"	155	"HiG"
"HiG_16"	11	"Rras2"	419.5	"HiG"
"HiG_16"	0	"St3gal5"	576	"HiG"
"HiG_16"	7986	"Ywhae"	13	"HiG"
"HiG_16"	26119	"Actg1"	1	"HiG"
"HiG_16"	2848	"Ccnb1"	46	"HiG"
"HiG_16"	0	"Cgnl1"	576	"HiG"
"HiG_16"	4497	"Postn"	29	"HiG"
"HiG_16"	1120	"Pgrmc1"	129	"HiG"
"HiG_16"	21	"Polg"	387.5	"HiG"
"HiG_16"	6837	"Bmp4"	19	"HiG"
"HiG_16"	0	"Nrm"	576	"HiG"
"HiG_16"	325	"Cdh11"	262	"HiG"
"HiG_16"	6	"Nectin2"	435.5	"HiG"
"HiG_16"	7	"Tubb2b"	431	"HiG"
"HiG_16"	0	"Sypl"	576	"HiG"
"HiG_16"	49	"Rabac1"	352.5	"HiG"
"HiG_16"	1275	"Pdia4"	116	"HiG"
"HiG_16"	0	"Ptpra"	576	"HiG"
"HiG_16"	419	"Tuba1b"	245	"HiG"
"HiG_16"	91	"Arpc5"	316	"HiG"
"HiG_16"	0	"Rsrp1"	576	"HiG"
"HiG_16"	1035	"Cfl2"	137	"HiG"
"HiG_16"	0	"Emp2"	576	"HiG"
"HiG_16"	1	"Sox11"	488.5	"HiG"
"HiG_16"	314	"Birc5"	263	"HiG"
"HiG_16"	0	"Yaf2"	576	"HiG"
"HiG_16"	0	"Mtss1"	576	"HiG"
"HiG_16"	99	"Dab2"	312	"HiG"
"HiG_16"	1520	"Eno1"	98	"HiG"
"HiG_16"	24	"Timm17a"	384.5	"HiG"
"HiG_16"	2735	"Pgk1"	52	"HiG"
"HiG_16"	0	"Zdhhc12"	576	"HiG"
"HiG_16"	0	"Rps6ka6"	576	"HiG"
"HiG_16"	7228	"mt-Nd1"	17	"HiG"
"HiG_16"	887	"mt-Nd2"	150	"HiG"
"HiG_16"	283	"mt-Co1"	274	"HiG"
"HiG_16"	769	"mt-Co2"	166	"HiG"
"HiG_16"	946	"mt-Atp6"	145	"HiG"
"HiG_16"	77	"mt-Co3"	328	"HiG"
"HiG_16"	1023	"mt-Nd4"	139	"HiG"
"HiG_16"	670	"mt-Cytb"	192	"HiG"
"HiG_16"	2249	"Gpx1"	66	"HiG"
"HiG_16"	520	"Gpx3"	230	"HiG"
"HiG_16"	485	"Fgfr1"	237	"HiG"
"HiG_16"	65	"Oat"	341	"HiG"
"HiG_16"	35	"Crip2"	365	"HiG"
"HiG_16"	2293	"Hmgb1"	65	"HiG"
"HiG_16"	0	"Fxyd6"	576	"HiG"
"HiG_16"	75	"Gbas"	330.5	"HiG"
"HiG_16"	339	"Col5a2"	257	"HiG"
"HiG_16"	0	"Speg"	576	"HiG"
"HiG_16"	4	"Pgm2"	451	"HiG"
"HiG_16"	0	"Morc4"	576	"HiG"
"HiG_16"	140	"Lyar"	299	"HiG"
"HiG_16"	3	"Tspan6"	463	"HiG"
"HiG_16"	0	"Hs6st2"	576	"HiG"
"HiG_16"	721	"Nnat"	179	"HiG"
"HiG_16"	4652	"Myl9"	27	"HiG"
"HiG_16"	4025	"Lgals1"	34	"HiG"
"HiG_16"	57	"Htra2"	347.5	"HiG"
"HiG_16"	337	"Mmp14"	259.5	"HiG"
"HiG_16"	8899	"Itgb1"	12	"HiG"
"HiG_16"	0	"Aard"	576	"HiG"
"HiG_16"	1272	"Actc1"	117	"HiG"
"HiG_16"	161	"Rap1a"	291	"HiG"
"HiG_16"	782	"Prnp"	164	"HiG"
"HiG_16"	0	"Prdm6"	576	"HiG"
"HiG_16"	0	"Rbms2"	576	"HiG"
"HiG_16"	47	"Marcks"	355	"HiG"
"HiG_16"	24	"Rspo3"	384.5	"HiG"
"HiG_16"	149	"Ahnak"	294	"HiG"
"HiG_16"	142	"Grb10"	297.5	"HiG"
"HiG_16"	0	"Sept9"	576	"HiG"
"HiG_16"	123	"Fzd2"	305	"HiG"
"HiG_16"	44	"Cbx1"	357.5	"HiG"
"HiG_16"	2819	"Ccnd1"	48	"HiG"
"HiG_16"	1476	"Ftl1"	101	"HiG"
"HiG_16"	225	"Selenom"	280	"HiG"
"HiG_16"	17	"1700027J19Rik"	396	"HiG"
"HiG_16"	5	"Mtch1"	441.5	"HiG"
"HiG_16"	9656	"Tuba1a"	10	"HiG"
"HiG_16"	610	"Gpx4"	215	"HiG"
"HiG_16"	0	"Csrp1"	576	"HiG"
"HiG_16"	13	"Ecscr"	410.5	"HiG"
"HiG_16"	0	"Lrrfip1"	576	"HiG"
"HiG_16"	1	"Il11ra1"	488.5	"HiG"
"HiG_16"	646	"Snrpn"	207.5	"HiG"
"HiG_16"	0	"Atxn7l3b"	576	"HiG"
"HiG_16"	0	"Ccdc80"	576	"HiG"
"HiG_16"	0	"Prmt2"	576	"HiG"
"HiG_16"	25368	"Actb"	2	"HiG"
"HiG_16"	20	"Hoxb2"	390	"HiG"
"HiG_16"	0	"Nup62cl"	576	"HiG"
"HiG_16"	1745	"Selenos"	83.5	"HiG"
"HiG_16"	1731	"Dstn"	87	"HiG"
"HiG_16"	0	"Car4"	576	"HiG"
"HiG_16"	0	"Ece1"	576	"HiG"
"HiG_16"	703	"Hdac1"	183	"HiG"
"HiG_16"	740	"Myh10"	172.5	"HiG"
"HiG_16"	36	"Selenoh"	363	"HiG"
"HiG_16"	513	"P3h1"	233	"HiG"
"HiG_16"	0	"Stk39"	576	"HiG"
"HiG_16"	8	"Cobll1"	428.5	"HiG"
"HiG_16"	1822	"Rtn4"	77	"HiG"
"HiG_16"	28	"Set"	378.5	"HiG"
"HiG_16"	43	"Mdh1"	359.5	"HiG"
"HiG_16"	0	"Creb3"	576	"HiG"
"HiG_16"	142	"Sox4"	297.5	"HiG"
"HiG_16"	624	"Col18a1"	214	"HiG"
"HiG_16"	125	"Tinagl1"	304	"HiG"
"HiG_16"	1898	"Cd151"	73	"HiG"
"HiG_16"	1748	"Ifitm1"	81	"HiG"
"HiG_16"	1927	"Bnip3"	71.5	"HiG"
"HiG_16"	4	"Cenpx"	451	"HiG"
"HiG_16"	0	"1810037I17Rik"	576	"HiG"
"HiG_16"	3204	"H3f3b"	40	"HiG"
"HiG_16"	7487	"Jun"	14	"HiG"
"HiG_16"	46	"Idh2"	356	"HiG"
"HiG_16"	689	"Tead2"	188	"HiG"
"HiG_16"	1	"Tomm5"	488.5	"HiG"
"HiG_16"	4	"Clta"	451	"HiG"
"HiG_16"	1747	"Tpm2"	82	"HiG"
"HiG_16"	0	"Tnfaip1"	576	"HiG"
"HiG_16"	4	"Rab34"	451	"HiG"
"HiG_16"	0	"Tsen34"	576	"HiG"
"HiG_16"	33	"Pmp22"	372	"HiG"
"HiG_16"	6	"Anxa6"	435.5	"HiG"
"HiG_16"	194	"Vwc2"	285	"HiG"
"HiG_16"	0	"Triobp"	576	"HiG"
"HiG_16"	690	"H2afv"	187	"HiG"
"HiG_16"	91	"Cox4i2"	316	"HiG"
"HiG_16"	474	"Tmed9"	239	"HiG"
"HiG_16"	0	"Flrt3"	576	"HiG"
"HiG_16"	726	"Kdelr2"	177.5	"HiG"
"HiG_16"	0	"Mpped2"	576	"HiG"
"HiG_16"	49	"Arhgap1"	352.5	"HiG"
"HiG_16"	0	"Mpzl1"	576	"HiG"
"HiG_16"	6	"H19"	435.5	"HiG"
"HiG_16"	5	"Mlec"	441.5	"HiG"
"HiG_16"	4680	"Tmsb4x"	26	"HiG"
"HiG_16"	16	"Tspan9"	399.5	"HiG"
"HiG_16"	88	"Selenok"	321	"HiG"
"HiG_16"	1	"Fez2"	488.5	"HiG"
"HiG_16"	0	"Plac8"	576	"HiG"
"HiG_16"	1	"Rnf128"	488.5	"HiG"
"HiG_16"	0	"Irak1bp1"	576	"HiG"
"HiG_16"	2139	"Tpm1"	67	"HiG"
"HiG_16"	1	"Pja1"	488.5	"HiG"
"HiG_16"	312	"Arpc2"	265	"HiG"
"HiG_16"	931	"Tmsb10"	147	"HiG"
"HiG_16"	31	"Rcn2"	374.5	"HiG"
"HiG_16"	5507	"Flna"	21	"HiG"
"HiG_16"	1162	"Hmgb3"	125	"HiG"
"HiG_16"	69	"Fstl1"	335	"HiG"
"HiG_16"	105	"Fhl1"	309	"HiG"
"HiG_16"	0	"Plac1"	576	"HiG"
"HiG_16"	10	"Mbnl3"	423.5	"HiG"
"HiG_16"	33	"Kalrn"	372	"HiG"
"HiG_16"	156	"Tcf4"	292.5	"HiG"
"HiG_16"	1553	"Cald1"	93	"HiG"
"HiG_16"	572	"Steap2"	221	"HiG"
"HiG_16"	0	"Mid1ip1"	576	"HiG"
"HiG_16"	745	"Sgce"	171	"HiG"
"HiG_16"	658	"Suv39h1"	197	"HiG"
"HiG_16"	4254	"Hnrnpk"	30	"HiG"
"HiG_16"	0	"Bex4"	576	"HiG"
"HiG_16"	230	"Palld"	277	"HiG"
"HiG_16"	0	"Tbrg1"	576	"HiG"
"HiG_16"	730	"Plagl1"	176	"HiG"
"HiG_16"	0	"Cox17"	576	"HiG"
"HiG_16"	0	"Fam104a"	576	"HiG"
"HiG_16"	30	"Lmo4"	376.5	"HiG"
"HiG_16"	188	"Rab4a"	288	"HiG"
"HiG_16"	4945	"Igf2"	25	"HiG"
"HiG_16"	582	"Prdx1"	220	"HiG"
"HiG_16"	3150	"Ubc"	41	"HiG"
"HiG_16"	740	"Dbi"	172.5	"HiG"
"HiG_16"	1242	"Ube2e2"	118	"HiG"
"HiG_16"	0	"Cnih4"	576	"HiG"
"HiG_16"	1650	"Pdlim2"	89	"HiG"
"HiG_16"	1291	"Derl2"	114.5	"HiG"
"HiG_16"	937	"Erp29"	146	"HiG"
"HiG_16"	1145	"Mest"	127	"HiG"
"HiG_16"	14	"Sri"	407	"HiG"
"HiG_16"	0	"Tnfaip8"	576	"HiG"
"HiG_16"	5	"Bbx"	441.5	"HiG"
"HiG_16"	1595	"Gnb4"	92	"HiG"
"HiG_16"	0	"Smim14"	576	"HiG"
"HiG_16"	89	"Myl12a"	319	"HiG"
"HiG_16"	12	"Tnni1"	415	"HiG"
"HiG_16"	1819	"Ywhaq"	78	"HiG"
"HiG_16"	0	"Psme2"	576	"HiG"
"HiG_16"	2792	"Hmga2"	50	"HiG"
"HiG_16"	156	"Arl4c"	292.5	"HiG"
"HiG_16"	410	"Cyb5a"	247	"HiG"
"HiG_16"	4650	"Manf"	28	"HiG"
"HiG_16"	0	"Impdh1"	576	"HiG"
"HiG_16"	1118	"Plod2"	130	"HiG"
"HiG_16"	402	"Gng2"	249	"HiG"
"HiG_16"	98	"Slc16a3"	313	"HiG"
"HiG_16"	846	"Ccnd3"	156	"HiG"
"HiG_16"	8966	"Serpinh1"	11	"HiG"
"HiG_16"	687	"Zyx"	189	"HiG"
"HiG_16"	791	"Dnajb11"	163	"HiG"
"HiG_16"	1307	"Eif4a1"	112	"HiG"
"HiG_16"	1	"Armcx2"	488.5	"HiG"
"HiG_16"	4	"Atp6v0e"	451	"HiG"
"HiG_16"	1927	"Sept7"	71.5	"HiG"
"HiG_16"	24	"Ost4"	384.5	"HiG"
"HiG_16"	1371	"Odc1"	109	"HiG"
"HiG_16"	5297	"Myl6"	24	"HiG"
"HiG_16"	1148	"Cdkn1c"	126	"HiG"
"HiG_16"	100	"Bcar1"	311	"HiG"
"HiG_16"	0	"Tceal8"	576	"HiG"
"HiG_16"	74	"Dnaja1"	332	"HiG"
"HiG_16"	726	"Gnb1"	177.5	"HiG"
"HiG_16"	0	"Arid3b"	576	"HiG"
"HiG_16"	0	"Krcc1"	576	"HiG"
"HiG_16"	648	"Ssb"	205	"HiG"
"HiG_16"	68	"Rbfox2"	337	"HiG"
"HiG_16"	0	"Luzp1"	576	"HiG"
"HiG_16"	0	"Rbms1"	576	"HiG"
"HiG_16"	638	"Pacsin2"	210	"HiG"
"HiG_16"	475	"Tgfb1i1"	238	"HiG"
"HiG_16"	2	"Tex264"	474	"HiG"
"HiG_16"	28	"Atxn10"	378.5	"HiG"
"HiG_16"	0	"Spats2l"	576	"HiG"
"HiG_16"	2336	"Hoxb6"	61	"HiG"
"HiG_16"	1733	"Apoe"	86	"HiG"
"HiG_16"	735	"Ddx39b"	174	"HiG"
"HiG_16"	3664	"Cct4"	36	"HiG"
"HiG_16"	636	"Peg10"	211	"HiG"
"HiG_16"	1395	"Pbx1"	106	"HiG"
"HiG_16"	57	"Ryk"	347.5	"HiG"
"HiG_16"	0	"Tac2"	576	"HiG"
"HiG_16"	13	"Oaz2"	410.5	"HiG"
"HiG_16"	4128	"Bex3"	31	"HiG"
"HiG_16"	871	"Foxf1"	153	"HiG"
"HiG_16"	0	"Smim1"	576	"HiG"
"HiG_16"	0	"Apbb1"	576	"HiG"
"HiG_16"	2353	"Gnas"	60	"HiG"
"HiG_16"	304	"Soat1"	269	"HiG"
"HiG_16"	2387	"Tnnt2"	58	"HiG"
"HiG_16"	0	"Ppp1r18"	576	"HiG"
"HiG_16"	0	"Stard3nl"	576	"HiG"
"HiG_16"	0	"Sh3glb1"	576	"HiG"
"HiG_16"	3237	"Cryab"	39	"HiG"
"HiG_16"	2049	"Cd63"	69	"HiG"
"HiG_16"	34	"Cited2"	368.5	"HiG"
"HiG_16"	461	"Gja1"	243.5	"HiG"
"HiG_16"	26	"Stx7"	381	"HiG"
"HiG_16"	0	"Cnpy2"	576	"HiG"
"HiG_16"	20	"Id2"	390	"HiG"
"HiG_16"	16	"Ctsl"	399.5	"HiG"
"HiG_16"	649	"Zfhx3"	202.5	"HiG"
"HiG_16"	1115	"Gdi2"	131	"HiG"
"HiG_16"	1420	"Pcgf5"	103	"HiG"
"HiG_16"	18	"Gas1"	394	"HiG"
"HiG_16"	0	"Ttc3"	576	"HiG"
"HiG_16"	0	"Colec12"	576	"HiG"
"HiG_16"	650	"Txnl1"	200	"HiG"
"HiG_16"	177	"Paip2"	289	"HiG"
"HiG_16"	3757	"Fth1"	35	"HiG"
"HiG_16"	0	"6330403K07Rik"	576	"HiG"
"HiG_16"	192	"Calm1"	286	"HiG"
"HiG_16"	0	"1810058I24Rik"	576	"HiG"
"HiG_16"	551	"Egfl7"	224.5	"HiG"
"HiG_13"	85	"Ccnd2"	263.5	"HiG"
"HiG_13"	113	"Mcm7"	244	"HiG"
"HiG_13"	14	"Acvrl1"	336.5	"HiG"
"HiG_13"	12	"Rdx"	342	"HiG"
"HiG_13"	393	"Ilf2"	177	"HiG"
"HiG_13"	1213	"Icam2"	80	"HiG"
"HiG_13"	524	"Lsr"	148	"HiG"
"HiG_13"	42	"Tubb6"	288	"HiG"
"HiG_13"	23	"Ifrd1"	313	"HiG"
"HiG_13"	10	"Hoxc9"	345	"HiG"
"HiG_13"	0	"Ddt"	464.5	"HiG"
"HiG_13"	1	"Eef1e1"	392.5	"HiG"
"HiG_13"	1708	"Pabpc1"	56	"HiG"
"HiG_13"	10	"Capns1"	345	"HiG"
"HiG_13"	456	"Esam"	170	"HiG"
"HiG_13"	588	"Rhoc"	135	"HiG"
"HiG_13"	1834	"Tgfb1"	51	"HiG"
"HiG_13"	0	"Fkbp11"	464.5	"HiG"
"HiG_13"	267	"Tpm4"	195	"HiG"
"HiG_13"	1551	"Calr"	58	"HiG"
"HiG_13"	3	"Fam162a"	374	"HiG"
"HiG_13"	6	"Ppan"	354	"HiG"
"HiG_13"	1035	"Atp6v1f"	84	"HiG"
"HiG_13"	525	"Ralb"	147	"HiG"
"HiG_13"	18	"Cnn2"	328	"HiG"
"HiG_13"	592	"Grap"	132.5	"HiG"
"HiG_13"	0	"Cstb"	464.5	"HiG"
"HiG_13"	471	"Hmox1"	166	"HiG"
"HiG_13"	232	"Mthfd2"	202	"HiG"
"HiG_13"	110	"Adh5"	245.5	"HiG"
"HiG_13"	0	"Elovl1"	464.5	"HiG"
"HiG_13"	1421	"Cdc20"	63	"HiG"
"HiG_13"	157	"Srm"	225	"HiG"
"HiG_13"	2402	"Clic1"	36	"HiG"
"HiG_13"	4	"Id3"	366.5	"HiG"
"HiG_13"	0	"Elk3"	464.5	"HiG"
"HiG_13"	571	"Eng"	140	"HiG"
"HiG_13"	0	"Tor2a"	464.5	"HiG"
"HiG_13"	0	"Ifrd2"	464.5	"HiG"
"HiG_13"	266	"Wdr77"	196	"HiG"
"HiG_13"	2285	"Phlda2"	41	"HiG"
"HiG_13"	27	"Pgam1"	305.5	"HiG"
"HiG_13"	29	"Pea15a"	302	"HiG"
"HiG_13"	159	"Cacybp"	223.5	"HiG"
"HiG_13"	225	"Surf4"	203	"HiG"
"HiG_13"	311	"Gata2"	189.5	"HiG"
"HiG_13"	12872	"Hspa8"	3	"HiG"
"HiG_13"	8	"Rrbp1"	349.5	"HiG"
"HiG_13"	526	"Fli1"	145.5	"HiG"
"HiG_13"	149	"Slc25a5"	229.5	"HiG"
"HiG_13"	0	"Igfbp4"	464.5	"HiG"
"HiG_13"	1	"Wsb1"	392.5	"HiG"
"HiG_13"	4678	"Pfn1"	19	"HiG"
"HiG_13"	6138	"Sparc"	12	"HiG"
"HiG_13"	1	"Rcn3"	392.5	"HiG"
"HiG_13"	1	"Mydgf"	392.5	"HiG"
"HiG_13"	48	"Fbxo5"	283.5	"HiG"
"HiG_13"	21	"Snx3"	319.5	"HiG"
"HiG_13"	4945	"Cdk1"	17	"HiG"
"HiG_13"	2	"Atp2b1"	380.5	"HiG"
"HiG_13"	0	"Nudt4"	464.5	"HiG"
"HiG_13"	9383	"Hsp90b1"	6	"HiG"
"HiG_13"	1	"H2afy2"	392.5	"HiG"
"HiG_13"	54	"Ppa1"	281	"HiG"
"HiG_13"	0	"Csrp2"	464.5	"HiG"
"HiG_13"	4	"Pfkl"	366.5	"HiG"
"HiG_13"	5	"Upp1"	358	"HiG"
"HiG_13"	15	"Dynll2"	334.5	"HiG"
"HiG_13"	0	"Bzw2"	464.5	"HiG"
"HiG_13"	1131	"Sdc1"	82	"HiG"
"HiG_13"	1541	"Rrm2"	59	"HiG"
"HiG_13"	307	"Dnmt3a"	191	"HiG"
"HiG_13"	5127	"Ddx5"	15	"HiG"
"HiG_13"	45	"Galk1"	286	"HiG"
"HiG_13"	31	"Fam64a"	299	"HiG"
"HiG_13"	14	"Lrrc59"	336.5	"HiG"
"HiG_13"	399	"Polr2h"	176	"HiG"
"HiG_13"	58	"Zfp36l1"	275.5	"HiG"
"HiG_13"	0	"Dek"	464.5	"HiG"
"HiG_13"	90	"Gadd45g"	261	"HiG"
"HiG_13"	2	"Sfxn1"	380.5	"HiG"
"HiG_13"	2	"Lman2"	380.5	"HiG"
"HiG_13"	20	"Dbn1"	324.5	"HiG"
"HiG_13"	0	"Pitx1"	464.5	"HiG"
"HiG_13"	2	"Hapln1"	380.5	"HiG"
"HiG_13"	0	"Plk2"	464.5	"HiG"
"HiG_13"	0	"Emb"	464.5	"HiG"
"HiG_13"	322	"Arf4"	186	"HiG"
"HiG_13"	0	"Tkt"	464.5	"HiG"
"HiG_13"	462	"Mrpl57"	168.5	"HiG"
"HiG_13"	4	"Bnip3l"	366.5	"HiG"
"HiG_13"	1996	"Dnajc3"	48	"HiG"
"HiG_13"	516	"Brix1"	151	"HiG"
"HiG_13"	0	"Mtdh"	464.5	"HiG"
"HiG_13"	909	"Laptm4b"	95	"HiG"
"HiG_13"	762	"Eif3e"	111	"HiG"
"HiG_13"	4951	"Myc"	16	"HiG"
"HiG_13"	12	"Slc38a4"	342	"HiG"
"HiG_13"	0	"Litaf"	464.5	"HiG"
"HiG_13"	57	"Hes1"	277.5	"HiG"
"HiG_13"	17	"Sdf2l1"	330	"HiG"
"HiG_13"	10	"Tmbim6"	345	"HiG"
"HiG_13"	675	"Krt18"	125	"HiG"
"HiG_13"	486	"Krt8"	161.5	"HiG"
"HiG_13"	919	"Creld2"	94	"HiG"
"HiG_13"	0	"Pcbp4"	464.5	"HiG"
"HiG_13"	5876	"Hsp90ab1"	14	"HiG"
"HiG_13"	0	"Bambi"	464.5	"HiG"
"HiG_13"	988	"Bin1"	88	"HiG"
"HiG_13"	3	"Hbegf"	374	"HiG"
"HiG_13"	381	"Ppic"	179	"HiG"
"HiG_13"	0	"Lmnb1"	464.5	"HiG"
"HiG_13"	374	"Psat1"	180	"HiG"
"HiG_13"	0	"Carnmt1"	464.5	"HiG"
"HiG_13"	0	"Sssca1"	464.5	"HiG"
"HiG_13"	155	"Hhex"	226	"HiG"
"HiG_13"	1	"Cyp26a1"	392.5	"HiG"
"HiG_13"	13	"Prdx3"	339	"HiG"
"HiG_13"	684	"Hells"	124	"HiG"
"HiG_13"	248	"Gsto1"	198.5	"HiG"
"HiG_13"	731	"P4hb"	116	"HiG"
"HiG_13"	20	"Maged1"	324.5	"HiG"
"HiG_13"	1329	"Rps26"	68	"HiG"
"HiG_13"	1016	"Atp5b"	85	"HiG"
"HiG_13"	18	"Clns1a"	328	"HiG"
"HiG_13"	491	"Tspan4"	159	"HiG"
"HiG_13"	0	"Syngr2"	464.5	"HiG"
"HiG_13"	32	"Eif4a3"	297	"HiG"
"HiG_13"	2909	"Cct8"	30	"HiG"
"HiG_13"	620	"Hprt"	130	"HiG"
"HiG_13"	0	"Fam195a"	464.5	"HiG"
"HiG_13"	243	"Sox17"	200	"HiG"
"HiG_13"	7884	"Hspd1"	9	"HiG"
"HiG_13"	239	"Wdr12"	201	"HiG"
"HiG_13"	4	"Itm2c"	366.5	"HiG"
"HiG_13"	4163	"Ncl"	24	"HiG"
"HiG_13"	1	"Dars"	392.5	"HiG"
"HiG_13"	592	"Atf3"	132.5	"HiG"
"HiG_13"	0	"Fam107b"	464.5	"HiG"
"HiG_13"	4352	"Vim"	23	"HiG"
"HiG_13"	14764	"Hspa5"	2	"HiG"
"HiG_13"	173	"Timm10"	220	"HiG"
"HiG_13"	20	"Mtx2"	324.5	"HiG"
"HiG_13"	180	"Ola1"	215	"HiG"
"HiG_13"	32	"Nop10"	297	"HiG"
"HiG_13"	514	"Eif3m"	152	"HiG"
"HiG_13"	1249	"Mdk"	76	"HiG"
"HiG_13"	104	"Pdia3"	252	"HiG"
"HiG_13"	0	"Ehd4"	464.5	"HiG"
"HiG_13"	0	"Bmp2"	464.5	"HiG"
"HiG_13"	20	"Dusp2"	324.5	"HiG"
"HiG_13"	110	"Nmd3"	245.5	"HiG"
"HiG_13"	766	"Ppid"	110	"HiG"
"HiG_13"	0	"Serp1"	464.5	"HiG"
"HiG_13"	746	"Gmps"	113.5	"HiG"
"HiG_13"	21	"Ssr3"	319.5	"HiG"
"HiG_13"	59	"Cnn3"	274	"HiG"
"HiG_13"	2	"Cyr61"	380.5	"HiG"
"HiG_13"	0	"Glipr2"	464.5	"HiG"
"HiG_13"	3	"Txndc12"	374	"HiG"
"HiG_13"	316	"Magoh"	187	"HiG"
"HiG_13"	136	"Tmem59"	236	"HiG"
"HiG_13"	526	"Slc2a1"	145.5	"HiG"
"HiG_13"	1	"Akr1a1"	392.5	"HiG"
"HiG_13"	1266	"Tal1"	74	"HiG"
"HiG_13"	74	"Ebna1bp2"	267	"HiG"
"HiG_13"	30	"Sh3bgrl3"	300.5	"HiG"
"HiG_13"	4	"Ctnnbip1"	366.5	"HiG"
"HiG_13"	21	"Rer1"	319.5	"HiG"
"HiG_13"	9	"Ppm1g"	347.5	"HiG"
"HiG_13"	0	"Emilin1"	464.5	"HiG"
"HiG_13"	24	"Paics"	311	"HiG"
"HiG_13"	0	"Nudt9"	464.5	"HiG"
"HiG_13"	0	"Tpst2"	464.5	"HiG"
"HiG_13"	4	"Srsf9"	366.5	"HiG"
"HiG_13"	757	"Fscn1"	112	"HiG"
"HiG_13"	365	"Cdx2"	183	"HiG"
"HiG_13"	531	"Flt1"	142	"HiG"
"HiG_13"	1729	"Gng11"	55	"HiG"
"HiG_13"	468	"Gnb2"	167	"HiG"
"HiG_13"	1234	"Sec61a1"	78	"HiG"
"HiG_13"	0	"Ptms"	464.5	"HiG"
"HiG_13"	0	"Gabarapl1"	464.5	"HiG"
"HiG_13"	0	"Vgll4"	464.5	"HiG"
"HiG_13"	745	"Cd9"	115	"HiG"
"HiG_13"	0	"Fkbp4"	464.5	"HiG"
"HiG_13"	105	"Vasp"	250	"HiG"
"HiG_13"	2	"Mphosph10"	380.5	"HiG"
"HiG_13"	716	"Arl6ip1"	120	"HiG"
"HiG_13"	1272	"Plk1"	72	"HiG"
"HiG_13"	0	"Bccip"	464.5	"HiG"
"HiG_13"	0	"Swap70"	464.5	"HiG"
"HiG_13"	0	"Plp2"	464.5	"HiG"
"HiG_13"	0	"Itm2a"	464.5	"HiG"
"HiG_13"	0	"Nono"	464.5	"HiG"
"HiG_13"	802	"Dkc1"	105	"HiG"
"HiG_13"	497	"Morf4l2"	157	"HiG"
"HiG_13"	149	"Eif4ebp1"	229.5	"HiG"
"HiG_13"	35	"Mak16"	292	"HiG"
"HiG_13"	13	"Rbpms"	339	"HiG"
"HiG_13"	283	"Slc25a4"	194	"HiG"
"HiG_13"	0	"Orc6"	464.5	"HiG"
"HiG_13"	34	"Mmp2"	293.5	"HiG"
"HiG_13"	333	"Cmtm3"	185	"HiG"
"HiG_13"	0	"Nip7"	464.5	"HiG"
"HiG_13"	21	"Mns1"	319.5	"HiG"
"HiG_13"	2301	"Imp3"	40	"HiG"
"HiG_13"	0	"Crabp1"	464.5	"HiG"
"HiG_13"	783	"Tspan3"	107	"HiG"
"HiG_13"	115	"Ctsh"	243	"HiG"
"HiG_13"	870	"Ppib"	98	"HiG"
"HiG_13"	0	"Cmtm7"	464.5	"HiG"
"HiG_13"	52	"Plvap"	282	"HiG"
"HiG_13"	145	"S100a10"	232.5	"HiG"
"HiG_13"	23	"Gcsh"	313	"HiG"
"HiG_13"	188	"Fkbp1a"	213	"HiG"
"HiG_13"	871	"Fbl"	97	"HiG"
"HiG_13"	0	"Tm6sf1"	464.5	"HiG"
"HiG_13"	4	"Rangrf"	366.5	"HiG"
"HiG_13"	0	"Ube2r2"	464.5	"HiG"
"HiG_13"	0	"Pclaf"	464.5	"HiG"
"HiG_13"	18	"Snx2"	328	"HiG"
"HiG_13"	0	"Atp1a1"	464.5	"HiG"
"HiG_13"	0	"Prkar2b"	464.5	"HiG"
"HiG_13"	118	"Twist1"	241.5	"HiG"
"HiG_13"	370	"Creb3l2"	182	"HiG"
"HiG_13"	0	"Fam212a"	464.5	"HiG"
"HiG_13"	23	"Mif"	313	"HiG"
"HiG_13"	122	"Chchd4"	240	"HiG"
"HiG_13"	85	"Txndc5"	263.5	"HiG"
"HiG_13"	142	"F11r"	234	"HiG"
"HiG_13"	9267	"Cldn5"	7	"HiG"
"HiG_13"	0	"Lpar6"	464.5	"HiG"
"HiG_13"	854	"Tubb4b"	102	"HiG"
"HiG_13"	6	"Apex1"	354	"HiG"
"HiG_13"	169	"Ddx21"	221	"HiG"
"HiG_13"	16	"Bex2"	332	"HiG"
"HiG_13"	0	"Dok4"	464.5	"HiG"
"HiG_13"	198	"Cmtm8"	211.5	"HiG"
"HiG_13"	6917	"Cd81"	10	"HiG"
"HiG_13"	884	"Ptma"	96	"HiG"
"HiG_13"	3105	"Mrpl12"	28	"HiG"
"HiG_13"	0	"Cdv3"	464.5	"HiG"
"HiG_13"	5	"Mrpl34"	358	"HiG"
"HiG_13"	0	"Fermt2"	464.5	"HiG"
"HiG_13"	30	"Pim3"	300.5	"HiG"
"HiG_13"	0	"Limd2"	464.5	"HiG"
"HiG_13"	60	"Ndn"	273	"HiG"
"HiG_13"	0	"Ssr2"	464.5	"HiG"
"HiG_13"	48	"Lyl1"	283.5	"HiG"
"HiG_13"	645	"Hoxa9"	128	"HiG"
"HiG_13"	724	"Gnl3"	118	"HiG"
"HiG_13"	5	"Tax1bp3"	358	"HiG"
"HiG_13"	285	"Tceal9"	193	"HiG"
"HiG_13"	478	"Gngt2"	165	"HiG"
"HiG_13"	0	"Atp6v0b"	464.5	"HiG"
"HiG_13"	97	"Dctpp1"	255.5	"HiG"
"HiG_13"	0	"Degs1"	464.5	"HiG"
"HiG_13"	56	"Hoxa7"	279	"HiG"
"HiG_13"	373	"Calm2"	181	"HiG"
"HiG_13"	868	"Ctnna1"	100	"HiG"
"HiG_13"	248	"Gpi1"	198.5	"HiG"
"HiG_13"	7	"Timm8a1"	351.5	"HiG"
"HiG_13"	0	"Ckap4"	464.5	"HiG"
"HiG_13"	0	"Peg3"	464.5	"HiG"
"HiG_13"	0	"Zfp36l2"	464.5	"HiG"
"HiG_13"	104	"Tuba1c"	252	"HiG"
"HiG_13"	0	"Epop"	464.5	"HiG"
"HiG_13"	70	"H2afx"	270	"HiG"
"HiG_13"	2533	"Mapk3"	33	"HiG"
"HiG_13"	0	"Pgp"	464.5	"HiG"
"HiG_13"	1465	"Pdia6"	60.5	"HiG"
"HiG_13"	583	"Aplnr"	137	"HiG"
"HiG_13"	4	"Sptssa"	366.5	"HiG"
"HiG_13"	0	"Exoc3l"	464.5	"HiG"
"HiG_13"	1269	"Basp1"	73	"HiG"
"HiG_13"	4	"Gcc2"	366.5	"HiG"
"HiG_13"	0	"Eva1b"	464.5	"HiG"
"HiG_13"	0	"Zfp207"	464.5	"HiG"
"HiG_13"	0	"Map7d1"	464.5	"HiG"
"HiG_13"	18073	"Fn1"	1	"HiG"
"HiG_13"	0	"Fbln1"	464.5	"HiG"
"HiG_13"	0	"Plekhf2"	464.5	"HiG"
"HiG_13"	869	"Xbp1"	99	"HiG"
"HiG_13"	0	"Marcksl1"	464.5	"HiG"
"HiG_13"	0	"Bri3"	464.5	"HiG"
"HiG_13"	589	"Gnai2"	134	"HiG"
"HiG_13"	42	"Rbpms2"	288	"HiG"
"HiG_13"	2332	"Cd24a"	38	"HiG"
"HiG_13"	0	"Ccnjl"	464.5	"HiG"
"HiG_13"	1309	"Msx1"	70	"HiG"
"HiG_13"	22	"Hoxd9"	315.5	"HiG"
"HiG_13"	0	"Ubald2"	464.5	"HiG"
"HiG_13"	0	"Ssbp4"	464.5	"HiG"
"HiG_13"	89	"Mcm3"	262	"HiG"
"HiG_13"	0	"Rhoj"	464.5	"HiG"
"HiG_13"	1319	"Vamp8"	69	"HiG"
"HiG_13"	2039	"Bex1"	46	"HiG"
"HiG_13"	177	"Ppp1r2"	216	"HiG"
"HiG_13"	118	"Grrp1"	241.5	"HiG"
"HiG_13"	26	"Ier2"	308	"HiG"
"HiG_13"	435	"Hmgn1"	173	"HiG"
"HiG_13"	2	"Mtap"	380.5	"HiG"
"HiG_13"	0	"Gja4"	464.5	"HiG"
"HiG_13"	948	"Rasip1"	90	"HiG"
"HiG_13"	135	"Slbp"	237	"HiG"
"HiG_13"	444	"Dlk1"	172	"HiG"
"HiG_13"	0	"Mogat2"	464.5	"HiG"
"HiG_13"	75	"Gpc3"	266	"HiG"
"HiG_13"	22	"Junb"	315.5	"HiG"
"HiG_13"	996	"Ndufa8"	87	"HiG"
"HiG_13"	209	"Hmgb2"	208	"HiG"
"HiG_13"	0	"Smagp"	464.5	"HiG"
"HiG_13"	450	"Rap1b"	171	"HiG"
"HiG_13"	96	"Map1b"	257.5	"HiG"
"HiG_13"	0	"Emc7"	464.5	"HiG"
"HiG_13"	0	"Tmem158"	464.5	"HiG"
"HiG_13"	0	"Npm3"	464.5	"HiG"
"HiG_13"	219	"Rras2"	205	"HiG"
"HiG_13"	0	"Mdfi"	464.5	"HiG"
"HiG_13"	15	"Pfdn4"	334.5	"HiG"
"HiG_13"	576	"Srsf7"	138	"HiG"
"HiG_13"	2372	"Ywhae"	37	"HiG"
"HiG_13"	0	"Ifitm2"	464.5	"HiG"
"HiG_13"	5	"Prdx6"	358	"HiG"
"HiG_13"	129	"Rrs1"	238.5	"HiG"
"HiG_13"	1419	"Ccnb1"	65	"HiG"
"HiG_13"	28	"Polg"	303.5	"HiG"
"HiG_13"	1775	"Hspe1"	54	"HiG"
"HiG_13"	529	"Nectin2"	143	"HiG"
"HiG_13"	9817	"Npm1"	4	"HiG"
"HiG_13"	97	"Cks2"	255.5	"HiG"
"HiG_13"	0	"Sypl"	464.5	"HiG"
"HiG_13"	718	"Pdia4"	119	"HiG"
"HiG_13"	77	"Arpc5"	265	"HiG"
"HiG_13"	0	"Rsrp1"	464.5	"HiG"
"HiG_13"	57	"Cfl2"	277.5	"HiG"
"HiG_13"	1	"C1qbp"	392.5	"HiG"
"HiG_13"	36	"Sox7"	291	"HiG"
"HiG_13"	1004	"Birc5"	86	"HiG"
"HiG_13"	1465	"Eno1"	60.5	"HiG"
"HiG_13"	356	"Impdh2"	184	"HiG"
"HiG_13"	4427	"Pgk1"	22	"HiG"
"HiG_13"	866	"Dut"	101	"HiG"
"HiG_13"	4430	"mt-Nd1"	21	"HiG"
"HiG_13"	72	"mt-Nd2"	268	"HiG"
"HiG_13"	852	"mt-Co1"	103.5	"HiG"
"HiG_13"	1350	"mt-Co2"	66	"HiG"
"HiG_13"	302	"mt-Atp6"	192	"HiG"
"HiG_13"	956	"mt-Co3"	89	"HiG"
"HiG_13"	1224	"mt-Nd4"	79	"HiG"
"HiG_13"	498	"mt-Cytb"	155.5	"HiG"
"HiG_13"	207	"Gpx1"	209.5	"HiG"
"HiG_13"	801	"Gpx3"	106	"HiG"
"HiG_13"	175	"Oat"	217.5	"HiG"
"HiG_13"	573	"Crip2"	139	"HiG"
"HiG_13"	6	"Anp32a"	354	"HiG"
"HiG_13"	485	"Hmgb1"	163	"HiG"
"HiG_13"	1796	"Arpc1b"	53	"HiG"
"HiG_13"	96	"Lyar"	257.5	"HiG"
"HiG_13"	4488	"Aldoa"	20	"HiG"
"HiG_13"	26	"Srrm2"	308	"HiG"
"HiG_13"	109	"Lgals1"	247	"HiG"
"HiG_13"	150	"Mat2a"	228	"HiG"
"HiG_13"	852	"Mmp14"	103.5	"HiG"
"HiG_13"	1346	"Itgb1"	67	"HiG"
"HiG_13"	63	"Rap1a"	271	"HiG"
"HiG_13"	0	"2010111I01Rik"	464.5	"HiG"
"HiG_13"	2326	"Srsf2"	39	"HiG"
"HiG_13"	28	"Marcks"	303.5	"HiG"
"HiG_13"	0	"Rspo3"	464.5	"HiG"
"HiG_13"	94	"Sept9"	259.5	"HiG"
"HiG_13"	215	"Cbx1"	206	"HiG"
"HiG_13"	8255	"Ccnd1"	8	"HiG"
"HiG_13"	9810	"Hsp90aa1"	5	"HiG"
"HiG_13"	311	"Id1"	189.5	"HiG"
"HiG_13"	0	"1700027J19Rik"	464.5	"HiG"
"HiG_13"	2	"Mtch1"	380.5	"HiG"
"HiG_13"	0	"Pigx"	464.5	"HiG"
"HiG_13"	1293	"Tuba1a"	71	"HiG"
"HiG_13"	1	"Csrp1"	392.5	"HiG"
"HiG_13"	42	"Ecscr"	288	"HiG"
"HiG_13"	0	"Hoxb2"	464.5	"HiG"
"HiG_13"	198	"Nup62cl"	211.5	"HiG"
"HiG_13"	0	"Vamp5"	464.5	"HiG"
"HiG_13"	650	"Selenos"	127	"HiG"
"HiG_13"	103	"Car4"	254	"HiG"
"HiG_13"	462	"Nop56"	168.5	"HiG"
"HiG_13"	0	"Tmem97"	464.5	"HiG"
"HiG_13"	1963	"Mrto4"	49	"HiG"
"HiG_13"	2239	"Hdac1"	43	"HiG"
"HiG_13"	16	"Rbbp4"	332	"HiG"
"HiG_13"	8	"Selenoh"	349.5	"HiG"
"HiG_13"	0	"Cdca7"	464.5	"HiG"
"HiG_13"	7	"Ebf1"	351.5	"HiG"
"HiG_13"	0	"Rtn4"	464.5	"HiG"
"HiG_13"	672	"Set"	126	"HiG"
"HiG_13"	165	"Rpl7a"	222	"HiG"
"HiG_13"	152	"Anp32b"	227	"HiG"
"HiG_13"	106	"Sox4"	249	"HiG"
"HiG_13"	0	"Nrarp"	464.5	"HiG"
"HiG_13"	71	"Rps6ka1"	269	"HiG"
"HiG_13"	159	"Ifitm1"	223.5	"HiG"
"HiG_13"	501	"Bnip3"	154	"HiG"
"HiG_13"	0	"Ypel3"	464.5	"HiG"
"HiG_13"	2027	"H3f3b"	47	"HiG"
"HiG_13"	3842	"Jun"	25	"HiG"
"HiG_13"	522	"Tead2"	149	"HiG"
"HiG_13"	528	"Tomm5"	144	"HiG"
"HiG_13"	107	"Clta"	248	"HiG"
"HiG_13"	2526	"Etv2"	34	"HiG"
"HiG_13"	0	"Tnfaip1"	464.5	"HiG"
"HiG_13"	12	"Slc1a5"	342	"HiG"
"HiG_13"	0	"Tsen34"	464.5	"HiG"
"HiG_13"	5900	"Trp53"	13	"HiG"
"HiG_13"	4	"Top1"	366.5	"HiG"
"HiG_13"	5	"Nsun2"	358	"HiG"
"HiG_13"	729	"Tmed9"	117	"HiG"
"HiG_13"	9	"Kdelr2"	347.5	"HiG"
"HiG_13"	1111	"Lmo2"	83	"HiG"
"HiG_13"	4	"Tagln2"	366.5	"HiG"
"HiG_13"	0	"Tspan18"	464.5	"HiG"
"HiG_13"	1157	"Ran"	81	"HiG"
"HiG_13"	0	"Creg1"	464.5	"HiG"
"HiG_13"	0	"Mpzl1"	464.5	"HiG"
"HiG_13"	627	"H19"	129	"HiG"
"HiG_13"	1	"Mlec"	392.5	"HiG"
"HiG_13"	493	"Tmsb4x"	158	"HiG"
"HiG_13"	185	"Selenok"	214	"HiG"
"HiG_13"	0	"Evi5"	464.5	"HiG"
"HiG_13"	26	"Amot"	308	"HiG"
"HiG_13"	0	"Rnf128"	464.5	"HiG"
"HiG_13"	0	"Armcx1"	464.5	"HiG"
"HiG_13"	2112	"Kdr"	45	"HiG"
"HiG_13"	175	"Tpm1"	217.5	"HiG"
"HiG_13"	38	"Arpc2"	290	"HiG"
"HiG_13"	0	"Tmsb10"	464.5	"HiG"
"HiG_13"	55	"Rcn2"	280	"HiG"
"HiG_13"	27	"Hmgb3"	305.5	"HiG"
"HiG_13"	0	"Fstl1"	464.5	"HiG"
"HiG_13"	0	"Plac1"	464.5	"HiG"
"HiG_13"	2	"Cald1"	380.5	"HiG"
"HiG_13"	0	"Sept6"	464.5	"HiG"
"HiG_13"	425	"Ranbp1"	174	"HiG"
"HiG_13"	2668	"Hnrnpk"	31	"HiG"
"HiG_13"	32	"Bex4"	297	"HiG"
"HiG_13"	1	"Tbrg1"	392.5	"HiG"
"HiG_13"	615	"Msn"	131	"HiG"
"HiG_13"	0	"Cox17"	464.5	"HiG"
"HiG_13"	768	"Rsl1d1"	109	"HiG"
"HiG_13"	224	"Srsf11"	204	"HiG"
"HiG_13"	0	"Sgk1"	464.5	"HiG"
"HiG_13"	1869	"Igf2"	50	"HiG"
"HiG_13"	546	"Prdx1"	141	"HiG"
"HiG_13"	490	"Ubc"	160	"HiG"
"HiG_13"	2154	"Pa2g4"	44	"HiG"
"HiG_13"	1	"Mrpl15"	392.5	"HiG"
"HiG_13"	0	"Sft2d1"	464.5	"HiG"
"HiG_13"	1257	"Mest"	75	"HiG"
"HiG_13"	920	"Afdn"	93	"HiG"
"HiG_13"	0	"Bbx"	464.5	"HiG"
"HiG_13"	2664	"Nhp2"	32	"HiG"
"HiG_13"	692	"Hoxa10"	122	"HiG"
"HiG_13"	937	"Ramp2"	91	"HiG"
"HiG_13"	0	"Mrps26"	464.5	"HiG"
"HiG_13"	584	"Ywhaq"	136	"HiG"
"HiG_13"	0	"Psme2"	464.5	"HiG"
"HiG_13"	2479	"Hmga2"	35	"HiG"
"HiG_13"	0	"Cadm1"	464.5	"HiG"
"HiG_13"	58	"Cycs"	275.5	"HiG"
"HiG_13"	1699	"Manf"	57	"HiG"
"HiG_13"	25	"Slc16a3"	310	"HiG"
"HiG_13"	1240	"Serpinh1"	77	"HiG"
"HiG_13"	4844	"Eif4a1"	18	"HiG"
"HiG_13"	0	"Idh3a"	464.5	"HiG"
"HiG_13"	16	"Nolc1"	332	"HiG"
"HiG_13"	252	"G3bp2"	197	"HiG"
"HiG_13"	1	"Ppp1r15a"	392.5	"HiG"
"HiG_13"	779	"Odc1"	108	"HiG"
"HiG_13"	3356	"Cdkn1c"	27	"HiG"
"HiG_13"	3065	"Rab11a"	29	"HiG"
"HiG_13"	409	"Dnaja1"	175	"HiG"
"HiG_13"	925	"Slc3a2"	92	"HiG"
"HiG_13"	384	"Ssb"	178	"HiG"
"HiG_13"	0	"Rbfox2"	464.5	"HiG"
"HiG_13"	0	"Luzp1"	464.5	"HiG"
"HiG_13"	2279	"Tpi1"	42	"HiG"
"HiG_13"	0	"Rbms1"	464.5	"HiG"
"HiG_13"	13	"Atxn10"	339	"HiG"
"HiG_13"	519	"Cd59a"	150	"HiG"
"HiG_13"	34	"Phlda1"	293.5	"HiG"
"HiG_13"	1439	"Hoxb6"	62	"HiG"
"HiG_13"	3791	"Apoe"	26	"HiG"
"HiG_13"	94	"Ddx39b"	259.5	"HiG"
"HiG_13"	4	"Baz1a"	366.5	"HiG"
"HiG_13"	1420	"Cct4"	64	"HiG"
"HiG_13"	481	"Rbm38"	164	"HiG"
"HiG_13"	0	"Asap1"	464.5	"HiG"
"HiG_13"	486	"Peg10"	161.5	"HiG"
"HiG_13"	207	"Tomm20"	209.5	"HiG"
"HiG_13"	104	"Oaz2"	252	"HiG"
"HiG_13"	212	"Bex3"	207	"HiG"
"HiG_13"	711	"Gnas"	121	"HiG"
"HiG_13"	6594	"Nop58"	11	"HiG"
"HiG_13"	2	"Ppp1r18"	380.5	"HiG"
"HiG_13"	129	"Tgfb2"	238.5	"HiG"
"HiG_13"	0	"Stard3nl"	464.5	"HiG"
"HiG_13"	498	"Fdps"	155.5	"HiG"
"HiG_13"	0	"Sh3glb1"	464.5	"HiG"
"HiG_13"	147	"Ruvbl2"	231	"HiG"
"HiG_13"	0	"Isyna1"	464.5	"HiG"
"HiG_13"	1808	"Ldha"	52	"HiG"
"HiG_13"	0	"Cebpd"	464.5	"HiG"
"HiG_13"	33	"Cck"	295	"HiG"
"HiG_13"	46	"Cd63"	285	"HiG"
"HiG_13"	21	"Cited2"	319.5	"HiG"
"HiG_13"	746	"Gja1"	113.5	"HiG"
"HiG_13"	0	"Cnpy2"	464.5	"HiG"
"HiG_13"	690	"Id2"	123	"HiG"
"HiG_13"	174	"Ctsl"	219	"HiG"
"HiG_13"	0	"Exoc3l4"	464.5	"HiG"
"HiG_13"	507	"Gtpbp4"	153	"HiG"
"HiG_13"	140	"Gdi2"	235	"HiG"
"HiG_13"	0	"Pcgf5"	464.5	"HiG"
"HiG_13"	0	"Tspan14"	464.5	"HiG"
"HiG_13"	312	"Paip2"	188	"HiG"
"HiG_13"	21	"Fth1"	319.5	"HiG"
"HiG_13"	61	"Calm1"	272	"HiG"
"HiG_13"	145	"Egfl7"	232.5	"HiG"
"HiG_8"	3198	"Ccnd2"	25	"HiG"
"HiG_8"	782	"Mcm7"	79	"HiG"
"HiG_8"	1	"Hoxa1"	287.5	"HiG"
"HiG_8"	532	"Ilf2"	103	"HiG"
"HiG_8"	0	"Sh3bp1"	369	"HiG"
"HiG_8"	0	"Uhrf1"	369	"HiG"
"HiG_8"	60	"Lsr"	209	"HiG"
"HiG_8"	816	"Tubb5"	78	"HiG"
"HiG_8"	0	"Ddt"	369	"HiG"
"HiG_8"	0	"Eef1e1"	369	"HiG"
"HiG_8"	445	"Pabpc1"	115	"HiG"
"HiG_8"	113	"Rhoc"	198	"HiG"
"HiG_8"	0	"Meis3"	369	"HiG"
"HiG_8"	233	"Prkra"	162	"HiG"
"HiG_8"	419	"Tpm4"	138	"HiG"
"HiG_8"	270	"Fam162a"	155	"HiG"
"HiG_8"	216	"Gstm5"	170	"HiG"
"HiG_8"	5	"Atp6v1f"	261.5	"HiG"
"HiG_8"	0	"Cnn2"	369	"HiG"
"HiG_8"	0	"Crabp2"	369	"HiG"
"HiG_8"	0	"Pafah1b3"	369	"HiG"
"HiG_8"	510	"Trim28"	106	"HiG"
"HiG_8"	0	"Snx6"	369	"HiG"
"HiG_8"	169	"Adh5"	182	"HiG"
"HiG_8"	0	"Tbcb"	369	"HiG"
"HiG_8"	1631	"Cdc20"	42	"HiG"
"HiG_8"	971	"Srm"	69	"HiG"
"HiG_8"	0	"Eif1b"	369	"HiG"
"HiG_8"	6	"Ddah2"	258	"HiG"
"HiG_8"	449	"Clic1"	113	"HiG"
"HiG_8"	0	"Id3"	369	"HiG"
"HiG_8"	0	"Rala"	369	"HiG"
"HiG_8"	100	"Dynll1"	201	"HiG"
"HiG_8"	319	"Phlda2"	148	"HiG"
"HiG_8"	3116	"Wnt2"	27	"HiG"
"HiG_8"	54	"Pgam1"	218	"HiG"
"HiG_8"	0	"Igf2bp1"	369	"HiG"
"HiG_8"	428	"Cacybp"	137	"HiG"
"HiG_8"	554	"Ppp1cb"	101	"HiG"
"HiG_8"	8498	"Nkx2-5"	6	"HiG"
"HiG_8"	7617	"Hspa8"	9	"HiG"
"HiG_8"	12	"H2afy"	248	"HiG"
"HiG_8"	103	"Ctsz"	200	"HiG"
"HiG_8"	222	"Slc25a5"	167	"HiG"
"HiG_8"	0	"Ppdpf"	369	"HiG"
"HiG_8"	0	"Igfbp4"	369	"HiG"
"HiG_8"	0	"Wsb1"	369	"HiG"
"HiG_8"	0	"Gabarap"	369	"HiG"
"HiG_8"	1514	"Sparc"	46	"HiG"
"HiG_8"	211	"Sfrp5"	175	"HiG"
"HiG_8"	1234	"Hoxb1"	57	"HiG"
"HiG_8"	0	"Tecr"	369	"HiG"
"HiG_8"	0	"Dusp9"	369	"HiG"
"HiG_8"	64	"Fbxo5"	208	"HiG"
"HiG_8"	255	"Hdac2"	158	"HiG"
"HiG_8"	0	"Abracl"	369	"HiG"
"HiG_8"	0	"Asf1a"	369	"HiG"
"HiG_8"	2540	"Arg1"	31	"HiG"
"HiG_8"	0	"Hnrnph3"	369	"HiG"
"HiG_8"	114	"H2afy2"	197	"HiG"
"HiG_8"	84	"Ppa1"	204	"HiG"
"HiG_8"	0	"Csrp2"	369	"HiG"
"HiG_8"	0	"Bzw2"	369	"HiG"
"HiG_8"	2	"Laptm4a"	277	"HiG"
"HiG_8"	440	"Sdc1"	123	"HiG"
"HiG_8"	4546	"Rrm2"	16	"HiG"
"HiG_8"	2915	"Ddx5"	29	"HiG"
"HiG_8"	0	"Slc9a3r1"	369	"HiG"
"HiG_8"	440	"Hn1"	123	"HiG"
"HiG_8"	0	"Galk1"	369	"HiG"
"HiG_8"	878	"Fam64a"	75	"HiG"
"HiG_8"	447	"Luc7l3"	114	"HiG"
"HiG_8"	0	"Dcakd"	369	"HiG"
"HiG_8"	0	"Dek"	369	"HiG"
"HiG_8"	0	"Sfxn1"	369	"HiG"
"HiG_8"	882	"Dbn1"	74	"HiG"
"HiG_8"	0	"Hapln1"	369	"HiG"
"HiG_8"	0	"Serf1"	369	"HiG"
"HiG_8"	0	"Emb"	369	"HiG"
"HiG_8"	439	"Arf4"	129	"HiG"
"HiG_8"	379	"Tkt"	142.5	"HiG"
"HiG_8"	56	"Bnip3l"	215	"HiG"
"HiG_8"	0	"Acin1"	369	"HiG"
"HiG_8"	215	"Brix1"	171.5	"HiG"
"HiG_8"	59	"Laptm4b"	210	"HiG"
"HiG_8"	0	"Hes1"	369	"HiG"
"HiG_8"	218	"Sdf2l1"	168.5	"HiG"
"HiG_8"	1158	"Krt18"	59	"HiG"
"HiG_8"	0	"Ivns1abp"	369	"HiG"
"HiG_8"	735	"Krt8"	81	"HiG"
"HiG_8"	0	"Pcbp4"	369	"HiG"
"HiG_8"	3676	"Hsp90ab1"	22	"HiG"
"HiG_8"	0	"Hn1l"	369	"HiG"
"HiG_8"	0	"Bambi"	369	"HiG"
"HiG_8"	641	"Ppic"	92	"HiG"
"HiG_8"	35	"Lmnb1"	227	"HiG"
"HiG_8"	0	"Psat1"	369	"HiG"
"HiG_8"	0	"Sssca1"	369	"HiG"
"HiG_8"	3	"Prdx3"	269	"HiG"
"HiG_8"	0	"Hells"	369	"HiG"
"HiG_8"	0	"Arl3"	369	"HiG"
"HiG_8"	0	"Maged1"	369	"HiG"
"HiG_8"	8661	"Fgf8"	5	"HiG"
"HiG_8"	74	"Hsd17b10"	207	"HiG"
"HiG_8"	440	"Prdx4"	123	"HiG"
"HiG_8"	1117	"Rps26"	61	"HiG"
"HiG_8"	274	"Clns1a"	153	"HiG"
"HiG_8"	17	"Eif4a3"	242.5	"HiG"
"HiG_8"	1579	"Cct8"	44	"HiG"
"HiG_8"	4789	"Hspd1"	15	"HiG"
"HiG_8"	0	"Wdr12"	369	"HiG"
"HiG_8"	506	"Cfc1"	107.5	"HiG"
"HiG_8"	0	"Itm2c"	369	"HiG"
"HiG_8"	7042	"Ncl"	10	"HiG"
"HiG_8"	0	"Dars"	369	"HiG"
"HiG_8"	2	"Pycr2"	277	"HiG"
"HiG_8"	0	"Rgs5"	369	"HiG"
"HiG_8"	1709	"Vim"	40	"HiG"
"HiG_8"	8376	"Hspa5"	7	"HiG"
"HiG_8"	0	"Ube2e3"	369	"HiG"
"HiG_8"	57	"Hat1"	212.5	"HiG"
"HiG_8"	275	"Ola1"	152	"HiG"
"HiG_8"	0	"Nop10"	369	"HiG"
"HiG_8"	2	"Meis2"	277	"HiG"
"HiG_8"	4291	"Mdk"	19	"HiG"
"HiG_8"	1278	"Pcna"	55	"HiG"
"HiG_8"	0	"Fabp5"	369	"HiG"
"HiG_8"	965	"Ppid"	70	"HiG"
"HiG_8"	589	"Gmps"	99	"HiG"
"HiG_8"	0	"Ssr3"	369	"HiG"
"HiG_8"	2	"Hadh"	277	"HiG"
"HiG_8"	514	"Lef1"	105	"HiG"
"HiG_8"	440	"Efna4"	123	"HiG"
"HiG_8"	0	"Cnn3"	369	"HiG"
"HiG_8"	0	"Ptbp2"	369	"HiG"
"HiG_8"	238	"Cyr61"	161	"HiG"
"HiG_8"	91	"Psip1"	203	"HiG"
"HiG_8"	0	"Txndc12"	369	"HiG"
"HiG_8"	0	"Ift74"	369	"HiG"
"HiG_8"	58	"Magoh"	211	"HiG"
"HiG_8"	0	"Tmem59"	369	"HiG"
"HiG_8"	438	"Pnrc2"	130.5	"HiG"
"HiG_8"	2446	"Nasp"	32	"HiG"
"HiG_8"	57	"Ebna1bp2"	212.5	"HiG"
"HiG_8"	164	"Stmn1"	184	"HiG"
"HiG_8"	13	"Smarcd3"	246.5	"HiG"
"HiG_8"	0	"Ctnnbip1"	369	"HiG"
"HiG_8"	0	"Ugdh"	369	"HiG"
"HiG_8"	213	"Paics"	173.5	"HiG"
"HiG_8"	18	"Srsf9"	239.5	"HiG"
"HiG_8"	0	"Fscn1"	369	"HiG"
"HiG_8"	0	"Rasl11a"	369	"HiG"
"HiG_8"	28	"Tra2a"	233	"HiG"
"HiG_8"	0	"Ptms"	369	"HiG"
"HiG_8"	38	"Ldhb"	224.5	"HiG"
"HiG_8"	17	"Bcat1"	242.5	"HiG"
"HiG_8"	1	"Vgll4"	287.5	"HiG"
"HiG_8"	0	"Fkbp4"	369	"HiG"
"HiG_8"	617	"Arl6ip1"	93	"HiG"
"HiG_8"	1317	"Plk1"	51	"HiG"
"HiG_8"	0	"Mettl9"	369	"HiG"
"HiG_8"	160	"Bccip"	187.5	"HiG"
"HiG_8"	0	"Plp2"	369	"HiG"
"HiG_8"	254	"Rps4x"	159	"HiG"
"HiG_8"	647	"Rbbp7"	91	"HiG"
"HiG_8"	215	"Dkc1"	171.5	"HiG"
"HiG_8"	0	"Prps1"	369	"HiG"
"HiG_8"	440	"Sfrp1"	123	"HiG"
"HiG_8"	0	"Rbpms"	369	"HiG"
"HiG_8"	0	"Sap30"	369	"HiG"
"HiG_8"	1089	"Slc25a4"	63	"HiG"
"HiG_8"	0	"Orc6"	369	"HiG"
"HiG_8"	6	"Irx5"	258	"HiG"
"HiG_8"	0	"Gins2"	369	"HiG"
"HiG_8"	440	"Jam3"	123	"HiG"
"HiG_8"	4526	"Aldh1a2"	17	"HiG"
"HiG_8"	8	"Imp3"	254	"HiG"
"HiG_8"	31	"Crabp1"	230	"HiG"
"HiG_8"	9207	"Pkm"	3	"HiG"
"HiG_8"	173	"Tspan3"	179	"HiG"
"HiG_8"	5	"Gsta4"	261.5	"HiG"
"HiG_8"	0	"Ptov1"	369	"HiG"
"HiG_8"	2	"Ppp1r14a"	277	"HiG"
"HiG_8"	440	"Igfbpl1"	123	"HiG"
"HiG_8"	0	"Car14"	369	"HiG"
"HiG_8"	0	"Gcsh"	369	"HiG"
"HiG_8"	0	"Rangrf"	369	"HiG"
"HiG_8"	440	"Ube2r2"	123	"HiG"
"HiG_8"	11	"Pclaf"	249	"HiG"
"HiG_8"	9	"Serbp1"	251.5	"HiG"
"HiG_8"	0	"Timm8b"	369	"HiG"
"HiG_8"	29	"Rfc3"	231.5	"HiG"
"HiG_8"	379	"Twist1"	142.5	"HiG"
"HiG_8"	3	"Prrx2"	269	"HiG"
"HiG_8"	0	"Pnrc1"	369	"HiG"
"HiG_8"	160	"Gata6"	187.5	"HiG"
"HiG_8"	0	"Lpar6"	369	"HiG"
"HiG_8"	649	"Tubb4b"	90	"HiG"
"HiG_8"	4	"Myl12b"	265	"HiG"
"HiG_8"	150	"Apex1"	189.5	"HiG"
"HiG_8"	2877	"Hnrnpa1"	30	"HiG"
"HiG_8"	1156	"Bex2"	60	"HiG"
"HiG_8"	872	"Cd81"	77	"HiG"
"HiG_8"	3430	"Ptma"	24	"HiG"
"HiG_8"	9	"Mrpl34"	251.5	"HiG"
"HiG_8"	0	"Tsc22d1"	369	"HiG"
"HiG_8"	0	"Fermt2"	369	"HiG"
"HiG_8"	2363	"Isl1"	34	"HiG"
"HiG_8"	0	"Limd2"	369	"HiG"
"HiG_8"	686	"Ndn"	83	"HiG"
"HiG_8"	33	"Mycn"	228.5	"HiG"
"HiG_8"	0	"Igfbp2"	369	"HiG"
"HiG_8"	0	"Zfp503"	369	"HiG"
"HiG_8"	76	"Gnl3"	206	"HiG"
"HiG_8"	2229	"Pdlim7"	35	"HiG"
"HiG_8"	657	"Pitx2"	87.5	"HiG"
"HiG_8"	0	"Tax1bp3"	369	"HiG"
"HiG_8"	1493	"Tceal9"	47	"HiG"
"HiG_8"	0	"Adk"	369	"HiG"
"HiG_8"	443	"Dctpp1"	117	"HiG"
"HiG_8"	0	"Tiparp"	369	"HiG"
"HiG_8"	403	"Rbmxl1"	140	"HiG"
"HiG_8"	0	"Timm8a1"	369	"HiG"
"HiG_8"	0	"Ckap4"	369	"HiG"
"HiG_8"	0	"Peg3"	369	"HiG"
"HiG_8"	0	"Epop"	369	"HiG"
"HiG_8"	544	"H2afx"	102	"HiG"
"HiG_8"	83	"Mapk3"	205	"HiG"
"HiG_8"	1458	"Pdia6"	48	"HiG"
"HiG_8"	184	"Aplnr"	177	"HiG"
"HiG_8"	149	"Sptssa"	191	"HiG"
"HiG_8"	271	"Basp1"	154	"HiG"
"HiG_8"	0	"Zfp207"	369	"HiG"
"HiG_8"	4064	"Fn1"	21	"HiG"
"HiG_8"	0	"Fbln1"	369	"HiG"
"HiG_8"	108	"Xbp1"	199	"HiG"
"HiG_8"	0	"Osr1"	369	"HiG"
"HiG_8"	53	"Marcksl1"	219	"HiG"
"HiG_8"	0	"Prtg"	369	"HiG"
"HiG_8"	0	"Ly6e"	369	"HiG"
"HiG_8"	0	"Ctxn1"	369	"HiG"
"HiG_8"	0	"Bri3"	369	"HiG"
"HiG_8"	210	"Cd24a"	176	"HiG"
"HiG_8"	0	"Shisa2"	369	"HiG"
"HiG_8"	1	"Vamp8"	287.5	"HiG"
"HiG_8"	55	"Rbp1"	217	"HiG"
"HiG_8"	517	"Bex1"	104	"HiG"
"HiG_8"	15	"Ier2"	244	"HiG"
"HiG_8"	2	"H1fx"	277	"HiG"
"HiG_8"	1847	"Hmgn1"	37	"HiG"
"HiG_8"	46	"Mtap"	221.5	"HiG"
"HiG_8"	36	"Slbp"	226	"HiG"
"HiG_8"	0	"Rcor2"	369	"HiG"
"HiG_8"	0	"Mogat2"	369	"HiG"
"HiG_8"	429	"Gpc3"	136	"HiG"
"HiG_8"	38	"Phgdh"	224.5	"HiG"
"HiG_8"	0	"Tmem9"	369	"HiG"
"HiG_8"	409	"Hmgb2"	139	"HiG"
"HiG_8"	39	"Khdrbs1"	223	"HiG"
"HiG_8"	227	"Wls"	164	"HiG"
"HiG_8"	0	"Map1b"	369	"HiG"
"HiG_8"	7	"Pfn2"	256	"HiG"
"HiG_8"	661	"Npm3"	85.5	"HiG"
"HiG_8"	440	"Rras2"	123	"HiG"
"HiG_8"	172	"Ywhae"	180	"HiG"
"HiG_8"	0	"Ifitm2"	369	"HiG"
"HiG_8"	0	"Prdx6"	369	"HiG"
"HiG_8"	0	"Mfap2"	369	"HiG"
"HiG_8"	18	"Rrs1"	239.5	"HiG"
"HiG_8"	5606	"Ccnb1"	12	"HiG"
"HiG_8"	2	"Pgrmc1"	277	"HiG"
"HiG_8"	1296	"Hspe1"	52	"HiG"
"HiG_8"	250	"Nectin2"	160	"HiG"
"HiG_8"	11645	"Npm1"	2	"HiG"
"HiG_8"	56	"Tspan7"	215	"HiG"
"HiG_8"	0	"Pdia4"	369	"HiG"
"HiG_8"	2186	"Tuba1b"	36	"HiG"
"HiG_8"	165	"Cfl2"	183	"HiG"
"HiG_8"	430	"C1qbp"	134	"HiG"
"HiG_8"	26	"Sox11"	234.5	"HiG"
"HiG_8"	0	"Nmral1"	369	"HiG"
"HiG_8"	313	"Birc5"	149	"HiG"
"HiG_8"	145	"Impdh2"	192	"HiG"
"HiG_8"	180	"Ezh2"	178	"HiG"
"HiG_8"	0	"Dut"	369	"HiG"
"HiG_8"	1295	"mt-Nd4"	53	"HiG"
"HiG_8"	1797	"mt-Cytb"	39	"HiG"
"HiG_8"	1030	"Gpx3"	67	"HiG"
"HiG_8"	0	"Fgfr1"	369	"HiG"
"HiG_8"	0	"Anp32a"	369	"HiG"
"HiG_8"	1070	"Hmgb1"	65	"HiG"
"HiG_8"	305	"Lefty2"	151	"HiG"
"HiG_8"	0	"Fxyd6"	369	"HiG"
"HiG_8"	1293	"Lyar"	54	"HiG"
"HiG_8"	1	"Tspan6"	287.5	"HiG"
"HiG_8"	1164	"Nnat"	58	"HiG"
"HiG_8"	467	"Mat2a"	111	"HiG"
"HiG_8"	0	"Mmp14"	369	"HiG"
"HiG_8"	29	"Marcks"	231.5	"HiG"
"HiG_8"	613	"Irx3"	95	"HiG"
"HiG_8"	162	"Grb10"	186	"HiG"
"HiG_8"	8	"Fzd2"	254	"HiG"
"HiG_8"	357	"Cbx1"	145	"HiG"
"HiG_8"	47	"Ccnd1"	220	"HiG"
"HiG_8"	3162	"Hsp90aa1"	26	"HiG"
"HiG_8"	218	"Id1"	168.5	"HiG"
"HiG_8"	0	"Gm1673"	369	"HiG"
"HiG_8"	0	"Jund"	369	"HiG"
"HiG_8"	434	"Mtch1"	132	"HiG"
"HiG_8"	1	"Pigx"	287.5	"HiG"
"HiG_8"	3632	"Tuba1a"	23	"HiG"
"HiG_8"	257	"Gpx4"	157	"HiG"
"HiG_8"	0	"Rragd"	369	"HiG"
"HiG_8"	3	"Snrpn"	269	"HiG"
"HiG_8"	2	"Zcchc3"	277	"HiG"
"HiG_8"	0	"Atxn7l3b"	369	"HiG"
"HiG_8"	0	"Hoxb2"	369	"HiG"
"HiG_8"	614	"Ptn"	94	"HiG"
"HiG_8"	3	"Car4"	269	"HiG"
"HiG_8"	340	"Nop56"	146	"HiG"
"HiG_8"	331	"Mrto4"	147	"HiG"
"HiG_8"	261	"Hdac1"	156	"HiG"
"HiG_8"	597	"Rbbp4"	98	"HiG"
"HiG_8"	4	"Selenoh"	265	"HiG"
"HiG_8"	0	"Cdca7"	369	"HiG"
"HiG_8"	430	"Rtn4"	134	"HiG"
"HiG_8"	1270	"Set"	56	"HiG"
"HiG_8"	0	"Mdh1"	369	"HiG"
"HiG_8"	891	"Rpl7a"	73	"HiG"
"HiG_8"	4242	"Myl7"	20	"HiG"
"HiG_8"	1	"Anp32b"	287.5	"HiG"
"HiG_8"	0	"Sox4"	369	"HiG"
"HiG_8"	163	"Tcf3"	185	"HiG"
"HiG_8"	400	"Col18a1"	141	"HiG"
"HiG_8"	877	"Ifitm1"	76	"HiG"
"HiG_8"	661	"Bnip3"	85.5	"HiG"
"HiG_8"	4416	"H3f3b"	18	"HiG"
"HiG_8"	1610	"Myl4"	43	"HiG"
"HiG_8"	0	"Gjc1"	369	"HiG"
"HiG_8"	3023	"Jun"	28	"HiG"
"HiG_8"	0	"Hdgfrp3"	369	"HiG"
"HiG_8"	1095	"Idh2"	62	"HiG"
"HiG_8"	225	"Tead2"	165	"HiG"
"HiG_8"	430	"Tomm5"	134	"HiG"
"HiG_8"	469	"Prmt1"	109.5	"HiG"
"HiG_8"	653	"Tpm2"	89	"HiG"
"HiG_8"	135	"Ccne1"	194	"HiG"
"HiG_8"	0	"Tnfaip1"	369	"HiG"
"HiG_8"	0	"Rab34"	369	"HiG"
"HiG_8"	0	"Eno3"	369	"HiG"
"HiG_8"	0	"Tsen34"	369	"HiG"
"HiG_8"	1382	"Trp53"	49	"HiG"
"HiG_8"	2	"Top1"	277	"HiG"
"HiG_8"	0	"Nsun2"	369	"HiG"
"HiG_8"	1819	"Prdx2"	38	"HiG"
"HiG_8"	213	"H2afv"	173.5	"HiG"
"HiG_8"	0	"Mpped2"	369	"HiG"
"HiG_8"	657	"Ran"	87.5	"HiG"
"HiG_8"	0	"Mpzl1"	369	"HiG"
"HiG_8"	21	"H19"	237	"HiG"
"HiG_8"	5	"Hnrnpa3"	261.5	"HiG"
"HiG_8"	6	"Selenok"	258	"HiG"
"HiG_8"	730	"Sms"	82	"HiG"
"HiG_8"	1	"Foxp1"	287.5	"HiG"
"HiG_8"	7847	"Tpm1"	8	"HiG"
"HiG_8"	2	"Pja1"	277	"HiG"
"HiG_8"	0	"Brd3"	369	"HiG"
"HiG_8"	4	"Rcn2"	265	"HiG"
"HiG_8"	33	"Hmgb3"	228.5	"HiG"
"HiG_8"	18	"Rbmx"	239.5	"HiG"
"HiG_8"	378	"Fstl1"	144	"HiG"
"HiG_8"	0	"Fhl1"	369	"HiG"
"HiG_8"	1	"Cald1"	287.5	"HiG"
"HiG_8"	0	"Mphosph8"	369	"HiG"
"HiG_8"	10	"Bex4"	250	"HiG"
"HiG_8"	0	"Fam213a"	369	"HiG"
"HiG_8"	0	"Cox17"	369	"HiG"
"HiG_8"	56	"Rsl1d1"	215	"HiG"
"HiG_8"	14	"Srsf11"	245	"HiG"
"HiG_8"	0	"Lmo4"	369	"HiG"
"HiG_8"	1366	"Igf2"	50	"HiG"
"HiG_8"	307	"Prdx1"	150	"HiG"
"HiG_8"	1066	"Ubc"	66	"HiG"
"HiG_8"	976	"Pa2g4"	68	"HiG"
"HiG_8"	5	"Dbi"	261.5	"HiG"
"HiG_8"	662	"Mest"	84	"HiG"
"HiG_8"	26	"Afdn"	234.5	"HiG"
"HiG_8"	8	"Hnrnpdl"	254	"HiG"
"HiG_8"	603	"Tnni1"	97	"HiG"
"HiG_8"	469	"Hmga2"	109.5	"HiG"
"HiG_8"	0	"Cadm1"	369	"HiG"
"HiG_8"	0	"Hmgn3"	369	"HiG"
"HiG_8"	223	"Arl4c"	166	"HiG"
"HiG_8"	119	"H3f3a"	195	"HiG"
"HiG_8"	444	"Manf"	116	"HiG"
"HiG_8"	1557	"Tra2b"	45	"HiG"
"HiG_8"	605	"Slc16a3"	96	"HiG"
"HiG_8"	0	"Acvr2b"	369	"HiG"
"HiG_8"	18	"Mcm5"	239.5	"HiG"
"HiG_8"	5248	"Eif4a1"	13	"HiG"
"HiG_8"	2	"Armcx2"	277	"HiG"
"HiG_8"	0	"Anp32e"	369	"HiG"
"HiG_8"	461	"Odc1"	112	"HiG"
"HiG_8"	11943	"Cdkn1c"	1	"HiG"
"HiG_8"	0	"Alx1"	369	"HiG"
"HiG_8"	92	"Tceal8"	202	"HiG"
"HiG_8"	506	"Dnaja1"	107.5	"HiG"
"HiG_8"	24	"Cenpf"	236	"HiG"
"HiG_8"	0	"Arid3b"	369	"HiG"
"HiG_8"	0	"Krcc1"	369	"HiG"
"HiG_8"	0	"Luzp1"	369	"HiG"
"HiG_8"	4961	"Tpi1"	14	"HiG"
"HiG_8"	0	"Tgif1"	369	"HiG"
"HiG_8"	440	"Rbms1"	123	"HiG"
"HiG_8"	137	"Atxn10"	193	"HiG"
"HiG_8"	0	"Phlda1"	369	"HiG"
"HiG_8"	8830	"Apoe"	4	"HiG"
"HiG_8"	13	"Cct4"	246.5	"HiG"
"HiG_8"	171	"Pbx1"	181	"HiG"
"HiG_8"	0	"Gyg"	369	"HiG"
"HiG_8"	0	"Oaz2"	369	"HiG"
"HiG_8"	897	"Bex3"	72	"HiG"
"HiG_8"	150	"Foxf1"	189.5	"HiG"
"HiG_8"	743	"Meis1"	80	"HiG"
"HiG_8"	2380	"Nop58"	33	"HiG"
"HiG_8"	118	"Tgfb2"	196	"HiG"
"HiG_8"	0	"Stard3nl"	369	"HiG"
"HiG_8"	1665	"Mef2c"	41	"HiG"
"HiG_8"	1	"Fam60a"	287.5	"HiG"
"HiG_8"	438	"Homer2"	130.5	"HiG"
"HiG_8"	0	"Ruvbl2"	369	"HiG"
"HiG_8"	6419	"Ldha"	11	"HiG"
"HiG_8"	1075	"Rps12"	64	"HiG"
"HiG_8"	46	"Cited2"	221.5	"HiG"
"HiG_8"	0	"Gja1"	369	"HiG"
"HiG_8"	934	"Id2"	71	"HiG"
"HiG_8"	230	"Ctsl"	163	"HiG"
"HiG_8"	577	"Gtpbp4"	100	"HiG"
"HiG_8"	440	"Gdi2"	123	"HiG"
"HiG_8"	0	"Ttc3"	369	"HiG"
"HiG_8"	1	"Txnl1"	287.5	"HiG"
"HiG_8"	0	"Paip2"	369	"HiG"
"HiG_8"	3	"Fth1"	269	"HiG"
"HiG_8"	0	"6330403K07Rik"	369	"HiG"
"HiG_8"	0	"1810058I24Rik"	369	"HiG"
"HiGCTS_7"	0	"Plin2"	12.5	"HiGCTS"
"HiGCTS_7"	0	"Tspan32"	12.5	"HiGCTS"
"HiGCTS_7"	16	"Hba-x"	1.5	"HiGCTS"
"HiGCTS_7"	0	"Arhgdib"	12.5	"HiGCTS"
"HiGCTS_7"	0	"Rgs10"	12.5	"HiGCTS"
"HiGCTS_7"	9	"F10"	4.5	"HiGCTS"
"HiGCTS_7"	5	"Blvrb"	6	"HiGCTS"
"HiGCTS_7"	0	"Cpox"	12.5	"HiGCTS"
"HiGCTS_7"	0	"F2r"	12.5	"HiGCTS"
"HiGCTS_7"	3	"Klf1"	7	"HiGCTS"
"HiGCTS_7"	16	"Hbb-bh1"	1.5	"HiGCTS"
"HiGCTS_7"	0	"Ydjc"	12.5	"HiGCTS"
"HiGCTS_7"	0	"Hba-a2"	12.5	"HiGCTS"
"HiGCTS_7"	11	"Hba-a1"	3	"HiGCTS"
"HiGCTS_7"	9	"Cbfa2t3"	4.5	"HiGCTS"
"HiGCTS_7"	0	"Ptp4a3"	12.5	"HiGCTS"
"HiGCTS_7"	0	"Chchd10"	12.5	"HiGCTS"
"HiGCTS_11"	0	"Fhl2"	15	"HiGCTS"
"HiGCTS_11"	0	"P4ha2"	15	"HiGCTS"
"HiGCTS_11"	0	"Perp"	15	"HiGCTS"
"HiGCTS_11"	0	"Pmm1"	15	"HiGCTS"
"HiGCTS_11"	36	"Maged2"	3	"HiGCTS"
"HiGCTS_11"	0	"Vcam1"	15	"HiGCTS"
"HiGCTS_11"	51	"Pcolce"	1	"HiGCTS"
"HiGCTS_11"	23	"Sfrp1"	6	"HiGCTS"
"HiGCTS_11"	32	"Asb4"	4	"HiGCTS"
"HiGCTS_11"	0	"Mgarp"	15	"HiGCTS"
"HiGCTS_11"	0	"Shisa4"	15	"HiGCTS"
"HiGCTS_11"	0	"Pon2"	15	"HiGCTS"
"HiGCTS_11"	40	"Efemp2"	2	"HiGCTS"
"HiGCTS_11"	0	"Cthrc1"	15	"HiGCTS"
"HiGCTS_11"	0	"Aard"	15	"HiGCTS"
"HiGCTS_11"	0	"Ccdc80"	15	"HiGCTS"
"HiGCTS_11"	0	"Cox4i2"	15	"HiGCTS"
"HiGCTS_11"	0	"Nxf7"	15	"HiGCTS"
"HiGCTS_11"	0	"Mbnl3"	15	"HiGCTS"
"HiGCTS_11"	0	"Sgce"	15	"HiGCTS"
"HiGCTS_11"	0	"Spats2l"	15	"HiGCTS"
"HiGCTS_11"	0	"Rhox5"	15	"HiGCTS"
"HiGCTS_11"	30	"Twist2"	5	"HiGCTS"
"HiGCTS_15"	102	"Icam2"	6	"HiGCTS"
"HiGCTS_15"	0	"N4bp3"	30.5	"HiGCTS"
"HiGCTS_15"	0	"Rnd2"	30.5	"HiGCTS"
"HiGCTS_15"	0	"Jup"	30.5	"HiGCTS"
"HiGCTS_15"	0	"Slc9a3r2"	30.5	"HiGCTS"
"HiGCTS_15"	0	"Grap"	30.5	"HiGCTS"
"HiGCTS_15"	0	"Oit3"	30.5	"HiGCTS"
"HiGCTS_15"	140	"Fxyd5"	5	"HiGCTS"
"HiGCTS_15"	237	"Cd34"	1	"HiGCTS"
"HiGCTS_15"	0	"Mfng"	30.5	"HiGCTS"
"HiGCTS_15"	38	"Ptpn18"	10	"HiGCTS"
"HiGCTS_15"	0	"Fam107b"	30.5	"HiGCTS"
"HiGCTS_15"	0	"Tal1"	30.5	"HiGCTS"
"HiGCTS_15"	187	"Gng11"	2	"HiGCTS"
"HiGCTS_15"	0	"Rgs10"	30.5	"HiGCTS"
"HiGCTS_15"	56	"Gata1"	8	"HiGCTS"
"HiGCTS_15"	62	"Cdh5"	7	"HiGCTS"
"HiGCTS_15"	0	"Tie1"	30.5	"HiGCTS"
"HiGCTS_15"	0	"Npl"	30.5	"HiGCTS"
"HiGCTS_15"	0	"Atp13a2"	30.5	"HiGCTS"
"HiGCTS_15"	158	"Cldn5"	3	"HiGCTS"
"HiGCTS_15"	19	"Gpsm3"	13	"HiGCTS"
"HiGCTS_15"	23	"Gngt2"	12	"HiGCTS"
"HiGCTS_15"	0	"Vat1"	30.5	"HiGCTS"
"HiGCTS_15"	0	"Orai3"	30.5	"HiGCTS"
"HiGCTS_15"	2	"Gimap5"	16	"HiGCTS"
"HiGCTS_15"	0	"Rhoj"	30.5	"HiGCTS"
"HiGCTS_15"	9	"Abi3"	15	"HiGCTS"
"HiGCTS_15"	43	"Gimap1"	9	"HiGCTS"
"HiGCTS_15"	0	"Smagp"	30.5	"HiGCTS"
"HiGCTS_15"	0	"Alox5ap"	30.5	"HiGCTS"
"HiGCTS_15"	0	"Sipa1"	30.5	"HiGCTS"
"HiGCTS_15"	0	"Scarb1"	30.5	"HiGCTS"
"HiGCTS_15"	14	"Cited4"	14	"HiGCTS"
"HiGCTS_15"	0	"Vamp5"	30.5	"HiGCTS"
"HiGCTS_15"	30	"Igf1"	11	"HiGCTS"
"HiGCTS_15"	150	"Gmfg"	4	"HiGCTS"
"HiGCTS_15"	0	"Rab27b"	30.5	"HiGCTS"
"HiGCTS_15"	0	"Cd59a"	30.5	"HiGCTS"
"HiGCTS_15"	0	"Rnf141"	30.5	"HiGCTS"
"HiGCTS_15"	0	"Adgrg1"	30.5	"HiGCTS"
"HiGCTS_15"	0	"Smim1"	30.5	"HiGCTS"
"HiGCTS_15"	0	"Ppp1r18"	30.5	"HiGCTS"
"HiGCTS_15"	0	"Cebpd"	30.5	"HiGCTS"
"HiGCTS_16"	9	"Col1a1"	1	"HiGCTS"
"HiGCTS_16"	0	"Fkbp10"	10.5	"HiGCTS"
"HiGCTS_16"	0	"Krt19"	10.5	"HiGCTS"
"HiGCTS_16"	0	"Serpinb6a"	10.5	"HiGCTS"
"HiGCTS_16"	0	"Sdc2"	10.5	"HiGCTS"
"HiGCTS_16"	1	"Igf2r"	3	"HiGCTS"
"HiGCTS_16"	0	"Mxra8"	10.5	"HiGCTS"
"HiGCTS_16"	0	"Me1"	10.5	"HiGCTS"
"HiGCTS_16"	0	"Hoxb7"	10.5	"HiGCTS"
"HiGCTS_16"	0	"Akr1b8"	10.5	"HiGCTS"
"HiGCTS_16"	0	"Colec11"	10.5	"HiGCTS"
"HiGCTS_16"	0	"Tubb2a"	10.5	"HiGCTS"
"HiGCTS_16"	0	"Pon2"	10.5	"HiGCTS"
"HiGCTS_16"	5	"Col5a2"	2	"HiGCTS"
"HiGCTS_16"	0	"Nup62cl"	10.5	"HiGCTS"
"HiGCTS_16"	0	"Mbnl3"	10.5	"HiGCTS"
"HiGCTS_16"	0	"Plagl1"	10.5	"HiGCTS"
"HiGCTS_16.1"	0	"Bcam"	25.5	"HiGCTS"
"HiGCTS_16.1"	116	"Wisp1"	2	"HiGCTS"
"HiGCTS_16.1"	24	"Wnt6"	10.5	"HiGCTS"
"HiGCTS_16.1"	0	"Steap1"	25.5	"HiGCTS"
"HiGCTS_16.1"	0	"Pitx1"	25.5	"HiGCTS"
"HiGCTS_16.1"	42	"Smoc2"	8	"HiGCTS"
"HiGCTS_16.1"	66	"Bmp2"	5	"HiGCTS"
"HiGCTS_16.1"	80	"Pdpn"	4	"HiGCTS"
"HiGCTS_16.1"	24	"Anxa3"	10.5	"HiGCTS"
"HiGCTS_16.1"	0	"Dkk3"	25.5	"HiGCTS"
"HiGCTS_16.1"	82	"Gas6"	3	"HiGCTS"
"HiGCTS_16.1"	0	"Hspb8"	25.5	"HiGCTS"
"HiGCTS_16.1"	0	"Vnn1"	25.5	"HiGCTS"
"HiGCTS_16.1"	0	"Stard8"	25.5	"HiGCTS"
"HiGCTS_16.1"	2	"Pard6b"	13	"HiGCTS"
"HiGCTS_16.1"	0	"Lipa"	25.5	"HiGCTS"
"HiGCTS_16.1"	0	"S1pr2"	25.5	"HiGCTS"
"HiGCTS_16.1"	46	"Sdpr"	7	"HiGCTS"
"HiGCTS_16.1"	0	"Lrrn4"	25.5	"HiGCTS"
"HiGCTS_16.1"	0	"Tead1"	25.5	"HiGCTS"
"HiGCTS_16.1"	52	"Ezr"	6	"HiGCTS"
"HiGCTS_16.1"	0	"P3h4"	25.5	"HiGCTS"
"HiGCTS_16.1"	193	"Postn"	1	"HiGCTS"
"HiGCTS_16.1"	0	"Emp2"	25.5	"HiGCTS"
"HiGCTS_16.1"	24	"Prnp"	10.5	"HiGCTS"
"HiGCTS_16.1"	0	"Ece1"	25.5	"HiGCTS"
"HiGCTS_16.1"	0	"Cobll1"	25.5	"HiGCTS"
"HiGCTS_16.1"	24	"Tinagl1"	10.5	"HiGCTS"
"HiGCTS_16.1"	0	"Vwc2"	25.5	"HiGCTS"
"HiGCTS_16.1"	0	"Flrt3"	25.5	"HiGCTS"
"HiGCTS_16.1"	0	"Tspan9"	25.5	"HiGCTS"
"HiGCTS_16.1"	0	"Kalrn"	25.5	"HiGCTS"
"HiGCTS_16.1"	0	"Pdlim2"	25.5	"HiGCTS"
"HiGCTS_16.1"	0	"Tgfb1i1"	25.5	"HiGCTS"
"HiGCTS_16.1"	0	"Spats2l"	25.5	"HiGCTS"
"HiGCTS_16.1"	1	"Tac2"	14	"HiGCTS"
"HiGCTS_13"	29	"Icam2"	1	"HiGCTS"
"HiGCTS_13"	0	"Grap"	10	"HiGCTS"
"HiGCTS_13"	0	"Elk3"	10	"HiGCTS"
"HiGCTS_13"	0	"Upp1"	10	"HiGCTS"
"HiGCTS_13"	0	"Dusp2"	10	"HiGCTS"
"HiGCTS_13"	10	"Tal1"	2	"HiGCTS"
"HiGCTS_13"	0	"Plvap"	10	"HiGCTS"
"HiGCTS_13"	0	"Lyl1"	10	"HiGCTS"
"HiGCTS_13"	0	"Gngt2"	10	"HiGCTS"
"HiGCTS_13"	0	"Gcc2"	10	"HiGCTS"
"HiGCTS_13"	0	"Rhoj"	10	"HiGCTS"
"HiGCTS_13"	9	"Rasip1"	3	"HiGCTS"
"HiGCTS_13"	6	"Etv2"	4	"HiGCTS"
"HiGCTS_13"	0	"Cd59a"	10	"HiGCTS"
"HiGCTS_13"	0	"Exoc3l4"	10	"HiGCTS"
"HiGCTS_8"	12	"Fgf8"	2	"HiGCTS"
"HiGCTS_8"	0	"Irx5"	8.5	"HiGCTS"
"HiGCTS_8"	7	"Igfbpl1"	3	"HiGCTS"
"HiGCTS_8"	13	"Isl1"	1	"HiGCTS"
"HiGCTS_8"	0	"Osr1"	8.5	"HiGCTS"
"HiGCTS_8"	0	"Npm3"	8.5	"HiGCTS"
"HiGCTS_8"	0	"Tspan7"	8.5	"HiGCTS"
"HiGCTS_8"	3	"Irx3"	4	"HiGCTS"
"HiGCTS_8"	0	"Tpm2"	8.5	"HiGCTS"
"HiGCTS_8"	0	"Mpped2"	8.5	"HiGCTS"
"HiGCTS_8"	0	"Fam213a"	8.5	"HiGCTS"
"HiGCTS_8"	0	"Alx1"	8.5	"HiGCTS"
"CTS_7"	0	"Plin2"	22.5	"CTS"
"CTS_7"	130	"Spi1"	1	"CTS"
"CTS_7"	0	"Tspan32"	22.5	"CTS"
"CTS_7"	65	"Gata2"	3	"CTS"
"CTS_7"	0	"Hba-x"	22.5	"CTS"
"CTS_7"	0	"Tgfbr3"	22.5	"CTS"
"CTS_7"	0	"Arhgdib"	22.5	"CTS"
"CTS_7"	0	"Rgs10"	22.5	"CTS"
"CTS_7"	40	"Was"	4	"CTS"
"CTS_7"	0	"Irak1"	22.5	"CTS"
"CTS_7"	0	"F10"	22.5	"CTS"
"CTS_7"	9	"Blvrb"	12	"CTS"
"CTS_7"	1	"Ptpn7"	13	"CTS"
"CTS_7"	0	"Cpox"	22.5	"CTS"
"CTS_7"	0	"Gchfr"	22.5	"CTS"
"CTS_7"	21	"F2r"	8.5	"CTS"
"CTS_7"	66	"Klf1"	2	"CTS"
"CTS_7"	29	"Hbb-bh1"	6	"CTS"
"CTS_7"	21	"Cebpb"	8.5	"CTS"
"CTS_7"	0	"Ydjc"	22.5	"CTS"
"CTS_7"	0	"Hba-a2"	22.5	"CTS"
"CTS_7"	16	"Hba-a1"	11	"CTS"
"CTS_7"	0	"Ankrd13a"	22.5	"CTS"
"CTS_7"	0	"Ahi1"	22.5	"CTS"
"CTS_7"	24	"Gmfg"	7	"CTS"
"CTS_7"	0	"Tnnt1"	22.5	"CTS"
"CTS_7"	36	"Samsn1"	5	"CTS"
"CTS_7"	19	"Cbfa2t3"	10	"CTS"
"CTS_7"	0	"Ptp4a3"	22.5	"CTS"
"CTS_7"	0	"Cd59a"	22.5	"CTS"
"CTS_7"	0	"Chchd10"	22.5	"CTS"
"CTS_11"	25	"Efna2"	12.5	"CTS"
"CTS_11"	2	"Fhl2"	16	"CTS"
"CTS_11"	42	"P4ha2"	10	"CTS"
"CTS_11"	1	"Perp"	17	"CTS"
"CTS_11"	25	"Ikbip"	12.5	"CTS"
"CTS_11"	0	"Sgpp1"	34.5	"CTS"
"CTS_11"	0	"Dhrs7"	34.5	"CTS"
"CTS_11"	0	"Prkch"	34.5	"CTS"
"CTS_11"	0	"Pmm1"	34.5	"CTS"
"CTS_11"	0	"Ifngr2"	34.5	"CTS"
"CTS_11"	0	"Msrb2"	34.5	"CTS"
"CTS_11"	88	"Maged2"	5	"CTS"
"CTS_11"	21	"Vcam1"	15	"CTS"
"CTS_11"	47	"Lmna"	9	"CTS"
"CTS_11"	0	"Bcar3"	34.5	"CTS"
"CTS_11"	0	"Fam114a1"	34.5	"CTS"
"CTS_11"	213	"Pcolce"	1	"CTS"
"CTS_11"	0	"Pir"	34.5	"CTS"
"CTS_11"	0	"Sfrp1"	34.5	"CTS"
"CTS_11"	0	"Akr1b8"	34.5	"CTS"
"CTS_11"	71	"Asb4"	6	"CTS"
"CTS_11"	0	"Mgarp"	34.5	"CTS"
"CTS_11"	0	"Mgat4b"	34.5	"CTS"
"CTS_11"	0	"Abhd4"	34.5	"CTS"
"CTS_11"	0	"Shisa4"	34.5	"CTS"
"CTS_11"	0	"Baiap2l1"	34.5	"CTS"
"CTS_11"	0	"1810011O10Rik"	34.5	"CTS"
"CTS_11"	0	"Kcns3"	34.5	"CTS"
"CTS_11"	0	"Pon2"	34.5	"CTS"
"CTS_11"	0	"Nrk"	34.5	"CTS"
"CTS_11"	143	"Efemp2"	2	"CTS"
"CTS_11"	0	"Fam122b"	34.5	"CTS"
"CTS_11"	69	"Cthrc1"	7	"CTS"
"CTS_11"	0	"Lima1"	34.5	"CTS"
"CTS_11"	0	"Emp2"	34.5	"CTS"
"CTS_11"	48	"mt-Nd6"	8	"CTS"
"CTS_11"	0	"Aard"	34.5	"CTS"
"CTS_11"	0	"Ccdc80"	34.5	"CTS"
"CTS_11"	110	"Fbn1"	3	"CTS"
"CTS_11"	0	"Tmod1"	34.5	"CTS"
"CTS_11"	25	"Cox4i2"	12.5	"CTS"
"CTS_11"	0	"Nxf7"	34.5	"CTS"
"CTS_11"	0	"Mbnl3"	34.5	"CTS"
"CTS_11"	0	"Kalrn"	34.5	"CTS"
"CTS_11"	0	"Sgce"	34.5	"CTS"
"CTS_11"	96	"Fgfr2"	4	"CTS"
"CTS_11"	0	"Snx24"	34.5	"CTS"
"CTS_11"	0	"Spats2l"	34.5	"CTS"
"CTS_11"	25	"Fgfr3"	12.5	"CTS"
"CTS_11"	0	"Rhox5"	34.5	"CTS"
"CTS_11"	0	"Twist2"	34.5	"CTS"
"CTS_15"	0	"Cav2"	49	"CTS"
"CTS_15"	0	"Grasp"	49	"CTS"
"CTS_15"	241	"Icam2"	9	"CTS"
"CTS_15"	0	"N4bp3"	49	"CTS"
"CTS_15"	1	"Rnd2"	30.5	"CTS"
"CTS_15"	0	"Jup"	49	"CTS"
"CTS_15"	56	"Slc9a3r2"	22	"CTS"
"CTS_15"	0	"Grap"	49	"CTS"
"CTS_15"	0	"Epor"	49	"CTS"
"CTS_15"	0	"Oit3"	49	"CTS"
"CTS_15"	347	"Fxyd5"	6	"CTS"
"CTS_15"	57	"Plxnd1"	21	"CTS"
"CTS_15"	797	"Cd34"	1	"CTS"
"CTS_15"	0	"Mfng"	49	"CTS"
"CTS_15"	67	"Ptpn18"	13	"CTS"
"CTS_15"	0	"Fam107b"	49	"CTS"
"CTS_15"	0	"Tal1"	49	"CTS"
"CTS_15"	58	"Cd38"	17.5	"CTS"
"CTS_15"	431	"Gng11"	4	"CTS"
"CTS_15"	0	"Rgs10"	49	"CTS"
"CTS_15"	0	"Hbb-y"	49	"CTS"
"CTS_15"	553	"Gata1"	2	"CTS"
"CTS_15"	0	"F10"	49	"CTS"
"CTS_15"	283	"Cdh5"	7	"CTS"
"CTS_15"	0	"Arap3"	49	"CTS"
"CTS_15"	0	"Vav3"	49	"CTS"
"CTS_15"	0	"Tie1"	49	"CTS"
"CTS_15"	0	"Npl"	49	"CTS"
"CTS_15"	0	"Fam171a2"	49	"CTS"
"CTS_15"	58	"Atp13a2"	17.5	"CTS"
"CTS_15"	545	"Cldn5"	3	"CTS"
"CTS_15"	1	"Gpsm3"	30.5	"CTS"
"CTS_15"	43	"Nrtn"	23	"CTS"
"CTS_15"	32	"Gngt2"	24	"CTS"
"CTS_15"	0	"Vat1"	49	"CTS"
"CTS_15"	0	"Orai3"	49	"CTS"
"CTS_15"	0	"Slc16a13"	49	"CTS"
"CTS_15"	2	"Gimap5"	29	"CTS"
"CTS_15"	0	"Rhoj"	49	"CTS"
"CTS_15"	11	"Abi3"	26	"CTS"
"CTS_15"	73	"Gimap1"	12	"CTS"
"CTS_15"	7	"Smagp"	28	"CTS"
"CTS_15"	0	"Plpp2"	49	"CTS"
"CTS_15"	0	"Alox5ap"	49	"CTS"
"CTS_15"	0	"Sipa1"	49	"CTS"
"CTS_15"	58	"Scarb1"	17.5	"CTS"
"CTS_15"	58	"Nes"	17.5	"CTS"
"CTS_15"	60	"Cited4"	14	"CTS"
"CTS_15"	0	"Vamp5"	49	"CTS"
"CTS_15"	99	"Igf1"	11	"CTS"
"CTS_15"	0	"Sept1"	49	"CTS"
"CTS_15"	370	"Gmfg"	5	"CTS"
"CTS_15"	0	"Gem"	49	"CTS"
"CTS_15"	24	"Adgrf5"	25	"CTS"
"CTS_15"	58	"Capg"	17.5	"CTS"
"CTS_15"	251	"Snca"	8	"CTS"
"CTS_15"	0	"Rab27b"	49	"CTS"
"CTS_15"	0	"Nfe2"	49	"CTS"
"CTS_15"	0	"Cd59a"	49	"CTS"
"CTS_15"	58	"Rnf141"	17.5	"CTS"
"CTS_15"	0	"Adgrg1"	49	"CTS"
"CTS_15"	0	"Smim1"	49	"CTS"
"CTS_15"	0	"Tmem163"	49	"CTS"
"CTS_15"	8	"Ppp1r18"	27	"CTS"
"CTS_15"	0	"Cebpd"	49	"CTS"
"CTS_15"	114	"Fech"	10	"CTS"
"CTS_16"	0	"Scpep1"	27.5	"CTS"
"CTS_16"	0	"Sult5a1"	27.5	"CTS"
"CTS_16"	116	"Col1a1"	4	"CTS"
"CTS_16"	27	"Flot1"	14	"CTS"
"CTS_16"	0	"Fkbp10"	27.5	"CTS"
"CTS_16"	0	"Hoxc5"	27.5	"CTS"
"CTS_16"	0	"Man1a"	27.5	"CTS"
"CTS_16"	254	"Cd44"	1	"CTS"
"CTS_16"	0	"Krt19"	27.5	"CTS"
"CTS_16"	0	"G0s2"	27.5	"CTS"
"CTS_16"	0	"Serpinb6a"	27.5	"CTS"
"CTS_16"	220	"Lama4"	2	"CTS"
"CTS_16"	0	"Sdc2"	27.5	"CTS"
"CTS_16"	0	"Tmem45a"	27.5	"CTS"
"CTS_16"	30	"Rgn"	11	"CTS"
"CTS_16"	30	"Igf2r"	11	"CTS"
"CTS_16"	0	"Zeb1"	27.5	"CTS"
"CTS_16"	0	"Rgs4"	27.5	"CTS"
"CTS_16"	0	"Gatm"	27.5	"CTS"
"CTS_16"	0	"Mxra8"	27.5	"CTS"
"CTS_16"	58	"Me1"	7.5	"CTS"
"CTS_16"	67	"Wnt4"	6	"CTS"
"CTS_16"	30	"Hoxb7"	11	"CTS"
"CTS_16"	0	"Akr1b8"	27.5	"CTS"
"CTS_16"	2	"Rras"	15	"CTS"
"CTS_16"	0	"Prkcdbp"	27.5	"CTS"
"CTS_16"	0	"Colec11"	27.5	"CTS"
"CTS_16"	0	"Tubb2a"	27.5	"CTS"
"CTS_16"	0	"Pon2"	27.5	"CTS"
"CTS_16"	0	"Nrk"	27.5	"CTS"
"CTS_16"	30	"Radil"	11	"CTS"
"CTS_16"	30	"Col5a2"	11	"CTS"
"CTS_16"	156	"Col3a1"	3	"CTS"
"CTS_16"	0	"Mbnl2"	27.5	"CTS"
"CTS_16"	0	"Nup62cl"	27.5	"CTS"
"CTS_16"	58	"Mbnl3"	7.5	"CTS"
"CTS_16"	84	"Plagl1"	5	"CTS"
"CTS_16"	0	"Sulf1"	27.5	"CTS"
"CTS_16"	0	"Cebpd"	27.5	"CTS"
"CTS_16.1"	967	"Rem1"	1	"CTS"
"CTS_16.1"	0	"Gstt1"	62	"CTS"
"CTS_16.1"	0	"Bcam"	62	"CTS"
"CTS_16.1"	204	"Wisp1"	8	"CTS"
"CTS_16.1"	0	"Ndrg1"	62	"CTS"
"CTS_16.1"	7	"Wnt6"	37	"CTS"
"CTS_16.1"	0	"Steap1"	62	"CTS"
"CTS_16.1"	75	"Sept4"	22	"CTS"
"CTS_16.1"	0	"Ifngr1"	62	"CTS"
"CTS_16.1"	0	"Rflnb"	62	"CTS"
"CTS_16.1"	50	"Pitx1"	29.5	"CTS"
"CTS_16.1"	127	"Ednrb"	13	"CTS"
"CTS_16.1"	152	"Itga5"	10	"CTS"
"CTS_16.1"	345	"Runx1"	4	"CTS"
"CTS_16.1"	298	"Smoc2"	5	"CTS"
"CTS_16.1"	105	"Bmp2"	15	"CTS"
"CTS_16.1"	2	"Lmna"	42	"CTS"
"CTS_16.1"	133	"Pdpn"	11	"CTS"
"CTS_16.1"	102	"Prkcz"	16	"CTS"
"CTS_16.1"	0	"Fam69a"	62	"CTS"
"CTS_16.1"	87	"Tgfbr3"	19	"CTS"
"CTS_16.1"	65	"Anxa3"	25.5	"CTS"
"CTS_16.1"	0	"Ltbr"	62	"CTS"
"CTS_16.1"	70	"Dkk3"	23.5	"CTS"
"CTS_16.1"	0	"Stim1"	62	"CTS"
"CTS_16.1"	280	"Gas6"	6	"CTS"
"CTS_16.1"	84	"Col4a2"	20	"CTS"
"CTS_16.1"	2	"Cbln1"	42	"CTS"
"CTS_16.1"	1	"Hspb8"	44	"CTS"
"CTS_16.1"	0	"Vnn1"	62	"CTS"
"CTS_16.1"	65	"Cldn11"	25.5	"CTS"
"CTS_16.1"	0	"Mfhas1"	62	"CTS"
"CTS_16.1"	51	"Stard8"	28	"CTS"
"CTS_16.1"	0	"Gjb5"	62	"CTS"
"CTS_16.1"	0	"Kcnab1"	62	"CTS"
"CTS_16.1"	0	"Tmem37"	62	"CTS"
"CTS_16.1"	0	"Tbx20"	62	"CTS"
"CTS_16.1"	83	"Pard6b"	21	"CTS"
"CTS_16.1"	0	"Lipa"	62	"CTS"
"CTS_16.1"	0	"S1pr2"	62	"CTS"
"CTS_16.1"	50	"Sdpr"	29.5	"CTS"
"CTS_16.1"	29	"Lrrn4"	31	"CTS"
"CTS_16.1"	0	"Crb2"	62	"CTS"
"CTS_16.1"	6	"Cdc42ep2"	38.5	"CTS"
"CTS_16.1"	10	"Tead1"	35.5	"CTS"
"CTS_16.1"	92	"Nog"	18	"CTS"
"CTS_16.1"	0	"Gprc5c"	62	"CTS"
"CTS_16.1"	14	"Upk3b"	34	"CTS"
"CTS_16.1"	461	"Ezr"	2	"CTS"
"CTS_16.1"	0	"P3h4"	62	"CTS"
"CTS_16.1"	126	"Hpcal1"	14	"CTS"
"CTS_16.1"	349	"Postn"	3	"CTS"
"CTS_16.1"	22	"Unc5c"	33	"CTS"
"CTS_16.1"	0	"Ccdc102a"	62	"CTS"
"CTS_16.1"	0	"Emp2"	62	"CTS"
"CTS_16.1"	0	"Lrp2"	62	"CTS"
"CTS_16.1"	26	"Prnp"	32	"CTS"
"CTS_16.1"	0	"Crispld1"	62	"CTS"
"CTS_16.1"	0	"Ramp1"	62	"CTS"
"CTS_16.1"	6	"Ehd2"	38.5	"CTS"
"CTS_16.1"	0	"Ece1"	62	"CTS"
"CTS_16.1"	0	"Chst14"	62	"CTS"
"CTS_16.1"	163	"Itga4"	9	"CTS"
"CTS_16.1"	0	"Cobll1"	62	"CTS"
"CTS_16.1"	58	"Tinagl1"	27	"CTS"
"CTS_16.1"	10	"Notum"	35.5	"CTS"
"CTS_16.1"	0	"Vwc2"	62	"CTS"
"CTS_16.1"	94	"Flrt3"	17	"CTS"
"CTS_16.1"	0	"Tspan9"	62	"CTS"
"CTS_16.1"	0	"Kalrn"	62	"CTS"
"CTS_16.1"	269	"Fgfr2"	7	"CTS"
"CTS_16.1"	0	"Pdlim2"	62	"CTS"
"CTS_16.1"	129	"Adamts9"	12	"CTS"
"CTS_16.1"	4	"Tgfb1i1"	40	"CTS"
"CTS_16.1"	0	"Spats2l"	62	"CTS"
"CTS_16.1"	70	"Fgfr3"	23.5	"CTS"
"CTS_16.1"	2	"Tac2"	42	"CTS"
"CTS_16.1"	0	"Lrrc1"	62	"CTS"
"CTS_16.1"	0	"Myrf"	62	"CTS"
"CTS_13"	0	"Bcl6b"	41	"CTS"
"CTS_13"	214	"Icam2"	3	"CTS"
"CTS_13"	0	"N4bp3"	41	"CTS"
"CTS_13"	0	"Map3k11"	41	"CTS"
"CTS_13"	44	"Grap"	9	"CTS"
"CTS_13"	0	"Nid1"	41	"CTS"
"CTS_13"	0	"Elk3"	41	"CTS"
"CTS_13"	42	"Oit3"	16	"CTS"
"CTS_13"	43	"Plxnd1"	12.5	"CTS"
"CTS_13"	0	"Rhbdf1"	41	"CTS"
"CTS_13"	0	"Upp1"	41	"CTS"
"CTS_13"	43	"Ctla2a"	12.5	"CTS"
"CTS_13"	0	"Ctla2b"	41	"CTS"
"CTS_13"	43	"Ripk3"	12.5	"CTS"
"CTS_13"	0	"Xiap"	41	"CTS"
"CTS_13"	0	"Rgl1"	41	"CTS"
"CTS_13"	0	"Dusp2"	41	"CTS"
"CTS_13"	0	"Mall"	41	"CTS"
"CTS_13"	0	"Adam15"	41	"CTS"
"CTS_13"	0	"Tmem38b"	41	"CTS"
"CTS_13"	10	"Tal1"	18	"CTS"
"CTS_13"	0	"Cd38"	41	"CTS"
"CTS_13"	0	"Was"	41	"CTS"
"CTS_13"	267	"Cdh5"	2	"CTS"
"CTS_13"	3	"Ets1"	19	"CTS"
"CTS_13"	0	"Plvap"	41	"CTS"
"CTS_13"	84	"Tie1"	7	"CTS"
"CTS_13"	0	"Fmo1"	41	"CTS"
"CTS_13"	0	"Egln3"	41	"CTS"
"CTS_13"	0	"Ubash3b"	41	"CTS"
"CTS_13"	46	"Lyl1"	8	"CTS"
"CTS_13"	0	"Gngt2"	41	"CTS"
"CTS_13"	1	"Orai3"	20.5	"CTS"
"CTS_13"	0	"Pxdc1"	41	"CTS"
"CTS_13"	43	"Klhl6"	12.5	"CTS"
"CTS_13"	0	"Gcc2"	41	"CTS"
"CTS_13"	124	"Rhoj"	4	"CTS"
"CTS_13"	0	"Gimap1"	41	"CTS"
"CTS_13"	33	"Rasip1"	17	"CTS"
"CTS_13"	0	"Tmem255a"	41	"CTS"
"CTS_13"	0	"Thsd1"	41	"CTS"
"CTS_13"	0	"Ampd2"	41	"CTS"
"CTS_13"	0	"Cxx1b"	41	"CTS"
"CTS_13"	0	"Myzap"	41	"CTS"
"CTS_13"	1	"Aqp8"	20.5	"CTS"
"CTS_13"	85	"Tek"	6	"CTS"
"CTS_13"	43	"Adora2a"	12.5	"CTS"
"CTS_13"	0	"Fbxo6"	41	"CTS"
"CTS_13"	0	"Rab3b"	41	"CTS"
"CTS_13"	508	"Pecam1"	1	"CTS"
"CTS_13"	0	"Txnip"	41	"CTS"
"CTS_13"	0	"BC028528"	41	"CTS"
"CTS_13"	88	"Etv2"	5	"CTS"
"CTS_13"	0	"Tnnt1"	41	"CTS"
"CTS_13"	0	"Orai1"	41	"CTS"
"CTS_13"	0	"Hspg2"	41	"CTS"
"CTS_13"	43	"Cd59a"	12.5	"CTS"
"CTS_13"	0	"Kcne3"	41	"CTS"
"CTS_13"	0	"Tspan8"	41	"CTS"
"CTS_13"	0	"Exoc3l4"	41	"CTS"
"CTS_8"	232	"Epha2"	3	"CTS"
"CTS_8"	0	"Bmp7"	37.5	"CTS"
"CTS_8"	0	"Gm266"	37.5	"CTS"
"CTS_8"	0	"Dusp14"	37.5	"CTS"
"CTS_8"	0	"Fgf10"	37.5	"CTS"
"CTS_8"	91	"Clu"	7	"CTS"
"CTS_8"	845	"Fgf8"	1	"CTS"
"CTS_8"	0	"Plxna2"	37.5	"CTS"
"CTS_8"	0	"Olfml3"	37.5	"CTS"
"CTS_8"	46	"Epha7"	13.5	"CTS"
"CTS_8"	48	"Nr2f2"	11	"CTS"
"CTS_8"	0	"Vegfc"	37.5	"CTS"
"CTS_8"	0	"Irx5"	37.5	"CTS"
"CTS_8"	37	"Igfbpl1"	18	"CTS"
"CTS_8"	0	"P3h2"	37.5	"CTS"
"CTS_8"	43	"Rhou"	17	"CTS"
"CTS_8"	0	"Batf"	37.5	"CTS"
"CTS_8"	171	"Isl1"	5	"CTS"
"CTS_8"	0	"Scara3"	37.5	"CTS"
"CTS_8"	213	"Osr1"	4	"CTS"
"CTS_8"	0	"Rab11fip1"	37.5	"CTS"
"CTS_8"	0	"B3galnt1"	37.5	"CTS"
"CTS_8"	0	"Camk2n1"	37.5	"CTS"
"CTS_8"	0	"Fam110b"	37.5	"CTS"
"CTS_8"	0	"Rarb"	37.5	"CTS"
"CTS_8"	0	"Npm3"	37.5	"CTS"
"CTS_8"	0	"Dach1"	37.5	"CTS"
"CTS_8"	0	"Elmo1"	37.5	"CTS"
"CTS_8"	0	"Nrg1"	37.5	"CTS"
"CTS_8"	0	"Pdcd4"	37.5	"CTS"
"CTS_8"	1	"Irx2"	19.5	"CTS"
"CTS_8"	46	"Tspan7"	13.5	"CTS"
"CTS_8"	1	"Irx1"	19.5	"CTS"
"CTS_8"	46	"Stox2"	13.5	"CTS"
"CTS_8"	0	"Dab2"	37.5	"CTS"
"CTS_8"	90	"Ncald"	8	"CTS"
"CTS_8"	64	"Nr2f1"	10	"CTS"
"CTS_8"	75	"Irx3"	9	"CTS"
"CTS_8"	0	"Trabd2b"	37.5	"CTS"
"CTS_8"	132	"Tpm2"	6	"CTS"
"CTS_8"	44	"Spry1"	16	"CTS"
"CTS_8"	0	"Chd3"	37.5	"CTS"
"CTS_8"	0	"Tox3"	37.5	"CTS"
"CTS_8"	0	"Mpped2"	37.5	"CTS"
"CTS_8"	0	"Sh3kbp1"	37.5	"CTS"
"CTS_8"	0	"Fam213a"	37.5	"CTS"
"CTS_8"	254	"Fgfr2"	2	"CTS"
"CTS_8"	0	"Robo2"	37.5	"CTS"
"CTS_8"	0	"Six2"	37.5	"CTS"
"CTS_8"	46	"Cdk6"	13.5	"CTS"
"CTS_8"	0	"Alx1"	37.5	"CTS"
"CTS_8"	0	"Apela"	37.5	"CTS"
"CTS_8"	0	"Ptpre"	37.5	"CTS"
"CTS_8"	0	"Tbx1"	37.5	"CTS"
