"signature"	"BetweennessCentrality"	"gene"	"rank_by_BC"	"PPI_cat"
"HiG_1"	676	"GABARAPL2"	42	"HiG"
"HiG_1"	50	"LGALS1"	147	"HiG"
"HiG_1"	8	"MACROD2"	184	"HiG"
"HiG_1"	164	"PGRMC1"	115	"HiG"
"HiG_1"	0	"PCSK1N"	296.5	"HiG"
"HiG_1"	165	"RABAC1"	113.5	"HiG"
"HiG_1"	3	"RPL18A"	201.5	"HiG"
"HiG_1"	8	"GLCCI1"	184	"HiG"
"HiG_1"	33	"EDF1"	157.5	"HiG"
"HiG_1"	1603	"RPL19"	20	"HiG"
"HiG_1"	94	"RPS12"	128	"HiG"
"HiG_1"	731	"SKP1"	41	"HiG"
"HiG_1"	0	"TMSB10"	296.5	"HiG"
"HiG_1"	0	"CAMSAP2"	296.5	"HiG"
"HiG_1"	297	"ATP5F1E"	92	"HiG"
"HiG_1"	202	"DSTN"	107	"HiG"
"HiG_1"	460	"HSPB1"	56.5	"HiG"
"HiG_1"	1291	"YWHAH"	25	"HiG"
"HiG_1"	12	"JUND"	176.5	"HiG"
"HiG_1"	2	"CALY"	209.5	"HiG"
"HiG_1"	757	"H3-3B"	40	"HiG"
"HiG_1"	99	"SNAP25"	126	"HiG"
"HiG_1"	255	"SYT4"	96	"HiG"
"HiG_1"	242	"SARAF"	100	"HiG"
"HiG_1"	376	"UNC79"	71	"HiG"
"HiG_1"	0	"KIDINS220"	296.5	"HiG"
"HiG_1"	0	"PRPH"	296.5	"HiG"
"HiG_1"	30	"COX5B"	162	"HiG"
"HiG_1"	0	"TMOD1"	296.5	"HiG"
"HiG_1"	0	"RPL35"	296.5	"HiG"
"HiG_1"	0	"TUBB2B"	296.5	"HiG"
"HiG_1"	0	"TTLL7"	296.5	"HiG"
"HiG_1"	405	"SYT1"	64	"HiG"
"HiG_1"	24	"PEBP1"	167	"HiG"
"HiG_1"	0	"RIMBP2"	296.5	"HiG"
"HiG_1"	0	"ELOB"	296.5	"HiG"
"HiG_1"	5	"RPL8"	194.5	"HiG"
"HiG_1"	418	"PRDX1"	61	"HiG"
"HiG_1"	253	"TIMP2"	97	"HiG"
"HiG_1"	8	"CD81"	184	"HiG"
"HiG_1"	0	"KIF1B"	296.5	"HiG"
"HiG_1"	0	"CRACD"	296.5	"HiG"
"HiG_1"	0	"KIF3C"	296.5	"HiG"
"HiG_1"	0	"PRDX5"	296.5	"HiG"
"HiG_1"	14	"RTN1"	173.5	"HiG"
"HiG_1"	371	"SRP14"	73	"HiG"
"HiG_1"	40	"CDH2"	152	"HiG"
"HiG_1"	3726	"SOD1"	8	"HiG"
"HiG_1"	0	"RPS11"	296.5	"HiG"
"HiG_1"	0	"SH3BGRL3"	296.5	"HiG"
"HiG_1"	0	"RPS27A"	296.5	"HiG"
"HiG_1"	32	"ARL6IP5"	160	"HiG"
"HiG_1"	358	"FTH1"	78	"HiG"
"HiG_1"	0	"RPL37"	296.5	"HiG"
"HiG_1"	53	"PHIP"	144	"HiG"
"HiG_1"	51	"ARHGAP36"	145.5	"HiG"
"HiG_1"	354	"CRH"	79	"HiG"
"HiG_1"	8188	"RPS3"	2	"HiG"
"HiG_1"	614	"ANK3"	50	"HiG"
"HiG_1"	0	"AKAP6"	296.5	"HiG"
"HiG_1"	831	"MYCN"	36.5	"HiG"
"HiG_1"	0	"NBAS"	296.5	"HiG"
"HiG_1"	55	"GRIA4"	142.5	"HiG"
"HiG_1"	0	"RAB3C"	296.5	"HiG"
"HiG_1"	349	"THY1"	82.5	"HiG"
"HiG_1"	3047	"UCHL1"	11	"HiG"
"HiG_1"	3	"MMP16"	201.5	"HiG"
"HiG_1"	2087	"SST"	13	"HiG"
"HiG_1"	18	"NRG1"	170	"HiG"
"HiG_1"	6852	"CALM3"	4	"HiG"
"HiG_1"	0	"RPL29"	296.5	"HiG"
"HiG_1"	349	"PTPRN"	82.5	"HiG"
"HiG_1"	147	"HPGD"	118.5	"HiG"
"HiG_1"	0	"GRIA2"	296.5	"HiG"
"HiG_1"	0	"RPS23"	296.5	"HiG"
"HiG_1"	1409	"MAP1B"	21	"HiG"
"HiG_1"	0	"HSP90B1"	296.5	"HiG"
"HiG_1"	4	"MAP1A"	198	"HiG"
"HiG_1"	156	"ATP5PD"	116	"HiG"
"HiG_1"	87	"ZNF804A"	130	"HiG"
"HiG_1"	221	"SCG2"	102.5	"HiG"
"HiG_1"	43	"HINT1"	151	"HiG"
"HiG_1"	0	"ALCAM"	296.5	"HiG"
"HiG_1"	0	"PAM"	296.5	"HiG"
"HiG_1"	1037	"YWHAG"	31	"HiG"
"HiG_1"	1	"CTNND2"	218	"HiG"
"HiG_1"	413	"BPTF"	63	"HiG"
"HiG_1"	272	"AGAP1"	94	"HiG"
"HiG_1"	221	"RPL13"	102.5	"HiG"
"HiG_1"	200	"EEF2"	108.5	"HiG"
"HiG_1"	0	"DST"	296.5	"HiG"
"HiG_1"	0	"RPL15"	296.5	"HiG"
"HiG_1"	0	"KLF7"	296.5	"HiG"
"HiG_1"	68	"RPL38"	138	"HiG"
"HiG_1"	49	"PSMC5"	148.5	"HiG"
"HiG_1"	0	"PPM1E"	296.5	"HiG"
"HiG_1"	0	"GPR137C"	296.5	"HiG"
"HiG_1"	1211	"CLU"	27	"HiG"
"HiG_1"	0	"CHRNA3"	296.5	"HiG"
"HiG_1"	0	"SSR4"	296.5	"HiG"
"HiG_1"	0	"GRK3"	296.5	"HiG"
"HiG_1"	0	"MRFAP1"	296.5	"HiG"
"HiG_1"	0	"RPS15A"	296.5	"HiG"
"HiG_1"	0	"CRMP1"	296.5	"HiG"
"HiG_1"	353	"EBF1"	80	"HiG"
"HiG_1"	3	"SEMA6D"	201.5	"HiG"
"HiG_1"	107	"EFNA5"	124	"HiG"
"HiG_1"	0	"CADM1"	296.5	"HiG"
"HiG_1"	0	"ZNF704"	296.5	"HiG"
"HiG_1"	347	"CALCA"	84	"HiG"
"HiG_1"	5	"SLIT3"	194.5	"HiG"
"HiG_1"	49	"UQCR10"	148.5	"HiG"
"HiG_1"	0	"MARCHF11"	296.5	"HiG"
"HiG_1"	497	"KCND2"	54	"HiG"
"HiG_1"	2	"PCLO"	209.5	"HiG"
"HiG_1"	2031	"HSP90AA1"	15	"HiG"
"HiG_1"	0	"TNRC6C"	296.5	"HiG"
"HiG_1"	438	"TUBA1B"	59	"HiG"
"HiG_1"	305	"RTN4"	91	"HiG"
"HiG_1"	0	"CCDC88A"	296.5	"HiG"
"HiG_1"	7	"TUBB"	188	"HiG"
"HiG_1"	3798	"EEF1A1"	7	"HiG"
"HiG_1"	12	"FOXO3"	176.5	"HiG"
"HiG_1"	973	"NDUFA4"	33	"HiG"
"HiG_1"	0	"RPL7"	296.5	"HiG"
"HiG_1"	437	"PARK7"	60	"HiG"
"HiG_1"	394	"MAPT"	65	"HiG"
"HiG_1"	325	"PTK2"	87	"HiG"
"HiG_1"	4	"RPS2"	198	"HiG"
"HiG_1"	0	"ATP9A"	296.5	"HiG"
"HiG_1"	371	"SERINC1"	73	"HiG"
"HiG_1"	0	"MAP4K4"	296.5	"HiG"
"HiG_1"	0	"PTMA"	296.5	"HiG"
"HiG_1"	662	"KCNQ5"	45	"HiG"
"HiG_1"	0	"RPS21"	296.5	"HiG"
"HiG_1"	0	"RPL3"	296.5	"HiG"
"HiG_1"	0	"RPL27A"	296.5	"HiG"
"HiG_1"	0	"RPL21"	296.5	"HiG"
"HiG_1"	624	"ANXA2"	48	"HiG"
"HiG_1"	77	"RPLP1"	134	"HiG"
"HiG_1"	0	"RPS3A"	296.5	"HiG"
"HiG_1"	382	"MAGI2"	69	"HiG"
"HiG_1"	106	"FYN"	125	"HiG"
"HiG_1"	0	"VAT1"	296.5	"HiG"
"HiG_1"	371	"CACNA2D1"	73	"HiG"
"HiG_1"	370	"ANK2"	75.5	"HiG"
"HiG_1"	55	"ANAPC11"	142.5	"HiG"
"HiG_1"	870	"ATP2B4"	35	"HiG"
"HiG_1"	0	"CREB5"	296.5	"HiG"
"HiG_1"	4	"GRM8"	198	"HiG"
"HiG_1"	6	"UBL5"	191	"HiG"
"HiG_1"	0	"ELAVL3"	296.5	"HiG"
"HiG_1"	0	"DCLK1"	296.5	"HiG"
"HiG_1"	0	"PAK3"	296.5	"HiG"
"HiG_1"	0	"ZEB1"	296.5	"HiG"
"HiG_1"	3079	"MT-CO1"	10	"HiG"
"HiG_1"	582	"MT-CYB"	51	"HiG"
"HiG_1"	768	"MT-ATP6"	39	"HiG"
"HiG_1"	1	"MT-ND6"	218	"HiG"
"HiG_1"	2	"MT-ND1"	209.5	"HiG"
"HiG_1"	0	"RPL12"	296.5	"HiG"
"HiG_1"	110	"PJA2"	123	"HiG"
"HiG_1"	898	"CNTNAP2"	34	"HiG"
"HiG_1"	9	"MT-CO2"	180.5	"HiG"
"HiG_1"	0	"MT-ND4"	296.5	"HiG"
"HiG_1"	0	"MT-CO3"	296.5	"HiG"
"HiG_1"	0	"MT-ND2"	296.5	"HiG"
"HiG_1"	165	"KRT19"	113.5	"HiG"
"HiG_1"	214	"MT-ND3"	105	"HiG"
"HiG_1"	0	"CEP170"	296.5	"HiG"
"HiG_1"	0	"TOMM20"	296.5	"HiG"
"HiG_1"	11	"GUK1"	178	"HiG"
"HiG_1"	0	"CDC42BPA"	296.5	"HiG"
"HiG_1"	2	"H3-3A"	209.5	"HiG"
"HiG_1"	0	"ENAH"	296.5	"HiG"
"HiG_1"	197	"ATP1B1"	110	"HiG"
"HiG_1"	2	"MGST3"	209.5	"HiG"
"HiG_1"	318	"PFDN2"	89	"HiG"
"HiG_1"	393	"S100A6"	66	"HiG"
"HiG_1"	370	"MLLT11"	75.5	"HiG"
"HiG_1"	0	"PDE4DIP"	296.5	"HiG"
"HiG_1"	118	"COX7A2"	121	"HiG"
"HiG_1"	0	"RPL5"	296.5	"HiG"
"HiG_1"	0	"HFM1"	296.5	"HiG"
"HiG_1"	1674	"ADGRB3"	19	"HiG"
"HiG_1"	0	"EYS"	296.5	"HiG"
"HiG_1"	0	"PRKACB"	296.5	"HiG"
"HiG_1"	0	"PSMA7"	296.5	"HiG"
"HiG_1"	0	"SGIP1"	296.5	"HiG"
"HiG_1"	2029	"GNAS"	16	"HiG"
"HiG_1"	2	"CACNA1B"	209.5	"HiG"
"HiG_1"	0	"TSHZ2"	296.5	"HiG"
"HiG_1"	7094	"HSP90AB1"	3	"HiG"
"HiG_1"	0	"RPL7A"	296.5	"HiG"
"HiG_1"	0	"NRG3"	296.5	"HiG"
"HiG_1"	0	"BEX3"	296.5	"HiG"
"HiG_1"	228	"BEX1"	101	"HiG"
"HiG_1"	384	"YWHAB"	68	"HiG"
"HiG_1"	0	"NDUFS5"	296.5	"HiG"
"HiG_1"	0	"STXBP1"	296.5	"HiG"
"HiG_1"	0	"RPS4X"	296.5	"HiG"
"HiG_1"	0	"ATP6V1G1"	296.5	"HiG"
"HiG_1"	26	"TXN"	165.5	"HiG"
"HiG_1"	28	"HSPA1A"	163	"HiG"
"HiG_1"	632	"FAM155A"	47	"HiG"
"HiG_1"	5	"FGF14"	194.5	"HiG"
"HiG_1"	184	"FTL"	112	"HiG"
"HiG_1"	144	"DPP6"	120	"HiG"
"HiG_1"	74	"RTN3"	135.5	"HiG"
"HiG_1"	0	"PCDH9"	296.5	"HiG"
"HiG_1"	215	"RPS16"	104	"HiG"
"HiG_1"	0	"NRCAM"	296.5	"HiG"
"HiG_1"	365	"GATA3"	77	"HiG"
"HiG_1"	0	"DNAJA1"	296.5	"HiG"
"HiG_1"	2	"ELAVL2"	209.5	"HiG"
"HiG_1"	2082	"TUBB2A"	14	"HiG"
"HiG_1"	0	"RPS6"	296.5	"HiG"
"HiG_1"	147	"TMSB4X"	118.5	"HiG"
"HiG_1"	251	"PTPRD"	98	"HiG"
"HiG_1"	490	"CD9"	55	"HiG"
"HiG_1"	0	"RBMS3"	296.5	"HiG"
"HiG_1"	0	"GOLM1"	296.5	"HiG"
"HiG_1"	39	"ALK"	153	"HiG"
"HiG_1"	0	"PTPRN2"	296.5	"HiG"
"HiG_1"	0	"RPS9"	296.5	"HiG"
"HiG_1"	1364	"RPL13A"	22	"HiG"
"HiG_1"	0	"EEF1B2"	296.5	"HiG"
"HiG_1"	324	"PRKAR1A"	88	"HiG"
"HiG_1"	8	"LUC7L3"	184	"HiG"
"HiG_1"	0	"ATP5MC1"	296.5	"HiG"
"HiG_1"	3202	"GAP43"	9	"HiG"
"HiG_1"	0	"RPL24"	296.5	"HiG"
"HiG_1"	58	"NDRG4"	141	"HiG"
"HiG_1"	0	"PPP2R2B"	296.5	"HiG"
"HiG_1"	0	"RPL34"	296.5	"HiG"
"HiG_1"	22	"PSAP"	169	"HiG"
"HiG_1"	0	"SPOCK1"	296.5	"HiG"
"HiG_1"	0	"CHCHD2"	296.5	"HiG"
"HiG_1"	0	"NREP"	296.5	"HiG"
"HiG_1"	1053	"YWHAZ"	30	"HiG"
"HiG_1"	0	"RPL14"	296.5	"HiG"
"HiG_1"	0	"RPS8"	296.5	"HiG"
"HiG_1"	11931	"GAPDH"	1	"HiG"
"HiG_1"	0	"BCL2"	296.5	"HiG"
"HiG_1"	391	"TCF4"	67	"HiG"
"HiG_1"	312	"CST3"	90	"HiG"
"HiG_1"	417	"GSTP1"	62	"HiG"
"HiG_1"	0	"TTC3"	296.5	"HiG"
"HiG_1"	336	"NPY"	85	"HiG"
"HiG_1"	91	"NXPH1"	129	"HiG"
"HiG_1"	665	"CTNNA2"	44	"HiG"
"HiG_1"	1686	"NRXN1"	18	"HiG"
"HiG_1"	2	"PHF14"	209.5	"HiG"
"HiG_1"	152	"RPS14"	117	"HiG"
"HiG_1"	0	"SCN9A"	296.5	"HiG"
"HiG_1"	0	"MZT2B"	296.5	"HiG"
"HiG_1"	3	"SERF2"	201.5	"HiG"
"HiG_1"	2	"KANSL1"	209.5	"HiG"
"HiG_1"	5	"UBA52"	194.5	"HiG"
"HiG_1"	0	"RPL23A"	296.5	"HiG"
"HiG_1"	460	"RBFOX1"	56.5	"HiG"
"HiG_1"	0	"RPS18"	296.5	"HiG"
"HiG_1"	0	"KIF5C"	296.5	"HiG"
"HiG_1"	2	"DHFR"	209.5	"HiG"
"HiG_1"	831	"GRIK2"	36.5	"HiG"
"HiG_1"	0	"SNAP91"	296.5	"HiG"
"HiG_1"	7	"RUNX1T1"	188	"HiG"
"HiG_1"	70	"RPL6"	137	"HiG"
"HiG_1"	34	"ICA1"	155	"HiG"
"HiG_1"	0	"PBX1"	296.5	"HiG"
"HiG_1"	16	"UNC5C"	171.5	"HiG"
"HiG_1"	352	"HDAC9"	81	"HiG"
"HiG_1"	0	"STMN1"	296.5	"HiG"
"HiG_1"	0	"CELF4"	296.5	"HiG"
"HiG_1"	51	"DOCK4"	145.5	"HiG"
"HiG_1"	9	"RBFOX2"	180.5	"HiG"
"HiG_1"	0	"RPL10"	296.5	"HiG"
"HiG_1"	82	"CDKN1C"	131.5	"HiG"
"HiG_1"	46	"RPS24"	150	"HiG"
"HiG_1"	32	"NELL2"	160	"HiG"
"HiG_1"	0	"RPL32"	296.5	"HiG"
"HiG_1"	263	"ROBO2"	95	"HiG"
"HiG_1"	0	"RPL37A"	296.5	"HiG"
"HiG_1"	445	"PEG10"	58	"HiG"
"HiG_1"	14	"PPIA"	173.5	"HiG"
"HiG_1"	246	"EIF1"	99	"HiG"
"HiG_1"	0	"IQCJ-SCHIP1"	296.5	"HiG"
"HiG_1"	0	"RPL23"	296.5	"HiG"
"HiG_1"	16	"TENM3"	171.5	"HiG"
"HiG_1"	0	"TUSC3"	296.5	"HiG"
"HiG_1"	2	"CCSER1"	209.5	"HiG"
"HiG_1"	10	"COX7C"	179	"HiG"
"HiG_1"	81	"RACK1"	133	"HiG"
"HiG_1"	1188	"RIMS2"	28	"HiG"
"HiG_1"	0	"RPL30"	296.5	"HiG"
"HiG_1"	206	"STMN2"	106	"HiG"
"HiG_1"	0	"RPS20"	296.5	"HiG"
"HiG_1"	60	"COX6C"	139.5	"HiG"
"HiG_1"	0	"UQCRB"	296.5	"HiG"
"HiG_1"	0	"EID1"	296.5	"HiG"
"HiG_1"	8	"RPLP2"	184	"HiG"
"HiG_1"	1011	"FAU"	32	"HiG"
"HiG_1"	115	"CFL1"	122	"HiG"
"HiG_1"	0	"RGS5"	296.5	"HiG"
"HiG_1"	0	"DKK3"	296.5	"HiG"
"HiG_1"	27	"CALCB"	164	"HiG"
"HiG_1"	7	"EIF4G2"	188	"HiG"
"HiG_1"	673	"ATP6V0B"	43	"HiG"
"HiG_1"	0	"RPS25"	296.5	"HiG"
"HiG_1"	0	"TEAD1"	296.5	"HiG"
"HiG_1"	0	"RPS13"	296.5	"HiG"
"HiG_1"	0	"HSPA8"	296.5	"HiG"
"HiG_1"	0	"TRMT112"	296.5	"HiG"
"HiG_1"	619	"TUBA1A"	49	"HiG"
"HiG_1"	74	"MTRNR2L8"	135.5	"HiG"
"HiG_1"	6330	"UBC"	5	"HiG"
"HiG_1"	0	"BEX2"	296.5	"HiG"
"HiG_1"	0	"MYCBP2"	296.5	"HiG"
"HiG_1"	0	"LDHA"	296.5	"HiG"
"HiG_1"	33	"VIM"	157.5	"HiG"
"HiG_1"	0	"RAN"	296.5	"HiG"
"HiG_1"	26	"MYL6"	165.5	"HiG"
"HiG_1"	0	"RPL18"	296.5	"HiG"
"HiG_1"	523	"CNTN1"	53	"HiG"
"HiG_1"	0	"CD63"	296.5	"HiG"
"HiG_1"	0	"PFDN5"	296.5	"HiG"
"HiG_1"	0	"NACA"	296.5	"HiG"
"HiG_1"	0	"RPL41"	296.5	"HiG"
"HiG_1"	13	"RPLP0"	175	"HiG"
"HiG_1"	1	"EML5"	218	"HiG"
"HiG_1"	0	"RPL28"	296.5	"HiG"
"HiG_1"	0	"MEIS2"	296.5	"HiG"
"HiG_1"	1	"TMEM178B"	218	"HiG"
"HiG_1"	633	"COX4I1"	46	"HiG"
"HiG_1"	1309	"ACTG1"	24	"HiG"
"HiG_1"	0	"TPPP3"	296.5	"HiG"
"HiG_1"	800	"ADCYAP1"	38	"HiG"
"HiG_1"	381	"MYL12B"	70	"HiG"
"HiG_1"	0	"RPL26"	296.5	"HiG"
"HiG_1"	32	"CYB561"	160	"HiG"
"HiG_1"	0	"RPL36"	296.5	"HiG"
"HiG_1"	0	"RPL27"	296.5	"HiG"
"HiG_1"	0	"MXRA7"	296.5	"HiG"
"HiG_1"	23	"RPS15"	168	"HiG"
"HiG_1"	186	"WBP2"	111	"HiG"
"HiG_1"	34	"MTRNR2L12"	155	"HiG"
"HiG_1"	284	"DTNA"	93	"HiG"
"HiG_1"	2	"RPS19"	209.5	"HiG"
"HiG_1"	0	"RPS28"	296.5	"HiG"
"HiG_1"	0	"RPS5"	296.5	"HiG"
"HiG_1"	6	"SELENOW"	191	"HiG"
"HiG_1"	1718	"TPT1"	17	"HiG"
"HiG_1"	1093	"UBB"	29	"HiG"
"HiG_1"	1272	"CLTC"	26	"HiG"
"HiG_1"	82	"NCAM1"	131.5	"HiG"
"HiG_1"	98	"CD24"	127	"HiG"
"HiG_1"	4142	"NEFL"	6	"HiG"
"HiG_1"	0	"SYT14"	296.5	"HiG"
"HiG_1"	0	"DLGAP2"	296.5	"HiG"
"HiG_1"	1	"ZFHX3"	218	"HiG"
"HiG_1"	0	"RPL9"	296.5	"HiG"
"HiG_1"	333	"ACTB"	86	"HiG"
"HiG_1"	0	"RPS7"	296.5	"HiG"
"HiG_1"	0	"RPL35A"	296.5	"HiG"
"HiG_1"	60	"RPL11"	139.5	"HiG"
"HiG_1"	200	"ITM2B"	108.5	"HiG"
"HiG_1"	6	"MYT1L"	191	"HiG"
"HiG_1"	2371	"B2M"	12	"HiG"
"HiG_1"	34	"BICD1"	155	"HiG"
"HiG_1"	0	"RPS27"	296.5	"HiG"
"HiG_1"	1362	"CALM1"	23	"HiG"
"HiG_1"	545	"AKT3"	52	"HiG"
"HiG_2"	43	"MAP2K5"	215	"HiG"
"HiG_2"	97	"EEF1A2"	187	"HiG"
"HiG_2"	918	"MACROD2"	51	"HiG"
"HiG_2"	440	"ASIC2"	103	"HiG"
"HiG_2"	66	"ELL2"	199.5	"HiG"
"HiG_2"	292	"KALRN"	143	"HiG"
"HiG_2"	6	"BBS9"	261.5	"HiG"
"HiG_2"	53	"SOX4"	209.5	"HiG"
"HiG_2"	15	"ATXN1"	245	"HiG"
"HiG_2"	1518	"GNGT1"	23	"HiG"
"HiG_2"	626	"NALCN"	79	"HiG"
"HiG_2"	0	"RABGAP1L"	324	"HiG"
"HiG_2"	350	"ARFGEF3"	127	"HiG"
"HiG_2"	0	"C20orf194"	324	"HiG"
"HiG_2"	945	"EXOC4"	48	"HiG"
"HiG_2"	0	"RAP1GAP2"	324	"HiG"
"HiG_2"	4	"SBF2"	271.5	"HiG"
"HiG_2"	171	"UNC79"	164	"HiG"
"HiG_2"	973	"BACH2"	47	"HiG"
"HiG_2"	330	"PCNX2"	134.5	"HiG"
"HiG_2"	210	"TUBB2B"	153	"HiG"
"HiG_2"	165	"HECW2"	171	"HiG"
"HiG_2"	0	"XYLT1"	324	"HiG"
"HiG_2"	5	"ENOX1"	266	"HiG"
"HiG_2"	330	"RORA"	134.5	"HiG"
"HiG_2"	724	"RIMBP2"	66	"HiG"
"HiG_2"	1022	"KMT2C"	42	"HiG"
"HiG_2"	14	"PKD1"	247.5	"HiG"
"HiG_2"	189	"SORCS1"	158	"HiG"
"HiG_2"	208	"CLASP1"	154	"HiG"
"HiG_2"	0	"CRACD"	324	"HiG"
"HiG_2"	786	"HDAC4"	61	"HiG"
"HiG_2"	15	"FBXL20"	245	"HiG"
"HiG_2"	676	"DNMT3A"	72	"HiG"
"HiG_2"	475	"AHI1"	95	"HiG"
"HiG_2"	0	"CPEB3"	324	"HiG"
"HiG_2"	400	"DOCK3"	112	"HiG"
"HiG_2"	4750	"CACNA1C"	5	"HiG"
"HiG_2"	410	"SRRM4"	107.5	"HiG"
"HiG_2"	22	"WDPCP"	236.5	"HiG"
"HiG_2"	367	"STXBP5L"	121	"HiG"
"HiG_2"	27	"ARHGAP26"	229	"HiG"
"HiG_2"	74	"DLC1"	197	"HiG"
"HiG_2"	638	"TENM4"	78	"HiG"
"HiG_2"	992	"ANK3"	45	"HiG"
"HiG_2"	718	"DIP2C"	67	"HiG"
"HiG_2"	80	"AKAP6"	195	"HiG"
"HiG_2"	4	"FER"	271.5	"HiG"
"HiG_2"	257	"MED13L"	146	"HiG"
"HiG_2"	3	"JAZF1"	276.5	"HiG"
"HiG_2"	0	"MSI2"	324	"HiG"
"HiG_2"	621	"KCNMA1"	80	"HiG"
"HiG_2"	53	"ZFAND3"	209.5	"HiG"
"HiG_2"	0	"NMNAT2"	324	"HiG"
"HiG_2"	557	"NRG1"	83	"HiG"
"HiG_2"	121	"PRKAG2"	180	"HiG"
"HiG_2"	372	"ERC2"	120	"HiG"
"HiG_2"	379	"DGKI"	117	"HiG"
"HiG_2"	1	"FMNL2"	288.5	"HiG"
"HiG_2"	6	"RBMS1"	261.5	"HiG"
"HiG_2"	455	"PTPRN"	101	"HiG"
"HiG_2"	1006	"RPS23"	44	"HiG"
"HiG_2"	0	"SPIDR"	324	"HiG"
"HiG_2"	0	"TPST1"	324	"HiG"
"HiG_2"	2	"VAT1L"	280.5	"HiG"
"HiG_2"	344	"ZNF804A"	132	"HiG"
"HiG_2"	1322	"SCG2"	31	"HiG"
"HiG_2"	2	"OTUD7A"	280.5	"HiG"
"HiG_2"	166	"PAM"	169	"HiG"
"HiG_2"	545	"PRKCE"	85.5	"HiG"
"HiG_2"	33	"CAMTA1"	221	"HiG"
"HiG_2"	44	"CTNND2"	214	"HiG"
"HiG_2"	51	"RPTOR"	212.5	"HiG"
"HiG_2"	317	"AGAP1"	140	"HiG"
"HiG_2"	0	"NSG2"	324	"HiG"
"HiG_2"	527	"RPL13"	89	"HiG"
"HiG_2"	32	"GABRB3"	223.5	"HiG"
"HiG_2"	0	"AGPAT4"	324	"HiG"
"HiG_2"	5518	"CLU"	2	"HiG"
"HiG_2"	2812	"DLGAP1"	9	"HiG"
"HiG_2"	0	"PACS1"	324	"HiG"
"HiG_2"	0	"ZNF609"	324	"HiG"
"HiG_2"	4	"SCMH1"	271.5	"HiG"
"HiG_2"	102	"FMN2"	183.5	"HiG"
"HiG_2"	0	"BASP1"	324	"HiG"
"HiG_2"	554	"CACNB2"	84	"HiG"
"HiG_2"	1429	"DYNC1I1"	26	"HiG"
"HiG_2"	0	"RNF144A"	324	"HiG"
"HiG_2"	0	"TTLL11"	324	"HiG"
"HiG_2"	0	"MTSS1"	324	"HiG"
"HiG_2"	327	"EBF1"	137	"HiG"
"HiG_2"	39	"MKLN1"	218	"HiG"
"HiG_2"	19	"MYO1D"	238.5	"HiG"
"HiG_2"	93	"TMEM108"	188	"HiG"
"HiG_2"	0	"SEMA6D"	324	"HiG"
"HiG_2"	0	"MCF2L2"	324	"HiG"
"HiG_2"	1214	"CADM1"	36	"HiG"
"HiG_2"	87	"PHACTR1"	192	"HiG"
"HiG_2"	7	"GRID1"	257.5	"HiG"
"HiG_2"	0	"PAPPA"	324	"HiG"
"HiG_2"	373	"SLIT3"	119	"HiG"
"HiG_2"	783	"PCLO"	62	"HiG"
"HiG_2"	180	"TNRC6C"	161	"HiG"
"HiG_2"	414	"PLCB1"	105	"HiG"
"HiG_2"	581	"RERE"	82	"HiG"
"HiG_2"	33	"TRIO"	221	"HiG"
"HiG_2"	9617	"MAPT"	1	"HiG"
"HiG_2"	1155	"PTK2"	38	"HiG"
"HiG_2"	483	"PDE4B"	94	"HiG"
"HiG_2"	2648	"EPB41L3"	11	"HiG"
"HiG_2"	125	"FOXN3"	179	"HiG"
"HiG_2"	0	"BABAM2"	324	"HiG"
"HiG_2"	1561	"AUTS2"	21	"HiG"
"HiG_2"	423	"PTMA"	104	"HiG"
"HiG_2"	886	"KCNQ5"	55	"HiG"
"HiG_2"	1304	"SHANK2"	33	"HiG"
"HiG_2"	4970	"PDE4D"	4	"HiG"
"HiG_2"	63	"RPLP1"	201.5	"HiG"
"HiG_2"	169	"MAGI2"	166	"HiG"
"HiG_2"	1978	"FYN"	16	"HiG"
"HiG_2"	61	"LINGO1"	204	"HiG"
"HiG_2"	1018	"DNM3"	43	"HiG"
"HiG_2"	191	"SHTN1"	157	"HiG"
"HiG_2"	82	"SORBS2"	194	"HiG"
"HiG_2"	0	"JPT1"	324	"HiG"
"HiG_2"	15	"MYO9A"	245	"HiG"
"HiG_2"	12	"EML6"	249	"HiG"
"HiG_2"	1707	"ANK2"	18	"HiG"
"HiG_2"	102	"FRMD4A"	183.5	"HiG"
"HiG_2"	395	"ATP2B4"	113	"HiG"
"HiG_2"	176	"CREB5"	163	"HiG"
"HiG_2"	408	"NF1"	109	"HiG"
"HiG_2"	42	"VPS13B"	216	"HiG"
"HiG_2"	126	"SYN3"	178	"HiG"
"HiG_2"	14	"REV3L"	247.5	"HiG"
"HiG_2"	2	"LDLRAD4"	280.5	"HiG"
"HiG_2"	249	"HAND2"	147	"HiG"
"HiG_2"	2003	"PLXNA4"	15	"HiG"
"HiG_2"	747	"CUX1"	64	"HiG"
"HiG_2"	469	"DCLK1"	97	"HiG"
"HiG_2"	92	"ERC1"	189	"HiG"
"HiG_2"	0	"C11orf80"	324	"HiG"
"HiG_2"	826	"ZEB1"	58	"HiG"
"HiG_2"	773	"ASTN2"	63	"HiG"
"HiG_2"	359	"MT-CYB"	124.5	"HiG"
"HiG_2"	474	"MACF1"	96	"HiG"
"HiG_2"	689	"MT-ATP6"	70	"HiG"
"HiG_2"	1422	"CNTNAP2"	27	"HiG"
"HiG_2"	0	"FAM163A"	324	"HiG"
"HiG_2"	60	"GAB2"	206	"HiG"
"HiG_2"	530	"MT-ND3"	88	"HiG"
"HiG_2"	165	"RGS7"	171	"HiG"
"HiG_2"	1503	"RYR2"	24	"HiG"
"HiG_2"	67	"PDE10A"	198	"HiG"
"HiG_2"	272	"PRKN"	145	"HiG"
"HiG_2"	167	"ATP1B1"	168	"HiG"
"HiG_2"	912	"PDE4DIP"	53.5	"HiG"
"HiG_2"	0	"DPYD"	324	"HiG"
"HiG_2"	2027	"ADGRB3"	14	"HiG"
"HiG_2"	4	"EYS"	271.5	"HiG"
"HiG_2"	6	"SLC44A5"	261.5	"HiG"
"HiG_2"	329	"PHACTR3"	136	"HiG"
"HiG_2"	402	"SGIP1"	111	"HiG"
"HiG_2"	5311	"GNAS"	3	"HiG"
"HiG_2"	0	"DAB1"	324	"HiG"
"HiG_2"	0	"SORBS1"	324	"HiG"
"HiG_2"	1319	"CACNA1B"	32	"HiG"
"HiG_2"	185	"SUPT3H"	159.5	"HiG"
"HiG_2"	0	"TSHZ2"	324	"HiG"
"HiG_2"	349	"AGBL4"	128	"HiG"
"HiG_2"	238	"NRG3"	150	"HiG"
"HiG_2"	8	"HIVEP3"	255.5	"HiG"
"HiG_2"	0	"CSMD2"	324	"HiG"
"HiG_2"	9	"PCDH15"	253	"HiG"
"HiG_2"	4	"PARD3"	271.5	"HiG"
"HiG_2"	0	"AOPEP"	324	"HiG"
"HiG_2"	376	"FAM155A"	118	"HiG"
"HiG_2"	0	"KAZN"	324	"HiG"
"HiG_2"	977	"DLG2"	46	"HiG"
"HiG_2"	322	"FGF14"	138	"HiG"
"HiG_2"	1	"PCCA"	288.5	"HiG"
"HiG_2"	6	"GPR158"	261.5	"HiG"
"HiG_2"	465	"HS6ST3"	100	"HiG"
"HiG_2"	380	"PRUNE2"	116	"HiG"
"HiG_2"	346	"UGGT2"	131	"HiG"
"HiG_2"	1247	"GPC5"	35	"HiG"
"HiG_2"	1	"NEBL"	288.5	"HiG"
"HiG_2"	5	"HECTD4"	266	"HiG"
"HiG_2"	0	"KLF12"	324	"HiG"
"HiG_2"	1264	"DPP6"	34	"HiG"
"HiG_2"	147	"PCDH9"	174.5	"HiG"
"HiG_2"	131	"EXT1"	177	"HiG"
"HiG_2"	0	"PLCB4"	324	"HiG"
"HiG_2"	1769	"GATA3"	17	"HiG"
"HiG_2"	30	"CNKSR2"	226	"HiG"
"HiG_2"	413	"LINGO2"	106	"HiG"
"HiG_2"	0	"FOCAD"	324	"HiG"
"HiG_2"	1615	"PTPRD"	19	"HiG"
"HiG_2"	331	"DDX1"	133	"HiG"
"HiG_2"	2	"ATP8A2"	280.5	"HiG"
"HiG_2"	0	"KCNIP4"	324	"HiG"
"HiG_2"	876	"PPP2R2C"	56	"HiG"
"HiG_2"	165	"CTIF"	171	"HiG"
"HiG_2"	11	"CADPS"	250.5	"HiG"
"HiG_2"	282	"SRGAP3"	144	"HiG"
"HiG_2"	652	"KCNQ3"	76	"HiG"
"HiG_2"	170	"ALK"	165	"HiG"
"HiG_2"	178	"TRAPPC9"	162	"HiG"
"HiG_2"	1372	"PTPRN2"	29	"HiG"
"HiG_2"	2791	"LRP1B"	10	"HiG"
"HiG_2"	66	"EPHA6"	199.5	"HiG"
"HiG_2"	0	"LRRFIP1"	324	"HiG"
"HiG_2"	0	"LUC7L3"	324	"HiG"
"HiG_2"	207	"LONRF2"	155	"HiG"
"HiG_2"	1202	"PPP2R2B"	37	"HiG"
"HiG_2"	0	"SPOCK1"	324	"HiG"
"HiG_2"	0	"NREP"	324	"HiG"
"HiG_2"	25	"TNRC6A"	232.5	"HiG"
"HiG_2"	2	"NAV2"	280.5	"HiG"
"HiG_2"	0	"FAF1"	324	"HiG"
"HiG_2"	487	"SOX6"	93	"HiG"
"HiG_2"	7	"PDXDC1"	257.5	"HiG"
"HiG_2"	0	"TTC28"	324	"HiG"
"HiG_2"	107	"NAV3"	182	"HiG"
"HiG_2"	0	"GRIP1"	324	"HiG"
"HiG_2"	2067	"BCL2"	13	"HiG"
"HiG_2"	18	"USP34"	241.5	"HiG"
"HiG_2"	4	"AEBP2"	271.5	"HiG"
"HiG_2"	100	"JMJD1C"	186	"HiG"
"HiG_2"	347	"N4BP2L2"	129.5	"HiG"
"HiG_2"	0	"PCBP3"	324	"HiG"
"HiG_2"	40	"NEDD4L"	217	"HiG"
"HiG_2"	0	"SGSM1"	324	"HiG"
"HiG_2"	467	"NBEA"	99	"HiG"
"HiG_2"	1580	"DSCAM"	20	"HiG"
"HiG_2"	872	"NPY"	57	"HiG"
"HiG_2"	88	"AKAP12"	191	"HiG"
"HiG_2"	668	"CTNNA2"	74	"HiG"
"HiG_2"	2522	"NRXN1"	12	"HiG"
"HiG_2"	62	"UNC5D"	203	"HiG"
"HiG_2"	1	"NCOA1"	288.5	"HiG"
"HiG_2"	147	"KIF26B"	174.5	"HiG"
"HiG_2"	185	"DGKB"	159.5	"HiG"
"HiG_2"	1	"SDK1"	288.5	"HiG"
"HiG_2"	1	"MBD5"	288.5	"HiG"
"HiG_2"	310	"AAK1"	141	"HiG"
"HiG_2"	23	"AFF3"	234.5	"HiG"
"HiG_2"	1353	"LRRTM4"	30	"HiG"
"HiG_2"	0	"GALNT13"	324	"HiG"
"HiG_2"	32	"SPIRE1"	223.5	"HiG"
"HiG_2"	1024	"KANSL1"	41	"HiG"
"HiG_2"	11	"TANC2"	250.5	"HiG"
"HiG_2"	57	"TCF12"	208	"HiG"
"HiG_2"	6	"UNC80"	261.5	"HiG"
"HiG_2"	4739	"RBFOX1"	6	"HiG"
"HiG_2"	1	"FGF13"	288.5	"HiG"
"HiG_2"	0	"GTF2IRD1"	324	"HiG"
"HiG_2"	523	"TNIK"	90	"HiG"
"HiG_2"	18	"TNRC6B"	241.5	"HiG"
"HiG_2"	410	"CLSTN2"	107.5	"HiG"
"HiG_2"	1	"FRMD5"	288.5	"HiG"
"HiG_2"	659	"RPL6"	75	"HiG"
"HiG_2"	2	"ANKRD36C"	280.5	"HiG"
"HiG_2"	5	"PLEKHA5"	266	"HiG"
"HiG_2"	23	"OXR1"	234.5	"HiG"
"HiG_2"	223	"CHRNA7"	152	"HiG"
"HiG_2"	363	"STMN1"	122.5	"HiG"
"HiG_2"	52	"CELF4"	211	"HiG"
"HiG_2"	356	"TMEM132C"	126	"HiG"
"HiG_2"	0	"MICAL3"	324	"HiG"
"HiG_2"	0	"XKR6"	324	"HiG"
"HiG_2"	522	"ROBO2"	91.5	"HiG"
"HiG_2"	90	"ST6GALNAC5"	190	"HiG"
"HiG_2"	101	"GPHN"	185	"HiG"
"HiG_2"	19	"FHIT"	238.5	"HiG"
"HiG_2"	26	"BTBD9"	231	"HiG"
"HiG_2"	731	"LSAMP"	65	"HiG"
"HiG_2"	1117	"BRAF"	39	"HiG"
"HiG_2"	538	"CACNA2D3"	87	"HiG"
"HiG_2"	446	"ZBTB20"	102	"HiG"
"HiG_2"	8	"SMYD3"	255.5	"HiG"
"HiG_2"	0	"IQCJ-SCHIP1"	324	"HiG"
"HiG_2"	793	"RPL23"	60	"HiG"
"HiG_2"	813	"ROBO1"	59	"HiG"
"HiG_2"	697	"KLHL29"	69	"HiG"
"HiG_2"	672	"MAML3"	73	"HiG"
"HiG_2"	18	"RPS6KA2"	241.5	"HiG"
"HiG_2"	389	"ADGRL3"	115	"HiG"
"HiG_2"	912	"TENM3"	53.5	"HiG"
"HiG_2"	3	"NEK1"	276.5	"HiG"
"HiG_2"	27	"CCSER1"	229	"HiG"
"HiG_2"	0	"KCTD16"	324	"HiG"
"HiG_2"	619	"RIMS2"	81	"HiG"
"HiG_2"	192	"TENM2"	156	"HiG"
"HiG_2"	0	"RANBP17"	324	"HiG"
"HiG_2"	22	"RIMS1"	236.5	"HiG"
"HiG_2"	347	"ASAP1"	129.5	"HiG"
"HiG_2"	30	"RGS5"	226	"HiG"
"HiG_2"	60	"KIRREL3"	206	"HiG"
"HiG_2"	230	"CNTN5"	151	"HiG"
"HiG_2"	0	"FBXL17"	324	"HiG"
"HiG_2"	9	"FNDC3A"	253	"HiG"
"HiG_2"	248	"ADK"	148	"HiG"
"HiG_2"	63	"SSH2"	201.5	"HiG"
"HiG_2"	0	"DENND5B"	324	"HiG"
"HiG_2"	0	"FRY"	324	"HiG"
"HiG_2"	0	"SLC39A11"	324	"HiG"
"HiG_2"	144	"CMIP"	176	"HiG"
"HiG_2"	641	"ATXN2"	77	"HiG"
"HiG_2"	60	"RPL18"	206	"HiG"
"HiG_2"	6	"CNTN1"	261.5	"HiG"
"HiG_2"	3197	"RPLP0"	7	"HiG"
"HiG_2"	0	"ANKS1B"	324	"HiG"
"HiG_2"	390	"EML5"	114	"HiG"
"HiG_2"	687	"TLN2"	71	"HiG"
"HiG_2"	243	"SHISA9"	149	"HiG"
"HiG_2"	1	"SCAPER"	288.5	"HiG"
"HiG_2"	0	"SNX29"	324	"HiG"
"HiG_2"	85	"TMEM178B"	193	"HiG"
"HiG_2"	708	"WWOX"	68	"HiG"
"HiG_2"	1489	"ADCYAP1"	25	"HiG"
"HiG_2"	27	"PTPRM"	229	"HiG"
"HiG_2"	0	"PITPNC1"	324	"HiG"
"HiG_2"	30	"FHOD3"	226	"HiG"
"HiG_2"	4	"GPATCH8"	271.5	"HiG"
"HiG_2"	359	"BCAS3"	124.5	"HiG"
"HiG_2"	168	"ZBTB7C"	167	"HiG"
"HiG_2"	468	"SPTBN4"	98	"HiG"
"HiG_2"	34	"DTNA"	219	"HiG"
"HiG_2"	1392	"MARCKS"	28	"HiG"
"HiG_2"	522	"CAMK1D"	91.5	"HiG"
"HiG_2"	319	"FMN1"	139	"HiG"
"HiG_2"	150	"SYN2"	173	"HiG"
"HiG_2"	925	"NCAM1"	50	"HiG"
"HiG_2"	78	"SRRM3"	196	"HiG"
"HiG_2"	9	"MAP7"	253	"HiG"
"HiG_2"	363	"ACACA"	122.5	"HiG"
"HiG_2"	0	"SYT14"	324	"HiG"
"HiG_2"	545	"EXOC6B"	85.5	"HiG"
"HiG_2"	1542	"NRXN3"	22	"HiG"
"HiG_2"	1048	"DLGAP2"	40	"HiG"
"HiG_2"	33	"RALGAPA1"	221	"HiG"
"HiG_2"	18	"ARID1B"	241.5	"HiG"
"HiG_2"	301	"LPP"	142	"HiG"
"HiG_2"	25	"ZFHX3"	232.5	"HiG"
"HiG_2"	111	"VPS13C"	181	"HiG"
"HiG_2"	916	"SNRPN"	52	"HiG"
"HiG_2"	403	"IGF1R"	110	"HiG"
"HiG_2"	934	"MYT1L"	49	"HiG"
"HiG_2"	4	"MRTFA"	271.5	"HiG"
"HiG_2"	0	"BICD1"	324	"HiG"
"HiG_2"	2950	"CALM1"	8	"HiG"
"HiG_2"	51	"AKT3"	212.5	"HiG"
"HiG_2"	1	"MFSD4B"	288.5	"HiG"
"HiG_3"	1	"TTC17"	207	"HiG"
"HiG_3"	152	"MACROD2"	117	"HiG"
"HiG_3"	0	"SIPA1L3"	247	"HiG"
"HiG_3"	154	"GLCCI1"	115	"HiG"
"HiG_3"	644	"CCND1"	41	"HiG"
"HiG_3"	655	"KALRN"	37	"HiG"
"HiG_3"	242	"ATXN1"	102	"HiG"
"HiG_3"	5	"GNGT1"	192	"HiG"
"HiG_3"	0	"RABGAP1L"	247	"HiG"
"HiG_3"	0	"C20orf194"	247	"HiG"
"HiG_3"	0	"ZSWIM6"	247	"HiG"
"HiG_3"	0	"GSE1"	247	"HiG"
"HiG_3"	26	"EXOC4"	157	"HiG"
"HiG_3"	398	"SMARCC1"	68	"HiG"
"HiG_3"	0	"RAMP1"	247	"HiG"
"HiG_3"	0	"RAP1GAP2"	247	"HiG"
"HiG_3"	17	"SNAP25"	167.5	"HiG"
"HiG_3"	0	"SBF2"	247	"HiG"
"HiG_3"	106	"UNC79"	126	"HiG"
"HiG_3"	8	"ENOX1"	184.5	"HiG"
"HiG_3"	80	"RORA"	134	"HiG"
"HiG_3"	204	"RIMBP2"	106	"HiG"
"HiG_3"	556	"KMT2C"	51	"HiG"
"HiG_3"	0	"TIMP2"	247	"HiG"
"HiG_3"	14	"CLASP1"	172.5	"HiG"
"HiG_3"	187	"CRACD"	107	"HiG"
"HiG_3"	0	"FBXL20"	247	"HiG"
"HiG_3"	116	"DNMT3A"	122.5	"HiG"
"HiG_3"	275	"KIF3C"	89	"HiG"
"HiG_3"	1183	"SEMA3A"	26	"HiG"
"HiG_3"	412	"CDK6"	64	"HiG"
"HiG_3"	1	"RBM6"	207	"HiG"
"HiG_3"	585	"CACNA1C"	47	"HiG"
"HiG_3"	445	"SRRM4"	60	"HiG"
"HiG_3"	0	"RTN1"	247	"HiG"
"HiG_3"	253	"MEIS1"	98	"HiG"
"HiG_3"	409	"STXBP5L"	65	"HiG"
"HiG_3"	46	"DLC1"	143	"HiG"
"HiG_3"	304	"TENM4"	83	"HiG"
"HiG_3"	3	"NINL"	200.5	"HiG"
"HiG_3"	1317	"ANK3"	20	"HiG"
"HiG_3"	9	"DIP2C"	180.5	"HiG"
"HiG_3"	3412	"MYCN"	4	"HiG"
"HiG_3"	1054	"NBAS"	29	"HiG"
"HiG_3"	40	"MGAT5"	148	"HiG"
"HiG_3"	58	"MED13L"	140	"HiG"
"HiG_3"	83	"GRIA4"	132	"HiG"
"HiG_3"	0	"RAB3C"	247	"HiG"
"HiG_3"	273	"MSI2"	90.5	"HiG"
"HiG_3"	0	"UCHL1"	247	"HiG"
"HiG_3"	0	"MMP16"	247	"HiG"
"HiG_3"	420	"TIAM1"	63	"HiG"
"HiG_3"	14	"ZFAND3"	172.5	"HiG"
"HiG_3"	1732	"NRG1"	15	"HiG"
"HiG_3"	242	"ERC2"	102	"HiG"
"HiG_3"	31	"DGKI"	153	"HiG"
"HiG_3"	612	"MAP1B"	42	"HiG"
"HiG_3"	1	"SPIDR"	207	"HiG"
"HiG_3"	521	"ANKRD11"	56	"HiG"
"HiG_3"	0	"VAT1L"	247	"HiG"
"HiG_3"	180	"ZNF804A"	109	"HiG"
"HiG_3"	526	"SYNPO2"	55	"HiG"
"HiG_3"	19	"PAM"	164.5	"HiG"
"HiG_3"	395	"PRKCE"	69	"HiG"
"HiG_3"	367	"CAMTA1"	75	"HiG"
"HiG_3"	648	"CTNND2"	39	"HiG"
"HiG_3"	134	"BPTF"	119.5	"HiG"
"HiG_3"	370	"RPTOR"	74	"HiG"
"HiG_3"	281	"AGAP1"	88	"HiG"
"HiG_3"	0	"DST"	247	"HiG"
"HiG_3"	0	"GABRB3"	247	"HiG"
"HiG_3"	3	"CTBP2"	200.5	"HiG"
"HiG_3"	0	"PPM1E"	247	"HiG"
"HiG_3"	453	"ZNF609"	59	"HiG"
"HiG_3"	0	"GRK3"	247	"HiG"
"HiG_3"	178	"LDLRAD3"	110.5	"HiG"
"HiG_3"	318	"TMTC2"	81	"HiG"
"HiG_3"	555	"EBF1"	52	"HiG"
"HiG_3"	0	"SEMA6D"	247	"HiG"
"HiG_3"	7	"CLASP2"	187.5	"HiG"
"HiG_3"	97	"EFNA5"	130	"HiG"
"HiG_3"	2	"ST6GALNAC3"	203.5	"HiG"
"HiG_3"	372	"CADM1"	73	"HiG"
"HiG_3"	17	"PHACTR1"	167.5	"HiG"
"HiG_3"	393	"GRID1"	70	"HiG"
"HiG_3"	111	"ZNF704"	124	"HiG"
"HiG_3"	0	"GPR173"	247	"HiG"
"HiG_3"	299	"SLIT3"	84	"HiG"
"HiG_3"	645	"MARCHF11"	40	"HiG"
"HiG_3"	2695	"KCND2"	8	"HiG"
"HiG_3"	5	"TBC1D22A"	192	"HiG"
"HiG_3"	0	"TNRC6C"	247	"HiG"
"HiG_3"	653	"RERE"	38	"HiG"
"HiG_3"	7	"TRIO"	187.5	"HiG"
"HiG_3"	4	"PTK2"	196.5	"HiG"
"HiG_3"	0	"FOXN3"	247	"HiG"
"HiG_3"	0	"MAP4K4"	247	"HiG"
"HiG_3"	0	"DPYSL3"	247	"HiG"
"HiG_3"	2007	"AUTS2"	11	"HiG"
"HiG_3"	23	"KCNQ5"	160	"HiG"
"HiG_3"	211	"SHANK2"	105	"HiG"
"HiG_3"	80	"MAGI2"	134	"HiG"
"HiG_3"	116	"FYN"	122.5	"HiG"
"HiG_3"	5	"ATRNL1"	192	"HiG"
"HiG_3"	0	"LINGO1"	247	"HiG"
"HiG_3"	259	"DNM3"	96	"HiG"
"HiG_3"	130	"TBCD"	121	"HiG"
"HiG_3"	1	"SORBS2"	207	"HiG"
"HiG_3"	0	"LRBA"	247	"HiG"
"HiG_3"	4	"FRMD4A"	196.5	"HiG"
"HiG_3"	257	"NF1"	97	"HiG"
"HiG_3"	421	"GRM8"	62	"HiG"
"HiG_3"	587	"SYN3"	46	"HiG"
"HiG_3"	0	"LDLRAD4"	247	"HiG"
"HiG_3"	581	"CUX1"	48	"HiG"
"HiG_3"	5	"MAP2"	192	"HiG"
"HiG_3"	0	"DCLK1"	247	"HiG"
"HiG_3"	600	"ERC1"	44	"HiG"
"HiG_3"	37	"ASTN2"	149	"HiG"
"HiG_3"	6327	"CNTNAP2"	1	"HiG"
"HiG_3"	0	"TOX"	247	"HiG"
"HiG_3"	0	"FAM163A"	247	"HiG"
"HiG_3"	0	"GAB2"	247	"HiG"
"HiG_3"	1194	"RGS7"	24	"HiG"
"HiG_3"	602	"RYR2"	43	"HiG"
"HiG_3"	1227	"ADGRB3"	22	"HiG"
"HiG_3"	29	"EYS"	155	"HiG"
"HiG_3"	0	"PHACTR3"	247	"HiG"
"HiG_3"	661	"GNAS"	36	"HiG"
"HiG_3"	0	"SSBP3"	247	"HiG"
"HiG_3"	1032	"CACNA1B"	30	"HiG"
"HiG_3"	284	"TSHZ2"	86.5	"HiG"
"HiG_3"	31	"AGBL4"	153	"HiG"
"HiG_3"	0	"NRG3"	247	"HiG"
"HiG_3"	4	"HIVEP3"	196.5	"HiG"
"HiG_3"	0	"GARNL3"	247	"HiG"
"HiG_3"	12	"PBX3"	175	"HiG"
"HiG_3"	0	"PCDH15"	247	"HiG"
"HiG_3"	385	"PARD3"	72	"HiG"
"HiG_3"	0	"AOPEP"	247	"HiG"
"HiG_3"	45	"FAM155A"	144	"HiG"
"HiG_3"	0	"KAZN"	247	"HiG"
"HiG_3"	2591	"DLG2"	9	"HiG"
"HiG_3"	10	"FGF14"	177.5	"HiG"
"HiG_3"	0	"PCCA"	247	"HiG"
"HiG_3"	20	"GPC6"	162.5	"HiG"
"HiG_3"	0	"HECTD4"	247	"HiG"
"HiG_3"	3	"KLF12"	200.5	"HiG"
"HiG_3"	3376	"DPP6"	5	"HiG"
"HiG_3"	0	"PCDH9"	247	"HiG"
"HiG_3"	0	"EXT1"	247	"HiG"
"HiG_3"	913	"NRCAM"	32	"HiG"
"HiG_3"	24	"LINGO2"	158.5	"HiG"
"HiG_3"	0	"RFC3"	247	"HiG"
"HiG_3"	24	"NLGN4X"	158.5	"HiG"
"HiG_3"	4138	"PTPRD"	3	"HiG"
"HiG_3"	3	"CTIF"	200.5	"HiG"
"HiG_3"	0	"STAG1"	247	"HiG"
"HiG_3"	41	"CADPS"	147	"HiG"
"HiG_3"	0	"SRGAP3"	247	"HiG"
"HiG_3"	1787	"ALK"	14	"HiG"
"HiG_3"	6	"TRAPPC9"	189	"HiG"
"HiG_3"	350	"PTPRN2"	77	"HiG"
"HiG_3"	33	"CCDC57"	150.5	"HiG"
"HiG_3"	17	"ASH1L"	167.5	"HiG"
"HiG_3"	0	"EVL"	247	"HiG"
"HiG_3"	9	"LUC7L3"	180.5	"HiG"
"HiG_3"	1443	"GAP43"	19	"HiG"
"HiG_3"	15	"TNRC6A"	170.5	"HiG"
"HiG_3"	0	"FAF1"	247	"HiG"
"HiG_3"	0	"TTC28"	247	"HiG"
"HiG_3"	546	"BCL2"	53	"HiG"
"HiG_3"	134	"TCF4"	119.5	"HiG"
"HiG_3"	5	"TTC3"	192	"HiG"
"HiG_3"	0	"JMJD1C"	247	"HiG"
"HiG_3"	0	"PCBP3"	247	"HiG"
"HiG_3"	265	"NBEA"	94	"HiG"
"HiG_3"	1913	"DSCAM"	13	"HiG"
"HiG_3"	0	"NCAM2"	247	"HiG"
"HiG_3"	0	"DTNB"	247	"HiG"
"HiG_3"	970	"NPY"	31	"HiG"
"HiG_3"	0	"AKAP12"	247	"HiG"
"HiG_3"	99	"NXPH1"	129	"HiG"
"HiG_3"	1173	"CTNNA2"	27	"HiG"
"HiG_3"	1215	"SLC8A1"	23	"HiG"
"HiG_3"	242	"IMMP2L"	102	"HiG"
"HiG_3"	0	"KIF2A"	247	"HiG"
"HiG_3"	5391	"NRXN1"	2	"HiG"
"HiG_3"	9	"NCOA1"	180.5	"HiG"
"HiG_3"	4	"MAGI1"	196.5	"HiG"
"HiG_3"	104	"KIF26B"	127	"HiG"
"HiG_3"	42	"SDK1"	146	"HiG"
"HiG_3"	0	"MBD5"	247	"HiG"
"HiG_3"	2	"CPE"	203.5	"HiG"
"HiG_3"	1549	"SCN9A"	18	"HiG"
"HiG_3"	10	"ZNF638"	177.5	"HiG"
"HiG_3"	0	"AFF3"	247	"HiG"
"HiG_3"	401	"KANSL1"	67	"HiG"
"HiG_3"	31	"TANC2"	153	"HiG"
"HiG_3"	21	"TCF12"	161	"HiG"
"HiG_3"	273	"DCC"	90.5	"HiG"
"HiG_3"	0	"CASTOR3"	247	"HiG"
"HiG_3"	3210	"RBFOX1"	6	"HiG"
"HiG_3"	668	"BIRC6"	35	"HiG"
"HiG_3"	33	"TNRC18"	150.5	"HiG"
"HiG_3"	2200	"FGF13"	10	"HiG"
"HiG_3"	1921	"GRIK2"	12	"HiG"
"HiG_3"	0	"GTF2IRD1"	247	"HiG"
"HiG_3"	1295	"SOX5"	21	"HiG"
"HiG_3"	341	"GNG4"	79	"HiG"
"HiG_3"	790	"CHRM2"	33	"HiG"
"HiG_3"	109	"BMPR1B"	125	"HiG"
"HiG_3"	20	"TNRC6B"	162.5	"HiG"
"HiG_3"	8	"RUNX1T1"	184.5	"HiG"
"HiG_3"	162	"TBC1D5"	113	"HiG"
"HiG_3"	0	"FRMD5"	247	"HiG"
"HiG_3"	1	"ANKRD36C"	207	"HiG"
"HiG_3"	47	"ICA1"	142	"HiG"
"HiG_3"	495	"UNC5C"	57	"HiG"
"HiG_3"	8	"THSD7A"	184.5	"HiG"
"HiG_3"	1189	"PRKCA"	25	"HiG"
"HiG_3"	0	"CELF4"	247	"HiG"
"HiG_3"	596	"DOCK4"	45	"HiG"
"HiG_3"	294	"TMEM132C"	85	"HiG"
"HiG_3"	272	"MICAL3"	92	"HiG"
"HiG_3"	17	"XKR6"	167.5	"HiG"
"HiG_3"	284	"GPHN"	86.5	"HiG"
"HiG_3"	455	"EHMT1"	58	"HiG"
"HiG_3"	388	"BRAF"	71	"HiG"
"HiG_3"	1636	"CACNA2D3"	16	"HiG"
"HiG_3"	80	"SMYD3"	134	"HiG"
"HiG_3"	0	"IQCJ-SCHIP1"	247	"HiG"
"HiG_3"	408	"ROBO1"	66	"HiG"
"HiG_3"	574	"MAML3"	49	"HiG"
"HiG_3"	166	"ADGRL3"	112	"HiG"
"HiG_3"	366	"FBXL7"	76	"HiG"
"HiG_3"	248	"TENM3"	100	"HiG"
"HiG_3"	0	"TUSC3"	247	"HiG"
"HiG_3"	9	"CCSER1"	180.5	"HiG"
"HiG_3"	263	"RNF150"	95	"HiG"
"HiG_3"	0	"KCTD16"	247	"HiG"
"HiG_3"	178	"RIMS2"	110.5	"HiG"
"HiG_3"	227	"TENM2"	104	"HiG"
"HiG_3"	0	"DPYSL2"	247	"HiG"
"HiG_3"	2736	"GRIA1"	7	"HiG"
"HiG_3"	564	"STMN2"	50	"HiG"
"HiG_3"	152	"KCNB2"	117	"HiG"
"HiG_3"	152	"POU2F2"	117	"HiG"
"HiG_3"	0	"TEAD1"	247	"HiG"
"HiG_3"	185	"KIF1A"	108	"HiG"
"HiG_3"	347	"TUBA1A"	78	"HiG"
"HiG_3"	0	"ADK"	247	"HiG"
"HiG_3"	12	"SSH2"	175	"HiG"
"HiG_3"	49	"CMIP"	141	"HiG"
"HiG_3"	43	"ANKS1B"	145	"HiG"
"HiG_3"	311	"EML5"	82	"HiG"
"HiG_3"	439	"MEIS2"	61	"HiG"
"HiG_3"	0	"TMEM178B"	247	"HiG"
"HiG_3"	19	"WWOX"	164.5	"HiG"
"HiG_3"	1065	"CDH8"	28	"HiG"
"HiG_3"	0	"PITPNC1"	247	"HiG"
"HiG_3"	75	"UNK"	137	"HiG"
"HiG_3"	70	"PTPRS"	138	"HiG"
"HiG_3"	15	"GPATCH8"	170.5	"HiG"
"HiG_3"	101	"MBTD1"	128	"HiG"
"HiG_3"	528	"BCAS3"	54	"HiG"
"HiG_3"	0	"DTNA"	247	"HiG"
"HiG_3"	27	"RPS5"	156	"HiG"
"HiG_3"	76	"CAMK1D"	136	"HiG"
"HiG_3"	714	"NCAM1"	34	"HiG"
"HiG_3"	64	"EPHA5"	139	"HiG"
"HiG_3"	252	"SRRM3"	99	"HiG"
"HiG_3"	0	"CDH4"	247	"HiG"
"HiG_3"	0	"EXOC6B"	247	"HiG"
"HiG_3"	1623	"DLGAP2"	17	"HiG"
"HiG_3"	8	"ARID1B"	184.5	"HiG"
"HiG_3"	0	"CCDC200"	247	"HiG"
"HiG_3"	160	"ZFHX3"	114	"HiG"
"HiG_3"	94	"IGF1R"	131	"HiG"
"HiG_3"	12	"SETBP1"	175	"HiG"
"HiG_3"	335	"MYT1L"	80	"HiG"
"HiG_3"	267	"ANKRD36"	93	"HiG"
"HiG_3"	0	"BICD1"	247	"HiG"
"HiG_3"	0	"AKT3"	247	"HiG"
"HiG_4"	0	"RPL18A"	125	"HiG"
"HiG_4"	1680	"RPL19"	3	"HiG"
"HiG_4"	0	"RPS12"	125	"HiG"
"HiG_4"	1	"TMSB10"	75	"HiG"
"HiG_4"	0	"CAMSAP2"	125	"HiG"
"HiG_4"	0	"H3-3B"	125	"HiG"
"HiG_4"	0	"SNAP25"	125	"HiG"
"HiG_4"	0	"KIDINS220"	125	"HiG"
"HiG_4"	0	"TMOD1"	125	"HiG"
"HiG_4"	0	"RPL35"	125	"HiG"
"HiG_4"	177	"TUBB2B"	35.5	"HiG"
"HiG_4"	0	"RORA"	125	"HiG"
"HiG_4"	0	"GNAO1"	125	"HiG"
"HiG_4"	585	"RPL8"	14	"HiG"
"HiG_4"	171	"KIF1B"	39	"HiG"
"HiG_4"	0	"ATP6V0A1"	125	"HiG"
"HiG_4"	414	"SEMA3A"	21	"HiG"
"HiG_4"	113	"CDK6"	48	"HiG"
"HiG_4"	0	"RPS11"	125	"HiG"
"HiG_4"	317	"RPS27A"	28	"HiG"
"HiG_4"	0	"FTH1"	125	"HiG"
"HiG_4"	0	"RPL37"	125	"HiG"
"HiG_4"	0	"DLC1"	125	"HiG"
"HiG_4"	107	"RPS3"	49	"HiG"
"HiG_4"	363	"MYCN"	25	"HiG"
"HiG_4"	0	"RAB3C"	125	"HiG"
"HiG_4"	0	"APP"	125	"HiG"
"HiG_4"	0	"RPL29"	125	"HiG"
"HiG_4"	0	"RPS23"	125	"HiG"
"HiG_4"	0	"MBOAT2"	125	"HiG"
"HiG_4"	0	"VAT1L"	125	"HiG"
"HiG_4"	102	"ZNF804A"	50	"HiG"
"HiG_4"	129	"SCG2"	44	"HiG"
"HiG_4"	0	"PAM"	125	"HiG"
"HiG_4"	341	"RPL13"	26	"HiG"
"HiG_4"	0	"DST"	125	"HiG"
"HiG_4"	0	"RPL15"	125	"HiG"
"HiG_4"	66	"RPL38"	54	"HiG"
"HiG_4"	0	"CSRNP3"	125	"HiG"
"HiG_4"	0	"RPS15A"	125	"HiG"
"HiG_4"	0	"CRMP1"	125	"HiG"
"HiG_4"	23	"EFNA5"	60	"HiG"
"HiG_4"	0	"MARCHF11"	125	"HiG"
"HiG_4"	733	"KCND2"	12	"HiG"
"HiG_4"	2	"PCLO"	71	"HiG"
"HiG_4"	46	"HSP90AA1"	56	"HiG"
"HiG_4"	185	"TUBA1B"	34	"HiG"
"HiG_4"	17	"TUBB"	61	"HiG"
"HiG_4"	1184	"EEF1A1"	6	"HiG"
"HiG_4"	0	"RPL7"	125	"HiG"
"HiG_4"	1	"MAPT"	75	"HiG"
"HiG_4"	0	"RPS2"	125	"HiG"
"HiG_4"	0	"ATP9A"	125	"HiG"
"HiG_4"	0	"DPYSL3"	125	"HiG"
"HiG_4"	186	"AUTS2"	33	"HiG"
"HiG_4"	0	"PTMA"	125	"HiG"
"HiG_4"	370	"KCNQ5"	24	"HiG"
"HiG_4"	0	"RPS21"	125	"HiG"
"HiG_4"	4	"RPL3"	65.5	"HiG"
"HiG_4"	0	"RPL27A"	125	"HiG"
"HiG_4"	0	"RPL21"	125	"HiG"
"HiG_4"	205	"RPLP1"	31	"HiG"
"HiG_4"	0	"RPS3A"	125	"HiG"
"HiG_4"	171	"MAGI2"	39	"HiG"
"HiG_4"	0	"DNM3"	125	"HiG"
"HiG_4"	86	"SYN3"	51.5	"HiG"
"HiG_4"	0	"ELAVL3"	125	"HiG"
"HiG_4"	0	"MAP2"	125	"HiG"
"HiG_4"	0	"PAK3"	125	"HiG"
"HiG_4"	4	"MT-CO1"	65.5	"HiG"
"HiG_4"	0	"RPL12"	125	"HiG"
"HiG_4"	835	"CNTNAP2"	10	"HiG"
"HiG_4"	0	"TOX"	125	"HiG"
"HiG_4"	0	"MT-CO2"	125	"HiG"
"HiG_4"	0	"CDC42BPA"	125	"HiG"
"HiG_4"	169	"ENAH"	42	"HiG"
"HiG_4"	0	"RPL5"	125	"HiG"
"HiG_4"	487	"ADGRB3"	18	"HiG"
"HiG_4"	0	"EYS"	125	"HiG"
"HiG_4"	0	"PRKACB"	125	"HiG"
"HiG_4"	0	"SGIP1"	125	"HiG"
"HiG_4"	882	"GNAS"	7	"HiG"
"HiG_4"	866	"HSP90AB1"	9	"HiG"
"HiG_4"	0	"RPL7A"	125	"HiG"
"HiG_4"	0	"RPS4X"	125	"HiG"
"HiG_4"	177	"FAM155A"	35.5	"HiG"
"HiG_4"	171	"FGF14"	39	"HiG"
"HiG_4"	3	"FTL"	67.5	"HiG"
"HiG_4"	594	"DPP6"	13	"HiG"
"HiG_4"	0	"RPS16"	125	"HiG"
"HiG_4"	0	"NRCAM"	125	"HiG"
"HiG_4"	114	"LINGO2"	47	"HiG"
"HiG_4"	0	"RPS6"	125	"HiG"
"HiG_4"	30	"TMSB4X"	58	"HiG"
"HiG_4"	0	"DDX1"	125	"HiG"
"HiG_4"	24	"KCNIP4"	59	"HiG"
"HiG_4"	115	"ALK"	46	"HiG"
"HiG_4"	0	"RPL13A"	125	"HiG"
"HiG_4"	2	"RPL24"	71	"HiG"
"HiG_4"	0	"PPP2R2B"	125	"HiG"
"HiG_4"	0	"RPL34"	125	"HiG"
"HiG_4"	0	"RPS8"	125	"HiG"
"HiG_4"	3289	"GAPDH"	1	"HiG"
"HiG_4"	0	"TTC3"	125	"HiG"
"HiG_4"	48	"NPY"	55	"HiG"
"HiG_4"	0	"AKAP12"	125	"HiG"
"HiG_4"	83	"NXPH1"	53	"HiG"
"HiG_4"	1191	"CTNNA2"	5	"HiG"
"HiG_4"	0	"KIF2A"	125	"HiG"
"HiG_4"	1426	"NRXN1"	4	"HiG"
"HiG_4"	6	"RPS14"	64	"HiG"
"HiG_4"	125	"CPE"	45	"HiG"
"HiG_4"	0	"SCN9A"	125	"HiG"
"HiG_4"	2	"UBA52"	71	"HiG"
"HiG_4"	0	"RPL23A"	125	"HiG"
"HiG_4"	0	"UNC80"	125	"HiG"
"HiG_4"	449	"RBFOX1"	19	"HiG"
"HiG_4"	35	"RPS18"	57	"HiG"
"HiG_4"	0	"KIF5C"	125	"HiG"
"HiG_4"	288	"GRIK2"	29	"HiG"
"HiG_4"	0	"TSC22D1"	125	"HiG"
"HiG_4"	391	"SOX5"	22	"HiG"
"HiG_4"	171	"GNG4"	39	"HiG"
"HiG_4"	0	"CLSTN2"	125	"HiG"
"HiG_4"	0	"RPL6"	125	"HiG"
"HiG_4"	541	"DOCK4"	17	"HiG"
"HiG_4"	0	"RPL10"	125	"HiG"
"HiG_4"	0	"RPS24"	125	"HiG"
"HiG_4"	0	"RPL32"	125	"HiG"
"HiG_4"	8	"RPL37A"	63	"HiG"
"HiG_4"	0	"LSAMP"	125	"HiG"
"HiG_4"	2	"EIF1"	71	"HiG"
"HiG_4"	552	"RPL23"	16	"HiG"
"HiG_4"	322	"ROBO1"	27	"HiG"
"HiG_4"	0	"MAML3"	125	"HiG"
"HiG_4"	378	"ADGRL3"	23	"HiG"
"HiG_4"	199	"TENM3"	32	"HiG"
"HiG_4"	0	"TUSC3"	125	"HiG"
"HiG_4"	171	"CCSER1"	39	"HiG"
"HiG_4"	275	"RIMS2"	30	"HiG"
"HiG_4"	0	"DPYSL2"	125	"HiG"
"HiG_4"	0	"RPL30"	125	"HiG"
"HiG_4"	0	"RPS20"	125	"HiG"
"HiG_4"	133	"KCNB2"	43	"HiG"
"HiG_4"	0	"RPLP2"	125	"HiG"
"HiG_4"	790	"FAU"	11	"HiG"
"HiG_4"	11	"RGS5"	62	"HiG"
"HiG_4"	0	"RPS13"	125	"HiG"
"HiG_4"	424	"TUBA1A"	20	"HiG"
"HiG_4"	0	"RPL18"	125	"HiG"
"HiG_4"	0	"NACA"	125	"HiG"
"HiG_4"	0	"RPL41"	125	"HiG"
"HiG_4"	0	"RPLP0"	125	"HiG"
"HiG_4"	0	"RPL28"	125	"HiG"
"HiG_4"	1975	"ACTG1"	2	"HiG"
"HiG_4"	2	"RPL26"	71	"HiG"
"HiG_4"	1	"RPL36"	75	"HiG"
"HiG_4"	0	"RPL27"	125	"HiG"
"HiG_4"	3	"RPS15"	67.5	"HiG"
"HiG_4"	0	"RPS19"	125	"HiG"
"HiG_4"	0	"RPS28"	125	"HiG"
"HiG_4"	86	"RPS5"	51.5	"HiG"
"HiG_4"	875	"TPT1"	8	"HiG"
"HiG_4"	0	"MGAT4C"	125	"HiG"
"HiG_4"	0	"CCDC200"	125	"HiG"
"HiG_4"	0	"ZFHX3"	125	"HiG"
"HiG_4"	0	"RPL9"	125	"HiG"
"HiG_4"	569	"ACTB"	15	"HiG"
"HiG_4"	0	"RPS7"	125	"HiG"
"HiG_4"	0	"RPL35A"	125	"HiG"
"HiG_4"	0	"RPL11"	125	"HiG"
"HiG_4"	0	"MYT1L"	125	"HiG"
"HiG_4"	0	"RPS27"	125	"HiG"
"HiG_5"	5	"TTC17"	260.5	"HiG"
"HiG_5"	473	"MACROD2"	96	"HiG"
"HiG_5"	21	"GLCCI1"	229	"HiG"
"HiG_5"	0	"PHOX2B"	318.5	"HiG"
"HiG_5"	760	"KALRN"	60	"HiG"
"HiG_5"	4	"BBS9"	265	"HiG"
"HiG_5"	558	"ATXN1"	82.5	"HiG"
"HiG_5"	642	"SEZ6L"	73	"HiG"
"HiG_5"	0	"RABGAP1L"	318.5	"HiG"
"HiG_5"	0	"C20orf194"	318.5	"HiG"
"HiG_5"	0	"ZSWIM6"	318.5	"HiG"
"HiG_5"	2	"GSE1"	273.5	"HiG"
"HiG_5"	569	"EXOC4"	81	"HiG"
"HiG_5"	0	"RAP1GAP2"	318.5	"HiG"
"HiG_5"	9	"SNAP25"	249	"HiG"
"HiG_5"	0	"SBF2"	318.5	"HiG"
"HiG_5"	80	"UNC79"	189	"HiG"
"HiG_5"	367	"TMOD1"	112	"HiG"
"HiG_5"	125	"TUBB2B"	169	"HiG"
"HiG_5"	659	"SYT1"	69	"HiG"
"HiG_5"	338	"ENOX1"	124	"HiG"
"HiG_5"	325	"RORA"	131	"HiG"
"HiG_5"	0	"NOL4"	318.5	"HiG"
"HiG_5"	25	"RIMBP2"	226	"HiG"
"HiG_5"	3757	"KMT2C"	8	"HiG"
"HiG_5"	0	"PKD1"	318.5	"HiG"
"HiG_5"	0	"CBFA2T2"	318.5	"HiG"
"HiG_5"	640	"SORCS1"	74	"HiG"
"HiG_5"	453	"CLASP1"	101	"HiG"
"HiG_5"	857	"IL7"	52	"HiG"
"HiG_5"	360	"EHBP1"	115	"HiG"
"HiG_5"	0	"CRACD"	318.5	"HiG"
"HiG_5"	0	"FBXL20"	318.5	"HiG"
"HiG_5"	3	"DNMT3A"	268.5	"HiG"
"HiG_5"	0	"ST7"	318.5	"HiG"
"HiG_5"	103	"AHI1"	179	"HiG"
"HiG_5"	1651	"CDK6"	20	"HiG"
"HiG_5"	33	"ANKIB1"	213	"HiG"
"HiG_5"	0	"CPEB3"	318.5	"HiG"
"HiG_5"	8	"RBM6"	252.5	"HiG"
"HiG_5"	31	"DOCK3"	216.5	"HiG"
"HiG_5"	407	"SRRM4"	105	"HiG"
"HiG_5"	32	"RTN1"	215	"HiG"
"HiG_5"	7929	"RPS27A"	1	"HiG"
"HiG_5"	897	"MEIS1"	47	"HiG"
"HiG_5"	362	"TMEFF2"	113	"HiG"
"HiG_5"	70	"STXBP5L"	194	"HiG"
"HiG_5"	27	"ARHGAP26"	223	"HiG"
"HiG_5"	7	"CDKAL1"	255	"HiG"
"HiG_5"	509	"DLC1"	91	"HiG"
"HiG_5"	0	"KIAA1328"	318.5	"HiG"
"HiG_5"	1377	"ANK3"	29	"HiG"
"HiG_5"	30	"DIP2C"	218	"HiG"
"HiG_5"	16	"AKAP6"	235.5	"HiG"
"HiG_5"	0	"FER"	318.5	"HiG"
"HiG_5"	240	"NBAS"	146	"HiG"
"HiG_5"	179	"MGAT5"	155	"HiG"
"HiG_5"	735	"MED13L"	63	"HiG"
"HiG_5"	1391	"CAMK4"	28	"HiG"
"HiG_5"	464	"GRIA4"	98	"HiG"
"HiG_5"	412	"JAZF1"	103	"HiG"
"HiG_5"	139	"MSI2"	165	"HiG"
"HiG_5"	13	"APP"	240	"HiG"
"HiG_5"	818	"KCNMA1"	58	"HiG"
"HiG_5"	751	"ZFAND3"	62	"HiG"
"HiG_5"	3562	"NRG1"	10	"HiG"
"HiG_5"	73	"PRKAG2"	192	"HiG"
"HiG_5"	370	"ERC2"	111	"HiG"
"HiG_5"	677	"DGKI"	68	"HiG"
"HiG_5"	9	"RBMS1"	249	"HiG"
"HiG_5"	17	"GRIA2"	233	"HiG"
"HiG_5"	532	"MAP1B"	85	"HiG"
"HiG_5"	88	"COG5"	187	"HiG"
"HiG_5"	0	"SPIDR"	318.5	"HiG"
"HiG_5"	196	"ZNF804A"	153	"HiG"
"HiG_5"	20	"SCG2"	230	"HiG"
"HiG_5"	96	"FSTL5"	182	"HiG"
"HiG_5"	696	"OTUD7A"	65	"HiG"
"HiG_5"	176	"ALCAM"	157	"HiG"
"HiG_5"	351	"PRKCE"	118	"HiG"
"HiG_5"	134	"CAMTA1"	167	"HiG"
"HiG_5"	1643	"CTNND2"	21	"HiG"
"HiG_5"	578	"BPTF"	80	"HiG"
"HiG_5"	2	"RPTOR"	273.5	"HiG"
"HiG_5"	253	"AGAP1"	144	"HiG"
"HiG_5"	51	"ZNF608"	206	"HiG"
"HiG_5"	0	"GABRB3"	318.5	"HiG"
"HiG_5"	458	"KMT2E"	99	"HiG"
"HiG_5"	2	"AGPAT4"	273.5	"HiG"
"HiG_5"	0	"GPR137C"	318.5	"HiG"
"HiG_5"	0	"ZNF609"	318.5	"HiG"
"HiG_5"	15	"GRK3"	237	"HiG"
"HiG_5"	56	"LDLRAD3"	201.5	"HiG"
"HiG_5"	56	"FMN2"	201.5	"HiG"
"HiG_5"	0	"BASP1"	318.5	"HiG"
"HiG_5"	0	"EPN2"	318.5	"HiG"
"HiG_5"	121	"SLCO3A1"	172	"HiG"
"HiG_5"	10	"ANKFN1"	246.5	"HiG"
"HiG_5"	0	"MTSS1"	318.5	"HiG"
"HiG_5"	908	"EBF1"	46	"HiG"
"HiG_5"	10	"TTC39C"	246.5	"HiG"
"HiG_5"	233	"SEMA6D"	147	"HiG"
"HiG_5"	124	"CLASP2"	170	"HiG"
"HiG_5"	483	"EFNA5"	93	"HiG"
"HiG_5"	1161	"CADM1"	35	"HiG"
"HiG_5"	48	"PHACTR1"	207.5	"HiG"
"HiG_5"	150	"GRID1"	162	"HiG"
"HiG_5"	358	"ZNF704"	116	"HiG"
"HiG_5"	1596	"SLIT3"	23	"HiG"
"HiG_5"	558	"MARCHF11"	82.5	"HiG"
"HiG_5"	3386	"KCND2"	11	"HiG"
"HiG_5"	1437	"PCLO"	25	"HiG"
"HiG_5"	62	"TNRC6C"	197.5	"HiG"
"HiG_5"	126	"PACRG"	168	"HiG"
"HiG_5"	1283	"RERE"	32	"HiG"
"HiG_5"	0	"TRIO"	318.5	"HiG"
"HiG_5"	170	"FOXO3"	159	"HiG"
"HiG_5"	140	"PTK2"	164	"HiG"
"HiG_5"	195	"PDE4B"	154	"HiG"
"HiG_5"	153	"FOXN3"	161	"HiG"
"HiG_5"	5597	"AUTS2"	4	"HiG"
"HiG_5"	1176	"KCNQ5"	34	"HiG"
"HiG_5"	267	"DLG1"	142	"HiG"
"HiG_5"	860	"RPLP1"	51	"HiG"
"HiG_5"	332	"MAGI2"	126.5	"HiG"
"HiG_5"	759	"FYN"	61	"HiG"
"HiG_5"	48	"SRGAP1"	207.5	"HiG"
"HiG_5"	11	"LINGO1"	244	"HiG"
"HiG_5"	9	"SORBS2"	249	"HiG"
"HiG_5"	0	"JPT1"	318.5	"HiG"
"HiG_5"	178	"CACNA2D1"	156	"HiG"
"HiG_5"	4069	"ANK2"	7	"HiG"
"HiG_5"	0	"LRBA"	318.5	"HiG"
"HiG_5"	4	"FRMD4A"	265	"HiG"
"HiG_5"	1404	"CREB5"	26	"HiG"
"HiG_5"	300	"NF1"	136	"HiG"
"HiG_5"	330	"GRM8"	129	"HiG"
"HiG_5"	613	"SYN3"	77	"HiG"
"HiG_5"	330	"PDE3A"	129	"HiG"
"HiG_5"	1	"ELAVL3"	280.5	"HiG"
"HiG_5"	386	"LDLRAD4"	107	"HiG"
"HiG_5"	637	"PLXNA4"	75	"HiG"
"HiG_5"	1210	"CUX1"	33	"HiG"
"HiG_5"	28	"DCLK1"	220	"HiG"
"HiG_5"	92	"ERC1"	185	"HiG"
"HiG_5"	79	"NCKAP1"	190	"HiG"
"HiG_5"	690	"ZEB1"	66	"HiG"
"HiG_5"	554	"ASTN2"	84	"HiG"
"HiG_5"	835	"MACF1"	54	"HiG"
"HiG_5"	5237	"CNTNAP2"	5	"HiG"
"HiG_5"	0	"TOX"	318.5	"HiG"
"HiG_5"	0	"FAM163A"	318.5	"HiG"
"HiG_5"	984	"DMD"	44	"HiG"
"HiG_5"	0	"GAB2"	318.5	"HiG"
"HiG_5"	0	"MT-CO3"	318.5	"HiG"
"HiG_5"	2	"SDCCAG8"	273.5	"HiG"
"HiG_5"	707	"RGS7"	64	"HiG"
"HiG_5"	588	"RYR2"	78	"HiG"
"HiG_5"	372	"PRKN"	110	"HiG"
"HiG_5"	1	"DPYD"	280.5	"HiG"
"HiG_5"	1075	"ADGRB3"	38	"HiG"
"HiG_5"	102	"EYS"	180	"HiG"
"HiG_5"	361	"SGIP1"	114	"HiG"
"HiG_5"	0	"SSBP3"	318.5	"HiG"
"HiG_5"	89	"CACNA1B"	186	"HiG"
"HiG_5"	11	"TSHZ2"	244	"HiG"
"HiG_5"	6	"AGBL4"	257	"HiG"
"HiG_5"	476	"HIVEP3"	95	"HiG"
"HiG_5"	0	"GARNL3"	318.5	"HiG"
"HiG_5"	33	"LPAR1"	213	"HiG"
"HiG_5"	0	"PARD3"	318.5	"HiG"
"HiG_5"	0	"AOPEP"	318.5	"HiG"
"HiG_5"	63	"FAM155A"	195.5	"HiG"
"HiG_5"	0	"KAZN"	318.5	"HiG"
"HiG_5"	1879	"DLG2"	17	"HiG"
"HiG_5"	0	"FGF14"	318.5	"HiG"
"HiG_5"	0	"PCCA"	318.5	"HiG"
"HiG_5"	5	"GPR158"	260.5	"HiG"
"HiG_5"	410	"HS6ST3"	104	"HiG"
"HiG_5"	27	"PRUNE2"	223	"HiG"
"HiG_5"	54	"UGGT2"	203.5	"HiG"
"HiG_5"	1	"NEBL"	280.5	"HiG"
"HiG_5"	0	"HECTD4"	318.5	"HiG"
"HiG_5"	4	"KLF12"	265	"HiG"
"HiG_5"	3721	"DPP6"	9	"HiG"
"HiG_5"	0	"RTN3"	318.5	"HiG"
"HiG_5"	11	"PCDH9"	244	"HiG"
"HiG_5"	2	"EXT1"	273.5	"HiG"
"HiG_5"	115	"GNB1"	174	"HiG"
"HiG_5"	878	"CHGB"	49	"HiG"
"HiG_5"	61	"LINGO2"	199	"HiG"
"HiG_5"	0	"NLGN4X"	318.5	"HiG"
"HiG_5"	5699	"PTPRD"	3	"HiG"
"HiG_5"	5	"ATP8A1"	260.5	"HiG"
"HiG_5"	680	"SGCZ"	67	"HiG"
"HiG_5"	349	"CTIF"	120	"HiG"
"HiG_5"	0	"STAG1"	318.5	"HiG"
"HiG_5"	8	"CADPS"	252.5	"HiG"
"HiG_5"	117	"RBMS3"	173	"HiG"
"HiG_5"	18	"SRGAP3"	231	"HiG"
"HiG_5"	2446	"KCNQ3"	13	"HiG"
"HiG_5"	620	"ALK"	76	"HiG"
"HiG_5"	218	"PTPRN2"	149	"HiG"
"HiG_5"	0	"EPHA6"	318.5	"HiG"
"HiG_5"	28	"CCDC57"	220	"HiG"
"HiG_5"	14	"BAZ2B"	238	"HiG"
"HiG_5"	17	"LUC7L3"	233	"HiG"
"HiG_5"	1	"SPOCK1"	280.5	"HiG"
"HiG_5"	6	"TNRC6A"	257	"HiG"
"HiG_5"	87	"HECW1"	188	"HiG"
"HiG_5"	1	"FAF1"	280.5	"HiG"
"HiG_5"	62	"SOX6"	197.5	"HiG"
"HiG_5"	516	"RAPGEF4"	89	"HiG"
"HiG_5"	0	"TTC28"	318.5	"HiG"
"HiG_5"	0	"NAV3"	318.5	"HiG"
"HiG_5"	2857	"BCL2"	12	"HiG"
"HiG_5"	658	"TCF4"	70	"HiG"
"HiG_5"	0	"AEBP2"	318.5	"HiG"
"HiG_5"	349	"TTC3"	120	"HiG"
"HiG_5"	0	"JMJD1C"	318.5	"HiG"
"HiG_5"	349	"N4BP2L2"	120	"HiG"
"HiG_5"	0	"PCBP3"	318.5	"HiG"
"HiG_5"	108	"SGSM1"	177	"HiG"
"HiG_5"	283	"NBEA"	140	"HiG"
"HiG_5"	203	"NCAM2"	151.5	"HiG"
"HiG_5"	28	"ZFPM2"	220	"HiG"
"HiG_5"	831	"CADM2"	55	"HiG"
"HiG_5"	991	"NPY"	42	"HiG"
"HiG_5"	0	"AKAP12"	318.5	"HiG"
"HiG_5"	1366	"NXPH1"	30	"HiG"
"HiG_5"	503	"CTNNA2"	92	"HiG"
"HiG_5"	245	"SLC8A1"	145	"HiG"
"HiG_5"	581	"IMMP2L"	79	"HiG"
"HiG_5"	3	"KIF2A"	268.5	"HiG"
"HiG_5"	1766	"NRXN1"	19	"HiG"
"HiG_5"	0	"NCOA1"	318.5	"HiG"
"HiG_5"	36	"KIF26B"	211	"HiG"
"HiG_5"	304	"DGKB"	134	"HiG"
"HiG_5"	383	"SDK1"	108	"HiG"
"HiG_5"	2415	"RPS14"	14	"HiG"
"HiG_5"	338	"MBD5"	124	"HiG"
"HiG_5"	1	"CPE"	280.5	"HiG"
"HiG_5"	230	"ZNF638"	148	"HiG"
"HiG_5"	0	"AFF3"	318.5	"HiG"
"HiG_5"	1795	"LRRTM4"	18	"HiG"
"HiG_5"	992	"KANSL1"	41	"HiG"
"HiG_5"	0	"TANC2"	318.5	"HiG"
"HiG_5"	322	"TCF12"	132	"HiG"
"HiG_5"	148	"RPSA"	163	"HiG"
"HiG_5"	0	"CASTOR3"	318.5	"HiG"
"HiG_5"	338	"UNC80"	124	"HiG"
"HiG_5"	4444	"RBFOX1"	6	"HiG"
"HiG_5"	4	"BIRC6"	265	"HiG"
"HiG_5"	823	"FGF13"	56	"HiG"
"HiG_5"	0	"CHD9"	318.5	"HiG"
"HiG_5"	652	"GRIK2"	72	"HiG"
"HiG_5"	318	"GTF2IRD1"	133	"HiG"
"HiG_5"	2006	"SOX5"	16	"HiG"
"HiG_5"	514	"GNG4"	90	"HiG"
"HiG_5"	520	"SNAP91"	87	"HiG"
"HiG_5"	77	"BMPR1B"	191	"HiG"
"HiG_5"	8	"TNRC6B"	252.5	"HiG"
"HiG_5"	174	"RUNX1T1"	158	"HiG"
"HiG_5"	33	"CLSTN2"	213	"HiG"
"HiG_5"	0	"FRMD5"	318.5	"HiG"
"HiG_5"	289	"ANKRD36C"	138	"HiG"
"HiG_5"	63	"TENM1"	195.5	"HiG"
"HiG_5"	374	"ICA1"	109	"HiG"
"HiG_5"	5	"PLEKHA5"	260.5	"HiG"
"HiG_5"	2	"SLC4A8"	273.5	"HiG"
"HiG_5"	867	"UNC5C"	50	"HiG"
"HiG_5"	100	"THSD7A"	181	"HiG"
"HiG_5"	0	"CHRNA7"	318.5	"HiG"
"HiG_5"	2234	"PRKCA"	15	"HiG"
"HiG_5"	54	"CELF4"	203.5	"HiG"
"HiG_5"	6370	"DOCK4"	2	"HiG"
"HiG_5"	109	"TMEM132C"	175.5	"HiG"
"HiG_5"	353	"RBFOX2"	117	"HiG"
"HiG_5"	0	"MICAL3"	318.5	"HiG"
"HiG_5"	203	"XKR6"	151.5	"HiG"
"HiG_5"	332	"ROBO2"	126.5	"HiG"
"HiG_5"	22	"ST6GALNAC5"	228	"HiG"
"HiG_5"	209	"GPHN"	150	"HiG"
"HiG_5"	109	"BTBD9"	175.5	"HiG"
"HiG_5"	37	"LSAMP"	210	"HiG"
"HiG_5"	989	"BRAF"	43	"HiG"
"HiG_5"	524	"CACNA2D3"	86	"HiG"
"HiG_5"	16	"ZBTB20"	235.5	"HiG"
"HiG_5"	13	"SMYD3"	240	"HiG"
"HiG_5"	0	"PRKRIP1"	318.5	"HiG"
"HiG_5"	0	"DENND2A"	318.5	"HiG"
"HiG_5"	0	"IQCJ-SCHIP1"	318.5	"HiG"
"HiG_5"	1083	"ROBO1"	37	"HiG"
"HiG_5"	138	"ATP11A"	166	"HiG"
"HiG_5"	996	"MAML3"	40	"HiG"
"HiG_5"	1132	"ADGRL3"	36	"HiG"
"HiG_5"	477	"GALNTL6"	94	"HiG"
"HiG_5"	822	"FBXL7"	57	"HiG"
"HiG_5"	471	"TENM3"	97	"HiG"
"HiG_5"	0	"TUSC3"	318.5	"HiG"
"HiG_5"	57	"CCSER1"	200	"HiG"
"HiG_5"	0	"KCTD16"	318.5	"HiG"
"HiG_5"	302	"RIMS2"	135	"HiG"
"HiG_5"	53	"DPYSL2"	205	"HiG"
"HiG_5"	162	"RIMS1"	160	"HiG"
"HiG_5"	1017	"KCNB2"	39	"HiG"
"HiG_5"	0	"TEAD1"	318.5	"HiG"
"HiG_5"	41	"FBXL17"	209	"HiG"
"HiG_5"	803	"PCDH7"	59	"HiG"
"HiG_5"	4	"ADK"	265	"HiG"
"HiG_5"	94	"SSH2"	183.5	"HiG"
"HiG_5"	26	"DENND5B"	225	"HiG"
"HiG_5"	0	"FRY"	318.5	"HiG"
"HiG_5"	0	"CMIP"	318.5	"HiG"
"HiG_5"	655	"CNTN1"	71	"HiG"
"HiG_5"	2	"ANKS1B"	273.5	"HiG"
"HiG_5"	27	"EML5"	223	"HiG"
"HiG_5"	0	"SAMD4A"	318.5	"HiG"
"HiG_5"	1606	"TLN2"	22	"HiG"
"HiG_5"	12	"MEIS2"	242	"HiG"
"HiG_5"	0	"SCAPER"	318.5	"HiG"
"HiG_5"	105	"ZNF423"	178	"HiG"
"HiG_5"	31	"TMEM178B"	216.5	"HiG"
"HiG_5"	122	"WWOX"	171	"HiG"
"HiG_5"	274	"PTPRM"	141	"HiG"
"HiG_5"	0	"FHOD3"	318.5	"HiG"
"HiG_5"	2	"GPATCH8"	273.5	"HiG"
"HiG_5"	296	"MBTD1"	137	"HiG"
"HiG_5"	429	"BCAS3"	102	"HiG"
"HiG_5"	0	"ZBTB7C"	318.5	"HiG"
"HiG_5"	94	"DTNA"	183.5	"HiG"
"HiG_5"	330	"CAMK1D"	129	"HiG"
"HiG_5"	1395	"NCAM1"	27	"HiG"
"HiG_5"	72	"SRRM3"	193	"HiG"
"HiG_5"	401	"MGAT4C"	106	"HiG"
"HiG_5"	1285	"MAP7"	31	"HiG"
"HiG_5"	24	"EXOC6B"	227	"HiG"
"HiG_5"	285	"DLGAP2"	139	"HiG"
"HiG_5"	1475	"SCN2A"	24	"HiG"
"HiG_5"	8	"RALGAPA1"	252.5	"HiG"
"HiG_5"	6	"ARID1B"	257	"HiG"
"HiG_5"	13	"CCDC200"	240	"HiG"
"HiG_5"	937	"ZFHX3"	45	"HiG"
"HiG_5"	0	"VPS13C"	318.5	"HiG"
"HiG_5"	517	"RPL9"	88	"HiG"
"HiG_5"	885	"RPS7"	48	"HiG"
"HiG_5"	0	"EYA1"	318.5	"HiG"
"HiG_5"	854	"IGF1R"	53	"HiG"
"HiG_5"	342	"CCBE1"	122	"HiG"
"HiG_5"	258	"MYT1L"	143	"HiG"
"HiG_5"	17	"ANKRD36"	233	"HiG"
"HiG_5"	0	"BICD1"	318.5	"HiG"
"HiG_5"	454	"AKT3"	100	"HiG"
"HiG_6"	1	"TTC17"	469	"HiG"
"HiG_6"	5	"FAM168A"	431	"HiG"
"HiG_6"	2	"MAP2K5"	455	"HiG"
"HiG_6"	0	"GLG1"	527.5	"HiG"
"HiG_6"	171	"MACROD2"	293	"HiG"
"HiG_6"	0	"SIPA1L3"	527.5	"HiG"
"HiG_6"	704	"GLCCI1"	160	"HiG"
"HiG_6"	0	"PHOX2B"	527.5	"HiG"
"HiG_6"	563	"TMSB10"	200	"HiG"
"HiG_6"	1307	"KALRN"	97	"HiG"
"HiG_6"	28	"BBS9"	381.5	"HiG"
"HiG_6"	1058	"ATXN1"	119	"HiG"
"HiG_6"	931	"SEZ6L"	132	"HiG"
"HiG_6"	1296	"NALCN"	98	"HiG"
"HiG_6"	0	"RABGAP1L"	527.5	"HiG"
"HiG_6"	0	"C20orf194"	527.5	"HiG"
"HiG_6"	13	"ZSWIM6"	411	"HiG"
"HiG_6"	12	"GSE1"	412.5	"HiG"
"HiG_6"	904	"EXOC4"	134	"HiG"
"HiG_6"	0	"RAP1GAP2"	527.5	"HiG"
"HiG_6"	11705	"H3-3B"	3	"HiG"
"HiG_6"	552	"PI4KA"	206	"HiG"
"HiG_6"	0	"SBF2"	527.5	"HiG"
"HiG_6"	39	"UNC79"	364	"HiG"
"HiG_6"	1280	"BACH2"	101	"HiG"
"HiG_6"	0	"PCNX2"	527.5	"HiG"
"HiG_6"	1037	"TMOD1"	122	"HiG"
"HiG_6"	499	"TUBB2B"	212	"HiG"
"HiG_6"	393	"HECW2"	228	"HiG"
"HiG_6"	1227	"SYT1"	105	"HiG"
"HiG_6"	0	"MNAT1"	527.5	"HiG"
"HiG_6"	49	"XYLT1"	351	"HiG"
"HiG_6"	31	"ENOX1"	373	"HiG"
"HiG_6"	49	"RORA"	351	"HiG"
"HiG_6"	51	"NOL4"	348	"HiG"
"HiG_6"	29	"HERC2"	378	"HiG"
"HiG_6"	292	"RIMBP2"	259	"HiG"
"HiG_6"	149	"CACNG4"	304	"HiG"
"HiG_6"	5177	"KMT2C"	18	"HiG"
"HiG_6"	500	"PKD1"	211	"HiG"
"HiG_6"	61	"RAB11FIP3"	340.5	"HiG"
"HiG_6"	176	"GNAO1"	290	"HiG"
"HiG_6"	47	"CBFA2T2"	354	"HiG"
"HiG_6"	786	"SORCS1"	145	"HiG"
"HiG_6"	25	"SMG6"	387	"HiG"
"HiG_6"	442	"CLASP1"	221	"HiG"
"HiG_6"	908	"IL7"	133	"HiG"
"HiG_6"	0	"MAP4K3"	527.5	"HiG"
"HiG_6"	616	"EHBP1"	179	"HiG"
"HiG_6"	0	"CRACD"	527.5	"HiG"
"HiG_6"	3569	"HDAC4"	34	"HiG"
"HiG_6"	2	"FBXL20"	455	"HiG"
"HiG_6"	583	"DNMT3A"	190.5	"HiG"
"HiG_6"	0	"WDR70"	527.5	"HiG"
"HiG_6"	2	"APBA1"	455	"HiG"
"HiG_6"	15	"ST7"	408	"HiG"
"HiG_6"	352	"AHI1"	239	"HiG"
"HiG_6"	54	"ANKIB1"	346	"HiG"
"HiG_6"	0	"CPEB3"	527.5	"HiG"
"HiG_6"	0	"RBM6"	527.5	"HiG"
"HiG_6"	808	"DOCK3"	143	"HiG"
"HiG_6"	17932	"CACNA1C"	1	"HiG"
"HiG_6"	508	"SRRM4"	210	"HiG"
"HiG_6"	14	"RNF165"	409.5	"HiG"
"HiG_6"	610	"DYM"	183	"HiG"
"HiG_6"	1	"PLEKHA6"	469	"HiG"
"HiG_6"	8	"WDPCP"	420	"HiG"
"HiG_6"	1372	"MEIS1"	93	"HiG"
"HiG_6"	42	"TMEFF2"	358.5	"HiG"
"HiG_6"	254	"STXBP5L"	268.5	"HiG"
"HiG_6"	1	"ARHGAP26"	469	"HiG"
"HiG_6"	139	"CDKAL1"	306	"HiG"
"HiG_6"	608	"DLC1"	184	"HiG"
"HiG_6"	1606	"LRRC4C"	75	"HiG"
"HiG_6"	93	"NINL"	323	"HiG"
"HiG_6"	3	"KIAA1328"	443.5	"HiG"
"HiG_6"	4075	"ANK3"	26	"HiG"
"HiG_6"	153	"DIP2C"	301	"HiG"
"HiG_6"	88	"AKAP6"	326	"HiG"
"HiG_6"	12684	"MYCN"	2	"HiG"
"HiG_6"	2	"FER"	455	"HiG"
"HiG_6"	1815	"NBAS"	68	"HiG"
"HiG_6"	1507	"MGAT5"	80	"HiG"
"HiG_6"	0	"TMEM163"	527.5	"HiG"
"HiG_6"	1443	"MED13L"	85	"HiG"
"HiG_6"	554	"GRID2"	204	"HiG"
"HiG_6"	5468	"CAMK4"	15	"HiG"
"HiG_6"	488	"GRIA4"	214	"HiG"
"HiG_6"	105	"RAB3C"	315.5	"HiG"
"HiG_6"	112	"SCN3A"	312	"HiG"
"HiG_6"	1469	"JAZF1"	82	"HiG"
"HiG_6"	245	"MSI2"	274.5	"HiG"
"HiG_6"	187	"GNAQ"	287.5	"HiG"
"HiG_6"	561	"MMP16"	201.5	"HiG"
"HiG_6"	2121	"KCNMA1"	57.5	"HiG"
"HiG_6"	440	"ZFAND3"	223	"HiG"
"HiG_6"	0	"NSMCE2"	527.5	"HiG"
"HiG_6"	0	"NMNAT2"	527.5	"HiG"
"HiG_6"	1165	"NRG1"	108	"HiG"
"HiG_6"	31	"PRKAG2"	373	"HiG"
"HiG_6"	281	"CACNA1D"	263	"HiG"
"HiG_6"	1429	"ERC2"	89.5	"HiG"
"HiG_6"	765	"DGKI"	149.5	"HiG"
"HiG_6"	64	"FMNL2"	336.5	"HiG"
"HiG_6"	27	"RBMS1"	385	"HiG"
"HiG_6"	682	"GRIA2"	167	"HiG"
"HiG_6"	2203	"RPS23"	56	"HiG"
"HiG_6"	961	"MAP1B"	128	"HiG"
"HiG_6"	729	"COG5"	152	"HiG"
"HiG_6"	3622	"ADCY1"	31	"HiG"
"HiG_6"	0	"SPIDR"	527.5	"HiG"
"HiG_6"	0	"WDFY2"	527.5	"HiG"
"HiG_6"	1363	"ANKRD11"	94	"HiG"
"HiG_6"	6	"DIP2B"	428	"HiG"
"HiG_6"	3	"TPST1"	443.5	"HiG"
"HiG_6"	2406	"ZNF804A"	47	"HiG"
"HiG_6"	0	"DCLK2"	527.5	"HiG"
"HiG_6"	283	"SCG2"	262	"HiG"
"HiG_6"	1308	"MAGI3"	96	"HiG"
"HiG_6"	17	"FSTL5"	402	"HiG"
"HiG_6"	635	"OTUD7A"	174	"HiG"
"HiG_6"	317	"ALCAM"	251	"HiG"
"HiG_6"	0	"SYNPO2"	527.5	"HiG"
"HiG_6"	517	"PRKCE"	209	"HiG"
"HiG_6"	474	"CAMTA1"	218	"HiG"
"HiG_6"	1440	"CTNND2"	86	"HiG"
"HiG_6"	3387	"BPTF"	36	"HiG"
"HiG_6"	323	"RPTOR"	248	"HiG"
"HiG_6"	367	"AGAP1"	234	"HiG"
"HiG_6"	357	"ZNF608"	238	"HiG"
"HiG_6"	6756	"RPL13"	9	"HiG"
"HiG_6"	702	"EEF2"	162	"HiG"
"HiG_6"	1	"GABRB3"	469	"HiG"
"HiG_6"	0	"STOX2"	527.5	"HiG"
"HiG_6"	0	"TNKS"	527.5	"HiG"
"HiG_6"	772	"CTBP2"	148	"HiG"
"HiG_6"	2009	"SNTG2"	61	"HiG"
"HiG_6"	1171	"KMT2E"	107	"HiG"
"HiG_6"	0	"PPM1E"	527.5	"HiG"
"HiG_6"	345	"AGPAT4"	241	"HiG"
"HiG_6"	0	"GPR137C"	527.5	"HiG"
"HiG_6"	1197	"KIAA1549L"	106	"HiG"
"HiG_6"	0	"AHCYL2"	527.5	"HiG"
"HiG_6"	577	"FARS2"	194	"HiG"
"HiG_6"	0	"PACS1"	527.5	"HiG"
"HiG_6"	3	"ZNF609"	443.5	"HiG"
"HiG_6"	0	"PIBF1"	527.5	"HiG"
"HiG_6"	38	"GRK3"	367	"HiG"
"HiG_6"	27	"SCMH1"	385	"HiG"
"HiG_6"	485	"LDLRAD3"	216	"HiG"
"HiG_6"	2	"CRLF3"	455	"HiG"
"HiG_6"	125	"FMN2"	309	"HiG"
"HiG_6"	0	"SOBP"	527.5	"HiG"
"HiG_6"	2865	"CACNB2"	41	"HiG"
"HiG_6"	72	"EPN2"	332.5	"HiG"
"HiG_6"	173	"SLCO3A1"	292	"HiG"
"HiG_6"	0	"RNF144A"	527.5	"HiG"
"HiG_6"	0	"TTLL11"	527.5	"HiG"
"HiG_6"	0	"ANKFN1"	527.5	"HiG"
"HiG_6"	36	"STXBP5"	368.5	"HiG"
"HiG_6"	583	"MTSS1"	190.5	"HiG"
"HiG_6"	1745	"EBF1"	71	"HiG"
"HiG_6"	30	"RAI1"	375.5	"HiG"
"HiG_6"	39	"TTC39C"	364	"HiG"
"HiG_6"	553	"MYO1D"	205	"HiG"
"HiG_6"	692	"TMEM108"	165.5	"HiG"
"HiG_6"	575	"SEMA6D"	196	"HiG"
"HiG_6"	253	"CLASP2"	270.5	"HiG"
"HiG_6"	0	"MCF2L2"	527.5	"HiG"
"HiG_6"	230	"EFNA5"	281	"HiG"
"HiG_6"	1257	"CADM1"	103	"HiG"
"HiG_6"	67	"PHACTR1"	334.5	"HiG"
"HiG_6"	44	"GRID1"	356	"HiG"
"HiG_6"	22	"ZNF704"	392	"HiG"
"HiG_6"	4	"GPR173"	436	"HiG"
"HiG_6"	62	"KCNH7"	338.5	"HiG"
"HiG_6"	366	"SLIT3"	235	"HiG"
"HiG_6"	122	"MARCHF11"	310	"HiG"
"HiG_6"	9820	"KCND2"	5	"HiG"
"HiG_6"	245	"DHRSX"	274.5	"HiG"
"HiG_6"	5572	"PCLO"	14	"HiG"
"HiG_6"	4	"TTC7B"	436	"HiG"
"HiG_6"	486	"TNPO1"	215	"HiG"
"HiG_6"	382	"TBC1D22A"	231	"HiG"
"HiG_6"	951	"TNRC6C"	130	"HiG"
"HiG_6"	96	"DGKH"	320.5	"HiG"
"HiG_6"	16	"RUNDC3B"	405.5	"HiG"
"HiG_6"	411	"PACRG"	226	"HiG"
"HiG_6"	1486	"PLCB1"	81	"HiG"
"HiG_6"	1386	"RERE"	92	"HiG"
"HiG_6"	62	"CCDC88A"	338.5	"HiG"
"HiG_6"	0	"NFAT5"	527.5	"HiG"
"HiG_6"	43	"TRIO"	357	"HiG"
"HiG_6"	1601	"FOXO3"	76	"HiG"
"HiG_6"	2210	"MAPT"	55	"HiG"
"HiG_6"	692	"PTK2"	165.5	"HiG"
"HiG_6"	722	"JARID2"	153.5	"HiG"
"HiG_6"	3976	"ERBB4"	27	"HiG"
"HiG_6"	83	"FOXN3"	327	"HiG"
"HiG_6"	0	"BABAM2"	527.5	"HiG"
"HiG_6"	137	"RAPGEF5"	307	"HiG"
"HiG_6"	32	"MAP4K4"	370.5	"HiG"
"HiG_6"	5258	"AUTS2"	17	"HiG"
"HiG_6"	1898	"KCNQ5"	65	"HiG"
"HiG_6"	319	"SHANK2"	249	"HiG"
"HiG_6"	784	"DLG1"	146.5	"HiG"
"HiG_6"	998	"MAGI2"	124	"HiG"
"HiG_6"	1435	"FYN"	87	"HiG"
"HiG_6"	2	"ATRNL1"	455	"HiG"
"HiG_6"	29	"SRGAP1"	378	"HiG"
"HiG_6"	16	"LINGO1"	405.5	"HiG"
"HiG_6"	706	"DNM3"	158	"HiG"
"HiG_6"	3	"SHTN1"	443.5	"HiG"
"HiG_6"	150	"TBCD"	303	"HiG"
"HiG_6"	626	"UBE2H"	176.5	"HiG"
"HiG_6"	721	"SORBS2"	155	"HiG"
"HiG_6"	99	"SH3PXD2A"	318	"HiG"
"HiG_6"	385	"STK39"	230	"HiG"
"HiG_6"	0	"JPT1"	527.5	"HiG"
"HiG_6"	1	"MYO9A"	469	"HiG"
"HiG_6"	96	"EML6"	320.5	"HiG"
"HiG_6"	1092	"CACNA2D1"	113	"HiG"
"HiG_6"	0	"ZNF254"	527.5	"HiG"
"HiG_6"	6625	"ANK2"	11	"HiG"
"HiG_6"	8933	"ELAVL4"	6	"HiG"
"HiG_6"	0	"LRBA"	527.5	"HiG"
"HiG_6"	18	"FRMD4A"	399.5	"HiG"
"HiG_6"	4419	"CREB5"	22	"HiG"
"HiG_6"	1546	"NEGR1"	78	"HiG"
"HiG_6"	1260	"NF1"	102	"HiG"
"HiG_6"	432	"GRM8"	225	"HiG"
"HiG_6"	18	"VPS13B"	399.5	"HiG"
"HiG_6"	0	"ANKRD17"	527.5	"HiG"
"HiG_6"	2474	"SYN3"	46	"HiG"
"HiG_6"	1	"REV3L"	469	"HiG"
"HiG_6"	75	"PDE3A"	329	"HiG"
"HiG_6"	1944	"KCNQ2"	63	"HiG"
"HiG_6"	318	"LDLRAD4"	250	"HiG"
"HiG_6"	1794	"PLXNA4"	69	"HiG"
"HiG_6"	2782	"TRRAP"	42	"HiG"
"HiG_6"	3605	"CUX1"	32	"HiG"
"HiG_6"	17	"ANKS1A"	402	"HiG"
"HiG_6"	187	"DCLK1"	287.5	"HiG"
"HiG_6"	249	"PAK3"	272.5	"HiG"
"HiG_6"	693	"ERC1"	164	"HiG"
"HiG_6"	0	"C11orf80"	527.5	"HiG"
"HiG_6"	1295	"ZEB1"	99	"HiG"
"HiG_6"	1040	"ASTN2"	121	"HiG"
"HiG_6"	0	"ASTN1"	527.5	"HiG"
"HiG_6"	952	"MACF1"	129	"HiG"
"HiG_6"	32	"MVB12B"	370.5	"HiG"
"HiG_6"	8343	"CNTNAP2"	7	"HiG"
"HiG_6"	0	"TOX"	527.5	"HiG"
"HiG_6"	0	"FAM163A"	527.5	"HiG"
"HiG_6"	1561	"DMD"	77	"HiG"
"HiG_6"	74	"GAB2"	330.5	"HiG"
"HiG_6"	95	"NOS1AP"	322	"HiG"
"HiG_6"	0	"SDCCAG8"	527.5	"HiG"
"HiG_6"	1923	"RGS7"	64	"HiG"
"HiG_6"	3830	"RYR2"	28	"HiG"
"HiG_6"	1047	"PDE10A"	120	"HiG"
"HiG_6"	1113	"PRKN"	111	"HiG"
"HiG_6"	0	"TULP4"	527.5	"HiG"
"HiG_6"	164	"ARHGEF11"	297.5	"HiG"
"HiG_6"	169	"ZNF292"	294.5	"HiG"
"HiG_6"	316	"DPYD"	252	"HiG"
"HiG_6"	59	"PTBP2"	343	"HiG"
"HiG_6"	2296	"ADGRB3"	50	"HiG"
"HiG_6"	7	"EYS"	424.5	"HiG"
"HiG_6"	166	"SLC44A5"	296	"HiG"
"HiG_6"	0	"PHACTR3"	527.5	"HiG"
"HiG_6"	566	"SGIP1"	199	"HiG"
"HiG_6"	7	"SSBP3"	424.5	"HiG"
"HiG_6"	277	"CACNA1B"	265	"HiG"
"HiG_6"	191	"SUPT3H"	286	"HiG"
"HiG_6"	0	"TSHZ2"	527.5	"HiG"
"HiG_6"	859	"AGBL4"	139	"HiG"
"HiG_6"	169	"RPL7A"	294.5	"HiG"
"HiG_6"	602	"NRG3"	187	"HiG"
"HiG_6"	561	"HIVEP3"	201.5	"HiG"
"HiG_6"	156	"CHD6"	299	"HiG"
"HiG_6"	0	"GARNL3"	527.5	"HiG"
"HiG_6"	0	"DENND1A"	527.5	"HiG"
"HiG_6"	28	"PCDH15"	381.5	"HiG"
"HiG_6"	680	"LPAR1"	168.5	"HiG"
"HiG_6"	2	"EPB41L4B"	455	"HiG"
"HiG_6"	278	"BMPR2"	264	"HiG"
"HiG_6"	0	"PARD3"	527.5	"HiG"
"HiG_6"	2	"AOPEP"	455	"HiG"
"HiG_6"	579	"FAM155A"	192	"HiG"
"HiG_6"	0	"KAZN"	527.5	"HiG"
"HiG_6"	2121	"DLG2"	57.5	"HiG"
"HiG_6"	103	"FGF14"	317	"HiG"
"HiG_6"	2	"PCCA"	455	"HiG"
"HiG_6"	208	"GPR158"	283	"HiG"
"HiG_6"	977	"HS6ST3"	126	"HiG"
"HiG_6"	947	"PRUNE2"	131	"HiG"
"HiG_6"	614	"UGGT2"	180	"HiG"
"HiG_6"	27	"GPC6"	385	"HiG"
"HiG_6"	8	"NEBL"	420	"HiG"
"HiG_6"	0	"FTL"	527.5	"HiG"
"HiG_6"	0	"HECTD4"	527.5	"HiG"
"HiG_6"	594	"KLF12"	188	"HiG"
"HiG_6"	4880	"DPP6"	20	"HiG"
"HiG_6"	0	"PCDH9"	527.5	"HiG"
"HiG_6"	2	"EXT1"	455	"HiG"
"HiG_6"	1	"PLCB4"	469	"HiG"
"HiG_6"	3806	"NRCAM"	29	"HiG"
"HiG_6"	294	"CNKSR2"	255.5	"HiG"
"HiG_6"	14	"ELF2"	409.5	"HiG"
"HiG_6"	77	"LINGO2"	328	"HiG"
"HiG_6"	293	"NLGN4X"	257.5	"HiG"
"HiG_6"	11625	"PTPRD"	4	"HiG"
"HiG_6"	2042	"DDX1"	60	"HiG"
"HiG_6"	60	"GREB1"	342	"HiG"
"HiG_6"	253	"ATP8A1"	270.5	"HiG"
"HiG_6"	97	"KCNIP4"	319	"HiG"
"HiG_6"	759	"PPP2R2C"	151	"HiG"
"HiG_6"	1024	"CTIF"	123	"HiG"
"HiG_6"	0	"STAG1"	527.5	"HiG"
"HiG_6"	818	"CADPS"	142	"HiG"
"HiG_6"	90	"RBMS3"	325	"HiG"
"HiG_6"	19	"SRGAP3"	396.5	"HiG"
"HiG_6"	1707	"KCNQ3"	72	"HiG"
"HiG_6"	4150	"ALK"	25	"HiG"
"HiG_6"	5	"TRAPPC9"	431	"HiG"
"HiG_6"	1785	"PTPRN2"	70	"HiG"
"HiG_6"	3	"EPHA6"	443.5	"HiG"
"HiG_6"	0	"RNF216"	527.5	"HiG"
"HiG_6"	0	"PPP1R12B"	527.5	"HiG"
"HiG_6"	67	"LRRFIP1"	334.5	"HiG"
"HiG_6"	584	"CCDC57"	189	"HiG"
"HiG_6"	24	"ASH1L"	389	"HiG"
"HiG_6"	1114	"BAZ2B"	110	"HiG"
"HiG_6"	21	"EVL"	393.5	"HiG"
"HiG_6"	490	"LUC7L3"	213	"HiG"
"HiG_6"	0	"TMCC1"	527.5	"HiG"
"HiG_6"	607	"MON2"	185	"HiG"
"HiG_6"	9	"PPP6R3"	416.5	"HiG"
"HiG_6"	1460	"PPP2R2B"	83	"HiG"
"HiG_6"	50	"PPP3CA"	349	"HiG"
"HiG_6"	2	"SPOCK1"	455	"HiG"
"HiG_6"	10	"MAPK8"	414.5	"HiG"
"HiG_6"	1293	"CAMK2B"	100	"HiG"
"HiG_6"	234	"TNRC6A"	279	"HiG"
"HiG_6"	49	"HECW1"	351	"HiG"
"HiG_6"	0	"FAM172A"	527.5	"HiG"
"HiG_6"	4	"FAF1"	436	"HiG"
"HiG_6"	299	"SOX6"	254	"HiG"
"HiG_6"	0	"PDXDC1"	527.5	"HiG"
"HiG_6"	649	"ARHGAP21"	172	"HiG"
"HiG_6"	0	"UBE2E2"	527.5	"HiG"
"HiG_6"	2226	"RAPGEF4"	54	"HiG"
"HiG_6"	0	"TTC28"	527.5	"HiG"
"HiG_6"	2	"NAV3"	455	"HiG"
"HiG_6"	6	"GRIP1"	428	"HiG"
"HiG_6"	3500	"BCL2"	35	"HiG"
"HiG_6"	1537	"TCF4"	79	"HiG"
"HiG_6"	36	"USP34"	368.5	"HiG"
"HiG_6"	0	"AEBP2"	527.5	"HiG"
"HiG_6"	0	"JMJD1C"	527.5	"HiG"
"HiG_6"	577	"N4BP2L2"	194	"HiG"
"HiG_6"	0	"PCBP3"	527.5	"HiG"
"HiG_6"	329	"NEDD4L"	246	"HiG"
"HiG_6"	290	"SGSM1"	261	"HiG"
"HiG_6"	106	"MAPK4"	314	"HiG"
"HiG_6"	16	"EIF4G3"	405.5	"HiG"
"HiG_6"	886	"NBEA"	135	"HiG"
"HiG_6"	5434	"DSCAM"	16	"HiG"
"HiG_6"	6	"NCAM2"	428	"HiG"
"HiG_6"	8	"DNAH14"	420	"HiG"
"HiG_6"	0	"SUN1"	527.5	"HiG"
"HiG_6"	2392	"NCOR2"	48	"HiG"
"HiG_6"	0	"DTNB"	527.5	"HiG"
"HiG_6"	0	"RBM33"	527.5	"HiG"
"HiG_6"	231	"ZFPM2"	280	"HiG"
"HiG_6"	8	"SCFD2"	420	"HiG"
"HiG_6"	1347	"CADM2"	95	"HiG"
"HiG_6"	705	"WDR60"	159	"HiG"
"HiG_6"	371	"NPY"	233	"HiG"
"HiG_6"	2912	"NXPH1"	40	"HiG"
"HiG_6"	604	"CTNNA2"	186	"HiG"
"HiG_6"	703	"SOS1"	161	"HiG"
"HiG_6"	362	"SLC8A1"	237	"HiG"
"HiG_6"	41	"FBXO11"	360.5	"HiG"
"HiG_6"	880	"IMMP2L"	137	"HiG"
"HiG_6"	2228	"NRXN1"	53	"HiG"
"HiG_6"	1120	"UNC5D"	109	"HiG"
"HiG_6"	0	"R3HDM2"	527.5	"HiG"
"HiG_6"	2	"NCOA1"	455	"HiG"
"HiG_6"	4	"MAGI1"	436	"HiG"
"HiG_6"	61	"KIF26B"	340.5	"HiG"
"HiG_6"	9	"HIPK2"	416.5	"HiG"
"HiG_6"	839	"DGKB"	141	"HiG"
"HiG_6"	52	"PHF14"	347	"HiG"
"HiG_6"	694	"SDK1"	163	"HiG"
"HiG_6"	381	"MBD5"	232	"HiG"
"HiG_6"	1	"CPE"	469	"HiG"
"HiG_6"	2098	"SCN9A"	59	"HiG"
"HiG_6"	42	"ZNF638"	358.5	"HiG"
"HiG_6"	293	"FCHSD2"	257.5	"HiG"
"HiG_6"	0	"AFF3"	527.5	"HiG"
"HiG_6"	577	"R3HDM1"	194	"HiG"
"HiG_6"	1077	"NCKAP5"	115	"HiG"
"HiG_6"	3277	"LRRTM4"	37	"HiG"
"HiG_6"	41	"SPIRE1"	360.5	"HiG"
"HiG_6"	1967	"KANSL1"	62	"HiG"
"HiG_6"	19	"TANC2"	396.5	"HiG"
"HiG_6"	364	"TCF12"	236	"HiG"
"HiG_6"	1654	"DCC"	74	"HiG"
"HiG_6"	64	"KSR2"	336.5	"HiG"
"HiG_6"	0	"CASTOR3"	527.5	"HiG"
"HiG_6"	238	"UNC80"	278	"HiG"
"HiG_6"	3	"DENND4A"	443.5	"HiG"
"HiG_6"	4155	"RBFOX1"	24	"HiG"
"HiG_6"	403	"KIF5C"	227	"HiG"
"HiG_6"	28	"BIRC6"	381.5	"HiG"
"HiG_6"	765	"FGF13"	149.5	"HiG"
"HiG_6"	0	"CHD9"	527.5	"HiG"
"HiG_6"	1254	"GRIK2"	104	"HiG"
"HiG_6"	4	"GTF2IRD1"	436	"HiG"
"HiG_6"	0	"ATP9B"	527.5	"HiG"
"HiG_6"	1430	"SOX5"	88	"HiG"
"HiG_6"	31	"TNIK"	373	"HiG"
"HiG_6"	882	"SNAP91"	136	"HiG"
"HiG_6"	225	"BMPR1B"	282	"HiG"
"HiG_6"	1066	"TNRC6B"	117	"HiG"
"HiG_6"	792	"RUNX1T1"	144	"HiG"
"HiG_6"	24	"PLCL1"	389	"HiG"
"HiG_6"	2	"TBC1D5"	455	"HiG"
"HiG_6"	0	"FRMD5"	527.5	"HiG"
"HiG_6"	1698	"RPL6"	73	"HiG"
"HiG_6"	10	"ANKRD36C"	414.5	"HiG"
"HiG_6"	716	"TENM1"	157	"HiG"
"HiG_6"	2293	"ICA1"	51	"HiG"
"HiG_6"	0	"PLEKHA5"	527.5	"HiG"
"HiG_6"	164	"PPP1R9A"	297.5	"HiG"
"HiG_6"	0	"SLC4A8"	527.5	"HiG"
"HiG_6"	19	"PBX1"	396.5	"HiG"
"HiG_6"	626	"UNC5C"	176.5	"HiG"
"HiG_6"	527	"THSD7A"	208	"HiG"
"HiG_6"	110	"CHRNA7"	313	"HiG"
"HiG_6"	48	"TMEM132D"	353	"HiG"
"HiG_6"	858	"HDAC9"	140	"HiG"
"HiG_6"	3199	"PRKCA"	38	"HiG"
"HiG_6"	1	"ANO6"	469	"HiG"
"HiG_6"	1061	"STMN1"	118	"HiG"
"HiG_6"	21	"CELF4"	393.5	"HiG"
"HiG_6"	7363	"DOCK4"	8	"HiG"
"HiG_6"	5	"ATXN7L1"	431	"HiG"
"HiG_6"	784	"TMEM132C"	146.5	"HiG"
"HiG_6"	153	"PPP2R5C"	301	"HiG"
"HiG_6"	72	"RBFOX2"	332.5	"HiG"
"HiG_6"	303	"MICAL3"	253	"HiG"
"HiG_6"	867	"KIAA1549"	138	"HiG"
"HiG_6"	325	"NELL2"	247	"HiG"
"HiG_6"	56	"XKR6"	345	"HiG"
"HiG_6"	996	"ROBO2"	125	"HiG"
"HiG_6"	39	"ST6GALNAC5"	364	"HiG"
"HiG_6"	7	"GPHN"	424.5	"HiG"
"HiG_6"	146	"EHMT1"	305	"HiG"
"HiG_6"	3178	"FHIT"	39	"HiG"
"HiG_6"	28	"BTBD9"	381.5	"HiG"
"HiG_6"	2	"FTO"	455	"HiG"
"HiG_6"	5912	"BRAF"	13	"HiG"
"HiG_6"	1085	"CACNA2D3"	114	"HiG"
"HiG_6"	30	"ZBTB20"	375.5	"HiG"
"HiG_6"	3	"SMYD3"	443.5	"HiG"
"HiG_6"	612	"PRKRIP1"	181	"HiG"
"HiG_6"	4	"DENND2A"	436	"HiG"
"HiG_6"	0	"KLHL13"	527.5	"HiG"
"HiG_6"	0	"IQCJ-SCHIP1"	527.5	"HiG"
"HiG_6"	3719	"ROBO1"	30	"HiG"
"HiG_6"	611	"ATP11A"	182	"HiG"
"HiG_6"	240	"KLHL29"	277	"HiG"
"HiG_6"	2377	"MAML3"	49	"HiG"
"HiG_6"	1429	"ADGRL3"	89.5	"HiG"
"HiG_6"	2603	"SLIT2"	44	"HiG"
"HiG_6"	331	"GALNTL6"	245	"HiG"
"HiG_6"	461	"FBXL7"	219	"HiG"
"HiG_6"	1076	"TENM3"	116	"HiG"
"HiG_6"	0	"NEK1"	527.5	"HiG"
"HiG_6"	8	"CCSER1"	420	"HiG"
"HiG_6"	105	"RNF150"	315.5	"HiG"
"HiG_6"	0	"KCTD16"	527.5	"HiG"
"HiG_6"	2482	"RIMS2"	45	"HiG"
"HiG_6"	0	"TENM2"	527.5	"HiG"
"HiG_6"	656	"HS3ST5"	171	"HiG"
"HiG_6"	0	"RANBP17"	527.5	"HiG"
"HiG_6"	389	"RIMS1"	229	"HiG"
"HiG_6"	0	"NAIP"	527.5	"HiG"
"HiG_6"	4700	"GRIA1"	21	"HiG"
"HiG_6"	45	"UBR5"	355	"HiG"
"HiG_6"	203	"ASAP1"	285	"HiG"
"HiG_6"	0	"RNF130"	527.5	"HiG"
"HiG_6"	457	"KCNB2"	220	"HiG"
"HiG_6"	434	"ARL15"	224	"HiG"
"HiG_6"	12	"TEAD1"	412.5	"HiG"
"HiG_6"	722	"CNTN5"	153.5	"HiG"
"HiG_6"	0	"TIAM2"	527.5	"HiG"
"HiG_6"	0	"FBXL17"	527.5	"HiG"
"HiG_6"	4238	"TUBA1A"	23	"HiG"
"HiG_6"	0	"CRADD"	527.5	"HiG"
"HiG_6"	16	"PLD5"	405.5	"HiG"
"HiG_6"	1871	"PCDH7"	66	"HiG"
"HiG_6"	17	"FNDC3A"	402	"HiG"
"HiG_6"	0	"ZCCHC7"	527.5	"HiG"
"HiG_6"	3	"ADK"	443.5	"HiG"
"HiG_6"	1836	"SSH2"	67	"HiG"
"HiG_6"	0	"DENND5B"	527.5	"HiG"
"HiG_6"	0	"FRY"	527.5	"HiG"
"HiG_6"	0	"SLC39A11"	527.5	"HiG"
"HiG_6"	258	"CMIP"	266	"HiG"
"HiG_6"	441	"ATXN2"	222	"HiG"
"HiG_6"	1411	"RPL18"	91	"HiG"
"HiG_6"	0	"PRPF40B"	527.5	"HiG"
"HiG_6"	0	"ANKS1B"	527.5	"HiG"
"HiG_6"	333	"PPFIA2"	244	"HiG"
"HiG_6"	153	"EML5"	301	"HiG"
"HiG_6"	0	"SAMD4A"	527.5	"HiG"
"HiG_6"	636	"APBA2"	173	"HiG"
"HiG_6"	2271	"TLN2"	52	"HiG"
"HiG_6"	661	"MEIS2"	170	"HiG"
"HiG_6"	0	"SCAPER"	527.5	"HiG"
"HiG_6"	255	"ZNF423"	267	"HiG"
"HiG_6"	1	"SNX29"	469	"HiG"
"HiG_6"	19	"TMEM178B"	396.5	"HiG"
"HiG_6"	340	"WWOX"	242	"HiG"
"HiG_6"	631	"ARL17B"	175	"HiG"
"HiG_6"	0	"FAM222B"	527.5	"HiG"
"HiG_6"	720	"PTPRM"	156	"HiG"
"HiG_6"	1	"PITPNC1"	469	"HiG"
"HiG_6"	0	"LRRC37A3"	527.5	"HiG"
"HiG_6"	4	"FHOD3"	436	"HiG"
"HiG_6"	207	"PTPRS"	284	"HiG"
"HiG_6"	1	"GPATCH8"	469	"HiG"
"HiG_6"	243	"MBTD1"	276	"HiG"
"HiG_6"	567	"BCAS3"	198	"HiG"
"HiG_6"	23	"ZBTB7C"	391	"HiG"
"HiG_6"	116	"SPTBN4"	311	"HiG"
"HiG_6"	58	"DTNA"	344	"HiG"
"HiG_6"	91	"MYO9B"	324	"HiG"
"HiG_6"	0	"ACYP2"	527.5	"HiG"
"HiG_6"	680	"GCH1"	168.5	"HiG"
"HiG_6"	574	"MARCKS"	197	"HiG"
"HiG_6"	24	"PPP6R2"	389	"HiG"
"HiG_6"	0	"ICA1L"	527.5	"HiG"
"HiG_6"	1456	"CAMK1D"	84	"HiG"
"HiG_6"	534	"FMN1"	207	"HiG"
"HiG_6"	29	"ZMYM2"	378	"HiG"
"HiG_6"	619	"SYN2"	178	"HiG"
"HiG_6"	6085	"NCAM1"	12	"HiG"
"HiG_6"	966	"EPHA5"	127	"HiG"
"HiG_6"	39	"SRRM3"	364	"HiG"
"HiG_6"	249	"MGAT4C"	272.5	"HiG"
"HiG_6"	294	"MAP7"	255.5	"HiG"
"HiG_6"	482	"ACACA"	217	"HiG"
"HiG_6"	0	"SYT14"	527.5	"HiG"
"HiG_6"	174	"EXOC6B"	291	"HiG"
"HiG_6"	0	"UMAD1"	527.5	"HiG"
"HiG_6"	5016	"DLGAP2"	19	"HiG"
"HiG_6"	3587	"SCN2A"	33	"HiG"
"HiG_6"	74	"RALGAPA1"	330.5	"HiG"
"HiG_6"	559	"ARID1B"	203	"HiG"
"HiG_6"	0	"CCDC200"	527.5	"HiG"
"HiG_6"	181	"PRICKLE2"	289	"HiG"
"HiG_6"	337	"ZFHX3"	243	"HiG"
"HiG_6"	254	"VPS13C"	268.5	"HiG"
"HiG_6"	39	"ARHGEF7"	364	"HiG"
"HiG_6"	6644	"PRKCB"	10	"HiG"
"HiG_6"	0	"EYA1"	527.5	"HiG"
"HiG_6"	1109	"IGF1R"	112	"HiG"
"HiG_6"	7	"CCBE1"	424.5	"HiG"
"HiG_6"	2631	"MYT1L"	43	"HiG"
"HiG_6"	350	"ANKRD36"	240	"HiG"
"HiG_6"	1	"MRTFA"	469	"HiG"
"HiG_6"	291	"BICD1"	260	"HiG"
"HiG_6"	131	"AKT3"	308	"HiG"
"HiG_6"	0	"RFX7"	527.5	"HiG"
"HiG_7"	1	"TTC17"	265	"HiG"
"HiG_7"	104	"MACROD2"	175	"HiG"
"HiG_7"	0	"SIPA1L3"	303	"HiG"
"HiG_7"	349	"GLCCI1"	95	"HiG"
"HiG_7"	170	"CCND1"	143	"HiG"
"HiG_7"	77	"MSH2"	184.5	"HiG"
"HiG_7"	0	"CAMSAP2"	303	"HiG"
"HiG_7"	547	"KALRN"	69	"HiG"
"HiG_7"	23	"GNGT1"	206.5	"HiG"
"HiG_7"	10	"ZSWIM6"	226.5	"HiG"
"HiG_7"	1	"GSE1"	265	"HiG"
"HiG_7"	163	"EXOC4"	145	"HiG"
"HiG_7"	88	"SMARCC1"	180	"HiG"
"HiG_7"	5	"SNAP25"	241.5	"HiG"
"HiG_7"	0	"SBF2"	303	"HiG"
"HiG_7"	178	"UNC79"	139.5	"HiG"
"HiG_7"	16	"IGF2BP3"	219	"HiG"
"HiG_7"	251	"BRIP1"	123	"HiG"
"HiG_7"	3	"TMOD1"	249	"HiG"
"HiG_7"	4	"ENOX1"	246	"HiG"
"HiG_7"	15	"RORA"	221	"HiG"
"HiG_7"	316	"RIMBP2"	106	"HiG"
"HiG_7"	871	"KMT2C"	42.5	"HiG"
"HiG_7"	0	"TIMP2"	303	"HiG"
"HiG_7"	18	"ZRANB3"	214.5	"HiG"
"HiG_7"	0	"CRACD"	303	"HiG"
"HiG_7"	0	"POLQ"	303	"HiG"
"HiG_7"	666	"HDAC4"	60	"HiG"
"HiG_7"	0	"ATP6V0A1"	303	"HiG"
"HiG_7"	499	"SEMA3A"	76	"HiG"
"HiG_7"	387	"CDK6"	87.5	"HiG"
"HiG_7"	1	"RBM6"	265	"HiG"
"HiG_7"	1689	"CACNA1C"	22	"HiG"
"HiG_7"	0	"TMPO"	303	"HiG"
"HiG_7"	1	"SRRM4"	265	"HiG"
"HiG_7"	0	"RTN1"	303	"HiG"
"HiG_7"	717	"MEIS1"	55	"HiG"
"HiG_7"	273	"STXBP5L"	114	"HiG"
"HiG_7"	0	"SPATA5"	303	"HiG"
"HiG_7"	54	"CDKAL1"	193	"HiG"
"HiG_7"	148	"MMS22L"	152.5	"HiG"
"HiG_7"	131	"DLC1"	159.5	"HiG"
"HiG_7"	69	"TENM4"	188	"HiG"
"HiG_7"	282	"NINL"	112.5	"HiG"
"HiG_7"	0	"KIAA1328"	303	"HiG"
"HiG_7"	629	"DIP2C"	61	"HiG"
"HiG_7"	7349	"MYCN"	1	"HiG"
"HiG_7"	529	"SCLT1"	72	"HiG"
"HiG_7"	17	"ASAP2"	216.5	"HiG"
"HiG_7"	179	"MED13L"	138	"HiG"
"HiG_7"	2	"PDE3B"	254.5	"HiG"
"HiG_7"	1123	"GRIA4"	32	"HiG"
"HiG_7"	1	"RAB3C"	265	"HiG"
"HiG_7"	328	"JAZF1"	100.5	"HiG"
"HiG_7"	326	"MSI2"	103	"HiG"
"HiG_7"	8	"UCHL1"	231.5	"HiG"
"HiG_7"	940	"APP"	37	"HiG"
"HiG_7"	0	"MMP16"	303	"HiG"
"HiG_7"	960	"TIAM1"	36	"HiG"
"HiG_7"	124	"ZFAND3"	164.5	"HiG"
"HiG_7"	186	"ATAD2"	136	"HiG"
"HiG_7"	0	"NSMCE2"	303	"HiG"
"HiG_7"	2639	"NRG1"	14	"HiG"
"HiG_7"	147	"ERC2"	154.5	"HiG"
"HiG_7"	8	"DGKI"	231.5	"HiG"
"HiG_7"	2	"HMGB2"	254.5	"HiG"
"HiG_7"	961	"MAP1B"	35	"HiG"
"HiG_7"	130	"SPIDR"	161	"HiG"
"HiG_7"	260	"ANKRD11"	117	"HiG"
"HiG_7"	412	"ZNF804A"	82	"HiG"
"HiG_7"	0	"DCLK2"	303	"HiG"
"HiG_7"	778	"SYNPO2"	47	"HiG"
"HiG_7"	121	"PAM"	166	"HiG"
"HiG_7"	172	"PRKCE"	142	"HiG"
"HiG_7"	272	"CAMTA1"	115	"HiG"
"HiG_7"	458	"CTNND2"	79	"HiG"
"HiG_7"	112	"BPTF"	170.5	"HiG"
"HiG_7"	742	"RPTOR"	52.5	"HiG"
"HiG_7"	221	"AGAP1"	127	"HiG"
"HiG_7"	3765	"RPL13"	11	"HiG"
"HiG_7"	45	"DST"	195.5	"HiG"
"HiG_7"	4	"GABRB3"	246	"HiG"
"HiG_7"	0	"RPL38"	303	"HiG"
"HiG_7"	195	"FANCI"	133	"HiG"
"HiG_7"	238	"CTBP2"	125	"HiG"
"HiG_7"	1	"PPM1E"	265	"HiG"
"HiG_7"	0	"GPR137C"	303	"HiG"
"HiG_7"	16	"ZNF609"	219	"HiG"
"HiG_7"	565	"SCMH1"	68	"HiG"
"HiG_7"	328	"LDLRAD3"	100.5	"HiG"
"HiG_7"	3031	"EZH2"	12	"HiG"
"HiG_7"	344	"TMTC2"	97	"HiG"
"HiG_7"	178	"SOX11"	139.5	"HiG"
"HiG_7"	153	"POLE"	150	"HiG"
"HiG_7"	774	"EBF1"	48.5	"HiG"
"HiG_7"	147	"RAI1"	154.5	"HiG"
"HiG_7"	301	"KIF15"	108	"HiG"
"HiG_7"	0	"PSD3"	303	"HiG"
"HiG_7"	106	"APOLD1"	172.5	"HiG"
"HiG_7"	22	"SEMA6D"	208	"HiG"
"HiG_7"	92	"KNTC1"	178	"HiG"
"HiG_7"	138	"EFNA5"	157	"HiG"
"HiG_7"	0	"ST6GALNAC3"	303	"HiG"
"HiG_7"	45	"CADM1"	195.5	"HiG"
"HiG_7"	190	"PHACTR1"	135	"HiG"
"HiG_7"	4	"ZNF704"	246	"HiG"
"HiG_7"	450	"SLIT3"	80	"HiG"
"HiG_7"	211	"MARCHF11"	129.5	"HiG"
"HiG_7"	0	"SKA2"	303	"HiG"
"HiG_7"	5824	"KCND2"	2	"HiG"
"HiG_7"	86	"FOXK2"	183	"HiG"
"HiG_7"	322	"TBC1D22A"	104	"HiG"
"HiG_7"	19	"TNRC6C"	212.5	"HiG"
"HiG_7"	379	"RERE"	90.5	"HiG"
"HiG_7"	126	"TRIO"	162.5	"HiG"
"HiG_7"	70	"PTK2"	187	"HiG"
"HiG_7"	112	"SMC4"	170.5	"HiG"
"HiG_7"	1048	"RPS2"	34	"HiG"
"HiG_7"	12	"ATP9A"	224.5	"HiG"
"HiG_7"	327	"PDE4B"	102	"HiG"
"HiG_7"	0	"FOXN3"	303	"HiG"
"HiG_7"	2	"MAP4K4"	254.5	"HiG"
"HiG_7"	0	"DPYSL3"	303	"HiG"
"HiG_7"	162	"CDK5RAP2"	146	"HiG"
"HiG_7"	3901	"AUTS2"	10	"HiG"
"HiG_7"	168	"PTMA"	144	"HiG"
"HiG_7"	0	"KCNQ5"	303	"HiG"
"HiG_7"	1921	"RPS21"	19	"HiG"
"HiG_7"	377	"RPLP1"	92	"HiG"
"HiG_7"	1146	"RPS3A"	30	"HiG"
"HiG_7"	208	"MAGI2"	131	"HiG"
"HiG_7"	8	"FYN"	231.5	"HiG"
"HiG_7"	0	"LARGE1"	303	"HiG"
"HiG_7"	7	"ATRNL1"	237	"HiG"
"HiG_7"	0	"LINGO1"	303	"HiG"
"HiG_7"	5	"DNM3"	241.5	"HiG"
"HiG_7"	358	"TBCD"	94	"HiG"
"HiG_7"	10	"SORBS2"	226.5	"HiG"
"HiG_7"	87	"CACNA2D1"	181.5	"HiG"
"HiG_7"	0	"LRBA"	303	"HiG"
"HiG_7"	335	"FRMD4A"	98	"HiG"
"HiG_7"	87	"SYNE2"	181.5	"HiG"
"HiG_7"	199	"NF1"	132	"HiG"
"HiG_7"	815	"GRM8"	45	"HiG"
"HiG_7"	519	"SYN3"	74	"HiG"
"HiG_7"	861	"CUX1"	44	"HiG"
"HiG_7"	131	"MAP2"	159.5	"HiG"
"HiG_7"	4057	"RRM2"	9	"HiG"
"HiG_7"	157	"DCLK1"	149	"HiG"
"HiG_7"	0	"PAK3"	303	"HiG"
"HiG_7"	307	"ERC1"	107	"HiG"
"HiG_7"	5451	"CNTNAP2"	4	"HiG"
"HiG_7"	0	"TOX"	303	"HiG"
"HiG_7"	0	"FAM163A"	303	"HiG"
"HiG_7"	0	"MT-CO3"	303	"HiG"
"HiG_7"	1215	"RGS7"	29	"HiG"
"HiG_7"	1133	"CENPF"	31	"HiG"
"HiG_7"	145	"DTL"	156	"HiG"
"HiG_7"	1096	"ASPM"	33	"HiG"
"HiG_7"	5	"GATAD2B"	241.5	"HiG"
"HiG_7"	2	"PTBP2"	254.5	"HiG"
"HiG_7"	2510	"ADGRB3"	15	"HiG"
"HiG_7"	17	"EYS"	216.5	"HiG"
"HiG_7"	679	"PRKACB"	58	"HiG"
"HiG_7"	2	"PHACTR3"	254.5	"HiG"
"HiG_7"	184	"GNAS"	137	"HiG"
"HiG_7"	23	"SSBP3"	206.5	"HiG"
"HiG_7"	1247	"CACNA1B"	28	"HiG"
"HiG_7"	366	"TSHZ2"	93	"HiG"
"HiG_7"	20	"AGBL4"	210	"HiG"
"HiG_7"	76	"NRG3"	186	"HiG"
"HiG_7"	2	"STXBP1"	254.5	"HiG"
"HiG_7"	1	"PBX3"	265	"HiG"
"HiG_7"	0	"RBL1"	303	"HiG"
"HiG_7"	116	"PARD3"	167	"HiG"
"HiG_7"	0	"AOPEP"	303	"HiG"
"HiG_7"	0	"CENPP"	303	"HiG"
"HiG_7"	211	"FAM155A"	129.5	"HiG"
"HiG_7"	0	"KAZN"	303	"HiG"
"HiG_7"	0	"FGF14"	303	"HiG"
"HiG_7"	290	"GPC6"	109	"HiG"
"HiG_7"	0	"FTL"	303	"HiG"
"HiG_7"	0	"HECTD4"	303	"HiG"
"HiG_7"	0	"KLF12"	303	"HiG"
"HiG_7"	4176	"DPP6"	8	"HiG"
"HiG_7"	0	"EXT1"	303	"HiG"
"HiG_7"	607	"NRCAM"	64	"HiG"
"HiG_7"	12	"POLA1"	224.5	"HiG"
"HiG_7"	0	"ELF2"	303	"HiG"
"HiG_7"	175	"LINGO2"	141	"HiG"
"HiG_7"	773	"RFC3"	50	"HiG"
"HiG_7"	742	"RPS6"	52.5	"HiG"
"HiG_7"	5	"CNTLN"	241.5	"HiG"
"HiG_7"	148	"NFIB"	152.5	"HiG"
"HiG_7"	5266	"PTPRD"	7	"HiG"
"HiG_7"	1313	"SGCZ"	27	"HiG"
"HiG_7"	383	"KCNIP4"	89	"HiG"
"HiG_7"	689	"NSD2"	57	"HiG"
"HiG_7"	65	"STAG1"	189	"HiG"
"HiG_7"	5325	"ALK"	5	"HiG"
"HiG_7"	149	"FANCA"	151	"HiG"
"HiG_7"	670	"PTPRN2"	59	"HiG"
"HiG_7"	7	"CCDC57"	237	"HiG"
"HiG_7"	49	"ASH1L"	194	"HiG"
"HiG_7"	1728	"CIT"	20	"HiG"
"HiG_7"	0	"EVL"	303	"HiG"
"HiG_7"	8	"LUC7L3"	231.5	"HiG"
"HiG_7"	1704	"GAP43"	21	"HiG"
"HiG_7"	1	"PPP6R3"	265	"HiG"
"HiG_7"	520	"HELLS"	73	"HiG"
"HiG_7"	813	"CALN1"	46	"HiG"
"HiG_7"	0	"NREP"	303	"HiG"
"HiG_7"	0	"TNRC6A"	303	"HiG"
"HiG_7"	16	"NAV2"	219	"HiG"
"HiG_7"	8	"FAF1"	231.5	"HiG"
"HiG_7"	257	"CENPK"	120.5	"HiG"
"HiG_7"	217	"TTC28"	128	"HiG"
"HiG_7"	0	"BCL2"	303	"HiG"
"HiG_7"	89	"TCF4"	179	"HiG"
"HiG_7"	19	"TTC3"	212.5	"HiG"
"HiG_7"	0	"JMJD1C"	303	"HiG"
"HiG_7"	0	"PCBP3"	303	"HiG"
"HiG_7"	513	"DIAPH3"	75	"HiG"
"HiG_7"	346	"NBEA"	96	"HiG"
"HiG_7"	0	"DTNB"	303	"HiG"
"HiG_7"	0	"SCFD2"	303	"HiG"
"HiG_7"	245	"NPY"	124	"HiG"
"HiG_7"	0	"AKAP12"	303	"HiG"
"HiG_7"	871	"NXPH1"	42.5	"HiG"
"HiG_7"	1469	"CTNNA2"	24	"HiG"
"HiG_7"	2200	"SLC8A1"	17	"HiG"
"HiG_7"	0	"IMMP2L"	303	"HiG"
"HiG_7"	5643	"NRXN1"	3	"HiG"
"HiG_7"	403	"MAGI1"	83.5	"HiG"
"HiG_7"	106	"KIF26B"	172.5	"HiG"
"HiG_7"	64	"SDK1"	190	"HiG"
"HiG_7"	2	"CPE"	254.5	"HiG"
"HiG_7"	1416	"SCN9A"	26	"HiG"
"HiG_7"	2	"ZNF638"	254.5	"HiG"
"HiG_7"	1	"FCHSD2"	265	"HiG"
"HiG_7"	0	"AFF3"	303	"HiG"
"HiG_7"	26	"KANSL1"	203	"HiG"
"HiG_7"	259	"TANC2"	118.5	"HiG"
"HiG_7"	7	"TCF12"	237	"HiG"
"HiG_7"	2888	"RBFOX1"	13	"HiG"
"HiG_7"	2000	"FGF13"	18	"HiG"
"HiG_7"	1455	"GRIK2"	25	"HiG"
"HiG_7"	0	"GTF2IRD1"	303	"HiG"
"HiG_7"	924	"SOX5"	38	"HiG"
"HiG_7"	387	"CHRM2"	87.5	"HiG"
"HiG_7"	257	"BMPR1B"	120.5	"HiG"
"HiG_7"	194	"RUNX1T1"	134	"HiG"
"HiG_7"	390	"TBC1D5"	85.5	"HiG"
"HiG_7"	0	"FRMD5"	303	"HiG"
"HiG_7"	0	"ANKRD36C"	303	"HiG"
"HiG_7"	158	"ICA1"	148	"HiG"
"HiG_7"	259	"UNC5C"	118.5	"HiG"
"HiG_7"	614	"PRKCA"	62.5	"HiG"
"HiG_7"	593	"CELF4"	65	"HiG"
"HiG_7"	254	"DOCK4"	122	"HiG"
"HiG_7"	100	"TMEM132C"	176	"HiG"
"HiG_7"	890	"TOP2A"	40	"HiG"
"HiG_7"	24	"RPS24"	205	"HiG"
"HiG_7"	0	"GTSE1"	303	"HiG"
"HiG_7"	20	"MICAL3"	210	"HiG"
"HiG_7"	25	"NELL2"	204	"HiG"
"HiG_7"	403	"GPHN"	83.5	"HiG"
"HiG_7"	733	"EHMT1"	54	"HiG"
"HiG_7"	5289	"BRCA1"	6	"HiG"
"HiG_7"	77	"LSAMP"	184.5	"HiG"
"HiG_7"	479	"BRAF"	77	"HiG"
"HiG_7"	1636	"CACNA2D3"	23	"HiG"
"HiG_7"	2	"SMYD3"	254.5	"HiG"
"HiG_7"	115	"RAD51B"	168	"HiG"
"HiG_7"	0	"IQCJ-SCHIP1"	303	"HiG"
"HiG_7"	573	"ROBO1"	66	"HiG"
"HiG_7"	126	"MAML3"	162.5	"HiG"
"HiG_7"	223	"ADGRL3"	126	"HiG"
"HiG_7"	96	"FBXL7"	177	"HiG"
"HiG_7"	433	"TENM3"	81	"HiG"
"HiG_7"	7	"TUSC3"	237	"HiG"
"HiG_7"	58	"CCSER1"	192	"HiG"
"HiG_7"	124	"RNF150"	164.5	"HiG"
"HiG_7"	0	"KCTD16"	303	"HiG"
"HiG_7"	774	"RIMS2"	48.5	"HiG"
"HiG_7"	44	"CEP192"	197	"HiG"
"HiG_7"	0	"RANBP17"	303	"HiG"
"HiG_7"	7	"DPYSL2"	237	"HiG"
"HiG_7"	317	"STMN2"	105	"HiG"
"HiG_7"	765	"KCNB2"	51	"HiG"
"HiG_7"	536	"RPLP2"	71	"HiG"
"HiG_7"	0	"FAT3"	303	"HiG"
"HiG_7"	4	"TEAD1"	246	"HiG"
"HiG_7"	105	"KIF1A"	174	"HiG"
"HiG_7"	895	"TUBA1A"	39	"HiG"
"HiG_7"	614	"PCDH7"	62.5	"HiG"
"HiG_7"	134	"ADK"	158	"HiG"
"HiG_7"	1	"SSH2"	265	"HiG"
"HiG_7"	2	"CMIP"	254.5	"HiG"
"HiG_7"	0	"CEP128"	303	"HiG"
"HiG_7"	282	"EML5"	112.5	"HiG"
"HiG_7"	0	"SCAPER"	303	"HiG"
"HiG_7"	18	"TMEM178B"	214.5	"HiG"
"HiG_7"	474	"WWOX"	78	"HiG"
"HiG_7"	1	"PITPNC1"	265	"HiG"
"HiG_7"	705	"RPL36"	56	"HiG"
"HiG_7"	61	"UNK"	191	"HiG"
"HiG_7"	288	"KIF18B"	110	"HiG"
"HiG_7"	537	"RPS15"	70	"HiG"
"HiG_7"	0	"FHOD3"	303	"HiG"
"HiG_7"	41	"PTPRS"	199	"HiG"
"HiG_7"	8	"GPATCH8"	231.5	"HiG"
"HiG_7"	284	"BCAS3"	111	"HiG"
"HiG_7"	14	"DTNA"	222	"HiG"
"HiG_7"	27	"RPS19"	202	"HiG"
"HiG_7"	4	"MPHOSPH9"	246	"HiG"
"HiG_7"	40	"CAMK1D"	200	"HiG"
"HiG_7"	570	"NCAM1"	67	"HiG"
"HiG_7"	114	"EPHA5"	169	"HiG"
"HiG_7"	161	"SRRM3"	147	"HiG"
"HiG_7"	0	"MGAT4C"	303	"HiG"
"HiG_7"	390	"ACACA"	85.5	"HiG"
"HiG_7"	0	"SSBP2"	303	"HiG"
"HiG_7"	39	"PRIM2"	201	"HiG"
"HiG_7"	2323	"CDH4"	16	"HiG"
"HiG_7"	42	"FARP1"	198	"HiG"
"HiG_7"	876	"DLGAP2"	41	"HiG"
"HiG_7"	9	"ARID1B"	228	"HiG"
"HiG_7"	13	"CCDC200"	223	"HiG"
"HiG_7"	379	"ZFHX3"	90.5	"HiG"
"HiG_7"	271	"CASK"	116	"HiG"
"HiG_7"	20	"SETBP1"	210	"HiG"
"HiG_7"	329	"MYT1L"	99	"HiG"
"HiG_7"	0	"MRTFA"	303	"HiG"
"HiG_7"	0	"BICD1"	303	"HiG"
"HiG_8"	310	"MACROD2"	97	"HiG"
"HiG_8"	2	"GLCCI1"	234	"HiG"
"HiG_8"	0	"CAMSAP2"	277	"HiG"
"HiG_8"	295	"KALRN"	103	"HiG"
"HiG_8"	311	"BBS9"	96	"HiG"
"HiG_8"	2	"SOX4"	234	"HiG"
"HiG_8"	1421	"ATXN1"	21	"HiG"
"HiG_8"	6	"SEZ6L"	218.5	"HiG"
"HiG_8"	0	"RABGAP1L"	277	"HiG"
"HiG_8"	0	"ARFGEF3"	277	"HiG"
"HiG_8"	0	"C20orf194"	277	"HiG"
"HiG_8"	0	"ZSWIM6"	277	"HiG"
"HiG_8"	0	"GSE1"	277	"HiG"
"HiG_8"	649	"EXOC4"	51	"HiG"
"HiG_8"	0	"RAP1GAP2"	277	"HiG"
"HiG_8"	0	"SBF2"	277	"HiG"
"HiG_8"	58	"UNC79"	161	"HiG"
"HiG_8"	0	"PCNX2"	277	"HiG"
"HiG_8"	0	"TTLL7"	277	"HiG"
"HiG_8"	1145	"SYT1"	26	"HiG"
"HiG_8"	6	"ENOX1"	218.5	"HiG"
"HiG_8"	246	"RORA"	113	"HiG"
"HiG_8"	134	"RIMBP2"	137	"HiG"
"HiG_8"	2175	"KMT2C"	10	"HiG"
"HiG_8"	4	"PKD1"	226	"HiG"
"HiG_8"	0	"CBFA2T2"	277	"HiG"
"HiG_8"	0	"TIMP2"	277	"HiG"
"HiG_8"	4	"IL7"	226	"HiG"
"HiG_8"	142	"KIF1B"	135	"HiG"
"HiG_8"	0	"CRACD"	277	"HiG"
"HiG_8"	1582	"HDAC4"	18	"HiG"
"HiG_8"	369	"DNMT3A"	83	"HiG"
"HiG_8"	0	"KIF3C"	277	"HiG"
"HiG_8"	98	"AHI1"	147	"HiG"
"HiG_8"	1127	"CDK6"	27	"HiG"
"HiG_8"	0	"CPEB3"	277	"HiG"
"HiG_8"	0	"RBM6"	277	"HiG"
"HiG_8"	331	"DOCK3"	90	"HiG"
"HiG_8"	4973	"CACNA1C"	5	"HiG"
"HiG_8"	2	"SRRM4"	234	"HiG"
"HiG_8"	94	"RTN1"	149.5	"HiG"
"HiG_8"	1003	"CDH2"	35	"HiG"
"HiG_8"	1	"RNF157"	240	"HiG"
"HiG_8"	16	"STXBP5L"	200	"HiG"
"HiG_8"	39	"ARHGAP26"	175.5	"HiG"
"HiG_8"	448	"DLC1"	72	"HiG"
"HiG_8"	2	"LRRC4C"	234	"HiG"
"HiG_8"	25	"DIP2C"	191.5	"HiG"
"HiG_8"	3	"AKAP6"	229	"HiG"
"HiG_8"	3997	"MYCN"	6	"HiG"
"HiG_8"	1696	"NBAS"	15	"HiG"
"HiG_8"	228	"MGAT5"	116	"HiG"
"HiG_8"	220	"MED13L"	118	"HiG"
"HiG_8"	956	"CAMK4"	37	"HiG"
"HiG_8"	51	"GRIA4"	166.5	"HiG"
"HiG_8"	1043	"MSI2"	33	"HiG"
"HiG_8"	38	"APP"	177	"HiG"
"HiG_8"	1788	"KCNMA1"	13	"HiG"
"HiG_8"	655	"ZFAND3"	50	"HiG"
"HiG_8"	762	"NRG1"	44	"HiG"
"HiG_8"	19	"PRKAG2"	198	"HiG"
"HiG_8"	91	"CACNA1D"	151	"HiG"
"HiG_8"	389	"DGKI"	79	"HiG"
"HiG_8"	132	"RBMS1"	138	"HiG"
"HiG_8"	560	"MAP1B"	59.5	"HiG"
"HiG_8"	39	"COG5"	175.5	"HiG"
"HiG_8"	0	"SPIDR"	277	"HiG"
"HiG_8"	841	"ANKRD11"	40	"HiG"
"HiG_8"	9	"VAT1L"	211.5	"HiG"
"HiG_8"	566	"ZNF804A"	58	"HiG"
"HiG_8"	0	"SCG2"	277	"HiG"
"HiG_8"	292	"OTUD7A"	104	"HiG"
"HiG_8"	23	"PRKCE"	194	"HiG"
"HiG_8"	776	"CAMTA1"	43	"HiG"
"HiG_8"	9	"CTNND2"	211.5	"HiG"
"HiG_8"	586	"BPTF"	57	"HiG"
"HiG_8"	8	"RPTOR"	215	"HiG"
"HiG_8"	315	"AGAP1"	94	"HiG"
"HiG_8"	28	"DST"	187	"HiG"
"HiG_8"	12	"GABRB3"	206.5	"HiG"
"HiG_8"	37	"SNTG2"	178	"HiG"
"HiG_8"	2	"ZNF609"	234	"HiG"
"HiG_8"	0	"LDLRAD3"	277	"HiG"
"HiG_8"	0	"FMN2"	277	"HiG"
"HiG_8"	4	"BASP1"	226	"HiG"
"HiG_8"	688	"CACNB2"	46	"HiG"
"HiG_8"	0	"EPN2"	277	"HiG"
"HiG_8"	45	"KCNH5"	170	"HiG"
"HiG_8"	0	"MTSS1"	277	"HiG"
"HiG_8"	32	"SEMA6D"	181.5	"HiG"
"HiG_8"	334	"CLASP2"	89	"HiG"
"HiG_8"	0	"MCF2L2"	277	"HiG"
"HiG_8"	2666	"CADM1"	7	"HiG"
"HiG_8"	209	"GRID1"	121	"HiG"
"HiG_8"	0	"ZNF704"	277	"HiG"
"HiG_8"	1869	"SLIT3"	12	"HiG"
"HiG_8"	277	"KCND2"	106.5	"HiG"
"HiG_8"	517	"PCLO"	65	"HiG"
"HiG_8"	0	"TNPO1"	277	"HiG"
"HiG_8"	307	"TNRC6C"	100	"HiG"
"HiG_8"	29	"DGKH"	184.5	"HiG"
"HiG_8"	219	"PACRG"	119.5	"HiG"
"HiG_8"	1092	"RERE"	28	"HiG"
"HiG_8"	140	"TRIO"	136	"HiG"
"HiG_8"	225	"FOXO3"	117	"HiG"
"HiG_8"	1019	"PTK2"	34	"HiG"
"HiG_8"	14	"FOXN3"	205	"HiG"
"HiG_8"	0	"BABAM2"	277	"HiG"
"HiG_8"	44	"DPYSL3"	171.5	"HiG"
"HiG_8"	2243	"AUTS2"	8	"HiG"
"HiG_8"	1624	"KCNQ5"	16	"HiG"
"HiG_8"	319	"DLG1"	93	"HiG"
"HiG_8"	283	"MAGI2"	105	"HiG"
"HiG_8"	244	"FYN"	114	"HiG"
"HiG_8"	0	"LINGO1"	277	"HiG"
"HiG_8"	491	"DNM3"	68	"HiG"
"HiG_8"	101	"SORBS2"	146	"HiG"
"HiG_8"	0	"JPT1"	277	"HiG"
"HiG_8"	21	"EML6"	195.5	"HiG"
"HiG_8"	164	"CACNA2D1"	129	"HiG"
"HiG_8"	6107	"ANK2"	3	"HiG"
"HiG_8"	6590	"ELAVL4"	2	"HiG"
"HiG_8"	0	"LRBA"	277	"HiG"
"HiG_8"	430	"CREB5"	76	"HiG"
"HiG_8"	368	"NF1"	84	"HiG"
"HiG_8"	32	"GRM8"	181.5	"HiG"
"HiG_8"	192	"SYN3"	123	"HiG"
"HiG_8"	5	"PDE3A"	222.5	"HiG"
"HiG_8"	416	"KCNQ2"	77	"HiG"
"HiG_8"	0	"ELAVL3"	277	"HiG"
"HiG_8"	277	"LDLRAD4"	106.5	"HiG"
"HiG_8"	1162	"CUX1"	24	"HiG"
"HiG_8"	258	"MAP2"	108	"HiG"
"HiG_8"	53	"DCLK1"	165	"HiG"
"HiG_8"	326	"ERC1"	92	"HiG"
"HiG_8"	506	"ZEB1"	67	"HiG"
"HiG_8"	0	"ASTN2"	277	"HiG"
"HiG_8"	930	"MT-CYB"	38	"HiG"
"HiG_8"	2100	"CNTNAP2"	11	"HiG"
"HiG_8"	255	"MT-CO2"	109	"HiG"
"HiG_8"	231	"KIF21A"	115	"HiG"
"HiG_8"	0	"FAM163A"	277	"HiG"
"HiG_8"	0	"GAB2"	277	"HiG"
"HiG_8"	0	"MT-CO3"	277	"HiG"
"HiG_8"	0	"NOS1AP"	277	"HiG"
"HiG_8"	636	"MT-ND3"	52	"HiG"
"HiG_8"	2	"CEP170"	234	"HiG"
"HiG_8"	1150	"RGS7"	25	"HiG"
"HiG_8"	599	"RYR2"	55	"HiG"
"HiG_8"	435	"ENAH"	74	"HiG"
"HiG_8"	356	"PDE10A"	86.5	"HiG"
"HiG_8"	1355	"PRKN"	22	"HiG"
"HiG_8"	0	"ATP1B1"	277	"HiG"
"HiG_8"	174	"DPYD"	125.5	"HiG"
"HiG_8"	29	"ADGRB3"	184.5	"HiG"
"HiG_8"	15	"EYS"	202.5	"HiG"
"HiG_8"	386	"SGIP1"	80	"HiG"
"HiG_8"	5	"DNAJC6"	222.5	"HiG"
"HiG_8"	0	"SSBP3"	277	"HiG"
"HiG_8"	182	"CACNA1B"	124	"HiG"
"HiG_8"	6	"TSHZ2"	218.5	"HiG"
"HiG_8"	436	"AGBL4"	73	"HiG"
"HiG_8"	0	"NRG3"	277	"HiG"
"HiG_8"	75	"HIVEP3"	156	"HiG"
"HiG_8"	0	"AOPEP"	277	"HiG"
"HiG_8"	94	"FAM155A"	149.5	"HiG"
"HiG_8"	592	"DLG2"	56	"HiG"
"HiG_8"	9	"FGF14"	211.5	"HiG"
"HiG_8"	154	"GPR158"	131	"HiG"
"HiG_8"	26	"HS6ST3"	189.5	"HiG"
"HiG_8"	21	"PRUNE2"	195.5	"HiG"
"HiG_8"	0	"NEBL"	277	"HiG"
"HiG_8"	1556	"DPP6"	19	"HiG"
"HiG_8"	0	"RTN3"	277	"HiG"
"HiG_8"	0	"PCDH9"	277	"HiG"
"HiG_8"	634	"CHGB"	53	"HiG"
"HiG_8"	9	"LINGO2"	211.5	"HiG"
"HiG_8"	174	"ELAVL2"	125.5	"HiG"
"HiG_8"	0	"NLGN4X"	277	"HiG"
"HiG_8"	1078	"TH"	30	"HiG"
"HiG_8"	983	"DDX1"	36	"HiG"
"HiG_8"	383	"KCNIP4"	81	"HiG"
"HiG_8"	111	"CDH18"	142.5	"HiG"
"HiG_8"	6	"CTIF"	218.5	"HiG"
"HiG_8"	304	"RBMS3"	101	"HiG"
"HiG_8"	97	"SRGAP3"	148	"HiG"
"HiG_8"	30	"TRAPPC9"	183	"HiG"
"HiG_8"	356	"PTPRN2"	86.5	"HiG"
"HiG_8"	308	"CCDC57"	98.5	"HiG"
"HiG_8"	43	"BAZ2B"	173.5	"HiG"
"HiG_8"	8	"LUC7L3"	215	"HiG"
"HiG_8"	457	"GAP43"	71	"HiG"
"HiG_8"	536	"PPP2R2B"	64	"HiG"
"HiG_8"	0	"SPOCK1"	277	"HiG"
"HiG_8"	0	"NREP"	277	"HiG"
"HiG_8"	537	"CAMK2B"	63	"HiG"
"HiG_8"	59	"TNRC6A"	160	"HiG"
"HiG_8"	0	"TTC28"	277	"HiG"
"HiG_8"	10	"NAV3"	209	"HiG"
"HiG_8"	552	"TCF4"	61	"HiG"
"HiG_8"	0	"AEBP2"	277	"HiG"
"HiG_8"	308	"TTC3"	98.5	"HiG"
"HiG_8"	47	"JMJD1C"	169	"HiG"
"HiG_8"	219	"N4BP2L2"	119.5	"HiG"
"HiG_8"	0	"PCBP3"	277	"HiG"
"HiG_8"	145	"NBEA"	133.5	"HiG"
"HiG_8"	1601	"NCOR2"	17	"HiG"
"HiG_8"	0	"ZFPM2"	277	"HiG"
"HiG_8"	1352	"CADM2"	23	"HiG"
"HiG_8"	252	"NPY"	111	"HiG"
"HiG_8"	0	"AKAP12"	277	"HiG"
"HiG_8"	551	"NXPH1"	62	"HiG"
"HiG_8"	361	"CTNNA2"	85	"HiG"
"HiG_8"	329	"SLC8A1"	91	"HiG"
"HiG_8"	54	"IMMP2L"	164	"HiG"
"HiG_8"	247	"KIF2A"	112	"HiG"
"HiG_8"	0	"PRR16"	277	"HiG"
"HiG_8"	1718	"NRXN1"	14	"HiG"
"HiG_8"	24	"NCOA1"	193	"HiG"
"HiG_8"	51	"KIF26B"	166.5	"HiG"
"HiG_8"	20	"DGKB"	197	"HiG"
"HiG_8"	173	"MBD5"	127	"HiG"
"HiG_8"	15	"ZNF638"	202.5	"HiG"
"HiG_8"	407	"NCKAP5"	78	"HiG"
"HiG_8"	127	"KANSL1"	139	"HiG"
"HiG_8"	1	"TANC2"	240	"HiG"
"HiG_8"	150	"TCF12"	132	"HiG"
"HiG_8"	0	"KSR2"	277	"HiG"
"HiG_8"	85	"UNC80"	153	"HiG"
"HiG_8"	0	"DENND4A"	277	"HiG"
"HiG_8"	10068	"RBFOX1"	1	"HiG"
"HiG_8"	5205	"NLGN1"	4	"HiG"
"HiG_8"	0	"BIRC6"	277	"HiG"
"HiG_8"	110	"GRIK2"	144	"HiG"
"HiG_8"	18	"GTF2IRD1"	199	"HiG"
"HiG_8"	119	"BMPR1B"	141	"HiG"
"HiG_8"	90	"TNRC6B"	152	"HiG"
"HiG_8"	0	"FRMD5"	277	"HiG"
"HiG_8"	560	"ANKRD36C"	59.5	"HiG"
"HiG_8"	354	"ICA1"	88	"HiG"
"HiG_8"	0	"SLC4A8"	277	"HiG"
"HiG_8"	35	"UNC5C"	179	"HiG"
"HiG_8"	0	"CHRNA7"	277	"HiG"
"HiG_8"	57	"HDAC9"	162	"HiG"
"HiG_8"	665	"PRKCA"	49	"HiG"
"HiG_8"	509	"STMN1"	66	"HiG"
"HiG_8"	122	"TMEM132C"	140	"HiG"
"HiG_8"	3	"XKR6"	229	"HiG"
"HiG_8"	696	"ROBO2"	45	"HiG"
"HiG_8"	25	"GPHN"	191.5	"HiG"
"HiG_8"	3	"BTBD9"	229	"HiG"
"HiG_8"	684	"BRAF"	48	"HiG"
"HiG_8"	471	"CACNA2D3"	69	"HiG"
"HiG_8"	26	"ZBTB20"	189.5	"HiG"
"HiG_8"	28	"SMYD3"	187	"HiG"
"HiG_8"	145	"PRKRIP1"	133.5	"HiG"
"HiG_8"	1072	"ROBO1"	31	"HiG"
"HiG_8"	1501	"MAML3"	20	"HiG"
"HiG_8"	171	"GALNTL6"	128	"HiG"
"HiG_8"	28	"FBXL7"	187	"HiG"
"HiG_8"	299	"TENM3"	102	"HiG"
"HiG_8"	61	"CCSER1"	158.5	"HiG"
"HiG_8"	0	"KCTD16"	277	"HiG"
"HiG_8"	469	"RIMS2"	70	"HiG"
"HiG_8"	55	"DPYSL2"	163	"HiG"
"HiG_8"	0	"RIMS1"	277	"HiG"
"HiG_8"	1061	"STMN2"	32	"HiG"
"HiG_8"	105	"HS6ST2"	145	"HiG"
"HiG_8"	111	"ASAP1"	142.5	"HiG"
"HiG_8"	0	"RGS5"	277	"HiG"
"HiG_8"	8	"TEAD1"	215	"HiG"
"HiG_8"	1	"FBXL17"	240	"HiG"
"HiG_8"	613	"TUBA1A"	54	"HiG"
"HiG_8"	15	"FNDC3A"	202.5	"HiG"
"HiG_8"	0	"ADK"	277	"HiG"
"HiG_8"	5	"SSH2"	222.5	"HiG"
"HiG_8"	0	"DENND5B"	277	"HiG"
"HiG_8"	0	"FRY"	277	"HiG"
"HiG_8"	65	"CMIP"	157	"HiG"
"HiG_8"	380	"CNTN1"	82	"HiG"
"HiG_8"	1	"ANKS1B"	240	"HiG"
"HiG_8"	48	"EML5"	168	"HiG"
"HiG_8"	0	"SAMD4A"	277	"HiG"
"HiG_8"	2181	"TLN2"	9	"HiG"
"HiG_8"	0	"MEIS2"	277	"HiG"
"HiG_8"	0	"SCAPER"	277	"HiG"
"HiG_8"	44	"TMEM178B"	171.5	"HiG"
"HiG_8"	862	"WWOX"	39	"HiG"
"HiG_8"	432	"PTPRM"	75	"HiG"
"HiG_8"	2	"FHOD3"	234	"HiG"
"HiG_8"	0	"GPATCH8"	277	"HiG"
"HiG_8"	15	"BCAS3"	202.5	"HiG"
"HiG_8"	61	"SPTBN4"	158.5	"HiG"
"HiG_8"	33	"DTNA"	180	"HiG"
"HiG_8"	313	"GCH1"	95	"HiG"
"HiG_8"	685	"CAMK1D"	47	"HiG"
"HiG_8"	798	"NCAM1"	42	"HiG"
"HiG_8"	162	"SRRM3"	130	"HiG"
"HiG_8"	5	"MGAT4C"	222.5	"HiG"
"HiG_8"	11	"MAP7"	208	"HiG"
"HiG_8"	78	"EXOC6B"	155	"HiG"
"HiG_8"	1079	"DLGAP2"	29	"HiG"
"HiG_8"	43	"RALGAPA1"	173.5	"HiG"
"HiG_8"	1	"ARID1B"	240	"HiG"
"HiG_8"	0	"CCDC200"	277	"HiG"
"HiG_8"	79	"VPS13C"	154	"HiG"
"HiG_8"	818	"IGF1R"	41	"HiG"
"HiG_8"	197	"MYT1L"	122	"HiG"
"HiG_8"	12	"ANKRD36"	206.5	"HiG"
"HiG_8"	0	"BICD1"	277	"HiG"
"HiG_8"	254	"AKT3"	110	"HiG"
"HiG_10"	223	"GABARAPL2"	77	"HiG"
"HiG_10"	3	"LGALS1"	156	"HiG"
"HiG_10"	6	"PCSK1N"	149.5	"HiG"
"HiG_10"	0	"GDAP1"	223	"HiG"
"HiG_10"	100	"GLCCI1"	100	"HiG"
"HiG_10"	3298	"RPL19"	2	"HiG"
"HiG_10"	0	"PHOX2B"	223	"HiG"
"HiG_10"	720	"SKP1"	28	"HiG"
"HiG_10"	277	"TMSB10"	61.5	"HiG"
"HiG_10"	0	"CAMSAP2"	223	"HiG"
"HiG_10"	230	"ATP5F1E"	74	"HiG"
"HiG_10"	0	"SOX4"	223	"HiG"
"HiG_10"	3	"HSPB1"	156	"HiG"
"HiG_10"	313	"YWHAH"	58	"HiG"
"HiG_10"	20	"VGF"	128	"HiG"
"HiG_10"	4	"NALCN"	152	"HiG"
"HiG_10"	0	"ARFGEF3"	223	"HiG"
"HiG_10"	0	"JUND"	223	"HiG"
"HiG_10"	31	"CALY"	120	"HiG"
"HiG_10"	274	"H3-3B"	65	"HiG"
"HiG_10"	326	"SYT4"	56	"HiG"
"HiG_10"	27	"SARAF"	121	"HiG"
"HiG_10"	230	"UNC79"	74	"HiG"
"HiG_10"	0	"KIDINS220"	223	"HiG"
"HiG_10"	0	"PRPH"	223	"HiG"
"HiG_10"	0	"TMOD1"	223	"HiG"
"HiG_10"	0	"RPL35"	223	"HiG"
"HiG_10"	0	"TUBB2B"	223	"HiG"
"HiG_10"	26	"PEBP1"	122	"HiG"
"HiG_10"	2	"RORA"	161	"HiG"
"HiG_10"	0	"GNAO1"	223	"HiG"
"HiG_10"	79	"RPL8"	103	"HiG"
"HiG_10"	236	"TIMP2"	72	"HiG"
"HiG_10"	0	"SORCS1"	223	"HiG"
"HiG_10"	0	"CD81"	223	"HiG"
"HiG_10"	548	"KIF1B"	38	"HiG"
"HiG_10"	0	"CRACD"	223	"HiG"
"HiG_10"	0	"PRDX5"	223	"HiG"
"HiG_10"	191	"GAL"	82	"HiG"
"HiG_10"	16	"SRRM4"	133.5	"HiG"
"HiG_10"	133	"SRP14"	92	"HiG"
"HiG_10"	1568	"SOD1"	13	"HiG"
"HiG_10"	140	"RPS27A"	87	"HiG"
"HiG_10"	49	"FTH1"	115	"HiG"
"HiG_10"	0	"PHIP"	223	"HiG"
"HiG_10"	60	"ARHGAP36"	112.5	"HiG"
"HiG_10"	835	"MYCN"	22	"HiG"
"HiG_10"	208	"GRIA4"	78	"HiG"
"HiG_10"	0	"RAB3C"	223	"HiG"
"HiG_10"	2	"SCN3A"	161	"HiG"
"HiG_10"	790	"THY1"	27	"HiG"
"HiG_10"	837	"UCHL1"	21	"HiG"
"HiG_10"	0	"MMP16"	223	"HiG"
"HiG_10"	138	"KCNMA1"	88	"HiG"
"HiG_10"	1634	"SST"	11	"HiG"
"HiG_10"	0	"NMNAT2"	223	"HiG"
"HiG_10"	105	"NRG1"	98	"HiG"
"HiG_10"	0	"KCNT2"	223	"HiG"
"HiG_10"	51	"PTPRN"	114	"HiG"
"HiG_10"	0	"GRIA2"	223	"HiG"
"HiG_10"	0	"RPS23"	223	"HiG"
"HiG_10"	1947	"MAP1B"	9	"HiG"
"HiG_10"	20	"SCG5"	128	"HiG"
"HiG_10"	10	"MAP1A"	139.5	"HiG"
"HiG_10"	0	"VAT1L"	223	"HiG"
"HiG_10"	230	"ZNF804A"	74	"HiG"
"HiG_10"	390	"SCG2"	53	"HiG"
"HiG_10"	176	"HINT1"	84	"HiG"
"HiG_10"	0	"ALCAM"	223	"HiG"
"HiG_10"	474	"YWHAG"	46	"HiG"
"HiG_10"	277	"BPTF"	61.5	"HiG"
"HiG_10"	0	"NSG2"	223	"HiG"
"HiG_10"	21	"RPL13"	126	"HiG"
"HiG_10"	540	"DST"	40	"HiG"
"HiG_10"	11	"GABRB3"	137.5	"HiG"
"HiG_10"	0	"RPL15"	223	"HiG"
"HiG_10"	0	"KLF7"	223	"HiG"
"HiG_10"	3	"RPL38"	156	"HiG"
"HiG_10"	0	"PPM1E"	223	"HiG"
"HiG_10"	0	"GPR137C"	223	"HiG"
"HiG_10"	1291	"CLU"	17	"HiG"
"HiG_10"	0	"GRK3"	223	"HiG"
"HiG_10"	0	"BASP1"	223	"HiG"
"HiG_10"	0	"CRMP1"	223	"HiG"
"HiG_10"	274	"EBF1"	65	"HiG"
"HiG_10"	1	"EFNA5"	165.5	"HiG"
"HiG_10"	16	"CADM1"	133.5	"HiG"
"HiG_10"	0	"PHACTR1"	223	"HiG"
"HiG_10"	228	"CALCA"	76	"HiG"
"HiG_10"	177	"SLIT3"	83	"HiG"
"HiG_10"	8	"KCND2"	146	"HiG"
"HiG_10"	2514	"HSP90AA1"	6	"HiG"
"HiG_10"	0	"TNRC6C"	223	"HiG"
"HiG_10"	1650	"TUBA1B"	10	"HiG"
"HiG_10"	6	"DGKH"	149.5	"HiG"
"HiG_10"	712	"RTN4"	29	"HiG"
"HiG_10"	0	"CCDC88A"	223	"HiG"
"HiG_10"	362	"NDUFA4"	55	"HiG"
"HiG_10"	300	"MAPT"	59	"HiG"
"HiG_10"	0	"ATP9A"	223	"HiG"
"HiG_10"	24	"SERINC1"	123.5	"HiG"
"HiG_10"	0	"EPB41L3"	223	"HiG"
"HiG_10"	0	"MAP4K4"	223	"HiG"
"HiG_10"	0	"DPYSL3"	223	"HiG"
"HiG_10"	148	"RPL3"	86	"HiG"
"HiG_10"	0	"RPL21"	223	"HiG"
"HiG_10"	0	"RPLP1"	223	"HiG"
"HiG_10"	0	"RPS3A"	223	"HiG"
"HiG_10"	482	"FYN"	45	"HiG"
"HiG_10"	0	"SRGAP1"	223	"HiG"
"HiG_10"	0	"LINGO1"	223	"HiG"
"HiG_10"	0	"DNM3"	223	"HiG"
"HiG_10"	0	"SORBS2"	223	"HiG"
"HiG_10"	77	"CACNA2D1"	104	"HiG"
"HiG_10"	72	"ANK2"	107	"HiG"
"HiG_10"	8	"ELAVL4"	146	"HiG"
"HiG_10"	534	"ATP2B4"	41	"HiG"
"HiG_10"	18	"SYN3"	131	"HiG"
"HiG_10"	0	"ELAVL3"	223	"HiG"
"HiG_10"	0	"MAP2"	223	"HiG"
"HiG_10"	0	"PAK3"	223	"HiG"
"HiG_10"	0	"NCKAP1"	223	"HiG"
"HiG_10"	2018	"MT-CO1"	8	"HiG"
"HiG_10"	18	"MT-CYB"	131	"HiG"
"HiG_10"	418	"MT-ATP6"	51	"HiG"
"HiG_10"	9	"MT-ND1"	142.5	"HiG"
"HiG_10"	0	"MT-ND4L"	223	"HiG"
"HiG_10"	36	"PJA2"	118	"HiG"
"HiG_10"	0	"MT-ND5"	223	"HiG"
"HiG_10"	8	"MT-CO2"	146	"HiG"
"HiG_10"	94	"KIF21A"	102	"HiG"
"HiG_10"	9	"MT-ND4"	142.5	"HiG"
"HiG_10"	0	"MT-CO3"	223	"HiG"
"HiG_10"	0	"MT-ND2"	223	"HiG"
"HiG_10"	824	"KRT19"	23	"HiG"
"HiG_10"	0	"MT-ND3"	223	"HiG"
"HiG_10"	0	"CEP170"	223	"HiG"
"HiG_10"	568	"RGS7"	37	"HiG"
"HiG_10"	113	"RYR2"	95	"HiG"
"HiG_10"	0	"CDC42BPA"	223	"HiG"
"HiG_10"	0	"ENAH"	223	"HiG"
"HiG_10"	15	"ATP1B1"	135	"HiG"
"HiG_10"	440	"S100A6"	50	"HiG"
"HiG_10"	1358	"ADGRB3"	16	"HiG"
"HiG_10"	0	"EYS"	223	"HiG"
"HiG_10"	0	"SGIP1"	223	"HiG"
"HiG_10"	319	"DNAJC6"	57	"HiG"
"HiG_10"	2940	"GNAS"	4	"HiG"
"HiG_10"	638	"HSP90AB1"	32	"HiG"
"HiG_10"	0	"AGBL4"	223	"HiG"
"HiG_10"	0	"RPL7A"	223	"HiG"
"HiG_10"	1	"NRG3"	165.5	"HiG"
"HiG_10"	48	"BEX1"	116	"HiG"
"HiG_10"	804	"YWHAB"	26	"HiG"
"HiG_10"	0	"RPS4X"	223	"HiG"
"HiG_10"	0	"PCDH15"	223	"HiG"
"HiG_10"	493	"FGF14"	43	"HiG"
"HiG_10"	0	"PRUNE2"	223	"HiG"
"HiG_10"	368	"FTL"	54	"HiG"
"HiG_10"	463	"DPP6"	48	"HiG"
"HiG_10"	0	"PCDH9"	223	"HiG"
"HiG_10"	266	"GNB1"	68	"HiG"
"HiG_10"	13	"CHGB"	136	"HiG"
"HiG_10"	2	"NRCAM"	161	"HiG"
"HiG_10"	134	"LINGO2"	91	"HiG"
"HiG_10"	0	"ELAVL2"	223	"HiG"
"HiG_10"	613	"TUBB2A"	34	"HiG"
"HiG_10"	0	"TMSB4X"	223	"HiG"
"HiG_10"	68	"PTPRD"	109	"HiG"
"HiG_10"	136	"DDX1"	89.5	"HiG"
"HiG_10"	274	"SGCZ"	65	"HiG"
"HiG_10"	23	"KCNIP4"	125	"HiG"
"HiG_10"	0	"RBMS3"	223	"HiG"
"HiG_10"	0	"GOLM1"	223	"HiG"
"HiG_10"	0	"EVL"	223	"HiG"
"HiG_10"	0	"LONRF2"	223	"HiG"
"HiG_10"	3031	"GAP43"	3	"HiG"
"HiG_10"	9	"NDRG4"	142.5	"HiG"
"HiG_10"	0	"PPP2R2B"	223	"HiG"
"HiG_10"	0	"RPL34"	223	"HiG"
"HiG_10"	73	"PSAP"	105.5	"HiG"
"HiG_10"	15077	"GAPDH"	1	"HiG"
"HiG_10"	491	"TCF4"	44	"HiG"
"HiG_10"	98	"CST3"	101	"HiG"
"HiG_10"	0	"GSTP1"	223	"HiG"
"HiG_10"	0	"TTC3"	223	"HiG"
"HiG_10"	104	"NPY"	99	"HiG"
"HiG_10"	0	"AKAP12"	223	"HiG"
"HiG_10"	1569	"CTNNA2"	12	"HiG"
"HiG_10"	519	"KIF2A"	42	"HiG"
"HiG_10"	669	"NRXN1"	30	"HiG"
"HiG_10"	4	"PHF14"	152	"HiG"
"HiG_10"	0	"PLEKHB2"	223	"HiG"
"HiG_10"	71	"RPS14"	108	"HiG"
"HiG_10"	18	"SCN9A"	131	"HiG"
"HiG_10"	0	"SERF2"	223	"HiG"
"HiG_10"	543	"LRRTM4"	39	"HiG"
"HiG_10"	2	"UNC80"	161	"HiG"
"HiG_10"	617	"RBFOX1"	33	"HiG"
"HiG_10"	3	"REEP1"	156	"HiG"
"HiG_10"	3	"NLGN1"	156	"HiG"
"HiG_10"	136	"RPS18"	89.5	"HiG"
"HiG_10"	0	"KIF5C"	223	"HiG"
"HiG_10"	0	"DHFR"	223	"HiG"
"HiG_10"	905	"GRIK2"	20	"HiG"
"HiG_10"	0	"TSC22D1"	223	"HiG"
"HiG_10"	64	"SNAP91"	110.5	"HiG"
"HiG_10"	0	"RUNX1T1"	223	"HiG"
"HiG_10"	0	"CLSTN2"	223	"HiG"
"HiG_10"	45	"ICA1"	117	"HiG"
"HiG_10"	0	"PPP1R9A"	223	"HiG"
"HiG_10"	0	"PBX1"	223	"HiG"
"HiG_10"	279	"UNC5C"	60	"HiG"
"HiG_10"	274	"THSD7A"	65	"HiG"
"HiG_10"	252	"HDAC9"	70	"HiG"
"HiG_10"	274	"CELF4"	65	"HiG"
"HiG_10"	33	"DOCK4"	119	"HiG"
"HiG_10"	10	"TMEM132C"	139.5	"HiG"
"HiG_10"	1	"RBFOX2"	165.5	"HiG"
"HiG_10"	0	"RPL10"	223	"HiG"
"HiG_10"	0	"RPS24"	223	"HiG"
"HiG_10"	24	"NELL2"	123.5	"HiG"
"HiG_10"	458	"ROBO2"	49	"HiG"
"HiG_10"	0	"RPL37A"	223	"HiG"
"HiG_10"	198	"PEG10"	81	"HiG"
"HiG_10"	0	"LSAMP"	223	"HiG"
"HiG_10"	4	"CACNA2D3"	152	"HiG"
"HiG_10"	116	"EIF1"	93.5	"HiG"
"HiG_10"	0	"KLHL13"	223	"HiG"
"HiG_10"	202	"RPL23"	79	"HiG"
"HiG_10"	573	"ROBO1"	36	"HiG"
"HiG_10"	464	"MAML3"	47	"HiG"
"HiG_10"	111	"TENM3"	96.5	"HiG"
"HiG_10"	0	"TUSC3"	223	"HiG"
"HiG_10"	0	"CAMK2D"	223	"HiG"
"HiG_10"	64	"DPYSL2"	110.5	"HiG"
"HiG_10"	813	"STMN2"	24	"HiG"
"HiG_10"	11	"COX6C"	137.5	"HiG"
"HiG_10"	415	"FAU"	52	"HiG"
"HiG_10"	0	"RGS5"	223	"HiG"
"HiG_10"	0	"DKK3"	223	"HiG"
"HiG_10"	73	"ATP6V0B"	105.5	"HiG"
"HiG_10"	0	"TEAD1"	223	"HiG"
"HiG_10"	2	"RPS13"	161	"HiG"
"HiG_10"	7	"HSPA8"	148	"HiG"
"HiG_10"	157	"TUBA1A"	85	"HiG"
"HiG_10"	0	"MTRNR2L8"	223	"HiG"
"HiG_10"	1203	"UBC"	19	"HiG"
"HiG_10"	0	"BCAT1"	223	"HiG"
"HiG_10"	1	"CNTN1"	165.5	"HiG"
"HiG_10"	0	"CD63"	223	"HiG"
"HiG_10"	0	"RPL41"	223	"HiG"
"HiG_10"	0	"EML5"	223	"HiG"
"HiG_10"	247	"MEIS2"	71	"HiG"
"HiG_10"	2276	"ACTG1"	7	"HiG"
"HiG_10"	657	"ADCYAP1"	31	"HiG"
"HiG_10"	20	"PTPRM"	128	"HiG"
"HiG_10"	0	"MXRA7"	223	"HiG"
"HiG_10"	0	"RPS15"	223	"HiG"
"HiG_10"	201	"BCAS3"	80	"HiG"
"HiG_10"	257	"MTRNR2L12"	69	"HiG"
"HiG_10"	116	"DTNA"	93.5	"HiG"
"HiG_10"	1289	"TPT1"	18	"HiG"
"HiG_10"	588	"UBB"	35	"HiG"
"HiG_10"	9	"FMN1"	142.5	"HiG"
"HiG_10"	111	"NCAM1"	96.5	"HiG"
"HiG_10"	0	"MGAT4C"	223	"HiG"
"HiG_10"	2914	"NEFL"	5	"HiG"
"HiG_10"	0	"MAP7"	223	"HiG"
"HiG_10"	0	"SYT14"	223	"HiG"
"HiG_10"	0	"C14orf132"	223	"HiG"
"HiG_10"	0	"ZFHX3"	223	"HiG"
"HiG_10"	1401	"ACTB"	15	"HiG"
"HiG_10"	0	"RPS7"	223	"HiG"
"HiG_10"	0	"RPL35A"	223	"HiG"
"HiG_10"	60	"ITM2B"	112.5	"HiG"
"HiG_10"	805	"B2M"	25	"HiG"
"HiG_10"	1517	"CALM1"	14	"HiG"
"HiG_11"	0	"TTC17"	468	"HiG"
"HiG_11"	990	"MACROD2"	92	"HiG"
"HiG_11"	0	"PCSK1N"	468	"HiG"
"HiG_11"	98	"GLCCI1"	278.5	"HiG"
"HiG_11"	0	"ASIC2"	468	"HiG"
"HiG_11"	31	"PHOX2B"	322	"HiG"
"HiG_11"	4922	"CCND1"	9	"HiG"
"HiG_11"	21	"TTL"	338	"HiG"
"HiG_11"	0	"CAMSAP2"	468	"HiG"
"HiG_11"	206	"PKD2"	240	"HiG"
"HiG_11"	2897	"KALRN"	19	"HiG"
"HiG_11"	5	"BBS9"	382.5	"HiG"
"HiG_11"	60	"SOX4"	297	"HiG"
"HiG_11"	1270	"ATXN1"	70	"HiG"
"HiG_11"	132	"GNGT1"	264.5	"HiG"
"HiG_11"	502	"SEZ6L"	165	"HiG"
"HiG_11"	534	"NALCN"	151.5	"HiG"
"HiG_11"	3	"RABGAP1L"	396	"HiG"
"HiG_11"	0	"C20orf194"	468	"HiG"
"HiG_11"	686	"EXOC4"	125	"HiG"
"HiG_11"	486	"SNAP25"	171	"HiG"
"HiG_11"	207	"CHRM3"	239	"HiG"
"HiG_11"	5	"SBF2"	382.5	"HiG"
"HiG_11"	1	"UNC79"	409.5	"HiG"
"HiG_11"	288	"BACH2"	211.5	"HiG"
"HiG_11"	0	"PCNX2"	468	"HiG"
"HiG_11"	396	"TMOD1"	187.5	"HiG"
"HiG_11"	949	"TUBB2B"	98	"HiG"
"HiG_11"	178	"TTLL7"	249	"HiG"
"HiG_11"	1340	"SYT1"	63	"HiG"
"HiG_11"	14	"ENOX1"	354	"HiG"
"HiG_11"	211	"RORA"	238	"HiG"
"HiG_11"	380	"RIMBP2"	195	"HiG"
"HiG_11"	798	"CUX2"	103	"HiG"
"HiG_11"	219	"CACNG4"	235	"HiG"
"HiG_11"	2509	"KMT2C"	28	"HiG"
"HiG_11"	0	"TIMP2"	468	"HiG"
"HiG_11"	11	"SORCS1"	359.5	"HiG"
"HiG_11"	18	"CLASP1"	342.5	"HiG"
"HiG_11"	86	"ZC2HC1A"	282	"HiG"
"HiG_11"	1966	"IL7"	39	"HiG"
"HiG_11"	386	"EHBP1"	193	"HiG"
"HiG_11"	0	"CRACD"	468	"HiG"
"HiG_11"	0	"ADD2"	468	"HiG"
"HiG_11"	9	"FBXL20"	366	"HiG"
"HiG_11"	17	"DNMT3A"	346.5	"HiG"
"HiG_11"	26	"KIF3C"	328.5	"HiG"
"HiG_11"	22	"PPP2R3A"	335	"HiG"
"HiG_11"	1098	"FSTL4"	84	"HiG"
"HiG_11"	732	"SEMA3A"	111	"HiG"
"HiG_11"	29	"APBA1"	326	"HiG"
"HiG_11"	558	"NRXN2"	147	"HiG"
"HiG_11"	4	"AHI1"	389	"HiG"
"HiG_11"	188	"CPEB3"	243	"HiG"
"HiG_11"	0	"RBM6"	468	"HiG"
"HiG_11"	6	"DOCK3"	376	"HiG"
"HiG_11"	69	"TIMP3"	290	"HiG"
"HiG_11"	626	"CACNA1C"	137	"HiG"
"HiG_11"	376	"SRRM4"	197	"HiG"
"HiG_11"	0	"RTN1"	468	"HiG"
"HiG_11"	26	"ASXL3"	328.5	"HiG"
"HiG_11"	5	"RNF157"	382.5	"HiG"
"HiG_11"	0	"KCNH1"	468	"HiG"
"HiG_11"	1	"PLEKHA6"	409.5	"HiG"
"HiG_11"	15195	"RPS27A"	3	"HiG"
"HiG_11"	403	"WDPCP"	184	"HiG"
"HiG_11"	704	"MEIS1"	121	"HiG"
"HiG_11"	0	"TMEFF2"	468	"HiG"
"HiG_11"	0	"STAC"	468	"HiG"
"HiG_11"	270	"STXBP5L"	219	"HiG"
"HiG_11"	0	"ARHGAP26"	468	"HiG"
"HiG_11"	111	"DLC1"	273	"HiG"
"HiG_11"	742	"LRRC4C"	110	"HiG"
"HiG_11"	664	"TENM4"	130	"HiG"
"HiG_11"	6	"NINL"	376	"HiG"
"HiG_11"	2118	"ANK3"	36	"HiG"
"HiG_11"	85	"DIP2C"	283	"HiG"
"HiG_11"	0	"AKAP6"	468	"HiG"
"HiG_11"	0	"FER"	468	"HiG"
"HiG_11"	116	"MED13L"	272	"HiG"
"HiG_11"	489	"GRID2"	168	"HiG"
"HiG_11"	9	"PDE3B"	366	"HiG"
"HiG_11"	1	"ANKRD44"	409.5	"HiG"
"HiG_11"	1248	"CAMK4"	73	"HiG"
"HiG_11"	0	"RAB3C"	468	"HiG"
"HiG_11"	0	"PTPRR"	468	"HiG"
"HiG_11"	23	"JAZF1"	332.5	"HiG"
"HiG_11"	4	"MSI2"	389	"HiG"
"HiG_11"	72	"SEMA3D"	287.5	"HiG"
"HiG_11"	1267	"UCHL1"	71	"HiG"
"HiG_11"	1455	"APP"	59	"HiG"
"HiG_11"	54	"MMP16"	302	"HiG"
"HiG_11"	1318	"KCNMA1"	65	"HiG"
"HiG_11"	31	"ZFAND3"	322	"HiG"
"HiG_11"	175	"NRG1"	251	"HiG"
"HiG_11"	1951	"ERC2"	41	"HiG"
"HiG_11"	607	"GRIA2"	141	"HiG"
"HiG_11"	1814	"MAP1B"	44	"HiG"
"HiG_11"	172	"ADCY1"	253.5	"HiG"
"HiG_11"	0	"SPIDR"	468	"HiG"
"HiG_11"	1154	"ZNF804A"	79	"HiG"
"HiG_11"	0	"DCLK2"	468	"HiG"
"HiG_11"	973	"SCG2"	95	"HiG"
"HiG_11"	25	"FSTL5"	330	"HiG"
"HiG_11"	387	"OTUD7A"	192	"HiG"
"HiG_11"	56	"ALCAM"	299	"HiG"
"HiG_11"	532	"SYNPO2"	153	"HiG"
"HiG_11"	655	"PAM"	132	"HiG"
"HiG_11"	240	"PRKCE"	230	"HiG"
"HiG_11"	28	"CAMTA1"	327	"HiG"
"HiG_11"	0	"MAP6"	468	"HiG"
"HiG_11"	2239	"CTNND2"	34	"HiG"
"HiG_11"	174	"RPTOR"	252	"HiG"
"HiG_11"	0	"AGAP1"	468	"HiG"
"HiG_11"	0	"TSPAN5"	468	"HiG"
"HiG_11"	6	"NSG2"	376	"HiG"
"HiG_11"	39	"ZNF608"	314	"HiG"
"HiG_11"	693	"RPL13"	123	"HiG"
"HiG_11"	1752	"EEF2"	45	"HiG"
"HiG_11"	361	"DST"	200	"HiG"
"HiG_11"	672	"GABRB3"	128	"HiG"
"HiG_11"	3017	"LRRC7"	15	"HiG"
"HiG_11"	1116	"RPL15"	82	"HiG"
"HiG_11"	583	"ELMO1"	143.5	"HiG"
"HiG_11"	0	"PPM1E"	468	"HiG"
"HiG_11"	2949	"DLGAP1"	18	"HiG"
"HiG_11"	18	"PACS1"	342.5	"HiG"
"HiG_11"	0	"ZNF609"	468	"HiG"
"HiG_11"	101	"FMN2"	275	"HiG"
"HiG_11"	0	"SOBP"	468	"HiG"
"HiG_11"	396	"BASP1"	187.5	"HiG"
"HiG_11"	829	"CACNB2"	101	"HiG"
"HiG_11"	1203	"DYNC1I1"	76	"HiG"
"HiG_11"	286	"MICU3"	215	"HiG"
"HiG_11"	120	"CRMP1"	269.5	"HiG"
"HiG_11"	72	"TMTC2"	287.5	"HiG"
"HiG_11"	0	"MTSS1"	468	"HiG"
"HiG_11"	269	"EBF1"	220	"HiG"
"HiG_11"	2	"TMEM108"	401.5	"HiG"
"HiG_11"	9	"SEMA6D"	366	"HiG"
"HiG_11"	44	"CLASP2"	308	"HiG"
"HiG_11"	341	"EFNA5"	201	"HiG"
"HiG_11"	77	"ST6GALNAC3"	286	"HiG"
"HiG_11"	529	"CADM1"	154	"HiG"
"HiG_11"	282	"PHACTR1"	217.5	"HiG"
"HiG_11"	0	"ZNF704"	468	"HiG"
"HiG_11"	245	"SLIT3"	228	"HiG"
"HiG_11"	723	"MARCHF11"	112	"HiG"
"HiG_11"	1902	"KCND2"	42.5	"HiG"
"HiG_11"	218	"PCLO"	236	"HiG"
"HiG_11"	453	"TNRC6C"	175.5	"HiG"
"HiG_11"	0	"EPB41L1"	468	"HiG"
"HiG_11"	7	"DGKH"	371	"HiG"
"HiG_11"	700	"PACRG"	122	"HiG"
"HiG_11"	170	"PLCB1"	255	"HiG"
"HiG_11"	580	"RERE"	145	"HiG"
"HiG_11"	32	"TRIO"	319.5	"HiG"
"HiG_11"	1	"TRIM2"	409.5	"HiG"
"HiG_11"	282	"MAOA"	217.5	"HiG"
"HiG_11"	7810	"MAPT"	4	"HiG"
"HiG_11"	1308	"PTK2"	66	"HiG"
"HiG_11"	452	"JARID2"	177	"HiG"
"HiG_11"	519	"PDE4B"	158	"HiG"
"HiG_11"	0	"FOXN3"	468	"HiG"
"HiG_11"	46	"DPYSL3"	305.5	"HiG"
"HiG_11"	1620	"AUTS2"	48	"HiG"
"HiG_11"	58	"LIN28B"	298	"HiG"
"HiG_11"	534	"KCNQ5"	151.5	"HiG"
"HiG_11"	185	"PRICKLE1"	246	"HiG"
"HiG_11"	216	"SHANK2"	237	"HiG"
"HiG_11"	0	"HMGB1"	468	"HiG"
"HiG_11"	2728	"PDE4D"	23	"HiG"
"HiG_11"	247	"LRFN2"	227	"HiG"
"HiG_11"	333	"RPLP1"	204	"HiG"
"HiG_11"	1141	"RPS3A"	81	"HiG"
"HiG_11"	88	"MAGI2"	281	"HiG"
"HiG_11"	553	"FYN"	148	"HiG"
"HiG_11"	0	"LARGE1"	468	"HiG"
"HiG_11"	0	"ATRNL1"	468	"HiG"
"HiG_11"	12	"LINGO1"	356.5	"HiG"
"HiG_11"	1486	"DNM3"	55	"HiG"
"HiG_11"	136	"TBCD"	262	"HiG"
"HiG_11"	397	"ZNF536"	186	"HiG"
"HiG_11"	61	"SORBS2"	296	"HiG"
"HiG_11"	0	"KHDRBS3"	468	"HiG"
"HiG_11"	0	"SH3PXD2A"	468	"HiG"
"HiG_11"	0	"JPT1"	468	"HiG"
"HiG_11"	0	"MYO9A"	468	"HiG"
"HiG_11"	299	"NPAS3"	207	"HiG"
"HiG_11"	766	"DYNC1H1"	106	"HiG"
"HiG_11"	2439	"CACNA2D1"	30	"HiG"
"HiG_11"	752	"ANK2"	108	"HiG"
"HiG_11"	1292	"ELAVL4"	67	"HiG"
"HiG_11"	1	"LRBA"	409.5	"HiG"
"HiG_11"	832	"FRMD4A"	100	"HiG"
"HiG_11"	950	"GRM7"	97	"HiG"
"HiG_11"	1067	"NEGR1"	86	"HiG"
"HiG_11"	0	"MPPED2"	468	"HiG"
"HiG_11"	633	"NF1"	135	"HiG"
"HiG_11"	1145	"GRM8"	80	"HiG"
"HiG_11"	4	"VPS13B"	389	"HiG"
"HiG_11"	3154	"SYN3"	14	"HiG"
"HiG_11"	45	"REV3L"	307	"HiG"
"HiG_11"	3	"ELAVL3"	396	"HiG"
"HiG_11"	0	"LDLRAD4"	468	"HiG"
"HiG_11"	49	"HAND2"	303	"HiG"
"HiG_11"	2281	"PLXNA4"	33	"HiG"
"HiG_11"	232	"CUX1"	232	"HiG"
"HiG_11"	191	"MAP2"	241.5	"HiG"
"HiG_11"	896	"NRP2"	99	"HiG"
"HiG_11"	132	"DCLK1"	264.5	"HiG"
"HiG_11"	3	"PAK3"	396	"HiG"
"HiG_11"	70	"ERC1"	289	"HiG"
"HiG_11"	5084	"NTRK3"	7	"HiG"
"HiG_11"	8	"NCKAP1"	369	"HiG"
"HiG_11"	457	"ZEB1"	174	"HiG"
"HiG_11"	11	"ASTN2"	359.5	"HiG"
"HiG_11"	65	"ASTN1"	294	"HiG"
"HiG_11"	399	"MT-CYB"	185	"HiG"
"HiG_11"	952	"MACF1"	96	"HiG"
"HiG_11"	1031	"MT-ATP6"	90	"HiG"
"HiG_11"	3213	"CNTNAP2"	13	"HiG"
"HiG_11"	31	"TOX"	322	"HiG"
"HiG_11"	21	"KIF21A"	338	"HiG"
"HiG_11"	0	"FAM163A"	468	"HiG"
"HiG_11"	4041	"DMD"	12	"HiG"
"HiG_11"	0	"MT-CO3"	468	"HiG"
"HiG_11"	2129	"RGS7"	35	"HiG"
"HiG_11"	656	"RYR2"	131	"HiG"
"HiG_11"	2	"CDC42BPA"	401.5	"HiG"
"HiG_11"	157	"ENAH"	259	"HiG"
"HiG_11"	16	"PDE10A"	350.5	"HiG"
"HiG_11"	719	"PRKN"	114	"HiG"
"HiG_11"	463	"PLXNA2"	173	"HiG"
"HiG_11"	0	"TULP4"	468	"HiG"
"HiG_11"	104	"CACNA1E"	274	"HiG"
"HiG_11"	15	"RALGPS2"	352.5	"HiG"
"HiG_11"	35	"ARHGEF11"	317	"HiG"
"HiG_11"	40	"NTNG1"	311.5	"HiG"
"HiG_11"	259	"DPYD"	223.5	"HiG"
"HiG_11"	449	"ADGRB3"	178	"HiG"
"HiG_11"	3	"EYS"	396	"HiG"
"HiG_11"	676	"ADGRL2"	127	"HiG"
"HiG_11"	7	"SLC44A5"	371	"HiG"
"HiG_11"	0	"PHACTR3"	468	"HiG"
"HiG_11"	229	"SGIP1"	233	"HiG"
"HiG_11"	682	"DNAJC6"	126	"HiG"
"HiG_11"	0	"SORBS1"	468	"HiG"
"HiG_11"	169	"CACNA1B"	256	"HiG"
"HiG_11"	83	"SUPT3H"	284.5	"HiG"
"HiG_11"	0	"TSHZ2"	468	"HiG"
"HiG_11"	64	"AGBL4"	295	"HiG"
"HiG_11"	122	"NRG3"	267.5	"HiG"
"HiG_11"	392	"HIVEP3"	189.5	"HiG"
"HiG_11"	55	"STXBP1"	300.5	"HiG"
"HiG_11"	0	"CSMD2"	468	"HiG"
"HiG_11"	0	"GARNL3"	468	"HiG"
"HiG_11"	160	"RPS4X"	257	"HiG"
"HiG_11"	187	"PCDH15"	244	"HiG"
"HiG_11"	0	"PARD3"	468	"HiG"
"HiG_11"	0	"AOPEP"	468	"HiG"
"HiG_11"	258	"FAM155A"	225	"HiG"
"HiG_11"	0	"KAZN"	468	"HiG"
"HiG_11"	1629	"DLG2"	47	"HiG"
"HiG_11"	4	"FGF14"	389	"HiG"
"HiG_11"	0	"PCCA"	468	"HiG"
"HiG_11"	0	"GPR158"	468	"HiG"
"HiG_11"	583	"HS6ST3"	143.5	"HiG"
"HiG_11"	0	"UGGT2"	468	"HiG"
"HiG_11"	511	"GPC6"	160.5	"HiG"
"HiG_11"	20	"NEBL"	340.5	"HiG"
"HiG_11"	0	"FTL"	468	"HiG"
"HiG_11"	0	"HECTD4"	468	"HiG"
"HiG_11"	0	"KLF12"	468	"HiG"
"HiG_11"	1048	"DPP6"	88	"HiG"
"HiG_11"	287	"PCDH9"	213.5	"HiG"
"HiG_11"	37	"EXT1"	316	"HiG"
"HiG_11"	1273	"GNB1"	69	"HiG"
"HiG_11"	1084	"CHGB"	85	"HiG"
"HiG_11"	2427	"IL1RAPL1"	31	"HiG"
"HiG_11"	55	"NRCAM"	300.5	"HiG"
"HiG_11"	549	"GATA3"	149	"HiG"
"HiG_11"	6	"CNKSR2"	376	"HiG"
"HiG_11"	489	"LINGO2"	168	"HiG"
"HiG_11"	0	"FOCAD"	468	"HiG"
"HiG_11"	0	"PSIP1"	468	"HiG"
"HiG_11"	2530	"PTPRD"	27	"HiG"
"HiG_11"	288	"DDX1"	211.5	"HiG"
"HiG_11"	1196	"SGCZ"	77	"HiG"
"HiG_11"	46	"KCNIP4"	305.5	"HiG"
"HiG_11"	302	"CDH12"	206	"HiG"
"HiG_11"	0	"DOK6"	468	"HiG"
"HiG_11"	504	"CTIF"	163	"HiG"
"HiG_11"	0	"CADPS"	468	"HiG"
"HiG_11"	337	"SRGAP3"	202	"HiG"
"HiG_11"	0	"GOLM1"	468	"HiG"
"HiG_11"	373	"KCNQ3"	198.5	"HiG"
"HiG_11"	489	"ALK"	168	"HiG"
"HiG_11"	127	"TRAPPC9"	266	"HiG"
"HiG_11"	186	"PTPRN2"	245	"HiG"
"HiG_11"	2749	"LRP1B"	22	"HiG"
"HiG_11"	10	"EPHA6"	362.5	"HiG"
"HiG_11"	1519	"RPL13A"	54	"HiG"
"HiG_11"	0	"XRCC5"	468	"HiG"
"HiG_11"	2	"CCDC57"	401.5	"HiG"
"HiG_11"	1	"LUC7L3"	409.5	"HiG"
"HiG_11"	0	"TMCC1"	468	"HiG"
"HiG_11"	1539	"GAP43"	53	"HiG"
"HiG_11"	1367	"PPP2R2B"	60	"HiG"
"HiG_11"	23	"PPP3CA"	332.5	"HiG"
"HiG_11"	4	"SPOCK1"	389	"HiG"
"HiG_11"	712	"CAMK2B"	119.5	"HiG"
"HiG_11"	666	"TNRC6A"	129	"HiG"
"HiG_11"	539	"HECW1"	150	"HiG"
"HiG_11"	1	"NAV2"	409.5	"HiG"
"HiG_11"	98	"FAF1"	278.5	"HiG"
"HiG_11"	0	"PKIA"	468	"HiG"
"HiG_11"	0	"UBE2E2"	468	"HiG"
"HiG_11"	22	"TTC28"	335	"HiG"
"HiG_11"	715	"NAV3"	116.5	"HiG"
"HiG_11"	714	"GRIP1"	118	"HiG"
"HiG_11"	2548	"BCL2"	26	"HiG"
"HiG_11"	309	"TCF4"	205	"HiG"
"HiG_11"	1355	"USP34"	61	"HiG"
"HiG_11"	453	"AEBP2"	175.5	"HiG"
"HiG_11"	1	"TTC3"	409.5	"HiG"
"HiG_11"	4	"JMJD1C"	389	"HiG"
"HiG_11"	0	"PCBP3"	468	"HiG"
"HiG_11"	292	"NEDD4L"	209	"HiG"
"HiG_11"	6	"SGSM1"	376	"HiG"
"HiG_11"	22	"EIF4G3"	335	"HiG"
"HiG_11"	1063	"NBEA"	87	"HiG"
"HiG_11"	7534	"DSCAM"	5	"HiG"
"HiG_11"	418	"NCAM2"	181.5	"HiG"
"HiG_11"	474	"DTNB"	172	"HiG"
"HiG_11"	1459	"CADM2"	58	"HiG"
"HiG_11"	715	"NPY"	116.5	"HiG"
"HiG_11"	90	"AKAP12"	280	"HiG"
"HiG_11"	1178	"NXPH1"	78	"HiG"
"HiG_11"	1560	"CTNNA2"	52	"HiG"
"HiG_11"	298	"VSNL1"	208	"HiG"
"HiG_11"	388	"SLC8A1"	191	"HiG"
"HiG_11"	385	"KIF2A"	194	"HiG"
"HiG_11"	33355	"NRXN1"	1	"HiG"
"HiG_11"	688	"UNC5D"	124	"HiG"
"HiG_11"	9	"NCOA1"	366	"HiG"
"HiG_11"	0	"MAGI1"	468	"HiG"
"HiG_11"	244	"KIF26B"	229	"HiG"
"HiG_11"	0	"DGKB"	468	"HiG"
"HiG_11"	12	"SDK1"	356.5	"HiG"
"HiG_11"	3012	"RPS14"	16	"HiG"
"HiG_11"	99	"MBD5"	276.5	"HiG"
"HiG_11"	0	"CPE"	468	"HiG"
"HiG_11"	20	"ZNF638"	340.5	"HiG"
"HiG_11"	0	"HOXD3"	468	"HiG"
"HiG_11"	2	"AFF3"	401.5	"HiG"
"HiG_11"	1	"PLD3"	409.5	"HiG"
"HiG_11"	619	"LRRTM4"	138.5	"HiG"
"HiG_11"	7	"GALNT13"	371	"HiG"
"HiG_11"	1320	"KANSL1"	64	"HiG"
"HiG_11"	1023	"TANC2"	91	"HiG"
"HiG_11"	3	"CYTH1"	396	"HiG"
"HiG_11"	1464	"DCC"	57	"HiG"
"HiG_11"	1	"KSR2"	409.5	"HiG"
"HiG_11"	15	"UNC80"	352.5	"HiG"
"HiG_11"	6951	"RBFOX1"	6	"HiG"
"HiG_11"	3	"REEP1"	396	"HiG"
"HiG_11"	5065	"NLGN1"	8	"HiG"
"HiG_11"	17	"KIF5C"	346.5	"HiG"
"HiG_11"	122	"BIRC6"	267.5	"HiG"
"HiG_11"	24	"TAFA2"	331	"HiG"
"HiG_11"	789	"FGF13"	105	"HiG"
"HiG_11"	0	"CHD9"	468	"HiG"
"HiG_11"	2643	"GRIK2"	24	"HiG"
"HiG_11"	0	"LRRN3"	468	"HiG"
"HiG_11"	1210	"SOX5"	75	"HiG"
"HiG_11"	4	"GNG4"	389	"HiG"
"HiG_11"	99	"CNTNAP5"	276.5	"HiG"
"HiG_11"	10	"TNIK"	362.5	"HiG"
"HiG_11"	21	"CHRM2"	338	"HiG"
"HiG_11"	1608	"SNAP91"	49	"HiG"
"HiG_11"	30	"BMPR1B"	324.5	"HiG"
"HiG_11"	562	"TNRC6B"	146	"HiG"
"HiG_11"	290	"RUNX1T1"	210	"HiG"
"HiG_11"	0	"CLSTN2"	468	"HiG"
"HiG_11"	487	"PLCL1"	170	"HiG"
"HiG_11"	0	"FRMD5"	468	"HiG"
"HiG_11"	637	"RPL6"	134	"HiG"
"HiG_11"	503	"ANKRD36C"	164	"HiG"
"HiG_11"	16	"TENM1"	350.5	"HiG"
"HiG_11"	118	"ICA1"	271	"HiG"
"HiG_11"	0	"PLEKHA5"	468	"HiG"
"HiG_11"	191	"MDGA2"	241.5	"HiG"
"HiG_11"	11	"PBX1"	359.5	"HiG"
"HiG_11"	39	"THSD7A"	314	"HiG"
"HiG_11"	0	"CHRNA7"	468	"HiG"
"HiG_11"	5	"TMEM132D"	382.5	"HiG"
"HiG_11"	4445	"PRKCA"	10	"HiG"
"HiG_11"	1290	"STMN1"	68	"HiG"
"HiG_11"	807	"CELF4"	102	"HiG"
"HiG_11"	617	"DOCK4"	140	"HiG"
"HiG_11"	181	"TMEM132C"	248	"HiG"
"HiG_11"	1	"ARPP21"	409.5	"HiG"
"HiG_11"	283	"RPL10"	216	"HiG"
"HiG_11"	448	"MICAL3"	179	"HiG"
"HiG_11"	0	"RPL32"	468	"HiG"
"HiG_11"	176	"XKR6"	250	"HiG"
"HiG_11"	2857	"ROBO2"	21	"HiG"
"HiG_11"	83	"ST6GALNAC5"	284.5	"HiG"
"HiG_11"	722	"GPHN"	113	"HiG"
"HiG_11"	2008	"PTPRG"	37	"HiG"
"HiG_11"	762	"TAFA1"	107	"HiG"
"HiG_11"	221	"BTBD9"	234	"HiG"
"HiG_11"	152	"BRCA1"	260	"HiG"
"HiG_11"	418	"LSAMP"	181.5	"HiG"
"HiG_11"	407	"BRAF"	183	"HiG"
"HiG_11"	1963	"CACNA2D3"	40	"HiG"
"HiG_11"	17	"SMYD3"	346.5	"HiG"
"HiG_11"	40	"TRPC1"	311.5	"HiG"
"HiG_11"	0	"KLHL13"	468	"HiG"
"HiG_11"	41	"IQCJ-SCHIP1"	310	"HiG"
"HiG_11"	2616	"ROBO1"	25	"HiG"
"HiG_11"	0	"ATP11A"	468	"HiG"
"HiG_11"	34	"KLHL29"	318	"HiG"
"HiG_11"	392	"MAML3"	189.5	"HiG"
"HiG_11"	0	"ATP2C1"	468	"HiG"
"HiG_11"	4098	"ADGRL3"	11	"HiG"
"HiG_11"	67	"SLIT2"	292	"HiG"
"HiG_11"	0	"SEPTIN11"	468	"HiG"
"HiG_11"	42	"GALNTL6"	309	"HiG"
"HiG_11"	261	"FBXL7"	222	"HiG"
"HiG_11"	0	"TENM3"	468	"HiG"
"HiG_11"	0	"TUSC3"	468	"HiG"
"HiG_11"	11	"CCSER1"	359.5	"HiG"
"HiG_11"	0	"LIMCH1"	468	"HiG"
"HiG_11"	17	"RNF150"	346.5	"HiG"
"HiG_11"	0	"KCTD16"	468	"HiG"
"HiG_11"	1111	"RIMS2"	83	"HiG"
"HiG_11"	259	"MARCHF1"	223.5	"HiG"
"HiG_11"	2877	"TENM2"	20	"HiG"
"HiG_11"	48	"HS3ST5"	304	"HiG"
"HiG_11"	0	"RANBP17"	468	"HiG"
"HiG_11"	5	"RIMS1"	382.5	"HiG"
"HiG_11"	17912	"GRIA1"	2	"HiG"
"HiG_11"	1988	"STMN2"	38	"HiG"
"HiG_11"	134	"RALYL"	263	"HiG"
"HiG_11"	1	"RNF130"	409.5	"HiG"
"HiG_11"	630	"KCNB2"	136	"HiG"
"HiG_11"	265	"POU2F2"	221	"HiG"
"HiG_11"	17	"RGS5"	346.5	"HiG"
"HiG_11"	0	"TEAD1"	468	"HiG"
"HiG_11"	1255	"KIRREL3"	72	"HiG"
"HiG_11"	979	"CNTN5"	94	"HiG"
"HiG_11"	511	"FBXL17"	160.5	"HiG"
"HiG_11"	521	"KIF1A"	157	"HiG"
"HiG_11"	0	"NOVA1"	468	"HiG"
"HiG_11"	2376	"TUBA1A"	32	"HiG"
"HiG_11"	0	"PLD5"	468	"HiG"
"HiG_11"	980	"PCDH7"	93	"HiG"
"HiG_11"	0	"FNDC3A"	468	"HiG"
"HiG_11"	335	"ARHGEF28"	203	"HiG"
"HiG_11"	0	"TMTC1"	468	"HiG"
"HiG_11"	6	"SSH2"	376	"HiG"
"HiG_11"	0	"FRY"	468	"HiG"
"HiG_11"	0	"CMIP"	468	"HiG"
"HiG_11"	794	"ATXN2"	104	"HiG"
"HiG_11"	1222	"CNTN1"	74	"HiG"
"HiG_11"	235	"ANKS1B"	231	"HiG"
"HiG_11"	745	"PPFIA2"	109	"HiG"
"HiG_11"	517	"MEIS2"	159	"HiG"
"HiG_11"	500	"SHISA9"	166	"HiG"
"HiG_11"	5	"SCAPER"	382.5	"HiG"
"HiG_11"	0	"TMEM178B"	468	"HiG"
"HiG_11"	183	"WWOX"	247	"HiG"
"HiG_11"	0	"ARL17B"	468	"HiG"
"HiG_11"	0	"TOM1L1"	468	"HiG"
"HiG_11"	1348	"CDH8"	62	"HiG"
"HiG_11"	0	"PITPNC1"	468	"HiG"
"HiG_11"	257	"LRRC37A3"	226	"HiG"
"HiG_11"	0	"FHOD3"	468	"HiG"
"HiG_11"	287	"PTPRS"	213.5	"HiG"
"HiG_11"	0	"GPATCH8"	468	"HiG"
"HiG_11"	527	"BCAS3"	155	"HiG"
"HiG_11"	17	"ZBTB7C"	346.5	"HiG"
"HiG_11"	712	"SPTBN4"	119.5	"HiG"
"HiG_11"	30	"DTNA"	324.5	"HiG"
"HiG_11"	0	"FRRS1L"	468	"HiG"
"HiG_11"	1650	"MARCKS"	46	"HiG"
"HiG_11"	373	"CAMK1D"	198.5	"HiG"
"HiG_11"	652	"FMN1"	133	"HiG"
"HiG_11"	3	"SYN2"	396	"HiG"
"HiG_11"	2440	"NCAM1"	29	"HiG"
"HiG_11"	172	"EPHA5"	253.5	"HiG"
"HiG_11"	0	"SRRM3"	468	"HiG"
"HiG_11"	0	"MGAT4C"	468	"HiG"
"HiG_11"	1584	"MAP7"	51	"HiG"
"HiG_11"	585	"ACACA"	142	"HiG"
"HiG_11"	9	"MARK1"	366	"HiG"
"HiG_11"	6	"SSBP2"	376	"HiG"
"HiG_11"	13	"CDH4"	355	"HiG"
"HiG_11"	2959	"CSMD1"	17	"HiG"
"HiG_11"	120	"EXOC6B"	269.5	"HiG"
"HiG_11"	1039	"NRXN3"	89	"HiG"
"HiG_11"	1603	"DLGAP2"	50	"HiG"
"HiG_11"	437	"ARID1B"	180	"HiG"
"HiG_11"	138	"CCDC200"	261	"HiG"
"HiG_11"	159	"PRICKLE2"	258	"HiG"
"HiG_11"	718	"ZFHX3"	115	"HiG"
"HiG_11"	510	"SNTG1"	162	"HiG"
"HiG_11"	67	"RPL9"	292	"HiG"
"HiG_11"	619	"CASK"	138.5	"HiG"
"HiG_11"	1469	"SNRPN"	56	"HiG"
"HiG_11"	67	"EYA1"	292	"HiG"
"HiG_11"	32	"SGCE"	319.5	"HiG"
"HiG_11"	378	"IGF1R"	196	"HiG"
"HiG_11"	524	"CCBE1"	156	"HiG"
"HiG_11"	1902	"MYT1L"	42.5	"HiG"
"HiG_11"	0	"ANKRD36"	468	"HiG"
"HiG_11"	0	"BICD1"	468	"HiG"
"HiG_11"	39	"AKT3"	314	"HiG"
"HiG_12"	81	"MACROD2"	289	"HiG"
"HiG_12"	71	"GDAP1"	293.5	"HiG"
"HiG_12"	1	"SIPA1L3"	404.5	"HiG"
"HiG_12"	1205	"GLCCI1"	86	"HiG"
"HiG_12"	2209	"RPL19"	43	"HiG"
"HiG_12"	560	"COL1A1"	158	"HiG"
"HiG_12"	20	"PHOX2B"	340	"HiG"
"HiG_12"	1752	"CCND1"	59	"HiG"
"HiG_12"	668	"RPS12"	138.5	"HiG"
"HiG_12"	528	"ISL1"	167.5	"HiG"
"HiG_12"	451	"TMSB10"	173	"HiG"
"HiG_12"	0	"MSH2"	478.5	"HiG"
"HiG_12"	0	"CAMSAP2"	478.5	"HiG"
"HiG_12"	500	"TBX2"	171	"HiG"
"HiG_12"	919	"KALRN"	108	"HiG"
"HiG_12"	0	"SOX4"	478.5	"HiG"
"HiG_12"	1058	"ATXN1"	95	"HiG"
"HiG_12"	0	"GNGT1"	478.5	"HiG"
"HiG_12"	1488	"SEZ6L"	74	"HiG"
"HiG_12"	0	"MAST1"	478.5	"HiG"
"HiG_12"	253	"RABGAP1L"	224	"HiG"
"HiG_12"	7	"ZSWIM6"	368.5	"HiG"
"HiG_12"	42	"GSE1"	311.5	"HiG"
"HiG_12"	952	"EXOC4"	102	"HiG"
"HiG_12"	700	"SMARCC1"	129	"HiG"
"HiG_12"	0	"RAMP1"	478.5	"HiG"
"HiG_12"	0	"RAP1GAP2"	478.5	"HiG"
"HiG_12"	17432	"H3-3B"	1	"HiG"
"HiG_12"	0	"SNAP25"	478.5	"HiG"
"HiG_12"	540	"CHRM3"	165	"HiG"
"HiG_12"	61	"SBF2"	298	"HiG"
"HiG_12"	298	"UNC79"	215	"HiG"
"HiG_12"	1	"KIDINS220"	404.5	"HiG"
"HiG_12"	83	"BACH2"	286.5	"HiG"
"HiG_12"	389	"IGF2BP3"	186	"HiG"
"HiG_12"	115	"BRIP1"	269.5	"HiG"
"HiG_12"	0	"TMOD1"	478.5	"HiG"
"HiG_12"	2763	"TUBB2B"	36	"HiG"
"HiG_12"	2805	"SYT1"	34	"HiG"
"HiG_12"	0	"UBE2K"	478.5	"HiG"
"HiG_12"	7	"ENOX1"	368.5	"HiG"
"HiG_12"	170	"RORA"	249	"HiG"
"HiG_12"	0	"NOL4"	478.5	"HiG"
"HiG_12"	1206	"RIMBP2"	85	"HiG"
"HiG_12"	2294	"CUX2"	42	"HiG"
"HiG_12"	0	"CACNG4"	478.5	"HiG"
"HiG_12"	0	"KMT2C"	478.5	"HiG"
"HiG_12"	72	"RAB11FIP3"	292	"HiG"
"HiG_12"	32	"GNAO1"	326	"HiG"
"HiG_12"	120	"RPL8"	268	"HiG"
"HiG_12"	0	"TIMP2"	478.5	"HiG"
"HiG_12"	83	"SORCS1"	286.5	"HiG"
"HiG_12"	0	"CLASP1"	478.5	"HiG"
"HiG_12"	1332	"IL7"	79	"HiG"
"HiG_12"	387	"KIF1B"	187	"HiG"
"HiG_12"	147	"EHBP1"	257.5	"HiG"
"HiG_12"	4	"CRACD"	381	"HiG"
"HiG_12"	3412	"HDAC4"	25	"HiG"
"HiG_12"	0	"ATP6V0A1"	478.5	"HiG"
"HiG_12"	308	"SEMA3A"	206.5	"HiG"
"HiG_12"	64	"NRP1"	296	"HiG"
"HiG_12"	7	"APBA1"	368.5	"HiG"
"HiG_12"	46	"CDK6"	308	"HiG"
"HiG_12"	22	"RBM6"	333	"HiG"
"HiG_12"	8052	"CACNA1C"	9	"HiG"
"HiG_12"	0	"SRRM4"	478.5	"HiG"
"HiG_12"	427	"RTN1"	176	"HiG"
"HiG_12"	0	"CDH2"	478.5	"HiG"
"HiG_12"	79	"RNF157"	290	"HiG"
"HiG_12"	332	"RPS11"	195	"HiG"
"HiG_12"	15	"FNBP1L"	349.5	"HiG"
"HiG_12"	792	"MEIS1"	120	"HiG"
"HiG_12"	34	"STAC"	321	"HiG"
"HiG_12"	94	"STXBP5L"	277.5	"HiG"
"HiG_12"	0	"CDKAL1"	478.5	"HiG"
"HiG_12"	15	"PHIP"	349.5	"HiG"
"HiG_12"	589	"DLC1"	149	"HiG"
"HiG_12"	1801	"LRRC4C"	57	"HiG"
"HiG_12"	1053	"TENM4"	96	"HiG"
"HiG_12"	426	"NINL"	177	"HiG"
"HiG_12"	2152	"ANK3"	44	"HiG"
"HiG_12"	1115	"DIP2C"	89	"HiG"
"HiG_12"	415	"AKAP6"	179	"HiG"
"HiG_12"	6733	"MYCN"	14	"HiG"
"HiG_12"	0	"FER"	478.5	"HiG"
"HiG_12"	311	"NBAS"	204.5	"HiG"
"HiG_12"	49	"MGAT5"	304.5	"HiG"
"HiG_12"	4	"MED13L"	381	"HiG"
"HiG_12"	18	"PDE3B"	344	"HiG"
"HiG_12"	298	"ANKRD44"	215	"HiG"
"HiG_12"	0	"CAMK4"	478.5	"HiG"
"HiG_12"	1	"RAB3C"	404.5	"HiG"
"HiG_12"	52	"SCN3A"	303	"HiG"
"HiG_12"	313	"JAZF1"	202	"HiG"
"HiG_12"	810	"MSI2"	117	"HiG"
"HiG_12"	0	"MMP16"	478.5	"HiG"
"HiG_12"	1955	"TIAM1"	50	"HiG"
"HiG_12"	195	"ZFAND3"	240	"HiG"
"HiG_12"	0	"NSMCE2"	478.5	"HiG"
"HiG_12"	0	"NMNAT2"	478.5	"HiG"
"HiG_12"	3328	"NRG1"	26	"HiG"
"HiG_12"	92	"ERC2"	280.5	"HiG"
"HiG_12"	1003	"DGKI"	100	"HiG"
"HiG_12"	617	"FMNL2"	143	"HiG"
"HiG_12"	0	"DPYSL5"	478.5	"HiG"
"HiG_12"	538	"KCNT2"	166	"HiG"
"HiG_12"	33	"RBMS1"	324	"HiG"
"HiG_12"	478	"STPG2"	172	"HiG"
"HiG_12"	0	"IGFBP7"	478.5	"HiG"
"HiG_12"	111	"WDFY3"	272	"HiG"
"HiG_12"	182	"RPS23"	244	"HiG"
"HiG_12"	1237	"MAP1B"	83	"HiG"
"HiG_12"	304	"COL1A2"	209.5	"HiG"
"HiG_12"	4	"SPIDR"	381	"HiG"
"HiG_12"	29	"ZMAT4"	327	"HiG"
"HiG_12"	0	"USP32"	478.5	"HiG"
"HiG_12"	1076	"ANKRD11"	94	"HiG"
"HiG_12"	0	"MBOAT2"	478.5	"HiG"
"HiG_12"	0	"TPST1"	478.5	"HiG"
"HiG_12"	1158	"ZNF804A"	87	"HiG"
"HiG_12"	2657	"INSR"	37	"HiG"
"HiG_12"	0	"DCLK2"	478.5	"HiG"
"HiG_12"	738	"MAGI3"	125	"HiG"
"HiG_12"	84	"ALCAM"	284	"HiG"
"HiG_12"	380	"SYNPO2"	189	"HiG"
"HiG_12"	141	"PRKCE"	260	"HiG"
"HiG_12"	1228	"CTNND2"	84	"HiG"
"HiG_12"	1751	"RPTOR"	60	"HiG"
"HiG_12"	734	"AGAP1"	126	"HiG"
"HiG_12"	0	"TSPAN5"	478.5	"HiG"
"HiG_12"	0	"RPL13"	478.5	"HiG"
"HiG_12"	5	"DST"	375.5	"HiG"
"HiG_12"	185	"GABRB3"	242.5	"HiG"
"HiG_12"	0	"KLF7"	478.5	"HiG"
"HiG_12"	22	"TBC1D16"	333	"HiG"
"HiG_12"	7914	"CTBP2"	11	"HiG"
"HiG_12"	15	"PPM1E"	349.5	"HiG"
"HiG_12"	0	"GPR137C"	478.5	"HiG"
"HiG_12"	0	"KIAA1549L"	478.5	"HiG"
"HiG_12"	0	"FARS2"	478.5	"HiG"
"HiG_12"	761	"DLGAP1"	122	"HiG"
"HiG_12"	0	"PACS1"	478.5	"HiG"
"HiG_12"	567	"ZNF609"	154	"HiG"
"HiG_12"	21	"GRK3"	336.5	"HiG"
"HiG_12"	0	"SCMH1"	478.5	"HiG"
"HiG_12"	0	"CSRNP3"	478.5	"HiG"
"HiG_12"	2	"LDLRAD3"	396	"HiG"
"HiG_12"	0	"FMN2"	478.5	"HiG"
"HiG_12"	915	"BASP1"	109	"HiG"
"HiG_12"	0	"MPDZ"	478.5	"HiG"
"HiG_12"	378	"EPN2"	190	"HiG"
"HiG_12"	0	"STRBP"	478.5	"HiG"
"HiG_12"	0	"CRMP1"	478.5	"HiG"
"HiG_12"	813	"TMTC2"	116	"HiG"
"HiG_12"	9	"SOX11"	364.5	"HiG"
"HiG_12"	1563	"EBF1"	70	"HiG"
"HiG_12"	807	"RAI1"	118	"HiG"
"HiG_12"	688	"PHF21B"	132	"HiG"
"HiG_12"	19	"TMEM108"	342.5	"HiG"
"HiG_12"	12	"SEMA6D"	356.5	"HiG"
"HiG_12"	0	"DENND5A"	478.5	"HiG"
"HiG_12"	1883	"EFNA5"	54	"HiG"
"HiG_12"	545	"KCNH8"	162	"HiG"
"HiG_12"	38	"ST6GALNAC3"	317	"HiG"
"HiG_12"	2082	"CADM1"	48	"HiG"
"HiG_12"	292	"PHACTR1"	218	"HiG"
"HiG_12"	934	"GRID1"	106	"HiG"
"HiG_12"	0	"KCNH7"	478.5	"HiG"
"HiG_12"	2490	"SLIT3"	39	"HiG"
"HiG_12"	65	"MARCHF11"	295	"HiG"
"HiG_12"	15	"SKA2"	349.5	"HiG"
"HiG_12"	9657	"KCND2"	6	"HiG"
"HiG_12"	2554	"PCLO"	38	"HiG"
"HiG_12"	210	"FOXK2"	236	"HiG"
"HiG_12"	228	"TNPO1"	233	"HiG"
"HiG_12"	382	"TBC1D22A"	188	"HiG"
"HiG_12"	21	"TNRC6C"	336.5	"HiG"
"HiG_12"	20	"DGKH"	340	"HiG"
"HiG_12"	1135	"PLCB1"	88	"HiG"
"HiG_12"	0	"ZNF532"	478.5	"HiG"
"HiG_12"	0	"AGTPBP1"	478.5	"HiG"
"HiG_12"	590	"RERE"	148	"HiG"
"HiG_12"	0	"CCDC88A"	478.5	"HiG"
"HiG_12"	3722	"EEF1A1"	21	"HiG"
"HiG_12"	177	"TRIO"	246	"HiG"
"HiG_12"	899	"FOXO3"	111	"HiG"
"HiG_12"	0	"TRIM2"	478.5	"HiG"
"HiG_12"	587	"RPL7"	150.5	"HiG"
"HiG_12"	0	"MAOA"	478.5	"HiG"
"HiG_12"	1083	"MAPT"	92	"HiG"
"HiG_12"	648	"PTK2"	140	"HiG"
"HiG_12"	0	"ATP9A"	478.5	"HiG"
"HiG_12"	3186	"PDE4B"	31	"HiG"
"HiG_12"	434	"FOXN3"	175	"HiG"
"HiG_12"	0	"MAP4K4"	478.5	"HiG"
"HiG_12"	2128	"AUTS2"	46	"HiG"
"HiG_12"	320	"LIN28B"	199	"HiG"
"HiG_12"	668	"PTMA"	138.5	"HiG"
"HiG_12"	1675	"KCNQ5"	66	"HiG"
"HiG_12"	8289	"SHANK2"	8	"HiG"
"HiG_12"	0	"HMGB1"	478.5	"HiG"
"HiG_12"	1049	"PDE4D"	97	"HiG"
"HiG_12"	4263	"RPS21"	17	"HiG"
"HiG_12"	301	"RPLP1"	212	"HiG"
"HiG_12"	196	"MAGI2"	239	"HiG"
"HiG_12"	2	"SCN8A"	396	"HiG"
"HiG_12"	91	"FYN"	282	"HiG"
"HiG_12"	0	"LARGE1"	478.5	"HiG"
"HiG_12"	4	"ATRNL1"	381	"HiG"
"HiG_12"	0	"SRGAP1"	478.5	"HiG"
"HiG_12"	0	"LINGO1"	478.5	"HiG"
"HiG_12"	129	"DNM3"	264	"HiG"
"HiG_12"	0	"SHTN1"	478.5	"HiG"
"HiG_12"	3761	"TBCD"	19	"HiG"
"HiG_12"	232	"SORBS2"	231	"HiG"
"HiG_12"	0	"JPT1"	478.5	"HiG"
"HiG_12"	0	"NPAS3"	478.5	"HiG"
"HiG_12"	48	"CACNA2D1"	306	"HiG"
"HiG_12"	3304	"ANK2"	27	"HiG"
"HiG_12"	875	"ELAVL4"	112	"HiG"
"HiG_12"	0	"LRBA"	478.5	"HiG"
"HiG_12"	545	"FRMD4A"	162	"HiG"
"HiG_12"	0	"CREB5"	478.5	"HiG"
"HiG_12"	0	"SYNE2"	478.5	"HiG"
"HiG_12"	0	"MPPED2"	478.5	"HiG"
"HiG_12"	3636	"GRM8"	22	"HiG"
"HiG_12"	0	"VPS13B"	478.5	"HiG"
"HiG_12"	0	"ANKRD17"	478.5	"HiG"
"HiG_12"	548	"SYN3"	160	"HiG"
"HiG_12"	3522	"KCNQ2"	24	"HiG"
"HiG_12"	327	"ELAVL3"	198	"HiG"
"HiG_12"	1093	"LDLRAD4"	91	"HiG"
"HiG_12"	722	"DNMT1"	127	"HiG"
"HiG_12"	92	"HAND2"	280.5	"HiG"
"HiG_12"	152	"CUX1"	254	"HiG"
"HiG_12"	300	"MAP2"	213	"HiG"
"HiG_12"	98	"NRP2"	276	"HiG"
"HiG_12"	3	"DCLK1"	388.5	"HiG"
"HiG_12"	0	"PAK3"	478.5	"HiG"
"HiG_12"	595	"ERC1"	145.5	"HiG"
"HiG_12"	308	"ZEB1"	206.5	"HiG"
"HiG_12"	0	"MACF1"	478.5	"HiG"
"HiG_12"	14554	"CNTNAP2"	3	"HiG"
"HiG_12"	0	"CALD1"	478.5	"HiG"
"HiG_12"	0	"TOX"	478.5	"HiG"
"HiG_12"	26	"KIF21A"	330	"HiG"
"HiG_12"	0	"FAM163A"	478.5	"HiG"
"HiG_12"	793	"DMD"	119	"HiG"
"HiG_12"	14	"CEP170"	353.5	"HiG"
"HiG_12"	1109	"RGS7"	90	"HiG"
"HiG_12"	2348	"RYR2"	41	"HiG"
"HiG_12"	220	"CDC42BPA"	234	"HiG"
"HiG_12"	0	"AFDN"	478.5	"HiG"
"HiG_12"	1081	"H3-3A"	93	"HiG"
"HiG_12"	0	"ENAH"	478.5	"HiG"
"HiG_12"	1520	"CENPF"	73	"HiG"
"HiG_12"	13	"TULP4"	355	"HiG"
"HiG_12"	0	"NAV1"	478.5	"HiG"
"HiG_12"	0	"RASAL2"	478.5	"HiG"
"HiG_12"	0	"COP1"	478.5	"HiG"
"HiG_12"	416	"GATAD2B"	178	"HiG"
"HiG_12"	0	"CDK19"	478.5	"HiG"
"HiG_12"	3	"RPRD2"	388.5	"HiG"
"HiG_12"	57	"PDE4DIP"	300	"HiG"
"HiG_12"	63	"NTNG1"	297	"HiG"
"HiG_12"	23	"DPYD"	331	"HiG"
"HiG_12"	4	"PTBP2"	381	"HiG"
"HiG_12"	2	"HFM1"	396	"HiG"
"HiG_12"	1561	"ADGRB3"	71	"HiG"
"HiG_12"	624	"EYS"	142	"HiG"
"HiG_12"	836	"PRKACB"	115	"HiG"
"HiG_12"	2	"SLC44A5"	396	"HiG"
"HiG_12"	3	"PHACTR3"	388.5	"HiG"
"HiG_12"	191	"SGIP1"	241	"HiG"
"HiG_12"	4868	"CACNA1B"	16	"HiG"
"HiG_12"	564	"TSHZ2"	155.5	"HiG"
"HiG_12"	44	"AGBL4"	309	"HiG"
"HiG_12"	88	"RPL7A"	283	"HiG"
"HiG_12"	199	"NRG3"	238	"HiG"
"HiG_12"	0	"HIVEP3"	478.5	"HiG"
"HiG_12"	0	"SYTL4"	478.5	"HiG"
"HiG_12"	109	"STXBP1"	273.5	"HiG"
"HiG_12"	0	"GARNL3"	478.5	"HiG"
"HiG_12"	6	"PBX3"	372.5	"HiG"
"HiG_12"	0	"DLGAP4"	478.5	"HiG"
"HiG_12"	2	"PCDH15"	396	"HiG"
"HiG_12"	1748	"PARD3"	61	"HiG"
"HiG_12"	0	"SIK3"	478.5	"HiG"
"HiG_12"	172	"AOPEP"	248	"HiG"
"HiG_12"	6	"CENPP"	372.5	"HiG"
"HiG_12"	136	"FAM155A"	261.5	"HiG"
"HiG_12"	3252	"DLG2"	30	"HiG"
"HiG_12"	160	"FGF14"	250	"HiG"
"HiG_12"	10	"GPR158"	362	"HiG"
"HiG_12"	0	"UGGT2"	478.5	"HiG"
"HiG_12"	1361	"GPC6"	78	"HiG"
"HiG_12"	601	"NSUN6"	144	"HiG"
"HiG_12"	39	"KLF12"	315	"HiG"
"HiG_12"	4939	"DPP6"	15	"HiG"
"HiG_12"	0	"RTN3"	478.5	"HiG"
"HiG_12"	0	"PCDH9"	478.5	"HiG"
"HiG_12"	0	"EXT1"	478.5	"HiG"
"HiG_12"	408	"RPS16"	180	"HiG"
"HiG_12"	136	"GNB1"	261.5	"HiG"
"HiG_12"	0	"C11orf49"	478.5	"HiG"
"HiG_12"	1363	"CHGB"	77	"HiG"
"HiG_12"	864	"NRCAM"	113	"HiG"
"HiG_12"	317	"GATA3"	201	"HiG"
"HiG_12"	0	"ELF2"	478.5	"HiG"
"HiG_12"	943	"LINGO2"	103	"HiG"
"HiG_12"	397	"RFC3"	182	"HiG"
"HiG_12"	1366	"ELAVL2"	76	"HiG"
"HiG_12"	912	"NFIB"	110	"HiG"
"HiG_12"	33	"PAN3"	324	"HiG"
"HiG_12"	398	"NLGN4X"	181	"HiG"
"HiG_12"	4085	"PTPRD"	18	"HiG"
"HiG_12"	707	"SGCZ"	128	"HiG"
"HiG_12"	848	"KCNIP4"	114	"HiG"
"HiG_12"	1822	"NSD2"	56	"HiG"
"HiG_12"	0	"CTIF"	478.5	"HiG"
"HiG_12"	178	"STAG1"	245	"HiG"
"HiG_12"	0	"CADPS"	478.5	"HiG"
"HiG_12"	113	"RBMS3"	271	"HiG"
"HiG_12"	549	"KCNQ3"	159	"HiG"
"HiG_12"	1794	"ALK"	58	"HiG"
"HiG_12"	235	"FANCA"	230	"HiG"
"HiG_12"	669	"PTPRN2"	137	"HiG"
"HiG_12"	0	"PTMS"	478.5	"HiG"
"HiG_12"	935	"EPHA6"	104.5	"HiG"
"HiG_12"	83	"RPL13A"	286.5	"HiG"
"HiG_12"	15	"XRCC5"	349.5	"HiG"
"HiG_12"	14	"CCDC57"	353.5	"HiG"
"HiG_12"	1	"ASH1L"	404.5	"HiG"
"HiG_12"	0	"KLHL23"	478.5	"HiG"
"HiG_12"	0	"CERS6"	478.5	"HiG"
"HiG_12"	83	"GRK5"	286.5	"HiG"
"HiG_12"	12	"VTI1A"	356.5	"HiG"
"HiG_12"	0	"TMCC1"	478.5	"HiG"
"HiG_12"	6915	"GAP43"	12	"HiG"
"HiG_12"	40	"HELLS"	313	"HiG"
"HiG_12"	513	"PPP2R2B"	170	"HiG"
"HiG_12"	396	"PPP3CA"	183	"HiG"
"HiG_12"	0	"SPOCK1"	478.5	"HiG"
"HiG_12"	698	"CALN1"	130	"HiG"
"HiG_12"	0	"NREP"	478.5	"HiG"
"HiG_12"	0	"HECW1"	478.5	"HiG"
"HiG_12"	39	"FAF1"	315	"HiG"
"HiG_12"	4	"UBE2E2"	381	"HiG"
"HiG_12"	10	"ARHGEF12"	362	"HiG"
"HiG_12"	121	"TTC28"	267	"HiG"
"HiG_12"	11	"GRIP1"	359	"HiG"
"HiG_12"	392	"BCL2"	184	"HiG"
"HiG_12"	47	"FRMD4B"	307	"HiG"
"HiG_12"	0	"TTC3"	478.5	"HiG"
"HiG_12"	1	"JMJD1C"	404.5	"HiG"
"HiG_12"	0	"PCBP3"	478.5	"HiG"
"HiG_12"	996	"DIAPH3"	101	"HiG"
"HiG_12"	0	"EIF4G3"	478.5	"HiG"
"HiG_12"	3	"NCAM2"	388.5	"HiG"
"HiG_12"	35	"ZFPM2"	318.5	"HiG"
"HiG_12"	244	"CADM2"	227	"HiG"
"HiG_12"	3284	"NPY"	29	"HiG"
"HiG_12"	0	"AKAP12"	478.5	"HiG"
"HiG_12"	282	"NXPH1"	219.5	"HiG"
"HiG_12"	675	"CTNNA2"	134	"HiG"
"HiG_12"	673	"SLC8A1"	135	"HiG"
"HiG_12"	21	"IMMP2L"	336.5	"HiG"
"HiG_12"	1048	"KIF2A"	98	"HiG"
"HiG_12"	7985	"NRXN1"	10	"HiG"
"HiG_12"	0	"R3HDM2"	478.5	"HiG"
"HiG_12"	2120	"MAGI1"	47	"HiG"
"HiG_12"	1941	"KIF26B"	51	"HiG"
"HiG_12"	302	"PRKAR1B"	211	"HiG"
"HiG_12"	347	"DGKB"	193	"HiG"
"HiG_12"	0	"SDK1"	478.5	"HiG"
"HiG_12"	755	"RPS14"	123	"HiG"
"HiG_12"	4	"MBD5"	381	"HiG"
"HiG_12"	185	"CPE"	242.5	"HiG"
"HiG_12"	311	"SCN9A"	204.5	"HiG"
"HiG_12"	1	"FCHSD2"	404.5	"HiG"
"HiG_12"	0	"CHN1"	478.5	"HiG"
"HiG_12"	245	"AFF3"	226	"HiG"
"HiG_12"	0	"R3HDM1"	478.5	"HiG"
"HiG_12"	0	"LRRTM4"	478.5	"HiG"
"HiG_12"	282	"GALNT13"	219.5	"HiG"
"HiG_12"	60	"KANSL1"	299	"HiG"
"HiG_12"	34	"TANC2"	321	"HiG"
"HiG_12"	0	"RNF24"	478.5	"HiG"
"HiG_12"	75	"TCF12"	291	"HiG"
"HiG_12"	3737	"RPL23A"	20	"HiG"
"HiG_12"	122	"DCC"	265.5	"HiG"
"HiG_12"	34	"RPSA"	321	"HiG"
"HiG_12"	6	"UNC80"	372.5	"HiG"
"HiG_12"	17216	"RBFOX1"	2	"HiG"
"HiG_12"	11092	"NLGN1"	4	"HiG"
"HiG_12"	35	"KIF5C"	318.5	"HiG"
"HiG_12"	209	"TNRC18"	237	"HiG"
"HiG_12"	0	"NSD1"	478.5	"HiG"
"HiG_12"	3152	"FGF13"	32	"HiG"
"HiG_12"	1700	"GRIK2"	62	"HiG"
"HiG_12"	0	"TSC22D1"	478.5	"HiG"
"HiG_12"	259	"GTF2IRD1"	223	"HiG"
"HiG_12"	1573	"SOX5"	69	"HiG"
"HiG_12"	1320	"GNG4"	80	"HiG"
"HiG_12"	369	"PHF21A"	191	"HiG"
"HiG_12"	298	"CHRM2"	215	"HiG"
"HiG_12"	42	"SNAP91"	311.5	"HiG"
"HiG_12"	158	"BMPR1B"	251.5	"HiG"
"HiG_12"	561	"TNRC6B"	157	"HiG"
"HiG_12"	109	"RUNX1T1"	273.5	"HiG"
"HiG_12"	1	"CLSTN2"	404.5	"HiG"
"HiG_12"	312	"TBC1D5"	203	"HiG"
"HiG_12"	3	"FRMD5"	388.5	"HiG"
"HiG_12"	685	"RPL6"	133	"HiG"
"HiG_12"	304	"ANKRD36C"	209.5	"HiG"
"HiG_12"	149	"ICA1"	256	"HiG"
"HiG_12"	0	"PPP1R9A"	478.5	"HiG"
"HiG_12"	361	"PBX1"	192	"HiG"
"HiG_12"	2360	"UNC5C"	40	"HiG"
"HiG_12"	56	"THSD7A"	301	"HiG"
"HiG_12"	0	"CHRNA7"	478.5	"HiG"
"HiG_12"	0	"TMEM132D"	478.5	"HiG"
"HiG_12"	2	"HDAC9"	396	"HiG"
"HiG_12"	3293	"PRKCA"	28	"HiG"
"HiG_12"	2798	"STMN1"	35	"HiG"
"HiG_12"	3	"CELF4"	388.5	"HiG"
"HiG_12"	11	"DOCK4"	359	"HiG"
"HiG_12"	785	"TMEM132C"	121	"HiG"
"HiG_12"	0	"FNDC3B"	478.5	"HiG"
"HiG_12"	1939	"TOP2A"	52	"HiG"
"HiG_12"	319	"RBFOX2"	200	"HiG"
"HiG_12"	0	"RPS24"	478.5	"HiG"
"HiG_12"	147	"MICAL3"	257.5	"HiG"
"HiG_12"	0	"KIAA1549"	478.5	"HiG"
"HiG_12"	587	"NELL2"	150.5	"HiG"
"HiG_12"	0	"RPL32"	478.5	"HiG"
"HiG_12"	5	"XKR6"	375.5	"HiG"
"HiG_12"	3562	"ROBO2"	23	"HiG"
"HiG_12"	43	"ST6GALNAC5"	310	"HiG"
"HiG_12"	390	"GPHN"	185	"HiG"
"HiG_12"	2821	"EHMT1"	33	"HiG"
"HiG_12"	631	"RPL37A"	141	"HiG"
"HiG_12"	27	"PTPRG"	328.5	"HiG"
"HiG_12"	0	"FTO"	478.5	"HiG"
"HiG_12"	6905	"BRCA1"	13	"HiG"
"HiG_12"	436	"LSAMP"	174	"HiG"
"HiG_12"	1934	"CACNA2D3"	53	"HiG"
"HiG_12"	671	"SMYD3"	136	"HiG"
"HiG_12"	10	"KLHL13"	362	"HiG"
"HiG_12"	251	"IQCJ-SCHIP1"	225	"HiG"
"HiG_12"	1394	"ROBO1"	75	"HiG"
"HiG_12"	935	"MAML3"	104.5	"HiG"
"HiG_12"	1613	"ADGRL3"	68	"HiG"
"HiG_12"	6	"SLIT2"	372.5	"HiG"
"HiG_12"	0	"SEPTIN11"	478.5	"HiG"
"HiG_12"	273	"FBXL7"	222	"HiG"
"HiG_12"	33	"TENM3"	324	"HiG"
"HiG_12"	0	"TUSC3"	478.5	"HiG"
"HiG_12"	564	"CCSER1"	155.5	"HiG"
"HiG_12"	151	"LIMCH1"	255	"HiG"
"HiG_12"	39	"CAMK2D"	315	"HiG"
"HiG_12"	0	"RNF150"	478.5	"HiG"
"HiG_12"	0	"KCTD16"	478.5	"HiG"
"HiG_12"	528	"RIMS2"	167.5	"HiG"
"HiG_12"	8	"MARCHF1"	366	"HiG"
"HiG_12"	0	"RANBP17"	478.5	"HiG"
"HiG_12"	71	"DPYSL2"	293.5	"HiG"
"HiG_12"	94	"RIMS1"	277.5	"HiG"
"HiG_12"	1240	"STMN2"	82	"HiG"
"HiG_12"	305	"HS6ST2"	208	"HiG"
"HiG_12"	2058	"UNC13A"	49	"HiG"
"HiG_12"	592	"ASAP1"	147	"HiG"
"HiG_12"	93	"KCNB2"	279	"HiG"
"HiG_12"	22	"POU2F2"	333	"HiG"
"HiG_12"	575	"FAT3"	152.5	"HiG"
"HiG_12"	243	"RGS5"	228	"HiG"
"HiG_12"	17	"ARL15"	345	"HiG"
"HiG_12"	0	"MAML2"	478.5	"HiG"
"HiG_12"	0	"TEAD1"	478.5	"HiG"
"HiG_12"	158	"CNTN5"	251.5	"HiG"
"HiG_12"	9	"CELF1"	364.5	"HiG"
"HiG_12"	750	"KIF1A"	124	"HiG"
"HiG_12"	9057	"TUBA1A"	7	"HiG"
"HiG_12"	0	"PLD5"	478.5	"HiG"
"HiG_12"	527	"PCDH7"	169	"HiG"
"HiG_12"	27	"ARHGEF28"	328.5	"HiG"
"HiG_12"	4	"ZCCHC7"	381	"HiG"
"HiG_12"	0	"C2CD5"	478.5	"HiG"
"HiG_12"	143	"ADK"	259	"HiG"
"HiG_12"	542	"MYCBP2"	164	"HiG"
"HiG_12"	241	"SSH2"	229	"HiG"
"HiG_12"	0	"FRY"	478.5	"HiG"
"HiG_12"	545	"SLC39A11"	162	"HiG"
"HiG_12"	595	"ATXN2"	145.5	"HiG"
"HiG_12"	1038	"RPL18"	99	"HiG"
"HiG_12"	1553	"CNTN1"	72	"HiG"
"HiG_12"	216	"RPLP0"	235	"HiG"
"HiG_12"	0	"SLC38A1"	478.5	"HiG"
"HiG_12"	122	"PPFIA2"	265.5	"HiG"
"HiG_12"	16	"CEP128"	346	"HiG"
"HiG_12"	0	"EML5"	478.5	"HiG"
"HiG_12"	1	"SAMD4A"	404.5	"HiG"
"HiG_12"	115	"RPL28"	269.5	"HiG"
"HiG_12"	15	"APBA2"	349.5	"HiG"
"HiG_12"	1679	"TLN2"	63.5	"HiG"
"HiG_12"	20	"MEIS2"	340	"HiG"
"HiG_12"	2	"ZNF423"	396	"HiG"
"HiG_12"	2	"TMEM178B"	396	"HiG"
"HiG_12"	19	"WWOX"	342.5	"HiG"
"HiG_12"	10026	"ACTG1"	5	"HiG"
"HiG_12"	0	"PITPNC1"	478.5	"HiG"
"HiG_12"	130	"RPL36"	263	"HiG"
"HiG_12"	330	"UNK"	196.5	"HiG"
"HiG_12"	0	"FHOD3"	478.5	"HiG"
"HiG_12"	689	"PTPRS"	131	"HiG"
"HiG_12"	0	"GPATCH8"	478.5	"HiG"
"HiG_12"	0	"BCAS3"	478.5	"HiG"
"HiG_12"	0	"DTNA"	478.5	"HiG"
"HiG_12"	53	"MYO9B"	302	"HiG"
"HiG_12"	1679	"MARCKS"	63.5	"HiG"
"HiG_12"	107	"CAMK1D"	275	"HiG"
"HiG_12"	296	"FMN1"	217	"HiG"
"HiG_12"	575	"NCAM1"	152.5	"HiG"
"HiG_12"	230	"SRRM3"	232	"HiG"
"HiG_12"	49	"MGAT4C"	304.5	"HiG"
"HiG_12"	0	"SPATS2L"	478.5	"HiG"
"HiG_12"	11	"ACACA"	359	"HiG"
"HiG_12"	0	"SSBP2"	478.5	"HiG"
"HiG_12"	0	"SYT14"	478.5	"HiG"
"HiG_12"	330	"FARP1"	196.5	"HiG"
"HiG_12"	0	"CELF2"	478.5	"HiG"
"HiG_12"	4	"EXOC6B"	381	"HiG"
"HiG_12"	1869	"DLGAP2"	55	"HiG"
"HiG_12"	157	"ARID1B"	253	"HiG"
"HiG_12"	336	"CCDC200"	194	"HiG"
"HiG_12"	0	"LPP"	478.5	"HiG"
"HiG_12"	1270	"ZFHX3"	81	"HiG"
"HiG_12"	1676	"RPL9"	65	"HiG"
"HiG_12"	0	"CASK"	478.5	"HiG"
"HiG_12"	1642	"RPL11"	67	"HiG"
"HiG_12"	21	"EYA1"	336.5	"HiG"
"HiG_12"	924	"IGF1R"	107	"HiG"
"HiG_12"	2	"SETBP1"	396	"HiG"
"HiG_12"	278	"MYT1L"	221	"HiG"
"HiG_12"	7	"ANKRD36"	368.5	"HiG"
"HiG_12"	0	"MRTFA"	478.5	"HiG"
"HiG_12"	175	"BICD1"	247	"HiG"
"HiG_12"	2151	"RPS27"	45	"HiG"
"HiG_13"	32	"GABARAPL2"	175.5	"HiG"
"HiG_13"	126	"UTS2"	134	"HiG"
"HiG_13"	7	"ATP5F1D"	205.5	"HiG"
"HiG_13"	402	"LGALS1"	79	"HiG"
"HiG_13"	0	"CHGA"	311	"HiG"
"HiG_13"	0	"EEF1A2"	311	"HiG"
"HiG_13"	0	"PCSK1N"	311	"HiG"
"HiG_13"	391	"TIMP1"	80	"HiG"
"HiG_13"	435	"SCG3"	75.5	"HiG"
"HiG_13"	0	"EIF3E"	311	"HiG"
"HiG_13"	0	"NEFM"	311	"HiG"
"HiG_13"	116	"RABAC1"	137	"HiG"
"HiG_13"	137	"RPL18A"	133	"HiG"
"HiG_13"	13	"GLCCI1"	191.5	"HiG"
"HiG_13"	368	"EDF1"	88	"HiG"
"HiG_13"	2599	"RPL19"	11	"HiG"
"HiG_13"	377	"PHOX2B"	82	"HiG"
"HiG_13"	314	"CCND1"	101	"HiG"
"HiG_13"	0	"SLC25A3"	311	"HiG"
"HiG_13"	500	"TPI1"	68	"HiG"
"HiG_13"	561	"RPS12"	63	"HiG"
"HiG_13"	47	"SKP1"	164	"HiG"
"HiG_13"	0	"EIF1B"	311	"HiG"
"HiG_13"	75	"TMSB10"	153	"HiG"
"HiG_13"	0	"CCNI"	311	"HiG"
"HiG_13"	617	"ATP5F1E"	57	"HiG"
"HiG_13"	0	"SOX4"	311	"HiG"
"HiG_13"	749	"CANX"	45	"HiG"
"HiG_13"	0	"PHPT1"	311	"HiG"
"HiG_13"	0	"HSPB1"	311	"HiG"
"HiG_13"	101	"YWHAH"	141	"HiG"
"HiG_13"	153	"VGF"	129	"HiG"
"HiG_13"	1497	"APOE"	23	"HiG"
"HiG_13"	0	"JUND"	311	"HiG"
"HiG_13"	2	"CALY"	228.5	"HiG"
"HiG_13"	0	"RAMP1"	311	"HiG"
"HiG_13"	1394	"H3-3B"	26	"HiG"
"HiG_13"	770	"SNAP25"	43	"HiG"
"HiG_13"	1901	"SYT4"	19	"HiG"
"HiG_13"	37	"SARAF"	171.5	"HiG"
"HiG_13"	0	"KIDINS220"	311	"HiG"
"HiG_13"	0	"PRPH"	311	"HiG"
"HiG_13"	472	"COX5B"	71	"HiG"
"HiG_13"	0	"RPL35"	311	"HiG"
"HiG_13"	2	"TUBB2B"	228.5	"HiG"
"HiG_13"	15	"SYT1"	186.5	"HiG"
"HiG_13"	4	"PEBP1"	217	"HiG"
"HiG_13"	0	"ERP29"	311	"HiG"
"HiG_13"	1	"ATP5F1B"	237.5	"HiG"
"HiG_13"	3	"ELOB"	222.5	"HiG"
"HiG_13"	0	"RPL8"	311	"HiG"
"HiG_13"	161	"PRDX1"	128	"HiG"
"HiG_13"	0	"TIMP2"	311	"HiG"
"HiG_13"	0	"CD81"	311	"HiG"
"HiG_13"	0	"PRDX5"	311	"HiG"
"HiG_13"	27	"GAL"	178.5	"HiG"
"HiG_13"	506	"RTN1"	67	"HiG"
"HiG_13"	420	"SRP14"	77	"HiG"
"HiG_13"	228	"CDH2"	114.5	"HiG"
"HiG_13"	0	"SLC39A6"	311	"HiG"
"HiG_13"	854	"SOD1"	35	"HiG"
"HiG_13"	0	"RPS11"	311	"HiG"
"HiG_13"	3837	"RPS27A"	6	"HiG"
"HiG_13"	41	"FTH1"	167.5	"HiG"
"HiG_13"	0	"RPL37"	311	"HiG"
"HiG_13"	7905	"RPS3"	2	"HiG"
"HiG_13"	0	"AKAP6"	311	"HiG"
"HiG_13"	1960	"MYCN"	18	"HiG"
"HiG_13"	329	"NBAS"	97.5	"HiG"
"HiG_13"	0	"CAMK4"	311	"HiG"
"HiG_13"	63	"GRIA4"	157	"HiG"
"HiG_13"	17	"RAB3C"	183	"HiG"
"HiG_13"	492	"THY1"	70	"HiG"
"HiG_13"	2738	"UCHL1"	10	"HiG"
"HiG_13"	0	"ATP5MC3"	311	"HiG"
"HiG_13"	381	"APP"	81	"HiG"
"HiG_13"	0	"NRG1"	311	"HiG"
"HiG_13"	0	"RPL29"	311	"HiG"
"HiG_13"	230	"PTPRN"	113	"HiG"
"HiG_13"	49	"H2AZ1"	163	"HiG"
"HiG_13"	8	"RPS23"	202.5	"HiG"
"HiG_13"	3571	"MAP1B"	7	"HiG"
"HiG_13"	1364	"NPM1"	27	"HiG"
"HiG_13"	0	"PHOX2A"	311	"HiG"
"HiG_13"	3	"CKB"	222.5	"HiG"
"HiG_13"	32	"SCG5"	175.5	"HiG"
"HiG_13"	173	"ATP5PD"	127	"HiG"
"HiG_13"	84	"VAT1L"	149	"HiG"
"HiG_13"	365	"ZNF804A"	89	"HiG"
"HiG_13"	649	"SCG2"	51.5	"HiG"
"HiG_13"	14	"HINT1"	189	"HiG"
"HiG_13"	374	"RAC3"	85.5	"HiG"
"HiG_13"	139	"ALCAM"	131.5	"HiG"
"HiG_13"	0	"PAM"	311	"HiG"
"HiG_13"	731	"YWHAG"	47	"HiG"
"HiG_13"	0	"CTNND2"	311	"HiG"
"HiG_13"	0	"AGAP1"	311	"HiG"
"HiG_13"	358	"NSG2"	92	"HiG"
"HiG_13"	1108	"RPL13"	29	"HiG"
"HiG_13"	1017	"EEF2"	30	"HiG"
"HiG_13"	376	"DST"	83	"HiG"
"HiG_13"	192	"RPL15"	122.5	"HiG"
"HiG_13"	62	"UQCRH"	158	"HiG"
"HiG_13"	0	"RPL38"	311	"HiG"
"HiG_13"	15	"RPL4"	186.5	"HiG"
"HiG_13"	374	"MZT2A"	85.5	"HiG"
"HiG_13"	646	"PABPC1"	54	"HiG"
"HiG_13"	82	"CLU"	150.5	"HiG"
"HiG_13"	0	"SSR4"	311	"HiG"
"HiG_13"	11	"RPS15A"	193.5	"HiG"
"HiG_13"	1	"BASP1"	237.5	"HiG"
"HiG_13"	0	"CRMP1"	311	"HiG"
"HiG_13"	6	"SOX11"	209	"HiG"
"HiG_13"	1	"EBF1"	237.5	"HiG"
"HiG_13"	0	"SEMA6D"	311	"HiG"
"HiG_13"	0	"EIF4A2"	311	"HiG"
"HiG_13"	10	"EFNA5"	196.5	"HiG"
"HiG_13"	2	"MORF4L1"	228.5	"HiG"
"HiG_13"	9	"UQCR10"	200	"HiG"
"HiG_13"	0	"PCLO"	311	"HiG"
"HiG_13"	435	"HSP90AA1"	75.5	"HiG"
"HiG_13"	1	"ATF4"	237.5	"HiG"
"HiG_13"	690	"TUBA1B"	49	"HiG"
"HiG_13"	0	"TUBB"	311	"HiG"
"HiG_13"	12274	"EEF1A1"	1	"HiG"
"HiG_13"	11	"FOXO3"	193.5	"HiG"
"HiG_13"	827	"NDUFA4"	40	"HiG"
"HiG_13"	237	"RPL7"	112	"HiG"
"HiG_13"	14	"HSPD1"	189	"HiG"
"HiG_13"	0	"DLK1"	311	"HiG"
"HiG_13"	70	"MAPT"	154	"HiG"
"HiG_13"	65	"HNRNPA1"	155.5	"HiG"
"HiG_13"	301	"RPS2"	102	"HiG"
"HiG_13"	0	"STMN4"	311	"HiG"
"HiG_13"	3	"SERINC1"	222.5	"HiG"
"HiG_13"	0	"MAP4K4"	311	"HiG"
"HiG_13"	360	"DPYSL3"	91	"HiG"
"HiG_13"	624	"PTMA"	56	"HiG"
"HiG_13"	91	"KCNQ5"	145	"HiG"
"HiG_13"	5	"CTSL"	212.5	"HiG"
"HiG_13"	0	"PODXL2"	311	"HiG"
"HiG_13"	0	"RPS21"	311	"HiG"
"HiG_13"	0	"RPL3"	311	"HiG"
"HiG_13"	9	"RPL36AL"	200	"HiG"
"HiG_13"	0	"RPL27A"	311	"HiG"
"HiG_13"	0	"RPL21"	311	"HiG"
"HiG_13"	65	"RPLP1"	155.5	"HiG"
"HiG_13"	461	"RPS3A"	72	"HiG"
"HiG_13"	7	"MAGI2"	205.5	"HiG"
"HiG_13"	41	"FYN"	167.5	"HiG"
"HiG_13"	45	"RAC1"	165.5	"HiG"
"HiG_13"	4	"RPS26"	217	"HiG"
"HiG_13"	10	"DYNC1H1"	196.5	"HiG"
"HiG_13"	362	"SPTBN1"	90	"HiG"
"HiG_13"	0	"CACNA2D1"	311	"HiG"
"HiG_13"	851	"ANK2"	36	"HiG"
"HiG_13"	2	"ELAVL4"	228.5	"HiG"
"HiG_13"	4	"ANAPC11"	217	"HiG"
"HiG_13"	0	"TOMM7"	311	"HiG"
"HiG_13"	4	"UBL5"	217	"HiG"
"HiG_13"	93	"ELAVL3"	143.5	"HiG"
"HiG_13"	0	"HAND2"	311	"HiG"
"HiG_13"	0	"MAP2"	311	"HiG"
"HiG_13"	0	"DCLK1"	311	"HiG"
"HiG_13"	4480	"MT-CO1"	5	"HiG"
"HiG_13"	569	"MT-CYB"	62	"HiG"
"HiG_13"	2009	"MT-ATP6"	17	"HiG"
"HiG_13"	452	"MT-ND6"	73	"HiG"
"HiG_13"	0	"MT-ND1"	311	"HiG"
"HiG_13"	0	"RPL12"	311	"HiG"
"HiG_13"	30	"CNTNAP2"	177	"HiG"
"HiG_13"	335	"MT-ND5"	96	"HiG"
"HiG_13"	97	"MT-CO2"	142	"HiG"
"HiG_13"	0	"KIF21A"	311	"HiG"
"HiG_13"	146	"MT-ND4"	130	"HiG"
"HiG_13"	19	"MT-CO3"	182	"HiG"
"HiG_13"	123	"MT-ND2"	135	"HiG"
"HiG_13"	0	"MT-ND3"	311	"HiG"
"HiG_13"	0	"TOMM20"	311	"HiG"
"HiG_13"	270	"GUK1"	105	"HiG"
"HiG_13"	0	"H3-3A"	311	"HiG"
"HiG_13"	0	"ENAH"	311	"HiG"
"HiG_13"	51	"ATP1B1"	161	"HiG"
"HiG_13"	2	"MGST3"	228.5	"HiG"
"HiG_13"	1	"PFDN2"	237.5	"HiG"
"HiG_13"	0	"SYT11"	311	"HiG"
"HiG_13"	107	"S100A6"	139	"HiG"
"HiG_13"	0	"MLLT11"	311	"HiG"
"HiG_13"	0	"ATP5MD"	311	"HiG"
"HiG_13"	648	"COX7A2"	53	"HiG"
"HiG_13"	3473	"RPL5"	8	"HiG"
"HiG_13"	0	"HFM1"	311	"HiG"
"HiG_13"	591	"ADGRB3"	59	"HiG"
"HiG_13"	0	"PRKACB"	311	"HiG"
"HiG_13"	1	"PSMA7"	237.5	"HiG"
"HiG_13"	2479	"GNAS"	13	"HiG"
"HiG_13"	3	"JUN"	222.5	"HiG"
"HiG_13"	25	"HSP90AB1"	180	"HiG"
"HiG_13"	0	"OLFM1"	311	"HiG"
"HiG_13"	0	"RPL7A"	311	"HiG"
"HiG_13"	0	"NRG3"	311	"HiG"
"HiG_13"	85	"YBX1"	147.5	"HiG"
"HiG_13"	4	"BEX3"	217	"HiG"
"HiG_13"	0	"SET"	311	"HiG"
"HiG_13"	121	"BEX1"	136	"HiG"
"HiG_13"	192	"YWHAB"	122.5	"HiG"
"HiG_13"	45	"NDUFS5"	165.5	"HiG"
"HiG_13"	0	"PPA1"	311	"HiG"
"HiG_13"	0	"RPS4X"	311	"HiG"
"HiG_13"	191	"RPL10A"	124	"HiG"
"HiG_13"	0	"TXN"	311	"HiG"
"HiG_13"	5	"FAM155A"	212.5	"HiG"
"HiG_13"	0	"FGF14"	311	"HiG"
"HiG_13"	34	"FTL"	173	"HiG"
"HiG_13"	10	"RTN3"	196.5	"HiG"
"HiG_13"	0	"PCDH9"	311	"HiG"
"HiG_13"	855	"RPS16"	34	"HiG"
"HiG_13"	0	"COX7A2L"	311	"HiG"
"HiG_13"	1875	"CHGB"	21	"HiG"
"HiG_13"	446	"NRCAM"	74	"HiG"
"HiG_13"	13	"GATA3"	191.5	"HiG"
"HiG_13"	726	"REEP5"	48	"HiG"
"HiG_13"	0	"LINGO2"	311	"HiG"
"HiG_13"	3	"ELAVL2"	222.5	"HiG"
"HiG_13"	1835	"TUBB2A"	22	"HiG"
"HiG_13"	829	"RPS6"	39	"HiG"
"HiG_13"	0	"BTF3"	311	"HiG"
"HiG_13"	8	"TMSB4X"	202.5	"HiG"
"HiG_13"	509	"DDX1"	66	"HiG"
"HiG_13"	27	"SLC25A6"	178.5	"HiG"
"HiG_13"	87	"SGCZ"	146	"HiG"
"HiG_13"	0	"RBMS3"	311	"HiG"
"HiG_13"	0	"PTPRN2"	311	"HiG"
"HiG_13"	0	"PTMS"	311	"HiG"
"HiG_13"	748	"RPS9"	46	"HiG"
"HiG_13"	206	"RPL13A"	120	"HiG"
"HiG_13"	577	"EEF1B2"	61	"HiG"
"HiG_13"	339	"DYNLL1"	95	"HiG"
"HiG_13"	0	"LUC7L3"	311	"HiG"
"HiG_13"	0	"LONRF2"	311	"HiG"
"HiG_13"	2344	"GAP43"	14	"HiG"
"HiG_13"	0	"TAGLN3"	311	"HiG"
"HiG_13"	0	"RPL24"	311	"HiG"
"HiG_13"	220	"RPL34"	116	"HiG"
"HiG_13"	82	"PSAP"	150.5	"HiG"
"HiG_13"	93	"SPP1"	143.5	"HiG"
"HiG_13"	1	"CHCHD2"	237.5	"HiG"
"HiG_13"	0	"NREP"	311	"HiG"
"HiG_13"	0	"RPS29"	311	"HiG"
"HiG_13"	228	"ITGB1"	114.5	"HiG"
"HiG_13"	0	"RPL14"	311	"HiG"
"HiG_13"	9	"RPS8"	200	"HiG"
"HiG_13"	5183	"GAPDH"	4	"HiG"
"HiG_13"	37	"TCF4"	171.5	"HiG"
"HiG_13"	0	"GSTP1"	311	"HiG"
"HiG_13"	6	"ATP5F1A"	209	"HiG"
"HiG_13"	0	"TTC3"	311	"HiG"
"HiG_13"	5	"SNU13"	212.5	"HiG"
"HiG_13"	3113	"NPY"	9	"HiG"
"HiG_13"	38	"AKAP12"	170	"HiG"
"HiG_13"	77	"CTNNA2"	152	"HiG"
"HiG_13"	788	"NRXN1"	41	"HiG"
"HiG_13"	0	"MDK"	311	"HiG"
"HiG_13"	0	"PHF14"	311	"HiG"
"HiG_13"	1429	"RPS14"	25	"HiG"
"HiG_13"	6	"CPE"	209	"HiG"
"HiG_13"	287	"SCN9A"	104	"HiG"
"HiG_13"	0	"MZT2B"	311	"HiG"
"HiG_13"	1	"C4orf48"	237.5	"HiG"
"HiG_13"	0	"PLD3"	311	"HiG"
"HiG_13"	319	"SERF2"	100	"HiG"
"HiG_13"	353	"UBA52"	93	"HiG"
"HiG_13"	0	"NSG1"	311	"HiG"
"HiG_13"	0	"RPL23A"	311	"HiG"
"HiG_13"	50	"RPSA"	162	"HiG"
"HiG_13"	16	"ATP5PF"	184.5	"HiG"
"HiG_13"	0	"HSBP1"	311	"HiG"
"HiG_13"	329	"RPS18"	97.5	"HiG"
"HiG_13"	0	"KIF5C"	311	"HiG"
"HiG_13"	0	"DHFR"	311	"HiG"
"HiG_13"	108	"GRIK2"	138	"HiG"
"HiG_13"	0	"TMA7"	311	"HiG"
"HiG_13"	0	"GNG4"	311	"HiG"
"HiG_13"	0	"ATP5MPL"	311	"HiG"
"HiG_13"	0	"RPL6"	311	"HiG"
"HiG_13"	61	"ICA1"	159	"HiG"
"HiG_13"	0	"THSD7A"	311	"HiG"
"HiG_13"	256	"HDAC9"	109	"HiG"
"HiG_13"	14	"STMN1"	189	"HiG"
"HiG_13"	0	"RBFOX2"	311	"HiG"
"HiG_13"	251	"RPL10"	110	"HiG"
"HiG_13"	104	"RPS24"	140	"HiG"
"HiG_13"	59	"NELL2"	160	"HiG"
"HiG_13"	649	"RPL32"	51.5	"HiG"
"HiG_13"	3	"ATP6V1F"	222.5	"HiG"
"HiG_13"	326	"RPL37A"	99	"HiG"
"HiG_13"	0	"PEG10"	311	"HiG"
"HiG_13"	2	"NDUFB2"	228.5	"HiG"
"HiG_13"	5	"PPIA"	212.5	"HiG"
"HiG_13"	341	"EIF1"	94	"HiG"
"HiG_13"	0	"RPL23"	311	"HiG"
"HiG_13"	0	"TUSC3"	311	"HiG"
"HiG_13"	7	"CCSER1"	205.5	"HiG"
"HiG_13"	10	"COX7C"	196.5	"HiG"
"HiG_13"	606	"RACK1"	58	"HiG"
"HiG_13"	7	"DPYSL2"	205.5	"HiG"
"HiG_13"	33	"RPL30"	174	"HiG"
"HiG_13"	833	"STMN2"	38	"HiG"
"HiG_13"	0	"RPS20"	311	"HiG"
"HiG_13"	263	"COX6C"	107	"HiG"
"HiG_13"	0	"UQCRB"	311	"HiG"
"HiG_13"	0	"EID1"	311	"HiG"
"HiG_13"	0	"RPLP2"	311	"HiG"
"HiG_13"	1888	"FAU"	20	"HiG"
"HiG_13"	0	"RGS5"	311	"HiG"
"HiG_13"	681	"ATP6V0B"	50	"HiG"
"HiG_13"	0	"RPS25"	311	"HiG"
"HiG_13"	967	"RPS13"	31	"HiG"
"HiG_13"	16	"HSPA8"	184.5	"HiG"
"HiG_13"	0	"ENO2"	311	"HiG"
"HiG_13"	215	"KIF1A"	118	"HiG"
"HiG_13"	775	"TUBA1A"	42	"HiG"
"HiG_13"	521	"UBC"	64	"HiG"
"HiG_13"	0	"BEX2"	311	"HiG"
"HiG_13"	0	"BCAT1"	311	"HiG"
"HiG_13"	375	"LDHA"	84	"HiG"
"HiG_13"	1491	"VIM"	24	"HiG"
"HiG_13"	1	"RAN"	237.5	"HiG"
"HiG_13"	260	"MYL6"	108	"HiG"
"HiG_13"	249	"RPL18"	111	"HiG"
"HiG_13"	1	"CNTN1"	237.5	"HiG"
"HiG_13"	293	"CD63"	103	"HiG"
"HiG_13"	139	"PFDN5"	131.5	"HiG"
"HiG_13"	0	"NACA"	311	"HiG"
"HiG_13"	0	"RPL41"	311	"HiG"
"HiG_13"	40	"RPLP0"	169	"HiG"
"HiG_13"	0	"SLC38A1"	311	"HiG"
"HiG_13"	203	"EML5"	121	"HiG"
"HiG_13"	85	"RPL28"	147.5	"HiG"
"HiG_13"	217	"MEIS2"	117	"HiG"
"HiG_13"	0	"ARPP19"	311	"HiG"
"HiG_13"	0	"OST4"	311	"HiG"
"HiG_13"	181	"COX4I1"	126	"HiG"
"HiG_13"	2546	"ACTG1"	12	"HiG"
"HiG_13"	850	"ADCYAP1"	37	"HiG"
"HiG_13"	0	"RPL26"	311	"HiG"
"HiG_13"	520	"RPL36"	65	"HiG"
"HiG_13"	496	"RPL27"	69	"HiG"
"HiG_13"	0	"MXRA7"	311	"HiG"
"HiG_13"	182	"RPS15"	125	"HiG"
"HiG_13"	0	"CIRBP"	311	"HiG"
"HiG_13"	937	"TMEM59L"	33	"HiG"
"HiG_13"	403	"RPS19"	78	"HiG"
"HiG_13"	264	"RPS28"	106	"HiG"
"HiG_13"	208	"RPS5"	119	"HiG"
"HiG_13"	0	"TPT1"	311	"HiG"
"HiG_13"	0	"MARCKS"	311	"HiG"
"HiG_13"	957	"UBB"	32	"HiG"
"HiG_13"	0	"NCAM1"	311	"HiG"
"HiG_13"	0	"RPS10"	311	"HiG"
"HiG_13"	0	"CD24"	311	"HiG"
"HiG_13"	0	"SAP18"	311	"HiG"
"HiG_13"	1328	"NEFL"	28	"HiG"
"HiG_13"	1	"ZFHX3"	237.5	"HiG"
"HiG_13"	370	"RPL9"	87	"HiG"
"HiG_13"	2334	"ACTB"	15	"HiG"
"HiG_13"	1	"RPS7"	237.5	"HiG"
"HiG_13"	0	"RPL35A"	311	"HiG"
"HiG_13"	767	"RPL11"	44	"HiG"
"HiG_13"	643	"ITM2B"	55	"HiG"
"HiG_13"	0	"MYT1L"	311	"HiG"
"HiG_13"	5340	"B2M"	3	"HiG"
"HiG_13"	585	"RPS27"	60	"HiG"
"HiG_13"	0	"EIF3L"	311	"HiG"
"HiG_13"	0	"CUTA"	311	"HiG"
"HiG_13"	2315	"CALM1"	16	"HiG"
"HiG_13"	22	"ATP5MC2"	181	"HiG"
"HiG_13"	0	"AKT3"	311	"HiG"
"HiG_14"	9	"TTC17"	799.5	"HiG"
"HiG_14"	698	"NEXMIF"	377	"HiG"
"HiG_14"	1	"FAM168A"	900.5	"HiG"
"HiG_14"	338	"KCNQ1"	463	"HiG"
"HiG_14"	109	"ACTL6B"	586.5	"HiG"
"HiG_14"	32	"MTMR7"	700.5	"HiG"
"HiG_14"	172	"CDK13"	526.5	"HiG"
"HiG_14"	0	"PPP1R13B"	977	"HiG"
"HiG_14"	1	"RALGAPA2"	900.5	"HiG"
"HiG_14"	6026	"CHGA"	59	"HiG"
"HiG_14"	8	"MACROD2"	807.5	"HiG"
"HiG_14"	1041	"PCSK1N"	283	"HiG"
"HiG_14"	1562	"SMPD3"	199	"HiG"
"HiG_14"	163	"PAG1"	532	"HiG"
"HiG_14"	368	"GDAP1"	458	"HiG"
"HiG_14"	0	"SIPA1L3"	977	"HiG"
"HiG_14"	47	"LAMB1"	666.5	"HiG"
"HiG_14"	173	"ITGB8"	524.5	"HiG"
"HiG_14"	685	"MPP6"	381	"HiG"
"HiG_14"	1892	"CYP3A5"	180	"HiG"
"HiG_14"	1755	"GLCCI1"	186	"HiG"
"HiG_14"	40	"PHOX2B"	681	"HiG"
"HiG_14"	9031	"CCND1"	41	"HiG"
"HiG_14"	12	"STK38"	780	"HiG"
"HiG_14"	2895	"EXOC2"	119	"HiG"
"HiG_14"	2075	"LAMA4"	164	"HiG"
"HiG_14"	0	"RBP1"	977	"HiG"
"HiG_14"	25	"TMSB10"	717	"HiG"
"HiG_14"	1480	"MSH2"	207	"HiG"
"HiG_14"	48	"TTL"	663.5	"HiG"
"HiG_14"	50	"CAMSAP2"	657.5	"HiG"
"HiG_14"	686	"DOP1A"	380	"HiG"
"HiG_14"	509	"CCDC92"	416	"HiG"
"HiG_14"	108	"TBX2"	588.5	"HiG"
"HiG_14"	13	"TSHZ3"	776.5	"HiG"
"HiG_14"	4364	"KALRN"	79	"HiG"
"HiG_14"	1153	"BBS9"	248	"HiG"
"HiG_14"	183	"LRP1"	520	"HiG"
"HiG_14"	4315	"SOX4"	81.5	"HiG"
"HiG_14"	946	"ATXN1"	313	"HiG"
"HiG_14"	4141	"KATNAL2"	89	"HiG"
"HiG_14"	30143	"GNGT1"	8	"HiG"
"HiG_14"	38	"MTERF1"	687	"HiG"
"HiG_14"	1939	"SEZ6L"	177	"HiG"
"HiG_14"	4302	"ALDH1A2"	83	"HiG"
"HiG_14"	4931	"CNGB1"	69	"HiG"
"HiG_14"	1151	"NALCN"	249	"HiG"
"HiG_14"	0	"MAST1"	977	"HiG"
"HiG_14"	6	"RABGAP1L"	823	"HiG"
"HiG_14"	347	"TRPC4AP"	460	"HiG"
"HiG_14"	2	"C20orf194"	880	"HiG"
"HiG_14"	4	"ZSWIM6"	846	"HiG"
"HiG_14"	2031	"PXDN"	170	"HiG"
"HiG_14"	3547	"EXOC4"	105	"HiG"
"HiG_14"	61	"WDR7"	638.5	"HiG"
"HiG_14"	194	"RAMP1"	513	"HiG"
"HiG_14"	0	"RAP1GAP2"	977	"HiG"
"HiG_14"	12910	"H3-3B"	23	"HiG"
"HiG_14"	1040	"SNAP25"	285.5	"HiG"
"HiG_14"	14	"RIN2"	771	"HiG"
"HiG_14"	973	"PI4KA"	304	"HiG"
"HiG_14"	141	"SBF2"	549.5	"HiG"
"HiG_14"	469	"UNC79"	426	"HiG"
"HiG_14"	15	"KIDINS220"	763.5	"HiG"
"HiG_14"	1009	"ANO3"	294	"HiG"
"HiG_14"	0	"TUT4"	977	"HiG"
"HiG_14"	1268	"APC"	235	"HiG"
"HiG_14"	248	"BACH2"	490	"HiG"
"HiG_14"	0	"TFCP2"	977	"HiG"
"HiG_14"	921	"PLXNC1"	319	"HiG"
"HiG_14"	644	"IGF2BP3"	393	"HiG"
"HiG_14"	286	"TEX2"	473	"HiG"
"HiG_14"	1037	"RALGPS1"	287	"HiG"
"HiG_14"	15	"TMOD1"	763.5	"HiG"
"HiG_14"	20	"RNF38"	733.5	"HiG"
"HiG_14"	252	"TUBB2B"	487	"HiG"
"HiG_14"	1713	"SORL1"	190	"HiG"
"HiG_14"	16	"TTLL7"	756.5	"HiG"
"HiG_14"	13198	"SYT1"	22	"HiG"
"HiG_14"	24	"MNAT1"	722	"HiG"
"HiG_14"	117	"ENOX1"	578.5	"HiG"
"HiG_14"	111	"RORA"	584.5	"HiG"
"HiG_14"	482	"NOL4"	424	"HiG"
"HiG_14"	1827	"RIMBP2"	183	"HiG"
"HiG_14"	424	"RBM25"	442	"HiG"
"HiG_14"	1052	"SPAG9"	277.5	"HiG"
"HiG_14"	130	"PHF3"	559	"HiG"
"HiG_14"	3637	"ANKRD12"	102	"HiG"
"HiG_14"	670	"CACNG4"	385	"HiG"
"HiG_14"	14170	"KMT2C"	20	"HiG"
"HiG_14"	0	"SCPEP1"	977	"HiG"
"HiG_14"	17	"TRIM37"	750.5	"HiG"
"HiG_14"	6979	"CREBBP"	51	"HiG"
"HiG_14"	6	"WSB1"	823	"HiG"
"HiG_14"	2782	"DHX8"	126	"HiG"
"HiG_14"	294	"SMURF2"	470	"HiG"
"HiG_14"	446	"INVS"	434.5	"HiG"
"HiG_14"	128	"GNAO1"	561.5	"HiG"
"HiG_14"	15	"TIMP2"	763.5	"HiG"
"HiG_14"	2	"HACE1"	880	"HiG"
"HiG_14"	132	"ATRN"	555	"HiG"
"HiG_14"	8407	"SORCS1"	43	"HiG"
"HiG_14"	4	"EPC1"	846	"HiG"
"HiG_14"	176	"SMG6"	522	"HiG"
"HiG_14"	0	"CEP126"	977	"HiG"
"HiG_14"	420	"CLASP1"	443	"HiG"
"HiG_14"	3	"ZC2HC1A"	861	"HiG"
"HiG_14"	1172	"IL7"	244	"HiG"
"HiG_14"	1061	"KIF1B"	275	"HiG"
"HiG_14"	2191	"EHBP1"	154	"HiG"
"HiG_14"	484	"ARID4B"	423	"HiG"
"HiG_14"	18	"CRACD"	745	"HiG"
"HiG_14"	17	"RASGEF1B"	750.5	"HiG"
"HiG_14"	47	"RAPGEF2"	666.5	"HiG"
"HiG_14"	163	"ADD2"	532	"HiG"
"HiG_14"	4151	"HDAC4"	88	"HiG"
"HiG_14"	143	"ATP6V0A1"	546.5	"HiG"
"HiG_14"	6	"FBXL20"	823	"HiG"
"HiG_14"	1305	"DNMT3A"	228	"HiG"
"HiG_14"	750	"XRN1"	367	"HiG"
"HiG_14"	0	"PPP2R3A"	977	"HiG"
"HiG_14"	0	"MAP3K13"	977	"HiG"
"HiG_14"	14	"ERCC8"	771	"HiG"
"HiG_14"	2	"CPEB4"	880	"HiG"
"HiG_14"	4	"WDR70"	846	"HiG"
"HiG_14"	44	"FSTL4"	671	"HiG"
"HiG_14"	51307	"SEMA3A"	3	"HiG"
"HiG_14"	6	"APBA1"	823	"HiG"
"HiG_14"	53	"HIBADH"	651.5	"HiG"
"HiG_14"	14	"ST7"	771	"HiG"
"HiG_14"	42	"NRXN2"	675	"HiG"
"HiG_14"	643	"AHI1"	394	"HiG"
"HiG_14"	57	"KAT6A"	645	"HiG"
"HiG_14"	875	"PRKAR2B"	330	"HiG"
"HiG_14"	5	"ADAM22"	833	"HiG"
"HiG_14"	43706	"CDK6"	5	"HiG"
"HiG_14"	11	"ANKIB1"	784.5	"HiG"
"HiG_14"	222	"MAPKAP1"	502	"HiG"
"HiG_14"	3	"SERGEF"	861	"HiG"
"HiG_14"	238	"CPEB3"	495	"HiG"
"HiG_14"	238	"DOCK3"	495	"HiG"
"HiG_14"	26	"TIMP3"	713.5	"HiG"
"HiG_14"	17376	"CACNA1C"	15	"HiG"
"HiG_14"	1463	"RB1"	212	"HiG"
"HiG_14"	5884	"SRRM4"	61	"HiG"
"HiG_14"	24	"RTN1"	722	"HiG"
"HiG_14"	57	"ASXL3"	645	"HiG"
"HiG_14"	161	"RNF157"	534	"HiG"
"HiG_14"	0	"RNF165"	977	"HiG"
"HiG_14"	11	"FNBP1L"	784.5	"HiG"
"HiG_14"	1	"KCNH1"	900.5	"HiG"
"HiG_14"	485	"PLEKHA6"	422	"HiG"
"HiG_14"	806	"WDPCP"	351.5	"HiG"
"HiG_14"	0	"SUMF1"	977	"HiG"
"HiG_14"	57	"MARCHF4"	645	"HiG"
"HiG_14"	0	"LRTM1"	977	"HiG"
"HiG_14"	2147	"STXBP5L"	159	"HiG"
"HiG_14"	3	"ARHGAP26"	861	"HiG"
"HiG_14"	304	"CDKAL1"	469	"HiG"
"HiG_14"	2377	"PHIP"	141	"HiG"
"HiG_14"	858	"SHPRH"	339.5	"HiG"
"HiG_14"	595	"GNA12"	405	"HiG"
"HiG_14"	1558	"DLC1"	200	"HiG"
"HiG_14"	489	"ZNF462"	421	"HiG"
"HiG_14"	84	"LRRC4C"	613	"HiG"
"HiG_14"	13	"NINL"	776.5	"HiG"
"HiG_14"	0	"KIAA1328"	977	"HiG"
"HiG_14"	861	"USP15"	337	"HiG"
"HiG_14"	75946	"ANK3"	1	"HiG"
"HiG_14"	3200	"DIP2C"	113	"HiG"
"HiG_14"	761	"AKAP6"	364	"HiG"
"HiG_14"	0	"FER"	977	"HiG"
"HiG_14"	1209	"SCLT1"	242	"HiG"
"HiG_14"	873	"NBAS"	331	"HiG"
"HiG_14"	0	"KANSL1L"	977	"HiG"
"HiG_14"	3853	"MED13L"	94	"HiG"
"HiG_14"	3277	"GRIA4"	110	"HiG"
"HiG_14"	458	"ITGA1"	429	"HiG"
"HiG_14"	865	"RAB3C"	335	"HiG"
"HiG_14"	2375	"SCN3A"	142	"HiG"
"HiG_14"	2260	"JAZF1"	147	"HiG"
"HiG_14"	870	"MSI2"	333	"HiG"
"HiG_14"	144	"GDPD1"	545	"HiG"
"HiG_14"	0	"SEMA3D"	977	"HiG"
"HiG_14"	3	"ANKH"	861	"HiG"
"HiG_14"	86	"SH3RF1"	607.5	"HiG"
"HiG_14"	1065	"CCDC146"	272.5	"HiG"
"HiG_14"	9250	"LRGUK"	39	"HiG"
"HiG_14"	38	"MMP16"	687	"HiG"
"HiG_14"	3725	"KCNMA1"	97.5	"HiG"
"HiG_14"	1906	"TIAM1"	178	"HiG"
"HiG_14"	155	"ZFAND3"	539.5	"HiG"
"HiG_14"	1090	"KAT6B"	258.5	"HiG"
"HiG_14"	65	"NSMCE2"	635	"HiG"
"HiG_14"	99	"NMNAT2"	594.5	"HiG"
"HiG_14"	3454	"NRG1"	106	"HiG"
"HiG_14"	528	"PRKAG2"	411.5	"HiG"
"HiG_14"	188	"ERC2"	516.5	"HiG"
"HiG_14"	759	"DGKI"	365	"HiG"
"HiG_14"	4	"FMNL2"	846	"HiG"
"HiG_14"	1662	"DPYSL5"	194	"HiG"
"HiG_14"	33	"KPNB1"	698.5	"HiG"
"HiG_14"	0	"CHCHD6"	977	"HiG"
"HiG_14"	31	"MED27"	702.5	"HiG"
"HiG_14"	0	"CLPB"	977	"HiG"
"HiG_14"	50	"KCNT2"	657.5	"HiG"
"HiG_14"	0	"RBMS1"	977	"HiG"
"HiG_14"	14	"ABI2"	771	"HiG"
"HiG_14"	343	"WDFY3"	462	"HiG"
"HiG_14"	4670	"GRIA2"	73	"HiG"
"HiG_14"	50	"ENPP6"	657.5	"HiG"
"HiG_14"	869	"MAP1B"	334	"HiG"
"HiG_14"	163	"COG5"	532	"HiG"
"HiG_14"	32	"BMT2"	700.5	"HiG"
"HiG_14"	2254	"ADCY1"	148	"HiG"
"HiG_14"	70	"SPIDR"	631	"HiG"
"HiG_14"	7	"CCDC136"	815	"HiG"
"HiG_14"	1	"WNK2"	900.5	"HiG"
"HiG_14"	118	"LRFN5"	575.5	"HiG"
"HiG_14"	0	"PGM2L1"	977	"HiG"
"HiG_14"	42	"TRIM44"	675	"HiG"
"HiG_14"	5	"ZNF407"	833	"HiG"
"HiG_14"	118	"CACNG2"	575.5	"HiG"
"HiG_14"	456	"ZNF91"	430	"HiG"
"HiG_14"	2	"USP32"	880	"HiG"
"HiG_14"	150	"DIP2B"	542	"HiG"
"HiG_14"	2	"MBOAT2"	880	"HiG"
"HiG_14"	0	"TPST1"	977	"HiG"
"HiG_14"	7	"VSTM2A"	815	"HiG"
"HiG_14"	9	"VAT1L"	799.5	"HiG"
"HiG_14"	5187	"ZNF804A"	66	"HiG"
"HiG_14"	94	"CBR4"	600	"HiG"
"HiG_14"	1	"ZNF138"	900.5	"HiG"
"HiG_14"	81	"INSR"	619.5	"HiG"
"HiG_14"	8	"DCLK2"	807.5	"HiG"
"HiG_14"	2057	"SCG2"	165.5	"HiG"
"HiG_14"	1	"PCNX1"	900.5	"HiG"
"HiG_14"	0	"ZNF33A"	977	"HiG"
"HiG_14"	53	"MAGI3"	651.5	"HiG"
"HiG_14"	3	"SLCO1A2"	861	"HiG"
"HiG_14"	119	"ALCAM"	572	"HiG"
"HiG_14"	2	"SYNPO2"	880	"HiG"
"HiG_14"	439	"PAM"	436	"HiG"
"HiG_14"	79	"PRKCE"	623	"HiG"
"HiG_14"	3741	"CAMTA1"	96	"HiG"
"HiG_14"	1107	"YEATS2"	257	"HiG"
"HiG_14"	37	"MAP6"	690.5	"HiG"
"HiG_14"	11902	"CTNND2"	28	"HiG"
"HiG_14"	1253	"BPTF"	238	"HiG"
"HiG_14"	5909	"RPTOR"	60	"HiG"
"HiG_14"	5331	"AGAP1"	65	"HiG"
"HiG_14"	501	"VPS50"	419	"HiG"
"HiG_14"	0	"TSPAN5"	977	"HiG"
"HiG_14"	0	"NSG2"	977	"HiG"
"HiG_14"	1090	"ZNF608"	258.5	"HiG"
"HiG_14"	1425	"DST"	217	"HiG"
"HiG_14"	3	"GABRB3"	861	"HiG"
"HiG_14"	0	"SNED1"	977	"HiG"
"HiG_14"	287	"UBE3C"	472	"HiG"
"HiG_14"	2043	"LRRC7"	168	"HiG"
"HiG_14"	37	"VPS41"	690.5	"HiG"
"HiG_14"	0	"KLF7"	977	"HiG"
"HiG_14"	63	"TBC1D16"	637	"HiG"
"HiG_14"	788	"RPL38"	357	"HiG"
"HiG_14"	2	"ARHGAP32"	880	"HiG"
"HiG_14"	13	"STOX2"	776.5	"HiG"
"HiG_14"	806	"CTBP2"	351.5	"HiG"
"HiG_14"	0	"ZHX3"	977	"HiG"
"HiG_14"	3106	"KMT2E"	116	"HiG"
"HiG_14"	109	"PPM1E"	586.5	"HiG"
"HiG_14"	0	"KCNK10"	977	"HiG"
"HiG_14"	2	"MLXIP"	880	"HiG"
"HiG_14"	9	"BICRAL"	799.5	"HiG"
"HiG_14"	80	"AGPAT4"	621	"HiG"
"HiG_14"	0	"GPR137C"	977	"HiG"
"HiG_14"	9	"SGPP2"	799.5	"HiG"
"HiG_14"	3	"KIAA1549L"	861	"HiG"
"HiG_14"	227	"OSBPL3"	500	"HiG"
"HiG_14"	59	"AHCYL2"	642	"HiG"
"HiG_14"	402	"FARS2"	448.5	"HiG"
"HiG_14"	17	"PACS1"	750.5	"HiG"
"HiG_14"	108	"TLK2"	588.5	"HiG"
"HiG_14"	8	"PIBF1"	807.5	"HiG"
"HiG_14"	3928	"MET"	93	"HiG"
"HiG_14"	878	"GRK3"	329	"HiG"
"HiG_14"	796	"SCMH1"	354	"HiG"
"HiG_14"	927	"CSRNP3"	318	"HiG"
"HiG_14"	8	"KIAA0319L"	807.5	"HiG"
"HiG_14"	0	"LDLRAD3"	977	"HiG"
"HiG_14"	41	"FMN2"	678	"HiG"
"HiG_14"	19	"SOBP"	738.5	"HiG"
"HiG_14"	951	"CAMK2G"	312	"HiG"
"HiG_14"	127	"BASP1"	564.5	"HiG"
"HiG_14"	79	"ITFG1"	623	"HiG"
"HiG_14"	766	"MPDZ"	363	"HiG"
"HiG_14"	446	"CACNB2"	434.5	"HiG"
"HiG_14"	1140	"DYNC1I1"	250	"HiG"
"HiG_14"	13255	"EZH2"	21	"HiG"
"HiG_14"	1376	"NPEPPS"	223	"HiG"
"HiG_14"	4315	"ARID1A"	81.5	"HiG"
"HiG_14"	7	"EPN2"	815	"HiG"
"HiG_14"	0	"SLCO3A1"	977	"HiG"
"HiG_14"	920	"STRBP"	320	"HiG"
"HiG_14"	118	"CRMP1"	575.5	"HiG"
"HiG_14"	3	"ANKFN1"	861	"HiG"
"HiG_14"	2138	"STXBP5"	160	"HiG"
"HiG_14"	9	"FBXL13"	799.5	"HiG"
"HiG_14"	98	"MTSS1"	596	"HiG"
"HiG_14"	4343	"EBF1"	80	"HiG"
"HiG_14"	207	"ZKSCAN1"	507	"HiG"
"HiG_14"	777	"MKLN1"	361	"HiG"
"HiG_14"	2103	"UBE2O"	163	"HiG"
"HiG_14"	227	"PSD3"	500	"HiG"
"HiG_14"	1129	"MYO1D"	253.5	"HiG"
"HiG_14"	254	"FAM193A"	486	"HiG"
"HiG_14"	0	"ZNF540"	977	"HiG"
"HiG_14"	124	"TMEM108"	567	"HiG"
"HiG_14"	11160	"GSK3B"	31	"HiG"
"HiG_14"	0	"SEMA6D"	977	"HiG"
"HiG_14"	95	"MTMR4"	598	"HiG"
"HiG_14"	845	"LMBR1"	342	"HiG"
"HiG_14"	3352	"PCM1"	109	"HiG"
"HiG_14"	851	"MCF2L2"	341	"HiG"
"HiG_14"	15	"XKR4"	763.5	"HiG"
"HiG_14"	4799	"EFNA5"	70	"HiG"
"HiG_14"	119	"KCNH8"	572	"HiG"
"HiG_14"	95	"ST6GALNAC3"	598	"HiG"
"HiG_14"	1	"CADM1"	900.5	"HiG"
"HiG_14"	209	"PHACTR1"	506	"HiG"
"HiG_14"	983	"MXI1"	300	"HiG"
"HiG_14"	1005	"ZNF704"	296	"HiG"
"HiG_14"	0	"GPR173"	977	"HiG"
"HiG_14"	2	"EFCAB13"	880	"HiG"
"HiG_14"	6832	"SLIT3"	54	"HiG"
"HiG_14"	786	"OSBP2"	358	"HiG"
"HiG_14"	117	"MARCHF11"	578.5	"HiG"
"HiG_14"	15215	"KCND2"	18	"HiG"
"HiG_14"	136	"TRMT11"	552.5	"HiG"
"HiG_14"	86	"TRDN"	607.5	"HiG"
"HiG_14"	27	"PARVA"	709.5	"HiG"
"HiG_14"	1285	"EXOC7"	233	"HiG"
"HiG_14"	1249	"KLHDC10"	239	"HiG"
"HiG_14"	2037	"PCLO"	169	"HiG"
"HiG_14"	1440	"LYPD6"	216	"HiG"
"HiG_14"	43	"DHRS4L2"	672.5	"HiG"
"HiG_14"	942	"ARID2"	315	"HiG"
"HiG_14"	600	"FOXK2"	403.5	"HiG"
"HiG_14"	33	"TTC7B"	698.5	"HiG"
"HiG_14"	280	"TNPO1"	476.5	"HiG"
"HiG_14"	2225	"TBC1D22A"	151	"HiG"
"HiG_14"	0	"GALNT16"	977	"HiG"
"HiG_14"	14920	"TNRC6C"	19	"HiG"
"HiG_14"	89	"EPB41L1"	604.5	"HiG"
"HiG_14"	26	"RUNDC3B"	713.5	"HiG"
"HiG_14"	392	"PACRG"	454	"HiG"
"HiG_14"	2913	"PLCB1"	118	"HiG"
"HiG_14"	50	"ZNF532"	657.5	"HiG"
"HiG_14"	10	"AGTPBP1"	791.5	"HiG"
"HiG_14"	0	"TASP1"	977	"HiG"
"HiG_14"	753	"RERE"	366	"HiG"
"HiG_14"	10	"CCDC88A"	791.5	"HiG"
"HiG_14"	4	"NFAT5"	846	"HiG"
"HiG_14"	1447	"TUBB"	215	"HiG"
"HiG_14"	158	"TRIO"	536	"HiG"
"HiG_14"	588	"RGS12"	406	"HiG"
"HiG_14"	19	"TRIM2"	738.5	"HiG"
"HiG_14"	2580	"MAOA"	132	"HiG"
"HiG_14"	1077	"ADGRL1"	267	"HiG"
"HiG_14"	6338	"MAPT"	57	"HiG"
"HiG_14"	1757	"PTN"	185	"HiG"
"HiG_14"	955	"PTK2"	310	"HiG"
"HiG_14"	2057	"JARID2"	165.5	"HiG"
"HiG_14"	960	"WNK1"	307	"HiG"
"HiG_14"	0	"PTCHD4"	977	"HiG"
"HiG_14"	21	"NRF1"	731.5	"HiG"
"HiG_14"	828	"ATP9A"	346	"HiG"
"HiG_14"	1041	"FAM184A"	283	"HiG"
"HiG_14"	2163	"PDE4B"	156	"HiG"
"HiG_14"	610	"USP9Y"	400	"HiG"
"HiG_14"	1478	"FOXN3"	208	"HiG"
"HiG_14"	172	"RAPGEF5"	526.5	"HiG"
"HiG_14"	169	"MAP4K4"	528	"HiG"
"HiG_14"	27	"DPYSL3"	709.5	"HiG"
"HiG_14"	2160	"ATR"	157	"HiG"
"HiG_14"	156	"CDK5RAP2"	537.5	"HiG"
"HiG_14"	507	"AUTS2"	417	"HiG"
"HiG_14"	782	"LIN28B"	360	"HiG"
"HiG_14"	979	"PTMA"	302	"HiG"
"HiG_14"	11	"TOX2"	784.5	"HiG"
"HiG_14"	0	"ZNF678"	977	"HiG"
"HiG_14"	18665	"KCNQ5"	13	"HiG"
"HiG_14"	9520	"SHANK2"	38	"HiG"
"HiG_14"	0	"HMGB1"	977	"HiG"
"HiG_14"	335	"DLG1"	465	"HiG"
"HiG_14"	2235	"LRFN2"	149	"HiG"
"HiG_14"	1897	"MAGI2"	179	"HiG"
"HiG_14"	93	"SCN8A"	601.5	"HiG"
"HiG_14"	4231	"FYN"	86	"HiG"
"HiG_14"	2384	"SND1"	140	"HiG"
"HiG_14"	0	"NRDC"	977	"HiG"
"HiG_14"	2507	"EGFLAM"	134	"HiG"
"HiG_14"	5	"LARGE1"	833	"HiG"
"HiG_14"	54	"ATRNL1"	649.5	"HiG"
"HiG_14"	16	"SRGAP1"	756.5	"HiG"
"HiG_14"	1312	"DNM3"	227	"HiG"
"HiG_14"	11	"SHTN1"	784.5	"HiG"
"HiG_14"	490	"TBCD"	420	"HiG"
"HiG_14"	5	"ZNF536"	833	"HiG"
"HiG_14"	1129	"UBE2H"	253.5	"HiG"
"HiG_14"	72	"SORBS2"	629	"HiG"
"HiG_14"	12787	"NLGN4Y"	24	"HiG"
"HiG_14"	6	"SH3PXD2A"	823	"HiG"
"HiG_14"	260	"TRIM4"	483	"HiG"
"HiG_14"	958	"STK39"	308	"HiG"
"HiG_14"	0	"JPT1"	977	"HiG"
"HiG_14"	1088	"UVRAG"	260	"HiG"
"HiG_14"	1082	"NPAS3"	263.5	"HiG"
"HiG_14"	21412	"AKAP9"	12	"HiG"
"HiG_14"	383	"PXDNL"	455	"HiG"
"HiG_14"	1846	"DYNC1H1"	182	"HiG"
"HiG_14"	1127	"SPTBN1"	255	"HiG"
"HiG_14"	11577	"CACNA2D1"	29	"HiG"
"HiG_14"	1006	"ZNF254"	295	"HiG"
"HiG_14"	8412	"ANK2"	42	"HiG"
"HiG_14"	2952	"ELAVL4"	117	"HiG"
"HiG_14"	0	"LRBA"	977	"HiG"
"HiG_14"	127	"FRMD4A"	564.5	"HiG"
"HiG_14"	794	"SYCP2"	355	"HiG"
"HiG_14"	411	"GRM7"	446	"HiG"
"HiG_14"	1621	"CREB5"	195	"HiG"
"HiG_14"	453	"NEGR1"	431	"HiG"
"HiG_14"	3	"AIG1"	861	"HiG"
"HiG_14"	30	"MPPED2"	704.5	"HiG"
"HiG_14"	1255	"NF1"	237	"HiG"
"HiG_14"	130	"GRM8"	559	"HiG"
"HiG_14"	18	"VPS13B"	745	"HiG"
"HiG_14"	235	"ANKRD17"	497	"HiG"
"HiG_14"	6578	"SYN3"	55	"HiG"
"HiG_14"	227	"REV3L"	500	"HiG"
"HiG_14"	23	"SMARCAD1"	727.5	"HiG"
"HiG_14"	889	"ELAVL3"	326	"HiG"
"HiG_14"	22	"HAND2"	730	"HiG"
"HiG_14"	12	"ZSWIM5"	780	"HiG"
"HiG_14"	1689	"ZDHHC14"	191	"HiG"
"HiG_14"	12447	"TRRAP"	25	"HiG"
"HiG_14"	0	"MTCL1"	977	"HiG"
"HiG_14"	1	"SPINK5"	900.5	"HiG"
"HiG_14"	3	"PTPRF"	861	"HiG"
"HiG_14"	250	"CUX1"	488.5	"HiG"
"HiG_14"	2807	"MAP2"	124	"HiG"
"HiG_14"	24	"ANKS1A"	722	"HiG"
"HiG_14"	3655	"NRP2"	101	"HiG"
"HiG_14"	739	"DCLK1"	370	"HiG"
"HiG_14"	5	"PAK3"	833	"HiG"
"HiG_14"	1467	"ERC1"	211	"HiG"
"HiG_14"	130	"NTRK3"	559	"HiG"
"HiG_14"	85	"ZEB1"	609.5	"HiG"
"HiG_14"	989	"ZNF277"	299	"HiG"
"HiG_14"	1283	"ASTN2"	234	"HiG"
"HiG_14"	601	"MT-CYB"	402	"HiG"
"HiG_14"	2830	"MACF1"	122	"HiG"
"HiG_14"	718	"SMURF1"	375	"HiG"
"HiG_14"	3715	"MT-ATP6"	100	"HiG"
"HiG_14"	705	"MAST2"	376	"HiG"
"HiG_14"	0	"MVB12B"	977	"HiG"
"HiG_14"	5112	"CNTNAP2"	68	"HiG"
"HiG_14"	662	"MT-ND5"	388	"HiG"
"HiG_14"	1	"TOX"	900.5	"HiG"
"HiG_14"	1040	"KIF21A"	285.5	"HiG"
"HiG_14"	0	"FAM163A"	977	"HiG"
"HiG_14"	93	"MAP3K3"	601.5	"HiG"
"HiG_14"	0	"DZIP3"	977	"HiG"
"HiG_14"	2021	"MT-ND2"	171	"HiG"
"HiG_14"	0	"ARHGEF10L"	977	"HiG"
"HiG_14"	821	"NOS1AP"	348	"HiG"
"HiG_14"	50	"CDC42BPB"	657.5	"HiG"
"HiG_14"	0	"PCDH11Y"	977	"HiG"
"HiG_14"	202	"SDCCAG8"	512	"HiG"
"HiG_14"	664	"CEP170"	387	"HiG"
"HiG_14"	46	"RGS7"	669	"HiG"
"HiG_14"	6872	"RYR2"	53	"HiG"
"HiG_14"	0	"SIPA1L2"	977	"HiG"
"HiG_14"	16	"CDC42BPA"	756.5	"HiG"
"HiG_14"	3119	"AFDN"	115	"HiG"
"HiG_14"	399	"H3-3A"	451	"HiG"
"HiG_14"	36	"ENAH"	693.5	"HiG"
"HiG_14"	3232	"PRKN"	111	"HiG"
"HiG_14"	68	"RPS6KC1"	633.5	"HiG"
"HiG_14"	654	"PLXNA2"	390	"HiG"
"HiG_14"	84	"TMEM181"	613	"HiG"
"HiG_14"	1261	"TULP4"	236	"HiG"
"HiG_14"	23	"NAV1"	727.5	"HiG"
"HiG_14"	4031	"BRINP3"	91	"HiG"
"HiG_14"	2148	"UTRN"	158	"HiG"
"HiG_14"	0	"RALGPS2"	977	"HiG"
"HiG_14"	353	"RASAL2"	459	"HiG"
"HiG_14"	85	"COP1"	609.5	"HiG"
"HiG_14"	19	"RC3H1"	738.5	"HiG"
"HiG_14"	450	"NME7"	432	"HiG"
"HiG_14"	257	"ARHGEF11"	484	"HiG"
"HiG_14"	576	"LMNA"	408	"HiG"
"HiG_14"	2	"CEP85L"	880	"HiG"
"HiG_14"	0	"CDK19"	977	"HiG"
"HiG_14"	1073	"TACC2"	268	"HiG"
"HiG_14"	230	"SCML4"	498	"HiG"
"HiG_14"	31	"PDSS2"	702.5	"HiG"
"HiG_14"	999	"ASCC3"	297	"HiG"
"HiG_14"	1962	"PDE4DIP"	175	"HiG"
"HiG_14"	261	"RNGTT"	482	"HiG"
"HiG_14"	3129	"ZNF292"	114	"HiG"
"HiG_14"	0	"UBE3D"	977	"HiG"
"HiG_14"	23	"NEURL1"	727.5	"HiG"
"HiG_14"	35	"IRAK1BP1"	695	"HiG"
"HiG_14"	1071	"L1CAM"	270	"HiG"
"HiG_14"	688	"NTNG1"	379	"HiG"
"HiG_14"	1975	"BTRC"	174	"HiG"
"HiG_14"	29	"DPYD"	706.5	"HiG"
"HiG_14"	78	"PTBP2"	625	"HiG"
"HiG_14"	671	"HFM1"	384	"HiG"
"HiG_14"	0	"PKN2"	977	"HiG"
"HiG_14"	271	"ADGRB3"	480	"HiG"
"HiG_14"	9190	"EYS"	40	"HiG"
"HiG_14"	6977	"PRKACB"	52	"HiG"
"HiG_14"	473	"SLC44A5"	425	"HiG"
"HiG_14"	1248	"IGSF1"	240	"HiG"
"HiG_14"	841	"SRSF11"	343	"HiG"
"HiG_14"	1	"PHACTR3"	900.5	"HiG"
"HiG_14"	4607	"SGIP1"	74	"HiG"
"HiG_14"	256	"DNAJC6"	485	"HiG"
"HiG_14"	2794	"GNAS"	125	"HiG"
"HiG_14"	24	"SORBS1"	722	"HiG"
"HiG_14"	0	"SSBP3"	977	"HiG"
"HiG_14"	17428	"CACNA1B"	14	"HiG"
"HiG_14"	2637	"TSHZ2"	130	"HiG"
"HiG_14"	0	"KCNB1"	977	"HiG"
"HiG_14"	1110	"AGBL4"	256	"HiG"
"HiG_14"	41	"NRG3"	678	"HiG"
"HiG_14"	24	"RBM41"	722	"HiG"
"HiG_14"	15	"FOXJ3"	763.5	"HiG"
"HiG_14"	0	"IL1RAPL2"	977	"HiG"
"HiG_14"	277	"HIVEP3"	479	"HiG"
"HiG_14"	11	"UBR2"	784.5	"HiG"
"HiG_14"	121	"DNM1"	569	"HiG"
"HiG_14"	1457	"SYTL4"	213	"HiG"
"HiG_14"	428	"SRPX2"	438.5	"HiG"
"HiG_14"	4	"HDX"	846	"HiG"
"HiG_14"	412	"AGO3"	445	"HiG"
"HiG_14"	1078	"CHD6"	266	"HiG"
"HiG_14"	1018	"STXBP1"	293	"HiG"
"HiG_14"	2869	"ATRX"	120	"HiG"
"HiG_14"	934	"CSMD2"	317	"HiG"
"HiG_14"	8	"UPRT"	807.5	"HiG"
"HiG_14"	0	"GARNL3"	977	"HiG"
"HiG_14"	0	"MARCKSL1"	977	"HiG"
"HiG_14"	187	"DENND1A"	518	"HiG"
"HiG_14"	38	"TET1"	687	"HiG"
"HiG_14"	131	"RABGAP1"	557	"HiG"
"HiG_14"	0	"DLGAP4"	977	"HiG"
"HiG_14"	4237	"PCDH15"	85	"HiG"
"HiG_14"	2112	"LPAR1"	162	"HiG"
"HiG_14"	862	"BMPR2"	336	"HiG"
"HiG_14"	935	"ZC4H2"	316	"HiG"
"HiG_14"	188	"PLPPR1"	516.5	"HiG"
"HiG_14"	127	"FAAH2"	564.5	"HiG"
"HiG_14"	1304	"SIK3"	229.5	"HiG"
"HiG_14"	238	"AOPEP"	495	"HiG"
"HiG_14"	0	"CENPP"	977	"HiG"
"HiG_14"	609	"ASXL1"	401	"HiG"
"HiG_14"	1349	"FAM155A"	225	"HiG"
"HiG_14"	1032	"KAZN"	290	"HiG"
"HiG_14"	42829	"DLG2"	6	"HiG"
"HiG_14"	0	"FGF14"	977	"HiG"
"HiG_14"	189	"ITGBL1"	515	"HiG"
"HiG_14"	203	"PCCA"	510	"HiG"
"HiG_14"	3	"GPR158"	861	"HiG"
"HiG_14"	310	"STXBP4"	467	"HiG"
"HiG_14"	113	"TLE4"	582	"HiG"
"HiG_14"	8	"UGGT2"	807.5	"HiG"
"HiG_14"	2422	"NSUN6"	138	"HiG"
"HiG_14"	2364	"HECTD4"	144	"HiG"
"HiG_14"	1304	"KLF12"	229.5	"HiG"
"HiG_14"	10089	"DPP6"	34	"HiG"
"HiG_14"	0	"RTN3"	977	"HiG"
"HiG_14"	2	"RSU1"	880	"HiG"
"HiG_14"	5	"EXT1"	833	"HiG"
"HiG_14"	8	"PAK5"	807.5	"HiG"
"HiG_14"	57	"PLCB4"	645	"HiG"
"HiG_14"	72	"ZFC3H1"	629	"HiG"
"HiG_14"	1052	"CHGB"	277.5	"HiG"
"HiG_14"	285	"NRCAM"	474	"HiG"
"HiG_14"	1874	"GATA3"	181	"HiG"
"HiG_14"	48	"ELF2"	663.5	"HiG"
"HiG_14"	3205	"LINGO2"	112	"HiG"
"HiG_14"	20	"TRIM5"	733.5	"HiG"
"HiG_14"	0	"FOCAD"	977	"HiG"
"HiG_14"	2167	"MLLT3"	155	"HiG"
"HiG_14"	36	"LHFPL2"	693.5	"HiG"
"HiG_14"	16	"KATNAL1"	756.5	"HiG"
"HiG_14"	0	"EBF4"	977	"HiG"
"HiG_14"	15	"PSIP1"	763.5	"HiG"
"HiG_14"	2224	"NFIB"	152	"HiG"
"HiG_14"	0	"PAN3"	977	"HiG"
"HiG_14"	250	"NLGN4X"	488.5	"HiG"
"HiG_14"	92	"EXOC1"	603	"HiG"
"HiG_14"	0	"KDM4C"	977	"HiG"
"HiG_14"	799	"ITSN1"	353	"HiG"
"HiG_14"	25688	"ITPR2"	10	"HiG"
"HiG_14"	2358	"CDK8"	145	"HiG"
"HiG_14"	0	"ATP8A1"	977	"HiG"
"HiG_14"	51	"RFX3"	653.5	"HiG"
"HiG_14"	0	"TNFRSF19"	977	"HiG"
"HiG_14"	627	"MICU2"	397	"HiG"
"HiG_14"	897	"NSD2"	324	"HiG"
"HiG_14"	119	"CTIF"	572	"HiG"
"HiG_14"	24	"STAG1"	722	"HiG"
"HiG_14"	4	"CADPS"	846	"HiG"
"HiG_14"	0	"RBMS3"	977	"HiG"
"HiG_14"	221	"SRGAP3"	503	"HiG"
"HiG_14"	1744	"ALK"	187	"HiG"
"HiG_14"	88	"TRAPPC9"	606	"HiG"
"HiG_14"	827	"DNAH6"	347	"HiG"
"HiG_14"	15896	"PTPRN2"	16	"HiG"
"HiG_14"	0	"PTMS"	977	"HiG"
"HiG_14"	784	"EP400"	359	"HiG"
"HiG_14"	0	"FAXC"	977	"HiG"
"HiG_14"	0	"RFLNA"	977	"HiG"
"HiG_14"	10	"RNF216"	791.5	"HiG"
"HiG_14"	15	"PPP1R12B"	763.5	"HiG"
"HiG_14"	0	"LRRFIP1"	977	"HiG"
"HiG_14"	428	"XRCC5"	438.5	"HiG"
"HiG_14"	0	"FAM117B"	977	"HiG"
"HiG_14"	60	"MFSD6"	640.5	"HiG"
"HiG_14"	10	"CCDC57"	791.5	"HiG"
"HiG_14"	345	"STX2"	461	"HiG"
"HiG_14"	136	"ASH1L"	552.5	"HiG"
"HiG_14"	2	"NCOA7"	880	"HiG"
"HiG_14"	1990	"WASF1"	173	"HiG"
"HiG_14"	0	"KLHL23"	977	"HiG"
"HiG_14"	1063	"CERS6"	274	"HiG"
"HiG_14"	0	"CDON"	977	"HiG"
"HiG_14"	4400	"CEP112"	77	"HiG"
"HiG_14"	528	"SCN3B"	411.5	"HiG"
"HiG_14"	10	"BAZ2B"	791.5	"HiG"
"HiG_14"	396	"RIC8B"	452	"HiG"
"HiG_14"	0	"EVL"	977	"HiG"
"HiG_14"	54	"VTI1A"	649.5	"HiG"
"HiG_14"	1072	"LUC7L3"	269	"HiG"
"HiG_14"	0	"TMCC1"	977	"HiG"
"HiG_14"	10	"LONRF2"	791.5	"HiG"
"HiG_14"	621	"HYDIN"	399	"HiG"
"HiG_14"	2203	"MON2"	153	"HiG"
"HiG_14"	370	"SRPK2"	457	"HiG"
"HiG_14"	1	"IGSF11"	900.5	"HiG"
"HiG_14"	696	"GAP43"	378	"HiG"
"HiG_14"	684	"SENP7"	382	"HiG"
"HiG_14"	0	"NDRG4"	977	"HiG"
"HiG_14"	1469	"PPP2R2B"	210	"HiG"
"HiG_14"	1578	"ACTN1"	196	"HiG"
"HiG_14"	1	"TBCK"	900.5	"HiG"
"HiG_14"	2759	"PPP3CA"	127	"HiG"
"HiG_14"	2	"ZBTB46"	880	"HiG"
"HiG_14"	12316	"MAPK8"	26	"HiG"
"HiG_14"	25	"NREP"	717	"HiG"
"HiG_14"	1302	"CAMK2B"	231	"HiG"
"HiG_14"	118	"TNRC6A"	575.5	"HiG"
"HiG_14"	2	"COA1"	880	"HiG"
"HiG_14"	7	"HECW1"	815	"HiG"
"HiG_14"	631	"NCALD"	396	"HiG"
"HiG_14"	46	"NAV2"	669	"HiG"
"HiG_14"	51	"FAF1"	653.5	"HiG"
"HiG_14"	19	"PDXDC1"	738.5	"HiG"
"HiG_14"	11	"PKIA"	784.5	"HiG"
"HiG_14"	76	"ARHGAP21"	626.5	"HiG"
"HiG_14"	0	"SLC29A4"	977	"HiG"
"HiG_14"	1379	"RAPGEF4"	222	"HiG"
"HiG_14"	503	"JPH4"	418	"HiG"
"HiG_14"	61	"DYNC1I2"	638.5	"HiG"
"HiG_14"	60	"ZNF208"	640.5	"HiG"
"HiG_14"	23	"AGAP3"	727.5	"HiG"
"HiG_14"	1032	"CCDC40"	290	"HiG"
"HiG_14"	154	"BICDL1"	541	"HiG"
"HiG_14"	84	"PRMT2"	613	"HiG"
"HiG_14"	1048	"ARHGEF12"	279	"HiG"
"HiG_14"	4	"PUM3"	846	"HiG"
"HiG_14"	1666	"TTC28"	193	"HiG"
"HiG_14"	4085	"BCL2"	90	"HiG"
"HiG_14"	247	"TBC1D32"	491	"HiG"
"HiG_14"	165	"NSF"	530	"HiG"
"HiG_14"	280	"PLPP4"	476.5	"HiG"
"HiG_14"	2119	"TCF4"	161	"HiG"
"HiG_14"	871	"USP34"	332	"HiG"
"HiG_14"	4	"AEBP2"	846	"HiG"
"HiG_14"	167	"TTC3"	529	"HiG"
"HiG_14"	944	"JMJD1C"	314	"HiG"
"HiG_14"	25	"RADIL"	717	"HiG"
"HiG_14"	571	"KDM5A"	409	"HiG"
"HiG_14"	858	"ROCK1"	339.5	"HiG"
"HiG_14"	426	"BACH1"	440	"HiG"
"HiG_14"	0	"KIAA2026"	977	"HiG"
"HiG_14"	18	"ARGLU1"	745	"HiG"
"HiG_14"	0	"TPTEP2-CSNK1E"	977	"HiG"
"HiG_14"	952	"PCBP3"	311	"HiG"
"HiG_14"	4293	"NEDD4L"	84	"HiG"
"HiG_14"	19	"SGSM1"	738.5	"HiG"
"HiG_14"	27	"EIF4G3"	709.5	"HiG"
"HiG_14"	39	"NBEA"	684	"HiG"
"HiG_14"	45243	"DSCAM"	4	"HiG"
"HiG_14"	1169	"NCAM2"	245.5	"HiG"
"HiG_14"	1383	"POU6F2"	221	"HiG"
"HiG_14"	0	"DTNB"	977	"HiG"
"HiG_14"	34	"RBM33"	696.5	"HiG"
"HiG_14"	39	"SCFD2"	684	"HiG"
"HiG_14"	0	"CADM2"	977	"HiG"
"HiG_14"	1295	"WDR60"	232	"HiG"
"HiG_14"	11277	"NPY"	30	"HiG"
"HiG_14"	0	"STEAP1B"	977	"HiG"
"HiG_14"	8071	"NXPH1"	44	"HiG"
"HiG_14"	3586	"CTNNA2"	104	"HiG"
"HiG_14"	0	"VSNL1"	977	"HiG"
"HiG_14"	138	"SLC8A1"	551	"HiG"
"HiG_14"	3	"PCNX4"	861	"HiG"
"HiG_14"	1177	"FBXO11"	243	"HiG"
"HiG_14"	1410	"XPO1"	218	"HiG"
"HiG_14"	577	"IMMP2L"	407	"HiG"
"HiG_14"	217	"KIF2A"	504	"HiG"
"HiG_14"	143	"TMEM196"	546.5	"HiG"
"HiG_14"	54503	"NRXN1"	2	"HiG"
"HiG_14"	1043	"UNC5D"	281	"HiG"
"HiG_14"	976	"R3HDM2"	303	"HiG"
"HiG_14"	4	"CEP162"	846	"HiG"
"HiG_14"	82	"NCOA1"	618	"HiG"
"HiG_14"	7	"MAGI1"	815	"HiG"
"HiG_14"	48	"HIPK2"	663.5	"HiG"
"HiG_14"	50	"PRKAR1B"	657.5	"HiG"
"HiG_14"	1	"PHF14"	900.5	"HiG"
"HiG_14"	39	"PLEKHB2"	684	"HiG"
"HiG_14"	997	"SDK1"	298	"HiG"
"HiG_14"	6542	"MBD5"	56	"HiG"
"HiG_14"	12	"CPE"	780	"HiG"
"HiG_14"	0	"OR3A2"	977	"HiG"
"HiG_14"	0	"MCC"	977	"HiG"
"HiG_14"	1737	"SCN9A"	188	"HiG"
"HiG_14"	448	"ZNF638"	433	"HiG"
"HiG_14"	0	"HOXD3"	977	"HiG"
"HiG_14"	7191	"PBRM1"	49	"HiG"
"HiG_14"	18	"FCHSD2"	745	"HiG"
"HiG_14"	0	"CHN1"	977	"HiG"
"HiG_14"	37	"AFF3"	690.5	"HiG"
"HiG_14"	48	"TET3"	663.5	"HiG"
"HiG_14"	0	"CAPS2"	977	"HiG"
"HiG_14"	1	"R3HDM1"	900.5	"HiG"
"HiG_14"	793	"PLD3"	356	"HiG"
"HiG_14"	43	"CLEC16A"	672.5	"HiG"
"HiG_14"	246	"LRRTM4"	492	"HiG"
"HiG_14"	600	"SPIRE1"	403.5	"HiG"
"HiG_14"	1498	"KANSL1"	206	"HiG"
"HiG_14"	1029	"SLC18A1"	292	"HiG"
"HiG_14"	18	"TANC2"	745	"HiG"
"HiG_14"	1455	"CREB1"	214	"HiG"
"HiG_14"	2	"RNF24"	880	"HiG"
"HiG_14"	113	"CPLANE1"	582	"HiG"
"HiG_14"	89	"CYTH1"	604.5	"HiG"
"HiG_14"	1085	"CHCHD3"	261.5	"HiG"
"HiG_14"	2820	"CTNNA3"	123	"HiG"
"HiG_14"	0	"CASTOR3"	977	"HiG"
"HiG_14"	2675	"PRKD1"	129	"HiG"
"HiG_14"	17	"ATCAY"	750.5	"HiG"
"HiG_14"	666	"UNC80"	386	"HiG"
"HiG_14"	12110	"RBFOX1"	27	"HiG"
"HiG_14"	0	"ZNF780B"	977	"HiG"
"HiG_14"	2528	"CHD7"	133	"HiG"
"HiG_14"	0	"PSMG4"	977	"HiG"
"HiG_14"	99	"KIF5C"	594.5	"HiG"
"HiG_14"	64	"SESN1"	636	"HiG"
"HiG_14"	0	"DIXDC1"	977	"HiG"
"HiG_14"	72	"FAM185A"	629	"HiG"
"HiG_14"	132	"NSD1"	555	"HiG"
"HiG_14"	101	"FGF13"	592	"HiG"
"HiG_14"	203	"CHD9"	510	"HiG"
"HiG_14"	1067	"GRIK2"	271	"HiG"
"HiG_14"	774	"LRRN3"	362	"HiG"
"HiG_14"	29	"GTF2IRD1"	706.5	"HiG"
"HiG_14"	402	"PLEKHA8"	448.5	"HiG"
"HiG_14"	84	"ATP9B"	613	"HiG"
"HiG_14"	23347	"SOX5"	11	"HiG"
"HiG_14"	1169	"PHF21A"	245.5	"HiG"
"HiG_14"	1540	"TNIK"	203	"HiG"
"HiG_14"	916	"CHRM2"	321	"HiG"
"HiG_14"	1516	"SNAP91"	205	"HiG"
"HiG_14"	19	"SLAIN1"	738.5	"HiG"
"HiG_14"	0	"HECTD2"	977	"HiG"
"HiG_14"	120	"VPS53"	570	"HiG"
"HiG_14"	895	"BMPR1B"	325	"HiG"
"HiG_14"	859	"TNRC6B"	338	"HiG"
"HiG_14"	743	"RUNX1T1"	368	"HiG"
"HiG_14"	624	"COPG2"	398	"HiG"
"HiG_14"	5453	"CLSTN2"	64	"HiG"
"HiG_14"	279	"PLCL1"	478	"HiG"
"HiG_14"	0	"PHTF2"	977	"HiG"
"HiG_14"	2	"FRMD5"	880	"HiG"
"HiG_14"	203	"ANKRD36C"	510	"HiG"
"HiG_14"	11156	"TENM1"	32	"HiG"
"HiG_14"	3371	"ICA1"	107	"HiG"
"HiG_14"	2	"PLEKHA5"	880	"HiG"
"HiG_14"	46	"PPP1R9A"	669	"HiG"
"HiG_14"	2047	"PBX1"	167	"HiG"
"HiG_14"	9759	"UNC5C"	35	"HiG"
"HiG_14"	1808	"THSD7A"	184	"HiG"
"HiG_14"	0	"CHRNA7"	977	"HiG"
"HiG_14"	963	"HDAC9"	305.5	"HiG"
"HiG_14"	7278	"PRKCA"	48	"HiG"
"HiG_14"	416	"KIF5A"	444	"HiG"
"HiG_14"	0	"C2CD6"	977	"HiG"
"HiG_14"	156	"VEZT"	537.5	"HiG"
"HiG_14"	1032	"STMN1"	290	"HiG"
"HiG_14"	17	"SIMC1"	750.5	"HiG"
"HiG_14"	1085	"CELF4"	261.5	"HiG"
"HiG_14"	7590	"DOCK4"	47	"HiG"
"HiG_14"	1034	"ATXN7L1"	288	"HiG"
"HiG_14"	4	"FAM135A"	846	"HiG"
"HiG_14"	2633	"TMEM132C"	131	"HiG"
"HiG_14"	9	"ARHGAP22"	799.5	"HiG"
"HiG_14"	7	"OSBPL9"	815	"HiG"
"HiG_14"	1082	"FREM1"	263.5	"HiG"
"HiG_14"	1167	"RBFOX2"	247	"HiG"
"HiG_14"	736	"SCAF8"	371.5	"HiG"
"HiG_14"	81	"TMEM130"	619.5	"HiG"
"HiG_14"	79	"KIAA1324L"	623	"HiG"
"HiG_14"	3	"FGF12"	861	"HiG"
"HiG_14"	0	"HID1"	977	"HiG"
"HiG_14"	4	"FNBP1"	846	"HiG"
"HiG_14"	42	"PRPSAP1"	675	"HiG"
"HiG_14"	3745	"SLC30A8"	95	"HiG"
"HiG_14"	0	"SESTD1"	977	"HiG"
"HiG_14"	16	"MICAL3"	756.5	"HiG"
"HiG_14"	2371	"KIAA1549"	143	"HiG"
"HiG_14"	0	"NELL2"	977	"HiG"
"HiG_14"	541	"XKR6"	410	"HiG"
"HiG_14"	191	"GALNT11"	514	"HiG"
"HiG_14"	1134	"ROBO2"	252	"HiG"
"HiG_14"	0	"FSD1L"	977	"HiG"
"HiG_14"	0	"ST6GALNAC5"	977	"HiG"
"HiG_14"	1959	"GPHN"	176	"HiG"
"HiG_14"	2838	"EHMT1"	121	"HiG"
"HiG_14"	956	"FHIT"	309	"HiG"
"HiG_14"	37	"UBN2"	690.5	"HiG"
"HiG_14"	0	"BTBD9"	977	"HiG"
"HiG_14"	437	"FTO"	437	"HiG"
"HiG_14"	4713	"BRCA1"	72	"HiG"
"HiG_14"	14	"LSAMP"	771	"HiG"
"HiG_14"	5657	"BRAF"	63	"HiG"
"HiG_14"	7735	"CACNA2D3"	45	"HiG"
"HiG_14"	102	"ZBTB20"	591	"HiG"
"HiG_14"	308	"SMYD3"	468	"HiG"
"HiG_14"	206	"TCAF1"	508	"HiG"
"HiG_14"	148	"PRKRIP1"	543.5	"HiG"
"HiG_14"	95	"TRPC1"	598	"HiG"
"HiG_14"	906	"DENND2A"	323	"HiG"
"HiG_14"	5	"IQCJ-SCHIP1"	833	"HiG"
"HiG_14"	2687	"ROBO1"	128	"HiG"
"HiG_14"	148	"MAML3"	543.5	"HiG"
"HiG_14"	0	"ATP2C1"	977	"HiG"
"HiG_14"	425	"RPS6KA2"	441	"HiG"
"HiG_14"	26664	"ADGRL3"	9	"HiG"
"HiG_14"	141	"GALNTL6"	549.5	"HiG"
"HiG_14"	1521	"FBXL7"	204	"HiG"
"HiG_14"	9539	"TENM3"	37	"HiG"
"HiG_14"	9	"TUSC3"	799.5	"HiG"
"HiG_14"	26	"NEK1"	713.5	"HiG"
"HiG_14"	0	"CCSER1"	977	"HiG"
"HiG_14"	0	"ABLIM3"	977	"HiG"
"HiG_14"	142	"RNF150"	548	"HiG"
"HiG_14"	5	"ZBTB38"	833	"HiG"
"HiG_14"	0	"KCTD16"	977	"HiG"
"HiG_14"	4	"ZFYVE16"	846	"HiG"
"HiG_14"	1333	"RIMS2"	226	"HiG"
"HiG_14"	10	"TENM2"	791.5	"HiG"
"HiG_14"	2	"RANBP17"	880	"HiG"
"HiG_14"	4798	"DPYSL2"	71	"HiG"
"HiG_14"	6180	"PIK3R1"	58	"HiG"
"HiG_14"	395	"CLVS1"	453	"HiG"
"HiG_14"	4424	"RIMS1"	76	"HiG"
"HiG_14"	15266	"GRIA1"	17	"HiG"
"HiG_14"	1364	"STMN2"	224	"HiG"
"HiG_14"	465	"ASAP1"	428	"HiG"
"HiG_14"	520	"RNF130"	414	"HiG"
"HiG_14"	5136	"KCNB2"	67	"HiG"
"HiG_14"	6	"ZNF345"	823	"HiG"
"HiG_14"	1046	"POU2F2"	280	"HiG"
"HiG_14"	69	"MUC15"	632	"HiG"
"HiG_14"	516	"RGS5"	415	"HiG"
"HiG_14"	524	"EMSY"	413	"HiG"
"HiG_14"	740	"MAML2"	369	"HiG"
"HiG_14"	83	"CDC27"	616.5	"HiG"
"HiG_14"	15	"TEAD1"	763.5	"HiG"
"HiG_14"	19	"TIAM2"	738.5	"HiG"
"HiG_14"	14	"FBXL17"	771	"HiG"
"HiG_14"	732	"IQSEC3"	374	"HiG"
"HiG_14"	55	"SFSWAP"	648	"HiG"
"HiG_14"	49	"CCDC91"	661	"HiG"
"HiG_14"	639	"KIF1A"	395	"HiG"
"HiG_14"	182	"NOVA1"	521	"HiG"
"HiG_14"	2506	"TUBA1A"	135	"HiG"
"HiG_14"	1	"CRADD"	900.5	"HiG"
"HiG_14"	0	"TRERF1"	977	"HiG"
"HiG_14"	2400	"ZMYND8"	139	"HiG"
"HiG_14"	113	"FAM120B"	582	"HiG"
"HiG_14"	0	"ZNF124"	977	"HiG"
"HiG_14"	0	"MCF2L"	977	"HiG"
"HiG_14"	2012	"ATF7IP"	172	"HiG"
"HiG_14"	5	"KIAA1958"	833	"HiG"
"HiG_14"	6	"PLD5"	823	"HiG"
"HiG_14"	1	"LNPK"	900.5	"HiG"
"HiG_14"	21	"FNDC3A"	731.5	"HiG"
"HiG_14"	128	"ARHGEF28"	561.5	"HiG"
"HiG_14"	57	"SESN3"	645	"HiG"
"HiG_14"	3937	"TMTC1"	92	"HiG"
"HiG_14"	7135	"UTY"	50	"HiG"
"HiG_14"	0	"ACVR1B"	977	"HiG"
"HiG_14"	9	"APC2"	799.5	"HiG"
"HiG_14"	6	"C2CD5"	823	"HiG"
"HiG_14"	17	"ADK"	750.5	"HiG"
"HiG_14"	293	"MYCBP2"	471	"HiG"
"HiG_14"	34	"SSH2"	696.5	"HiG"
"HiG_14"	0	"DENND5B"	977	"HiG"
"HiG_14"	0	"FRY"	977	"HiG"
"HiG_14"	981	"CNOT4"	301	"HiG"
"HiG_14"	14	"SLC39A11"	771	"HiG"
"HiG_14"	1135	"CMIP"	251	"HiG"
"HiG_14"	3725	"ATXN2"	97.5	"HiG"
"HiG_14"	1065	"APPL2"	272.5	"HiG"
"HiG_14"	818	"CNTN1"	349	"HiG"
"HiG_14"	5740	"CEP290"	62	"HiG"
"HiG_14"	76	"POTEM"	626.5	"HiG"
"HiG_14"	8	"PRPF40B"	807.5	"HiG"
"HiG_14"	2	"SPATS2"	880	"HiG"
"HiG_14"	4210	"DNM1L"	87	"HiG"
"HiG_14"	3353	"SMARCC2"	108	"HiG"
"HiG_14"	885	"ANKS1B"	327	"HiG"
"HiG_14"	0	"SLC38A1"	977	"HiG"
"HiG_14"	184	"PPFIA2"	519	"HiG"
"HiG_14"	173	"STON2"	524.5	"HiG"
"HiG_14"	2	"EML5"	880	"HiG"
"HiG_14"	0	"SLC35F4"	977	"HiG"
"HiG_14"	0	"MEIS3"	977	"HiG"
"HiG_14"	467	"MEIS2"	427	"HiG"
"HiG_14"	963	"ZNF423"	305.5	"HiG"
"HiG_14"	401	"OBSCN"	450	"HiG"
"HiG_14"	100	"SNX29"	593	"HiG"
"HiG_14"	377	"TMEM178B"	456	"HiG"
"HiG_14"	1552	"WWOX"	201	"HiG"
"HiG_14"	4388	"GTF2I"	78	"HiG"
"HiG_14"	681	"CDH8"	383	"HiG"
"HiG_14"	2	"PTPRM"	880	"HiG"
"HiG_14"	155	"PITPNC1"	539.5	"HiG"
"HiG_14"	1	"RNF213"	900.5	"HiG"
"HiG_14"	0	"CYB561"	977	"HiG"
"HiG_14"	13	"LRRC37A3"	776.5	"HiG"
"HiG_14"	2230	"UNK"	150	"HiG"
"HiG_14"	6	"FHOD3"	823	"HiG"
"HiG_14"	19	"PTPRS"	738.5	"HiG"
"HiG_14"	159	"GPATCH8"	535	"HiG"
"HiG_14"	840	"MBTD1"	344	"HiG"
"HiG_14"	1080	"BCAS3"	265	"HiG"
"HiG_14"	5	"ZBTB7C"	833	"HiG"
"HiG_14"	111	"SPTBN4"	584.5	"HiG"
"HiG_14"	10	"DTNA"	791.5	"HiG"
"HiG_14"	736	"MYO9B"	371.5	"HiG"
"HiG_14"	1242	"UBE2E3"	241	"HiG"
"HiG_14"	174	"TAF15"	523	"HiG"
"HiG_14"	336	"KCNJ6"	464	"HiG"
"HiG_14"	3719	"MARCKS"	99	"HiG"
"HiG_14"	41	"VPS13D"	678	"HiG"
"HiG_14"	40	"PPP6R2"	681	"HiG"
"HiG_14"	1041	"CAMK1D"	283	"HiG"
"HiG_14"	68	"CPNE4"	633.5	"HiG"
"HiG_14"	7	"SVOP"	815	"HiG"
"HiG_14"	646	"FMN1"	392	"HiG"
"HiG_14"	5	"JAKMIP2"	833	"HiG"
"HiG_14"	3600	"CLIP1"	103	"HiG"
"HiG_14"	267	"DPF3"	481	"HiG"
"HiG_14"	132	"SYN2"	555	"HiG"
"HiG_14"	35772	"NCAM1"	7	"HiG"
"HiG_14"	1728	"SRRM3"	189	"HiG"
"HiG_14"	734	"SEM1"	373	"HiG"
"HiG_14"	1057	"MGAT4C"	276	"HiG"
"HiG_14"	1392	"ANKRD36B"	220	"HiG"
"HiG_14"	4	"RSRC1"	846	"HiG"
"HiG_14"	882	"MAP7"	328	"HiG"
"HiG_14"	1	"TYW1B"	900.5	"HiG"
"HiG_14"	0	"RAB11FIP4"	977	"HiG"
"HiG_14"	4	"DOC2B"	846	"HiG"
"HiG_14"	84	"ALMS1"	613	"HiG"
"HiG_14"	0	"ACACA"	977	"HiG"
"HiG_14"	27	"MARK1"	709.5	"HiG"
"HiG_14"	3	"NOL4L"	861	"HiG"
"HiG_14"	812	"PRIM2"	350	"HiG"
"HiG_14"	3	"TPTE"	861	"HiG"
"HiG_14"	0	"SRCIN1"	977	"HiG"
"HiG_14"	83	"CASTOR2"	616.5	"HiG"
"HiG_14"	327	"CDH4"	466	"HiG"
"HiG_14"	0	"ZNF518A"	977	"HiG"
"HiG_14"	0	"SYT14"	977	"HiG"
"HiG_14"	30	"FARP1"	704.5	"HiG"
"HiG_14"	652	"EXOC6B"	391	"HiG"
"HiG_14"	0	"UMAD1"	977	"HiG"
"HiG_14"	1541	"DLGAP2"	202	"HiG"
"HiG_14"	2306	"SCN2A"	146	"HiG"
"HiG_14"	103	"RALGAPA1"	590	"HiG"
"HiG_14"	2440	"ARID1B"	137	"HiG"
"HiG_14"	212	"CCDC200"	505	"HiG"
"HiG_14"	1472	"DCX"	209	"HiG"
"HiG_14"	0	"C14orf132"	977	"HiG"
"HiG_14"	410	"NYAP2"	447	"HiG"
"HiG_14"	26	"PRICKLE2"	713.5	"HiG"
"HiG_14"	24	"MICU1"	722	"HiG"
"HiG_14"	9675	"ZFHX3"	36	"HiG"
"HiG_14"	839	"DOCK10"	345	"HiG"
"HiG_14"	0	"DSE"	977	"HiG"
"HiG_14"	1395	"CASK"	219	"HiG"
"HiG_14"	16	"NMNAT3"	756.5	"HiG"
"HiG_14"	283	"SCN7A"	475	"HiG"
"HiG_14"	1567	"BCL11A"	197	"HiG"
"HiG_14"	116	"SGCE"	580	"HiG"
"HiG_14"	2488	"SEMA3E"	136	"HiG"
"HiG_14"	4502	"PNISR"	75	"HiG"
"HiG_14"	0	"CCBE1"	977	"HiG"
"HiG_14"	11003	"GNAI1"	33	"HiG"
"HiG_14"	243	"SETBP1"	493	"HiG"
"HiG_14"	1563	"MYT1L"	198	"HiG"
"HiG_14"	2	"LMBRD1"	880	"HiG"
"HiG_14"	0	"CCDC144NL"	977	"HiG"
"HiG_14"	0	"AC000120.4"	977	"HiG"
"HiG_14"	2	"AC008770.4"	880	"HiG"
"HiG_14"	122	"ANKRD36"	568	"HiG"
"HiG_14"	0	"MYT1"	977	"HiG"
"HiG_14"	908	"ZFHX4"	322	"HiG"
"HiG_14"	127	"BICD1"	564.5	"HiG"
"HiG_14"	0	"FBXW8"	977	"HiG"
"HiG_14"	7726	"CALM1"	46	"HiG"
"HiG_14"	40	"JAK1"	681	"HiG"
"HiG_14"	655	"AKT3"	389	"HiG"
"HiG_14"	0	"MFSD4B"	977	"HiG"
"HiG_14"	1680	"SNCA"	192	"HiG"
"HiG_16"	0	"PDK4"	500	"HiG"
"HiG_16"	1288	"BAIAP2L1"	90	"HiG"
"HiG_16"	4633	"KCNQ1"	19	"HiG"
"HiG_16"	0	"KDM4B"	500	"HiG"
"HiG_16"	4595	"TNS1"	20	"HiG"
"HiG_16"	0	"LAPTM4A"	500	"HiG"
"HiG_16"	1494	"SIRT1"	75	"HiG"
"HiG_16"	656	"TGFBR3"	148	"HiG"
"HiG_16"	1624	"MYH9"	69	"HiG"
"HiG_16"	1399	"NFKBIA"	84	"HiG"
"HiG_16"	0	"MACROD2"	500	"HiG"
"HiG_16"	0	"TLE5"	500	"HiG"
"HiG_16"	56	"RPL18A"	312	"HiG"
"HiG_16"	600	"NAMPT"	157	"HiG"
"HiG_16"	6	"HBP1"	397.5	"HiG"
"HiG_16"	0	"DNAJC12"	500	"HiG"
"HiG_16"	0	"YBX3"	500	"HiG"
"HiG_16"	190	"SLC25A3"	261	"HiG"
"HiG_16"	660	"RPS12"	146	"HiG"
"HiG_16"	298	"SPARC"	230	"HiG"
"HiG_16"	18	"DAZAP1"	356	"HiG"
"HiG_16"	269	"RMDN2"	239	"HiG"
"HiG_16"	0	"C1orf21"	500	"HiG"
"HiG_16"	1	"RGS2"	438.5	"HiG"
"HiG_16"	82	"SLC19A2"	298.5	"HiG"
"HiG_16"	221	"SOGA1"	253	"HiG"
"HiG_16"	0	"ELL2"	500	"HiG"
"HiG_16"	553	"FLVCR2"	167	"HiG"
"HiG_16"	3888	"DUSP1"	28	"HiG"
"HiG_16"	0	"ZNF141"	500	"HiG"
"HiG_16"	11	"KALRN"	375.5	"HiG"
"HiG_16"	77	"RAB38"	303	"HiG"
"HiG_16"	673	"MT2A"	144.5	"HiG"
"HiG_16"	3065	"APOE"	39	"HiG"
"HiG_16"	1467	"ACTN4"	76	"HiG"
"HiG_16"	496	"JUND"	182	"HiG"
"HiG_16"	20	"ZNF331"	350	"HiG"
"HiG_16"	379	"ACSS2"	212	"HiG"
"HiG_16"	43	"CHSY1"	321.5	"HiG"
"HiG_16"	0	"TUT4"	500	"HiG"
"HiG_16"	183	"SEMA6A"	263	"HiG"
"HiG_16"	1118	"TBX3"	97	"HiG"
"HiG_16"	0	"PNPLA8"	500	"HiG"
"HiG_16"	1	"BACH2"	438.5	"HiG"
"HiG_16"	0	"GNS"	500	"HiG"
"HiG_16"	370	"ALPK3"	215	"HiG"
"HiG_16"	160	"RPL35"	265	"HiG"
"HiG_16"	1	"CCN3"	438.5	"HiG"
"HiG_16"	492	"SLCO5A1"	183.5	"HiG"
"HiG_16"	12584	"FDX1"	4	"HiG"
"HiG_16"	0	"RAB21"	500	"HiG"
"HiG_16"	41	"PEBP1"	324.5	"HiG"
"HiG_16"	1466	"XYLT1"	77	"HiG"
"HiG_16"	1	"MSMO1"	438.5	"HiG"
"HiG_16"	3053	"RORA"	40	"HiG"
"HiG_16"	32642	"SCARB1"	1	"HiG"
"HiG_16"	373	"CSNK1A1"	213	"HiG"
"HiG_16"	1865	"SMAD2"	58	"HiG"
"HiG_16"	215	"SLC27A6"	254	"HiG"
"HiG_16"	1613	"RPL8"	70.5	"HiG"
"HiG_16"	0	"PHLPP1"	500	"HiG"
"HiG_16"	15	"PACSIN2"	364.5	"HiG"
"HiG_16"	0	"RASGEF1B"	500	"HiG"
"HiG_16"	1153	"STAT3"	96	"HiG"
"HiG_16"	746	"FOSL2"	133	"HiG"
"HiG_16"	23	"ITGA9"	342.5	"HiG"
"HiG_16"	543	"VCAN"	172	"HiG"
"HiG_16"	1382	"CPEB4"	85	"HiG"
"HiG_16"	0	"ARRDC3"	500	"HiG"
"HiG_16"	539	"AFF4"	176	"HiG"
"HiG_16"	16	"CREM"	360.5	"HiG"
"HiG_16"	0	"SCAP"	500	"HiG"
"HiG_16"	438	"AHI1"	197.5	"HiG"
"HiG_16"	492	"PRKAR2B"	183.5	"HiG"
"HiG_16"	883	"SQLE"	117	"HiG"
"HiG_16"	3	"B4GALNT3"	415.5	"HiG"
"HiG_16"	5	"RAB20"	404	"HiG"
"HiG_16"	5228	"CYP11A1"	15	"HiG"
"HiG_16"	395	"CDH2"	207	"HiG"
"HiG_16"	0	"GAREM1"	500	"HiG"
"HiG_16"	720	"GATA6"	138	"HiG"
"HiG_16"	519	"NPC1"	181	"HiG"
"HiG_16"	149	"SLC47A1"	269.5	"HiG"
"HiG_16"	768	"RPS11"	129.5	"HiG"
"HiG_16"	544	"RHOB"	171	"HiG"
"HiG_16"	575	"RPL37"	162	"HiG"
"HiG_16"	318	"SLC22A3"	223.5	"HiG"
"HiG_16"	10477	"STAR"	5	"HiG"
"HiG_16"	0	"ZNF462"	500	"HiG"
"HiG_16"	2	"GLUD1"	426.5	"HiG"
"HiG_16"	57	"RPS3"	310.5	"HiG"
"HiG_16"	0	"ZC3H12C"	500	"HiG"
"HiG_16"	418	"MYL9"	204	"HiG"
"HiG_16"	0	"TM7SF2"	500	"HiG"
"HiG_16"	554	"PLBD2"	166	"HiG"
"HiG_16"	2189	"DIP2C"	53	"HiG"
"HiG_16"	0	"ANKRD44"	500	"HiG"
"HiG_16"	47	"ZFP36L2"	318.5	"HiG"
"HiG_16"	2479	"GJA1"	46	"HiG"
"HiG_16"	71	"ITGA1"	305	"HiG"
"HiG_16"	5077	"RANBP2"	16	"HiG"
"HiG_16"	0	"JAZF1"	500	"HiG"
"HiG_16"	280	"MSI2"	236	"HiG"
"HiG_16"	5362	"APP"	13	"HiG"
"HiG_16"	232	"ABCC3"	251	"HiG"
"HiG_16"	1400	"AKR1B1"	83	"HiG"
"HiG_16"	3	"DEPTOR"	415.5	"HiG"
"HiG_16"	847	"SLC26A2"	121.5	"HiG"
"HiG_16"	6773	"ATP1B3"	7	"HiG"
"HiG_16"	3650	"HMGCR"	30	"HiG"
"HiG_16"	530	"CACNA1D"	178	"HiG"
"HiG_16"	86	"FMNL2"	294	"HiG"
"HiG_16"	0	"MRAS"	500	"HiG"
"HiG_16"	22	"CACHD1"	345.5	"HiG"
"HiG_16"	960	"CYP11B1"	111	"HiG"
"HiG_16"	452	"RPL29"	192	"HiG"
"HiG_16"	0	"STPG2"	500	"HiG"
"HiG_16"	38	"LRRC58"	328	"HiG"
"HiG_16"	288	"FSTL1"	232	"HiG"
"HiG_16"	16	"ATXN7"	360.5	"HiG"
"HiG_16"	1628	"RBM47"	68	"HiG"
"HiG_16"	422	"RPS23"	201	"HiG"
"HiG_16"	0	"GEM"	500	"HiG"
"HiG_16"	25	"NFIL3"	337.5	"HiG"
"HiG_16"	0	"WDFY2"	500	"HiG"
"HiG_16"	142	"DUSP16"	273.5	"HiG"
"HiG_16"	147	"CYYR1"	271	"HiG"
"HiG_16"	102	"HSP90B1"	289	"HiG"
"HiG_16"	0	"MVD"	500	"HiG"
"HiG_16"	333	"AXL"	220.5	"HiG"
"HiG_16"	486	"ANTXR1"	186	"HiG"
"HiG_16"	1798	"JUNB"	63	"HiG"
"HiG_16"	5252	"INSR"	14	"HiG"
"HiG_16"	3	"PCNX1"	415.5	"HiG"
"HiG_16"	2445	"CTNNA1"	48	"HiG"
"HiG_16"	3982	"IRS1"	27	"HiG"
"HiG_16"	225	"CEBPB"	252	"HiG"
"HiG_16"	540	"HOOK3"	174.5	"HiG"
"HiG_16"	0	"SIK2"	500	"HiG"
"HiG_16"	0	"PAM"	500	"HiG"
"HiG_16"	3162	"ITPR1"	36	"HiG"
"HiG_16"	0	"KCNK3"	500	"HiG"
"HiG_16"	187	"RPL13"	262	"HiG"
"HiG_16"	1522	"EEF2"	74	"HiG"
"HiG_16"	11	"DST"	375.5	"HiG"
"HiG_16"	32	"CYB5B"	332	"HiG"
"HiG_16"	0	"ZBTB21"	500	"HiG"
"HiG_16"	0	"MARCHF3"	500	"HiG"
"HiG_16"	244	"USP48"	250	"HiG"
"HiG_16"	2	"RPL15"	426.5	"HiG"
"HiG_16"	82	"SH3PXD2B"	298.5	"HiG"
"HiG_16"	607	"RPL4"	155	"HiG"
"HiG_16"	1570	"CTBP2"	72	"HiG"
"HiG_16"	552	"SNTG2"	168.5	"HiG"
"HiG_16"	447	"PABPC1"	194	"HiG"
"HiG_16"	9	"CD46"	384.5	"HiG"
"HiG_16"	11	"PER1"	375.5	"HiG"
"HiG_16"	438	"ZHX2"	197.5	"HiG"
"HiG_16"	212	"CLU"	255	"HiG"
"HiG_16"	15	"MOB4"	364.5	"HiG"
"HiG_16"	0	"SCD5"	500	"HiG"
"HiG_16"	873	"DLGAP1"	119	"HiG"
"HiG_16"	4	"PACS1"	408.5	"HiG"
"HiG_16"	7	"P3H2"	392	"HiG"
"HiG_16"	0	"LDLRAD3"	500	"HiG"
"HiG_16"	0	"RPS15A"	500	"HiG"
"HiG_16"	702	"CACNB2"	142	"HiG"
"HiG_16"	524	"CTNNAL1"	180	"HiG"
"HiG_16"	6	"FADS1"	397.5	"HiG"
"HiG_16"	552	"SIAH2"	168.5	"HiG"
"HiG_16"	1410	"HMGCS1"	81	"HiG"
"HiG_16"	432	"MTSS1"	200	"HiG"
"HiG_16"	6	"PSD3"	397.5	"HiG"
"HiG_16"	1243	"PPP2R1A"	94	"HiG"
"HiG_16"	1833	"LARP4B"	59	"HiG"
"HiG_16"	0	"MCF2L2"	500	"HiG"
"HiG_16"	966	"MT1E"	110	"HiG"
"HiG_16"	303	"FOXK1"	228	"HiG"
"HiG_16"	44	"CREB3L2"	320	"HiG"
"HiG_16"	14	"CADM1"	367.5	"HiG"
"HiG_16"	86	"CASP9"	294	"HiG"
"HiG_16"	0	"BSG"	500	"HiG"
"HiG_16"	12	"MC2R"	371	"HiG"
"HiG_16"	1000	"NDEL1"	107	"HiG"
"HiG_16"	53	"CACNA1H"	315.5	"HiG"
"HiG_16"	0	"TESC"	500	"HiG"
"HiG_16"	1916	"FOXK2"	56	"HiG"
"HiG_16"	55	"LUZP2"	313.5	"HiG"
"HiG_16"	20	"EPB41L1"	350	"HiG"
"HiG_16"	5	"PCGF5"	404	"HiG"
"HiG_16"	0	"LIMS1"	500	"HiG"
"HiG_16"	16	"RUNDC3B"	360.5	"HiG"
"HiG_16"	488	"STARD13"	185	"HiG"
"HiG_16"	277	"EZR"	237	"HiG"
"HiG_16"	4051	"EEF1A1"	25	"HiG"
"HiG_16"	382	"ACSL4"	211	"HiG"
"HiG_16"	8044	"HSPD1"	6	"HiG"
"HiG_16"	31	"RBPMS"	333	"HiG"
"HiG_16"	273	"DLK1"	238	"HiG"
"HiG_16"	83	"TRIM24"	297	"HiG"
"HiG_16"	847	"ACACB"	121.5	"HiG"
"HiG_16"	650	"PTK2"	149.5	"HiG"
"HiG_16"	57	"JARID2"	310.5	"HiG"
"HiG_16"	40	"SEPTIN6"	326	"HiG"
"HiG_16"	0	"PHF10"	500	"HiG"
"HiG_16"	563	"RPS2"	164	"HiG"
"HiG_16"	914	"PLD1"	114	"HiG"
"HiG_16"	14	"USP9Y"	367.5	"HiG"
"HiG_16"	20	"EPB41L3"	350	"HiG"
"HiG_16"	34	"FOXN3"	331	"HiG"
"HiG_16"	88	"BABAM2"	292	"HiG"
"HiG_16"	0	"SDC3"	500	"HiG"
"HiG_16"	295	"NR4A2"	231	"HiG"
"HiG_16"	2	"PTMA"	426.5	"HiG"
"HiG_16"	1012	"INSIG1"	105	"HiG"
"HiG_16"	4	"DNER"	408.5	"HiG"
"HiG_16"	1	"MAP3K15"	438.5	"HiG"
"HiG_16"	729	"ALDH3A2"	135.5	"HiG"
"HiG_16"	2103	"SLC26A3"	54	"HiG"
"HiG_16"	131	"RPS21"	276	"HiG"
"HiG_16"	205	"RPL3"	258	"HiG"
"HiG_16"	257	"RPL27A"	244	"HiG"
"HiG_16"	43	"RPLP1"	321.5	"HiG"
"HiG_16"	586	"MAGI2"	161	"HiG"
"HiG_16"	116	"FILIP1L"	283.5	"HiG"
"HiG_16"	5	"PGAP1"	404	"HiG"
"HiG_16"	0	"LARGE1"	500	"HiG"
"HiG_16"	443	"ATRNL1"	195.5	"HiG"
"HiG_16"	24	"LINGO1"	339.5	"HiG"
"HiG_16"	0	"DNM3"	500	"HiG"
"HiG_16"	1421	"DHCR7"	80	"HiG"
"HiG_16"	11	"ZNF536"	375.5	"HiG"
"HiG_16"	455	"SORBS2"	191	"HiG"
"HiG_16"	16	"NLGN4Y"	360.5	"HiG"
"HiG_16"	768	"UVRAG"	129.5	"HiG"
"HiG_16"	602	"NPAS3"	156	"HiG"
"HiG_16"	0	"EML6"	500	"HiG"
"HiG_16"	0	"FDPS"	500	"HiG"
"HiG_16"	111	"SPTBN1"	285.5	"HiG"
"HiG_16"	2	"GOLGA4"	426.5	"HiG"
"HiG_16"	3406	"IGF2R"	33	"HiG"
"HiG_16"	6	"CILK1"	397.5	"HiG"
"HiG_16"	8	"ADIPOR2"	388	"HiG"
"HiG_16"	159	"REPS2"	266	"HiG"
"HiG_16"	351	"ATP2B4"	217	"HiG"
"HiG_16"	4	"KIAA1671"	408.5	"HiG"
"HiG_16"	7	"VPS13B"	392	"HiG"
"HiG_16"	20	"ANKRD17"	350	"HiG"
"HiG_16"	1678	"MAP3K5"	67	"HiG"
"HiG_16"	0	"LDLRAD4"	500	"HiG"
"HiG_16"	0	"TYW1"	500	"HiG"
"HiG_16"	62	"ZRANB1"	309	"HiG"
"HiG_16"	779	"DDX3Y"	127	"HiG"
"HiG_16"	149	"CUX1"	269.5	"HiG"
"HiG_16"	67	"PLAGL1"	306.5	"HiG"
"HiG_16"	829	"ERC1"	123	"HiG"
"HiG_16"	36	"SREBF2"	329.5	"HiG"
"HiG_16"	1879	"MT-CO1"	57	"HiG"
"HiG_16"	2860	"MT-CYB"	41	"HiG"
"HiG_16"	250	"SMURF1"	247	"HiG"
"HiG_16"	421	"WHRN"	202	"HiG"
"HiG_16"	3449	"MT-ATP6"	32	"HiG"
"HiG_16"	929	"MT-ND1"	113	"HiG"
"HiG_16"	111	"MT-ND4L"	285.5	"HiG"
"HiG_16"	0	"MT-ND5"	500	"HiG"
"HiG_16"	0	"SGMS1"	500	"HiG"
"HiG_16"	761	"MT-CO2"	132	"HiG"
"HiG_16"	905	"DMD"	115	"HiG"
"HiG_16"	4745	"MT-ND4"	18	"HiG"
"HiG_16"	78	"MT-CO3"	302	"HiG"
"HiG_16"	0	"MT-ND2"	500	"HiG"
"HiG_16"	55	"MT-ND3"	313.5	"HiG"
"HiG_16"	2	"CDC42BPB"	426.5	"HiG"
"HiG_16"	19	"RGS7"	354	"HiG"
"HiG_16"	1406	"GALNT2"	82	"HiG"
"HiG_16"	16	"ENAH"	360.5	"HiG"
"HiG_16"	1928	"PDE10A"	55	"HiG"
"HiG_16"	372	"PRKN"	214	"HiG"
"HiG_16"	0	"SLC30A10"	500	"HiG"
"HiG_16"	3	"PTPN14"	415.5	"HiG"
"HiG_16"	443	"CD55"	195.5	"HiG"
"HiG_16"	0	"MAPKAPK2"	500	"HiG"
"HiG_16"	100	"UST"	290.5	"HiG"
"HiG_16"	3107	"SOAT1"	38	"HiG"
"HiG_16"	934	"SGK1"	112	"HiG"
"HiG_16"	86	"MAN1A1"	294	"HiG"
"HiG_16"	2	"CNNM2"	426.5	"HiG"
"HiG_16"	4343	"CYP17A1"	22	"HiG"
"HiG_16"	2	"ZNF275"	426.5	"HiG"
"HiG_16"	42	"RPL5"	323	"HiG"
"HiG_16"	1254	"HFM1"	92	"HiG"
"HiG_16"	283	"ADGRL2"	234.5	"HiG"
"HiG_16"	263	"ELOVL5"	241.5	"HiG"
"HiG_16"	10	"CTH"	381	"HiG"
"HiG_16"	460	"GSTA4"	188.5	"HiG"
"HiG_16"	1430	"GNAS"	79	"HiG"
"HiG_16"	704	"SMARCA1"	140.5	"HiG"
"HiG_16"	2	"NFIA"	426.5	"HiG"
"HiG_16"	3140	"DHCR24"	37	"HiG"
"HiG_16"	16	"SUPT3H"	360.5	"HiG"
"HiG_16"	27	"TSHZ2"	336	"HiG"
"HiG_16"	3	"B4GALT5"	415.5	"HiG"
"HiG_16"	145	"EPS15"	272	"HiG"
"HiG_16"	650	"VAV2"	149.5	"HiG"
"HiG_16"	17	"ARFGEF2"	357	"HiG"
"HiG_16"	762	"RPL7A"	131	"HiG"
"HiG_16"	724	"RAPGEF1"	137	"HiG"
"HiG_16"	2473	"ABL1"	47	"HiG"
"HiG_16"	0	"TSC22D3"	500	"HiG"
"HiG_16"	263	"DLG5"	241.5	"HiG"
"HiG_16"	1	"ZNF503"	438.5	"HiG"
"HiG_16"	659	"NR5A1"	147	"HiG"
"HiG_16"	0	"MTCH1"	500	"HiG"
"HiG_16"	540	"RPS4X"	174.5	"HiG"
"HiG_16"	2212	"OGT"	51	"HiG"
"HiG_16"	1	"NKAIN1"	438.5	"HiG"
"HiG_16"	434	"PCDH15"	199	"HiG"
"HiG_16"	3524	"PRKG1"	31	"HiG"
"HiG_16"	118	"TMEM245"	281	"HiG"
"HiG_16"	1356	"HSPG2"	87	"HiG"
"HiG_16"	8	"AOX1"	388	"HiG"
"HiG_16"	3	"RAP1GAP"	415.5	"HiG"
"HiG_16"	3348	"PARD3"	34	"HiG"
"HiG_16"	19	"ALPL"	354	"HiG"
"HiG_16"	729	"ECE1"	135.5	"HiG"
"HiG_16"	534	"COL15A1"	177	"HiG"
"HiG_16"	0	"SIK3"	500	"HiG"
"HiG_16"	451	"CUL4A"	193	"HiG"
"HiG_16"	151	"RND3"	268	"HiG"
"HiG_16"	268	"SHC3"	240	"HiG"
"HiG_16"	252	"IRS2"	246	"HiG"
"HiG_16"	14	"DLG2"	367.5	"HiG"
"HiG_16"	1	"TLE1"	438.5	"HiG"
"HiG_16"	1	"MBNL2"	438.5	"HiG"
"HiG_16"	6	"HS6ST3"	397.5	"HiG"
"HiG_16"	1437	"ZFAND5"	78	"HiG"
"HiG_16"	0	"PLXDC2"	500	"HiG"
"HiG_16"	0	"FTL"	500	"HiG"
"HiG_16"	2	"TBC1D4"	426.5	"HiG"
"HiG_16"	253	"RPS16"	245	"HiG"
"HiG_16"	617	"NRCAM"	153	"HiG"
"HiG_16"	0	"PRKD3"	500	"HiG"
"HiG_16"	0	"CD83"	500	"HiG"
"HiG_16"	809	"SLC23A2"	126	"HiG"
"HiG_16"	1164	"NFX1"	95	"HiG"
"HiG_16"	1806	"FOXO1"	61	"HiG"
"HiG_16"	135	"RREB1"	275	"HiG"
"HiG_16"	318	"RHOBTB3"	223.5	"HiG"
"HiG_16"	283	"NHS"	234.5	"HiG"
"HiG_16"	1736	"RBBP7"	66	"HiG"
"HiG_16"	0	"SYAP1"	500	"HiG"
"HiG_16"	6125	"RPS6"	9	"HiG"
"HiG_16"	704	"C2CD2"	140.5	"HiG"
"HiG_16"	0	"SLC7A1"	500	"HiG"
"HiG_16"	0	"IL6ST"	500	"HiG"
"HiG_16"	0	"KDM4C"	500	"HiG"
"HiG_16"	47	"ITPR2"	318.5	"HiG"
"HiG_16"	0	"IDI1"	500	"HiG"
"HiG_16"	419	"CDK8"	203	"HiG"
"HiG_16"	1263	"FGF9"	91	"HiG"
"HiG_16"	23	"LATS2"	342.5	"HiG"
"HiG_16"	478	"FBXO25"	187	"HiG"
"HiG_16"	286	"SH3BP5"	233	"HiG"
"HiG_16"	3	"TRAPPC9"	415.5	"HiG"
"HiG_16"	100	"RPS9"	290.5	"HiG"
"HiG_16"	2195	"RPL13A"	52	"HiG"
"HiG_16"	8	"SNX9"	388	"HiG"
"HiG_16"	0	"BAZ2B"	500	"HiG"
"HiG_16"	1	"GRK5"	438.5	"HiG"
"HiG_16"	647	"DPP10"	151	"HiG"
"HiG_16"	402	"PDGFD"	206	"HiG"
"HiG_16"	0	"LONRF2"	500	"HiG"
"HiG_16"	142	"ERGIC1"	273.5	"HiG"
"HiG_16"	0	"GASK1B"	500	"HiG"
"HiG_16"	72	"PDE8A"	304	"HiG"
"HiG_16"	1613	"RPL34"	70.5	"HiG"
"HiG_16"	2	"ALG13"	426.5	"HiG"
"HiG_16"	11	"PSAP"	375.5	"HiG"
"HiG_16"	6221	"ALAS1"	8	"HiG"
"HiG_16"	0	"CALN1"	500	"HiG"
"HiG_16"	23	"SLC16A9"	342.5	"HiG"
"HiG_16"	1	"CHCHD2"	438.5	"HiG"
"HiG_16"	333	"SNTB1"	220.5	"HiG"
"HiG_16"	1049	"RPS29"	102	"HiG"
"HiG_16"	28	"MGST1"	335	"HiG"
"HiG_16"	673	"ETV6"	144.5	"HiG"
"HiG_16"	12	"ARHGAP21"	371	"HiG"
"HiG_16"	105	"HLA-A"	287	"HiG"
"HiG_16"	596	"RPS8"	158	"HiG"
"HiG_16"	0	"AGAP3"	500	"HiG"
"HiG_16"	460	"LSS"	188.5	"HiG"
"HiG_16"	3	"ARHGEF12"	415.5	"HiG"
"HiG_16"	0	"TTC3"	500	"HiG"
"HiG_16"	0	"FAM166B"	500	"HiG"
"HiG_16"	546	"MAPK4"	170	"HiG"
"HiG_16"	2	"NCAM2"	426.5	"HiG"
"HiG_16"	6	"KIAA1522"	397.5	"HiG"
"HiG_16"	0	"SNU13"	500	"HiG"
"HiG_16"	456	"KIF16B"	190	"HiG"
"HiG_16"	0	"INO80D"	500	"HiG"
"HiG_16"	0	"BTBD3"	500	"HiG"
"HiG_16"	2	"NXPH1"	426.5	"HiG"
"HiG_16"	315	"ADGRV1"	225.5	"HiG"
"HiG_16"	302	"ALKAL2"	229	"HiG"
"HiG_16"	104	"NLK"	288	"HiG"
"HiG_16"	571	"IMMP2L"	163	"HiG"
"HiG_16"	10	"PDIA6"	381	"HiG"
"HiG_16"	0	"MAST4"	500	"HiG"
"HiG_16"	8	"SETD5"	388	"HiG"
"HiG_16"	198	"RPS14"	259	"HiG"
"HiG_16"	0	"CPE"	500	"HiG"
"HiG_16"	117	"SERF2"	282	"HiG"
"HiG_16"	7	"IFFO2"	392	"HiG"
"HiG_16"	4934	"UBA52"	17	"HiG"
"HiG_16"	383	"RPL23A"	210	"HiG"
"HiG_16"	39	"TMBIM6"	327	"HiG"
"HiG_16"	825	"RPS18"	124	"HiG"
"HiG_16"	0	"ZNF516"	500	"HiG"
"HiG_16"	53	"DOCK8"	315.5	"HiG"
"HiG_16"	5621	"DHFR"	11	"HiG"
"HiG_16"	156	"NFIC"	267	"HiG"
"HiG_16"	0	"GTF2IRD1"	500	"HiG"
"HiG_16"	66	"CADPS2"	308	"HiG"
"HiG_16"	975	"EWSR1"	108	"HiG"
"HiG_16"	2724	"ERN1"	43	"HiG"
"HiG_16"	2305	"GRAMD1B"	50	"HiG"
"HiG_16"	0	"FRMD5"	500	"HiG"
"HiG_16"	587	"RPL6"	160	"HiG"
"HiG_16"	0	"TMEM120B"	500	"HiG"
"HiG_16"	0	"OXR1"	500	"HiG"
"HiG_16"	120	"PPP1R9A"	280	"HiG"
"HiG_16"	338	"PBX1"	218	"HiG"
"HiG_16"	4202	"PAPSS2"	23	"HiG"
"HiG_16"	1317	"TNXB"	88	"HiG"
"HiG_16"	4190	"PRKCA"	24	"HiG"
"HiG_16"	0	"ABTB2"	500	"HiG"
"HiG_16"	1003	"FGFR2"	106	"HiG"
"HiG_16"	195	"CMSS1"	260	"HiG"
"HiG_16"	0	"GBE1"	500	"HiG"
"HiG_16"	541	"FNDC3B"	173	"HiG"
"HiG_16"	0	"FAM160A1"	500	"HiG"
"HiG_16"	36	"RPL10"	329.5	"HiG"
"HiG_16"	0	"FGF12"	500	"HiG"
"HiG_16"	327	"RPS24"	222	"HiG"
"HiG_16"	0	"WBP1L"	500	"HiG"
"HiG_16"	4	"LARP4"	408.5	"HiG"
"HiG_16"	12	"MICAL3"	371	"HiG"
"HiG_16"	30	"RPL32"	334	"HiG"
"HiG_16"	1071	"EHMT1"	100	"HiG"
"HiG_16"	3	"RARRES2"	415.5	"HiG"
"HiG_16"	393	"RPL37A"	208	"HiG"
"HiG_16"	0	"PTPRG"	500	"HiG"
"HiG_16"	1805	"FHIT"	62	"HiG"
"HiG_16"	1773	"ADAMTS9"	65	"HiG"
"HiG_16"	812	"BTBD9"	125	"HiG"
"HiG_16"	10	"PEG10"	381	"HiG"
"HiG_16"	20	"LSAMP"	350	"HiG"
"HiG_16"	1064	"ZBTB20"	101	"HiG"
"HiG_16"	206	"EIF1"	257	"HiG"
"HiG_16"	2341	"POR"	49	"HiG"
"HiG_16"	1809	"FLNB"	60	"HiG"
"HiG_16"	209	"ROBO1"	256	"HiG"
"HiG_16"	24	"TIPARP"	339.5	"HiG"
"HiG_16"	362	"KLHL29"	216	"HiG"
"HiG_16"	128	"MAML3"	277	"HiG"
"HiG_16"	121	"ADGRL3"	279	"HiG"
"HiG_16"	0	"FBXL7"	500	"HiG"
"HiG_16"	22	"TENM3"	345.5	"HiG"
"HiG_16"	0	"FBN2"	500	"HiG"
"HiG_16"	315	"LIMCH1"	225.5	"HiG"
"HiG_16"	0	"RNF150"	500	"HiG"
"HiG_16"	0	"ZBTB38"	500	"HiG"
"HiG_16"	4407	"RACK1"	21	"HiG"
"HiG_16"	5	"RIMS2"	404	"HiG"
"HiG_16"	41	"TOB1"	324.5	"HiG"
"HiG_16"	714	"RPL30"	139	"HiG"
"HiG_16"	0	"NKAIN3"	500	"HiG"
"HiG_16"	246	"SLC25A37"	249	"HiG"
"HiG_16"	0	"HMBOX1"	500	"HiG"
"HiG_16"	416	"RALYL"	205	"HiG"
"HiG_16"	0	"RPLP2"	500	"HiG"
"HiG_16"	19	"TXNRD1"	354	"HiG"
"HiG_16"	259	"RPS25"	243	"HiG"
"HiG_16"	6	"TEAD1"	397.5	"HiG"
"HiG_16"	11	"ST3GAL4"	375.5	"HiG"
"HiG_16"	5709	"HIF1A"	10	"HiG"
"HiG_16"	25	"ACADVL"	337.5	"HiG"
"HiG_16"	0	"MTRNR2L1"	500	"HiG"
"HiG_16"	0	"MTRNR2L8"	500	"HiG"
"HiG_16"	3203	"ATP2A2"	35	"HiG"
"HiG_16"	5565	"NR4A1"	12	"HiG"
"HiG_16"	775	"CLTCL1"	128	"HiG"
"HiG_16"	21	"USP36"	347	"HiG"
"HiG_16"	1549	"UBC"	73	"HiG"
"HiG_16"	310	"UTY"	227	"HiG"
"HiG_16"	0	"ZNRF3"	500	"HiG"
"HiG_16"	13217	"HSD3B2"	3	"HiG"
"HiG_16"	8	"CMIP"	388	"HiG"
"HiG_16"	863	"MYL6"	120	"HiG"
"HiG_16"	877	"RPL18"	118	"HiG"
"HiG_16"	644	"SLC8B1"	152	"HiG"
"HiG_16"	562	"CD63"	165	"HiG"
"HiG_16"	0	"NACA"	500	"HiG"
"HiG_16"	1253	"RPL41"	93	"HiG"
"HiG_16"	527	"RPLP0"	179	"HiG"
"HiG_16"	0	"HOPX"	500	"HiG"
"HiG_16"	122	"RPL28"	278	"HiG"
"HiG_16"	6	"MEIS2"	397.5	"HiG"
"HiG_16"	1796	"LDLR"	64	"HiG"
"HiG_16"	67	"WWOX"	306.5	"HiG"
"HiG_16"	0	"PITPNC1"	500	"HiG"
"HiG_16"	3984	"RPL36"	26	"HiG"
"HiG_16"	1289	"RPS15"	89	"HiG"
"HiG_16"	0	"FHOD3"	500	"HiG"
"HiG_16"	1031	"MTRNR2L12"	103	"HiG"
"HiG_16"	179	"RPS19"	264	"HiG"
"HiG_16"	1359	"RPS28"	86	"HiG"
"HiG_16"	5	"RPS5"	404	"HiG"
"HiG_16"	336	"TPT1"	219	"HiG"
"HiG_16"	682	"ABCB1"	143	"HiG"
"HiG_16"	0	"PLCL2"	500	"HiG"
"HiG_16"	613	"EPHX1"	154	"HiG"
"HiG_16"	2537	"LRMDA"	44	"HiG"
"HiG_16"	14	"SEMA3B"	367.5	"HiG"
"HiG_16"	0	"GRIA3"	500	"HiG"
"HiG_16"	0	"SLC6A6"	500	"HiG"
"HiG_16"	595	"NR4A3"	159	"HiG"
"HiG_16"	0	"DACH1"	500	"HiG"
"HiG_16"	0	"MAP7"	500	"HiG"
"HiG_16"	2502	"PLCG2"	45	"HiG"
"HiG_16"	23	"C9orf72"	342.5	"HiG"
"HiG_16"	971	"CHD1"	109	"HiG"
"HiG_16"	0	"ARMC9"	500	"HiG"
"HiG_16"	1074	"FARP1"	99	"HiG"
"HiG_16"	740	"TCF7L2"	134	"HiG"
"HiG_16"	84	"COBLL1"	296	"HiG"
"HiG_16"	1086	"ZEB2"	98	"HiG"
"HiG_16"	0	"EXOC6B"	500	"HiG"
"HiG_16"	1	"RALGAPA1"	438.5	"HiG"
"HiG_16"	3	"LRRC8B"	415.5	"HiG"
"HiG_16"	392	"FDFT1"	209	"HiG"
"HiG_16"	10	"LPP"	381	"HiG"
"HiG_16"	48	"ZFHX3"	317	"HiG"
"HiG_16"	248	"RPS7"	248	"HiG"
"HiG_16"	10	"RPL35A"	381	"HiG"
"HiG_16"	79	"RPL11"	301	"HiG"
"HiG_16"	80	"RDX"	300	"HiG"
"HiG_16"	3794	"CYP21A2"	29	"HiG"
"HiG_16"	26317	"IGF1R"	2	"HiG"
"HiG_16"	0	"ZDBF2"	500	"HiG"
"HiG_16"	902	"B2M"	116	"HiG"
"HiG_16"	116	"MRTFA"	283.5	"HiG"
"HiG_16"	9	"PC"	384.5	"HiG"
"HiG_16"	1020	"CBLB"	104	"HiG"
"HiG_16"	2749	"RPS27"	42	"HiG"
"HiG_17"	5783	"RALA"	109	"HiG"
"HiG_17"	232	"TSPAN9"	878	"HiG"
"HiG_17"	0	"MAP4K5"	1346.5	"HiG"
"HiG_17"	59	"FAM13B"	1072	"HiG"
"HiG_17"	197	"TTC17"	907.5	"HiG"
"HiG_17"	117	"TARBP1"	995	"HiG"
"HiG_17"	533	"FAM168A"	693	"HiG"
"HiG_17"	930	"INPP4A"	548.5	"HiG"
"HiG_17"	702	"APPBP2"	632	"HiG"
"HiG_17"	4972	"KCNQ1"	123	"HiG"
"HiG_17"	2580	"MAP2K5"	267	"HiG"
"HiG_17"	272	"MTMR7"	850.5	"HiG"
"HiG_17"	4808	"CDK13"	130	"HiG"
"HiG_17"	5	"PPP1R13B"	1260	"HiG"
"HiG_17"	0	"RALGAPA2"	1346.5	"HiG"
"HiG_17"	13742	"MYH9"	31	"HiG"
"HiG_17"	732	"SOS2"	615.5	"HiG"
"HiG_17"	177	"MACROD2"	922	"HiG"
"HiG_17"	38	"PCSK1N"	1117.5	"HiG"
"HiG_17"	0	"PAG1"	1346.5	"HiG"
"HiG_17"	2019	"GDAP1"	339	"HiG"
"HiG_17"	23	"ZNF432"	1156.5	"HiG"
"HiG_17"	14	"SIPA1L3"	1195	"HiG"
"HiG_17"	2821	"MPP6"	246	"HiG"
"HiG_17"	3130	"STX1A"	227	"HiG"
"HiG_17"	1454	"GLCCI1"	416	"HiG"
"HiG_17"	2486	"CLIP2"	280	"HiG"
"HiG_17"	1979	"WNT3"	346	"HiG"
"HiG_17"	4832	"DDX5"	128	"HiG"
"HiG_17"	3	"ASIC2"	1276	"HiG"
"HiG_17"	1184	"HDAC5"	487	"HiG"
"HiG_17"	54	"CAP2"	1080	"HiG"
"HiG_17"	75	"LAMA4"	1040	"HiG"
"HiG_17"	305	"SLC7A14"	828.5	"HiG"
"HiG_17"	1395	"TTL"	429	"HiG"
"HiG_17"	2357	"CAMSAP2"	299	"HiG"
"HiG_17"	389	"DOP1A"	772	"HiG"
"HiG_17"	383	"ELL2"	776.5	"HiG"
"HiG_17"	450	"CCDC92"	733.5	"HiG"
"HiG_17"	4560	"RHOQ"	141	"HiG"
"HiG_17"	1107	"KALRN"	505	"HiG"
"HiG_17"	694	"BBS9"	634	"HiG"
"HiG_17"	12929	"ATXN1"	38	"HiG"
"HiG_17"	3981	"KATNAL2"	172	"HiG"
"HiG_17"	49	"PTPN12"	1089	"HiG"
"HiG_17"	51	"STYXL1"	1085	"HiG"
"HiG_17"	139	"MTERF1"	967	"HiG"
"HiG_17"	912	"SEZ6L"	552	"HiG"
"HiG_17"	474	"TMOD2"	717.5	"HiG"
"HiG_17"	7	"ALDH1A2"	1243	"HiG"
"HiG_17"	158	"CNGB1"	943.5	"HiG"
"HiG_17"	3168	"NALCN"	224	"HiG"
"HiG_17"	358	"IGSF21"	792	"HiG"
"HiG_17"	0	"CERS4"	1346.5	"HiG"
"HiG_17"	0	"TUBG2"	1346.5	"HiG"
"HiG_17"	4	"MAST1"	1267	"HiG"
"HiG_17"	20	"RABGAP1L"	1168.5	"HiG"
"HiG_17"	67	"ARFGEF3"	1053.5	"HiG"
"HiG_17"	821	"KIAA0930"	588	"HiG"
"HiG_17"	178	"C20orf194"	921	"HiG"
"HiG_17"	1980	"ATXN10"	345	"HiG"
"HiG_17"	55	"GSE1"	1078	"HiG"
"HiG_17"	11	"NDFIP1"	1211	"HiG"
"HiG_17"	8628	"EXOC4"	69	"HiG"
"HiG_17"	148	"WDR44"	955.5	"HiG"
"HiG_17"	2678	"WDR7"	255	"HiG"
"HiG_17"	1316	"DNHD1"	447.5	"HiG"
"HiG_17"	16	"RAP1GAP2"	1186.5	"HiG"
"HiG_17"	18951	"SNAP25"	16	"HiG"
"HiG_17"	65	"DMGDH"	1058.5	"HiG"
"HiG_17"	198	"PI4KA"	905.5	"HiG"
"HiG_17"	305	"SBF2"	828.5	"HiG"
"HiG_17"	173	"MICAL2"	925.5	"HiG"
"HiG_17"	12936	"RRAS2"	37	"HiG"
"HiG_17"	3135	"UNC79"	226	"HiG"
"HiG_17"	69	"DPH6"	1050	"HiG"
"HiG_17"	17	"KIDINS220"	1181	"HiG"
"HiG_17"	1660	"SEMA6A"	387	"HiG"
"HiG_17"	2857	"APC"	244	"HiG"
"HiG_17"	19	"ADAM19"	1173.5	"HiG"
"HiG_17"	17	"RNFT2"	1181	"HiG"
"HiG_17"	477	"BACH2"	715	"HiG"
"HiG_17"	0	"PRPH"	1346.5	"HiG"
"HiG_17"	0	"PCNX2"	1346.5	"HiG"
"HiG_17"	45	"SLC41A2"	1096	"HiG"
"HiG_17"	28	"ECPAS"	1139	"HiG"
"HiG_17"	629	"RALGPS1"	656	"HiG"
"HiG_17"	2448	"TMOD1"	288	"HiG"
"HiG_17"	1621	"DAB2IP"	392	"HiG"
"HiG_17"	1767	"KIF13A"	368	"HiG"
"HiG_17"	10655	"TUBB2B"	49	"HiG"
"HiG_17"	361	"TTLL7"	789	"HiG"
"HiG_17"	1408	"HECW2"	423.5	"HiG"
"HiG_17"	14551	"SYT1"	25	"HiG"
"HiG_17"	149	"MNAT1"	954	"HiG"
"HiG_17"	74	"HS3ST2"	1042	"HiG"
"HiG_17"	8407	"UBE2K"	72	"HiG"
"HiG_17"	141	"MAN2A1"	963.5	"HiG"
"HiG_17"	36	"ENOX1"	1123.5	"HiG"
"HiG_17"	1369	"RORA"	435.5	"HiG"
"HiG_17"	50	"NOL4"	1087.5	"HiG"
"HiG_17"	632	"HERC2"	655	"HiG"
"HiG_17"	242	"RIMBP2"	869	"HiG"
"HiG_17"	593	"KPNA3"	667	"HiG"
"HiG_17"	13158	"PSMD11"	35	"HiG"
"HiG_17"	3249	"TAOK1"	216	"HiG"
"HiG_17"	4358	"GNB5"	153	"HiG"
"HiG_17"	426	"SPAG9"	745	"HiG"
"HiG_17"	153	"RAB27B"	949	"HiG"
"HiG_17"	104	"ERICH1"	1008	"HiG"
"HiG_17"	2442	"ANKRD12"	289	"HiG"
"HiG_17"	1161	"CACNG4"	491	"HiG"
"HiG_17"	10500	"KMT2C"	53	"HiG"
"HiG_17"	159	"MOB3B"	941.5	"HiG"
"HiG_17"	131	"SCPEP1"	978.5	"HiG"
"HiG_17"	799	"VMP1"	595	"HiG"
"HiG_17"	112	"TRIM37"	999	"HiG"
"HiG_17"	360	"PKD1"	790.5	"HiG"
"HiG_17"	932	"RAB11FIP3"	547	"HiG"
"HiG_17"	96	"WSB1"	1017	"HiG"
"HiG_17"	6	"RGS9"	1252.5	"HiG"
"HiG_17"	5063	"DHX8"	122	"HiG"
"HiG_17"	86	"CHD5"	1026.5	"HiG"
"HiG_17"	634	"INVS"	654	"HiG"
"HiG_17"	3107	"GNAO1"	230	"HiG"
"HiG_17"	589	"DOK5"	668.5	"HiG"
"HiG_17"	971	"RAB2A"	538.5	"HiG"
"HiG_17"	131	"CBFA2T2"	978.5	"HiG"
"HiG_17"	0	"QRICH2"	1346.5	"HiG"
"HiG_17"	3677	"TIMP2"	189	"HiG"
"HiG_17"	86	"SORCS1"	1026.5	"HiG"
"HiG_17"	525	"SMG6"	698	"HiG"
"HiG_17"	99	"UBE2R2"	1011.5	"HiG"
"HiG_17"	3567	"SYP"	194	"HiG"
"HiG_17"	10	"TCF25"	1215.5	"HiG"
"HiG_17"	850	"OSBPL5"	576	"HiG"
"HiG_17"	4568	"CLASP1"	140	"HiG"
"HiG_17"	105	"FNBP4"	1006.5	"HiG"
"HiG_17"	555	"ZC2HC1A"	685	"HiG"
"HiG_17"	1032	"IL7"	525.5	"HiG"
"HiG_17"	10205	"KIF1B"	56	"HiG"
"HiG_17"	3491	"EHBP1"	200	"HiG"
"HiG_17"	222	"DGKD"	885.5	"HiG"
"HiG_17"	3	"CRACD"	1276	"HiG"
"HiG_17"	287	"ADAM23"	841	"HiG"
"HiG_17"	2380	"RAPGEF2"	295	"HiG"
"HiG_17"	180	"FNIP2"	920	"HiG"
"HiG_17"	825	"ADD2"	587	"HiG"
"HiG_17"	1839	"HDAC4"	359	"HiG"
"HiG_17"	173	"ATP6V0A1"	925.5	"HiG"
"HiG_17"	14446	"STAT3"	27	"HiG"
"HiG_17"	1901	"FBXL20"	351	"HiG"
"HiG_17"	1731	"DNMT3A"	374	"HiG"
"HiG_17"	4951	"KIF3C"	126	"HiG"
"HiG_17"	0	"PLPP1"	1346.5	"HiG"
"HiG_17"	744	"TBC1D19"	610	"HiG"
"HiG_17"	880	"PPP2R3A"	563	"HiG"
"HiG_17"	347	"DGKG"	800.5	"HiG"
"HiG_17"	33	"MAP3K13"	1126.5	"HiG"
"HiG_17"	1706	"MSH3"	378	"HiG"
"HiG_17"	475	"CPEB4"	716	"HiG"
"HiG_17"	2465	"WDR70"	282	"HiG"
"HiG_17"	3195	"SIL1"	220	"HiG"
"HiG_17"	478	"AFF4"	713.5	"HiG"
"HiG_17"	3272	"NRP1"	215	"HiG"
"HiG_17"	1038	"APBA1"	523	"HiG"
"HiG_17"	459	"TNPO3"	728	"HiG"
"HiG_17"	732	"HIBADH"	615.5	"HiG"
"HiG_17"	6627	"NRXN2"	100	"HiG"
"HiG_17"	3119	"AHI1"	228	"HiG"
"HiG_17"	6935	"ANK1"	94	"HiG"
"HiG_17"	999	"PRKAR2B"	530	"HiG"
"HiG_17"	1385	"ANKIB1"	430.5	"HiG"
"HiG_17"	12	"SERGEF"	1206.5	"HiG"
"HiG_17"	11	"CPEB3"	1211	"HiG"
"HiG_17"	53	"RBM6"	1081.5	"HiG"
"HiG_17"	1991	"DOCK3"	342	"HiG"
"HiG_17"	469	"TIMP3"	723	"HiG"
"HiG_17"	424	"CLSTN3"	746	"HiG"
"HiG_17"	133	"SRRM4"	977	"HiG"
"HiG_17"	1993	"RTN1"	341	"HiG"
"HiG_17"	2004	"TTBK2"	340	"HiG"
"HiG_17"	530	"ST8SIA2"	695	"HiG"
"HiG_17"	20426	"IQGAP1"	13	"HiG"
"HiG_17"	74	"ZCCHC14"	1042	"HiG"
"HiG_17"	65	"RHBDL3"	1058.5	"HiG"
"HiG_17"	0	"ABCA10"	1346.5	"HiG"
"HiG_17"	302	"RNF157"	832.5	"HiG"
"HiG_17"	47	"RNF165"	1092	"HiG"
"HiG_17"	4672	"DYM"	137	"HiG"
"HiG_17"	456	"FNBP1L"	731.5	"HiG"
"HiG_17"	387	"POGZ"	774.5	"HiG"
"HiG_17"	43	"KCNH1"	1103.5	"HiG"
"HiG_17"	229	"WNT9A"	880	"HiG"
"HiG_17"	1	"PLEKHA6"	1300	"HiG"
"HiG_17"	3063	"WDPCP"	233	"HiG"
"HiG_17"	2514	"MEIS1"	274.5	"HiG"
"HiG_17"	0	"SFXN5"	1346.5	"HiG"
"HiG_17"	390	"TMEFF2"	771	"HiG"
"HiG_17"	9	"MARCHF4"	1222	"HiG"
"HiG_17"	7	"STAC"	1243	"HiG"
"HiG_17"	202	"ATP6V1A"	903.5	"HiG"
"HiG_17"	474	"FTH1"	717.5	"HiG"
"HiG_17"	643	"STXBP5L"	652	"HiG"
"HiG_17"	16345	"RASA1"	21	"HiG"
"HiG_17"	0	"ARHGAP26"	1346.5	"HiG"
"HiG_17"	2664	"CDKAL1"	257	"HiG"
"HiG_17"	1385	"PHIP"	430.5	"HiG"
"HiG_17"	51	"CLVS2"	1085	"HiG"
"HiG_17"	1598	"GNA12"	397	"HiG"
"HiG_17"	9	"ARHGAP36"	1222	"HiG"
"HiG_17"	2167	"DLC1"	322	"HiG"
"HiG_17"	413	"RSPO2"	753.5	"HiG"
"HiG_17"	325	"MINDY3"	815	"HiG"
"HiG_17"	1765	"ABLIM1"	369	"HiG"
"HiG_17"	27	"LRRC4C"	1143	"HiG"
"HiG_17"	1312	"IMMP1L"	449	"HiG"
"HiG_17"	228	"HSD17B12"	881.5	"HiG"
"HiG_17"	569	"NINL"	676	"HiG"
"HiG_17"	214	"KIAA1328"	894.5	"HiG"
"HiG_17"	23085	"ANK3"	11	"HiG"
"HiG_17"	955	"DIP2C"	544	"HiG"
"HiG_17"	2264	"AKAP6"	307	"HiG"
"HiG_17"	4	"NUBPL"	1267	"HiG"
"HiG_17"	14	"FER"	1195	"HiG"
"HiG_17"	399	"ASAP2"	763.5	"HiG"
"HiG_17"	5091	"NBAS"	121	"HiG"
"HiG_17"	896	"MGAT5"	556.5	"HiG"
"HiG_17"	566	"MED13L"	678	"HiG"
"HiG_17"	2719	"GRID2"	252	"HiG"
"HiG_17"	204	"PDE3B"	899	"HiG"
"HiG_17"	40	"ANKRD44"	1111	"HiG"
"HiG_17"	29	"USP12"	1135	"HiG"
"HiG_17"	892	"RAB3C"	560.5	"HiG"
"HiG_17"	8	"PTPRR"	1232.5	"HiG"
"HiG_17"	713	"PLA2R1"	627	"HiG"
"HiG_17"	3080	"SCN3A"	232	"HiG"
"HiG_17"	3049	"JAZF1"	235	"HiG"
"HiG_17"	29	"PID1"	1135	"HiG"
"HiG_17"	269	"MSI2"	853	"HiG"
"HiG_17"	61	"JPH3"	1068.5	"HiG"
"HiG_17"	43	"ANKH"	1103.5	"HiG"
"HiG_17"	1592	"UCHL1"	400	"HiG"
"HiG_17"	135	"DISP1"	974	"HiG"
"HiG_17"	27572	"APP"	6	"HiG"
"HiG_17"	2680	"RAB6B"	254	"HiG"
"HiG_17"	1254	"CCDC146"	460	"HiG"
"HiG_17"	3676	"LRGUK"	190	"HiG"
"HiG_17"	1252	"ADCY8"	462	"HiG"
"HiG_17"	316	"RASA2"	821.5	"HiG"
"HiG_17"	13945	"GNAQ"	29	"HiG"
"HiG_17"	111	"MMP16"	1000.5	"HiG"
"HiG_17"	1853	"KCNMA1"	356	"HiG"
"HiG_17"	2643	"CFAP161"	262	"HiG"
"HiG_17"	259	"ZFAND3"	859	"HiG"
"HiG_17"	8	"NSMCE2"	1232.5	"HiG"
"HiG_17"	447	"NMNAT2"	735	"HiG"
"HiG_17"	2	"ZFYVE9"	1286.5	"HiG"
"HiG_17"	1345	"NRG1"	443	"HiG"
"HiG_17"	893	"PRKAG2"	559	"HiG"
"HiG_17"	13822	"CACNA1D"	30	"HiG"
"HiG_17"	4524	"ERC2"	143	"HiG"
"HiG_17"	940	"DGKI"	546	"HiG"
"HiG_17"	1274	"FMNL2"	455	"HiG"
"HiG_17"	842	"DPYSL5"	578	"HiG"
"HiG_17"	974	"FANCC"	536	"HiG"
"HiG_17"	12554	"KPNB1"	40	"HiG"
"HiG_17"	3245	"UBR1"	217	"HiG"
"HiG_17"	150	"ZFYVE28"	951.5	"HiG"
"HiG_17"	249	"PDXK"	862	"HiG"
"HiG_17"	60	"ZER1"	1070	"HiG"
"HiG_17"	11	"ANO10"	1211	"HiG"
"HiG_17"	858	"STAT5B"	571	"HiG"
"HiG_17"	1149	"ADCY9"	493	"HiG"
"HiG_17"	21	"RBMS1"	1165.5	"HiG"
"HiG_17"	1469	"PPP1R21"	414	"HiG"
"HiG_17"	1450	"GABRB1"	417	"HiG"
"HiG_17"	1616	"PTPRN"	393	"HiG"
"HiG_17"	4704	"ABI2"	134	"HiG"
"HiG_17"	2379	"WDFY3"	296	"HiG"
"HiG_17"	420	"BSN"	750	"HiG"
"HiG_17"	9835	"GRIA2"	58	"HiG"
"HiG_17"	181	"EDIL3"	918.5	"HiG"
"HiG_17"	1863	"MAP1B"	355	"HiG"
"HiG_17"	649	"CYTH3"	648.5	"HiG"
"HiG_17"	1147	"TRA2A"	494	"HiG"
"HiG_17"	3550	"COG5"	195	"HiG"
"HiG_17"	4405	"ADCY1"	149	"HiG"
"HiG_17"	746	"SPIDR"	609	"HiG"
"HiG_17"	23	"GEM"	1156.5	"HiG"
"HiG_17"	28	"C9orf24"	1139	"HiG"
"HiG_17"	5	"TMEM65"	1260	"HiG"
"HiG_17"	29	"CCDC136"	1135	"HiG"
"HiG_17"	4	"WNK2"	1267	"HiG"
"HiG_17"	1	"SHLD2"	1300	"HiG"
"HiG_17"	88	"TRIM44"	1024	"HiG"
"HiG_17"	8	"CASC4"	1232.5	"HiG"
"HiG_17"	103	"BMERB1"	1009	"HiG"
"HiG_17"	3934	"CACNG2"	175	"HiG"
"HiG_17"	174	"MAP1A"	924	"HiG"
"HiG_17"	1790	"MAPRE2"	364	"HiG"
"HiG_17"	6048	"RUNX1"	106	"HiG"
"HiG_17"	1069	"USP32"	512	"HiG"
"HiG_17"	1285	"ANKRD11"	452	"HiG"
"HiG_17"	6552	"DIP2B"	101	"HiG"
"HiG_17"	2	"ABCA3"	1286.5	"HiG"
"HiG_17"	225	"ULK4"	884	"HiG"
"HiG_17"	667	"MBOAT2"	643	"HiG"
"HiG_17"	94	"TPST1"	1019	"HiG"
"HiG_17"	0	"SH3D19"	1346.5	"HiG"
"HiG_17"	297	"VAT1L"	834	"HiG"
"HiG_17"	25	"ZNF804A"	1151	"HiG"
"HiG_17"	735	"CBR4"	613	"HiG"
"HiG_17"	1819	"INSR"	361.5	"HiG"
"HiG_17"	0	"DCLK2"	1346.5	"HiG"
"HiG_17"	76	"FAM171B"	1038.5	"HiG"
"HiG_17"	0	"PCNX1"	1346.5	"HiG"
"HiG_17"	2458	"MAGI3"	284	"HiG"
"HiG_17"	1060	"RETREG1"	514.5	"HiG"
"HiG_17"	800	"STX8"	594	"HiG"
"HiG_17"	221	"FSTL5"	887	"HiG"
"HiG_17"	286	"HOOK3"	843	"HiG"
"HiG_17"	568	"SMAD1"	677	"HiG"
"HiG_17"	685	"OTUD7A"	636	"HiG"
"HiG_17"	157	"ALCAM"	945	"HiG"
"HiG_17"	1316	"PAM"	447.5	"HiG"
"HiG_17"	1190	"PRKCE"	482	"HiG"
"HiG_17"	11937	"FOS"	41	"HiG"
"HiG_17"	10502	"YWHAG"	52	"HiG"
"HiG_17"	552	"CAMTA1"	686.5	"HiG"
"HiG_17"	61	"ASPSCR1"	1068.5	"HiG"
"HiG_17"	1694	"YEATS2"	381	"HiG"
"HiG_17"	84	"MAP6"	1031.5	"HiG"
"HiG_17"	3464	"CTNND2"	201	"HiG"
"HiG_17"	1339	"BPTF"	444	"HiG"
"HiG_17"	8008	"RPTOR"	79	"HiG"
"HiG_17"	5102	"MLLT10"	120	"HiG"
"HiG_17"	1918	"AGAP1"	350	"HiG"
"HiG_17"	1523	"VPS50"	409	"HiG"
"HiG_17"	290	"TSPAN5"	837	"HiG"
"HiG_17"	0	"NSG2"	1346.5	"HiG"
"HiG_17"	2186	"DST"	319.5	"HiG"
"HiG_17"	7	"RGMB"	1243	"HiG"
"HiG_17"	2441	"COMMD1"	290	"HiG"
"HiG_17"	2367	"GABRB3"	298	"HiG"
"HiG_17"	2551	"RIC3"	270	"HiG"
"HiG_17"	0	"SNED1"	1346.5	"HiG"
"HiG_17"	0	"PMP22"	1346.5	"HiG"
"HiG_17"	335	"UBE3C"	808.5	"HiG"
"HiG_17"	1043	"VPS41"	520.5	"HiG"
"HiG_17"	334	"KLF7"	810.5	"HiG"
"HiG_17"	4	"GLIS1"	1267	"HiG"
"HiG_17"	340	"ADAM17"	806	"HiG"
"HiG_17"	1338	"LCLAT1"	445	"HiG"
"HiG_17"	2	"STOX2"	1286.5	"HiG"
"HiG_17"	203	"RAD9A"	901	"HiG"
"HiG_17"	4888	"TNKS"	127	"HiG"
"HiG_17"	6441	"CTBP2"	103	"HiG"
"HiG_17"	982	"SNTG2"	532	"HiG"
"HiG_17"	143	"YPEL2"	960	"HiG"
"HiG_17"	6011	"KMT2E"	107	"HiG"
"HiG_17"	164	"PPM1E"	934	"HiG"
"HiG_17"	324	"KCNK10"	816	"HiG"
"HiG_17"	1	"MLXIP"	1300	"HiG"
"HiG_17"	62	"PHKB"	1066.5	"HiG"
"HiG_17"	777	"BICRAL"	602	"HiG"
"HiG_17"	376	"NSD3"	780.5	"HiG"
"HiG_17"	7420	"AGPAT4"	88	"HiG"
"HiG_17"	1	"GPR137C"	1300	"HiG"
"HiG_17"	1398	"CLU"	428	"HiG"
"HiG_17"	1404	"SGPP2"	426.5	"HiG"
"HiG_17"	188	"ITGA3"	912	"HiG"
"HiG_17"	90	"KIAA1549L"	1021.5	"HiG"
"HiG_17"	1	"ANO5"	1300	"HiG"
"HiG_17"	0	"OSBPL3"	1346.5	"HiG"
"HiG_17"	258	"AVL9"	860	"HiG"
"HiG_17"	323	"DIS3L2"	817	"HiG"
"HiG_17"	516	"AHCYL2"	705	"HiG"
"HiG_17"	1560	"FARS2"	402	"HiG"
"HiG_17"	4140	"DLGAP1"	160	"HiG"
"HiG_17"	150	"PACS1"	951.5	"HiG"
"HiG_17"	1218	"TLK2"	474	"HiG"
"HiG_17"	33	"ZNF609"	1126.5	"HiG"
"HiG_17"	46	"RANBP10"	1093.5	"HiG"
"HiG_17"	0	"MYEF2"	1346.5	"HiG"
"HiG_17"	16	"GRK3"	1186.5	"HiG"
"HiG_17"	3966	"EEA1"	173	"HiG"
"HiG_17"	3872	"ROCK2"	179	"HiG"
"HiG_17"	30	"SCMH1"	1131	"HiG"
"HiG_17"	563	"CSRNP3"	679.5	"HiG"
"HiG_17"	23	"KIAA0319L"	1156.5	"HiG"
"HiG_17"	231	"LDLRAD3"	879	"HiG"
"HiG_17"	140	"CRLF3"	965.5	"HiG"
"HiG_17"	1189	"FMN2"	483.5	"HiG"
"HiG_17"	0	"SOBP"	1346.5	"HiG"
"HiG_17"	2767	"CAMK2G"	250	"HiG"
"HiG_17"	2501	"BASP1"	276.5	"HiG"
"HiG_17"	2130	"MPDZ"	327	"HiG"
"HiG_17"	0	"CD276"	1346.5	"HiG"
"HiG_17"	9626	"DYNC1I1"	60	"HiG"
"HiG_17"	1983	"NPEPPS"	344	"HiG"
"HiG_17"	4755	"EPN2"	131	"HiG"
"HiG_17"	722	"SLCO3A1"	622.5	"HiG"
"HiG_17"	58	"WIPF2"	1074.5	"HiG"
"HiG_17"	2	"SPOCK2"	1286.5	"HiG"
"HiG_17"	65	"RNF144A"	1058.5	"HiG"
"HiG_17"	473	"TTLL11"	719	"HiG"
"HiG_17"	45	"STRBP"	1096	"HiG"
"HiG_17"	126	"DIAPH2"	984.5	"HiG"
"HiG_17"	334	"MICU3"	810.5	"HiG"
"HiG_17"	2497	"CRMP1"	278	"HiG"
"HiG_17"	63	"ANKFN1"	1065	"HiG"
"HiG_17"	2036	"STXBP5"	338	"HiG"
"HiG_17"	45	"TMTC2"	1096	"HiG"
"HiG_17"	42	"SOX11"	1108	"HiG"
"HiG_17"	5209	"HMGCS1"	115	"HiG"
"HiG_17"	1074	"MTSS1"	511	"HiG"
"HiG_17"	572	"EBF1"	675	"HiG"
"HiG_17"	542	"ZMYM4"	690	"HiG"
"HiG_17"	1864	"LRSAM1"	354	"HiG"
"HiG_17"	3992	"MKLN1"	170	"HiG"
"HiG_17"	2548	"UBE2O"	271	"HiG"
"HiG_17"	118	"PSD3"	994	"HiG"
"HiG_17"	0	"AATK"	1346.5	"HiG"
"HiG_17"	1	"MTURN"	1300	"HiG"
"HiG_17"	40	"ACAP2"	1111	"HiG"
"HiG_17"	722	"SYT9"	622.5	"HiG"
"HiG_17"	450	"MYO1D"	733.5	"HiG"
"HiG_17"	8	"FAM193A"	1232.5	"HiG"
"HiG_17"	39	"TMEM108"	1114	"HiG"
"HiG_17"	24381	"GSK3B"	9	"HiG"
"HiG_17"	182	"SEMA6D"	916.5	"HiG"
"HiG_17"	2559	"MTMR4"	269	"HiG"
"HiG_17"	30	"CDHR3"	1131	"HiG"
"HiG_17"	1681	"ATP13A2"	383	"HiG"
"HiG_17"	4813	"AP2A2"	129	"HiG"
"HiG_17"	4432	"CLASP2"	146	"HiG"
"HiG_17"	399	"MCF2L2"	763.5	"HiG"
"HiG_17"	98	"XKR4"	1013.5	"HiG"
"HiG_17"	351	"DENND5A"	796	"HiG"
"HiG_17"	1525	"EFNA5"	408	"HiG"
"HiG_17"	1187	"RPH3AL"	485	"HiG"
"HiG_17"	84	"ST6GALNAC3"	1031.5	"HiG"
"HiG_17"	910	"CADM1"	553	"HiG"
"HiG_17"	831	"PHACTR1"	585	"HiG"
"HiG_17"	68	"UPP1"	1052	"HiG"
"HiG_17"	1960	"GRID1"	347.5	"HiG"
"HiG_17"	27	"HS3ST4"	1143	"HiG"
"HiG_17"	0	"PAPPA"	1346.5	"HiG"
"HiG_17"	531	"KIAA0825"	694	"HiG"
"HiG_17"	1114	"ZNF704"	503	"HiG"
"HiG_17"	7775	"NPLOC4"	85	"HiG"
"HiG_17"	0	"GPR173"	1346.5	"HiG"
"HiG_17"	705	"KCNH7"	629.5	"HiG"
"HiG_17"	427	"EFCAB13"	744	"HiG"
"HiG_17"	2803	"SLIT3"	247	"HiG"
"HiG_17"	160	"COL7A1"	940	"HiG"
"HiG_17"	1350	"OSBP2"	441	"HiG"
"HiG_17"	0	"MARCHF11"	1346.5	"HiG"
"HiG_17"	2186	"KCND2"	319.5	"HiG"
"HiG_17"	577	"TRMT11"	671	"HiG"
"HiG_17"	376	"HAP1"	780.5	"HiG"
"HiG_17"	580	"PARVA"	670	"HiG"
"HiG_17"	3646	"EXOC7"	191	"HiG"
"HiG_17"	2098	"KLHDC10"	330	"HiG"
"HiG_17"	1240	"PCLO"	467	"HiG"
"HiG_17"	507	"UNC5B"	708	"HiG"
"HiG_17"	2043	"HOMER1"	335	"HiG"
"HiG_17"	2514	"GNG2"	274.5	"HiG"
"HiG_17"	125	"ZMIZ1"	986	"HiG"
"HiG_17"	0	"SLX4IP"	1346.5	"HiG"
"HiG_17"	3210	"TCP11L1"	219	"HiG"
"HiG_17"	409	"FOXK2"	757.5	"HiG"
"HiG_17"	2197	"TTC7B"	317	"HiG"
"HiG_17"	303	"TNPO1"	831	"HiG"
"HiG_17"	1241	"TBC1D22A"	466	"HiG"
"HiG_17"	0	"HIP1"	1346.5	"HiG"
"HiG_17"	807	"TNRC6C"	593	"HiG"
"HiG_17"	0	"IQCH"	1346.5	"HiG"
"HiG_17"	3294	"EPB41L1"	214	"HiG"
"HiG_17"	535	"DGKH"	692	"HiG"
"HiG_17"	796	"RUNDC3B"	596.5	"HiG"
"HiG_17"	1244	"RTN4"	464.5	"HiG"
"HiG_17"	3171	"PACRG"	222	"HiG"
"HiG_17"	8242	"PLCB1"	74	"HiG"
"HiG_17"	356	"ZNF532"	793	"HiG"
"HiG_17"	1132	"AGTPBP1"	497.5	"HiG"
"HiG_17"	1987	"STX3"	343	"HiG"
"HiG_17"	2247	"RERE"	312	"HiG"
"HiG_17"	158	"LRRFIP2"	943.5	"HiG"
"HiG_17"	14	"CCDC88A"	1195	"HiG"
"HiG_17"	613	"NFAT5"	661.5	"HiG"
"HiG_17"	13	"GGT7"	1200.5	"HiG"
"HiG_17"	2147	"TRIO"	325	"HiG"
"HiG_17"	3842	"NT5C2"	182	"HiG"
"HiG_17"	4275	"FOXO3"	155	"HiG"
"HiG_17"	0	"TRIM2"	1346.5	"HiG"
"HiG_17"	22	"RAP1GDS1"	1162	"HiG"
"HiG_17"	1084	"LRRC37B"	509.5	"HiG"
"HiG_17"	1153	"ADGRL1"	492	"HiG"
"HiG_17"	36011	"MAPT"	3	"HiG"
"HiG_17"	90	"ARHGEF3"	1021.5	"HiG"
"HiG_17"	15384	"PTK2"	23	"HiG"
"HiG_17"	1358	"NEO1"	439	"HiG"
"HiG_17"	2630	"WNK1"	263	"HiG"
"HiG_17"	150	"NRF1"	951.5	"HiG"
"HiG_17"	239	"ATP9A"	872	"HiG"
"HiG_17"	488	"MCPH1"	710	"HiG"
"HiG_17"	4406	"UBE4B"	148	"HiG"
"HiG_17"	2790	"EPB41L3"	248.5	"HiG"
"HiG_17"	127	"FOXN3"	982.5	"HiG"
"HiG_17"	944	"BABAM2"	545	"HiG"
"HiG_17"	241	"RAPGEF5"	870	"HiG"
"HiG_17"	2040	"MAP4K4"	336	"HiG"
"HiG_17"	749	"DPYSL3"	608	"HiG"
"HiG_17"	1949	"AUTS2"	349	"HiG"
"HiG_17"	55	"PDPK1"	1078	"HiG"
"HiG_17"	4496	"ATF3"	144	"HiG"
"HiG_17"	0	"TOX2"	1346.5	"HiG"
"HiG_17"	844	"INSIG1"	577	"HiG"
"HiG_17"	3850	"NFASC"	181	"HiG"
"HiG_17"	79	"SLC24A2"	1036	"HiG"
"HiG_17"	4625	"KCNQ5"	138	"HiG"
"HiG_17"	1646	"PRICKLE1"	390	"HiG"
"HiG_17"	3343	"SHANK2"	211	"HiG"
"HiG_17"	1209	"DNER"	477.5	"HiG"
"HiG_17"	4465	"EPB41"	145	"HiG"
"HiG_17"	2102	"HMGB1"	329	"HiG"
"HiG_17"	2457	"PDE4D"	285	"HiG"
"HiG_17"	388	"ANKRD6"	773	"HiG"
"HiG_17"	76	"ARHGAP12"	1038.5	"HiG"
"HiG_17"	98	"LRFN2"	1013.5	"HiG"
"HiG_17"	404	"ANXA2"	761.5	"HiG"
"HiG_17"	8623	"MAGI2"	70	"HiG"
"HiG_17"	8782	"ATG7"	66	"HiG"
"HiG_17"	2691	"SCN8A"	253	"HiG"
"HiG_17"	9184	"FYN"	63	"HiG"
"HiG_17"	1371	"SND1"	433	"HiG"
"HiG_17"	58	"FAR1"	1074.5	"HiG"
"HiG_17"	262	"SLC38A6"	857.5	"HiG"
"HiG_17"	3	"LARGE1"	1276	"HiG"
"HiG_17"	1022	"ATRNL1"	527	"HiG"
"HiG_17"	8239	"HTT"	75	"HiG"
"HiG_17"	306	"SRGAP1"	827	"HiG"
"HiG_17"	2037	"DNM3"	337	"HiG"
"HiG_17"	5120	"SHTN1"	119	"HiG"
"HiG_17"	136	"NUDCD3"	971	"HiG"
"HiG_17"	1360	"TBCD"	438	"HiG"
"HiG_17"	1099	"UBE2H"	507	"HiG"
"HiG_17"	65	"SORBS2"	1058.5	"HiG"
"HiG_17"	668	"KHDRBS3"	642	"HiG"
"HiG_17"	836	"SH3PXD2A"	583	"HiG"
"HiG_17"	1534	"STK39"	407	"HiG"
"HiG_17"	0	"JPT1"	1346.5	"HiG"
"HiG_17"	2881	"MYO9A"	242	"HiG"
"HiG_17"	1032	"ADD3"	525.5	"HiG"
"HiG_17"	7828	"TJP1"	82	"HiG"
"HiG_17"	538	"NPAS3"	691	"HiG"
"HiG_17"	17607	"AMPH"	18	"HiG"
"HiG_17"	522	"EML6"	702	"HiG"
"HiG_17"	4962	"DYNC1H1"	125	"HiG"
"HiG_17"	11481	"SPTBN1"	43	"HiG"
"HiG_17"	2283	"CACNA2D1"	305	"HiG"
"HiG_17"	0	"ZNF254"	1346.5	"HiG"
"HiG_17"	8665	"ANK2"	67	"HiG"
"HiG_17"	2524	"ELAVL4"	272	"HiG"
"HiG_17"	1166	"FRMD4A"	490	"HiG"
"HiG_17"	1554	"ATP2B4"	404	"HiG"
"HiG_17"	421	"CREB5"	749	"HiG"
"HiG_17"	726	"NEGR1"	621	"HiG"
"HiG_17"	3906	"CHM"	177	"HiG"
"HiG_17"	0	"AIG1"	1346.5	"HiG"
"HiG_17"	237	"MPPED2"	875	"HiG"
"HiG_17"	55448	"NF1"	1	"HiG"
"HiG_17"	327	"GRM8"	813.5	"HiG"
"HiG_17"	556	"ATL1"	684	"HiG"
"HiG_17"	226	"VPS13B"	883	"HiG"
"HiG_17"	239	"ANKRD17"	872	"HiG"
"HiG_17"	245	"SYN3"	865	"HiG"
"HiG_17"	0	"REV3L"	1346.5	"HiG"
"HiG_17"	969	"RAB3GAP2"	540.5	"HiG"
"HiG_17"	0	"GOLGA8A"	1346.5	"HiG"
"HiG_17"	335	"ELAVL3"	808.5	"HiG"
"HiG_17"	646	"LDLRAD4"	650.5	"HiG"
"HiG_17"	15	"ZNF33B"	1192	"HiG"
"HiG_17"	595	"TCF20"	666	"HiG"
"HiG_17"	13	"ZSWIM5"	1200.5	"HiG"
"HiG_17"	1370	"HIBCH"	434	"HiG"
"HiG_17"	1352	"COL18A1"	440	"HiG"
"HiG_17"	22	"ZDHHC14"	1162	"HiG"
"HiG_17"	794	"PLXNA4"	598	"HiG"
"HiG_17"	11391	"TRRAP"	44	"HiG"
"HiG_17"	203	"MTCL1"	901	"HiG"
"HiG_17"	322	"PTPRF"	818	"HiG"
"HiG_17"	528	"AHNAK2"	697	"HiG"
"HiG_17"	29	"TPK1"	1135	"HiG"
"HiG_17"	1045	"ETS2"	518	"HiG"
"HiG_17"	977	"MAP4"	535	"HiG"
"HiG_17"	750	"CUX1"	607	"HiG"
"HiG_17"	2238	"MAP2"	313	"HiG"
"HiG_17"	562	"ANKS1A"	681.5	"HiG"
"HiG_17"	870	"NRP2"	567	"HiG"
"HiG_17"	703	"MYH10"	631	"HiG"
"HiG_17"	926	"DCLK1"	550	"HiG"
"HiG_17"	222	"ITGB1BP1"	885.5	"HiG"
"HiG_17"	115	"ZNF148"	997	"HiG"
"HiG_17"	781	"PAK3"	601	"HiG"
"HiG_17"	1124	"FUT8"	501	"HiG"
"HiG_17"	13	"SCUBE1"	1200.5	"HiG"
"HiG_17"	7585	"ERC1"	86	"HiG"
"HiG_17"	1263	"NTRK3"	457	"HiG"
"HiG_17"	0	"C11orf80"	1346.5	"HiG"
"HiG_17"	8065	"NCKAP1"	77	"HiG"
"HiG_17"	458	"PRSS3"	729	"HiG"
"HiG_17"	3	"TMEM184B"	1276	"HiG"
"HiG_17"	5172	"SREBF2"	118	"HiG"
"HiG_17"	220	"BRINP2"	888	"HiG"
"HiG_17"	3764	"ZEB1"	184	"HiG"
"HiG_17"	2609	"ASTN2"	265	"HiG"
"HiG_17"	651	"ASTN1"	646.5	"HiG"
"HiG_17"	1307	"KIFAP3"	450	"HiG"
"HiG_17"	2126	"MACF1"	328	"HiG"
"HiG_17"	7419	"SMURF1"	89	"HiG"
"HiG_17"	1100	"MAST2"	506	"HiG"
"HiG_17"	12	"ZNF652"	1206.5	"HiG"
"HiG_17"	126	"IPO9"	984.5	"HiG"
"HiG_17"	92	"MVB12B"	1020	"HiG"
"HiG_17"	292	"PJA2"	836	"HiG"
"HiG_17"	11305	"CNTNAP2"	45	"HiG"
"HiG_17"	1229	"CALD1"	469.5	"HiG"
"HiG_17"	22	"OGA"	1162	"HiG"
"HiG_17"	973	"KIF21A"	537	"HiG"
"HiG_17"	36	"FAM163A"	1123.5	"HiG"
"HiG_17"	272	"NRG2"	850.5	"HiG"
"HiG_17"	243	"MAP3K3"	867.5	"HiG"
"HiG_17"	135	"MT-CO3"	974	"HiG"
"HiG_17"	18	"DZIP3"	1178	"HiG"
"HiG_17"	3920	"MT-ND2"	176	"HiG"
"HiG_17"	102	"ARHGEF10L"	1010	"HiG"
"HiG_17"	327	"KRT19"	813.5	"HiG"
"HiG_17"	1728	"NOS1AP"	375	"HiG"
"HiG_17"	1229	"CDC42BPB"	469.5	"HiG"
"HiG_17"	122	"SLC26A11"	989	"HiG"
"HiG_17"	140	"SCAMP5"	965.5	"HiG"
"HiG_17"	895	"EFCAB2"	558	"HiG"
"HiG_17"	2384	"SDCCAG8"	293	"HiG"
"HiG_17"	4229	"CEP170"	157	"HiG"
"HiG_17"	5854	"RGS7"	108	"HiG"
"HiG_17"	6658	"RYR2"	99	"HiG"
"HiG_17"	1215	"MTR"	476	"HiG"
"HiG_17"	13	"SLC35F3"	1200.5	"HiG"
"HiG_17"	469	"CDC42BPA"	723	"HiG"
"HiG_17"	14489	"AFDN"	26	"HiG"
"HiG_17"	2353	"ENAH"	300	"HiG"
"HiG_17"	43692	"PRKN"	2	"HiG"
"HiG_17"	262	"GPATCH2"	857.5	"HiG"
"HiG_17"	192	"RPS6KC1"	909.5	"HiG"
"HiG_17"	371	"TMEM181"	783.5	"HiG"
"HiG_17"	1597	"TULP4"	398	"HiG"
"HiG_17"	137	"NAV1"	969.5	"HiG"
"HiG_17"	1220	"BRINP3"	473	"HiG"
"HiG_17"	3715	"CEP350"	186	"HiG"
"HiG_17"	574	"RASAL2"	674	"HiG"
"HiG_17"	3334	"COP1"	212	"HiG"
"HiG_17"	854	"RC3H1"	572.5	"HiG"
"HiG_17"	1251	"NME7"	463	"HiG"
"HiG_17"	1084	"ATP1B1"	509.5	"HiG"
"HiG_17"	319	"DCAF6"	819	"HiG"
"HiG_17"	1749	"POU2F1"	371	"HiG"
"HiG_17"	38	"UCK2"	1117.5	"HiG"
"HiG_17"	3370	"ARHGEF11"	208.5	"HiG"
"HiG_17"	6517	"LMNA"	102	"HiG"
"HiG_17"	993	"SYT11"	531	"HiG"
"HiG_17"	1447	"DAP3"	419	"HiG"
"HiG_17"	902	"GATAD2B"	554	"HiG"
"HiG_17"	43	"S100A6"	1103.5	"HiG"
"HiG_17"	683	"PIP5K1A"	637	"HiG"
"HiG_17"	478	"RPRD2"	713.5	"HiG"
"HiG_17"	11119	"PDE4DIP"	47	"HiG"
"HiG_17"	72	"PHTF1"	1046	"HiG"
"HiG_17"	720	"ME1"	625	"HiG"
"HiG_17"	353	"NEURL1"	794.5	"HiG"
"HiG_17"	2281	"MYO6"	306	"HiG"
"HiG_17"	197	"GBF1"	907.5	"HiG"
"HiG_17"	5178	"BTRC"	117	"HiG"
"HiG_17"	2484	"DPYD"	281	"HiG"
"HiG_17"	1064	"DIPK1A"	513	"HiG"
"HiG_17"	404	"ADGRB3"	761.5	"HiG"
"HiG_17"	29500	"PRKACB"	5	"HiG"
"HiG_17"	8	"PTGFR"	1232.5	"HiG"
"HiG_17"	978	"SRSF11"	534	"HiG"
"HiG_17"	7	"PHACTR3"	1243	"HiG"
"HiG_17"	3377	"SGIP1"	207	"HiG"
"HiG_17"	3733	"DNAJC6"	185	"HiG"
"HiG_17"	25	"ROR1"	1151	"HiG"
"HiG_17"	2493	"GNAS"	279	"HiG"
"HiG_17"	57	"FGGY"	1076	"HiG"
"HiG_17"	770	"DAB1"	603	"HiG"
"HiG_17"	387	"SORBS1"	774.5	"HiG"
"HiG_17"	6883	"CACNA1B"	95	"HiG"
"HiG_17"	0	"RCAN2"	1346.5	"HiG"
"HiG_17"	1740	"SUPT3H"	373	"HiG"
"HiG_17"	9	"TSHZ2"	1222	"HiG"
"HiG_17"	6768	"EPS15"	96	"HiG"
"HiG_17"	765	"KCNB1"	605	"HiG"
"HiG_17"	1221	"AGBL4"	472	"HiG"
"HiG_17"	378	"VAV2"	778	"HiG"
"HiG_17"	3985	"BMPR1A"	171	"HiG"
"HiG_17"	13	"TMEM164"	1200.5	"HiG"
"HiG_17"	3	"CCSER2"	1276	"HiG"
"HiG_17"	202	"NRG3"	903.5	"HiG"
"HiG_17"	349	"NCS1"	798	"HiG"
"HiG_17"	135	"HIVEP3"	974	"HiG"
"HiG_17"	2261	"UBR2"	308.5	"HiG"
"HiG_17"	7789	"DNM1"	84	"HiG"
"HiG_17"	244	"STK40"	866	"HiG"
"HiG_17"	851	"AGO3"	575	"HiG"
"HiG_17"	1	"PTPRT"	1300	"HiG"
"HiG_17"	1548	"CHD6"	405	"HiG"
"HiG_17"	7978	"STXBP1"	80	"HiG"
"HiG_17"	70	"CSMD2"	1048	"HiG"
"HiG_17"	0	"GARNL3"	1346.5	"HiG"
"HiG_17"	2348	"DENND1A"	301	"HiG"
"HiG_17"	50	"NKAIN1"	1087.5	"HiG"
"HiG_17"	20	"PHYHIPL"	1168.5	"HiG"
"HiG_17"	20	"DLGAP4"	1168.5	"HiG"
"HiG_17"	1440	"STX12"	420	"HiG"
"HiG_17"	287	"PCDH15"	841	"HiG"
"HiG_17"	19	"AHDC1"	1173.5	"HiG"
"HiG_17"	2414	"PHF20"	291	"HiG"
"HiG_17"	8	"MACO1"	1232.5	"HiG"
"HiG_17"	84	"PALM2AKAP2"	1031.5	"HiG"
"HiG_17"	53	"EPB41L4B"	1081.5	"HiG"
"HiG_17"	766	"BMPR2"	604	"HiG"
"HiG_17"	6	"CCNY"	1252.5	"HiG"
"HiG_17"	4366	"PARD3"	152	"HiG"
"HiG_17"	9	"ECE1"	1222	"HiG"
"HiG_17"	1217	"UBR4"	475	"HiG"
"HiG_17"	457	"UPF3A"	730	"HiG"
"HiG_17"	372	"AOPEP"	782	"HiG"
"HiG_17"	0	"CENPP"	1346.5	"HiG"
"HiG_17"	796	"FBXO42"	596.5	"HiG"
"HiG_17"	1629	"AUH"	391	"HiG"
"HiG_17"	783	"IRS2"	600	"HiG"
"HiG_17"	959	"FAM155A"	543	"HiG"
"HiG_17"	37	"KAZN"	1120.5	"HiG"
"HiG_17"	3313	"DLG2"	213	"HiG"
"HiG_17"	412	"FGF14"	755	"HiG"
"HiG_17"	347	"PCCA"	800.5	"HiG"
"HiG_17"	62	"GPR158"	1066.5	"HiG"
"HiG_17"	214	"STXBP4"	894.5	"HiG"
"HiG_17"	563	"PIP4K2A"	679.5	"HiG"
"HiG_17"	2172	"MBNL2"	321	"HiG"
"HiG_17"	520	"HS6ST3"	703	"HiG"
"HiG_17"	23	"PRUNE2"	1156.5	"HiG"
"HiG_17"	529	"UGGT2"	696	"HiG"
"HiG_17"	9	"SYNDIG1"	1222	"HiG"
"HiG_17"	1404	"DNAJC1"	426.5	"HiG"
"HiG_17"	2	"CASZ1"	1286.5	"HiG"
"HiG_17"	1270	"GPC6"	456	"HiG"
"HiG_17"	2261	"GPC5"	308.5	"HiG"
"HiG_17"	181	"NEBL"	918.5	"HiG"
"HiG_17"	29	"HECTD4"	1135	"HiG"
"HiG_17"	8	"KLF12"	1232.5	"HiG"
"HiG_17"	7358	"DPP6"	90	"HiG"
"HiG_17"	930	"RTN3"	548.5	"HiG"
"HiG_17"	26	"ACOT7"	1147.5	"HiG"
"HiG_17"	207	"PCDH9"	898	"HiG"
"HiG_17"	0	"RSU1"	1346.5	"HiG"
"HiG_17"	6757	"KDM6A"	97	"HiG"
"HiG_17"	73	"ITGA8"	1044	"HiG"
"HiG_17"	15	"EXT1"	1192	"HiG"
"HiG_17"	3012	"KIAA0319"	239	"HiG"
"HiG_17"	737	"CAMKMT"	612	"HiG"
"HiG_17"	10692	"PLCB4"	48	"HiG"
"HiG_17"	8063	"GNB1"	78	"HiG"
"HiG_17"	6	"C11orf49"	1252.5	"HiG"
"HiG_17"	122	"LRP4"	989	"HiG"
"HiG_17"	1258	"CNTFR"	458	"HiG"
"HiG_17"	1209	"NRCAM"	477.5	"HiG"
"HiG_17"	2	"VWA8"	1286.5	"HiG"
"HiG_17"	238	"SLC23A2"	874	"HiG"
"HiG_17"	1306	"PTCHD1"	451	"HiG"
"HiG_17"	1702	"TOM1L2"	379	"HiG"
"HiG_17"	391	"CNKSR2"	770	"HiG"
"HiG_17"	1238	"NFX1"	468	"HiG"
"HiG_17"	0	"ELF2"	1346.5	"HiG"
"HiG_17"	95	"LHFPL6"	1018	"HiG"
"HiG_17"	109	"HGSNAT"	1003	"HiG"
"HiG_17"	4	"ARHGAP44"	1267	"HiG"
"HiG_17"	22	"APTX"	1162	"HiG"
"HiG_17"	5280	"ARIH1"	114	"HiG"
"HiG_17"	2345	"LINGO2"	302	"HiG"
"HiG_17"	377	"CDK14"	779	"HiG"
"HiG_17"	21	"NHS"	1165.5	"HiG"
"HiG_17"	980	"ELAVL2"	533	"HiG"
"HiG_17"	398	"FOCAD"	765	"HiG"
"HiG_17"	2	"FBXO16"	1286.5	"HiG"
"HiG_17"	59	"LHFPL2"	1072	"HiG"
"HiG_17"	253	"PTPRA"	861	"HiG"
"HiG_17"	626	"PIR"	657	"HiG"
"HiG_17"	1823	"CARS1"	360	"HiG"
"HiG_17"	13	"KATNAL1"	1200.5	"HiG"
"HiG_17"	37	"CCDC171"	1120.5	"HiG"
"HiG_17"	832	"GMDS"	584	"HiG"
"HiG_17"	111	"ZDHHC21"	1000.5	"HiG"
"HiG_17"	105	"RUFY3"	1006.5	"HiG"
"HiG_17"	2253	"NLGN4X"	311	"HiG"
"HiG_17"	971	"CCM2"	538.5	"HiG"
"HiG_17"	3504	"PTPRD"	198	"HiG"
"HiG_17"	1718	"KDM4C"	377	"HiG"
"HiG_17"	14810	"ITSN1"	24	"HiG"
"HiG_17"	969	"CDK8"	540.5	"HiG"
"HiG_17"	7053	"JAK2"	93	"HiG"
"HiG_17"	218	"ATP8A2"	890.5	"HiG"
"HiG_17"	27	"ATP8A1"	1143	"HiG"
"HiG_17"	2094	"CATSPER2"	331.5	"HiG"
"HiG_17"	20	"CPPED1"	1168.5	"HiG"
"HiG_17"	203	"RFX3"	901	"HiG"
"HiG_17"	841	"NIN"	579.5	"HiG"
"HiG_17"	109	"SGCZ"	1003	"HiG"
"HiG_17"	218	"KCNIP4"	890.5	"HiG"
"HiG_17"	38	"BRSK2"	1117.5	"HiG"
"HiG_17"	122	"CDH18"	989	"HiG"
"HiG_17"	1555	"PPP2R2C"	403	"HiG"
"HiG_17"	148	"NSD2"	955.5	"HiG"
"HiG_17"	1661	"CTIF"	386	"HiG"
"HiG_17"	12	"STAG1"	1206.5	"HiG"
"HiG_17"	168	"TMEM241"	931	"HiG"
"HiG_17"	732	"CADPS"	615.5	"HiG"
"HiG_17"	16	"RBMS3"	1186.5	"HiG"
"HiG_17"	1676	"SRGAP3"	384	"HiG"
"HiG_17"	38	"GOLM1"	1117.5	"HiG"
"HiG_17"	442	"RUFY2"	736.5	"HiG"
"HiG_17"	8848	"KCNQ3"	65	"HiG"
"HiG_17"	8972	"ALK"	64	"HiG"
"HiG_17"	2318	"TRAPPC9"	304	"HiG"
"HiG_17"	217	"RPH3A"	892.5	"HiG"
"HiG_17"	2647	"PTPRN2"	261	"HiG"
"HiG_17"	1128	"LRP1B"	499.5	"HiG"
"HiG_17"	26	"EPHA6"	1147.5	"HiG"
"HiG_17"	23	"RFLNA"	1156.5	"HiG"
"HiG_17"	51	"LYST"	1085	"HiG"
"HiG_17"	11161	"SQSTM1"	46	"HiG"
"HiG_17"	411	"RNF216"	756	"HiG"
"HiG_17"	273	"PGBD5"	849	"HiG"
"HiG_17"	654	"PPP1R12B"	645	"HiG"
"HiG_17"	269	"LRRFIP1"	853	"HiG"
"HiG_17"	4093	"SNX9"	165	"HiG"
"HiG_17"	0	"CCDC57"	1346.5	"HiG"
"HiG_17"	4135	"ASH1L"	161	"HiG"
"HiG_17"	0	"IQCN"	1346.5	"HiG"
"HiG_17"	16	"NCOA7"	1186.5	"HiG"
"HiG_17"	4	"OSBPL6"	1267	"HiG"
"HiG_17"	0	"TAOK3"	1346.5	"HiG"
"HiG_17"	0	"ABCA5"	1346.5	"HiG"
"HiG_17"	2756	"CERS6"	251	"HiG"
"HiG_17"	819	"TRAF3"	589	"HiG"
"HiG_17"	0	"CEP112"	1346.5	"HiG"
"HiG_17"	208	"EVL"	897	"HiG"
"HiG_17"	74	"ANO4"	1042	"HiG"
"HiG_17"	705	"GIPC1"	629.5	"HiG"
"HiG_17"	2462	"VTI1A"	283	"HiG"
"HiG_17"	4129	"LUC7L3"	162	"HiG"
"HiG_17"	27	"TMCC1"	1143	"HiG"
"HiG_17"	811	"LONRF2"	592	"HiG"
"HiG_17"	8	"HYDIN"	1232.5	"HiG"
"HiG_17"	5	"ST3GAL2"	1260	"HiG"
"HiG_17"	4201	"SRPK2"	158	"HiG"
"HiG_17"	5763	"GAP43"	110	"HiG"
"HiG_17"	2063	"PPP6R3"	333	"HiG"
"HiG_17"	170	"CHD2"	929	"HiG"
"HiG_17"	169	"SV2B"	930	"HiG"
"HiG_17"	963	"NDRG4"	542	"HiG"
"HiG_17"	2655	"PPP2R2B"	260	"HiG"
"HiG_17"	3044	"ACTN1"	236	"HiG"
"HiG_17"	1317	"PDE8A"	446	"HiG"
"HiG_17"	422	"DMTF1"	748	"HiG"
"HiG_17"	243	"TBCK"	867.5	"HiG"
"HiG_17"	2094	"PPP3CB"	331.5	"HiG"
"HiG_17"	36	"SPOCK1"	1123.5	"HiG"
"HiG_17"	2	"ZBTB46"	1286.5	"HiG"
"HiG_17"	681	"DAAM1"	638	"HiG"
"HiG_17"	716	"AFF1"	626	"HiG"
"HiG_17"	649	"HERC4"	648.5	"HiG"
"HiG_17"	13	"FAM135B"	1200.5	"HiG"
"HiG_17"	141	"NREP"	963.5	"HiG"
"HiG_17"	896	"EXT2"	556.5	"HiG"
"HiG_17"	15867	"CAMK2B"	22	"HiG"
"HiG_17"	316	"TNRC6A"	821.5	"HiG"
"HiG_17"	116	"MPRIP"	996	"HiG"
"HiG_17"	0	"COA1"	1346.5	"HiG"
"HiG_17"	155	"HECW1"	947	"HiG"
"HiG_17"	4970	"ELP4"	124	"HiG"
"HiG_17"	17345	"YWHAZ"	20	"HiG"
"HiG_17"	1122	"FAM172A"	502	"HiG"
"HiG_17"	456	"NAV2"	731.5	"HiG"
"HiG_17"	4746	"FAF1"	132	"HiG"
"HiG_17"	3177	"TAX1BP1"	221	"HiG"
"HiG_17"	365	"SOX6"	786	"HiG"
"HiG_17"	130	"PDXDC1"	980.5	"HiG"
"HiG_17"	1132	"PKIA"	497.5	"HiG"
"HiG_17"	31	"ARHGAP21"	1128.5	"HiG"
"HiG_17"	413	"AMPD3"	753.5	"HiG"
"HiG_17"	4049	"UBE2E2"	167	"HiG"
"HiG_17"	6	"RBAK-RBAKDN"	1252.5	"HiG"
"HiG_17"	19	"HRH1"	1173.5	"HiG"
"HiG_17"	6302	"NFE2L2"	105	"HiG"
"HiG_17"	7058	"DYNC1I2"	92	"HiG"
"HiG_17"	1253	"PAFAH1B1"	461	"HiG"
"HiG_17"	8	"AGAP3"	1232.5	"HiG"
"HiG_17"	838	"BICDL1"	582	"HiG"
"HiG_17"	83	"LSS"	1034	"HiG"
"HiG_17"	97	"TTC28"	1015.5	"HiG"
"HiG_17"	3220	"NAV3"	218	"HiG"
"HiG_17"	0	"CDH7"	1346.5	"HiG"
"HiG_17"	3504	"GRIP1"	198	"HiG"
"HiG_17"	42	"GRK4"	1108	"HiG"
"HiG_17"	8511	"BCL2"	71	"HiG"
"HiG_17"	12882	"NSF"	39	"HiG"
"HiG_17"	135	"CABIN1"	974	"HiG"
"HiG_17"	547	"TCF4"	689	"HiG"
"HiG_17"	517	"CSNK1D"	704	"HiG"
"HiG_17"	3108	"UBE2D2"	229	"HiG"
"HiG_17"	815	"AEBP2"	591	"HiG"
"HiG_17"	360	"TTC3"	790.5	"HiG"
"HiG_17"	2134	"HLCS"	326	"HiG"
"HiG_17"	2596	"MYO5A"	266	"HiG"
"HiG_17"	609	"JMJD1C"	663	"HiG"
"HiG_17"	892	"QSER1"	560.5	"HiG"
"HiG_17"	142	"N4BP2L2"	961.5	"HiG"
"HiG_17"	1763	"ANKRD28"	370	"HiG"
"HiG_17"	219	"USP47"	889	"HiG"
"HiG_17"	11	"SEL1L3"	1211	"HiG"
"HiG_17"	183	"L3MBTL4"	915	"HiG"
"HiG_17"	841	"ARGLU1"	579.5	"HiG"
"HiG_17"	1060	"PCBP3"	514.5	"HiG"
"HiG_17"	4694	"NEDD4L"	135	"HiG"
"HiG_17"	55	"SGSM1"	1078	"HiG"
"HiG_17"	285	"EIF4G3"	844	"HiG"
"HiG_17"	2895	"NBEA"	240	"HiG"
"HiG_17"	7818	"DSCAM"	83	"HiG"
"HiG_17"	0	"NCAM2"	1346.5	"HiG"
"HiG_17"	7	"HMX1"	1243	"HiG"
"HiG_17"	8	"DNAH14"	1232.5	"HiG"
"HiG_17"	816	"TAFA5"	590	"HiG"
"HiG_17"	16	"SUN1"	1186.5	"HiG"
"HiG_17"	9813	"NCOR2"	59	"HiG"
"HiG_17"	3689	"DTNB"	187	"HiG"
"HiG_17"	65	"ZFPM2"	1058.5	"HiG"
"HiG_17"	19	"SCFD2"	1173.5	"HiG"
"HiG_17"	275	"CADM2"	847.5	"HiG"
"HiG_17"	1197	"WDR60"	480.5	"HiG"
"HiG_17"	1041	"METTL15"	522	"HiG"
"HiG_17"	5443	"BCL6"	112	"HiG"
"HiG_17"	605	"PARG"	665	"HiG"
"HiG_17"	487	"AKAP12"	711	"HiG"
"HiG_17"	873	"NXPH1"	565	"HiG"
"HiG_17"	13440	"CTNNA2"	34	"HiG"
"HiG_17"	1612	"MTMR3"	394	"HiG"
"HiG_17"	4420	"SOS1"	147	"HiG"
"HiG_17"	233	"SLC8A1"	877	"HiG"
"HiG_17"	8110	"XPO1"	76	"HiG"
"HiG_17"	3020	"IMMP2L"	238	"HiG"
"HiG_17"	1019	"KIF2A"	529	"HiG"
"HiG_17"	33825	"NRXN1"	4	"HiG"
"HiG_17"	1960	"UNC5D"	347.5	"HiG"
"HiG_17"	0	"R3HDM2"	1346.5	"HiG"
"HiG_17"	275	"MAGI1"	847.5	"HiG"
"HiG_17"	263	"KIF26B"	856	"HiG"
"HiG_17"	16	"HIPK2"	1186.5	"HiG"
"HiG_17"	1189	"KIAA1841"	483.5	"HiG"
"HiG_17"	3504	"PRKAR1B"	198	"HiG"
"HiG_17"	172	"DGKB"	927.5	"HiG"
"HiG_17"	88	"PHF14"	1024	"HiG"
"HiG_17"	1144	"KIF3A"	495	"HiG"
"HiG_17"	350	"SETD5"	797	"HiG"
"HiG_17"	40	"SDK1"	1111	"HiG"
"HiG_17"	4719	"MBD5"	133	"HiG"
"HiG_17"	1044	"CPE"	519	"HiG"
"HiG_17"	854	"DAPK1"	572.5	"HiG"
"HiG_17"	3052	"SCN9A"	234	"HiG"
"HiG_17"	1128	"AAK1"	499.5	"HiG"
"HiG_17"	3522	"AFF3"	196	"HiG"
"HiG_17"	67	"TET3"	1053.5	"HiG"
"HiG_17"	0	"RBM4"	1346.5	"HiG"
"HiG_17"	0	"CAPS2"	1346.5	"HiG"
"HiG_17"	176	"R3HDM1"	923	"HiG"
"HiG_17"	651	"PLD3"	646.5	"HiG"
"HiG_17"	1603	"CLEC16A"	395	"HiG"
"HiG_17"	39	"THSD7B"	1114	"HiG"
"HiG_17"	2190	"LRRTM4"	318	"HiG"
"HiG_17"	460	"GALNT13"	727	"HiG"
"HiG_17"	901	"SPIRE1"	555	"HiG"
"HiG_17"	6725	"KANSL1"	98	"HiG"
"HiG_17"	559	"TANC2"	683	"HiG"
"HiG_17"	97	"OGDH"	1015.5	"HiG"
"HiG_17"	144	"RNF24"	958.5	"HiG"
"HiG_17"	758	"SLC25A12"	606	"HiG"
"HiG_17"	439	"CPLANE1"	738.5	"HiG"
"HiG_17"	163	"CYTH1"	935.5	"HiG"
"HiG_17"	12	"CHCHD3"	1206.5	"HiG"
"HiG_17"	44	"TMCO3"	1099	"HiG"
"HiG_17"	524	"KSR2"	699.5	"HiG"
"HiG_17"	0	"CASTOR3"	1346.5	"HiG"
"HiG_17"	409	"PLEKHM1"	757.5	"HiG"
"HiG_17"	397	"HERC1"	766.5	"HiG"
"HiG_17"	1	"ATCAY"	1300	"HiG"
"HiG_17"	1779	"UNC80"	366	"HiG"
"HiG_17"	85	"DENND4A"	1028.5	"HiG"
"HiG_17"	576	"SEPTIN9"	672	"HiG"
"HiG_17"	11548	"RBFOX1"	42	"HiG"
"HiG_17"	3	"ATP6AP1L"	1276	"HiG"
"HiG_17"	7	"PILRB"	1243	"HiG"
"HiG_17"	2523	"REEP1"	273	"HiG"
"HiG_17"	562	"ARHGAP28"	681.5	"HiG"
"HiG_17"	44	"MAPKBP1"	1099	"HiG"
"HiG_17"	20800	"KIF5C"	12	"HiG"
"HiG_17"	1773	"ABLIM2"	367	"HiG"
"HiG_17"	3170	"MORF4L2"	223	"HiG"
"HiG_17"	6	"SNX10"	1252.5	"HiG"
"HiG_17"	1747	"NSD1"	372	"HiG"
"HiG_17"	167	"UBR3"	932.5	"HiG"
"HiG_17"	362	"FGF13"	788	"HiG"
"HiG_17"	1405	"CHD9"	425	"HiG"
"HiG_17"	7951	"GRIK2"	81	"HiG"
"HiG_17"	2	"TSC22D1"	1286.5	"HiG"
"HiG_17"	2790	"GTF2IRD1"	248.5	"HiG"
"HiG_17"	2382	"LPIN1"	294	"HiG"
"HiG_17"	740	"GNG4"	611	"HiG"
"HiG_17"	8315	"CD44"	73	"HiG"
"HiG_17"	4111	"PHF21A"	164	"HiG"
"HiG_17"	13152	"CDK12"	36	"HiG"
"HiG_17"	1496	"TNIK"	410.5	"HiG"
"HiG_17"	347	"CHRM2"	800.5	"HiG"
"HiG_17"	307	"NBEAL1"	826	"HiG"
"HiG_17"	2565	"NCOA2"	268	"HiG"
"HiG_17"	637	"PTPRJ"	653	"HiG"
"HiG_17"	13554	"SNAP91"	32	"HiG"
"HiG_17"	1046	"PPIP5K1"	517	"HiG"
"HiG_17"	1852	"VPS53"	357	"HiG"
"HiG_17"	524	"TMEM232"	699.5	"HiG"
"HiG_17"	1697	"BMPR1B"	380	"HiG"
"HiG_17"	1110	"TNRC6B"	504	"HiG"
"HiG_17"	1244	"RUNX1T1"	464.5	"HiG"
"HiG_17"	872	"COPG2"	566	"HiG"
"HiG_17"	28	"CLSTN2"	1139	"HiG"
"HiG_17"	304	"PLCL1"	830	"HiG"
"HiG_17"	1173	"TBC1D5"	488	"HiG"
"HiG_17"	10	"PHTF2"	1215.5	"HiG"
"HiG_17"	0	"FRMD5"	1346.5	"HiG"
"HiG_17"	698	"ANKRD36C"	633	"HiG"
"HiG_17"	317	"CCPG1"	820	"HiG"
"HiG_17"	1449	"ICA1"	418	"HiG"
"HiG_17"	1	"VGLL4"	1300	"HiG"
"HiG_17"	159	"PLEKHA5"	941.5	"HiG"
"HiG_17"	613	"EZH1"	661.5	"HiG"
"HiG_17"	888	"NDRG1"	562	"HiG"
"HiG_17"	2	"TMEM120B"	1286.5	"HiG"
"HiG_17"	793	"ACVR1"	599	"HiG"
"HiG_17"	84	"CA10"	1031.5	"HiG"
"HiG_17"	4	"OXR1"	1267	"HiG"
"HiG_17"	925	"PPP1R9A"	551	"HiG"
"HiG_17"	192	"GPI"	909.5	"HiG"
"HiG_17"	5691	"TBL1XR1"	111	"HiG"
"HiG_17"	18	"SLC4A8"	1178	"HiG"
"HiG_17"	1546	"PBX1"	406	"HiG"
"HiG_17"	1255	"UNC5C"	459	"HiG"
"HiG_17"	46	"DNAJC7"	1093.5	"HiG"
"HiG_17"	228	"THSD7A"	881.5	"HiG"
"HiG_17"	1276	"TAF1"	454	"HiG"
"HiG_17"	72	"SYBU"	1046	"HiG"
"HiG_17"	0	"CHRNA7"	1346.5	"HiG"
"HiG_17"	672	"METTL6"	640	"HiG"
"HiG_17"	302	"HDAC9"	832.5	"HiG"
"HiG_17"	9486	"PRKCA"	61	"HiG"
"HiG_17"	14001	"KIF5A"	28	"HiG"
"HiG_17"	508	"ANO6"	707	"HiG"
"HiG_17"	0	"C2CD6"	1346.5	"HiG"
"HiG_17"	472	"VEZT"	720	"HiG"
"HiG_17"	0	"ABTB2"	1346.5	"HiG"
"HiG_17"	17	"SIMC1"	1181	"HiG"
"HiG_17"	1657	"CELF4"	388	"HiG"
"HiG_17"	548	"DOCK4"	688	"HiG"
"HiG_17"	371	"ATXN7L1"	783.5	"HiG"
"HiG_17"	4	"TMEM132C"	1267	"HiG"
"HiG_17"	732	"RUNDC3A"	615.5	"HiG"
"HiG_17"	138	"MARK3"	968	"HiG"
"HiG_17"	6	"ZNF438"	1252.5	"HiG"
"HiG_17"	730	"ARHGAP22"	618.5	"HiG"
"HiG_17"	512	"OSBPL9"	706	"HiG"
"HiG_17"	4051	"RBFOX2"	166	"HiG"
"HiG_17"	469	"TMEM130"	723	"HiG"
"HiG_17"	2234	"KIAA1324L"	314	"HiG"
"HiG_17"	309	"SEPTIN7"	825	"HiG"
"HiG_17"	19	"HID1"	1173.5	"HiG"
"HiG_17"	1043	"FNBP1"	520.5	"HiG"
"HiG_17"	619	"MAMLD1"	659	"HiG"
"HiG_17"	18	"SESTD1"	1178	"HiG"
"HiG_17"	342	"MICAL3"	803	"HiG"
"HiG_17"	265	"SEMA4D"	855	"HiG"
"HiG_17"	1483	"XKR6"	412	"HiG"
"HiG_17"	189	"STK33"	911	"HiG"
"HiG_17"	839	"GALNT11"	581	"HiG"
"HiG_17"	9	"PLEKHM3"	1222	"HiG"
"HiG_17"	432	"PHACTR2"	742.5	"HiG"
"HiG_17"	0	"SPATA6L"	1346.5	"HiG"
"HiG_17"	552	"FSD1L"	686.5	"HiG"
"HiG_17"	247	"NMD3"	863.5	"HiG"
"HiG_17"	16	"ST6GALNAC5"	1186.5	"HiG"
"HiG_17"	310	"FBXL2"	823.5	"HiG"
"HiG_17"	0	"ZBTB8OS"	1346.5	"HiG"
"HiG_17"	3463	"GPHN"	202	"HiG"
"HiG_17"	8	"NECTIN3"	1232.5	"HiG"
"HiG_17"	1847	"FHIT"	358	"HiG"
"HiG_17"	1460	"BTBD9"	415	"HiG"
"HiG_17"	575	"FTO"	673	"HiG"
"HiG_17"	23437	"BRCA1"	10	"HiG"
"HiG_17"	279	"LSAMP"	846	"HiG"
"HiG_17"	26538	"BRAF"	7	"HiG"
"HiG_17"	1869	"CACNA2D3"	353	"HiG"
"HiG_17"	109	"ZBTB20"	1003	"HiG"
"HiG_17"	1873	"SMYD3"	352	"HiG"
"HiG_17"	6	"PRKRIP1"	1252.5	"HiG"
"HiG_17"	721	"TRPC1"	624	"HiG"
"HiG_17"	283	"EIF1"	845	"HiG"
"HiG_17"	5	"DENND2A"	1260	"HiG"
"HiG_17"	88	"KLHL13"	1024	"HiG"
"HiG_17"	69	"KLF6"	1050	"HiG"
"HiG_17"	217	"PEX5L"	892.5	"HiG"
"HiG_17"	11	"IQCJ-SCHIP1"	1211	"HiG"
"HiG_17"	3137	"FLNB"	225	"HiG"
"HiG_17"	119	"KLHL29"	992.5	"HiG"
"HiG_17"	0	"ARMH1"	1346.5	"HiG"
"HiG_17"	432	"MAML3"	742.5	"HiG"
"HiG_17"	0	"SLC10A7"	1346.5	"HiG"
"HiG_17"	26	"ATP2C1"	1147.5	"HiG"
"HiG_17"	23	"CAST"	1156.5	"HiG"
"HiG_17"	646	"RPS6KA2"	650.5	"HiG"
"HiG_17"	1424	"ADGRL3"	421	"HiG"
"HiG_17"	2657	"SLIT2"	258.5	"HiG"
"HiG_17"	198	"INPP4B"	905.5	"HiG"
"HiG_17"	65	"FRAS1"	1058.5	"HiG"
"HiG_17"	363	"SEPTIN11"	787	"HiG"
"HiG_17"	353	"KLHL5"	794.5	"HiG"
"HiG_17"	670	"TUSC3"	641	"HiG"
"HiG_17"	2	"NEK1"	1286.5	"HiG"
"HiG_17"	1	"CCSER1"	1300	"HiG"
"HiG_17"	1475	"ABLIM3"	413	"HiG"
"HiG_17"	65	"LIMCH1"	1058.5	"HiG"
"HiG_17"	869	"CAMK2D"	568	"HiG"
"HiG_17"	465	"ZBTB38"	726	"HiG"
"HiG_17"	0	"KCTD16"	1346.5	"HiG"
"HiG_17"	3412	"RIMS2"	204	"HiG"
"HiG_17"	615	"APBB2"	660	"HiG"
"HiG_17"	288	"HS3ST5"	838.5	"HiG"
"HiG_17"	1	"RANBP17"	1300	"HiG"
"HiG_17"	2865	"DPYSL2"	243	"HiG"
"HiG_17"	18011	"PIK3R1"	17	"HiG"
"HiG_17"	437	"MPP2"	740	"HiG"
"HiG_17"	3	"DGLUCY"	1276	"HiG"
"HiG_17"	10390	"RIMS1"	54	"HiG"
"HiG_17"	3897	"GFRA2"	178	"HiG"
"HiG_17"	2	"NAIP"	1286.5	"HiG"
"HiG_17"	10	"STAU2"	1215.5	"HiG"
"HiG_17"	589	"UBR5"	668.5	"HiG"
"HiG_17"	607	"CYRIB"	664	"HiG"
"HiG_17"	1092	"STMN2"	508	"HiG"
"HiG_17"	1599	"UNC13A"	396	"HiG"
"HiG_17"	25	"SLC20A2"	1151	"HiG"
"HiG_17"	9346	"ASAP1"	62	"HiG"
"HiG_17"	1	"HMBOX1"	1300	"HiG"
"HiG_17"	24	"RNF130"	1153	"HiG"
"HiG_17"	43	"KCNB2"	1103.5	"HiG"
"HiG_17"	0	"BTBD10"	1346.5	"HiG"
"HiG_17"	2163	"NTRK1"	324	"HiG"
"HiG_17"	8	"POU2F2"	1232.5	"HiG"
"HiG_17"	3870	"AMBRA1"	180	"HiG"
"HiG_17"	439	"KDM2A"	738.5	"HiG"
"HiG_17"	288	"RGS5"	838.5	"HiG"
"HiG_17"	5	"TMEM41B"	1260	"HiG"
"HiG_17"	162	"DENND2B"	937	"HiG"
"HiG_17"	1647	"TXNRD1"	389	"HiG"
"HiG_17"	1422	"CDC27"	422	"HiG"
"HiG_17"	1170	"TEAD1"	489	"HiG"
"HiG_17"	99	"KIRREL3"	1011.5	"HiG"
"HiG_17"	108	"MROH1"	1005	"HiG"
"HiG_17"	483	"CNTN5"	712	"HiG"
"HiG_17"	2326	"CELF1"	303	"HiG"
"HiG_17"	467	"FBXL17"	725	"HiG"
"HiG_17"	6	"IQSEC3"	1252.5	"HiG"
"HiG_17"	167	"CCDC91"	932.5	"HiG"
"HiG_17"	19330	"KIF1A"	15	"HiG"
"HiG_17"	340	"HHAT"	806	"HiG"
"HiG_17"	4009	"NOVA1"	169	"HiG"
"HiG_17"	19936	"TUBA1A"	14	"HiG"
"HiG_17"	145	"CRADD"	957	"HiG"
"HiG_17"	16	"TRERF1"	1186.5	"HiG"
"HiG_17"	383	"ZMYND8"	776.5	"HiG"
"HiG_17"	135	"MED24"	974	"HiG"
"HiG_17"	727	"FAM120B"	620	"HiG"
"HiG_17"	123	"MCF2L"	987	"HiG"
"HiG_17"	2212	"EVI5"	316	"HiG"
"HiG_17"	85	"PLD5"	1028.5	"HiG"
"HiG_17"	10	"AP3B2"	1215.5	"HiG"
"HiG_17"	15	"USP36"	1192	"HiG"
"HiG_17"	707	"PCDH7"	628	"HiG"
"HiG_17"	370	"FNDC3A"	785	"HiG"
"HiG_17"	523	"DMXL2"	701	"HiG"
"HiG_17"	1279	"ARHGEF28"	453	"HiG"
"HiG_17"	6	"SESN3"	1252.5	"HiG"
"HiG_17"	3414	"TMTC1"	203	"HiG"
"HiG_17"	154	"ZCCHC7"	948	"HiG"
"HiG_17"	9	"AP003108.2"	1222	"HiG"
"HiG_17"	43	"C2CD5"	1103.5	"HiG"
"HiG_17"	2166	"ADK"	323	"HiG"
"HiG_17"	39	"SYT7"	1114	"HiG"
"HiG_17"	3399	"MYCBP2"	206	"HiG"
"HiG_17"	3023	"SSH2"	237	"HiG"
"HiG_17"	9	"DENND5B"	1222	"HiG"
"HiG_17"	7	"FRY"	1243	"HiG"
"HiG_17"	442	"ATP1A1"	736.5	"HiG"
"HiG_17"	13	"SLC39A11"	1200.5	"HiG"
"HiG_17"	1140	"CMIP"	496	"HiG"
"HiG_17"	7550	"ATXN2"	87	"HiG"
"HiG_17"	4156	"CNTN1"	159	"HiG"
"HiG_17"	3941	"CEP290"	174	"HiG"
"HiG_17"	4	"SPATS2"	1267	"HiG"
"HiG_17"	392	"ANKS1B"	769	"HiG"
"HiG_17"	9	"SLC38A1"	1222	"HiG"
"HiG_17"	4550	"PPFIA2"	142	"HiG"
"HiG_17"	130	"CEP95"	980.5	"HiG"
"HiG_17"	269	"TMEM179"	853	"HiG"
"HiG_17"	161	"RGS6"	938.5	"HiG"
"HiG_17"	0	"LIN52"	1346.5	"HiG"
"HiG_17"	1021	"EML5"	528	"HiG"
"HiG_17"	65	"MINDY2"	1058.5	"HiG"
"HiG_17"	1	"AC090517.4"	1300	"HiG"
"HiG_17"	27	"GALK2"	1143	"HiG"
"HiG_17"	2835	"TLN2"	245	"HiG"
"HiG_17"	1819	"LDLR"	361.5	"HiG"
"HiG_17"	163	"SCAPER"	935.5	"HiG"
"HiG_17"	861	"C15orf41"	570	"HiG"
"HiG_17"	44	"SNX29"	1099	"HiG"
"HiG_17"	48	"TMEM178B"	1090.5	"HiG"
"HiG_17"	10265	"WWOX"	55	"HiG"
"HiG_17"	182	"KIAA0513"	916.5	"HiG"
"HiG_17"	142	"ARL17B"	961.5	"HiG"
"HiG_17"	310	"TOM1L1"	823.5	"HiG"
"HiG_17"	7	"FAM222B"	1243	"HiG"
"HiG_17"	0	"NBPF15"	1346.5	"HiG"
"HiG_17"	1805	"ADCYAP1"	363	"HiG"
"HiG_17"	36	"CUEDC1"	1123.5	"HiG"
"HiG_17"	1369	"PTPRM"	435.5	"HiG"
"HiG_17"	4686	"RNF213"	136	"HiG"
"HiG_17"	239	"CYB561"	872	"HiG"
"HiG_17"	394	"HELZ"	768	"HiG"
"HiG_17"	1594	"LRRC37A3"	399	"HiG"
"HiG_17"	30	"UNK"	1131	"HiG"
"HiG_17"	664	"MFSD11"	644	"HiG"
"HiG_17"	1380	"MXRA7"	432	"HiG"
"HiG_17"	1682	"ACLY"	382	"HiG"
"HiG_17"	1	"FHOD3"	1300	"HiG"
"HiG_17"	730	"PTPRS"	618.5	"HiG"
"HiG_17"	48	"GPATCH8"	1090.5	"HiG"
"HiG_17"	1572	"SARM1"	401	"HiG"
"HiG_17"	2058	"MBTD1"	334	"HiG"
"HiG_17"	114	"EML2"	998	"HiG"
"HiG_17"	397	"NMT1"	766.5	"HiG"
"HiG_17"	3365	"BCAS3"	210	"HiG"
"HiG_17"	867	"ZBTB7C"	569	"HiG"
"HiG_17"	3688	"SPTBN4"	188	"HiG"
"HiG_17"	185	"DTNA"	914	"HiG"
"HiG_17"	0	"ZNF83"	1346.5	"HiG"
"HiG_17"	43	"TAF15"	1103.5	"HiG"
"HiG_17"	6309	"FBXW7"	104	"HiG"
"HiG_17"	0	"ACYP2"	1346.5	"HiG"
"HiG_17"	0	"SLC25A16"	1346.5	"HiG"
"HiG_17"	1671	"FRRS1L"	385	"HiG"
"HiG_17"	1037	"CPEB1"	524	"HiG"
"HiG_17"	5426	"STIM1"	113	"HiG"
"HiG_17"	137	"VPS13D"	969.5	"HiG"
"HiG_17"	829	"GGNBP2"	586	"HiG"
"HiG_17"	1362	"PPP6R2"	437	"HiG"
"HiG_17"	121	"ICA1L"	991	"HiG"
"HiG_17"	72	"CAMK1D"	1046	"HiG"
"HiG_17"	693	"FMN1"	635	"HiG"
"HiG_17"	161	"JAKMIP2"	938.5	"HiG"
"HiG_17"	4112	"CLIP1"	163	"HiG"
"HiG_17"	1197	"MYO19"	480.5	"HiG"
"HiG_17"	31	"DPF3"	1128.5	"HiG"
"HiG_17"	10084	"CLTC"	57	"HiG"
"HiG_17"	501	"RPS6KA5"	709	"HiG"
"HiG_17"	1726	"CYFIP2"	376	"HiG"
"HiG_17"	7246	"SYN2"	91	"HiG"
"HiG_17"	3591	"NCAM1"	192	"HiG"
"HiG_17"	150	"LRMDA"	951.5	"HiG"
"HiG_17"	332	"IQSEC1"	812	"HiG"
"HiG_17"	119	"EPHA5"	992.5	"HiG"
"HiG_17"	22	"PKIB"	1162	"HiG"
"HiG_17"	423	"SRRM3"	747	"HiG"
"HiG_17"	236	"ZCCHC17"	876	"HiG"
"HiG_17"	2657	"TADA2A"	258.5	"HiG"
"HiG_17"	1200	"ANKRD36B"	479	"HiG"
"HiG_17"	470	"POM121C"	721	"HiG"
"HiG_17"	156	"MAPK8IP3"	946	"HiG"
"HiG_17"	1185	"ARHGAP23"	486	"HiG"
"HiG_17"	1228	"TTC8"	471	"HiG"
"HiG_17"	680	"MAP7"	639	"HiG"
"HiG_17"	4368	"RAB11FIP4"	151	"HiG"
"HiG_17"	80	"MAP3K14"	1035	"HiG"
"HiG_17"	26	"PTPN9"	1147.5	"HiG"
"HiG_17"	78	"PCSK6"	1037	"HiG"
"HiG_17"	64	"EPB41L4A"	1063.5	"HiG"
"HiG_17"	59	"PAMR1"	1072	"HiG"
"HiG_17"	10572	"AP2B1"	51	"HiG"
"HiG_17"	3572	"DCAF7"	193	"HiG"
"HiG_17"	4011	"ACACA"	168	"HiG"
"HiG_17"	3	"MARK1"	1276	"HiG"
"HiG_17"	3771	"SYNRG"	183	"HiG"
"HiG_17"	287	"HPCAL1"	841	"HiG"
"HiG_17"	52	"SSBP2"	1083	"HiG"
"HiG_17"	42	"MFSD1"	1108	"HiG"
"HiG_17"	187	"SRCIN1"	913	"HiG"
"HiG_17"	19	"CASTOR2"	1173.5	"HiG"
"HiG_17"	172	"ARMC9"	927.5	"HiG"
"HiG_17"	6	"SYT14"	1252.5	"HiG"
"HiG_17"	1051	"VPS8"	516	"HiG"
"HiG_17"	8649	"SPTAN1"	68	"HiG"
"HiG_17"	405	"CELF2"	760	"HiG"
"HiG_17"	211	"LINC02210-CRHR1"	896	"HiG"
"HiG_17"	625	"EXOC6B"	658	"HiG"
"HiG_17"	4400	"NRXN3"	150	"HiG"
"HiG_17"	0	"UMAD1"	1346.5	"HiG"
"HiG_17"	1347	"HSPA12A"	442	"HiG"
"HiG_17"	2501	"DLGAP2"	276.5	"HiG"
"HiG_17"	25613	"SCN2A"	8	"HiG"
"HiG_17"	852	"LCOR"	574	"HiG"
"HiG_17"	3	"RALGAPA1"	1276	"HiG"
"HiG_17"	3370	"ARID1B"	208.5	"HiG"
"HiG_17"	0	"CCDC200"	1346.5	"HiG"
"HiG_17"	0	"C14orf132"	1346.5	"HiG"
"HiG_17"	1	"ATG9B"	1300	"HiG"
"HiG_17"	0	"SCART1"	1346.5	"HiG"
"HiG_17"	0	"CCDC7"	1346.5	"HiG"
"HiG_17"	7	"LPP"	1243	"HiG"
"HiG_17"	0	"KANTR"	1346.5	"HiG"
"HiG_17"	295	"MICU1"	835	"HiG"
"HiG_17"	347	"ZFHX3"	800.5	"HiG"
"HiG_17"	2213	"VPS13C"	315	"HiG"
"HiG_17"	3409	"GRB10"	205	"HiG"
"HiG_17"	415	"PATJ"	752	"HiG"
"HiG_17"	419	"HK1"	751	"HiG"
"HiG_17"	4263	"CASK"	156	"HiG"
"HiG_17"	2883	"SNRPN"	241	"HiG"
"HiG_17"	1783	"ARHGEF7"	365	"HiG"
"HiG_17"	64	"ACBD6"	1063.5	"HiG"
"HiG_17"	2401	"SPG7"	292	"HiG"
"HiG_17"	0	"ABHD18"	1346.5	"HiG"
"HiG_17"	4339	"PRKCB"	154	"HiG"
"HiG_17"	1408	"SGCE"	423.5	"HiG"
"HiG_17"	874	"SLC18A2"	564	"HiG"
"HiG_17"	10642	"IGF1R"	50	"HiG"
"HiG_17"	0	"CCBE1"	1346.5	"HiG"
"HiG_17"	2613	"ENOSF1"	264	"HiG"
"HiG_17"	2449	"SETBP1"	287	"HiG"
"HiG_17"	2254	"MYT1L"	310	"HiG"
"HiG_17"	144	"INPP5F"	958.5	"HiG"
"HiG_17"	2373	"BMPER"	297	"HiG"
"HiG_17"	127	"TTC37"	982.5	"HiG"
"HiG_17"	69	"DCAKD"	1050	"HiG"
"HiG_17"	2668	"TPM3"	256	"HiG"
"HiG_17"	1496	"ANKRD36"	410.5	"HiG"
"HiG_17"	340	"MRTFA"	806	"HiG"
"HiG_17"	3091	"BICD1"	231	"HiG"
"HiG_17"	0	"FAM219A"	1346.5	"HiG"
"HiG_17"	247	"SLMAP"	863.5	"HiG"
"HiG_17"	17567	"CALM1"	19	"HiG"
"HiG_17"	408	"ASB3"	759	"HiG"
"HiG_17"	2455	"JAK1"	286	"HiG"
"HiG_17"	4606	"CAMK2A"	139	"HiG"
"HiG_17"	435	"ARHGAP35"	741	"HiG"
"HiG_17"	5186	"AKT3"	116	"HiG"
"HiG_17"	341	"MFSD4B"	804	"HiG"
"HiG_17"	13464	"SNCA"	33	"HiG"
"HiG_15"	21381	"CD4"	3	"HiG"
"HiG_15"	273	"FAM168A"	310	"HiG"
"HiG_15"	0	"INPP4A"	667	"HiG"
"HiG_15"	5	"HDAC7"	544.5	"HiG"
"HiG_15"	235	"MAP2K5"	329	"HiG"
"HiG_15"	7	"CDK13"	533.5	"HiG"
"HiG_15"	25	"GOLGA3"	486	"HiG"
"HiG_15"	2002	"CBX5"	88	"HiG"
"HiG_15"	2215	"MYH9"	80	"HiG"
"HiG_15"	84	"RIN3"	404	"HiG"
"HiG_15"	7	"VRK1"	533.5	"HiG"
"HiG_15"	140	"PNN"	373	"HiG"
"HiG_15"	735	"STAG2"	210	"HiG"
"HiG_15"	48	"GABPB1"	443	"HiG"
"HiG_15"	1699	"AGO2"	104	"HiG"
"HiG_15"	15	"SIPA1L3"	511.5	"HiG"
"HiG_15"	0	"GLCCI1"	667	"HiG"
"HiG_15"	0	"AEBP1"	667	"HiG"
"HiG_15"	31	"SETX"	470.5	"HiG"
"HiG_15"	2803	"PFN1"	57	"HiG"
"HiG_15"	496	"CD38"	253	"HiG"
"HiG_15"	154	"RPS12"	361	"HiG"
"HiG_15"	0	"LNPEP"	667	"HiG"
"HiG_15"	849	"NR3C1"	185	"HiG"
"HiG_15"	145	"MSH2"	370	"HiG"
"HiG_15"	2	"ELF1"	582	"HiG"
"HiG_15"	1461	"MND1"	121	"HiG"
"HiG_15"	0	"ZC3HAV1"	667	"HiG"
"HiG_15"	16	"SOX4"	507.5	"HiG"
"HiG_15"	163	"RALY"	359	"HiG"
"HiG_15"	40	"RABGAP1L"	454.5	"HiG"
"HiG_15"	1350	"RBM39"	126	"HiG"
"HiG_15"	62	"GSE1"	421.5	"HiG"
"HiG_15"	180	"EXOC4"	345	"HiG"
"HiG_15"	1022	"FUS"	156.5	"HiG"
"HiG_15"	195	"SMARCC1"	341	"HiG"
"HiG_15"	895	"NUP210"	176	"HiG"
"HiG_15"	835	"NASP"	189	"HiG"
"HiG_15"	285	"AP3B1"	306	"HiG"
"HiG_15"	76	"DDB2"	413	"HiG"
"HiG_15"	76	"BACH2"	413	"HiG"
"HiG_15"	0	"TFCP2"	667	"HiG"
"HiG_15"	176	"BRIP1"	348.5	"HiG"
"HiG_15"	429	"RPL35"	273.5	"HiG"
"HiG_15"	67	"RNF38"	419	"HiG"
"HiG_15"	0	"RIPOR2"	667	"HiG"
"HiG_15"	0	"SLCO5A1"	667	"HiG"
"HiG_15"	0	"CTDSPL2"	667	"HiG"
"HiG_15"	617	"ADAM10"	232	"HiG"
"HiG_15"	22422	"KIF11"	2	"HiG"
"HiG_15"	57	"TOPBP1"	426	"HiG"
"HiG_15"	3735	"LMNB1"	39	"HiG"
"HiG_15"	594	"UBE2K"	237	"HiG"
"HiG_15"	56	"N4BP2"	428.5	"HiG"
"HiG_15"	253	"TBC1D1"	321	"HiG"
"HiG_15"	0	"MAN2A1"	667	"HiG"
"HiG_15"	328	"HERC2"	290	"HiG"
"HiG_15"	862	"TAOK1"	183	"HiG"
"HiG_15"	458	"RBM25"	261.5	"HiG"
"HiG_15"	2567	"KMT2C"	65	"HiG"
"HiG_15"	282	"RCOR1"	307	"HiG"
"HiG_15"	70	"RAB11FIP3"	415.5	"HiG"
"HiG_15"	94	"RPL8"	398.5	"HiG"
"HiG_15"	0	"CBFA2T2"	667	"HiG"
"HiG_15"	0	"TIMP2"	667	"HiG"
"HiG_15"	45	"E2F3"	451.5	"HiG"
"HiG_15"	733	"TCF3"	212	"HiG"
"HiG_15"	168	"EPC1"	356.5	"HiG"
"HiG_15"	35	"SMG6"	462.5	"HiG"
"HiG_15"	872	"PRKCQ"	180	"HiG"
"HiG_15"	130	"UBE2R2"	378	"HiG"
"HiG_15"	57	"LIG1"	426	"HiG"
"HiG_15"	2983	"BRD4"	52	"HiG"
"HiG_15"	631	"NOTCH3"	231	"HiG"
"HiG_15"	59	"OSBPL5"	423.5	"HiG"
"HiG_15"	557	"CLASP1"	242	"HiG"
"HiG_15"	33	"SRBD1"	466	"HiG"
"HiG_15"	4259	"KAT2B"	33	"HiG"
"HiG_15"	404	"WDR76"	280	"HiG"
"HiG_15"	4661	"CBL"	28	"HiG"
"HiG_15"	68	"ZRANB3"	417.5	"HiG"
"HiG_15"	258	"ARID4B"	319	"HiG"
"HiG_15"	0	"POLQ"	667	"HiG"
"HiG_15"	1589	"NEIL3"	113	"HiG"
"HiG_15"	560	"HDAC4"	239.5	"HiG"
"HiG_15"	753	"FBXL20"	199	"HiG"
"HiG_15"	15	"TBC1D19"	511.5	"HiG"
"HiG_15"	170	"RAD18"	354.5	"HiG"
"HiG_15"	2	"MGAT4A"	582	"HiG"
"HiG_15"	0	"CEP70"	667	"HiG"
"HiG_15"	3	"GALNT7"	567.5	"HiG"
"HiG_15"	9217	"LEF1"	12	"HiG"
"HiG_15"	915	"CDK6"	173	"HiG"
"HiG_15"	471	"CCAR1"	259	"HiG"
"HiG_15"	251	"MAPKAP1"	322	"HiG"
"HiG_15"	5	"RBM6"	544.5	"HiG"
"HiG_15"	1393	"TMPO"	123	"HiG"
"HiG_15"	3471	"RB1"	46	"HiG"
"HiG_15"	0	"PELI2"	667	"HiG"
"HiG_15"	5	"ADAMTS17"	544.5	"HiG"
"HiG_15"	0	"CDR2"	667	"HiG"
"HiG_15"	2969	"CBFA2T3"	53	"HiG"
"HiG_15"	489	"SAE1"	254	"HiG"
"HiG_15"	1214	"RPS11"	142	"HiG"
"HiG_15"	6737	"RPS27A"	19	"HiG"
"HiG_15"	21	"SPATA5"	492	"HiG"
"HiG_15"	238	"RPL37"	328	"HiG"
"HiG_15"	0	"ARHGAP26"	667	"HiG"
"HiG_15"	2	"CDKAL1"	582	"HiG"
"HiG_15"	80	"PHIP"	410	"HiG"
"HiG_15"	95	"MMS22L"	397	"HiG"
"HiG_15"	0	"DOCK11"	667	"HiG"
"HiG_15"	0	"MFHAS1"	667	"HiG"
"HiG_15"	0	"UHRF2"	667	"HiG"
"HiG_15"	1710	"RPS3"	103	"HiG"
"HiG_15"	261	"NINL"	317.5	"HiG"
"HiG_15"	267	"ARID5B"	314.5	"HiG"
"HiG_15"	0	"BTBD11"	667	"HiG"
"HiG_15"	2364	"NBAS"	70	"HiG"
"HiG_15"	7	"KANSL1L"	533.5	"HiG"
"HiG_15"	960	"MGAT5"	166	"HiG"
"HiG_15"	1309	"MED13L"	129	"HiG"
"HiG_15"	0	"ATG10"	667	"HiG"
"HiG_15"	5	"ANKRD44"	544.5	"HiG"
"HiG_15"	263	"CAMK4"	316	"HiG"
"HiG_15"	1173	"MBNL1"	145	"HiG"
"HiG_15"	1358	"NIPBL"	125	"HiG"
"HiG_15"	547	"MSI2"	246	"HiG"
"HiG_15"	47	"UBASH3B"	448	"HiG"
"HiG_15"	0	"VOPP1"	667	"HiG"
"HiG_15"	0	"PXYLP1"	667	"HiG"
"HiG_15"	935	"GNAQ"	170	"HiG"
"HiG_15"	1023	"TIAM1"	155	"HiG"
"HiG_15"	3	"ZFAND3"	567.5	"HiG"
"HiG_15"	111	"KAT6B"	390	"HiG"
"HiG_15"	798	"ATAD2"	194	"HiG"
"HiG_15"	119	"NSMCE2"	382	"HiG"
"HiG_15"	8284	"BUB1B"	13	"HiG"
"HiG_15"	37	"FANCC"	460	"HiG"
"HiG_15"	0	"ABHD3"	667	"HiG"
"HiG_15"	430	"PKNOX1"	272	"HiG"
"HiG_15"	0	"C21orf58"	667	"HiG"
"HiG_15"	3	"LUC7L"	567.5	"HiG"
"HiG_15"	1142	"ARHGAP15"	147	"HiG"
"HiG_15"	313	"STT3B"	297	"HiG"
"HiG_15"	32	"ATXN7"	468.5	"HiG"
"HiG_15"	0	"LZTFL1"	667	"HiG"
"HiG_15"	2124	"HMGB2"	83	"HiG"
"HiG_15"	1376	"SPIDR"	124	"HiG"
"HiG_15"	4442	"MELK"	31	"HiG"
"HiG_15"	164	"RAG1"	358	"HiG"
"HiG_15"	721	"ZNF407"	216	"HiG"
"HiG_15"	21205	"RUNX1"	4	"HiG"
"HiG_15"	10117	"TPX2"	11	"HiG"
"HiG_15"	950	"NFATC3"	168	"HiG"
"HiG_15"	2602	"RRM1"	63	"HiG"
"HiG_15"	55	"ANKRD11"	431	"HiG"
"HiG_15"	0	"DIP2B"	667	"HiG"
"HiG_15"	1080	"CHAF1A"	152	"HiG"
"HiG_15"	59	"SRRM2"	423.5	"HiG"
"HiG_15"	0	"KLF13"	667	"HiG"
"HiG_15"	0	"ARAP2"	667	"HiG"
"HiG_15"	2111	"PDS5A"	84	"HiG"
"HiG_15"	48	"UBE2E1"	443	"HiG"
"HiG_15"	866	"MZB1"	182	"HiG"
"HiG_15"	30	"STX8"	472	"HiG"
"HiG_15"	0	"LETM1"	667	"HiG"
"HiG_15"	47	"CHST11"	448	"HiG"
"HiG_15"	1265	"ITPR1"	134	"HiG"
"HiG_15"	29	"PPM1D"	474.5	"HiG"
"HiG_15"	479	"YEATS2"	256	"HiG"
"HiG_15"	333	"BPTF"	289	"HiG"
"HiG_15"	615	"RPTOR"	234	"HiG"
"HiG_15"	47	"MLLT10"	448	"HiG"
"HiG_15"	0	"TSPAN5"	667	"HiG"
"HiG_15"	90	"RPL13"	401.5	"HiG"
"HiG_15"	68	"RASGRP1"	417.5	"HiG"
"HiG_15"	29	"SP3"	474.5	"HiG"
"HiG_15"	3520	"FANCI"	45	"HiG"
"HiG_15"	0	"MAL"	667	"HiG"
"HiG_15"	0	"DENND6A"	667	"HiG"
"HiG_15"	837	"RPL4"	188	"HiG"
"HiG_15"	2	"MSL2"	582	"HiG"
"HiG_15"	15	"PTPN2"	511.5	"HiG"
"HiG_15"	2	"ELMO1"	582	"HiG"
"HiG_15"	476	"CLSPN"	257	"HiG"
"HiG_15"	2754	"PABPC1"	58	"HiG"
"HiG_15"	694	"ATAD5"	222	"HiG"
"HiG_15"	1548	"PRKDC"	114	"HiG"
"HiG_15"	241	"KHDRBS1"	325	"HiG"
"HiG_15"	431	"PDS5B"	271	"HiG"
"HiG_15"	11	"CLPTM1L"	521.5	"HiG"
"HiG_15"	556	"BICRAL"	244	"HiG"
"HiG_15"	15	"NSD3"	511.5	"HiG"
"HiG_15"	49	"DIS3L2"	439	"HiG"
"HiG_15"	27	"DNMBP"	479.5	"HiG"
"HiG_15"	3563	"NUP98"	44	"HiG"
"HiG_15"	462	"FARS2"	260	"HiG"
"HiG_15"	17	"ZNF609"	504.5	"HiG"
"HiG_15"	150	"SUZ12"	362.5	"HiG"
"HiG_15"	20	"GRK3"	494	"HiG"
"HiG_15"	3	"SCMH1"	567.5	"HiG"
"HiG_15"	1735	"NCL"	100	"HiG"
"HiG_15"	3	"LENG8"	567.5	"HiG"
"HiG_15"	13	"CRLF3"	516.5	"HiG"
"HiG_15"	4154	"EZH2"	34	"HiG"
"HiG_15"	11197	"ARID1A"	9	"HiG"
"HiG_15"	563	"CNOT1"	238	"HiG"
"HiG_15"	12	"STRBP"	519	"HiG"
"HiG_15"	0	"DIAPH2"	667	"HiG"
"HiG_15"	2014	"CDC25C"	87	"HiG"
"HiG_15"	1526	"PITPNM2"	116	"HiG"
"HiG_15"	269	"POLE"	313	"HiG"
"HiG_15"	191	"E2F7"	342	"HiG"
"HiG_15"	2080	"SMC1A"	86	"HiG"
"HiG_15"	2360	"KIF15"	72	"HiG"
"HiG_15"	2	"APOLD1"	582	"HiG"
"HiG_15"	3	"ACAP2"	567.5	"HiG"
"HiG_15"	1	"FAM193A"	598	"HiG"
"HiG_15"	45	"NFATC2IP"	451.5	"HiG"
"HiG_15"	1349	"GSK3B"	127	"HiG"
"HiG_15"	20	"NCAPD2"	494	"HiG"
"HiG_15"	2	"WDR33"	582	"HiG"
"HiG_15"	3719	"TACC3"	40	"HiG"
"HiG_15"	878	"SMCHD1"	179	"HiG"
"HiG_15"	3	"ZFPM1"	567.5	"HiG"
"HiG_15"	32	"PCM1"	468.5	"HiG"
"HiG_15"	82	"KNTC1"	406	"HiG"
"HiG_15"	0	"PRKCH"	667	"HiG"
"HiG_15"	55	"H1-10"	431	"HiG"
"HiG_15"	314	"BRWD1"	295.5	"HiG"
"HiG_15"	1252	"ZNF704"	137	"HiG"
"HiG_15"	4730	"IKZF1"	26	"HiG"
"HiG_15"	1274	"IDH2"	132	"HiG"
"HiG_15"	7	"CYP2U1"	533.5	"HiG"
"HiG_15"	643	"SKA2"	229	"HiG"
"HiG_15"	0	"RFTN1"	667	"HiG"
"HiG_15"	148	"ARID2"	366.5	"HiG"
"HiG_15"	2	"ZNRF1"	582	"HiG"
"HiG_15"	3706	"HSP90AA1"	41	"HiG"
"HiG_15"	3191	"KNL1"	49	"HiG"
"HiG_15"	515	"TBC1D22A"	248	"HiG"
"HiG_15"	309	"DHX15"	298	"HiG"
"HiG_15"	1099	"TNRC6C"	150	"HiG"
"HiG_15"	15166	"TUBA1B"	6	"HiG"
"HiG_15"	0	"ARHGAP10"	667	"HiG"
"HiG_15"	756	"PCGF5"	198	"HiG"
"HiG_15"	0	"DGKH"	667	"HiG"
"HiG_15"	0	"RNASEH2B"	667	"HiG"
"HiG_15"	202	"PPP2R5E"	338	"HiG"
"HiG_15"	1502	"SKAP1"	118	"HiG"
"HiG_15"	1665	"PUM2"	105	"HiG"
"HiG_15"	997	"PLCB1"	159	"HiG"
"HiG_15"	8	"TASP1"	529.5	"HiG"
"HiG_15"	6	"RERE"	538.5	"HiG"
"HiG_15"	23	"CCDC88A"	489	"HiG"
"HiG_15"	4616	"TUBB"	30	"HiG"
"HiG_15"	314	"EEF1A1"	295.5	"HiG"
"HiG_15"	2418	"GRAP2"	67	"HiG"
"HiG_15"	696	"NT5C2"	219.5	"HiG"
"HiG_15"	719	"RPL7"	217	"HiG"
"HiG_15"	451	"LBR"	266.5	"HiG"
"HiG_15"	484	"MYB"	255	"HiG"
"HiG_15"	0	"TAF3"	667	"HiG"
"HiG_15"	729	"TCF7"	214	"HiG"
"HiG_15"	2341	"DYRK1A"	74	"HiG"
"HiG_15"	1	"RAP1GDS1"	598	"HiG"
"HiG_15"	118	"JARID2"	383	"HiG"
"HiG_15"	4	"WNK1"	555	"HiG"
"HiG_15"	3995	"SMC4"	37	"HiG"
"HiG_15"	429	"SEPTIN6"	273.5	"HiG"
"HiG_15"	4103	"HNRNPA1"	36	"HiG"
"HiG_15"	274	"LIN54"	309	"HiG"
"HiG_15"	0	"NRF1"	667	"HiG"
"HiG_15"	179	"BAZ1B"	346	"HiG"
"HiG_15"	0	"YPEL1"	667	"HiG"
"HiG_15"	147	"MCPH1"	368.5	"HiG"
"HiG_15"	26	"FOXN3"	483	"HiG"
"HiG_15"	150	"CCDC18"	362.5	"HiG"
"HiG_15"	800	"RAPGEF5"	193	"HiG"
"HiG_15"	14	"MAP4K4"	515	"HiG"
"HiG_15"	2363	"CDK5RAP2"	71	"HiG"
"HiG_15"	1479	"SMARCA4"	119	"HiG"
"HiG_15"	0	"PSPC1"	667	"HiG"
"HiG_15"	4656	"PTMA"	29	"HiG"
"HiG_15"	844	"KCNQ5"	186.5	"HiG"
"HiG_15"	514	"EPB41"	249	"HiG"
"HiG_15"	1863	"HMGB1"	92	"HiG"
"HiG_15"	89	"DLG1"	403	"HiG"
"HiG_15"	0	"ANP32B"	667	"HiG"
"HiG_15"	62	"RPS21"	421.5	"HiG"
"HiG_15"	221	"RPL3"	332	"HiG"
"HiG_15"	1598	"RPL27A"	112	"HiG"
"HiG_15"	1628	"RPLP1"	109	"HiG"
"HiG_15"	47	"RPS3A"	448	"HiG"
"HiG_15"	749	"LRMP"	201	"HiG"
"HiG_15"	907	"FYN"	175	"HiG"
"HiG_15"	133	"WAC"	376.5	"HiG"
"HiG_15"	668	"BLM"	225	"HiG"
"HiG_15"	0	"TBCD"	667	"HiG"
"HiG_15"	4	"STK39"	555	"HiG"
"HiG_15"	116	"ADD3"	384	"HiG"
"HiG_15"	38	"UVRAG"	458.5	"HiG"
"HiG_15"	2	"SPRED2"	582	"HiG"
"HiG_15"	2267	"HNRNPH1"	75	"HiG"
"HiG_15"	0	"ITGAL"	667	"HiG"
"HiG_15"	55	"IGF2R"	431	"HiG"
"HiG_15"	4	"LRBA"	555	"HiG"
"HiG_15"	6351	"BCL11B"	20	"HiG"
"HiG_15"	0	"ZNF43"	667	"HiG"
"HiG_15"	2	"NEGR1"	582	"HiG"
"HiG_15"	1286	"SYNE2"	131	"HiG"
"HiG_15"	36	"FRYL"	461	"HiG"
"HiG_15"	806	"DNA2"	192	"HiG"
"HiG_15"	172	"PLEKHG1"	352.5	"HiG"
"HiG_15"	101	"VPS13B"	394	"HiG"
"HiG_15"	6	"ANKRD17"	538.5	"HiG"
"HiG_15"	1841	"WWP2"	93	"HiG"
"HiG_15"	129	"CD2AP"	379	"HiG"
"HiG_15"	416	"NUP214"	277	"HiG"
"HiG_15"	173	"LDLRAD4"	351	"HiG"
"HiG_15"	82	"TCF20"	406	"HiG"
"HiG_15"	2505	"DNMT1"	66	"HiG"
"HiG_15"	63	"PCNT"	420	"HiG"
"HiG_15"	1754	"TRRAP"	99	"HiG"
"HiG_15"	2217	"ATP2A3"	79	"HiG"
"HiG_15"	448	"CUX1"	268	"HiG"
"HiG_15"	12416	"RRM2"	8	"HiG"
"HiG_15"	26	"WDHD1"	483	"HiG"
"HiG_15"	0	"ZNF148"	667	"HiG"
"HiG_15"	322	"FUT8"	292	"HiG"
"HiG_15"	108	"UBAP2"	393	"HiG"
"HiG_15"	139	"ERC1"	374.5	"HiG"
"HiG_15"	0	"C11orf80"	667	"HiG"
"HiG_15"	19	"RFWD3"	498	"HiG"
"HiG_15"	267	"SREBF2"	314.5	"HiG"
"HiG_15"	1438	"ZEB1"	122	"HiG"
"HiG_15"	6786	"MT-CO1"	18	"HiG"
"HiG_15"	2908	"MT-CYB"	55	"HiG"
"HiG_15"	641	"CD3E"	230	"HiG"
"HiG_15"	2670	"MT-ATP6"	60	"HiG"
"HiG_15"	0	"MT-ND6"	667	"HiG"
"HiG_15"	393	"MT-ND1"	281	"HiG"
"HiG_15"	17	"AKAP13"	504.5	"HiG"
"HiG_15"	2596	"MT-ND4L"	64	"HiG"
"HiG_15"	2186	"CD247"	81	"HiG"
"HiG_15"	113	"MT-ND5"	387.5	"HiG"
"HiG_15"	0	"TOX"	667	"HiG"
"HiG_15"	6	"OGA"	538.5	"HiG"
"HiG_15"	176	"MT-CO2"	348.5	"HiG"
"HiG_15"	1649	"MT-ND4"	107	"HiG"
"HiG_15"	172	"MT-CO3"	352.5	"HiG"
"HiG_15"	1087	"MT-ND2"	151	"HiG"
"HiG_15"	742	"MT-ND3"	205	"HiG"
"HiG_15"	2897	"HMGN2"	56	"HiG"
"HiG_15"	412	"E2F2"	278	"HiG"
"HiG_15"	48	"GALNT2"	443	"HiG"
"HiG_15"	1533	"H3-3A"	115	"HiG"
"HiG_15"	871	"FGFR1OP"	181	"HiG"
"HiG_15"	942	"CENPF"	169	"HiG"
"HiG_15"	4	"NUCKS1"	555	"HiG"
"HiG_15"	741	"MDM4"	206	"HiG"
"HiG_15"	5824	"ASPM"	22	"HiG"
"HiG_15"	787	"TAB2"	195	"HiG"
"HiG_15"	0	"UTRN"	667	"HiG"
"HiG_15"	0	"HIVEP2"	667	"HiG"
"HiG_15"	913	"COP1"	174	"HiG"
"HiG_15"	4	"RCSD1"	555	"HiG"
"HiG_15"	100	"POU2F1"	395	"HiG"
"HiG_15"	34	"EPB41L2"	464	"HiG"
"HiG_15"	5	"CD1E"	544.5	"HiG"
"HiG_15"	82	"CD1B"	406	"HiG"
"HiG_15"	0	"CEP85L"	667	"HiG"
"HiG_15"	7097	"MKI67"	16	"HiG"
"HiG_15"	9	"GATAD2B"	526.5	"HiG"
"HiG_15"	739	"SLC16A10"	208	"HiG"
"HiG_15"	168	"PIP5K1A"	356.5	"HiG"
"HiG_15"	219	"CDK19"	333	"HiG"
"HiG_15"	3	"GABPB2"	567.5	"HiG"
"HiG_15"	11	"PDSS2"	521.5	"HiG"
"HiG_15"	1	"RPRD2"	598	"HiG"
"HiG_15"	0	"RNGTT"	667	"HiG"
"HiG_15"	9	"ELOVL4"	526.5	"HiG"
"HiG_15"	548	"DPYD"	245	"HiG"
"HiG_15"	0	"PTBP2"	667	"HiG"
"HiG_15"	0	"ABCD3"	667	"HiG"
"HiG_15"	290	"MTF2"	304.5	"HiG"
"HiG_15"	113	"HFM1"	387.5	"HiG"
"HiG_15"	304	"PRKACB"	300	"HiG"
"HiG_15"	18	"ELOVL5"	501.5	"HiG"
"HiG_15"	0	"SSBP3"	667	"HiG"
"HiG_15"	3	"RABL6"	567.5	"HiG"
"HiG_15"	3009	"STIL"	51	"HiG"
"HiG_15"	11141	"PTEN"	10	"HiG"
"HiG_15"	52	"HIVEP3"	434	"HiG"
"HiG_15"	113	"SET"	387.5	"HiG"
"HiG_15"	0	"CNPY3"	667	"HiG"
"HiG_15"	1260	"ADA"	136	"HiG"
"HiG_15"	2221	"CCND3"	78	"HiG"
"HiG_15"	0	"S100PBP"	667	"HiG"
"HiG_15"	0	"PBX3"	667	"HiG"
"HiG_15"	3470	"RBBP4"	47	"HiG"
"HiG_15"	5	"SCAI"	544.5	"HiG"
"HiG_15"	51	"RPS4X"	435	"HiG"
"HiG_15"	212	"RBL1"	335	"HiG"
"HiG_15"	994	"SRSF3"	161	"HiG"
"HiG_15"	338	"SRSF4"	286.5	"HiG"
"HiG_15"	0	"PHACTR4"	667	"HiG"
"HiG_15"	507	"CNTRL"	250	"HiG"
"HiG_15"	322	"PHF20"	292	"HiG"
"HiG_15"	133	"HNRNPR"	376.5	"HiG"
"HiG_15"	240	"PARD3"	326.5	"HiG"
"HiG_15"	979	"ZNF367"	163	"HiG"
"HiG_15"	8	"SIK3"	529.5	"HiG"
"HiG_15"	9	"CENPP"	526.5	"HiG"
"HiG_15"	1	"FBXO42"	598	"HiG"
"HiG_15"	317	"ASXL1"	294	"HiG"
"HiG_15"	23	"SPEN"	489	"HiG"
"HiG_15"	2140	"BCL2L1"	82	"HiG"
"HiG_15"	3840	"APBB1IP"	38	"HiG"
"HiG_15"	6	"STK24"	538.5	"HiG"
"HiG_15"	147	"PIP4K2A"	368.5	"HiG"
"HiG_15"	22	"KDM2B"	491	"HiG"
"HiG_15"	2	"KLF12"	582	"HiG"
"HiG_15"	2266	"KDM6A"	76	"HiG"
"HiG_15"	1	"BCOR"	598	"HiG"
"HiG_15"	19	"CAMKMT"	498	"HiG"
"HiG_15"	48	"PLCB4"	443	"HiG"
"HiG_15"	740	"RPS16"	207	"HiG"
"HiG_15"	616	"GNB1"	233	"HiG"
"HiG_15"	557	"C11orf49"	242	"HiG"
"HiG_15"	3606	"POLA1"	43	"HiG"
"HiG_15"	208	"ELF2"	336.5	"HiG"
"HiG_15"	39	"RREB1"	456.5	"HiG"
"HiG_15"	120	"RFC3"	381	"HiG"
"HiG_15"	2387	"MLLT3"	69	"HiG"
"HiG_15"	1224	"CHD3"	140	"HiG"
"HiG_15"	3	"PTPRA"	567.5	"HiG"
"HiG_15"	7092	"RPS6"	17	"HiG"
"HiG_15"	0	"PSIP1"	667	"HiG"
"HiG_15"	307	"GMDS"	299	"HiG"
"HiG_15"	240	"PAN3"	326.5	"HiG"
"HiG_15"	931	"NLGN4X"	171.5	"HiG"
"HiG_15"	1271	"CCM2"	133	"HiG"
"HiG_15"	19	"CD99"	498	"HiG"
"HiG_15"	19	"KDM4C"	498	"HiG"
"HiG_15"	4132	"ITPR2"	35	"HiG"
"HiG_15"	1965	"DDX1"	90	"HiG"
"HiG_15"	225	"RHOH"	331	"HiG"
"HiG_15"	38	"RFX3"	458.5	"HiG"
"HiG_15"	13	"BAZ1A"	516.5	"HiG"
"HiG_15"	4672	"NSD2"	27	"HiG"
"HiG_15"	417	"STAG1"	276	"HiG"
"HiG_15"	664	"DIAPH1"	227.5	"HiG"
"HiG_15"	18	"DNM2"	501.5	"HiG"
"HiG_15"	369	"FANCA"	283	"HiG"
"HiG_15"	50	"TRAPPC9"	436.5	"HiG"
"HiG_15"	57	"LYST"	426	"HiG"
"HiG_15"	2	"LRCH1"	582	"HiG"
"HiG_15"	664	"CCDC88C"	227.5	"HiG"
"HiG_15"	0	"COL23A1"	667	"HiG"
"HiG_15"	2233	"RPS9"	77	"HiG"
"HiG_15"	1792	"RPL13A"	96.5	"HiG"
"HiG_15"	0	"RHBDD1"	667	"HiG"
"HiG_15"	1181	"XRCC5"	144	"HiG"
"HiG_15"	667	"ASH1L"	226	"HiG"
"HiG_15"	3333	"CIT"	48	"HiG"
"HiG_15"	0	"TAOK3"	667	"HiG"
"HiG_15"	293	"WIPF1"	303	"HiG"
"HiG_15"	2402	"ETS1"	68	"HiG"
"HiG_15"	0	"CERS6"	667	"HiG"
"HiG_15"	0	"GTDC1"	667	"HiG"
"HiG_15"	0	"EVL"	667	"HiG"
"HiG_15"	247	"VTI1A"	323	"HiG"
"HiG_15"	807	"LUC7L3"	191	"HiG"
"HiG_15"	0	"TMCC1"	667	"HiG"
"HiG_15"	115	"SRPK2"	385	"HiG"
"HiG_15"	0	"ERGIC1"	667	"HiG"
"HiG_15"	881	"PPP6R3"	177.5	"HiG"
"HiG_15"	1726	"HELLS"	101	"HiG"
"HiG_15"	2	"DGKA"	582	"HiG"
"HiG_15"	0	"USP49"	667	"HiG"
"HiG_15"	0	"MCUB"	667	"HiG"
"HiG_15"	25	"RPL34"	486	"HiG"
"HiG_15"	1238	"INCENP"	138	"HiG"
"HiG_15"	15	"PPP3CB"	511.5	"HiG"
"HiG_15"	0	"TTC7A"	667	"HiG"
"HiG_15"	955	"AFF1"	167	"HiG"
"HiG_15"	1	"HERC4"	598	"HiG"
"HiG_15"	695	"CALN1"	221	"HiG"
"HiG_15"	0	"COA1"	667	"HiG"
"HiG_15"	735	"RPS29"	210	"HiG"
"HiG_15"	1	"MOB1B"	598	"HiG"
"HiG_15"	1036	"NDUFAF6"	154	"HiG"
"HiG_15"	4	"FAF1"	555	"HiG"
"HiG_15"	751	"NDE1"	200	"HiG"
"HiG_15"	1141	"ETV6"	148	"HiG"
"HiG_15"	0	"ATF7IP2"	667	"HiG"
"HiG_15"	54	"RPS8"	433	"HiG"
"HiG_15"	281	"CENPK"	308	"HiG"
"HiG_15"	7	"UBE2E2"	533.5	"HiG"
"HiG_15"	773	"DDX17"	196	"HiG"
"HiG_15"	689	"ITGA4"	223.5	"HiG"
"HiG_15"	17	"PAFAH1B1"	504.5	"HiG"
"HiG_15"	1462	"PTK2B"	120	"HiG"
"HiG_15"	1052	"SH3KBP1"	153	"HiG"
"HiG_15"	3169	"BCL2"	50	"HiG"
"HiG_15"	0	"TMEM123"	667	"HiG"
"HiG_15"	1221	"NSF"	141	"HiG"
"HiG_15"	0	"FRMD4B"	667	"HiG"
"HiG_15"	170	"USP34"	354.5	"HiG"
"HiG_15"	290	"DOT1L"	304.5	"HiG"
"HiG_15"	1816	"UBE2D2"	94	"HiG"
"HiG_15"	49	"JMJD1C"	439	"HiG"
"HiG_15"	1	"ABCC1"	598	"HiG"
"HiG_15"	31	"ANKRD28"	470.5	"HiG"
"HiG_15"	728	"ROCK1"	215	"HiG"
"HiG_15"	110	"ARGLU1"	391	"HiG"
"HiG_15"	0	"SFI1"	667	"HiG"
"HiG_15"	4	"PCBP3"	555	"HiG"
"HiG_15"	2677	"DIAPH3"	59	"HiG"
"HiG_15"	735	"EIF4G3"	210	"HiG"
"HiG_15"	0	"UBAC2"	667	"HiG"
"HiG_15"	745	"NCOR2"	204	"HiG"
"HiG_15"	0	"RBM33"	667	"HiG"
"HiG_15"	17	"SOS1"	504.5	"HiG"
"HiG_15"	472	"XPO1"	258	"HiG"
"HiG_15"	56	"GATAD2A"	428.5	"HiG"
"HiG_15"	81	"IMMP2L"	408.5	"HiG"
"HiG_15"	29	"KIF2A"	474.5	"HiG"
"HiG_15"	3	"R3HDM2"	567.5	"HiG"
"HiG_15"	374	"NCOA1"	282	"HiG"
"HiG_15"	0	"PDE7A"	667	"HiG"
"HiG_15"	0	"PHF14"	667	"HiG"
"HiG_15"	710	"MTA3"	218	"HiG"
"HiG_15"	4	"MBD5"	555	"HiG"
"HiG_15"	973	"DAPK1"	164	"HiG"
"HiG_15"	4304	"CD8A"	32	"HiG"
"HiG_15"	2933	"PBRM1"	54	"HiG"
"HiG_15"	0	"FCHSD2"	667	"HiG"
"HiG_15"	214	"SETD2"	334	"HiG"
"HiG_15"	4	"TMEM131L"	555	"HiG"
"HiG_15"	531	"AFF3"	247	"HiG"
"HiG_15"	730	"NCAPG2"	213	"HiG"
"HiG_15"	0	"R3HDM1"	667	"HiG"
"HiG_15"	337	"KANSL1"	288	"HiG"
"HiG_15"	844	"CREB1"	186.5	"HiG"
"HiG_15"	963	"TCF12"	165	"HiG"
"HiG_15"	0	"CHCHD3"	667	"HiG"
"HiG_15"	1022	"RPSA"	156.5	"HiG"
"HiG_15"	0	"CASTOR3"	667	"HiG"
"HiG_15"	27	"C12orf65"	479.5	"HiG"
"HiG_15"	443	"SEPTIN9"	269	"HiG"
"HiG_15"	49	"PUM1"	439	"HiG"
"HiG_15"	1313	"RPS18"	128	"HiG"
"HiG_15"	881	"DOCK8"	177.5	"HiG"
"HiG_15"	70	"NSD1"	415.5	"HiG"
"HiG_15"	7836	"DHFR"	15	"HiG"
"HiG_15"	16	"CHD9"	507.5	"HiG"
"HiG_15"	0	"PUDP"	667	"HiG"
"HiG_15"	1	"ATP9B"	598	"HiG"
"HiG_15"	0	"HMGA1"	667	"HiG"
"HiG_15"	1620	"NCOA2"	110	"HiG"
"HiG_15"	7873	"RHOA"	14	"HiG"
"HiG_15"	109	"HNRNPF"	392	"HiG"
"HiG_15"	1794	"TNRC6B"	95	"HiG"
"HiG_15"	208	"SMG1"	336.5	"HiG"
"HiG_15"	322	"PLCL1"	292	"HiG"
"HiG_15"	5	"TBC1D5"	544.5	"HiG"
"HiG_15"	696	"HP1BP3"	219.5	"HiG"
"HiG_15"	0	"VKORC1L1"	667	"HiG"
"HiG_15"	0	"ANKRD36C"	667	"HiG"
"HiG_15"	457	"TBL1XR1"	263	"HiG"
"HiG_15"	453	"GAS7"	265	"HiG"
"HiG_15"	25	"EEF1D"	486	"HiG"
"HiG_15"	1900	"STMN1"	91	"HiG"
"HiG_15"	0	"TLK1"	667	"HiG"
"HiG_15"	2	"ITPKB"	582	"HiG"
"HiG_15"	14197	"PTPRC"	7	"HiG"
"HiG_15"	0	"MARK3"	667	"HiG"
"HiG_15"	20164	"TOP2A"	5	"HiG"
"HiG_15"	7	"PPP2R5C"	533.5	"HiG"
"HiG_15"	1103	"ARPP21"	149	"HiG"
"HiG_15"	748	"IKZF2"	202	"HiG"
"HiG_15"	149	"SCAF8"	364.5	"HiG"
"HiG_15"	998	"FNBP1"	158	"HiG"
"HiG_15"	3	"RPS24"	567.5	"HiG"
"HiG_15"	226	"PTBP3"	330	"HiG"
"HiG_15"	834	"CBFB"	190	"HiG"
"HiG_15"	500	"GTSE1"	252	"HiG"
"HiG_15"	0	"SEMA4D"	667	"HiG"
"HiG_15"	44	"DDX46"	453	"HiG"
"HiG_15"	272	"STIM2"	311	"HiG"
"HiG_15"	0	"ZBTB8OS"	667	"HiG"
"HiG_15"	12	"ANP32A"	519	"HiG"
"HiG_15"	90	"EHMT1"	401.5	"HiG"
"HiG_15"	411	"RPL37A"	279	"HiG"
"HiG_15"	0	"PTK7"	667	"HiG"
"HiG_15"	5985	"BRCA1"	21	"HiG"
"HiG_15"	178	"ZBTB20"	347	"HiG"
"HiG_15"	9	"SMYD3"	526.5	"HiG"
"HiG_15"	994	"RAD51B"	161	"HiG"
"HiG_15"	23	"CCDC14"	489	"HiG"
"HiG_15"	3677	"TFDP2"	42	"HiG"
"HiG_15"	0	"PCBD2"	667	"HiG"
"HiG_15"	35	"INPP4B"	462.5	"HiG"
"HiG_15"	77	"CNOT6L"	411	"HiG"
"HiG_15"	4	"SMG7"	555	"HiG"
"HiG_15"	1719	"RNF4"	102	"HiG"
"HiG_15"	200	"ERBIN"	339.5	"HiG"
"HiG_15"	149	"CDC42SE2"	364.5	"HiG"
"HiG_15"	0	"TNFAIP8"	667	"HiG"
"HiG_15"	2612	"CEP192"	62	"HiG"
"HiG_15"	47	"SEC24B"	448	"HiG"
"HiG_15"	4	"STAU2"	555	"HiG"
"HiG_15"	81	"UBR5"	408.5	"HiG"
"HiG_15"	1	"CYRIB"	598	"HiG"
"HiG_15"	1225	"DOCK2"	139	"HiG"
"HiG_15"	2	"RPLP2"	582	"HiG"
"HiG_15"	48	"CD3G"	443	"HiG"
"HiG_15"	96	"AMBRA1"	396	"HiG"
"HiG_15"	300	"CKAP5"	301	"HiG"
"HiG_15"	10	"KDM2A"	523.5	"HiG"
"HiG_15"	39	"ARL15"	456.5	"HiG"
"HiG_15"	26	"NCAPD3"	483	"HiG"
"HiG_15"	0	"FAM111A"	667	"HiG"
"HiG_15"	607	"MAML2"	235	"HiG"
"HiG_15"	0	"NUCB2"	667	"HiG"
"HiG_15"	184	"CELF1"	344	"HiG"
"HiG_15"	20	"FBXL17"	494	"HiG"
"HiG_15"	29	"PIAS1"	474.5	"HiG"
"HiG_15"	0	"MTRNR2L8"	667	"HiG"
"HiG_15"	0	"TRERF1"	667	"HiG"
"HiG_15"	261	"DDX11"	317.5	"HiG"
"HiG_15"	1	"ATF7IP"	598	"HiG"
"HiG_15"	1650	"TSHR"	106	"HiG"
"HiG_15"	1	"ZCCHC7"	598	"HiG"
"HiG_15"	0	"C2CD5"	667	"HiG"
"HiG_15"	0	"ADK"	667	"HiG"
"HiG_15"	15	"MYCBP2"	511.5	"HiG"
"HiG_15"	33	"SSH2"	466	"HiG"
"HiG_15"	27	"FKBP5"	479.5	"HiG"
"HiG_15"	1	"BCL7A"	598	"HiG"
"HiG_15"	4	"CMIP"	555	"HiG"
"HiG_15"	124	"LSM14A"	380	"HiG"
"HiG_15"	0	"PCSK5"	667	"HiG"
"HiG_15"	760	"ATXN2"	197	"HiG"
"HiG_15"	4851	"RPLP0"	24.5	"HiG"
"HiG_15"	0	"SLC38A1"	667	"HiG"
"HiG_15"	12	"SIPA1L1"	519	"HiG"
"HiG_15"	143	"CEP128"	372	"HiG"
"HiG_15"	1645	"HNRNPC"	108	"HiG"
"HiG_15"	0	"LIN52"	667	"HiG"
"HiG_15"	2641	"RPL28"	61	"HiG"
"HiG_15"	0	"SCAPER"	667	"HiG"
"HiG_15"	94	"SLC7A6"	398.5	"HiG"
"HiG_15"	2	"SNX29"	582	"HiG"
"HiG_15"	2091	"WWOX"	85	"HiG"
"HiG_15"	0	"BAHCC1"	667	"HiG"
"HiG_15"	0	"FAM222B"	667	"HiG"
"HiG_15"	0	"PITPNC1"	667	"HiG"
"HiG_15"	295	"RNF213"	302	"HiG"
"HiG_15"	0	"RPL36"	667	"HiG"
"HiG_15"	0	"LRRC37A3"	667	"HiG"
"HiG_15"	501	"KIF18B"	251	"HiG"
"HiG_15"	0	"GPATCH8"	667	"HiG"
"HiG_15"	1601	"MTRNR2L12"	111	"HiG"
"HiG_15"	689	"RPS19"	223.5	"HiG"
"HiG_15"	345	"MYO9B"	284	"HiG"
"HiG_15"	339	"RPS28"	285	"HiG"
"HiG_15"	0	"ZNF83"	667	"HiG"
"HiG_15"	1261	"VAV1"	135	"HiG"
"HiG_15"	0	"ZNF730"	667	"HiG"
"HiG_15"	91	"TAF15"	400	"HiG"
"HiG_15"	1792	"FBXW7"	96.5	"HiG"
"HiG_15"	1784	"MPHOSPH9"	98	"HiG"
"HiG_15"	858	"LCK"	184	"HiG"
"HiG_15"	27	"PTCRA"	479.5	"HiG"
"HiG_15"	1517	"STIM1"	117	"HiG"
"HiG_15"	0	"CASP8AP2"	667	"HiG"
"HiG_15"	5	"PPP6R2"	544.5	"HiG"
"HiG_15"	144	"CAMK1D"	371	"HiG"
"HiG_15"	10	"ACSF3"	523.5	"HiG"
"HiG_15"	113	"FMN1"	387.5	"HiG"
"HiG_15"	2352	"UHRF1"	73	"HiG"
"HiG_15"	425	"CYFIP2"	275	"HiG"
"HiG_15"	0	"ZNF718"	667	"HiG"
"HiG_15"	19	"CNOT6"	498	"HiG"
"HiG_15"	1980	"PLCG2"	89	"HiG"
"HiG_15"	1185	"NR2C2"	143	"HiG"
"HiG_15"	28	"WASF2"	477	"HiG"
"HiG_15"	0	"NOL4L"	667	"HiG"
"HiG_15"	76	"CHD1"	413	"HiG"
"HiG_15"	994	"SSBP2"	161	"HiG"
"HiG_15"	255	"PRIM2"	320	"HiG"
"HiG_15"	596	"THEMIS"	236	"HiG"
"HiG_15"	458	"CELF2"	261.5	"HiG"
"HiG_15"	1	"LCOR"	598	"HiG"
"HiG_15"	139	"ARID1B"	374.5	"HiG"
"HiG_15"	440	"HNRNPU"	270	"HiG"
"HiG_15"	185	"LPP"	343	"HiG"
"HiG_15"	271	"FYB1"	312	"HiG"
"HiG_15"	175	"DOCK10"	350	"HiG"
"HiG_15"	746	"PTP4A2"	203	"HiG"
"HiG_15"	5082	"CTCF"	23	"HiG"
"HiG_15"	65555	"ACTB"	1	"HiG"
"HiG_15"	1172	"CASK"	146	"HiG"
"HiG_15"	454	"TBL1X"	264	"HiG"
"HiG_15"	40	"ARHGEF7"	454.5	"HiG"
"HiG_15"	200	"SPG7"	339.5	"HiG"
"HiG_15"	159	"TRPM7"	360	"HiG"
"HiG_15"	4851	"PRKCB"	24.5	"HiG"
"HiG_15"	338	"BCL11A"	286.5	"HiG"
"HiG_15"	244	"PNISR"	324	"HiG"
"HiG_15"	1293	"IGF1R"	130	"HiG"
"HiG_15"	4	"ENOSF1"	555	"HiG"
"HiG_15"	33	"SETBP1"	466	"HiG"
"HiG_15"	451	"B2M"	266.5	"HiG"
"HiG_15"	931	"DCAKD"	171.5	"HiG"
"HiG_15"	50	"ANKRD36"	436.5	"HiG"
"HiG_15"	557	"DEK"	242	"HiG"
"HiG_15"	0	"MRTFA"	667	"HiG"
"HiG_15"	148	"BICD1"	366.5	"HiG"
"HiG_15"	1	"AC008878.3"	598	"HiG"
"HiG_15"	2	"ITCH"	582	"HiG"
"HiG_15"	0	"AC119396.1"	667	"HiG"
"HiG_15"	0	"ARHGAP35"	667	"HiG"
"HiG_15"	560	"AKT3"	239.5	"HiG"
"HiG_9"	109	"EEF1A2"	90	"HiG"
"HiG_9"	0	"MACROD2"	193	"HiG"
"HiG_9"	479	"GLCCI1"	37	"HiG"
"HiG_9"	4	"SPARC"	149	"HiG"
"HiG_9"	0	"CAMSAP2"	193	"HiG"
"HiG_9"	0	"ELL2"	193	"HiG"
"HiG_9"	42	"SOX4"	113	"HiG"
"HiG_9"	185	"SEZ6L"	71	"HiG"
"HiG_9"	58	"NALCN"	103	"HiG"
"HiG_9"	6	"RAMP1"	146	"HiG"
"HiG_9"	1122	"H3-3B"	14	"HiG"
"HiG_9"	147	"SNAP25"	80	"HiG"
"HiG_9"	129	"UNC79"	87	"HiG"
"HiG_9"	1	"KIDINS220"	160.5	"HiG"
"HiG_9"	189	"TMOD1"	69.5	"HiG"
"HiG_9"	161	"TUBB2B"	77	"HiG"
"HiG_9"	10	"TTLL7"	139	"HiG"
"HiG_9"	1464	"SYT1"	7	"HiG"
"HiG_9"	10	"RORA"	139	"HiG"
"HiG_9"	0	"IL7"	193	"HiG"
"HiG_9"	113	"KIF1B"	88	"HiG"
"HiG_9"	3	"SRRM4"	153	"HiG"
"HiG_9"	132	"RTN1"	86	"HiG"
"HiG_9"	52	"CDH2"	107	"HiG"
"HiG_9"	1056	"RPS27A"	15	"HiG"
"HiG_9"	51	"FTH1"	108	"HiG"
"HiG_9"	0	"PHIP"	193	"HiG"
"HiG_9"	86	"DIP2C"	95	"HiG"
"HiG_9"	420	"AKAP6"	39	"HiG"
"HiG_9"	0	"NBAS"	193	"HiG"
"HiG_9"	75	"RAB3C"	97	"HiG"
"HiG_9"	3	"MMP16"	153	"HiG"
"HiG_9"	198	"KCNMA1"	67	"HiG"
"HiG_9"	14	"NMNAT2"	135.5	"HiG"
"HiG_9"	621	"NRG1"	24	"HiG"
"HiG_9"	31	"KCNT2"	121	"HiG"
"HiG_9"	515	"IGFBP7"	33	"HiG"
"HiG_9"	45	"COL1A2"	111	"HiG"
"HiG_9"	556	"ZNF804A"	30	"HiG"
"HiG_9"	570	"SCG2"	29	"HiG"
"HiG_9"	208	"COL3A1"	66	"HiG"
"HiG_9"	218	"ALCAM"	61.5	"HiG"
"HiG_9"	963	"FOS"	16	"HiG"
"HiG_9"	61	"AGAP1"	102	"HiG"
"HiG_9"	0	"TSPAN5"	193	"HiG"
"HiG_9"	74	"DST"	98	"HiG"
"HiG_9"	275	"GABRB3"	52	"HiG"
"HiG_9"	1135	"RPL15"	13	"HiG"
"HiG_9"	0	"KLF7"	193	"HiG"
"HiG_9"	0	"PPM1E"	193	"HiG"
"HiG_9"	694	"CLU"	21	"HiG"
"HiG_9"	19	"GRK3"	130	"HiG"
"HiG_9"	0	"CSRNP3"	193	"HiG"
"HiG_9"	46	"BASP1"	109.5	"HiG"
"HiG_9"	448	"EFNA5"	38	"HiG"
"HiG_9"	0	"PHACTR1"	193	"HiG"
"HiG_9"	0	"MARCHF11"	193	"HiG"
"HiG_9"	653	"KCND2"	22	"HiG"
"HiG_9"	71	"PCLO"	99	"HiG"
"HiG_9"	0	"EPB41L1"	193	"HiG"
"HiG_9"	4	"PLCB1"	149	"HiG"
"HiG_9"	0	"AGTPBP1"	193	"HiG"
"HiG_9"	0	"CCDC88A"	193	"HiG"
"HiG_9"	0	"STARD13"	193	"HiG"
"HiG_9"	19	"TRIO"	130	"HiG"
"HiG_9"	2932	"MAPT"	3	"HiG"
"HiG_9"	0	"ATP9A"	193	"HiG"
"HiG_9"	217	"DPYSL3"	63.5	"HiG"
"HiG_9"	591	"AUTS2"	25	"HiG"
"HiG_9"	1314	"KCNQ5"	9	"HiG"
"HiG_9"	37	"PDE4D"	116	"HiG"
"HiG_9"	166	"RPS3A"	76	"HiG"
"HiG_9"	98	"MAGI2"	93	"HiG"
"HiG_9"	2	"ATRNL1"	156	"HiG"
"HiG_9"	217	"LINGO1"	63.5	"HiG"
"HiG_9"	3	"DNM3"	153	"HiG"
"HiG_9"	0	"JPT1"	193	"HiG"
"HiG_9"	0	"CACNA2D1"	193	"HiG"
"HiG_9"	2362	"ANK2"	4	"HiG"
"HiG_9"	580	"ELAVL4"	27	"HiG"
"HiG_9"	215	"FRMD4A"	65	"HiG"
"HiG_9"	0	"ATP2B4"	193	"HiG"
"HiG_9"	154	"SYN3"	78	"HiG"
"HiG_9"	0	"LDLRAD4"	193	"HiG"
"HiG_9"	702	"MAP2"	20	"HiG"
"HiG_9"	26	"COL4A2"	125	"HiG"
"HiG_9"	3	"PAK3"	153	"HiG"
"HiG_9"	0	"NCKAP1"	193	"HiG"
"HiG_9"	1216	"MT-CO1"	11	"HiG"
"HiG_9"	189	"MT-CYB"	69.5	"HiG"
"HiG_9"	491	"MT-ATP6"	35	"HiG"
"HiG_9"	3998	"CNTNAP2"	1	"HiG"
"HiG_9"	21	"CALD1"	128	"HiG"
"HiG_9"	0	"MT-CO2"	193	"HiG"
"HiG_9"	43	"KIF21A"	112	"HiG"
"HiG_9"	408	"MT-ND4"	40	"HiG"
"HiG_9"	0	"MT-CO3"	193	"HiG"
"HiG_9"	0	"MT-ND2"	193	"HiG"
"HiG_9"	231	"MT-ND3"	59.5	"HiG"
"HiG_9"	1	"CEP170"	160.5	"HiG"
"HiG_9"	571	"RGS7"	28	"HiG"
"HiG_9"	543	"RYR2"	31	"HiG"
"HiG_9"	0	"CDC42BPA"	193	"HiG"
"HiG_9"	9	"AFDN"	141	"HiG"
"HiG_9"	0	"H3-3A"	193	"HiG"
"HiG_9"	27	"ENAH"	123	"HiG"
"HiG_9"	193	"ATP1B1"	68	"HiG"
"HiG_9"	1	"SYT11"	160.5	"HiG"
"HiG_9"	0	"S100A6"	193	"HiG"
"HiG_9"	1	"HFM1"	160.5	"HiG"
"HiG_9"	316	"ADGRB3"	47	"HiG"
"HiG_9"	0	"EYS"	193	"HiG"
"HiG_9"	398	"PRKACB"	41	"HiG"
"HiG_9"	168	"SGIP1"	75	"HiG"
"HiG_9"	6	"TSHZ2"	146	"HiG"
"HiG_9"	11	"AGBL4"	137	"HiG"
"HiG_9"	0	"NRG3"	193	"HiG"
"HiG_9"	62	"STXBP1"	101	"HiG"
"HiG_9"	0	"RPS4X"	193	"HiG"
"HiG_9"	310	"PRKG1"	48	"HiG"
"HiG_9"	231	"PARD3"	59.5	"HiG"
"HiG_9"	0	"AOPEP"	193	"HiG"
"HiG_9"	233	"COL4A1"	58	"HiG"
"HiG_9"	179	"FAM155A"	72	"HiG"
"HiG_9"	494	"DLG2"	34	"HiG"
"HiG_9"	138	"FGF14"	84.5	"HiG"
"HiG_9"	32	"GPR158"	119.5	"HiG"
"HiG_9"	15	"FTL"	133.5	"HiG"
"HiG_9"	0	"KLF12"	193	"HiG"
"HiG_9"	1906	"DPP6"	5	"HiG"
"HiG_9"	0	"RTN3"	193	"HiG"
"HiG_9"	32	"GNB1"	119.5	"HiG"
"HiG_9"	40	"NRCAM"	114	"HiG"
"HiG_9"	26	"LHFPL6"	125	"HiG"
"HiG_9"	169	"LINGO2"	73.5	"HiG"
"HiG_9"	1	"ELAVL2"	160.5	"HiG"
"HiG_9"	1635	"PTPRD"	6	"HiG"
"HiG_9"	66	"KCNIP4"	100	"HiG"
"HiG_9"	4	"RBMS3"	149	"HiG"
"HiG_9"	919	"ALK"	18	"HiG"
"HiG_9"	111	"EPHA6"	89	"HiG"
"HiG_9"	1	"EVL"	160.5	"HiG"
"HiG_9"	264	"PSAP"	55	"HiG"
"HiG_9"	0	"SOX6"	193	"HiG"
"HiG_9"	46	"NAV3"	109.5	"HiG"
"HiG_9"	169	"TCF4"	73.5	"HiG"
"HiG_9"	0	"TTC3"	193	"HiG"
"HiG_9"	0	"JMJD1C"	193	"HiG"
"HiG_9"	581	"NPY"	26	"HiG"
"HiG_9"	930	"CTNNA2"	17	"HiG"
"HiG_9"	56	"XPO1"	105	"HiG"
"HiG_9"	138	"DGKB"	84.5	"HiG"
"HiG_9"	0	"PHF14"	193	"HiG"
"HiG_9"	264	"PARD3B"	55	"HiG"
"HiG_9"	483	"RPS14"	36	"HiG"
"HiG_9"	218	"CPE"	61.5	"HiG"
"HiG_9"	285	"SCN9A"	51	"HiG"
"HiG_9"	105	"UNC80"	91	"HiG"
"HiG_9"	3575	"RBFOX1"	2	"HiG"
"HiG_9"	19	"KIF5C"	130	"HiG"
"HiG_9"	640	"FGF13"	23	"HiG"
"HiG_9"	33	"DHFR"	118	"HiG"
"HiG_9"	1255	"GRIK2"	10	"HiG"
"HiG_9"	23	"GNG4"	127	"HiG"
"HiG_9"	90	"SNAP91"	94	"HiG"
"HiG_9"	516	"BMPR1B"	32	"HiG"
"HiG_9"	6	"RUNX1T1"	146	"HiG"
"HiG_9"	148	"CLSTN2"	79	"HiG"
"HiG_9"	141	"ICA1"	81.5	"HiG"
"HiG_9"	0	"OXR1"	193	"HiG"
"HiG_9"	0	"PPP1R9A"	193	"HiG"
"HiG_9"	1	"PBX1"	160.5	"HiG"
"HiG_9"	140	"UNC5C"	83	"HiG"
"HiG_9"	7	"HDAC9"	143	"HiG"
"HiG_9"	303	"STMN1"	49	"HiG"
"HiG_9"	0	"CELF4"	193	"HiG"
"HiG_9"	0	"TMEM132C"	193	"HiG"
"HiG_9"	0	"FNDC3B"	193	"HiG"
"HiG_9"	10	"RBFOX2"	139	"HiG"
"HiG_9"	7	"RPL10"	143	"HiG"
"HiG_9"	294	"NELL2"	50	"HiG"
"HiG_9"	0	"RPL32"	193	"HiG"
"HiG_9"	888	"ROBO2"	19	"HiG"
"HiG_9"	0	"PTPRG"	193	"HiG"
"HiG_9"	100	"CACNA2D3"	92	"HiG"
"HiG_9"	81	"ZBTB20"	96	"HiG"
"HiG_9"	0	"KLHL13"	193	"HiG"
"HiG_9"	0	"IQCJ-SCHIP1"	193	"HiG"
"HiG_9"	348	"ROBO1"	46	"HiG"
"HiG_9"	0	"KLHL29"	193	"HiG"
"HiG_9"	39	"ADGRL3"	115	"HiG"
"HiG_9"	0	"TUSC3"	193	"HiG"
"HiG_9"	53	"CCSER1"	106	"HiG"
"HiG_9"	1	"LIMCH1"	160.5	"HiG"
"HiG_9"	361	"DPYSL2"	45	"HiG"
"HiG_9"	1210	"STMN2"	12	"HiG"
"HiG_9"	0	"RGS5"	193	"HiG"
"HiG_9"	3	"MAML2"	153	"HiG"
"HiG_9"	385	"KIF1A"	43	"HiG"
"HiG_9"	0	"MTRNR2L8"	193	"HiG"
"HiG_9"	0	"PCDH7"	193	"HiG"
"HiG_9"	0	"SESN3"	193	"HiG"
"HiG_9"	234	"CNTN1"	57	"HiG"
"HiG_9"	0	"SLC38A1"	193	"HiG"
"HiG_9"	36	"EML5"	117	"HiG"
"HiG_9"	7	"PTPRM"	143	"HiG"
"HiG_9"	264	"MTRNR2L12"	55	"HiG"
"HiG_9"	15	"DTNA"	133.5	"HiG"
"HiG_9"	14	"RPS5"	135.5	"HiG"
"HiG_9"	26	"MARCKS"	125	"HiG"
"HiG_9"	0	"FMN1"	193	"HiG"
"HiG_9"	272	"NCAM1"	53	"HiG"
"HiG_9"	17	"LRMDA"	132	"HiG"
"HiG_9"	0	"SYT14"	193	"HiG"
"HiG_9"	381	"ZEB2"	44	"HiG"
"HiG_9"	30	"NRXN3"	122	"HiG"
"HiG_9"	57	"LPP"	104	"HiG"
"HiG_9"	387	"ZFHX3"	42	"HiG"
"HiG_9"	0	"RPL9"	193	"HiG"
"HiG_9"	141	"RPS7"	81.5	"HiG"
"HiG_9"	1395	"B2M"	8	"HiG"
"HiGCTS_15"	0	"CBX5"	36	"HiGCTS"
"HiGCTS_15"	0	"SETX"	36	"HiGCTS"
"HiGCTS_15"	122	"PFN1"	5	"HiGCTS"
"HiGCTS_15"	147	"KIF11"	3	"HiGCTS"
"HiGCTS_15"	0	"LMNB1"	36	"HiGCTS"
"HiGCTS_15"	0	"MAN2A1"	36	"HiGCTS"
"HiGCTS_15"	42	"TMPO"	13	"HiGCTS"
"HiGCTS_15"	0	"FANCC"	36	"HiGCTS"
"HiGCTS_15"	0	"C21orf58"	36	"HiGCTS"
"HiGCTS_15"	76	"HMGB2"	7	"HiGCTS"
"HiGCTS_15"	24	"MELK"	17	"HiGCTS"
"HiGCTS_15"	64	"TPX2"	9	"HiGCTS"
"HiGCTS_15"	0	"CLPTM1L"	36	"HiGCTS"
"HiGCTS_15"	0	"EZH2"	36	"HiGCTS"
"HiGCTS_15"	0	"CDC25C"	36	"HiGCTS"
"HiGCTS_15"	31	"POLE"	16	"HiGCTS"
"HiGCTS_15"	77	"KIF15"	6	"HiGCTS"
"HiGCTS_15"	0	"APOLD1"	36	"HiGCTS"
"HiGCTS_15"	44	"NCAPD2"	11.5	"HiGCTS"
"HiGCTS_15"	0	"H1-10"	36	"HiGCTS"
"HiGCTS_15"	0	"SKA2"	36	"HiGCTS"
"HiGCTS_15"	38	"KNL1"	14	"HiGCTS"
"HiGCTS_15"	0	"SMC4"	36	"HiGCTS"
"HiGCTS_15"	0	"CDK5RAP2"	36	"HiGCTS"
"HiGCTS_15"	0	"ANP32B"	36	"HiGCTS"
"HiGCTS_15"	0	"ADD3"	36	"HiGCTS"
"HiGCTS_15"	2	"WDHD1"	20.5	"HiGCTS"
"HiGCTS_15"	0	"MT-ND4L"	36	"HiGCTS"
"HiGCTS_15"	44	"HMGN2"	11.5	"HiGCTS"
"HiGCTS_15"	32	"CENPF"	15	"HiGCTS"
"HiGCTS_15"	146	"ASPM"	4	"HiGCTS"
"HiGCTS_15"	0	"EPB41L2"	36	"HiGCTS"
"HiGCTS_15"	68	"MKI67"	8	"HiGCTS"
"HiGCTS_15"	0	"SRSF3"	36	"HiGCTS"
"HiGCTS_15"	62	"CIT"	10	"HiGCTS"
"HiGCTS_15"	0	"WIPF1"	36	"HiGCTS"
"HiGCTS_15"	12	"NDUFAF6"	18	"HiGCTS"
"HiGCTS_15"	193	"DIAPH3"	2	"HiGCTS"
"HiGCTS_15"	2	"NCAPG2"	20.5	"HiGCTS"
"HiGCTS_15"	0	"HP1BP3"	36	"HiGCTS"
"HiGCTS_15"	0	"EEF1D"	36	"HiGCTS"
"HiGCTS_15"	260	"TOP2A"	1	"HiGCTS"
"HiGCTS_15"	0	"CBFB"	36	"HiGCTS"
"HiGCTS_15"	0	"GTSE1"	36	"HiGCTS"
"HiGCTS_15"	0	"CEP192"	36	"HiGCTS"
"HiGCTS_15"	0	"CKAP5"	36	"HiGCTS"
"HiGCTS_15"	0	"KIF18B"	36	"HiGCTS"
"HiGCTS_15"	0	"CASP8AP2"	36	"HiGCTS"
"HiGCTS_15"	6	"DEK"	19	"HiGCTS"
"HiGCTS_15"	0	"ARHGAP35"	36	"HiGCTS"
"HiGCTS_16"	109	"KCNQ1"	49	"HiGCTS"
"HiGCTS_16"	0	"KDM4B"	101	"HiGCTS"
"HiGCTS_16"	210	"TNS1"	25	"HiGCTS"
"HiGCTS_16"	495	"TGFBR3"	10	"HiGCTS"
"HiGCTS_16"	385	"MYH9"	11	"HiGCTS"
"HiGCTS_16"	0	"NAMPT"	101	"HiGCTS"
"HiGCTS_16"	0	"DNAJC12"	101	"HiGCTS"
"HiGCTS_16"	0	"C1orf21"	101	"HiGCTS"
"HiGCTS_16"	0	"SOGA1"	101	"HiGCTS"
"HiGCTS_16"	280	"APOE"	20	"HiGCTS"
"HiGCTS_16"	93	"ZNF331"	51	"HiGCTS"
"HiGCTS_16"	0	"SEMA6A"	101	"HiGCTS"
"HiGCTS_16"	9	"TBX3"	65.5	"HiGCTS"
"HiGCTS_16"	536	"FDX1"	7	"HiGCTS"
"HiGCTS_16"	3461	"SCARB1"	1	"HiGCTS"
"HiGCTS_16"	144	"SMAD2"	37	"HiGCTS"
"HiGCTS_16"	4	"PACSIN2"	71	"HiGCTS"
"HiGCTS_16"	22	"FOSL2"	62	"HiGCTS"
"HiGCTS_16"	11	"CREM"	63	"HiGCTS"
"HiGCTS_16"	145	"PRKAR2B"	36	"HiGCTS"
"HiGCTS_16"	179	"CYP11A1"	30	"HiGCTS"
"HiGCTS_16"	621	"STAR"	6	"HiGCTS"
"HiGCTS_16"	0	"ZNF462"	101	"HiGCTS"
"HiGCTS_16"	0	"PLBD2"	101	"HiGCTS"
"HiGCTS_16"	226	"DIP2C"	23	"HiGCTS"
"HiGCTS_16"	0	"ANKRD44"	101	"HiGCTS"
"HiGCTS_16"	260	"RANBP2"	22	"HiGCTS"
"HiGCTS_16"	1130	"ATP1B3"	3	"HiGCTS"
"HiGCTS_16"	8	"FMNL2"	68	"HiGCTS"
"HiGCTS_16"	119	"CYP11B1"	40	"HiGCTS"
"HiGCTS_16"	130	"RBM47"	38	"HiGCTS"
"HiGCTS_16"	52	"DUSP16"	59	"HiGCTS"
"HiGCTS_16"	123	"ANTXR1"	39	"HiGCTS"
"HiGCTS_16"	0	"PCNX1"	101	"HiGCTS"
"HiGCTS_16"	163	"CTNNA1"	32	"HiGCTS"
"HiGCTS_16"	69	"SIK2"	57	"HiGCTS"
"HiGCTS_16"	916	"ITPR1"	5	"HiGCTS"
"HiGCTS_16"	0	"DST"	101	"HiGCTS"
"HiGCTS_16"	0	"CYB5B"	101	"HiGCTS"
"HiGCTS_16"	0	"MARCHF3"	101	"HiGCTS"
"HiGCTS_16"	0	"CD46"	101	"HiGCTS"
"HiGCTS_16"	10	"ZHX2"	64	"HiGCTS"
"HiGCTS_16"	335	"MTSS1"	16	"HiGCTS"
"HiGCTS_16"	113	"PPP2R1A"	45	"HiGCTS"
"HiGCTS_16"	66	"LARP4B"	58	"HiGCTS"
"HiGCTS_16"	27	"FOXK1"	61	"HiGCTS"
"HiGCTS_16"	83	"STARD13"	54.5	"HiGCTS"
"HiGCTS_16"	152	"DLK1"	35	"HiGCTS"
"HiGCTS_16"	0	"TRIM24"	101	"HiGCTS"
"HiGCTS_16"	3	"SEPTIN6"	73	"HiGCTS"
"HiGCTS_16"	0	"PHF10"	101	"HiGCTS"
"HiGCTS_16"	0	"BABAM2"	101	"HiGCTS"
"HiGCTS_16"	189	"FILIP1L"	27	"HiGCTS"
"HiGCTS_16"	2	"PGAP1"	74	"HiGCTS"
"HiGCTS_16"	4	"ZNF536"	71	"HiGCTS"
"HiGCTS_16"	0	"UVRAG"	101	"HiGCTS"
"HiGCTS_16"	1	"ADIPOR2"	76	"HiGCTS"
"HiGCTS_16"	382	"MAP3K5"	12	"HiGCTS"
"HiGCTS_16"	1	"SMURF1"	76	"HiGCTS"
"HiGCTS_16"	0	"SGMS1"	101	"HiGCTS"
"HiGCTS_16"	183	"GALNT2"	28	"HiGCTS"
"HiGCTS_16"	118	"CD55"	41	"HiGCTS"
"HiGCTS_16"	520	"SOAT1"	8	"HiGCTS"
"HiGCTS_16"	366	"SGK1"	13	"HiGCTS"
"HiGCTS_16"	0	"MAN1A1"	101	"HiGCTS"
"HiGCTS_16"	930	"CYP17A1"	4	"HiGCTS"
"HiGCTS_16"	0	"DHCR24"	101	"HiGCTS"
"HiGCTS_16"	86	"EPS15"	53	"HiGCTS"
"HiGCTS_16"	116	"VAV2"	43	"HiGCTS"
"HiGCTS_16"	4	"DLG5"	71	"HiGCTS"
"HiGCTS_16"	0	"MTCH1"	101	"HiGCTS"
"HiGCTS_16"	80	"OGT"	56	"HiGCTS"
"HiGCTS_16"	0	"NKAIN1"	101	"HiGCTS"
"HiGCTS_16"	287	"PRKG1"	18	"HiGCTS"
"HiGCTS_16"	264	"ECE1"	21	"HiGCTS"
"HiGCTS_16"	0	"SHC3"	101	"HiGCTS"
"HiGCTS_16"	0	"IRS2"	101	"HiGCTS"
"HiGCTS_16"	0	"TLE1"	101	"HiGCTS"
"HiGCTS_16"	8	"ZFAND5"	68	"HiGCTS"
"HiGCTS_16"	0	"SLC23A2"	101	"HiGCTS"
"HiGCTS_16"	0	"NFX1"	101	"HiGCTS"
"HiGCTS_16"	0	"NHS"	101	"HiGCTS"
"HiGCTS_16"	191	"RBBP7"	26	"HiGCTS"
"HiGCTS_16"	0	"C2CD2"	101	"HiGCTS"
"HiGCTS_16"	0	"CDK8"	101	"HiGCTS"
"HiGCTS_16"	111	"SH3BP5"	47.5	"HiGCTS"
"HiGCTS_16"	1	"GRK5"	76	"HiGCTS"
"HiGCTS_16"	159	"DPP10"	33	"HiGCTS"
"HiGCTS_16"	0	"ERGIC1"	101	"HiGCTS"
"HiGCTS_16"	0	"PDE8A"	101	"HiGCTS"
"HiGCTS_16"	88	"ALAS1"	52	"HiGCTS"
"HiGCTS_16"	0	"SLC16A9"	101	"HiGCTS"
"HiGCTS_16"	9	"MAPK4"	65.5	"HiGCTS"
"HiGCTS_16"	8	"PDIA6"	68	"HiGCTS"
"HiGCTS_16"	0	"MAST4"	101	"HiGCTS"
"HiGCTS_16"	0	"ZNF516"	101	"HiGCTS"
"HiGCTS_16"	0	"CADPS2"	101	"HiGCTS"
"HiGCTS_16"	1186	"ERN1"	2	"HiGCTS"
"HiGCTS_16"	223	"GRAMD1B"	24	"HiGCTS"
"HiGCTS_16"	0	"TMEM120B"	101	"HiGCTS"
"HiGCTS_16"	96	"PAPSS2"	50	"HiGCTS"
"HiGCTS_16"	0	"TNXB"	101	"HiGCTS"
"HiGCTS_16"	0	"ABTB2"	101	"HiGCTS"
"HiGCTS_16"	111	"CMSS1"	47.5	"HiGCTS"
"HiGCTS_16"	292	"FNDC3B"	17	"HiGCTS"
"HiGCTS_16"	358	"ADAMTS9"	14	"HiGCTS"
"HiGCTS_16"	113	"BTBD9"	45	"HiGCTS"
"HiGCTS_16"	83	"POR"	54.5	"HiGCTS"
"HiGCTS_16"	0	"ACADVL"	101	"HiGCTS"
"HiGCTS_16"	352	"ATP2A2"	15	"HiGCTS"
"HiGCTS_16"	180	"UTY"	29	"HiGCTS"
"HiGCTS_16"	0	"CMIP"	101	"HiGCTS"
"HiGCTS_16"	178	"LDLR"	31	"HiGCTS"
"HiGCTS_16"	0	"ABCB1"	101	"HiGCTS"
"HiGCTS_16"	0	"LRMDA"	101	"HiGCTS"
"HiGCTS_16"	501	"PLCG2"	9	"HiGCTS"
"HiGCTS_16"	46	"CHD1"	60	"HiGCTS"
"HiGCTS_16"	0	"ARMC9"	101	"HiGCTS"
"HiGCTS_16"	154	"FARP1"	34	"HiGCTS"
"HiGCTS_16"	113	"TCF7L2"	45	"HiGCTS"
"HiGCTS_16"	117	"COBLL1"	42	"HiGCTS"
"HiGCTS_16"	281	"ZEB2"	19	"HiGCTS"
"HiGCTS_16"	0	"RDX"	101	"HiGCTS"
"HiGCTS_16"	0	"CBLB"	101	"HiGCTS"
"CTS_15"	2	"G2E3"	33	"CTS"
"CTS_15"	0	"CBX5"	55	"CTS"
"CTS_15"	0	"TLE5"	55	"CTS"
"CTS_15"	0	"SETX"	55	"CTS"
"CTS_15"	174	"PFN1"	4	"CTS"
"CTS_15"	41	"NCAPG"	22.5	"CTS"
"CTS_15"	308	"KIF11"	3	"CTS"
"CTS_15"	0	"LMNB1"	55	"CTS"
"CTS_15"	0	"MAN2A1"	55	"CTS"
"CTS_15"	0	"MAP2K2"	55	"CTS"
"CTS_15"	0	"DEPDC1B"	55	"CTS"
"CTS_15"	312	"CENPE"	2	"CTS"
"CTS_15"	64	"TMPO"	18	"CTS"
"CTS_15"	0	"NUF2"	55	"CTS"
"CTS_15"	0	"SPC25"	55	"CTS"
"CTS_15"	0	"FANCC"	55	"CTS"
"CTS_15"	0	"C21orf58"	55	"CTS"
"CTS_15"	137	"HMGB2"	8	"CTS"
"CTS_15"	0	"RAD21"	55	"CTS"
"CTS_15"	74	"MELK"	16	"CTS"
"CTS_15"	169	"TPX2"	6	"CTS"
"CTS_15"	0	"BIRC5"	55	"CTS"
"CTS_15"	61	"H2AZ2"	19	"CTS"
"CTS_15"	0	"MIS18BP1"	55	"CTS"
"CTS_15"	0	"FBXO34"	55	"CTS"
"CTS_15"	0	"CLPTM1L"	55	"CTS"
"CTS_15"	78	"EZH2"	14.5	"CTS"
"CTS_15"	23	"CDC25C"	24	"CTS"
"CTS_15"	45	"POLE"	21	"CTS"
"CTS_15"	54	"KIF15"	20	"CTS"
"CTS_15"	0	"APOLD1"	55	"CTS"
"CTS_15"	0	"NCAPD2"	55	"CTS"
"CTS_15"	0	"PPP1CA"	55	"CTS"
"CTS_15"	0	"H1-10"	55	"CTS"
"CTS_15"	0	"SKA2"	55	"CTS"
"CTS_15"	95	"KNL1"	11	"CTS"
"CTS_15"	8	"SMC4"	30	"CTS"
"CTS_15"	0	"CDK5RAP2"	55	"CTS"
"CTS_15"	3	"ANP32B"	31.5	"CTS"
"CTS_15"	0	"ADD3"	55	"CTS"
"CTS_15"	0	"ZBTB44"	55	"CTS"
"CTS_15"	10	"WDHD1"	27.5	"CTS"
"CTS_15"	0	"MT-ND4L"	55	"CTS"
"CTS_15"	131	"HMGN2"	9	"CTS"
"CTS_15"	41	"CENPF"	22.5	"CTS"
"CTS_15"	1	"DTL"	34	"CTS"
"CTS_15"	155	"KIF14"	7	"CTS"
"CTS_15"	172	"ASPM"	5	"CTS"
"CTS_15"	0	"EPB41L2"	55	"CTS"
"CTS_15"	112	"MKI67"	10	"CTS"
"CTS_15"	0	"BTF3L4"	55	"CTS"
"CTS_15"	0	"KIF20B"	55	"CTS"
"CTS_15"	0	"SRSF3"	55	"CTS"
"CTS_15"	10	"H4C3"	27.5	"CTS"
"CTS_15"	0	"SLTM"	55	"CTS"
"CTS_15"	89	"CIT"	13	"CTS"
"CTS_15"	0	"WIPF1"	55	"CTS"
"CTS_15"	90	"ECT2"	12	"CTS"
"CTS_15"	67	"NUMA1"	17	"CTS"
"CTS_15"	21	"NDUFAF6"	25	"CTS"
"CTS_15"	78	"DIAPH3"	14.5	"CTS"
"CTS_15"	13	"NCAPG2"	26	"CTS"
"CTS_15"	0	"HP1BP3"	55	"CTS"
"CTS_15"	0	"EEF1D"	55	"CTS"
"CTS_15"	504	"TOP2A"	1	"CTS"
"CTS_15"	0	"CBFB"	55	"CTS"
"CTS_15"	0	"GTSE1"	55	"CTS"
"CTS_15"	0	"CEP192"	55	"CTS"
"CTS_15"	0	"CKAP5"	55	"CTS"
"CTS_15"	0	"PARPBP"	55	"CTS"
"CTS_15"	9	"ANP32E"	29	"CTS"
"CTS_15"	0	"KIF18B"	55	"CTS"
"CTS_15"	0	"CASP8AP2"	55	"CTS"
"CTS_15"	3	"DEK"	31.5	"CTS"
"CTS_15"	0	"ARHGAP35"	55	"CTS"
"CTS_16"	0	"DCN"	114.5	"CTS"
"CTS_16"	104	"KCNQ1"	59	"CTS"
"CTS_16"	0	"KDM4B"	114.5	"CTS"
"CTS_16"	244	"TNS1"	29	"CTS"
"CTS_16"	526	"TGFBR3"	11	"CTS"
"CTS_16"	436	"MYH9"	15	"CTS"
"CTS_16"	0	"NAMPT"	114.5	"CTS"
"CTS_16"	0	"DNAJC12"	114.5	"CTS"
"CTS_16"	0	"C1orf21"	114.5	"CTS"
"CTS_16"	0	"SOGA1"	114.5	"CTS"
"CTS_16"	232	"APOE"	32	"CTS"
"CTS_16"	103	"ZNF331"	60	"CTS"
"CTS_16"	0	"SEMA6A"	114.5	"CTS"
"CTS_16"	11	"TBX3"	76	"CTS"
"CTS_16"	1155	"FDX1"	3	"CTS"
"CTS_16"	3828	"SCARB1"	1	"CTS"
"CTS_16"	159	"SMAD2"	42	"CTS"
"CTS_16"	4	"PACSIN2"	83.5	"CTS"
"CTS_16"	1	"NOP58"	88.5	"CTS"
"CTS_16"	25	"FOSL2"	71	"CTS"
"CTS_16"	13	"CREM"	72.5	"CTS"
"CTS_16"	149	"PRKAR2B"	43	"CTS"
"CTS_16"	237	"CYP11A1"	30	"CTS"
"CTS_16"	907	"STAR"	7	"CTS"
"CTS_16"	0	"ZNF462"	114.5	"CTS"
"CTS_16"	0	"PLBD2"	114.5	"CTS"
"CTS_16"	491	"DIP2C"	14	"CTS"
"CTS_16"	0	"ANKRD44"	114.5	"CTS"
"CTS_16"	625	"RANBP2"	10	"CTS"
"CTS_16"	1113	"ATP1B3"	4.5	"CTS"
"CTS_16"	8	"FMNL2"	80	"CTS"
"CTS_16"	249	"CYP11B1"	27.5	"CTS"
"CTS_16"	175	"RBM47"	39	"CTS"
"CTS_16"	131	"DUSP16"	46.5	"CTS"
"CTS_16"	12	"ANTXR1"	74	"CTS"
"CTS_16"	0	"PCNX1"	114.5	"CTS"
"CTS_16"	416	"CTNNA1"	16	"CTS"
"CTS_16"	67	"SIK2"	64.5	"CTS"
"CTS_16"	1037	"ITPR1"	6	"CTS"
"CTS_16"	0	"RNF187"	114.5	"CTS"
"CTS_16"	130	"UQCRFS1"	48.5	"CTS"
"CTS_16"	0	"DST"	114.5	"CTS"
"CTS_16"	0	"CYB5B"	114.5	"CTS"
"CTS_16"	0	"MARCHF3"	114.5	"CTS"
"CTS_16"	0	"CD46"	114.5	"CTS"
"CTS_16"	26	"ZHX2"	70	"CTS"
"CTS_16"	374	"MTSS1"	19	"CTS"
"CTS_16"	162	"PPP2R1A"	41	"CTS"
"CTS_16"	85	"LARP4B"	62	"CTS"
"CTS_16"	34	"FOXK1"	68	"CTS"
"CTS_16"	87	"STARD13"	61	"CTS"
"CTS_16"	178	"DLK1"	38	"CTS"
"CTS_16"	0	"TRIM24"	114.5	"CTS"
"CTS_16"	6	"SEPTIN6"	82	"CTS"
"CTS_16"	0	"PHF10"	114.5	"CTS"
"CTS_16"	0	"BABAM2"	114.5	"CTS"
"CTS_16"	36	"DDX21"	67	"CTS"
"CTS_16"	199	"FILIP1L"	35	"CTS"
"CTS_16"	2	"PGAP1"	85.5	"CTS"
"CTS_16"	4	"ZNF536"	83.5	"CTS"
"CTS_16"	0	"UVRAG"	114.5	"CTS"
"CTS_16"	1	"ADIPOR2"	88.5	"CTS"
"CTS_16"	508	"MAP3K5"	13	"CTS"
"CTS_16"	1	"SMURF1"	88.5	"CTS"
"CTS_16"	0	"ZNF521"	114.5	"CTS"
"CTS_16"	0	"SGMS1"	114.5	"CTS"
"CTS_16"	202	"GALNT2"	33	"CTS"
"CTS_16"	131	"CD55"	46.5	"CTS"
"CTS_16"	681	"SOAT1"	8	"CTS"
"CTS_16"	389	"SGK1"	18	"CTS"
"CTS_16"	0	"MAN1A1"	114.5	"CTS"
"CTS_16"	126	"SLC16A10"	51	"CTS"
"CTS_16"	1113	"CYP17A1"	4.5	"CTS"
"CTS_16"	0	"DHCR24"	114.5	"CTS"
"CTS_16"	11	"EPS15"	76	"CTS"
"CTS_16"	233	"VAV2"	31	"CTS"
"CTS_16"	8	"DLG5"	80	"CTS"
"CTS_16"	0	"MTCH1"	114.5	"CTS"
"CTS_16"	82	"OGT"	63	"CTS"
"CTS_16"	0	"NKAIN1"	114.5	"CTS"
"CTS_16"	312	"PRKG1"	23	"CTS"
"CTS_16"	408	"ECE1"	17	"CTS"
"CTS_16"	0	"MFSD14B"	114.5	"CTS"
"CTS_16"	0	"SHC3"	114.5	"CTS"
"CTS_16"	0	"IRS2"	114.5	"CTS"
"CTS_16"	0	"TLE1"	114.5	"CTS"
"CTS_16"	8	"ZFAND5"	80	"CTS"
"CTS_16"	250	"SLC23A2"	26	"CTS"
"CTS_16"	0	"NFX1"	114.5	"CTS"
"CTS_16"	0	"NHS"	114.5	"CTS"
"CTS_16"	343	"RBBP7"	22	"CTS"
"CTS_16"	0	"C2CD2"	114.5	"CTS"
"CTS_16"	0	"CDK8"	114.5	"CTS"
"CTS_16"	196	"SH3BP5"	36	"CTS"
"CTS_16"	1	"GRK5"	88.5	"CTS"
"CTS_16"	174	"DPP10"	40	"CTS"
"CTS_16"	0	"ERGIC1"	114.5	"CTS"
"CTS_16"	10	"PDE8A"	78	"CTS"
"CTS_16"	118	"ALAS1"	56	"CTS"
"CTS_16"	0	"SLC16A9"	114.5	"CTS"
"CTS_16"	2	"KSR1"	85.5	"CTS"
"CTS_16"	13	"MAPK4"	72.5	"CTS"
"CTS_16"	11	"PDIA6"	76	"CTS"
"CTS_16"	0	"MAST4"	114.5	"CTS"
"CTS_16"	132	"PARD3B"	45	"CTS"
"CTS_16"	0	"ZNF516"	114.5	"CTS"
"CTS_16"	0	"CADPS2"	114.5	"CTS"
"CTS_16"	1332	"ERN1"	2	"CTS"
"CTS_16"	249	"GRAMD1B"	27.5	"CTS"
"CTS_16"	0	"TMEM120B"	114.5	"CTS"
"CTS_16"	123	"PAPSS2"	54	"CTS"
"CTS_16"	125	"TNXB"	53	"CTS"
"CTS_16"	0	"ABTB2"	114.5	"CTS"
"CTS_16"	120	"CMSS1"	55	"CTS"
"CTS_16"	293	"FNDC3B"	24	"CTS"
"CTS_16"	366	"ADAMTS9"	20	"CTS"
"CTS_16"	126	"BTBD9"	51	"CTS"
"CTS_16"	109	"POR"	58	"CTS"
"CTS_16"	0	"ACADVL"	114.5	"CTS"
"CTS_16"	353	"ATP2A2"	21	"CTS"
"CTS_16"	200	"UTY"	34	"CTS"
"CTS_16"	0	"CMIP"	114.5	"CTS"
"CTS_16"	256	"HNRNPC"	25	"CTS"
"CTS_16"	114	"LDLR"	57	"CTS"
"CTS_16"	0	"ABCB1"	114.5	"CTS"
"CTS_16"	33	"LRMDA"	69	"CTS"
"CTS_16"	644	"PLCG2"	9	"CTS"
"CTS_16"	51	"CHD1"	66	"CTS"
"CTS_16"	0	"ARMC9"	114.5	"CTS"
"CTS_16"	182	"FARP1"	37	"CTS"
"CTS_16"	67	"SUGCT"	64.5	"CTS"
"CTS_16"	126	"TCF7L2"	51	"CTS"
"CTS_16"	130	"COBLL1"	48.5	"CTS"
"CTS_16"	510	"ZEB2"	12	"CTS"
"CTS_16"	0	"RDX"	114.5	"CTS"
"CTS_16"	0	"TCEAL9"	114.5	"CTS"
"CTS_16"	136	"ENOSF1"	44	"CTS"
"CTS_16"	0	"CBLB"	114.5	"CTS"
"CTS_9"	700	"KCNQ1"	6	"CTS"
"CTS_9"	35	"TNS1"	55	"CTS"
"CTS_9"	181	"TGFBR3"	24	"CTS"
"CTS_9"	0	"MYH9"	90	"CTS"
"CTS_9"	0	"NAMPT"	90	"CTS"
"CTS_9"	0	"DNAJC12"	90	"CTS"
"CTS_9"	0	"C1orf21"	90	"CTS"
"CTS_9"	0	"RGS2"	90	"CTS"
"CTS_9"	302	"DUSP1"	16	"CTS"
"CTS_9"	0	"MT2A"	90	"CTS"
"CTS_9"	13	"ZNF331"	62.5	"CTS"
"CTS_9"	22	"SEMA6A"	60	"CTS"
"CTS_9"	0	"TBX3"	90	"CTS"
"CTS_9"	0	"ALPK3"	90	"CTS"
"CTS_9"	12	"FDX1"	64	"CTS"
"CTS_9"	0	"MSMO1"	90	"CTS"
"CTS_9"	1904	"SCARB1"	1	"CTS"
"CTS_9"	0	"NGEF"	90	"CTS"
"CTS_9"	93	"FOSL2"	42	"CTS"
"CTS_9"	29	"CPEB4"	57	"CTS"
"CTS_9"	0	"ARRDC3"	90	"CTS"
"CTS_9"	9	"CREM"	65	"CTS"
"CTS_9"	230	"PRKAR2B"	21	"CTS"
"CTS_9"	2	"B4GALNT3"	68.5	"CTS"
"CTS_9"	808	"CYP11A1"	5	"CTS"
"CTS_9"	35	"NPC1"	55	"CTS"
"CTS_9"	134	"RHOB"	34	"CTS"
"CTS_9"	526	"STAR"	8	"CTS"
"CTS_9"	0	"ZFP36L2"	90	"CTS"
"CTS_9"	0	"AKR1B1"	90	"CTS"
"CTS_9"	151	"ATP1B3"	32	"CTS"
"CTS_9"	89	"HMGCR"	43	"CTS"
"CTS_9"	25	"CYP11B1"	59	"CTS"
"CTS_9"	84	"RBM47"	46	"CTS"
"CTS_9"	0	"DUSP16"	90	"CTS"
"CTS_9"	81	"JUNB"	47	"CTS"
"CTS_9"	100	"CTNNA1"	40	"CTS"
"CTS_9"	0	"SIK2"	90	"CTS"
"CTS_9"	961	"ITPR1"	2	"CTS"
"CTS_9"	0	"KCNK3"	90	"CTS"
"CTS_9"	13	"CYB5B"	62.5	"CTS"
"CTS_9"	0	"ZHX2"	90	"CTS"
"CTS_9"	249	"HMGCS1"	18	"CTS"
"CTS_9"	106	"PPP2R1A"	36.5	"CTS"
"CTS_9"	46	"PCGF5"	51	"CTS"
"CTS_9"	0	"PHF10"	90	"CTS"
"CTS_9"	300	"PLD1"	17	"CTS"
"CTS_9"	157	"INSIG1"	28.5	"CTS"
"CTS_9"	0	"PGAP1"	90	"CTS"
"CTS_9"	322	"MAP3K5"	15	"CTS"
"CTS_9"	64	"MAP2"	49	"CTS"
"CTS_9"	178	"PLAGL1"	25	"CTS"
"CTS_9"	155	"GALNT2"	30	"CTS"
"CTS_9"	207	"PDE10A"	22	"CTS"
"CTS_9"	191	"CD55"	23	"CTS"
"CTS_9"	26	"UST"	58	"CTS"
"CTS_9"	104	"SOAT1"	38	"CTS"
"CTS_9"	85	"SGK1"	44.5	"CTS"
"CTS_9"	3	"MAN1A1"	67	"CTS"
"CTS_9"	241	"CYP17A1"	19	"CTS"
"CTS_9"	169	"ELOVL5"	26	"CTS"
"CTS_9"	459	"DHCR24"	9	"CTS"
"CTS_9"	0	"EPS15"	90	"CTS"
"CTS_9"	0	"DLG5"	90	"CTS"
"CTS_9"	457	"PRKG1"	10.5	"CTS"
"CTS_9"	0	"EDA"	90	"CTS"
"CTS_9"	0	"ECE1"	90	"CTS"
"CTS_9"	0	"COL15A1"	90	"CTS"
"CTS_9"	0	"TLE1"	90	"CTS"
"CTS_9"	0	"ZFAND5"	90	"CTS"
"CTS_9"	76	"TBC1D4"	48	"CTS"
"CTS_9"	0	"SLC23A2"	90	"CTS"
"CTS_9"	0	"NHS"	90	"CTS"
"CTS_9"	85	"RBBP7"	44.5	"CTS"
"CTS_9"	17	"C2CD2"	61	"CTS"
"CTS_9"	35	"SH3BP5"	55	"CTS"
"CTS_9"	398	"DPP10"	12	"CTS"
"CTS_9"	103	"PDE8A"	39	"CTS"
"CTS_9"	99	"ALAS1"	41	"CTS"
"CTS_9"	0	"SLC16A9"	90	"CTS"
"CTS_9"	113	"ADGRV1"	35	"CTS"
"CTS_9"	165	"DOCK8"	27	"CTS"
"CTS_9"	0	"NFIC"	90	"CTS"
"CTS_9"	150	"CADPS2"	33	"CTS"
"CTS_9"	933	"ERN1"	3	"CTS"
"CTS_9"	106	"GRAMD1B"	36.5	"CTS"
"CTS_9"	0	"OXR1"	90	"CTS"
"CTS_9"	0	"PAPSS2"	90	"CTS"
"CTS_9"	330	"TNXB"	14	"CTS"
"CTS_9"	0	"ABTB2"	90	"CTS"
"CTS_9"	6	"CMSS1"	66	"CTS"
"CTS_9"	48	"FNDC3B"	50	"CTS"
"CTS_9"	0	"PHACTR2"	90	"CTS"
"CTS_9"	2	"ADAMTS9"	68.5	"CTS"
"CTS_9"	36	"POR"	53	"CTS"
"CTS_9"	237	"HIF1A"	20	"CTS"
"CTS_9"	0	"ACADVL"	90	"CTS"
"CTS_9"	658	"NR4A1"	7	"CTS"
"CTS_9"	836	"HSD3B2"	4	"CTS"
"CTS_9"	157	"LDLR"	28.5	"CTS"
"CTS_9"	0	"ABCB1"	90	"CTS"
"CTS_9"	0	"PLCL2"	90	"CTS"
"CTS_9"	40	"LRMDA"	52	"CTS"
"CTS_9"	0	"GRIA3"	90	"CTS"
"CTS_9"	457	"PLCG2"	10.5	"CTS"
"CTS_9"	152	"FARP1"	31	"CTS"
"CTS_9"	0	"COBLL1"	90	"CTS"
"CTS_9"	369	"CYP21A2"	13	"CTS"
"CTS_9"	0	"ENOSF1"	90	"CTS"
"CTS_9"	0	"CBLB"	90	"CTS"
