"signature"	"BetweennessCentrality"	"gene"	"rank_by_BC"	"PPI_cat"
"HiG_0"	39	"PSMA4"	117	"HiG"
"HiG_0"	0	"NDUFB4"	250.5	"HiG"
"HiG_0"	10	"VCL"	150.5	"HiG"
"HiG_0"	0	"TIMM13"	250.5	"HiG"
"HiG_0"	0	"MIF"	250.5	"HiG"
"HiG_0"	1	"SUPT16H"	173	"HiG"
"HiG_0"	0	"FKBP3"	250.5	"HiG"
"HiG_0"	19	"AURKA"	135.5	"HiG"
"HiG_0"	11	"PGRMC1"	148.5	"HiG"
"HiG_0"	0	"KNOP1"	250.5	"HiG"
"HiG_0"	0	"SCG3"	250.5	"HiG"
"HiG_0"	284	"SFRP1"	79	"HiG"
"HiG_0"	154	"PFN1"	95	"HiG"
"HiG_0"	7	"C1QBP"	154.5	"HiG"
"HiG_0"	0	"JADE1"	250.5	"HiG"
"HiG_0"	0	"CTSC"	250.5	"HiG"
"HiG_0"	0	"YBX3"	250.5	"HiG"
"HiG_0"	0	"MLEC"	250.5	"HiG"
"HiG_0"	0	"TPI1"	250.5	"HiG"
"HiG_0"	0	"CMAS"	250.5	"HiG"
"HiG_0"	67	"COX6A1"	111	"HiG"
"HiG_0"	0	"ACOT13"	250.5	"HiG"
"HiG_0"	0	"GMNN"	250.5	"HiG"
"HiG_0"	36	"MSH2"	118	"HiG"
"HiG_0"	2778	"HSPE1"	10	"HiG"
"HiG_0"	426	"CEBPZ"	52	"HiG"
"HiG_0"	0	"MAD2L2"	250.5	"HiG"
"HiG_0"	0	"FAM98A"	250.5	"HiG"
"HiG_0"	2	"DLGAP5"	169	"HiG"
"HiG_0"	0	"TXNDC17"	250.5	"HiG"
"HiG_0"	503	"NASP"	48	"HiG"
"HiG_0"	3255	"CCNB1"	7	"HiG"
"HiG_0"	0	"SEMA6A"	250.5	"HiG"
"HiG_0"	16	"COX5B"	140.5	"HiG"
"HiG_0"	0	"USP44"	250.5	"HiG"
"HiG_0"	784	"POU5F1"	34.5	"HiG"
"HiG_0"	2	"SYT1"	169	"HiG"
"HiG_0"	0	"PEBP1"	250.5	"HiG"
"HiG_0"	3	"MCM4"	166	"HiG"
"HiG_0"	0	"YY1"	250.5	"HiG"
"HiG_0"	973	"PRDX1"	32	"HiG"
"HiG_0"	628	"EPCAM"	43	"HiG"
"HiG_0"	0	"CHMP2B"	250.5	"HiG"
"HiG_0"	0	"EIF2AK4"	250.5	"HiG"
"HiG_0"	0	"MCM6"	250.5	"HiG"
"HiG_0"	371	"NOP58"	57	"HiG"
"HiG_0"	323	"USO1"	65.5	"HiG"
"HiG_0"	0	"GALNT7"	250.5	"HiG"
"HiG_0"	0	"CENPE"	250.5	"HiG"
"HiG_0"	0	"GAL"	250.5	"HiG"
"HiG_0"	5	"SQLE"	160	"HiG"
"HiG_0"	833	"SNRPF"	33	"HiG"
"HiG_0"	14	"MFGE8"	143.5	"HiG"
"HiG_0"	318	"SOD1"	72	"HiG"
"HiG_0"	0	"FNBP1L"	250.5	"HiG"
"HiG_0"	8060	"RPS27A"	2	"HiG"
"HiG_0"	330	"FTH1"	63	"HiG"
"HiG_0"	6	"SFRP2"	157.5	"HiG"
"HiG_0"	0	"IQGAP2"	250.5	"HiG"
"HiG_0"	0	"GGCT"	250.5	"HiG"
"HiG_0"	92	"CCT6A"	106	"HiG"
"HiG_0"	1839	"TERF1"	21	"HiG"
"HiG_0"	10	"SSRP1"	150.5	"HiG"
"HiG_0"	5	"PAK1"	160	"HiG"
"HiG_0"	0	"CENPU"	250.5	"HiG"
"HiG_0"	609	"SMARCA5"	44	"HiG"
"HiG_0"	180	"THY1"	88	"HiG"
"HiG_0"	406	"UCHL1"	54	"HiG"
"HiG_0"	31	"ATP5MC3"	127	"HiG"
"HiG_0"	12	"NIFK"	146.5	"HiG"
"HiG_0"	19	"BUB1B"	135.5	"HiG"
"HiG_0"	325	"EIF5B"	64	"HiG"
"HiG_0"	0	"CBR1"	250.5	"HiG"
"HiG_0"	19	"CCT3"	135.5	"HiG"
"HiG_0"	527	"TDGF1"	47	"HiG"
"HiG_0"	2593	"H2AFZ"	11	"HiG"
"HiG_0"	0	"SCGB3A2"	250.5	"HiG"
"HiG_0"	4412	"NPM1"	5	"HiG"
"HiG_0"	0	"HSPA9"	250.5	"HiG"
"HiG_0"	0	"CKB"	250.5	"HiG"
"HiG_0"	323	"CRABP1"	65.5	"HiG"
"HiG_0"	321	"PDIA3"	69	"HiG"
"HiG_0"	168	"TPX2"	92	"HiG"
"HiG_0"	286	"SNRPD1"	77.5	"HiG"
"HiG_0"	0	"SPINT2"	250.5	"HiG"
"HiG_0"	0	"BIRC5"	250.5	"HiG"
"HiG_0"	1	"BUB1"	173	"HiG"
"HiG_0"	0	"PA2G4"	250.5	"HiG"
"HiG_0"	153	"HSPA4"	96	"HiG"
"HiG_0"	0	"HINT1"	250.5	"HiG"
"HiG_0"	0	"PCBP1"	250.5	"HiG"
"HiG_0"	170	"ATP5ME"	91	"HiG"
"HiG_0"	4	"BPTF"	163	"HiG"
"HiG_0"	34	"CYCS"	121.5	"HiG"
"HiG_0"	28	"UQCRH"	129.5	"HiG"
"HiG_0"	0	"MIS18BP1"	250.5	"HiG"
"HiG_0"	0	"CKS1B"	250.5	"HiG"
"HiG_0"	982	"HNRNPD"	30	"HiG"
"HiG_0"	0	"AURKB"	250.5	"HiG"
"HiG_0"	0	"CLU"	250.5	"HiG"
"HiG_0"	0	"GPM6B"	250.5	"HiG"
"HiG_0"	0	"ZFP42"	250.5	"HiG"
"HiG_0"	3	"COX5A"	166	"HiG"
"HiG_0"	5801	"NCL"	3	"HiG"
"HiG_0"	0	"RUVBL1"	250.5	"HiG"
"HiG_0"	12	"COX8A"	146.5	"HiG"
"HiG_0"	0	"STRBP"	250.5	"HiG"
"HiG_0"	0	"DIAPH2"	250.5	"HiG"
"HiG_0"	647	"HMGCS1"	42	"HiG"
"HiG_0"	0	"GADD45GIP1"	250.5	"HiG"
"HiG_0"	2043	"SOX2"	15	"HiG"
"HiG_0"	0	"POLR2L"	250.5	"HiG"
"HiG_0"	547	"HNRNPM"	46	"HiG"
"HiG_0"	0	"PMAIP1"	250.5	"HiG"
"HiG_0"	0	"SRRM1"	250.5	"HiG"
"HiG_0"	0	"IMP3"	250.5	"HiG"
"HiG_0"	0	"PAWR"	250.5	"HiG"
"HiG_0"	0	"PIF1"	250.5	"HiG"
"HiG_0"	1869	"DNMT3B"	19	"HiG"
"HiG_0"	0	"BOLA3"	250.5	"HiG"
"HiG_0"	2	"NOP10"	169	"HiG"
"HiG_0"	2875	"HSP90AA1"	8	"HiG"
"HiG_0"	113	"DPPA4"	99.5	"HiG"
"HiG_0"	699	"TUBA1B"	40	"HiG"
"HiG_0"	179	"NME1"	89	"HiG"
"HiG_0"	14	"UGP2"	143.5	"HiG"
"HiG_0"	205	"TUBB"	83	"HiG"
"HiG_0"	139	"NDUFA4"	97	"HiG"
"HiG_0"	2509	"HSPD1"	12	"HiG"
"HiG_0"	480	"JARID2"	49	"HiG"
"HiG_0"	0	"SMC4"	250.5	"HiG"
"HiG_0"	0	"CYB5A"	250.5	"HiG"
"HiG_0"	976	"RPS2"	31	"HiG"
"HiG_0"	0	"DMKN"	250.5	"HiG"
"HiG_0"	108	"SNRPD2"	101	"HiG"
"HiG_0"	0	"PPM1G"	250.5	"HiG"
"HiG_0"	0	"DPYSL3"	250.5	"HiG"
"HiG_0"	321	"PTMA"	69	"HiG"
"HiG_0"	0	"RBPJ"	250.5	"HiG"
"HiG_0"	33	"HMGB1"	124	"HiG"
"HiG_0"	0	"ARPC5L"	250.5	"HiG"
"HiG_0"	6	"LYAR"	157.5	"HiG"
"HiG_0"	1046	"RPL27A"	27	"HiG"
"HiG_0"	671	"RPL22L1"	41	"HiG"
"HiG_0"	725	"DDX21"	39	"HiG"
"HiG_0"	769	"HNRNPA2B1"	38	"HiG"
"HiG_0"	0	"NRDC"	250.5	"HiG"
"HiG_0"	173	"JPT1"	90	"HiG"
"HiG_0"	0	"PSMD12"	250.5	"HiG"
"HiG_0"	7	"RAC1"	154.5	"HiG"
"HiG_0"	0	"ZNF770"	250.5	"HiG"
"HiG_0"	2174	"UBE2C"	13	"HiG"
"HiG_0"	7	"FDPS"	154.5	"HiG"
"HiG_0"	0	"PRIM1"	250.5	"HiG"
"HiG_0"	0	"HMGN5"	250.5	"HiG"
"HiG_0"	80	"TOMM7"	108	"HiG"
"HiG_0"	182	"CD2AP"	87	"HiG"
"HiG_0"	0	"DNMT1"	250.5	"HiG"
"HiG_0"	32	"G3BP2"	126	"HiG"
"HiG_0"	188	"RRM2"	85.5	"HiG"
"HiG_0"	278	"GTPBP4"	80	"HiG"
"HiG_0"	1299	"MT-CYB"	24	"HiG"
"HiG_0"	405	"MT-ATP6"	55	"HiG"
"HiG_0"	74	"MT-CO2"	109	"HiG"
"HiG_0"	24	"MT-ND4"	132	"HiG"
"HiG_0"	99	"MT-CO3"	105	"HiG"
"HiG_0"	0	"MT-ND2"	250.5	"HiG"
"HiG_0"	164	"MT-ATP8"	93	"HiG"
"HiG_0"	0	"ADSS"	250.5	"HiG"
"HiG_0"	0	"COA6"	250.5	"HiG"
"HiG_0"	1263	"PARP1"	26	"HiG"
"HiG_0"	417	"EPRS"	53	"HiG"
"HiG_0"	44	"RRP15"	116	"HiG"
"HiG_0"	1956	"CENPF"	17	"HiG"
"HiG_0"	784	"ACAT2"	34.5	"HiG"
"HiG_0"	35	"NUCKS1"	119.5	"HiG"
"HiG_0"	33	"ASPM"	124	"HiG"
"HiG_0"	0	"ABRACL"	250.5	"HiG"
"HiG_0"	0	"CACYBP"	250.5	"HiG"
"HiG_0"	0	"CENPW"	250.5	"HiG"
"HiG_0"	48	"MKI67"	115	"HiG"
"HiG_0"	0	"BUB3"	250.5	"HiG"
"HiG_0"	0	"NDUFAF4"	250.5	"HiG"
"HiG_0"	19	"DKC1"	135.5	"HiG"
"HiG_0"	0	"TTK"	250.5	"HiG"
"HiG_0"	16	"SCD"	140.5	"HiG"
"HiG_0"	0	"HMGB3"	250.5	"HiG"
"HiG_0"	429	"PSMA7"	51	"HiG"
"HiG_0"	350	"SERBP1"	59.5	"HiG"
"HiG_0"	0	"PFDN4"	250.5	"HiG"
"HiG_0"	2076	"HSP90AB1"	14	"HiG"
"HiG_0"	0	"SLC25A5"	250.5	"HiG"
"HiG_0"	0	"KIF20B"	250.5	"HiG"
"HiG_0"	128	"CDC20"	98	"HiG"
"HiG_0"	1485	"YBX1"	22	"HiG"
"HiG_0"	102	"SET"	103	"HiG"
"HiG_0"	0	"YWHAB"	250.5	"HiG"
"HiG_0"	0	"NDUFS5"	250.5	"HiG"
"HiG_0"	0	"MARCKSL1"	250.5	"HiG"
"HiG_0"	101	"SRSF3"	104	"HiG"
"HiG_0"	9	"LIN28A"	152	"HiG"
"HiG_0"	587	"TXN"	45	"HiG"
"HiG_0"	0	"EIF2S2"	250.5	"HiG"
"HiG_0"	0	"CLIC1"	250.5	"HiG"
"HiG_0"	70	"CKS2"	110	"HiG"
"HiG_0"	0	"XRN2"	250.5	"HiG"
"HiG_0"	59	"FTL"	113	"HiG"
"HiG_0"	0	"CNMD"	250.5	"HiG"
"HiG_0"	4	"PODXL"	163	"HiG"
"HiG_0"	0	"SEPHS1"	250.5	"HiG"
"HiG_0"	350	"UQCRQ"	59.5	"HiG"
"HiG_0"	33	"PCNA"	124	"HiG"
"HiG_0"	1	"PAK1IP1"	173	"HiG"
"HiG_0"	0	"TXLNG"	250.5	"HiG"
"HiG_0"	0	"SLTM"	250.5	"HiG"
"HiG_0"	14	"TMSB4X"	143.5	"HiG"
"HiG_0"	286	"PSIP1"	77.5	"HiG"
"HiG_0"	0	"POMP"	250.5	"HiG"
"HiG_0"	188	"NLN"	85.5	"HiG"
"HiG_0"	0	"DUT"	250.5	"HiG"
"HiG_0"	2846	"NOP56"	9	"HiG"
"HiG_0"	0	"IDI1"	250.5	"HiG"
"HiG_0"	0	"RFC1"	250.5	"HiG"
"HiG_0"	0	"CD9"	250.5	"HiG"
"HiG_0"	0	"TRIM71"	250.5	"HiG"
"HiG_0"	189	"XRCC5"	84	"HiG"
"HiG_0"	0	"ECT2"	250.5	"HiG"
"HiG_0"	0	"ATP5MC1"	250.5	"HiG"
"HiG_0"	369	"PTPRZ1"	58	"HiG"
"HiG_0"	319	"HMMR"	71	"HiG"
"HiG_0"	28	"PTTG1"	129.5	"HiG"
"HiG_0"	156	"HELLS"	94	"HiG"
"HiG_0"	0	"LARS"	250.5	"HiG"
"HiG_0"	0	"MT1X"	250.5	"HiG"
"HiG_0"	0	"ELOVL6"	250.5	"HiG"
"HiG_0"	0	"MGST1"	250.5	"HiG"
"HiG_0"	19361	"GAPDH"	1	"HiG"
"HiG_0"	0	"CLDN6"	250.5	"HiG"
"HiG_0"	396	"GSTP1"	56	"HiG"
"HiG_0"	0	"JMJD1C"	250.5	"HiG"
"HiG_0"	1	"PAICS"	173	"HiG"
"HiG_0"	0	"CDCA7L"	250.5	"HiG"
"HiG_0"	0	"WDR43"	250.5	"HiG"
"HiG_0"	0	"CEBPZOS"	250.5	"HiG"
"HiG_0"	0	"VSNL1"	250.5	"HiG"
"HiG_0"	0	"NOLC1"	250.5	"HiG"
"HiG_0"	14	"SMS"	143.5	"HiG"
"HiG_0"	0	"GULP1"	250.5	"HiG"
"HiG_0"	113	"PRPF40A"	99.5	"HiG"
"HiG_0"	219	"SSB"	82	"HiG"
"HiG_0"	0	"TARS"	250.5	"HiG"
"HiG_0"	0	"TSTD1"	250.5	"HiG"
"HiG_0"	0	"TKT"	250.5	"HiG"
"HiG_0"	0	"AKIRIN1"	250.5	"HiG"
"HiG_0"	0	"FGFR1"	250.5	"HiG"
"HiG_0"	23	"SNRPG"	133	"HiG"
"HiG_0"	11	"GNL3"	148.5	"HiG"
"HiG_0"	0	"GPATCH4"	250.5	"HiG"
"HiG_0"	0	"GSPT1"	250.5	"HiG"
"HiG_0"	7	"HMGA1"	154.5	"HiG"
"HiG_0"	0	"RANBP1"	250.5	"HiG"
"HiG_0"	35	"RPF2"	119.5	"HiG"
"HiG_0"	0	"AASS"	250.5	"HiG"
"HiG_0"	0	"EBNA1BP2"	250.5	"HiG"
"HiG_0"	4	"STMN1"	163	"HiG"
"HiG_0"	4317	"TOP2A"	6	"HiG"
"HiG_0"	0	"DDX46"	250.5	"HiG"
"HiG_0"	0	"RARRES2"	250.5	"HiG"
"HiG_0"	0	"FAM162A"	250.5	"HiG"
"HiG_0"	0	"POU5F1B"	250.5	"HiG"
"HiG_0"	342	"PPIA"	61	"HiG"
"HiG_0"	18	"SSBP1"	138	"HiG"
"HiG_0"	4568	"L1TD1"	4	"HiG"
"HiG_0"	0	"TFDP2"	250.5	"HiG"
"HiG_0"	0	"MYO10"	250.5	"HiG"
"HiG_0"	0	"OCIAD2"	250.5	"HiG"
"HiG_0"	86	"HNRNPAB"	107	"HiG"
"HiG_0"	1863	"COX7C"	20	"HiG"
"HiG_0"	0	"RAI14"	250.5	"HiG"
"HiG_0"	0	"VASH2"	250.5	"HiG"
"HiG_0"	0	"ENY2"	250.5	"HiG"
"HiG_0"	1	"HDAC2"	173	"HiG"
"HiG_0"	477	"CFL1"	50	"HiG"
"HiG_0"	1438	"HSPA8"	23	"HiG"
"HiG_0"	340	"TRMT112"	62	"HiG"
"HiG_0"	783	"KPNA2"	36	"HiG"
"HiG_0"	0	"BEX2"	250.5	"HiG"
"HiG_0"	0	"BCAT1"	250.5	"HiG"
"HiG_0"	312	"TUBA1C"	74.5	"HiG"
"HiG_0"	1294	"RAN"	25	"HiG"
"HiG_0"	0	"C12orf45"	250.5	"HiG"
"HiG_0"	1907	"SLIRP"	18	"HiG"
"HiG_0"	313	"HNRNPC"	73	"HiG"
"HiG_0"	106	"COX4I1"	102	"HiG"
"HiG_0"	52	"RSL1D1"	114	"HiG"
"HiG_0"	0	"OAZ2"	250.5	"HiG"
"HiG_0"	25	"ANP32E"	131	"HiG"
"HiG_0"	0	"MYL12B"	250.5	"HiG"
"HiG_0"	0	"COX6B1"	250.5	"HiG"
"HiG_0"	253	"RPS5"	81	"HiG"
"HiG_0"	0	"SELENOW"	250.5	"HiG"
"HiG_0"	301	"OAZ1"	76	"HiG"
"HiG_0"	0	"REXO2"	250.5	"HiG"
"HiG_0"	3	"MCM3"	166	"HiG"
"HiG_0"	0	"SEM1"	250.5	"HiG"
"HiG_0"	322	"CCNA2"	67	"HiG"
"HiG_0"	0	"DDX24"	250.5	"HiG"
"HiG_0"	985	"CD24"	29	"HiG"
"HiG_0"	0	"SPATS2L"	250.5	"HiG"
"HiG_0"	0	"NDUFB1"	250.5	"HiG"
"HiG_0"	64	"DBI"	112	"HiG"
"HiG_0"	0	"HSPH1"	250.5	"HiG"
"HiG_0"	2014	"FDFT1"	16	"HiG"
"HiG_0"	777	"ACTB"	37	"HiG"
"HiG_0"	321	"SNRPN"	69	"HiG"
"HiG_0"	0	"UBE2T"	250.5	"HiG"
"HiG_0"	312	"ENO1"	74.5	"HiG"
"HiG_0"	0	"ACBD6"	250.5	"HiG"
"HiG_0"	5	"COX7B"	160	"HiG"
"HiG_0"	0	"POLR3G"	250.5	"HiG"
"HiG_0"	17	"TPM3"	139	"HiG"
"HiG_0"	29	"DEK"	128	"HiG"
"HiG_0"	1028	"CALM1"	28	"HiG"
"HiG_0"	34	"CALM2"	121.5	"HiG"
"HiG_0"	0	"AP1S2"	250.5	"HiG"
"HiG_1"	0	"SLC7A2"	916	"HiG"
"HiG_1"	0	"MAP4K5"	916	"HiG"
"HiG_1"	0	"ERCC1"	916	"HiG"
"HiG_1"	8	"SNAI2"	571	"HiG"
"HiG_1"	0	"FAM13B"	916	"HiG"
"HiG_1"	143923	"DCN"	1	"HiG"
"HiG_1"	2297	"GRN"	163	"HiG"
"HiG_1"	26	"VAMP3"	521.5	"HiG"
"HiG_1"	235	"PKP2"	428	"HiG"
"HiG_1"	929	"LMCD1"	360	"HiG"
"HiG_1"	19	"CTTNBP2"	533.5	"HiG"
"HiG_1"	1145	"FAM107B"	300.5	"HiG"
"HiG_1"	0	"HEATR6"	916	"HiG"
"HiG_1"	1148	"PPP1R15A"	293.5	"HiG"
"HiG_1"	0	"CCDC80"	916	"HiG"
"HiG_1"	2154	"TGFBR3"	185	"HiG"
"HiG_1"	0	"GADD45B"	916	"HiG"
"HiG_1"	27	"SNAP29"	519.5	"HiG"
"HiG_1"	1995	"XBP1"	191	"HiG"
"HiG_1"	2275	"MYH9"	172	"HiG"
"HiG_1"	0	"FAM118A"	916	"HiG"
"HiG_1"	0	"NID2"	916	"HiG"
"HiG_1"	8159	"CHGA"	61	"HiG"
"HiG_1"	450	"CST4"	398	"HiG"
"HiG_1"	3230	"USP11"	124	"HiG"
"HiG_1"	0	"TIMP1"	916	"HiG"
"HiG_1"	1	"ARL2BP"	661	"HiG"
"HiG_1"	0	"MMP15"	916	"HiG"
"HiG_1"	3381	"NME4"	116	"HiG"
"HiG_1"	4	"DECR2"	605.5	"HiG"
"HiG_1"	357	"PLAT"	408	"HiG"
"HiG_1"	1226	"DKK4"	252	"HiG"
"HiG_1"	0	"DCTN6"	916	"HiG"
"HiG_1"	9	"PAF1"	566	"HiG"
"HiG_1"	0	"TLE5"	916	"HiG"
"HiG_1"	0	"PLIN3"	916	"HiG"
"HiG_1"	2495	"TFPI2"	145	"HiG"
"HiG_1"	0	"MPP6"	916	"HiG"
"HiG_1"	3200	"FKBP14"	126	"HiG"
"HiG_1"	1106	"PCOLCE"	336	"HiG"
"HiG_1"	2982	"FIS1"	132	"HiG"
"HiG_1"	1569	"MEST"	216	"HiG"
"HiG_1"	0	"AEBP1"	916	"HiG"
"HiG_1"	2454	"MYL7"	147	"HiG"
"HiG_1"	116	"CYP26A1"	451	"HiG"
"HiG_1"	0	"ATE1"	916	"HiG"
"HiG_1"	18987	"ACTA2"	27	"HiG"
"HiG_1"	1975	"MED31"	193	"HiG"
"HiG_1"	0	"CCL2"	916	"HiG"
"HiG_1"	53684	"COL1A1"	8	"HiG"
"HiG_1"	0	"APOC3"	916	"HiG"
"HiG_1"	31	"SYT10"	514	"HiG"
"HiG_1"	0	"CDKN1B"	916	"HiG"
"HiG_1"	0	"MGP"	916	"HiG"
"HiG_1"	855	"CAP2"	368	"HiG"
"HiG_1"	0	"SNX3"	916	"HiG"
"HiG_1"	0	"TMEM30A"	916	"HiG"
"HiG_1"	563	"ISL1"	384.5	"HiG"
"HiG_1"	0	"HBEGF"	916	"HiG"
"HiG_1"	97520	"SPARC"	4	"HiG"
"HiG_1"	1168	"HAND1"	264	"HiG"
"HiG_1"	0	"THG1L"	916	"HiG"
"HiG_1"	75	"CRBN"	472.5	"HiG"
"HiG_1"	0	"HES1"	916	"HiG"
"HiG_1"	0	"TNNC1"	916	"HiG"
"HiG_1"	2044	"TMSB10"	189	"HiG"
"HiG_1"	2391	"TFPI"	153	"HiG"
"HiG_1"	4459	"APOB"	97	"HiG"
"HiG_1"	5592	"IGFBP5"	85	"HiG"
"HiG_1"	1094	"ID2"	341	"HiG"
"HiG_1"	0	"ODC1"	916	"HiG"
"HiG_1"	0	"CLCN6"	916	"HiG"
"HiG_1"	1209	"TMEM59"	256.5	"HiG"
"HiG_1"	0	"C1orf21"	916	"HiG"
"HiG_1"	0	"PRDM2"	916	"HiG"
"HiG_1"	0	"RGS2"	916	"HiG"
"HiG_1"	8	"CAMSAP2"	571	"HiG"
"HiG_1"	101	"FILIP1"	459.5	"HiG"
"HiG_1"	0	"IFI27L2"	916	"HiG"
"HiG_1"	0	"YIPF4"	916	"HiG"
"HiG_1"	41	"HOXB5"	503	"HiG"
"HiG_1"	467	"HOXB7"	396	"HiG"
"HiG_1"	0	"PRRX1"	916	"HiG"
"HiG_1"	31	"EGR1"	514	"HiG"
"HiG_1"	0	"WASHC3"	916	"HiG"
"HiG_1"	54	"TFG"	488	"HiG"
"HiG_1"	6	"FYTTD1"	587	"HiG"
"HiG_1"	0	"INHBA"	916	"HiG"
"HiG_1"	1042	"IFT81"	348	"HiG"
"HiG_1"	901	"RSRP1"	363	"HiG"
"HiG_1"	0	"PLA2G12A"	916	"HiG"
"HiG_1"	1330	"ATP5F1E"	232	"HiG"
"HiG_1"	519	"SRSF6"	387.5	"HiG"
"HiG_1"	2622	"PTGIS"	139	"HiG"
"HiG_1"	0	"COL21A1"	916	"HiG"
"HiG_1"	11154	"SOX4"	43	"HiG"
"HiG_1"	0	"SSR1"	916	"HiG"
"HiG_1"	9138	"BMP4"	53	"HiG"
"HiG_1"	0	"ALKBH7"	916	"HiG"
"HiG_1"	2	"TMX4"	635	"HiG"
"HiG_1"	1149	"HSPB1"	289	"HiG"
"HiG_1"	1512	"GNG11"	220	"HiG"
"HiG_1"	0	"EAPP"	916	"HiG"
"HiG_1"	0	"DHX40"	916	"HiG"
"HiG_1"	0	"CNN1"	916	"HiG"
"HiG_1"	41179	"APOE"	11	"HiG"
"HiG_1"	2460	"GADD45G"	146	"HiG"
"HiG_1"	7461	"BST2"	66	"HiG"
"HiG_1"	2383	"PXDN"	154	"HiG"
"HiG_1"	105	"GDF15"	457	"HiG"
"HiG_1"	1146	"HRC"	298.5	"HiG"
"HiG_1"	4417	"RBM39"	99	"HiG"
"HiG_1"	0	"CAPN7"	916	"HiG"
"HiG_1"	32	"RAMP2"	512	"HiG"
"HiG_1"	0	"NDFIP1"	916	"HiG"
"HiG_1"	2255	"ACTR10"	176	"HiG"
"HiG_1"	4693	"LGALS3"	92	"HiG"
"HiG_1"	1236	"SERPINF1"	250	"HiG"
"HiG_1"	2263	"KDM6B"	175	"HiG"
"HiG_1"	68	"MATN2"	476	"HiG"
"HiG_1"	2803	"JAG1"	135	"HiG"
"HiG_1"	0	"MED10"	916	"HiG"
"HiG_1"	1	"BTG1"	661	"HiG"
"HiG_1"	0	"MICAL2"	916	"HiG"
"HiG_1"	10356	"SARAF"	48	"HiG"
"HiG_1"	255	"KIDINS220"	423	"HiG"
"HiG_1"	0	"SPX"	916	"HiG"
"HiG_1"	0	"RTL8C"	916	"HiG"
"HiG_1"	12	"TUT4"	555	"HiG"
"HiG_1"	1955	"PDGFRA"	194	"HiG"
"HiG_1"	15	"DZIP1"	542	"HiG"
"HiG_1"	90	"APC"	465	"HiG"
"HiG_1"	0	"TBX3"	916	"HiG"
"HiG_1"	0	"PNPLA8"	916	"HiG"
"HiG_1"	0	"GDF11"	916	"HiG"
"HiG_1"	0	"PPP1R1A"	916	"HiG"
"HiG_1"	0	"LAMC1"	916	"HiG"
"HiG_1"	1133	"REV1"	319.5	"HiG"
"HiG_1"	4486	"KDELR2"	96	"HiG"
"HiG_1"	1	"TANK"	661	"HiG"
"HiG_1"	0	"GYPC"	916	"HiG"
"HiG_1"	0	"STX17"	916	"HiG"
"HiG_1"	1154	"DCTN3"	271.5	"HiG"
"HiG_1"	7727	"SULF1"	63	"HiG"
"HiG_1"	0	"C11orf1"	916	"HiG"
"HiG_1"	2	"THBS1"	635	"HiG"
"HiG_1"	1309	"ADAM10"	237	"HiG"
"HiG_1"	4024	"ARHGAP29"	104	"HiG"
"HiG_1"	3097	"SLC40A1"	130	"HiG"
"HiG_1"	518	"COL8A1"	389	"HiG"
"HiG_1"	0	"RXYLT1"	916	"HiG"
"HiG_1"	1097	"SNCAIP"	340	"HiG"
"HiG_1"	13	"NUAK1"	549.5	"HiG"
"HiG_1"	7	"N4BP2"	577.5	"HiG"
"HiG_1"	0	"KLF3"	916	"HiG"
"HiG_1"	1	"TRAF5"	661	"HiG"
"HiG_1"	1120	"SPECC1"	326	"HiG"
"HiG_1"	1949	"DSG2"	195	"HiG"
"HiG_1"	42	"LPIN2"	501	"HiG"
"HiG_1"	236	"MPP5"	426.5	"HiG"
"HiG_1"	0	"TAOK1"	916	"HiG"
"HiG_1"	2286	"ALDH2"	166	"HiG"
"HiG_1"	103	"FAF2"	458	"HiG"
"HiG_1"	0	"SPAG9"	916	"HiG"
"HiG_1"	89	"PIK3C3"	466.5	"HiG"
"HiG_1"	4182	"KMT2C"	103	"HiG"
"HiG_1"	14	"CSPP1"	544.5	"HiG"
"HiG_1"	3238	"CREBBP"	123	"HiG"
"HiG_1"	1623	"WSB1"	214	"HiG"
"HiG_1"	15512	"SLC9A3R1"	36	"HiG"
"HiG_1"	0	"EPC1"	916	"HiG"
"HiG_1"	60	"UBE2R2"	484	"HiG"
"HiG_1"	0	"ARFGAP3"	916	"HiG"
"HiG_1"	3	"PLEKHA4"	618.5	"HiG"
"HiG_1"	0	"TCF25"	916	"HiG"
"HiG_1"	20	"BLVRB"	530	"HiG"
"HiG_1"	0	"FAM32A"	916	"HiG"
"HiG_1"	21	"P4HA1"	527	"HiG"
"HiG_1"	0	"ZC2HC1A"	916	"HiG"
"HiG_1"	101	"CHMP3"	459.5	"HiG"
"HiG_1"	0	"CHIC2"	916	"HiG"
"HiG_1"	39056	"KDR"	14	"HiG"
"HiG_1"	10	"KIF1B"	561	"HiG"
"HiG_1"	0	"EHBP1"	916	"HiG"
"HiG_1"	1159	"CDH3"	268	"HiG"
"HiG_1"	468	"ARID4B"	395	"HiG"
"HiG_1"	0	"POPDC2"	916	"HiG"
"HiG_1"	717	"FAM13A"	376	"HiG"
"HiG_1"	0	"KIAA1109"	916	"HiG"
"HiG_1"	8264	"IFT57"	59	"HiG"
"HiG_1"	335	"WNT5A"	413	"HiG"
"HiG_1"	6404	"FGF10"	75	"HiG"
"HiG_1"	1206	"ADD1"	258	"HiG"
"HiG_1"	1009	"ANXA3"	352.5	"HiG"
"HiG_1"	1209	"XRN1"	256.5	"HiG"
"HiG_1"	0	"PPP2R3A"	916	"HiG"
"HiG_1"	0	"MAP3K13"	916	"HiG"
"HiG_1"	0	"TNC"	916	"HiG"
"HiG_1"	0	"ARRDC3"	916	"HiG"
"HiG_1"	1145	"CASP6"	300.5	"HiG"
"HiG_1"	1212	"AFF4"	255	"HiG"
"HiG_1"	444	"SEMA3A"	399.5	"HiG"
"HiG_1"	285	"NRP1"	418.5	"HiG"
"HiG_1"	0	"CREM"	916	"HiG"
"HiG_1"	63	"CDK6"	481	"HiG"
"HiG_1"	256	"TIMP3"	422	"HiG"
"HiG_1"	0	"AMIGO2"	916	"HiG"
"HiG_1"	0	"PHLDA1"	916	"HiG"
"HiG_1"	61970	"LUM"	7	"HiG"
"HiG_1"	1	"ARMH4"	661	"HiG"
"HiG_1"	20	"TRIP11"	530	"HiG"
"HiG_1"	0	"UBE2Q2"	916	"HiG"
"HiG_1"	0	"TSPAN3"	916	"HiG"
"HiG_1"	22811	"IQGAP1"	22	"HiG"
"HiG_1"	1137	"DHX38"	314.5	"HiG"
"HiG_1"	0	"TXNL4B"	916	"HiG"
"HiG_1"	976	"CDH11"	356	"HiG"
"HiG_1"	1238	"UNC45B"	249	"HiG"
"HiG_1"	0	"SLC39A6"	916	"HiG"
"HiG_1"	0	"GATA6"	916	"HiG"
"HiG_1"	0	"KRT10"	916	"HiG"
"HiG_1"	0	"IFNAR1"	916	"HiG"
"HiG_1"	1687	"SH3BGRL3"	213	"HiG"
"HiG_1"	1150	"CTTNBP2NL"	285.5	"HiG"
"HiG_1"	13	"POGZ"	549.5	"HiG"
"HiG_1"	1008	"LEFTY1"	354	"HiG"
"HiG_1"	874	"MEIS1"	365	"HiG"
"HiG_1"	0	"RALB"	916	"HiG"
"HiG_1"	1009	"UBXN4"	352.5	"HiG"
"HiG_1"	1135	"NXPH2"	316.5	"HiG"
"HiG_1"	1118	"ARL6IP5"	327.5	"HiG"
"HiG_1"	0	"BOC"	916	"HiG"
"HiG_1"	310	"MARCH6"	416	"HiG"
"HiG_1"	3370	"PLK2"	119	"HiG"
"HiG_1"	28	"PELO"	517.5	"HiG"
"HiG_1"	1	"CRHBP"	661	"HiG"
"HiG_1"	1153	"LIX1"	274	"HiG"
"HiG_1"	0	"YIPF5"	916	"HiG"
"HiG_1"	0	"GABRB2"	916	"HiG"
"HiG_1"	131	"RSPO2"	445	"HiG"
"HiG_1"	6	"NTRK2"	587	"HiG"
"HiG_1"	0	"ZNF462"	916	"HiG"
"HiG_1"	0	"SERPING1"	916	"HiG"
"HiG_1"	4	"AASDHPPT"	605.5	"HiG"
"HiG_1"	147	"MYRF"	440	"HiG"
"HiG_1"	7	"NINL"	577.5	"HiG"
"HiG_1"	0	"MYL9"	916	"HiG"
"HiG_1"	2	"ARID5B"	635	"HiG"
"HiG_1"	540	"PDCD4"	386	"HiG"
"HiG_1"	0	"PRSS23"	916	"HiG"
"HiG_1"	0	"USP15"	916	"HiG"
"HiG_1"	15158	"ANK3"	37	"HiG"
"HiG_1"	920	"DSC2"	362	"HiG"
"HiG_1"	0	"FER"	916	"HiG"
"HiG_1"	78	"CGNL1"	470	"HiG"
"HiG_1"	1255	"MED13L"	246	"HiG"
"HiG_1"	0	"FLT1"	916	"HiG"
"HiG_1"	16076	"NIPBL"	32	"HiG"
"HiG_1"	2215	"ITGA1"	181	"HiG"
"HiG_1"	63	"HHEX"	481	"HiG"
"HiG_1"	0	"PLOD2"	916	"HiG"
"HiG_1"	0	"MSI2"	916	"HiG"
"HiG_1"	1483	"PDLIM3"	221	"HiG"
"HiG_1"	1140	"ADAMTS1"	311	"HiG"
"HiG_1"	0	"KLF10"	916	"HiG"
"HiG_1"	927	"RHOC"	361	"HiG"
"HiG_1"	0	"LONP2"	916	"HiG"
"HiG_1"	0	"FZD7"	916	"HiG"
"HiG_1"	63	"KAT6B"	481	"HiG"
"HiG_1"	0	"NSMCE2"	916	"HiG"
"HiG_1"	52	"SST"	490.5	"HiG"
"HiG_1"	0	"NRG1"	916	"HiG"
"HiG_1"	4766	"PRKAG2"	91	"HiG"
"HiG_1"	4	"DGKI"	605.5	"HiG"
"HiG_1"	0	"TMEM141"	916	"HiG"
"HiG_1"	11	"STC1"	558	"HiG"
"HiG_1"	0	"FBXO17"	916	"HiG"
"HiG_1"	0	"HBE1"	916	"HiG"
"HiG_1"	478	"PDPN"	393	"HiG"
"HiG_1"	1	"RBMS1"	661	"HiG"
"HiG_1"	0	"CAPN2"	916	"HiG"
"HiG_1"	7260	"LRRTM1"	67	"HiG"
"HiG_1"	22774	"FRZB"	23	"HiG"
"HiG_1"	0	"MERTK"	916	"HiG"
"HiG_1"	0	"IGFBP7"	916	"HiG"
"HiG_1"	1130	"ALB"	322	"HiG"
"HiG_1"	172	"TTC14"	434	"HiG"
"HiG_1"	0	"LZTFL1"	916	"HiG"
"HiG_1"	0	"MASP1"	916	"HiG"
"HiG_1"	1	"BDH2"	661	"HiG"
"HiG_1"	3498	"GUCY1A1"	113	"HiG"
"HiG_1"	1041	"HPGD"	349	"HiG"
"HiG_1"	0	"SPINK1"	916	"HiG"
"HiG_1"	2282	"TBXT"	169	"HiG"
"HiG_1"	35015	"COL1A2"	17	"HiG"
"HiG_1"	1762	"TNFRSF11B"	207	"HiG"
"HiG_1"	1167	"VIRMA"	265	"HiG"
"HiG_1"	1553	"COL14A1"	217	"HiG"
"HiG_1"	0	"ZHX1"	916	"HiG"
"HiG_1"	0	"CFL2"	916	"HiG"
"HiG_1"	8	"PCF11"	571	"HiG"
"HiG_1"	3	"KLHDC2"	618.5	"HiG"
"HiG_1"	0	"TSC1"	916	"HiG"
"HiG_1"	0	"ARHGAP42"	916	"HiG"
"HiG_1"	0	"IKBIP"	916	"HiG"
"HiG_1"	1	"TRIM44"	661	"HiG"
"HiG_1"	0	"PPFIBP2"	916	"HiG"
"HiG_1"	0	"CASC4"	916	"HiG"
"HiG_1"	0	"BMERB1"	916	"HiG"
"HiG_1"	10864	"PPIB"	45	"HiG"
"HiG_1"	1	"TERF2IP"	661	"HiG"
"HiG_1"	0	"CCNDBP1"	916	"HiG"
"HiG_1"	0	"COL6A2"	916	"HiG"
"HiG_1"	0	"ZNF91"	916	"HiG"
"HiG_1"	0	"ZNF428"	916	"HiG"
"HiG_1"	1107	"TMEM88"	333.5	"HiG"
"HiG_1"	0	"SOST"	916	"HiG"
"HiG_1"	0	"PAIP1"	916	"HiG"
"HiG_1"	20	"AFAP1L2"	530	"HiG"
"HiG_1"	1	"PPIC"	661	"HiG"
"HiG_1"	0	"DCXR"	916	"HiG"
"HiG_1"	42	"TRH"	501	"HiG"
"HiG_1"	0	"ANKMY2"	916	"HiG"
"HiG_1"	0	"KIAA0232"	916	"HiG"
"HiG_1"	0	"TM4SF1"	916	"HiG"
"HiG_1"	38508	"COL3A1"	16	"HiG"
"HiG_1"	704	"ZNHIT1"	378	"HiG"
"HiG_1"	0	"MAGI3"	916	"HiG"
"HiG_1"	2	"STX8"	635	"HiG"
"HiG_1"	187	"HOOK3"	433	"HiG"
"HiG_1"	0	"CST1"	916	"HiG"
"HiG_1"	5607	"STX18"	84	"HiG"
"HiG_1"	193	"KMT5B"	432	"HiG"
"HiG_1"	0	"ALCAM"	916	"HiG"
"HiG_1"	15	"PAM"	542	"HiG"
"HiG_1"	17	"CEP89"	537.5	"HiG"
"HiG_1"	0	"GABARAP"	916	"HiG"
"HiG_1"	2121	"MYOZ2"	187	"HiG"
"HiG_1"	0	"SDC2"	916	"HiG"
"HiG_1"	10859	"KIF5B"	46	"HiG"
"HiG_1"	0	"AAMDC"	916	"HiG"
"HiG_1"	51	"WDR48"	492.5	"HiG"
"HiG_1"	359	"CALB2"	407	"HiG"
"HiG_1"	0	"TSPAN5"	916	"HiG"
"HiG_1"	1827	"ZNF608"	203	"HiG"
"HiG_1"	568	"PCMTD2"	383	"HiG"
"HiG_1"	3671	"RPL13"	109	"HiG"
"HiG_1"	6218	"GLUL"	77	"HiG"
"HiG_1"	4526	"PCSK1"	94	"HiG"
"HiG_1"	0	"PMP22"	916	"HiG"
"HiG_1"	5	"MARCH3"	595	"HiG"
"HiG_1"	0	"CD164"	916	"HiG"
"HiG_1"	5	"CLTB"	595	"HiG"
"HiG_1"	0	"VPS41"	916	"HiG"
"HiG_1"	7127	"TBX5"	70	"HiG"
"HiG_1"	0	"EFEMP2"	916	"HiG"
"HiG_1"	0	"MAP9"	916	"HiG"
"HiG_1"	4265	"CSRP2"	102	"HiG"
"HiG_1"	8768	"AQP1"	57	"HiG"
"HiG_1"	0	"MSL3"	916	"HiG"
"HiG_1"	3375	"KMT2E"	117	"HiG"
"HiG_1"	0	"PDLIM2"	916	"HiG"
"HiG_1"	0	"FBXO34"	916	"HiG"
"HiG_1"	938	"DAB2"	359	"HiG"
"HiG_1"	1	"PHKB"	661	"HiG"
"HiG_1"	3369	"PPFIBP1"	120	"HiG"
"HiG_1"	0	"ANGPT2"	916	"HiG"
"HiG_1"	682	"EDNRA"	379	"HiG"
"HiG_1"	0	"MAGEF1"	916	"HiG"
"HiG_1"	885	"TLN1"	364	"HiG"
"HiG_1"	0	"DEGS1"	916	"HiG"
"HiG_1"	0	"P3H2"	916	"HiG"
"HiG_1"	0	"PIBF1"	916	"HiG"
"HiG_1"	394	"OS9"	405	"HiG"
"HiG_1"	0	"EPSTI1"	916	"HiG"
"HiG_1"	4	"BASP1"	605.5	"HiG"
"HiG_1"	455	"ITFG1"	397	"HiG"
"HiG_1"	6	"MPDZ"	587	"HiG"
"HiG_1"	47	"DIPK2A"	495	"HiG"
"HiG_1"	1347	"DYNC1I1"	228	"HiG"
"HiG_1"	19	"IFT22"	533.5	"HiG"
"HiG_1"	797	"ARID1A"	372	"HiG"
"HiG_1"	3	"ING3"	618.5	"HiG"
"HiG_1"	0	"OLFML3"	916	"HiG"
"HiG_1"	0	"ARL4D"	916	"HiG"
"HiG_1"	4	"ZMYM4"	605.5	"HiG"
"HiG_1"	0	"NDUFAF3"	916	"HiG"
"HiG_1"	2	"ZKSCAN1"	635	"HiG"
"HiG_1"	96	"IFT88"	463	"HiG"
"HiG_1"	1	"FZD2"	661	"HiG"
"HiG_1"	62	"TRIM55"	483	"HiG"
"HiG_1"	0	"SMARCE1"	916	"HiG"
"HiG_1"	0	"CD151"	916	"HiG"
"HiG_1"	0	"TCTEX1D2"	916	"HiG"
"HiG_1"	49	"MAB21L2"	494	"HiG"
"HiG_1"	1106	"SEMA6D"	336	"HiG"
"HiG_1"	0	"LASP1"	916	"HiG"
"HiG_1"	0	"RUFY1"	916	"HiG"
"HiG_1"	0	"NFKBIZ"	916	"HiG"
"HiG_1"	1449	"NR2F1"	223	"HiG"
"HiG_1"	1148	"SHISA3"	293.5	"HiG"
"HiG_1"	1518	"CUL1"	219	"HiG"
"HiG_1"	5692	"MAF"	83	"HiG"
"HiG_1"	1289	"NRIP1"	242	"HiG"
"HiG_1"	13	"SMDT1"	549.5	"HiG"
"HiG_1"	1836	"NKX2-5"	202	"HiG"
"HiG_1"	0	"YAF2"	916	"HiG"
"HiG_1"	1	"PTTG1IP"	661	"HiG"
"HiG_1"	322	"EFNA5"	415	"HiG"
"HiG_1"	89	"HOXB4"	466.5	"HiG"
"HiG_1"	0	"KRT7"	916	"HiG"
"HiG_1"	7	"COPB2"	577.5	"HiG"
"HiG_1"	0	"H1FX"	916	"HiG"
"HiG_1"	1148	"TCEAL7"	293.5	"HiG"
"HiG_1"	14207	"CADM1"	38	"HiG"
"HiG_1"	676	"PAPPA"	380	"HiG"
"HiG_1"	6	"IP6K2"	587	"HiG"
"HiG_1"	1	"MXI1"	661	"HiG"
"HiG_1"	1	"RAB11FIP1"	661	"HiG"
"HiG_1"	126	"ZNF704"	448	"HiG"
"HiG_1"	0	"FBLN1"	916	"HiG"
"HiG_1"	0	"IRX3"	916	"HiG"
"HiG_1"	734	"HOXB2"	375	"HiG"
"HiG_1"	0	"IDH2"	916	"HiG"
"HiG_1"	7	"COL4A5"	577.5	"HiG"
"HiG_1"	842	"SLIT3"	370	"HiG"
"HiG_1"	0	"SPAG16"	916	"HiG"
"HiG_1"	1151	"IGDCC3"	281	"HiG"
"HiG_1"	1107	"FLRT2"	333.5	"HiG"
"HiG_1"	71	"MRPL40"	475	"HiG"
"HiG_1"	0	"TMEM179B"	916	"HiG"
"HiG_1"	0	"FIGN"	916	"HiG"
"HiG_1"	2287	"NEXN"	165	"HiG"
"HiG_1"	0	"INTU"	916	"HiG"
"HiG_1"	1856	"PARVA"	199	"HiG"
"HiG_1"	0	"RFTN1"	916	"HiG"
"HiG_1"	1334	"ZMIZ1"	231	"HiG"
"HiG_1"	0	"FGG"	916	"HiG"
"HiG_1"	7	"ARHGAP10"	577.5	"HiG"
"HiG_1"	0	"PNRC1"	916	"HiG"
"HiG_1"	1150	"CXCL14"	285.5	"HiG"
"HiG_1"	0	"ENOX2"	916	"HiG"
"HiG_1"	2429	"ZFP36L1"	149	"HiG"
"HiG_1"	1300	"DACT1"	239.5	"HiG"
"HiG_1"	1007	"LIMS1"	355	"HiG"
"HiG_1"	6	"SEC62"	587	"HiG"
"HiG_1"	0	"ISYNA1"	916	"HiG"
"HiG_1"	0	"SPTY2D1"	916	"HiG"
"HiG_1"	0	"TARSL2"	916	"HiG"
"HiG_1"	1215	"PLCB1"	254	"HiG"
"HiG_1"	1118	"HEY1"	327.5	"HiG"
"HiG_1"	0	"NUDT4"	916	"HiG"
"HiG_1"	26	"RERE"	521.5	"HiG"
"HiG_1"	102747	"EZR"	3	"HiG"
"HiG_1"	2145	"ARHGAP6"	186	"HiG"
"HiG_1"	2	"NT5C2"	635	"HiG"
"HiG_1"	0	"CIR1"	916	"HiG"
"HiG_1"	0	"ARL4C"	916	"HiG"
"HiG_1"	31	"FLRT3"	514	"HiG"
"HiG_1"	0	"KRCC1"	916	"HiG"
"HiG_1"	1148	"SERINC3"	293.5	"HiG"
"HiG_1"	642	"SSX2IP"	381	"HiG"
"HiG_1"	1335	"DLK1"	230	"HiG"
"HiG_1"	0	"ARMCX3"	916	"HiG"
"HiG_1"	713	"GYG1"	377	"HiG"
"HiG_1"	3357	"MEF2C"	121	"HiG"
"HiG_1"	0	"ASH2L"	916	"HiG"
"HiG_1"	1149	"ARHGEF3"	289	"HiG"
"HiG_1"	1174	"PTN"	262	"HiG"
"HiG_1"	2284	"DCAF5"	168	"HiG"
"HiG_1"	0	"RIOK3"	916	"HiG"
"HiG_1"	0	"TP53BP2"	916	"HiG"
"HiG_1"	0	"SAMD11"	916	"HiG"
"HiG_1"	0	"BORCS7"	916	"HiG"
"HiG_1"	0	"FAM184A"	916	"HiG"
"HiG_1"	0	"CFAP36"	916	"HiG"
"HiG_1"	1917	"SERINC1"	197	"HiG"
"HiG_1"	0	"ZNF791"	916	"HiG"
"HiG_1"	6	"RBM5"	587	"HiG"
"HiG_1"	9	"GOLGA8B"	566	"HiG"
"HiG_1"	0	"EPB41L3"	916	"HiG"
"HiG_1"	107	"MAP4K4"	453.5	"HiG"
"HiG_1"	0	"KPNA1"	916	"HiG"
"HiG_1"	0	"MAGEH1"	916	"HiG"
"HiG_1"	0	"MBTPS1"	916	"HiG"
"HiG_1"	8175	"ATF3"	60	"HiG"
"HiG_1"	10	"CLUAP1"	561	"HiG"
"HiG_1"	0	"FGD6"	916	"HiG"
"HiG_1"	1141	"PRICKLE1"	308	"HiG"
"HiG_1"	10229	"CTSL"	50	"HiG"
"HiG_1"	18324	"CTSB"	28	"HiG"
"HiG_1"	0	"DLG1"	916	"HiG"
"HiG_1"	1128	"FYB2"	323	"HiG"
"HiG_1"	128617	"ANXA2"	2	"HiG"
"HiG_1"	0	"SMOC2"	916	"HiG"
"HiG_1"	0	"ANXA6"	916	"HiG"
"HiG_1"	0	"FILIP1L"	916	"HiG"
"HiG_1"	0	"SND1"	916	"HiG"
"HiG_1"	0	"WLS"	916	"HiG"
"HiG_1"	95585	"FN1"	5	"HiG"
"HiG_1"	2209	"ITSN2"	182	"HiG"
"HiG_1"	0	"MSRB3"	916	"HiG"
"HiG_1"	1300	"MYH7"	239.5	"HiG"
"HiG_1"	1106	"SHTN1"	336	"HiG"
"HiG_1"	152	"ARID4A"	437.5	"HiG"
"HiG_1"	0	"P3H4"	916	"HiG"
"HiG_1"	1133	"UBE2H"	319.5	"HiG"
"HiG_1"	0	"SORBS2"	916	"HiG"
"HiG_1"	0	"PRPF39"	916	"HiG"
"HiG_1"	1148	"PDLIM7"	293.5	"HiG"
"HiG_1"	762	"SVIL"	373	"HiG"
"HiG_1"	2452	"PLS3"	148	"HiG"
"HiG_1"	0	"CYP20A1"	916	"HiG"
"HiG_1"	13	"ADD3"	549.5	"HiG"
"HiG_1"	1134	"PXK"	318	"HiG"
"HiG_1"	6479	"AKAP9"	73	"HiG"
"HiG_1"	12	"MYOM1"	555	"HiG"
"HiG_1"	0	"MAN1A2"	916	"HiG"
"HiG_1"	2	"RSPO3"	635	"HiG"
"HiG_1"	3519	"CAVIN1"	112	"HiG"
"HiG_1"	0	"SPOCK3"	916	"HiG"
"HiG_1"	1	"PRRC2B"	661	"HiG"
"HiG_1"	0	"FRMD4A"	916	"HiG"
"HiG_1"	0	"STRN3"	916	"HiG"
"HiG_1"	2664	"PLN"	137	"HiG"
"HiG_1"	1141	"ATP2B4"	308	"HiG"
"HiG_1"	0	"GOLGA7"	916	"HiG"
"HiG_1"	1151	"AIG1"	281	"HiG"
"HiG_1"	53541	"TPM1"	9	"HiG"
"HiG_1"	18	"HSD17B11"	535.5	"HiG"
"HiG_1"	0	"FAM217B"	916	"HiG"
"HiG_1"	0	"GYPE"	916	"HiG"
"HiG_1"	0	"ENTPD4"	916	"HiG"
"HiG_1"	168	"REV3L"	436	"HiG"
"HiG_1"	0	"FAM114A1"	916	"HiG"
"HiG_1"	867	"GOLGA8A"	366	"HiG"
"HiG_1"	0	"ZNF33B"	916	"HiG"
"HiG_1"	0	"EMP2"	916	"HiG"
"HiG_1"	122	"HAND2"	449.5	"HiG"
"HiG_1"	236	"PCNT"	426.5	"HiG"
"HiG_1"	0	"RBM23"	916	"HiG"
"HiG_1"	0	"ART5"	916	"HiG"
"HiG_1"	0	"PTPRF"	916	"HiG"
"HiG_1"	0	"ETS2"	916	"HiG"
"HiG_1"	507	"CUX1"	390	"HiG"
"HiG_1"	0	"VPS13A"	916	"HiG"
"HiG_1"	1056	"MYLK"	344	"HiG"
"HiG_1"	0	"C20orf96"	916	"HiG"
"HiG_1"	1101	"NRP2"	338	"HiG"
"HiG_1"	5853	"MYH10"	80	"HiG"
"HiG_1"	1748	"DSC3"	209	"HiG"
"HiG_1"	4508	"PLAGL1"	95	"HiG"
"HiG_1"	0	"PCMTD1"	916	"HiG"
"HiG_1"	285	"ZNF148"	418.5	"HiG"
"HiG_1"	0	"ZNF711"	916	"HiG"
"HiG_1"	0	"ERC1"	916	"HiG"
"HiG_1"	2736	"GSTM3"	136	"HiG"
"HiG_1"	0	"ZNF37A"	916	"HiG"
"HiG_1"	0	"CYB5R3"	916	"HiG"
"HiG_1"	1144	"ZEB1"	302.5	"HiG"
"HiG_1"	58	"TNNI1"	486	"HiG"
"HiG_1"	2	"KIFAP3"	635	"HiG"
"HiG_1"	107	"MACF1"	453.5	"HiG"
"HiG_1"	1790	"AKAP13"	205	"HiG"
"HiG_1"	78	"PJA2"	470	"HiG"
"HiG_1"	31581	"CALD1"	20	"HiG"
"HiG_1"	1150	"SGMS1"	285.5	"HiG"
"HiG_1"	1152	"DMD"	277	"HiG"
"HiG_1"	340	"SMC5"	412	"HiG"
"HiG_1"	0	"ALPK2"	916	"HiG"
"HiG_1"	17314	"KRT19"	30	"HiG"
"HiG_1"	59	"COL6A1"	485	"HiG"
"HiG_1"	0	"APOBEC3C"	916	"HiG"
"HiG_1"	6833	"CD47"	71	"HiG"
"HiG_1"	0	"SCCPDH"	916	"HiG"
"HiG_1"	0	"SDCCAG8"	916	"HiG"
"HiG_1"	2285	"RYR2"	167	"HiG"
"HiG_1"	13	"MTR"	549.5	"HiG"
"HiG_1"	0	"ACTN2"	916	"HiG"
"HiG_1"	1	"SIPA1L2"	661	"HiG"
"HiG_1"	0	"FAM89A"	916	"HiG"
"HiG_1"	1150	"C1orf198"	285.5	"HiG"
"HiG_1"	469	"ACTA1"	394	"HiG"
"HiG_1"	1123	"RHOU"	324	"HiG"
"HiG_1"	4931	"AFDN"	90	"HiG"
"HiG_1"	7980	"H3F3B"	62	"HiG"
"HiG_1"	0	"LEFTY2"	916	"HiG"
"HiG_1"	0	"LYPLAL1"	916	"HiG"
"HiG_1"	15674	"TGFB2"	34	"HiG"
"HiG_1"	0	"GPATCH2"	916	"HiG"
"HiG_1"	0	"LPGAT1"	916	"HiG"
"HiG_1"	52	"PLXNA2"	490.5	"HiG"
"HiG_1"	0	"TULP4"	916	"HiG"
"HiG_1"	0	"MDM4"	916	"HiG"
"HiG_1"	1113	"LMOD1"	331	"HiG"
"HiG_1"	0	"NAV1"	916	"HiG"
"HiG_1"	0	"GINM1"	916	"HiG"
"HiG_1"	0	"TOR1AIP2"	916	"HiG"
"HiG_1"	1132	"SUCO"	321	"HiG"
"HiG_1"	4425	"ATP1B1"	98	"HiG"
"HiG_1"	1116	"TIPRL"	329	"HiG"
"HiG_1"	6	"DCAF6"	587	"HiG"
"HiG_1"	0	"RCSD1"	916	"HiG"
"HiG_1"	1148	"MGST3"	293.5	"HiG"
"HiG_1"	15	"ATF6"	542	"HiG"
"HiG_1"	2335	"CCN2"	158	"HiG"
"HiG_1"	563	"COPA"	384.5	"HiG"
"HiG_1"	1160	"IFI16"	267	"HiG"
"HiG_1"	3	"L3MBTL3"	618.5	"HiG"
"HiG_1"	948	"LMNA"	358	"HiG"
"HiG_1"	0	"CEP85L"	916	"HiG"
"HiG_1"	9	"GOPC"	566	"HiG"
"HiG_1"	6	"SNAPIN"	587	"HiG"
"HiG_1"	0	"S100A14"	916	"HiG"
"HiG_1"	0	"S100A16"	916	"HiG"
"HiG_1"	38827	"S100A10"	15	"HiG"
"HiG_1"	0	"MLLT11"	916	"HiG"
"HiG_1"	0	"PLEKHA1"	916	"HiG"
"HiG_1"	5	"TACC2"	595	"HiG"
"HiG_1"	0	"C1orf54"	916	"HiG"
"HiG_1"	0	"PLEKHO1"	916	"HiG"
"HiG_1"	0	"UFL1"	916	"HiG"
"HiG_1"	40	"EPHA7"	504.5	"HiG"
"HiG_1"	0	"POLR3GL"	916	"HiG"
"HiG_1"	0	"SHOC2"	916	"HiG"
"HiG_1"	0	"IGSF3"	916	"HiG"
"HiG_1"	0	"TSPAN2"	916	"HiG"
"HiG_1"	3374	"PRSS35"	118	"HiG"
"HiG_1"	0	"SLK"	916	"HiG"
"HiG_1"	0	"LRIF1"	916	"HiG"
"HiG_1"	2224	"AHCYL1"	179	"HiG"
"HiG_1"	1844	"COL11A1"	200	"HiG"
"HiG_1"	0	"TRMT13"	916	"HiG"
"HiG_1"	519	"PPDPF"	387.5	"HiG"
"HiG_1"	1111	"CNN3"	332	"HiG"
"HiG_1"	11281	"RPL5"	42	"HiG"
"HiG_1"	5	"OGFRL1"	595	"HiG"
"HiG_1"	1225	"FMR1"	253	"HiG"
"HiG_1"	139	"GTF2B"	443	"HiG"
"HiG_1"	0	"CREG1"	916	"HiG"
"HiG_1"	0	"PKN2"	916	"HiG"
"HiG_1"	0	"LDOC1"	916	"HiG"
"HiG_1"	2302	"LMO4"	161.5	"HiG"
"HiG_1"	4	"ZNHIT6"	605.5	"HiG"
"HiG_1"	0	"BMP5"	916	"HiG"
"HiG_1"	0	"RAP2C"	916	"HiG"
"HiG_1"	0	"GSTA4"	916	"HiG"
"HiG_1"	0	"GNG12"	916	"HiG"
"HiG_1"	247	"GADD45A"	424	"HiG"
"HiG_1"	1547	"GNAS"	218	"HiG"
"HiG_1"	20	"HOOK1"	530	"HiG"
"HiG_1"	73916	"JUN"	6	"HiG"
"HiG_1"	0	"DAB1"	916	"HiG"
"HiG_1"	5735	"PLPP3"	82	"HiG"
"HiG_1"	0	"SSBP3"	916	"HiG"
"HiG_1"	1249	"PLCE1"	247	"HiG"
"HiG_1"	3	"RBP4"	618.5	"HiG"
"HiG_1"	0	"TSHZ2"	916	"HiG"
"HiG_1"	0	"PARD6B"	916	"HiG"
"HiG_1"	0	"PTPN1"	916	"HiG"
"HiG_1"	1151	"EGFL7"	281	"HiG"
"HiG_1"	1149	"IFIT1"	289	"HiG"
"HiG_1"	0	"COL5A1"	916	"HiG"
"HiG_1"	1	"AMOT"	661	"HiG"
"HiG_1"	0	"PLAC9"	916	"HiG"
"HiG_1"	0	"TSC22D3"	916	"HiG"
"HiG_1"	1099	"YIPF3"	339	"HiG"
"HiG_1"	0	"SVBP"	916	"HiG"
"HiG_1"	0	"ZNF503"	916	"HiG"
"HiG_1"	0	"TCEAL1"	916	"HiG"
"HiG_1"	2	"TCEAL3"	635	"HiG"
"HiG_1"	2	"TCEAL5"	635	"HiG"
"HiG_1"	2595	"SDC4"	141	"HiG"
"HiG_1"	0	"HNRNPH2"	916	"HiG"
"HiG_1"	3	"PKIG"	618.5	"HiG"
"HiG_1"	0	"PCDH19"	916	"HiG"
"HiG_1"	1	"SH3BGRL"	661	"HiG"
"HiG_1"	0	"CHD6"	916	"HiG"
"HiG_1"	0	"ITM2A"	916	"HiG"
"HiG_1"	7	"TRAF3IP1"	577.5	"HiG"
"HiG_1"	0	"CCDC167"	916	"HiG"
"HiG_1"	3414	"PBX3"	115	"HiG"
"HiG_1"	1991	"CRB2"	192	"HiG"
"HiG_1"	3	"RABGAP1"	618.5	"HiG"
"HiG_1"	0	"KCTD20"	916	"HiG"
"HiG_1"	0	"PHACTR4"	916	"HiG"
"HiG_1"	44	"RAB14"	498	"HiG"
"HiG_1"	0	"CNTRL"	916	"HiG"
"HiG_1"	0	"TGIF2"	916	"HiG"
"HiG_1"	0	"DLGAP4"	916	"HiG"
"HiG_1"	0	"DKK1"	916	"HiG"
"HiG_1"	1153	"BMPR2"	274	"HiG"
"HiG_1"	0	"SLC39A7"	916	"HiG"
"HiG_1"	0	"COL5A2"	916	"HiG"
"HiG_1"	0	"ECE1"	916	"HiG"
"HiG_1"	345	"MAGED2"	411	"HiG"
"HiG_1"	2	"XPA"	635	"HiG"
"HiG_1"	0	"MAP3K20"	916	"HiG"
"HiG_1"	4	"TSPYL2"	605.5	"HiG"
"HiG_1"	4	"BAMBI"	605.5	"HiG"
"HiG_1"	1378	"MAGED1"	224	"HiG"
"HiG_1"	356	"RND3"	409	"HiG"
"HiG_1"	0	"DDAH2"	916	"HiG"
"HiG_1"	23	"COL4A1"	524.5	"HiG"
"HiG_1"	1	"ACBD5"	661	"HiG"
"HiG_1"	2	"CLCN5"	635	"HiG"
"HiG_1"	207	"CCDC93"	430	"HiG"
"HiG_1"	1154	"GRIPAP1"	271.5	"HiG"
"HiG_1"	0	"NPPB"	916	"HiG"
"HiG_1"	0	"TLE4"	916	"HiG"
"HiG_1"	10	"MBNL2"	561	"HiG"
"HiG_1"	0	"RFK"	916	"HiG"
"HiG_1"	0	"UGGT2"	916	"HiG"
"HiG_1"	0	"RBM3"	916	"HiG"
"HiG_1"	0	"COMMD3"	916	"HiG"
"HiG_1"	18128	"ANXA1"	29	"HiG"
"HiG_1"	0	"DNAJC1"	916	"HiG"
"HiG_1"	0	"GPC6"	916	"HiG"
"HiG_1"	0	"SLITRK5"	916	"HiG"
"HiG_1"	0	"VPS28"	916	"HiG"
"HiG_1"	1152	"KCTD12"	277	"HiG"
"HiG_1"	0	"ERRFI1"	916	"HiG"
"HiG_1"	1044	"STAM"	347	"HiG"
"HiG_1"	0	"LMO7"	916	"HiG"
"HiG_1"	0	"BTN3A2"	916	"HiG"
"HiG_1"	0	"GLIPR2"	916	"HiG"
"HiG_1"	503	"KDM6A"	391	"HiG"
"HiG_1"	1172	"AHNAK"	263	"HiG"
"HiG_1"	152	"CKAP4"	437.5	"HiG"
"HiG_1"	437	"ITGA8"	401	"HiG"
"HiG_1"	0	"PLCB4"	916	"HiG"
"HiG_1"	16665	"PODXL"	31	"HiG"
"HiG_1"	3	"DYNLT3"	618.5	"HiG"
"HiG_1"	6	"ID4"	587	"HiG"
"HiG_1"	8278	"OPTN"	58	"HiG"
"HiG_1"	3066	"BMP2"	131	"HiG"
"HiG_1"	0	"GPCPD1"	916	"HiG"
"HiG_1"	5833	"WT1"	81	"HiG"
"HiG_1"	0	"BCAP29"	916	"HiG"
"HiG_1"	0	"LGR4"	916	"HiG"
"HiG_1"	0	"FEZ2"	916	"HiG"
"HiG_1"	133	"GATA3"	444	"HiG"
"HiG_1"	1247	"EDN1"	248	"HiG"
"HiG_1"	7	"SMPX"	577.5	"HiG"
"HiG_1"	12	"YPEL5"	555	"HiG"
"HiG_1"	0	"ELF2"	916	"HiG"
"HiG_1"	13	"LHFPL6"	549.5	"HiG"
"HiG_1"	2578	"POSTN"	142	"HiG"
"HiG_1"	20963	"DSP"	26	"HiG"
"HiG_1"	1	"RHOBTB3"	661	"HiG"
"HiG_1"	0	"TRIM5"	916	"HiG"
"HiG_1"	0	"USP3"	916	"HiG"
"HiG_1"	3747	"MLLT3"	108	"HiG"
"HiG_1"	7512	"CHD3"	65	"HiG"
"HiG_1"	0	"PTPRA"	916	"HiG"
"HiG_1"	3	"COL2A1"	618.5	"HiG"
"HiG_1"	1475	"BNIP3L"	222	"HiG"
"HiG_1"	44	"BNC2"	498	"HiG"
"HiG_1"	130	"SERPINB9"	446.5	"HiG"
"HiG_1"	0	"NKX3-1"	916	"HiG"
"HiG_1"	1074	"CER1"	342	"HiG"
"HiG_1"	0	"RUFY3"	916	"HiG"
"HiG_1"	5935	"IGFBP3"	79	"HiG"
"HiG_1"	1137	"PFKP"	314.5	"HiG"
"HiG_1"	0	"RCAN1"	916	"HiG"
"HiG_1"	0	"SLC5A3"	916	"HiG"
"HiG_1"	122	"PTPRD"	449.5	"HiG"
"HiG_1"	1140	"TECRL"	311	"HiG"
"HiG_1"	0	"EXOC1"	916	"HiG"
"HiG_1"	592	"IL6ST"	382	"HiG"
"HiG_1"	0	"CRYZL1"	916	"HiG"
"HiG_1"	4	"COMMD8"	605.5	"HiG"
"HiG_1"	1166	"ZMYND11"	266	"HiG"
"HiG_1"	2242	"NIN"	177	"HiG"
"HiG_1"	1302	"TP53BP1"	238	"HiG"
"HiG_1"	1689	"ARHGAP5"	212	"HiG"
"HiG_1"	0	"FAHD1"	916	"HiG"
"HiG_1"	6282	"MSX1"	76	"HiG"
"HiG_1"	0	"ZMYM5"	916	"HiG"
"HiG_1"	0	"GTPBP8"	916	"HiG"
"HiG_1"	0	"SH3BP5"	916	"HiG"
"HiG_1"	2	"RUFY2"	635	"HiG"
"HiG_1"	7180	"KRT18"	69	"HiG"
"HiG_1"	444	"TRIP12"	399.5	"HiG"
"HiG_1"	0	"LAMA1"	916	"HiG"
"HiG_1"	0	"RNF216"	916	"HiG"
"HiG_1"	1840	"MYADM"	201	"HiG"
"HiG_1"	1151	"PPP1R12B"	281	"HiG"
"HiG_1"	23	"HDLBP"	524.5	"HiG"
"HiG_1"	2841	"ASH1L"	134	"HiG"
"HiG_1"	0	"CCDC50"	916	"HiG"
"HiG_1"	0	"TAOK3"	916	"HiG"
"HiG_1"	2	"WASF1"	635	"HiG"
"HiG_1"	2	"CERS6"	635	"HiG"
"HiG_1"	2	"PRKAR1A"	635	"HiG"
"HiG_1"	0	"CEP112"	916	"HiG"
"HiG_1"	332	"BAZ2B"	414	"HiG"
"HiG_1"	3145	"IGF1"	128	"HiG"
"HiG_1"	41664	"TAGLN"	10	"HiG"
"HiG_1"	0	"NKAPD1"	916	"HiG"
"HiG_1"	30	"SPOP"	516	"HiG"
"HiG_1"	0	"SPATA7"	916	"HiG"
"HiG_1"	6184	"GOLGB1"	78	"HiG"
"HiG_1"	3931	"GAP43"	105	"HiG"
"HiG_1"	1146	"JUP"	298.5	"HiG"
"HiG_1"	34	"SENP7"	509.5	"HiG"
"HiG_1"	1371	"NR2F2"	226	"HiG"
"HiG_1"	16	"CHD2"	539.5	"HiG"
"HiG_1"	42	"ARL13B"	501	"HiG"
"HiG_1"	10520	"GPC3"	47	"HiG"
"HiG_1"	21133	"STK26"	25	"HiG"
"HiG_1"	7513	"RPL34"	64	"HiG"
"HiG_1"	0	"MYLK3"	916	"HiG"
"HiG_1"	0	"SYNPO2L"	916	"HiG"
"HiG_1"	2277	"PPP3CA"	171	"HiG"
"HiG_1"	4	"COL4A6"	605.5	"HiG"
"HiG_1"	0	"C5orf24"	916	"HiG"
"HiG_1"	3308	"SPP1"	122	"HiG"
"HiG_1"	11031	"SEC31A"	44	"HiG"
"HiG_1"	1	"LBH"	661	"HiG"
"HiG_1"	35	"PHF20L1"	507.5	"HiG"
"HiG_1"	0	"MFAP4"	916	"HiG"
"HiG_1"	0	"NREP"	916	"HiG"
"HiG_1"	15685	"CXCL12"	33	"HiG"
"HiG_1"	1	"NAV2"	661	"HiG"
"HiG_1"	2558	"TAX1BP1"	143	"HiG"
"HiG_1"	0	"MYH11"	916	"HiG"
"HiG_1"	2272	"SOX6"	173	"HiG"
"HiG_1"	2302	"PKIA"	161.5	"HiG"
"HiG_1"	0	"ARHGAP21"	916	"HiG"
"HiG_1"	149	"ZC3H7A"	439	"HiG"
"HiG_1"	0	"ATF7IP2"	916	"HiG"
"HiG_1"	0	"TMEM106B"	916	"HiG"
"HiG_1"	0	"ATN1"	916	"HiG"
"HiG_1"	0	"ILK"	916	"HiG"
"HiG_1"	9	"ING4"	566	"HiG"
"HiG_1"	9004	"DDX17"	56	"HiG"
"HiG_1"	0	"NFE2L2"	916	"HiG"
"HiG_1"	9	"CNTN4"	566	"HiG"
"HiG_1"	1115	"PRMT2"	330	"HiG"
"HiG_1"	0	"CGGBP1"	916	"HiG"
"HiG_1"	5038	"CST3"	88	"HiG"
"HiG_1"	1234	"FRMD4B"	251	"HiG"
"HiG_1"	13	"USP34"	549.5	"HiG"
"HiG_1"	1	"GXYLT1"	661	"HiG"
"HiG_1"	37	"HSDL2"	506	"HiG"
"HiG_1"	0	"COL13A1"	916	"HiG"
"HiG_1"	2166	"TTC3"	184	"HiG"
"HiG_1"	78	"HECTD1"	470	"HiG"
"HiG_1"	1141	"USP47"	308	"HiG"
"HiG_1"	171	"KDM5A"	435	"HiG"
"HiG_1"	13074	"IFITM3"	39	"HiG"
"HiG_1"	0	"COLEC12"	916	"HiG"
"HiG_1"	0	"NBEA"	916	"HiG"
"HiG_1"	17	"CCNL2"	537.5	"HiG"
"HiG_1"	6790	"NPY"	72	"HiG"
"HiG_1"	7181	"AKAP12"	68	"HiG"
"HiG_1"	5	"SELENOM"	595	"HiG"
"HiG_1"	0	"SLC8A1"	916	"HiG"
"HiG_1"	0	"PCNX4"	916	"HiG"
"HiG_1"	0	"R3HDM2"	916	"HiG"
"HiG_1"	0	"CEP162"	916	"HiG"
"HiG_1"	2228	"MDK"	178	"HiG"
"HiG_1"	848	"HIPK2"	369	"HiG"
"HiG_1"	266	"KIF3A"	421	"HiG"
"HiG_1"	856	"TF"	367	"HiG"
"HiG_1"	15672	"RPS14"	35	"HiG"
"HiG_1"	66	"CPE"	478.5	"HiG"
"HiG_1"	0	"AAK1"	916	"HiG"
"HiG_1"	81	"CCDC141"	468	"HiG"
"HiG_1"	106	"PBRM1"	455.5	"HiG"
"HiG_1"	0	"ZC3H6"	916	"HiG"
"HiG_1"	0	"GPATCH11"	916	"HiG"
"HiG_1"	0	"C4orf48"	916	"HiG"
"HiG_1"	1197	"ACTG2"	259	"HiG"
"HiG_1"	2376	"ITGA6"	156	"HiG"
"HiG_1"	3112	"PLD3"	129	"HiG"
"HiG_1"	1	"PSTPIP2"	661	"HiG"
"HiG_1"	3	"UBE4A"	618.5	"HiG"
"HiG_1"	0	"PCYOX1"	916	"HiG"
"HiG_1"	0	"WDR73"	916	"HiG"
"HiG_1"	2406	"NSG1"	151	"HiG"
"HiG_1"	353	"TCF12"	410	"HiG"
"HiG_1"	0	"SCRN1"	916	"HiG"
"HiG_1"	0	"CPLANE1"	916	"HiG"
"HiG_1"	959	"NPNT"	357	"HiG"
"HiG_1"	0	"SEPTIN9"	916	"HiG"
"HiG_1"	6465	"IGF2"	74	"HiG"
"HiG_1"	1192	"ATP2B1"	260	"HiG"
"HiG_1"	0	"ARHGAP28"	916	"HiG"
"HiG_1"	4556	"S100A13"	93	"HiG"
"HiG_1"	1140	"CLGN"	311	"HiG"
"HiG_1"	0	"DAP"	916	"HiG"
"HiG_1"	0	"CLK1"	916	"HiG"
"HiG_1"	481	"CMYA5"	392	"HiG"
"HiG_1"	0	"GCA"	916	"HiG"
"HiG_1"	0	"SYTL5"	916	"HiG"
"HiG_1"	366	"CHD9"	406	"HiG"
"HiG_1"	0	"ATF5"	916	"HiG"
"HiG_1"	1156	"RGS4"	269	"HiG"
"HiG_1"	0	"LRRN3"	916	"HiG"
"HiG_1"	0	"LPIN1"	916	"HiG"
"HiG_1"	0	"ZBED5"	916	"HiG"
"HiG_1"	9	"LIFR"	566	"HiG"
"HiG_1"	2292	"CALCOCO2"	164	"HiG"
"HiG_1"	4283	"CCN1"	101	"HiG"
"HiG_1"	96	"PHF21A"	463	"HiG"
"HiG_1"	4404	"MXRA8"	100	"HiG"
"HiG_1"	1152	"MBIP"	277	"HiG"
"HiG_1"	0	"CMTM3"	916	"HiG"
"HiG_1"	1139	"PENK"	313	"HiG"
"HiG_1"	217	"FSIP2"	429	"HiG"
"HiG_1"	28	"LDB3"	517.5	"HiG"
"HiG_1"	740	"MYOCD"	374	"HiG"
"HiG_1"	1783	"TNRC6B"	206	"HiG"
"HiG_1"	0	"WEE1"	916	"HiG"
"HiG_1"	3	"SAMD3"	618.5	"HiG"
"HiG_1"	4958	"RUNX1T1"	89	"HiG"
"HiG_1"	0	"CLSTN2"	916	"HiG"
"HiG_1"	0	"HP1BP3"	916	"HiG"
"HiG_1"	73	"ANKRD36C"	474	"HiG"
"HiG_1"	0	"C11orf74"	916	"HiG"
"HiG_1"	0	"C15orf40"	916	"HiG"
"HiG_1"	423	"IFT74"	402	"HiG"
"HiG_1"	22	"PHLDB2"	526	"HiG"
"HiG_1"	0	"CLMP"	916	"HiG"
"HiG_1"	2088	"PBX1"	188	"HiG"
"HiG_1"	0	"EPM2AIP1"	916	"HiG"
"HiG_1"	20	"TCEA3"	530	"HiG"
"HiG_1"	0	"ANO6"	916	"HiG"
"HiG_1"	0	"HERPUD1"	916	"HiG"
"HiG_1"	0	"USP53"	916	"HiG"
"HiG_1"	1135	"VEZT"	316.5	"HiG"
"HiG_1"	2606	"FNDC3B"	140	"HiG"
"HiG_1"	1940	"GABARAPL1"	196	"HiG"
"HiG_1"	0	"MARK3"	916	"HiG"
"HiG_1"	0	"MPST"	916	"HiG"
"HiG_1"	0	"OSBPL9"	916	"HiG"
"HiG_1"	2313	"RBFOX2"	160	"HiG"
"HiG_1"	0	"FKBP7"	916	"HiG"
"HiG_1"	2948	"RPL10"	133	"HiG"
"HiG_1"	4	"KIAA1324L"	605.5	"HiG"
"HiG_1"	2018	"SEPTIN7"	190	"HiG"
"HiG_1"	130	"FNBP1"	446.5	"HiG"
"HiG_1"	1	"CDKN1C"	661	"HiG"
"HiG_1"	16	"RCOR3"	539.5	"HiG"
"HiG_1"	0	"MID1"	916	"HiG"
"HiG_1"	1045	"SERPINA1"	346	"HiG"
"HiG_1"	0	"GOLGA2"	916	"HiG"
"HiG_1"	5	"DDX39B"	595	"HiG"
"HiG_1"	9029	"SLC2A1"	55	"HiG"
"HiG_1"	1181	"TGFBI"	261	"HiG"
"HiG_1"	0	"NME6"	916	"HiG"
"HiG_1"	2413	"PHACTR2"	150	"HiG"
"HiG_1"	141	"HOXB3"	442	"HiG"
"HiG_1"	412	"ROBO2"	404	"HiG"
"HiG_1"	142	"GOLIM4"	441	"HiG"
"HiG_1"	0	"IAH1"	916	"HiG"
"HiG_1"	0	"SPRR2F"	916	"HiG"
"HiG_1"	3218	"MME"	125	"HiG"
"HiG_1"	1142	"VAMP2"	306	"HiG"
"HiG_1"	0	"ADAMTS9"	916	"HiG"
"HiG_1"	1312	"PEG10"	235.5	"HiG"
"HiG_1"	0	"LSAMP"	916	"HiG"
"HiG_1"	5	"AZI2"	595	"HiG"
"HiG_1"	0	"WWTR1"	916	"HiG"
"HiG_1"	1322	"KLF6"	233	"HiG"
"HiG_1"	0	"GSTA2"	916	"HiG"
"HiG_1"	0	"CD200"	916	"HiG"
"HiG_1"	0	"TIPARP"	916	"HiG"
"HiG_1"	0	"ANAPC13"	916	"HiG"
"HiG_1"	0	"ZNF827"	916	"HiG"
"HiG_1"	0	"HMGXB3"	916	"HiG"
"HiG_1"	2398	"CAST"	152	"HiG"
"HiG_1"	5510	"SLIT2"	86	"HiG"
"HiG_1"	5128	"GPX8"	87	"HiG"
"HiG_1"	0	"TUSC3"	916	"HiG"
"HiG_1"	2	"NEK1"	635	"HiG"
"HiG_1"	35	"AMOTL2"	507.5	"HiG"
"HiG_1"	3183	"PALLD"	127	"HiG"
"HiG_1"	3568	"LIMCH1"	111	"HiG"
"HiG_1"	0	"PGM3"	916	"HiG"
"HiG_1"	11	"CAMK2D"	558	"HiG"
"HiG_1"	40	"SELENOP"	504.5	"HiG"
"HiG_1"	1808	"CRIP2"	204	"HiG"
"HiG_1"	45	"ERBIN"	496	"HiG"
"HiG_1"	9773	"WNT8A"	52	"HiG"
"HiG_1"	0	"ZFYVE16"	916	"HiG"
"HiG_1"	0	"RIMS2"	916	"HiG"
"HiG_1"	0	"TNFAIP8"	916	"HiG"
"HiG_1"	1121	"GYPB"	325	"HiG"
"HiG_1"	1144	"WWP1"	302.5	"HiG"
"HiG_1"	0	"CCDC160"	916	"HiG"
"HiG_1"	2322	"PIK3R1"	159	"HiG"
"HiG_1"	1051	"SDCBP"	345	"HiG"
"HiG_1"	2221	"LEPROTL1"	180	"HiG"
"HiG_1"	67	"ANGPT1"	477	"HiG"
"HiG_1"	55	"RIMS1"	487	"HiG"
"HiG_1"	0	"ST3GAL1"	916	"HiG"
"HiG_1"	0	"LY6E"	916	"HiG"
"HiG_1"	4	"RNF19A"	605.5	"HiG"
"HiG_1"	1350	"STMN2"	227	"HiG"
"HiG_1"	0	"ASAP1"	916	"HiG"
"HiG_1"	0	"ATXN7L3B"	916	"HiG"
"HiG_1"	0	"LYRM2"	916	"HiG"
"HiG_1"	0	"GABRP"	916	"HiG"
"HiG_1"	0	"GSTK1"	916	"HiG"
"HiG_1"	2198	"EID1"	183	"HiG"
"HiG_1"	1315	"CSRP3"	234	"HiG"
"HiG_1"	0	"SPA17"	916	"HiG"
"HiG_1"	0	"MEX3A"	916	"HiG"
"HiG_1"	7	"RNPC3"	577.5	"HiG"
"HiG_1"	194	"RGS5"	431	"HiG"
"HiG_1"	1143	"CRYAB"	304.5	"HiG"
"HiG_1"	237	"EIF4G2"	425	"HiG"
"HiG_1"	0	"TEAD1"	916	"HiG"
"HiG_1"	34	"SLN"	509.5	"HiG"
"HiG_1"	0	"CCKBR"	916	"HiG"
"HiG_1"	3467	"GATA4"	114	"HiG"
"HiG_1"	0	"TP53I11"	916	"HiG"
"HiG_1"	0	"CCS"	916	"HiG"
"HiG_1"	1147	"NUCB2"	297	"HiG"
"HiG_1"	2267	"KMT2A"	174	"HiG"
"HiG_1"	99	"DICER1"	461	"HiG"
"HiG_1"	9	"H2AFJ"	566	"HiG"
"HiG_1"	3	"PIAS1"	618.5	"HiG"
"HiG_1"	25	"ACADVL"	523	"HiG"
"HiG_1"	33210	"TUBA1A"	18	"HiG"
"HiG_1"	0	"ZNF124"	916	"HiG"
"HiG_1"	0	"EVI5"	916	"HiG"
"HiG_1"	2648	"PCDH7"	138	"HiG"
"HiG_1"	14	"FNDC3A"	544.5	"HiG"
"HiG_1"	0	"SESN3"	916	"HiG"
"HiG_1"	1	"FXYD6"	661	"HiG"
"HiG_1"	1724	"MYBPC3"	211	"HiG"
"HiG_1"	27	"RSPRY1"	519.5	"HiG"
"HiG_1"	0	"CITED2"	916	"HiG"
"HiG_1"	7	"DENND5B"	577.5	"HiG"
"HiG_1"	0	"CNOT4"	916	"HiG"
"HiG_1"	0	"MMAB"	916	"HiG"
"HiG_1"	12776	"VIM"	40	"HiG"
"HiG_1"	0	"TUBGCP2"	916	"HiG"
"HiG_1"	0	"BAZ2A"	916	"HiG"
"HiG_1"	0	"APPL2"	916	"HiG"
"HiG_1"	0	"SPATS2"	916	"HiG"
"HiG_1"	2341	"DDIT3"	157	"HiG"
"HiG_1"	106	"MAP3K12"	455.5	"HiG"
"HiG_1"	44	"SMARCC2"	498	"HiG"
"HiG_1"	11642	"KRT8"	41	"HiG"
"HiG_1"	2	"TMEM263"	635	"HiG"
"HiG_1"	0	"ALDH6A1"	916	"HiG"
"HiG_1"	2	"UBE2J1"	635	"HiG"
"HiG_1"	0	"DMAC2L"	916	"HiG"
"HiG_1"	1	"PRAF2"	661	"HiG"
"HiG_1"	1275	"RPL28"	244	"HiG"
"HiG_1"	96	"MEF2A"	463	"HiG"
"HiG_1"	0	"LRRC49"	916	"HiG"
"HiG_1"	1376	"TLN2"	225	"HiG"
"HiG_1"	9789	"MEIS2"	51	"HiG"
"HiG_1"	7	"SECISBP2L"	577.5	"HiG"
"HiG_1"	0	"SCAPER"	916	"HiG"
"HiG_1"	0	"DOK4"	916	"HiG"
"HiG_1"	1143	"TRAPPC2L"	304.5	"HiG"
"HiG_1"	40472	"ACTG1"	12	"HiG"
"HiG_1"	0	"GTF2I"	916	"HiG"
"HiG_1"	0	"RAB31"	916	"HiG"
"HiG_1"	3591	"TXNIP"	110	"HiG"
"HiG_1"	0	"NCOA4"	916	"HiG"
"HiG_1"	816	"TMEM98"	371	"HiG"
"HiG_1"	66	"IFT20"	478.5	"HiG"
"HiG_1"	0	"CIRBP"	916	"HiG"
"HiG_1"	1	"TNNT1"	661	"HiG"
"HiG_1"	2500	"SUPT5H"	144	"HiG"
"HiG_1"	0	"ZNF83"	916	"HiG"
"HiG_1"	0	"NELFCD"	916	"HiG"
"HiG_1"	0	"MFSD14C"	916	"HiG"
"HiG_1"	1857	"UBE2E3"	198	"HiG"
"HiG_1"	1151	"DNAJC3"	281	"HiG"
"HiG_1"	0	"CHURC1"	916	"HiG"
"HiG_1"	0	"TM2D1"	916	"HiG"
"HiG_1"	1153	"RPAP2"	274	"HiG"
"HiG_1"	0	"PPM1K"	916	"HiG"
"HiG_1"	26911	"TPT1"	21	"HiG"
"HiG_1"	0	"LHX1"	916	"HiG"
"HiG_1"	0	"TOX4"	916	"HiG"
"HiG_1"	420	"MARCKS"	403	"HiG"
"HiG_1"	0	"CWC25"	916	"HiG"
"HiG_1"	4	"CYP1B1"	605.5	"HiG"
"HiG_1"	302	"DDX6"	417	"HiG"
"HiG_1"	1754	"CLIP1"	208	"HiG"
"HiG_1"	1312	"CAB39L"	235.5	"HiG"
"HiG_1"	51	"SH3GLB1"	492.5	"HiG"
"HiG_1"	3837	"NCAM1"	107	"HiG"
"HiG_1"	0	"CDC42EP3"	916	"HiG"
"HiG_1"	0	"CHST9"	916	"HiG"
"HiG_1"	11	"ANKRD36B"	558	"HiG"
"HiG_1"	0	"SPRY1"	916	"HiG"
"HiG_1"	1031	"FAM13C"	350	"HiG"
"HiG_1"	0	"CGA"	916	"HiG"
"HiG_1"	0	"SPATS2L"	916	"HiG"
"HiG_1"	0	"MGST2"	916	"HiG"
"HiG_1"	0	"SYNRG"	916	"HiG"
"HiG_1"	0	"LEPROT"	916	"HiG"
"HiG_1"	0	"USP27X"	916	"HiG"
"HiG_1"	2	"SSBP2"	635	"HiG"
"HiG_1"	0	"FAM200B"	916	"HiG"
"HiG_1"	0	"SERPINB6"	916	"HiG"
"HiG_1"	13	"IFITM2"	549.5	"HiG"
"HiG_1"	1272	"FOXP1"	245	"HiG"
"HiG_1"	0	"PIGBOS1"	916	"HiG"
"HiG_1"	0	"DOCK1"	916	"HiG"
"HiG_1"	0	"FARP1"	916	"HiG"
"HiG_1"	1745	"TCF7L2"	210	"HiG"
"HiG_1"	3853	"COBLL1"	106	"HiG"
"HiG_1"	1155	"ZEB2"	270	"HiG"
"HiG_1"	0	"CELF2"	916	"HiG"
"HiG_1"	0	"PON2"	916	"HiG"
"HiG_1"	18	"LPP"	535.5	"HiG"
"HiG_1"	2	"MICU1"	635	"HiG"
"HiG_1"	2382	"ZFHX3"	155	"HiG"
"HiG_1"	0	"VPS13C"	916	"HiG"
"HiG_1"	0	"EFNB2"	916	"HiG"
"HiG_1"	1619	"FOXC1"	215	"HiG"
"HiG_1"	1	"RPGRIP1L"	661	"HiG"
"HiG_1"	113	"TMF1"	452	"HiG"
"HiG_1"	9068	"PITX2"	54	"HiG"
"HiG_1"	0	"CCDC82"	916	"HiG"
"HiG_1"	39683	"CTNNB1"	13	"HiG"
"HiG_1"	4	"SPG7"	605.5	"HiG"
"HiG_1"	0	"TRPM7"	916	"HiG"
"HiG_1"	0	"TRIOBP"	916	"HiG"
"HiG_1"	1297	"TCEAL9"	241	"HiG"
"HiG_1"	0	"SEMA3E"	916	"HiG"
"HiG_1"	1285	"LRP2"	243	"HiG"
"HiG_1"	0	"CCBE1"	916	"HiG"
"HiG_1"	33	"ITM2B"	511	"HiG"
"HiG_1"	1073	"GNAI1"	343	"HiG"
"HiG_1"	0	"INPP5F"	916	"HiG"
"HiG_1"	21789	"CDC42"	24	"HiG"
"HiG_1"	0	"BMPER"	916	"HiG"
"HiG_1"	1346	"FGA"	229	"HiG"
"HiG_1"	1029	"ANKRD36"	351	"HiG"
"HiG_1"	0	"ZFHX4"	916	"HiG"
"HiG_1"	0	"FHL1"	916	"HiG"
"HiG_1"	53	"BICD1"	489	"HiG"
"HiG_1"	0	"GREM1"	916	"HiG"
"HiG_1"	0	"GPRC5C"	916	"HiG"
"HiG_1"	284	"ENC1"	420	"HiG"
"HiG_1"	0	"ERCC6L2"	916	"HiG"
"HiG_1"	0	"SDF4"	916	"HiG"
"HiG_1"	75	"MYL3"	472.5	"HiG"
"HiG_1"	32765	"TNNT2"	19	"HiG"
"HiG_1"	10319	"JAK1"	49	"HiG"
"HiG_1"	0	"ARSE"	916	"HiG"
"HiG_1"	2280	"SNCA"	170	"HiG"
"HiG_2"	6	"PSMA4"	131	"HiG"
"HiG_2"	0	"NDUFB4"	199	"HiG"
"HiG_2"	26	"ESF1"	106.5	"HiG"
"HiG_2"	0	"TIMM13"	199	"HiG"
"HiG_2"	25	"MIF"	108.5	"HiG"
"HiG_2"	27	"SUPT16H"	104.5	"HiG"
"HiG_2"	19	"AURKA"	112.5	"HiG"
"HiG_2"	0	"KNOP1"	199	"HiG"
"HiG_2"	0	"SCG3"	199	"HiG"
"HiG_2"	274	"RPL19"	55	"HiG"
"HiG_2"	25	"C1QBP"	108.5	"HiG"
"HiG_2"	806	"CCND1"	19.5	"HiG"
"HiG_2"	20	"COX6A1"	111	"HiG"
"HiG_2"	153	"RPS12"	73	"HiG"
"HiG_2"	0	"GMNN"	199	"HiG"
"HiG_2"	0	"TTC1"	199	"HiG"
"HiG_2"	0	"RBP1"	199	"HiG"
"HiG_2"	12	"MSH2"	117.5	"HiG"
"HiG_2"	3667	"HSPE1"	2	"HiG"
"HiG_2"	7	"CEBPZ"	128.5	"HiG"
"HiG_2"	0	"CLTA"	199	"HiG"
"HiG_2"	143	"HIST1H1D"	78	"HiG"
"HiG_2"	19	"DLGAP5"	112.5	"HiG"
"HiG_2"	1	"EIF3K"	151.5	"HiG"
"HiG_2"	0	"TXNDC17"	199	"HiG"
"HiG_2"	0	"FST"	199	"HiG"
"HiG_2"	0	"NARS"	199	"HiG"
"HiG_2"	10	"COX5B"	122.5	"HiG"
"HiG_2"	210	"TUBB2B"	65.5	"HiG"
"HiG_2"	5	"POU5F1"	134	"HiG"
"HiG_2"	0	"CCND2"	199	"HiG"
"HiG_2"	0	"PEBP1"	199	"HiG"
"HiG_2"	6	"MCM4"	131	"HiG"
"HiG_2"	677	"PRDX1"	23	"HiG"
"HiG_2"	21	"EPCAM"	110	"HiG"
"HiG_2"	0	"VAMP8"	199	"HiG"
"HiG_2"	500	"NOP58"	35.5	"HiG"
"HiG_2"	0	"GRPEL1"	199	"HiG"
"HiG_2"	0	"GAL"	199	"HiG"
"HiG_2"	277	"SNRPF"	54	"HiG"
"HiG_2"	0	"SOD1"	199	"HiG"
"HiG_2"	3422	"RPS27A"	3	"HiG"
"HiG_2"	3	"MRPS5"	140	"HiG"
"HiG_2"	0	"SFRP2"	199	"HiG"
"HiG_2"	0	"GGCT"	199	"HiG"
"HiG_2"	2	"CCT6A"	144.5	"HiG"
"HiG_2"	43	"CENPU"	96	"HiG"
"HiG_2"	26	"GJA1"	106.5	"HiG"
"HiG_2"	238	"UCHL1"	59.5	"HiG"
"HiG_2"	307	"ATP5MC3"	52	"HiG"
"HiG_2"	2	"NIFK"	144.5	"HiG"
"HiG_2"	510	"NODAL"	32	"HiG"
"HiG_2"	150	"EIF5B"	74	"HiG"
"HiG_2"	0	"CBR1"	199	"HiG"
"HiG_2"	0	"CCDC58"	199	"HiG"
"HiG_2"	451	"CCT3"	38	"HiG"
"HiG_2"	4	"TDGF1"	137	"HiG"
"HiG_2"	563	"H2AFZ"	26	"HiG"
"HiG_2"	3	"MAP1B"	140	"HiG"
"HiG_2"	1884	"NPM1"	9	"HiG"
"HiG_2"	0	"TBXT"	199	"HiG"
"HiG_2"	717	"HSPA9"	21	"HiG"
"HiG_2"	0	"CKB"	199	"HiG"
"HiG_2"	200	"CRABP1"	68	"HiG"
"HiG_2"	506	"PDIA3"	34	"HiG"
"HiG_2"	10	"SNRPD1"	122.5	"HiG"
"HiG_2"	0	"ATP5MG"	199	"HiG"
"HiG_2"	14	"ATP5PD"	115	"HiG"
"HiG_2"	89	"PA2G4"	86	"HiG"
"HiG_2"	238	"HSPA4"	59.5	"HiG"
"HiG_2"	0	"PPID"	199	"HiG"
"HiG_2"	0	"HINT1"	199	"HiG"
"HiG_2"	1396	"ATP5ME"	13	"HiG"
"HiG_2"	0	"TBCA"	199	"HiG"
"HiG_2"	391	"HIST1H1E"	41	"HiG"
"HiG_2"	523	"CYCS"	31	"HiG"
"HiG_2"	12	"UQCRH"	117.5	"HiG"
"HiG_2"	0	"MIS18BP1"	199	"HiG"
"HiG_2"	1427	"RPL38"	12	"HiG"
"HiG_2"	8	"CKS1B"	127	"HiG"
"HiG_2"	91	"PABPC1"	85	"HiG"
"HiG_2"	73	"COX5A"	91	"HiG"
"HiG_2"	2862	"NCL"	5	"HiG"
"HiG_2"	4	"RUVBL1"	137	"HiG"
"HiG_2"	0	"COX8A"	199	"HiG"
"HiG_2"	0	"GADD45GIP1"	199	"HiG"
"HiG_2"	0	"PMAIP1"	199	"HiG"
"HiG_2"	0	"IFITM1"	199	"HiG"
"HiG_2"	0	"BOLA3"	199	"HiG"
"HiG_2"	3	"NOP10"	140	"HiG"
"HiG_2"	102	"SHMT2"	82	"HiG"
"HiG_2"	1378	"HSP90AA1"	14	"HiG"
"HiG_2"	93	"DPPA4"	84	"HiG"
"HiG_2"	7	"TUBA1B"	128.5	"HiG"
"HiG_2"	187	"NME1"	69	"HiG"
"HiG_2"	131	"NDUFA4"	80	"HiG"
"HiG_2"	10	"ACSL4"	122.5	"HiG"
"HiG_2"	1914	"HSPD1"	8	"HiG"
"HiG_2"	37	"EIF4EBP1"	98.5	"HiG"
"HiG_2"	0	"DMKN"	199	"HiG"
"HiG_2"	11	"SNRPD2"	119.5	"HiG"
"HiG_2"	0	"PPM1G"	199	"HiG"
"HiG_2"	322	"PTMA"	49	"HiG"
"HiG_2"	0	"ALDH3A2"	199	"HiG"
"HiG_2"	0	"ANP32B"	199	"HiG"
"HiG_2"	5	"LYAR"	134	"HiG"
"HiG_2"	28	"RPS21"	102.5	"HiG"
"HiG_2"	508	"RPLP1"	33	"HiG"
"HiG_2"	404	"DDX21"	39	"HiG"
"HiG_2"	1	"JPT1"	151.5	"HiG"
"HiG_2"	144	"UBE2C"	77	"HiG"
"HiG_2"	633	"TOMM7"	25	"HiG"
"HiG_2"	53	"MAK16"	92	"HiG"
"HiG_2"	79	"GTPBP4"	89	"HiG"
"HiG_2"	638	"MT-ATP6"	24	"HiG"
"HiG_2"	347	"RPL12"	45	"HiG"
"HiG_2"	27	"CNTNAP2"	104.5	"HiG"
"HiG_2"	218	"MT-CO2"	64	"HiG"
"HiG_2"	10	"MT-ND4"	122.5	"HiG"
"HiG_2"	308	"MT-CO3"	51	"HiG"
"HiG_2"	175	"MT-ATP8"	70	"HiG"
"HiG_2"	0	"COA6"	199	"HiG"
"HiG_2"	710	"PARP1"	22	"HiG"
"HiG_2"	2141	"EPRS"	7	"HiG"
"HiG_2"	529	"CENPF"	30	"HiG"
"HiG_2"	0	"ABRACL"	199	"HiG"
"HiG_2"	0	"CACYBP"	199	"HiG"
"HiG_2"	161	"PFDN2"	71	"HiG"
"HiG_2"	0	"BNIP3"	199	"HiG"
"HiG_2"	0	"NDUFAF4"	199	"HiG"
"HiG_2"	1	"DKC1"	151.5	"HiG"
"HiG_2"	0	"GSTO1"	199	"HiG"
"HiG_2"	49	"ATP5MD"	93	"HiG"
"HiG_2"	202	"COX7A2"	67	"HiG"
"HiG_2"	0	"NPM3"	199	"HiG"
"HiG_2"	0	"HMGB3"	199	"HiG"
"HiG_2"	149	"PSMA7"	75.5	"HiG"
"HiG_2"	0	"SERBP1"	199	"HiG"
"HiG_2"	0	"NOC3L"	199	"HiG"
"HiG_2"	0	"PFDN4"	199	"HiG"
"HiG_2"	0	"FRA10AC1"	199	"HiG"
"HiG_2"	3295	"HSP90AB1"	4	"HiG"
"HiG_2"	0	"SLC25A5"	199	"HiG"
"HiG_2"	0	"C9orf78"	199	"HiG"
"HiG_2"	333	"YBX1"	47	"HiG"
"HiG_2"	2	"SET"	144.5	"HiG"
"HiG_2"	1	"YWHAB"	151.5	"HiG"
"HiG_2"	4	"NDUFS5"	137	"HiG"
"HiG_2"	0	"CISD1"	199	"HiG"
"HiG_2"	251	"TXN"	56	"HiG"
"HiG_2"	0	"EIF2S2"	199	"HiG"
"HiG_2"	541	"CKS2"	28	"HiG"
"HiG_2"	35	"PSAT1"	100	"HiG"
"HiG_2"	0	"FOXH1"	199	"HiG"
"HiG_2"	455	"HIST1H4C"	37	"HiG"
"HiG_2"	9	"SLC3A2"	125.5	"HiG"
"HiG_2"	806	"RPS16"	19.5	"HiG"
"HiG_2"	0	"UQCRQ"	199	"HiG"
"HiG_2"	5	"PCNA"	134	"HiG"
"HiG_2"	0	"DNAJC2"	199	"HiG"
"HiG_2"	0	"PAK1IP1"	199	"HiG"
"HiG_2"	0	"TXLNG"	199	"HiG"
"HiG_2"	231	"TUBB2A"	63	"HiG"
"HiG_2"	1121	"RPS6"	15	"HiG"
"HiG_2"	0	"NQO2"	199	"HiG"
"HiG_2"	0	"TMSB4X"	199	"HiG"
"HiG_2"	1	"POMP"	151.5	"HiG"
"HiG_2"	9	"DUT"	125.5	"HiG"
"HiG_2"	0	"GTF3A"	199	"HiG"
"HiG_2"	378	"NOP56"	43	"HiG"
"HiG_2"	0	"CD9"	199	"HiG"
"HiG_2"	39	"GARS"	97	"HiG"
"HiG_2"	323	"XRCC5"	48	"HiG"
"HiG_2"	2	"ATP5MC1"	144.5	"HiG"
"HiG_2"	28	"PTPRZ1"	102.5	"HiG"
"HiG_2"	2	"MTHFD2"	144.5	"HiG"
"HiG_2"	2	"LARS"	144.5	"HiG"
"HiG_2"	0	"MGST1"	199	"HiG"
"HiG_2"	5135	"GAPDH"	1	"HiG"
"HiG_2"	13	"PUM3"	116	"HiG"
"HiG_2"	0	"HDDC2"	199	"HiG"
"HiG_2"	998	"GSTP1"	16	"HiG"
"HiG_2"	0	"PAICS"	199	"HiG"
"HiG_2"	385	"RBBP8"	42	"HiG"
"HiG_2"	0	"WDR43"	199	"HiG"
"HiG_2"	305	"NOLC1"	53	"HiG"
"HiG_2"	317	"SSB"	50	"HiG"
"HiG_2"	0	"TARS"	199	"HiG"
"HiG_2"	237	"TSTD1"	61	"HiG"
"HiG_2"	104	"SNRPG"	81	"HiG"
"HiG_2"	75	"GNL3"	90	"HiG"
"HiG_2"	0	"GPATCH4"	199	"HiG"
"HiG_2"	37	"TMA7"	98.5	"HiG"
"HiG_2"	0	"HMGA1"	199	"HiG"
"HiG_2"	45	"SNRPE"	95	"HiG"
"HiG_2"	0	"RANBP1"	199	"HiG"
"HiG_2"	247	"RPF2"	57	"HiG"
"HiG_2"	0	"EBNA1BP2"	199	"HiG"
"HiG_2"	0	"CCNB1IP1"	199	"HiG"
"HiG_2"	0	"CMSS1"	199	"HiG"
"HiG_2"	0	"TAF1D"	199	"HiG"
"HiG_2"	0	"SPART"	199	"HiG"
"HiG_2"	96	"ANP32A"	83	"HiG"
"HiG_2"	11	"SSBP1"	119.5	"HiG"
"HiG_2"	500	"L1TD1"	35.5	"HiG"
"HiG_2"	0	"OCIAD2"	199	"HiG"
"HiG_2"	961	"COX7C"	17	"HiG"
"HiG_2"	1	"COX6C"	151.5	"HiG"
"HiG_2"	0	"ENY2"	199	"HiG"
"HiG_2"	32	"RPLP2"	101	"HiG"
"HiG_2"	149	"CFL1"	75.5	"HiG"
"HiG_2"	2279	"HSPA8"	6	"HiG"
"HiG_2"	0	"TRMT112"	199	"HiG"
"HiG_2"	15	"MIXL1"	114	"HiG"
"HiG_2"	46	"TUBA1C"	94	"HiG"
"HiG_2"	210	"RAN"	65.5	"HiG"
"HiG_2"	0	"C12orf45"	199	"HiG"
"HiG_2"	861	"SLIRP"	18	"HiG"
"HiG_2"	400	"COX4I1"	40	"HiG"
"HiG_2"	366	"RSL1D1"	44	"HiG"
"HiG_2"	84	"MRPS21"	87	"HiG"
"HiG_2"	1630	"RPL26"	10	"HiG"
"HiG_2"	0	"RPL36"	199	"HiG"
"HiG_2"	0	"MYL12A"	199	"HiG"
"HiG_2"	345	"RPL27"	46	"HiG"
"HiG_2"	140	"RPS15"	79	"HiG"
"HiG_2"	1	"COX6B1"	151.5	"HiG"
"HiG_2"	0	"UQCR11"	199	"HiG"
"HiG_2"	0	"SARS"	199	"HiG"
"HiG_2"	0	"OAZ1"	199	"HiG"
"HiG_2"	0	"SEM1"	199	"HiG"
"HiG_2"	241	"NEFL"	58	"HiG"
"HiG_2"	0	"DBI"	199	"HiG"
"HiG_2"	0	"HSPH1"	199	"HiG"
"HiG_2"	235	"HNRNPU"	62	"HiG"
"HiG_2"	558	"RPS7"	27	"HiG"
"HiG_2"	534	"ENO1"	29	"HiG"
"HiG_2"	6	"COX7B"	131	"HiG"
"HiG_2"	1460	"RPS17"	11	"HiG"
"HiG_2"	1	"POLR3G"	151.5	"HiG"
"HiG_2"	160	"TPM3"	72	"HiG"
"HiG_2"	80	"CALM1"	88	"HiG"
"HiG_CP"	351	"SLC7A2"	18	"HiG"
"HiG_CP"	0	"PKP2"	99	"HiG"
"HiG_CP"	236	"NID2"	29	"HiG"
"HiG_CP"	544	"SFRP1"	9	"HiG"
"HiG_CP"	255	"PCOLCE"	24	"HiG"
"HiG_CP"	431	"ISL1"	15	"HiG"
"HiG_CP"	0	"TFPI"	99	"HiG"
"HiG_CP"	0	"ID2"	99	"HiG"
"HiG_CP"	0	"CCNI"	99	"HiG"
"HiG_CP"	0	"PRRX1"	99	"HiG"
"HiG_CP"	639	"BMP4"	6	"HiG"
"HiG_CP"	468	"KDM6B"	13	"HiG"
"HiG_CP"	0	"SPX"	99	"HiG"
"HiG_CP"	1925	"PDGFRA"	3	"HiG"
"HiG_CP"	0	"CTSV"	99	"HiG"
"HiG_CP"	127	"SLC40A1"	42	"HiG"
"HiG_CP"	0	"WSB1"	99	"HiG"
"HiG_CP"	939	"FGF10"	4	"HiG"
"HiG_CP"	0	"CDH11"	99	"HiG"
"HiG_CP"	6	"RPS11"	62	"HiG"
"HiG_CP"	512	"MEIS1"	11	"HiG"
"HiG_CP"	0	"BOC"	99	"HiG"
"HiG_CP"	0	"RPL37"	99	"HiG"
"HiG_CP"	520	"HAPLN1"	10	"HiG"
"HiG_CP"	0	"LIX1"	99	"HiG"
"HiG_CP"	20	"NTRK2"	59	"HiG"
"HiG_CP"	0	"SERPING1"	99	"HiG"
"HiG_CP"	0	"RPS3"	99	"HiG"
"HiG_CP"	133	"DUSP6"	39	"HiG"
"HiG_CP"	0	"NRG1"	99	"HiG"
"HiG_CP"	0	"TMSB15A"	99	"HiG"
"HiG_CP"	0	"RPL29"	99	"HiG"
"HiG_CP"	0	"LRRTM1"	99	"HiG"
"HiG_CP"	0	"HMGB2"	99	"HiG"
"HiG_CP"	0	"RPS23"	99	"HiG"
"HiG_CP"	0	"TMEM88"	99	"HiG"
"HiG_CP"	680	"HAS2"	5	"HiG"
"HiG_CP"	0	"ZNF608"	99	"HiG"
"HiG_CP"	187	"RPL13"	33	"HiG"
"HiG_CP"	0	"PABPC1"	99	"HiG"
"HiG_CP"	0	"DAB2"	99	"HiG"
"HiG_CP"	0	"RPS15A"	99	"HiG"
"HiG_CP"	0	"FZD2"	99	"HiG"
"HiG_CP"	60	"NRIP1"	52	"HiG"
"HiG_CP"	234	"CADM1"	30	"HiG"
"HiG_CP"	51	"CCDC34"	54	"HiG"
"HiG_CP"	0	"IRX3"	99	"HiG"
"HiG_CP"	128	"HOXB2"	40	"HiG"
"HiG_CP"	0	"FIGN"	99	"HiG"
"HiG_CP"	0	"HEY1"	99	"HiG"
"HiG_CP"	0	"ARL4C"	99	"HiG"
"HiG_CP"	0	"PTN"	99	"HiG"
"HiG_CP"	0	"HNRNPA1"	99	"HiG"
"HiG_CP"	77	"H1F0"	49	"HiG"
"HiG_CP"	127	"FYB2"	42	"HiG"
"HiG_CP"	2335	"RPL3"	2	"HiG"
"HiG_CP"	22	"RPS3A"	58	"HiG"
"HiG_CP"	0	"WLS"	99	"HiG"
"HiG_CP"	0	"SPOCK3"	99	"HiG"
"HiG_CP"	252	"EMP2"	25.5	"HiG"
"HiG_CP"	78	"HAND2"	48	"HiG"
"HiG_CP"	0	"ALPK2"	99	"HiG"
"HiG_CP"	504	"KRT19"	12	"HiG"
"HiG_CP"	0	"RPL39"	99	"HiG"
"HiG_CP"	0	"FAM89A"	99	"HiG"
"HiG_CP"	83	"IFI16"	47	"HiG"
"HiG_CP"	157	"RPL5"	37	"HiG"
"HiG_CP"	0	"CREG1"	99	"HiG"
"HiG_CP"	0	"BMP5"	99	"HiG"
"HiG_CP"	0	"TSHZ2"	99	"HiG"
"HiG_CP"	0	"RPL7A"	99	"HiG"
"HiG_CP"	0	"H2AFY2"	99	"HiG"
"HiG_CP"	258	"PBX3"	23	"HiG"
"HiG_CP"	245	"RPS4X"	28	"HiG"
"HiG_CP"	0	"ID3"	99	"HiG"
"HiG_CP"	72	"ID1"	50	"HiG"
"HiG_CP"	64	"LGR4"	51	"HiG"
"HiG_CP"	0	"RHOBTB3"	99	"HiG"
"HiG_CP"	636	"RPS6"	7	"HiG"
"HiG_CP"	595	"COL2A1"	8	"HiG"
"HiG_CP"	0	"NKX3-1"	99	"HiG"
"HiG_CP"	0	"PRTG"	99	"HiG"
"HiG_CP"	154	"LAMA1"	38	"HiG"
"HiG_CP"	453	"RPL13A"	14	"HiG"
"HiG_CP"	0	"EEF1B2"	99	"HiG"
"HiG_CP"	211	"LUC7L3"	31.5	"HiG"
"HiG_CP"	4	"RPL34"	63	"HiG"
"HiG_CP"	0	"NREP"	99	"HiG"
"HiG_CP"	56	"RPS8"	53	"HiG"
"HiG_CP"	8	"TTC3"	60.5	"HiG"
"HiG_CP"	211	"MDK"	31.5	"HiG"
"HiG_CP"	167	"RPS14"	35	"HiG"
"HiG_CP"	3	"CPE"	64	"HiG"
"HiG_CP"	127	"RPL31"	42	"HiG"
"HiG_CP"	0	"ARHGAP28"	99	"HiG"
"HiG_CP"	0	"CLGN"	99	"HiG"
"HiG_CP"	264	"RPS18"	22	"HiG"
"HiG_CP"	0	"PTPN13"	99	"HiG"
"HiG_CP"	269	"RGS4"	21	"HiG"
"HiG_CP"	0	"MXRA8"	99	"HiG"
"HiG_CP"	2	"RPS24"	65	"HiG"
"HiG_CP"	46	"RPL32"	56	"HiG"
"HiG_CP"	0	"HOXB3"	99	"HiG"
"HiG_CP"	298	"RPL23"	20	"HiG"
"HiG_CP"	252	"SELENOP"	25.5	"HiG"
"HiG_CP"	336	"RGS5"	19	"HiG"
"HiG_CP"	0	"RPS25"	99	"HiG"
"HiG_CP"	125	"RPS13"	44	"HiG"
"HiG_CP"	0	"SESN3"	99	"HiG"
"HiG_CP"	0	"FXYD6"	99	"HiG"
"HiG_CP"	0	"CITED2"	99	"HiG"
"HiG_CP"	3220	"VIM"	1	"HiG"
"HiG_CP"	413	"RPLP0"	16	"HiG"
"HiG_CP"	0	"RPL28"	99	"HiG"
"HiG_CP"	246	"MEIS2"	27	"HiG"
"HiG_CP"	49	"TXNIP"	55	"HiG"
"HiG_CP"	0	"RPL26"	99	"HiG"
"HiG_CP"	0	"RPS15"	99	"HiG"
"HiG_CP"	100	"RPS19"	46	"HiG"
"HiG_CP"	186	"NAP1L1"	34	"HiG"
"HiG_CP"	121	"TPT1"	45	"HiG"
"HiG_CP"	0	"PRXL2A"	99	"HiG"
"HiG_CP"	0	"CRABP2"	99	"HiG"
"HiG_CP"	159	"FOXP1"	36	"HiG"
"HiG_CP"	0	"FOXC1"	99	"HiG"
"HiG_CP"	0	"RPL9"	99	"HiG"
"HiG_CP"	0	"TBL1X"	99	"HiG"
"HiG_CP"	8	"RPL11"	60.5	"HiG"
"HiG_CP"	384	"PNISR"	17	"HiG"
"HiG_CP"	0	"CCBE1"	99	"HiG"
"HiG_CP"	34	"BMPER"	57	"HiG"
"HiG_CP"	0	"RPS17"	99	"HiG"
"HiG_4"	0	"RPL19"	81	"HiG"
"HiG_4"	100	"TPI1"	22	"HiG"
"HiG_4"	11	"RPS12"	42.5	"HiG"
"HiG_4"	0	"HAND1"	81	"HiG"
"HiG_4"	0	"CCNI"	81	"HiG"
"HiG_4"	0	"HIST1H1D"	81	"HiG"
"HiG_4"	1032	"BMP4"	3	"HiG"
"HiG_4"	6	"NTS"	47	"HiG"
"HiG_4"	4	"WNT5A"	51	"HiG"
"HiG_4"	278	"CDH11"	9	"HiG"
"HiG_4"	0	"RPS11"	81	"HiG"
"HiG_4"	318	"RPS27A"	7	"HiG"
"HiG_4"	0	"FTH1"	81	"HiG"
"HiG_4"	4	"RPL37"	51	"HiG"
"HiG_4"	0	"HAPLN1"	81	"HiG"
"HiG_4"	155	"RPS3"	15	"HiG"
"HiG_4"	0	"ZIC3"	81	"HiG"
"HiG_4"	6	"RPS23"	47	"HiG"
"HiG_4"	60	"NPM1"	27	"HiG"
"HiG_4"	0	"CAMLG"	81	"HiG"
"HiG_4"	0	"HSP90B1"	81	"HiG"
"HiG_4"	73	"HAS2"	25.5	"HiG"
"HiG_4"	13	"RPL13"	40	"HiG"
"HiG_4"	32	"EEF2"	32.5	"HiG"
"HiG_4"	0	"RPL38"	81	"HiG"
"HiG_4"	73	"PABPC1"	25.5	"HiG"
"HiG_4"	27	"RPS15A"	34	"HiG"
"HiG_4"	42	"PKM"	30	"HiG"
"HiG_4"	0	"IRX3"	81	"HiG"
"HiG_4"	0	"HNRNPA1"	81	"HiG"
"HiG_4"	0	"RPS2"	81	"HiG"
"HiG_4"	0	"FERMT2"	81	"HiG"
"HiG_4"	0	"ANP32B"	81	"HiG"
"HiG_4"	0	"RPS21"	81	"HiG"
"HiG_4"	53	"RPL3"	29	"HiG"
"HiG_4"	0	"RPL27A"	81	"HiG"
"HiG_4"	32	"RPLP1"	32.5	"HiG"
"HiG_4"	7	"RPL12"	45	"HiG"
"HiG_4"	0	"CNTNAP2"	81	"HiG"
"HiG_4"	364	"KRT19"	6	"HiG"
"HiG_4"	0	"RPL39"	81	"HiG"
"HiG_4"	0	"TOMM20"	81	"HiG"
"HiG_4"	0	"FAM89A"	81	"HiG"
"HiG_4"	106	"BNIP3"	19	"HiG"
"HiG_4"	111	"RPL5"	17	"HiG"
"HiG_4"	0	"RBMX"	81	"HiG"
"HiG_4"	163	"HSP90AB1"	13	"HiG"
"HiG_4"	0	"RPL7A"	81	"HiG"
"HiG_4"	0	"H2AFY2"	81	"HiG"
"HiG_4"	109	"PGK1"	18	"HiG"
"HiG_4"	307	"RPS4X"	8	"HiG"
"HiG_4"	100	"HIST1H4C"	22	"HiG"
"HiG_4"	100	"RRBP1"	22	"HiG"
"HiG_4"	11	"RPS16"	42.5	"HiG"
"HiG_4"	0	"DNAJC15"	81	"HiG"
"HiG_4"	160	"RPS6"	14	"HiG"
"HiG_4"	249	"CER1"	10	"HiG"
"HiG_4"	0	"MSX1"	81	"HiG"
"HiG_4"	0	"PRTG"	81	"HiG"
"HiG_4"	58	"RPL13A"	28	"HiG"
"HiG_4"	0	"RPL34"	81	"HiG"
"HiG_4"	17	"RPS29"	37.5	"HiG"
"HiG_4"	3	"RPS8"	53.5	"HiG"
"HiG_4"	1885	"GAPDH"	1	"HiG"
"HiG_4"	0	"COL13A1"	81	"HiG"
"HiG_4"	0	"COLEC12"	81	"HiG"
"HiG_4"	0	"RPS14"	81	"HiG"
"HiG_4"	5	"RPL31"	49	"HiG"
"HiG_4"	2	"RPL23A"	55.5	"HiG"
"HiG_4"	1180	"RPS18"	2	"HiG"
"HiG_4"	0	"LAPTM4B"	81	"HiG"
"HiG_4"	8	"RPS24"	44	"HiG"
"HiG_4"	1	"SERPINE2"	57	"HiG"
"HiG_4"	0	"RPL32"	81	"HiG"
"HiG_4"	17	"RPL37A"	37.5	"HiG"
"HiG_4"	22	"RPL23"	35	"HiG"
"HiG_4"	0	"FBN2"	81	"HiG"
"HiG_4"	12	"RPL30"	41	"HiG"
"HiG_4"	226	"RPS20"	11	"HiG"
"HiG_4"	99	"RPLP2"	24	"HiG"
"HiG_4"	15	"RPS25"	39	"HiG"
"HiG_4"	3	"RPS13"	53.5	"HiG"
"HiG_4"	33	"MIXL1"	31	"HiG"
"HiG_4"	0	"LDHA"	81	"HiG"
"HiG_4"	414	"RPLP0"	4	"HiG"
"HiG_4"	0	"RPL28"	81	"HiG"
"HiG_4"	4	"RPL26"	51	"HiG"
"HiG_4"	0	"RPL36"	81	"HiG"
"HiG_4"	0	"RPL27"	81	"HiG"
"HiG_4"	0	"APOC1"	81	"HiG"
"HiG_4"	0	"RPS15"	81	"HiG"
"HiG_4"	0	"TNNT1"	81	"HiG"
"HiG_4"	18	"RPS19"	36	"HiG"
"HiG_4"	0	"RPS5"	81	"HiG"
"HiG_4"	166	"APLNR"	12	"HiG"
"HiG_4"	0	"NAP1L1"	81	"HiG"
"HiG_4"	104	"LHX1"	20	"HiG"
"HiG_4"	0	"CRABP2"	81	"HiG"
"HiG_4"	0	"RPS7"	81	"HiG"
"HiG_4"	381	"ENO1"	5	"HiG"
"HiG_4"	2	"RPL35A"	55.5	"HiG"
"HiG_4"	0	"RPL11"	81	"HiG"
"HiG_4"	6	"RPS17"	47	"HiG"
"HiG_4"	122	"RPS27"	16	"HiG"
"HiG_5"	0	"PKP2"	266.5	"HiG"
"HiG_5"	1551	"PPP1R15A"	32	"HiG"
"HiG_5"	0	"CCDC80"	266.5	"HiG"
"HiG_5"	0	"FAM118A"	266.5	"HiG"
"HiG_5"	1557	"NID2"	31	"HiG"
"HiG_5"	0	"ARL2BP"	266.5	"HiG"
"HiG_5"	0	"MMP15"	266.5	"HiG"
"HiG_5"	32	"DECR1"	151	"HiG"
"HiG_5"	0	"ECH1"	266.5	"HiG"
"HiG_5"	0	"AEBP1"	266.5	"HiG"
"HiG_5"	2688	"MYL7"	17	"HiG"
"HiG_5"	1438	"ACTA2"	35	"HiG"
"HiG_5"	0	"CDKN1B"	266.5	"HiG"
"HiG_5"	332	"CAP2"	117	"HiG"
"HiG_5"	1289	"ISL1"	40	"HiG"
"HiG_5"	77	"TNNC1"	145	"HiG"
"HiG_5"	0	"ID2"	266.5	"HiG"
"HiG_5"	640	"CLCN6"	67	"HiG"
"HiG_5"	0	"C1orf21"	266.5	"HiG"
"HiG_5"	0	"FILIP1"	266.5	"HiG"
"HiG_5"	0	"IFI27L2"	266.5	"HiG"
"HiG_5"	0	"IFT81"	266.5	"HiG"
"HiG_5"	0	"FBXO9"	266.5	"HiG"
"HiG_5"	2	"TMX4"	188.5	"HiG"
"HiG_5"	317	"DSTN"	129	"HiG"
"HiG_5"	571	"HSPB1"	75	"HiG"
"HiG_5"	1614	"CNN1"	30	"HiG"
"HiG_5"	41	"HRC"	148	"HiG"
"HiG_5"	334	"KDM6B"	112	"HiG"
"HiG_5"	668	"MATN2"	60	"HiG"
"HiG_5"	14	"JAG1"	161	"HiG"
"HiG_5"	0	"BTG1"	266.5	"HiG"
"HiG_5"	335	"MICAL2"	103.5	"HiG"
"HiG_5"	11	"KIDINS220"	164.5	"HiG"
"HiG_5"	0	"RTL8C"	266.5	"HiG"
"HiG_5"	1512	"PDGFRA"	33	"HiG"
"HiG_5"	0	"GDF11"	266.5	"HiG"
"HiG_5"	0	"PPP1R1A"	266.5	"HiG"
"HiG_5"	0	"GYPC"	266.5	"HiG"
"HiG_5"	10	"CTSV"	168.5	"HiG"
"HiG_5"	363	"THBS1"	89	"HiG"
"HiG_5"	0	"SLC40A1"	266.5	"HiG"
"HiG_5"	340	"WSB1"	96	"HiG"
"HiG_5"	342	"PRDX1"	95	"HiG"
"HiG_5"	0	"ZC2HC1A"	266.5	"HiG"
"HiG_5"	85	"CHIC2"	144	"HiG"
"HiG_5"	0	"SC5D"	266.5	"HiG"
"HiG_5"	0	"POPDC2"	266.5	"HiG"
"HiG_5"	877	"WNT5A"	51	"HiG"
"HiG_5"	2292	"FGF10"	22	"HiG"
"HiG_5"	0	"ADD1"	266.5	"HiG"
"HiG_5"	323	"PPP2R3A"	127	"HiG"
"HiG_5"	2210	"VCAN"	23	"HiG"
"HiG_5"	0	"TNC"	266.5	"HiG"
"HiG_5"	0	"NRP1"	266.5	"HiG"
"HiG_5"	0	"CREM"	266.5	"HiG"
"HiG_5"	1741	"CDK6"	27	"HiG"
"HiG_5"	316	"TIMP3"	130	"HiG"
"HiG_5"	0	"ARMH4"	266.5	"HiG"
"HiG_5"	326	"SRP14"	125	"HiG"
"HiG_5"	0	"UNC45B"	266.5	"HiG"
"HiG_5"	2642	"CDH2"	19	"HiG"
"HiG_5"	0	"GATA6"	266.5	"HiG"
"HiG_5"	118	"MEIS1"	142	"HiG"
"HiG_5"	0	"ARL6IP5"	266.5	"HiG"
"HiG_5"	29	"HAPLN1"	152.5	"HiG"
"HiG_5"	0	"CRHBP"	266.5	"HiG"
"HiG_5"	335	"LIX1"	103.5	"HiG"
"HiG_5"	936	"NTRK2"	48	"HiG"
"HiG_5"	304	"ABLIM1"	132	"HiG"
"HiG_5"	130	"MYL9"	141	"HiG"
"HiG_5"	0	"DUSP6"	266.5	"HiG"
"HiG_5"	0	"PRSS23"	266.5	"HiG"
"HiG_5"	0	"CGNL1"	266.5	"HiG"
"HiG_5"	4571	"SLC25A4"	9	"HiG"
"HiG_5"	335	"PLOD2"	103.5	"HiG"
"HiG_5"	917	"ATP5MC3"	49	"HiG"
"HiG_5"	0	"ADAMTS1"	266.5	"HiG"
"HiG_5"	0	"PIP4P2"	266.5	"HiG"
"HiG_5"	0	"C16orf87"	266.5	"HiG"
"HiG_5"	587	"PRKAG2"	73	"HiG"
"HiG_5"	0	"DGKI"	266.5	"HiG"
"HiG_5"	0	"TMEM141"	266.5	"HiG"
"HiG_5"	6805	"ACTC1"	5	"HiG"
"HiG_5"	0	"NPTN"	266.5	"HiG"
"HiG_5"	3	"AGL"	186	"HiG"
"HiG_5"	349	"LRRTM1"	91	"HiG"
"HiG_5"	0	"IGFBP7"	266.5	"HiG"
"HiG_5"	335	"MASP1"	103.5	"HiG"
"HiG_5"	0	"GUCY1A1"	266.5	"HiG"
"HiG_5"	0	"ZHX1"	266.5	"HiG"
"HiG_5"	333	"CFL2"	114.5	"HiG"
"HiG_5"	196	"ARHGAP42"	138	"HiG"
"HiG_5"	0	"CCNDBP1"	266.5	"HiG"
"HiG_5"	5	"PPIC"	179.5	"HiG"
"HiG_5"	335	"TRH"	103.5	"HiG"
"HiG_5"	329	"ANKMY2"	121	"HiG"
"HiG_5"	976	"PAM"	45	"HiG"
"HiG_5"	483	"HAS2"	79	"HiG"
"HiG_5"	11	"MYOZ2"	164.5	"HiG"
"HiG_5"	0	"CALB2"	266.5	"HiG"
"HiG_5"	0	"ZNF608"	266.5	"HiG"
"HiG_5"	0	"CLTB"	266.5	"HiG"
"HiG_5"	792	"TBX5"	53	"HiG"
"HiG_5"	0	"EFEMP2"	266.5	"HiG"
"HiG_5"	0	"CSRP2"	266.5	"HiG"
"HiG_5"	11	"PHKB"	164.5	"HiG"
"HiG_5"	0	"EDNRA"	266.5	"HiG"
"HiG_5"	4	"ITFG1"	182.5	"HiG"
"HiG_5"	335	"DYNC1I1"	103.5	"HiG"
"HiG_5"	704	"TRIM55"	55	"HiG"
"HiG_5"	372	"ENO3"	86.5	"HiG"
"HiG_5"	2110	"NKX2-5"	24	"HiG"
"HiG_5"	0	"YAF2"	266.5	"HiG"
"HiG_5"	0	"ZNF704"	266.5	"HiG"
"HiG_5"	892	"IRX3"	50	"HiG"
"HiG_5"	0	"IDH2"	266.5	"HiG"
"HiG_5"	0	"SLIT3"	266.5	"HiG"
"HiG_5"	3	"FIGN"	186	"HiG"
"HiG_5"	1310	"NEXN"	39	"HiG"
"HiG_5"	686	"TRDN"	58	"HiG"
"HiG_5"	0	"EMC10"	266.5	"HiG"
"HiG_5"	0	"RFTN1"	266.5	"HiG"
"HiG_5"	328	"PNRC1"	123	"HiG"
"HiG_5"	1	"NUDT4"	191.5	"HiG"
"HiG_5"	1801	"NDUFA4"	26	"HiG"
"HiG_5"	335	"TRIM24"	103.5	"HiG"
"HiG_5"	4	"ARMCX3"	182.5	"HiG"
"HiG_5"	10	"GYG1"	168.5	"HiG"
"HiG_5"	3736	"MEF2C"	12	"HiG"
"HiG_5"	0	"TNNI3"	266.5	"HiG"
"HiG_5"	0	"SERINC1"	266.5	"HiG"
"HiG_5"	0	"EPB41L3"	266.5	"HiG"
"HiG_5"	648	"H1F0"	66	"HiG"
"HiG_5"	0	"PRICKLE1"	266.5	"HiG"
"HiG_5"	1063	"CTSB"	43	"HiG"
"HiG_5"	655	"FYB2"	64	"HiG"
"HiG_5"	0	"ETFB"	266.5	"HiG"
"HiG_5"	0	"ANXA6"	266.5	"HiG"
"HiG_5"	335	"WLS"	103.5	"HiG"
"HiG_5"	9456	"FN1"	3	"HiG"
"HiG_5"	1085	"MYL4"	42	"HiG"
"HiG_5"	0	"ITSN2"	266.5	"HiG"
"HiG_5"	0	"MSRB3"	266.5	"HiG"
"HiG_5"	288	"MYH7"	134	"HiG"
"HiG_5"	1	"UBE2H"	191.5	"HiG"
"HiG_5"	5	"SORBS2"	179.5	"HiG"
"HiG_5"	0	"PDLIM7"	266.5	"HiG"
"HiG_5"	0	"SVIL"	266.5	"HiG"
"HiG_5"	0	"MYOM1"	266.5	"HiG"
"HiG_5"	0	"MAN1A2"	266.5	"HiG"
"HiG_5"	332	"SPTBN1"	117	"HiG"
"HiG_5"	2891	"PLN"	15	"HiG"
"HiG_5"	0	"ATP2B4"	266.5	"HiG"
"HiG_5"	4904	"TPM1"	8	"HiG"
"HiG_5"	0	"ENTPD4"	266.5	"HiG"
"HiG_5"	0	"EMP2"	266.5	"HiG"
"HiG_5"	16	"HAND2"	160	"HiG"
"HiG_5"	0	"MYLK"	266.5	"HiG"
"HiG_5"	8	"NRP2"	171.5	"HiG"
"HiG_5"	2	"ZEB1"	188.5	"HiG"
"HiG_5"	0	"TNNI1"	266.5	"HiG"
"HiG_5"	34	"MT-CO1"	150	"HiG"
"HiG_5"	333	"KIFAP3"	114.5	"HiG"
"HiG_5"	0	"MACF1"	266.5	"HiG"
"HiG_5"	97	"MT-ND5"	143	"HiG"
"HiG_5"	0	"ALPK2"	266.5	"HiG"
"HiG_5"	6	"QKI"	176	"HiG"
"HiG_5"	0	"HACD1"	266.5	"HiG"
"HiG_5"	2086	"RYR2"	25	"HiG"
"HiG_5"	6147	"ACTN2"	7	"HiG"
"HiG_5"	0	"SIPA1L2"	266.5	"HiG"
"HiG_5"	3017	"ACTA1"	14	"HiG"
"HiG_5"	354	"TGFB2"	90	"HiG"
"HiG_5"	0	"LPGAT1"	266.5	"HiG"
"HiG_5"	0	"DYNLT1"	266.5	"HiG"
"HiG_5"	654	"LMOD1"	65	"HiG"
"HiG_5"	0	"NAV1"	266.5	"HiG"
"HiG_5"	2356	"ATP1B1"	21	"HiG"
"HiG_5"	0	"DCAF6"	266.5	"HiG"
"HiG_5"	18	"RCSD1"	158	"HiG"
"HiG_5"	600	"MGST3"	72	"HiG"
"HiG_5"	2656	"CCN2"	18	"HiG"
"HiG_5"	373	"NES"	85	"HiG"
"HiG_5"	0	"MLLT11"	266.5	"HiG"
"HiG_5"	334	"TACC2"	112	"HiG"
"HiG_5"	0	"PLEKHO1"	266.5	"HiG"
"HiG_5"	22	"EPHA7"	155.5	"HiG"
"HiG_5"	0	"POLR3GL"	266.5	"HiG"
"HiG_5"	302	"TSPAN2"	133	"HiG"
"HiG_5"	0	"CREG1"	266.5	"HiG"
"HiG_5"	0	"BMP5"	266.5	"HiG"
"HiG_5"	327	"GADD45A"	124	"HiG"
"HiG_5"	604	"SMARCA1"	70.5	"HiG"
"HiG_5"	0	"DAB1"	266.5	"HiG"
"HiG_5"	661	"TSHZ2"	61	"HiG"
"HiG_5"	4364	"ANKRD1"	11	"HiG"
"HiG_5"	330	"IFIT1"	119	"HiG"
"HiG_5"	4	"TSC22D3"	182.5	"HiG"
"HiG_5"	11	"ZNF503"	164.5	"HiG"
"HiG_5"	347	"TCEAL1"	92	"HiG"
"HiG_5"	526	"BEX3"	77	"HiG"
"HiG_5"	4	"BEX4"	182.5	"HiG"
"HiG_5"	0	"SH3BGRL"	266.5	"HiG"
"HiG_5"	346	"PBX3"	93	"HiG"
"HiG_5"	0	"CRB2"	266.5	"HiG"
"HiG_5"	0	"PALM2-AKAP2"	266.5	"HiG"
"HiG_5"	20	"MAP3K20"	157	"HiG"
"HiG_5"	0	"BAMBI"	266.5	"HiG"
"HiG_5"	0	"NPPB"	266.5	"HiG"
"HiG_5"	4504	"NPPA"	10	"HiG"
"HiG_5"	257	"NEBL"	136	"HiG"
"HiG_5"	0	"KCTD12"	266.5	"HiG"
"HiG_5"	659	"LMO7"	62	"HiG"
"HiG_5"	0	"KDM6A"	266.5	"HiG"
"HiG_5"	0	"PLCB4"	266.5	"HiG"
"HiG_5"	0	"ID4"	266.5	"HiG"
"HiG_5"	870	"BMP2"	52	"HiG"
"HiG_5"	0	"ASPH"	266.5	"HiG"
"HiG_5"	2863	"SMPX"	16	"HiG"
"HiG_5"	22	"YPEL5"	155.5	"HiG"
"HiG_5"	372	"PDHA1"	86.5	"HiG"
"HiG_5"	1488	"RHOBTB3"	34	"HiG"
"HiG_5"	0	"MLLT3"	266.5	"HiG"
"HiG_5"	941	"COL2A1"	47	"HiG"
"HiG_5"	1	"NKX3-1"	191.5	"HiG"
"HiG_5"	0	"PFKP"	266.5	"HiG"
"HiG_5"	27	"PTPRD"	154	"HiG"
"HiG_5"	332	"TECRL"	117	"HiG"
"HiG_5"	0	"IL6ST"	266.5	"HiG"
"HiG_5"	389	"ITSN1"	83	"HiG"
"HiG_5"	329	"PRTG"	121	"HiG"
"HiG_5"	6	"LAMA1"	176	"HiG"
"HiG_5"	0	"TMEM87A"	266.5	"HiG"
"HiG_5"	329	"MYADM"	121	"HiG"
"HiG_5"	1343	"PPP1R12B"	38	"HiG"
"HiG_5"	0	"PDK1"	266.5	"HiG"
"HiG_5"	37	"BAZ2B"	149	"HiG"
"HiG_5"	0	"MLF1"	266.5	"HiG"
"HiG_5"	3062	"TAGLN"	13	"HiG"
"HiG_5"	604	"MTPN"	70.5	"HiG"
"HiG_5"	335	"LGMN"	103.5	"HiG"
"HiG_5"	377	"SUCLG1"	84	"HiG"
"HiG_5"	319	"JUP"	128	"HiG"
"HiG_5"	0	"SENP7"	266.5	"HiG"
"HiG_5"	0	"MYLK3"	266.5	"HiG"
"HiG_5"	0	"SYNPO2L"	266.5	"HiG"
"HiG_5"	6	"LBH"	176	"HiG"
"HiG_5"	9	"PPP1CB"	170	"HiG"
"HiG_5"	0	"NREP"	266.5	"HiG"
"HiG_5"	689	"MYH11"	57	"HiG"
"HiG_5"	335	"PKIA"	103.5	"HiG"
"HiG_5"	745	"SH3KBP1"	54	"HiG"
"HiG_5"	11	"FRMD4B"	164.5	"HiG"
"HiG_5"	177	"SLC8A1"	139	"HiG"
"HiG_5"	0	"CHCHD10"	266.5	"HiG"
"HiG_5"	0	"MDK"	266.5	"HiG"
"HiG_5"	622	"HIPK2"	69	"HiG"
"HiG_5"	14209	"MYH6"	1	"HiG"
"HiG_5"	0	"CPE"	266.5	"HiG"
"HiG_5"	0	"AAK1"	266.5	"HiG"
"HiG_5"	0	"CCDC141"	266.5	"HiG"
"HiG_5"	7	"PPP1R12A"	173	"HiG"
"HiG_5"	173	"ATP5PF"	140	"HiG"
"HiG_5"	335	"CLGN"	103.5	"HiG"
"HiG_5"	0	"CMYA5"	266.5	"HiG"
"HiG_5"	0	"SYTL5"	266.5	"HiG"
"HiG_5"	0	"BLCAP"	266.5	"HiG"
"HiG_5"	17	"RGS4"	159	"HiG"
"HiG_5"	11	"BZW2"	164.5	"HiG"
"HiG_5"	60	"TSC22D1"	146	"HiG"
"HiG_5"	0	"LPIN1"	266.5	"HiG"
"HiG_5"	334	"LIFR"	112	"HiG"
"HiG_5"	370	"CCN1"	88	"HiG"
"HiG_5"	0	"FSIP2"	266.5	"HiG"
"HiG_5"	572	"LDB3"	74	"HiG"
"HiG_5"	462	"MYOCD"	80	"HiG"
"HiG_5"	0	"LAPTM4B"	266.5	"HiG"
"HiG_5"	658	"CLSTN2"	63	"HiG"
"HiG_5"	344	"PLEKHA5"	94	"HiG"
"HiG_5"	0	"ETV1"	266.5	"HiG"
"HiG_5"	1636	"PBX1"	29	"HiG"
"HiG_5"	1638	"TCEA3"	28	"HiG"
"HiG_5"	670	"RBFOX2"	59	"HiG"
"HiG_5"	335	"KIAA1324L"	103.5	"HiG"
"HiG_5"	0	"VAMP2"	266.5	"HiG"
"HiG_5"	0	"ADAMTS9"	266.5	"HiG"
"HiG_5"	0	"WWTR1"	266.5	"HiG"
"HiG_5"	0	"TIPARP"	266.5	"HiG"
"HiG_5"	520	"TMEM14B"	78	"HiG"
"HiG_5"	309	"SLIT2"	131	"HiG"
"HiG_5"	6	"H2AFY"	176	"HiG"
"HiG_5"	8	"FBN2"	171.5	"HiG"
"HiG_5"	1	"PALLD"	191.5	"HiG"
"HiG_5"	0	"CAMK2D"	266.5	"HiG"
"HiG_5"	325	"CRIP2"	126	"HiG"
"HiG_5"	0	"ANGPT1"	266.5	"HiG"
"HiG_5"	0	"RNF19A"	266.5	"HiG"
"HiG_5"	0	"GSTK1"	266.5	"HiG"
"HiG_5"	949	"CSRP3"	46	"HiG"
"HiG_5"	0	"RNPC3"	266.5	"HiG"
"HiG_5"	263	"RGS5"	135	"HiG"
"HiG_5"	1038	"CRYAB"	44	"HiG"
"HiG_5"	0	"GATA4"	266.5	"HiG"
"HiG_5"	0	"TP53I11"	266.5	"HiG"
"HiG_5"	0	"MTRNR2L8"	266.5	"HiG"
"HiG_5"	693	"ATP2A2"	56	"HiG"
"HiG_5"	0	"PCDH7"	266.5	"HiG"
"HiG_5"	6	"MYBPC3"	176	"HiG"
"HiG_5"	0	"CITED2"	266.5	"HiG"
"HiG_5"	50	"DENND5B"	147	"HiG"
"HiG_5"	0	"ATP1A1"	266.5	"HiG"
"HiG_5"	12019	"VIM"	2	"HiG"
"HiG_5"	1386	"MYL6"	37	"HiG"
"HiG_5"	542	"MEF2A"	76	"HiG"
"HiG_5"	1396	"MEIS2"	36	"HiG"
"HiG_5"	0	"DOK4"	266.5	"HiG"
"HiG_5"	461	"TXNIP"	81	"HiG"
"HiG_5"	2563	"TTN"	20	"HiG"
"HiG_5"	335	"ZNF83"	103.5	"HiG"
"HiG_5"	0	"SELENOW"	266.5	"HiG"
"HiG_5"	335	"PPM1K"	103.5	"HiG"
"HiG_5"	0	"SEPTIN2"	266.5	"HiG"
"HiG_5"	3	"SH3GLB1"	186	"HiG"
"HiG_5"	635	"NCAM1"	68	"HiG"
"HiG_5"	255	"PDLIM5"	137	"HiG"
"HiG_5"	0	"ANKRD36B"	266.5	"HiG"
"HiG_5"	0	"FAM13C"	266.5	"HiG"
"HiG_5"	0	"MGST2"	266.5	"HiG"
"HiG_5"	0	"SSBP2"	266.5	"HiG"
"HiG_5"	29	"FOXP1"	152.5	"HiG"
"HiG_5"	0	"ZEB2"	266.5	"HiG"
"HiG_5"	0	"CELF2"	266.5	"HiG"
"HiG_5"	396	"TPM2"	82	"HiG"
"HiG_5"	1136	"PNISR"	41	"HiG"
"HiG_5"	0	"BMPER"	266.5	"HiG"
"HiG_5"	0	"GPRC5C"	266.5	"HiG"
"HiG_5"	6661	"MYL3"	6	"HiG"
"HiG_5"	6909	"TNNT2"	4	"HiG"
"HiG_6"	736	"DCN"	4	"HiG"
"HiG_6"	0	"PKP2"	82.5	"HiG"
"HiG_6"	0	"CDC6"	82.5	"HiG"
"HiG_6"	0	"PLAT"	82.5	"HiG"
"HiG_6"	0	"MEST"	82.5	"HiG"
"HiG_6"	107	"MYL7"	28	"HiG"
"HiG_6"	2	"COL1A1"	58	"HiG"
"HiG_6"	0	"SYT10"	82.5	"HiG"
"HiG_6"	0	"MGP"	82.5	"HiG"
"HiG_6"	654	"SPARC"	5	"HiG"
"HiG_6"	0	"HAND1"	82.5	"HiG"
"HiG_6"	80	"IGFBP5"	36	"HiG"
"HiG_6"	71	"ID2"	39	"HiG"
"HiG_6"	193	"HIST1H1D"	22	"HiG"
"HiG_6"	0	"BST2"	82.5	"HiG"
"HiG_6"	0	"GINS2"	82.5	"HiG"
"HiG_6"	0	"SARAF"	82.5	"HiG"
"HiG_6"	98	"SLC9A3R1"	34	"HiG"
"HiG_6"	0	"POLD3"	82.5	"HiG"
"HiG_6"	0	"SPDL1"	82.5	"HiG"
"HiG_6"	808	"LUM"	2	"HiG"
"HiG_6"	0	"NXPH2"	82.5	"HiG"
"HiG_6"	0	"ARID5B"	82.5	"HiG"
"HiG_6"	0	"DSC2"	82.5	"HiG"
"HiG_6"	75	"CENPU"	38	"HiG"
"HiG_6"	40	"ATAD2"	42.5	"HiG"
"HiG_6"	195	"FRZB"	21	"HiG"
"HiG_6"	38	"H2AFZ"	44	"HiG"
"HiG_6"	57	"HMGB2"	40	"HiG"
"HiG_6"	100	"GUCY1A1"	31.5	"HiG"
"HiG_6"	435	"COL1A2"	12	"HiG"
"HiG_6"	0	"RAD21"	82.5	"HiG"
"HiG_6"	181	"PCLAF"	24	"HiG"
"HiG_6"	100	"TMEM88"	31.5	"HiG"
"HiG_6"	599	"COL3A1"	7	"HiG"
"HiG_6"	0	"HIST1H1E"	82.5	"HiG"
"HiG_6"	0	"CSRP2"	82.5	"HiG"
"HiG_6"	3	"CLSPN"	57	"HiG"
"HiG_6"	0	"DAB2"	82.5	"HiG"
"HiG_6"	15	"TYMS"	46	"HiG"
"HiG_6"	0	"MAB21L2"	82.5	"HiG"
"HiG_6"	270	"TUBA1B"	14	"HiG"
"HiG_6"	100	"ARHGAP10"	31.5	"HiG"
"HiG_6"	532	"EZR"	9	"HiG"
"HiG_6"	13	"TUBB"	47	"HiG"
"HiG_6"	100	"PTN"	31.5	"HiG"
"HiG_6"	130	"SMC4"	25	"HiG"
"HiG_6"	0	"FAM111B"	82.5	"HiG"
"HiG_6"	6	"USP1"	51.5	"HiG"
"HiG_6"	41	"CTSL"	41	"HiG"
"HiG_6"	1890	"ANXA2"	1	"HiG"
"HiG_6"	0	"SVIL"	82.5	"HiG"
"HiG_6"	0	"PXK"	82.5	"HiG"
"HiG_6"	10	"CAVIN1"	49	"HiG"
"HiG_6"	594	"TPM1"	8	"HiG"
"HiG_6"	0	"MYH10"	82.5	"HiG"
"HiG_6"	198	"TNNI1"	19.5	"HiG"
"HiG_6"	390	"CALD1"	13	"HiG"
"HiG_6"	36	"KRT19"	45	"HiG"
"HiG_6"	0	"HMGN2"	82.5	"HiG"
"HiG_6"	4	"H3F3B"	55.5	"HiG"
"HiG_6"	6	"MKI67"	51.5	"HiG"
"HiG_6"	185	"S100A10"	23	"HiG"
"HiG_6"	0	"PRSS35"	82.5	"HiG"
"HiG_6"	0	"PPDPF"	82.5	"HiG"
"HiG_6"	0	"DNAJC9"	82.5	"HiG"
"HiG_6"	199	"ANXA1"	18	"HiG"
"HiG_6"	639	"HIST1H4C"	6	"HiG"
"HiG_6"	752	"PCNA"	3	"HiG"
"HiG_6"	0	"POSTN"	82.5	"HiG"
"HiG_6"	127	"DSP"	26	"HiG"
"HiG_6"	79	"DUT"	37	"HiG"
"HiG_6"	262	"IGFBP3"	15	"HiG"
"HiG_6"	6	"IL6ST"	51.5	"HiG"
"HiG_6"	438	"KRT18"	11	"HiG"
"HiG_6"	4	"GPC3"	55.5	"HiG"
"HiG_6"	83	"STK26"	35	"HiG"
"HiG_6"	0	"SOX6"	82.5	"HiG"
"HiG_6"	0	"CST3"	82.5	"HiG"
"HiG_6"	0	"FRMD4B"	82.5	"HiG"
"HiG_6"	0	"AKAP12"	82.5	"HiG"
"HiG_6"	0	"MDK"	82.5	"HiG"
"HiG_6"	0	"CPE"	82.5	"HiG"
"HiG_6"	0	"NPNT"	82.5	"HiG"
"HiG_6"	118	"IGF2"	27	"HiG"
"HiG_6"	0	"ATP2B1"	82.5	"HiG"
"HiG_6"	0	"LRRN3"	82.5	"HiG"
"HiG_6"	0	"HP1BP3"	82.5	"HiG"
"HiG_6"	40	"STMN1"	42.5	"HiG"
"HiG_6"	464	"TOP2A"	10	"HiG"
"HiG_6"	0	"SEPTIN7"	82.5	"HiG"
"HiG_6"	11	"SLBP"	48	"HiG"
"HiG_6"	0	"GSTA2"	82.5	"HiG"
"HiG_6"	0	"PALLD"	82.5	"HiG"
"HiG_6"	6	"TUBA1A"	51.5	"HiG"
"HiG_6"	5	"VIM"	54	"HiG"
"HiG_6"	251	"KRT8"	16	"HiG"
"HiG_6"	0	"MEIS2"	82.5	"HiG"
"HiG_6"	0	"TMEM98"	82.5	"HiG"
"HiG_6"	0	"TPT1"	82.5	"HiG"
"HiG_6"	0	"MARCKS"	82.5	"HiG"
"HiG_6"	0	"HNRNPDL"	82.5	"HiG"
"HiG_6"	198	"COBLL1"	19.5	"HiG"
"HiG_6"	103	"PITX2"	29	"HiG"
"HiG_6"	0	"TCEAL9"	82.5	"HiG"
"HiG_6"	214	"TNNT2"	17	"HiG"
"HiG_7"	14	"PSMA4"	48	"HiG"
"HiG_7"	0	"SLC2A3"	86.5	"HiG"
"HiG_7"	36	"PFN1"	38	"HiG"
"HiG_7"	0	"C1QBP"	86.5	"HiG"
"HiG_7"	38	"TPI1"	36	"HiG"
"HiG_7"	0	"RBP1"	86.5	"HiG"
"HiG_7"	0	"MSH2"	86.5	"HiG"
"HiG_7"	106	"HSPE1"	25.5	"HiG"
"HiG_7"	7	"NARS"	53	"HiG"
"HiG_7"	0	"NUDT15"	86.5	"HiG"
"HiG_7"	314	"TUBB2B"	5	"HiG"
"HiG_7"	12	"PEBP1"	49	"HiG"
"HiG_7"	298	"PRDX1"	6	"HiG"
"HiG_7"	101	"EPCAM"	28	"HiG"
"HiG_7"	0	"GAL"	86.5	"HiG"
"HiG_7"	92	"SNRPF"	29	"HiG"
"HiG_7"	0	"SFRP2"	86.5	"HiG"
"HiG_7"	0	"GGCT"	86.5	"HiG"
"HiG_7"	58	"SSRP1"	35	"HiG"
"HiG_7"	0	"GJA1"	86.5	"HiG"
"HiG_7"	0	"UCHL1"	86.5	"HiG"
"HiG_7"	4	"NODAL"	60	"HiG"
"HiG_7"	221	"EIF5B"	10	"HiG"
"HiG_7"	7	"TDGF1"	53	"HiG"
"HiG_7"	0	"ANXA5"	86.5	"HiG"
"HiG_7"	31	"HSPA9"	39.5	"HiG"
"HiG_7"	0	"CKB"	86.5	"HiG"
"HiG_7"	0	"ATP5PD"	86.5	"HiG"
"HiG_7"	2	"PA2G4"	65	"HiG"
"HiG_7"	65	"HSPA4"	33	"HiG"
"HiG_7"	0	"PPID"	86.5	"HiG"
"HiG_7"	3	"ATP5ME"	62.5	"HiG"
"HiG_7"	1	"TBCA"	67.5	"HiG"
"HiG_7"	111	"CYCS"	24	"HiG"
"HiG_7"	85	"RPL38"	30	"HiG"
"HiG_7"	106	"PABPC1"	25.5	"HiG"
"HiG_7"	220	"NCL"	11	"HiG"
"HiG_7"	157	"PKM"	17	"HiG"
"HiG_7"	5	"METAP2"	58	"HiG"
"HiG_7"	0	"PMAIP1"	86.5	"HiG"
"HiG_7"	0	"IFITM1"	86.5	"HiG"
"HiG_7"	17	"RPS27L"	46.5	"HiG"
"HiG_7"	37	"HSP90AA1"	37	"HiG"
"HiG_7"	155	"DPPA4"	18	"HiG"
"HiG_7"	0	"ACSL4"	86.5	"HiG"
"HiG_7"	19	"HSPD1"	45	"HiG"
"HiG_7"	118	"SNRPD2"	22	"HiG"
"HiG_7"	114	"PTMA"	23	"HiG"
"HiG_7"	0	"ALDH3A2"	86.5	"HiG"
"HiG_7"	0	"ANP32B"	86.5	"HiG"
"HiG_7"	11	"RPS21"	50	"HiG"
"HiG_7"	126	"DDX21"	21	"HiG"
"HiG_7"	73	"TOMM7"	32	"HiG"
"HiG_7"	225	"RPL12"	9	"HiG"
"HiG_7"	0	"CNTNAP2"	86.5	"HiG"
"HiG_7"	208	"EPRS"	12.5	"HiG"
"HiG_7"	0	"BNIP3"	86.5	"HiG"
"HiG_7"	6	"GSTO1"	56	"HiG"
"HiG_7"	0	"HMGB3"	86.5	"HiG"
"HiG_7"	81	"SERBP1"	31	"HiG"
"HiG_7"	1352	"HSP90AB1"	2	"HiG"
"HiG_7"	0	"SLC25A5"	86.5	"HiG"
"HiG_7"	202	"TCEAL4"	14	"HiG"
"HiG_7"	4	"SET"	60	"HiG"
"HiG_7"	6	"YWHAB"	56	"HiG"
"HiG_7"	160	"PGK1"	16	"HiG"
"HiG_7"	61	"TXN"	34	"HiG"
"HiG_7"	17	"CKS2"	46.5	"HiG"
"HiG_7"	31	"PSAT1"	39.5	"HiG"
"HiG_7"	0	"HIST1H4C"	86.5	"HiG"
"HiG_7"	2	"SLC3A2"	65	"HiG"
"HiG_7"	0	"SAT1"	86.5	"HiG"
"HiG_7"	136	"TUBB2A"	20	"HiG"
"HiG_7"	0	"CD9"	86.5	"HiG"
"HiG_7"	28	"GARS"	41.5	"HiG"
"HiG_7"	2	"MTHFD2"	65	"HiG"
"HiG_7"	2208	"GAPDH"	1	"HiG"
"HiG_7"	139	"GSTP1"	19	"HiG"
"HiG_7"	0	"PAICS"	86.5	"HiG"
"HiG_7"	0	"PDIA6"	86.5	"HiG"
"HiG_7"	0	"SMS"	86.5	"HiG"
"HiG_7"	10	"SSB"	51	"HiG"
"HiG_7"	231	"MORF4L2"	8	"HiG"
"HiG_7"	0	"HMGA1"	86.5	"HiG"
"HiG_7"	28	"RPF2"	41.5	"HiG"
"HiG_7"	0	"TAF1D"	86.5	"HiG"
"HiG_7"	0	"SERPINE2"	86.5	"HiG"
"HiG_7"	170	"RPL37A"	15	"HiG"
"HiG_7"	1	"FAM162A"	67.5	"HiG"
"HiG_7"	247	"L1TD1"	7	"HiG"
"HiG_7"	0	"OCIAD2"	86.5	"HiG"
"HiG_7"	319	"HSPA8"	3.5	"HiG"
"HiG_7"	0	"MIXL1"	86.5	"HiG"
"HiG_7"	102	"BEX2"	27	"HiG"
"HiG_7"	27	"TUBA1C"	43	"HiG"
"HiG_7"	208	"LDHA"	12.5	"HiG"
"HiG_7"	7	"RAN"	53	"HiG"
"HiG_7"	24	"SLIRP"	44	"HiG"
"HiG_7"	4	"MYL12A"	60	"HiG"
"HiG_7"	3	"SARS"	62.5	"HiG"
"HiG_7"	0	"OAZ1"	86.5	"HiG"
"HiG_7"	319	"ENO1"	3.5	"HiG"
"HiG_7"	0	"TPM3"	86.5	"HiG"
"HiG_7"	6	"CALM1"	56	"HiG"
"HiG_muscle"	110	"PPP1R15A"	41	"HiG"
"HiG_muscle"	481	"VCL"	7	"HiG"
"HiG_muscle"	0	"LAMB1"	90	"HiG"
"HiG_muscle"	77	"MYL7"	44	"HiG"
"HiG_muscle"	634	"ACTA2"	5	"HiG"
"HiG_muscle"	165	"COL1A1"	26	"HiG"
"HiG_muscle"	0	"CAP2"	90	"HiG"
"HiG_muscle"	3	"HBEGF"	58	"HiG"
"HiG_muscle"	111	"SPARC"	40	"HiG"
"HiG_muscle"	0	"TMSB10"	90	"HiG"
"HiG_muscle"	112	"FILIP1"	38.5	"HiG"
"HiG_muscle"	0	"DSTN"	90	"HiG"
"HiG_muscle"	0	"SBDS"	90	"HiG"
"HiG_muscle"	1	"HSPB1"	60	"HiG"
"HiG_muscle"	0	"CNN1"	90	"HiG"
"HiG_muscle"	0	"MICAL2"	90	"HiG"
"HiG_muscle"	0	"VMP1"	90	"HiG"
"HiG_muscle"	0	"ACTR3"	90	"HiG"
"HiG_muscle"	0	"ANXA3"	90	"HiG"
"HiG_muscle"	0	"CDH11"	90	"HiG"
"HiG_muscle"	4	"CDH2"	57	"HiG"
"HiG_muscle"	161	"S100A11"	27.5	"HiG"
"HiG_muscle"	0	"PLK2"	90	"HiG"
"HiG_muscle"	76	"MYL9"	45	"HiG"
"HiG_muscle"	0	"ARID5B"	90	"HiG"
"HiG_muscle"	0	"PRSS23"	90	"HiG"
"HiG_muscle"	9	"ITGA1"	54	"HiG"
"HiG_muscle"	282	"PDLIM3"	15	"HiG"
"HiG_muscle"	0	"RHOC"	90	"HiG"
"HiG_muscle"	114	"ACTC1"	37	"HiG"
"HiG_muscle"	0	"ARPC5"	90	"HiG"
"HiG_muscle"	0	"CAPN2"	90	"HiG"
"HiG_muscle"	150	"IGFBP7"	29	"HiG"
"HiG_muscle"	278	"ARPC2"	16	"HiG"
"HiG_muscle"	230	"MAP1B"	22	"HiG"
"HiG_muscle"	435	"COL3A1"	11	"HiG"
"HiG_muscle"	0	"KIF5B"	90	"HiG"
"HiG_muscle"	0	"CSRP2"	90	"HiG"
"HiG_muscle"	0	"TLN1"	90	"HiG"
"HiG_muscle"	0	"TUBB6"	90	"HiG"
"HiG_muscle"	0	"TNFRSF12A"	90	"HiG"
"HiG_muscle"	0	"PTTG1IP"	90	"HiG"
"HiG_muscle"	0	"CADM1"	90	"HiG"
"HiG_muscle"	134	"NEXN"	31	"HiG"
"HiG_muscle"	0	"PARVA"	90	"HiG"
"HiG_muscle"	0	"RFTN1"	90	"HiG"
"HiG_muscle"	0	"FERMT2"	90	"HiG"
"HiG_muscle"	195	"ATF3"	24	"HiG"
"HiG_muscle"	535	"ANXA2"	6	"HiG"
"HiG_muscle"	0	"FILIP1L"	90	"HiG"
"HiG_muscle"	263	"FN1"	17	"HiG"
"HiG_muscle"	116	"MSRB3"	35	"HiG"
"HiG_muscle"	0	"PDLIM7"	90	"HiG"
"HiG_muscle"	0	"PLS3"	90	"HiG"
"HiG_muscle"	200	"CAVIN1"	23	"HiG"
"HiG_muscle"	1150	"TPM1"	3	"HiG"
"HiG_muscle"	0	"MAP4"	90	"HiG"
"HiG_muscle"	109	"MYH10"	42	"HiG"
"HiG_muscle"	0	"MACF1"	90	"HiG"
"HiG_muscle"	478	"CALD1"	8	"HiG"
"HiG_muscle"	341	"ACTA1"	12	"HiG"
"HiG_muscle"	6	"TGFB2"	56	"HiG"
"HiG_muscle"	0	"LMOD1"	90	"HiG"
"HiG_muscle"	954	"CCN2"	4	"HiG"
"HiG_muscle"	61	"NES"	47.5	"HiG"
"HiG_muscle"	61	"S100A10"	47.5	"HiG"
"HiG_muscle"	0	"CNN3"	90	"HiG"
"HiG_muscle"	0	"GNG12"	90	"HiG"
"HiG_muscle"	12	"GADD45A"	51.5	"HiG"
"HiG_muscle"	0	"GNAS"	90	"HiG"
"HiG_muscle"	1	"JUN"	60	"HiG"
"HiG_muscle"	450	"ANKRD1"	10	"HiG"
"HiG_muscle"	0	"PALM2-AKAP2"	90	"HiG"
"HiG_muscle"	67	"COL4A1"	46	"HiG"
"HiG_muscle"	0	"NPPB"	90	"HiG"
"HiG_muscle"	166	"ANXA1"	25	"HiG"
"HiG_muscle"	0	"OPTN"	90	"HiG"
"HiG_muscle"	22	"EDN1"	49	"HiG"
"HiG_muscle"	0	"RHOBTB3"	90	"HiG"
"HiG_muscle"	80	"TMSB4X"	43	"HiG"
"HiG_muscle"	116	"IGFBP3"	35	"HiG"
"HiG_muscle"	0	"IL6ST"	90	"HiG"
"HiG_muscle"	14	"KRT18"	50	"HiG"
"HiG_muscle"	0	"CCDC50"	90	"HiG"
"HiG_muscle"	1698	"TAGLN"	1	"HiG"
"HiG_muscle"	9	"GPC3"	54	"HiG"
"HiG_muscle"	289	"ACTN1"	13	"HiG"
"HiG_muscle"	0	"LIMA1"	90	"HiG"
"HiG_muscle"	118	"ITGB1"	33	"HiG"
"HiG_muscle"	135	"AKAP12"	30	"HiG"
"HiG_muscle"	474	"CCN1"	9	"HiG"
"HiG_muscle"	112	"SEPTIN7"	38.5	"HiG"
"HiG_muscle"	9	"EIF1"	54	"HiG"
"HiG_muscle"	116	"KLF6"	35	"HiG"
"HiG_muscle"	0	"SEPTIN11"	90	"HiG"
"HiG_muscle"	1	"PALLD"	60	"HiG"
"HiG_muscle"	0	"RAI14"	90	"HiG"
"HiG_muscle"	0	"CFL1"	90	"HiG"
"HiG_muscle"	0	"CALU"	90	"HiG"
"HiG_muscle"	0	"TUBA1A"	90	"HiG"
"HiG_muscle"	0	"PCDH7"	90	"HiG"
"HiG_muscle"	247	"VIM"	18	"HiG"
"HiG_muscle"	240	"MYL6"	21	"HiG"
"HiG_muscle"	161	"KRT8"	27.5	"HiG"
"HiG_muscle"	0	"MEIS2"	90	"HiG"
"HiG_muscle"	243	"ACTG1"	19.5	"HiG"
"HiG_muscle"	0	"RAB31"	90	"HiG"
"HiG_muscle"	12	"MYL12B"	51.5	"HiG"
"HiG_muscle"	0	"MYL12A"	90	"HiG"
"HiG_muscle"	0	"PDLIM5"	90	"HiG"
"HiG_muscle"	0	"CDC42EP3"	90	"HiG"
"HiG_muscle"	0	"LPP"	90	"HiG"
"HiG_muscle"	0	"EFNB2"	90	"HiG"
"HiG_muscle"	288	"TPM4"	14	"HiG"
"HiG_muscle"	1486	"ACTB"	2	"HiG"
"HiG_muscle"	131	"TPM2"	32	"HiG"
"HiG_muscle"	0	"FHL1"	90	"HiG"
"HiG_muscle"	243	"TNNT2"	19.5	"HiG"
"HiG_9"	21	"SLC7A2"	920.5	"HiG"
"HiG_9"	11	"BAIAP2L1"	1010	"HiG"
"HiG_9"	3	"STARD3NL"	1121.5	"HiG"
"HiG_9"	0	"MAP4K5"	1333.5	"HiG"
"HiG_9"	1249	"ERCC1"	465	"HiG"
"HiG_9"	0	"SNAI2"	1333.5	"HiG"
"HiG_9"	3	"FAM13B"	1121.5	"HiG"
"HiG_9"	7	"TTC17"	1043.5	"HiG"
"HiG_9"	37997	"DCN"	27	"HiG"
"HiG_9"	3868	"GRN"	160	"HiG"
"HiG_9"	1594	"VAMP3"	355	"HiG"
"HiG_9"	2	"RCN1"	1149	"HiG"
"HiG_9"	2865	"PKP2"	231	"HiG"
"HiG_9"	1742	"LMCD1"	334	"HiG"
"HiG_9"	710	"CTTNBP2"	553	"HiG"
"HiG_9"	2569	"YTHDC2"	249	"HiG"
"HiG_9"	922	"FAM107B"	523	"HiG"
"HiG_9"	0	"HEATR6"	1333.5	"HiG"
"HiG_9"	684	"HSPB11"	556	"HiG"
"HiG_9"	18858	"PPP1R15A"	45	"HiG"
"HiG_9"	13	"TRMT6"	993	"HiG"
"HiG_9"	0	"GLG1"	1333.5	"HiG"
"HiG_9"	2	"SPAG7"	1149	"HiG"
"HiG_9"	1069	"CCDC80"	496	"HiG"
"HiG_9"	3752	"TGFBR3"	174	"HiG"
"HiG_9"	138	"GADD45B"	739	"HiG"
"HiG_9"	2133	"SNAP29"	287	"HiG"
"HiG_9"	3634	"MIF"	182	"HiG"
"HiG_9"	2439	"LGALS1"	260	"HiG"
"HiG_9"	7285	"XBP1"	94	"HiG"
"HiG_9"	7641	"MYH9"	91	"HiG"
"HiG_9"	0	"FAM118A"	1333.5	"HiG"
"HiG_9"	1436	"NID2"	412	"HiG"
"HiG_9"	88538	"CHGA"	8	"HiG"
"HiG_9"	3043	"PABPN1"	215	"HiG"
"HiG_9"	4926	"NFKBIA"	134	"HiG"
"HiG_9"	89	"CST4"	774	"HiG"
"HiG_9"	2870	"USP11"	230	"HiG"
"HiG_9"	12	"ARL2BP"	1001.5	"HiG"
"HiG_9"	30	"MMP15"	881.5	"HiG"
"HiG_9"	0	"MPG"	1333.5	"HiG"
"HiG_9"	1037	"DECR2"	503	"HiG"
"HiG_9"	2184	"DECR1"	282	"HiG"
"HiG_9"	6279	"PLAT"	107	"HiG"
"HiG_9"	51622	"DKK4"	19	"HiG"
"HiG_9"	16	"EMC2"	963.5	"HiG"
"HiG_9"	285	"DCTN6"	663	"HiG"
"HiG_9"	3105	"NEFM"	207	"HiG"
"HiG_9"	71	"PAF1"	792.5	"HiG"
"HiG_9"	2103	"ECH1"	292	"HiG"
"HiG_9"	0	"TLE5"	1333.5	"HiG"
"HiG_9"	99	"PLIN3"	761	"HiG"
"HiG_9"	1455	"RPL18A"	397.5	"HiG"
"HiG_9"	637	"LAMB1"	565	"HiG"
"HiG_9"	1791	"TFPI2"	328	"HiG"
"HiG_9"	0	"MPP6"	1333.5	"HiG"
"HiG_9"	447	"FKBP14"	617	"HiG"
"HiG_9"	8	"PCOLCE"	1033	"HiG"
"HiG_9"	16481	"MEST"	50	"HiG"
"HiG_9"	0	"AEBP1"	1333.5	"HiG"
"HiG_9"	21890	"MYL7"	38	"HiG"
"HiG_9"	3783	"SETX"	171.5	"HiG"
"HiG_9"	15	"CYP26A1"	972.5	"HiG"
"HiG_9"	6	"ATE1"	1058.5	"HiG"
"HiG_9"	44133	"ACTA2"	22	"HiG"
"HiG_9"	6309	"GOSR1"	106	"HiG"
"HiG_9"	41	"MED31"	850.5	"HiG"
"HiG_9"	5296	"CCL2"	125	"HiG"
"HiG_9"	40858	"COL1A1"	24	"HiG"
"HiG_9"	2	"JADE1"	1149	"HiG"
"HiG_9"	26	"FRG1"	896.5	"HiG"
"HiG_9"	1329	"APOC3"	444	"HiG"
"HiG_9"	55	"SYT10"	819	"HiG"
"HiG_9"	0	"CDKN1B"	1333.5	"HiG"
"HiG_9"	1808	"MGP"	326	"HiG"
"HiG_9"	61	"FGFR1OP2"	805.5	"HiG"
"HiG_9"	2826	"CAP2"	234	"HiG"
"HiG_9"	0	"DNPH1"	1333.5	"HiG"
"HiG_9"	1	"TMEM30A"	1182	"HiG"
"HiG_9"	9691	"ISL1"	73	"HiG"
"HiG_9"	105	"HBEGF"	755.5	"HiG"
"HiG_9"	120	"HAND1"	748	"HiG"
"HiG_9"	0	"THG1L"	1333.5	"HiG"
"HiG_9"	0	"HES1"	1333.5	"HiG"
"HiG_9"	0	"TNNC1"	1333.5	"HiG"
"HiG_9"	2961	"TFPI"	222	"HiG"
"HiG_9"	7881	"APOB"	89	"HiG"
"HiG_9"	10014	"IGFBP5"	71	"HiG"
"HiG_9"	438	"ODC1"	621	"HiG"
"HiG_9"	5	"CLCN6"	1074.5	"HiG"
"HiG_9"	1806	"TMEM59"	327	"HiG"
"HiG_9"	0	"C1orf21"	1333.5	"HiG"
"HiG_9"	0	"PRDM2"	1333.5	"HiG"
"HiG_9"	3520	"RGS2"	190	"HiG"
"HiG_9"	2369	"APOA1"	266	"HiG"
"HiG_9"	103	"CAMSAP2"	758	"HiG"
"HiG_9"	4374	"TTR"	149	"HiG"
"HiG_9"	2558	"FILIP1"	250	"HiG"
"HiG_9"	7	"IFI27L2"	1043.5	"HiG"
"HiG_9"	0	"YIPF4"	1333.5	"HiG"
"HiG_9"	2046	"HOXB5"	298	"HiG"
"HiG_9"	1271	"HOXB7"	460	"HiG"
"HiG_9"	204	"PRRX1"	699.5	"HiG"
"HiG_9"	5218	"EGR1"	126	"HiG"
"HiG_9"	1462	"WASHC3"	392	"HiG"
"HiG_9"	0	"COIL"	1333.5	"HiG"
"HiG_9"	1733	"TFG"	335	"HiG"
"HiG_9"	298	"FYTTD1"	659	"HiG"
"HiG_9"	28	"INHBA"	886.5	"HiG"
"HiG_9"	0	"RSRP1"	1333.5	"HiG"
"HiG_9"	0	"PLA2G12A"	1333.5	"HiG"
"HiG_9"	2696	"SRSF6"	242	"HiG"
"HiG_9"	0	"PTGIS"	1333.5	"HiG"
"HiG_9"	484	"SNRNP27"	606	"HiG"
"HiG_9"	29	"HIST1H1A"	884	"HiG"
"HiG_9"	0	"COL21A1"	1333.5	"HiG"
"HiG_9"	414	"MT2A"	631.5	"HiG"
"HiG_9"	15644	"BMP4"	52	"HiG"
"HiG_9"	9	"NT5C"	1025	"HiG"
"HiG_9"	38	"TMX4"	860	"HiG"
"HiG_9"	5	"UROD"	1074.5	"HiG"
"HiG_9"	135	"GNG11"	741	"HiG"
"HiG_9"	3708	"SNAP23"	175	"HiG"
"HiG_9"	1	"EAPP"	1182	"HiG"
"HiG_9"	598	"DHX40"	574.5	"HiG"
"HiG_9"	3178	"TSG101"	205	"HiG"
"HiG_9"	6628	"CNN1"	98	"HiG"
"HiG_9"	5913	"GADD45G"	112	"HiG"
"HiG_9"	2	"SAFB2"	1149	"HiG"
"HiG_9"	11269	"BST2"	66	"HiG"
"HiG_9"	4	"PGLS"	1096	"HiG"
"HiG_9"	3144	"ACTN4"	206	"HiG"
"HiG_9"	1810	"PXDN"	325	"HiG"
"HiG_9"	1832	"GDF15"	320	"HiG"
"HiG_9"	0	"HRC"	1333.5	"HiG"
"HiG_9"	2156	"GINS2"	286	"HiG"
"HiG_9"	0	"CAPN7"	1333.5	"HiG"
"HiG_9"	186	"RAMP2"	708	"HiG"
"HiG_9"	1462	"NDFIP1"	392	"HiG"
"HiG_9"	1895	"ACTR10"	313	"HiG"
"HiG_9"	22856	"LGALS3"	37	"HiG"
"HiG_9"	440	"SERPINF1"	619	"HiG"
"HiG_9"	6153	"KDM6B"	108	"HiG"
"HiG_9"	4	"MATN2"	1096	"HiG"
"HiG_9"	8804	"JAG1"	79	"HiG"
"HiG_9"	62	"MED10"	802.5	"HiG"
"HiG_9"	5394	"NTS"	124	"HiG"
"HiG_9"	0	"BTG1"	1333.5	"HiG"
"HiG_9"	0	"MICAL2"	1333.5	"HiG"
"HiG_9"	3	"IER3IP1"	1121.5	"HiG"
"HiG_9"	0	"KATNBL1"	1333.5	"HiG"
"HiG_9"	0	"SLC38A2"	1333.5	"HiG"
"HiG_9"	2	"KIDINS220"	1149	"HiG"
"HiG_9"	14	"FST"	984	"HiG"
"HiG_9"	4	"SPX"	1096	"HiG"
"HiG_9"	1472	"RTL8C"	382	"HiG"
"HiG_9"	1002	"CEP135"	509	"HiG"
"HiG_9"	18987	"PDGFRA"	43	"HiG"
"HiG_9"	49	"DZIP1"	832.5	"HiG"
"HiG_9"	0	"APC"	1333.5	"HiG"
"HiG_9"	0	"TBX3"	1333.5	"HiG"
"HiG_9"	17	"PNPLA8"	954	"HiG"
"HiG_9"	0	"HILPDA"	1333.5	"HiG"
"HiG_9"	0	"GDF11"	1333.5	"HiG"
"HiG_9"	1462	"PPP1R1A"	392	"HiG"
"HiG_9"	18819	"MDM2"	46	"HiG"
"HiG_9"	161	"LAMC1"	723	"HiG"
"HiG_9"	55	"REV1"	819	"HiG"
"HiG_9"	6	"C2orf49"	1058.5	"HiG"
"HiG_9"	18492	"SRSF1"	47	"HiG"
"HiG_9"	1063	"TANK"	497	"HiG"
"HiG_9"	9	"GYPC"	1025	"HiG"
"HiG_9"	394	"STX17"	635	"HiG"
"HiG_9"	0	"CTSV"	1333.5	"HiG"
"HiG_9"	6	"DCTN3"	1058.5	"HiG"
"HiG_9"	3833	"SULF1"	164	"HiG"
"HiG_9"	0	"C11orf1"	1333.5	"HiG"
"HiG_9"	3906	"THBS1"	158	"HiG"
"HiG_9"	3039	"ADAM10"	217	"HiG"
"HiG_9"	1668	"ARHGAP29"	340	"HiG"
"HiG_9"	3057	"BARD1"	213	"HiG"
"HiG_9"	5795	"SLC40A1"	115	"HiG"
"HiG_9"	1774	"COL8A1"	331	"HiG"
"HiG_9"	2127	"SYT1"	288	"HiG"
"HiG_9"	0	"RXYLT1"	1333.5	"HiG"
"HiG_9"	24	"MNAT1"	907	"HiG"
"HiG_9"	659	"PPWD1"	560.5	"HiG"
"HiG_9"	27	"LMNB1"	890.5	"HiG"
"HiG_9"	995	"SNCAIP"	512.5	"HiG"
"HiG_9"	45	"NUAK1"	844	"HiG"
"HiG_9"	0	"N4BP2"	1333.5	"HiG"
"HiG_9"	0	"KLF3"	1333.5	"HiG"
"HiG_9"	0	"TRAF5"	1333.5	"HiG"
"HiG_9"	4523	"USP22"	144	"HiG"
"HiG_9"	133	"MSMO1"	743	"HiG"
"HiG_9"	22	"LPIN2"	913.5	"HiG"
"HiG_9"	954	"THOC1"	520	"HiG"
"HiG_9"	0	"MPP5"	1333.5	"HiG"
"HiG_9"	15	"TAOK1"	972.5	"HiG"
"HiG_9"	598	"ALDH2"	574.5	"HiG"
"HiG_9"	497	"FAF2"	604	"HiG"
"HiG_9"	10	"SPAG9"	1016.5	"HiG"
"HiG_9"	237	"PIK3C3"	680	"HiG"
"HiG_9"	0	"ERICH1"	1333.5	"HiG"
"HiG_9"	179	"RHEB"	714	"HiG"
"HiG_9"	2389	"KMT2C"	264	"HiG"
"HiG_9"	1553	"CSPP1"	362	"HiG"
"HiG_9"	73	"VMP1"	789.5	"HiG"
"HiG_9"	1180	"CREBBP"	479	"HiG"
"HiG_9"	0	"COTL1"	1333.5	"HiG"
"HiG_9"	147	"ERP44"	731	"HiG"
"HiG_9"	1124	"CFAP20"	485	"HiG"
"HiG_9"	2596	"SLC9A3R1"	248	"HiG"
"HiG_9"	13	"ARPC1A"	993	"HiG"
"HiG_9"	1045	"MYDGF"	502	"HiG"
"HiG_9"	3082	"CAPZA1"	209	"HiG"
"HiG_9"	75	"UBE2R2"	786	"HiG"
"HiG_9"	4	"ARFGAP3"	1096	"HiG"
"HiG_9"	475	"PLEKHA4"	609	"HiG"
"HiG_9"	21	"BLVRB"	920.5	"HiG"
"HiG_9"	972	"P4HA1"	517	"HiG"
"HiG_9"	0	"ARID3A"	1333.5	"HiG"
"HiG_9"	3040	"SPCS2"	216	"HiG"
"HiG_9"	3624	"POLD3"	183	"HiG"
"HiG_9"	1346	"ZC2HC1A"	439	"HiG"
"HiG_9"	434	"CHMP3"	624	"HiG"
"HiG_9"	0	"CHIC2"	1333.5	"HiG"
"HiG_9"	23246	"KDR"	35	"HiG"
"HiG_9"	1371	"KIF1B"	431	"HiG"
"HiG_9"	1120	"EHBP1"	486	"HiG"
"HiG_9"	0	"CDH3"	1333.5	"HiG"
"HiG_9"	851	"SC5D"	535	"HiG"
"HiG_9"	49	"CCNT2"	832.5	"HiG"
"HiG_9"	1452	"NMU"	400	"HiG"
"HiG_9"	4	"POPDC2"	1096	"HiG"
"HiG_9"	244	"TOP2B"	677.5	"HiG"
"HiG_9"	0	"FAM13A"	1333.5	"HiG"
"HiG_9"	0	"PCDH10"	1333.5	"HiG"
"HiG_9"	105	"KIAA1109"	755.5	"HiG"
"HiG_9"	3758	"WNT5A"	173	"HiG"
"HiG_9"	20487	"FGF10"	40	"HiG"
"HiG_9"	774	"UFSP2"	546.5	"HiG"
"HiG_9"	659	"ADD1"	560.5	"HiG"
"HiG_9"	1925	"ANXA3"	308	"HiG"
"HiG_9"	530	"XRN1"	593	"HiG"
"HiG_9"	4	"PPP2R3A"	1096	"HiG"
"HiG_9"	0	"CDV3"	1333.5	"HiG"
"HiG_9"	0	"MAP3K13"	1333.5	"HiG"
"HiG_9"	215	"WDR70"	690.5	"HiG"
"HiG_9"	0	"TNC"	1333.5	"HiG"
"HiG_9"	56	"ARRDC3"	815	"HiG"
"HiG_9"	1458	"CASP6"	395.5	"HiG"
"HiG_9"	453	"PAPSS1"	616	"HiG"
"HiG_9"	324	"UBE2B"	653	"HiG"
"HiG_9"	0	"SEMA3A"	1333.5	"HiG"
"HiG_9"	141	"NRP1"	736	"HiG"
"HiG_9"	386	"CREM"	638	"HiG"
"HiG_9"	0	"NBN"	1333.5	"HiG"
"HiG_9"	1306	"AHI1"	452	"HiG"
"HiG_9"	9115	"CDK6"	75	"HiG"
"HiG_9"	289	"BTAF1"	661	"HiG"
"HiG_9"	3332	"TIMP3"	194	"HiG"
"HiG_9"	1786	"AMIGO2"	329	"HiG"
"HiG_9"	0	"PHLDA1"	1333.5	"HiG"
"HiG_9"	95468	"LUM"	6	"HiG"
"HiG_9"	0	"ANKRD10"	1333.5	"HiG"
"HiG_9"	0	"ARMH4"	1333.5	"HiG"
"HiG_9"	20	"UBE2Q2"	929	"HiG"
"HiG_9"	12	"TSPAN3"	1001.5	"HiG"
"HiG_9"	2768	"DHX38"	237	"HiG"
"HiG_9"	0	"TXNL4B"	1333.5	"HiG"
"HiG_9"	22	"CDH11"	913.5	"HiG"
"HiG_9"	3049	"UNC45B"	214	"HiG"
"HiG_9"	0	"SLC39A6"	1333.5	"HiG"
"HiG_9"	1194	"GATA6"	476	"HiG"
"HiG_9"	71	"SAT2"	792.5	"HiG"
"HiG_9"	0	"KRT10"	1333.5	"HiG"
"HiG_9"	6	"IFNAR1"	1058.5	"HiG"
"HiG_9"	0	"CTTNBP2NL"	1333.5	"HiG"
"HiG_9"	0	"MPC2"	1333.5	"HiG"
"HiG_9"	112	"POGZ"	751	"HiG"
"HiG_9"	3558	"LEFTY1"	188	"HiG"
"HiG_9"	19	"ETAA1"	936.5	"HiG"
"HiG_9"	833	"MEIS1"	538	"HiG"
"HiG_9"	1623	"RALB"	350	"HiG"
"HiG_9"	5	"NXPH2"	1074.5	"HiG"
"HiG_9"	7	"PNKD"	1043.5	"HiG"
"HiG_9"	1	"BOC"	1182	"HiG"
"HiG_9"	7	"CENPC"	1043.5	"HiG"
"HiG_9"	55	"MARCH6"	819	"HiG"
"HiG_9"	1575	"PLK2"	358	"HiG"
"HiG_9"	1439	"PELO"	409.5	"HiG"
"HiG_9"	4547	"HAPLN1"	143	"HiG"
"HiG_9"	5	"IQGAP2"	1074.5	"HiG"
"HiG_9"	212	"CRHBP"	693	"HiG"
"HiG_9"	27	"LIX1"	890.5	"HiG"
"HiG_9"	1190	"YIPF5"	477	"HiG"
"HiG_9"	6	"GABRB2"	1058.5	"HiG"
"HiG_9"	518	"SHPRH"	597.5	"HiG"
"HiG_9"	178	"RSPO2"	715	"HiG"
"HiG_9"	9594	"NTRK2"	74	"HiG"
"HiG_9"	10	"ZNF462"	1016.5	"HiG"
"HiG_9"	39	"ABLIM1"	857.5	"HiG"
"HiG_9"	1114	"SERPING1"	487	"HiG"
"HiG_9"	1376	"MYRF"	430	"HiG"
"HiG_9"	4923	"NINL"	135	"HiG"
"HiG_9"	18483	"MYL9"	48	"HiG"
"HiG_9"	3705	"ARID5B"	176	"HiG"
"HiG_9"	58	"PDCD4"	811	"HiG"
"HiG_9"	1873	"GPM6A"	317.5	"HiG"
"HiG_9"	2208	"PRSS23"	281	"HiG"
"HiG_9"	251	"USP15"	675	"HiG"
"HiG_9"	14172	"ANK3"	55	"HiG"
"HiG_9"	672	"DSC2"	558	"HiG"
"HiG_9"	0	"FER"	1333.5	"HiG"
"HiG_9"	2314	"CGNL1"	273	"HiG"
"HiG_9"	327	"MED13L"	651	"HiG"
"HiG_9"	0	"OBI1"	1333.5	"HiG"
"HiG_9"	2	"ARL14EP"	1149	"HiG"
"HiG_9"	318	"FLT1"	655	"HiG"
"HiG_9"	471	"ITGA1"	612	"HiG"
"HiG_9"	262	"HHEX"	674	"HiG"
"HiG_9"	103	"PLOD2"	758	"HiG"
"HiG_9"	2	"MSI2"	1149	"HiG"
"HiG_9"	518	"PDLIM3"	597.5	"HiG"
"HiG_9"	420	"ADAMTS1"	630	"HiG"
"HiG_9"	4	"CA2"	1096	"HiG"
"HiG_9"	24	"KLF10"	907	"HiG"
"HiG_9"	9	"PIP4P2"	1025	"HiG"
"HiG_9"	2552	"RHOC"	251	"HiG"
"HiG_9"	4	"LONP2"	1096	"HiG"
"HiG_9"	287	"OXA1L"	662	"HiG"
"HiG_9"	1060	"FZD7"	498	"HiG"
"HiG_9"	15	"NODAL"	972.5	"HiG"
"HiG_9"	1408	"KAT6B"	420	"HiG"
"HiG_9"	2245	"ATAD2"	278	"HiG"
"HiG_9"	1354	"NSMCE2"	435	"HiG"
"HiG_9"	1010	"ZIC3"	508	"HiG"
"HiG_9"	4069	"SST"	156	"HiG"
"HiG_9"	1	"NRG1"	1182	"HiG"
"HiG_9"	18	"ODR4"	944	"HiG"
"HiG_9"	4902	"PRKAG2"	136	"HiG"
"HiG_9"	1521	"DGKI"	366	"HiG"
"HiG_9"	1	"TMEM141"	1182	"HiG"
"HiG_9"	9	"STC1"	1025	"HiG"
"HiG_9"	88023	"ACTC1"	9	"HiG"
"HiG_9"	0	"C21orf58"	1333.5	"HiG"
"HiG_9"	26	"CCDC12"	896.5	"HiG"
"HiG_9"	0	"FBXO17"	1333.5	"HiG"
"HiG_9"	0	"HBE1"	1333.5	"HiG"
"HiG_9"	206	"PDPN"	698	"HiG"
"HiG_9"	25	"AGL"	902	"HiG"
"HiG_9"	1	"RBMS1"	1182	"HiG"
"HiG_9"	108	"CAPN2"	754	"HiG"
"HiG_9"	391	"LRRTM1"	636	"HiG"
"HiG_9"	1427	"KCNJ3"	416	"HiG"
"HiG_9"	12066	"FRZB"	64	"HiG"
"HiG_9"	1515	"MERTK"	368	"HiG"
"HiG_9"	0	"FSTL1"	1333.5	"HiG"
"HiG_9"	3675	"IGFBP7"	178	"HiG"
"HiG_9"	0	"KRTCAP2"	1333.5	"HiG"
"HiG_9"	8201	"ALB"	86	"HiG"
"HiG_9"	570	"TTC14"	581	"HiG"
"HiG_9"	1094	"LZTFL1"	490	"HiG"
"HiG_9"	3	"MASP1"	1121.5	"HiG"
"HiG_9"	437	"BDH2"	622	"HiG"
"HiG_9"	1885	"GUCY1A1"	315.5	"HiG"
"HiG_9"	2937	"HPGD"	227	"HiG"
"HiG_9"	65	"SCGB3A2"	799.5	"HiG"
"HiG_9"	182	"SPINK1"	710.5	"HiG"
"HiG_9"	13445	"TBXT"	58	"HiG"
"HiG_9"	4483	"TRA2A"	145	"HiG"
"HiG_9"	962	"RP9"	519	"HiG"
"HiG_9"	1453	"TNFRSF11B"	399	"HiG"
"HiG_9"	5434	"VIRMA"	123	"HiG"
"HiG_9"	1262	"COL14A1"	462	"HiG"
"HiG_9"	37	"ZHX1"	862.5	"HiG"
"HiG_9"	78	"CFL2"	782.5	"HiG"
"HiG_9"	2616	"PCF11"	246	"HiG"
"HiG_9"	37	"KLHDC2"	862.5	"HiG"
"HiG_9"	2271	"TSC1"	275	"HiG"
"HiG_9"	0	"ARHGAP42"	1333.5	"HiG"
"HiG_9"	0	"CAPRIN2"	1333.5	"HiG"
"HiG_9"	0	"IKBIP"	1333.5	"HiG"
"HiG_9"	1	"PCBD1"	1182	"HiG"
"HiG_9"	14	"CLDN10"	984	"HiG"
"HiG_9"	31	"TRIM44"	878.5	"HiG"
"HiG_9"	1	"PPFIBP2"	1182	"HiG"
"HiG_9"	6	"CENPV"	1058.5	"HiG"
"HiG_9"	0	"CASC4"	1333.5	"HiG"
"HiG_9"	3	"BMERB1"	1121.5	"HiG"
"HiG_9"	2047	"TERF2IP"	297	"HiG"
"HiG_9"	61	"CLPX"	805.5	"HiG"
"HiG_9"	0	"CCNDBP1"	1333.5	"HiG"
"HiG_9"	388	"COL6A2"	637	"HiG"
"HiG_9"	6	"ZNF91"	1058.5	"HiG"
"HiG_9"	1	"RNF214"	1182	"HiG"
"HiG_9"	0	"ZNF428"	1333.5	"HiG"
"HiG_9"	3073	"NDUFA7"	210	"HiG"
"HiG_9"	4110	"PRDX2"	154	"HiG"
"HiG_9"	89	"TMEM88"	774	"HiG"
"HiG_9"	0	"SOST"	1333.5	"HiG"
"HiG_9"	145	"ECI1"	733	"HiG"
"HiG_9"	1513	"PAIP1"	369	"HiG"
"HiG_9"	119	"TRAPPC1"	749	"HiG"
"HiG_9"	0	"AFAP1L2"	1333.5	"HiG"
"HiG_9"	2785	"PPIC"	236	"HiG"
"HiG_9"	3813	"MAT2A"	166	"HiG"
"HiG_9"	0	"DCXR"	1333.5	"HiG"
"HiG_9"	201	"TRH"	703	"HiG"
"HiG_9"	29	"ANKMY2"	884	"HiG"
"HiG_9"	3785	"UBE2E1"	168	"HiG"
"HiG_9"	0	"KIAA0232"	1333.5	"HiG"
"HiG_9"	3564	"COPS6"	187	"HiG"
"HiG_9"	2	"TM4SF1"	1149	"HiG"
"HiG_9"	101721	"COL3A1"	4	"HiG"
"HiG_9"	0	"MAGI3"	1333.5	"HiG"
"HiG_9"	269	"STX8"	668.5	"HiG"
"HiG_9"	0	"RBFA"	1333.5	"HiG"
"HiG_9"	435	"HOOK3"	623	"HiG"
"HiG_9"	1285	"CST1"	458	"HiG"
"HiG_9"	1185	"STX18"	478	"HiG"
"HiG_9"	33	"BRD3"	875	"HiG"
"HiG_9"	0	"ALCAM"	1333.5	"HiG"
"HiG_9"	4575	"FGB"	141	"HiG"
"HiG_9"	0	"PAM"	1333.5	"HiG"
"HiG_9"	1621	"CEP89"	351	"HiG"
"HiG_9"	74	"LDB2"	788	"HiG"
"HiG_9"	610	"GABARAP"	569	"HiG"
"HiG_9"	3	"CDCA7"	1121.5	"HiG"
"HiG_9"	13888	"HAS2"	56	"HiG"
"HiG_9"	4550	"MYOZ2"	142	"HiG"
"HiG_9"	6	"SDC2"	1058.5	"HiG"
"HiG_9"	51	"ING2"	828	"HiG"
"HiG_9"	0	"AAMDC"	1333.5	"HiG"
"HiG_9"	3838	"DDIT4"	162	"HiG"
"HiG_9"	18	"WDR48"	944	"HiG"
"HiG_9"	3592	"CALB2"	185	"HiG"
"HiG_9"	27	"TSPAN5"	890.5	"HiG"
"HiG_9"	569	"ZNF608"	582	"HiG"
"HiG_9"	2257	"FBXO22"	277	"HiG"
"HiG_9"	0	"DRAP1"	1333.5	"HiG"
"HiG_9"	1092	"MUS81"	491	"HiG"
"HiG_9"	1	"PCMTD2"	1182	"HiG"
"HiG_9"	3181	"GLUL"	204	"HiG"
"HiG_9"	25678	"PCSK1"	33	"HiG"
"HiG_9"	1	"RNASEH2C"	1182	"HiG"
"HiG_9"	0	"PMP22"	1333.5	"HiG"
"HiG_9"	0	"MARCH3"	1333.5	"HiG"
"HiG_9"	479	"CLTB"	607	"HiG"
"HiG_9"	23	"VPS41"	910	"HiG"
"HiG_9"	9814	"TBX5"	72	"HiG"
"HiG_9"	1076	"EFEMP2"	493	"HiG"
"HiG_9"	7	"MAP9"	1043.5	"HiG"
"HiG_9"	3349	"CASP3"	193	"HiG"
"HiG_9"	510	"AQP1"	602	"HiG"
"HiG_9"	36	"MSL3"	866	"HiG"
"HiG_9"	2012	"PDLIM2"	301	"HiG"
"HiG_9"	0	"FBXO34"	1333.5	"HiG"
"HiG_9"	3657	"DAB2"	180	"HiG"
"HiG_9"	14	"GRHPR"	984	"HiG"
"HiG_9"	62	"PHKB"	802.5	"HiG"
"HiG_9"	5822	"PPFIBP1"	114	"HiG"
"HiG_9"	35	"ANGPT2"	870	"HiG"
"HiG_9"	0	"EDNRA"	1333.5	"HiG"
"HiG_9"	1	"MAGEF1"	1182	"HiG"
"HiG_9"	4886	"CLU"	137	"HiG"
"HiG_9"	6	"SWAP70"	1058.5	"HiG"
"HiG_9"	10	"DEGS1"	1016.5	"HiG"
"HiG_9"	0	"GPM6B"	1333.5	"HiG"
"HiG_9"	0	"P3H2"	1333.5	"HiG"
"HiG_9"	1552	"PIBF1"	363	"HiG"
"HiG_9"	1	"CPNE1"	1182	"HiG"
"HiG_9"	3215	"EEA1"	202	"HiG"
"HiG_9"	85	"OS9"	778	"HiG"
"HiG_9"	2861	"TUBB6"	232	"HiG"
"HiG_9"	0	"EPSTI1"	1333.5	"HiG"
"HiG_9"	1071	"ITFG1"	495	"HiG"
"HiG_9"	614	"MPDZ"	567	"HiG"
"HiG_9"	60	"DIPK2A"	808.5	"HiG"
"HiG_9"	572	"DYNC1I1"	580	"HiG"
"HiG_9"	7	"NPEPPS"	1043.5	"HiG"
"HiG_9"	3837	"PLAAT3"	163	"HiG"
"HiG_9"	15	"IFT22"	972.5	"HiG"
"HiG_9"	18978	"ARID1A"	44	"HiG"
"HiG_9"	439	"EPN2"	620	"HiG"
"HiG_9"	79	"ING3"	781	"HiG"
"HiG_9"	0	"OLFML3"	1333.5	"HiG"
"HiG_9"	2258	"SOX11"	276	"HiG"
"HiG_9"	0	"ARL4D"	1333.5	"HiG"
"HiG_9"	459	"GLYR1"	615	"HiG"
"HiG_9"	163	"ZMYM4"	722	"HiG"
"HiG_9"	2334	"NDUFAF3"	271	"HiG"
"HiG_9"	5713	"IFT88"	117	"HiG"
"HiG_9"	148	"FZD2"	730	"HiG"
"HiG_9"	382	"TRIM55"	641	"HiG"
"HiG_9"	118	"SMARCE1"	750	"HiG"
"HiG_9"	860	"KIF15"	532	"HiG"
"HiG_9"	0	"CD151"	1333.5	"HiG"
"HiG_9"	21649	"ENO3"	39	"HiG"
"HiG_9"	26	"TCTEX1D2"	896.5	"HiG"
"HiG_9"	1455	"TCHP"	397.5	"HiG"
"HiG_9"	95	"MAB21L2"	766.5	"HiG"
"HiG_9"	5538	"PPP2R1A"	122	"HiG"
"HiG_9"	2	"SEMA6D"	1149	"HiG"
"HiG_9"	265	"LASP1"	672	"HiG"
"HiG_9"	223	"RUFY1"	686	"HiG"
"HiG_9"	0	"NFKBIZ"	1333.5	"HiG"
"HiG_9"	5	"NR2F1"	1074.5	"HiG"
"HiG_9"	0	"SHISA3"	1333.5	"HiG"
"HiG_9"	0	"HPS1"	1333.5	"HiG"
"HiG_9"	1555	"TNFRSF12A"	361	"HiG"
"HiG_9"	3197	"CUL1"	203	"HiG"
"HiG_9"	31	"NT5DC1"	878.5	"HiG"
"HiG_9"	6	"MAF"	1058.5	"HiG"
"HiG_9"	1395	"NRIP1"	426	"HiG"
"HiG_9"	1653	"SMDT1"	343.5	"HiG"
"HiG_9"	847	"NKX2-5"	536	"HiG"
"HiG_9"	0	"YAF2"	1333.5	"HiG"
"HiG_9"	2372	"SRPRA"	265	"HiG"
"HiG_9"	5143	"MT1E"	127	"HiG"
"HiG_9"	3	"FBXO21"	1121.5	"HiG"
"HiG_9"	78	"EFNA5"	782.5	"HiG"
"HiG_9"	763	"HOXB4"	550	"HiG"
"HiG_9"	10686	"KRT7"	68	"HiG"
"HiG_9"	41	"H1FX"	850.5	"HiG"
"HiG_9"	1234	"TCEAL7"	471	"HiG"
"HiG_9"	4971	"CADM1"	132	"HiG"
"HiG_9"	0	"UPP1"	1333.5	"HiG"
"HiG_9"	22	"HIST1H1B"	913.5	"HiG"
"HiG_9"	2	"PTRHD1"	1149	"HiG"
"HiG_9"	215	"MT1H"	690.5	"HiG"
"HiG_9"	0	"PAPPA"	1333.5	"HiG"
"HiG_9"	6	"MXI1"	1058.5	"HiG"
"HiG_9"	2940	"RAB11FIP1"	225	"HiG"
"HiG_9"	546	"ZNF704"	589	"HiG"
"HiG_9"	1036	"FBLN1"	504	"HiG"
"HiG_9"	2057	"IRX3"	294	"HiG"
"HiG_9"	2703	"HOXB2"	241	"HiG"
"HiG_9"	1247	"IDH2"	467	"HiG"
"HiG_9"	185	"COL4A5"	709	"HiG"
"HiG_9"	331	"NAA38"	649	"HiG"
"HiG_9"	21	"SLIT3"	920.5	"HiG"
"HiG_9"	4	"SPAG16"	1096	"HiG"
"HiG_9"	2482	"IGDCC3"	258	"HiG"
"HiG_9"	12	"FLRT2"	1001.5	"HiG"
"HiG_9"	1368	"MRPL40"	432	"HiG"
"HiG_9"	13	"ADI1"	993	"HiG"
"HiG_9"	8	"TMEM179B"	1033	"HiG"
"HiG_9"	56	"BSG"	815	"HiG"
"HiG_9"	8	"FIGN"	1033	"HiG"
"HiG_9"	12	"TTF1"	1001.5	"HiG"
"HiG_9"	3021	"NEXN"	219	"HiG"
"HiG_9"	2667	"TRDN"	244	"HiG"
"HiG_9"	7	"INTU"	1043.5	"HiG"
"HiG_9"	8	"PARVA"	1033	"HiG"
"HiG_9"	0	"RFTN1"	1333.5	"HiG"
"HiG_9"	913	"ZMIZ1"	525.5	"HiG"
"HiG_9"	152	"CEP63"	726	"HiG"
"HiG_9"	2513	"FIP1L1"	255	"HiG"
"HiG_9"	0	"FGG"	1333.5	"HiG"
"HiG_9"	5544	"ARHGAP10"	121	"HiG"
"HiG_9"	22	"PNRC1"	913.5	"HiG"
"HiG_9"	1439	"CXCL14"	409.5	"HiG"
"HiG_9"	8	"ENOX2"	1033	"HiG"
"HiG_9"	0	"DACT1"	1333.5	"HiG"
"HiG_9"	0	"LIMS1"	1333.5	"HiG"
"HiG_9"	152	"RNASEH2B"	726	"HiG"
"HiG_9"	170	"ISYNA1"	719	"HiG"
"HiG_9"	7	"SPTY2D1"	1043.5	"HiG"
"HiG_9"	0	"TARSL2"	1333.5	"HiG"
"HiG_9"	2938	"PLCB1"	226	"HiG"
"HiG_9"	1610	"HEY1"	353	"HiG"
"HiG_9"	10	"NUDT4"	1016.5	"HiG"
"HiG_9"	96	"RERE"	765	"HiG"
"HiG_9"	0	"LRRFIP2"	1333.5	"HiG"
"HiG_9"	2	"ARHGAP6"	1149	"HiG"
"HiG_9"	40	"ATAD1"	854	"HiG"
"HiG_9"	1	"FGFBP3"	1182	"HiG"
"HiG_9"	588	"RBMX2"	577	"HiG"
"HiG_9"	1759	"NT5C2"	332	"HiG"
"HiG_9"	609	"ARL4C"	570	"HiG"
"HiG_9"	91	"SNRNP48"	771	"HiG"
"HiG_9"	60	"FLRT3"	808.5	"HiG"
"HiG_9"	1	"KRCC1"	1182	"HiG"
"HiG_9"	0	"RBPMS"	1333.5	"HiG"
"HiG_9"	542	"SERINC3"	590	"HiG"
"HiG_9"	1210	"SSX2IP"	474	"HiG"
"HiG_9"	5703	"DLK1"	118	"HiG"
"HiG_9"	51	"ARMCX3"	828	"HiG"
"HiG_9"	272	"GYG1"	665.5	"HiG"
"HiG_9"	26134	"MEF2C"	32	"HiG"
"HiG_9"	1913	"SMARCB1"	309	"HiG"
"HiG_9"	238	"ASH2L"	679	"HiG"
"HiG_9"	5	"ARHGEF3"	1074.5	"HiG"
"HiG_9"	521	"PTN"	595.5	"HiG"
"HiG_9"	603	"GSPT2"	572.5	"HiG"
"HiG_9"	128	"WNK1"	744	"HiG"
"HiG_9"	18	"DCAF5"	944	"HiG"
"HiG_9"	1	"TMEM230"	1182	"HiG"
"HiG_9"	1910	"SEPTIN6"	311	"HiG"
"HiG_9"	65142	"HNRNPA1"	13	"HiG"
"HiG_9"	7960	"TNNI3"	88	"HiG"
"HiG_9"	26	"TP53BP2"	896.5	"HiG"
"HiG_9"	0	"SAMD11"	1333.5	"HiG"
"HiG_9"	881	"BORCS7"	530	"HiG"
"HiG_9"	0	"FAM184A"	1333.5	"HiG"
"HiG_9"	2	"CFAP36"	1149	"HiG"
"HiG_9"	46	"SERINC1"	840.5	"HiG"
"HiG_9"	0	"ZNF791"	1333.5	"HiG"
"HiG_9"	2226	"RBM5"	279	"HiG"
"HiG_9"	1631	"GOLGA8B"	347	"HiG"
"HiG_9"	5	"EPB41L3"	1074.5	"HiG"
"HiG_9"	291	"CCDC18"	660	"HiG"
"HiG_9"	665	"DPYSL3"	559	"HiG"
"HiG_9"	1381	"KPNA1"	429	"HiG"
"HiG_9"	0	"MAGEH1"	1333.5	"HiG"
"HiG_9"	2601	"CDK5RAP2"	247	"HiG"
"HiG_9"	2	"PSPC1"	1149	"HiG"
"HiG_9"	7	"MBTPS1"	1043.5	"HiG"
"HiG_9"	8994	"ATF3"	77	"HiG"
"HiG_9"	550	"CLUAP1"	587	"HiG"
"HiG_9"	0	"FGD6"	1333.5	"HiG"
"HiG_9"	0	"BTG3"	1333.5	"HiG"
"HiG_9"	3	"PRICKLE1"	1121.5	"HiG"
"HiG_9"	514	"CTSL"	600	"HiG"
"HiG_9"	24745	"HMGB1"	34	"HiG"
"HiG_9"	10267	"CTSB"	70	"HiG"
"HiG_9"	26	"DLG1"	896.5	"HiG"
"HiG_9"	2	"FYB2"	1149	"HiG"
"HiG_9"	35842	"RPL3"	29	"HiG"
"HiG_9"	59967	"RPS3A"	15	"HiG"
"HiG_9"	2	"ETFB"	1149	"HiG"
"HiG_9"	1721	"KIAA0586"	338	"HiG"
"HiG_9"	1257	"SMOC2"	463	"HiG"
"HiG_9"	0	"ANXA6"	1333.5	"HiG"
"HiG_9"	2466	"FILIP1L"	259	"HiG"
"HiG_9"	13	"SND1"	993	"HiG"
"HiG_9"	1473	"WLS"	379.5	"HiG"
"HiG_9"	95511	"FN1"	5	"HiG"
"HiG_9"	13113	"MYL4"	62	"HiG"
"HiG_9"	5018	"ITSN2"	130	"HiG"
"HiG_9"	1471	"MSRB3"	384	"HiG"
"HiG_9"	2	"WARS"	1149	"HiG"
"HiG_9"	3814	"MYH7"	165	"HiG"
"HiG_9"	1419	"SHTN1"	417.5	"HiG"
"HiG_9"	1126	"ARID4A"	484	"HiG"
"HiG_9"	0	"P3H4"	1333.5	"HiG"
"HiG_9"	470	"UBE2H"	613	"HiG"
"HiG_9"	1906	"SORBS2"	312	"HiG"
"HiG_9"	716	"PRPF39"	552	"HiG"
"HiG_9"	1332	"PDLIM7"	443	"HiG"
"HiG_9"	432	"SVIL"	625	"HiG"
"HiG_9"	1466	"CYP20A1"	385.5	"HiG"
"HiG_9"	0	"PXK"	1333.5	"HiG"
"HiG_9"	15	"UPF2"	972.5	"HiG"
"HiG_9"	0	"MYOM1"	1333.5	"HiG"
"HiG_9"	655	"MAN1A2"	562	"HiG"
"HiG_9"	369	"RSPO3"	643	"HiG"
"HiG_9"	41	"ARMCX2"	850.5	"HiG"
"HiG_9"	4	"C12orf29"	1096	"HiG"
"HiG_9"	2	"ABCD4"	1149	"HiG"
"HiG_9"	6768	"CAVIN1"	95	"HiG"
"HiG_9"	1	"SPOCK3"	1182	"HiG"
"HiG_9"	53	"PRRC2B"	824.5	"HiG"
"HiG_9"	2	"ERGIC3"	1149	"HiG"
"HiG_9"	4	"FRMD4A"	1096	"HiG"
"HiG_9"	1202	"STRN3"	475	"HiG"
"HiG_9"	2346	"PLN"	270	"HiG"
"HiG_9"	8	"ATP2B4"	1033	"HiG"
"HiG_9"	3	"GOLGA7"	1121.5	"HiG"
"HiG_9"	0	"AIG1"	1333.5	"HiG"
"HiG_9"	0	"ANKLE2"	1333.5	"HiG"
"HiG_9"	0	"TES"	1333.5	"HiG"
"HiG_9"	119998	"TPM1"	3	"HiG"
"HiG_9"	1057	"HSD17B11"	499	"HiG"
"HiG_9"	0	"FAM217B"	1333.5	"HiG"
"HiG_9"	7	"GYPE"	1043.5	"HiG"
"HiG_9"	20	"ENTPD4"	929	"HiG"
"HiG_9"	478	"REV3L"	608	"HiG"
"HiG_9"	0	"FAM114A1"	1333.5	"HiG"
"HiG_9"	44	"C17orf80"	847	"HiG"
"HiG_9"	631	"GOLGA8A"	566	"HiG"
"HiG_9"	314	"PCBP2"	657	"HiG"
"HiG_9"	20	"ZNF33B"	929	"HiG"
"HiG_9"	1451	"EMP2"	401.5	"HiG"
"HiG_9"	37	"HAND2"	862.5	"HiG"
"HiG_9"	3804	"PCNT"	167	"HiG"
"HiG_9"	4	"RBM23"	1096	"HiG"
"HiG_9"	1463	"ART5"	389	"HiG"
"HiG_9"	3320	"PTPRF"	198	"HiG"
"HiG_9"	1	"ERGIC2"	1182	"HiG"
"HiG_9"	29	"ETS2"	884	"HiG"
"HiG_9"	460	"CUX1"	614	"HiG"
"HiG_9"	177	"MSN"	716.5	"HiG"
"HiG_9"	177	"VPS13A"	716.5	"HiG"
"HiG_9"	336	"MYLK"	648	"HiG"
"HiG_9"	0	"C20orf96"	1333.5	"HiG"
"HiG_9"	83	"LRRCC1"	779	"HiG"
"HiG_9"	1490	"NRP2"	372	"HiG"
"HiG_9"	4382	"DSC3"	148	"HiG"
"HiG_9"	1089	"PLAGL1"	492	"HiG"
"HiG_9"	0	"PCMTD1"	1333.5	"HiG"
"HiG_9"	1	"ZNF148"	1182	"HiG"
"HiG_9"	89	"ZNF711"	774	"HiG"
"HiG_9"	2323	"ERC1"	272	"HiG"
"HiG_9"	17	"GSTM3"	954	"HiG"
"HiG_9"	0	"ZNF37A"	1333.5	"HiG"
"HiG_9"	5	"CYB5R3"	1074.5	"HiG"
"HiG_9"	0	"ZEB1"	1333.5	"HiG"
"HiG_9"	2920	"TNNI1"	229	"HiG"
"HiG_9"	1	"ZNF830"	1182	"HiG"
"HiG_9"	1568	"KIFAP3"	359	"HiG"
"HiG_9"	696	"TAF11"	555	"HiG"
"HiG_9"	1	"AKAP13"	1182	"HiG"
"HiG_9"	39811	"MT-ND4L"	26	"HiG"
"HiG_9"	16	"IPO9"	963.5	"HiG"
"HiG_9"	971	"COA3"	518	"HiG"
"HiG_9"	412	"PJA2"	633	"HiG"
"HiG_9"	3	"SGMS1"	1121.5	"HiG"
"HiG_9"	42273	"MT-CO2"	23	"HiG"
"HiG_9"	45	"KIF21A"	844	"HiG"
"HiG_9"	39	"CCDC152"	857.5	"HiG"
"HiG_9"	995	"DMD"	512.5	"HiG"
"HiG_9"	5128	"CAPZA2"	128	"HiG"
"HiG_9"	414	"SMC5"	631.5	"HiG"
"HiG_9"	17	"NAA35"	954	"HiG"
"HiG_9"	0	"ALPK2"	1333.5	"HiG"
"HiG_9"	0	"DZIP3"	1333.5	"HiG"
"HiG_9"	4957	"QKI"	133	"HiG"
"HiG_9"	50244	"KRT19"	20	"HiG"
"HiG_9"	53	"COL6A1"	824.5	"HiG"
"HiG_9"	0	"ZNF511"	1333.5	"HiG"
"HiG_9"	812	"HACD1"	540	"HiG"
"HiG_9"	7408	"RPL39"	93	"HiG"
"HiG_9"	1269	"APOBEC3C"	461	"HiG"
"HiG_9"	2011	"CD47"	302	"HiG"
"HiG_9"	36	"SCCPDH"	866	"HiG"
"HiG_9"	1411	"SDCCAG8"	419	"HiG"
"HiG_9"	180	"CEP170"	712.5	"HiG"
"HiG_9"	39	"CHML"	857.5	"HiG"
"HiG_9"	367	"RYR2"	644	"HiG"
"HiG_9"	1753	"MTR"	333	"HiG"
"HiG_9"	0	"ACTN2"	1333.5	"HiG"
"HiG_9"	1779	"NTPCR"	330	"HiG"
"HiG_9"	9	"SIPA1L2"	1025	"HiG"
"HiG_9"	0	"C1orf131"	1333.5	"HiG"
"HiG_9"	0	"FAM89A"	1333.5	"HiG"
"HiG_9"	1483	"C1orf198"	374	"HiG"
"HiG_9"	5970	"ACTA1"	109	"HiG"
"HiG_9"	2360	"RAB4A"	267	"HiG"
"HiG_9"	2621	"RHOU"	245	"HiG"
"HiG_9"	1948	"CDC42BPA"	304.5	"HiG"
"HiG_9"	41	"AFDN"	850.5	"HiG"
"HiG_9"	3065	"H3F3A"	211	"HiG"
"HiG_9"	899	"LEFTY2"	527.5	"HiG"
"HiG_9"	7	"LYPLAL1"	1043.5	"HiG"
"HiG_9"	2943	"TGFB2"	224	"HiG"
"HiG_9"	0	"GPATCH2"	1333.5	"HiG"
"HiG_9"	555	"LPGAT1"	586	"HiG"
"HiG_9"	80	"PLXNA2"	780	"HiG"
"HiG_9"	16	"TULP4"	963.5	"HiG"
"HiG_9"	2931	"MDM4"	228	"HiG"
"HiG_9"	1527	"LMOD1"	365	"HiG"
"HiG_9"	28	"NAV1"	886.5	"HiG"
"HiG_9"	0	"GINM1"	1333.5	"HiG"
"HiG_9"	1948	"UTRN"	304.5	"HiG"
"HiG_9"	269	"RGS16"	668.5	"HiG"
"HiG_9"	11	"TOR1AIP2"	1010	"HiG"
"HiG_9"	4	"VTA1"	1096	"HiG"
"HiG_9"	0	"SUCO"	1333.5	"HiG"
"HiG_9"	16	"TIPRL"	963.5	"HiG"
"HiG_9"	25	"DCAF6"	902	"HiG"
"HiG_9"	1461	"RCSD1"	394	"HiG"
"HiG_9"	0	"DUSP12"	1333.5	"HiG"
"HiG_9"	16540	"CCN2"	49	"HiG"
"HiG_9"	8078	"APOA2"	87	"HiG"
"HiG_9"	643	"COPA"	564	"HiG"
"HiG_9"	0	"PEA15"	1333.5	"HiG"
"HiG_9"	111	"TAGLN2"	752.5	"HiG"
"HiG_9"	1472	"IFI16"	382	"HiG"
"HiG_9"	939	"L3MBTL3"	521	"HiG"
"HiG_9"	1637	"NAXE"	346	"HiG"
"HiG_9"	4799	"LMNA"	138	"HiG"
"HiG_9"	377	"LAMTOR2"	642	"HiG"
"HiG_9"	0	"KHDC4"	1333.5	"HiG"
"HiG_9"	1	"CEP85L"	1182	"HiG"
"HiG_9"	549	"GOPC"	588	"HiG"
"HiG_9"	1626	"SNAPIN"	348.5	"HiG"
"HiG_9"	0	"S100A14"	1333.5	"HiG"
"HiG_9"	2721	"S100A16"	240	"HiG"
"HiG_9"	265	"S100A6"	672	"HiG"
"HiG_9"	0	"SCNM1"	1333.5	"HiG"
"HiG_9"	0	"MLLT11"	1333.5	"HiG"
"HiG_9"	0	"PLEKHA1"	1333.5	"HiG"
"HiG_9"	14	"TACC2"	984	"HiG"
"HiG_9"	0	"C1orf54"	1333.5	"HiG"
"HiG_9"	0	"PLEKHO1"	1333.5	"HiG"
"HiG_9"	2350	"EPHA7"	269	"HiG"
"HiG_9"	57	"POLR3GL"	813	"HiG"
"HiG_9"	16	"SHOC2"	963.5	"HiG"
"HiG_9"	151	"BRCC3"	728	"HiG"
"HiG_9"	0	"IGSF3"	1333.5	"HiG"
"HiG_9"	5	"FUNDC2"	1074.5	"HiG"
"HiG_9"	0	"TSPAN2"	1333.5	"HiG"
"HiG_9"	3	"PRSS35"	1121.5	"HiG"
"HiG_9"	0	"LRIF1"	1333.5	"HiG"
"HiG_9"	1099	"AHCYL1"	488.5	"HiG"
"HiG_9"	12910	"FLNA"	63	"HiG"
"HiG_9"	3651	"MYO6"	181	"HiG"
"HiG_9"	0	"COL11A1"	1333.5	"HiG"
"HiG_9"	123	"TRMT13"	746	"HiG"
"HiG_9"	103	"PTBP2"	758	"HiG"
"HiG_9"	18	"SLF2"	944	"HiG"
"HiG_9"	322	"CETN2"	654	"HiG"
"HiG_9"	180	"BLOC1S2"	712.5	"HiG"
"HiG_9"	17	"OGFRL1"	954	"HiG"
"HiG_9"	1224	"FMR1"	473	"HiG"
"HiG_9"	8305	"GTF2B"	85	"HiG"
"HiG_9"	0	"CREG1"	1333.5	"HiG"
"HiG_9"	17	"PKN2"	954	"HiG"
"HiG_9"	18	"LDOC1"	944	"HiG"
"HiG_9"	21	"LMO4"	920.5	"HiG"
"HiG_9"	20	"ZNHIT6"	929	"HiG"
"HiG_9"	2542	"GNG5"	252	"HiG"
"HiG_9"	14	"USP33"	984	"HiG"
"HiG_9"	1275	"GPC4"	459	"HiG"
"HiG_9"	75	"BMP5"	786	"HiG"
"HiG_9"	0	"RAP2C"	1333.5	"HiG"
"HiG_9"	12	"GSTA4"	1001.5	"HiG"
"HiG_9"	97	"GNG12"	764	"HiG"
"HiG_9"	1509	"GADD45A"	370	"HiG"
"HiG_9"	5583	"PGM1"	120	"HiG"
"HiG_9"	2177	"XIAP"	284	"HiG"
"HiG_9"	35	"HOOK1"	870	"HiG"
"HiG_9"	91652	"JUN"	7	"HiG"
"HiG_9"	182	"DAB1"	710.5	"HiG"
"HiG_9"	6630	"PLPP3"	97	"HiG"
"HiG_9"	0	"MCTS1"	1333.5	"HiG"
"HiG_9"	991	"SSBP3"	514	"HiG"
"HiG_9"	1240	"PLCE1"	468.5	"HiG"
"HiG_9"	0	"RBP4"	1333.5	"HiG"
"HiG_9"	0	"TSHZ2"	1333.5	"HiG"
"HiG_9"	203	"SCP2"	701	"HiG"
"HiG_9"	3	"PARD6B"	1121.5	"HiG"
"HiG_9"	0	"RAB3B"	1333.5	"HiG"
"HiG_9"	73097	"ANKRD1"	11	"HiG"
"HiG_9"	1441	"EGFL7"	407.5	"HiG"
"HiG_9"	46	"IFIT1"	840.5	"HiG"
"HiG_9"	1601	"COL5A1"	354	"HiG"
"HiG_9"	25	"AMOT"	902	"HiG"
"HiG_9"	0	"PLAC9"	1333.5	"HiG"
"HiG_9"	42	"TSC22D3"	848	"HiG"
"HiG_9"	2218	"YIPF3"	280	"HiG"
"HiG_9"	1478	"RBM41"	377	"HiG"
"HiG_9"	3	"SVBP"	1121.5	"HiG"
"HiG_9"	0	"ZNF503"	1333.5	"HiG"
"HiG_9"	0	"PPCS"	1333.5	"HiG"
"HiG_9"	1820	"TCEAL1"	324	"HiG"
"HiG_9"	212	"TCEAL3"	693	"HiG"
"HiG_9"	0	"WFDC2"	1333.5	"HiG"
"HiG_9"	14	"TCEAL5"	984	"HiG"
"HiG_9"	1937	"SDC4"	306	"HiG"
"HiG_9"	8	"TCEAL2"	1033	"HiG"
"HiG_9"	0	"HNRNPH2"	1333.5	"HiG"
"HiG_9"	24	"PKIG"	907	"HiG"
"HiG_9"	612	"DNAJC9"	568	"HiG"
"HiG_9"	13	"PCDH19"	993	"HiG"
"HiG_9"	269	"MEAF6"	668.5	"HiG"
"HiG_9"	6	"NAP1L3"	1058.5	"HiG"
"HiG_9"	51	"KLHL4"	828	"HiG"
"HiG_9"	2	"CHD6"	1149	"HiG"
"HiG_9"	47	"H2AFY2"	839	"HiG"
"HiG_9"	249	"ITM2A"	676	"HiG"
"HiG_9"	1290	"TRAF3IP1"	454	"HiG"
"HiG_9"	0	"CCDC167"	1333.5	"HiG"
"HiG_9"	1294	"PBX3"	453	"HiG"
"HiG_9"	1827	"CRB2"	322	"HiG"
"HiG_9"	66	"RABGAP1"	797	"HiG"
"HiG_9"	1	"KCTD20"	1182	"HiG"
"HiG_9"	144	"CNTRL"	734.5	"HiG"
"HiG_9"	0	"DLGAP4"	1333.5	"HiG"
"HiG_9"	4996	"DKK1"	131	"HiG"
"HiG_9"	0	"PALM2-AKAP2"	1333.5	"HiG"
"HiG_9"	1966	"BMPR2"	303	"HiG"
"HiG_9"	0	"SLC39A7"	1333.5	"HiG"
"HiG_9"	442	"COL5A2"	618	"HiG"
"HiG_9"	4	"ECE1"	1096	"HiG"
"HiG_9"	1336	"XPA"	442	"HiG"
"HiG_9"	0	"MAP3K20"	1333.5	"HiG"
"HiG_9"	1158	"TSPYL2"	481	"HiG"
"HiG_9"	2	"BAMBI"	1149	"HiG"
"HiG_9"	3325	"MAPRE1"	197	"HiG"
"HiG_9"	92	"MAGED1"	769.5	"HiG"
"HiG_9"	0	"RND3"	1333.5	"HiG"
"HiG_9"	2	"DDAH2"	1149	"HiG"
"HiG_9"	1	"COL4A1"	1182	"HiG"
"HiG_9"	15	"ACBD5"	972.5	"HiG"
"HiG_9"	24	"CLCN5"	907	"HiG"
"HiG_9"	5	"CCDC93"	1074.5	"HiG"
"HiG_9"	790	"GRIPAP1"	542	"HiG"
"HiG_9"	513	"NPPB"	601	"HiG"
"HiG_9"	1320	"NPPA"	447	"HiG"
"HiG_9"	0	"TLE4"	1333.5	"HiG"
"HiG_9"	6320	"CTTN"	105	"HiG"
"HiG_9"	48	"CEP78"	837	"HiG"
"HiG_9"	558	"MBNL2"	584	"HiG"
"HiG_9"	45	"RFK"	844	"HiG"
"HiG_9"	12	"UGGT2"	1001.5	"HiG"
"HiG_9"	1236	"COMMD3"	470	"HiG"
"HiG_9"	40337	"ANXA1"	25	"HiG"
"HiG_9"	592	"EXOSC10"	576	"HiG"
"HiG_9"	25	"DNAJC1"	902	"HiG"
"HiG_9"	15	"GPC6"	972.5	"HiG"
"HiG_9"	0	"SLITRK5"	1333.5	"HiG"
"HiG_9"	7416	"NEBL"	92	"HiG"
"HiG_9"	14	"LZIC"	984	"HiG"
"HiG_9"	2028	"FOXH1"	300	"HiG"
"HiG_9"	774	"VPS28"	546.5	"HiG"
"HiG_9"	1463	"KCTD12"	389	"HiG"
"HiG_9"	1072	"ERRFI1"	494	"HiG"
"HiG_9"	1385	"STAM"	428	"HiG"
"HiG_9"	1287	"LMO7"	456.5	"HiG"
"HiG_9"	0	"FAM216A"	1333.5	"HiG"
"HiG_9"	0	"BTN3A2"	1333.5	"HiG"
"HiG_9"	0	"GLIPR2"	1333.5	"HiG"
"HiG_9"	11	"CNMD"	1010	"HiG"
"HiG_9"	5941	"KDM6A"	110	"HiG"
"HiG_9"	913	"AHNAK"	525.5	"HiG"
"HiG_9"	5	"CKAP4"	1074.5	"HiG"
"HiG_9"	10	"FUNDC1"	1016.5	"HiG"
"HiG_9"	1626	"ITGA8"	348.5	"HiG"
"HiG_9"	3087	"C6orf62"	208	"HiG"
"HiG_9"	473	"PLCB4"	610.5	"HiG"
"HiG_9"	22	"DYNLT3"	913.5	"HiG"
"HiG_9"	12	"ID4"	1001.5	"HiG"
"HiG_9"	134	"ZFC3H1"	742	"HiG"
"HiG_9"	3032	"OPTN"	218	"HiG"
"HiG_9"	2993	"BMP2"	220	"HiG"
"HiG_9"	17	"GPCPD1"	954	"HiG"
"HiG_9"	234	"POLA1"	681	"HiG"
"HiG_9"	13194	"WT1"	61	"HiG"
"HiG_9"	18	"BCAP29"	944	"HiG"
"HiG_9"	35	"GPALPP1"	870	"HiG"
"HiG_9"	0	"LGR4"	1333.5	"HiG"
"HiG_9"	4	"FEZ2"	1096	"HiG"
"HiG_9"	4158	"GATA3"	151	"HiG"
"HiG_9"	6537	"EDN1"	102	"HiG"
"HiG_9"	1618	"NAA16"	352	"HiG"
"HiG_9"	1317	"SMPX"	448	"HiG"
"HiG_9"	212	"YPEL5"	693	"HiG"
"HiG_9"	0	"ELF2"	1333.5	"HiG"
"HiG_9"	0	"KIN"	1333.5	"HiG"
"HiG_9"	0	"LHFPL6"	1333.5	"HiG"
"HiG_9"	7	"CCDC112"	1043.5	"HiG"
"HiG_9"	1520	"POSTN"	367	"HiG"
"HiG_9"	1311	"MT1G"	451	"HiG"
"HiG_9"	1885	"RIOK1"	315.5	"HiG"
"HiG_9"	0	"NRBP1"	1333.5	"HiG"
"HiG_9"	4	"GLRX"	1096	"HiG"
"HiG_9"	1857	"RHOBTB3"	319	"HiG"
"HiG_9"	521	"TRIM5"	595.5	"HiG"
"HiG_9"	5116	"BRCA2"	129	"HiG"
"HiG_9"	65	"USP3"	799.5	"HiG"
"HiG_9"	5922	"MLLT3"	111	"HiG"
"HiG_9"	3595	"CHD3"	184	"HiG"
"HiG_9"	0	"PTPRA"	1333.5	"HiG"
"HiG_9"	1313	"ABRAXAS1"	450	"HiG"
"HiG_9"	1345	"COL2A1"	440.5	"HiG"
"HiG_9"	49	"BNIP3L"	832.5	"HiG"
"HiG_9"	3575	"CNTLN"	186	"HiG"
"HiG_9"	1466	"BNC2"	385.5	"HiG"
"HiG_9"	12	"SERPINB9"	1001.5	"HiG"
"HiG_9"	61	"NKX3-1"	805.5	"HiG"
"HiG_9"	8686	"CER1"	80	"HiG"
"HiG_9"	384	"CEP152"	640	"HiG"
"HiG_9"	75	"RUFY3"	786	"HiG"
"HiG_9"	13306	"IGFBP3"	59	"HiG"
"HiG_9"	52	"NLGN4X"	826	"HiG"
"HiG_9"	606	"PFKP"	571	"HiG"
"HiG_9"	1314	"RCAN1"	449	"HiG"
"HiG_9"	1023	"SLC5A3"	505	"HiG"
"HiG_9"	33	"PTPRD"	875	"HiG"
"HiG_9"	1443	"TECRL"	405.5	"HiG"
"HiG_9"	55	"EXOC1"	819	"HiG"
"HiG_9"	86	"IL6ST"	777	"HiG"
"HiG_9"	90	"CRYZL1"	772	"HiG"
"HiG_9"	21	"COMMD8"	920.5	"HiG"
"HiG_9"	14	"ZMYND11"	984	"HiG"
"HiG_9"	204	"AK3"	699.5	"HiG"
"HiG_9"	1099	"DNAJC21"	488.5	"HiG"
"HiG_9"	603	"NIN"	572.5	"HiG"
"HiG_9"	8372	"TP53BP1"	84	"HiG"
"HiG_9"	11	"LCORL"	1010	"HiG"
"HiG_9"	24	"BAZ1A"	907	"HiG"
"HiG_9"	0	"ARHGAP5"	1333.5	"HiG"
"HiG_9"	0	"FAHD1"	1333.5	"HiG"
"HiG_9"	1154	"MSX1"	482	"HiG"
"HiG_9"	932	"ZMYM5"	522	"HiG"
"HiG_9"	1	"HACD2"	1182	"HiG"
"HiG_9"	0	"GTPBP8"	1333.5	"HiG"
"HiG_9"	759	"TRIM71"	551	"HiG"
"HiG_9"	0	"SH3BP5"	1333.5	"HiG"
"HiG_9"	16	"CCDC174"	963.5	"HiG"
"HiG_9"	0	"GOLM1"	1333.5	"HiG"
"HiG_9"	20	"RUFY2"	929	"HiG"
"HiG_9"	55563	"KRT18"	16	"HiG"
"HiG_9"	1823	"TRIP12"	323	"HiG"
"HiG_9"	0	"SHISAL2B"	1333.5	"HiG"
"HiG_9"	0	"PRTG"	1333.5	"HiG"
"HiG_9"	788	"LAMA1"	543	"HiG"
"HiG_9"	8584	"SQSTM1"	81	"HiG"
"HiG_9"	0	"TMEM87A"	1333.5	"HiG"
"HiG_9"	30	"RNF216"	881.5	"HiG"
"HiG_9"	0	"RTL8A"	1333.5	"HiG"
"HiG_9"	144	"MYADM"	734.5	"HiG"
"HiG_9"	1443	"PPP1R12B"	405.5	"HiG"
"HiG_9"	648	"MYO1B"	563	"HiG"
"HiG_9"	0	"CCDC50"	1333.5	"HiG"
"HiG_9"	5	"TAOK3"	1074.5	"HiG"
"HiG_9"	31	"PDK1"	878.5	"HiG"
"HiG_9"	17	"WASF1"	954	"HiG"
"HiG_9"	1656	"CERS6"	342	"HiG"
"HiG_9"	997	"PRKAR1A"	511	"HiG"
"HiG_9"	202	"CEP112"	702	"HiG"
"HiG_9"	1480	"MLF1"	375.5	"HiG"
"HiG_9"	4721	"IGF1"	139	"HiG"
"HiG_9"	14	"NKAPD1"	984	"HiG"
"HiG_9"	558	"NME2"	584	"HiG"
"HiG_9"	1401	"LGMN"	425	"HiG"
"HiG_9"	49	"SPOP"	832.5	"HiG"
"HiG_9"	2	"SPATA7"	1149	"HiG"
"HiG_9"	4	"DBN1"	1096	"HiG"
"HiG_9"	8450	"GAP43"	82	"HiG"
"HiG_9"	188	"JUP"	706	"HiG"
"HiG_9"	10	"SENP7"	1016.5	"HiG"
"HiG_9"	1887	"NR2F2"	314	"HiG"
"HiG_9"	1289	"ARL13B"	455	"HiG"
"HiG_9"	172	"MT1X"	718	"HiG"
"HiG_9"	32894	"RPL34"	30	"HiG"
"HiG_9"	45	"CCDC66"	844	"HiG"
"HiG_9"	2158	"DMTF1"	285	"HiG"
"HiG_9"	0	"MYLK3"	1333.5	"HiG"
"HiG_9"	1402	"SYNPO2L"	424	"HiG"
"HiG_9"	301	"PPP3CA"	658	"HiG"
"HiG_9"	94	"COL4A6"	768	"HiG"
"HiG_9"	2	"C5orf24"	1149	"HiG"
"HiG_9"	10938	"SPP1"	67	"HiG"
"HiG_9"	0	"LBH"	1333.5	"HiG"
"HiG_9"	811	"CRCP"	541	"HiG"
"HiG_9"	14486	"PPP1CB"	53	"HiG"
"HiG_9"	265	"MFAP4"	672	"HiG"
"HiG_9"	23077	"AFP"	36	"HiG"
"HiG_9"	3417	"CXCL12"	191	"HiG"
"HiG_9"	139	"TNRC6A"	737.5	"HiG"
"HiG_9"	1352	"NAV2"	437	"HiG"
"HiG_9"	48	"MYH11"	837	"HiG"
"HiG_9"	4029	"SOX6"	157	"HiG"
"HiG_9"	2419	"PKIA"	261	"HiG"
"HiG_9"	4	"ARHGAP21"	1096	"HiG"
"HiG_9"	19	"ATF7IP2"	936.5	"HiG"
"HiG_9"	6	"TMEM106B"	1058.5	"HiG"
"HiG_9"	2051	"ATN1"	296	"HiG"
"HiG_9"	786	"ILK"	544	"HiG"
"HiG_9"	123	"TIMM17B"	746	"HiG"
"HiG_9"	73	"ING4"	789.5	"HiG"
"HiG_9"	100	"MOCS2"	760	"HiG"
"HiG_9"	1444	"NFE2L2"	404	"HiG"
"HiG_9"	0	"C7orf50"	1333.5	"HiG"
"HiG_9"	1	"AKAP8L"	1182	"HiG"
"HiG_9"	0	"CNTN4"	1333.5	"HiG"
"HiG_9"	20	"PRMT2"	929	"HiG"
"HiG_9"	39	"POLR3D"	857.5	"HiG"
"HiG_9"	10651	"SH3KBP1"	69	"HiG"
"HiG_9"	473	"HM13"	610.5	"HiG"
"HiG_9"	0	"CGGBP1"	1333.5	"HiG"
"HiG_9"	3875	"CST3"	159	"HiG"
"HiG_9"	1389	"FRMD4B"	427	"HiG"
"HiG_9"	54	"USP34"	822.5	"HiG"
"HiG_9"	14	"GXYLT1"	984	"HiG"
"HiG_9"	858	"HSDL2"	534	"HiG"
"HiG_9"	1348	"COL13A1"	438	"HiG"
"HiG_9"	1345	"C22orf39"	440.5	"HiG"
"HiG_9"	229	"KDM5A"	682.5	"HiG"
"HiG_9"	0	"COLEC12"	1333.5	"HiG"
"HiG_9"	19	"NBEA"	936.5	"HiG"
"HiG_9"	8449	"CCNL2"	83	"HiG"
"HiG_9"	5	"MIER1"	1074.5	"HiG"
"HiG_9"	1000	"RBM33"	510	"HiG"
"HiG_9"	3	"TMEM18"	1121.5	"HiG"
"HiG_9"	18	"NPY"	944	"HiG"
"HiG_9"	783	"IFRD1"	545	"HiG"
"HiG_9"	0	"SELENOM"	1333.5	"HiG"
"HiG_9"	2037	"SLC8A1"	299	"HiG"
"HiG_9"	10	"PCNX4"	1016.5	"HiG"
"HiG_9"	51779	"CDKN1A"	18	"HiG"
"HiG_9"	981	"CHCHD10"	515	"HiG"
"HiG_9"	76	"FAM161A"	784	"HiG"
"HiG_9"	1	"R3HDM2"	1182	"HiG"
"HiG_9"	208	"CEP162"	696	"HiG"
"HiG_9"	3784	"MDK"	169.5	"HiG"
"HiG_9"	892	"HIPK2"	529	"HiG"
"HiG_9"	4	"PTGR1"	1096	"HiG"
"HiG_9"	859	"KIF3A"	533	"HiG"
"HiG_9"	0	"TF"	1333.5	"HiG"
"HiG_9"	61	"RMDN1"	805.5	"HiG"
"HiG_9"	86534	"MYH6"	10	"HiG"
"HiG_9"	1429	"CPE"	414.5	"HiG"
"HiG_9"	0	"SYNC"	1333.5	"HiG"
"HiG_9"	58	"AAK1"	811	"HiG"
"HiG_9"	45	"ZC3H8"	844	"HiG"
"HiG_9"	3286	"CCDC141"	199	"HiG"
"HiG_9"	516	"PBRM1"	599	"HiG"
"HiG_9"	40	"ZC3H6"	854	"HiG"
"HiG_9"	0	"GPATCH11"	1333.5	"HiG"
"HiG_9"	0	"C4orf48"	1333.5	"HiG"
"HiG_9"	5788	"ACTG2"	116	"HiG"
"HiG_9"	1321	"ITGA6"	446	"HiG"
"HiG_9"	1533	"PLD3"	364	"HiG"
"HiG_9"	4087	"PSTPIP2"	155	"HiG"
"HiG_9"	244	"UBE4A"	677.5	"HiG"
"HiG_9"	0	"PCYOX1"	1333.5	"HiG"
"HiG_9"	17	"WDR73"	954	"HiG"
"HiG_9"	1287	"EOMES"	456.5	"HiG"
"HiG_9"	1249	"NSG1"	465	"HiG"
"HiG_9"	9	"SCRN1"	1025	"HiG"
"HiG_9"	88	"CPLANE1"	776	"HiG"
"HiG_9"	19990	"RPL23A"	41	"HiG"
"HiG_9"	0	"NPNT"	1333.5	"HiG"
"HiG_9"	2987	"C12orf65"	221	"HiG"
"HiG_9"	2	"SEPTIN9"	1149	"HiG"
"HiG_9"	146	"PUM1"	732	"HiG"
"HiG_9"	37996	"IGF2"	28	"HiG"
"HiG_9"	14	"PLPP5"	984	"HiG"
"HiG_9"	0	"ARHGAP28"	1333.5	"HiG"
"HiG_9"	4	"CLGN"	1096	"HiG"
"HiG_9"	70072	"RPS18"	12	"HiG"
"HiG_9"	4123	"KIF5C"	153	"HiG"
"HiG_9"	0	"DAP"	1333.5	"HiG"
"HiG_9"	0	"CLK1"	1333.5	"HiG"
"HiG_9"	1429	"CMYA5"	414.5	"HiG"
"HiG_9"	0	"GCA"	1333.5	"HiG"
"HiG_9"	3	"SYTL5"	1121.5	"HiG"
"HiG_9"	5	"ZNF302"	1074.5	"HiG"
"HiG_9"	2736	"ATF5"	239	"HiG"
"HiG_9"	0	"BLCAP"	1333.5	"HiG"
"HiG_9"	426	"RGS4"	626	"HiG"
"HiG_9"	67	"LRRN3"	795.5	"HiG"
"HiG_9"	1472	"TSC22D1"	382	"HiG"
"HiG_9"	7707	"TMA7"	90	"HiG"
"HiG_9"	72	"LPIN1"	791	"HiG"
"HiG_9"	1465	"HIGD1A"	387	"HiG"
"HiG_9"	15	"ZBED5"	972.5	"HiG"
"HiG_9"	6	"LIFR"	1058.5	"HiG"
"HiG_9"	1682	"CALCOCO2"	339	"HiG"
"HiG_9"	11306	"CCN1"	65	"HiG"
"HiG_9"	921	"PHF21A"	524	"HiG"
"HiG_9"	48	"CDK12"	837	"HiG"
"HiG_9"	1473	"HLA-B"	379.5	"HiG"
"HiG_9"	4222	"MXRA8"	150	"HiG"
"HiG_9"	1503	"MBIP"	371	"HiG"
"HiG_9"	0	"NBEAL1"	1333.5	"HiG"
"HiG_9"	1	"ASRGL1"	1182	"HiG"
"HiG_9"	36	"NDUFAF8"	866	"HiG"
"HiG_9"	0	"CMTM3"	1333.5	"HiG"
"HiG_9"	3	"PENK"	1121.5	"HiG"
"HiG_9"	3857	"FSIP2"	161	"HiG"
"HiG_9"	2821	"LDB3"	235	"HiG"
"HiG_9"	8902	"MYOCD"	78	"HiG"
"HiG_9"	507	"TNRC6B"	603	"HiG"
"HiG_9"	0	"WEE1"	1333.5	"HiG"
"HiG_9"	0	"SAMD3"	1333.5	"HiG"
"HiG_9"	3328	"RUNX1T1"	196	"HiG"
"HiG_9"	2	"CLSTN2"	1149	"HiG"
"HiG_9"	2359	"ANKRD36C"	268	"HiG"
"HiG_9"	1	"C11orf74"	1182	"HiG"
"HiG_9"	0	"C15orf40"	1333.5	"HiG"
"HiG_9"	421	"IFT74"	629	"HiG"
"HiG_9"	327	"PHLDB2"	651	"HiG"
"HiG_9"	1419	"TBL1XR1"	417.5	"HiG"
"HiG_9"	6	"CLMP"	1058.5	"HiG"
"HiG_9"	2	"EPM2AIP1"	1149	"HiG"
"HiG_9"	68	"TCEA3"	794	"HiG"
"HiG_9"	0	"USP46"	1333.5	"HiG"
"HiG_9"	6585	"DCTN2"	99	"HiG"
"HiG_9"	0	"TBRG1"	1333.5	"HiG"
"HiG_9"	1323	"ANO6"	445	"HiG"
"HiG_9"	1732	"HERPUD1"	336	"HiG"
"HiG_9"	0	"USP53"	1333.5	"HiG"
"HiG_9"	2119	"VEZT"	291	"HiG"
"HiG_9"	0	"FNDC3B"	1333.5	"HiG"
"HiG_9"	3783	"GABARAPL1"	171.5	"HiG"
"HiG_9"	18	"MARK3"	944	"HiG"
"HiG_9"	0	"MPST"	1333.5	"HiG"
"HiG_9"	0	"OSBPL9"	1333.5	"HiG"
"HiG_9"	3	"FKBP7"	1121.5	"HiG"
"HiG_9"	14177	"RPL10"	54	"HiG"
"HiG_9"	0	"KIAA1324L"	1333.5	"HiG"
"HiG_9"	98	"FNBP1"	762.5	"HiG"
"HiG_9"	221	"CDKN1C"	688	"HiG"
"HiG_9"	0	"RCOR3"	1333.5	"HiG"
"HiG_9"	219	"MID1"	689	"HiG"
"HiG_9"	1012	"SERPINA1"	506.5	"HiG"
"HiG_9"	3539	"DDX39B"	189	"HiG"
"HiG_9"	1911	"SLC2A1"	310	"HiG"
"HiG_9"	3059	"TGFBI"	212	"HiG"
"HiG_9"	226	"NME6"	684	"HiG"
"HiG_9"	34	"RECQL"	873	"HiG"
"HiG_9"	7	"HOXB3"	1043.5	"HiG"
"HiG_9"	26	"ROBO2"	896.5	"HiG"
"HiG_9"	535	"ATP6V1F"	592	"HiG"
"HiG_9"	0	"IAH1"	1333.5	"HiG"
"HiG_9"	12	"RARRES2"	1001.5	"HiG"
"HiG_9"	3	"SPRR2F"	1121.5	"HiG"
"HiG_9"	1407	"CIAO1"	421	"HiG"
"HiG_9"	35	"MME"	870	"HiG"
"HiG_9"	58	"VAMP2"	811	"HiG"
"HiG_9"	353	"ADAMTS9"	647	"HiG"
"HiG_9"	2	"SELENOK"	1149	"HiG"
"HiG_9"	29084	"BRCA1"	31	"HiG"
"HiG_9"	0	"LSAMP"	1333.5	"HiG"
"HiG_9"	224	"PRKRIP1"	685	"HiG"
"HiG_9"	17	"POU5F1B"	954	"HiG"
"HiG_9"	55	"AZI2"	819	"HiG"
"HiG_9"	4	"C1orf52"	1096	"HiG"
"HiG_9"	1653	"WWTR1"	343.5	"HiG"
"HiG_9"	327	"KLF6"	651	"HiG"
"HiG_9"	9	"GSTA2"	1025	"HiG"
"HiG_9"	17	"CD200"	954	"HiG"
"HiG_9"	0	"OARD1"	1333.5	"HiG"
"HiG_9"	0	"TIPARP"	1333.5	"HiG"
"HiG_9"	0	"ATP5MGL"	1333.5	"HiG"
"HiG_9"	7	"XRCC4"	1043.5	"HiG"
"HiG_9"	272	"ANAPC13"	665.5	"HiG"
"HiG_9"	0	"ZNF827"	1333.5	"HiG"
"HiG_9"	0	"HMGXB3"	1333.5	"HiG"
"HiG_9"	4383	"SLIT2"	147	"HiG"
"HiG_9"	27	"ZCCHC10"	890.5	"HiG"
"HiG_9"	2	"TUSC3"	1149	"HiG"
"HiG_9"	92	"FBN2"	769.5	"HiG"
"HiG_9"	137	"NEK1"	740	"HiG"
"HiG_9"	4661	"AMOTL2"	140	"HiG"
"HiG_9"	197	"PALLD"	704	"HiG"
"HiG_9"	1364	"LIMCH1"	433	"HiG"
"HiG_9"	1562	"PGM3"	360	"HiG"
"HiG_9"	1229	"CAMK2D"	472	"HiG"
"HiG_9"	9018	"SELENOP"	76	"HiG"
"HiG_9"	2088	"CRIP2"	293	"HiG"
"HiG_9"	0	"SERINC5"	1333.5	"HiG"
"HiG_9"	21	"ERBIN"	920.5	"HiG"
"HiG_9"	0	"WNT8A"	1333.5	"HiG"
"HiG_9"	14	"ZFYVE16"	984	"HiG"
"HiG_9"	19	"RIMS2"	936.5	"HiG"
"HiG_9"	0	"TNFAIP8"	1333.5	"HiG"
"HiG_9"	2750	"WDR1"	238	"HiG"
"HiG_9"	1403	"GYPB"	422.5	"HiG"
"HiG_9"	2397	"WWP1"	262	"HiG"
"HiG_9"	17	"CCDC160"	954	"HiG"
"HiG_9"	6486	"PIK3R1"	103	"HiG"
"HiG_9"	575	"SDCBP"	579	"HiG"
"HiG_9"	1828	"CETN3"	321	"HiG"
"HiG_9"	65	"LEPROTL1"	799.5	"HiG"
"HiG_9"	2	"VASH2"	1149	"HiG"
"HiG_9"	578	"ANGPT1"	578	"HiG"
"HiG_9"	1463	"RIMS1"	389	"HiG"
"HiG_9"	682	"ST3GAL1"	557	"HiG"
"HiG_9"	98	"LY6E"	762.5	"HiG"
"HiG_9"	22	"STAU2"	913.5	"HiG"
"HiG_9"	95	"RNF19A"	766.5	"HiG"
"HiG_9"	1659	"UBR5"	341	"HiG"
"HiG_9"	49	"SLC25A37"	832.5	"HiG"
"HiG_9"	3231	"STMN2"	200	"HiG"
"HiG_9"	27	"FAM92A"	890.5	"HiG"
"HiG_9"	16	"STK3"	963.5	"HiG"
"HiG_9"	6	"ASAP1"	1058.5	"HiG"
"HiG_9"	1	"LYRM2"	1182	"HiG"
"HiG_9"	1587	"GABRP"	357	"HiG"
"HiG_9"	1	"GSTK1"	1182	"HiG"
"HiG_9"	0	"CSRP3"	1333.5	"HiG"
"HiG_9"	3	"SPA17"	1121.5	"HiG"
"HiG_9"	15	"MEX3A"	972.5	"HiG"
"HiG_9"	67	"RNPC3"	795.5	"HiG"
"HiG_9"	3229	"RGS5"	201	"HiG"
"HiG_9"	2955	"CRYAB"	223	"HiG"
"HiG_9"	1012	"H2AFX"	506.5	"HiG"
"HiG_9"	111	"TEAD1"	752.5	"HiG"
"HiG_9"	0	"SLN"	1333.5	"HiG"
"HiG_9"	1446	"CCKBR"	403	"HiG"
"HiG_9"	423	"GATA4"	628	"HiG"
"HiG_9"	0	"TP53I11"	1333.5	"HiG"
"HiG_9"	152	"CCS"	726	"HiG"
"HiG_9"	25	"ADM"	902	"HiG"
"HiG_9"	771	"DICER1"	548	"HiG"
"HiG_9"	13252	"ENO2"	60	"HiG"
"HiG_9"	4	"TOMM5"	1096	"HiG"
"HiG_9"	425	"H2AFJ"	627	"HiG"
"HiG_9"	4136	"PIAS1"	152	"HiG"
"HiG_9"	14	"ACADVL"	984	"HiG"
"HiG_9"	0	"MTRNR2L8"	1333.5	"HiG"
"HiG_9"	1046	"ATP2A2"	501	"HiG"
"HiG_9"	0	"ZNF124"	1333.5	"HiG"
"HiG_9"	2288	"ATF7IP"	274	"HiG"
"HiG_9"	4408	"CHD4"	146	"HiG"
"HiG_9"	11	"EVI5"	1010	"HiG"
"HiG_9"	2491	"PCDH7"	257	"HiG"
"HiG_9"	0	"FNDC3A"	1333.5	"HiG"
"HiG_9"	0	"SESN3"	1333.5	"HiG"
"HiG_9"	0	"RBM19"	1333.5	"HiG"
"HiG_9"	1353	"C12orf43"	436	"HiG"
"HiG_9"	558	"CAND1"	584	"HiG"
"HiG_9"	0	"FXYD6"	1333.5	"HiG"
"HiG_9"	0	"MYBPC3"	1333.5	"HiG"
"HiG_9"	269	"RSPRY1"	668.5	"HiG"
"HiG_9"	1476	"LYRM4"	378	"HiG"
"HiG_9"	19	"CITED2"	936.5	"HiG"
"HiG_9"	496	"OTUB1"	605	"HiG"
"HiG_9"	20	"DENND5B"	929	"HiG"
"HiG_9"	54	"CNOT4"	822.5	"HiG"
"HiG_9"	0	"BCL7A"	1333.5	"HiG"
"HiG_9"	20	"MMAB"	929	"HiG"
"HiG_9"	52548	"VIM"	17	"HiG"
"HiG_9"	1249	"TUBGCP2"	465	"HiG"
"HiG_9"	1	"RBMXL1"	1182	"HiG"
"HiG_9"	4	"BAZ2A"	1096	"HiG"
"HiG_9"	0	"APPL2"	1333.5	"HiG"
"HiG_9"	1151	"RAB3IP"	483	"HiG"
"HiG_9"	355	"TBC1D15"	646	"HiG"
"HiG_9"	0	"SPATS2"	1333.5	"HiG"
"HiG_9"	1	"C12orf75"	1182	"HiG"
"HiG_9"	5897	"DDIT3"	113	"HiG"
"HiG_9"	2055	"RPL41"	295	"HiG"
"HiG_9"	0	"MAP3K12"	1333.5	"HiG"
"HiG_9"	50145	"KRT8"	21	"HiG"
"HiG_9"	0	"TMEM263"	1333.5	"HiG"
"HiG_9"	33	"ALDH6A1"	875	"HiG"
"HiG_9"	193	"NEDD1"	705	"HiG"
"HiG_9"	21	"UBE2J1"	920.5	"HiG"
"HiG_9"	1	"DMAC2L"	1182	"HiG"
"HiG_9"	9	"PRAF2"	1025	"HiG"
"HiG_9"	21	"MINDY2"	920.5	"HiG"
"HiG_9"	3330	"MEF2A"	195	"HiG"
"HiG_9"	222	"LRRC49"	687	"HiG"
"HiG_9"	1934	"TLN2"	307	"HiG"
"HiG_9"	1592	"MEIS2"	356	"HiG"
"HiG_9"	0	"SECISBP2L"	1333.5	"HiG"
"HiG_9"	2	"SCAPER"	1149	"HiG"
"HiG_9"	1169	"DOK4"	480	"HiG"
"HiG_9"	0	"TMEM219"	1333.5	"HiG"
"HiG_9"	229	"SLC25A24"	682.5	"HiG"
"HiG_9"	3	"LITAF"	1121.5	"HiG"
"HiG_9"	123	"RAB31"	746	"HiG"
"HiG_9"	1437	"TXNIP"	411	"HiG"
"HiG_9"	210	"NCOA4"	695	"HiG"
"HiG_9"	5	"TMEM98"	1074.5	"HiG"
"HiG_9"	0	"RPL17"	1333.5	"HiG"
"HiG_9"	274	"IFT20"	664	"HiG"
"HiG_9"	15928	"RPS15"	51	"HiG"
"HiG_9"	0	"CEBPG"	1333.5	"HiG"
"HiG_9"	138282	"TTN"	1	"HiG"
"HiG_9"	0	"NMT1"	1333.5	"HiG"
"HiG_9"	65	"MICOS13"	799.5	"HiG"
"HiG_9"	6325	"PET100"	104	"HiG"
"HiG_9"	3784	"RPS28"	169.5	"HiG"
"HiG_9"	0	"ZNF83"	1333.5	"HiG"
"HiG_9"	1047	"NELFCD"	500	"HiG"
"HiG_9"	0	"MFSD14C"	1333.5	"HiG"
"HiG_9"	56	"UBE2E3"	815	"HiG"
"HiG_9"	37	"DNAJC3"	862.5	"HiG"
"HiG_9"	1485	"APLNR"	373	"HiG"
"HiG_9"	19	"TM2D1"	936.5	"HiG"
"HiG_9"	827	"RPAP2"	539	"HiG"
"HiG_9"	0	"PPM1K"	1333.5	"HiG"
"HiG_9"	1	"SCOC"	1182	"HiG"
"HiG_9"	523	"LHX1"	594	"HiG"
"HiG_9"	0	"TOX4"	1333.5	"HiG"
"HiG_9"	150	"CWC25"	729	"HiG"
"HiG_9"	5633	"CYP1B1"	119	"HiG"
"HiG_9"	3688	"DDX6"	177	"HiG"
"HiG_9"	3365	"LTN1"	192	"HiG"
"HiG_9"	2124	"RPP38"	289	"HiG"
"HiG_9"	0	"JAKMIP2"	1333.5	"HiG"
"HiG_9"	2181	"CLIP1"	283	"HiG"
"HiG_9"	2523	"CAB39L"	254	"HiG"
"HiG_9"	4	"NMRK2"	1096	"HiG"
"HiG_9"	2122	"NCAM1"	290	"HiG"
"HiG_9"	6575	"PDLIM5"	100	"HiG"
"HiG_9"	16	"CDC42EP3"	963.5	"HiG"
"HiG_9"	0	"PKIB"	1333.5	"HiG"
"HiG_9"	2	"CHST9"	1149	"HiG"
"HiG_9"	2510	"ANKRD36B"	256	"HiG"
"HiG_9"	0	"SPRY1"	1333.5	"HiG"
"HiG_9"	4	"FAM13C"	1096	"HiG"
"HiG_9"	139	"MED6"	737.5	"HiG"
"HiG_9"	6559	"NEFL"	101	"HiG"
"HiG_9"	207	"CGA"	697	"HiG"
"HiG_9"	1240	"MGST2"	468.5	"HiG"
"HiG_9"	0	"SYNRG"	1333.5	"HiG"
"HiG_9"	3	"LEPROT"	1121.5	"HiG"
"HiG_9"	0	"USP27X"	1333.5	"HiG"
"HiG_9"	1458	"SSBP2"	395.5	"HiG"
"HiG_9"	0	"FAM200B"	1333.5	"HiG"
"HiG_9"	0	"SERPINB6"	1333.5	"HiG"
"HiG_9"	0	"PPP1R2"	1333.5	"HiG"
"HiG_9"	0	"APELA"	1333.5	"HiG"
"HiG_9"	538	"IFITM2"	591	"HiG"
"HiG_9"	6686	"FOXP1"	96	"HiG"
"HiG_9"	5	"PIGBOS1"	1074.5	"HiG"
"HiG_9"	765	"DOCK1"	549	"HiG"
"HiG_9"	3	"ZNF518A"	1121.5	"HiG"
"HiG_9"	1480	"SMIM7"	375.5	"HiG"
"HiG_9"	0	"FARP1"	1333.5	"HiG"
"HiG_9"	27	"PPIP5K2"	890.5	"HiG"
"HiG_9"	1873	"TCF7L2"	317.5	"HiG"
"HiG_9"	2669	"COBLL1"	243	"HiG"
"HiG_9"	315	"ZEB2"	656	"HiG"
"HiG_9"	0	"NCBP2AS2"	1333.5	"HiG"
"HiG_9"	0	"CELF2"	1333.5	"HiG"
"HiG_9"	1652	"PON2"	345	"HiG"
"HiG_9"	4	"BAG1"	1096	"HiG"
"HiG_9"	1403	"LPP"	422.5	"HiG"
"HiG_9"	3	"MICU1"	1121.5	"HiG"
"HiG_9"	1433	"ZFHX3"	413	"HiG"
"HiG_9"	364	"VPS13C"	645	"HiG"
"HiG_9"	2531	"AL136454.1"	253	"HiG"
"HiG_9"	12	"EFNB2"	1001.5	"HiG"
"HiG_9"	973	"HNRNPA1P48"	516	"HiG"
"HiG_9"	0	"FOXC1"	1333.5	"HiG"
"HiG_9"	700	"RPGRIP1L"	554	"HiG"
"HiG_9"	878	"SUCLA2"	531	"HiG"
"HiG_9"	13650	"PITX2"	57	"HiG"
"HiG_9"	0	"CCDC82"	1333.5	"HiG"
"HiG_9"	129102	"CTNNB1"	2	"HiG"
"HiG_9"	1451	"SPG7"	401.5	"HiG"
"HiG_9"	31	"TRPM7"	878.5	"HiG"
"HiG_9"	15	"TRIOBP"	972.5	"HiG"
"HiG_9"	49	"TCEAL9"	832.5	"HiG"
"HiG_9"	0	"SEMA3E"	1333.5	"HiG"
"HiG_9"	18	"CHAMP1"	944	"HiG"
"HiG_9"	2834	"ISG15"	233	"HiG"
"HiG_9"	168	"LRP2"	720.5	"HiG"
"HiG_9"	0	"CCBE1"	1333.5	"HiG"
"HiG_9"	12	"ENOSF1"	1001.5	"HiG"
"HiG_9"	1360	"GNAI1"	434	"HiG"
"HiG_9"	0	"INPP5F"	1333.5	"HiG"
"HiG_9"	35	"BMPER"	870	"HiG"
"HiG_9"	153	"FGA"	724	"HiG"
"HiG_9"	845	"ANKRD36"	537	"HiG"
"HiG_9"	4	"ZFHX4"	1096	"HiG"
"HiG_9"	899	"FHL1"	527.5	"HiG"
"HiG_9"	10	"BICD1"	1016.5	"HiG"
"HiG_9"	0	"GREM1"	1333.5	"HiG"
"HiG_9"	40	"MED19"	854	"HiG"
"HiG_9"	187	"KRI1"	707	"HiG"
"HiG_9"	19757	"RPS27"	42	"HiG"
"HiG_9"	168	"EIF3L"	720.5	"HiG"
"HiG_9"	0	"GPRC5C"	1333.5	"HiG"
"HiG_9"	3	"ENC1"	1121.5	"HiG"
"HiG_9"	12	"ERCC6L2"	1001.5	"HiG"
"HiG_9"	20	"SDF4"	929	"HiG"
"HiG_9"	1441	"MYL3"	407.5	"HiG"
"HiG_9"	2392	"PIN4"	263	"HiG"
"HiG_9"	385	"MANF"	639	"HiG"
"HiG_9"	61738	"TNNT2"	14	"HiG"
"HiG_9"	406	"JAK1"	634	"HiG"
"HiG_9"	9	"ARSE"	1025	"HiG"
"HiG_9"	1729	"OTX2"	337	"HiG"
"HiG_9"	3670	"SNCA"	179	"HiG"
"HiG_10"	0	"RPL19"	55	"HiG"
"HiG_10"	0	"CTSC"	55	"HiG"
"HiG_10"	37	"RPS12"	20	"HiG"
"HiG_10"	161	"TUBB2B"	6	"HiG"
"HiG_10"	0	"EPCAM"	55	"HiG"
"HiG_10"	12	"PCDH10"	28.5	"HiG"
"HiG_10"	0	"GAL"	55	"HiG"
"HiG_10"	0	"RPS11"	55	"HiG"
"HiG_10"	1	"SFRP2"	37.5	"HiG"
"HiG_10"	1	"RPL37"	37.5	"HiG"
"HiG_10"	61	"RPS3"	16	"HiG"
"HiG_10"	0	"CBR1"	55	"HiG"
"HiG_10"	68	"TDGF1"	13.5	"HiG"
"HiG_10"	0	"RPS23"	55	"HiG"
"HiG_10"	0	"ATP5PD"	55	"HiG"
"HiG_10"	18	"RPL13"	25.5	"HiG"
"HiG_10"	49	"EEF2"	19	"HiG"
"HiG_10"	1	"RPL38"	37.5	"HiG"
"HiG_10"	0	"PABPC1"	55	"HiG"
"HiG_10"	0	"RPS15A"	55	"HiG"
"HiG_10"	0	"PKM"	55	"HiG"
"HiG_10"	0	"PMAIP1"	55	"HiG"
"HiG_10"	33	"IFITM1"	21	"HiG"
"HiG_10"	3	"DPPA4"	34	"HiG"
"HiG_10"	0	"HSPD1"	55	"HiG"
"HiG_10"	0	"RPL27A"	55	"HiG"
"HiG_10"	24	"RPLP1"	24	"HiG"
"HiG_10"	0	"TOMM7"	55	"HiG"
"HiG_10"	0	"RPL12"	55	"HiG"
"HiG_10"	77	"CNTNAP2"	12	"HiG"
"HiG_10"	68	"BNIP3"	13.5	"HiG"
"HiG_10"	0	"PGM1"	55	"HiG"
"HiG_10"	0	"RPL7A"	55	"HiG"
"HiG_10"	270	"PGK1"	3	"HiG"
"HiG_10"	0	"RPS4X"	55	"HiG"
"HiG_10"	7	"ID3"	30.5	"HiG"
"HiG_10"	0	"ID1"	55	"HiG"
"HiG_10"	67	"RPS16"	15	"HiG"
"HiG_10"	57	"TUBB2A"	18	"HiG"
"HiG_10"	128	"RPS6"	9	"HiG"
"HiG_10"	84	"RPL13A"	11	"HiG"
"HiG_10"	0	"RPS8"	55	"HiG"
"HiG_10"	893	"GAPDH"	1	"HiG"
"HiG_10"	139	"IFITM3"	8	"HiG"
"HiG_10"	0	"RPS14"	55	"HiG"
"HiG_10"	6	"RPL31"	32	"HiG"
"HiG_10"	183	"RPS18"	5	"HiG"
"HiG_10"	0	"HMGA1"	55	"HiG"
"HiG_10"	0	"SERPINE2"	55	"HiG"
"HiG_10"	58	"RPL32"	17	"HiG"
"HiG_10"	26	"RPL37A"	23	"HiG"
"HiG_10"	146	"L1TD1"	7	"HiG"
"HiG_10"	184	"RPL23"	4	"HiG"
"HiG_10"	0	"RPL30"	55	"HiG"
"HiG_10"	0	"RPLP2"	55	"HiG"
"HiG_10"	5	"RPS13"	33	"HiG"
"HiG_10"	2	"LDHA"	35	"HiG"
"HiG_10"	504	"RPLP0"	2	"HiG"
"HiG_10"	32	"RPL28"	22	"HiG"
"HiG_10"	16	"ACTG1"	27	"HiG"
"HiG_10"	7	"RPL26"	30.5	"HiG"
"HiG_10"	0	"RPL36"	55	"HiG"
"HiG_10"	12	"RPL27"	28.5	"HiG"
"HiG_10"	18	"RPS19"	25.5	"HiG"
"HiG_10"	0	"RPS5"	55	"HiG"
"HiG_10"	0	"NAP1L1"	55	"HiG"
"HiG_10"	127	"ENO1"	10	"HiG"
"HiG_10"	0	"RPL35A"	55	"HiG"
"HiG_10"	1	"RPL11"	37.5	"HiG"
"HiG_10"	0	"RPS17"	55	"HiG"
"HiG_endoderm"	0	"SLC2A3"	32	"HiG"
"HiG_endoderm"	0	"LAMB1"	32	"HiG"
"HiG_endoderm"	0	"TMSB10"	32	"HiG"
"HiG_endoderm"	93	"APOA1"	6	"HiG"
"HiG_endoderm"	135	"TTR"	3	"HiG"
"HiG_endoderm"	7	"APOE"	19	"HiG"
"HiG_endoderm"	5	"TBX3"	20	"HiG"
"HiG_endoderm"	33	"EPCAM"	13	"HiG"
"HiG_endoderm"	122	"CDH2"	4	"HiG"
"HiG_endoderm"	1	"HHEX"	21	"HiG"
"HiG_endoderm"	26	"CKB"	15	"HiG"
"HiG_endoderm"	0	"PPFIBP2"	32	"HiG"
"HiG_endoderm"	0	"SPINT2"	32	"HiG"
"HiG_endoderm"	0	"EPSTI1"	32	"HiG"
"HiG_endoderm"	0	"FLRT3"	32	"HiG"
"HiG_endoderm"	20	"DLK1"	17	"HiG"
"HiG_endoderm"	0	"FAM184A"	32	"HiG"
"HiG_endoderm"	0	"FGD6"	32	"HiG"
"HiG_endoderm"	161	"FN1"	2	"HiG"
"HiG_endoderm"	0	"ADD3"	32	"HiG"
"HiG_endoderm"	176	"KRT19"	1	"HiG"
"HiG_endoderm"	25	"APOA2"	16	"HiG"
"HiG_endoderm"	0	"IFI16"	32	"HiG"
"HiG_endoderm"	90	"S100A14"	8	"HiG"
"HiG_endoderm"	35	"S100A16"	10	"HiG"
"HiG_endoderm"	62	"ANKRD1"	9	"HiG"
"HiG_endoderm"	0	"ID3"	32	"HiG"
"HiG_endoderm"	33	"ID1"	13	"HiG"
"HiG_endoderm"	107	"GATA3"	5	"HiG"
"HiG_endoderm"	33	"RHOBTB3"	13	"HiG"
"HiG_endoderm"	0	"TTC3"	32	"HiG"
"HiG_endoderm"	0	"S100A13"	32	"HiG"
"HiG_endoderm"	0	"SERPINE2"	32	"HiG"
"HiG_endoderm"	0	"PEG10"	32	"HiG"
"HiG_endoderm"	0	"RGS5"	32	"HiG"
"HiG_endoderm"	0	"CCKBR"	32	"HiG"
"HiG_endoderm"	92	"KRT8"	7	"HiG"
"HiG_endoderm"	0	"APOC1"	32	"HiG"
"HiG_endoderm"	8	"CD24"	18	"HiG"
"HiG_endoderm"	0	"MGST2"	32	"HiG"
"HiG_endoderm"	0	"APELA"	32	"HiG"
"HiG_endoderm"	34	"TPM3"	11	"HiG"
"HiG_12"	0	"APOC3"	15	"HiG"
"HiG_12"	0	"MGP"	15	"HiG"
"HiG_12"	4	"APOB"	7	"HiG"
"HiG_12"	33	"GDF15"	3	"HiG"
"HiG_12"	0	"RSPO2"	15	"HiG"
"HiG_12"	27	"ALB"	4	"HiG"
"HiG_12"	0	"SPINK1"	15	"HiG"
"HiG_12"	16	"SOST"	6	"HiG"
"HiG_12"	0	"FGB"	15	"HiG"
"HiG_12"	0	"FGG"	15	"HiG"
"HiG_12"	0	"FYB2"	15	"HiG"
"HiG_12"	0	"MYH7"	15	"HiG"
"HiG_12"	45	"RBP4"	2	"HiG"
"HiG_12"	67	"IGF1"	1	"HiG"
"HiG_12"	0	"LUC7L3"	15	"HiG"
"HiG_12"	0	"TF"	15	"HiG"
"HiG_12"	0	"SERPINA1"	15	"HiG"
"HiG_12"	0	"GSTA2"	15	"HiG"
"HiG_12"	0	"GABRP"	15	"HiG"
"HiG_12"	23	"TTN"	5	"HiG"
"HiG_12"	0	"PNISR"	15	"HiG"
"HiG_12"	0	"FGA"	15	"HiG"
"HiGCTS_muscle"	0	"CAP2"	14	"HiGCTS"
"HiGCTS_muscle"	16	"FILIP1"	4	"HiGCTS"
"HiGCTS_muscle"	0	"HSPB1"	14	"HiGCTS"
"HiGCTS_muscle"	0	"CNN1"	14	"HiGCTS"
"HiGCTS_muscle"	0	"CDH2"	14	"HiGCTS"
"HiGCTS_muscle"	4	"MYL9"	6	"HiGCTS"
"HiGCTS_muscle"	51	"PDLIM3"	2	"HiGCTS"
"HiGCTS_muscle"	1	"ACTC1"	7	"HiGCTS"
"HiGCTS_muscle"	0	"NEXN"	14	"HiGCTS"
"HiGCTS_muscle"	0	"PDLIM7"	14	"HiGCTS"
"HiGCTS_muscle"	0	"MAP4"	14	"HiGCTS"
"HiGCTS_muscle"	45	"ACTA1"	3	"HiGCTS"
"HiGCTS_muscle"	0	"LMOD1"	14	"HiGCTS"
"HiGCTS_muscle"	7	"NES"	5	"HiGCTS"
"HiGCTS_muscle"	0	"ANKRD1"	14	"HiGCTS"
"HiGCTS_muscle"	0	"PALM2-AKAP2"	14	"HiGCTS"
"HiGCTS_muscle"	0	"NPPB"	14	"HiGCTS"
"HiGCTS_muscle"	0	"PDLIM5"	14	"HiGCTS"
"HiGCTS_muscle"	0	"CDC42EP3"	14	"HiGCTS"
"HiGCTS_muscle"	61	"TNNT2"	1	"HiGCTS"
"HiGCTS_endoderm"	2	"APOA1"	2	"HiGCTS"
"HiGCTS_endoderm"	4	"TTR"	1	"HiGCTS"
"HiGCTS_endoderm"	0	"APOE"	5	"HiGCTS"
"HiGCTS_endoderm"	0	"SPINT2"	5	"HiGCTS"
"HiGCTS_endoderm"	0	"APOA2"	5	"HiGCTS"
"HiGCTS_endoderm"	0	"APOC1"	5	"HiGCTS"
"HiGCTS_endoderm"	0	"MGST2"	5	"HiGCTS"
"HiGCTS_CP"	0	"NID2"	18.5	"HiGCTS"
"HiGCTS_CP"	0	"SFRP1"	18.5	"HiGCTS"
"HiGCTS_CP"	0	"CCNI"	18.5	"HiGCTS"
"HiGCTS_CP"	0	"PRRX1"	18.5	"HiGCTS"
"HiGCTS_CP"	55	"BMP4"	2	"HiGCTS"
"HiGCTS_CP"	16	"KDM6B"	5.5	"HiGCTS"
"HiGCTS_CP"	73	"PDGFRA"	1	"HiGCTS"
"HiGCTS_CP"	0	"CTSV"	18.5	"HiGCTS"
"HiGCTS_CP"	0	"LIX1"	18.5	"HiGCTS"
"HiGCTS_CP"	0	"SERPING1"	18.5	"HiGCTS"
"HiGCTS_CP"	0	"TMSB15A"	18.5	"HiGCTS"
"HiGCTS_CP"	0	"TMEM88"	18.5	"HiGCTS"
"HiGCTS_CP"	0	"CCDC34"	18.5	"HiGCTS"
"HiGCTS_CP"	16	"HOXB2"	5.5	"HiGCTS"
"HiGCTS_CP"	0	"FIGN"	18.5	"HiGCTS"
"HiGCTS_CP"	0	"HEY1"	18.5	"HiGCTS"
"HiGCTS_CP"	0	"ARL4C"	18.5	"HiGCTS"
"HiGCTS_CP"	0	"EMP2"	18.5	"HiGCTS"
"HiGCTS_CP"	0	"CREG1"	18.5	"HiGCTS"
"HiGCTS_CP"	0	"PBX3"	18.5	"HiGCTS"
"HiGCTS_CP"	16	"LGR4"	5.5	"HiGCTS"
"HiGCTS_CP"	0	"ARHGAP28"	18.5	"HiGCTS"
"HiGCTS_CP"	0	"RGS4"	18.5	"HiGCTS"
"HiGCTS_CP"	0	"HOXB3"	18.5	"HiGCTS"
"HiGCTS_CP"	16	"RGS5"	5.5	"HiGCTS"
"HiGCTS_CP"	45	"VIM"	3	"HiGCTS"
"HiGCTS_CP"	0	"TXNIP"	18.5	"HiGCTS"
"HiGCTS_CP"	0	"PRXL2A"	18.5	"HiGCTS"
"HiGCTS_CP"	0	"CCBE1"	18.5	"HiGCTS"
"HiGCTS_CP.1"	0	"SLC7A2"	19	"HiGCTS"
"HiGCTS_CP.1"	48	"ISL1"	2	"HiGCTS"
"HiGCTS_CP.1"	0	"SLC40A1"	19	"HiGCTS"
"HiGCTS_CP.1"	118	"FGF10"	1	"HiGCTS"
"HiGCTS_CP.1"	0	"MEIS1"	19	"HiGCTS"
"HiGCTS_CP.1"	35	"HAPLN1"	4	"HiGCTS"
"HiGCTS_CP.1"	18	"NTRK2"	7.5	"HiGCTS"
"HiGCTS_CP.1"	26	"DUSP6"	6	"HiGCTS"
"HiGCTS_CP.1"	0	"LRRTM1"	19	"HiGCTS"
"HiGCTS_CP.1"	42	"HAS2"	3	"HiGCTS"
"HiGCTS_CP.1"	0	"ZNF608"	19	"HiGCTS"
"HiGCTS_CP.1"	18	"H1F0"	7.5	"HiGCTS"
"HiGCTS_CP.1"	0	"FYB2"	19	"HiGCTS"
"HiGCTS_CP.1"	0	"WLS"	19	"HiGCTS"
"HiGCTS_CP.1"	2	"HAND2"	10	"HiGCTS"
"HiGCTS_CP.1"	0	"FAM89A"	19	"HiGCTS"
"HiGCTS_CP.1"	0	"IFI16"	19	"HiGCTS"
"HiGCTS_CP.1"	4	"BMP5"	9	"HiGCTS"
"HiGCTS_CP.1"	0	"ID1"	19	"HiGCTS"
"HiGCTS_CP.1"	0	"RHOBTB3"	19	"HiGCTS"
"HiGCTS_CP.1"	0	"NKX3-1"	19	"HiGCTS"
"HiGCTS_CP.1"	0	"PRTG"	19	"HiGCTS"
"HiGCTS_CP.1"	0	"LAMA1"	19	"HiGCTS"
"HiGCTS_CP.1"	0	"CLGN"	19	"HiGCTS"
"HiGCTS_CP.1"	0	"PTPN13"	19	"HiGCTS"
"HiGCTS_CP.1"	34	"CITED2"	5	"HiGCTS"
"HiGCTS_CP.1"	0	"BMPER"	19	"HiGCTS"
"CTS_muscle"	0	"FAM13B"	45	"CTS"
"CTS_muscle"	0	"CAP2"	45	"CTS"
"CTS_muscle"	49	"FILIP1"	17.5	"CTS"
"CTS_muscle"	59	"HSPB1"	11	"CTS"
"CTS_muscle"	50	"CNN1"	14	"CTS"
"CTS_muscle"	0	"MATN2"	45	"CTS"
"CTS_muscle"	1	"RTL8C"	27.5	"CTS"
"CTS_muscle"	0	"RHEB"	45	"CTS"
"CTS_muscle"	0	"POPDC2"	45	"CTS"
"CTS_muscle"	0	"UNC45B"	45	"CTS"
"CTS_muscle"	100	"CDH2"	7	"CTS"
"CTS_muscle"	0	"ABLIM1"	45	"CTS"
"CTS_muscle"	18	"MYL9"	21	"CTS"
"CTS_muscle"	216	"PDLIM3"	3	"CTS"
"CTS_muscle"	74	"PRKAG2"	10	"CTS"
"CTS_muscle"	11	"ACTC1"	22	"CTS"
"CTS_muscle"	0	"NPTN"	45	"CTS"
"CTS_muscle"	0	"MASP1"	45	"CTS"
"CTS_muscle"	3	"CFL2"	26	"CTS"
"CTS_muscle"	0	"PAM"	45	"CTS"
"CTS_muscle"	92	"MYOZ2"	8	"CTS"
"CTS_muscle"	0	"TRIM55"	45	"CTS"
"CTS_muscle"	50	"NEXN"	14	"CTS"
"CTS_muscle"	0	"NT5C2"	45	"CTS"
"CTS_muscle"	0	"GYG1"	45	"CTS"
"CTS_muscle"	0	"PRICKLE1"	45	"CTS"
"CTS_muscle"	0	"SORBS2"	45	"CTS"
"CTS_muscle"	0	"PDLIM7"	45	"CTS"
"CTS_muscle"	0	"MYOM1"	45	"CTS"
"CTS_muscle"	119	"PLN"	6	"CTS"
"CTS_muscle"	50	"ATP2B4"	14	"CTS"
"CTS_muscle"	0	"MAP4"	45	"CTS"
"CTS_muscle"	50	"MYLK"	14	"CTS"
"CTS_muscle"	48	"KIFAP3"	19	"CTS"
"CTS_muscle"	50	"HACD1"	14	"CTS"
"CTS_muscle"	0	"SIPA1L2"	45	"CTS"
"CTS_muscle"	392	"ACTA1"	2	"CTS"
"CTS_muscle"	23	"LMOD1"	20	"CTS"
"CTS_muscle"	0	"RCSD1"	45	"CTS"
"CTS_muscle"	0	"PEA15"	45	"CTS"
"CTS_muscle"	9	"NES"	23	"CTS"
"CTS_muscle"	0	"TSPAN2"	45	"CTS"
"CTS_muscle"	4	"ANKRD1"	24.5	"CTS"
"CTS_muscle"	0	"BEX1"	45	"CTS"
"CTS_muscle"	0	"SH3BGRL"	45	"CTS"
"CTS_muscle"	0	"PALM2-AKAP2"	45	"CTS"
"CTS_muscle"	0	"NPPB"	45	"CTS"
"CTS_muscle"	0	"ITSN1"	45	"CTS"
"CTS_muscle"	132	"SYNPO2L"	5	"CTS"
"CTS_muscle"	86	"MYH11"	9	"CTS"
"CTS_muscle"	49	"SLC8A1"	17.5	"CTS"
"CTS_muscle"	0	"WEE1"	45	"CTS"
"CTS_muscle"	0	"TIPARP"	45	"CTS"
"CTS_muscle"	0	"CAMK2D"	45	"CTS"
"CTS_muscle"	4	"CSRP3"	24.5	"CTS"
"CTS_muscle"	144	"CRYAB"	4	"CTS"
"CTS_muscle"	0	"SLN"	45	"CTS"
"CTS_muscle"	0	"DENND5B"	45	"CTS"
"CTS_muscle"	1	"PDLIM5"	27.5	"CTS"
"CTS_muscle"	0	"CDC42EP3"	45	"CTS"
"CTS_muscle"	614	"TNNT2"	1	"CTS"
"CTS_endoderm"	0	"SLC7A2"	47.5	"CTS"
"CTS_endoderm"	0	"FAM107B"	47.5	"CTS"
"CTS_endoderm"	0	"XBP1"	47.5	"CTS"
"CTS_endoderm"	0	"DECR2"	47.5	"CTS"
"CTS_endoderm"	8	"APOC3"	27	"CTS"
"CTS_endoderm"	279	"APOB"	2	"CTS"
"CTS_endoderm"	53	"ODC1"	18	"CTS"
"CTS_endoderm"	483	"APOA1"	1	"CTS"
"CTS_endoderm"	203	"TTR"	6	"CTS"
"CTS_endoderm"	232	"APOE"	5	"CTS"
"CTS_endoderm"	66	"LGALS3"	14	"CTS"
"CTS_endoderm"	0	"SERPINF1"	47.5	"CTS"
"CTS_endoderm"	0	"KDELR2"	47.5	"CTS"
"CTS_endoderm"	0	"MSMO1"	47.5	"CTS"
"CTS_endoderm"	40	"ALDH2"	24	"CTS"
"CTS_endoderm"	0	"TRAM1"	47.5	"CTS"
"CTS_endoderm"	56	"P4HA1"	16	"CTS"
"CTS_endoderm"	0	"TIMP3"	47.5	"CTS"
"CTS_endoderm"	0	"MPC2"	47.5	"CTS"
"CTS_endoderm"	0	"TMEM141"	47.5	"CTS"
"CTS_endoderm"	0	"FBXO17"	47.5	"CTS"
"CTS_endoderm"	0	"MERTK"	47.5	"CTS"
"CTS_endoderm"	79	"ALB"	13	"CTS"
"CTS_endoderm"	0	"SPINK1"	47.5	"CTS"
"CTS_endoderm"	0	"SPINT2"	47.5	"CTS"
"CTS_endoderm"	49	"ECI1"	19	"CTS"
"CTS_endoderm"	96	"FGB"	12	"CTS"
"CTS_endoderm"	0	"GLUL"	47.5	"CTS"
"CTS_endoderm"	0	"DST"	47.5	"CTS"
"CTS_endoderm"	0	"UACA"	47.5	"CTS"
"CTS_endoderm"	47	"CLU"	20	"CTS"
"CTS_endoderm"	255	"P4HB"	4	"CTS"
"CTS_endoderm"	0	"TMED9"	47.5	"CTS"
"CTS_endoderm"	1	"FGG"	30	"CTS"
"CTS_endoderm"	0	"ETFB"	47.5	"CTS"
"CTS_endoderm"	0	"HSD17B11"	47.5	"CTS"
"CTS_endoderm"	144	"APOA2"	9	"CTS"
"CTS_endoderm"	44	"S100A6"	23	"CTS"
"CTS_endoderm"	0	"S100A10"	47.5	"CTS"
"CTS_endoderm"	31	"RBP4"	25	"CTS"
"CTS_endoderm"	0	"FTL"	47.5	"CTS"
"CTS_endoderm"	0	"ASPH"	47.5	"CTS"
"CTS_endoderm"	0	"GOLM1"	47.5	"CTS"
"CTS_endoderm"	264	"GPC3"	3	"CTS"
"CTS_endoderm"	46	"AFP"	21.5	"CTS"
"CTS_endoderm"	0	"CST3"	47.5	"CTS"
"CTS_endoderm"	0	"TF"	47.5	"CTS"
"CTS_endoderm"	0	"PNPT1"	47.5	"CTS"
"CTS_endoderm"	108	"CDKN1C"	11	"CTS"
"CTS_endoderm"	146	"SERPINA1"	8	"CTS"
"CTS_endoderm"	161	"GSTA2"	7	"CTS"
"CTS_endoderm"	0	"PGM3"	47.5	"CTS"
"CTS_endoderm"	0	"CAMK2D"	47.5	"CTS"
"CTS_endoderm"	46	"SELENOP"	21.5	"CTS"
"CTS_endoderm"	5	"GSTK1"	28	"CTS"
"CTS_endoderm"	0	"SESN3"	47.5	"CTS"
"CTS_endoderm"	15	"ALDH6A1"	26	"CTS"
"CTS_endoderm"	56	"APOC1"	16	"CTS"
"CTS_endoderm"	56	"CLIP1"	16	"CTS"
"CTS_endoderm"	0	"CHST9"	47.5	"CTS"
"CTS_endoderm"	0	"MGST2"	47.5	"CTS"
"CTS_endoderm"	140	"DBI"	10	"CTS"
"CTS_endoderm"	0	"LRP2"	47.5	"CTS"
"CTS_endoderm"	3	"FGA"	29	"CTS"
"CTS_CP"	0	"BAIAP2L1"	48.5	"CTS"
"CTS_CP"	47	"SNAI2"	18.5	"CTS"
"CTS_CP"	0	"TTC17"	48.5	"CTS"
"CTS_CP"	0	"NID2"	48.5	"CTS"
"CTS_CP"	50	"SFRP1"	16	"CTS"
"CTS_CP"	0	"SYT10"	48.5	"CTS"
"CTS_CP"	0	"RGS2"	48.5	"CTS"
"CTS_CP"	0	"CCNI"	48.5	"CTS"
"CTS_CP"	32	"HOXB5"	21	"CTS"
"CTS_CP"	97	"PRRX1"	9	"CTS"
"CTS_CP"	0	"PTGIS"	48.5	"CTS"
"CTS_CP"	227	"BMP4"	4	"CTS"
"CTS_CP"	157	"KDM6B"	7	"CTS"
"CTS_CP"	343	"PDGFRA"	2	"CTS"
"CTS_CP"	0	"CTSV"	48.5	"CTS"
"CTS_CP"	0	"ARRDC3"	48.5	"CTS"
"CTS_CP"	0	"TXNL4B"	48.5	"CTS"
"CTS_CP"	0	"NXPH2"	48.5	"CTS"
"CTS_CP"	0	"LIX1"	48.5	"CTS"
"CTS_CP"	0	"PLIN2"	48.5	"CTS"
"CTS_CP"	0	"SERPING1"	48.5	"CTS"
"CTS_CP"	0	"MSI2"	48.5	"CTS"
"CTS_CP"	0	"TMSB15A"	48.5	"CTS"
"CTS_CP"	0	"FBXO17"	48.5	"CTS"
"CTS_CP"	0	"HBE1"	48.5	"CTS"
"CTS_CP"	176	"MERTK"	6	"CTS"
"CTS_CP"	0	"CLDN10"	48.5	"CTS"
"CTS_CP"	8	"CRABP1"	23	"CTS"
"CTS_CP"	0	"CENPV"	48.5	"CTS"
"CTS_CP"	0	"TERF2IP"	48.5	"CTS"
"CTS_CP"	0	"TMEM88"	48.5	"CTS"
"CTS_CP"	0	"AFAP1L2"	48.5	"CTS"
"CTS_CP"	181	"TYMS"	5	"CTS"
"CTS_CP"	0	"HOXB4"	48.5	"CTS"
"CTS_CP"	47	"CCDC34"	18.5	"CTS"
"CTS_CP"	56	"HOXB2"	14	"CTS"
"CTS_CP"	0	"SPAG16"	48.5	"CTS"
"CTS_CP"	0	"FIGN"	48.5	"CTS"
"CTS_CP"	0	"HEY1"	48.5	"CTS"
"CTS_CP"	0	"ARL4C"	48.5	"CTS"
"CTS_CP"	0	"SERINC3"	48.5	"CTS"
"CTS_CP"	93	"DLK1"	10	"CTS"
"CTS_CP"	77	"ASH2L"	12	"CTS"
"CTS_CP"	0	"MPZL1"	48.5	"CTS"
"CTS_CP"	0	"EMP2"	48.5	"CTS"
"CTS_CP"	0	"KIFAP3"	48.5	"CTS"
"CTS_CP"	0	"CREG1"	48.5	"CTS"
"CTS_CP"	10	"ZNF503"	22	"CTS"
"CTS_CP"	47	"PKIG"	18.5	"CTS"
"CTS_CP"	4	"PBX3"	24	"CTS"
"CTS_CP"	0	"ANKRD26"	48.5	"CTS"
"CTS_CP"	92	"LGR4"	11	"CTS"
"CTS_CP"	0	"SAT1"	48.5	"CTS"
"CTS_CP"	0	"SLC5A3"	48.5	"CTS"
"CTS_CP"	0	"WASF1"	48.5	"CTS"
"CTS_CP"	0	"ATF7IP2"	48.5	"CTS"
"CTS_CP"	0	"R3HDM2"	48.5	"CTS"
"CTS_CP"	0	"ARHGAP28"	48.5	"CTS"
"CTS_CP"	0	"RGS4"	48.5	"CTS"
"CTS_CP"	0	"CLSTN2"	48.5	"CTS"
"CTS_CP"	246	"STMN1"	3	"CTS"
"CTS_CP"	59	"HOXB3"	13	"CTS"
"CTS_CP"	0	"CCDC160"	48.5	"CTS"
"CTS_CP"	0	"SPA17"	48.5	"CTS"
"CTS_CP"	54	"RGS5"	15	"CTS"
"CTS_CP"	729	"VIM"	1	"CTS"
"CTS_CP"	138	"CEP290"	8	"CTS"
"CTS_CP"	47	"NPC2"	18.5	"CTS"
"CTS_CP"	0	"TXNIP"	48.5	"CTS"
"CTS_CP"	0	"ZNF83"	48.5	"CTS"
"CTS_CP"	0	"PRXL2A"	48.5	"CTS"
"CTS_CP"	0	"CCBE1"	48.5	"CTS"
"CTS_CP.1"	0	"SLC7A2"	57	"CTS"
"CTS_CP.1"	0	"ORC6"	57	"CTS"
"CTS_CP.1"	44	"ISL1"	23.5	"CTS"
"CTS_CP.1"	0	"C1orf21"	57	"CTS"
"CTS_CP.1"	181	"JAG1"	9	"CTS"
"CTS_CP.1"	0	"PPP1R1A"	57	"CTS"
"CTS_CP.1"	20	"SLC40A1"	31	"CTS"
"CTS_CP.1"	219	"CCND2"	6	"CTS"
"CTS_CP.1"	0	"CHIC2"	57	"CTS"
"CTS_CP.1"	449	"KDR"	3	"CTS"
"CTS_CP.1"	0	"SC5D"	57	"CTS"
"CTS_CP.1"	801	"FGF10"	1	"CTS"
"CTS_CP.1"	23	"GATA6"	29.5	"CTS"
"CTS_CP.1"	0	"MEIS1"	57	"CTS"
"CTS_CP.1"	223	"HAPLN1"	5	"CTS"
"CTS_CP.1"	200	"NTRK2"	7	"CTS"
"CTS_CP.1"	38	"NINL"	26	"CTS"
"CTS_CP.1"	44	"DUSP6"	23.5	"CTS"
"CTS_CP.1"	8	"CGNL1"	33	"CTS"
"CTS_CP.1"	284	"CA2"	4	"CTS"
"CTS_CP.1"	0	"C16orf87"	57	"CTS"
"CTS_CP.1"	107	"IGF2BP1"	13	"CTS"
"CTS_CP.1"	87	"LRRTM1"	14	"CTS"
"CTS_CP.1"	477	"HAS2"	2	"CTS"
"CTS_CP.1"	0	"ZNF608"	57	"CTS"
"CTS_CP.1"	0	"PPFIBP1"	57	"CTS"
"CTS_CP.1"	109	"DYNC1I1"	11	"CTS"
"CTS_CP.1"	0	"ITM2C"	57	"CTS"
"CTS_CP.1"	0	"SAMD11"	57	"CTS"
"CTS_CP.1"	69	"LIN28B"	16.5	"CTS"
"CTS_CP.1"	188	"H1F0"	8	"CTS"
"CTS_CP.1"	0	"FYB2"	57	"CTS"
"CTS_CP.1"	0	"WLS"	57	"CTS"
"CTS_CP.1"	2	"GYPE"	36	"CTS"
"CTS_CP.1"	0	"ENTPD4"	57	"CTS"
"CTS_CP.1"	32	"HAND2"	28	"CTS"
"CTS_CP.1"	0	"ART5"	57	"CTS"
"CTS_CP.1"	0	"FAM89A"	57	"CTS"
"CTS_CP.1"	78	"LPGAT1"	15	"CTS"
"CTS_CP.1"	17	"NAV1"	32	"CTS"
"CTS_CP.1"	37	"IFI16"	27	"CTS"
"CTS_CP.1"	0	"IGSF3"	57	"CTS"
"CTS_CP.1"	0	"BMP5"	57	"CTS"
"CTS_CP.1"	0	"DAB1"	57	"CTS"
"CTS_CP.1"	0	"PLCE1"	57	"CTS"
"CTS_CP.1"	0	"ID1"	57	"CTS"
"CTS_CP.1"	69	"GPC6"	16.5	"CTS"
"CTS_CP.1"	0	"RHOBTB3"	57	"CTS"
"CTS_CP.1"	55	"NKX3-1"	19.5	"CTS"
"CTS_CP.1"	0	"HACD2"	57	"CTS"
"CTS_CP.1"	23	"PRTG"	29.5	"CTS"
"CTS_CP.1"	0	"PTMS"	57	"CTS"
"CTS_CP.1"	42	"LAMA1"	25	"CTS"
"CTS_CP.1"	55	"ATN1"	19.5	"CTS"
"CTS_CP.1"	0	"ZC3H6"	57	"CTS"
"CTS_CP.1"	0	"GPATCH11"	57	"CTS"
"CTS_CP.1"	0	"PSTPIP2"	57	"CTS"
"CTS_CP.1"	0	"CPLANE1"	57	"CTS"
"CTS_CP.1"	0	"CLGN"	57	"CTS"
"CTS_CP.1"	0	"PTPN13"	57	"CTS"
"CTS_CP.1"	4	"PERP"	35	"CTS"
"CTS_CP.1"	0	"KIAA1324L"	57	"CTS"
"CTS_CP.1"	55	"TIPARP"	19.5	"CTS"
"CTS_CP.1"	53	"GYPB"	22	"CTS"
"CTS_CP.1"	55	"SLC25A37"	19.5	"CTS"
"CTS_CP.1"	0	"CCKBR"	57	"CTS"
"CTS_CP.1"	0	"TP53I11"	57	"CTS"
"CTS_CP.1"	0	"MTRNR2L8"	57	"CTS"
"CTS_CP.1"	5	"CITED2"	34	"CTS"
"CTS_CP.1"	108	"CYP1B1"	12	"CTS"
"CTS_CP.1"	0	"CHST9"	57	"CTS"
"CTS_CP.1"	0	"USP27X"	57	"CTS"
"CTS_CP.1"	0	"ZEB2"	57	"CTS"
"CTS_CP.1"	0	"SEMA3E"	57	"CTS"
"CTS_CP.1"	123	"LRP2"	10	"CTS"
"CTS_CP.1"	0	"BMPER"	57	"CTS"
"CTS_CP.1"	0	"ENC1"	57	"CTS"
