"signature"	"gene"	"PageRank"	"PPI_cat"	"EigenCentrality"	"p.PageRank"	"rank_by_p.PR"	"rank_by_PR"	"annd"	"p.annd"	"strength"	"rank_by_strength"	"normalized.strength"	"rank_by_normalized.strength"	"rank_by_ANND"	"rank_by_p.ANND"
"CTS_CP"	"ANKRD26"	0.0115949710875409	"CTS"	6.57406082223541e-05	0.759	8	34	4	0	0.0163220643153692	39	0.000229888229793932	39	43	26
"CTS_CP"	"ARL4C"	0.0184672206832871	"CTS"	0	0.839	38	22	1	0	0.0101260594513503	43.5	0.000142620555652821	44	50.5	26
"CTS_CP"	"ASH2L"	0.0211679154499983	"CTS"	0.0676132044006046	0.822	32.5	17	8.86476532393381	0	0.188582571987305	17	0.00265609256320147	17	25	26
"CTS_CP"	"BMP4"	0.0417000687139223	"CTS"	0.572207810501984	0.891	51	3	11.6924845026837	0	0.480349150390568	3	0.00676548099141645	3	14	26
"CTS_CP"	"CCDC160"	0.00385191833866201	"CTS"	0.00222553156016046	0.783	16	45	10	0	0.0102087225567896	42	0.000143784824743515	42	20.5	26
"CTS_CP"	"CCDC34"	0.0156646496661632	"CTS"	0.0139529307834632	0.782	15	27	4.15961619678273	0	0.0808552411052757	28	0.00113880621275036	28	41	26
"CTS_CP"	"CCNI"	0.003261200653148	"CTS"	0.000832829461132469	0.787	18.5	47	6	0	0.00514742456889164	48	7.24989375900232e-05	48	35	26
"CTS_CP"	"CEP290"	0.0274468598793504	"CTS"	0.00168315481286655	0.757	7	12	1.63962450144021	0	0.0431496695504816	31	0.000607741824654671	31	49	26
"CTS_CP"	"CLDN10"	0.00317554788483931	"CTS"	0.00721816231891675	0.786	17	48	15	0	0.00535378934188612	47	7.5405483688537e-05	47	3	26
"CTS_CP"	"CRABP1"	0.0175968037496887	"CTS"	0.176478719944713	0.855	43	24	10.5621813605807	0	0.181375309549435	18	0.00255458182463993	18	18	26
"CTS_CP"	"CTSV"	0.00313998098108071	"CTS"	0.000330020548247427	0.744	5.5	49	8	0	0.00233133072500854	49	3.28356440142048e-05	49	30.5	26
"CTS_CP"	"DLK1"	0.0251139885007454	"CTS"	0.260663884444124	0.862	45	14	11.5369749008778	0	0.223146188006519	15	0.00314290405642984	15	15	26
"CTS_CP"	"FIGN"	0.00449549565639904	"CTS"	0.00116890528574554	0.766	11	43	3.62060593919507	0	0.0102901308632284	41	0.000144931420608851	41	45	26
"CTS_CP"	"HBE1"	0.0027997222391476	"CTS"	0.000193257268600037	0.796	24	51	12	0	0.000309827815215875	51	4.36377204529402e-06	51	12.5	26
"CTS_CP"	"HEY1"	0.00934240725483291	"CTS"	0.110664228290235	0.859	44	35	14.0341876367444	0	0.0819489827918586	27	0.00115421102523744	27	5	26
"CTS_CP"	"HOXB2"	0.0309105996069927	"CTS"	0.175913331122333	0.828	36	7	8.35348220974351	0	0.362196308365877	7	0.00510135645585742	7	29	26
"CTS_CP"	"HOXB3"	0.0308696667290037	"CTS"	0.205595129966408	0.823	34.5	8	8.845489697158	0	0.365562180278824	6	0.00514876310251865	6	26	26
"CTS_CP"	"HOXB4"	0.0316984010828184	"CTS"	0.197047491361565	0.823	34.5	6	8.54161435907405	0	0.384609438601005	5	0.00541703434649304	5	27	26
"CTS_CP"	"HOXB5"	0.0279965178650116	"CTS"	0.195162136146549	0.835	37	11	9.01596152678504	0	0.347708727265439	8	0.00489730601782308	8	24	26
"CTS_CP"	"KDM6B"	0.0329320577606084	"CTS"	0.0911019738225586	0.792	22	5	5.91711210063537	0	0.264148453676601	13	0.00372040075600847	13	36	26
"CTS_CP"	"KIFAP3"	0.00920585257836595	"CTS"	4.79429767765448e-05	0.761	9	36	4	0	0.0119032721414783	40	0.000167651720302512	40	43	26
"CTS_CP"	"LGR4"	0.0186632781364586	"CTS"	0.0743382208609372	0.781	14	21	7.57731540453091	0	0.123444475849946	24	0.00173865458943586	24	32	26
"CTS_CP"	"LIX1"	0.00710867367490407	"CTS"	3.23201363622225e-05	0.762	10	38	4	0	0.00802443662525	45	0.000113020234158451	45	43	26
"CTS_CP"	"MERTK"	0.0117602199437086	"CTS"	0.101664728804299	0.768	12	32	13.3290888084364	0	0.0723208168996281	29	0.00101860305492434	29	8	26
"CTS_CP"	"MSI2"	0.00404772014073677	"CTS"	0.0243423942111041	0.808	28	44	13.774093372714	0	0.0180456894734694	38	0.0002541646404714	38	6	26
"CTS_CP"	"NID2"	0.0190555747082348	"CTS"	0.426386809144382	0.868	46	20	15.7125150667535	0	0.220782130134686	16	0.00310960746668572	16	2	26
"CTS_CP"	"NPC2"	0.0168037401294499	"CTS"	0.276325287762225	0.814	29	25	13.5109481970112	0	0.156696779575767	19	0.00220699689543334	19	7	26
"CTS_CP"	"PBX3"	0.0137158350734821	"CTS"	0.0656576591162378	0.8	25	30	8.44516323185409	0	0.136505324914277	22	0.00192261021006024	22	28	26
"CTS_CP"	"PDGFRA"	0.0561735921081579	"CTS"	0.768558299113565	0.876	50	2	10.0885568646015	0	0.670454777038741	2	0.00944302502871466	2	19	26
"CTS_CP"	"PKIG"	0.0167649936060432	"CTS"	0.000660678010057688	0.738	1.5	26	1.69664564234176	0	0.0464269823000893	30	0.000653901159156187	30	48	26
"CTS_CP"	"PLIN2"	0.015245430885907	"CTS"	0.190244105729795	0.842	39	29	10.5741939296515	0	0.15011994656099	20	0.00211436544452098	20	17	26
"CTS_CP"	"PRRX1"	0.0294052344919123	"CTS"	0.509148814058889	0.869	47	9	14.2544292317713	0	0.336223585841551	9	0.00473554346255706	9	4	26
"CTS_CP"	"PTGIS"	0.00598701139763546	"CTS"	0.0312162771860567	0.801	26	40	9.38016958229733	0	0.0372482131979078	33	0.000524622721097294	33	22	26
"CTS_CP"	"RGS2"	0.0193130596655936	"CTS"	0.215167940156632	0.822	32.5	19	6.00920307821785	0	0.24818406279456	14	0.00349555018020507	14	34	26
"CTS_CP"	"RGS4"	0.0239220305583574	"CTS"	0.229765896562134	0.818	30.5	16	5.24129169279402	0	0.332645473627996	11	0.00468514751588726	11	38	26
"CTS_CP"	"RGS5"	0.0241302450814547	"CTS"	0.243122208432504	0.818	30.5	15	5.71217061656293	0	0.335010141826651	10	0.00471845270178382	10	37	26
"CTS_CP"	"SAT1"	0.00492158930770943	"CTS"	0.0173569701337293	0.789	20	42	4.59676900172307	0	0.0236729471986941	36	0.000333421791530902	36	40	26
"CTS_CP"	"SERINC3"	0.0156021318421145	"CTS"	6.60949929145676e-05	0.739	3	28	2	0	0.0418065315991699	32	0.000588824388720703	32	47	26
"CTS_CP"	"SERPING1"	0.00512060009573467	"CTS"	0.0714463345118411	0.787	18.5	41	17	0	0.0320040268925224	35	0.000450760942148202	35	1	26
"CTS_CP"	"SFRP1"	0.0286916304796496	"CTS"	0.415002631028063	0.873	49	10	12.8050008026207	0	0.321019428518163	12	0.00452140040166426	12	9	26
"CTS_CP"	"SNAI2"	0.0347492339882423	"CTS"	0.563418101059145	0.872	48	4	12.6136067972064	0	0.390006909762096	4	0.00549305506707177	4	10	26
"CTS_CP"	"SPA17"	0.00302152795724565	"CTS"	5.09813494713904e-05	0.776	13	50	3	0	0.00152690253975568	50	2.15056695740237e-05	50	46	26
"CTS_CP"	"STMN1"	0.0201260225419109	"CTS"	0.110467724248013	0.743	4	18	10.7664038602784	0	0.12614104899925	23	0.00177663449294718	23	16	26
"CTS_CP"	"SYT10"	0.0035199115426544	"CTS"	0.00488913688523678	0.805	27	46	12	0	0.0078382076411276	46	0.000110397290720107	46	12.5	26
"CTS_CP"	"TERF2IP"	0.0184672206832871	"CTS"	0	0.847	40	23	1	0	0.0101260594513503	43.5	0.000142620555652821	43	50.5	26
"CTS_CP"	"TMEM88"	0.012319885273839	"CTS"	0.0196456774701507	0.794	23	31	10	0	0.0901165700469688	26	0.00126924746545026	26	20.5	26
"CTS_CP"	"TMSB15A"	0.00605931343133938	"CTS"	0.00293463050013345	0.744	5.5	39	8	0	0.0207308129382869	37	0.000291983280820942	37	30.5	26
"CTS_CP"	"TXNIP"	0.0117199555202419	"CTS"	0.172766451580674	0.85	42	33	12.4362456249083	0	0.116068664835273	25	0.00163476992725737	25	11	26
"CTS_CP"	"TYMS"	0.0261597198618656	"CTS"	0.0591565072663614	0.738	1.5	13	4.69614226462324	0	0.140143855565706	21	0.00197385712064374	21	39	26
"CTS_CP"	"VIM"	0.0896588360970336	"CTS"	1	0.849	41	1	9.23486890022856	0	1.02496509937649	1	0.0144361281602322	1	23	26
"CTS_CP"	"ZNF503"	0.00716219026113413	"CTS"	0.00895851375783091	0.79	21	37	6.98885211431453	0	0.0325077629605888	34	0.000457855816346321	34	33	26
"CTS_CP.1"	"ART5"	0.00688816112544184	"CTS"	9.31827969943966e-07	0.8	31	46	3	0	0.0190895053246064	50	0.000251177701639558	50	49	31
"CTS_CP.1"	"ATN1"	0.0136719482663268	"CTS"	1.98236309803546e-06	0.789	24	29	1.83553302962858	0	0.0410224525357223	40	0.000539769112312136	40	57	31
"CTS_CP.1"	"BMP5"	0.0205937093612883	"CTS"	0.00369734972131746	0.887	59	14	11.9766795262175	0	0.258610456869725	11	0.00340276916933849	11	18	31
"CTS_CP.1"	"BMPER"	0.0183961089006094	"CTS"	0.00378380739118257	0.888	60	17	13.9666898743355	0	0.229216016111432	14	0.00301600021199253	14	7	31
"CTS_CP.1"	"CA2"	0.0178256320824107	"CTS"	0.0491025889837264	0.791	25.5	18	5.60592830829619	0	0.124583071402862	20	0.00163925093951134	20	39	31
"CTS_CP.1"	"CCKBR"	0.00443493711216456	"CTS"	0.00201480135613806	0.786	20.5	59	5	0	0.0170120647500188	53	0.000223842957237089	53	42.5	31
"CTS_CP.1"	"CCND2"	0.0226425131313672	"CTS"	0.00280033785795317	0.841	47	13	11.9995260949955	0	0.233918709421483	13	0.00307787775554582	13	17	31
"CTS_CP.1"	"CGNL1"	0.0151452147153554	"CTS"	7.14523803009348e-05	0.767	7	26	2	0	0.0680092594809947	24	0.000894858677381509	24	55.5	31
"CTS_CP.1"	"CHIC2"	0.00504365276066059	"CTS"	0.000980806951972737	0.845	48	56	17.5455851410137	0	0.0383657010463819	42	0.000504811855873446	42	2	31
"CTS_CP.1"	"CITED2"	0.0100785971609818	"CTS"	0.000271018370802121	0.784	16	38	7.22108300122849	0	0.0554333059274738	29	0.000729385604308866	29	34	31
"CTS_CP.1"	"CYP1B1"	0.0109699513931828	"CTS"	0.000274644099730696	0.804	34	34	8.27644550061149	0	0.050665590189051	35	0.000666652502487514	35	28	31
"CTS_CP.1"	"DAB1"	0.00673473538980091	"CTS"	9.95085467175046e-05	0.802	32	48	8	0	0.0403293301472529	41	0.000530649080884907	41	30	31
"CTS_CP.1"	"DUSP6"	0.0192199717320233	"CTS"	0.00223768222528709	0.875	53.5	16	12.0044606715817	0	0.211860368377143	15	0.00278763642601505	15	15	31
"CTS_CP.1"	"DYNC1I1"	0.0102694965119184	"CTS"	7.1569749979304e-05	0.798	29.5	36	4.49268718948677	0	0.0459990180256411	37	0.000605250237179488	37	46	31
"CTS_CP.1"	"ENTPD4"	0.00480375463208504	"CTS"	0.000848728658343131	0.798	29.5	58	6	0	0.014045639384615	55	0.000184811044534408	55	36.5	31
"CTS_CP.1"	"FGF10"	0.0671693474674232	"CTS"	0.0102065347320586	0.873	52	1	11.4409344525178	0	0.816227603188257	1	0.010739836884056	1	20	31
"CTS_CP.1"	"GATA6"	0.0333662343722629	"CTS"	0.00519119013242854	0.879	56	7	11.6938918493754	0	0.397788415367198	9	0.00523405809693682	9	19	31
"CTS_CP.1"	"GPC6"	0.00870059738407792	"CTS"	0.000340714334422806	0.787	22.5	40	7.97805280508084	0	0.0527576999417465	33	0.000694180262391401	33	31	31
"CTS_CP.1"	"GYPB"	0.0255809365605626	"CTS"	1	0.781	12	10	2.17290962745718	0	0.437834996943989	6	0.00576098680189459	6	53	31
"CTS_CP.1"	"GYPE"	0.0239982965674721	"CTS"	0.99889440719294	0.776	9	12	3.04413752023064	0	0.420168372891104	7	0.00552853122225136	7	48	31
"CTS_CP.1"	"H1F0"	0.0249675452362857	"CTS"	0.000118631146105856	0.785	18	11	4.66963012347635	0	0.106294588346841	23	0.00139861300456369	23	45	31
"CTS_CP.1"	"HAND2"	0.0354855140359408	"CTS"	0.00698759146451296	0.876	55	5	14.3947954665874	0	0.464479684839007	4	0.00611157480051325	4	5	31
"CTS_CP.1"	"HAPLN1"	0.0269730502841468	"CTS"	0.00230556192268943	0.831	42.5	8	8.53682238259284	0	0.294018677391381	10	0.00386866680778133	10	26	31
"CTS_CP.1"	"HAS2"	0.0476581301777352	"CTS"	0.00556183121164273	0.867	49	2	9.52609983821175	0	0.559179719509086	2	0.00735762788827745	2	24	31
"CTS_CP.1"	"ID1"	0.0158510742273977	"CTS"	0.00263814835892359	0.893	61	20	12.1783683086504	0	0.189393873767131	17	0.00249202465483067	17	13	31
"CTS_CP.1"	"IFI16"	0.0139287788607253	"CTS"	1.87010354411406e-05	0.777	10	27	5.083772051011	0	0.0552240201469192	30	0.000726631844038411	30	41	31
"CTS_CP.1"	"IGF2BP1"	0.00902200498452091	"CTS"	0.000380198397425496	0.785	18	39	10.4064541684852	0	0.0591980058083372	28	0.000778921129057068	28	23	31
"CTS_CP.1"	"IGSF3"	0.00604307430195286	"CTS"	1.8015397308676e-06	0.782	13.5	53	2.54776928916399	0	0.0154476182680689	54	0.00020325813510617	54	52	31
"CTS_CP.1"	"ISL1"	0.0366174067623563	"CTS"	0.00729181642247364	0.872	51	4	13.5054007084355	0	0.461594305508812	5	0.00607360928301069	5	8	31
"CTS_CP.1"	"JAG1"	0.0349527570283559	"CTS"	0.0057980219170426	0.875	53.5	6	12.9274433962157	0	0.41372478199598	8	0.00544374713152605	8	10	31
"CTS_CP.1"	"KDR"	0.0438850489332547	"CTS"	0.0112862258456421	0.868	50	3	12.5179451358744	0	0.536527720234358	3	0.00705957526624155	3	11	31
"CTS_CP.1"	"KIAA1324L"	0.0157728706624606	"CTS"	0	0.735	1	23.5	1	0	0.0114046047218718	56.5	0.000150060588445681	57	59.5	31
"CTS_CP.1"	"LAMA1"	0.0120715026802163	"CTS"	0.000813930664226809	0.824	40.5	32	8.70280904865417	0	0.118034324865953	22	0.00155308322192044	22	25	31
"CTS_CP.1"	"LIN28B"	0.0100824509892336	"CTS"	0.000239091101644171	0.763	6	37	7.80504042438474	0	0.0612093184283924	27	0.000805385768794637	27	32	31
"CTS_CP.1"	"LPGAT1"	0.00655505229889446	"CTS"	0.00103055434120102	0.805	35	50	12.4072840075009	0	0.0452504745851636	38	0.000595400981383731	38	12	31
"CTS_CP.1"	"LRP2"	0.020546893897957	"CTS"	0.00102298333492901	0.793	27.5	15	7.01248815468285	0	0.161221691325552	19	0.00212133804375727	19	35	31
"CTS_CP.1"	"LRRTM1"	0.00686410695121955	"CTS"	0.000174012159307902	0.806	36	47	8.45349213281485	0	0.037241815541807	44	0.000490023888707987	44	27	31
"CTS_CP.1"	"MEIS1"	0.0172176667555	"CTS"	0.00335098944286127	0.881	57	19	15.158243425271	0	0.208521978967967	16	0.00274371024957851	16	4	31
"CTS_CP.1"	"NAV1"	0.00568494931475222	"CTS"	8.4266323606748e-05	0.782	13.5	55	8.14454503072558	0	0.018119488998744	51	0.000238414328930843	51	29	31
"CTS_CP.1"	"NINL"	0.00857751155592184	"CTS"	0.00106481690335445	0.78	11	41	2.74563635591312	0	0.0360153297139814	47	0.000473885917289229	47	51	31
"CTS_CP.1"	"NKX3-1"	0.0133291750225131	"CTS"	0.0027068821172373	0.838	46	30	16.9563751873326	0	0.122309676947274	21	0.00160933785456939	21	3	31
"CTS_CP.1"	"NTRK2"	0.0266480227269595	"CTS"	0.00313683069315327	0.824	40.5	9	12.1470124131714	0	0.253176511975451	12	0.00333126989441383	12	14	31
"CTS_CP.1"	"ORC6"	0.0157728706624606	"CTS"	8.62989360448727e-19	0.739	4	21.5	1	0	0.00350329750260309	60.5	4.60960197710933e-05	60	59.5	31
"CTS_CP.1"	"PERP"	0.00701742134463438	"CTS"	0.000193371402890905	0.793	27.5	45	10.7529430839381	0	0.0368952001815802	45	0.000485463160283951	45	21	31
"CTS_CP.1"	"PPFIBP1"	0.0157728706624606	"CTS"	0	0.738	3	23.5	1	0	0.0114046047218718	56.5	0.000150060588445681	56	59.5	31
"CTS_CP.1"	"PPP1R1A"	0.00591786601026831	"CTS"	5.09038916039145e-06	0.785	18	54	6	0	0.0177902250943615	52	0.000234081909136335	52	36.5	31
"CTS_CP.1"	"PRTG"	0.0131828852322829	"CTS"	1.96864397830019e-05	0.774	8	31	3.39394171143686	0	0.0628464472162457	26	0.000826926937055865	26	47	31
"CTS_CP.1"	"PSTPIP2"	0.00503450382774548	"CTS"	0.000494155044143598	0.831	42.5	57	14	0	0.0368361821450831	46	0.000484686607172147	46	6	31
"CTS_CP.1"	"PTMS"	0.00323658876223585	"CTS"	3.45862306265251e-05	0.761	5	60	5.27149800797831	0	0.00715478048864222	59	9.4141848534766e-05	59	40	31
"CTS_CP.1"	"PTPN13"	0.00762886143022272	"CTS"	0.0003907076107874	0.837	44.5	42	10.5742913139798	0	0.0643908074603598	25	0.000847247466583681	25	22	31
"CTS_CP.1"	"RHOBTB3"	0.00740059906866873	"CTS"	0.00490276700286693	0.787	22.5	44	5	0	0.0413967309744617	39	0.000544693828611338	39	42.5	31
"CTS_CP.1"	"SC5D"	0.00645122860833194	"CTS"	5.88664694358531e-06	0.783	15	51	5.9921865729896	0	0.0204678799149603	49	0.000269314209407372	49	38	31
"CTS_CP.1"	"SEMA3E"	0.00657925945969355	"CTS"	0.00109884533573897	0.837	44.5	49	13.1824895834567	0	0.0532826928356446	32	0.000701088063626903	32	9	31
"CTS_CP.1"	"SLC25A37"	0.0110015194175701	"CTS"	0.0250528153137625	0.786	20.5	33	2.16307879146233	0	0.0538779118164628	31	0.000708919892321879	31	54	31
"CTS_CP.1"	"SLC40A1"	0.00742844628884835	"CTS"	0.000920453514885008	0.808	37	43	7.25252470680446	0	0.0381473586794788	43	0.000501938929993142	43	33	31
"CTS_CP.1"	"SLC7A2"	0.00640668387976504	"CTS"	0.000288161444947105	0.813	38	52	5	0	0.0518189091203497	34	0.000681827751583549	34	44	31
"CTS_CP.1"	"TIPARP"	0.0138186557182325	"CTS"	2.02381239562325e-05	0.803	33	28	2.88350191763958	0	0.0495823035408167	36	0.000652398730800219	36	50	31
"CTS_CP.1"	"WLS"	0.00313370028770338	"CTS"	0.000270209938553636	0.821	39	61	19	0	0.0109762043715415	58	0.000144423741730809	58	1	31
"CTS_CP.1"	"ZC3H6"	0.0157728706624606	"CTS"	6.55607844514711e-19	0.737	2	21.5	1	0	0.00350329750260309	60.5	4.60960197710933e-05	61	59.5	31
"CTS_CP.1"	"ZEB2"	0.0155694280458821	"CTS"	0.00207202145793798	0.882	58	25	12.0028338494653	0	0.165267052086283	18	0.00217456647481952	18	16	31
"CTS_CP.1"	"ZNF608"	0.0107504667249116	"CTS"	1.41515936650641e-07	0.791	25.5	35	2	0	0.0295972478524001	48	0.000389437471742106	48	55.5	31
"CTS_endoderm"	"AFP"	0.035782546436997	"CTS"	0.664514466014285	0.77	53	9	23.8029569915867	0	4.04524821380408	8	0.0642102891080013	8	20	30.5
"CTS_endoderm"	"ALB"	0.0390753349468676	"CTS"	0.540668365615891	0.532	34	7	21.6955192256236	0	3.88756688453237	9	0.0617074108655932	9	32	30.5
"CTS_endoderm"	"ALDH2"	0.00975266145396575	"CTS"	0.0442893035411216	0.171	8	29	19.9208397767846	0	0.384279339117997	30	0.00609967204949202	30	36	30.5
"CTS_endoderm"	"ALDH6A1"	0.0101380560140794	"CTS"	0.00862995435632876	0.155	6	28	15.3710176934454	0	0.254467648418415	35	0.00403916902251453	35	44	30.5
"CTS_endoderm"	"APOA1"	0.0577076013896349	"CTS"	1	0.74	47	1	23.3285890221651	0	6.64503395339238	1	0.105476729418927	1	23	30.5
"CTS_endoderm"	"APOA2"	0.0501573119375779	"CTS"	0.948501517064944	0.763	50.5	2	23.9051036265962	0	5.86033952627314	2	0.0930212623217959	2	18	30.5
"CTS_endoderm"	"APOB"	0.050064376013461	"CTS"	0.856067034153197	0.745	48	3	23.1372761724837	0	5.72221960253337	3	0.0908288825798948	3	26	30.5
"CTS_endoderm"	"APOC1"	0.036547714496268	"CTS"	0.725602162885787	0.764	52	8	23.8317052747057	0	4.11953661910607	7	0.0653894701445408	7	19	30.5
"CTS_endoderm"	"APOC3"	0.0316572502466701	"CTS"	0.61446086525259	0.819	58	11	24.33486115652	0	3.76704971140483	11	0.0597944398635688	11	15	30.5
"CTS_endoderm"	"APOE"	0.0482338713215809	"CTS"	0.739504009851754	0.67	42	4	21.3213453722525	0	5.0767038002288	4	0.0805826000036318	4	34	30.5
"CTS_endoderm"	"ASPH"	0.00329597439036331	"CTS"	0.000458158655716849	0.443	30	59	5	0	0.0426425039003139	57	0.000676865141274824	57	57	30.5
"CTS_endoderm"	"CDKN1C"	0.00637962700193633	"CTS"	0.0411168663377259	0.381	27	42	22.83446278574	0	0.30422485825438	33	0.00482896600403778	33	27	30.5
"CTS_endoderm"	"CLIP1"	0.00964203417524739	"CTS"	0.000280940653789385	0.11	3.5	30	3.0502887441317	0	0.114579156234816	46	0.00181871676563201	46	58	30.5
"CTS_endoderm"	"CLU"	0.0232805219047543	"CTS"	0.380193707229317	0.787	54	16	23.3324564613161	0	2.44141945530116	16	0.0387526897666851	16	22	30.5
"CTS_endoderm"	"CST3"	0.0108798237402874	"CTS"	0.13191978010342	0.718	45	27	24.6848563249686	0	0.943715469225701	24	0.0149796106226302	24	12	30.5
"CTS_endoderm"	"DBI"	0.0163198999337742	"CTS"	0.294664219600601	0.574	37	22	25.0747439659758	0	1.56303384498908	18	0.0248100610315726	18	9	30.5
"CTS_endoderm"	"DECR2"	0.00550099418590174	"CTS"	0.000107403379787998	0.216	13	49	8.56385905170155	0	0.0675023249840758	53	0.00107146547593771	53	51	30.5
"CTS_endoderm"	"DST"	0.00822903306655985	"CTS"	0.00155332795936895	0.128	5	34	7.30570486434255	0	0.0902122876439478	51	0.00143194107371346	51	54	30.5
"CTS_endoderm"	"ECI1"	0.00588883762095255	"CTS"	0.00172465615056452	0.221	14	47	9.31846159176398	0	0.0960361627322528	48	0.00152438353543258	48	50	30.5
"CTS_endoderm"	"ETFB"	0.00441384973436471	"CTS"	0.00115375088451346	0.277	17	52	8.55661797685219	0	0.0576170025485776	54	0.000914555596009169	54	52	30.5
"CTS_endoderm"	"FAM107B"	0.0165016501650165	"CTS"	0	0.086	1	20.5	1	0	0.019596037997887	59.5	0.000311048222188682	59	59.5	30.5
"CTS_endoderm"	"FGA"	0.0330193517538342	"CTS"	0.619542857283593	0.737	46	10	24.5751103253144	0	3.77065748299117	10	0.0598517060792249	10	14	30.5
"CTS_endoderm"	"FGB"	0.0396019124197337	"CTS"	0.737726086508205	0.689	43	6	24.3040797925224	0	4.46155252037588	6	0.0708182939742204	6	16	30.5
"CTS_endoderm"	"FGG"	0.0298804101736616	"CTS"	0.585413898061499	0.805	56	14	25.0699927955491	0	3.53106526927031	13	0.0560486550677827	13	10	30.5
"CTS_endoderm"	"FTL"	0.00809772052469336	"CTS"	0.0878025090212731	0.754	49	36	26.2224221523307	0	0.660261349198772	25	0.010480338876171	25	4	30.5
"CTS_endoderm"	"GLUL"	0.00890032354376511	"CTS"	0.0172097051488873	0.169	7	32	17.3965913750141	0	0.302072443549089	34	0.00479480069125539	34	40	30.5
"CTS_endoderm"	"GOLM1"	0.00338199570049835	"CTS"	0.0110585724311664	0.383	28	58	22.4075919626424	0	0.0909878450737603	49	0.00144425150910731	49	29	30.5
"CTS_endoderm"	"GPC3"	0.0315022666038512	"CTS"	0.534395424037411	0.545	35	12	23.1487163209881	0	3.17863642494286	14	0.0504545464276644	14	25	30.5
"CTS_endoderm"	"GSTA2"	0.0135472980958708	"CTS"	0.0193930451991511	0.11	3.5	25	15.7993969311383	0	0.392958443774249	29	0.00623743561546427	29	42	30.5
"CTS_endoderm"	"GSTK1"	0.00782849733331198	"CTS"	0.000444847954508197	0.174	9	37	7.91540070783169	0	0.140750002081722	43	0.0022341270171702	43	53	30.5
"CTS_endoderm"	"HSD17B11"	0.00607643764567163	"CTS"	0.00893747911152782	0.255	16	44	13.078804071325	0	0.114532781236592	47	0.00181798065454908	47	47	30.5
"CTS_endoderm"	"KDELR2"	0.00814765694328443	"CTS"	0.00332942256527997	0.21	12	35	9.82469779682726	0	0.182516167233891	40	0.00289708201958557	40	49	30.5
"CTS_endoderm"	"LGALS3"	0.0201278457858126	"CTS"	0.198617162500853	0.393	29	18	22.1485439474387	0	1.55699079477761	19	0.0247141395996446	19	30	30.5
"CTS_endoderm"	"LRP2"	0.0133127635531193	"CTS"	0.264603598013788	0.859	60	26	26.082544786901	0	1.37788387388984	22	0.021871172601426	22	5	30.5
"CTS_endoderm"	"MERTK"	0.00450857290188481	"CTS"	0.0288173967140295	0.587	40	51	27.079943169574	0	0.220507903652123	37	0.00350012545479561	37	2	30.5
"CTS_endoderm"	"MGST2"	0.00770364245075572	"CTS"	0.000707583743001792	0.175	10	38	5.28308409364491	0	0.164168120350953	41	0.00260584318017385	41	56	30.5
"CTS_endoderm"	"MPC2"	0.00499552314570545	"CTS"	0.0297103594832305	0.361	23.5	50	21.5603237694502	0	0.204283508714973	39	0.00324259537642814	39	33	30.5
"CTS_endoderm"	"MSMO1"	0.00377709893748463	"CTS"	0.028939728937285	0.451	31	55	26.8912999780648	0	0.135472091175874	44	0.0021503506535853	44	3	30.5
"CTS_endoderm"	"ODC1"	0.00717456948507189	"CTS"	0.0193123394897384	0.278	18	39	21.1562496187937	0	0.207044778032229	38	0.00328642504813062	38	35	30.5
"CTS_endoderm"	"P4HA1"	0.00891614316332744	"CTS"	0.0416570641220077	0.317	20	31	23.2020084091389	0	0.39376762564575	28	0.00625027977215476	28	24	30.5
"CTS_endoderm"	"P4HB"	0.0223160807309193	"CTS"	0.194988947679864	0.195	11	17	19.7174228347341	0	1.45798356481885	21	0.0231425962669659	21	37	30.5
"CTS_endoderm"	"PGM3"	0.00650082461810696	"CTS"	0.000615717672545027	0.223	15	41	5.74205270254497	0	0.13109536587915	45	0.00208087882347857	45	55	30.5
"CTS_endoderm"	"PNPT1"	0.00438582644254547	"CTS"	0.00659165833083408	0.324	21	53	16.867977084727	0	0.0811574936339948	52	0.00128821418466658	52	41	30.5
"CTS_endoderm"	"RBP4"	0.0307828464031143	"CTS"	0.581479435823111	0.814	57	13	24.5865345160631	0	3.60271864702301	12	0.0571860102702065	12	13	30.5
"CTS_endoderm"	"S100A10"	0.00696351361030849	"CTS"	0.0110397845413814	0.58	38.5	40	15.598396264953	0	0.346220450243002	31	0.00549556270226987	31	43	30.5
"CTS_endoderm"	"S100A6"	0.00863262047057291	"CTS"	0.0328454923991177	0.61	41	33	19.3290887623559	0	0.495009666749565	26	0.00785729629761214	26	38	30.5
"CTS_endoderm"	"SELENOP"	0.0140019705678354	"CTS"	0.217972524316074	0.58	38.5	24	23.9347451564275	0	1.26882145719676	23	0.0201400231301073	23	17	30.5
"CTS_endoderm"	"SERPINA1"	0.0411486727526334	"CTS"	0.690388604378907	0.763	50.5	5	23.3498021889304	0	4.66017468202981	5	0.0739710266988858	5	21	30.5
"CTS_endoderm"	"SERPINF1"	0.0147147757762562	"CTS"	0.235398030683409	0.797	55	23	25.381802709285	0	1.48549718897848	20	0.0235793204599759	20	7	30.5
"CTS_endoderm"	"SESN3"	0.0165016501650165	"CTS"	0	0.088	2	20.5	1	0	0.019596037997887	59.5	0.000311048222188682	60	59.5	30.5
"CTS_endoderm"	"SLC7A2"	0.00347840844650234	"CTS"	0.00100667695355275	0.364	25.5	57	11.0704474631015	0	0.0446875787112575	55	0.000709326646210436	55	48	30.5
"CTS_endoderm"	"SPINK1"	0.00611849825901103	"CTS"	0.0630058786874093	0.706	44	43	25.2532866253975	0	0.423042750760696	27	0.00671496429778882	27	8	30.5
"CTS_endoderm"	"SPINT2"	0.00277436951350412	"CTS"	0.00439801594334411	0.47	32	60	28.5423134956259	0	0.0352952526976374	58	0.000560242106311705	58	1	30.5
"CTS_endoderm"	"TF"	0.0190708301891496	"CTS"	0.355560050890897	0.839	59	19	24.6852857593018	0	2.15051416489478	17	0.0341351454745203	17	11	30.5
"CTS_endoderm"	"TIMP3"	0.0060081063865106	"CTS"	0.0257353715465235	0.573	36	46	21.7153202439089	0	0.328809081418877	32	0.0052191917685536	32	31	30.5
"CTS_endoderm"	"TMED9"	0.00605860232100638	"CTS"	0.00385560465644951	0.291	19	45	13.9097186583036	0	0.144045941959285	42	0.00228644352316325	42	45	30.5
"CTS_endoderm"	"TRAM1"	0.00356493791553465	"CTS"	0.00114699621876706	0.36	22	56	13.7790285220586	0	0.0434691033421891	56	0.000689985767336335	56	46	30.5
"CTS_endoderm"	"TTR"	0.0274331252465861	"CTS"	0.406009831330036	0.508	33	15	22.6545746354496	0	2.63913491877729	15	0.0418910304567824	15	28	30.5
"CTS_endoderm"	"UACA"	0.00417397547243092	"CTS"	0.00361843823068116	0.364	25.5	54	18.025064368353	0	0.0903889094235325	50	0.00143474459402433	50	39	30.5
"CTS_endoderm"	"XBP1"	0.00552037427584624	"CTS"	0.0329717312229431	0.361	23.5	48	25.9722663800234	0	0.25399163364195	36	0.00403161323241191	36	6	30.5
"CTS_muscle"	"ABLIM1"	0.00512115244565989	"CTS"	0.0312866770224115	0.76	48	45	16.4184921660194	0	0.171589666750798	37	0.00285982777917996	37	40	29
"CTS_muscle"	"ACTA1"	0.0585950462390316	"CTS"	0.864476106920736	0.598	25	2	19.378851681049	0	3.61944735944417	2	0.0603241226574029	2	29	29
"CTS_muscle"	"ACTC1"	0.0468851808090142	"CTS"	0.7673201620658	0.789	56	3	19.8920363607417	0	3.10275946635187	3	0.0517126577725311	3	23	29
"CTS_muscle"	"ANKRD1"	0.0350935255828008	"CTS"	0.581523286740504	0.739	41	6	20.3663415644583	0	2.26986905905765	5	0.0378311509842942	5	20	29
"CTS_muscle"	"ATP2B4"	0.0118411085673745	"CTS"	0.120474724329559	0.658	29	34	17.2209882957735	0	0.498239696774192	30	0.00830399494623654	30	38	29
"CTS_muscle"	"BEX1"	0.01813168587185	"CTS"	0	0.141	1	22	2	0	0.0219655287381896	50	0.000366092145636493	50	53	29
"CTS_muscle"	"CAMK2D"	0.00651828130171391	"CTS"	0.0535493824642361	0.736	39	41	18.4466663035372	0	0.259942265373634	35	0.00433237108956056	35	32	29
"CTS_muscle"	"CAP2"	0.00650724501185431	"CTS"	0.0895438359059306	0.72	35	42	26.6950498230258	0	0.27529899726251	34	0.00458831662104183	34	1	29
"CTS_muscle"	"CDC42EP3"	0.00414221292378566	"CTS"	0.0035727253516904	0.588	23	47	11.9070752327869	0	0.0702400068801019	44	0.00117066678133503	44	47	29
"CTS_muscle"	"CDH2"	0.0176370625770586	"CTS"	0.133871367408183	0.342	7	24	17.9466303855253	0	0.620448020087224	29	0.0103408003347871	29	35	29
"CTS_muscle"	"CFL2"	0.020749125338061	"CTS"	0.201084774509364	0.506	15	18	17.467175386	0	1.018360565957	21	0.0169726760992833	21	37	29
"CTS_muscle"	"CNN1"	0.0322860761255828	"CTS"	0.519810489785857	0.706	32	10	20.9783162848887	0	2.02806799342664	10	0.0338011332237773	10	12	29
"CTS_muscle"	"CRYAB"	0.0243274315796842	"CTS"	0.330898418825338	0.566	20	15	19.8755382375351	0	1.3422534965327	14	0.0223708916088784	14	24	29
"CTS_muscle"	"CSRP3"	0.0341156476206949	"CTS"	0.560734181424252	0.782	54	7	20.3357552009998	0	2.23482140029839	7	0.0372470233383065	7	21	29
"CTS_muscle"	"FAM13B"	0.00323189181916328	"CTS"	0.00174133155683905	0.368	8	54	9.97166765393007	0	0.0192115677235476	54	0.00032019279539246	54	50	29
"CTS_muscle"	"FILIP1"	0.00896368739618825	"CTS"	0.0540710491263856	0.627	28	35	17.9448021574927	0	0.315709631389211	32	0.00526182718982019	32	36	29
"CTS_muscle"	"GYG1"	0.00412226952213901	"CTS"	0.0156521493187092	0.716	34	48	15.5078173320112	0	0.102929213949158	39	0.00171548689915263	39	41	29
"CTS_muscle"	"HACD1"	0.00674881604980272	"CTS"	0.023218275972269	0.437	12	40	22.9360454970542	0	0.0714192773992522	43	0.00119032128998754	43	3	29
"CTS_muscle"	"HSPB1"	0.0187476183982696	"CTS"	0.151132256335641	0.586	22	20	18.0680717207012	0	0.948762910311443	23	0.0158127151718574	23	33	29
"CTS_muscle"	"ITSN1"	0.00617104387625059	"CTS"	0.0199491630500096	0.508	16	43	17.1557768244816	0	0.17781528116607	36	0.00296358801943449	36	39	29
"CTS_muscle"	"KIFAP3"	0.0082570256684193	"CTS"	0.00927014357180242	0.317	6	37	11.2669260245284	0	0.124974917624799	38	0.00208291529374664	38	48	29
"CTS_muscle"	"LMOD1"	0.0220967960855426	"CTS"	0.33288440047577	0.709	33	16	20.3764131629677	0	1.31611814485336	15	0.0219353024142227	15	19	29
"CTS_muscle"	"MAP4"	0.00553068081122645	"CTS"	0.00232225814070357	0.375	9	44	10.3331688128477	0	0.0667240735220283	45	0.00111206789203381	45	49	29
"CTS_muscle"	"MASP1"	0.0173611111111111	"CTS"	0	0.169	4	25.5	1	0	0.0209934436722741	51.5	0.000349890727871234	51	56	29
"CTS_muscle"	"MATN2"	0.00379899167740521	"CTS"	0.0211480570528564	0.673	30	51	20.6157018481596	0	0.0862739643306374	42	0.00143789940551062	42	17	29
"CTS_muscle"	"MYH11"	0.0334387824948293	"CTS"	0.574722858618155	0.756	46	8	21.2496727591027	0	2.18797175646783	8	0.0364661959411304	8	10	29
"CTS_muscle"	"MYL9"	0.0253201476459014	"CTS"	0.383708199658337	0.738	40	14	20.9585410662437	0	1.57454096439688	13	0.0262423494066147	13	13	29
"CTS_muscle"	"MYLK"	0.0205848529204294	"CTS"	0.25805598569227	0.621	27	19	19.8482155398927	0	1.09230302938465	16	0.0182050504897442	16	27	29
"CTS_muscle"	"MYOM1"	0.0256261009061697	"CTS"	0.411245646315418	0.775	53	12	20.8284339517823	0	1.61706571697261	12	0.0269510952828768	12	15	29
"CTS_muscle"	"MYOZ2"	0.0414939826191742	"CTS"	0.692246498168012	0.783	55	4	20.632360024745	0	2.77966419148474	4	0.0463277365247457	4	16	29
"CTS_muscle"	"NES"	0.0144374709399017	"CTS"	0.192407679867797	0.592	24	31	20.8483585226221	0	0.736549745527245	27	0.0122758290921208	27	14	29
"CTS_muscle"	"NEXN"	0.0270070955984496	"CTS"	0.47335087250478	0.749	43	11	22.36139170946	0	1.7151951804175	11	0.0285865863402917	11	5	29
"CTS_muscle"	"NPPB"	0.0161410901607013	"CTS"	0.357430258638021	0.822	57	29	24.5734604195036	0	1.02450312221474	20	0.0170750520369124	20	2	29
"CTS_muscle"	"NPTN"	0.00338693087944361	"CTS"	0.00232071943568555	0.561	18	52	7	0	0.0387487770006144	47	0.00064581295001024	47	51	29
"CTS_muscle"	"NT5C2"	0.00400148839411057	"CTS"	0.000200800141579552	0.441	13	50	2	0	0.0173966388338476	56	0.000289943980564127	56	53	29
"CTS_muscle"	"PALM2-AKAP2"	0.0173611111111111	"CTS"	0	0.17	5	25.5	1	0	0.0209934436722741	51.5	0.000349890727871234	52	56	29
"CTS_muscle"	"PAM"	0.00329803501257609	"CTS"	0.00555694572779053	0.585	21	53	18	0	0.0433165161130682	46	0.000721941935217804	46	34	29
"CTS_muscle"	"PDLIM3"	0.0359364743526924	"CTS"	0.510846721052579	0.756	46	5	19.0994617865169	0	2.24312437943795	6	0.0373854063239658	6	30	29
"CTS_muscle"	"PDLIM5"	0.0170659621747155	"CTS"	0.204689160561585	0.746	42	27	19.8664646482459	0	0.96016165786175	22	0.0160026942976958	22	26	29
"CTS_muscle"	"PDLIM7"	0.00744477533756972	"CTS"	0.0626736708644515	0.756	46	38	21.084037799729	0	0.322361885306381	31	0.00537269808843968	31	11	29
"CTS_muscle"	"PEA15"	0.00408752661306345	"CTS"	0.010435184100162	0.608	26	49	14.3394954856286	0	0.0916067094736555	41	0.00152677849122759	41	44	29
"CTS_muscle"	"PLN"	0.032824866873483	"CTS"	0.548056363177719	0.765	49	9	20.049387382132	0	2.1187490085807	9	0.035312483476345	9	22	29
"CTS_muscle"	"POPDC2"	0.00681078215329566	"CTS"	0.0773953334029631	0.723	36	39	19.8677456120394	0	0.29074289889551	33	0.00484571498159183	33	25	29
"CTS_muscle"	"PRICKLE1"	0.00306972801755188	"CTS"	0.00128231150581967	0.383	10	55	15	0	0.0192680223400755	53	0.000321133705667925	53	43	29
"CTS_muscle"	"PRKAG2"	0.0164726439090214	"CTS"	0.278040025368271	0.694	31	28	22.1951184600565	0	0.918616171843688	24	0.0153102695307281	24	7	29
"CTS_muscle"	"RCSD1"	0.00861380962364544	"CTS"	0	0.168	3	36	2	0	0.00850135706376779	57	0.00014168928439613	57	53	29
"CTS_muscle"	"RHEB"	0.00447490110328619	"CTS"	0.00965364668913606	0.563	19	46	13.6978912014728	0	0.100195687713172	40	0.00166992812855287	40	46	29
"CTS_muscle"	"RTL8C"	0.0253378378378378	"CTS"	0	0.143	2	13	1	0	0.0304668858019574	48	0.000507781430032623	48	56	29
"CTS_muscle"	"SH3BGRL"	0.00297997711523899	"CTS"	0.00331943990256511	0.496	14	57	14	0	0.0223269362944274	49	0.000372115604907124	49	45	29
"CTS_muscle"	"SLC8A1"	0.0182140916128607	"CTS"	0.270408598984268	0.752	44	21	18.65168406928	0	1.06461445805545	18	0.0177435743009242	18	31	29
"CTS_muscle"	"SLN"	0.0131856546955596	"CTS"	0.227476333077558	0.766	50	33	21.6566383327971	0	0.762935925586311	26	0.0127155987597719	26	9	29
"CTS_muscle"	"SORBS2"	0.0134485026035201	"CTS"	0.177040189396081	0.771	51	32	22.6027362648383	0	0.734780310783779	28	0.012246338513063	28	4	29
"CTS_muscle"	"SYNPO2L"	0.0213539507144258	"CTS"	0.299065956299249	0.511	17	17	22.0077024418143	0	1.07834429348508	17	0.017972404891418	17	8	29
"CTS_muscle"	"TNNT2"	0.0622249918341015	"CTS"	1	0.772	52	1	19.667775742326	0	4.16869788826539	1	0.0694782981377565	1	28	29
"CTS_muscle"	"TRIM55"	0.016037005085044	"CTS"	0.256361395969716	0.731	38	30	22.3514793014487	0	0.914538465941142	25	0.0152423077656857	25	6	29
"CTS_muscle"	"UNC45B"	0.0178873969853413	"CTS"	0.266037633113204	0.727	37	23	20.5193245186875	0	1.04494016317596	19	0.0174156693862661	19	18	29
"CTS_muscle"	"WEE1"	0.00303465159859644	"CTS"	0.00137706608620592	0.413	11	56	15.3670629701551	0	0.0185826565447608	55	0.000309710942412681	55	42	29
"HiG_0"	"AASS"	0.000627669825373355	"HiG"	0.00322945961319014	0.397	144	306	60.0091781404835	0	0.0472434151060478	309	0.000145813009586567	309	303	163
"HiG_0"	"ABRACL"	0.000748785333204248	"HiG"	0.00931278689528925	0.537	194	289	65.7915552005155	0	0.112992768553215	286	0.000348743112818565	286	288	163
"HiG_0"	"ACAT2"	0.00345996507907968	"HiG"	0.0645160228008252	0.196	20	123	47.9091023330399	0	1.0512829189949	161	0.0032447003672682	161	317	163
"HiG_0"	"ACBD6"	0.000589852995323067	"HiG"	0.00164324910512236	0.388	131	312	44.5219160683793	0	0.0446865442761473	310	0.000137921432951072	310	319	163
"HiG_0"	"ACOT13"	0.000645701244133555	"HiG"	0.0122510096931082	0.503	174.5	305	84.9061898688512	0	0.084955076422435	293	0.00026220702599517	293	224	163
"HiG_0"	"ACTB"	0.00709525400449707	"HiG"	0.359506847638843	0.104	2	16	87.9044266029557	0	2.71233717533449	24	0.00837141103498301	24	204	163
"HiG_0"	"ADSS"	0.00121139848784735	"HiG"	0.0434639435675445	0.429	152.5	253	102.121469626302	0	0.330991623961519	244	0.00102157908630098	244	86	163
"HiG_0"	"AKIRIN1"	0.00105104021893265	"HiG"	0.0459267467479834	0.552	200.5	266	112.407225579883	0	0.279868892642974	253	0.000863792878527697	253	16	163
"HiG_0"	"ANP32E"	0.00250757715119796	"HiG"	0.122741281649668	0.598	229.5	176	93.8947187314462	0	0.966779269105054	169	0.00298388663304029	169	156	163
"HiG_0"	"AP1S2"	0.000857733675759423	"HiG"	0.016207747849002	0.237	37	277	105.576473773603	0	0.0962589306472	291	0.000297095464960494	291	51	163
"HiG_0"	"ARPC5L"	0.000726454374070211	"HiG"	0.0125344100652072	0.394	138	293	105.436992096216	0	0.0999292511240933	290	0.000308423614580535	290	54	163
"HiG_0"	"ASPM"	0.00425497402216589	"HiG"	0.241875212675961	0.555	203.5	82	87.8730714574835	0	1.84735258918973	77	0.00570170552219053	77	205	163
"HiG_0"	"ATP5MC1"	0.0024476648025373	"HiG"	0.125936618606905	0.721	305	181	82.0364332566812	0	1.00026185677323	167	0.00308722795300379	167	238	163
"HiG_0"	"ATP5MC3"	0.0035987743486283	"HiG"	0.198634280645336	0.651	264	115	81.0867968671088	0	1.56821824109687	107	0.00484017975647182	107	243	163
"HiG_0"	"ATP5ME"	0.00328403044628958	"HiG"	0.144057117629971	0.642	258	133	64.5244873065126	0	1.41048658285886	121	0.00435335365079896	121	292	163
"HiG_0"	"AURKA"	0.00559144336688303	"HiG"	0.386384244736278	0.609	239	34	97.8059551379365	0	2.53761050318933	30	0.00783213118268312	30	123	163
"HiG_0"	"AURKB"	0.00408465732901158	"HiG"	0.288193994205729	0.584	217.5	89	101.986043424913	0	1.7904887447961	83	0.0055261998296176	83	88	163
"HiG_0"	"BCAT1"	0.00113254779067887	"HiG"	0.0265938711958003	0.261	53.5	258	93.911264910728	0	0.22065476733177	260	0.000681033232505462	260	155	163
"HiG_0"	"BEX2"	0.000766353479372195	"HiG"	0.00108726546572416	0.219	32	288	62.6918982647224	0	0.027905766844265	319	8.61289100131635e-05	319	294	163
"HiG_0"	"BIRC5"	0.00369357352606495	"HiG"	0.236887075591079	0.607	237	111	96.6556235947681	0	1.58655267748875	105	0.00489676752311343	105	134	163
"HiG_0"	"BOLA3"	0.00109718289007372	"HiG"	0.0343381570874349	0.717	303	261	83.9198311434245	0	0.310403408337436	248	0.000958035210918011	248	228	163
"HiG_0"	"BPTF"	0.00145743542082278	"HiG"	0.0486296423394506	0.349	106.5	235	95.7917182668627	0	0.415299200516777	233	0.00128178765591598	233	138	163
"HiG_0"	"BUB1"	0.00372521806294658	"HiG"	0.20279487765818	0.555	203.5	105	88.8557830103936	0	1.57578790719382	106	0.00486354292343772	106	199	163
"HiG_0"	"BUB1B"	0.0046421949440216	"HiG"	0.28165699531229	0.646	259	70	92.5301320156736	0	2.05686443946015	64	0.00634834703537083	64	167	163
"HiG_0"	"BUB3"	0.0032929463674228	"HiG"	0.21369390206505	0.566	209.5	132	99.58813675661	0	1.37573260291005	126	0.00424608828058656	126	102	163
"HiG_0"	"C12orf45"	0.000679540009562446	"HiG"	0.0171294465423946	0.905	325	298	105.604498634387	0	0.112569043850058	287	0.000347435320524872	287	50	163
"HiG_0"	"C1QBP"	0.00389828851408505	"HiG"	0.304400324899335	0.672	285	99	111.436254130852	0	1.7042040430969	94	0.00525988902190402	94	21	163
"HiG_0"	"CACYBP"	0.00176264619092382	"HiG"	0.128479526558335	0.842	322	213	124.212936258878	0	0.660251580561225	204	0.00203781352025069	204	5	163
"HiG_0"	"CALM1"	0.00350614210163243	"HiG"	0.179487071449006	0.301	82	120	98.6264952550484	0	1.28511571549197	137	0.00396640652929621	137	117	163
"HiG_0"	"CALM2"	0.00260604669482474	"HiG"	0.143085339498524	0.344	104	170	96.7830628965701	0	0.965819592734211	170	0.00298092466893275	170	133	163
"HiG_0"	"CBR1"	0.00145765124300998	"HiG"	0.0727907642213499	0.331	94	234	99.5818577017744	0	0.448116834206259	231	0.00138307664878475	231	103	163
"HiG_0"	"CCNA2"	0.00535345081043086	"HiG"	0.348477929447341	0.499	171	40	97.3481430079286	0	2.36466840666693	40	0.00729835927983619	40	128	163
"HiG_0"	"CCNB1"	0.00781911918950364	"HiG"	0.538525858821475	0.392	134	12	98.7456114796382	0	3.54425096636681	11	0.0109390461924902	11	113	163
"HiG_0"	"CCT3"	0.00478196435523769	"HiG"	0.341764464634794	0.552	200.5	64	110.546621296436	0	2.08878185728582	63	0.00644685758421551	63	26	163
"HiG_0"	"CCT6A"	0.00541452755602429	"HiG"	0.409266710615089	0.618	246	38	112.484423231454	0	2.4328247451384	38	0.00750871834919258	38	14	163
"HiG_0"	"CD24"	0.00286970321292232	"HiG"	0.134544533354218	0.18	15	157	105.119888530403	0	0.96172954647409	172	0.00296830106936447	172	56	163
"HiG_0"	"CD2AP"	0.00096484714659275	"HiG"	0.0183000661227414	0.25	44.5	270	82.8363705813807	0	0.156109793782902	276	0.000481820351181796	276	232	163
"HiG_0"	"CD9"	0.00170293307457018	"HiG"	0.0952672219302542	0.251	46.5	218	119.713979929492	0	0.529505851864529	219	0.00163427732056953	219	7	163
"HiG_0"	"CDC20"	0.00485277341606154	"HiG"	0.312845412116176	0.61	241	61	96.8621534690974	0	2.15719951069993	58	0.00665802318117262	58	132	163
"HiG_0"	"CDCA7L"	0.00080334827000115	"HiG"	0.0144823197401101	0.703	299	285	84.2688896325529	0	0.156121851720737	275	0.000481857567039312	275	227	163
"HiG_0"	"CEBPZ"	0.00295086097274553	"HiG"	0.125024328100881	0.526	186.5	149	85.4056073115335	0	1.11640378903663	149	0.00344569070690318	149	220	163
"HiG_0"	"CEBPZOS"	0.000467557170022519	"HiG"	0.000436407397574386	0.843	323	325	94	0	0.00295206329348908	324	9.11130646138605e-06	324	153	163
"HiG_0"	"CENPE"	0.00350765386921621	"HiG"	0.201812412733392	0.679	286.5	119	85.9183353568871	0	1.52057648589422	112	0.00469313730214266	112	215	163
"HiG_0"	"CENPF"	0.00647584198364004	"HiG"	0.338351020081671	0.342	100	24	84.6405921247801	0	2.77821974461718	23	0.00857475229820116	23	225	163
"HiG_0"	"CENPU"	0.0017312806024215	"HiG"	0.0803522755437705	0.665	280	215	89.2139121312338	0	0.617622972765838	212	0.00190624374310444	212	195	163
"HiG_0"	"CENPW"	0.00204532549774251	"HiG"	0.13252846866174	0.79	320	198	104.546582747533	0	0.802720560302869	184	0.00247753259352737	184	63	163
"HiG_0"	"CFL1"	0.00455837334384962	"HiG"	0.293634544634697	0.176	13.5	74	103.127062615676	0	1.78263929385752	87	0.00550197312918988	87	74	163
"HiG_0"	"CHMP2B"	0.000557504355017396	"HiG"	0.00618346237650549	0.464	163	319	102.87045151229	0	0.0402417381065675	312	0.00012420289539064	312	77	163
"HiG_0"	"CKB"	0.00150930753753061	"HiG"	0.0835423861108879	0.296	79	229	114.63003317064	0	0.467366117004304	226	0.00144248801544538	226	12	163
"HiG_0"	"CKS1B"	0.0028336634177741	"HiG"	0.200273378754428	0.744	313.5	159	102.784976385968	0	1.18671763827717	145	0.00366270876011473	145	79	163
"HiG_0"	"CKS2"	0.00471745968605695	"HiG"	0.354209833314485	0.713	301.5	65	101.975322143655	0	2.15256987989456	59	0.00664373419720542	59	89	163
"HiG_0"	"CLDN6"	0.000963767809478828	"HiG"	0.0256643189893808	0.278	67	271	95.751125389017	0	0.194304591042639	266	0.000599705527909381	266	139	163
"HiG_0"	"CLIC1"	0.00119029354030059	"HiG"	0.0555944346672601	0.36	115	255	108.442050622966	0	0.334558255778675	242	0.00103258720919344	242	34	163
"HiG_0"	"CLU"	0.00146249771825128	"HiG"	0.0310290083174939	0.185	18	233	82.0592035564685	0	0.310053158821729	249	0.000956954193894226	249	237	163
"HiG_0"	"CMAS"	0.000521666161025479	"HiG"	0.00287267325765808	0.426	150	323	77.470976321853	0	0.0204048604734151	322	6.29779644241206e-05	322	259	163
"HiG_0"	"CNMD"	0.000649536044280724	"HiG"	0.00877993781379707	0.276	65.5	303	100.248902363948	0	0.0647997267142789	298	0.000199999156525552	298	99	163
"HiG_0"	"COA6"	0.00146998941539578	"HiG"	0.0506199230360584	0.738	311	230	68.5699430887557	0	0.498020966417654	223	0.00153710174820264	223	283	163
"HiG_0"	"COX4I1"	0.0033203160330009	"HiG"	0.18977148853087	0.605	235	131	83.489051939903	0	1.39901673066227	124	0.00431795287241441	124	229	163
"HiG_0"	"COX5A"	0.00372247926633415	"HiG"	0.196137989482282	0.661	276	106	74.2206083590647	0	1.62629814063337	100	0.00501943870565855	100	264	163
"HiG_0"	"COX5B"	0.00370192566052027	"HiG"	0.188078159945953	0.669	283	109	74.5506756539199	0	1.60645511529447	102	0.00495819480029157	102	263	163
"HiG_0"	"COX6A1"	0.00390387971058653	"HiG"	0.216758156126144	0.731	309	98	71.3143963827019	0	1.76660532352005	89	0.00545248556641991	89	272	163
"HiG_0"	"COX6B1"	0.00313244689472407	"HiG"	0.150047036520209	0.662	277.5	143	71.4255402179662	0	1.33561471804433	131	0.00412226764828497	131	271	163
"HiG_0"	"COX7B"	0.00290953606073334	"HiG"	0.124190041627356	0.649	261.5	152	64.8200809331155	0	1.22399384267736	144	0.00377775877369557	144	291	163
"HiG_0"	"COX7C"	0.00518629736100709	"HiG"	0.256435068162732	0.649	261.5	44	70.7882886629115	0	2.3581921101079	41	0.00727837071020956	41	274	163
"HiG_0"	"COX8A"	0.00318686492770952	"HiG"	0.1471588245565	0.684	290	139	67.7807317604218	0	1.36855880678222	129	0.00422394693451303	129	285	163
"HiG_0"	"CRABP1"	0.00123944902580629	"HiG"	0.0321786906352668	0.242	39	247	90.6030757668459	0	0.218993138446642	261	0.000675904748292104	261	186	163
"HiG_0"	"CTSC"	0.000811897369193862	"HiG"	0.0261230780390143	0.272	60.5	284	122.208568563258	0	0.143825403198808	280	0.000443905565428421	280	6	163
"HiG_0"	"CYB5A"	0.00181508716669028	"HiG"	0.0733223796275747	0.297	80	208	80.7406609508578	0	0.571969917689514	217	0.00176533925212813	217	247	163
"HiG_0"	"CYCS"	0.00416514634997892	"HiG"	0.245670572308064	0.38	127	85	89.7823905469284	0	1.73759084678366	92	0.00536293471229523	92	190	163
"HiG_0"	"DBI"	0.00274901211096536	"HiG"	0.0998611030586203	0.259	51.5	163	72.9568503263561	0	0.946576673409527	174	0.002921532942622	174	269	163
"HiG_0"	"DDX21"	0.00684723114293954	"HiG"	0.377672260273721	0.429	152.5	17	91.8385266615217	0	3.00487444300668	18	0.00927430383644036	18	177	163
"HiG_0"	"DDX24"	0.00229404471654901	"HiG"	0.103387198299075	0.639	254.5	186	85.6539235828778	0	0.881165155407681	180	0.00271964554138173	180	217	163
"HiG_0"	"DDX46"	0.0020283249058985	"HiG"	0.089840560637585	0.683	289	200	89.2523225541	0	0.742506616981958	195	0.00229168708945049	195	194	163
"HiG_0"	"DEK"	0.00231211103744554	"HiG"	0.105917452438052	0.509	177	185	92.1647508369308	0	0.84632576427513	183	0.00261211655640472	183	170	163
"HiG_0"	"DIAPH2"	0.000828018326064406	"HiG"	0.012857284848071	0.396	142.5	283	73.7823307828835	0	0.140828244667547	281	0.000434655076134406	281	266	163
"HiG_0"	"DKC1"	0.00497159177085475	"HiG"	0.278512009568104	0.543	197	54	92.7311738172055	0	2.15881644521312	57	0.00666301371979357	57	163	163
"HiG_0"	"DLGAP5"	0.00453181455132101	"HiG"	0.289730142170289	0.647	260	75	91.7513462908156	0	2.03024156736472	68	0.00626617767705159	68	179	163
"HiG_0"	"DMKN"	0.000469675987757906	"HiG"	0.000266609077012275	0.333	95	324	146	0	0.00288713168213406	325	8.91090025350018e-06	325	1	163
"HiG_0"	"DNMT1"	0.00255514937677672	"HiG"	0.136475270978192	0.238	38	173	103.603009344747	0	0.943025905201393	175	0.00291057378148578	175	73	163
"HiG_0"	"DNMT3B"	0.00518530337929128	"HiG"	0.241519381073295	0.13	5	45	85.6684265493901	0	1.91810080763473	73	0.00592006422109483	73	216	163
"HiG_0"	"DPPA4"	0.00250160813152581	"HiG"	0.0638490869738366	0.206	23.5	177	65.6597823588842	0	0.790244776485724	186	0.0024390270879189	186	289	163
"HiG_0"	"DPYSL3"	0.00105838574656888	"HiG"	0.00942307164756053	0.247	42	265	56.4322043319205	0	0.154541085543686	277	0.000476978659085452	277	308	163
"HiG_0"	"DUT"	0.00208023313773519	"HiG"	0.122519441108962	0.726	306	195	107.564173812313	0	0.793604083342642	185	0.00244939531895877	185	39	163
"HiG_0"	"EBNA1BP2"	0.00268344373982326	"HiG"	0.139446425866834	0.695	295.5	168	88.6661870309098	0	1.09090404383829	153	0.00336698778962434	153	202	163
"HiG_0"	"ECT2"	0.00327076205504703	"HiG"	0.189775995383987	0.55	199	134	91.2753890541124	0	1.35025623292197	130	0.00416745750901843	130	182	163
"HiG_0"	"EIF2AK4"	0.00130661872639564	"HiG"	0.0566604010049804	0.598	229.5	245	111.299034708512	0	0.39186535477629	235	0.00120946097153176	235	23	163
"HiG_0"	"EIF2S2"	0.00248362197717463	"HiG"	0.138055205416942	0.744	313.5	178	98.3363630622343	0	0.998050947312569	168	0.00308040415837213	168	119	163
"HiG_0"	"EIF5B"	0.00405567057811688	"HiG"	0.229453718516983	0.527	188	93	99.2002981738757	0	1.69266867296605	95	0.00522428602767298	95	108	163
"HiG_0"	"ELOVL6"	0.0013657990263438	"HiG"	0.0119018624777619	0.337	97.5	241	35.6998841094622	0	0.335356996355955	241	0.00103505245788875	241	322	163
"HiG_0"	"ENO1"	0.00488741318416248	"HiG"	0.302760728066676	0.214	27.5	58	102.104601944083	0	1.96086448505424	72	0.00605205087979705	72	87	163
"HiG_0"	"ENY2"	0.00168219309089874	"HiG"	0.0699763598596269	0.273	62	219	89.1056554337147	0	0.517686767147686	222	0.00159779866403607	222	196	163
"HiG_0"	"EPCAM"	0.00256098368128495	"HiG"	0.0728471290520039	0.16	9	172	81.4120378253419	0	0.692412969561775	199	0.00213707706654869	199	242	163
"HiG_0"	"EPRS"	0.00393076615695467	"HiG"	0.201656996123993	0.314	89	96	95.0589146011101	0	1.5641109818902	108	0.00482750303052532	108	142	163
"HiG_0"	"FAM162A"	0.00122232360100092	"HiG"	0.0495458812819409	0.374	122.5	252	105.070353660965	0	0.30630217292536	250	0.000945377076930124	250	58	163
"HiG_0"	"FAM98A"	0.000997673903351481	"HiG"	0.0243188287077776	0.372	121	269	89.3607521885361	0	0.189627812295483	268	0.000585271025603343	268	193	163
"HiG_0"	"FDFT1"	0.00369466943676385	"HiG"	0.118724053653486	0.193	19	110	69.4054387173542	0	1.23874630585874	142	0.00382329106746524	142	280	163
"HiG_0"	"FDPS"	0.00290675312114047	"HiG"	0.0741701277380675	0.259	51.5	153	61.254289056097	0	0.964542623709977	171	0.00297698340651228	171	298	163
"HiG_0"	"FGFR1"	0.00123600327740891	"HiG"	0.0275754973836587	0.22	33	249	84.9998020771142	0	0.262715895946462	257	0.000810851530698957	257	223	163
"HiG_0"	"FKBP3"	0.00282659884692284	"HiG"	0.146686883838105	0.407	146	160	92.2459266842532	0	1.09867709343158	152	0.00339097868343081	152	168	163
"HiG_0"	"FNBP1L"	0.000563436576648833	"HiG"	0.00179633728250631	0.384	129	318	52.3349124118206	0	0.0307675014372212	317	9.49614241889544e-05	317	314	163
"HiG_0"	"FTH1"	0.00306056277737467	"HiG"	0.194442864868208	0.214	27.5	146	102.941147312971	0	1.10254657602966	151	0.00340292153095574	151	75	163
"HiG_0"	"FTL"	0.0034333531535418	"HiG"	0.212845811701524	0.276	65.5	125	100.752713187289	0	1.30875713669143	134	0.00403937387867725	134	95	163
"HiG_0"	"G3BP2"	0.00194595971806446	"HiG"	0.105905979827917	0.351	109.5	204	102.611977000602	0	0.676107516493159	202	0.00208675159411469	202	81	163
"HiG_0"	"GADD45GIP1"	0.000864126265715335	"HiG"	0.0276677112923355	0.863	324	276	103.83832685781	0	0.201390196670554	264	0.000621574681081957	264	71	163
"HiG_0"	"GAL"	0.000602875211430415	"HiG"	0.00619153605158698	0.366	118	310	68.8706238783422	0	0.0585201136270656	302	0.000180617634651437	302	282	163
"HiG_0"	"GALNT7"	0.000570047340376404	"HiG"	0.000137194910110628	0.393	136	317	15	0	0.0156720243346589	323	4.83704454773423e-05	323	325	163
"HiG_0"	"GAPDH"	0.0171204130423098	"HiG"	1	0.174	12	1	88.7119336267058	0	7.29009582783906	1	0.0225002957649354	1	201	163
"HiG_0"	"GGCT"	0.000647745072223439	"HiG"	0.0152916623883948	0.727	307	304	111.260257963718	0	0.0896758414604123	292	0.000276777288458063	292	24	163
"HiG_0"	"GMNN"	0.00313940222058441	"HiG"	0.171953225261559	0.506	176	142	92.0874524564047	0	1.27950780546646	138	0.00394909816501995	138	173	163
"HiG_0"	"GNL3"	0.0041272393128619	"HiG"	0.228207031958826	0.634	251	86	90.4649841738474	0	1.79274404637906	82	0.0055331606369724	82	187	163
"HiG_0"	"GPATCH4"	0.00205788847365346	"HiG"	0.0858963070758281	0.686	293	197	82.4434497155315	0	0.762568482914898	193	0.00235360642874968	193	233	163
"HiG_0"	"GPM6B"	0.000792744380595536	"HiG"	0.000466593333980478	0.252	48	286	17.074698233925	0	0.0530348977584679	305	0.000163687956044654	305	324	163
"HiG_0"	"GSPT1"	0.00178236846247875	"HiG"	0.0917574417371295	0.713	301.5	210	106.052795105111	0	0.638272436829753	209	0.00196997665688196	209	48	163
"HiG_0"	"GSTP1"	0.00390718068897589	"HiG"	0.213548620445654	0.176	13.5	97	93.877782410497	0	1.41901679438241	120	0.00437968146414324	120	157	163
"HiG_0"	"GTPBP4"	0.00438626136635828	"HiG"	0.227093321744001	0.597	227	79	88.7361654544262	0	1.88535426430812	74	0.00581899464292629	74	200	163
"HiG_0"	"GULP1"	0.000665022891333615	"HiG"	0.00155558170800475	0.354	111	302	31.9408313297052	0	0.0550377315631723	304	0.000169869541861643	304	323	163
"HiG_0"	"H2AFZ"	0.00848594560096819	"HiG"	0.588016581682134	0.542	196	8	100.309704097651	0	3.87744131622623	8	0.011967411469834	8	98	163
"HiG_0"	"HDAC2"	0.00319822123859653	"HiG"	0.187125560430867	0.33	93	138	108.757548147005	0	1.2606282639952	139	0.00389082797529383	139	32	163
"HiG_0"	"HELLS"	0.00411657112077752	"HiG"	0.204348254571375	0.392	134	87	87.6746362087445	0	1.68709165319604	96	0.00520707300369149	96	206	163
"HiG_0"	"HINT1"	0.00314878067165808	"HiG"	0.196041754302293	0.606	236	141	92.9238269143144	0	1.31484428911341	133	0.00405816138615249	133	162	163
"HiG_0"	"HMGA1"	0.00223983822090078	"HiG"	0.0909908132736077	0.291	75	189	87.3570030285746	0	0.768041754384809	190	0.00237049924192842	190	210	163
"HiG_0"	"HMGB1"	0.00290118399520706	"HiG"	0.164732268114425	0.356	112.5	154	95.4589579574017	0	1.13560291004527	148	0.00350494725322615	148	141	163
"HiG_0"	"HMGB3"	0.00274709126128606	"HiG"	0.166639384596732	0.541	195	164	99.1106468294282	0	1.08843305673344	154	0.00335936128621434	154	109	163
"HiG_0"	"HMGCS1"	0.00338317270680655	"HiG"	0.0748426376282439	0.243	40	127	53.1610728697957	0	1.10897835308539	150	0.003422772694708	150	312	163
"HiG_0"	"HMGN5"	0.000717452252336955	"HiG"	0.0128800820175349	0.525	184.5	294	90.8847204436795	0	0.10768122044405	289	0.000332349445814969	289	184	163
"HiG_0"	"HMMR"	0.00407781689073049	"HiG"	0.250039693671406	0.469	165	90	92.1130453419893	0	1.74870080814532	91	0.0053972247164979	91	172	163
"HiG_0"	"HNRNPA2B1"	0.00628099119416139	"HiG"	0.476211482072846	0.521	183	26	108.080011626893	0	2.858768351352	19	0.0088233591091111	19	37	163
"HiG_0"	"HNRNPAB"	0.0038181865774127	"HiG"	0.250220217018419	0.585	219	102	102.366978137432	0	1.62771159266383	99	0.00502380121192539	99	83	163
"HiG_0"	"HNRNPC"	0.00571943110343661	"HiG"	0.466286769320846	0.57	211.5	32	111.389611786649	0	2.59776615389078	28	0.00801779677126785	28	22	163
"HiG_0"	"HNRNPD"	0.00601159999424268	"HiG"	0.396424725286562	0.583	215.5	28	104.091197655545	0	2.66422017312919	26	0.00822290176891725	26	68	163
"HiG_0"	"HNRNPM"	0.00558827312207157	"HiG"	0.394383491812764	0.534	191.5	35	104.165531400948	0	2.50340763000671	34	0.00772656675927997	34	67	163
"HiG_0"	"HSP90AA1"	0.00845904940022134	"HiG"	0.542802809426249	0.343	102.5	9	98.6986616318145	0	3.69177731224055	10	0.0113943744204955	10	114	163
"HiG_0"	"HSP90AB1"	0.00906419375866127	"HiG"	0.597909627631418	0.342	100	6	104.020854896155	0	4.00388114432594	7	0.0123576578528579	7	70	163
"HiG_0"	"HSPA4"	0.00656110291593929	"HiG"	0.394459667676373	0.29	73.5	23	98.8774919057788	0	2.79798176219128	22	0.00863574617960272	22	111	163
"HiG_0"	"HSPA8"	0.00775325775292794	"HiG"	0.578905913581078	0.217	30	13	108.857744832397	0	3.36905584060419	15	0.0103983204956919	15	31	163
"HiG_0"	"HSPA9"	0.00361860424280179	"HiG"	0.253091395193921	0.6	232.5	114	112.018168670305	0	1.53585893370037	110	0.00474030535092706	110	18	163
"HiG_0"	"HSPD1"	0.0076189767309995	"HiG"	0.583889777883161	0.394	138	14	112.545616027453	0	3.39393154837145	14	0.0104750973715168	14	13	163
"HiG_0"	"HSPE1"	0.00885278832487479	"HiG"	0.612492003023533	0.47	166	7	97.5975075313184	0	4.02569687486377	6	0.0124249903545178	6	125	163
"HiG_0"	"HSPH1"	0.00188016277897951	"HiG"	0.137076289651225	0.667	282	206	131.070783176828	0	0.704991867242462	198	0.00217590082482241	198	3	163
"HiG_0"	"IDI1"	0.0021235170447739	"HiG"	0.0323768044147511	0.272	60.5	192	42.6359899921181	0	0.627337141684229	210	0.00193622574593898	210	320	163
"HiG_0"	"IMP3"	0.00316462453651569	"HiG"	0.179365850350247	0.632	250	140	91.5779525808918	0	1.30772780816808	135	0.00403619693879036	135	181	163
"HiG_0"	"IQGAP2"	0.000676979389854448	"HiG"	0.00726252770945401	0.441	157	299	69.8220972437295	0	0.0844207070241706	294	0.000260557737728921	294	279	163
"HiG_0"	"JADE1"	0.000544982873050238	"HiG"	0.00118206047984375	0.455	161.5	320	58.5566058523471	0	0.0213716656443306	321	6.59619310010203e-05	321	306	163
"HiG_0"	"JARID2"	0.00288013470540976	"HiG"	0.113799560943043	0.246	41	155	77.3113596884564	0	1.01683688968709	166	0.00313838546199719	166	260	163
"HiG_0"	"JMJD1C"	0.000865422370253477	"HiG"	0.0152240509418583	0.343	102.5	275	85.6120816798012	0	0.160314074993074	274	0.0004947965277564	274	219	163
"HiG_0"	"JPT1"	0.00120983149802206	"HiG"	0.0500238885422494	0.432	156	254	94.9520302688492	0	0.312039180761742	247	0.000963083891239945	247	148	163
"HiG_0"	"KIF20B"	0.0019848322660432	"HiG"	0.0876801729478272	0.639	254.5	202	82.2478390906344	0	0.741850727189569	196	0.00228966273823941	196	236	163
"HiG_0"	"KNOP1"	0.000854553844709954	"HiG"	0.0183570110386448	0.783	319	278	80.0212399822867	0	0.182354692998603	271	0.000562823126538897	271	250	163
"HiG_0"	"KPNA2"	0.00596550893877669	"HiG"	0.46563612589746	0.53	190	29	104.44397096472	0	2.70459368399134	25	0.00834751137034365	25	64	163
"HiG_0"	"L1TD1"	0.00545206469843416	"HiG"	0.266343896287095	0.167	10	37	87.4442211994461	0	2.12101108861062	61	0.00654633052040315	61	209	163
"HiG_0"	"LARS"	0.00177872290929802	"HiG"	0.0830208226377351	0.536	193	211	104.997234452952	0	0.614745029107126	213	0.00189736120094792	213	59	163
"HiG_0"	"LIN28A"	0.00309536734125738	"HiG"	0.108805330665028	0.169	11	144	79.4056769578253	0	1.0421456084047	162	0.00321649879137254	162	252	163
"HiG_0"	"LYAR"	0.00348993386515165	"HiG"	0.167655109346904	0.637	253	122	85.2133775120491	0	1.45729475796989	119	0.00449782332706755	119	222	163
"HiG_0"	"MAD2L2"	0.00137268179989117	"HiG"	0.0752030351935584	0.766	317	240	108.733585058177	0	0.453990900944657	229	0.00140120648439709	229	33	163
"HiG_0"	"MARCKSL1"	0.000577456911762911	"HiG"	0.00376466042958571	0.361	116	315	80.7417544307713	0	0.0442062200746781	311	0.000136438950847772	311	246	163
"HiG_0"	"MCM3"	0.0027652346463168	"HiG"	0.139489746780092	0.414	147	161	101.302142464712	0	1.04006795997913	163	0.00321008629623188	163	93	163
"HiG_0"	"MCM4"	0.00263896741632542	"HiG"	0.135736196896981	0.61	241	169	99.5413269513174	0	1.05257450761381	160	0.00324868675189449	160	104	163
"HiG_0"	"MCM6"	0.00284540313446772	"HiG"	0.146751239746341	0.608	238	158	96.209202017533	0	1.14491407588311	147	0.00353368541939231	147	136	163
"HiG_0"	"MFGE8"	0.00113102164461487	"HiG"	0.0211133279228642	0.205	22	259	97.9935154824314	0	0.194820055602079	265	0.000601296467907651	265	121	163
"HiG_0"	"MGST1"	0.00136188599896065	"HiG"	0.0541094805521731	0.318	90	242	89.0062512797631	0	0.375973118859547	239	0.00116041086067761	239	198	163
"HiG_0"	"MIF"	0.00275184193395813	"HiG"	0.192943100212955	0.404	145	162	112.09387296184	0	1.07191097358753	158	0.00330836720243064	158	17	163
"HiG_0"	"MIS18BP1"	0.00163314921379835	"HiG"	0.0743324055084042	0.728	308	223	82.2996342795291	0	0.584144758248742	215	0.00180291592052081	215	235	163
"HiG_0"	"MKI67"	0.00506728760745578	"HiG"	0.296589412251813	0.501	172.5	48	89.3870798079732	0	2.23362732098048	49	0.00689391148450765	49	192	163
"HiG_0"	"MLEC"	0.000666861329309788	"HiG"	0.002776695653085	0.335	96	301	53.1902690423177	0	0.0556450304574799	303	0.000171743921165061	303	311	163
"HiG_0"	"MSH2"	0.0029243048350563	"HiG"	0.151711818920324	0.43	154.5	151	98.6875513121225	0	1.14552728051152	146	0.00353557802627013	146	116	163
"HiG_0"	"MT-ATP6"	0.00492090089004049	"HiG"	0.35261981914582	0.597	227	57	62.4406681978348	0	2.41613477898845	39	0.00745720610798905	39	295	163
"HiG_0"	"MT-ATP8"	0.00365766767637512	"HiG"	0.259089550357666	0.695	295.5	113	60.9339970591247	0	1.77992280873806	88	0.00549358891585822	88	300	163
"HiG_0"	"MT-CO2"	0.00505206800024633	"HiG"	0.349084251965918	0.666	281	49	61.7004435662597	0	2.50537115832875	33	0.00773262703187887	33	296	163
"HiG_0"	"MT-CO3"	0.00463411909593739	"HiG"	0.318557074459991	0.685	291.5	71	60.3161473111425	0	2.30107639295302	47	0.00710208763257105	47	302	163
"HiG_0"	"MT-CYB"	0.00503427802071802	"HiG"	0.354041125808881	0.655	269.5	50	61.3021248348925	0	2.49278118669959	36	0.00769376909475182	36	297	163
"HiG_0"	"MT-ND2"	0.00442680316952354	"HiG"	0.322109523032333	0.655	269.5	77	59.8600124164516	0	2.17997625145959	53	0.00672832176376417	53	304	163
"HiG_0"	"MT-ND4"	0.00471094402261444	"HiG"	0.335896253921873	0.654	267	66	59.2634160249034	0	2.33810594942234	42	0.007216376387106	42	305	163
"HiG_0"	"MT1X"	0.0010367280412736	"HiG"	0.047984601892224	0.38	127	267	109.025943497518	0	0.258248032954687	259	0.000797061830107058	259	29	163
"HiG_0"	"MYL12B"	0.00162827188656105	"HiG"	0.0722996446316099	0.274	63	224	96.9019133822015	0	0.485630689558489	225	0.0014988601529583	225	131	163
"HiG_0"	"MYO10"	0.000626752252854934	"HiG"	0.00450613654021932	0.306	84	307	78.5495571693621	0	0.0479994821537138	308	0.000148146549857141	308	256	163
"HiG_0"	"NASP"	0.00518975168591263	"HiG"	0.337946950192195	0.657	272	43	99.3966928217968	0	2.3267500841233	44	0.00718132742013366	44	107	163
"HiG_0"	"NCL"	0.00957371857434431	"HiG"	0.640394234029661	0.61	241	3	102.926292944589	0	4.45554923855072	2	0.0137516951807121	2	76	163
"HiG_0"	"NDUFA4"	0.00464863630051531	"HiG"	0.231944585086656	0.612	243	69	70.8315272988521	0	2.05413510497279	66	0.00633992316349627	66	273	163
"HiG_0"	"NDUFAF4"	0.00127791774244411	"HiG"	0.0435611792213829	0.7	297.5	246	70.0210944377289	0	0.403675099699323	234	0.00124591080154112	234	278	163
"HiG_0"	"NDUFB1"	0.00194881424969612	"HiG"	0.0741636720259018	0.7	297.5	203	60.7964794808235	0	0.76232542494029	194	0.00235285624981571	194	301	163
"HiG_0"	"NDUFB4"	0.00303697393629406	"HiG"	0.13453362098768	0.679	286.5	147	66.5815323473037	0	1.28883007824791	136	0.00397787061187628	136	287	163
"HiG_0"	"NDUFS5"	0.00343737009783333	"HiG"	0.15259478969952	0.641	257	124	67.9587311392838	0	1.46745033102965	116	0.00452916768836311	116	284	163
"HiG_0"	"NIFK"	0.00335172744073579	"HiG"	0.161218758914608	0.6	232.5	129	84.3650055025998	0	1.37696764253131	125	0.00424990013126948	125	226	163
"HiG_0"	"NLN"	0.00100149414646168	"HiG"	0.0238716603888066	0.27	58	268	116.504036995438	0	0.140726740669491	282	0.000434341792189788	282	11	163
"HiG_0"	"NME1"	0.0055104960965119	"HiG"	0.382003977395205	0.594	224	36	99.5992730415116	0	2.4508192293752	37	0.00756425688078766	37	101	163
"HiG_0"	"NOLC1"	0.00435703569465326	"HiG"	0.239578028410818	0.467	164	80	92.055709858623	0	1.83007306403704	79	0.00564837365443531	79	175	163
"HiG_0"	"NOP10"	0.00334659885042388	"HiG"	0.189519662442466	0.658	273.5	130	90.2530158061519	0	1.4037967558205	123	0.00433270603648304	123	188	163
"HiG_0"	"NOP56"	0.00754391725492353	"HiG"	0.434710286711085	0.562	207.5	15	91.8116624313468	0	3.41174628315775	13	0.0105300811208573	13	178	163
"HiG_0"	"NOP58"	0.00568341492379214	"HiG"	0.323169517567245	0.615	245	33	91.6470457041249	0	2.53303875663231	31	0.00781802085380342	31	180	163
"HiG_0"	"NPM1"	0.00947420802317902	"HiG"	0.742298566240768	0.396	142.5	4	107.533767167372	0	4.31656674343832	4	0.0133227368624639	4	40	163
"HiG_0"	"NRDC"	0.000623719414426249	"HiG"	0.00490588126946825	0.35	108	308	82.3961493591479	0	0.048555158007417	307	0.000149861598788324	307	234	163
"HiG_0"	"NUCKS1"	0.00179687982220166	"HiG"	0.0745856192728179	0.556	205	209	86.0706216070707	0	0.620845665920666	211	0.00191619032691563	211	213	163
"HiG_0"	"OAZ1"	0.00139066763422399	"HiG"	0.0581284625181217	0.375	124.5	239	101.173155238754	0	0.376080091741903	238	0.00116074102389476	238	94	163
"HiG_0"	"OAZ2"	0.000703457315964782	"HiG"	0.00351177240084785	0.573	213	296	53.9376717610191	0	0.0780598012121642	296	0.000240925312383223	296	310	163
"HiG_0"	"OCIAD2"	0.000668702327322421	"HiG"	0.00189062827111296	0.258	50	300	80.2270973303091	0	0.02259715055422	320	6.97442918340122e-05	320	249	163
"HiG_0"	"PA2G4"	0.00495599779308352	"HiG"	0.301960659496974	0.558	206	55	95.7008389664673	0	2.17349264287434	56	0.00670831062615537	56	140	163
"HiG_0"	"PAICS"	0.00336673764080082	"HiG"	0.209665490950193	0.501	172.5	128	106.106646200611	0	1.37209216027601	128	0.0042348523465309	128	47	163
"HiG_0"	"PAK1"	0.00123019296974971	"HiG"	0.0347817396696874	0.342	100	251	92.5656106311029	0	0.271811796840946	255	0.000838925298891807	255	166	163
"HiG_0"	"PAK1IP1"	0.00269876928849746	"HiG"	0.107822752700942	0.689	294	166	79.9767651525439	0	1.07308732127567	157	0.00331199790517181	157	251	163
"HiG_0"	"PARP1"	0.00668818564906516	"HiG"	0.390665617108752	0.312	88	22	99.5135657815198	0	2.84609210269916	20	0.00878423488487394	20	106	163
"HiG_0"	"PAWR"	0.000522633233915576	"HiG"	0.00589401130505947	0.471	167.5	322	128.507006831174	0	0.0281713982010611	318	8.69487598798183e-05	318	4	163
"HiG_0"	"PCBP1"	0.00225833542359501	"HiG"	0.145657915969121	0.447	159.5	188	104.958165455461	0	0.860363210671992	182	0.00265544200824689	182	61	163
"HiG_0"	"PCNA"	0.00357083461406836	"HiG"	0.234273414941532	0.626	248	116	103.628511017272	0	1.5039734834777	114	0.00464189346752378	114	72	163
"HiG_0"	"PDIA3"	0.00301981793671667	"HiG"	0.171661027202801	0.213	26	148	105.484364987595	0	1.03717502803057	165	0.00320115749392151	165	53	163
"HiG_0"	"PEBP1"	0.00354704011429904	"HiG"	0.233773900670742	0.471	167.5	117	101.701619717282	0	1.47144743109673	115	0.0045415044169652	115	90	163
"HiG_0"	"PFDN4"	0.00146816739103817	"HiG"	0.0633455405840395	0.43	154.5	231	98.6966097567341	0	0.457016865391994	227	0.00141054588083949	227	115	163
"HiG_0"	"PFN1"	0.00369285949128078	"HiG"	0.22003493031739	0.206	23.5	112	101.474436043836	0	1.40553069237994	122	0.00433805769253068	122	91	163
"HiG_0"	"PGRMC1"	0.000960963863524213	"HiG"	0.0140933517723681	0.325	92	272	69.2836568609204	0	0.179445642988674	272	0.000553844577125536	272	281	163
"HiG_0"	"PIF1"	0.00216827025210441	"HiG"	0.110366739366544	0.455	161.5	191	95.0303912737342	0	0.782160926096013	187	0.0024140769323951	187	144	163
"HiG_0"	"PMAIP1"	0.000925366523103736	"HiG"	0.0361439401519115	0.369	119	274	135.126317025782	0	0.207556523671097	263	0.000640606554540422	263	2	163
"HiG_0"	"PODXL"	0.00156073647100382	"HiG"	0.0316606854965827	0.202	21	227	72.7257299456095	0	0.374546154121104	240	0.00115600664852192	240	270	163
"HiG_0"	"POLR2L"	0.0025651570958252	"HiG"	0.146586811213621	0.68	288	171	93.2757732245808	0	1.03904582791762	164	0.00320693156764697	164	160	163
"HiG_0"	"POLR3G"	0.000848239808249284	"HiG"	0.0176229526572378	0.809	321	280	73.5027255044691	0	0.188332272652816	270	0.000581272446459308	270	267	163
"HiG_0"	"POMP"	0.00171149475536783	"HiG"	0.0793472203932546	0.595	225	217	93.7910076456384	0	0.5929243324491	214	0.00183001337175648	214	158	163
"HiG_0"	"POU5F1"	0.00498681158948905	"HiG"	0.209431816290019	0.11	3	53	85.3386091764498	0	1.64942348780029	98	0.00509081323395152	98	221	163
"HiG_0"	"POU5F1B"	0.00109465691331126	"HiG"	0.0239711783646629	0.293	77	262	102.240724289549	0	0.189225771675457	269	0.000584030159492153	269	84	163
"HiG_0"	"PPIA"	0.00672635462519129	"HiG"	0.585865015330775	0.394	138	20	111.93092241248	0	3.05049893570665	17	0.00941512017193409	17	19	163
"HiG_0"	"PPM1G"	0.00204377139318684	"HiG"	0.119055882744684	0.745	315	199	104.369138731683	0	0.776443877772926	189	0.00239643172152138	189	66	163
"HiG_0"	"PRDX1"	0.00806560374331895	"HiG"	0.552347809923109	0.293	77	11	100.423173324278	0	3.48268757356486	12	0.0107490357208792	12	96	163
"HiG_0"	"PRIM1"	0.00183509212944284	"HiG"	0.0795648152654292	0.6	232.5	207	87.654555368155	0	0.648810453427865	207	0.00200250139946872	207	207	163
"HiG_0"	"PRPF40A"	0.00239821905264635	"HiG"	0.11844144997844	0.589	221	182	94.6270147515853	0	0.896752734135487	178	0.00276775535227002	178	150	163
"HiG_0"	"PSIP1"	0.00200982997521486	"HiG"	0.0868569967976638	0.375	124.5	201	94.9623085707403	0	0.679030025690889	200	0.00209577168423114	200	146	163
"HiG_0"	"PSMA4"	0.0038776352747974	"HiG"	0.225147464467051	0.495	169.5	100	97.7982128498982	0	1.60299126953069	103	0.0049475039183046	103	124	163
"HiG_0"	"PSMA7"	0.00423169697460375	"HiG"	0.262895043798275	0.503	174.5	83	104.042379692199	0	1.78526944487058	85	0.00551009087923017	85	69	163
"HiG_0"	"PSMD12"	0.00228886523138331	"HiG"	0.129313508124028	0.64	256	187	104.816259610386	0	0.878490959527442	181	0.00271139185039334	181	62	163
"HiG_0"	"PTMA"	0.00502461477850024	"HiG"	0.414026824748204	0.418	148	51	108.987624000122	0	2.21027926693601	51	0.00682184958930866	51	30	163
"HiG_0"	"PTPRZ1"	0.00153580393170784	"HiG"	0.0238379548637548	0.144	6	228	70.5262683829846	0	0.260695351053377	258	0.000804615281028941	258	276	163
"HiG_0"	"PTTG1"	0.00479407869255359	"HiG"	0.338225625056388	0.654	267	62	97.0062268752165	0	2.17796432239164	55	0.00672211210614704	55	130	163
"HiG_0"	"RAC1"	0.00210170785477827	"HiG"	0.0942578311214469	0.236	36	194	94.0767904468882	0	0.657268449927895	205	0.00202860632693795	205	152	163
"HiG_0"	"RAI14"	0.000849277472594849	"HiG"	0.0194565274336816	0.284	71	279	98.1784447018661	0	0.139616662552136	283	0.000430915625160914	283	120	163
"HiG_0"	"RAN"	0.00827459019893549	"HiG"	0.656528267298208	0.631	249	10	107.072563002576	0	3.86720047847046	9	0.0119358039458965	9	43	163
"HiG_0"	"RANBP1"	0.00399630988738226	"HiG"	0.307210216238895	0.733	310	94	105.953365862139	0	1.78907335503205	84	0.0055218313426915	84	49	163
"HiG_0"	"RARRES2"	0.000709709155730905	"HiG"	0.00538426263840182	0.305	83	295	57.4738580738071	0	0.0632983187189541	300	0.00019536518123134	300	307	163
"HiG_0"	"RBPJ"	0.00133056094801815	"HiG"	0.0275140207395799	0.251	46.5	244	73.9435321331475	0	0.324518715586859	245	0.00100160097403352	245	265	163
"HiG_0"	"REXO2"	0.000835176421142074	"HiG"	0.0143544229349143	0.395	140.5	281	79.1844044662112	0	0.15397371647829	278	0.000475227519994721	278	254	163
"HiG_0"	"RFC1"	0.00117082476266506	"HiG"	0.0436908011995243	0.562	207.5	256	95.8319414023494	0	0.334211862615225	243	0.00103151809449143	243	137	163
"HiG_0"	"RPF2"	0.00442284674414447	"HiG"	0.209229255752802	0.549	198	78	82.035222603342	0	1.87032664500699	76	0.00577261310187344	76	239	163
"HiG_0"	"RPL22L1"	0.00376169647626982	"HiG"	0.18784696749264	0.51	178	104	90.7747129208276	0	1.53565414756959	111	0.00473967329496788	111	185	163
"HiG_0"	"RPL27A"	0.00499991737583946	"HiG"	0.331311852205914	0.511	179	52	99.0346898858984	0	2.17944729307846	54	0.00672668917616808	54	110	163
"HiG_0"	"RPS2"	0.0053751420382348	"HiG"	0.363759448106851	0.395	140.5	39	102.634255009243	0	2.33145535132855	43	0.00719584984977948	43	80	163
"HiG_0"	"RPS27A"	0.00945768657369323	"HiG"	0.587066622109531	0.322	91	5	93.208085002264	0	4.17062599464048	5	0.0128723024525941	5	161	163
"HiG_0"	"RPS5"	0.00515276679623686	"HiG"	0.343609398717282	0.583	215.5	46	98.8555617469379	0	2.27119855719171	48	0.00700987209009786	48	112	163
"HiG_0"	"RRM2"	0.00486298279315773	"HiG"	0.338478668257122	0.57	211.5	59	104.383474860725	0	2.13992516357502	60	0.00660470729498462	60	65	163
"HiG_0"	"RRP15"	0.00269240940831581	"HiG"	0.117948668506981	0.706	300	167	81.6494646553394	0	1.07759804946321	156	0.00332591990575066	156	241	163
"HiG_0"	"RSL1D1"	0.00385371218720337	"HiG"	0.19143185235646	0.662	277.5	101	86.1130718431037	0	1.65007974847478	97	0.00509283872986045	97	212	163
"HiG_0"	"RUVBL1"	0.00353061223968093	"HiG"	0.226953705865003	0.514	181.5	118	106.474649368572	0	1.46662526828101	117	0.00452662119839818	117	46	163
"HiG_0"	"SCD"	0.00247340738607928	"HiG"	0.0481076660858944	0.234	35	179	52.2842320405237	0	0.73489070529472	197	0.00226818118918123	197	315	163
"HiG_0"	"SCG3"	0.000833327099795217	"HiG"	0.00284257297228714	0.261	53.5	282	41.0042801230904	0	0.0596260456995234	301	0.000184031005245443	301	321	163
"HiG_0"	"SCGB3A2"	0.000583556764828213	"HiG"	0.0019485235572712	0.349	106.5	313	61.2531268777228	0	0.0343828147275254	315	0.000106119798541745	315	299	163
"HiG_0"	"SELENOW"	0.000730966849431194	"HiG"	0.028074077395941	0.613	244	292	112.433106916656	0	0.132802725647052	284	0.000409884955700779	284	15	163
"HiG_0"	"SEM1"	0.00158999168902027	"HiG"	0.0718547034267979	0.566	209.5	226	89.090797468905	0	0.526732863776095	220	0.00162571871535832	220	197	163
"HiG_0"	"SEMA6A"	0.000733749749280746	"HiG"	0.00262321064758936	0.27	58	291	54.4143982979786	0	0.0698416761558568	297	0.000215560728876101	297	309	163
"HiG_0"	"SEPHS1"	0.00123326745124358	"HiG"	0.028383903883061	0.28	69	250	80.9456351829537	0	0.295545394264127	252	0.000912177142790515	252	244	163
"HiG_0"	"SERBP1"	0.00377869652338738	"HiG"	0.208623243579975	0.39	132	103	97.5252022691258	0	1.5047965371813	113	0.00464443375673241	113	126	163
"HiG_0"	"SET"	0.00451848000216647	"HiG"	0.339427572010109	0.591	223	76	107.488740527241	0	1.99132948334803	71	0.00614607865230874	71	41	163
"HiG_0"	"SFRP1"	0.00168073417429617	"HiG"	0.0396628873541731	0.184	17	220	82.0216142915482	0	0.381359105617956	237	0.00117703427659863	237	240	163
"HiG_0"	"SFRP2"	0.00146707103005375	"HiG"	0.0349910860445219	0.208	25	232	78.3696731668928	0	0.319588409227941	246	0.000986383979098584	246	257	163
"HiG_0"	"SLC25A5"	0.00172640272212658	"HiG"	0.0799978186282843	0.358	114	216	98.4895637068933	0	0.556425362423972	218	0.00171736222970362	218	118	163
"HiG_0"	"SLIRP"	0.00628876273877746	"HiG"	0.319360252891025	0.447	159.5	25	78.1173551359922	0	2.6218418525427	27	0.00809210448315647	27	258	163
"HiG_0"	"SLTM"	0.0014485702625741	"HiG"	0.0556100127806749	0.525	184.5	236	87.0381339779191	0	0.456874092159029	228	0.00141010522271305	228	211	163
"HiG_0"	"SMARCA5"	0.00456821297936671	"HiG"	0.210225992071799	0.249	43	73	92.5964952911919	0	1.78500599253149	86	0.00550927775472682	86	165	163
"HiG_0"	"SMC4"	0.00370898453200079	"HiG"	0.193951912273114	0.514	181.5	107	89.4615129479828	0	1.54176014774964	109	0.00475851897453591	109	191	163
"HiG_0"	"SMS"	0.00107588305460704	"HiG"	0.0273982430998019	0.428	151	264	93.9546894984751	0	0.209723914572829	262	0.000647296032632188	262	154	163
"HiG_0"	"SNRPD1"	0.00519277003478736	"HiG"	0.338713806703005	0.597	227	42	96.5329762079163	0	2.32374931812533	45	0.00717206579668313	45	135	163
"HiG_0"	"SNRPD2"	0.00495206890665086	"HiG"	0.303554531635341	0.65	263	56	91.1747799210475	0	2.20844449932281	52	0.00681618672630496	52	183	163
"HiG_0"	"SNRPF"	0.00579902697646523	"HiG"	0.338553040308683	0.526	186.5	31	88.0618552849146	0	2.55514551876885	29	0.00788625160113842	29	203	163
"HiG_0"	"SNRPG"	0.00526054340507625	"HiG"	0.307486469801083	0.534	191.5	41	85.6187113642076	0	2.30508465139574	46	0.00711445880060412	46	218	163
"HiG_0"	"SNRPN"	0.00161590800299847	"HiG"	0.0784916246167164	0.38	127	225	108.13871456014	0	0.487832428526499	224	0.00150565564360031	224	36	163
"HiG_0"	"SOD1"	0.00407420753736593	"HiG"	0.247146944531526	0.284	71	91	94.1040072171103	0	1.62480782304438	101	0.00501483896001352	101	151	163
"HiG_0"	"SOX2"	0.0068115732693015	"HiG"	0.1994907501192	0.036	1	18	70.5343247874053	0	2.05418971268385	65	0.00634009170581436	65	275	163
"HiG_0"	"SPATS2L"	0.000579652783726906	"HiG"	0.00684095848031783	0.392	134	314	111.050418448602	0	0.0528182916267642	306	0.000163019418601124	306	25	163
"HiG_0"	"SPINT2"	0.000781481809917724	"HiG"	0.00616628778873129	0.307	85	287	44.655505515622	0	0.109216719853876	288	0.000337088641524307	288	318	163
"HiG_0"	"SQLE"	0.00247100526443975	"HiG"	0.0555904417711545	0.268	56	180	50.2209334812232	0	0.781913461336989	188	0.00241331315227466	188	316	163
"HiG_0"	"SRRM1"	0.00144484441685159	"HiG"	0.0490662620092563	0.671	284	237	82.980032743202	0	0.450958600874301	230	0.00139184753356266	230	230	163
"HiG_0"	"SRSF3"	0.00406663435240279	"HiG"	0.301518041887158	0.654	267	92	104.973404830214	0	1.80642833141327	81	0.00557539608460886	81	60	163
"HiG_0"	"SSB"	0.004787561884692	"HiG"	0.295624097700759	0.6	232.5	63	97.0780414139868	0	2.0955871243134	62	0.00646786149479445	62	129	163
"HiG_0"	"SSBP1"	0.00434327483627669	"HiG"	0.264874904102777	0.528	189	81	94.9585485280999	0	1.84130028887336	78	0.00568302558294247	78	147	163
"HiG_0"	"SSRP1"	0.00349151889123998	"HiG"	0.205859013889095	0.586	220	121	100.190716269321	0	1.4616764693577	118	0.00451134712764721	118	100	163
"HiG_0"	"STMN1"	0.00322293241980694	"HiG"	0.186820883157073	0.284	71	136	94.9711757604172	0	1.25689888419715	140	0.00387931754381835	140	145	163
"HiG_0"	"STRBP"	0.000687314788584915	"HiG"	0.0106966959316896	0.385	130	297	92.0837514112191	0	0.0805838217785734	295	0.000248715499316584	295	174	163
"HiG_0"	"SUPT16H"	0.00307169852429498	"HiG"	0.167190780794541	0.659	275	145	99.526589605907	0	1.25362820932765	141	0.00386922286829522	141	105	163
"HiG_0"	"SYT1"	0.00123885478125139	"HiG"	0.0167581890770262	0.181	16	248	67.3245966671875	0	0.192299072962071	267	0.000593515657290342	267	286	163
"HiG_0"	"TARS"	0.00234376395455286	"HiG"	0.125836651997884	0.718	304	184	107.157862047562	0	0.908647861647936	177	0.00280446870878992	177	42	163
"HiG_0"	"TDGF1"	0.00252056338316267	"HiG"	0.0485777511037652	0.126	4	174	65.6380428720955	0	0.678577792833258	201	0.00209437590380635	201	290	163
"HiG_0"	"TERF1"	0.00485874316248896	"HiG"	0.306782964863268	0.29	73.5	60	105.268419217087	0	2.01280993651538	69	0.00621237634726968	69	55	163
"HiG_0"	"TFDP2"	0.000744863134925602	"HiG"	0.0165826963061776	0.653	265	290	94.8505646985393	0	0.131113492497198	285	0.000404671273139501	285	149	163
"HiG_0"	"THY1"	0.0028771882000687	"HiG"	0.0897232003032777	0.153	7	156	75.4138600577062	0	0.88562808457329	179	0.00273342001411509	179	262	163
"HiG_0"	"TIMM13"	0.00177599361217181	"HiG"	0.0846043963372262	0.777	318	212	95.0338452382183	0	0.646400885867809	208	0.00199506446255496	208	143	163
"HiG_0"	"TKT"	0.00339601418220671	"HiG"	0.210839059267994	0.3	81	126	106.865594010644	0	1.32624864903247	132	0.00409336002787799	132	45	163
"HiG_0"	"TMSB4X"	0.0021047458994906	"HiG"	0.103535213207816	0.25	44.5	193	105.076908573142	0	0.668380633936441	203	0.00206290319116186	203	57	163
"HiG_0"	"TOMM7"	0.00293056742374086	"HiG"	0.146587903160402	0.663	279	150	79.200839193965	0	1.22749612172803	143	0.00378856827693837	143	253	163
"HiG_0"	"TOP2A"	0.00969873100141956	"HiG"	0.544563779960914	0.337	97.5	2	87.4566884042836	0	4.31935615063053	3	0.0133313461439214	3	208	163
"HiG_0"	"TPI1"	0.00419228478634908	"HiG"	0.304596692277259	0.351	109.5	84	106.917032377967	0	1.75152280478907	90	0.00540593458268232	90	44	163
"HiG_0"	"TPM3"	0.0021750287540357	"HiG"	0.0997096651582409	0.348	105	190	93.4282013251392	0	0.764139213039841	192	0.00235845436123408	192	159	163
"HiG_0"	"TPX2"	0.00468338380212108	"HiG"	0.295700895186335	0.513	180	67	92.664050293185	0	2.04900320439488	67	0.00632408396418174	67	164	163
"HiG_0"	"TRIM71"	0.0011068896118452	"HiG"	0.0321113665310783	0.275	64	260	92.1615299530512	0	0.27488132530899	254	0.000848399152188241	254	171	163
"HiG_0"	"TRMT112"	0.00274017664956549	"HiG"	0.1675525575752	0.59	222	165	97.902795009598	0	1.07850887576418	155	0.00332873109803759	155	122	163
"HiG_0"	"TSTD1"	0.000605812603384202	"HiG"	0.00793517603250357	0.445	158	309	77.1845266616864	0	0.0638664180580184	299	0.000197118574253143	299	261	163
"HiG_0"	"TTK"	0.00370511002111251	"HiG"	0.218228175803859	0.658	273.5	108	90.2420190323279	0	1.59532938156276	104	0.00492385611593444	104	189	163
"HiG_0"	"TUBA1B"	0.00609844862642375	"HiG"	0.426274863816105	0.256	49	27	107.975697992131	0	2.52683397726503	32	0.0077988703002007	32	38	163
"HiG_0"	"TUBA1C"	0.00460561200965092	"HiG"	0.327488449810203	0.279	68	72	109.394434062382	0	1.88387089791437	75	0.00581441635158757	75	28	163
"HiG_0"	"TUBB"	0.00510027728400383	"HiG"	0.410412488056855	0.356	112.5	47	118.137586128268	0	2.22530871414623	50	0.00686823677205626	50	9	163
"HiG_0"	"TXLNG"	0.00057085125188526	"HiG"	0.00242733950742872	0.419	149	316	52.3394443151499	0	0.0382191273807435	313	0.000117960269693653	313	313	163
"HiG_0"	"TXN"	0.00673639570960128	"HiG"	0.431332541479786	0.293	77	19	91.8567138954648	0	2.83093682070328	21	0.00873745932315826	21	176	163
"HiG_0"	"TXNDC17"	0.00167673358114864	"HiG"	0.0728887399847296	0.584	217.5	221	80.8310339562757	0	0.578726021707336	216	0.00178619142502264	216	245	163
"HiG_0"	"UBE2C"	0.00669517130351846	"HiG"	0.476116302521833	0.656	271	21	100.346291788016	0	3.0987016056793	16	0.00956389384468918	16	97	163
"HiG_0"	"UBE2T"	0.00238309644841337	"HiG"	0.152552917245705	0.739	312	183	102.573793111427	0	0.958272999748806	173	0.00295763271527409	173	82	163
"HiG_0"	"UCHL1"	0.00324827251969148	"HiG"	0.159280012248509	0.154	8	135	102.849533691881	0	1.06368904345101	159	0.00328299087484881	159	78	163
"HiG_0"	"UGP2"	0.00113994922125636	"HiG"	0.0384145966741099	0.267	55	257	119.332923575529	0	0.270101979625611	256	0.00083364808526423	256	8	163
"HiG_0"	"UQCRH"	0.0040868402935794	"HiG"	0.214017448519746	0.685	291.5	88	73.3227371845399	0	1.81137146028664	80	0.00559065265520569	80	268	163
"HiG_0"	"UQCRQ"	0.00396335658969257	"HiG"	0.181884750824325	0.623	247	95	70.0574383760007	0	1.71687681750788	93	0.00529900252317246	93	277	163
"HiG_0"	"USO1"	0.00140620266904358	"HiG"	0.0189115587669731	0.27	58	238	82.8608355766484	0	0.172634131716917	273	0.000532821394188016	273	231	163
"HiG_0"	"USP44"	0.00135599903976962	"HiG"	0.0465351259479709	0.31	86	243	80.3099068275612	0	0.391400106512494	236	0.00120802502010029	236	248	163
"HiG_0"	"VASH2"	0.000531519964039355	"HiG"	0.00612904624678989	0.554	202	321	101.408182881841	0	0.0339514644358546	316	0.000104788470481033	316	92	163
"HiG_0"	"VCL"	0.00175891679805173	"HiG"	0.0719410517498328	0.222	34	214	110.288591800788	0	0.519616665422918	221	0.00160375514019419	221	27	163
"HiG_0"	"VSNL1"	0.000954994644453015	"HiG"	0.0172930492717135	0.217	30	273	86.0092616587443	0	0.151578508100517	279	0.000467834901544805	279	214	163
"HiG_0"	"WDR43"	0.00320387077794272	"HiG"	0.184955706432366	0.759	316	137	92.2438021958668	0	1.37513381497629	127	0.00424424016967989	127	169	163
"HiG_0"	"XRCC5"	0.00467546939411191	"HiG"	0.313113842424236	0.495	169.5	68	105.495506938353	0	2.00772186718886	70	0.00619667242959525	70	52	163
"HiG_0"	"XRN2"	0.0020706850767864	"HiG"	0.107210515385011	0.582	214	196	97.3908655715662	0	0.766795941809226	191	0.0023666541413865	191	127	163
"HiG_0"	"YBX1"	0.00582371678611653	"HiG"	0.380202646574186	0.371	120	30	102.225085077127	0	2.49750613738267	35	0.00770835227587244	35	85	163
"HiG_0"	"YBX3"	0.00109314438463928	"HiG"	0.0521875956172482	0.636	252	263	118.126435882004	0	0.305584396767247	251	0.000943161718417429	251	10	163
"HiG_0"	"YWHAB"	0.00251997438040292	"HiG"	0.144994301094305	0.374	122.5	175	108.248316698664	0	0.936021837172258	176	0.0028889562875687	176	35	163
"HiG_0"	"YY1"	0.00188394821234766	"HiG"	0.104916076218441	0.311	87	205	111.789084378285	0	0.656845949323053	206	0.00202730231272547	206	20	163
"HiG_0"	"ZFP42"	0.00165417583668924	"HiG"	0.0342819185761764	0.217	30	222	64.2021963936942	0	0.442891811622546	232	0.00136695003587206	232	293	163
"HiG_0"	"ZNF770"	0.000597774365033771	"HiG"	0.00313920767662483	0.365	117	311	78.780235698686	0	0.0363397951978213	314	0.000112159861721671	314	255	163
"HiG_1"	"AAK1"	0.000409203564908471	"HiG"	0.00146894896972048	0.165	463.5	734	88.3762676935973	0	0.103535296662385	683	8.97186279570064e-05	683	591	577.5
"HiG_1"	"AAMDC"	0.000246273190765334	"HiG"	9.25553097973921e-06	0.108	92.5	1001	23.5819333034244	0	0.0209545983162112	1074	1.81582307766128e-05	1074	1147	577.5
"HiG_1"	"AASDHPPT"	0.000225669741060606	"HiG"	0.000217028998632603	0.148	397.5	1040	77.1333987114428	0	0.0194346499520375	1086	1.68411178093913e-05	1086	703	577.5
"HiG_1"	"ACADVL"	0.000525251591985821	"HiG"	0.00354452493881495	0.168	469.5	590	78.2210172556858	0	0.117653526721042	647	0.000101952796118754	647	687	577.5
"HiG_1"	"ACBD5"	0.000369665656932714	"HiG"	0.00219639490925192	0.139	348.5	786	74.6356048535792	0	0.0729452712526812	808	6.32108069780599e-05	808	734	577.5
"HiG_1"	"ACTA1"	0.00217823292509484	"HiG"	0.115522407956058	0.673	934	77	123.226065733001	0	1.18917364205804	78	0.00103047975914909	78	305	577.5
"HiG_1"	"ACTA2"	0.00449807183254513	"HiG"	0.327907759657494	0.806	1043	19	137.164644234059	0	2.81086649790012	17	0.00243575953024273	17	166	577.5
"HiG_1"	"ACTG1"	0.00374066258103781	"HiG"	0.237838130582515	0.526	848	29	129.142893372919	0	2.05585655914904	34	0.00178150481728686	34	246	577.5
"HiG_1"	"ACTG2"	0.00199258908943298	"HiG"	0.160213028552285	0.77	1011.5	93	155.531233637549	0	1.22092977617922	74	0.0010579980729456	74	44	577.5
"HiG_1"	"ACTN2"	0.00147377497127519	"HiG"	0.0391331922645941	0.677	938	164	100.033746384629	0	0.777851996522047	142	0.000674048523849261	142	479	577.5
"HiG_1"	"ACTR10"	0.000670187078181004	"HiG"	0.00383468975001934	0.108	92.5	459	74.3725130218595	0	0.146202436298434	574	0.00012669188587386	574	741	577.5
"HiG_1"	"ADAM10"	0.000946057934711064	"HiG"	0.0253636070538922	0.41	778	306	125.121838076494	0	0.387534416675964	302	0.000335818385334457	302	292	577.5
"HiG_1"	"ADAMTS1"	0.00113745512078097	"HiG"	0.0795778158890084	0.821	1056.5	237	141.273730294734	0	0.602194394844631	202	0.000521832231234516	202	126	577.5
"HiG_1"	"ADAMTS9"	0.000627721179252713	"HiG"	0.0392057455158742	0.734	985	491	137.22139366074	0	0.285814416907461	383	0.000247672804945807	383	165	577.5
"HiG_1"	"ADD1"	0.000618865878637895	"HiG"	0.0105793033013009	0.354	734	498	119.348230074235	0	0.220469367602492	457	0.000191047978858312	457	332	577.5
"HiG_1"	"ADD3"	0.000686333918399178	"HiG"	0.010347914971228	0.285	673	446	111.96624359569	0	0.246191726591168	425	0.00021333771801661	425	398	577.5
"HiG_1"	"AEBP1"	0.000764203839511897	"HiG"	0.11266067023822	0.891	1120.5	390	150.98313297615	0	0.448782458031694	267	0.000388892944568192	267	69	577.5
"HiG_1"	"AFAP1L2"	0.000386912983745268	"HiG"	0.0013618830398137	0.178	500	766	45.032448225731	0	0.0784865924211747	786	6.80126450790075e-05	786	1041	577.5
"HiG_1"	"AFDN"	0.00124835986634077	"HiG"	0.0219711390701336	0.273	658	208	113.373607068648	0	0.510884185753068	242	0.000442707266683767	242	385	577.5
"HiG_1"	"AFF4"	0.00078449019763939	"HiG"	0.0025226158909133	0.131	293	377	86.1170668093661	0	0.221421100540343	456	0.00019187270410775	456	613	577.5
"HiG_1"	"AHCYL1"	0.00055756329503367	"HiG"	0.00355391043691664	0.172	489	556	85.4131300157092	0	0.147328773459725	571	0.000127667914609814	571	629	577.5
"HiG_1"	"AHNAK"	0.00203259500843277	"HiG"	0.179872179996947	0.648	908.5	87	132.478120019816	0	1.15770305621696	84	0.00100320888753636	84	214	577.5
"HiG_1"	"AIG1"	0.000215753456502439	"HiG"	0.000145226937101765	0.256	633.5	1066	47.4691960605521	0	0.0116622228732864	1123	1.01059123685324e-05	1123	1023	577.5
"HiG_1"	"AKAP12"	0.00106497204167823	"HiG"	0.0391913967186736	0.301	690.5	256	116.416784627429	0	0.458261058753152	265	0.000397106636701172	265	359	577.5
"HiG_1"	"AKAP13"	0.000715705211265213	"HiG"	0.00472701800950843	0.125	232.5	419	85.6917764882865	0	0.211771739491438	468	0.000183511039420657	468	623	577.5
"HiG_1"	"AKAP9"	0.00199556417125583	"HiG"	0.00669298795314575	0.11	109.5	91	84.6887781830139	0	0.650910865982961	179	0.000564047544179342	179	635	577.5
"HiG_1"	"ALB"	0.00235822365680831	"HiG"	0.0953989161971579	0.492	827.5	66	114.424723175216	0	1.12704076368513	87	0.000976638443401322	87	376	577.5
"HiG_1"	"ALCAM"	0.00102931309164606	"HiG"	0.0777907370967334	0.878	1107.5	272	157.831855743768	0	0.583783532520388	217	0.000505878277747303	217	32	577.5
"HiG_1"	"ALDH2"	0.000746651209280688	"HiG"	0.0058783834171329	0.241	611	402	97.1234330571598	0	0.223220031744375	453	0.000193431569969129	453	508	577.5
"HiG_1"	"ALDH6A1"	0.000333202077046683	"HiG"	0.000535756413246776	0.126	241.5	842	51.7389214343515	0	0.0523422226804259	889	4.53572120280987e-05	889	987	577.5
"HiG_1"	"ALKBH7"	0.000252333674723045	"HiG"	4.36254080457042e-05	0.168	469.5	987	30.8464720266475	0	0.0267628649249746	1044	2.31913907495447e-05	1044	1126	577.5
"HiG_1"	"ALPK2"	0.000204387828342215	"HiG"	0.000365258663198431	0.385	757	1087	39.5321515567449	0	0.0269055307838448	1040	2.33150180102641e-05	1040	1093	577.5
"HiG_1"	"AMIGO2"	0.000342408416705885	"HiG"	0.0134709985894476	0.5	832	834	124.035016862754	0	0.105173335737166	678	9.11380725625354e-05	678	302	577.5
"HiG_1"	"AMOT"	0.000767252752434991	"HiG"	0.0185870381449476	0.387	759	387	113.176455298554	0	0.308792840215762	361	0.000267584783549188	361	387	577.5
"HiG_1"	"AMOTL2"	0.000645455638022094	"HiG"	0.0158984712324944	0.618	888	476	122.987217193753	0	0.276563895532768	394	0.000239656755227702	394	307	577.5
"HiG_1"	"ANAPC13"	0.000264295338875417	"HiG"	3.38104126775355e-05	0.134	317.5	965	39.6856154464769	0	0.023753701371925	1064	2.05837966827773e-05	1064	1089	577.5
"HiG_1"	"ANGPT1"	0.00111579575830648	"HiG"	0.0523192342282644	0.864	1089	242	159.560710664763	0	0.601846882152254	203	0.000521531093719457	203	27	577.5
"HiG_1"	"ANGPT2"	0.000918831918756624	"HiG"	0.0444191478293343	0.899	1130.5	320	155.871053737294	0	0.502129456993743	247	0.000435120846615029	247	42	577.5
"HiG_1"	"ANK3"	0.00263986243827647	"HiG"	0.0418374058610505	0.233	598	54	114.525916871317	0	1.12031393492916	89	0.000970809302364953	89	375	577.5
"HiG_1"	"ANKMY2"	0.000234876210667498	"HiG"	0.000156269366724229	0.118	177	1027	41.5940343533887	0	0.0301186712413036	1020	2.60993684933307e-05	1020	1072	577.5
"HiG_1"	"ANKRD36"	0.000766882558647248	"HiG"	0.000219406992374283	0.094	29.5	388	50.047721758762	0	0.159931011832205	548	0.000138588398468116	548	999	577.5
"HiG_1"	"ANKRD36B"	0.000762107662173407	"HiG"	0.000531606140790522	0.103	65.5	391	35.2360019354936	0	0.15093780945639	565	0.000130795328818362	565	1113	577.5
"HiG_1"	"ANKRD36C"	0.000585086636283426	"HiG"	6.54964435427425e-05	0.109	100	527	43.7862927031746	0	0.110776047679546	666	9.59931089077522e-05	666	1057	577.5
"HiG_1"	"ANO6"	0.000266611483533261	"HiG"	0.00220197486245341	0.198	546	961	112.870637130012	0	0.0490219480782616	903	4.24800243312492e-05	903	389	577.5
"HiG_1"	"ANXA1"	0.00497654547189998	"HiG"	0.504800602472877	0.758	1002	16	128.308140245377	0	3.01697504943141	15	0.00261436312775685	15	258	577.5
"HiG_1"	"ANXA2"	0.00718663123136888	"HiG"	0.679957082658723	0.754	1001	8	131.892063095496	0	4.38311149725963	7	0.0037981902055976	7	217	577.5
"HiG_1"	"ANXA3"	0.00119440443659479	"HiG"	0.118238343879565	0.701	957.5	220	136.139418362571	0	0.663215003529992	174	0.000574709708431536	174	178	577.5
"HiG_1"	"ANXA6"	0.000399988174081142	"HiG"	0.0219559987062093	0.686	944	750	146.426878197584	0	0.162760974705756	543	0.000141040705984191	543	100	577.5
"HiG_1"	"APC"	0.000667216290834381	"HiG"	0.01124479702927	0.342	724	461	148.796996275285	0	0.253245029650864	418	0.000219449765728652	418	81	577.5
"HiG_1"	"APOB"	0.00174279171355784	"HiG"	0.0689632318538028	0.493	829.5	122	105.696176837851	0	0.832125949805844	131	0.000721079679207837	131	440	577.5
"HiG_1"	"APOBEC3C"	0.000377904062897859	"HiG"	0.000662843606953567	0.181	507.5	773	60.1298210635234	0	0.0861405006267181	751	7.46451478567748e-05	751	894	577.5
"HiG_1"	"APOC3"	0.000310777063163135	"HiG"	0.00434599417877534	0.547	854	877	111.908592090267	0	0.0893146137855279	733	7.73956791902321e-05	733	399	577.5
"HiG_1"	"APOE"	0.00486058771490574	"HiG"	0.26827409386116	0.645	905	18	127.795199508811	0	2.63879672377043	22	0.00228665227363122	22	263	577.5
"HiG_1"	"APPL2"	0.000202511447091024	"HiG"	0.000824306390943039	0.124	224	1091	87.8225824218058	0	0.0237837860040669	1063	2.06098665546507e-05	1063	600	577.5
"HiG_1"	"AQP1"	0.00229134664137385	"HiG"	0.217231802014653	0.84	1070	72	136.330921637011	0	1.38941657425118	58	0.00120400049761801	58	175	577.5
"HiG_1"	"ARFGAP3"	0.000552724912528005	"HiG"	0.00117841415092162	0.117	169.5	562	74.5872756990415	0	0.12749605374438	616	0.000110481848998596	616	737	577.5
"HiG_1"	"ARHGAP10"	0.000347680502949795	"HiG"	0.00368567801356805	0.289	678.5	825	135.988110847073	0	0.0850796076979711	758	7.37258298942557e-05	758	179	577.5
"HiG_1"	"ARHGAP21"	0.00028612460600054	"HiG"	0.00167837183431595	0.229	595	927	132.85537395274	0	0.0603647561908826	858	5.2309147479101e-05	858	210	577.5
"HiG_1"	"ARHGAP28"	0.000362568445953772	"HiG"	0.00356892809587668	0.303	696	797	72.914741318903	0	0.0983366268321795	704	8.52137147592543e-05	704	757	577.5
"HiG_1"	"ARHGAP29"	0.000889611615503151	"HiG"	0.0475014241014426	0.453	807	335	126.824181974403	0	0.372077990723631	315	0.000322424602013545	315	276	577.5
"HiG_1"	"ARHGAP42"	0.000232904205456118	"HiG"	0.000787168630480407	0.275	660.5	1030	90.9666469178965	0	0.0409579058625206	949	3.54921194649225e-05	949	562	577.5
"HiG_1"	"ARHGAP5"	0.000637775970771998	"HiG"	0.00589877448602011	0.185	518.5	481	126.271127582725	0	0.20351529190075	479	0.000176356405459922	479	280	577.5
"HiG_1"	"ARHGAP6"	0.000486635962138889	"HiG"	0.00239356296233379	0.15	405.5	632	96.2288306212627	0	0.112917079113899	661	9.78484221090983e-05	661	521	577.5
"HiG_1"	"ARHGEF3"	0.000684728664378211	"HiG"	0.00597177780536325	0.223	587	447	106.585530968973	0	0.208385274792482	471	0.000180576494620869	471	434	577.5
"HiG_1"	"ARID1A"	0.00105815962444052	"HiG"	0.00907838056286323	0.185	518.5	258	138.852271564456	0	0.393492925452722	299	0.000340981737827315	299	148	577.5
"HiG_1"	"ARID4A"	0.00105640940044844	"HiG"	0.00385033272213001	0.093	26	259	71.4443184522277	0	0.280061276537096	389	0.00024268741467686	389	772	577.5
"HiG_1"	"ARID4B"	0.00164971268908491	"HiG"	0.00492136348259661	0.088	16.5	135	77.5612432762702	0	0.493066992538941	250	0.000427267757832704	250	698	577.5
"HiG_1"	"ARID5B"	0.000834633291555311	"HiG"	0.0107675904948202	0.288	676.5	355	119.302936528115	0	0.321368886503567	353	0.000278482570627008	353	334	577.5
"HiG_1"	"ARL13B"	0.000675641665644959	"HiG"	0.000766293442651843	0.118	177	455	66.314420946868	0	0.128671712311069	612	0.000111500617253959	612	823	577.5
"HiG_1"	"ARL2BP"	0.000306773435561245	"HiG"	0.000275942002541783	0.124	224	886	59.4068877752272	0	0.0447821588144568	915	3.88060301685068e-05	915	902	577.5
"HiG_1"	"ARL4C"	0.000301371299655023	"HiG"	0.00134776238208146	0.134	317.5	897	60.4072285633394	0	0.0578425530765656	868	5.01235295290863e-05	868	890	577.5
"HiG_1"	"ARL4D"	0.000257872650489388	"HiG"	9.6321773664134e-05	0.171	484.5	975	35.5231057809534	0	0.0402043258713704	953	3.48391038746711e-05	953	1111	577.5
"HiG_1"	"ARL6IP5"	0.000523326725490758	"HiG"	0.000808875478761505	0.097	38.5	593	51.784321860269	0	0.101365775424328	691	8.78386268841661e-05	691	986	577.5
"HiG_1"	"ARMCX3"	0.000414920821427804	"HiG"	0.000865185232361219	0.12	189.5	724	52.6090145485089	0	0.0776419008818666	791	6.72806766740612e-05	791	973	577.5
"HiG_1"	"ARMH4"	0.000250689224909982	"HiG"	0.000256967638468096	0.151	411.5	991	68.7605835463956	0	0.0202792613142107	1079	1.7573016736751e-05	1079	802	577.5
"HiG_1"	"ARRDC3"	0.00024011432834789	"HiG"	0.000139665481024774	0.139	348.5	1019	73.5950258442055	0	0.0344375643962049	989	2.98419102220147e-05	989	747	577.5
"HiG_1"	"ARSE"	0.000300943859568224	"HiG"	0.00170735673652389	0.268	649	898	97.510979272317	0	0.061778968907033	851	5.35346351014151e-05	851	501	577.5
"HiG_1"	"ART5"	0.000168563559161266	"HiG"	8.27381339919825e-05	0.164	458.5	1132	31.3022867161085	0	0.00917451582220479	1136	7.95018702097469e-06	1136	1124	577.5
"HiG_1"	"ASAP1"	0.000479314355249185	"HiG"	0.00266288377479859	0.149	401.5	636	89.7218705131241	0	0.119526851885174	643	0.000103576128150064	643	577	577.5
"HiG_1"	"ASH1L"	0.00175443153163951	"HiG"	0.00158902472119268	0.104	73.5	120	77.9078322577059	0	0.506731779504083	245	0.000439108994370956	245	692	577.5
"HiG_1"	"ASH2L"	0.000605811534548633	"HiG"	0.0040028113059119	0.162	450.5	509	102.952092959491	0	0.181861549078015	516	0.000157592330223583	516	459	577.5
"HiG_1"	"ATE1"	0.000245144826467961	"HiG"	0.000930508829408633	0.203	554	1003	60.6499181052825	0	0.0390575920562526	963	3.38454003953662e-05	963	887	577.5
"HiG_1"	"ATF3"	0.00243079227611955	"HiG"	0.066061401790374	0.499	831	59	127.851411065086	0	1.21478297562662	75	0.00105267155600227	75	262	577.5
"HiG_1"	"ATF5"	0.000363303005510697	"HiG"	0.00186904649672953	0.208	561	794	99.3971081388842	0	0.0910570096480084	725	7.89055542877023e-05	725	487	577.5
"HiG_1"	"ATF6"	0.000710180692655231	"HiG"	0.0100674566436029	0.187	523.5	426	130.098986756138	0	0.227283180420347	447	0.000196952496031497	447	232	577.5
"HiG_1"	"ATF7IP2"	0.000199620591618596	"HiG"	3.87495976789793e-05	0.13	281	1093	26.9484008863905	0	0.0145789584988199	1110	1.26334129105891e-05	1110	1139	577.5
"HiG_1"	"ATN1"	0.000432613880204312	"HiG"	0.000888744806240991	0.134	317.5	705	88.1674462415728	0	0.101627107472078	689	8.80650844645388e-05	689	595	577.5
"HiG_1"	"ATP1B1"	0.00105391581030178	"HiG"	0.0330117864641879	0.428	784.5	260	91.0330711562932	0	0.448336121835896	269	0.000388506171434918	269	560	577.5
"HiG_1"	"ATP2B1"	0.000882025284942598	"HiG"	0.00403077175264711	0.272	656.5	338	74.4439385936297	0	0.304398065561096	365	0.0002637764866214	365	739	577.5
"HiG_1"	"ATP2B4"	0.000598860015774264	"HiG"	0.00289114566679823	0.29	680	517	72.7275324624006	0	0.179320517695342	523	0.000155390396616414	523	761	577.5
"HiG_1"	"ATP5F1E"	0.000612099340271066	"HiG"	0.0010070267619472	0.128	263	504	64.9557965281272	0	0.164151276378155	542	0.000142245473464606	542	842	577.5
"HiG_1"	"ATXN7L3B"	0.000226144078044884	"HiG"	9.66070459919497e-05	0.108	92.5	1038	54.1914266211307	0	0.0175222924252452	1098	1.51839622402471e-05	1098	955	577.5
"HiG_1"	"AZI2"	0.000306310495482326	"HiG"	4.15183837729371e-05	0.11	109.5	887	37.8071504658663	0	0.0334977977513661	997	2.9027554377267e-05	997	1102	577.5
"HiG_1"	"BAMBI"	0.000589616816669932	"HiG"	0.0232872097668477	0.902	1134	523	147.508668694659	0	0.288403971739617	380	0.000249916786602788	380	92	577.5
"HiG_1"	"BASP1"	0.000570877769146214	"HiG"	0.0227673908092233	0.477	817	541	126.408076935996	0	0.239905762868747	434	0.000207890609071705	434	278	577.5
"HiG_1"	"BAZ2A"	0.000467004073148519	"HiG"	0.000235523107006169	0.114	147.5	653	85.6297094816441	0	0.10865309629213	669	9.41534629914472e-05	669	625	577.5
"HiG_1"	"BAZ2B"	0.000824353853999839	"HiG"	0.000440185730956301	0.112	130	359	81.198893183604	0	0.219739731638624	459	0.000190415711991876	459	661	577.5
"HiG_1"	"BCAP29"	0.000210079131158187	"HiG"	0.00156947882713651	0.14	354.5	1080	65.9827262146397	0	0.0284467046960868	1026	2.46505240000752e-05	1026	828	577.5
"HiG_1"	"BDH2"	0.000513665262921827	"HiG"	0.00242679832434309	0.145	379	604	54.9391445730218	0	0.106461728464197	675	9.22545307315399e-05	675	947	577.5
"HiG_1"	"BICD1"	0.00057477565773938	"HiG"	0.00172206313305007	0.115	155.5	539	63.1651755308122	0	0.129854705763984	608	0.000112525741563244	608	860	577.5
"HiG_1"	"BLVRB"	0.000502865270661716	"HiG"	0.00147347757883366	0.13	281	617	52.7561536965666	0	0.0987246515147083	701	8.55499579850159e-05	701	971	577.5
"HiG_1"	"BMERB1"	0.000197863103098635	"HiG"	0.000438217802639231	0.219	581.5	1094	90.545339895113	0	0.0252573368074304	1057	2.18867736632845e-05	1057	568	577.5
"HiG_1"	"BMP2"	0.00233850414775689	"HiG"	0.177722628071209	0.879	1109.5	67	154.385450407035	0	1.42257724266883	56	0.00123273591219136	56	49	577.5
"HiG_1"	"BMP4"	0.00358495053729827	"HiG"	0.24338127493029	0.883	1114	31	128.795846922446	0	2.17026911233265	29	0.00188064914413574	29	251	577.5
"HiG_1"	"BMP5"	0.00104953256233043	"HiG"	0.0735770567861815	0.912	1144	261	155.132165330605	0	0.607354353324538	197	0.000526303599068057	197	48	577.5
"HiG_1"	"BMPER"	0.00040398831046208	"HiG"	0.0101038960682722	0.797	1031.5	747	122.10331026341	0	0.165507702606228	540	0.000143420886140579	540	320	577.5
"HiG_1"	"BMPR2"	0.0012940908526301	"HiG"	0.0546130019656026	0.68	939	198	152.890007177618	0	0.629879369707964	186	0.000545822677389916	186	62	577.5
"HiG_1"	"BNC2"	0.000475637298825687	"HiG"	0.00246967038602769	0.368	748	640	77.9112704272089	0	0.152353234941452	563	0.000132021867366942	563	691	577.5
"HiG_1"	"BNIP3L"	0.000687587265579979	"HiG"	0.00361298734514926	0.138	341	444	87.8583059911436	0	0.198701838281499	487	0.000172185301803725	487	599	577.5
"HiG_1"	"BOC"	0.000309433174914068	"HiG"	0.0031606060398819	0.365	746.5	880	156.890838558315	0	0.079125962614503	780	6.85666920402972e-05	780	35	577.5
"HiG_1"	"BORCS7"	0.00019164496534818	"HiG"	4.65515729027478e-05	0.128	263	1104	45.8513095199328	0	0.0128409259702574	1118	1.11273188650411e-05	1118	1033	577.5
"HiG_1"	"BST2"	0.00103526736377056	"HiG"	0.0116353323726088	0.238	607.5	269	79.151450449051	0	0.326984794837837	347	0.000283349042320483	347	679	577.5
"HiG_1"	"BTG1"	0.000322935945485056	"HiG"	0.000148649190469666	0.152	418.5	857	23.9855857100734	0	0.0510502825324695	894	4.42376798374952e-05	894	1146	577.5
"HiG_1"	"BTN3A2"	0.00014321874215609	"HiG"	0.00081555682172427	0.255	631.5	1152	132.904711482318	0	0.00590124067218529	1144	5.11372675232694e-06	1144	206	577.5
"HiG_1"	"C11orf1"	0.000170619265662747	"HiG"	0.000659394409986326	0.22	583.5	1131	88.2572000736401	0	0.01826767257488	1094	1.58298722485962e-05	1094	594	577.5
"HiG_1"	"C11orf74"	0.000155278355197147	"HiG"	3.19966206987133e-05	0.111	121	1146	35.5341288175493	0	0.00540975491332693	1147	4.68782921432143e-06	1147	1110	577.5
"HiG_1"	"C15orf40"	0.000215165043099055	"HiG"	0.000156772703611271	0.148	397.5	1067	34.3800995569946	0	0.0191542723354622	1087	1.65981562698979e-05	1087	1118	577.5
"HiG_1"	"C1orf198"	0.00046126479393023	"HiG"	0.000911423666278652	0.17	477.5	662	44.6131109684218	0	0.103902302132852	681	9.00366569608766e-05	681	1044	577.5
"HiG_1"	"C1orf21"	0.000159715566026888	"HiG"	9.68438989014071e-06	0.165	463.5	1141	35.0029147611372	0	0.00496536437201972	1148	4.30274209013841e-06	1148	1115	577.5
"HiG_1"	"C1orf54"	0.000150604808611456	"HiG"	0.000174937688309613	0.446	800.5	1149	57.8381854792328	0	0.00928854609566383	1135	8.0490000828976e-06	1135	915	577.5
"HiG_1"	"C20orf96"	0.000168091588986349	"HiG"	1.55601605941018e-05	0.13	281	1133	40.6050679460036	0	0.00866302402844469	1137	7.50695323088794e-06	1137	1083	577.5
"HiG_1"	"C4orf48"	0.000143554560161453	"HiG"	4.81284253952412e-05	0.443	795.5	1151	38.5317127124809	0	0.00425198313118739	1151	3.68456077225944e-06	1151	1097	577.5
"HiG_1"	"C5orf24"	0.000223525479977867	"HiG"	0.000608125297247139	0.282	667	1046	70.6381587980291	0	0.0383745976248721	969	3.32535508014489e-05	969	781	577.5
"HiG_1"	"CAB39L"	0.000476380910766478	"HiG"	0.00134771388428788	0.131	293	638	27.9656531330954	0	0.112573366936821	662	9.75505779348536e-05	662	1135	577.5
"HiG_1"	"CADM1"	0.00164917188354576	"HiG"	0.0646530808421984	0.658	917.5	136	154.076385631202	0	0.79887472455472	136	0.000692265792508422	136	53	577.5
"HiG_1"	"CALB2"	0.00134768835959324	"HiG"	0.0482991327116099	0.657	915	189	112.715235894501	0	0.675511801459445	168	0.000585365512529848	168	392	577.5
"HiG_1"	"CALCOCO2"	0.000609810868125467	"HiG"	0.00428480488747996	0.125	232.5	507	77.8356331426523	0	0.15562635682671	557	0.000134858194823839	557	694	577.5
"HiG_1"	"CALD1"	0.00433594233530605	"HiG"	0.380592516242148	0.798	1034.5	21	138.095713611346	0	2.69979815325798	19	0.00233951313107277	19	153	577.5
"HiG_1"	"CAMK2D"	0.000657216083403949	"HiG"	0.00643270397049873	0.342	724	466	81.6275569933855	0	0.210086858669009	470	0.000182051004045935	470	657	577.5
"HiG_1"	"CAMSAP2"	0.000379605121091364	"HiG"	0.00194444357671938	0.151	411.5	771	67.3361303132832	0	0.0842666174897822	759	7.30213323135028e-05	759	817	577.5
"HiG_1"	"CAP2"	0.000356828240830801	"HiG"	0.0081591531191228	0.408	777	810	116.204917325966	0	0.113886443368793	658	9.86884257961813e-05	658	361	577.5
"HiG_1"	"CAPN2"	0.000983690550710903	"HiG"	0.07574282144973	0.632	897	291	124.868705044268	0	0.508019804716609	243	0.000440225134069852	243	294	577.5
"HiG_1"	"CAPN7"	0.000210887139006468	"HiG"	0.000299197502661073	0.15	405.5	1077	71.128425232797	0	0.0245464664630454	1059	2.12707681655506e-05	1059	774	577.5
"HiG_1"	"CASC4"	0.000226880426167747	"HiG"	5.72968486973212e-05	0.147	392	1037	44.3007412268081	0	0.0194689962755845	1085	1.68708806547526e-05	1085	1047	577.5
"HiG_1"	"CASP6"	0.000468865744165074	"HiG"	0.00624092229797854	0.385	757	649	134.201431920021	0	0.123021779810253	632	0.000106604661880635	632	189	577.5
"HiG_1"	"CAST"	0.00102646051138408	"HiG"	0.0539924524988872	0.484	821	274	101.371443807074	0	0.476994623843823	256	0.000413340228634162	256	470	577.5
"HiG_1"	"CAVIN1"	0.00232659848049685	"HiG"	0.226277487249876	0.717	972	68	129.952032050159	0	1.36282315696316	62	0.00118095594190915	62	234	577.5
"HiG_1"	"CCBE1"	0.000305003109429523	"HiG"	0.00900512505667263	0.842	1072	891	113.637268483503	0	0.10638650247106	676	9.21893435624436e-05	676	384	577.5
"HiG_1"	"CCDC141"	0.000627936718204311	"HiG"	0.00254037902104934	0.404	769.5	490	57.6737908263943	0	0.206868386651406	474	0.000179262033493419	474	916	577.5
"HiG_1"	"CCDC160"	0.00020406656755668	"HiG"	8.40535465777367e-05	0.121	197	1088	65.9253093259534	0	0.0206905088717739	1076	1.79293837710345e-05	1076	833	577.5
"HiG_1"	"CCDC167"	0.000165747674416529	"HiG"	1.0741403119486e-05	0.174	491	1135	18.2081561290189	0	0.00556603556148104	1146	4.8232543860321e-06	1146	1150	577.5
"HiG_1"	"CCDC50"	0.000210316954742828	"HiG"	0.00032107718217258	0.245	618	1079	54.9022475764067	0	0.0283168873508764	1028	2.45380306333418e-05	1028	948	577.5
"HiG_1"	"CCDC80"	0.00126802213166901	"HiG"	0.0968770479804718	0.768	1009.5	203	127.114174466879	0	0.721003740469986	156	0.000624786603526851	156	272	577.5
"HiG_1"	"CCDC82"	0.000165266544765644	"HiG"	0.000152655516328524	0.165	463.5	1136	93.6926599596003	0	0.0130785443101591	1117	1.13332273051639e-05	1117	538	577.5
"HiG_1"	"CCDC93"	0.000314482870434036	"HiG"	8.257619139993e-05	0.102	59	870	42.9864827483519	0	0.0356373595548344	983	3.08815940683141e-05	983	1063	577.5
"HiG_1"	"CCKBR"	0.000266139016804069	"HiG"	0.00109963139780109	0.458	811	962	85.1548626518936	0	0.0559064274003083	874	4.84457776432481e-05	874	631	577.5
"HiG_1"	"CCL2"	0.00120015757951771	"HiG"	0.0637317901977186	0.734	985	217	139.473341195434	0	0.620828787015468	191	0.000537979884762104	191	143	577.5
"HiG_1"	"CCN1"	0.0018456705529477	"HiG"	0.126500241514238	0.875	1104	105	155.166951609046	0	1.07911274769014	94	0.000935106367149167	94	47	577.5
"HiG_1"	"CCN2"	0.00231225056930621	"HiG"	0.148877195970881	0.906	1139	70	139.689997191976	0	1.37746970454086	59	0.00119364792421219	59	141	577.5
"HiG_1"	"CCNDBP1"	0.000228283517969972	"HiG"	0.000271201832546063	0.115	155.5	1035	85.6422607597333	0	0.03022912828662	1019	2.61950851703813e-05	1019	624	577.5
"HiG_1"	"CCNL2"	0.000910179124623302	"HiG"	0.0164888418073476	0.244	615.5	325	163.559168511912	0	0.344377251350844	334	0.000298420495104717	334	18	577.5
"HiG_1"	"CCS"	0.000299916820518803	"HiG"	0.000671370649844378	0.143	366.5	903	60.7877276889109	0	0.0432697207710067	930	3.74954252781687e-05	930	885	577.5
"HiG_1"	"CD151"	0.000629072771584819	"HiG"	0.0356537254168404	0.656	913	488	122.702287409555	0	0.28137070054651	388	0.000243822097527305	388	313	577.5
"HiG_1"	"CD164"	0.000393057486393769	"HiG"	0.00848444734545088	0.291	682	757	102.527042702598	0	0.113833549967448	660	9.86425909596604e-05	660	462	577.5
"HiG_1"	"CD200"	0.000348535767194824	"HiG"	0.0148088126056786	0.698	952.5	821	155.181483458647	0	0.123214560112311	631	0.000106771715868554	631	46	577.5
"HiG_1"	"CD47"	0.00155325970606187	"HiG"	0.103883700432185	0.586	873	151	140.678503285285	0	0.798501717061495	137	0.00069194256244497	137	132	577.5
"HiG_1"	"CDC42"	0.00499366794726348	"HiG"	0.136552858040677	0.258	636	15	107.261111922057	0	2.27985259384976	27	0.00197560883349199	27	430	577.5
"HiG_1"	"CDC42EP3"	0.000334925000607009	"HiG"	0.00235900183874317	0.259	639	840	116.09157134532	0	0.0880553678671487	737	7.63044782210994e-05	737	362	577.5
"HiG_1"	"CDH11"	0.00220777093148138	"HiG"	0.167097632448107	0.854	1082	76	150.073878086317	0	1.29083195504781	69	0.00111857188479013	69	74	577.5
"HiG_1"	"CDH3"	0.00111660572306066	"HiG"	0.0668319399669992	0.805	1042	241	154.107900114489	0	0.608218187450637	196	0.000527052155503151	196	51	577.5
"HiG_1"	"CDK6"	0.00172813689029778	"HiG"	0.047678485680072	0.251	625.5	126	140.405653512079	0	0.748730708712185	152	0.000648813439092015	152	135	577.5
"HiG_1"	"CDKN1B"	0.000649159915785168	"HiG"	0.012060173033901	0.36	738.5	472	132.873747560221	0	0.236790045225027	435	0.000205190680437632	435	209	577.5
"HiG_1"	"CDKN1C"	0.000747521467504181	"HiG"	0.0246775140910576	0.699	954.5	400	128.55675157008	0	0.349478950549927	328	0.000302841378292831	328	255	577.5
"HiG_1"	"CELF2"	0.000464069687688515	"HiG"	0.00608561782813947	0.247	621	659	100.636011786314	0	0.144717008340398	577	0.000125404686603464	577	477	577.5
"HiG_1"	"CEP112"	0.000242415249945378	"HiG"	5.19794784316235e-05	0.117	169.5	1010	74.3902555764947	0	0.0267079449658725	1045	2.31437997971166e-05	1045	740	577.5
"HiG_1"	"CEP162"	0.000361394488966463	"HiG"	5.44493152820817e-05	0.128	263	800	56.1255576732753	0	0.0422963100546795	936	3.66519151253722e-05	936	932	577.5
"HiG_1"	"CEP85L"	0.000216731705227009	"HiG"	0.00122612149827979	0.195	540	1065	63.9854016425827	0	0.0283860734256778	1027	2.45979839044002e-05	1027	853	577.5
"HiG_1"	"CEP89"	0.000480551378212677	"HiG"	9.74484017969628e-05	0.127	252	635	47.9805944315417	0	0.0748597473440207	800	6.4869798391699e-05	800	1018	577.5
"HiG_1"	"CER1"	0.000811798531820414	"HiG"	0.0104406143747446	0.644	903.5	363	78.4359101712659	0	0.356022724709597	324	0.000308511893162562	324	684	577.5
"HiG_1"	"CERS6"	0.000377306160956473	"HiG"	0.000387309905259353	0.281	665	775	47.6044499744778	0	0.0575470721635859	869	4.98674802110796e-05	869	1020	577.5
"HiG_1"	"CFAP36"	0.000255082324834379	"HiG"	7.45421103884533e-05	0.119	184	981	36.946743377292	0	0.0215836219231913	1071	1.87033118918469e-05	1071	1105	577.5
"HiG_1"	"CFL2"	0.000935549633858346	"HiG"	0.034183142732797	0.508	837.5	311	123.520978125115	0	0.431166392492087	276	0.000373627723130058	276	303	577.5
"HiG_1"	"CGA"	0.000237714905498713	"HiG"	0.000299412226802663	0.265	645	1023	65.9109013851324	0	0.0388648125564842	965	3.36783471026726e-05	965	834	577.5
"HiG_1"	"CGGBP1"	0.000292214429797953	"HiG"	0.000227761655885243	0.118	177	916	71.9976783857587	0	0.0342396350258164	991	2.96703943031338e-05	991	765	577.5
"HiG_1"	"CGNL1"	0.000629612932716525	"HiG"	0.00479938853375665	0.185	518.5	486	92.3069514232285	0	0.195755544799474	488	0.000169632187867828	488	553	577.5
"HiG_1"	"CHD2"	0.000578296035062267	"HiG"	0.00191682450152513	0.104	73.5	533	77.4153063672596	0	0.144085525588872	578	0.000124857474513754	578	701	577.5
"HiG_1"	"CHD3"	0.00173748013458491	"HiG"	0.0145012806202443	0.127	252	124	94.3224275963249	0	0.575887549282443	219	0.000499036004577507	219	534	577.5
"HiG_1"	"CHD6"	0.000528738260281942	"HiG"	0.000853339596001911	0.101	54.5	587	79.3668937509178	0	0.126010592508709	624	0.000109194620891429	624	677	577.5
"HiG_1"	"CHD9"	0.00120883460894315	"HiG"	0.0021514834823337	0.103	65.5	215	73.5548303208752	0	0.336739514758991	339	0.000291802005857011	339	749	577.5
"HiG_1"	"CHGA"	0.00152132785038981	"HiG"	0.051330070088374	0.67	932	158	122.822449359239	0	0.773081591688851	143	0.000669914724167116	143	310	577.5
"HiG_1"	"CHIC2"	0.00021223971570658	"HiG"	0.00148388964359207	0.286	675	1073	139.981593401632	0	0.0325013437553102	1004	2.81640760444629e-05	1004	136	577.5
"HiG_1"	"CHMP3"	0.000366700598252891	"HiG"	0.00312948272625791	0.152	418.5	790	90.8144172359755	0	0.0773885625758581	792	6.70611460795998e-05	792	567	577.5
"HiG_1"	"CHST9"	0.00022397618518192	"HiG"	0.0161085220972224	0.58	866	1043	129.441113617756	0	0.04822802280414	906	4.17920474905892e-05	906	242	577.5
"HiG_1"	"CHURC1"	0.000171785768257314	"HiG"	0.000302891233052758	0.283	670	1129	106.482268444118	0	0.0140639131974675	1114	1.21870998244952e-05	1114	436	577.5
"HiG_1"	"CIR1"	0.000187673141189281	"HiG"	0.000188491568358418	0.126	241.5	1108	77.8326243518717	0	0.0140644913093787	1113	1.21876007880232e-05	1113	695	577.5
"HiG_1"	"CIRBP"	0.000491837205347145	"HiG"	0.00234029382528452	0.158	439	625	94.847699560769	0	0.132483242551098	601	0.000114803503077208	601	532	577.5
"HiG_1"	"CITED2"	0.0006605470129857	"HiG"	0.0123182236950229	0.696	950.5	463	130.354557590079	0	0.298418647354288	371	0.000258595015038378	371	230	577.5
"HiG_1"	"CKAP4"	0.000691504236907335	"HiG"	0.0071334777735298	0.171	484.5	441	100.548442265054	0	0.205256553097411	476	0.000177865297311448	476	478	577.5
"HiG_1"	"CLCN5"	0.000331917712501204	"HiG"	0.00368348478476565	0.434	791	846	133.149418625726	0	0.0868322427217359	744	7.52445777484713e-05	744	201	577.5
"HiG_1"	"CLCN6"	0.000197426640362768	"HiG"	0.00103136071863408	0.255	631.5	1095	105.107689788449	0	0.0271668137757995	1037	2.35414330812821e-05	1037	443	577.5
"HiG_1"	"CLGN"	0.000354012483755797	"HiG"	0.000935402146423732	0.144	373.5	815	61.9822273679437	0	0.0656743073904712	838	5.69101450524014e-05	838	872	577.5
"HiG_1"	"CLIP1"	0.00106405980154473	"HiG"	0.0129255142218244	0.145	379	257	96.7618914343874	0	0.347854016198085	331	0.000301433289599727	331	514	577.5
"HiG_1"	"CLK1"	0.000399572035973355	"HiG"	0.000187268593263139	0.137	335	751	52.0688835534815	0	0.0770280385477883	796	6.67487335769396e-05	796	979	577.5
"HiG_1"	"CLMP"	0.000333507298756196	"HiG"	0.00133398121213728	0.218	580	841	52.6054270591433	0	0.0753419842774017	799	6.52876813495682e-05	799	974	577.5
"HiG_1"	"CLSTN2"	0.000314422369060174	"HiG"	0.0016045232197605	0.31	700.5	871	74.8393955898145	0	0.0777661951876858	790	6.73883840447884e-05	790	728	577.5
"HiG_1"	"CLTB"	0.000416185306231267	"HiG"	0.00691136922211733	0.224	588.5	720	96.4653671385295	0	0.116865876378845	648	0.000101270256827422	648	517	577.5
"HiG_1"	"CLUAP1"	0.000736703158235528	"HiG"	0.00203848827970995	0.096	35.5	404	58.4171469433373	0	0.14166447473213	582	0.000122759510166491	582	908	577.5
"HiG_1"	"CMTM3"	0.000193989248234657	"HiG"	0.000215262250746353	0.189	528	1099	63.6913927721543	0	0.0221614281993373	1068	1.92040105713495e-05	1068	854	577.5
"HiG_1"	"CMYA5"	0.000639304986011763	"HiG"	0.0063195422757071	0.548	855	480	77.7938459729228	0	0.268657288437349	400	0.000232805275942244	400	696	577.5
"HiG_1"	"CNN1"	0.00166827636237577	"HiG"	0.113547990431812	0.817	1053.5	134	139.436780591015	0	0.990257520315653	109	0.00085810876977093	109	144	577.5
"HiG_1"	"CNN3"	0.00117709103682986	"HiG"	0.066754420411736	0.55	857	228	125.927907304204	0	0.58776505403951	213	0.000509328469704948	213	283	577.5
"HiG_1"	"CNOT4"	0.000408010383094786	"HiG"	0.000149295703129199	0.098	43	738	60.9146022514844	0	0.0812054336827055	772	7.03686600370065e-05	772	884	577.5
"HiG_1"	"CNTN4"	0.000630085367331955	"HiG"	0.00469632235929428	0.356	736.5	485	81.2255358807804	0	0.218063920511523	461	0.000188963535971857	461	660	577.5
"HiG_1"	"CNTRL"	0.000357337199747012	"HiG"	0.000163434261449669	0.122	206.5	807	51.4527747671435	0	0.0589715910051308	865	5.11018986179643e-05	865	989	577.5
"HiG_1"	"COBLL1"	0.000775330765165443	"HiG"	0.00893851614032217	0.363	744	381	59.6013369093439	0	0.214012004684128	464	0.000185452343747078	464	901	577.5
"HiG_1"	"COL11A1"	0.00153529595471341	"HiG"	0.204835611612601	0.894	1123	156	150.2333151469	0	0.969467585315717	114	0.000840093228176531	114	73	577.5
"HiG_1"	"COL13A1"	0.000709303809124989	"HiG"	0.0636765260231949	0.873	1100.5	428	137.401989401696	0	0.378889482671102	306	0.000328327108033883	306	161	577.5
"HiG_1"	"COL14A1"	0.00184271932829476	"HiG"	0.181457820585344	0.906	1139	107	137.842558849112	0	1.17843917868711	82	0.00102117779782245	82	156	577.5
"HiG_1"	"COL1A1"	0.00664075346803766	"HiG"	0.652510241771424	0.87	1096.5	11	144.622280010143	0	4.23987703341016	8	0.00367407021959286	8	110	577.5
"HiG_1"	"COL1A2"	0.00742525926811736	"HiG"	0.820675859569287	0.905	1136.5	6	145.756779593092	0	4.87131260793093	6	0.00422124142801641	6	106	577.5
"HiG_1"	"COL21A1"	0.000959838006293558	"HiG"	0.168994902111454	0.932	1153.5	302	158.556764114826	0	0.606396895439071	198	0.000525473912858814	198	31	577.5
"HiG_1"	"COL2A1"	0.00161605432598613	"HiG"	0.190297314277098	0.918	1147	144	157.476913306934	0	1.00428400714988	105	0.000870263437738196	105	34	577.5
"HiG_1"	"COL3A1"	0.00819994442811995	"HiG"	0.912354004604935	0.898	1128	3	139.704329269519	0	5.44161988972604	2	0.0047154418455165	2	140	577.5
"HiG_1"	"COL4A1"	0.00183960672492925	"HiG"	0.128498428134616	0.908	1143	108	144.190022986965	0	1.12638533954649	88	0.000976070484875644	88	111	577.5
"HiG_1"	"COL4A5"	0.0011404124280711	"HiG"	0.0830670307833225	0.922	1150	236	132.393656140563	0	0.682410136619494	165	0.000591343272633877	165	215	577.5
"HiG_1"	"COL4A6"	0.000966473286296738	"HiG"	0.0704948916119615	0.928	1152	299	124.121027297706	0	0.590697081254208	211	0.000511869221190821	211	300	577.5
"HiG_1"	"COL5A1"	0.00328312978462069	"HiG"	0.448465810152897	0.915	1145	38	151.250128702277	0	2.17201905739201	28	0.00188216556099828	28	68	577.5
"HiG_1"	"COL5A2"	0.00228749450573304	"HiG"	0.329863735546642	0.901	1133	74	156.508278604464	0	1.47074679361627	51	0.00127447729082866	51	38	577.5
"HiG_1"	"COL6A1"	0.00203258723115514	"HiG"	0.160213988285288	0.892	1122	88	140.812103644461	0	1.2928439801197	68	0.00112031540738276	68	130	577.5
"HiG_1"	"COL6A2"	0.00171244334480855	"HiG"	0.123185605169776	0.882	1112	130	132.632764880579	0	1.06221340232986	96	0.000920462220389828	96	213	577.5
"HiG_1"	"COL8A1"	0.00161882010484983	"HiG"	0.121232795481298	0.903	1135	143	134.07546822062	0	1.00266112095019	106	0.000868857123873647	106	190	577.5
"HiG_1"	"COLEC12"	0.000591038268708154	"HiG"	0.0482657182662504	0.733	982.5	522	134.911805214915	0	0.268743220886643	399	0.000232879740802983	399	186	577.5
"HiG_1"	"COMMD3"	0.000298888269377651	"HiG"	4.02635894665088e-05	0.116	163	904	25.0301548953409	0	0.0304849905747244	1018	2.64168029243712e-05	1018	1142	577.5
"HiG_1"	"COMMD8"	0.000348247891526009	"HiG"	9.25296015282325e-05	0.093	26	823	36.1415292864094	0	0.0438678980164661	926	3.8013776444078e-05	926	1106	577.5
"HiG_1"	"COPA"	0.000702121160900853	"HiG"	0.00195541549758397	0.117	169.5	434	74.5923039263351	0	0.192482835637335	492	0.000166796218056616	492	736	577.5
"HiG_1"	"COPB2"	0.000864321352425733	"HiG"	0.00402166124971091	0.121	197	349	68.5788411133388	0	0.240406653469237	433	0.000208324656385821	433	804	577.5
"HiG_1"	"CPE"	0.000823804757416161	"HiG"	0.0332093954694174	0.524	846	360	101.217686954832	0	0.339151748092959	337	0.000293892329369982	337	471	577.5
"HiG_1"	"CPLANE1"	0.000270523392171518	"HiG"	5.12782515535006e-05	0.106	86.5	951	77.7894388735288	0	0.0320582188017078	1011	2.77800856167312e-05	1011	697	577.5
"HiG_1"	"CRB2"	0.000677732637298366	"HiG"	0.0142005940211916	0.272	656.5	453	127.048899424737	0	0.253652414970715	417	0.000219802785936495	417	274	577.5
"HiG_1"	"CRBN"	0.000529730975683399	"HiG"	0.00154829040002035	0.103	65.5	586	81.0672392962814	0	0.116380900966152	651	0.00010085000083722	651	665	577.5
"HiG_1"	"CREBBP"	0.00215031711951038	"HiG"	0.0132871232189195	0.146	385.5	80	99.849534811985	0	0.785253000428516	140	0.000680461872121764	140	481	577.5
"HiG_1"	"CREG1"	0.000211735764788883	"HiG"	0.000814754715079314	0.239	610	1075	63.6372500535445	0	0.0295711680311381	1021	2.56249289697904e-05	1021	855	577.5
"HiG_1"	"CREM"	0.000311107594026963	"HiG"	0.00227901055250739	0.344	727	876	148.810594678556	0	0.0874007017033079	741	7.57371765193309e-05	741	80	577.5
"HiG_1"	"CRHBP"	0.000275862523655337	"HiG"	0.000317170850082106	0.271	654	942	51.2306473140988	0	0.0531541829086809	887	4.60608170785796e-05	887	990	577.5
"HiG_1"	"CRIP2"	0.000589532522059537	"HiG"	0.0195848743998328	0.557	859.5	524	92.6803111492358	0	0.222182163258242	454	0.000192532203863294	454	547	577.5
"HiG_1"	"CRYAB"	0.000893084085145058	"HiG"	0.0313155714869137	0.65	911	332	116.313197586437	0	0.403897060562269	290	0.000349997452826923	290	360	577.5
"HiG_1"	"CRYZL1"	0.000309835624883103	"HiG"	0.000354044380350332	0.108	92.5	878	60.2820633344844	0	0.0423477709435975	935	3.66965086166357e-05	935	891	577.5
"HiG_1"	"CSPP1"	0.000367293405549266	"HiG"	0.00039446401279909	0.105	81.5	788	50.3415920000013	0	0.0510014940615363	895	4.41954021330471e-05	895	997	577.5
"HiG_1"	"CSRP2"	0.00127624648472257	"HiG"	0.152806708874671	0.825	1060	200	137.737452638167	0	0.73800941662039	154	0.000639522891352158	154	157	577.5
"HiG_1"	"CSRP3"	0.00143654861092415	"HiG"	0.0420634407185501	0.664	926	170	90.0742399507727	0	0.76326107073578	147	0.000661404740672253	147	574	577.5
"HiG_1"	"CST1"	0.000601364642168329	"HiG"	0.00702181263231206	0.543	853	514	47.1647851275706	0	0.211035300041118	469	0.000182872876985371	469	1025	577.5
"HiG_1"	"CST3"	0.00154988444330016	"HiG"	0.0961247355153289	0.711	965.5	153	141.221180187887	0	0.860475861942456	127	0.000745646327506461	127	127	577.5
"HiG_1"	"CST4"	0.000661627756422891	"HiG"	0.00875712564306624	0.509	839	462	61.3631611421416	0	0.236159647091369	436	0.000204644408224757	436	879	577.5
"HiG_1"	"CTNNB1"	0.00704118307725352	"HiG"	0.159987903491818	0.331	715	9	100.812225811798	0	3.35326336122144	12	0.00290577414317282	12	475	577.5
"HiG_1"	"CTSB"	0.00222266569926986	"HiG"	0.125558613342075	0.631	895	75	137.580939692559	0	1.18496142072033	80	0.00102682965400375	80	160	577.5
"HiG_1"	"CTSL"	0.00212708992175046	"HiG"	0.123446931134131	0.508	837.5	81	123.227944927404	0	1.05459886169492	98	0.000913863831624714	98	304	577.5
"HiG_1"	"CTTNBP2"	0.000450230328665166	"HiG"	0.00869027164681787	0.204	555.5	675	74.6195715015996	0	0.118064240650883	645	0.000102308700737334	645	735	577.5
"HiG_1"	"CTTNBP2NL"	0.000448579358237579	"HiG"	0.000693039477249291	0.144	373.5	680	30.3794719442692	0	0.0902967809847997	727	7.82467772831887e-05	727	1127	577.5
"HiG_1"	"CUL1"	0.0012000569992848	"HiG"	0.0050331567566073	0.082	9	218	91.9892183402288	0	0.320623906998639	354	0.000277837007797781	354	555	577.5
"HiG_1"	"CUX1"	0.000701169392709165	"HiG"	0.0084085377857042	0.202	553	435	112.006536193774	0	0.243000414598367	428	0.000210572283014183	428	396	577.5
"HiG_1"	"CWC25"	0.000273272346066393	"HiG"	0.000100631031821343	0.122	206.5	947	43.9095378937113	0	0.03637575836768	980	3.15214543914038e-05	980	1054	577.5
"HiG_1"	"CXCL12"	0.00432376675905418	"HiG"	0.281085496423803	0.875	1104	22	140.476918401914	0	2.64712819435761	21	0.00229387191885408	21	133	577.5
"HiG_1"	"CXCL14"	0.00094236840754352	"HiG"	0.0809899875388175	0.919	1148	307	158.725938121738	0	0.550572313738976	231	0.000477099058699286	231	29	577.5
"HiG_1"	"CYB5R3"	0.000315127167856492	"HiG"	0.000732084377302278	0.169	472.5	867	71.6711661723186	0	0.0586802852665498	866	5.08494673020362e-05	866	769	577.5
"HiG_1"	"CYP1B1"	0.000629099971248847	"HiG"	0.01115170350086	0.397	762.5	487	116.714748054881	0	0.203319484166841	480	0.000176186728047522	480	356	577.5
"HiG_1"	"CYP20A1"	0.00026952654524996	"HiG"	0.000377134229877555	0.151	411.5	953	60.0365940827734	0	0.0444076091493892	919	3.84814637343061e-05	919	898	577.5
"HiG_1"	"CYP26A1"	0.000768171435530122	"HiG"	0.0103033753740385	0.441	792	386	103.623342101562	0	0.307663550179738	362	0.000266606195996307	362	453	577.5
"HiG_1"	"DAB1"	0.000213654967165158	"HiG"	0.000374712607709587	0.217	577.5	1069	92.4269487319895	0	0.0327536592756051	1001	2.83827203428121e-05	1001	550	577.5
"HiG_1"	"DAB2"	0.00181181475113113	"HiG"	0.139044050126984	0.708	963	112	139.379512547606	0	0.977578695291209	111	0.000847121919663093	111	146	577.5
"HiG_1"	"DACT1"	0.000476261821592941	"HiG"	0.0189227587552944	0.617	885.5	639	181.06914924234	0	0.169370771543725	537	0.000146768432880178	537	4	577.5
"HiG_1"	"DAP"	0.000179716959796109	"HiG"	9.31045696356528e-05	0.136	330.5	1118	44.3671091825326	0	0.0173146665626162	1100	1.5004043815092e-05	1100	1045	577.5
"HiG_1"	"DCAF5"	0.000465416828067927	"HiG"	0.000714516242987566	0.127	252	655	38.0769566052032	0	0.0787427919391378	782	6.82346550599114e-05	782	1100	577.5
"HiG_1"	"DCAF6"	0.000313239520285799	"HiG"	0.000109814597832842	0.11	109.5	872	40.7001689974908	0	0.0395003650022231	959	3.4229085790488e-05	959	1082	577.5
"HiG_1"	"DCN"	0.00826436125636386	"HiG"	0.963590091384588	0.882	1112	2	149.829366350705	0	5.42179366123389	3	0.00469826140488205	3	77	577.5
"HiG_1"	"DCTN3"	0.000453323345274063	"HiG"	0.00206142436915843	0.127	252	670	65.4232240516392	0	0.0791812930616879	779	6.8614638701636e-05	779	837	577.5
"HiG_1"	"DCTN6"	0.000425220085045223	"HiG"	0.00361263511335309	0.141	357	712	85.9676827817881	0	0.0857523347850471	752	7.43087823093995e-05	752	617	577.5
"HiG_1"	"DCXR"	0.000281576941367651	"HiG"	6.98933267269819e-05	0.087	14.5	932	47.0598500477014	0	0.0317677406703153	1014	2.75283714647446e-05	1014	1027	577.5
"HiG_1"	"DDAH2"	0.000274454300300167	"HiG"	0.00300227357323043	0.629	892.5	943	122.907386237555	0	0.0707465588032188	822	6.13055102280926e-05	822	309	577.5
"HiG_1"	"DDIT3"	0.000911349606605596	"HiG"	0.00861515731136723	0.225	591.5	323	115.802711160027	0	0.359014998395717	323	0.000311104851296116	323	365	577.5
"HiG_1"	"DDX17"	0.00211846148013523	"HiG"	0.0146375327984675	0.113	138.5	83	95.4684785266939	0	0.708420613154414	159	0.000613882680376442	159	527	577.5
"HiG_1"	"DDX39B"	0.000672065294089453	"HiG"	0.00136324348315111	0.114	147.5	458	75.6144851044718	0	0.174617803824064	527	0.000151315254613574	527	718	577.5
"HiG_1"	"DDX6"	0.00136659406450823	"HiG"	0.00334628992148643	0.118	177	183	75.4722471517037	0	0.429981418821914	277	0.000372600882861278	277	721	577.5
"HiG_1"	"DECR2"	0.000559014379364024	"HiG"	0.000852008613159087	0.142	359.5	555	52.9305690710055	0	0.12273821391548	634	0.000106358937535078	634	968	577.5
"HiG_1"	"DEGS1"	0.00029623026231968	"HiG"	0.000233417399308091	0.225	591.5	911	35.9204368291919	0	0.0418630380367616	941	3.62764627701574e-05	941	1108	577.5
"HiG_1"	"DENND5B"	0.000289420495124692	"HiG"	0.000124959972683797	0.116	163	920	45.2873759331022	0	0.0442373389773738	921	3.8333915924934e-05	921	1039	577.5
"HiG_1"	"DGKI"	0.00039645996064629	"HiG"	0.00111330645851456	0.288	676.5	753	60.1088940363317	0	0.106520261697856	674	9.23052527711059e-05	674	895	577.5
"HiG_1"	"DHX38"	0.000521974997499923	"HiG"	0.000274071528358979	0.096	35.5	595	72.879070268015	0	0.0867475049905781	745	7.51711481720781e-05	745	759	577.5
"HiG_1"	"DHX40"	0.000449302899913288	"HiG"	0.000368916670271097	0.083	11	679	76.7066978446384	0	0.0829680846754215	764	7.18960872403999e-05	764	708	577.5
"HiG_1"	"DICER1"	0.00160125955768368	"HiG"	0.025611705949952	0.153	423.5	147	127.930920215924	0	0.626960473958028	188	0.000543293304989626	188	261	577.5
"HiG_1"	"DIPK2A"	0.000470272135365429	"HiG"	0.000551443155785152	0.138	341	647	46.6989967929238	0	0.0973352787818731	706	8.43459954782262e-05	706	1030	577.5
"HiG_1"	"DKK1"	0.00178974043482769	"HiG"	0.107697125123219	0.899	1130.5	116	138.641665771151	0	1.05043218847253	99	0.000910253196250025	99	150	577.5
"HiG_1"	"DKK4"	0.000923989302383855	"HiG"	0.0646421514118335	0.801	1039	316	137.053214964608	0	0.476815170121119	257	0.000413184722808596	257	168	577.5
"HiG_1"	"DLG1"	0.000657243084128864	"HiG"	0.0119875111015843	0.214	572	465	105.827488215839	0	0.228659501174604	445	0.000198145148331546	445	438	577.5
"HiG_1"	"DLGAP4"	0.000208818631303861	"HiG"	0.000560474241787967	0.238	607.5	1083	51.9471325183564	0	0.0268678248592443	1042	2.32823438988252e-05	1042	981	577.5
"HiG_1"	"DLK1"	0.00151431463512633	"HiG"	0.0766373635354025	0.659	920.5	159	139.795937571542	0	0.752178917627964	150	0.000651801488412447	150	139	577.5
"HiG_1"	"DMAC2L"	0.000257089127169819	"HiG"	1.16892296013296e-05	0.128	263	976	22.727013903749	0	0.0230685196040421	1066	1.99900516499498e-05	1066	1148	577.5
"HiG_1"	"DMD"	0.00103426763072727	"HiG"	0.0409318895267029	0.699	954.5	270	131.891535037049	0	0.48918168118812	253	0.000423900936904784	253	218	577.5
"HiG_1"	"DNAJC1"	0.000427550457092047	"HiG"	0.00139877533929103	0.142	359.5	709	60.2500098469762	0	0.0954406037597147	711	8.27041627033922e-05	711	893	577.5
"HiG_1"	"DNAJC3"	0.000727966283339948	"HiG"	0.00235091009563055	0.153	423.5	413	64.6169187915333	0	0.190420998364224	496	0.000165009530644909	496	846	577.5
"HiG_1"	"DOCK1"	0.000516604017819553	"HiG"	0.00910772197346281	0.348	729	600	130.145619967471	0	0.172003254608468	531	0.000149049614045466	531	231	577.5
"HiG_1"	"DOK4"	0.000335852806304431	"HiG"	0.000892585503050067	0.208	561	839	58.6375075272607	0	0.0754655417016798	798	6.53947501747659e-05	798	906	577.5
"HiG_1"	"DSC2"	0.00193242120906248	"HiG"	0.097210889408069	0.765	1007	98	106.901891296053	0	1.14238001826308	86	0.000989930691735774	86	432	577.5
"HiG_1"	"DSC3"	0.00155948104374642	"HiG"	0.0848547514137343	0.764	1006	149	115.57319411452	0	0.901292611850392	125	0.000781016128119924	125	367	577.5
"HiG_1"	"DSG2"	0.0023987069606313	"HiG"	0.109621960356078	0.711	965.5	63	110.542366171306	0	1.37359369351395	61	0.00119028916249042	61	409	577.5
"HiG_1"	"DSP"	0.0034049891968557	"HiG"	0.285034902767911	0.792	1027	36	128.312642999532	0	2.08673031929248	33	0.00180825850891896	33	257	577.5
"HiG_1"	"DYNC1I1"	0.000518628927098288	"HiG"	0.00190171369188372	0.132	301.5	598	61.8106356796503	0	0.117715120233004	646	0.00010200617004593	646	876	577.5
"HiG_1"	"DYNLT3"	0.000344127691035701	"HiG"	0.000824017942000932	0.156	433.5	833	54.9838487297602	0	0.0593557082930749	863	5.14347558865467e-05	863	946	577.5
"HiG_1"	"DZIP1"	0.000425931408810259	"HiG"	0.000261751645471005	0.105	81.5	711	43.0901420874258	0	0.0715542040056646	817	6.20053760880976e-05	817	1062	577.5
"HiG_1"	"EAPP"	0.000152793817958068	"HiG"	3.59419161004589e-07	0.114	147.5	1148	17.5874333776636	0	0.00298780485990277	1153	2.58908566716011e-06	1153	1152	577.5
"HiG_1"	"ECE1"	0.000459993760974177	"HiG"	0.0132907020665544	0.713	968.5	665	147.771595088935	0	0.187506290854712	501	0.000162483787569075	501	89	577.5
"HiG_1"	"EDN1"	0.00171508054191135	"HiG"	0.0774560669119662	0.815	1051	128	141.949437940705	0	0.950510504245724	118	0.000823665948219865	118	123	577.5
"HiG_1"	"EDNRA"	0.00118314210923254	"HiG"	0.0685226278295299	0.86	1086	224	147.146075464242	0	0.647381625325209	182	0.000560989276711619	182	94	577.5
"HiG_1"	"EFEMP2"	0.000751847843068594	"HiG"	0.0804622255891686	0.873	1100.5	396	146.250973253595	0	0.409916174421595	287	0.000355213322722352	287	103	577.5
"HiG_1"	"EFNA5"	0.000940478075241416	"HiG"	0.0307854349087338	0.674	935.5	308	160.019582573499	0	0.448448450737078	268	0.000388603510170778	268	26	577.5
"HiG_1"	"EFNB2"	0.00118043385189037	"HiG"	0.043517967186968	0.811	1047	225	153.291375982676	0	0.62156051589421	190	0.000538613965246282	190	59	577.5
"HiG_1"	"EGFL7"	0.000835085417643277	"HiG"	0.0335484290629626	0.763	1004.5	354	133.420476929959	0	0.380359693541606	305	0.000329601120919936	305	198	577.5
"HiG_1"	"EGR1"	0.00152430574717777	"HiG"	0.0601551131710767	0.666	928.5	157	141.115400034351	0	0.767726466632975	145	0.00066527423451731	145	128	577.5
"HiG_1"	"EHBP1"	0.000325283325882916	"HiG"	0.0022722113919557	0.209	564	852	71.8207759974202	0	0.0747059513791677	801	6.4736526325102e-05	801	767	577.5
"HiG_1"	"EID1"	0.000344909748122235	"HiG"	0.000348657467359578	0.098	43	831	61.2320735091621	0	0.0422065019934322	938	3.65740918487281e-05	938	882	577.5
"HiG_1"	"EIF4G2"	0.000870400643643196	"HiG"	0.00581897027030206	0.149	401.5	345	103.020538738824	0	0.286584795106489	381	0.000248340377042018	381	458	577.5
"HiG_1"	"ELF2"	0.000218944826064342	"HiG"	0.000479863464734863	0.176	496.5	1061	100.72732338468	0	0.0338494848168018	995	2.93323092000016e-05	995	476	577.5
"HiG_1"	"EMP2"	0.000339051715801429	"HiG"	0.00913311382947587	0.402	766.5	836	96.9898632159583	0	0.0991661251888084	700	8.59325174946346e-05	700	511	577.5
"HiG_1"	"ENC1"	0.000449841437823463	"HiG"	0.00312833631398153	0.184	514.5	677	88.837213008299	0	0.126139841991832	623	0.000109306622176631	623	589	577.5
"HiG_1"	"ENOX2"	0.000203576448198272	"HiG"	0.000102973562946926	0.114	147.5	1090	79.5630274725476	0	0.0172202746982821	1101	1.49222484387193e-05	1101	673	577.5
"HiG_1"	"ENTPD4"	0.000243417543100059	"HiG"	0.000159514205034679	0.197	543.5	1008	39.5916847604012	0	0.0320465122049704	1012	2.77699412521408e-05	1012	1092	577.5
"HiG_1"	"EPB41L3"	0.000290750636774849	"HiG"	0.00176115289029919	0.18	504	919	97.0262053420278	0	0.0561213139163989	873	4.86319877958396e-05	873	510	577.5
"HiG_1"	"EPC1"	0.000436174530902732	"HiG"	0.00122887436826487	0.161	447.5	698	77.5353851260975	0	0.100567283018556	693	8.71466923904298e-05	693	699	577.5
"HiG_1"	"EPHA7"	0.000879552073052491	"HiG"	0.0149779393513614	0.597	878.5	344	108.383229243221	0	0.391060940901901	301	0.000338874298875131	301	422	577.5
"HiG_1"	"EPM2AIP1"	0.000240309405868932	"HiG"	0.000426076120617361	0.144	373.5	1018	76.3228938366441	0	0.0369984801991561	977	3.20610746959758e-05	977	712	577.5
"HiG_1"	"EPSTI1"	0.000257077100214242	"HiG"	0.000304604967642586	0.17	477.5	977	35.8412514523178	0	0.0365550389911135	979	3.16768102176027e-05	979	1109	577.5
"HiG_1"	"ERBIN"	0.000960336892732196	"HiG"	0.00630461378211464	0.143	366.5	301	97.7159763400616	0	0.304922609251638	364	0.000264231030547346	364	498	577.5
"HiG_1"	"ERC1"	0.000645175768040938	"HiG"	0.000854796467365839	0.104	73.5	477	64.2190615152099	0	0.152869783644187	559	0.000132469483227198	559	850	577.5
"HiG_1"	"ERCC1"	0.000303762695521106	"HiG"	0.00119196830009029	0.179	501.5	893	129.44256349533	0	0.0544272942142727	880	4.71640331146211e-05	880	241	577.5
"HiG_1"	"ERCC6L2"	0.000516387795474708	"HiG"	0.000199055547855936	0.11	109.5	602	64.2501430870492	0	0.0987061668099396	702	8.55339400432752e-05	702	849	577.5
"HiG_1"	"ERRFI1"	0.000605601813705794	"HiG"	0.0130675098797906	0.448	803	510	124.697871322672	0	0.232363950737839	437	0.000201355243273691	437	295	577.5
"HiG_1"	"ETS2"	0.000891896387768454	"HiG"	0.0371588340129308	0.777	1015.5	333	151.41717018773	0	0.44015102601728	272	0.000381413367432651	272	67	577.5
"HiG_1"	"EVI5"	0.000362992542775891	"HiG"	0.000468769086605352	0.143	366.5	795	51.8258209109265	0	0.0780124870858117	787	6.76018085665613e-05	787	983	577.5
"HiG_1"	"EXOC1"	0.000377649313173946	"HiG"	0.00170409608809753	0.126	241.5	774	109.095560473526	0	0.0814773149656761	771	7.06042590690434e-05	771	418	577.5
"HiG_1"	"EZR"	0.00732865616705377	"HiG"	0.436417758514199	0.534	850	7	112.374748128904	0	4.17995383482123	9	0.00362214370435116	9	394	577.5
"HiG_1"	"FAF2"	0.000647774696373886	"HiG"	0.00263163591752378	0.109	100	473	54.0643889849445	0	0.143797556045327	579	0.000124607934181393	579	956	577.5
"HiG_1"	"FAHD1"	0.000186336589900901	"HiG"	2.50660860681569e-05	0.109	100	1111	55.5612057448035	0	0.012010628110127	1121	1.04078233190009e-05	1121	938	577.5
"HiG_1"	"FAM107B"	0.000408824414626511	"HiG"	0.00236011597771335	0.152	418.5	736	91.3294442561889	0	0.0876762644441809	739	7.59759657228604e-05	739	558	577.5
"HiG_1"	"FAM114A1"	0.000239422797682801	"HiG"	0.0023876570160765	0.489	822.5	1021	74.8159745369485	0	0.0417403511849086	944	3.61701483404754e-05	944	730	577.5
"HiG_1"	"FAM118A"	0.000252805239993426	"HiG"	0.000207980391017438	0.147	392	986	39.310691692515	0	0.0344709480859171	988	2.9870838895942e-05	988	1095	577.5
"HiG_1"	"FAM13A"	0.000516525295400623	"HiG"	0.0167908851943665	0.43	786	601	78.021748232503	0	0.175992444849179	526	0.000152506451342443	526	689	577.5
"HiG_1"	"FAM13B"	0.000406656278626145	"HiG"	0.00100711568300548	0.127	252	743	88.0151196215891	0	0.0855990227951188	755	7.41759296318187e-05	755	597	577.5
"HiG_1"	"FAM13C"	0.000305794691605869	"HiG"	0.000696626379155772	0.139	348.5	888	45.052203340923	0	0.038434626190369	968	3.33055686225035e-05	968	1040	577.5
"HiG_1"	"FAM184A"	0.000184675879570204	"HiG"	1.06734635183569e-05	0.11	109.5	1114	43.8505949811263	0	0.0100969103799703	1131	8.74948906409903e-06	1131	1055	577.5
"HiG_1"	"FAM200B"	0.000200938326748567	"HiG"	8.32919275267943e-05	0.151	411.5	1092	34.2934558066779	0	0.0197671240134977	1083	1.71292235818871e-05	1083	1119	577.5
"HiG_1"	"FAM217B"	0.000187910269637263	"HiG"	0.000248786924672924	0.169	472.5	1107	40.0269685399251	0	0.0125282127866361	1120	1.08563369034975e-05	1120	1086	577.5
"HiG_1"	"FAM32A"	0.000249897052135155	"HiG"	8.63275808979535e-05	0.105	81.5	993	44.0289963931571	0	0.0260786544722981	1050	2.25984874110036e-05	1050	1049	577.5
"HiG_1"	"FAM89A"	0.000244503954539928	"HiG"	8.34993584498896e-05	0.101	54.5	1004	53.8178541468382	0	0.0260724391155694	1051	2.25931014866286e-05	1051	959	577.5
"HiG_1"	"FARP1"	0.000308694045553487	"HiG"	0.00123318617320258	0.245	618	883	76.0650055444444	0	0.0692757423457079	826	6.00309725699375e-05	826	715	577.5
"HiG_1"	"FBLN1"	0.00114473583907425	"HiG"	0.0977375477214719	0.865	1091	233	152.705901650949	0	0.655964754382479	177	0.000568426996865233	177	65	577.5
"HiG_1"	"FBXO17"	0.000166147393364872	"HiG"	3.92050040809738e-05	0.126	241.5	1134	97.6590769499021	0	0.00797310798968493	1139	6.9091057102989e-06	1139	500	577.5
"HiG_1"	"FBXO34"	0.000172201000187252	"HiG"	0.000100990499615956	0.182	510	1128	53.3148687879924	0	0.00997576506532326	1132	8.64451045521946e-06	1132	965	577.5
"HiG_1"	"FER"	0.00021327029840918	"HiG"	0.00143095336558006	0.233	598	1070	217.958247631115	0	0.0357018351293594	982	3.09374654500515e-05	982	2	577.5
"HiG_1"	"FEZ2"	0.00026941487256905	"HiG"	0.000271358089848769	0.155	430.5	954	44.0159303578866	0	0.0397412816354562	958	3.44378523704127e-05	958	1051	577.5
"HiG_1"	"FGA"	0.001200206286927	"HiG"	0.0380211209158735	0.644	903.5	216	99.8315102243464	0	0.588513291446343	212	0.000509976855672741	212	482	577.5
"HiG_1"	"FGD6"	0.000322928061161745	"HiG"	0.00105075033466533	0.212	569	858	94.1623484774492	0	0.0674857004636223	832	5.84798097605046e-05	832	535	577.5
"HiG_1"	"FGF10"	0.0026679425043935	"HiG"	0.170929402317159	0.882	1112	51	145.63256610229	0	1.58305137961465	46	0.00137179495633852	46	107	577.5
"HiG_1"	"FGG"	0.000680265233075086	"HiG"	0.0170531307173519	0.657	915	452	106.703151173328	0	0.31040168664231	358	0.000268978931232505	358	433	577.5
"HiG_1"	"FHL1"	0.00062321915550334	"HiG"	0.0229402119757743	0.743	992.5	493	118.584957972087	0	0.293636744087096	376	0.0002544512513753	376	341	577.5
"HiG_1"	"FIGN"	0.000243783769741507	"HiG"	0.000147677863086731	0.133	309	1005	75.533556096641	0	0.035469512009988	985	3.07361455892443e-05	985	720	577.5
"HiG_1"	"FILIP1"	0.000627336193167523	"HiG"	0.00408321329035553	0.311	702	492	66.2089023353582	0	0.212248619605919	467	0.000183924280421074	467	825	577.5
"HiG_1"	"FILIP1L"	0.000538833066860687	"HiG"	0.0100623080423858	0.326	712.5	575	85.0837844698688	0	0.180573526469941	519	0.000156476192781578	519	632	577.5
"HiG_1"	"FIS1"	0.000690364317893348	"HiG"	0.00406581390736786	0.134	317.5	443	87.7613872785818	0	0.149602170530724	569	0.000129637929402707	569	601	577.5
"HiG_1"	"FKBP14"	0.000751363696049198	"HiG"	0.0490930266708675	0.389	760	397	124.228607868229	0	0.295327899919867	373	0.000255916724367302	373	297	577.5
"HiG_1"	"FKBP7"	0.000251822740515663	"HiG"	0.00204303524086629	0.235	601.5	989	79.4119057732877	0	0.053868994314637	883	4.66802377076577e-05	883	675	577.5
"HiG_1"	"FLRT2"	0.000791913484499569	"HiG"	0.0420768736354988	0.578	865	372	147.083920867988	0	0.348510423734249	329	0.000302002100289644	329	95	577.5
"HiG_1"	"FLRT3"	0.000421351884824726	"HiG"	0.00771615715055007	0.458	811	717	116.029357891066	0	0.133426075387171	600	0.000115620515933423	600	363	577.5
"HiG_1"	"FLT1"	0.00171396873514392	"HiG"	0.0723302804763598	0.812	1048.5	129	133.241164501842	0	0.968606692618741	115	0.000839347220640157	115	200	577.5
"HiG_1"	"FMR1"	0.00115090862761518	"HiG"	0.00697238394195494	0.129	271	232	102.237959318135	0	0.372744326664736	314	0.000323002016173948	314	465	577.5
"HiG_1"	"FN1"	0.00934184321461846	"HiG"	0.572729834428726	0.863	1088	1	126.866264489162	0	5.6216410619848	1	0.00487143939513414	1	275	577.5
"HiG_1"	"FNBP1"	0.000400919590942763	"HiG"	0.00144893304866767	0.159	442.5	749	89.2904973487615	0	0.0862383225098282	749	7.47299155197818e-05	749	584	577.5
"HiG_1"	"FNDC3A"	0.000453906586518609	"HiG"	0.00353782878536409	0.139	348.5	669	74.8447564187623	0	0.10833477095486	670	9.3877617811837e-05	670	727	577.5
"HiG_1"	"FNDC3B"	0.000790302758019632	"HiG"	0.0152818573510076	0.253	629.5	374	99.3741293769506	0	0.255397551466444	414	0.000221315035932793	414	488	577.5
"HiG_1"	"FOXC1"	0.00182529179096306	"HiG"	0.0535348565278618	0.75	998.5	111	136.536184069686	0	0.969519506037686	113	0.000840138220136643	113	170	577.5
"HiG_1"	"FOXP1"	0.00131313509968173	"HiG"	0.018001039716059	0.407	775	196	125.846714460448	0	0.573301055674767	221	0.000496794675628047	221	285	577.5
"HiG_1"	"FRMD4A"	0.000323307660361589	"HiG"	0.00106625123580041	0.187	523.5	855	64.0337558226408	0	0.0620504362493829	850	5.37698754327408e-05	850	852	577.5
"HiG_1"	"FRMD4B"	0.000534131377630293	"HiG"	0.00057982150673756	0.135	325	581	45.3409921728084	0	0.105032820741317	679	9.10163091345903e-05	679	1038	577.5
"HiG_1"	"FRZB"	0.00334102621125965	"HiG"	0.335321671438871	0.898	1128	37	147.902162941564	0	2.12036137688186	31	0.00183740153975898	31	87	577.5
"HiG_1"	"FSIP2"	0.000578106005651794	"HiG"	7.06155950608302e-05	0.084	12.5	534	39.6211335901916	0	0.0938956696811244	717	8.13653983371962e-05	717	1090	577.5
"HiG_1"	"FXYD6"	0.000279889115224792	"HiG"	0.000482542601393574	0.483	820	934	48.54973590367	0	0.0434158740579749	928	3.76220745736351e-05	928	1010	577.5
"HiG_1"	"FYB2"	0.000430922127248322	"HiG"	0.000805114916871873	0.138	341	707	34.7770373991255	0	0.0834985329062134	760	7.23557477523513e-05	760	1116	577.5
"HiG_1"	"FYTTD1"	0.000471541193070373	"HiG"	0.00264629579938832	0.13	281	645	84.3066566160283	0	0.116151863801134	652	0.000100651528423859	652	638	577.5
"HiG_1"	"FZD2"	0.00065592296516262	"HiG"	0.01638236210335	0.71	964	469	150.320089492902	0	0.291215265661519	378	0.000252352916517781	378	72	577.5
"HiG_1"	"FZD7"	0.000506147701275536	"HiG"	0.0152408635173181	0.659	920.5	613	171.080153383238	0	0.207065044039504	472	0.000179432447174613	472	9	577.5
"HiG_1"	"GABARAP"	0.000561231079580594	"HiG"	0.00229782812888634	0.124	224	552	79.3985480671759	0	0.14266806481664	580	0.000123629172284783	580	676	577.5
"HiG_1"	"GABARAPL1"	0.00108137500364414	"HiG"	0.011172320376817	0.123	216	250	87.9372079590406	0	0.332142687063245	343	0.000287818619638861	343	598	577.5
"HiG_1"	"GABRB2"	0.000442203119176082	"HiG"	0.00529318026153383	0.283	670	690	95.9423469621128	0	0.123926806052747	628	0.000107388913390596	628	524	577.5
"HiG_1"	"GABRP"	0.000174316967461984	"HiG"	0.00109710426652178	0.398	764	1125	92.4543843585269	0	0.0146833510635358	1109	1.27238744051437e-05	1109	549	577.5
"HiG_1"	"GADD45A"	0.0014056561720748	"HiG"	0.0242114822389241	0.363	744	178	125.909712175923	0	0.617450937234966	193	0.000535052805229607	193	284	577.5
"HiG_1"	"GADD45B"	0.000570470009066341	"HiG"	0.00860223152060704	0.629	892.5	544	124.605788839598	0	0.242456773837826	429	0.000210101190500716	429	296	577.5
"HiG_1"	"GADD45G"	0.000937033825522036	"HiG"	0.0220457733512582	0.478	818	310	147.736339213345	0	0.419086821055129	280	0.000363160156893526	280	90	577.5
"HiG_1"	"GAP43"	0.00161298981967625	"HiG"	0.0452669801071039	0.51	840.5	145	122.667034399433	0	0.743338116939479	153	0.000644140482616533	153	314	577.5
"HiG_1"	"GATA3"	0.00131548603594395	"HiG"	0.0349390189261818	0.591	876	193	119.010802515936	0	0.627100279437296	187	0.000543414453585178	187	337	577.5
"HiG_1"	"GATA4"	0.00239942339018982	"HiG"	0.08283240690329	0.821	1056.5	62	133.00281495796	0	1.35128179510022	64	0.00117095476178529	64	204	577.5
"HiG_1"	"GATA6"	0.00119345052296668	"HiG"	0.0338209941533473	0.745	996	221	130.492318756678	0	0.599238001950243	204	0.000519270365641458	204	228	577.5
"HiG_1"	"GCA"	0.000304309749868173	"HiG"	0.00243533587071693	0.355	735	892	47.5811923213351	0	0.0800885384910211	776	6.94008132504516e-05	776	1021	577.5
"HiG_1"	"GDF11"	0.000357067459748068	"HiG"	0.0236683533990368	0.873	1100.5	809	170.185026685961	0	0.140786290344424	584	0.000121998518496035	584	12	577.5
"HiG_1"	"GDF15"	0.00119156496789703	"HiG"	0.0622003553018464	0.722	975	222	132.810809984827	0	0.603590813821104	201	0.000523042299671668	201	212	577.5
"HiG_1"	"GINM1"	0.00017569183239998	"HiG"	0.000145206332568567	0.133	309	1124	70.1486591981473	0	0.0154821608551466	1108	1.34160839299364e-05	1108	786	577.5
"HiG_1"	"GLIPR2"	0.000230904151149021	"HiG"	0.00113649627720184	0.21	566	1032	52.1547264727522	0	0.0421919400340501	939	3.65614731664212e-05	939	977	577.5
"HiG_1"	"GLUL"	0.00136366202677126	"HiG"	0.039592841734623	0.356	736.5	184	133.437749649687	0	0.592920657406156	208	0.000513796063610187	208	197	577.5
"HiG_1"	"GNAI1"	0.000591494895474231	"HiG"	0.00815154925966112	0.406	772.5	520	102.227081889638	0	0.212517403560249	466	0.000184157195459488	466	466	577.5
"HiG_1"	"GNAS"	0.00116628149879011	"HiG"	0.012236083936501	0.285	673	230	90.4450479185164	0	0.463133310994036	263	0.000401328692369182	263	569	577.5
"HiG_1"	"GNG11"	0.00121420635522021	"HiG"	0.0415321597189619	0.623	891	213	86.4632711459946	0	0.584366934277649	216	0.000506383825197269	216	609	577.5
"HiG_1"	"GNG12"	0.000705214109866241	"HiG"	0.0449303227941347	0.672	933	431	130.699696710866	0	0.32378150166287	351	0.000280573225011152	351	223	577.5
"HiG_1"	"GOLGA2"	0.000937337557675869	"HiG"	0.00855612156681333	0.104	73.5	309	99.8056393463265	0	0.268597150191568	401	0.000232753163077616	401	483	577.5
"HiG_1"	"GOLGA7"	0.000186560581860175	"HiG"	0.000304793323617287	0.201	551.5	1109	99.3020741442699	0	0.0168753690809386	1102	1.46233700874684e-05	1102	489	577.5
"HiG_1"	"GOLGA8A"	0.000520666814517776	"HiG"	0.000138742019225841	0.113	138.5	596	41.02776355628	0	0.0961263244936015	710	8.32983747778176e-05	710	1075	577.5
"HiG_1"	"GOLGA8B"	0.000465230189634705	"HiG"	0.000113414802109161	0.102	59	657	37.9661033222906	0	0.083305672942415	762	7.21886247334619e-05	762	1101	577.5
"HiG_1"	"GOLGB1"	0.00178390043562011	"HiG"	0.00966054831885386	0.094	29.5	117	83.5301232940717	0	0.532511756722853	235	0.00046144866267145	235	646	577.5
"HiG_1"	"GOLIM4"	0.000426967439383495	"HiG"	0.001319742458811	0.116	163	710	74.5242724292152	0	0.096607613491071	709	8.37154363007548e-05	709	738	577.5
"HiG_1"	"GOPC"	0.000522403054870971	"HiG"	0.00205952361188689	0.104	73.5	594	64.6792844597008	0	0.102011082027977	687	8.8397818048507e-05	687	845	577.5
"HiG_1"	"GPATCH11"	0.000223914365994825	"HiG"	0.000125714782380367	0.103	65.5	1044	48.4379575518403	0	0.0220265658520395	1069	1.90871454523739e-05	1069	1012	577.5
"HiG_1"	"GPATCH2"	0.000185853670196435	"HiG"	0.000825761997331916	0.161	447.5	1112	107.601511231296	0	0.0206200812906454	1077	1.78683546712698e-05	1077	427	577.5
"HiG_1"	"GPC3"	0.00215582614335948	"HiG"	0.124053626209449	0.776	1014	79	140.981304170653	0	1.2038330025353	77	0.00104318284448466	77	129	577.5
"HiG_1"	"GPC6"	0.000487041904044312	"HiG"	0.014970172439293	0.648	908.5	631	126.782775354751	0	0.180336618992871	520	0.000156270900340443	520	277	577.5
"HiG_1"	"GPCPD1"	0.00027069393603772	"HiG"	0.000362193798254992	0.147	392	950	46.8340217601182	0	0.0334493803246885	999	2.89855982016364e-05	999	1029	577.5
"HiG_1"	"GPRC5C"	0.000205416893375912	"HiG"	8.81275261970095e-05	0.369	749	1086	31.1871540458315	0	0.0258671954557052	1052	2.24152473619629e-05	1052	1125	577.5
"HiG_1"	"GPX8"	0.00153936345049216	"HiG"	0.103871466032855	0.444	798.5	154	126.002565076362	0	0.665399004095031	173	0.000576602256581483	173	282	577.5
"HiG_1"	"GREM1"	0.000375523248750501	"HiG"	0.0156456048282928	0.916	1146	777	152.760084722504	0	0.160815233850313	546	0.000139354622053997	546	64	577.5
"HiG_1"	"GRIPAP1"	0.000508855361873097	"HiG"	0.000152423010984542	0.12	189.5	611	41.9243916973465	0	0.0915805843899911	723	7.93592585701829e-05	723	1070	577.5
"HiG_1"	"GRN"	0.000675121596061625	"HiG"	0.0202176867212044	0.322	708.5	456	112.862195690076	0	0.229835080606986	443	0.000199163848012986	443	390	577.5
"HiG_1"	"GSTA2"	0.000372386013745811	"HiG"	0.00116161238369064	0.268	649	784	64.5919643866757	0	0.073476094451726	803	6.36707924191733e-05	803	847	577.5
"HiG_1"	"GSTA4"	0.000261733515138285	"HiG"	0.000455699947419909	0.279	664	968	49.9248128974533	0	0.037994819621821	971	3.29244537450789e-05	971	1001	577.5
"HiG_1"	"GSTK1"	0.00029797875582527	"HiG"	0.000388454945582912	0.131	293	907	56.4955759397145	0	0.0469368365123238	911	4.06731685548733e-05	911	927	577.5
"HiG_1"	"GSTM3"	0.000538733205361559	"HiG"	0.0110843534342523	0.302	693	576	78.4246396916371	0	0.136117728618817	596	0.000117952971073498	596	685	577.5
"HiG_1"	"GTF2B"	0.00044540453683902	"HiG"	0.00133018154769447	0.165	463.5	683	88.2581669462581	0	0.0993493991582616	697	8.60913337593255e-05	697	593	577.5
"HiG_1"	"GTF2I"	0.00043805989945554	"HiG"	0.00142957896903864	0.127	252	697	90.3122221996697	0	0.099686222979552	694	8.63832088211023e-05	694	572	577.5
"HiG_1"	"GTPBP8"	0.000164781784182823	"HiG"	7.06517499156048e-05	0.123	216	1137	60.9487136665997	0	0.00979608538272449	1133	8.48880882385138e-06	1133	883	577.5
"HiG_1"	"GUCY1A1"	0.000818269641544065	"HiG"	0.0302868699111386	0.426	783	361	115.26525072941	0	0.299546656201281	370	0.00025957249237546	370	372	577.5
"HiG_1"	"GXYLT1"	0.000350018109957798	"HiG"	0.000713473778491507	0.139	348.5	820	44.0249175712226	0	0.0443590138953657	920	3.84393534621887e-05	920	1050	577.5
"HiG_1"	"GYG1"	0.000415722961756714	"HiG"	0.000543098164501407	0.145	379	722	42.1834191137999	0	0.0785183479813319	784	6.80401628954349e-05	784	1068	577.5
"HiG_1"	"GYPB"	0.000461147676030251	"HiG"	0.00217743368840621	0.326	712.5	663	58.4500436440958	0	0.126681400753824	620	0.00010977591053191	620	907	577.5
"HiG_1"	"GYPC"	0.000305559208103705	"HiG"	0.00323469114644059	0.343	726	890	109.604920136586	0	0.0653985074922237	842	5.66711503398819e-05	842	414	577.5
"HiG_1"	"GYPE"	0.000439409044075235	"HiG"	0.00291720007629606	0.39	761	693	78.6307055551521	0	0.122855345777002	633	0.000106460438281631	633	683	577.5
"HiG_1"	"H1FX"	0.000222857046078482	"HiG"	0.000247954231634362	0.154	427	1047	69.1579645373571	0	0.0324082342492414	1006	2.80833918970896e-05	1006	797	577.5
"HiG_1"	"H2AFJ"	0.000487564840676527	"HiG"	0.00182579773280522	0.171	484.5	630	119.811235254675	0	0.127105031750008	619	0.000110143008448881	619	329	577.5
"HiG_1"	"H3F3B"	0.00126816131896011	"HiG"	0.00672078597580155	0.174	491	202	96.4041850359922	0	0.414970888836165	285	0.000359593491192518	285	519	577.5
"HiG_1"	"HAND1"	0.00073145582239102	"HiG"	0.0127011237185201	0.722	975	411	125.262261362598	0	0.335616520643651	340	0.000290828874041292	340	288	577.5
"HiG_1"	"HAND2"	0.00116880472223153	"HiG"	0.0346101597146956	0.852	1080.5	229	135.815467182992	0	0.635958038561241	183	0.000551090154732445	183	180	577.5
"HiG_1"	"HBE1"	0.000258617379469863	"HiG"	0.00265327999331776	0.518	843	972	114.681151004528	0	0.0605894883491344	856	5.25038893839986e-05	856	373	577.5
"HiG_1"	"HBEGF"	0.0011072734809962	"HiG"	0.0390858096615629	0.795	1029	245	153.357160297144	0	0.567319878797786	224	0.000491611680067406	224	58	577.5
"HiG_1"	"HDLBP"	0.000726025395066769	"HiG"	0.00691628512197277	0.135	325	416	84.186708628036	0	0.203995611714332	478	0.00017677262713547	478	640	577.5
"HiG_1"	"HEATR6"	0.000211720077188817	"HiG"	0.000354788015358626	0.094	29.5	1076	96.7711834526583	0	0.023278266896888	1065	2.01718084028493e-05	1065	513	577.5
"HiG_1"	"HECTD1"	0.000676519800129621	"HiG"	0.00133860414150041	0.103	65.5	454	76.2739263524486	0	0.173308142346908	528	0.000150180365985189	528	714	577.5
"HiG_1"	"HERPUD1"	0.000513266180654063	"HiG"	0.00187436951008674	0.207	558.5	605	84.3040962355934	0	0.15258041896719	562	0.000132218733940373	562	639	577.5
"HiG_1"	"HES1"	0.000373137144066761	"HiG"	0.00899128501851377	0.789	1025	783	145.89732206984	0	0.142530825698442	581	0.000123510247572307	581	105	577.5
"HiG_1"	"HEY1"	0.00163839396685237	"HiG"	0.0681628066597625	0.845	1074	139	164.050657183382	0	0.924141047031463	123	0.000800815465365219	123	17	577.5
"HiG_1"	"HHEX"	0.00102306099531006	"HiG"	0.0283985039895295	0.75	998.5	275	135.167317659738	0	0.513285688826104	239	0.00044478829187704	239	184	577.5
"HiG_1"	"HIPK2"	0.000740099386463487	"HiG"	0.00486358246124406	0.198	546	403	128.803033351616	0	0.255055823207536	415	0.000221018910925074	415	250	577.5
"HiG_1"	"HMGXB3"	0.000192387395414731	"HiG"	3.92378250489206e-05	0.11	109.5	1101	33.4203187649783	0	0.0142736103527983	1112	1.23688131306744e-05	1112	1121	577.5
"HiG_1"	"HNRNPH2"	0.000432853828538236	"HiG"	0.000622240274286809	0.117	169.5	704	66.2396751798751	0	0.103819479831803	682	8.99648872026026e-05	682	824	577.5
"HiG_1"	"HOOK1"	0.000570647136511182	"HiG"	0.00252628459016596	0.112	130	542	70.0020476227864	0	0.119570437926417	642	0.000103613897683203	642	787	577.5
"HiG_1"	"HOOK3"	0.000756785252783996	"HiG"	0.00133345590855824	0.11	109.5	394	62.4436915339617	0	0.188309822045688	499	0.000163180088427806	499	867	577.5
"HiG_1"	"HOXB2"	0.000592334902418734	"HiG"	0.00406268995170563	0.52	844	519	81.4692569557872	0	0.229922565275511	441	0.000199239657951049	441	658	577.5
"HiG_1"	"HOXB3"	0.000765815189450704	"HiG"	0.00465114228850435	0.454	808	389	91.074632534925	0	0.301403189639777	369	0.000261181273518004	369	559	577.5
"HiG_1"	"HOXB4"	0.000749349540234517	"HiG"	0.00538709381911123	0.512	842	398	84.7093189838418	0	0.306778506566142	363	0.000265839260455929	363	634	577.5
"HiG_1"	"HOXB5"	0.000654609706949913	"HiG"	0.00507010094436972	0.581	867	470	84.1260589114945	0	0.25774240951272	413	0.000223346975314316	413	641	577.5
"HiG_1"	"HOXB7"	0.000770746518086186	"HiG"	0.0132272972345754	0.689	946.5	384	103.22931727433	0	0.345677747517833	332	0.000299547441523253	332	457	577.5
"HiG_1"	"HP1BP3"	0.00047090743207566	"HiG"	0.00125280519006253	0.121	197	646	78.8893433698722	0	0.121479552621611	637	0.000105268243172973	637	681	577.5
"HiG_1"	"HPGD"	0.000837785419942177	"HiG"	0.0100401224979755	0.236	603.5	352	102.496286893449	0	0.278513705344166	390	0.000241346365116262	390	463	577.5
"HiG_1"	"HRC"	0.00049439462228975	"HiG"	0.00442211973380161	0.589	875	622	74.1182550406174	0	0.191936432856412	495	0.000166322732111276	495	744	577.5
"HiG_1"	"HSD17B11"	0.000355417785491102	"HiG"	0.000271133007990642	0.133	309	812	55.6910739058582	0	0.0536028945227318	886	4.64496486332165e-05	886	936	577.5
"HiG_1"	"HSDL2"	0.000712435603626352	"HiG"	0.00126769766649457	0.123	216	422	50.4690986599839	0	0.15426509699297	558	0.00013367859358143	558	996	577.5
"HiG_1"	"HSPB1"	0.00135015623542141	"HiG"	0.0831967320693809	0.664	926	188	167.278753377973	0	0.711951617598737	158	0.000616942476255405	158	13	577.5
"HiG_1"	"IAH1"	0.000179161131047237	"HiG"	0.000324076527783486	0.209	564	1119	87.7091245931606	0	0.0187901268425776	1091	1.62826055828229e-05	1091	602	577.5
"HiG_1"	"ID2"	0.00107560859684615	"HiG"	0.0407922922797301	0.807	1044	251	127.66104833324	0	0.560607329367815	227	0.000485794912797066	227	264	577.5
"HiG_1"	"ID4"	0.000817000645434049	"HiG"	0.0242339540482665	0.83	1063	362	143.354776940157	0	0.414932245280747	286	0.000359560004576037	286	115	577.5
"HiG_1"	"IDH2"	0.000577589108621007	"HiG"	0.0077688709962002	0.191	531	537	136.388829548569	0	0.183483563773233	511	0.00015899788888495	511	173	577.5
"HiG_1"	"IFI16"	0.000880958297775396	"HiG"	0.00537119417806612	0.14	354.5	342	75.303276908222	0	0.246930269097864	423	0.000213977702857768	423	723	577.5
"HiG_1"	"IFI27L2"	0.000220452334790946	"HiG"	0.000319932453316671	0.139	348.5	1053	48.3536882922901	0	0.0260934831150242	1049	2.26113371880625e-05	1049	1015	577.5
"HiG_1"	"IFIT1"	0.000736314355212663	"HiG"	0.0155756397834067	0.174	491	405	107.06251976676	0	0.221775113049481	455	0.000192179474046344	455	431	577.5
"HiG_1"	"IFITM2"	0.000464125326390738	"HiG"	0.00235477971876609	0.236	603.5	658	54.4632612457165	0	0.127262733566201	617	0.000110279665135356	617	952	577.5
"HiG_1"	"IFITM3"	0.00149693570649613	"HiG"	0.0432038489361611	0.353	732.5	161	103.901911067216	0	0.592322650651273	209	0.000513277860183079	209	452	577.5
"HiG_1"	"IFNAR1"	0.000394546206560618	"HiG"	0.00507029681187669	0.325	711	755	127.160229020488	0	0.125765192554232	625	0.00010898196928443	625	270	577.5
"HiG_1"	"IFT20"	0.000733170232412575	"HiG"	0.000567931465703114	0.117	169.5	409	52.2238229999531	0	0.135764163644289	598	0.000117646588946525	598	976	577.5
"HiG_1"	"IFT22"	0.000506588770420149	"HiG"	0.000195508340768495	0.123	216	612	50.6962203400865	0	0.0898346257154874	729	7.78462961139405e-05	729	995	577.5
"HiG_1"	"IFT57"	0.000842107409804926	"HiG"	0.0098349199101208	0.112	130	351	64.3382700906061	0	0.183862947226216	509	0.000159326644043514	509	848	577.5
"HiG_1"	"IFT74"	0.000570561406989472	"HiG"	0.000550509931585104	0.122	206.5	543	57.436289763309	0	0.0991973812357736	699	8.59596024573428e-05	699	919	577.5
"HiG_1"	"IFT81"	0.00080957106243387	"HiG"	0.00100508453416522	0.098	43	365	61.8841199616534	0	0.169229412155456	538	0.00014664593774303	538	873	577.5
"HiG_1"	"IFT88"	0.000897062394291048	"HiG"	0.00116308975554563	0.112	130	328	58.9905336255653	0	0.176893166711408	524	0.000153286972886836	524	904	577.5
"HiG_1"	"IGDCC3"	0.000301844930736911	"HiG"	0.00636738679885016	0.411	779	894	143.719731384462	0	0.0689301265626606	827	5.97314788237961e-05	827	113	577.5
"HiG_1"	"IGF1"	0.00268072478544781	"HiG"	0.15712367082158	0.802	1040	50	140.778017515281	0	1.51492174530388	47	0.00131275714497737	47	131	577.5
"HiG_1"	"IGF2"	0.00237242232601948	"HiG"	0.140701979428566	0.839	1068.5	64	136.449433886629	0	1.37464964427063	60	0.00119120419780817	60	172	577.5
"HiG_1"	"IGFBP3"	0.00266576231497146	"HiG"	0.19736172520593	0.895	1124	53	146.522773521431	0	1.64298874991829	43	0.00142373375209557	43	98	577.5
"HiG_1"	"IGFBP5"	0.00230189111180417	"HiG"	0.142542467725199	0.85	1079	71	130.730539459904	0	1.34600560298589	66	0.0011663826715649	66	222	577.5
"HiG_1"	"IGFBP7"	0.0014201042800509	"HiG"	0.118108026940381	0.858	1084	174	159.366920258285	0	0.818275918782991	134	0.000709077919222696	134	28	577.5
"HiG_1"	"IGSF3"	0.000210356613326907	"HiG"	0.000419476076943502	0.189	528	1078	87.1527389721638	0	0.0280008126286198	1030	2.42641357267069e-05	1030	606	577.5
"HiG_1"	"IKBIP"	0.000281182065707555	"HiG"	0.00290596749279692	0.212	569	933	80.268934314533	0	0.0513836133177284	891	4.4526528004964e-05	891	670	577.5
"HiG_1"	"IL6ST"	0.00080972557857737	"HiG"	0.0134337049954187	0.432	789	364	130.586967616323	0	0.333641740719592	342	0.000289117626273476	342	225	577.5
"HiG_1"	"ILK"	0.00114345514710098	"HiG"	0.0617339328452255	0.724	977.5	234	148.014996637343	0	0.592283481961984	210	0.000513243918511251	210	85	577.5
"HiG_1"	"ING3"	0.000488713540446675	"HiG"	0.0010097987386727	0.143	366.5	629	75.300422304696	0	0.113867437344252	659	9.86719561042043e-05	659	724	577.5
"HiG_1"	"ING4"	0.000418659549262587	"HiG"	0.000463580995977428	0.137	335	719	68.2091041348954	0	0.0948445865909183	712	8.21876833543486e-05	712	807	577.5
"HiG_1"	"INHBA"	0.000802322413982271	"HiG"	0.0498148218533089	0.868	1094	367	162.079887329966	0	0.420323661863663	279	0.000364231942689482	279	23	577.5
"HiG_1"	"INPP5F"	0.00024888759216532	"HiG"	0.000305220321658367	0.228	594	996	73.4747441843701	0	0.0399646955210725	956	3.46314519246729e-05	956	750	577.5
"HiG_1"	"INTU"	0.00037929307039225	"HiG"	0.000105953205302193	0.097	38.5	772	45.8622033741186	0	0.045870711876228	914	3.97493170504575e-05	914	1032	577.5
"HiG_1"	"IP6K2"	0.000286113587229664	"HiG"	0.000376791291374898	0.14	354.5	928	41.0317852472231	0	0.0313936300163991	1015	2.72041854561518e-05	1015	1074	577.5
"HiG_1"	"IQGAP1"	0.00380436591648115	"HiG"	0.229119781567503	0.443	795.5	28	124.173535589781	0	1.99909614536906	35	0.00173231901678428	35	299	577.5
"HiG_1"	"IRX3"	0.000721957125786211	"HiG"	0.0115110354267133	0.694	949	417	118.81790141413	0	0.329576190508663	344	0.000285594619158287	344	339	577.5
"HiG_1"	"ISL1"	0.00180755749896684	"HiG"	0.053926352362235	0.782	1022	113	127.46605632605	0	0.974120867708324	112	0.000844125535275844	112	267	577.5
"HiG_1"	"ISYNA1"	0.000292052973837322	"HiG"	0.00204871348709991	0.171	484.5	917	73.3499561896807	0	0.0504291448211185	896	4.36994322540022e-05	896	752	577.5
"HiG_1"	"ITFG1"	0.000577697114503714	"HiG"	0.00135749505217101	0.108	92.5	535	62.0155963245826	0	0.136416645651363	595	0.000118211997964786	595	871	577.5
"HiG_1"	"ITGA1"	0.00185647339096275	"HiG"	0.141085946607345	0.926	1151	103	153.488341903187	0	1.16125842403211	83	0.00100628979552176	83	57	577.5
"HiG_1"	"ITGA6"	0.00302194724944113	"HiG"	0.283721603578568	0.907	1141.5	43	137.654408013978	0	1.93632828540462	37	0.00167792745702307	37	159	577.5
"HiG_1"	"ITGA8"	0.00175150204902233	"HiG"	0.146621108062337	0.932	1153.5	121	149.014030849358	0	1.11806922961006	90	0.000968864150441992	90	79	577.5
"HiG_1"	"ITM2A"	0.000227046509059428	"HiG"	0.00317381970239757	0.292	684	1036	108.872446866949	0	0.0391812717156248	962	3.39525751435223e-05	962	419	577.5
"HiG_1"	"ITM2B"	0.000510653558430287	"HiG"	0.00541907262996393	0.19	530	609	89.9927284889086	0	0.150128170337209	567	0.000130093735127564	567	576	577.5
"HiG_1"	"ITSN2"	0.000808277527182003	"HiG"	0.00486655919126343	0.131	293	366	97.0847971838977	0	0.224543278084833	451	0.000194578230576112	451	509	577.5
"HiG_1"	"JAG1"	0.00253856228073148	"HiG"	0.144293903818839	0.858	1084	56	146.47678405335	0	1.47679984531723	50	0.00127972256959899	50	99	577.5
"HiG_1"	"JAK1"	0.00164095417660217	"HiG"	0.0338353025251211	0.267	646.5	138	120.1890225793	0	0.679156722117168	166	0.000588524022631862	166	327	577.5
"HiG_1"	"JUN"	0.00690178336368238	"HiG"	0.185022496386328	0.425	782	10	113.317322074133	0	3.43849895651578	11	0.00297963514429443	11	386	577.5
"HiG_1"	"JUP"	0.00100153464720016	"HiG"	0.026357154699912	0.506	834.5	283	122.965998472332	0	0.441999991914118	271	0.000383015590913447	271	308	577.5
"HiG_1"	"KAT6B"	0.000881519687314825	"HiG"	0.00201189282792622	0.132	301.5	340	85.5967606479352	0	0.252944265394531	419	0.000219189138123511	419	626	577.5
"HiG_1"	"KCTD12"	0.000413528185784777	"HiG"	0.00297097692477264	0.163	454	727	114.287766630435	0	0.0785072044941539	785	6.80305064940675e-05	785	377	577.5
"HiG_1"	"KCTD20"	0.000159390921065827	"HiG"	9.18502349946383e-06	0.148	397.5	1142	29.3230082652694	0	0.00663966566297489	1143	5.75360975994358e-06	1143	1130	577.5
"HiG_1"	"KDELR2"	0.000889701336004768	"HiG"	0.016586587763405	0.158	439	334	77.4349972527498	0	0.266695706646856	404	0.000231105465031938	404	700	577.5
"HiG_1"	"KDM5A"	0.00125112053827178	"HiG"	0.00306094834627571	0.113	138.5	207	98.5010012778969	0	0.401556542663388	292	0.000347969274405016	292	495	577.5
"HiG_1"	"KDM6A"	0.00137387360004866	"HiG"	0.00700969411066798	0.114	147.5	181	97.2950826244198	0	0.472333792596212	258	0.000409301380066042	258	504	577.5
"HiG_1"	"KDM6B"	0.00183746835128914	"HiG"	0.0109449171452796	0.125	232.5	110	111.149216947981	0	0.649848725739152	180	0.000563127145354551	180	402	577.5
"HiG_1"	"KDR"	0.00526015510575481	"HiG"	0.293672883991169	0.821	1056.5	14	127.055006293863	0	3.0624843109309	14	0.00265379922957617	14	273	577.5
"HiG_1"	"KIAA0232"	0.000300327954738856	"HiG"	5.33583943996332e-05	0.104	73.5	902	60.4403483880074	0	0.0403476332148449	952	3.49632870145969e-05	952	889	577.5
"HiG_1"	"KIAA1109"	0.000384286552129986	"HiG"	0.0023200456392382	0.121	197	768	117.981623363127	0	0.077932008101116	788	6.75320694117123e-05	788	348	577.5
"HiG_1"	"KIAA1324L"	0.000286686604268699	"HiG"	0.000200133197467695	0.147	392	926	46.8985061695874	0	0.039414920009136	960	3.41550433354732e-05	960	1028	577.5
"HiG_1"	"KIDINS220"	0.000557029627049246	"HiG"	0.00142856300226345	0.098	43	558	99.5988070808522	0	0.131702487606306	603	0.000114126939000265	603	486	577.5
"HiG_1"	"KIF1B"	0.000584084094872063	"HiG"	0.00174957048845797	0.112	130	528	73.2395464194103	0	0.152794309532062	560	0.000132404081050313	560	754	577.5
"HiG_1"	"KIF3A"	0.000796423838931369	"HiG"	0.00193665069377045	0.127	252	369	76.9176885203875	0	0.176146670161197	525	0.000152640095460309	525	705	577.5
"HiG_1"	"KIF5B"	0.00193766027585115	"HiG"	0.0268336095805863	0.126	241.5	97	108.082946796019	0	0.668336353448031	170	0.000579147619972297	170	423	577.5
"HiG_1"	"KIFAP3"	0.000547439769450433	"HiG"	0.00146646125549249	0.109	100	568	64.0694025384437	0	0.114692738411767	656	9.93871216739745e-05	656	851	577.5
"HiG_1"	"KLF10"	0.000515204235076867	"HiG"	0.00585531870608537	0.458	811	603	128.23296758132	0	0.183102945040585	512	0.000158668063293401	512	259	577.5
"HiG_1"	"KLF3"	0.000451590543831908	"HiG"	0.00402171899194357	0.335	718	671	125.533481567941	0	0.136550332890094	594	0.000118327844792109	594	287	577.5
"HiG_1"	"KLF6"	0.00147787164712936	"HiG"	0.0458980307531695	0.491	826	162	149.897021671765	0	0.719188334921611	157	0.000623213461803822	157	76	577.5
"HiG_1"	"KLHDC2"	0.000267131726034635	"HiG"	0.000138627436595076	0.128	263	959	44.3454874656121	0	0.0319805514974701	1013	2.77127829267505e-05	1013	1046	577.5
"HiG_1"	"KMT2A"	0.00174160217212014	"HiG"	0.00532313488787656	0.135	325	123	92.5375655605638	0	0.594503396301385	207	0.000515167587782829	207	548	577.5
"HiG_1"	"KMT2C"	0.00189270453119318	"HiG"	0.00731889521887529	0.137	335	101	94.9715882464661	0	0.666197513106359	171	0.000577294205464782	171	531	577.5
"HiG_1"	"KMT2E"	0.00147247775006049	"HiG"	0.00323555753753754	0.108	92.5	165	80.3921551192749	0	0.459200578957075	264	0.000397920778992266	264	668	577.5
"HiG_1"	"KMT5B"	0.000530201527472136	"HiG"	0.000193960184156406	0.099	48.5	585	69.7456152632818	0	0.116638444019912	650	0.000101073175060582	650	790	577.5
"HiG_1"	"KPNA1"	0.000536942269678761	"HiG"	0.00232999744386503	0.104	73.5	578	110.066562542966	0	0.138950382098962	590	0.000120407610137749	590	412	577.5
"HiG_1"	"KRCC1"	0.000164033531387334	"HiG"	4.15250242274715e-07	0.142	359.5	1138	20.1382656549188	0	0.00321548959762341	1152	2.78638613312254e-06	1152	1149	577.5
"HiG_1"	"KRT10"	0.00029876500778441	"HiG"	0.0128224045401663	0.642	902	905	160.040012778273	0	0.0930397576081887	719	8.06237067661947e-05	719	25	577.5
"HiG_1"	"KRT18"	0.00415029629935795	"HiG"	0.363134458990967	0.847	1076.5	25	139.916260434203	0	2.58718608444531	23	0.0022419290159838	23	137	577.5
"HiG_1"	"KRT19"	0.00441242130069549	"HiG"	0.374991335967655	0.847	1076.5	20	137.657860839834	0	2.71400022149658	18	0.00235181994930379	18	158	577.5
"HiG_1"	"KRT7"	0.00106834989935642	"HiG"	0.072855293482785	0.799	1037	255	136.186106692984	0	0.579694043763184	218	0.000502334526657872	218	176	577.5
"HiG_1"	"KRT8"	0.0042256046223581	"HiG"	0.400540055104115	0.865	1091	23	136.155924533831	0	2.67823106913784	20	0.00232082415003279	20	177	577.5
"HiG_1"	"L3MBTL3"	0.000300388502430415	"HiG"	3.91811450112648e-05	0.12	189.5	900	51.2238445217066	0	0.0321382993203216	1010	2.7849479480348e-05	1010	991	577.5
"HiG_1"	"LAMA1"	0.0006937081058433	"HiG"	0.0623177426447477	0.897	1126	437	146.320509655785	0	0.375247096727016	313	0.000325170794390828	313	102	577.5
"HiG_1"	"LAMC1"	0.00159347613323155	"HiG"	0.175281152750398	0.898	1128	148	148.414981140688	0	0.980682211409804	110	0.000849811275051823	110	82	577.5
"HiG_1"	"LASP1"	0.000682579375603306	"HiG"	0.0379090820636893	0.507	836	448	137.916116054247	0	0.301733708659763	368	0.000261467685147108	368	155	577.5
"HiG_1"	"LBH"	0.000220241355582682	"HiG"	0.000192117765590111	0.215	574.5	1054	66.7455331385462	0	0.0270000483589014	1039	2.3396922321405e-05	1039	821	577.5
"HiG_1"	"LDB3"	0.000957370628546111	"HiG"	0.0143121796650178	0.618	888	303	83.9701572573928	0	0.463877067422656	260	0.000401973195340256	260	643	577.5
"HiG_1"	"LDOC1"	0.000246645721001094	"HiG"	0.00162700486910384	0.285	673	999	49.1503589642406	0	0.0438217957058943	927	3.79738264349171e-05	927	1004	577.5
"HiG_1"	"LEFTY1"	0.000789617204620073	"HiG"	0.0132549167640032	0.696	950.5	375	112.975321057673	0	0.365933226547784	321	0.000317099849694787	321	388	577.5
"HiG_1"	"LEFTY2"	0.000434204713725423	"HiG"	0.0123767393430759	0.836	1066.5	703	135.209826424141	0	0.184567250100155	507	0.000159936958492335	507	183	577.5
"HiG_1"	"LEPROT"	0.000309567797232902	"HiG"	0.000397986024657313	0.13	281	879	53.6208618668911	0	0.041824833617153	943	3.62433566873076e-05	943	961	577.5
"HiG_1"	"LEPROTL1"	0.000523417128006301	"HiG"	0.000114354795166064	0.105	81.5	592	27.9076312778073	0	0.0903051663340639	726	7.82540436170397e-05	726	1136	577.5
"HiG_1"	"LGALS3"	0.00353535202199246	"HiG"	0.305254560247372	0.768	1009.5	34	143.146937680695	0	2.12349360318853	30	0.00184011577399352	30	117	577.5
"HiG_1"	"LGR4"	0.000579669693772229	"HiG"	0.018165193160593	0.724	977.5	530	158.5779847642	0	0.240571569348682	432	0.000208467564426934	432	30	577.5
"HiG_1"	"LHFPL6"	0.000504038053920102	"HiG"	0.0222980279398829	0.446	800.5	615	98.7384528587813	0	0.171881806406227	532	0.000148944372969001	532	493	577.5
"HiG_1"	"LHX1"	0.00069927218762189	"HiG"	0.0103142918658125	0.707	961.5	436	98.7957297368882	0	0.315478999309728	355	0.000273378682244132	355	491	577.5
"HiG_1"	"LIFR"	0.000972601181767395	"HiG"	0.043367234800224	0.689	946.5	296	143.529289437618	0	0.470538983633462	259	0.000407746086337489	259	114	577.5
"HiG_1"	"LIMCH1"	0.000732995009840837	"HiG"	0.0111274510385886	0.271	654	410	68.0074538817849	0	0.229941965271196	440	0.000199256469039164	440	809	577.5
"HiG_1"	"LIMS1"	0.000474981040104402	"HiG"	0.0143682532684045	0.61	883	641	132.885435559489	0	0.194114349844776	490	0.000168210008531002	490	208	577.5
"HiG_1"	"LIX1"	0.000415643743712797	"HiG"	0.00572883100329286	0.57	862	723	73.3948897387809	0	0.145093679892905	576	0.000125731091761616	576	751	577.5
"HiG_1"	"LMCD1"	0.000736202437839417	"HiG"	0.0449774833890354	0.676	937	406	128.876209380771	0	0.337482482252475	338	0.000292445825175455	338	248	577.5
"HiG_1"	"LMNA"	0.00150714589034674	"HiG"	0.0691818097972016	0.506	834.5	160	129.411353271984	0	0.728257216660944	155	0.000631072111491286	155	243	577.5
"HiG_1"	"LMO4"	0.000446642150921876	"HiG"	0.00061350233637142	0.342	724	682	51.8009119875183	0	0.0822980645760162	767	7.13154805684716e-05	767	985	577.5
"HiG_1"	"LMO7"	0.000567315605441724	"HiG"	0.0107829302867474	0.283	670	546	127.217151193944	0	0.200660536951034	482	0.000173882614342317	482	269	577.5
"HiG_1"	"LMOD1"	0.0011166462481269	"HiG"	0.0720785012760957	0.74	990	240	137.258301162169	0	0.631296792563878	185	0.000547050946762459	185	164	577.5
"HiG_1"	"LONP2"	0.000314734634690101	"HiG"	0.00315999525235744	0.111	121	869	81.1877010693704	0	0.054824998119304	877	4.7508663881546e-05	877	662	577.5
"HiG_1"	"LPGAT1"	0.000258345200767043	"HiG"	0.000371920627705364	0.15	405.5	973	70.6245580243403	0	0.0323020839295455	1008	2.79914072179771e-05	1008	782	577.5
"HiG_1"	"LPIN1"	0.000352793503869329	"HiG"	0.00134085971329993	0.164	458.5	816	90.0629086247966	0	0.0730599039476877	806	6.33101420690535e-05	806	575	577.5
"HiG_1"	"LPIN2"	0.000279529027565471	"HiG"	0.000293820626072401	0.184	514.5	935	57.4311585999999	0	0.0415902614511345	945	3.60400879125949e-05	945	920	577.5
"HiG_1"	"LPP"	0.000656799130947097	"HiG"	0.0125780465988913	0.347	728	467	104.325623472027	0	0.24167703322283	430	0.0002094255053924	430	447	577.5
"HiG_1"	"LRIF1"	0.000195426404675064	"HiG"	1.49631416820554e-05	0.098	43	1098	55.9106650868802	0	0.0131667061687407	1116	1.14096240630335e-05	1116	933	577.5
"HiG_1"	"LRP2"	0.00131426502184446	"HiG"	0.0680247530343811	0.684	942.5	194	137.104537412094	0	0.689033719878153	164	0.000597082946168243	164	167	577.5
"HiG_1"	"LRRC49"	0.000197080949685584	"HiG"	0.000111013644122309	0.115	155.5	1097	51.2009838884756	0	0.0144284920813197	1111	1.25030260670015e-05	1111	992	577.5
"HiG_1"	"LRRN3"	0.000224529180711436	"HiG"	0.0120615082086256	0.532	849	1042	119.805660278526	0	0.0493802310732874	902	4.27904948642006e-05	902	330	577.5
"HiG_1"	"LRRTM1"	0.000927865033962	"HiG"	0.0269233564637736	0.418	781	315	81.4217347795816	0	0.34483121288509	333	0.000298813875983613	333	659	577.5
"HiG_1"	"LSAMP"	0.000367272985198175	"HiG"	0.00436466212477702	0.428	784.5	789	95.5504159042875	0	0.108181211166245	671	9.37445504040255e-05	671	526	577.5
"HiG_1"	"LUM"	0.0079058166090988	"HiG"	1	0.891	1120.5	4	145.021593294101	0	5.25004335954545	4	0.00454943098747439	4	109	577.5
"HiG_1"	"LY6E"	0.00032246003870856	"HiG"	0.000909411952096683	0.238	607.5	859	43.6082600247424	0	0.0657042287438719	837	5.69360734348976e-05	837	1059	577.5
"HiG_1"	"LYPLAL1"	0.000273435163963495	"HiG"	0.000390013443170414	0.164	458.5	946	54.6907720823726	0	0.0397969598725318	957	3.44861004094729e-05	957	950	577.5
"HiG_1"	"LYRM2"	0.000248632264753069	"HiG"	7.40535581086825e-05	0.149	401.5	997	15.508546138852	0	0.0182331117658679	1095	1.57999235406134e-05	1095	1154	577.5
"HiG_1"	"LZTFL1"	0.000312136879053662	"HiG"	0.000374410588948089	0.124	224	874	90.8970723379896	0	0.0432799514952588	929	3.75042907237944e-05	929	564	577.5
"HiG_1"	"MAB21L2"	0.000640104415079612	"HiG"	0.0052061911626344	0.549	856	479	86.339903337058	0	0.254800838145046	416	0.000220797953331929	416	612	577.5
"HiG_1"	"MACF1"	0.0011076797782853	"HiG"	0.0163839519628774	0.192	532	244	110.136424930206	0	0.405619866047341	289	0.000351490351860781	289	411	577.5
"HiG_1"	"MAF"	0.00179491236936562	"HiG"	0.0489752009023476	0.49	824.5	115	136.611335691682	0	0.832295804811194	130	0.000721226867254067	130	169	577.5
"HiG_1"	"MAGED1"	0.000748943734345531	"HiG"	0.00132653826483543	0.095	32.5	399	60.0924080641123	0	0.156088538136698	555	0.000135258698558664	555	896	577.5
"HiG_1"	"MAGED2"	0.000634964997753289	"HiG"	0.00113774635241724	0.104	73.5	483	53.6559335560712	0	0.129689170107072	609	0.000112382296453268	609	960	577.5
"HiG_1"	"MAGEF1"	0.000192480258185715	"HiG"	2.96079977424607e-06	0.09	20	1100	29.3598031784502	0	0.0116405117026499	1124	1.00870985291593e-05	1124	1129	577.5
"HiG_1"	"MAGEH1"	0.000406788711636739	"HiG"	0.00044613787962717	0.129	271	742	45.6497786337935	0	0.0683223867241668	830	5.92048411821202e-05	830	1036	577.5
"HiG_1"	"MAGI3"	0.000552440533250375	"HiG"	0.004404384394256	0.165	463.5	563	107.903738538644	0	0.157903214098585	553	0.000136831208057699	553	426	577.5
"HiG_1"	"MAN1A2"	0.0003908609790469	"HiG"	0.000145991510808965	0.111	121	760	49.0984952547437	0	0.0688634401498145	828	5.96736916376209e-05	828	1005	577.5
"HiG_1"	"MAP3K12"	0.000221053577440056	"HiG"	0.00104529764354289	0.207	558.5	1050	154.211215957499	0	0.0284771073119556	1025	2.46768694211053e-05	1025	50	577.5
"HiG_1"	"MAP3K13"	0.000170998668519458	"HiG"	0.000989829619888831	0.378	752	1130	242.380278682563	0	0.0197409265493949	1084	1.71065221398569e-05	1084	1	577.5
"HiG_1"	"MAP3K20"	0.000218364687210915	"HiG"	0.000496442808502613	0.171	484.5	1063	90.4377763043183	0	0.0254772627831563	1055	2.20773507653001e-05	1055	570	577.5
"HiG_1"	"MAP4K4"	0.00067279653846452	"HiG"	0.0113874046189351	0.193	534	457	128.837628491524	0	0.225028812577962	450	0.000194998971038095	450	249	577.5
"HiG_1"	"MAP4K5"	0.000323126777440318	"HiG"	0.000859259243671519	0.148	397.5	856	79.3022333324623	0	0.0647328392738674	845	5.6094314795379e-05	845	678	577.5
"HiG_1"	"MAP9"	0.000220659481633051	"HiG"	0.000137633366665918	0.14	354.5	1052	33.92921267847	0	0.0182055243141589	1096	1.57760176032573e-05	1096	1120	577.5
"HiG_1"	"MARCH3"	0.000338219178095665	"HiG"	8.83385755762908e-05	0.114	147.5	837	43.1904021702708	0	0.0544395871054585	879	4.71746855333263e-05	879	1061	577.5
"HiG_1"	"MARCH6"	0.000550616610808748	"HiG"	0.000214279717803762	0.124	224	566	48.6200591650745	0	0.116046598868408	653	0.000100560310977823	653	1009	577.5
"HiG_1"	"MARCKS"	0.00108353261764823	"HiG"	0.039795709497813	0.414	780	249	161.211095672513	0	0.490172757805467	252	0.000424759755464009	252	24	577.5
"HiG_1"	"MARK3"	0.000307967358341033	"HiG"	0.00403884608704637	0.214	572	884	112.607089113798	0	0.0772951004554707	794	6.69801563738915e-05	794	393	577.5
"HiG_1"	"MASP1"	0.000313199205799093	"HiG"	0.00840443583512688	0.666	928.5	873	130.629228250576	0	0.104145934117221	680	9.02477765313871e-05	680	224	577.5
"HiG_1"	"MATN2"	0.000736161055468594	"HiG"	0.0491831775609521	0.771	1013	407	132.899985004465	0	0.370080312392906	318	0.000320693511605638	318	207	577.5
"HiG_1"	"MBIP"	0.00032457871232704	"HiG"	0.000293701881748687	0.145	379	853	55.4845175318125	0	0.0288383768419059	1024	2.49899279392599e-05	1024	939	577.5
"HiG_1"	"MBNL2"	0.000557496418727345	"HiG"	0.00267417283110947	0.209	564	557	69.1304525497793	0	0.161662381197499	544	0.000140088718542027	544	798	577.5
"HiG_1"	"MBTPS1"	0.000337219601875843	"HiG"	0.000806944069040569	0.143	366.5	838	75.9474151495035	0	0.0730426602810013	807	6.32951995502611e-05	807	717	577.5
"HiG_1"	"MDK"	0.00137144101256941	"HiG"	0.0763738884234591	0.873	1100.5	182	162.192361052224	0	0.781795304488497	141	0.000677465601809789	141	22	577.5
"HiG_1"	"MDM4"	0.000541133367474594	"HiG"	0.00388717297930486	0.158	439	574	145.185765986787	0	0.161516483281631	545	0.000139962290538675	545	108	577.5
"HiG_1"	"MED10"	0.000278139280449889	"HiG"	0.00152407079480641	0.184	514.5	938	70.782380562929	0	0.0487506651750345	904	4.22449438258531e-05	904	780	577.5
"HiG_1"	"MED13L"	0.000988504554584233	"HiG"	0.0014623765946469	0.105	81.5	290	92.9462006967381	0	0.273643874189716	397	0.000237126407443428	397	543	577.5
"HiG_1"	"MED31"	0.000441882325135433	"HiG"	0.00353027812975362	0.163	454	691	71.7477963914596	0	0.0978730208799743	705	8.48119764991111e-05	705	768	577.5
"HiG_1"	"MEF2A"	0.00124728369324909	"HiG"	0.0184896046844745	0.556	858	209	122.606594253757	0	0.58467772038936	215	0.000506653137252478	215	315	577.5
"HiG_1"	"MEF2C"	0.00284738093637922	"HiG"	0.102485725399906	0.812	1048.5	48	125.160662507788	0	1.59905174217691	45	0.00138566008854152	45	291	577.5
"HiG_1"	"MEIS1"	0.00120924526869839	"HiG"	0.0127103395901003	0.492	827.5	214	97.2310411479221	0	0.536599120534007	232	0.000464990572386488	232	506	577.5
"HiG_1"	"MEIS2"	0.00185162183518242	"HiG"	0.0231531047697223	0.539	852	104	101.733263610561	0	0.872684070961443	126	0.000756225364784613	126	468	577.5
"HiG_1"	"MERTK"	0.000710592322547714	"HiG"	0.0364333971870331	0.667	930	425	170.335898428163	0	0.327245060171957	346	0.000283574575538957	346	11	577.5
"HiG_1"	"MEST"	0.00102230534282966	"HiG"	0.0211206290837721	0.385	757	277	102.872354433712	0	0.418775215269426	281	0.000362890134548896	281	460	577.5
"HiG_1"	"MEX3A"	0.000279075715333048	"HiG"	0.00149265902974443	0.225	591.5	936	77.052542891461	0	0.0570248371818472	871	4.94149368993476e-05	871	704	577.5
"HiG_1"	"MFAP4"	0.00103638272726876	"HiG"	0.0808209240222423	0.845	1074	267	141.838784768873	0	0.570681774380116	223	0.000494524934471505	223	124	577.5
"HiG_1"	"MGP"	0.0015390015623285	"HiG"	0.208924914215432	0.886	1117.5	155	153.175758188084	0	0.953188089933754	117	0.000825986213114171	117	60	577.5
"HiG_1"	"MGST2"	0.000259276504141565	"HiG"	0.000426537377947189	0.253	629.5	971	47.0854985444388	0	0.036684015076687	978	3.17885745898501e-05	978	1026	577.5
"HiG_1"	"MGST3"	0.000530298344208628	"HiG"	0.00159255294128852	0.189	528	584	54.9916961134929	0	0.118211944774225	644	0.000102436693911807	644	945	577.5
"HiG_1"	"MICAL2"	0.000300842754442305	"HiG"	0.00413928977566172	0.404	769.5	899	107.299358155424	0	0.0803476521114794	775	6.96253484501555e-05	775	429	577.5
"HiG_1"	"MICU1"	0.000271691690183496	"HiG"	0.00105697649036975	0.127	252	949	66.8127259034794	0	0.0327111992061509	1002	2.83459265217946e-05	1002	820	577.5
"HiG_1"	"MID1"	0.000249430882786195	"HiG"	0.00573355171056668	0.188	526	995	110.665041082262	0	0.0427094671476387	932	3.70099368697042e-05	932	407	577.5
"HiG_1"	"MLLT11"	0.000339142967427351	"HiG"	0.00185214685255168	0.186	521	835	91.0292162764169	0	0.0897641834254554	730	7.77852542681589e-05	730	561	577.5
"HiG_1"	"MLLT3"	0.00102763945196299	"HiG"	0.00846638166582286	0.181	507.5	273	106.485653158194	0	0.350466738823378	327	0.00030369734733395	327	435	577.5
"HiG_1"	"MMAB"	0.000191810995889218	"HiG"	0.000615679773365609	0.252	627.5	1103	84.5474646682427	0	0.0167773327720904	1104	1.45384166135965e-05	1104	637	577.5
"HiG_1"	"MME"	0.00178311988002841	"HiG"	0.127031007171575	0.821	1056.5	118	142.065675891646	0	1.04059026067961	100	0.000901724662633981	100	122	577.5
"HiG_1"	"MMP15"	0.000575681012743808	"HiG"	0.0396509559583882	0.826	1061	538	138.369888348141	0	0.286347489273106	382	0.000248134739404771	382	152	577.5
"HiG_1"	"MPDZ"	0.000754862446513868	"HiG"	0.0109444591803975	0.248	622.5	395	91.9673623867778	0	0.263742486027628	408	0.000228546348377494	408	556	577.5
"HiG_1"	"MPP5"	0.000979531883678022	"HiG"	0.0371888673521994	0.323	710	293	105.155766910463	0	0.417899955380894	284	0.000362131677106494	284	442	577.5
"HiG_1"	"MPP6"	0.00036168936776206	"HiG"	0.0017265612950007	0.259	639	799	65.7903907695183	0	0.102474043453029	686	8.87989977929194e-05	686	836	577.5
"HiG_1"	"MPST"	0.000178186122345341	"HiG"	0.000165273707124019	0.339	721.5	1120	85.9472836910353	0	0.0156530052732579	1107	1.35641293529098e-05	1107	618	577.5
"HiG_1"	"MRPL40"	0.000297688186533861	"HiG"	0.00043723548498949	0.114	147.5	908	62.1989985455903	0	0.057235324550406	870	4.95973349656898e-05	870	870	577.5
"HiG_1"	"MSI2"	0.000512995318211396	"HiG"	0.00311998551045468	0.195	540	606	122.182816714932	0	0.149958686689414	568	0.000129946868881642	568	319	577.5
"HiG_1"	"MSL3"	0.000361771403369086	"HiG"	0.000507772346292695	0.121	197	798	71.6566626815266	0	0.0717934974636475	815	6.22127361036807e-05	815	770	577.5
"HiG_1"	"MSRB3"	0.000526886518284104	"HiG"	0.0103657872611761	0.317	704	589	83.526489044839	0	0.170199486903285	536	0.000147486557108566	536	647	577.5
"HiG_1"	"MSX1"	0.0013537312576603	"HiG"	0.0475604728683767	0.639	901	187	118.273869131769	0	0.676032056726865	167	0.000585816340317907	167	346	577.5
"HiG_1"	"MTR"	0.000579550642192908	"HiG"	0.00210587666178915	0.197	543.5	531	72.3705404147498	0	0.140000073298586	586	0.000121317221229277	586	762	577.5
"HiG_1"	"MXI1"	0.000318412018851954	"HiG"	0.00139677820091224	0.245	618	863	103.923899429919	0	0.0734444150616196	805	6.36433406079893e-05	805	451	577.5
"HiG_1"	"MXRA8"	0.000656203728229814	"HiG"	0.0287699301698247	0.681	940	468	118.704615644362	0	0.199613617846097	485	0.000172975405412562	485	340	577.5
"HiG_1"	"MYADM"	0.000532994131441432	"HiG"	0.0298126198212155	0.32	705	582	103.57002921123	0	0.17991917044498	522	0.000155909159831005	522	455	577.5
"HiG_1"	"MYBPC3"	0.00142262651723482	"HiG"	0.04435785416101	0.664	926	173	97.9104226960435	0	0.767250527988987	146	0.000664861809349209	146	496	577.5
"HiG_1"	"MYH10"	0.00199261478299999	"HiG"	0.104968465429443	0.561	861	92	137.963608397471	0	1.05642660930202	97	0.000915447668372636	97	154	577.5
"HiG_1"	"MYH11"	0.00118532790817461	"HiG"	0.0681717193077933	0.866	1093	223	133.640568300202	0	0.653513059001471	178	0.000566302477470945	178	194	577.5
"HiG_1"	"MYH7"	0.00183824652290543	"HiG"	0.0620841385755793	0.743	992.5	109	104.919595558469	0	1.02247353757808	103	0.000886025595821562	103	445	577.5
"HiG_1"	"MYH9"	0.00189606628669317	"HiG"	0.0918727168653296	0.489	822.5	100	130.582313890601	0	0.947589912480886	119	0.00082113510613595	119	226	577.5
"HiG_1"	"MYL3"	0.00146201582855744	"HiG"	0.0406949453889824	0.659	920.5	166	92.699134122674	0	0.773017875051422	144	0.000669859510443174	144	546	577.5
"HiG_1"	"MYL7"	0.00194245223537613	"HiG"	0.101977847217265	0.804	1041	96	122.434547435806	0	1.14596345272877	85	0.000993035920908815	85	316	577.5
"HiG_1"	"MYL9"	0.00302858689802759	"HiG"	0.239417957752511	0.816	1052	42	137.347887793864	0	1.88881014840652	38	0.0016367505618774	38	163	577.5
"HiG_1"	"MYLK"	0.000989258900028998	"HiG"	0.0622523880179744	0.794	1028	289	138.650217308788	0	0.525724727423206	236	0.000455567354786141	236	149	577.5
"HiG_1"	"MYLK3"	0.000579524737372042	"HiG"	0.0157705620967213	0.704	960	532	117.687396070145	0	0.267773585107702	402	0.000232039501826431	402	350	577.5
"HiG_1"	"MYOCD"	0.00203840992448791	"HiG"	0.105032243926149	0.822	1059	86	133.789436944364	0	1.18040818519225	81	0.0010228840426276	81	193	577.5
"HiG_1"	"MYOM1"	0.00104501538252679	"HiG"	0.0164359871347868	0.631	895	263	89.3424506440721	0	0.511909102069019	241	0.00044359540907194	241	582	577.5
"HiG_1"	"MYOZ2"	0.00134481794837967	"HiG"	0.0244179920418895	0.638	900	190	79.0461370163123	0	0.691655528318495	162	0.000599354877225732	162	680	577.5
"HiG_1"	"MYRF"	0.000520524033428514	"HiG"	0.00228970209252242	0.339	721.5	597	68.5634578706756	0	0.152151169575523	564	0.000131846767396467	564	805	577.5
"HiG_1"	"N4BP2"	0.000391267034079191	"HiG"	0.00437765789538968	0.133	309	759	82.6856276997037	0	0.0880382808470814	738	7.62896714446113e-05	738	650	577.5
"HiG_1"	"NAV1"	0.000288149030113175	"HiG"	0.00121562092486769	0.193	534	921	84.9990798086054	0	0.0630419405000929	849	5.46290645581394e-05	849	633	577.5
"HiG_1"	"NAV2"	0.000359263875509066	"HiG"	0.00270956338814339	0.233	598	804	112.009935712595	0	0.0796471912702164	777	6.90183633190784e-05	777	395	577.5
"HiG_1"	"NBEA"	0.000348319023339071	"HiG"	0.00258636451833991	0.242	612.5	822	75.9760961830637	0	0.0895579202691536	731	7.76065166977068e-05	731	716	577.5
"HiG_1"	"NCAM1"	0.00284996640755936	"HiG"	0.148450486334645	0.763	1004.5	47	133.473258600519	0	1.60046050852701	44	0.0013868808566092	44	196	577.5
"HiG_1"	"NCOA4"	0.000500292341456044	"HiG"	0.00277425365922221	0.135	325	619	85.994880452249	0	0.127758528066904	614	0.000110709296418461	614	615	577.5
"HiG_1"	"NDFIP1"	0.000346842517086664	"HiG"	0.000554099763019147	0.119	184	827	74.2926086244902	0	0.0590783759335032	864	5.11944332179403e-05	864	742	577.5
"HiG_1"	"NDUFAF3"	0.000300380689338124	"HiG"	0.00162203722109065	0.163	454	901	100.013616642106	0	0.0338776032758505	993	2.93566752823661e-05	993	480	577.5
"HiG_1"	"NEK1"	0.000380628327196149	"HiG"	0.000212408169211862	0.115	155.5	770	66.0924560861574	0	0.0615517148009718	852	5.33377077998023e-05	852	827	577.5
"HiG_1"	"NELFCD"	0.000333146752753971	"HiG"	0.00068074002718036	0.146	385.5	843	83.886214939917	0	0.0666487474765372	834	5.77545472067047e-05	834	644	577.5
"HiG_1"	"NEXN"	0.0011800896922059	"HiG"	0.0481063458232732	0.663	924	226	116.746193122729	0	0.595348087154354	206	0.000515899555593028	206	355	577.5
"HiG_1"	"NFE2L2"	0.000989888197310281	"HiG"	0.0191319046722778	0.306	698	288	134.226865899134	0	0.40614485011794	288	0.000351945277398562	288	188	577.5
"HiG_1"	"NFKBIZ"	0.000436094516660449	"HiG"	0.00309161815512586	0.295	685.5	699	101.750026266039	0	0.139233971877093	588	0.000120653355179457	588	467	577.5
"HiG_1"	"NID2"	0.00124134767328137	"HiG"	0.127775297269403	0.92	1149	210	149.109739000847	0	0.752285510135733	149	0.000651893856270133	149	78	577.5
"HiG_1"	"NIN"	0.000735758107910458	"HiG"	0.00427925391224868	0.125	232.5	408	75.3034764094783	0	0.18246859018043	515	0.000158118362374723	515	722	577.5
"HiG_1"	"NINL"	0.000549692521024456	"HiG"	0.00498816445766449	0.136	330.5	567	70.9210116493971	0	0.138508814410888	591	0.000120024969160215	591	778	577.5
"HiG_1"	"NIPBL"	0.00237085684719118	"HiG"	0.00543983075587064	0.089	18.5	65	74.7199888697702	0	0.6899158981635	163	0.000597847398755199	163	732	577.5
"HiG_1"	"NKAPD1"	0.000219738125894013	"HiG"	1.01261499501957e-05	0.129	271	1056	27.3484206440675	0	0.011955951433713	1122	1.03604431834602e-05	1122	1137	577.5
"HiG_1"	"NKX2-5"	0.00173031151613703	"HiG"	0.0531584848167064	0.808	1045	125	129.652505606544	0	0.938735734539896	121	0.000813462508266808	121	239	577.5
"HiG_1"	"NKX3-1"	0.00040829245047186	"HiG"	0.00898324377125299	0.707	961.5	737	147.445877569803	0	0.158667980836611	551	0.000137493917536058	551	93	577.5
"HiG_1"	"NME4"	0.000778762214413405	"HiG"	0.00654617119832516	0.159	442.5	378	74.7092005857812	0	0.241607233544996	431	0.000209365020402943	431	733	577.5
"HiG_1"	"NME6"	0.000375248944906484	"HiG"	0.00127323006969928	0.143	366.5	778	74.7245065247233	0	0.0770385721097112	795	6.67578614468901e-05	795	731	577.5
"HiG_1"	"NPNT"	0.00103561770982212	"HiG"	0.110876054767573	0.885	1116	268	156.347571975522	0	0.597034772351019	205	0.000517361154550276	205	40	577.5
"HiG_1"	"NPPB"	0.000541284759280268	"HiG"	0.024757893258841	0.907	1141.5	573	146.070321843743	0	0.265420518189228	407	0.000230000449037459	407	104	577.5
"HiG_1"	"NPY"	0.00136274230882852	"HiG"	0.0227759440452999	0.525	847	185	111.354068955128	0	0.587678875025653	214	0.000509253791183408	214	401	577.5
"HiG_1"	"NR2F1"	0.00131405975277321	"HiG"	0.0232968989205297	0.647	907	195	118.025735466855	0	0.634764003366133	184	0.000550055462189023	184	347	577.5
"HiG_1"	"NR2F2"	0.00163596639574607	"HiG"	0.0518495593461802	0.737	987	140	136.51828183888	0	0.845312136571167	129	0.000732506184203784	129	171	577.5
"HiG_1"	"NREP"	0.000249848742018401	"HiG"	0.00205530273457737	0.208	561	994	86.0472597564385	0	0.0445741491710378	918	3.86257791776758e-05	918	614	577.5
"HiG_1"	"NRG1"	0.000692409353661939	"HiG"	0.0179333128484999	0.693	948	439	156.583628645138	0	0.297523941348269	372	0.000257819706540961	372	37	577.5
"HiG_1"	"NRIP1"	0.000687271837223853	"HiG"	0.00580929356555328	0.199	548	445	156.414193147012	0	0.206189893736316	475	0.000178674084693515	475	39	577.5
"HiG_1"	"NRP1"	0.00126026340407661	"HiG"	0.0571636308616349	0.858	1084	206	153.80812653444	0	0.705511326106398	160	0.000611361634407624	160	55	577.5
"HiG_1"	"NRP2"	0.00103084135342549	"HiG"	0.0380914721704789	0.813	1050	271	151.429375445598	0	0.553960264122237	230	0.000480034890920482	230	66	577.5
"HiG_1"	"NSG1"	0.000692804116787525	"HiG"	0.00174785598863616	0.185	518.5	438	53.2333200846703	0	0.206992120720776	473	0.00017936925539062	473	966	577.5
"HiG_1"	"NSMCE2"	0.000277574044597751	"HiG"	3.29029207697211e-05	0.113	138.5	939	48.2397196234061	0	0.0356255302091113	984	3.08713433354518e-05	984	1017	577.5
"HiG_1"	"NT5C2"	0.000356055124468231	"HiG"	0.00321837582773442	0.171	484.5	811	109.421920616703	0	0.0656460295999801	839	5.6885640901196e-05	839	415	577.5
"HiG_1"	"NTRK2"	0.00141904615813773	"HiG"	0.0385252659020752	0.521	845	175	134.016207776856	0	0.657935840954583	175	0.000570135044154752	175	191	577.5
"HiG_1"	"NUAK1"	0.000462935764894274	"HiG"	0.00283857588948842	0.25	624	660	89.3591376009179	0	0.130279105420996	606	0.000112893505564122	606	581	577.5
"HiG_1"	"NUCB2"	0.0003896203977341	"HiG"	0.000792813578179164	0.222	586	761	66.8557267482355	0	0.0822241627877339	768	7.1251440890584e-05	768	819	577.5
"HiG_1"	"NUDT4"	0.000181758921235859	"HiG"	0.000167658545047225	0.13	281	1117	120.177982653782	0	0.0115540725296688	1126	1.00121945664374e-05	1126	328	577.5
"HiG_1"	"NXPH2"	0.00036072242593375	"HiG"	0.000806474346736856	0.297	687.5	802	42.6677103967679	0	0.0773724403485109	793	6.70471753453301e-05	793	1065	577.5
"HiG_1"	"ODC1"	0.000223740760508907	"HiG"	0.00131223028526381	0.275	660.5	1045	154.102151537229	0	0.0401649556423044	954	3.48049875583227e-05	954	52	577.5
"HiG_1"	"OGFRL1"	0.00028166853243582	"HiG"	2.41505357389419e-05	0.204	555.5	931	24.0689133706895	0	0.0350746634455777	986	3.03939891209513e-05	986	1145	577.5
"HiG_1"	"OLFML3"	0.000467790893170136	"HiG"	0.0518178180103622	0.852	1080.5	651	156.659075811888	0	0.225583106877806	449	0.000195479295388047	449	36	577.5
"HiG_1"	"OPTN"	0.000977396562793609	"HiG"	0.0121797868508836	0.139	348.5	294	96.6767951846571	0	0.309724232296495	359	0.000268391882405974	359	516	577.5
"HiG_1"	"OS9"	0.000600643706864109	"HiG"	0.00317340518809892	0.115	155.5	515	61.2782658192391	0	0.13690788007952	593	0.000118637677711889	593	880	577.5
"HiG_1"	"OSBPL9"	0.000283819634473513	"HiG"	0.00118924220941482	0.143	366.5	929	62.9759969972182	0	0.0372536267704079	976	3.22821722447209e-05	976	862	577.5
"HiG_1"	"P3H2"	0.000254990219902189	"HiG"	0.0107853218208399	0.896	1125	982	121.076158994822	0	0.0869009217858215	743	7.53040916688228e-05	743	325	577.5
"HiG_1"	"P3H4"	0.000219360679915165	"HiG"	0.00744629665733286	0.604	881	1058	116.701896421128	0	0.051952676897187	890	4.50196506908033e-05	890	357	577.5
"HiG_1"	"P4HA1"	0.00107235867604462	"HiG"	0.105374211199764	0.698	952.5	253	142.821803281386	0	0.561453099963442	226	0.000486527816259482	226	119	577.5
"HiG_1"	"PAF1"	0.00046598014179934	"HiG"	0.000549101823879554	0.11	109.5	654	65.0969371894098	0	0.0929185811855918	720	8.05187012006861e-05	720	840	577.5
"HiG_1"	"PAIP1"	0.000254795566231248	"HiG"	0.000487805932414523	0.146	385.5	983	65.3337934948333	0	0.0386754461017779	967	3.35142513880225e-05	967	839	577.5
"HiG_1"	"PALLD"	0.00188987761770896	"HiG"	0.136446856214942	0.76	1003	102	135.250868189464	0	1.02996654098907	101	0.000892518666368348	101	181	577.5
"HiG_1"	"PAM"	0.000331771051405667	"HiG"	0.00269742646595629	0.274	659	847	74.2279975804812	0	0.0793302317539729	778	6.87437016932174e-05	778	743	577.5
"HiG_1"	"PAPPA"	0.000707270288985205	"HiG"	0.0392233633199487	0.796	1030	429	179.814838018718	0	0.348407123531836	330	0.000301912585382874	330	5	577.5
"HiG_1"	"PARD6B"	0.000787512713563317	"HiG"	0.0411280556856161	0.404	769.5	376	131.116410670408	0	0.354739555775341	325	0.000307399961677072	325	220	577.5
"HiG_1"	"PARVA"	0.00109409147054807	"HiG"	0.071280490164188	0.73	981	246	128.888962517992	0	0.55796584177253	229	0.000483505928745693	229	247	577.5
"HiG_1"	"PBRM1"	0.00124071828315137	"HiG"	0.00670114204767362	0.128	263	211	104.296635263227	0	0.418040549252932	283	0.00036225350888469	283	448	577.5
"HiG_1"	"PBX1"	0.00143692354821783	"HiG"	0.0135965316353106	0.431	787.5	169	100.812335592327	0	0.625793842121125	189	0.000542282358857127	189	474	577.5
"HiG_1"	"PBX3"	0.000921608455360253	"HiG"	0.008043865326077	0.444	798.5	319	103.969950953079	0	0.371955745072636	316	0.000322318669906964	316	450	577.5
"HiG_1"	"PCDH19"	0.000252019415685362	"HiG"	0.000539846772263822	0.214	572	988	61.7021513841147	0	0.0471267232562526	910	4.08377151267354e-05	910	877	577.5
"HiG_1"	"PCDH7"	0.000894609956641534	"HiG"	0.0137806848265158	0.338	720	331	119.130785923661	0	0.340595652344795	335	0.000295143546225993	335	336	577.5
"HiG_1"	"PCF11"	0.00050902786762706	"HiG"	0.000192285031534818	0.1	52	610	65.9256681547005	0	0.0993650657070576	696	8.61049096248333e-05	696	832	577.5
"HiG_1"	"PCMTD1"	0.000246726345154025	"HiG"	0.000498664728899909	0.103	65.5	998	48.4125698654398	0	0.032210274203577	1009	2.79118493965139e-05	1009	1013	577.5
"HiG_1"	"PCMTD2"	0.00029387794908299	"HiG"	7.27931460633177e-05	0.106	86.5	914	40.8764745160251	0	0.0423771633530887	934	3.67219786421913e-05	934	1078	577.5
"HiG_1"	"PCNT"	0.000894859984643616	"HiG"	0.0041236793722352	0.116	163	330	94.7100962425567	0	0.223843023062171	452	0.000193971423797375	452	533	577.5
"HiG_1"	"PCNX4"	0.000265986134094444	"HiG"	0.000551446718649041	0.145	379	963	121.327427842838	0	0.0334809505015146	998	2.90129553739295e-05	998	321	577.5
"HiG_1"	"PCOLCE"	0.000962957798242348	"HiG"	0.0769109693508476	0.849	1078	300	137.400548993095	0	0.533848223443857	234	0.000462606779414087	234	162	577.5
"HiG_1"	"PCSK1"	0.00135437199621735	"HiG"	0.0110727346867162	0.295	685.5	186	87.15673548871	0	0.534506356576774	233	0.000463177085421815	233	605	577.5
"HiG_1"	"PCYOX1"	0.000352376579770671	"HiG"	0.00214917136522229	0.17	477.5	817	72.849291113988	0	0.0740452561392544	802	6.41640001206711e-05	802	760	577.5
"HiG_1"	"PDCD4"	0.000659705643492103	"HiG"	0.0235689197086398	0.442	793	464	162.902631207764	0	0.278090627915772	392	0.000240979746894083	392	20	577.5
"HiG_1"	"PDGFRA"	0.00306093526793784	"HiG"	0.156897041258403	0.8	1038	41	129.289211903895	0	1.72682960526818	41	0.00149638613974712	41	244	577.5
"HiG_1"	"PDLIM2"	0.000373399130441007	"HiG"	0.00138435928992432	0.2	549.5	782	64.9710670093345	0	0.0856135381769305	754	7.41885079522795e-05	754	841	577.5
"HiG_1"	"PDLIM3"	0.00162710320785984	"HiG"	0.0338517198573576	0.62	890	142	82.1868168714401	0	0.825123994194471	132	0.000715012126684984	132	652	577.5
"HiG_1"	"PDLIM7"	0.000691966752882093	"HiG"	0.0274602708516982	0.584	869.5	440	133.134577806732	0	0.302407624885232	367	0.000262051668011467	367	202	577.5
"HiG_1"	"PDPN"	0.00179747760780866	"HiG"	0.184636254578114	0.905	1136.5	114	150.959080871735	0	1.11055178703184	91	0.000962349902107311	91	70	577.5
"HiG_1"	"PEG10"	0.000704131220842458	"HiG"	0.00825251378040447	0.303	696	432	99.6722219900162	0	0.243779607059038	427	0.00021124749311875	427	485	577.5
"HiG_1"	"PELO"	0.000647342409858265	"HiG"	0.0128640507559955	0.17	477.5	474	102.620241435123	0	0.260494943686607	410	0.000225732186903473	410	461	577.5
"HiG_1"	"PENK"	0.000593107103290903	"HiG"	0.00523280971960497	0.493	829.5	518	88.9575955828306	0	0.201257298677745	481	0.00017439973888886	481	587	577.5
"HiG_1"	"PFKP"	0.000716881438461033	"HiG"	0.025160709472563	0.252	627.5	418	128.661127013752	0	0.267326648172167	403	0.000231652208121462	403	254	577.5
"HiG_1"	"PGM3"	0.000535020485566093	"HiG"	0.00109570795060796	0.153	423.5	579	55.7958719080311	0	0.13218704976067	602	0.000114546836880997	602	935	577.5
"HiG_1"	"PHACTR2"	0.000706754319686942	"HiG"	0.00326869073364786	0.248	622.5	430	55.1108633314082	0	0.18255232998904	514	0.000158190927200208	514	943	577.5
"HiG_1"	"PHACTR4"	0.000269214366331545	"HiG"	0.00031065591179914	0.131	293	956	67.4098728897489	0	0.0427111782403808	931	3.70114196190475e-05	931	816	577.5
"HiG_1"	"PHF20L1"	0.000690380171025617	"HiG"	0.000270627455715072	0.1	52	442	65.9004261189081	0	0.157179514104554	554	0.000136204085012612	554	835	577.5
"HiG_1"	"PHF21A"	0.000727823069539286	"HiG"	0.00136188986850562	0.111	121	414	82.1139166203472	0	0.18261748338626	513	0.000158247385949965	513	653	577.5
"HiG_1"	"PHKB"	0.000354046492974656	"HiG"	0.000473484273630184	0.125	232.5	813	58.1139526458902	0	0.0651470233543315	844	5.64532264768904e-05	844	911	577.5
"HiG_1"	"PHLDA1"	0.00047715527727865	"HiG"	0.00986144918597563	0.585	871.5	637	152.841130248327	0	0.18505165721057	505	0.000160356722019558	505	63	577.5
"HiG_1"	"PHLDB2"	0.000600009132927399	"HiG"	0.00842498169624382	0.263	644	516	87.0504499536384	0	0.188291515423464	500	0.000163164224803695	500	607	577.5
"HiG_1"	"PIAS1"	0.00056556860223792	"HiG"	0.00232120945562233	0.132	301.5	550	96.9001216653193	0	0.147015813081446	573	0.000127396718441461	573	512	577.5
"HiG_1"	"PIBF1"	0.000370597300801606	"HiG"	0.00027954436257782	0.112	130	785	51.818285763802	0	0.0538244044184603	884	4.66415982828946e-05	884	984	577.5
"HiG_1"	"PIGBOS1"	0.000131222948429885	"HiG"	6.55226118552156e-07	0.15	405.5	1154	50	0	0.000320505577385598	1154	2.77734469138299e-07	1154	1000	577.5
"HiG_1"	"PIK3C3"	0.000826135111170607	"HiG"	0.002518933810017	0.113	138.5	358	87.4554534565003	0	0.216650956360967	462	0.000187739130295465	462	604	577.5
"HiG_1"	"PIK3R1"	0.00163575080350352	"HiG"	0.0300465537356748	0.289	678.5	141	130.989091271873	0	0.657758699670606	176	0.000569981542175568	176	221	577.5
"HiG_1"	"PITX2"	0.00240916033012805	"HiG"	0.0584774893793281	0.727	980	61	113.893241743491	0	1.2836481039525	70	0.00111234671053076	70	381	577.5
"HiG_1"	"PJA2"	0.000703090835084631	"HiG"	0.000210831362472637	0.087	14.5	433	40.787824765572	0	0.145774925008196	575	0.000126321425483705	575	1080	577.5
"HiG_1"	"PKIA"	0.000605463535645911	"HiG"	0.000821067584896886	0.145	379	511	32.6038647039083	0	0.0713079018485153	818	6.17919426763564e-05	818	1122	577.5
"HiG_1"	"PKIG"	0.000263955549269914	"HiG"	1.97916259155353e-05	0.184	514.5	966	17.5165346563306	0	0.0248747692744073	1058	2.15552593365748e-05	1058	1153	577.5
"HiG_1"	"PKN2"	0.000551950432513089	"HiG"	0.00236173532161487	0.133	309	564	85.362290259048	0	0.150513270685643	566	0.000130427444268322	566	630	577.5
"HiG_1"	"PKP2"	0.00168462927859038	"HiG"	0.0831315521095931	0.745	996	132	114.145522478991	0	0.939620320587804	120	0.000814229047303123	120	378	577.5
"HiG_1"	"PLA2G12A"	0.000240675116829296	"HiG"	0.000213098574734714	0.238	607.5	1017	40.363011277473	0	0.0326772015727557	1003	2.8316465834277e-05	1003	1084	577.5
"HiG_1"	"PLAC9"	0.000245738748922231	"HiG"	0.0137274638569277	0.791	1026	1002	115.809100249186	0	0.06559580105137	840	5.68421152958145e-05	840	364	577.5
"HiG_1"	"PLAGL1"	0.000996759471724686	"HiG"	0.0102444050784808	0.384	755	285	97.4757447252915	0	0.394760697001115	296	0.000342080326690741	296	502	577.5
"HiG_1"	"PLAT"	0.00198439980529589	"HiG"	0.160523753708906	0.87	1096.5	94	165.655102899986	0	1.18514731416186	79	0.00102699074017492	79	15	577.5
"HiG_1"	"PLCB1"	0.00079211262731535	"HiG"	0.0137779253514613	0.336	719	371	96.6776028740233	0	0.281869781809611	386	0.000244254576958069	386	515	577.5
"HiG_1"	"PLCB4"	0.000511147974498676	"HiG"	0.00413250619053266	0.321	706.5	608	99.298498181615	0	0.14722752067531	572	0.000127580173895416	572	490	577.5
"HiG_1"	"PLCE1"	0.000621957248829532	"HiG"	0.00883015745859017	0.328	714	497	110.783277768862	0	0.228977379951178	444	0.000198420606543482	444	406	577.5
"HiG_1"	"PLD3"	0.000631612464885485	"HiG"	0.0080255199233496	0.2	549.5	484	96.2138167832989	0	0.185254330642018	504	0.000160532348909894	504	522	577.5
"HiG_1"	"PLEKHA1"	0.000230339266125584	"HiG"	0.000318093075522797	0.156	433.5	1033	88.5139817444939	0	0.0338665978800578	994	2.93471385442442e-05	994	590	577.5
"HiG_1"	"PLEKHA4"	0.00168317816241034	"HiG"	0.0123814179713996	0.082	9	133	65.4132832317638	0	0.495781008122439	249	0.000429619591093968	249	838	577.5
"HiG_1"	"PLEKHO1"	0.000208083787982084	"HiG"	0.00121326015134975	0.269	651.5	1084	166.270873580365	0	0.0267681219049575	1043	2.3195946191471e-05	1043	14	577.5
"HiG_1"	"PLIN3"	0.000447058081552799	"HiG"	0.00558611555021961	0.131	293	681	89.2013518987358	0	0.106634368304263	673	9.24041319794306e-05	673	585	577.5
"HiG_1"	"PLK2"	0.00119636050117028	"HiG"	0.0110575384939852	0.181	507.5	219	126.349897263634	0	0.422424978588287	278	0.000366052841064374	278	279	577.5
"HiG_1"	"PLN"	0.00138142667607136	"HiG"	0.040525088183665	0.722	975	180	92.7485538787999	0	0.748752036292522	151	0.000648831920530782	151	544	577.5
"HiG_1"	"PLOD2"	0.000884806250595264	"HiG"	0.0507818538228168	0.798	1034.5	337	143.283667909191	0	0.45499765828326	266	0.000394278733347713	266	116	577.5
"HiG_1"	"PLPP3"	0.000888667944871301	"HiG"	0.00911337424997631	0.262	643	336	82.9605842427488	0	0.231074265034961	438	0.000200237664675009	438	649	577.5
"HiG_1"	"PLS3"	0.00155163044000088	"HiG"	0.0922796229397955	0.443	795.5	152	131.3074807503	0	0.753181983548661	148	0.000652670696315997	148	219	577.5
"HiG_1"	"PLXNA2"	0.000681990675185329	"HiG"	0.00576558373735124	0.402	766.5	449	85.7433610152169	0	0.244368991519369	426	0.000211758224886802	426	622	577.5
"HiG_1"	"PMP22"	0.000272481860609769	"HiG"	0.0255051948383169	0.778	1017.5	948	139.523132988166	0	0.0816300905764686	770	7.07366469466799e-05	770	142	577.5
"HiG_1"	"PNPLA8"	0.000269303565155334	"HiG"	0.000182332598342207	0.126	241.5	955	53.4719447520776	0	0.03874061987826	966	3.35707277974523e-05	966	963	577.5
"HiG_1"	"PNRC1"	0.000352117017367267	"HiG"	0.000216326579671908	0.157	436	819	44.1177321171127	0	0.0596347781551103	861	5.16765841898703e-05	861	1048	577.5
"HiG_1"	"PODXL"	0.00420864473195924	"HiG"	0.312196504819942	0.781	1019.5	24	123.217483005296	0	2.5141981256708	24	0.00217868121808562	24	306	577.5
"HiG_1"	"POGZ"	0.000468434206124499	"HiG"	0.000228279141649463	0.111	121	650	85.9919818008915	0	0.0882454262455689	736	7.64691735230233e-05	736	616	577.5
"HiG_1"	"POLR3GL"	0.0001562427777671	"HiG"	2.67846000996765e-05	0.131	293	1144	52.0864046131038	0	0.00680565677799214	1141	5.8974495476535e-06	1141	978	577.5
"HiG_1"	"PON2"	0.000345337888867627	"HiG"	0.00327034722881346	0.232	596	830	117.412422910645	0	0.0830254596441178	763	7.19458055841576e-05	763	352	577.5
"HiG_1"	"POPDC2"	0.000287834579542714	"HiG"	0.00144966141340413	0.397	762.5	923	67.5569498757848	0	0.0655197302849968	841	5.67761960875189e-05	841	815	577.5
"HiG_1"	"POSTN"	0.00371391285192403	"HiG"	0.415145109895963	0.879	1109.5	30	139.831461184608	0	2.3677413602153	26	0.0020517689429942	26	138	577.5
"HiG_1"	"PPDPF"	0.000241742803346443	"HiG"	8.50070474258606e-05	0.18	504	1015	17.8223952132787	0	0.0200762493106213	1081	1.73970964563443e-05	1081	1151	577.5
"HiG_1"	"PPFIBP1"	0.000761965376024416	"HiG"	0.00689116940625019	0.195	540	392	95.0548661593703	0	0.200226864239267	483	0.000173506814765396	483	530	577.5
"HiG_1"	"PPFIBP2"	0.000250129235937249	"HiG"	7.3155949495197e-05	0.181	507.5	992	40.8134730313204	0	0.0323824140421511	1007	2.80610173675487e-05	1007	1079	577.5
"HiG_1"	"PPIB"	0.00142355475815639	"HiG"	0.0883702157031017	0.334	717	172	120.660676660316	0	0.613997657270249	195	0.000532060361586005	195	326	577.5
"HiG_1"	"PPIC"	0.000894958905051629	"HiG"	0.0672690603903188	0.365	746.5	329	125.177883275383	0	0.366239453111506	319	0.000317365210668549	319	290	577.5
"HiG_1"	"PPM1K"	0.000210029212429074	"HiG"	5.92051862731001e-05	0.138	341	1081	42.4768171588178	0	0.0198193685687206	1082	1.71744961600698e-05	1082	1067	577.5
"HiG_1"	"PPP1R12B"	0.000588517926724727	"HiG"	0.00778522839933239	0.373	750	525	92.3589910838623	0	0.193839141259361	491	0.000167971526221283	491	551	577.5
"HiG_1"	"PPP1R15A"	0.000922163675469417	"HiG"	0.00884912710147362	0.258	636	318	115.736110712776	0	0.359196664184644	322	0.000311262273990159	322	366	577.5
"HiG_1"	"PPP1R1A"	0.000231646302437474	"HiG"	0.00106070851196611	0.433	790	1031	86.4026589137861	0	0.0440692782990905	923	3.81882827548444e-05	923	610	577.5
"HiG_1"	"PPP2R3A"	0.000260386673953234	"HiG"	0.000745655662936143	0.242	612.5	970	105.05037670148	0	0.0463483316465845	912	4.01631990005065e-05	912	444	577.5
"HiG_1"	"PPP3CA"	0.00060937252253547	"HiG"	0.00654151182971717	0.246	620	508	118.497217955122	0	0.183545692816154	510	0.000159051726877083	510	343	577.5
"HiG_1"	"PRAF2"	0.000264808749340818	"HiG"	0.000126675630659459	0.111	121	964	43.2302219821442	0	0.0294145835367416	1022	2.54892404997761e-05	1022	1060	577.5
"HiG_1"	"PRDM2"	0.000406922142363228	"HiG"	0.000998128266060858	0.149	401.5	741	101.061063754363	0	0.101608120731241	690	8.80486314828775e-05	690	473	577.5
"HiG_1"	"PRICKLE1"	0.000769879440706629	"HiG"	0.0113855255450997	0.362	741	385	109.887204283014	0	0.282003320480659	385	0.000244370295043899	385	413	577.5
"HiG_1"	"PRKAG2"	0.00102295461611651	"HiG"	0.0182923887813812	0.452	805.5	276	93.4213611136575	0	0.443271952278744	270	0.000384117809600299	270	540	577.5
"HiG_1"	"PRKAR1A"	0.000831101044603006	"HiG"	0.0130506685767324	0.152	418.5	356	124.205356296314	0	0.278464198819925	391	0.000241303465181911	391	298	577.5
"HiG_1"	"PRMT2"	0.000328750885303041	"HiG"	0.00180215859734827	0.13	281	850	95.8706419388306	0	0.0582048930925224	867	5.04375156780957e-05	867	525	577.5
"HiG_1"	"PRPF39"	0.000347292995595526	"HiG"	8.32097234653424e-05	0.11	109.5	826	55.3832841311843	0	0.0503178170485706	898	4.36029610472882e-05	898	942	577.5
"HiG_1"	"PRRC2B"	0.000497678666459556	"HiG"	0.000358517999402739	0.119	184	621	68.6018738604932	0	0.110442941987947	668	9.57044557954483e-05	668	803	577.5
"HiG_1"	"PRRX1"	0.00109082237775531	"HiG"	0.0731279857520015	0.89	1119	247	146.667319775241	0	0.606288799329596	199	0.000525380242053376	199	96	577.5
"HiG_1"	"PRSS23"	0.000542297629269593	"HiG"	0.0386709293278214	0.845	1074	571	173.953762349371	0	0.260709411350443	409	0.000225918034099171	409	7	577.5
"HiG_1"	"PRSS35"	0.000545400365343912	"HiG"	0.03450691405924	0.701	957.5	569	135.243343898694	0	0.214290051569703	463	0.000185693285588998	463	182	577.5
"HiG_1"	"PSTPIP2"	0.000255522398166419	"HiG"	0.00111724592511392	0.234	600	980	90.3796235986601	0	0.040598042371093	950	3.51802793510338e-05	950	571	577.5
"HiG_1"	"PTGIS"	0.000746760462704793	"HiG"	0.0363804907043422	0.587	874	401	142.075007837406	0	0.329338672326318	345	0.000285388797509807	345	121	577.5
"HiG_1"	"PTN"	0.0017626436795048	"HiG"	0.101513733396172	0.784	1024	119	132.321848533901	0	0.963121691065131	116	0.000834594186364931	116	216	577.5
"HiG_1"	"PTPN1"	0.000611460265315378	"HiG"	0.0132978776493581	0.362	741	505	147.795953018434	0	0.227525348552504	446	0.000197162347099224	446	88	577.5
"HiG_1"	"PTPRA"	0.000320895971838622	"HiG"	0.00864739010720805	0.383	753.5	861	177.656875598659	0	0.086374009944459	747	7.48474956191153e-05	747	6	577.5
"HiG_1"	"PTPRD"	0.00114233730391162	"HiG"	0.00629185595400185	0.26	641.5	235	80.3027498139149	0	0.400320660558133	294	0.000346898319374465	294	669	577.5
"HiG_1"	"PTPRF"	0.000604124588808253	"HiG"	0.0079302628968129	0.36	738.5	512	144.086242779298	0	0.204766637366445	477	0.000177440760282881	477	112	577.5
"HiG_1"	"PTTG1IP"	0.000241263415866331	"HiG"	0.000683080844798008	0.271	654	1016	79.5458192429432	0	0.0380594705042072	970	3.29804770400409e-05	970	674	577.5
"HiG_1"	"PXDN"	0.00293839770911183	"HiG"	0.126629845382643	0.557	859.5	46	133.516072585922	0	1.4988648512719	48	0.0012988430253656	48	195	577.5
"HiG_1"	"PXK"	0.000421443355908037	"HiG"	0.00154440583547477	0.298	689	716	55.0963124820853	0	0.126285254656139	622	0.000109432629684696	622	944	577.5
"HiG_1"	"R3HDM2"	0.000208869886672646	"HiG"	3.7209812998364e-05	0.133	309	1082	37.5336466643093	0	0.0202166050824723	1080	1.75187219085548e-05	1080	1104	577.5
"HiG_1"	"RAB11FIP1"	0.000543413001330302	"HiG"	0.0100643568702816	0.155	430.5	570	110.838388971914	0	0.14896059779037	570	0.000129081973821811	570	405	577.5
"HiG_1"	"RAB14"	0.000528548633011559	"HiG"	0.00484977563717925	0.127	252	588	90.8224528832386	0	0.128118883726726	613	0.000111021563021427	613	566	577.5
"HiG_1"	"RAB31"	0.000332190165482894	"HiG"	0.00383729032858096	0.164	458.5	844	76.7891163939692	0	0.0720481404561947	814	6.2433397275732e-05	814	706	577.5
"HiG_1"	"RABGAP1"	0.000451255249299685	"HiG"	0.000323178266204969	0.106	86.5	673	53.9937514060205	0	0.0901968350141976	728	7.81601689897726e-05	728	957	577.5
"HiG_1"	"RALB"	0.000422862317067979	"HiG"	0.00690814972652623	0.193	534	715	127.502127787953	0	0.115230066405192	654	9.98527438519858e-05	654	266	577.5
"HiG_1"	"RAMP2"	0.000560345416331702	"HiG"	0.0150485439234283	0.744	994	554	124.966570359383	0	0.248266986128787	421	0.000215136036506748	421	293	577.5
"HiG_1"	"RAP2C"	0.000635403278528155	"HiG"	0.00404656306908439	0.201	551.5	482	51.8968189629827	0	0.20017168661301	484	0.000173459000531205	484	982	577.5
"HiG_1"	"RBFOX2"	0.000912242778100886	"HiG"	0.00739670139265272	0.169	472.5	322	84.586280709823	0	0.294251314250338	375	0.00025498380784258	375	636	577.5
"HiG_1"	"RBM23"	0.000301435846325265	"HiG"	0.000498200066985748	0.151	411.5	896	58.3737974994499	0	0.0542749737835182	881	4.70320396737592e-05	881	909	577.5
"HiG_1"	"RBM3"	0.000617948234275445	"HiG"	0.00529400579813083	0.143	366.5	499	98.744368348102	0	0.189031762346912	498	0.00016380568660911	498	492	577.5
"HiG_1"	"RBM39"	0.00112829140690732	"HiG"	0.0114910753224933	0.12	189.5	238	103.998578418864	0	0.35130836023781	326	0.000304426655318726	326	449	577.5
"HiG_1"	"RBM5"	0.000731128556332745	"HiG"	0.000780540662962924	0.136	330.5	412	70.9382357148422	0	0.180656881722955	518	0.000156548424369978	518	777	577.5
"HiG_1"	"RBMS1"	0.000415924779995801	"HiG"	0.000482194821030572	0.176	496.5	721	54.5778711060189	0	0.0983508525468295	703	8.52260420683098e-05	703	951	577.5
"HiG_1"	"RBP4"	0.000428356744530118	"HiG"	0.0090284362377169	0.631	895	708	163.319273198323	0	0.166122828530093	539	0.000143953924202853	539	19	577.5
"HiG_1"	"RCAN1"	0.000407261098664552	"HiG"	0.00389824665474536	0.452	805.5	740	118.973886950297	0	0.130414043323807	605	0.000113010436155812	605	338	577.5
"HiG_1"	"RCOR3"	0.00032768672664857	"HiG"	0.000201142519742642	0.111	121	851	58.036939550648	0	0.0495707876870381	900	4.29556219125113e-05	900	913	577.5
"HiG_1"	"RCSD1"	0.000242602573208961	"HiG"	5.84334260820387e-05	0.154	427	1009	38.2698654240398	0	0.0261647754951594	1048	2.26731156803808e-05	1048	1099	577.5
"HiG_1"	"RERE"	0.000538473520896047	"HiG"	0.00164012235441769	0.163	454	577	76.4561993983416	0	0.135985574711954	597	0.000117838452956633	597	711	577.5
"HiG_1"	"REV1"	0.000411638676188217	"HiG"	0.000570349488781438	0.11	109.5	730	62.4237061858619	0	0.0727863920387693	809	6.30731300162645e-05	809	868	577.5
"HiG_1"	"REV3L"	0.00061529569502157	"HiG"	0.000333391377891041	0.089	18.5	501	69.3036436320495	0	0.126361969929248	621	0.000109499107391029	621	796	577.5
"HiG_1"	"RFK"	0.000251223803507061	"HiG"	0.00260583845481697	0.183	511.5	990	68.4634041120012	0	0.0446323375703781	917	3.86762024006743e-05	917	806	577.5
"HiG_1"	"RFTN1"	0.000183710143319401	"HiG"	0.000224479519303367	0.161	447.5	1115	58.299571173854	0	0.0167835454515452	1103	1.45438002179768e-05	1103	910	577.5
"HiG_1"	"RGS2"	0.000443228836084524	"HiG"	0.00536190892299097	0.309	699	687	96.0829470544075	0	0.137023407534797	592	0.000118737788158403	592	523	577.5
"HiG_1"	"RGS4"	0.000801023487117362	"HiG"	0.0195371243673639	0.455	809	368	112.753504858392	0	0.325471133809815	349	0.000282037377651486	349	391	577.5
"HiG_1"	"RGS5"	0.00101968455767881	"HiG"	0.0629944820002052	0.713	968.5	278	122.750680377273	0	0.506466081009035	246	0.000438878753040758	246	311	577.5
"HiG_1"	"RHOBTB3"	0.00068141752631423	"HiG"	0.00219855852941304	0.169	472.5	450	62.8994423318416	0	0.191938202148877	494	0.000166324265293654	494	863	577.5
"HiG_1"	"RHOC"	0.00127745613418673	"HiG"	0.0472684344796685	0.374	751	199	129.159728247882	0	0.57291962052337	222	0.000496464142567911	222	245	577.5
"HiG_1"	"RHOU"	0.000972733288773368	"HiG"	0.0166371841691175	0.301	690.5	295	118.544261066916	0	0.377923448087757	309	0.000327489989677433	309	342	577.5
"HiG_1"	"RIMS1"	0.000506061168794706	"HiG"	0.000457158285806511	0.179	501.5	614	56.8459630202198	0	0.110607404817765	667	9.58469712458971e-05	667	923	577.5
"HiG_1"	"RIMS2"	0.000346033971169552	"HiG"	0.000369044690904144	0.175	493.5	828	45.6421561767297	0	0.0528670297094591	888	4.58119841503112e-05	888	1037	577.5
"HiG_1"	"RIOK3"	0.000278649505151491	"HiG"	7.96545243858267e-05	0.131	293	937	45.6535651671878	0	0.039220952667837	961	3.3986960717363e-05	961	1035	577.5
"HiG_1"	"RND3"	0.00111763568255469	"HiG"	0.0373140072976434	0.598	880	239	127.158724482755	0	0.522007998442023	238	0.00045234661910054	238	271	577.5
"HiG_1"	"RNF19A"	0.000307775394524669	"HiG"	0.000205386526395015	0.111	121	885	48.2830135032708	0	0.047830561601382	908	4.14476270375927e-05	908	1016	577.5
"HiG_1"	"RNF216"	0.000246386643372784	"HiG"	6.50397639693625e-05	0.122	206.5	1000	56.2599168899837	0	0.0313606852615084	1016	2.71756371416884e-05	1016	929	577.5
"HiG_1"	"RNPC3"	0.000410933288012983	"HiG"	6.9409188765654e-05	0.116	163	731	41.9713112042775	0	0.0510651553950329	893	4.42505679333041e-05	893	1069	577.5
"HiG_1"	"ROBO2"	0.00140686052237216	"HiG"	0.0359346621758987	0.616	884	177	114.595616542249	0	0.671293962635376	169	0.000581710539545387	169	374	577.5
"HiG_1"	"RPAP2"	0.000386314336056558	"HiG"	3.60787134838381e-05	0.122	206.5	767	41.0110433732287	0	0.0388941359175686	964	3.37037572942536e-05	964	1076	577.5
"HiG_1"	"RPGRIP1L"	0.000485246798954481	"HiG"	0.000449713797051379	0.121	197	633	51.9795272504116	0	0.083421003127263	761	7.22885642350633e-05	761	980	577.5
"HiG_1"	"RPL10"	0.00211080789551116	"HiG"	0.0129971611090997	0.138	341	84	63.3807891513819	0	0.997320991594128	107	0.000864229628764409	107	859	577.5
"HiG_1"	"RPL13"	0.00354050531020975	"HiG"	0.020922012443119	0.129	271	33	57.8903895894148	0	1.7384833658614	40	0.00150648471911734	40	914	577.5
"HiG_1"	"RPL28"	0.00228840776942228	"HiG"	0.0136346695963257	0.131	293	73	56.6802806312231	0	1.09628422956405	92	0.000949986334110966	92	925	577.5
"HiG_1"	"RPL34"	0.00306729380233254	"HiG"	0.0140348330658304	0.121	197	40	57.3821304625949	0	1.46019425515579	54	0.00126533297673812	54	921	577.5
"HiG_1"	"RPL5"	0.00349273701878383	"HiG"	0.020988524756505	0.13	281	35	60.0751164566954	0	1.66822571193198	42	0.00144560286995839	42	897	577.5
"HiG_1"	"RPS14"	0.00413709804745505	"HiG"	0.023618820507277	0.121	197	26	61.8569771239382	0	1.88364223296923	39	0.00163227229893347	39	875	577.5
"HiG_1"	"RSPO2"	0.000726432529545766	"HiG"	0.02077977239246	0.715	971	415	110.346558431825	0	0.335070109601377	341	0.000290355380937068	341	410	577.5
"HiG_1"	"RSPO3"	0.00101577887840001	"HiG"	0.045184362134508	0.777	1015.5	279	115.517534772342	0	0.51291368328608	240	0.000444465930057261	240	369	577.5
"HiG_1"	"RSPRY1"	0.000413905821101389	"HiG"	0.00121804079223363	0.113	138.5	726	49.4046709167825	0	0.0653900208187372	843	5.66637962034118e-05	843	1003	577.5
"HiG_1"	"RSRP1"	0.000359991110670813	"HiG"	0.000243493990093001	0.152	418.5	803	45.7297118650606	0	0.0611388767388979	854	5.29799625120432e-05	854	1034	577.5
"HiG_1"	"RTL8C"	0.000225681204320964	"HiG"	9.39045600128657e-05	0.154	427	1039	29.1504297233406	0	0.0244268458884504	1060	2.11671108218808e-05	1060	1131	577.5
"HiG_1"	"RUFY1"	0.000241913472377136	"HiG"	0.000538298165633147	0.131	293	1014	60.5343383436317	0	0.0268947346955234	1041	2.33056626477672e-05	1041	888	577.5
"HiG_1"	"RUFY2"	0.000308782409022888	"HiG"	0.00150681495742459	0.123	216	882	69.633210789618	0	0.0422671608031459	937	3.66266558086186e-05	937	793	577.5
"HiG_1"	"RUFY3"	0.000233979011885237	"HiG"	2.19972710711169e-05	0.122	206.5	1029	29.6071727157596	0	0.0208881914962138	1075	1.81006858719357e-05	1075	1128	577.5
"HiG_1"	"RUNX1T1"	0.00126410726894975	"HiG"	0.0213489176482357	0.217	577.5	205	118.283315692308	0	0.492005573220452	251	0.000426347983726561	251	345	577.5
"HiG_1"	"RXYLT1"	0.000153518982719745	"HiG"	0.000151548903623037	0.215	574.5	1147	85.4458349449319	0	0.00730697972667001	1140	6.33187151357886e-06	1140	628	577.5
"HiG_1"	"RYR2"	0.00130589400146439	"HiG"	0.0291991198651974	0.573	863.5	197	93.8921636285026	0	0.605759049203777	200	0.000524921186485076	200	536	577.5
"HiG_1"	"S100A10"	0.00408010583409006	"HiG"	0.426207419138152	0.74	990	27	127.564691592974	0	2.51141476139164	25	0.002176269290634	25	265	577.5
"HiG_1"	"S100A13"	0.000567545794657022	"HiG"	0.0168545213978277	0.187	523.5	545	77.4068557203932	0	0.190214816033679	497	0.000164830863114106	497	702	577.5
"HiG_1"	"S100A14"	0.000423900660286279	"HiG"	0.0209810129147926	0.584	869.5	713	89.3346561236998	0	0.15880376300537	550	0.000137611579727357	550	583	577.5
"HiG_1"	"S100A16"	0.000491289457959091	"HiG"	0.0126593819452556	0.482	819	626	92.3151498443806	0	0.186064407167497	502	0.000161234321635613	502	552	577.5
"HiG_1"	"SAMD11"	0.000149064364664275	"HiG"	1.44448929524855e-05	0.155	430.5	1150	28.6019321677321	0	0.00470651690101303	1149	4.07843752254162e-06	1149	1133	577.5
"HiG_1"	"SAMD3"	0.000197263642926686	"HiG"	0.000514937892770869	0.302	693	1096	75.1090112068431	0	0.0213782618243046	1072	1.85253568668151e-05	1072	725	577.5
"HiG_1"	"SARAF"	0.00107512016024205	"HiG"	0.00180404717006912	0.116	163	252	38.3730509241853	0	0.266314916951882	405	0.000230775491292792	405	1098	577.5
"HiG_1"	"SCAPER"	0.000219275405098322	"HiG"	3.29725965043745e-05	0.127	252	1059	62.8001710302706	0	0.0189168751350261	1089	1.63924394584282e-05	1089	864	577.5
"HiG_1"	"SCCPDH"	0.000253696279432299	"HiG"	0.000153073575911942	0.111	121	984	47.7882007318626	0	0.0279034718043461	1031	2.41797849257766e-05	1031	1019	577.5
"HiG_1"	"SCRN1"	0.000178073466542989	"HiG"	0.000361740111926348	0.303	696	1121	71.3380770909609	0	0.0174800796796535	1099	1.51473827380013e-05	1099	773	577.5
"HiG_1"	"SDC2"	0.000711512646951969	"HiG"	0.0713915403052234	0.839	1068.5	423	148.358625751851	0	0.371842694539293	317	0.000322220705839942	317	83	577.5
"HiG_1"	"SDC4"	0.00146123583665539	"HiG"	0.119879314430304	0.817	1053.5	167	162.706832726466	0	0.822293615668893	133	0.000712559458985176	133	21	577.5
"HiG_1"	"SDCBP"	0.000881947698083604	"HiG"	0.0147437715434025	0.244	615.5	339	108.001876001879	0	0.323044164556108	352	0.000279934284710665	352	424	577.5
"HiG_1"	"SDCCAG8"	0.000402132595813362	"HiG"	0.000291650848630975	0.137	335	748	51.6135848768604	0	0.0659082232416991	835	5.71128450967929e-05	835	988	577.5
"HiG_1"	"SDF4"	0.000344794130741643	"HiG"	0.00605180089725861	0.282	667	832	103.307692864502	0	0.0941464448362009	714	8.15827078303301e-05	714	456	577.5
"HiG_1"	"SEC31A"	0.00133100726373744	"HiG"	0.0120279018641112	0.132	301.5	192	80.4683415584932	0	0.418292725107592	282	0.000362472032155625	282	667	577.5
"HiG_1"	"SEC62"	0.000591128365656	"HiG"	0.00125022176752927	0.127	252	521	62.6358336254503	0	0.139089128099153	589	0.000120527840640514	589	865	577.5
"HiG_1"	"SECISBP2L"	0.000374505541920575	"HiG"	0.00065704894077692	0.112	130	780	70.4766719257167	0	0.0708415757802084	820	6.1387847296541e-05	820	785	577.5
"HiG_1"	"SELENOM"	0.000221957616717335	"HiG"	0.000906654899866225	0.243	614	1049	65.9800087336403	0	0.0338855848169984	992	2.93635916958392e-05	992	829	577.5
"HiG_1"	"SELENOP"	0.000681387287657748	"HiG"	0.0438280299927876	0.443	795.5	451	129.896653626474	0	0.269106151441789	398	0.000233194238684392	398	237	577.5
"HiG_1"	"SEMA3A"	0.000903308905203622	"HiG"	0.0275868327654459	0.739	988	327	138.640416585052	0	0.437120589745717	273	0.000378787339467692	273	151	577.5
"HiG_1"	"SEMA3E"	0.000407339113707359	"HiG"	0.0114901088002209	0.734	985	739	129.937668015789	0	0.160128689985979	547	0.000138759696694956	547	235	577.5
"HiG_1"	"SEMA6D"	0.000518068135098569	"HiG"	0.00492079288074889	0.362	741	599	85.7792686416928	0	0.18126466877436	517	0.000157075102924056	517	621	577.5
"HiG_1"	"SENP7"	0.000488743290631087	"HiG"	0.000216317665446631	0.093	26	628	59.6538184364172	0	0.10075730843077	692	8.73113591254503e-05	692	900	577.5
"HiG_1"	"SEPTIN7"	0.00101415273978971	"HiG"	0.0176066813640809	0.217	577.5	280	117.922579224536	0	0.378517892118042	307	0.000328005105821527	307	349	577.5
"HiG_1"	"SEPTIN9"	0.000455945527481645	"HiG"	0.00738440797137499	0.256	633.5	667	113.81075504309	0	0.139840246205781	587	0.000121178722881959	587	382	577.5
"HiG_1"	"SERINC1"	0.000574493478829768	"HiG"	0.000319021276847816	0.118	177	540	46.3416895773985	0	0.127234926642238	618	0.000110255569014071	618	1031	577.5
"HiG_1"	"SERINC3"	0.000450744339533366	"HiG"	0.000463459215966007	0.171	484.5	674	32.4533925239677	0	0.0787888102072477	781	6.82745322419824e-05	781	1123	577.5
"HiG_1"	"SERPINA1"	0.00107068984397915	"HiG"	0.0535878824616336	0.617	885.5	254	130.428369551779	0	0.507136850280107	244	0.000439460008908238	244	229	577.5
"HiG_1"	"SERPINB6"	0.000298418206149444	"HiG"	0.0100167522328656	0.674	935.5	906	118.284146310884	0	0.087455144547449	740	7.57843540272521e-05	740	344	577.5
"HiG_1"	"SERPINB9"	0.000404583805700866	"HiG"	0.0156897354406468	0.618	888	746	125.545864115769	0	0.134313536127089	599	0.000116389546037338	599	286	577.5
"HiG_1"	"SERPINF1"	0.000795701756767723	"HiG"	0.0554595709975445	0.797	1031.5	370	132.820005359388	0	0.393214448349056	300	0.000340740423179424	300	211	577.5
"HiG_1"	"SERPING1"	0.000651316008987876	"HiG"	0.0464800464189723	0.74	990	471	124.059961870262	0	0.309009929477934	360	0.000267772902493877	360	301	577.5
"HiG_1"	"SESN3"	0.000214494848517545	"HiG"	0.000344503349579629	0.269	651.5	1068	68.8664849381636	0	0.0358150404623827	981	3.10355636589104e-05	981	800	577.5
"HiG_1"	"SGMS1"	0.000413261831012607	"HiG"	0.000179047668229173	0.221	585	728	26.3923394562161	0	0.069570344506806	825	6.02862604045113e-05	825	1141	577.5
"HiG_1"	"SH3BGRL"	0.000365544200807447	"HiG"	0.00127435841313811	0.125	232.5	793	50.9688317497461	0	0.0685835587236625	829	5.94311600724978e-05	829	994	577.5
"HiG_1"	"SH3BGRL3"	0.00061289365407706	"HiG"	0.0238411950988361	0.431	787.5	503	91.8167046052002	0	0.230017599162905	439	0.000199322009673228	439	557	577.5
"HiG_1"	"SH3BP5"	0.000292770925766334	"HiG"	0.000895821824893214	0.194	536.5	915	88.8834180742733	0	0.0537180402401884	885	4.6549428284392e-05	885	588	577.5
"HiG_1"	"SH3GLB1"	0.000449702841095558	"HiG"	0.000369141210224522	0.132	301.5	678	54.4409650593095	0	0.0914704511638404	724	7.92638224989951e-05	724	953	577.5
"HiG_1"	"SHISA3"	0.000243528946956367	"HiG"	0.00290226669747499	0.573	863.5	1007	88.0649000699528	0	0.0400553486903293	955	3.47100075306147e-05	955	596	577.5
"HiG_1"	"SHOC2"	0.000357078272698445	"HiG"	0.00299336657372008	0.113	138.5	808	88.3606539685299	0	0.0786098457160066	783	6.8119450360491e-05	783	592	577.5
"HiG_1"	"SHTN1"	0.000345674365652645	"HiG"	0.00363741838551236	0.176	496.5	829	115.394357410198	0	0.0720645009177414	813	6.24475744521156e-05	813	371	577.5
"HiG_1"	"SIPA1L2"	0.000359184714302565	"HiG"	0.000457169492682176	0.147	392	805	54.3190949715974	0	0.0599439565930872	859	5.19445031135938e-05	859	954	577.5
"HiG_1"	"SLC2A1"	0.00266683692692664	"HiG"	0.100093417927539	0.592	877	52	121.10193441504	0	1.34798162341599	65	0.00116809499429462	65	324	577.5
"HiG_1"	"SLC39A6"	0.000229382447128815	"HiG"	0.000254395092395457	0.212	569	1034	67.8976784439495	0	0.0263891158388421	1046	2.28675180579221e-05	1046	812	577.5
"HiG_1"	"SLC39A7"	0.000222815386439822	"HiG"	0.000594950950441953	0.195	540	1048	69.6586514909237	0	0.0276779021458499	1034	2.39843172840987e-05	1034	792	577.5
"HiG_1"	"SLC40A1"	0.000909789845206087	"HiG"	0.0355949373350619	0.459	813	326	109.379533948633	0	0.396222681171561	295	0.00034334721072059	295	417	577.5
"HiG_1"	"SLC5A3"	0.000176613820238828	"HiG"	0.000614041683949168	0.211	567	1122	127.446499444165	0	0.0188226227667428	1090	1.63107649625154e-05	1090	268	577.5
"HiG_1"	"SLC7A2"	0.000220900122899585	"HiG"	0.00198786191829411	0.353	732.5	1051	104.58147867985	0	0.0438738085560614	925	3.80188982288227e-05	925	446	577.5
"HiG_1"	"SLC8A1"	0.000969497316745364	"HiG"	0.0252883987171063	0.703	959	297	101.178476553541	0	0.49993002560021	248	0.000433214926863267	248	472	577.5
"HiG_1"	"SLC9A3R1"	0.00199867152414584	"HiG"	0.127955171332285	0.352	731	90	125.256383839891	0	1.02328771906211	102	0.000886731125703736	102	289	577.5
"HiG_1"	"SLIT2"	0.00248148735172464	"HiG"	0.154847672254182	0.81	1046	58	134.827091728848	0	1.39649663164193	57	0.00121013572932576	57	187	577.5
"HiG_1"	"SLIT3"	0.00184537585025463	"HiG"	0.0941426211104681	0.782	1022	106	121.285046001765	0	0.992750331816279	108	0.00086026891838499	108	322	577.5
"HiG_1"	"SLITRK5"	0.000252812506320583	"HiG"	0.00138241979130864	0.282	667	985	117.060699290394	0	0.0503853897747422	897	4.3661516269274e-05	897	354	577.5
"HiG_1"	"SLK"	0.000389095628020649	"HiG"	0.00730410656747239	0.205	557	762	107.532260341399	0	0.120453914142926	641	0.00010437947499387	641	428	577.5
"HiG_1"	"SLN"	0.000774557638797932	"HiG"	0.00842362958341535	0.658	917.5	383	83.6248388329533	0	0.36607660186285	320	0.000317224091735572	320	645	577.5
"HiG_1"	"SMARCC2"	0.000933886163419898	"HiG"	0.00422020360159254	0.102	59	312	101.486189869122	0	0.274410207838985	396	0.00023779047473049	396	469	577.5
"HiG_1"	"SMARCE1"	0.000501253001441009	"HiG"	0.00482899262745158	0.133	309	618	116.614778891249	0	0.140932811970956	583	0.000122125486976565	583	358	577.5
"HiG_1"	"SMC5"	0.000774734976408015	"HiG"	0.000467535423659592	0.075	3.5	382	70.8281453619159	0	0.186058886429912	503	0.000161229537634239	503	779	577.5
"HiG_1"	"SMDT1"	0.000268812618321455	"HiG"	4.26478962853383e-05	0.13	281	957	35.1241477419675	0	0.0257420545889865	1053	2.23068064029346e-05	1053	1114	577.5
"HiG_1"	"SMOC2"	0.000990765793792296	"HiG"	0.0773951900396186	0.781	1019.5	287	122.233027971407	0	0.524703481738169	237	0.000454682393187321	237	318	577.5
"HiG_1"	"SMPX"	0.000826524415649069	"HiG"	0.009234618342179	0.585	871.5	357	80.0566340278311	0	0.375819425552889	312	0.000325666746579627	312	672	577.5
"HiG_1"	"SNAI2"	0.00204922915251887	"HiG"	0.167166613532945	0.884	1115	85	152.982828319821	0	1.21470215618454	76	0.00105260152182369	76	61	577.5
"HiG_1"	"SNAP29"	0.00047375431787676	"HiG"	0.00104317891894572	0.127	252	644	73.974184676065	0	0.0992319778558304	698	8.59895821974267e-05	698	745	577.5
"HiG_1"	"SNAPIN"	0.000405083120719751	"HiG"	0.000432245418340265	0.135	325	745	53.9237721852366	0	0.0658892594361873	836	5.70964119897637e-05	836	958	577.5
"HiG_1"	"SNCA"	0.000999622469785738	"HiG"	0.0160913564727846	0.267	646.5	284	117.303617644253	0	0.377692059484185	310	0.000327289479622344	310	353	577.5
"HiG_1"	"SNCAIP"	0.000530597520166241	"HiG"	0.00218661717188283	0.146	385.5	583	70.9781618649314	0	0.130252089268498	607	0.00011287009468674	607	776	577.5
"HiG_1"	"SND1"	0.000614216845668517	"HiG"	0.00278464603622021	0.152	418.5	502	103.579502216746	0	0.17315294135297	529	0.000150045876389056	529	454	577.5
"HiG_1"	"SNX3"	0.000368860919910946	"HiG"	0.00228240025193853	0.17	477.5	787	80.9146577880869	0	0.081923705908539	769	7.0991079643448e-05	769	666	577.5
"HiG_1"	"SORBS2"	0.000565877565693627	"HiG"	0.00602551409895469	0.473	816	548	93.4043517109859	0	0.219982186490977	458	0.000190625811517311	458	541	577.5
"HiG_1"	"SOST"	0.00117964969183647	"HiG"	0.0805527553875185	0.872	1098	227	153.790678996996	0	0.66604100753958	172	0.000577158585389584	172	56	577.5
"HiG_1"	"SOX4"	0.0025359544877412	"HiG"	0.084666963319249	0.659	920.5	57	155.961790397161	0	1.27939610369605	71	0.00110866213491859	71	41	577.5
"HiG_1"	"SOX6"	0.0017250754242559	"HiG"	0.0752274635458726	0.798	1034.5	127	133.944917200772	0	0.923747665752652	124	0.000800474580374915	124	192	577.5
"HiG_1"	"SPA17"	0.000263782756521827	"HiG"	0.000189530857831258	0.102	59	967	43.6426865830088	0	0.0278074977595687	1033	2.40966185091583e-05	1033	1058	577.5
"HiG_1"	"SPAG16"	0.000173711562282157	"HiG"	8.07927917130417e-06	0.142	359.5	1126	26.4072147031534	0	0.0046736487062349	1150	4.04995555133007e-06	1150	1140	577.5
"HiG_1"	"SPAG9"	0.000560716497295754	"HiG"	0.00428568379766172	0.134	317.5	553	105.42855606182	0	0.155696664759412	556	0.000134919120242125	556	441	577.5
"HiG_1"	"SPARC"	0.00785531345339299	"HiG"	0.988032339180606	0.906	1139	5	146.419626939537	0	5.23926418711616	5	0.00454009028346287	5	101	577.5
"HiG_1"	"SPATA7"	0.000220194659468237	"HiG"	0.0025118321670125	0.16	445	1055	73.1777280460017	0	0.0253183070674156	1056	2.19396075107587e-05	1056	755	577.5
"HiG_1"	"SPATS2"	0.000162192469651727	"HiG"	2.68157691184258e-05	0.12	189.5	1140	57.491106822809	0	0.00947907949954272	1134	8.21410701866787e-06	1134	918	577.5
"HiG_1"	"SPATS2L"	0.00044222153092029	"HiG"	0.000539200096745968	0.162	450.5	689	42.6128870374691	0	0.0940386402176047	716	8.14892896166419e-05	716	1066	577.5
"HiG_1"	"SPECC1"	0.00043513652186832	"HiG"	0.0039077353854147	0.297	687.5	701	93.8231113880987	0	0.125336496731506	627	0.000108610482436314	627	537	577.5
"HiG_1"	"SPG7"	0.000490241358780512	"HiG"	0.0020472042810864	0.122	206.5	627	62.3678945729787	0	0.103117013458166	684	8.93561641751873e-05	684	869	577.5
"HiG_1"	"SPINK1"	0.000296530588772803	"HiG"	0.00546254770065869	0.597	878.5	910	114.017947865586	0	0.0862331001689823	750	7.47253900944387e-05	750	380	577.5
"HiG_1"	"SPOCK3"	0.000274400137251203	"HiG"	0.00833333988763887	0.407	775	945	81.8340456852875	0	0.0608847733089135	855	5.27597688985385e-05	855	655	577.5
"HiG_1"	"SPOP"	0.000610565478375204	"HiG"	0.00174448209018822	0.111	121	506	81.6277848702493	0	0.152646671114699	561	0.00013227614481343	561	656	577.5
"HiG_1"	"SPP1"	0.00241841570875279	"HiG"	0.154012217955754	0.865	1091	60	146.531547199748	0	1.43928920417608	55	0.00124721768126177	55	97	577.5
"HiG_1"	"SPRR2F"	0.000238545482075564	"HiG"	0.00448698031638228	0.726	979	1022	73.691701550007	0	0.0707978437011507	821	6.13499512141687e-05	821	746	577.5
"HiG_1"	"SPRY1"	0.00056563884044646	"HiG"	0.0429701348823455	0.875	1104	549	173.122962161621	0	0.275738126406842	395	0.000238941184061389	395	8	577.5
"HiG_1"	"SPTY2D1"	0.000242092569101308	"HiG"	4.13479509171237e-05	0.111	121	1012	39.926423388274	0	0.0272570551774347	1035	2.36196318695275e-05	1035	1088	577.5
"HiG_1"	"SPX"	0.000182284732917722	"HiG"	0.000442518835587978	0.313	703	1116	63.4900291762121	0	0.0187326833596924	1092	1.62328278680177e-05	1092	858	577.5
"HiG_1"	"SRSF6"	0.000761317661894645	"HiG"	0.00271188714714408	0.134	317.5	393	105.808565126434	0	0.213466200863822	465	0.000184979376831735	465	439	577.5
"HiG_1"	"SSBP2"	0.000396311182479892	"HiG"	0.000537705738113108	0.235	601.5	754	35.9995185252729	0	0.0630979716088182	848	5.46776183785253e-05	848	1107	577.5
"HiG_1"	"SSBP3"	0.000277015177630451	"HiG"	0.000167398679782627	0.22	583.5	940	41.6617918131661	0	0.0343724603686128	990	2.97854942535639e-05	990	1071	577.5
"HiG_1"	"SSR1"	0.000503244981762201	"HiG"	0.000814818782010727	0.163	454	616	56.8193208806573	0	0.123924843134162	629	0.000107387212421284	629	924	577.5
"HiG_1"	"SST"	0.00071132531728629	"HiG"	0.0140832506902094	0.635	898	424	121.243654901802	0	0.313698703891171	356	0.000271835965243649	356	323	577.5
"HiG_1"	"SSX2IP"	0.000469794328650291	"HiG"	0.00262041045376109	0.114	147.5	648	77.9488295923236	0	0.101975230459339	688	8.83667508313166e-05	688	690	577.5
"HiG_1"	"ST3GAL1"	0.000274453555814683	"HiG"	0.0115738581099366	0.322	708.5	944	128.467185198376	0	0.0716263703088181	816	6.20679118793918e-05	816	256	577.5
"HiG_1"	"STAM"	0.000393902022577759	"HiG"	0.00155996783291345	0.135	325	756	72.8889559492649	0	0.0826308818622924	765	7.16038837628183e-05	765	758	577.5
"HiG_1"	"STC1"	0.000646443457435202	"HiG"	0.026932724271292	0.719	973	475	132.994087183306	0	0.288958475945582	379	0.000250397292847125	379	205	577.5
"HiG_1"	"STK26"	0.00133895050480694	"HiG"	0.0379240592174186	0.18	504	191	89.1238323061761	0	0.481849018203996	255	0.000417546809535525	255	586	577.5
"HiG_1"	"STMN2"	0.000917266929171537	"HiG"	0.0223108109900484	0.472	815	321	110.872854184257	0	0.378211634130756	308	0.00032773971761764	308	403	577.5
"HiG_1"	"STRN3"	0.000362605481052433	"HiG"	0.000597886012540257	0.128	263	796	67.9152955786527	0	0.0645105709689152	846	5.59017079453338e-05	846	811	577.5
"HiG_1"	"STX17"	0.000449886911885846	"HiG"	0.000696954575547603	0.125	232.5	676	52.8336857020087	0	0.0851938087404381	757	7.38247909362548e-05	757	970	577.5
"HiG_1"	"STX18"	0.00104730292179806	"HiG"	0.00252557318508731	0.138	341	262	51.1006375928498	0	0.311997920013209	357	0.00027036214905824	357	993	577.5
"HiG_1"	"STX8"	0.000388547100110905	"HiG"	0.000123162363384746	0.126	241.5	764	44.9335711325518	0	0.0615483700018169	853	5.33348093603266e-05	853	1042	577.5
"HiG_1"	"SUCO"	0.000523949445424188	"HiG"	0.00434198867435048	0.176	496.5	591	106.184339179029	0	0.140455664801064	585	0.000121712014558981	585	437	577.5
"HiG_1"	"SULF1"	0.00141748534048505	"HiG"	0.102078299461012	0.649	910	176	142.49373871593	0	0.70278232129348	161	0.000608996812212721	161	120	577.5
"HiG_1"	"SUPT5H"	0.000777210073907628	"HiG"	0.000491511389992468	0.088	16.5	379	64.7875001705445	0	0.171362297066726	534	0.000148494191565621	534	844	577.5
"HiG_1"	"SVBP"	0.000176031343890016	"HiG"	0.000557159772773912	0.129	271	1123	97.801954478911	0	0.0158213599750267	1106	1.37100173093819e-05	1106	497	577.5
"HiG_1"	"SVIL"	0.000995773896687389	"HiG"	0.0152121187394776	0.321	706.5	286	97.2323220601692	0	0.401470553808447	293	0.000347894760665899	293	505	577.5
"HiG_1"	"SYNPO2L"	0.000668781609132397	"HiG"	0.00527015553635293	0.606	882	460	72.1527217539605	0	0.294323867915943	374	0.000255046679303243	374	763	577.5
"HiG_1"	"SYNRG"	0.000305566362014901	"HiG"	0.00014528665008505	0.133	309	889	71.6130970054264	0	0.0547697225208427	878	4.74607647494304e-05	878	771	577.5
"HiG_1"	"SYT10"	0.00039839587548334	"HiG"	0.00117865890053856	0.194	536.5	752	53.3999162185664	0	0.102638198456859	685	8.89412464964119e-05	685	964	577.5
"HiG_1"	"SYTL5"	0.000219663610544185	"HiG"	0.000281600942206507	0.159	442.5	1057	69.9222624005911	0	0.0255080200667048	1054	2.21040035240076e-05	1054	789	577.5
"HiG_1"	"TACC2"	0.000564665699344361	"HiG"	0.00114150647587774	0.126	241.5	551	52.8510110245728	0	0.122232810879112	635	0.000105920979964569	635	969	577.5
"HiG_1"	"TAGLN"	0.0061110187356445	"HiG"	0.456797182507566	0.827	1062	12	133.313554292672	0	3.85644322936777	10	0.00334180522475544	10	199	577.5
"HiG_1"	"TANK"	0.000365996670697269	"HiG"	0.00061085300470312	0.124	224	791	66.662975309268	0	0.0569251643708945	872	4.93285653127335e-05	872	822	577.5
"HiG_1"	"TAOK1"	0.000623048128086055	"HiG"	0.00174656761684206	0.151	411.5	495	90.1674444881233	0	0.171783658105615	533	0.00014885932244854	533	573	577.5
"HiG_1"	"TAOK3"	0.000260716600921409	"HiG"	0.000843091459981792	0.175	493.5	969	95.1099877845403	0	0.0471809510863012	909	4.08847063139526e-05	909	529	577.5
"HiG_1"	"TARSL2"	0.000233981071206618	"HiG"	0.000330531020886449	0.123	216	1028	122.325818203346	0	0.0377991500013951	974	3.27548960150738e-05	974	317	577.5
"HiG_1"	"TAX1BP1"	0.000968767541102831	"HiG"	0.0022622600061925	0.102	59	298	76.7645746631609	0	0.259399053986335	411	0.000224782542449164	411	707	577.5
"HiG_1"	"TBX3"	0.000790536117591801	"HiG"	0.0275330760016357	0.751	1000	373	133.058918126544	0	0.38506933150688	303	0.000333682263004229	303	203	577.5
"HiG_1"	"TBX5"	0.00217057858952941	"HiG"	0.0724297759112635	0.836	1066.5	78	130.535053945499	0	1.24575586175299	73	0.00107951114536654	73	227	577.5
"HiG_1"	"TBXT"	0.000836196703307647	"HiG"	0.0147283873102952	0.661	923	353	128.769171613435	0	0.37673759978555	311	0.000326462391495278	311	252	577.5
"HiG_1"	"TCEA3"	0.00046525948814493	"HiG"	0.000698323793041969	0.144	373.5	656	74.8320098340888	0	0.0922791321378702	722	7.99645859080331e-05	722	729	577.5
"HiG_1"	"TCEAL1"	0.000423339679456767	"HiG"	0.000143140217468961	0.125	232.5	714	24.645632892568	0	0.0480807217355543	907	4.16644035836693e-05	907	1143	577.5
"HiG_1"	"TCEAL3"	0.000382111212374311	"HiG"	2.33580018638489e-05	0.122	206.5	769	24.4942808545303	0	0.0440064174700695	924	3.81338106326425e-05	924	1144	577.5
"HiG_1"	"TCEAL5"	0.000492795741879023	"HiG"	0.000742392646952273	0.157	436	623	39.6138237809145	0	0.0767062761878071	797	6.64699100414273e-05	797	1091	577.5
"HiG_1"	"TCEAL7"	0.000442304551193531	"HiG"	0.000356482542054765	0.159	442.5	688	37.5891736186746	0	0.0605506616206452	857	5.24702440386874e-05	857	1103	577.5
"HiG_1"	"TCEAL9"	0.000474386131801819	"HiG"	0.00115788427215956	0.17	477.5	643	43.9150774305799	0	0.0779310433087123	789	6.75312333697681e-05	789	1053	577.5
"HiG_1"	"TCF12"	0.000910764738907722	"HiG"	0.0125325222869016	0.451	804	324	119.230088003943	0	0.394616882468492	297	0.000341955704045487	297	335	577.5
"HiG_1"	"TCF25"	0.000309215538181848	"HiG"	0.000104486468646568	0.129	271	881	44.9074850997527	0	0.042409135670229	933	3.67496842896265e-05	933	1043	577.5
"HiG_1"	"TCF7L2"	0.00108655860499836	"HiG"	0.0173894352644362	0.468	814	248	140.422863412171	0	0.463363044280667	262	0.00040152776800751	262	134	577.5
"HiG_1"	"TCTEX1D2"	0.000258262667999441	"HiG"	3.33963812204915e-05	0.128	263	974	43.9885289284082	0	0.0291848451263812	1023	2.52901604214741e-05	1023	1052	577.5
"HiG_1"	"TEAD1"	0.00093257817076386	"HiG"	0.0242159002788802	0.684	942.5	313	128.176087464139	0	0.436006546318262	274	0.000377821963880643	274	260	577.5
"HiG_1"	"TECRL"	0.000499155347596246	"HiG"	0.00503488527942889	0.504	833	620	74.9171641077981	0	0.180237705779085	521	0.000156185186983609	521	726	577.5
"HiG_1"	"TERF2IP"	0.000291686749680574	"HiG"	0.000549585997153546	0.146	385.5	918	65.9716255881256	0	0.0497175918155508	899	4.30828351954513e-05	899	830	577.5
"HiG_1"	"TF"	0.000869788879715097	"HiG"	0.0174629275557294	0.582	868	346	89.3822802126222	0	0.401710512729067	291	0.000348102697338879	291	580	577.5
"HiG_1"	"TFG"	0.000615797360772135	"HiG"	0.00462548956051884	0.12	189.5	500	85.4972104718887	0	0.159598952470843	549	0.000138300652054457	549	627	577.5
"HiG_1"	"TFPI"	0.00100726830652975	"HiG"	0.0249691585721044	0.657	915	282	110.621550182806	0	0.463694395295645	261	0.000401814900602812	261	408	577.5
"HiG_1"	"TFPI2"	0.00126766133144338	"HiG"	0.0511961443693532	0.668	931	204	102.477091535738	0	0.64930274691063	181	0.000562654026785641	181	464	577.5
"HiG_1"	"TGFB2"	0.00317050139707228	"HiG"	0.254625764573053	0.9	1132	39	155.200754860754	0	1.96280903756566	36	0.00170087438263922	36	45	577.5
"HiG_1"	"TGFBI"	0.00212587585437594	"HiG"	0.180062909094822	0.878	1107.5	82	154.059743495681	0	1.27633460252441	72	0.00110600918762947	72	54	577.5
"HiG_1"	"TGFBR3"	0.00191387861147921	"HiG"	0.145089820541825	0.841	1071	99	150.04577072038	0	1.08411519891174	93	0.000939441246890585	93	75	577.5
"HiG_1"	"TGIF2"	0.000242364622575142	"HiG"	0.00106439115709526	0.26	641.5	1011	114.056660011065	0	0.0494562889899589	901	4.28564029375727e-05	901	379	577.5
"HiG_1"	"THBS1"	0.00231759172088953	"HiG"	0.152489261089345	0.862	1087	69	138.855874413022	0	1.35920927570154	63	0.0011778243290308	63	147	577.5
"HiG_1"	"THG1L"	0.000186491670262817	"HiG"	0.000113756342856629	0.143	366.5	1110	35.3212187511094	0	0.012670435977316	1119	1.0979580569598e-05	1119	1112	577.5
"HiG_1"	"TIMP1"	0.00170628759686613	"HiG"	0.149015555606631	0.869	1095	131	143.040398513015	0	1.0080920201716	104	0.000873563275711955	104	118	577.5
"HiG_1"	"TIMP3"	0.00155522112794171	"HiG"	0.146517311368273	0.886	1117.5	150	150.612100709695	0	0.928789691121794	122	0.00080484375313847	122	71	577.5
"HiG_1"	"TIPARP"	0.000365652321136058	"HiG"	0.00214829949760794	0.268	649	792	113.724426117502	0	0.0894175149671068	732	7.74848483250492e-05	732	383	577.5
"HiG_1"	"TIPRL"	0.000352205452133803	"HiG"	0.000304533472446851	0.099	48.5	818	53.0307547553691	0	0.0446324816541849	916	3.86763272566594e-05	916	967	577.5
"HiG_1"	"TLE4"	0.000348192454936997	"HiG"	0.00196702525243783	0.401	765	824	111.567329354791	0	0.0995834590966762	695	8.6294158662631e-05	695	400	577.5
"HiG_1"	"TLE5"	0.000317123336346906	"HiG"	0.00126239649082439	0.302	693	865	117.423079995881	0	0.0596228552353842	862	5.16662523703503e-05	862	351	577.5
"HiG_1"	"TLN1"	0.00194953650433885	"HiG"	0.115745134967241	0.682	941	95	130.03237239712	0	1.0627868814585	95	0.000920959169374784	95	233	577.5
"HiG_1"	"TLN2"	0.00145043948725464	"HiG"	0.0934367545135539	0.745	996	168	122.729436414545	0	0.785990167325509	139	0.000681100664926784	139	312	577.5
"HiG_1"	"TM2D1"	0.000267061999565403	"HiG"	0.000194620908178105	0.109	100	960	40.080272722464	0	0.0278121179126589	1032	2.41006221080233e-05	1032	1085	577.5
"HiG_1"	"TM4SF1"	0.000455374808728171	"HiG"	0.0218153880630969	0.7	956	668	128.723030903763	0	0.184834384895434	506	0.000160168444450116	506	253	577.5
"HiG_1"	"TMEM106B"	0.000287290754448766	"HiG"	0.00149055256944232	0.166	467	925	64.900705413151	0	0.0484330178153059	905	4.19696861484453e-05	905	843	577.5
"HiG_1"	"TMEM141"	0.000157298859782831	"HiG"	6.12139624456032e-05	0.167	468	1143	38.7042562760794	0	0.0067364391517725	1142	5.83746893567807e-06	1142	1096	577.5
"HiG_1"	"TMEM179B"	0.000212147277737499	"HiG"	9.89358540344763e-05	0.113	138.5	1074	57.2206610319301	0	0.0221812961562557	1067	1.92212271717987e-05	1067	922	577.5
"HiG_1"	"TMEM263"	0.000332141326326974	"HiG"	0.00144077713890329	0.187	523.5	845	61.8810861630469	0	0.0596587849921362	860	5.16973873415391e-05	860	874	577.5
"HiG_1"	"TMEM30A"	0.00041474752997228	"HiG"	0.000414457083644183	0.135	325	725	53.5866955909827	0	0.0823535893822289	766	7.13635956518448e-05	766	962	577.5
"HiG_1"	"TMEM59"	0.000922319000569225	"HiG"	0.00475170068666444	0.115	155.5	317	61.6397431193097	0	0.285243675268126	384	0.000247178228135291	384	878	577.5
"HiG_1"	"TMEM88"	0.000451555933623365	"HiG"	0.00171412778659251	0.49	824.5	672	78.2808572807165	0	0.114118935920759	657	9.8889892478994e-05	657	686	577.5
"HiG_1"	"TMEM98"	0.000483915403887327	"HiG"	0.000649541060591257	0.31	700.5	634	26.981579390213	0	0.120497908971042	640	0.000104417598761735	640	1138	577.5
"HiG_1"	"TMF1"	0.000586984175346693	"HiG"	0.000256078891399378	0.092	23	526	55.4184559068989	0	0.120932199923559	638	0.000104793934075874	638	941	577.5
"HiG_1"	"TMSB10"	0.000709477581041238	"HiG"	0.0364877929813552	0.51	840.5	427	115.507865938378	0	0.325671737966878	348	0.000282211211409773	348	370	577.5
"HiG_1"	"TMX4"	0.000316702575790226	"HiG"	0.00046856135011117	0.161	447.5	866	52.5433140871807	0	0.0414298460965897	946	3.59010798064035e-05	946	975	577.5
"HiG_1"	"TNC"	0.000881155572364483	"HiG"	0.0832687657509844	0.877	1106	341	165.020479840227	0	0.48886486668341	254	0.00042362640093883	254	16	577.5
"HiG_1"	"TNFAIP8"	0.000162261978154617	"HiG"	0.0013428278996301	0.538	851	1139	190.318091129519	0	0.0103613493945551	1130	8.97863899008238e-06	1130	3	577.5
"HiG_1"	"TNFRSF11B"	0.00104429943938903	"HiG"	0.0907809150436216	0.835	1064.5	264	155.835055461706	0	0.560107647908895	228	0.00048536191326594	228	43	577.5
"HiG_1"	"TNNC1"	0.000554953396988511	"HiG"	0.00889482127830225	0.646	906	559	92.7435326050329	0	0.250225216988962	420	0.000216832943664612	420	545	577.5
"HiG_1"	"TNNI1"	0.00142633156962817	"HiG"	0.0390802589615395	0.767	1008	171	99.8046442162604	0	0.797669902954658	138	0.000691221752993638	138	484	577.5
"HiG_1"	"TNNT1"	0.00104129794001878	"HiG"	0.0470468180334609	0.778	1017.5	265	111.97519250086	0	0.566545960474	225	0.000490941040272097	225	397	577.5
"HiG_1"	"TNNT2"	0.00357130940808899	"HiG"	0.133802242254652	0.77	1011.5	32	110.866088553337	0	2.1065130964705	32	0.0018254012967682	32	404	577.5
"HiG_1"	"TNRC6B"	0.000948556335581231	"HiG"	0.00291272572225092	0.122	206.5	305	108.641009591483	0	0.281860037902437	387	0.00024424613336433	387	420	577.5
"HiG_1"	"TOR1AIP2"	0.000235429994098841	"HiG"	0.000202001655819331	0.155	430.5	1026	70.497379806041	0	0.0262740317628288	1047	2.27677918222086e-05	1047	784	577.5
"HiG_1"	"TOX4"	0.00027038923706394	"HiG"	0.00013781794839451	0.11	109.5	952	60.0257861913497	0	0.0330951959259781	1000	2.86786793119394e-05	1000	899	577.5
"HiG_1"	"TP53BP1"	0.00138567994908571	"HiG"	0.00367566592683661	0.102	59	179	83.1680836351959	0	0.393979970242801	298	0.000341403787038822	298	648	577.5
"HiG_1"	"TP53BP2"	0.000320213562349304	"HiG"	0.00201179099637778	0.291	682	862	129.634250512306	0	0.0872530590022188	742	7.56092365703802e-05	742	240	577.5
"HiG_1"	"TP53I11"	0.0002190845535613	"HiG"	0.000133837332793614	0.125	232.5	1060	71.8843068507003	0	0.0241742897077444	1062	2.09482579789813e-05	1062	766	577.5
"HiG_1"	"TPM1"	0.00548891570440171	"HiG"	0.359537884170886	0.713	968.5	13	119.619486438452	0	3.24931470097157	13	0.00281569731453343	13	331	577.5
"HiG_1"	"TPT1"	0.00294650442802744	"HiG"	0.0327053901881449	0.134	317.5	45	67.9484668384785	0	1.47010997605563	52	0.0012739254558541	52	810	577.5
"HiG_1"	"TRAF3IP1"	0.000551864408693775	"HiG"	0.000956085613254945	0.123	216	565	60.2691517285489	0	0.111038480273784	665	9.62205201679239e-05	665	892	577.5
"HiG_1"	"TRAF5"	0.000242016489092315	"HiG"	0.000281021223251115	0.139	348.5	1013	62.4651808609138	0	0.0336547622364958	996	2.91635721286792e-05	996	866	577.5
"HiG_1"	"TRAPPC2L"	0.000389071269134673	"HiG"	0.00162663624733984	0.123	216	763	56.5559026457566	0	0.0549568877646739	876	4.76229530023171e-05	876	926	577.5
"HiG_1"	"TRH"	0.000444679444041749	"HiG"	0.00323503311887223	0.406	772.5	684	90.8281289535339	0	0.120565636539858	639	0.000104476288162789	639	565	577.5
"HiG_1"	"TRIM44"	0.000314996512756124	"HiG"	0.000950331986204991	0.099	48.5	868	70.0016811823656	0	0.0418408848266656	942	3.62572658809928e-05	942	788	577.5
"HiG_1"	"TRIM5"	0.000460561804280231	"HiG"	0.000914538377475263	0.131	293	664	59.2592459227968	0	0.0935707969466646	718	8.10838795031755e-05	718	903	577.5
"HiG_1"	"TRIM55"	0.000642944533560742	"HiG"	0.00475773032691217	0.333	716	478	89.5887900071333	0	0.195375423902938	489	0.000169302793676723	489	578	577.5
"HiG_1"	"TRIOBP"	0.000323917828114588	"HiG"	0.00484490342635702	0.225	591.5	854	81.9989873538207	0	0.0727102862442467	810	6.30071804542866e-05	810	654	577.5
"HiG_1"	"TRIP11"	0.000867800090374821	"HiG"	0.00474421281844255	0.1	52	348	86.8127264886946	0	0.22987125519172	442	0.000199195195140139	442	608	577.5
"HiG_1"	"TRIP12"	0.00127172644075277	"HiG"	0.00124422756268449	0.071	1	201	67.8471826330677	0	0.324005161271892	350	0.000280767037497306	350	813	577.5
"HiG_1"	"TRMT13"	0.000237573739126555	"HiG"	3.20282043654786e-05	0.102	59	1024	28.1355474693283	0	0.0163722197182403	1105	1.41873654404162e-05	1105	1134	577.5
"HiG_1"	"TRPM7"	0.000354025883432576	"HiG"	0.00538251599509904	0.219	581.5	814	147.984135710911	0	0.0966394680670874	708	8.37430399194865e-05	708	86	577.5
"HiG_1"	"TSC1"	0.000775615960984456	"HiG"	0.0062544348254263	0.136	330.5	380	109.395661795391	0	0.246981095456023	422	0.000214021746495687	422	416	577.5
"HiG_1"	"TSC22D3"	0.000408875606360159	"HiG"	0.00515424622690978	0.277	662	735	119.337982299899	0	0.111674743378691	664	9.67718746782416e-05	664	333	577.5
"HiG_1"	"TSHZ2"	0.000438980150507541	"HiG"	0.000924614048705096	0.404	769.5	694	68.147866599936	0	0.131584609183013	604	0.000114024791319769	604	808	577.5
"HiG_1"	"TSPAN2"	0.000296947987975825	"HiG"	0.00309385286435794	0.259	639	909	78.7790007681874	0	0.0710179527702804	819	6.15406869759796e-05	819	682	577.5
"HiG_1"	"TSPAN3"	0.000391799705287794	"HiG"	0.000756709317437758	0.151	411.5	758	39.4690357836332	0	0.0725263273298396	811	6.28477706497743e-05	811	1094	577.5
"HiG_1"	"TSPAN5"	0.000374860481193591	"HiG"	0.003359703700234	0.349	730	779	75.5388152618931	0	0.107729195513061	672	9.33528557305553e-05	672	719	577.5
"HiG_1"	"TSPYL2"	0.000267358386755481	"HiG"	0.0001110247862176	0.134	317.5	958	76.6014754557668	0	0.028011737129008	1029	2.4273602364825e-05	1029	709	577.5
"HiG_1"	"TTC14"	0.000512251048730391	"HiG"	9.18194561880275e-05	0.095	32.5	607	41.4064277763282	0	0.0810448375451059	773	7.02294952730554e-05	773	1073	577.5
"HiG_1"	"TTC3"	0.000868651694953255	"HiG"	0.000411781696883992	0.073	2	347	56.2166905434224	0	0.199248265902528	486	0.000172658809274288	486	930	577.5
"HiG_1"	"TUBA1A"	0.00296137650481305	"HiG"	0.107982008516934	0.251	625.5	44	129.730249227065	0	1.31036265963403	67	0.00113549623885098	67	238	577.5
"HiG_1"	"TUBGCP2"	0.000276280843553149	"HiG"	0.000554259562158286	0.137	335	941	81.1502325395105	0	0.0378003775722563	973	3.27559597679864e-05	973	663	577.5
"HiG_1"	"TULP4"	0.000225206205083943	"HiG"	0.000157986848679489	0.13	281	1041	42.7354217556725	0	0.0217566973416971	1070	1.88532905907254e-05	1070	1064	577.5
"HiG_1"	"TUSC3"	0.000212510663901572	"HiG"	0.000222968743762685	0.118	177	1072	76.5202217008204	0	0.0189303493742192	1088	1.64041155755799e-05	1088	710	577.5
"HiG_1"	"TUT4"	0.000435564786694566	"HiG"	0.0003079737887089	0.115	155.5	700	87.4788075491195	0	0.0853262813068382	756	7.39395851879013e-05	756	603	577.5
"HiG_1"	"TXNIP"	0.001013489890308	"HiG"	0.0173047809176237	0.278	663	281	141.621927812546	0	0.380409597936981	304	0.000329644365629966	304	125	577.5
"HiG_1"	"TXNL4B"	0.000184693349403283	"HiG"	0.000247297971013969	0.171	484.5	1113	57.5275513259532	0	0.0131991085711499	1115	1.14377024013431e-05	1115	917	577.5
"HiG_1"	"UBE2E3"	0.000458505052855327	"HiG"	0.00216597215176918	0.13	281	666	69.4216282469934	0	0.0867347260947611	746	7.51600746055123e-05	746	795	577.5
"HiG_1"	"UBE2H"	0.000534245973376033	"HiG"	0.000220592913087259	0.109	100	580	50.1722543266955	0	0.0886523598624262	734	7.68218023071285e-05	734	998	577.5
"HiG_1"	"UBE2J1"	0.000467406003152681	"HiG"	0.000620888479587028	0.096	35.5	652	65.9485870051711	0	0.09236775432661	721	8.004138156552e-05	721	831	577.5
"HiG_1"	"UBE2Q2"	0.000243626872635741	"HiG"	0.000269828365877244	0.121	197	1006	47.5049465845309	0	0.0271045812993347	1038	2.34875054586956e-05	1038	1022	577.5
"HiG_1"	"UBE2R2"	0.000409530320351858	"HiG"	0.000545963943689719	0.091	21	732	63.0559049400227	0	0.0725253008594764	812	6.28468811607248e-05	812	861	577.5
"HiG_1"	"UBE4A"	0.000566921905999854	"HiG"	0.000392396560441812	0.082	9	547	56.1915364410094	0	0.112418254026966	663	9.74161646680813e-05	663	931	577.5
"HiG_1"	"UBXN4"	0.000577657548410607	"HiG"	0.000195725066327812	0.098	43	536	54.8675144419931	0	0.123671837212411	630	0.000107167969854776	630	949	577.5
"HiG_1"	"UFL1"	0.000443310036216663	"HiG"	0.000544416641518999	0.125	232.5	686	68.7725268418817	0	0.0862666271019804	748	7.47544428959968e-05	748	801	577.5
"HiG_1"	"UGGT2"	0.000317860377247185	"HiG"	0.000374752741883398	0.147	392	864	48.3987118240095	0	0.0511409285422312	892	4.43162292393684e-05	892	1014	577.5
"HiG_1"	"UNC45B"	0.000859298670144073	"HiG"	0.00597359982136041	0.383	753.5	350	70.622405341206	0	0.30398901820708	366	0.000263422026175979	366	783	577.5
"HiG_1"	"USP11"	0.000880557147129014	"HiG"	0.00575028645496546	0.084	12.5	343	93.4620340639957	0	0.219334125496761	460	0.000190064233532722	460	539	577.5
"HiG_1"	"USP15"	0.000492562415061328	"HiG"	0.00114548232676401	0.105	81.5	624	81.0675613657346	0	0.114896717862063	655	9.95638802964148e-05	655	664	577.5
"HiG_1"	"USP27X"	0.000216860045078162	"HiG"	2.37518609206975e-05	0.079	5	1064	58.0813251902533	0	0.0183033602041384	1093	1.58607974039328e-05	1093	912	577.5
"HiG_1"	"USP3"	0.000322410946931791	"HiG"	0.000141225352764717	0.081	6.5	860	55.4201429439692	0	0.0441288451731708	922	3.82399004966818e-05	922	940	577.5
"HiG_1"	"USP34"	0.000930957153615053	"HiG"	0.000484984368390525	0.081	6.5	314	77.8363656646825	0	0.246458100505151	424	0.000213568544631847	424	693	577.5
"HiG_1"	"USP47"	0.000955576287221548	"HiG"	0.000857925520979726	0.096	35.5	304	73.1141814046275	0	0.225641039779482	448	0.000195529497209256	448	756	577.5
"HiG_1"	"USP53"	0.000256349386713122	"HiG"	0.000411562486679888	0.129	271	979	93.2744760226265	0	0.0378097936853552	972	3.27641193113996e-05	972	542	577.5
"HiG_1"	"VAMP2"	0.00062238883131072	"HiG"	0.00670586170091121	0.217	577.5	496	95.2039094331382	0	0.184422528371277	508	0.000159811549715144	508	528	577.5
"HiG_1"	"VAMP3"	0.00104003940265802	"HiG"	0.0082808407716467	0.143	366.5	266	73.5754555692715	0	0.291816488441968	377	0.000252873906795466	377	748	577.5
"HiG_1"	"VEZT"	0.000601698557432158	"HiG"	0.00448371417364681	0.138	341	513	108.512661409161	0	0.172775912916544	530	0.000149719161972741	530	421	577.5
"HiG_1"	"VIM"	0.00489337484396266	"HiG"	0.366591381496382	0.798	1034.5	17	134.927605911081	0	2.89138943763089	16	0.00250553677437685	16	185	577.5
"HiG_1"	"VIRMA"	0.0020296815256358	"HiG"	0.0135898539422589	0.11	109.5	89	72.0611835939591	0	0.617578668700171	192	0.000535163491074672	192	764	577.5
"HiG_1"	"VPS13A"	0.000358118101332842	"HiG"	0.000640496032931067	0.124	224	806	73.3033386682414	0	0.0701855486850192	824	6.08193662781795e-05	824	753	577.5
"HiG_1"	"VPS13C"	0.000373771742317966	"HiG"	0.00163224944949122	0.104	73.5	781	86.38620298562	0	0.0806024429927322	774	6.98461377753312e-05	774	611	577.5
"HiG_1"	"VPS28"	0.000282999996383109	"HiG"	0.000117005604121906	0.13	281	930	52.6864156221197	0	0.0413749072497972	947	3.5853472486826e-05	947	972	577.5
"HiG_1"	"VPS41"	0.00028783203853039	"HiG"	5.0828433409592e-05	0.113	138.5	924	48.9106544769069	0	0.0372857133405735	975	3.23099768982439e-05	975	1006	577.5
"HiG_1"	"WASF1"	0.000438337514598119	"HiG"	0.00534381535004278	0.237	605	696	98.6013387931865	0	0.116809524024244	649	0.000101221424631061	649	494	577.5
"HiG_1"	"WASHC3"	0.000295273131206965	"HiG"	0.000427497033672602	0.145	379	913	48.7547937567443	0	0.0420260172889832	940	3.64176926247688e-05	940	1007	577.5
"HiG_1"	"WDR48"	0.000432149911354625	"HiG"	0.000201443751247679	0.099	48.5	706	60.7061109667263	0	0.0704333511386888	823	6.10340997735605e-05	823	886	577.5
"HiG_1"	"WDR73"	0.000330388285970772	"HiG"	0.000215504110256827	0.108	92.5	849	67.1948776817111	0	0.055260994853856	875	4.78864773430295e-05	875	818	577.5
"HiG_1"	"WEE1"	0.000409440245529864	"HiG"	0.00366052315848459	0.224	588.5	733	157.800769186628	0	0.121899642585533	636	0.000105632272604448	636	33	577.5
"HiG_1"	"WLS"	0.000438919603723832	"HiG"	0.011118603530414	0.653	912	695	129.927440913603	0	0.17058976250919	535	0.000147824750874514	535	236	577.5
"HiG_1"	"WNT5A"	0.00263344229887885	"HiG"	0.123333644777259	0.835	1064.5	55	139.434162771872	0	1.49545881674539	49	0.0012958915223097	49	145	577.5
"HiG_1"	"WNT8A"	0.00160320069087719	"HiG"	0.0308902682584992	0.688	945	146	97.1942169522822	0	0.807932131136143	135	0.000700114498384873	135	507	577.5
"HiG_1"	"WSB1"	0.000981994236103194	"HiG"	0.00257756466555993	0.127	252	292	67.6887028215077	0	0.277975012712446	393	0.000240879560409399	393	814	577.5
"HiG_1"	"WT1"	0.00276277355938574	"HiG"	0.0894879239768594	0.713	968.5	49	136.35057992074	0	1.4651929855345	53	0.00126966463217895	53	174	577.5
"HiG_1"	"WWP1"	0.000553990566517147	"HiG"	0.00252269437952552	0.13	281	560	80.0981096103556	0	0.129196147334064	610	0.00011195506701392	610	671	577.5
"HiG_1"	"WWTR1"	0.00062842316191687	"HiG"	0.0168122378997665	0.637	899	489	171.077411362171	0	0.265836425677682	406	0.000230360854140106	406	10	577.5
"HiG_1"	"XBP1"	0.00147569644389151	"HiG"	0.0269972766233677	0.195	540	163	97.7055097114724	0	0.573541805355837	220	0.000497003297535387	220	499	577.5
"HiG_1"	"XPA"	0.000311882673857005	"HiG"	0.000453030005521855	0.133	309	875	82.6154260725121	0	0.0460655344180883	913	3.99181407435774e-05	913	651	577.5
"HiG_1"	"XRN1"	0.00111426702928852	"HiG"	0.00207565238926046	0.108	92.5	243	76.3051437893518	0	0.34020833011728	336	0.000294807911713414	336	713	577.5
"HiG_1"	"YAF2"	0.000203880963617658	"HiG"	0.0014104269439873	0.146	385.5	1089	92.0271887909765	0	0.020456236938237	1078	1.7726375163117e-05	1078	554	577.5
"HiG_1"	"YIPF3"	0.000376356685855704	"HiG"	0.00144968094308783	0.151	411.5	776	69.5664341624651	0	0.0642604909571905	847	5.56850008294545e-05	847	794	577.5
"HiG_1"	"YIPF4"	0.000295286302577945	"HiG"	0.000143954055042864	0.106	86.5	912	40.9180254209831	0	0.0411422044958774	948	3.56518236532733e-05	948	1077	577.5
"HiG_1"	"YIPF5"	0.000443745443410918	"HiG"	0.0011374752632859	0.123	216	685	56.4425300144133	0	0.096769031200173	707	8.38553129984168e-05	707	928	577.5
"HiG_1"	"YPEL5"	0.000553331616570873	"HiG"	0.000905397825026433	0.109	100	561	43.8343239365301	0	0.10522917754967	677	9.11864623480679e-05	677	1056	577.5
"HiG_1"	"ZBED5"	0.000189605919254942	"HiG"	3.63844036959951e-06	0.092	23	1105	47.3638496203302	0	0.0113941520323669	1128	9.87361527934743e-06	1128	1024	577.5
"HiG_1"	"ZC2HC1A"	0.00033084834232876	"HiG"	0.000306473388773011	0.153	423.5	848	34.505217128671	0	0.032451368392185	1005	2.81207698372487e-05	1005	1117	577.5
"HiG_1"	"ZC3H6"	0.000213126634914117	"HiG"	7.15987511754178e-05	0.113	138.5	1071	85.9443535659057	0	0.0209631995932607	1073	1.81656842229296e-05	1073	619	577.5
"HiG_1"	"ZC3H7A"	0.000461387475959212	"HiG"	0.000222681482826259	0.098	43	661	63.5130425510012	0	0.0856365670867166	753	7.4208463679997e-05	753	857	577.5
"HiG_1"	"ZEB1"	0.00121774742072272	"HiG"	0.0449936497939653	0.733	982.5	212	147.584550887264	0	0.617288388268402	194	0.000534911948239517	194	91	577.5
"HiG_1"	"ZEB2"	0.00164099124510935	"HiG"	0.0642183483552338	0.782	1022	137	148.214124960282	0	0.850886930556954	128	0.000737337028212265	128	84	577.5
"HiG_1"	"ZFHX3"	0.00116038996675979	"HiG"	0.00566551631447655	0.258	636	231	90.9216491566295	0	0.431255472140462	275	0.000373704915199707	275	563	577.5
"HiG_1"	"ZFHX4"	0.000474740121681256	"HiG"	0.00489325148291565	0.363	744	642	96.412594461457	0	0.164883663587931	541	0.000142880124426284	541	518	577.5
"HiG_1"	"ZFP36L1"	0.000714047558613598	"HiG"	0.00791737632332765	0.291	682	420	126.019145889749	0	0.257885999993117	412	0.000223471403806861	412	281	577.5
"HiG_1"	"ZFYVE16"	0.000287910521870289	"HiG"	0.00136186346405621	0.183	511.5	922	78.2110029491567	0	0.0542271567621928	882	4.69906037800631e-05	882	688	577.5
"HiG_1"	"ZHX1"	0.000218507464640674	"HiG"	0.000590437048316697	0.198	546	1062	83.9952484633215	0	0.0345080312297951	987	2.99029733360443e-05	987	642	577.5
"HiG_1"	"ZKSCAN1"	0.000434339019691827	"HiG"	0.00154598422105955	0.117	169.5	702	115.528782461109	0	0.0940961948966584	715	8.15391636886121e-05	715	368	577.5
"HiG_1"	"ZMIZ1"	0.000713977499567843	"HiG"	0.00344710917625393	0.132	301.5	421	107.904521184873	0	0.192260630510764	493	0.000166603665953868	493	425	577.5
"HiG_1"	"ZMYM4"	0.000623137174600204	"HiG"	0.000243842314934246	0.075	3.5	494	61.2721453809899	0	0.128899046330074	611	0.000111697613804224	611	881	577.5
"HiG_1"	"ZMYM5"	0.000256717973262375	"HiG"	9.1298007729053e-05	0.122	206.5	978	63.5477440620541	0	0.0312181379629834	1017	2.70521126195697e-05	1017	856	577.5
"HiG_1"	"ZMYND11"	0.000439830894869345	"HiG"	0.000702329891692971	0.118	177	692	85.8030048328818	0	0.094407197153191	713	8.18086630443596e-05	713	620	577.5
"HiG_1"	"ZNF124"	0.000143026765259226	"HiG"	0.000149726392935001	0.447	802	1153	96.3143591746754	0	0.00567937484884432	1145	4.92146867317532e-06	1145	520	577.5
"HiG_1"	"ZNF148"	0.00058120918978613	"HiG"	0.00123887999522367	0.092	23	529	89.4926641658318	0	0.127670848096826	615	0.000110633317241617	615	579	577.5
"HiG_1"	"ZNF33B"	0.000172715620800095	"HiG"	0.000124547476474683	0.115	155.5	1127	48.6890130423832	0	0.0114883005240192	1127	9.95519976084853e-06	1127	1008	577.5
"HiG_1"	"ZNF37A"	0.000205710954432937	"HiG"	1.26938996560867e-05	0.119	184	1085	48.4819544213802	0	0.017825173361022	1097	1.54464240563449e-05	1097	1011	577.5
"HiG_1"	"ZNF428"	0.000155637064177904	"HiG"	9.27491959393787e-05	0.128	263	1145	55.5724540787136	0	0.00797862608432692	1138	6.91388742142714e-06	1138	937	577.5
"HiG_1"	"ZNF462"	0.000360845347965663	"HiG"	0.000179316758610126	0.157	436	801	55.8236731437793	0	0.0675605504046663	831	5.85446710612359e-05	831	934	577.5
"HiG_1"	"ZNF503"	0.000420632211493458	"HiG"	0.00116821446505653	0.407	775	718	71.0644261605097	0	0.125477839550376	626	0.000108732963215231	626	775	577.5
"HiG_1"	"ZNF608"	0.00041316828111912	"HiG"	0.000299294120264864	0.177	499	729	49.8656654624253	0	0.0883014528400054	735	7.65177234315472e-05	735	1002	577.5
"HiG_1"	"ZNF704"	0.000541730732241623	"HiG"	0.0020495060417067	0.119	184	572	69.6998143850438	0	0.158633791841672	552	0.000137464291023979	552	791	577.5
"HiG_1"	"ZNF711"	0.000388420673602711	"HiG"	0.000388192557976052	0.118	177	765	68.9388378333793	0	0.0734504772763556	804	6.36485938269979e-05	804	799	577.5
"HiG_1"	"ZNF791"	0.000187942097255257	"HiG"	1.49775574879135e-05	0.147	392	1106	29.0766914111028	0	0.0113512623068528	1129	9.83644913938715e-06	1129	1132	577.5
"HiG_1"	"ZNF827"	0.000236125767795988	"HiG"	0.000411445217158884	0.165	463.5	1025	97.3141440758357	0	0.0405314815582055	951	3.51226010036443e-05	951	503	577.5
"HiG_1"	"ZNF83"	0.000192072836843023	"HiG"	8.47096354353004e-06	0.116	163	1102	40.7593756362683	0	0.0115552742295734	1125	1.00132359008435e-05	1125	1081	577.5
"HiG_1"	"ZNF91"	0.000239792214037957	"HiG"	6.29202494955649e-05	0.118	177	1020	66.1106544620819	0	0.0243945229161323	1061	2.11391013138061e-05	1061	826	577.5
"HiG_1"	"ZNHIT1"	0.000406535205469339	"HiG"	0.000701665989360998	0.104	73.5	744	58.982292782213	0	0.0667912664108246	833	5.78780471497614e-05	833	905	577.5
"HiG_1"	"ZNHIT6"	0.000301559425697394	"HiG"	1.32491906655842e-05	0.094	29.5	895	40.0118897400669	0	0.0272153644283327	1036	2.35835047039278e-05	1036	1087	577.5
"HiG_10"	"ACTG1"	0.00730385810533775	"HiG"	0.0797899211969358	0.227	19	56	41.7492907369701	0	0.968793302251102	46	0.0140404826413203	46	50	35.5
"HiG_10"	"ATP5PD"	0.00507918007945209	"HiG"	0.10387120947227	0.855	31	61	46.1519363162658	0	0.817625698914421	48	0.0118496478103539	48	43	35.5
"HiG_10"	"BNIP3"	0.00873278642728544	"HiG"	0.0258853947750191	0.066	16	49	39.7725512338668	0	0.786752198717319	49	0.0114022057785119	49	54	35.5
"HiG_10"	"CBR1"	0.00232137390547245	"HiG"	0.000633401318864033	0.974	68	68	45.0456533794505	0	0.0215344743505035	68	0.000312093831166717	68	45	35.5
"HiG_10"	"CNTNAP2"	0.00830372874153644	"HiG"	0.000154711861736772	0.001	9	52	5.15089557776624	0	0.139985675220392	61	0.00202877790174482	61	69	35.5
"HiG_10"	"CTSC"	0.00459293510036472	"HiG"	0.00217796341046573	0.355	21	62	18.246333300518	0	0.132543500042106	62	0.00192092029046531	62	62	35.5
"HiG_10"	"DPPA4"	0.00648514920045771	"HiG"	0.00146054582273311	0.041	14	58	30.2590019833236	0	0.190094632458916	60	0.00275499467331763	60	60	35.5
"HiG_10"	"EEF2"	0.0141435613858832	"HiG"	0.372528701148209	0.14	17	41	46.0678795900093	0	2.97577254217926	39	0.0431271382924531	39	44	35.5
"HiG_10"	"ENO1"	0.0150700323751119	"HiG"	0.143632396362914	0.001	9	39	40.3097910191561	0	2.20330020930012	41	0.0319318870913061	41	53	35.5
"HiG_10"	"EPCAM"	0.00387600427018621	"HiG"	0.00406554743974479	0.606	23	65	38.1837965788955	0	0.10683126910887	64	0.00154827926244739	64	55	35.5
"HiG_10"	"GAL"	0.00223332919617526	"HiG"	0.00106939298304213	0.986	69	69	67	0	0.0142588112326411	69	0.000206649438154219	69	1.5	35.5
"HiG_10"	"GAPDH"	0.0288009179532084	"HiG"	0.391296924904475	0	4	1	41.4915758494273	0	3.85828343401202	38	0.0559171512175655	38	51	35.5
"HiG_10"	"HMGA1"	0.00283782177594439	"HiG"	0.00140566911336175	0.898	34	66	34.5090159551917	0	0.0385494794249832	67	0.000558688107608452	67	56	35.5
"HiG_10"	"HSPD1"	0.00558552850908261	"HiG"	0.06730466304346	0.325	20	59	42.3834661031931	0	0.710400844897851	50	0.0102956644188094	50	48	35.5
"HiG_10"	"ID1"	0.00907308684241381	"HiG"	0.00146660207365443	0	4	48	10.0757555002267	0	0.2006711672835	59	0.00290827778671739	59	67	35.5
"HiG_10"	"ID3"	0.00983925949156082	"HiG"	0.000874416186728838	0	4	44	5.39084277223203	0	0.221081963899431	57	0.00320408643332509	57	68	35.5
"HiG_10"	"IFITM1"	0.00945185511160976	"HiG"	0.00888536319807343	0	4	46	18.2014047065285	0	0.342430025315173	55	0.00496275399007497	55	63	35.5
"HiG_10"	"IFITM3"	0.00959566499809278	"HiG"	0.00617418556196315	0	4	45	16.8065409186136	0	0.327186179772468	56	0.00474182869235461	56	64	35.5
"HiG_10"	"L1TD1"	0.00917934862688827	"HiG"	0.0501531106078205	0	4	47	33.9778886499413	0	0.566943725675037	52	0.00821657573442083	52	57	35.5
"HiG_10"	"LDHA"	0.0128441885817956	"HiG"	0.0954140536216155	0.008	11	42	42.886652647778	0	1.78185088688424	42	0.025823925896873	42	47	35.5
"HiG_10"	"NAP1L1"	0.00394404533145916	"HiG"	0.0666003030119552	0.93	47	64	48.539963419616	0	0.503280390248821	54	0.00729391869925827	54	3	35.5
"HiG_10"	"PABPC1"	0.00787765668652501	"HiG"	0.200994806532566	0.653	24	54	47.1748483670242	0	1.54094615922903	44	0.0223325530323048	44	33	35.5
"HiG_10"	"PCDH10"	0.00853556890144584	"HiG"	0.000301037673754513	0	4	51	4.25564797290527	0	0.123275435656843	63	0.00178660051676583	63	70	35.5
"HiG_10"	"PGK1"	0.0151773315444838	"HiG"	0.15935507455047	0.001	9	38	41.1331454420183	0	2.36665236327563	40	0.0342993096126902	40	52	35.5
"HiG_10"	"PGM1"	0.00546903033461399	"HiG"	0.0197719939178386	0.723	26	60	42.3790584362891	0	0.563282654261214	53	0.0081635167284234	53	49	35.5
"HiG_10"	"PKM"	0.0114482486394572	"HiG"	0.133950531149188	0.014	13	43	42.9791870466418	0	1.76881962502677	43	0.0256350670293734	43	46	35.5
"HiG_10"	"PMAIP1"	0.00269894834285025	"HiG"	0.000846116311616332	0.956	60	67	15.654323878615	0	0.0613669068850885	65	0.000889375462102732	65	65	35.5
"HiG_10"	"RPL11"	0.0210881988281102	"HiG"	0.81248635338048	0.883	32.5	14	47.2699338494419	0	5.63007983214362	15	0.0815953598861394	15	27	35.5
"HiG_10"	"RPL12"	0.0197323676958397	"HiG"	0.78858566510192	0.94	52	22	47.2821122555037	0	5.34731794031233	22	0.0774973614538019	22	26	35.5
"HiG_10"	"RPL13"	0.0207642998258562	"HiG"	0.867278075454102	0.925	42.5	16	47.6697086650448	0	5.71551901240159	13	0.0828336088753854	13	5	35.5
"HiG_10"	"RPL13A"	0.0183479815986053	"HiG"	0.656444135923819	0.66	25	28	47.1031685845478	0	4.58211735026777	31	0.0664074978299677	31	36	35.5
"HiG_10"	"RPL19"	0.0169776976320252	"HiG"	0.68294293637441	0.922	39	33	47.4268537142361	0	4.52254362560998	32	0.0655441105160867	32	12	35.5
"HiG_10"	"RPL23"	0.0192205163927583	"HiG"	0.748073409700056	0.883	32.5	25	47.0182062590936	0	5.07661870394046	25	0.0735741841150792	25	39	35.5
"HiG_10"	"RPL26"	0.0214418424126276	"HiG"	0.869671562478403	0.927	45	11	47.4897749518103	0	5.86896093018772	10	0.0850574047853293	10	9	35.5
"HiG_10"	"RPL27"	0.0191538164232288	"HiG"	0.799627537554465	0.961	62	26	47.2500569290817	0	5.28811659245147	23	0.0766393709050938	23	30	35.5
"HiG_10"	"RPL27A"	0.0203621292357307	"HiG"	0.858130016625701	0.953	59	18	47.407169685401	0	5.67323221107742	14	0.0822207566822814	14	16	35.5
"HiG_10"	"RPL28"	0.0170523933945346	"HiG"	0.706172733941279	0.926	44	32	47.5124748403863	0	4.61814943235017	29	0.0669297019181184	29	7	35.5
"HiG_10"	"RPL30"	0.0212942789011804	"HiG"	0.883322149377108	0.938	50	13	47.4483251640513	0	5.89127408229138	9	0.0853807838013243	9	10	35.5
"HiG_10"	"RPL31"	0.022735741231642	"HiG"	0.923556704038963	0.935	49	5	47.3003058813336	0	6.28103686270261	5	0.0910295197493132	5	24	35.5
"HiG_10"	"RPL32"	0.0200710939585228	"HiG"	0.788862879420377	0.911	38	19	47.4294632435537	0	5.38004418338149	21	0.0779716548316158	21	11	35.5
"HiG_10"	"RPL35A"	0.0196039309047932	"HiG"	0.806197991397226	0.964	66	23	47.4014980217559	0	5.39866168070158	20	0.0782414736333562	20	18	35.5
"HiG_10"	"RPL36"	0.0154202733951211	"HiG"	0.633573492690043	0.949	57	37	47.0868241208597	0	4.13574860322692	36	0.0599383855540134	36	38	35.5
"HiG_10"	"RPL37"	0.0169184242058506	"HiG"	0.687282592679135	0.95	58	34	47.3043502948653	0	4.58663720870644	30	0.066473003024731	30	23	35.5
"HiG_10"	"RPL37A"	0.0213465934524049	"HiG"	0.885165642968938	0.925	42.5	12	47.2558199301851	0	5.9397005679336	8	0.0860826169265739	8	29	35.5
"HiG_10"	"RPL38"	0.0146955626261807	"HiG"	0.585642128412689	0.959	61	40	47.0979400700344	0	3.90658809574773	37	0.0566172187789527	37	37	35.5
"HiG_10"	"RPL7A"	0.0162240192959861	"HiG"	0.635583378429809	0.91	37	36	47.8308859395845	0	4.26171534094632	35	0.0617639904484973	35	4	35.5
"HiG_10"	"RPLP0"	0.0218016956128128	"HiG"	0.771702762422705	0.732	27	8	47.3110294464167	0	5.56943536848884	16	0.0807164546157803	16	21	35.5
"HiG_10"	"RPLP1"	0.0226592467778936	"HiG"	0.95816088401023	0.94	52	6	47.1918750678895	0	6.37150189135955	4	0.0923406071211529	4	31	35.5
"HiG_10"	"RPLP2"	0.0210165341742728	"HiG"	0.884315929062754	0.962	63.5	15	47.3598544539164	0	5.85934711184714	11	0.0849180740847411	11	20	35.5
"HiG_10"	"RPS11"	0.0180167849538592	"HiG"	0.710878039860372	0.83	30	29	46.9211347754917	0	4.70932355437983	27	0.0682510660055049	27	40	35.5
"HiG_10"	"RPS12"	0.0238014576106212	"HiG"	1	0.947	56	2	47.4025242469839	0	6.69988073657	1	0.0970997208198551	1	17	35.5
"HiG_10"	"RPS13"	0.0222598652248142	"HiG"	0.914429158177922	0.923	40.5	7	47.2866637760177	0	6.14729844564567	6	0.0890912818209517	6	25	35.5
"HiG_10"	"RPS14"	0.0192470829110231	"HiG"	0.755264825625839	0.929	46	24	47.4181167124778	0	5.15191757996566	24	0.0746654721734154	24	13	35.5
"HiG_10"	"RPS15A"	0.0198158542963566	"HiG"	0.807383385211942	0.946	55	21	47.2598681708363	0	5.42582473372936	19	0.0786351410685415	19	28	35.5
"HiG_10"	"RPS16"	0.02342008118342	"HiG"	0.968474276439838	0.94	52	3	47.3046841104098	0	6.51757624429932	3	0.0944576267289757	3	22	35.5
"HiG_10"	"RPS17"	0.0178795554227863	"HiG"	0.750913016314189	0.973	67	30	47.3684058810318	0	4.92643276841551	26	0.071397576353848	26	19	35.5
"HiG_10"	"RPS18"	0.0215720354751007	"HiG"	0.826580138067444	0.9	35	10	47.1295046077121	0	5.75326352834234	12	0.0833806308455412	12	35	35.5
"HiG_10"	"RPS19"	0.0231610380862279	"HiG"	0.975281786256076	0.962	63.5	4	47.4965264819535	0	6.52466337732708	2	0.0945603388018417	2	8	35.5
"HiG_10"	"RPS23"	0.0216793048331891	"HiG"	0.893072106739655	0.933	48	9	47.4087999242985	0	5.98778099540353	7	0.0867794347159932	7	15	35.5
"HiG_10"	"RPS3"	0.0205145882890607	"HiG"	0.791706725187791	0.902	36	17	47.1830060176768	0	5.46742973576323	17	0.0792381121125106	17	32	35.5
"HiG_10"	"RPS4X"	0.0184346921045569	"HiG"	0.655601631342491	0.751	28	27	47.1296039849532	0	4.66455863356853	28	0.0676022990372251	28	34	35.5
"HiG_10"	"RPS5"	0.0162394256646956	"HiG"	0.642035070026865	0.923	40.5	35	47.6280020587066	0	4.29487384797015	34	0.0622445485213065	34	6	35.5
"HiG_10"	"RPS6"	0.0176491240126687	"HiG"	0.61105692730688	0.796	29	31	46.5462538636481	0	4.38891526266693	33	0.0636074675748831	33	42	35.5
"HiG_10"	"RPS8"	0.0198676828609955	"HiG"	0.809360177624834	0.941	54	20	47.4140213428659	0	5.4381366986503	18	0.0788135753427579	18	14	35.5
"HiG_10"	"SERPINE2"	0.00222512203183254	"HiG"	0.000972383092839735	0.987	70	70	67	0	0.0129653244284166	70	0.000187903252585748	70	1.5	35.5
"HiG_10"	"SFRP2"	0.00420030743847308	"HiG"	0.000730645020223066	0.416	22	63	15.6144631496118	0	0.0540229210593324	66	0.000782940884917861	66	66	35.5
"HiG_10"	"TDGF1"	0.00784981333916892	"HiG"	0.0019525613575498	0.01	12	55	19.3411850143091	0	0.216275296215055	58	0.00313442458282689	58	61	35.5
"HiG_10"	"TOMM7"	0.00717856060707287	"HiG"	0.20895866296822	0.963	65	57	46.6896105665945	0	1.4844481391258	45	0.0215137411467507	45	41	35.5
"HiG_10"	"TUBB2A"	0.00789091840023437	"HiG"	0.0448914122213867	0.167	18	53	32.967685756501	0	0.843890145961894	47	0.0122302919704622	47	59	35.5
"HiG_10"	"TUBB2B"	0.00866762681917004	"HiG"	0.0180872989835185	0.042	15	50	33.1199099720226	0	0.698502545693558	51	0.0101232252999066	51	58	35.5
"HiG_12"	"ALB"	0.0866097482864197	"HiG"	0	0.841	8	5	8.73990027456653	0	0.0612916614923841	7	0.00291865054725639	7	14	10.5
"HiG_12"	"APOB"	0.0427197383696995	"HiG"	0	0.869	12.5	11	8.93798630034176	0	0.0336589473954723	8	0.00160280701883201	8	13	10.5
"HiG_12"	"APOC3"	0.0151324545031681	"HiG"	0	0.846	9	17	10.9876047575768	0	0.00675892491669098	17	0.000321853567461475	17	4	10.5
"HiG_12"	"FGA"	0.0440158866260661	"HiG"	0	0.878	16.5	9	10.244357910243	0	0.0333687824093858	9	0.00158898963854218	9	8	10.5
"HiG_12"	"FGB"	0.0437293649218513	"HiG"	0	0.872	14	10	10.3596919434527	0	0.0327962587275957	10	0.00156172660607599	10	7	10.5
"HiG_12"	"FGG"	0.0333571500185851	"HiG"	0	0.866	11	14	10.1564798708224	0	0.0238445466486373	14	0.00113545460231606	14	9	10.5
"HiG_12"	"GDF15"	0.0517268510277189	"HiG"	1.10397126001203e-17	0.826	4	6	9.14228367677822	0	0.0303078176746453	11	0.00144322941307835	11	11	10.5
"HiG_12"	"GSTA2"	0.00934713474206895	"HiG"	0	0.837	7	20	16	0	0.00163012988413527	20	7.76252325778702e-05	20	1	10.5
"HiG_12"	"IGF1"	0.107040187353376	"HiG"	0	0.822	3	2	9.13420004695593	0	0.0858874048385473	5	0.00408987642088321	5	12	10.5
"HiG_12"	"LUC7L3"	0.0492610837438423	"HiG"	1	0.914	20	7.5	1	0	0.138091776933539	2.5	0.00657579890159711	2	19.5	10.5
"HiG_12"	"MGP"	0.0357341238261159	"HiG"	0	0.821	2	13	11.8782211491127	0	0.0246120741896473	13	0.00117200353284035	13	3	10.5
"HiG_12"	"MYH7"	0.0869673499804799	"HiG"	0	0.874	15	4	7.18504633830208	0	0.115851960688435	4	0.00551676003278263	4	16	10.5
"HiG_12"	"PNISR"	0.0492610837438423	"HiG"	1	0.913	19	7.5	1	0	0.138091776933539	2.5	0.00657579890159711	3	19.5	10.5
"HiG_12"	"RBP4"	0.089531477313185	"HiG"	0	0.883	18	3	10.7827113610127	0	0.0701619753954933	6	0.00334104644740444	6	6	10.5
"HiG_12"	"RSPO2"	0.0108740315291957	"HiG"	2.32389783466074e-18	0.83	5	19	5	0	0.00174061012359546	19	8.28861963616885e-05	19	18	10.5
"HiG_12"	"SERPINA1"	0.0322207205162037	"HiG"	0	0.847	10	16	10.0222202626372	0	0.0195508376167234	15	0.000930992267463021	15	10	10.5
"HiG_12"	"SOST"	0.0329767187959592	"HiG"	0	0.816	1	15	7.82231879103046	0	0.014000431421	16	0.000666687210523808	16	15	10.5
"HiG_12"	"SPINK1"	0.0128299673702766	"HiG"	0	0.834	6	18	12.4990548595718	0	0.00413745728751004	18	0.000197021775595716	18	2	10.5
"HiG_12"	"TF"	0.039982947194404	"HiG"	0	0.869	12.5	12	10.7882441020119	0	0.0289773205855973	12	0.00137987240883796	12	5	10.5
"HiG_12"	"TTN"	0.111903655014389	"HiG"	0	0.878	16.5	1	5.48981534870968	0	0.141830946264609	1	0.006753854584029	1	17	10.5
"HiG_2"	"ABRACL"	0.000961448923815366	"HiG"	0.00559890230301009	0.429	125.5	230	58.8934678741879	0	0.0798728389986751	230	0.000331422568459233	230	218	120.5
"HiG_2"	"ACSL4"	0.00177878574402926	"HiG"	0.0211158642647437	0.283	68	193	76.1346872222899	0	0.327295073174694	195	0.00135807084304852	195	162	120.5
"HiG_2"	"ALDH3A2"	0.00176886819935191	"HiG"	0.024017806175029	0.292	76	194	72.5684848730187	0	0.349104952355672	191	0.00144856826703599	191	184	120.5
"HiG_2"	"ANP32A"	0.00200579923761617	"HiG"	0.0284601589644201	0.36	100.5	182	86.8110341054231	0	0.455774093535885	176	0.00189117881135222	176	83	120.5
"HiG_2"	"ANP32B"	0.00144109133364331	"HiG"	0.0209155404661124	0.404	115.5	205	80.7647997424444	0	0.270961870192862	201	0.00112432311283345	201	124	120.5
"HiG_2"	"ATP5MC1"	0.00451223759732806	"HiG"	0.21942860635457	0.813	221	86	80.6063898509177	0	1.65566649098034	75	0.00686998543975245	75	128	120.5
"HiG_2"	"ATP5MC3"	0.00556324749593433	"HiG"	0.288759032297754	0.757	197	61	81.3716418810546	0	2.07871044541032	56	0.00862535454527103	56	118	120.5
"HiG_2"	"ATP5MD"	0.00435536105961431	"HiG"	0.221720319948499	0.825	229	91	73.7717011046382	0	1.61174991360522	79	0.00668775897761502	79	173	120.5
"HiG_2"	"ATP5ME"	0.00795476558313567	"HiG"	0.538192171791422	0.841	233	25	77.2577593508761	0	3.26437337195424	20	0.0135451177259512	20	154	120.5
"HiG_2"	"ATP5MG"	0.00577588360066345	"HiG"	0.323716853506324	0.523	157	56	77.520928258167	0	2.12590914096902	53	0.00882119975505819	53	152	120.5
"HiG_2"	"ATP5PD"	0.00681973598780143	"HiG"	0.363767674835689	0.739	194	40	79.4803418222042	0	2.6102400599179	34	0.0108308716179166	34	134	120.5
"HiG_2"	"AURKA"	0.00351313392105434	"HiG"	0.0322298653603915	0.168	21	123	68.2181168054781	0	0.814977761553161	143	0.00338165046287619	143	198	120.5
"HiG_2"	"BNIP3"	0.00199947401477539	"HiG"	0.0372167962997446	0.277	63	183	83.5532739847314	0	0.43216878764031	179	0.00179323148398469	179	104	120.5
"HiG_2"	"BOLA3"	0.00150705290414424	"HiG"	0.0313781838690185	0.69	188	201	83.7008943705365	0	0.338324883684668	193	0.00140383769163763	193	103	120.5
"HiG_2"	"C12orf45"	0.000916988917467369	"HiG"	0.00839895024940452	0.575	170	231	91.8376256400192	0	0.111361730440339	225	0.000462081869047048	225	47	120.5
"HiG_2"	"C1QBP"	0.00481042401821269	"HiG"	0.157812812296817	0.44	129	81	96.4294021846961	0	1.57199465102487	82	0.00652279938184593	82	17	120.5
"HiG_2"	"C9orf78"	0.000883276733874562	"HiG"	0.00383493376080913	0.391	112	232	70.3320992645399	0	0.0753936868301623	231	0.000312836874813952	231	192	120.5
"HiG_2"	"CACYBP"	0.00274630666070462	"HiG"	0.0777195073715136	0.434	128	155	112.418828276061	0	0.795635697135349	147	0.00330139293417157	147	1	120.5
"HiG_2"	"CALM1"	0.00269854766511039	"HiG"	0.0437689319910533	0.225	44	157	84.3165080775593	0	0.671180937710072	154	0.0027849831440252	154	99	120.5
"HiG_2"	"CBR1"	0.00143868963978949	"HiG"	0.00847813547935847	0.253	54	206	62.1072448018146	0	0.1966536090889	211	0.000815990079207053	211	213	120.5
"HiG_2"	"CCDC58"	0.00130431054658701	"HiG"	0.0210501009710619	0.596	173	209	92.19685470338	0	0.257590652988143	204	0.00106884088376823	204	42	120.5
"HiG_2"	"CCNB1IP1"	0.000823549287049187	"HiG"	0.00186900021496135	0.389	109.5	234	58.2602080611933	0	0.0451513128748715	237	0.000187349845953824	237	221	120.5
"HiG_2"	"CCND1"	0.00521013876724866	"HiG"	0.0863125396624517	0.088	7.5	74	73.0585407451253	0	1.30573513874689	95	0.00541798812758044	95	181	120.5
"HiG_2"	"CCND2"	0.00161593350224679	"HiG"	0.0117612210701083	0.275	62	199	70.5371577577471	0	0.267442954699264	202	0.00110972180373139	202	191	120.5
"HiG_2"	"CCT3"	0.00701107556993961	"HiG"	0.210394352303186	0.352	99	35	94.3801501048074	0	2.33351000192283	42	0.00968261411586238	42	32	120.5
"HiG_2"	"CCT6A"	0.00607601558462405	"HiG"	0.177764803634732	0.327	90	50	95.4012594411147	0	2.00021550471996	61	0.00829964939717826	61	21	120.5
"HiG_2"	"CD9"	0.00235710667027629	"HiG"	0.0353911625052011	0.187	28	171	92.5226269245263	0	0.484005441813348	172	0.00200832133532509	172	40	120.5
"HiG_2"	"CEBPZ"	0.00386326558423687	"HiG"	0.0821512167366618	0.423	124	111	72.5466344518282	0	1.1481021517328	110	0.00476390934328964	110	185	120.5
"HiG_2"	"CENPF"	0.00362664026621207	"HiG"	0.0147711875640664	0.109	11	120	46.7880401430211	0	0.656194737809212	155	0.00272279974194694	155	227	120.5
"HiG_2"	"CENPU"	0.00217261239611418	"HiG"	0.0108648019218774	0.208	39	175	52.691250164753	0	0.393408759156072	186	0.00163240149027416	186	225	120.5
"HiG_2"	"CFL1"	0.00378687157711177	"HiG"	0.0872714928814424	0.193	32	116	87.6192506811868	0	1.0296043079209	123	0.00427221704531492	123	76	120.5
"HiG_2"	"CISD1"	0.00125797586245886	"HiG"	0.0239006720125219	0.537	160.5	214	71.4797364982806	0	0.235659685025764	206	0.000977841016704415	206	188	120.5
"HiG_2"	"CKB"	0.00184760484767126	"HiG"	0.0272208808802075	0.285	73	192	88.1639327617483	0	0.401057230070419	185	0.00166413788410962	185	70	120.5
"HiG_2"	"CKS1B"	0.0026413921611192	"HiG"	0.04252879770874	0.278	64	158	78.8608471089716	0	0.649129283460582	157	0.00269348250398582	157	137	120.5
"HiG_2"	"CKS2"	0.00393445408100547	"HiG"	0.0524616663523093	0.191	30.5	108	74.4381284646836	0	1.00280886023923	128	0.00416103261510055	128	170	120.5
"HiG_2"	"CLTA"	0.00118955741346372	"HiG"	0.027041851437187	0.42	121.5	217	93.28718894169	0	0.191511990458213	212	0.000794655562067275	212	36	120.5
"HiG_2"	"CMSS1"	0.00149114136646769	"HiG"	0.0241808910829631	0.495	146	203	75.2423681889976	0	0.316569523365893	196	0.00131356648699541	196	167	120.5
"HiG_2"	"CNTNAP2"	0.0011321836136725	"HiG"	0.00165291253347112	0.249	51	220	38.5571335305525	0	0.0907078423308449	228	0.00037638108850973	228	233	120.5
"HiG_2"	"COA6"	0.00214566033706138	"HiG"	0.0692642211493674	0.788	210	176	78.3558080554822	0	0.628576854291107	158	0.00260820271490086	158	141	120.5
"HiG_2"	"COX4I1"	0.00644751049708287	"HiG"	0.322455065170259	0.68	185.5	43	80.8739430987291	0	2.38769359640363	40	0.00990744230872876	40	123	120.5
"HiG_2"	"COX5A"	0.00582256360323244	"HiG"	0.295723596438658	0.776	203	53	78.0209587439655	0	2.22098036335983	47	0.00921568615502003	47	145	120.5
"HiG_2"	"COX5B"	0.00657836650406963	"HiG"	0.36436890234458	0.789	211	41	76.8932745202263	0	2.55148783443054	35	0.0105870864499193	35	158	120.5
"HiG_2"	"COX6A1"	0.00621173438139419	"HiG"	0.371206093692856	0.838	232	48	73.1432762752957	0	2.50627967061721	37	0.0103995007079552	37	180	120.5
"HiG_2"	"COX6B1"	0.00605760558242207	"HiG"	0.352028086459001	0.797	214	51	78.6121143754381	0	2.37872352835772	41	0.00987022210936813	41	140	120.5
"HiG_2"	"COX6C"	0.00622602175470146	"HiG"	0.377302572450637	0.826	230	47	77.7107596448927	0	2.45641958673977	38	0.0101926123931111	38	150	120.5
"HiG_2"	"COX7A2"	0.00720005000494326	"HiG"	0.405100970094948	0.812	220	32	75.8914055245069	0	2.85137078688617	27	0.0118314140534696	27	164	120.5
"HiG_2"	"COX7B"	0.00537102220627025	"HiG"	0.297249110082424	0.859	239	69	74.8724459527448	0	2.09852830106781	54	0.00870758631148467	54	169	120.5
"HiG_2"	"COX7C"	0.00791962917089587	"HiG"	0.601399945824041	0.817	224.5	26	82.8104093389711	0	3.24308576652474	21	0.0134567874129657	21	108	120.5
"HiG_2"	"COX8A"	0.00394265348882347	"HiG"	0.217910201897133	0.814	222	105	77.965674978808	0	1.46062938939712	88	0.00606070286056895	88	147	120.5
"HiG_2"	"CRABP1"	0.0013747521194803	"HiG"	0.00499040203078469	0.203	37	207	56.0267613709568	0	0.130666377684379	220	0.000542184139769206	220	222	120.5
"HiG_2"	"CYCS"	0.00698131532166526	"HiG"	0.222479619020103	0.26	57	36	78.6200644021536	0	2.27564497492352	44	0.00944251026939218	44	139	120.5
"HiG_2"	"DBI"	0.00208595082117127	"HiG"	0.0647972291718354	0.549	165	180	82.6243619435241	0	0.564876386034238	164	0.0023438854192292	164	112	120.5
"HiG_2"	"DDX21"	0.00750219657971832	"HiG"	0.214208182422212	0.36	100.5	29	78.001325062979	0	2.5116232259348	36	0.0104216731366589	36	146	120.5
"HiG_2"	"DKC1"	0.00494662535674753	"HiG"	0.16727709306465	0.496	147	78	82.0432890014881	0	1.63308869108929	77	0.00677630162277712	77	116	120.5
"HiG_2"	"DLGAP5"	0.00209629562690273	"HiG"	0.00965192942891239	0.258	56	179	59.2443978223492	0	0.380320251326261	187	0.00157809232915461	187	217	120.5
"HiG_2"	"DNAJC2"	0.00340620503985985	"HiG"	0.113483816870538	0.429	125.5	135	86.0821497130057	0	1.02053135388266	124	0.00423456993312307	124	89	120.5
"HiG_2"	"DPPA4"	0.00191307584996544	"HiG"	0.0066429717983953	0.154	17	188	39.7188969460437	0	0.24612278764273	205	0.00102125638026029	205	231	120.5
"HiG_2"	"DUT"	0.00186807686670759	"HiG"	0.0263508464105641	0.333	93	191	88.5767705282949	0	0.414422198136292	181	0.00171959418313814	181	66	120.5
"HiG_2"	"EBNA1BP2"	0.00365589301075276	"HiG"	0.110303921641486	0.508	150	119	79.5372608335417	0	1.13976509710619	113	0.00472931575562733	113	133	120.5
"HiG_2"	"EIF2S2"	0.00347972587491899	"HiG"	0.188717119558569	0.68	185.5	126	91.6329346304838	0	1.14790863769506	111	0.00476310638047741	111	49	120.5
"HiG_2"	"EIF3K"	0.00301615601561197	"HiG"	0.188000784740593	0.835	231	145	94.8768536852953	0	1.01707317776569	125	0.00422022065462942	125	25	120.5
"HiG_2"	"EIF4EBP1"	0.00246047559225681	"HiG"	0.0361008354812658	0.293	77	167	73.6068472233639	0	0.567294248673199	163	0.00235391804428713	163	174	120.5
"HiG_2"	"EIF5B"	0.00555955177243694	"HiG"	0.244400462280149	0.45	133.5	62	87.9576667571764	0	1.88032735409804	66	0.00780218819127818	66	72	120.5
"HiG_2"	"ENO1"	0.00739634984877893	"HiG"	0.160756026724225	0.102	10	30	79.6310838763794	0	2.23003102210519	46	0.00925324075562318	46	131	120.5
"HiG_2"	"ENY2"	0.00214044134924647	"HiG"	0.0884514450758708	0.727	191	177	87.2881355178147	0	0.599803302081019	162	0.00248881038207892	162	78	120.5
"HiG_2"	"EPCAM"	0.0025323159978264	"HiG"	0.0269707362856007	0.164	18.5	164	76.9771789441074	0	0.510151429090042	168	0.00211681090908731	168	156	120.5
"HiG_2"	"EPRS"	0.00929339399717759	"HiG"	0.441225655640556	0.351	98	15	85.0547962932362	0	3.26570378254905	19	0.0135506381018633	19	96	120.5
"HiG_2"	"ESF1"	0.00292955672099344	"HiG"	0.0509116839604907	0.476	141	148	67.4200278566396	0	0.830069572591206	142	0.00344427208544069	142	201	120.5
"HiG_2"	"FOXH1"	0.00283782414533593	"HiG"	0.00278261553974693	0.05	3	152	20.124521373637	0	0.314806454815968	198	0.00130625084985879	198	239	120.5
"HiG_2"	"FST"	0.0012668018991244	"HiG"	0.00617441105598036	0.282	66	213	64.9867977637017	0	0.143613503411982	218	0.000595906653161749	218	207	120.5
"HiG_2"	"GADD45GIP1"	0.00106685220242823	"HiG"	0.0195686623579976	0.657	182	226	82.424158246689	0	0.173149923733298	213	0.000718464413831112	213	115	120.5
"HiG_2"	"GAL"	0.000813760121352217	"HiG"	0.0027832054028801	0.401	114	235	68.3345346521323	0	0.0535438912514578	235	0.000222173822620157	235	196	120.5
"HiG_2"	"GAPDH"	0.0139862399449583	"HiG"	0.41744454102929	0.059	6	1	75.7470792528058	0	4.17130981485455	3	0.0173083394807243	3	165	120.5
"HiG_2"	"GARS"	0.00347329806959053	"HiG"	0.0604856719817121	0.324	87	128	68.5760764768611	0	0.9562850695737	132	0.00396798784055477	132	194	120.5
"HiG_2"	"GGCT"	0.000807318125025922	"HiG"	0.00788662657862598	0.447	132	236	101.332548861516	0	0.0663997626070538	233	0.000275517687166198	233	5	120.5
"HiG_2"	"GJA1"	0.002440610785227	"HiG"	0.0149184024341088	0.178	25	168	53.5203558443452	0	0.46488333288661	174	0.00192897648500668	174	224	120.5
"HiG_2"	"GMNN"	0.00196078838828417	"HiG"	0.016085617676691	0.254	55	184	66.0626693939921	0	0.377779942306613	188	0.00156755162782827	188	203	120.5
"HiG_2"	"GNL3"	0.00546492599175987	"HiG"	0.157456664612493	0.481	142.5	64	77.720301799006	0	1.81045520763761	69	0.00751226227235521	69	149	120.5
"HiG_2"	"GPATCH4"	0.00293256190219486	"HiG"	0.060205154096219	0.571	169	147	70.9002434155933	0	0.861289175706239	140	0.00357381400707983	140	189	120.5
"HiG_2"	"GRPEL1"	0.00236438091210706	"HiG"	0.0623789079817617	0.442	130.5	170	95.1134720932297	0	0.651322776598438	156	0.00270258413526323	156	24	120.5
"HiG_2"	"GSTO1"	0.0021229085895455	"HiG"	0.0342106601399298	0.314	84.5	178	81.5336059112231	0	0.484099014476828	171	0.00200870960363829	171	117	120.5
"HiG_2"	"GSTP1"	0.00484990950689211	"HiG"	0.103390671766045	0.139	14	80	82.6242420601213	0	1.27411253551422	101	0.00528677400628306	101	113	120.5
"HiG_2"	"GTF3A"	0.000840087449594612	"HiG"	0.00340278138987356	0.453	136	233	64.9679088161371	0	0.0613192221497424	234	0.000254436606430467	234	208	120.5
"HiG_2"	"GTPBP4"	0.00537461458229333	"HiG"	0.18468844232083	0.545	164	68	81.0355457370057	0	1.83085100099382	67	0.00759689212030632	67	121	120.5
"HiG_2"	"H2AFZ"	0.00568908790356798	"HiG"	0.107287443943888	0.166	20	57	82.6022567675843	0	1.60993088810522	80	0.00668021115396358	80	114	120.5
"HiG_2"	"HDDC2"	0.000771549742269795	"HiG"	0.00567052035675976	0.505	149	237	86.774338109779	0	0.0523132964735985	236	0.0002170676202224	236	84	120.5
"HiG_2"	"HINT1"	0.00420859161210013	"HiG"	0.289159142760101	0.778	204	94	91.512844176789	0	1.53568986434157	84	0.00637215711345051	84	50	120.5
"HiG_2"	"HIST1H1D"	0.00255194009272487	"HiG"	0.0263553185112484	0.284	71	163	42.5828254706702	0	0.541778340598694	166	0.00224804290704852	166	230	120.5
"HiG_2"	"HIST1H1E"	0.003463171606863	"HiG"	0.0971902323164307	0.274	61	129	64.3051125585611	0	0.91773795567101	134	0.00380804130983822	134	209	120.5
"HiG_2"	"HIST1H4C"	0.00398277210872406	"HiG"	0.0616844389735661	0.191	30.5	102	49.6521636323448	0	1.00264533496579	129	0.00416035408699498	129	226	120.5
"HiG_2"	"HMGA1"	0.00126796836045169	"HiG"	0.00959202341825494	0.283	68	212	83.2231064413584	0	0.147965647346088	216	0.000613965341685013	216	106	120.5
"HiG_2"	"HMGB3"	0.00190287192274904	"HiG"	0.0202090983731974	0.236	46	190	77.1302172813	0	0.366096089989614	190	0.00151907091281998	190	155	120.5
"HiG_2"	"HNRNPU"	0.00528669462946308	"HiG"	0.226847378568993	0.514	154	72	91.0084520218906	0	1.78797487946731	71	0.007418982902354	71	54	120.5
"HiG_2"	"HSP90AA1"	0.0108070240737868	"HiG"	0.325804927581535	0.199	36	5	88.4971367133789	0	3.59172739981254	15	0.0149034331942429	15	67	120.5
"HiG_2"	"HSP90AB1"	0.0121798763478549	"HiG"	0.344285366245507	0.194	33	3	90.7334440049595	0	4.05227023050276	6	0.016814399296692	6	55	120.5
"HiG_2"	"HSPA4"	0.00755213653689851	"HiG"	0.23816799663508	0.19	29	28	88.2082148711534	0	2.43844298369778	39	0.0101180206792439	39	69	120.5
"HiG_2"	"HSPA8"	0.0100447530852061	"HiG"	0.277232656169832	0.143	15	8	90.1935305166534	0	3.20731101919217	22	0.0133083444779758	22	59	120.5
"HiG_2"	"HSPA9"	0.0082454381956843	"HiG"	0.238757450311208	0.182	27	24	82.7495385243482	0	2.64364807568621	33	0.0109694940899843	33	109	120.5
"HiG_2"	"HSPD1"	0.00903273868018676	"HiG"	0.308198107612089	0.283	68	18	97.5981878634539	0	3.10629889347322	23	0.0128892070268599	23	11	120.5
"HiG_2"	"HSPE1"	0.0113519379010112	"HiG"	0.461238605707043	0.422	123	4	89.5679505123626	0	4.09597653466247	5	0.0169957532558609	5	62	120.5
"HiG_2"	"HSPH1"	0.00298523695204924	"HiG"	0.137780916270237	0.462	137	146	111.239332199586	0	0.919226628115523	133	0.00381421837392333	133	2	120.5
"HiG_2"	"IFITM1"	0.00106365615304703	"HiG"	0.00995809809486504	0.325	88.5	227	108.41913657258	0	0.109116313682949	227	0.000452764787066177	227	3	120.5
"HiG_2"	"JPT1"	0.00109395928252501	"HiG"	0.00423985612675582	0.365	104.5	223	65.2894975609687	0	0.111081803047969	226	0.000460920344597383	226	205	120.5
"HiG_2"	"KNOP1"	0.001183896803738	"HiG"	0.0178914969829892	0.537	160.5	218	76.2718438777158	0	0.205843693650458	210	0.000854123210167876	210	160	120.5
"HiG_2"	"L1TD1"	0.00419637204646229	"HiG"	0.136860294647646	0.121	12	95	85.1003999363904	0	1.13059082503101	116	0.00469124823664318	116	94	120.5
"HiG_2"	"LARS"	0.00339702607476942	"HiG"	0.0983566759163919	0.472	139.5	137	82.62532534859	0	1.01173494279231	126	0.00419807030204278	126	111	120.5
"HiG_2"	"LYAR"	0.00430440965380902	"HiG"	0.171492813405602	0.593	172	92	79.4269467801448	0	1.41802573857905	90	0.0058839242264691	90	135	120.5
"HiG_2"	"MAK16"	0.00415113151912141	"HiG"	0.139430313804304	0.543	162	96	73.4668490119547	0	1.32959568429858	94	0.00551699454065802	94	178	120.5
"HiG_2"	"MAP1B"	0.00224856320331826	"HiG"	0.0238348659741653	0.179	26	173	69.6342667261771	0	0.444381700083693	178	0.00184390746922694	178	193	120.5
"HiG_2"	"MCM4"	0.00222360590937143	"HiG"	0.0291859100195835	0.251	52	174	75.4031602638448	0	0.483767895079415	173	0.00200733566422994	173	166	120.5
"HiG_2"	"MGST1"	0.00132645907717095	"HiG"	0.0159196895864205	0.364	103	208	78.0476242093101	0	0.228947429919173	207	0.000949989335764205	207	143	120.5
"HiG_2"	"MIF"	0.00379190461789453	"HiG"	0.195870850370285	0.49	145	115	94.5120715049533	0	1.23746449631419	103	0.00513470745358584	103	31	120.5
"HiG_2"	"MIS18BP1"	0.00128834969566024	"HiG"	0.0025151796352745	0.34	94	211	44.6358942056231	0	0.154646798521832	215	0.000641687960671503	215	228	120.5
"HiG_2"	"MIXL1"	0.00351589186530318	"HiG"	0.00255844151899891	0.029	1	122	15.9139921295586	0	0.407938171046394	183	0.00169268950641657	183	240	120.5
"HiG_2"	"MRPS21"	0.00263267957639742	"HiG"	0.110047503385223	0.683	187	160	78.7421598737649	0	0.804714011668209	146	0.00333906228907971	146	138	120.5
"HiG_2"	"MRPS5"	0.00324055933438492	"HiG"	0.161431063727692	0.618	176	139	88.371308381132	0	1.04669018386185	119	0.00434311279610724	119	68	120.5
"HiG_2"	"MSH2"	0.00301661608789909	"HiG"	0.0357877911640858	0.211	41	144	74.9144249100397	0	0.733772972978395	151	0.00304470113269044	151	168	120.5
"HiG_2"	"MT-ATP6"	0.00543017605961869	"HiG"	0.255026275390768	0.823	227	65	62.8550837439465	0	2.14473250305176	50	0.00889930499191602	50	210	120.5
"HiG_2"	"MT-ATP8"	0.0039151744152042	"HiG"	0.169082401279913	0.899	240	109	58.370251622578	0	1.51567722976973	85	0.00628911713597399	85	219	120.5
"HiG_2"	"MT-CO2"	0.005335683859308	"HiG"	0.235972364941514	0.824	228	70	60.9715448217057	0	2.0902514056929	55	0.00867324234727344	55	215	120.5
"HiG_2"	"MT-CO3"	0.00688043817335354	"HiG"	0.311005035607128	0.857	238	39	65.0589517350187	0	2.8055949616525	29	0.0116414728699274	29	206	120.5
"HiG_2"	"MT-ND4"	0.00493191731800662	"HiG"	0.220208285200773	0.844	234	79	58.3430912093181	0	1.93184947896988	63	0.00801597294178372	63	220	120.5
"HiG_2"	"MTHFD2"	0.00252249088581072	"HiG"	0.0293484723675966	0.342	95	166	66.4750356040652	0	0.605169436072285	160	0.00251107649822525	160	202	120.5
"HiG_2"	"MYL12A"	0.0016744015789099	"HiG"	0.0133363780528561	0.314	84.5	198	62.5225233866916	0	0.312648093157014	199	0.00129729499235276	199	211	120.5
"HiG_2"	"NARS"	0.00286323756601818	"HiG"	0.0592089699780741	0.481	142.5	150	74.1531321299836	0	0.793342476426221	148	0.00329187749554449	148	172	120.5
"HiG_2"	"NCL"	0.00904597154381882	"HiG"	0.297088946101517	0.265	59	17	86.423130449082	0	3.07464089939852	24	0.0127578460555955	24	88	120.5
"HiG_2"	"NDUFA4"	0.00721183843067713	"HiG"	0.409843744936832	0.786	207	31	77.402844438923	0	2.83015351641576	28	0.0117433755867874	28	153	120.5
"HiG_2"	"NDUFAF4"	0.00174742379498702	"HiG"	0.0451193367708853	0.763	199	196	72.9058340537437	0	0.454606625427194	177	0.00188633454534105	177	182	120.5
"HiG_2"	"NDUFB4"	0.00461185084139137	"HiG"	0.263152381626355	0.846	235	84	76.765476094902	0	1.7617499801094	72	0.00731016589257014	72	159	120.5
"HiG_2"	"NDUFS5"	0.00537532610667814	"HiG"	0.307286388625866	0.8	216	67	76.9382887233251	0	2.04496710862387	59	0.00848534069968411	59	157	120.5
"HiG_2"	"NEFL"	0.00270708535505251	"HiG"	0.0136957750898809	0.088	7.5	156	61.0184515084046	0	0.339641486955819	192	0.00140930077575029	192	214	120.5
"HiG_2"	"NIFK"	0.00397779100511475	"HiG"	0.0998729027054374	0.513	152.5	103	73.5136009805284	0	1.23747658810748	102	0.00513475762700198	102	177	120.5
"HiG_2"	"NME1"	0.00518457135084203	"HiG"	0.159409680618824	0.329	91	75	87.2711796307021	0	1.65262587649557	76	0.0068573687821393	76	79	120.5
"HiG_2"	"NOC3L"	0.00403956629117887	"HiG"	0.128575076799107	0.472	139.5	100	74.1964302761875	0	1.27538813105824	100	0.0052920669338516	100	171	120.5
"HiG_2"	"NODAL"	0.00342820567472694	"HiG"	0.00503410983009945	0.048	2	134	24.9192265843844	0	0.408852104363946	182	0.00169648176084625	182	236	120.5
"HiG_2"	"NOLC1"	0.0049828530861053	"HiG"	0.114943253688247	0.322	86	77	80.666671941194	0	1.54277803831781	83	0.00640156862372535	83	125	120.5
"HiG_2"	"NOP10"	0.00347370042263665	"HiG"	0.16990762549868	0.7	190	127	87.8526369267498	0	1.1370271482349	114	0.00471795497192903	114	73	120.5
"HiG_2"	"NOP56"	0.00641547380947361	"HiG"	0.22719596229903	0.452	135	44	80.5855999495727	0	2.18469072647243	48	0.00906510674884826	48	129	120.5
"HiG_2"	"NOP58"	0.00634836622841501	"HiG"	0.238079854477091	0.45	133.5	46	80.9417107835561	0	2.14836844568087	49	0.00891439189079198	49	122	120.5
"HiG_2"	"NPM1"	0.00874072438613786	"HiG"	0.38160938438228	0.244	47	20	89.7125308349945	0	2.97840645432945	25	0.0123585330055164	25	61	120.5
"HiG_2"	"NPM3"	0.00149445742721074	"HiG"	0.0379947334240193	0.509	151	202	87.65128190544	0	0.315184265017305	197	0.00130781852704276	197	75	120.5
"HiG_2"	"NQO2"	0.000964009993990678	"HiG"	0.00539346729009066	0.345	96	229	77.6001290030826	0	0.0893602810776492	229	0.000370789548040038	229	151	120.5
"HiG_2"	"OAZ1"	0.00152993806614012	"HiG"	0.0478148830902522	0.408	119	200	91.0611792978308	0	0.331882628554614	194	0.00137710634255026	194	53	120.5
"HiG_2"	"OCIAD2"	0.000667900189766579	"HiG"	0.000440050650455726	0.488	144	240	44.5631447308488	0	0.00721114874287902	240	2.99217790160955e-05	240	229	120.5
"HiG_2"	"PA2G4"	0.00657439970363664	"HiG"	0.255985208984226	0.497	148	42	85.8121566581978	0	2.2632470263881	45	0.00939106649953569	45	91	120.5
"HiG_2"	"PABPC1"	0.00441117861634498	"HiG"	0.223898467223051	0.624	178	89	97.0039075020023	0	1.5041474837708	87	0.00624127586626887	87	15	120.5
"HiG_2"	"PAICS"	0.00320414187907806	"HiG"	0.0767290873679477	0.313	83	140	92.0242489660935	0	0.915865903944233	135	0.00380027346034951	135	45	120.5
"HiG_2"	"PAK1IP1"	0.00343356795211343	"HiG"	0.0645552859884734	0.544	163	132	68.4334884629298	0	1.03547257221177	122	0.00429656668967539	122	195	120.5
"HiG_2"	"PARP1"	0.00581181765930957	"HiG"	0.13569318270534	0.17	22.5	54	87.0831222597185	0	1.71482860217043	73	0.00711547137830054	73	82	120.5
"HiG_2"	"PCNA"	0.00287643749144129	"HiG"	0.0410889252759309	0.205	38	149	77.9344517916194	0	0.715027102127901	152	0.00296691743621536	152	148	120.5
"HiG_2"	"PDIA3"	0.0038471001848792	"HiG"	0.0934010303503161	0.195	34.5	113	92.5139907166623	0	1.03691970161732	121	0.00430257137600547	121	41	120.5
"HiG_2"	"PEBP1"	0.00350163648878034	"HiG"	0.121273090504376	0.404	115.5	125	89.0321442520007	0	1.08530412862178	117	0.00450333663328541	117	63	120.5
"HiG_2"	"PFDN2"	0.00340141849767878	"HiG"	0.0900883353224123	0.284	71	136	91.3461135722988	0	0.961529625633039	131	0.00398974948395452	131	52	120.5
"HiG_2"	"PFDN4"	0.00174970545389208	"HiG"	0.0387418564030486	0.406	118	195	87.6860602622605	0	0.402509362408278	184	0.00167016332949493	184	74	120.5
"HiG_2"	"PMAIP1"	0.00129509497553999	"HiG"	0.0135600821178215	0.325	88.5	210	87.9594308272478	0	0.207648959988298	209	0.000861613941860157	209	71	120.5
"HiG_2"	"POLR3G"	0.00115478122192357	"HiG"	0.00763036901755068	0.467	138	219	62.3487815214999	0	0.157466871633454	214	0.000653389508852508	214	212	120.5
"HiG_2"	"POMP"	0.00204742583338572	"HiG"	0.0525514468421497	0.755	196	181	86.5790774595792	0	0.555069477175628	165	0.00230319285135115	165	86	120.5
"HiG_2"	"POU5F1"	0.00312576053256328	"HiG"	0.0217204198174958	0.057	5	141	54.2913238196518	0	0.511835230851081	167	0.00212379763838623	167	223	120.5
"HiG_2"	"PPID"	0.00286089917259761	"HiG"	0.0784890930206794	0.291	75	151	101.900493056505	0	0.810124853561862	145	0.00336151391519445	145	4	120.5
"HiG_2"	"PPM1G"	0.00174332336369056	"HiG"	0.0232223569190554	0.312	82	197	82.7144778281467	0	0.3777306941739	189	0.00156734727872988	189	110	120.5
"HiG_2"	"PRDX1"	0.00710388698878858	"HiG"	0.215153785303999	0.245	48.5	34	90.488416254088	0	2.31325140231587	43	0.00959855353658038	43	57	120.5
"HiG_2"	"PSAT1"	0.00393676811413547	"HiG"	0.0601274002693069	0.212	42	107	72.8162079635202	0	1.04238652798249	120	0.00432525530283193	120	183	120.5
"HiG_2"	"PSMA4"	0.00412217511260437	"HiG"	0.113315637168154	0.42	121.5	98	89.7260358184514	0	1.28336639718081	97	0.00532517177253448	97	60	120.5
"HiG_2"	"PSMA7"	0.0039526333897968	"HiG"	0.121021469597017	0.39	111	104	94.6142505339095	0	1.21682846567887	105	0.00504908077045173	105	29	120.5
"HiG_2"	"PTMA"	0.00471917052408833	"HiG"	0.28508028518141	0.536	159	82	94.6771848335502	0	1.6041931169251	81	0.00665640297479294	81	28	120.5
"HiG_2"	"PTPRZ1"	0.00147871685856487	"HiG"	0.00240399090434147	0.173	24	204	39.1644206044567	0	0.130620192474535	221	0.000541992499894336	221	232	120.5
"HiG_2"	"PUM3"	0.00371181843403756	"HiG"	0.0765069340744258	0.553	166	118	70.721218623533	0	1.13588174447796	115	0.00471320225924463	115	190	120.5
"HiG_2"	"RAN"	0.00610825548494683	"HiG"	0.206126969666662	0.298	78	49	92.8659616547881	0	1.98466607198956	62	0.00823512892941724	62	37	120.5
"HiG_2"	"RANBP1"	0.00307359657365328	"HiG"	0.0959712292368419	0.397	113	142	94.0950293955059	0	0.911186231434293	136	0.0037808557320925	136	33	120.5
"HiG_2"	"RBBP8"	0.00195914396462327	"HiG"	0.0437642640953295	0.286	74	185	76.0290964953166	0	0.422401070746467	180	0.00175270153836708	180	163	120.5
"HiG_2"	"RBP1"	0.00112501943980712	"HiG"	0.00981266414717472	0.299	79	222	94.5190196011996	0	0.118543836229862	222	0.000491883137883246	222	30	120.5
"HiG_2"	"RPF2"	0.00541979842259056	"HiG"	0.130869563122927	0.384	107.5	66	71.6605100034335	0	1.70676590602017	74	0.00708201620755258	74	187	120.5
"HiG_2"	"RPL12"	0.00828219670964951	"HiG"	0.798680815262367	0.619	177	23	98.208297718461	0	3.28151165193264	18	0.0136162309208823	18	8	120.5
"HiG_2"	"RPL19"	0.00716242224291245	"HiG"	0.611624341890486	0.759	198	33	95.931257607574	0	2.77915871429719	30	0.0115317788974987	30	18	120.5
"HiG_2"	"RPL26"	0.0107199057427616	"HiG"	0.993284513477878	0.67	184	6	97.1086547293683	0	4.33089005542287	2	0.0179704981552816	2	13	120.5
"HiG_2"	"RPL27"	0.00946995852310966	"HiG"	0.875406072877024	0.779	205	12	95.2539866564777	0	3.84905653226174	11	0.0159711889305466	11	22	120.5
"HiG_2"	"RPL36"	0.00688099714464808	"HiG"	0.68372640303716	0.816	223	38	95.8907453093353	0	2.77757830004143	31	0.0115252211619976	31	19	120.5
"HiG_2"	"RPL38"	0.0091516825295671	"HiG"	0.913213891591345	0.817	224.5	16	95.8526585281865	0	3.7987374371095	12	0.0157623960046037	12	20	120.5
"HiG_2"	"RPLP1"	0.00942057309036246	"HiG"	0.937157485598859	0.796	213	14	97.9683966980576	0	3.86973737708011	10	0.0160570015646478	10	10	120.5
"HiG_2"	"RPLP2"	0.00891298915358391	"HiG"	0.893830366046751	0.794	212	19	98.5795365655736	0	3.6200593811262	14	0.0150209932826813	14	7	120.5
"HiG_2"	"RPS12"	0.00975191030514056	"HiG"	0.944955533192894	0.804	218	10	98.1199752664309	0	4.00834947917299	8	0.0166321555152406	8	9	120.5
"HiG_2"	"RPS15"	0.00997627084867084	"HiG"	0.900370820312258	0.798	215	9	94.7016626620692	0	4.04909690680883	7	0.0168012319784599	7	27	120.5
"HiG_2"	"RPS16"	0.0101151170299198	"HiG"	0.887547314266386	0.786	207	7	93.6994181004855	0	4.10039398941849	4	0.0170140829436452	4	34	120.5
"HiG_2"	"RPS17"	0.00971633847432027	"HiG"	0.940423592648942	0.787	209	11	96.6471324428421	0	3.97846212101474	9	0.016508141580974	9	16	120.5
"HiG_2"	"RPS21"	0.00834344549212635	"HiG"	0.80099889321389	0.81	219	22	95.1781818932333	0	3.39737403054813	16	0.0140969876786229	16	23	120.5
"HiG_2"	"RPS27A"	0.0124478228947328	"HiG"	1	0.616	175	2	91.3583248354036	0	4.84337739978191	1	0.0200970016588461	1	51	120.5
"HiG_2"	"RPS6"	0.00945252088256717	"HiG"	0.686961105427222	0.694	189	13	90.5803145691795	0	3.6310850435996	13	0.0150667429195004	13	56	120.5
"HiG_2"	"RPS7"	0.00846518429634337	"HiG"	0.731742883841301	0.771	202	21	97.0472588162158	0	3.36895043701399	17	0.0139790474564896	17	14	120.5
"HiG_2"	"RSL1D1"	0.00556649454580722	"HiG"	0.19806069470021	0.56	167	60	78.0327060295655	0	1.89524736532131	64	0.0078640969515407	64	144	120.5
"HiG_2"	"RUVBL1"	0.00409201887064498	"HiG"	0.105774833955904	0.233	45	99	92.6066484259898	0	1.20878222028176	106	0.00501569386009029	106	39	120.5
"HiG_2"	"SARS"	0.0023894505575775	"HiG"	0.0371637176334073	0.442	130.5	169	65.7263927325086	0	0.603418005068238	161	0.00250380914966074	161	204	120.5
"HiG_2"	"SCG3"	0.000683429085228104	"HiG"	4.8078822890463e-05	0.389	109.5	239	28.7470409257977	0	0.00893355957180613	239	3.7068711916208e-05	239	235	120.5
"HiG_2"	"SEM1"	0.00192984183392654	"HiG"	0.0716125210333652	0.592	171	187	81.3397152128911	0	0.492200423654372	170	0.00204232540935424	170	119	120.5
"HiG_2"	"SERBP1"	0.00424088049967266	"HiG"	0.199939223157708	0.628	179	93	94.830231010678	0	1.42434083546346	89	0.00591012794798117	89	26	120.5
"HiG_2"	"SET"	0.0027827292662272	"HiG"	0.071926955684665	0.419	120	153	92.6193167146553	0	0.78594050346624	150	0.00326116391479767	150	38	120.5
"HiG_2"	"SFRP2"	0.00112937471872437	"HiG"	0.00115658712034941	0.269	60	221	34.1566635231294	0	0.0744510982355808	232	0.000308925718819837	232	234	120.5
"HiG_2"	"SHMT2"	0.00344510376088813	"HiG"	0.0494499884576204	0.248	50	131	72.3956885141354	0	0.901021497101458	137	0.00373867841120937	137	186	120.5
"HiG_2"	"SLC25A5"	0.00275345638962246	"HiG"	0.0803072814728513	0.368	106	154	93.3872700634467	0	0.790511147230829	149	0.0032801292416217	149	35	120.5
"HiG_2"	"SLC3A2"	0.00262379665056493	"HiG"	0.0306054220489997	0.284	71	162	67.6293951648512	0	0.616348601000125	159	0.00255746307468932	159	200	120.5
"HiG_2"	"SLIRP"	0.00761680416731447	"HiG"	0.384095259406242	0.745	195	27	79.5627954488997	0	2.8963094579713	26	0.0120178815683456	26	132	120.5
"HiG_2"	"SNRPD1"	0.00383006701885986	"HiG"	0.13897679545321	0.65	181	114	91.6726771694437	0	1.23103858945273	104	0.00510804393963786	104	48	120.5
"HiG_2"	"SNRPD2"	0.00529718703156446	"HiG"	0.283083009300264	0.734	192	71	88.8717579391723	0	1.89196198319581	65	0.00785046466056351	65	65	120.5
"HiG_2"	"SNRPE"	0.00546907712151344	"HiG"	0.231207053631405	0.522	156	63	87.400280189974	0	1.8293083447726	68	0.00759049105714771	68	77	120.5
"HiG_2"	"SNRPF"	0.00602383636744641	"HiG"	0.264111406043867	0.513	152.5	52	85.0943571464479	0	2.04777373524455	58	0.00849698645329689	58	95	120.5
"HiG_2"	"SNRPG"	0.00581011441025828	"HiG"	0.304669975528967	0.66	183	55	84.1575477114119	0	2.07069764464203	57	0.00859210640930302	57	100	120.5
"HiG_2"	"SOD1"	0.00386197239428661	"HiG"	0.102660626312682	0.252	53	112	87.2216928565814	0	1.15117507890032	108	0.00477666007842455	108	80	120.5
"HiG_2"	"SPART"	0.00107485734370482	"HiG"	0.00860944365556429	0.365	104.5	225	68.2934860108234	0	0.114630051705029	224	0.000475643368070662	224	197	120.5
"HiG_2"	"SSB"	0.00506336294128977	"HiG"	0.14472089139699	0.405	117	76	84.5022168745543	0	1.62178306621312	78	0.006729390316237	78	98	120.5
"HiG_2"	"SSBP1"	0.00446244571884804	"HiG"	0.124169320512572	0.331	92	88	86.506107422363	0	1.37598431096194	92	0.00570947846872173	92	87	120.5
"HiG_2"	"SUPT16H"	0.00305115100064326	"HiG"	0.0607582902130451	0.363	102	143	83.7167972650068	0	0.854410799250993	141	0.00354527302593773	141	102	120.5
"HiG_2"	"TAF1D"	0.00100107938120838	"HiG"	0.0122188030939482	0.525	158	228	90.4033243749182	0	0.144539583488801	217	0.00059974930908216	217	58	120.5
"HiG_2"	"TARS"	0.00350561152640407	"HiG"	0.0819136445167092	0.35	97	124	78.131965311815	0	1.00695578474207	127	0.00417823977071398	127	142	120.5
"HiG_2"	"TBCA"	0.00346162611136122	"HiG"	0.154897729083435	0.736	193	130	84.1051250714827	0	1.14367349618123	112	0.00474553317917525	112	101	120.5
"HiG_2"	"TBXT"	0.00252621347244635	"HiG"	0.00364025275472575	0.053	4	165	24.1365123528333	0	0.275433629841915	200	0.00114287813212413	200	237	120.5
"HiG_2"	"TDGF1"	0.00234017819514803	"HiG"	0.0035145219144832	0.095	9	172	23.6417931176009	0	0.267159757332309	203	0.00110854671092244	203	238	120.5
"HiG_2"	"TIMM13"	0.00262508723843478	"HiG"	0.105073522997837	0.786	207	161	86.7739030854266	0	0.814403876695703	144	0.00337926919790748	144	85	120.5
"HiG_2"	"TMA7"	0.00371219367752065	"HiG"	0.254651478524065	0.855	237	117	83.2959538033277	0	1.36065105722876	93	0.00564585500924796	93	105	120.5
"HiG_2"	"TMSB4X"	0.00193873020485103	"HiG"	0.0893822115265807	0.303	80	186	83.1426753235251	0	0.463769283988463	175	0.0019243538754708	175	107	120.5
"HiG_2"	"TOMM7"	0.00694080754853251	"HiG"	0.474600469767145	0.765	200	37	84.6807355950058	0	2.70341053142793	32	0.0112174710847632	32	97	120.5
"HiG_2"	"TPM3"	0.00264024577212939	"HiG"	0.0447219379340264	0.306	81	159	85.3295901078893	0	0.674909574286783	153	0.00280045466509039	153	93	120.5
"HiG_2"	"TRMT112"	0.00339693151804125	"HiG"	0.228824930052175	0.802	217	138	92.173884117502	0	1.17592634773544	107	0.00487936243873625	107	43	120.5
"HiG_2"	"TSTD1"	0.00123557020503021	"HiG"	0.0216998606405616	0.28	65	215	92.0096139881254	0	0.115432082655747	223	0.000478971297326753	223	46	120.5
"HiG_2"	"TTC1"	0.0012295448074682	"HiG"	0.0190191827047055	0.432	127	216	101.016193656471	0	0.21387711156757	208	0.000887456894471245	208	6	120.5
"HiG_2"	"TUBA1B"	0.00435754387812513	"HiG"	0.115909489158279	0.21	40	90	88.9409235201385	0	1.28154067442773	98	0.00531759615945117	98	64	120.5
"HiG_2"	"TUBA1C"	0.00454727163347586	"HiG"	0.0888843346401522	0.17	22.5	85	81.0774036160818	0	1.27706802325119	99	0.0052990374408763	99	120	120.5
"HiG_2"	"TUBB2A"	0.00413335186662413	"HiG"	0.0618579574083198	0.164	18.5	97	73.6031540490621	0	1.08400913768963	118	0.00449796322692793	118	175	120.5
"HiG_2"	"TUBB2B"	0.00451025423873825	"HiG"	0.0552331211240393	0.152	16	87	73.1543213623532	0	1.14815213426771	109	0.00476411673970006	109	179	120.5
"HiG_2"	"TXLNG"	0.000707739690157234	"HiG"	0.00116881208767215	0.516	155	238	60.9592528043955	0	0.0295401172987669	238	0.000122573100824759	238	216	120.5
"HiG_2"	"TXN"	0.00636927199853599	"HiG"	0.19477377817198	0.195	34.5	45	86.0136160894538	0	2.00127345556288	60	0.00830403923470074	60	90	120.5
"HiG_2"	"TXNDC17"	0.00191132921733368	"HiG"	0.051323874368257	0.604	174	189	80.2931870622476	0	0.497718678203085	169	0.00206522273113313	169	130	120.5
"HiG_2"	"UBE2C"	0.00361271606945614	"HiG"	0.0370872850748839	0.217	43	121	68.1289134624064	0	0.880577937676914	139	0.00365385036380462	139	199	120.5
"HiG_2"	"UCHL1"	0.00386340158006157	"HiG"	0.0598478155490521	0.125	13	110	80.641023953828	0	0.883510976461564	138	0.00366602064921811	138	126	120.5
"HiG_2"	"UQCR11"	0.00402058693469252	"HiG"	0.214832235791606	0.849	236	101	73.5521947314882	0	1.51293747951798	86	0.00627774887766798	86	176	120.5
"HiG_2"	"UQCRH"	0.00556922909921923	"HiG"	0.314694686242615	0.822	226	59	79.2619994733389	0	2.13517065973104	51	0.00885962929348981	51	136	120.5
"HiG_2"	"UQCRQ"	0.00559420537654997	"HiG"	0.29562068629255	0.77	201	58	76.1392154215795	0	2.1290530329321	52	0.00883424494992572	52	161	120.5
"HiG_2"	"VAMP8"	0.00108620875035512	"HiG"	0.00973338395137322	0.384	107.5	224	85.5871253726149	0	0.136835135860033	219	0.00056778064672213	219	92	120.5
"HiG_2"	"WDR43"	0.00393784626406682	"HiG"	0.154902348755677	0.642	180	106	80.630406714995	0	1.30240966081941	96	0.00540418946398097	96	127	120.5
"HiG_2"	"XRCC5"	0.00463711091970295	"HiG"	0.105994196894685	0.245	48.5	83	87.1764043245077	0	1.37957416017149	91	0.00572437410859537	91	81	120.5
"HiG_2"	"YBX1"	0.00523381377069014	"HiG"	0.259144345809245	0.568	168	73	97.3191799324006	0	1.80754142402272	70	0.00750017188391171	70	12	120.5
"HiG_2"	"YWHAB"	0.00343295345598645	"HiG"	0.0820302963833604	0.263	58	133	92.0605547640029	0	0.981884901569257	130	0.00407421120983094	130	44	120.5
"HiG_4"	"ANP32B"	0.00185307996220477	"HiG"	0.00678409593557529	0.909	45	96	64.7257467316007	0	0.126087827594759	89	0.00122415366596854	89	23	51.5
"HiG_4"	"APLNR"	0.00630159850907652	"HiG"	0.00217828164102458	0	8.5	72	18.9244107020128	0	0.224365853543967	83	0.00217830925770842	83	90	51.5
"HiG_4"	"APOC1"	0.00150525109882905	"HiG"	0.00036654498189435	0.957	51	102	93	0	0.00926182552748977	102	8.99206361892211e-05	102	1	51.5
"HiG_4"	"BMP4"	0.0191281825373958	"HiG"	0.00307258268744041	0	8.5	2	13.1559249155474	0	0.868878233496021	65	0.00843571100481573	65	96	51.5
"HiG_4"	"BNIP3"	0.00569394978675915	"HiG"	0.017754207080327	0.054	26	73	57.326757674143	0	0.954566473918463	64	0.00926763566911129	64	74	51.5
"HiG_4"	"CAMLG"	0.00159303731374894	"HiG"	0.00120809927193515	0.953	50	100	34.1476272261165	0	0.0315875584729736	98	0.000306675324980326	98	82	51.5
"HiG_4"	"CCNI"	0.00163889532965082	"HiG"	0.00250714531486462	0.935	47	98	68.399297404786	0	0.0594513742415783	94	0.000577197808170663	94	3	51.5
"HiG_4"	"CDH11"	0.00998283117066081	"HiG"	0.000513712871842065	0	8.5	52	15.254842906506	0	0.339877203120402	78	0.00329977867107186	78	93	51.5
"HiG_4"	"CER1"	0.00992558398529922	"HiG"	0.000571555659770469	0	8.5	53	13.9991891114661	0	0.415038139997348	70	0.00402949650482862	70	95	51.5
"HiG_4"	"COL13A1"	0.00307277234372126	"HiG"	1.34876349485198e-05	0.09	27	89	6.57235831673955	0	0.0416266619752968	95	0.000404142349274726	95	102	51.5
"HiG_4"	"COLEC12"	0.00265177809910477	"HiG"	2.23400381467148e-06	0.28	33	90	8.40855003164177	0	0.0365735909375402	97	0.000355083407160585	97	100	51.5
"HiG_4"	"CRABP2"	0.00362153998919842	"HiG"	0.000489229033123977	0.043	24	83	23.3715824042442	0	0.13650049586726	88	0.00132524753269184	88	87	51.5
"HiG_4"	"DNAJC15"	0.00252247937155439	"HiG"	0.00570851136590879	0.281	34	92	55.3255336385664	0	0.0706346645435866	92	0.000685773442170744	92	77	51.5
"HiG_4"	"EEF2"	0.00896603409553497	"HiG"	0.319686463109057	0.381	36	60	64.1080602417685	0	3.39826425567466	55	0.0329928568512103	55	52	51.5
"HiG_4"	"ENO1"	0.0105134840367078	"HiG"	0.0945135475782206	0.001	18	50	57.6135559617993	0	2.46182820943688	57	0.0239012447518144	57	73	51.5
"HiG_4"	"FBN2"	0.00331937785937243	"HiG"	0.000177845769018331	0.049	25	87	21.5293670020605	0	0.0619381583929503	93	0.000601341343620877	93	88	51.5
"HiG_4"	"FERMT2"	0.0017282411737122	"HiG"	0.000507009987508815	0.941	49	97	38.5793357025646	0	0.038204305594758	96	0.000370915588298622	96	80	51.5
"HiG_4"	"FTH1"	0.00253029389429935	"HiG"	0.0591456297503027	0.939	48	91	68.0448685836903	0	0.543296238860201	69	0.00527472076563302	69	4	51.5
"HiG_4"	"GAPDH"	0.020370240248435	"HiG"	0.268943020790156	0	8.5	1	55.9413406775875	0	4.1145340131607	52	0.0399469321666088	52	76	51.5
"HiG_4"	"H2AFY2"	0.00187509910212812	"HiG"	0.00648410714242598	0.898	44	94	57.7240419029376	0	0.107115523414131	90	0.00103995653800127	90	72	51.5
"HiG_4"	"HAND1"	0.00435416982603784	"HiG"	0.000483201576712328	0.001	18	79	24.8055499436167	0	0.172495923167828	85	0.00167471770065853	85	85	51.5
"HiG_4"	"HAPLN1"	0.00670133194465076	"HiG"	0.00056783026166908	0	8.5	71	18.234415774033	0	0.265618666114999	81	0.00257882200111649	81	92	51.5
"HiG_4"	"HAS2"	0.00848610672998313	"HiG"	0.00358966550553094	0	8.5	63	24.0587995158973	0	0.404714096180737	73	0.00392926306971589	73	86	51.5
"HiG_4"	"HIST1H1D"	0.00382178756408159	"HiG"	0.0129729558013257	0.15	29	82	33.9912665091571	0	0.34797550273254	77	0.00337840293915087	77	83	51.5
"HiG_4"	"HIST1H4C"	0.00410247732799828	"HiG"	0.0159227715673439	0.099	28	80	35.0759186454938	0	0.408388712976506	71	0.00396493896093695	71	81	51.5
"HiG_4"	"HNRNPA1"	0.00537415557296244	"HiG"	0.12205852661217	0.201	32	75	64.5873350726483	0	1.60582279149571	63	0.0155905125387933	63	29	51.5
"HiG_4"	"HSP90AB1"	0.00783214373603338	"HiG"	0.124296790957373	0.003	20	68	59.248670475953	0	1.99611702711013	60	0.0193797769622343	60	70	51.5
"HiG_4"	"HSP90B1"	0.00382769076625083	"HiG"	0.0560875945815934	0.153	30	81	62.2702981725951	0	0.736237162113596	67	0.00714793361275336	67	65	51.5
"HiG_4"	"IRX3"	0.00466036077511448	"HiG"	1.94395020695448e-05	0	8.5	78	9.94741535879008	0	0.147468554872086	87	0.00143173354244744	87	99	51.5
"HiG_4"	"KRT19"	0.00563236546613817	"HiG"	0.00816225692394906	0.001	18	74	46.6624365893315	0	0.397407923583044	74	0.00385832935517519	74	78	51.5
"HiG_4"	"LAPTM4B"	0.00185807511968272	"HiG"	0.000342908971291693	0.796	41	95	46.4009725874078	0	0.0201560339420638	100	0.00019568964992295	100	79	51.5
"HiG_4"	"LDHA"	0.00829225950499342	"HiG"	0.0551154023330798	0.008	21	64	59.764935246773	0	1.9066562797453	61	0.0185112260169446	61	69	51.5
"HiG_4"	"LHX1"	0.00936957471348287	"HiG"	0.0012423004969836	0	8.5	57	14.2766730173647	0	0.385285550112562	75	0.00374063640885983	75	94	51.5
"HiG_4"	"MIXL1"	0.0090223499034479	"HiG"	0.000748908929375069	0	8.5	59	12.878373536984	0	0.366638031814266	76	0.00355959254188607	76	97	51.5
"HiG_4"	"MSX1"	0.00802618050602622	"HiG"	0.000835797886114963	0	8.5	67	20.6347951962061	0	0.329606226524348	79	0.0032000604516927	79	89	51.5
"HiG_4"	"NAP1L1"	0.00334213077462108	"HiG"	0.0634288461650177	0.416	37	85	62.8492025132763	0	0.725231796219054	68	0.00704108540018499	68	64	51.5
"HiG_4"	"NPM1"	0.00888617575533424	"HiG"	0.383754365601824	0.844	43	61	64.7720924480014	0	3.68920639390084	54	0.0358175378048625	54	17	51.5
"HiG_4"	"NTS"	0.00531107344196031	"HiG"	0.000168234237777534	0	8.5	76	6.78995309686928	0	0.156559675278387	86	0.00151999684736298	86	101	51.5
"HiG_4"	"PABPC1"	0.00752431664452841	"HiG"	0.279709923032684	0.675	38	69	63.8692601816721	0	2.91954592127002	56	0.0283451060317477	56	59	51.5
"HiG_4"	"PGK1"	0.010127289064706	"HiG"	0.0835030119274424	0	8.5	51	56.3193824497668	0	2.32314325833586	58	0.0225547889158821	58	75	51.5
"HiG_4"	"PKM"	0.00804106706694669	"HiG"	0.11070603305493	0.029	22.5	66	60.6917003171921	0	2.21900944290287	59	0.021543780999057	59	66	51.5
"HiG_4"	"PRTG"	0.0015943342321497	"HiG"	0.00100666677994131	0.929	46	99	91.4320925838587	0	0.0258974789765319	99	0.000251431834723611	99	2	51.5
"HiG_4"	"RBMX"	0.00329889952501931	"HiG"	0.0647470509341449	0.752	39	88	66.2244466906275	0	0.830428899789637	66	0.00806241650281201	66	5	51.5
"HiG_4"	"RPL11"	0.0135238129877373	"HiG"	0.688362666864557	0.999	90.5	31	64.7366632402359	0	6.65723320174798	33	0.0646333320558057	33	21	51.5
"HiG_4"	"RPL12"	0.0146498113930765	"HiG"	0.787914428693233	0.998	83	20	64.5632272504839	0	7.36548790953988	16	0.0715095913547561	16	32	51.5
"HiG_4"	"RPL13"	0.0154128744464906	"HiG"	0.861939596397163	0.994	62.5	16	65.1773917325918	0	7.95604838627858	13	0.0772431882162969	13	7	51.5
"HiG_4"	"RPL13A"	0.0170826678799082	"HiG"	0.92539466968694	0.995	65.5	4	64.5279028310854	0	8.65952915800953	3	0.0840730986214518	3	36	51.5
"HiG_4"	"RPL19"	0.0112133209907209	"HiG"	0.57932550796812	0.996	69.5	46	64.9565512142639	0	5.46166501790093	44	0.0530258739602032	44	10	51.5
"HiG_4"	"RPL23"	0.0117534255340906	"HiG"	0.610505795411685	1	98.5	45	64.2357001565554	0	5.84323519960228	42	0.0567304388310901	42	47	51.5
"HiG_4"	"RPL23A"	0.0135890942642765	"HiG"	0.76518348054475	0.998	83	30	64.7627891674148	0	6.95824172753632	25	0.067555744927537	25	19	51.5
"HiG_4"	"RPL26"	0.0158375582854226	"HiG"	0.898009665698612	0.995	65.5	12	64.728319097319	0	8.26877685615353	6	0.0802793869529469	6	22	51.5
"HiG_4"	"RPL27"	0.0117772367281048	"HiG"	0.626255046740163	0.996	69.5	43	64.2458407149397	0	5.86303167935145	41	0.0569226376636063	41	46	51.5
"HiG_4"	"RPL27A"	0.0126529530276945	"HiG"	0.685280122891024	1	98.5	38	64.9491437316467	0	6.38180642397725	36	0.061959285669682	36	11	51.5
"HiG_4"	"RPL28"	0.00982764624603034	"HiG"	0.533638851343729	1	98.5	54	64.6387979987687	0	4.88139224199962	47	0.0473921576893167	47	26	51.5
"HiG_4"	"RPL3"	0.0141648009140432	"HiG"	0.759464728000201	0.978	54	24	65.1873210714014	0	6.92438388417773	26	0.0672270280017255	26	6	51.5
"HiG_4"	"RPL30"	0.0110355557767047	"HiG"	0.558858988624065	0.998	83	48	64.8635575022266	0	5.37298746032077	45	0.0521649267992307	45	13	51.5
"HiG_4"	"RPL31"	0.0156046181226911	"HiG"	0.851441390923115	0.997	75.5	14	64.4964945759436	0	8.00297213681608	11	0.0776987586098648	11	37	51.5
"HiG_4"	"RPL32"	0.0137446579941705	"HiG"	0.74186868713477	0.995	65.5	28	64.7375621923882	0	6.91737166699692	27	0.0671589482232711	27	20	51.5
"HiG_4"	"RPL34"	0.0121188379103278	"HiG"	0.669184590638761	1	98.5	42	64.5315737914138	0	6.20674412618535	39	0.0602596517105374	39	35	51.5
"HiG_4"	"RPL35A"	0.0136437270013788	"HiG"	0.747847182454474	1	98.5	29	64.6229302972099	0	7.00335548364359	24	0.0679937425596465	24	27	51.5
"HiG_4"	"RPL36"	0.00939466088583571	"HiG"	0.509937559372338	0.998	83	56	64.1836980374726	0	4.63791571831798	48	0.0450283079448348	48	49	51.5
"HiG_4"	"RPL37"	0.0140431320112775	"HiG"	0.802739811824085	0.997	75.5	27	64.4524667713767	0	7.36241153357249	18	0.0714797236269174	18	40	51.5
"HiG_4"	"RPL37A"	0.0141586488912244	"HiG"	0.788233390865244	1	98.5	25	64.4837140446109	0	7.36196366226402	19	0.0714753753617866	19	39	51.5
"HiG_4"	"RPL38"	0.0128211602140397	"HiG"	0.722541444004815	0.999	90.5	37	64.1136373015055	0	6.60674868962037	34	0.0641431911613629	34	50	51.5
"HiG_4"	"RPL39"	0.0082093206386365	"HiG"	0.435758421066259	0.998	83	65	64.0630258400394	0	3.94226591417797	53	0.0382744263512424	53	54	51.5
"HiG_4"	"RPL5"	0.0110833909498889	"HiG"	0.53314363025471	0.986	56	47	63.7170756378224	0	5.18060062966368	46	0.0502970934918804	46	62	51.5
"HiG_4"	"RPL7A"	0.0117692915938608	"HiG"	0.593174492113063	0.994	62.5	44	64.7020410569913	0	5.69194542171997	43	0.0552616060361162	43	24	51.5
"HiG_4"	"RPLP0"	0.0162074266144877	"HiG"	0.734981216859646	0.822	42	10	64.2230485388988	0	7.36255426350649	17	0.071481109354432	17	48	51.5
"HiG_4"	"RPLP1"	0.0162978470429539	"HiG"	0.908155243158973	0.999	90.5	8	64.5698326016738	0	8.44631153274675	4	0.0820030245897743	4	31	51.5
"HiG_4"	"RPLP2"	0.014243345626063	"HiG"	0.768177437705593	0.997	75.5	22	64.3038541570476	0	7.13440604667023	22	0.069266078123012	22	42	51.5
"HiG_4"	"RPS11"	0.00930008431852533	"HiG"	0.450261834163362	0.996	69.5	58	64.8828794886244	0	4.34733219195191	50	0.0422071086597273	50	12	51.5
"HiG_4"	"RPS12"	0.0156586757860004	"HiG"	0.849741006461442	0.993	61	13	64.5502209116242	0	7.98563616255967	12	0.0775304481801909	12	34	51.5
"HiG_4"	"RPS13"	0.0160093858666122	"HiG"	0.872417252402079	0.995	65.5	11	64.3007953737956	0	8.14328354248669	8	0.0790610052668611	8	43	51.5
"HiG_4"	"RPS14"	0.012610229123872	"HiG"	0.667865810042054	0.998	83	39	64.8467628977169	0	6.27995149302907	37	0.0609704028449425	37	15	51.5
"HiG_4"	"RPS15"	0.0134961667257533	"HiG"	0.754499137363517	0.999	90.5	32	64.7706706704398	0	6.85444461731247	28	0.0665480059933249	28	18	51.5
"HiG_4"	"RPS15A"	0.016675009822482	"HiG"	0.947463721283927	0.997	75.5	5	64.2805799826505	0	8.6862056869483	2	0.0843320940480418	2	44	51.5
"HiG_4"	"RPS16"	0.0141052965883609	"HiG"	0.762981098856661	0.997	75.5	26	64.6007096583833	0	7.1867159846793	21	0.0697739415988281	21	28	51.5
"HiG_4"	"RPS17"	0.0155401420774891	"HiG"	0.883173362717265	0.999	90.5	15	64.3983451032068	0	8.04526338293588	10	0.0781093532323872	10	41	51.5
"HiG_4"	"RPS18"	0.0180178206880922	"HiG"	1	0.992	60	3	64.5596329420965	0	9.23236274770512	1	0.0896345897835449	1	33	51.5
"HiG_4"	"RPS19"	0.0148264193556545	"HiG"	0.813216815696695	0.997	75.5	18	64.8497072444842	0	7.58712887784307	15	0.0736614454159521	15	14	51.5
"HiG_4"	"RPS2"	0.0124095518396848	"HiG"	0.667923661419234	1	98.5	40	64.2660356131316	0	6.1957013618392	40	0.0601524404062059	40	45	51.5
"HiG_4"	"RPS20"	0.0165827712694202	"HiG"	0.868616110526571	0.987	57.5	6	63.9424042456607	0	8.197164160445	7	0.0795841180625728	7	58	51.5
"HiG_4"	"RPS21"	0.0123473895167234	"HiG"	0.677394448227913	0.997	75.5	41	64.1121771549201	0	6.23694800795161	38	0.0605528932810836	38	51	51.5
"HiG_4"	"RPS23"	0.0162869714281193	"HiG"	0.904939000524176	0.997	75.5	9	64.5771615384732	0	8.40732347240954	5	0.0816244997321314	5	30	51.5
"HiG_4"	"RPS24"	0.013455963945431	"HiG"	0.722998608512465	0.999	90.5	33	64.0500013645504	0	6.80172849032583	29	0.0660361989352022	29	55	51.5
"HiG_4"	"RPS25"	0.0149052708620237	"HiG"	0.869843330406823	1	98.5	17	64.7785282980987	0	7.82632935616067	14	0.0759837801568997	14	16	51.5
"HiG_4"	"RPS27"	0.0132149179894781	"HiG"	0.733841354827783	0.996	69.5	34	64.1036683806385	0	6.69646291323774	32	0.0650142030411431	32	53	51.5
"HiG_4"	"RPS27A"	0.016579815745039	"HiG"	0.861415026830315	0.97	53	7	63.7823075170646	0	8.06506290406395	9	0.0783015815928539	9	61	51.5
"HiG_4"	"RPS29"	0.0129739250025962	"HiG"	0.726603507038136	0.999	90.5	35	63.8456690370462	0	6.69662628690457	31	0.0650157891932482	31	60	51.5
"HiG_4"	"RPS3"	0.0142897336427885	"HiG"	0.674659799174441	0.984	55	21	65.0433253006675	0	6.80084715287556	30	0.0660276422609278	30	8	51.5
"HiG_4"	"RPS4X"	0.0107727971720712	"HiG"	0.379635398940593	0.301	35	49	63.5132490836822	0	4.2047926489625	51	0.0408232296015776	51	63	51.5
"HiG_4"	"RPS5"	0.00982028464017005	"HiG"	0.457905096862949	0.987	57.5	55	64.9714779655323	0	4.53675421257654	49	0.0440461574036558	49	9	51.5
"HiG_4"	"RPS6"	0.0146834004657179	"HiG"	0.707025539038497	0.99	59	19	63.9716457633469	0	7.03475483720073	23	0.0682985906524343	23	57	51.5
"HiG_4"	"RPS7"	0.0128469462669431	"HiG"	0.727997863245041	0.999	90.5	36	64.6627128285403	0	6.54492524783844	35	0.063542963571247	35	25	51.5
"HiG_4"	"RPS8"	0.0142072693364901	"HiG"	0.763149768060467	0.998	83	23	64.4848475523203	0	7.23120197667699	20	0.0702058444337572	20	38	51.5
"HiG_4"	"RRBP1"	0.00332221415061728	"HiG"	0.0354143077490705	0.177	31	86	60.3565139910637	0	0.405133405821182	72	0.00393333403709886	72	67	51.5
"HiG_4"	"SERPINE2"	0.00357612984373561	"HiG"	0.000835354770898497	0.029	22.5	84	27.0979041906825	0	0.105925338103211	91	0.00102840134080787	91	84	51.5
"HiG_4"	"TNNT1"	0.00152808513263065	"HiG"	0.000219432183577962	0.962	52	101	63.9942491054169	0	0.015805324310544	101	0.000153449750587806	101	56	51.5
"HiG_4"	"TOMM20"	0.00244506800111822	"HiG"	0.018750309438947	0.789	40	93	60.2865071197805	0	0.316630278334833	80	0.00307408037218285	80	68	51.5
"HiG_4"	"TPI1"	0.00851079920372382	"HiG"	0.0680415991485339	0	8.5	62	58.5140097374928	0	1.80390582218385	62	0.0175136487590665	62	71	51.5
"HiG_4"	"WNT5A"	0.00672841266184783	"HiG"	0.000894430082298842	0	8.5	70	18.7264910476607	0	0.259692523730564	82	0.00252128663816082	82	91	51.5
"HiG_4"	"ZIC3"	0.00519961037045944	"HiG"	2.76026237621651e-05	0	8.5	77	10.0219661304003	0	0.175693173717569	84	0.00170575896813174	84	98	51.5
"HiG_5"	"AAK1"	0.001165907943688	"HiG"	0.000155180336525718	0.19	108	226	18.1736956447979	0	0.0819519861312936	232	0.000242461497429863	232	282	169
"HiG_5"	"ABLIM1"	0.00163422478062882	"HiG"	0.018316617573335	0.363	232	165	45.4794354591966	0	0.346241839781192	129	0.00102438414136447	129	188	169
"HiG_5"	"ACTA1"	0.0124442688541213	"HiG"	0.631068831933658	0.84	309	12	67.1208301358332	0	5.50052292442059	11	0.0162737364627828	11	45	169
"HiG_5"	"ACTA2"	0.0102535749485682	"HiG"	0.378220940326927	0.814	303.5	20	68.8603253085957	0	4.09200774547888	21	0.0121065317913576	21	31	169
"HiG_5"	"ACTC1"	0.0186648964681917	"HiG"	0.999615337801979	0.88	324	2	65.9009576622749	0	8.62988162837906	1	0.0255321941668019	1	57	169
"HiG_5"	"ACTN2"	0.018037894979588	"HiG"	0.969315348674848	0.841	310	3	62.8067656873409	0	8.40967125687949	3	0.0248806841919512	3	94	169
"HiG_5"	"ADAMTS1"	0.00168681528171518	"HiG"	0.00332585823036258	0.291	189	161	53.4941298648869	0	0.313085505988621	139	0.000926288479256274	139	153	169
"HiG_5"	"ADAMTS9"	0.00117432476944875	"HiG"	0.00100554441338814	0.306	200	224	44.8012405620768	0	0.147142972326709	191	0.000435334237652986	191	190	169
"HiG_5"	"ADD1"	0.000803842849802951	"HiG"	0.00187935730799362	0.204	120.5	291	32.5478834788549	0	0.0589513251506853	257	0.000174412204587826	257	226	169
"HiG_5"	"AEBP1"	0.000891804099160181	"HiG"	0.00922766675764585	0.481	254	274	67.316265298569	0	0.144452231765815	193	0.000427373466762767	193	43	169
"HiG_5"	"AGL"	0.00128857763948753	"HiG"	0.013070544407123	0.349	223	201	44.5026212418336	0	0.219282022160389	168	0.000648763379172748	168	193	169
"HiG_5"	"ALPK2"	0.000608910820772854	"HiG"	4.76510741009058e-05	0.245	150	321	12.5150849679366	0	0.0150102145679824	319	4.44089188401847e-05	319	311	169
"HiG_5"	"ANGPT1"	0.00221107683959915	"HiG"	0.00940965976095757	0.355	228	118	70.2446575432211	0	0.493008616729317	106	0.00145860537493881	106	16	169
"HiG_5"	"ANKMY2"	0.00216939507715152	"HiG"	0.000342466979073543	0.054	2	120	8.83269999616483	0	0.0735278274077029	240	0.000217537950910364	240	321	169
"HiG_5"	"ANKRD1"	0.0117007088014819	"HiG"	0.560886744201454	0.773	293.5	15	66.0667255978992	0	4.99998677215871	15	0.0147928602726589	15	53	169
"HiG_5"	"ANKRD36B"	0.00120493579524459	"HiG"	0.00374779881424582	0.143	63	215	40.8102809859575	0	0.0648477874313951	248	0.000191857359264483	248	201	169
"HiG_5"	"ANXA6"	0.000883808567793139	"HiG"	0.00933218483288033	0.342	219.5	277	62.7784646027715	0	0.140481787842475	196	0.000415626591249925	196	96	169
"HiG_5"	"ARHGAP42"	0.000847108119467028	"HiG"	4.10747861295758e-05	0.166	87	285	11.1147892875283	0	0.0280436205954494	295	8.29692917025131e-05	295	316	169
"HiG_5"	"ARL2BP"	0.00057399291743727	"HiG"	4.6835486514518e-05	0.239	148	324	12.3030985914737	0	0.0131679789181805	322	3.89585175094097e-05	322	312	169
"HiG_5"	"ARL6IP5"	0.00082175873965407	"HiG"	4.34726030609778e-06	0.149	66	289	11.3398911599285	0	0.0193995867673855	307	5.73952271224422e-05	307	315	169
"HiG_5"	"ARMCX3"	0.00104561523406427	"HiG"	2.42899348182113e-06	0.07	6	248	6.67988033591731	0	0.0185504300888541	309	5.48829292569647e-05	309	329	169
"HiG_5"	"ARMH4"	0.00104701365262975	"HiG"	4.98574688774832e-07	0.126	40.5	247	5	0	0.0185078510684535	312	5.4756955823827e-05	312	335	169
"HiG_5"	"ASPH"	0.00192967472588388	"HiG"	0.0354248363150062	0.621	275	135	52.7884498698027	0	0.561262466011999	100	0.00166053984027219	100	158	169
"HiG_5"	"ATP1A1"	0.00218267872923055	"HiG"	0.0245645982346118	0.305	198.5	119	50.0016836067237	0	0.498605908959247	105	0.00147516541112203	105	174	169
"HiG_5"	"ATP1B1"	0.0029289741423888	"HiG"	0.0230871323604382	0.162	78	91	39.6295188220979	0	0.557579086527381	101	0.00164964226783249	101	205	169
"HiG_5"	"ATP2A2"	0.00849857072913236	"HiG"	0.364438654951364	0.735	289	25	63.3584276170995	0	3.46428391517253	27	0.0102493606957767	27	89	169
"HiG_5"	"ATP2B4"	0.001311132651336	"HiG"	0.0199179878090714	0.362	230.5	196	53.5915722219381	0	0.233309549553287	161	0.000690264939506766	161	151	169
"HiG_5"	"ATP5MC3"	0.00442446571308097	"HiG"	0.0383269237369321	0.259	165	66	33.2044826947651	0	1.10326329692381	70	0.00326409259444915	70	224	169
"HiG_5"	"ATP5PF"	0.0047756740638902	"HiG"	0.0168081081791311	0.215	131	58	26.0396329778246	0	1.08044463192409	71	0.00319658175125471	71	249	169
"HiG_5"	"BAMBI"	0.00096274035525342	"HiG"	0.00105997024697934	0.387	244.5	262	64.7476014473645	0	0.125392230025398	200	0.000370982929069225	200	71	169
"HiG_5"	"BAZ2B"	0.00132342908584049	"HiG"	2.17954958352973e-05	0.112	24.5	195	18.8437006637993	0	0.0757283686993087	239	0.000224048428104464	239	278	169
"HiG_5"	"BEX3"	0.00257409902346202	"HiG"	4.93462707950359e-05	0.05	1	105	18.7904355423085	0	0.104383792879509	216	0.000308827789584345	216	279	169
"HiG_5"	"BEX4"	0.00147198279665911	"HiG"	3.81848681706665e-07	0.063	4	184	6.59574417264349	0	0.043949609122322	274	0.000130028429355982	274	331	169
"HiG_5"	"BLCAP"	0.000484528772512316	"HiG"	7.24362656472313e-06	0.213	129.5	334	21.2860842217374	0	0.00426523040915488	332	1.26190248791564e-05	332	271	169
"HiG_5"	"BMP2"	0.00452599107600317	"HiG"	0.0259432621324935	0.333	216.5	62	62.4874662667413	0	1.04931646406446	74	0.00310448658007236	74	100	169
"HiG_5"	"BMP5"	0.00126011529845633	"HiG"	0.00229193663323407	0.415	250.5	204	61.3060685906746	0	0.20484951209685	172	0.000606063645256951	172	106	169
"HiG_5"	"BMPER"	0.00129290166784173	"HiG"	0.00272871529270661	0.377	240	200	74.3534957090131	0	0.229259231242505	165	0.00067828174923818	165	4	169
"HiG_5"	"BTG1"	0.0010597985146702	"HiG"	1.52034474957602e-06	0.091	11	246	6.63145760736044	0	0.0221771339649038	302	6.56128223813721e-05	302	330	169
"HiG_5"	"BZW2"	0.0018388276425101	"HiG"	4.3061227249218e-06	0.064	5	143	7.44877240583605	0	0.056522198531503	261	0.000167225439442316	261	327	169
"HiG_5"	"C16orf87"	0.000457959917112485	"HiG"	1.99063785831783e-06	0.628	276	336	8	0	0.00114247539213772	336	3.38010471046663e-06	336	325.5	169
"HiG_5"	"C1orf21"	0.000456582753126273	"HiG"	7.8014290700873e-05	0.459	252	337	29	0	0.00377334462977513	334	1.11637415082104e-05	334	238	169
"HiG_5"	"CALB2"	0.00132594970414844	"HiG"	0.0107266609041105	0.268	171	194	58.3629872314344	0	0.220293230634275	167	0.000651755120219749	167	127	169
"HiG_5"	"CAMK2D"	0.00305507333780547	"HiG"	0.105001124456279	0.558	265.5	89	64.1746883424449	0	0.993289700547396	77	0.00293872692469644	77	80	169
"HiG_5"	"CAP2"	0.00125573441980329	"HiG"	0.0374903426286039	0.663	279	207	70.0879543422685	0	0.312714224886624	140	0.000925190014457466	140	17	169
"HiG_5"	"CCDC141"	0.00139571652053099	"HiG"	0.0402689275897817	0.908	333	189	68.5294378027306	0	0.437399466219043	115	0.00129408126100309	115	33	169
"HiG_5"	"CCDC80"	0.00116406004811186	"HiG"	0.00691487205019708	0.349	223	228	55.9053330875203	0	0.190787134589852	175	0.000564458978076485	175	143	169
"HiG_5"	"CCN1"	0.00433607211231885	"HiG"	0.0576465016820539	0.352	226	69	72.1777632823237	0	1.22106181097774	69	0.00361260890821815	69	8	169
"HiG_5"	"CCN2"	0.00749998360537686	"HiG"	0.149534206988374	0.535	261	34	65.1414921940255	0	2.48820720431099	41	0.00736155977606801	41	66	169
"HiG_5"	"CCNDBP1"	0.00090243724362095	"HiG"	2.60912885574407e-05	0.131	50.5	271	15.4216184215871	0	0.0287372056860589	294	8.50213185978073e-05	294	296	169
"HiG_5"	"CDH2"	0.00787193477194745	"HiG"	0.0996014525278624	0.291	189	31	60.9187351107241	0	2.0025697788745	48	0.005924762659392	48	112	169
"HiG_5"	"CDK6"	0.00457687095569446	"HiG"	0.00882512605602852	0.094	13.5	61	52.4659946071697	0	0.711883333544164	88	0.00210616370871054	88	159	169
"HiG_5"	"CDKN1B"	0.00182863931613636	"HiG"	0.00462818390036788	0.196	112.5	146	54.436879453791	0	0.270198411793836	154	0.000799403585188863	154	148	169
"HiG_5"	"CELF2"	0.00122600816603042	"HiG"	0.0280944090712969	0.596	274	211	61.6419171227575	0	0.273365297368773	153	0.000808773069138381	153	104	169
"HiG_5"	"CFL2"	0.00419626532837056	"HiG"	0.139302659085615	0.562	267	71	65.4234081391803	0	1.45382550482516	64	0.00430125889001528	64	63	169
"HiG_5"	"CGNL1"	0.00125643814837471	"HiG"	0.00270028719472114	0.207	124	206	23.8324392149135	0	0.121718032601417	202	0.000360112522489399	202	259	169
"HiG_5"	"CHCHD10"	0.00120528477855591	"HiG"	0.00396062914253767	0.287	184.5	214	26.7457746073351	0	0.199689940727783	173	0.000590798641206458	173	246	169
"HiG_5"	"CHIC2"	0.000799967330428189	"HiG"	0.000721513830359423	0.211	128	293	72.4241612031268	0	0.0673264476734414	244	0.000199190673590063	244	7	169
"HiG_5"	"CITED2"	0.00112142301094162	"HiG"	0.00190073012693798	0.173	91	236	47.0907075544205	0	0.0984023542609724	223	0.000291131225624179	223	183	169
"HiG_5"	"CLCN6"	0.00151578844375569	"HiG"	0.0280080466496004	0.321	213	179	58.5122405143862	0	0.320738597790535	137	0.000948930762693892	137	124	169
"HiG_5"	"CLGN"	0.00100634172168226	"HiG"	0.000250283292410122	0.233	143.5	257	26.1538971352901	0	0.0185140531564591	311	5.47753051966245e-05	311	248	169
"HiG_5"	"CLSTN2"	0.00114218958940457	"HiG"	0.000270559354362678	0.177	93	231	23.54059819002	0	0.0607037387834584	253	0.00017959686030609	253	262	169
"HiG_5"	"CLTB"	0.000866189336710551	"HiG"	8.31397870031748e-05	0.175	92	279	31.5067941249346	0	0.0523859738817935	263	0.000154988088407673	263	231	169
"HiG_5"	"CMYA5"	0.00331888397551615	"HiG"	0.124494116965739	0.846	314	84	60.9525932924267	0	1.30530465740598	66	0.00386184809883425	66	111	169
"HiG_5"	"CNN1"	0.00707420213006944	"HiG"	0.289609879054423	0.688	281	41	71.3907490739363	0	2.76059993032167	36	0.00816745541515287	36	13	169
"HiG_5"	"COL2A1"	0.00246405736353877	"HiG"	0.0255565103231752	0.352	226	108	71.1377030996304	0	0.571064197944166	99	0.00168953904717209	99	15	169
"HiG_5"	"CPE"	0.00128455393347556	"HiG"	0.000479850674703976	0.181	96.5	202	28.4582714141447	0	0.120071717450394	204	0.000355241767604715	204	241	169
"HiG_5"	"CRB2"	0.00061591869584324	"HiG"	0.000112522536083255	0.274	175	319	37.4462504290883	0	0.0155290051941383	316	4.59438023495216e-05	316	211	169
"HiG_5"	"CREG1"	0.00076491839347272	"HiG"	4.15306022269412e-05	0.191	109	301	18.3567989935464	0	0.0254156260018004	298	7.51941597686403e-05	298	281	169
"HiG_5"	"CREM"	0.000795230612489999	"HiG"	0.00554286787603201	0.333	216.5	294	64.503299364503	0	0.0958315036955419	225	0.00028352515886255	225	75	169
"HiG_5"	"CRHBP"	0.000774714099112843	"HiG"	1.10430885798351e-05	0.152	69	298	14.5363188900503	0	0.0255260720517352	297	7.55209232299857e-05	297	301	169
"HiG_5"	"CRIP2"	0.00156536032432446	"HiG"	0.0541348744916351	0.719	286	175	64.1467684840338	0	0.436191859709141	117	0.00129050846067793	117	81	169
"HiG_5"	"CRYAB"	0.00742363293384178	"HiG"	0.399300802461211	0.808	301	35	66.1862165313561	0	3.16424446343136	31	0.00936167001015195	31	50	169
"HiG_5"	"CSRP2"	0.00130258731975518	"HiG"	0.0323728979580297	0.757	291.5	198	74.7491249421669	0	0.342516417643461	130	0.0010133621823771	130	3	169
"HiG_5"	"CSRP3"	0.0125487814319937	"HiG"	0.802724157141446	0.897	329	10	63.3094105808768	0	6.17834896974679	10	0.0182791389637479	10	90	169
"HiG_5"	"CTSB"	0.00240216156931611	"HiG"	0.00732186534553713	0.145	64	109	53.7523690673034	0	0.283641974179468	151	0.000839177438400792	151	150	169
"HiG_5"	"CTSV"	0.00113118342253615	"HiG"	0.004040326953318	0.213	129.5	233	44.8474638071783	0	0.144452723205328	192	0.000427374920725823	192	189	169
"HiG_5"	"DAB1"	0.000963199013269499	"HiG"	6.00363859395453e-05	0.141	60	261	33.829675369341	0	0.0624232271527942	251	0.00018468410400235	251	223	169
"HiG_5"	"DCAF6"	0.00067594436405337	"HiG"	0.00405734216053162	0.485	255	312	52.9607512765176	0	0.0402042164794248	279	0.000118947386033801	279	156	169
"HiG_5"	"DECR1"	0.00183354942588854	"HiG"	0.00205132974108128	0.194	110	145	22.9815841122484	0	0.229661585920533	164	0.000679472147693885	164	264	169
"HiG_5"	"DENND5B"	0.00120751549948134	"HiG"	6.17838475073221e-06	0.114	27.5	213	10.4260040511147	0	0.0393870040949737	280	0.000116529597914123	280	318	169
"HiG_5"	"DGKI"	0.0010093446868266	"HiG"	0.000898212581839048	0.229	141	255	24.3200109091985	0	0.113966766776172	213	0.000337179783361455	213	258	169
"HiG_5"	"DOK4"	0.000733394090473142	"HiG"	0.000152092181323543	0.259	165	303	15.8250394477637	0	0.0386411664270504	281	0.000114322977594824	281	293	169
"HiG_5"	"DSTN"	0.00379402087851105	"HiG"	0.121321016181908	0.53	260	76	67.6639433212862	0	1.28066044119359	68	0.00378893621654907	68	39	169
"HiG_5"	"DUSP6"	0.00211418926547597	"HiG"	0.0106001507565731	0.305	198.5	123	64.4818412760866	0	0.45213138249544	112	0.00133766681211669	112	76	169
"HiG_5"	"DYNC1I1"	0.00106769643678686	"HiG"	0.00109801422374021	0.127	42.5	245	31.1245649904618	0	0.0669272751165763	245	0.000198009689694013	245	232	169
"HiG_5"	"DYNLT1"	0.00117488018490201	"HiG"	0.021696406590555	0.285	182.5	223	52.3320308346903	0	0.190236767415026	176	0.000562830672825521	176	160	169
"HiG_5"	"ECH1"	0.0010084543405946	"HiG"	0.00627218480154238	0.313	206	256	36.505289078331	0	0.142178534596543	194	0.000420646552060778	194	216	169
"HiG_5"	"EDNRA"	0.00190738767046168	"HiG"	0.0183233640227237	0.395	247	137	63.7987105087188	0	0.406330298515271	123	0.00120216064649488	123	83	169
"HiG_5"	"EFEMP2"	0.00081231201115034	"HiG"	0.00459210737570777	0.552	263	290	65.3218465154007	0	0.115256262397124	212	0.000340994859163089	212	64	169
"HiG_5"	"EMC10"	0.00117710646622627	"HiG"	0.0139721329590965	0.773	293.5	222	42.4780154272568	0	0.3035833685218	145	0.000898175646514202	145	195	169
"HiG_5"	"EMP2"	0.00117822058770929	"HiG"	6.29948917220279e-05	0.164	84.5	220	16.0736821495284	0	0.057893160106207	260	0.00017128153877576	260	290	169
"HiG_5"	"ENO3"	0.00526784580404035	"HiG"	0.191394438612096	0.595	273	50	56.5128627249612	0	1.8383056015576	51	0.00543877396910531	51	139	169
"HiG_5"	"ENTPD4"	0.000491935384707813	"HiG"	3.961162078365e-06	0.31	204	330	18.1579722002886	0	0.00630475657019525	330	1.86531259473232e-05	330	283	169
"HiG_5"	"EPB41L3"	0.00103567784234704	"HiG"	0.00135366660164069	0.273	173	251	28.0225231071909	0	0.115629255356547	210	0.000342098388628836	210	242	169
"HiG_5"	"EPHA7"	0.002114469306163	"HiG"	0.00348287703940914	0.223	136	122	46.8228618635449	0	0.332015178968101	135	0.000982293428899707	135	184	169
"HiG_5"	"ETFB"	0.00154094765129842	"HiG"	0.0136043672291087	0.325	214	176	36.5140825030579	0	0.292558776938259	146	0.000865558511651653	146	215	169
"HiG_5"	"ETV1"	0.00150680572672965	"HiG"	0.00269312761436152	0.26	167	181	55.5787318655172	0	0.230038443642362	163	0.000680587111367936	163	144	169
"HiG_5"	"FAM118A"	0.00064503708775656	"HiG"	1.15930990365713e-05	0.134	54	315	14.7994648655684	0	0.0145718455494042	320	4.31119690810776e-05	320	299	169
"HiG_5"	"FAM13C"	0.000887115636643016	"HiG"	0.000261027781817828	0.155	72.5	275	14.4899076451785	0	0.0212315070024876	305	6.28151094748155e-05	305	303	169
"HiG_5"	"FBN2"	0.00259783119847533	"HiG"	0.0499373597014705	0.505	259	103	65.948066172917	0	0.708060576320743	89	0.00209485377609687	89	56	169
"HiG_5"	"FBXO9"	0.000531569375691325	"HiG"	7.59591449412329e-07	0.148	65	326	8.05576717293296	0	0.00387910436770506	333	1.14766401411392e-05	333	324	169
"HiG_5"	"FGF10"	0.00752792621528407	"HiG"	0.0577083642838649	0.287	184.5	33	64.2750980476819	0	1.84539119857105	50	0.00545973727387886	50	78	169
"HiG_5"	"FIGN"	0.00103122218873889	"HiG"	6.99917288321781e-06	0.142	61.5	252	12.8836808499722	0	0.0351692002196251	286	0.000104050888223743	286	310	169
"HiG_5"	"FILIP1"	0.00159014666796743	"HiG"	0.0390980329240096	0.814	303.5	172	51.195905872374	0	0.467703740872611	110	0.00138373887832133	110	166	169
"HiG_5"	"FN1"	0.0119876678831027	"HiG"	0.140070129292424	0.301	196	14	56.4732745323198	0	3.1882497691807	30	0.00943269162479498	30	140	169
"HiG_5"	"FOXP1"	0.00224837785013995	"HiG"	0.00303594914383422	0.155	72.5	116	49.428501493267	0	0.311447910105502	141	0.000921443521022194	141	175	169
"HiG_5"	"FRMD4B"	0.00118987050223295	"HiG"	3.19532622590869e-06	0.107	21.5	216	6.88367924504801	0	0.0291479554214805	293	8.62365545014215e-05	293	328	169
"HiG_5"	"FSIP2"	0.000775007320332716	"HiG"	0.00359109950713497	0.274	175	297	61.6258876755196	0	0.0688261162366579	243	0.000203627562830349	243	105	169
"HiG_5"	"FYB2"	0.00171066383257141	"HiG"	0.000268774336872563	0.15	67.5	158	25.3428318168575	0	0.0811042017120846	233	0.000239953259503209	233	253	169
"HiG_5"	"GADD45A"	0.00188072232698959	"HiG"	0.0071800426809802	0.156	75.5	140	50.2054225893768	0	0.292160515627046	147	0.000864380223748657	147	173	169
"HiG_5"	"GATA4"	0.00315432649490853	"HiG"	0.0411531751947204	0.368	235	85	65.0682750239365	0	0.826284285814388	83	0.00244462806453961	83	68	169
"HiG_5"	"GATA6"	0.00285873005900307	"HiG"	0.02861537215117	0.32	212	94	66.6858871189618	0	0.69031755056516	90	0.00204235961705669	90	47	169
"HiG_5"	"GDF11"	0.000793666251356462	"HiG"	0.00258947966022851	0.279	179	295	63.7188176558097	0	0.0781979105520377	235	0.000231354764946857	235	85	169
"HiG_5"	"GSTK1"	0.00125924188614588	"HiG"	0.000968151747022455	0.225	138	205	26.027497113962	0	0.119815025210288	205	0.000354482323107361	205	250	169
"HiG_5"	"GUCY1A1"	0.000871347340239956	"HiG"	0.00593929576743034	0.262	168	278	57.2649736985193	0	0.0846516410650505	229	0.000250448642204292	229	136	169
"HiG_5"	"GYG1"	0.00118355515067539	"HiG"	0.0022883866329762	0.237	147	218	24.8090976120529	0	0.138697277894885	198	0.000410346976020368	198	254	169
"HiG_5"	"GYPC"	0.000900055995455625	"HiG"	0.00317687140457309	0.234	145	272	47.3166923029345	0	0.0625422986759685	250	0.000185036386615292	250	182	169
"HiG_5"	"H1F0"	0.00174594027728232	"HiG"	0.00105821767627771	0.135	55	155	46.1677052891302	0	0.154871291934002	188	0.000458199088562136	188	186	169
"HiG_5"	"H2AFY"	0.00109065170921516	"HiG"	6.47341386091621e-05	0.137	57	242	27.3638185076791	0	0.0770010055448822	236	0.000227813625872433	236	245	169
"HiG_5"	"HACD1"	0.00170701931088851	"HiG"	0.0221796522758104	0.209	126.5	160	59.9607617250469	0	0.290254134874533	148	0.000858740044007495	148	116	169
"HiG_5"	"HAND2"	0.00287508241345874	"HiG"	0.0468737612761616	0.489	256	93	72.0430775157872	0	0.788417500979745	86	0.00233259615674481	86	9	169
"HiG_5"	"HAPLN1"	0.00280355649111349	"HiG"	0.0078052463497428	0.274	175	98	56.1297890440378	0	0.53461426114598	102	0.00158169899747331	102	141	169
"HiG_5"	"HAS2"	0.00442317754210612	"HiG"	0.026188516466116	0.248	155.5	67	61.738425738129	0	0.993033242704544	78	0.00293796817368208	78	103	169
"HiG_5"	"HIPK2"	0.00146551353879034	"HiG"	0.00390563740796885	0.196	112.5	186	66.3234274193527	0	0.171927112230475	181	0.000508660095356434	181	48	169
"HiG_5"	"HRC"	0.00373668136985044	"HiG"	0.162031969113467	0.886	325	78	59.4797741846083	0	1.53226991986992	58	0.00453334295819502	58	121	169
"HiG_5"	"HSPB1"	0.00529853255753714	"HiG"	0.160359468897883	0.69	282	49	68.3490746815704	0	1.87307087249857	49	0.00554162980029164	49	36	169
"HiG_5"	"ID2"	0.00183691204307821	"HiG"	0.0122072770960857	0.387	244.5	144	69.9370949799467	0	0.406927235646778	122	0.00120392673268277	122	21	169
"HiG_5"	"ID4"	0.00173732338005479	"HiG"	0.00488415733132744	0.36	229	156	62.0604993497458	0	0.328874605149975	136	0.000973001790384541	136	101	169
"HiG_5"	"IDH2"	0.00230606499039429	"HiG"	0.00827101970108872	0.23	142	112	41.8124991694987	0	0.470817409801285	109	0.00139295091657185	109	197	169
"HiG_5"	"IFI27L2"	0.000680618601476308	"HiG"	7.08038304841062e-06	0.13	48.5	311	12.9898529289959	0	0.00938913425372719	326	2.7778503709252e-05	326	309	169
"HiG_5"	"IFIT1"	0.000964664347111374	"HiG"	0.00139213103656341	0.162	78	260	48.3558511873666	0	0.0699741342732362	242	0.000207024065897149	242	178	169
"HiG_5"	"IFT81"	0.0011521058899753	"HiG"	0.00098791235665625	0.094	13.5	229	25.4989840058067	0	0.0594565920009346	255	0.000175907076925842	255	251	169
"HiG_5"	"IGFBP7"	0.0019918781150305	"HiG"	0.0184897143426874	0.38	242.5	130	65.517316745091	0	0.430008330620541	118	0.00127221399591876	118	61	169
"HiG_5"	"IL6ST"	0.000927690135939606	"HiG"	0.000851768687297861	0.219	135	268	58.3537217658012	0	0.0997233742439322	221	0.00029503956876903	221	128	169
"HiG_5"	"IRX3"	0.00181480960033027	"HiG"	0.00960594864815051	0.283	181	149	60.7826914325552	0	0.30551907795841	144	0.000903902597510089	144	114	169
"HiG_5"	"ISL1"	0.0052383403145426	"HiG"	0.0843264865649633	0.281	180	51	67.3084939205501	0	1.34017260588843	65	0.00396500770972909	65	44	169
"HiG_5"	"ITFG1"	0.000886507603609315	"HiG"	0.00204767240158392	0.183	102.5	276	35.6003837047527	0	0.058447231433217	258	0.000172920803056855	258	220	169
"HiG_5"	"ITSN1"	0.00227700156176518	"HiG"	0.00311025055287377	0.119	32	115	32.5427441922876	0	0.239187288287479	159	0.00070765469907538	159	227	169
"HiG_5"	"ITSN2"	0.00156836499435745	"HiG"	0.00218626305963872	0.153	70	174	31.8381222056843	0	0.152667988380995	189	0.000451680438997026	189	229	169
"HiG_5"	"JAG1"	0.00380794451982497	"HiG"	0.0199113149666619	0.309	203	75	64.2508692726822	0	0.89394485035114	81	0.00264480724955959	81	79	169
"HiG_5"	"JUP"	0.00151107453049962	"HiG"	0.0135522246438011	0.246	151	180	65.6386590743484	0	0.258921425802935	157	0.000766039721310457	157	60	169
"HiG_5"	"KCTD12"	0.000488393050108793	"HiG"	5.13332922434125e-05	0.289	187	332	23.6571820440576	0	0.00932622393266483	327	2.75923784990084e-05	327	260	169
"HiG_5"	"KDM6A"	0.00216311639927794	"HiG"	0.0121050727611266	0.162	78	121	59.0901017833785	0	0.365782112534803	125	0.00108219559921539	125	123	169
"HiG_5"	"KDM6B"	0.00188956483226861	"HiG"	0.00221462478650739	0.136	56	139	45.8328129422605	0	0.242852393990669	158	0.000718498207072987	158	187	169
"HiG_5"	"KIAA1324L"	0.00159938950375778	"HiG"	0.00012146020880365	0.122	36	169	10.4585269284203	0	0.0417745909829693	277	0.000123593464446655	277	317	169
"HiG_5"	"KIDINS220"	0.00110655465682017	"HiG"	4.37514464878315e-05	0.107	21.5	240	15.85339606177	0	0.0437004308042745	275	0.000129291215397262	275	292	169
"HiG_5"	"KIFAP3"	0.00123004550931905	"HiG"	0.00399543326993801	0.18	95	209	49.4281231598473	0	0.119218669311613	206	0.000352717956543235	206	176	169
"HiG_5"	"LAMA1"	0.00209577001607782	"HiG"	0.00776800345383836	0.369	236	124	61.1680100467269	0	0.440730223542702	114	0.00130393557261155	114	107	169
"HiG_5"	"LAPTM4B"	0.0011205745985438	"HiG"	4.30261015078859e-05	0.103	17.5	237	26.6661602475047	0	0.0468814803069345	268	0.000138702604458386	268	247	169
"HiG_5"	"LBH"	0.000925469785659795	"HiG"	0.000223374220319768	0.12	34.5	269	15.5261986513585	0	0.0264102695041939	296	7.81368920242422e-05	296	295	169
"HiG_5"	"LDB3"	0.00814017552135114	"HiG"	0.484119438518851	0.902	332	29	65.6422191148419	0	3.83737648782312	22	0.0113531848752163	22	59	169
"HiG_5"	"LGMN"	0.00100974625415876	"HiG"	0.000332659744379779	0.227	139	254	40.6414195480755	0	0.0594556782942062	256	0.000175904373651498	256	202	169
"HiG_5"	"LIFR"	0.0018116337854293	"HiG"	0.00326239822782063	0.276	177.5	150	62.7447186052105	0	0.309801977359858	142	0.000916573897514372	142	97	169
"HiG_5"	"LIX1"	0.000856071782087214	"HiG"	0.00121559937117972	0.326	215	284	52.8406995298031	0	0.05134535193616	266	0.000151909325254911	266	157	169
"HiG_5"	"LMO7"	0.00257623345498398	"HiG"	0.0270156722858054	0.38	242.5	104	50.7620443542689	0	0.527421146150331	103	0.00156041759216074	103	170	169
"HiG_5"	"LMOD1"	0.00383176346939834	"HiG"	0.150701895473882	0.804	299	74	71.5986469739683	0	1.4693098409839	63	0.00434707053545534	63	11	169
"HiG_5"	"LPGAT1"	0.000732485705649137	"HiG"	0.000232985506690755	0.163	81.5	304	35.8249105161333	0	0.0333604838588799	289	9.86996563872187e-05	289	219	169
"HiG_5"	"LPIN1"	0.0008295804613702	"HiG"	0.000329609561404952	0.188	107	288	36.9743250800011	0	0.0409194194425544	278	0.000121063371131818	278	212	169
"HiG_5"	"LRRTM1"	0.00152843775150613	"HiG"	0.00043882158913854	0.13	48.5	177	35.2127136570042	0	0.115378049779629	211	0.000341355176862807	211	221	169
"HiG_5"	"MACF1"	0.00112955125310238	"HiG"	0.00956563637314725	0.404	249	234	61.1188597324241	0	0.206444547886104	170	0.000610782686053562	170	109	169
"HiG_5"	"MAN1A2"	0.000774021307724222	"HiG"	7.69150070379466e-06	0.112	24.5	299	9.10458237131632	0	0.0150846283948725	318	4.46290780913388e-05	318	320	169
"HiG_5"	"MAP3K20"	0.000961989467076372	"HiG"	0.0034585998119836	0.163	81.5	263	36.2488428593651	0	0.0891436232422741	227	0.000263738530302586	227	217	169
"HiG_5"	"MASP1"	0.00118848957665669	"HiG"	0.00986745113801092	0.463	253	217	42.835112689958	0	0.172969868119696	178	0.000511745171951764	178	194	169
"HiG_5"	"MATN2"	0.00111821272550946	"HiG"	0.00363141837172173	0.295	193	238	53.0172100604421	0	0.12077446275474	203	0.000357320895724083	203	155	169
"HiG_5"	"MDK"	0.00202874005712295	"HiG"	0.00737750564717423	0.316	210.5	127	70.0701524785263	0	0.437083744461214	116	0.00129314717296217	116	18	169
"HiG_5"	"MEF2A"	0.0040974700995756	"HiG"	0.109379004666084	0.558	265.5	72	66.8951374606489	0	1.3026091993414	67	0.00385387337083255	67	46	169
"HiG_5"	"MEF2C"	0.00726251609365969	"HiG"	0.0989288085350886	0.285	182.5	39	65.6622293521674	0	2.0140342053712	47	0.00595868108097987	47	58	169
"HiG_5"	"MEIS1"	0.00281727384905223	"HiG"	0.00734563174676087	0.164	84.5	97	51.0612732387909	0	0.442234957378776	113	0.0013083874478662	113	167	169
"HiG_5"	"MEIS2"	0.00332129388640433	"HiG"	0.00233464205444637	0.199	117	83	39.6182764515177	0	0.419779201440186	119	0.00124195030011889	119	206	169
"HiG_5"	"MGST2"	0.000946848317529558	"HiG"	2.49789895149468e-05	0.218	133	265	13.258961129241	0	0.0580967367277225	259	0.000171883836472552	259	305	169
"HiG_5"	"MGST3"	0.00181692463643256	"HiG"	0.000340618891830586	0.198	115	148	17.6495767725517	0	0.170641954533073	184	0.000504857853648144	184	286	169
"HiG_5"	"MICAL2"	0.00103591991585076	"HiG"	0.00785606733964418	0.592	272	250	69.8022314569378	0	0.0759123499938225	238	0.000224592751461013	238	24	169
"HiG_5"	"MLF1"	0.000973005407639754	"HiG"	0.00459424704286574	0.248	155.5	259	39.2383383504829	0	0.101868738600126	218	0.000301386800592089	218	207	169
"HiG_5"	"MLLT11"	0.000664061252659276	"HiG"	0.00183185870536614	0.208	125	314	55.9819171281495	0	0.0519802680677224	264	0.000153787775348291	264	142	169
"HiG_5"	"MLLT3"	0.00161997446336824	"HiG"	0.00108582371445451	0.099	15	166	41.4346664360289	0	0.171056243605765	183	0.000506083560963803	183	199	169
"HiG_5"	"MMP15"	0.00116498503580102	"HiG"	0.00179086856446743	0.367	234	227	58.1293477287313	0	0.172779190544343	180	0.00051118103711344	180	130	169
"HiG_5"	"MSRB3"	0.0014707310636456	"HiG"	0.0187501762008702	0.349	223	185	51.4373841020309	0	0.26440033078902	156	0.0007822494993758	156	164	169
"HiG_5"	"MT-CO1"	0.00262617193362677	"HiG"	0.0138814204025817	0.297	194	102	32.8953743006942	0	0.598463687735021	96	0.00177060262643497	96	225	169
"HiG_5"	"MT-ND5"	0.00369643636223304	"HiG"	0.00822688302755159	0.224	137	80	24.4527136572966	0	0.786877642416764	87	0.00232804036217977	87	257	169
"HiG_5"	"MTPN"	0.00138026397338986	"HiG"	0.0018411476891463	0.103	17.5	190	27.9255389873391	0	0.0843113970162469	230	0.000249442003006648	230	243	169
"HiG_5"	"MTRNR2L8"	0.000486944462178815	"HiG"	0.000279242112127473	0.37	237	333	102	0	0.01264081382241	324	3.73988574627516e-05	324	1	169
"HiG_5"	"MYADM"	0.000838567689940791	"HiG"	0.000496264465189397	0.166	87	287	29.110098920299	0	0.0373809376867536	283	0.000110594490197496	283	236	169
"HiG_5"	"MYBPC3"	0.0111022463330347	"HiG"	0.680032593638643	0.889	327	17	66.0862981585019	0	5.31159142383923	13	0.0157147675261516	13	52	169
"HiG_5"	"MYH11"	0.00739427359991352	"HiG"	0.273015463558688	0.707	283.5	37	68.8889678628267	0	2.84629426888839	35	0.00842098896120826	35	29	169
"HiG_5"	"MYH6"	0.0162108344961832	"HiG"	0.688274865088837	0.856	315.5	6	63.8993423053791	0	7.01132487658383	6	0.0207435647236208	6	82	169
"HiG_5"	"MYH7"	0.014224569056142	"HiG"	0.876233761455908	0.889	327	7	64.7458560603579	0	6.88975807547899	7	0.0203838996315947	7	72	169
"HiG_5"	"MYL3"	0.016606139557668	"HiG"	1	0.876	322	5	63.2486894104438	0	7.90265858274686	5	0.0233806466945173	5	92	169
"HiG_5"	"MYL4"	0.0134617741148729	"HiG"	0.863545591900264	0.864	317	9	69.0314756292449	0	6.30654050271825	9	0.018658403854196	9	28	169
"HiG_5"	"MYL6"	0.00870745162348149	"HiG"	0.418851992764541	0.781	296	23	68.4182455511017	0	3.56615951705317	26	0.0105507678019324	26	35	169
"HiG_5"	"MYL7"	0.0139704275051026	"HiG"	0.805589055684035	0.869	320.5	8	67.6427935133992	0	6.42188985262392	8	0.0189996741201891	8	40	169
"HiG_5"	"MYL9"	0.0111359005995842	"HiG"	0.551630871517034	0.856	315.5	16	69.5645933817154	0	4.8484770622486	17	0.0143446066930432	17	25	169
"HiG_5"	"MYLK"	0.00463622971850288	"HiG"	0.163390160390544	0.73	288	60	71.3999874188331	0	1.72780500660812	54	0.0051118491319767	54	12	169
"HiG_5"	"MYLK3"	0.00366327619353218	"HiG"	0.220876810984006	0.878	323	82	69.4010500912779	0	1.54863206062886	57	0.00458175165866527	57	26	169
"HiG_5"	"MYOCD"	0.00639477477921252	"HiG"	0.131669770666063	0.546	262	45	66.1962193938703	0	2.06494322009825	45	0.0061092994677463	45	49	169
"HiG_5"	"MYOM1"	0.00817868040649234	"HiG"	0.435850974874793	0.867	319	28	63.6968030782677	0	3.71324450481105	24	0.0109859304876067	24	86	169
"HiG_5"	"MYOZ2"	0.0100877867530045	"HiG"	0.64433085500209	0.912	334	21	62.6910653622136	0	4.91370678382954	16	0.0145375940349986	16	98	169
"HiG_5"	"NAV1"	0.000616648727804304	"HiG"	0.000672914094621779	0.235	146	318	44.5761398897567	0	0.0336344675770665	288	9.9510259103747e-05	288	192	169
"HiG_5"	"NCAM1"	0.00239322124791322	"HiG"	0.00658293788057044	0.183	102.5	110	57.3204388218141	0	0.369062760730421	124	0.00109190165896574	124	135	169
"HiG_5"	"NDUFA4"	0.00475289622404808	"HiG"	0.00858825194161567	0.205	122.5	59	21.504111332945	0	0.921342382400246	80	0.00272586503668712	80	269	169
"HiG_5"	"NEBL"	0.00511794191105179	"HiG"	0.262724974519378	0.9	331	53	66.0024739509532	0	2.24455194831571	42	0.00664068623762044	42	55	169
"HiG_5"	"NES"	0.00543366246891612	"HiG"	0.0811047560850472	0.315	208	48	67.4260211728887	0	1.48839395923394	61	0.00440353242376904	61	41	169
"HiG_5"	"NEXN"	0.00729762964697865	"HiG"	0.426834336706403	0.865	318	38	68.6721336535474	0	3.23227552196259	29	0.00956294533125028	29	32	169
"HiG_5"	"NID2"	0.00312097342477288	"HiG"	0.0189612668883485	0.251	159.5	87	55.1289020455904	0	0.604639271236351	95	0.0017888735835395	95	146	169
"HiG_5"	"NKX2-5"	0.00712747844119619	"HiG"	0.223984964885365	0.672	280	40	66.1708613314281	0	2.53008968447422	40	0.00748547243927284	40	51	169
"HiG_5"	"NKX3-1"	0.00110822633578691	"HiG"	0.0021723711008046	0.337	218	239	65.2432176376567	0	0.172841906637846	179	0.000511366587685936	179	65	169
"HiG_5"	"NPPA"	0.0124453509688889	"HiG"	0.609245860296221	0.757	291.5	11	62.9752942725531	0	5.16026276439955	14	0.0152670495988152	14	93	169
"HiG_5"	"NPPB"	0.00571128487478844	"HiG"	0.37622737556017	0.932	336.5	47	73.9385173799808	0	2.65272989349227	38	0.00784831329435582	38	5	169
"HiG_5"	"NPTN"	0.000927763569872919	"HiG"	0.00416029200949563	0.307	201	267	40.5703459354644	0	0.105306723778019	214	0.000311558354372838	214	203	169
"HiG_5"	"NRP1"	0.00148192742804906	"HiG"	0.00465816786941486	0.342	219.5	183	64.4264348871187	0	0.268651192994165	155	0.000794826014775636	155	77	169
"HiG_5"	"NRP2"	0.0017469991651814	"HiG"	0.00411989308727186	0.389	246	154	71.3467583086447	0	0.347189796463045	128	0.00102718874693209	128	14	169
"HiG_5"	"NTRK2"	0.00376020186748432	"HiG"	0.00557745149484525	0.132	52	77	51.3704137096638	0	0.626983409151414	94	0.00185498050044797	94	165	169
"HiG_5"	"NUDT4"	0.000843790554648038	"HiG"	1.52101124549598e-05	0.117	30	286	18.8877640944329	0	0.0209528771701563	306	6.19907608584505e-05	306	277	169
"HiG_5"	"PALLD"	0.00428116345441347	"HiG"	0.120564887691866	0.649	277	70	64.8916769725896	0	1.48293122011646	62	0.00438737047371735	62	69	169
"HiG_5"	"PALM2-AKAP2"	0.000690274220406425	"HiG"	0.000165187678629373	0.315	208	310	18.6201077874374	0	0.0464857869748898	269	0.000137531914126893	269	280	169
"HiG_5"	"PAM"	0.0012842091680364	"HiG"	0.00642776367815054	0.248	155.5	203	52.0391378468592	0	0.138902279726429	197	0.00041095349031488	197	162	169
"HiG_5"	"PBX1"	0.00306203018421708	"HiG"	0.00381336472637523	0.198	115	88	50.9068188451912	0	0.487783436218172	107	0.00144314626100051	107	169	169
"HiG_5"	"PBX3"	0.00195715740138013	"HiG"	0.000658295012020855	0.181	96.5	131	38.7377053377194	0	0.206338204566015	171	0.000610468060846198	171	208	169
"HiG_5"	"PCDH7"	0.00122883227835139	"HiG"	0.00165377586362247	0.182	99.5	210	36.9237795783103	0	0.100636230913277	219	0.00029774032814579	219	213	169
"HiG_5"	"PDGFRA"	0.00698105227946324	"HiG"	0.0513085139736591	0.241	149	43	58.3634330189578	0	1.63164284087636	56	0.00482734568306615	56	126	169
"HiG_5"	"PDHA1"	0.00285796673639373	"HiG"	0.0272028527311623	0.288	186	95	35.9840344658888	0	0.672317252494541	91	0.00198910429732113	91	218	169
"HiG_5"	"PDK1"	0.00181919064305541	"HiG"	0.00262663971817673	0.163	81.5	147	41.0035263776584	0	0.28662522266782	150	0.000848003617360415	150	200	169
"HiG_5"	"PDLIM5"	0.0051071628081583	"HiG"	0.209456582182247	0.79	297	54	63.691715431916	0	2.02624996993786	46	0.00599482239626586	46	87	169
"HiG_5"	"PDLIM7"	0.00163766411933126	"HiG"	0.0410466007192301	0.707	283.5	164	64.8855875116491	0	0.465488461142721	111	0.00137718479628024	111	70	169
"HiG_5"	"PFKP"	0.00167357379590235	"HiG"	0.0188337848847006	0.304	197	162	52.0935915160589	0	0.341652799908149	132	0.00101080710031997	132	161	169
"HiG_5"	"PHKB"	0.0016094970255508	"HiG"	0.00162886763551011	0.184	104.5	167	21.4773602136274	0	0.142053778403053	195	0.000420277450896608	195	270	169
"HiG_5"	"PIP4P2"	0.000632548432406571	"HiG"	4.31748581212871e-06	0.14	59	317	13.449289674347	0	0.0133468521577524	321	3.94877282773739e-05	321	304	169
"HiG_5"	"PKIA"	0.00204170903166734	"HiG"	4.66582360666188e-06	0.292	191	125	4.1428452465478	0	0.0353568968045242	285	0.000104606203563681	285	336	169
"HiG_5"	"PKP2"	0.0022902055137913	"HiG"	0.0933978764481518	0.844	312	113	72.4502728350847	0	0.802232689994162	84	0.00237346949702415	84	6	169
"HiG_5"	"PLCB4"	0.0011434747479386	"HiG"	0.00355782954721822	0.233	143.5	230	53.4963143225533	0	0.117039830919206	209	0.000346271689110077	209	152	169
"HiG_5"	"PLEKHA5"	0.00122059559553567	"HiG"	7.6257002696766e-05	0.123	37	212	18.9402268181235	0	0.0461540971247805	270	0.00013655058320941	270	276	169
"HiG_5"	"PLEKHO1"	0.000947659250567588	"HiG"	3.85010210534497e-05	0.125	39	264	20.3600943366873	0	0.0297952252176635	292	8.81515538984128e-05	292	273	169
"HiG_5"	"PLN"	0.00768623640164476	"HiG"	0.401221206033285	0.842	311	32	64.6220386216774	0	3.38078521950062	28	0.0100023231346172	28	73	169
"HiG_5"	"PLOD2"	0.00133705033318826	"HiG"	0.00240987534426736	0.264	169	193	51.6926806812197	0	0.161982940483156	186	0.000479239468885076	186	163	169
"HiG_5"	"PNISR"	0.0036963132075774	"HiG"	0.00201253037861584	0.079	8	81	17.8392079837088	0	0.227798551207353	166	0.000673960210672641	166	284	169
"HiG_5"	"PNRC1"	0.00134363375894036	"HiG"	0.000340687230061896	0.12	34.5	192	14.6922462389247	0	0.0384051166902139	282	0.000113624605592349	282	300	169
"HiG_5"	"POLR3GL"	0.000642137899320362	"HiG"	2.29737469060062e-05	0.131	50.5	316	8.68660113939499	0	0.0167019102225995	315	4.9413935569821e-05	315	322	169
"HiG_5"	"POPDC2"	0.00192317404645597	"HiG"	0.0827895449275387	0.775	295	136	62.5329587689449	0	0.657867021501163	92	0.00194635213461883	92	99	169
"HiG_5"	"PPIC"	0.00116802106766143	"HiG"	0.00311333650734923	0.205	122.5	225	31.6112018780046	0	0.150756232218916	190	0.000446024355677267	190	230	169
"HiG_5"	"PPM1K"	0.000912962662765875	"HiG"	0.00239376426997208	0.291	189	270	29.8773955332299	0	0.0627419477863203	249	0.000185627064456569	249	234	169
"HiG_5"	"PPP1CB"	0.00283086969915849	"HiG"	0.0363618384900082	0.182	99.5	96	53.0292707826954	0	0.578027994425105	98	0.00171014199534055	98	154	169
"HiG_5"	"PPP1R12A"	0.00234929634772073	"HiG"	0.0246811680904064	0.218	133	111	54.6869189661929	0	0.498679216043224	104	0.00147538229598587	104	147	169
"HiG_5"	"PPP1R12B"	0.00372573262971018	"HiG"	0.0932196535698889	0.415	250.5	79	59.7787285179392	0	1.00630952432745	76	0.00297724711339483	76	117	169
"HiG_5"	"PPP1R15A"	0.00180988974117405	"HiG"	0.0114110424684303	0.178	94	151	48.1569429231294	0	0.233128430801665	162	0.000689729085212025	162	179	169
"HiG_5"	"PPP1R1A"	0.000802748241149971	"HiG"	0.00461055518083141	0.266	170	292	50.4521199207619	0	0.07622770796288	237	0.000225525763203787	237	172	169
"HiG_5"	"PPP2R3A"	0.000863324271071718	"HiG"	0.00569652663040274	0.502	257	280	59.7533607898063	0	0.0997822325286588	220	0.000295213705706091	220	118	169
"HiG_5"	"PRDX1"	0.0026783788171729	"HiG"	0.0172195408704689	0.184	104.5	101	46.5531413958482	0	0.487357839364308	108	0.00144188709871097	108	185	169
"HiG_5"	"PRICKLE1"	0.000862928168287906	"HiG"	0.00207645553013839	0.316	210.5	281	70.0552441750363	0	0.092619806809497	226	0.000274023097069518	226	20	169
"HiG_5"	"PRKAG2"	0.00439890519625712	"HiG"	0.227406423880686	0.813	302	68	68.8839533288956	0	1.76657226553376	52	0.00522654516430107	52	30	169
"HiG_5"	"PRSS23"	0.00113984842512148	"HiG"	0.00947109733831435	0.583	270	232	76.0065683863842	0	0.233963576908229	160	0.000692199931681151	160	2	169
"HiG_5"	"PRTG"	0.00110176961998415	"HiG"	0.00166615997080996	0.247	152.5	241	56.95108834511	0	0.123478988432323	201	0.000365322450983203	201	137	169
"HiG_5"	"PTPRD"	0.00170704116580251	"HiG"	0.00245136041554477	0.129	46.5	159	41.653570502076	0	0.186528400017703	177	0.000551859171650009	177	198	169
"HiG_5"	"QKI"	0.00171788532163272	"HiG"	0.0106783283226523	0.352	226	157	50.7090925684788	0	0.342097435877837	131	0.00101212259135455	131	171	169
"HiG_5"	"RBFOX2"	0.00189403757732432	"HiG"	0.0212553714314969	0.379	241	138	57.3545451310755	0	0.350335198300935	126	0.00103649466952939	126	134	169
"HiG_5"	"RCSD1"	0.0013028464650458	"HiG"	8.33414565162169e-06	0.104	19	197	12.2455994812093	0	0.0445682631447058	273	0.000131858766700313	273	313	169
"HiG_5"	"RFTN1"	0.000469206526601416	"HiG"	2.94340196884725e-08	0.254	161	335	6	0	0.000530246132233694	337	1.56877553915294e-06	337	334	169
"HiG_5"	"RGS4"	0.00203520322663665	"HiG"	0.00339984450537847	0.228	140	126	36.8601746124673	0	0.334496515137274	134	0.00098963466016945	134	214	169
"HiG_5"	"RGS5"	0.0022435351092543	"HiG"	0.00791809221254024	0.269	172	117	41.8371121457845	0	0.411488135906749	121	0.00121742052043417	121	196	169
"HiG_5"	"RHOBTB3"	0.0020101983774864	"HiG"	0.00580971500345825	0.105	20	128	37.8551903197374	0	0.162928218176199	185	0.000482036148450294	185	210	169
"HiG_5"	"RNF19A"	0.000707841308303756	"HiG"	0.000590338163369658	0.203	119	306	22.060293286777	0	0.032082523489438	291	9.49187085486332e-05	291	268	169
"HiG_5"	"RNPC3"	0.00101073876562811	"HiG"	3.32663659412762e-05	0.127	42.5	253	13.171608627695	0	0.0434921291382205	276	0.000128674938278759	276	307	169
"HiG_5"	"RTL8C"	0.000860033542002519	"HiG"	3.32248207753954e-06	0.124	38	282	9.36976245929507	0	0.021470625431307	304	6.35225604476538e-05	304	319	169
"HiG_5"	"RYR2"	0.00824547751300021	"HiG"	0.286371288826828	0.723	287	27	58.4316782018222	0	3.14061984657777	32	0.00929177469401708	32	125	169
"HiG_5"	"SC5D"	0.000715382970905642	"HiG"	1.21433425791241e-05	0.155	72.5	305	17.7431794956569	0	0.0221687604142904	303	6.55880485629894e-05	303	285	169
"HiG_5"	"SELENOW"	0.000594756250149756	"HiG"	0.00105269992877625	0.371	238	323	40.1941735908522	0	0.0454179581460372	271	0.000134372657236796	271	204	169
"HiG_5"	"SENP7"	0.000567776703972875	"HiG"	5.48776579812859e-05	0.163	81.5	325	13.2042167777844	0	0.0101624861451555	325	3.00665270566731e-05	325	306	169
"HiG_5"	"SEPTIN2"	0.000751352697703848	"HiG"	0.00168950927569811	0.171	90	302	47.5118710635799	0	0.0475668489319691	267	0.000140730322283932	267	180	169
"HiG_5"	"SERINC1"	0.000991038496462965	"HiG"	5.35135180574748e-05	0.11	23	258	16.7085082437164	0	0.0345240729360489	287	0.000102142227621446	287	287	169
"HiG_5"	"SH3BGRL"	0.0013678202652837	"HiG"	0.00229969944396085	0.114	27.5	191	27.8033147377039	0	0.118668272223488	207	0.000351089562791384	207	244	169
"HiG_5"	"SH3GLB1"	0.00108613311280358	"HiG"	6.92746592642698e-05	0.129	46.5	243	19.5086855020495	0	0.0724165696408189	241	0.000214250206037926	241	275	169
"HiG_5"	"SH3KBP1"	0.00252275520584431	"HiG"	0.00136409134499122	0.102	16	106	28.6686529805159	0	0.206947345781725	169	0.000612270253792087	169	240	169
"HiG_5"	"SIPA1L2"	0.000615753178063264	"HiG"	3.16702395390551e-06	0.204	120.5	320	13.1570550588149	0	0.0128598275810584	323	3.80468271628947e-05	323	308	169
"HiG_5"	"SLC25A4"	0.00698209474516816	"HiG"	0.295706288854254	0.574	268	42	59.7468925277979	0	2.54823607797419	39	0.00753915999400649	39	119	169
"HiG_5"	"SLC40A1"	0.000778215811969625	"HiG"	0.0125809527888841	0.553	264	296	60.8089226431908	0	0.0795472216371833	234	0.000235346809577466	234	113	169
"HiG_5"	"SLC8A1"	0.00511996965959032	"HiG"	0.239629897182957	0.839	308	52	67.41023743512	0	2.11864663686665	43	0.00626818531617352	43	42	169
"HiG_5"	"SLIT2"	0.0022858382093556	"HiG"	0.00456049196370119	0.247	152.5	114	55.1690769717511	0	0.412129920923502	120	0.00121931929267308	120	145	169
"HiG_5"	"SLIT3"	0.0016566523447113	"HiG"	0.00476341265856511	0.257	163	163	57.5447847458694	0	0.287004897719146	149	0.000849126916328835	149	133	169
"HiG_5"	"SMARCA1"	0.00248267806667349	"HiG"	0.00100125157712238	0.086	9	107	23.4263927436016	0	0.196775408205791	174	0.000582175763922458	174	263	169
"HiG_5"	"SMPX"	0.00740202832383996	"HiG"	0.398838075669816	0.738	290	36	60.4781077582786	0	3.05324542521653	33	0.00903327048880631	33	115	169
"HiG_5"	"SORBS2"	0.00287563186990412	"HiG"	0.108435160026846	0.832	305	92	63.6396238019723	0	1.05420952651366	73	0.00311896309619427	73	88	169
"HiG_5"	"SPTBN1"	0.00194603662322771	"HiG"	0.0177349583695879	0.276	177.5	133	48.9229496404186	0	0.33876557320756	133	0.00100226500948982	133	177	169
"HiG_5"	"SRP14"	0.0018463189940161	"HiG"	0.00904957481711424	0.166	87	142	29.1413471149738	0	0.307293898800813	143	0.000909153546747966	143	235	169
"HiG_5"	"SSBP2"	0.000706733257116844	"HiG"	0.000281271593540517	0.185	106	307	44.79324644761	0	0.0358131410512816	284	0.000105956038613259	284	191	169
"HiG_5"	"SUCLG1"	0.00295292059608436	"HiG"	0.00990707864834517	0.308	202	90	30.5663604727019	0	0.640135254565161	93	0.00189389128569574	93	233	169
"HiG_5"	"SVIL"	0.00274714109344408	"HiG"	0.0601731049650548	0.591	271	100	51.0312486439626	0	0.850972051828922	82	0.00251766879239326	82	168	169
"HiG_5"	"SYNPO2L"	0.00478140822105059	"HiG"	0.281332077103744	0.845	313	57	63.7206187193801	0	2.08397766728702	44	0.00616561440025746	44	84	169
"HiG_5"	"SYTL5"	0.000674773889835246	"HiG"	2.6136310204597e-05	0.126	40.5	313	22.9702263756999	0	0.0174747068588207	314	5.17003161503571e-05	314	265	169
"HiG_5"	"TACC2"	0.00160658507296195	"HiG"	0.00155956818582259	0.119	32	168	24.4651987769406	0	0.125926660735026	199	0.000372564085014869	199	256	169
"HiG_5"	"TAGLN"	0.0120748939623151	"HiG"	0.372376620179674	0.656	278	13	68.4794588331223	0	4.48363379682203	18	0.0132651887479942	18	34	169
"HiG_5"	"TBX5"	0.0049996791031584	"HiG"	0.145298166393388	0.712	285	55	69.8790290834259	0	1.73115802568051	53	0.00512176930674708	53	22	169
"HiG_5"	"TCEA3"	0.00179257403317298	"HiG"	0.000210391880736602	0.088	10	152	19.8919394779412	0	0.104391963448091	215	0.000308851962864175	215	274	169
"HiG_5"	"TCEAL1"	0.00176085392100734	"HiG"	8.87213738570011e-07	0.061	3	153	6.11927732833192	0	0.0516181292602753	265	0.000152716358758211	265	332	169
"HiG_5"	"TECRL"	0.00150097344204876	"HiG"	0.0282813780446967	0.579	269	182	56.8332729245263	0	0.319860490033727	138	0.000946332810750673	138	138	169
"HiG_5"	"TGFB2"	0.00442493271845887	"HiG"	0.0300041038343716	0.345	221	65	65.1051359764087	0	1.06890288248982	72	0.00316243456357934	72	67	169
"HiG_5"	"THBS1"	0.00571472201488373	"HiG"	0.0618771871732197	0.298	195	46	61.0190525472917	0	1.5311009435012	59	0.0045298844482284	59	110	169
"HiG_5"	"TIMP3"	0.00315128547138142	"HiG"	0.0322418868753111	0.399	248	86	68.2002969240609	0	0.792799711407796	85	0.00234556127635443	85	38	169
"HiG_5"	"TIPARP"	0.000766356688778606	"HiG"	5.2535498963142e-06	0.182	99.5	300	16.4475165747916	0	0.0177440935887136	313	5.24973183098036e-05	313	288	169
"HiG_5"	"TMEM141"	0.00049667054394418	"HiG"	9.11177221031079e-09	0.15	67.5	329	4	0	0.00119077264486533	335	3.52299599072584e-06	335	337	169
"HiG_5"	"TMEM14B"	0.000930771871993929	"HiG"	0.000126820715514714	0.209	126.5	266	16.2001661148536	0	0.064903858787285	247	0.000192023250849956	247	289	169
"HiG_5"	"TMEM87A"	0.000524723896474676	"HiG"	3.39256203236787e-07	0.365	233	328	8	0	0.00498556035816866	331	1.47501785744635e-05	331	325.5	169
"HiG_5"	"TMX4"	0.00104195102532849	"HiG"	0.000131278124491184	0.113	26	249	20.9571377179387	0	0.0448626989445381	272	0.000132729878534136	272	272	169
"HiG_5"	"TNC"	0.00107640326287696	"HiG"	0.00147703037857404	0.315	208	244	57.6804336499248	0	0.161744224955388	187	0.000478533209927184	187	131	169
"HiG_5"	"TNNC1"	0.0107965636426572	"HiG"	0.792246650806265	0.923	335	18	70.0616690773954	0	5.34609338700995	12	0.0158168443402661	12	19	169
"HiG_5"	"TNNI1"	0.00858698324984492	"HiG"	0.583076306866215	0.932	336.5	24	68.3029670915753	0	4.1189975300011	20	0.0121863832248553	20	37	169
"HiG_5"	"TNNI3"	0.00804276388042788	"HiG"	0.519772063100207	0.889	327	30	66.0552484092966	0	3.78736973127448	23	0.0112052358913446	23	54	169
"HiG_5"	"TNNT2"	0.0179274881120249	"HiG"	0.925747058517601	0.869	320.5	4	65.5028750640769	0	8.23374650532874	4	0.0243601967613276	4	62	169
"HiG_5"	"TP53I11"	0.000598212417196523	"HiG"	7.78837396700745e-06	0.198	115	322	28.7422469853889	0	0.015441826312682	317	4.56858766647398e-05	317	239	169
"HiG_5"	"TPM1"	0.0193259779343131	"HiG"	0.964911077522001	0.834	306	1	64.596147798621	0	8.52193878924707	2	0.0252128366545771	2	74	169
"HiG_5"	"TPM2"	0.00847611472870265	"HiG"	0.427064807525354	0.801	298	26	71.6113997063245	0	3.57071294014052	25	0.0105642394678714	25	10	169
"HiG_5"	"TRDN"	0.00660783303932453	"HiG"	0.269544241528465	0.835	307	44	54.4153855998697	0	2.74542165250133	37	0.00812254926775541	37	149	169
"HiG_5"	"TRH"	0.00144541286841945	"HiG"	0.00138439399048267	0.142	61.5	187	22.8353431719774	0	0.0868230164677995	228	0.000256872829786389	228	266	169
"HiG_5"	"TRIM24"	0.00124553262475991	"HiG"	0.000586553200253368	0.128	44.5	208	22.5812431300893	0	0.0840403508645194	231	0.000248640091315146	231	267	169
"HiG_5"	"TRIM55"	0.00444299668372904	"HiG"	0.179773303728328	0.504	258	64	63.3008327116458	0	1.49056438192856	60	0.00440995379268806	60	91	169
"HiG_5"	"TSC22D1"	0.00151669390857099	"HiG"	0.000735705001829541	0.115	29	178	24.8082531151313	0	0.0658120092818017	246	0.000194710086632549	246	255	169
"HiG_5"	"TSC22D3"	0.00159529337680031	"HiG"	1.23287103706807e-05	0.092	12	171	8.67077847467368	0	0.0562750399412747	262	0.000166494201009688	262	323	169
"HiG_5"	"TSHZ2"	0.00159831980049352	"HiG"	8.4594825797579e-05	0.168	89	170	25.4489179438418	0	0.103626448717006	217	0.000306587126381676	217	252	169
"HiG_5"	"TSPAN2"	0.000857533404152066	"HiG"	1.79347712165106e-05	0.182	99.5	283	32.4230720501902	0	0.0229207387144937	301	6.78128364334134e-05	301	228	169
"HiG_5"	"TTN"	0.0106067985491874	"HiG"	0.365025817781238	0.805	300	19	57.5922748488137	0	4.31691600753643	19	0.0127719408506995	19	132	169
"HiG_5"	"TXNIP"	0.00157671765347661	"HiG"	0.00311754059494198	0.133	53	173	61.1222230122425	0	0.171087569121263	182	0.000506176240003738	182	108	169
"HiG_5"	"UBE2H"	0.00089188467141027	"HiG"	0.00144926029186228	0.138	58	273	38.0587180204623	0	0.0243368079452924	299	7.20023903706875e-05	299	209	169
"HiG_5"	"UNC45B"	0.00390862682497216	"HiG"	0.206756311617009	0.898	330	73	62.7974997126718	0	1.71466556355174	55	0.00507297504009391	55	95	169
"HiG_5"	"VAMP2"	0.00129441322166848	"HiG"	0.000372650748463511	0.156	75.5	199	23.5598906970715	0	0.096255861258289	224	0.000284780654610322	224	261	169
"HiG_5"	"VCAN"	0.00447581911600553	"HiG"	0.0179682757337348	0.218	133	63	58.2164534649952	0	0.931849605450033	79	0.0027569514954143	79	129	169
"HiG_5"	"VIM"	0.00929147898445142	"HiG"	0.20578080039951	0.374	239	22	69.1547068016339	0	2.91930929362933	34	0.00863700974446546	34	27	169
"HiG_5"	"WLS"	0.00112359514386362	"HiG"	0.000306812897148413	0.362	230.5	235	47.3823925287467	0	0.0595067658385481	254	0.000176055520232391	254	181	169
"HiG_5"	"WNT5A"	0.00486651711633467	"HiG"	0.0161517846501608	0.248	155.5	56	61.7549111847997	0	1.04302631833376	75	0.00308587668146082	75	102	169
"HiG_5"	"WSB1"	0.00200776336930807	"HiG"	0.000376359652615351	0.128	44.5	129	14.5208576894671	0	0.117218862590374	208	0.000346801368610575	208	302	169
"HiG_5"	"WWTR1"	0.00141215477627775	"HiG"	0.0132417168101879	0.249	158	188	69.831640824481	0	0.280196960366725	152	0.000828985089842381	152	23	169
"HiG_5"	"YAF2"	0.000530171374374537	"HiG"	7.58637210090721e-06	0.293	192	327	15.3495418129615	0	0.00738416783382289	328	2.18466503959257e-05	328	297	169
"HiG_5"	"YPEL5"	0.0018658619582168	"HiG"	0.000501506305310316	0.077	7	141	15.33418392536	0	0.0622953211088573	252	0.000184305683754016	252	298	169
"HiG_5"	"ZC2HC1A"	0.0019519882598692	"HiG"	0.000125449034702341	0.312	205	132	6.07604914958701	0	0.0325741827975673	290	9.63733218862937e-05	290	333	169
"HiG_5"	"ZEB1"	0.00276218802396804	"HiG"	0.0123487834304484	0.259	165	99	59.6535948082027	0	0.589529587627692	97	0.00174417037759672	97	120	169
"HiG_5"	"ZEB2"	0.00193468452405856	"HiG"	0.00482195734517686	0.256	162	134	59.1220106979111	0	0.34988893966441	127	0.00103517437770536	127	122	169
"HiG_5"	"ZHX1"	0.000490453542688459	"HiG"	4.11874621637835e-06	0.251	159.5	331	29.0702202630379	0	0.00689799622894783	329	2.04082728667096e-05	329	237	169
"HiG_5"	"ZNF503"	0.00118207451153869	"HiG"	0.00038496250516746	0.202	118	219	34.6297073479669	0	0.099417692872853	222	0.000294135186014358	222	222	169
"HiG_5"	"ZNF608"	0.000695922803675795	"HiG"	2.49604584937496e-06	0.195	111	309	15.958952866195	0	0.0187118300968852	308	5.53604440736247e-05	308	291	169
"HiG_5"	"ZNF704"	0.000705080782370081	"HiG"	2.79706223764018e-05	0.155	72.5	308	15.6905539528855	0	0.0185188374374469	310	5.47894598741032e-05	310	294	169
"HiG_5"	"ZNF83"	0.00117751580084047	"HiG"	3.45011679689688e-05	0.119	32	221	11.7749987476233	0	0.0229363287907064	300	6.78589609192497e-05	300	314	169
"HiG_6"	"AKAP12"	0.00463255716588071	"HiG"	0.058866625279235	0.616	82	76	18.9358725297359	0	0.23326394697249	67	0.002221561399738	67	85	51.5
"HiG_6"	"ANXA1"	0.0232676900535714	"HiG"	0.666144434966366	0.648	92	7	27.866758903656	0	1.65770952469651	7	0.0157877097590144	7	38	51.5
"HiG_6"	"ANXA2"	0.0312192098647737	"HiG"	0.784578543212826	0.663	97	4	26.226752486543	0	2.2331006613138	4	0.0212676253458457	4	43	51.5
"HiG_6"	"ARHGAP10"	0.00439215151432116	"HiG"	0.000132112198706833	0.321	3	78	6.5038502401971	0	0.0188274380847804	100	0.000179308934140766	100	97	51.5
"HiG_6"	"ARID5B"	0.00240971314461231	"HiG"	0.00175259253944834	0.368	11	97	14.3172665682914	0	0.0350960325835592	95	0.00033424792936723	95	92	51.5
"HiG_6"	"ATAD2"	0.0101386950318464	"HiG"	0.00577140928637177	0.436	43.5	37	22.1307448088195	0	0.498380951306155	39	0.00474648525053481	39	66	51.5
"HiG_6"	"ATP2B1"	0.00296417915105658	"HiG"	0.000463477079757096	0.391	20	89	4	0	0.0305617521693106	96	0.000291064306374386	96	99	51.5
"HiG_6"	"BST2"	0.00257887019089687	"HiG"	0.00263949781578623	0.424	32	94	8.27910601231813	0	0.0529516860004015	89	0.000504301771432395	89	96	51.5
"HiG_6"	"CALD1"	0.0175959140181265	"HiG"	0.328381371928977	0.42	29	15	28.8137679336329	0	1.03202901989403	15	0.00982884780851461	15	26	51.5
"HiG_6"	"CAVIN1"	0.0120361545426604	"HiG"	0.312178122098681	0.667	98	28	24.7978685328367	0	0.818142015596275	22	0.00779182871996453	22	53	51.5
"HiG_6"	"CDC6"	0.00904122080461735	"HiG"	0.00821078207764173	0.435	41	46	21.6264194013211	0	0.440871630594946	45	0.00419877743423758	45	69	51.5
"HiG_6"	"CENPU"	0.0117593845030343	"HiG"	0.00806287446104213	0.397	21	32	20.9883329020707	0	0.586638386801023	34	0.00558703225524784	34	79	51.5
"HiG_6"	"CLSPN"	0.00969229366778046	"HiG"	0.00421405450673169	0.443	48	39	21.3985210805098	0	0.461206855703005	42	0.00439244624479052	42	72	51.5
"HiG_6"	"COBLL1"	0.00472737425342467	"HiG"	0.00953936061743763	0.373	14.5	73	22.5525032055049	0	0.0727691842376808	84	0.000693039849882675	84	61	51.5
"HiG_6"	"COL1A1"	0.0177089405952891	"HiG"	0.501182718044496	0.64	87	13	31.6207945237278	0	1.19991237718356	13	0.0114277369255578	13	6	51.5
"HiG_6"	"COL1A2"	0.0241618992020102	"HiG"	0.682778125015864	0.646	90	6	31.607426047654	0	1.66337680207245	6	0.0158416838292615	6	7	51.5
"HiG_6"	"COL3A1"	0.0332582618743618	"HiG"	0.850976072408965	0.556	72	1	28.6519002955502	0	2.23578065359305	3	0.0212931490818385	3	28	51.5
"HiG_6"	"CPE"	0.00236745052806214	"HiG"	0.0371995924801016	0.554	71	98	34.863127336831	0	0.0707031321119955	85	0.000673363162971385	85	2	51.5
"HiG_6"	"CSRP2"	0.00595934081743765	"HiG"	0.158239491371659	0.564	75	63	29.2251289237774	0	0.337365312359634	55	0.00321300297485366	55	24	51.5
"HiG_6"	"CST3"	0.00496017151895907	"HiG"	0.0786627170796562	0.658	95	72	25.2163181337141	0	0.253776599900454	64	0.00241691999905194	64	50	51.5
"HiG_6"	"CTSL"	0.00685474308350759	"HiG"	0.13254329602629	0.625	85	54	24.2152699185274	0	0.372050420023617	50	0.00354333733355826	50	55	51.5
"HiG_6"	"DAB2"	0.0059698454045578	"HiG"	0.146746389076099	0.671	99	62	27.904582700439	0	0.345471823425809	53	0.00329020784215057	53	37	51.5
"HiG_6"	"DCN"	0.0292982820409884	"HiG"	0.884393096384995	0.598	78	5	30.1484285182268	0	2.04012197515543	5	0.0194297330967184	5	14	51.5
"HiG_6"	"DNAJC9"	0.00591071801046497	"HiG"	0.00451424375964633	0.447	51.5	65	22.3380581003062	0	0.261336956610567	63	0.00248892339629111	63	63	51.5
"HiG_6"	"DSC2"	0.00604356570938398	"HiG"	0.0674862216296709	0.647	91	61	24.8084823734236	0	0.327233832010405	56	0.00311651268581338	56	52	51.5
"HiG_6"	"DSP"	0.0114536062838819	"HiG"	0.204346358337042	0.621	83	33	25.8484745513144	0	0.70449894210786	27	0.00670951373436057	27	47	51.5
"HiG_6"	"DUT"	0.012064558066354	"HiG"	0.00740904245353888	0.433	39	27	23.3250801606912	0	0.616958670800241	32	0.0058757968647642	32	58	51.5
"HiG_6"	"EZR"	0.0204169023019892	"HiG"	0.319698822062834	0.515	65	10	20.6615584835695	0	1.23933095363046	12	0.0118031519393377	12	80	51.5
"HiG_6"	"FAM111B"	0.00362997446305636	"HiG"	0.00112725489235266	0.453	55.5	83	20.6141630503932	0	0.128229265216308	79	0.00122123109729817	79	82	51.5
"HiG_6"	"FRMD4B"	0.00160041652404038	"HiG"	0.000341690818613644	0.424	32	102	24	0	0.00632843661452998	101	6.02708249002855e-05	101	56	51.5
"HiG_6"	"FRZB"	0.0118355227083082	"HiG"	0.289708593176383	0.541	69	31	28.4435085663844	0	0.702881710106853	28	0.00669411152482717	28	31	51.5
"HiG_6"	"GINS2"	0.00752155683336877	"HiG"	0.00485293522166262	0.44	47	49	21.1469461442672	0	0.354575617943446	51	0.00337691064708044	51	74	51.5
"HiG_6"	"GPC3"	0.00631632668714163	"HiG"	0.0748755624629802	0.522	66	59	30.0156842675799	0	0.318206167644363	57	0.00303053492994632	57	15	51.5
"HiG_6"	"GUCY1A1"	0.00465984883174977	"HiG"	0.0205073137868578	0.428	36.5	74	21.0592823463138	0	0.0805830854420128	82	0.000767457956590598	82	77	51.5
"HiG_6"	"H2AFZ"	0.0104790302174265	"HiG"	0.0148910952066505	0.424	32	36	22.8602428354353	0	0.520640987562515	36	0.00495848559583348	36	59	51.5
"HiG_6"	"H3F3B"	0.00629509243601483	"HiG"	0.00910202986275298	0.403	24	60	21.0070865505099	0	0.275353976938322	62	0.00262241882798401	62	78	51.5
"HiG_6"	"HAND1"	0.00329130028582567	"HiG"	0.00302029724204836	0.367	8.5	86	13.0795630652588	0	0.0773214357502693	83	0.000736394626193041	83	94	51.5
"HiG_6"	"HIST1H1D"	0.0128139752259721	"HiG"	0.00937529775320926	0.342	5	26	14.7271338156202	0	0.60411794370886	33	0.00575350422579866	33	91	51.5
"HiG_6"	"HIST1H1E"	0.0131918142981316	"HiG"	0.0143861535862454	0.347	6	25	14.8557857295124	0	0.649411350325054	29	0.00618487000309575	29	90	51.5
"HiG_6"	"HIST1H4C"	0.0167325859226938	"HiG"	0.0463499364061045	0.37	13	17	19.7050405332485	0	0.894988988688298	18	0.00852370465417427	18	84	51.5
"HiG_6"	"HMGB2"	0.00928176003918031	"HiG"	0.00818831548181966	0.402	22.5	43	22.0297569490445	0	0.441339272005511	44	0.00420323116195725	44	67	51.5
"HiG_6"	"HMGN2"	0.00530914473628837	"HiG"	0.00943732548089036	0.457	57	69	26.6570353577214	0	0.229325410252296	68	0.00218405152621234	68	41	51.5
"HiG_6"	"HNRNPDL"	0.00228533095322943	"HiG"	0.00664546332035136	0.447	51.5	99	25.0764457032824	0	0.048112452254472	92	0.000458213830994971	92	51	51.5
"HiG_6"	"HP1BP3"	0.00254828856188671	"HiG"	0.00208260164056697	0.405	26	95	30.7485059186788	0	0.0603440604792659	86	0.00057470533789777	86	10	51.5
"HiG_6"	"ID2"	0.00464861892851519	"HiG"	0.0322924887872005	0.404	25	75	17.1223418002249	0	0.143787934692635	78	0.00136940890183462	78	88	51.5
"HiG_6"	"IGF2"	0.0111738597882386	"HiG"	0.132060917683912	0.529	68	34	26.1314267711115	0	0.620431159037885	31	0.00590886818131319	31	46	51.5
"HiG_6"	"IGFBP3"	0.0120139412466885	"HiG"	0.219094225613873	0.563	74	29	29.8892429224742	0	0.718261149954	26	0.00684058238051429	26	17	51.5
"HiG_6"	"IGFBP5"	0.00919375440945754	"HiG"	0.156129527436322	0.445	50	45	28.5437429261179	0	0.46319518208827	41	0.00441138268655495	41	29	51.5
"HiG_6"	"IL6ST"	0.00306925333690651	"HiG"	0.00426824898511174	0.437	45.5	87	18.1299721050305	0	0.0493034764625655	91	0.0004695569186911	91	87	51.5
"HiG_6"	"KRT18"	0.0202492685894347	"HiG"	0.386653503911678	0.639	86	11	29.2853915128231	0	1.34065967893068	10	0.0127681874183874	10	23	51.5
"HiG_6"	"KRT19"	0.0134215178020604	"HiG"	0.280405553086493	0.624	84	24	30.1731288574198	0	0.866138095781607	20	0.00824893424553911	20	13	51.5
"HiG_6"	"KRT8"	0.0209643205513559	"HiG"	0.454159903606048	0.653	94	8	29.7905648585404	0	1.45094557292935	8	0.0138185292659938	8	19	51.5
"HiG_6"	"LRRN3"	0.00196597795712121	"HiG"	0.0207073656485432	0.545	70	101	29.0011462329825	0	0.038352011158487	94	0.000365257249128447	94	25	51.5
"HiG_6"	"LUM"	0.0326491806640456	"HiG"	1	0.662	96	2	30.2251987390285	0	2.35709439492899	1	0.0224485180469428	1	12	51.5
"HiG_6"	"MAB21L2"	0.00244705370625121	"HiG"	0.000352191589929912	0.373	14.5	96	8.76773520674842	0	0.0299291691245215	97	0.000285039705947824	97	95	51.5
"HiG_6"	"MARCKS"	0.00373318736356221	"HiG"	0.0543304878861771	0.586	77	82	30.2491211045068	0	0.164935690873162	74	0.00157081610355392	74	11	51.5
"HiG_6"	"MDK"	0.00591815105633198	"HiG"	0.0551942952709148	0.559	73	64	28.459783972276	0	0.293343844045972	61	0.00279375089567592	61	30	51.5
"HiG_6"	"MEIS2"	0.00303936227526837	"HiG"	0.0111764632882113	0.378	17	88	20.6291249954104	0	0.0594283791941677	88	0.000565984563753978	88	81	51.5
"HiG_6"	"MEST"	0.00413394128702989	"HiG"	0.0283570256345104	0.599	79	79	25.6113209188471	0	0.181252510309685	71	0.00172621438390176	71	49	51.5
"HiG_6"	"MGP"	0.00672646059385174	"HiG"	0.218301503772813	0.613	81	57	31.1909904364807	0	0.406464492410183	47	0.0038710904039065	47	9	51.5
"HiG_6"	"MKI67"	0.00990569531934027	"HiG"	0.0599145895681288	0.435	41	38	31.3693358200796	0	0.514021739013456	37	0.00489544513346149	37	8	51.5
"HiG_6"	"MYH10"	0.00525728880172548	"HiG"	0.0575000611245823	0.451	54	70	28.2522877551342	0	0.252275908652167	66	0.00240262770144921	66	35	51.5
"HiG_6"	"MYL7"	0.00930831509205637	"HiG"	0.0834662192999295	0.368	11	41	22.1438979142334	0	0.464552467558456	40	0.00442430921484244	40	65	51.5
"HiG_6"	"NPNT"	0.00342763862704744	"HiG"	0.0876964421243779	0.65	93	84	34.3348241996141	0	0.15793608325672	75	0.00150415317387352	75	3	51.5
"HiG_6"	"NXPH2"	0.00267279605858631	"HiG"	5.96560286587356e-07	0.338	4	92	3	0	0.00610618815803429	102	5.81541729336599e-05	102	100	51.5
"HiG_6"	"PALLD"	0.00729178951994478	"HiG"	0.122645299174995	0.524	67	52	28.4122660037055	0	0.382142893487487	48	0.00363945612845226	48	32	51.5
"HiG_6"	"PCLAF"	0.0168774198694183	"HiG"	0.0115607093801597	0.45	53	16	22.4326821670022	0	0.888688911634944	19	0.0084637039203328	19	62	51.5
"HiG_6"	"PCNA"	0.0176757420918343	"HiG"	0.02571186158869	0.406	27	14	21.1378701542728	0	0.946949486033861	16	0.00901856653365582	16	75	51.5
"HiG_6"	"PITX2"	0.00676973299799348	"HiG"	0.0180213489607187	0.368	11	56	13.9381311144414	0	0.203963379004061	70	0.00194250837146724	70	93	51.5
"HiG_6"	"PKP2"	0.00573355743975388	"HiG"	0.0714307523276256	0.642	88	66	28.0163726167915	0	0.310673652570515	59	0.00295879669114776	59	36	51.5
"HiG_6"	"PLAT"	0.00639050058625964	"HiG"	0.162499816715119	0.712	101	58	32.0214360639694	0	0.376191626967791	49	0.00358277739969325	49	5	51.5
"HiG_6"	"POLD3"	0.00571000149717274	"HiG"	0.00235654068856175	0.436	43.5	67	21.8152855718323	0	0.252311440519747	65	0.00240296610018807	65	68	51.5
"HiG_6"	"POSTN"	0.0159354954346112	"HiG"	0.455519421287505	0.608	80	18	29.9242178977839	0	1.0538437308153	14	0.0100366069601457	14	16	51.5
"HiG_6"	"PRSS35"	0.00267288658365082	"HiG"	0.0480694700727073	0.583	76	91	38.283651796926	0	0.095143641765164	80	0.00090612992157299	80	1	51.5
"HiG_6"	"PTN"	0.0080786254599062	"HiG"	0.0730122343492606	0.419	28	47	26.5142680010153	0	0.313926660321927	58	0.00298977771735168	58	42	51.5
"HiG_6"	"PXK"	0.00339762332585693	"HiG"	0.000255767097374248	0.367	8.5	85	6.49606730662058	0	0.0499455892636809	90	0.000475672278701723	90	98	51.5
"HiG_6"	"RAD21"	0.00570145446188788	"HiG"	0.010327097820137	0.39	19	68	27.3508102034125	0	0.223763655743759	69	0.00213108243565485	69	40	51.5
"HiG_6"	"S100A10"	0.0184825098572639	"HiG"	0.581553487823989	0.713	102	12	29.3891119831609	0	1.35091700787994	9	0.0128658762655232	9	21	51.5
"HiG_6"	"SARAF"	0.00260328669979468	"HiG"	0.00305865025111056	0.46	58	93	15.8302655378273	0	0.0595159901535725	87	0.000566818953843547	87	89	51.5
"HiG_6"	"SEPTIN7"	0.00412224232240458	"HiG"	0.0144056521122112	0.464	59	80	25.6298802194705	0	0.153340671439724	77	0.00146038734704499	77	48	51.5
"HiG_6"	"SLBP"	0.00693460551139234	"HiG"	0.00551770196781707	0.428	36.5	53	21.3391570315465	0	0.309307693445401	60	0.00294578755662287	60	73	51.5
"HiG_6"	"SLC9A3R1"	0.00748789450984687	"HiG"	0.0818328694390519	0.48	60.5	50	22.1619116369345	0	0.351028083029689	52	0.00334312460028275	52	64	51.5
"HiG_6"	"SMC4"	0.00919800391156115	"HiG"	0.0103133964088635	0.422	30	44	26.1519286841109	0	0.428481697153052	46	0.0040807780681243	46	45	51.5
"HiG_6"	"SOX6"	0.00501510624696846	"HiG"	0.0448320931034398	0.375	16	71	21.5090461872137	0	0.174883399194984	72	0.00166555618280937	72	70	51.5
"HiG_6"	"SPARC"	0.0320430645185389	"HiG"	0.968785962814514	0.645	89	3	29.8308360337021	0	2.31181623090103	2	0.0220172974371527	2	18	51.5
"HiG_6"	"SPDL1"	0.00282635635225524	"HiG"	0.00302275731116246	0.444	49	90	28.6597556602677	0	0.080701261675692	81	0.0007685834445304	81	27	51.5
"HiG_6"	"STK26"	0.00445831632177325	"HiG"	0.0306656733388174	0.48	60.5	77	18.8638947495025	0	0.17052825199641	73	0.001624078590442	73	86	51.5
"HiG_6"	"STMN1"	0.0105941296812705	"HiG"	0.0565973888330405	0.431	38	35	27.3526698405716	0	0.560279106303296	35	0.00533599148860282	35	39	51.5
"HiG_6"	"SVIL"	0.00208907192988329	"HiG"	0.00760290274310224	0.453	55.5	100	28.2728323744042	0	0.039893648487849	93	0.000379939509408086	93	34	51.5
"HiG_6"	"TMEM88"	0.00730082624955948	"HiG"	9.92011117779965e-05	0.252	1	51	1.86212289009579	0	0.028143084789085	98	0.000268029378943667	98	102	51.5
"HiG_6"	"TMEM98"	0.00677601094748516	"HiG"	1.76791726154384e-06	0.255	2	55	2	0	0.0240992851899889	99	0.000229517001809418	99	101	51.5
"HiG_6"	"TNNI1"	0.00789090218159097	"HiG"	0.0331625350407553	0.356	7	48	20.5306848185061	0	0.342336344296953	54	0.00326034613616146	54	83	51.5
"HiG_6"	"TNNT2"	0.0119695955106751	"HiG"	0.110777074375905	0.384	18	30	21.4559019281132	0	0.632938943926444	30	0.00602798994215661	30	71	51.5
"HiG_6"	"TOP2A"	0.0146492427858685	"HiG"	0.0896593836199254	0.425	34	20	26.2213748300126	0	0.763946346334849	25	0.00727567948890332	25	44	51.5
"HiG_6"	"TPM1"	0.0206356364436418	"HiG"	0.309860252150039	0.437	45.5	9	23.6226844303724	0	1.27185861577213	11	0.0121129391978298	11	57	51.5
"HiG_6"	"TPT1"	0.00412128377148761	"HiG"	0.021305645517998	0.493	64	81	24.4421594814436	0	0.156036094575769	76	0.00148605804357875	76	54	51.5
"HiG_6"	"TUBA1A"	0.00930177834910907	"HiG"	0.0912320449068037	0.482	62	42	32.2114499625614	0	0.499573687143054	38	0.00475784463945765	38	4	51.5
"HiG_6"	"TUBA1B"	0.0151538786217537	"HiG"	0.137384803823259	0.435	41	19	28.358142102194	0	0.844938757102464	21	0.00804703578192823	21	33	51.5
"HiG_6"	"TUBB"	0.0135918221858531	"HiG"	0.122020666807427	0.489	63	23	29.3014062383824	0	0.778662254248173	24	0.00741583099283975	24	22	51.5
"HiG_6"	"TYMS"	0.0146441713060589	"HiG"	0.0146177142070744	0.427	35	21	22.7324038663654	0	0.784297169025887	23	0.00746949684786559	23	60	51.5
"HiG_6"	"USP1"	0.00941671847168937	"HiG"	0.00864837791400215	0.402	22.5	40	21.1362520925231	0	0.454685287475634	43	0.00433033607119652	43	76	51.5
"HiG_6"	"VIM"	0.0140155173045694	"HiG"	0.293276351542262	0.675	100	22	29.5954831429187	0	0.909168642560156	17	0.00865874897676339	17	20	51.5
"HiG_7"	"ACSL4"	0.00480766431069984	"HiG"	0.110149449687585	0.781	99	82	49.9323639627646	0	0.301402706647232	75	0.00292623987036148	75	16	52.5
"HiG_7"	"ALDH3A2"	0.00491077488994968	"HiG"	0.118009022784637	0.744	91.5	80	47.6575542288954	0	0.30879398365705	74	0.00299799984133058	74	30	52.5
"HiG_7"	"ANP32B"	0.00332812531974774	"HiG"	0.0289709722359261	0.817	103	90	46.2786994840175	0	0.162257433622038	86	0.00157531488953435	86	41	52.5
"HiG_7"	"ANXA5"	0.00884452954480465	"HiG"	0.21763048242254	0.624	57	45	47.3954902830308	0	0.639128768392184	43	0.00620513367371052	43	34	52.5
"HiG_7"	"ATP5ME"	0.00564388532852745	"HiG"	0.0502991028179673	0.717	85	73	40.6507425432511	0	0.357809593831654	71	0.00347387955176363	71	79	52.5
"HiG_7"	"ATP5PD"	0.00771123021386413	"HiG"	0.136864305644082	0.692	74.5	56	43.7089707882413	0	0.551787720572945	53	0.00535716233565966	53	60	52.5
"HiG_7"	"BEX2"	0.00666479014454256	"HiG"	0.000217329627096167	0.157	1	66	4.83360989979244	0	0.065797128828207	98	0.00063880707600201	98	103	52.5
"HiG_7"	"BNIP3"	0.0110795908598022	"HiG"	0.432490714310952	0.744	91.5	32	50.9755230886265	0	0.902545376554079	26	0.00876257647139883	26	12	52.5
"HiG_7"	"C1QBP"	0.00578730434315945	"HiG"	0.0720726451179758	0.739	88	72	50.6863779652112	0	0.37498966612494	70	0.00364067637014505	70	14	52.5
"HiG_7"	"CALM1"	0.00547482150828745	"HiG"	0.0541727488660746	0.7	80	76	42.2835005669815	0	0.322888979913632	73	0.00313484446518089	73	70	52.5
"HiG_7"	"CD9"	0.00877255682642774	"HiG"	0.240688256123916	0.548	38	47	52.8698783480082	0	0.628444006425381	45	0.00610139812063477	45	8	52.5
"HiG_7"	"CKB"	0.00625860625702792	"HiG"	0.176729467430751	0.665	67	70	51.4479922970127	0	0.437847425589953	64	0.0042509458795141	64	10	52.5
"HiG_7"	"CKS2"	0.00507964073085551	"HiG"	0.0485020071850805	0.546	37	79	44.8214810806849	0	0.279641228669559	76	0.00271496338514135	76	51	52.5
"HiG_7"	"CNTNAP2"	0.00148693252286699	"HiG"	0.000687237879123916	0.808	102	103	23	0	0.00355310232237374	103	3.44961390521722e-05	103	98	52.5
"HiG_7"	"CYCS"	0.0120665675607093	"HiG"	0.181796879566172	0.664	66	28	47.6328922546752	0	0.889252093877174	27	0.00863351547453567	27	33	52.5
"HiG_7"	"DDX21"	0.0126363241650352	"HiG"	0.101684108010374	0.426	20	23	43.1567367829114	0	0.818392331341854	31	0.00794555661496946	31	62	52.5
"HiG_7"	"DPPA4"	0.00539847611718549	"HiG"	0.0194383449530145	0.333	11	77	25.7210823084854	0	0.210886297162839	80	0.00204743977827999	80	97	52.5
"HiG_7"	"EIF5B"	0.0136892291910551	"HiG"	0.17530754292506	0.649	63.5	20	44.3736658808079	0	1.0646306240545	18	0.0103362196510146	18	53	52.5
"HiG_7"	"ENO1"	0.0293616075374677	"HiG"	0.908801231174819	0.637	60	3	46.3463650658066	0	2.50445437576742	2	0.0243150910268681	2	40	52.5
"HiG_7"	"EPCAM"	0.00680698786728798	"HiG"	0.10895697022062	0.386	15	64	46.2627967933541	0	0.390417157098768	69	0.00379045783591037	69	42	52.5
"HiG_7"	"EPRS"	0.0135064180305773	"HiG"	0.15507260179844	0.596	47	21	41.5891914189823	0	1.01880629507762	21	0.00989132325318073	21	73	52.5
"HiG_7"	"FAM162A"	0.00781425818530728	"HiG"	0.257525571047455	0.701	81	55	48.2644480371207	0	0.575627846427106	50	0.00558861986822433	50	28	52.5
"HiG_7"	"GAL"	0.00201483161995901	"HiG"	0.0300391064056728	0.612	51	101	75.5468061466665	0	0.0492804179957894	100	0.000478450660153295	100	1	52.5
"HiG_7"	"GAPDH"	0.0471342226127353	"HiG"	1	0.257	4	1	38.6582989921219	0	3.60191600653791	1	0.034970058315902	1	88	52.5
"HiG_7"	"GARS"	0.0103606898832786	"HiG"	0.105633858248505	0.669	68	36	40.7665040192677	0	0.75188732529245	37	0.00729987694458689	37	78	52.5
"HiG_7"	"GGCT"	0.00203728187248034	"HiG"	0.00874403936178702	0.71	84	100	45.0301753367949	0	0.0492677129855866	101	0.000478327310539675	101	48	52.5
"HiG_7"	"GJA1"	0.0047822503023239	"HiG"	0.0453146868640902	0.263	5	83	36.2790512471384	0	0.252905827770141	78	0.00245539638611787	78	96	52.5
"HiG_7"	"GSTO1"	0.0102075291477227	"HiG"	0.279604539156266	0.619	54.5	39	50.2862725648459	0	0.771534687691848	36	0.00749062803584319	36	15	52.5
"HiG_7"	"GSTP1"	0.0143699982346161	"HiG"	0.324739990614745	0.376	14	16	44.4404522894409	0	1.01647733822895	22	0.00986871202164027	22	52	52.5
"HiG_7"	"HIST1H4C"	0.00439568131298829	"HiG"	0.0406284601236946	0.578	44	85	42.5200619847447	0	0.242673402395795	79	0.00235605245044461	79	66	52.5
"HiG_7"	"HMGA1"	0.00287580055785654	"HiG"	0.0134924214767306	0.451	21.5	95	39.0654215674236	0	0.0991961148727321	94	0.000963069076434293	94	85	52.5
"HiG_7"	"HMGB3"	0.00245244549440515	"HiG"	0.016151621203345	0.706	83	97	48.7417552803704	0	0.0804165048904788	96	0.000780742765926978	96	21	52.5
"HiG_7"	"HSP90AA1"	0.0176370226847357	"HiG"	0.25058861918319	0.611	49.5	10	47.3935121232426	0	1.36891243592562	11	0.0132904119992778	11	35	52.5
"HiG_7"	"HSP90AB1"	0.0310157092967743	"HiG"	0.493297034372199	0.537	36	2	43.7411391062937	0	2.45838471023303	3	0.0238678127207091	3	59	52.5
"HiG_7"	"HSPA4"	0.0165598471537574	"HiG"	0.21253473461013	0.614	52	12	47.6338884914103	0	1.27662238529398	12	0.0123943920902328	12	32	52.5
"HiG_7"	"HSPA8"	0.0186963473849476	"HiG"	0.353309756719958	0.681	69	8	48.3670137363727	0	1.50428379365825	8	0.0146046970258083	8	26	52.5
"HiG_7"	"HSPA9"	0.0134253511612168	"HiG"	0.167797916463982	0.688	73	22	44.0274966622144	0	1.0255643506665	20	0.00995693544336406	20	56	52.5
"HiG_7"	"HSPD1"	0.0139367776430033	"HiG"	0.188214624358904	0.695	77	18	51.6522690301297	0	1.07536793295887	16	0.0104404653685328	16	9	52.5
"HiG_7"	"HSPE1"	0.0139289066391841	"HiG"	0.178095609153813	0.568	42	19	44.2718741495806	0	1.03621319935539	19	0.0100603223238388	19	55	52.5
"HiG_7"	"IFITM1"	0.00290669164617688	"HiG"	0.0746698193601509	0.527	32	93	71.7160814689952	0	0.123389183597157	89	0.00119795323880735	89	2	52.5
"HiG_7"	"L1TD1"	0.00901283684664174	"HiG"	0.101193615710004	0.316	8	43	39.9767606924941	0	0.542221083322877	56	0.00526428236235803	56	83	52.5
"HiG_7"	"LDHA"	0.0243540176145156	"HiG"	0.865887129010326	0.692	74.5	5	48.3108734040789	0	2.10119837417218	5	0.0203999842152639	5	27	52.5
"HiG_7"	"METAP2"	0.00886751690784092	"HiG"	0.0756341174732783	0.557	41	44	42.4731741103643	0	0.618298071118829	46	0.00600289389435756	46	67	52.5
"HiG_7"	"MIXL1"	0.00403519523595514	"HiG"	0.0157837302387345	0.356	12	86	21.8919107773813	0	0.108700518458618	92	0.00105534483940406	92	99	52.5
"HiG_7"	"MORF4L2"	0.00551088103915085	"HiG"	0.0217901896121442	0.248	3	74	38.2033706092879	0	0.182671893063122	84	0.00177351352488468	84	90	52.5
"HiG_7"	"MSH2"	0.00400278474200069	"HiG"	0.0410748572695191	0.524	31	87	45.5040893686441	0	0.198194461160588	83	0.00192421806952027	83	45	52.5
"HiG_7"	"MTHFD2"	0.00806143999998104	"HiG"	0.120460796173272	0.633	59	52	40.8837316993382	0	0.545746833547879	55	0.00529851294706678	55	75	52.5
"HiG_7"	"MYL12A"	0.00397331085155296	"HiG"	0.0500168074693322	0.632	58	88	42.7045500306465	0	0.209038283035874	81	0.00202949789355217	81	65	52.5
"HiG_7"	"NARS"	0.00787218232199766	"HiG"	0.0625816441905326	0.757	94	54	39.0455499942296	0	0.550493238064048	54	0.00534459454431115	54	86	52.5
"HiG_7"	"NCL"	0.0157239937767277	"HiG"	0.166001746970623	0.496	27	14	46.2443014238017	0	1.17592712794655	15	0.0114167682324908	15	43	52.5
"HiG_7"	"NODAL"	0.00522262935148707	"HiG"	0.0196423304224098	0.273	6	78	20.1225698778944	0	0.153416468334689	87	0.00148948027509407	87	100	52.5
"HiG_7"	"NUDT15"	0.00204693414422464	"HiG"	0.00839961254453668	0.803	101	99	41.6002344358905	0	0.0511238855034485	99	0.000496348402946102	99	72	52.5
"HiG_7"	"OAZ1"	0.00388841127245288	"HiG"	0.0722112501947821	0.536	35	89	52.9488598826209	0	0.203744356508609	82	0.00197810054862727	82	7	52.5
"HiG_7"	"OCIAD2"	0.00181354819331376	"HiG"	6.99289072152028e-07	0.394	17	102	3	0	0.00431178292122058	102	4.18619701089377e-05	102	104	52.5
"HiG_7"	"PA2G4"	0.0107198993578493	"HiG"	0.0894106405068387	0.569	43	33	43.5824384581592	0	0.776302537415127	35	0.00753691783898182	35	61	52.5
"HiG_7"	"PABPC1"	0.0119513707589509	"HiG"	0.146388004965167	0.609	48	29	43.8647908236692	0	0.911817334939476	25	0.00885259548484928	25	58	52.5
"HiG_7"	"PAICS"	0.00690346890314777	"HiG"	0.129665350663916	0.719	86	61	50.706250075183	0	0.477783814404148	61	0.00463867780974901	61	13	52.5
"HiG_7"	"PDIA6"	0.0067918237074138	"HiG"	0.13798149361725	0.737	87	65	53.6063081171731	0	0.476857749233495	62	0.00462968688576209	62	6	52.5
"HiG_7"	"PEBP1"	0.0105961450875772	"HiG"	0.237501835792858	0.693	76	35	48.4990349919917	0	0.788811577950245	33	0.0076583648344684	33	23	52.5
"HiG_7"	"PFN1"	0.0112838409368096	"HiG"	0.239025490461983	0.581	45	30	47.0928591758744	0	0.833358129609766	30	0.00809085562727928	30	37	52.5
"HiG_7"	"PGK1"	0.0274423904402681	"HiG"	0.908024414918264	0.649	63.5	4	46.8913161627598	0	2.35275180197833	4	0.022842250504644	4	38	52.5
"HiG_7"	"PKM"	0.0181488651637503	"HiG"	0.626720494640995	0.683	72	9	49.6530655882399	0	1.51969643121988	7	0.0147543342836882	7	17	52.5
"HiG_7"	"PMAIP1"	0.00274499675597699	"HiG"	0.0235976209958509	0.873	104	96	54.2886473075115	0	0.113522812085219	90	0.00110216322412834	90	5	52.5
"HiG_7"	"PPID"	0.00684905841622079	"HiG"	0.0934869380605966	0.776	96	62	58.2882911601403	0	0.479755410766798	60	0.00465781952200775	60	4	52.5
"HiG_7"	"PRDX1"	0.0188478846907096	"HiG"	0.407449851200434	0.55	39	7	48.0080365958158	0	1.47606587455925	9	0.0143307366462063	9	29	52.5
"HiG_7"	"PSAT1"	0.00982725491084543	"HiG"	0.137487565477083	0.74	89	41	41.4551843915743	0	0.711569431309338	41	0.00690844108067319	41	74	52.5
"HiG_7"	"PSMA4"	0.00851100693417248	"HiG"	0.0813468551878257	0.682	70.5	49	46.4016421077135	0	0.593341628767931	48	0.00576059833755273	48	39	52.5
"HiG_7"	"PTMA"	0.0103521151108718	"HiG"	0.116204388013296	0.697	79	37	42.9279394051953	0	0.750840921328718	38	0.00728971768280309	38	64	52.5
"HiG_7"	"RAN"	0.0121031048718806	"HiG"	0.138722960376312	0.497	28	27	44.8292656724823	0	0.875412625307026	28	0.00849915170200996	28	50	52.5
"HiG_7"	"RBP1"	0.00287828605555715	"HiG"	0.052655956829354	0.507	29	94	59.9585506418888	0	0.109060374007881	91	0.00105883858260079	91	3	52.5
"HiG_7"	"RPF2"	0.00818295118992492	"HiG"	0.0553416180057665	0.585	46	51	40.7883910141885	0	0.567286753392412	51	0.0055076383824506	51	77	52.5
"HiG_7"	"RPL12"	0.0175726364935866	"HiG"	0.186562615635005	0.619	54.5	11	40.1282612069216	0	1.3866593406158	10	0.0134627120448136	10	82	52.5
"HiG_7"	"RPL37A"	0.0152009068953883	"HiG"	0.146396011324479	0.611	49.5	15	40.8778171010195	0	1.18506381446318	14	0.011505473926827	14	76	52.5
"HiG_7"	"RPL38"	0.0122324570889292	"HiG"	0.0830347755959598	0.556	40	26	36.3862007850574	0	0.921308235411434	24	0.00894474014962557	24	95	52.5
"HiG_7"	"RPS21"	0.0126226368316107	"HiG"	0.0961307047928547	0.617	53	25	38.4615200083551	0	0.956244458032093	23	0.00928392677701061	23	89	52.5
"HiG_7"	"RPS27L"	0.00874333678303024	"HiG"	0.0623202379969312	0.703	82	48	39.0658915272908	0	0.631028284122669	44	0.00612648819536571	44	84	52.5
"HiG_7"	"SARS"	0.00726908769785065	"HiG"	0.0556348058225256	0.779	98	60	37.1043540842496	0	0.501670152750001	58	0.00487058400728156	58	93	52.5
"HiG_7"	"SAT1"	0.00243912184178351	"HiG"	0.0248315747115522	0.682	70.5	98	44.3102621574786	0	0.0812182473784802	95	0.000788526673577477	95	54	52.5
"HiG_7"	"SERBP1"	0.0112101162398774	"HiG"	0.0969510366185207	0.388	16	31	42.3703191253302	0	0.815464004087836	32	0.00791712625327996	32	68	52.5
"HiG_7"	"SERPINE2"	0.0029309983089231	"HiG"	0.0437377117204258	0.659	65	92	47.2239372452688	0	0.129185012107965	88	0.00125422341852393	88	36	52.5
"HiG_7"	"SET"	0.00745011127882611	"HiG"	0.0727273679288412	0.481	24	58	46.0801266627691	0	0.48909005915232	59	0.00474844717623611	59	44	52.5
"HiG_7"	"SFRP2"	0.00295869991067739	"HiG"	0.037946087480476	0.406	18	91	48.8946909663995	0	0.100141959187408	93	0.000972252030945709	93	20	52.5
"HiG_7"	"SLC25A5"	0.00788572736927761	"HiG"	0.136555317709917	0.789	100	53	49.0787623205398	0	0.56617486468825	52	0.00549684334648786	52	19	52.5
"HiG_7"	"SLC2A3"	0.0098631209743897	"HiG"	0.381574835406243	0.741	90	40	49.4339373490336	0	0.786188586199646	34	0.00763289889514219	34	18	52.5
"HiG_7"	"SLC3A2"	0.00664151836860045	"HiG"	0.100418046030866	0.639	61	67	40.1390616396484	0	0.43443747550637	66	0.00421783956802301	66	81	52.5
"HiG_7"	"SLIRP"	0.00948540763132305	"HiG"	0.0636569555606592	0.487	25.5	42	38.190072671399	0	0.651388224220072	42	0.00632415751669973	42	91	52.5
"HiG_7"	"SMS"	0.00549541357332317	"HiG"	0.110148991911742	0.32	9	75	45.4299284293379	0	0.327673425102999	72	0.00318129538934951	72	46	52.5
"HiG_7"	"SNRPD2"	0.00835133562183188	"HiG"	0.0825241069069543	0.533	33.5	50	42.3514423447148	0	0.581038353490945	49	0.00564114906301888	49	69	52.5
"HiG_7"	"SNRPF"	0.0106678728966447	"HiG"	0.0611490317882955	0.423	19	34	37.4057205022593	0	0.740089618045482	40	0.00718533609752895	40	92	52.5
"HiG_7"	"SSB"	0.00880133691016181	"HiG"	0.0630976966668517	0.622	56	46	42.976964535088	0	0.617407580058907	47	0.00599424835008648	47	63	52.5
"HiG_7"	"SSRP1"	0.00682693891705893	"HiG"	0.0562274246062228	0.451	21.5	63	44.880669425678	0	0.426941559642358	67	0.00414506368584813	67	49	52.5
"HiG_7"	"TAF1D"	0.00144997491277567	"HiG"	4.43296008039808e-05	0.769	95	104	39	0	0.000584197667142218	104	5.67182201108949e-06	104	87	52.5
"HiG_7"	"TBCA"	0.0066105936543215	"HiG"	0.049143850876736	0.642	62	68	40.5306446513612	0	0.435960910406678	65	0.00423263019812309	65	80	52.5
"HiG_7"	"TCEAL4"	0.00633927752479158	"HiG"	0.000706851871694684	0.159	2	69	8.457312842061	0	0.0792940876340665	97	0.000769845511010355	97	102	52.5
"HiG_7"	"TDGF1"	0.00484146849947682	"HiG"	0.0121807376385606	0.297	7	81	16.7055473566942	0	0.162889209084853	85	0.00158144863189178	85	101	52.5
"HiG_7"	"TOMM7"	0.00759598730994054	"HiG"	0.0462444966684781	0.327	10	57	36.5688420669581	0	0.47221093424648	63	0.00458457217715029	63	94	52.5
"HiG_7"	"TPI1"	0.0227628094493197	"HiG"	0.75689985436809	0.696	78	6	48.7049659044678	0	1.93319446957041	6	0.0187688783453438	6	22	52.5
"HiG_7"	"TPM3"	0.00456077215097318	"HiG"	0.0493803325171631	0.754	93	84	47.6436593899027	0	0.25703461932649	77	0.00249548174103389	77	31	52.5
"HiG_7"	"TUBA1C"	0.0103406097056526	"HiG"	0.155430173802056	0.533	33.5	38	42.2107419969427	0	0.74572507004834	39	0.00724004922377029	39	71	52.5
"HiG_7"	"TUBB2A"	0.0141882919224458	"HiG"	0.323950340572315	0.363	13	17	45.09611523915	0	1.0710185883743	17	0.0103982387220805	17	47	52.5
"HiG_7"	"TUBB2B"	0.0126319864522589	"HiG"	0.259190127690751	0.487	25.5	24	48.4547962887186	0	0.854912587041896	29	0.00830012220429025	29	25	52.5
"HiG_7"	"TXN"	0.0159887833878844	"HiG"	0.311581457239888	0.515	30	13	44.0249653001957	0	1.21770394611729	13	0.0118223684089057	13	57	52.5
"HiG_7"	"UCHL1"	0.00620681068860832	"HiG"	0.117479660894858	0.474	23	71	48.4560289962815	0	0.390614213831181	68	0.00379237100806972	68	24	52.5
"HiG_7"	"YWHAB"	0.00744600101533638	"HiG"	0.0946616977763709	0.778	97	59	51.137128441238	0	0.511140284335513	57	0.00496252703238362	57	11	52.5
"HiG_9"	"AAK1"	0.000410463971473995	"HiG"	0.000963896648260124	0.206	388	831	79.0764465199439	0	0.0650743523487067	788	4.43890534438654e-05	788	895	733.5
"HiG_9"	"AAMDC"	0.000155306192433398	"HiG"	2.70114266610187e-05	0.182	169.5	1436	66.1072607954711	0	0.00830143448381302	1436	5.6626428948247e-06	1436	1107	733.5
"HiG_9"	"ABCD4"	0.000206431908083535	"HiG"	0.000726513437904574	0.236	612.5	1349	62.6601349402497	0	0.0189835542511396	1332	1.29492184523462e-05	1332	1165	733.5
"HiG_9"	"ABLIM1"	0.000422976778185951	"HiG"	0.00762252361630601	0.37	923	805	99.5158273213143	0	0.0725558160607833	742	4.94923711192246e-05	742	627	733.5
"HiG_9"	"ABRAXAS1"	0.000311816494007173	"HiG"	0.000338313601210928	0.23	567	1083	122.461026015164	0	0.0403711302567017	1056	2.75382880332208e-05	1056	401	733.5
"HiG_9"	"ACADVL"	0.000572290346702026	"HiG"	0.00939333809571489	0.262	723	561	92.3201310715	0	0.101278712336051	575	6.90850698063106e-05	575	717	733.5
"HiG_9"	"ACBD5"	0.000358547655092769	"HiG"	0.000114950444280663	0.195	290.5	958	49.1659920714319	0	0.0412011989643332	1048	2.81045013399272e-05	1048	1311	733.5
"HiG_9"	"ACTA1"	0.00219814118358062	"HiG"	0.228671836416308	0.719	1308	56	135.210953413877	0	0.703002541804292	50	0.000479537886633214	50	273	733.5
"HiG_9"	"ACTA2"	0.00405837321831442	"HiG"	0.53453291428006	0.822	1459	14	145.433175729717	0	1.40257101358115	10	0.000956733297122203	10	176	733.5
"HiG_9"	"ACTC1"	0.00565039327841386	"HiG"	0.945915426477106	0.706	1291.5	3	125.775415485829	0	1.99324070297546	2	0.00135964577283456	2	366	733.5
"HiG_9"	"ACTG2"	0.00130874388049261	"HiG"	0.149712266180361	0.751	1352	153	159.699220070789	0	0.412164200294792	125	0.000281148840583078	125	67	733.5
"HiG_9"	"ACTN2"	0.00189476232144449	"HiG"	0.304714987420073	0.687	1262	74	119.536853512527	0	0.644266604548332	57	0.000439472445121645	57	423	733.5
"HiG_9"	"ACTN4"	0.00148888394100666	"HiG"	0.0879985069486089	0.652	1211.5	122	138.700934116277	0	0.422321590019346	117	0.00028807748295999	117	246	733.5
"HiG_9"	"ACTR10"	0.000798197083873124	"HiG"	0.0137278725821171	0.214	459.5	354	83.4317352328415	0	0.137485450853423	446	9.37827086312575e-05	446	839	733.5
"HiG_9"	"ADAM10"	0.000828219536830425	"HiG"	0.0063922974826991	0.456	1014.5	327	127.805025246569	0	0.177080974707875	348	0.000120791933634294	348	344	733.5
"HiG_9"	"ADAMTS1"	0.000749899240877006	"HiG"	0.0116490811411148	0.735	1333.5	402	140.441233140203	0	0.194531732269232	315	0.000132695588178194	315	232	733.5
"HiG_9"	"ADAMTS9"	0.000467594473215105	"HiG"	0.00717954865333791	0.69	1265.5	716	124.838544735338	0	0.10548538951388	560	7.19545631063303e-05	560	379	733.5
"HiG_9"	"ADD1"	0.000460231675248921	"HiG"	0.00283815083601698	0.292	800.5	726	111.10381160045	0	0.0802827212397511	681	5.47631113504441e-05	681	504	733.5
"HiG_9"	"ADI1"	0.000270022296938885	"HiG"	0.000173892261580459	0.22	499.5	1192	55.9731786786268	0	0.0311312336822139	1179	2.1235493644075e-05	1179	1251	733.5
"HiG_9"	"ADM"	0.000620090617212587	"HiG"	0.0142212427668257	0.791	1410.5	503	147.101705698922	0	0.157378088735976	398	0.000107352038701212	398	163	733.5
"HiG_9"	"AEBP1"	0.000505718263280835	"HiG"	0.0122634908624465	0.776	1390	653	139.922053515095	0	0.132227677783211	462	9.01962331399804e-05	462	237	733.5
"HiG_9"	"AFAP1L2"	0.000232564428262499	"HiG"	0.000269781131011339	0.303	827	1300	68.2561086662531	0	0.0231416429786141	1297	1.57855681982361e-05	1297	1073	733.5
"HiG_9"	"AFDN"	0.000651215649393954	"HiG"	0.00670940003122227	0.425	984.5	469	138.55817081633	0	0.136937481276379	448	9.34089231080345e-05	448	248	733.5
"HiG_9"	"AFP"	0.00174342074724696	"HiG"	0.0276120806667619	0.648	1203.5	87	131.65194816987	0	0.492467476513631	96	0.000335925973065233	96	309	733.5
"HiG_9"	"AGL"	0.000373950863847781	"HiG"	0.00375580437900086	0.25	680	913	83.6143475912796	0	0.058357926726575	859	3.98075898544168e-05	859	833	733.5
"HiG_9"	"AHCYL1"	0.000539386372726939	"HiG"	0.00467849984869639	0.233	589	605	90.3616169291351	0	0.0932469520852891	614	6.36063793214796e-05	614	751	733.5
"HiG_9"	"AHI1"	0.00057866393357355	"HiG"	0.000858917699238256	0.192	264	553	95.0660232157294	0	0.0824999853540875	668	5.62755698186136e-05	668	689	733.5
"HiG_9"	"AHNAK"	0.000849372054006459	"HiG"	0.0256089995868202	0.634	1184.5	315	144.438747613444	0	0.222621949840907	273	0.000151856718854643	273	191	733.5
"HiG_9"	"AIG1"	0.000155779411129011	"HiG"	0.00029043190635195	0.224	526	1434	51.1774051847381	0	0.00901548177516161	1427	6.14971471702702e-06	1427	1299	733.5
"HiG_9"	"AK3"	0.00058646796433742	"HiG"	0.0022424868008467	0.214	459.5	545	87.5865863698028	0	0.0998195710913336	581	6.80897483569807e-05	581	780	733.5
"HiG_9"	"AKAP13"	0.000456687920757419	"HiG"	0.00325027408366152	0.287	789.5	735	88.0137064650349	0	0.0738785013836539	730	5.03946121307325e-05	730	771	733.5
"HiG_9"	"AKAP8L"	0.000323977137816372	"HiG"	0.000881313834891726	0.22	499.5	1052	100.227417075901	0	0.0473582744928082	979	3.23044164343848e-05	979	621	733.5
"HiG_9"	"AL136454.1"	0.00061091258307044	"HiG"	0.00686363931021492	0.232	582	510	99.405686143158	0	0.139135639550519	440	9.49083489430552e-05	440	629	733.5
"HiG_9"	"ALB"	0.00218409008374985	"HiG"	0.0333844935537298	0.559	1120	57	119.736580659872	0	0.554935753172329	74	0.000378537348685081	74	419	733.5
"HiG_9"	"ALCAM"	0.000620820254340244	"HiG"	0.0147358586320488	0.779	1394.5	499	165.038689115619	0	0.165358328186584	374	0.000112795585393304	374	44	733.5
"HiG_9"	"ALDH2"	0.000885356713458425	"HiG"	0.00487466542556455	0.313	849	295	105.898169686152	0	0.17483901438287	354	0.000119262629183404	354	562	733.5
"HiG_9"	"ALDH6A1"	0.000457392949975575	"HiG"	0.00103796799120272	0.211	437	733	61.2953579750221	0	0.0627624325463964	813	4.2812027657842e-05	813	1184	733.5
"HiG_9"	"ALPK2"	0.000203435951778011	"HiG"	0.000239166585413351	0.2	334.5	1356	69.8125956754968	0	0.0135036618915497	1395	9.21122912111167e-06	1395	1052	733.5
"HiG_9"	"AMIGO2"	0.000301722519157092	"HiG"	0.00155180461750044	0.362	914.5	1111	66.8274695244316	0	0.0349291978012898	1126	2.38261922246178e-05	1126	1093	733.5
"HiG_9"	"AMOT"	0.000494811388347989	"HiG"	0.00561171425311102	0.462	1025	669	107.701104778342	0	0.0965331286009373	595	6.58479731247867e-05	595	543	733.5
"HiG_9"	"AMOTL2"	0.000698349842048549	"HiG"	0.0349686543621514	0.662	1228.5	437	141.66916097403	0	0.183252301370968	332	0.000125001569830128	332	216	733.5
"HiG_9"	"ANAPC13"	0.000351671586433	"HiG"	0.000319558937626116	0.2	334.5	986	76.4457681537893	0	0.0429450361221924	1033	2.92940219114546e-05	1033	943	733.5
"HiG_9"	"ANGPT1"	0.00116063020616401	"HiG"	0.0292846222707453	0.779	1394.5	185	169.761746572666	0	0.334302002110797	167	0.0002280368363648	167	32	733.5
"HiG_9"	"ANGPT2"	0.000819535084505041	"HiG"	0.0206241955712566	0.781	1398.5	338	167.257410159677	0	0.233593742103626	254	0.000159340888201655	254	37	733.5
"HiG_9"	"ANK3"	0.00153226205476789	"HiG"	0.0340493392086945	0.396	953	114	129.977884590827	0	0.355429771811182	157	0.000242448684727955	157	320	733.5
"HiG_9"	"ANKLE2"	0.000342363825444242	"HiG"	0.000470554283987648	0.173	98	1000	84.8251869908056	0	0.0438080570195376	1022	2.98827128373381e-05	1022	822	733.5
"HiG_9"	"ANKMY2"	0.000287471084367117	"HiG"	0.000585944123880217	0.18	147.5	1143	60.7825838466986	0	0.0324052850146202	1157	2.2104560037258e-05	1157	1191	733.5
"HiG_9"	"ANKRD1"	0.00326945780716488	"HiG"	0.333123346265429	0.801	1435.5	24	145.285775838731	0	1.12413386111483	18	0.000766803452329353	18	182	733.5
"HiG_9"	"ANKRD10"	0.000307019778859304	"HiG"	0.000749552983521309	0.164	40	1100	53.0568642471196	0	0.031023297683681	1182	2.11618674513513e-05	1182	1281	733.5
"HiG_9"	"ANKRD36"	0.000858077664878461	"HiG"	0.00404124124251875	0.165	45	307	44.8852808201648	0	0.139148086597543	439	9.49168394253365e-05	439	1364	733.5
"HiG_9"	"ANKRD36B"	0.000992908234062735	"HiG"	0.00425896336577428	0.176	122	241	40.9321378409838	0	0.161887700219282	382	0.000110428172045895	382	1392	733.5
"HiG_9"	"ANKRD36C"	0.000756347707545526	"HiG"	0.00575947720253236	0.164	40	392	49.360494163454	0	0.121193220230537	501	8.26693180290159e-05	501	1310	733.5
"HiG_9"	"ANO6"	0.0002781080560983	"HiG"	0.000622483397762432	0.229	559.5	1170	76.6053380615841	0	0.0281710705879436	1220	1.92162828021443e-05	1220	939	733.5
"HiG_9"	"ANXA1"	0.00329255819758178	"HiG"	0.0935343503571366	0.74	1338.5	23	143.973684277167	0	0.98639837898947	29	0.000672850190306596	29	196	733.5
"HiG_9"	"ANXA3"	0.000904147379907558	"HiG"	0.0359852957659547	0.713	1303	275	153.815410365939	0	0.246336277462739	237	0.000168032931420695	237	109	733.5
"HiG_9"	"ANXA6"	0.000427499025585469	"HiG"	0.011039588160284	0.616	1167.5	798	154.721723279616	0	0.0950287100377247	601	6.4821766737875e-05	601	99	733.5
"HiG_9"	"APC"	0.00052137247037354	"HiG"	0.00421120440148223	0.42	979.5	631	146.443399333579	0	0.107992726966222	552	7.36648887900562e-05	552	169	733.5
"HiG_9"	"APELA"	0.000177045879377976	"HiG"	0.000479604432193271	0.671	1235	1408	55.3892813588858	0	0.0179447405213781	1351	1.22406142710628e-05	1351	1258	733.5
"HiG_9"	"APLNR"	0.000785531807146345	"HiG"	0.0145460695897542	0.688	1263	362	133.064016359553	0	0.192039493972211	320	0.000130995562054714	320	295	733.5
"HiG_9"	"APOA1"	0.00147976270085063	"HiG"	0.0221614679195375	0.651	1209	124	123.753118309905	0	0.425020628566935	115	0.000289918573374444	115	383	733.5
"HiG_9"	"APOA2"	0.00149024839653544	"HiG"	0.0178098324578516	0.606	1155	121	129.732536963168	0	0.441000843968016	109	0.000300819129582548	109	326	733.5
"HiG_9"	"APOB"	0.00170585182503589	"HiG"	0.0262784566838917	0.492	1051	93	108.580946682374	0	0.464103181132354	103	0.000316577886174866	103	533	733.5
"HiG_9"	"APOBEC3C"	0.000471560528466679	"HiG"	0.00137013023730594	0.216	473.5	704	64.4411023461242	0	0.0791507653454772	692	5.39909722684019e-05	692	1130	733.5
"HiG_9"	"APOC3"	0.000541730602089557	"HiG"	0.0062072072120944	0.556	1117.5	603	117.687067929955	0	0.127253046886043	482	8.68028969209022e-05	482	440	733.5
"HiG_9"	"APPL2"	0.000236350409570485	"HiG"	0.000661762061584812	0.197	306	1295	71.9982073783363	0	0.0256089741499156	1259	1.74686044678824e-05	1259	1021	733.5
"HiG_9"	"AQP1"	0.000832248948106359	"HiG"	0.0218040702770327	0.74	1338.5	324	148.126879004487	0	0.225340134238668	269	0.00015371086919418	269	153	733.5
"HiG_9"	"ARFGAP3"	0.000356777045833482	"HiG"	0.000347182021935708	0.179	139.5	969	53.0517712254432	0	0.0466863693152454	986	3.18460909380938e-05	986	1282	733.5
"HiG_9"	"ARHGAP10"	0.000272024251759208	"HiG"	0.00145516980050562	0.296	811	1184	232.144476678006	0	0.03101636127553	1183	2.11571359314666e-05	1183	3	733.5
"HiG_9"	"ARHGAP21"	0.000284587661569861	"HiG"	0.00113816151052057	0.263	729	1157	111.149632349555	0	0.0334923878809052	1143	2.28461036022545e-05	1143	502	733.5
"HiG_9"	"ARHGAP28"	0.000264903990284419	"HiG"	0.000774680948243087	0.284	782	1211	61.6718826404898	0	0.0313453646732653	1173	2.13815584401537e-05	1173	1175	733.5
"HiG_9"	"ARHGAP29"	0.00052371654453143	"HiG"	0.00700443001286383	0.48	1036.5	626	111.555975293082	0	0.099225655701636	584	6.76846218974325e-05	584	498	733.5
"HiG_9"	"ARHGAP42"	0.000218959147529774	"HiG"	0.000389998062502174	0.281	773.5	1322	83.5781833854368	0	0.0240571769751415	1283	1.64100797920474e-05	1283	834	733.5
"HiG_9"	"ARHGAP5"	0.00025126081044808	"HiG"	0.00072406705949979	0.235	602.5	1251	113.926878750455	0	0.0294915393278377	1201	2.01170118198075e-05	1201	475	733.5
"HiG_9"	"ARHGAP6"	0.000336150797818683	"HiG"	0.00107738526003103	0.232	582	1017	74.5902966900661	0	0.0448393322969801	1006	3.0586174827408e-05	1006	975	733.5
"HiG_9"	"ARHGEF3"	0.000406760355653355	"HiG"	0.00437883752946366	0.299	819.5	837	72.3782856115269	0	0.0609550148616285	830	4.15791370133891e-05	830	1016	733.5
"HiG_9"	"ARID1A"	0.00125994695419746	"HiG"	0.0274696043642855	0.354	904.5	160	144.516576888158	0	0.289389107862872	200	0.000197400482853255	200	188	733.5
"HiG_9"	"ARID3A"	0.00032179897116048	"HiG"	0.00129992463708699	0.433	995	1057	89.0672460898585	0	0.0539244495870528	911	3.67833898956704e-05	911	758	733.5
"HiG_9"	"ARID4A"	0.00107104695140056	"HiG"	0.00503291704838892	0.227	548	214	77.5849265630328	0	0.192350543643824	319	0.000131207737819798	319	925	733.5
"HiG_9"	"ARID5B"	0.000888022803393799	"HiG"	0.00926667835083611	0.421	981	294	133.872846166366	0	0.191243654553312	323	0.000130452697512491	323	288	733.5
"HiG_9"	"ARL13B"	0.000926026201751624	"HiG"	0.000897006179281379	0.172	90.5	265	60.5966989443399	0	0.1387531086024	441	9.46474137806273e-05	441	1198	733.5
"HiG_9"	"ARL14EP"	0.000352421245946895	"HiG"	0.000157222986708258	0.169	66.5	985	46.2833741777312	0	0.0367901063132543	1104	2.50955704728883e-05	1104	1345	733.5
"HiG_9"	"ARL2BP"	0.000308697701343491	"HiG"	0.000110596897155801	0.17	73.5	1094	47.937927222662	0	0.0256825785317849	1257	1.75188120953512e-05	1257	1323	733.5
"HiG_9"	"ARL4C"	0.000385606060273543	"HiG"	0.0029233224074273	0.232	582	889	98.4109985353159	0	0.0566936900040705	876	3.86723669877698e-05	876	644	733.5
"HiG_9"	"ARL4D"	0.000177806855708536	"HiG"	0.000535249906428606	0.328	871	1404	75.8263271035349	0	0.0157122771198449	1378	1.07177879398669e-05	1378	954	733.5
"HiG_9"	"ARMCX2"	0.000339913907594365	"HiG"	0.000564047588911151	0.22	499.5	1007	61.3408496391621	0	0.0343615167533695	1132	2.34389609504567e-05	1132	1183	733.5
"HiG_9"	"ARMCX3"	0.000394739290149298	"HiG"	0.000249997226742046	0.176	122	865	62.204683968669	0	0.0434333765576124	1025	2.96271327132417e-05	1025	1170	733.5
"HiG_9"	"ARMH4"	0.000179376856840734	"HiG"	0.000117061913048109	0.2	334.5	1402	126.432982079851	0	0.012828366110312	1401	8.75059079830289e-06	1401	362	733.5
"HiG_9"	"ARPC1A"	0.000370426032518237	"HiG"	0.00560138197012186	0.206	388	926	82.8562661356277	0	0.0548921132509809	899	3.74434606077632e-05	899	847	733.5
"HiG_9"	"ARRDC3"	0.000242571017491828	"HiG"	0.000121073464160698	0.214	459.5	1278	68.192160037044	0	0.0234698667783708	1293	1.60094589211261e-05	1293	1075	733.5
"HiG_9"	"ARSE"	0.000310351365153178	"HiG"	0.000694243620900244	0.256	699	1093	126.570757477933	0	0.0442839463816662	1016	3.02073304104135e-05	1016	358	733.5
"HiG_9"	"ART5"	0.000207878666829842	"HiG"	0.000222979195141797	0.451	1008.5	1346	39.3936460356688	0	0.00986269981687341	1423	6.7276260688086e-06	1423	1400	733.5
"HiG_9"	"ASAP1"	0.000357694399926638	"HiG"	0.00101603499256857	0.215	469	962	95.374696168941	0	0.0506086148826893	948	3.45215654042901e-05	948	679	733.5
"HiG_9"	"ASH2L"	0.000632796531778889	"HiG"	0.00610410021340121	0.277	762.5	485	101.551148719236	0	0.113860349322759	522	7.76673597017455e-05	522	603	733.5
"HiG_9"	"ASRGL1"	0.000235142568769836	"HiG"	0.000204342928870921	0.168	59	1296	77.6102100055888	0	0.0236915954916927	1287	1.6160706338126e-05	1287	924	733.5
"HiG_9"	"ATAD1"	0.000506856326145881	"HiG"	0.00076250633582309	0.183	180	649	75.0212464353742	0	0.0747190474311607	725	5.09679723268491e-05	725	964	733.5
"HiG_9"	"ATAD2"	0.000790201498794813	"HiG"	0.00108978565745774	0.226	539.5	359	101.064223683201	0	0.135286569315282	453	9.22827894374364e-05	453	610	733.5
"HiG_9"	"ATE1"	0.000314292724154132	"HiG"	0.000295402324668351	0.242	641.5	1075	62.6904909235785	0	0.0421070437943151	1040	2.87224036796147e-05	1040	1162	733.5
"HiG_9"	"ATF3"	0.00199728148837781	"HiG"	0.0283286577757149	0.605	1153	66	134.918495612481	0	0.538416434902334	77	0.000367269055185767	77	277	733.5
"HiG_9"	"ATF5"	0.000568732173291562	"HiG"	0.00575354736497567	0.43	990	565	115.950543585773	0	0.127048702180825	483	8.66635076267566e-05	483	456	733.5
"HiG_9"	"ATF7IP"	0.000471069755792308	"HiG"	0.000584484018156712	0.189	232.5	706	77.1636766642523	0	0.0627320401589351	814	4.27912961520703e-05	814	933	733.5
"HiG_9"	"ATF7IP2"	0.000273419207831245	"HiG"	4.96823175058641e-05	0.168	59	1180	39.7383717599912	0	0.0251384320274877	1270	1.71476343980134e-05	1270	1396	733.5
"HiG_9"	"ATN1"	0.000416579835453519	"HiG"	0.00112590917024658	0.279	767.5	813	117.846853599686	0	0.0689748845864674	769	4.70497166346981e-05	769	439	733.5
"HiG_9"	"ATP2A2"	0.000839066255922742	"HiG"	0.0794249382330651	0.616	1167.5	319	127.483612441233	0	0.232727675148072	258	0.000158750119473446	258	350	733.5
"HiG_9"	"ATP2B4"	0.000483226362139897	"HiG"	0.00905168912128605	0.425	984.5	689	98.8523535688842	0	0.0949158190558411	603	6.47447606110785e-05	603	636	733.5
"HiG_9"	"ATP5MGL"	0.000261411048658404	"HiG"	0.000770874609147996	0.231	574.5	1223	74.770527416806	0	0.0335163667171476	1142	2.28624602436205e-05	1142	969	733.5
"HiG_9"	"ATP6V1F"	0.00044190811377677	"HiG"	0.000603954198997766	0.185	196	772	67.6569956982055	0	0.0611025886919487	829	4.16798012905516e-05	829	1081	733.5
"HiG_9"	"AZI2"	0.000330753620798085	"HiG"	0.000147448948550001	0.18	147.5	1036	52.5192272761172	0	0.0405377125356807	1052	2.76519185100141e-05	1052	1290	733.5
"HiG_9"	"BAG1"	0.000342796183845664	"HiG"	0.0011514642195668	0.261	716	998	123.848014283191	0	0.0558111833200994	886	3.8070384256548e-05	886	382	733.5
"HiG_9"	"BAIAP2L1"	0.000373371416173603	"HiG"	0.000460502743710834	0.271	749	915	75.7755163657368	0	0.0515709937415987	940	3.51780312016362e-05	940	955	733.5
"HiG_9"	"BAMBI"	0.000496898964691254	"HiG"	0.00818422309980297	0.773	1384	666	141.071870559172	0	0.127796182509987	478	8.71733850682037e-05	478	226	733.5
"HiG_9"	"BARD1"	0.00104565811268283	"HiG"	0.00359611779084196	0.248	669	221	115.348314730764	0	0.202420701599444	300	0.000138076876943686	300	462	733.5
"HiG_9"	"BAZ1A"	0.000416728652572304	"HiG"	0.00125844521373654	0.239	630.5	812	91.0402499104817	0	0.0612259276097896	828	4.17639342495154e-05	828	736	733.5
"HiG_9"	"BAZ2A"	0.000354900795503489	"HiG"	0.000355315636089979	0.246	658.5	976	77.3713833266698	0	0.0502992349076589	956	3.43105285863976e-05	956	928	733.5
"HiG_9"	"BCAP29"	0.000258959870231742	"HiG"	0.000241777652738019	0.192	264	1232	45.5939459250674	0	0.0213918976804443	1312	1.45920175173563e-05	1312	1356	733.5
"HiG_9"	"BCL7A"	0.000209803491228956	"HiG"	0.00127180995089781	0.372	924	1343	91.8347861247926	0	0.0260085312394573	1251	1.77411536421946e-05	1251	724	733.5
"HiG_9"	"BDH2"	0.000601120531159687	"HiG"	0.000812483782406061	0.22	499.5	524	62.3312932362021	0	0.0907710778959399	627	6.19175156179672e-05	627	1169	733.5
"HiG_9"	"BICD1"	0.000397432287472527	"HiG"	0.0011186969602286	0.188	222	858	80.0433965506794	0	0.0544022461349019	905	3.71093084139849e-05	905	885	733.5
"HiG_9"	"BLCAP"	0.000251096695682484	"HiG"	0.00196052405792977	0.436	997.5	1254	119.709359361528	0	0.037287208030005	1100	2.54346575920907e-05	1100	420	733.5
"HiG_9"	"BLOC1S2"	0.000495985995504176	"HiG"	0.000184883782596838	0.155	9	668	46.3473702957523	0	0.0561383387014086	881	3.82935461810427e-05	881	1344	733.5
"HiG_9"	"BLVRB"	0.000512222480330075	"HiG"	0.00139373503336839	0.233	589	645	73.7533978298598	0	0.0818872521089906	671	5.58576071684793e-05	671	987	733.5
"HiG_9"	"BMERB1"	0.000179653485734918	"HiG"	0.000179852914380025	0.212	445.5	1400	60.6347342276081	0	0.0139184204812984	1392	9.4941476680071e-06	1392	1196	733.5
"HiG_9"	"BMP2"	0.00183438733078286	"HiG"	0.0754503779334332	0.827	1462.5	78	161.994621084087	0	0.569808243565971	69	0.000388682294383337	69	57	733.5
"HiG_9"	"BMP4"	0.00300010905159589	"HiG"	0.123448502011721	0.811	1447	32	126.991774387476	0	0.946624220181298	31	0.000645719113356957	31	354	733.5
"HiG_9"	"BMP5"	0.000752139835390271	"HiG"	0.0171668693952502	0.784	1401	399	147.729804290089	0	0.213954483638234	286	0.000145944395387608	286	156	733.5
"HiG_9"	"BMPER"	0.000794156269015023	"HiG"	0.0239453716447206	0.788	1405	356	156.832890992566	0	0.229282087648925	265	0.000156399786936511	265	80	733.5
"HiG_9"	"BMPR2"	0.000898240668518175	"HiG"	0.0147824278841112	0.681	1253	280	146.701631674254	0	0.227482477709502	267	0.00015517222217565	267	167	733.5
"HiG_9"	"BNC2"	0.000468544907017816	"HiG"	0.00171300009636994	0.361	912	713	81.5230690141245	0	0.0806386089905424	680	5.50058724355678e-05	680	868	733.5
"HiG_9"	"BNIP3L"	0.000506170260921133	"HiG"	0.00215755600188863	0.324	867	651	109.441006317655	0	0.0873776514955773	631	5.96027636395479e-05	631	522	733.5
"HiG_9"	"BOC"	0.000256520820563679	"HiG"	0.00357077668765387	0.39	948	1238	192.354525703041	0	0.0356388180045377	1116	2.43102442050052e-05	1116	6	733.5
"HiG_9"	"BORCS7"	0.000275792038113882	"HiG"	0.000508355369729076	0.179	139.5	1176	43.2163216529989	0	0.0269854603605893	1240	1.84075445843037e-05	1240	1379	733.5
"HiG_9"	"BRCA1"	0.00260759719725869	"HiG"	0.0164690239547845	0.299	819.5	44	115.335230472116	0	0.561637850237337	71	0.000383109038361076	71	463	733.5
"HiG_9"	"BRCA2"	0.00144551710089408	"HiG"	0.00985676297368057	0.323	865	128	125.411604616471	0	0.315247540618786	181	0.000215039250081027	181	371	733.5
"HiG_9"	"BRCC3"	0.000642469954223566	"HiG"	0.00139384590301217	0.233	589	480	82.7375994254047	0	0.105243063478059	562	7.17892656739827e-05	562	851	733.5
"HiG_9"	"BRD3"	0.000653990693305083	"HiG"	0.00230561904938659	0.251	685	467	93.8436447719873	0	0.108137010128512	549	7.37633084096259e-05	549	704	733.5
"HiG_9"	"BSG"	0.000770385006107708	"HiG"	0.00846670612412919	0.498	1056.5	381	141.938386179133	0	0.170443275540861	362	0.000116264171583125	362	214	733.5
"HiG_9"	"BST2"	0.000952416668011047	"HiG"	0.00592077619019731	0.36	911	258	102.870631711406	0	0.188267015527056	327	0.000128422247972071	327	589	733.5
"HiG_9"	"BTAF1"	0.00062731849469285	"HiG"	0.000371103889359291	0.205	376	493	66.5550731005745	0	0.0930074526770669	618	6.34430100116418e-05	618	1099	733.5
"HiG_9"	"BTG1"	0.000174008561310691	"HiG"	0.00013452205125639	0.255	697.5	1412	44.2715719083237	0	0.01186979931239	1411	8.09672531540929e-06	1411	1373	733.5
"HiG_9"	"BTG3"	0.000147619463130623	"HiG"	0.000610271821767985	0.537	1097	1446	191.486689644072	0	0.012439174748727	1405	8.48511237975922e-06	1405	7	733.5
"HiG_9"	"BTN3A2"	0.000115838703140912	"HiG"	1.18434288686651e-05	0.31	844	1464	58.9663242637742	0	0.00252772342060942	1464	1.72423152838296e-06	1464	1222	733.5
"HiG_9"	"C11orf1"	0.000118868197857854	"HiG"	2.17004445451812e-05	0.271	749	1463	41.1127608821375	0	0.00274924573994731	1463	1.87533815821781e-06	1463	1391	733.5
"HiG_9"	"C11orf74"	0.000193201198368217	"HiG"	2.73637329870631e-05	0.189	232.5	1371	25.9727661241998	0	0.0107438547007551	1418	7.3286866990144e-06	1418	1455	733.5
"HiG_9"	"C12orf29"	0.000232493967700267	"HiG"	0.000179198995479842	0.222	512.5	1301	64.7965738819955	0	0.0212103142742005	1316	1.44681543480222e-05	1316	1122	733.5
"HiG_9"	"C12orf43"	0.000249384380570378	"HiG"	1.05709952864194e-05	0.157	13.5	1259	35.4174544061308	0	0.0177888942925243	1354	1.21343071572472e-05	1354	1418	733.5
"HiG_9"	"C12orf65"	0.000334484300389067	"HiG"	0.00125427829353752	0.211	437	1024	73.0966286499432	0	0.0440142637321152	1019	3.00233722592873e-05	1019	1004	733.5
"HiG_9"	"C12orf75"	0.000150151176351641	"HiG"	0.000203055392596372	0.31	844	1442	80.1305486562552	0	0.00789230331915237	1437	5.38356297350094e-06	1437	883	733.5
"HiG_9"	"C15orf40"	0.000254275555353891	"HiG"	0.000159533420363575	0.215	469	1242	55.2800740440117	0	0.0283669624790344	1217	1.93499061930658e-05	1217	1260	733.5
"HiG_9"	"C17orf80"	0.000330214299209159	"HiG"	8.58332895045882e-05	0.196	299.5	1038	49.1373542967522	0	0.0320512253983282	1161	2.1863045974303e-05	1161	1312	733.5
"HiG_9"	"C1orf131"	0.000204516413765919	"HiG"	0.00133524003433857	0.239	630.5	1354	84.281616178068	0	0.0282291575735893	1219	1.92559055754361e-05	1219	827	733.5
"HiG_9"	"C1orf198"	0.00051486171804884	"HiG"	0.000870995253629623	0.26	711.5	639	64.4939872425395	0	0.0780256703643437	704	5.32235132089657e-05	704	1127	733.5
"HiG_9"	"C1orf21"	0.000149147209411978	"HiG"	6.22665401225536e-05	0.198	313.5	1444	56.3596362563031	0	0.00690130016673467	1445	4.70757173719964e-06	1445	1247	733.5
"HiG_9"	"C1orf52"	0.000184870159141919	"HiG"	5.76166169046722e-06	0.201	343.5	1392	37.6880333827067	0	0.0116420958019523	1412	7.94140232056773e-06	1412	1409	733.5
"HiG_9"	"C1orf54"	0.000139716620150398	"HiG"	8.69682934597967e-05	0.278	765	1452	45.4145916308202	0	0.0050909293476406	1456	3.47266667642606e-06	1456	1357	733.5
"HiG_9"	"C20orf96"	0.000131492957827006	"HiG"	2.2296972625151e-05	0.196	299.5	1457	78.6929965434003	0	0.00561625729493188	1452	3.83100770459201e-06	1452	907	733.5
"HiG_9"	"C21orf58"	0.000125649489273269	"HiG"	1.46886973054382e-05	0.176	122	1462	100.688379704135	0	0.00405009365568228	1461	2.76268325762775e-06	1461	614	733.5
"HiG_9"	"C22orf39"	0.000251132217847109	"HiG"	6.15738690117966e-05	0.19	244.5	1252	31.1660702091139	0	0.0161662232766485	1373	1.10274374329117e-05	1373	1438	733.5
"HiG_9"	"C2orf49"	0.000373835436364676	"HiG"	0.000383867130267161	0.174	105	914	52.1291061402218	0	0.0418535746400751	1043	2.8549505211511e-05	1043	1295	733.5
"HiG_9"	"C4orf48"	0.000131527790364676	"HiG"	2.09904076989377e-05	0.492	1051	1456	35.0939526313532	0	0.00482964427446677	1458	3.29443674929521e-06	1458	1422	733.5
"HiG_9"	"C5orf24"	0.00018021509401202	"HiG"	0.00016419996803395	0.248	669	1399	65.8978986986154	0	0.0148799104088222	1386	1.01500071001516e-05	1386	1109	733.5
"HiG_9"	"C6orf62"	0.000326620687028902	"HiG"	0.00137356271916776	0.192	264	1045	98.4332334586889	0	0.0443579494974997	1013	3.02578100255796e-05	1013	641	733.5
"HiG_9"	"C7orf50"	0.000287083749845847	"HiG"	0.000920795455238778	0.191	253	1149	71.9131468887785	0	0.0378438777524906	1086	2.58143777302119e-05	1086	1023	733.5
"HiG_9"	"CA2"	0.000474502691034016	"HiG"	0.00785821477808578	0.564	1124.5	703	134.926198576611	0	0.10454142290706	566	7.13106568260984e-05	566	276	733.5
"HiG_9"	"CAB39L"	0.000319951831477127	"HiG"	0.00109384221202064	0.271	749	1062	60.7283063125127	0	0.0355449766165687	1117	2.42462323441806e-05	1117	1193	733.5
"HiG_9"	"CADM1"	0.000825978584286133	"HiG"	0.0144569905966383	0.63	1178	329	174.321515743181	0	0.195757415322188	314	0.000133531661202038	314	20	733.5
"HiG_9"	"CALB2"	0.00111979293306236	"HiG"	0.0288147651554556	0.611	1161.5	195	124.927520556206	0	0.294206323177225	194	0.000200686441457861	194	377	733.5
"HiG_9"	"CALCOCO2"	0.000762872377032921	"HiG"	0.00969113094120003	0.271	749	387	106.233049243475	0	0.152714004168342	407	0.000104170534903371	407	558	733.5
"HiG_9"	"CAMK2D"	0.000769121496696339	"HiG"	0.0716606070242531	0.488	1045	383	115.987458513858	0	0.196212507102135	313	0.000133842092156981	313	453	733.5
"HiG_9"	"CAMSAP2"	0.000360541283328883	"HiG"	0.000361141109346118	0.174	105	950	59.3011693786968	0	0.0447282881402795	1008	3.05104284722234e-05	1008	1212	733.5
"HiG_9"	"CAND1"	0.000492286275846503	"HiG"	0.00131299097319799	0.229	559.5	673	98.1972090767392	0	0.0742668235572057	728	5.06594976515728e-05	728	646	733.5
"HiG_9"	"CAP2"	0.000412830570418453	"HiG"	0.0308161924002065	0.379	933	822	118.380501710999	0	0.0780314583288165	703	5.32274613429853e-05	703	434	733.5
"HiG_9"	"CAPN2"	0.000603141049701031	"HiG"	0.019639600282546	0.627	1175	522	165.124401125507	0	0.142757041187366	429	9.73786092683262e-05	429	43	733.5
"HiG_9"	"CAPN7"	0.000222199820998182	"HiG"	0.000377915948597342	0.252	689.5	1317	74.8624380464115	0	0.0241853118676879	1281	1.64974842207966e-05	1281	966	733.5
"HiG_9"	"CAPRIN2"	0.000161513696433235	"HiG"	0.000306739250301412	0.23	567	1429	174.02750715504	0	0.0088988425872943	1428	6.07015183307933e-06	1428	21	733.5
"HiG_9"	"CAPZA1"	0.00107590423275712	"HiG"	0.0182332189774146	0.28	770	211	117.339208085543	0	0.215199434651185	281	0.000146793611631095	281	444	733.5
"HiG_9"	"CAPZA2"	0.00101821168372429	"HiG"	0.0319536934894412	0.317	855	230	101.712462824655	0	0.211474642242394	291	0.000144252825540514	291	602	733.5
"HiG_9"	"CASC4"	0.000196385672209609	"HiG"	3.44378863399236e-05	0.206	388	1366	36.2844121355168	0	0.0114294504033254	1413	7.79635088903507e-06	1413	1416	733.5
"HiG_9"	"CASP3"	0.00223032790474182	"HiG"	0.0439602563052001	0.551	1113	54	132.335246300902	0	0.565337392173844	70	0.000385632600391435	70	298	733.5
"HiG_9"	"CASP6"	0.000463336958176094	"HiG"	0.00350399823043484	0.427	987	718	154.329398957399	0	0.0792386178212927	691	5.40508989231192e-05	691	103	733.5
"HiG_9"	"CAVIN1"	0.00107728092967282	"HiG"	0.0288626104337754	0.639	1189.5	209	142.561302770676	0	0.275012262527522	209	0.000187593630646331	209	206	733.5
"HiG_9"	"CCBE1"	0.000190304419322009	"HiG"	0.00128160551832093	0.711	1298	1375	125.112327688614	0	0.0260422167244792	1250	1.77641314628098e-05	1250	374	733.5
"HiG_9"	"CCDC112"	0.000214029681437841	"HiG"	4.66912858302194e-05	0.175	111.5	1338	46.5917450640372	0	0.0162345733293989	1372	1.10740609341057e-05	1372	1339	733.5
"HiG_9"	"CCDC12"	0.000352850661342074	"HiG"	0.000188062508763243	0.15	5	984	45.7719201906128	0	0.0363084306129472	1109	2.47670058751345e-05	1109	1351	733.5
"HiG_9"	"CCDC141"	0.000554281110712193	"HiG"	0.0736918826203145	0.579	1138	583	115.656405814618	0	0.137237587352973	447	9.36136339379079e-05	447	459	733.5
"HiG_9"	"CCDC152"	0.000259155477307514	"HiG"	4.6068530551969e-05	0.203	355.5	1231	27.4164216296784	0	0.0187364046533261	1335	1.2780630732146e-05	1335	1452	733.5
"HiG_9"	"CCDC160"	0.00026685191324501	"HiG"	0.000185269370501592	0.184	188.5	1201	71.4077215652206	0	0.0288678578017122	1210	1.96915810380029e-05	1210	1033	733.5
"HiG_9"	"CCDC167"	0.000144676501976013	"HiG"	1.75124652060597e-05	0.214	459.5	1449	21.714372737584	0	0.00442943769290372	1459	3.02144453813351e-06	1459	1460	733.5
"HiG_9"	"CCDC174"	0.000368523674137304	"HiG"	0.000239335654499223	0.198	313.5	931	48.7942974809133	0	0.0432526952820999	1030	2.95038849127557e-05	1030	1317	733.5
"HiG_9"	"CCDC18"	0.000427913280916381	"HiG"	0.00011305821223556	0.167	51.5	797	48.0890104848481	0	0.0531011982417748	920	3.62218269043484e-05	920	1321	733.5
"HiG_9"	"CCDC50"	0.000129255307817067	"HiG"	0.000578753169335229	0.527	1091	1459	80.3690215458568	0	0.0070056018907638	1444	4.77871888865198e-06	1444	881	733.5
"HiG_9"	"CCDC66"	0.000461042064995951	"HiG"	9.94589102956829e-05	0.156	11.5	723	52.5844753592139	0	0.055887750064127	885	3.81226125949025e-05	885	1289	733.5
"HiG_9"	"CCDC80"	0.000859479255363992	"HiG"	0.0191608099684826	0.696	1276	305	120.870415702081	0	0.23328666123858	256	0.00015913141967161	256	414	733.5
"HiG_9"	"CCDC82"	0.000152689914963693	"HiG"	0.00014386610431279	0.211	437	1440	106.554277356189	0	0.00964450926874879	1425	6.5787921342079e-06	1425	556	733.5
"HiG_9"	"CCDC93"	0.000251732736313668	"HiG"	7.04769071941768e-05	0.168	59	1248	62.1670628155045	0	0.02380823369336	1284	1.62402685493588e-05	1284	1171	733.5
"HiG_9"	"CCKBR"	0.000340378598940565	"HiG"	0.00165508918825581	0.556	1117.5	1005	77.3555612394551	0	0.0578312424330204	865	3.94483236241613e-05	865	929	733.5
"HiG_9"	"CCL2"	0.00188471162203092	"HiG"	0.0282100967039665	0.702	1282.5	75	143.182826378418	0	0.52123934656337	81	0.00035555207814691	81	203	733.5
"HiG_9"	"CCN1"	0.00231011907007679	"HiG"	0.135183133317794	0.822	1459	51	165.912930447615	0	0.749495590252752	44	0.000511252107948671	44	40	733.5
"HiG_9"	"CCN2"	0.0033705769594824	"HiG"	0.199907277351317	0.847	1466	20	145.398048156093	0	1.11077397450399	21	0.000757690296387445	21	178	733.5
"HiG_9"	"CCNDBP1"	0.000272429854643512	"HiG"	0.000350794207105243	0.214	459.5	1182	81.8449289819802	0	0.0253822644780775	1265	1.73139593984158e-05	1265	864	733.5
"HiG_9"	"CCNL2"	0.000854091885414393	"HiG"	0.00896261740322042	0.356	907	311	157.633172729505	0	0.180040170612848	342	0.000122810484729091	342	76	733.5
"HiG_9"	"CCNT2"	0.00051762443142296	"HiG"	0.000695432925361084	0.214	459.5	635	87.4109218771647	0	0.0796530317810895	688	5.4333582388192e-05	688	783	733.5
"HiG_9"	"CCS"	0.000411889292733243	"HiG"	0.000813864582222936	0.241	638.5	828	69.6579531140827	0	0.0637296190499908	801	4.34717728853962e-05	801	1054	733.5
"HiG_9"	"CD151"	0.000500484780770278	"HiG"	0.00905294910704905	0.659	1219.5	662	136.179175193452	0	0.11423944740467	520	7.79259532091883e-05	520	262	733.5
"HiG_9"	"CD200"	0.000460837313670974	"HiG"	0.00532862275623573	0.675	1241.5	724	139.748210946916	0	0.0937339290609041	612	6.39385600688296e-05	612	240	733.5
"HiG_9"	"CD47"	0.000792214163208172	"HiG"	0.0143192552349051	0.634	1184.5	358	169.066174074743	0	0.199781188171944	305	0.000136276390294641	305	33	733.5
"HiG_9"	"CDC42BPA"	0.000587312877894558	"HiG"	0.00734764355721975	0.363	918	542	103.683091427385	0	0.111730039946653	533	7.62142155161343e-05	533	580	733.5
"HiG_9"	"CDC42EP3"	0.000271885621120871	"HiG"	0.000393540870327137	0.23	567	1185	75.9035049454892	0	0.033716590919659	1136	2.29990388265068e-05	1136	953	733.5
"HiG_9"	"CDCA7"	0.000379679208108853	"HiG"	0.000272256743744259	0.223	520.5	900	71.5406492454156	0	0.0503610909790912	953	3.43527223595438e-05	953	1031	733.5
"HiG_9"	"CDH11"	0.00112306905873097	"HiG"	0.0288272641879806	0.752	1354	194	158.143526702094	0	0.3138186046473	185	0.000214064532501569	185	73	733.5
"HiG_9"	"CDH3"	0.000771887224196529	"HiG"	0.0203856938049405	0.769	1377	379	162.926893011471	0	0.209490041914621	293	0.00014289907361161	293	53	733.5
"HiG_9"	"CDK12"	0.000578323615925108	"HiG"	0.0016712602481288	0.232	582	555	119.61498082019	0	0.100373264416154	579	6.84674382102004e-05	579	421	733.5
"HiG_9"	"CDK5RAP2"	0.000739132093078951	"HiG"	0.00211873782339562	0.163	36	407	72.1144700389353	0	0.110198968727482	539	7.51698285999194e-05	539	1020	733.5
"HiG_9"	"CDK6"	0.00174233874528071	"HiG"	0.0260596442563011	0.385	941	88	137.640203930724	0	0.416583643523597	123	0.000284163467615005	123	253	733.5
"HiG_9"	"CDKN1A"	0.00297204084463329	"HiG"	0.0677121609325881	0.61	1160	37	147.427112570926	0	0.828734442184508	40	0.000565303166565148	40	161	733.5
"HiG_9"	"CDKN1B"	0.000943996128807366	"HiG"	0.0111262652236778	0.505	1065.5	261	160.028468568309	0	0.223288599516001	270	0.000152311459424285	270	64	733.5
"HiG_9"	"CDKN1C"	0.000764636834751019	"HiG"	0.0175700566849055	0.685	1260.5	385	150.257688168257	0	0.196467168137068	311	0.000134015803640565	311	144	733.5
"HiG_9"	"CDV3"	0.000201705803511528	"HiG"	0.000463327739319431	0.19	244.5	1362	81.551771154305	0	0.0170314446250193	1366	1.16176293485807e-05	1366	867	733.5
"HiG_9"	"CEBPG"	0.000342356675652759	"HiG"	0.00147422740803745	0.362	914.5	1001	104.207457034253	0	0.0585866622498208	855	3.99636168143389e-05	855	575	733.5
"HiG_9"	"CELF2"	0.000499498070713504	"HiG"	0.0324558598049229	0.335	879	663	95.1470625412141	0	0.0982880084439657	587	6.70450262237147e-05	587	686	733.5
"HiG_9"	"CENPC"	0.000266213828447193	"HiG"	0.000455094864054216	0.202	348.5	1206	66.4771432083594	0	0.0277773349355193	1227	1.89477045944879e-05	1227	1103	733.5
"HiG_9"	"CENPV"	0.000276123391163102	"HiG"	0.000674862206381318	0.3	821.5	1173	131.292992063798	0	0.0374019129888497	1096	2.55129010837992e-05	1096	314	733.5
"HiG_9"	"CEP112"	0.000308125145396709	"HiG"	0.000159349212895884	0.171	82.5	1097	93.5558760854115	0	0.0365626119373743	1107	2.49403901346346e-05	1107	707	733.5
"HiG_9"	"CEP135"	0.000823718865526177	"HiG"	0.000473217799551693	0.16	24.5	333	57.6109959316066	0	0.121893956994714	499	8.31473103647439e-05	499	1238	733.5
"HiG_9"	"CEP152"	0.000612397239878263	"HiG"	0.00095703246809396	0.188	222	509	66.6463662714229	0	0.0889737078880772	630	6.06914787776789e-05	630	1095	733.5
"HiG_9"	"CEP162"	0.0004965399828136	"HiG"	0.0001111096201126	0.162	33.5	667	55.9606931155133	0	0.0591282529329795	849	4.03330511139014e-05	849	1252	733.5
"HiG_9"	"CEP170"	0.000639135460252667	"HiG"	0.000515755681704776	0.173	98	482	66.5306220218919	0	0.0952849846608362	600	6.49965788955226e-05	600	1100	733.5
"HiG_9"	"CEP63"	0.000605120753778253	"HiG"	0.000248010094808345	0.164	40	518	53.0426282402558	0	0.0806428317906117	679	5.50087529267474e-05	679	1283	733.5
"HiG_9"	"CEP78"	0.000349984184669517	"HiG"	0.000249958392280109	0.171	82.5	987	56.5091388360216	0	0.0431621520303584	1031	2.94421228037916e-05	1031	1246	733.5
"HiG_9"	"CEP85L"	0.000187903462681372	"HiG"	0.00013867442755475	0.231	574.5	1382	50.8835517244996	0	0.0142330176716378	1390	9.70874329579656e-06	1390	1303	733.5
"HiG_9"	"CEP89"	0.000579604490638197	"HiG"	0.000143658485242382	0.162	33.5	551	54.9288240946056	0	0.077473131398549	709	5.28466107766364e-05	709	1265	733.5
"HiG_9"	"CER1"	0.0012450383564198	"HiG"	0.0208667495157534	0.755	1358	163	85.7091387172375	0	0.378584362153611	144	0.000258243084688684	144	808	733.5
"HiG_9"	"CERS6"	0.000398963765685207	"HiG"	0.000468380774146434	0.28	770	855	78.4223718367999	0	0.0376988676893389	1092	2.57154622710361e-05	1092	910	733.5
"HiG_9"	"CETN2"	0.00072616452919322	"HiG"	0.00281402577490815	0.181	157	417	75.4681264695336	0	0.117542289487789	509	8.01789150667046e-05	509	958	733.5
"HiG_9"	"CETN3"	0.000905173139133733	"HiG"	0.0110753591844918	0.18	147.5	272	61.1128490397886	0	0.147548328109539	416	0.000100646881384406	416	1185	733.5
"HiG_9"	"CFAP20"	0.000274345315641514	"HiG"	0.000826301342584311	0.187	215.5	1177	91.8354219996503	0	0.0279219636219734	1225	1.90463599058481e-05	1225	723	733.5
"HiG_9"	"CFAP36"	0.000215961239189597	"HiG"	0.000104313670586473	0.175	111.5	1334	52.9489699447658	0	0.0174792491725224	1357	1.19230894764818e-05	1357	1284	733.5
"HiG_9"	"CFL2"	0.000998659711330506	"HiG"	0.0307259122833655	0.509	1073	238	125.572319375123	0	0.2375922888018	247	0.000162068409823875	247	368	733.5
"HiG_9"	"CGA"	0.000273040733521598	"HiG"	0.000617528899612951	0.417	975	1181	66.6410363075669	0	0.0385606264794078	1076	2.63032922779044e-05	1076	1096	733.5
"HiG_9"	"CGGBP1"	0.000241961691985989	"HiG"	0.000144212614887782	0.193	276	1279	73.6614171539514	0	0.0242633101358623	1279	1.6550689042198e-05	1279	992	733.5
"HiG_9"	"CGNL1"	0.000450519410387955	"HiG"	0.0131167033884399	0.235	602.5	753	107.610469473393	0	0.0759653375698707	717	5.18181020258327e-05	717	544	733.5
"HiG_9"	"CHAMP1"	0.000248119179776182	"HiG"	0.00012060418922177	0.186	206.5	1262	84.1903725680802	0	0.0244247720424053	1275	1.66608267683529e-05	1275	830	733.5
"HiG_9"	"CHCHD10"	0.000406812104233371	"HiG"	0.000992454218997999	0.194	283	836	79.2703049640435	0	0.0618251517837131	823	4.21726819807047e-05	823	894	733.5
"HiG_9"	"CHD3"	0.00115207826136008	"HiG"	0.0101720990861279	0.27	743.5	188	107.541936631157	0	0.236753159409054	249	0.000161496015967977	249	546	733.5
"HiG_9"	"CHD4"	0.00145630493499355	"HiG"	0.0177732295191595	0.239	630.5	127	115.175048683742	0	0.310930735533565	186	0.000212094635425351	186	465	733.5
"HiG_9"	"CHD6"	0.000432087436699438	"HiG"	0.00122784890274296	0.229	559.5	785	86.7813223055033	0	0.0632465047096373	806	4.31422269506394e-05	806	790	733.5
"HiG_9"	"CHGA"	0.00280740300819538	"HiG"	0.0538772308606701	0.64	1192	41	136.744745049712	0	0.841972078853752	38	0.000574332932369544	38	258	733.5
"HiG_9"	"CHIC2"	0.00025396506682942	"HiG"	0.0032709813357551	0.452	1010	1244	182.576706755197	0	0.0401378183061313	1059	2.73791393629818e-05	1059	10	733.5
"HiG_9"	"CHML"	0.000275983395041257	"HiG"	7.91280695630436e-05	0.223	520.5	1174	36.2747384608137	0	0.0274838737136173	1234	1.87475264076516e-05	1234	1417	733.5
"HiG_9"	"CHMP3"	0.000453083631621092	"HiG"	0.00613646778427181	0.303	827	744	98.5078600445436	0	0.0841272617422799	654	5.73855809974624e-05	654	639	733.5
"HiG_9"	"CHST9"	0.000187408356674453	"HiG"	0.000744677729892927	0.251	685	1384	67.0222547921383	0	0.0164615833852553	1369	1.12289109039941e-05	1369	1089	733.5
"HiG_9"	"CIAO1"	0.000287302509366857	"HiG"	0.000387473812566624	0.188	222	1145	73.140388209487	0	0.0331842574886077	1148	2.26359191600326e-05	1148	1002	733.5
"HiG_9"	"CITED2"	0.000439440554262824	"HiG"	0.0062479768306281	0.675	1241.5	777	135.973514493953	0	0.0986955026969862	586	6.73229895613821e-05	586	264	733.5
"HiG_9"	"CKAP4"	0.0005172895229895	"HiG"	0.00282543006560679	0.246	658.5	636	91.7612112597851	0	0.0830096095769883	662	5.66231988928979e-05	662	726	733.5
"HiG_9"	"CLCN5"	0.000356202446678621	"HiG"	0.00254821605896706	0.31	844	971	115.777386319356	0	0.0598991978970103	842	4.08589344454368e-05	842	458	733.5
"HiG_9"	"CLCN6"	0.000297164482153405	"HiG"	0.00228253926852981	0.285	784.5	1123	96.6987252465249	0	0.0460623038074452	991	3.14203982315452e-05	991	667	733.5
"HiG_9"	"CLDN10"	0.000289727524597273	"HiG"	0.00273397040448016	0.538	1098.5	1136	91.8973722127995	0	0.0509314382916758	946	3.47417723681281e-05	946	722	733.5
"HiG_9"	"CLGN"	0.000346939647945981	"HiG"	0.000543498364600505	0.183	180	992	68.1821687172934	0	0.045705571770085	994	3.11770612347101e-05	994	1076	733.5
"HiG_9"	"CLIP1"	0.00079501187002106	"HiG"	0.00575957900483194	0.211	437	355	96.8270036245948	0	0.132082794501373	463	9.00974041619185e-05	463	664	733.5
"HiG_9"	"CLK1"	0.00033695959719128	"HiG"	0.000336768533712146	0.232	582	1012	66.9887731846062	0	0.0454162516293783	999	3.09797077963017e-05	999	1091	733.5
"HiG_9"	"CLMP"	0.000216115005127414	"HiG"	0.000212706422392949	0.295	808	1333	47.8634072681576	0	0.022249621941554	1304	1.5177095458086e-05	1304	1324	733.5
"HiG_9"	"CLPX"	0.000609776923756324	"HiG"	0.00711802638033483	0.193	276	511	77.310397663975	0	0.0939461635033612	610	6.40833311755534e-05	610	931	733.5
"HiG_9"	"CLSTN2"	0.000260263002545196	"HiG"	0.0012359393618293	0.46	1020.5	1228	72.343432651564	0	0.0352666337843146	1119	2.40563668378681e-05	1119	1017	733.5
"HiG_9"	"CLTB"	0.000456534661419697	"HiG"	0.00146686237863654	0.273	756	736	89.471831726736	0	0.0759773450545914	716	5.18262926702533e-05	716	757	733.5
"HiG_9"	"CLU"	0.00147382789182523	"HiG"	0.0246847181346818	0.631	1180	126	138.29925338926	0	0.394132317199056	136	0.00026884878390113	136	250	733.5
"HiG_9"	"CLUAP1"	0.000780055169655506	"HiG"	0.00108387451532992	0.172	90.5	369	60.5268680295467	0	0.117259033037513	511	7.99856978427785e-05	511	1199	733.5
"HiG_9"	"CMTM3"	0.000187163033590265	"HiG"	0.000315523231666254	0.418	977.5	1385	66.5597463787545	0	0.01781414083023	1353	1.21515285335812e-05	1353	1097	733.5
"HiG_9"	"CMYA5"	0.000897493469362212	"HiG"	0.117535129414645	0.548	1110.5	282	104.796979365345	0	0.261299942606072	223	0.0001782400699905	223	569	733.5
"HiG_9"	"CNMD"	0.000336639465856319	"HiG"	0.00639474717209641	0.698	1277	1014	167.639098304566	0	0.0643104850570931	797	4.38679979925601e-05	797	35	733.5
"HiG_9"	"CNN1"	0.00194045115344295	"HiG"	0.223543706951028	0.77	1380	69	150.916565333643	0	0.626396654298491	62	0.000427282847406883	62	140	733.5
"HiG_9"	"CNOT4"	0.000458024204220464	"HiG"	0.000319505791791719	0.191	253	732	71.8346212434693	0	0.0644574522465383	795	4.39682484628501e-05	795	1025	733.5
"HiG_9"	"CNTLN"	0.000670181122541385	"HiG"	0.00357280122103945	0.191	253	454	90.8220459738852	0	0.0995240197742842	583	6.78881444572198e-05	583	742	733.5
"HiG_9"	"CNTN4"	0.000424414730786695	"HiG"	0.0021286388424508	0.436	997.5	804	97.0195200141355	0	0.0737746516342221	731	5.03237732839168e-05	731	661	733.5
"HiG_9"	"CNTRL"	0.000590668247542208	"HiG"	0.000712789764909456	0.182	169.5	536	63.6712917489369	0	0.0868235062123634	633	5.92247654927445e-05	633	1144	733.5
"HiG_9"	"COA3"	0.000385892011539676	"HiG"	7.72788571556012e-05	0.169	66.5	888	28.2539360116982	0	0.0395334165157145	1067	2.6966859833366e-05	1067	1450	733.5
"HiG_9"	"COBLL1"	0.000503043547384446	"HiG"	0.000570622249221781	0.238	625.5	658	45.7730785169652	0	0.0574053050529759	869	3.91577797087148e-05	869	1350	733.5
"HiG_9"	"COIL"	0.00055010391849457	"HiG"	0.00122633422719405	0.196	299.5	586	80.1588442451182	0	0.084021466285491	655	5.73134149287115e-05	655	882	733.5
"HiG_9"	"COL11A1"	0.000890422995690949	"HiG"	0.0312432131086256	0.807	1443.5	288	155.026113118913	0	0.263088232903588	221	0.000179459913303948	221	95	733.5
"HiG_9"	"COL13A1"	0.000527677574582899	"HiG"	0.0112644568915316	0.755	1358	620	135.645267246	0	0.128144343555261	476	8.74108755492913e-05	476	269	733.5
"HiG_9"	"COL14A1"	0.00096823309190957	"HiG"	0.0222951839768494	0.791	1410.5	252	128.518464042448	0	0.283220697832168	203	0.000193192836174739	203	339	733.5
"HiG_9"	"COL1A1"	0.00408145121426725	"HiG"	0.131520165345608	0.779	1394.5	13	146.705083543015	0	1.27226485294594	14	0.000867847785092729	14	166	733.5
"HiG_9"	"COL21A1"	0.000443462347416421	"HiG"	0.0186928613469526	0.821	1456.5	769	150.714210991607	0	0.118957134010772	506	8.11440204711953e-05	506	142	733.5
"HiG_9"	"COL2A1"	0.00127751986750709	"HiG"	0.0559311869946701	0.802	1439	159	158.721698481986	0	0.383724888178094	138	0.000261749582659	138	71	733.5
"HiG_9"	"COL3A1"	0.00489017485495568	"HiG"	0.265826085332027	0.824	1461	7	155.261753460641	0	1.6250899347728	7	0.00110851973722565	7	90	733.5
"HiG_9"	"COL4A1"	0.00119207253725898	"HiG"	0.0318772141298286	0.773	1384	175	148.770997307152	0	0.341183902012035	162	0.000232731174633039	162	149	733.5
"HiG_9"	"COL4A5"	0.000649862590672687	"HiG"	0.0149612191233661	0.793	1418	475	132.035467409435	0	0.17611271389117	351	0.000120131455587428	351	303	733.5
"HiG_9"	"COL4A6"	0.000605857947451813	"HiG"	0.00997012676421284	0.814	1450	517	122.267646350866	0	0.167890227234737	366	0.000114522665235155	366	404	733.5
"HiG_9"	"COL5A1"	0.00134037061780135	"HiG"	0.0480232716780856	0.794	1421	149	149.525869600182	0	0.400874025821749	131	0.000273447493739256	131	147	733.5
"HiG_9"	"COL5A2"	0.00124987724628982	"HiG"	0.0535679936348735	0.8	1431.5	162	158.024284857463	0	0.382372360464785	140	0.000260826985310222	140	74	733.5
"HiG_9"	"COL6A1"	0.00140023491772098	"HiG"	0.0538647821211274	0.819	1454	136	154.334113120028	0	0.430595163152077	113	0.000293721120840435	113	101	733.5
"HiG_9"	"COL6A2"	0.00140069317653527	"HiG"	0.0433673237006728	0.805	1442	134	138.726048149855	0	0.416894139327983	121	0.000284375265571612	121	245	733.5
"HiG_9"	"COL8A1"	0.000890407138338146	"HiG"	0.0261489547457611	0.792	1414	289	129.903596375686	0	0.252365992358963	232	0.000172145970231216	232	322	733.5
"HiG_9"	"COLEC12"	0.000406505225835705	"HiG"	0.00491136360336495	0.524	1085.5	838	114.502654909455	0	0.0732096434338227	738	4.99383652345312e-05	738	469	733.5
"HiG_9"	"COMMD3"	0.000363666887578758	"HiG"	0.00014887025519114	0.194	283	944	38.376556701733	0	0.0408815000061845	1050	2.78864256522404e-05	1050	1405	733.5
"HiG_9"	"COMMD8"	0.000429291766316278	"HiG"	0.000310567400587385	0.192	264	791	48.5296089197236	0	0.0504352906480974	952	3.44033360491797e-05	952	1319	733.5
"HiG_9"	"COPA"	0.000455399902369967	"HiG"	0.00116184429776958	0.192	264	738	78.5465908390533	0	0.0736267724121235	734	5.0222900690398e-05	734	909	733.5
"HiG_9"	"COPS6"	0.000752391545001347	"HiG"	0.00368671824036401	0.239	630.5	398	95.2382905118063	0	0.133271560207802	458	9.09082948211471e-05	458	685	733.5
"HiG_9"	"COTL1"	0.000384174036115404	"HiG"	0.0108698427045882	0.646	1200.5	891	129.345489343587	0	0.0848433162625518	645	5.78740220071977e-05	645	329	733.5
"HiG_9"	"CPE"	0.000551669249597745	"HiG"	0.00757323030221013	0.578	1136	585	102.063465186161	0	0.122801827025114	498	8.37665941508281e-05	498	596	733.5
"HiG_9"	"CPLANE1"	0.00028302020736461	"HiG"	7.84674258967887e-05	0.16	24.5	1159	85.0818022181196	0	0.0295868970186316	1200	2.01820579936096e-05	1200	817	733.5
"HiG_9"	"CPNE1"	0.000202730822824771	"HiG"	0.000104855243143927	0.239	630.5	1360	39.119888907375	0	0.0170574889001874	1364	1.1635394884166e-05	1364	1401	733.5
"HiG_9"	"CRB2"	0.000425301380166915	"HiG"	0.00282329424773489	0.355	906	801	173.082143288569	0	0.0755436228823126	719	5.15304385281805e-05	719	23	733.5
"HiG_9"	"CRCP"	0.000392671428196934	"HiG"	7.88430361022127e-05	0.193	276	873	36.7802315435484	0	0.0422130060541503	1039	2.8794683529434e-05	1039	1414	733.5
"HiG_9"	"CREBBP"	0.00163877697267188	"HiG"	0.0146457187539662	0.397	954	101	118.333711395047	0	0.374522489880379	146	0.000255472366903397	146	435	733.5
"HiG_9"	"CREG1"	0.000193915390523557	"HiG"	0.0003072025582786	0.306	833.5	1369	73.192080057662	0	0.0182193060035658	1345	1.24279031402222e-05	1345	1000	733.5
"HiG_9"	"CREM"	0.000428670307478056	"HiG"	0.0246880296117761	0.566	1128	794	156.350802850901	0	0.0912928369730924	625	6.22734222190262e-05	625	85	733.5
"HiG_9"	"CRHBP"	0.000373001803311888	"HiG"	0.00034417731769839	0.392	949.5	917	59.9030715291381	0	0.0608643191401156	831	4.15172709004881e-05	831	1207	733.5
"HiG_9"	"CRIP2"	0.000446662394943713	"HiG"	0.0494662370173686	0.662	1228.5	759	104.016855440776	0	0.111868138804416	531	7.63084166469417e-05	531	578	733.5
"HiG_9"	"CRYAB"	0.000914697192070328	"HiG"	0.0459879296631115	0.678	1247	268	128.731480041151	0	0.226256863276022	268	0.000154336195959087	268	336	733.5
"HiG_9"	"CRYZL1"	0.000363880554802901	"HiG"	0.00168875518731534	0.222	512.5	943	87.8978434232733	0	0.0538444903083924	913	3.67288474136373e-05	913	773	733.5
"HiG_9"	"CSPP1"	0.000614612546631533	"HiG"	0.00128885389071133	0.177	129.5	506	71.5674203940404	0	0.0949858163064499	602	6.47925077124488e-05	602	1030	733.5
"HiG_9"	"CSRP3"	0.00121759524841137	"HiG"	0.172600739928655	0.684	1258.5	166	111.075288574005	0	0.402717201617964	130	0.000274704776001339	130	505	733.5
"HiG_9"	"CST1"	0.00081581485331796	"HiG"	0.00116032259726148	0.506	1068	341	28.969151302986	0	0.220420075186413	276	0.000150354757971632	276	1446	733.5
"HiG_9"	"CST3"	0.00116132463806108	"HiG"	0.0177319491555466	0.694	1273.5	184	142.621770673402	0	0.32387282110813	178	0.000220922797481671	178	205	733.5
"HiG_9"	"CST4"	0.00085559026579811	"HiG"	0.00148602658532157	0.502	1061.5	310	29.1698669240322	0	0.230916222690984	261	0.000157514476596852	261	1445	733.5
"HiG_9"	"CTNNB1"	0.00686437530138262	"HiG"	0.0959413302680983	0.519	1078.5	1	109.435755268589	0	1.78332017135704	4	0.00121645305003891	4	523	733.5
"HiG_9"	"CTSB"	0.00163575812877111	"HiG"	0.0286603722465313	0.637	1187.5	102	145.761235643592	0	0.442442049919593	108	0.000301802216861932	108	173	733.5
"HiG_9"	"CTSL"	0.00107620380295051	"HiG"	0.0255579273486822	0.609	1159	210	138.163297158679	0	0.272533979222538	210	0.000185903123617011	210	251	733.5
"HiG_9"	"CTSV"	0.00031178972334838	"HiG"	0.00231676565971813	0.602	1149.5	1084	108.199944066428	0	0.0580607039961366	863	3.96048458363824e-05	863	535	733.5
"HiG_9"	"CTTN"	0.00152836231867082	"HiG"	0.0231478378939583	0.378	931	116	123.269106763551	0	0.345579960126307	161	0.000235729850017945	161	389	733.5
"HiG_9"	"CTTNBP2"	0.000371743330122058	"HiG"	0.00300827901603496	0.28	770	922	92.6903269953747	0	0.0532538055526399	919	3.63259246607366e-05	919	714	733.5
"HiG_9"	"CTTNBP2NL"	0.000268107254596454	"HiG"	0.000550139948054266	0.218	482.5	1198	62.6675631347171	0	0.0280793784143505	1223	1.91537369811395e-05	1223	1164	733.5
"HiG_9"	"CUL1"	0.00138077726905846	"HiG"	0.00469059774708116	0.227	548	139	109.712632972688	0	0.260142564138322	225	0.000177450589453153	225	519	733.5
"HiG_9"	"CUX1"	0.000597867662560648	"HiG"	0.0048231043169226	0.339	884.5	529	155.047822640826	0	0.115067318951379	515	7.84906677703813e-05	515	94	733.5
"HiG_9"	"CWC25"	0.000565676115903977	"HiG"	0.000205437531271009	0.181	157	568	54.307783443668	0	0.072782531506867	739	4.96470201274673e-05	739	1268	733.5
"HiG_9"	"CXCL12"	0.00214043540663155	"HiG"	0.0493867629297471	0.782	1400	60	146.740226383988	0	0.642284071283692	58	0.000438120103194878	58	165	733.5
"HiG_9"	"CXCL14"	0.000716722183314218	"HiG"	0.0183439520378253	0.794	1421	423	166.442698888775	0	0.199119223523124	307	0.000135824845513727	307	38	733.5
"HiG_9"	"CYB5R3"	0.000380799567204335	"HiG"	0.00094761013920083	0.249	675	896	76.7483220771895	0	0.0561492832143818	880	3.8301011742416e-05	880	938	733.5
"HiG_9"	"CYP1B1"	0.000754212561448557	"HiG"	0.0103743357707488	0.527	1091	397	131.873825360677	0	0.163268199186839	378	0.000111369849377107	378	305	733.5
"HiG_9"	"CYP20A1"	0.000354201968505099	"HiG"	0.00157134823793982	0.246	658.5	980	83.3969525766682	0	0.0505773685250034	949	3.4500251381312e-05	949	841	733.5
"HiG_9"	"CYP26A1"	0.000549155009876148	"HiG"	0.00579466838313826	0.54	1101	587	102.115220385912	0	0.115343784706576	513	7.86792528694241e-05	513	595	733.5
"HiG_9"	"DAB1"	0.000316350989696105	"HiG"	0.00104180790280561	0.305	832	1070	98.3244196329542	0	0.0505482355056444	950	3.44803789260876e-05	950	645	733.5
"HiG_9"	"DAB2"	0.00120201874528187	"HiG"	0.0456596021571078	0.655	1213	171	133.971348763111	0	0.31413340476794	183	0.000214279266553847	183	287	733.5
"HiG_9"	"DACT1"	0.000289024801984348	"HiG"	0.00344876908433744	0.64	1192	1138	123.588057470955	0	0.0526461385970394	923	3.59114178697404e-05	923	386	733.5
"HiG_9"	"DAP"	0.000126974129036803	"HiG"	0.000228786258628422	0.385	941	1461	229.047224188241	0	0.00603095559842461	1451	4.11388512852975e-06	1451	4	733.5
"HiG_9"	"DBN1"	0.000607675112394054	"HiG"	0.0212356313451322	0.408	966	514	115.282161660651	0	0.126185513668715	489	8.60747023661088e-05	489	464	733.5
"HiG_9"	"DCAF5"	0.000332366601637454	"HiG"	0.000276653255837969	0.192	264	1030	33.8282305226153	0	0.0314576266767661	1171	2.14581355230328e-05	1171	1426	733.5
"HiG_9"	"DCAF6"	0.000358647668775929	"HiG"	0.000614122698508913	0.193	276	957	44.9690747964339	0	0.0401435871893644	1058	2.73830744811489e-05	1058	1362	733.5
"HiG_9"	"DCN"	0.00369091963176555	"HiG"	0.146082993712183	0.802	1439	15	159.987458044693	0	1.18873268756999	16	0.000810868136132327	16	65	733.5
"HiG_9"	"DCTN2"	0.000900066733638775	"HiG"	0.0121837179204037	0.193	276	278	82.082146741063	0	0.159213001939111	393	0.000108603684815219	393	861	733.5
"HiG_9"	"DCTN3"	0.000400343995626297	"HiG"	0.00589377871595636	0.218	482.5	852	86.7176881005813	0	0.0638467435446215	800	4.35516668107923e-05	800	791	733.5
"HiG_9"	"DCTN6"	0.000569222294538121	"HiG"	0.00882846354752692	0.207	400.5	564	73.7358469658845	0	0.0843146788478289	650	5.75134234978369e-05	650	988	733.5
"HiG_9"	"DCXR"	0.000265878528257531	"HiG"	0.000212276770781844	0.204	366	1208	76.2876858786345	0	0.0277058405067012	1228	1.88989362255807e-05	1228	946	733.5
"HiG_9"	"DDAH2"	0.000247437755357545	"HiG"	0.001113149688813	0.547	1108	1263	133.112811306199	0	0.0357042401815575	1115	2.43548705194799e-05	1115	294	733.5
"HiG_9"	"DDIT3"	0.00118283423060117	"HiG"	0.0131283219688601	0.458	1018	179	140.734510299261	0	0.304009308919672	188	0.000207373334870172	188	230	733.5
"HiG_9"	"DDIT4"	0.000948154670201542	"HiG"	0.0143694973104554	0.533	1094	259	132.230881768379	0	0.233951942036435	252	0.000159585226491429	252	300	733.5
"HiG_9"	"DDX39B"	0.00100280939655871	"HiG"	0.00403143904806245	0.2	334.5	235	89.9776426553125	0	0.182638625575038	337	0.000124582964239453	337	754	733.5
"HiG_9"	"DDX6"	0.000954950817648765	"HiG"	0.00353388754488239	0.21	425	257	89.4912608009538	0	0.169773217475786	363	0.000115807106054424	363	756	733.5
"HiG_9"	"DECR1"	0.000681834042634972	"HiG"	0.00128349885536963	0.23	567	445	63.7776718162159	0	0.108669904976899	547	7.41268110347194e-05	547	1143	733.5
"HiG_9"	"DECR2"	0.000784274224947242	"HiG"	0.00104467020170968	0.21	425	365	61.4790031429094	0	0.123157999393649	497	8.40095493817521e-05	497	1179	733.5
"HiG_9"	"DEGS1"	0.000315731709287319	"HiG"	5.48200150871725e-05	0.235	602.5	1071	31.2889651466025	0	0.0285360894197808	1214	1.94652724555121e-05	1214	1437	733.5
"HiG_9"	"DENND5B"	0.00027104932056181	"HiG"	0.000119875056878725	0.198	313.5	1188	71.6288283216751	0	0.027695084400905	1229	1.88915991820634e-05	1229	1029	733.5
"HiG_9"	"DGKI"	0.00039515437294807	"HiG"	0.00110898095719975	0.323	865	864	70.0744942978722	0	0.0618908504959555	821	4.22174969276641e-05	821	1051	733.5
"HiG_9"	"DHX38"	0.000779070344084751	"HiG"	0.000492417036689639	0.182	169.5	373	67.5696757001193	0	0.109923390720756	540	7.49818490591785e-05	540	1082	733.5
"HiG_9"	"DHX40"	0.00052762716808552	"HiG"	0.000621296863905605	0.17	73.5	621	73.4749006672771	0	0.0721467652019624	747	4.9213345976782e-05	747	995	733.5
"HiG_9"	"DICER1"	0.00154256544651813	"HiG"	0.020193090763661	0.312	847.5	113	125.480793521433	0	0.358401153737253	155	0.000244475548251878	155	369	733.5
"HiG_9"	"DIPK2A"	0.000311444688403729	"HiG"	0.000798213064854793	0.21	425	1090	67.1542521364404	0	0.0420118255292358	1041	2.86574526120298e-05	1041	1086	733.5
"HiG_9"	"DKK1"	0.00168232626214026	"HiG"	0.0494544508897724	0.778	1392	95	150.069746096917	0	0.508159484883549	85	0.000346629935118382	85	146	733.5
"HiG_9"	"DKK4"	0.00118263004106228	"HiG"	0.0210036034384011	0.722	1314.5	180	155.499195659684	0	0.339458573936539	164	0.00023155427962929	164	89	733.5
"HiG_9"	"DLG1"	0.000763785797651534	"HiG"	0.00623185977055717	0.312	847.5	386	122.532189807836	0	0.156221712029935	401	0.000106563241493816	401	398	733.5
"HiG_9"	"DLGAP4"	0.000218541850359826	"HiG"	0.000698277299365032	0.286	786.5	1325	55.1480632892043	0	0.0222046250616404	1305	1.51464018155801e-05	1305	1263	733.5
"HiG_9"	"DLK1"	0.0012838529031994	"HiG"	0.0419113738203886	0.683	1256.5	157	152.703969946099	0	0.340756394231638	163	0.000232439559503163	163	119	733.5
"HiG_9"	"DMAC2L"	0.00021836896104602	"HiG"	1.55985184083152e-05	0.177	129.5	1326	33.827614243165	0	0.0156226606730911	1379	1.06566580307579e-05	1379	1427	733.5
"HiG_9"	"DMD"	0.000798399534991874	"HiG"	0.0546459822502017	0.685	1260.5	352	128.776359286693	0	0.214309068871211	284	0.000146186267988548	284	335	733.5
"HiG_9"	"DMTF1"	0.000404555313374756	"HiG"	0.000373483022173883	0.19	244.5	845	78.3712159846234	0	0.0470256459434387	984	3.20775211073934e-05	984	912	733.5
"HiG_9"	"DNAJC1"	0.000393412231610107	"HiG"	0.000544396477498506	0.189	232.5	870	53.5453731458948	0	0.0518595235336355	934	3.53748455208973e-05	934	1277	733.5
"HiG_9"	"DNAJC21"	0.000392902889951283	"HiG"	0.00106777306566439	0.199	323.5	872	90.8871725514038	0	0.0537562077599794	915	3.66686273942561e-05	915	740	733.5
"HiG_9"	"DNAJC3"	0.000675508444235566	"HiG"	0.00143689258523241	0.205	376	449	74.8207452990148	0	0.112976796560758	524	7.70646634111582e-05	524	967	733.5
"HiG_9"	"DNAJC9"	0.000467821732926238	"HiG"	0.00191499031918457	0.21	425	715	84.9511234764423	0	0.0797934240803069	687	5.44293479401821e-05	687	820	733.5
"HiG_9"	"DNPH1"	0.000197926168639962	"HiG"	0.000350475026681902	0.27	743.5	1364	59.5375336216743	0	0.0142393156998655	1389	9.71303935870772e-06	1389	1210	733.5
"HiG_9"	"DOCK1"	0.000575102422203459	"HiG"	0.00428817537100532	0.351	901.5	559	118.728196313145	0	0.101528222613889	573	6.92552678130215e-05	573	433	733.5
"HiG_9"	"DOK4"	0.00036861831843048	"HiG"	0.00102631133109255	0.301	823.5	930	54.1496452405227	0	0.0523765305920584	926	3.57275106357833e-05	926	1270	733.5
"HiG_9"	"DPYSL3"	0.000667520010972514	"HiG"	0.00828779416614919	0.527	1091	455	103.317910182342	0	0.142303101020481	430	9.70689638611737e-05	430	583	733.5
"HiG_9"	"DRAP1"	0.00028817180603046	"HiG"	0.0010558266992913	0.284	782	1142	110.999482699025	0	0.0372998406830235	1099	2.54432746814621e-05	1099	506	733.5
"HiG_9"	"DSC2"	0.000898684184863135	"HiG"	0.0862906018075488	0.767	1374	279	152.607485911302	0	0.269690899067152	216	0.000183963778354129	216	122	733.5
"HiG_9"	"DSC3"	0.000896123453319462	"HiG"	0.0675710449247002	0.749	1350.5	284	132.689715245933	0	0.23760975728758	246	0.000162080325571337	246	297	733.5
"HiG_9"	"DUSP12"	0.000593806378346962	"HiG"	0.00758782614423689	0.45	1006.5	532	151.407379696687	0	0.134918347256081	455	9.20316147722242e-05	455	135	733.5
"HiG_9"	"DYNC1I1"	0.000714754479928806	"HiG"	0.00275338985740891	0.253	693.5	425	76.4937131657251	0	0.12666298857417	487	8.64004014830629e-05	487	942	733.5
"HiG_9"	"DYNLT3"	0.000330433842168513	"HiG"	0.00387808291360798	0.22	499.5	1037	68.3888471530611	0	0.0445693297216963	1011	3.04019984459047e-05	1011	1069	733.5
"HiG_9"	"DZIP1"	0.000399603404975673	"HiG"	0.000460175325157049	0.173	98	853	45.7434566802573	0	0.0466546853847487	987	3.18244784343443e-05	987	1352	733.5
"HiG_9"	"DZIP3"	0.000262603096771093	"HiG"	0.000127943188461904	0.159	20	1220	65.0141136365111	0	0.0268568153927179	1243	1.83197922187708e-05	1243	1118	733.5
"HiG_9"	"EAPP"	0.000217811801134372	"HiG"	1.58165875095262e-05	0.186	206.5	1328	34.3701269591542	0	0.0138553263785518	1393	9.45110939873927e-06	1393	1424	733.5
"HiG_9"	"ECE1"	0.000356964115593669	"HiG"	0.00501101185598011	0.706	1291.5	968	136.151524603656	0	0.072633372640606	740	4.9545274652528e-05	740	263	733.5
"HiG_9"	"ECH1"	0.000533460202471378	"HiG"	0.00249371992099354	0.236	612.5	616	87.130563364511	0	0.085047093298194	642	5.80130240778949e-05	642	785	733.5
"HiG_9"	"ECI1"	0.000539175585099826	"HiG"	0.000960708134934881	0.212	445.5	607	63.1889835272884	0	0.0793261795843845	689	5.41106272744778e-05	689	1155	733.5
"HiG_9"	"EDN1"	0.00171174013371476	"HiG"	0.0716496595576931	0.797	1426	91	152.655680700649	0	0.521024274535539	82	0.000355405371443069	82	120	733.5
"HiG_9"	"EDNRA"	0.000660389397515466	"HiG"	0.0158842680701782	0.792	1414	459	152.380322976184	0	0.174158693827867	357	0.00011879856332051	357	126	733.5
"HiG_9"	"EEA1"	0.000984921442986412	"HiG"	0.00379387210779601	0.22	499.5	246	94.9468675233829	0	0.177796982325129	345	0.000121280342650156	345	690	733.5
"HiG_9"	"EFEMP2"	0.00066278807641676	"HiG"	0.0246845596624847	0.777	1391	458	143.199440081359	0	0.178359799000252	344	0.000121664255798262	344	202	733.5
"HiG_9"	"EFNA5"	0.000644533789985418	"HiG"	0.00871042355746342	0.651	1209	477	180.786943382751	0	0.151626592635048	410	0.000103428780787891	410	12	733.5
"HiG_9"	"EFNB2"	0.000823361631871736	"HiG"	0.0137755369247402	0.721	1311.5	334	165.594585354762	0	0.218040565557576	279	0.000148731627256191	279	42	733.5
"HiG_9"	"EGFL7"	0.000561729909620601	"HiG"	0.00909987504854035	0.69	1265.5	573	142.211221451994	0	0.127589312043937	481	8.70322728812665e-05	481	210	733.5
"HiG_9"	"EGR1"	0.00151686391093675	"HiG"	0.0266028837055524	0.67	1232.5	118	158.750390885677	0	0.406438528382386	127	0.000277243198078026	127	70	733.5
"HiG_9"	"EHBP1"	0.000445894951440189	"HiG"	0.00661239248277984	0.269	741	761	70.468130163934	0	0.0718874344874817	750	4.9036449172907e-05	750	1045	733.5
"HiG_9"	"EIF3L"	0.000851038442114572	"HiG"	0.0120889874371204	0.246	658.5	314	97.1371990878053	0	0.221643413388354	275	0.000151189231506381	275	657	733.5
"HiG_9"	"ELF2"	0.000230690936317755	"HiG"	0.0017686445032775	0.287	789.5	1303	95.2830634113897	0	0.0273832619737119	1236	1.86788962985757e-05	1236	684	733.5
"HiG_9"	"EMC2"	0.000395262878656238	"HiG"	0.00199472129563798	0.223	520.5	863	73.8372220085692	0	0.0619519076777899	820	4.22591457556548e-05	820	984	733.5
"HiG_9"	"EMP2"	0.000328326329064983	"HiG"	0.00367582182951816	0.472	1029	1040	113.708467151504	0	0.0535338423164821	917	3.65169456456222e-05	917	478	733.5
"HiG_9"	"ENC1"	0.000361520351755786	"HiG"	0.00802848375376387	0.496	1054	948	122.774455797165	0	0.0658020625231048	784	4.48854451044371e-05	784	396	733.5
"HiG_9"	"ENO2"	0.00162566152154735	"HiG"	0.0295300442538484	0.479	1035	106	131.588371729396	0	0.434233029660772	111	0.000296202612319763	111	310	733.5
"HiG_9"	"ENO3"	0.00177042028744687	"HiG"	0.181837605132342	0.492	1051	82	107.785707402036	0	0.494305900859996	93	0.000337180014229193	93	541	733.5
"HiG_9"	"ENOSF1"	0.000323150259175426	"HiG"	0.000912882109655276	0.193	276	1055	51.7288718976952	0	0.038126779480704	1084	2.60073529882019e-05	1084	1296	733.5
"HiG_9"	"ENOX2"	0.000259711505562351	"HiG"	0.000135571824485008	0.198	313.5	1230	73.6345322426561	0	0.0255269130030784	1261	1.7412628242209e-05	1261	993	733.5
"HiG_9"	"ENTPD4"	0.000280498650408726	"HiG"	0.000137978009497012	0.2	334.5	1166	49.5639437691366	0	0.0298407762100692	1197	2.03552361596652e-05	1197	1309	733.5
"HiG_9"	"EOMES"	0.00138688629442548	"HiG"	0.0264445860313959	0.702	1282.5	138	113.710734725192	0	0.403832592951642	129	0.000275465615928815	129	477	733.5
"HiG_9"	"EPB41L3"	0.000405364695584914	"HiG"	0.000915230162374188	0.257	703	841	80.0337362404744	0	0.06362178276143	802	4.33982147076603e-05	802	886	733.5
"HiG_9"	"EPHA7"	0.000671188228529924	"HiG"	0.00483507736159365	0.534	1096	452	103.056821708315	0	0.143602118055463	424	9.79550600651183e-05	424	588	733.5
"HiG_9"	"EPM2AIP1"	0.000237321359458629	"HiG"	0.000238561654614839	0.173	98	1291	79.0322664393445	0	0.0205322534096293	1320	1.40056298837853e-05	1320	897	733.5
"HiG_9"	"EPN2"	0.000394483848413858	"HiG"	0.00276519463943426	0.298	816.5	867	113.215428154874	0	0.0660582860523354	782	4.50602224095057e-05	782	483	733.5
"HiG_9"	"EPSTI1"	0.000226892108329026	"HiG"	0.00168484913824883	0.358	908.5	1309	74.6918360969597	0	0.0274959412134633	1233	1.87557579900841e-05	1233	971	733.5
"HiG_9"	"ERBIN"	0.000707857286891707	"HiG"	0.00860974903348199	0.252	689.5	428	92.578728767906	0	0.126804971184144	485	8.64972518309302e-05	485	716	733.5
"HiG_9"	"ERC1"	0.00066027697443896	"HiG"	0.000522787651348733	0.179	139.5	460	64.0898802619963	0	0.0961818027725803	597	6.56083238557847e-05	597	1137	733.5
"HiG_9"	"ERCC1"	0.000599046516023266	"HiG"	0.00203833447535805	0.268	739.5	528	129.132543715456	0	0.104389736117893	567	7.12071869835561e-05	567	331	733.5
"HiG_9"	"ERCC6L2"	0.000389178926604578	"HiG"	0.000623760920229688	0.21	425	883	99.4666622680299	0	0.0532631773092203	918	3.63323174005595e-05	918	628	733.5
"HiG_9"	"ERGIC2"	0.000384804241979649	"HiG"	0.00023187795708348	0.175	111.5	890	67.198804183236	0	0.0477303201527028	974	3.2558199285609e-05	974	1085	733.5
"HiG_9"	"ERGIC3"	0.000364578394781043	"HiG"	0.000525176757639672	0.206	388	940	64.4343405651635	0	0.0454640260301476	998	3.10122960642207e-05	998	1131	733.5
"HiG_9"	"ERICH1"	0.000167999521702918	"HiG"	2.45517024383142e-06	0.182	169.5	1421	19.5293215618351	0	0.00627443696243843	1450	4.27997064286387e-06	1450	1462	733.5
"HiG_9"	"ERP44"	0.000541738852207584	"HiG"	0.000860878969195531	0.222	512.5	602	71.8391178091172	0	0.0832476699862938	660	5.67855866209371e-05	660	1024	733.5
"HiG_9"	"ERRFI1"	0.000405336642928041	"HiG"	0.00203943906922125	0.45	1006.5	842	111.58913901309	0	0.0720336549562709	749	4.91361902839501e-05	749	497	733.5
"HiG_9"	"ETAA1"	0.000430336266791242	"HiG"	0.000549504149634365	0.195	290.5	788	68.6083386126704	0	0.0564031989465881	877	3.84742148339619e-05	877	1066	733.5
"HiG_9"	"ETFB"	0.000491332417601995	"HiG"	0.00859661426130567	0.26	711.5	674	74.390904523445	0	0.0808017333216933	676	5.51171441484947e-05	676	977	733.5
"HiG_9"	"ETS2"	0.000721584601119486	"HiG"	0.0123247846978368	0.728	1322.5	421	167.333044845162	0	0.182177055442458	338	0.000124268114217229	338	36	733.5
"HiG_9"	"EVI5"	0.000266411928231488	"HiG"	0.000127402329486485	0.181	157	1205	52.7229731385131	0	0.0297922443287154	1198	2.03221311928482e-05	1198	1287	733.5
"HiG_9"	"EXOC1"	0.000462945059863637	"HiG"	0.000611545540743758	0.159	20	720	78.9939408531412	0	0.0645144305779453	793	4.40071149917772e-05	793	898	733.5
"HiG_9"	"EXOSC10"	0.000688644836839761	"HiG"	0.00386670353560702	0.213	450	442	94.3664837672585	0	0.129230422521915	470	8.81517206834344e-05	470	696	733.5
"HiG_9"	"FAF2"	0.000559953457863433	"HiG"	0.000398129118691296	0.17	73.5	575	62.8249978669867	0	0.0784204824271338	700	5.34928256665306e-05	700	1159	733.5
"HiG_9"	"FAHD1"	0.000277266762030032	"HiG"	0.00034846777847439	0.189	232.5	1172	77.8227687690561	0	0.0306571079363888	1189	2.09120790834848e-05	1189	920	733.5
"HiG_9"	"FAM107B"	0.000287335311160525	"HiG"	0.000682931765013384	0.217	477	1144	79.4053453049309	0	0.0379099513152896	1085	2.58594483733217e-05	1085	892	733.5
"HiG_9"	"FAM114A1"	0.00018844935699385	"HiG"	0.000497599533260927	0.376	928.5	1380	81.8149751872395	0	0.0173895268216411	1360	1.18618873271768e-05	1360	866	733.5
"HiG_9"	"FAM118A"	0.000251373469672867	"HiG"	0.00024217979124754	0.19	244.5	1249	48.3413087729002	0	0.0219530849790893	1307	1.49748192217526e-05	1307	1320	733.5
"HiG_9"	"FAM13A"	0.000239049924138968	"HiG"	0.000460108439437168	0.257	703	1287	87.0283717117942	0	0.0228144506010428	1299	1.55623810375462e-05	1299	786	733.5
"HiG_9"	"FAM13B"	0.000314160044302675	"HiG"	0.000792448128030425	0.189	232.5	1077	54.6530396781555	0	0.0377687997206825	1090	2.57631648845037e-05	1090	1266	733.5
"HiG_9"	"FAM13C"	0.000203996773104503	"HiG"	0.000705382403288667	0.226	539.5	1355	83.5000625349588	0	0.0179742841290284	1349	1.22607668001558e-05	1349	836	733.5
"HiG_9"	"FAM161A"	0.000519347219682957	"HiG"	0.00152510761212171	0.185	196	634	71.3573427498425	0	0.0752679433808857	720	5.1342389755038e-05	720	1035	733.5
"HiG_9"	"FAM184A"	0.000165381701051182	"HiG"	5.71575993366399e-06	0.185	196	1425	32.8528954407914	0	0.00767946439014642	1440	5.23837952943139e-06	1440	1433	733.5
"HiG_9"	"FAM200B"	0.000146516523705267	"HiG"	3.06581540614702e-05	0.214	459.5	1447	44.390021996986	0	0.00771599261087741	1439	5.26329646035294e-06	1439	1369	733.5
"HiG_9"	"FAM216A"	0.000153845459566046	"HiG"	0.00014502576221227	0.187	215.5	1438	60.9483502746068	0	0.00875739087613996	1430	5.97366362628919e-06	1430	1189	733.5
"HiG_9"	"FAM217B"	0.000167695003533416	"HiG"	1.3045297152889e-05	0.203	355.5	1422	29.19165506505	0	0.00836376228648483	1435	5.7051584491711e-06	1435	1444	733.5
"HiG_9"	"FAM89A"	0.00018971576870215	"HiG"	0.000475593900917258	0.235	602.5	1378	78.1280294692116	0	0.0176512107950935	1356	1.20403893554526e-05	1356	914	733.5
"HiG_9"	"FAM92A"	0.000340349834204764	"HiG"	0.000132187338579117	0.157	13.5	1006	41.6439454675204	0	0.0311999814095441	1176	2.12823884103302e-05	1176	1388	733.5
"HiG_9"	"FARP1"	0.00028526102258656	"HiG"	0.000799662971871426	0.278	765	1154	106.184092403279	0	0.0394927389223468	1069	2.69391124981902e-05	1069	560	733.5
"HiG_9"	"FBLN1"	0.00119073683895762	"HiG"	0.0399621083888596	0.792	1414	176	147.729109291326	0	0.350093672328253	158	0.000238808780578617	158	157	733.5
"HiG_9"	"FBN2"	0.000821713373000397	"HiG"	0.0436494793512031	0.793	1418	336	151.314268161113	0	0.230509529125367	262	0.000157237059430674	262	136	733.5
"HiG_9"	"FBXO17"	0.000198969860029751	"HiG"	0.000138724240428964	0.227	548	1363	102.430009664461	0	0.019842175782949	1324	1.35349084467592e-05	1324	592	733.5
"HiG_9"	"FBXO21"	0.000301684481249748	"HiG"	0.000425269553911642	0.236	612.5	1112	89.0004652998264	0	0.0383754155774111	1079	2.61769546912763e-05	1079	761	733.5
"HiG_9"	"FBXO22"	0.000367735039823248	"HiG"	0.00136397906907762	0.262	723	932	128.814136672142	0	0.0525377928265595	924	3.58375121599997e-05	924	333	733.5
"HiG_9"	"FBXO34"	0.000185682850021681	"HiG"	0.000512453130671123	0.238	625.5	1390	64.3278763904335	0	0.0157147935964123	1377	1.07195044995991e-05	1377	1134	733.5
"HiG_9"	"FER"	0.000220798743423259	"HiG"	0.00232390078379232	0.404	961	1319	334.317983915874	0	0.0311002449918755	1181	2.12143553832712e-05	1181	2	733.5
"HiG_9"	"FEZ2"	0.000281135511009247	"HiG"	6.22636631138655e-05	0.172	90.5	1162	36.7824359345314	0	0.0257743544625328	1255	1.75814150494767e-05	1255	1413	733.5
"HiG_9"	"FGA"	0.00051028841550752	"HiG"	0.00851908419962686	0.66	1223	647	123.214849652027	0	0.126049017445772	490	8.5981594437771e-05	490	390	733.5
"HiG_9"	"FGB"	0.00150028669948262	"HiG"	0.0211464380151709	0.619	1172	120	120.644474638616	0	0.455843094436948	104	0.00031094344777418	104	415	733.5
"HiG_9"	"FGD6"	0.000241059258122123	"HiG"	0.000196337488124158	0.246	658.5	1281	78.7100343451391	0	0.0253243631903916	1267	1.72744632949466e-05	1267	905	733.5
"HiG_9"	"FGF10"	0.0029076526731043	"HiG"	0.0957434489267262	0.789	1407.5	39	158.227758454523	0	0.887191931961406	35	0.000605178671187862	35	72	733.5
"HiG_9"	"FGFBP3"	0.000244092575414018	"HiG"	0.00275069457415051	0.405	962	1275	86.3116819788729	0	0.0320214664998465	1163	2.18427465892541e-05	1163	795	733.5
"HiG_9"	"FGFR1OP2"	0.000380653326265683	"HiG"	0.00035663459074772	0.183	180	898	58.1798849134634	0	0.0475180792473446	977	3.24134237703579e-05	977	1230	733.5
"HiG_9"	"FGG"	0.000364725617970286	"HiG"	0.00632758713770413	0.656	1215	939	162.845190984746	0	0.0779057542245896	705	5.31417150235945e-05	705	54	733.5
"HiG_9"	"FHL1"	0.000521946354372909	"HiG"	0.0324109522440942	0.7	1280	630	116.182496857968	0	0.132776689549567	461	9.05707295699635e-05	461	452	733.5
"HiG_9"	"FIGN"	0.000331017485542651	"HiG"	0.000289244595358323	0.189	232.5	1032	67.0347821801283	0	0.0412659047644956	1046	2.81486389935168e-05	1046	1088	733.5
"HiG_9"	"FILIP1"	0.000527162413665354	"HiG"	0.0517547461131698	0.597	1146	623	98.6142501413192	0	0.131989020561222	464	9.00334383091555e-05	464	638	733.5
"HiG_9"	"FILIP1L"	0.000451296921922581	"HiG"	0.00149441275706039	0.214	459.5	752	67.3811723929667	0	0.0645891007474818	791	4.40580496231117e-05	791	1084	733.5
"HiG_9"	"FIP1L1"	0.000570010275850213	"HiG"	0.00250314103226047	0.195	290.5	563	112.832984137076	0	0.0943459271475241	606	6.43560212466058e-05	606	488	733.5
"HiG_9"	"FKBP14"	0.000475599196068198	"HiG"	0.00929158201618379	0.455	1013	699	122.475323772355	0	0.0943233747799724	607	6.43406376398175e-05	607	400	733.5
"HiG_9"	"FKBP7"	0.000392158702256825	"HiG"	0.00346372318965827	0.259	708	875	78.7015612089037	0	0.062311381212763	818	4.25043528054318e-05	818	906	733.5
"HiG_9"	"FLNA"	0.00226053798270645	"HiG"	0.127186703819316	0.677	1245	53	134.756199601957	0	0.632195557965184	60	0.000431238443359607	60	280	733.5
"HiG_9"	"FLRT2"	0.000470252059246342	"HiG"	0.00739381922987092	0.603	1151.5	708	122.757545433735	0	0.0973246048525959	594	6.63878614274188e-05	594	397	733.5
"HiG_9"	"FLRT3"	0.000356718001341506	"HiG"	0.00236882244623375	0.418	977.5	970	94.9182753058557	0	0.0589847778625163	850	4.02351827165869e-05	850	692	733.5
"HiG_9"	"FLT1"	0.00135225817695337	"HiG"	0.0246344400565027	0.755	1358	147	152.581736802416	0	0.38177117752347	141	0.000260416901448479	141	123	733.5
"HiG_9"	"FMR1"	0.00105235406338266	"HiG"	0.00773403597580035	0.284	782	217	115.593987696844	0	0.21513298735719	282	0.000146748286055382	282	460	733.5
"HiG_9"	"FN1"	0.00637446202115655	"HiG"	0.271706453692212	0.801	1435.5	2	135.929852113475	0	1.98008956250206	3	0.00135067500852801	3	266	733.5
"HiG_9"	"FNBP1"	0.000477670971409993	"HiG"	0.000957173268752782	0.249	675	696	86.4488610316695	0	0.0750351296268637	722	5.11835809187338e-05	722	793	733.5
"HiG_9"	"FNDC3A"	0.000305279405004476	"HiG"	0.000956161459235772	0.23	567	1102	73.8360556505435	0	0.036073412067062	1110	2.46066930880369e-05	1110	985	733.5
"HiG_9"	"FNDC3B"	0.000371387475811582	"HiG"	0.00295955682178005	0.388	946.5	923	103.846587025812	0	0.0629293598410314	809	4.29258934795576e-05	809	579	733.5
"HiG_9"	"FOXC1"	0.000780083929763752	"HiG"	0.0128982512321047	0.724	1317.5	368	143.454172274909	0	0.200457293003531	302	0.000136737580493541	302	200	733.5
"HiG_9"	"FOXH1"	0.000627442008664738	"HiG"	0.0200552409331476	0.738	1336.5	492	120.394792702197	0	0.16243469890227	380	0.000110801295294864	380	416	733.5
"HiG_9"	"FOXP1"	0.00109791448027727	"HiG"	0.0180819467517606	0.564	1124.5	202	147.653804907393	0	0.263866015934632	220	0.000179990461074101	220	159	733.5
"HiG_9"	"FRG1"	0.000360303422867923	"HiG"	0.0014704473785238	0.189	232.5	952	73.7219082579874	0	0.0460024243477694	992	3.13795527610978e-05	992	989	733.5
"HiG_9"	"FRMD4A"	0.000282047336100689	"HiG"	0.000470097439931185	0.249	675	1161	58.1663544167818	0	0.0326709903255919	1152	2.22858051334188e-05	1152	1231	733.5
"HiG_9"	"FRMD4B"	0.000323805725875696	"HiG"	0.000252245006208285	0.235	602.5	1053	48.0666707331391	0	0.0328102138338499	1150	2.23807734200886e-05	1150	1322	733.5
"HiG_9"	"FRZB"	0.00162712733376393	"HiG"	0.0535002877266541	0.789	1407.5	105	154.77399098892	0	0.496226485767405	92	0.000338490099432063	92	98	733.5
"HiG_9"	"FSIP2"	0.000450327292531494	"HiG"	0.00957370159588374	0.194	283	754	70.9798332488614	0	0.0580077557703372	864	3.9568728356301e-05	864	1038	733.5
"HiG_9"	"FST"	0.000919947137622215	"HiG"	0.0224496489549518	0.796	1424	267	141.666143732676	0	0.265784648808572	219	0.000181299214739817	219	217	733.5
"HiG_9"	"FSTL1"	0.000629538973062054	"HiG"	0.0214977494256833	0.807	1443.5	488	164.250838840642	0	0.172564076191098	361	0.000117710829598293	361	47	733.5
"HiG_9"	"FUNDC1"	0.000428509705122564	"HiG"	0.000792278381851418	0.222	512.5	795	85.9034411257444	0	0.069023070216941	768	4.70825854140116e-05	768	802	733.5
"HiG_9"	"FUNDC2"	0.000250824024492409	"HiG"	0.000413432995744424	0.211	437	1256	69.3159632656453	0	0.026293505769758	1249	1.79355428170246e-05	1249	1058	733.5
"HiG_9"	"FXYD6"	0.000188309051958652	"HiG"	0.000216474627712889	0.533	1094	1381	50.2784027507436	0	0.0183682336378099	1342	1.25294908852728e-05	1342	1305	733.5
"HiG_9"	"FYB2"	0.000240389394618624	"HiG"	5.68875705469356e-05	0.2	334.5	1284	30.4011281686873	0	0.019933971501121	1322	1.35975248984454e-05	1322	1440	733.5
"HiG_9"	"FYTTD1"	0.000498355695130531	"HiG"	0.00219993635871865	0.206	388	664	70.1931960712246	0	0.0710419751899233	758	4.84597375101796e-05	758	1046	733.5
"HiG_9"	"FZD2"	0.000650684877315449	"HiG"	0.00753773161459678	0.656	1215	471	143.51497400391	0	0.15650632588281	400	0.000106757384640389	400	199	733.5
"HiG_9"	"FZD7"	0.000548232682275897	"HiG"	0.00739753547652738	0.694	1273.5	588	165.678453322955	0	0.129657597718556	469	8.84431089485373e-05	469	41	733.5
"HiG_9"	"GABARAP"	0.000825437005107244	"HiG"	0.00318895057437056	0.241	638.5	330	101.852631524047	0	0.160189287454915	390	0.000109269636735958	390	599	733.5
"HiG_9"	"GABARAPL1"	0.00101004301191313	"HiG"	0.00403746922106176	0.248	669	231	100.929858485995	0	0.193128954382946	316	0.000131738713767357	316	611	733.5
"HiG_9"	"GABRB2"	0.000454731233571017	"HiG"	0.00283750827209178	0.381	936.5	741	92.1620806525157	0	0.0830727403279504	661	5.66662621609484e-05	661	718	733.5
"HiG_9"	"GABRP"	0.000774609852006143	"HiG"	0.00640748334771232	0.617	1170	376	60.2294397292437	0	0.191079869730796	324	0.000130340975259752	324	1202	733.5
"HiG_9"	"GADD45A"	0.000993794960785691	"HiG"	0.0153375865236529	0.555	1116	240	151.557889828491	0	0.247138441445555	235	0.000168580110126572	235	132	733.5
"HiG_9"	"GADD45B"	0.000585176115686891	"HiG"	0.00788751591986196	0.624	1174	548	129.789369862143	0	0.138654742436537	442	9.45803154410211e-05	442	324	733.5
"HiG_9"	"GADD45G"	0.00091115699030863	"HiG"	0.0123588741511913	0.547	1108	269	164.142190496074	0	0.237378494652828	248	0.000161922574797291	248	48	733.5
"HiG_9"	"GAP43"	0.00121445992518414	"HiG"	0.0282719564663561	0.522	1083.5	167	134.182507037955	0	0.291425595446851	197	0.000198789628544919	197	286	733.5
"HiG_9"	"GATA3"	0.00152102022249861	"HiG"	0.027660512223502	0.691	1267.5	117	134.708937752302	0	0.420324268742094	118	0.000286715053712206	118	281	733.5
"HiG_9"	"GATA4"	0.00169830332704464	"HiG"	0.075341568518887	0.808	1445.5	94	138.493721913672	0	0.522232910257286	80	0.000356229816000877	80	249	733.5
"HiG_9"	"GATA6"	0.0011687406663099	"HiG"	0.0486071428889971	0.76	1365.5	183	141.308704652626	0	0.331019539252326	171	0.000225797775751928	171	222	733.5
"HiG_9"	"GCA"	0.000231816514073572	"HiG"	0.00091398707032046	0.491	1048.5	1302	57.3722929484513	0	0.0316265838767814	1169	2.1573386000533e-05	1169	1241	733.5
"HiG_9"	"GDF11"	0.000348671736811184	"HiG"	0.0125314637279829	0.735	1333.5	990	162.756752148536	0	0.0750184122618516	724	5.11721775319588e-05	724	55	733.5
"HiG_9"	"GDF15"	0.00119530597703375	"HiG"	0.0256149742855755	0.692	1269	174	147.665763808136	0	0.328439935513808	174	0.000224038155193593	174	158	733.5
"HiG_9"	"GINM1"	0.000131259615731889	"HiG"	9.56208193807208e-05	0.441	999	1458	74.2220801391807	0	0.00646176123761809	1449	4.40774982102189e-06	1449	980	733.5
"HiG_9"	"GINS2"	0.000558355045774628	"HiG"	0.000609564125076732	0.236	612.5	577	90.4636939249591	0	0.0914699490417	624	6.23942353626876e-05	624	750	733.5
"HiG_9"	"GLG1"	0.000217377639365865	"HiG"	0.0019532791485607	0.491	1048.5	1329	148.479774307596	0	0.025667925623157	1258	1.75088169325764e-05	1258	151	733.5
"HiG_9"	"GLIPR2"	0.000185880152918616	"HiG"	0.000398443909117148	0.271	749	1389	92.1587224317883	0	0.0182950892807411	1343	1.24795970537115e-05	1343	720	733.5
"HiG_9"	"GLRX"	0.00049233006172008	"HiG"	0.00262472812152615	0.298	816.5	672	112.896419686074	0	0.0847601359359574	646	5.78172823574061e-05	646	486	733.5
"HiG_9"	"GLUL"	0.00100306671821708	"HiG"	0.00937564957756677	0.379	933	234	133.392907025919	0	0.219673547247259	277	0.000149845530182305	277	292	733.5
"HiG_9"	"GLYR1"	0.000537083081899398	"HiG"	0.000776175134576282	0.196	299.5	609	77.8314256232768	0	0.0791336908842452	693	5.39793252962109e-05	693	919	733.5
"HiG_9"	"GNAI1"	0.000674560529437495	"HiG"	0.00430199755705838	0.54	1101	450	95.0806961065038	0	0.144929035346514	420	9.88601878216328e-05	420	688	733.5
"HiG_9"	"GNG11"	0.000774643772273896	"HiG"	0.0118179956415718	0.584	1142	375	80.4424122979531	0	0.177752139197923	346	0.000121249753886714	346	880	733.5
"HiG_9"	"GNG12"	0.000585847528461075	"HiG"	0.00802210329368632	0.584	1142	546	107.31572450067	0	0.126731132469143	486	8.64468843582146e-05	486	547	733.5
"HiG_9"	"GNG5"	0.000510380694727493	"HiG"	0.00479599743712865	0.49	1046.5	646	95.7762950073461	0	0.106737476958458	555	7.28086473113627e-05	555	675	733.5
"HiG_9"	"GOLGA7"	0.000223328013248174	"HiG"	3.95004609301495e-05	0.193	276	1315	42.7551525337924	0	0.0179855393023399	1348	1.22684442717189e-05	1348	1380	733.5
"HiG_9"	"GOLGA8A"	0.000452050559544986	"HiG"	0.00106264012757515	0.189	232.5	748	42.6874796877741	0	0.0535651754867815	916	3.65383188859355e-05	916	1381	733.5
"HiG_9"	"GOLGA8B"	0.000459091182836025	"HiG"	0.00435769701889004	0.196	299.5	728	44.3107566865624	0	0.0545761878564603	903	3.72279589743931e-05	903	1371	733.5
"HiG_9"	"GOLM1"	0.000218796782008068	"HiG"	0.000861800426218334	0.471	1028	1324	159.756674108158	0	0.0291571190552392	1204	1.9888894307803e-05	1204	66	733.5
"HiG_9"	"GOPC"	0.00052717829216827	"HiG"	0.000888286724928158	0.176	122	622	85.1494804452749	0	0.0733752327786706	737	5.00513184029131e-05	737	816	733.5
"HiG_9"	"GOSR1"	0.000779512518038365	"HiG"	0.00067600134584853	0.144	2.5	371	57.6102370390623	0	0.106343938297359	557	7.25402034770528e-05	557	1239	733.5
"HiG_9"	"GPALPP1"	0.000266634108990783	"HiG"	2.51018038856263e-05	0.161	29.5	1202	39.7053415835846	0	0.0232808915735422	1294	1.58805535972321e-05	1294	1398	733.5
"HiG_9"	"GPATCH11"	0.000237108063340095	"HiG"	0.000369777837522774	0.209	416.5	1292	71.6622928159966	0	0.0249965256738112	1272	1.70508360667198e-05	1272	1027	733.5
"HiG_9"	"GPATCH2"	0.00018749829424578	"HiG"	0.000254081105259955	0.215	469	1383	83.323719873365	0	0.016455183899936	1370	1.12245456343356e-05	1370	843	733.5
"HiG_9"	"GPC4"	0.000555335954188705	"HiG"	0.0116436410838047	0.68	1251.5	582	134.54744204533	0	0.133059317360013	459	9.07635179809095e-05	459	282	733.5
"HiG_9"	"GPC6"	0.00048930722103418	"HiG"	0.00687089636520904	0.62	1173	680	134.499894104421	0	0.108054713308618	551	7.37071714247052e-05	551	283	733.5
"HiG_9"	"GPCPD1"	0.000349057413861418	"HiG"	0.000217886837882189	0.173	98	989	47.5584817887812	0	0.0381903266960903	1082	2.60507003383972e-05	1082	1327	733.5
"HiG_9"	"GPM6A"	0.000572425945865542	"HiG"	0.00486123240882328	0.315	851.5	560	82.801986037947	0	0.0940418568804395	609	6.41486063304499e-05	609	850	733.5
"HiG_9"	"GPM6B"	0.000254835578428287	"HiG"	0.00063809356344859	0.374	926	1241	82.6214874800604	0	0.033588457668272	1140	2.29116355172387e-05	1140	853	733.5
"HiG_9"	"GPRC5C"	0.000163142995900689	"HiG"	5.72442404174018e-05	0.385	941	1428	46.5462827902972	0	0.0129359056873969	1399	8.82394658076184e-06	1399	1340	733.5
"HiG_9"	"GREM1"	0.000556597609692481	"HiG"	0.0170894821860547	0.8	1431.5	579	195.855840357861	0	0.151919829015255	409	0.000103628805603857	409	5	733.5
"HiG_9"	"GRHPR"	0.000470360570745804	"HiG"	0.00153172392880876	0.231	574.5	707	66.3550933489879	0	0.0714755579571127	754	4.87554965601042e-05	754	1104	733.5
"HiG_9"	"GRIPAP1"	0.000474610590802214	"HiG"	0.000699214899194805	0.174	105	702	64.8351204988522	0	0.0640386119946945	799	4.36825456989731e-05	799	1121	733.5
"HiG_9"	"GRN"	0.000577883670402673	"HiG"	0.00288284471268522	0.348	898	556	104.967372370099	0	0.108996321654398	544	7.43494690684844e-05	544	567	733.5
"HiG_9"	"GSPT2"	0.000469150163345453	"HiG"	0.00376475715959592	0.227	548	712	77.1110085997005	0	0.0935642864318164	613	6.38228420408025e-05	613	935	733.5
"HiG_9"	"GSTA2"	0.000237485540806377	"HiG"	0.000300042792853707	0.325	868	1290	79.0450550106019	0	0.0264604464170726	1248	1.80494177469799e-05	1248	896	733.5
"HiG_9"	"GSTA4"	0.000292784709489446	"HiG"	0.000198912288535507	0.342	890.5	1131	62.9951642944869	0	0.0307958570227924	1186	2.10067237536101e-05	1186	1156	733.5
"HiG_9"	"GSTK1"	0.000313779839756812	"HiG"	0.00058118769941684	0.26	711.5	1078	73.902815397071	0	0.0388618966132358	1075	2.65087971440899e-05	1075	983	733.5
"HiG_9"	"GSTM3"	0.000376403539837776	"HiG"	0.000562689465193338	0.292	800.5	907	58.1028017432775	0	0.0475530269644867	976	3.24372625951478e-05	976	1232	733.5
"HiG_9"	"GTF2B"	0.000806966239089327	"HiG"	0.00342561133000281	0.257	703	346	101.908222120175	0	0.14331038295929	426	9.77560593173873e-05	426	598	733.5
"HiG_9"	"GTPBP8"	0.000277471633368552	"HiG"	0.000721732658584232	0.181	157	1171	82.6034963641955	0	0.0339600729019879	1134	2.31651247626111e-05	1134	855	733.5
"HiG_9"	"GUCY1A1"	0.000436503722947153	"HiG"	0.0127629363373108	0.444	1001.5	781	114.690272080673	0	0.0829505741967158	664	5.65829291928484e-05	664	467	733.5
"HiG_9"	"GXYLT1"	0.000311622833330205	"HiG"	0.000220528116891679	0.173	98	1087	39.0053912853823	0	0.0223830371238659	1302	1.52681017216002e-05	1302	1402	733.5
"HiG_9"	"GYG1"	0.000428907986082407	"HiG"	0.000646762954670483	0.19	244.5	793	49.9918785263386	0	0.0575509245649664	867	3.92571108901544e-05	867	1307	733.5
"HiG_9"	"GYPB"	0.000603547178706327	"HiG"	0.00548445580730044	0.403	960	520	52.7928946159537	0	0.112517888832196	528	7.67516294899016e-05	528	1286	733.5
"HiG_9"	"GYPC"	0.000303013326053497	"HiG"	0.00421405257254429	0.461	1022.5	1108	113.201161415712	0	0.0450800263906405	1005	3.07503590659212e-05	1005	484	733.5
"HiG_9"	"GYPE"	0.000530310055576196	"HiG"	0.0029195731148282	0.412	970.5	618	67.7778569463243	0	0.0982714578241227	588	6.70337365785285e-05	588	1079	733.5
"HiG_9"	"H1FX"	0.000336318849239471	"HiG"	0.00109007184194486	0.222	512.5	1016	83.4521962001076	0	0.0478353679282298	972	3.26298553398566e-05	972	837	733.5
"HiG_9"	"H2AFJ"	0.000441426123545465	"HiG"	0.00097203766227926	0.26	711.5	773	100.92491534968	0	0.069562482928235	765	4.74505340574591e-05	765	612	733.5
"HiG_9"	"H2AFX"	0.00137572435365896	"HiG"	0.00559382695000911	0.266	734.5	141	115.84776945615	0	0.279077250162107	205	0.000190366473507577	205	457	733.5
"HiG_9"	"H2AFY2"	0.000392197395399977	"HiG"	0.00053067905787804	0.237	620.5	874	87.8923612234676	0	0.0543073901862045	906	3.70446044926361e-05	906	774	733.5
"HiG_9"	"H3F3A"	0.000890348748729013	"HiG"	0.00637479416911969	0.276	760.5	290	120.207992815017	0	0.183085477522963	333	0.000124887774572281	333	417	733.5
"HiG_9"	"HACD1"	0.000372603904450833	"HiG"	0.00575127939247622	0.386	943.5	920	128.878621678615	0	0.0605555469526072	834	4.13066486716284e-05	834	332	733.5
"HiG_9"	"HACD2"	0.000318187922102043	"HiG"	0.000371402132327678	0.216	473.5	1065	53.3670351127152	0	0.037017892463817	1102	2.52509498388929e-05	1102	1279	733.5
"HiG_9"	"HAND1"	0.000489942521223343	"HiG"	0.0415952639860084	0.779	1394.5	678	133.60938385937	0	0.1341115284202	457	9.14812608596179e-05	457	290	733.5
"HiG_9"	"HAND2"	0.00102367935651809	"HiG"	0.0678785611087824	0.828	1464	228	140.044912709051	0	0.314459683866455	182	0.000214501830741102	182	234	733.5
"HiG_9"	"HAPLN1"	0.00103577129948449	"HiG"	0.0380383709589179	0.78	1397	223	154.150716301801	0	0.302979338290149	189	0.000206670762817291	189	106	733.5
"HiG_9"	"HAS2"	0.00182236624399023	"HiG"	0.0830551118419684	0.788	1405	79	172.11120563679	0	0.546457893646362	76	0.000372754361286741	76	25	733.5
"HiG_9"	"HBE1"	0.000273852654994369	"HiG"	0.00238500344263056	0.526	1088.5	1179	107.166078970951	0	0.0434057328539397	1027	2.96082761623054e-05	1027	548	733.5
"HiG_9"	"HBEGF"	0.00109743796949529	"HiG"	0.019248043822491	0.752	1354	203	152.557819201812	0	0.301199268628923	191	0.000205456527032008	191	124	733.5
"HiG_9"	"HEATR6"	0.00016865587187677	"HiG"	0.000152395378590638	0.204	366	1419	111.247051142478	0	0.0126454870786864	1403	8.62584384630725e-06	1403	501	733.5
"HiG_9"	"HERPUD1"	0.000539278618687916	"HiG"	0.00268527016180228	0.348	898	606	104.40962992142	0	0.109309409700605	542	7.45630352664428e-05	542	574	733.5
"HiG_9"	"HES1"	0.000327800946786676	"HiG"	0.00441622149875087	0.721	1311.5	1043	173.723644716584	0	0.0682172234331131	773	4.65328945655614e-05	773	22	733.5
"HiG_9"	"HEY1"	0.00112615772279341	"HiG"	0.0359795256702504	0.818	1452.5	192	167.829708375141	0	0.331355846200802	169	0.000226027180218828	169	34	733.5
"HiG_9"	"HHEX"	0.000654941250235426	"HiG"	0.0100344445665264	0.722	1314.5	464	131.728286008216	0	0.173040479865679	359	0.000118035797998417	359	307	733.5
"HiG_9"	"HIGD1A"	0.000369857814316248	"HiG"	0.000303257458167914	0.165	45	927	47.0956267055958	0	0.0419227155234395	1042	2.85966681605999e-05	1042	1334	733.5
"HiG_9"	"HILPDA"	0.000177295111000027	"HiG"	0.000544452534034046	0.415	972.5	1407	121.741024948856	0	0.0189225543436011	1333	1.29076086927702e-05	1333	411	733.5
"HiG_9"	"HIPK2"	0.000408820737617838	"HiG"	0.00675494409451103	0.41	967	834	177.712881336649	0	0.0787075540510977	696	5.36886453281703e-05	696	15	733.5
"HiG_9"	"HIST1H1A"	0.000366894718507697	"HiG"	0.00130618071312611	0.264	731	936	84.477524863737	0	0.0592302091976805	847	4.04025983613101e-05	847	824	733.5
"HiG_9"	"HIST1H1B"	0.000367386907307386	"HiG"	0.00246332834686463	0.309	841	933	111.104493034272	0	0.0664392262186912	780	4.53200724547689e-05	780	503	733.5
"HiG_9"	"HLA-B"	0.000453908707269528	"HiG"	0.00185086040312784	0.333	875.5	743	155.24773448783	0	0.0683946589383035	772	4.66539283344499e-05	772	91	733.5
"HiG_9"	"HM13"	0.000367056667858168	"HiG"	0.000310446010316087	0.184	188.5	935	92.9705741188248	0	0.0451799534839355	1003	3.08185221582098e-05	1003	711	733.5
"HiG_9"	"HMGB1"	0.00192231415210282	"HiG"	0.0253492384270748	0.447	1004	72	145.388333820969	0	0.496872592754161	90	0.000338930827253862	90	179	733.5
"HiG_9"	"HMGXB3"	0.000176703826721969	"HiG"	3.42693438479265e-05	0.169	66.5	1409	44.357842801913	0	0.0129392448733083	1398	8.82622433377101e-06	1398	1370	733.5
"HiG_9"	"HNRNPA1"	0.00300988527215002	"HiG"	0.044361992939257	0.24	635	31	96.8178724963728	0	0.751240137820543	43	0.000512442113110875	43	665	733.5
"HiG_9"	"HNRNPA1P48"	0.000838228366867052	"HiG"	0.00931097974544748	0.248	669	321	122.862500747427	0	0.192403699445011	317	0.000131243996892913	317	393	733.5
"HiG_9"	"HNRNPH2"	0.000512911232578909	"HiG"	0.0016780189875807	0.215	469	644	91.7958638037848	0	0.0849344367966786	643	5.79361778967794e-05	643	725	733.5
"HiG_9"	"HOOK1"	0.000490434292567761	"HiG"	0.000691496958109271	0.184	188.5	676	72.7569859706128	0	0.0698908203386354	764	4.76745022773775e-05	764	1011	733.5
"HiG_9"	"HOOK3"	0.000552793678538824	"HiG"	0.000918746880891689	0.176	122	584	63.6190322315983	0	0.0807511280611168	677	5.50826248711574e-05	677	1145	733.5
"HiG_9"	"HOXB2"	0.000604352221198046	"HiG"	0.00454624327492308	0.616	1167.5	519	96.1282170320929	0	0.140007155152187	436	9.55028343466486e-05	436	673	733.5
"HiG_9"	"HOXB3"	0.000413571730897276	"HiG"	0.00283336055505221	0.521	1081.5	819	121.546682569887	0	0.0816613728560291	673	5.57035285511795e-05	673	413	733.5
"HiG_9"	"HOXB4"	0.000754512936383544	"HiG"	0.00564099518199316	0.602	1149.5	396	105.323896798848	0	0.180589977900403	341	0.000123185523806551	341	565	733.5
"HiG_9"	"HOXB5"	0.000724218644993244	"HiG"	0.00421262932496627	0.618	1171	419	82.3629036009428	0	0.161725322159363	383	0.00011031740938565	383	858	733.5
"HiG_9"	"HOXB7"	0.000785666290418377	"HiG"	0.00606620497654192	0.648	1203.5	361	96.9545759750048	0	0.1914023568952	322	0.000130560952861664	322	662	733.5
"HiG_9"	"HPGD"	0.000808984658018712	"HiG"	0.00373133963109438	0.346	895	344	103.145448884048	0	0.146486976769841	418	9.99229036629201e-05	418	586	733.5
"HiG_9"	"HPS1"	0.000133944500213874	"HiG"	8.10121404732887e-06	0.203	355.5	1454	47.7324124410353	0	0.00485338368278234	1457	3.31063007011073e-06	1457	1325	733.5
"HiG_9"	"HRC"	0.000784817011534053	"HiG"	0.127864952298731	0.632	1182.5	363	100.303460880533	0	0.244243059259068	238	0.000166605088171261	238	620	733.5
"HiG_9"	"HSD17B11"	0.000544259505556081	"HiG"	0.000583270481168176	0.189	232.5	596	66.5586903269668	0	0.0760735587412729	715	5.18919227430238e-05	715	1098	733.5
"HiG_9"	"HSDL2"	0.000807034147601387	"HiG"	0.00192135419371084	0.196	299.5	345	67.8350740472145	0	0.127623517115121	480	8.70556051262761e-05	480	1078	733.5
"HiG_9"	"HSPB11"	0.000503498633664461	"HiG"	0.000620443259909651	0.182	169.5	657	65.3136593354011	0	0.0723335473993098	746	4.93407553883423e-05	746	1115	733.5
"HiG_9"	"IAH1"	0.000211493617304527	"HiG"	0.000182743038979192	0.236	612.5	1341	89.7332919621718	0	0.0214599944991737	1310	1.46384682804732e-05	1310	755	733.5
"HiG_9"	"ID4"	0.000830390250428925	"HiG"	0.0215486314899303	0.781	1398.5	326	176.926508857571	0	0.235493162478445	251	0.000160636536479157	251	17	733.5
"HiG_9"	"IDH2"	0.000962403401658376	"HiG"	0.00701244831322762	0.301	823.5	254	124.999550301385	0	0.202737218742627	299	0.00013829278222553	299	376	733.5
"HiG_9"	"IER3IP1"	0.000311942344371855	"HiG"	0.000372663119329008	0.175	111.5	1081	56.6566581982828	0	0.0348030718933255	1128	2.3740158180986e-05	1128	1245	733.5
"HiG_9"	"IFI16"	0.000788326419577717	"HiG"	0.00289586263898512	0.226	539.5	360	100.414294468089	0	0.136046723791234	451	9.28013122723286e-05	451	618	733.5
"HiG_9"	"IFI27L2"	0.000290860160898398	"HiG"	0.000226695223417413	0.222	512.5	1133	45.2196902234754	0	0.0276388078386275	1230	1.88532113496777e-05	1230	1359	733.5
"HiG_9"	"IFIT1"	0.000545361831136579	"HiG"	0.00221554839871378	0.307	836.5	592	119.199817126438	0	0.0974867908682129	593	6.64984930888219e-05	593	427	733.5
"HiG_9"	"IFITM2"	0.00035724836249167	"HiG"	0.000624826460985169	0.262	723	965	66.1747956012271	0	0.051712988054857	938	3.52748895326446e-05	938	1106	733.5
"HiG_9"	"IFNAR1"	0.000441998850020138	"HiG"	0.00255982510323345	0.429	988.5	771	151.210836871578	0	0.0846813082935619	648	5.77635117964269e-05	648	137	733.5
"HiG_9"	"IFRD1"	0.000591180497775501	"HiG"	0.00725978301594441	0.295	808	535	96.6635447726736	0	0.129080545154877	471	8.8049485098825e-05	471	668	733.5
"HiG_9"	"IFT20"	0.00058830731885561	"HiG"	0.000538609806005176	0.168	59	539	64.7016608970085	0	0.0837589377766848	657	5.7134336819021e-05	657	1123	733.5
"HiG_9"	"IFT22"	0.000397521112606769	"HiG"	0.000543507807135159	0.176	122	857	55.2163977963885	0	0.0515134426106382	941	3.51387739499579e-05	941	1262	733.5
"HiG_9"	"IFT74"	0.000759563197980411	"HiG"	0.000886364260831161	0.168	59	389	59.1028057097517	0	0.108946664171748	545	7.43155962972361e-05	545	1215	733.5
"HiG_9"	"IFT88"	0.00107542456844227	"HiG"	0.00152442271669626	0.195	290.5	212	74.0018781444017	0	0.16903709559028	364	0.000115304976528158	364	982	733.5
"HiG_9"	"IGDCC3"	0.000358439104669787	"HiG"	0.00342390627919301	0.337	880.5	959	98.0996249925282	0	0.0499285614222448	958	3.4057681734137e-05	958	648	733.5
"HiG_9"	"IGF1"	0.00231037913932786	"HiG"	0.0641221071540768	0.773	1384	50	146.931161967613	0	0.686443998168511	52	0.000468242836404169	52	164	733.5
"HiG_9"	"IGF2"	0.00297861647638059	"HiG"	0.0944246772822413	0.763	1370	35	152.94477561529	0	0.918431191696914	34	0.000626487852453556	34	116	733.5
"HiG_9"	"IGFBP3"	0.00232997375674547	"HiG"	0.0769165042314995	0.793	1418	47	164.102942210703	0	0.707351467625737	49	0.000482504411750162	49	49	733.5
"HiG_9"	"IGFBP5"	0.00171840790287341	"HiG"	0.0431800277571414	0.775	1388.5	90	144.099847350119	0	0.501107598826	88	0.000341819644492496	88	195	733.5
"HiG_9"	"IGFBP7"	0.00134956832524663	"HiG"	0.0533663630328403	0.775	1388.5	148	163.372670773641	0	0.400651209778507	133	0.000273295504623811	133	50	733.5
"HiG_9"	"IGSF3"	0.000206118328837533	"HiG"	0.0015844478695627	0.251	685	1350	71.9901701502567	0	0.0208061778176131	1318	1.41924814581263e-05	1318	1022	733.5
"HiG_9"	"IKBIP"	0.000260905796819345	"HiG"	0.00365912811722242	0.244	647.5	1224	82.6297511228965	0	0.03020196744372	1194	2.06016149002183e-05	1194	852	733.5
"HiG_9"	"IL6ST"	0.00047750018893772	"HiG"	0.0069866923375134	0.647	1202	697	182.446735551205	0	0.100336841574606	580	6.84425931613955e-05	580	11	733.5
"HiG_9"	"ILK"	0.00140660849547735	"HiG"	0.076253251029085	0.747	1346	133	159.649053695483	0	0.400694940159271	132	0.000273325334351481	132	68	733.5
"HiG_9"	"ING2"	0.00041708839401588	"HiG"	0.00344964637071387	0.261	716	810	87.5945394477436	0	0.0646236088854833	790	4.40815885985562e-05	790	779	733.5
"HiG_9"	"ING3"	0.000440361155462188	"HiG"	0.00538550128599542	0.257	703	775	98.120107542443	0	0.0699790512992215	762	4.77346871072452e-05	762	647	733.5
"HiG_9"	"ING4"	0.000414626441025689	"HiG"	0.00138925418460892	0.246	658.5	817	92.9352088068308	0	0.0661671725731491	781	4.513449698032e-05	781	712	733.5
"HiG_9"	"INHBA"	0.000747413389831629	"HiG"	0.0188757745438004	0.8	1431.5	404	145.386568173092	0	0.208191929949846	295	0.000142013594781614	295	180	733.5
"HiG_9"	"INPP5F"	0.000169146710982244	"HiG"	0.000222498419630526	0.232	582	1418	80.0045755607269	0	0.0131424990274438	1396	8.96486973222635e-06	1396	888	733.5
"HiG_9"	"INTU"	0.00046306834641721	"HiG"	0.000436541390152012	0.191	253	719	79.6213954840128	0	0.0644691039328575	794	4.39761964071334e-05	794	891	733.5
"HiG_9"	"IPO9"	0.000355650679387459	"HiG"	0.00186401284528034	0.249	675	975	109.239315108096	0	0.0523672049062212	927	3.57211493221154e-05	927	525	733.5
"HiG_9"	"IQGAP2"	0.000437732182922349	"HiG"	0.0125860287011071	0.326	869	780	122.365174236933	0	0.0767727515673775	713	5.23688619149915e-05	713	402	733.5
"HiG_9"	"IRX3"	0.000832346959206019	"HiG"	0.0202594507438531	0.674	1239.5	323	126.709898523644	0	0.216915146284219	280	0.000147963946987871	280	356	733.5
"HiG_9"	"ISG15"	0.00130027567480402	"HiG"	0.0161172639539761	0.298	816.5	155	105.586149732712	0	0.293005023360781	195	0.000199867000928227	195	564	733.5
"HiG_9"	"ISL1"	0.0019748441171225	"HiG"	0.116441516743834	0.767	1374	67	134.462798503208	0	0.573533258137155	67	0.000391223232017159	67	284	733.5
"HiG_9"	"ISYNA1"	0.000416887885471037	"HiG"	0.000634113711870447	0.182	169.5	811	95.312521400558	0	0.059388977330148	845	4.05108985880955e-05	845	683	733.5
"HiG_9"	"ITFG1"	0.000543156494216272	"HiG"	0.00427798900518629	0.196	299.5	598	65.8254282068292	0	0.0829230249772726	665	5.65641370922733e-05	665	1110	733.5
"HiG_9"	"ITGA1"	0.000876342699781826	"HiG"	0.0424225944666137	0.822	1459	301	155.182342318464	0	0.260043772287927	226	0.000177383200742106	226	92	733.5
"HiG_9"	"ITGA6"	0.00110733466639796	"HiG"	0.029663917444404	0.815	1451	199	154.032909288397	0	0.328254996708819	175	0.000223912003212018	175	107	733.5
"HiG_9"	"ITGA8"	0.000980996418610844	"HiG"	0.0420900710150089	0.808	1445.5	247	160.848786878658	0	0.290879807454931	198	0.000198417331142518	198	61	733.5
"HiG_9"	"ITM2A"	0.000240602577426253	"HiG"	0.00192262998996499	0.311	846	1283	97.0790272885451	0	0.0283766594838298	1216	1.93565207938812e-05	1216	658	733.5
"HiG_9"	"ITSN2"	0.00117363162377563	"HiG"	0.00345879541247392	0.191	253	182	67.0523436412612	0	0.20419989578117	297	0.000139290515539679	297	1087	733.5
"HiG_9"	"JADE1"	0.000266109597182412	"HiG"	0.00158463995447646	0.234	594.5	1207	129.224257570614	0	0.0320144941676185	1164	2.18379905645419e-05	1164	330	733.5
"HiG_9"	"JAG1"	0.0023261191537249	"HiG"	0.105072472581751	0.812	1448	48	160.762917693531	0	0.713898745532771	48	0.000486970494906392	48	62	733.5
"HiG_9"	"JAK1"	0.00121363392480968	"HiG"	0.0142863288606315	0.507	1070	168	150.773946373768	0	0.289720537842698	199	0.000197626560602113	199	141	733.5
"HiG_9"	"JAKMIP2"	0.000177713085056986	"HiG"	0.000146015367928592	0.341	888	1405	42.4212452583369	0	0.0128996120689811	1400	8.79918967870468e-06	1400	1383	733.5
"HiG_9"	"JUN"	0.004935964859375	"HiG"	0.0851625673731693	0.649	1205.5	6	127.499186368396	0	1.36392241744708	11	0.000930369998258583	11	349	733.5
"HiG_9"	"JUP"	0.000986888538182831	"HiG"	0.0392076385826279	0.57	1130.5	245	142.429320039915	0	0.239697779765119	244	0.000163504624669249	244	208	733.5
"HiG_9"	"KAT6B"	0.000625237602633001	"HiG"	0.00301997815521484	0.265	732	495	94.927427468354	0	0.108055256116065	550	7.37075416889936e-05	550	691	733.5
"HiG_9"	"KATNBL1"	0.000192772961274925	"HiG"	2.74083302345855e-05	0.167	51.5	1372	40.7529077621006	0	0.0129405429543171	1397	8.82710979148504e-06	1397	1393	733.5
"HiG_9"	"KCNJ3"	0.000401232438986336	"HiG"	0.00783673315458063	0.538	1098.5	847	76.2915650427403	0	0.0745597713411596	726	5.08593256078851e-05	726	945	733.5
"HiG_9"	"KCTD12"	0.000356041897286859	"HiG"	0.00119900327062342	0.295	808	972	97.8878637007796	0	0.0438346491306405	1021	2.99008520672855e-05	1021	650	733.5
"HiG_9"	"KCTD20"	0.00018152988868734	"HiG"	2.40158778881599e-05	0.23	567	1397	28.8006789616192	0	0.0123396300007217	1407	8.41721009599024e-06	1407	1447	733.5
"HiG_9"	"KDM5A"	0.000824150253363833	"HiG"	0.00367766501312489	0.239	630.5	332	106.853400899138	0	0.159387398288326	392	0.000108722645489991	392	552	733.5
"HiG_9"	"KDM6A"	0.00185178233705733	"HiG"	0.0324849119539626	0.279	767.5	76	111.383917995077	0	0.413867004760688	124	0.00028231037159665	124	499	733.5
"HiG_9"	"KDM6B"	0.00167463055808268	"HiG"	0.0148430631588691	0.334	877.5	96	119.081486563529	0	0.379355170802027	143	0.000258768875035489	143	432	733.5
"HiG_9"	"KDR"	0.00288967179095928	"HiG"	0.0889359094185053	0.741	1340	40	135.242122556371	0	0.83697285380808	39	0.00057092281978723	39	271	733.5
"HiG_9"	"KHDC4"	0.000195283772040598	"HiG"	7.28812325183636e-05	0.195	290.5	1367	68.2337221524563	0	0.0158249622928002	1376	1.07946536785813e-05	1376	1074	733.5
"HiG_9"	"KIAA0232"	0.000187107678809985	"HiG"	2.51945243169663e-05	0.168	59	1386	51.7191292208096	0	0.0125839937497233	1404	8.58389751004317e-06	1404	1297	733.5
"HiG_9"	"KIAA0586"	0.000801050967053922	"HiG"	0.000334253202463588	0.171	82.5	348	63.4715017255708	0	0.110660739960004	536	7.54848157980929e-05	536	1147	733.5
"HiG_9"	"KIAA1109"	0.000377597345659766	"HiG"	0.000484033788865235	0.159	20	902	83.5358874493669	0	0.0440150372952516	1018	3.00238999285482e-05	1018	835	733.5
"HiG_9"	"KIAA1324L"	0.000159053052416458	"HiG"	0.000119043420834939	0.216	473.5	1432	112.415708381655	0	0.0105600689844786	1419	7.20332127181348e-06	1419	493	733.5
"HiG_9"	"KIDINS220"	0.000318883240495223	"HiG"	0.000540435264332132	0.192	264	1064	97.0719574183598	0	0.0412257011072479	1047	2.81212149435525e-05	1047	659	733.5
"HiG_9"	"KIF15"	0.000800649731943625	"HiG"	0.00132110892002915	0.206	388	350	76.2123550792178	0	0.136192775019501	450	9.29009379396324e-05	450	948	733.5
"HiG_9"	"KIF1B"	0.000612708519335311	"HiG"	0.00144251848061153	0.218	482.5	508	64.058197140393	0	0.0982066962716521	589	6.6989560894715e-05	589	1139	733.5
"HiG_9"	"KIF21A"	0.000460654638434966	"HiG"	0.0013886881524506	0.173	98	725	73.1328163077741	0	0.0625942015523792	816	4.26972725459613e-05	816	1003	733.5
"HiG_9"	"KIF3A"	0.000820348512183681	"HiG"	0.00188086245466507	0.205	376	337	85.3775786170146	0	0.135725171413231	452	9.2581972314619e-05	452	813	733.5
"HiG_9"	"KIF5C"	0.000676096712657795	"HiG"	0.00848934296138774	0.222	512.5	448	75.0019722957579	0	0.108745510872526	546	7.41783839512457e-05	546	965	733.5
"HiG_9"	"KIFAP3"	0.000838828464903601	"HiG"	0.00145182898411935	0.192	264	320	68.6624998951945	0	0.138025008841658	445	9.41507563722084e-05	445	1063	733.5
"HiG_9"	"KIN"	0.000244300261569511	"HiG"	0.000183534474867752	0.171	82.5	1274	58.0588639643161	0	0.0231699174575693	1296	1.58048550188058e-05	1296	1233	733.5
"HiG_9"	"KLF10"	0.000396200180422833	"HiG"	0.00373332358740222	0.554	1115	861	119.14084741987	0	0.0713108643184086	755	4.86431543781778e-05	755	430	733.5
"HiG_9"	"KLF3"	0.000347039535762256	"HiG"	0.00273499491807226	0.412	970.5	991	123.520900980739	0	0.0540034110826205	909	3.68372517616784e-05	909	387	733.5
"HiG_9"	"KLF6"	0.00108473688514842	"HiG"	0.0214621631564471	0.662	1228.5	205	171.933828435734	0	0.291911113248521	196	0.000199120813948513	196	26	733.5
"HiG_9"	"KLHDC2"	0.000317036890867924	"HiG"	0.000220274763631034	0.166	47.5	1068	55.0695700666446	0	0.0344280724069542	1130	2.34843604413057e-05	1130	1264	733.5
"HiG_9"	"KLHL4"	0.000294851869316375	"HiG"	0.000181171439984618	0.23	567	1128	36.7532614477069	0	0.0291210028773563	1205	1.98642584429443e-05	1205	1415	733.5
"HiG_9"	"KMT2C"	0.00108143280708347	"HiG"	0.0108459618065644	0.275	758.5	207	109.180449429115	0	0.223012438693929	272	0.000152123082328737	272	527	733.5
"HiG_9"	"KPNA1"	0.000606208128299957	"HiG"	0.0021118071413613	0.238	625.5	516	129.771391816395	0	0.104751196630235	563	7.14537494067087e-05	563	325	733.5
"HiG_9"	"KRCC1"	0.000172436901661687	"HiG"	3.78261219967949e-06	0.185	196	1416	33.572953551733	0	0.00840360220040931	1434	5.73233437954251e-06	1434	1430	733.5
"HiG_9"	"KRI1"	0.000376171126502326	"HiG"	0.000200252737481332	0.162	33.5	909	60.2857601004259	0	0.0424097361062275	1038	2.8928878653634e-05	1038	1201	733.5
"HiG_9"	"KRT10"	0.000376489816229206	"HiG"	0.00609784093837452	0.693	1270.5	906	189.843466775032	0	0.0736466734712684	733	5.02364757648488e-05	733	8	733.5
"HiG_9"	"KRT18"	0.00351175110126453	"HiG"	0.145409468966523	0.764	1371.5	18	151.408786302679	0	1.12231386982529	19	0.000765561984874002	19	134	733.5
"HiG_9"	"KRT19"	0.00297624797705425	"HiG"	0.0927413185885424	0.732	1330	36	143.582066315122	0	0.922471971233626	33	0.000629244182287603	33	198	733.5
"HiG_9"	"KRT7"	0.00166344856715159	"HiG"	0.0353183893158403	0.726	1319	98	150.281196179434	0	0.485071355383678	99	0.000330880869975223	99	143	733.5
"HiG_9"	"KRT8"	0.00311519234523353	"HiG"	0.116802058995194	0.731	1328	27	147.774691336055	0	0.976520371364347	30	0.000666112122349486	30	155	733.5
"HiG_9"	"KRTCAP2"	0.000211874279939719	"HiG"	5.61940674131773e-05	0.173	98	1340	33.7838579961442	0	0.0170753341088636	1363	1.16475676049547e-05	1363	1428	733.5
"HiG_9"	"L3MBTL3"	0.000299714885176473	"HiG"	0.000183595492205313	0.203	355.5	1119	77.3885515998802	0	0.0284931162307972	1215	1.94359592297389e-05	1215	927	733.5
"HiG_9"	"LAMA1"	0.000818899729252384	"HiG"	0.021196144296469	0.798	1428	339	141.59434772662	0	0.232582360227921	259	0.000158650996062702	259	218	733.5
"HiG_9"	"LAMB1"	0.000902351725087927	"HiG"	0.0272681507264626	0.797	1426	277	153.853001680126	0	0.259937966734767	227	0.000177311027786335	227	108	733.5
"HiG_9"	"LAMC1"	0.000857650663854291	"HiG"	0.0248872495183138	0.82	1455	308	164.560166065281	0	0.246745809323421	236	0.000168312284668091	236	46	733.5
"HiG_9"	"LAMTOR2"	0.000516073400878545	"HiG"	0.000443994722583234	0.155	9	638	44.7068311480152	0	0.0641524037080554	798	4.37601662401469e-05	798	1366	733.5
"HiG_9"	"LASP1"	0.000484312707702844	"HiG"	0.00514016906170482	0.331	874	686	99.3567665776293	0	0.0861667838306406	636	5.87767966102596e-05	636	630	733.5
"HiG_9"	"LBH"	0.000154151262064493	"HiG"	0.000176930167514154	0.235	602.5	1437	68.3035210051846	0	0.00860466142197356	1431	5.86948255250584e-06	1431	1071	733.5
"HiG_9"	"LCORL"	0.000265317672359222	"HiG"	0.00028773352763806	0.25	680	1209	60.6642755735559	0	0.0255105965317009	1263	1.74014983163035e-05	1263	1195	733.5
"HiG_9"	"LDB2"	0.000648033350976296	"HiG"	0.00445008850527055	0.508	1071.5	476	96.3740048726324	0	0.119118221302766	505	8.12539026621867e-05	505	670	733.5
"HiG_9"	"LDB3"	0.00101846297693559	"HiG"	0.152860510968452	0.659	1219.5	229	114.818413240874	0	0.321845992172829	179	0.000219540240227032	179	466	733.5
"HiG_9"	"LDOC1"	0.000242739107207165	"HiG"	0.000507466509611306	0.222	512.5	1277	55.308570496937	0	0.0212230815210764	1315	1.44768632476647e-05	1315	1259	733.5
"HiG_9"	"LEFTY1"	0.00110306070785906	"HiG"	0.0197563093814409	0.744	1342	201	96.0473183719086	0	0.328815537822924	173	0.000224294364135691	173	674	733.5
"HiG_9"	"LEFTY2"	0.000619008693937901	"HiG"	0.0135689292224277	0.759	1364	504	102.542038247683	0	0.173803739274494	358	0.000118556438795698	358	590	733.5
"HiG_9"	"LEPROT"	0.000243001363006875	"HiG"	0.000303319230981904	0.192	264	1276	74.4706522772158	0	0.0243642807257781	1277	1.66195639330001e-05	1277	976	733.5
"HiG_9"	"LEPROTL1"	0.00027002636722415	"HiG"	3.89722696092978e-05	0.216	473.5	1191	30.2990292239996	0	0.0226643460872658	1300	1.54599905097311e-05	1300	1442	733.5
"HiG_9"	"LGALS1"	0.000822232224002817	"HiG"	0.0213924238476314	0.705	1289	335	155.631488256685	0	0.214341202456787	283	0.000146208187214725	283	88	733.5
"HiG_9"	"LGALS3"	0.00218155986237745	"HiG"	0.0539327351929451	0.712	1301.5	58	147.546826724424	0	0.62491041931931	63	0.000426269044556146	63	160	733.5
"HiG_9"	"LGMN"	0.000352990802618753	"HiG"	0.00370366864403743	0.5	1059	983	117.421767535216	0	0.0603204939435229	837	4.11463123762094e-05	837	443	733.5
"HiG_9"	"LGR4"	0.000444739961780934	"HiG"	0.00541051606819853	0.682	1254.5	766	127.794682912286	0	0.0975572549539602	592	6.65465586316236e-05	592	345	733.5
"HiG_9"	"LHFPL6"	0.000311525403376629	"HiG"	0.0020197495126011	0.42	979.5	1089	93.0264814925686	0	0.0477444636017583	973	3.25678469316223e-05	973	709	733.5
"HiG_9"	"LHX1"	0.000630959693750879	"HiG"	0.007570923324172	0.659	1219.5	486	108.962730170086	0	0.150346518929086	411	0.000102555606363633	411	528	733.5
"HiG_9"	"LIFR"	0.000556948978128358	"HiG"	0.0120651079893718	0.747	1346	578	170.385053394859	0	0.140699021679448	434	9.59747760432799e-05	434	29	733.5
"HiG_9"	"LIMCH1"	0.000475296845684617	"HiG"	0.00628115688176563	0.426	986	700	80.0229430329694	0	0.0854094910032103	640	5.82602257866373e-05	640	887	733.5
"HiG_9"	"LIMS1"	0.000335424014853445	"HiG"	0.00397178447814187	0.429	988.5	1020	139.785490348973	0	0.0584624751077277	858	3.98789052576587e-05	858	239	733.5
"HiG_9"	"LITAF"	0.000306835417084278	"HiG"	0.00079206244743345	0.411	968.5	1101	86.7896801758047	0	0.0490224365548845	963	3.34395883730453e-05	963	789	733.5
"HiG_9"	"LIX1"	0.000297883742214086	"HiG"	0.00272584471955655	0.542	1104	1122	94.8334351333263	0	0.0513633563017157	944	3.5036395840188e-05	944	693	733.5
"HiG_9"	"LMCD1"	0.000421626879550427	"HiG"	0.00982071396300306	0.572	1133	806	127.570124920204	0	0.0847409362605265	647	5.78041857165938e-05	647	348	733.5
"HiG_9"	"LMNA"	0.00174939265713848	"HiG"	0.0852508866468296	0.615	1165	86	138.662428555541	0	0.481295880663221	100	0.000328305512048582	100	247	733.5
"HiG_9"	"LMNB1"	0.000891413169582145	"HiG"	0.00895330638054961	0.286	786.5	287	139.360504361106	0	0.182858716569358	335	0.000124733094522072	335	243	733.5
"HiG_9"	"LMO4"	0.00026042871232364	"HiG"	0.000205187285015521	0.339	884.5	1226	69.3207497140883	0	0.0275745279274046	1231	1.88093642069608e-05	1231	1056	733.5
"HiG_9"	"LMO7"	0.000662812886485506	"HiG"	0.018424883002426	0.399	957.5	457	117.609417291811	0	0.143430254563378	425	9.78378271237227e-05	425	442	733.5
"HiG_9"	"LMOD1"	0.000777110253704059	"HiG"	0.111131590898624	0.715	1305	374	134.80917941803	0	0.233642336115975	253	0.000159374035549779	253	278	733.5
"HiG_9"	"LONP2"	0.000454087724565955	"HiG"	0.00269023739837508	0.206	388	742	88.4247952252268	0	0.0743318836099402	727	5.0703876950846e-05	727	766	733.5
"HiG_9"	"LPGAT1"	0.000302174583135302	"HiG"	0.000774280975367773	0.204	366	1109	76.5564332240318	0	0.0336356111239039	1139	2.2943800220944e-05	1139	940	733.5
"HiG_9"	"LPIN1"	0.000480523442088351	"HiG"	0.00149157292155135	0.218	482.5	692	95.3546861635627	0	0.0715599213936581	753	4.88130432426044e-05	753	682	733.5
"HiG_9"	"LPIN2"	0.00033589440469116	"HiG"	0.000800855891813689	0.257	703	1019	63.9985536882812	0	0.0407352079608865	1051	2.77866357168393e-05	1051	1140	733.5
"HiG_9"	"LPP"	0.000406402103322505	"HiG"	0.012798830303665	0.476	1032	839	106.890328640869	0	0.0818097866969924	672	5.58047658233236e-05	672	551	733.5
"HiG_9"	"LRIF1"	0.000258810139789509	"HiG"	0.000106532574977942	0.176	122	1233	68.4647788799752	0	0.0235131183623506	1291	1.60389620479881e-05	1291	1067	733.5
"HiG_9"	"LRP2"	0.000883462568739605	"HiG"	0.0128605135092952	0.584	1142	297	141.556830619749	0	0.214240234260482	285	0.000146139313956673	285	219	733.5
"HiG_9"	"LRRC49"	0.000334824144779787	"HiG"	0.000801086152913396	0.181	157	1022	46.630487782884	0	0.0351168910764165	1122	2.39542231080603e-05	1122	1337	733.5
"HiG_9"	"LRRCC1"	0.000321813771725265	"HiG"	0.00103463495894664	0.184	188.5	1056	58.3311329369402	0	0.0376392185825662	1093	2.56747739308091e-05	1093	1226	733.5
"HiG_9"	"LRRFIP2"	0.000245811466195899	"HiG"	0.0024227365635694	0.251	685	1266	96.354987613518	0	0.0236232471757215	1289	1.61140840216381e-05	1289	671	733.5
"HiG_9"	"LRRN3"	0.000203155237648399	"HiG"	0.00192594807607237	0.48	1036.5	1357	95.6224808107193	0	0.0237790959504647	1285	1.62203928720769e-05	1285	677	733.5
"HiG_9"	"LRRTM1"	0.000706905866479795	"HiG"	0.00561092870495686	0.445	1003	430	88.7409196055387	0	0.140233371053253	435	9.56571426011276e-05	435	763	733.5
"HiG_9"	"LSAMP"	0.000311765646146946	"HiG"	0.00204894929553435	0.49	1046.5	1086	99.9160652876333	0	0.0518742133506939	933	3.53848658599549e-05	933	623	733.5
"HiG_9"	"LTN1"	0.000483498396529926	"HiG"	0.00347345778759457	0.21	425	688	78.0465171201281	0	0.0838433955397892	656	5.7191947844331e-05	656	917	733.5
"HiG_9"	"LUM"	0.00456678384452086	"HiG"	0.199911844165066	0.801	1435.5	9	152.972998470127	0	1.4785827426069	9	0.00100858304407019	9	115	733.5
"HiG_9"	"LY6E"	0.00027430748107091	"HiG"	0.000319984701350787	0.349	900	1178	68.3970940212931	0	0.0303131656676546	1190	2.06774663490141e-05	1190	1068	733.5
"HiG_9"	"LYPLAL1"	0.000380106704012329	"HiG"	0.000383534083413893	0.207	400.5	899	65.6875712307435	0	0.0480178028389312	970	3.27542993444278e-05	970	1114	733.5
"HiG_9"	"LYRM2"	0.000248863499320438	"HiG"	4.45141119444847e-05	0.183	180	1261	32.6878337150168	0	0.0194698606218301	1329	1.32809417611392e-05	1329	1435	733.5
"HiG_9"	"LYRM4"	0.000607640230455662	"HiG"	0.00226370413977086	0.168	59	515	65.7110559630821	0	0.091261899909862	626	6.22523191745307e-05	626	1112	733.5
"HiG_9"	"LZIC"	0.000299593647419953	"HiG"	9.5342685841547e-05	0.19	244.5	1120	48.7460548657303	0	0.0321574106972347	1160	2.19354779653716e-05	1160	1318	733.5
"HiG_9"	"LZTFL1"	0.000362053209575982	"HiG"	0.000656688780067595	0.178	132	946	107.835081243727	0	0.0447608119571122	1007	3.05326138861611e-05	1007	538	733.5
"HiG_9"	"MAB21L2"	0.000353536394220538	"HiG"	0.00459975218228	0.662	1228.5	981	113.938268824738	0	0.069172965173145	767	4.71848329966882e-05	767	473	733.5
"HiG_9"	"MAF"	0.000939279792725939	"HiG"	0.013203657793861	0.6	1147	262	160.734615779077	0	0.232823419430247	257	0.000158815429352146	257	63	733.5
"HiG_9"	"MAGED1"	0.000438518231529007	"HiG"	0.00118539463189374	0.196	299.5	779	103.250688836595	0	0.0628255396268289	812	4.28550747795559e-05	812	584	733.5
"HiG_9"	"MAGEF1"	0.000214434455819375	"HiG"	4.14049947183245e-05	0.17	73.5	1335	51.0898535410817	0	0.0180336852030261	1347	1.23012859502225e-05	1347	1301	733.5
"HiG_9"	"MAGEH1"	0.000304809812220517	"HiG"	0.000457101963675022	0.208	409.5	1103	50.5761640666665	0	0.0311951653469999	1178	2.12791032380627e-05	1178	1304	733.5
"HiG_9"	"MAGI3"	0.000455014396260533	"HiG"	0.00309283487084141	0.283	779	739	135.833794887504	0	0.0815223960323348	674	5.56087285350169e-05	674	267	733.5
"HiG_9"	"MAN1A2"	0.000445189483794618	"HiG"	0.000573273439028492	0.179	139.5	765	73.7010668189256	0	0.0608019427089637	832	4.14747221752822e-05	832	990	733.5
"HiG_9"	"MANF"	0.000381240931325887	"HiG"	0.00765381726228225	0.433	995	895	130.965629049765	0	0.0725859353699445	741	4.9512916350576e-05	741	317	733.5
"HiG_9"	"MAP3K12"	0.000189447028504013	"HiG"	0.000799239284749782	0.3	821.5	1379	177.937496388805	0	0.0185648373261077	1337	1.26635998131703e-05	1337	14	733.5
"HiG_9"	"MAP3K13"	0.000164048580305173	"HiG"	0.000541701247901319	0.506	1068	1426	156.465457475959	0	0.0172633244545304	1362	1.17758011286019e-05	1362	84	733.5
"HiG_9"	"MAP3K20"	0.00022383539025512	"HiG"	0.000399154409763577	0.296	811	1314	65.3074844357945	0	0.0234867386140319	1292	1.6020967676693e-05	1292	1116	733.5
"HiG_9"	"MAP4K5"	0.00022410190907709	"HiG"	0.000451825010044749	0.207	400.5	1312	81.2856177019162	0	0.0220394335548476	1306	1.50337200237705e-05	1306	870	733.5
"HiG_9"	"MAP9"	0.000269533250330061	"HiG"	6.07949997638583e-05	0.168	59	1193	32.8413155098459	0	0.0195284997674069	1328	1.33209411783131e-05	1328	1434	733.5
"HiG_9"	"MAPRE1"	0.000895241856046818	"HiG"	0.0139528705470969	0.247	664	285	110.144802369636	0	0.168149216799124	365	0.000114699329330917	365	515	733.5
"HiG_9"	"MARCH3"	0.000184983188876831	"HiG"	0.000130260345306585	0.21	425	1391	61.5144647760919	0	0.014952784960458	1385	1.01997168898076e-05	1385	1178	733.5
"HiG_9"	"MARCH6"	0.000397545518016366	"HiG"	0.000226100072450051	0.183	180	856	58.0181108919609	0	0.0520353970924173	931	3.54948138420309e-05	931	1234	733.5
"HiG_9"	"MARK3"	0.000390653119904536	"HiG"	0.00112559278337869	0.221	506.5	879	74.7809831088583	0	0.0601040823995571	838	4.09986919505847e-05	838	968	733.5
"HiG_9"	"MASP1"	0.000288900309818	"HiG"	0.00326011249287486	0.487	1043.5	1139	112.587938084932	0	0.0433182995781969	1028	2.9548635455796e-05	1028	491	733.5
"HiG_9"	"MAT2A"	0.00076523796517569	"HiG"	0.00517894993385713	0.225	531.5	384	102.464327975104	0	0.1459605008789	419	9.95637795899727e-05	419	591	733.5
"HiG_9"	"MATN2"	0.0005348947674594	"HiG"	0.0122723576578886	0.676	1243.5	613	136.532483855954	0	0.126972024109024	484	8.66112033485837e-05	484	261	733.5
"HiG_9"	"MBIP"	0.000375501790602387	"HiG"	0.000216605082983174	0.181	157	910	41.1384859256377	0	0.0391473028274139	1072	2.67034807826834e-05	1072	1390	733.5
"HiG_9"	"MBNL2"	0.000425228961797545	"HiG"	0.0133881768757536	0.338	882.5	802	92.078766669163	0	0.0780981674812422	702	5.32729655397286e-05	702	721	733.5
"HiG_9"	"MBTPS1"	0.000377543002990104	"HiG"	0.000992316092549598	0.221	506.5	903	83.3328525979735	0	0.0551989910214179	895	3.765279060124e-05	895	842	733.5
"HiG_9"	"MCTS1"	0.000343576940856921	"HiG"	0.00161316866991852	0.234	594.5	996	77.7621515456182	0	0.0488069826425628	965	3.32926211750087e-05	965	923	733.5
"HiG_9"	"MDK"	0.00107263388826563	"HiG"	0.0246522043714847	0.746	1344	213	177.461177074198	0	0.305837455650061	187	0.000208620365382034	187	16	733.5
"HiG_9"	"MDM2"	0.00213893222237271	"HiG"	0.0244471477359107	0.377	930	61	140.652570677212	0	0.52327404707562	79	0.00035694000482648	79	231	733.5
"HiG_9"	"MDM4"	0.00080087750504401	"HiG"	0.00596089850015677	0.296	811	349	150.943174334026	0	0.162143088499837	381	0.000110602379604254	381	139	733.5
"HiG_9"	"MEAF6"	0.000429025256289585	"HiG"	0.00398196959304049	0.246	658.5	792	78.9639088073803	0	0.0669400396755885	778	4.56616914567452e-05	778	899	733.5
"HiG_9"	"MED10"	0.000445586093585149	"HiG"	0.00370532127442179	0.229	559.5	763	69.7985653724606	0	0.0654752973033651	785	4.46625493201672e-05	785	1053	733.5
"HiG_9"	"MED13L"	0.000600561010624131	"HiG"	0.0017636237824891	0.234	594.5	525	116.929011461269	0	0.100889569784773	577	6.88196246826552e-05	577	447	733.5
"HiG_9"	"MED19"	0.000390974492030888	"HiG"	0.00352717548769698	0.232	582	877	81.3364993856496	0	0.055038894005672	896	3.75435839056426e-05	896	869	733.5
"HiG_9"	"MED31"	0.000400893428884115	"HiG"	0.00122384171193003	0.262	723	849	73.6617844486039	0	0.0600466244836861	840	4.09594982835513e-05	840	991	733.5
"HiG_9"	"MED6"	0.000504359028292496	"HiG"	0.00089912181657075	0.227	548	655	76.1512714732531	0	0.0773192292096399	710	5.27416297473669e-05	710	949	733.5
"HiG_9"	"MEF2A"	0.00123579877718836	"HiG"	0.134467359987532	0.682	1254.5	164	127.760062072912	0	0.36117068392875	149	0.000246364723007333	149	346	733.5
"HiG_9"	"MEF2C"	0.0031000460681914	"HiG"	0.362104512685762	0.787	1403	28	143.714265008818	0	1.02086732817986	25	0.00069636243395625	25	197	733.5
"HiG_9"	"MEIS1"	0.00111029060112689	"HiG"	0.0175697933717616	0.652	1211.5	198	132.219505627504	0	0.284088617133349	202	0.000193784868440211	202	301	733.5
"HiG_9"	"MEIS2"	0.000754677584663304	"HiG"	0.00942531526071022	0.659	1219.5	395	112.371239109815	0	0.178626667232347	343	0.000121846294155762	343	494	733.5
"HiG_9"	"MERTK"	0.000589712738555105	"HiG"	0.00680932468773349	0.552	1114	537	154.238779001476	0	0.127788175262526	479	8.7167923098585e-05	479	105	733.5
"HiG_9"	"MEST"	0.00115295852868296	"HiG"	0.0118169684836029	0.444	1001.5	186	110.264720976002	0	0.262529854925024	222	0.000179079027916114	222	513	733.5
"HiG_9"	"MEX3A"	0.000280965221319536	"HiG"	0.000392178332090827	0.243	644.5	1163	71.3594701106295	0	0.0316856214231732	1168	2.16136571781536e-05	1168	1034	733.5
"HiG_9"	"MFAP4"	0.000883769240408981	"HiG"	0.0359000973143453	0.77	1380	296	152.846296055449	0	0.257995123964474	230	0.000175985759866626	230	117	733.5
"HiG_9"	"MGP"	0.000872226403999344	"HiG"	0.0233621414746084	0.758	1362.5	303	144.53714047838	0	0.24219229251307	241	0.000165206202259939	241	187	733.5
"HiG_9"	"MGST2"	0.000311208063198733	"HiG"	0.000144659256461827	0.338	882.5	1091	47.1310005968078	0	0.0334348820310419	1145	2.28068772380913e-05	1145	1333	733.5
"HiG_9"	"MICAL2"	0.000220298537343808	"HiG"	0.00494959555235332	0.406	963.5	1320	121.689822000848	0	0.0286995330378952	1212	1.95767619630936e-05	1212	412	733.5
"HiG_9"	"MICOS13"	0.000467883213245394	"HiG"	0.000548243290275709	0.179	139.5	714	45.7273623118701	0	0.0581613147144182	861	3.96734752485799e-05	861	1353	733.5
"HiG_9"	"MICU1"	0.000260211083108192	"HiG"	0.000450709296856423	0.207	400.5	1229	71.3055159635077	0	0.0250312419468857	1271	1.70745170169752e-05	1271	1036	733.5
"HiG_9"	"MID1"	0.00025604108751966	"HiG"	0.00125784619061156	0.417	975	1239	88.2772875895564	0	0.0381690741981435	1083	2.60362034093748e-05	1083	767	733.5
"HiG_9"	"MIER1"	0.000355859775120908	"HiG"	0.00151594720416075	0.243	644.5	973	94.0152503812364	0	0.0490742052839966	961	3.34749012851273e-05	961	702	733.5
"HiG_9"	"MIF"	0.000946449803758922	"HiG"	0.0131415852814896	0.461	1022.5	260	151.076317908219	0	0.255368853918533	231	0.000174194306902137	231	138	733.5
"HiG_9"	"MINDY2"	0.000311018162774842	"HiG"	8.43123055278285e-05	0.18	147.5	1092	44.7887234879051	0	0.0297871006550205	1199	2.03186225477629e-05	1199	1365	733.5
"HiG_9"	"MLF1"	0.000421254310576365	"HiG"	0.00289523517432655	0.227	548	807	76.1032159378426	0	0.0575220517598058	868	3.92374159343832e-05	868	950	733.5
"HiG_9"	"MLLT11"	0.000219866706616682	"HiG"	0.000701035023461289	0.275	758.5	1321	90.8211120479094	0	0.0255050214644839	1264	1.73976954055142e-05	1264	743	733.5
"HiG_9"	"MLLT3"	0.000978212311658354	"HiG"	0.00442116419613717	0.27	743.5	248	108.936524231108	0	0.184646884286453	330	0.000125952854219954	330	529	733.5
"HiG_9"	"MMAB"	0.00027929373820484	"HiG"	0.000171577136552646	0.206	388	1168	45.5943780337576	0	0.0256027849156133	1260	1.74643826163801e-05	1260	1355	733.5
"HiG_9"	"MME"	0.000747658760902749	"HiG"	0.016907499873522	0.733	1332	403	152.496582957015	0	0.19626364690084	312	0.000133876976057872	312	125	733.5
"HiG_9"	"MMP15"	0.000459004023915382	"HiG"	0.00628702449527148	0.702	1282.5	729	127.994995109634	0	0.101202636290799	576	6.90331761874481e-05	576	342	733.5
"HiG_9"	"MNAT1"	0.000494352173509993	"HiG"	0.000677328162077857	0.231	574.5	670	69.3178185865594	0	0.077261482840286	711	5.27022393180669e-05	711	1057	733.5
"HiG_9"	"MOCS2"	0.000376783880943161	"HiG"	0.000215913228275382	0.181	157	905	58.6513197990644	0	0.0404380314787774	1054	2.75839232460965e-05	1054	1225	733.5
"HiG_9"	"MPC2"	0.000253572278570693	"HiG"	0.00943629966336512	0.236	612.5	1246	84.8371542488497	0	0.0291977488507517	1203	1.99166090387119e-05	1203	821	733.5
"HiG_9"	"MPDZ"	0.000621176752004005	"HiG"	0.00344715031829691	0.297	813.5	497	94.5831093959029	0	0.112145361548099	530	7.64975181092081e-05	530	694	733.5
"HiG_9"	"MPG"	0.000191895747819728	"HiG"	0.00139497845200916	0.292	800.5	1373	139.076643102618	0	0.0195744047730184	1326	1.3352254279003e-05	1326	244	733.5
"HiG_9"	"MPP5"	0.000507339035318381	"HiG"	0.00309762323969214	0.293	803	648	107.811336616966	0	0.0929634454186668	619	6.34129914179173e-05	619	540	733.5
"HiG_9"	"MPP6"	0.000291785121502336	"HiG"	0.00162645612091437	0.261	716	1132	119.129096096052	0	0.0452301802269123	1002	3.08527832380029e-05	1002	431	733.5
"HiG_9"	"MPST"	0.000239175745625511	"HiG"	0.000569414984811053	0.292	800.5	1286	106.425780013554	0	0.028010777358588	1224	1.91069422637026e-05	1224	557	733.5
"HiG_9"	"MRPL40"	0.000434838757283625	"HiG"	0.00233587699185962	0.197	306	783	75.4797334628151	0	0.0670917755926882	776	4.57651948108378e-05	776	957	733.5
"HiG_9"	"MSI2"	0.000451842044137677	"HiG"	0.00285527373756098	0.287	789.5	749	131.183049256938	0	0.0775326686733297	708	5.28872228331034e-05	708	315	733.5
"HiG_9"	"MSL3"	0.000413536798873181	"HiG"	0.000395028223534483	0.219	490.5	820	66.8202496063067	0	0.0552171210869637	894	3.76651576309439e-05	894	1094	733.5
"HiG_9"	"MSMO1"	0.000397398811229418	"HiG"	0.000213364357088441	0.215	469	859	53.588562324185	0	0.0470506226040433	982	3.20945583929354e-05	982	1276	733.5
"HiG_9"	"MSN"	0.000876837825898793	"HiG"	0.0117710122896875	0.381	936.5	300	135.235006789885	0	0.197066130463663	310	0.000134424372758297	310	272	733.5
"HiG_9"	"MSRB3"	0.000469255294204431	"HiG"	0.00919901192384148	0.395	952	710	79.9665237716457	0	0.0836264728027247	658	5.70439787194575e-05	658	889	733.5
"HiG_9"	"MSX1"	0.00103086174238024	"HiG"	0.0219735503369599	0.728	1322.5	225	133.494233981046	0	0.28287815724735	204	0.000192959179568452	204	291	733.5
"HiG_9"	"MT-CO2"	0.00207137959790739	"HiG"	0.0200849116650807	0.245	651.5	64	71.735191088384	0	0.454736511109726	105	0.000310188616036648	105	1026	733.5
"HiG_9"	"MT-ND4L"	0.00159478445315557	"HiG"	0.0191193039492026	0.247	664	108	78.0246138750615	0	0.355975162066169	156	0.000242820710822762	156	918	733.5
"HiG_9"	"MT1E"	0.00135844985166727	"HiG"	0.0103892796094944	0.478	1033.5	144	41.7979496702788	0	0.673805479003006	53	0.000459621745568217	53	1387	733.5
"HiG_9"	"MT1G"	0.00143246652807745	"HiG"	0.00808958971846787	0.456	1014.5	130	42.4864166937348	0	0.748160594812265	45	0.000510341469858298	45	1382	733.5
"HiG_9"	"MT1H"	0.000506000300030407	"HiG"	0.00226375149540247	0.392	949.5	652	44.9388858541927	0	0.200089623234174	303	0.000136486782560828	303	1363	733.5
"HiG_9"	"MT1X"	0.00141793114006177	"HiG"	0.00788724985329722	0.458	1018	131	39.6894722884832	0	0.731066976824354	47	0.000498681430303106	47	1399	733.5
"HiG_9"	"MT2A"	0.00128146177277595	"HiG"	0.00794802925438016	0.462	1025	158	38.1665486380477	0	0.634145780605797	59	0.000432568745297269	59	1406	733.5
"HiG_9"	"MTR"	0.000581159949912148	"HiG"	0.00119777664509024	0.211	437	550	73.2275690945216	0	0.0848529495743553	644	5.78805931612246e-05	644	999	733.5
"HiG_9"	"MTRNR2L8"	0.000102810825975349	"HiG"	1.61222066402824e-06	0.182	169.5	1466	340	0	0.000106845858305073	1466	7.28825772885899e-08	1466	1	733.5
"HiG_9"	"MUS81"	0.000629052486558651	"HiG"	0.000499427965982713	0.223	520.5	489	85.4001420950131	0	0.099812421468548	582	6.80848713973725e-05	582	812	733.5
"HiG_9"	"MXI1"	0.000390654707323545	"HiG"	0.00232098615505776	0.443	1000	878	112.956103863948	0	0.0734812314243268	736	5.01236230725285e-05	736	485	733.5
"HiG_9"	"MXRA8"	0.000439138238767203	"HiG"	0.00418608457981524	0.67	1232.5	778	118.26851171665	0	0.06991301216336	763	4.76896399477217e-05	763	437	733.5
"HiG_9"	"MYADM"	0.0002807181754442	"HiG"	0.00217512864033814	0.342	890.5	1164	100.499503047697	0	0.0357116450310915	1114	2.43599215764608e-05	1114	615	733.5
"HiG_9"	"MYBPC3"	0.00140058276668079	"HiG"	0.288898306040422	0.73	1327	135	125.801446121091	0	0.492951506259939	95	0.000336256143424242	95	365	733.5
"HiG_9"	"MYDGF"	0.000287293682659968	"HiG"	0.000127973367493382	0.187	215.5	1146	46.2719058486947	0	0.0212694808472323	1314	1.45085135383576e-05	1314	1346	733.5
"HiG_9"	"MYH11"	0.00102615328432289	"HiG"	0.0604170152512134	0.802	1439	227	145.29702003181	0	0.296208864867139	193	0.000202052431696548	193	181	733.5
"HiG_9"	"MYH6"	0.00557784698761125	"HiG"	1	0.749	1350.5	4	127.432256209348	0	2.04239013448337	1	0.00139317198805141	1	351	733.5
"HiG_9"	"MYH7"	0.001759787788942	"HiG"	0.312817599973892	0.711	1298	84	125.718274450825	0	0.606102855038427	65	0.000413439873832487	65	367	733.5
"HiG_9"	"MYH9"	0.00158254305640932	"HiG"	0.0767238217050486	0.522	1083.5	109	129.893854932079	0	0.409184244810826	126	0.000279116128793196	126	323	733.5
"HiG_9"	"MYL3"	0.00148410288821833	"HiG"	0.299186914344873	0.705	1289	123	115.536432443636	0	0.516523793849055	84	0.000352335466472752	84	461	733.5
"HiG_9"	"MYL4"	0.00306916002850997	"HiG"	0.673690174619492	0.738	1336.5	30	127.857343223904	0	1.11855737819663	20	0.000762999575850359	20	343	733.5
"HiG_9"	"MYL7"	0.00333795047757285	"HiG"	0.695722925208896	0.772	1382	22	136.676739317076	0	1.22550069758959	15	0.000835948634099312	15	259	733.5
"HiG_9"	"MYL9"	0.00299976991851022	"HiG"	0.421934491411558	0.774	1386.5	33	142.695444731604	0	1.02035895360593	26	0.00069601565730282	26	204	733.5
"HiG_9"	"MYLK"	0.00111632768100285	"HiG"	0.109030179750513	0.786	1402	197	144.77494217683	0	0.34705505745864	159	0.000236736055565239	159	186	733.5
"HiG_9"	"MYLK3"	0.000603239047937124	"HiG"	0.097077729223707	0.684	1258.5	521	132.972872649242	0	0.177146447051068	347	0.000120836594168532	347	296	733.5
"HiG_9"	"MYO1B"	0.00033965300019725	"HiG"	0.00628084655781639	0.346	895	1008	109.667438821412	0	0.0542397154964472	907	3.6998441675612e-05	907	520	733.5
"HiG_9"	"MYO6"	0.000779674317495672	"HiG"	0.0156222158345945	0.348	898	370	89.0295277593296	0	0.157072413399203	399	0.000107143528921694	399	760	733.5
"HiG_9"	"MYOCD"	0.00226951404432132	"HiG"	0.300751435344124	0.821	1456.5	52	147.891812154592	0	0.758689353243745	42	0.000517523433317698	42	154	733.5
"HiG_9"	"MYOM1"	0.000972116153522154	"HiG"	0.147449154042644	0.631	1180	250	113.715831784309	0	0.300904994827649	192	0.000205255794561834	192	476	733.5
"HiG_9"	"MYOZ2"	0.00120682067244395	"HiG"	0.15216248292931	0.716	1306	170	106.806354200683	0	0.382634808732529	139	0.000261006008685217	139	554	733.5
"HiG_9"	"MYRF"	0.000401492085623618	"HiG"	0.000887796842650404	0.362	914.5	846	62.8182271908217	0	0.0553544588559734	890	3.7758839601619e-05	890	1160	733.5
"HiG_9"	"N4BP2"	0.000344763858630776	"HiG"	0.000669122558503858	0.182	169.5	994	75.3995294695419	0	0.0451285705724403	1004	3.07834724232198e-05	1004	960	733.5
"HiG_9"	"NAA16"	0.000389046544562817	"HiG"	0.00180972061771254	0.179	139.5	885	77.1424308275823	0	0.0587168374685147	852	4.00524130071724e-05	852	934	733.5
"HiG_9"	"NAA35"	0.000286791867566789	"HiG"	0.000103771179593356	0.181	157	1150	51.3231708370377	0	0.0298573065129352	1196	2.03665119460676e-05	1196	1298	733.5
"HiG_9"	"NAA38"	0.000526648609156269	"HiG"	9.55473427419431e-05	0.188	222	624	34.691516286481	0	0.0630313928640709	807	4.29954930859965e-05	807	1423	733.5
"HiG_9"	"NAP1L3"	0.000357272532526219	"HiG"	0.000939690655280754	0.223	520.5	964	58.2064212412295	0	0.0491715251829588	959	3.3541285936534e-05	959	1228	733.5
"HiG_9"	"NAV1"	0.000308320532140122	"HiG"	0.00106083682165887	0.234	594.5	1096	98.4262829941141	0	0.0440499194825133	1017	3.00476940535561e-05	1017	643	733.5
"HiG_9"	"NAV2"	0.000336326803031507	"HiG"	0.00515103971004438	0.327	870	1015	107.774010987943	0	0.0528741767948272	922	3.6066969164275e-05	922	542	733.5
"HiG_9"	"NAXE"	0.00045669632129615	"HiG"	0.00041197369146072	0.17	73.5	734	71.4935384794266	0	0.0558040683247617	887	3.80655309172999e-05	887	1032	733.5
"HiG_9"	"NBEA"	0.000334427209022708	"HiG"	0.000725021413683123	0.316	853	1025	96.1574217195505	0	0.0489307432646713	964	3.33770417903624e-05	964	672	733.5
"HiG_9"	"NBEAL1"	0.00016624279622291	"HiG"	8.12257889411029e-05	0.234	594.5	1424	55.6540025300387	0	0.0109171096537831	1417	7.44686879521358e-06	1417	1256	733.5
"HiG_9"	"NBN"	0.000430137551885609	"HiG"	0.000471592983350229	0.219	490.5	790	92.608165296874	0	0.0651174176193004	787	4.44184294811053e-05	787	715	733.5
"HiG_9"	"NCAM1"	0.00150915574449022	"HiG"	0.0275353578408578	0.693	1270.5	119	145.080701468951	0	0.416885954195699	122	0.000284369682261732	122	184	733.5
"HiG_9"	"NCBP2AS2"	0.000180656626021873	"HiG"	2.04996888262819e-06	0.164	40	1398	16.615790806193	0	0.00544207656928875	1453	3.71219411274812e-06	1453	1465	733.5
"HiG_9"	"NCOA4"	0.000513181495183069	"HiG"	0.00103020247953875	0.213	450	643	79.2707963888762	0	0.079945824776723	685	5.45333047590198e-05	685	893	733.5
"HiG_9"	"NDFIP1"	0.00039416510498185	"HiG"	0.000517619878719299	0.2	334.5	868	84.2522811906465	0	0.0506819612639651	947	3.45715970422681e-05	947	828	733.5
"HiG_9"	"NDUFA7"	0.000735538189165706	"HiG"	0.0016576064024519	0.204	366	409	56.9179082007152	0	0.115322043017026	514	7.86644222489944e-05	514	1243	733.5
"HiG_9"	"NDUFAF3"	0.000358259441349248	"HiG"	0.000552201899139274	0.187	215.5	960	70.1797091185835	0	0.043316329253455	1029	2.95472914416473e-05	1029	1047	733.5
"HiG_9"	"NDUFAF8"	0.000260343817440305	"HiG"	0.000139834223315571	0.176	122	1227	38.7844765335854	0	0.0218224481411121	1308	1.48857081453698e-05	1308	1404	733.5
"HiG_9"	"NEBL"	0.00144371097613288	"HiG"	0.278569452134329	0.683	1256.5	129	122.191830832702	0	0.491801885091467	97	0.0003354719543598	97	405	733.5
"HiG_9"	"NEDD1"	0.000535522912224759	"HiG"	0.000716077618368929	0.16	24.5	611	59.0607311470325	0	0.0700831128466337	760	4.78056704274445e-05	760	1218	733.5
"HiG_9"	"NEFL"	0.00152857360324276	"HiG"	0.0211371673960721	0.457	1016	115	124.864308015442	0	0.372063820292807	147	0.000253795238944616	147	378	733.5
"HiG_9"	"NEFM"	0.000989804449808507	"HiG"	0.017411612130205	0.487	1043.5	244	139.966561255475	0	0.236485905521575	250	0.000161313714544049	250	236	733.5
"HiG_9"	"NEK1"	0.000426253660281527	"HiG"	0.00077614563659869	0.186	206.5	800	90.6062681701162	0	0.0618293947114374	822	4.21755762015262e-05	822	747	733.5
"HiG_9"	"NELFCD"	0.000446867435835764	"HiG"	0.000624603252099404	0.245	651.5	758	92.1593605489219	0	0.0673331227509747	775	4.59298245231751e-05	775	719	733.5
"HiG_9"	"NEXN"	0.00135581286679434	"HiG"	0.228082723662443	0.674	1239.5	146	136.880547064656	0	0.430236951673486	114	0.000293476774674956	114	256	733.5
"HiG_9"	"NFE2L2"	0.00112310601832066	"HiG"	0.0122024808394592	0.475	1030.5	193	161.117752625236	0	0.271722329706918	212	0.000185349474561335	212	58	733.5
"HiG_9"	"NFKBIA"	0.00159700014988352	"HiG"	0.0261415493522795	0.481	1039	107	131.787343558076	0	0.399141228108152	134	0.000272265503484415	134	306	733.5
"HiG_9"	"NFKBIZ"	0.000400582982111514	"HiG"	0.00273439892616075	0.503	1063	851	139.729599822367	0	0.0787412078794074	695	5.37116015548482e-05	695	241	733.5
"HiG_9"	"NID2"	0.000888985887807213	"HiG"	0.0470635715165688	0.818	1452.5	292	157.68387134699	0	0.259057072337835	229	0.000176710144841634	229	75	733.5
"HiG_9"	"NIN"	0.000964475371746485	"HiG"	0.00735397072216436	0.171	82.5	253	82.8392009694243	0	0.166197776200627	372	0.000113368196589786	372	848	733.5
"HiG_9"	"NINL"	0.000633333055671585	"HiG"	0.00693138516671135	0.189	232.5	484	78.7859028976659	0	0.103698851783801	569	7.0735915268623e-05	569	902	733.5
"HiG_9"	"NKAPD1"	0.000254260138786856	"HiG"	2.99929848444272e-05	0.181	157	1243	37.2017651509792	0	0.0174413342308945	1358	1.18972266240754e-05	1358	1411	733.5
"HiG_9"	"NKX2-5"	0.00193330706911788	"HiG"	0.298268857079403	0.813	1449	70	138.10250356091	0	0.65988736521224	55	0.000450127807102483	55	252	733.5
"HiG_9"	"NKX3-1"	0.000691899903734964	"HiG"	0.0157776675228679	0.671	1235	439	153.664171952613	0	0.17688689683064	349	0.000120659547633452	349	111	733.5
"HiG_9"	"NLGN4X"	0.000644370760009771	"HiG"	0.00235712979189693	0.386	943.5	478	98.9505335252691	0	0.118872052717846	507	8.10859841185854e-05	507	635	733.5
"HiG_9"	"NME2"	0.00103072495198304	"HiG"	0.0122700326628961	0.243	644.5	226	101.179190636004	0	0.240744553573521	242	0.000164218658644966	242	608	733.5
"HiG_9"	"NME6"	0.000674221572711663	"HiG"	0.00198797239866415	0.19	244.5	451	68.3273651323952	0	0.102040305736185	572	6.96045741720228e-05	572	1070	733.5
"HiG_9"	"NMRK2"	0.000321281877610129	"HiG"	0.0140444385872271	0.564	1124.5	1058	91.2136605619123	0	0.0547903430329254	900	3.73740402680255e-05	900	732	733.5
"HiG_9"	"NMT1"	0.000255599296113478	"HiG"	0.00038187221322855	0.197	306	1240	100.335856637602	0	0.02658041035945	1246	1.81312485398704e-05	1246	619	733.5
"HiG_9"	"NMU"	0.000416496068897257	"HiG"	0.00324953078853172	0.629	1177	814	102.164970246858	0	0.0785790593614732	699	5.36009954716734e-05	699	594	733.5
"HiG_9"	"NODAL"	0.00072323232378283	"HiG"	0.0253317479053418	0.788	1405	420	101.463356428128	0	0.208708688535289	294	0.000142366090406063	294	605	733.5
"HiG_9"	"NPEPPS"	0.000325094601112181	"HiG"	0.000556732075411629	0.214	459.5	1050	99.702861000173	0	0.0439757180860204	1020	2.99970791855528e-05	1020	626	733.5
"HiG_9"	"NPNT"	0.000296916617165073	"HiG"	0.00705427184942665	0.76	1365.5	1124	157.412901989889	0	0.0605776339193832	833	4.13217148154046e-05	833	78	733.5
"HiG_9"	"NPPA"	0.00138057943998785	"HiG"	0.16798498867138	0.797	1426	140	127.423282323505	0	0.446732534190565	107	0.000304728877346906	107	352	733.5
"HiG_9"	"NPPB"	0.00125517199430931	"HiG"	0.169633329900748	0.838	1465	161	152.046528826485	0	0.437040194718709	110	0.000298117458880429	110	129	733.5
"HiG_9"	"NPY"	0.000603002931335213	"HiG"	0.00790763651650265	0.631	1180	523	127.103406888502	0	0.141091583946864	432	9.62425538518857e-05	432	353	733.5
"HiG_9"	"NR2F1"	0.000667466950104711	"HiG"	0.00801104084084147	0.679	1249.5	456	126.510099722971	0	0.160319639602617	388	0.000109358553617065	388	360	733.5
"HiG_9"	"NR2F2"	0.00119650201961596	"HiG"	0.0384857565896334	0.754	1356	173	140.14064077343	0	0.331205448546923	170	0.000225924589731871	170	233	733.5
"HiG_9"	"NRBP1"	0.000193686923827558	"HiG"	0.000167386369288975	0.307	836.5	1370	47.5702197889295	0	0.0174159355028732	1359	1.18799014344292e-05	1359	1326	733.5
"HiG_9"	"NRG1"	0.000726517660234231	"HiG"	0.0201164954260664	0.704	1286.5	416	160.90283648566	0	0.182925117919118	334	0.000124778388757925	334	60	733.5
"HiG_9"	"NRIP1"	0.000285271278453428	"HiG"	0.00114834134513626	0.314	850	1153	143.21357085788	0	0.0374025772759098	1095	2.55133542127625e-05	1095	201	733.5
"HiG_9"	"NRP1"	0.00090419545523064	"HiG"	0.0177356837063906	0.747	1346	274	140.737684736593	0	0.24742024138834	234	0.000168772333825607	234	229	733.5
"HiG_9"	"NRP2"	0.000628566960995697	"HiG"	0.0135985363830538	0.719	1308	490	170.953674091208	0	0.155967651151027	402	0.000106389939393607	402	28	733.5
"HiG_9"	"NSG1"	0.000469936370333506	"HiG"	0.00168850715088661	0.288	792.5	709	64.9985506777651	0	0.0806541932307488	678	5.50165028859132e-05	678	1119	733.5
"HiG_9"	"NSMCE2"	0.000387332232503939	"HiG"	0.00013950757309323	0.203	355.5	887	60.0123670665154	0	0.0474220319233601	978	3.23479071782811e-05	978	1205	733.5
"HiG_9"	"NT5C"	0.000245445429511866	"HiG"	0.000125565629060121	0.187	215.5	1270	46.4188960553694	0	0.0214337132137518	1311	1.46205410735006e-05	1311	1343	733.5
"HiG_9"	"NT5C2"	0.000484352326889226	"HiG"	0.000625797756438133	0.19	244.5	685	54.1135617943995	0	0.0583306773595712	860	3.97890022916584e-05	860	1271	733.5
"HiG_9"	"NT5DC1"	0.000237909154406523	"HiG"	2.66595045005031e-05	0.186	206.5	1289	23.0247520125119	0	0.0154275855633491	1382	1.05235917894605e-05	1382	1459	733.5
"HiG_9"	"NTPCR"	0.000405037690915696	"HiG"	0.000618440984218745	0.168	59	843	78.1266690983117	0	0.0385167868211093	1077	2.62733880089422e-05	1077	915	733.5
"HiG_9"	"NTRK2"	0.00179999665439823	"HiG"	0.0182647819351361	0.533	1094	80	119.283976213965	0	0.447813030103749	106	0.000305465914122612	106	426	733.5
"HiG_9"	"NTS"	0.000876033237453648	"HiG"	0.00733008056065664	0.561	1121	302	105.931666763406	0	0.213379622510087	288	0.000145552266377958	288	561	733.5
"HiG_9"	"NUAK1"	0.000325912397815398	"HiG"	0.00154010975700639	0.294	805	1046	90.2007582667037	0	0.0395344623583826	1066	2.69675732321846e-05	1066	752	733.5
"HiG_9"	"NUDT4"	0.000207620776985491	"HiG"	0.000499027385620847	0.204	366	1348	144.847728222393	0	0.0178823753106753	1352	1.21980731996421e-05	1352	185	733.5
"HiG_9"	"NXPH2"	0.000323781714850386	"HiG"	0.000823626876355408	0.431	991	1054	59.4983879329234	0	0.043500064279951	1024	2.96726222919174e-05	1024	1211	733.5
"HiG_9"	"OARD1"	0.000142523271489508	"HiG"	1.24903238261427e-06	0.281	773.5	1450	17.3237293568607	0	0.00289690918808595	1462	1.97606356622507e-06	1462	1464	733.5
"HiG_9"	"OBI1"	0.000145097447430884	"HiG"	8.01880286881583e-05	0.207	400.5	1448	77.8008384960887	0	0.00786738650613159	1438	5.36656651168594e-06	1438	921	733.5
"HiG_9"	"ODC1"	0.000343148093267989	"HiG"	0.00188026455147611	0.317	855	997	156.136357169949	0	0.0514019358639293	943	3.5062712049065e-05	943	86	733.5
"HiG_9"	"ODR4"	0.000263442024407575	"HiG"	6.27870393111356e-05	0.17	73.5	1218	27.8961859252353	0	0.0197259265655985	1325	1.34556115727139e-05	1325	1451	733.5
"HiG_9"	"OGFRL1"	0.000205431338007059	"HiG"	7.89612660273693e-06	0.175	111.5	1351	28.7746652761829	0	0.0126935170543655	1402	8.6586064490897e-06	1402	1448	733.5
"HiG_9"	"OLFML3"	0.000300649075449693	"HiG"	0.0037251164280051	0.724	1317.5	1115	141.384901442395	0	0.0592760941312001	846	4.04338977702593e-05	846	221	733.5
"HiG_9"	"OPTN"	0.0010549552322161	"HiG"	0.0125703583778804	0.21	425	215	84.4653182743236	0	0.199264816372877	306	0.000135924158508101	306	825	733.5
"HiG_9"	"OS9"	0.00053115004143417	"HiG"	0.000751783012496281	0.195	290.5	617	60.0422224441172	0	0.0778407636027008	706	5.30973830850619e-05	706	1204	733.5
"HiG_9"	"OSBPL9"	0.000228179412801683	"HiG"	0.00310296396989493	0.255	697.5	1306	73.2282600618927	0	0.0237775078866404	1286	1.62193096088952e-05	1286	998	733.5
"HiG_9"	"OTUB1"	0.000654591835590468	"HiG"	0.00189531731976499	0.2	334.5	465	100.483406367078	0	0.107961083688734	553	7.36433040168719e-05	553	616	733.5
"HiG_9"	"OTX2"	0.000994955791008799	"HiG"	0.0164280296854202	0.711	1298	239	122.847353138087	0	0.270612698061511	213	0.000184592563479885	213	394	733.5
"HiG_9"	"OXA1L"	0.000541776994998116	"HiG"	0.00407314383200742	0.226	539.5	601	104.037325899398	0	0.0956398918959452	599	6.52386711432096e-05	599	577	733.5
"HiG_9"	"P3H2"	0.000315652436098887	"HiG"	0.00315161938375531	0.711	1298	1072	97.6061147085818	0	0.0628558840566322	811	4.28757735720547e-05	811	652	733.5
"HiG_9"	"P3H4"	0.000244992512500011	"HiG"	0.00243936506124718	0.521	1081.5	1271	104.460470352369	0	0.0366924626062368	1105	2.50289649428628e-05	1105	573	733.5
"HiG_9"	"P4HA1"	0.000741510468192533	"HiG"	0.0158764093282951	0.637	1187.5	406	156.77420946386	0	0.182848978223601	336	0.000124726451721419	336	81	733.5
"HiG_9"	"PABPN1"	0.000704232657532414	"HiG"	0.00654311576589143	0.225	531.5	434	110.905414866431	0	0.126586827562211	488	8.634844990601e-05	488	507	733.5
"HiG_9"	"PAF1"	0.00045165689009314	"HiG"	0.000525896276443979	0.203	355.5	751	77.2739399176801	0	0.0645652852985964	792	4.40418044328761e-05	792	932	733.5
"HiG_9"	"PAIP1"	0.000463692944275102	"HiG"	0.000786024772377939	0.185	196	717	73.2806688082546	0	0.058462629566202	857	3.9879010618146e-05	857	997	733.5
"HiG_9"	"PALLD"	0.00103304641244478	"HiG"	0.0492358111185201	0.707	1293.5	224	133.341197250347	0	0.275235515785853	208	0.000187745917998536	208	293	733.5
"HiG_9"	"PALM2-AKAP2"	0.000330828694591339	"HiG"	0.00281492202421799	0.303	827	1035	109.389938974701	0	0.0552746939455237	892	3.77044297036314e-05	892	524	733.5
"HiG_9"	"PAM"	0.000230099333560366	"HiG"	0.00102615710269546	0.475	1030.5	1304	86.1979975232353	0	0.0311967405784616	1177	2.12801777479274e-05	1177	797	733.5
"HiG_9"	"PAPPA"	0.000375470624926431	"HiG"	0.00697208469580311	0.756	1360.5	911	157.447734052972	0	0.0858850017005485	637	5.85845850617657e-05	637	77	733.5
"HiG_9"	"PAPSS1"	0.000412114710735744	"HiG"	0.000728578193128564	0.23	567	827	74.6219579642457	0	0.0559885978577906	882	3.81914037229131e-05	882	974	733.5
"HiG_9"	"PARD6B"	0.000364233189700985	"HiG"	0.00204183624602647	0.334	877.5	942	112.625961598788	0	0.0603570193683088	836	4.11712273999378e-05	836	490	733.5
"HiG_9"	"PARVA"	0.000411313276996891	"HiG"	0.00738278341078887	0.66	1223	829	126.436194798611	0	0.0852714368229513	641	5.81660551316175e-05	641	361	733.5
"HiG_9"	"PBRM1"	0.000824424062796086	"HiG"	0.0117167628459979	0.283	779	331	132.218972325577	0	0.166206159133867	371	0.000113373914825284	371	302	733.5
"HiG_9"	"PBX3"	0.000517200197324376	"HiG"	0.00525982118070332	0.588	1144	637	99.9443945903133	0	0.105264204207967	561	7.18036863628696e-05	561	622	733.5
"HiG_9"	"PCBD1"	0.000324217057473746	"HiG"	0.000371068028891924	0.203	355.5	1051	63.2911336100304	0	0.0350576738969812	1125	2.3913829397668e-05	1125	1153	733.5
"HiG_9"	"PCBP2"	0.000894902825134629	"HiG"	0.00711859711123762	0.241	638.5	286	107.898555476248	0	0.192389266989267	318	0.000131234152107276	318	537	733.5
"HiG_9"	"PCDH10"	0.000270957007010784	"HiG"	0.00125733916125729	0.362	914.5	1190	90.8205523124086	0	0.0383761467939373	1078	2.61774534747185e-05	1078	744	733.5
"HiG_9"	"PCDH19"	0.000296345386916434	"HiG"	0.000480118266427547	0.384	939	1125	68.2852758270719	0	0.0435155679836144	1023	2.96831978060125e-05	1023	1072	733.5
"HiG_9"	"PCDH7"	0.000567871845141176	"HiG"	0.0292545173081292	0.451	1008.5	566	144.483219775979	0	0.116562036270913	512	7.95102566650154e-05	512	189	733.5
"HiG_9"	"PCF11"	0.000733886283410929	"HiG"	0.000716948207703338	0.174	105	411	75.3919542403475	0	0.114776100232526	518	7.8292019258203e-05	518	961	733.5
"HiG_9"	"PCMTD1"	0.000225861973734101	"HiG"	0.000835858762261133	0.235	602.5	1310	58.8930272627128	0	0.0229985037736783	1298	1.56879289042826e-05	1298	1224	733.5
"HiG_9"	"PCMTD2"	0.000171913181424072	"HiG"	6.36330312620614e-05	0.179	139.5	1417	52.4006482133878	0	0.0112662811344019	1414	7.68504852278438e-06	1414	1291	733.5
"HiG_9"	"PCNT"	0.00123366203317333	"HiG"	0.00285903050300235	0.169	66.5	165	91.4470889032063	0	0.201687798652258	301	0.000137576943146151	301	727	733.5
"HiG_9"	"PCNX4"	0.000263520705951194	"HiG"	0.000615677809868509	0.223	520.5	1217	83.448020661931	0	0.0325147391852401	1154	2.21792218180356e-05	1154	838	733.5
"HiG_9"	"PCOLCE"	0.000831627039868284	"HiG"	0.0165111495823488	0.774	1386.5	325	141.305595045619	0	0.23356517357964	255	0.000159321400804666	255	223	733.5
"HiG_9"	"PCSK1"	0.00190199668847713	"HiG"	0.0180220847783184	0.481	1039	73	102.213905995798	0	0.491023041595111	98	0.000334940683216311	98	593	733.5
"HiG_9"	"PCYOX1"	0.000295258629343557	"HiG"	0.000750155525297951	0.29	796	1127	76.2612130923653	0	0.0443488813250099	1014	3.02516243690381e-05	1014	947	733.5
"HiG_9"	"PDCD4"	0.000492883184073492	"HiG"	0.00933834379293466	0.579	1138	671	172.730797004594	0	0.107707538255121	554	7.34703535164539e-05	554	24	733.5
"HiG_9"	"PDGFRA"	0.00340171336878707	"HiG"	0.103052713505595	0.756	1360.5	19	145.43049632214	0	1.01119849306686	28	0.000689767048476712	28	177	733.5
"HiG_9"	"PDK1"	0.00058522033254783	"HiG"	0.0042180828669589	0.291	798	547	123.851405655755	0	0.111483989835286	534	7.60463777866888e-05	534	381	733.5
"HiG_9"	"PDLIM2"	0.000513615236376939	"HiG"	0.00333365720895699	0.322	862	642	82.0506532687634	0	0.081906945333118	670	5.58710404727953e-05	670	862	733.5
"HiG_9"	"PDLIM3"	0.000879705082368234	"HiG"	0.0683658175342313	0.608	1157.5	299	101.842665582398	0	0.238043415415804	245	0.000162376136027151	245	600	733.5
"HiG_9"	"PDLIM5"	0.00117776675048781	"HiG"	0.137174302384513	0.606	1155	181	115.983865818823	0	0.347024860572081	160	0.000236715457416153	160	454	733.5
"HiG_9"	"PDLIM7"	0.000698838468703336	"HiG"	0.0252106113571899	0.54	1101	436	125.357190837626	0	0.161549786439655	384	0.00011019767151409	384	372	733.5
"HiG_9"	"PDPN"	0.000624798862912199	"HiG"	0.0138450909040373	0.769	1377	496	156.617147724947	0	0.166518642374757	369	0.000113587068468456	369	83	733.5
"HiG_9"	"PEA15"	0.000285015637605967	"HiG"	0.00320342770113852	0.514	1076	1156	151.955451156955	0	0.0476703399417409	975	3.25172850898642e-05	975	130	733.5
"HiG_9"	"PELO"	0.000490536742062726	"HiG"	0.00734537913370038	0.271	749	675	110.541558421327	0	0.104551829171852	565	7.13177552331871e-05	565	508	733.5
"HiG_9"	"PENK"	0.000793276171951932	"HiG"	0.00664200370242762	0.632	1182.5	357	121.870268450073	0	0.213593241594542	287	0.000145697981988091	287	409	733.5
"HiG_9"	"PET100"	0.000607910281576392	"HiG"	0.00210083391813373	0.199	323.5	513	46.07724186806	0	0.0901178486262051	628	6.14719294858152e-05	628	1348	733.5
"HiG_9"	"PFKP"	0.000576451071514483	"HiG"	0.0116466012536875	0.304	830	558	116.338315464938	0	0.113345108573581	523	7.73158994362761e-05	523	451	733.5
"HiG_9"	"PGLS"	0.000320489289273821	"HiG"	0.000544120149763941	0.228	554.5	1061	85.8254966904577	0	0.0429649960370311	1032	2.93076371330362e-05	1032	804	733.5
"HiG_9"	"PGM1"	0.0006439599625953	"HiG"	0.00602418907113173	0.267	737.5	479	85.797927904007	0	0.118451754854873	508	8.07992870769937e-05	508	805	733.5
"HiG_9"	"PGM3"	0.000608917213569536	"HiG"	0.00135517703160585	0.203	355.5	512	78.0950169173413	0	0.0977173973140582	591	6.66557962578842e-05	591	916	733.5
"HiG_9"	"PHF21A"	0.000592689947932123	"HiG"	0.000787354656199966	0.212	445.5	533	91.3204684368128	0	0.0932076249852511	615	6.35795531959421e-05	615	729	733.5
"HiG_9"	"PHKB"	0.000405623813897502	"HiG"	0.00195351175930947	0.207	400.5	840	66.2788662972318	0	0.0549118594532256	898	3.74569300499493e-05	898	1105	733.5
"HiG_9"	"PHLDA1"	0.00030118942634193	"HiG"	0.00290733318048972	0.628	1176	1114	156.7422516492	0	0.0567137045333045	875	3.86860194633728e-05	875	82	733.5
"HiG_9"	"PHLDB2"	0.000426709462320134	"HiG"	0.00129620274479353	0.231	574.5	799	90.7359874902136	0	0.0622975718343711	819	4.24949330384524e-05	819	745	733.5
"HiG_9"	"PIAS1"	0.000784294538714987	"HiG"	0.0031447257734609	0.273	756	364	126.770715374762	0	0.144812225309746	423	9.87805083968253e-05	423	355	733.5
"HiG_9"	"PIBF1"	0.00065409128754238	"HiG"	0.000800404416898707	0.171	82.5	466	59.0908542682979	0	0.0870425946733845	632	5.9374211919089e-05	632	1216	733.5
"HiG_9"	"PIGBOS1"	0.000245525575032866	"HiG"	2.94741777690329e-06	0.167	51.5	1268	18.1707011059119	0	0.00977432796009312	1424	6.66734512966788e-06	1424	1463	733.5
"HiG_9"	"PIK3C3"	0.000890231509377003	"HiG"	0.00312027069725978	0.233	589	291	97.8010097966733	0	0.158831587788531	394	0.000108343511451931	394	651	733.5
"HiG_9"	"PIK3R1"	0.00163930997121803	"HiG"	0.0160456890683948	0.381	936.5	99	130.861760085109	0	0.360263444636595	153	0.000245745869465617	153	318	733.5
"HiG_9"	"PIN4"	0.000626264228508865	"HiG"	0.00692147582033367	0.206	388	494	78.2401900793249	0	0.111846012537666	532	7.62933236955432e-05	532	913	733.5
"HiG_9"	"PIP4P2"	0.00025112703430795	"HiG"	0.000188881132006538	0.208	409.5	1253	70.1490987663732	0	0.0258539704023807	1253	1.76357233304098e-05	1253	1048	733.5
"HiG_9"	"PITX2"	0.00195908622212168	"HiG"	0.0761059601697986	0.748	1348.5	68	116.808507115531	0	0.572504484544429	68	0.000390521476496882	68	449	733.5
"HiG_9"	"PJA2"	0.000599629170506201	"HiG"	0.000487214048018604	0.179	139.5	527	56.3091683011992	0	0.0798416748694853	686	5.44622611660882e-05	686	1248	733.5
"HiG_9"	"PKIA"	0.000537514337162969	"HiG"	0.000127382126568056	0.237	620.5	608	24.1848755838752	0	0.037818991756915	1088	2.57974022898465e-05	1088	1456	733.5
"HiG_9"	"PKIB"	0.000159445074575261	"HiG"	1.95679132189824e-05	0.263	729	1431	43.600981211425	0	0.00708601867254219	1442	4.83357344648171e-06	1442	1378	733.5
"HiG_9"	"PKIG"	0.000263969007972395	"HiG"	1.40774939773668e-05	0.237	620.5	1216	20.5295233324382	0	0.0155075752455638	1381	1.05781550106165e-05	1381	1461	733.5
"HiG_9"	"PKN2"	0.000477965338664413	"HiG"	0.00581155840325946	0.22	499.5	695	88.6244912303314	0	0.0758084199107095	718	5.1711064059147e-05	718	765	733.5
"HiG_9"	"PKP2"	0.000844480141701678	"HiG"	0.0939118999854572	0.737	1335	317	140.033032227068	0	0.240283053313081	243	0.000163903856284503	243	235	733.5
"HiG_9"	"PLA2G12A"	0.000186167551726175	"HiG"	0.000236389612172505	0.388	946.5	1387	57.8189246418222	0	0.0172956161634063	1361	1.17978282151476e-05	1361	1237	733.5
"HiG_9"	"PLAAT3"	0.000730757245754031	"HiG"	0.00633037029137444	0.266	734.5	413	99.1592901354781	0	0.154397288897542	405	0.000105318750953303	405	633	733.5
"HiG_9"	"PLAC9"	0.000221562689957697	"HiG"	0.000936044838184773	0.644	1196.5	1318	78.6259728016814	0	0.0323826964729707	1158	2.2089151755096e-05	1158	908	733.5
"HiG_9"	"PLAGL1"	0.000586680902617604	"HiG"	0.00588402889324755	0.526	1088.5	544	112.211242528229	0	0.12882049811318	473	8.78720996679261e-05	473	495	733.5
"HiG_9"	"PLAT"	0.0016391026823503	"HiG"	0.0483188405876922	0.8	1431.5	100	176.77161561875	0	0.499920182659672	89	0.000341009674392682	89	18	733.5
"HiG_9"	"PLCB1"	0.000717681359000975	"HiG"	0.00698999680652722	0.422	982	422	93.7976898209312	0	0.143220720094567	427	9.76948977452709e-05	427	705	733.5
"HiG_9"	"PLCB4"	0.000469222935012566	"HiG"	0.00270694268381799	0.406	963.5	711	110.076771269622	0	0.086755507093085	634	5.91783813731821e-05	634	516	733.5
"HiG_9"	"PLCE1"	0.000380696148763937	"HiG"	0.000741280137788167	0.288	792.5	897	76.8424499856724	0	0.0559680709057286	883	3.81774017092282e-05	883	937	733.5
"HiG_9"	"PLD3"	0.000500673560269446	"HiG"	0.00141979196529933	0.252	689.5	660	63.5786173900251	0	0.072085945578219	748	4.91718591938738e-05	748	1146	733.5
"HiG_9"	"PLEKHA1"	0.000285217139732961	"HiG"	0.00027577986755779	0.218	482.5	1155	88.0597684202159	0	0.0354428151491269	1118	2.41765451221875e-05	1118	770	733.5
"HiG_9"	"PLEKHA4"	0.00201203974843931	"HiG"	0.00950521135857185	0.158	16.5	65	72.595032376562	0	0.360019353897259	154	0.000245579368279167	154	1015	733.5
"HiG_9"	"PLEKHO1"	0.000203013741041527	"HiG"	0.000597969967152089	0.271	749	1358	112.839515297332	0	0.0192798630472275	1330	1.31513390499505e-05	1330	487	733.5
"HiG_9"	"PLIN3"	0.000500573935826159	"HiG"	0.00180433147863287	0.207	400.5	661	85.9812706506728	0	0.0819384573223788	669	5.58925356905722e-05	669	800	733.5
"HiG_9"	"PLK2"	0.000853064764376877	"HiG"	0.00732482567016669	0.289	794	312	131.965274683988	0	0.175309555811925	352	0.000119583598780304	352	304	733.5
"HiG_9"	"PLN"	0.00114648998818754	"HiG"	0.183082500682616	0.699	1278.5	189	113.572909510953	0	0.379601438078335	142	0.000258936860899273	142	480	733.5
"HiG_9"	"PLOD2"	0.000589438515216913	"HiG"	0.0130928271234515	0.694	1273.5	538	150.180842891019	0	0.144845147575172	422	9.88029656038008e-05	422	145	733.5
"HiG_9"	"PLPP3"	0.000650699507165904	"HiG"	0.00358987869955705	0.248	669	470	58.9338328768859	0	0.092273779903583	621	6.29425510938493e-05	621	1223	733.5
"HiG_9"	"PLPP5"	0.000271525260810711	"HiG"	6.35858380486637e-05	0.226	539.5	1186	33.7568298052277	0	0.0274581135746003	1235	1.8729954689359e-05	1235	1429	733.5
"HiG_9"	"PLXNA2"	0.000563390998293746	"HiG"	0.00446439964908133	0.506	1068	570	94.1791031941367	0	0.110439824717807	537	7.53341232727199e-05	537	701	733.5
"HiG_9"	"PMP22"	0.000173267198769796	"HiG"	0.00201548186710865	0.662	1228.5	1414	135.027959218993	0	0.0213468273184588	1313	1.4561273750654e-05	1313	274	733.5
"HiG_9"	"PNKD"	0.000371229633625297	"HiG"	0.00106768068385452	0.186	206.5	924	68.625139982273	0	0.0491643005538744	960	3.35363578130112e-05	960	1065	733.5
"HiG_9"	"PNPLA8"	0.000319567138977095	"HiG"	0.000405305153791896	0.199	323.5	1063	64.1935564930285	0	0.0370244118703935	1101	2.52553969102275e-05	1101	1136	733.5
"HiG_9"	"PNRC1"	0.000275803666397025	"HiG"	0.000324588335494419	0.261	716	1175	60.9302630794141	0	0.0283072524973674	1218	1.93091763283543e-05	1218	1190	733.5
"HiG_9"	"POGZ"	0.000478887961242169	"HiG"	0.000717122269651466	0.218	482.5	693	86.6310201154464	0	0.0717408131364637	751	4.89364346087747e-05	751	792	733.5
"HiG_9"	"POLA1"	0.000727802996487856	"HiG"	0.00122234062810367	0.223	520.5	415	90.9270543054878	0	0.125388567903665	493	8.55310831539323e-05	493	739	733.5
"HiG_9"	"POLD3"	0.00071226031485929	"HiG"	0.000657174521561643	0.218	482.5	426	91.2636363211931	0	0.112574084331133	527	7.67899620266937e-05	527	730	733.5
"HiG_9"	"POLR3D"	0.000365899864399652	"HiG"	7.49703100747198e-05	0.179	139.5	938	37.176925809794	0	0.0360501324549574	1111	2.45908134072015e-05	1111	1412	733.5
"HiG_9"	"POLR3GL"	0.000345013020099121	"HiG"	4.68178802174833e-05	0.182	169.5	993	30.9169146745025	0	0.0322405164884123	1159	2.19921667724504e-05	1159	1439	733.5
"HiG_9"	"PON2"	0.000316684131102507	"HiG"	0.00140842866581656	0.319	858	1069	122.508719312922	0	0.0445862096499458	1010	3.04135127216547e-05	1010	399	733.5
"HiG_9"	"POPDC2"	0.000232711871273454	"HiG"	0.0106906072111131	0.502	1061.5	1299	86.1418072691636	0	0.034409284429613	1131	2.34715446313868e-05	1131	798	733.5
"HiG_9"	"POSTN"	0.00176970262786184	"HiG"	0.0854744002842229	0.827	1462.5	83	148.852745194003	0	0.55348632445726	75	0.000377548652426507	75	148	733.5
"HiG_9"	"POU5F1B"	0.000328240537438745	"HiG"	0.0014551929892671	0.606	1155	1041	69.2745164180503	0	0.0600196873521096	841	4.09411237053953e-05	841	1059	733.5
"HiG_9"	"PPCS"	0.000202362403646477	"HiG"	0.000154640155271019	0.185	196	1361	63.4472930624586	0	0.0149616050630803	1384	1.0205733330887e-05	1384	1148	733.5
"HiG_9"	"PPFIBP1"	0.000535146816069675	"HiG"	0.00383306904883442	0.232	582	612	106.220857658586	0	0.077806919888142	707	5.30742973316112e-05	707	559	733.5
"HiG_9"	"PPFIBP2"	0.000214184583575028	"HiG"	9.99468335999866e-05	0.298	816.5	1337	61.4376997559847	0	0.0206605325396185	1319	1.40931327009676e-05	1319	1181	733.5
"HiG_9"	"PPIC"	0.000845606630830119	"HiG"	0.0123644887832645	0.342	890.5	316	101.502034880665	0	0.183664766997942	331	0.000125282924282361	331	604	733.5
"HiG_9"	"PPIP5K2"	0.000362672139370246	"HiG"	0.000494406055083134	0.153	6	945	59.0568116186975	0	0.0429005708332662	1034	2.92636908821734e-05	1034	1219	733.5
"HiG_9"	"PPM1K"	0.000204767596172795	"HiG"	0.000393542461611682	0.207	400.5	1353	58.9990293674286	0	0.0184351401341652	1340	1.25751296958835e-05	1340	1220	733.5
"HiG_9"	"PPP1CB"	0.00175256714779737	"HiG"	0.0560786436088786	0.294	805	85	116.8163766218	0	0.392326555046063	137	0.000267617022541652	137	448	733.5
"HiG_9"	"PPP1R12B"	0.000555891163485877	"HiG"	0.0487335893497513	0.498	1056.5	580	108.86795035331	0	0.130160258628892	467	8.87859881506765e-05	467	531	733.5
"HiG_9"	"PPP1R15A"	0.0012887426064574	"HiG"	0.0100959903293267	0.322	862	156	111.736100640361	0	0.301467878453518	190	0.000205639753378934	190	496	733.5
"HiG_9"	"PPP1R1A"	0.000354784657326317	"HiG"	0.00495154787870298	0.415	972.5	978	82.3550732023479	0	0.0546292605738702	901	3.72641613737177e-05	901	859	733.5
"HiG_9"	"PPP1R2"	0.000228555331582945	"HiG"	0.00020690911391508	0.199	323.5	1305	45.6137121507553	0	0.0198875283020622	1323	1.35658446808064e-05	1323	1354	733.5
"HiG_9"	"PPP2R1A"	0.000896852096634284	"HiG"	0.00549005240455421	0.262	723	283	101.316284360464	0	0.163407613183796	377	0.000111464947601498	377	607	733.5
"HiG_9"	"PPP2R3A"	0.000271384348650965	"HiG"	0.003416480797914	0.407	965	1187	109.195314057331	0	0.0396393039417769	1065	2.70390886369556e-05	1065	526	733.5
"HiG_9"	"PPP3CA"	0.000772838073825461	"HiG"	0.032289822324865	0.481	1039	378	139.544378542664	0	0.174748504765098	355	0.00011920089001712	355	242	733.5
"HiG_9"	"PPWD1"	0.000431065133880416	"HiG"	0.000199797271607302	0.167	51.5	787	61.4615479230159	0	0.0522581148314106	928	3.56467359013715e-05	928	1180	733.5
"HiG_9"	"PRAF2"	0.00023792449510476	"HiG"	6.88095159997563e-05	0.169	66.5	1288	43.8414371988068	0	0.0185113168304172	1339	1.26270919716352e-05	1339	1376	733.5
"HiG_9"	"PRDM2"	0.00038937480413037	"HiG"	0.00352294385206224	0.379	933	882	145.692770780601	0	0.0711529943354776	757	4.8535466804555e-05	757	174	733.5
"HiG_9"	"PRDX2"	0.00105291275998011	"HiG"	0.011657814877249	0.322	862	216	124.247590516301	0	0.23047732667557	263	0.000157215093230266	263	380	733.5
"HiG_9"	"PRICKLE1"	0.000390341543646034	"HiG"	0.00311517580787486	0.51	1074	880	142.186536334292	0	0.0701897770607836	759	4.78784291001252e-05	759	211	733.5
"HiG_9"	"PRKAG2"	0.00114373221337463	"HiG"	0.136214510422326	0.566	1128	190	117.188186169251	0	0.33457424744054	166	0.000228222542592455	166	446	733.5
"HiG_9"	"PRKAR1A"	0.000680163542198531	"HiG"	0.00843669032506771	0.315	851.5	447	128.726861508415	0	0.138054679417718	443	9.41709955100393e-05	443	337	733.5
"HiG_9"	"PRKRIP1"	0.000361712102107987	"HiG"	0.000108735535554314	0.164	40	947	53.4794037831487	0	0.0395178943641831	1068	2.69562717354592e-05	1068	1278	733.5
"HiG_9"	"PRMT2"	0.000388043706835613	"HiG"	0.000936641436987681	0.205	376	886	90.8379473628716	0	0.0503240382181208	954	3.43274476249119e-05	954	741	733.5
"HiG_9"	"PRPF39"	0.000484681212780156	"HiG"	0.000444314158457597	0.176	122	683	60.7710655859786	0	0.0667314621070196	779	4.55194148069711e-05	779	1192	733.5
"HiG_9"	"PRRC2B"	0.000440404295251614	"HiG"	0.000358395295658338	0.195	290.5	774	68.7837694772074	0	0.0616704814276006	824	4.20671769628926e-05	824	1061	733.5
"HiG_9"	"PRRX1"	0.00109620370445787	"HiG"	0.0378500080076659	0.799	1429	204	152.245051691586	0	0.325946162808954	177	0.000222337082407199	177	127	733.5
"HiG_9"	"PRSS23"	0.0007552610181578	"HiG"	0.0267596415506104	0.764	1371.5	393	155.087087690309	0	0.198700772374662	308	0.000135539408168255	308	93	733.5
"HiG_9"	"PRSS35"	0.000268630382016892	"HiG"	0.00309656012392322	0.57	1130.5	1196	93.0102029670728	0	0.0377912236976593	1089	2.57784609124552e-05	1089	710	733.5
"HiG_9"	"PRTG"	0.00029019331797263	"HiG"	0.00413472204980346	0.483	1041	1135	144.375108906325	0	0.0443079872797928	1015	3.02237293859432e-05	1015	193	733.5
"HiG_9"	"PSPC1"	0.000349790049173361	"HiG"	0.000806271722527702	0.191	253	988	104.141867859828	0	0.0519821961329331	932	3.54585239651658e-05	932	576	733.5
"HiG_9"	"PSTPIP2"	0.000522888782910962	"HiG"	0.0224272493449704	0.394	951	628	81.1020515039762	0	0.094440027833782	605	6.44202099821159e-05	605	872	733.5
"HiG_9"	"PTBP2"	0.000547154835239228	"HiG"	0.00685484123287954	0.228	554.5	591	90.94245385367	0	0.0896347284561045	629	6.11423795744233e-05	629	738	733.5
"HiG_9"	"PTGIS"	0.000446010312439614	"HiG"	0.00591394543386224	0.546	1106	760	153.216819702258	0	0.0919469296151752	622	6.27195972818385e-05	622	113	733.5
"HiG_9"	"PTGR1"	0.000311779018901181	"HiG"	0.000533392171279158	0.236	612.5	1085	62.8882863231695	0	0.0389431392995208	1073	2.65642150747072e-05	1073	1157	733.5
"HiG_9"	"PTN"	0.00118350663396041	"HiG"	0.0311401479380684	0.723	1316	178	153.28351444181	0	0.317319159498062	180	0.000216452359821325	180	112	733.5
"HiG_9"	"PTPRA"	0.000268213590000524	"HiG"	0.0012612178143048	0.363	918	1197	110.239787860802	0	0.0357269014472708	1113	2.43703284087796e-05	1113	514	733.5
"HiG_9"	"PTPRD"	0.00065138866063096	"HiG"	0.00178581361934927	0.319	858	468	78.9523330679295	0	0.115066482158858	516	7.84900969705715e-05	516	900	733.5
"HiG_9"	"PTPRF"	0.000579405317012775	"HiG"	0.00298289816105967	0.32	860	552	141.444443860549	0	0.0978632991940337	590	6.67553200505005e-05	590	220	733.5
"HiG_9"	"PTRHD1"	0.000233988290420424	"HiG"	0.00027440180220653	0.181	157	1298	62.4302275721276	0	0.0236627110561255	1288	1.6141003448926e-05	1288	1168	733.5
"HiG_9"	"PUM1"	0.000933758026559558	"HiG"	0.00156584868575379	0.164	40	263	71.6354102677409	0	0.160247054911032	389	0.000109309041549135	389	1028	733.5
"HiG_9"	"PXDN"	0.00232534239637985	"HiG"	0.0473497183017754	0.694	1273.5	49	131.051436937995	0	0.631581764981565	61	0.0004308197578319	61	316	733.5
"HiG_9"	"PXK"	0.000228113989027833	"HiG"	0.000293534527042987	0.307	836.5	1307	54.3039871526143	0	0.0247128760191907	1274	1.68573506270059e-05	1274	1269	733.5
"HiG_9"	"QKI"	0.00097125317663659	"HiG"	0.0187937969875916	0.262	723	251	119.193440448098	0	0.191713541182744	321	0.000130773220452077	321	428	733.5
"HiG_9"	"R3HDM2"	0.000249341707693046	"HiG"	8.31748011962033e-05	0.176	122	1260	46.4448944227123	0	0.0232166382612171	1295	1.58367245983745e-05	1295	1341	733.5
"HiG_9"	"RAB11FIP1"	0.000488770964178945	"HiG"	0.0020403219176401	0.189	232.5	681	84.2383777282092	0	0.0684629672556149	771	4.67005233667223e-05	771	829	733.5
"HiG_9"	"RAB31"	0.000445468626890404	"HiG"	0.000701496511446865	0.226	539.5	764	76.9238970817927	0	0.0600715027242055	839	4.09764684339737e-05	839	936	733.5
"HiG_9"	"RAB3B"	0.000313569111652396	"HiG"	0.000438733380918797	0.211	437	1079	67.5072483913022	0	0.0373109128127811	1098	2.54508272938479e-05	1098	1083	733.5
"HiG_9"	"RAB3IP"	0.00081533280885939	"HiG"	0.000565474103429408	0.176	122	342	53.7978549333881	0	0.121648379362755	500	8.29797949268448e-05	500	1272	733.5
"HiG_9"	"RAB4A"	0.000735690100308512	"HiG"	0.00261255814760444	0.228	554.5	408	94.2469419410842	0	0.125432298572281	492	8.55609130779545e-05	492	699	733.5
"HiG_9"	"RABGAP1"	0.000425205711349706	"HiG"	0.000771273187925156	0.199	323.5	803	85.8423093489922	0	0.0623977318254834	817	4.25632549969191e-05	817	803	733.5
"HiG_9"	"RALB"	0.000475276175358998	"HiG"	0.00353384321854086	0.309	841	701	135.665315815539	0	0.081479752499603	675	5.55796401770825e-05	675	268	733.5
"HiG_9"	"RAMP2"	0.000412189245200257	"HiG"	0.00343218371588052	0.679	1249.5	826	113.379268351826	0	0.0858311172373843	638	5.85478289477383e-05	638	481	733.5
"HiG_9"	"RAP2C"	0.000257082329085595	"HiG"	0.000555625682143163	0.259	708	1235	87.6406887976044	0	0.0324547299193375	1155	2.21382878030952e-05	1155	778	733.5
"HiG_9"	"RARRES2"	0.000417716025553961	"HiG"	0.00466733588946121	0.714	1304	808	119.364663546434	0	0.0930604860855638	617	6.34791855972468e-05	617	425	733.5
"HiG_9"	"RBFA"	0.000128183721494814	"HiG"	1.31810870154946e-05	0.181	157	1460	52.2221009968179	0	0.00424009068206418	1460	2.8922855948596e-06	1460	1292	733.5
"HiG_9"	"RBM19"	0.000414099926581095	"HiG"	0.0016736735639605	0.227	548	818	82.6194645211343	0	0.0612828433439283	827	4.1802758079078e-05	827	854	733.5
"HiG_9"	"RBM23"	0.000353063666278971	"HiG"	0.000439399282140654	0.208	409.5	982	64.4643670817392	0	0.0454771318478011	997	3.10212359125519e-05	997	1129	733.5
"HiG_9"	"RBM33"	0.000455743199395138	"HiG"	0.000364684855321935	0.204	366	737	61.6745954888114	0	0.0518037639428372	936	3.53368103293569e-05	936	1174	733.5
"HiG_9"	"RBM41"	0.000477374433974823	"HiG"	0.00022167756856749	0.178	132	698	60.6784621384682	0	0.0633069778932351	805	4.31834774169407e-05	805	1194	733.5
"HiG_9"	"RBM5"	0.000704709038780407	"HiG"	0.000734665932399326	0.201	343.5	433	73.0595735073367	0	0.106392168465438	556	7.25731026367243e-05	556	1005	733.5
"HiG_9"	"RBMS1"	0.000311833074043433	"HiG"	0.000898950190755032	0.225	531.5	1082	59.610801487297	0	0.0403568614174914	1057	2.75285548550419e-05	1057	1209	733.5
"HiG_9"	"RBMX2"	0.00047872279991983	"HiG"	0.00031979466667748	0.183	180	694	43.9449231996406	0	0.0549444373045437	897	3.74791523223354e-05	897	1375	733.5
"HiG_9"	"RBMXL1"	0.000341352063861213	"HiG"	0.000942895350098472	0.195	290.5	1002	103.480899815183	0	0.0459784619897112	993	3.13632073599667e-05	993	582	733.5
"HiG_9"	"RBP4"	0.000354335536091442	"HiG"	0.00551784352564437	0.645	1198.5	979	151.716512078506	0	0.0763366346455905	714	5.20713742466511e-05	714	131	733.5
"HiG_9"	"RBPMS"	0.000325468831925772	"HiG"	0.00153431807993916	0.34	886.5	1048	103.087213706013	0	0.0525226421452321	925	3.58271774524094e-05	925	587	733.5
"HiG_9"	"RCAN1"	0.000458401546104722	"HiG"	0.011403970161424	0.64	1192	731	154.275704377366	0	0.10053985341458	578	6.85810732705185e-05	578	104	733.5
"HiG_9"	"RCN1"	0.000289137283926954	"HiG"	0.00128916507146017	0.281	773.5	1137	92.788059460495	0	0.0424384554672201	1037	2.8948468940805e-05	1037	713	733.5
"HiG_9"	"RCOR3"	0.000208094333972623	"HiG"	7.48547149952554e-05	0.203	355.5	1344	54.4061296424582	0	0.0168906894778834	1367	1.15216162877786e-05	1367	1267	733.5
"HiG_9"	"RCSD1"	0.000287233878618155	"HiG"	0.000265319795569283	0.219	490.5	1147	46.4429672932337	0	0.0241039261897303	1282	1.64419687515213e-05	1282	1342	733.5
"HiG_9"	"RECQL"	0.000408029063843388	"HiG"	0.000331576841087444	0.201	343.5	835	86.1180948830285	0	0.0556104641862729	889	3.79334680670347e-05	889	799	733.5
"HiG_9"	"RERE"	0.00044405325228904	"HiG"	0.000999214865813822	0.248	669	767	78.7822393818002	0	0.0670345746940233	777	4.57261764624988e-05	777	903	733.5
"HiG_9"	"REV1"	0.000641473385124833	"HiG"	0.000474377689357325	0.199	323.5	481	72.1995025915169	0	0.098943221169627	585	6.74919653271671e-05	585	1019	733.5
"HiG_9"	"REV3L"	0.000693323055153357	"HiG"	0.000611923201603347	0.192	264	438	82.5954716769501	0	0.10902569570323	543	7.4369505936719e-05	543	856	733.5
"HiG_9"	"RFK"	0.00036738660405387	"HiG"	0.00128177246200106	0.245	651.5	934	78.7661737206576	0	0.0558953932989152	884	3.81278262611973e-05	884	904	733.5
"HiG_9"	"RFTN1"	0.000216790085408156	"HiG"	7.91815114026604e-05	0.186	206.5	1330	64.3907886864574	0	0.0185909885306567	1336	1.26814382883061e-05	1336	1132	733.5
"HiG_9"	"RGS16"	0.00039729870997988	"HiG"	0.00130150782397054	0.478	1033.5	860	85.2945938035106	0	0.0644000467492614	796	4.39290905520201e-05	796	814	733.5
"HiG_9"	"RGS2"	0.000729715798125751	"HiG"	0.00835659317307882	0.557	1119	414	129.432287104154	0	0.165529429119464	373	0.000112912298171531	373	327	733.5
"HiG_9"	"RGS4"	0.00072453013331666	"HiG"	0.00417636645841751	0.541	1103	418	88.1243233844207	0	0.159755396378209	391	0.000108973667379406	391	768	733.5
"HiG_9"	"RGS5"	0.000882395107696549	"HiG"	0.0105138514034011	0.596	1145	298	114.163190496597	0	0.197980721472532	309	0.000135048241113596	309	472	733.5
"HiG_9"	"RHEB"	0.00062098576568875	"HiG"	0.00548705694635047	0.381	936.5	498	142.109629607033	0	0.13083717545254	465	8.92477322322922e-05	465	212	733.5
"HiG_9"	"RHOBTB3"	0.000750128452284283	"HiG"	0.00861631703987842	0.287	789.5	401	80.6357056906479	0	0.154933806369776	404	0.000105684724672426	404	876	733.5
"HiG_9"	"RHOC"	0.00119947236370138	"HiG"	0.021119310325394	0.432	992.5	172	142.376561031015	0	0.276598309440618	207	0.000188675518035892	207	209	733.5
"HiG_9"	"RHOU"	0.000691173023932052	"HiG"	0.007147795965209	0.369	922	440	115.958744797369	0	0.136570543482521	449	9.31586244764809e-05	449	455	733.5
"HiG_9"	"RIMS1"	0.000439640687226735	"HiG"	0.000647072393280993	0.209	416.5	776	64.4893460019386	0	0.056189921246388	879	3.83287320916698e-05	879	1128	733.5
"HiG_9"	"RIMS2"	0.000393508230762666	"HiG"	0.000511466975881432	0.21	425	869	60.4823440919697	0	0.051417390389487	942	3.50732540173854e-05	942	1200	733.5
"HiG_9"	"RIOK1"	0.000400860735275709	"HiG"	0.00192566669285259	0.219	490.5	850	73.0295100384196	0	0.0603711674705397	835	4.11808782200135e-05	835	1007	733.5
"HiG_9"	"RMDN1"	0.000257575913960466	"HiG"	0.000170674930914851	0.17	73.5	1234	70.1366863650286	0	0.0253594299915348	1266	1.72983833502966e-05	1266	1049	733.5
"HiG_9"	"RNASEH2B"	0.000377440187915769	"HiG"	0.000195502127682274	0.219	490.5	904	72.7863730587066	0	0.0471215530543461	980	3.21429420561706e-05	980	1010	733.5
"HiG_9"	"RNASEH2C"	0.000266495451257953	"HiG"	0.000116805163821629	0.237	620.5	1203	65.6891850788068	0	0.0292651080628975	1202	1.99625566595481e-05	1202	1113	733.5
"HiG_9"	"RND3"	0.00083567519996459	"HiG"	0.0131323191579366	0.519	1078.5	322	125.127225693804	0	0.190495177988429	325	0.000129942140510525	325	373	733.5
"HiG_9"	"RNF19A"	0.000368641855005113	"HiG"	0.000215690842185203	0.183	180	929	52.1572102558254	0	0.0463100647284915	989	3.15894029525863e-05	989	1294	733.5
"HiG_9"	"RNF214"	0.000173153257743169	"HiG"	1.09630784445168e-05	0.161	29.5	1415	42.2625171957221	0	0.0101010613276116	1420	6.89021918663817e-06	1420	1385	733.5
"HiG_9"	"RNF216"	0.000287139119484717	"HiG"	0.000185892381444985	0.146	4	1148	76.5258629325339	0	0.0313955313226749	1172	2.14157785284276e-05	1172	941	733.5
"HiG_9"	"RNPC3"	0.000443286094345209	"HiG"	0.000306676867695891	0.21	425	770	59.2054183125616	0	0.0567231840530174	874	3.86924857114716e-05	874	1214	733.5
"HiG_9"	"ROBO2"	0.000734530327881799	"HiG"	0.00919818376553995	0.603	1151.5	410	122.154658971111	0	0.167520837991463	367	0.000114270694400725	367	406	733.5
"HiG_9"	"RP9"	0.000320534047578044	"HiG"	8.82139099504207e-05	0.204	366	1060	45.0652437418059	0	0.0324325391144111	1156	2.21231508283841e-05	1156	1361	733.5
"HiG_9"	"RPAP2"	0.000359808555160517	"HiG"	0.000139407107181659	0.175	111.5	955	48.7964382725827	0	0.0396550860492878	1064	2.70498540581772e-05	1064	1316	733.5
"HiG_9"	"RPGRIP1L"	0.000888451265473359	"HiG"	0.000913482695839408	0.189	232.5	293	62.6726189054132	0	0.141880323002021	431	9.67805750354848e-05	431	1163	733.5
"HiG_9"	"RPL10"	0.00241195771392304	"HiG"	0.034745548752419	0.262	723	46	100.419301906878	0	0.657489258421636	56	0.000448491990737814	56	617	733.5
"HiG_9"	"RPL17"	0.00192385485482922	"HiG"	0.0334276211539872	0.245	651.5	71	87.8740903620476	0	0.557293806990618	72	0.000380145843786233	72	775	733.5
"HiG_9"	"RPL18A"	0.00245471238169476	"HiG"	0.0438328093786194	0.254	696	45	80.5103041751573	0	0.739557773434236	46	0.00050447324245173	46	879	733.5
"HiG_9"	"RPL23A"	0.00354131695028825	"HiG"	0.0625467020862678	0.25	680	17	85.2252181269555	0	1.02199072397425	24	0.000697128733952422	24	815	733.5
"HiG_9"	"RPL3"	0.00309122446251462	"HiG"	0.0626134621671275	0.253	693.5	29	94.5743340168779	0	0.870758816977883	37	0.000593969179384641	37	695	733.5
"HiG_9"	"RPL34"	0.00368943761441989	"HiG"	0.0718658897574948	0.237	620.5	16	86.2205645555353	0	1.14730667915621	17	0.000782610285918286	17	796	733.5
"HiG_9"	"RPL39"	0.00334235546980058	"HiG"	0.0672798318178048	0.235	602.5	21	83.3984369433768	0	1.04990852581943	23	0.000716172254992788	23	840	733.5
"HiG_9"	"RPL41"	0.00215412937159959	"HiG"	0.0474470478617486	0.252	689.5	59	82.5415215312963	0	0.700612515976024	51	0.000477907582521163	51	857	733.5
"HiG_9"	"RPP38"	0.000759602126822646	"HiG"	0.00472916011297403	0.227	548	388	84.4891915469589	0	0.142868699354114	428	9.74547744571038e-05	428	823	733.5
"HiG_9"	"RPS15"	0.00318209077286742	"HiG"	0.0550731877116905	0.243	644.5	26	89.0410546531993	0	0.933922788351714	32	0.000637055108016176	32	759	733.5
"HiG_9"	"RPS18"	0.004553102505726	"HiG"	0.0743976441527842	0.253	693.5	10	90.4831464537941	0	1.30625788712584	13	0.000891035393673832	13	749	733.5
"HiG_9"	"RPS27"	0.0032681943316908	"HiG"	0.0612649274746837	0.241	638.5	25	82.0887206754337	0	1.01264110415858	27	0.000690751094241867	27	860	733.5
"HiG_9"	"RPS28"	0.00184760598066932	"HiG"	0.0305866321314767	0.245	651.5	77	80.0900483586451	0	0.536732882837316	78	0.000366120656778524	78	884	733.5
"HiG_9"	"RPS3A"	0.00298827583281235	"HiG"	0.0483232098448175	0.262	723	34	83.9246559717297	0	0.879442237330194	36	0.00059989238562769	36	831	733.5
"HiG_9"	"RSPO2"	0.000506214430415256	"HiG"	0.00457230774557345	0.566	1128	650	122.3100324203	0	0.110979112292957	535	7.57019865572697e-05	535	403	733.5
"HiG_9"	"RSPO3"	0.000858634693811519	"HiG"	0.0184970688527227	0.678	1247	306	147.266664472669	0	0.223099759463872	271	0.000152182646291863	271	162	733.5
"HiG_9"	"RSPRY1"	0.000269188760403471	"HiG"	0.000648135052531306	0.207	400.5	1194	66.9769364237946	0	0.0266412199810455	1244	1.8172728500031e-05	1244	1092	733.5
"HiG_9"	"RSRP1"	0.000182943934643272	"HiG"	5.8318414159728e-05	0.197	306	1394	59.7044822774439	0	0.0122135095416729	1409	8.33117976921756e-06	1409	1208	733.5
"HiG_9"	"RTL8A"	0.000166316944344883	"HiG"	8.15390076516799e-06	0.194	283	1423	23.592747387331	0	0.0067592557679216	1446	4.61067924141992e-06	1446	1457	733.5
"HiG_9"	"RTL8C"	0.000358150901191301	"HiG"	0.000108783243730919	0.181	157	961	35.2448372158548	0	0.0273742220407984	1237	1.86727299050467e-05	1237	1421	733.5
"HiG_9"	"RUFY1"	0.000357044616501053	"HiG"	0.00018341490406895	0.172	90.5	967	63.9566570454607	0	0.0401281596669944	1060	2.73725509324655e-05	1060	1142	733.5
"HiG_9"	"RUFY2"	0.000325376497186603	"HiG"	0.00140705372378017	0.179	139.5	1049	47.4088646876685	0	0.0318661070849347	1167	2.17367715449759e-05	1167	1330	733.5
"HiG_9"	"RUFY3"	0.000314205723230459	"HiG"	4.16230624386032e-05	0.171	82.5	1076	28.583035298754	0	0.0278951306754712	1226	1.90280563952737e-05	1226	1449	733.5
"HiG_9"	"RUNX1T1"	0.000706549501159399	"HiG"	0.00675257775001786	0.337	880.5	431	145.670578337559	0	0.144853160268137	421	9.88084312879513e-05	421	175	733.5
"HiG_9"	"RXYLT1"	0.000149237433318364	"HiG"	0.000147404872642457	0.283	779	1443	70.7974447709383	0	0.00859129960096407	1432	5.86036807705598e-06	1432	1041	733.5
"HiG_9"	"RYR2"	0.00118398359237743	"HiG"	0.111262268924649	0.613	1164	177	105.759710460553	0	0.337680768013057	165	0.000230341588003449	165	563	733.5
"HiG_9"	"S100A14"	0.000253372288162441	"HiG"	0.00172538755599306	0.504	1064	1247	95.7040640670136	0	0.0382580821371799	1081	2.60969182381855e-05	1081	676	733.5
"HiG_9"	"S100A16"	0.000597674889839217	"HiG"	0.00622545706776869	0.573	1134	530	109.959791660203	0	0.128364244122465	475	8.75608759361975e-05	475	517	733.5
"HiG_9"	"S100A6"	0.000908149445556211	"HiG"	0.022775932113846	0.68	1251.5	270	129.95054644435	0	0.242861356082014	239	0.000165662589414744	239	321	733.5
"HiG_9"	"SAFB2"	0.000249672817940253	"HiG"	0.000482337734133176	0.206	388	1258	103.230263571077	0	0.0300952943535927	1195	2.05288501729827e-05	1195	585	733.5
"HiG_9"	"SAMD11"	0.000140513144061388	"HiG"	0.000104250178757039	0.224	526	1451	35.3325599844585	0	0.00513777649175848	1455	3.50462243639733e-06	1455	1420	733.5
"HiG_9"	"SAMD3"	0.000177631327063906	"HiG"	0.00234028684185866	0.501	1060	1406	83.6377455124399	0	0.0183857005426493	1341	1.2541405554331e-05	1341	832	733.5
"HiG_9"	"SAT2"	0.000302039420749285	"HiG"	2.94584636490302e-05	0.198	313.5	1110	39.8665769309435	0	0.0281204755986314	1221	1.91817705311265e-05	1221	1395	733.5
"HiG_9"	"SC5D"	0.000357380846643733	"HiG"	0.000176791127563343	0.211	437	963	45.8690191136381	0	0.0411952664484289	1049	2.81004546032939e-05	1049	1349	733.5
"HiG_9"	"SCAPER"	0.000247161223178603	"HiG"	0.000187989661915873	0.198	313.5	1264	83.2204390029423	0	0.0244241189494602	1276	1.66603812752116e-05	1276	845	733.5
"HiG_9"	"SCCPDH"	0.000326867975165082	"HiG"	0.000108103099171741	0.189	232.5	1044	56.1827676965731	0	0.0333621606784143	1146	2.27572719498051e-05	1146	1249	733.5
"HiG_9"	"SCGB3A2"	0.000618562229067274	"HiG"	0.0050013077446351	0.651	1209	505	55.8460465298592	0	0.147188067499769	417	0.000100401137448683	417	1253	733.5
"HiG_9"	"SCNM1"	0.000216247116836453	"HiG"	0.000291185002713559	0.192	264	1331	64.3533199962358	0	0.0195662340043852	1327	1.33466807669749e-05	1327	1133	733.5
"HiG_9"	"SCOC"	0.000264157583478963	"HiG"	0.000153509768442995	0.188	222	1214	55.2514225917103	0	0.0271846336277131	1238	1.85434062944837e-05	1238	1261	733.5
"HiG_9"	"SCP2"	0.000588052047559723	"HiG"	0.000458308490667916	0.219	490.5	540	61.8479753397579	0	0.0842234248294431	652	5.74511765548725e-05	652	1173	733.5
"HiG_9"	"SCRN1"	0.000241131066189263	"HiG"	0.000131780205702226	0.23	567	1280	46.6028701707906	0	0.0179686845403556	1350	1.22569471625891e-05	1350	1338	733.5
"HiG_9"	"SDC2"	0.000543462341506117	"HiG"	0.00838685468644371	0.639	1189.5	597	131.709093039828	0	0.128424286883744	474	8.76018327992798e-05	474	308	733.5
"HiG_9"	"SDC4"	0.00113730103992348	"HiG"	0.031117141206803	0.758	1362.5	191	178.08155412081	0	0.333554453320997	168	0.000227526912224418	168	13	733.5
"HiG_9"	"SDCBP"	0.000756425658292267	"HiG"	0.00540622309134622	0.411	968.5	391	113.92955449595	0	0.158262842163575	397	0.00010795555399971	397	474	733.5
"HiG_9"	"SDCCAG8"	0.000591726023656801	"HiG"	0.00127851362482196	0.171	82.5	534	63.3018723742084	0	0.0857486737472726	639	5.84915919149199e-05	639	1152	733.5
"HiG_9"	"SDF4"	0.000355840789461355	"HiG"	0.00298006071452188	0.462	1025	974	135.933873353867	0	0.0569208477607177	871	3.88273177085387e-05	871	265	733.5
"HiG_9"	"SECISBP2L"	0.000307976829834555	"HiG"	0.000354538514700584	0.175	111.5	1098	78.4166964037377	0	0.0378380149288423	1087	2.58103785326346e-05	1087	911	733.5
"HiG_9"	"SELENOK"	0.000303193448365749	"HiG"	0.000440655842555336	0.225	531.5	1107	65.1211921071109	0	0.0369199667726244	1103	2.51841519594982e-05	1103	1117	733.5
"HiG_9"	"SELENOM"	0.000160464270076489	"HiG"	6.96959755696145e-05	0.246	658.5	1430	44.1240834530135	0	0.00991314743731972	1422	6.76203781536134e-06	1422	1374	733.5
"HiG_9"	"SELENOP"	0.000709000899580762	"HiG"	0.0107820742947162	0.398	955.5	427	117.892829408034	0	0.164795973507455	375	0.000112411987385713	375	438	733.5
"HiG_9"	"SEMA3A"	0.000685740282610894	"HiG"	0.00797488975612507	0.703	1285	443	132.257579714604	0	0.175137273441606	353	0.000119466080110236	353	299	733.5
"HiG_9"	"SEMA3E"	0.000279733087313991	"HiG"	0.00291575308431623	0.66	1223	1167	142.096669047035	0	0.0516738005845702	939	3.52481586525035e-05	939	213	733.5
"HiG_9"	"SEMA6D"	0.000256995642191553	"HiG"	0.000999060123072277	0.498	1056.5	1236	101.067603512781	0	0.0399477981449876	1063	2.72495212448756e-05	1063	609	733.5
"HiG_9"	"SENP7"	0.000369367345973768	"HiG"	0.000237385166155822	0.211	437	928	59.0853159988436	0	0.0466216575757448	988	3.18019492331138e-05	988	1217	733.5
"HiG_9"	"SEPTIN6"	0.000428445679574996	"HiG"	0.00127851786047511	0.235	602.5	796	101.7953891393	0	0.0700732393660152	761	4.77989354474865e-05	761	601	733.5
"HiG_9"	"SEPTIN9"	0.000577069848431179	"HiG"	0.00476760388588289	0.282	776.5	557	112.735340815588	0	0.110312100328962	538	7.52469988601378e-05	538	489	733.5
"HiG_9"	"SERINC1"	0.00037311822969171	"HiG"	0.000330182926248906	0.199	323.5	916	63.3047874247326	0	0.0446501019483524	1009	3.04570954627233e-05	1009	1151	733.5
"HiG_9"	"SERINC3"	0.000338862117271863	"HiG"	0.000269540528547922	0.205	376	1010	64.5937227376344	0	0.0339158478607937	1135	2.31349576130925e-05	1135	1126	733.5
"HiG_9"	"SERINC5"	0.000265265061215986	"HiG"	0.000267446689069627	0.267	737.5	1210	68.935999558683	0	0.0351541044679021	1121	2.3979607413303e-05	1121	1060	733.5
"HiG_9"	"SERPINA1"	0.00158211786081079	"HiG"	0.0184082555809073	0.601	1148	110	108.884864779723	0	0.471750624147318	102	0.000321794423019998	102	530	733.5
"HiG_9"	"SERPINB6"	0.000251027018812612	"HiG"	0.00340628375693061	0.704	1286.5	1255	136.593114040605	0	0.0412786398593465	1045	2.81573259613551e-05	1045	260	733.5
"HiG_9"	"SERPINB9"	0.00036618027502422	"HiG"	0.00359392922367089	0.612	1163	937	130.449888807499	0	0.0712190769491212	756	4.85805436215015e-05	756	319	733.5
"HiG_9"	"SERPINF1"	0.000757706245864074	"HiG"	0.0137742034329439	0.748	1348.5	390	142.434346226071	0	0.209621547589991	292	0.000142988777346515	292	207	733.5
"HiG_9"	"SERPING1"	0.000680393583020157	"HiG"	0.0112358634158408	0.672	1237.5	446	139.786607882111	0	0.163829541016236	376	0.000111752756491293	376	238	733.5
"HiG_9"	"SESN3"	0.000176089346736907	"HiG"	0.000463295219185129	0.376	928.5	1410	119.599643954201	0	0.0185466997281212	1338	1.2651227645376e-05	1338	422	733.5
"HiG_9"	"SETX"	0.000991370866191761	"HiG"	0.00179382848117474	0.193	276	243	91.1212921302407	0	0.176612300318974	350	0.000120472237598209	350	733	733.5
"HiG_9"	"SGMS1"	0.000300326083303237	"HiG"	7.32163734799422e-05	0.266	734.5	1116	29.2523444693782	0	0.0259353679027126	1252	1.76912468640604e-05	1252	1443	733.5
"HiG_9"	"SH3BP5"	0.000266453335763037	"HiG"	0.000661102362328779	0.253	693.5	1204	104.63547630322	0	0.0319515923905844	1166	2.1795083486074e-05	1166	570	733.5
"HiG_9"	"SH3KBP1"	0.00108442485725551	"HiG"	0.0179003524328691	0.306	833.5	206	108.244174532981	0	0.213376553500829	289	0.000145550172920074	289	534	733.5
"HiG_9"	"SHISA3"	0.000204973861017117	"HiG"	0.001831345085501	0.616	1167.5	1352	94.2255577061936	0	0.0242309194208806	1280	1.65285944207917e-05	1280	700	733.5
"HiG_9"	"SHISAL2B"	0.00013261063555794	"HiG"	0.000115752635366577	0.29	796	1455	85.4386942277859	0	0.00654238722141402	1448	4.46274708145567e-06	1448	811	733.5
"HiG_9"	"SHOC2"	0.00044559794946368	"HiG"	0.00793719166099172	0.248	669	762	95.1371906002737	0	0.0769470951504011	712	5.24877865964537e-05	712	687	733.5
"HiG_9"	"SHPRH"	0.000707096272962849	"HiG"	0.000570704807833337	0.195	290.5	429	80.5835195038451	0	0.105890137940469	559	7.2230653438246e-05	559	878	733.5
"HiG_9"	"SHTN1"	0.000434606377699217	"HiG"	0.00132727384756593	0.19	244.5	784	70.7104779134397	0	0.0545164013114059	904	3.71871768836329e-05	904	1043	733.5
"HiG_9"	"SIPA1L2"	0.000297937914982734	"HiG"	0.000313631459264948	0.209	416.5	1121	62.8288058797116	0	0.0343319764281933	1133	2.3418810660432e-05	1133	1158	733.5
"HiG_9"	"SLC25A24"	0.00033686596426383	"HiG"	0.000914687105554237	0.185	196	1013	65.7182770470449	0	0.0427584905194261	1035	2.91667738877395e-05	1035	1111	733.5
"HiG_9"	"SLC25A37"	0.000376356222142923	"HiG"	0.000369200413139795	0.204	366	908	47.2776054186488	0	0.0487706429583097	966	3.3267832850143e-05	966	1331	733.5
"HiG_9"	"SLC2A1"	0.00156769686220175	"HiG"	0.0230345786379054	0.645	1198.5	111	141.068815845616	0	0.418374678790198	120	0.000285385183349385	120	227	733.5
"HiG_9"	"SLC38A2"	0.000312816057271869	"HiG"	0.00117968043743941	0.257	703	1080	107.133083391469	0	0.0455123096059611	996	3.10452316548166e-05	996	549	733.5
"HiG_9"	"SLC39A6"	0.000182768583456943	"HiG"	0.000233025161301077	0.364	920	1395	59.2798904986684	0	0.0182340851365578	1344	1.24379844042004e-05	1344	1213	733.5
"HiG_9"	"SLC39A7"	0.000245617823503727	"HiG"	0.0012332131314998	0.257	703	1267	82.8310643515728	0	0.0333234486379439	1147	2.2730865373768e-05	1147	849	733.5
"HiG_9"	"SLC40A1"	0.000555800508595324	"HiG"	0.0179603169441037	0.454	1012	581	104.586750670143	0	0.114983019083534	517	7.84331644498865e-05	517	571	733.5
"HiG_9"	"SLC5A3"	0.000189929580905817	"HiG"	0.000157793790916989	0.192	264	1376	73.1589857010857	0	0.015569642145094	1380	1.06204925955621e-05	1380	1001	733.5
"HiG_9"	"SLC7A2"	0.000320598626950435	"HiG"	0.00100365083369942	0.304	830	1059	76.0336969597229	0	0.0469752977650527	985	3.20431771930782e-05	985	951	733.5
"HiG_9"	"SLC8A1"	0.000905013493856935	"HiG"	0.151615169676724	0.711	1298	273	118.325308668984	0	0.288794567282745	201	0.00019699492993366	201	436	733.5
"HiG_9"	"SLC9A3R1"	0.000750426643575852	"HiG"	0.0044800202427053	0.308	839	400	97.3957493864053	0	0.149182077014462	412	0.000101761307649701	412	654	733.5
"HiG_9"	"SLF2"	0.000315011144972327	"HiG"	7.44621018058585e-05	0.161	29.5	1073	49.0638689188102	0	0.0302452877626169	1193	2.06311649131084e-05	1193	1313	733.5
"HiG_9"	"SLIT2"	0.00130218949525184	"HiG"	0.0282806419002305	0.705	1289	154	154.997348035849	0	0.360393305745694	152	0.000245834451395426	152	96	733.5
"HiG_9"	"SLIT3"	0.000920788824180443	"HiG"	0.0141430412163261	0.676	1243.5	266	136.865368654406	0	0.231785143772436	260	0.000158107192204936	260	257	733.5
"HiG_9"	"SLITRK5"	0.000218087072866449	"HiG"	0.000331900150734107	0.367	921	1327	91.017879739346	0	0.025149698345469	1269	1.71553194716705e-05	1269	737	733.5
"HiG_9"	"SLN"	0.000562949800987206	"HiG"	0.0680653790323831	0.721	1311.5	571	112.478670904917	0	0.162539085457733	379	0.000110872500312233	379	492	733.5
"HiG_9"	"SMARCB1"	0.0010494093909776	"HiG"	0.0110571218435278	0.333	875.5	219	121.963282453461	0	0.229789976651699	264	0.000156746232368144	264	408	733.5
"HiG_9"	"SMARCE1"	0.000545014487787588	"HiG"	0.00196376222948533	0.259	708	593	107.587352208564	0	0.103687101430349	570	7.07279000207017e-05	570	545	733.5
"HiG_9"	"SMC5"	0.000620316298059024	"HiG"	0.00274335925941784	0.198	313.5	501	88.6801356358798	0	0.101493621989609	574	6.92316657500742e-05	574	764	733.5
"HiG_9"	"SMDT1"	0.000333600365742084	"HiG"	0.000351299565294366	0.201	343.5	1027	45.1732961296433	0	0.0365856363727123	1106	2.49560957521912e-05	1106	1360	733.5
"HiG_9"	"SMIM7"	0.00033347556110812	"HiG"	1.77926981827742e-05	0.131	1	1028	30.3133001964348	0	0.0223162359951129	1303	1.52225347852066e-05	1303	1441	733.5
"HiG_9"	"SMOC2"	0.000565000405266147	"HiG"	0.00981484918958263	0.678	1247	569	121.976213386648	0	0.12999568891987	468	8.86737305046859e-05	468	407	733.5
"HiG_9"	"SMPX"	0.00110482734832442	"HiG"	0.203520539336048	0.644	1196.5	200	102.038703281326	0	0.362819827671712	148	0.000247489650526407	148	597	733.5
"HiG_9"	"SNAI2"	0.00139848993146837	"HiG"	0.0343623746073955	0.79	1409	137	154.332005512957	0	0.404050341506432	128	0.000275614148367279	128	102	733.5
"HiG_9"	"SNAP23"	0.000826277417015594	"HiG"	0.0119895665764498	0.245	651.5	328	96.7359120756476	0	0.158547905045562	395	0.00010815000344172	395	666	733.5
"HiG_9"	"SNAP29"	0.00074208045161949	"HiG"	0.00137017313588357	0.204	366	405	70.9317821581372	0	0.125794104759193	491	8.58077112954931e-05	491	1039	733.5
"HiG_9"	"SNAPIN"	0.00063055486812438	"HiG"	0.00100698729444086	0.213	450	487	62.7798343318215	0	0.084396762315833	649	5.75694149494086e-05	649	1161	733.5
"HiG_9"	"SNCA"	0.00141084462387782	"HiG"	0.0101496717840052	0.358	908.5	132	117.617044566103	0	0.314030917056257	184	0.000214209356791444	184	441	733.5
"HiG_9"	"SNCAIP"	0.000373965754470193	"HiG"	0.000670066662261708	0.244	647.5	912	91.25971357586	0	0.0539287159379501	910	3.67863000940996e-05	910	731	733.5
"HiG_9"	"SND1"	0.000540345854136073	"HiG"	0.00270082715435289	0.236	612.5	604	128.288375329846	0	0.0948347998126301	604	6.4689495097292e-05	604	340	733.5
"HiG_9"	"SNRNP27"	0.000504815660353131	"HiG"	0.000364695593983001	0.186	206.5	654	57.9344781930242	0	0.063321504862345	804	4.31933866728138e-05	804	1235	733.5
"HiG_9"	"SNRNP48"	0.000443670987360969	"HiG"	0.000116724567222695	0.188	222	768	49.8242169280536	0	0.0490249779313286	962	3.34413219176867e-05	962	1308	733.5
"HiG_9"	"SORBS2"	0.000584925800011719	"HiG"	0.0493979383922351	0.493	1053	549	110.354160757092	0	0.138043835771229	444	9.41635987525434e-05	444	511	733.5
"HiG_9"	"SOST"	0.00050411224738975	"HiG"	0.00924028562930271	0.727	1320	656	164.858802331905	0	0.120178105095184	503	8.19768793282292e-05	503	45	733.5
"HiG_9"	"SOX11"	0.00100238223020213	"HiG"	0.0173808074218999	0.691	1267.5	236	166.375336323763	0	0.271791245712552	211	0.000185396484114974	211	39	733.5
"HiG_9"	"SOX6"	0.00100682484142491	"HiG"	0.0385430560952548	0.732	1330	232	153.1367571598	0	0.270516891319197	214	0.000184527210995359	214	114	733.5
"HiG_9"	"SPA17"	0.000307359091141622	"HiG"	0.000176594194440677	0.179	139.5	1099	48.9069084460993	0	0.0302633281111995	1192	2.0643470744338e-05	1192	1314	733.5
"HiG_9"	"SPAG16"	0.000218907088921494	"HiG"	8.54251570018519e-05	0.208	409.5	1323	61.4011620337479	0	0.0152945769402192	1383	1.04328628514456e-05	1383	1182	733.5
"HiG_9"	"SPAG7"	0.000173893061173933	"HiG"	7.87692721905175e-07	0.156	11.5	1413	16.2601689760494	0	0.0052798097071217	1454	3.60150730363008e-06	1454	1466	733.5
"HiG_9"	"SPAG9"	0.000471331817562816	"HiG"	0.00187619163493184	0.188	222	705	98.4315406276848	0	0.0628792141303164	810	4.28916876741585e-05	810	642	733.5
"HiG_9"	"SPATA7"	0.000314672821658393	"HiG"	0.00041879789055499	0.199	323.5	1074	67.6960028783482	0	0.0404738103149959	1053	2.76083290006793e-05	1053	1080	733.5
"HiG_9"	"SPATS2"	0.000152835716620237	"HiG"	5.78894923248526e-05	0.195	290.5	1439	50.1104768304368	0	0.00886640909125867	1429	6.04802802950796e-06	1429	1306	733.5
"HiG_9"	"SPCS2"	0.000525498556508195	"HiG"	0.00381994354047491	0.214	459.5	625	61.6299543349873	0	0.0964241688307877	596	6.57736485885318e-05	596	1176	733.5
"HiG_9"	"SPG7"	0.000599780547456372	"HiG"	0.00190858210074859	0.204	366	526	81.9608777144248	0	0.106009612710409	558	7.23121505528029e-05	558	863	733.5
"HiG_9"	"SPINK1"	0.000290597778564113	"HiG"	0.00315805821594934	0.562	1122	1134	114.165004751547	0	0.0595812246325689	843	4.06420359021616e-05	843	471	733.5
"HiG_9"	"SPOCK3"	0.000285870565714718	"HiG"	0.000358410873284074	0.401	959	1152	56.0191447454081	0	0.0377180283319844	1091	2.57285322864832e-05	1091	1250	733.5
"HiG_9"	"SPOP"	0.000620173146577505	"HiG"	0.00274862178213712	0.273	756	502	97.471847862142	0	0.109554310052019	541	7.4730088712155e-05	541	653	733.5
"HiG_9"	"SPP1"	0.00220319850432265	"HiG"	0.0562167179320118	0.792	1414	55	153.679744068827	0	0.673363478498176	54	0.00045932024454173	54	110	733.5
"HiG_9"	"SPRR2F"	0.00015545622278191	"HiG"	0.000868746861815644	0.745	1343	1435	70.8632701369138	0	0.014731990899997	1387	1.00491070259188e-05	1387	1040	733.5
"HiG_9"	"SPRY1"	0.00038997718907651	"HiG"	0.00505129232660127	0.656	1215	881	152.778060334905	0	0.0829613668579024	663	5.65902911718297e-05	663	118	733.5
"HiG_9"	"SPTY2D1"	0.000280520480961532	"HiG"	0.00327990093263782	0.166	47.5	1165	55.7560022686398	0	0.0311089459696914	1180	2.1220290565956e-05	1180	1255	733.5
"HiG_9"	"SPX"	0.000210174257979867	"HiG"	0.000254497253100433	0.329	872.5	1342	61.5596824452042	0	0.0161357820995856	1374	1.10066726463749e-05	1374	1177	733.5
"HiG_9"	"SQSTM1"	0.0016307619810734	"HiG"	0.0158563599223402	0.309	841	103	114.525476029001	0	0.361143025744582	150	0.000246345856578841	150	468	733.5
"HiG_9"	"SRPRA"	0.000628542253545161	"HiG"	0.00684081445345945	0.226	539.5	491	85.446543594132	0	0.135196057650548	454	9.22210488748625e-05	454	810	733.5
"HiG_9"	"SRSF1"	0.00162876498591291	"HiG"	0.0075964264424623	0.211	437	104	101.38334735159	0	0.327855475715031	176	0.000223639478659639	176	606	733.5
"HiG_9"	"SRSF6"	0.000852092276609332	"HiG"	0.00425013895271362	0.225	531.5	313	126.409191947734	0	0.160595056419263	387	0.0001095464232055	387	363	733.5
"HiG_9"	"SSBP2"	0.000335063035465264	"HiG"	0.0012292139235685	0.351	901.5	1021	72.8630162201105	0	0.0393169642018631	1070	2.68192115974509e-05	1070	1008	733.5
"HiG_9"	"SSBP3"	0.000293455174087556	"HiG"	0.00143540795938643	0.432	992.5	1130	74.3398092728866	0	0.0360359310108996	1112	2.45811262011594e-05	1112	978	733.5
"HiG_9"	"SST"	0.00147705229887456	"HiG"	0.016795274806609	0.65	1207	125	113.241284004929	0	0.423597344608891	116	0.000288947711192968	116	482	733.5
"HiG_9"	"SSX2IP"	0.000567798811695696	"HiG"	0.00537510641532009	0.2	334.5	567	64.9296828476997	0	0.0835085562501111	659	5.69635445089435e-05	659	1120	733.5
"HiG_9"	"ST3GAL1"	0.000234670327792465	"HiG"	0.0021793539884069	0.417	975	1297	105.227534318058	0	0.026610498813428	1245	1.815177272403e-05	1245	566	733.5
"HiG_9"	"STAM"	0.000483713287853325	"HiG"	0.0024277883315265	0.262	723	687	75.463957998288	0	0.0800572274969055	684	5.46092957004813e-05	684	959	733.5
"HiG_9"	"STARD3NL"	0.000271036306589295	"HiG"	8.83290273151277e-05	0.186	206.5	1189	41.1868649873932	0	0.0257997674436383	1254	1.75987499615541e-05	1254	1389	733.5
"HiG_9"	"STAU2"	0.000325708690505078	"HiG"	0.000329524301705843	0.167	51.5	1047	80.7695752801457	0	0.0399486837376141	1062	2.72501253326154e-05	1062	874	733.5
"HiG_9"	"STC1"	0.000447662977483446	"HiG"	0.00627998616229968	0.671	1235	757	146.235584141479	0	0.0959092404919154	598	6.54224014269546e-05	598	170	733.5
"HiG_9"	"STK3"	0.000260773069355376	"HiG"	0.00034844143080256	0.211	437	1225	131.445419469323	0	0.0319780329786782	1165	2.18131193578978e-05	1165	313	733.5
"HiG_9"	"STMN2"	0.00068534993008541	"HiG"	0.00530891758257329	0.354	904.5	444	99.2687526948641	0	0.134867511240157	456	9.1996938090148e-05	456	631	733.5
"HiG_9"	"STRN3"	0.000417711723200872	"HiG"	0.00171427207743622	0.235	602.5	809	83.3108010431515	0	0.056724820912685	873	3.8693602259676e-05	873	844	733.5
"HiG_9"	"STX17"	0.000578470662109207	"HiG"	0.000631610985061813	0.209	416.5	554	73.4132168521322	0	0.0931249995908059	616	6.35231920810408e-05	616	996	733.5
"HiG_9"	"STX18"	0.000730807412217567	"HiG"	0.00127131143463195	0.203	355.5	412	63.281408125789	0	0.125330279009259	494	8.54913226529734e-05	494	1154	733.5
"HiG_9"	"STX8"	0.000448998858841919	"HiG"	0.000548974964295248	0.186	206.5	756	53.3634410877028	0	0.058692758077553	853	4.00359877745928e-05	853	1280	733.5
"HiG_9"	"SUCLA2"	0.00070472891800829	"HiG"	0.00436785455892408	0.206	388	432	78.939342703518	0	0.119434125570794	504	8.146938988458e-05	504	901	733.5
"HiG_9"	"SUCO"	0.000414691744134027	"HiG"	0.0111451695812982	0.353	903	815	128.590088922214	0	0.073766921820664	732	5.03185005597981e-05	732	338	733.5
"HiG_9"	"SULF1"	0.000781826290178819	"HiG"	0.0141915078883866	0.635	1186	367	129.431299894964	0	0.188430320651506	326	0.000128533643009213	326	328	733.5
"HiG_9"	"SVBP"	0.000181850886489543	"HiG"	0.000172607241897941	0.276	760.5	1396	61.0469242368864	0	0.0110525991772633	1416	7.53929002541837e-06	1416	1187	733.5
"HiG_9"	"SVIL"	0.000519770514212732	"HiG"	0.0139598223932686	0.485	1042	633	116.441329505869	0	0.112358166685515	529	7.66426785030801e-05	529	450	733.5
"HiG_9"	"SWAP70"	0.000268674957992599	"HiG"	0.00058199490161664	0.285	784.5	1195	72.3058397831818	0	0.029041214593045	1206	1.98098326009857e-05	1206	1018	733.5
"HiG_9"	"SYNC"	0.000227463846473104	"HiG"	0.005006800087959	0.387	945	1308	97.0377581487388	0	0.0308817598151986	1184	2.10653204742146e-05	1184	660	733.5
"HiG_9"	"SYNPO2L"	0.000544372004061652	"HiG"	0.0742057732857515	0.672	1237.5	595	100.70118309545	0	0.154948196483472	403	0.000105694540575356	403	613	733.5
"HiG_9"	"SYNRG"	0.000342564734205158	"HiG"	0.000345254832928082	0.201	343.5	999	66.5049738826143	0	0.0480799586092196	968	3.27966975506273e-05	968	1102	733.5
"HiG_9"	"SYT1"	0.000783217139171729	"HiG"	0.00504997482464306	0.329	872.5	366	91.1141288364685	0	0.158512057531964	396	0.000108125550840358	396	734	733.5
"HiG_9"	"SYT10"	0.000333826146671885	"HiG"	0.00102218423495791	0.319	858	1026	75.2063266030518	0	0.0517379701847396	937	3.52919305489356e-05	937	962	733.5
"HiG_9"	"SYTL5"	0.000214432004616629	"HiG"	7.20301889255069e-05	0.192	264	1336	44.2800094373666	0	0.0177438171854254	1355	1.21035587895125e-05	1355	1372	733.5
"HiG_9"	"TACC2"	0.00054186347367095	"HiG"	0.00117331193647167	0.186	206.5	600	72.7530698224975	0	0.0800666897327706	683	5.46157501587794e-05	683	1012	733.5
"HiG_9"	"TAF11"	0.00041464844868855	"HiG"	0.000124414692486442	0.225	531.5	816	46.246975429521	0	0.0522332635992608	929	3.56297841741206e-05	929	1347	733.5
"HiG_9"	"TAGLN2"	0.000931916285175701	"HiG"	0.0524336240591452	0.728	1322.5	264	152.615765867649	0	0.260594126982256	224	0.000177758613221184	224	121	733.5
"HiG_9"	"TANK"	0.000458891663479508	"HiG"	0.000797427861308651	0.24	635	730	90.555345985105	0	0.0692218795258684	766	4.72181988580276e-05	766	748	733.5
"HiG_9"	"TAOK1"	0.000382445382464976	"HiG"	0.000898323702104626	0.205	376	894	90.6460283625744	0	0.0546285289995746	902	3.7263662346231e-05	902	746	733.5
"HiG_9"	"TAOK3"	0.00026408527432976	"HiG"	0.000207293323116662	0.232	582	1215	81.0282388950924	0	0.0290274877362168	1207	1.98004691242952e-05	1207	873	733.5
"HiG_9"	"TARSL2"	0.000213983905187946	"HiG"	0.00105854323278497	0.221	506.5	1339	135.617603281165	0	0.0249427655834716	1273	1.70141647909083e-05	1273	270	733.5
"HiG_9"	"TBC1D15"	0.000529056824994811	"HiG"	0.000329127593663278	0.184	188.5	619	70.7301993226071	0	0.0786322893047101	698	5.36373051191747e-05	698	1042	733.5
"HiG_9"	"TBL1XR1"	0.000649973675878875	"HiG"	0.00719001015277728	0.278	765	474	174.508873617222	0	0.128863206406483	472	8.79012322008753e-05	472	19	733.5
"HiG_9"	"TBRG1"	0.000203003934011727	"HiG"	0.000467125236413264	0.302	825	1359	94.295619982133	0	0.0218079071410639	1309	1.48757893185975e-05	1309	698	733.5
"HiG_9"	"TBX3"	0.00081713905136356	"HiG"	0.0308039238220546	0.77	1380	340	131.545261757249	0	0.222132971093211	274	0.000151523172642026	274	311	733.5
"HiG_9"	"TBX5"	0.00133907310913893	"HiG"	0.109580951386854	0.801	1435.5	150	144.405455936178	0	0.420272452160977	119	0.00028667970815892	119	192	733.5
"HiG_9"	"TBXT"	0.00156724416142118	"HiG"	0.0271770805570891	0.732	1330	112	126.621066689054	0	0.477405631366384	101	0.000325651863142144	101	357	733.5
"HiG_9"	"TCEA3"	0.000454745646388645	"HiG"	0.000548946620244001	0.227	548	740	68.6710077923666	0	0.0647672594309311	789	4.41795766923131e-05	789	1062	733.5
"HiG_9"	"TCEAL1"	0.000395441055874197	"HiG"	0.000428812758327111	0.209	416.5	862	57.4385090273556	0	0.039177625846024	1071	2.67241649700027e-05	1071	1240	733.5
"HiG_9"	"TCEAL2"	0.000300257311409037	"HiG"	0.00183155800614726	0.261	716	1117	64.0894387998547	0	0.0336651407635425	1137	2.29639432220618e-05	1137	1138	733.5
"HiG_9"	"TCEAL3"	0.000364451631661469	"HiG"	3.41040035962597e-05	0.19	244.5	941	23.5336612118165	0	0.0288814141846744	1209	1.97008282296551e-05	1209	1458	733.5
"HiG_9"	"TCEAL5"	0.000357162481608892	"HiG"	0.000145760838207303	0.213	450	966	33.8799289706644	0	0.0308008888834991	1185	2.10101561278984e-05	1185	1425	733.5
"HiG_9"	"TCEAL7"	0.000371849474860281	"HiG"	0.000263403717347763	0.221	506.5	921	47.464290826206	0	0.0315059105141103	1170	2.14910712920261e-05	1170	1329	733.5
"HiG_9"	"TCEAL9"	0.000334716235523178	"HiG"	0.000128089321643383	0.212	445.5	1023	32.8956102212687	0	0.0268674934936659	1242	1.83270760529781e-05	1242	1432	733.5
"HiG_9"	"TCF7L2"	0.00111770795330416	"HiG"	0.0149491991672342	0.608	1157.5	196	163.18412716744	0	0.276704700161391	206	0.000188748090151017	206	52	733.5
"HiG_9"	"TCHP"	0.000814406360509348	"HiG"	0.00928402456713681	0.399	957.5	343	144.363082722844	0	0.174299847479755	356	0.000118894848212657	356	194	733.5
"HiG_9"	"TCTEX1D2"	0.000272078996839034	"HiG"	0.000156507911077691	0.172	90.5	1183	51.1144309632872	0	0.0286872103364341	1213	1.95683563004325e-05	1213	1300	733.5
"HiG_9"	"TEAD1"	0.000805510301882731	"HiG"	0.0236869539958331	0.708	1295	347	145.817250174598	0	0.203103222214041	298	0.000138542443529359	298	172	733.5
"HiG_9"	"TECRL"	0.000328095169388899	"HiG"	0.0358736565840629	0.564	1124.5	1042	93.69752632153	0	0.0724286327036302	745	4.94056157596386e-05	745	706	733.5
"HiG_9"	"TERF2IP"	0.000562190106858172	"HiG"	0.00120691804621066	0.247	664	572	95.3638983123222	0	0.0923741509661746	620	6.30110170301327e-05	620	681	733.5
"HiG_9"	"TES"	0.000544893246469485	"HiG"	0.0156138422943992	0.55	1112	594	119.169233244187	0	0.11753922590652	510	8.01768253114049e-05	510	429	733.5
"HiG_9"	"TF"	0.000331014859932947	"HiG"	0.00542283800618976	0.649	1205.5	1033	137.14073396891	0	0.0679523850016136	774	4.63522407923694e-05	774	255	733.5
"HiG_9"	"TFG"	0.00052112251540271	"HiG"	0.00476504449085921	0.268	739.5	632	131.473690221547	0	0.093890717705876	611	6.40455100312933e-05	611	312	733.5
"HiG_9"	"TFPI"	0.000769821668676629	"HiG"	0.00826347768003357	0.545	1105	382	134.18822879898	0	0.172822310545092	360	0.000117886978543719	360	285	733.5
"HiG_9"	"TFPI2"	0.000856972899193523	"HiG"	0.0133343468198696	0.642	1195	309	123.513604277439	0	0.219038502050719	278	0.000149412347919999	278	388	733.5
"HiG_9"	"TGFB2"	0.0016659626294467	"HiG"	0.052536514296668	0.792	1414	97	154.910906395337	0	0.496635862034498	91	0.000338769346544678	91	97	733.5
"HiG_9"	"TGFBI"	0.00178743525667919	"HiG"	0.0602800932637888	0.803	1441	81	163.278352421969	0	0.555036084154668	73	0.000378605787281492	73	51	733.5
"HiG_9"	"TGFBR3"	0.00135646833017255	"HiG"	0.042008720191306	0.767	1374	145	159.1274497269	0	0.396749665049272	135	0.000270634150783951	135	69	733.5
"HiG_9"	"THBS1"	0.00264496226247853	"HiG"	0.080090019575942	0.795	1423	43	137.179112592772	0	0.79466846837228	41	0.000542065803801009	41	254	733.5
"HiG_9"	"THG1L"	0.000191805446667705	"HiG"	0.000239313411307636	0.176	122	1374	52.1924567850543	0	0.0135843237969396	1394	9.2662508846791e-06	1394	1293	733.5
"HiG_9"	"THOC1"	0.000558882745012974	"HiG"	0.00193525494061454	0.199	323.5	576	63.9573883234254	0	0.0801286793505337	682	5.46580350276492e-05	682	1141	733.5
"HiG_9"	"TIMM17B"	0.000431088506117573	"HiG"	0.000409229861696716	0.176	122	786	55.4169185813477	0	0.0444144096744567	1012	3.02963231067235e-05	1012	1257	733.5
"HiG_9"	"TIMP3"	0.00172902324976815	"HiG"	0.0550620206293573	0.794	1421	89	155.982116068908	0	0.519348404819212	83	0.000354262213382819	83	87	733.5
"HiG_9"	"TIPARP"	0.000244490963599543	"HiG"	0.000884066277670293	0.524	1085.5	1273	134.994194549933	0	0.0329797403009449	1149	2.249641221074e-05	1149	275	733.5
"HiG_9"	"TIPRL"	0.000435549889653638	"HiG"	0.000388154995388774	0.181	157	782	58.3248395339558	0	0.0540430406468958	908	3.68642842066138e-05	908	1227	733.5
"HiG_9"	"TLE4"	0.000304699021112089	"HiG"	0.00165386392517229	0.519	1078.5	1104	114.311137733048	0	0.050994768025745	945	3.47849713681753e-05	945	470	733.5
"HiG_9"	"TLE5"	0.000245496089763423	"HiG"	0.000759533999388257	0.508	1071.5	1269	104.84662665025	0	0.0320397241664452	1162	2.18552006592396e-05	1162	568	733.5
"HiG_9"	"TLN2"	0.00103627924775648	"HiG"	0.0365160757960507	0.657	1217	222	128.786792560717	0	0.269783867997416	215	0.000184027195086914	215	334	733.5
"HiG_9"	"TM2D1"	0.000329885894836931	"HiG"	0.000133129266475705	0.154	7	1039	42.3910415316914	0	0.0306828199207045	1188	2.09296179540959e-05	1188	1384	733.5
"HiG_9"	"TM4SF1"	0.000335895697971247	"HiG"	0.00376760138818182	0.571	1132	1018	120.025642399546	0	0.058655332667449	854	4.00104588454632e-05	854	418	733.5
"HiG_9"	"TMA7"	0.000957894413974537	"HiG"	0.0153073184908315	0.229	559.5	256	64.6377077728112	0	0.247805449480828	233	0.000169035095143812	233	1125	733.5
"HiG_9"	"TMEM106B"	0.000286471634653501	"HiG"	0.000285871725593646	0.206	388	1151	70.1271478402675	0	0.0335192896281574	1141	2.28644540437636e-05	1141	1050	733.5
"HiG_9"	"TMEM141"	0.000207720389457605	"HiG"	9.60125505841177e-06	0.171	82.5	1347	26.0098724179404	0	0.00939827958578874	1426	6.41083191390774e-06	1426	1454	733.5
"HiG_9"	"TMEM179B"	0.000295331089404075	"HiG"	0.00143443259626392	0.211	437	1126	79.809960621514	0	0.0434111987795486	1026	2.96120046245215e-05	1026	890	733.5
"HiG_9"	"TMEM18"	0.000253891744903245	"HiG"	0.000246292617269042	0.208	409.5	1245	55.8065355429267	0	0.0270324146764793	1239	1.84395734491674e-05	1239	1254	733.5
"HiG_9"	"TMEM219"	0.00018973113489159	"HiG"	0.00156092019803126	0.583	1140	1377	146.206333302509	0	0.0235510198334957	1290	1.60648157117979e-05	1290	171	733.5
"HiG_9"	"TMEM230"	0.00025695889779552	"HiG"	8.21639339147256e-05	0.192	264	1237	52.916483654212	0	0.0257179802413325	1256	1.75429606011818e-05	1256	1285	733.5
"HiG_9"	"TMEM263"	0.000197747295068056	"HiG"	0.000328413099548594	0.25	680	1365	65.9804242857293	0	0.0167341258406474	1368	1.14148198094457e-05	1368	1108	733.5
"HiG_9"	"TMEM30A"	0.000268043132202204	"HiG"	0.000246485932490777	0.186	206.5	1199	67.0010035566455	0	0.02750981637972	1232	1.8765222632824e-05	1232	1090	733.5
"HiG_9"	"TMEM59"	0.000715491425608771	"HiG"	0.00304223835553536	0.219	490.5	424	74.6694767233593	0	0.124814121729437	496	8.51392371960691e-05	496	972	733.5
"HiG_9"	"TMEM87A"	0.000163647062175748	"HiG"	3.04871579422949e-05	0.2	334.5	1427	60.0097710885558	0	0.011251811391699	1415	7.67517830265961e-06	1415	1206	733.5
"HiG_9"	"TMEM88"	0.000337512495115552	"HiG"	0.00936840236307518	0.579	1138	1011	126.321740701203	0	0.0615635123149618	825	4.19942103103423e-05	825	364	733.5
"HiG_9"	"TMEM98"	0.000301498399486843	"HiG"	0.000141102905923334	0.34	886.5	1113	31.870953206503	0	0.0350868645767405	1123	2.39337411846798e-05	1123	1436	733.5
"HiG_9"	"TMX4"	0.000339522101485212	"HiG"	0.000252086990738624	0.187	215.5	1009	53.6978806407085	0	0.04037939781395	1055	2.75439275674966e-05	1055	1274	733.5
"HiG_9"	"TNC"	0.000536586664664255	"HiG"	0.0146791831642587	0.761	1367.5	610	169.977010407061	0	0.139400606338924	438	9.50890902721172e-05	438	30	733.5
"HiG_9"	"TNFAIP8"	0.000148463305685106	"HiG"	0.000323220943270914	0.297	813.5	1445	146.464568954957	0	0.00702926585687701	1443	4.79486074821079e-06	1443	168	733.5
"HiG_9"	"TNFRSF11B"	0.000586958633025799	"HiG"	0.0116058252524972	0.729	1325.5	543	157.004565886185	0	0.139970522590333	437	9.54778462417003e-05	437	79	733.5
"HiG_9"	"TNFRSF12A"	0.000773798835894816	"HiG"	0.0226112648073813	0.728	1322.5	377	169.777459743044	0	0.212037483654726	290	0.000144636755562569	290	31	733.5
"HiG_9"	"TNNC1"	0.00136817537193925	"HiG"	0.335409858254972	0.719	1308	142	122.803807576629	0	0.494094297240677	94	0.000337035673424746	94	395	733.5
"HiG_9"	"TNNI1"	0.0029211388460997	"HiG"	0.683535376065847	0.721	1311.5	38	121.822583775312	0	1.09024033780607	22	0.000743683722923647	22	410	733.5
"HiG_9"	"TNNI3"	0.001152174166317	"HiG"	0.127619326461198	0.769	1377	187	141.017119946536	0	0.360833226890259	151	0.000246134534031555	151	228	733.5
"HiG_9"	"TNNT2"	0.00446464517991376	"HiG"	0.821592619565233	0.752	1354	11	122.983122875877	0	1.64887124604058	6	0.00112474164122823	6	391	733.5
"HiG_9"	"TNRC6A"	0.000655116037861037	"HiG"	0.00132199371913732	0.228	554.5	463	91.0746111998445	0	0.11475861879342	519	7.8280094674911e-05	519	735	733.5
"HiG_9"	"TNRC6B"	0.000484569022002466	"HiG"	0.000992358808967291	0.206	388	684	109.77438391563	0	0.078697803525126	697	5.36819942190491e-05	697	518	733.5
"HiG_9"	"TOMM5"	0.000404578997126025	"HiG"	0.000684475203890067	0.211	437	844	47.2361528277285	0	0.0556356624363286	888	3.7950656504999e-05	888	1332	733.5
"HiG_9"	"TOP2B"	0.000973054798490653	"HiG"	0.0045434339957503	0.231	574.5	249	103.508696147991	0	0.187987781129118	328	0.000128231774303628	328	581	733.5
"HiG_9"	"TOR1AIP2"	0.000246631012193082	"HiG"	0.000245197269346931	0.191	253	1265	53.790361177391	0	0.0203193311862154	1321	1.38603896222479e-05	1321	1273	733.5
"HiG_9"	"TOX4"	0.000330838287470945	"HiG"	0.000596227802613927	0.16	24.5	1034	60.9705547076546	0	0.0376355392387582	1094	2.56722641464927e-05	1094	1188	733.5
"HiG_9"	"TP53BP1"	0.0013355067778086	"HiG"	0.00412632101750408	0.237	620.5	151	109.553608211512	0	0.259862263039002	228	0.000177259388157573	228	521	733.5
"HiG_9"	"TP53BP2"	0.000401196821606502	"HiG"	0.00371123363533839	0.398	955.5	848	141.092743295324	0	0.0750312623561167	723	5.11809429441451e-05	723	225	733.5
"HiG_9"	"TP53I11"	0.000174088272659581	"HiG"	0.000124948810583518	0.304	830	1411	85.9107954266088	0	0.014212524147974	1391	9.69476408456614e-06	1391	801	733.5
"HiG_9"	"TPM1"	0.00471433982358606	"HiG"	0.65800288180351	0.729	1325.5	8	123.610410097535	0	1.59179616039086	8	0.00108580911349991	8	385	733.5
"HiG_9"	"TRA2A"	0.000903910073805352	"HiG"	0.00363647809344147	0.208	409.5	276	110.271117300315	0	0.16089204268451	386	0.00010974900592395	386	512	733.5
"HiG_9"	"TRAF3IP1"	0.000670449117255357	"HiG"	0.00481389341085706	0.198	313.5	453	63.4161313807777	0	0.103381949583293	571	7.05197473283034e-05	571	1149	733.5
"HiG_9"	"TRAF5"	0.000284327791812352	"HiG"	0.000664947609603086	0.342	890.5	1158	95.4003704861913	0	0.0425380286120379	1036	2.90163905948417e-05	1036	678	733.5
"HiG_9"	"TRAPPC1"	0.0003601319001802	"HiG"	0.00061928157331208	0.183	180	953	62.4693881709377	0	0.0455452306016805	995	3.10676879956893e-05	995	1167	733.5
"HiG_9"	"TRDN"	0.00131838556477211	"HiG"	0.221128332224026	0.641	1194	152	106.836507612386	0	0.431159659976344	112	0.000294106180065719	112	553	733.5
"HiG_9"	"TRH"	0.000412658044196465	"HiG"	0.00310468267097237	0.577	1135	824	85.5679860724395	0	0.0789097342590994	694	5.38265581576394e-05	694	809	733.5
"HiG_9"	"TRIM44"	0.000317774091944471	"HiG"	0.000796114421800767	0.17	73.5	1066	88.0886089415482	0	0.0334809254189821	1144	2.28382847332756e-05	1144	769	733.5
"HiG_9"	"TRIM5"	0.000522564584192911	"HiG"	0.00109782360398356	0.251	685	629	75.621378429952	0	0.0827261637444708	666	5.64298524859965e-05	666	956	733.5
"HiG_9"	"TRIM55"	0.000843140745362683	"HiG"	0.1276228483494	0.548	1110.5	318	123.626138111314	0	0.229244765631649	266	0.000156374328534549	266	384	733.5
"HiG_9"	"TRIM71"	0.000333347999503536	"HiG"	0.00191684258019583	0.323	865	1029	154.334685310814	0	0.053819379456469	914	3.67117185924073e-05	914	100	733.5
"HiG_9"	"TRIOBP"	0.000251301651778389	"HiG"	0.00186531125210911	0.281	773.5	1250	93.8456834809483	0	0.0325374462567648	1153	2.21947109527727e-05	1153	703	733.5
"HiG_9"	"TRIP12"	0.00108131971998647	"HiG"	0.00152962732168897	0.183	180	208	74.1129387289005	0	0.180673780007727	340	0.000123242687590537	340	981	733.5
"HiG_9"	"TRMT13"	0.000451740735388849	"HiG"	2.63658717897993e-05	0.155	9	750	38.9436468827133	0	0.0452967027151328	1001	3.08981601058204e-05	1001	1403	733.5
"HiG_9"	"TRMT6"	0.000372637981876136	"HiG"	0.000399322243507425	0.186	206.5	919	69.5087167377754	0	0.0470695062304176	981	3.2107439447761e-05	981	1055	733.5
"HiG_9"	"TRPM7"	0.000372884174117197	"HiG"	0.00213978376430162	0.24	635	918	122.8797831229	0	0.0568275777083425	872	3.87636955718571e-05	872	392	733.5
"HiG_9"	"TSC1"	0.000863780886258751	"HiG"	0.0101089684659824	0.266	734.5	304	125.476306164645	0	0.185282063351737	329	0.000126386127797911	329	370	733.5
"HiG_9"	"TSC22D1"	0.000410986570589824	"HiG"	0.00327676128496882	0.448	1005	830	85.7290532646146	0	0.0615486199907589	826	4.19840518354427e-05	826	807	733.5
"HiG_9"	"TSC22D3"	0.000413048670625742	"HiG"	0.00182128867166366	0.46	1020.5	821	97.9739575828675	0	0.0735896013329977	735	5.0197545247611e-05	735	649	733.5
"HiG_9"	"TSG101"	0.00100121120170388	"HiG"	0.00944985218326127	0.346	895	237	127.688732508111	0	0.206561005941901	296	0.000140901095458323	296	347	733.5
"HiG_9"	"TSHZ2"	0.000244532555690939	"HiG"	0.000682742696755746	0.498	1056.5	1272	95.3683307634167	0	0.0351776601074381	1120	2.39956753802443e-05	1120	680	733.5
"HiG_9"	"TSPAN2"	0.000267249742908067	"HiG"	0.00107379887572411	0.424	983	1200	85.7883653172336	0	0.0348161335412491	1127	2.37490678998971e-05	1127	806	733.5
"HiG_9"	"TSPAN3"	0.000279092255483923	"HiG"	0.000296636347994508	0.202	348.5	1169	58.9972008018704	0	0.028708294913713	1211	1.95827386860252e-05	1211	1221	733.5
"HiG_9"	"TSPAN5"	0.000360464027606708	"HiG"	0.00148234953354171	0.282	776.5	951	60.0658862318682	0	0.0479675307564426	971	3.27200073372732e-05	971	1203	733.5
"HiG_9"	"TSPYL2"	0.000317621426151699	"HiG"	0.000348346825489072	0.214	459.5	1067	74.6314354091319	0	0.0373181969248433	1097	2.54557959923897e-05	1097	973	733.5
"HiG_9"	"TTC14"	0.000523575058536368	"HiG"	8.37277296544025e-05	0.144	2.5	627	40.208252406154	0	0.058891291208185	851	4.01714128295941e-05	851	1394	733.5
"HiG_9"	"TTC17"	0.000241026474849482	"HiG"	4.74431495697856e-05	0.194	283	1282	44.6345265007642	0	0.0212072690882665	1317	1.44660771407002e-05	1317	1367	733.5
"HiG_9"	"TTF1"	0.000331423171123344	"HiG"	0.00125597904893649	0.27	743.5	1031	87.71578085086	0	0.0522319438606354	930	3.56288839431346e-05	930	776	733.5
"HiG_9"	"TTN"	0.00520706206566618	"HiG"	0.741879816516182	0.662	1228.5	5	113.663383490943	0	1.77113491630973	5	0.00120814114345821	5	479	733.5
"HiG_9"	"TTR"	0.00170933596734689	"HiG"	0.0399350208992185	0.707	1293.5	92	117.222596265848	0	0.503473425987904	87	0.000343433442010849	87	445	733.5
"HiG_9"	"TUBB6"	0.00105215061775779	"HiG"	0.0399501837788822	0.458	1018	218	133.789652454066	0	0.24243174261146	240	0.000165369537934148	240	289	733.5
"HiG_9"	"TUBGCP2"	0.000514547994378043	"HiG"	0.000848050739798369	0.158	16.5	641	87.6514331667053	0	0.0724421492988713	744	4.94148358109627e-05	744	777	733.5
"HiG_9"	"TULP4"	0.000344563094471234	"HiG"	0.000194638967205504	0.22	499.5	995	56.7811866074652	0	0.0382625607837544	1080	2.60999732494914e-05	1080	1244	733.5
"HiG_9"	"TUSC3"	0.00025025151882837	"HiG"	0.000228317533189089	0.209	416.5	1257	67.9910743315945	0	0.0252944579378558	1268	1.72540640776642e-05	1268	1077	733.5
"HiG_9"	"TXNIP"	0.000699793339250363	"HiG"	0.00725585777080032	0.519	1078.5	435	152.216168571893	0	0.161094892054597	385	0.000109887375207774	385	128	733.5
"HiG_9"	"TXNL4B"	0.000236521770334049	"HiG"	0.00026083177015597	0.217	477	1294	72.8612804878061	0	0.0225503683950898	1301	1.53822431071554e-05	1301	1009	733.5
"HiG_9"	"UBE2B"	0.000689749205850048	"HiG"	0.00202338427294099	0.224	526	441	107.089134876132	0	0.113908297570247	521	7.77000665554212e-05	521	550	733.5
"HiG_9"	"UBE2E1"	0.000779209032334293	"HiG"	0.0021899232602341	0.214	459.5	372	99.2174052665715	0	0.130571795623234	466	8.9066709156367e-05	466	632	733.5
"HiG_9"	"UBE2E3"	0.00053472323511981	"HiG"	0.00172826828140585	0.238	625.5	615	87.0200396195919	0	0.0865345508879708	635	5.90276609058464e-05	635	787	733.5
"HiG_9"	"UBE2H"	0.000547404888128158	"HiG"	0.00268677837565199	0.207	400.5	590	64.2585379267192	0	0.0782436938761161	701	5.33722332033534e-05	701	1135	733.5
"HiG_9"	"UBE2J1"	0.000382765394067033	"HiG"	0.000229273133369529	0.199	323.5	893	68.6392862663105	0	0.0505022554133659	951	3.44490146066616e-05	951	1064	733.5
"HiG_9"	"UBE2Q2"	0.000308648704205918	"HiG"	0.000253545714525639	0.214	459.5	1095	58.188120471836	0	0.0350621817342821	1124	2.39169043207927e-05	1124	1229	733.5
"HiG_9"	"UBE2R2"	0.000460109165016553	"HiG"	0.000582169110808355	0.204	366	727	84.3241772173724	0	0.0627204416004425	815	4.2783384447778e-05	815	826	733.5
"HiG_9"	"UBE4A"	0.000534867282354211	"HiG"	0.000958214616078556	0.193	276	614	87.4908459184743	0	0.0793010716992706	690	5.40935004769922e-05	690	781	733.5
"HiG_9"	"UBR5"	0.00100665088637644	"HiG"	0.00522429207771186	0.185	196	233	98.754179413172	0	0.18194018649381	339	0.000124106539218151	339	637	733.5
"HiG_9"	"UFSP2"	0.000299846532291517	"HiG"	0.000910646971567033	0.175	111.5	1118	37.993677070477	0	0.0265421833078886	1247	1.81051727884643e-05	1247	1408	733.5
"HiG_9"	"UGGT2"	0.000303625615734014	"HiG"	9.62372883526827e-05	0.197	306	1106	44.6119183761679	0	0.0312745222114961	1175	2.13332347963821e-05	1175	1368	733.5
"HiG_9"	"UNC45B"	0.0012108161095844	"HiG"	0.208849422548085	0.611	1161.5	169	110.475794942919	0	0.377059532452435	145	0.000257202955288155	145	509	733.5
"HiG_9"	"UPF2"	0.000452768479533823	"HiG"	0.000932474312918091	0.208	409.5	746	81.1700511553126	0	0.0724903625685743	743	4.94477234437751e-05	743	871	733.5
"HiG_9"	"UPP1"	0.00022485707050196	"HiG"	0.00169168172125392	0.277	762.5	1311	125.05139188264	0	0.0280935631150543	1222	1.91634127660671e-05	1222	375	733.5
"HiG_9"	"UROD"	0.00037786641738191	"HiG"	0.000795593677436458	0.218	482.5	901	75.162625853761	0	0.0518427316178809	935	3.53633912809556e-05	935	963	733.5
"HiG_9"	"USP11"	0.000907931029765815	"HiG"	0.0075183603914018	0.206	388	271	110.405140130194	0	0.167013679160062	368	0.000113924747039606	368	510	733.5
"HiG_9"	"USP15"	0.00062036482787714	"HiG"	0.00245786491925346	0.219	490.5	500	111.350193969181	0	0.112947977559153	525	7.70450051563114e-05	525	500	733.5
"HiG_9"	"USP22"	0.000542711748042952	"HiG"	0.00163982282180946	0.229	559.5	599	128.109875388141	0	0.0842566665525622	651	5.74738516729619e-05	651	341	733.5
"HiG_9"	"USP27X"	0.000282134510450083	"HiG"	0.000209699454155839	0.22	499.5	1160	63.4040860189929	0	0.0336423811165906	1138	2.29484182241409e-05	1138	1150	733.5
"HiG_9"	"USP3"	0.00045265816447078	"HiG"	0.000284517084663906	0.206	388	747	80.7142134444854	0	0.0653759453827019	786	4.45947785693737e-05	786	875	733.5
"HiG_9"	"USP33"	0.000488556962597242	"HiG"	0.00121000673288151	0.205	376	682	81.8288965050486	0	0.0689006150391532	770	4.69990552790949e-05	770	865	733.5
"HiG_9"	"USP34"	0.000650251249249212	"HiG"	0.000576412353515395	0.173	98	473	86.9870733392867	0	0.10459356501376	564	7.13462244295769e-05	564	788	733.5
"HiG_9"	"USP46"	0.000264230422279351	"HiG"	0.000116549411957549	0.198	313.5	1213	66.5082586053483	0	0.0288831024176407	1208	1.97019798210373e-05	1208	1101	733.5
"HiG_9"	"USP53"	0.000263180858216728	"HiG"	0.00248441725304518	0.307	836.5	1219	71.3043516688755	0	0.0347189160812766	1129	2.36827531250181e-05	1129	1037	733.5
"HiG_9"	"UTRN"	0.000497084126341177	"HiG"	0.021728624658234	0.525	1087	665	144.43967704871	0	0.108139712726964	548	7.37651519283522e-05	548	190	733.5
"HiG_9"	"VAMP2"	0.00075478011159446	"HiG"	0.00265351091109619	0.29	796	394	93.3144326508841	0	0.147774813428008	415	0.000100801373416104	415	708	733.5
"HiG_9"	"VAMP3"	0.000960123289160923	"HiG"	0.00287506775609441	0.225	531.5	255	73.764806591949	0	0.166337915039601	370	0.000113463789249387	370	986	733.5
"HiG_9"	"VASH2"	0.000222988141335907	"HiG"	0.000404881571230429	0.375	927	1316	90.0054533613493	0	0.017039544564688	1365	1.16231545461719e-05	1365	753	733.5
"HiG_9"	"VEZT"	0.000650299323618671	"HiG"	0.00504796165978706	0.2	334.5	472	88.8308889671122	0	0.120325883576014	502	8.20776832032839e-05	502	762	733.5
"HiG_9"	"VIM"	0.00436967687262314	"HiG"	0.165288331426079	0.761	1367.5	12	141.693197337959	0	1.3112809224914	12	0.000894461747947748	12	215	733.5
"HiG_9"	"VIRMA"	0.00280629886899369	"HiG"	0.0116143338463264	0.167	51.5	42	77.7922634679423	0	0.507640834355997	86	0.000346276148946792	86	922	733.5
"HiG_9"	"VMP1"	0.000514551851265097	"HiG"	0.00197582758093296	0.234	594.5	640	91.3434332786306	0	0.0826430402332457	667	5.63731515915728e-05	667	728	733.5
"HiG_9"	"VPS13A"	0.000430237736618156	"HiG"	0.000356058900865688	0.182	169.5	789	70.6895829167755	0	0.0570408802702738	870	3.89091952730381e-05	870	1044	733.5
"HiG_9"	"VPS13C"	0.000489503670615304	"HiG"	0.000651501388713458	0.162	33.5	679	74.229881844866	0	0.0634990792684637	803	4.3314515189948e-05	803	979	733.5
"HiG_9"	"VPS28"	0.000412296847672891	"HiG"	0.000416774341529922	0.174	105	825	77.3238679911356	0	0.0594342306233525	844	4.05417671373482e-05	844	930	733.5
"HiG_9"	"VPS41"	0.000311533393379009	"HiG"	0.000199106497749349	0.16	24.5	1088	61.899798544797	0	0.032737895532435	1151	2.23314430644168e-05	1151	1172	733.5
"HiG_9"	"VTA1"	0.000293984864211798	"HiG"	0.000791263248982213	0.233	589	1129	72.6576645499349	0	0.0401066006468938	1061	2.73578449160258e-05	1061	1013	733.5
"HiG_9"	"WARS"	0.000359397417505943	"HiG"	0.00215118030392108	0.272	753.5	956	86.3306363791882	0	0.0580634797261262	862	3.96067392401953e-05	862	794	733.5
"HiG_9"	"WASF1"	0.000409792072767786	"HiG"	0.00233746118801655	0.343	893	833	96.4671772023885	0	0.0576064102156509	866	3.92949592194072e-05	866	669	733.5
"HiG_9"	"WASHC3"	0.000389060559897047	"HiG"	0.000538345292784686	0.189	232.5	884	51.0386341149672	0	0.0470377874928563	983	3.20858032011298e-05	983	1302	733.5
"HiG_9"	"WDR1"	0.000636778676053184	"HiG"	0.0427118986670484	0.505	1065.5	483	148.410610638067	0	0.152711528554786	408	0.000104168846217453	408	152	733.5
"HiG_9"	"WDR48"	0.000501506984800672	"HiG"	0.000297773098171843	0.178	132	659	77.4000570725588	0	0.0751144711883358	721	5.12377020384282e-05	721	926	733.5
"HiG_9"	"WDR70"	0.000453073890466369	"HiG"	0.00011120275891075	0.164	40	745	37.5951066731935	0	0.0485896300072147	967	3.31443588043756e-05	967	1410	733.5
"HiG_9"	"WDR73"	0.000393148024219408	"HiG"	0.00102610551131565	0.208	409.5	871	75.9628787814453	0	0.0539067739365604	912	3.67713328353072e-05	912	952	733.5
"HiG_9"	"WEE1"	0.000547780086561884	"HiG"	0.0044809864065643	0.373	925	589	187.590927662324	0	0.112917413484077	526	7.70241565375693e-05	526	9	733.5
"HiG_9"	"WFDC2"	0.000303857344026423	"HiG"	0.00295473006235073	0.646	1200.5	1105	98.4402711088664	0	0.0552268211643308	893	3.76717743276472e-05	893	640	733.5
"HiG_9"	"WLS"	0.000482980456731544	"HiG"	0.00390109201168951	0.547	1108	690	108.127965522608	0	0.0941315020732276	608	6.42097558480406e-05	608	536	733.5
"HiG_9"	"WNK1"	0.000587747344025798	"HiG"	0.000858002887126906	0.171	82.5	541	84.975199422692	0	0.0917969740018743	623	6.2617308323243e-05	623	819	733.5
"HiG_9"	"WNT5A"	0.00208511099110581	"HiG"	0.0430134602920191	0.743	1341	62	145.270802732792	0	0.607440207743156	64	0.00041435211987937	64	183	733.5
"HiG_9"	"WNT8A"	0.000561197072390709	"HiG"	0.0087107929059943	0.699	1278.5	574	97.2420179383637	0	0.140912577930935	433	9.6120448793271e-05	433	656	733.5
"HiG_9"	"WT1"	0.00208183515909139	"HiG"	0.0608004021740699	0.702	1282.5	63	151.474404783171	0	0.596103270640254	66	0.000406618874925139	66	133	733.5
"HiG_9"	"WWP1"	0.000770785368865158	"HiG"	0.00216665843563127	0.214	459.5	380	76.392993844847	0	0.128031415646152	477	8.73338442333916e-05	477	944	733.5
"HiG_9"	"WWTR1"	0.000657436491708732	"HiG"	0.0146898801455632	0.661	1225	462	171.607567597752	0	0.154378213329337	406	0.000105305738969534	406	27	733.5
"HiG_9"	"XBP1"	0.00136700778829692	"HiG"	0.017328494948022	0.359	910	143	126.551912275788	0	0.329137374446215	172	0.00022451389798514	172	359	733.5
"HiG_9"	"XIAP"	0.000898047576937973	"HiG"	0.00921934320123085	0.433	995	281	160.926611506556	0	0.200064196210326	304	0.0001364694380698	304	59	733.5
"HiG_9"	"XPA"	0.000660178093453912	"HiG"	0.000881743816577607	0.236	612.5	461	87.2162989142243	0	0.104000043157464	568	7.09413664102757e-05	568	784	733.5
"HiG_9"	"XRCC4"	0.000449813774460969	"HiG"	0.00113174717973323	0.249	675	755	119.430690249945	0	0.074235831118691	729	5.06383568340321e-05	729	424	733.5
"HiG_9"	"XRN1"	0.000798397059638765	"HiG"	0.00370560638222233	0.213	450	353	87.4741766209658	0	0.148926337431067	413	0.000101586860457754	413	782	733.5
"HiG_9"	"YAF2"	0.000134794276673655	"HiG"	0.000279443803137484	0.272	753.5	1453	141.112225620357	0	0.00657794500678553	1447	4.48700205101332e-06	1447	224	733.5
"HiG_9"	"YIPF3"	0.000412706719122881	"HiG"	0.00109649705499912	0.217	477	823	73.633083234809	0	0.0552827355786276	891	3.77099151286682e-05	891	994	733.5
"HiG_9"	"YIPF4"	0.000183137268170222	"HiG"	3.90106983252311e-05	0.202	348.5	1393	39.7295051441198	0	0.0124132072699921	1406	8.46739922918971e-06	1406	1397	733.5
"HiG_9"	"YIPF5"	0.000391023582011117	"HiG"	0.000419252424025585	0.223	520.5	876	52.6712612835587	0	0.0462805120372715	990	3.15692442273339e-05	990	1288	733.5
"HiG_9"	"YPEL5"	0.000482229921706419	"HiG"	0.000323279314147856	0.181	157	691	53.6378057936977	0	0.0563245466587986	878	3.84205638873115e-05	878	1275	733.5
"HiG_9"	"YTHDC2"	0.000800070261696631	"HiG"	0.00218441264435353	0.184	188.5	351	107.813223054037	0	0.132988929367637	460	9.07155043435449e-05	460	539	733.5
"HiG_9"	"ZBED5"	0.000240091033279166	"HiG"	1.55680648412843e-05	0.161	29.5	1285	35.3510379548935	0	0.0181932481334294	1346	1.24101283311251e-05	1346	1419	733.5
"HiG_9"	"ZC2HC1A"	0.000288545012807786	"HiG"	0.000801444023811377	0.21	425	1141	32.9818870738124	0	0.0188057042774649	1334	1.28279019628001e-05	1334	1431	733.5
"HiG_9"	"ZC3H6"	0.000262006455129265	"HiG"	0.000286739977994541	0.183	180	1222	84.9935456517524	0	0.0269204080430907	1241	1.83631705614534e-05	1241	818	733.5
"HiG_9"	"ZC3H8"	0.00046190260254286	"HiG"	0.000334514057144892	0.179	139.5	722	61.0616213201245	0	0.058467535340841	856	3.98823569855668e-05	856	1186	733.5
"HiG_9"	"ZCCHC10"	0.000340746072838399	"HiG"	0.000241057879208065	0.169	66.5	1003	64.6751843612456	0	0.0389285759219381	1074	2.65542809835867e-05	1074	1124	733.5
"HiG_9"	"ZEB1"	0.00104566545850042	"HiG"	0.0180403554889381	0.712	1301.5	220	148.608402647036	0	0.269568126043483	217	0.00018388003140756	217	150	733.5
"HiG_9"	"ZEB2"	0.000992628046065391	"HiG"	0.0214723494581587	0.762	1369	242	162.427211728383	0	0.266337154143418	218	0.000181676094231526	218	56	733.5
"HiG_9"	"ZFC3H1"	0.000490126949463557	"HiG"	0.000161743769248029	0.202	348.5	677	57.1176287616901	0	0.0630309663698458	808	4.29952021622414e-05	808	1242	733.5
"HiG_9"	"ZFHX3"	0.000613462308778692	"HiG"	0.00918754314661019	0.466	1027	507	106.772778619494	0	0.124902301188145	495	8.51993868950511e-05	495	555	733.5
"HiG_9"	"ZFHX4"	0.000340528927977789	"HiG"	0.00248222415423751	0.453	1011	1004	104.465994838388	0	0.0591890363588103	848	4.03745132051912e-05	848	572	733.5
"HiG_9"	"ZFYVE16"	0.000264742123566904	"HiG"	0.000576193099007225	0.263	729	1212	80.6223150089976	0	0.0312753226343292	1174	2.13337807874006e-05	1174	877	733.5
"HiG_9"	"ZHX1"	0.000207885810141296	"HiG"	0.000147116794445135	0.25	680	1345	97.3807707043281	0	0.0192710002575038	1331	1.31452934907939e-05	1331	655	733.5
"HiG_9"	"ZIC3"	0.000595376150250223	"HiG"	0.00948355614186649	0.689	1264	531	108.845356327789	0	0.148402569867016	414	0.000101229583811061	414	532	733.5
"HiG_9"	"ZMIZ1"	0.000462012182906661	"HiG"	0.00162297337429652	0.225	531.5	721	134.80467269296	0	0.0716825867255299	752	4.88967167295566e-05	752	279	733.5
"HiG_9"	"ZMYM4"	0.000571031646787896	"HiG"	0.00303982303973718	0.181	157	562	99.8744913835267	0	0.0841300506522908	653	5.738748339174e-05	653	624	733.5
"HiG_9"	"ZMYM5"	0.000394657832367738	"HiG"	0.000400424277205191	0.205	376	866	74.73877764188	0	0.0503184975035479	955	3.43236681470313e-05	955	970	733.5
"HiG_9"	"ZMYND11"	0.000354805155274757	"HiG"	0.000497610596598734	0.242	641.5	977	88.0121508398565	0	0.0499295501915583	957	3.40583562016087e-05	957	772	733.5
"HiG_9"	"ZNF124"	0.000104583828995001	"HiG"	2.01251291435119e-05	0.236	612.5	1465	47.5536681912972	0	0.000401621600542621	1465	2.73957435567955e-07	1465	1328	733.5
"HiG_9"	"ZNF148"	0.000399330053720124	"HiG"	0.00101131237117002	0.201	343.5	854	99.8095790245315	0	0.0529615179635939	921	3.61265470420149e-05	921	625	733.5
"HiG_9"	"ZNF302"	0.000194885769699257	"HiG"	0.000290029006094391	0.205	376	1368	38.0030840513647	0	0.0163408991996748	1371	1.1146588812875e-05	1371	1407	733.5
"HiG_9"	"ZNF33B"	0.000186141280540139	"HiG"	0.00019781181836522	0.192	264	1388	45.4109409616619	0	0.0123318091112861	1408	8.41187524644348e-06	1408	1358	733.5
"HiG_9"	"ZNF37A"	0.000179639464444274	"HiG"	2.59716750979659e-05	0.183	180	1401	46.977930154114	0	0.0121163637840863	1410	8.26491390456089e-06	1410	1335	733.5
"HiG_9"	"ZNF428"	0.000168383914758868	"HiG"	0.000577532181736871	0.317	855	1420	99.132353965712	0	0.0158663228583578	1375	1.0822866888375e-05	1375	634	733.5
"HiG_9"	"ZNF462"	0.00038396832313256	"HiG"	0.000317498029826632	0.185	196	892	60.6004513230788	0	0.0480314758921953	969	3.27636261201878e-05	969	1197	733.5
"HiG_9"	"ZNF503"	0.000237083814514315	"HiG"	0.000618502311914277	0.513	1075	1293	72.6352874087079	0	0.0302702852529699	1191	2.064821640721e-05	1191	1014	733.5
"HiG_9"	"ZNF511"	0.000151898304190315	"HiG"	0.000601871615142689	0.363	918	1441	94.3225380661071	0	0.0100117545383795	1421	6.82930050366954e-06	1421	697	733.5
"HiG_9"	"ZNF518A"	0.000288761491596177	"HiG"	8.82600657527815e-05	0.198	313.5	1140	57.8601265307113	0	0.0306927417217229	1187	2.09363858947633e-05	1187	1236	733.5
"HiG_9"	"ZNF608"	0.000361162585440876	"HiG"	0.000175122721520621	0.226	539.5	949	43.6833686074216	0	0.0452993854429228	1000	3.08999900702066e-05	1000	1377	733.5
"HiG_9"	"ZNF704"	0.000410169001601968	"HiG"	0.00199459513975124	0.22	499.5	832	73.0359067230885	0	0.066050893395811	783	4.5055179669721e-05	783	1006	733.5
"HiG_9"	"ZNF711"	0.00036000411223056	"HiG"	0.000533193470326617	0.2	334.5	954	62.4979805801904	0	0.0413273500228112	1044	2.81905525394346e-05	1044	1166	733.5
"HiG_9"	"ZNF791"	0.000158128347681433	"HiG"	0.00010079836393653	0.158	16.5	1433	41.8663456643547	0	0.00841676291949476	1433	5.74131167769083e-06	1433	1386	733.5
"HiG_9"	"ZNF827"	0.000223869722173517	"HiG"	0.000357124437827125	0.294	805	1313	96.8507891954733	0	0.0255200757671442	1262	1.7407964370494e-05	1262	663	733.5
"HiG_9"	"ZNF83"	0.000178837725924742	"HiG"	9.09126339878407e-05	0.16	24.5	1403	27.0553261343396	0	0.00761619642167809	1441	5.19522266144481e-06	1441	1453	733.5
"HiG_9"	"ZNF830"	0.000262178892474898	"HiG"	9.24425524252759e-05	0.172	90.5	1221	48.8164987343968	0	0.0243135323423958	1278	1.65849470275551e-05	1278	1315	733.5
"HiG_9"	"ZNF91"	0.000216147629043954	"HiG"	6.79900485231608e-05	0.165	45	1332	82.9308785447516	0	0.0144759984907989	1388	9.87448737435126e-06	1388	846	733.5
"HiG_9"	"ZNHIT6"	0.000370609038048727	"HiG"	6.00085031896626e-05	0.158	16.5	925	46.8522636188087	0	0.0364031361577463	1108	2.48316072017369e-05	1108	1336	733.5
"HiG_CP"	"ALPK2"	0.00313912249068043	"HiG"	8.25746073303563e-10	0.043	41.5	94	2	0	0.0207647186315759	116	0.000158509302531114	116	129	65
"HiG_CP"	"ARHGAP28"	0.00131433578032637	"HiG"	3.7209008608669e-07	0.26	81	122	9	0	0.00739835111519051	123	5.6475962711378e-05	123	120	65
"HiG_CP"	"ARL4C"	0.00117190886821756	"HiG"	0.00118544386432118	0.555	88	127	40.3803361968278	0	0.0064704635309259	124	4.93928513811138e-05	124	41	65
"HiG_CP"	"BMP4"	0.0234608058798547	"HiG"	0.00547621366585097	0	3	3	22.8506429218165	0	1.26980189918759	38	0.00969314426860755	38	78	65
"HiG_CP"	"BMP5"	0.00777296410574931	"HiG"	0.000873933689727651	0.009	24	61	30.4870052888326	0	0.412285098523433	56	0.00314721449254529	56	51	65
"HiG_CP"	"BMPER"	0.00686861439227211	"HiG"	0.0569171959109988	0.052	46.5	66	35.8442329337086	0	0.661543873379066	45	0.00504995323190127	45	45	65
"HiG_CP"	"BOC"	0.0011635357988387	"HiG"	3.31865801036891e-08	0.284	84	129	28	0	0.000242138129299575	129	1.84838266640897e-06	129	55	65
"HiG_CP"	"CADM1"	0.00566548366509196	"HiG"	0.0010163043879009	0.019	33	75	21.0111424043041	0	0.173311190248115	82	0.00132298618510012	82	88	65
"HiG_CP"	"CCBE1"	0.00125159155853349	"HiG"	1.50339511186787e-06	0.279	83	124	19.8011215225629	0	0.00369871554624906	127	2.82344698186951e-05	127	91	65
"HiG_CP"	"CCDC34"	0.00305394093452189	"HiG"	0.00363966716206014	0.086	52	96	18.2408752062064	0	0.0974004052486144	93	0.000743514543882553	93	98	65
"HiG_CP"	"CCNI"	0.00183807731232452	"HiG"	0.002567312311492	0.239	77.5	112	31.6158090610367	0	0.0388681535998854	106	0.000296703462594545	106	48	65
"HiG_CP"	"CDH11"	0.00641156182631443	"HiG"	6.7214162881201e-05	0.014	28.5	70	18.2165376119408	0	0.221553275331408	75	0.00169124637657563	75	99	65
"HiG_CP"	"CITED2"	0.00202679083565682	"HiG"	1.00527186043218e-05	0.194	68	111	19.3057725844441	0	0.0373500347349673	107	0.000285114768969216	107	95	65
"HiG_CP"	"CLGN"	0.00117062075852133	"HiG"	0.000628188150556295	0.56	89	128	53	0	0.0045213591304358	126	3.45141918353878e-05	126	1	65
"HiG_CP"	"COL2A1"	0.0100332990354298	"HiG"	0.00472413663282107	0.001	8.5	44	22.1297103193105	0	0.389586283639183	58	0.00297394109648231	58	83	65
"HiG_CP"	"CPE"	0.00295721082022086	"HiG"	3.51492667090949e-05	0.102	58	98	12.7202995253273	0	0.0621444653274493	100	0.000474385231507246	100	114	65
"HiG_CP"	"CRABP2"	0.00310676853315623	"HiG"	8.50745975283112e-05	0.096	55.5	95	25.0337288185959	0	0.104045628321343	91	0.000794241437567503	91	67	65
"HiG_CP"	"CREG1"	0.00393911763300632	"HiG"	7.14637591890782e-07	0.21	70	85	3	0	0.015647293870363	120	0.000119444991376817	120	127	65
"HiG_CP"	"CTSV"	0.00160986932777838	"HiG"	0.00306179720222016	0.23	74	117	35.6046720313442	0	0.0296576154015389	112	0.00022639401069877	112	46	65
"HiG_CP"	"DAB2"	0.00411762155125661	"HiG"	2.85583491516094e-05	0.043	41.5	83	18.8594957829393	0	0.114039880510102	89	0.000870533439008409	89	96	65
"HiG_CP"	"DUSP6"	0.00758387402853509	"HiG"	0.00205945749619696	0.014	28.5	62	22.4219216555229	0	0.333171782247294	64	0.00254329604768927	64	79	65
"HiG_CP"	"EEF1B2"	0.00785864423971461	"HiG"	0.449141962910139	1	113.5	60	41.2213134684764	0	2.98798415877315	34	0.0228090393799477	34	18	65
"HiG_CP"	"EMP2"	0.00465856540269825	"HiG"	4.4286253846403e-05	0.029	37	80	12.7866301524479	0	0.0773121226437873	95	0.000590168875143415	95	113	65
"HiG_CP"	"FAM89A"	0.00151478153368739	"HiG"	8.79885985886934e-05	0.258	80	119	25.7936147053733	0	0.0174652717240922	119	0.000133322684916734	119	62	65
"HiG_CP"	"FGF10"	0.0188743555519678	"HiG"	0.00152451772372173	0.001	8.5	4	23.0770686322403	0	0.965103900495656	42	0.00736720534729508	42	76	65
"HiG_CP"	"FIGN"	0.00130213605049975	"HiG"	0.000475405433300958	0.252	79	123	31.0775454791179	0	0.00874928701306726	122	6.67884504814295e-05	122	49	65
"HiG_CP"	"FOXC1"	0.0060817237496797	"HiG"	0.000294516467060437	0.018	31.5	73	23.5683810174091	0	0.248056309558518	71	0.00189355961495052	71	74	65
"HiG_CP"	"FOXP1"	0.00674120150362836	"HiG"	4.9740637265396e-05	0.008	20	68	18.4272637272122	0	0.227145595159729	74	0.00173393584091396	74	97	65
"HiG_CP"	"FXYD6"	0.00117994551717958	"HiG"	6.41944921767928e-09	0.292	85	126	9	0	0.000826043493250752	128	6.30567552099811e-06	128	120	65
"HiG_CP"	"FYB2"	0.0050843955154221	"HiG"	2.07932253646447e-07	0.032	38	77	2.62529280855226	0	0.0453144904473253	103	0.000345912140819277	103	128	65
"HiG_CP"	"FZD2"	0.00299825592590244	"HiG"	2.40363444668189e-05	0.09	53.5	97	24.0036101627369	0	0.0873802296066464	94	0.00066702465348585	94	70	65
"HiG_CP"	"H1F0"	0.00340186043284652	"HiG"	0.00311369641677742	0.226	72	90	23.5783343914905	0	0.153980118746036	84	0.00117542075378654	84	73	65
"HiG_CP"	"H2AFY2"	0.00151811398198511	"HiG"	0.00378499798106956	0.38	87	118	34.1414210019906	0	0.0445157974168508	104	0.000339815247456877	104	47	65
"HiG_CP"	"HAND2"	0.013607530617559	"HiG"	0.000438840056668895	0	3	20	25.3524464683046	0	0.696153033837096	44	0.00531414529646638	44	64	65
"HiG_CP"	"HAPLN1"	0.0100232577148156	"HiG"	0.000194557266904614	0.006	15.5	45	17.6623449792767	0	0.436102238854284	54	0.0033290247240785	54	101	65
"HiG_CP"	"HAS2"	0.012808589533909	"HiG"	0.00431304053976439	0.001	8.5	27	25.430210139466	0	0.701183490035685	43	0.00535254572546325	43	63	65
"HiG_CP"	"HEY1"	0.00627319971923986	"HiG"	0.000395098043417949	0.02	34	72	23.9861790605665	0	0.292090677987707	69	0.00222969983196723	69	72	65
"HiG_CP"	"HMGB2"	0.00236976084440069	"HiG"	0.0309891604549766	0.662	91	107	35.9707426014469	0	0.246152822341648	72	0.00187902917818052	72	44	65
"HiG_CP"	"HNRNPA1"	0.00372713592218967	"HiG"	0.14231704913212	0.996	94	86	41.5155432196751	0	1.00893024525754	41	0.00770175759738577	41	2	65
"HiG_CP"	"HOXB2"	0.00803756838251428	"HiG"	3.15472070260423e-05	0.009	24	57	16.8669568328696	0	0.338866683646418	62	0.00258676857745357	62	104	65
"HiG_CP"	"HOXB3"	0.00589792068168305	"HiG"	3.0458843393946e-05	0.018	31.5	74	19.6887910226157	0	0.240928743128145	73	0.00183915071090187	73	92	65
"HiG_CP"	"ID1"	0.00988895565961386	"HiG"	0.00052183889619164	0.009	24	46	17.8008392445315	0	0.509358806577799	50	0.00388823516471602	50	100	65
"HiG_CP"	"ID2"	0.00483967391919028	"HiG"	9.9296958435404e-05	0.037	40	78	22.3088225983218	0	0.216802960946299	76	0.00165498443470457	76	80	65
"HiG_CP"	"ID3"	0.00632059722685906	"HiG"	0.00391234670846833	0.026	35.5	71	19.5271436397033	0	0.321038834537012	66	0.00245067812623674	66	94	65
"HiG_CP"	"IFI16"	0.00317527670871116	"HiG"	0.00889983062619543	0.157	65	92	26.528036146783	0	0.159987097776905	83	0.00122127555554889	83	59	65
"HiG_CP"	"IRX3"	0.00671070774652324	"HiG"	2.54892488539285e-05	0.016	30	69	20.2906304388375	0	0.267743986232071	70	0.00204384722314558	70	90	65
"HiG_CP"	"ISL1"	0.0136367565490035	"HiG"	0.000545581013116471	0.003	13	19	24.3598023907967	0	0.629559148930165	47	0.00480579503000126	47	68	65
"HiG_CP"	"KDM6B"	0.00736397820846477	"HiG"	0.0306070732504052	0.052	46.5	64	27.0170354272586	0	0.465850593892566	53	0.00355611140376005	53	57	65
"HiG_CP"	"KRT19"	0.0124930612305529	"HiG"	0.00700554498660093	0.001	8.5	29	28.1135204380607	0	0.602779095100539	48	0.00460136713817205	48	54	65
"HiG_CP"	"LAMA1"	0.00813347454041285	"HiG"	0.000262975054528445	0.007	17.5	56	21.1256335344642	0	0.328742633824479	65	0.00250948575438534	65	87	65
"HiG_CP"	"LGR4"	0.00516383435254979	"HiG"	0.000108130914281512	0.045	43	76	15.7629135899454	0	0.177296170908792	81	0.00135340588479994	81	107	65
"HiG_CP"	"LIX1"	0.00163379197033426	"HiG"	2.69214028532813e-06	0.235	75	116	30	0	0.0258011956701043	113	0.000196955692138201	113	52	65
"HiG_CP"	"LRRTM1"	0.00255033148570928	"HiG"	1.38781764354239e-05	0.111	59	106	13.1172046887368	0	0.0559783063321119	102	0.000427315315512305	102	112	65
"HiG_CP"	"LUC7L3"	0.00829180831675252	"HiG"	0.00219976393994613	0.046	44	53	10.1441474304933	0	0.189368773060476	79	0.0014455631531334	79	116	65
"HiG_CP"	"MDK"	0.00798504443161617	"HiG"	0.000335164730250074	0.007	17.5	58	22.2671518475153	0	0.375567193619362	60	0.00286692514213253	60	81	65
"HiG_CP"	"MEIS1"	0.0119914098288705	"HiG"	5.67561681977746e-05	0.002	12	32	19.5723622169089	0	0.528743047845153	49	0.0040362064721004	49	93	65
"HiG_CP"	"MEIS2"	0.0114666952763438	"HiG"	2.66758596627408e-05	0.001	8.5	35	17.1062797402567	0	0.472572549791637	52	0.00360742404421097	52	103	65
"HiG_CP"	"MXRA8"	0.00288763079063997	"HiG"	0.00118155713436884	0.073	51	101	20.4394200592654	0	0.0714263272968089	97	0.000545239139670297	97	89	65
"HiG_CP"	"NAP1L1"	0.00436527071270759	"HiG"	0.150400806438862	0.926	92	82	41.3861650002076	0	1.08150792355817	40	0.0082557856760166	40	9	65
"HiG_CP"	"NID2"	0.0106900605428122	"HiG"	0.000590675796228868	0.006	15.5	39	21.8831314911111	0	0.499236719538267	51	0.0038109673247196	51	85	65
"HiG_CP"	"NKX3-1"	0.00356058226522899	"HiG"	0.000248732408982547	0.065	49	88	29.5427545916812	0	0.136743859905292	85	0.00104384625881902	85	53	65
"HiG_CP"	"NREP"	0.00125030144412487	"HiG"	0.0021990772152064	0.357	86	125	38.0435647871302	0	0.0199348709965469	117	0.0001521745877599	117	42	65
"HiG_CP"	"NRG1"	0.00482990210295266	"HiG"	0.00017921706424151	0.026	35.5	79	21.1537396981367	0	0.179858532078193	80	0.00137296589372666	80	86	65
"HiG_CP"	"NRIP1"	0.00230133737022958	"HiG"	0.0015077643491863	0.165	66	108	23.9878405187914	0	0.034613367221011	108	0.000264224177259626	108	71	65
"HiG_CP"	"NTRK2"	0.00868947763031272	"HiG"	0.00188890034206864	0.009	24	52	22.1387816607118	0	0.357089186087266	61	0.00272587164952111	61	82	65
"HiG_CP"	"PABPC1"	0.0067414636492039	"HiG"	0.392331095047603	1	113.5	67	41.4475112872011	0	2.55089645837325	36	0.0194724920486508	36	4	65
"HiG_CP"	"PBX3"	0.00983934465100922	"HiG"	1.67433024283898e-05	0.001	8.5	47	15.0680960550594	0	0.336127091615163	63	0.00256585566118445	63	109	65
"HiG_CP"	"PCOLCE"	0.0071782499091489	"HiG"	8.06384816108623e-05	0.008	20	65	17.4927095521316	0	0.204375834842283	77	0.00156012087665865	77	102	65
"HiG_CP"	"PDGFRA"	0.0244198161260684	"HiG"	0.0024316872357425	0	3	1	21.9822989170626	0	1.25252911503838	39	0.00956129095449144	39	84	65
"HiG_CP"	"PKP2"	0.00268918513256523	"HiG"	0.000458195698974692	0.15	63	103	37.4933774971033	0	0.0980463914257934	92	0.000748445736074759	92	43	65
"HiG_CP"	"PNISR"	0.00970715738187519	"HiG"	0.000714864128046102	0.034	39	49	8.9628865554016	0	0.203056649350595	78	0.00155005075840149	78	122	65
"HiG_CP"	"PRRX1"	0.00815283809691417	"HiG"	0.000550638563366203	0.008	20	55	31.0387796882518	0	0.394755902916435	57	0.00301340383905676	57	50	65
"HiG_CP"	"PRTG"	0.0014544659740241	"HiG"	1.22050326259267e-05	0.236	76	120	26	0	0.0135088347212175	121	0.000103120875734485	121	61	65
"HiG_CP"	"PTN"	0.00755181469370019	"HiG"	0.000244662283019501	0.011	27	63	24.2597132482283	0	0.32088586968469	67	0.00244951045560832	67	69	65
"HiG_CP"	"PTPN13"	0.00264395596678453	"HiG"	2.36074949920424e-05	0.116	60	105	15.9721161429011	0	0.0690045780903583	98	0.000526752504506552	98	106	65
"HiG_CP"	"RGS4"	0.011376458289827	"HiG"	4.06346240874978e-05	0.005	14	36	10.9266865468644	0	0.376838463180811	59	0.00287662948992985	59	115	65
"HiG_CP"	"RGS5"	0.00818059039993861	"HiG"	3.7545292699755e-05	0.009	24	54	15.4081683637764	0	0.298738126504292	68	0.00228044371377322	68	108	65
"HiG_CP"	"RHOBTB3"	0.00205896683852305	"HiG"	2.29353945954999e-07	0.188	67	110	13.356991082877	0	0.0302823755769876	110	0.000231163172343417	110	111	65
"HiG_CP"	"RPL11"	0.0123108499724761	"HiG"	0.757415018630636	1	113.5	30	41.0573459420265	0	5.02447741533114	23	0.0383547894300087	23	33	65
"HiG_CP"	"RPL13"	0.0151804886548094	"HiG"	0.993765559200143	1	113.5	10	41.3983112764661	0	6.63031194741174	2	0.050613068300853	2	7	65
"HiG_CP"	"RPL13A"	0.0139485130365016	"HiG"	0.858794773267169	1	113.5	15	41.1892947313868	0	5.78873375479856	13	0.0441888072885386	13	21	65
"HiG_CP"	"RPL23"	0.0137187831418585	"HiG"	0.841816201452626	1	113.5	18	40.9172777208919	0	5.66800403271949	14	0.0432672063566373	14	36	65
"HiG_CP"	"RPL26"	0.0139688689802426	"HiG"	0.925357609203889	1	113.5	14	41.4140828722007	0	6.13980678290027	5	0.046868754067941	5	6	65
"HiG_CP"	"RPL28"	0.0103372503884692	"HiG"	0.687781953306381	1	113.5	41	41.4202095325813	0	4.47606231009121	26	0.034168414580849	26	5	65
"HiG_CP"	"RPL29"	0.00958992905289269	"HiG"	0.625350620777364	1	113.5	50	41.3599504162504	0	4.08133290282138	29	0.0311552129986365	29	10	65
"HiG_CP"	"RPL3"	0.0101628933398801	"HiG"	0.590135444184089	0.999	96.5	43	41.4879650872998	0	3.94389828996098	33	0.030106093816496	33	3	65
"HiG_CP"	"RPL31"	0.015530769995148	"HiG"	0.967419288592263	1	113.5	5	41.2060685097666	0	6.46285402854637	3	0.0493347635766898	3	19	65
"HiG_CP"	"RPL32"	0.0138816418041221	"HiG"	0.883681172122644	1	113.5	16	41.2344021204473	0	5.85390178114079	11	0.0446862731384793	11	17	65
"HiG_CP"	"RPL34"	0.01286581374491	"HiG"	0.848080542501744	1	113.5	26	41.320821559603	0	5.57942586810712	16	0.0425910371611231	16	12	65
"HiG_CP"	"RPL37"	0.0120275023373984	"HiG"	0.797796453796333	1	113.5	31	41.2966011318239	0	5.23502848516654	18	0.0399620495050881	18	14	65
"HiG_CP"	"RPL39"	0.0094390033729574	"HiG"	0.611063174823327	0.999	96.5	51	41.0746221367989	0	3.9851572284113	32	0.0304210475451244	32	30	65
"HiG_CP"	"RPL5"	0.0129793398030062	"HiG"	0.765411871164205	1	113.5	25	40.8992324859947	0	5.19617464856389	20	0.0396654553325487	20	37	65
"HiG_CP"	"RPL7A"	0.0119211492016041	"HiG"	0.761244548228046	1	113.5	33	41.2654917446596	0	5.08999270710764	22	0.038854906161127	22	16	65
"HiG_CP"	"RPL9"	0.00977279688940831	"HiG"	0.605326382101969	1	113.5	48	41.1729788228278	0	4.06195419159666	30	0.031007283905318	30	24	65
"HiG_CP"	"RPLP0"	0.0153456489003792	"HiG"	0.726477434820668	0.961	93	7	40.5083794740924	0	4.96754407521041	24	0.0379201837802321	24	40	65
"HiG_CP"	"RPS11"	0.010961394055859	"HiG"	0.686720501856095	1	113.5	37	41.191990723537	0	4.53760159534466	25	0.0346381801171348	25	20	65
"HiG_CP"	"RPS13"	0.0142289057663737	"HiG"	0.889536578704445	1	113.5	12	41.1023602624319	0	5.9359863975509	9	0.0453128732637473	9	27	65
"HiG_CP"	"RPS14"	0.0134810933298415	"HiG"	0.836158651034188	1	113.5	22	41.0720575162401	0	5.53379626698471	17	0.0422427195953032	17	31	65
"HiG_CP"	"RPS15"	0.0124965165497891	"HiG"	0.786586609540264	1	113.5	28	40.9985486127232	0	5.21235763923347	19	0.0397889896124692	19	35	65
"HiG_CP"	"RPS15A"	0.0134302492621539	"HiG"	0.879774002221552	1	113.5	23	41.0960071128639	0	5.85951058937247	10	0.0447290884684921	10	29	65
"HiG_CP"	"RPS17"	0.0118875951813882	"HiG"	0.786245721899613	1	113.5	34	41.3058154478779	0	5.16074697893663	21	0.0393950151063865	21	13	65
"HiG_CP"	"RPS18"	0.015050255210966	"HiG"	0.919852636810192	1	113.5	11	41.1135472823742	0	6.19097249328647	4	0.0472593320098204	4	26	65
"HiG_CP"	"RPS19"	0.0135180612534645	"HiG"	0.874206041550166	1	113.5	21	41.3971675459001	0	5.82519019843405	12	0.0444671007514049	12	8	65
"HiG_CP"	"RPS23"	0.0138798672877965	"HiG"	0.892800050949699	1	113.5	17	41.1795866617933	0	5.97697601097344	8	0.0456257710761332	8	22	65
"HiG_CP"	"RPS24"	0.0141371904504991	"HiG"	0.913752964088383	1	113.5	13	41.1792457398254	0	6.11526285258305	6	0.0466813958212446	6	23	65
"HiG_CP"	"RPS25"	0.0104707111010486	"HiG"	0.670815601727023	1	113.5	40	41.2844368360738	0	4.42251657285449	27	0.0337596684950724	27	15	65
"HiG_CP"	"RPS3"	0.0133011914152506	"HiG"	0.840281887098627	1	113.5	24	41.3216307544512	0	5.64548468120485	15	0.0430953029099607	15	11	65
"HiG_CP"	"RPS3A"	0.010281690057745	"HiG"	0.613237830475287	1	113.5	42	41.0650064315209	0	4.14081630847222	28	0.0316092847974978	28	32	65
"HiG_CP"	"RPS4X"	0.0107495488249763	"HiG"	0.592079565310575	1	113.5	38	40.8417319428264	0	4.02200591348291	31	0.0307023352174268	31	39	65
"HiG_CP"	"RPS6"	0.015248049167377	"HiG"	0.887311466598743	1	113.5	9	40.8687733149641	0	6.07710832012442	7	0.046390139848278	7	38	65
"HiG_CP"	"RPS8"	0.0154401723760051	"HiG"	1	1	113.5	6	41.0966826568533	0	6.72083133306386	1	0.0513040559775867	1	28	65
"HiG_CP"	"SELENOP"	0.00289678980317234	"HiG"	0.064163520402948	0.585	90	99	41.0527847895348	0	0.423181916190398	55	0.00323039630679693	55	34	65
"HiG_CP"	"SERPING1"	0.00268244800014203	"HiG"	0.000152829095753183	0.144	62	104	25.1105409171793	0	0.0575995727327132	101	0.000439691394906207	101	65	65
"HiG_CP"	"SESN3"	0.00140681231487707	"HiG"	8.34625516952801e-07	0.274	82	121	7	0	0.00610477338233112	125	4.66013235292452e-05	125	125	65
"HiG_CP"	"SFRP1"	0.0153062437100236	"HiG"	0.000716639448663642	0	3	8	23.23657725582	0	0.658059059554282	46	0.00502335159965101	46	75	65
"HiG_CP"	"SLC40A1"	0.00453414248434055	"HiG"	0.000238807527337639	0.215	71	81	9.33567303242317	0	0.0216895667988164	115	0.000165569212204705	115	117	65
"HiG_CP"	"SLC7A2"	0.0028323222949101	"HiG"	4.14800783179059e-06	0.096	55.5	102	9.28759151067185	0	0.0681801265222413	99	0.000520458981085811	99	118	65
"HiG_CP"	"SPOCK3"	0.00167330909376361	"HiG"	1.50044130717681e-07	0.239	77.5	115	9	0	0.0194488046357972	118	0.000148464157525169	118	120	65
"HiG_CP"	"TBL1X"	0.00179156530385837	"HiG"	0.00153888356828757	0.228	73	113	25.0493878676916	0	0.0315362916234308	109	0.00024073505056054	109	66	65
"HiG_CP"	"TFPI"	0.00214701517087588	"HiG"	2.88978171834413e-06	0.156	64	109	7.55308430341578	0	0.0302629055257558	111	0.000231014545998136	111	124	65
"HiG_CP"	"TMEM88"	0.00289175130900666	"HiG"	0.000529331181179908	0.143	61	100	27.598689015554	0	0.121242226386133	87	0.000925513178520101	87	56	65
"HiG_CP"	"TPT1"	0.00793589098663638	"HiG"	0.430153257459978	0.997	95	59	41.1375303016707	0	2.86812073991583	35	0.0218940514497391	35	25	65
"HiG_CP"	"TSHZ2"	0.0035209556956616	"HiG"	7.14048199770855e-07	0.059	48	89	16.5909645043598	0	0.113009585916423	90	0.000862668594781855	90	105	65
"HiG_CP"	"TTC3"	0.00315804489593207	"HiG"	1.45176522477012e-05	0.09	53.5	93	6.7083270974698	0	0.0424193008301703	105	0.000323811456718857	105	126	65
"HiG_CP"	"TXNIP"	0.00322332207717361	"HiG"	0.000454352515489513	0.097	57	91	26.2159420606273	0	0.11990558380501	88	0.000915309800038248	88	60	65
"HiG_CP"	"VIM"	0.0236493572167651	"HiG"	0.0252872785748418	0	3	2	23.0025762970027	0	1.31427430502085	37	0.0100326282826019	37	77	65
"HiG_CP"	"WLS"	0.0037086106245844	"HiG"	5.51763683607342e-05	0.05	45	87	26.6819152372907	0	0.121815535398848	86	0.00092988958319731	86	58	65
"HiG_CP"	"WSB1"	0.00403324755515456	"HiG"	1.71872386658625e-05	0.071	50	84	8.04705915275483	0	0.0728787554490219	96	0.000556326377473449	96	123	65
"HiG_CP"	"ZNF608"	0.00175786652390668	"HiG"	7.71028612701138e-08	0.203	69	114	14	0	0.0240785741828066	114	0.000183805909792417	114	110	65
"HiG_endoderm"	"ADD3"	0.00920483089759107	"HiG"	0.0270762235513673	0.425	7	32	9.80157637216926	0	0.089573651689889	31	0.00218472321194851	31	26	19
"HiG_endoderm"	"ANKRD1"	0.0158756592468466	"HiG"	0.0025395685444098	0.385	2	24	11.0790094930349	0	0.129326361143912	26	0.00315430149131494	26	20	19
"HiG_endoderm"	"APOA1"	0.0699956064886887	"HiG"	1	0.62	29	1	9.87219980461966	0	2.435135401712	1	0.0593935463832196	1	25	19
"HiG_endoderm"	"APOA2"	0.0569511365710611	"HiG"	0.923584347515551	0.637	33	3	11.4495198527387	0	2.06515339427857	2	0.0503695949824042	2	19	19
"HiG_endoderm"	"APOC1"	0.0526053379195857	"HiG"	0.951951838754126	0.634	32	4	12.1996160494829	0	1.97361885778469	4	0.0481370453118218	4	15	19
"HiG_endoderm"	"APOE"	0.058125555733181	"HiG"	0.870884768572453	0.616	28	2	9.24435336254548	0	2.00516301718372	3	0.0489064150532615	3	27	19
"HiG_endoderm"	"CCKBR"	0.00843879198055421	"HiG"	8.77881228859494e-05	0.449	11	35	5	0	0.0429500133403434	32	0.00104756130098398	32	33	19
"HiG_endoderm"	"CD24"	0.0247661515015265	"HiG"	0.0122866731606339	0.64	34	17	15.6770362995955	0	0.490004410343875	15	0.0119513270815579	15	4	19
"HiG_endoderm"	"CDH2"	0.0383724271960516	"HiG"	0.0218480512698614	0.509	14	11	12.8173495148061	0	0.711186063551415	12	0.0173460015500345	12	13	19
"HiG_endoderm"	"CKB"	0.0122619310218432	"HiG"	0.00219092444597315	0.447	10	29	10.94514262302	0	0.119199886901119	27	0.00290731431466144	27	21	19
"HiG_endoderm"	"DLK1"	0.0239454192320991	"HiG"	0.0833483642084366	0.585	22	18	13.7106754456116	0	0.494914524558056	14	0.0120710859648306	14	7	19
"HiG_endoderm"	"EPCAM"	0.0373104633068936	"HiG"	0.0226325198034728	0.659	35	12	13.141214124465	0	0.789419538371066	11	0.0192541350822211	11	10	19
"HiG_endoderm"	"EPSTI1"	0.0264900662251656	"HiG"	1.67407234337031e-18	0.395	4	14.5	1	0	0.0254365416236192	35.5	0.000620403454234614	35	36.5	19
"HiG_endoderm"	"FLRT3"	0.00898924282390475	"HiG"	0.00348414881261239	0.525	18	33	20.4568881420804	0	0.1091058024993	29	0.00266111713412926	29	2	19
"HiG_endoderm"	"FN1"	0.0490518305170213	"HiG"	0.0759400755073093	0.46	12	5	10.6635053876571	0	0.905999361824612	8	0.0220975454103564	8	23	19
"HiG_endoderm"	"GATA3"	0.0359732528633679	"HiG"	0.0405123938995807	0.56	20	13	12.2109052600097	0	0.709317754957512	13	0.0173004330477442	13	14	19
"HiG_endoderm"	"HHEX"	0.0124596760305703	"HiG"	0.0274053546427129	0.66	36	27	13.0987068904619	0	0.223722946643004	23	0.00545665723519522	23	11	19
"HiG_endoderm"	"ID1"	0.0248770400617233	"HiG"	0.00620172635842273	0.606	24	16	10.7307796540595	0	0.462383548749699	16	0.0112776475304805	16	22	19
"HiG_endoderm"	"ID3"	0.0169742651241939	"HiG"	0.0124724314704507	0.608	25	23	10.6218322592216	0	0.29710919250882	19	0.00724656567094683	19	24	19
"HiG_endoderm"	"IFI16"	0.0264900662251656	"HiG"	5.02221703011094e-18	0.389	3	14.5	1	0	0.0254365416236192	35.5	0.000620403454234614	36	36.5	19
"HiG_endoderm"	"KRT19"	0.048184955897257	"HiG"	0.0519738379595508	0.622	30	6	12.0011157563759	0	1.04431591327174	6	0.025471119835896	6	17	19
"HiG_endoderm"	"KRT8"	0.0412706030456006	"HiG"	0.0436777241457045	0.614	27	8	13.882587944228	0	0.883598164497854	9	0.0215511747438501	9	6	19
"HiG_endoderm"	"LAMB1"	0.0153259429905469	"HiG"	0.00602833330186137	0.555	19	25	16.7642219498961	0	0.257704121245693	20	0.00628546637184616	20	3	19
"HiG_endoderm"	"PEG10"	0.0100998170310282	"HiG"	0.00213470137165888	0.439	9	30	11.4864313186427	0	0.0951627809796193	30	0.0023210434385273	30	18	19
"HiG_endoderm"	"RGS5"	0.00418225450562865	"HiG"	0.000185664677476483	0.433	8	37	22	0	0.00453595709562243	37	0.00011063309989323	37	1	19
"HiG_endoderm"	"RHOBTB3"	0.0194892183511728	"HiG"	0.000104650820938245	0.354	1	21	2.94725123032771	0	0.112437826180694	28	0.00274238600440717	28	35	19
"HiG_endoderm"	"S100A13"	0.0204434908962097	"HiG"	0.00122364972697641	0.524	17	20	6	0	0.412166996541003	17	0.0100528535741708	17	32	19
"HiG_endoderm"	"S100A14"	0.0430877410816351	"HiG"	0.00607094788802853	0.516	16	7	7.18886184165864	0	0.943033060972146	7	0.0230008063651743	7	28	19
"HiG_endoderm"	"S100A16"	0.0407046281587471	"HiG"	0.00474854582976683	0.512	15	9	6.33377729655219	0	0.834235449723288	10	0.0203472060908119	10	30	19
"HiG_endoderm"	"SERPINE2"	0.0124095453887373	"HiG"	0.0608245672416657	0.596	23	28	12.8422904515559	0	0.230099202272292	21	0.00561217566517785	21	12	19
"HiG_endoderm"	"SLC2A3"	0.00966154001632838	"HiG"	0.0273037252944881	0.571	21	31	14.5096694384503	0	0.148622633491579	25	0.00362494228028241	25	5	19
"HiG_endoderm"	"SPINT2"	0.0129067985998579	"HiG"	0.00926167974504865	0.613	26	26	13.6230543716099	0	0.22953032626586	22	0.00559830064063072	22	8	19
"HiG_endoderm"	"TBX3"	0.019100197826742	"HiG"	0.00918163861499785	0.629	31	22	13.350988187946	0	0.349228491079557	18	0.00851776807511114	18	9	19
"HiG_endoderm"	"TMSB10"	0.00538010690050152	"HiG"	8.68051633034643e-05	0.468	13	36	6	0	0.0339152950586093	33	0.000827202318502667	33	31	19
"HiG_endoderm"	"TPM3"	0.0207955867039386	"HiG"	0.00379212928224132	0.397	6	19	6.33930400284356	0	0.170021761099916	24	0.00414687222194916	24	29	19
"HiG_endoderm"	"TTC3"	0.00881324347807348	"HiG"	1.85290225452495e-06	0.396	5	34	3	0	0.032848878390662	34	0.000801192155869804	34	34	19
"HiG_endoderm"	"TTR"	0.0391180284920858	"HiG"	0.425426080892667	0.662	37	10	12.1829687726704	0	1.16775563685557	5	0.0284818448013554	5	16	19
"HiG_muscle"	"ACTA1"	0.019978336631661	"HiG"	0.743616834406745	0.53	68	9	47.9661797331785	0	4.33494607762503	8	0.0370508211762823	8	76	59.5
"HiG_muscle"	"ACTA2"	0.0235640996249216	"HiG"	0.864854224404612	0.589	84	4	52.4105212041638	0	5.18376202430118	4	0.0443056583273605	4	49	59.5
"HiG_muscle"	"ACTB"	0.0305876086475053	"HiG"	0.760572784959105	0.285	20	1	47.9265574672945	0	6.17557732093022	1	0.0527827121447027	1	78	59.5
"HiG_muscle"	"ACTC1"	0.0153539731264767	"HiG"	0.588594102361486	0.546	73	16	47.5967373695975	0	3.29440342200593	15	0.0281572942051789	15	79	59.5
"HiG_muscle"	"ACTG1"	0.02018416886096	"HiG"	0.594354349841527	0.49	59	8	52.8163299328483	0	4.25444448286275	9	0.0363627733578013	9	41	59.5
"HiG_muscle"	"ACTN1"	0.0206611722703402	"HiG"	0.661334519777011	0.543	70.5	6	53.2382874249984	0	4.37248344639996	7	0.0373716533880339	7	39	59.5
"HiG_muscle"	"ACTR3"	0.00912130995268927	"HiG"	0.251560893015791	0.331	27	44	54.1816891016587	0	1.68032534908067	43	0.0143617551203476	43	30	59.5
"HiG_muscle"	"AKAP12"	0.00611451596311084	"HiG"	0.092692968597875	0.19	5	69	46.8322850045925	0	0.783235002775118	74	0.00669431626303519	74	85	59.5
"HiG_muscle"	"ANKRD1"	0.014318785732108	"HiG"	0.376002521102491	0.276	19	21	45.7668394575784	0	2.69385463873791	22	0.0230243986216915	22	91	59.5
"HiG_muscle"	"ANXA1"	0.0116632831021613	"HiG"	0.174617186327648	0.25	13	28	47.3358871473837	0	2.06076469840306	31	0.0176133734906244	31	82	59.5
"HiG_muscle"	"ANXA2"	0.0150173171826236	"HiG"	0.256237077212529	0.242	11	19	47.0739426858831	0	2.79479224283701	21	0.0238871131866411	21	83	59.5
"HiG_muscle"	"ANXA3"	0.00478827343748342	"HiG"	0.0633781901200556	0.476	55	79	47.3653553830538	0	0.73480587245892	78	0.00628039207229846	78	81	59.5
"HiG_muscle"	"ARID5B"	0.00190152985818126	"HiG"	0.0110444119761944	0.523	66	106	45.82625673841	0	0.112714357334644	103	0.000963370575509778	103	90	59.5
"HiG_muscle"	"ARPC2"	0.0102627627970272	"HiG"	0.284015422836751	0.324	25	32	52.645326216226	0	1.89103075298853	36	0.016162656008449	36	42	59.5
"HiG_muscle"	"ARPC5"	0.00690830967823891	"HiG"	0.209268382433206	0.417	43	59	57.4828443307705	0	1.20441437536253	58	0.0102941399603635	58	9	59.5
"HiG_muscle"	"ATF3"	0.00913492323491339	"HiG"	0.0454150561319394	0.178	3	43	33.3685841585683	0	1.26938937755142	57	0.0108494818594139	57	108	59.5
"HiG_muscle"	"CADM1"	0.00252162112300123	"HiG"	0.0237523543058806	0.691	103	100	61.9699614028082	0	0.251827127274797	98	0.0021523686091863	98	2	59.5
"HiG_muscle"	"CALD1"	0.0218807745770497	"HiG"	0.726670117343523	0.446	52	5	51.3727650950887	0	4.62079720352031	5	0.0394939931924813	5	60	59.5
"HiG_muscle"	"CALU"	0.00333555794440879	"HiG"	0.0556368562579695	0.737	111	90	57.3532229131342	0	0.455972333017317	89	0.00389719942749844	89	10	59.5
"HiG_muscle"	"CAP2"	0.00327561590903715	"HiG"	0.100510264778843	0.847	117	91	57.8736438135914	0	0.485975175536934	87	0.00415363397894815	87	6	59.5
"HiG_muscle"	"CAPN2"	0.00318531304650499	"HiG"	0.0526671846353224	0.668	97	93	61.0913867075988	0	0.426199085092073	90	0.00364272722300917	90	4	59.5
"HiG_muscle"	"CAVIN1"	0.00930744512670087	"HiG"	0.1691254955218	0.137	2	40	46.9862674381685	0	1.4467250820325	49	0.0123651716413034	49	84	59.5
"HiG_muscle"	"CCDC50"	0.00164620044613911	"HiG"	0.0013529322960863	0.58	82	113	17.501838830435	0	0.04054807131712	116	0.000346564712112137	116	118	59.5
"HiG_muscle"	"CCN1"	0.00894918720029826	"HiG"	0.130317918296065	0.243	12	47	46.4680861442439	0	1.49758148335062	46	0.0127998417380395	46	86	59.5
"HiG_muscle"	"CCN2"	0.0153393895051674	"HiG"	0.352911579032799	0.241	9.5	17	48.4477800896667	0	2.94680869052401	18	0.0251863990643077	18	74	59.5
"HiG_muscle"	"CDC42EP3"	0.00227472753760488	"HiG"	0.00365581598405456	0.414	40	103	18.4019358814311	0	0.111615971035011	105	0.000953982658418901	105	117	59.5
"HiG_muscle"	"CDH11"	0.00646481393785109	"HiG"	0.116892870787416	0.421	46	64	52.3238565508333	0	1.07909476888169	65	0.00922303221266399	65	50	59.5
"HiG_muscle"	"CDH2"	0.00977187237322886	"HiG"	0.194623371120146	0.221	6	34	48.7333546961604	0	1.71862415490486	40	0.0146890953410672	40	73	59.5
"HiG_muscle"	"CFL1"	0.0124517127683878	"HiG"	0.390344277878702	0.398	37	24	54.3550813951146	0	2.48035707449091	25	0.0211996331153069	25	28	59.5
"HiG_muscle"	"CNN1"	0.0144884479456084	"HiG"	0.614835702932507	0.679	99	20	52.4919741299306	0	3.1817182734365	16	0.027194173277235	16	45	59.5
"HiG_muscle"	"CNN3"	0.004595863354862	"HiG"	0.11883706535612	0.662	94	80	56.8536703222307	0	0.75962375023661	75	0.00649251068578299	75	13	59.5
"HiG_muscle"	"COL1A1"	0.0121508091515385	"HiG"	0.277666436846717	0.488	58	25	52.272961594955	0	2.39130979881368	27	0.0204385452890059	27	52	59.5
"HiG_muscle"	"COL3A1"	0.0127845924570666	"HiG"	0.30648305257916	0.441	51	23	52.8743398148472	0	2.50498434085203	24	0.0214101225713848	24	40	59.5
"HiG_muscle"	"COL4A1"	0.010775376349224	"HiG"	0.242313030918516	0.481	57	31	55.1894647476552	0	2.08332372635201	30	0.0178061856953163	30	24	59.5
"HiG_muscle"	"CSRP2"	0.00418823131361281	"HiG"	0.147842486271831	0.813	114	83	57.2167846565413	0	0.712554121971965	79	0.00609020617070055	79	12	59.5
"HiG_muscle"	"DSTN"	0.0115547864494375	"HiG"	0.400938265772214	0.547	74.5	29	56.0858511515425	0	2.3419885297194	28	0.0200169959805077	28	17	59.5
"HiG_muscle"	"EDN1"	0.00792985503873667	"HiG"	0.143670614512257	0.271	17	52	51.6795886764028	0	1.32275252229713	55	0.0113055771136507	55	57	59.5
"HiG_muscle"	"EFNB2"	0.00295147600573554	"HiG"	0.0295088359720751	0.579	81	96	55.2449526576444	0	0.333215659974716	92	0.00284799709380099	92	23	59.5
"HiG_muscle"	"EIF1"	0.003205178972699	"HiG"	0.0282161520048521	0.379	35	92	39.6096806347132	0	0.289961987884067	93	0.00247830758875271	93	102	59.5
"HiG_muscle"	"FERMT2"	0.00615062178748803	"HiG"	0.126317640847839	0.526	67	68	51.6161364608384	0	1.03697583193476	67	0.00886304129858765	67	58	59.5
"HiG_muscle"	"FHL1"	0.00579996388289778	"HiG"	0.176434810230557	0.573	79	75	50.2231537226483	0	1.02372337168131	68	0.00874977240753255	68	67	59.5
"HiG_muscle"	"FILIP1"	0.00293002152185812	"HiG"	0.0179120165890468	0.436	49	97	29.8265471506698	0	0.211699888011038	99	0.00180940075223109	99	113	59.5
"HiG_muscle"	"FILIP1L"	0.00182830510755941	"HiG"	0.0123614627950497	0.582	83	109	36.4504698898125	0	0.101654061938974	106	0.000868838136230544	106	104	59.5
"HiG_muscle"	"FN1"	0.0150957495209178	"HiG"	0.255500462785845	0.296	22	18	46.4511112101714	0	2.80343670647193	20	0.0239609974912131	20	87	59.5
"HiG_muscle"	"GADD45A"	0.00589004628657398	"HiG"	0.0251862630595676	0.275	18	72	33.4457611502657	0	0.741908026834204	77	0.00634109424644619	77	107	59.5
"HiG_muscle"	"GNAS"	0.00179131718670634	"HiG"	0.00855526862604326	0.618	88	111	41.7282638452724	0	0.0912481920725107	109	0.000779899077542826	109	95	59.5
"HiG_muscle"	"GNG12"	0.00286811769226218	"HiG"	0.0265682408766024	0.535	69	98	43.1592441653997	0	0.282990756991962	95	0.00241872441873472	95	93	59.5
"HiG_muscle"	"GPC3"	0.00265490770364722	"HiG"	0.0189949124021392	0.359	32	99	49.9111043848405	0	0.211151552991533	100	0.00180471412813276	100	69	59.5
"HiG_muscle"	"HBEGF"	0.00585541239438381	"HiG"	0.0642106554916942	0.374	34	74	46.4161999226997	0	0.883396950985567	71	0.00755040129047493	71	88	59.5
"HiG_muscle"	"HSPB1"	0.00765415579734333	"HiG"	0.243877736336229	0.574	80	56	56.2273811109498	0	1.44420455935428	50	0.0123436287124297	50	16	59.5
"HiG_muscle"	"IGFBP3"	0.00660331686790241	"HiG"	0.0878732708344956	0.286	21	61	49.9417101453736	0	1.00618268969787	69	0.00859985204869976	69	68	59.5
"HiG_muscle"	"IGFBP7"	0.00763999909378756	"HiG"	0.125191323696726	0.228	7	57	53.3291211642712	0	1.14926662782259	61	0.00982279169079139	61	38	59.5
"HiG_muscle"	"IL6ST"	0.00179331532332145	"HiG"	0.00752994634640218	0.599	85	110	57.2729846445177	0	0.10111985259923	108	0.00086427224443786	108	11	59.5
"HiG_muscle"	"ITGA1"	0.00956044337429245	"HiG"	0.304196309209136	0.742	112	36	58.2662526606373	0	1.94681621780742	34	0.0166394548530549	34	5	59.5
"HiG_muscle"	"ITGB1"	0.0142748449088654	"HiG"	0.332989728127953	0.439	50	22	52.439631356174	0	2.8125180019051	19	0.0240386154008983	19	47	59.5
"HiG_muscle"	"JUN"	0.00950859084418013	"HiG"	0.0647263002604166	0.085	1	37	32.7462866497739	0	1.33285500392985	54	0.0113919231105116	54	109	59.5
"HiG_muscle"	"KIF5B"	0.00386437168719609	"HiG"	0.0795431791274707	0.434	48	84	54.3371933406906	0	0.529678779098555	85	0.0045271690521244	85	29	59.5
"HiG_muscle"	"KLF6"	0.00653745881047386	"HiG"	0.0371131539172766	0.241	9.5	62	41.4066780616611	0	0.840047320104181	73	0.00717989162482206	73	96	59.5
"HiG_muscle"	"KRT18"	0.00787275052609394	"HiG"	0.132369433874251	0.46	53	54	49.4796435116592	0	1.3999795580839	53	0.0119656372485803	53	70	59.5
"HiG_muscle"	"KRT8"	0.00854571328908992	"HiG"	0.150252701364027	0.5	65	50	51.6968983600312	0	1.55869539085026	45	0.01332218282778	45	56	59.5
"HiG_muscle"	"LAMB1"	0.00525233218296371	"HiG"	0.0861821662451751	0.656	93	77	54.4942339869753	0	0.875277150634996	72	0.0074810012874786	72	26	59.5
"HiG_muscle"	"LIMA1"	0.00442111227563776	"HiG"	0.0928924217231599	0.3	23	81	51.4470199166159	0	0.60441112291597	81	0.00516590703346983	81	59	59.5
"HiG_muscle"	"LMOD1"	0.00933350814867253	"HiG"	0.461299788953454	0.811	113	39	56.7487804193578	0	2.02125108847938	32	0.0172756503288836	32	14	59.5
"HiG_muscle"	"LPP"	0.00341584685351916	"HiG"	0.0767483829829056	0.859	118	89	61.8876466578412	0	0.494024724108083	86	0.00422243353938533	86	3	59.5
"HiG_muscle"	"MACF1"	0.00345522117972982	"HiG"	0.0460738628075649	0.491	60.5	88	51.8916271304237	0	0.411888594571382	91	0.00352041533821694	91	54	59.5
"HiG_muscle"	"MAP1B"	0.00636082649047221	"HiG"	0.0559694420419284	0.18	4	65	40.3912837066965	0	0.743655646235762	76	0.00635603116440822	76	99	59.5
"HiG_muscle"	"MAP4"	0.00306943680656193	"HiG"	0.0161472860599599	0.396	36	94	32.044344313898	0	0.275673043185557	96	0.00235617985628681	96	110	59.5
"HiG_muscle"	"MEIS2"	0.00158693422290275	"HiG"	0.00414031748993356	0.61	87	115	55.9755309009804	0	0.061189951273551	113	0.000522991036526077	113	18	59.5
"HiG_muscle"	"MICAL2"	0.00178874065924572	"HiG"	0.0125118504138288	0.545	72	112	41.7880864803253	0	0.0829799220748784	111	0.000709230103204089	111	94	59.5
"HiG_muscle"	"MSRB3"	0.00372863198667049	"HiG"	0.0361469385822708	0.254	14	86	40.4517504143325	0	0.285163936306567	94	0.00243729860091083	94	98	59.5
"HiG_muscle"	"MYH10"	0.00998924463003097	"HiG"	0.342706514376391	0.496	63	33	57.6070521095556	0	1.97698509267999	33	0.0168973084844443	33	8	59.5
"HiG_muscle"	"MYL12A"	0.011421099458861	"HiG"	0.466907717234858	0.707	105.5	30	55.3029332695986	0	2.45506780663309	26	0.0209834855267785	26	22	59.5
"HiG_muscle"	"MYL12B"	0.00904049712779911	"HiG"	0.298331855122121	0.606	86	45	52.4161060701821	0	1.78516302122894	39	0.0152578036002473	39	48	59.5
"HiG_muscle"	"MYL6"	0.0190920795269663	"HiG"	0.771278391432884	0.671	98	11	53.9794724567236	0	4.24239146113066	10	0.0362597560780398	10	32	59.5
"HiG_muscle"	"MYL7"	0.0118690603708413	"HiG"	0.52264315492124	0.731	110	26	52.1767311577547	0	2.61276792065406	23	0.02233134974918	23	53	59.5
"HiG_muscle"	"MYL9"	0.0184580336600569	"HiG"	0.779822508752818	0.666	96	12	54.0369003531198	0	4.10540264739873	11	0.0350889115162285	11	31	59.5
"HiG_muscle"	"NES"	0.00792383121202183	"HiG"	0.19250259149047	0.366	33	53	50.6688728938108	0	1.42257326720447	51	0.0121587458735425	51	63	59.5
"HiG_muscle"	"NEXN"	0.00890694861141147	"HiG"	0.331097903437882	0.4	38	48	51.0623462186533	0	1.71647901431409	41	0.0146707608061034	41	61	59.5
"HiG_muscle"	"NPPB"	0.00653218374100299	"HiG"	0.231270146851383	0.715	107	63	50.873796238947	0	1.2753237231015	56	0.0109002027615512	56	62	59.5
"HiG_muscle"	"OPTN"	0.00228754895281349	"HiG"	0.00989828050355616	0.477	56	102	36.5463715868092	0	0.147095435748437	101	0.00125722594656784	101	103	59.5
"HiG_muscle"	"PALLD"	0.00964252633599632	"HiG"	0.251710006056769	0.417	43	35	50.3460401384608	0	1.79835759180434	38	0.0153705777077294	38	66	59.5
"HiG_muscle"	"PALM2-AKAP2"	0.00197148502236006	"HiG"	0.00276850396654158	0.491	60.5	104	23.3205033463943	0	0.0859987709052917	110	0.000735032229959759	110	115	59.5
"HiG_muscle"	"PARVA"	0.00534341201457363	"HiG"	0.128542897661887	0.707	105.5	76	55.8353023169249	0	0.917542730862034	70	0.00784224556292337	70	20	59.5
"HiG_muscle"	"PCDH7"	0.00192289088550648	"HiG"	0.0150867279745488	0.64	91	105	53.6831964365704	0	0.137643680107079	102	0.00117644171031691	102	35	59.5
"HiG_muscle"	"PDLIM3"	0.00902433124707437	"HiG"	0.255046072140421	0.269	16	46	43.2724347057545	0	1.56196228491504	44	0.0133501049992739	44	92	59.5
"HiG_muscle"	"PDLIM5"	0.00635397777483129	"HiG"	0.223517428453864	0.722	108	67	52.6362678574472	0	1.20163536446857	59	0.0102703877305006	59	43	59.5
"HiG_muscle"	"PDLIM7"	0.00595014425345475	"HiG"	0.207530159584962	0.727	109	71	54.4823116021287	0	1.10347885737521	64	0.00943144322542913	64	27	59.5
"HiG_muscle"	"PLK2"	0.00182870311552419	"HiG"	0.00824397218412752	0.557	77	108	50.3763089042624	0	0.101411455823195	107	0.000866764579685431	107	65	59.5
"HiG_muscle"	"PLS3"	0.00636078622700646	"HiG"	0.171242358496273	0.635	90	66	56.2547995996347	0	1.13555243378323	62	0.00970557635712161	62	15	59.5
"HiG_muscle"	"PPP1R15A"	0.00610525773725683	"HiG"	0.0263605613771705	0.229	8	70	30.2615173306468	0	0.710897923320369	80	0.00607605062666982	80	112	59.5
"HiG_muscle"	"PRSS23"	0.00354747291705465	"HiG"	0.0660157399400138	0.552	76	87	62.6340571729764	0	0.47884260229501	88	0.00409267181448726	88	1	59.5
"HiG_muscle"	"PTTG1IP"	0.00142735673527767	"HiG"	0.00072939292687371	0.643	92	118	28.7818552227761	0	0.020559887430994	118	0.00017572553359824	118	114	59.5
"HiG_muscle"	"RAB31"	0.00153437380330758	"HiG"	0.00303222906648559	0.822	116	116	46.266712285233	0	0.05364955689188	114	0.00045854322129812	114	89	59.5
"HiG_muscle"	"RAI14"	0.00378398463866468	"HiG"	0.0638314681692235	0.547	74.5	85	48.8123041972282	0	0.529895710945068	84	0.00452902317047067	84	72	59.5
"HiG_muscle"	"RFTN1"	0.00162896514690551	"HiG"	0.00150560453643178	0.565	78	114	31.5327762156683	0	0.0378210466933851	117	0.000323256809345172	117	111	59.5
"HiG_muscle"	"RHOBTB3"	0.00146877865954175	"HiG"	0.0050772506623046	0.82	115	117	39.822459374872	0	0.0432925092741996	115	0.000370021446788031	115	101	59.5
"HiG_muscle"	"RHOC"	0.0066641091720084	"HiG"	0.144382099973567	0.302	24	60	52.2805998744553	0	1.11545044515297	63	0.00953376448848691	63	51	59.5
"HiG_muscle"	"S100A10"	0.00718160916018477	"HiG"	0.0941607795597668	0.42	45	58	48.3008272166874	0	1.20016027389148	60	0.0102577801187306	60	75	59.5
"HiG_muscle"	"S100A11"	0.00885862284834957	"HiG"	0.125051462460741	0.34	28	49	47.4684840540798	0	1.48319894948977	47	0.0126769140982032	47	80	59.5
"HiG_muscle"	"SBDS"	0.00185190023742034	"HiG"	0.00199500173042994	0.543	70.5	107	21.1081332635706	0	0.0739461582836656	112	0.000632018446868937	112	116	59.5
"HiG_muscle"	"SEPTIN11"	0.00303583768040333	"HiG"	0.0163342935563214	0.428	47	95	34.6482172076876	0	0.265526391439694	97	0.0022694563370914	97	106	59.5
"HiG_muscle"	"SEPTIN7"	0.0051255058235301	"HiG"	0.0477073747508005	0.257	15	78	39.9200251428817	0	0.538683644947404	83	0.00460413371749918	83	100	59.5
"HiG_muscle"	"SPARC"	0.0118212386515329	"HiG"	0.247818361948743	0.497	64	27	52.5161625348646	0	2.29108034704795	29	0.0195818833081022	29	44	59.5
"HiG_muscle"	"TAGLN"	0.0279445828027173	"HiG"	0.968962177937607	0.495	62	2	51.8911629023914	0	6.07158918026876	2	0.0518939246176817	2	55	59.5
"HiG_muscle"	"TGFB2"	0.00826026836714301	"HiG"	0.165956727611008	0.329	26	51	52.445784391098	0	1.45522871997974	48	0.0124378523075192	48	46	59.5
"HiG_muscle"	"TLN1"	0.00946328765641949	"HiG"	0.307045575338992	0.665	95	38	53.6438563402974	0	1.89410483268517	35	0.0161889301938903	35	36	59.5
"HiG_muscle"	"TMSB10"	0.00588760835378885	"HiG"	0.134256528769332	0.682	100.5	73	53.7532488294872	0	1.04921353261332	66	0.00896763703088304	66	34	59.5
"HiG_muscle"	"TMSB4X"	0.00916253851399295	"HiG"	0.285716510491297	0.622	89	42	57.8682017031925	0	1.80924933535233	37	0.0154636695329259	37	7	59.5
"HiG_muscle"	"TNFRSF12A"	0.00441025273511627	"HiG"	0.035299917636759	0.407	39	82	40.8047768175173	0	0.602138771930033	82	0.00514648523017122	82	97	59.5
"HiG_muscle"	"TNNT2"	0.0162136720677536	"HiG"	0.668833323892261	0.689	102	14	50.6343846385894	0	3.60574469584479	14	0.0308183307337161	14	64	59.5
"HiG_muscle"	"TPM1"	0.0269233963857365	"HiG"	1	0.346	30	3	47.9468108017795	0	5.84847005411072	3	0.0499869235394078	3	77	59.5
"HiG_muscle"	"TPM2"	0.0202105683339322	"HiG"	0.875655472396876	0.682	100.5	7	54.5746827238693	0	4.58179981727207	6	0.0391606821989066	6	25	59.5
"HiG_muscle"	"TPM4"	0.0168036536347384	"HiG"	0.665781648420306	0.695	104	13	55.5756036052762	0	3.67254932835555	13	0.0313893104987654	13	21	59.5
"HiG_muscle"	"TUBA1A"	0.00925977564060021	"HiG"	0.25052126424853	0.341	29	41	53.807183865657	0	1.68182497763827	42	0.0143745724584467	42	33	59.5
"HiG_muscle"	"TUBB6"	0.00768889417277463	"HiG"	0.218102284743865	0.473	54	55	55.8754212332781	0	1.41629476453886	52	0.0121050834575971	52	19	59.5
"HiG_muscle"	"VCL"	0.0198262206689823	"HiG"	0.549855379595769	0.417	43	10	49.29817171255	0	4.02052293161841	12	0.0343634438599864	12	71	59.5
"HiG_muscle"	"VIM"	0.0157963043890052	"HiG"	0.415430209641858	0.415	41	15	53.432166355128	0	3.17173779007813	17	0.0271088700006678	17	37	59.5
"HiG_muscle"	"VMP1"	0.0024739458502077	"HiG"	0.00875190275789935	0.355	31	101	34.7336844899222	0	0.111767361888652	104	0.000955276597338904	104	105	59.5
"HiGCTS_CP"	"BMP4"	0.089757747044568	"HiGCTS"	0.653888311527221	0.894	16	3	6.58175015880571	0	0.369992960280344	3	0.0132140342957266	3	7	9.5
"HiGCTS_CP"	"CCDC34"	0.0294891377297977	"HiGCTS"	0.0251090515007043	0.824	5.5	15	4	0	0.0750153413488331	15	0.0026791193338869	15	13	9.5
"HiGCTS_CP"	"HEY1"	0.020766572812544	"HiGCTS"	0.132420477688428	0.816	3	16	8.32974745373771	0	0.0626921180127871	16	0.0022390042147424	16	4	9.5
"HiGCTS_CP"	"HOXB2"	0.0455648385164615	"HiGCTS"	0.0701003826501169	0.834	10	10	4.97033415877305	0	0.137836015324105	9	0.00492271483300376	9	11	9.5
"HiGCTS_CP"	"HOXB3"	0.0402077550890821	"HiGCTS"	0.103563856272156	0.831	9	12	5.43291868266023	0	0.124790373183027	11	0.00445679904225097	11	10	9.5
"HiGCTS_CP"	"KDM6B"	0.0457371326478511	"HiGCTS"	0.06602752907288	0.817	4	9	3.36667665255943	0	0.126940127369033	10	0.00453357597746545	10	16	9.5
"HiGCTS_CP"	"LGR4"	0.042383458697292	"HiGCTS"	0.110344971179442	0.805	1	11	4.31201612638388	0	0.123652719123745	12	0.00441616854013374	12	12	9.5
"HiGCTS_CP"	"NID2"	0.0462202976583465	"HiGCTS"	0.530197904818615	0.889	14.5	8	8.70386550844649	0	0.198546527194808	8	0.00709094739981458	8	3	9.5
"HiGCTS_CP"	"PBX3"	0.030222319337451	"HiGCTS"	0.036200814168349	0.826	7	14	3.84456477547399	0	0.0836660340063984	14	0.00298807264308566	14	14	9.5
"HiGCTS_CP"	"PDGFRA"	0.114700168806337	"HiGCTS"	0.877634525347719	0.902	17	2	5.58593288158163	0	0.510401828688624	2	0.0182286367388794	2	9	9.5
"HiGCTS_CP"	"PRRX1"	0.0512894857118612	"HiGCTS"	0.553930824687481	0.905	18	7	9.23661982445854	0	0.217696473251349	6	0.00777487404469105	6	1	9.5
"HiGCTS_CP"	"RGS4"	0.0517455857568772	"HiGCTS"	0.279576953259314	0.836	11	6	3.26368370077279	0	0.240303408965314	5	0.00858226460590406	5	17	9.5
"HiGCTS_CP"	"RGS5"	0.0546011686756967	"HiGCTS"	0.302835626666565	0.838	12	4	3.69564234309331	0	0.254514259413402	4	0.00908979497905006	4	15	9.5
"HiGCTS_CP"	"SERPING1"	0.0138180665364314	"HiGCTS"	0.0938820580831533	0.824	5.5	18	8.87019641201958	0	0.0320885428026436	18	0.0011460193858087	18	2	9.5
"HiGCTS_CP"	"SFRP1"	0.0519581269070467	"HiGCTS"	0.482136279172173	0.889	14.5	5	8.05156033634618	0	0.21564747630836	7	0.00770169558244144	7	5	9.5
"HiGCTS_CP"	"TMEM88"	0.035288522880809	"HiGCTS"	0.0180857461324391	0.815	2	13	3	0	0.0902991605970523	13	0.0032249700213233	13	18	9.5
"HiGCTS_CP"	"TXNIP"	0.0196201134825745	"HiGCTS"	0.187971310380437	0.829	8	17	8	0	0.0619674887929115	17	0.00221312459974684	17	6	9.5
"HiGCTS_CP"	"VIM"	0.132660036060117	"HiGCTS"	1	0.884	13	1	6.39986199144565	0	0.582947726487365	1	0.020819561660263	1	8	9.5
"HiGCTS_CP.1"	"BMP5"	0.0579995447350138	"HiGCTS"	0.520929353540339	0.893	17	6	6.7402344672426	0	0.221642390400398	6	0.00852470732309224	6	8	10.5
"HiGCTS_CP.1"	"BMPER"	0.043956131180626	"HiGCTS"	0.436944727822598	0.92	20	10	7.84967146374286	0	0.163988495949129	7	0.00630724984419729	7	4	10.5
"HiGCTS_CP.1"	"CITED2"	0.0194693031919111	"HiGCTS"	0.0334269742438222	0.842	2	17	4.91816606745679	0	0.024662495330312	18	0.000948557512704306	18	15	10.5
"HiGCTS_CP.1"	"DUSP6"	0.0493181032635612	"HiGCTS"	0.278689044425469	0.852	7	8	6.02060857106843	0	0.159298531674656	9	0.00612686660287137	9	11	10.5
"HiGCTS_CP.1"	"FGF10"	0.142058311004655	"HiGCTS"	1	0.866	12	1	5.33280205634268	0	0.532196680016349	1	0.0204691030775519	1	12	10.5
"HiGCTS_CP.1"	"H1F0"	0.0472330660338463	"HiGCTS"	0.00148650262238505	0.84	1	9	1.70154680088438	0	0.0503745456501121	16	0.00193748252500431	16	20	10.5
"HiGCTS_CP.1"	"HAND2"	0.0718149550586479	"HiGCTS"	0.686677771572848	0.899	19	5	7.60330900320598	0	0.274866038357894	5	0.0105717707060728	5	5	10.5
"HiGCTS_CP.1"	"HAPLN1"	0.0782150942648476	"HiGCTS"	0.546912584963568	0.857	8	4	4.58866022035602	0	0.281842043270877	4	0.0108400785873414	4	16	10.5
"HiGCTS_CP.1"	"HAS2"	0.0924194078647209	"HiGCTS"	0.853227308163237	0.867	13	2	6.29325967580384	0	0.367555589293301	2	0.0141367534343577	2	10	10.5
"HiGCTS_CP.1"	"ID1"	0.0349603415288847	"HiGCTS"	0.218260901730464	0.894	18	12	6.5018292045555	0	0.11672729236693	10	0.00448951124488193	10	9	10.5
"HiGCTS_CP.1"	"IFI16"	0.0378854050597098	"HiGCTS"	0.000212165526302419	0.844	3	11	2	0	0.038594511867832	17	0.00148440430260892	17	19	10.5
"HiGCTS_CP.1"	"ISL1"	0.0793883525279611	"HiGCTS"	0.733376892622063	0.883	16	3	7.38676121919764	0	0.29409902891154	3	0.0113115011119823	3	6	10.5
"HiGCTS_CP.1"	"LAMA1"	0.021569782081472	"HiGCTS"	0.12384600350748	0.858	9	16	4	0	0.0612322887252624	13	0.00235508802789471	13	17.5	10.5
"HiGCTS_CP.1"	"LRRTM1"	0.0130009429001843	"HiGCTS"	0.0274400447937346	0.845	4	19	5	0	0.0208248012523226	19	0.0008009538943201	19	13.5	10.5
"HiGCTS_CP.1"	"MEIS1"	0.0300972414203438	"HiGCTS"	0.291031218584431	0.864	10.5	13	8.41360991267869	0	0.100347904476593	11	0.00385953478756127	11	3	10.5
"HiGCTS_CP.1"	"NKX3-1"	0.026290859906841	"HiGCTS"	0.312376460903398	0.871	15	14	11	0	0.0844684866543871	12	0.00324878794824566	12	1.5	10.5
"HiGCTS_CP.1"	"NTRK2"	0.0534607515375266	"HiGCTS"	0.356303725936605	0.847	5	7	7.14369933700616	0	0.161073139496109	8	0.00619512074985033	8	7	10.5
"HiGCTS_CP.1"	"PTPN13"	0.0219506246669865	"HiGCTS"	0.0627106439827592	0.864	10.5	15	5	0	0.0547593704441989	14	0.00210612963246919	14	13.5	10.5
"HiGCTS_CP.1"	"SLC7A2"	0.0194007815485481	"HiGCTS"	0.105248380388501	0.868	14	18	4	0	0.0520371996939383	15	0.00200143075745917	15	17.5	10.5
"HiGCTS_CP.1"	"WLS"	0.00962976506931815	"HiGCTS"	0.0408115137427883	0.85	6	20	11	0	0.0110356804541495	20	0.000424449248236521	20	1.5	10.5
"HiGCTS_endoderm"	"APOA1"	0.224008631701794	"HiGCTS"	1	0.559	4	1	4.11285108130274	0	2.14674009631303	1	0.357790016052172	1	3	3.5
"HiGCTS_endoderm"	"APOA2"	0.206773382769043	"HiGCTS"	0.927146545937548	0.544	2	2	4.13052782112987	0	1.95679123486537	3	0.326131872477562	3	2	3.5
"HiGCTS_endoderm"	"APOC1"	0.205264295263793	"HiGCTS"	0.957828400481974	0.596	5	3	4.0706100202041	0	1.97219430108338	2	0.328699050180564	2	5	3.5
"HiGCTS_endoderm"	"APOE"	0.189979876350481	"HiGCTS"	0.872667438972456	0.55	3	4	4.10813796498386	0	1.79155193469649	4	0.298591989116082	4	4	3.5
"HiGCTS_endoderm"	"SPINT2"	0.0275580187734289	"HiGCTS"	0.0059259299934473	0.664	6	6	5	0	0.0261687666944236	6	0.00436146111573727	6	1	3.5
"HiGCTS_endoderm"	"TTR"	0.122025551239021	"HiGCTS"	0.420726333363693	0.172	1	5	3.90837671467911	0	0.856837863959187	5	0.142806310659864	5	6	3.5
"HiGCTS_muscle"	"ACTA1"	0.129714292838714	"HiGCTS"	0.96520992550827	0.278	2	1	9.17973798160628	0	2.15258891610148	1	0.113294153479025	1	15	9.5
"HiGCTS_muscle"	"ACTC1"	0.0937334821464898	"HiGCTS"	0.79354772154325	0.511	11	3	9.7982285924196	0	1.59924109619802	3	0.0841705840104222	3	13	9.5
"HiGCTS_muscle"	"ANKRD1"	0.068503888309917	"HiGCTS"	0.57429232023351	0.544	12	5	9.80498916476088	0	1.13949988075598	5	0.0599736779345254	5	12	9.5
"HiGCTS_muscle"	"CAP2"	0.0198212223612923	"HiGCTS"	0.146679423262624	0.553	13	17	12.7567250820429	0	0.227262082392507	16	0.0119611622311846	16	1	9.5
"HiGCTS_muscle"	"CDC42EP3"	0.0147597563982822	"HiGCTS"	0.00223333087463986	0.473	9	18	3	0	0.0474979450342954	18	0.00249989184391028	18	18	9.5
"HiGCTS_muscle"	"CDH2"	0.0312106478689202	"HiGCTS"	0.201508651755813	0.464	7	13	10.0132726458448	0	0.417567055014338	13	0.0219772134218073	13	9	9.5
"HiGCTS_muscle"	"CNN1"	0.0818388272393814	"HiGCTS"	0.640739958966387	0.507	10	4	10.0025208920891	0	1.35940488034474	4	0.0715476252813021	4	10	9.5
"HiGCTS_muscle"	"FILIP1"	0.027726097404598	"HiGCTS"	0.0596796561926043	0.309	3	15	8.65738973470189	0	0.170560226808551	17	0.0089768540425553	17	17	9.5
"HiGCTS_muscle"	"HSPB1"	0.0283614596242177	"HiGCTS"	0.124810063997442	0.555	14	14	9.00614012379392	0	0.351281476386011	14	0.0184884987571585	14	16	9.5
"HiGCTS_muscle"	"LMOD1"	0.0458737983724254	"HiGCTS"	0.38183223428923	0.569	16	9	11.3759637094765	0	0.716251856393934	9	0.0376974661259965	9	3	9.5
"HiGCTS_muscle"	"MYL9"	0.0606191490800425	"HiGCTS"	0.448487584457033	0.46	6	7	10.3183384755457	0	0.953059976504235	7	0.0501610513949598	7	5	9.5
"HiGCTS_muscle"	"NES"	0.0413827204095054	"HiGCTS"	0.273199139633448	0.47	8	11	9.89199502293179	0	0.58446386437174	11	0.0307612560195653	11	11	9.5
"HiGCTS_muscle"	"NEXN"	0.0534739768607826	"HiGCTS"	0.488125968736136	0.621	18	8	10.8873729744422	0	0.878954679288895	8	0.0462607725941524	8	4	9.5
"HiGCTS_muscle"	"NPPB"	0.0422892217870063	"HiGCTS"	0.44259392824253	0.61	17	10	12.334104668263	0	0.677764370476007	10	0.0356718089724214	10	2	9.5
"HiGCTS_muscle"	"PDLIM3"	0.0675572703131269	"HiGCTS"	0.447746109158735	0.203	1	6	9.74939639441658	0	0.967045458181928	6	0.0508971293779962	6	14	9.5
"HiGCTS_muscle"	"PDLIM5"	0.0341109931090759	"HiGCTS"	0.198738981642539	0.388	4	12	10.2586004472163	0	0.451843448122502	12	0.0237812341117106	12	7	9.5
"HiGCTS_muscle"	"PDLIM7"	0.0237926885280822	"HiGCTS"	0.0990964128609761	0.439	5	16	10.1392433214226	0	0.271516606549288	15	0.0142903477131204	15	8	9.5
"HiGCTS_muscle"	"TNNT2"	0.118837064725189	"HiGCTS"	1	0.56	15	2	10.2824312016026	0	2.06785314092239	2	0.10883437583802	2	6	9.5
